timestamp,open,high,low,close,volume
1750176000,16.27,16.27,16.24,16.24,542.54
1750179600,16.24,16.44,16.19,16.35,25147.989999999998
1750183200,16.34,16.54,16.33,16.53,14065.71
1750186800,16.54,16.8,16.54,16.7,18479.76
1750190400,16.7,16.76,16.59,16.59,11137.01
1750194000,16.6,16.64,16.5,16.58,8231.63
1750197600,16.57,16.57,16.35,16.38,12063.83
1750201200,16.38,16.56,16.38,16.47,4401.99
1750204800,16.48,16.59,16.43,16.54,9553.47
1750208400,16.55,16.64,16.52,16.53,9073.61
1750212000,16.53,16.56,16.45,16.47,6434.93
1750215600,16.47,16.6,16.47,16.57,1789.3999999999999
1750219200,16.57,16.71,16.55,16.67,11005.34
1750222800,16.67,16.67,16.6,16.61,4389.7300000000005
1750226400,16.61,16.63,16.53,16.54,3500.94
1750230000,16.54,16.6,16.5,16.58,2983.0099999999998
1750233600,16.58,16.63,16.46,16.49,12122.52
1750237200,16.49,16.55,16.39,16.42,8619.94
1750240800,16.42,16.42,16.36,16.41,2218.97
1750266000,16.21,16.35,16.13,16.32,15442.63
1750269600,16.32,16.42,16.19,16.19,25740.43
1750273200,16.18,16.39,16.16,16.27,10438.59
1750276800,16.27,16.6,16.21,16.58,24787.44
1750280400,16.59,16.6,16.46,16.58,8045.04
1750284000,16.57,16.59,16.51,16.54,6084.28
1750287600,16.53,16.59,16.47,16.54,7536.97
1750291200,16.54,16.66,16.45,16.55,10433.15
1750294800,16.55,16.55,16.42,16.44,8607.48
1750298400,16.45,16.52,16.39,16.45,6656.02
1750302000,16.45,16.58,16.45,16.57,8483.28
1750305600,16.57,16.6,16.51,16.59,9676.52
1750309200,16.6,16.67,16.57,16.57,6703.65
1750312800,16.57,16.61,16.46,16.48,12818.32
1750316400,16.49,16.53,16.48,16.48,2948.81
1750320000,16.48,16.53,16.48,16.48,4466.66
1750323600,16.48,16.67,16.48,16.63,7626.42
1750327200,16.63,16.74,16.59,16.71,70262.33
1750352400,16.44,16.67,16.41,16.6,12424.03
1750356000,16.6,16.68,16.55,16.62,4765.32
1750359600,16.63,16.68,16.56,16.67,5990.56
1750363200,16.67,16.78,16.62,16.68,23696.86
1750366800,16.67,16.72,16.64,16.68,8897.33
1750370400,16.67,16.79,16.67,16.74,15960.73
1750374000,16.74,16.78,16.69,16.71,6522.05
1750377600,16.72,16.78,16.71,16.72,8641.77
1750381200,16.72,16.73,16.66,16.72,8784.09
1750384800,16.71,16.71,16.62,16.64,6160.7699999999995
1750388400,16.64,16.65,16.58,16.59,5210.88
1750392000,16.6,16.61,16.44,16.45,11583.78
1750395600,16.46,16.52,16.41,16.5,7392.01
1750399200,16.5,16.58,16.5,16.56,11238.79
1750402800,16.56,16.84,16.55,16.82,17770.45
1750406400,16.83,16.92,16.78,16.85,13604.65
1750410000,16.85,16.88,16.75,16.79,8001.77
1750413600,16.79,16.81,16.77,16.79,2403.05
1750438800,16.29,16.3,15.83,16.13,102703.06
1750442400,16.12,16.22,16.09,16.14,19446.44
1750446000,16.14,16.17,16.04,16.15,8253.26
1750449600,16.15,16.32,16.14,16.25,6804.58
1750453200,16.25,16.25,16.14,16.14,3971.06
1750456800,16.14,16.14,15.98,16.02,14646.31
1750460400,16.02,16.13,16.01,16.12,6552.42
1750464000,16.12,16.22,16.08,16.13,17941.29
1750467600,16.13,16.22,16.12,16.2,8328.25
1750471200,16.2,16.22,16.15,16.17,3790.21
1750474800,16.17,16.24,16.17,16.22,1793.2
1750478400,16.21,16.22,16.17,16.18,2999.55
1750482000,16.19,16.2,16.15,16.17,3065.17
1750485600,16.17,16.24,16.12,16.21,43832.75
1750489200,16.22,16.28,16.15,16.28,58550.39
1750492800,16.28,16.3,16.08,16.23,81061.9
1750496400,16.24,16.24,16.15,16.19,7111.18
1750500000,16.2,16.23,16.18,16.19,4407.7
1750525200,15.93,15.97,15.77,15.8,25352.39
1750528800,15.8,15.89,15.71,15.74,19949.1
1750532400,15.74,15.81,15.58,15.62,103622.97
1750536000,15.63,15.82,15.63,15.8,20730.14
1750539600,15.8,15.82,15.18,15.39,81875.22
1750543200,15.38,15.56,15.37,15.53,26878.56
1750546800,15.53,15.59,15.28,15.58,55581.5
1750550400,15.58,15.77,15.46,15.68,29713.079999999998
1750554000,15.68,15.76,15.52,15.53,18386.28
1750557600,15.53,15.65,15.39,15.51,24354.29
1750561200,15.5,15.56,15.4,15.48,13161.94
1750564800,15.49,15.63,15.2,15.47,99412.08
1750568400,15.47,15.52,15.31,15.41,23016.04
1750572000,15.42,15.57,15.38,15.53,10316.42
1750575600,15.53,15.54,15.38,15.41,7389.39
1750579200,15.42,15.45,15.34,15.41,11823.07
1750582800,15.41,15.46,15.16,15.2,36165.0
1750586400,15.19,15.33,15.15,15.3,7767.18
1750611600,14.87,15.1,14.84,14.99,26757.5
1750615200,15.0,15.04,14.92,14.93,10341.539999999999
1750618800,14.93,14.97,14.82,14.84,11535.04
1750622400,14.85,14.99,14.47,14.94,77061.59
1750626000,14.95,15.04,14.81,14.84,11550.66
1750629600,14.85,15.19,14.85,15.19,59617.97
1750633200,15.19,15.21,15.13,15.19,18205.38
1750636800,15.19,15.33,15.16,15.22,13021.99
1750640400,15.22,15.27,15.14,15.26,9355.3
1750644000,15.27,15.28,15.17,15.19,20436.45
1750647600,15.19,15.25,15.16,15.19,21044.989999999998
1750651200,15.2,15.3,15.18,15.27,10097.49
1750654800,15.27,15.34,15.26,15.31,7820.82
1750658400,15.31,15.36,15.26,15.35,9272.14
1750662000,15.35,15.42,15.3,15.32,7480.54
1750665600,15.32,15.38,15.28,15.35,8990.87
1750669200,15.35,15.39,15.3,15.37,15513.73
1750672800,15.37,15.38,15.35,15.36,3152.8199999999997
1750698000,15.26,15.7,15.26,15.66,27228.75
1750701600,15.66,15.91,15.66,15.87,17507.17
1750705200,15.88,16.0,15.83,15.92,10720.51
1750708800,15.93,16.19,15.92,16.11,21713.0
1750712400,16.12,16.16,15.95,16.02,20288.21
1750716000,16.03,16.51,16.03,16.44,50414.37
1750719600,16.45,16.46,16.37,16.38,24328.7
1750723200,16.39,16.5,16.39,16.46,12700.21
1750726800,16.46,16.51,16.4,16.45,11557.48
1750730400,16.45,16.45,16.32,16.34,13078.18
1750734000,16.33,16.42,16.32,16.37,8019.3099999999995
1750737600,16.37,16.39,16.31,16.35,8365.43
1750741200,16.35,16.49,16.31,16.48,8554.08
1750744800,16.49,16.5,16.42,16.45,13567.24
1750748400,16.46,16.49,16.29,16.31,11951.57
1750752000,16.31,16.33,16.2,16.26,18806.1
1750755600,16.27,16.44,16.24,16.34,8923.64
1750759200,16.34,16.37,16.32,16.35,2953.0499999999997
1750784400,16.53,16.54,16.39,16.45,20987.86
1750788000,16.45,16.47,16.36,16.41,12299.97
1750791600,16.4,16.42,16.28,16.36,8811.43
1750795200,16.37,16.42,16.33,16.42,2314.52
1750798800,16.42,16.45,16.35,16.44,5845.39
1750802400,16.44,16.44,16.35,16.39,3199.69
1750806000,16.39,16.44,16.34,16.43,4564.41
1750809600,16.44,16.5,16.35,16.49,10565.3
1750813200,16.49,16.55,16.43,16.47,22495.16
1750816800,16.47,16.56,16.43,16.44,7213.42
1750820400,16.44,16.5,16.41,16.46,3189.31
1750824000,16.46,16.46,16.39,16.43,5743.54
1750827600,16.42,16.43,16.35,16.37,9288.0
1750831200,16.37,16.42,16.31,16.41,10016.07
1750834800,16.4,16.43,16.35,16.38,13157.08
1750838400,16.38,16.41,16.25,16.32,9153.39
1750842000,16.32,16.39,16.19,16.26,19488.25
1750845600,16.26,16.26,16.21,16.26,5699.15
1750870800,16.29,16.49,16.27,16.39,13823.28
1750874400,16.39,16.42,16.35,16.39,3637.5499999999997
1750878000,16.4,16.45,16.35,16.37,6568.03
1750881600,16.37,16.46,16.36,16.45,4842.5599999999995
1750885200,16.46,16.49,16.28,16.29,13894.66
1750888800,16.28,16.28,16.17,16.19,9459.4
1750892400,16.2,16.24,16.14,16.22,6978.97
1750896000,16.23,16.31,16.19,16.25,13732.650000000001
1750899600,16.25,16.47,16.2,16.39,18668.97
1750903200,16.39,16.51,16.34,16.49,10384.95
1750906800,16.48,16.61,16.44,16.49,8763.72
1750910400,16.49,16.52,16.41,16.48,9979.3
1750914000,16.48,16.49,16.4,16.45,4775.62
1750917600,16.46,16.58,16.43,16.52,17218.94
1750921200,16.52,16.58,16.48,16.52,7588.48
1750924800,16.52,16.59,16.46,16.48,9773.39
1750928400,16.48,16.49,16.31,16.34,9966.19
1750932000,16.35,16.39,16.32,16.37,3739.69
1750957200,16.2,16.24,16.14,16.15,6238.41
1750960800,16.15,16.26,16.13,16.23,10275.61
1750964400,16.22,16.35,16.2,16.3,4464.53
1750968000,16.29,16.48,16.27,16.36,11294.96
1750971600,16.37,16.38,16.16,16.23,11711.08
1750975200,16.22,16.28,16.13,16.14,6390.84
1750978800,16.14,16.15,16.1,16.11,5882.52
1750982400,16.12,16.15,16.0,16.0,13248.44
1750986000,16.0,16.2,15.97,16.17,14773.380000000001
1750989600,16.18,16.27,16.15,16.25,4833.08
1750993200,16.26,16.26,16.2,16.23,7248.79
1750996800,16.23,16.24,16.19,16.21,6506.51
1751000400,16.21,16.3,16.16,16.16,7172.5
1751004000,16.15,16.21,16.13,16.18,3253.94
1751007600,16.18,16.24,16.08,16.11,4663.83
1751011200,16.11,16.33,16.11,16.27,14257.060000000001
1751014800,16.27,16.28,16.14,16.18,47083.29
1751018400,16.18,16.19,16.11,16.12,3545.28
1751043600,16.12,16.15,15.98,16.02,6434.44
1751047200,16.01,16.01,15.88,15.92,13288.91
1751050800,15.92,16.05,15.9,16.03,3983.27
1751054400,16.03,16.13,16.02,16.13,6945.92
1751058000,16.14,16.2,16.1,16.14,4186.67
1751061600,16.14,16.19,16.14,16.17,2942.65
1751065200,16.17,16.2,16.13,16.19,5971.16
1751068800,16.19,16.22,16.14,16.14,3994.62
1751072400,16.13,16.15,16.05,16.14,7734.29
1751076000,16.14,16.18,16.13,16.15,4764.87
1751079600,16.16,16.18,16.13,16.14,2023.49
1751083200,16.14,16.14,16.08,16.09,3500.8399999999997
1751086800,16.09,16.16,16.09,16.09,3188.31
1751090400,16.09,16.15,16.09,16.15,2294.45
1751094000,16.15,16.2,16.11,16.18,4622.5
1751097600,16.18,16.19,16.09,16.11,3617.81
1751101200,16.11,16.19,16.08,16.15,2939.47
1751104800,16.15,16.17,16.13,16.16,1766.42
1751130000,16.17,16.27,16.13,16.25,4125.5
1751133600,16.26,16.26,16.21,16.25,2960.84
1751137200,16.25,16.28,16.22,16.23,1061.1100000000001
1751140800,16.22,16.23,16.18,16.19,2162.14
1751144400,16.19,16.27,16.18,16.27,3113.77
1751148000,16.26,16.33,16.26,16.3,3259.96
1751151600,16.3,16.31,16.26,16.27,5488.04
1751155200,16.28,16.3,16.21,16.25,8284.57
1751158800,16.25,16.26,16.2,16.2,2332.15
1751162400,16.21,16.22,16.17,16.21,10411.64
1751166000,16.21,16.26,16.21,16.21,1465.3700000000001
1751169600,16.21,16.25,16.21,16.24,1155.8400000000001
1751173200,16.24,16.29,16.21,16.29,3667.12
1751176800,16.29,16.37,16.29,16.35,5508.36
1751180400,16.35,16.43,16.35,16.43,8319.67
1751184000,16.43,16.47,16.4,16.45,7178.98
1751187600,16.45,16.54,16.43,16.5,9183.52
1751191200,16.5,16.54,16.5,16.54,5401.0
1751216400,16.46,16.52,16.43,16.5,1270.31
1751220000,16.5,16.54,16.46,16.51,2665.12
1751223600,16.5,16.55,16.49,16.53,1830.24
1751227200,16.54,16.54,16.5,16.51,4230.78
1751230800,16.5,16.66,16.44,16.63,10507.44
1751234400,16.64,17.16,16.63,17.09,57214.15
1751238000,17.09,17.16,16.95,16.96,16884.78
1751241600,16.96,17.01,16.89,16.9,18604.45
1751245200,16.9,16.9,16.79,16.84,20795.78
1751248800,16.84,16.85,16.75,16.76,4997.82
1751252400,16.75,16.83,16.73,16.8,16229.74
1751256000,16.8,16.82,16.73,16.74,5994.4800000000005
1751259600,16.75,16.79,16.71,16.73,2333.96
1751263200,16.73,16.75,16.53,16.6,15825.06
1751266800,16.6,16.77,16.59,16.75,4257.62
1751270400,16.76,16.8,16.63,16.64,14395.11
1751274000,16.64,16.68,16.56,16.56,6391.73
1751277600,16.56,16.59,16.55,16.56,3093.49
1751302800,16.63,16.67,16.6,16.63,4290.1
1751306400,16.62,16.68,16.55,16.58,4171.28
1751310000,16.57,16.77,16.57,16.77,4927.41
1751313600,16.77,16.79,16.66,16.66,4479.4
1751317200,16.66,16.68,16.57,16.6,2684.18
1751320800,16.61,16.63,16.57,16.58,3802.88
1751324400,16.58,16.63,16.57,16.59,8104.88
1751328000,16.6,16.65,16.52,16.58,7049.41
1751331600,16.59,16.65,16.53,16.54,6753.33
1751335200,16.53,16.57,16.48,16.5,6103.74
1751338800,16.5,16.6,16.48,16.55,11678.06
1751342400,16.55,16.55,16.37,16.38,7872.08
1751346000,16.38,16.39,16.31,16.33,8570.43
1751349600,16.34,16.35,16.25,16.33,9258.87
1751353200,16.33,16.36,16.19,16.35,15614.25
1751356800,16.35,16.35,16.22,16.24,7515.95
1751360400,16.24,16.28,16.21,16.25,8059.19
1751364000,16.24,16.27,16.21,16.24,6073.46
1751389200,16.1,16.12,16.06,16.1,2269.68
1751392800,16.1,16.12,15.95,16.0,9382.98
1751396400,15.99,16.06,15.94,15.94,11194.46
1751400000,15.93,16.03,15.91,16.02,8022.39
1751403600,16.01,16.05,15.95,15.99,5409.97
1751407200,15.99,16.01,15.92,15.92,3683.19
1751410800,15.92,15.95,15.85,15.95,15025.859999999999
1751414400,15.95,15.99,15.91,15.92,6856.58
1751418000,15.92,16.03,15.83,15.97,9283.07
1751421600,15.98,16.0,15.94,15.98,6367.84
1751425200,15.99,16.1,15.98,16.03,16692.48
1751428800,16.03,16.19,16.0,16.19,8201.57
1751432400,16.19,16.23,16.14,16.18,14308.849999999999
1751436000,16.17,16.26,16.15,16.25,14604.76
1751439600,16.25,16.27,16.19,16.21,9261.52
1751443200,16.22,16.26,16.2,16.22,6803.25
1751446800,16.23,16.24,16.19,16.22,7525.24
1751450400,16.23,16.27,16.2,16.27,3949.45
1751475600,17.03,17.11,16.9,16.99,27221.26
1751479200,16.99,17.12,16.99,17.1,15852.88
1751482800,17.1,17.11,17.01,17.09,12902.12
1751486400,17.09,17.18,17.04,17.12,28555.03
1751490000,17.12,17.19,17.09,17.17,25912.030000000002
1751493600,17.17,17.22,17.1,17.12,12312.4
1751497200,17.12,17.13,16.94,16.96,20533.15
1751500800,16.96,17.03,16.92,16.97,18224.5
1751504400,16.96,17.07,16.93,17.07,10673.4
1751508000,17.07,17.08,16.9,16.96,5783.96
1751511600,16.96,17.01,16.92,16.93,9114.8
1751515200,16.93,17.04,16.92,17.03,4398.82
1751518800,17.04,17.21,17.04,17.17,17265.66
1751522400,17.17,17.26,17.15,17.19,10705.62
1751526000,17.19,17.25,17.16,17.2,9500.289999999999
1751529600,17.21,17.25,17.12,17.12,8646.84
1751533200,17.12,17.24,17.1,17.18,28080.3
1751536800,17.19,17.19,17.08,17.12,8279.87
1751562000,17.05,17.07,17.0,17.0,8230.15
1751565600,17.01,17.08,17.0,17.06,3096.68
1751569200,17.05,17.08,16.98,16.99,3257.7
1751572800,16.99,17.08,16.98,17.06,8657.94
1751576400,17.05,17.08,17.01,17.04,5129.5
1751580000,17.03,17.05,16.98,17.0,3151.0699999999997
1751583600,17.0,17.04,16.96,16.99,4720.98
1751587200,16.99,17.02,16.92,16.96,4745.88
1751590800,16.95,17.02,16.93,16.94,2508.99
1751594400,16.94,16.94,16.8,16.81,13899.85
1751598000,16.82,16.93,16.8,16.83,15736.240000000002
1751601600,16.83,16.86,16.77,16.78,5769.219999999999
1751605200,16.78,16.87,16.77,16.81,6786.91
1751608800,16.81,16.82,16.67,16.67,8421.1
1751612400,16.68,16.71,16.52,16.53,19543.89
1751616000,16.53,16.64,16.47,16.62,10564.78
1751619600,16.62,16.68,16.6,16.64,7285.429999999999
1751623200,16.64,16.64,16.57,16.59,5677.27
1751648400,16.2,16.26,16.17,16.23,10698.97
1751652000,16.22,16.22,16.16,16.2,6289.95
1751655600,16.19,16.22,16.13,16.16,6686.01
1751659200,16.15,16.23,16.14,16.19,5031.96
1751662800,16.19,16.22,16.13,16.22,6282.59
1751666400,16.21,16.33,16.2,16.33,6901.46
1751670000,16.33,16.33,16.26,16.28,2284.32
1751673600,16.29,16.4,16.28,16.36,1991.67
1751677200,16.36,16.37,16.27,16.3,3107.5800000000004
1751680800,16.3,16.38,16.23,16.37,8335.36
1751684400,16.37,16.41,16.34,16.35,4989.03
1751688000,16.35,16.36,16.27,16.28,4836.21
1751691600,16.28,16.37,16.26,16.37,8459.32
1751695200,16.38,16.43,16.33,16.43,11707.63
1751698800,16.43,16.43,16.35,16.36,5396.05
1751702400,16.37,16.4,16.29,16.33,7039.12
1751706000,16.33,16.37,16.27,16.36,3552.11
1751709600,16.36,16.38,16.32,16.33,1641.77
1751734800,16.2,16.23,16.17,16.22,2262.69
1751738400,16.21,16.22,16.11,16.13,4845.02
1751742000,16.12,16.21,16.1,16.2,2841.55
1751745600,16.2,16.27,16.17,16.26,2520.59
1751749200,16.27,16.34,16.25,16.31,5305.88
1751752800,16.31,16.36,16.28,16.36,4806.83
1751756400,16.36,16.39,16.34,16.37,5569.46
1751760000,16.37,16.4,16.33,16.39,5564.69
1751763600,16.39,16.39,16.29,16.3,4046.84
1751767200,16.3,16.33,16.27,16.27,1339.2
1751770800,16.27,16.3,16.27,16.3,2272.81
1751774400,16.3,16.35,16.29,16.3,1552.1100000000001
1751778000,16.31,16.32,16.27,16.28,875.07
1751781600,16.28,16.36,16.28,16.33,2803.84
1751785200,16.32,16.34,16.29,16.29,2413.71
1751788800,16.3,16.34,16.25,16.3,3055.96
1751792400,16.3,16.33,16.27,16.27,2343.7200000000003
1751796000,16.27,16.35,16.26,16.32,1350.75
1751821200,16.62,16.68,16.61,16.66,2263.28
1751824800,16.66,16.67,16.51,16.56,4818.91
1751828400,16.57,16.62,16.56,16.62,1744.42
1751832000,16.63,16.68,16.62,16.67,3704.46
1751835600,16.66,16.87,16.65,16.78,15107.19
1751839200,16.79,16.86,16.74,16.76,11367.369999999999
1751842800,16.76,16.76,16.6,16.64,9553.37
1751846400,16.64,16.68,16.61,16.65,8540.199999999999
1751850000,16.65,16.67,16.59,16.66,6177.03
1751853600,16.66,16.79,16.66,16.74,4590.25
1751857200,16.74,16.79,16.7,16.71,3798.57
1751860800,16.71,16.75,16.69,16.7,1995.75
1751864400,16.7,16.71,16.63,16.65,3607.32
1751868000,16.65,16.67,16.57,16.59,3537.77
1751871600,16.6,16.69,16.56,16.69,4867.62
1751875200,16.68,16.72,16.66,16.71,8931.33
1751878800,16.7,16.71,16.63,16.64,2523.75
1751882400,16.64,16.64,16.59,16.62,3570.79
1751907600,16.51,16.58,16.47,16.51,4019.63
1751911200,16.52,16.53,16.39,16.49,7335.09
1751914800,16.48,16.6,16.47,16.52,5280.95
1751918400,16.52,16.52,16.37,16.45,5777.06
1751922000,16.45,16.53,16.38,16.49,3634.91
1751925600,16.5,16.52,16.4,16.45,4270.32
1751929200,16.45,16.68,16.44,16.68,25619.65
1751932800,16.68,16.73,16.42,16.51,75269.56
1751936400,16.5,16.5,16.4,16.41,7084.35
1751940000,16.41,16.45,16.35,16.38,12707.8
1751943600,16.37,16.47,16.37,16.42,3054.98
1751947200,16.42,16.46,16.39,16.44,4990.2
1751950800,16.45,16.51,16.41,16.5,2851.33
1751954400,16.5,16.57,16.48,16.5,10275.94
1751958000,16.49,16.49,16.38,16.47,42639.01
1751961600,16.47,16.47,16.4,16.41,3686.71
1751965200,16.41,16.46,16.39,16.43,3854.64
1751968800,16.43,16.55,16.41,16.55,2363.0
1751994000,16.93,17.02,16.93,16.95,12846.9
1751997600,16.95,17.0,16.85,16.91,13535.77
1752001200,16.91,17.27,16.83,16.94,108214.70000000001
1752004800,16.93,16.96,16.87,16.87,8172.59
1752008400,16.87,16.96,16.87,16.94,9374.28
1752012000,16.94,16.98,16.91,16.97,4600.47
1752015600,16.98,16.98,16.92,16.94,3752.25
1752019200,16.94,16.98,16.85,16.9,8415.06
1752022800,16.9,16.97,16.79,16.83,8086.3099999999995
1752026400,16.83,16.9,16.82,16.88,4870.39
1752030000,16.88,16.95,16.82,16.82,9825.19
1752033600,16.83,16.94,16.81,16.94,8174.17
1752037200,16.95,17.09,16.87,17.02,20908.18
1752040800,17.02,17.04,16.96,17.03,6931.49
1752044400,17.02,17.04,16.97,17.03,5713.1
1752048000,17.02,17.1,17.0,17.08,7371.0199999999995
1752051600,17.08,17.09,17.02,17.06,7011.3
1752055200,17.06,17.15,17.04,17.14,7539.41
1752080400,17.24,17.24,17.18,17.22,10122.44
1752084000,17.22,17.43,17.22,17.32,26658.64
1752087600,17.32,17.65,17.3,17.6,31551.82
1752091200,17.61,17.78,17.51,17.57,43422.97
1752094800,17.57,17.74,17.56,17.65,19856.96
1752098400,17.65,17.77,17.65,17.77,11394.85
1752102000,17.77,17.78,17.65,17.66,15052.289999999999
1752105600,17.66,17.72,17.53,17.53,23066.51
1752109200,17.54,17.62,17.51,17.58,14828.56
1752112800,17.58,17.72,17.58,17.67,16191.67
1752116400,17.67,17.73,17.61,17.63,18183.39
1752120000,17.64,17.7,17.58,17.69,10357.08
1752123600,17.69,17.72,17.63,17.63,12868.86
1752127200,17.62,17.73,17.58,17.71,7786.07
1752130800,17.71,17.78,17.66,17.69,19286.54
1752134400,17.7,17.76,17.66,17.72,11881.41
1752138000,17.73,17.74,17.65,17.66,13695.5
1752141600,17.67,17.73,17.6,17.72,17829.42
1752166800,17.83,17.93,17.81,17.91,13531.49
1752170400,17.9,17.95,17.79,17.88,21693.97
1752174000,17.87,17.91,17.83,17.85,13931.53
1752177600,17.85,17.93,17.85,17.91,19019.37
1752181200,17.9,18.43,17.89,18.36,273884.05
1752184800,18.36,18.56,18.35,18.54,51186.17
1752188400,18.53,18.55,18.41,18.49,38770.69
1752192000,18.49,18.51,18.18,18.28,36314.29
1752195600,18.27,18.51,18.25,18.51,62836.35
1752199200,18.5,18.58,18.46,18.55,35842.909999999996
1752202800,18.54,18.61,18.49,18.54,38540.65
1752206400,18.54,18.6,18.43,18.59,32004.21
1752210000,18.59,18.8,18.59,18.7,66087.87
1752213600,18.7,18.81,18.49,18.51,57838.58
1752217200,18.5,18.57,18.39,18.43,31110.24
1752220800,18.44,18.63,18.44,18.61,20023.61
1752224400,18.61,18.72,18.57,18.66,25075.899999999998
1752228000,18.66,18.71,18.6,18.67,9754.36
1752253200,18.72,18.79,18.61,18.78,6643.27
1752256800,18.78,18.87,18.74,18.8,9809.17
1752260400,18.8,18.8,18.66,18.77,14846.75
1752264000,18.76,18.76,18.49,18.5,18190.92
1752267600,18.5,18.55,18.22,18.37,36364.44
1752271200,18.37,18.4,17.99,18.17,57601.36
1752274800,18.17,18.3,18.15,18.26,12050.29
1752278400,18.26,18.3,18.04,18.16,29518.85
1752282000,18.16,18.45,18.16,18.42,21736.84
1752285600,18.42,18.49,18.4,18.42,17478.93
1752289200,18.41,18.47,18.38,18.43,13850.720000000001
1752292800,18.44,18.46,18.2,18.24,21408.84
1752296400,18.24,18.32,18.13,18.28,16279.25
1752300000,18.29,18.45,18.22,18.43,14415.23
1752303600,18.42,18.5,18.38,18.44,22280.55
1752307200,18.45,18.53,18.36,18.4,16526.7
1752310800,18.39,18.53,18.37,18.49,16234.08
1752314400,18.48,18.52,18.41,18.51,10320.0
1752339600,18.06,18.13,18.04,18.11,4961.89
1752343200,18.11,18.16,18.04,18.13,5982.89
1752346800,18.12,18.14,18.05,18.14,3255.6
1752350400,18.14,18.14,17.9,17.91,5709.53
1752354000,17.9,18.1,17.9,18.1,4567.59
1752357600,18.11,18.14,18.01,18.13,7921.28
1752361200,18.13,18.18,18.06,18.14,4433.099999999999
1752364800,18.14,18.21,18.07,18.14,8604.44
1752368400,18.14,18.22,18.09,18.19,7262.86
1752372000,18.19,18.24,18.08,18.2,5034.89
1752375600,18.21,18.21,18.14,18.16,6327.81
1752379200,18.16,18.29,18.1,18.28,6009.1
1752382800,18.27,18.29,18.16,18.18,8808.36
1752386400,18.18,18.33,18.17,18.24,16642.23
1752390000,18.24,18.33,18.21,18.3,12429.06
1752393600,18.3,18.33,18.22,18.3,7666.18
1752397200,18.3,18.33,18.16,18.18,9603.47
1752400800,18.19,18.26,18.18,18.21,4676.83
1752426000,18.45,18.53,18.44,18.52,884.8399999999999
1752429600,18.53,18.68,18.5,18.62,8333.11
1752433200,18.61,18.67,18.55,18.56,5376.9
1752436800,18.57,18.62,18.5,18.56,5502.44
1752440400,18.56,18.61,18.24,18.39,14767.42
1752444000,18.39,18.43,18.27,18.36,9249.93
1752447600,18.36,18.48,18.35,18.45,6203.57
1752451200,18.46,18.58,18.39,18.49,10427.02
1752454800,18.48,18.64,18.45,18.62,7021.71
1752458400,18.62,18.79,18.57,18.69,24019.5
1752462000,18.68,19.02,18.67,18.96,54178.66
1752465600,18.97,19.14,18.93,19.13,27017.739999999998
1752469200,19.13,19.2,18.81,18.97,92951.88
1752472800,18.97,19.0,18.87,18.94,27500.35
1752476400,18.94,19.14,18.93,19.08,14236.800000000001
1752480000,19.09,19.09,18.81,18.92,27323.63
1752483600,18.93,19.16,18.89,19.03,26269.4
1752487200,19.03,19.09,18.88,19.08,11090.78
1752512400,18.75,18.76,18.67,18.72,10649.98
1752516000,18.73,18.73,18.48,18.5,16820.34
1752519600,18.5,18.56,18.44,18.48,27436.28
1752523200,18.48,18.56,18.29,18.49,13146.41
1752526800,18.48,18.58,18.46,18.56,11649.68
1752530400,18.55,18.59,18.48,18.56,8467.87
1752534000,18.55,18.58,18.45,18.55,13717.26
1752537600,18.56,18.65,18.31,18.35,33821.049999999996
1752541200,18.35,18.45,18.19,18.3,22344.67
1752544800,18.3,18.35,18.07,18.08,26683.75
1752548400,18.07,18.08,17.81,17.98,57057.53
1752552000,17.98,18.07,17.85,18.04,13608.78
1752555600,18.04,18.1,18.01,18.05,5528.4
1752559200,18.05,18.14,18.01,18.08,10591.55
1752562800,18.08,18.14,17.99,18.0,12402.11
1752566400,18.01,18.02,17.86,17.93,10786.09
1752570000,17.94,18.07,17.94,17.99,7482.76
1752573600,17.99,18.1,17.98,18.02,5469.41
1752598800,18.4,18.75,18.4,18.75,13686.87
1752602400,18.75,18.85,18.46,18.56,30617.23
1752606000,18.55,18.68,18.28,18.31,16599.45
1752609600,18.32,18.41,18.25,18.36,11453.02
1752613200,18.36,18.7,18.35,18.67,15377.55
1752616800,18.67,18.71,18.55,18.71,15186.61
1752620400,18.72,19.08,18.72,19.06,38594.55
1752624000,19.05,19.35,18.91,19.31,43358.979999999996
1752627600,19.31,19.73,19.29,19.59,212975.16
1752631200,19.58,19.58,19.03,19.12,70445.26
1752634800,19.12,19.27,19.11,19.14,18104.239999999998
1752638400,19.14,19.43,19.05,19.43,48405.4
1752642000,19.43,19.62,19.41,19.49,67531.0
1752645600,19.49,19.63,19.44,19.61,37687.54
1752649200,19.61,19.64,19.47,19.59,16116.41
1752652800,19.58,19.65,19.48,19.54,52515.729999999996
1752656400,19.55,19.67,19.46,19.57,45267.09
1752660000,19.58,19.65,19.46,19.65,17947.38
1752685200,19.86,19.99,19.76,19.96,14701.21
1752688800,19.97,20.09,19.91,19.91,35442.56
1752692400,19.92,20.06,19.85,20.05,22881.19
1752696000,20.06,20.34,20.04,20.07,62221.64
1752699600,20.08,20.27,20.02,20.17,30067.04
1752703200,20.18,20.28,19.93,19.96,31882.12
1752706800,19.97,20.0,19.81,19.88,27399.25
1752710400,19.88,20.07,19.82,19.82,27255.87
1752714000,19.81,19.88,19.41,19.59,43329.28
1752717600,19.58,19.69,19.53,19.64,15451.560000000001
1752721200,19.65,19.65,19.34,19.46,21839.29
1752724800,19.45,19.55,19.4,19.54,16177.1
1752728400,19.54,19.66,19.43,19.66,13458.76
1752732000,19.66,19.99,19.56,19.9,70793.96
1752735600,19.89,20.1,19.65,20.0,203715.37
1752739200,20.01,20.11,19.86,19.96,115262.47
1752742800,19.96,20.24,19.93,20.17,52347.69
1752746400,20.18,20.19,19.96,20.03,31708.96
1752771600,19.8,19.98,19.75,19.97,15211.55
1752775200,19.97,20.05,19.92,20.02,15414.55
1752778800,20.02,20.06,19.79,19.8,20642.01
1752782400,19.8,19.89,19.56,19.83,30448.89
1752786000,19.83,20.22,19.83,20.07,54323.29
1752789600,20.08,20.36,20.01,20.25,55068.41
1752793200,20.25,20.44,20.16,20.26,56426.090000000004
1752796800,20.27,20.7,20.13,20.69,65710.48
1752800400,20.68,21.24,20.61,21.2,123666.39
1752804000,21.2,21.45,21.06,21.44,108482.68000000001
1752807600,21.44,21.5,21.23,21.49,98614.68
1752811200,21.49,22.2,21.35,22.19,196388.61
1752814800,22.18,23.43,22.15,23.29,447356.62
1752818400,23.29,23.3,22.6,22.88,301583.16
1752822000,22.89,23.39,22.85,22.85,256520.6
1752825600,22.85,24.99,22.85,24.53,1079917.36
1752829200,24.53,24.81,23.48,24.11,346143.82
1752832800,24.11,24.24,23.8,24.02,126597.38
1752858000,24.23,24.26,23.89,24.08,43640.62
1752861600,24.08,24.14,23.63,23.65,53423.93
1752865200,23.64,23.76,23.4,23.49,60567.35
1752868800,23.49,23.54,22.77,23.03,108339.81
1752872400,23.03,23.5,23.02,23.15,54385.55
1752876000,23.16,23.28,22.88,22.98,71670.76
1752879600,22.98,23.19,22.75,23.18,52031.75
1752883200,23.18,23.45,22.57,22.61,176133.14
1752886800,22.62,23.19,22.44,23.11,131290.92
1752890400,23.12,23.29,22.81,23.16,70020.54
1752894000,23.16,24.47,23.06,24.46,210655.75
1752897600,24.46,25.55,24.35,25.5,604779.88
1752901200,25.49,25.93,24.86,25.12,333261.77
1752904800,25.12,25.2,24.53,24.83,241470.96
1752908400,24.82,25.02,24.57,24.71,139619.69
1752912000,24.71,24.86,24.39,24.61,178942.89
1752915600,24.61,24.72,24.39,24.57,73720.77
1752919200,24.58,24.61,24.27,24.42,74144.82
1752944400,23.37,23.43,23.29,23.42,8573.75
1752948000,23.41,23.5,23.38,23.43,25390.28
1752951600,23.43,23.75,23.41,23.73,63626.84
1752955200,23.74,23.74,23.57,23.58,31705.04
1752958800,23.57,23.63,23.32,23.52,23472.88
1752962400,23.52,23.74,23.4,23.68,31083.23
1752966000,23.67,24.5,23.62,24.37,172839.96
1752969600,24.36,24.64,24.0,24.14,295118.19
1752973200,24.14,24.61,23.96,24.32,106492.25
1752976800,24.32,24.56,24.15,24.29,95298.74
1752980400,24.28,25.12,24.18,24.81,165052.65
1752984000,24.82,25.0,24.6,24.77,87672.13
1752987600,24.78,24.98,24.61,24.85,54111.1
1752991200,24.86,25.01,24.71,24.72,77413.59
1752994800,24.73,25.06,24.7,24.84,65358.89
1752998400,24.84,25.14,24.75,25.03,105927.53
1753002000,25.02,25.11,24.61,24.69,93161.13
1753005600,24.68,25.02,24.68,24.86,57794.64
1753030800,25.32,25.4,24.96,25.13,44958.73
1753034400,25.14,25.24,24.92,25.18,37783.51
1753038000,25.18,25.34,24.7,24.78,447605.15
1753041600,24.77,24.84,24.65,24.72,49607.09
1753045200,24.72,24.95,24.53,24.93,32025.72
1753048800,24.92,24.92,24.18,24.66,68148.89
1753052400,24.66,24.79,24.47,24.69,34572.84
1753056000,24.7,24.7,24.09,24.48,64375.020000000004
1753059600,24.48,24.58,24.13,24.3,64411.99
1753063200,24.31,24.48,24.3,24.45,58806.16
1753066800,24.45,24.63,24.4,24.62,87098.53
1753070400,24.62,24.71,24.54,24.55,27477.84
1753074000,24.54,24.64,24.29,24.61,66884.26
1753077600,24.62,24.79,24.58,24.63,74445.35
1753081200,24.63,24.92,24.6,24.78,167788.48
1753084800,24.78,24.84,24.49,24.58,45410.01
1753088400,24.57,24.62,24.41,24.54,41683.8
1753092000,24.53,24.64,24.3,24.63,42176.37
1753117200,24.13,24.22,24.03,24.14,27123.170000000002
1753120800,24.14,24.4,23.8,23.86,45253.0
1753124400,23.86,24.02,23.65,23.72,40291.26
1753128000,23.72,23.88,23.63,23.68,42417.74
1753131600,23.67,23.89,23.62,23.83,21757.14
1753135200,23.82,24.14,23.8,24.03,13511.81
1753138800,24.03,24.12,23.91,24.01,17492.25
1753142400,24.02,24.05,23.7,23.74,38610.04
1753146000,23.74,24.06,23.27,24.01,129598.41
1753149600,24.02,24.04,23.5,23.6,39000.87
1753153200,23.59,23.63,23.28,23.47,56153.06
1753156800,23.46,23.54,22.93,22.95,73744.51
1753160400,22.96,23.37,22.95,23.25,48177.36
1753164000,23.25,23.49,23.17,23.46,30201.77
1753167600,23.45,23.75,23.43,23.55,31272.74
1753171200,23.54,23.57,23.13,23.5,51380.58
1753174800,23.5,23.5,23.17,23.39,52449.44
1753178400,23.38,23.54,23.28,23.48,39064.8
1753203600,23.72,23.93,23.71,23.73,9523.45
1753207200,23.72,23.98,23.55,23.89,31004.510000000002
1753210800,23.89,23.96,23.55,23.64,18271.07
1753214400,23.63,24.02,23.6,23.86,46642.63
1753218000,23.86,23.98,23.79,23.94,13018.58
1753221600,23.95,24.32,23.94,24.16,44985.24
1753225200,24.16,24.31,24.11,24.24,25520.25
1753228800,24.24,24.5,24.08,24.33,65117.94
1753232400,24.34,24.49,24.13,24.3,31752.06
1753236000,24.31,24.44,24.19,24.29,51635.98
1753239600,24.3,24.31,24.05,24.09,39649.51
1753243200,24.09,24.21,24.01,24.2,15411.13
1753246800,24.19,24.21,23.99,24.14,16885.989999999998
1753250400,24.14,24.17,23.81,23.99,72344.46
1753254000,23.98,24.02,23.7,23.78,31676.83
1753257600,23.78,23.86,23.65,23.82,15007.24
1753261200,23.82,23.85,23.33,23.34,42040.32
1753264800,23.34,23.41,23.16,23.39,38414.34
1753290000,22.36,22.41,22.23,22.4,15102.9
1753293600,22.41,22.58,22.38,22.58,29629.38
1753297200,22.57,22.62,22.41,22.44,15663.49
1753300800,22.43,22.58,21.97,22.32,131191.18
1753304400,22.33,22.5,21.96,22.4,68995.2
1753308000,22.39,22.6,22.26,22.52,24304.28
1753311600,22.51,22.61,22.49,22.53,19335.36
1753315200,22.54,23.12,22.37,23.07,38342.1
1753318800,23.07,23.36,22.85,23.1,96467.16
1753322400,23.1,23.27,22.89,22.93,46199.29
1753326000,22.93,23.06,22.68,22.71,28816.72
1753329600,22.71,22.81,22.32,22.38,66075.22
1753333200,22.37,22.38,21.69,21.77,95697.45999999999
1753336800,21.77,22.08,21.35,21.63,126927.76
1753340400,21.63,22.15,21.33,22.13,72353.92
1753344000,22.13,22.62,22.05,22.55,52176.92
1753347600,22.56,22.72,22.42,22.71,33119.03
1753351200,22.72,23.01,22.49,22.62,48722.91
1753376400,22.7,22.83,22.68,22.73,3582.2
1753380000,22.73,22.88,22.61,22.83,22318.329999999998
1753383600,22.82,22.94,22.7,22.71,16115.46
1753387200,22.72,22.9,22.68,22.86,19916.120000000003
1753390800,22.85,22.86,22.54,22.63,9938.58
1753394400,22.62,22.69,22.41,22.54,32187.22
1753398000,22.53,22.53,22.2,22.27,24457.15
1753401600,22.27,22.28,21.98,22.06,27065.93
1753405200,22.06,22.32,21.93,22.27,20048.69
1753408800,22.27,22.32,21.76,21.79,38687.090000000004
1753412400,21.79,21.94,21.52,21.71,63717.63
1753416000,21.72,22.02,21.52,22.0,39702.14
1753419600,22.0,22.0,21.74,21.77,25140.38
1753423200,21.77,21.98,21.63,21.87,15360.15
1753426800,21.86,22.08,21.64,21.89,37351.490000000005
1753430400,21.88,22.15,21.86,22.0,21366.51
1753434000,21.98,22.41,21.93,22.37,44425.08
1753437600,22.37,22.67,22.36,22.57,54685.38
1753462800,22.1,22.18,22.08,22.09,4483.6
1753466400,22.09,22.18,22.06,22.12,11567.460000000001
1753470000,22.12,22.25,22.02,22.08,5768.34
1753473600,22.08,22.53,22.07,22.45,11942.81
1753477200,22.46,22.7,22.46,22.61,20523.04
1753480800,22.62,22.69,22.58,22.66,25940.8
1753484400,22.65,22.73,22.6,22.69,9956.74
1753488000,22.69,22.7,22.57,22.63,9945.13
1753491600,22.62,22.64,22.48,22.5,13253.47
1753495200,22.5,22.85,22.5,22.77,23895.68
1753498800,22.77,23.27,22.75,23.15,86648.09999999999
1753502400,23.15,23.35,23.05,23.18,41972.49
1753506000,23.19,23.21,23.02,23.04,25325.57
1753509600,23.04,23.11,22.98,23.0,22222.87
1753513200,22.99,23.06,22.93,22.94,14287.34
1753516800,22.94,23.15,22.93,23.03,17521.59
1753520400,23.03,23.07,22.83,22.99,42854.71
1753524000,23.0,23.11,22.94,23.06,39991.51
1753549200,22.78,22.79,22.71,22.77,3003.59
1753552800,22.77,22.94,22.67,22.88,12822.53
1753556400,22.89,22.95,22.87,22.92,3549.19
1753560000,22.91,22.93,22.86,22.9,9536.89
1753563600,22.89,22.94,22.84,22.93,4975.2
1753567200,22.93,23.09,22.83,22.89,16559.63
1753570800,22.89,22.93,22.79,22.81,6484.31
1753574400,22.81,22.89,22.75,22.88,8099.38
1753578000,22.89,23.05,22.85,22.96,20888.84
1753581600,22.95,23.18,22.93,23.12,10097.66
1753585200,23.13,23.17,23.04,23.14,13991.07
1753588800,23.14,23.15,23.06,23.08,6331.34
1753592400,23.08,23.25,23.06,23.16,22149.2
1753596000,23.15,23.15,22.95,23.0,13129.08
1753599600,23.0,23.04,22.82,22.86,22517.23
1753603200,22.87,22.9,22.69,22.7,9315.62
1753606800,22.7,22.71,22.46,22.51,34643.16
1753610400,22.51,23.03,22.51,22.91,51879.71
1753635600,22.94,23.07,22.93,23.06,3711.5
1753639200,23.06,23.23,23.05,23.14,24983.05
1753642800,23.13,23.16,22.99,23.04,7728.42
1753646400,23.05,23.15,22.97,22.99,5529.96
1753650000,23.0,23.2,22.96,23.19,9389.72
1753653600,23.19,23.44,23.18,23.36,29432.28
1753657200,23.35,23.35,23.17,23.3,22095.88
1753660800,23.3,23.45,23.15,23.18,30982.420000000002
1753664400,23.18,23.2,22.97,23.05,17189.93
1753668000,23.05,23.51,23.0,23.41,33839.32
1753671600,23.42,23.5,23.31,23.36,8405.630000000001
1753675200,23.35,23.47,23.21,23.45,36086.909999999996
1753678800,23.45,23.78,23.42,23.71,50676.9
1753682400,23.71,23.71,23.5,23.61,40719.45
1753686000,23.62,23.62,23.25,23.38,31605.09
1753689600,23.38,23.41,23.22,23.32,26412.19
1753693200,23.31,23.45,23.24,23.4,51330.810000000005
1753696800,23.4,23.4,23.19,23.23,18088.64
1753722000,22.09,22.09,21.98,22.02,4611.81
1753725600,22.03,22.06,21.78,21.91,25774.95
1753729200,21.91,22.03,21.78,21.98,16588.23
1753732800,21.99,22.0,21.78,21.91,14956.49
1753736400,21.9,22.07,21.82,21.95,13975.93
1753740000,21.95,22.0,21.75,21.91,17698.41
1753743600,21.92,21.95,21.78,21.91,15938.76
1753747200,21.91,22.07,21.63,21.92,51227.08
1753750800,21.91,21.98,21.75,21.76,8524.44
1753754400,21.76,21.81,21.6,21.71,18913.0
1753758000,21.7,21.99,21.7,21.94,13210.92
1753761600,21.94,22.04,21.82,21.84,24344.57
1753765200,21.84,22.15,21.83,22.15,13154.47
1753768800,22.16,22.25,22.07,22.19,21125.11
1753772400,22.2,22.43,22.16,22.37,37268.39
1753776000,22.36,22.4,22.22,22.34,13840.15
1753779600,22.34,22.38,22.23,22.33,16119.07
1753783200,22.33,22.35,22.0,22.06,17051.55
1753808400,21.93,21.93,21.86,21.89,2591.06
1753812000,21.89,21.92,21.79,21.84,6972.9400000000005
1753815600,21.84,21.95,21.66,21.66,22116.22
1753819200,21.66,21.78,21.46,21.65,26834.72
1753822800,21.66,21.95,21.56,21.82,14850.2
1753826400,21.83,21.85,21.66,21.78,14367.49
1753830000,21.78,21.83,21.69,21.76,11092.44
1753833600,21.75,21.76,21.48,21.63,15406.630000000001
1753837200,21.63,21.86,21.42,21.74,9068.4
1753840800,21.75,21.94,21.69,21.84,24529.53
1753844400,21.85,21.89,21.77,21.79,9075.07
1753848000,21.79,21.85,21.58,21.6,7501.57
1753851600,21.61,21.69,21.5,21.59,61531.75
1753855200,21.6,21.65,21.51,21.61,11185.94
1753858800,21.6,21.69,21.43,21.5,18249.22
1753862400,21.5,21.66,21.39,21.57,17329.45
1753866000,21.57,21.58,21.28,21.33,33823.39
1753869600,21.33,21.48,21.19,21.23,23414.84
1753873200,21.24,21.24,21.2,21.21,363.69
1753894800,21.49,21.5,21.4,21.47,6197.9
1753898400,21.47,21.56,21.05,21.07,46105.47
1753902000,21.06,21.28,20.37,21.24,133732.82
1753905600,21.23,21.39,21.19,21.25,27468.6
1753909200,21.24,21.32,21.04,21.2,9470.22
1753912800,21.2,21.25,21.09,21.17,11003.37
1753916400,21.17,21.47,21.17,21.4,19681.48
1753920000,21.4,21.64,21.32,21.62,24139.09
1753923600,21.62,21.69,21.52,21.58,10704.07
1753927200,21.58,21.72,21.55,21.7,7103.650000000001
1753930800,21.7,21.8,21.68,21.77,9132.61
1753934400,21.77,21.78,21.69,21.72,12870.52
1753938000,21.73,21.75,21.68,21.69,6711.7
1753941600,21.69,21.85,21.65,21.82,14392.24
1753945200,21.81,21.85,21.74,21.77,13201.55
1753948800,21.77,21.84,21.74,21.8,5924.21
1753952400,21.81,21.85,21.77,21.83,8784.42
1753956000,21.83,21.87,21.74,21.74,13466.97
1753959600,21.74,21.75,21.74,21.74,307.86
1753981200,21.34,21.37,21.21,21.24,3111.87
1753984800,21.25,21.37,21.09,21.25,14930.71
1753988400,21.26,21.28,21.11,21.15,10147.81
1753992000,21.15,21.22,20.94,21.01,33796.71
1753995600,21.01,21.14,20.79,21.01,22613.22
1753999200,21.0,21.0,20.67,20.72,25437.94
1754002800,20.72,20.85,20.51,20.56,27758.73
1754006400,20.56,20.64,19.98,20.39,125498.89
1754010000,20.39,20.51,20.16,20.35,37944.99
1754013600,20.35,20.59,20.27,20.57,20050.41
1754017200,20.57,20.63,20.47,20.55,10007.44
1754020800,20.54,20.54,20.35,20.37,15359.81
1754024400,20.37,20.43,20.11,20.2,26533.69
1754028000,20.2,20.23,20.02,20.23,34117.5
1754031600,20.23,20.3,20.09,20.18,16295.88
1754035200,20.18,20.2,19.78,20.06,52538.94
1754038800,20.05,20.24,20.03,20.03,15888.9
1754042400,20.03,20.19,20.02,20.09,8656.15
1754046000,20.1,20.1,20.03,20.04,569.56
1754067600,19.95,19.95,19.85,19.91,2836.17
1754071200,19.91,20.1,19.72,19.95,32282.13
1754074800,19.94,20.17,19.91,20.15,20503.3
1754078400,20.14,20.2,19.71,20.03,26889.26
1754082000,20.03,20.15,19.99,20.04,13406.210000000001
1754085600,20.05,20.05,19.31,19.55,76956.17
1754089200,19.54,19.86,19.47,19.78,21165.85
1754092800,19.78,20.01,19.73,20.01,27876.52
1754096400,20.0,20.01,19.84,19.96,8027.13
1754100000,19.96,20.03,19.95,20.01,9089.12
1754103600,20.02,20.05,19.94,19.97,5097.36
1754107200,19.98,20.09,19.92,20.03,11678.15
1754110800,20.04,20.04,19.9,19.91,6610.53
1754114400,19.91,19.92,19.51,19.63,22766.33
1754118000,19.62,19.92,19.5,19.91,17275.34
1754121600,19.91,19.96,19.71,19.73,12400.09
1754125200,19.73,19.85,19.69,19.84,10241.43
1754128800,19.83,19.85,19.57,19.73,40567.19
1754132400,19.72,19.76,19.72,19.76,185.24
1754154000,19.44,19.45,19.13,19.24,34406.590000000004
1754157600,19.24,19.32,19.0,19.1,42116.6
1754161200,19.11,19.45,19.04,19.23,25957.17
1754164800,19.23,19.41,19.22,19.4,9721.19
1754168400,19.4,19.51,19.28,19.34,14972.1
1754172000,19.34,19.43,19.18,19.32,7180.35
1754175600,19.33,19.36,19.04,19.19,14301.93
1754179200,19.19,19.35,18.93,19.33,46815.98
1754182800,19.33,19.46,19.23,19.32,21663.8
1754186400,19.33,19.5,19.33,19.49,9016.3
1754190000,19.48,19.53,19.44,19.46,11314.5
1754193600,19.46,19.49,19.29,19.49,127958.12
1754197200,19.49,19.81,19.49,19.8,288510.05
1754200800,19.79,19.87,19.4,19.44,141273.93
1754204400,19.43,19.49,19.33,19.35,123311.1
1754208000,19.36,19.74,19.35,19.71,336468.57
1754211600,19.71,19.85,19.63,19.84,161520.0
1754215200,19.85,19.93,19.59,19.6,381166.85000000003
1754218800,19.6,19.71,19.58,19.7,78685.16
1754240400,19.74,19.8,19.73,19.79,711.01
1754244000,19.79,19.82,19.73,19.81,6999.639999999999
1754247600,19.81,19.89,19.76,19.78,4070.71
1754251200,19.79,19.83,19.73,19.81,6313.35
1754254800,19.81,19.87,19.79,19.85,9515.45
1754258400,19.85,19.91,19.75,19.87,11017.78
1754262000,19.87,20.0,19.85,19.86,14814.72
1754265600,19.87,20.21,19.86,20.19,18191.04
1754269200,20.19,20.23,20.0,20.01,14574.36
1754272800,20.02,20.11,19.92,20.11,19714.78
1754276400,20.12,20.13,20.0,20.01,16694.97
1754280000,20.02,20.08,19.94,19.95,25521.3
1754283600,19.95,20.09,19.94,20.06,25654.149999999998
1754287200,20.06,20.07,19.93,20.02,7757.0
1754290800,20.02,20.16,20.02,20.09,10960.0
1754294400,20.1,20.16,20.04,20.1,10288.61
1754298000,20.1,20.17,20.04,20.06,13307.66
1754301600,20.07,20.18,20.05,20.1,8345.960000000001
1754305200,20.09,20.09,20.05,20.07,992.04
1754326800,20.81,20.83,20.75,20.77,4607.6
1754330400,20.77,20.78,20.66,20.7,12521.29
1754334000,20.7,20.72,20.6,20.65,7871.92
1754337600,20.65,20.84,20.63,20.82,8934.67
1754341200,20.82,20.95,20.82,20.9,13970.119999999999
1754344800,20.9,21.06,20.89,21.0,15075.69
1754348400,21.0,21.01,20.91,20.99,13900.8
1754352000,20.99,21.09,20.94,21.02,47973.97
1754355600,21.01,21.08,20.87,20.88,35651.94
1754359200,20.89,20.95,20.81,20.85,21504.03
1754362800,20.85,20.85,20.59,20.59,30909.48
1754366400,20.59,20.7,20.55,20.57,27047.84
1754370000,20.56,20.65,20.51,20.6,27511.93
1754373600,20.6,20.65,20.42,20.52,29903.1
1754377200,20.51,20.53,20.25,20.29,31248.81
1754380800,20.29,20.4,20.26,20.36,24757.44
1754384400,20.35,20.59,20.3,20.56,27733.65
1754388000,20.56,20.82,20.52,20.79,15386.85
1754391600,20.8,20.83,20.76,20.78,1633.7
1754413200,20.11,20.2,20.07,20.18,2554.96
1754416800,20.17,20.19,19.97,20.09,8592.81
1754420400,20.09,20.15,19.93,19.98,10872.98
1754424000,19.99,20.16,19.99,20.0,10831.8
1754427600,19.99,20.1,19.99,20.0,8942.31
1754431200,20.0,20.13,19.8,20.13,20688.82
1754434800,20.12,20.23,20.11,20.18,11384.59
1754438400,20.18,20.18,19.91,19.93,13356.36
1754442000,19.93,19.99,19.85,19.99,19421.19
1754445600,19.98,19.98,19.85,19.91,10838.18
1754449200,19.92,19.92,19.72,19.81,18668.48
1754452800,19.8,19.83,19.73,19.81,7207.82
1754456400,19.8,20.28,19.77,20.14,30008.22
1754460000,20.14,20.16,19.99,20.11,9311.46
1754463600,20.12,20.24,20.08,20.2,15394.93
1754467200,20.2,20.23,19.96,20.03,10204.47
1754470800,20.03,20.17,19.96,20.01,12493.6
1754474400,20.01,20.04,19.88,19.9,27241.07
1754478000,19.91,19.95,19.88,19.89,5247.55
1754499600,20.29,20.33,20.26,20.33,1095.56
1754503200,20.33,20.44,20.28,20.29,9062.99
1754506800,20.29,20.36,20.27,20.34,4776.89
1754510400,20.35,20.35,20.27,20.3,2745.43
1754514000,20.31,20.38,20.23,20.31,6872.14
1754517600,20.32,20.36,20.28,20.33,11554.51
1754521200,20.33,20.35,20.26,20.3,9914.5
1754524800,20.29,20.35,20.21,20.27,19659.91
1754528400,20.27,20.44,20.18,20.2,29999.03
1754532000,20.2,20.27,20.14,20.15,7001.25
1754535600,20.15,20.18,20.1,20.12,11178.76
1754539200,20.11,20.24,20.11,20.13,18903.89
1754542800,20.13,20.27,20.11,20.27,11431.48
1754546400,20.27,20.42,20.23,20.3,54781.78
1754550000,20.3,20.35,20.27,20.29,21379.11
1754553600,20.3,20.39,20.26,20.29,15306.289999999999
1754557200,20.29,20.36,20.26,20.35,20913.65
1754560800,20.34,20.88,20.33,20.87,84927.6
1754564400,20.88,20.95,20.86,20.92,7712.94
1754586000,20.8,20.84,20.79,20.81,1480.1999999999998
1754589600,20.81,20.83,20.73,20.79,9404.05
1754593200,20.8,21.1,20.77,21.1,23891.18
1754596800,21.1,21.24,21.06,21.2,14527.91
1754600400,21.21,21.33,21.15,21.23,18143.31
1754604000,21.23,21.54,21.21,21.51,32706.29
1754607600,21.52,21.56,21.39,21.55,22755.49
1754611200,21.54,21.9,21.17,21.54,166185.03
1754614800,21.54,21.83,21.27,21.48,170258.48
1754618400,21.48,21.56,21.35,21.43,27113.02
1754622000,21.44,21.8,21.41,21.62,42740.69
1754625600,21.63,21.71,21.47,21.51,30698.32
1754629200,21.5,21.51,21.35,21.37,25385.84
1754632800,21.37,21.66,21.33,21.64,22621.04
1754636400,21.64,21.84,21.46,21.7,45291.0
1754640000,21.7,21.84,21.63,21.7,76834.83
1754643600,21.7,21.82,21.63,21.76,26646.95
1754647200,21.75,21.79,21.6,21.67,68994.32
1754650800,21.67,21.75,21.66,21.74,3128.5400000000004
1754672400,22.51,22.62,22.5,22.62,6358.57
1754676000,22.62,22.64,22.41,22.44,69460.2
1754679600,22.44,22.71,22.33,22.64,64101.56
1754683200,22.65,22.69,22.39,22.46,43383.62
1754686800,22.47,22.57,22.41,22.43,21396.21
1754690400,22.42,22.57,22.39,22.46,33871.53
1754694000,22.46,22.54,22.38,22.38,37015.89
1754697600,22.39,22.46,22.35,22.44,18911.29
1754701200,22.43,22.74,22.4,22.73,78970.45
1754704800,22.73,22.96,22.55,22.63,91897.36
1754708400,22.63,22.83,22.61,22.74,32949.65
1754712000,22.74,22.97,22.65,22.84,74898.54000000001
1754715600,22.83,23.64,22.79,23.62,157269.04
1754719200,23.61,23.64,23.25,23.29,87323.48
1754722800,23.28,23.36,23.09,23.24,48165.27
1754726400,23.25,23.4,23.23,23.3,55179.44
1754730000,23.29,23.48,23.27,23.48,44876.55
1754733600,23.47,23.65,23.43,23.56,48966.1
1754737200,23.56,23.59,23.51,23.58,9179.25
1754758800,23.3,23.34,23.29,23.33,1500.29
1754762400,23.33,23.42,23.25,23.4,33114.21
1754766000,23.4,23.55,23.39,23.47,22426.49
1754769600,23.47,23.8,23.45,23.76,75360.15
1754773200,23.77,23.79,23.5,23.58,43203.09
1754776800,23.59,23.89,23.56,23.61,59640.34
1754780400,23.61,23.77,23.51,23.6,36541.0
1754784000,23.61,24.06,23.43,24.0,95608.91
1754787600,23.99,24.39,23.65,23.74,191331.49
1754791200,23.75,23.78,23.4,23.42,73178.44
1754794800,23.41,23.63,23.31,23.59,69274.27
1754798400,23.59,23.8,23.47,23.69,42119.43
1754802000,23.68,23.68,23.33,23.34,40416.36
1754805600,23.34,23.35,23.13,23.23,51190.83
1754809200,23.23,23.32,22.76,22.79,119950.4
1754812800,22.79,23.08,22.56,23.05,81921.72
1754816400,23.06,23.17,23.0,23.08,16615.89
1754820000,23.08,23.13,22.8,22.91,29326.0
1754823600,22.91,22.92,22.82,22.89,4444.7
1754845200,23.17,23.19,23.15,23.18,1016.23
1754848800,23.18,23.25,23.11,23.22,9880.87
1754852400,23.22,23.37,23.18,23.29,29620.33
1754856000,23.28,23.3,23.1,23.16,35559.05
1754859600,23.16,23.16,22.91,23.11,22079.31
1754863200,23.12,23.19,23.0,23.19,10658.81
1754866800,23.2,23.25,23.03,23.17,58920.34
1754870400,23.18,23.37,23.04,23.15,21549.68
1754874000,23.14,23.53,23.09,23.37,62528.69
1754877600,23.37,23.68,23.35,23.64,60055.05
1754881200,23.64,23.64,23.47,23.53,29151.73
1754884800,23.53,23.71,23.45,23.45,37139.68
1754888400,23.45,23.56,23.39,23.46,33362.93
1754892000,23.46,23.51,23.32,23.34,32035.58
1754895600,23.34,23.4,22.93,22.96,48323.65
1754899200,22.96,23.17,22.86,23.15,21275.39
1754902800,23.14,23.22,23.0,23.06,26870.72
1754906400,23.07,23.08,22.87,22.9,25188.7
1754910000,22.9,22.92,22.76,22.81,8611.35
1754931600,22.93,22.97,22.92,22.93,1123.46
1754935200,22.93,22.96,22.73,22.87,15499.7
1754938800,22.86,22.9,22.49,22.62,22423.77
1754942400,22.61,22.64,22.5,22.58,21334.329999999998
1754946000,22.57,22.64,22.17,22.32,25403.83
1754949600,22.33,22.35,22.06,22.25,28493.829999999998
1754953200,22.24,22.34,22.21,22.21,11191.210000000001
1754956800,22.21,22.55,22.17,22.49,18406.15
1754960400,22.49,22.61,22.4,22.42,29359.53
1754964000,22.42,22.69,22.39,22.49,20163.85
1754967600,22.48,22.52,22.39,22.41,26165.19
1754971200,22.4,22.58,22.36,22.56,28880.74
1754974800,22.56,22.56,22.19,22.28,36964.87
1754978400,22.29,22.47,22.1,22.32,32742.77
1754982000,22.32,22.51,22.31,22.48,22225.65
1754985600,22.49,22.54,22.3,22.33,17834.21
1754989200,22.33,22.36,22.01,22.04,84222.75
1754992800,22.04,22.11,21.96,22.05,23734.75
1754996400,22.06,22.08,21.9,21.93,11405.75
1755018000,23.5,23.58,23.49,23.54,1732.0700000000002
1755021600,23.55,23.69,23.47,23.51,38342.82
1755025200,23.52,23.61,23.44,23.6,15213.32
1755028800,23.59,23.95,23.56,23.89,74615.02
1755032400,23.89,23.9,23.64,23.66,30486.93
1755036000,23.67,23.72,23.54,23.59,34493.4
1755039600,23.6,23.7,23.56,23.68,39169.65
1755043200,23.68,23.89,23.65,23.73,38599.23
1755046800,23.73,23.73,23.37,23.46,60824.4
1755050400,23.45,23.81,23.32,23.8,35336.64
1755054000,23.8,24.01,23.71,23.89,45947.46
1755057600,23.88,24.07,23.86,23.94,46281.44
1755061200,23.95,24.03,23.61,23.62,46669.21
1755064800,23.62,23.79,23.54,23.71,48019.87
1755068400,23.72,23.94,23.67,23.94,82601.72
1755072000,23.94,24.09,23.82,23.89,85246.41
1755075600,23.89,24.26,23.88,24.2,55246.0
1755079200,24.19,24.29,24.13,24.17,43483.71
1755082800,24.17,24.24,24.12,24.16,5777.91
1755104400,24.16,24.22,24.13,24.13,12757.85
1755108000,24.12,24.25,23.87,23.96,36105.62
1755111600,23.96,24.1,23.92,24.08,22925.94
1755115200,24.08,24.1,23.88,24.02,12536.84
1755118800,24.01,24.23,24.01,24.1,24602.920000000002
1755122400,24.09,24.46,24.05,24.31,38577.82
1755126000,24.31,24.43,24.24,24.26,21258.87
1755129600,24.27,24.4,24.05,24.08,40084.35
1755133200,24.07,24.27,23.91,24.14,37191.61
1755136800,24.13,24.41,23.99,24.39,37402.63
1755140400,24.38,24.46,24.26,24.31,32676.79
1755144000,24.32,24.37,24.12,24.12,31496.99
1755147600,24.12,24.21,23.84,23.86,52110.18
1755151200,23.86,23.91,23.57,23.88,69805.13
1755154800,23.88,23.89,23.51,23.62,51707.26
1755158400,23.62,23.63,23.25,23.37,64968.630000000005
1755162000,23.37,23.59,23.27,23.57,30505.26
1755165600,23.56,23.59,23.21,23.42,61377.67
1755169200,23.41,23.45,23.33,23.45,11686.0
1755190800,22.27,22.31,22.27,22.31,451.64
1755194400,22.31,22.31,21.94,22.25,52415.0
1755198000,22.26,22.38,22.24,22.25,16695.94
1755201600,22.24,22.27,22.08,22.24,18974.91
1755205200,22.23,22.26,21.78,22.05,109012.23
1755208800,22.04,22.16,21.91,22.14,46912.78
1755212400,22.14,22.3,22.14,22.18,24684.15
1755216000,22.18,22.3,22.08,22.17,45082.53
1755219600,22.18,22.46,22.15,22.44,61890.67
1755223200,22.44,22.47,22.37,22.41,20395.85
1755226800,22.41,22.65,22.34,22.62,29520.3
1755230400,22.61,22.68,22.43,22.45,17374.03
1755234000,22.45,22.53,22.38,22.53,19059.63
1755237600,22.53,22.69,22.52,22.59,20461.28
1755241200,22.59,22.61,22.39,22.46,17187.07
1755244800,22.47,22.57,22.42,22.47,25417.55
1755248400,22.47,22.52,22.24,22.32,23360.39
1755252000,22.32,22.45,22.31,22.36,18888.13
1755255600,22.35,22.41,22.31,22.31,6522.15
1755277200,21.98,21.98,21.97,21.98,34.150000000000006
1755280800,21.97,22.02,21.77,21.84,14690.65
1755284400,21.85,21.97,21.78,21.85,12419.73
1755288000,21.86,22.01,21.77,22.0,13067.83
1755291600,22.0,22.11,21.89,22.1,18039.44
1755295200,22.1,22.36,22.06,22.35,12334.4
1755298800,22.35,22.4,22.1,22.23,11635.94
1755302400,22.22,22.45,22.2,22.43,15076.2
1755306000,22.43,22.44,22.3,22.34,15855.16
1755309600,22.34,22.36,22.25,22.28,15981.33
1755313200,22.28,22.34,22.23,22.26,6790.14
1755316800,22.27,22.37,22.26,22.34,4123.07
1755320400,22.34,22.35,22.17,22.18,9488.23
1755324000,22.18,22.22,22.12,22.15,10368.97
1755327600,22.15,22.32,22.14,22.28,12136.75
1755331200,22.28,22.31,22.22,22.25,11466.74
1755334800,22.25,22.38,22.15,22.15,12338.220000000001
1755338400,22.15,22.27,22.09,22.17,24935.71
1755342000,22.17,22.28,22.16,22.26,1659.1499999999999
1755363600,22.19,22.2,22.19,22.2,1061.23
1755367200,22.19,22.29,22.13,22.24,3563.02
1755370800,22.24,22.36,22.24,22.26,4920.31
1755374400,22.26,22.4,22.26,22.36,4047.52
1755378000,22.36,22.36,22.26,22.26,12779.11
1755381600,22.27,22.45,22.24,22.42,12441.52
1755385200,22.42,22.42,22.31,22.38,4714.6
1755388800,22.38,22.4,22.31,22.35,5172.05
1755392400,22.34,22.36,22.25,22.3,10527.96
1755396000,22.3,22.42,22.23,22.42,6254.0
1755399600,22.42,22.49,22.33,22.46,11052.78
1755403200,22.46,22.63,22.45,22.62,39904.06
1755406800,22.62,22.67,22.52,22.54,23768.56
1755410400,22.54,22.59,22.43,22.44,7643.360000000001
1755414000,22.43,22.56,22.41,22.5,16730.5
1755417600,22.51,22.68,22.45,22.66,17038.37
1755421200,22.65,22.7,22.59,22.68,14595.73
1755424800,22.68,22.72,22.59,22.7,25185.29
1755428400,22.7,22.7,22.62,22.64,3183.18
1755453600,22.56,22.58,22.21,22.43,35823.67
1755457200,22.44,22.49,22.3,22.32,9962.0
1755460800,22.33,22.39,22.3,22.32,10230.1
1755464400,22.32,22.37,22.26,22.3,7662.8
1755468000,22.29,22.51,22.28,22.45,10356.98
1755471600,22.45,22.45,22.21,22.24,11805.31
1755475200,22.25,22.31,22.15,22.28,17535.68
1755478800,22.27,22.29,21.92,21.96,33950.12
1755482400,21.95,21.98,21.5,21.54,109107.93
1755486000,21.53,21.6,21.29,21.5,65349.01
1755489600,21.49,21.62,21.39,21.61,21140.670000000002
1755493200,21.6,21.67,21.36,21.58,23258.03
1755496800,21.56,21.58,21.14,21.23,49290.62
1755500400,21.24,21.36,21.18,21.29,35391.57
1755504000,21.29,21.37,21.22,21.26,43432.23
1755507600,21.26,21.52,21.21,21.46,57154.71
1755511200,21.46,21.52,21.4,21.42,25592.760000000002
1755514800,21.43,21.44,21.39,21.41,6356.83
1755540000,21.47,21.63,21.41,21.62,9122.69
1755543600,21.62,21.68,21.55,21.61,9400.67
1755547200,21.6,21.66,21.48,21.61,14660.09
1755550800,21.6,21.72,21.54,21.68,28387.22
1755554400,21.68,21.83,21.63,21.63,13397.44
1755558000,21.63,21.67,21.48,21.52,10779.81
1755561600,21.53,21.66,21.28,21.66,38749.95
1755565200,21.66,21.74,21.45,21.49,11455.460000000001
1755568800,21.48,21.51,21.38,21.39,23511.48
1755572400,21.38,21.42,21.05,21.11,35592.5
1755576000,21.11,21.29,20.95,21.29,28040.55
1755579600,21.29,21.33,21.17,21.22,25105.399999999998
1755583200,21.21,21.44,21.18,21.26,27280.27
1755586800,21.26,21.28,21.09,21.23,15393.95
1755590400,21.23,21.34,21.09,21.26,12051.72
1755594000,21.26,21.44,21.25,21.34,13277.27
1755597600,21.33,21.45,21.32,21.39,9791.08
1755601200,21.4,21.43,21.38,21.42,2755.35
1755626400,20.91,20.94,20.62,20.7,32428.47
1755630000,20.7,20.89,20.57,20.76,25643.23
1755633600,20.76,20.94,20.68,20.91,15987.91
1755637200,20.91,20.91,20.76,20.82,29859.93
1755640800,20.82,20.82,20.68,20.74,29465.57
1755644400,20.74,20.75,20.48,20.53,26906.9
1755648000,20.53,20.7,20.52,20.64,18730.37
1755651600,20.65,20.71,20.42,20.66,24342.83
1755655200,20.67,20.76,20.65,20.7,21271.760000000002
1755658800,20.71,20.84,20.67,20.72,9496.4
1755662400,20.72,20.87,20.72,20.84,14951.6
1755666000,20.84,20.9,20.75,20.9,9771.19
1755669600,20.89,20.92,20.77,20.84,20256.8
1755673200,20.85,20.92,20.75,20.76,8566.5
1755676800,20.76,21.01,20.73,21.01,14703.47
1755680400,21.0,21.01,20.9,20.92,15161.68
1755684000,20.93,21.01,20.9,20.98,9580.96
1755687600,20.97,20.99,20.88,20.91,2250.24
1755712800,21.34,21.36,21.12,21.32,15688.71
1755716400,21.32,21.62,21.29,21.6,16147.3
1755720000,21.61,21.65,21.56,21.6,7285.99
1755723600,21.6,21.64,21.5,21.57,13739.050000000001
1755727200,21.57,21.67,21.56,21.65,8399.9
1755730800,21.65,21.66,21.51,21.56,16000.220000000001
1755734400,21.55,21.59,21.45,21.57,13699.26
1755738000,21.57,21.68,21.45,21.68,13790.15
1755741600,21.67,21.72,21.41,21.47,12309.68
1755745200,21.48,21.71,21.45,21.45,15767.51
1755748800,21.45,21.55,21.41,21.47,4250.42
1755752400,21.47,21.58,21.41,21.58,11632.29
1755756000,21.59,21.59,21.42,21.5,9342.92
1755759600,21.5,21.51,21.31,21.48,31340.510000000002
1755763200,21.48,21.52,21.33,21.33,7655.8
1755766800,21.32,21.33,21.21,21.22,19980.03
1755770400,21.22,21.31,21.16,21.22,18645.7
1755774000,21.23,21.31,21.22,21.25,5351.8
1755799200,21.03,21.2,21.01,21.17,6759.32
1755802800,21.17,21.23,20.99,21.01,5543.28
1755806400,21.02,21.2,20.92,21.12,7806.82
1755810000,21.12,21.24,21.01,21.17,6726.9800000000005
1755813600,21.17,21.23,21.13,21.17,4066.11
1755817200,21.17,21.17,20.94,21.01,10783.74
1755820800,21.02,21.14,20.96,20.99,6478.87
1755824400,21.0,21.18,20.88,21.11,32429.670000000002
1755828000,21.11,21.31,21.09,21.15,14987.07
1755831600,21.16,21.19,20.84,20.89,57660.740000000005
1755835200,20.89,21.07,20.88,21.02,72791.89
1755838800,21.02,21.11,20.96,21.09,31314.7
1755842400,21.08,21.18,20.97,21.05,9665.32
1755846000,21.05,21.29,21.04,21.25,36869.04
1755849600,21.25,21.42,21.23,21.23,79458.01
1755853200,21.24,21.28,21.17,21.22,23692.23
1755856800,21.22,21.24,21.05,21.08,11679.8
1755860400,21.09,21.09,20.95,20.96,5403.23
1755885600,24.88,24.99,24.6,24.77,137150.75
1755889200,24.77,25.13,24.77,24.79,113051.99
1755892800,24.8,24.9,24.62,24.72,80383.9
1755896400,24.72,25.07,24.72,24.89,134964.43
1755900000,24.88,24.91,24.43,24.47,72657.28
1755903600,24.47,24.6,24.34,24.5,68849.57
1755907200,24.5,24.86,24.43,24.61,125837.49
1755910800,24.6,24.74,24.14,24.41,138112.85
1755914400,24.42,24.45,23.84,24.0,76844.34
1755918000,24.0,24.18,23.85,24.03,43094.909999999996
1755921600,24.04,24.4,24.04,24.34,26743.92
1755925200,24.34,24.34,24.14,24.18,33425.42
1755928800,24.17,24.23,24.07,24.17,32651.65
1755932400,24.17,24.23,23.93,23.99,44199.16
1755936000,23.99,24.05,23.86,24.02,53999.79
1755939600,24.02,24.06,23.95,24.02,17127.21
1755943200,24.01,24.05,23.86,23.87,45010.77
1755946800,23.87,23.97,23.86,23.96,14178.94
1755972000,23.95,24.02,23.93,23.98,8356.16
1755975600,23.99,24.17,23.97,24.14,22955.95
1755979200,24.14,24.14,24.02,24.1,11570.94
1755982800,24.09,24.1,23.98,24.07,17669.42
1755986400,24.07,24.24,24.06,24.23,9256.99
1755990000,24.23,24.29,24.19,24.21,13664.0
1755993600,24.21,24.34,24.13,24.26,27451.98
1755997200,24.26,24.26,23.99,24.02,32064.39
1756000800,24.02,24.07,23.8,23.82,109973.1
1756004400,23.82,23.82,23.47,23.68,127611.2
1756008000,23.68,23.74,23.62,23.7,18344.4
1756011600,23.7,23.73,23.58,23.64,20424.52
1756015200,23.64,23.65,23.36,23.4,24358.07
1756018800,23.4,23.61,23.39,23.42,45359.9
1756022400,23.42,23.59,23.29,23.49,131502.31
1756026000,23.48,23.54,23.41,23.42,19092.32
1756029600,23.41,23.42,23.09,23.15,55270.81
1756033200,23.14,23.19,23.02,23.14,17783.16
1756058400,23.85,24.29,23.84,24.21,83372.72
1756062000,24.21,24.43,23.24,23.65,261343.68000000002
1756065600,23.66,23.66,23.12,23.42,93806.91
1756069200,23.42,23.6,23.24,23.3,49177.82
1756072800,23.29,23.32,22.92,23.28,34113.75
1756076400,23.28,23.37,23.21,23.23,36441.15
1756080000,23.23,23.33,22.59,22.76,101631.48
1756083600,22.76,23.02,22.76,22.93,28125.95
1756087200,22.93,23.26,22.92,23.22,31322.55
1756090800,23.22,23.28,22.97,22.99,16809.83
1756094400,23.0,23.02,22.75,22.79,27913.11
1756098000,22.79,22.85,22.62,22.62,46677.34
1756101600,22.63,22.65,22.27,22.29,59427.07
1756105200,22.29,22.4,22.0,22.07,57749.39
1756108800,22.07,22.22,21.92,22.15,41340.57
1756112400,22.15,22.19,22.05,22.17,21337.45
1756116000,22.17,22.17,21.79,21.92,55353.69
1756119600,21.92,22.0,21.9,21.99,8865.25
1756144800,21.73,21.79,21.69,21.72,13646.7
1756148400,21.71,21.73,21.34,21.39,94845.68
1756152000,21.4,21.46,21.01,21.02,118581.34
1756155600,21.02,21.15,20.9,21.0,75681.16
1756159200,20.99,21.23,20.94,21.16,76884.47
1756162800,21.15,21.17,20.98,21.07,58759.61
1756166400,21.07,21.28,20.94,21.15,118088.28
1756170000,21.14,21.53,21.06,21.44,51772.75
1756173600,21.44,21.56,21.32,21.37,43639.2
1756177200,21.36,21.38,21.16,21.18,83232.17
1756180800,21.18,21.37,21.18,21.32,52879.52
1756184400,21.32,21.4,21.29,21.29,21352.14
1756188000,21.29,21.39,21.07,21.1,121016.12
1756191600,21.1,21.39,21.05,21.2,44643.79
1756195200,21.2,21.23,21.08,21.12,24983.53
1756198800,21.12,21.19,21.03,21.09,15746.210000000001
1756202400,21.09,21.24,21.08,21.18,15503.29
1756206000,21.18,21.24,21.08,21.08,11125.04
1756231200,21.41,21.52,21.37,21.46,13620.14
1756234800,21.46,21.79,21.39,21.73,42269.229999999996
1756238400,21.73,21.83,21.65,21.71,27024.09
1756242000,21.71,21.76,21.55,21.76,24320.33
1756245600,21.76,21.78,21.62,21.72,15055.28
1756249200,21.72,21.82,21.62,21.67,18812.22
1756252800,21.67,21.67,21.47,21.5,26261.02
1756256400,21.51,21.61,21.45,21.6,11968.92
1756260000,21.6,21.71,21.47,21.65,8159.99
1756263600,21.64,21.93,21.58,21.83,26217.88
1756267200,21.83,22.0,21.8,21.98,39785.29
1756270800,21.98,21.99,21.79,21.82,21100.36
1756274400,21.83,21.83,21.68,21.69,14482.69
1756278000,21.68,21.7,21.5,21.57,28422.11
1756281600,21.58,21.63,21.46,21.6,38730.84
1756285200,21.6,21.71,21.58,21.58,11052.03
1756288800,21.58,21.65,21.49,21.55,5765.58
1756292400,21.55,21.63,21.54,21.56,7820.6
1756317600,21.92,22.01,21.89,21.89,14403.59
1756321200,21.89,21.95,21.67,21.78,12870.15
1756324800,21.78,21.99,21.54,21.92,74270.56
1756328400,21.93,21.96,21.62,21.65,16300.39
1756332000,21.64,21.66,21.39,21.59,63729.44
1756335600,21.59,21.65,21.36,21.51,86404.23000000001
1756339200,21.5,21.61,21.31,21.51,30852.43
1756342800,21.51,21.7,21.51,21.64,18362.58
1756346400,21.64,21.69,21.51,21.55,17096.39
1756350000,21.54,21.68,21.52,21.66,17935.79
1756353600,21.65,21.87,21.61,21.85,15988.78
1756357200,21.84,21.89,21.69,21.79,36632.0
1756360800,21.78,21.8,21.72,21.77,11789.85
1756364400,21.77,21.82,21.7,21.81,21846.96
1756368000,21.81,21.97,21.78,21.8,13550.25
1756371600,21.81,21.81,21.67,21.72,7355.95
1756375200,21.73,21.82,21.68,21.8,5494.68
1756378800,21.8,21.8,21.7,21.78,5653.79
1756404000,21.55,21.71,21.55,21.64,4476.41
1756407600,21.65,21.68,21.41,21.41,6654.5599999999995
1756411200,21.41,21.55,21.38,21.52,9245.460000000001
1756414800,21.53,21.64,21.52,21.63,7575.6
1756418400,21.63,21.83,21.63,21.8,9131.19
1756422000,21.81,21.82,21.66,21.69,17868.989999999998
1756425600,21.68,21.76,21.53,21.58,16760.27
1756429200,21.58,21.59,21.29,21.41,25084.54
1756432800,21.4,21.63,21.38,21.53,9064.94
1756436400,21.52,21.61,21.45,21.55,14881.449999999999
1756440000,21.54,21.6,21.43,21.44,15481.470000000001
1756443600,21.45,21.48,21.36,21.44,6175.12
1756447200,21.44,21.47,21.19,21.24,39143.11
1756450800,21.24,21.25,20.9,20.95,50417.24
1756454400,20.95,21.03,20.73,20.76,38306.19
1756458000,20.76,20.89,20.62,20.89,43426.21
1756461600,20.89,20.97,20.86,20.91,9253.44
1756465200,20.91,20.99,20.86,20.91,4988.46
1756490400,20.65,20.65,20.53,20.58,22149.69
1756494000,20.57,20.83,20.55,20.76,26082.9
1756497600,20.76,20.79,20.68,20.72,11723.62
1756501200,20.73,20.92,20.64,20.9,15919.89
1756504800,20.9,20.92,20.81,20.92,5544.34
1756508400,20.92,20.97,20.89,20.92,5439.56
1756512000,20.93,20.96,20.83,20.88,18732.97
1756515600,20.87,20.91,20.56,20.58,33657.05
1756519200,20.58,20.88,20.56,20.88,17016.74
1756522800,20.87,21.12,20.87,21.0,50032.06
1756526400,21.0,21.02,20.93,20.95,9105.53
1756530000,20.95,21.04,20.92,20.96,10778.98
1756533600,20.97,21.04,20.93,21.01,4734.34
1756537200,21.01,21.11,21.01,21.06,23304.98
1756540800,21.07,21.08,21.0,21.03,8526.49
1756544400,21.04,21.04,20.97,20.97,11775.22
1756548000,20.98,21.08,20.97,21.06,7678.22
1756551600,21.05,21.06,21.01,21.02,2018.88
1756576800,20.79,20.83,20.76,20.79,2929.72
1756580400,20.79,20.87,20.77,20.86,6059.39
1756584000,20.87,20.88,20.79,20.86,4108.150000000001
1756587600,20.86,20.89,20.81,20.87,6668.72
1756591200,20.87,20.93,20.82,20.9,4250.75
1756594800,20.9,20.96,20.9,20.94,9403.73
1756598400,20.94,21.18,20.94,21.15,21865.71
1756602000,21.16,21.2,21.12,21.2,22974.52
1756605600,21.2,21.24,21.15,21.16,4412.11
1756609200,21.17,21.21,21.12,21.21,13413.69
1756612800,21.22,21.22,21.09,21.14,11294.33
1756616400,21.13,21.13,21.07,21.1,5139.24
1756620000,21.1,21.12,21.01,21.01,6971.29
1756623600,21.01,21.08,21.0,21.06,43560.79
1756627200,21.07,21.2,21.07,21.2,8306.17
1756630800,21.2,21.21,21.05,21.05,13094.5
1756634400,21.06,21.07,20.92,20.97,9120.4
1756638000,20.97,21.06,20.94,21.05,4563.5
1756663200,20.98,21.07,20.97,21.05,9921.64
1756666800,21.04,21.07,20.97,20.97,2812.6
1756670400,20.97,21.05,20.94,21.01,2968.13
1756674000,21.01,21.04,20.96,21.02,3289.9
1756677600,21.01,21.04,20.86,20.91,10615.33
1756681200,20.9,20.9,20.67,20.68,20002.85
1756684800,20.69,20.71,20.44,20.62,33314.42
1756688400,20.62,20.77,20.53,20.7,8785.5
1756692000,20.7,20.72,20.38,20.47,18265.67
1756695600,20.47,20.56,20.43,20.53,15468.64
1756699200,20.53,20.55,20.31,20.4,45810.82
1756702800,20.39,20.51,20.3,20.45,16658.14
1756706400,20.45,20.52,20.36,20.49,20937.829999999998
1756710000,20.5,21.04,20.42,21.03,47273.89
1756713600,21.04,21.37,21.0,21.19,140962.83000000002
1756717200,21.19,21.28,21.06,21.06,28065.2
1756720800,21.07,21.08,20.81,20.9,42210.32
1756724400,20.9,20.95,20.81,20.83,7782.44
1756749600,20.5,20.56,20.48,20.51,15461.48
1756753200,20.52,20.6,20.51,20.6,7026.39
1756756800,20.59,20.61,20.11,20.36,68241.77
1756760400,20.36,20.37,20.06,20.19,41389.55
1756764000,20.19,20.32,20.12,20.26,25804.2
1756767600,20.25,20.53,20.25,20.51,20009.73
1756771200,20.5,20.52,20.43,20.48,14341.550000000001
1756774800,20.47,20.65,20.41,20.57,21222.61
1756778400,20.57,20.79,20.54,20.79,29383.100000000002
1756782000,20.79,20.89,20.74,20.83,20750.32
1756785600,20.83,20.89,20.79,20.89,8926.6
1756789200,20.89,20.93,20.83,20.88,13114.77
1756792800,20.87,20.92,20.84,20.87,25014.45
1756796400,20.87,20.87,20.69,20.71,15523.41
1756800000,20.71,20.8,20.69,20.74,10640.42
1756803600,20.74,20.8,20.72,20.79,10696.710000000001
1756807200,20.79,20.79,20.73,20.76,12102.980000000001
1756810800,20.77,20.77,20.7,20.72,10453.949999999999
1756836000,20.57,20.68,20.47,20.61,5061.05
1756839600,20.62,20.69,20.51,20.56,16357.44
1756843200,20.56,20.77,20.53,20.74,11458.1
1756846800,20.74,20.84,20.73,20.81,7886.72
1756850400,20.8,20.83,20.75,20.82,10724.210000000001
1756854000,20.83,20.84,20.76,20.81,8238.5
1756857600,20.81,20.85,20.7,20.71,6578.81
1756861200,20.71,20.84,20.66,20.84,6390.83
1756864800,20.84,20.92,20.78,20.83,12357.539999999999
1756868400,20.83,20.87,20.74,20.77,4194.79
1756872000,20.77,20.8,20.71,20.77,5669.27
1756875600,20.78,20.78,20.66,20.67,6083.47
1756879200,20.67,20.75,20.6,20.65,5129.9800000000005
1756882800,20.65,20.68,20.6,20.68,7394.26
1756886400,20.68,20.8,20.66,20.69,17253.88
1756890000,20.69,20.76,20.61,20.76,5072.59
1756893600,20.77,20.83,20.72,20.79,11086.82
1756897200,20.78,20.86,20.78,20.86,5712.73
1756922400,20.96,20.97,20.9,20.93,3494.15
1756926000,20.93,20.99,20.88,20.98,10263.800000000001
1756929600,20.99,21.0,20.92,20.94,2872.7799999999997
1756933200,20.95,20.96,20.88,20.94,6254.95
1756936800,20.94,21.0,20.85,20.88,8568.6
1756940400,20.89,20.9,20.81,20.83,8867.26
1756944000,20.84,20.93,20.81,20.88,8348.48
1756947600,20.88,20.88,20.77,20.79,8797.42
1756951200,20.8,20.8,20.65,20.66,10882.63
1756954800,20.66,20.67,20.52,20.53,21623.51
1756958400,20.53,20.59,20.5,20.53,13851.34
1756962000,20.52,20.52,20.34,20.4,23610.5
1756965600,20.39,20.4,20.29,20.31,26245.45
1756969200,20.31,20.38,20.3,20.36,24221.17
1756972800,20.36,20.44,20.34,20.35,11674.99
1756976400,20.34,20.44,20.34,20.44,8740.06
1756980000,20.44,20.54,20.43,20.48,16853.36
1756983600,20.47,20.57,20.44,20.49,10007.13
1757008800,20.2,20.21,20.0,20.08,24383.34
1757012400,20.07,20.15,20.03,20.07,7391.33
1757016000,20.07,20.22,20.05,20.18,6377.0199999999995
1757019600,20.18,20.25,20.17,20.25,7899.0
1757023200,20.24,20.37,20.23,20.34,10557.63
1757026800,20.34,20.37,20.18,20.18,8061.49
1757030400,20.18,20.27,20.17,20.22,7465.15
1757034000,20.22,20.36,20.19,20.34,8675.45
1757037600,20.34,20.37,20.28,20.33,6185.63
1757041200,20.32,20.33,20.2,20.29,4802.7699999999995
1757044800,20.28,20.31,20.24,20.29,3165.4
1757048400,20.29,20.37,20.27,20.34,17769.03
1757052000,20.33,20.38,20.31,20.38,6302.25
1757055600,20.39,20.89,20.39,20.86,43376.72
1757059200,20.86,20.92,20.6,20.66,59896.799999999996
1757062800,20.67,20.67,20.53,20.64,10621.35
1757066400,20.65,20.77,20.65,20.66,39987.92
1757070000,20.66,20.7,20.64,20.69,6384.21
1757095200,20.26,20.4,20.24,20.38,5272.24
1757098800,20.37,20.44,20.36,20.43,9448.63
1757102400,20.43,20.52,20.41,20.51,7320.87
1757106000,20.52,20.52,20.32,20.39,20454.420000000002
1757109600,20.39,20.41,20.33,20.4,2019.0
1757113200,20.4,20.44,20.35,20.36,16591.2
1757116800,20.35,20.43,20.35,20.39,7871.05
1757120400,20.39,20.39,20.31,20.37,5341.25
1757124000,20.37,20.41,20.31,20.39,4959.34
1757127600,20.39,20.44,20.38,20.4,5100.13
1757131200,20.4,20.4,20.3,20.32,4191.53
1757134800,20.32,20.33,20.27,20.3,6644.349999999999
1757138400,20.3,20.36,20.28,20.34,3529.55
1757142000,20.34,20.41,20.33,20.39,5036.69
1757145600,20.4,20.4,20.35,20.36,2405.53
1757149200,20.36,20.36,20.27,20.27,8088.0
1757152800,20.27,20.27,20.22,20.25,6276.5599999999995
1757156400,20.25,20.25,20.19,20.19,4326.44
1757181600,20.22,20.22,20.17,20.19,3531.92
1757185200,20.19,20.2,20.05,20.07,8897.73
1757188800,20.07,20.18,20.06,20.18,10511.81
1757192400,20.18,20.21,20.17,20.21,4882.47
1757196000,20.21,20.25,20.17,20.19,3164.01
1757199600,20.2,20.25,20.16,20.2,3228.52
1757203200,20.21,20.27,20.19,20.24,6051.22
1757206800,20.24,20.34,20.22,20.32,10537.32
1757210400,20.32,20.37,20.3,20.37,6216.75
1757214000,20.38,20.41,20.35,20.37,3895.18
1757217600,20.37,20.39,20.35,20.37,2942.2999999999997
1757221200,20.37,20.42,20.34,20.41,3631.04
1757224800,20.41,20.46,20.39,20.39,22988.83
1757228400,20.39,20.46,20.38,20.39,8026.59
1757232000,20.4,20.46,20.38,20.39,7249.09
1757235600,20.39,20.42,20.31,20.34,5553.74
1757239200,20.34,20.38,20.32,20.37,2619.54
1757242800,20.37,20.39,20.36,20.39,1547.89
1757268000,20.3,20.31,20.24,20.3,2451.86
1757271600,20.3,20.36,20.27,20.32,3239.91
1757275200,20.32,20.38,20.28,20.38,5076.610000000001
1757278800,20.37,20.38,20.32,20.33,6560.47
1757282400,20.33,20.45,20.33,20.45,4256.89
1757286000,20.45,20.57,20.45,20.49,12169.710000000001
1757289600,20.48,20.53,20.41,20.42,8863.27
1757293200,20.42,20.44,20.37,20.4,6016.6
1757296800,20.4,20.57,20.36,20.57,11500.66
1757300400,20.57,20.72,20.56,20.63,26250.72
1757304000,20.64,20.64,20.51,20.54,9625.17
1757307600,20.55,20.58,20.51,20.55,5112.38
1757311200,20.55,20.57,20.47,20.5,8899.15
1757314800,20.5,20.61,20.49,20.51,6204.38
1757318400,20.52,20.68,20.51,20.6,17698.760000000002
1757322000,20.6,20.76,20.58,20.73,24668.31
1757325600,20.74,20.84,20.7,20.78,23546.93
1757329200,20.79,20.8,20.64,20.66,11517.21
1757354400,20.86,20.89,20.8,20.87,3356.58
1757358000,20.87,20.89,20.69,20.72,37535.909999999996
1757361600,20.73,20.76,20.66,20.71,7996.36
1757365200,20.7,20.83,20.68,20.83,12682.66
1757368800,20.84,20.88,20.8,20.82,13642.49
1757372400,20.82,20.83,20.72,20.75,11020.86
1757376000,20.75,20.88,20.67,20.75,13679.81
1757379600,20.75,20.82,20.65,20.67,24341.24
1757383200,20.68,20.7,20.49,20.54,13617.86
1757386800,20.54,20.69,20.51,20.68,10088.85
1757390400,20.67,20.72,20.61,20.68,10214.11
1757394000,20.69,20.7,20.6,20.69,14973.22
1757397600,20.7,21.01,20.68,20.97,47897.22
1757401200,20.97,21.06,20.89,20.97,47076.89
1757404800,20.97,21.04,20.92,21.01,29300.16
1757408400,21.02,21.08,20.98,21.0,20656.31
1757412000,21.0,21.06,20.93,20.97,24533.61
1757415600,20.96,21.02,20.94,20.98,6147.32
1757440800,20.44,20.48,20.41,20.45,12861.98
1757444400,20.46,20.48,20.35,20.41,17988.33
1757448000,20.4,20.44,20.33,20.41,14263.69
1757451600,20.41,20.51,20.36,20.37,16510.39
1757455200,20.37,20.48,20.33,20.48,19836.53
1757458800,20.48,20.53,20.44,20.47,15239.810000000001
1757462400,20.47,20.5,20.38,20.39,28732.83
1757466000,20.38,20.52,20.37,20.44,25615.14
1757469600,20.44,20.64,20.43,20.62,42733.05
1757473200,20.62,20.66,20.53,20.6,31872.420000000002
1757476800,20.59,20.62,20.54,20.58,19001.25
1757480400,20.58,20.6,20.48,20.53,22900.04
1757484000,20.53,20.62,20.49,20.58,21257.14
1757487600,20.57,20.75,20.57,20.68,16655.77
1757491200,20.68,20.73,20.63,20.67,15632.95
1757494800,20.67,20.68,20.6,20.64,9342.03
1757498400,20.64,20.65,20.59,20.61,13088.55
1757502000,20.6,20.66,20.59,20.59,4712.83
1757527200,20.93,20.95,20.86,20.92,12681.97
1757530800,20.92,20.93,20.67,20.72,25303.65
1757534400,20.73,20.8,20.71,20.77,5564.8
1757538000,20.76,20.88,20.75,20.88,9410.28
1757541600,20.88,20.96,20.87,20.95,13843.26
1757545200,20.95,20.97,20.9,20.95,9641.3
1757548800,20.95,21.01,20.87,21.01,14757.33
1757552400,21.01,21.07,20.99,21.07,14917.83
1757556000,21.07,21.14,21.05,21.13,15366.49
1757559600,21.13,21.23,21.12,21.22,43629.24
1757563200,21.22,21.43,21.21,21.31,47764.89
1757566800,21.31,21.33,21.18,21.3,17241.83
1757570400,21.3,21.45,21.22,21.4,20488.71
1757574000,21.4,21.53,21.39,21.52,35630.53
1757577600,21.51,21.56,21.41,21.46,23721.64
1757581200,21.46,21.46,21.26,21.34,61970.14
1757584800,21.33,21.36,21.27,21.27,14013.13
1757588400,21.27,21.33,21.23,21.28,9641.76
1757613600,21.21,21.23,21.15,21.2,2404.52
1757617200,21.19,21.28,21.18,21.23,15580.949999999999
1757620800,21.23,21.26,21.2,21.2,8238.039999999999
1757624400,21.19,21.27,21.19,21.25,7847.21
1757628000,21.25,21.42,21.23,21.41,16178.380000000001
1757631600,21.41,21.48,21.4,21.42,12050.88
1757635200,21.43,21.68,21.37,21.58,25307.74
1757638800,21.58,21.64,21.44,21.44,21042.11
1757642400,21.45,21.57,21.43,21.5,12635.57
1757646000,21.5,21.51,21.37,21.45,12108.710000000001
1757649600,21.45,21.48,21.35,21.44,13174.27
1757653200,21.44,21.68,21.42,21.67,38218.38
1757656800,21.67,21.71,21.51,21.54,19789.45
1757660400,21.53,21.59,21.46,21.49,15906.69
1757664000,21.49,21.52,21.42,21.51,14216.95
1757667600,21.51,21.52,21.4,21.45,14665.48
1757671200,21.45,21.46,21.33,21.4,16208.21
1757674800,21.4,21.43,21.36,21.4,11757.59
1757700000,21.71,21.75,21.67,21.69,9615.8
1757703600,21.69,21.76,21.63,21.75,10450.94
1757707200,21.75,21.93,21.67,21.85,40954.11
1757710800,21.85,21.86,21.7,21.75,32817.97
1757714400,21.75,22.03,21.75,21.98,34029.68
1757718000,21.99,22.01,21.9,21.98,23006.35
1757721600,21.97,22.02,21.86,22.01,36194.71
1757725200,22.01,22.2,21.95,21.96,74487.76999999999
1757728800,21.96,22.08,21.91,21.94,20148.350000000002
1757732400,21.94,22.15,21.94,22.12,21520.93
1757736000,22.12,22.14,22.02,22.02,23280.7
1757739600,22.02,22.09,21.96,22.08,29516.63
1757743200,22.08,22.16,22.05,22.09,16055.68
1757746800,22.08,22.09,22.01,22.01,19596.059999999998
1757750400,22.02,22.3,22.01,22.27,40030.94
1757754000,22.26,22.29,22.19,22.29,25716.8
1757757600,22.28,22.33,22.15,22.22,38740.77
1757761200,22.21,22.24,22.1,22.24,16697.71
1757786400,21.96,21.99,21.9,21.94,10726.12
1757790000,21.94,21.95,21.87,21.9,12609.09
1757793600,21.9,22.01,21.89,21.96,12228.92
1757797200,21.96,22.08,21.96,22.0,18000.88
1757800800,22.0,22.03,21.95,21.99,12435.97
1757804400,21.98,22.09,21.98,22.06,12295.63
1757808000,22.06,22.11,21.9,21.95,17779.52
1757811600,21.94,21.95,21.72,21.88,56133.42
1757815200,21.89,22.02,21.81,21.89,169971.63
1757818800,21.89,21.92,21.6,21.63,61253.44
1757822400,21.62,21.66,21.48,21.6,51910.2
1757826000,21.6,21.76,21.59,21.74,12610.23
1757829600,21.74,21.76,21.57,21.65,14419.01
1757833200,21.66,21.68,21.55,21.58,17961.6
1757836800,21.58,21.67,21.54,21.62,15881.67
1757840400,21.61,21.73,21.58,21.65,19395.39
1757844000,21.65,21.69,21.6,21.61,15364.1
1757847600,21.61,21.63,21.39,21.42,35769.63
1757872800,21.07,21.11,21.05,21.06,8044.68
1757876400,21.05,21.17,21.02,21.11,10203.28
1757880000,21.11,21.21,21.11,21.15,8682.67
1757883600,21.15,21.28,21.07,21.25,15102.16
1757887200,21.26,21.37,21.19,21.31,10291.75
1757890800,21.3,21.31,21.08,21.13,17398.41
1757894400,21.13,21.27,21.03,21.12,39663.49
1757898000,21.12,21.43,20.94,21.17,85067.23
1757901600,21.17,21.27,21.12,21.14,12928.74
1757905200,21.14,21.28,21.13,21.24,27241.54
1757908800,21.24,21.32,21.19,21.21,13915.06
1757912400,21.2,21.37,21.19,21.37,32012.16
1757916000,21.37,21.43,21.01,21.09,47358.04
1757919600,21.08,21.2,20.81,20.86,107441.63
1757923200,20.86,20.86,20.39,20.42,135581.25
1757926800,20.42,20.65,20.38,20.6,33334.51
1757930400,20.6,20.6,20.45,20.55,21826.7
1757934000,20.55,20.58,20.48,20.48,20991.64
1757959200,20.28,20.33,20.24,20.29,6406.98
1757962800,20.29,20.39,20.2,20.3,43398.45
1757966400,20.29,20.35,20.27,20.33,14570.59
1757970000,20.33,20.4,20.28,20.4,18823.66
1757973600,20.4,20.41,20.29,20.33,37081.19
1757977200,20.32,20.38,20.28,20.36,36638.81
1757980800,20.36,20.36,20.27,20.35,62417.86
1757984400,20.35,20.47,20.31,20.32,42748.58
1757988000,20.33,20.38,20.26,20.27,52030.05
1757991600,20.27,20.34,20.23,20.27,55146.65
1757995200,20.27,20.3,20.1,20.29,96697.3
1757998800,20.29,20.43,20.26,20.43,20532.24
1758002400,20.43,20.47,20.32,20.4,29882.47
1758006000,20.4,20.52,20.39,20.48,14796.199999999999
1758009600,20.49,20.59,20.47,20.54,71832.6
1758013200,20.54,20.55,20.46,20.49,36816.93
1758016800,20.49,20.51,20.36,20.37,46938.22
1758020400,20.37,20.43,20.35,20.4,22196.66
1758045600,20.44,20.44,20.38,20.41,7770.43
1758049200,20.41,20.53,20.37,20.51,25026.93
1758052800,20.51,20.54,20.48,20.54,10704.35
1758056400,20.54,20.58,20.5,20.58,21809.68
1758060000,20.57,20.59,20.53,20.56,24531.73
1758063600,20.55,20.56,20.51,20.52,14725.11
1758067200,20.52,20.57,20.48,20.56,14105.29
1758070800,20.56,20.59,20.48,20.51,16496.73
1758074400,20.51,20.61,20.48,20.53,66120.19
1758078000,20.52,20.55,20.4,20.41,20691.43
1758081600,20.41,20.44,20.25,20.29,28268.23
1758085200,20.3,20.41,20.26,20.4,19414.27
1758088800,20.41,20.52,20.37,20.52,14119.05
1758092400,20.52,20.56,20.49,20.49,11469.52
1758096000,20.49,20.5,20.35,20.37,14459.64
1758099600,20.37,20.39,20.31,20.32,10213.77
1758103200,20.32,20.37,20.28,20.32,9048.33
1758106800,20.31,20.39,20.3,20.34,4558.33
1758132000,20.33,20.34,20.1,20.21,48866.61
1758135600,20.21,20.53,20.21,20.5,31237.51
1758139200,20.51,20.59,20.37,20.39,59317.51
1758142800,20.4,20.59,20.32,20.57,22053.71
1758146400,20.58,20.96,20.57,20.92,334254.63
1758150000,20.93,21.03,20.81,20.89,56510.78
1758153600,20.9,20.99,20.82,20.84,32399.84
1758157200,20.85,21.01,20.82,20.96,21560.24
1758160800,20.97,20.97,20.85,20.97,21253.89
1758164400,20.97,21.07,20.94,21.03,30414.35
1758168000,21.03,21.05,20.94,21.02,19030.66
1758171600,21.01,21.02,20.87,20.9,23226.829999999998
1758175200,20.9,20.91,20.69,20.78,35762.48
1758178800,20.77,20.9,20.75,20.84,19169.61
1758182400,20.85,20.97,20.79,20.96,23687.25
1758186000,20.95,20.97,20.89,20.91,26812.88
1758189600,20.92,20.93,20.77,20.8,30208.559999999998
1758193200,20.8,20.85,20.77,20.8,37624.76
1758218400,21.12,21.19,21.08,21.18,4554.61
1758222000,21.18,21.18,21.02,21.13,20358.420000000002
1758225600,21.12,21.18,21.1,21.13,10899.42
1758229200,21.13,21.16,21.07,21.09,24126.65
1758232800,21.08,21.11,21.01,21.01,17892.43
1758236400,21.01,21.03,20.89,20.99,30767.72
1758240000,20.98,21.18,20.98,21.16,71773.73
1758243600,21.15,21.18,21.05,21.08,63447.020000000004
1758247200,21.07,21.12,20.91,20.91,20517.37
1758250800,20.92,21.0,20.73,20.76,34517.99
1758254400,20.75,20.8,20.62,20.8,31314.33
1758258000,20.8,20.82,20.62,20.77,58761.73
1758261600,20.77,20.77,20.59,20.6,24270.64
1758265200,20.6,20.74,20.58,20.69,10852.04
1758268800,20.69,20.75,20.63,20.65,12132.710000000001
1758272400,20.65,20.72,20.49,20.54,22434.78
1758276000,20.54,20.61,20.49,20.57,16422.739999999998
1758279600,20.57,20.57,20.37,20.41,39933.25
1758304800,20.23,20.26,20.2,20.22,5169.68
1758308400,20.23,20.28,20.19,20.19,7819.74
1758312000,20.19,20.26,20.18,20.19,5704.08
1758315600,20.19,20.28,20.14,20.25,17069.79
1758319200,20.25,20.28,20.21,20.21,16353.01
1758322800,20.22,20.22,20.03,20.2,56796.78
1758326400,20.2,20.26,20.16,20.26,19289.98
1758330000,20.26,20.27,20.16,20.2,24352.86
1758333600,20.2,20.25,20.09,20.24,29008.19
1758337200,20.24,20.25,20.18,20.23,15712.18
1758340800,20.23,20.3,20.2,20.28,14682.66
1758344400,20.27,20.33,20.24,20.33,8273.99
1758348000,20.32,20.33,20.28,20.3,10427.31
1758351600,20.3,20.38,20.29,20.37,9922.55
1758355200,20.38,20.38,20.22,20.23,16356.140000000001
1758358800,20.23,20.28,20.17,20.21,27742.49
1758362400,20.21,20.28,20.18,20.18,11315.28
1758366000,20.19,20.26,20.16,20.25,10250.38
1758391200,20.24,20.24,20.2,20.22,8166.9
1758394800,20.23,20.27,20.18,20.22,15557.07
1758398400,20.21,20.27,20.19,20.26,6738.58
1758402000,20.26,20.33,20.23,20.27,10266.73
1758405600,20.26,20.27,20.22,20.26,8272.15
1758409200,20.25,20.25,20.15,20.19,18671.88
1758412800,20.18,20.29,20.15,20.27,11163.16
1758416400,20.26,20.27,20.15,20.15,27973.52
1758420000,20.16,20.26,20.14,20.24,15436.640000000001
1758423600,20.25,20.25,20.19,20.23,18102.03
1758427200,20.24,20.24,20.16,20.18,8751.54
1758430800,20.19,20.25,20.16,20.24,8144.3
1758434400,20.25,20.31,20.21,20.21,12861.93
1758438000,20.21,20.24,20.18,20.19,9361.43
1758441600,20.19,20.22,20.1,20.11,32602.510000000002
1758445200,20.11,20.12,19.84,19.96,79622.0
1758448800,19.96,19.99,19.89,19.9,17457.02
1758452400,19.89,19.96,19.85,19.87,29415.35
1758477600,20.02,20.04,20.0,20.04,3426.62
1758481200,20.04,20.05,19.92,20.0,14161.9
1758484800,19.99,20.01,19.93,19.95,7631.65
1758488400,19.96,20.02,19.95,19.99,7066.62
1758492000,19.98,20.05,19.9,20.05,9936.81
1758495600,20.04,20.04,19.88,19.88,12622.82
1758499200,19.88,19.95,19.25,19.35,166749.13999999998
1758502800,19.35,19.56,19.3,19.42,55102.86
1758506400,19.43,19.46,19.1,19.25,79975.55
1758510000,19.24,19.38,19.24,19.34,28390.17
1758513600,19.34,19.39,19.28,19.29,41881.72
1758517200,19.28,19.29,18.96,18.97,98847.04000000001
1758520800,18.97,18.99,17.66,18.61,497425.88
1758524400,18.6,18.65,18.49,18.51,95497.21
1758528000,18.51,18.7,18.43,18.66,77379.83
1758531600,18.65,18.67,18.45,18.47,101686.20999999999
1758535200,18.47,18.64,18.42,18.62,40983.37
1758538800,18.62,18.64,18.47,18.49,64236.159999999996
1758564000,18.53,18.53,18.43,18.43,6789.31
1758567600,18.44,18.46,18.32,18.4,33662.59
1758571200,18.4,18.6,18.37,18.57,27024.15
1758574800,18.57,18.64,18.53,18.64,11757.36
1758578400,18.63,18.64,18.58,18.63,12313.97
1758582000,18.62,18.72,18.61,18.71,13356.7
1758585600,18.71,18.77,18.69,18.71,15669.81
1758589200,18.71,18.75,18.63,18.64,20625.26
1758592800,18.63,18.67,18.49,18.49,24725.97
1758596400,18.49,18.78,18.41,18.74,50126.6
1758600000,18.73,18.78,18.55,18.67,18206.01
1758603600,18.67,18.77,18.63,18.7,10800.25
1758607200,18.7,18.92,18.7,18.9,24349.09
1758610800,18.9,18.96,18.85,18.85,13196.76
1758614400,18.85,18.92,18.84,18.89,13175.21
1758618000,18.88,18.95,18.78,18.81,13533.55
1758621600,18.81,18.94,18.8,18.93,13519.41
1758625200,18.92,18.94,18.86,18.92,13384.92
1758650400,18.88,18.89,18.78,18.84,5308.82
1758654000,18.84,18.96,18.8,18.85,10586.64
1758657600,18.85,18.98,18.83,18.98,12506.84
1758661200,18.98,19.0,18.88,18.97,7398.05
1758664800,18.97,18.97,18.85,18.86,7030.070000000001
1758668400,18.87,18.89,18.77,18.8,10215.3
1758672000,18.8,18.94,18.8,18.86,11276.23
1758675600,18.85,18.99,18.82,18.98,11703.6
1758679200,18.98,18.98,18.84,18.9,9748.81
1758682800,18.89,18.91,18.6,18.64,42668.21
1758686400,18.63,18.83,18.44,18.74,49815.74
1758690000,18.73,18.98,18.73,18.96,20897.03
1758693600,18.97,19.14,18.8,19.03,195322.58
1758697200,19.03,19.06,18.93,18.97,12545.9
1758700800,18.98,19.0,18.92,18.98,6236.42
1758704400,18.98,19.01,18.93,19.01,9171.77
1758708000,19.0,19.03,18.92,18.99,10235.7
1758711600,18.99,19.04,18.94,18.95,8615.02
1758736800,18.87,18.87,18.81,18.84,2365.02
1758740400,18.84,18.86,18.76,18.79,8838.17
1758744000,18.8,18.82,18.72,18.79,9340.16
1758747600,18.8,18.82,18.66,18.68,10010.4
1758751200,18.68,18.75,18.67,18.69,12035.36
1758754800,18.69,18.72,18.52,18.6,67210.81
1758758400,18.6,18.66,18.47,18.52,40521.35
1758762000,18.52,18.6,18.5,18.57,40988.26
1758765600,18.57,18.73,18.47,18.66,17940.31
1758769200,18.65,18.65,18.4,18.55,19555.420000000002
1758772800,18.54,18.6,18.21,18.3,41154.65
1758776400,18.3,18.5,18.23,18.46,23209.57
1758780000,18.45,18.46,18.29,18.3,56187.38
1758783600,18.3,18.39,18.27,18.28,15170.35
1758787200,18.29,18.4,18.24,18.31,14314.4
1758790800,18.3,18.45,18.26,18.27,21896.0
1758794400,18.26,18.38,18.2,18.21,12867.59
1758798000,18.21,18.25,18.16,18.19,18593.67
1758823200,18.0,18.16,17.99,18.16,10309.289999999999
1758826800,18.16,18.25,18.03,18.05,13982.06
1758830400,18.05,18.07,17.91,17.96,9060.75
1758834000,17.96,18.1,17.88,18.02,14267.57
1758837600,18.02,18.12,17.9,17.97,15912.34
1758841200,17.97,18.06,17.76,17.89,50121.76
1758844800,17.9,18.17,17.88,18.13,20884.02
1758848400,18.13,18.18,18.06,18.14,13752.91
1758852000,18.13,18.2,18.07,18.11,8915.25
1758855600,18.11,18.15,18.06,18.14,6108.65
1758859200,18.14,18.16,18.04,18.05,10569.32
1758862800,18.06,18.14,18.0,18.01,11787.98
1758866400,18.02,18.13,17.96,18.0,62046.3
1758870000,18.01,18.08,17.89,18.0,23956.61
1758873600,18.01,18.07,17.98,18.01,10165.25
1758877200,18.02,18.06,17.86,17.9,25077.079999999998
1758880800,17.9,17.91,17.75,17.79,40948.74
1758884400,17.8,17.93,17.73,17.9,18530.75
1758909600,18.5,18.52,18.46,18.5,5435.21
1758913200,18.5,18.52,18.37,18.43,19410.76
1758916800,18.43,18.45,18.37,18.37,6680.92
1758920400,18.36,18.42,18.34,18.4,6595.2699999999995
1758924000,18.4,18.44,18.38,18.39,9405.7
1758927600,18.38,18.42,18.35,18.4,11464.7
1758931200,18.39,18.39,18.31,18.36,8697.99
1758934800,18.36,18.36,18.27,18.29,6927.54
1758938400,18.3,18.31,18.24,18.24,8239.59
1758942000,18.24,18.3,18.23,18.25,9509.02
1758945600,18.25,18.26,18.19,18.22,7587.780000000001
1758949200,18.23,18.25,18.18,18.23,5212.98
1758952800,18.23,18.24,18.18,18.23,7600.99
1758956400,18.24,18.27,18.17,18.18,6616.87
1758960000,18.19,18.19,18.08,18.08,8636.27
1758963600,18.08,18.16,18.04,18.14,9396.9
1758967200,18.14,18.23,18.12,18.19,10028.64
1758970800,18.19,18.23,18.19,18.23,3531.11
1758996000,18.13,18.17,18.13,18.17,674.48
1758999600,18.17,18.21,18.15,18.2,6686.65
1759003200,18.2,18.24,18.19,18.2,4190.91
1759006800,18.21,18.29,18.19,18.27,5385.2300000000005
1759010400,18.28,18.35,18.26,18.28,9000.03
1759014000,18.28,18.31,18.24,18.25,5690.04
1759017600,18.24,18.25,18.15,18.16,8884.64
1759021200,18.15,18.17,18.03,18.06,12923.5
1759024800,18.07,18.12,18.04,18.08,6477.35
1759028400,18.08,18.1,18.03,18.08,4979.45
1759032000,18.08,18.08,18.02,18.05,8390.29
1759035600,18.05,18.09,18.01,18.03,7844.9400000000005
1759039200,18.03,18.06,17.94,18.01,12819.11
1759042800,18.01,18.04,17.95,18.01,8890.92
1759046400,18.02,18.04,17.94,17.97,6012.6
1759050000,17.97,18.0,17.91,17.96,6678.0599999999995
1759053600,17.95,17.99,17.91,17.99,4292.79
1759057200,17.98,17.99,17.91,17.97,7615.1
1759060800,17.98,17.98,17.96,17.96,208.46
1759082400,18.19,18.24,18.19,18.23,2067.13
1759086000,18.24,18.31,18.21,18.31,7860.83
1759089600,18.31,18.39,18.3,18.34,15716.19
1759093200,18.34,18.39,18.28,18.31,6577.53
1759096800,18.31,18.58,18.31,18.55,25641.739999999998
1759100400,18.55,18.57,18.5,18.54,14206.84
1759104000,18.54,18.54,18.47,18.47,12305.49
1759107600,18.47,18.51,18.38,18.38,11149.71
1759111200,18.38,18.48,18.36,18.47,7429.68
1759114800,18.47,18.48,18.42,18.47,2302.21
1759118400,18.47,18.47,18.41,18.43,4268.37
1759122000,18.44,18.46,18.36,18.46,3313.0
1759125600,18.46,18.46,18.38,18.38,2946.85
1759129200,18.38,18.44,18.33,18.4,6434.41
1759132800,18.4,18.46,18.36,18.42,36351.33
1759136400,18.42,18.46,18.36,18.37,9088.6
1759140000,18.37,18.41,18.28,18.28,9430.98
1759143600,18.28,18.3,18.22,18.27,8112.24
1759147200,18.27,18.27,18.25,18.26,321.34
1759168800,18.36,18.4,18.36,18.39,2145.48
1759172400,18.39,18.56,18.38,18.54,9876.66
1759176000,18.54,18.69,18.54,18.67,14064.93
1759179600,18.68,18.72,18.64,18.66,11526.869999999999
1759183200,18.66,18.73,18.62,18.69,10526.56
1759186800,18.68,18.71,18.62,18.63,12557.58
1759190400,18.62,18.72,18.55,18.55,15029.98
1759194000,18.54,18.63,18.44,18.5,12616.67
1759197600,18.49,18.5,18.44,18.44,7442.61
1759201200,18.44,18.51,18.43,18.45,8713.76
1759204800,18.44,18.52,18.44,18.46,6741.15
1759208400,18.47,18.49,18.38,18.45,20692.94
1759212000,18.46,18.51,18.41,18.43,9262.12
1759215600,18.42,18.47,18.29,18.32,8953.18
1759219200,18.32,18.33,18.27,18.29,14708.26
1759222800,18.28,18.35,18.23,18.25,8413.369999999999
1759226400,18.26,18.34,18.22,18.3,7516.09
1759230000,18.3,18.35,18.25,18.35,5415.92
1759233600,18.35,18.35,18.32,18.32,482.18
1759255200,18.12,18.15,18.11,18.14,1287.28
1759258800,18.14,18.39,18.12,18.39,8606.12
1759262400,18.39,18.58,18.37,18.58,9987.369999999999
1759266000,18.57,18.59,18.46,18.46,10883.2
1759269600,18.46,18.55,18.37,18.4,6828.83
1759273200,18.41,18.44,18.34,18.44,4854.51
1759276800,18.45,18.45,18.26,18.33,7815.25
1759280400,18.34,18.5,18.31,18.49,6928.85
1759284000,18.49,18.5,18.37,18.37,3106.17
1759287600,18.38,18.39,18.22,18.22,9032.050000000001
1759291200,18.22,18.41,18.22,18.34,4276.9800000000005
1759294800,18.35,18.44,18.34,18.38,2518.61
1759298400,18.37,18.4,18.22,18.23,4053.4900000000002
1759302000,18.22,18.31,18.2,18.26,5967.59
1759305600,18.26,18.96,18.26,18.94,68918.14
1759309200,18.94,19.13,18.92,19.09,44199.65
1759312800,19.08,19.11,18.89,18.91,34806.07
1759316400,18.92,19.03,18.91,18.97,12611.62
1759320000,18.97,19.0,18.97,19.0,764.83
1759341600,19.3,19.32,19.28,19.28,2399.09
1759345200,19.28,19.5,19.27,19.41,95601.53
1759348800,19.41,19.45,19.34,19.39,22914.03
1759352400,19.38,19.38,19.24,19.27,11795.32
1759356000,19.27,19.33,19.24,19.29,10680.68
1759359600,19.29,19.69,19.27,19.57,80424.4
1759363200,19.57,19.66,19.49,19.5,29324.75
1759366800,19.5,19.73,19.49,19.72,77842.62
1759370400,19.73,19.84,19.65,19.71,69403.53
1759374000,19.72,19.73,19.66,19.68,12911.0
1759377600,19.67,19.68,19.55,19.63,21390.76
1759381200,19.63,19.71,19.6,19.7,42929.26
1759384800,19.7,19.86,19.69,19.83,52422.06
1759388400,19.83,19.97,19.8,19.91,34571.76
1759392000,19.92,19.98,19.88,19.9,17338.28
1759395600,19.89,19.91,19.82,19.84,9312.5
1759399200,19.85,20.03,19.8,19.99,27641.23
1759402800,19.99,20.01,19.78,19.8,23496.43
1759406400,19.79,19.83,19.77,19.82,1097.13
1759428000,19.91,19.96,19.91,19.93,16178.339999999998
1759431600,19.94,20.14,19.92,20.03,32374.18
1759435200,20.03,20.05,19.95,20.04,17279.71
1759438800,20.05,20.06,19.96,19.98,29501.4
1759442400,19.98,20.04,19.9,19.95,13241.3
1759446000,19.95,20.08,19.94,20.07,18078.09
1759449600,20.08,20.1,19.88,19.89,21615.52
1759453200,19.89,19.92,19.75,19.75,20173.12
1759456800,19.74,19.91,19.73,19.87,19882.68
1759460400,19.87,19.99,19.78,19.8,23592.44
1759464000,19.8,19.98,19.8,19.9,15814.35
1759467600,19.9,19.91,19.72,19.76,11915.27
1759471200,19.76,19.8,19.62,19.71,13776.4
1759474800,19.71,19.74,19.62,19.7,10477.1
1759478400,19.7,19.71,19.54,19.71,20208.609999999997
1759482000,19.71,19.72,19.59,19.68,77166.72
1759485600,19.68,19.68,19.6,19.61,12152.38
1759489200,19.62,19.62,19.53,19.58,10867.95
1759492800,19.58,19.59,19.58,19.58,468.87
1759514400,19.93,20.0,19.93,20.0,5860.44
1759518000,20.0,20.09,19.94,20.0,12887.42
1759521600,20.0,20.02,19.89,19.99,19731.76
1759525200,19.99,20.02,19.89,19.93,2847.22
1759528800,19.94,20.0,19.94,19.97,7574.9400000000005
1759532400,19.96,19.96,19.89,19.94,9994.94
1759536000,19.95,20.0,19.85,19.95,13945.57
1759539600,19.96,19.96,19.71,19.75,22818.03
1759543200,19.75,19.8,19.65,19.75,11526.42
1759546800,19.75,19.76,19.66,19.72,7846.66
1759550400,19.72,19.76,19.63,19.67,15960.83
1759554000,19.67,19.76,19.66,19.72,6430.14
1759557600,19.71,19.77,19.69,19.73,7402.17
1759561200,19.73,19.73,19.61,19.64,7120.88
1759564800,19.63,19.64,19.48,19.51,21753.31
1759568400,19.5,19.56,19.41,19.44,16294.03
1759572000,19.43,19.5,19.35,19.39,13021.95
1759575600,19.38,19.42,19.33,19.38,7092.03
1759579200,19.37,19.39,19.36,19.37,1943.73
1759600800,19.36,19.37,19.34,19.35,721.43
1759604400,19.36,19.45,19.36,19.44,4896.5
1759608000,19.44,19.48,19.41,19.43,9101.8
1759611600,19.42,19.53,19.42,19.48,5467.99
1759615200,19.48,19.52,19.45,19.47,4316.37
1759618800,19.47,19.48,19.43,19.45,5420.820000000001
1759622400,19.44,19.5,19.36,19.36,7341.43
1759626000,19.36,19.45,19.36,19.44,3902.23
1759629600,19.44,19.77,19.41,19.76,27047.31
1759633200,19.77,19.86,19.72,19.74,21369.81
1759636800,19.73,19.91,19.69,19.84,32801.63
1759640400,19.85,19.92,19.81,19.88,37579.63
1759644000,19.87,19.97,19.86,19.91,32538.94
1759647600,19.91,20.19,19.9,20.17,31603.08
1759651200,20.17,20.33,20.14,20.15,45180.92
1759654800,20.15,20.18,19.92,19.94,39961.86
1759658400,19.95,19.95,19.8,19.89,26171.829999999998
1759662000,19.89,19.91,19.8,19.88,14532.35
1759665600,19.87,19.87,19.8,19.81,1355.41
1759687200,19.6,19.62,19.57,19.57,3459.65
1759690800,19.57,19.57,19.34,19.36,37494.26
1759694400,19.35,19.46,19.29,19.4,21707.4
1759698000,19.39,19.41,19.34,19.41,4995.19
1759701600,19.41,19.5,19.35,19.42,7329.67
1759705200,19.42,19.48,19.4,19.41,13978.84
1759708800,19.41,19.59,19.31,19.38,26728.62
1759712400,19.38,19.62,19.33,19.54,13912.22
1759716000,19.54,19.68,19.44,19.6,12652.06
1759719600,19.59,19.61,19.5,19.53,26833.059999999998
1759723200,19.53,19.54,19.42,19.43,8208.59
1759726800,19.42,19.58,19.4,19.57,12850.550000000001
1759730400,19.57,19.75,19.56,19.73,25545.61
1759734000,19.74,19.79,19.55,19.6,20206.5
1759737600,19.59,19.73,19.59,19.67,26314.14
1759741200,19.67,19.74,19.66,19.7,10357.720000000001
1759744800,19.7,19.72,19.63,19.67,8994.8
1759748400,19.67,19.81,19.63,19.72,11284.54
1759752000,19.72,19.78,19.72,19.76,2350.31
1759773600,20.17,20.2,20.16,20.18,4454.1900000000005
1759777200,20.18,20.18,20.08,20.13,16509.83
1759780800,20.14,20.21,20.08,20.11,7769.26
1759784400,20.12,20.15,20.04,20.11,9497.7
1759788000,20.12,20.16,20.05,20.09,6945.03
1759791600,20.09,20.1,19.98,19.98,13205.92
1759795200,19.97,20.05,19.96,20.03,10557.31
1759798800,20.03,20.09,19.93,19.97,20116.43
1759802400,19.97,20.05,19.96,19.99,9414.85
1759806000,19.99,20.06,19.96,20.05,23455.89
1759809600,20.05,20.13,19.89,20.08,13156.199999999999
1759813200,20.07,20.08,19.98,20.0,9723.09
1759816800,20.0,20.03,19.74,19.77,13697.77
1759820400,19.77,19.82,19.68,19.75,21872.440000000002
1759824000,19.75,19.75,19.53,19.56,47554.48
1759827600,19.56,19.73,19.54,19.72,38580.479999999996
1759831200,19.71,19.81,19.67,19.78,8956.12
1759834800,19.78,19.87,19.74,19.83,14427.28
1759838400,19.83,19.83,19.75,19.81,1448.56
1759860000,19.11,19.11,19.08,19.08,862.41
1759863600,19.07,19.18,19.04,19.08,11831.02
1759867200,19.08,19.24,19.07,19.18,9144.38
1759870800,19.18,19.24,19.09,19.12,9876.51
1759874400,19.12,19.18,19.07,19.13,5592.71
1759878000,19.12,19.14,18.99,19.03,8332.37
1759881600,19.03,19.24,19.02,19.18,11504.93
1759885200,19.17,19.24,19.14,19.21,5229.54
1759888800,19.2,19.24,19.15,19.16,6253.8
1759892400,19.15,19.16,18.88,19.0,21080.5
1759896000,19.0,19.15,18.91,19.13,14032.78
1759899600,19.13,19.14,19.02,19.12,7387.360000000001
1759903200,19.12,19.14,18.98,19.08,29287.460000000003
1759906800,19.09,19.14,19.01,19.13,7570.46
1759910400,19.13,19.25,19.12,19.18,13178.64
1759914000,19.18,19.19,19.08,19.13,12765.77
1759917600,19.13,19.18,19.09,19.18,7594.45
1759921200,19.18,19.21,19.09,19.12,6318.3
1759924800,19.12,19.14,19.09,19.11,3990.13
1759946400,19.71,19.77,19.71,19.73,2407.76
1759950000,19.73,19.76,19.65,19.67,14333.23
1759953600,19.68,19.77,19.64,19.66,28644.66
1759957200,19.65,19.74,19.63,19.7,10533.94
1759960800,19.71,19.77,19.69,19.69,8080.78
1759964400,19.68,19.7,19.61,19.63,10310.78
1759968000,19.64,19.66,19.46,19.49,17800.84
1759971600,19.48,19.48,19.33,19.41,32875.35
1759975200,19.41,19.42,19.03,19.08,23207.32
1759978800,19.08,19.31,19.08,19.29,8735.33
1759982400,19.29,19.37,19.26,19.35,16193.01
1759986000,19.35,19.37,19.24,19.28,9299.52
1759989600,19.27,19.27,19.12,19.14,8841.5
1759993200,19.13,19.18,19.05,19.09,19662.73
1759996800,19.09,19.1,18.78,18.82,39183.2
1760000400,18.81,18.95,18.81,18.92,14604.72
1760004000,18.92,18.98,18.84,18.95,12830.54
1760007600,18.95,19.04,18.95,18.97,14157.59
1760011200,18.97,19.05,18.96,19.04,3700.01
1760032800,18.91,18.95,18.91,18.91,955.9300000000001
1760036400,18.91,19.02,18.91,19.01,10123.8
1760040000,19.01,19.06,18.97,19.03,5684.12
1760043600,19.03,19.06,18.99,19.05,8975.49
1760047200,19.04,19.37,19.04,19.3,22023.420000000002
1760050800,19.3,19.3,19.14,19.17,20585.51
1760054400,19.18,19.36,19.15,19.3,37746.7
1760058000,19.3,19.67,19.29,19.63,103020.34
1760061600,19.64,19.79,19.48,19.63,131814.97
1760065200,19.64,20.62,19.52,20.34,281159.78
1760068800,20.35,20.5,19.91,20.02,113055.09
1760072400,20.02,20.31,19.8,20.14,78641.84
1760076000,20.15,20.25,19.88,19.96,90839.54
1760079600,19.96,20.05,19.83,19.93,38380.91
1760083200,19.93,20.11,19.91,20.0,85086.27
1760086800,19.99,20.0,19.78,19.85,78535.79
1760090400,19.84,20.03,19.84,19.95,39175.49
1760094000,19.95,20.01,19.85,19.98,29505.11
1760097600,19.98,20.02,19.95,20.0,13575.130000000001
1760119200,18.51,18.56,18.5,18.5,2257.85
1760122800,18.5,18.54,18.11,18.32,70384.03
1760126400,18.32,18.4,17.0,17.25,307879.82
1760130000,17.25,17.45,7.0,12.72,1684774.76
1760133600,12.73,16.35,11.48,13.7,1205505.46
1760137200,13.7,15.43,13.57,14.38,1236595.35
1760140800,14.38,14.92,13.83,14.51,540098.22
1760144400,14.51,14.53,13.83,14.2,537250.05
1760148000,14.2,15.16,14.18,14.95,407587.24
1760151600,14.95,15.03,14.54,14.83,240117.1
1760155200,14.83,14.89,14.33,14.87,591678.51
1760158800,14.88,14.95,14.59,14.73,182851.69
1760162400,14.73,15.06,14.67,14.83,172468.81
1760166000,14.82,15.03,14.76,14.98,127605.82
1760169600,14.99,15.44,14.95,15.38,143145.41
1760173200,15.38,15.63,15.15,15.18,163349.8
1760176800,15.18,15.39,15.12,15.34,99937.14
1760180400,15.34,15.39,15.15,15.19,122260.33
1760184000,15.19,15.2,15.08,15.16,40012.439999999995
1760205600,15.21,15.23,15.21,15.21,1737.2
1760209200,15.22,15.22,14.64,14.81,108551.82
1760212800,14.81,14.85,14.57,14.67,89734.84
1760216400,14.67,14.84,14.39,14.8,100634.93
1760220000,14.8,15.13,14.77,15.0,103775.22
1760223600,15.0,15.11,14.96,15.04,62869.07
1760227200,15.05,15.11,14.77,14.81,79791.63
1760230800,14.8,14.98,14.72,14.78,71790.06
1760234400,14.77,14.95,14.69,14.81,35225.89
1760238000,14.82,15.09,14.77,15.02,71500.07
1760241600,15.02,15.22,15.01,15.16,28721.47
1760245200,15.16,15.22,15.12,15.16,16506.59
1760248800,15.15,15.34,15.14,15.3,39039.74
1760252400,15.29,15.4,15.22,15.32,57832.0
1760256000,15.31,15.5,15.31,15.33,67872.87
1760259600,15.33,15.34,15.2,15.33,42351.93
1760263200,15.33,15.4,15.24,15.25,40173.21
1760266800,15.25,15.5,15.24,15.39,70820.36
1760270400,15.39,15.53,15.36,15.51,27576.41
1760292000,16.78,16.88,16.76,16.87,4384.15
1760295600,16.87,16.97,16.82,16.92,44180.43
1760299200,16.92,17.01,16.78,16.82,49985.94
1760302800,16.82,16.91,16.6,16.76,55973.090000000004
1760306400,16.77,16.88,16.59,16.64,37387.37
1760310000,16.65,16.74,16.5,16.7,50668.4
1760313600,16.71,16.81,16.51,16.67,78791.94
1760317200,16.66,16.96,16.59,16.92,91366.81999999999
1760320800,16.92,16.95,16.75,16.87,43577.310000000005
1760324400,16.87,16.92,16.72,16.75,33794.36
1760328000,16.76,16.79,16.64,16.77,22041.329999999998
1760331600,16.76,16.81,16.68,16.73,17337.28
1760335200,16.73,17.05,16.65,16.97,62992.490000000005
1760338800,16.97,17.07,16.84,16.91,119849.11
1760342400,16.91,17.14,16.85,17.1,134419.79
1760346000,17.09,17.24,17.03,17.24,35535.66
1760349600,17.23,17.26,17.05,17.19,37612.81
1760353200,17.19,17.19,16.58,16.83,125763.64
1760356800,16.83,17.01,16.71,16.97,25104.84
1760378400,17.49,17.49,17.46,17.46,5209.92
1760382000,17.46,17.7,17.46,17.62,59972.3
1760385600,17.62,17.76,17.58,17.75,51042.75
1760389200,17.75,17.83,17.53,17.54,50675.479999999996
1760392800,17.55,17.64,17.53,17.6,24027.72
1760396400,17.59,17.59,17.45,17.47,29980.45
1760400000,17.48,17.59,17.45,17.53,52334.04
1760403600,17.53,17.61,17.4,17.58,31944.91
1760407200,17.58,17.58,17.38,17.42,59692.409999999996
1760410800,17.42,17.42,17.24,17.27,74979.62
1760414400,17.28,17.32,16.82,16.87,61066.61
1760418000,16.87,17.02,16.65,16.75,77731.67
1760421600,16.74,16.83,16.03,16.35,200981.55
1760425200,16.35,16.59,16.24,16.34,103914.72
1760428800,16.34,16.45,16.15,16.41,101446.65
1760432400,16.41,16.54,16.36,16.43,26844.76
1760436000,16.43,16.43,16.06,16.25,54560.1
1760439600,16.25,16.45,16.23,16.31,28587.13
1760443200,16.31,16.33,16.22,16.25,10725.28
1760464800,16.77,16.81,16.77,16.8,1305.78
1760468400,16.81,16.9,16.53,16.76,51471.33
1760472000,16.76,16.92,16.68,16.91,17978.14
1760475600,16.92,16.94,16.76,16.92,26142.13
1760479200,16.92,17.02,16.84,16.89,11276.0
1760482800,16.88,16.95,16.85,16.88,12694.63
1760486400,16.89,16.93,16.78,16.9,15856.67
1760490000,16.9,16.91,16.73,16.82,28566.11
1760493600,16.82,16.98,16.8,16.85,18130.21
1760497200,16.85,16.87,16.65,16.74,16238.24
1760500800,16.74,16.9,16.72,16.86,24873.37
1760504400,16.86,16.92,16.75,16.81,10643.95
1760508000,16.8,16.92,16.7,16.91,12919.9
1760511600,16.91,16.96,16.81,16.93,21531.21
1760515200,16.92,17.21,16.91,16.99,45437.21
1760518800,16.98,17.0,16.76,16.86,34237.89
1760522400,16.85,16.87,16.71,16.76,15393.54
1760526000,16.76,16.82,16.61,16.71,24421.01
1760529600,16.71,16.76,16.69,16.71,11299.8
1760551200,16.53,16.53,16.51,16.52,30.69
1760554800,16.51,16.51,16.28,16.32,11019.880000000001
1760558400,16.33,16.42,16.11,16.28,17768.7
1760562000,16.28,16.4,16.16,16.25,12438.76
1760565600,16.26,16.35,16.17,16.2,14184.13
1760569200,16.2,16.31,16.19,16.29,17534.7
1760572800,16.28,16.32,16.19,16.23,10233.44
1760576400,16.23,16.42,16.22,16.38,12420.83
1760580000,16.39,16.46,16.25,16.37,12325.71
1760583600,16.37,16.38,16.25,16.25,9009.55
1760587200,16.25,16.39,16.25,16.26,7208.84
1760590800,16.27,16.38,16.21,16.32,12517.78
1760594400,16.33,16.51,16.3,16.48,13113.6
1760598000,16.48,16.48,16.34,16.41,18588.98
1760601600,16.4,16.41,16.19,16.26,30651.82
1760605200,16.26,16.46,15.87,16.4,71762.09
1760608800,16.4,16.59,16.4,16.49,32016.26
1760612400,16.48,16.55,16.38,16.54,23774.81
1760616000,16.54,16.64,16.5,16.55,6850.15
1760641200,16.07,16.08,15.69,15.86,26515.37
1760644800,15.86,15.93,15.66,15.72,25999.68
1760648400,15.73,15.89,15.68,15.88,15867.88
1760652000,15.89,15.92,15.66,15.67,9162.68
1760655600,15.66,15.89,15.64,15.82,23199.86
1760659200,15.82,15.91,15.77,15.85,16034.09
1760662800,15.85,16.0,15.81,15.88,12527.78
1760666400,15.88,15.91,15.65,15.81,86885.47
1760670000,15.81,15.91,15.81,15.89,12086.13
1760673600,15.9,15.9,15.82,15.83,13166.66
1760677200,15.83,15.88,15.65,15.67,26302.54
1760680800,15.67,15.75,15.26,15.31,51803.37
1760684400,15.32,15.34,14.89,14.94,180327.3
1760688000,14.94,15.06,14.74,14.8,58760.32
1760691600,14.8,15.16,14.74,14.92,75265.81
1760695200,14.92,14.99,14.66,14.93,47347.27
1760698800,14.94,15.46,14.94,15.33,44930.659999999996
1760702400,15.32,15.42,15.28,15.33,9313.82
1760727600,15.42,15.46,15.3,15.37,10653.71
1760731200,15.37,15.53,15.35,15.47,4029.3
1760734800,15.47,15.59,15.47,15.51,6447.79
1760738400,15.5,15.53,15.4,15.43,6591.09
1760742000,15.43,15.44,15.34,15.36,7410.95
1760745600,15.36,15.47,15.32,15.43,20206.82
1760749200,15.43,15.6,15.43,15.58,26828.47
1760752800,15.57,15.62,15.48,15.51,15349.65
1760756400,15.51,15.59,15.51,15.54,4690.14
1760760000,15.54,15.54,15.47,15.48,3951.48
1760763600,15.48,15.53,15.38,15.5,24109.27
1760767200,15.5,15.57,15.45,15.51,4765.03
1760770800,15.51,15.7,15.47,15.49,23411.59
1760774400,15.49,15.55,15.48,15.48,8017.73
1760778000,15.48,15.61,15.45,15.59,19177.85
1760781600,15.59,15.62,15.53,15.62,15188.23
1760785200,15.62,15.66,15.54,15.57,19861.66
1760788800,15.57,15.6,15.52,15.57,5022.82
1760814000,15.39,15.43,15.36,15.42,5917.84
1760817600,15.42,15.5,15.4,15.42,7730.18
1760821200,15.42,15.49,15.38,15.47,4852.9400000000005
1760824800,15.47,15.5,15.43,15.46,2841.37
1760828400,15.45,15.48,15.43,15.48,4039.41
1760832000,15.47,15.49,15.32,15.35,8797.05
1760835600,15.35,15.4,15.31,15.38,13457.94
1760839200,15.39,15.42,15.34,15.36,6977.55
1760842800,15.36,15.49,15.34,15.47,10948.31
1760846400,15.48,15.48,15.37,15.39,9853.98
1760850000,15.39,15.44,15.33,15.35,48528.86
1760853600,15.35,15.37,15.24,15.29,11142.1
1760857200,15.29,15.33,15.27,15.33,11989.8
1760860800,15.33,15.51,15.19,15.26,39906.58
1760864400,15.26,15.55,15.16,15.47,32092.03
1760868000,15.47,15.69,15.42,15.63,20730.7
1760871600,15.63,15.74,15.56,15.57,16185.74
1760875200,15.57,15.62,15.51,15.53,4342.15
1760900400,15.85,15.87,15.8,15.87,7580.849999999999
1760904000,15.87,15.93,15.84,15.92,5607.76
1760907600,15.93,15.94,15.86,15.9,6936.2699999999995
1760911200,15.9,15.96,15.9,15.9,13934.28
1760914800,15.91,15.91,15.73,15.75,26477.67
1760918400,15.76,15.76,15.44,15.62,64371.030000000006
1760922000,15.63,15.68,15.57,15.63,29628.83
1760925600,15.63,15.73,15.54,15.7,8531.23
1760929200,15.7,16.07,15.67,16.02,21728.41
1760932800,16.03,16.08,15.96,16.01,14458.45
1760936400,16.01,16.1,15.96,16.07,13351.0
1760940000,16.07,16.22,16.07,16.18,13884.72
1760943600,16.18,16.19,16.07,16.13,11978.44
1760947200,16.12,16.14,15.99,16.01,19353.62
1760950800,16.01,16.06,15.96,16.05,34885.8
1760954400,16.05,16.16,16.01,16.05,12810.13
1760958000,16.05,16.1,16.01,16.1,9417.5
1760961600,16.09,16.15,16.07,16.15,3375.98
1760986800,16.03,16.14,16.0,16.09,5836.18
1760990400,16.08,16.18,16.03,16.18,10500.83
1760994000,16.18,16.2,16.03,16.05,14111.460000000001
1760997600,16.04,16.1,16.02,16.08,6246.02
1761001200,16.07,16.07,15.99,16.0,7493.36
1761004800,15.99,16.01,15.97,15.98,5537.7
1761008400,15.98,16.03,15.85,15.91,22473.13
1761012000,15.9,15.91,15.77,15.8,18306.920000000002
1761015600,15.81,15.84,15.71,15.75,7076.04
1761019200,15.74,15.76,15.5,15.53,24495.4
1761022800,15.53,15.6,15.48,15.55,11084.41
1761026400,15.55,15.66,15.52,15.64,13236.41
1761030000,15.63,15.7,15.59,15.66,7450.6900000000005
1761033600,15.65,15.66,15.5,15.61,14413.5
1761037200,15.6,15.62,15.57,15.59,3295.42
1761040800,15.59,15.89,15.59,15.83,69326.81
1761044400,15.84,15.92,15.81,15.87,13106.880000000001
1761048000,15.87,16.11,15.87,16.07,18725.74
1761073200,16.3,16.35,16.25,16.25,5511.18
1761076800,16.26,16.27,16.05,16.13,30845.77
1761080400,16.12,16.16,15.92,16.13,17608.14
1761084000,16.13,16.13,15.83,15.87,26778.420000000002
1761087600,15.87,15.91,15.65,15.69,24408.73
1761091200,15.69,15.79,15.61,15.68,24641.1
1761094800,15.68,15.78,15.65,15.72,12920.69
1761098400,15.73,15.79,15.71,15.71,14858.4
1761102000,15.71,15.71,15.59,15.67,6550.09
1761105600,15.67,15.74,15.66,15.71,7563.39
1761109200,15.71,15.71,15.46,15.58,24419.19
1761112800,15.58,15.61,15.54,15.54,22096.97
1761116400,15.54,15.64,15.48,15.61,31390.57
1761120000,15.6,15.6,15.51,15.55,8897.98
1761123600,15.54,15.59,15.38,15.44,26298.19
1761127200,15.43,15.49,15.37,15.37,14015.24
1761130800,15.38,15.53,15.25,15.44,46116.01
1761134400,15.44,15.53,15.41,15.48,5372.2
1761159600,15.56,15.58,15.38,15.5,15500.19
1761163200,15.49,15.52,15.33,15.36,13385.99
1761166800,15.36,15.37,15.0,15.19,66818.19
1761170400,15.19,15.28,15.13,15.21,13853.11
1761174000,15.2,15.46,15.2,15.43,19748.59
1761177600,15.43,15.48,15.39,15.45,14104.33
1761181200,15.45,15.53,15.43,15.45,16533.62
1761184800,15.45,15.48,15.43,15.45,5095.61
1761188400,15.45,15.5,15.45,15.48,6112.74
1761192000,15.47,15.52,15.42,15.48,16894.7
1761195600,15.47,15.51,15.46,15.51,6225.2
1761199200,15.5,15.71,15.48,15.71,21147.93
1761202800,15.7,15.7,15.64,15.67,12123.73
1761206400,15.67,15.81,15.67,15.73,43103.11
1761210000,15.74,15.76,15.7,15.75,8024.92
1761213600,15.76,15.8,15.73,15.73,15141.5
1761217200,15.73,15.73,15.61,15.63,34421.1
1761220800,15.62,15.63,15.52,15.62,12431.64
1761246000,15.75,15.84,15.74,15.8,11068.34
1761249600,15.8,15.81,15.61,15.65,22604.91
1761253200,15.65,15.71,15.64,15.68,4087.39
1761256800,15.68,15.73,15.67,15.7,5695.58
1761260400,15.69,15.7,15.63,15.67,9228.98
1761264000,15.68,15.74,15.61,15.7,11134.16
1761267600,15.7,15.72,15.63,15.7,3554.41
1761271200,15.7,15.7,15.64,15.67,3878.22
1761274800,15.66,15.69,15.63,15.65,3463.7799999999997
1761278400,15.66,15.9,15.62,15.87,20000.67
1761282000,15.87,15.9,15.84,15.88,6476.35
1761285600,15.88,15.92,15.85,15.92,5304.01
1761289200,15.91,15.93,15.76,15.81,11801.36
1761292800,15.81,15.91,15.77,15.86,9078.37
1761296400,15.87,15.88,15.81,15.83,5414.17
1761300000,15.83,15.84,15.79,15.8,5374.7300000000005
1761303600,15.8,15.88,15.74,15.86,10131.26
1761307200,15.87,15.92,15.85,15.88,4839.1
1761332400,15.86,15.92,15.85,15.88,5637.67
1761336000,15.89,15.99,15.88,15.98,6920.400000000001
1761339600,15.99,16.05,15.96,16.02,11496.49
1761343200,16.02,16.02,15.97,15.99,3473.39
1761346800,15.99,16.0,15.95,16.0,5662.78
1761350400,16.0,16.02,15.93,15.97,13107.85
1761354000,15.97,16.05,15.94,15.96,4363.12
1761357600,15.97,15.98,15.9,15.93,6761.16
1761361200,15.92,15.93,15.87,15.88,5046.63
1761364800,15.87,15.95,15.87,15.88,3754.26
1761368400,15.88,15.88,15.83,15.86,3695.5
1761372000,15.86,15.88,15.84,15.85,4852.41
1761375600,15.85,15.94,15.85,15.88,6774.79
1761379200,15.87,15.95,15.87,15.94,6634.08
1761382800,15.94,15.94,15.88,15.88,3896.42
1761386400,15.88,15.9,15.82,15.84,1830.0
1761390000,15.83,15.92,15.83,15.9,8476.25
1761393600,15.9,15.97,15.9,15.96,4530.57
1761418800,16.04,16.05,16.02,16.04,1546.54
1761422400,16.05,16.07,15.99,16.01,2535.22
1761426000,16.01,16.03,15.96,16.01,5584.4
1761429600,16.01,16.05,15.97,16.03,7808.26
1761433200,16.03,16.03,15.98,15.98,5581.8
1761436800,15.98,16.0,15.93,15.96,7928.52
1761440400,15.96,15.97,15.92,15.93,70796.57
1761444000,15.92,15.93,15.86,15.89,17627.47
1761447600,15.87,15.9,15.82,15.84,3826.7599999999998
1761451200,15.84,15.92,15.84,15.9,2630.82
1761454800,15.91,15.96,15.89,15.94,3181.21
1761458400,15.94,15.95,15.91,15.93,3245.03
1761462000,15.94,16.0,15.93,15.99,6449.99
1761465600,16.0,16.07,16.0,16.05,16514.56
1761469200,16.05,16.24,16.04,16.16,16140.27
1761472800,16.16,16.18,16.09,16.12,19484.32
1761476400,16.12,16.34,16.09,16.32,17226.04
1761480000,16.33,16.45,16.31,16.44,15807.96
1761505200,16.42,16.44,16.4,16.44,1973.47
1761508800,16.43,16.44,16.36,16.38,8356.74
1761512400,16.39,16.47,16.34,16.46,10491.86
1761516000,16.46,16.79,16.46,16.7,52918.060000000005
1761519600,16.7,16.74,16.63,16.64,22329.34
1761523200,16.65,16.8,16.61,16.74,23021.34
1761526800,16.73,16.85,16.69,16.81,20563.98
1761530400,16.81,16.87,16.73,16.79,16557.670000000002
1761534000,16.79,16.85,16.71,16.76,19352.15
1761537600,16.76,16.78,16.72,16.77,7637.3
1761541200,16.76,16.92,16.75,16.78,21793.66
1761544800,16.78,16.86,16.71,16.81,17519.01
1761548400,16.81,16.84,16.66,16.76,26838.920000000002
1761552000,16.76,16.83,16.59,16.62,37519.08
1761555600,16.61,16.61,16.47,16.5,22561.12
1761559200,16.5,16.53,16.45,16.47,13874.24
1761562800,16.48,16.54,16.36,16.53,10460.66
1761566400,16.54,16.56,16.5,16.51,1439.42
1761591600,16.77,16.79,16.65,16.69,7432.49
1761595200,16.69,16.69,16.59,16.59,8994.32
1761598800,16.58,16.66,16.48,16.58,10063.89
1761602400,16.57,16.62,16.45,16.47,7957.21
1761606000,16.47,16.53,16.41,16.52,10304.3
1761609600,16.52,16.56,16.46,16.51,18657.53
1761613200,16.52,16.58,16.44,16.47,9589.74
1761616800,16.48,16.51,16.27,16.36,18053.61
1761620400,16.35,16.39,16.24,16.35,29171.760000000002
1761624000,16.34,16.43,16.31,16.4,9454.7
1761627600,16.4,16.42,16.22,16.26,11728.85
1761631200,16.26,16.63,16.25,16.6,45812.41
1761634800,16.6,16.66,16.42,16.45,17122.76
1761638400,16.45,16.57,16.42,16.48,7239.32
1761642000,16.48,16.5,16.4,16.46,7091.57
1761645600,16.46,16.46,16.38,16.41,5440.76
1761649200,16.42,16.48,16.38,16.39,5789.72
1761652800,16.4,16.41,16.37,16.4,4204.92
1761678000,16.29,16.29,16.03,16.1,24874.45
1761681600,16.09,16.1,15.77,15.84,54572.75
1761685200,15.83,15.93,15.65,15.87,31595.29
1761688800,15.86,15.98,15.81,15.94,14101.92
1761692400,15.94,15.95,15.88,15.9,12894.29
1761696000,15.89,15.96,15.84,15.89,14838.37
1761699600,15.88,16.0,15.86,15.93,7208.94
1761703200,15.93,15.95,15.9,15.93,7199.44
1761706800,15.92,15.94,15.87,15.9,7989.58
1761710400,15.9,16.0,15.89,15.99,6949.89
1761714000,15.99,16.08,15.97,16.03,17032.18
1761717600,16.02,16.06,15.93,15.99,44225.25
1761721200,15.98,16.07,15.96,16.04,10168.7
1761724800,16.03,16.07,15.93,15.97,10677.59
1761728400,15.96,16.02,15.93,16.0,5678.29
1761732000,15.99,16.14,15.98,16.07,10931.880000000001
1761735600,16.07,16.18,16.05,16.16,9392.78
1761739200,16.16,16.21,16.15,16.17,1796.15
1761764400,16.39,16.44,16.15,16.3,28716.34
1761768000,16.3,16.47,16.19,16.35,24984.6
1761771600,16.35,16.35,16.24,16.26,19481.63
1761775200,16.27,16.27,16.18,16.19,9713.5
1761778800,16.18,16.18,15.91,15.97,20229.22
1761782400,15.96,16.06,15.88,16.06,6751.87
1761786000,16.06,16.06,15.95,16.02,8533.3
1761789600,16.01,16.15,15.99,16.12,8211.2
1761793200,16.12,16.12,15.97,16.02,10718.2
1761796800,16.01,16.01,15.49,15.67,91418.55
1761800400,15.67,15.94,15.63,15.91,25424.46
1761804000,15.91,15.98,15.81,15.92,8884.87
1761807600,15.92,16.06,15.92,15.99,21482.010000000002
1761811200,15.99,15.99,15.87,15.89,10117.43
1761814800,15.89,15.9,15.78,15.81,11349.92
1761818400,15.8,15.88,15.75,15.78,10381.78
1761822000,15.79,15.81,15.7,15.72,17009.59
1761825600,15.72,15.73,15.51,15.61,15480.86
1761850800,14.95,15.0,14.84,14.89,12655.75
1761854400,14.89,15.23,14.84,15.21,196742.99
1761858000,15.22,15.22,15.08,15.17,26467.78
1761861600,15.16,15.26,15.14,15.25,12429.61
1761865200,15.26,15.42,15.22,15.42,18423.2
1761868800,15.42,15.51,15.3,15.47,67073.85
1761872400,15.47,15.6,15.45,15.54,22701.33
1761876000,15.54,15.56,15.41,15.51,30196.5
1761879600,15.51,15.58,15.47,15.55,22519.6
1761883200,15.56,15.68,15.54,15.66,29932.6
1761886800,15.65,15.66,15.6,15.62,9193.3
1761890400,15.62,15.65,15.57,15.61,8276.94
1761894000,15.61,15.68,15.59,15.68,14157.050000000001
1761897600,15.67,15.73,15.61,15.71,13370.81
1761901200,15.71,15.73,15.58,15.61,9395.36
1761904800,15.61,15.69,15.61,15.62,4693.73
1761908400,15.62,15.75,15.6,15.75,15520.09
1761912000,15.74,15.8,15.72,15.77,7213.27
1761937200,15.78,16.02,15.77,15.99,10380.1
1761940800,15.98,16.0,15.87,15.89,7594.85
1761944400,15.89,15.92,15.85,15.87,7942.0
1761948000,15.88,15.9,15.82,15.83,6157.36
1761951600,15.82,15.9,15.81,15.86,7718.33
1761955200,15.86,16.0,15.82,15.99,13292.6
1761958800,15.99,16.04,15.92,15.93,16828.15
1761962400,15.92,16.01,15.85,16.01,8090.710000000001
1761966000,16.01,16.05,15.98,16.0,8893.289999999999
1761969600,16.0,16.03,15.93,16.02,10449.68
1761973200,16.02,16.04,15.97,15.98,13110.09
1761976800,15.98,16.06,15.97,16.05,14078.84
1761980400,16.05,16.25,16.01,16.21,51830.65
1761984000,16.21,16.33,16.18,16.28,36532.51
1761987600,16.28,16.32,16.18,16.18,16072.05
1761991200,16.19,16.27,16.16,16.21,13766.1
1761994800,16.21,16.27,16.17,16.25,13873.0
1761998400,16.26,16.31,16.26,16.29,11675.83
1762023600,16.28,16.32,16.23,16.3,11052.49
1762027200,16.3,16.37,16.3,16.32,4215.16
1762030800,16.32,16.34,16.21,16.22,7267.87
1762034400,16.22,16.31,16.22,16.29,6887.31
1762038000,16.28,16.36,16.25,16.34,6480.06
1762041600,16.34,16.34,16.24,16.26,10839.59
1762045200,16.26,16.29,16.2,16.22,10717.67
1762048800,16.22,16.29,16.21,16.24,6684.54
1762052400,16.24,16.27,16.17,16.19,19599.6
1762056000,16.19,16.35,16.17,16.34,12527.34
1762059600,16.33,16.38,16.27,16.38,5631.42
1762063200,16.38,16.42,16.35,16.41,10368.86
1762066800,16.4,16.57,16.38,16.51,50304.73
1762070400,16.51,16.69,16.51,16.54,34119.99
1762074000,16.54,16.58,16.4,16.42,22901.78
1762077600,16.42,16.46,16.26,16.3,23718.02
1762081200,16.3,16.41,16.28,16.4,17016.46
1762084800,16.4,16.42,16.36,16.38,10045.74
1762110000,16.01,16.04,15.96,16.01,7315.25
1762113600,16.01,16.07,15.97,16.05,5095.08
1762117200,16.06,16.11,16.04,16.06,5035.54
1762120800,16.06,16.11,16.0,16.09,5325.54
1762124400,16.1,16.4,16.1,16.37,25930.2
1762128000,16.37,16.37,16.12,16.12,13865.14
1762131600,16.11,16.12,15.97,16.0,14760.83
1762135200,16.0,16.03,15.83,15.92,40149.92
1762138800,15.93,15.96,15.52,15.56,37035.9
1762142400,15.55,15.63,15.36,15.6,33118.659999999996
1762146000,15.6,15.66,15.38,15.39,67922.5
1762149600,15.39,15.45,15.21,15.35,38596.200000000004
1762153200,15.35,15.49,15.29,15.4,24496.57
1762156800,15.39,15.41,15.25,15.35,31278.91
1762160400,15.34,15.5,15.23,15.24,33973.32
1762164000,15.24,15.33,15.12,15.17,34894.78
1762167600,15.17,15.39,15.17,15.34,19811.11
1762171200,15.34,15.44,15.33,15.36,16405.81
1762196400,14.97,14.99,14.84,14.85,11581.869999999999
1762200000,14.86,14.89,14.65,14.72,36516.32
1762203600,14.72,14.89,14.61,14.86,30747.23
1762207200,14.86,14.92,14.66,14.83,42741.76
1762210800,14.83,15.03,14.71,15.01,27537.65
1762214400,15.02,15.23,14.9,15.08,35923.15
1762218000,15.09,15.16,15.0,15.06,51325.53
1762221600,15.05,15.06,14.96,15.0,15077.96
1762225200,15.0,15.24,14.97,15.22,39032.92
1762228800,15.23,15.35,15.19,15.2,81272.08
1762232400,15.19,15.33,14.58,14.6,116983.53
1762236000,14.59,15.14,14.58,14.86,59451.119999999995
1762239600,14.85,14.86,14.53,14.6,60738.88
1762243200,14.6,14.88,14.5,14.79,54154.93
1762246800,14.79,14.89,14.68,14.89,35547.76
1762250400,14.89,14.95,14.83,14.87,24498.32
1762254000,14.87,15.03,14.87,14.97,39205.7
1762257600,14.97,14.97,14.75,14.76,19495.35
1762282800,14.18,14.33,13.93,13.95,28562.510000000002
1762286400,13.95,14.2,13.53,14.04,132619.59
1762290000,14.05,14.09,13.53,14.05,87259.76
1762293600,14.05,14.46,13.99,14.45,78988.99
1762297200,14.44,14.54,14.27,14.27,36235.090000000004
1762300800,14.27,14.36,14.04,14.16,27268.69
1762304400,14.16,14.17,13.58,14.07,119340.51
1762308000,14.07,14.54,14.07,14.52,73386.15
1762311600,14.52,14.64,14.43,14.57,53839.619999999995
1762315200,14.57,14.61,14.47,14.51,28473.93
1762318800,14.51,14.63,14.45,14.48,22128.11
1762322400,14.47,14.49,14.37,14.49,19427.84
1762326000,14.5,14.5,14.32,14.37,13823.66
1762329600,14.36,14.36,14.13,14.23,25449.07
1762333200,14.22,14.37,14.21,14.35,13387.69
1762336800,14.34,14.37,14.13,14.14,14006.69
1762340400,14.14,14.43,14.14,14.4,15446.39
1762344000,14.39,14.52,14.34,14.44,11337.28
1762369200,14.67,14.72,14.58,14.62,22849.53
1762372800,14.62,14.71,14.6,14.62,16568.46
1762376400,14.62,14.62,14.52,14.58,14482.9
1762380000,14.58,14.71,14.54,14.71,11208.59
1762383600,14.71,14.73,14.6,14.63,30638.08
1762387200,14.63,14.65,14.55,14.6,16884.87
1762390800,14.59,14.59,14.4,14.55,20676.74
1762394400,14.55,14.69,14.45,14.61,16066.18
1762398000,14.62,14.68,14.59,14.6,17860.6
1762401600,14.6,14.67,14.58,14.62,11798.52
1762405200,14.61,14.61,14.34,14.36,15054.35
1762408800,14.36,14.49,14.35,14.38,87779.83
1762412400,14.38,14.45,14.29,14.35,48983.549999999996
1762416000,14.35,14.38,14.29,14.35,12351.94
1762419600,14.36,14.42,14.3,14.33,14778.22
1762423200,14.33,14.43,14.29,14.37,18972.37
1762426800,14.36,14.36,14.27,14.31,11870.05
1762430400,14.32,14.35,14.21,14.23,11843.97
1762455600,14.49,14.65,14.48,14.63,26815.9
1762459200,14.63,14.71,14.47,14.5,27733.76
1762462800,14.49,14.65,14.41,14.6,27978.19
1762466400,14.59,14.61,14.47,14.6,17462.78
1762470000,14.6,14.6,14.39,14.56,48129.590000000004
1762473600,14.57,14.87,14.55,14.81,71681.03
1762477200,14.8,15.52,14.72,15.41,527511.0700000001
1762480800,15.41,15.69,15.18,15.38,212037.15
1762484400,15.38,15.5,15.13,15.16,88000.58
1762488000,15.16,15.24,14.94,15.05,69990.81999999999
1762491600,15.05,15.23,15.02,15.22,43760.46
1762495200,15.21,15.24,15.11,15.13,37224.56
1762498800,15.14,16.06,15.14,15.96,283405.73
1762502400,15.96,16.0,15.74,15.91,149416.35
1762506000,15.9,16.3,15.44,16.24,316572.47000000003
1762509600,16.24,16.52,15.98,16.07,252443.31
1762513200,16.07,16.3,15.82,16.19,184881.12
1762516800,16.2,16.47,15.98,16.13,219569.76
1762542000,17.73,17.78,17.54,17.75,83460.53
1762545600,17.74,18.06,17.53,17.91,119631.08
1762549200,17.92,18.04,17.74,17.88,113452.59999999999
1762552800,17.89,17.97,17.79,17.86,77930.1
1762556400,17.86,17.94,17.67,17.91,90257.43
1762560000,17.92,18.47,17.86,17.92,290476.24
1762563600,17.92,18.29,17.82,17.9,229174.18
1762567200,17.9,17.96,17.07,17.11,310945.27
1762570800,17.11,17.41,17.1,17.15,175238.5
1762574400,17.15,17.37,17.14,17.16,89015.1
1762578000,17.16,17.2,16.74,16.77,214203.75
1762581600,16.76,16.91,16.64,16.77,114726.47
1762585200,16.77,16.91,16.66,16.87,55906.87
1762588800,16.86,17.0,16.71,16.92,73888.3
1762592400,16.92,16.92,16.64,16.74,83013.4
1762596000,16.75,16.76,16.65,16.75,116343.04
1762599600,16.74,16.83,16.68,16.76,46461.69
1762603200,16.75,16.87,16.71,16.84,22657.5
1762628400,16.1,16.18,16.07,16.16,7706.53
1762632000,16.15,16.33,16.11,16.22,34736.200000000004
1762635600,16.23,16.28,16.16,16.22,13259.27
1762639200,16.22,16.33,16.2,16.32,31138.95
1762642800,16.32,16.47,16.25,16.38,47665.31
1762646400,16.39,16.48,16.16,16.2,57931.83
1762650000,16.2,16.32,16.14,16.23,60286.22
1762653600,16.23,16.28,15.88,15.92,187930.96
1762657200,15.92,15.98,15.78,15.91,96418.94
1762660800,15.92,16.09,15.89,16.01,57512.76
1762664400,16.01,16.01,15.84,15.93,42999.25
1762668000,15.93,16.1,15.86,15.95,48013.880000000005
1762671600,15.95,16.12,15.94,16.09,36316.64
1762675200,16.09,16.1,15.97,16.01,20774.64
1762678800,16.02,16.15,15.86,15.9,44124.090000000004
1762682400,15.9,16.07,15.86,16.07,26286.16
1762686000,16.07,16.17,16.07,16.1,75077.35
1762689600,16.1,16.16,16.01,16.04,68023.31999999999
1762714800,16.06,16.19,16.02,16.18,28023.21
1762718400,16.18,16.22,16.08,16.17,45577.17
1762722000,16.17,16.24,16.08,16.23,25488.739999999998
1762725600,16.22,16.27,16.12,16.21,37880.27
1762729200,16.21,16.32,16.07,16.16,93283.88
1762732800,16.16,16.37,16.02,16.26,117534.8
1762736400,16.25,16.32,16.18,16.2,77821.9
1762740000,16.2,16.28,16.13,16.26,61153.56
1762743600,16.26,16.36,16.26,16.3,48029.28
1762747200,16.29,16.36,16.15,16.31,64091.9
1762750800,16.31,16.39,16.24,16.28,54947.64
1762754400,16.28,16.35,16.17,16.34,91006.01
1762758000,16.34,16.37,16.22,16.28,44959.74
1762761600,16.28,16.29,16.09,16.16,92211.97
1762765200,16.16,16.36,16.13,16.32,54172.18
1762768800,16.32,16.38,16.13,16.21,46740.61
1762772400,16.21,16.38,16.2,16.28,34932.39
1762776000,16.28,16.35,16.2,16.31,22735.25
1762801200,16.26,16.41,16.21,16.29,14145.07
1762804800,16.29,16.42,16.24,16.32,20883.29
1762808400,16.32,16.38,16.19,16.29,55861.99
1762812000,16.3,16.59,16.21,16.57,84616.01
1762815600,16.58,16.61,16.43,16.49,30632.23
1762819200,16.49,16.6,16.29,16.42,45769.26
1762822800,16.43,16.78,16.38,16.42,92418.36
1762826400,16.43,16.66,16.35,16.55,28661.14
1762830000,16.54,16.57,16.43,16.46,14255.05
1762833600,16.46,16.48,16.25,16.26,25251.46
1762837200,16.27,16.28,16.05,16.09,73633.95
1762840800,16.09,16.21,16.03,16.16,34673.05
1762844400,16.16,16.16,15.81,15.86,59088.95
1762848000,15.86,16.01,15.86,15.98,38327.17
1762851600,15.98,16.09,15.91,15.92,28623.7
1762855200,15.92,16.02,15.91,16.0,14788.31
1762858800,16.01,16.11,15.96,16.04,18015.09
1762862400,16.04,16.1,15.85,15.86,16752.74
1762887600,15.85,15.89,15.77,15.79,3357.39
1762891200,15.79,15.83,15.63,15.69,30966.649999999998
1762894800,15.69,15.75,15.57,15.66,25249.75
1762898400,15.66,15.79,15.61,15.75,23089.19
1762902000,15.75,15.76,15.59,15.62,20496.73
1762905600,15.62,15.77,15.55,15.64,32540.24
1762909200,15.64,15.85,15.62,15.81,27360.71
1762912800,15.81,15.9,15.74,15.84,31549.920000000002
1762916400,15.84,15.86,15.77,15.8,8959.5
1762920000,15.79,15.8,15.72,15.78,9543.33
1762923600,15.79,15.84,15.75,15.82,11818.35
1762927200,15.81,15.86,15.78,15.78,7807.62
1762930800,15.77,15.84,15.65,15.68,20686.44
1762934400,15.68,15.99,15.68,15.9,20068.13
1762938000,15.9,16.0,15.85,15.91,25802.04
1762941600,15.9,16.05,15.89,16.02,14190.03
1762945200,16.02,16.08,15.98,16.02,19405.58
1762948800,16.02,16.07,15.95,15.96,18920.61
1762974000,15.18,15.28,15.08,15.21,13142.73
1762977600,15.2,15.41,15.18,15.32,20090.09
1762981200,15.33,15.39,15.3,15.32,10981.83
1762984800,15.32,15.37,15.27,15.37,7297.09
1762988400,15.37,15.37,15.26,15.29,7861.95
1762992000,15.3,15.39,15.27,15.31,10351.27
1762995600,15.31,15.54,15.31,15.44,24582.88
1762999200,15.45,15.5,15.42,15.46,8915.94
1763002800,15.45,15.69,15.28,15.58,28448.72
1763006400,15.59,15.7,15.51,15.65,22552.05
1763010000,15.65,15.8,15.61,15.75,18929.02
1763013600,15.75,15.78,15.67,15.67,24442.43
1763017200,15.68,15.77,15.65,15.68,18341.51
1763020800,15.68,15.8,15.63,15.75,13076.48
1763024400,15.76,15.78,15.62,15.66,20942.18
1763028000,15.66,15.82,15.66,15.72,16222.81
1763031600,15.73,15.76,15.66,15.7,6386.22
1763035200,15.7,15.73,15.66,15.71,21545.64
1763060400,14.94,14.99,14.74,14.8,20773.77
1763064000,14.8,14.93,14.74,14.85,48326.950000000004
1763067600,14.85,14.91,14.69,14.83,29102.7
1763071200,14.82,15.04,14.8,15.02,17776.329999999998
1763074800,15.02,15.16,14.96,15.07,30775.92
1763078400,15.06,15.16,14.94,15.02,25467.79
1763082000,15.02,15.12,14.94,14.94,36513.47
1763085600,14.95,15.15,14.94,15.08,37749.02
1763089200,15.08,15.08,14.93,15.02,16708.31
1763092800,15.01,15.01,14.51,14.78,81605.93
1763096400,14.79,15.16,14.78,15.14,55401.229999999996
1763100000,15.14,15.16,14.83,15.16,43113.58
1763103600,15.15,15.16,14.99,15.08,30153.78
1763107200,15.08,15.09,14.83,14.9,19986.59
1763110800,14.9,14.94,14.75,14.77,27054.28
1763114400,14.78,14.96,14.78,14.87,34694.44
1763118000,14.87,14.88,14.72,14.77,23265.22
1763121600,14.78,14.78,14.28,14.56,104785.95
1763146800,15.01,15.03,14.96,15.01,5193.67
1763150400,15.02,15.02,14.67,14.76,21575.89
1763154000,14.76,14.91,14.7,14.86,23223.12
1763157600,14.86,14.9,14.74,14.77,16368.39
1763161200,14.77,14.8,14.5,14.73,40330.840000000004
1763164800,14.72,14.92,14.72,14.9,29203.65
1763168400,14.9,15.12,14.86,15.1,20871.87
1763172000,15.1,15.19,15.04,15.19,25519.96
1763175600,15.19,15.29,15.15,15.26,14322.4
1763179200,15.27,15.28,15.11,15.23,71145.88
1763182800,15.23,15.31,15.2,15.24,23343.52
1763186400,15.23,15.58,15.23,15.57,142450.71
1763190000,15.56,15.64,15.46,15.51,87354.88
1763193600,15.52,15.53,15.2,15.29,95761.90000000001
1763197200,15.28,15.39,15.25,15.29,34685.49
1763200800,15.3,15.39,15.21,15.35,34873.24
1763204400,15.34,15.36,15.27,15.32,16925.46
1763208000,15.31,15.52,15.29,15.49,48120.53
1763233200,15.51,15.51,15.45,15.5,8316.039999999999
1763236800,15.51,15.53,15.39,15.4,19322.43
1763240400,15.4,15.52,15.37,15.42,17565.81
1763244000,15.41,15.42,15.35,15.4,14850.18
1763247600,15.39,15.39,15.28,15.3,14524.92
1763251200,15.3,15.33,15.14,15.22,34402.25
1763254800,15.21,15.23,15.01,15.14,23541.24
1763258400,15.13,15.33,15.08,15.31,29380.71
1763262000,15.32,15.36,15.25,15.29,11626.2
1763265600,15.29,15.3,15.16,15.28,24370.15
1763269200,15.27,15.35,15.26,15.27,18135.61
1763272800,15.28,15.32,15.24,15.25,12528.119999999999
1763276400,15.25,15.32,15.24,15.32,14819.1
1763280000,15.33,15.33,15.2,15.23,16243.569999999998
1763283600,15.23,15.35,15.22,15.35,17993.31
1763287200,15.35,15.35,15.27,15.27,18134.55
1763290800,15.28,15.32,15.04,15.07,75202.96
1763294400,15.07,15.19,15.05,15.13,14041.03
1763319600,14.64,14.71,14.62,14.63,4897.0199999999995
1763323200,14.63,14.74,14.59,14.64,16270.83
1763326800,14.63,14.65,14.52,14.62,22560.01
1763330400,14.62,14.82,14.53,14.75,31895.98
1763334000,14.75,14.87,14.52,14.79,27101.85
1763337600,14.79,14.99,14.69,14.98,28606.97
1763341200,14.97,14.98,14.8,14.82,26431.65
1763344800,14.83,14.92,14.8,14.88,15201.82
1763348400,14.88,14.98,14.85,14.92,15705.86
1763352000,14.92,15.0,14.89,14.92,12648.79
1763355600,14.92,15.03,14.92,14.98,30748.85
1763359200,14.99,15.08,14.94,15.07,12554.75
1763362800,15.08,15.14,14.97,15.02,39444.82
1763366400,15.02,15.03,14.94,15.01,29156.14
1763370000,15.01,15.14,14.99,15.06,24584.600000000002
1763373600,15.06,15.14,15.01,15.05,41353.23
1763377200,15.05,15.1,14.99,15.04,28967.84
1763380800,15.05,15.06,14.93,14.96,34214.86
1763406000,14.32,14.4,14.16,14.21,30279.5
1763409600,14.2,14.34,14.11,14.26,80105.66
1763413200,14.27,14.35,14.07,14.24,55308.67
1763416800,14.23,14.34,14.19,14.32,23695.62
1763420400,14.32,14.33,14.22,14.28,15475.17
1763424000,14.28,14.36,14.05,14.34,61724.61
1763427600,14.34,14.44,14.3,14.4,26695.94
1763431200,14.4,14.56,14.22,14.31,50832.29
1763434800,14.31,14.54,14.15,14.45,66888.96
1763438400,14.45,14.53,14.28,14.52,49751.1
1763442000,14.51,14.56,14.39,14.42,37390.17
1763445600,14.41,14.5,14.27,14.31,41363.92
1763449200,14.31,14.47,14.26,14.42,20076.38
1763452800,14.42,14.56,14.4,14.5,23636.32
1763456400,14.51,14.55,14.42,14.54,16545.65
1763460000,14.54,14.59,14.49,14.58,9028.7
1763463600,14.57,14.59,14.48,14.49,15369.64
1763467200,14.49,14.52,14.38,14.47,21497.88
1763492400,14.72,14.75,14.66,14.69,2874.98
1763496000,14.7,14.73,14.67,14.67,4659.34
1763499600,14.67,14.69,14.54,14.55,8578.9
1763503200,14.56,14.72,14.56,14.68,8861.22
1763506800,14.68,14.68,14.62,14.65,9435.19
1763510400,14.65,14.66,14.48,14.62,18978.4
1763514000,14.61,14.66,14.53,14.58,11513.550000000001
1763517600,14.58,14.65,14.56,14.59,11324.24
1763521200,14.58,14.6,14.38,14.4,9858.9
1763524800,14.4,14.44,14.35,14.35,16255.29
1763528400,14.35,14.37,14.12,14.22,28533.44
1763532000,14.22,14.37,14.2,14.37,14494.43
1763535600,14.37,14.51,14.36,14.48,9667.15
1763539200,14.49,14.49,14.39,14.4,13841.5
1763542800,14.4,14.41,14.31,14.38,13448.37
1763546400,14.38,14.46,14.36,14.38,11771.84
1763550000,14.38,14.41,14.35,14.37,9077.27
1763553600,14.37,14.44,14.36,14.42,4660.16
1763578800,13.77,13.86,13.71,13.8,6626.64
1763582400,13.81,14.01,13.76,13.98,17977.45
1763586000,13.99,14.25,13.96,14.23,27267.94
1763589600,14.23,14.23,14.09,14.15,9824.93
1763593200,14.16,14.28,14.16,14.21,20599.91
1763596800,14.21,14.27,14.08,14.19,37161.67
1763600400,14.19,14.32,14.19,14.3,16024.36
1763604000,14.3,14.36,14.26,14.29,19084.36
1763607600,14.29,14.31,14.26,14.27,13022.42
1763611200,14.27,14.34,14.22,14.34,14925.880000000001
1763614800,14.34,14.36,14.26,14.26,12155.96
1763618400,14.26,14.32,14.24,14.3,12788.02
1763622000,14.29,14.38,14.27,14.38,14681.69
1763625600,14.37,14.38,14.32,14.33,8432.33
1763629200,14.33,14.34,14.24,14.29,14640.82
1763632800,14.29,14.3,14.22,14.28,23919.44
1763636400,14.29,14.32,14.23,14.32,13619.85
1763640000,14.31,14.4,14.29,14.4,12313.83
1763665200,13.54,13.62,13.5,13.61,3869.7
1763668800,13.6,13.65,13.48,13.6,24842.1
1763672400,13.6,13.81,13.6,13.72,18613.53
1763676000,13.72,13.86,13.7,13.78,13233.27
1763679600,13.79,13.79,13.46,13.49,70957.47
1763683200,13.49,13.6,13.46,13.57,24227.18
1763686800,13.58,13.69,13.55,13.6,14728.039999999999
1763690400,13.6,13.63,13.39,13.43,32321.84
1763694000,13.43,13.67,13.42,13.56,25213.8
1763697600,13.56,13.62,13.41,13.59,25227.28
1763701200,13.59,13.59,13.41,13.45,26623.01
1763704800,13.46,13.51,13.38,13.47,22991.829999999998
1763708400,13.46,13.52,12.5,13.07,205209.62
1763712000,13.06,13.28,12.99,13.14,47215.92
1763715600,13.15,13.24,12.93,12.93,33030.64
1763719200,12.93,13.07,12.87,13.0,39934.12
1763722800,13.0,13.18,12.97,13.05,21442.76
1763726400,13.05,13.27,12.75,13.24,128804.52
1763751600,13.6,13.64,13.55,13.6,15265.95
1763755200,13.59,13.61,13.38,13.44,24740.45
1763758800,13.44,13.66,13.34,13.6,38825.5
1763762400,13.59,13.62,13.28,13.28,18994.95
1763766000,13.28,13.62,13.24,13.54,36090.78
1763769600,13.53,13.62,13.46,13.54,22527.07
1763773200,13.54,13.7,13.48,13.62,22021.12
1763776800,13.62,13.67,13.53,13.66,32269.31
1763780400,13.66,13.81,13.63,13.66,38058.34
1763784000,13.65,13.67,13.42,13.55,37237.26
1763787600,13.55,13.59,13.34,13.38,35235.659999999996
1763791200,13.38,13.57,13.27,13.53,33330.54
1763794800,13.54,13.54,13.41,13.47,28363.98
1763798400,13.47,13.48,13.25,13.27,34809.1
1763802000,13.28,13.42,13.21,13.35,38170.19
1763805600,13.34,13.41,13.2,13.29,45001.94
1763809200,13.28,13.69,13.28,13.62,50630.02
1763812800,13.63,13.63,13.37,13.39,36187.6
1763838000,13.46,13.47,13.42,13.46,2728.35
1763841600,13.45,13.51,13.38,13.42,8099.3
1763845200,13.42,13.46,13.4,13.43,8499.38
1763848800,13.44,13.63,13.38,13.58,16576.85
1763852400,13.57,13.6,13.48,13.51,19440.72
1763856000,13.51,13.56,13.46,13.48,10756.210000000001
1763859600,13.48,13.64,13.48,13.6,15036.41
1763863200,13.61,13.68,13.57,13.62,18173.73
1763866800,13.62,13.65,13.54,13.63,7857.81
1763870400,13.63,13.75,13.62,13.66,29029.99
1763874000,13.66,13.75,13.61,13.73,20145.33
1763877600,13.72,13.75,13.62,13.65,12183.279999999999
1763881200,13.64,13.76,13.6,13.71,21038.1
1763884800,13.71,13.76,13.67,13.69,18627.4
1763888400,13.69,13.79,13.67,13.76,13310.76
1763892000,13.75,13.77,13.65,13.68,37555.43
1763895600,13.68,13.68,13.62,13.66,16171.03
1763899200,13.66,13.78,13.64,13.67,31471.21
1763924400,13.73,13.74,13.69,13.69,1894.54
1763928000,13.7,13.71,13.65,13.66,6782.63
1763931600,13.65,13.77,13.64,13.75,7063.53
1763935200,13.75,13.76,13.68,13.73,8914.76
1763938800,13.74,13.75,13.54,13.56,18028.65
1763942400,13.56,13.67,13.47,13.59,28482.32
1763946000,13.58,13.6,13.5,13.59,16523.2
1763949600,13.59,13.9,13.58,13.8,32876.85
1763953200,13.79,13.9,13.75,13.82,8751.97
1763956800,13.82,13.87,13.65,13.71,20835.829999999998
1763960400,13.7,13.99,13.68,13.82,28885.48
1763964000,13.83,13.83,13.69,13.76,18991.899999999998
1763967600,13.76,13.77,13.66,13.7,17102.739999999998
1763971200,13.69,13.75,13.66,13.72,11582.11
1763974800,13.71,13.72,13.52,13.58,27538.010000000002
1763978400,13.57,13.65,13.56,13.61,9262.76
1763982000,13.6,13.66,13.56,13.65,11806.69
1763985600,13.65,13.65,13.44,13.47,23996.32
1764010800,14.25,14.25,14.16,14.19,6865.58
1764014400,14.2,14.32,14.19,14.27,17187.07
1764018000,14.27,14.29,14.16,14.19,6866.78
1764021600,14.19,14.26,14.1,14.17,9740.95
1764025200,14.17,14.23,14.15,14.18,11780.94
1764028800,14.17,14.22,14.13,14.19,11447.03
1764032400,14.19,14.23,14.1,14.1,22692.93
1764036000,14.11,14.13,14.01,14.13,11937.66
1764039600,14.12,14.15,14.05,14.08,10691.96
1764043200,14.07,14.14,14.05,14.09,8719.35
1764046800,14.09,14.09,13.98,14.03,14462.52
1764050400,14.02,14.03,13.95,13.99,33053.36
1764054000,13.98,13.99,13.88,13.9,18335.61
1764057600,13.91,13.96,13.83,13.85,18869.31
1764061200,13.86,13.98,13.82,13.95,25800.94
1764064800,13.94,13.94,13.86,13.91,8356.74
1764068400,13.91,13.91,13.86,13.88,7011.32
1764072000,13.87,13.99,13.85,13.92,16985.27
1764097200,13.91,14.03,13.91,14.02,4179.88
1764100800,14.02,14.11,14.01,14.08,23251.54
1764104400,14.07,14.1,14.04,14.07,15514.83
1764108000,14.06,14.21,13.96,14.2,24431.5
1764111600,14.2,14.25,14.14,14.17,16010.41
1764115200,14.17,14.18,14.1,14.1,12064.09
1764118800,14.11,14.18,14.06,14.12,8933.0
1764122400,14.12,14.14,14.07,14.08,9884.02
1764126000,14.07,14.09,13.99,14.03,10170.35
1764129600,14.03,14.04,13.94,13.98,18335.27
1764133200,13.98,14.06,13.98,14.04,7499.32
1764136800,14.04,14.09,14.0,14.08,7315.91
1764140400,14.08,14.09,14.05,14.06,5660.48
1764144000,14.06,14.07,13.97,13.97,7871.96
1764147600,13.98,13.99,13.9,13.92,11667.73
1764151200,13.93,13.96,13.87,13.9,24057.59
1764154800,13.9,13.92,13.84,13.86,4493.76
1764158400,13.85,13.86,13.76,13.8,20981.54
1764183600,14.08,14.08,14.04,14.07,7702.08
1764187200,14.07,14.1,14.01,14.04,18787.54
1764190800,14.05,14.19,14.03,14.11,17014.5
1764194400,14.11,14.18,14.09,14.16,20914.3
1764198000,14.15,14.17,14.11,14.13,11836.289999999999
1764201600,14.12,14.16,14.05,14.12,20912.28
1764205200,14.11,14.18,14.09,14.16,19893.34
1764208800,14.16,14.19,14.08,14.12,14769.85
1764212400,14.12,14.13,14.02,14.02,9413.4
1764216000,14.02,14.08,14.02,14.06,37692.76
1764219600,14.05,14.06,13.94,13.95,20195.36
1764223200,13.96,14.04,13.96,14.03,7263.72
1764226800,14.03,14.04,13.99,14.01,7079.179999999999
1764230400,14.0,14.01,13.95,13.99,6653.88
1764234000,13.99,14.07,13.95,14.0,15177.27
1764237600,13.99,14.0,13.93,13.99,11057.6
1764241200,13.99,13.99,13.9,13.92,6970.29
1764244800,13.91,13.94,13.83,13.84,15756.43
1764248400,13.84,13.85,13.84,13.85,245.12
1764270000,13.96,13.97,13.94,13.97,4001.42
1764273600,13.97,14.0,13.95,13.98,5796.29
1764277200,13.98,14.02,13.95,13.96,10309.0
1764280800,13.95,13.97,13.83,13.86,11821.1
1764284400,13.86,13.9,13.83,13.88,12835.03
1764288000,13.87,13.9,13.82,13.87,9783.08
1764291600,13.87,13.88,13.73,13.75,10684.6
1764295200,13.75,13.77,13.67,13.75,18674.61
1764298800,13.74,13.79,13.72,13.75,11138.1
1764302400,13.75,13.77,13.71,13.73,8859.05
1764306000,13.72,13.78,13.7,13.76,6575.09
1764309600,13.76,13.77,13.69,13.72,10672.460000000001
1764313200,13.71,13.83,13.71,13.79,11991.78
1764316800,13.79,14.1,13.79,14.07,27527.46
1764320400,14.08,14.08,13.99,14.0,15316.15
1764324000,14.0,14.02,13.95,14.01,9645.28
1764327600,14.01,14.02,13.85,13.91,16820.14
1764331200,13.91,13.95,13.86,13.86,7599.56
1764334800,13.86,13.87,13.86,13.87,35.04
1764356400,13.78,13.79,13.76,13.78,1399.91
1764360000,13.77,13.79,13.71,13.78,6506.18
1764363600,13.78,13.8,13.73,13.73,4681.9800000000005
1764367200,13.74,13.79,13.7,13.79,12534.22
1764370800,13.79,13.82,13.78,13.81,4805.86
1764374400,13.8,13.83,13.76,13.82,4595.46
1764378000,13.82,13.9,13.82,13.86,7580.22
1764381600,13.87,13.87,13.77,13.8,5312.85
1764385200,13.8,13.85,13.8,13.81,7193.81
1764388800,13.8,13.86,13.77,13.85,7027.11
1764392400,13.85,13.87,13.82,13.82,5767.33
1764396000,13.82,13.84,13.68,13.73,16351.050000000001
1764399600,13.73,13.75,13.68,13.69,5142.49
1764403200,13.68,13.72,13.65,13.68,6311.83
1764406800,13.68,13.68,13.64,13.67,8156.35
1764410400,13.67,13.7,13.63,13.68,7708.75
1764414000,13.67,13.74,13.65,13.72,6306.99
1764417600,13.72,13.72,13.65,13.66,4189.11
1764421200,13.65,13.65,13.65,13.65,418.65
1764442800,13.62,13.64,13.61,13.63,901.1700000000001
1764446400,13.62,13.74,13.58,13.74,13935.47
1764450000,13.73,13.75,13.68,13.71,4283.39
1764453600,13.71,13.72,13.67,13.69,3404.77
1764457200,13.69,13.74,13.67,13.72,12952.64
1764460800,13.72,13.74,13.7,13.72,6053.36
1764464400,13.72,13.78,13.71,13.75,10489.59
1764468000,13.75,13.78,13.69,13.7,6628.67
1764471600,13.7,13.74,13.62,13.74,11368.43
1764475200,13.74,13.77,13.72,13.73,1462.35
1764478800,13.73,13.73,13.67,13.7,5768.42
1764482400,13.7,13.82,13.7,13.79,7827.99
1764486000,13.79,13.84,13.78,13.82,10650.880000000001
1764489600,13.82,13.9,13.81,13.84,15076.61
1764493200,13.84,13.88,13.8,13.83,7095.09
1764496800,13.83,13.84,13.8,13.82,3222.2200000000003
1764500400,13.81,13.83,13.75,13.79,9221.16
1764504000,13.8,13.89,13.73,13.84,13054.130000000001
1764507600,13.84,13.86,13.84,13.86,847.3100000000001
1764529200,13.93,13.94,13.92,13.94,1058.58
1764532800,13.94,13.99,13.94,13.98,4238.97
1764536400,13.99,13.99,13.89,13.91,5242.77
1764540000,13.9,13.95,13.87,13.91,5982.33
1764543600,13.91,13.91,13.7,13.73,10546.99
1764547200,13.73,13.74,12.98,13.0,231830.31
1764550800,13.0,13.15,12.94,13.01,34674.93
1764554400,13.01,13.1,12.98,13.03,33427.86
1764558000,13.02,13.04,12.89,12.94,61777.88
1764561600,12.93,12.96,12.86,12.91,30790.260000000002
1764565200,12.91,13.0,12.82,12.84,31787.85
1764568800,12.84,12.92,12.81,12.9,15540.05
1764572400,12.89,12.92,12.81,12.92,31266.55
1764576000,12.92,12.93,12.84,12.87,37708.08
1764579600,12.86,12.95,12.85,12.92,23172.83
1764583200,12.92,12.94,12.9,12.91,9383.26
1764586800,12.9,12.92,12.87,12.9,7871.5
1764590400,12.9,12.92,12.72,12.91,45375.840000000004
1764594000,12.9,13.0,12.89,12.95,3978.16
1764615600,12.75,12.78,12.74,12.78,2176.2799999999997
1764619200,12.77,12.92,12.77,12.8,14792.24
1764622800,12.81,12.95,12.8,12.92,15616.05
1764626400,12.91,13.01,12.91,12.97,9320.49
1764630000,12.96,13.04,12.96,12.97,9513.94
1764633600,12.97,13.01,12.95,13.0,7236.66
1764637200,12.99,13.11,12.97,12.98,17023.350000000002
1764640800,12.97,13.02,12.93,12.96,12342.57
1764644400,12.97,13.0,12.88,12.99,13872.73
1764648000,12.99,13.01,12.9,12.9,12377.91
1764651600,12.9,12.95,12.88,12.94,5935.61
1764655200,12.94,13.02,12.92,13.01,7020.18
1764658800,13.01,13.01,12.96,12.97,5287.11
1764662400,12.97,12.98,12.84,12.87,16280.039999999999
1764666000,12.87,12.92,12.86,12.88,5399.36
1764669600,12.88,13.01,12.87,12.98,15647.06
1764673200,12.98,13.06,12.95,13.03,11231.92
1764676800,13.03,13.09,13.01,13.07,6346.75
1764680400,13.08,13.09,13.05,13.07,2398.49
1764702000,13.68,13.68,13.6,13.62,2277.47
1764705600,13.61,13.62,13.52,13.59,17680.44
1764709200,13.59,13.62,13.57,13.59,8906.81
1764712800,13.59,13.65,13.59,13.63,8114.47
1764716400,13.63,13.64,13.57,13.59,6304.71
1764720000,13.59,13.65,13.54,13.61,12425.09
1764723600,13.61,13.66,13.59,13.61,9577.23
1764727200,13.62,13.72,13.61,13.67,20678.14
1764730800,13.66,13.71,13.64,13.66,9569.24
1764734400,13.65,13.84,13.63,13.82,19471.34
1764738000,13.82,13.88,13.8,13.84,13825.15
1764741600,13.84,13.93,13.8,13.86,22902.23
1764745200,13.86,13.87,13.82,13.82,7846.26
1764748800,13.82,13.89,13.82,13.89,6400.13
1764752400,13.89,13.9,13.83,13.87,9750.77
1764756000,13.87,13.92,13.81,13.82,9358.369999999999
1764759600,13.83,13.92,13.81,13.91,8811.05
1764763200,13.91,13.93,13.87,13.89,11987.57
1764766800,13.89,13.91,13.88,13.9,547.36
1764788400,14.05,14.06,14.05,14.05,601.3599999999999
1764792000,14.06,14.18,14.03,14.13,15677.95
1764795600,14.13,14.23,14.11,14.22,13143.48
1764799200,14.22,14.31,14.16,14.27,32132.56
1764802800,14.26,14.35,14.17,14.19,20179.1
1764806400,14.18,14.23,14.11,14.15,27216.15
1764810000,14.16,14.31,14.16,14.19,19000.07
1764813600,14.19,14.27,14.18,14.22,11751.02
1764817200,14.22,14.27,14.15,14.17,5630.89
1764820800,14.17,14.17,14.06,14.08,8718.880000000001
1764824400,14.09,14.09,14.02,14.06,21705.95
1764828000,14.06,14.14,14.04,14.09,11897.7
1764831600,14.09,14.1,14.0,14.09,12326.83
1764835200,14.09,14.09,13.99,14.02,13158.68
1764838800,14.03,14.09,14.02,14.07,8572.44
1764842400,14.06,14.09,14.02,14.04,8871.59
1764846000,14.04,14.05,13.98,13.98,9231.539999999999
1764849600,13.99,14.0,13.92,13.95,12471.73
1764853200,13.96,13.98,13.92,13.92,3984.45
1764874800,13.78,13.79,13.75,13.77,721.37
1764878400,13.76,13.85,13.73,13.84,23159.51
1764882000,13.83,13.85,13.72,13.73,8048.42
1764885600,13.72,13.8,13.72,13.77,5691.32
1764889200,13.76,13.77,13.73,13.74,6134.11
1764892800,13.73,13.81,13.71,13.78,8859.06
1764896400,13.77,13.84,13.77,13.78,7323.56
1764900000,13.77,13.88,13.74,13.86,7867.76
1764903600,13.85,13.89,13.77,13.79,6166.95
1764907200,13.79,13.81,13.68,13.74,11720.75
1764910800,13.74,13.77,13.7,13.73,6561.88
1764914400,13.74,13.79,13.73,13.78,24373.14
1764918000,13.77,13.85,13.77,13.84,11134.82
1764921600,13.83,13.84,13.73,13.76,4793.89
1764925200,13.76,13.76,13.57,13.61,17263.29
1764928800,13.6,13.66,13.54,13.58,19315.57
1764932400,13.58,13.59,13.44,13.52,18808.81
1764936000,13.52,13.53,13.47,13.5,14121.44
1764939600,13.5,13.5,13.46,13.48,1633.21
1764961200,13.11,13.14,13.1,13.11,3856.5600000000004
1764964800,13.11,13.13,13.02,13.02,20495.25
1764968400,13.02,13.07,13.01,13.05,16932.21
1764972000,13.05,13.15,13.03,13.13,13272.5
1764975600,13.13,13.16,13.07,13.14,8104.14
1764979200,13.14,13.19,13.08,13.19,8914.28
1764982800,13.19,13.23,13.14,13.16,9955.8
1764986400,13.16,13.19,13.14,13.19,4755.96
1764990000,13.19,13.26,13.19,13.23,8957.54
1764993600,13.24,13.24,13.17,13.18,3869.13
1764997200,13.17,13.19,13.15,13.18,3914.94
1765000800,13.18,13.23,13.17,13.2,2481.36
1765004400,13.21,13.23,13.14,13.19,7426.17
1765008000,13.19,13.2,13.11,13.12,4853.48
1765011600,13.12,13.22,13.11,13.19,7377.78
1765015200,13.19,13.2,13.16,13.18,2880.5
1765018800,13.18,13.26,13.16,13.25,4018.6
1765022400,13.25,13.3,13.23,13.25,9467.369999999999
1765026000,13.25,13.26,13.24,13.25,355.64
1765047600,13.32,13.33,13.31,13.33,98.10000000000001
1765051200,13.34,13.37,13.33,13.35,3870.2200000000003
1765054800,13.34,13.42,13.34,13.36,8029.87
1765058400,13.36,13.36,13.3,13.31,5873.65
1765062000,13.31,13.33,13.27,13.32,6131.3
1765065600,13.32,13.39,13.3,13.38,3925.16
1765069200,13.38,13.38,13.33,13.33,3555.2599999999998
1765072800,13.33,13.36,13.32,13.35,3821.2400000000002
1765076400,13.35,13.36,13.32,13.36,2193.99
1765080000,13.36,13.36,13.29,13.3,4269.88
1765083600,13.31,13.32,13.27,13.32,8025.71
1765087200,13.31,13.35,13.3,13.33,4682.39
1765090800,13.34,13.34,13.24,13.26,4167.24
1765094400,13.25,13.28,13.2,13.24,2523.66
1765098000,13.24,13.25,13.12,13.14,8112.3
1765101600,13.15,13.19,13.12,13.14,7046.860000000001
1765105200,13.14,13.17,13.12,13.12,4604.33
1765108800,13.13,13.18,13.11,13.14,5071.19
1765112400,13.15,13.15,13.12,13.12,582.06
1765134000,13.38,13.39,13.38,13.39,338.78
1765137600,13.4,13.43,13.38,13.43,5064.04
1765141200,13.42,13.42,13.14,13.22,11191.41
1765144800,13.21,13.21,12.92,13.05,27459.98
1765148400,13.05,13.12,13.0,13.12,9934.19
1765152000,13.12,13.16,13.07,13.08,7340.4800000000005
1765155600,13.07,13.36,13.06,13.22,15597.8
1765159200,13.22,13.29,13.2,13.29,5254.599999999999
1765162800,13.29,13.32,13.25,13.29,5215.91
1765166400,13.3,13.42,13.29,13.35,6717.82
1765170000,13.34,13.42,13.32,13.38,4903.12
1765173600,13.38,13.49,13.38,13.46,15060.6
1765177200,13.46,13.48,13.41,13.45,6985.28
1765180800,13.44,13.48,13.42,13.46,6225.2300000000005
1765184400,13.46,13.6,13.46,13.54,20385.46
1765188000,13.54,13.59,13.5,13.5,12999.43
1765191600,13.5,13.51,13.43,13.45,9857.42
1765195200,13.45,13.46,13.39,13.45,9870.55
1765198800,13.46,13.52,13.45,13.51,4153.76
1765220400,13.42,13.43,13.39,13.39,432.07000000000005
1765224000,13.4,13.49,13.4,13.48,8902.73
1765227600,13.48,13.54,13.45,13.53,4977.74
1765231200,13.53,13.54,13.43,13.46,6210.860000000001
1765234800,13.47,13.48,13.4,13.44,10988.11
1765238400,13.44,13.54,13.41,13.43,23222.46
1765242000,13.43,13.45,13.34,13.36,5896.4400000000005
1765245600,13.36,13.38,13.31,13.31,6881.26
1765249200,13.31,13.4,13.26,13.39,11542.73
1765252800,13.4,13.41,13.29,13.3,7378.61
1765256400,13.3,13.35,13.25,13.25,7824.87
1765260000,13.25,13.31,13.23,13.31,3535.07
1765263600,13.3,13.4,13.28,13.39,5536.56
1765267200,13.39,13.39,13.32,13.35,1225.16
1765270800,13.34,13.34,13.26,13.3,7428.18
1765274400,13.29,13.36,13.28,13.33,8758.76
1765278000,13.34,13.36,13.31,13.35,2563.08
1765281600,13.34,13.52,13.33,13.5,18619.12
1765285200,13.5,13.52,13.5,13.5,1294.1299999999999
1765306800,14.04,14.05,14.03,14.03,636.87
1765310400,14.02,14.07,13.87,13.92,10257.9
1765314000,13.93,13.96,13.76,13.84,12354.68
1765317600,13.84,13.97,13.84,13.94,10572.35
1765321200,13.93,13.95,13.86,13.87,6478.74
1765324800,13.87,13.91,13.79,13.79,9842.039999999999
1765328400,13.79,13.79,13.71,13.75,8365.21
1765332000,13.75,13.79,13.7,13.76,8984.02
1765335600,13.76,13.76,13.69,13.71,7673.66
1765339200,13.71,13.76,13.69,13.73,18881.8
1765342800,13.74,13.78,13.69,13.72,12982.37
1765346400,13.72,13.73,13.67,13.7,4337.96
1765350000,13.7,13.7,13.62,13.68,4188.68
1765353600,13.69,13.7,13.62,13.62,5358.34
1765357200,13.62,13.69,13.57,13.69,12010.05
1765360800,13.69,13.76,13.58,13.59,15034.960000000001
1765364400,13.58,13.62,13.55,13.59,8963.84
1765368000,13.59,13.62,13.56,13.61,12025.83
1765371600,13.6,13.63,13.6,13.62,999.47
1765393200,13.96,13.98,13.96,13.98,1158.6799999999998
1765396800,13.98,14.29,13.88,13.92,111854.51
1765400400,13.91,13.99,13.77,13.78,21550.39
1765404000,13.79,13.89,13.64,13.83,39220.67
1765407600,13.83,13.87,13.67,13.68,11139.609999999999
1765411200,13.67,13.69,13.42,13.45,26908.559999999998
1765414800,13.45,13.45,13.28,13.28,19226.02
1765418400,13.29,13.29,13.14,13.15,15632.16
1765422000,13.15,13.15,13.0,13.08,28608.75
1765425600,13.08,13.2,13.03,13.15,30357.23
1765429200,13.15,13.16,13.1,13.16,9777.32
1765432800,13.15,13.16,13.07,13.12,12481.46
1765436400,13.11,13.13,13.07,13.08,17635.8
1765440000,13.07,13.08,13.0,13.05,15229.83
1765443600,13.05,13.1,13.03,13.04,14881.58
1765447200,13.05,13.07,12.99,13.03,22438.48
1765450800,13.03,13.09,13.02,13.07,10309.72
1765454400,13.06,13.1,13.03,13.08,6981.030000000001
1765458000,13.09,13.13,13.09,13.11,2326.64
1765479600,13.14,13.14,13.09,13.11,3721.8
1765483200,13.12,13.21,13.12,13.2,15808.470000000001
1765486800,13.21,13.39,13.18,13.31,23096.84
1765490400,13.31,13.38,13.23,13.28,24318.9
1765494000,13.28,13.29,13.21,13.25,15288.720000000001
1765497600,13.25,13.28,13.08,13.08,25507.99
1765501200,13.09,13.22,13.09,13.17,14443.22
1765504800,13.17,13.24,13.14,13.22,7017.34
1765508400,13.22,13.25,13.15,13.18,4865.28
1765512000,13.18,13.19,13.16,13.17,3983.0
1765515600,13.17,13.26,13.14,13.26,5794.0599999999995
1765519200,13.27,13.34,13.26,13.28,10238.19
1765522800,13.27,13.29,13.25,13.26,7204.08
1765526400,13.26,13.26,13.13,13.21,32808.74
1765530000,13.21,13.24,13.16,13.24,7958.39
1765533600,13.23,13.28,13.22,13.23,8979.72
1765537200,13.22,13.23,13.16,13.18,8484.74
1765540800,13.18,13.24,13.16,13.22,4178.81
1765544400,13.22,13.24,13.2,13.23,937.92
1765566000,12.88,12.89,12.86,12.89,613.79
1765569600,12.88,12.92,12.85,12.89,9726.31
1765573200,12.88,12.96,12.88,12.94,3884.6
1765576800,12.95,12.98,12.9,12.94,9667.68
1765580400,12.95,12.98,12.92,12.93,4828.91
1765584000,12.94,12.99,12.93,12.96,5701.72
1765587600,12.97,12.99,12.96,12.98,1660.6399999999999
1765591200,12.97,13.02,12.97,12.99,9184.2
1765594800,12.99,13.09,12.99,13.07,7557.49
1765598400,13.07,13.11,13.05,13.09,8735.73
1765602000,13.1,13.16,13.1,13.12,13797.96
1765605600,13.12,13.16,13.11,13.15,6307.7
1765609200,13.14,13.18,13.13,13.16,7818.11
1765612800,13.16,13.25,13.16,13.19,12042.37
1765616400,13.19,13.2,13.16,13.18,2370.65
1765620000,13.17,13.22,13.16,13.2,6365.1900000000005
1765623600,13.2,13.21,13.17,13.2,3189.67
1765627200,13.19,13.22,13.15,13.16,9834.34
1765630800,13.16,13.16,13.14,13.15,1467.68
1765652400,13.17,13.18,13.17,13.18,2.85
1765656000,13.17,13.18,13.14,13.15,1175.8
1765659600,13.15,13.15,13.09,13.15,5308.84
1765663200,13.15,13.18,13.12,13.17,3449.99
1765666800,13.16,13.2,13.16,13.19,5326.26
1765670400,13.18,13.2,13.16,13.17,3741.67
1765674000,13.18,13.2,13.17,13.17,2499.37
1765677600,13.17,13.23,13.17,13.22,8682.08
1765681200,13.22,13.22,13.17,13.19,3033.97
1765684800,13.19,13.19,13.11,13.13,4835.46
1765688400,13.12,13.12,13.07,13.11,3610.84
1765692000,13.11,13.12,13.06,13.09,2125.48
1765695600,13.09,13.12,13.07,13.1,3630.86
1765699200,13.1,13.12,13.05,13.05,2547.89
1765702800,13.05,13.06,13.01,13.02,3706.85
1765706400,13.03,13.04,12.95,13.0,15870.39
1765710000,13.0,13.0,12.84,12.96,23294.23
1765713600,12.96,13.0,12.92,12.97,7585.66
1765717200,12.97,12.97,12.92,12.96,2428.85
