timestamp,open,high,low,close,volume
1686614400,0.02002,0.02046,0.01983,0.02009,396174107.0
1686643200,0.02008,0.02067,0.0194,0.0195,633605988.0
1686672000,0.0195,0.02032,0.01949,0.02018,365940108.0
1686700800,0.02018,0.02045,0.01977,0.01982,227857651.0
1686729600,0.01983,0.0202,0.01982,0.0202,191645967.0
1686758400,0.02019,0.0205,0.01857,0.01915,671416143.0
1686787200,0.01915,0.01948,0.01888,0.01894,274615126.0
1686816000,0.01894,0.01915,0.01856,0.0189,264965731.0
1686844800,0.01891,0.01969,0.01841,0.01939,331354458.0
1686873600,0.0194,0.01997,0.01916,0.01918,348727436.0
1686902400,0.01919,0.01945,0.01873,0.01923,389999385.0
1686931200,0.01923,0.02007,0.01918,0.01978,329862751.0
1686960000,0.01977,0.02043,0.0195,0.02017,247924562.0
1686988800,0.02017,0.02051,0.02012,0.02034,278478882.0
1687017600,0.02035,0.02055,0.02007,0.0201,213963159.0
1687046400,0.02011,0.02055,0.02008,0.02019,247108447.0
1687075200,0.0202,0.02024,0.01968,0.01995,244600688.0
1687104000,0.01996,0.02016,0.01932,0.0196,222139446.0
1687132800,0.0196,0.01983,0.01934,0.01973,164392442.0
1687161600,0.01974,0.01983,0.01936,0.01953,171657155.0
1687190400,0.01952,0.0199,0.01927,0.01948,277972681.0
1687219200,0.01949,0.0199,0.0193,0.01965,205794533.0
1687248000,0.01966,0.01976,0.01904,0.01939,229702187.0
1687276800,0.0194,0.02122,0.01934,0.02109,475035089.0
1687305600,0.02108,0.02179,0.02099,0.02162,331445290.0
1687334400,0.0216,0.02307,0.02101,0.02181,1103221289.0
1687363200,0.02182,0.02242,0.02162,0.02198,601009688.0
1687392000,0.02198,0.02336,0.02176,0.02288,587495682.0
1687420800,0.02289,0.02292,0.0215,0.02226,590591671.0
1687449600,0.02225,0.02267,0.02181,0.02184,342008343.0
1687478400,0.02184,0.02223,0.0216,0.02207,240715030.0
1687507200,0.02207,0.02254,0.02141,0.02252,438747250.0
1687536000,0.02251,0.023,0.02222,0.02247,440683306.0
1687564800,0.02248,0.02278,0.02207,0.02213,301149739.0
1687593600,0.02214,0.02256,0.02112,0.02131,315620012.0
1687622400,0.02132,0.02213,0.02107,0.02208,244717355.0
1687651200,0.02207,0.02345,0.02183,0.02316,468283291.0
1687680000,0.02315,0.02365,0.02218,0.02235,439587513.0
1687708800,0.02235,0.02254,0.02208,0.02233,178897135.0
1687737600,0.02234,0.02276,0.02163,0.02269,276098692.0
1687766400,0.02268,0.0233,0.02236,0.02244,460042610.0
1687795200,0.02244,0.02257,0.0214,0.0217,340699543.0
1687824000,0.0217,0.02241,0.02168,0.02231,201679648.0
1687852800,0.02231,0.0229,0.02216,0.02237,364143213.0
1687881600,0.02238,0.02267,0.02228,0.02247,197909005.0
1687910400,0.02246,0.0225,0.02124,0.0213,435539252.0
1687939200,0.0213,0.02158,0.02082,0.02148,447932956.0
1687968000,0.02148,0.02172,0.02,0.02042,520889803.0
1687996800,0.02043,0.021,0.02034,0.02088,300734786.0
1688025600,0.02087,0.02112,0.02052,0.02057,564036951.0
1688054400,0.02057,0.02061,0.0198,0.02008,435256751.0
1688083200,0.02007,0.02077,0.01972,0.02032,565405893.0
1688112000,0.02032,0.02076,0.01829,0.01948,778865205.0
1688140800,0.01947,0.02033,0.01931,0.02006,389954224.0
1688169600,0.02005,0.02017,0.01953,0.01986,250500586.0
1688198400,0.01986,0.02034,0.0196,0.0201,313948614.0
1688227200,0.0201,0.02026,0.01973,0.02024,272741332.0
1688256000,0.02023,0.0205,0.01966,0.02015,271283918.0
1688284800,0.02015,0.02015,0.01948,0.01982,205825622.0
1688313600,0.01983,0.02009,0.01949,0.01996,227253561.0
1688342400,0.01996,0.02112,0.01983,0.0209,428924280.0
1688371200,0.02091,0.02137,0.02067,0.02128,390977725.0
1688400000,0.02128,0.02141,0.02076,0.02118,373382828.0
1688428800,0.02119,0.02125,0.02042,0.02052,369243799.0
1688457600,0.02051,0.02088,0.02021,0.02027,488203069.0
1688486400,0.02027,0.02051,0.01998,0.02022,317109076.0
1688515200,0.02022,0.02044,0.02011,0.02036,181794710.0
1688544000,0.02036,0.02049,0.01922,0.01931,546322408.0
1688572800,0.0193,0.01954,0.0192,0.01939,209435901.0
1688601600,0.01938,0.01987,0.0192,0.01979,311979737.0
1688630400,0.01979,0.02036,0.01892,0.01942,537252878.0
1688659200,0.01942,0.02005,0.01924,0.01937,516584583.0
1688688000,0.01937,0.01985,0.01898,0.01918,466006823.0
1688716800,0.01918,0.01944,0.01894,0.01935,351260193.0
1688745600,0.01936,0.01974,0.0193,0.01931,334868060.0
1688774400,0.01932,0.01961,0.01921,0.01947,215595780.0
1688803200,0.01947,0.02025,0.01944,0.01986,536346507.0
1688832000,0.01986,0.01998,0.01923,0.01965,323915277.0
1688860800,0.01965,0.01969,0.01926,0.01933,264344733.0
1688889600,0.01933,0.01952,0.01921,0.01938,248128832.0
1688918400,0.01937,0.01943,0.01891,0.01896,224362994.0
1688947200,0.01896,0.01899,0.01819,0.01862,386103035.0
1688976000,0.01861,0.01881,0.01835,0.01878,278878166.0
1689004800,0.01878,0.0194,0.0186,0.01898,292386544.0
1689033600,0.01899,0.01912,0.01862,0.01901,197106978.0
1689062400,0.01901,0.01903,0.01862,0.01875,190639706.0
1689091200,0.01875,0.01876,0.01846,0.01866,150556264.0
1689120000,0.01866,0.01936,0.0186,0.01928,280969779.0
1689148800,0.01928,0.01962,0.01896,0.01933,490324642.0
1689177600,0.01933,0.01952,0.01887,0.0195,433541299.0
1689206400,0.0195,0.01978,0.01907,0.01952,346602717.0
1689235200,0.01953,0.02019,0.01939,0.02002,480128512.0
1689264000,0.02003,0.02069,0.01999,0.02062,655522543.0
1689292800,0.02062,0.02105,0.02044,0.02054,419051034.0
1689321600,0.02054,0.02161,0.02052,0.02131,430215847.0
1689350400,0.0213,0.02136,0.01934,0.01992,570266001.0
1689379200,0.01992,0.02047,0.01966,0.02038,163361086.0
1689408000,0.02038,0.02047,0.0199,0.02,174232616.0
1689436800,0.02,0.02021,0.01985,0.02011,104962340.0
1689465600,0.02011,0.02024,0.01966,0.01983,162879232.0
1689494400,0.01983,0.02005,0.01978,0.01987,105579264.0
1689523200,0.01987,0.01996,0.01925,0.01935,170958997.0
1689552000,0.01935,0.01977,0.01917,0.01957,259007209.0
1689580800,0.01956,0.0196,0.01874,0.01933,372965959.0
1689609600,0.01933,0.01946,0.01872,0.01942,241229907.0
1689638400,0.01941,0.01959,0.01902,0.01915,150650809.0
1689667200,0.01915,0.01927,0.01875,0.01881,231102579.0
1689696000,0.01882,0.01889,0.01824,0.01832,309738738.0
1689724800,0.01832,0.01876,0.0181,0.0186,241321276.0
1689753600,0.0186,0.01862,0.01819,0.0184,269574852.0
1689782400,0.01839,0.01845,0.018,0.01806,250568242.0
1689811200,0.01806,0.01865,0.01802,0.01855,317075756.0
1689840000,0.01855,0.01922,0.01814,0.0183,572720335.0
1689868800,0.0183,0.01849,0.01813,0.01838,183432016.0
1689897600,0.01839,0.01856,0.01817,0.0183,155179697.0
1689926400,0.01829,0.0185,0.01819,0.01838,133284286.0
1689955200,0.01839,0.01845,0.01818,0.01832,135455001.0
1689984000,0.01831,0.01855,0.01828,0.0184,128680993.0
1690012800,0.01841,0.01843,0.01821,0.01831,106174514.0
1690041600,0.0183,0.01835,0.0176,0.01791,196513915.0
1690070400,0.01791,0.01804,0.01753,0.01784,211384905.0
1690099200,0.01784,0.0181,0.01776,0.01809,140116427.0
1690128000,0.0181,0.01864,0.01809,0.01848,249660462.0
1690156800,0.01849,0.01872,0.01781,0.01802,320067320.0
1690185600,0.01802,0.0183,0.01682,0.0174,452038807.0
1690214400,0.0174,0.01763,0.01726,0.01741,165734759.0
1690243200,0.01741,0.01749,0.01723,0.01732,115898405.0
1690272000,0.01732,0.0175,0.0173,0.01739,155020804.0
1690300800,0.01738,0.01776,0.01737,0.01762,196946942.0
1690329600,0.01762,0.01789,0.01741,0.01762,207681704.0
1690358400,0.01763,0.01836,0.01755,0.01831,532125439.0
1690387200,0.01832,0.01839,0.01791,0.01811,405527673.0
1690416000,0.01812,0.01838,0.01798,0.01822,189822788.0
1690444800,0.01821,0.01828,0.0179,0.01799,206770671.0
1690473600,0.01798,0.01811,0.01776,0.01807,139379029.0
1690502400,0.01808,0.01819,0.01794,0.01797,108425543.0
1690531200,0.01796,0.01868,0.01796,0.01832,322854053.0
1690560000,0.01832,0.01847,0.01822,0.01837,135138868.0
1690588800,0.01837,0.0185,0.01819,0.01832,115963577.0
1690617600,0.01831,0.01842,0.01823,0.01827,88177257.0
1690646400,0.01827,0.01849,0.01823,0.01836,134209203.0
1690675200,0.01837,0.01844,0.01816,0.01826,105977347.0
1690704000,0.01825,0.01829,0.01799,0.01805,145764263.0
1690732800,0.01805,0.01809,0.01738,0.01806,230964744.0
1690761600,0.01806,0.01873,0.01799,0.01859,246034637.0
1690790400,0.01859,0.01899,0.01843,0.01854,692525259.0
1690819200,0.01854,0.01872,0.0181,0.01836,319997086.0
1690848000,0.01835,0.01836,0.01753,0.0182,237912170.0
1690876800,0.0182,0.01835,0.01785,0.01822,185675821.0
1690905600,0.01823,0.01828,0.01792,0.01826,217793436.0
1690934400,0.01827,0.01827,0.01767,0.01771,238328886.0
1690963200,0.01772,0.01785,0.01746,0.01768,245796043.0
1690992000,0.01767,0.01771,0.01736,0.01757,201213359.0
1691020800,0.01757,0.01779,0.0175,0.01754,290945077.0
1691049600,0.01754,0.01763,0.01716,0.0173,477356091.0
1691078400,0.0173,0.01736,0.01687,0.01701,251116226.0
1691107200,0.01701,0.01723,0.01696,0.01715,168166312.0
1691136000,0.01714,0.01737,0.01709,0.01729,252880075.0
1691164800,0.0173,0.01737,0.01701,0.01723,244548266.0
1691193600,0.01723,0.01746,0.01713,0.01729,146997248.0
1691222400,0.01729,0.01739,0.01709,0.01725,159878379.0
1691251200,0.01725,0.01743,0.01725,0.01739,111161667.0
1691280000,0.01738,0.0177,0.0173,0.01749,183727508.0
1691308800,0.01748,0.01767,0.01738,0.01757,137666320.0
1691337600,0.01758,0.01768,0.01724,0.01733,189556945.0
1691366400,0.01733,0.01765,0.01728,0.0175,208487113.0
1691395200,0.0175,0.01827,0.01719,0.01727,730441449.0
1691424000,0.01727,0.0175,0.01691,0.01743,258222901.0
1691452800,0.01744,0.01749,0.01725,0.01727,193562007.0
1691481600,0.01728,0.01735,0.01713,0.01723,217521585.0
1691510400,0.01723,0.01768,0.0172,0.01736,196902559.0
1691539200,0.01736,0.01756,0.01714,0.01719,229923012.0
1691568000,0.01719,0.01728,0.01702,0.01714,253752507.0
1691596800,0.01714,0.01716,0.01669,0.01686,255972317.0
1691625600,0.01686,0.01696,0.01647,0.01661,206285364.0
1691654400,0.01661,0.01692,0.01653,0.01677,234589595.0
1691683200,0.01677,0.01692,0.01666,0.01689,126641013.0
1691712000,0.01688,0.01717,0.01684,0.01713,166692737.0
1691740800,0.01712,0.01723,0.01697,0.01714,195933330.0
1691769600,0.01714,0.01723,0.01699,0.01709,168290653.0
1691798400,0.0171,0.01724,0.017,0.01705,102534693.0
1691827200,0.01705,0.01723,0.01699,0.01714,139961639.0
1691856000,0.01714,0.01732,0.0171,0.01718,118672348.0
1691884800,0.01719,0.0172,0.01693,0.01706,134884817.0
1691913600,0.01705,0.0172,0.01697,0.01701,125159133.0
1691942400,0.01702,0.0173,0.01699,0.0172,144013714.0
1691971200,0.01719,0.01746,0.01715,0.01739,207645666.0
1692000000,0.01739,0.01778,0.01737,0.01764,310341822.0
1692028800,0.01764,0.01768,0.01723,0.01731,213324005.0
1692057600,0.0173,0.01738,0.01696,0.0171,178144809.0
1692086400,0.01709,0.01716,0.0169,0.01698,150788248.0
1692115200,0.01698,0.01707,0.01477,0.01592,621968741.0
1692144000,0.01591,0.01601,0.01574,0.01582,191468023.0
1692172800,0.01582,0.01585,0.01525,0.01537,273002420.0
1692201600,0.01537,0.01596,0.01517,0.01552,463709468.0
1692230400,0.01551,0.01576,0.01519,0.01572,169255594.0
1692259200,0.01572,0.01603,0.01536,0.01544,404455565.0
1692288000,0.01544,0.01558,0.0123,0.01378,888526621.0
1692316800,0.01379,0.01425,0.0137,0.01419,358545116.0
1692345600,0.01419,0.01445,0.01402,0.01405,242270286.0
1692374400,0.01406,0.01441,0.01398,0.01438,230527984.0
1692403200,0.01437,0.01464,0.01427,0.01436,172189199.0
1692432000,0.01436,0.01485,0.01435,0.01483,141482577.0
1692460800,0.01484,0.01521,0.01478,0.01519,257368003.0
1692489600,0.01519,0.01567,0.01519,0.01551,475781404.0
1692518400,0.01551,0.01557,0.01492,0.01494,434382578.0
1692547200,0.01495,0.01516,0.01475,0.01498,224579741.0
1692576000,0.01499,0.01502,0.01463,0.01466,193351568.0
1692604800,0.01465,0.01472,0.01387,0.01391,529498172.0
1692633600,0.0139,0.01431,0.01374,0.01415,438584767.0
1692662400,0.01414,0.0142,0.01383,0.01403,289157743.0
1692691200,0.01404,0.01408,0.01348,0.01356,440887428.0
1692720000,0.01356,0.01407,0.0132,0.01392,618850386.0
1692748800,0.01392,0.0142,0.01389,0.0141,197255647.0
1692777600,0.01409,0.01418,0.01378,0.014,166224467.0
1692806400,0.014,0.01424,0.01393,0.01408,247672758.0
1692835200,0.01407,0.01416,0.01383,0.01389,154007164.0
1692864000,0.0139,0.01394,0.0135,0.0135,215468869.0
1692892800,0.0135,0.01359,0.01328,0.01346,184947550.0
1692921600,0.01346,0.01353,0.01321,0.01339,198442141.0
1692950400,0.01339,0.01366,0.01337,0.01347,292068757.0
1692979200,0.01347,0.01381,0.01333,0.0138,152941786.0
1693008000,0.0138,0.0139,0.01368,0.01373,207873711.0
1693036800,0.01374,0.01376,0.01349,0.01352,108078828.0
1693065600,0.01352,0.01373,0.01348,0.01365,67178008.0
1693094400,0.01364,0.01367,0.01349,0.01361,73675362.0
1693123200,0.0136,0.01375,0.01354,0.01368,87331692.0
1693152000,0.01368,0.01371,0.01356,0.01368,76262953.0
1693180800,0.01368,0.01378,0.01321,0.01334,179684608.0
1693209600,0.01333,0.01365,0.01323,0.01351,155677721.0
1693238400,0.01352,0.01365,0.01333,0.01339,113313063.0
1693267200,0.01339,0.01341,0.01302,0.01315,204732466.0
1693296000,0.01314,0.01451,0.01304,0.0142,570535248.0
1693324800,0.01421,0.01454,0.01411,0.01428,370855948.0
1693353600,0.01429,0.0144,0.01393,0.01412,235945500.0
1693382400,0.01413,0.01423,0.01372,0.01375,380388707.0
1693411200,0.01376,0.01393,0.01371,0.01383,102033254.0
1693440000,0.01383,0.01397,0.01368,0.01392,126694781.0
1693468800,0.01393,0.01437,0.01376,0.01388,417908086.0
1693497600,0.01389,0.0139,0.01321,0.01344,339822777.0
1693526400,0.01343,0.01352,0.01328,0.01337,178968789.0
1693555200,0.01337,0.01345,0.01311,0.01312,199312617.0
1693584000,0.01313,0.01317,0.01279,0.01284,271540162.0
1693612800,0.01284,0.01304,0.01279,0.01293,140158612.0
1693641600,0.01293,0.01308,0.01283,0.01304,171168395.0
1693670400,0.01304,0.01308,0.01266,0.01291,134763613.0
1693699200,0.01292,0.01298,0.01273,0.01287,117342652.0
1693728000,0.01286,0.01297,0.01276,0.01278,122448425.0
1693756800,0.01278,0.01302,0.01267,0.013,107204632.0
1693785600,0.013,0.01345,0.01296,0.01308,234664954.0
1693814400,0.01308,0.01317,0.01271,0.01284,245830542.0
1693843200,0.01284,0.013,0.01266,0.01286,118445464.0
1693872000,0.01285,0.01289,0.0127,0.01277,100662649.0
1693900800,0.01277,0.0131,0.01273,0.01305,230406200.0
1693929600,0.01306,0.01324,0.01298,0.01316,180328618.0
1693958400,0.01316,0.01323,0.01292,0.01311,123689732.0
1693987200,0.01311,0.01328,0.01303,0.01319,239314867.0
1694016000,0.01319,0.01349,0.01301,0.01337,279305671.0
1694044800,0.01338,0.01346,0.01326,0.01334,163157691.0
1694073600,0.01333,0.01342,0.01316,0.01331,156205573.0
1694102400,0.01331,0.01362,0.01331,0.01354,153691740.0
1694131200,0.01354,0.01406,0.0135,0.01376,360781870.0
1694160000,0.01376,0.01398,0.01339,0.0138,340703144.0
1694188800,0.0138,0.0145,0.01368,0.01439,659932991.0
1694217600,0.0144,0.01535,0.01426,0.01527,1079558103.0
1694246400,0.01526,0.01558,0.01402,0.01422,2544115689.0
1694275200,0.01423,0.0145,0.01412,0.0142,488718734.0
1694304000,0.01421,0.01423,0.01297,0.01382,702245944.0
1694332800,0.01382,0.01388,0.01313,0.01337,384325678.0
1694361600,0.01336,0.01363,0.01319,0.01359,303646337.0
1694390400,0.0136,0.014,0.01351,0.01391,378411111.0
1694419200,0.01391,0.01393,0.01316,0.01353,634124287.0
1694448000,0.01353,0.01369,0.01324,0.0135,321659536.0
1694476800,0.0135,0.014,0.01343,0.01368,229173232.0
1694505600,0.01369,0.01431,0.01368,0.01391,323938295.0
1694534400,0.0139,0.01409,0.01355,0.01359,168199087.0
1694563200,0.01358,0.01394,0.01342,0.0137,221025826.0
1694592000,0.01369,0.01426,0.01367,0.01405,248855112.0
1694620800,0.01405,0.0141,0.01392,0.01394,124441849.0
1694649600,0.01394,0.01447,0.01391,0.01443,269145723.0
1694678400,0.01442,0.01508,0.0143,0.01467,1067496170.0
1694707200,0.01467,0.01491,0.01452,0.01472,272530068.0
1694736000,0.01473,0.01498,0.01464,0.01472,301375324.0
1694764800,0.01472,0.01509,0.01465,0.015,289434196.0
1694793600,0.01499,0.01552,0.01499,0.01537,313482252.0
1694822400,0.01537,0.01599,0.01524,0.01584,385400633.0
1694851200,0.01584,0.01606,0.01571,0.01581,347945463.0
1694880000,0.01581,0.01594,0.01558,0.01573,212200611.0
1694908800,0.01573,0.01578,0.01503,0.01506,299901799.0
1694937600,0.01506,0.01532,0.01502,0.0152,173070605.0
1694966400,0.0152,0.0152,0.01454,0.01485,256004938.0
1694995200,0.01485,0.01536,0.01465,0.01521,260234775.0
1695024000,0.01521,0.01555,0.01511,0.01528,196418540.0
1695052800,0.01528,0.01535,0.01501,0.01509,188095433.0
1695081600,0.01508,0.01543,0.015,0.0154,164909826.0
1695110400,0.01539,0.01654,0.01538,0.01595,1498962801.0
1695139200,0.01595,0.01599,0.01541,0.01561,297808375.0
1695168000,0.01561,0.01584,0.015,0.0151,565836606.0
1695196800,0.0151,0.01514,0.01478,0.01488,503672966.0
1695225600,0.01488,0.01505,0.01458,0.01491,366538544.0
1695254400,0.01491,0.01503,0.01457,0.01464,263637462.0
1695283200,0.01464,0.01641,0.01453,0.01577,3587474408.0
1695312000,0.01577,0.01614,0.0156,0.01584,1048193281.0
1695340800,0.01584,0.01635,0.0153,0.01631,1333416541.0
1695369600,0.01631,0.01695,0.01626,0.01657,1594944818.0
1695398400,0.01657,0.01684,0.0163,0.01675,579450493.0
1695427200,0.01676,0.01689,0.01645,0.01665,407775555.0
1695456000,0.01665,0.01667,0.01572,0.01575,595999490.0
1695484800,0.01575,0.01575,0.0153,0.01544,522860522.0
1695513600,0.01545,0.01545,0.01514,0.01525,270685922.0
1695542400,0.01524,0.01539,0.0152,0.01526,199212211.0
1695571200,0.01526,0.01543,0.015,0.01504,262493951.0
1695600000,0.01504,0.01524,0.01482,0.01507,289549179.0
1695628800,0.01507,0.01526,0.01496,0.01522,209178332.0
1695657600,0.01523,0.01547,0.01521,0.01541,202593353.0
1695686400,0.01542,0.01556,0.01531,0.01531,190946808.0
1695715200,0.01532,0.01551,0.01517,0.01528,265846256.0
1695744000,0.01528,0.01595,0.01527,0.01593,270812078.0
1695772800,0.01593,0.016,0.01552,0.01559,191161372.0
1695801600,0.01558,0.01579,0.01522,0.01537,356376201.0
1695830400,0.01537,0.01539,0.01492,0.01508,207321598.0
1695859200,0.01509,0.01525,0.01492,0.01518,192803415.0
1695888000,0.01517,0.01548,0.01502,0.01538,250692798.0
1695916800,0.01539,0.01547,0.01512,0.01527,220026605.0
1695945600,0.01526,0.01545,0.01502,0.01544,180162349.0
1695974400,0.01544,0.01547,0.01513,0.01534,205794503.0
1696003200,0.01534,0.01537,0.01511,0.01514,127832218.0
1696032000,0.01515,0.01521,0.01501,0.01517,96770529.0
1696060800,0.01516,0.01527,0.01508,0.01522,124203239.0
1696089600,0.01522,0.01546,0.0152,0.01537,224692354.0
1696118400,0.01537,0.0157,0.01527,0.01551,194688862.0
1696147200,0.01552,0.01577,0.01551,0.01563,247976213.0
1696176000,0.01564,0.0161,0.01547,0.01604,242531038.0
1696204800,0.01605,0.01613,0.0157,0.01588,229795851.0
1696233600,0.01587,0.01599,0.01515,0.01527,287731823.0
1696262400,0.01528,0.01543,0.01468,0.01481,371470638.0
1696291200,0.01481,0.01507,0.01478,0.01496,125699376.0
1696320000,0.01497,0.01507,0.01459,0.01469,370297905.0
1696348800,0.01468,0.01483,0.01452,0.01464,195668551.0
1696377600,0.01464,0.01464,0.01379,0.01455,351042855.0
1696406400,0.01455,0.01471,0.01428,0.01433,176354135.0
1696435200,0.01432,0.01475,0.01432,0.01465,107574486.0
1696464000,0.01465,0.01476,0.0144,0.01444,118377223.0
1696492800,0.01445,0.01455,0.0142,0.01432,250430259.0
1696521600,0.01432,0.01442,0.0141,0.01411,147869401.0
1696550400,0.01412,0.0143,0.0141,0.01429,104429661.0
1696579200,0.0143,0.01466,0.01416,0.01466,194648845.0
1696608000,0.01466,0.01468,0.01438,0.01438,125697532.0
1696636800,0.01439,0.01444,0.01424,0.01429,107791280.0
1696665600,0.01428,0.01437,0.01422,0.01433,66493780.0
1696694400,0.01432,0.01434,0.01407,0.01427,102507644.0
1696723200,0.01427,0.01443,0.01402,0.01411,138257471.0
1696752000,0.01411,0.01424,0.01397,0.01418,127453811.0
1696780800,0.01419,0.01429,0.01413,0.01417,82236835.0
1696809600,0.01417,0.01436,0.01402,0.01409,131941822.0
1696838400,0.01409,0.01409,0.01327,0.01349,334660940.0
1696867200,0.01349,0.01364,0.01318,0.01359,205168070.0
1696896000,0.01359,0.01369,0.01343,0.01365,82832139.0
1696924800,0.01364,0.01387,0.01337,0.0134,421158490.0
1696953600,0.0134,0.01351,0.01324,0.0134,167447062.0
1696982400,0.0134,0.0135,0.01318,0.01333,150031049.0
1697011200,0.01333,0.01352,0.01318,0.01325,152227515.0
1697040000,0.01326,0.01346,0.01313,0.01345,121076750.0
1697068800,0.01345,0.01347,0.0132,0.01326,73148781.0
1697097600,0.01327,0.01329,0.01296,0.01321,156978578.0
1697126400,0.01322,0.01326,0.01307,0.01311,144599982.0
1697155200,0.01311,0.0133,0.01308,0.01321,135329026.0
1697184000,0.0132,0.01333,0.01309,0.01316,120609578.0
1697212800,0.01316,0.01349,0.01315,0.01329,128092521.0
1697241600,0.0133,0.01341,0.01319,0.01326,77156317.0
1697270400,0.01325,0.01327,0.0131,0.01319,130163439.0
1697299200,0.01319,0.01327,0.01317,0.01324,85907928.0
1697328000,0.01323,0.01349,0.0132,0.01337,148704139.0
1697356800,0.01337,0.01356,0.01329,0.01342,141432434.0
1697385600,0.01342,0.01369,0.01341,0.01356,109112576.0
1697414400,0.01357,0.01381,0.01353,0.01368,143933035.0
1697443200,0.01368,0.01415,0.01343,0.01357,351884362.0
1697472000,0.01357,0.01373,0.01354,0.01372,89788981.0
1697500800,0.01372,0.01375,0.01358,0.01363,84978243.0
1697529600,0.01364,0.0137,0.01302,0.01332,169287580.0
1697558400,0.01332,0.01336,0.01314,0.01319,141098338.0
1697587200,0.0132,0.01328,0.01299,0.01305,105039903.0
1697616000,0.01306,0.01312,0.01282,0.01288,126988041.0
1697644800,0.01287,0.01295,0.0127,0.0128,88508149.0
1697673600,0.0128,0.01288,0.01254,0.01261,520398579.0
1697702400,0.01262,0.01294,0.01259,0.01285,139649712.0
1697731200,0.01285,0.01296,0.01272,0.01272,111257758.0
1697760000,0.01273,0.01313,0.01267,0.01305,129187862.0
1697788800,0.01305,0.01338,0.01304,0.01318,147976303.0
1697817600,0.01319,0.01333,0.01313,0.01322,63059035.0
1697846400,0.01322,0.01357,0.01315,0.01353,78510405.0
1697875200,0.01353,0.01365,0.0134,0.01365,153964558.0
1697904000,0.01365,0.01391,0.01339,0.01343,202484115.0
1697932800,0.01344,0.01381,0.01338,0.01359,190758909.0
1697961600,0.01358,0.01362,0.01326,0.01329,213160731.0
1697990400,0.0133,0.01379,0.01329,0.01372,128990583.0
1698019200,0.01372,0.01402,0.01358,0.01368,220881275.0
1698048000,0.01367,0.01393,0.01352,0.01372,188131649.0
1698076800,0.01372,0.01449,0.0137,0.01441,336610525.0
1698105600,0.01442,0.0165,0.01433,0.01579,1251558025.0
1698134400,0.01579,0.01708,0.01525,0.01547,1612569274.0
1698163200,0.01547,0.01607,0.01516,0.01586,474007827.0
1698192000,0.01585,0.01629,0.01552,0.01578,561085359.0
1698220800,0.01578,0.01676,0.01562,0.01662,460880409.0
1698249600,0.01661,0.01669,0.01608,0.0163,287778559.0
1698278400,0.0163,0.01689,0.01619,0.01676,845658098.0
1698307200,0.01676,0.01744,0.0161,0.01637,897566104.0
1698336000,0.01637,0.01692,0.01629,0.0168,193055458.0
1698364800,0.0168,0.01683,0.01612,0.01621,285406153.0
1698393600,0.01621,0.01663,0.01616,0.01636,160922330.0
1698422400,0.01636,0.01637,0.01572,0.01599,155409759.0
1698451200,0.01599,0.01635,0.01594,0.01628,102018001.0
1698480000,0.01628,0.01647,0.01596,0.01637,152900806.0
1698508800,0.01636,0.01643,0.01609,0.01614,96472918.0
1698537600,0.01615,0.01619,0.01581,0.01608,85332839.0
1698566400,0.01609,0.01652,0.01607,0.01642,136873694.0
1698595200,0.01641,0.01664,0.01624,0.0164,132251926.0
1698624000,0.01641,0.01659,0.01587,0.01601,228876363.0
1698652800,0.016,0.01679,0.01592,0.01637,258157767.0
1698681600,0.01638,0.01662,0.01592,0.01653,158453088.0
1698710400,0.01653,0.01671,0.01612,0.01619,280520385.0
1698739200,0.01619,0.01657,0.0155,0.01573,276126854.0
1698768000,0.01574,0.01602,0.01557,0.01593,127465891.0
1698796800,0.01593,0.01607,0.01529,0.01547,168035934.0
1698825600,0.01547,0.01568,0.01516,0.01528,261176080.0
1698854400,0.01528,0.01955,0.01526,0.01933,3399923043.0
1698883200,0.01934,0.01943,0.01787,0.01836,1366491952.0
1698912000,0.01836,0.01923,0.01753,0.01774,2198201362.0
1698940800,0.01774,0.01885,0.01755,0.01823,1496188592.0
1698969600,0.01823,0.01869,0.01769,0.01845,743507461.0
1698998400,0.01846,0.01893,0.01804,0.01854,563901440.0
1699027200,0.01854,0.01858,0.01801,0.01814,304353429.0
1699056000,0.01815,0.01878,0.01797,0.01843,247144840.0
1699084800,0.01843,0.01875,0.01821,0.01847,354825204.0
1699113600,0.01848,0.01888,0.01843,0.01871,210626776.0
1699142400,0.0187,0.01893,0.01853,0.01883,246524774.0
1699171200,0.01883,0.01887,0.01805,0.01843,314576180.0
1699200000,0.01842,0.01912,0.01806,0.01867,471335900.0
1699228800,0.01868,0.0191,0.01837,0.01871,274463954.0
1699257600,0.01871,0.0213,0.01851,0.02054,2081003392.0
1699286400,0.02053,0.0209,0.0198,0.02088,826583933.0
1699315200,0.02089,0.02153,0.02035,0.02112,755108418.0
1699344000,0.02113,0.0215,0.0202,0.0205,1027697095.0
1699372800,0.02051,0.02223,0.02013,0.02125,1159125227.0
1699401600,0.02124,0.02149,0.02079,0.02094,443289866.0
1699430400,0.02093,0.02118,0.02041,0.02069,357630962.0
1699459200,0.02069,0.02098,0.02039,0.02042,299415775.0
1699488000,0.02042,0.02113,0.02023,0.0207,412330712.0
1699516800,0.0207,0.02128,0.02007,0.02039,698514085.0
1699545600,0.0204,0.0225,0.01663,0.02233,2623728489.0
1699574400,0.02233,0.02258,0.02163,0.02218,585818326.0
1699603200,0.02218,0.0236,0.02107,0.0218,1209787169.0
1699632000,0.02176,0.02271,0.02174,0.02255,443253567.0
1699660800,0.02256,0.02275,0.02166,0.02218,403919838.0
1699689600,0.02219,0.02271,0.02206,0.02242,297257270.0
1699718400,0.02241,0.02285,0.02134,0.02157,431915783.0
1699747200,0.02158,0.02187,0.02048,0.02158,418266524.0
1699776000,0.02158,0.02163,0.02061,0.02101,375144634.0
1699804800,0.02101,0.0213,0.02077,0.02093,312307063.0
1699833600,0.02094,0.02158,0.02035,0.02083,296836612.0
1699862400,0.02083,0.02107,0.01957,0.02038,450185183.0
1699891200,0.02037,0.02045,0.01929,0.01945,391494440.0
1699920000,0.01945,0.01989,0.01903,0.01981,244971944.0
1699948800,0.01981,0.02011,0.01904,0.01961,366565828.0
1699977600,0.01961,0.01989,0.01819,0.0194,438823208.0
1700006400,0.0194,0.01993,0.01933,0.01986,231611176.0
1700035200,0.01987,0.02036,0.01984,0.02036,295415876.0
1700064000,0.02036,0.02059,0.02,0.02056,264635150.0
1700092800,0.02057,0.02093,0.02049,0.02064,210454250.0
1700121600,0.02064,0.02067,0.01923,0.01953,488545134.0
1700150400,0.01954,0.01985,0.01882,0.01926,378690976.0
1700179200,0.01925,0.01989,0.01923,0.01939,173539131.0
1700208000,0.01939,0.01975,0.01843,0.01851,320606837.0
1700236800,0.01851,0.01977,0.01837,0.01957,314946171.0
1700265600,0.01958,0.01969,0.01844,0.01906,251419935.0
1700294400,0.01907,0.01917,0.01867,0.01912,192022530.0
1700323200,0.01913,0.01937,0.01875,0.01892,229693295.0
1700352000,0.01891,0.0191,0.01829,0.01897,194216580.0
1700380800,0.01897,0.01909,0.01864,0.01887,146205073.0
1700409600,0.01887,0.01983,0.01876,0.01966,407189649.0
1700438400,0.01967,0.01992,0.01943,0.01971,175441831.0
1700467200,0.01971,0.02043,0.01959,0.02008,366936372.0
1700496000,0.02008,0.02033,0.01953,0.01986,371525763.0
1700524800,0.01985,0.02037,0.01967,0.01983,162296810.0
1700553600,0.01984,0.02017,0.0187,0.01943,346319729.0
1700582400,0.01942,0.01977,0.01759,0.01781,748864345.0
1700611200,0.0178,0.01855,0.01775,0.01843,174667016.0
1700640000,0.01842,0.01907,0.01842,0.01872,228069347.0
1700668800,0.01872,0.01931,0.01858,0.01908,202789190.0
1700697600,0.01909,0.01942,0.01903,0.0192,92047628.0
1700726400,0.01919,0.01977,0.01886,0.01902,463829584.0
1700755200,0.01902,0.01946,0.01896,0.01942,146695081.0
1700784000,0.01942,0.0198,0.01934,0.01973,117040721.0
1700812800,0.01974,0.02064,0.01964,0.02049,399182134.0
1700841600,0.0205,0.02143,0.02049,0.02065,406408661.0
1700870400,0.02066,0.02141,0.0205,0.02133,206553799.0
1700899200,0.02133,0.02143,0.02069,0.02117,269688947.0
1700928000,0.02117,0.02128,0.021,0.02112,100540408.0
1700956800,0.02112,0.0214,0.02066,0.02078,173709370.0
1700985600,0.02078,0.02086,0.02002,0.0201,200813168.0
1701014400,0.0201,0.02052,0.01954,0.02046,237671005.0
1701043200,0.02046,0.02065,0.01978,0.0201,182776954.0
1701072000,0.0201,0.02036,0.01973,0.01977,190350889.0
1701100800,0.01977,0.02008,0.01933,0.01987,219054454.0
1701129600,0.01987,0.01996,0.0192,0.01947,129906336.0
1701158400,0.01947,0.02023,0.01938,0.02016,184931185.0
1701187200,0.02017,0.02072,0.02014,0.02027,234755168.0
1701216000,0.02027,0.02035,0.01998,0.02026,116551062.0
1701244800,0.02025,0.02069,0.01972,0.01993,220528996.0
1701273600,0.01992,0.02,0.0197,0.01989,122518314.0
1701302400,0.0199,0.02015,0.01974,0.01995,119150615.0
1701331200,0.01994,0.02102,0.01976,0.02005,828552471.0
1701360000,0.02004,0.02018,0.0198,0.01988,138589579.0
1701388800,0.01989,0.02029,0.01972,0.02026,121459000.0
1701417600,0.02027,0.02053,0.02013,0.02035,162903997.0
1701446400,0.02035,0.02052,0.02027,0.02036,129578890.0
1701475200,0.02035,0.0204,0.02014,0.02023,93562641.0
1701504000,0.02024,0.0207,0.02022,0.02053,126377477.0
1701532800,0.02053,0.02103,0.02041,0.021,242742233.0
1701561600,0.02101,0.02166,0.02091,0.02111,210452038.0
1701590400,0.02112,0.02131,0.02043,0.02062,278976157.0
1701619200,0.02063,0.02126,0.02053,0.02102,199676898.0
1701648000,0.02101,0.02159,0.0208,0.02139,384572053.0
1701676800,0.02139,0.02164,0.0198,0.02063,620179521.0
1701705600,0.02062,0.02305,0.02054,0.02282,899363727.0
1701734400,0.02283,0.02329,0.02202,0.02232,712503458.0
1701763200,0.02231,0.02243,0.02132,0.02218,641014793.0
1701792000,0.02218,0.02265,0.02199,0.02233,549935739.0
1701820800,0.02233,0.0227,0.02166,0.02216,437515841.0
1701849600,0.02215,0.02345,0.02197,0.02338,837537653.0
1701878400,0.02339,0.02499,0.02306,0.02389,1357975859.0
1701907200,0.0239,0.02409,0.02288,0.02292,505844066.0
1701936000,0.02292,0.02301,0.02182,0.0228,586988798.0
1701964800,0.0228,0.02319,0.02245,0.02281,412825650.0
1701993600,0.0228,0.023,0.02221,0.02241,217657358.0
1702022400,0.0224,0.02283,0.02234,0.02252,257434524.0
1702051200,0.02253,0.02301,0.02245,0.02294,222811933.0
1702080000,0.02295,0.02345,0.02277,0.02339,199457459.0
1702108800,0.0234,0.0235,0.02241,0.02275,420597604.0
1702137600,0.02276,0.02288,0.02171,0.02184,261869616.0
1702166400,0.02185,0.02275,0.02185,0.02224,217883439.0
1702195200,0.02224,0.02228,0.0215,0.02206,196268438.0
1702224000,0.02206,0.02247,0.02187,0.02226,171454274.0
1702252800,0.02227,0.02233,0.01853,0.02013,824594532.0
1702281600,0.02014,0.02053,0.01986,0.02019,373891918.0
1702310400,0.02018,0.02031,0.01941,0.02017,332476320.0
1702339200,0.02017,0.02081,0.02016,0.02065,162616224.0
1702368000,0.02064,0.02075,0.01993,0.02024,246827078.0
1702396800,0.02024,0.02031,0.01968,0.0202,240857168.0
1702425600,0.0202,0.02035,0.01916,0.01958,279812169.0
1702454400,0.01959,0.02017,0.01942,0.02007,220175605.0
1702483200,0.02008,0.02077,0.01987,0.02052,325691338.0
1702512000,0.02052,0.02099,0.02048,0.02086,168953753.0
1702540800,0.02086,0.02149,0.0205,0.02114,420466324.0
1702569600,0.02113,0.02159,0.02104,0.02152,181539193.0
1702598400,0.02151,0.02174,0.02086,0.02089,238391939.0
1702627200,0.0209,0.02133,0.02033,0.0206,255885863.0
1702656000,0.02059,0.0217,0.02053,0.02076,290978196.0
1702684800,0.02077,0.02184,0.02073,0.0215,321395070.0
1702713600,0.0215,0.02171,0.02132,0.02163,177414931.0
1702742400,0.02163,0.02196,0.02128,0.02155,310734361.0
1702771200,0.02154,0.02172,0.02086,0.02092,208786533.0
1702800000,0.02092,0.02192,0.02062,0.02103,344778443.0
1702828800,0.02103,0.0214,0.02031,0.02044,205205282.0
1702857600,0.02044,0.02062,0.01944,0.01951,293284069.0
1702886400,0.01951,0.01964,0.01855,0.01913,441696720.0
1702915200,0.01914,0.01995,0.01897,0.0199,207102861.0
1702944000,0.01989,0.02048,0.01981,0.02047,178344328.0
1702972800,0.02048,0.02103,0.01985,0.02011,392015957.0
1703001600,0.0201,0.0202,0.0197,0.01983,205389838.0
1703030400,0.01983,0.02076,0.01965,0.02072,303770923.0
1703059200,0.02072,0.0215,0.02055,0.02118,251638852.0
1703088000,0.02118,0.02125,0.02041,0.02068,292601923.0
1703116800,0.02068,0.02124,0.02054,0.02121,185678918.0
1703145600,0.02121,0.02184,0.02095,0.0211,418174565.0
1703174400,0.02111,0.02133,0.02099,0.0212,182519507.0
1703203200,0.0212,0.02154,0.02092,0.02135,286870993.0
1703232000,0.02135,0.02189,0.02107,0.02148,372291126.0
1703260800,0.02148,0.02162,0.02114,0.02158,146001414.0
1703289600,0.02158,0.02164,0.02069,0.02094,185587077.0
1703318400,0.02093,0.02174,0.02088,0.02154,191221194.0
1703347200,0.02153,0.02258,0.0215,0.0223,255274951.0
1703376000,0.0223,0.02235,0.02161,0.02191,226897578.0
1703404800,0.02191,0.02379,0.02179,0.02345,463293741.0
1703433600,0.02345,0.02357,0.02197,0.02251,412506247.0
1703462400,0.02251,0.02335,0.02236,0.02322,206086816.0
1703491200,0.02322,0.0234,0.02258,0.02293,224918191.0
1703520000,0.02294,0.02312,0.02244,0.02286,211941998.0
1703548800,0.02286,0.0232,0.02207,0.02247,285879625.0
1703577600,0.02248,0.02352,0.02236,0.02307,403122776.0
1703606400,0.02308,0.02341,0.021,0.02301,446159599.0
1703635200,0.02301,0.02451,0.02186,0.02427,717635830.0
1703664000,0.02428,0.02484,0.02302,0.02341,749452038.0
1703692800,0.02341,0.02376,0.02304,0.02328,200405292.0
1703721600,0.02329,0.02363,0.0223,0.02287,384301342.0
1703750400,0.02286,0.02329,0.02185,0.02196,361631023.0
1703779200,0.02195,0.02236,0.02155,0.02179,154581696.0
1703808000,0.02179,0.02201,0.02075,0.02149,266233746.0
1703836800,0.02149,0.02305,0.02147,0.02251,372064771.0
1703865600,0.02251,0.02259,0.021,0.02173,410835302.0
1703894400,0.02173,0.022,0.02146,0.02171,141322209.0
1703923200,0.02172,0.02178,0.02103,0.02175,171969884.0
1703952000,0.02174,0.02191,0.02133,0.02149,143699749.0
1703980800,0.02149,0.02193,0.02118,0.02182,124972894.0
1704009600,0.02184,0.0219,0.02132,0.02142,102213235.0
1704038400,0.02141,0.02213,0.02081,0.02136,324250262.0
1704067200,0.02136,0.02164,0.02071,0.021,224776100.0
1704096000,0.02101,0.0218,0.02095,0.02178,166872129.0
1704124800,0.02179,0.02244,0.02167,0.02237,218890556.0
1704153600,0.02237,0.02267,0.02225,0.02247,163812884.0
1704182400,0.02247,0.02278,0.02174,0.02204,247867401.0
1704211200,0.02204,0.02248,0.02171,0.02184,190229041.0
1704240000,0.02184,0.023,0.02183,0.02204,298420817.0
1704268800,0.02205,0.02297,0.01775,0.0203,875534409.0
1704297600,0.02029,0.02042,0.01925,0.01973,1889153465.0
1704326400,0.01973,0.02017,0.01914,0.01983,210711386.0
1704355200,0.01983,0.02034,0.01969,0.02019,271572893.0
1704384000,0.02019,0.02026,0.01976,0.01983,162601643.0
1704412800,0.01982,0.02005,0.01881,0.01948,218672788.0
1704441600,0.01948,0.01985,0.01877,0.01893,288387066.0
1704470400,0.01892,0.01926,0.01824,0.01923,171340725.0
1704499200,0.01923,0.01936,0.01791,0.0184,224449087.0
1704528000,0.01839,0.01951,0.01823,0.01931,177342371.0
1704556800,0.01931,0.01938,0.01877,0.01914,150638319.0
1704585600,0.01913,0.01981,0.01905,0.0195,204782440.0
1704614400,0.01951,0.01965,0.01865,0.01871,182944718.0
1704643200,0.01872,0.01878,0.01769,0.01803,204855997.0
1704672000,0.01804,0.01809,0.01644,0.01757,410640253.0
1704700800,0.01756,0.01872,0.01741,0.01839,232374095.0
1704729600,0.0184,0.01885,0.01816,0.01864,140921054.0
1704758400,0.01865,0.01911,0.01816,0.0186,346001848.0
1704787200,0.0186,0.01861,0.01725,0.01737,273931977.0
1704816000,0.01738,0.018,0.01696,0.01769,289689308.0
1704844800,0.0177,0.01809,0.0176,0.01774,110172488.0
1704873600,0.01774,0.01824,0.01733,0.01807,243179128.0
1704902400,0.01808,0.01969,0.01768,0.01929,283865227.0
1704931200,0.01929,0.02019,0.01912,0.01996,163590547.0
1704960000,0.01996,0.02073,0.01978,0.02017,233992367.0
1704988800,0.02018,0.02053,0.01963,0.02036,125872600.0
1705017600,0.02037,0.02068,0.02001,0.02021,135527289.0
1705046400,0.0202,0.02099,0.01994,0.02018,209651980.0
1705075200,0.02018,0.02039,0.0187,0.01941,284616565.0
1705104000,0.01941,0.01956,0.0186,0.01939,116000186.0
1705132800,0.01938,0.01956,0.01913,0.01948,101204804.0
1705161600,0.01949,0.01981,0.01932,0.01956,73396691.0
1705190400,0.01956,0.0196,0.01897,0.0194,71224371.0
1705219200,0.0194,0.01956,0.01915,0.01945,66242610.0
1705248000,0.01945,0.01955,0.01854,0.01858,137088550.0
1705276800,0.01859,0.01932,0.01852,0.01905,59333413.0
1705305600,0.01906,0.01964,0.01885,0.01888,167142566.0
1705334400,0.01888,0.01975,0.01884,0.01936,239465725.0
1705363200,0.01936,0.0201,0.01935,0.01996,177160567.0
1705392000,0.01996,0.02014,0.01892,0.01947,179232443.0
1705420800,0.01948,0.01976,0.01937,0.01963,105569209.0
1705449600,0.01963,0.01983,0.01904,0.01906,119369985.0
1705478400,0.01907,0.01975,0.01896,0.01926,140593611.0
1705507200,0.01927,0.01946,0.01904,0.01929,105408103.0
1705536000,0.0193,0.0195,0.01898,0.01942,80675277.0
1705564800,0.01943,0.01986,0.01874,0.01949,524606746.0
1705593600,0.01949,0.01951,0.01813,0.0185,326049984.0
1705622400,0.0185,0.01859,0.01777,0.01828,157612844.0
1705651200,0.01828,0.01924,0.01785,0.01793,512689552.0
1705680000,0.01793,0.01884,0.01725,0.01855,295055922.0
1705708800,0.01855,0.0189,0.01833,0.01855,126436273.0
1705737600,0.01855,0.01904,0.01846,0.01884,117183106.0
1705766400,0.01883,0.01887,0.01834,0.0188,118331209.0
1705795200,0.01879,0.01901,0.01861,0.01862,130725010.0
1705824000,0.01863,0.0187,0.01846,0.01857,86838873.0
1705852800,0.01857,0.01865,0.01809,0.01815,111134726.0
1705881600,0.01815,0.01828,0.01767,0.01788,147517841.0
1705910400,0.01788,0.01789,0.01716,0.01746,205701299.0
1705939200,0.01745,0.01755,0.01688,0.0171,183511728.0
1705968000,0.01709,0.01741,0.01679,0.01701,107867110.0
1705996800,0.01701,0.01708,0.01566,0.01627,339022133.0
1706025600,0.01626,0.01664,0.01602,0.01664,179317813.0
1706054400,0.01663,0.01685,0.0164,0.01676,112819191.0
1706083200,0.01676,0.01719,0.01666,0.01692,126620160.0
1706112000,0.01693,0.0171,0.01663,0.01698,91296013.0
1706140800,0.01699,0.01702,0.01663,0.01694,62867813.0
1706169600,0.01694,0.01706,0.01654,0.01662,164747583.0
1706198400,0.01661,0.01698,0.01634,0.01685,138169739.0
1706227200,0.01685,0.01719,0.01668,0.01698,88725020.0
1706256000,0.01698,0.01873,0.01698,0.01849,781489402.0
1706284800,0.01848,0.01886,0.01811,0.01841,417069268.0
1706313600,0.01841,0.01872,0.01813,0.01831,179624906.0
1706342400,0.01831,0.01882,0.01817,0.01864,217280083.0
1706371200,0.01865,0.01876,0.01847,0.01857,118361716.0
1706400000,0.01858,0.01883,0.01835,0.01842,106667426.0
1706428800,0.01842,0.0186,0.01793,0.01815,173010438.0
1706457600,0.01815,0.01823,0.01775,0.01794,143415613.0
1706486400,0.01795,0.01875,0.01781,0.0182,216948806.0
1706515200,0.01821,0.01906,0.01806,0.019,436099375.0
1706544000,0.019,0.01952,0.01888,0.01923,366406684.0
1706572800,0.01924,0.01962,0.01902,0.01916,213009845.0
1706601600,0.01915,0.02006,0.0191,0.01951,465375912.0
1706630400,0.01951,0.02005,0.01928,0.01938,211481351.0
1706659200,0.01938,0.01945,0.01885,0.01904,190179534.0
1706688000,0.01904,0.01924,0.01857,0.01872,446172323.0
1706716800,0.01872,0.01904,0.01799,0.01823,220493579.0
1706745600,0.01824,0.0184,0.01769,0.018,152820627.0
1706774400,0.01799,0.01839,0.01785,0.01813,131310705.0
1706803200,0.01813,0.01834,0.01797,0.01823,116208394.0
1706832000,0.01823,0.01851,0.01814,0.01847,91763146.0
1706860800,0.01847,0.01864,0.01811,0.01861,139955919.0
1706889600,0.01861,0.01864,0.01824,0.01846,156868436.0
1706918400,0.01846,0.01856,0.01823,0.01827,69430263.0
1706947200,0.01827,0.01846,0.01817,0.01837,72589145.0
1706976000,0.01838,0.01868,0.01829,0.01835,80366414.0
1707004800,0.01834,0.01835,0.01783,0.01791,83931955.0
1707033600,0.01792,0.01818,0.0179,0.01805,71508243.0
1707062400,0.01805,0.01808,0.01751,0.01764,118670411.0
1707091200,0.01763,0.018,0.01722,0.01795,146446550.0
1707120000,0.01795,0.01816,0.017741,0.0178,195059515.0
1707148800,0.017795,0.0179,0.017453,0.017662,101852592.0
1707177600,0.017662,0.017787,0.01747,0.017634,146397294.0
1707206400,0.017636,0.017822,0.01742,0.017708,81800946.0
1707235200,0.017708,0.018077,0.017611,0.017888,194840587.0
1707264000,0.017886,0.018005,0.017594,0.017824,141059551.0
1707292800,0.017822,0.0184,0.017782,0.017958,497428157.0
1707321600,0.017961,0.018491,0.017887,0.01836,203157146.0
1707350400,0.018363,0.018541,0.018225,0.018452,94552151.0
1707379200,0.018448,0.018576,0.01827,0.018448,89188362.0
1707408000,0.018449,0.018497,0.018012,0.018236,129104811.0
1707436800,0.018234,0.01861,0.018232,0.018554,87162461.0
1707465600,0.01856,0.018875,0.018492,0.01874,130783241.0
1707494400,0.018738,0.018957,0.018637,0.018861,94014519.0
1707523200,0.018865,0.01904,0.018734,0.018745,54228522.0
1707552000,0.018745,0.018836,0.0184,0.018649,96488207.0
1707580800,0.018645,0.018876,0.01851,0.018668,74497524.0
1707609600,0.018669,0.01898,0.018632,0.018882,73030536.0
1707638400,0.018884,0.01903,0.01864,0.018716,67357403.0
1707667200,0.018712,0.018753,0.01841,0.018499,63995515.0
1707696000,0.018499,0.01872,0.018213,0.018451,111054257.0
1707724800,0.018452,0.018977,0.018121,0.018976,120114800.0
1707753600,0.018975,0.019426,0.01887,0.019335,114938367.0
1707782400,0.019336,0.019529,0.019059,0.019416,109039180.0
1707811200,0.019415,0.019531,0.018718,0.018994,190835844.0
1707840000,0.018994,0.01938,0.018749,0.019267,139599749.0
1707868800,0.019268,0.020245,0.019059,0.02016,243733655.0
1707897600,0.020165,0.020467,0.0198,0.020002,254012903.0
1707926400,0.020007,0.020188,0.019904,0.020011,158292902.0
1707955200,0.020019,0.021479,0.019937,0.021325,272194830.0
1707984000,0.021326,0.022031,0.021087,0.021643,367459205.0
1708012800,0.021648,0.02188,0.021102,0.021474,241181971.0
1708041600,0.021475,0.021836,0.021121,0.02144,167888379.0
1708070400,0.02144,0.022263,0.021116,0.021501,304296937.0
1708099200,0.021502,0.021726,0.02082,0.021241,151790763.0
1708128000,0.021241,0.0214,0.02096,0.021076,73661259.0
1708156800,0.021079,0.021083,0.020042,0.020395,218407727.0
1708185600,0.020393,0.021005,0.020283,0.020908,111120879.0
1708214400,0.020908,0.021418,0.020728,0.02127,139583553.0
1708243200,0.021268,0.021634,0.021118,0.021462,138215938.0
1708272000,0.021461,0.022052,0.021383,0.02156,145531873.0
1708300800,0.021561,0.022298,0.021544,0.022166,169537122.0
1708329600,0.022166,0.023589,0.021426,0.022991,924945926.0
1708358400,0.022997,0.023566,0.02231,0.022862,312321797.0
1708387200,0.02287,0.027748,0.022424,0.026249,2219256669.0
1708416000,0.026242,0.0269,0.022951,0.024268,2629870387.0
1708444800,0.024272,0.025371,0.023602,0.025142,676220458.0
1708473600,0.025142,0.025534,0.023694,0.024034,473291047.0
1708502400,0.024038,0.0245,0.02276,0.023202,581185237.0
1708531200,0.023206,0.023916,0.022633,0.023739,264378041.0
1708560000,0.02374,0.025814,0.022901,0.02546,400863526.0
1708588800,0.025463,0.026492,0.02484,0.025356,501950793.0
1708617600,0.02535,0.025985,0.02485,0.025168,263634103.0
1708646400,0.025166,0.026573,0.0245,0.024719,364118632.0
1708675200,0.02472,0.025021,0.023958,0.024028,289458890.0
1708704000,0.024037,0.024872,0.02368,0.024247,203510093.0
1708732800,0.024248,0.02476,0.023708,0.024726,133276702.0
1708761600,0.024726,0.025888,0.02456,0.02515,246185897.0
1708790400,0.025148,0.027597,0.024866,0.026809,634768316.0
1708819200,0.026803,0.02718,0.02578,0.025876,357933133.0
1708848000,0.025875,0.028056,0.025875,0.026668,566893296.0
1708876800,0.026667,0.027072,0.02606,0.026416,351163045.0
1708905600,0.026413,0.026727,0.025862,0.026024,179616239.0
1708934400,0.026026,0.02643,0.025165,0.026321,281260067.0
1708963200,0.026321,0.026579,0.025787,0.026016,215863406.0
1708992000,0.026016,0.0268,0.025585,0.026573,251675404.0
1709020800,0.026583,0.026999,0.0255,0.025635,291135179.0
1709049600,0.025643,0.026537,0.025195,0.026502,309277973.0
1709078400,0.026501,0.028946,0.026134,0.027123,703984081.0
1709107200,0.027118,0.028459,0.026481,0.027112,568879713.0
1709136000,0.027109,0.02751,0.022774,0.025886,504583210.0
1709164800,0.025885,0.02718,0.025506,0.026963,262558485.0
1709193600,0.026969,0.032098,0.026788,0.029246,2500281175.0
1709222400,0.029252,0.029387,0.027605,0.028516,525089787.0
1709251200,0.028514,0.02948,0.028387,0.028844,298600653.0
1709280000,0.028844,0.03106,0.0287,0.02916,592301418.0
1709308800,0.029166,0.030915,0.029093,0.030308,263243620.0
1709337600,0.030303,0.030569,0.029126,0.029773,217290888.0
1709366400,0.029775,0.029787,0.028102,0.028915,238142691.0
1709395200,0.02891,0.029589,0.028717,0.0295,142052267.0
1709424000,0.029495,0.029841,0.025444,0.027628,302400586.0
1709452800,0.027628,0.029098,0.027362,0.028884,303355402.0
1709481600,0.028887,0.02916,0.028591,0.028813,160914214.0
1709510400,0.028815,0.031274,0.028454,0.029618,546170718.0
1709539200,0.029613,0.031104,0.029055,0.029579,460790010.0
1709568000,0.029584,0.0297,0.02809,0.029016,278013031.0
1709596800,0.029018,0.029074,0.02777,0.028473,254171986.0
1709625600,0.028474,0.030732,0.028206,0.02848,884101375.0
1709654400,0.028473,0.028715,0.021379,0.02612,802285255.0
1709683200,0.026111,0.027747,0.02513,0.027688,246821866.0
1709712000,0.027688,0.028601,0.026492,0.02743,415155233.0
1709740800,0.027436,0.028749,0.027244,0.028675,199949995.0
1709769600,0.028678,0.029488,0.02822,0.028641,241043041.0
1709798400,0.028623,0.030814,0.028548,0.030579,511424183.0
1709827200,0.030584,0.036595,0.030344,0.033999,2276732797.0
1709856000,0.033999,0.03468,0.032289,0.032448,487380570.0
1709884800,0.032451,0.033492,0.030729,0.03239,704035183.0
1709913600,0.032391,0.033258,0.031554,0.032732,396396861.0
1709942400,0.032733,0.03397,0.03259,0.033694,196261129.0
1709971200,0.03369,0.034477,0.033276,0.033958,250526871.0
1710000000,0.033964,0.034092,0.0331,0.033291,140920633.0
1710028800,0.033291,0.033655,0.032595,0.03327,185097832.0
1710057600,0.033262,0.034532,0.030976,0.031841,376914823.0
1710086400,0.031851,0.033546,0.03182,0.033522,190668142.0
1710115200,0.033521,0.034695,0.032456,0.034312,453209732.0
1710144000,0.034322,0.036084,0.0334,0.033439,461805947.0
1710172800,0.033439,0.035882,0.033118,0.035036,374518820.0
1710201600,0.035041,0.037419,0.034541,0.036691,459194967.0
1710230400,0.036674,0.037533,0.034872,0.035875,801341955.0
1710259200,0.035873,0.040104,0.033408,0.039948,513523576.0
1710288000,0.039957,0.043933,0.038743,0.040035,1351537155.0
1710316800,0.040035,0.040572,0.037856,0.038754,384981331.0
1710345600,0.038737,0.039887,0.03853,0.039863,258985725.0
1710374400,0.039867,0.040375,0.038378,0.039715,270428076.0
1710403200,0.039722,0.043613,0.039472,0.04105,797855012.0
1710432000,0.041049,0.0507,0.039329,0.049106,1411115319.0
1710460800,0.049109,0.051738,0.045015,0.050005,2132198954.0
1710489600,0.050019,0.05144,0.044223,0.045098,2073842179.0
1710518400,0.0451,0.047204,0.044573,0.047141,709429531.0
1710547200,0.04714,0.0488,0.045116,0.046053,536658586.0
1710576000,0.046056,0.048982,0.041817,0.042732,689286927.0
1710604800,0.042736,0.042896,0.038392,0.03956,509276579.0
1710633600,0.039563,0.041862,0.03882,0.040881,401107650.0
1710662400,0.040886,0.045076,0.040526,0.043159,543406002.0
1710691200,0.043151,0.043255,0.042055,0.042321,223646501.0
1710720000,0.042321,0.043138,0.041006,0.04164,246608427.0
1710748800,0.041642,0.041656,0.037212,0.038018,461890586.0
1710777600,0.038005,0.038419,0.036766,0.03757,254534176.0
1710806400,0.037568,0.03794,0.032814,0.035186,595053372.0
1710835200,0.035187,0.035809,0.03329,0.035809,471674518.0
1710864000,0.035807,0.036471,0.032797,0.033945,292083927.0
1710892800,0.033943,0.0348,0.031541,0.034456,359938133.0
1710921600,0.034433,0.035463,0.033865,0.034086,256190323.0
1710950400,0.03409,0.038633,0.032621,0.037792,498805589.0
1710979200,0.037795,0.039139,0.036952,0.037439,255101235.0
1711008000,0.037435,0.038742,0.037175,0.038591,254954393.0
1711036800,0.038592,0.040429,0.037528,0.038876,511934820.0
1711065600,0.03887,0.03936,0.037613,0.038405,195902967.0
1711094400,0.038404,0.038562,0.034927,0.036233,318108376.0
1711123200,0.036235,0.036513,0.0352,0.036474,163177395.0
1711152000,0.036473,0.03782,0.035881,0.03738,220784936.0
1711180800,0.037379,0.0391,0.037046,0.038087,280968161.0
1711209600,0.038087,0.038584,0.036574,0.036876,151462658.0
1711238400,0.036877,0.040817,0.036148,0.040508,568759607.0
1711267200,0.040505,0.045,0.040463,0.043538,1541374041.0
1711296000,0.043538,0.0441,0.04221,0.043457,638845974.0
1711324800,0.043456,0.044244,0.041464,0.04182,427217142.0
1711353600,0.04182,0.042753,0.04131,0.04264,301209450.0
1711382400,0.042639,0.043443,0.04144,0.041724,242049238.0
1711411200,0.041724,0.044795,0.041463,0.04396,329902732.0
1711440000,0.04397,0.04726,0.043803,0.044944,686525917.0
1711468800,0.044942,0.047183,0.044592,0.045901,551610556.0
1711497600,0.045902,0.046554,0.042403,0.042629,350785479.0
1711526400,0.042629,0.044147,0.041289,0.04173,473695114.0
1711555200,0.041742,0.04258,0.041432,0.042034,162057418.0
1711584000,0.042034,0.042733,0.04092,0.042409,181273377.0
1711612800,0.042408,0.04278,0.040772,0.041358,347837855.0
1711641600,0.041358,0.041442,0.040658,0.04118,112422800.0
1711670400,0.041196,0.04183,0.039806,0.039895,282940182.0
1711699200,0.039903,0.040774,0.038878,0.0392,320338357.0
1711728000,0.03921,0.039595,0.038181,0.03844,175027356.0
1711756800,0.038441,0.039413,0.038009,0.038441,159794721.0
1711785600,0.03844,0.03956,0.038427,0.039043,145558349.0
1711814400,0.039042,0.039864,0.038603,0.038971,193975681.0
1711843200,0.038968,0.039917,0.038355,0.039105,162929650.0
1711872000,0.039107,0.039311,0.038475,0.039031,121010325.0
1711900800,0.039031,0.039639,0.038746,0.039091,106117081.0
1711929600,0.039092,0.039142,0.0351,0.036553,430877998.0
1711958400,0.036568,0.037378,0.034811,0.035104,314267209.0
1711987200,0.035104,0.035835,0.034386,0.035565,175469536.0
1712016000,0.035561,0.035561,0.0325,0.03342,262570989.0
1712044800,0.033419,0.033791,0.032135,0.032933,247439825.0
1712073600,0.032931,0.033486,0.032695,0.03284,137195377.0
1712102400,0.03284,0.03404,0.031413,0.033709,194129826.0
1712131200,0.0337,0.035533,0.033042,0.033525,357702667.0
1712160000,0.033525,0.033906,0.0325,0.033066,136848329.0
1712188800,0.033068,0.033713,0.032149,0.033606,137281058.0
1712217600,0.033612,0.035278,0.033508,0.035106,187685237.0
1712246400,0.035105,0.035758,0.034035,0.034669,129178542.0
1712275200,0.034669,0.034812,0.03268,0.033255,148327891.0
1712304000,0.033252,0.033915,0.032286,0.033821,185711584.0
1712332800,0.033815,0.033951,0.033405,0.033435,70925125.0
1712361600,0.033433,0.034515,0.03325,0.034345,104738400.0
1712390400,0.034339,0.034555,0.0335,0.033566,110179746.0
1712419200,0.033577,0.03421,0.033507,0.033779,79041965.0
1712448000,0.033774,0.034299,0.033614,0.034197,79922462.0
1712476800,0.034201,0.034698,0.033681,0.033772,98405944.0
1712505600,0.033773,0.034236,0.033442,0.034135,91714152.0
1712534400,0.034129,0.034284,0.03292,0.034199,124741625.0
1712563200,0.0342,0.036049,0.034142,0.035914,227899837.0
1712592000,0.035906,0.037197,0.035421,0.036353,319715675.0
1712620800,0.036352,0.036785,0.035055,0.035167,151859115.0
1712649600,0.035164,0.035763,0.033836,0.034695,198805485.0
1712678400,0.034688,0.034814,0.033934,0.034136,126516455.0
1712707200,0.034138,0.03448,0.033169,0.03386,129823079.0
1712736000,0.033859,0.033916,0.031804,0.033285,212223461.0
1712764800,0.033276,0.034244,0.033065,0.034054,91584195.0
1712793600,0.034047,0.034436,0.033525,0.034165,63250581.0
1712822400,0.034167,0.03458,0.032904,0.033606,152839764.0
1712851200,0.033603,0.033708,0.032883,0.033402,66567580.0
1712880000,0.033402,0.034393,0.033314,0.033551,90893583.0
1712908800,0.033552,0.035077,0.031685,0.03188,588859193.0
1712937600,0.031886,0.031973,0.023656,0.027926,875151555.0
1712966400,0.027928,0.0286,0.026425,0.028223,192633083.0
1712995200,0.028241,0.02878,0.02778,0.02787,139479351.0
1713024000,0.027868,0.027969,0.019758,0.023488,916549804.0
1713052800,0.023502,0.025738,0.022462,0.025738,312987947.0
1713081600,0.025737,0.026064,0.024216,0.024715,283139074.0
1713110400,0.024714,0.027956,0.02362,0.027482,1045973753.0
1713139200,0.027492,0.032,0.026275,0.030598,667488957.0
1713168000,0.030598,0.031154,0.027617,0.02835,766307147.0
1713196800,0.02836,0.028573,0.026187,0.027782,694244703.0
1713225600,0.027784,0.029699,0.026748,0.027592,971659818.0
1713254400,0.027596,0.027707,0.025699,0.025714,509945247.0
1713283200,0.025718,0.029372,0.025631,0.028705,580107957.0
1713312000,0.028705,0.029268,0.027939,0.028561,284541469.0
1713340800,0.028562,0.028781,0.027045,0.027386,596426286.0
1713369600,0.027381,0.03064,0.026963,0.028899,622097058.0
1713398400,0.0289,0.029652,0.027389,0.027571,393252702.0
1713427200,0.02758,0.031051,0.0273,0.030624,447408659.0
1713456000,0.030631,0.031986,0.02983,0.030168,375730499.0
1713484800,0.030169,0.031229,0.027797,0.030654,453450449.0
1713513600,0.030654,0.033711,0.030564,0.03331,551483131.0
1713542400,0.033313,0.035155,0.031861,0.032303,776676966.0
1713571200,0.032306,0.034475,0.03199,0.034176,430101182.0
1713600000,0.034178,0.036067,0.032882,0.03577,413516473.0
1713628800,0.035773,0.036838,0.034585,0.03486,332232515.0
1713657600,0.034856,0.035423,0.034109,0.034368,193637426.0
1713686400,0.03435,0.036539,0.033785,0.035913,374176188.0
1713715200,0.03591,0.036206,0.034304,0.034703,322532083.0
1713744000,0.034703,0.036945,0.034218,0.036496,408374588.0
1713772800,0.036489,0.038363,0.0355,0.035814,483386137.0
1713801600,0.035814,0.036595,0.0356,0.035738,197211803.0
1713830400,0.035733,0.0365,0.034212,0.034567,213445453.0
1713859200,0.034573,0.035437,0.034409,0.034527,226917852.0
1713888000,0.034526,0.034983,0.03405,0.034359,137685193.0
1713916800,0.03436,0.036394,0.034334,0.035024,182853938.0
1713945600,0.035021,0.037406,0.03408,0.03425,411886110.0
1713974400,0.034247,0.035481,0.03356,0.034272,271978415.0
1714003200,0.034279,0.037396,0.033946,0.034181,878879462.0
1714032000,0.034189,0.037199,0.033071,0.036733,705682635.0
1714060800,0.03672,0.037423,0.035526,0.035741,367745884.0
1714089600,0.035732,0.036722,0.03475,0.036041,370018509.0
1714118400,0.036045,0.0385,0.035107,0.035698,727665161.0
1714147200,0.035696,0.035858,0.034289,0.034507,364371711.0
1714176000,0.03452,0.034939,0.032263,0.034433,322376085.0
1714204800,0.034434,0.034839,0.03324,0.034195,246675660.0
1714233600,0.034191,0.03536,0.033841,0.034989,207358051.0
1714262400,0.034994,0.035593,0.034554,0.034775,137377825.0
1714291200,0.034774,0.034827,0.034001,0.034042,129676499.0
1714320000,0.034042,0.034372,0.033125,0.033492,136284433.0
1714348800,0.033492,0.033845,0.031902,0.032122,257481687.0
1714377600,0.032122,0.032912,0.031715,0.032641,278266477.0
1714406400,0.032634,0.033447,0.031898,0.032887,224622593.0
1714435200,0.03289,0.033267,0.031851,0.031875,149934913.0
1714464000,0.031873,0.032002,0.028836,0.029094,359187308.0
1714492800,0.029082,0.029642,0.028318,0.02923,191878119.0
1714521600,0.029223,0.029354,0.027085,0.027705,224157587.0
1714550400,0.027714,0.028332,0.02704,0.02784,217154912.0
1714579200,0.027836,0.029829,0.027514,0.028708,258684864.0
1714608000,0.0287,0.028825,0.027638,0.028136,108271696.0
1714636800,0.028138,0.029488,0.027926,0.029045,200198000.0
1714665600,0.02905,0.029533,0.028606,0.028838,171126901.0
1714694400,0.028839,0.0294,0.028492,0.028643,96478085.0
1714723200,0.028637,0.030112,0.028304,0.029951,167761534.0
1714752000,0.029952,0.031176,0.029948,0.030869,160004598.0
1714780800,0.030864,0.031216,0.03025,0.030296,92591332.0
1714809600,0.030283,0.030942,0.030073,0.030324,98009022.0
1714838400,0.030323,0.030539,0.029878,0.0299,69206387.0
1714867200,0.029904,0.030064,0.029109,0.029764,92026247.0
1714896000,0.029762,0.030424,0.029402,0.030369,101989552.0
1714924800,0.030371,0.030893,0.029636,0.029993,195353624.0
1714953600,0.029995,0.030456,0.029464,0.030266,86370959.0
1714982400,0.030267,0.030731,0.0285,0.029127,214275616.0
1715011200,0.029121,0.02925,0.028321,0.028401,126001622.0
1715040000,0.028397,0.028855,0.027896,0.028067,192176482.0
1715068800,0.028067,0.028916,0.028,0.028355,117218379.0
1715097600,0.028354,0.028468,0.02709,0.027216,155877828.0
1715126400,0.027216,0.027496,0.026643,0.026882,141498399.0
1715155200,0.026882,0.027774,0.026702,0.027375,158533559.0
1715184000,0.027369,0.027703,0.026589,0.02689,173493815.0
1715212800,0.026874,0.027298,0.026746,0.027089,99878708.0
1715241600,0.02709,0.027641,0.026072,0.027461,162560025.0
1715270400,0.027459,0.028351,0.02723,0.02794,233897768.0
1715299200,0.02794,0.028655,0.027778,0.028462,128569232.0
1715328000,0.028459,0.028839,0.027123,0.027264,171783825.0
1715356800,0.027257,0.027538,0.026411,0.026704,259115784.0
1715385600,0.026706,0.027365,0.026638,0.02675,179491935.0
1715414400,0.02675,0.027058,0.026315,0.026826,97716864.0
1715443200,0.026833,0.026996,0.026033,0.026119,103575264.0
1715472000,0.026118,0.026416,0.025904,0.02603,98820004.0
1715500800,0.026029,0.026407,0.025872,0.02624,82937190.0
1715529600,0.026239,0.026396,0.025518,0.025742,91643212.0
1715558400,0.025743,0.026019,0.024204,0.02585,282149999.0
1715587200,0.025856,0.02657,0.025856,0.026033,178159157.0
1715616000,0.026035,0.026481,0.02564,0.025895,116087833.0
1715644800,0.02589,0.026192,0.025275,0.026079,110352299.0
1715673600,0.026075,0.026867,0.025619,0.025962,220305627.0
1715702400,0.025964,0.025994,0.025217,0.025331,143087185.0
1715731200,0.025331,0.025727,0.025185,0.025654,152211164.0
1715760000,0.025663,0.027416,0.025235,0.027001,247681563.0
1715788800,0.026999,0.027655,0.026908,0.027424,125476954.0
1715817600,0.027424,0.028086,0.027177,0.027995,176010841.0
1715846400,0.027986,0.028836,0.026891,0.027454,282591814.0
1715875200,0.027455,0.027877,0.027083,0.027784,116610932.0
1715904000,0.027789,0.028902,0.02776,0.02864,212872965.0
1715932800,0.028634,0.0294,0.02821,0.02917,176689059.0
1715961600,0.029169,0.02924,0.0286,0.0289,107508471.0
1715990400,0.0289,0.02975,0.028388,0.02937,163973305.0
1716019200,0.029362,0.030136,0.029,0.029399,190283863.0
1716048000,0.029395,0.031061,0.029359,0.030529,367363135.0
1716076800,0.030532,0.031145,0.03026,0.030756,199522403.0
1716105600,0.030759,0.030785,0.029549,0.029659,200857824.0
1716134400,0.029657,0.029882,0.028637,0.028907,147882988.0
1716163200,0.028907,0.029641,0.028225,0.029273,153032531.0
1716192000,0.029272,0.029938,0.028918,0.029856,120982332.0
1716220800,0.029859,0.031514,0.02974,0.031318,253774571.0
1716249600,0.031316,0.032501,0.031168,0.031756,155872637.0
1716278400,0.031765,0.032693,0.03141,0.03163,366508697.0
1716307200,0.031648,0.033659,0.03154,0.032188,328886037.0
1716336000,0.032188,0.03219,0.030757,0.031388,134564378.0
1716364800,0.031394,0.031557,0.030449,0.031253,142907378.0
1716393600,0.031254,0.031431,0.030391,0.030839,111343085.0
1716422400,0.030836,0.032015,0.03073,0.031376,162306460.0
1716451200,0.031374,0.03149,0.028657,0.029812,256988522.0
1716480000,0.029794,0.030743,0.028225,0.030479,256963324.0
1716508800,0.03047,0.030738,0.02925,0.029634,102507598.0
1716537600,0.029636,0.030083,0.028801,0.029535,123314709.0
1716566400,0.029536,0.030038,0.029267,0.029947,66782803.0
1716595200,0.029944,0.030434,0.0297,0.030162,68941947.0
1716624000,0.030159,0.030267,0.029574,0.029766,83251572.0
1716652800,0.029775,0.029988,0.02967,0.029869,62704480.0
1716681600,0.029874,0.030289,0.0295,0.029637,60924730.0
1716710400,0.029636,0.029683,0.028953,0.0293,93787794.0
1716739200,0.029303,0.029594,0.0287,0.029075,77431400.0
1716768000,0.029073,0.029567,0.028701,0.028906,99333935.0
1716796800,0.0289,0.0306,0.028855,0.03056,302108710.0
1716825600,0.030555,0.031347,0.03055,0.031007,146252992.0
1716854400,0.031011,0.03361,0.030341,0.031179,909645648.0
1716883200,0.031176,0.031936,0.03064,0.031149,362151507.0
1716912000,0.031149,0.032209,0.030682,0.031441,214575237.0
1716940800,0.031455,0.032081,0.031017,0.031197,170237745.0
1716969600,0.031195,0.032251,0.030778,0.031044,235181649.0
1716998400,0.03104,0.031627,0.03068,0.030869,118579985.0
1717027200,0.030869,0.031613,0.029719,0.029922,121251571.0
1717056000,0.029924,0.031263,0.02963,0.031164,137351344.0
1717084800,0.031155,0.031315,0.030124,0.030279,86542694.0
1717113600,0.030273,0.030372,0.02972,0.030046,57775337.0
1717142400,0.030046,0.030424,0.029602,0.029706,89537955.0
1717171200,0.029698,0.030088,0.029224,0.029853,132448745.0
1717200000,0.029851,0.029979,0.029584,0.029598,41480767.0
1717228800,0.029584,0.029808,0.02947,0.029588,46335498.0
1717257600,0.02959,0.029746,0.029337,0.029408,122887062.0
1717286400,0.029396,0.029752,0.029241,0.029272,64560901.0
1717315200,0.029274,0.030362,0.02907,0.030241,143988614.0
1717344000,0.030248,0.030694,0.029641,0.029724,135566038.0
1717372800,0.029712,0.030764,0.029264,0.030359,93661442.0
1717401600,0.030364,0.031075,0.029533,0.030244,137866315.0
1717430400,0.030244,0.030284,0.029149,0.029301,61373384.0
1717459200,0.029305,0.030136,0.028975,0.029653,240554330.0
1717488000,0.029657,0.030396,0.029518,0.030292,165474537.0
1717516800,0.030288,0.030869,0.030067,0.03084,83419923.0
1717545600,0.030839,0.032255,0.030839,0.031522,238007275.0
1717574400,0.031522,0.032599,0.031315,0.032511,195472359.0
1717603200,0.032517,0.033173,0.032146,0.032784,203872691.0
1717632000,0.03281,0.033288,0.031759,0.031973,143955472.0
1717660800,0.031976,0.032189,0.031653,0.031745,94949508.0
1717689600,0.031749,0.032039,0.031001,0.031649,117855277.0
1717718400,0.031647,0.031717,0.031067,0.031361,79363749.0
1717747200,0.03136,0.031754,0.030741,0.031561,133102678.0
1717776000,0.031574,0.0316,0.025592,0.028483,436441103.0
1717804800,0.028479,0.028613,0.027859,0.027948,71994679.0
1717833600,0.027946,0.027953,0.026382,0.02704,148600700.0
1717862400,0.027044,0.027136,0.026102,0.026412,95437061.0
1717891200,0.026411,0.026799,0.026074,0.026216,84161954.0
1717920000,0.026219,0.026846,0.026123,0.026711,68442356.0
1717948800,0.026702,0.027001,0.026536,0.026857,100146352.0
1717977600,0.026853,0.027017,0.025885,0.025941,194625190.0
1718006400,0.025955,0.027118,0.025939,0.026953,111674459.0
1718035200,0.026964,0.027105,0.025961,0.026158,111483308.0
1718064000,0.026143,0.026306,0.024567,0.025599,150378132.0
1718092800,0.025592,0.025804,0.024402,0.024771,132833797.0
1718121600,0.024771,0.025192,0.024506,0.025029,125339431.0
1718150400,0.025025,0.025469,0.024432,0.025363,82850548.0
1718179200,0.025358,0.026741,0.0252,0.026441,142906142.0
1718208000,0.026445,0.02664,0.025606,0.025974,159636063.0
1718236800,0.025972,0.026186,0.024918,0.025463,104834607.0
1718265600,0.025463,0.025753,0.024536,0.024625,118480324.0
1718294400,0.02463,0.024891,0.024271,0.024516,88444542.0
1718323200,0.024531,0.02508,0.024273,0.02493,72365477.0
1718352000,0.024947,0.0252,0.023949,0.024225,111760777.0
1718380800,0.024227,0.0243,0.022552,0.023589,239785693.0
1718409600,0.023591,0.023918,0.023459,0.023731,57541468.0
1718438400,0.023733,0.024059,0.023427,0.023851,82262354.0
1718467200,0.023849,0.024129,0.023647,0.024067,77239711.0
1718496000,0.024069,0.024314,0.02362,0.023975,165835693.0
1718524800,0.02397,0.024397,0.023839,0.024198,55772218.0
1718553600,0.024197,0.024774,0.024037,0.024646,76725405.0
1718582400,0.024641,0.02489,0.023314,0.023508,107921840.0
1718611200,0.023502,0.023644,0.022375,0.022431,156640607.0
1718640000,0.022433,0.023388,0.021756,0.022217,186686895.0
1718668800,0.022212,0.022391,0.018932,0.021142,395179336.0
1718697600,0.021138,0.021376,0.020396,0.02098,213193124.0
1718726400,0.020975,0.021424,0.020186,0.021365,157361883.0
1718755200,0.021364,0.022715,0.021092,0.022617,179598238.0
1718784000,0.022609,0.023404,0.022407,0.022792,354649875.0
1718812800,0.022792,0.02451,0.022638,0.023669,564631385.0
1718841600,0.023677,0.024465,0.023462,0.024247,247442929.0
1718870400,0.024239,0.025056,0.023595,0.023906,337395337.0
1718899200,0.023912,0.024075,0.023553,0.023653,125210953.0
1718928000,0.02365,0.024031,0.023251,0.023484,114119010.0
1718956800,0.023484,0.024116,0.023059,0.023555,197639812.0
1718985600,0.02356,0.023672,0.022971,0.023277,104313327.0
1719014400,0.023279,0.023428,0.022881,0.023089,50685656.0
1719043200,0.023086,0.023175,0.022792,0.0229,51415435.0
1719072000,0.022899,0.022942,0.022273,0.022336,88737725.0
1719100800,0.022338,0.022869,0.022326,0.022762,60056934.0
1719129600,0.022764,0.022927,0.022115,0.022245,98435698.0
1719158400,0.022244,0.022291,0.021354,0.02171,114949862.0
1719187200,0.021708,0.022479,0.021382,0.021743,156089158.0
1719216000,0.021749,0.022485,0.0208,0.022097,209325715.0
1719244800,0.022095,0.022917,0.02144,0.022722,172644490.0
1719273600,0.022715,0.023197,0.022455,0.022726,71297660.0
1719302400,0.022742,0.023513,0.022682,0.023388,92682543.0
1719331200,0.023388,0.02344,0.022967,0.023063,52795132.0
1719360000,0.023059,0.023635,0.022747,0.022908,61265869.0
1719388800,0.02291,0.022936,0.022302,0.022491,94087244.0
1719417600,0.022499,0.022758,0.022021,0.0223,67956658.0
1719446400,0.022298,0.022373,0.022074,0.022164,47979886.0
1719475200,0.022166,0.023509,0.0221,0.023044,109962101.0
1719504000,0.023056,0.023606,0.023013,0.023571,70905027.0
1719532800,0.02357,0.023985,0.023214,0.023354,67855855.0
1719561600,0.023344,0.023688,0.023042,0.023508,102036424.0
1719590400,0.023506,0.023544,0.022736,0.022792,84823936.0
1719619200,0.022792,0.02308,0.022677,0.02298,44899949.0
1719648000,0.022983,0.022996,0.022653,0.022815,41020044.0
1719676800,0.022823,0.022832,0.022247,0.022319,46036833.0
1719705600,0.022318,0.022558,0.021658,0.022384,66168113.0
1719734400,0.022382,0.022725,0.022269,0.022601,42836816.0
1719763200,0.022601,0.023462,0.022441,0.023415,87900836.0
1719792000,0.023409,0.024637,0.023265,0.024498,140369083.0
1719820800,0.024498,0.024738,0.023416,0.023602,152711956.0
1719849600,0.023606,0.024073,0.023077,0.023152,138934046.0
1719878400,0.023159,0.023259,0.022838,0.022949,70265310.0
1719907200,0.02294,0.025044,0.022875,0.024399,446640280.0
1719936000,0.024398,0.025956,0.024233,0.025766,664735490.0
1719964800,0.025767,0.02597,0.024951,0.025276,416197765.0
1719993600,0.025278,0.025379,0.024496,0.024921,487229222.0
1720022400,0.024922,0.025643,0.024451,0.024763,441617169.0
1720051200,0.024769,0.025187,0.023537,0.024151,362139121.0
1720080000,0.024147,0.024372,0.022384,0.02278,354079913.0
1720108800,0.022775,0.022802,0.02073,0.020788,294793774.0
1720137600,0.020787,0.020887,0.017945,0.018465,633933364.0
1720166400,0.018466,0.021998,0.017905,0.021715,549067997.0
1720195200,0.021724,0.023511,0.020631,0.020885,838135348.0
1720224000,0.020884,0.021252,0.020255,0.020968,267080071.0
1720252800,0.020967,0.021232,0.020633,0.021025,200798619.0
1720281600,0.02102,0.022409,0.020925,0.022097,333485437.0
1720310400,0.022102,0.022184,0.021064,0.021344,194205597.0
1720339200,0.021345,0.021693,0.020559,0.020846,181147037.0
1720368000,0.020844,0.02133,0.020295,0.020458,152166717.0
1720396800,0.020459,0.021218,0.019506,0.020731,266766455.0
1720425600,0.020737,0.02336,0.02063,0.021989,523756908.0
1720454400,0.021986,0.022456,0.021629,0.022126,171785853.0
1720483200,0.022116,0.022428,0.0217,0.02209,148892748.0
1720512000,0.022082,0.022738,0.021935,0.022325,212176691.0
1720540800,0.02231,0.022632,0.022048,0.022219,120653343.0
1720569600,0.022218,0.023022,0.021827,0.02274,113463630.0
1720598400,0.022738,0.022781,0.02218,0.022488,103196617.0
1720627200,0.022484,0.022777,0.02196,0.022304,79392987.0
1720656000,0.022304,0.022649,0.021946,0.022215,71638109.0
1720684800,0.022216,0.024437,0.022031,0.023307,826661553.0
1720713600,0.02332,0.0241,0.022731,0.022879,353751712.0
1720742400,0.02287,0.023145,0.022445,0.022746,174231672.0
1720771200,0.022758,0.023432,0.022175,0.023317,175751350.0
1720800000,0.02332,0.023667,0.02287,0.023561,139605910.0
1720828800,0.023558,0.02383,0.02336,0.023534,81882479.0
1720857600,0.02354,0.023818,0.023219,0.023498,95544305.0
1720886400,0.023494,0.023883,0.023114,0.023536,66968254.0
1720915200,0.023541,0.024136,0.023534,0.023789,59266379.0
1720944000,0.023794,0.023819,0.023268,0.023772,86129169.0
1720972800,0.023774,0.024461,0.023485,0.024429,132305914.0
1721001600,0.024425,0.02466,0.024098,0.02431,146724535.0
1721030400,0.024309,0.024897,0.024277,0.024566,110554760.0
1721059200,0.024568,0.025577,0.024415,0.025451,239240679.0
1721088000,0.025457,0.025713,0.024583,0.0251,175931894.0
1721116800,0.025102,0.026941,0.024793,0.026752,418563967.0
1721145600,0.026757,0.026847,0.026014,0.026309,177435643.0
1721174400,0.02631,0.026857,0.026208,0.02654,94340798.0
1721203200,0.026531,0.026784,0.026119,0.026307,118408226.0
1721232000,0.026299,0.026632,0.02567,0.026133,116566361.0
1721260800,0.02614,0.026799,0.026126,0.026222,81888545.0
1721289600,0.026223,0.026254,0.025015,0.025059,166465195.0
1721318400,0.025066,0.025429,0.024608,0.025423,95592342.0
1721347200,0.02542,0.02568,0.024139,0.02478,206003882.0
1721376000,0.02478,0.026305,0.024442,0.026028,181209613.0
1721404800,0.026022,0.026912,0.025976,0.026763,141826475.0
1721433600,0.026766,0.027226,0.026399,0.026659,103330101.0
1721462400,0.026659,0.026775,0.025918,0.026546,118606436.0
1721491200,0.026542,0.026698,0.025308,0.025468,189737378.0
1721520000,0.025484,0.025992,0.02504,0.025089,97923731.0
1721548800,0.025091,0.02557,0.024943,0.025116,81009032.0
1721577600,0.025115,0.026185,0.024001,0.026061,248668406.0
1721606400,0.026065,0.026269,0.024758,0.024854,135344188.0
1721635200,0.024855,0.025178,0.02453,0.024807,96152251.0
1721664000,0.024805,0.02493,0.023933,0.024239,123585915.0
1721692800,0.024237,0.0246,0.023411,0.023724,106300811.0
1721721600,0.023725,0.025256,0.023695,0.024314,216560436.0
1721750400,0.024305,0.024308,0.02333,0.023682,119917696.0
1721779200,0.023676,0.024034,0.023229,0.024019,62195046.0
1721808000,0.024017,0.025761,0.0239,0.025084,237629550.0
1721836800,0.025088,0.025918,0.02433,0.024563,307270074.0
1721865600,0.02455,0.024743,0.023561,0.023873,211491412.0
1721894400,0.023864,0.024488,0.0236,0.023731,295330439.0
1721923200,0.023739,0.024563,0.022735,0.02451,297306466.0
1721952000,0.02451,0.025868,0.024353,0.025163,242361544.0
1721980800,0.025163,0.025641,0.024677,0.025246,227400179.0
1722009600,0.025245,0.025761,0.025242,0.02558,87330798.0
1722038400,0.025574,0.026177,0.025515,0.025713,112428526.0
1722067200,0.025723,0.025944,0.024841,0.025128,176647682.0
1722096000,0.025128,0.02539,0.024302,0.024973,147906989.0
1722124800,0.024972,0.025078,0.024071,0.024443,81878538.0
1722153600,0.024436,0.024448,0.023903,0.024044,75870330.0
1722182400,0.024043,0.024211,0.023734,0.023951,78421671.0
1722211200,0.023949,0.024672,0.023903,0.024417,106723566.0
1722240000,0.024404,0.024445,0.0235,0.023733,139896112.0
1722268800,0.02372,0.023958,0.023192,0.023481,160989285.0
1722297600,0.023481,0.023881,0.023169,0.023847,61000976.0
1722326400,0.023848,0.023874,0.02333,0.023658,103999853.0
1722355200,0.023652,0.023743,0.022484,0.022893,130195994.0
1722384000,0.022885,0.023305,0.022514,0.023144,61834166.0
1722412800,0.023134,0.023254,0.022513,0.022782,88030524.0
1722441600,0.022785,0.022978,0.02144,0.021543,235658936.0
1722470400,0.021539,0.021849,0.020922,0.021315,153005368.0
1722499200,0.021322,0.02173,0.020653,0.020774,164511461.0
1722528000,0.020781,0.022107,0.0202,0.02185,329483389.0
1722556800,0.021854,0.02195,0.020742,0.021224,142738223.0
1722585600,0.021227,0.021997,0.019995,0.020846,240776778.0
1722614400,0.020841,0.020977,0.01974,0.020068,238370684.0
1722643200,0.02007,0.020415,0.01925,0.02028,133503988.0
1722672000,0.020284,0.020307,0.01925,0.019292,150672927.0
1722700800,0.019297,0.019427,0.018402,0.018967,224740819.0
1722729600,0.018972,0.019336,0.018873,0.01891,56501777.0
1722758400,0.018906,0.019181,0.017963,0.018043,110737719.0
1722787200,0.018049,0.018733,0.01725,0.018075,351098732.0
1722816000,0.018069,0.018295,0.014267,0.01615,1150550289.0
1722844800,0.016148,0.017495,0.014716,0.017376,622538487.0
1722873600,0.017383,0.017734,0.016456,0.016579,255033581.0
1722902400,0.016587,0.018377,0.016549,0.018292,318575387.0
1722931200,0.018285,0.018519,0.017319,0.018169,217850708.0
1722960000,0.018173,0.018485,0.017987,0.018068,163675441.0
1722988800,0.018061,0.018735,0.017889,0.018403,105786915.0
1723017600,0.018404,0.018732,0.01758,0.018141,185853763.0
1723046400,0.018129,0.018427,0.017419,0.018027,244267888.0
1723075200,0.018026,0.019238,0.017668,0.018912,192242506.0
1723104000,0.018915,0.01952,0.018767,0.019407,198347467.0
1723132800,0.019415,0.020291,0.019242,0.020203,137759835.0
1723161600,0.020199,0.020232,0.019518,0.019533,116855597.0
1723190400,0.019533,0.01969,0.018892,0.01904,178057371.0
1723219200,0.019038,0.019445,0.018973,0.019436,82534360.0
1723248000,0.019429,0.019729,0.019134,0.019479,53442559.0
1723276800,0.019483,0.019768,0.019329,0.01954,81045981.0
1723305600,0.01954,0.019763,0.019483,0.019564,52000830.0
1723334400,0.019565,0.019889,0.019538,0.01981,47390009.0
1723363200,0.01981,0.020005,0.018725,0.018844,104179829.0
1723392000,0.018845,0.019134,0.017945,0.018068,154638923.0
1723420800,0.018064,0.018653,0.017995,0.01853,90273759.0
1723449600,0.018525,0.019673,0.018427,0.019524,188286085.0
1723478400,0.019523,0.019629,0.018984,0.019513,87267621.0
1723507200,0.019516,0.019658,0.018846,0.019062,51211407.0
1723536000,0.019069,0.019388,0.018817,0.019176,74632205.0
1723564800,0.01918,0.019699,0.01902,0.019395,88318370.0
1723593600,0.019394,0.01943,0.01896,0.019111,55679759.0
1723622400,0.019106,0.019432,0.018434,0.018938,159687225.0
1723651200,0.018936,0.018975,0.018441,0.018623,64230646.0
1723680000,0.018628,0.018803,0.018253,0.018429,60358203.0
1723708800,0.018431,0.019023,0.018325,0.018833,67125066.0
1723737600,0.018836,0.018936,0.017653,0.017999,126772790.0
1723766400,0.017998,0.018244,0.017838,0.018123,56460687.0
1723795200,0.018114,0.018201,0.01736,0.017545,104609187.0
1723824000,0.017553,0.018178,0.017498,0.017958,89165863.0
1723852800,0.017956,0.018134,0.017772,0.018132,48137237.0
1723881600,0.018125,0.018462,0.017997,0.018314,109442669.0
1723910400,0.018323,0.01879,0.018257,0.018747,57391173.0
1723939200,0.018755,0.019043,0.018499,0.018628,99131890.0
1723968000,0.018632,0.019676,0.018594,0.019203,120102424.0
1723996800,0.019211,0.019411,0.018927,0.018941,69867350.0
1724025600,0.018945,0.019066,0.018631,0.018687,72864157.0
1724054400,0.018687,0.019232,0.01857,0.018942,136832927.0
1724083200,0.018942,0.019785,0.018802,0.019709,141122583.0
1724112000,0.019709,0.020293,0.019526,0.020243,84164767.0
1724140800,0.020242,0.020242,0.01902,0.019057,141405149.0
1724169600,0.019054,0.019645,0.018991,0.019546,66937454.0
1724198400,0.019546,0.019746,0.019297,0.01964,46159791.0
1724227200,0.01964,0.019718,0.0189,0.019334,107935927.0
1724256000,0.01934,0.020338,0.019253,0.02027,123834649.0
1724284800,0.020262,0.020266,0.019731,0.020051,68626625.0
1724313600,0.020062,0.020603,0.019898,0.020022,119962965.0
1724342400,0.020021,0.020141,0.01984,0.020068,68163495.0
1724371200,0.020067,0.020648,0.02005,0.020624,83800770.0
1724400000,0.020619,0.021061,0.020378,0.020736,139554476.0
1724428800,0.020744,0.021835,0.020729,0.021784,173734865.0
1724457600,0.021783,0.021891,0.021484,0.021683,69477604.0
1724486400,0.021683,0.022567,0.021547,0.021921,254875461.0
1724515200,0.021922,0.022183,0.02103,0.021531,149123375.0
1724544000,0.021534,0.021583,0.020406,0.020622,116685698.0
1724572800,0.02061,0.021493,0.020535,0.021305,84321532.0
1724601600,0.021293,0.021512,0.02105,0.021076,70140165.0
1724630400,0.021092,0.021263,0.020538,0.020652,84257157.0
1724659200,0.020656,0.021026,0.019909,0.020004,205758412.0
1724688000,0.020002,0.020213,0.019306,0.019427,123688203.0
1724716800,0.019427,0.019988,0.019422,0.019612,60624151.0
1724745600,0.019612,0.019713,0.019152,0.019367,95632631.0
1724774400,0.01937,0.01959,0.017468,0.018291,203649318.0
1724803200,0.018288,0.018388,0.017904,0.017922,90631796.0
1724832000,0.017919,0.018913,0.017818,0.018051,144651919.0
1724860800,0.018049,0.01833,0.017367,0.017824,147498772.0
1724889600,0.017831,0.018101,0.01777,0.018024,43796055.0
1724918400,0.018019,0.018567,0.017938,0.01839,113421158.0
1724947200,0.018377,0.01849,0.017312,0.017655,115414595.0
1724976000,0.017651,0.017811,0.017404,0.017686,56871943.0
1725004800,0.017685,0.017888,0.01685,0.016906,146032276.0
1725033600,0.016919,0.017984,0.016839,0.017864,162809829.0
1725062400,0.017869,0.017986,0.017777,0.01785,43044755.0
1725091200,0.017845,0.017872,0.017586,0.01768,43368882.0
1725120000,0.017686,0.017697,0.01729,0.017521,64680239.0
1725148800,0.017522,0.017666,0.017152,0.017666,53207846.0
1725177600,0.017666,0.017679,0.016938,0.017455,61163898.0
1725206400,0.017457,0.017536,0.01655,0.016698,73671336.0
1725235200,0.016692,0.017055,0.016649,0.016741,61239816.0
1725264000,0.016739,0.017511,0.016698,0.01721,84624521.0
1725292800,0.017212,0.017765,0.017041,0.017644,74717886.0
1725321600,0.017644,0.017935,0.017518,0.017694,54738808.0
1725350400,0.017703,0.017747,0.01689,0.016941,80689486.0
1725379200,0.016939,0.017154,0.016749,0.016783,63052122.0
1725408000,0.016776,0.017014,0.0158,0.016904,115341694.0
1725436800,0.016906,0.017284,0.016526,0.017267,94270588.0
1725465600,0.017269,0.017532,0.016926,0.017042,67286000.0
1725494400,0.017052,0.017154,0.016595,0.017024,52755297.0
1725523200,0.017026,0.017207,0.016719,0.016765,100963579.0
1725552000,0.016773,0.016908,0.016453,0.016503,76068352.0
1725580800,0.016508,0.016835,0.016244,0.016427,56105754.0
1725609600,0.016431,0.017032,0.016144,0.01648,142161822.0
1725638400,0.016474,0.016533,0.015586,0.016162,140928389.0
1725667200,0.016163,0.016538,0.01607,0.016494,45919064.0
1725696000,0.016479,0.016997,0.016466,0.016864,58932326.0
1725724800,0.016858,0.016928,0.016333,0.016493,66530970.0
1725753600,0.016497,0.017094,0.016458,0.017032,55636489.0
1725782400,0.017036,0.01734,0.016787,0.016819,92732180.0
1725811200,0.016818,0.017625,0.016734,0.017401,112514900.0
1725840000,0.0174,0.017732,0.017275,0.017668,75846657.0
1725868800,0.017671,0.018292,0.017669,0.01816,292552117.0
1725897600,0.018159,0.018457,0.018135,0.018197,140809463.0
1725926400,0.018199,0.018818,0.017893,0.018561,187763543.0
1725955200,0.018555,0.01905,0.018504,0.018776,165170838.0
1725984000,0.018775,0.019135,0.018655,0.01868,134018073.0
1726012800,0.018688,0.018713,0.017964,0.018394,102338523.0
1726041600,0.018392,0.018864,0.018119,0.018738,135399930.0
1726070400,0.01873,0.019519,0.018624,0.019076,255303896.0
1726099200,0.019079,0.019495,0.01905,0.01908,108923608.0
1726128000,0.019067,0.019233,0.018733,0.018836,118724392.0
1726156800,0.018832,0.019303,0.018826,0.019279,72477376.0
1726185600,0.019279,0.019279,0.018801,0.019051,55295320.0
1726214400,0.019054,0.019314,0.018631,0.019277,82113671.0
1726243200,0.019278,0.019467,0.019035,0.019242,171902850.0
1726272000,0.019252,0.019291,0.018805,0.018955,76312517.0
1726300800,0.018946,0.019015,0.018782,0.018827,69584964.0
1726329600,0.01882,0.019441,0.0186,0.01939,110022655.0
1726358400,0.019393,0.020066,0.01939,0.0195,189891379.0
1726387200,0.019504,0.01965,0.018977,0.019117,147443792.0
1726416000,0.019117,0.019137,0.018183,0.018393,172860762.0
1726444800,0.018392,0.018577,0.018012,0.018548,89145056.0
1726473600,0.018548,0.01868,0.017865,0.018037,110950135.0
1726502400,0.018036,0.018102,0.017712,0.017918,94518313.0
1726531200,0.017921,0.018212,0.017654,0.018132,42836152.0
1726560000,0.018134,0.018476,0.017925,0.018319,135861691.0
1726588800,0.018329,0.01845,0.018073,0.018188,81379230.0
1726617600,0.018184,0.018809,0.017943,0.018647,63116764.0
1726646400,0.018645,0.01865,0.017927,0.018005,63989240.0
1726675200,0.018001,0.019364,0.017892,0.019349,158695111.0
1726704000,0.019352,0.020071,0.019201,0.019804,148064340.0
1726732800,0.019803,0.019879,0.019306,0.01964,222969009.0
1726761600,0.019639,0.020146,0.019634,0.01983,123492935.0
1726790400,0.019827,0.020464,0.019555,0.020381,136684070.0
1726819200,0.020377,0.020383,0.019413,0.019727,168397517.0
1726848000,0.019727,0.020097,0.019324,0.020058,143895026.0
1726876800,0.020063,0.020186,0.019501,0.019984,76352659.0
1726905600,0.019994,0.020394,0.019804,0.020174,80218369.0
1726934400,0.020171,0.020352,0.019962,0.020267,62881667.0
1726963200,0.02027,0.020284,0.019626,0.019764,58935658.0
1726992000,0.019758,0.019885,0.019385,0.019458,72909777.0
1727020800,0.01947,0.019708,0.018947,0.019571,123353632.0
1727049600,0.01955,0.020318,0.019136,0.019987,108096983.0
1727078400,0.019991,0.020223,0.019764,0.020048,81709729.0
1727107200,0.020048,0.020315,0.019797,0.020244,123326672.0
1727136000,0.020243,0.020705,0.019908,0.020598,143169231.0
1727164800,0.020591,0.020668,0.019757,0.020082,160175089.0
1727193600,0.020087,0.020772,0.020038,0.020559,241533156.0
1727222400,0.020572,0.021143,0.020259,0.020418,159851910.0
1727251200,0.020413,0.020528,0.020086,0.020212,108689052.0
1727280000,0.020217,0.020438,0.019755,0.019896,162310081.0
1727308800,0.01989,0.020569,0.019421,0.020502,141971493.0
1727337600,0.020499,0.020855,0.020005,0.020802,195842372.0
1727366400,0.020802,0.021045,0.020404,0.020688,139557067.0
1727395200,0.020684,0.021876,0.020667,0.021483,293064270.0
1727424000,0.021483,0.022081,0.021346,0.021736,287479190.0
1727452800,0.021722,0.02192,0.021399,0.021672,131193893.0
1727481600,0.021687,0.022023,0.021201,0.02133,116331407.0
1727510400,0.021329,0.02137,0.020655,0.02094,121454134.0
1727539200,0.020947,0.021087,0.020412,0.020712,78670087.0
1727568000,0.020714,0.02085,0.02,0.020089,119764387.0
1727596800,0.020088,0.02039,0.019908,0.02034,103190912.0
1727625600,0.020334,0.021178,0.020244,0.020851,121853785.0
1727654400,0.020849,0.022119,0.02004,0.021284,468836714.0
1727683200,0.021286,0.021529,0.020122,0.020664,469716803.0
1727712000,0.020665,0.02146,0.020655,0.020892,227304640.0
1727740800,0.020892,0.022209,0.020722,0.022028,281727625.0
1727769600,0.022029,0.022315,0.019606,0.020424,581107530.0
1727798400,0.020425,0.020555,0.018206,0.018622,559497608.0
1727827200,0.018618,0.02136,0.018514,0.020931,678641092.0
1727856000,0.02093,0.021017,0.019633,0.020261,462079319.0
1727884800,0.020245,0.020591,0.018737,0.019256,311873072.0
1727913600,0.019257,0.020299,0.019223,0.019255,392700599.0
1727942400,0.019268,0.019344,0.018028,0.01849,409396909.0
1727971200,0.018493,0.018684,0.017936,0.01849,173986752.0
1728000000,0.018488,0.018843,0.018316,0.018575,132839334.0
1728028800,0.018573,0.019114,0.018387,0.018984,235203470.0
1728057600,0.018986,0.019366,0.01895,0.019195,141227917.0
1728086400,0.019193,0.019314,0.018675,0.019032,86279307.0
1728115200,0.019039,0.019623,0.019039,0.019261,115609932.0
1728144000,0.019271,0.019297,0.018478,0.018906,116854692.0
1728172800,0.018908,0.019146,0.018444,0.018817,136218869.0
1728201600,0.018813,0.019277,0.018632,0.019202,141900417.0
1728230400,0.019205,0.019802,0.01903,0.019731,238422095.0
1728259200,0.019726,0.020325,0.019698,0.020024,151237763.0
1728288000,0.020024,0.020266,0.01943,0.019748,237891690.0
1728316800,0.019736,0.020121,0.019468,0.019529,175361247.0
1728345600,0.019533,0.021021,0.018805,0.019023,582756889.0
1728374400,0.019017,0.02078,0.018885,0.020022,1927283490.0
1728403200,0.020014,0.020265,0.019628,0.019916,327461169.0
1728432000,0.019914,0.02033,0.019569,0.019756,306532049.0
1728460800,0.019761,0.019811,0.019091,0.019646,330979454.0
1728489600,0.019654,0.019718,0.018339,0.018574,318228786.0
1728518400,0.018567,0.018956,0.018364,0.018637,146686731.0
1728547200,0.018644,0.018778,0.018148,0.018512,241809404.0
1728576000,0.018513,0.018652,0.017922,0.018539,190154681.0
1728604800,0.018538,0.018738,0.018398,0.018615,102714252.0
1728633600,0.018616,0.01943,0.018589,0.019398,239970442.0
1728662400,0.019396,0.01967,0.019304,0.019393,185959464.0
1728691200,0.019397,0.019655,0.019122,0.019592,103780068.0
1728720000,0.019595,0.019937,0.019444,0.019708,143362148.0
1728748800,0.019712,0.019836,0.019407,0.0195,107415150.0
1728777600,0.019502,0.019623,0.019265,0.019337,60956214.0
1728806400,0.019336,0.019389,0.018532,0.018718,142382759.0
1728835200,0.01872,0.019283,0.018541,0.019131,109473366.0
1728864000,0.019137,0.019664,0.0188,0.019624,133083118.0
1728892800,0.019621,0.019977,0.019366,0.0199,154417806.0
1728921600,0.019896,0.020482,0.019708,0.020282,165488051.0
1728950400,0.020283,0.020411,0.019801,0.019979,99365473.0
1728979200,0.019975,0.020397,0.019058,0.019565,294819379.0
1729008000,0.019571,0.02006,0.019281,0.019944,156379946.0
1729036800,0.019946,0.02008,0.019417,0.019533,91705365.0
1729065600,0.019523,0.020652,0.019285,0.019338,613546697.0
1729094400,0.019338,0.020016,0.019223,0.019781,130745914.0
1729123200,0.019781,0.020141,0.019313,0.019452,131040800.0
1729152000,0.019443,0.019572,0.0189,0.019233,160434989.0
1729180800,0.019235,0.019241,0.018592,0.01906,108533476.0
1729209600,0.019059,0.019649,0.018937,0.019574,92155626.0
1729238400,0.019585,0.019648,0.019143,0.019542,103636674.0
1729267200,0.019543,0.020012,0.019476,0.019838,159352420.0
1729296000,0.01984,0.020094,0.01981,0.019875,63940410.0
1729324800,0.019876,0.019938,0.019403,0.019577,98283586.0
1729353600,0.019565,0.019897,0.019368,0.01982,57823602.0
1729382400,0.019819,0.020052,0.019569,0.01995,78444040.0
1729411200,0.019945,0.020607,0.019929,0.020569,164394358.0
1729440000,0.02057,0.020867,0.020306,0.020708,111816171.0
1729468800,0.020713,0.021204,0.020537,0.02056,135859932.0
1729497600,0.020562,0.020684,0.019926,0.020212,147252435.0
1729526400,0.020211,0.020475,0.019816,0.020189,87946499.0
1729555200,0.020186,0.020566,0.019858,0.020243,67838146.0
1729584000,0.020238,0.020322,0.019761,0.020118,137426787.0
1729612800,0.020117,0.020429,0.019797,0.020274,74528961.0
1729641600,0.020269,0.020457,0.01975,0.019807,63670109.0
1729670400,0.019805,0.019922,0.019162,0.019315,107812411.0
1729699200,0.019311,0.019717,0.018684,0.01967,171513690.0
1729728000,0.019665,0.020326,0.019534,0.019727,115563626.0
1729756800,0.019723,0.020177,0.019327,0.020021,159213356.0
1729785600,0.020024,0.020473,0.019756,0.020183,116591789.0
1729814400,0.02019,0.020276,0.019446,0.01951,77395811.0
1729843200,0.019505,0.019924,0.019356,0.019538,111044651.0
1729872000,0.019545,0.020027,0.016744,0.017845,513622937.0
1729900800,0.017842,0.018337,0.017498,0.018045,176691472.0
1729929600,0.018045,0.018272,0.017566,0.017899,165361516.0
1729958400,0.017896,0.018508,0.017816,0.01832,71139078.0
1729987200,0.018321,0.018584,0.018196,0.018475,40184283.0
1730016000,0.018472,0.018952,0.017935,0.018485,236669590.0
1730044800,0.01849,0.018706,0.018313,0.018459,86172847.0
1730073600,0.018458,0.018549,0.01793,0.018406,98337940.0
1730102400,0.018402,0.020106,0.018244,0.019151,1157810092.0
1730131200,0.01915,0.020454,0.018988,0.020154,623597648.0
1730160000,0.020154,0.020694,0.019709,0.01987,385211348.0
1730188800,0.019872,0.020265,0.019828,0.020102,216331963.0
1730217600,0.020101,0.021553,0.020094,0.021462,351272529.0
1730246400,0.021461,0.02204,0.021075,0.021179,217054550.0
1730275200,0.021184,0.021496,0.020595,0.020804,240890563.0
1730304000,0.020803,0.021941,0.020775,0.021349,266036178.0
1730332800,0.021351,0.021406,0.020623,0.020818,114632143.0
1730361600,0.020811,0.020814,0.01994,0.020179,193994129.0
1730390400,0.020186,0.02025,0.019682,0.019912,141468884.0
1730419200,0.019907,0.020043,0.019293,0.019333,140907222.0
1730448000,0.019333,0.020084,0.019041,0.019203,183640983.0
1730476800,0.019207,0.019538,0.018646,0.018979,157355935.0
1730505600,0.018974,0.019234,0.018852,0.018966,69174370.0
1730534400,0.018961,0.019006,0.018234,0.018444,109468850.0
1730563200,0.018448,0.018534,0.018105,0.018254,85221776.0
1730592000,0.018256,0.018394,0.017405,0.017739,190410704.0
1730620800,0.017742,0.01781,0.016965,0.017369,213784933.0
1730649600,0.017368,0.017741,0.017083,0.017598,113489575.0
1730678400,0.017598,0.017794,0.017322,0.017418,83376760.0
1730707200,0.017417,0.017858,0.017286,0.017391,106810052.0
1730736000,0.017393,0.017441,0.01665,0.017113,133137438.0
1730764800,0.017116,0.017731,0.017106,0.017684,64828240.0
1730793600,0.017689,0.018204,0.017546,0.017925,137848785.0
1730822400,0.017934,0.018266,0.01773,0.018015,117891358.0
1730851200,0.018015,0.01955,0.018013,0.019275,272357904.0
1730880000,0.019289,0.019635,0.018881,0.019454,134482179.0
1730908800,0.019459,0.020181,0.019435,0.020013,97944013.0
1730937600,0.020009,0.020488,0.01958,0.019863,116914908.0
1730966400,0.019856,0.020118,0.019568,0.020114,131452180.0
1730995200,0.020111,0.020459,0.019784,0.020419,191508259.0
1731024000,0.020424,0.021062,0.019845,0.020019,129597534.0
1731052800,0.020013,0.021203,0.019842,0.020464,554892813.0
1731081600,0.020457,0.020758,0.019999,0.02043,191082611.0
1731110400,0.020435,0.020672,0.0201,0.020461,105694908.0
1731139200,0.020463,0.020934,0.020265,0.020507,175014418.0
1731168000,0.020504,0.021158,0.019916,0.02107,177919812.0
1731196800,0.021074,0.021855,0.020802,0.021729,201739843.0
1731225600,0.021726,0.02273,0.021726,0.022524,209436618.0
1731254400,0.022532,0.022935,0.020855,0.021993,344592047.0
1731283200,0.022003,0.02299,0.021656,0.022204,174687039.0
1731312000,0.022208,0.02334,0.02208,0.022799,257783802.0
1731340800,0.0228,0.023738,0.022742,0.023675,229760503.0
1731369600,0.02368,0.02402,0.02272,0.023496,230288666.0
1731398400,0.023518,0.024137,0.021363,0.021885,600123472.0
1731427200,0.021889,0.023092,0.0215,0.022642,177222707.0
1731456000,0.022649,0.02312,0.020666,0.021412,224226270.0
1731484800,0.021421,0.023314,0.020961,0.023134,291834664.0
1731513600,0.023137,0.024518,0.02195,0.02294,434800321.0
1731542400,0.022947,0.023925,0.022519,0.023499,199842244.0
1731571200,0.023511,0.023747,0.021256,0.021567,261242120.0
1731600000,0.021558,0.022229,0.020741,0.021081,171209069.0
1731628800,0.021085,0.021317,0.02021,0.020722,130541006.0
1731657600,0.020725,0.021729,0.020512,0.02073,195529198.0
1731686400,0.020728,0.022735,0.020579,0.022675,171196199.0
1731715200,0.022675,0.023661,0.022406,0.023231,209168462.0
1731744000,0.023228,0.0238,0.022461,0.022856,169713315.0
1731772800,0.022861,0.024141,0.022634,0.023896,108339202.0
1731801600,0.023896,0.024493,0.022685,0.023869,174561936.0
1731830400,0.023878,0.024663,0.02369,0.023846,196251901.0
1731859200,0.023846,0.023965,0.022569,0.022901,138144074.0
1731888000,0.022903,0.0239,0.022653,0.023695,110398546.0
1731916800,0.023689,0.0238,0.022314,0.023274,244197342.0
1731945600,0.02327,0.023685,0.022485,0.023521,185503888.0
1731974400,0.023524,0.023652,0.022949,0.023332,71968018.0
1732003200,0.023328,0.023503,0.02259,0.022952,119237903.0
1732032000,0.022956,0.023304,0.022139,0.022778,106971837.0
1732060800,0.022778,0.022782,0.021864,0.022437,78441354.0
1732089600,0.022439,0.023003,0.022093,0.022646,96163213.0
1732118400,0.02265,0.022712,0.02093,0.021268,181155891.0
1732147200,0.021269,0.021835,0.020625,0.021729,131426146.0
1732176000,0.021728,0.02317,0.021124,0.02252,239185090.0
1732204800,0.022523,0.023898,0.022523,0.023495,234161788.0
1732233600,0.023496,0.024067,0.022958,0.023338,123947620.0
1732262400,0.023341,0.023528,0.022242,0.023171,194795857.0
1732291200,0.023164,0.023438,0.022412,0.023397,180299549.0
1732320000,0.023409,0.025279,0.023279,0.025136,327892673.0
1732348800,0.025122,0.027255,0.024811,0.027097,560848183.0
1732377600,0.027091,0.027285,0.025501,0.026294,398422004.0
1732406400,0.026294,0.028915,0.026056,0.027788,316146787.0
1732435200,0.027785,0.028026,0.024973,0.025194,364285671.0
1732464000,0.025198,0.028215,0.025051,0.028066,205997999.0
1732492800,0.028068,0.028631,0.026743,0.028543,208774748.0
1732521600,0.02853,0.029593,0.026901,0.028308,358292343.0
1732550400,0.028316,0.028632,0.02664,0.027344,228813945.0
1732579200,0.027341,0.028566,0.027041,0.027618,149556169.0
1732608000,0.027608,0.028802,0.025783,0.026033,400590572.0
1732636800,0.026038,0.026915,0.025275,0.026824,232942114.0
1732665600,0.026826,0.027419,0.026346,0.02732,122357680.0
1732694400,0.027326,0.028365,0.026676,0.028189,168037431.0
1732723200,0.02819,0.029965,0.027958,0.029636,221826674.0
1732752000,0.029636,0.029755,0.028522,0.028752,116589153.0
1732780800,0.02876,0.029135,0.028067,0.028222,127197996.0
1732809600,0.028224,0.029453,0.02822,0.029093,130097004.0
1732838400,0.029095,0.029165,0.027959,0.027996,102726691.0
1732867200,0.027996,0.02922,0.027991,0.028971,107135314.0
1732896000,0.028972,0.029809,0.028913,0.029691,91626260.0
1732924800,0.029689,0.031744,0.02916,0.031683,168667591.0
1732953600,0.031681,0.031798,0.030613,0.031266,154683928.0
1732982400,0.031266,0.032412,0.031101,0.031602,149083395.0
1733011200,0.031607,0.03162,0.030215,0.0306,163381761.0
1733040000,0.030595,0.031562,0.03054,0.031344,130622089.0
1733068800,0.031357,0.031476,0.030154,0.030638,151948437.0
1733097600,0.030635,0.031367,0.029592,0.030345,208287266.0
1733126400,0.030352,0.030581,0.028359,0.030453,258696043.0
1733155200,0.030456,0.031728,0.028952,0.031656,194939382.0
1733184000,0.03166,0.03431,0.031361,0.033258,276744086.0
1733212800,0.033267,0.034483,0.030879,0.03241,361984448.0
1733241600,0.032427,0.034896,0.032337,0.034739,290834844.0
1733270400,0.034741,0.035997,0.03385,0.035788,273051945.0
1733299200,0.035777,0.03726,0.035684,0.036929,263511008.0
1733328000,0.036933,0.03787,0.035182,0.036917,308921764.0
1733356800,0.036904,0.037062,0.034798,0.036636,236637048.0
1733385600,0.036639,0.038561,0.036296,0.03696,236880847.0
1733414400,0.036962,0.038615,0.0366,0.037878,288561395.0
1733443200,0.037882,0.039755,0.037089,0.038866,224174141.0
1733472000,0.038862,0.039333,0.036042,0.037634,235536728.0
1733500800,0.037629,0.038621,0.037188,0.037485,140766804.0
1733529600,0.03748,0.037699,0.036509,0.036705,130462800.0
1733558400,0.036707,0.037611,0.036528,0.036624,138688213.0
1733587200,0.036626,0.03669,0.035933,0.036004,109334068.0
1733616000,0.036009,0.036307,0.035163,0.035464,111989226.0
1733644800,0.035456,0.035911,0.034505,0.035844,137515016.0
1733673600,0.035846,0.036229,0.035251,0.036118,94849654.0
1733702400,0.036127,0.036173,0.034001,0.034452,133575214.0
1733731200,0.034455,0.034456,0.032067,0.032683,236219206.0
1733760000,0.032695,0.033206,0.024642,0.029123,554073620.0
1733788800,0.02912,0.030011,0.027304,0.029603,207101673.0
1733817600,0.029605,0.030173,0.026682,0.026733,216508409.0
1733846400,0.026733,0.029097,0.026267,0.02858,298954388.0
1733875200,0.028583,0.029119,0.027327,0.028497,115439103.0
1733904000,0.028496,0.031846,0.02845,0.031728,334560911.0
1733932800,0.03171,0.032312,0.030916,0.031673,129092264.0
1733961600,0.031676,0.033838,0.0314,0.03297,145868503.0
1733990400,0.032966,0.033475,0.032034,0.032419,166488301.0
1734019200,0.032425,0.032871,0.031267,0.032218,144685506.0
1734048000,0.03222,0.032746,0.031144,0.031701,121412574.0
1734076800,0.03172,0.033555,0.031538,0.031833,162247058.0
1734105600,0.03183,0.032968,0.03176,0.032766,105555672.0
1734134400,0.032766,0.033455,0.032241,0.03226,73362397.0
1734163200,0.032268,0.032656,0.030369,0.030668,146742329.0
1734192000,0.030673,0.030696,0.029783,0.030494,90112010.0
1734220800,0.030499,0.030974,0.029378,0.02961,96367644.0
1734249600,0.029609,0.031679,0.029587,0.0315,117878672.0
1734278400,0.0315,0.03199,0.030212,0.031857,144561403.0
1734307200,0.031861,0.032789,0.030743,0.031103,142163166.0
1734336000,0.031101,0.031159,0.029629,0.030397,113962695.0
1734364800,0.030398,0.031917,0.030343,0.030792,124139306.0
1734393600,0.030791,0.03086,0.029916,0.030109,75353741.0
1734422400,0.030107,0.031146,0.028853,0.029159,132462749.0
1734451200,0.029141,0.030048,0.028346,0.028716,129613518.0
1734480000,0.028719,0.02886,0.027783,0.028107,102440007.0
1734508800,0.028105,0.028418,0.027321,0.02767,106634551.0
1734537600,0.027671,0.028557,0.024516,0.025722,346115644.0
1734566400,0.025723,0.026242,0.024011,0.025884,259007780.0
1734595200,0.025874,0.026771,0.02488,0.025387,237930427.0
1734624000,0.025385,0.025653,0.022706,0.023943,501615193.0
1734652800,0.023944,0.025069,0.023449,0.023962,137842755.0
1734681600,0.023954,0.023994,0.020537,0.023366,605572701.0
1734710400,0.023372,0.02474,0.023173,0.024546,154925975.0
1734739200,0.024545,0.025925,0.024287,0.025623,90865047.0
1734768000,0.025629,0.02572,0.023353,0.023944,176740756.0
1734796800,0.023945,0.023975,0.022715,0.0232,174521756.0
1734825600,0.023202,0.023635,0.022516,0.023049,112606378.0
1734854400,0.023048,0.024027,0.022932,0.023086,157783951.0
1734883200,0.023086,0.023536,0.022246,0.023032,139401040.0
1734912000,0.02304,0.023982,0.022413,0.023297,129425222.0
1734940800,0.023297,0.023751,0.022665,0.022742,125280798.0
1734969600,0.022742,0.02499,0.022679,0.024488,174569113.0
1734998400,0.024485,0.024558,0.023859,0.024434,75256506.0
1735027200,0.02444,0.026793,0.02416,0.026149,369204506.0
1735056000,0.026149,0.026397,0.025267,0.026152,201648162.0
1735084800,0.026141,0.02641,0.02568,0.025779,99030113.0
1735113600,0.025779,0.026444,0.025459,0.025584,116500718.0
1735142400,0.025583,0.025759,0.025054,0.02562,93187822.0
1735171200,0.025621,0.025812,0.02451,0.02458,98959500.0
1735200000,0.024578,0.024648,0.023807,0.024012,144126395.0
1735228800,0.024013,0.02432,0.023594,0.02398,119845250.0
1735257600,0.02399,0.0246,0.02379,0.024005,96084197.0
1735286400,0.024,0.025335,0.024,0.024284,141570424.0
1735315200,0.024288,0.024893,0.023967,0.024507,95223514.0
1735344000,0.024508,0.025401,0.024315,0.025051,108589137.0
1735372800,0.025043,0.026615,0.024813,0.02611,391098218.0
1735401600,0.02611,0.027824,0.026064,0.027169,364140402.0
1735430400,0.027169,0.027336,0.026586,0.027328,116856297.0
1735459200,0.02733,0.027913,0.026251,0.026424,260735144.0
1735488000,0.026424,0.026573,0.025642,0.025821,197452477.0
1735516800,0.025825,0.026832,0.025609,0.02643,135614257.0
1735545600,0.02643,0.026622,0.024841,0.025061,166318736.0
1735574400,0.025052,0.026968,0.024745,0.026244,184895981.0
1735603200,0.026241,0.026254,0.025249,0.025643,94101294.0
1735632000,0.02564,0.026578,0.025521,0.026252,202827469.0
1735660800,0.026252,0.026553,0.025437,0.025473,106966643.0
1735689600,0.025477,0.026181,0.025316,0.025458,59331045.0
1735718400,0.025456,0.025836,0.024758,0.025788,141637913.0
1735747200,0.025786,0.026282,0.025227,0.026202,119358420.0
1735776000,0.026202,0.02705,0.026166,0.026923,87579695.0
1735804800,0.026924,0.027644,0.026714,0.027221,124960694.0
1735833600,0.027222,0.027605,0.026733,0.027037,87427169.0
1735862400,0.027039,0.027123,0.026189,0.026265,68430791.0
1735891200,0.026263,0.027692,0.026209,0.027638,147303930.0
1735920000,0.027643,0.028012,0.027551,0.027847,112141752.0
1735948800,0.027851,0.028061,0.027504,0.027972,68023403.0
1735977600,0.027971,0.028075,0.027093,0.027247,159089317.0
1736006400,0.027247,0.027684,0.027082,0.027514,82580981.0
1736035200,0.027516,0.027545,0.026838,0.027279,55823154.0
1736064000,0.027274,0.027301,0.026548,0.02684,83127530.0
1736092800,0.026842,0.027389,0.026629,0.027234,73043164.0
1736121600,0.027245,0.02767,0.026565,0.027274,99509650.0
1736150400,0.027283,0.027845,0.02687,0.027673,124697159.0
1736179200,0.027684,0.027981,0.026839,0.027101,108856650.0
1736208000,0.027096,0.027211,0.026357,0.026427,88967600.0
1736236800,0.026426,0.026563,0.024502,0.024824,346252536.0
1736265600,0.024822,0.025199,0.023883,0.023917,160108384.0
1736294400,0.023922,0.024243,0.022765,0.023203,129818099.0
1736323200,0.023202,0.023536,0.022771,0.023258,94056107.0
1736352000,0.023259,0.023508,0.022131,0.023224,201698609.0
1736380800,0.023226,0.023835,0.022559,0.02264,111518008.0
1736409600,0.02265,0.023618,0.022327,0.023206,241813190.0
1736438400,0.023203,0.02338,0.022065,0.022623,230211975.0
1736467200,0.022627,0.023792,0.022505,0.02361,114740087.0
1736496000,0.023606,0.023805,0.022729,0.023266,153495396.0
1736524800,0.023264,0.023839,0.022824,0.02334,118852298.0
1736553600,0.023333,0.023591,0.022841,0.023037,47535932.0
1736582400,0.023037,0.023226,0.022777,0.022837,68509772.0
1736611200,0.022837,0.023463,0.02254,0.022874,104509004.0
1736640000,0.022882,0.023057,0.022625,0.022799,42625306.0
1736668800,0.022805,0.022819,0.022278,0.02271,112202501.0
1736697600,0.022711,0.022789,0.021902,0.022218,94609528.0
1736726400,0.022227,0.022954,0.021169,0.021412,123717813.0
1736755200,0.021412,0.021465,0.019864,0.021019,325076254.0
1736784000,0.021009,0.021765,0.020266,0.021573,157580275.0
1736812800,0.021573,0.021988,0.021453,0.02146,71002509.0
1736841600,0.021464,0.022061,0.021404,0.02172,125716915.0
1736870400,0.021714,0.022247,0.021454,0.022057,87190873.0
1736899200,0.022067,0.022479,0.021976,0.022359,105521302.0
1736928000,0.022358,0.023227,0.021476,0.023125,190134639.0
1736956800,0.02313,0.023826,0.022836,0.023737,115162006.0
1736985600,0.023742,0.023835,0.023091,0.023496,76437705.0
1737014400,0.023498,0.023838,0.022738,0.02339,181108538.0
1737043200,0.023385,0.023955,0.02295,0.023119,133335313.0
1737072000,0.023119,0.023995,0.023118,0.023877,83184821.0
1737100800,0.02388,0.024914,0.023821,0.024769,140452121.0
1737129600,0.024767,0.025812,0.024572,0.025477,105677731.0
1737158400,0.025479,0.025792,0.023619,0.023703,163770131.0
1737187200,0.023702,0.024003,0.023262,0.023398,126326798.0
1737216000,0.023399,0.023568,0.02281,0.023256,115531518.0
1737244800,0.023255,0.023881,0.022359,0.022452,121627880.0
1737273600,0.022449,0.022923,0.020899,0.022456,311794181.0
1737302400,0.022456,0.022704,0.019965,0.020351,322190756.0
1737331200,0.02035,0.022463,0.01951,0.021761,324749056.0
1737360000,0.021764,0.022074,0.020692,0.02086,146954199.0
1737388800,0.020874,0.021419,0.019889,0.020674,243737032.0
1737417600,0.020678,0.020748,0.019847,0.020459,145929380.0
1737446400,0.020455,0.021374,0.020163,0.02106,138161066.0
1737475200,0.021057,0.021899,0.020985,0.021519,115765134.0
1737504000,0.021513,0.021832,0.021413,0.021499,56753301.0
1737532800,0.021498,0.021846,0.020938,0.02113,101901665.0
1737561600,0.021124,0.021365,0.020716,0.020878,82783242.0
1737590400,0.02088,0.021013,0.0205,0.020879,78124615.0
1737619200,0.020876,0.021069,0.020195,0.020892,147617489.0
1737648000,0.020894,0.021258,0.020063,0.021159,217701672.0
1737676800,0.021166,0.021648,0.020481,0.021404,114201704.0
1737705600,0.021399,0.021988,0.021279,0.021542,109914788.0
1737734400,0.021544,0.021567,0.020246,0.020504,129812720.0
1737763200,0.020503,0.020881,0.020175,0.020508,61094415.0
1737792000,0.020509,0.020823,0.02022,0.020716,66588971.0
1737820800,0.02072,0.020821,0.020262,0.020308,45674741.0
1737849600,0.020319,0.021034,0.020272,0.021027,44155804.0
1737878400,0.021027,0.021304,0.020746,0.021256,69925913.0
1737907200,0.021255,0.024871,0.020807,0.02283,794468609.0
1737936000,0.022829,0.032083,0.022251,0.027468,9527886861.0
1737964800,0.02748,0.034682,0.026627,0.03407,15225996837.0
1737993600,0.034067,0.039821,0.03283,0.038639,16484629707.0
1738022400,0.038647,0.038777,0.033228,0.033344,5503703408.0
1738051200,0.033344,0.034222,0.03052,0.030779,3380164850.0
1738080000,0.03078,0.032141,0.029252,0.030804,2438268748.0
1738108800,0.030804,0.03775,0.030011,0.03594,3464980893.0
1738137600,0.03594,0.040268,0.035742,0.036099,6669716448.0
1738166400,0.0361,0.0396,0.035788,0.03744,4970132681.0
1738195200,0.03744,0.04,0.036453,0.037178,3317702636.0
1738224000,0.037177,0.047697,0.036312,0.045826,5408401559.0
1738252800,0.045838,0.04945,0.04467,0.045477,5107576215.0
1738281600,0.045476,0.04884,0.044018,0.047067,3526387709.0
1738310400,0.047068,0.048541,0.044306,0.044864,3926819288.0
1738339200,0.044863,0.04776,0.044057,0.046817,2823104384.0
1738368000,0.046817,0.0585,0.04584,0.056111,5855331971.0
1738396800,0.056103,0.056941,0.045,0.046661,4906286731.0
1738425600,0.046662,0.052801,0.045417,0.051104,4516522740.0
1738454400,0.051097,0.054474,0.046358,0.04767,2907886937.0
1738483200,0.047669,0.04797,0.040436,0.040549,2561474195.0
1738512000,0.040555,0.041843,0.037745,0.039857,3115213113.0
1738540800,0.039864,0.039865,0.030416,0.034224,3932063534.0
1738569600,0.034225,0.036705,0.03254,0.035597,2659312129.0
1738598400,0.035597,0.047478,0.035374,0.042443,3265011366.0
1738627200,0.042444,0.044465,0.03593,0.036558,1881573689.0
1738656000,0.036556,0.043493,0.03633,0.04063,2266380972.0
1738684800,0.040629,0.044225,0.037639,0.038375,2258885561.0
1738713600,0.038376,0.041089,0.037282,0.038379,1469626995.0
1738742400,0.038374,0.039294,0.037197,0.037568,1375616637.0
1738771200,0.037567,0.037971,0.035512,0.036094,1270329229.0
1738800000,0.036097,0.036579,0.034614,0.034914,978907012.0
1738828800,0.034914,0.035526,0.031938,0.032142,1227431925.0
1738857600,0.032143,0.03361,0.031728,0.032166,987673731.0
1738886400,0.032166,0.032809,0.031111,0.031784,817779663.0
1738915200,0.031781,0.034071,0.031627,0.032561,1492593482.0
1738944000,0.032565,0.032783,0.029887,0.030543,1109496878.0
1738972800,0.030542,0.031276,0.030025,0.031005,619373793.0
1739001600,0.031005,0.031332,0.0303,0.030623,579052775.0
1739030400,0.03062,0.031465,0.029782,0.030136,635687349.0
1739059200,0.030136,0.030936,0.029434,0.030772,719131414.0
1739088000,0.030773,0.031212,0.02868,0.029502,710237824.0
1739116800,0.029502,0.029703,0.027155,0.028613,655831568.0
1739145600,0.028614,0.029943,0.028013,0.029569,618526860.0
1739174400,0.029569,0.029954,0.028671,0.029016,420790518.0
1739203200,0.02902,0.029495,0.02857,0.029146,418890497.0
1739232000,0.029146,0.030485,0.02871,0.030123,626749084.0
1739260800,0.030123,0.030294,0.027689,0.02781,564974161.0
1739289600,0.027813,0.02784,0.026446,0.026999,577365714.0
1739318400,0.026999,0.027298,0.025925,0.02608,451360864.0
1739347200,0.026085,0.026999,0.02525,0.026334,753641908.0
1739376000,0.026339,0.027357,0.025799,0.027093,467891249.0
1739404800,0.027094,0.02714,0.025166,0.02561,515195565.0
1739433600,0.025611,0.025988,0.025102,0.02526,442688475.0
1739462400,0.025259,0.026326,0.024902,0.02579,374342632.0
1739491200,0.025788,0.026138,0.025527,0.025993,274700967.0
1739520000,0.025994,0.026582,0.025545,0.026029,400692230.0
1739548800,0.026029,0.026726,0.025215,0.025871,413944088.0
1739577600,0.025876,0.026188,0.025183,0.025248,256213911.0
1739606400,0.025247,0.02549,0.02436,0.024698,328660144.0
1739635200,0.024698,0.025073,0.024427,0.024757,232675138.0
1739664000,0.024758,0.025268,0.0244,0.025103,199187046.0
1739692800,0.025104,0.030222,0.025054,0.02719,3524620912.0
1739721600,0.027189,0.028689,0.026472,0.026626,1509893618.0
1739750400,0.026626,0.02759,0.025639,0.025709,967001179.0
1739779200,0.025711,0.026683,0.025394,0.025437,727188131.0
1739808000,0.025437,0.032267,0.024924,0.029624,3392936242.0
1739836800,0.029623,0.034048,0.029593,0.033202,4278635231.0
1739865600,0.033202,0.03664,0.032184,0.036168,7140296383.0
1739894400,0.036168,0.037438,0.033847,0.036181,7198782193.0
1739923200,0.036189,0.03729,0.034203,0.035125,4039161770.0
1739952000,0.035119,0.037,0.034076,0.03503,2930519663.0
1739980800,0.03503,0.036163,0.033196,0.034381,2260142630.0
1740009600,0.034382,0.034913,0.0331,0.034234,1283749763.0
1740038400,0.034233,0.036739,0.0336,0.034279,2144830124.0
1740067200,0.034279,0.040116,0.034055,0.037671,3029163834.0
1740096000,0.03767,0.038849,0.035909,0.036287,1525905455.0
1740124800,0.036287,0.036935,0.035364,0.035701,1121118447.0
1740153600,0.035701,0.036601,0.034217,0.034693,1128523094.0
1740182400,0.034695,0.034695,0.033362,0.033378,556241092.0
1740211200,0.033378,0.034271,0.033017,0.033418,559619477.0
1740240000,0.033418,0.03415,0.033237,0.033619,405683134.0
1740268800,0.033619,0.03383,0.033127,0.033494,280499333.0
1740297600,0.033494,0.033569,0.031692,0.031744,516738187.0
1740326400,0.031746,0.031972,0.031064,0.031648,427016068.0
1740355200,0.031649,0.032062,0.030744,0.0311,385538992.0
1740384000,0.0311,0.031201,0.028906,0.029077,565197849.0
1740412800,0.029079,0.029875,0.027301,0.028278,641034766.0
1740441600,0.028277,0.028616,0.026908,0.02779,678611217.0
1740470400,0.027795,0.031022,0.027654,0.029943,1042988082.0
1740499200,0.029951,0.030975,0.028701,0.030337,754660792.0
1740528000,0.030337,0.032738,0.029882,0.032406,483859822.0
1740556800,0.032411,0.034053,0.031171,0.031948,1674604772.0
1740585600,0.031944,0.032205,0.030462,0.031596,707489266.0
1740614400,0.031594,0.032326,0.030941,0.031697,387230080.0
1740643200,0.031697,0.031806,0.030219,0.030529,441911837.0
1740672000,0.030529,0.03073,0.029507,0.030034,394289095.0
1740700800,0.030034,0.030441,0.029064,0.029464,785803672.0
1740729600,0.029465,0.031898,0.029034,0.031169,640655382.0
1740758400,0.031168,0.03229,0.030871,0.032005,426528828.0
1740787200,0.032005,0.03223,0.030321,0.030371,417347428.0
1740816000,0.030372,0.030621,0.029289,0.029487,292924814.0
1740844800,0.029488,0.03025,0.029339,0.029816,280988603.0
1740873600,0.029817,0.029897,0.029138,0.029372,186111317.0
1740902400,0.029373,0.029821,0.028527,0.029132,444737862.0
1740931200,0.029133,0.031533,0.028865,0.031286,718945192.0
1740960000,0.031284,0.031379,0.028472,0.029115,443439325.0
1740988800,0.029116,0.029121,0.0275,0.027761,456262243.0
1741017600,0.027764,0.028241,0.026254,0.026438,561102713.0
1741046400,0.026439,0.026576,0.024915,0.026092,459298272.0
1741075200,0.026093,0.02653,0.025076,0.025935,403069984.0
1741104000,0.025933,0.027183,0.0249,0.026842,408273763.0
1741132800,0.026842,0.026892,0.025941,0.026246,174056169.0
1741161600,0.026246,0.027126,0.025948,0.026155,246236106.0
1741190400,0.026154,0.026664,0.025835,0.026332,177271643.0
1741219200,0.026331,0.026877,0.025891,0.026143,188704639.0
1741248000,0.026142,0.026467,0.02562,0.026039,182228034.0
1741276800,0.026041,0.026115,0.024274,0.024547,361140260.0
1741305600,0.024547,0.024975,0.023721,0.024715,320628750.0
1741334400,0.024718,0.025337,0.024502,0.025148,220427135.0
1741363200,0.025147,0.026192,0.024511,0.025632,687393679.0
1741392000,0.025631,0.02606,0.024848,0.024869,200894345.0
1741420800,0.024869,0.025633,0.024324,0.025021,317747920.0
1741449600,0.025021,0.025329,0.024524,0.024793,205694686.0
1741478400,0.024794,0.02504,0.02414,0.024469,119055806.0
1741507200,0.024468,0.024556,0.022872,0.023004,273140986.0
1741536000,0.023003,0.023148,0.021645,0.022184,440458098.0
1741564800,0.022186,0.023607,0.022036,0.023561,274241798.0
1741593600,0.023562,0.024627,0.022637,0.023071,592854040.0
1741622400,0.023073,0.023259,0.021149,0.02166,532620983.0
1741651200,0.021659,0.022694,0.020275,0.022467,416926399.0
1741680000,0.022468,0.023256,0.021708,0.022667,407191180.0
1741708800,0.022668,0.023596,0.022373,0.023006,286704037.0
1741737600,0.023006,0.023422,0.022247,0.022796,200565344.0
1741766400,0.022795,0.024224,0.022636,0.023118,408193225.0
1741795200,0.023118,0.023669,0.022933,0.023313,226449404.0
1741824000,0.023312,0.023792,0.022946,0.023349,187034890.0
1741852800,0.023349,0.023997,0.022809,0.022907,323913230.0
1741881600,0.022906,0.02303,0.022029,0.022634,201884848.0
1741910400,0.022636,0.023271,0.022576,0.023029,153569035.0
1741939200,0.023025,0.023609,0.022779,0.02336,247729929.0
1741968000,0.023362,0.023414,0.02285,0.023095,172007384.0
1741996800,0.023094,0.023401,0.022837,0.022967,159307071.0
1742025600,0.022966,0.02333,0.022815,0.023038,180815196.0
1742054400,0.023038,0.023585,0.022867,0.023355,197040280.0
1742083200,0.023352,0.023993,0.022861,0.02375,213535674.0
1742112000,0.023747,0.023869,0.022207,0.022583,281606932.0
1742140800,0.022582,0.02307,0.022014,0.022237,193224878.0
1742169600,0.022234,0.023131,0.022209,0.022985,147647687.0
1742198400,0.022983,0.02361,0.022736,0.023276,243002401.0
1742227200,0.023275,0.023476,0.023064,0.023204,163191034.0
1742256000,0.023207,0.023364,0.022634,0.022939,169147061.0
1742284800,0.022938,0.0236,0.022402,0.022445,224000039.0
1742313600,0.022444,0.022737,0.02179,0.022642,228192818.0
1742342400,0.022641,0.022994,0.022441,0.022641,181552799.0
1742371200,0.022642,0.02375,0.022449,0.023184,368000680.0
1742400000,0.023185,0.023512,0.0226,0.023406,228165928.0
1742428800,0.023408,0.023538,0.023036,0.023293,118866294.0
1742457600,0.023293,0.023367,0.022634,0.022653,155977139.0
1742486400,0.02265,0.02442,0.022358,0.024315,422924423.0
1742515200,0.024315,0.026516,0.024251,0.025771,1405381001.0
1742544000,0.025771,0.029,0.025123,0.027138,2217329138.0
1742572800,0.027138,0.028483,0.026167,0.027463,1323522679.0
1742601600,0.027463,0.027966,0.026514,0.02705,640488680.0
1742630400,0.027049,0.028315,0.026713,0.027327,877363345.0
1742659200,0.027326,0.028187,0.027069,0.027318,502215740.0
1742688000,0.027318,0.028929,0.026891,0.027927,637504637.0
1742716800,0.027927,0.028797,0.027143,0.027188,662832002.0
1742745600,0.027189,0.027222,0.026031,0.026278,457636898.0
1742774400,0.026275,0.026863,0.025348,0.026727,611049254.0
1742803200,0.02673,0.027109,0.026156,0.026418,417321357.0
1742832000,0.026418,0.026986,0.026295,0.026582,218718054.0
1742860800,0.026582,0.026904,0.026069,0.026354,204918288.0
1742889600,0.026355,0.026929,0.026108,0.026385,255713833.0
1742918400,0.026385,0.027857,0.026385,0.02726,412873675.0
1742947200,0.02726,0.02728,0.026238,0.026576,213540078.0
1742976000,0.026576,0.026949,0.025492,0.02572,306470186.0
1743004800,0.025719,0.025926,0.025315,0.025696,199533721.0
1743033600,0.025696,0.026174,0.025581,0.025669,146496785.0
1743062400,0.025669,0.02572,0.0247,0.025306,267785503.0
1743091200,0.025305,0.025655,0.025191,0.025274,128548797.0
1743120000,0.025272,0.025586,0.023851,0.023878,207663831.0
1743148800,0.023878,0.024133,0.023262,0.023294,226042806.0
1743177600,0.023293,0.023848,0.023056,0.023586,176838166.0
1743206400,0.023586,0.023838,0.022806,0.022893,136885519.0
1743235200,0.02289,0.023214,0.021624,0.021829,343162493.0
1743264000,0.021832,0.021961,0.021412,0.021744,161625954.0
1743292800,0.021745,0.022342,0.021437,0.022164,158494945.0
1743321600,0.022164,0.022277,0.021603,0.021963,187601987.0
1743350400,0.021966,0.022419,0.021631,0.021917,159473747.0
1743379200,0.021918,0.022208,0.021451,0.021598,176899179.0
1743408000,0.0216,0.022083,0.021164,0.021718,299543517.0
1743436800,0.021711,0.021997,0.021231,0.021453,117575593.0
1743465600,0.021455,0.022006,0.021341,0.021919,104673332.0
1743494400,0.02192,0.022527,0.021606,0.022287,301758469.0
1743523200,0.022289,0.022425,0.021665,0.022055,131455763.0
1743552000,0.022053,0.022102,0.020938,0.021362,177501377.0
1743580800,0.021358,0.022192,0.021096,0.021957,234470951.0
1743609600,0.021959,0.022166,0.020007,0.020341,384235938.0
1743638400,0.020348,0.021288,0.020255,0.02123,165657334.0
1743667200,0.02123,0.021581,0.019905,0.020201,380778869.0
1743696000,0.020201,0.02116,0.020042,0.020993,208248495.0
1743724800,0.020996,0.021329,0.020505,0.021195,197441682.0
1743753600,0.021196,0.022043,0.020123,0.021147,389341913.0
1743782400,0.021148,0.021563,0.021068,0.021316,138891864.0
1743811200,0.021318,0.02169,0.021276,0.0215,87234527.0
1743840000,0.02151,0.021992,0.021159,0.021234,181915727.0
1743868800,0.021235,0.021351,0.020963,0.021206,96488641.0
1743897600,0.021205,0.021686,0.021078,0.021114,154973571.0
1743926400,0.021113,0.021421,0.02034,0.020607,195069108.0
1743955200,0.020606,0.020679,0.018217,0.018616,530761375.0
1743984000,0.018617,0.019248,0.017111,0.01777,478367980.0
1744012800,0.017771,0.019982,0.017672,0.019193,608483578.0
1744041600,0.019188,0.019464,0.018718,0.019204,210128985.0
1744070400,0.019206,0.019726,0.018901,0.019102,140729237.0
1744099200,0.0191,0.019572,0.018785,0.019001,193165501.0
1744128000,0.019001,0.019011,0.017847,0.01794,275651788.0
1744156800,0.017943,0.018717,0.017214,0.018658,253564665.0
1744185600,0.018659,0.018878,0.018075,0.018572,228437302.0
1744214400,0.018571,0.020418,0.018538,0.020126,507658195.0
1744243200,0.020127,0.020174,0.019382,0.019499,146112754.0
1744272000,0.019499,0.020077,0.018884,0.019044,342621561.0
1744300800,0.019043,0.019546,0.018905,0.019454,165342704.0
1744329600,0.019453,0.02013,0.019257,0.019993,145274567.0
1744358400,0.019994,0.020403,0.01984,0.020031,244613333.0
1744387200,0.020033,0.02232,0.019973,0.021864,617840514.0
1744416000,0.021863,0.023164,0.021351,0.021727,563892893.0
1744444800,0.021728,0.023073,0.02172,0.02272,420117396.0
1744473600,0.022717,0.022974,0.022451,0.022753,253402878.0
1744502400,0.022751,0.022936,0.02164,0.02175,225728926.0
1744531200,0.021754,0.022114,0.021093,0.021279,300216378.0
1744560000,0.021276,0.022031,0.020837,0.021058,383783801.0
1744588800,0.021056,0.02284,0.020787,0.021042,194903775.0
1744617600,0.021049,0.02171,0.020832,0.020964,373490423.0
1744646400,0.020963,0.027732,0.02088,0.02732,2220019952.0
1744675200,0.027311,0.028374,0.02625,0.027868,2013622323.0
1744704000,0.027867,0.0292,0.026823,0.02852,2507497088.0
1744732800,0.028516,0.029159,0.027834,0.028206,1715091669.0
1744761600,0.028208,0.028813,0.0269,0.027377,954037349.0
1744790400,0.027378,0.028742,0.027191,0.027947,1034045168.0
1744819200,0.027937,0.028003,0.025989,0.026194,703695462.0
1744848000,0.026189,0.026415,0.025195,0.025478,426781088.0
1744876800,0.025483,0.026211,0.024744,0.024892,421228321.0
1744905600,0.024893,0.025368,0.024493,0.024513,276929282.0
1744934400,0.024512,0.0252,0.023502,0.02495,442672870.0
1744963200,0.024958,0.025746,0.024731,0.024956,403114770.0
1744992000,0.024953,0.025394,0.024609,0.024814,241084288.0
1745020800,0.024814,0.0249,0.023809,0.02486,254901631.0
1745049600,0.02486,0.025101,0.024124,0.024473,207112098.0
1745078400,0.024471,0.025594,0.024463,0.024732,298301722.0
1745107200,0.024732,0.025044,0.024325,0.024625,207299153.0
1745136000,0.024625,0.024972,0.024137,0.024302,212407520.0
1745164800,0.024306,0.028332,0.024138,0.027817,1050781791.0
1745193600,0.027807,0.029907,0.026735,0.026916,1160191404.0
1745222400,0.026912,0.028136,0.026423,0.026634,557087725.0
1745251200,0.026632,0.026711,0.025271,0.025464,303818557.0
1745280000,0.025462,0.02608,0.025255,0.025851,270087513.0
1745308800,0.025845,0.027408,0.025613,0.027266,362160152.0
1745337600,0.027264,0.02741,0.026609,0.027169,247750249.0
1745366400,0.027173,0.027731,0.026914,0.027314,191935887.0
1745395200,0.027314,0.028672,0.026817,0.027417,445213554.0
1745424000,0.02742,0.027596,0.026444,0.027028,228829635.0
1745452800,0.02703,0.027276,0.026135,0.026964,197319830.0
1745481600,0.026969,0.027704,0.02646,0.027358,254605866.0
1745510400,0.027351,0.027602,0.026064,0.027249,233989858.0
1745539200,0.027246,0.027619,0.026663,0.027579,174239725.0
1745568000,0.02757,0.028035,0.026925,0.027531,280029631.0
1745596800,0.027528,0.027702,0.026931,0.02735,170206582.0
1745625600,0.027351,0.028577,0.027351,0.027884,180343297.0
1745654400,0.027883,0.028138,0.026739,0.027177,225694657.0
1745683200,0.027182,0.030492,0.026668,0.030297,548837359.0
1745712000,0.030284,0.030368,0.028027,0.028433,425116690.0
1745740800,0.028433,0.028524,0.02711,0.027303,263265294.0
1745769600,0.027294,0.027917,0.026781,0.026845,253325359.0
1745798400,0.026849,0.027734,0.025672,0.027622,325420738.0
1745827200,0.027627,0.027884,0.02648,0.02673,263114667.0
1745856000,0.026731,0.0271,0.02642,0.027012,153772705.0
1745884800,0.027009,0.02785,0.026906,0.02738,167256166.0
1745913600,0.027382,0.027397,0.026576,0.02728,171463889.0
1745942400,0.027283,0.027937,0.026216,0.026651,207614787.0
1745971200,0.02665,0.027105,0.026147,0.026347,108969999.0
1746000000,0.026347,0.026936,0.024717,0.025618,231510482.0
1746028800,0.025617,0.027598,0.025174,0.027106,349044429.0
1746057600,0.027106,0.027933,0.026806,0.027528,157956315.0
1746086400,0.027529,0.028137,0.02716,0.027508,170112924.0
1746115200,0.027503,0.02954,0.027435,0.027772,444886486.0
1746144000,0.027771,0.028179,0.027093,0.027148,191441005.0
1746172800,0.027148,0.027671,0.026907,0.027158,203347333.0
1746201600,0.027167,0.027401,0.026836,0.027047,117711518.0
1746230400,0.027049,0.027145,0.026341,0.026429,98111785.0
1746259200,0.026435,0.026538,0.025898,0.026408,142333064.0
1746288000,0.026411,0.026415,0.025319,0.025987,173388554.0
1746316800,0.025991,0.026312,0.025494,0.025701,119177420.0
1746345600,0.025704,0.025765,0.025127,0.025347,123535891.0
1746374400,0.025346,0.025383,0.024771,0.024996,119548916.0
1746403200,0.024998,0.025626,0.024551,0.025528,114250294.0
1746432000,0.025529,0.025569,0.024744,0.024895,113019672.0
1746460800,0.024896,0.025486,0.024723,0.025034,83874824.0
1746489600,0.025039,0.025231,0.024644,0.024681,91938998.0
1746518400,0.024678,0.024824,0.023961,0.024478,201450647.0
1746547200,0.024475,0.02482,0.023736,0.024732,137860085.0
1746576000,0.024731,0.025115,0.024336,0.024752,130223692.0
1746604800,0.024752,0.025041,0.024301,0.024346,124638472.0
1746633600,0.024349,0.024676,0.023993,0.024634,164759694.0
1746662400,0.024638,0.02589,0.024631,0.025772,169446787.0
1746691200,0.025768,0.02681,0.025712,0.02651,224930100.0
1746720000,0.026516,0.0276,0.026468,0.027503,223600600.0
1746748800,0.027504,0.028817,0.027274,0.028493,178277276.0
1746777600,0.02849,0.029356,0.027745,0.02812,275837090.0
1746806400,0.028124,0.029661,0.027524,0.029242,372820910.0
1746835200,0.029252,0.03,0.028818,0.029623,189996023.0
1746864000,0.029622,0.029844,0.028639,0.028854,185706366.0
1746892800,0.028856,0.030834,0.028783,0.030692,236103723.0
1746921600,0.030688,0.030797,0.028648,0.028915,213052548.0
1746950400,0.028934,0.02978,0.028507,0.028824,197341641.0
1746979200,0.028829,0.029193,0.028408,0.028743,180841857.0
1747008000,0.028745,0.031175,0.02867,0.03041,282438217.0
1747036800,0.030418,0.030648,0.028674,0.028987,335784305.0
1747065600,0.02897,0.030084,0.027602,0.029137,319252035.0
1747094400,0.029139,0.029185,0.027268,0.028278,221718883.0
1747123200,0.02828,0.02898,0.028001,0.028758,176576863.0
1747152000,0.028756,0.029904,0.02874,0.029541,230699963.0
1747180800,0.029543,0.02969,0.028646,0.028805,203227380.0
1747209600,0.028811,0.029057,0.027902,0.02833,291349270.0
1747238400,0.028332,0.028415,0.027566,0.027808,178899305.0
1747267200,0.027812,0.028134,0.02584,0.02586,290505032.0
1747296000,0.025862,0.026562,0.0254,0.026495,325747628.0
1747324800,0.026487,0.027083,0.025596,0.026213,238646358.0
1747353600,0.026211,0.027021,0.026035,0.026981,181681206.0
1747382400,0.02698,0.027118,0.0261,0.026356,278268203.0
1747411200,0.026362,0.026683,0.025276,0.025387,191299860.0
1747440000,0.025386,0.025469,0.024561,0.024953,214260876.0
1747468800,0.024944,0.025219,0.024562,0.024972,148539477.0
1747497600,0.024971,0.025009,0.024269,0.024596,209491582.0
1747526400,0.024596,0.025189,0.0244,0.02516,130120198.0
1747555200,0.025162,0.026135,0.024807,0.026015,246508020.0
1747584000,0.026022,0.02607,0.02385,0.025605,357169985.0
1747612800,0.025616,0.025704,0.024041,0.024424,222184321.0
1747641600,0.024424,0.024912,0.023943,0.024654,221793093.0
1747670400,0.024653,0.025423,0.024494,0.024882,211386988.0
1747699200,0.024885,0.025388,0.024642,0.024742,168505858.0
1747728000,0.024738,0.024775,0.024042,0.024372,168177041.0
1747756800,0.024373,0.024939,0.023839,0.024708,203311842.0
1747785600,0.024709,0.025243,0.024322,0.024728,164115637.0
1747814400,0.024731,0.025273,0.024396,0.025262,193057309.0
1747843200,0.025263,0.025795,0.024318,0.025114,316063520.0
1747872000,0.025116,0.025761,0.025084,0.025537,148914528.0
1747900800,0.025537,0.026328,0.025456,0.026098,222086725.0
1747929600,0.026104,0.026904,0.026001,0.026658,296486865.0
1747958400,0.026663,0.027096,0.026149,0.026326,251303606.0
1747987200,0.026328,0.02698,0.024454,0.025307,451466975.0
1748016000,0.025301,0.025433,0.024114,0.024265,199603405.0
1748044800,0.024264,0.024966,0.02411,0.024708,123136846.0
1748073600,0.024708,0.025048,0.024437,0.024674,193445024.0
1748102400,0.024675,0.024802,0.024149,0.024377,217449678.0
1748131200,0.024379,0.024452,0.02308,0.023343,280677388.0
1748160000,0.023338,0.023483,0.022793,0.023184,270678342.0
1748188800,0.023183,0.023922,0.022878,0.02384,148568444.0
1748217600,0.023843,0.024464,0.02372,0.024262,199346766.0
1748246400,0.024266,0.024309,0.023618,0.024007,156375125.0
1748275200,0.02401,0.024135,0.023406,0.023655,134714579.0
1748304000,0.023657,0.02415,0.023091,0.023986,156605397.0
1748332800,0.023989,0.024463,0.023756,0.024146,171505412.0
1748361600,0.024152,0.024382,0.023819,0.02401,106059140.0
1748390400,0.024011,0.024268,0.023787,0.023843,103604244.0
1748419200,0.023847,0.024287,0.023294,0.023357,195336686.0
1748448000,0.023356,0.023775,0.023039,0.023713,182599968.0
1748476800,0.023711,0.024266,0.023416,0.023668,195523476.0
1748505600,0.023668,0.023932,0.023167,0.023359,156070512.0
1748534400,0.023359,0.02347,0.022689,0.022843,154066711.0
1748563200,0.022843,0.022973,0.021059,0.021881,418005494.0
1748592000,0.021879,0.022649,0.021529,0.022086,415293531.0
1748620800,0.022087,0.022183,0.020682,0.021,266284864.0
1748649600,0.020998,0.021318,0.020482,0.021248,268989556.0
1748678400,0.021249,0.021685,0.020907,0.021449,166761549.0
1748707200,0.021452,0.022167,0.021373,0.021836,157638771.0
1748736000,0.021837,0.021843,0.021428,0.021637,103455316.0
1748764800,0.021635,0.02194,0.021092,0.021802,165491522.0
1748793600,0.021799,0.02214,0.02165,0.022034,127744649.0
1748822400,0.022034,0.022139,0.021607,0.021851,100279339.0
1748851200,0.021852,0.022029,0.021544,0.021782,195140087.0
1748880000,0.021783,0.022208,0.021365,0.022089,146329736.0
1748908800,0.022091,0.022378,0.021859,0.022054,89240226.0
1748937600,0.022045,0.02236,0.021881,0.022268,93452337.0
1748966400,0.022272,0.022362,0.021667,0.021867,92944262.0
1748995200,0.021865,0.022155,0.021715,0.021755,91895640.0
1749024000,0.021755,0.021887,0.02121,0.021648,140558025.0
1749052800,0.021651,0.021675,0.02098,0.021074,86411879.0
1749081600,0.02107,0.02122,0.020666,0.020971,98451446.0
1749110400,0.020977,0.021293,0.0208,0.021119,111464511.0
1749139200,0.021121,0.021152,0.019409,0.019664,360069516.0
1749168000,0.01966,0.020216,0.019521,0.02016,92985423.0
1749196800,0.020155,0.020768,0.020137,0.020604,138111294.0
1749225600,0.020605,0.02069,0.020181,0.020371,95410217.0
1749254400,0.020372,0.020886,0.02027,0.020821,89408474.0
1749283200,0.020823,0.021181,0.020737,0.020934,123808090.0
1749312000,0.020936,0.021185,0.02076,0.021067,92851143.0
1749340800,0.021069,0.021159,0.020814,0.020843,62718750.0
1749369600,0.020843,0.0212,0.020696,0.0209,117625046.0
1749398400,0.020901,0.021098,0.020439,0.020533,122299374.0
1749427200,0.02053,0.020638,0.020226,0.020463,65859152.0
1749456000,0.020461,0.021303,0.020328,0.020869,232788893.0
1749484800,0.020863,0.021677,0.020859,0.021652,157636656.0
1749513600,0.02165,0.021776,0.021111,0.021433,110575056.0
1749542400,0.021438,0.022188,0.021085,0.021753,208004375.0
1749571200,0.021757,0.022208,0.021515,0.02214,153951747.0
1749600000,0.022143,0.022218,0.021623,0.021729,83913584.0
1749628800,0.021734,0.022045,0.021219,0.021976,133152171.0
1749657600,0.021978,0.021993,0.020664,0.020971,146572642.0
1749686400,0.020971,0.021141,0.02035,0.020484,168010365.0
1749715200,0.020474,0.020615,0.02004,0.020171,152876197.0
1749744000,0.020172,0.020884,0.019733,0.019936,276899834.0
1749772800,0.019937,0.019937,0.018217,0.01875,390360242.0
1749801600,0.018747,0.019089,0.018456,0.018922,178932393.0
1749830400,0.018924,0.019283,0.018615,0.019083,167414826.0
1749859200,0.019087,0.019124,0.01868,0.018876,101667461.0
1749888000,0.018873,0.019151,0.018648,0.018771,79067292.0
1749916800,0.018777,0.01885,0.01823,0.018779,126832091.0
1749945600,0.018779,0.019275,0.018746,0.01891,66767771.0
1749974400,0.018904,0.019328,0.018803,0.019181,104167734.0
1750003200,0.019181,0.019452,0.018813,0.019245,146397614.0
1750032000,0.019246,0.019828,0.018954,0.019671,110654837.0
1750060800,0.01968,0.020177,0.019569,0.019968,151684541.0
1750089600,0.01997,0.02018,0.019169,0.019246,155824154.0
1750118400,0.019247,0.01955,0.018768,0.019077,151774153.0
1750147200,0.019079,0.019168,0.018511,0.018675,172167246.0
1750176000,0.018675,0.019064,0.018289,0.018745,146151327.0
1750204800,0.018746,0.019345,0.018668,0.019314,109957328.0
1750233600,0.019313,0.0197,0.018438,0.018955,572141547.0
1750262400,0.018954,0.019835,0.018834,0.019509,355149500.0
1750291200,0.019506,0.019819,0.019196,0.019523,121707318.0
1750320000,0.01952,0.02017,0.01951,0.020049,372256371.0
1750348800,0.020048,0.020226,0.019653,0.019976,234160637.0
1750377600,0.019975,0.020058,0.019581,0.020042,132968368.0
1750406400,0.020048,0.020178,0.019321,0.019398,194865920.0
1750435200,0.019403,0.019468,0.01865,0.019282,220112757.0
1750464000,0.019281,0.019522,0.019187,0.019378,62683224.0
1750492800,0.01938,0.019561,0.018679,0.018866,170693120.0
1750521600,0.018865,0.019015,0.017739,0.018242,286215774.0
1750550400,0.01824,0.018402,0.017729,0.018041,157222092.0
1750579200,0.018041,0.018076,0.0168,0.017024,386581259.0
1750608000,0.01702,0.01771,0.0165,0.017699,275702782.0
1750636800,0.017698,0.018061,0.017623,0.017934,112602357.0
1750665600,0.017935,0.018246,0.017637,0.017758,200952549.0
1750694400,0.017758,0.019153,0.017356,0.019108,301872999.0
1750723200,0.019107,0.019529,0.018948,0.019188,169443033.0
1750752000,0.019187,0.019298,0.018861,0.018955,153409786.0
1750780800,0.018955,0.019305,0.018359,0.018795,211760057.0
1750809600,0.018803,0.018841,0.018375,0.018591,98897037.0
1750838400,0.01859,0.018805,0.018132,0.018204,235524029.0
1750867200,0.0182,0.018409,0.018001,0.018082,106239404.0
1750896000,0.018083,0.018434,0.017759,0.01826,171468527.0
1750924800,0.018261,0.018403,0.017721,0.017904,165520483.0
1750953600,0.017901,0.018299,0.017776,0.017982,119635050.0
1750982400,0.017981,0.018323,0.017727,0.017908,112501164.0
1751011200,0.017912,0.01815,0.017744,0.018105,132234882.0
1751040000,0.018107,0.018331,0.017742,0.018112,123073555.0
1751068800,0.018115,0.018164,0.01791,0.018111,64989118.0
1751097600,0.018115,0.018174,0.01793,0.018157,57746633.0
1751126400,0.018159,0.018428,0.018105,0.018358,62096131.0
1751155200,0.018359,0.018524,0.018156,0.018524,77423548.0
1751184000,0.018527,0.018752,0.018258,0.018307,100809096.0
1751212800,0.018301,0.019251,0.018185,0.019143,138127664.0
1751241600,0.019145,0.01919,0.018496,0.01871,100910863.0
1751270400,0.018711,0.018746,0.018167,0.018424,112091368.0
1751299200,0.018418,0.018808,0.01835,0.018368,108108439.0
1751328000,0.018369,0.018594,0.017812,0.018255,220037968.0
1751356800,0.018255,0.018305,0.017454,0.01757,228696253.0
1751385600,0.017572,0.017719,0.017337,0.01754,109818597.0
1751414400,0.01754,0.01794,0.01741,0.017809,87524709.0
1751443200,0.017811,0.018589,0.017811,0.01839,501510043.0
1751472000,0.018391,0.018924,0.018391,0.018681,290125193.0
1751500800,0.018681,0.019279,0.018573,0.019258,145638865.0
1751529600,0.019258,0.019296,0.018535,0.018586,239865860.0
1751558400,0.018587,0.019096,0.018541,0.018994,183995798.0
1751587200,0.018994,0.019023,0.018099,0.018186,163165298.0
1751616000,0.018184,0.018382,0.017858,0.017879,167157242.0
1751644800,0.017875,0.017962,0.01767,0.017885,103564265.0
1751673600,0.017886,0.018133,0.017844,0.018,54480776.0
1751702400,0.018,0.018011,0.017707,0.017795,68730833.0
1751731200,0.017792,0.017939,0.017567,0.017868,73512606.0
1751760000,0.01787,0.018267,0.017821,0.018128,92147330.0
1751788800,0.01813,0.01919,0.018077,0.018777,544876495.0
1751817600,0.018777,0.01918,0.01874,0.018941,268930900.0
1751846400,0.018941,0.019695,0.01894,0.019692,293431995.0
1751875200,0.019679,0.019679,0.018745,0.018939,315581781.0
1751904000,0.018935,0.019073,0.018564,0.018809,167297460.0
1751932800,0.018808,0.018847,0.018357,0.018593,157815312.0
1751961600,0.018594,0.018981,0.018477,0.018592,136969224.0
1751990400,0.018592,0.019144,0.018526,0.0189,131518302.0
1752019200,0.0189,0.019378,0.018724,0.019236,146909501.0
1752048000,0.019234,0.019428,0.019043,0.019211,204781528.0
1752076800,0.019211,0.019692,0.019056,0.019622,190509072.0
1752105600,0.01962,0.019767,0.019434,0.019677,100951943.0
1752134400,0.019675,0.02015,0.019467,0.019545,244690060.0
1752163200,0.019547,0.021589,0.019543,0.021344,499034547.0
1752192000,0.021349,0.021867,0.02092,0.021143,291312469.0
1752220800,0.021158,0.022434,0.021152,0.021809,285531990.0
1752249600,0.02181,0.022328,0.020705,0.021052,361042647.0
1752278400,0.021053,0.021522,0.020555,0.021196,130373255.0
1752307200,0.021196,0.021428,0.02021,0.02039,211703861.0
1752336000,0.020399,0.021035,0.020273,0.020973,80391547.0
1752364800,0.020974,0.021372,0.020822,0.021298,85995380.0
1752393600,0.021284,0.022064,0.021045,0.021559,147201474.0
1752422400,0.021558,0.021784,0.021,0.021259,146927235.0
1752451200,0.021257,0.022341,0.021158,0.022065,206026275.0
1752480000,0.022071,0.022205,0.02084,0.021062,276729463.0
1752508800,0.021061,0.021336,0.020615,0.021064,153036222.0
1752537600,0.021065,0.021246,0.020288,0.020549,146989867.0
1752566400,0.020554,0.021128,0.020281,0.020784,177980282.0
1752595200,0.020788,0.021598,0.020669,0.02156,175731011.0
1752624000,0.021558,0.021666,0.020963,0.02156,135856500.0
1752652800,0.021559,0.021681,0.021155,0.021402,196227530.0
1752681600,0.021403,0.0225,0.021339,0.021861,380462263.0
1752710400,0.02186,0.022269,0.0213,0.0222,226135535.0
1752739200,0.0222,0.024081,0.021943,0.023126,858927371.0
1752768000,0.023124,0.023145,0.02198,0.022827,511826311.0
1752796800,0.022832,0.024261,0.022786,0.023526,359031011.0
1752825600,0.023543,0.023894,0.0224,0.022674,342952587.0
1752854400,0.022676,0.023048,0.021815,0.022508,272103215.0
1752883200,0.02251,0.022912,0.021989,0.02249,130665140.0
1752912000,0.022491,0.02261,0.021713,0.022009,154861759.0
1752940800,0.022006,0.022723,0.021909,0.022571,141187803.0
1752969600,0.022571,0.025948,0.022414,0.024352,950793912.0
1752998400,0.024358,0.027074,0.024289,0.027024,1180072250.0
1753027200,0.027025,0.031753,0.026156,0.027012,3210704069.0
1753056000,0.027013,0.028305,0.02576,0.027227,1072763599.0
1753084800,0.027227,0.02764,0.026262,0.026522,656703440.0
1753113600,0.02651,0.026669,0.025537,0.02596,541918396.0
1753142400,0.025958,0.026033,0.02422,0.024689,496651727.0
1753171200,0.024687,0.025379,0.024318,0.025152,456761677.0
1753200000,0.025156,0.025577,0.024636,0.025399,312544034.0
1753228800,0.025397,0.025415,0.024776,0.024831,257781272.0
1753257600,0.024834,0.025148,0.023006,0.023992,455401489.0
1753286400,0.023987,0.024022,0.022281,0.023085,394352459.0
1753315200,0.023088,0.023274,0.021121,0.02203,382626400.0
1753344000,0.02202,0.022866,0.021854,0.0225,410320133.0
1753372800,0.022505,0.02252,0.02165,0.02174,180700637.0
1753401600,0.02174,0.021913,0.021043,0.021496,283530753.0
1753430400,0.021492,0.022159,0.021001,0.021315,277813006.0
1753459200,0.021315,0.022282,0.021209,0.022246,162597737.0
1753488000,0.022247,0.022945,0.022119,0.022877,221157398.0
1753516800,0.022871,0.023329,0.022569,0.02293,360603012.0
1753545600,0.02293,0.023336,0.022785,0.022797,191582162.0
1753574400,0.022794,0.023231,0.022733,0.022987,138566096.0
1753603200,0.022987,0.023208,0.022655,0.022968,166899930.0
1753632000,0.022969,0.023467,0.022969,0.0234,167126996.0
1753660800,0.023401,0.0239,0.02305,0.023726,169802305.0
1753689600,0.023723,0.023812,0.022724,0.022904,236413705.0
1753718400,0.022905,0.022951,0.022106,0.022418,233944837.0
1753747200,0.02242,0.025052,0.021925,0.02434,1444993906.0
1753776000,0.024345,0.024842,0.022442,0.022678,1272175589.0
1753804800,0.02268,0.022853,0.022012,0.02246,328522074.0
1753833600,0.02246,0.022467,0.021823,0.022068,234211048.0
1753862400,0.022067,0.022374,0.02112,0.022102,512017056.0
1753891200,0.022104,0.022863,0.021,0.02267,445605290.0
1753920000,0.022672,0.022976,0.022523,0.022681,235545631.0
1753948800,0.022686,0.02293,0.02172,0.021967,381969756.0
1753977600,0.021976,0.022233,0.021098,0.02121,249967049.0
1754006400,0.02121,0.021664,0.020527,0.020994,344726554.0
1754035200,0.020989,0.02117,0.020313,0.020958,326724851.0
1754064000,0.020954,0.021123,0.01988,0.020559,325671396.0
1754092800,0.020559,0.020728,0.020024,0.020445,153434372.0
1754121600,0.020442,0.020462,0.019557,0.019663,245534049.0
1754150400,0.019664,0.020031,0.019306,0.019828,314089642.0
1754179200,0.01983,0.02044,0.01963,0.020225,274154292.0
1754208000,0.020224,0.020449,0.020007,0.020307,237174421.0
1754236800,0.020308,0.020712,0.020232,0.020588,148852505.0
1754265600,0.020589,0.020971,0.02055,0.020746,140509981.0
1754294400,0.020744,0.021048,0.020557,0.020936,164764959.0
1754323200,0.020936,0.021276,0.020812,0.020993,187786789.0
1754352000,0.020993,0.021032,0.020235,0.020324,174233373.0
1754380800,0.020322,0.021027,0.020157,0.020273,278469531.0
1754409600,0.020273,0.020431,0.019892,0.02041,148907552.0
1754438400,0.020411,0.020525,0.019852,0.020525,153998438.0
1754467200,0.020514,0.02068,0.020046,0.020647,183499153.0
1754496000,0.02065,0.020811,0.020431,0.020669,166190568.0
1754524800,0.020669,0.020753,0.020404,0.020624,160876046.0
1754553600,0.020623,0.021377,0.020579,0.021157,262092599.0
1754582400,0.021156,0.021512,0.020726,0.021499,221563851.0
1754611200,0.021495,0.021712,0.021251,0.02166,254856261.0
1754640000,0.02166,0.022297,0.021526,0.021693,417945459.0
1754668800,0.021694,0.022558,0.021678,0.022169,266487504.0
1754697600,0.022171,0.022781,0.022088,0.022554,236463226.0
1754726400,0.022554,0.022861,0.022285,0.022547,212286252.0
1754755200,0.022545,0.022902,0.022452,0.022625,184197090.0
1754784000,0.022623,0.023139,0.022196,0.022264,266350788.0
1754812800,0.022266,0.022685,0.021902,0.022576,246235858.0
1754841600,0.022575,0.023996,0.022518,0.023477,493249404.0
1754870400,0.023478,0.023807,0.022783,0.022857,278779417.0
1754899200,0.022857,0.023092,0.021909,0.02245,386188272.0
1754928000,0.02245,0.022722,0.021279,0.021456,278065175.0
1754956800,0.021455,0.022005,0.0213,0.021917,172891586.0
1754985600,0.021917,0.022677,0.021199,0.022637,312290222.0
1755014400,0.022636,0.023022,0.022481,0.022758,212793239.0
1755043200,0.022757,0.023082,0.022479,0.022932,199191249.0
1755072000,0.02293,0.023572,0.022831,0.023127,449255925.0
1755100800,0.023133,0.023645,0.023062,0.023541,170322748.0
1755129600,0.023543,0.023838,0.022912,0.023123,253403800.0
1755158400,0.023122,0.023131,0.021096,0.021628,671309350.0
1755187200,0.021626,0.021626,0.020832,0.021263,253839720.0
1755216000,0.021266,0.021804,0.021201,0.021728,132177632.0
1755244800,0.021726,0.021782,0.020632,0.020753,292763083.0
1755273600,0.020748,0.021409,0.020499,0.021281,193186718.0
1755302400,0.02128,0.021645,0.021228,0.021511,117082929.0
1755331200,0.021512,0.021899,0.021208,0.021768,167004940.0
1755360000,0.021766,0.022084,0.02163,0.021935,100251599.0
1755388800,0.021935,0.022106,0.021853,0.022086,107867238.0
1755417600,0.022087,0.022295,0.021988,0.022247,134759474.0
1755446400,0.022248,0.022326,0.021598,0.021753,168544503.0
1755475200,0.021753,0.021791,0.020622,0.020832,261436547.0
1755504000,0.020837,0.021128,0.0206,0.020952,206874718.0
1755532800,0.020951,0.021095,0.020527,0.020615,153270913.0
1755561600,0.020615,0.020888,0.020182,0.020491,179181163.0
1755590400,0.020498,0.021102,0.020333,0.020432,244906318.0
1755619200,0.020433,0.020436,0.019804,0.019874,236544741.0
1755648000,0.019875,0.020399,0.019797,0.020245,139422223.0
1755676800,0.020247,0.020908,0.020016,0.020511,585476257.0
1755705600,0.020514,0.021214,0.020507,0.021074,245947170.0
1755734400,0.021075,0.021677,0.020993,0.021342,383337458.0
1755763200,0.021343,0.021432,0.020767,0.0208,274257448.0
1755792000,0.0208,0.021271,0.020709,0.021017,183422747.0
1755820800,0.021019,0.021117,0.020259,0.02034,288883692.0
1755849600,0.020343,0.021639,0.019749,0.021325,648351436.0
1755878400,0.021326,0.022874,0.021326,0.022552,724972211.0
1755907200,0.022552,0.022752,0.021872,0.022212,279080277.0
1755936000,0.022213,0.022324,0.021822,0.02197,189026651.0
1755964800,0.021973,0.022116,0.021849,0.021946,120651612.0
1755993600,0.02195,0.022029,0.021222,0.021229,187216174.0
1756022400,0.021229,0.02148,0.021025,0.0211,245819126.0
1756051200,0.0211,0.022441,0.020976,0.021364,567199267.0
1756080000,0.021364,0.022026,0.02075,0.020902,321582472.0
1756108800,0.020902,0.021055,0.020413,0.020683,296179496.0
1756137600,0.020682,0.020809,0.019695,0.02019,369799276.0
1756166400,0.020188,0.020332,0.019905,0.020166,166386829.0
1756195200,0.020158,0.020585,0.019961,0.020301,232993041.0
1756224000,0.020302,0.020974,0.020232,0.020746,153620812.0
1756252800,0.020744,0.020918,0.020403,0.020433,171722626.0
1756281600,0.020436,0.020758,0.0203,0.02065,190773285.0
1756310400,0.020655,0.020733,0.020199,0.020354,258907768.0
1756339200,0.020354,0.02079,0.020185,0.020741,104765420.0
1756368000,0.020742,0.021182,0.020489,0.02099,327077960.0
1756396800,0.020993,0.021096,0.02035,0.020851,214770519.0
1756425600,0.020847,0.02086,0.0197,0.019908,239816839.0
1756454400,0.019907,0.020403,0.019481,0.019782,292149799.0
1756483200,0.019775,0.019918,0.01954,0.019828,162298349.0
1756512000,0.01983,0.020318,0.019718,0.02026,152603363.0
1756540800,0.02026,0.020545,0.01982,0.020265,208079169.0
1756569600,0.020262,0.020315,0.02001,0.020158,101948233.0
1756598400,0.020158,0.020495,0.020109,0.020125,123285636.0
1756627200,0.020126,0.020253,0.019765,0.019983,121815230.0
1756656000,0.019985,0.019985,0.019601,0.01964,122056771.0
1756684800,0.019642,0.019888,0.01917,0.019882,204972464.0
1756713600,0.019885,0.020104,0.019228,0.019298,223196138.0
1756742400,0.019296,0.019493,0.018744,0.019238,296063310.0
1756771200,0.01924,0.019666,0.019089,0.019518,133832365.0
1756800000,0.019517,0.019779,0.01917,0.019292,197382643.0
1756828800,0.019292,0.019499,0.01908,0.019402,165044700.0
1756857600,0.019403,0.019478,0.019141,0.01927,104891527.0
1756886400,0.019276,0.020034,0.01921,0.019973,211485275.0
1756915200,0.019973,0.020081,0.019846,0.019929,155714726.0
1756944000,0.019928,0.020028,0.019248,0.019348,129675606.0
1756972800,0.019346,0.019484,0.019042,0.019159,137457455.0
1757001600,0.01916,0.019404,0.01906,0.019156,104722930.0
1757030400,0.019153,0.019632,0.019135,0.019581,112690112.0
1757059200,0.019589,0.01967,0.019053,0.019254,204359847.0
1757088000,0.019255,0.019526,0.019141,0.019454,90323564.0
1757116800,0.019452,0.019522,0.0192,0.019296,58312384.0
1757145600,0.019296,0.01933,0.019112,0.019126,66453466.0
1757174400,0.019121,0.0193,0.019082,0.019208,63701408.0
1757203200,0.019208,0.019486,0.019165,0.019284,71666954.0
1757232000,0.019283,0.019452,0.019176,0.01942,87181036.0
1757260800,0.019419,0.019444,0.019102,0.019275,99667718.0
1757289600,0.019275,0.019492,0.019125,0.019268,108451464.0
1757318400,0.019269,0.019784,0.019264,0.019734,173816072.0
1757347200,0.019734,0.019768,0.01934,0.019647,208648891.0
1757376000,0.019648,0.020201,0.019412,0.020132,173396332.0
1757404800,0.020132,0.020309,0.019295,0.019411,312466237.0
1757433600,0.019413,0.019539,0.019158,0.019444,169998055.0
1757462400,0.019445,0.019705,0.019304,0.019557,114647283.0
1757491200,0.019558,0.019998,0.019424,0.019894,185913525.0
1757520000,0.019902,0.019946,0.019431,0.01968,141178512.0
1757548800,0.019678,0.020105,0.019633,0.020045,137532604.0
1757577600,0.020045,0.020076,0.0195,0.019635,220156867.0
1757606400,0.019637,0.020087,0.01962,0.020035,132427397.0
1757635200,0.020036,0.020256,0.019957,0.020105,129428154.0
1757664000,0.020105,0.020151,0.01975,0.020026,162599909.0
1757692800,0.020025,0.02073,0.019999,0.020656,277084736.0
1757721600,0.020656,0.020766,0.020422,0.020613,137852457.0
1757750400,0.020614,0.021187,0.020524,0.020674,347706571.0
1757779200,0.020676,0.020866,0.020231,0.02078,197021588.0
1757808000,0.020777,0.0208,0.020287,0.020506,123113770.0
1757836800,0.020507,0.020637,0.019756,0.019914,241579675.0
1757865600,0.019912,0.02025,0.019866,0.02001,123618423.0
1757894400,0.020011,0.021112,0.019723,0.019881,691111984.0
1757923200,0.019882,0.019891,0.019249,0.019399,362436381.0
1757952000,0.019398,0.019681,0.019128,0.019598,171151552.0
1757980800,0.019599,0.019836,0.019232,0.019768,156145036.0
1758009600,0.01977,0.020157,0.019611,0.019945,282431735.0
1758038400,0.019948,0.019973,0.019751,0.019761,109029495.0
1758067200,0.019762,0.019921,0.019476,0.019716,155347596.0
1758096000,0.019717,0.019719,0.019364,0.019441,153151950.0
1758124800,0.01944,0.020406,0.019351,0.020265,298017173.0
1758153600,0.020266,0.020501,0.020109,0.020244,167751696.0
1758182400,0.020244,0.020529,0.020229,0.020457,141958284.0
1758211200,0.020454,0.020714,0.020355,0.020528,151043517.0
1758240000,0.020528,0.020811,0.019989,0.020148,176054003.0
1758268800,0.02014,0.020238,0.019577,0.019697,174602885.0
1758297600,0.019697,0.019855,0.019418,0.019571,106720082.0
1758326400,0.019571,0.019813,0.01944,0.019757,76781881.0
1758355200,0.019757,0.019837,0.019452,0.019757,101105888.0
1758384000,0.019758,0.019797,0.019553,0.019676,80374554.0
1758412800,0.019673,0.019901,0.019573,0.01977,81462120.0
1758441600,0.019775,0.019818,0.019385,0.019522,127022671.0
1758470400,0.019522,0.01968,0.019404,0.019497,109163893.0
1758499200,0.019493,0.019573,0.017,0.018155,626548434.0
1758528000,0.018156,0.018289,0.017799,0.017874,264670972.0
1758556800,0.017875,0.018205,0.017707,0.018156,145109511.0
1758585600,0.018156,0.01833,0.017848,0.018225,148906592.0
1758614400,0.01823,0.018372,0.017976,0.018203,145700944.0
1758643200,0.018202,0.018303,0.017861,0.01791,129244647.0
1758672000,0.017912,0.018224,0.0177,0.018157,150863088.0
1758700800,0.018158,0.018469,0.018098,0.018276,110431829.0
1758729600,0.018275,0.01841,0.01806,0.018101,87193977.0
1758758400,0.018105,0.018124,0.017501,0.017646,191130491.0
1758787200,0.017648,0.017857,0.0172,0.017658,222486989.0
1758816000,0.017659,0.017704,0.016839,0.017169,354233160.0
1758844800,0.017169,0.017486,0.017141,0.017463,153656133.0
1758873600,0.017465,0.017581,0.017153,0.017518,164714458.0
1758902400,0.017514,0.018176,0.0175,0.018042,161778655.0
1758931200,0.018042,0.018069,0.017882,0.017894,93895938.0
1758960000,0.017895,0.018021,0.017722,0.017997,104656097.0
1758988800,0.018004,0.018065,0.017756,0.01793,78354458.0
1759017600,0.01793,0.018011,0.01767,0.017734,73644417.0
1759046400,0.017734,0.017824,0.017475,0.017783,94346673.0
1759075200,0.017784,0.018216,0.017769,0.018209,111891177.0
1759104000,0.018208,0.018215,0.017937,0.018069,90713609.0
1759132800,0.018069,0.018369,0.017784,0.018121,176884376.0
1759161600,0.018125,0.018518,0.017952,0.018233,141728572.0
1759190400,0.018233,0.018255,0.017937,0.018027,131086171.0
1759219200,0.018021,0.0181,0.017749,0.017847,105930929.0
1759248000,0.017843,0.018208,0.017703,0.018083,116731478.0
1759276800,0.018085,0.018161,0.017753,0.017811,136889084.0
1759305600,0.017813,0.01859,0.017806,0.018543,211229286.0
1759334400,0.018552,0.018932,0.01847,0.018915,130353955.0
1759363200,0.018918,0.019162,0.018852,0.018942,116454849.0
1759392000,0.018945,0.019185,0.018737,0.019021,149433890.0
1759420800,0.019024,0.019388,0.018995,0.019284,130270432.0
1759449600,0.019286,0.019308,0.018859,0.018981,111625410.0
1759478400,0.01898,0.019413,0.018833,0.019409,110975757.0
1759507200,0.019404,0.019596,0.019017,0.019231,152789938.0
1759536000,0.019237,0.019303,0.018929,0.019117,86521194.0
1759564800,0.019111,0.01913,0.018482,0.018586,110958142.0
1759593600,0.018587,0.018866,0.018524,0.018808,72475091.0
1759622400,0.01881,0.019392,0.018664,0.019371,145751940.0
1759651200,0.019376,0.019421,0.019,0.019155,111647618.0
1759680000,0.019155,0.019192,0.018514,0.01867,128257225.0
1759708800,0.018674,0.01894,0.018574,0.018825,79992846.0
1759737600,0.01883,0.019329,0.018805,0.019234,127347071.0
1759766400,0.019234,0.01929,0.019056,0.01907,141568569.0
1759795200,0.019071,0.019267,0.018901,0.018939,83519443.0
1759824000,0.018941,0.01924,0.018181,0.018285,242890254.0
1759852800,0.018285,0.018531,0.018128,0.018282,144586089.0
1759881600,0.018282,0.018519,0.018064,0.018282,112322139.0
1759910400,0.018285,0.018472,0.018112,0.018376,132829658.0
1759939200,0.018377,0.019232,0.018354,0.019078,297572515.0
1759968000,0.019079,0.019321,0.018633,0.018657,248836544.0
1759996800,0.018659,0.018915,0.018181,0.018467,352434181.0
1760025600,0.018469,0.019013,0.018232,0.018607,201186488.0
1760054400,0.018608,0.018914,0.018313,0.018339,179406232.0
1760083200,0.018337,0.018794,0.0175,0.017753,341756475.0
1760112000,0.017755,0.017953,0.006683,0.012331,2486394541.0
1760140800,0.012334,0.01303,0.01194,0.012908,974098300.0
1760169600,0.012908,0.0133,0.012635,0.012976,490737565.0
1760198400,0.012976,0.013129,0.011962,0.012515,573755961.0
1760227200,0.012518,0.012942,0.012252,0.012876,332683230.0
1760256000,0.012876,0.013631,0.012607,0.013549,458798380.0
1760284800,0.013552,0.014417,0.013552,0.01411,496166760.0
1760313600,0.014111,0.014479,0.013842,0.014279,187758204.0
1760342400,0.014277,0.014706,0.013967,0.014523,406733766.0
1760371200,0.014523,0.015092,0.014426,0.01482,201842627.0
1760400000,0.014821,0.014945,0.013361,0.013603,374547459.0
1760428800,0.013599,0.014226,0.013354,0.014197,351682882.0
1760457600,0.014197,0.014397,0.013945,0.014177,277550829.0
1760486400,0.014174,0.014326,0.01403,0.014312,148669661.0
1760515200,0.014311,0.014567,0.0136,0.013744,275190598.0
1760544000,0.013744,0.013927,0.013446,0.013771,157081084.0
1760572800,0.013771,0.013905,0.013563,0.013769,114400372.0
1760601600,0.013771,0.014096,0.013149,0.013357,303346472.0
1760630400,0.013351,0.013624,0.012861,0.013284,340395366.0
1760659200,0.013282,0.013482,0.012501,0.01256,269536407.0
1760688000,0.012561,0.013176,0.012316,0.013053,459163615.0
1760716800,0.013054,0.013255,0.012971,0.013021,177631441.0
1760745600,0.013021,0.013332,0.01299,0.013124,95893238.0
1760774400,0.013123,0.013215,0.012838,0.012993,111960595.0
1760803200,0.012995,0.013146,0.012813,0.013071,88922144.0
1760832000,0.013069,0.013214,0.012935,0.013034,74095703.0
1760860800,0.013036,0.013497,0.012836,0.013338,201743824.0
1760889600,0.013338,0.013511,0.013145,0.013184,79382334.0
1760918400,0.013179,0.013554,0.012935,0.013511,134337086.0
1760947200,0.013508,0.013542,0.0132,0.013206,103563571.0
1760976000,0.013205,0.013276,0.012843,0.013077,150353703.0
1761004800,0.013079,0.01316,0.01262,0.012781,133217975.0
1761033600,0.012779,0.013749,0.012661,0.013676,216660850.0
1761062400,0.013675,0.014009,0.012802,0.012909,378719832.0
1761091200,0.012908,0.013116,0.01275,0.012905,166918891.0
1761120000,0.012903,0.013006,0.012317,0.012859,274691939.0
1761148800,0.012858,0.01291,0.012084,0.012616,242318707.0
1761177600,0.012617,0.012991,0.012603,0.012927,88530386.0
1761206400,0.012927,0.01305,0.012657,0.012959,174364448.0
1761235200,0.012959,0.013261,0.012868,0.01304,114353800.0
1761264000,0.01304,0.013227,0.01293,0.013123,82121554.0
1761292800,0.013127,0.013377,0.01286,0.012907,158568908.0
1761321600,0.012907,0.013213,0.012791,0.013181,84234606.0
1761350400,0.01318,0.01319,0.012913,0.012945,55114896.0
1761379200,0.012947,0.013059,0.012872,0.012935,98467243.0
1761408000,0.012935,0.013049,0.012861,0.013004,77774759.0
1761436800,0.013005,0.013022,0.012805,0.012964,77619732.0
1761465600,0.012962,0.013302,0.012951,0.013259,125602912.0
1761494400,0.01326,0.013403,0.01306,0.013253,95109010.0
1761523200,0.013254,0.013529,0.013244,0.013388,106829762.0
1761552000,0.013391,0.013407,0.013019,0.013137,151347205.0
1761580800,0.013138,0.013329,0.012928,0.013001,151440800.0
1761609600,0.013001,0.013118,0.012859,0.012935,103634873.0
1761638400,0.012936,0.013243,0.01282,0.013017,141100605.0
1761667200,0.013014,0.013473,0.012501,0.012816,328276898.0
1761696000,0.012815,0.012914,0.012743,0.012804,84384740.0
1761724800,0.012804,0.013049,0.01256,0.012633,121058709.0
1761753600,0.012627,0.013136,0.012343,0.012846,270271663.0
1761782400,0.012848,0.012993,0.01236,0.012727,164180811.0
1761811200,0.012728,0.012741,0.011806,0.011851,227278726.0
1761840000,0.01185,0.012009,0.011479,0.011999,256054717.0
1761868800,0.012,0.01228,0.011931,0.012126,103803538.0
1761897600,0.012127,0.012446,0.01207,0.012329,135007835.0
1761926400,0.012328,0.012354,0.01193,0.012026,154308798.0
1761955200,0.012026,0.01219,0.011912,0.012159,97042187.0
1761984000,0.012161,0.012271,0.012044,0.012154,113264882.0
1762012800,0.012154,0.012242,0.012069,0.012166,92551886.0
1762041600,0.012166,0.012209,0.012008,0.012189,107962596.0
1762070400,0.012189,0.012195,0.011646,0.011732,186324190.0
1762099200,0.011731,0.01209,0.011613,0.012065,96557805.0
1762128000,0.012065,0.012092,0.011244,0.011427,224150736.0
1762156800,0.011425,0.011604,0.010225,0.010722,430055214.0
1762185600,0.010724,0.0111,0.010569,0.010842,348368719.0
1762214400,0.010842,0.011037,0.010408,0.010467,310119878.0
1762243200,0.010466,0.010813,0.010393,0.010553,313232220.0
1762272000,0.010554,0.010609,0.009752,0.01037,859888717.0
1762300800,0.010371,0.010691,0.009916,0.010631,379416678.0
1762329600,0.010634,0.011018,0.010431,0.010979,262682420.0
1762358400,0.010979,0.011284,0.010863,0.011058,274023893.0
1762387200,0.011056,0.011145,0.010786,0.010829,175709881.0
1762416000,0.010827,0.011009,0.010505,0.010571,244004859.0
1762444800,0.01057,0.010885,0.010399,0.010806,253998049.0
1762473600,0.010805,0.011316,0.010754,0.011308,187336499.0
1762502400,0.011306,0.01131,0.010601,0.011236,403685801.0
1762531200,0.011236,0.012535,0.011198,0.012219,520062621.0
1762560000,0.012218,0.012573,0.011804,0.012041,223295576.0
1762588800,0.01204,0.013518,0.01188,0.01243,1082198618.0
1762617600,0.012431,0.012624,0.012038,0.012332,405904380.0
1762646400,0.012333,0.012333,0.01167,0.012,244520608.0
1762675200,0.011999,0.012414,0.01165,0.012296,266974199.0
1762704000,0.012296,0.013469,0.012145,0.012896,684217015.0
1762732800,0.012901,0.012941,0.012282,0.012316,268021595.0
1762761600,0.012316,0.012952,0.012224,0.012666,357767606.0
1762790400,0.012666,0.012677,0.012006,0.01229,283088673.0
1762819200,0.012291,0.012474,0.01174,0.011747,263974611.0
1762848000,0.011746,0.012064,0.011736,0.011964,182760601.0
1762876800,0.011963,0.013038,0.011534,0.011596,746168801.0
1762905600,0.011597,0.01196,0.011473,0.011732,190654526.0
1762934400,0.011733,0.012161,0.011462,0.01152,280002203.0
1762963200,0.01152,0.011888,0.011186,0.011667,296959654.0
1762992000,0.011667,0.011831,0.011436,0.01175,176887304.0
1763020800,0.01175,0.011918,0.011387,0.011483,190203195.0
1763049600,0.011482,0.011513,0.010752,0.011149,327538469.0
1763078400,0.011149,0.01119,0.010564,0.011042,208075442.0
1763107200,0.011041,0.011091,0.010425,0.010994,233013748.0
1763136000,0.010995,0.011045,0.010412,0.010564,165965481.0
1763164800,0.010563,0.011005,0.010551,0.010815,98562138.0
1763193600,0.010815,0.010853,0.010544,0.010715,139147661.0
1763222400,0.010715,0.010906,0.01062,0.010808,107751605.0
1763251200,0.010808,0.011192,0.010587,0.011068,116568485.0
1763280000,0.011069,0.011105,0.010467,0.010491,173046338.0
1763308800,0.010489,0.010632,0.01026,0.010537,227528322.0
1763337600,0.010538,0.010698,0.010407,0.010661,131830230.0
1763366400,0.010663,0.010856,0.010283,0.010444,200035647.0
1763395200,0.010442,0.010643,0.010018,0.010342,265655603.0
1763424000,0.010343,0.010517,0.010043,0.010226,233269122.0
1763452800,0.010222,0.010365,0.010064,0.010297,168755759.0
1763481600,0.010296,0.010565,0.010268,0.010394,165362164.0
1763510400,0.010394,0.010418,0.009896,0.010048,166253887.0
1763539200,0.010048,0.010192,0.009832,0.009847,218990455.0
1763568000,0.009845,0.010112,0.009445,0.010096,365945567.0
1763596800,0.010097,0.010136,0.009924,0.010027,108454224.0
1763625600,0.010027,0.010206,0.00984,0.009855,185329285.0
1763654400,0.009854,0.009874,0.009462,0.009624,326397344.0
1763683200,0.009624,0.010059,0.00863,0.009419,402936297.0
1763712000,0.009418,0.009602,0.009001,0.009394,378236643.0
1763740800,0.009393,0.009601,0.009005,0.00927,272685395.0
1763769600,0.009272,0.009323,0.008946,0.00915,175518494.0
1763798400,0.00915,0.009165,0.0089,0.009069,173135808.0
1763827200,0.009069,0.009586,0.009052,0.009416,256326039.0
1763856000,0.009415,0.009527,0.009281,0.009422,281412245.0
1763884800,0.009422,0.009463,0.009266,0.009336,114798084.0
1763913600,0.009335,0.009393,0.009202,0.009224,105046521.0
1763942400,0.009222,0.009485,0.00914,0.009398,137225955.0
1763971200,0.009398,0.009496,0.009173,0.009466,165106885.0
1764000000,0.009466,0.009826,0.009448,0.009627,186802915.0
1764028800,0.009627,0.009676,0.00948,0.009598,114051052.0
1764057600,0.009597,0.009621,0.009404,0.00957,163396108.0
1764086400,0.009569,0.009934,0.009552,0.009872,176734928.0
1764115200,0.009872,0.010374,0.00983,0.01013,282067297.0
1764144000,0.010127,0.010269,0.009804,0.01001,268770403.0
1764172800,0.010011,0.010388,0.01001,0.010216,223675058.0
1764201600,0.010217,0.011165,0.010179,0.010423,610415374.0
1764230400,0.010425,0.010602,0.010301,0.01033,239824436.0
1764259200,0.010329,0.010436,0.010262,0.010277,129240058.0
1764288000,0.010277,0.010379,0.010104,0.01033,146129839.0
1764316800,0.01033,0.010535,0.010162,0.010224,248371142.0
1764345600,0.010223,0.010226,0.009942,0.010105,151022695.0
1764374400,0.010104,0.010198,0.009964,0.009978,66081789.0
1764403200,0.009978,0.010079,0.00993,0.009987,75460191.0
1764432000,0.009988,0.01,0.009786,0.009868,90009573.0
1764460800,0.009868,0.009899,0.009751,0.009842,65431606.0
1764489600,0.009841,0.009906,0.009705,0.009821,101105313.0
1764518400,0.00982,0.009917,0.009632,0.009689,94882120.0
1764547200,0.009687,0.009722,0.009095,0.009137,279207824.0
1764576000,0.009136,0.009239,0.008945,0.009082,154155460.0
1764604800,0.009083,0.009106,0.008892,0.009044,148982943.0
1764633600,0.009044,0.009114,0.008806,0.008984,125131079.0
1764662400,0.008984,0.009469,0.008736,0.009432,271144885.0
1764691200,0.009434,0.009561,0.009333,0.009432,171059061.0
1764720000,0.009428,0.009613,0.009384,0.009503,113523707.0
1764748800,0.009504,0.009544,0.009222,0.009375,142844626.0
1764777600,0.009376,0.009582,0.009294,0.009493,100590497.0
1764806400,0.009493,0.00961,0.009458,0.009516,67122111.0
1764835200,0.009515,0.00953,0.009259,0.009426,82916881.0
1764864000,0.009427,0.009475,0.009068,0.009139,100801073.0
1764892800,0.009138,0.009264,0.00899,0.009042,125287547.0
1764921600,0.009042,0.009048,0.008763,0.008854,206246205.0
1764950400,0.008855,0.00889,0.008508,0.008835,268096913.0
1764979200,0.008834,0.009106,0.00881,0.008977,93262907.0
1765008000,0.008978,0.00903,0.008867,0.008995,114160469.0
1765036800,0.008994,0.009104,0.008968,0.009051,121599788.0
1765065600,0.00905,0.009084,0.008952,0.009004,55188538.0
1765094400,0.009004,0.009004,0.008629,0.008809,183238877.0
1765123200,0.00881,0.008993,0.008602,0.008749,170484901.0
1765152000,0.00875,0.00893,0.008717,0.008888,118126745.0
1765180800,0.008888,0.00901,0.008783,0.008832,156987373.0
1765209600,0.008831,0.008954,0.008678,0.00878,141169147.0
1765238400,0.008778,0.008819,0.008585,0.008682,100480992.0
1765267200,0.008684,0.009086,0.008614,0.009069,200582086.0
1765296000,0.00907,0.009282,0.008999,0.009086,255538257.0
1765324800,0.009086,0.009099,0.008881,0.008929,72287882.0
1765353600,0.008929,0.008951,0.008794,0.008835,106858217.0
1765382400,0.008835,0.009185,0.008823,0.008891,239248276.0
1765411200,0.008891,0.008904,0.008606,0.008695,218130503.0
1765440000,0.008696,0.009331,0.008675,0.009036,473375549.0
1765468800,0.009037,0.009094,0.008732,0.008829,298836248.0
1765497600,0.008831,0.009032,0.008726,0.009032,155905382.0
1765526400,0.009032,0.009164,0.00877,0.008817,220566397.0
1765555200,0.008818,0.009249,0.008652,0.009064,244296090.0
1765584000,0.009065,0.009503,0.009053,0.009207,345158518.0
1765612800,0.009206,0.00949,0.009125,0.009324,210048744.0
1765641600,0.009324,0.009515,0.009273,0.009469,184829569.0
1765670400,0.009468,0.009565,0.009276,0.009295,145229143.0
1765699200,0.009294,0.009339,0.009137,0.009178,168446876.0
1765728000,0.009179,0.009246,0.008902,0.009007,154291773.0
1765756800,0.009006,0.00925,0.008967,0.008991,123154229.0
1765785600,0.008991,0.009013,0.00857,0.008645,292134392.0
1765814400,0.008644,0.008653,0.008348,0.008577,231344037.0
1765843200,0.008576,0.008637,0.008388,0.008524,107697688.0
1765872000,0.008524,0.008612,0.00829,0.008531,222436118.0
1765900800,0.008531,0.008564,0.008378,0.00844,114492059.0
1765929600,0.008442,0.008481,0.008234,0.00836,116210128.0
1765958400,0.008358,0.008513,0.00816,0.008254,171040280.0
1765987200,0.008251,0.008304,0.007895,0.007938,235981529.0
1766016000,0.007938,0.008005,0.00776,0.007923,164812826.0
1766044800,0.007923,0.008176,0.007905,0.007978,181692623.0
1766073600,0.007978,0.007987,0.007443,0.007567,277144338.0
1766102400,0.007568,0.007804,0.00748,0.007723,161255455.0
1766131200,0.007722,0.007758,0.007535,0.007653,211119828.0
1766160000,0.007653,0.007963,0.007615,0.007821,276356777.0
1766188800,0.00782,0.007956,0.007767,0.007948,96143019.0
1766217600,0.00795,0.008012,0.007756,0.007842,139674601.0
1766246400,0.007842,0.007977,0.007832,0.007896,113468921.0
1766275200,0.007896,0.007933,0.007767,0.007851,77811969.0
1766304000,0.007851,0.007851,0.007515,0.007586,149077460.0
1766332800,0.007585,0.007738,0.0075,0.007709,113733217.0
1766361600,0.00771,0.007856,0.007633,0.007781,90525451.0
1766390400,0.00778,0.007851,0.007638,0.007704,129308789.0
1766419200,0.007704,0.007736,0.007466,0.007641,174089316.0
1766448000,0.007642,0.007697,0.007402,0.007443,81518499.0
1766476800,0.007444,0.007561,0.007333,0.007446,118405596.0
1766505600,0.007445,0.007712,0.007435,0.00768,142856881.0
1766534400,0.007679,0.007933,0.00748,0.007498,242764783.0
1766563200,0.007499,0.00762,0.007406,0.007576,136177339.0
1766592000,0.007575,0.007721,0.007494,0.007712,101877388.0
1766620800,0.007712,0.007791,0.00762,0.007777,72092369.0
1766649600,0.007778,0.007906,0.007687,0.007834,167716096.0
1766678400,0.007835,0.007907,0.00769,0.007705,110383588.0
1766707200,0.007704,0.007843,0.007592,0.007619,218850474.0
1766736000,0.007617,0.008076,0.007614,0.00779,205400670.0
1766764800,0.00779,0.007902,0.007717,0.007865,95080414.0
1766793600,0.007865,0.008052,0.007792,0.008016,60895434.0
1766822400,0.008016,0.008187,0.007858,0.008047,172311250.0
1766851200,0.008048,0.008124,0.007982,0.008101,72997551.0
1766880000,0.008102,0.008192,0.008031,0.008145,61344592.0
1766908800,0.008145,0.008145,0.007887,0.007971,108259350.0
1766937600,0.00797,0.008,0.00779,0.007925,143165106.0
1766966400,0.007923,0.008088,0.007908,0.008029,88514461.0
1766995200,0.008029,0.008042,0.007666,0.007781,148770132.0
1767024000,0.00778,0.007815,0.007634,0.007672,87195643.0
1767052800,0.007671,0.007711,0.007528,0.007611,98812712.0
1767081600,0.007613,0.007689,0.007545,0.007676,74759428.0
1767110400,0.007677,0.007717,0.00763,0.007649,65969966.0
1767139200,0.007649,0.007663,0.007553,0.007618,64234516.0
1767168000,0.007619,0.007871,0.007545,0.007585,238240655.0
1767196800,0.007586,0.0076,0.007326,0.007461,165671442.0
1767225600,0.007464,0.007679,0.007452,0.007568,119664898.0
1767254400,0.007566,0.007791,0.007531,0.007759,129680745.0
1767283200,0.007761,0.00789,0.007715,0.007878,78941825.0
1767312000,0.007879,0.008021,0.007812,0.007903,101374998.0
1767340800,0.007903,0.008078,0.007853,0.008018,145236333.0
1767369600,0.008018,0.008536,0.008015,0.008357,196965630.0
1767398400,0.008357,0.008515,0.008173,0.008202,87572654.0
1767427200,0.008201,0.008316,0.008153,0.008244,58034921.0
1767456000,0.008245,0.009308,0.008242,0.008972,912466206.0
1767484800,0.008971,0.009058,0.00865,0.008711,205692978.0
1767513600,0.008706,0.008993,0.008657,0.008968,165018518.0
1767542400,0.008973,0.009125,0.008803,0.008879,155621714.0
1767571200,0.008878,0.009009,0.008638,0.008786,116632935.0
1767600000,0.008783,0.008898,0.008582,0.008884,119738113.0
1767628800,0.008885,0.009122,0.008735,0.009036,132319751.0
1767657600,0.009036,0.009156,0.008863,0.008946,126493906.0
1767686400,0.008949,0.009326,0.008947,0.009155,152281893.0
1767715200,0.009154,0.009371,0.008689,0.009236,506122563.0
1767744000,0.009237,0.009471,0.008928,0.00943,357850490.0
1767772800,0.009431,0.00953,0.00904,0.009147,586785011.0
1767801600,0.009149,0.009934,0.00912,0.009915,1278875867.0
1767830400,0.009915,0.009924,0.009265,0.00946,443361660.0
1767859200,0.00946,0.009468,0.008934,0.009414,463436589.0
1767888000,0.009415,0.009443,0.009062,0.009222,229277173.0
1767916800,0.009221,0.009775,0.009139,0.009753,250570457.0
1767945600,0.009752,0.009786,0.009071,0.009281,426997933.0
1767974400,0.009281,0.010182,0.009173,0.009709,950816338.0
1768003200,0.00971,0.009834,0.009438,0.009667,262167010.0
1768032000,0.00967,0.010385,0.009564,0.010347,648781785.0
1768060800,0.010346,0.010387,0.009708,0.009814,560760090.0
1768089600,0.009814,0.010343,0.009796,0.010249,297151261.0
1768118400,0.01025,0.0112,0.010122,0.01104,1856726872.0
1768147200,0.01104,0.011271,0.010703,0.010981,964274181.0
1768176000,0.01098,0.011361,0.010703,0.010723,697235973.0
1768204800,0.010724,0.010942,0.010546,0.010662,515176458.0
1768233600,0.010662,0.01078,0.010113,0.01022,365738209.0
1768262400,0.01022,0.010284,0.010005,0.010156,296851719.0
1768291200,0.010155,0.010798,0.010123,0.010686,656596285.0
1768320000,0.010685,0.011846,0.010685,0.010796,960853010.0
1768348800,0.010796,0.010943,0.010626,0.010717,230553321.0
1768377600,0.010718,0.011136,0.010661,0.01091,323480621.0
1768406400,0.010909,0.010961,0.010472,0.010555,264773324.0
1768435200,0.010556,0.010643,0.010255,0.010476,164508118.0
1768464000,0.010473,0.011137,0.010388,0.010906,601262121.0
1768492800,0.010906,0.01161,0.010801,0.011371,1101725099.0
1768521600,0.011371,0.011381,0.010573,0.010726,358540643.0
1768550400,0.010726,0.011253,0.010677,0.011054,520496681.0
1768579200,0.011054,0.011718,0.01101,0.011301,504230852.0
1768608000,0.011301,0.011896,0.011255,0.011596,274428540.0
1768636800,0.011594,0.011724,0.011294,0.01149,209634983.0
1768665600,0.011489,0.011592,0.01105,0.011149,167973363.0
1768694400,0.011151,0.011411,0.011006,0.01135,154914068.0
1768723200,0.011351,0.0124,0.011292,0.01204,895728012.0
1768752000,0.012039,0.013074,0.011898,0.012007,1291309677.0
1768780800,0.012007,0.012071,0.010501,0.011928,1048773415.0
1768809600,0.011916,0.012816,0.011544,0.012394,1302307577.0
1768838400,0.012393,0.012733,0.011779,0.012074,469642551.0
1768867200,0.012072,0.012109,0.011695,0.011906,277191630.0
1768896000,0.011904,0.012984,0.011735,0.012753,965794076.0
1768924800,0.01275,0.01277,0.011761,0.01179,703316333.0
1768953600,0.011791,0.012536,0.011791,0.012187,349804511.0
1768982400,0.012185,0.012449,0.01188,0.012307,645382087.0
1769011200,0.012309,0.01281,0.0119,0.012457,642395692.0
1769040000,0.012453,0.012929,0.012416,0.012483,212854256.0
1769068800,0.012485,0.012669,0.011963,0.012102,247066744.0
1769097600,0.012101,0.012469,0.012046,0.012126,255220802.0
1769126400,0.012127,0.012792,0.012122,0.012354,199598136.0
1769155200,0.012353,0.012548,0.011943,0.012126,459979079.0
1769184000,0.012127,0.012707,0.01206,0.012168,937886102.0
1769212800,0.012167,0.012624,0.012097,0.012551,216212628.0
1769241600,0.012551,0.012795,0.01236,0.012446,189520072.0
1769270400,0.012445,0.012542,0.012288,0.012358,148303506.0
1769299200,0.012361,0.012559,0.011883,0.012112,383983604.0
1769328000,0.012112,0.012263,0.011607,0.011651,218104701.0
1769356800,0.01165,0.011659,0.010591,0.010817,439075695.0
1769385600,0.010816,0.011215,0.010745,0.010801,200900586.0
1769414400,0.010802,0.010867,0.010438,0.010708,264552279.0
1769443200,0.010709,0.010811,0.010366,0.010467,217062719.0
1769472000,0.010469,0.010566,0.010168,0.01021,190314869.0
1769500800,0.01021,0.010629,0.01007,0.010361,643109009.0
1769529600,0.010363,0.010627,0.010207,0.01055,272601306.0
1769558400,0.010551,0.010689,0.010291,0.010307,130110171.0
1769587200,0.010308,0.010528,0.01022,0.010248,186532607.0
1769616000,0.01025,0.010349,0.010108,0.01016,170308232.0
1769644800,0.010158,0.010184,0.009763,0.009875,219982008.0
1769673600,0.009878,0.009915,0.0094,0.009616,226300144.0
1769702400,0.009615,0.009716,0.009351,0.0096,193364984.0
1769731200,0.0096,0.009641,0.009071,0.009392,167722932.0
1769760000,0.009392,0.009634,0.009379,0.009523,209125910.0
1769788800,0.009522,0.009568,0.00921,0.009354,194506477.0
1769817600,0.009356,0.009369,0.009112,0.009199,108844575.0
1769846400,0.009199,0.009231,0.00837,0.008608,403424726.0
1769875200,0.008608,0.008744,0.007547,0.008386,531452348.0
1769904000,0.008385,0.00858,0.00826,0.008502,135456974.0
1769932800,0.008502,0.008548,0.007986,0.008095,166152166.0
1769961600,0.008094,0.00826,0.007844,0.00799,227506117.0
1769990400,0.007991,0.008211,0.007817,0.008031,245299517.0
1770019200,0.008031,0.008305,0.007998,0.00825,184653877.0
1770048000,0.008251,0.008284,0.008161,0.008198,104856798.0
1770076800,0.008198,0.008229,0.007963,0.008149,122742799.0
1770105600,0.008149,0.00819,0.00787,0.008121,170053809.0
1770134400,0.008118,0.008256,0.007636,0.007928,369608089.0
1770163200,0.007927,0.008263,0.007896,0.008213,120683836.0
1770192000,0.008213,0.008302,0.007994,0.008013,239723070.0
1770220800,0.008012,0.008157,0.007799,0.00799,256303800.0
1770249600,0.007991,0.008074,0.007764,0.007828,159758225.0
1770278400,0.007828,0.007947,0.00725,0.007403,341933207.0
1770307200,0.007402,0.007452,0.006744,0.006879,549646093.0
1770336000,0.006879,0.007134,0.006178,0.006998,492862174.0
1770364800,0.006999,0.007397,0.006893,0.007362,278662478.0
1770393600,0.00736,0.007717,0.007328,0.007536,220726870.0
1770422400,0.007535,0.007593,0.007119,0.007234,135796313.0
1770451200,0.007234,0.00743,0.007197,0.007375,118086909.0
1770480000,0.007373,0.007498,0.00733,0.007422,152122483.0
1770508800,0.007424,0.007428,0.007239,0.007308,87283262.0
1770537600,0.007307,0.007413,0.007188,0.007217,120954257.0
1770566400,0.007217,0.007251,0.007035,0.00708,136087925.0
1770595200,0.007081,0.007398,0.007039,0.007327,167602074.0
1770624000,0.007327,0.007493,0.007208,0.007406,491780230.0
1770652800,0.007405,0.007586,0.00734,0.007512,305935304.0
1770681600,0.007511,0.007611,0.007266,0.00732,179878689.0
1770710400,0.00732,0.007629,0.007228,0.007562,232387559.0
1770739200,0.007561,0.008011,0.007519,0.007711,520423121.0
1770768000,0.007713,0.00793,0.007482,0.007567,332089948.0
1770796800,0.007573,0.007891,0.007417,0.007762,306553861.0
1770825600,0.007762,0.007816,0.007541,0.007594,207068385.0
1770854400,0.007594,0.007822,0.007582,0.007809,188873313.0
1770883200,0.00781,0.008128,0.007717,0.007804,490454405.0
1770912000,0.007803,0.007976,0.007653,0.007939,252756293.0
1770940800,0.007939,0.007982,0.007721,0.007797,158573801.0
1770969600,0.007796,0.008039,0.00775,0.007942,209864224.0
1770998400,0.007941,0.008137,0.007889,0.007959,259608891.0
1771027200,0.007962,0.008043,0.007924,0.007928,106634122.0
1771056000,0.007928,0.008075,0.007882,0.008034,215108499.0
1771084800,0.008036,0.008198,0.007997,0.008043,250697447.0
1771113600,0.008044,0.008056,0.007794,0.007892,238527745.0
1771142400,0.007893,0.007911,0.007593,0.007708,220150786.0
1771171200,0.007708,0.007776,0.007515,0.007694,203630135.0
1771200000,0.007695,0.007722,0.007567,0.007615,113242828.0
1771228800,0.007616,0.007882,0.00755,0.007605,204402302.0
1771257600,0.007604,0.007713,0.007585,0.007704,120540115.0
1771286400,0.007705,0.007721,0.007544,0.007671,102503242.0
1771315200,0.007671,0.007847,0.007626,0.007827,148125213.0
1771344000,0.007827,0.007981,0.007722,0.007963,172967674.0
1771372800,0.007963,0.008071,0.007804,0.007848,225089743.0
1771401600,0.007848,0.00794,0.007725,0.007781,172061313.0
1771430400,0.00778,0.007793,0.007426,0.007521,171667777.0
1771459200,0.007521,0.007549,0.007389,0.007505,89483366.0
1771488000,0.007504,0.007513,0.00715,0.007298,167153125.0
1771516800,0.007298,0.007493,0.0072,0.00749,148398859.0
1771545600,0.00749,0.00753,0.007345,0.007411,110922317.0
1771574400,0.007411,0.007539,0.007277,0.007525,156578726.0
1771603200,0.007525,0.007582,0.007419,0.007543,132889113.0
1771632000,0.007544,0.007599,0.007474,0.007552,71751444.0
1771660800,0.007553,0.007713,0.007531,0.0076,208228686.0
1771689600,0.007603,0.007604,0.007402,0.007489,119454331.0
1771718400,0.007489,0.007492,0.007323,0.007389,118145932.0
1771747200,0.007389,0.007397,0.007205,0.007283,158810899.0
1771776000,0.007279,0.007568,0.007242,0.007313,275358023.0
1771804800,0.007314,0.007371,0.006984,0.007283,252027516.0
1771833600,0.007282,0.007547,0.007208,0.007244,325838203.0
1771862400,0.007243,0.007271,0.007098,0.007187,176607118.0
1771891200,0.007187,0.007267,0.00693,0.006982,188756906.0
1771920000,0.006983,0.00705,0.006836,0.006975,214408390.0
1771948800,0.006975,0.007118,0.006721,0.006759,326636531.0
1771977600,0.00676,0.007148,0.006721,0.006969,250434412.0
1772006400,0.006971,0.007304,0.006969,0.007288,319880718.0
1772035200,0.007288,0.0075,0.007219,0.007312,326868959.0
1772064000,0.007312,0.007354,0.007213,0.007263,161086467.0
1772092800,0.007263,0.007358,0.0071,0.007164,149094845.0
1772121600,0.007164,0.007169,0.006934,0.007091,206704284.0
1772150400,0.007091,0.007112,0.006967,0.007075,108135874.0
1772179200,0.007076,0.007147,0.006834,0.006871,218866396.0
1772208000,0.006871,0.006897,0.006672,0.006789,156551422.0
1772236800,0.00679,0.006853,0.00644,0.006552,246624024.0
1772265600,0.006551,0.006664,0.006428,0.006604,197304720.0
1772294400,0.006602,0.006973,0.006493,0.006959,188009027.0
1772323200,0.006959,0.007112,0.006797,0.006943,156502656.0
1772352000,0.006943,0.006947,0.006672,0.006733,135534295.0
1772380800,0.006734,0.006781,0.006425,0.006501,181108867.0
1772409600,0.006502,0.006688,0.00649,0.006541,119588089.0
1772438400,0.00654,0.006921,0.006467,0.006862,178319409.0
1772467200,0.006863,0.006951,0.006597,0.006644,204090487.0
1772496000,0.006644,0.006995,0.006576,0.006929,177766193.0
1772524800,0.006928,0.006957,0.006581,0.006787,175153999.0
1772553600,0.006786,0.006857,0.006616,0.00672,163970854.0
1772582400,0.006721,0.006799,0.006634,0.006769,119216002.0
1772611200,0.006768,0.007057,0.006726,0.007057,183324064.0
1772640000,0.007057,0.007247,0.006947,0.007089,179667859.0
1772668800,0.007091,0.007452,0.007074,0.00732,187973770.0
1772697600,0.007328,0.007343,0.007155,0.007192,158623826.0
1772726400,0.007186,0.007238,0.00703,0.007213,137294611.0
1772755200,0.007214,0.007286,0.007074,0.007112,102666909.0
1772784000,0.007111,0.007122,0.006873,0.006935,138222649.0
1772812800,0.006934,0.007076,0.00692,0.006975,80687325.0
1772841600,0.006975,0.007071,0.006901,0.006948,67362140.0
1772870400,0.006947,0.007035,0.00682,0.006865,81008077.0
1772899200,0.006865,0.006972,0.006838,0.006885,79556811.0
1772928000,0.006885,0.006893,0.006724,0.006821,75671298.0
1772956800,0.00682,0.006924,0.006781,0.006797,64116417.0
1772985600,0.006796,0.006905,0.006734,0.006777,74889994.0
1773014400,0.006778,0.006989,0.006773,0.006965,93591405.0
1773043200,0.006965,0.007027,0.006887,0.006898,84782431.0
1773072000,0.006899,0.006974,0.006852,0.006912,102299992.0
1773100800,0.006911,0.006948,0.006698,0.006817,169421568.0
1773129600,0.006818,0.006987,0.006807,0.006973,114300901.0
1773158400,0.006973,0.007018,0.006774,0.006781,125914153.0
1773187200,0.006781,0.006843,0.006703,0.006817,113042125.0
1773216000,0.006817,0.006902,0.006737,0.006817,144889296.0
1773244800,0.006817,0.006884,0.006754,0.006863,102033349.0
1773273600,0.006862,0.006876,0.006709,0.006801,80306471.0
1773302400,0.006801,0.006825,0.006705,0.006788,101338044.0
1773331200,0.006787,0.006856,0.006747,0.006775,120021632.0
1773360000,0.006775,0.006954,0.006726,0.006861,152364808.0
1773388800,0.00686,0.007,0.006779,0.006906,213179497.0
1773417600,0.006906,0.006941,0.006721,0.006799,126092667.0
1773446400,0.006799,0.006866,0.0067,0.006718,73721094.0
1773475200,0.006717,0.006794,0.006705,0.00674,49038166.0
1773504000,0.006739,0.006743,0.006641,0.006668,58936342.0
1773532800,0.006669,0.006792,0.006625,0.006726,75264219.0
1773561600,0.006727,0.006892,0.006704,0.00679,195538537.0
1773590400,0.006791,0.007031,0.006784,0.006958,211550180.0
1773619200,0.006958,0.007185,0.006896,0.0071,174128420.0
1773648000,0.0071,0.007168,0.007064,0.007097,123544460.0
1773676800,0.007096,0.007696,0.007081,0.007477,380592894.0
1773705600,0.007477,0.007579,0.007355,0.007413,142580328.0
1773734400,0.007413,0.007808,0.007373,0.007537,334475762.0
1773763200,0.007537,0.007598,0.007385,0.0074,130609526.0
1773792000,0.007399,0.007484,0.007334,0.00743,76754819.0
1773820800,0.007429,0.007486,0.006928,0.007086,253838319.0
1773849600,0.007085,0.007216,0.007052,0.007102,136126173.0
1773878400,0.007102,0.007103,0.00691,0.006928,61113321.0
1773907200,0.006928,0.007044,0.006757,0.006828,181673023.0
1773936000,0.006827,0.00694,0.006756,0.006905,83110730.0
1773964800,0.006905,0.007063,0.006905,0.007009,87838046.0
1773993600,0.007009,0.007105,0.006861,0.006922,101005667.0
1774022400,0.006921,0.006954,0.006823,0.006912,55660109.0
1774051200,0.006912,0.006937,0.006858,0.006873,35554168.0
1774080000,0.006874,0.006887,0.006789,0.006861,54300564.0
1774108800,0.006861,0.006886,0.006619,0.00667,78494810.0
1774137600,0.00667,0.006713,0.006562,0.006613,82351197.0
1774166400,0.006613,0.006644,0.006523,0.006593,62694150.0
1774195200,0.006592,0.006619,0.006393,0.006543,103517030.0
1774224000,0.006544,0.006607,0.00646,0.006498,63466152.0
1774252800,0.006499,0.006908,0.006451,0.00675,174169637.0
1774281600,0.00675,0.00683,0.006696,0.006759,87793180.0
1774310400,0.006759,0.006894,0.006653,0.006885,68386768.0
1774339200,0.006885,0.006937,0.006705,0.006742,97523488.0
1774368000,0.006741,0.006782,0.006654,0.006747,66967209.0
1774396800,0.006747,0.006765,0.00666,0.00671,77259068.0
1774425600,0.006709,0.006758,0.006616,0.006671,75164081.0
1774454400,0.00667,0.006738,0.006607,0.006702,79696941.0
1774483200,0.006703,0.006716,0.006558,0.006577,54802612.0
1774512000,0.006578,0.006628,0.006514,0.00653,123288567.0
1774540800,0.00653,0.006585,0.006447,0.006511,118625259.0
1774569600,0.00651,0.006555,0.006485,0.006555,55339078.0
1774598400,0.006555,0.006565,0.006286,0.006353,136750476.0
1774627200,0.006352,0.006397,0.006323,0.006386,56809938.0
1774656000,0.006385,0.006401,0.006249,0.006352,57459791.0
1774684800,0.006352,0.006393,0.006282,0.006358,75881739.0
1774713600,0.006359,0.006434,0.0063,0.006319,79976348.0
1774742400,0.006319,0.006455,0.006243,0.006373,105001596.0
1774771200,0.006372,0.006377,0.006195,0.006215,99392746.0
1774800000,0.006215,0.006295,0.006032,0.006207,96651074.0
1774828800,0.006208,0.006408,0.006205,0.006402,96074437.0
1774857600,0.006402,0.006455,0.006324,0.00636,83511401.0
1774886400,0.006361,0.006382,0.006234,0.006259,67476281.0
1774915200,0.00626,0.006362,0.006242,0.006332,66059936.0
1774944000,0.006333,0.006348,0.006201,0.006251,109867595.0
1774972800,0.00625,0.006423,0.006245,0.006365,106734235.0
1775001600,0.006365,0.006473,0.006323,0.00643,94666618.0
1775030400,0.006431,0.006444,0.006259,0.006312,136567987.0
1775059200,0.006312,0.006383,0.006242,0.006257,84401717.0
1775088000,0.006257,0.006287,0.00594,0.006065,164895139.0
1775116800,0.006066,0.006077,0.005903,0.005998,139345688.0
1775145600,0.005997,0.006048,0.00592,0.005964,98080433.0
1775174400,0.005965,0.006097,0.005947,0.006031,113501841.0
1775203200,0.006032,0.006057,0.00596,0.005972,88607272.0
1775232000,0.005972,0.006465,0.005874,0.006239,1137436315.0
1775260800,0.006239,0.006338,0.006165,0.006187,198174238.0
1775289600,0.006187,0.006215,0.006049,0.006097,154729188.0
1775318400,0.006097,0.006114,0.005981,0.006004,153663470.0
1775347200,0.006004,0.006022,0.005812,0.00588,165522627.0
1775376000,0.005881,0.005944,0.005821,0.005846,130999659.0
1775404800,0.005846,0.005929,0.00578,0.005924,117232738.0
1775433600,0.005925,0.00603,0.005909,0.005928,123045072.0
1775462400,0.005928,0.006039,0.005926,0.006008,126689292.0
1775491200,0.006007,0.006034,0.005802,0.005859,121685285.0
1775520000,0.005858,0.005895,0.005781,0.005876,82339567.0
1775548800,0.005875,0.005897,0.005748,0.005764,98951126.0
1775577600,0.005763,0.00609,0.005746,0.006068,141528500.0
1775606400,0.006069,0.006106,0.006028,0.00609,120466586.0
1775635200,0.00609,0.006096,0.005929,0.005982,94808366.0
1775664000,0.005983,0.005995,0.005796,0.005821,95066558.0
1775692800,0.005818,0.00587,0.005758,0.005866,88285939.0
1775721600,0.005866,0.005921,0.005792,0.00591,106962856.0
1775750400,0.00591,0.005975,0.005849,0.005869,101078391.0
1775779200,0.00587,0.005909,0.005782,0.005832,114794417.0
1775808000,0.005831,0.005951,0.005791,0.005902,143552665.0
1775836800,0.005903,0.005954,0.00586,0.005874,91038246.0
1775865600,0.005874,0.00588,0.005787,0.005846,83835775.0
1775894400,0.005847,0.005876,0.005764,0.005814,89664657.0
1775923200,0.005814,0.00592,0.005803,0.005848,108625563.0
1775952000,0.005847,0.005875,0.005671,0.005752,179448448.0
1775980800,0.005751,0.005785,0.005711,0.005756,104602697.0
1776009600,0.005756,0.006187,0.005754,0.006135,448029676.0
1776038400,0.006135,0.006384,0.006068,0.006201,599677640.0
1776067200,0.006201,0.00628,0.005975,0.006039,332906050.0
1776096000,0.00604,0.006222,0.005988,0.006213,170324347.0
1776124800,0.006214,0.006247,0.006055,0.006156,121895098.0
1776153600,0.006154,0.006181,0.006025,0.006061,105467921.0
1776182400,0.00606,0.006091,0.005918,0.005961,107950538.0
1776211200,0.00596,0.006019,0.005923,0.005956,55710943.0
1776240000,0.005957,0.006047,0.005915,0.005918,77938581.0
1776268800,0.005921,0.006043,0.005915,0.006011,96375076.0
1776297600,0.006012,0.006153,0.005999,0.0061,108946721.0
1776326400,0.0061,0.006208,0.006025,0.006203,198942913.0
1776355200,0.006204,0.006374,0.00615,0.006312,202020247.0
1776384000,0.006312,0.006321,0.006143,0.006291,152488887.0
1776412800,0.006292,0.006401,0.006203,0.006356,184797930.0
1776441600,0.006356,0.006539,0.006335,0.006484,173254902.0
1776470400,0.006485,0.006558,0.006396,0.00651,115424270.0
1776499200,0.006511,0.006542,0.006206,0.006292,197591637.0
1776528000,0.00629,0.006317,0.006112,0.006144,122547153.0
1776556800,0.006146,0.00615,0.006048,0.006127,85194628.0
1776585600,0.006127,0.006209,0.006069,0.006169,113301172.0
1776614400,0.006169,0.006173,0.005919,0.005985,115865511.0
1776643200,0.005987,0.006265,0.005976,0.006249,89638722.0
1776672000,0.006249,0.006507,0.006215,0.0064,240423659.0
1776700800,0.006401,0.006467,0.006328,0.006339,92435323.0
1776729600,0.006339,0.006403,0.006246,0.006304,90869481.0
1776758400,0.006303,0.006346,0.006229,0.006322,99733399.0
1776787200,0.006323,0.006326,0.006144,0.006246,102058145.0
1776816000,0.006246,0.006404,0.006221,0.006377,74591089.0
1776844800,0.006377,0.006426,0.006308,0.006344,78207414.0
1776873600,0.006344,0.006403,0.006221,0.006227,62933307.0
1776902400,0.006228,0.006244,0.006128,0.006143,78891751.0
1776931200,0.006142,0.006228,0.006067,0.006211,71241405.0
1776960000,0.00621,0.006215,0.006082,0.006171,64311560.0
1776988800,0.006171,0.006279,0.006168,0.006219,77055712.0
1777017600,0.00622,0.006277,0.006175,0.006251,71603381.0
1777046400,0.006252,0.006323,0.006213,0.006248,80968950.0
1777075200,0.006248,0.006434,0.00623,0.006358,95722342.0
1777104000,0.006357,0.006656,0.006302,0.006503,458798400.0
1777132800,0.006496,0.006547,0.006315,0.0064,259823868.0
1777161600,0.0064,0.006477,0.00634,0.006423,103108050.0
1777190400,0.006423,0.006443,0.006282,0.00636,118930918.0
1777219200,0.006358,0.006531,0.00631,0.006463,126052916.0
1777248000,0.006463,0.006834,0.006423,0.006575,394719917.0
1777276800,0.006576,0.006972,0.006558,0.006853,704640826.0
1777305600,0.006853,0.007377,0.006808,0.007266,866310529.0
1777334400,0.007263,0.007266,0.006841,0.006976,547220154.0
1777363200,0.006976,0.00734,0.006809,0.007297,1042536912.0
1777392000,0.007297,0.007534,0.007245,0.007496,683152984.0
1777420800,0.007496,0.007789,0.007237,0.007274,806785185.0
1777449600,0.007275,0.007278,0.006965,0.006999,341772582.0
1777478400,0.006998,0.007098,0.006865,0.00701,218943997.0
1777507200,0.00701,0.007533,0.006933,0.007523,414833855.0
1777536000,0.007524,0.007801,0.007353,0.007557,971149781.0
1777564800,0.007559,0.007605,0.007267,0.007338,254653183.0
1777593600,0.007338,0.007488,0.007258,0.007309,258281637.0
1777622400,0.007309,0.007403,0.007185,0.007337,229561254.0
1777651200,0.007337,0.007551,0.007052,0.007117,363135390.0
1777680000,0.007115,0.007486,0.007051,0.007454,334314314.0
1777708800,0.007454,0.007868,0.007341,0.007862,507509623.0
1777737600,0.007865,0.008539,0.007669,0.008172,867283362.0
1777766400,0.008176,0.008256,0.007842,0.007971,451302375.0
1777795200,0.00797,0.008208,0.007866,0.007948,451151791.0
1777824000,0.007947,0.008184,0.007902,0.007963,322393949.0
1777852800,0.007961,0.00805,0.00783,0.007965,205993923.0
1777881600,0.007963,0.007979,0.007576,0.007636,498279814.0
1777910400,0.007637,0.007764,0.007573,0.007614,146762111.0
1777939200,0.007614,0.007819,0.007602,0.007641,171683483.0
1777968000,0.007648,0.00819,0.007476,0.008175,787889502.0
1777996800,0.008179,0.008364,0.007865,0.007917,585731838.0
1778025600,0.007917,0.008217,0.007871,0.008018,211369454.0
1778054400,0.008017,0.008079,0.007813,0.007931,198592417.0
1778083200,0.007929,0.007938,0.007763,0.007829,125447877.0
1778112000,0.007829,0.007874,0.007672,0.007842,148557598.0
1778140800,0.007843,0.008272,0.007829,0.00805,398262311.0
1778169600,0.00805,0.008133,0.007852,0.007948,171668283.0
1778198400,0.007948,0.008083,0.007884,0.007983,156038054.0
1778227200,0.007979,0.008716,0.007967,0.008542,764615379.0
1778256000,0.008541,0.008901,0.008465,0.008784,648637602.0
1778284800,0.008786,0.009119,0.00865,0.008694,286632768.0
1778313600,0.008694,0.008852,0.008536,0.008568,196946672.0
1778342400,0.008569,0.008707,0.008551,0.008587,96666566.0
1778371200,0.008586,0.008638,0.008403,0.008497,105002516.0
1778400000,0.008497,0.008862,0.008359,0.008472,287155908.0
1778428800,0.008473,0.008586,0.008206,0.008492,192660340.0
1778457600,0.008491,0.008564,0.008239,0.008325,153925116.0
1778486400,0.008325,0.008571,0.008239,0.008556,175565223.0
1778515200,0.008554,0.008673,0.008359,0.00842,148124333.0
1778544000,0.008421,0.008472,0.008308,0.008401,105751886.0
1778572800,0.008402,0.008624,0.008048,0.008324,329544553.0
1778601600,0.008327,0.008987,0.008313,0.008667,921143732.0
1778630400,0.008667,0.008699,0.008401,0.008443,188610731.0
1778659200,0.008441,0.00861,0.008043,0.008346,383063370.0
1778688000,0.008342,0.008554,0.008125,0.008134,266109156.0
1778716800,0.008132,0.008182,0.007918,0.007954,135809864.0
1778745600,0.007954,0.007968,0.007818,0.007952,158674992.0
1778774400,0.007952,0.007991,0.007717,0.007751,168287884.0
1778803200,0.00775,0.007836,0.007576,0.0077,147307099.0
1778832000,0.0077,0.007725,0.007424,0.007497,269164686.0
1778860800,0.007497,0.007547,0.007417,0.007519,94042547.0
1778889600,0.00752,0.007574,0.007187,0.007301,131213770.0
1778918400,0.007302,0.007334,0.00718,0.007251,98538840.0
1778947200,0.00725,0.007286,0.007223,0.007224,69536896.0
1778976000,0.007224,0.007278,0.007132,0.007262,64214763.0
1779004800,0.007264,0.007281,0.007133,0.007147,69832753.0
1779033600,0.007147,0.007175,0.006717,0.007034,157752549.0
1779062400,0.00703,0.007185,0.006987,0.007067,112261694.0
1779091200,0.007067,0.007107,0.006828,0.006884,130769928.0
1779120000,0.006886,0.007076,0.00687,0.007018,90131696.0
1779148800,0.007019,0.007047,0.006943,0.007028,57163381.0
1779177600,0.007028,0.007029,0.006882,0.006918,76800299.0
1779206400,0.006918,0.006949,0.006814,0.006874,47066715.0
1779235200,0.006875,0.007029,0.006854,0.007008,69403593.0
1779264000,0.007008,0.00702,0.006872,0.006938,84243423.0
1779292800,0.006938,0.007005,0.006889,0.006949,84814229.0
1779321600,0.006947,0.007053,0.006926,0.006986,85740880.0
1779350400,0.006985,0.007019,0.006834,0.006896,134410386.0
1779379200,0.006898,0.007018,0.006877,0.006961,148510824.0
1779408000,0.006963,0.006977,0.006872,0.006927,106340391.0
1779436800,0.006927,0.007329,0.006925,0.007102,256192243.0
1779465600,0.007101,0.007125,0.006687,0.006739,405438423.0
1779494400,0.006739,0.006792,0.006407,0.006531,143763320.0
1779523200,0.00653,0.006582,0.006451,0.006548,130412351.0
1779552000,0.006548,0.006854,0.006511,0.006766,176443293.0
1779580800,0.006767,0.006781,0.006633,0.006725,126968152.0
1779609600,0.006727,0.006756,0.006447,0.006578,119420020.0
1779638400,0.006577,0.00662,0.006385,0.006494,121561390.0
1779667200,0.006495,0.006678,0.006494,0.006607,82789287.0
1779696000,0.006607,0.006652,0.006537,0.006616,69066132.0
1779724800,0.006616,0.00669,0.006471,0.006513,105011064.0
1779753600,0.006514,0.00652,0.006331,0.006375,131123388.0
1779782400,0.006377,0.006553,0.006317,0.006376,166916518.0
1779811200,0.006377,0.006444,0.006275,0.006382,139284959.0
1779840000,0.006381,0.006436,0.006192,0.006343,104082725.0
1779868800,0.006342,0.006523,0.006276,0.006483,126060214.0
1779897600,0.006482,0.006699,0.00636,0.006428,219494671.0
1779926400,0.006427,0.006452,0.006109,0.006247,203093593.0
1779955200,0.006248,0.006256,0.006066,0.006237,136373137.0
1779984000,0.006236,0.006342,0.006196,0.006234,78439679.0
1780012800,0.006236,0.006308,0.006195,0.006231,65569880.0
1780041600,0.00623,0.006347,0.006062,0.00631,138277340.0
1780070400,0.006311,0.006347,0.006128,0.006161,93809058.0
1780099200,0.006161,0.006338,0.006154,0.006271,79241839.0
1780128000,0.006271,0.006433,0.006236,0.006418,81283571.0
1780156800,0.006417,0.006435,0.006253,0.006276,87540331.0
1780185600,0.006277,0.006389,0.006277,0.00632,52196850.0
1780214400,0.00632,0.006342,0.006154,0.006187,80227479.0
1780243200,0.006185,0.00635,0.006126,0.006337,73733801.0
1780272000,0.006339,0.006392,0.006162,0.006168,74498895.0
1780300800,0.006168,0.006226,0.006077,0.006149,114619103.0
1780329600,0.006149,0.006303,0.00611,0.006236,76878851.0
1780358400,0.006236,0.006248,0.006054,0.006111,104158219.0
1780387200,0.006111,0.006328,0.005887,0.00596,190159588.0
1780416000,0.00596,0.0061,0.005725,0.005852,171800000.0
1780444800,0.005855,0.006052,0.005772,0.006003,120992976.0
1780473600,0.006004,0.006078,0.005958,0.005994,104944799.0
1780502400,0.005995,0.00606,0.005828,0.005916,123020197.0
1780531200,0.005916,0.005969,0.005424,0.005669,314175759.0
1780560000,0.005668,0.005809,0.005522,0.005797,188903847.0
1780588800,0.005797,0.005839,0.00564,0.005707,105901787.0
1780617600,0.005706,0.005736,0.005273,0.00547,203459858.0
1780646400,0.005471,0.005621,0.00534,0.005385,198482228.0
1780675200,0.005384,0.005557,0.005184,0.005382,256415412.0
1780704000,0.005379,0.005471,0.00505,0.005319,170640680.0
1780732800,0.005319,0.005417,0.005201,0.005254,130177321.0
1780761600,0.005253,0.005293,0.005145,0.00519,103816857.0
1780790400,0.00519,0.005415,0.005168,0.005388,137829867.0
1780819200,0.005388,0.005516,0.005207,0.005238,144038900.0
1780848000,0.005239,0.005507,0.005084,0.005347,199531927.0
1780876800,0.005347,0.005493,0.005269,0.005325,167168626.0
1780905600,0.005325,0.0054,0.005271,0.005335,119144040.0
1780934400,0.005337,0.005458,0.00531,0.005322,123253818.0
1780963200,0.005322,0.005329,0.0051,0.005193,191923006.0
1780992000,0.005195,0.005227,0.005041,0.005055,160872824.0
1781020800,0.005054,0.005187,0.004998,0.005162,146610126.0
1781049600,0.005164,0.005209,0.00506,0.0051,90386706.0
1781078400,0.005102,0.005204,0.00497,0.005194,165398066.0
1781107200,0.005196,0.005212,0.004889,0.005012,165976779.0
1781136000,0.005012,0.005167,0.005011,0.005131,106979788.0
1781164800,0.005132,0.005304,0.005131,0.005288,177786673.0
1781193600,0.005289,0.005525,0.00526,0.005452,139322537.0
