timestamp,open,high,low,close,volume
1690588800,0.7,0.7,0.6292,0.682,4856420.0
1690617600,0.682,0.7145,0.675,0.704,11698760.0
1690646400,0.7039,0.7794,0.696,0.7505,42794997.0
1690675200,0.7509,0.7537,0.6967,0.7013,41620810.0
1690704000,0.7013,0.7047,0.6802,0.689,16633960.0
1690732800,0.6889,0.6987,0.6562,0.6882,12355126.0
1690761600,0.688,0.6929,0.66,0.6636,9543885.0
1690790400,0.6638,0.672,0.6435,0.6451,11049824.0
1690819200,0.6456,0.6559,0.631,0.647,6980752.0
1690848000,0.6471,0.6535,0.5713,0.6127,12238130.0
1690876800,0.6129,0.6285,0.6008,0.6238,5920416.0
1690905600,0.6237,0.6483,0.6214,0.6453,4346095.0
1690934400,0.645,0.65,0.6195,0.6256,3800907.0
1690963200,0.6256,0.6455,0.6152,0.6234,4679878.0
1690992000,0.6234,0.6539,0.6114,0.6416,13516996.0
1691020800,0.6416,0.6514,0.6167,0.6176,8763660.0
1691049600,0.6176,0.6277,0.6127,0.6181,5070975.0
1691078400,0.6182,0.6281,0.6063,0.6142,5709175.0
1691107200,0.6142,0.6142,0.5939,0.6004,6872455.0
1691136000,0.6004,0.6182,0.5985,0.6159,4567447.0
1691164800,0.6158,0.6307,0.607,0.6183,7081378.0
1691193600,0.6181,0.6198,0.5918,0.605,5881416.0
1691222400,0.6049,0.6541,0.6023,0.6369,23942945.0
1691251200,0.6368,0.6374,0.6146,0.6226,7203302.0
1691280000,0.6226,0.686,0.6148,0.668,43027090.0
1691308800,0.6679,0.7177,0.6585,0.6902,35127849.0
1691337600,0.6902,0.705,0.6705,0.6765,23297420.0
1691366400,0.6765,0.6915,0.6553,0.6586,11332182.0
1691395200,0.6585,0.6831,0.6416,0.6431,9616438.0
1691424000,0.643,0.6489,0.6262,0.6437,7407929.0
1691452800,0.6435,0.6449,0.6172,0.62,6113108.0
1691481600,0.62,0.6375,0.616,0.6308,9386337.0
1691510400,0.6306,0.633,0.62,0.6237,4338518.0
1691539200,0.6236,0.6408,0.6168,0.6279,6117185.0
1691568000,0.628,0.639,0.6189,0.6211,4344981.0
1691596800,0.6209,0.6265,0.6109,0.622,3196297.0
1691625600,0.622,0.6246,0.6117,0.6132,2826104.0
1691654400,0.6134,0.6155,0.6044,0.6101,4598362.0
1691683200,0.6101,0.6146,0.6019,0.6052,2520092.0
1691712000,0.6053,0.613,0.5971,0.6108,3437884.0
1691740800,0.6108,0.6192,0.606,0.6102,3109888.0
1691769600,0.6102,0.6157,0.6026,0.6146,2545785.0
1691798400,0.6146,0.6226,0.6087,0.6194,2860561.0
1691827200,0.6195,0.621,0.6097,0.6172,3326619.0
1691856000,0.6171,0.619,0.6086,0.6136,1961228.0
1691884800,0.6135,0.6249,0.6099,0.6212,3201775.0
1691913600,0.6213,0.6399,0.621,0.6277,8241457.0
1691942400,0.6278,0.6522,0.6278,0.6381,8629292.0
1691971200,0.638,0.646,0.6326,0.6371,6551092.0
1692000000,0.6371,0.6417,0.6268,0.6351,3298654.0
1692028800,0.6352,0.6582,0.6347,0.6432,7451339.0
1692057600,0.6432,0.6474,0.6245,0.6269,3854043.0
1692086400,0.6269,0.6332,0.6116,0.616,3821077.0
1692115200,0.616,0.6173,0.5622,0.587,5979785.0
1692144000,0.5871,0.5889,0.5726,0.5762,3583212.0
1692172800,0.5762,0.5801,0.5624,0.5631,4696275.0
1692201600,0.5631,0.5725,0.5351,0.5523,5574014.0
1692230400,0.5524,0.5549,0.5356,0.5494,3145484.0
1692259200,0.5496,0.5506,0.5301,0.5331,3770253.0
1692288000,0.5329,0.5474,0.4399,0.4797,13062796.0
1692316800,0.4797,0.5009,0.4757,0.4922,8902411.0
1692345600,0.4922,0.4942,0.4778,0.4798,4797557.0
1692374400,0.4798,0.4958,0.4753,0.4908,6555378.0
1692403200,0.4907,0.4984,0.4859,0.4979,3529096.0
1692432000,0.4979,0.5199,0.4971,0.505,10421688.0
1692460800,0.505,0.5095,0.4976,0.5071,3732032.0
1692489600,0.507,0.5107,0.5015,0.5052,2158800.0
1692518400,0.5055,0.513,0.498,0.5037,3331326.0
1692547200,0.5037,0.5205,0.5015,0.5127,3267667.0
1692576000,0.5124,0.5136,0.5002,0.5021,2594472.0
1692604800,0.5023,0.5043,0.4868,0.4935,5134461.0
1692633600,0.4933,0.505,0.4913,0.5006,2801093.0
1692662400,0.5007,0.5062,0.4968,0.5033,2707417.0
1692691200,0.5033,0.5043,0.4878,0.4903,5088183.0
1692720000,0.49,0.5052,0.4798,0.5042,5411321.0
1692748800,0.5043,0.5125,0.5016,0.51,2671316.0
1692777600,0.5099,0.5099,0.4968,0.5076,1937317.0
1692806400,0.5076,0.5265,0.5058,0.514,2940018.0
1692835200,0.5138,0.5194,0.5095,0.5132,1648729.0
1692864000,0.5132,0.5172,0.5035,0.5083,1137534.0
1692892800,0.5082,0.51,0.4971,0.5008,1386474.0
1692921600,0.5007,0.5008,0.4831,0.4838,2292735.0
1692950400,0.4837,0.5001,0.4833,0.4984,2820498.0
1692979200,0.4984,0.4996,0.4898,0.4987,1164455.0
1693008000,0.4989,0.5022,0.4922,0.4926,1738440.0
1693036800,0.4926,0.4935,0.4876,0.4913,1261621.0
1693065600,0.4914,0.492,0.483,0.489,1053874.0
1693094400,0.489,0.4905,0.4845,0.4868,1224128.0
1693123200,0.4868,0.4958,0.4852,0.493,894087.0
1693152000,0.493,0.4945,0.4876,0.4915,777731.0
1693180800,0.4915,0.492,0.4741,0.475,2566374.0
1693209600,0.475,0.4854,0.4665,0.4792,2630641.0
1693238400,0.4792,0.482,0.4741,0.4798,1717521.0
1693267200,0.4797,0.4803,0.4518,0.4537,6759493.0
1693296000,0.4535,0.4972,0.4493,0.4895,10326609.0
1693324800,0.4894,0.5214,0.4877,0.5128,7292483.0
1693353600,0.5129,0.5147,0.4974,0.5044,3801088.0
1693382400,0.5046,0.5182,0.4939,0.4959,9512743.0
1693411200,0.4957,0.5098,0.4945,0.5034,6646106.0
1693440000,0.5035,0.5127,0.4915,0.5093,3110312.0
1693468800,0.5093,0.5094,0.4919,0.4959,2935747.0
1693497600,0.4958,0.4967,0.4717,0.4826,3039207.0
1693526400,0.4825,0.4894,0.4734,0.4769,2022632.0
1693555200,0.4768,0.4792,0.47,0.471,4371298.0
1693584000,0.4709,0.475,0.4635,0.4693,2760490.0
1693612800,0.4695,0.4726,0.4637,0.4665,2085079.0
1693641600,0.4667,0.4766,0.4598,0.473,7694712.0
1693670400,0.4729,0.589,0.4623,0.5791,62771415.0
1693699200,0.5793,0.6045,0.546,0.5575,158677032.0
1693728000,0.5576,0.592,0.541,0.5899,125165295.0
1693756800,0.5897,0.933,0.5665,0.7254,339891197.0
1693785600,0.7252,0.7768,0.6105,0.623,212872685.0
1693814400,0.623,0.6267,0.5236,0.5279,126855475.0
1693843200,0.5279,0.5356,0.499,0.517,60629398.0
1693872000,0.5169,0.5491,0.514,0.535,84633320.0
1693900800,0.535,0.5419,0.5263,0.5312,29678456.0
1693929600,0.5313,0.5427,0.5173,0.524,24407465.0
1693958400,0.524,0.5377,0.5216,0.5332,19248481.0
1693987200,0.5331,0.5612,0.5282,0.5356,27507465.0
1694016000,0.5357,0.548,0.5253,0.5355,13814858.0
1694044800,0.5355,0.5391,0.5254,0.5326,8893605.0
1694073600,0.5326,0.5389,0.5254,0.5349,7327244.0
1694102400,0.5349,0.5404,0.5293,0.5359,10830967.0
1694131200,0.5358,0.5393,0.5292,0.5321,4459646.0
1694160000,0.5321,0.5876,0.5302,0.5694,33475692.0
1694188800,0.5695,0.6433,0.5501,0.5952,164333037.0
1694217600,0.5951,0.6093,0.565,0.5743,45872131.0
1694246400,0.5743,0.5816,0.5609,0.5709,19651787.0
1694275200,0.571,0.5823,0.5562,0.5605,12586849.0
1694304000,0.5606,0.5819,0.5015,0.5481,30195549.0
1694332800,0.548,0.5485,0.5296,0.5372,10953439.0
1694361600,0.5372,0.549,0.5246,0.5412,9331075.0
1694390400,0.5412,0.5604,0.5263,0.5538,11844201.0
1694419200,0.5538,0.56,0.5251,0.5429,18340137.0
1694448000,0.5428,0.5454,0.5295,0.5442,9221025.0
1694476800,0.5443,0.5621,0.5384,0.5435,15904436.0
1694505600,0.5435,0.558,0.5333,0.5349,8617786.0
1694534400,0.5349,0.5421,0.5155,0.5212,8227982.0
1694563200,0.5212,0.5862,0.5102,0.5564,32000098.0
1694592000,0.5564,0.5956,0.5507,0.5906,48147486.0
1694620800,0.5908,0.5923,0.5683,0.5726,25389447.0
1694649600,0.5727,0.5876,0.5596,0.5717,22528977.0
1694678400,0.5717,0.5918,0.568,0.5832,14566444.0
1694707200,0.5831,0.5856,0.5453,0.5456,14322842.0
1694736000,0.5457,0.5571,0.5455,0.5503,9283979.0
1694764800,0.5506,0.5599,0.5491,0.5544,5853441.0
1694793600,0.5544,0.571,0.547,0.5692,6890952.0
1694822400,0.5693,0.5785,0.5374,0.5445,12461265.0
1694851200,0.5444,0.5453,0.5283,0.5329,9070638.0
1694880000,0.5329,0.5473,0.5314,0.5414,7576688.0
1694908800,0.5414,0.5426,0.52,0.5288,10261648.0
1694937600,0.5289,0.5453,0.5276,0.5369,6971924.0
1694966400,0.5369,0.5381,0.5225,0.5316,6395928.0
1694995200,0.5316,0.5456,0.5235,0.5447,7745976.0
1695024000,0.5446,0.5624,0.5441,0.5545,8825615.0
1695052800,0.5546,0.5553,0.5395,0.5435,5285930.0
1695081600,0.5433,0.5653,0.5384,0.5577,7108495.0
1695110400,0.5577,0.5642,0.5529,0.5574,6890408.0
1695139200,0.5575,0.5665,0.5495,0.5646,5286781.0
1695168000,0.5648,0.573,0.56,0.5717,5124965.0
1695196800,0.5717,0.5917,0.5571,0.5891,14905607.0
1695225600,0.5888,0.6082,0.5695,0.603,14419610.0
1695254400,0.603,0.6232,0.5942,0.6075,20595795.0
1695283200,0.6076,0.62,0.59,0.6137,27966575.0
1695312000,0.6137,0.6295,0.6061,0.626,17279917.0
1695340800,0.6258,0.6355,0.596,0.6335,21642977.0
1695369600,0.6335,0.651,0.6256,0.6436,16286522.0
1695398400,0.6435,0.6649,0.6398,0.6528,13868670.0
1695427200,0.6527,0.6759,0.634,0.661,17084924.0
1695456000,0.6609,0.6653,0.6377,0.64,11420754.0
1695484800,0.6401,0.657,0.6372,0.6503,5496108.0
1695513600,0.6502,0.6508,0.6252,0.6305,5837774.0
1695542400,0.6307,0.6466,0.6304,0.6434,5234831.0
1695571200,0.6434,0.718,0.643,0.6949,37691017.0
1695600000,0.6948,0.71,0.6433,0.6534,38314454.0
1695628800,0.6533,0.6956,0.648,0.6899,28086996.0
1695657600,0.69,0.6994,0.6817,0.687,11913664.0
1695686400,0.687,0.7048,0.6847,0.6923,11927279.0
1695715200,0.6924,0.6956,0.6773,0.6794,10326493.0
1695744000,0.6793,0.7125,0.6692,0.7106,10202252.0
1695772800,0.7105,0.7265,0.696,0.7155,9498081.0
1695801600,0.7154,0.7522,0.7105,0.7443,28457726.0
1695830400,0.7443,0.8,0.7422,0.7944,49045383.0
1695859200,0.7941,0.823,0.7653,0.8181,38335211.0
1695888000,0.8179,0.8407,0.7875,0.7898,55026028.0
1695916800,0.7899,0.7936,0.6209,0.6293,83340102.0
1695945600,0.6293,0.6733,0.6084,0.653,78913637.0
1695974400,0.653,0.6755,0.6263,0.6313,62787457.0
1696003200,0.6312,0.6435,0.6201,0.6301,29087303.0
1696032000,0.6302,0.6343,0.5872,0.6119,35842377.0
1696060800,0.6119,0.613,0.5983,0.6024,19476656.0
1696089600,0.6024,0.6075,0.591,0.6031,13330701.0
1696118400,0.603,0.6234,0.6001,0.6152,15806373.0
1696147200,0.6152,0.6168,0.6075,0.6122,10356729.0
1696176000,0.6122,0.6251,0.6032,0.6204,10294991.0
1696204800,0.6205,0.629,0.61,0.6228,9092491.0
1696233600,0.6227,0.626,0.5938,0.6002,8035203.0
1696262400,0.6002,0.6108,0.55,0.5876,13990006.0
1696291200,0.5876,0.5959,0.5797,0.5856,5113128.0
1696320000,0.5855,0.5881,0.5655,0.5755,8559321.0
1696348800,0.5754,0.5798,0.5668,0.5712,5124875.0
1696377600,0.5713,0.5836,0.54,0.5804,10447935.0
1696406400,0.5805,0.6033,0.5772,0.591,17072486.0
1696435200,0.591,0.6014,0.5873,0.5891,9170019.0
1696464000,0.589,0.5942,0.573,0.5883,7376409.0
1696492800,0.5883,0.596,0.5736,0.5777,6453769.0
1696521600,0.5779,0.588,0.5715,0.5789,5433468.0
1696550400,0.5789,0.5923,0.5783,0.5887,3411712.0
1696579200,0.5888,0.6032,0.5824,0.6,5964216.0
1696608000,0.5999,0.6067,0.5946,0.5954,5792856.0
1696636800,0.5954,0.5961,0.5867,0.5898,3623042.0
1696665600,0.5897,0.5933,0.5861,0.5888,2490279.0
1696694400,0.5887,0.5912,0.5811,0.5879,2925411.0
1696723200,0.5879,0.5944,0.5812,0.585,2674629.0
1696752000,0.5849,0.5879,0.5754,0.5811,2531338.0
1696780800,0.5811,0.5875,0.5797,0.5838,2171101.0
1696809600,0.5838,0.5914,0.58,0.5846,2908582.0
1696838400,0.5845,0.5848,0.5475,0.5602,7484924.0
1696867200,0.5601,0.5768,0.5426,0.5718,6351106.0
1696896000,0.5718,0.5759,0.5647,0.5651,3434610.0
1696924800,0.5651,0.5738,0.5594,0.5624,3484811.0
1696953600,0.5625,0.5673,0.556,0.5619,2539186.0
1696982400,0.562,0.5642,0.5377,0.5408,5966286.0
1697011200,0.5409,0.5494,0.5331,0.5389,4345138.0
1697040000,0.5388,0.5433,0.5358,0.5427,2750701.0
1697068800,0.5429,0.5587,0.5387,0.5507,5582218.0
1697097600,0.5508,0.5538,0.536,0.5436,3792202.0
1697126400,0.5438,0.5477,0.5403,0.5456,2180577.0
1697155200,0.5455,0.5497,0.5422,0.5442,2280182.0
1697184000,0.5443,0.5533,0.5426,0.5509,2578668.0
1697212800,0.5509,0.5584,0.5461,0.5515,2184129.0
1697241600,0.5513,0.5537,0.548,0.549,1345319.0
1697270400,0.549,0.5529,0.5461,0.5527,1559983.0
1697299200,0.5525,0.5696,0.5523,0.5553,3085570.0
1697328000,0.5553,0.5728,0.5512,0.5711,3309822.0
1697356800,0.571,0.5805,0.5646,0.5763,5945317.0
1697385600,0.5762,0.5829,0.5696,0.5706,3560974.0
1697414400,0.5706,0.5795,0.5676,0.5755,3274859.0
1697443200,0.5755,0.5856,0.5662,0.5674,5384052.0
1697472000,0.5675,0.5736,0.5635,0.5709,2069886.0
1697500800,0.5709,0.5757,0.5582,0.5642,3627270.0
1697529600,0.5643,0.5679,0.5374,0.5516,3076220.0
1697558400,0.5517,0.5525,0.5426,0.5485,1118187.0
1697587200,0.5485,0.5608,0.5407,0.5479,2731494.0
1697616000,0.5479,0.5508,0.5386,0.5388,2317770.0
1697644800,0.5389,0.539,0.5254,0.5325,3834008.0
1697673600,0.5325,0.5362,0.5242,0.5319,3059399.0
1697702400,0.5319,0.532,0.5266,0.5274,1785624.0
1697731200,0.5273,0.5313,0.5245,0.5287,1850238.0
1697760000,0.5288,0.544,0.5239,0.5368,2751103.0
1697788800,0.5368,0.5517,0.5365,0.544,3022110.0
1697817600,0.544,0.549,0.5416,0.5435,1275682.0
1697846400,0.5435,0.5805,0.5421,0.5786,6568257.0
1697875200,0.5786,0.6269,0.5728,0.6244,55235144.0
1697904000,0.6246,0.68,0.6225,0.6623,98776089.0
1697932800,0.6623,0.717,0.6515,0.698,162744424.0
1697961600,0.698,0.7295,0.6833,0.7251,175977911.0
1697990400,0.7252,0.792,0.7211,0.77,279632878.0
1698019200,0.77,0.818,0.7552,0.7893,155509825.0
1698048000,0.7893,0.85,0.7824,0.8377,148597355.0
1698076800,0.8377,0.9893,0.8147,0.9543,192632884.0
1698105600,0.9542,0.9598,0.82,0.8627,96741253.0
1698134400,0.8628,0.9314,0.8555,0.877,60367802.0
1698163200,0.877,1.04,0.8665,1.0223,63412804.0
1698192000,1.0222,1.028,0.9471,0.9796,59921778.0
1698220800,0.9796,1.2806,0.9593,1.2685,159200957.0
1698249600,1.2685,1.3934,0.7915,0.9229,511141659.0
1698278400,0.9229,0.9403,0.8586,0.8981,68404652.0
1698307200,0.8982,0.9189,0.8297,0.8459,83418223.0
1698336000,0.846,0.8516,0.7752,0.7944,62291871.0
1698364800,0.7945,0.8243,0.7836,0.7914,40065905.0
1698393600,0.7913,0.8083,0.7815,0.7952,31362560.0
1698422400,0.7952,0.7988,0.7553,0.7757,23694571.0
1698451200,0.7758,0.8258,0.775,0.7998,17018991.0
1698480000,0.7998,0.808,0.7812,0.7995,11763795.0
1698508800,0.7996,0.82,0.796,0.8072,12804794.0
1698537600,0.8072,0.8131,0.7844,0.7894,8695196.0
1698566400,0.7894,0.8043,0.7861,0.7965,9226200.0
1698595200,0.7966,0.8068,0.7884,0.7961,7264132.0
1698624000,0.7961,0.8734,0.7928,0.8208,26507059.0
1698652800,0.821,0.8694,0.8103,0.8381,16428925.0
1698681600,0.8381,0.8451,0.8105,0.8322,9421259.0
1698710400,0.8321,0.8978,0.8272,0.8585,21322811.0
1698739200,0.8585,0.8654,0.7966,0.8162,20052536.0
1698768000,0.8162,0.8442,0.8091,0.8355,9135417.0
1698796800,0.8355,0.8592,0.8169,0.8531,11400632.0
1698825600,0.8533,0.8896,0.8511,0.8786,22571173.0
1698854400,0.8787,0.9327,0.8601,0.9033,22725291.0
1698883200,0.9032,0.9169,0.8821,0.8925,9458334.0
1698912000,0.8925,0.9139,0.8465,0.8531,15245719.0
1698940800,0.8533,0.9099,0.8396,0.8898,9874284.0
1698969600,0.8899,0.9058,0.844,0.8923,7255096.0
1698998400,0.8922,0.937,0.8623,0.9241,12025979.0
1699027200,0.9241,0.9272,0.885,0.8933,5909206.0
1699056000,0.8933,0.9293,0.8886,0.9059,5698992.0
1699084800,0.9059,0.9157,0.8953,0.8973,5025721.0
1699113600,0.8971,0.9127,0.8874,0.905,3555382.0
1699142400,0.9049,0.9178,0.8935,0.911,3805539.0
1699171200,0.9108,0.9246,0.8617,0.8672,6553029.0
1699200000,0.8672,0.8743,0.8218,0.8419,10152539.0
1699228800,0.8421,0.857,0.8066,0.8159,10017658.0
1699257600,0.8158,0.8212,0.8004,0.8076,13463588.0
1699286400,0.8078,0.8173,0.79,0.811,10089660.0
1699315200,0.811,0.8367,0.7971,0.8166,8261003.0
1699344000,0.8167,0.8266,0.7804,0.8015,10502782.0
1699372800,0.8016,0.8467,0.795,0.8235,9244857.0
1699401600,0.8236,0.8265,0.8103,0.8128,5357051.0
1699430400,0.8128,0.8186,0.8026,0.8145,4432446.0
1699459200,0.8144,0.8308,0.811,0.8273,5891147.0
1699488000,0.8273,0.9425,0.82,0.8888,26986256.0
1699516800,0.8885,0.9353,0.8744,0.8995,18747383.0
1699545600,0.8986,0.9084,0.7373,0.8925,20339397.0
1699574400,0.8928,0.9121,0.8682,0.8686,8404496.0
1699603200,0.869,0.883,0.8342,0.852,9912092.0
1699632000,0.8564,0.909,0.8539,0.9013,6559886.0
1699660800,0.9018,0.9167,0.8403,0.8563,9404055.0
1699689600,0.8566,0.8991,0.8518,0.8875,5732585.0
1699718400,0.8875,0.8971,0.8649,0.882,5621105.0
1699747200,0.882,0.8923,0.8345,0.8875,7407543.0
1699776000,0.8875,0.9339,0.8602,0.9171,10072006.0
1699804800,0.9169,0.9477,0.9041,0.9345,6700660.0
1699833600,0.9345,1.0225,0.895,0.9152,20289803.0
1699862400,0.9151,0.946,0.8789,0.9158,12589612.0
1699891200,0.9162,0.924,0.8668,0.8746,7516154.0
1699920000,0.8741,0.8802,0.8488,0.8746,6446044.0
1699948800,0.8747,0.8771,0.8223,0.8309,11584459.0
1699977600,0.8312,0.8388,0.7741,0.81,10716739.0
1700006400,0.8098,0.825,0.8051,0.8232,5303411.0
1700035200,0.8229,0.8398,0.815,0.8333,7804740.0
1700064000,0.8332,0.841,0.8114,0.8328,6253963.0
1700092800,0.8328,0.8481,0.8285,0.8365,5459987.0
1700121600,0.8363,0.8414,0.7838,0.8116,11932275.0
1700150400,0.8117,0.8411,0.7787,0.8087,10204479.0
1700179200,0.8086,0.8412,0.807,0.8229,7386185.0
1700208000,0.8229,0.8312,0.7344,0.7365,15773100.0
1700236800,0.7366,0.7742,0.7349,0.771,6517318.0
1700265600,0.771,0.7717,0.7153,0.7388,7812783.0
1700294400,0.7391,0.7502,0.7196,0.7493,9628714.0
1700323200,0.7491,0.767,0.7389,0.7634,5012553.0
1700352000,0.7633,0.7852,0.7402,0.7805,5050352.0
1700380800,0.7806,0.7999,0.7734,0.7974,8133710.0
1700409600,0.7971,0.8099,0.7861,0.802,5213561.0
1700438400,0.802,0.8036,0.7782,0.7909,4829029.0
1700467200,0.7909,0.8013,0.765,0.7949,6980711.0
1700496000,0.795,0.8086,0.768,0.7892,9326769.0
1700524800,0.7894,0.8144,0.785,0.7877,7287796.0
1700553600,0.7877,0.8187,0.7717,0.8101,11002071.0
1700582400,0.8102,0.8186,0.756,0.7815,19521797.0
1700611200,0.7813,0.8893,0.7797,0.8659,39262556.0
1700640000,0.8661,0.8881,0.8201,0.8359,35571351.0
1700668800,0.836,0.8585,0.812,0.8436,12376162.0
1700697600,0.8434,0.8715,0.8331,0.8398,9719818.0
1700726400,0.8397,0.8484,0.8219,0.8284,10725129.0
1700755200,0.8285,0.8591,0.8281,0.8517,6459450.0
1700784000,0.8519,0.8624,0.8443,0.8548,5795634.0
1700812800,0.8549,0.862,0.8122,0.8325,7619713.0
1700841600,0.8324,0.8469,0.8152,0.8298,8401033.0
1700870400,0.8298,0.9368,0.8202,0.9165,19949931.0
1700899200,0.9165,0.9363,0.8952,0.9093,14473533.0
1700928000,0.9091,0.9546,0.9044,0.9481,14438556.0
1700956800,0.9481,0.9638,0.9134,0.9297,13984642.0
1700985600,0.9297,0.9672,0.9203,0.9316,11020412.0
1701014400,0.9317,0.9433,0.8945,0.9255,9302429.0
1701043200,0.9255,0.9446,0.8575,0.8649,8824573.0
1701072000,0.8647,0.8756,0.84,0.862,11382668.0
1701100800,0.8622,0.8702,0.8296,0.8451,8005574.0
1701129600,0.8452,0.8543,0.8149,0.8247,7223828.0
1701158400,0.8249,0.839,0.8159,0.8329,8245605.0
1701187200,0.8331,0.8431,0.82,0.8308,4696178.0
1701216000,0.8308,0.8413,0.8223,0.8252,3336697.0
1701244800,0.8252,0.8373,0.8107,0.8228,8588712.0
1701273600,0.8227,0.832,0.8131,0.8227,2867339.0
1701302400,0.8228,0.8314,0.8088,0.8109,3520240.0
1701331200,0.8109,0.8236,0.805,0.8135,4698858.0
1701360000,0.8134,0.8274,0.8107,0.8273,1934814.0
1701388800,0.8273,0.8868,0.8238,0.87,13600527.0
1701417600,0.8701,0.8754,0.8323,0.8507,8505506.0
1701446400,0.8508,0.8573,0.8384,0.8436,2875255.0
1701475200,0.8437,0.8546,0.8407,0.8507,2395707.0
1701504000,0.8507,0.8635,0.845,0.855,3367020.0
1701532800,0.8549,0.8751,0.8538,0.8745,3383509.0
1701561600,0.8745,0.8746,0.8504,0.8568,2761898.0
1701590400,0.8568,0.8586,0.8326,0.8406,2928640.0
1701619200,0.8405,0.8592,0.8362,0.8479,1860650.0
1701648000,0.8479,0.9691,0.8425,0.9661,14323451.0
1701676800,0.9662,1.0037,0.8302,0.9466,28845005.0
1701705600,0.9466,1.0346,0.9395,1.0285,17218726.0
1701734400,1.0285,1.1919,0.9932,1.1698,32140324.0
1701763200,1.1698,1.2486,1.087,1.2163,48539414.0
1701792000,1.2157,1.3787,1.1514,1.2697,57221505.0
1701820800,1.2697,1.2878,1.14,1.1668,23748162.0
1701849600,1.1675,1.1785,1.0372,1.0483,20783871.0
1701878400,1.0485,1.0604,1.002,1.0117,23081538.0
1701907200,1.0118,1.0415,1.0054,1.0312,9076507.0
1701936000,1.0309,1.0328,0.985,1.0129,11342477.0
1701964800,1.0136,1.0335,0.9962,1.0182,6593405.0
1701993600,1.0181,1.0251,0.9922,1.0026,6249283.0
1702022400,1.0025,1.0086,0.9903,1.0012,5342969.0
1702051200,1.0013,1.0279,0.988,1.0269,7632964.0
1702080000,1.027,1.0553,1.0176,1.0354,5556658.0
1702108800,1.0354,1.0418,0.9942,1.0159,7403884.0
1702137600,1.016,1.0276,0.9596,0.9948,5821999.0
1702166400,0.9949,1.01,0.9921,1.0029,3845301.0
1702195200,1.0029,1.0039,0.9666,0.9964,4005569.0
1702224000,0.9963,1.0333,0.9913,1.0179,2845478.0
1702252800,1.0179,1.0208,0.8717,0.9288,14246105.0
1702281600,0.9285,0.9574,0.9172,0.9312,5540062.0
1702310400,0.931,0.945,0.8858,0.9382,5799147.0
1702339200,0.9382,0.9647,0.9376,0.9574,4990313.0
1702368000,0.9573,0.9578,0.9205,0.9388,4806887.0
1702396800,0.9389,0.9504,0.9137,0.9476,5467318.0
1702425600,0.9478,0.9504,0.8846,0.9067,6400933.0
1702454400,0.9069,0.9478,0.9018,0.9438,3005425.0
1702483200,0.9438,0.9671,0.9247,0.9562,4905750.0
1702512000,0.9563,0.9617,0.9422,0.9547,2723167.0
1702540800,0.9546,0.9716,0.9068,0.9672,5657195.0
1702569600,0.9674,0.993,0.959,0.9724,7218320.0
1702598400,0.9723,0.9789,0.9514,0.9673,2907643.0
1702627200,0.9672,0.9702,0.9232,0.9317,3744009.0
1702656000,0.9316,0.9519,0.9001,0.9113,5109925.0
1702684800,0.9113,0.9455,0.9065,0.9421,2079882.0
1702713600,0.9421,0.9966,0.9412,0.9701,3995070.0
1702742400,0.9698,0.9806,0.9567,0.9686,4432332.0
1702771200,0.9686,0.9947,0.9411,0.9478,4449759.0
1702800000,0.9478,0.9736,0.941,0.9618,3526623.0
1702828800,0.9619,1.0316,0.9516,0.9576,8602225.0
1702857600,0.9578,0.9735,0.8981,0.9032,6892625.0
1702886400,0.9032,1.0045,0.864,0.99,10100342.0
1702915200,0.99,1.1187,0.9687,1.0993,17738109.0
1702944000,1.0993,1.1936,1.06,1.0766,21510332.0
1702972800,1.0765,1.1721,1.0712,1.1669,18817259.0
1703001600,1.1665,1.1903,1.1044,1.1127,19552177.0
1703030400,1.1126,1.1659,1.0915,1.1025,10604325.0
1703059200,1.1026,1.1178,1.0738,1.1052,6828472.0
1703088000,1.1052,1.1165,1.0569,1.072,4685131.0
1703116800,1.0719,1.198,1.0683,1.1711,10272665.0
1703145600,1.1711,1.3184,1.1668,1.2323,26712365.0
1703174400,1.2323,1.2394,1.147,1.1541,9686144.0
1703203200,1.154,1.1826,1.1382,1.1719,6822328.0
1703232000,1.1719,1.2474,1.1584,1.1669,10847808.0
1703260800,1.1669,1.1813,1.1467,1.1534,3501403.0
1703289600,1.1532,1.1609,1.1172,1.1398,4004542.0
1703318400,1.1396,1.3217,1.1372,1.2672,16834601.0
1703347200,1.2671,1.3235,1.2489,1.2545,9975625.0
1703376000,1.2543,1.2709,1.2043,1.2157,7412161.0
1703404800,1.2155,1.2241,1.1882,1.2049,6355537.0
1703433600,1.2048,1.2595,1.155,1.2379,9076182.0
1703462400,1.2379,1.445,1.2282,1.4417,22032824.0
1703491200,1.4418,1.5911,1.43,1.5455,53726567.0
1703520000,1.5447,1.6046,1.5102,1.5636,39564043.0
1703548800,1.564,1.621,1.476,1.4931,28196671.0
1703577600,1.4937,1.5336,1.4421,1.5018,12910651.0
1703606400,1.5022,1.6363,1.406,1.4579,20377715.0
1703635200,1.4579,1.4901,1.4018,1.4066,7330525.0
1703664000,1.4067,1.4364,1.3886,1.411,6800122.0
1703692800,1.411,1.4531,1.3915,1.4301,5312306.0
1703721600,1.43,1.4885,1.315,1.3388,12870109.0
1703750400,1.3381,1.3407,1.2553,1.2735,9549733.0
1703779200,1.2735,1.2913,1.2409,1.2577,4544681.0
1703808000,1.258,1.3032,1.2244,1.2848,5038110.0
1703836800,1.2844,1.3002,1.2557,1.2732,3719363.0
1703865600,1.2734,1.315,1.2557,1.3027,4270543.0
1703894400,1.3027,1.3126,1.2557,1.2697,3430582.0
1703923200,1.2698,1.2796,1.2139,1.2712,4856711.0
1703952000,1.2704,1.2893,1.2533,1.2672,2914347.0
1703980800,1.2672,1.291,1.2396,1.2681,2858263.0
1704009600,1.2681,1.2827,1.2447,1.2525,2238875.0
1704038400,1.2528,1.2798,1.1716,1.2279,4244311.0
1704067200,1.2279,1.2706,1.22,1.2293,2538941.0
1704096000,1.2293,1.2839,1.2171,1.2755,2932952.0
1704124800,1.2752,1.5532,1.2726,1.5457,33218084.0
1704153600,1.5456,1.63,1.5168,1.6083,31031132.0
1704182400,1.6082,1.6929,1.4353,1.4747,56318120.0
1704211200,1.4747,1.4941,1.4367,1.4597,7291081.0
1704240000,1.4594,1.4751,1.3859,1.397,9146629.0
1704268800,1.397,1.4104,1.0,1.233,26494092.0
1704297600,1.2332,1.2614,1.161,1.177,9888698.0
1704326400,1.1772,1.2035,1.1387,1.1877,7108656.0
1704355200,1.1875,1.2334,1.1811,1.2231,6026310.0
1704384000,1.2234,1.2681,1.2107,1.2513,4267768.0
1704412800,1.2511,1.2941,1.1768,1.2215,8537315.0
1704441600,1.2218,1.2454,1.1787,1.2037,7846032.0
1704470400,1.2035,1.2212,1.1597,1.2148,3932809.0
1704499200,1.2147,1.2147,1.1185,1.1475,3343239.0
1704528000,1.1474,1.2048,1.1388,1.197,3547953.0
1704556800,1.1968,1.2004,1.1579,1.1777,1569137.0
1704585600,1.1773,1.2168,1.1695,1.2064,2281806.0
1704614400,1.2061,1.219,1.1495,1.1586,2554759.0
1704643200,1.1585,1.1668,1.0999,1.1172,3084521.0
1704672000,1.1172,1.1189,1.0107,1.0882,5906875.0
1704700800,1.088,1.142,1.0647,1.1292,2761555.0
1704729600,1.1295,1.1573,1.111,1.1563,2154635.0
1704758400,1.1565,1.1596,1.1244,1.1501,2921801.0
1704787200,1.1501,1.151,1.075,1.099,2746091.0
1704816000,1.0991,1.142,1.0673,1.1374,4005013.0
1704844800,1.1371,1.264,1.1272,1.2176,8245876.0
1704873600,1.2175,1.2298,1.162,1.2035,7328594.0
1704902400,1.203,1.3122,1.1793,1.2836,6777948.0
1704931200,1.2839,1.3219,1.2722,1.3186,3921134.0
1704960000,1.3185,1.35,1.2715,1.2924,3905426.0
1704988800,1.2926,1.3341,1.2621,1.321,2546504.0
1705017600,1.3211,1.3428,1.3044,1.3196,2148785.0
1705046400,1.3195,1.383,1.3101,1.3211,3463054.0
1705075200,1.321,1.3622,1.2482,1.3105,5183635.0
1705104000,1.3105,1.3735,1.2552,1.3523,3748082.0
1705132800,1.3522,1.3615,1.3096,1.3225,2707068.0
1705161600,1.3225,1.3818,1.3182,1.3689,3243286.0
1705190400,1.3687,1.4012,1.3347,1.3883,2444691.0
1705219200,1.3886,1.4561,1.3554,1.3675,4703926.0
1705248000,1.3675,1.3702,1.3056,1.313,3270108.0
1705276800,1.313,1.3965,1.3113,1.3869,3213743.0
1705305600,1.3864,1.3905,1.2904,1.296,3621841.0
1705334400,1.296,1.3857,1.2932,1.3484,3409389.0
1705363200,1.3482,1.3742,1.3352,1.3376,1701287.0
1705392000,1.3383,1.4055,1.3146,1.3991,2854069.0
1705420800,1.3997,1.4367,1.3517,1.3557,2676431.0
1705449600,1.3557,1.3819,1.3408,1.3466,1381521.0
1705478400,1.3465,1.4017,1.3403,1.3778,2355622.0
1705507200,1.3786,1.4069,1.3603,1.3729,1969418.0
1705536000,1.3729,1.4283,1.353,1.3874,3997421.0
1705564800,1.3875,1.3897,1.3248,1.336,2853604.0
1705593600,1.3363,1.3364,1.2321,1.2524,3654319.0
1705622400,1.2521,1.2559,1.1755,1.2142,2926123.0
1705651200,1.2146,1.2438,1.1946,1.2005,2412079.0
1705680000,1.2005,1.2141,1.1467,1.2107,3359192.0
1705708800,1.2107,1.2338,1.1836,1.1861,1322066.0
1705737600,1.1862,1.2163,1.1784,1.208,1634253.0
1705766400,1.2084,1.2244,1.2015,1.2206,1308072.0
1705795200,1.2204,1.2252,1.2012,1.2105,990723.0
1705824000,1.2104,1.2372,1.1973,1.2245,937765.0
1705852800,1.2249,1.2316,1.195,1.1987,969724.0
1705881600,1.1989,1.2131,1.1544,1.1653,1803291.0
1705910400,1.165,1.1654,1.02,1.0502,11600025.0
1705939200,1.0504,1.0533,1.0048,1.0273,9658320.0
1705968000,1.0274,1.0338,0.9896,0.9981,7035701.0
1705996800,0.9985,1.0059,0.923,0.9574,12146541.0
1706025600,0.9573,0.9656,0.922,0.9635,4941369.0
1706054400,0.9629,0.9848,0.9455,0.9648,3640552.0
1706083200,0.9654,0.9898,0.9555,0.9706,4250466.0
1706112000,0.9708,0.9909,0.9595,0.9856,3221038.0
1706140800,0.9857,0.9977,0.9634,0.9899,3055961.0
1706169600,0.9899,1.005,0.9752,0.9898,5610828.0
1706198400,0.99,1.0439,0.9847,1.0318,6968700.0
1706227200,1.0314,1.0659,1.0235,1.0363,5978596.0
1706256000,1.0367,1.0617,1.0332,1.0561,3977529.0
1706284800,1.0562,1.0617,1.0351,1.047,2169938.0
1706313600,1.0472,1.0562,1.027,1.0358,2156196.0
1706342400,1.0358,1.0649,1.0287,1.0625,1800900.0
1706371200,1.0625,1.113,1.0585,1.0969,3817803.0
1706400000,1.0968,1.1208,1.0809,1.1079,3693222.0
1706428800,1.1079,1.1824,1.0714,1.0863,14414521.0
1706457600,1.0863,1.0874,1.0469,1.0629,2416562.0
1706486400,1.0626,1.1083,1.0588,1.0896,3651401.0
1706515200,1.0895,1.1152,1.0827,1.1147,2654691.0
1706544000,1.1149,1.1848,1.1099,1.1481,9054221.0
1706572800,1.148,1.1612,1.124,1.1341,2401814.0
1706601600,1.1338,1.1801,1.131,1.1473,2790970.0
1706630400,1.1472,1.1638,1.1336,1.1436,2043508.0
1706659200,1.1432,1.1742,1.1166,1.1445,3075300.0
1706688000,1.1445,1.1604,1.1091,1.1376,3685521.0
1706716800,1.1373,1.1545,1.1023,1.1225,2376783.0
1706745600,1.1229,1.1974,1.0708,1.0874,14059428.0
1706774400,1.0873,1.2275,1.0769,1.2058,12910560.0
1706803200,1.2056,1.2497,1.1896,1.2162,17397153.0
1706832000,1.2163,1.2668,1.2158,1.2382,13935894.0
1706860800,1.2381,1.2455,1.115,1.1666,15798771.0
1706889600,1.1668,1.1728,1.1453,1.1499,2587048.0
1706918400,1.1501,1.1596,1.1334,1.1522,3296192.0
1706947200,1.1524,1.1766,1.1426,1.1513,2810353.0
1706976000,1.1513,1.1679,1.1443,1.1566,1550616.0
1707004800,1.1564,1.1641,1.1323,1.1536,2609576.0
1707033600,1.1534,1.1692,1.1446,1.156,2159107.0
1707062400,1.1558,1.1692,1.1388,1.1486,1865627.0
1707091200,1.1481,1.1751,1.137,1.1659,1969955.0
1707120000,1.1659,1.17,1.1429,1.1515,1692876.0
1707148800,1.1512,1.2018,1.1509,1.1988,2695953.0
1707177600,1.1991,1.2552,1.1875,1.246,5182271.0
1707206400,1.2456,1.2788,1.2306,1.2544,9287062.0
1707235200,1.2544,1.2966,1.25,1.2859,4653078.0
1707264000,1.2859,1.3098,1.241,1.2522,4488976.0
1707292800,1.2523,1.3048,1.2519,1.2995,2710413.0
1707321600,1.2996,1.3059,1.264,1.272,2020641.0
1707350400,1.272,1.2818,1.1888,1.2227,6927947.0
1707379200,1.2228,1.277,1.2228,1.2699,2969620.0
1707408000,1.27,1.2895,1.2572,1.2626,2023232.0
1707436800,1.2626,1.2834,1.2557,1.2678,1688785.0
1707465600,1.2678,1.35,1.2622,1.2911,4626020.0
1707494400,1.2912,1.2922,1.2676,1.2714,1805192.0
1707523200,1.2718,1.2852,1.2628,1.2761,1410316.0
1707552000,1.2763,1.2867,1.2583,1.2715,1365278.0
1707580800,1.2715,1.2742,1.245,1.2592,1085527.0
1707609600,1.2586,1.3274,1.2511,1.3059,3559787.0
1707638400,1.3059,1.3195,1.25,1.2528,2702877.0
1707667200,1.2528,1.2602,1.2346,1.2404,1212485.0
1707696000,1.2406,1.2701,1.237,1.2563,2304576.0
1707724800,1.2567,1.2783,1.2404,1.2722,1957717.0
1707753600,1.2719,1.2945,1.2618,1.2923,1768716.0
1707782400,1.2919,1.3056,1.2776,1.2944,2494005.0
1707811200,1.2943,1.3069,1.2312,1.2584,3294731.0
1707840000,1.2581,1.2778,1.2523,1.2726,1086160.0
1707868800,1.2724,1.2848,1.2546,1.2845,2174171.0
1707897600,1.2845,1.3176,1.2788,1.3095,2138921.0
1707926400,1.3095,1.3279,1.2963,1.3236,924657.0
1707955200,1.3241,1.3655,1.3214,1.3499,2444332.0
1707984000,1.3499,1.3705,1.3294,1.3362,2023724.0
1708012800,1.3366,1.3537,1.32,1.3472,3476089.0
1708041600,1.3473,1.3702,1.3416,1.3502,1189788.0
1708070400,1.3504,1.4682,1.3442,1.4238,6822099.0
1708099200,1.4235,1.427,1.3469,1.3882,4000311.0
1708128000,1.3882,1.3882,1.3611,1.378,1144275.0
1708156800,1.3779,1.3779,1.3052,1.3401,3750737.0
1708185600,1.34,1.3625,1.3342,1.355,642480.0
1708214400,1.3551,1.4139,1.3468,1.3914,3304357.0
1708243200,1.3912,1.3979,1.371,1.39,1567332.0
1708272000,1.39,1.4224,1.3869,1.404,1546277.0
1708300800,1.4043,1.4194,1.3882,1.4077,2101206.0
1708329600,1.4075,1.4144,1.3826,1.4069,1395658.0
1708358400,1.4069,1.4124,1.3823,1.3948,1154489.0
1708387200,1.3948,1.4392,1.3825,1.4008,2846270.0
1708416000,1.4006,1.4047,1.3042,1.3263,3638141.0
1708444800,1.3264,1.3766,1.2872,1.3633,2025387.0
1708473600,1.3636,1.3636,1.3035,1.3166,1364559.0
1708502400,1.3169,1.3276,1.2684,1.3014,2520237.0
1708531200,1.3015,1.3335,1.2718,1.3306,1012868.0
1708560000,1.3306,1.395,1.3035,1.3855,1648265.0
1708588800,1.3856,1.4132,1.3776,1.4053,1960637.0
1708617600,1.4054,1.4172,1.388,1.3887,969980.0
1708646400,1.3891,1.4172,1.3663,1.3943,2925744.0
1708675200,1.3946,1.4335,1.379,1.3874,2850468.0
1708704000,1.3876,1.4317,1.3705,1.4065,1635754.0
1708732800,1.406,1.4168,1.3575,1.4011,1251834.0
1708761600,1.4008,1.4466,1.3936,1.438,1610935.0
1708790400,1.438,1.4615,1.4277,1.4349,950437.0
1708819200,1.435,1.4497,1.4167,1.4229,880493.0
1708848000,1.4227,1.448,1.4114,1.4277,831236.0
1708876800,1.4271,1.4383,1.4212,1.4244,643516.0
1708905600,1.4245,1.5028,1.4117,1.4593,2303033.0
1708934400,1.4585,1.4681,1.4105,1.4528,2388625.0
1708963200,1.4525,1.4733,1.4477,1.4647,1328346.0
1708992000,1.4649,1.4848,1.4559,1.4621,1596863.0
1709020800,1.4624,1.5043,1.4401,1.4538,1359787.0
1709049600,1.4536,1.515,1.4304,1.5039,1543002.0
1709078400,1.5037,1.6365,1.4909,1.5393,9869807.0
1709107200,1.5393,1.5874,1.509,1.5566,5268877.0
1709136000,1.5564,1.5901,1.3544,1.5039,4680859.0
1709164800,1.5043,1.5543,1.4848,1.5367,1976370.0
1709193600,1.5369,1.5886,1.5285,1.5381,2604441.0
1709222400,1.5382,1.5412,1.4091,1.456,2449724.0
1709251200,1.4565,1.5172,1.4549,1.4894,1358501.0
1709280000,1.4894,1.5478,1.4868,1.522,2074666.0
1709308800,1.5221,1.5758,1.5183,1.5649,1199383.0
1709337600,1.5649,1.6023,1.5475,1.6014,1432556.0
1709366400,1.6015,1.6544,1.5698,1.6025,3202212.0
1709395200,1.6026,1.6886,1.6009,1.6788,2901950.0
1709424000,1.6782,1.6896,1.492,1.593,2845592.0
1709452800,1.5929,1.6533,1.5798,1.6242,2354854.0
1709481600,1.624,1.6511,1.6064,1.6167,1511653.0
1709510400,1.6168,1.72,1.5963,1.6893,11944546.0
1709539200,1.6893,1.7381,1.6739,1.7269,9051062.0
1709568000,1.7269,1.8234,1.6621,1.8224,7399974.0
1709596800,1.8224,1.8692,1.5884,1.6145,16361891.0
1709625600,1.6144,1.7122,1.5967,1.6454,6700103.0
1709654400,1.6455,1.6593,1.27,1.4971,8942278.0
1709683200,1.4971,1.5581,1.4496,1.5578,5042291.0
1709712000,1.5578,1.7525,1.4945,1.7508,20130950.0
1709740800,1.7503,1.7544,1.5407,1.5797,17334753.0
1709769600,1.5795,1.6191,1.5456,1.5844,3384811.0
1709798400,1.5843,1.5989,1.5556,1.5898,2430748.0
1709827200,1.5899,1.6089,1.5703,1.6044,1788521.0
1709856000,1.6048,1.6262,1.5831,1.5972,1972631.0
1709884800,1.597,1.6182,1.5013,1.5538,3828574.0
1709913600,1.5538,1.6131,1.5204,1.6027,3072183.0
1709942400,1.6028,1.6893,1.6,1.6675,1962246.0
1709971200,1.6677,1.7792,1.6671,1.7242,5135969.0
1710000000,1.7241,1.7674,1.7034,1.7478,2161156.0
1710028800,1.7482,1.7735,1.7186,1.7626,2592317.0
1710057600,1.7632,1.8735,1.7271,1.8093,12038202.0
1710086400,1.8089,1.8966,1.8013,1.8272,4964573.0
1710115200,1.8276,1.9233,1.6808,1.8098,11545485.0
1710144000,1.8097,1.8502,1.7866,1.8127,4071664.0
1710172800,1.8125,1.8542,1.795,1.8381,1937359.0
1710201600,1.8381,1.8528,1.7732,1.7762,2070625.0
1710230400,1.776,1.7906,1.7284,1.7848,2468339.0
1710259200,1.7851,1.8363,1.6643,1.8352,3538492.0
1710288000,1.8352,1.895,1.8233,1.8586,1766984.0
1710316800,1.8586,1.8932,1.7944,1.812,2038842.0
1710345600,1.8122,1.8543,1.8052,1.8412,995972.0
1710374400,1.8413,1.8602,1.7967,1.8096,1482737.0
1710403200,1.8097,1.8417,1.7126,1.7449,2877793.0
1710432000,1.7449,1.8332,1.71,1.8278,3019503.0
1710460800,1.8284,1.8659,1.61,1.6559,5502949.0
1710489600,1.6561,1.6577,1.4569,1.5116,13825088.0
1710518400,1.5115,1.5696,1.4716,1.537,10048017.0
1710547200,1.537,1.5439,1.4958,1.539,4996152.0
1710576000,1.5387,1.5425,1.4059,1.4515,6378973.0
1710604800,1.4521,1.4544,1.3407,1.3987,6146257.0
1710633600,1.3988,1.4436,1.3236,1.3763,4181789.0
1710662400,1.376,1.4778,1.3697,1.4705,3102287.0
1710691200,1.4699,1.4826,1.4515,1.462,1902816.0
1710720000,1.4621,1.5004,1.4107,1.4865,2171285.0
1710748800,1.4867,1.487,1.3877,1.4279,3902790.0
1710777600,1.4276,1.4566,1.3913,1.4378,2403148.0
1710806400,1.4378,1.4547,1.2696,1.3489,5961450.0
1710835200,1.3491,1.4,1.2593,1.3973,5789040.0
1710864000,1.3978,1.4256,1.2949,1.3342,2546746.0
1710892800,1.3341,1.3854,1.267,1.3802,3647281.0
1710921600,1.3801,1.4201,1.3607,1.3726,3098119.0
1710950400,1.3727,1.4863,1.3188,1.4632,3605779.0
1710979200,1.463,1.4666,1.3973,1.4304,1672880.0
1711008000,1.4304,1.4575,1.4102,1.4249,1753751.0
1711036800,1.4248,1.4433,1.3658,1.42,2280968.0
1711065600,1.4203,1.4458,1.3698,1.4355,2197893.0
1711094400,1.4356,1.4462,1.3281,1.3747,2876810.0
1711123200,1.3749,1.383,1.3231,1.3701,2793814.0
1711152000,1.3701,1.3969,1.3494,1.3883,1728861.0
1711180800,1.3881,1.4214,1.3808,1.408,1615472.0
1711209600,1.4077,1.4133,1.3722,1.3757,1183914.0
1711238400,1.3753,1.3984,1.3564,1.3708,1092687.0
1711267200,1.3709,1.4013,1.3675,1.396,1155414.0
1711296000,1.3958,1.4442,1.3587,1.4415,1648047.0
1711324800,1.4415,1.5247,1.4296,1.4726,6592646.0
1711353600,1.4725,1.539,1.4699,1.5344,3600952.0
1711382400,1.5352,1.5493,1.5177,1.5271,1724185.0
1711411200,1.5271,1.598,1.5241,1.5796,1394716.0
1711440000,1.5794,1.604,1.5252,1.5669,2309714.0
1711468800,1.5665,1.6129,1.5374,1.6077,1482243.0
1711497600,1.608,1.6272,1.5742,1.5815,1095708.0
1711526400,1.5819,1.6284,1.5304,1.5582,2478350.0
1711555200,1.5582,1.6394,1.5551,1.6244,1570882.0
1711584000,1.6244,1.708,1.6019,1.6956,3643355.0
1711612800,1.6956,1.6992,1.6369,1.6549,1977879.0
1711641600,1.655,1.6642,1.6394,1.6564,753472.0
1711670400,1.6564,1.6682,1.6015,1.6101,1364625.0
1711699200,1.6099,1.6676,1.609,1.6186,1499666.0
1711728000,1.6187,1.6763,1.6176,1.6645,1189711.0
1711756800,1.665,1.6694,1.6313,1.6441,691991.0
1711785600,1.6442,1.6683,1.6404,1.6576,880976.0
1711814400,1.6585,1.6686,1.6379,1.6561,945806.0
1711843200,1.656,1.7024,1.6456,1.671,1130035.0
1711872000,1.671,1.7302,1.6627,1.6921,1542750.0
1711900800,1.6921,1.7417,1.6891,1.7178,1059406.0
1711929600,1.7177,1.7219,1.5915,1.6711,2098692.0
1711958400,1.671,1.7053,1.6251,1.6285,2561361.0
1711987200,1.6281,1.6999,1.5933,1.6887,2249772.0
1712016000,1.6887,1.706,1.5845,1.6529,3142685.0
1712044800,1.6528,1.6604,1.4483,1.4546,5187739.0
1712073600,1.4545,1.4705,1.4259,1.441,2536112.0
1712102400,1.441,1.5027,1.3886,1.4923,2228156.0
1712131200,1.492,1.7019,1.4842,1.6202,8476761.0
1712160000,1.62,1.7196,1.5662,1.6089,10871662.0
1712188800,1.6084,1.6158,1.531,1.562,4514495.0
1712217600,1.5627,1.6007,1.5564,1.5648,1998257.0
1712246400,1.5648,1.5819,1.4958,1.506,2292405.0
1712275200,1.5057,1.5066,1.4211,1.4346,1902099.0
1712304000,1.4349,1.5924,1.3926,1.4072,13404932.0
1712332800,1.4072,1.4108,1.342,1.3584,4754086.0
1712361600,1.3586,1.4514,1.3528,1.4339,3943549.0
1712390400,1.4338,1.4581,1.4244,1.429,2105487.0
1712419200,1.4288,1.439,1.4131,1.4185,1320569.0
1712448000,1.4185,1.4484,1.4089,1.4395,1304404.0
1712476800,1.4395,1.463,1.4358,1.4524,1123432.0
1712505600,1.4523,1.4691,1.4404,1.4657,847580.0
1712534400,1.4657,1.4867,1.4368,1.4649,1181704.0
1712563200,1.465,1.531,1.4638,1.5234,2242283.0
1712592000,1.5234,1.5911,1.5201,1.5682,1794465.0
1712620800,1.5682,1.6662,1.565,1.5981,5497543.0
1712649600,1.598,1.6225,1.5287,1.5486,4540854.0
1712678400,1.5488,1.585,1.5273,1.5357,1709678.0
1712707200,1.5354,1.5679,1.5008,1.5017,2790607.0
1712736000,1.5016,1.508,1.4186,1.4418,2903694.0
1712764800,1.4418,1.4637,1.4072,1.4433,2820101.0
1712793600,1.4431,1.4458,1.4183,1.4305,1151415.0
1712822400,1.4307,1.4369,1.359,1.3727,2131727.0
1712851200,1.3726,1.3788,1.3514,1.369,1375124.0
1712880000,1.3686,1.3936,1.3651,1.3719,1036014.0
1712908800,1.3719,1.3738,1.3122,1.3321,1928047.0
1712937600,1.3321,1.3449,1.0188,1.1319,10218571.0
1712966400,1.1318,1.173,1.0736,1.1649,2378212.0
1712995200,1.1649,1.1693,1.1349,1.1397,2299738.0
1713024000,1.1395,1.1468,0.8261,1.0497,14866751.0
1713052800,1.0505,1.105,0.9955,1.0975,4821074.0
1713081600,1.0973,1.1132,1.0449,1.07,5225976.0
1713110400,1.0702,1.1492,1.0315,1.1371,4386681.0
1713139200,1.1373,1.1868,1.1011,1.1706,2225716.0
1713168000,1.1708,1.1839,1.0889,1.118,2410369.0
1713196800,1.118,1.1258,1.033,1.0887,3388507.0
1713225600,1.0884,1.1187,1.043,1.1082,2133943.0
1713254400,1.1084,1.1164,1.0479,1.0518,3149467.0
1713283200,1.0513,1.1111,1.0472,1.0941,2269846.0
1713312000,1.0936,1.1018,1.0662,1.0881,2011817.0
1713340800,1.0879,1.0967,1.0188,1.03,2911810.0
1713369600,1.0298,1.0981,1.0154,1.0706,2390425.0
1713398400,1.0706,1.0949,1.0422,1.0618,1989286.0
1713427200,1.0622,1.1139,1.0521,1.0976,3456575.0
1713456000,1.0981,1.1261,1.0771,1.1186,1464307.0
1713484800,1.1186,1.1592,1.0152,1.1377,3531740.0
1713513600,1.1376,1.1618,1.1239,1.1506,2026805.0
1713542400,1.1501,1.1571,1.1073,1.1288,1456761.0
1713571200,1.1288,1.1375,1.1094,1.128,1458683.0
1713600000,1.1279,1.1715,1.1126,1.171,1275878.0
1713628800,1.1707,1.2167,1.1641,1.2143,1668989.0
1713657600,1.2147,1.219,1.1824,1.1922,1113009.0
1713686400,1.1925,1.2026,1.1763,1.1954,1338423.0
1713715200,1.1954,1.1997,1.1576,1.1893,1384846.0
1713744000,1.1893,1.2264,1.1807,1.2061,1413140.0
1713772800,1.2059,1.2325,1.1991,1.2185,1262225.0
1713801600,1.2182,1.2438,1.2011,1.2342,1050850.0
1713830400,1.2345,1.2568,1.21,1.221,2284787.0
1713859200,1.2211,1.2484,1.2164,1.2364,1674081.0
1713888000,1.2362,1.2578,1.2288,1.246,976879.0
1713916800,1.2464,1.2886,1.2416,1.273,1437577.0
1713945600,1.2735,1.2926,1.1794,1.1794,2436324.0
1713974400,1.1794,1.2066,1.1622,1.1774,2067648.0
1714003200,1.1774,1.1848,1.1245,1.1445,1170612.0
1714032000,1.1444,1.1644,1.1135,1.1633,1503334.0
1714060800,1.1627,1.2228,1.1604,1.1794,1466362.0
1714089600,1.1793,1.1873,1.147,1.1529,1072606.0
1714118400,1.1524,1.1772,1.1253,1.1503,1227310.0
1714147200,1.1509,1.1709,1.1387,1.1501,863059.0
1714176000,1.1498,1.1572,1.1016,1.1403,1633274.0
1714204800,1.1398,1.177,1.1317,1.1484,1362367.0
1714233600,1.1484,1.1845,1.1393,1.1715,1181786.0
1714262400,1.1715,1.2042,1.166,1.1932,696170.0
1714291200,1.1933,1.1958,1.164,1.1676,986609.0
1714320000,1.1677,1.178,1.1317,1.1376,969312.0
1714348800,1.1369,1.1413,1.091,1.1027,1598453.0
1714377600,1.1027,1.1205,1.088,1.1142,1541282.0
1714406400,1.1145,1.1267,1.0801,1.1139,1003450.0
1714435200,1.114,1.1325,1.0917,1.0961,1226053.0
1714464000,1.0959,1.0997,1.0084,1.0263,2032712.0
1714492800,1.0263,1.0854,1.0077,1.0589,1888454.0
1714521600,1.0588,1.0644,0.9758,0.9845,2809286.0
1714550400,0.9846,1.0296,0.9638,1.0086,2390973.0
1714579200,1.0086,1.0756,1.0026,1.0677,2281659.0
1714608000,1.0678,1.0751,1.0244,1.0426,1382680.0
1714636800,1.0423,1.0838,1.0396,1.0798,1564494.0
1714665600,1.0799,1.0859,1.0567,1.068,2172172.0
1714694400,1.0678,1.0874,1.0545,1.058,932443.0
1714723200,1.058,1.0942,1.0392,1.0826,1533351.0
1714752000,1.0827,1.1138,1.0823,1.1034,1000602.0
1714780800,1.1034,1.1078,1.0796,1.0812,923312.0
1714809600,1.0809,1.0957,1.0718,1.0788,1413628.0
1714838400,1.0788,1.095,1.0679,1.0685,2316583.0
1714867200,1.0685,1.0718,1.0398,1.0542,1431582.0
1714896000,1.0543,1.0694,1.0316,1.0663,1741839.0
1714924800,1.0661,1.0846,1.0575,1.0639,1578576.0
1714953600,1.0637,1.0787,1.0448,1.0652,1337590.0
1714982400,1.0654,1.0973,1.0175,1.0335,2675168.0
1715011200,1.034,1.0355,1.0089,1.011,1463169.0
1715040000,1.011,1.022,0.9923,0.9997,1397891.0
1715068800,1.0003,1.0302,0.9977,1.0119,1552695.0
1715097600,1.0121,1.0192,0.9792,0.9814,1567368.0
1715126400,0.9813,0.9907,0.9612,0.9673,1575183.0
1715155200,0.9672,1.0341,0.9639,1.026,1898442.0
1715184000,1.0259,1.0585,1.0016,1.013,3373439.0
1715212800,1.0129,1.0482,1.0023,1.0346,1511634.0
1715241600,1.0342,1.0727,1.0115,1.0568,3043802.0
1715270400,1.0569,1.1032,1.0403,1.0864,9026073.0
1715299200,1.0866,1.0944,1.0769,1.0875,2151369.0
1715328000,1.088,1.0961,1.0327,1.0373,3257800.0
1715356800,1.0367,1.0429,1.0,1.0201,2736587.0
1715385600,1.0201,1.0406,1.0115,1.0296,1451584.0
1715414400,1.0298,1.0439,1.0061,1.0403,1430747.0
1715443200,1.0411,1.0472,1.0089,1.0146,1249966.0
1715472000,1.0145,1.0212,1.0017,1.0076,810434.0
1715500800,1.0078,1.0209,1.0024,1.0121,855705.0
1715529600,1.012,1.0168,0.9748,0.9988,1336983.0
1715558400,0.9988,1.0075,0.9374,0.9875,2426842.0
1715587200,0.9876,1.0192,0.9864,0.9985,1758538.0
1715616000,0.9986,1.0206,0.9783,0.984,1351241.0
1715644800,0.9841,0.9947,0.9623,0.9897,1327185.0
1715673600,0.9897,0.994,0.9614,0.9758,1648187.0
1715702400,0.976,0.9762,0.9423,0.9476,1611090.0
1715731200,0.9478,0.9672,0.9398,0.9514,999147.0
1715760000,0.9512,1.0227,0.9385,1.0137,2372499.0
1715788800,1.014,1.04,1.0081,1.0334,1154330.0
1715817600,1.0334,1.0743,1.0281,1.052,3640533.0
1715846400,1.052,1.0581,0.9943,1.0188,2295473.0
1715875200,1.0185,1.0378,1.0158,1.0375,782110.0
1715904000,1.0375,1.0612,1.0202,1.0576,954195.0
1715932800,1.0572,1.0802,1.0464,1.0786,1079943.0
1715961600,1.0783,1.0799,1.0536,1.0593,912448.0
1715990400,1.0592,1.0677,1.0495,1.0575,771350.0
1716019200,1.0574,1.076,1.0418,1.0602,1502190.0
1716048000,1.0606,1.0723,1.0601,1.0701,652846.0
1716076800,1.0704,1.0847,1.0531,1.0628,838838.0
1716105600,1.0627,1.07,1.0252,1.0361,1617945.0
1716134400,1.0361,1.0403,1.0177,1.0268,1179419.0
1716163200,1.0266,1.0597,1.0062,1.045,1251876.0
1716192000,1.045,1.0609,1.0385,1.0602,1153303.0
1716220800,1.0604,1.1552,1.0591,1.1458,2960178.0
1716249600,1.1456,1.1679,1.1391,1.1549,1376472.0
1716278400,1.1548,1.1815,1.153,1.159,1415635.0
1716307200,1.1591,1.1772,1.1194,1.1532,1828295.0
1716336000,1.1537,1.1583,1.1209,1.1423,1062240.0
1716364800,1.1423,1.1502,1.1063,1.1456,1227986.0
1716393600,1.1453,1.1493,1.1142,1.1282,1081814.0
1716422400,1.1285,1.1463,1.121,1.1374,953195.0
1716451200,1.1368,1.1478,1.0808,1.0957,1925086.0
1716480000,1.0957,1.1157,1.0335,1.1041,2221975.0
1716508800,1.104,1.1314,1.0725,1.0874,1163756.0
1716537600,1.0871,1.1366,1.0672,1.1161,1035993.0
1716566400,1.1161,1.1484,1.1085,1.1386,1032406.0
1716595200,1.1388,1.2303,1.1382,1.19,3139312.0
1716624000,1.1901,1.1971,1.1728,1.1883,1248055.0
1716652800,1.188,1.1949,1.1753,1.1822,568384.0
1716681600,1.1822,1.2133,1.174,1.19,1321049.0
1716710400,1.1899,1.2515,1.1771,1.2326,2205298.0
1716739200,1.2324,1.2754,1.213,1.2641,2286371.0
1716768000,1.2641,1.4364,1.2456,1.3255,23363724.0
1716796800,1.3262,1.3679,1.3052,1.3158,7621516.0
1716825600,1.316,1.3339,1.2916,1.3164,2535298.0
1716854400,1.3164,1.3845,1.3102,1.3529,7889191.0
1716883200,1.3526,1.394,1.317,1.3658,3765363.0
1716912000,1.3658,1.3719,1.3174,1.328,2185696.0
1716940800,1.3273,1.3641,1.3227,1.3349,1590563.0
1716969600,1.3352,1.3775,1.2996,1.3168,3614612.0
1716998400,1.3171,1.3268,1.2845,1.2931,1533434.0
1717027200,1.2928,1.4196,1.2922,1.3378,7097577.0
1717056000,1.3377,1.4168,1.3274,1.3472,5498010.0
1717084800,1.3469,1.402,1.3336,1.3402,2485118.0
1717113600,1.3405,1.4084,1.3202,1.3574,3194714.0
1717142400,1.3572,1.3808,1.3059,1.3236,2504839.0
1717171200,1.3227,1.3565,1.3164,1.342,1247144.0
1717200000,1.3419,1.3695,1.3318,1.3614,1060965.0
1717228800,1.3615,1.4552,1.3521,1.4322,4133903.0
1717257600,1.4323,1.4617,1.4291,1.4528,1939805.0
1717286400,1.4528,1.5112,1.4111,1.4141,2959421.0
1717315200,1.414,1.4836,1.4124,1.4815,1703675.0
1717344000,1.4814,1.5024,1.439,1.4483,1797602.0
1717372800,1.4484,1.5228,1.4287,1.5079,4557473.0
1717401600,1.5079,1.69,1.5049,1.6052,19246656.0
1717430400,1.6046,1.7162,1.6016,1.6314,13781334.0
1717459200,1.6315,1.6376,1.553,1.5896,4645324.0
1717488000,1.5895,1.6313,1.5488,1.562,2987640.0
1717516800,1.5618,1.6198,1.5484,1.5752,2152882.0
1717545600,1.5752,1.5879,1.5429,1.5541,1645239.0
1717574400,1.5532,1.659,1.5335,1.6265,3205821.0
1717603200,1.627,1.7513,1.6265,1.738,9246937.0
1717632000,1.7375,1.7505,1.6593,1.6673,3534843.0
1717660800,1.6673,1.6775,1.6211,1.6286,2118655.0
1717689600,1.6286,1.6504,1.6161,1.6238,1810784.0
1717718400,1.6238,1.7194,1.6155,1.7106,2843588.0
1717747200,1.7103,1.7484,1.584,1.6465,9366065.0
1717776000,1.6462,1.6465,1.4357,1.6006,6957924.0
1717804800,1.6007,1.6256,1.5718,1.602,2773046.0
1717833600,1.6015,1.6246,1.501,1.527,2884211.0
1717862400,1.5278,1.5501,1.4762,1.5046,1877056.0
1717891200,1.5045,1.6291,1.4952,1.609,2923879.0
1717920000,1.609,1.6763,1.5455,1.6585,7609635.0
1717948800,1.6582,1.7025,1.6468,1.6862,5629592.0
1717977600,1.6865,1.6968,1.5604,1.5635,4088986.0
1718006400,1.5635,1.6121,1.528,1.559,5053919.0
1718035200,1.5593,1.6015,1.5061,1.5123,2741720.0
1718064000,1.5125,1.5859,1.4473,1.5564,5487919.0
1718092800,1.5565,1.5624,1.4351,1.4531,3170881.0
1718121600,1.453,1.4834,1.42,1.459,2607246.0
1718150400,1.4586,1.5313,1.4405,1.4846,3436959.0
1718179200,1.4846,1.6542,1.4809,1.6348,4076420.0
1718208000,1.6355,1.6474,1.5282,1.5436,2473919.0
1718236800,1.5438,1.5441,1.4609,1.4893,1699292.0
1718265600,1.4897,1.4925,1.41,1.418,2372181.0
1718294400,1.4175,1.5215,1.4089,1.4901,4561206.0
1718323200,1.4898,1.4942,1.4356,1.445,3654234.0
1718352000,1.4447,1.4964,1.3677,1.3729,4232583.0
1718380800,1.3728,1.3728,1.305,1.3238,3260053.0
1718409600,1.3237,1.3548,1.3122,1.3261,2304036.0
1718438400,1.3263,1.3338,1.2912,1.302,3699998.0
1718467200,1.3018,1.304,1.2622,1.2857,2722068.0
1718496000,1.2856,1.3019,1.2646,1.2885,1517262.0
1718524800,1.2886,1.301,1.2695,1.2979,1242672.0
1718553600,1.2975,1.3346,1.2937,1.3045,1963157.0
1718582400,1.3044,1.3161,1.2575,1.2663,2301772.0
1718611200,1.2672,1.2695,1.1951,1.1993,3008299.0
1718640000,1.1993,1.2644,1.1542,1.2107,2268417.0
1718668800,1.2107,1.218,1.0113,1.1512,4023623.0
1718697600,1.1511,1.1514,1.0866,1.1179,2439409.0
1718726400,1.1179,1.1404,1.0802,1.1376,1662897.0
1718755200,1.1375,1.1704,1.1248,1.1478,1491538.0
1718784000,1.1478,1.1481,1.108,1.1185,1328811.0
1718812800,1.1185,1.1393,1.105,1.1144,1059431.0
1718841600,1.1144,1.155,1.1005,1.1518,1497365.0
1718870400,1.152,1.1564,1.0877,1.1003,2049493.0
1718899200,1.1005,1.1132,1.0845,1.0892,1131358.0
1718928000,1.0892,1.112,1.0719,1.0844,1268149.0
1718956800,1.0838,1.1231,1.061,1.1028,1522500.0
1718985600,1.1029,1.1074,1.0663,1.0937,883437.0
1719014400,1.0938,1.0938,1.0613,1.0634,1032438.0
1719043200,1.0635,1.0881,1.0544,1.0826,825059.0
1719072000,1.0822,1.0884,1.063,1.0662,659377.0
1719100800,1.066,1.0862,1.0637,1.0847,594510.0
1719129600,1.0845,1.0945,1.0461,1.0512,1019257.0
1719158400,1.0515,1.0537,1.0034,1.0244,1348299.0
1719187200,1.0247,1.0571,0.9768,0.9931,2424795.0
1719216000,0.9929,1.0196,0.94,0.9993,1775411.0
1719244800,0.9989,1.0392,0.99,1.0368,1482205.0
1719273600,1.0363,1.0564,1.0235,1.0249,979524.0
1719302400,1.025,1.0482,1.0186,1.0373,849359.0
1719331200,1.0376,1.0579,1.0323,1.0381,776837.0
1719360000,1.0384,1.054,1.0236,1.0413,1020672.0
1719388800,1.0411,1.0503,1.018,1.0237,854864.0
1719417600,1.0239,1.031,1.0023,1.0046,764015.0
1719446400,1.0047,1.0271,0.9837,1.0052,4582947.0
1719475200,1.0052,1.0525,0.9971,1.037,3171282.0
1719504000,1.0372,1.0465,1.0307,1.0387,823464.0
1719532800,1.0388,1.0456,1.0145,1.0239,1472052.0
1719561600,1.0235,1.0501,1.0186,1.0268,1351535.0
1719590400,1.0268,1.0301,1.0004,1.0035,1237691.0
1719619200,1.0032,1.0224,1.0004,1.0123,774622.0
1719648000,1.0124,1.0137,0.9803,0.9872,1015013.0
1719676800,0.9873,0.9876,0.9546,0.9582,1083685.0
1719705600,0.9581,0.9826,0.9397,0.9733,1396372.0
1719734400,0.9731,0.98,0.9668,0.9741,834879.0
1719763200,0.9741,1.0104,0.9655,1.0072,1078660.0
1719792000,1.0072,1.0217,0.9929,0.9991,989957.0
1719820800,0.9991,1.0037,0.9841,0.995,892219.0
1719849600,0.9951,1.0143,0.9901,0.9931,693450.0
1719878400,0.9931,1.0044,0.9841,0.9897,700781.0
1719907200,0.9897,0.9962,0.9663,0.97,1079177.0
1719936000,0.9699,0.9823,0.9562,0.9795,667638.0
1719964800,0.9797,0.9822,0.9429,0.954,764577.0
1719993600,0.9539,0.9583,0.9146,0.9243,1408027.0
1720022400,0.9241,0.9279,0.8879,0.9087,1292590.0
1720051200,0.9092,0.9141,0.8567,0.8976,2956404.0
1720080000,0.8973,0.9074,0.8553,0.9036,2456428.0
1720108800,0.9036,0.9122,0.8519,0.8671,2034694.0
1720137600,0.8673,0.868,0.7334,0.764,6559795.0
1720166400,0.764,0.8058,0.7353,0.804,2454668.0
1720195200,0.8041,0.8154,0.7792,0.7893,1773901.0
1720224000,0.7895,0.823,0.7853,0.7993,1611207.0
1720252800,0.7993,0.8048,0.7817,0.8029,1255327.0
1720281600,0.803,0.8482,0.8003,0.8437,1211867.0
1720310400,0.8436,0.8443,0.8191,0.8343,1157329.0
1720339200,0.8345,0.8618,0.8068,0.8134,2060292.0
1720368000,0.8135,0.8365,0.7878,0.7927,1277918.0
1720396800,0.793,0.8056,0.759,0.7948,2107372.0
1720425600,0.7953,0.8493,0.7937,0.8217,2598675.0
1720454400,0.8215,0.8321,0.8083,0.8278,894651.0
1720483200,0.8275,0.8414,0.8168,0.836,1282162.0
1720512000,0.8364,0.852,0.8271,0.838,1634990.0
1720540800,0.8378,0.8449,0.8248,0.8354,1104838.0
1720569600,0.8354,0.8581,0.8226,0.8418,1194557.0
1720598400,0.8419,0.8457,0.8254,0.8432,942165.0
1720627200,0.843,0.8516,0.8345,0.8464,667379.0
1720656000,0.8462,0.8567,0.834,0.8535,746143.0
1720684800,0.8534,0.8671,0.8246,0.8283,1518193.0
1720713600,0.8283,0.8334,0.8062,0.8115,897958.0
1720742400,0.8115,0.8242,0.8038,0.8165,603416.0
1720771200,0.8161,0.8326,0.802,0.828,760249.0
1720800000,0.8281,0.8445,0.8242,0.8407,710859.0
1720828800,0.8407,0.8421,0.8257,0.8325,759249.0
1720857600,0.8325,0.8344,0.8216,0.8283,915639.0
1720886400,0.8282,0.8415,0.8185,0.8298,664063.0
1720915200,0.8297,0.8503,0.827,0.8481,727267.0
1720944000,0.8479,0.8556,0.8399,0.8528,601781.0
1720972800,0.8529,0.8904,0.8511,0.8803,1959326.0
1721001600,0.8804,0.925,0.8785,0.9114,4437817.0
1721030400,0.9114,0.9301,0.8901,0.8945,3021152.0
1721059200,0.8945,0.935,0.8917,0.9312,1346933.0
1721088000,0.9313,0.9389,0.8926,0.8964,1802633.0
1721116800,0.8961,0.9413,0.8816,0.9387,1231441.0
1721145600,0.9388,0.9687,0.9264,0.9557,1464433.0
1721174400,0.9561,0.9944,0.9543,0.9807,1675256.0
1721203200,0.9808,1.0019,0.9656,0.9741,1473662.0
1721232000,0.9737,0.9915,0.9561,0.9802,1162254.0
1721260800,0.9805,1.0559,0.978,1.0446,4887241.0
1721289600,1.0448,1.053,0.9741,0.9756,5430156.0
1721318400,0.9758,0.9807,0.926,0.9339,10850499.0
1721347200,0.9338,1.0134,0.903,0.9828,12429677.0
1721376000,0.9829,1.0069,0.9715,0.9838,5853061.0
1721404800,0.984,1.0125,0.984,0.9985,2283836.0
1721433600,0.9987,1.0003,0.9818,0.9905,1351055.0
1721462400,0.9901,1.0197,0.9883,1.0195,1778369.0
1721491200,1.0196,1.0286,0.9941,1.0009,848734.0
1721520000,1.0011,1.0149,0.9778,0.9855,779022.0
1721548800,0.9855,1.0082,0.985,0.9989,1065052.0
1721577600,0.999,1.0357,0.9449,1.0222,2459544.0
1721606400,1.0219,1.032,0.9714,0.9778,1008169.0
1721635200,0.9778,0.9938,0.968,0.9818,892819.0
1721664000,0.9818,0.9924,0.9539,0.9625,745171.0
1721692800,0.9628,0.9886,0.9365,0.9434,1302357.0
1721721600,0.9437,0.9791,0.9417,0.9518,1160065.0
1721750400,0.9515,0.9518,0.9142,0.9351,862482.0
1721779200,0.9351,0.9437,0.9266,0.9432,483184.0
1721808000,0.9432,0.955,0.933,0.9386,738521.0
1721836800,0.9385,0.9616,0.9143,0.9317,2237106.0
1721865600,0.9317,0.9428,0.878,0.8882,1794256.0
1721894400,0.8882,0.9133,0.8742,0.8993,1332997.0
1721923200,0.8993,0.9171,0.871,0.9131,2075299.0
1721952000,0.9131,0.9454,0.9127,0.9394,1349326.0
1721980800,0.9391,0.9512,0.9331,0.9471,775903.0
1722009600,0.9472,0.9732,0.9449,0.9711,612718.0
1722038400,0.971,0.9791,0.962,0.9774,544690.0
1722067200,0.9774,0.9934,0.9656,0.9712,1355652.0
1722096000,0.9712,0.9957,0.951,0.9779,947665.0
1722124800,0.9779,0.979,0.9488,0.9538,941568.0
1722153600,0.9543,0.9633,0.9486,0.9523,463292.0
1722182400,0.9524,0.9609,0.9462,0.9558,401940.0
1722211200,0.956,1.0224,0.9556,1.021,1451934.0
1722240000,1.021,1.031,0.9732,0.9812,2117590.0
1722268800,0.981,0.9841,0.9607,0.9624,1074579.0
1722297600,0.9627,0.974,0.9491,0.9679,689024.0
1722326400,0.9673,0.9724,0.9413,0.9565,607201.0
1722355200,0.9566,0.9602,0.9124,0.9247,905129.0
1722384000,0.9248,0.9387,0.9034,0.9282,929604.0
1722412800,0.9282,0.9537,0.9196,0.9323,795814.0
1722441600,0.9323,0.9447,0.8944,0.897,976383.0
1722470400,0.8971,0.9055,0.862,0.868,882041.0
1722499200,0.8679,0.8779,0.8365,0.8408,1361674.0
1722528000,0.8409,0.8648,0.8038,0.8615,2112948.0
1722556800,0.8615,0.8695,0.823,0.8345,1090036.0
1722585600,0.8344,0.8594,0.7905,0.8212,1371453.0
1722614400,0.821,0.8239,0.791,0.7964,1100390.0
1722643200,0.7963,0.8123,0.7726,0.8071,1031911.0
1722672000,0.8074,0.8121,0.7609,0.7657,1382237.0
1722700800,0.766,0.7685,0.7302,0.7434,1926183.0
1722729600,0.7432,0.7627,0.7396,0.7453,679972.0
1722758400,0.7452,0.7657,0.7201,0.7232,3169422.0
1722787200,0.7235,0.7492,0.6936,0.7225,2791777.0
1722816000,0.7225,0.7294,0.58,0.6363,8269032.0
1722844800,0.6363,0.6843,0.5896,0.6793,6238603.0
1722873600,0.6795,0.6941,0.6542,0.6605,2592618.0
1722902400,0.6603,0.7114,0.6589,0.7084,2246863.0
1722931200,0.7083,0.7199,0.6832,0.71,2380345.0
1722960000,0.7108,0.7234,0.7075,0.7151,1477227.0
1722988800,0.715,0.7422,0.7054,0.7372,2448290.0
1723017600,0.7375,0.756,0.7093,0.7244,2518000.0
1723046400,0.7239,0.7258,0.698,0.7134,2114799.0
1723075200,0.7134,0.757,0.6944,0.751,2360203.0
1723104000,0.7512,0.775,0.7442,0.7737,1430396.0
1723132800,0.7735,0.7994,0.7634,0.7933,1515111.0
1723161600,0.793,0.7948,0.7688,0.7853,1143396.0
1723190400,0.7852,0.7901,0.759,0.7631,1236994.0
1723219200,0.7627,0.7839,0.7612,0.7811,1061454.0
1723248000,0.7811,0.7904,0.7636,0.7774,808255.0
1723276800,0.7774,0.7821,0.7709,0.7777,375493.0
1723305600,0.778,0.7913,0.7776,0.7856,367049.0
1723334400,0.7851,0.794,0.7835,0.7901,446897.0
1723363200,0.7902,0.8021,0.7748,0.7822,801835.0
1723392000,0.782,0.787,0.7491,0.7593,1404632.0
1723420800,0.759,0.7693,0.7428,0.7677,1955002.0
1723449600,0.7676,0.8052,0.7599,0.8001,2375419.0
1723478400,0.8,0.8034,0.771,0.7881,1093153.0
1723507200,0.7879,0.7889,0.7576,0.7674,879419.0
1723536000,0.7673,0.7735,0.7541,0.7618,1042145.0
1723564800,0.7618,0.7976,0.7616,0.7905,1094462.0
1723593600,0.7908,0.794,0.7807,0.7823,762890.0
1723622400,0.783,0.7979,0.7558,0.7683,1920444.0
1723651200,0.7688,0.772,0.7389,0.7492,1168809.0
1723680000,0.7492,0.7567,0.7322,0.7399,1422019.0
1723708800,0.7401,0.7639,0.7345,0.755,1506421.0
1723737600,0.7551,0.7567,0.705,0.7248,1824972.0
1723766400,0.7248,0.7401,0.7169,0.7386,977636.0
1723795200,0.7385,0.7405,0.7126,0.7191,1421209.0
1723824000,0.7193,0.754,0.7158,0.7451,1730164.0
1723852800,0.7448,0.7467,0.7347,0.7444,820006.0
1723881600,0.7448,0.7631,0.7415,0.7476,3306954.0
1723910400,0.7476,0.7558,0.7438,0.7549,942537.0
1723939200,0.7551,0.7616,0.7451,0.7507,957009.0
1723968000,0.7509,0.8056,0.7499,0.7995,3511518.0
1723996800,0.7999,0.817,0.781,0.7834,1695528.0
1724025600,0.7835,0.8169,0.7741,0.8092,2769346.0
1724054400,0.8093,0.8234,0.7683,0.7877,5107948.0
1724083200,0.7877,0.8087,0.7815,0.803,1717760.0
1724112000,0.8031,0.8162,0.799,0.8079,1207746.0
1724140800,0.8078,0.8228,0.7896,0.8026,1406746.0
1724169600,0.8028,0.8354,0.7993,0.8268,1056305.0
1724198400,0.8268,0.8567,0.8224,0.8495,1388088.0
1724227200,0.8498,0.8554,0.8105,0.8225,2298190.0
1724256000,0.8225,0.8572,0.8169,0.8488,1384045.0
1724284800,0.8488,0.8717,0.8481,0.8697,1273937.0
1724313600,0.8694,0.8781,0.855,0.8587,1269429.0
1724342400,0.8588,0.8696,0.8583,0.8655,632741.0
1724371200,0.8655,0.8827,0.8522,0.8816,943825.0
1724400000,0.8819,0.912,0.88,0.9052,1519466.0
1724428800,0.905,0.9546,0.904,0.9422,1285454.0
1724457600,0.9422,0.9503,0.9292,0.9336,726766.0
1724486400,0.9338,0.9762,0.9208,0.9248,2177054.0
1724515200,0.9247,0.9323,0.8972,0.9227,1891575.0
1724544000,0.9229,0.9266,0.8858,0.8931,1797579.0
1724572800,0.8931,0.9229,0.8883,0.9153,1057759.0
1724601600,0.9155,0.9333,0.9064,0.9126,881711.0
1724630400,0.9125,0.9216,0.897,0.9047,1207449.0
1724659200,0.9048,0.918,0.8734,0.8791,1581850.0
1724688000,0.8789,0.888,0.8472,0.8475,1151477.0
1724716800,0.8475,0.872,0.8461,0.8541,904387.0
1724745600,0.8542,0.8577,0.8284,0.8407,1214534.0
1724774400,0.8404,0.8517,0.781,0.7962,1514904.0
1724803200,0.7963,0.7978,0.7798,0.7807,848593.0
1724832000,0.7807,0.8159,0.7276,0.7319,9631364.0
1724860800,0.7319,0.7489,0.7063,0.7337,4856008.0
1724889600,0.7337,0.7489,0.73,0.7448,2264543.0
1724918400,0.7448,0.7457,0.7276,0.7357,3024573.0
1724947200,0.7355,0.739,0.6883,0.6998,2131149.0
1724976000,0.6997,0.7171,0.6934,0.7138,1299024.0
1725004800,0.7136,0.7232,0.6804,0.6847,2046488.0
1725033600,0.6846,0.7214,0.6656,0.7163,4522734.0
1725062400,0.7162,0.7193,0.7078,0.7167,1019254.0
1725091200,0.7171,0.7183,0.7022,0.7054,1138453.0
1725120000,0.7058,0.7092,0.6889,0.6987,1640353.0
1725148800,0.6988,0.699,0.6824,0.6964,959629.0
1725177600,0.6964,0.7016,0.675,0.6997,1718908.0
1725206400,0.6994,0.7121,0.6738,0.68,4516594.0
1725235200,0.68,0.7007,0.6759,0.684,1920643.0
1725264000,0.6842,0.714,0.6842,0.7055,3081010.0
1725292800,0.7052,0.7189,0.7,0.7167,1572546.0
1725321600,0.7163,0.7345,0.7151,0.7275,1439605.0
1725350400,0.7271,0.7286,0.6941,0.6952,1610649.0
1725379200,0.6952,0.7085,0.6898,0.6913,1111300.0
1725408000,0.6912,0.7034,0.65,0.6944,2824247.0
1725436800,0.6944,0.7145,0.683,0.7142,1173941.0
1725465600,0.7144,0.7267,0.7067,0.7146,1083816.0
1725494400,0.7145,0.72,0.6928,0.7042,1012235.0
1725523200,0.7041,0.7117,0.6885,0.6939,1300079.0
1725552000,0.6936,0.7032,0.6865,0.6943,705586.0
1725580800,0.6946,0.7057,0.6832,0.6902,873311.0
1725609600,0.6902,0.7145,0.6767,0.6895,2223071.0
1725638400,0.6896,0.6908,0.6505,0.6741,1827199.0
1725667200,0.6741,0.6955,0.6737,0.6929,895629.0
1725696000,0.693,0.7101,0.6918,0.7071,1387185.0
1725724800,0.707,0.7099,0.6921,0.7008,1044713.0
1725753600,0.701,0.7179,0.6959,0.7178,824028.0
1725782400,0.7179,0.7253,0.705,0.706,766394.0
1725811200,0.7059,0.7263,0.702,0.7183,944444.0
1725840000,0.7182,0.727,0.7134,0.7259,1212214.0
1725868800,0.7259,0.7408,0.7256,0.7383,1181626.0
1725897600,0.7383,0.7635,0.7375,0.7538,1744830.0
1725926400,0.7538,0.7591,0.7436,0.7584,810020.0
1725955200,0.7587,0.7776,0.7554,0.767,1191190.0
1725984000,0.7673,0.7819,0.7663,0.7724,790021.0
1726012800,0.7723,0.7774,0.7457,0.7561,1226273.0
1726041600,0.7561,0.768,0.7333,0.7515,2334926.0
1726070400,0.7515,0.7747,0.7492,0.7711,1152167.0
1726099200,0.7707,0.791,0.7704,0.7871,873603.0
1726128000,0.7871,0.801,0.7778,0.7798,1328805.0
1726156800,0.7796,0.8132,0.7783,0.8086,1080742.0
1726185600,0.8087,0.8095,0.795,0.8006,1503580.0
1726214400,0.8006,0.8391,0.7983,0.8391,1769474.0
1726243200,0.8391,0.8584,0.8316,0.8515,2021889.0
1726272000,0.8515,0.8678,0.8504,0.8595,2351387.0
1726300800,0.8589,0.889,0.8584,0.8737,3990577.0
1726329600,0.8734,0.8745,0.8541,0.8711,1593881.0
1726358400,0.8712,0.872,0.8513,0.859,2788962.0
1726387200,0.859,0.8791,0.8495,0.8725,1700166.0
1726416000,0.8724,0.8737,0.8243,0.8288,1260469.0
1726444800,0.8288,0.829,0.7977,0.8207,2573262.0
1726473600,0.8207,0.8243,0.7784,0.7818,1933861.0
1726502400,0.7814,0.8054,0.7738,0.8008,1436466.0
1726531200,0.8008,0.8291,0.786,0.8196,1315271.0
1726560000,0.8198,0.9044,0.8196,0.8896,6302907.0
1726588800,0.8897,0.9009,0.8707,0.8956,4021588.0
1726617600,0.8955,0.9056,0.8774,0.8776,1933060.0
1726646400,0.8783,0.8838,0.8533,0.8608,1671567.0
1726675200,0.8609,0.9235,0.856,0.9225,2127612.0
1726704000,0.9225,0.9437,0.9155,0.9433,1589399.0
1726732800,0.943,0.9445,0.8875,0.8994,3533937.0
1726761600,0.899,0.9077,0.8891,0.8962,1694970.0
1726790400,0.896,0.913,0.8582,0.9026,5560283.0
1726819200,0.9028,0.9108,0.8812,0.8873,1586880.0
1726848000,0.8873,0.9196,0.8787,0.9168,1497183.0
1726876800,0.9167,0.9344,0.9059,0.9305,1319886.0
1726905600,0.9305,0.9338,0.9111,0.9289,1058999.0
1726934400,0.9289,0.9361,0.9183,0.9285,849642.0
1726963200,0.9285,0.933,0.9102,0.9255,1161982.0
1726992000,0.9255,0.9384,0.9072,0.9148,2098254.0
1727020800,0.9147,0.9319,0.8936,0.9262,1359732.0
1727049600,0.9257,0.9495,0.9025,0.9177,1675437.0
1727078400,0.9175,0.9329,0.8965,0.9201,2012862.0
1727107200,0.9203,0.9415,0.9175,0.9354,1318318.0
1727136000,0.9354,0.9379,0.9132,0.9325,955155.0
1727164800,0.9324,0.9536,0.923,0.9371,1446147.0
1727193600,0.9361,0.9694,0.9343,0.9618,956103.0
1727222400,0.9618,0.9846,0.9336,0.9388,1384492.0
1727251200,0.9386,0.9759,0.935,0.9603,1842076.0
1727280000,0.9606,0.9725,0.9479,0.962,968717.0
1727308800,0.9624,0.9909,0.9491,0.99,1452456.0
1727337600,0.9902,1.0044,0.9805,0.9952,1949883.0
1727366400,0.9955,1.0025,0.971,0.9826,970070.0
1727395200,0.9822,1.0046,0.9719,1.0001,826371.0
1727424000,1.0001,1.0077,0.9415,0.9519,3627098.0
1727452800,0.9519,0.968,0.9463,0.9628,1283163.0
1727481600,0.9628,1.0013,0.9626,0.9832,1873345.0
1727510400,0.9832,0.9838,0.9561,0.9706,1849966.0
1727539200,0.9711,0.9773,0.9487,0.9709,724642.0
1727568000,0.971,0.9799,0.9571,0.9597,971909.0
1727596800,0.9597,0.9799,0.9508,0.9775,1210876.0
1727625600,0.9776,1.0042,0.9754,0.9905,4436277.0
1727654400,0.991,0.9984,0.9595,0.9892,1314828.0
1727683200,0.9894,0.9911,0.9431,0.9447,1408489.0
1727712000,0.9447,0.9526,0.8994,0.9095,2853061.0
1727740800,0.9095,0.9718,0.9066,0.9665,1127017.0
1727769600,0.9662,0.9785,0.8863,0.9233,1366517.0
1727798400,0.9233,0.9272,0.8431,0.8621,2288424.0
1727827200,0.8621,0.9177,0.8565,0.9093,1356294.0
1727856000,0.9092,0.9128,0.8664,0.8882,1421987.0
1727884800,0.8879,0.8986,0.8362,0.8482,1324621.0
1727913600,0.8482,0.882,0.8412,0.8567,2599228.0
1727942400,0.8567,0.8724,0.8361,0.8547,3093232.0
1727971200,0.855,0.8818,0.8302,0.8664,1571254.0
1728000000,0.8673,0.893,0.8635,0.889,1404800.0
1728028800,0.8886,0.8908,0.8637,0.887,1534073.0
1728057600,0.8871,0.9031,0.8838,0.8921,810459.0
1728086400,0.8924,0.9131,0.885,0.9066,728533.0
1728115200,0.9065,0.9347,0.9054,0.9248,2317349.0
1728144000,0.9246,0.931,0.8971,0.92,1588129.0
1728172800,0.9204,0.9374,0.9139,0.9294,1398185.0
1728201600,0.9296,0.9513,0.9227,0.9405,1373217.0
1728230400,0.94,0.948,0.9283,0.9475,1565530.0
1728259200,0.9475,0.9694,0.9403,0.9659,1076610.0
1728288000,0.966,0.9787,0.9451,0.9634,1158548.0
1728316800,0.9646,0.9805,0.9481,0.9489,915426.0
1728345600,0.9492,0.9726,0.9488,0.9584,1086734.0
1728374400,0.9584,0.9737,0.9459,0.954,1695805.0
1728403200,0.9539,0.9648,0.9394,0.9542,1644701.0
1728432000,0.9541,0.9603,0.9411,0.9523,1105544.0
1728460800,0.9523,0.9552,0.9355,0.9533,825623.0
1728489600,0.9531,0.9587,0.9179,0.9412,1309973.0
1728518400,0.9412,0.9863,0.9335,0.9759,2995038.0
1728547200,0.9756,0.9849,0.9439,0.9755,3042172.0
1728576000,0.9759,0.9784,0.9383,0.9744,1694311.0
1728604800,0.9744,1.0086,0.9666,0.9978,1572526.0
1728633600,0.9978,1.0304,0.9645,0.9773,6864874.0
1728662400,0.9771,1.049,0.9717,1.0254,2824266.0
1728691200,1.0255,1.0484,1.02,1.0405,1598393.0
1728720000,1.0402,1.0532,1.0164,1.0191,1231880.0
1728748800,1.019,1.0269,1.0061,1.0147,912930.0
1728777600,1.0148,1.0399,0.992,1.0389,2057780.0
1728806400,1.0389,1.039,0.9986,1.0063,1829217.0
1728835200,1.0062,1.026,0.9958,1.021,1265326.0
1728864000,1.0215,1.0356,1.0036,1.0262,1457234.0
1728892800,1.026,1.0573,1.0128,1.05,2360327.0
1728921600,1.0501,1.072,1.0396,1.0613,1054757.0
1728950400,1.0617,1.1167,1.0539,1.1069,2097195.0
1728979200,1.1078,1.1888,1.103,1.1463,10749913.0
1729008000,1.1464,1.2108,1.1308,1.1771,10199813.0
1729036800,1.1762,1.1918,1.117,1.1271,4622101.0
1729065600,1.1273,1.1464,1.1199,1.137,2504229.0
1729094400,1.1371,1.1379,1.11,1.112,1638815.0
1729123200,1.1122,1.1703,1.0781,1.1028,6392955.0
1729152000,1.1029,1.1355,1.091,1.1123,4530122.0
1729180800,1.1123,1.1199,1.0853,1.1118,3312720.0
1729209600,1.1118,1.1326,1.1063,1.1133,1434865.0
1729238400,1.1129,1.21,1.1094,1.1783,4535959.0
1729267200,1.1781,1.1983,1.1709,1.1925,1577928.0
1729296000,1.1924,1.2099,1.172,1.172,1385440.0
1729324800,1.1722,1.1773,1.1531,1.1749,1357780.0
1729353600,1.1746,1.194,1.17,1.1916,583344.0
1729382400,1.1918,1.1958,1.1701,1.1925,778928.0
1729411200,1.1925,1.2899,1.1924,1.2836,5326318.0
1729440000,1.2836,1.3059,1.2703,1.2737,2161864.0
1729468800,1.2736,1.2761,1.2433,1.2456,1147745.0
1729497600,1.2458,1.2501,1.1826,1.206,2325334.0
1729526400,1.2056,1.2148,1.1898,1.2019,1441993.0
1729555200,1.2022,1.2394,1.1894,1.2171,1419693.0
1729584000,1.2176,1.2178,1.0365,1.0771,12281249.0
1729612800,1.0772,1.0831,1.0507,1.0543,5770976.0
1729641600,1.0539,1.0741,1.0335,1.0603,5635720.0
1729670400,1.0604,1.1124,1.0512,1.0627,6293778.0
1729699200,1.0627,1.1353,1.0524,1.1132,8292572.0
1729728000,1.1133,1.1266,1.0975,1.1008,3028692.0
1729756800,1.1002,1.1104,1.0787,1.0918,2658969.0
1729785600,1.0917,1.1094,1.0801,1.1014,1420112.0
1729814400,1.1014,1.1067,1.05,1.0679,1783508.0
1729843200,1.0683,1.0991,1.0614,1.0822,1122380.0
1729872000,1.0821,1.0952,0.9878,1.0481,2911773.0
1729900800,1.0478,1.0571,1.0121,1.0135,2141201.0
1729929600,1.0135,1.0288,0.9668,0.9755,2392826.0
1729958400,0.9752,0.9966,0.973,0.9862,883431.0
1729987200,0.9864,0.9925,0.975,0.9758,907911.0
1730016000,0.9758,0.9828,0.9637,0.9801,1682288.0
1730044800,0.9802,1.033,0.9793,1.0206,1889331.0
1730073600,1.0203,1.0238,0.9696,0.9932,1251405.0
1730102400,0.993,1.0032,0.9734,0.9777,1109373.0
1730131200,0.9766,1.0174,0.9661,1.0029,1520290.0
1730160000,1.003,1.0834,1.002,1.065,3952511.0
1730188800,1.0648,1.0729,1.052,1.0676,1807953.0
1730217600,1.0675,1.0805,1.0452,1.0568,1668245.0
1730246400,1.0566,1.1007,1.0456,1.0795,1939260.0
1730275200,1.0795,1.0859,1.0537,1.0685,1500050.0
1730304000,1.0686,1.078,1.0571,1.067,971135.0
1730332800,1.0668,1.0817,1.0485,1.0556,1266514.0
1730361600,1.0555,1.0561,1.0104,1.0218,2061413.0
1730390400,1.0217,1.025,0.9842,0.9978,1587739.0
1730419200,0.9978,1.0028,0.9587,0.9728,1307050.0
1730448000,0.9726,1.0966,0.9717,1.0391,8243337.0
1730476800,1.039,1.0919,1.0368,1.075,7240979.0
1730505600,1.0754,1.1512,1.0736,1.1232,23576970.0
1730534400,1.1231,1.1499,1.101,1.1187,17033860.0
1730563200,1.1185,1.1484,1.1112,1.1344,10710987.0
1730592000,1.1345,1.1449,1.0913,1.132,13166644.0
1730620800,1.1319,1.1956,1.1035,1.1876,57674283.0
1730649600,1.1869,1.2809,1.155,1.188,81435627.0
1730678400,1.188,1.2349,1.1655,1.1984,40802381.0
1730707200,1.1983,1.2423,1.1658,1.2052,38907419.0
1730736000,1.2048,1.244,1.1824,1.2364,21637346.0
1730764800,1.2364,1.25,1.1918,1.2208,16193086.0
1730793600,1.2204,1.3819,1.2004,1.2747,37946337.0
1730822400,1.2745,1.3199,1.2431,1.2476,14863780.0
1730851200,1.2477,1.3748,1.2446,1.334,17933109.0
1730880000,1.334,1.4094,1.3124,1.3557,15478097.0
1730908800,1.3562,1.3562,1.3265,1.3454,4671221.0
1730937600,1.3454,1.3994,1.3349,1.3454,7624445.0
1730966400,1.3453,1.3598,1.316,1.3521,4288898.0
1730995200,1.352,1.3676,1.3296,1.3396,3826503.0
1731024000,1.3396,1.3435,1.3067,1.3164,3335529.0
1731052800,1.3162,1.3525,1.2949,1.3409,4966724.0
1731081600,1.3409,1.344,1.2992,1.3145,3338246.0
1731110400,1.3144,1.333,1.289,1.3147,4096846.0
1731139200,1.3154,1.3567,1.3015,1.3187,3938823.0
1731168000,1.319,1.4033,1.3188,1.3957,3057415.0
1731196800,1.3956,1.6,1.391,1.5774,14715321.0
1731225600,1.5781,1.7174,1.539,1.5587,21530805.0
1731254400,1.5588,1.6334,1.5209,1.626,8740925.0
1731283200,1.6264,1.6821,1.5663,1.5922,7748092.0
1731312000,1.5925,1.6121,1.5428,1.5956,4750733.0
1731340800,1.5956,1.618,1.5594,1.6081,3610011.0
1731369600,1.6084,1.6297,1.5129,1.5237,5512853.0
1731398400,1.5235,1.5518,1.3257,1.3832,13479579.0
1731427200,1.3831,1.3854,1.3109,1.3155,6957740.0
1731456000,1.3149,2.98,1.2047,2.7404,194881426.0
1731484800,2.7404,2.7608,1.7115,1.8563,265347282.0
1731513600,1.8561,2.1186,1.7854,1.9839,84696675.0
1731542400,1.9831,2.0319,1.5335,1.6203,93343714.0
1731571200,1.6202,1.6434,1.4714,1.4844,51527099.0
1731600000,1.4846,1.5117,1.4148,1.4429,34226114.0
1731628800,1.4429,1.4458,1.3429,1.4193,43221131.0
1731657600,1.4194,1.481,1.3969,1.4046,27750406.0
1731686400,1.4047,1.4908,1.3826,1.4899,16825320.0
1731715200,1.4902,1.5125,1.4441,1.4543,12678625.0
1731744000,1.4543,1.4683,1.4032,1.4241,14269219.0
1731772800,1.424,1.4618,1.4157,1.4593,7622323.0
1731801600,1.4593,1.4596,1.3699,1.4045,11152446.0
1731830400,1.4046,1.5057,1.4,1.4443,13101721.0
1731859200,1.4444,1.4924,1.4262,1.4907,9044828.0
1731888000,1.4911,1.5268,1.441,1.5013,11001145.0
1731916800,1.5012,1.5084,1.4451,1.508,8697334.0
1731945600,1.5079,1.5268,1.4607,1.5209,7876676.0
1731974400,1.5212,1.5212,1.4633,1.4771,6820784.0
1732003200,1.4768,1.4822,1.4331,1.4542,5936775.0
1732032000,1.4544,1.4705,1.4119,1.4388,5307322.0
1732060800,1.4395,1.4396,1.3564,1.3905,5342076.0
1732089600,1.3906,1.4157,1.37,1.4005,4963186.0
1732118400,1.4005,1.4032,1.19,1.3408,11813590.0
1732147200,1.3409,1.3574,1.294,1.349,6586236.0
1732176000,1.3488,1.4012,1.3185,1.3637,7361202.0
1732204800,1.3635,1.387,1.3635,1.3792,3498914.0
1732233600,1.3794,1.3825,1.3424,1.347,4836778.0
1732262400,1.3468,1.3646,1.3054,1.3403,6622708.0
1732291200,1.3404,1.3653,1.3161,1.3642,3974908.0
1732320000,1.3642,1.3805,1.3374,1.3761,5887019.0
1732348800,1.3761,1.42,1.364,1.4102,4969388.0
1732377600,1.4103,1.4187,1.3313,1.3742,9694437.0
1732406400,1.3742,1.4488,1.3667,1.4371,6721242.0
1732435200,1.437,1.4399,1.2648,1.2718,13006580.0
1732464000,1.2718,1.3668,1.2618,1.3614,5265262.0
1732492800,1.3616,1.3664,1.306,1.3429,6348730.0
1732521600,1.3426,1.372,1.2854,1.3482,8049601.0
1732550400,1.348,1.3625,1.2824,1.3138,6491135.0
1732579200,1.3137,1.3693,1.2997,1.3312,5028748.0
1732608000,1.3311,1.339,1.2383,1.295,12261701.0
1732636800,1.2951,1.3342,1.2653,1.3303,5014559.0
1732665600,1.3303,1.341,1.3039,1.3376,3949940.0
1732694400,1.3378,1.3558,1.3175,1.353,3806736.0
1732723200,1.353,1.3861,1.3503,1.3809,3673612.0
1732752000,1.3805,1.443,1.368,1.3998,6818528.0
1732780800,1.4,1.4149,1.3735,1.4039,5212728.0
1732809600,1.4038,1.4337,1.4025,1.4287,3946775.0
1732838400,1.4288,1.5097,1.3956,1.4976,12112488.0
1732867200,1.4968,1.553,1.4813,1.5159,12942287.0
1732896000,1.5158,1.5883,1.5124,1.5773,4651929.0
1732924800,1.5771,1.5773,1.4971,1.5268,7849910.0
1732953600,1.5266,1.5388,1.504,1.533,3643146.0
1732982400,1.5331,1.5822,1.5257,1.5443,3186385.0
1733011200,1.5439,1.5537,1.4862,1.5381,4675094.0
1733040000,1.5381,1.567,1.5105,1.5593,3215873.0
1733068800,1.5588,1.5691,1.5239,1.5436,3162886.0
1733097600,1.5434,1.5439,1.4339,1.4604,6306894.0
1733126400,1.4596,1.4666,1.3778,1.4626,6940751.0
1733155200,1.462,1.4938,1.4086,1.4873,4051749.0
1733184000,1.4872,1.5161,1.4645,1.4817,4575904.0
1733212800,1.4819,1.4914,1.3161,1.3647,10921612.0
1733241600,1.3648,1.461,1.356,1.4492,6262646.0
1733270400,1.4493,1.476,1.4282,1.4606,4355772.0
1733299200,1.4608,1.4978,1.4441,1.4664,6031946.0
1733328000,1.4665,1.4924,1.4,1.4654,6075544.0
1733356800,1.4655,1.4668,1.3902,1.4458,5906699.0
1733385600,1.4459,1.626,1.4422,1.5935,15933525.0
1733414400,1.5935,1.6236,1.4928,1.5792,15020907.0
1733443200,1.5799,1.6986,1.5423,1.6169,17103476.0
1733472000,1.6164,1.6484,1.512,1.5689,10437780.0
1733500800,1.5691,1.6138,1.5656,1.6016,3929055.0
1733529600,1.6016,1.6016,1.5549,1.5656,4202076.0
1733558400,1.5656,1.6114,1.551,1.6058,3097896.0
1733587200,1.6057,1.68,1.5791,1.6691,6699091.0
1733616000,1.6689,1.6711,1.5941,1.633,4865136.0
1733644800,1.6329,1.6574,1.57,1.6423,5074494.0
1733673600,1.6423,1.6684,1.6061,1.6468,3595454.0
1733702400,1.647,1.6481,1.514,1.5334,6414717.0
1733731200,1.5332,1.5335,1.4354,1.4734,7468314.0
1733760000,1.4731,1.485,1.1003,1.314,13693342.0
1733788800,1.3141,1.3362,1.2075,1.2806,9107121.0
1733817600,1.2807,1.2978,1.1593,1.1612,7402115.0
1733846400,1.1617,1.242,1.1191,1.2281,8102588.0
1733875200,1.2283,1.241,1.1711,1.2063,5717607.0
1733904000,1.2064,1.3169,1.2054,1.3082,4872272.0
1733932800,1.3083,1.326,1.2897,1.3066,2739004.0
1733961600,1.3068,1.3769,1.2936,1.359,5430853.0
1733990400,1.359,1.3787,1.3195,1.3533,4991001.0
1734019200,1.3533,1.3719,1.3159,1.3434,4427621.0
1734048000,1.3434,1.3569,1.2938,1.3141,4259621.0
1734076800,1.3143,1.349,1.304,1.3066,4764501.0
1734105600,1.3065,1.3449,1.3049,1.3439,3137351.0
1734134400,1.3436,1.3625,1.3279,1.3394,2261400.0
1734163200,1.3393,1.3621,1.2735,1.3045,5490541.0
1734192000,1.3045,1.3402,1.2688,1.3298,3198251.0
1734220800,1.3299,1.4021,1.291,1.3348,10168908.0
1734249600,1.3346,1.377,1.3306,1.3746,4965938.0
1734278400,1.3745,1.3851,1.3258,1.3817,4175037.0
1734307200,1.3818,1.4686,1.3679,1.45,14966399.0
1734336000,1.4504,1.4617,1.3325,1.451,12279787.0
1734364800,1.4508,1.4908,1.4157,1.4459,10809399.0
1734393600,1.4459,1.4466,1.3655,1.3919,6815328.0
1734422400,1.392,1.4039,1.327,1.3342,5790496.0
1734451200,1.3341,1.3586,1.2771,1.2824,5151149.0
1734480000,1.2825,1.3731,1.2387,1.3066,13502199.0
1734508800,1.3066,1.3387,1.2829,1.2967,6523493.0
1734537600,1.2973,1.3291,1.1603,1.1947,11594173.0
1734566400,1.1945,1.31,1.1288,1.2813,14490765.0
1734595200,1.2813,1.289,1.2252,1.2524,6181079.0
1734624000,1.2521,1.2539,1.1263,1.1962,12247417.0
1734652800,1.1961,1.2926,1.1739,1.2163,10796321.0
1734681600,1.2161,1.2483,1.1365,1.2333,14818369.0
1734710400,1.2332,1.3139,1.2246,1.3139,10820848.0
1734739200,1.3134,1.7078,1.3022,1.6433,78638503.0
1734768000,1.6433,1.7908,1.5881,1.7214,109398864.0
1734796800,1.7215,2.0534,1.6883,2.0524,151991351.0
1734825600,2.0525,2.0789,1.7817,1.8227,149269542.0
1734854400,1.8227,1.867,1.6261,1.6288,99532562.0
1734883200,1.6288,1.6769,1.6031,1.6272,42265197.0
1734912000,1.6274,1.6274,1.4401,1.4739,72476153.0
1734940800,1.4737,1.6102,1.4642,1.487,54824482.0
1734969600,1.4869,1.6115,1.4801,1.5894,30071902.0
1734998400,1.5894,1.8218,1.5551,1.7251,83184090.0
1735027200,1.7251,1.728,1.6442,1.6933,36774715.0
1735056000,1.6932,1.7585,1.683,1.7411,24045462.0
1735084800,1.7415,2.4702,1.7103,2.2438,160517726.0
1735113600,2.2438,2.4102,2.0466,2.1593,136474201.0
1735142400,2.1588,2.3047,2.031,2.2858,82575532.0
1735171200,2.2851,2.5789,2.1684,2.2045,114831326.0
1735200000,2.2045,2.2493,2.0728,2.1007,49087954.0
1735228800,2.1007,2.32,2.0512,2.2835,42788072.0
1735257600,2.2835,2.2915,2.0834,2.1485,56439888.0
1735286400,2.1486,2.235,2.0665,2.108,43442897.0
1735315200,2.108,2.1488,2.0663,2.0737,21935887.0
1735344000,2.0737,2.0752,1.8163,1.8196,40198361.0
1735372800,1.8197,1.883,1.8067,1.8435,26669204.0
1735401600,1.8434,1.9054,1.8381,1.8575,17046384.0
1735430400,1.8575,2.2296,1.7238,2.1272,117088246.0
1735459200,2.128,2.6,2.1003,2.5623,202598816.0
1735488000,2.5623,2.7822,2.4334,2.5176,226510237.0
1735516800,2.5174,2.7593,2.3406,2.5243,243128859.0
1735545600,2.5238,2.95,2.5028,2.7956,248325523.0
1735574400,2.7948,2.9776,2.6922,2.7274,145099671.0
1735603200,2.7269,2.8785,2.636,2.6633,139494257.0
1735632000,2.6633,2.747,2.4785,2.5549,123174155.0
1735660800,2.5547,2.5973,2.4145,2.4283,49197458.0
1735689600,2.4282,2.4854,2.2513,2.3182,72095308.0
1735718400,2.3181,2.3245,2.1542,2.1575,67216378.0
1735747200,2.1575,2.5564,2.1448,2.5455,87167266.0
1735776000,2.5455,2.6721,2.3858,2.4937,118228728.0
1735804800,2.4942,2.5971,2.4059,2.5445,65034271.0
1735833600,2.5445,2.699,2.5082,2.5942,66631106.0
1735862400,2.5942,3.0564,2.5594,3.0217,148985133.0
1735891200,3.0217,3.0399,2.7983,2.9194,113729419.0
1735920000,2.9189,2.9213,2.8154,2.8637,38863761.0
1735948800,2.8637,2.92,2.721,2.7893,55360182.0
1735977600,2.7893,2.8123,2.7144,2.7414,28880675.0
1736006400,2.7413,2.7962,2.723,2.7423,16376097.0
1736035200,2.7424,3.0322,2.683,2.7223,85215784.0
1736064000,2.7222,2.7973,2.6424,2.7393,42216758.0
1736092800,2.7388,2.7914,2.6773,2.7517,17872975.0
1736121600,2.7518,2.7768,2.6339,2.6376,27444396.0
1736150400,2.6378,2.6796,2.587,2.6742,19666471.0
1736179200,2.6744,2.703,2.6171,2.6537,18164180.0
1736208000,2.6537,2.6911,2.5881,2.6168,25140767.0
1736236800,2.6169,2.6325,2.4801,2.5195,25097002.0
1736265600,2.5195,2.5591,2.4239,2.4312,17351811.0
1736294400,2.4313,2.5016,2.2991,2.3409,24519358.0
1736323200,2.3409,2.3818,2.2413,2.2716,17953258.0
1736352000,2.2717,2.2815,2.159,2.2272,20233952.0
1736380800,2.2272,2.2282,2.0304,2.0393,39133522.0
1736409600,2.0393,2.1118,1.9591,2.0789,31005332.0
1736438400,2.0789,2.0975,1.9584,1.9854,23947715.0
1736467200,1.9854,2.186,1.9753,2.018,55687312.0
1736496000,2.0179,2.0321,1.892,1.9155,30755433.0
1736524800,1.916,1.9708,1.901,1.9263,15531376.0
1736553600,1.9262,2.0107,1.85,1.9799,36261168.0
1736582400,1.9798,2.2163,1.9391,2.1889,66594181.0
1736611200,2.1888,2.446,2.162,2.2794,158865904.0
1736640000,2.2794,2.2797,2.1182,2.1462,89564677.0
1736668800,2.1463,2.1787,2.0811,2.1114,63906031.0
1736697600,2.1114,2.1119,2.047,2.0539,28005461.0
1736726400,2.054,2.0793,1.9226,1.9242,37842409.0
1736755200,1.9242,1.9614,1.8358,1.8933,46058043.0
1736784000,1.8933,1.92,1.8317,1.9034,26322314.0
1736812800,1.9032,2.0205,1.8701,1.907,46236190.0
1736841600,1.9069,1.9792,1.8981,1.9487,31470626.0
1736870400,1.9489,1.9775,1.9189,1.9577,16897852.0
1736899200,1.9575,1.961,1.8701,1.888,19831602.0
1736928000,1.888,1.9932,1.8378,1.9612,27023612.0
1736956800,1.9614,2.0484,1.9557,2.0055,15512057.0
1736985600,2.0051,2.168,1.9252,2.0971,65124907.0
1737014400,2.097,2.114,1.9178,1.9537,40794040.0
1737043200,1.9536,1.985,1.9232,1.9575,12626777.0
1737072000,1.9575,1.9788,1.9102,1.9516,16854558.0
1737100800,1.9516,1.9938,1.9318,1.9614,14948754.0
1737129600,1.9614,2.0282,1.9373,2.0163,11748507.0
1737158400,2.0163,2.1648,1.9254,1.9297,43309709.0
1737187200,1.9297,1.9525,1.8035,1.8052,22540831.0
1737216000,1.8053,1.8343,1.7741,1.8273,12870082.0
1737244800,1.8273,1.8539,1.7184,1.7281,21646675.0
1737273600,1.728,1.765,1.6149,1.7174,26120612.0
1737302400,1.7174,1.7361,1.5603,1.5931,22334349.0
1737331200,1.593,1.6961,1.535,1.653,27927576.0
1737360000,1.6531,1.6735,1.5722,1.5968,11899578.0
1737388800,1.5968,1.6334,1.5292,1.5749,17330653.0
1737417600,1.5749,1.5943,1.4808,1.5223,13608480.0
1737446400,1.5222,1.5894,1.5062,1.5741,10943618.0
1737475200,1.5738,1.6726,1.5656,1.6115,8803958.0
1737504000,1.6113,1.6259,1.5733,1.5852,5201309.0
1737532800,1.5852,1.6376,1.5682,1.6304,6916113.0
1737561600,1.6301,1.6417,1.5605,1.5657,5851179.0
1737590400,1.5656,1.623,1.5457,1.6089,13540060.0
1737619200,1.6089,1.6236,1.5477,1.5976,9971543.0
1737648000,1.5974,1.6244,1.5375,1.5797,7674926.0
1737676800,1.5797,1.5946,1.4669,1.575,11682341.0
1737705600,1.5753,1.6824,1.5667,1.6128,12260011.0
1737734400,1.6128,1.6263,1.5227,1.5316,5477840.0
1737763200,1.5317,1.5502,1.4776,1.5228,8202304.0
1737792000,1.5234,1.5981,1.4938,1.5772,7417670.0
1737820800,1.5772,1.6146,1.5667,1.5737,4164826.0
1737849600,1.5742,1.6076,1.5543,1.5641,4450470.0
1737878400,1.5641,1.6906,1.5477,1.6285,8943416.0
1737907200,1.6284,1.675,1.5586,1.5639,5854216.0
1737936000,1.5638,1.6822,1.5136,1.5928,29689558.0
1737964800,1.5926,1.6622,1.5539,1.65,20963186.0
1737993600,1.6495,1.6581,1.5435,1.6233,11496023.0
1738022400,1.6233,1.6303,1.5528,1.5608,7768266.0
1738051200,1.5607,1.5799,1.5173,1.5702,8310604.0
1738080000,1.5701,1.5708,1.4032,1.4175,8430205.0
1738108800,1.4175,1.483,1.3601,1.4713,9867430.0
1738137600,1.4712,1.479,1.3918,1.4095,5946335.0
1738166400,1.4095,1.5051,1.3861,1.4387,10005340.0
1738195200,1.4388,1.5021,1.4318,1.498,6628555.0
1738224000,1.4977,1.5437,1.4914,1.5193,5798784.0
1738252800,1.519,1.534,1.5015,1.5047,2747940.0
1738281600,1.5049,1.5645,1.4925,1.5106,7462230.0
1738310400,1.5108,1.5558,1.4739,1.5514,5814847.0
1738339200,1.5513,1.5582,1.4628,1.4775,4465144.0
1738368000,1.4774,1.5103,1.4366,1.4426,4712235.0
1738396800,1.4425,1.4488,1.3829,1.3951,5008553.0
1738425600,1.3951,1.3989,1.29,1.3036,5316410.0
1738454400,1.3035,1.3318,1.263,1.2886,5024022.0
1738483200,1.2884,1.3178,1.2625,1.2892,3952717.0
1738512000,1.2889,1.2891,1.0905,1.1601,13185866.0
1738540800,1.1606,1.1644,0.8649,1.061,29506716.0
1738569600,1.061,1.1459,1.0102,1.1319,14179073.0
1738598400,1.1317,1.2186,1.1197,1.2049,6827706.0
1738627200,1.2048,1.2141,1.0804,1.0861,7854073.0
1738656000,1.0863,1.179,1.0799,1.1621,7456879.0
1738684800,1.1624,1.1824,1.0882,1.1231,8188922.0
1738713600,1.1231,1.1602,1.1107,1.1477,4887994.0
1738742400,1.1477,1.2355,1.1399,1.1768,13615874.0
1738771200,1.1767,1.181,1.1068,1.1236,5277183.0
1738800000,1.1235,1.1373,1.0968,1.1167,3915866.0
1738828800,1.1164,1.1275,1.0418,1.0499,5453513.0
1738857600,1.05,1.0805,1.0405,1.0491,4030282.0
1738886400,1.049,1.1525,1.0472,1.1168,16419227.0
1738915200,1.1172,1.1986,1.1123,1.1677,14673048.0
1738944000,1.1678,1.1686,1.0628,1.1017,7236239.0
1738972800,1.1017,1.3007,1.0922,1.2407,33573951.0
1739001600,1.2407,1.2859,1.1722,1.2103,31256869.0
1739030400,1.2101,1.3145,1.193,1.2842,15762465.0
1739059200,1.2842,1.2848,1.1978,1.2168,14556412.0
1739088000,1.2168,1.2565,1.1909,1.2081,11226237.0
1739116800,1.2082,1.2168,1.1287,1.1731,8106740.0
1739145600,1.1729,1.1837,1.1043,1.1577,9750180.0
1739174400,1.1575,1.2316,1.152,1.191,8188455.0
1739203200,1.1911,1.2114,1.1601,1.1834,6437698.0
1739232000,1.1833,1.2708,1.175,1.2388,8387641.0
1739260800,1.2387,1.2416,1.1681,1.1875,5509483.0
1739289600,1.1877,1.2024,1.1669,1.1834,4485558.0
1739318400,1.1834,1.1907,1.1536,1.1745,5392190.0
1739347200,1.1744,1.19,1.1183,1.1645,8438162.0
1739376000,1.1645,1.2372,1.1457,1.2362,5651902.0
1739404800,1.2361,1.2578,1.1832,1.1841,5130449.0
1739433600,1.1841,1.1992,1.1621,1.1765,4735051.0
1739462400,1.1764,1.1924,1.157,1.1678,3515925.0
1739491200,1.168,1.1917,1.158,1.1783,3215286.0
1739520000,1.1783,1.2093,1.1695,1.1971,4086321.0
1739548800,1.1971,1.2316,1.1572,1.1847,3917432.0
1739577600,1.1848,1.1931,1.1581,1.1654,2545412.0
1739606400,1.1654,1.1749,1.1254,1.1302,2879855.0
1739635200,1.1303,1.1426,1.1198,1.1341,2268656.0
1739664000,1.1341,1.1392,1.1094,1.1295,2354348.0
1739692800,1.1295,1.1709,1.1269,1.1571,3789977.0
1739721600,1.1569,1.1601,1.1255,1.1364,2210267.0
1739750400,1.1365,1.1974,1.1336,1.1779,6580638.0
1739779200,1.1779,1.3167,1.1706,1.2672,60947468.0
1739808000,1.2668,1.33,1.2466,1.2838,25143578.0
1739836800,1.2836,1.2836,1.1752,1.2246,17792439.0
1739865600,1.2247,1.3214,1.2159,1.2879,30292614.0
1739894400,1.2878,1.3073,1.2571,1.3058,12078626.0
1739923200,1.3056,1.3057,1.2309,1.2874,10940832.0
1739952000,1.2872,1.3387,1.2748,1.3146,11095776.0
1739980800,1.3146,1.3727,1.2923,1.3187,10182272.0
1740009600,1.3186,1.3939,1.3058,1.3659,13101511.0
1740038400,1.3656,1.4037,1.3523,1.3874,8278550.0
1740067200,1.3873,1.4304,1.3771,1.4279,7820693.0
1740096000,1.4279,1.4868,1.3652,1.3797,12829619.0
1740124800,1.3796,1.5157,1.376,1.46,12199467.0
1740153600,1.4596,1.4975,1.3805,1.3856,8610867.0
1740182400,1.3857,1.4261,1.3515,1.3577,7719351.0
1740211200,1.3578,1.5112,1.3548,1.4955,10459078.0
1740240000,1.4956,1.5279,1.4584,1.4724,4132165.0
1740268800,1.4724,1.5714,1.4309,1.4857,9975357.0
1740297600,1.4856,1.5135,1.4188,1.4205,4829072.0
1740326400,1.4202,1.5182,1.4187,1.5051,4325253.0
1740355200,1.5051,1.5196,1.4106,1.4358,5815775.0
1740384000,1.4358,1.4669,1.3948,1.4538,7428772.0
1740412800,1.4537,1.5105,1.4097,1.4202,9269474.0
1740441600,1.4203,1.4649,1.3526,1.4405,12919281.0
1740470400,1.4408,1.5068,1.4315,1.4763,11030419.0
1740499200,1.4764,1.5424,1.4423,1.5261,6252592.0
1740528000,1.5259,1.5805,1.5083,1.5112,6728760.0
1740556800,1.5111,1.5541,1.4659,1.495,5972403.0
1740585600,1.4951,1.5456,1.4114,1.5163,8517614.0
1740614400,1.5163,1.5182,1.4625,1.4801,4742902.0
1740643200,1.4796,1.4894,1.4281,1.4407,3853185.0
1740672000,1.4407,1.4508,1.3852,1.4242,3484704.0
1740700800,1.4242,1.4319,1.2921,1.3005,8906349.0
1740729600,1.3005,1.3803,1.2944,1.3755,4628167.0
1740758400,1.3754,1.4486,1.3614,1.4097,3766438.0
1740787200,1.4096,1.4129,1.3534,1.3615,3586017.0
1740816000,1.3615,1.3755,1.3131,1.3174,2536761.0
1740844800,1.3175,1.3907,1.3017,1.3502,4102604.0
1740873600,1.3503,1.3545,1.3207,1.3419,2946051.0
1740902400,1.3422,1.3736,1.3206,1.3521,4063116.0
1740931200,1.3521,1.4285,1.3379,1.4006,5954578.0
1740960000,1.4009,1.4043,1.3006,1.3389,5637851.0
1740988800,1.339,1.3392,1.2934,1.3037,4650504.0
1741017600,1.3038,1.312,1.1797,1.2032,7608345.0
1741046400,1.2031,1.2282,1.104,1.1607,6423406.0
1741075200,1.1606,1.201,1.1259,1.1921,5407023.0
1741104000,1.1922,1.2864,1.1699,1.2603,6841845.0
1741132800,1.2602,1.3034,1.2548,1.2902,5115818.0
1741161600,1.2903,1.322,1.2652,1.2738,4749128.0
1741190400,1.2738,1.2856,1.2526,1.2739,2542632.0
1741219200,1.2738,1.3016,1.2486,1.2554,4104199.0
1741248000,1.2554,1.2672,1.2262,1.2521,3592924.0
1741276800,1.2521,1.257,1.2026,1.2367,3368053.0
1741305600,1.2368,1.2463,1.1745,1.2318,4281091.0
1741334400,1.2319,1.2712,1.2155,1.2629,3074129.0
1741363200,1.2628,1.296,1.2103,1.2213,4644247.0
1741392000,1.2213,1.2407,1.1888,1.1985,2962515.0
1741420800,1.1984,1.2039,1.1736,1.1847,1711137.0
1741449600,1.1846,1.1998,1.1651,1.1718,1774559.0
1741478400,1.1718,1.1751,1.1456,1.1622,2256745.0
1741507200,1.1623,1.1662,1.0679,1.0828,3729205.0
1741536000,1.0828,1.0992,1.0297,1.0355,3653264.0
1741564800,1.0356,1.1194,1.0328,1.0815,6711774.0
1741593600,1.0817,1.1102,1.0004,1.0318,6579379.0
1741622400,1.0316,1.0366,0.9762,0.9973,5149312.0
1741651200,0.9972,1.056,0.9476,1.0013,7742930.0
1741680000,1.0012,1.0282,0.9826,1.0178,4303765.0
1741708800,1.0178,1.048,1.0004,1.026,2669303.0
1741737600,1.0259,1.0608,0.9792,1.0036,4474833.0
1741766400,1.0035,1.0422,0.9711,0.9846,4393344.0
1741795200,0.9845,1.0124,0.9815,1.0059,1799109.0
1741824000,1.0056,1.0095,0.9608,0.9626,2568773.0
1741852800,0.9625,0.9985,0.9483,0.9528,4039890.0
1741881600,0.9526,0.9555,0.9212,0.9484,3046375.0
1741910400,0.9485,0.9862,0.945,0.9798,3022114.0
1741939200,0.9794,0.9931,0.962,0.9794,2705993.0
1741968000,0.9795,0.981,0.958,0.9685,2558919.0
1741996800,0.9684,1.0252,0.9623,1.0114,5394435.0
1742025600,1.0115,1.0377,0.9905,1.0077,4427368.0
1742054400,1.008,1.0083,0.9901,1.0023,2160489.0
1742083200,1.0021,1.0024,0.9806,0.9976,2956208.0
1742112000,0.9975,1.0033,0.949,0.9527,4517638.0
1742140800,0.9523,0.9715,0.914,0.9285,3779681.0
1742169600,0.9284,0.9936,0.9171,0.979,6724400.0
1742198400,0.9787,1.0062,0.9663,0.9765,4870698.0
1742227200,0.9765,0.9949,0.9643,0.9758,2231013.0
1742256000,0.9757,1.0308,0.9677,1.0255,16313581.0
1742284800,1.0254,1.0413,0.9569,0.9593,12158535.0
1742313600,0.9594,0.9916,0.9374,0.983,4748888.0
1742342400,0.9828,0.9867,0.9549,0.9659,5248722.0
1742371200,0.9662,0.9762,0.949,0.9596,5472389.0
1742400000,0.9597,0.9753,0.9395,0.9753,6355804.0
1742428800,0.9753,0.9754,0.9521,0.9627,3851058.0
1742457600,0.9627,0.9659,0.9415,0.9482,4538016.0
1742486400,0.9483,0.9591,0.9353,0.9533,3754402.0
1742515200,0.9533,0.9706,0.9471,0.9496,4546798.0
1742544000,0.9496,0.9615,0.9447,0.9537,3731388.0
1742572800,0.9534,1.0129,0.9487,1.0079,5432012.0
1742601600,1.0079,1.0821,0.9957,1.0463,27813693.0
1742630400,1.0462,1.0486,0.9948,1.0051,7155827.0
1742659200,1.0051,1.047,0.9973,1.0179,8776137.0
1742688000,1.018,1.0188,0.9821,0.9872,5652859.0
1742716800,0.9872,1.0056,0.9752,0.9828,4201296.0
1742745600,0.983,0.9842,0.9673,0.9838,2536517.0
1742774400,0.984,1.0056,0.9695,0.9968,6312105.0
1742803200,0.9968,1.002,0.9792,0.9862,3984897.0
1742832000,0.9862,1.0093,0.9855,1.0078,3095998.0
1742860800,1.008,1.016,0.9832,0.9967,4165482.0
1742889600,0.9966,1.0305,0.993,1.0272,4071921.0
1742918400,1.0271,1.0544,1.0188,1.0477,4611575.0
1742947200,1.0479,1.1007,1.0301,1.0618,15635319.0
1742976000,1.0619,1.0678,1.0205,1.0345,4902642.0
1743004800,1.0341,1.0555,1.0227,1.0483,2700325.0
1743033600,1.0482,1.0639,1.031,1.0354,3117723.0
1743062400,1.0351,1.0586,1.0134,1.0524,6034613.0
1743091200,1.0522,1.0575,1.0425,1.0471,1751618.0
1743120000,1.0468,1.0519,0.9598,0.9707,5968127.0
1743148800,0.9711,0.9784,0.952,0.9526,2925244.0
1743177600,0.9526,0.9555,0.9336,0.954,2549934.0
1743206400,0.9541,0.9571,0.9066,0.9127,3443339.0
1743235200,0.9126,0.9208,0.8765,0.8872,4081475.0
1743264000,0.8869,0.8898,0.8693,0.8847,3258499.0
1743292800,0.8848,0.9149,0.8718,0.9081,2972271.0
1743321600,0.9082,0.9196,0.8817,0.8878,3829051.0
1743350400,0.8876,0.8877,0.8589,0.8645,2797183.0
1743379200,0.8648,0.8708,0.8358,0.845,5240079.0
1743408000,0.8452,0.8719,0.8358,0.8567,5085106.0
1743436800,0.8568,0.8616,0.8391,0.847,1998716.0
1743465600,0.847,0.8733,0.8426,0.8596,2508599.0
1743494400,0.8598,0.8811,0.8452,0.8759,3553678.0
1743523200,0.8761,0.8787,0.8491,0.8598,2251636.0
1743552000,0.8599,0.86,0.8021,0.8213,5375971.0
1743580800,0.8212,0.862,0.8187,0.8534,3532040.0
1743609600,0.8538,0.8762,0.7823,0.7936,5294232.0
1743638400,0.7936,0.8266,0.7898,0.8185,3438878.0
1743667200,0.8184,0.827,0.7785,0.8025,4304427.0
1743696000,0.8027,0.8213,0.7957,0.8113,1719808.0
1743724800,0.8114,0.8376,0.8114,0.8366,4892669.0
1743753600,0.8367,0.8515,0.7974,0.8162,5466835.0
1743782400,0.8169,0.831,0.8065,0.822,1754800.0
1743811200,0.822,0.8299,0.8086,0.8179,1638296.0
1743840000,0.818,0.8259,0.7946,0.7971,2006367.0
1743868800,0.7971,0.8066,0.7888,0.8035,1108440.0
1743897600,0.8035,0.8069,0.791,0.793,999348.0
1743926400,0.793,0.7972,0.7485,0.7587,4174688.0
1743955200,0.7586,0.7595,0.6613,0.6784,11256761.0
1743984000,0.6785,0.6984,0.6005,0.6188,12568800.0
1744012800,0.6188,0.7149,0.6167,0.6763,14015648.0
1744041600,0.6762,0.7029,0.6638,0.6919,3886726.0
1744070400,0.6919,0.7101,0.6641,0.668,3857604.0
1744099200,0.6681,0.6974,0.6616,0.6911,5197674.0
1744128000,0.6909,0.6914,0.664,0.669,4400343.0
1744156800,0.6694,0.7043,0.6444,0.7004,6457468.0
1744185600,0.7008,0.7088,0.677,0.7008,5184713.0
1744214400,0.7009,0.7509,0.699,0.7498,5229729.0
1744243200,0.7498,0.7499,0.7228,0.7249,2572058.0
1744272000,0.725,0.742,0.6973,0.7004,3493412.0
1744300800,0.7003,0.7276,0.6969,0.7263,2080968.0
1744329600,0.7262,0.7962,0.7222,0.7894,11602108.0
1744358400,0.7899,0.7934,0.7605,0.7765,7380107.0
1744387200,0.7766,0.7998,0.7752,0.7816,2107309.0
1744416000,0.7815,0.8144,0.775,0.7962,6771419.0
1744444800,0.7961,0.817,0.7833,0.8119,2977810.0
1744473600,0.8118,0.8207,0.8059,0.8118,1381394.0
1744502400,0.8117,0.824,0.791,0.8031,2037696.0
1744531200,0.8031,0.8177,0.7825,0.7909,2462211.0
1744560000,0.7905,0.8161,0.7607,0.7685,2606900.0
1744588800,0.7685,0.7921,0.761,0.7687,2017101.0
1744617600,0.7688,0.8085,0.7676,0.7717,2780257.0
1744646400,0.7715,0.7975,0.767,0.7954,1747682.0
1744675200,0.7952,0.8108,0.7892,0.801,2168822.0
1744704000,0.801,0.805,0.783,0.7964,1895312.0
1744732800,0.7961,0.7968,0.7731,0.7842,1586844.0
1744761600,0.7842,0.8082,0.7779,0.79,1937124.0
1744790400,0.7898,0.7981,0.7568,0.7751,2893322.0
1744819200,0.7751,0.7836,0.7463,0.7545,2995284.0
1744848000,0.7545,0.7591,0.7305,0.7537,2400022.0
1744876800,0.7539,0.7613,0.737,0.7594,1500738.0
1744905600,0.7593,0.7923,0.7578,0.7705,2075267.0
1744934400,0.7705,0.8604,0.7705,0.8376,22857314.0
1744963200,0.8374,0.9439,0.8301,0.8448,69698460.0
1744992000,0.8448,0.8694,0.8345,0.8452,22143124.0
1745020800,0.8453,0.9114,0.837,0.8735,26834827.0
1745049600,0.8733,0.8733,0.8411,0.8553,10517752.0
1745078400,0.8553,0.894,0.8535,0.8827,7532093.0
1745107200,0.8826,0.8827,0.8499,0.8775,8408096.0
1745136000,0.8776,0.8827,0.8165,0.8192,7396248.0
1745164800,0.819,0.8553,0.819,0.8374,5612071.0
1745193600,0.8373,0.8509,0.8071,0.8323,6155768.0
1745222400,0.8323,0.8667,0.8314,0.8557,7418371.0
1745251200,0.8557,0.8659,0.827,0.8336,4647615.0
1745280000,0.8336,0.8383,0.8041,0.8284,4349853.0
1745308800,0.8283,0.8569,0.8152,0.8493,5284738.0
1745337600,0.8495,0.8843,0.8449,0.8725,3188922.0
1745366400,0.8727,0.891,0.8586,0.8898,3767939.0
1745395200,0.8897,0.9223,0.8796,0.8977,7004233.0
1745424000,0.8978,0.9294,0.8863,0.9267,4070342.0
1745452800,0.9269,0.9299,0.8698,0.8719,4028328.0
1745481600,0.872,0.9099,0.8514,0.8968,4264230.0
1745510400,0.8968,0.905,0.865,0.8974,2945692.0
1745539200,0.8972,0.8993,0.8747,0.8943,2703703.0
1745568000,0.8944,0.9099,0.8849,0.8941,4626189.0
1745596800,0.894,0.8999,0.8774,0.8965,2372824.0
1745625600,0.8965,0.9214,0.895,0.9052,2572721.0
1745654400,0.905,0.9139,0.8661,0.8976,2984719.0
1745683200,0.8974,0.9152,0.8896,0.9113,1254466.0
1745712000,0.9111,0.9167,0.853,0.8658,2787773.0
1745740800,0.8657,0.8753,0.8418,0.8515,2681841.0
1745769600,0.8516,0.8671,0.8424,0.8561,1384934.0
1745798400,0.8562,0.8932,0.8513,0.8775,5421421.0
1745827200,0.8775,0.8984,0.8403,0.85,5543345.0
1745856000,0.85,0.868,0.8117,0.8671,4632266.0
1745884800,0.8669,0.9593,0.8643,0.9454,16593387.0
1745913600,0.9454,0.9979,0.9089,0.9556,21026050.0
1745942400,0.9555,0.9965,0.9502,0.9801,14400744.0
1745971200,0.98,1.0077,0.915,0.9222,14989371.0
1746000000,0.9222,0.957,0.9037,0.9322,7654865.0
1746028800,0.9324,0.9808,0.9161,0.9745,4091064.0
1746057600,0.9742,1.0939,0.9561,1.0641,25873200.0
1746086400,1.0642,1.0769,1.0248,1.0402,10408315.0
1746115200,1.04,1.084,1.0232,1.0621,8295589.0
1746144000,1.0616,1.1163,1.0012,1.0121,13896511.0
1746172800,1.0124,1.0757,1.011,1.0493,5753399.0
1746201600,1.0493,1.0893,1.0404,1.0832,5812512.0
1746230400,1.0833,1.0833,1.0047,1.0122,5687120.0
1746259200,1.0122,1.0157,0.9851,0.9925,2890183.0
1746288000,0.9925,0.9946,0.9214,0.9433,5554424.0
1746316800,0.9432,0.9464,0.8947,0.911,5612467.0
1746345600,0.9111,0.9595,0.9075,0.953,4276599.0
1746374400,0.9529,0.9883,0.9356,0.9779,5500475.0
1746403200,0.9777,0.9811,0.9361,0.9544,5937205.0
1746432000,0.954,0.9677,0.9228,0.9319,5438466.0
1746460800,0.9318,0.9599,0.9201,0.9582,2706645.0
1746489600,0.9582,0.9936,0.9344,0.9357,6658789.0
1746518400,0.9355,0.9355,0.8681,0.8769,5974673.0
1746547200,0.8772,0.8943,0.8449,0.8911,4044569.0
1746576000,0.8915,0.9035,0.8787,0.8991,3002103.0
1746604800,0.899,0.9233,0.891,0.9068,3734711.0
1746633600,0.9067,0.9163,0.8889,0.9092,3178952.0
1746662400,0.909,0.9665,0.9007,0.957,5993491.0
1746691200,0.9571,0.9752,0.9435,0.9649,3410840.0
1746720000,0.9647,0.9942,0.9615,0.9892,3474201.0
1746748800,0.9892,1.0799,0.9882,1.0632,12447757.0
1746777600,1.0634,1.1021,1.0298,1.0536,12190508.0
1746806400,1.0535,1.0825,1.0379,1.0801,3005441.0
1746835200,1.0804,1.098,1.0456,1.0676,4262375.0
1746864000,1.0678,1.0764,1.0364,1.0451,3538814.0
1746892800,1.0451,1.1248,1.0446,1.1208,3731205.0
1746921600,1.1205,1.1251,1.043,1.0544,6119445.0
1746950400,1.054,1.0937,1.0476,1.0681,3337011.0
1746979200,1.0683,1.0811,1.0503,1.0694,1629176.0
1747008000,1.0695,1.0985,1.038,1.0746,4854594.0
1747036800,1.0746,1.0958,0.9634,1.0199,8014620.0
1747065600,1.0201,1.0617,0.9852,1.0514,5223707.0
1747094400,1.0515,1.0742,0.9879,1.011,6951623.0
1747123200,1.0112,1.057,1.0028,1.0384,3333284.0
1747152000,1.0384,1.0984,1.0342,1.0774,3191051.0
1747180800,1.0768,1.1383,1.0711,1.1097,8768191.0
1747209600,1.1099,1.1584,1.0717,1.0885,19664435.0
1747238400,1.0886,1.1104,1.0569,1.0675,5888473.0
1747267200,1.0675,1.0743,0.9807,0.9856,6715644.0
1747296000,0.9855,1.0179,0.952,1.0004,7367841.0
1747324800,1.0005,1.0186,0.9539,0.9781,3264231.0
1747353600,0.9785,1.0131,0.9684,1.0097,3474004.0
1747382400,1.0096,1.0142,0.9846,0.9957,2642981.0
1747411200,0.9959,1.0035,0.9639,0.9695,2149866.0
1747440000,0.9698,0.9728,0.9202,0.9335,2950497.0
1747468800,0.9336,0.938,0.9123,0.9266,2471770.0
1747497600,0.9264,0.9381,0.9086,0.9357,2001967.0
1747526400,0.9358,0.9685,0.9289,0.9672,2432272.0
1747555200,0.9672,0.9906,0.9433,0.9875,1864371.0
1747584000,0.9876,0.9906,0.9136,0.9776,2667465.0
1747612800,0.9776,0.9996,0.8927,0.9164,4867374.0
1747641600,0.9163,0.9479,0.8925,0.9415,3934279.0
1747670400,0.9418,0.9605,0.9319,0.9536,1344674.0
1747699200,0.9536,0.9723,0.9362,0.9404,2000803.0
1747728000,0.9402,0.9438,0.9138,0.933,2602641.0
1747756800,0.933,0.9508,0.9157,0.9443,1285104.0
1747785600,0.9442,0.9525,0.9252,0.9335,1571881.0
1747814400,0.9335,0.95,0.9233,0.9464,1505788.0
1747843200,0.9466,0.9712,0.9159,0.9492,2538422.0
1747872000,0.949,0.9692,0.9427,0.9653,1633001.0
1747900800,0.9654,0.9974,0.9641,0.9891,1889878.0
1747929600,0.99,1.0042,0.98,0.9921,1477434.0
1747958400,0.9922,1.025,0.9855,0.996,3106951.0
1747987200,0.9964,1.0193,0.9297,0.9524,5174491.0
1748016000,0.9525,0.9618,0.8924,0.895,2473518.0
1748044800,0.8951,0.9113,0.8852,0.9003,2008308.0
1748073600,0.9004,0.9182,0.8866,0.9117,1959110.0
1748102400,0.9119,0.9245,0.8941,0.8997,926907.0
1748131200,0.9002,0.906,0.8798,0.892,1900079.0
1748160000,0.8922,0.8926,0.8532,0.867,2385687.0
1748188800,0.8672,0.8934,0.856,0.892,1235820.0
1748217600,0.8918,0.9041,0.8805,0.9022,1649873.0
1748246400,0.9025,0.9051,0.8769,0.8924,1795889.0
1748275200,0.8924,0.8956,0.8659,0.8799,1680379.0
1748304000,0.8798,0.889,0.8502,0.8863,2070805.0
1748332800,0.8864,0.9112,0.8864,0.9045,1740690.0
1748361600,0.9045,0.9318,0.9025,0.9192,1757866.0
1748390400,0.9194,0.9553,0.9023,0.9233,4218340.0
1748419200,0.9235,0.9297,0.877,0.8858,3065910.0
1748448000,0.8856,0.904,0.875,0.9007,1272731.0
1748476800,0.901,0.9214,0.8855,0.8882,1681200.0
1748505600,0.8883,0.901,0.8735,0.8768,1981148.0
1748534400,0.8769,0.8833,0.855,0.8608,1836003.0
1748563200,0.8607,0.8652,0.7979,0.8167,5368639.0
1748592000,0.8169,0.8267,0.8068,0.8144,3545753.0
1748620800,0.8145,0.8169,0.7526,0.7614,3582968.0
1748649600,0.7612,0.7637,0.7249,0.7553,3829202.0
1748678400,0.7552,0.7769,0.7344,0.7692,2823343.0
1748707200,0.7693,0.7964,0.7661,0.7858,1848507.0
1748736000,0.7859,0.7932,0.771,0.7836,1915768.0
1748764800,0.7839,0.7996,0.768,0.796,1835352.0
1748793600,0.7958,0.8072,0.7852,0.8065,1170403.0
1748822400,0.8065,0.8155,0.782,0.7975,1769642.0
1748851200,0.7975,0.8035,0.7791,0.7954,2003203.0
1748880000,0.7955,0.8161,0.7819,0.8146,1304582.0
1748908800,0.8148,0.8325,0.8122,0.8198,1179192.0
1748937600,0.8198,0.8329,0.808,0.8282,1363779.0
1748966400,0.8286,0.8603,0.8156,0.8229,3433338.0
1748995200,0.8224,0.8868,0.822,0.8751,9880572.0
1749024000,0.8748,0.8804,0.8383,0.861,4867292.0
1749052800,0.8612,0.8732,0.8358,0.8694,3425681.0
1749081600,0.8696,0.9367,0.8376,0.8452,23648381.0
1749110400,0.8449,0.8817,0.8317,0.8729,7385485.0
1749139200,0.8729,0.9137,0.8305,0.8338,23723400.0
1749168000,0.8338,0.8472,0.7635,0.7735,14035040.0
1749196800,0.7734,0.8143,0.7678,0.8127,11454485.0
1749225600,0.8127,0.8201,0.7719,0.7782,5234073.0
1749254400,0.7782,0.8041,0.7743,0.8012,3465641.0
1749283200,0.8012,0.8099,0.7871,0.7948,2357683.0
1749312000,0.7948,0.8031,0.7871,0.7992,1598588.0
1749340800,0.7994,0.8002,0.7884,0.793,2378723.0
1749369600,0.7931,0.8034,0.7883,0.7963,1785547.0
1749398400,0.7964,0.8048,0.7893,0.7977,1693320.0
1749427200,0.7977,0.8125,0.7921,0.8102,2998453.0
1749456000,0.8103,0.8222,0.7981,0.8038,2327615.0
1749484800,0.804,0.8456,0.804,0.8366,2859671.0
1749513600,0.8367,0.8425,0.8205,0.8287,2378807.0
1749542400,0.8288,0.8691,0.8249,0.8607,3542365.0
1749571200,0.8611,0.889,0.8574,0.8765,2592180.0
1749600000,0.8766,0.9091,0.863,0.8688,4585924.0
1749628800,0.8687,0.8735,0.841,0.8606,3617758.0
1749657600,0.8606,0.863,0.8204,0.8278,1931679.0
1749686400,0.8279,0.828,0.8025,0.8035,1945980.0
1749715200,0.8034,0.8085,0.7825,0.7838,2558454.0
1749744000,0.7837,0.8044,0.7646,0.7669,2041609.0
1749772800,0.7667,0.7672,0.7001,0.7224,5300015.0
1749801600,0.7225,0.7418,0.7137,0.738,2375978.0
1749830400,0.7384,0.7473,0.7268,0.7414,2193613.0
1749859200,0.7414,0.7721,0.7411,0.751,3182496.0
1749888000,0.7511,0.7525,0.7285,0.7337,2180264.0
1749916800,0.7335,0.7375,0.7185,0.7326,1192777.0
1749945600,0.7328,0.7417,0.7283,0.7322,1191883.0
1749974400,0.7316,0.74,0.7227,0.7316,1537291.0
1750003200,0.7316,0.7426,0.7218,0.7404,1473723.0
1750032000,0.7404,0.7684,0.7305,0.7684,1448169.0
1750060800,0.7683,0.7791,0.7621,0.7718,1493395.0
1750089600,0.7721,0.7775,0.743,0.7452,1713529.0
1750118400,0.7452,0.7671,0.7356,0.7478,2863775.0
1750147200,0.748,0.7531,0.7222,0.7273,2098370.0
1750176000,0.7273,0.7349,0.7071,0.7163,1892851.0
1750204800,0.7163,0.7521,0.7155,0.7499,2328458.0
1750233600,0.75,0.7595,0.7072,0.7426,10975789.0
1750262400,0.7423,0.7572,0.7273,0.7539,2892074.0
1750291200,0.7541,0.8006,0.7463,0.784,11586011.0
1750320000,0.7841,0.788,0.7336,0.734,5319430.0
1750348800,0.734,0.7517,0.7271,0.7422,2206167.0
1750377600,0.7422,0.7525,0.7261,0.7502,2889553.0
1750406400,0.7504,0.7562,0.7261,0.731,3196784.0
1750435200,0.7311,0.7316,0.6984,0.7227,3600499.0
1750464000,0.7227,0.7312,0.7128,0.7181,1852191.0
1750492800,0.718,0.7248,0.7021,0.71,1356965.0
1750521600,0.7099,0.7116,0.6654,0.6785,4190838.0
1750550400,0.6785,0.6875,0.6632,0.6816,2614716.0
1750579200,0.6817,0.6837,0.6304,0.6373,4884854.0
1750608000,0.6371,0.6537,0.6127,0.6522,2686367.0
1750636800,0.6522,0.6691,0.6489,0.6679,1359528.0
1750665600,0.668,0.682,0.6616,0.6643,2279308.0
1750694400,0.6643,0.7186,0.6486,0.7148,3116808.0
1750723200,0.7149,0.7467,0.7149,0.7232,4868518.0
1750752000,0.7231,0.7297,0.7123,0.7171,2240263.0
1750780800,0.7173,0.731,0.7068,0.7194,1416810.0
1750809600,0.7193,0.7201,0.6973,0.7041,2827136.0
1750838400,0.7041,0.7105,0.6908,0.6929,2429871.0
1750867200,0.693,0.7012,0.6838,0.6857,1085300.0
1750896000,0.6861,0.7052,0.6818,0.6957,1393665.0
1750924800,0.6956,0.6998,0.6658,0.6749,1896454.0
1750953600,0.6743,0.6793,0.6589,0.6591,1613700.0
1750982400,0.6591,0.664,0.6442,0.6531,1985837.0
1751011200,0.6532,0.6634,0.6483,0.6622,1500347.0
1751040000,0.6623,0.6725,0.647,0.6701,1783070.0
1751068800,0.6704,0.674,0.6589,0.6733,1287264.0
1751097600,0.6733,0.6738,0.6607,0.6688,1235531.0
1751126400,0.6691,0.6803,0.662,0.6773,1671216.0
1751155200,0.6773,0.6979,0.6709,0.6927,1513062.0
1751184000,0.6928,0.6935,0.6709,0.6754,1836675.0
1751212800,0.6754,0.7036,0.6735,0.6999,1458176.0
1751241600,0.6999,0.7045,0.6891,0.6986,2154540.0
1751270400,0.6986,0.7003,0.6795,0.6892,1980785.0
1751299200,0.6893,0.7003,0.6847,0.6916,1315367.0
1751328000,0.6917,0.6967,0.6604,0.6698,1837427.0
1751356800,0.6698,0.67,0.6504,0.6516,1868944.0
1751385600,0.6519,0.6556,0.6403,0.6487,1526060.0
1751414400,0.6486,0.6633,0.6369,0.6589,2267990.0
1751443200,0.6588,0.6881,0.6588,0.688,1823436.0
1751472000,0.6877,0.724,0.6877,0.7152,2790996.0
1751500800,0.7152,0.7292,0.7047,0.7238,2550104.0
1751529600,0.7238,0.7438,0.7079,0.7216,4902407.0
1751558400,0.7214,0.744,0.7186,0.737,2134571.0
1751587200,0.7368,0.738,0.696,0.6964,2720986.0
1751616000,0.6966,0.7138,0.6911,0.6933,2271308.0
1751644800,0.6931,0.6944,0.6811,0.6883,1370084.0
1751673600,0.6884,0.7183,0.6862,0.7017,3636991.0
1751702400,0.7019,0.7069,0.6927,0.6942,1235761.0
1751731200,0.6943,0.7137,0.6881,0.7075,1324967.0
1751760000,0.7073,0.713,0.6979,0.7039,1433290.0
1751788800,0.7037,0.7159,0.6988,0.7135,1257412.0
1751817600,0.7136,0.7254,0.7071,0.7105,1567128.0
1751846400,0.7105,0.7153,0.7017,0.7097,1152238.0
1751875200,0.7097,0.7141,0.6949,0.701,1525686.0
1751904000,0.7012,0.7046,0.6912,0.6994,1629732.0
1751932800,0.6996,0.7048,0.6873,0.6953,1689742.0
1751961600,0.6953,0.7059,0.6856,0.6887,1683761.0
1751990400,0.6888,0.7044,0.6857,0.698,1142767.0
1752019200,0.6981,0.71,0.693,0.7089,1101937.0
1752048000,0.7088,0.7295,0.7088,0.7227,3058640.0
1752076800,0.7227,0.7423,0.7169,0.7403,2543273.0
1752105600,0.7403,0.7426,0.7338,0.7354,1151520.0
1752134400,0.7355,0.7463,0.732,0.7364,2704146.0
1752163200,0.7365,0.7781,0.7333,0.7767,3694024.0
1752192000,0.7766,0.8057,0.7708,0.7809,3296763.0
1752220800,0.7811,0.8052,0.7809,0.7834,2555399.0
1752249600,0.7836,0.8007,0.7568,0.7714,2103539.0
1752278400,0.7713,0.7948,0.7541,0.788,3956768.0
1752307200,0.7877,0.7935,0.7334,0.7389,3214809.0
1752336000,0.7392,0.7672,0.7346,0.761,2484091.0
1752364800,0.7611,0.8143,0.7596,0.8042,14302627.0
1752393600,0.8043,0.8301,0.7957,0.8223,7928297.0
1752422400,0.8225,0.8278,0.7889,0.8045,3714470.0
1752451200,0.8046,0.8496,0.7854,0.8156,10696391.0
1752480000,0.8158,0.817,0.7841,0.7923,3164835.0
1752508800,0.7924,0.7944,0.7667,0.7861,3728525.0
1752537600,0.7859,0.7866,0.7459,0.7584,4424479.0
1752566400,0.7584,0.782,0.7539,0.7754,2489524.0
1752595200,0.7756,0.805,0.7753,0.8026,2057644.0
1752624000,0.8027,0.8062,0.7837,0.801,1816658.0
1752652800,0.8011,0.8036,0.7853,0.7914,1960658.0
1752681600,0.7913,0.8222,0.7901,0.8014,3128859.0
1752710400,0.8015,0.8072,0.7733,0.7943,2543680.0
1752739200,0.7943,0.8041,0.7824,0.793,2358951.0
1752768000,0.793,0.7977,0.7579,0.7892,3907727.0
1752796800,0.7894,0.8311,0.7848,0.811,3746616.0
1752825600,0.811,0.8351,0.7932,0.8016,3971614.0
1752854400,0.8016,0.8185,0.777,0.8066,2438024.0
1752883200,0.8066,0.8203,0.7809,0.8007,2102679.0
1752912000,0.8009,0.8049,0.7804,0.795,1757707.0
1752940800,0.7948,0.8309,0.7898,0.8213,2302436.0
1752969600,0.8214,0.8416,0.8128,0.837,1904213.0
1752998400,0.8371,0.8533,0.8301,0.8529,2358616.0
1753027200,0.8526,0.8626,0.8275,0.8456,2754059.0
1753056000,0.8457,0.9058,0.8358,0.8968,5659356.0
1753084800,0.8967,0.9214,0.8861,0.8961,4603853.0
1753113600,0.8961,0.9096,0.8794,0.9081,3685208.0
1753142400,0.9081,0.9129,0.8476,0.8668,5049396.0
1753171200,0.8668,0.876,0.8455,0.868,2988576.0
1753200000,0.8682,0.8939,0.8614,0.8923,2126552.0
1753228800,0.8919,0.8923,0.8714,0.8765,2327026.0
1753257600,0.8765,0.8835,0.8084,0.8332,5533363.0
1753286400,0.8329,0.8355,0.7714,0.7993,4841190.0
1753315200,0.7994,0.8116,0.7423,0.765,4128051.0
1753344000,0.765,0.8011,0.7617,0.7915,3391825.0
1753372800,0.7919,0.7939,0.7718,0.7778,1948549.0
1753401600,0.7779,0.7915,0.7543,0.7624,3303514.0
1753430400,0.7631,0.7939,0.7519,0.7634,2506704.0
1753459200,0.7634,0.7925,0.7585,0.7902,1529212.0
1753488000,0.7902,0.799,0.7872,0.7931,889552.0
1753516800,0.7931,0.802,0.7893,0.7962,1014912.0
1753545600,0.7966,0.8009,0.7856,0.7866,966198.0
1753574400,0.7866,0.8029,0.7857,0.7955,1030357.0
1753603200,0.7956,0.7993,0.7856,0.7939,1019506.0
1753632000,0.7939,0.8069,0.7926,0.8026,1356842.0
1753660800,0.8025,0.8146,0.7888,0.7995,1730368.0
1753689600,0.7996,0.8078,0.7509,0.7574,2571069.0
1753718400,0.7567,0.7576,0.7275,0.7355,3178951.0
1753747200,0.7357,0.7553,0.7167,0.7534,2169351.0
1753776000,0.7536,0.7549,0.714,0.7189,2593198.0
1753804800,0.7187,0.7294,0.7057,0.7281,1872432.0
1753833600,0.7283,0.73,0.7136,0.7198,1573629.0
1753862400,0.7201,0.7291,0.7026,0.7229,2616824.0
1753891200,0.7233,0.7303,0.6894,0.7284,2651763.0
1753920000,0.7282,0.7447,0.725,0.7403,867518.0
1753948800,0.7404,0.7451,0.7031,0.7144,2367419.0
1753977600,0.7144,0.7284,0.6868,0.6905,2201163.0
1754006400,0.6905,0.6936,0.6635,0.677,3036713.0
1754035200,0.6768,0.6908,0.662,0.6883,3727878.0
1754064000,0.688,0.691,0.6584,0.6775,2435639.0
1754092800,0.6774,0.688,0.6651,0.6811,1079050.0
1754121600,0.6814,0.6827,0.6594,0.6621,1296387.0
1754150400,0.6618,0.6705,0.6474,0.6635,2071600.0
1754179200,0.6633,0.6842,0.6525,0.6823,1795313.0
1754208000,0.6823,0.6925,0.6801,0.6883,1148744.0
1754236800,0.6882,0.6949,0.6849,0.6911,902846.0
1754265600,0.6911,0.7061,0.6902,0.7039,1104675.0
1754294400,0.7039,0.71,0.6961,0.7071,1273752.0
1754323200,0.7069,0.7177,0.7057,0.7157,1021409.0
1754352000,0.7157,0.72,0.6894,0.6914,1524256.0
1754380800,0.6912,0.7143,0.6832,0.6853,2074045.0
1754409600,0.6853,0.6929,0.6739,0.6904,1119269.0
1754438400,0.6907,0.6909,0.6722,0.6884,1353199.0
1754467200,0.6884,0.6989,0.675,0.6978,1492232.0
1754496000,0.6979,0.7014,0.6914,0.693,1238994.0
1754524800,0.693,0.702,0.6873,0.6995,953602.0
1754553600,0.6996,0.7193,0.6941,0.7148,1422007.0
1754582400,0.7148,0.7277,0.6985,0.7273,1173932.0
1754611200,0.7273,0.7334,0.7208,0.7317,1297252.0
1754640000,0.7316,0.737,0.7158,0.7224,1309180.0
1754668800,0.7225,0.743,0.7224,0.7372,849656.0
1754697600,0.7373,0.7532,0.7361,0.7525,1685132.0
1754726400,0.7524,0.7595,0.7439,0.7528,1423131.0
1754755200,0.7525,0.7593,0.7482,0.7514,1404360.0
1754784000,0.7514,0.7627,0.7327,0.7354,2026969.0
1754812800,0.7353,0.7421,0.7251,0.7398,1251381.0
1754841600,0.7397,0.7602,0.7388,0.75,1303206.0
1754870400,0.75,0.772,0.7443,0.7448,1808578.0
1754899200,0.7447,0.7532,0.7165,0.7305,2561379.0
1754928000,0.7304,0.7422,0.6982,0.7088,2658576.0
1754956800,0.7086,0.7229,0.7052,0.7173,1467579.0
1754985600,0.7174,0.7375,0.6984,0.7373,2326150.0
1755014400,0.7372,0.7518,0.7343,0.7461,1386617.0
1755043200,0.7459,0.7513,0.7371,0.7504,1781798.0
1755072000,0.7504,0.7816,0.7498,0.7685,4501740.0
1755100800,0.7685,0.776,0.7607,0.7721,1848993.0
1755129600,0.772,0.7784,0.7517,0.7552,2059077.0
1755158400,0.7553,0.7557,0.7055,0.717,4999397.0
1755187200,0.717,0.717,0.6924,0.7073,1852703.0
1755216000,0.7073,0.7223,0.7032,0.72,1281902.0
1755244800,0.7199,0.7231,0.6829,0.6862,2373331.0
1755273600,0.6861,0.7073,0.6759,0.7011,1805258.0
1755302400,0.701,0.7136,0.7001,0.7087,1273192.0
1755331200,0.7087,0.7177,0.6964,0.716,1753631.0
1755360000,0.716,0.7206,0.7136,0.7164,823614.0
1755388800,0.7164,0.7226,0.7101,0.7186,678328.0
1755417600,0.7188,0.7333,0.7177,0.7333,977565.0
1755446400,0.7333,0.7393,0.7096,0.7151,1184806.0
1755475200,0.7152,0.7162,0.6747,0.6796,2394282.0
1755504000,0.6796,0.6927,0.6698,0.6878,1862660.0
1755532800,0.6877,0.7119,0.6815,0.698,1277348.0
1755561600,0.6979,0.709,0.6801,0.6927,1832986.0
1755590400,0.6927,0.7129,0.6836,0.6901,2724629.0
1755619200,0.6903,0.6906,0.6663,0.6712,2166583.0
1755648000,0.671,0.6854,0.666,0.6812,1296555.0
1755676800,0.6813,0.6983,0.6676,0.6914,2006346.0
1755705600,0.6916,0.7063,0.6876,0.7027,1280303.0
1755734400,0.7028,0.7119,0.6944,0.7006,1253772.0
1755763200,0.7008,0.7017,0.6721,0.6724,1778539.0
1755792000,0.6725,0.6812,0.6671,0.674,1363202.0
1755820800,0.6739,0.6855,0.6696,0.6807,1029338.0
1755849600,0.6806,0.7106,0.6535,0.7038,4128989.0
1755878400,0.7039,0.7363,0.7039,0.7309,2038671.0
1755907200,0.731,0.7342,0.7111,0.7257,1510464.0
1755936000,0.7258,0.7294,0.7169,0.7218,839467.0
1755964800,0.7219,0.7306,0.6226,0.727,4474379.0
1755993600,0.7269,0.7304,0.7041,0.7044,1712807.0
1756022400,0.7044,0.7083,0.6961,0.7025,1769997.0
1756051200,0.7026,0.7389,0.6994,0.7107,3598681.0
1756080000,0.7108,0.7234,0.6816,0.6847,2292379.0
1756108800,0.6844,0.6862,0.668,0.6712,2223384.0
1756137600,0.6713,0.6761,0.6358,0.6487,3587847.0
1756166400,0.6487,0.6681,0.6413,0.6637,1747970.0
1756195200,0.6636,0.6753,0.6568,0.6726,2113405.0
1756224000,0.6726,0.6871,0.6713,0.6811,1119301.0
1756252800,0.6812,0.6894,0.6744,0.678,1275305.0
1756281600,0.6783,0.69,0.6753,0.6864,1206844.0
1756310400,0.6864,0.6928,0.6758,0.681,2028035.0
1756339200,0.681,0.6994,0.6737,0.6939,1397376.0
1756368000,0.694,0.7209,0.6903,0.6979,3240201.0
1756396800,0.698,0.7129,0.6875,0.7094,1772840.0
1756425600,0.7095,0.7735,0.6934,0.6952,19976792.0
1756454400,0.6953,0.7005,0.673,0.6823,5443060.0
1756483200,0.6823,0.6848,0.6637,0.6741,2315654.0
1756512000,0.6743,0.7007,0.6644,0.6988,3152071.0
1756540800,0.6988,0.7393,0.6963,0.704,9225115.0
1756569600,0.7041,0.72,0.6953,0.7107,2921995.0
1756598400,0.7108,0.7177,0.7015,0.7019,2878836.0
1756627200,0.7019,0.711,0.6893,0.6968,1733644.0
1756656000,0.697,0.7027,0.6783,0.6787,1411530.0
1756684800,0.6787,0.6847,0.6555,0.6846,2701320.0
1756713600,0.6844,0.6917,0.6705,0.6713,2071656.0
1756742400,0.6713,0.6716,0.649,0.6679,2226577.0
1756771200,0.668,0.6876,0.6641,0.677,1591973.0
1756800000,0.677,0.6919,0.6658,0.6702,2283351.0
1756828800,0.6701,0.6864,0.6692,0.6851,904664.0
1756857600,0.6853,0.6855,0.6697,0.6753,1198374.0
1756886400,0.6752,0.6863,0.6706,0.6829,1003028.0
1756915200,0.6829,0.6873,0.6789,0.6821,766733.0
1756944000,0.682,0.6856,0.652,0.658,2058249.0
1756972800,0.6579,0.6667,0.6529,0.6561,1851318.0
1757001600,0.6563,0.6648,0.6469,0.6583,908590.0
1757030400,0.6582,0.6721,0.6566,0.6719,1058588.0
1757059200,0.6719,0.6782,0.6561,0.66,2285234.0
1757088000,0.6601,0.67,0.657,0.6663,968476.0
1757116800,0.6663,0.6683,0.658,0.6597,603115.0
1757145600,0.6598,0.6629,0.6563,0.6584,661529.0
1757174400,0.6583,0.6645,0.6551,0.6608,834305.0
1757203200,0.6609,0.6702,0.6609,0.667,983100.0
1757232000,0.667,0.671,0.664,0.6655,657311.0
1757260800,0.6654,0.6669,0.6572,0.6626,1124962.0
1757289600,0.6626,0.6708,0.6603,0.6651,1088328.0
1757318400,0.6651,0.6723,0.6626,0.6715,1326787.0
1757347200,0.6715,0.6755,0.6641,0.6721,965143.0
1757376000,0.6722,0.6883,0.6696,0.6854,2465870.0
1757404800,0.6854,0.6889,0.6609,0.6628,2390750.0
1757433600,0.6628,0.6716,0.6609,0.6704,870572.0
1757462400,0.6706,0.6826,0.6681,0.6806,1371584.0
1757491200,0.6807,0.6894,0.6755,0.6819,1130680.0
1757520000,0.6819,0.6839,0.6699,0.6812,813273.0
1757548800,0.681,0.7103,0.6798,0.7009,5185828.0
1757577600,0.701,0.7053,0.6711,0.676,4561983.0
1757606400,0.6759,0.6891,0.6746,0.6864,1448364.0
1757635200,0.6865,0.704,0.6849,0.6975,3032783.0
1757664000,0.6976,0.6976,0.6826,0.6905,2179769.0
1757692800,0.6905,0.7044,0.6897,0.7035,1604637.0
1757721600,0.7033,0.7055,0.6974,0.6998,1502062.0
1757750400,0.6998,0.7131,0.6922,0.6997,3558314.0
1757779200,0.6997,0.7109,0.6897,0.7096,1843948.0
1757808000,0.7096,0.7105,0.6903,0.7005,1923652.0
1757836800,0.7004,0.7015,0.6715,0.6797,3109122.0
1757865600,0.6795,0.6899,0.6771,0.6821,982712.0
1757894400,0.6821,0.69,0.6677,0.6694,1848097.0
1757923200,0.6693,0.6693,0.6489,0.6547,3838997.0
1757952000,0.6546,0.662,0.649,0.6616,971205.0
1757980800,0.6615,0.6629,0.6484,0.6601,997193.0
1758009600,0.6602,0.6715,0.6543,0.6715,1462081.0
1758038400,0.6714,0.6735,0.6659,0.6696,742126.0
1758067200,0.6696,0.6729,0.6591,0.6662,1178695.0
1758096000,0.666,0.666,0.6553,0.6561,811927.0
1758124800,0.6559,0.6861,0.6523,0.6829,2279501.0
1758153600,0.6831,0.6886,0.676,0.682,1364171.0
1758182400,0.6818,0.6893,0.6769,0.6861,1649946.0
1758211200,0.6863,0.6957,0.6855,0.6908,1269286.0
1758240000,0.6907,0.6953,0.6737,0.6812,1871509.0
1758268800,0.681,0.6839,0.6544,0.6588,2082303.0
1758297600,0.6588,0.6629,0.6472,0.6514,1701869.0
1758326400,0.6513,0.6581,0.6443,0.6577,1164951.0
1758355200,0.6577,0.6666,0.6497,0.6622,1000751.0
1758384000,0.6621,0.6642,0.6539,0.6577,772416.0
1758412800,0.6576,0.6675,0.6541,0.6621,861291.0
1758441600,0.6626,0.6745,0.6485,0.6621,3839971.0
1758470400,0.6622,0.6649,0.6529,0.6542,1067932.0
1758499200,0.6541,0.6727,0.5525,0.5966,15339173.0
1758528000,0.5966,0.5983,0.5817,0.583,3210306.0
1758556800,0.583,0.588,0.5738,0.5864,2362111.0
1758585600,0.5864,0.5887,0.5598,0.5748,2832249.0
1758614400,0.5749,0.5883,0.5718,0.5761,2133265.0
1758643200,0.5761,0.5867,0.5669,0.5737,1557636.0
1758672000,0.5738,0.5837,0.5588,0.5766,2206685.0
1758700800,0.5767,0.5871,0.5756,0.58,1352702.0
1758729600,0.5801,0.584,0.5723,0.5765,1482109.0
1758758400,0.5764,0.577,0.5556,0.5601,2090082.0
1758787200,0.5601,0.5658,0.5459,0.5569,2581332.0
1758816000,0.557,0.5581,0.5301,0.5379,2765096.0
1758844800,0.5382,0.5473,0.5361,0.5457,1962654.0
1758873600,0.5458,0.5511,0.537,0.5489,2089065.0
1758902400,0.5488,0.5619,0.5482,0.5595,1008959.0
1758931200,0.5596,0.5613,0.5555,0.5561,663905.0
1758960000,0.5561,0.5645,0.5489,0.5636,1185973.0
1758988800,0.5637,0.5691,0.5564,0.5653,926590.0
1759017600,0.5654,0.5655,0.551,0.5534,1226349.0
1759046400,0.554,0.5581,0.5461,0.5565,960008.0
1759075200,0.5566,0.5733,0.5566,0.5705,1700096.0
1759104000,0.5706,0.5713,0.5597,0.5633,1482563.0
1759132800,0.5633,0.5669,0.5461,0.5521,3380085.0
1759161600,0.5522,0.5575,0.5446,0.5519,2374142.0
1759190400,0.5517,0.5521,0.5341,0.5368,2297211.0
1759219200,0.5367,0.54,0.5248,0.5299,2082310.0
1759248000,0.53,0.5467,0.5265,0.541,1847869.0
1759276800,0.5411,0.5422,0.5276,0.5353,1952421.0
1759305600,0.535,0.561,0.5339,0.5606,2909510.0
1759334400,0.5605,0.5711,0.5571,0.569,1701427.0
1759363200,0.5694,0.5796,0.5671,0.5755,1388599.0
1759392000,0.5757,0.5813,0.5664,0.5756,1597891.0
1759420800,0.5756,0.5858,0.5743,0.5812,1204528.0
1759449600,0.5811,0.5823,0.5696,0.573,1153481.0
1759478400,0.573,0.5848,0.5676,0.5842,1370062.0
1759507200,0.5841,0.5917,0.5746,0.5831,1663682.0
1759536000,0.5832,0.5846,0.5727,0.5801,1301781.0
1759564800,0.5801,0.5833,0.5606,0.5625,2400915.0
1759593600,0.5626,0.5706,0.5601,0.5695,837002.0
1759622400,0.5697,0.5893,0.5637,0.5882,1931939.0
1759651200,0.5882,0.5906,0.5725,0.5777,1417853.0
1759680000,0.5778,0.5787,0.5569,0.5623,1355396.0
1759708800,0.5624,0.5802,0.5582,0.5721,2443983.0
1759737600,0.5722,0.5911,0.5721,0.5877,1721930.0
1759766400,0.5877,0.5925,0.5832,0.5836,1360273.0
1759795200,0.5836,0.5877,0.575,0.5778,1426736.0
1759824000,0.5779,0.5852,0.5532,0.555,3339459.0
1759852800,0.555,0.5601,0.5487,0.5516,1847224.0
1759881600,0.5516,0.5599,0.5445,0.5516,3010010.0
1759910400,0.5517,0.5592,0.546,0.554,1758882.0
1759939200,0.554,0.5708,0.553,0.5638,1068428.0
1759968000,0.5639,0.5642,0.546,0.5493,1360986.0
1759996800,0.5493,0.5521,0.5366,0.5395,1923564.0
1760025600,0.5395,0.5551,0.5362,0.553,1263321.0
1760054400,0.5529,0.5633,0.5483,0.5487,1577294.0
1760083200,0.5488,0.5587,0.5239,0.528,2434894.0
1760112000,0.5278,0.5314,0.344,0.418,23764408.0
1760140800,0.4181,0.4252,0.3941,0.4086,7492702.0
1760169600,0.4088,0.4206,0.4053,0.4137,3714586.0
1760198400,0.4137,0.4154,0.3827,0.3974,4908437.0
1760227200,0.3975,0.4019,0.3865,0.4014,3914223.0
1760256000,0.4014,0.4285,0.4006,0.4281,4536423.0
1760284800,0.428,0.4413,0.4259,0.4324,3272369.0
1760313600,0.4324,0.4397,0.4225,0.435,2064251.0
1760342400,0.4349,0.4534,0.4311,0.4517,4488248.0
1760371200,0.4518,0.4803,0.449,0.478,3461460.0
1760400000,0.4782,0.4826,0.4278,0.4361,4812082.0
1760428800,0.436,0.4487,0.4231,0.4483,4016471.0
1760457600,0.4484,0.4561,0.4394,0.4474,2500757.0
1760486400,0.4474,0.4525,0.4421,0.4524,1897987.0
1760515200,0.4521,0.4585,0.4215,0.4261,2817468.0
1760544000,0.426,0.4283,0.4156,0.4227,1907876.0
1760572800,0.4227,0.4356,0.4214,0.4296,1990342.0
1760601600,0.43,0.441,0.4138,0.4151,4344775.0
1760630400,0.4149,0.4232,0.4007,0.4096,3050817.0
1760659200,0.4096,0.4157,0.3713,0.3732,3968080.0
1760688000,0.3737,0.3974,0.3687,0.3973,4674358.0
1760716800,0.3974,0.4038,0.3925,0.3989,1646020.0
1760745600,0.399,0.4141,0.3978,0.4081,1674241.0
1760774400,0.4077,0.4113,0.4003,0.4036,1810792.0
1760803200,0.4037,0.4141,0.4027,0.4049,3256704.0
1760832000,0.4048,0.4059,0.3978,0.3992,2152165.0
1760860800,0.3992,0.4208,0.3966,0.4167,3000211.0
1760889600,0.4167,0.4213,0.4108,0.4142,2260397.0
1760918400,0.4143,0.4248,0.4053,0.4233,2285412.0
1760947200,0.4232,0.426,0.4155,0.4159,2102219.0
1760976000,0.416,0.4194,0.4087,0.4173,1739906.0
1761004800,0.4173,0.4185,0.395,0.3999,2095472.0
1761033600,0.3999,0.4329,0.3949,0.4315,2745448.0
1761062400,0.4316,0.4683,0.4129,0.4145,13465517.0
1761091200,0.4145,0.4167,0.4004,0.4062,4060408.0
1761120000,0.4063,0.4134,0.3971,0.406,3087342.0
1761148800,0.406,0.4089,0.3784,0.3954,3824225.0
1761177600,0.3955,0.4113,0.3941,0.4092,1974792.0
1761206400,0.4092,0.4134,0.4012,0.4087,2126222.0
1761235200,0.4087,0.4167,0.405,0.4116,1886168.0
1761264000,0.4117,0.4191,0.4099,0.4149,1786680.0
1761292800,0.4149,0.417,0.4013,0.4033,2767410.0
1761321600,0.4033,0.416,0.3993,0.4146,1679620.0
1761350400,0.4147,0.4163,0.4068,0.4081,1551653.0
1761379200,0.4083,0.4134,0.4067,0.4121,1474015.0
1761408000,0.4122,0.4163,0.4101,0.4135,794703.0
1761436800,0.4135,0.414,0.4076,0.4135,1531615.0
1761465600,0.4135,0.4239,0.4131,0.4218,1975204.0
1761494400,0.4218,0.4277,0.4162,0.4245,1641072.0
1761523200,0.4245,0.4552,0.4234,0.4514,4721504.0
1761552000,0.4514,0.4584,0.4113,0.4166,8823849.0
1761580800,0.4166,0.4259,0.4076,0.4104,3158043.0
1761609600,0.4103,0.4169,0.4039,0.4088,3145539.0
1761638400,0.4089,0.4158,0.4014,0.4062,2647253.0
1761667200,0.4059,0.4111,0.3867,0.3956,2778529.0
1761696000,0.3956,0.406,0.3933,0.3949,2356988.0
1761724800,0.3948,0.4043,0.3903,0.3923,1856023.0
1761753600,0.3922,0.4033,0.3843,0.391,3204602.0
1761782400,0.3911,0.399,0.3778,0.3919,2737095.0
1761811200,0.3918,0.3921,0.3568,0.3597,3330482.0
1761840000,0.3596,0.364,0.3476,0.3618,3033288.0
1761868800,0.3618,0.3816,0.3598,0.3715,2623117.0
1761897600,0.3714,0.3785,0.368,0.3747,1826910.0
1761926400,0.3747,0.3772,0.3633,0.3721,1708684.0
1761955200,0.3722,0.3828,0.3722,0.3817,1307474.0
1761984000,0.3817,0.3842,0.377,0.3821,1303488.0
1762012800,0.3822,0.3836,0.3749,0.3804,1652405.0
1762041600,0.3806,0.3853,0.3751,0.384,1216518.0
1762070400,0.384,0.3846,0.368,0.3703,2243476.0
1762099200,0.3702,0.3819,0.3648,0.3807,1143573.0
1762128000,0.3806,0.381,0.3408,0.3471,3731708.0
1762156800,0.3472,0.3499,0.3038,0.3232,4836595.0
1762185600,0.3233,0.3378,0.3208,0.3292,3595629.0
1762214400,0.3293,0.3386,0.3154,0.3176,3498288.0
1762243200,0.3175,0.333,0.3158,0.3243,2818864.0
1762272000,0.3243,0.3276,0.2946,0.3159,7247948.0
1762300800,0.3157,0.3203,0.2991,0.3148,2852144.0
1762329600,0.3147,0.3201,0.3053,0.3192,2667052.0
1762358400,0.3192,0.3281,0.3157,0.3255,1414684.0
1762387200,0.3255,0.3307,0.3175,0.3189,2254493.0
1762416000,0.3188,0.3259,0.3132,0.3151,2577640.0
1762444800,0.3153,0.3305,0.3107,0.3276,2358646.0
1762473600,0.3277,0.3414,0.3276,0.3414,2904971.0
1762502400,0.3412,0.3426,0.3219,0.3411,2684392.0
1762531200,0.3411,0.3693,0.3411,0.3628,3652656.0
1762560000,0.3629,0.3715,0.3543,0.3598,2041727.0
1762588800,0.3598,0.3701,0.3466,0.361,4453393.0
1762617600,0.3609,0.403,0.3441,0.3539,20409145.0
1762646400,0.354,0.3846,0.3379,0.3496,13999296.0
1762675200,0.3495,0.3561,0.3398,0.3534,5696028.0
1762704000,0.3532,0.3557,0.3487,0.3512,2494251.0
1762732800,0.3512,0.3577,0.3493,0.352,2422498.0
1762761600,0.3522,0.3623,0.3469,0.3552,5066185.0
1762790400,0.3553,0.3608,0.3482,0.3575,2913396.0
1762819200,0.3574,0.3604,0.3442,0.3448,2970358.0
1762848000,0.3446,0.3629,0.3431,0.3566,4421817.0
1762876800,0.3566,0.365,0.339,0.3412,4537299.0
1762905600,0.3412,0.3706,0.3387,0.3561,6843082.0
1762934400,0.3561,0.375,0.3543,0.359,8413927.0
1762963200,0.359,0.3596,0.3312,0.3418,7472796.0
1762992000,0.3417,0.3531,0.3365,0.3481,2828673.0
1763020800,0.3479,0.3525,0.3412,0.346,2502543.0
1763049600,0.3456,0.3472,0.3198,0.3294,4708576.0
1763078400,0.3294,0.3298,0.3074,0.3254,4223454.0
1763107200,0.3255,0.3258,0.3119,0.3227,4338543.0
1763136000,0.3228,0.3267,0.3091,0.3161,2327362.0
1763164800,0.3161,0.3306,0.315,0.3284,1696571.0
1763193600,0.3284,0.3284,0.3203,0.3246,1387675.0
1763222400,0.3245,0.33,0.3218,0.3279,1209351.0
1763251200,0.3279,0.3325,0.3213,0.3315,1548102.0
1763280000,0.3314,0.3336,0.3159,0.3164,2505578.0
1763308800,0.3165,0.3212,0.3068,0.3179,3073911.0
1763337600,0.3176,0.3241,0.3142,0.3227,1483640.0
1763366400,0.3228,0.3306,0.3139,0.3183,2732491.0
1763395200,0.3183,0.3243,0.3051,0.3123,5179127.0
1763424000,0.3123,0.3149,0.3037,0.308,3069222.0
1763452800,0.308,0.3149,0.3054,0.3128,2173190.0
1763481600,0.3129,0.3218,0.3121,0.3162,1634806.0
1763510400,0.3162,0.3182,0.3012,0.3082,1898667.0
1763539200,0.3083,0.3152,0.3033,0.3038,3832567.0
1763568000,0.3038,0.3053,0.2861,0.3042,3869451.0
1763596800,0.3042,0.3133,0.3032,0.3123,1512729.0
1763625600,0.3124,0.328,0.3115,0.3171,3602373.0
1763654400,0.3172,0.3177,0.2952,0.2992,5157527.0
1763683200,0.2992,0.3103,0.2589,0.2795,5706825.0
1763712000,0.2793,0.2868,0.2669,0.2793,6038936.0
1763740800,0.2793,0.2964,0.275,0.2878,4888451.0
1763769600,0.2877,0.2925,0.2782,0.2829,2523444.0
1763798400,0.2828,0.2841,0.2753,0.2819,1968591.0
1763827200,0.2817,0.29,0.2817,0.2858,1132406.0
1763856000,0.2859,0.2927,0.2841,0.2911,2274351.0
1763884800,0.2914,0.296,0.2885,0.2913,2183259.0
1763913600,0.2913,0.2932,0.2857,0.2863,1139104.0
1763942400,0.2862,0.2939,0.283,0.2862,3424596.0
1763971200,0.2863,0.2893,0.2802,0.2882,2522350.0
1764000000,0.2883,0.3022,0.2883,0.2985,2572977.0
1764028800,0.2987,0.2995,0.2923,0.2936,1662442.0
1764057600,0.2936,0.2979,0.2895,0.2956,1735158.0
1764086400,0.2955,0.3014,0.2923,0.2988,1559758.0
1764115200,0.299,0.3002,0.2948,0.2969,855493.0
1764144000,0.297,0.2972,0.2884,0.2901,1533769.0
1764172800,0.2902,0.3027,0.2891,0.3007,2254019.0
1764201600,0.3007,0.3075,0.2987,0.303,2664868.0
1764230400,0.3029,0.3062,0.2998,0.3054,3682192.0
1764259200,0.3052,0.3076,0.3008,0.3026,1466456.0
1764288000,0.3027,0.3088,0.3003,0.3011,3633110.0
1764316800,0.3011,0.3103,0.3011,0.307,2447675.0
1764345600,0.3071,0.3072,0.296,0.3006,1690999.0
1764374400,0.3007,0.3035,0.296,0.2967,1643750.0
1764403200,0.2969,0.3013,0.2942,0.2955,1891403.0
1764432000,0.2954,0.2956,0.2903,0.2915,1490269.0
1764460800,0.2916,0.2936,0.2858,0.2906,1523441.0
1764489600,0.2906,0.2966,0.29,0.2943,1597717.0
1764518400,0.2944,0.2973,0.29,0.2903,1198329.0
1764547200,0.2903,0.2909,0.2681,0.271,3848111.0
1764576000,0.271,0.2757,0.2587,0.263,3303616.0
1764604800,0.263,0.2702,0.2577,0.2702,2376700.0
1764633600,0.2699,0.2724,0.2649,0.2692,1724422.0
1764662400,0.269,0.2931,0.2662,0.2924,2356597.0
1764691200,0.2924,0.2973,0.2903,0.2915,2003729.0
1764720000,0.2916,0.3006,0.2906,0.2977,1332033.0
1764748800,0.2977,0.299,0.2894,0.2935,2133708.0
1764777600,0.2936,0.3035,0.292,0.2997,1275154.0
1764806400,0.2997,0.3036,0.2968,0.299,1288386.0
1764835200,0.299,0.3011,0.2915,0.2972,1136127.0
1764864000,0.2972,0.2996,0.2869,0.2921,1522375.0
1764892800,0.2921,0.2961,0.2886,0.2954,1387404.0
1764921600,0.2954,0.296,0.2841,0.2866,2002586.0
1764950400,0.2868,0.287,0.2744,0.2836,2503037.0
1764979200,0.2836,0.2897,0.2823,0.2879,1053641.0
1765008000,0.2879,0.2913,0.2853,0.2904,1850362.0
1765036800,0.2903,0.297,0.2903,0.2925,1404857.0
1765065600,0.2927,0.3028,0.2915,0.2991,2833971.0
1765094400,0.2991,0.2996,0.2808,0.2913,4911893.0
1765123200,0.2912,0.2997,0.2856,0.2891,2583985.0
1765152000,0.2891,0.3034,0.2875,0.3023,2536710.0
1765180800,0.3024,0.3079,0.293,0.2946,2816813.0
1765209600,0.2945,0.2983,0.2902,0.2932,1709211.0
1765238400,0.2932,0.2934,0.2861,0.2893,1663203.0
1765267200,0.2892,0.3066,0.2876,0.3054,2780986.0
1765296000,0.3055,0.3162,0.3055,0.3097,3700218.0
1765324800,0.3098,0.3103,0.2958,0.2977,2473645.0
1765353600,0.2977,0.2998,0.2929,0.2949,1815977.0
1765382400,0.2948,0.309,0.2921,0.2934,3044169.0
1765411200,0.2934,0.2955,0.2738,0.2757,2717233.0
1765440000,0.2757,0.28,0.2718,0.2772,1611062.0
1765468800,0.2768,0.2986,0.2743,0.2848,10034159.0
1765497600,0.2849,0.2854,0.2798,0.2829,1334718.0
1765526400,0.283,0.2847,0.2705,0.2714,1864993.0
1765555200,0.2714,0.29,0.2666,0.288,4230466.0
1765584000,0.288,0.2941,0.2834,0.2855,3501433.0
1765612800,0.2856,0.2872,0.2814,0.2833,2033616.0
1765641600,0.2834,0.2845,0.2805,0.2823,904551.0
1765670400,0.2823,0.2832,0.2744,0.2769,1226546.0
1765699200,0.2768,0.2827,0.2736,0.2745,4237836.0
1765728000,0.2744,0.2759,0.2654,0.2682,1796465.0
1765756800,0.2681,0.279,0.2669,0.2744,2034119.0
1765785600,0.2746,0.2755,0.2605,0.263,2785196.0
1765814400,0.2629,0.263,0.2516,0.2611,2671073.0
1765843200,0.2611,0.2614,0.2548,0.2562,1155855.0
1765872000,0.2561,0.2641,0.2556,0.2627,2127322.0
1765900800,0.2628,0.2629,0.2579,0.2609,1236309.0
1765929600,0.2609,0.262,0.2553,0.2563,1474995.0
1765958400,0.2562,0.2624,0.2504,0.2512,2754600.0
1765987200,0.2513,0.2533,0.2399,0.241,3117977.0
1766016000,0.2411,0.2422,0.2346,0.2366,1650225.0
1766044800,0.2367,0.2496,0.2362,0.2457,2690160.0
1766073600,0.2457,0.2467,0.2263,0.2316,2663808.0
1766102400,0.2315,0.2433,0.2265,0.2405,3151746.0
1766131200,0.2405,0.2493,0.2397,0.2446,1760222.0
1766160000,0.2446,0.2511,0.2411,0.2498,1705848.0
1766188800,0.2497,0.2521,0.2472,0.2521,1069133.0
1766217600,0.252,0.2534,0.2481,0.2526,1119719.0
1766246400,0.2527,0.2547,0.2503,0.2534,1003975.0
1766275200,0.2535,0.2567,0.2491,0.2561,1175038.0
1766304000,0.256,0.2563,0.2445,0.2491,2535418.0
1766332800,0.2492,0.2524,0.2464,0.2505,1658167.0
1766361600,0.2506,0.2577,0.2491,0.2563,2608707.0
1766390400,0.2561,0.2616,0.2486,0.252,6088457.0
1766419200,0.252,0.2526,0.2461,0.2519,1953871.0
1766448000,0.252,0.2556,0.2461,0.2471,1794029.0
1766476800,0.2474,0.2495,0.2439,0.2476,1534378.0
1766505600,0.2475,0.2642,0.2469,0.2629,3905042.0
1766534400,0.263,0.2798,0.2541,0.2578,18520734.0
1766563200,0.2579,0.2616,0.2541,0.2606,4069290.0
1766592000,0.2605,0.2638,0.2575,0.2634,1552635.0
1766620800,0.2634,0.2645,0.258,0.2639,2132587.0
1766649600,0.2639,0.2646,0.2585,0.2627,1468213.0
1766678400,0.2628,0.2659,0.2557,0.2569,1535435.0
1766707200,0.2569,0.2634,0.2546,0.2582,1925944.0
1766736000,0.2583,0.26,0.2521,0.254,1496240.0
1766764800,0.2539,0.2603,0.2524,0.2579,957857.0
1766793600,0.2579,0.2629,0.2576,0.2614,886690.0
1766822400,0.2614,0.265,0.2572,0.2647,1335901.0
1766851200,0.2646,0.2695,0.263,0.2693,876291.0
1766880000,0.2694,0.27,0.2668,0.2695,919016.0
1766908800,0.2696,0.2727,0.2689,0.2698,903948.0
1766937600,0.2698,0.2706,0.2642,0.2675,1031132.0
1766966400,0.2676,0.2855,0.2645,0.2697,8587198.0
1766995200,0.2696,0.2699,0.2578,0.2601,3155525.0
1767024000,0.2601,0.2613,0.2581,0.2583,1215995.0
1767052800,0.2582,0.259,0.2496,0.251,1838379.0
1767081600,0.251,0.2613,0.2507,0.2611,2320045.0
1767110400,0.2612,0.2937,0.2603,0.2767,19798182.0
1767139200,0.2769,0.2961,0.2664,0.2678,21888769.0
1767168000,0.2678,0.2695,0.2594,0.261,4640156.0
1767196800,0.2611,0.2643,0.2547,0.2618,3562128.0
1767225600,0.2617,0.267,0.2584,0.2632,2745707.0
1767254400,0.2632,0.2693,0.2609,0.2685,2955580.0
1767283200,0.2685,0.2709,0.2673,0.2703,1382355.0
1767312000,0.2703,0.2744,0.2692,0.2726,1691080.0
1767340800,0.2726,0.2778,0.2707,0.2746,2334895.0
1767369600,0.2747,0.2836,0.274,0.2827,1877744.0
1767398400,0.2827,0.2841,0.2744,0.2756,1253322.0
1767427200,0.2756,0.2818,0.2754,0.2798,1274415.0
1767456000,0.2798,0.2866,0.2798,0.2862,1156040.0
1767484800,0.2863,0.2914,0.2859,0.2882,1441320.0
1767513600,0.2881,0.2908,0.2859,0.2907,1445009.0
1767542400,0.2906,0.2932,0.2866,0.2893,1318050.0
1767571200,0.2892,0.2948,0.2856,0.29,1882951.0
1767600000,0.2901,0.2931,0.2839,0.2919,1598104.0
1767628800,0.2918,0.2982,0.2881,0.2964,2105725.0
1767657600,0.2964,0.2997,0.2923,0.2932,1533725.0
1767686400,0.2933,0.3029,0.2915,0.2977,2419742.0
1767715200,0.2977,0.2987,0.2827,0.2976,2257414.0
1767744000,0.2976,0.3034,0.2906,0.3027,2295565.0
1767772800,0.3031,0.3072,0.2857,0.2892,6853522.0
1767801600,0.2892,0.2934,0.2843,0.2887,2224593.0
1767830400,0.2886,0.3044,0.2868,0.3028,3900688.0
1767859200,0.3024,0.307,0.2844,0.2973,7005503.0
1767888000,0.2973,0.3042,0.2948,0.2993,3445581.0
1767916800,0.2993,0.3025,0.2951,0.2985,2486131.0
1767945600,0.2984,0.3043,0.2928,0.2985,3405242.0
1767974400,0.2986,0.3077,0.296,0.3056,2602882.0
1768003200,0.3058,0.307,0.2983,0.3052,2349715.0
1768032000,0.3052,0.3095,0.2917,0.2944,5153891.0
1768060800,0.2942,0.2955,0.2827,0.2878,2473953.0
1768089600,0.2878,0.302,0.2822,0.2861,10052782.0
1768118400,0.2861,0.2882,0.2818,0.2833,1888969.0
1768147200,0.2833,0.2873,0.2765,0.2808,2301286.0
1768176000,0.2809,0.2849,0.2717,0.2767,6365986.0
1768204800,0.2766,0.2782,0.2705,0.2779,1981903.0
1768233600,0.2779,0.2807,0.2724,0.2757,1696485.0
1768262400,0.2757,0.3066,0.2724,0.2861,16453815.0
1768291200,0.2862,0.2941,0.2849,0.2931,3692357.0
1768320000,0.2932,0.303,0.292,0.2993,3412454.0
1768348800,0.2993,0.3045,0.2983,0.2999,2432235.0
1768377600,0.2999,0.3056,0.2981,0.3044,2013551.0
1768406400,0.3045,0.3064,0.2959,0.3002,1850290.0
1768435200,0.3002,0.3013,0.2903,0.2958,1575183.0
1768464000,0.2959,0.2997,0.2864,0.2909,1628210.0
1768492800,0.2909,0.2944,0.2833,0.2877,1480268.0
1768521600,0.2877,0.2967,0.2835,0.2935,1950979.0
1768550400,0.2935,0.3245,0.2935,0.306,33665948.0
1768579200,0.306,0.3092,0.2998,0.3061,5789976.0
1768608000,0.3062,0.308,0.2991,0.3071,4661655.0
1768636800,0.307,0.3268,0.3068,0.3267,8555869.0
1768665600,0.3267,0.327,0.3142,0.316,3771721.0
1768694400,0.316,0.3357,0.3045,0.3076,9420359.0
1768723200,0.3075,0.327,0.3068,0.3214,5226568.0
1768752000,0.3211,0.3225,0.3063,0.3076,2404097.0
1768780800,0.3074,0.3074,0.2862,0.2984,5400139.0
1768809600,0.2984,0.3041,0.297,0.2996,2433898.0
1768838400,0.2995,0.3003,0.2875,0.2906,2010483.0
1768867200,0.2905,0.2929,0.2801,0.2802,3379836.0
1768896000,0.2802,0.2832,0.2755,0.2782,2951139.0
1768924800,0.2782,0.2788,0.2631,0.2644,2304611.0
1768953600,0.2642,0.2793,0.2639,0.2716,2379647.0
1768982400,0.2714,0.2755,0.2663,0.2751,2286786.0
1769011200,0.2752,0.2881,0.2658,0.2861,3816314.0
1769040000,0.2862,0.3066,0.2853,0.2953,7315407.0
1769068800,0.2953,0.301,0.278,0.2809,3940887.0
1769097600,0.2809,0.2925,0.2809,0.2851,2335838.0
1769126400,0.2851,0.2952,0.2836,0.2899,3306628.0
1769155200,0.2897,0.2956,0.2875,0.2954,2046787.0
1769184000,0.2955,0.3018,0.286,0.2892,2285360.0
1769212800,0.2891,0.3,0.2868,0.2986,2054543.0
1769241600,0.2985,0.3072,0.2966,0.2972,2727643.0
1769270400,0.2971,0.3019,0.2953,0.2992,1383085.0
1769299200,0.2992,0.3237,0.2981,0.3117,7880336.0
1769328000,0.3117,0.4064,0.3114,0.341,92641492.0
1769356800,0.341,0.344,0.3044,0.3208,31524401.0
1769385600,0.3207,0.323,0.2934,0.2984,15710191.0
1769414400,0.2983,0.3059,0.297,0.3054,6770274.0
1769443200,0.3053,0.3085,0.2939,0.3059,4889199.0
1769472000,0.306,0.3077,0.2831,0.2861,6075336.0
1769500800,0.2861,0.2865,0.2764,0.2808,3939758.0
1769529600,0.2807,0.2873,0.2743,0.2848,3942925.0
1769558400,0.2848,0.2886,0.278,0.2853,4487136.0
1769587200,0.2851,0.2991,0.2818,0.2821,4419113.0
1769616000,0.2821,0.2841,0.2785,0.2796,3075727.0
1769644800,0.2796,0.2807,0.2721,0.2735,2558395.0
1769673600,0.2735,0.277,0.2589,0.2648,4523133.0
1769702400,0.2648,0.2694,0.2569,0.2624,3142989.0
1769731200,0.2624,0.2649,0.253,0.2578,3618961.0
1769760000,0.2578,0.2633,0.2531,0.2611,3397949.0
1769788800,0.2611,0.2661,0.2548,0.2619,3218400.0
1769817600,0.2619,0.2619,0.2526,0.2547,1675260.0
1769846400,0.2547,0.2548,0.2342,0.238,3761385.0
1769875200,0.2379,0.2426,0.213,0.2355,6879276.0
1769904000,0.2355,0.2488,0.2337,0.2463,3259043.0
1769932800,0.2464,0.2515,0.2314,0.2345,4158006.0
1769961600,0.2345,0.2386,0.227,0.231,2536948.0
1769990400,0.2309,0.2405,0.226,0.2341,4773626.0
1770019200,0.2342,0.2438,0.2339,0.2422,2951987.0
1770048000,0.2423,0.2423,0.2385,0.2413,1361859.0
1770076800,0.2413,0.2493,0.2369,0.2452,2358285.0
1770105600,0.245,0.2461,0.2375,0.2441,2194791.0
1770134400,0.2441,0.2462,0.2273,0.2348,4067941.0
1770163200,0.2347,0.244,0.2341,0.2416,1935328.0
1770192000,0.2417,0.2424,0.2279,0.2299,1620056.0
1770220800,0.2298,0.2363,0.2247,0.235,3043412.0
1770249600,0.235,0.2372,0.2255,0.2271,2401370.0
1770278400,0.2272,0.2323,0.2073,0.2124,3172720.0
1770307200,0.2124,0.2168,0.1932,0.1954,4747690.0
1770336000,0.1954,0.2021,0.1674,0.1975,7571101.0
1770364800,0.1976,0.2142,0.1944,0.2137,3948567.0
1770393600,0.2138,0.2234,0.213,0.221,2852408.0
1770422400,0.2208,0.2258,0.2117,0.2132,2305123.0
1770451200,0.2131,0.2202,0.2106,0.2185,1855662.0
1770480000,0.2185,0.2248,0.2171,0.2243,1896471.0
1770508800,0.2243,0.225,0.2169,0.2203,1695117.0
1770537600,0.2203,0.2231,0.2174,0.2186,1350747.0
1770566400,0.2186,0.2188,0.2124,0.2143,1016834.0
1770595200,0.2143,0.2194,0.2123,0.2155,1183463.0
1770624000,0.2154,0.2163,0.208,0.2156,1648921.0
1770652800,0.2159,0.22,0.2135,0.2179,1011135.0
1770681600,0.218,0.2224,0.2119,0.2133,2563476.0
1770710400,0.2134,0.2162,0.2111,0.2145,1128497.0
1770739200,0.2144,0.2155,0.2113,0.2134,1201553.0
1770768000,0.2134,0.2155,0.2048,0.2056,1835916.0
1770796800,0.2055,0.2151,0.204,0.208,1793278.0
1770825600,0.2081,0.2214,0.2063,0.2202,3124097.0
1770854400,0.2202,0.2344,0.2188,0.2331,2567518.0
1770883200,0.2331,0.2386,0.2231,0.2239,12646415.0
1770912000,0.224,0.2315,0.222,0.2304,2387961.0
1770940800,0.2304,0.2309,0.2246,0.2262,1448023.0
1770969600,0.2262,0.2361,0.226,0.2324,2148272.0
1770998400,0.2325,0.2373,0.2323,0.2365,1069079.0
1771027200,0.2364,0.2375,0.235,0.2362,964016.0
1771056000,0.2362,0.2413,0.2359,0.2398,1107071.0
1771084800,0.2398,0.242,0.2372,0.2388,904368.0
1771113600,0.2389,0.2394,0.2331,0.2367,1569202.0
1771142400,0.2367,0.2373,0.2239,0.2265,1579076.0
1771171200,0.2265,0.2287,0.2237,0.2287,1292723.0
1771200000,0.2287,0.2387,0.2252,0.2321,4653234.0
1771228800,0.2321,0.2333,0.2261,0.2266,1767802.0
1771257600,0.2267,0.2321,0.2265,0.2316,1125852.0
1771286400,0.2316,0.2325,0.2268,0.2272,1088678.0
1771315200,0.2274,0.23,0.2247,0.2279,1334422.0
1771344000,0.228,0.2298,0.2248,0.2266,1048616.0
1771372800,0.2266,0.2314,0.2241,0.2309,1079528.0
1771401600,0.231,0.2314,0.2214,0.225,1444772.0
1771430400,0.2251,0.2251,0.2168,0.219,1201108.0
1771459200,0.2191,0.2197,0.2141,0.2172,1468211.0
1771488000,0.2174,0.2176,0.209,0.2101,1630691.0
1771516800,0.2102,0.2169,0.2086,0.2159,1422057.0
1771545600,0.2159,0.2183,0.2145,0.2157,1261588.0
1771574400,0.2156,0.2179,0.2105,0.2172,1321596.0
1771603200,0.2171,0.2192,0.2142,0.2179,1156278.0
1771632000,0.2181,0.2411,0.2178,0.2311,16698029.0
1771660800,0.2311,0.2796,0.2246,0.2733,161654749.0
1771689600,0.2731,0.2748,0.2547,0.2638,131913081.0
1771718400,0.2637,0.2639,0.2391,0.2487,66223041.0
1771747200,0.2487,0.3929,0.2446,0.3843,876390049.0
1771776000,0.3843,0.4036,0.361,0.3866,538712837.0
1771804800,0.3866,0.4396,0.359,0.4216,561742965.0
1771833600,0.4215,0.4227,0.3316,0.3427,436447608.0
1771862400,0.3426,0.3436,0.2988,0.3066,147143643.0
1771891200,0.3066,0.3386,0.2791,0.2838,167831677.0
1771920000,0.2838,0.2974,0.2708,0.2872,70288906.0
1771948800,0.2871,0.2999,0.2808,0.2947,32950235.0
1771977600,0.2947,0.3077,0.2783,0.2854,45261599.0
1772006400,0.2854,0.2866,0.2776,0.2844,22942636.0
1772035200,0.2844,0.3222,0.2838,0.299,40100450.0
1772064000,0.299,0.2993,0.2744,0.2778,25230267.0
1772092800,0.2778,0.288,0.2675,0.2687,25592112.0
1772121600,0.2686,0.2827,0.2631,0.2708,17459866.0
1772150400,0.2709,0.2751,0.2636,0.2672,12500444.0
1772179200,0.2672,0.268,0.2549,0.2614,15648193.0
1772208000,0.2613,0.274,0.2478,0.2515,20857081.0
1772236800,0.2516,0.2533,0.2297,0.2315,16007377.0
1772265600,0.2315,0.2326,0.2228,0.2272,19078984.0
1772294400,0.2272,0.2363,0.2238,0.232,20050068.0
1772323200,0.2319,0.2372,0.227,0.23,19981643.0
1772352000,0.23,0.23,0.2212,0.2238,14745271.0
1772380800,0.2238,0.2253,0.2134,0.2199,15080689.0
1772409600,0.2199,0.2279,0.2136,0.2179,13733029.0
1772438400,0.2179,0.2301,0.2149,0.2286,20251305.0
1772467200,0.2284,0.2293,0.2184,0.2203,10907720.0
1772496000,0.2203,0.2224,0.215,0.2168,9673923.0
1772524800,0.2167,0.2168,0.2074,0.2132,15902833.0
1772553600,0.2132,0.219,0.2118,0.2154,10190596.0
1772582400,0.2153,0.2233,0.2117,0.2184,11617349.0
1772611200,0.2185,0.2287,0.2159,0.2284,15136719.0
1772640000,0.2285,0.2387,0.2259,0.2314,11473562.0
1772668800,0.2315,0.243,0.2283,0.2372,15488756.0
1772697600,0.2371,0.28,0.2344,0.2566,98472716.0
1772726400,0.2568,0.2682,0.2477,0.2659,33127444.0
1772755200,0.2658,0.314,0.2531,0.3048,125982780.0
1772784000,0.305,0.3054,0.2765,0.2909,86437588.0
1772812800,0.2909,0.2971,0.2815,0.2956,39874902.0
1772841600,0.2955,0.3056,0.2597,0.2695,38443787.0
1772870400,0.2695,0.2835,0.267,0.2717,20881592.0
1772899200,0.2716,0.2716,0.2626,0.2635,11135235.0
1772928000,0.2635,0.2884,0.2574,0.2788,43565799.0
1772956800,0.2788,0.2797,0.2638,0.268,10174273.0
1772985600,0.268,0.2747,0.2637,0.2655,7925949.0
1773014400,0.2654,0.2674,0.2562,0.2607,11592967.0
1773043200,0.2607,0.2631,0.2539,0.2568,9438824.0
1773072000,0.2569,0.2602,0.2512,0.2523,5477006.0
1773100800,0.2523,0.2625,0.2494,0.2563,7173080.0
1773129600,0.2564,0.2577,0.2493,0.2552,7517420.0
1773158400,0.2552,0.2572,0.2471,0.2487,6180505.0
1773187200,0.2487,0.2487,0.2314,0.232,8436303.0
1773216000,0.2321,0.2417,0.2304,0.2372,6908971.0
1773244800,0.2373,0.2426,0.2348,0.2399,6238953.0
1773273600,0.2398,0.2458,0.2343,0.2424,8051267.0
1773302400,0.2423,0.2527,0.2414,0.249,17028789.0
1773331200,0.2489,0.2625,0.2467,0.2571,9741721.0
1773360000,0.257,0.2649,0.2466,0.2486,12245980.0
1773388800,0.2485,0.2525,0.2446,0.2476,7936001.0
1773417600,0.2476,0.2487,0.2387,0.2418,5128841.0
1773446400,0.2419,0.2475,0.2339,0.239,10498121.0
1773475200,0.239,0.2432,0.2368,0.2388,4614712.0
1773504000,0.2387,0.2407,0.2346,0.2386,3635859.0
1773532800,0.2386,0.246,0.2367,0.2418,5033041.0
1773561600,0.2418,0.2434,0.2361,0.2392,4714488.0
1773590400,0.2392,0.2486,0.2389,0.2454,7187791.0
1773619200,0.2454,0.2473,0.2424,0.2444,5723740.0
1773648000,0.2444,0.2503,0.241,0.2477,6443960.0
1773676800,0.2478,0.253,0.2476,0.2524,3927700.0
1773705600,0.2523,0.2548,0.2457,0.2487,4555109.0
1773734400,0.2487,0.2557,0.247,0.2518,3926222.0
1773763200,0.2516,0.253,0.2487,0.2499,2502785.0
1773792000,0.2499,0.2548,0.2481,0.2535,3621164.0
1773820800,0.2536,0.2565,0.2427,0.2462,9987490.0
1773849600,0.2461,0.2467,0.2403,0.2423,3461562.0
1773878400,0.2423,0.2424,0.2331,0.2356,3722877.0
1773907200,0.2356,0.2433,0.2355,0.2407,3562941.0
1773936000,0.2407,0.2496,0.2392,0.2448,4207181.0
1773964800,0.2447,0.247,0.2399,0.2403,4100846.0
1773993600,0.2402,0.2463,0.2393,0.2448,5782509.0
1774022400,0.2448,0.2487,0.2421,0.2437,3392636.0
1774051200,0.2437,0.2483,0.2413,0.2416,2845609.0
1774080000,0.2415,0.2466,0.2407,0.2442,3046709.0
1774108800,0.2441,0.2481,0.2404,0.2426,2836383.0
1774137600,0.2424,0.2467,0.2368,0.2404,9937784.0
1774166400,0.2404,0.2417,0.2365,0.2378,6262650.0
1774195200,0.2379,0.2391,0.2282,0.2331,3906358.0
1774224000,0.233,0.2355,0.2272,0.2295,3505980.0
1774252800,0.2295,0.2421,0.2291,0.2398,6561817.0
1774281600,0.2398,0.2517,0.2397,0.2498,4719990.0
1774310400,0.2498,0.2555,0.245,0.2503,8617753.0
1774339200,0.2503,0.2506,0.2392,0.2411,6006681.0
1774368000,0.241,0.2468,0.2395,0.2432,2996379.0
1774396800,0.2433,0.2437,0.2386,0.241,3218423.0
1774425600,0.241,0.2482,0.2409,0.2449,3304289.0
1774454400,0.2449,0.2498,0.2438,0.2458,2622644.0
1774483200,0.2457,0.2472,0.2371,0.238,3106744.0
1774512000,0.2379,0.2414,0.2361,0.2398,4146479.0
1774540800,0.2397,0.2409,0.232,0.2381,3419095.0
1774569600,0.238,0.2405,0.2354,0.2371,2947257.0
1774598400,0.237,0.2375,0.2246,0.2293,5452747.0
1774627200,0.2292,0.2329,0.2259,0.2266,2587470.0
1774656000,0.2267,0.2331,0.223,0.2324,3011288.0
1774684800,0.2324,0.2371,0.2297,0.2316,4904483.0
1774713600,0.2317,0.2378,0.2293,0.2315,3478097.0
1774742400,0.2314,0.2323,0.2283,0.2292,2597213.0
1774771200,0.2292,0.233,0.2259,0.2292,2899920.0
1774800000,0.2291,0.2318,0.2246,0.2287,2748538.0
1774828800,0.2288,0.234,0.2278,0.2327,3307798.0
1774857600,0.2327,0.2378,0.2309,0.2318,2924045.0
1774886400,0.2318,0.2319,0.2271,0.2305,2248913.0
1774915200,0.2306,0.2346,0.2297,0.2336,3236695.0
1774944000,0.2335,0.2363,0.2301,0.231,5342110.0
1774972800,0.231,0.235,0.231,0.2318,2149606.0
1775001600,0.2318,0.2396,0.2301,0.2389,3001167.0
1775030400,0.239,0.2427,0.2336,0.2421,4319439.0
1775059200,0.2422,0.2455,0.2395,0.2405,2646493.0
1775088000,0.2405,0.2422,0.2274,0.2303,4988387.0
1775116800,0.2303,0.2331,0.2256,0.2321,3530364.0
1775145600,0.232,0.2401,0.2316,0.2365,2792679.0
1775174400,0.2364,0.2404,0.2329,0.2387,3080969.0
1775203200,0.2387,0.2424,0.2374,0.2394,2557806.0
1775232000,0.2393,0.2447,0.2371,0.2409,2264524.0
1775260800,0.2409,0.2436,0.2372,0.2393,2250290.0
1775289600,0.2393,0.2409,0.2343,0.2367,2008237.0
1775318400,0.2367,0.2405,0.2364,0.2405,1623034.0
1775347200,0.2405,0.2418,0.2307,0.231,2294375.0
1775376000,0.231,0.2356,0.2308,0.2332,2444831.0
1775404800,0.2331,0.2349,0.2279,0.2337,3179152.0
1775433600,0.2338,0.2404,0.2319,0.2395,3413564.0
1775462400,0.2394,0.2493,0.2381,0.2463,11384015.0
1775491200,0.2464,0.2496,0.2389,0.2403,3070715.0
1775520000,0.2404,0.2424,0.231,0.2366,4711394.0
1775548800,0.2366,0.2401,0.2311,0.2327,2974106.0
1775577600,0.2328,0.2514,0.2321,0.2504,3927568.0
1775606400,0.2504,0.2549,0.246,0.251,3248122.0
1775635200,0.2511,0.2543,0.248,0.2523,2708968.0
1775664000,0.2523,0.2572,0.2468,0.2472,5179733.0
1775692800,0.2473,0.2554,0.2443,0.2507,4282864.0
1775721600,0.2507,0.2603,0.2502,0.2593,3902210.0
1775750400,0.2594,0.2632,0.256,0.2583,3448127.0
1775779200,0.2584,0.2586,0.2516,0.2522,2770238.0
1775808000,0.2522,0.256,0.2502,0.2534,1932002.0
1775836800,0.2535,0.2585,0.2525,0.2564,1533424.0
1775865600,0.2564,0.2636,0.2529,0.2553,5308275.0
1775894400,0.2553,0.2586,0.2479,0.2503,2380366.0
1775923200,0.2503,0.2578,0.2495,0.2534,1719249.0
1775952000,0.2533,0.2613,0.2461,0.247,5740131.0
1775980800,0.2471,0.2485,0.2389,0.2397,2811728.0
1776009600,0.2396,0.2471,0.239,0.2403,1785653.0
1776038400,0.2402,0.2416,0.2375,0.2392,1558112.0
1776067200,0.2393,0.2478,0.2356,0.2465,2907465.0
1776096000,0.2466,0.2557,0.2443,0.2529,2926445.0
1776124800,0.253,0.2534,0.2468,0.2488,1616039.0
1776153600,0.2488,0.2514,0.2462,0.2492,1855918.0
1776182400,0.2491,0.2503,0.2444,0.2468,1155851.0
1776211200,0.2467,0.2559,0.2464,0.2542,1888506.0
1776240000,0.2543,0.2679,0.2522,0.2603,10350507.0
1776268800,0.2604,0.267,0.26,0.2641,2893426.0
1776297600,0.2641,0.2704,0.2596,0.2654,3380729.0
1776326400,0.2655,0.2695,0.2615,0.2654,2930047.0
1776355200,0.2655,0.2742,0.2649,0.2731,2435291.0
1776384000,0.273,0.2769,0.2674,0.2755,2826415.0
1776412800,0.2756,0.2835,0.2736,0.2799,4339872.0
1776441600,0.28,0.2824,0.2739,0.2775,2129687.0
1776470400,0.2775,0.2996,0.2774,0.2929,7477196.0
1776499200,0.2933,0.2944,0.2745,0.2775,8137858.0
1776528000,0.2776,0.2794,0.2711,0.2725,2557245.0
1776556800,0.2725,0.2727,0.2617,0.266,2755246.0
1776585600,0.266,0.2694,0.263,0.2671,1798962.0
1776614400,0.2671,0.2694,0.2578,0.2599,2237195.0
1776643200,0.2598,0.2681,0.2586,0.265,1770089.0
1776672000,0.2651,0.2697,0.2638,0.2694,1758057.0
1776700800,0.2694,0.2775,0.2687,0.2729,1550519.0
1776729600,0.2728,0.2747,0.2696,0.2728,1194844.0
1776758400,0.2728,0.2794,0.2709,0.2755,2297132.0
1776787200,0.2757,0.2785,0.2709,0.2777,1397120.0
1776816000,0.2778,0.2809,0.2746,0.2788,1263305.0
1776844800,0.2789,0.2801,0.2733,0.277,1400264.0
1776873600,0.277,0.278,0.2665,0.2671,1611620.0
1776902400,0.2671,0.2676,0.2602,0.2616,1868776.0
1776931200,0.2617,0.2698,0.2564,0.2665,2333363.0
1776960000,0.2665,0.2739,0.2625,0.2719,2841453.0
1776988800,0.2718,0.2724,0.266,0.2699,1299817.0
1777017600,0.27,0.2745,0.2686,0.274,1600955.0
1777046400,0.2739,0.2786,0.2706,0.2736,2503101.0
1777075200,0.2738,0.2846,0.2728,0.282,2762574.0
1777104000,0.282,0.2913,0.2742,0.2759,12156907.0
1777132800,0.2758,0.2781,0.2726,0.2749,2601000.0
1777161600,0.275,0.2756,0.2696,0.2722,2151762.0
1777190400,0.2722,0.2745,0.269,0.2703,1859629.0
1777219200,0.2704,0.2705,0.2661,0.2686,1228751.0
1777248000,0.2685,0.2711,0.2569,0.2569,2494995.0
1777276800,0.2569,0.2615,0.2553,0.256,1862937.0
1777305600,0.2559,0.2629,0.2544,0.2624,1307766.0
1777334400,0.2624,0.2626,0.2581,0.26,958792.0
1777363200,0.2599,0.2621,0.2576,0.2603,1353570.0
1777392000,0.2603,0.2657,0.2603,0.2623,1253718.0
1777420800,0.2623,0.2653,0.2614,0.2618,937250.0
1777449600,0.2618,0.2639,0.2539,0.2556,1604967.0
1777478400,0.2555,0.2577,0.2487,0.2544,1902879.0
1777507200,0.2544,0.2565,0.2497,0.2535,1128290.0
1777536000,0.2535,0.2561,0.25,0.2517,1118850.0
1777564800,0.2516,0.2519,0.2479,0.2487,768408.0
1777593600,0.2486,0.2563,0.2484,0.2533,1044247.0
1777622400,0.2533,0.2572,0.2514,0.2561,1236270.0
1777651200,0.2562,0.2566,0.2497,0.2513,882356.0
1777680000,0.2515,0.2543,0.249,0.253,950296.0
1777708800,0.2529,0.2569,0.2505,0.2568,1056256.0
1777737600,0.2567,0.2584,0.2546,0.2551,812138.0
1777766400,0.255,0.2576,0.2496,0.252,5226569.0
1777795200,0.252,0.254,0.251,0.2516,1036575.0
1777824000,0.2517,0.2522,0.2486,0.249,978041.0
1777852800,0.249,0.2566,0.246,0.2536,1566405.0
1777881600,0.2536,0.2558,0.2479,0.2509,1639068.0
1777910400,0.251,0.2547,0.249,0.2503,909435.0
1777939200,0.2503,0.2591,0.2499,0.2578,1905012.0
1777968000,0.2577,0.2584,0.253,0.2531,1731673.0
1777996800,0.2531,0.2598,0.2524,0.2568,1065707.0
1778025600,0.2567,0.2603,0.2523,0.2565,2823772.0
1778054400,0.2565,0.2619,0.254,0.2583,1860626.0
1778083200,0.2582,0.2595,0.2551,0.2593,976814.0
1778112000,0.2593,0.2594,0.2504,0.2576,1457087.0
1778140800,0.2576,0.2622,0.2528,0.2545,1685379.0
1778169600,0.2545,0.2681,0.2538,0.2611,3189828.0
1778198400,0.2612,0.2636,0.2568,0.2582,1732632.0
1778227200,0.2582,0.2658,0.2581,0.2651,1698206.0
1778256000,0.2652,0.2717,0.2642,0.2708,1382332.0
1778284800,0.2709,0.2732,0.2675,0.2676,988647.0
1778313600,0.2675,0.2714,0.2637,0.2637,1407107.0
1778342400,0.2638,0.2666,0.2631,0.2649,752052.0
1778371200,0.2648,0.2726,0.2615,0.2709,1939765.0
1778400000,0.2709,0.2724,0.2678,0.271,1613503.0
1778428800,0.271,0.2775,0.2652,0.2712,2856455.0
1778457600,0.2712,0.2728,0.2629,0.2682,2881169.0
1778486400,0.2683,0.2732,0.2656,0.2691,2073346.0
1778515200,0.2691,0.2764,0.2689,0.2761,1942617.0
1778544000,0.2761,0.2761,0.2668,0.2698,3123629.0
1778572800,0.2697,0.2771,0.2668,0.2703,6857496.0
1778601600,0.2702,0.2776,0.2664,0.2752,3882781.0
1778630400,0.2752,0.2777,0.2677,0.2754,3222588.0
1778659200,0.2754,0.2768,0.2562,0.2569,4317456.0
1778688000,0.2567,0.2624,0.2558,0.2605,1422553.0
1778716800,0.2606,0.2622,0.2557,0.2576,1615063.0
1778745600,0.2577,0.2669,0.2565,0.2664,1717310.0
1778774400,0.2664,0.2681,0.2613,0.2621,1558152.0
1778803200,0.2621,0.2643,0.255,0.2584,1637075.0
1778832000,0.2584,0.2587,0.2392,0.2431,4067875.0
1778860800,0.2431,0.2471,0.2419,0.2425,1259909.0
1778889600,0.2426,0.2459,0.2333,0.2366,1709280.0
1778918400,0.2364,0.2388,0.2335,0.2381,1988317.0
1778947200,0.2381,0.2402,0.2371,0.2373,1107398.0
1778976000,0.2373,0.2386,0.2341,0.2368,1073580.0
1779004800,0.2369,0.2377,0.2333,0.2359,1063904.0
1779033600,0.236,0.2373,0.2229,0.2299,1750484.0
1779062400,0.2298,0.2324,0.227,0.2289,1639326.0
1779091200,0.2288,0.232,0.2266,0.2295,1571958.0
1779120000,0.2296,0.2354,0.2273,0.2345,1291814.0
1779148800,0.2344,0.2364,0.2323,0.2353,888006.0
1779177600,0.2353,0.2354,0.2298,0.2312,1379581.0
1779206400,0.2312,0.233,0.2296,0.2316,755689.0
1779235200,0.2317,0.2346,0.2293,0.2339,1345078.0
1779264000,0.2339,0.2388,0.2318,0.2384,1410267.0
1779292800,0.2385,0.2471,0.2377,0.2446,2415438.0
1779321600,0.2446,0.2476,0.2427,0.2457,1511464.0
1779350400,0.2457,0.2468,0.2411,0.245,2148948.0
1779379200,0.2451,0.2484,0.2436,0.2461,1541697.0
1779408000,0.2462,0.2475,0.2431,0.2464,1299449.0
1779436800,0.2464,0.2491,0.2431,0.2442,2383261.0
1779465600,0.244,0.2464,0.2342,0.2356,1859397.0
1779494400,0.2355,0.241,0.2304,0.2325,2118586.0
1779523200,0.2325,0.2389,0.2302,0.2379,1943707.0
1779552000,0.238,0.2469,0.2373,0.2432,1446321.0
1779580800,0.2432,0.2447,0.2399,0.2413,1201213.0
1779609600,0.2414,0.2415,0.232,0.2349,1484888.0
1779638400,0.2349,0.2355,0.2274,0.2334,1058290.0
1779667200,0.2333,0.2393,0.2328,0.2382,1482948.0
1779696000,0.2381,0.2393,0.2346,0.2364,1090083.0
1779724800,0.2365,0.2394,0.2324,0.2347,1295305.0
1779753600,0.2346,0.2353,0.2287,0.23,1588475.0
1779782400,0.2299,0.234,0.2273,0.2299,1732379.0
1779811200,0.2298,0.23,0.2252,0.2258,1273660.0
1779840000,0.226,0.228,0.2211,0.2237,1224318.0
1779868800,0.2238,0.2289,0.222,0.2276,1102834.0
1779897600,0.2277,0.2288,0.2185,0.2205,1301513.0
1779926400,0.2206,0.2216,0.209,0.2137,2645801.0
1779955200,0.2138,0.2158,0.2114,0.213,1567122.0
1779984000,0.2128,0.2183,0.2118,0.2153,877778.0
1780012800,0.2153,0.2172,0.2119,0.2148,1270423.0
1780041600,0.2147,0.2205,0.2102,0.2188,1983595.0
1780070400,0.2188,0.2195,0.2138,0.217,1357586.0
1780099200,0.2168,0.222,0.2163,0.2213,1513428.0
1780128000,0.2213,0.2223,0.2187,0.2199,1112292.0
1780156800,0.2199,0.2216,0.2171,0.218,784427.0
1780185600,0.2181,0.2224,0.2176,0.2208,1480288.0
1780214400,0.2206,0.2233,0.2172,0.2184,1644878.0
1780243200,0.2183,0.2236,0.2162,0.2229,1352179.0
1780272000,0.2228,0.226,0.2176,0.2177,2284777.0
1780300800,0.218,0.2234,0.2163,0.2182,2706250.0
1780329600,0.2182,0.2255,0.2176,0.2241,1367608.0
1780358400,0.2242,0.241,0.2114,0.2147,25921655.0
1780387200,0.2149,0.2191,0.2078,0.2111,3539349.0
1780416000,0.211,0.2195,0.2102,0.2141,4134123.0
1780444800,0.2141,0.2291,0.2133,0.2273,7949250.0
1780473600,0.2274,0.2369,0.2267,0.2275,5979937.0
1780502400,0.2278,0.2313,0.2236,0.225,4190617.0
1780531200,0.2248,0.2319,0.207,0.228,6770922.0
1780560000,0.228,0.2325,0.2149,0.231,5682584.0
1780588800,0.231,0.2339,0.216,0.2173,4013069.0
1780617600,0.2173,0.2187,0.202,0.2103,5666633.0
1780646400,0.2103,0.2116,0.2004,0.2021,4767486.0
1780675200,0.2021,0.2115,0.1916,0.1972,4997983.0
1780704000,0.197,0.2013,0.1825,0.1934,5800808.0
1780732800,0.1934,0.2031,0.1877,0.1996,3555532.0
1780761600,0.1994,0.202,0.1935,0.1984,2693951.0
1780790400,0.1984,0.2034,0.1972,0.2008,2783590.0
1780819200,0.201,0.2034,0.1923,0.1987,3925359.0
1780848000,0.1987,0.1994,0.1881,0.1962,5275409.0
1780876800,0.1963,0.1988,0.1888,0.1938,3584577.0
1780905600,0.1937,0.1955,0.1909,0.1947,3279510.0
1780934400,0.1947,0.1967,0.1906,0.192,2245912.0
1780963200,0.192,0.1922,0.1814,0.1875,4473399.0
1780992000,0.1875,0.1909,0.1777,0.1793,3840118.0
1781020800,0.1792,0.1829,0.1757,0.1813,2054826.0
1781049600,0.1814,0.1832,0.1757,0.181,2597089.0
1781078400,0.181,0.1813,0.1738,0.1785,2383600.0
1781107200,0.1787,0.1793,0.1611,0.1678,4006103.0
1781136000,0.1678,0.1717,0.167,0.1695,2194073.0
1781164800,0.1696,0.1715,0.1678,0.1696,2190170.0
1781193600,0.1697,0.1721,0.1662,0.1702,2162316.0
