timestamp,open,high,low,close,volume
1686614400,0.89,0.955,0.888,0.927,9829629.7
1686643200,0.927,0.932,0.887,0.892,15261631.1
1686672000,0.893,0.91,0.891,0.909,3939574.7
1686700800,0.91,0.919,0.891,0.891,3372439.6
1686729600,0.892,0.901,0.884,0.89,3372298.6
1686758400,0.889,0.906,0.827,0.848,13842057.1
1686787200,0.847,0.867,0.844,0.857,3456186.3
1686816000,0.857,0.873,0.847,0.863,4733085.7
1686844800,0.863,0.888,0.845,0.883,5112552.2
1686873600,0.882,0.892,0.875,0.885,1985280.7
1686902400,0.885,0.901,0.875,0.9,5021584.0
1686931200,0.9,0.922,0.897,0.904,4130500.6
1686960000,0.904,0.933,0.895,0.917,3458550.1
1686988800,0.917,0.923,0.897,0.903,5208391.5
1687017600,0.903,0.917,0.899,0.914,2215570.3
1687046400,0.914,0.915,0.901,0.909,2076416.1
1687075200,0.908,0.915,0.897,0.907,2832122.2
1687104000,0.906,0.916,0.879,0.895,4344392.4
1687132800,0.894,0.9,0.882,0.898,1959245.8
1687161600,0.897,0.897,0.883,0.889,2250171.7
1687190400,0.889,0.907,0.88,0.905,3659564.6
1687219200,0.905,0.911,0.891,0.894,2598932.3
1687248000,0.894,0.895,0.867,0.875,3906472.6
1687276800,0.876,0.929,0.872,0.927,6329191.7
1687305600,0.928,0.966,0.923,0.949,5454490.4
1687334400,0.95,0.969,0.935,0.958,7012335.3
1687363200,0.958,0.997,0.957,0.978,6910368.0
1687392000,0.978,1.021,0.976,1.004,5630623.6
1687420800,1.005,1.01,0.954,0.974,6724152.0
1687449600,0.974,0.995,0.971,0.978,3964945.7
1687478400,0.979,0.988,0.973,0.984,2405402.6
1687507200,0.984,1.021,0.976,1.019,4306558.8
1687536000,1.019,1.04,1.006,1.027,5168506.5
1687564800,1.028,1.046,1.018,1.032,3814943.0
1687593600,1.032,1.044,1.0,1.01,3314373.6
1687622400,1.009,1.039,0.995,1.038,3332218.4
1687651200,1.038,1.085,1.038,1.074,4358202.4
1687680000,1.074,1.093,1.051,1.062,3676223.7
1687708800,1.062,1.074,1.05,1.06,2109441.7
1687737600,1.059,1.062,1.02,1.039,3641770.5
1687766400,1.039,1.075,1.03,1.071,2944686.9
1687795200,1.071,1.075,1.026,1.04,3307453.7
1687824000,1.039,1.073,1.039,1.063,2042532.3
1687852800,1.064,1.069,1.04,1.043,2494706.0
1687881600,1.042,1.066,1.041,1.057,1628738.7
1687910400,1.057,1.058,0.981,0.989,4132237.4
1687939200,0.99,1.008,0.987,1.002,3343784.0
1687968000,1.003,1.004,0.923,0.959,5353889.2
1687996800,0.959,0.972,0.956,0.97,1715582.3
1688025600,0.97,0.994,0.966,0.975,2720080.9
1688054400,0.975,0.979,0.96,0.969,2221557.7
1688083200,0.97,1.035,0.955,1.017,4267803.0
1688112000,1.018,1.055,0.945,0.993,8223448.8
1688140800,0.994,1.038,0.985,1.033,5369578.5
1688169600,1.033,1.051,1.017,1.043,3316739.9
1688198400,1.043,1.071,1.03,1.06,3856136.2
1688227200,1.059,1.256,1.046,1.136,17645168.9
1688256000,1.136,1.199,1.067,1.078,29296964.5
1688284800,1.078,1.083,1.049,1.073,9740818.8
1688313600,1.074,1.111,1.063,1.086,10815841.6
1688342400,1.086,1.118,1.071,1.102,6281571.0
1688371200,1.103,1.118,1.087,1.105,6277636.3
1688400000,1.105,1.111,1.088,1.109,4260987.2
1688428800,1.108,1.113,1.086,1.099,4119568.6
1688457600,1.1,1.103,1.081,1.09,4084869.0
1688486400,1.09,1.101,1.064,1.079,4156658.5
1688515200,1.079,1.11,1.072,1.107,2755970.2
1688544000,1.108,1.109,1.011,1.025,9664385.0
1688572800,1.025,1.045,1.017,1.031,3289024.2
1688601600,1.031,1.06,1.016,1.056,3012140.5
1688630400,1.055,1.084,1.003,1.024,7022220.4
1688659200,1.023,1.036,0.996,0.999,3668207.9
1688688000,0.999,1.015,0.981,0.997,3206122.2
1688716800,0.998,1.028,0.992,1.025,3813708.6
1688745600,1.025,1.025,1.005,1.022,2288827.4
1688774400,1.023,1.034,1.008,1.019,1916469.5
1688803200,1.019,1.032,1.005,1.006,2430341.2
1688832000,1.006,1.015,0.985,1.003,2273391.5
1688860800,1.003,1.016,0.992,0.995,2450016.6
1688889600,0.996,1.012,0.994,1.009,2295585.1
1688918400,1.01,1.014,0.993,0.997,1840429.5
1688947200,0.997,0.998,0.963,0.985,4304825.2
1688976000,0.984,1.017,0.97,1.011,4465259.0
1689004800,1.011,1.036,1.005,1.014,4510623.5
1689033600,1.014,1.037,1.004,1.034,3627908.2
1689062400,1.034,1.036,1.009,1.019,3715243.7
1689091200,1.018,1.035,1.013,1.035,2957127.1
1689120000,1.034,1.046,1.03,1.039,2295163.3
1689148800,1.038,1.039,1.017,1.025,3644955.8
1689177600,1.025,1.031,1.003,1.019,2420953.3
1689206400,1.02,1.024,1.0,1.011,1947451.8
1689235200,1.011,1.066,1.009,1.058,5214392.4
1689264000,1.059,1.1,1.052,1.094,7830691.0
1689292800,1.095,1.113,1.087,1.091,3920549.5
1689321600,1.09,1.118,1.085,1.112,4237503.7
1689350400,1.113,1.117,1.002,1.046,9953081.2
1689379200,1.047,1.056,1.026,1.053,2212689.8
1689408000,1.054,1.074,1.046,1.049,2807644.2
1689436800,1.049,1.062,1.037,1.054,1661678.6
1689465600,1.054,1.062,1.028,1.039,2093215.6
1689494400,1.038,1.046,1.028,1.03,1969648.1
1689523200,1.03,1.033,1.005,1.009,2624383.9
1689552000,1.01,1.039,1.002,1.032,2993725.6
1689580800,1.033,1.037,0.98,1.019,4963792.9
1689609600,1.019,1.042,0.99,1.035,3760655.1
1689638400,1.036,1.044,1.002,1.014,2672994.6
1689667200,1.014,1.024,0.991,1.005,3072464.7
1689696000,1.004,1.011,0.982,1.008,2144018.0
1689724800,1.008,1.022,1.004,1.009,1904173.3
1689753600,1.01,1.014,0.995,1.005,2309321.4
1689782400,1.005,1.011,0.992,0.999,2161719.6
1689811200,0.999,1.023,0.996,1.018,2086443.3
1689840000,1.019,1.031,0.997,1.009,4318254.2
1689868800,1.009,1.014,0.99,1.014,2543093.8
1689897600,1.014,1.023,1.001,1.006,2309407.1
1689926400,1.007,1.019,1.002,1.014,2576299.1
1689955200,1.013,1.021,1.001,1.008,2175558.5
1689984000,1.009,1.02,1.006,1.009,1524248.2
1690012800,1.01,1.014,0.999,1.003,2017225.2
1690041600,1.002,1.005,0.978,0.992,2521600.5
1690070400,0.993,1.007,0.981,1.003,1727901.6
1690099200,1.003,1.006,0.994,1.005,1493668.3
1690128000,1.005,1.014,0.998,1.006,1832139.8
1690156800,1.006,1.009,0.981,0.998,2290509.1
1690185600,0.998,0.999,0.926,0.95,4664328.5
1690214400,0.95,0.96,0.945,0.955,1469510.5
1690243200,0.955,0.958,0.942,0.946,1549936.5
1690272000,0.946,0.957,0.935,0.942,2485108.5
1690300800,0.942,0.948,0.934,0.94,1638567.0
1690329600,0.94,0.96,0.926,0.945,2832966.0
1690358400,0.946,0.954,0.928,0.953,3833296.5
1690387200,0.954,0.962,0.939,0.946,3550123.1
1690416000,0.945,0.96,0.936,0.956,1884989.3
1690444800,0.957,0.969,0.933,0.942,3602109.1
1690473600,0.941,0.951,0.932,0.949,2426234.6
1690502400,0.95,0.958,0.938,0.941,2208742.7
1690531200,0.942,0.963,0.938,0.954,2801800.1
1690560000,0.955,0.956,0.947,0.952,1644330.4
1690588800,0.953,0.958,0.947,0.949,772960.0
1690617600,0.949,0.952,0.943,0.95,896718.1
1690646400,0.95,0.965,0.948,0.96,1990210.4
1690675200,0.961,0.964,0.948,0.953,2299833.5
1690704000,0.952,0.956,0.94,0.944,2341676.2
1690732800,0.945,0.952,0.911,0.944,3730937.5
1690761600,0.943,0.958,0.937,0.947,1617976.4
1690790400,0.948,0.951,0.937,0.942,1728587.9
1690819200,0.941,0.95,0.928,0.939,1844979.8
1690848000,0.939,0.946,0.9,0.918,3224612.0
1690876800,0.918,0.932,0.914,0.93,1858236.0
1690905600,0.929,0.954,0.923,0.952,1665100.4
1690934400,0.952,0.96,0.942,0.942,1834684.5
1690963200,0.942,0.955,0.932,0.945,2922956.4
1690992000,0.945,0.948,0.929,0.939,3015869.8
1691020800,0.94,0.95,0.935,0.937,2077481.4
1691049600,0.937,0.947,0.929,0.943,2518120.0
1691078400,0.942,0.958,0.942,0.948,2518286.6
1691107200,0.948,0.956,0.934,0.938,2301629.4
1691136000,0.937,0.955,0.932,0.953,3038188.6
1691164800,0.953,0.954,0.92,0.93,3252335.4
1691193600,0.929,0.932,0.908,0.914,2277671.2
1691222400,0.914,0.936,0.911,0.927,2642063.2
1691251200,0.927,0.959,0.924,0.955,4305179.2
1691280000,0.956,0.99,0.955,0.966,6560926.5
1691308800,0.965,0.997,0.951,0.956,8923408.6
1691337600,0.955,0.959,0.94,0.946,3540543.1
1691366400,0.947,0.981,0.938,0.968,5695912.9
1691395200,0.968,0.977,0.912,0.915,7732829.1
1691424000,0.914,0.924,0.889,0.915,6657797.8
1691452800,0.915,0.922,0.903,0.917,3490471.1
1691481600,0.917,0.931,0.906,0.92,4332306.5
1691510400,0.92,0.932,0.911,0.914,4045248.4
1691539200,0.913,0.935,0.91,0.926,3314722.7
1691568000,0.926,0.928,0.91,0.913,4040718.5
1691596800,0.913,0.919,0.903,0.913,2933754.1
1691625600,0.913,0.918,0.906,0.908,1932160.7
1691654400,0.908,0.925,0.907,0.919,3263439.4
1691683200,0.919,0.928,0.913,0.915,3145796.2
1691712000,0.915,0.924,0.912,0.916,2446187.9
1691740800,0.916,0.924,0.904,0.913,4640525.1
1691769600,0.913,0.916,0.904,0.911,2674716.4
1691798400,0.91,0.919,0.906,0.913,1851688.0
1691827200,0.913,0.927,0.911,0.925,2271418.4
1691856000,0.925,0.929,0.913,0.92,2043898.8
1691884800,0.92,0.929,0.914,0.924,1813315.0
1691913600,0.923,0.941,0.923,0.935,3185741.6
1691942400,0.935,0.956,0.931,0.941,4083804.5
1691971200,0.94,0.957,0.934,0.953,3186581.2
1692000000,0.953,0.971,0.948,0.959,6052581.3
1692028800,0.958,0.98,0.952,0.976,4815674.1
1692057600,0.975,1.005,0.953,0.965,12404085.0
1692086400,0.965,0.993,0.937,0.942,9441272.4
1692115200,0.942,0.946,0.85,0.9,11840659.6
1692144000,0.9,0.907,0.878,0.883,4309766.5
1692172800,0.882,0.884,0.854,0.856,8224727.7
1692201600,0.855,0.876,0.8,0.831,10553027.5
1692230400,0.83,0.858,0.803,0.85,3884822.1
1692259200,0.85,0.851,0.814,0.819,5454839.2
1692288000,0.819,0.84,0.636,0.727,14428822.1
1692316800,0.727,0.741,0.72,0.738,5614200.6
1692345600,0.737,0.745,0.727,0.731,5156552.4
1692374400,0.73,0.744,0.717,0.739,4544080.9
1692403200,0.739,0.745,0.731,0.742,3051302.0
1692432000,0.742,0.755,0.74,0.755,2601083.0
1692460800,0.754,0.763,0.749,0.759,2993687.5
1692489600,0.76,0.774,0.758,0.77,2455147.7
1692518400,0.77,0.788,0.76,0.762,5621561.1
1692547200,0.762,0.78,0.761,0.767,3166503.7
1692576000,0.767,0.773,0.755,0.761,3382374.4
1692604800,0.761,0.774,0.739,0.748,8005238.9
1692633600,0.748,0.767,0.746,0.761,3471405.2
1692662400,0.761,0.764,0.752,0.762,2468611.3
1692691200,0.762,0.764,0.734,0.742,3911170.9
1692720000,0.742,0.763,0.719,0.762,7703806.9
1692748800,0.762,0.778,0.761,0.766,4674697.0
1692777600,0.766,0.771,0.749,0.77,3636345.3
1692806400,0.769,0.791,0.768,0.78,5183097.7
1692835200,0.78,0.781,0.769,0.773,2856141.6
1692864000,0.772,0.777,0.749,0.751,5087627.2
1692892800,0.75,0.758,0.741,0.751,5242930.3
1692921600,0.751,0.752,0.722,0.731,5733543.7
1692950400,0.731,0.743,0.728,0.741,5225117.3
1692979200,0.742,0.76,0.735,0.759,3585282.2
1693008000,0.759,0.779,0.755,0.772,4378092.0
1693036800,0.771,0.774,0.753,0.755,5175560.7
1693065600,0.754,0.762,0.753,0.758,2748124.5
1693094400,0.759,0.771,0.755,0.768,2553685.7
1693123200,0.767,0.77,0.756,0.76,2262500.6
1693152000,0.759,0.763,0.751,0.762,2621657.9
1693180800,0.763,0.766,0.736,0.755,4813245.5
1693209600,0.756,0.794,0.753,0.786,6446510.6
1693238400,0.787,0.794,0.776,0.783,5431157.1
1693267200,0.783,0.792,0.768,0.772,3846171.8
1693296000,0.771,0.814,0.754,0.811,11842455.1
1693324800,0.81,0.845,0.81,0.826,8258015.7
1693353600,0.825,0.829,0.794,0.802,3169559.0
1693382400,0.801,0.81,0.785,0.793,5620628.3
1693411200,0.793,0.806,0.793,0.803,2697436.4
1693440000,0.802,0.804,0.79,0.798,2226694.4
1693468800,0.798,0.804,0.781,0.786,4784919.7
1693497600,0.786,0.789,0.749,0.767,6597777.6
1693526400,0.766,0.774,0.755,0.76,2778811.2
1693555200,0.76,0.761,0.735,0.738,3632009.4
1693584000,0.738,0.742,0.706,0.715,8082096.7
1693612800,0.714,0.742,0.709,0.727,6860890.5
1693641600,0.726,0.74,0.721,0.737,3839791.2
1693670400,0.737,0.744,0.722,0.739,3174644.4
1693699200,0.739,0.749,0.732,0.745,3503518.1
1693728000,0.745,0.749,0.734,0.735,3122804.4
1693756800,0.736,0.738,0.724,0.731,3254721.7
1693785600,0.731,0.76,0.727,0.743,4387102.6
1693814400,0.743,0.746,0.723,0.737,4450016.3
1693843200,0.737,0.741,0.723,0.734,2903425.8
1693872000,0.734,0.74,0.726,0.739,2649978.9
1693900800,0.738,0.786,0.737,0.783,6669475.9
1693929600,0.783,0.792,0.766,0.772,7539214.9
1693958400,0.772,0.786,0.758,0.769,3517973.7
1693987200,0.769,0.797,0.762,0.769,7907404.6
1694016000,0.769,0.783,0.751,0.781,4299911.2
1694044800,0.781,0.787,0.769,0.774,2197953.4
1694073600,0.774,0.78,0.761,0.779,2952403.8
1694102400,0.78,0.796,0.776,0.796,3323297.4
1694131200,0.796,0.819,0.786,0.817,5657810.0
1694160000,0.816,0.818,0.788,0.802,6790874.4
1694188800,0.801,0.802,0.792,0.794,2199973.4
1694217600,0.794,0.853,0.79,0.811,14808847.9
1694246400,0.811,0.814,0.776,0.787,4907558.9
1694275200,0.788,0.798,0.787,0.795,2473807.7
1694304000,0.796,0.796,0.71,0.762,7645284.0
1694332800,0.763,0.763,0.74,0.75,2828882.5
1694361600,0.75,0.765,0.733,0.763,3841161.1
1694390400,0.763,0.771,0.75,0.764,2721902.5
1694419200,0.763,0.764,0.718,0.74,5854164.9
1694448000,0.74,0.744,0.714,0.732,2790458.9
1694476800,0.732,0.764,0.729,0.745,2747142.8
1694505600,0.745,0.769,0.74,0.742,2903720.2
1694534400,0.742,0.752,0.723,0.725,2184300.5
1694563200,0.725,0.748,0.72,0.737,3102231.4
1694592000,0.737,0.757,0.735,0.752,3541609.0
1694620800,0.751,0.755,0.737,0.737,1933218.9
1694649600,0.737,0.753,0.731,0.741,2263973.8
1694678400,0.741,0.778,0.736,0.75,9413330.6
1694707200,0.75,0.755,0.74,0.743,2620020.3
1694736000,0.743,0.76,0.742,0.746,2877013.9
1694764800,0.745,0.752,0.742,0.751,2391250.9
1694793600,0.751,0.768,0.747,0.766,2448477.8
1694822400,0.765,0.789,0.765,0.778,3718317.5
1694851200,0.778,0.785,0.763,0.77,2800834.8
1694880000,0.769,0.782,0.766,0.78,1362835.0
1694908800,0.781,0.781,0.749,0.762,2971145.0
1694937600,0.763,0.77,0.76,0.768,2158114.6
1694966400,0.768,0.768,0.736,0.745,2804976.3
1694995200,0.745,0.766,0.734,0.762,2123506.3
1695024000,0.762,0.78,0.76,0.771,3265796.0
1695052800,0.77,0.774,0.755,0.758,2467828.6
1695081600,0.758,0.767,0.751,0.766,1353650.4
1695110400,0.765,0.783,0.764,0.781,3097508.2
1695139200,0.782,0.785,0.772,0.78,1668127.5
1695168000,0.78,0.787,0.774,0.781,1890583.5
1695196800,0.781,0.784,0.766,0.777,2588780.8
1695225600,0.777,0.783,0.764,0.781,3414137.3
1695254400,0.781,0.792,0.772,0.774,1912101.5
1695283200,0.774,0.776,0.748,0.763,3746059.0
1695312000,0.763,0.766,0.755,0.763,947966.2
1695340800,0.763,0.769,0.753,0.761,1426885.8
1695369600,0.762,0.77,0.761,0.766,1520873.3
1695398400,0.766,0.775,0.758,0.772,1762200.6
1695427200,0.772,0.779,0.764,0.767,1873618.9
1695456000,0.767,0.769,0.755,0.756,1474144.8
1695484800,0.756,0.762,0.752,0.761,1381804.5
1695513600,0.761,0.762,0.75,0.755,1136545.8
1695542400,0.755,0.76,0.754,0.757,896844.8
1695571200,0.757,0.762,0.74,0.747,1821692.9
1695600000,0.747,0.758,0.737,0.754,1506379.4
1695628800,0.754,0.756,0.746,0.751,1190317.9
1695657600,0.752,0.758,0.75,0.753,920082.2
1695686400,0.753,0.76,0.751,0.752,1184134.2
1695715200,0.752,0.759,0.724,0.726,4561884.8
1695744000,0.726,0.732,0.718,0.729,2335889.1
1695772800,0.73,0.734,0.722,0.727,1657321.2
1695801600,0.727,0.74,0.716,0.72,3986389.3
1695830400,0.72,0.724,0.712,0.717,2848308.3
1695859200,0.718,0.727,0.715,0.725,2310040.2
1695888000,0.725,0.727,0.711,0.725,4051441.2
1695916800,0.725,0.73,0.717,0.726,2789966.2
1695945600,0.726,0.738,0.719,0.735,2140692.3
1695974400,0.734,0.738,0.721,0.734,3723069.9
1696003200,0.733,0.741,0.729,0.733,2387403.7
1696032000,0.733,0.738,0.729,0.732,2016889.2
1696060800,0.733,0.74,0.73,0.736,2466930.4
1696089600,0.736,0.743,0.732,0.735,2384520.6
1696118400,0.735,0.754,0.732,0.745,2554567.0
1696147200,0.745,0.756,0.744,0.751,3612810.3
1696176000,0.751,0.772,0.738,0.764,5926292.4
1696204800,0.764,0.77,0.757,0.764,2913563.7
1696233600,0.765,0.769,0.741,0.747,4559728.2
1696262400,0.746,0.751,0.72,0.736,5400006.9
1696291200,0.736,0.744,0.729,0.734,2586760.7
1696320000,0.734,0.739,0.721,0.724,3988150.0
1696348800,0.725,0.728,0.715,0.722,3332532.9
1696377600,0.722,0.722,0.677,0.698,8872645.0
1696406400,0.697,0.704,0.681,0.684,6837902.7
1696435200,0.685,0.699,0.681,0.694,5906721.0
1696464000,0.693,0.706,0.69,0.704,3900114.7
1696492800,0.705,0.711,0.69,0.699,5975487.0
1696521600,0.699,0.705,0.692,0.698,3571396.7
1696550400,0.698,0.709,0.697,0.707,2231984.4
1696579200,0.707,0.716,0.696,0.713,4957467.0
1696608000,0.713,0.716,0.707,0.708,2536023.6
1696636800,0.709,0.713,0.706,0.708,1699762.5
1696665600,0.708,0.709,0.695,0.698,3033284.3
1696694400,0.698,0.7,0.687,0.698,2219777.7
1696723200,0.699,0.701,0.686,0.693,2629896.6
1696752000,0.693,0.7,0.686,0.697,3062603.0
1696780800,0.697,0.709,0.696,0.703,4177882.8
1696809600,0.703,0.714,0.7,0.707,3505465.7
1696838400,0.707,0.709,0.654,0.693,10663933.5
1696867200,0.693,0.695,0.671,0.684,7343526.2
1696896000,0.684,0.688,0.675,0.685,2628972.1
1696924800,0.685,0.689,0.674,0.674,3306930.6
1696953600,0.674,0.679,0.664,0.673,3191128.5
1696982400,0.673,0.675,0.648,0.653,5677763.3
1697011200,0.653,0.662,0.639,0.641,7158055.8
1697040000,0.641,0.65,0.635,0.649,5808740.7
1697068800,0.649,0.663,0.639,0.658,3954036.3
1697097600,0.659,0.675,0.647,0.669,8550837.7
1697126400,0.668,0.677,0.662,0.67,6195100.3
1697155200,0.671,0.676,0.665,0.674,2812185.0
1697184000,0.675,0.682,0.669,0.672,3355161.0
1697212800,0.672,0.683,0.667,0.669,5147995.8
1697241600,0.669,0.673,0.665,0.67,2115951.3
1697270400,0.671,0.68,0.668,0.68,1756877.9
1697299200,0.68,0.686,0.679,0.681,2171119.6
1697328000,0.682,0.701,0.68,0.691,5294135.8
1697356800,0.692,0.722,0.688,0.692,9187845.2
1697385600,0.693,0.696,0.685,0.687,4823297.2
1697414400,0.687,0.698,0.686,0.693,3784698.7
1697443200,0.692,0.738,0.688,0.714,12055086.6
1697472000,0.714,0.717,0.706,0.712,2849503.9
1697500800,0.712,0.736,0.707,0.721,6430210.6
1697529600,0.722,0.734,0.694,0.704,8770894.5
1697558400,0.703,0.71,0.699,0.706,3661138.3
1697587200,0.705,0.717,0.695,0.706,2920075.2
1697616000,0.707,0.719,0.679,0.683,5031622.2
1697644800,0.683,0.688,0.671,0.673,3522843.9
1697673600,0.673,0.676,0.659,0.671,3477766.3
1697702400,0.671,0.674,0.664,0.668,3665629.1
1697731200,0.668,0.675,0.656,0.657,3274682.4
1697760000,0.658,0.686,0.65,0.68,4557380.6
1697788800,0.68,0.692,0.675,0.678,5346843.8
1697817600,0.678,0.683,0.674,0.68,1935490.9
1697846400,0.679,0.694,0.677,0.691,2396279.2
1697875200,0.692,0.7,0.687,0.699,3568653.3
1697904000,0.699,0.703,0.691,0.695,5226453.3
1697932800,0.695,0.744,0.69,0.726,17400886.0
1697961600,0.727,0.75,0.703,0.706,17081430.5
1697990400,0.705,0.744,0.703,0.739,7163387.2
1698019200,0.74,0.755,0.732,0.742,9325088.7
1698048000,0.742,0.768,0.736,0.756,8994175.9
1698076800,0.755,0.798,0.75,0.794,11281216.1
1698105600,0.794,0.814,0.768,0.782,9026532.1
1698134400,0.783,0.82,0.754,0.772,11247415.3
1698163200,0.772,0.794,0.762,0.79,5753304.6
1698192000,0.791,0.809,0.775,0.781,4268014.6
1698220800,0.782,0.819,0.775,0.815,4977191.2
1698249600,0.815,0.822,0.792,0.807,5655665.1
1698278400,0.807,0.855,0.802,0.854,6143778.1
1698307200,0.854,0.855,0.777,0.797,10539415.2
1698336000,0.797,0.842,0.793,0.831,4384356.9
1698364800,0.831,0.863,0.811,0.83,7358414.2
1698393600,0.831,0.847,0.821,0.843,5708950.3
1698422400,0.843,0.844,0.81,0.829,5168832.1
1698451200,0.829,0.848,0.826,0.846,3113211.6
1698480000,0.847,0.855,0.826,0.842,4093468.0
1698508800,0.843,0.852,0.837,0.847,2336967.2
1698537600,0.847,0.85,0.826,0.843,2303261.1
1698566400,0.843,0.899,0.837,0.883,7736568.0
1698595200,0.882,0.917,0.881,0.901,6880170.2
1698624000,0.901,0.912,0.883,0.888,4747061.2
1698652800,0.888,0.914,0.883,0.894,4833826.3
1698681600,0.893,0.917,0.875,0.917,4124216.8
1698710400,0.917,0.923,0.894,0.896,3401439.6
1698739200,0.897,0.918,0.839,0.848,6831636.7
1698768000,0.849,0.871,0.842,0.867,3180734.9
1698796800,0.866,0.873,0.824,0.836,3479293.3
1698825600,0.836,0.859,0.824,0.844,5415778.8
1698854400,0.844,0.904,0.842,0.896,6319875.1
1698883200,0.897,0.927,0.892,0.925,4873119.3
1698912000,0.926,0.93,0.867,0.871,6419870.5
1698940800,0.87,0.904,0.861,0.893,3193459.0
1698969600,0.894,0.894,0.856,0.876,2810747.2
1698998400,0.875,0.877,0.842,0.87,3191655.1
1699027200,0.87,0.876,0.848,0.873,2052273.4
1699056000,0.873,0.893,0.866,0.883,2209660.6
1699084800,0.884,0.893,0.865,0.873,2461104.1
1699113600,0.874,0.887,0.861,0.882,2171789.1
1699142400,0.882,0.917,0.881,0.913,3083918.1
1699171200,0.913,0.921,0.88,0.893,4186522.9
1699200000,0.893,0.915,0.88,0.901,3293343.6
1699228800,0.901,0.94,0.889,0.904,5655209.5
1699257600,0.905,0.969,0.899,0.947,11063135.3
1699286400,0.946,0.962,0.94,0.959,3904285.3
1699315200,0.96,0.971,0.93,0.964,4838620.6
1699344000,0.964,0.97,0.903,0.914,6822648.3
1699372800,0.914,0.942,0.895,0.925,6156714.6
1699401600,0.924,0.949,0.912,0.942,2457252.6
1699430400,0.941,0.949,0.929,0.939,3138985.4
1699459200,0.939,0.98,0.938,0.962,7190331.3
1699488000,0.962,0.985,0.953,0.965,4462617.2
1699516800,0.964,0.998,0.956,0.963,7375004.2
1699545600,0.964,0.971,0.81,0.892,15684231.9
1699574400,0.891,0.916,0.887,0.897,4872026.4
1699603200,0.898,0.916,0.865,0.876,5965482.6
1699632000,0.881,0.952,0.879,0.951,4965344.2
1699660800,0.95,0.959,0.913,0.941,6958984.3
1699689600,0.941,0.97,0.926,0.963,4481064.4
1699718400,0.963,0.987,0.946,0.961,5293906.4
1699747200,0.961,0.98,0.91,0.978,5381936.3
1699776000,0.978,1.024,0.962,0.998,12373570.8
1699804800,0.998,1.015,0.985,1.008,6205860.2
1699833600,1.009,1.029,0.972,1.001,8072922.0
1699862400,1.001,1.024,0.977,1.012,10004929.5
1699891200,1.012,1.025,0.96,0.966,9801775.6
1699920000,0.965,0.992,0.917,0.985,7272169.4
1699948800,0.985,0.989,0.939,0.985,7941775.9
1699977600,0.985,1.018,0.912,0.993,10334387.4
1700006400,0.993,1.047,0.982,1.038,7981647.2
1700035200,1.039,1.078,1.038,1.064,9880366.7
1700064000,1.064,1.077,1.047,1.068,7096055.3
1700092800,1.068,1.092,1.066,1.082,5558046.4
1700121600,1.082,1.097,0.992,1.009,12632290.0
1700150400,1.009,1.02,0.956,0.972,9265445.1
1700179200,0.971,1.005,0.962,0.964,4167999.0
1700208000,0.964,1.002,0.908,0.914,14296620.0
1700236800,0.915,0.96,0.909,0.959,6040911.7
1700265600,0.959,0.96,0.883,0.913,4330558.6
1700294400,0.913,0.944,0.902,0.943,3531217.8
1700323200,0.942,0.954,0.927,0.938,2530839.1
1700352000,0.938,0.953,0.913,0.948,2350790.3
1700380800,0.948,0.959,0.936,0.956,2283579.0
1700409600,0.956,0.97,0.948,0.966,3183014.9
1700438400,0.966,0.98,0.956,0.972,2608428.6
1700467200,0.973,1.027,0.968,1.009,8952972.6
1700496000,1.008,1.03,0.982,0.998,7833915.5
1700524800,0.998,1.023,0.984,0.986,3874142.9
1700553600,0.987,1.004,0.932,0.962,7217672.6
1700582400,0.962,0.973,0.867,0.873,11044556.5
1700611200,0.873,0.909,0.869,0.898,3241759.1
1700640000,0.897,0.933,0.897,0.921,5309506.8
1700668800,0.921,1.024,0.916,1.008,11144373.7
1700697600,1.009,1.064,0.998,1.035,12085066.3
1700726400,1.035,1.071,1.032,1.042,13112201.6
1700755200,1.041,1.084,1.039,1.066,10274127.5
1700784000,1.066,1.101,1.061,1.075,6695153.3
1700812800,1.075,1.086,1.048,1.074,7414955.7
1700841600,1.074,1.095,1.055,1.092,7982669.0
1700870400,1.092,1.211,1.08,1.202,12570838.0
1700899200,1.203,1.22,1.143,1.197,12164051.8
1700928000,1.197,1.225,1.169,1.202,8360523.3
1700956800,1.203,1.215,1.18,1.187,6265154.8
1700985600,1.188,1.336,1.169,1.218,35380005.0
1701014400,1.218,1.25,1.17,1.221,12512266.6
1701043200,1.222,1.252,1.155,1.168,10464353.2
1701072000,1.167,1.197,1.158,1.159,8994693.5
1701100800,1.16,1.193,1.157,1.187,4843325.4
1701129600,1.186,1.197,1.135,1.183,5885019.5
1701158400,1.182,1.204,1.155,1.175,7037838.3
1701187200,1.175,1.187,1.137,1.143,5639627.2
1701216000,1.142,1.149,1.1,1.122,6919874.7
1701244800,1.121,1.137,1.077,1.093,6920617.5
1701273600,1.094,1.115,1.082,1.108,3282914.4
1701302400,1.107,1.132,1.1,1.126,3010283.9
1701331200,1.126,1.129,1.083,1.096,3759340.6
1701360000,1.097,1.111,1.093,1.101,2048204.8
1701388800,1.101,1.115,1.087,1.095,2191483.9
1701417600,1.096,1.112,1.089,1.098,2619631.7
1701446400,1.098,1.119,1.094,1.109,2601131.0
1701475200,1.108,1.124,1.102,1.118,1682997.1
1701504000,1.118,1.146,1.112,1.124,3288563.0
1701532800,1.124,1.143,1.12,1.128,3807106.1
1701561600,1.127,1.21,1.127,1.187,10365235.3
1701590400,1.186,1.187,1.132,1.144,5884472.6
1701619200,1.145,1.17,1.14,1.156,3229839.2
1701648000,1.156,1.191,1.152,1.18,5361684.7
1701676800,1.181,1.228,1.079,1.169,21225250.2
1701705600,1.169,1.194,1.162,1.192,3863522.5
1701734400,1.192,1.218,1.166,1.183,6394283.9
1701763200,1.182,1.195,1.152,1.183,5530154.9
1701792000,1.184,1.22,1.175,1.208,6239831.6
1701820800,1.208,1.228,1.167,1.185,4581105.0
1701849600,1.184,1.208,1.132,1.16,5809891.4
1701878400,1.159,1.189,1.146,1.152,3623233.7
1701907200,1.152,1.226,1.15,1.208,4134981.8
1701936000,1.209,1.225,1.153,1.207,5112675.1
1701964800,1.208,1.247,1.2,1.234,4955282.8
1701993600,1.234,1.245,1.21,1.219,2256137.6
1702022400,1.219,1.246,1.213,1.232,2805731.5
1702051200,1.232,1.276,1.231,1.266,3013737.1
1702080000,1.265,1.301,1.265,1.293,2308004.9
1702108800,1.292,1.324,1.242,1.283,7292514.1
1702137600,1.283,1.287,1.241,1.257,3328694.2
1702166400,1.257,1.292,1.256,1.291,2158161.7
1702195200,1.291,1.322,1.245,1.275,6744321.1
1702224000,1.275,1.291,1.26,1.276,2316675.7
1702252800,1.276,1.283,1.041,1.153,10269595.2
1702281600,1.153,1.18,1.136,1.167,6752478.1
1702310400,1.168,1.181,1.114,1.18,5175759.7
1702339200,1.18,1.237,1.178,1.236,2829291.1
1702368000,1.235,1.287,1.225,1.252,9442817.5
1702396800,1.253,1.352,1.221,1.334,10403773.5
1702425600,1.334,1.339,1.228,1.257,9635016.2
1702454400,1.257,1.315,1.237,1.241,8003235.7
1702483200,1.241,1.317,1.217,1.297,7607137.2
1702512000,1.298,1.301,1.266,1.275,4002585.9
1702540800,1.275,1.316,1.215,1.254,7748119.0
1702569600,1.253,1.279,1.233,1.278,3828920.8
1702598400,1.278,1.28,1.225,1.229,2015238.1
1702627200,1.229,1.244,1.196,1.212,3864972.7
1702656000,1.212,1.233,1.171,1.187,2899539.3
1702684800,1.187,1.222,1.17,1.217,2730375.0
1702713600,1.216,1.238,1.209,1.232,1994554.6
1702742400,1.231,1.241,1.209,1.219,2726952.4
1702771200,1.219,1.227,1.183,1.185,2454269.3
1702800000,1.185,1.246,1.183,1.242,4710012.9
1702828800,1.243,1.258,1.21,1.226,3790605.3
1702857600,1.227,1.257,1.14,1.145,4709619.8
1702886400,1.145,1.153,1.09,1.127,6379787.2
1702915200,1.127,1.173,1.119,1.172,2453191.6
1702944000,1.173,1.228,1.168,1.227,3128341.0
1702972800,1.227,1.232,1.174,1.189,2936027.1
1703001600,1.188,1.198,1.156,1.175,2366523.9
1703030400,1.175,1.196,1.159,1.196,1894061.0
1703059200,1.196,1.311,1.19,1.288,7723985.9
1703088000,1.289,1.303,1.249,1.278,3631232.4
1703116800,1.279,1.29,1.266,1.281,2050605.1
1703145600,1.281,1.334,1.275,1.304,6596319.5
1703174400,1.305,1.323,1.289,1.312,2894946.4
1703203200,1.312,1.331,1.28,1.301,3226413.0
1703232000,1.301,1.338,1.286,1.323,3811581.5
1703260800,1.324,1.387,1.322,1.362,5946612.2
1703289600,1.363,1.371,1.314,1.333,2851969.9
1703318400,1.333,1.368,1.33,1.344,2276283.6
1703347200,1.343,1.411,1.341,1.404,2009210.6
1703376000,1.405,1.461,1.388,1.455,4377711.1
1703404800,1.455,1.583,1.425,1.544,10591019.3
1703433600,1.544,1.599,1.477,1.544,9241743.5
1703462400,1.545,1.638,1.504,1.577,6634683.1
1703491200,1.576,1.642,1.564,1.607,6697637.9
1703520000,1.607,1.61,1.547,1.561,3174392.7
1703548800,1.561,1.601,1.526,1.583,4053168.6
1703577600,1.582,1.642,1.551,1.574,3854547.2
1703606400,1.574,1.601,1.45,1.576,4711483.4
1703635200,1.576,1.581,1.494,1.514,3288715.8
1703664000,1.513,1.572,1.508,1.543,2953127.6
1703692800,1.544,1.546,1.507,1.526,1872056.0
1703721600,1.527,1.564,1.48,1.5,2671709.9
1703750400,1.499,1.514,1.442,1.458,3003530.0
1703779200,1.458,1.47,1.436,1.452,1475414.2
1703808000,1.451,1.493,1.414,1.461,2326594.3
1703836800,1.461,1.499,1.445,1.463,1513735.4
1703865600,1.462,1.471,1.421,1.45,1863497.9
1703894400,1.451,1.461,1.427,1.443,947781.6
1703923200,1.442,1.472,1.394,1.446,2986329.9
1703952000,1.446,1.469,1.418,1.423,1402222.3
1703980800,1.424,1.452,1.41,1.447,984423.4
1704009600,1.448,1.45,1.416,1.42,1058473.1
1704038400,1.419,1.452,1.348,1.383,2606032.3
1704067200,1.383,1.401,1.362,1.385,1296998.4
1704096000,1.384,1.453,1.378,1.449,1088612.8
1704124800,1.449,1.506,1.449,1.484,3424882.7
1704153600,1.484,1.512,1.472,1.506,1564638.3
1704182400,1.507,1.518,1.432,1.451,2282676.6
1704211200,1.45,1.454,1.411,1.439,2072470.8
1704240000,1.439,1.492,1.438,1.476,1245088.4
1704268800,1.475,1.534,1.141,1.296,12221300.0
1704297600,1.297,1.303,1.22,1.264,4314909.9
1704326400,1.265,1.352,1.242,1.314,3065486.6
1704355200,1.314,1.329,1.289,1.312,2905903.8
1704384000,1.313,1.322,1.285,1.299,1526709.6
1704412800,1.3,1.313,1.236,1.293,3095393.3
1704441600,1.293,1.301,1.213,1.227,4500548.6
1704470400,1.226,1.24,1.191,1.239,2617249.3
1704499200,1.24,1.24,1.145,1.171,2424909.0
1704528000,1.172,1.222,1.162,1.211,1996300.1
1704556800,1.212,1.226,1.178,1.202,1786700.6
1704585600,1.202,1.248,1.196,1.233,2002933.5
1704614400,1.234,1.242,1.178,1.186,2572586.1
1704643200,1.186,1.196,1.116,1.128,3209116.5
1704672000,1.129,1.134,1.035,1.098,5884406.6
1704700800,1.098,1.161,1.084,1.153,3124463.1
1704729600,1.153,1.205,1.134,1.196,2496178.0
1704758400,1.197,1.211,1.168,1.185,2097832.6
1704787200,1.186,1.187,1.101,1.118,3309050.6
1704816000,1.118,1.13,1.076,1.13,4737113.3
1704844800,1.13,1.151,1.121,1.133,1688249.3
1704873600,1.132,1.169,1.108,1.148,3534932.7
1704902400,1.147,1.274,1.136,1.252,6000693.4
1704931200,1.252,1.29,1.242,1.268,2551911.3
1704960000,1.268,1.3,1.244,1.266,4262280.5
1704988800,1.266,1.292,1.231,1.288,3108424.0
1705017600,1.287,1.309,1.269,1.288,2325318.7
1705046400,1.288,1.319,1.263,1.273,3646808.3
1705075200,1.272,1.294,1.196,1.247,6554973.3
1705104000,1.247,1.284,1.191,1.26,2731019.4
1705132800,1.26,1.265,1.229,1.249,2580877.5
1705161600,1.25,1.284,1.238,1.27,1764829.9
1705190400,1.269,1.274,1.238,1.268,1915050.4
1705219200,1.268,1.283,1.251,1.262,1595705.4
1705248000,1.262,1.264,1.181,1.185,3804527.6
1705276800,1.184,1.233,1.184,1.221,1809112.0
1705305600,1.222,1.234,1.192,1.196,2284603.7
1705334400,1.196,1.236,1.194,1.211,1770047.1
1705363200,1.211,1.234,1.211,1.23,1083100.9
1705392000,1.23,1.25,1.192,1.232,2367378.6
1705420800,1.233,1.257,1.224,1.248,1642756.9
1705449600,1.248,1.268,1.222,1.224,1660454.5
1705478400,1.223,1.264,1.213,1.217,3030419.4
1705507200,1.217,1.224,1.193,1.213,2977694.9
1705536000,1.214,1.218,1.194,1.211,1477228.1
1705564800,1.211,1.213,1.173,1.196,2016501.8
1705593600,1.196,1.198,1.113,1.138,4321652.3
1705622400,1.137,1.148,1.092,1.123,3537170.7
1705651200,1.123,1.14,1.106,1.11,1713898.8
1705680000,1.11,1.138,1.068,1.134,4027897.2
1705708800,1.134,1.167,1.122,1.149,1825320.2
1705737600,1.149,1.166,1.127,1.159,1567163.8
1705766400,1.158,1.165,1.135,1.164,1103262.5
1705795200,1.164,1.171,1.15,1.158,854031.8
1705824000,1.158,1.207,1.147,1.201,2777238.1
1705852800,1.202,1.212,1.164,1.17,1993996.3
1705881600,1.17,1.186,1.137,1.141,2349794.3
1705910400,1.14,1.146,1.103,1.12,2408221.0
1705939200,1.121,1.127,1.078,1.092,2339120.9
1705968000,1.091,1.115,1.073,1.084,1812042.1
1705996800,1.083,1.088,0.998,1.042,5386198.1
1706025600,1.043,1.054,1.015,1.053,2146574.8
1706054400,1.054,1.071,1.038,1.065,1364132.6
1706083200,1.066,1.082,1.056,1.076,1746340.1
1706112000,1.075,1.083,1.052,1.076,1236611.9
1706140800,1.077,1.077,1.046,1.066,1145918.9
1706169600,1.067,1.07,1.034,1.039,1461345.7
1706198400,1.04,1.072,1.025,1.066,1683879.2
1706227200,1.066,1.087,1.053,1.075,1048655.5
1706256000,1.076,1.115,1.075,1.109,1510874.5
1706284800,1.109,1.118,1.096,1.116,1411181.3
1706313600,1.117,1.127,1.103,1.112,1375804.5
1706342400,1.112,1.138,1.104,1.129,1439758.1
1706371200,1.129,1.143,1.119,1.136,1299760.2
1706400000,1.136,1.156,1.131,1.134,1632240.1
1706428800,1.134,1.146,1.117,1.131,1644761.0
1706457600,1.132,1.139,1.103,1.12,1696315.3
1706486400,1.12,1.135,1.108,1.123,1010756.3
1706515200,1.123,1.144,1.094,1.129,2044430.6
1706544000,1.13,1.147,1.124,1.143,1364802.0
1706572800,1.144,1.154,1.13,1.143,1103979.0
1706601600,1.143,1.172,1.133,1.154,2047491.7
1706630400,1.155,1.169,1.126,1.134,1543069.8
1706659200,1.133,1.141,1.112,1.134,2181018.2
1706688000,1.135,1.138,1.082,1.112,2865783.1
1706716800,1.112,1.12,1.074,1.084,2360061.8
1706745600,1.084,1.094,1.061,1.082,2090649.1
1706774400,1.083,1.112,1.067,1.084,1674942.0
1706803200,1.084,1.097,1.069,1.096,1069852.7
1706832000,1.096,1.108,1.089,1.105,624383.5
1706860800,1.106,1.114,1.086,1.112,975954.4
1706889600,1.113,1.117,1.098,1.114,903741.5
1706918400,1.115,1.125,1.1,1.103,1001860.1
1706947200,1.104,1.111,1.09,1.098,670913.9
1706976000,1.098,1.106,1.085,1.089,714926.6
1707004800,1.088,1.09,1.063,1.068,1279089.6
1707033600,1.069,1.085,1.061,1.08,668088.9
1707062400,1.08,1.086,1.063,1.068,1156701.8
1707091200,1.068,1.085,1.049,1.081,917221.0
1707120000,1.082,1.091,1.068,1.07,902727.8
1707148800,1.069,1.082,1.065,1.081,984530.4
1707177600,1.082,1.097,1.075,1.093,844577.9
1707206400,1.093,1.111,1.081,1.095,2238213.7
1707235200,1.095,1.117,1.09,1.112,1550048.8
1707264000,1.112,1.143,1.108,1.13,2018556.2
1707292800,1.131,1.138,1.113,1.132,1418836.0
1707321600,1.131,1.161,1.129,1.148,1314888.9
1707350400,1.148,1.162,1.133,1.139,1029023.1
1707379200,1.14,1.158,1.137,1.152,942812.2
1707408000,1.152,1.154,1.131,1.143,983927.6
1707436800,1.144,1.166,1.143,1.16,727359.4
1707465600,1.161,1.192,1.16,1.185,1532484.2
1707494400,1.184,1.22,1.181,1.202,2378502.2
1707523200,1.202,1.209,1.182,1.183,990125.5
1707552000,1.184,1.19,1.164,1.185,863893.7
1707580800,1.184,1.192,1.176,1.177,853216.4
1707609600,1.178,1.194,1.175,1.191,707587.2
1707638400,1.192,1.206,1.181,1.187,1033020.4
1707667200,1.186,1.192,1.168,1.176,862979.1
1707696000,1.176,1.198,1.154,1.173,1146968.7
1707724800,1.173,1.195,1.144,1.192,1281412.9
1707753600,1.193,1.224,1.183,1.217,1419206.1
1707782400,1.217,1.242,1.206,1.241,1250170.7
1707811200,1.24,1.255,1.184,1.205,3111529.1
1707840000,1.205,1.228,1.195,1.216,1461040.5
1707868800,1.217,1.249,1.205,1.243,1294944.2
1707897600,1.242,1.29,1.238,1.272,2359673.4
1707926400,1.271,1.285,1.255,1.281,1245218.8
1707955200,1.281,1.302,1.274,1.293,1649848.9
1707984000,1.294,1.313,1.282,1.295,1658820.4
1708012800,1.295,1.306,1.272,1.304,1544959.2
1708041600,1.304,1.326,1.291,1.295,1457970.8
1708070400,1.294,1.453,1.284,1.324,10746600.9
1708099200,1.324,1.339,1.289,1.327,2801740.1
1708128000,1.326,1.343,1.312,1.322,1499735.8
1708156800,1.322,1.334,1.271,1.294,3583197.9
1708185600,1.295,1.333,1.288,1.328,1012745.7
1708214400,1.328,1.34,1.307,1.335,1074263.2
1708243200,1.335,1.387,1.329,1.365,2296268.6
1708272000,1.365,1.385,1.355,1.361,1340559.5
1708300800,1.361,1.397,1.359,1.389,1282671.2
1708329600,1.389,1.397,1.355,1.377,1967002.0
1708358400,1.377,1.407,1.355,1.392,1834642.5
1708387200,1.392,1.408,1.335,1.386,2633375.8
1708416000,1.385,1.392,1.238,1.293,4113393.6
1708444800,1.293,1.361,1.262,1.337,2961159.0
1708473600,1.337,1.341,1.293,1.299,1458756.4
1708502400,1.299,1.306,1.225,1.266,3423455.8
1708531200,1.266,1.301,1.237,1.3,1928329.3
1708560000,1.301,1.384,1.27,1.382,1831649.8
1708588800,1.383,1.511,1.377,1.417,8537323.3
1708617600,1.417,1.511,1.4,1.407,6950026.3
1708646400,1.408,1.44,1.388,1.398,2631132.6
1708675200,1.399,1.448,1.37,1.396,3323871.2
1708704000,1.397,1.428,1.366,1.402,2277050.4
1708732800,1.402,1.441,1.373,1.434,1751022.5
1708761600,1.435,1.51,1.427,1.466,3996833.8
1708790400,1.466,1.476,1.451,1.464,1246867.2
1708819200,1.465,1.501,1.449,1.488,1764120.5
1708848000,1.489,1.513,1.467,1.491,1814515.8
1708876800,1.492,1.589,1.477,1.585,5393404.2
1708905600,1.585,2.055,1.568,1.875,41287234.8
1708934400,1.874,1.955,1.808,1.874,34608194.6
1708963200,1.873,2.019,1.772,1.822,23563346.8
1708992000,1.823,1.854,1.758,1.799,9547929.6
1709020800,1.799,1.86,1.785,1.812,11319650.3
1709049600,1.813,1.901,1.784,1.795,6264958.7
1709078400,1.795,2.142,1.787,1.951,22606660.3
1709107200,1.952,1.961,1.865,1.923,8325285.5
1709136000,1.923,1.938,1.582,1.805,13602472.2
1709164800,1.805,1.89,1.773,1.886,5830813.2
1709193600,1.885,1.93,1.824,1.881,6491749.9
1709222400,1.881,1.891,1.731,1.804,5492022.8
1709251200,1.805,1.903,1.797,1.82,4829892.2
1709280000,1.82,1.88,1.817,1.862,3714770.6
1709308800,1.863,1.946,1.849,1.923,3691289.5
1709337600,1.924,1.957,1.882,1.949,3407810.5
1709366400,1.949,2.023,1.899,1.972,6430287.0
1709395200,1.972,2.037,1.968,2.029,2948562.0
1709424000,2.028,2.099,1.765,1.969,7499130.3
1709452800,1.969,2.022,1.951,2.013,5427474.8
1709481600,2.014,2.052,1.985,1.993,3167901.0
1709510400,1.994,2.047,1.933,2.024,4403258.0
1709539200,2.023,2.156,2.005,2.052,6634341.5
1709568000,2.051,2.078,1.935,2.005,5381570.3
1709596800,2.006,2.052,1.945,1.992,4066952.1
1709625600,1.991,2.076,1.946,1.981,5061741.3
1709654400,1.981,1.996,1.485,1.807,12752890.3
1709683200,1.806,1.927,1.732,1.917,3479012.2
1709712000,1.916,1.955,1.855,1.906,5107258.1
1709740800,1.906,1.968,1.892,1.96,2862445.8
1709769600,1.959,2.009,1.937,1.996,3969874.0
1709798400,1.995,2.054,1.984,2.032,3863108.5
1709827200,2.032,2.06,2.007,2.041,2597529.3
1709856000,2.041,2.082,2.009,2.014,2058378.9
1709884800,2.014,2.019,1.845,1.938,3881647.1
1709913600,1.937,1.984,1.868,1.963,4074133.8
1709942400,1.963,2.017,1.949,2.01,1919293.3
1709971200,2.011,2.332,1.997,2.32,14572634.3
1710000000,2.318,2.348,2.206,2.283,10478820.3
1710028800,2.284,2.382,2.21,2.273,8420370.7
1710057600,2.274,2.425,2.129,2.18,12596147.3
1710086400,2.181,2.383,2.178,2.317,8522622.1
1710115200,2.318,2.323,2.103,2.253,7159088.9
1710144000,2.254,2.322,2.212,2.223,5307572.0
1710172800,2.224,2.292,2.177,2.286,3612887.2
1710201600,2.286,2.326,2.214,2.228,3743825.8
1710230400,2.228,2.247,2.142,2.237,4863339.9
1710259200,2.237,2.247,2.042,2.239,4921448.6
1710288000,2.238,2.372,2.215,2.345,3242445.6
1710316800,2.345,2.365,2.243,2.27,4411138.4
1710345600,2.27,2.321,2.25,2.28,2601566.8
1710374400,2.28,2.29,2.193,2.204,2910629.8
1710403200,2.204,2.244,2.088,2.112,4713787.8
1710432000,2.113,2.204,2.039,2.19,5242081.4
1710460800,2.191,2.226,1.934,2.059,7027335.1
1710489600,2.06,2.062,1.823,1.96,8368571.8
1710518400,1.961,2.178,1.937,2.134,8856045.4
1710547200,2.134,2.249,2.122,2.221,4309083.3
1710576000,2.221,2.253,1.987,2.064,7422964.0
1710604800,2.064,2.068,1.87,1.928,6787186.2
1710633600,1.929,1.983,1.823,1.889,4475379.9
1710662400,1.888,2.04,1.876,2.028,3477981.9
1710691200,2.027,2.065,1.995,2.037,2338660.4
1710720000,2.037,2.081,1.955,2.022,2613744.5
1710748800,2.022,2.024,1.862,1.895,3579912.4
1710777600,1.895,1.916,1.832,1.868,2760531.1
1710806400,1.868,1.894,1.598,1.695,8228318.9
1710835200,1.695,1.765,1.581,1.764,7679369.1
1710864000,1.765,1.801,1.607,1.659,4605454.8
1710892800,1.659,1.719,1.575,1.708,5195073.1
1710921600,1.707,1.754,1.675,1.688,3553759.4
1710950400,1.689,1.862,1.622,1.849,4622493.0
1710979200,1.849,1.88,1.793,1.832,2109442.6
1711008000,1.833,1.87,1.817,1.838,2100742.0
1711036800,1.838,1.876,1.786,1.853,2818736.3
1711065600,1.853,1.952,1.809,1.905,4266094.0
1711094400,1.905,1.921,1.752,1.824,4373259.8
1711123200,1.824,1.828,1.755,1.816,2438622.4
1711152000,1.815,1.859,1.771,1.848,1832146.8
1711180800,1.847,1.874,1.823,1.866,1795134.4
1711209600,1.865,1.895,1.831,1.835,3109751.8
1711238400,1.835,1.886,1.806,1.827,1590054.4
1711267200,1.826,1.86,1.824,1.844,1644204.1
1711296000,1.845,1.891,1.801,1.872,2081165.8
1711324800,1.872,1.943,1.859,1.894,2308146.9
1711353600,1.894,1.957,1.892,1.947,1900822.6
1711382400,1.947,1.977,1.938,1.952,1587414.9
1711411200,1.952,2.033,1.946,1.999,1552728.6
1711440000,2.0,2.031,1.94,1.976,2638455.6
1711468800,1.975,2.047,1.944,2.022,3657642.6
1711497600,2.022,2.043,1.966,1.972,2109048.5
1711526400,1.973,2.032,1.894,1.909,5196409.0
1711555200,1.91,1.972,1.894,1.933,1991136.4
1711584000,1.933,1.96,1.883,1.959,1666949.4
1711612800,1.96,1.962,1.903,1.937,2006042.9
1711641600,1.937,1.944,1.905,1.921,1256437.5
1711670400,1.92,1.937,1.874,1.883,1682307.5
1711699200,1.882,1.992,1.881,1.91,5024053.1
1711728000,1.91,1.949,1.906,1.946,1945823.6
1711756800,1.946,1.964,1.909,1.91,1040264.6
1711785600,1.91,1.924,1.897,1.914,1130191.5
1711814400,1.915,1.932,1.846,1.866,1764559.2
1711843200,1.868,1.94,1.86,1.922,2711348.3
1711872000,1.922,1.938,1.911,1.924,967416.8
1711900800,1.925,1.971,1.923,1.951,1256139.8
1711929600,1.951,2.06,1.79,1.928,6769396.3
1711958400,1.928,1.935,1.823,1.828,3074224.2
1711987200,1.829,1.885,1.818,1.875,1778294.8
1712016000,1.875,1.876,1.709,1.761,3232108.2
1712044800,1.761,1.767,1.67,1.702,3485428.2
1712073600,1.703,1.761,1.693,1.724,2114536.9
1712102400,1.723,1.769,1.652,1.754,2297965.2
1712131200,1.754,1.783,1.727,1.745,2409947.6
1712160000,1.745,1.768,1.683,1.724,1671063.3
1712188800,1.723,1.758,1.686,1.745,1187907.5
1712217600,1.744,1.812,1.738,1.788,1588666.0
1712246400,1.789,1.829,1.747,1.782,1502748.2
1712275200,1.782,1.786,1.687,1.714,1510907.2
1712304000,1.715,1.757,1.66,1.754,2277399.4
1712332800,1.753,1.761,1.724,1.734,1147876.3
1712361600,1.733,1.767,1.729,1.748,940802.7
1712390400,1.748,1.767,1.723,1.733,1045401.7
1712419200,1.733,1.783,1.731,1.765,1283870.4
1712448000,1.764,1.82,1.763,1.813,1137250.8
1712476800,1.813,1.845,1.805,1.818,1240933.2
1712505600,1.819,1.843,1.794,1.82,1271883.8
1712534400,1.821,1.874,1.785,1.858,1494481.5
1712563200,1.859,1.917,1.855,1.907,1991315.2
1712592000,1.906,1.941,1.902,1.922,1111546.2
1712620800,1.921,1.937,1.884,1.897,1492779.6
1712649600,1.897,1.928,1.835,1.88,2261725.1
1712678400,1.88,1.892,1.838,1.851,1587163.8
1712707200,1.85,1.864,1.788,1.812,1715358.4
1712736000,1.812,1.818,1.706,1.762,2753613.8
1712764800,1.761,1.818,1.75,1.801,1431871.0
1712793600,1.802,1.867,1.785,1.85,1334501.4
1712822400,1.849,1.869,1.763,1.795,2354957.2
1712851200,1.796,1.803,1.761,1.778,1186501.7
1712880000,1.778,1.818,1.773,1.79,832128.1
1712908800,1.79,1.801,1.679,1.686,1945038.5
1712937600,1.686,1.69,1.25,1.404,12293809.8
1712966400,1.403,1.405,1.314,1.358,3691758.9
1712995200,1.358,1.39,1.345,1.357,2815537.9
1713024000,1.356,1.362,0.995,1.145,18195514.8
1713052800,1.145,1.232,1.093,1.232,5729764.6
1713081600,1.232,1.24,1.172,1.203,5294730.9
1713110400,1.204,1.273,1.158,1.254,5822814.1
1713139200,1.255,1.317,1.202,1.3,2923410.0
1713168000,1.3,1.317,1.221,1.248,4040210.2
1713196800,1.248,1.255,1.141,1.179,5827367.4
1713225600,1.179,1.212,1.126,1.204,3938502.4
1713254400,1.204,1.223,1.146,1.152,6272790.1
1713283200,1.152,1.232,1.143,1.207,3424656.1
1713312000,1.208,1.219,1.173,1.197,3111132.7
1713340800,1.197,1.205,1.128,1.137,5155723.8
1713369600,1.137,1.215,1.123,1.185,4847928.2
1713398400,1.185,1.219,1.153,1.167,3796237.5
1713427200,1.168,1.248,1.155,1.239,5647611.8
1713456000,1.24,1.251,1.205,1.24,3204221.5
1713484800,1.241,1.293,1.136,1.267,7914407.0
1713513600,1.267,1.308,1.265,1.296,3936140.5
1713542400,1.295,1.299,1.242,1.269,3102471.6
1713571200,1.269,1.293,1.25,1.285,2172676.2
1713600000,1.286,1.334,1.264,1.334,1765844.0
1713628800,1.333,1.407,1.326,1.397,2277343.4
1713657600,1.397,1.409,1.373,1.385,1688035.8
1713686400,1.385,1.39,1.346,1.369,2268373.5
1713715200,1.368,1.381,1.33,1.372,2418727.8
1713744000,1.371,1.403,1.347,1.37,3073796.2
1713772800,1.37,1.386,1.356,1.38,2862844.6
1713801600,1.381,1.393,1.364,1.374,2295069.7
1713830400,1.375,1.396,1.335,1.349,2298189.6
1713859200,1.35,1.39,1.345,1.376,2779818.5
1713888000,1.376,1.385,1.353,1.367,2289069.3
1713916800,1.368,1.408,1.357,1.396,2440491.8
1713945600,1.395,1.414,1.314,1.319,4457792.5
1713974400,1.319,1.35,1.272,1.288,4363387.4
1714003200,1.289,1.298,1.24,1.266,4071808.9
1714032000,1.265,1.299,1.241,1.296,4354612.0
1714060800,1.296,1.316,1.289,1.295,2744442.9
1714089600,1.295,1.302,1.261,1.276,2623327.5
1714118400,1.276,1.297,1.244,1.272,3072108.1
1714147200,1.272,1.286,1.256,1.268,1477287.0
1714176000,1.269,1.276,1.188,1.243,2636602.2
1714204800,1.244,1.269,1.235,1.254,1468650.0
1714233600,1.253,1.293,1.245,1.288,2046171.6
1714262400,1.288,1.349,1.287,1.325,2412715.4
1714291200,1.326,1.33,1.285,1.31,2439975.2
1714320000,1.309,1.32,1.27,1.276,1900599.4
1714348800,1.275,1.295,1.246,1.258,2632057.9
1714377600,1.259,1.27,1.233,1.268,1899280.4
1714406400,1.269,1.301,1.252,1.286,1584623.7
1714435200,1.286,1.303,1.261,1.288,1910767.0
1714464000,1.288,1.292,1.174,1.187,4361670.2
1714492800,1.187,1.212,1.151,1.198,3743664.8
1714521600,1.199,1.208,1.114,1.12,5373349.0
1714550400,1.121,1.145,1.087,1.117,6321458.0
1714579200,1.119,1.191,1.088,1.18,5984078.5
1714608000,1.18,1.185,1.14,1.149,2240234.5
1714636800,1.149,1.209,1.146,1.2,2513849.5
1714665600,1.2,1.219,1.189,1.204,1873092.6
1714694400,1.204,1.223,1.185,1.188,1651307.7
1714723200,1.189,1.248,1.167,1.244,3769784.3
1714752000,1.243,1.264,1.231,1.248,1775081.7
1714780800,1.248,1.258,1.228,1.229,1429706.0
1714809600,1.229,1.258,1.221,1.235,2161013.0
1714838400,1.236,1.242,1.219,1.221,1601751.8
1714867200,1.221,1.225,1.194,1.211,2298823.5
1714896000,1.212,1.277,1.207,1.271,2831651.7
1714924800,1.272,1.277,1.239,1.246,1841373.6
1714953600,1.247,1.261,1.227,1.259,1568635.9
1714982400,1.259,1.289,1.204,1.228,3213773.6
1715011200,1.228,1.238,1.204,1.208,1599928.4
1715040000,1.207,1.23,1.182,1.192,2068674.6
1715068800,1.191,1.238,1.189,1.219,2025792.1
1715097600,1.219,1.224,1.173,1.178,1515581.6
1715126400,1.176,1.182,1.141,1.146,2067219.7
1715155200,1.147,1.191,1.139,1.182,2321690.9
1715184000,1.182,1.242,1.155,1.172,6592631.1
1715212800,1.172,1.18,1.156,1.159,1957949.4
1715241600,1.16,1.2,1.135,1.193,2359874.8
1715270400,1.194,1.228,1.181,1.222,1810970.1
1715299200,1.221,1.236,1.214,1.228,1323270.9
1715328000,1.227,1.23,1.166,1.173,2845326.3
1715356800,1.173,1.182,1.141,1.16,2644225.7
1715385600,1.16,1.187,1.159,1.171,1375817.4
1715414400,1.172,1.182,1.151,1.175,1557020.4
1715443200,1.174,1.178,1.127,1.133,1452073.4
1715472000,1.133,1.156,1.128,1.139,1174150.1
1715500800,1.14,1.16,1.133,1.147,1214604.0
1715529600,1.147,1.156,1.115,1.117,1362234.8
1715558400,1.117,1.129,1.058,1.115,3469813.0
1715587200,1.114,1.145,1.114,1.129,2377787.0
1715616000,1.129,1.152,1.11,1.123,2280126.2
1715644800,1.124,1.135,1.096,1.126,2333350.6
1715673600,1.126,1.135,1.097,1.126,2298831.6
1715702400,1.126,1.127,1.088,1.092,1682136.0
1715731200,1.092,1.115,1.089,1.102,1102046.0
1715760000,1.101,1.161,1.08,1.143,3959841.1
1715788800,1.143,1.171,1.135,1.163,1736761.7
1715817600,1.163,1.186,1.158,1.182,943933.9
1715846400,1.181,1.188,1.131,1.163,2173092.6
1715875200,1.162,1.176,1.156,1.169,1209972.8
1715904000,1.17,1.203,1.156,1.198,1050132.3
1715932800,1.198,1.222,1.187,1.216,1833150.0
1715961600,1.217,1.238,1.202,1.204,1725669.4
1715990400,1.205,1.218,1.197,1.212,756457.0
1716019200,1.212,1.216,1.176,1.194,1281475.1
1716048000,1.194,1.203,1.191,1.195,749019.1
1716076800,1.196,1.206,1.185,1.195,850521.5
1716105600,1.195,1.202,1.153,1.163,1571259.7
1716134400,1.162,1.164,1.138,1.148,1322881.3
1716163200,1.148,1.2,1.126,1.174,1964117.6
1716192000,1.173,1.19,1.16,1.189,1375009.4
1716220800,1.188,1.266,1.185,1.258,4084326.0
1716249600,1.258,1.283,1.244,1.27,2142389.1
1716278400,1.27,1.317,1.268,1.289,2403938.5
1716307200,1.288,1.305,1.266,1.282,2210583.2
1716336000,1.281,1.306,1.251,1.292,1461421.6
1716364800,1.291,1.31,1.249,1.293,2703510.1
1716393600,1.294,1.302,1.264,1.279,1832441.1
1716422400,1.278,1.301,1.267,1.292,1340258.1
1716451200,1.292,1.305,1.22,1.238,4545076.8
1716480000,1.238,1.248,1.15,1.243,5834857.7
1716508800,1.243,1.266,1.205,1.222,2451411.0
1716537600,1.222,1.265,1.201,1.246,1739374.3
1716566400,1.247,1.284,1.234,1.283,1297819.5
1716595200,1.284,1.351,1.279,1.309,3601068.5
1716624000,1.309,1.321,1.295,1.317,1849266.2
1716652800,1.317,1.322,1.301,1.32,1238122.5
1716681600,1.32,1.327,1.299,1.302,845157.9
1716710400,1.302,1.316,1.284,1.305,1011673.3
1716739200,1.305,1.309,1.276,1.29,1141163.5
1716768000,1.29,1.315,1.278,1.282,871699.2
1716796800,1.282,1.325,1.279,1.321,1836934.7
1716825600,1.32,1.338,1.292,1.305,1518548.1
1716854400,1.306,1.31,1.256,1.266,2376558.3
1716883200,1.266,1.296,1.264,1.29,1378082.0
1716912000,1.29,1.313,1.262,1.283,1489028.3
1716940800,1.283,1.313,1.271,1.307,977026.6
1716969600,1.306,1.325,1.291,1.294,1855491.6
1716998400,1.293,1.321,1.277,1.285,1465378.9
1717027200,1.285,1.306,1.243,1.248,1386206.0
1717056000,1.247,1.308,1.233,1.302,2047251.8
1717084800,1.301,1.321,1.285,1.289,1119762.4
1717113600,1.289,1.301,1.262,1.293,1212091.2
1717142400,1.293,1.582,1.278,1.533,31292076.1
1717171200,1.532,1.727,1.502,1.61,117125649.9
1717200000,1.61,1.724,1.543,1.651,61887087.5
1717228800,1.651,1.658,1.513,1.535,51787263.5
1717257600,1.535,1.58,1.525,1.56,14721329.2
1717286400,1.561,1.643,1.546,1.62,19005155.9
1717315200,1.62,1.682,1.572,1.575,15594370.6
1717344000,1.575,1.662,1.549,1.658,9264561.7
1717372800,1.658,2.68,1.658,2.531,165730264.4
1717401600,2.531,2.788,2.393,2.656,151805912.3
1717430400,2.656,2.766,2.31,2.358,105663387.0
1717459200,2.357,2.382,2.225,2.342,47152301.3
1717488000,2.342,2.379,2.094,2.179,54447869.1
1717516800,2.179,2.202,2.12,2.177,21111693.9
1717545600,2.177,2.255,2.106,2.136,25014082.9
1717574400,2.136,2.326,2.116,2.223,37679930.4
1717603200,2.223,2.256,2.144,2.184,14596814.0
1717632000,2.184,2.267,2.037,2.095,21505825.0
1717660800,2.094,2.134,2.065,2.106,12948446.1
1717689600,2.107,2.123,2.047,2.079,9688614.1
1717718400,2.079,2.106,2.004,2.071,15446601.8
1717747200,2.071,2.113,1.984,1.999,12762995.7
1717776000,1.999,2.01,1.598,1.818,28816870.4
1717804800,1.819,1.837,1.785,1.787,8633699.4
1717833600,1.787,1.809,1.725,1.756,9937989.5
1717862400,1.757,1.767,1.709,1.73,6224865.2
1717891200,1.73,1.744,1.687,1.691,5147480.8
1717920000,1.691,1.742,1.69,1.704,7199802.2
1717948800,1.704,1.739,1.688,1.698,4119882.5
1717977600,1.697,1.698,1.63,1.632,8118455.4
1718006400,1.632,1.688,1.609,1.667,6629950.2
1718035200,1.667,1.671,1.581,1.59,5369958.2
1718064000,1.59,1.609,1.512,1.57,10672593.4
1718092800,1.571,1.588,1.496,1.512,9127664.0
1718121600,1.512,1.555,1.483,1.528,5576379.4
1718150400,1.528,1.547,1.485,1.52,4850118.6
1718179200,1.52,1.597,1.497,1.542,6951368.7
1718208000,1.542,1.574,1.495,1.528,6960364.4
1718236800,1.527,1.533,1.427,1.477,5919876.8
1718265600,1.476,1.547,1.47,1.492,7525358.0
1718294400,1.492,1.515,1.472,1.481,3259576.9
1718323200,1.481,1.543,1.464,1.496,6742215.6
1718352000,1.496,1.539,1.454,1.468,7550900.1
1718380800,1.468,1.471,1.356,1.401,8845518.3
1718409600,1.401,1.468,1.376,1.455,5788801.8
1718438400,1.454,1.472,1.422,1.452,4019733.9
1718467200,1.451,1.457,1.386,1.396,3384454.7
1718496000,1.396,1.421,1.371,1.419,4703488.0
1718524800,1.418,1.43,1.393,1.408,4150986.3
1718553600,1.409,1.414,1.388,1.394,2625024.1
1718582400,1.393,1.411,1.305,1.323,9335306.8
1718611200,1.323,1.337,1.25,1.259,6910684.4
1718640000,1.258,1.306,1.2,1.244,6971986.4
1718668800,1.244,1.251,1.016,1.14,14450344.5
1718697600,1.14,1.143,1.066,1.106,8139526.9
1718726400,1.106,1.124,1.076,1.116,5347484.6
1718755200,1.116,1.167,1.101,1.158,7611665.2
1718784000,1.158,1.159,1.121,1.14,4087478.1
1718812800,1.141,1.177,1.132,1.154,3169824.5
1718841600,1.154,1.212,1.143,1.209,5637552.4
1718870400,1.209,1.213,1.151,1.167,4926224.7
1718899200,1.166,1.18,1.147,1.169,2640506.7
1718928000,1.168,1.233,1.155,1.191,5022444.6
1718956800,1.191,1.239,1.168,1.222,6829453.9
1718985600,1.223,1.26,1.181,1.189,9221209.4
1719014400,1.188,1.189,1.16,1.164,3048140.6
1719043200,1.165,1.175,1.151,1.163,2154191.9
1719072000,1.164,1.179,1.146,1.151,2023172.6
1719100800,1.152,1.17,1.147,1.154,1858882.8
1719129600,1.153,1.161,1.11,1.115,3144836.5
1719158400,1.116,1.12,1.079,1.1,3782442.3
1719187200,1.1,1.116,1.059,1.083,4222788.2
1719216000,1.082,1.119,1.03,1.107,5764056.8
1719244800,1.107,1.14,1.079,1.13,6263347.7
1719273600,1.13,1.146,1.113,1.125,2818064.1
1719302400,1.124,1.187,1.116,1.177,3474740.7
1719331200,1.176,1.196,1.151,1.152,2440309.7
1719360000,1.152,1.175,1.141,1.152,2606867.9
1719388800,1.152,1.154,1.12,1.13,2719457.1
1719417600,1.131,1.14,1.104,1.113,2217940.6
1719446400,1.114,1.118,1.097,1.108,2362334.2
1719475200,1.107,1.165,1.105,1.144,3094917.4
1719504000,1.145,1.157,1.136,1.146,1730968.7
1719532800,1.145,1.158,1.132,1.144,2020076.0
1719561600,1.144,1.151,1.122,1.129,3168032.7
1719590400,1.129,1.132,1.087,1.091,2946499.5
1719619200,1.09,1.103,1.079,1.085,1739358.2
1719648000,1.085,1.091,1.072,1.083,1805596.3
1719676800,1.082,1.085,1.048,1.065,2015550.6
1719705600,1.065,1.085,1.046,1.075,2176138.2
1719734400,1.075,1.09,1.068,1.088,1695819.5
1719763200,1.087,1.116,1.073,1.11,1974260.7
1719792000,1.111,1.141,1.104,1.117,2395317.2
1719820800,1.116,1.129,1.095,1.107,2887061.9
1719849600,1.107,1.135,1.097,1.102,1909342.6
1719878400,1.101,1.12,1.094,1.1,1647889.5
1719907200,1.1,1.132,1.085,1.095,3342931.4
1719936000,1.096,1.114,1.08,1.107,1913800.1
1719964800,1.107,1.114,1.07,1.088,2512927.8
1719993600,1.087,1.109,1.056,1.08,3681740.3
1720022400,1.08,1.082,1.053,1.058,2113891.3
1720051200,1.058,1.065,0.967,0.981,6450952.6
1720080000,0.981,0.986,0.925,0.95,5353094.3
1720108800,0.951,0.955,0.891,0.902,3940687.9
1720137600,0.901,0.903,0.768,0.824,17525774.9
1720166400,0.824,0.889,0.798,0.887,6573403.6
1720195200,0.887,0.9,0.876,0.881,4342699.4
1720224000,0.881,0.918,0.878,0.912,3200125.3
1720252800,0.912,0.943,0.898,0.937,3111625.4
1720281600,0.937,1.002,0.936,0.991,4098767.4
1720310400,0.991,0.992,0.953,0.965,2891709.8
1720339200,0.964,0.995,0.938,0.949,4708929.9
1720368000,0.949,0.971,0.918,0.925,3820341.6
1720396800,0.926,0.945,0.886,0.923,5189815.9
1720425600,0.922,0.988,0.896,0.914,8609043.4
1720454400,0.915,0.922,0.899,0.912,2978718.3
1720483200,0.912,0.938,0.903,0.927,2888496.7
1720512000,0.928,0.952,0.92,0.937,3184725.8
1720540800,0.937,0.944,0.925,0.939,1891776.7
1720569600,0.939,0.977,0.929,0.961,2788297.5
1720598400,0.96,0.962,0.938,0.955,2616956.6
1720627200,0.955,0.967,0.943,0.958,1781332.2
1720656000,0.958,0.966,0.939,0.957,2223490.1
1720684800,0.957,0.99,0.941,0.946,3470078.0
1720713600,0.946,0.956,0.927,0.935,2304994.7
1720742400,0.935,0.953,0.924,0.929,2363818.4
1720771200,0.929,0.946,0.911,0.942,2958561.3
1720800000,0.942,0.953,0.937,0.951,2020002.6
1720828800,0.952,0.955,0.939,0.944,1262681.8
1720857600,0.944,0.946,0.929,0.94,1380153.3
1720886400,0.94,0.959,0.929,0.947,2196378.4
1720915200,0.947,0.98,0.943,0.961,2307731.8
1720944000,0.961,0.967,0.937,0.945,2106771.1
1720972800,0.946,1.086,0.941,1.025,19874233.9
1721001600,1.025,1.126,1.004,1.084,23831067.4
1721030400,1.084,1.116,1.046,1.056,16862461.2
1721059200,1.057,1.094,1.053,1.084,8416361.0
1721088000,1.085,1.091,1.039,1.049,9373524.0
1721116800,1.049,1.091,1.032,1.09,7071035.3
1721145600,1.089,1.112,1.076,1.105,5066362.2
1721174400,1.104,1.171,1.104,1.162,7171766.4
1721203200,1.162,1.174,1.126,1.147,7290705.8
1721232000,1.147,1.382,1.116,1.357,36137371.8
1721260800,1.356,1.585,1.326,1.449,112396893.9
1721289600,1.448,1.471,1.351,1.357,78255526.7
1721318400,1.357,1.36,1.302,1.341,42045288.4
1721347200,1.341,1.358,1.3,1.313,19186944.7
1721376000,1.313,1.382,1.274,1.348,33555954.7
1721404800,1.347,1.377,1.322,1.34,13568225.6
1721433600,1.34,1.35,1.314,1.338,8523755.6
1721462400,1.337,1.348,1.305,1.329,9439322.4
1721491200,1.329,1.335,1.291,1.301,6439403.3
1721520000,1.302,1.32,1.273,1.285,5745773.5
1721548800,1.285,1.3,1.279,1.291,4202459.0
1721577600,1.29,1.3,1.204,1.277,11814420.5
1721606400,1.277,1.282,1.223,1.239,5946651.2
1721635200,1.238,1.261,1.228,1.24,5728514.2
1721664000,1.239,1.246,1.189,1.199,4992969.0
1721692800,1.2,1.236,1.19,1.205,6525448.8
1721721600,1.205,1.24,1.199,1.209,6381446.9
1721750400,1.208,1.208,1.154,1.172,7267638.5
1721779200,1.171,1.188,1.16,1.184,3697965.5
1721808000,1.184,1.208,1.174,1.177,4421668.4
1721836800,1.176,1.183,1.12,1.133,6047922.2
1721865600,1.133,1.138,1.066,1.085,9298167.4
1721894400,1.084,1.105,1.063,1.087,7148183.1
1721923200,1.087,1.108,1.047,1.107,7601905.5
1721952000,1.107,1.136,1.101,1.118,5405371.7
1721980800,1.118,1.135,1.111,1.122,4171664.1
1722009600,1.121,1.153,1.12,1.144,3439456.1
1722038400,1.143,1.155,1.131,1.149,2047448.1
1722067200,1.148,1.173,1.135,1.145,3872852.7
1722096000,1.144,1.181,1.128,1.154,6935050.6
1722124800,1.154,1.165,1.13,1.141,2635675.5
1722153600,1.142,1.15,1.121,1.128,2293292.4
1722182400,1.128,1.134,1.107,1.117,2485080.6
1722211200,1.118,1.192,1.117,1.178,4873027.9
1722240000,1.177,1.183,1.131,1.138,4240597.9
1722268800,1.137,1.147,1.117,1.129,4046428.9
1722297600,1.129,1.139,1.106,1.137,3195624.3
1722326400,1.136,1.138,1.114,1.132,3260042.1
1722355200,1.133,1.136,1.081,1.104,3881852.0
1722384000,1.105,1.147,1.099,1.143,3257970.1
1722412800,1.144,1.153,1.117,1.143,3534534.5
1722441600,1.144,1.151,1.1,1.107,5539951.3
1722470400,1.107,1.128,1.074,1.08,6204259.4
1722499200,1.08,1.097,1.017,1.017,7380297.5
1722528000,1.018,1.085,0.975,1.079,10763514.2
1722556800,1.079,1.086,1.02,1.052,5171387.8
1722585600,1.051,1.075,0.984,1.024,7707648.6
1722614400,1.023,1.026,0.983,0.998,4841555.2
1722643200,0.998,1.007,0.962,1.0,3532671.7
1722672000,1.0,1.004,0.951,0.954,2465798.6
1722700800,0.953,0.957,0.885,0.919,8659484.9
1722729600,0.92,0.949,0.919,0.931,2810872.8
1722758400,0.929,0.942,0.883,0.886,4147498.9
1722787200,0.886,0.915,0.841,0.887,8688824.1
1722816000,0.887,0.895,0.697,0.786,37988693.2
1722844800,0.786,0.838,0.724,0.832,20896487.5
1722873600,0.832,0.849,0.792,0.803,9527113.0
1722902400,0.803,0.871,0.801,0.86,6228582.9
1722931200,0.859,0.868,0.816,0.86,8794724.0
1722960000,0.86,0.868,0.842,0.847,5271241.9
1722988800,0.848,0.88,0.84,0.864,4470322.6
1723017600,0.865,0.884,0.828,0.84,5573171.7
1723046400,0.841,0.844,0.812,0.826,5066439.6
1723075200,0.826,0.878,0.811,0.861,4634242.5
1723104000,0.862,0.886,0.85,0.884,4822988.5
1723132800,0.884,0.918,0.873,0.916,3730708.9
1723161600,0.915,0.915,0.887,0.905,2747099.9
1723190400,0.905,0.914,0.883,0.885,3173223.4
1723219200,0.886,0.918,0.884,0.911,2485895.3
1723248000,0.91,0.923,0.897,0.908,2008781.1
1723276800,0.908,0.937,0.899,0.921,3540013.3
1723305600,0.92,0.935,0.917,0.919,2069558.5
1723334400,0.92,0.93,0.915,0.929,1812499.9
1723363200,0.929,0.945,0.886,0.892,3723181.4
1723392000,0.892,0.899,0.855,0.862,3547848.0
1723420800,0.862,0.894,0.861,0.889,2557558.8
1723449600,0.889,0.934,0.877,0.922,5906788.3
1723478400,0.922,0.926,0.894,0.918,2887914.3
1723507200,0.918,0.92,0.887,0.896,2237411.4
1723536000,0.896,0.91,0.881,0.899,2829632.4
1723564800,0.899,0.93,0.898,0.919,2632029.8
1723593600,0.918,0.92,0.905,0.91,1325335.8
1723622400,0.91,0.933,0.879,0.904,3781559.0
1723651200,0.904,0.913,0.892,0.907,1966154.7
1723680000,0.907,0.917,0.889,0.899,1976683.9
1723708800,0.898,0.915,0.892,0.901,2247794.5
1723737600,0.9,0.904,0.842,0.867,4442529.3
1723766400,0.868,0.892,0.861,0.887,1990098.5
1723795200,0.886,0.89,0.842,0.854,2946213.1
1723824000,0.853,0.885,0.849,0.876,2695573.3
1723852800,0.876,0.876,0.865,0.872,1063139.8
1723881600,0.872,0.89,0.863,0.878,3210954.4
1723910400,0.878,0.929,0.877,0.919,4777133.5
1723939200,0.919,0.928,0.904,0.917,2358953.0
1723968000,0.917,1.189,0.912,1.029,83124969.2
1723996800,1.028,1.087,0.997,1.029,32576887.6
1724025600,1.028,1.101,0.995,1.035,43418221.5
1724054400,1.034,1.052,0.993,1.02,29565111.7
1724083200,1.019,1.04,0.996,1.022,12460192.5
1724112000,1.022,1.073,1.022,1.058,12348310.1
1724140800,1.058,1.174,1.051,1.135,37514022.4
1724169600,1.135,1.191,1.127,1.142,23414188.6
1724198400,1.143,1.169,1.13,1.137,11966492.7
1724227200,1.136,1.146,1.11,1.133,12340572.3
1724256000,1.133,1.168,1.126,1.154,5328677.5
1724284800,1.154,1.157,1.112,1.12,5856138.8
1724313600,1.12,1.134,1.106,1.116,5664625.0
1724342400,1.117,1.162,1.116,1.156,4818052.5
1724371200,1.157,1.209,1.155,1.19,5375080.0
1724400000,1.189,1.208,1.171,1.198,5053407.9
1724428800,1.197,1.234,1.194,1.208,4645139.4
1724457600,1.208,1.223,1.186,1.195,2432807.6
1724486400,1.194,1.246,1.189,1.221,3544953.1
1724515200,1.22,1.237,1.176,1.203,3276224.1
1724544000,1.203,1.21,1.149,1.159,3516495.6
1724572800,1.158,1.184,1.148,1.175,2060903.8
1724601600,1.175,1.19,1.16,1.166,2237426.5
1724630400,1.167,1.177,1.134,1.147,2698738.4
1724659200,1.147,1.175,1.114,1.122,3845528.5
1724688000,1.122,1.13,1.086,1.095,3323660.5
1724716800,1.095,1.129,1.094,1.105,2269533.6
1724745600,1.104,1.108,1.066,1.075,3157315.7
1724774400,1.074,1.089,0.997,1.014,4936610.6
1724803200,1.015,1.03,1.001,1.009,2603822.4
1724832000,1.01,1.07,0.999,1.006,3355173.5
1724860800,1.007,1.031,0.974,1.006,3767818.8
1724889600,1.005,1.035,1.004,1.028,1781447.4
1724918400,1.028,1.053,1.011,1.045,2503702.6
1724947200,1.045,1.051,0.988,1.013,3068935.7
1724976000,1.014,1.021,0.99,1.006,1928471.2
1725004800,1.007,1.02,0.946,0.95,3640379.6
1725033600,0.95,1.006,0.942,1.0,2524087.3
1725062400,1.0,1.009,0.989,0.99,1225993.0
1725091200,0.99,0.994,0.976,0.981,1283396.4
1725120000,0.981,0.982,0.96,0.971,1496161.3
1725148800,0.97,0.974,0.944,0.962,1952012.7
1725177600,0.963,0.965,0.921,0.949,2779901.9
1725206400,0.948,0.961,0.906,0.916,4010134.1
1725235200,0.916,0.935,0.915,0.916,2313042.6
1725264000,0.917,0.974,0.917,0.963,3620651.7
1725292800,0.963,0.981,0.951,0.975,1731869.2
1725321600,0.974,0.987,0.965,0.975,6679516.3
1725350400,0.976,0.976,0.92,0.924,7361542.1
1725379200,0.923,0.935,0.91,0.911,2874638.0
1725408000,0.912,0.928,0.859,0.926,4824562.1
1725436800,0.925,0.947,0.908,0.946,3428329.1
1725465600,0.946,0.964,0.934,0.946,2562473.4
1725494400,0.945,0.952,0.92,0.942,2244325.1
1725523200,0.941,0.951,0.917,0.927,2596177.4
1725552000,0.926,0.932,0.908,0.917,1921363.0
1725580800,0.917,0.931,0.896,0.908,2163003.4
1725609600,0.909,0.942,0.889,0.906,5542483.6
1725638400,0.907,0.907,0.847,0.88,5949827.3
1725667200,0.88,0.905,0.871,0.9,1880930.5
1725696000,0.899,0.969,0.896,0.958,5565353.4
1725724800,0.959,0.972,0.923,0.947,8767780.6
1725753600,0.947,1.018,0.937,1.011,8539796.5
1725782400,1.01,1.011,0.94,0.941,13895147.2
1725811200,0.942,0.974,0.935,0.954,4750597.0
1725840000,0.955,0.965,0.946,0.963,4280073.4
1725868800,0.963,0.975,0.95,0.965,4844201.6
1725897600,0.965,0.999,0.965,0.987,4673550.1
1725926400,0.987,0.995,0.969,0.993,1391351.9
1725955200,0.992,0.998,0.979,0.984,2284017.5
1725984000,0.984,1.013,0.983,0.998,2119023.3
1726012800,0.999,1.003,0.951,0.973,2971633.5
1726041600,0.973,0.989,0.951,0.978,3605526.0
1726070400,0.978,0.996,0.976,0.985,2360776.5
1726099200,0.984,1.008,0.984,1.001,1535989.6
1726128000,1.0,1.006,0.975,0.978,2212283.0
1726156800,0.979,0.995,0.978,0.995,1915861.0
1726185600,0.995,0.998,0.975,0.988,1414508.5
1726214400,0.988,1.012,0.976,1.01,2243172.7
1726243200,1.01,1.046,1.005,1.032,2635182.4
1726272000,1.032,1.034,1.011,1.015,1061770.9
1726300800,1.014,1.023,1.006,1.016,1338866.8
1726329600,1.016,1.02,0.998,1.005,1607969.0
1726358400,1.005,1.028,0.998,1.024,1316395.1
1726387200,1.023,1.025,1.006,1.016,1632220.6
1726416000,1.015,1.017,0.948,0.96,3158397.1
1726444800,0.96,0.965,0.945,0.963,2222539.5
1726473600,0.963,0.972,0.93,0.934,3043148.7
1726502400,0.935,0.943,0.911,0.923,3221322.4
1726531200,0.923,0.951,0.915,0.944,1504747.0
1726560000,0.944,0.979,0.943,0.974,3337287.8
1726588800,0.974,0.975,0.951,0.961,1675748.9
1726617600,0.96,0.995,0.95,0.986,1936999.4
1726646400,0.987,0.987,0.933,0.936,2161913.7
1726675200,0.935,1.02,0.928,1.018,5343981.0
1726704000,1.019,1.06,1.019,1.059,3805001.6
1726732800,1.058,1.06,1.039,1.059,2686375.8
1726761600,1.058,1.077,1.047,1.061,2866770.4
1726790400,1.06,1.11,1.05,1.099,3729231.7
1726819200,1.1,1.102,1.053,1.068,3530830.5
1726848000,1.067,1.087,1.054,1.084,1393573.7
1726876800,1.085,1.088,1.062,1.08,1380948.2
1726905600,1.08,1.102,1.067,1.095,1832187.5
1726934400,1.094,1.188,1.092,1.144,9600017.6
1726963200,1.144,1.145,1.11,1.115,3149074.6
1726992000,1.116,1.131,1.092,1.108,4836347.6
1727020800,1.109,1.121,1.07,1.101,4131050.2
1727049600,1.1,1.158,1.073,1.135,3523440.9
1727078400,1.136,1.151,1.118,1.132,3415326.7
1727107200,1.132,1.142,1.105,1.116,2046139.3
1727136000,1.117,1.13,1.09,1.124,2357471.9
1727164800,1.124,1.145,1.095,1.109,3887349.1
1727193600,1.109,1.152,1.105,1.144,2526164.1
1727222400,1.144,1.163,1.123,1.134,2859456.8
1727251200,1.134,1.147,1.117,1.124,2125680.2
1727280000,1.125,1.134,1.097,1.105,1983424.3
1727308800,1.104,1.142,1.076,1.136,3055449.7
1727337600,1.136,1.147,1.117,1.141,3208911.5
1727366400,1.141,1.164,1.118,1.141,4104675.8
1727395200,1.14,1.191,1.129,1.171,5222043.3
1727424000,1.172,1.194,1.154,1.176,3864120.6
1727452800,1.176,1.208,1.163,1.192,4017495.6
1727481600,1.193,1.218,1.156,1.16,2848901.7
1727510400,1.16,1.162,1.126,1.139,2707734.2
1727539200,1.139,1.147,1.121,1.144,3916613.2
1727568000,1.144,1.156,1.12,1.123,3079064.5
1727596800,1.124,1.138,1.11,1.138,2331936.7
1727625600,1.138,1.198,1.137,1.181,3902389.0
1727654400,1.181,1.208,1.141,1.175,4280849.7
1727683200,1.174,1.174,1.106,1.108,3909692.7
1727712000,1.109,1.126,1.084,1.098,2745105.1
1727740800,1.097,1.146,1.091,1.138,1986860.7
1727769600,1.138,1.143,0.985,1.028,7454397.1
1727798400,1.028,1.033,0.943,0.966,8743152.9
1727827200,0.966,1.007,0.959,0.988,3268328.5
1727856000,0.989,0.996,0.948,0.968,3842707.0
1727884800,0.967,0.987,0.905,0.928,4664943.2
1727913600,0.928,0.96,0.925,0.93,2706721.2
1727942400,0.931,0.943,0.893,0.921,5787551.8
1727971200,0.922,0.932,0.899,0.921,3481055.1
1728000000,0.922,0.985,0.919,0.972,3851156.4
1728028800,0.972,0.984,0.949,0.977,4514496.6
1728057600,0.978,0.987,0.968,0.969,1959662.5
1728086400,0.969,0.988,0.959,0.976,1840754.3
1728115200,0.976,0.986,0.969,0.982,1661139.8
1728144000,0.981,0.984,0.951,0.969,1955247.8
1728172800,0.969,0.98,0.959,0.97,1428058.1
1728201600,0.971,1.007,0.967,1.002,2012363.8
1728230400,1.003,1.01,0.98,1.003,1876477.4
1728259200,1.004,1.029,0.996,1.016,2419737.6
1728288000,1.015,1.029,0.98,1.015,3032295.7
1728316800,1.015,1.031,0.995,1.006,2781897.0
1728345600,1.007,1.033,0.997,1.009,2394321.1
1728374400,1.01,1.026,0.995,1.004,2585914.4
1728403200,1.004,1.013,0.99,1.003,1842129.2
1728432000,1.003,1.021,0.994,1.011,1417805.4
1728460800,1.012,1.014,0.965,0.988,2455077.6
1728489600,0.988,0.991,0.943,0.964,2042153.1
1728518400,0.965,0.985,0.957,0.974,1279986.2
1728547200,0.973,0.977,0.946,0.96,2499076.3
1728576000,0.96,0.97,0.927,0.97,2761280.7
1728604800,0.97,0.981,0.96,0.976,1416385.5
1728633600,0.975,1.018,0.974,1.008,3508799.0
1728662400,1.009,1.026,1.007,1.018,1330827.9
1728691200,1.019,1.045,1.01,1.044,1485184.9
1728720000,1.043,1.059,1.036,1.042,1708939.9
1728748800,1.041,1.05,1.03,1.04,1093264.7
1728777600,1.041,1.059,1.036,1.047,1423043.3
1728806400,1.047,1.056,1.006,1.012,2149769.3
1728835200,1.011,1.051,1.006,1.042,1696826.5
1728864000,1.043,1.095,1.028,1.084,2460844.7
1728892800,1.084,1.11,1.073,1.098,2601470.3
1728921600,1.097,1.134,1.087,1.117,2856667.9
1728950400,1.117,1.133,1.094,1.115,1920240.7
1728979200,1.114,1.13,1.057,1.083,5033517.0
1729008000,1.084,1.115,1.075,1.102,2444117.4
1729036800,1.103,1.112,1.071,1.076,1510625.1
1729065600,1.076,1.096,1.061,1.066,2270118.0
1729094400,1.066,1.08,1.053,1.064,1329729.6
1729123200,1.064,1.079,1.043,1.05,1033033.1
1729152000,1.049,1.055,1.023,1.049,2402966.9
1729180800,1.048,1.05,1.016,1.049,1360997.9
1729209600,1.049,1.066,1.041,1.06,1420074.1
1729238400,1.06,1.068,1.042,1.062,2228923.7
1729267200,1.063,1.179,1.056,1.16,3198186.6
1729296000,1.16,1.174,1.131,1.148,6027608.4
1729324800,1.149,1.154,1.112,1.116,3079473.4
1729353600,1.115,1.157,1.101,1.139,4971336.6
1729382400,1.139,1.175,1.116,1.156,2954225.5
1729411200,1.157,1.415,1.156,1.263,36475610.1
1729440000,1.264,1.281,1.227,1.234,7037707.5
1729468800,1.235,1.259,1.223,1.227,5789434.4
1729497600,1.226,1.233,1.186,1.205,6450112.5
1729526400,1.205,1.207,1.181,1.191,2042917.0
1729555200,1.191,1.209,1.171,1.192,2357511.7
1729584000,1.193,1.194,1.144,1.16,3894071.7
1729612800,1.159,1.251,1.141,1.242,5114074.1
1729641600,1.241,1.246,1.172,1.181,4391794.9
1729670400,1.18,1.187,1.126,1.131,3495948.4
1729699200,1.132,1.141,1.1,1.138,2932340.0
1729728000,1.139,1.159,1.124,1.132,1828156.9
1729756800,1.132,1.147,1.112,1.135,2077958.8
1729785600,1.135,1.152,1.116,1.126,2305163.8
1729814400,1.125,1.145,1.096,1.113,2527869.4
1729843200,1.113,1.131,1.096,1.103,2251770.4
1729872000,1.103,1.11,0.961,1.009,7646356.6
1729900800,1.01,1.041,0.983,1.034,3131186.1
1729929600,1.033,1.042,0.993,1.003,2425582.0
1729958400,1.003,1.038,1.002,1.028,1141547.7
1729987200,1.027,1.028,1.009,1.012,1436988.9
1730016000,1.012,1.024,1.002,1.019,1354723.7
1730044800,1.019,1.058,1.019,1.048,1649102.2
1730073600,1.047,1.05,1.004,1.032,1857354.4
1730102400,1.032,1.034,0.998,1.001,1843271.7
1730131200,1.001,1.055,0.988,1.05,2338396.0
1730160000,1.05,1.082,1.044,1.069,1541554.1
1730188800,1.07,1.089,1.069,1.089,2003254.0
1730217600,1.089,1.118,1.081,1.11,2646538.2
1730246400,1.11,1.13,1.098,1.113,2130715.3
1730275200,1.112,1.131,1.087,1.107,2941146.9
1730304000,1.106,1.121,1.101,1.105,1824124.1
1730332800,1.104,1.109,1.08,1.085,1930578.3
1730361600,1.084,1.085,1.034,1.055,2845534.8
1730390400,1.055,1.062,1.023,1.042,1979106.3
1730419200,1.042,1.051,1.008,1.012,1873892.5
1730448000,1.011,1.062,0.997,1.005,3215403.9
1730476800,1.006,1.023,0.987,0.993,3592144.4
1730505600,0.993,1.015,0.992,1.001,1395288.3
1730534400,1.001,1.005,0.963,0.977,2681989.9
1730563200,0.977,0.986,0.965,0.972,1763538.5
1730592000,0.972,0.976,0.912,0.93,3575174.4
1730620800,0.93,0.93,0.888,0.914,3977565.2
1730649600,0.913,0.931,0.893,0.924,2920238.7
1730678400,0.924,0.942,0.913,0.918,2627588.7
1730707200,0.918,0.936,0.912,0.922,3584931.2
1730736000,0.921,0.923,0.873,0.905,3839507.9
1730764800,0.905,0.936,0.904,0.933,2734161.7
1730793600,0.932,0.964,0.924,0.95,3215587.1
1730822400,0.95,0.966,0.928,0.942,3066206.9
1730851200,0.942,1.053,0.938,1.031,7281255.2
1730880000,1.031,1.05,1.007,1.039,3786678.6
1730908800,1.038,1.079,1.034,1.062,2533558.3
1730937600,1.062,1.091,1.042,1.055,3178209.8
1730966400,1.054,1.078,1.049,1.078,2291028.0
1730995200,1.078,1.086,1.058,1.07,2884611.7
1731024000,1.071,1.082,1.046,1.055,2327505.5
1731052800,1.054,1.091,1.045,1.07,2974745.7
1731081600,1.07,1.084,1.042,1.081,3086541.0
1731110400,1.081,1.121,1.065,1.113,2589225.6
1731139200,1.112,1.141,1.093,1.112,4202262.4
1731168000,1.112,1.139,1.084,1.134,3167125.7
1731196800,1.135,1.162,1.114,1.155,3694549.6
1731225600,1.156,1.207,1.151,1.195,7126357.6
1731254400,1.196,1.202,1.09,1.161,8678797.2
1731283200,1.161,1.21,1.134,1.158,6726319.3
1731312000,1.158,1.264,1.151,1.186,16587893.5
1731340800,1.187,1.245,1.184,1.242,7116283.4
1731369600,1.241,1.254,1.198,1.252,5528035.0
1731398400,1.253,1.286,1.08,1.091,17725163.8
1731427200,1.092,1.16,1.067,1.136,7433626.7
1731456000,1.136,1.159,1.035,1.076,7853595.8
1731484800,1.075,1.142,1.056,1.132,8981765.3
1731513600,1.131,1.164,1.056,1.109,8733517.2
1731542400,1.11,1.162,1.086,1.137,4663893.1
1731571200,1.136,1.157,1.076,1.089,8282901.2
1731600000,1.089,1.129,1.057,1.079,6245689.4
1731628800,1.078,1.094,1.044,1.071,4798824.6
1731657600,1.07,1.112,1.058,1.071,4743872.8
1731686400,1.072,1.161,1.064,1.154,6374030.6
1731715200,1.155,1.195,1.152,1.171,3975734.9
1731744000,1.171,1.265,1.165,1.214,8932212.6
1731772800,1.213,1.328,1.199,1.307,8099062.4
1731801600,1.307,1.316,1.232,1.266,7152581.3
1731830400,1.267,1.3,1.251,1.257,4931329.7
1731859200,1.256,1.277,1.221,1.258,3978708.8
1731888000,1.257,1.377,1.254,1.373,5588005.7
1731916800,1.373,1.521,1.325,1.369,29654360.9
1731945600,1.37,1.391,1.272,1.312,12053818.1
1731974400,1.311,1.324,1.276,1.301,4838928.3
1732003200,1.3,1.304,1.24,1.258,5255631.6
1732032000,1.258,1.268,1.2,1.235,5276243.2
1732060800,1.234,1.234,1.175,1.206,4223380.7
1732089600,1.205,1.235,1.189,1.219,5246204.1
1732118400,1.22,1.227,1.132,1.17,6241080.9
1732147200,1.17,1.194,1.124,1.189,4605343.2
1732176000,1.188,1.252,1.156,1.213,7848231.4
1732204800,1.213,1.239,1.211,1.232,4086885.4
1732233600,1.232,1.243,1.207,1.22,3829549.7
1732262400,1.22,1.239,1.17,1.215,6396950.0
1732291200,1.214,1.28,1.189,1.276,5519386.4
1732320000,1.277,1.315,1.261,1.313,4601400.0
1732348800,1.313,1.373,1.295,1.367,6326281.9
1732377600,1.367,1.382,1.282,1.37,7566007.7
1732406400,1.369,1.601,1.35,1.5,13171850.7
1732435200,1.5,1.553,1.336,1.338,13447635.7
1732464000,1.338,1.515,1.325,1.508,9929894.5
1732492800,1.508,1.532,1.421,1.482,12603282.7
1732521600,1.481,1.527,1.383,1.456,7622050.9
1732550400,1.456,1.471,1.353,1.393,8015695.3
1732579200,1.392,1.481,1.376,1.407,6514257.7
1732608000,1.408,1.409,1.294,1.308,8032075.6
1732636800,1.309,1.366,1.3,1.363,5583139.9
1732665600,1.364,1.424,1.335,1.421,4506190.8
1732694400,1.421,1.457,1.384,1.453,3994511.0
1732723200,1.453,1.479,1.441,1.468,3635325.5
1732752000,1.469,1.486,1.434,1.444,3103141.6
1732780800,1.444,1.466,1.409,1.413,3467332.4
1732809600,1.414,1.525,1.413,1.497,5714855.9
1732838400,1.497,1.511,1.438,1.44,3536973.2
1732867200,1.44,1.52,1.439,1.495,2965699.2
1732896000,1.496,1.541,1.481,1.527,3730379.1
1732924800,1.526,1.572,1.494,1.568,2854347.8
1732953600,1.569,1.582,1.525,1.567,3798997.1
1732982400,1.566,1.638,1.548,1.589,4774625.4
1733011200,1.59,1.6,1.53,1.598,3937466.5
1733040000,1.597,1.629,1.573,1.611,4989360.0
1733068800,1.61,1.617,1.55,1.584,2756369.4
1733097600,1.584,1.613,1.518,1.578,4797197.1
1733126400,1.577,1.581,1.455,1.565,9599580.3
1733155200,1.565,1.702,1.496,1.691,6356867.2
1733184000,1.691,1.777,1.669,1.72,6039784.8
1733212800,1.72,1.753,1.573,1.675,9676017.2
1733241600,1.674,1.82,1.648,1.805,5508797.6
1733270400,1.806,1.818,1.756,1.797,3919970.1
1733299200,1.797,1.915,1.794,1.847,7962397.0
1733328000,1.847,1.874,1.757,1.818,7152060.8
1733356800,1.818,1.848,1.719,1.831,5520373.3
1733385600,1.832,1.866,1.785,1.817,5651453.9
1733414400,1.816,1.863,1.737,1.799,4550489.1
1733443200,1.799,1.907,1.787,1.876,3800844.3
1733472000,1.875,1.888,1.741,1.83,4628315.9
1733500800,1.831,1.896,1.826,1.866,3096074.9
1733529600,1.866,1.913,1.843,1.872,2236660.1
1733558400,1.872,1.881,1.82,1.855,2891248.7
1733587200,1.856,1.869,1.813,1.838,2349259.4
1733616000,1.839,1.86,1.783,1.826,2008861.7
1733644800,1.826,1.837,1.769,1.83,2573026.2
1733673600,1.83,1.924,1.798,1.872,6067323.2
1733702400,1.873,1.883,1.731,1.753,4005743.0
1733731200,1.754,1.756,1.646,1.693,5761661.5
1733760000,1.693,1.714,1.199,1.462,23796940.1
1733788800,1.463,1.487,1.335,1.436,7451374.2
1733817600,1.436,1.462,1.295,1.296,7522849.3
1733846400,1.297,1.42,1.251,1.397,9030990.6
1733875200,1.397,1.431,1.347,1.402,4524327.8
1733904000,1.403,1.545,1.403,1.53,5043930.2
1733932800,1.53,1.577,1.512,1.561,3330605.6
1733961600,1.562,1.659,1.544,1.631,3689256.6
1733990400,1.632,1.658,1.587,1.639,5523940.0
1734019200,1.638,1.667,1.586,1.622,5745593.4
1734048000,1.622,1.636,1.558,1.575,4868776.2
1734076800,1.576,1.632,1.567,1.579,4147716.4
1734105600,1.578,1.633,1.576,1.618,4132690.8
1734134400,1.618,1.634,1.581,1.582,3048942.5
1734163200,1.583,1.6,1.515,1.532,2833689.2
1734192000,1.532,1.534,1.478,1.514,3531730.8
1734220800,1.514,1.523,1.456,1.474,3494157.7
1734249600,1.475,1.587,1.474,1.571,3591602.1
1734278400,1.57,1.588,1.491,1.584,3294223.6
1734307200,1.585,1.636,1.53,1.547,4741137.3
1734336000,1.548,1.553,1.462,1.498,4414166.5
1734364800,1.498,1.555,1.497,1.502,3878752.8
1734393600,1.502,1.507,1.443,1.456,3248377.7
1734422400,1.455,1.497,1.393,1.408,4998853.0
1734451200,1.407,1.457,1.367,1.388,4754598.6
1734480000,1.389,1.4,1.341,1.358,4707687.4
1734508800,1.359,1.386,1.328,1.342,4245115.7
1734537600,1.341,1.386,1.202,1.236,16243458.2
1734566400,1.235,1.252,1.146,1.221,10273915.0
1734595200,1.221,1.252,1.153,1.176,6882165.4
1734624000,1.176,1.198,1.057,1.1,20459689.0
1734652800,1.101,1.15,1.078,1.109,6668180.6
1734681600,1.108,1.109,0.958,1.093,21895361.9
1734710400,1.093,1.176,1.087,1.167,5060258.7
1734739200,1.167,1.228,1.161,1.216,3153559.3
1734768000,1.217,1.22,1.11,1.144,6627769.7
1734796800,1.144,1.144,1.085,1.104,5605137.1
1734825600,1.104,1.126,1.074,1.1,3255623.9
1734854400,1.099,1.14,1.086,1.102,4577502.5
1734883200,1.103,1.118,1.056,1.095,4536679.8
1734912000,1.095,1.15,1.065,1.112,5104861.9
1734940800,1.113,1.141,1.095,1.1,5267030.3
1734969600,1.1,1.207,1.097,1.18,5509078.9
1734998400,1.18,1.196,1.152,1.18,3067140.9
1735027200,1.18,1.252,1.173,1.246,3935422.3
1735056000,1.245,1.254,1.196,1.221,2802851.2
1735084800,1.221,1.23,1.211,1.213,1969315.5
1735113600,1.213,1.245,1.193,1.2,3476116.8
1735142400,1.2,1.208,1.179,1.202,3184968.1
1735171200,1.201,1.216,1.148,1.151,3220940.8
1735200000,1.152,1.155,1.119,1.131,4176341.9
1735228800,1.132,1.14,1.102,1.123,3253961.5
1735257600,1.123,1.157,1.113,1.129,3452293.4
1735286400,1.129,1.191,1.116,1.133,5271450.9
1735315200,1.133,1.157,1.118,1.14,3240146.9
1735344000,1.14,1.164,1.135,1.142,3091019.2
1735372800,1.141,1.206,1.141,1.188,3814149.9
1735401600,1.188,1.221,1.187,1.209,2549331.4
1735430400,1.209,1.219,1.186,1.204,3207674.8
1735459200,1.204,1.209,1.172,1.173,3044592.8
1735488000,1.174,1.175,1.128,1.143,2268422.5
1735516800,1.142,1.192,1.139,1.168,2477352.8
1735545600,1.169,1.18,1.101,1.111,4034956.9
1735574400,1.11,1.191,1.103,1.148,7466974.6
1735603200,1.147,1.15,1.097,1.112,3003451.6
1735632000,1.113,1.161,1.112,1.146,3203282.6
1735660800,1.145,1.15,1.1,1.107,2283949.6
1735689600,1.107,1.13,1.096,1.106,1654767.6
1735718400,1.106,1.132,1.08,1.132,2705638.8
1735747200,1.131,1.161,1.114,1.152,2551938.2
1735776000,1.152,1.181,1.151,1.177,2075594.7
1735804800,1.178,1.207,1.17,1.18,2695146.9
1735833600,1.181,1.197,1.156,1.177,1788762.5
1735862400,1.177,1.184,1.155,1.159,2022900.5
1735891200,1.158,1.245,1.156,1.242,3512900.3
1735920000,1.242,1.272,1.24,1.262,2558452.6
1735948800,1.263,1.275,1.246,1.269,1640190.1
1735977600,1.269,1.299,1.24,1.259,4337302.1
1736006400,1.259,1.289,1.253,1.279,2078384.6
1736035200,1.279,1.285,1.255,1.28,1472518.7
1736064000,1.28,1.287,1.243,1.262,2953011.1
1736092800,1.263,1.291,1.25,1.286,1778050.0
1736121600,1.285,1.306,1.258,1.281,3672454.0
1736150400,1.28,1.335,1.267,1.331,3662799.4
1736179200,1.331,1.344,1.291,1.306,2580828.3
1736208000,1.305,1.315,1.275,1.285,1855537.6
1736236800,1.285,1.301,1.179,1.195,7692130.7
1736265600,1.193,1.204,1.142,1.146,4580688.8
1736294400,1.146,1.161,1.099,1.121,3500379.8
1736323200,1.12,1.146,1.113,1.135,3319503.7
1736352000,1.135,1.138,1.06,1.114,5298311.8
1736380800,1.114,1.132,1.081,1.085,2649919.4
1736409600,1.084,1.126,1.066,1.118,3734216.9
1736438400,1.117,1.123,1.066,1.099,3809335.6
1736467200,1.099,1.126,1.087,1.119,2251346.8
1736496000,1.118,1.129,1.077,1.098,4627519.1
1736524800,1.098,1.131,1.085,1.116,2229215.6
1736553600,1.116,1.128,1.098,1.105,1256327.3
1736582400,1.104,1.115,1.094,1.098,1064963.7
1736611200,1.099,1.136,1.089,1.112,1859179.7
1736640000,1.112,1.118,1.085,1.095,1232197.4
1736668800,1.095,1.11,1.078,1.105,1694511.1
1736697600,1.105,1.111,1.073,1.088,1469553.1
1736726400,1.088,1.12,1.028,1.038,3555573.8
1736755200,1.037,1.041,0.966,1.018,7673287.1
1736784000,1.018,1.055,0.978,1.045,4282588.8
1736812800,1.045,1.073,1.038,1.053,2260724.3
1736841600,1.053,1.089,1.053,1.079,3488938.9
1736870400,1.079,1.112,1.069,1.107,2310712.8
1736899200,1.107,1.121,1.095,1.114,2180925.2
1736928000,1.114,1.152,1.075,1.146,5969696.5
1736956800,1.145,1.169,1.133,1.167,2301556.3
1736985600,1.166,1.171,1.141,1.157,1549785.9
1737014400,1.157,1.172,1.121,1.154,4725011.3
1737043200,1.154,1.173,1.133,1.145,2476082.4
1737072000,1.145,1.193,1.143,1.182,1830807.1
1737100800,1.183,1.217,1.178,1.205,3032123.4
1737129600,1.205,1.259,1.196,1.252,2253026.6
1737158400,1.253,1.266,1.151,1.155,3614652.1
1737187200,1.155,1.177,1.137,1.147,3513066.2
1737216000,1.147,1.158,1.125,1.151,3326687.7
1737244800,1.152,1.189,1.127,1.133,2639501.6
1737273600,1.133,1.156,1.053,1.145,8348131.3
1737302400,1.144,1.177,1.036,1.054,9090572.6
1737331200,1.055,1.144,1.0,1.118,11533895.3
1737360000,1.118,1.13,1.061,1.069,5874644.8
1737388800,1.07,1.09,1.006,1.044,9204978.7
1737417600,1.044,1.049,0.989,1.014,4340583.5
1737446400,1.013,1.065,1.004,1.053,4136929.3
1737475200,1.053,1.107,1.051,1.076,3639914.9
1737504000,1.076,1.085,1.062,1.065,1910826.6
1737532800,1.065,1.084,1.052,1.067,2012828.3
1737561600,1.066,1.078,1.031,1.035,2292070.9
1737590400,1.034,1.039,1.02,1.039,2656941.2
1737619200,1.038,1.039,0.995,1.023,5068567.4
1737648000,1.023,1.045,0.991,1.029,6777596.4
1737676800,1.028,1.051,0.994,1.037,2425678.5
1737705600,1.037,1.052,1.024,1.034,2129158.6
1737734400,1.035,1.036,0.995,1.0,3352924.9
1737763200,1.0,1.015,0.985,0.995,2048124.5
1737792000,0.995,1.012,0.982,1.007,1683628.2
1737820800,1.008,1.013,0.999,1.002,1091032.7
1737849600,1.002,1.032,0.996,1.028,1468547.1
1737878400,1.027,1.029,1.009,1.02,1360144.8
1737907200,1.021,1.038,0.978,0.98,2874803.1
1737936000,0.979,0.98,0.864,0.892,7443075.7
1737964800,0.891,0.94,0.873,0.929,4980857.1
1737993600,0.93,0.965,0.904,0.955,3375836.5
1738022400,0.955,0.962,0.934,0.947,2141579.7
1738051200,0.947,0.948,0.922,0.933,2761733.3
1738080000,0.934,0.934,0.863,0.874,3300272.1
1738108800,0.873,0.917,0.867,0.916,1956472.5
1738137600,0.916,0.92,0.887,0.897,2270689.5
1738166400,0.897,0.945,0.88,0.911,3983447.3
1738195200,0.911,0.946,0.901,0.932,2980835.1
1738224000,0.932,0.971,0.925,0.963,2444120.2
1738252800,0.963,0.974,0.951,0.956,2212951.6
1738281600,0.955,0.97,0.938,0.957,1562795.2
1738310400,0.957,0.994,0.943,0.991,2682960.6
1738339200,0.99,0.994,0.948,0.961,3164138.4
1738368000,0.962,0.98,0.957,0.972,1711689.0
1738396800,0.972,0.979,0.936,0.946,2540266.8
1738425600,0.946,0.952,0.876,0.884,3298091.1
1738454400,0.884,0.908,0.857,0.871,4222730.9
1738483200,0.871,0.888,0.848,0.859,3694902.6
1738512000,0.859,0.859,0.692,0.756,15377913.5
1738540800,0.755,0.755,0.52,0.661,30986821.8
1738569600,0.661,0.709,0.631,0.694,12803963.4
1738598400,0.694,0.753,0.688,0.741,7434495.6
1738627200,0.741,0.747,0.663,0.666,6809296.2
1738656000,0.666,0.716,0.66,0.699,7039435.8
1738684800,0.699,0.729,0.677,0.701,8992046.6
1738713600,0.701,0.714,0.689,0.703,4101564.4
1738742400,0.703,0.717,0.695,0.705,3936067.8
1738771200,0.705,0.709,0.674,0.687,5822073.1
1738800000,0.686,0.702,0.678,0.69,3267626.3
1738828800,0.69,0.694,0.642,0.646,7559256.8
1738857600,0.646,0.665,0.641,0.65,9586572.4
1738886400,0.651,0.672,0.649,0.662,4540216.6
1738915200,0.662,0.709,0.657,0.694,6673826.9
1738944000,0.694,0.695,0.646,0.667,5346599.4
1738972800,0.668,0.677,0.656,0.672,4028192.5
1739001600,0.671,0.692,0.654,0.68,4209367.4
1739030400,0.68,0.719,0.675,0.709,5733687.9
1739059200,0.709,0.726,0.702,0.72,2505552.0
1739088000,0.72,0.724,0.693,0.705,2689620.7
1739116800,0.704,0.709,0.663,0.697,3913309.0
1739145600,0.697,0.708,0.668,0.703,4629238.3
1739174400,0.704,0.72,0.7,0.71,2916821.4
1739203200,0.71,0.745,0.707,0.723,3930952.6
1739232000,0.722,0.761,0.721,0.756,2440164.3
1739260800,0.756,0.766,0.719,0.726,3204520.2
1739289600,0.726,0.737,0.712,0.735,3596187.1
1739318400,0.734,0.746,0.721,0.729,2357606.1
1739347200,0.729,0.745,0.704,0.743,4703476.9
1739376000,0.744,0.804,0.738,0.796,5234059.4
1739404800,0.796,0.807,0.765,0.766,2896741.1
1739433600,0.766,0.767,0.74,0.75,3671648.0
1739462400,0.75,0.767,0.737,0.764,2615936.3
1739491200,0.764,0.776,0.758,0.763,1483081.1
1739520000,0.763,0.778,0.755,0.772,2070233.5
1739548800,0.772,0.794,0.766,0.782,2220003.9
1739577600,0.782,0.788,0.769,0.771,1270116.1
1739606400,0.772,0.777,0.747,0.751,1856310.7
1739635200,0.751,0.759,0.741,0.751,1367807.8
1739664000,0.751,0.76,0.739,0.747,1315140.7
1739692800,0.748,0.77,0.746,0.758,1579562.1
1739721600,0.758,0.768,0.742,0.748,1684818.3
1739750400,0.749,0.774,0.738,0.748,2213775.0
1739779200,0.748,0.791,0.741,0.763,3210096.6
1739808000,0.763,0.766,0.73,0.745,3434745.1
1739836800,0.745,0.749,0.698,0.701,2708652.6
1739865600,0.7,0.72,0.679,0.681,3246972.8
1739894400,0.682,0.693,0.662,0.69,3522195.8
1739923200,0.69,0.707,0.68,0.703,2309628.0
1739952000,0.703,0.715,0.694,0.698,2478460.3
1739980800,0.697,0.712,0.696,0.709,1778183.6
1740009600,0.708,0.732,0.707,0.718,2843870.7
1740038400,0.718,0.729,0.708,0.71,1970373.1
1740067200,0.709,0.744,0.709,0.739,2557969.8
1740096000,0.74,0.751,0.726,0.748,2079214.9
1740124800,0.748,0.779,0.734,0.745,3769299.6
1740153600,0.744,0.759,0.696,0.71,3494673.3
1740182400,0.71,0.71,0.695,0.707,2156360.1
1740211200,0.707,0.737,0.706,0.735,2304120.9
1740240000,0.735,0.76,0.734,0.755,2268392.3
1740268800,0.755,0.762,0.739,0.759,1980648.2
1740297600,0.758,0.762,0.718,0.719,2492940.9
1740326400,0.719,0.732,0.717,0.726,1437871.0
1740355200,0.725,0.732,0.688,0.702,2789915.4
1740384000,0.702,0.706,0.665,0.672,4171895.0
1740412800,0.673,0.685,0.601,0.624,7003742.8
1740441600,0.623,0.629,0.574,0.596,9222701.2
1740470400,0.596,0.633,0.587,0.625,6117909.0
1740499200,0.624,0.65,0.617,0.64,3272257.3
1740528000,0.639,0.653,0.632,0.648,2296019.0
1740556800,0.647,0.659,0.625,0.653,4910656.8
1740585600,0.653,0.659,0.616,0.653,7064361.6
1740614400,0.653,0.668,0.643,0.664,2604315.1
1740643200,0.664,0.668,0.647,0.657,3159013.0
1740672000,0.656,0.661,0.636,0.657,3045736.9
1740700800,0.656,0.658,0.594,0.605,11432950.7
1740729600,0.605,0.645,0.595,0.64,6012301.3
1740758400,0.641,0.654,0.635,0.647,3061755.7
1740787200,0.647,0.653,0.638,0.641,2668814.4
1740816000,0.641,0.647,0.615,0.623,3022239.6
1740844800,0.624,0.636,0.618,0.633,2478495.3
1740873600,0.634,0.638,0.627,0.632,2070099.2
1740902400,0.631,0.672,0.63,0.657,6530337.3
1740931200,0.658,0.715,0.655,0.713,8155761.1
1740960000,0.714,0.719,0.668,0.681,3962092.9
1740988800,0.68,0.681,0.651,0.659,6302405.4
1741017600,0.659,0.665,0.584,0.593,11195750.0
1741046400,0.593,0.597,0.547,0.564,10312792.1
1741075200,0.564,0.574,0.541,0.558,6935096.9
1741104000,0.559,0.576,0.521,0.568,6383138.2
1741132800,0.567,0.577,0.561,0.571,3754396.9
1741161600,0.57,0.584,0.566,0.571,5719085.1
1741190400,0.571,0.596,0.561,0.593,3944662.2
1741219200,0.592,0.611,0.583,0.593,4404123.6
1741248000,0.593,0.609,0.584,0.604,5156933.2
1741276800,0.603,0.607,0.577,0.587,5055149.8
1741305600,0.587,0.594,0.554,0.586,7650046.2
1741334400,0.587,0.61,0.579,0.602,6165942.0
1741363200,0.601,0.607,0.576,0.579,6248446.9
1741392000,0.579,0.584,0.568,0.572,3056966.1
1741420800,0.573,0.575,0.561,0.565,3829223.2
1741449600,0.566,0.574,0.557,0.565,3277284.8
1741478400,0.565,0.569,0.553,0.561,2348501.9
1741507200,0.56,0.562,0.529,0.533,4571796.8
1741536000,0.533,0.538,0.5,0.507,9717211.5
1741564800,0.507,0.525,0.498,0.523,5987023.4
1741593600,0.523,0.543,0.502,0.515,12474613.3
1741622400,0.516,0.517,0.471,0.485,14753993.2
1741651200,0.485,0.496,0.44,0.489,14797603.9
1741680000,0.489,0.505,0.478,0.499,11222618.7
1741708800,0.499,0.522,0.493,0.51,6326740.7
1741737600,0.51,0.521,0.492,0.512,6019286.2
1741766400,0.511,0.54,0.508,0.522,8908088.1
1741795200,0.522,0.535,0.519,0.531,5497531.1
1741824000,0.531,0.534,0.514,0.519,5102943.1
1741852800,0.519,0.541,0.513,0.521,8459660.0
1741881600,0.522,0.529,0.506,0.525,5770049.0
1741910400,0.524,0.538,0.523,0.534,3160896.3
1741939200,0.534,0.556,0.534,0.552,6065783.9
1741968000,0.552,0.554,0.543,0.544,3788685.9
1741996800,0.544,0.548,0.538,0.544,3716305.9
1742025600,0.543,0.548,0.54,0.547,2698238.7
1742054400,0.548,0.563,0.547,0.557,3012995.0
1742083200,0.556,0.558,0.547,0.556,2213839.3
1742112000,0.556,0.559,0.526,0.533,6462893.8
1742140800,0.533,0.547,0.522,0.527,5079094.2
1742169600,0.528,0.548,0.527,0.547,3479602.3
1742198400,0.547,0.563,0.543,0.552,4877490.8
1742227200,0.551,0.566,0.548,0.557,6052023.4
1742256000,0.558,0.56,0.533,0.538,5486944.2
1742284800,0.537,0.546,0.527,0.528,5423146.7
1742313600,0.529,0.541,0.514,0.54,5062867.1
1742342400,0.541,0.551,0.539,0.54,4051188.3
1742371200,0.54,0.558,0.539,0.556,6404888.4
1742400000,0.556,0.569,0.54,0.562,5536162.0
1742428800,0.562,0.566,0.549,0.553,3552181.3
1742457600,0.553,0.557,0.537,0.54,5089841.8
1742486400,0.54,0.543,0.525,0.527,4606133.1
1742515200,0.527,0.536,0.527,0.531,3940557.2
1742544000,0.53,0.534,0.518,0.519,4979199.4
1742572800,0.52,0.521,0.51,0.514,2594230.1
1742601600,0.514,0.534,0.513,0.531,2612848.7
1742630400,0.531,0.533,0.519,0.525,4487095.0
1742659200,0.525,0.537,0.52,0.522,2396339.9
1742688000,0.522,0.537,0.521,0.536,2107855.6
1742716800,0.536,0.539,0.517,0.52,3291307.4
1742745600,0.52,0.521,0.509,0.519,3299609.1
1742774400,0.518,0.545,0.512,0.54,4967539.3
1742803200,0.541,0.549,0.536,0.542,4431045.1
1742832000,0.542,0.546,0.536,0.543,5164654.2
1742860800,0.542,0.547,0.532,0.545,6532972.8
1742889600,0.544,0.551,0.538,0.539,4770056.5
1742918400,0.539,0.55,0.537,0.545,3635712.5
1742947200,0.545,0.559,0.538,0.557,4145867.6
1742976000,0.556,0.559,0.529,0.534,6194207.3
1743004800,0.534,0.542,0.523,0.526,3798409.6
1743033600,0.526,0.547,0.526,0.54,3127457.6
1743062400,0.54,0.542,0.517,0.528,4653562.7
1743091200,0.528,0.53,0.515,0.519,4641507.4
1743120000,0.518,0.52,0.473,0.475,12829021.5
1743148800,0.474,0.478,0.463,0.466,9908349.7
1743177600,0.466,0.469,0.454,0.467,6482690.1
1743206400,0.467,0.472,0.445,0.448,5962686.0
1743235200,0.448,0.455,0.441,0.448,7263398.3
1743264000,0.447,0.449,0.432,0.444,7309182.7
1743292800,0.444,0.457,0.44,0.452,3732581.0
1743321600,0.451,0.456,0.442,0.444,3860545.2
1743350400,0.445,0.456,0.437,0.443,4607145.1
1743379200,0.443,0.451,0.434,0.44,5894791.3
1743408000,0.441,0.452,0.428,0.449,6386166.8
1743436800,0.449,0.454,0.442,0.449,4131340.1
1743465600,0.449,0.457,0.444,0.455,3262649.6
1743494400,0.454,0.462,0.441,0.457,5551092.4
1743523200,0.457,0.458,0.437,0.446,3076380.6
1743552000,0.445,0.446,0.416,0.421,6067414.8
1743580800,0.421,0.442,0.419,0.439,6376535.2
1743609600,0.44,0.447,0.395,0.401,9740219.7
1743638400,0.401,0.414,0.396,0.399,4426411.2
1743667200,0.398,0.401,0.379,0.395,8285803.7
1743696000,0.396,0.408,0.395,0.405,3388540.0
1743724800,0.405,0.414,0.4,0.412,4212019.9
1743753600,0.411,0.416,0.394,0.407,9754468.7
1743782400,0.407,0.415,0.402,0.41,4497011.6
1743811200,0.41,0.413,0.405,0.409,1677221.6
1743840000,0.409,0.411,0.395,0.398,2706265.2
1743868800,0.398,0.402,0.394,0.4,1999143.1
1743897600,0.4,0.407,0.398,0.402,1997999.7
1743926400,0.402,0.403,0.382,0.39,3535948.1
1743955200,0.389,0.391,0.345,0.357,15421951.2
1743984000,0.358,0.369,0.318,0.336,17747633.6
1744012800,0.336,0.386,0.331,0.363,22039112.8
1744041600,0.364,0.373,0.359,0.365,6678462.8
1744070400,0.366,0.381,0.362,0.363,5347311.9
1744099200,0.364,0.375,0.36,0.365,8033020.0
1744128000,0.364,0.366,0.347,0.35,8397478.1
1744156800,0.349,0.366,0.336,0.362,8015099.1
1744185600,0.362,0.37,0.354,0.367,6809432.1
1744214400,0.367,0.399,0.366,0.393,7621638.0
1744243200,0.394,0.395,0.38,0.385,3510515.4
1744272000,0.384,0.393,0.369,0.372,6070197.5
1744300800,0.372,0.386,0.368,0.382,4969207.1
1744329600,0.383,0.394,0.382,0.391,3962972.7
1744358400,0.391,0.397,0.387,0.397,5777684.0
1744387200,0.396,0.405,0.394,0.397,4730590.4
1744416000,0.397,0.408,0.395,0.404,3621830.8
1744444800,0.404,0.419,0.404,0.418,5681497.9
1744473600,0.417,0.419,0.411,0.417,4679688.9
1744502400,0.417,0.417,0.405,0.408,2423814.9
1744531200,0.407,0.409,0.396,0.4,3180897.2
1744560000,0.4,0.413,0.38,0.387,7678146.7
1744588800,0.386,0.401,0.385,0.39,5440652.9
1744617600,0.391,0.511,0.387,0.497,65802722.3
1744646400,0.496,0.523,0.431,0.456,114243063.5
1744675200,0.456,0.464,0.436,0.445,38193910.6
1744704000,0.444,0.454,0.427,0.429,30293613.0
1744732800,0.43,0.434,0.422,0.423,14698800.1
1744761600,0.424,0.434,0.405,0.407,15659862.2
1744790400,0.407,0.413,0.397,0.405,11727071.0
1744819200,0.405,0.414,0.394,0.403,11857905.1
1744848000,0.402,0.409,0.395,0.407,6470630.4
1744876800,0.406,0.409,0.387,0.391,12574920.2
1744905600,0.391,0.397,0.375,0.38,12007302.9
1744934400,0.38,0.384,0.371,0.382,9661732.6
1744963200,0.383,0.387,0.376,0.38,7563204.6
1744992000,0.38,0.385,0.378,0.381,3806191.7
1745020800,0.382,0.411,0.381,0.404,12512312.5
1745049600,0.404,0.406,0.393,0.404,6983075.4
1745078400,0.404,0.426,0.401,0.41,16093734.9
1745107200,0.411,0.426,0.405,0.419,11161873.9
1745136000,0.42,0.425,0.405,0.417,11045651.1
1745164800,0.417,0.452,0.413,0.42,17320992.5
1745193600,0.421,0.438,0.418,0.435,9545826.9
1745222400,0.434,0.492,0.426,0.454,23994779.9
1745251200,0.455,0.471,0.433,0.438,13761829.4
1745280000,0.438,0.446,0.421,0.436,8015781.2
1745308800,0.436,0.45,0.427,0.444,6464592.4
1745337600,0.444,0.459,0.441,0.458,4013416.0
1745366400,0.457,0.466,0.453,0.462,4174909.7
1745395200,0.461,0.467,0.445,0.453,6531684.1
1745424000,0.452,0.462,0.446,0.455,2962255.0
1745452800,0.455,0.46,0.442,0.445,3772254.5
1745481600,0.445,0.466,0.437,0.461,5007875.5
1745510400,0.461,0.466,0.451,0.465,3203525.4
1745539200,0.464,0.479,0.46,0.479,3229660.7
1745568000,0.479,0.48,0.465,0.47,4621688.7
1745596800,0.47,0.481,0.463,0.475,2982624.1
1745625600,0.475,0.495,0.475,0.489,3716266.9
1745654400,0.49,0.493,0.469,0.482,4182530.0
1745683200,0.481,0.481,0.472,0.481,1850470.6
1745712000,0.48,0.483,0.452,0.458,4568849.6
1745740800,0.459,0.464,0.449,0.453,3330300.0
1745769600,0.452,0.456,0.445,0.446,2239887.5
1745798400,0.446,0.477,0.436,0.475,3968906.5
1745827200,0.476,0.484,0.453,0.457,5804505.8
1745856000,0.457,0.484,0.453,0.48,2841981.2
1745884800,0.481,0.517,0.479,0.51,6988888.6
1745913600,0.51,0.512,0.484,0.489,4329078.1
1745942400,0.488,0.489,0.458,0.466,3520421.7
1745971200,0.466,0.477,0.46,0.469,2311594.8
1746000000,0.469,0.486,0.454,0.469,4100786.3
1746028800,0.469,0.481,0.466,0.476,2246888.0
1746057600,0.475,0.498,0.475,0.49,3416410.3
1746086400,0.491,0.503,0.483,0.487,2939975.5
1746115200,0.488,0.492,0.477,0.479,1803149.4
1746144000,0.48,0.49,0.476,0.478,1764728.0
1746172800,0.478,0.486,0.47,0.481,2348568.3
1746201600,0.48,0.486,0.475,0.477,1040268.3
1746230400,0.477,0.481,0.467,0.469,1740083.1
1746259200,0.468,0.471,0.44,0.444,5491602.6
1746288000,0.443,0.445,0.423,0.429,4256642.0
1746316800,0.428,0.434,0.419,0.424,2607860.8
1746345600,0.424,0.428,0.417,0.421,2013011.6
1746374400,0.421,0.423,0.408,0.418,2533168.6
1746403200,0.418,0.428,0.412,0.423,2561724.7
1746432000,0.423,0.424,0.4,0.403,4522204.1
1746460800,0.402,0.411,0.395,0.4,2526738.5
1746489600,0.4,0.413,0.397,0.405,2827016.1
1746518400,0.406,0.406,0.39,0.393,3166031.2
1746547200,0.393,0.405,0.381,0.404,2832053.7
1746576000,0.403,0.412,0.398,0.406,2897128.1
1746604800,0.406,0.416,0.394,0.396,8741607.9
1746633600,0.395,0.404,0.39,0.401,2992596.0
1746662400,0.401,0.433,0.4,0.432,3647188.2
1746691200,0.433,0.444,0.427,0.44,3269292.4
1746720000,0.44,0.468,0.439,0.462,3503743.4
1746748800,0.462,0.495,0.46,0.489,4564403.8
1746777600,0.489,0.501,0.479,0.497,6200449.2
1746806400,0.497,0.514,0.492,0.513,3516591.2
1746835200,0.513,0.543,0.511,0.526,4885981.0
1746864000,0.526,0.531,0.512,0.519,4242740.2
1746892800,0.519,0.56,0.516,0.553,3810597.9
1746921600,0.552,0.559,0.524,0.531,5449755.6
1746950400,0.531,0.548,0.527,0.539,3451549.3
1746979200,0.539,0.548,0.53,0.543,2692389.5
1747008000,0.542,0.57,0.532,0.558,4837383.4
1747036800,0.558,0.572,0.534,0.542,6368204.2
1747065600,0.542,0.56,0.517,0.549,5398663.3
1747094400,0.55,0.562,0.518,0.544,6760888.3
1747123200,0.544,0.585,0.544,0.57,11380911.8
1747152000,0.571,0.581,0.563,0.574,4061260.8
1747180800,0.574,0.591,0.561,0.564,6133863.0
1747209600,0.564,0.566,0.541,0.548,4915053.6
1747238400,0.548,0.55,0.536,0.543,2052279.4
1747267200,0.544,0.553,0.506,0.509,7872983.2
1747296000,0.509,0.53,0.502,0.53,8289120.5
1747324800,0.53,0.543,0.506,0.52,4205801.2
1747353600,0.52,0.534,0.514,0.529,2834952.8
1747382400,0.529,0.535,0.515,0.527,4023163.0
1747411200,0.526,0.53,0.493,0.501,3651818.9
1747440000,0.501,0.504,0.477,0.482,4027364.4
1747468800,0.482,0.489,0.471,0.481,4679683.1
1747497600,0.481,0.486,0.472,0.479,2206078.9
1747526400,0.479,0.495,0.478,0.494,2697589.6
1747555200,0.494,0.516,0.487,0.513,3044381.7
1747584000,0.512,0.521,0.465,0.5,9124862.9
1747612800,0.501,0.503,0.456,0.465,6129470.8
1747641600,0.465,0.475,0.452,0.473,3553357.7
1747670400,0.473,0.489,0.468,0.482,3301734.5
1747699200,0.482,0.497,0.477,0.484,5179761.3
1747728000,0.484,0.488,0.473,0.479,3674361.5
1747756800,0.479,0.492,0.465,0.488,3967729.9
1747785600,0.489,0.504,0.478,0.493,6107434.9
1747814400,0.492,0.5,0.482,0.497,3538636.3
1747843200,0.497,0.512,0.474,0.5,4758832.6
1747872000,0.5,0.521,0.499,0.519,3445990.7
1747900800,0.519,0.529,0.512,0.524,4324364.6
1747929600,0.524,0.532,0.522,0.531,2923761.3
1747958400,0.531,0.542,0.517,0.519,4876538.6
1747987200,0.519,0.534,0.48,0.497,7333170.0
1748016000,0.497,0.502,0.472,0.475,3411825.1
1748044800,0.475,0.485,0.471,0.476,3691112.6
1748073600,0.477,0.492,0.473,0.482,4859792.6
1748102400,0.482,0.486,0.468,0.473,3007790.5
1748131200,0.473,0.474,0.449,0.454,4951581.5
1748160000,0.454,0.455,0.437,0.447,4636030.9
1748188800,0.446,0.465,0.439,0.463,3022116.6
1748217600,0.463,0.472,0.459,0.469,2954251.1
1748246400,0.469,0.471,0.458,0.468,6513491.9
1748275200,0.467,0.47,0.454,0.461,6229156.2
1748304000,0.461,0.472,0.45,0.47,4651320.4
1748332800,0.469,0.484,0.468,0.477,4788155.1
1748361600,0.477,0.487,0.475,0.48,3264535.9
1748390400,0.48,0.485,0.473,0.475,4606958.4
1748419200,0.475,0.492,0.468,0.475,9143626.2
1748448000,0.475,0.484,0.461,0.481,5936038.6
1748476800,0.481,0.495,0.475,0.478,4939635.2
1748505600,0.478,0.482,0.465,0.471,6027392.8
1748534400,0.471,0.475,0.457,0.461,4346510.0
1748563200,0.46,0.463,0.419,0.431,8696807.0
1748592000,0.431,0.438,0.425,0.425,6859089.7
1748620800,0.425,0.427,0.387,0.391,9760121.8
1748649600,0.392,0.402,0.377,0.399,8042717.7
1748678400,0.399,0.401,0.388,0.395,9822072.7
1748707200,0.394,0.41,0.392,0.401,6205174.4
1748736000,0.4,0.408,0.396,0.399,11633208.2
1748764800,0.398,0.406,0.388,0.405,7205742.9
1748793600,0.404,0.411,0.398,0.407,4377045.5
1748822400,0.407,0.41,0.396,0.401,3481604.6
1748851200,0.401,0.408,0.392,0.406,5704395.1
1748880000,0.406,0.42,0.398,0.417,5628272.7
1748908800,0.417,0.424,0.413,0.42,4477818.5
1748937600,0.42,0.432,0.417,0.426,7893774.3
1748966400,0.427,0.432,0.418,0.421,5646325.5
1748995200,0.421,0.435,0.42,0.43,6259027.5
1749024000,0.431,0.433,0.416,0.425,4853948.0
1749052800,0.425,0.425,0.408,0.411,3524864.0
1749081600,0.41,0.421,0.406,0.415,4901967.9
1749110400,0.414,0.421,0.408,0.417,4526152.8
1749139200,0.416,0.417,0.38,0.388,8978455.0
1749168000,0.387,0.397,0.385,0.395,6801003.3
1749196800,0.394,0.414,0.393,0.41,7902841.0
1749225600,0.411,0.413,0.396,0.403,6816213.0
1749254400,0.403,0.429,0.402,0.425,5998052.4
1749283200,0.426,0.441,0.417,0.419,19892955.8
1749312000,0.419,0.42,0.413,0.416,4185616.2
1749340800,0.416,0.417,0.408,0.41,3677224.7
1749369600,0.41,0.42,0.407,0.415,5176946.7
1749398400,0.414,0.423,0.414,0.417,2988177.6
1749427200,0.418,0.42,0.406,0.411,3002616.1
1749456000,0.411,0.425,0.41,0.421,3652347.5
1749484800,0.422,0.446,0.421,0.445,2994498.0
1749513600,0.445,0.449,0.438,0.446,4333987.3
1749542400,0.446,0.472,0.443,0.462,7032361.7
1749571200,0.463,0.479,0.461,0.474,3150842.5
1749600000,0.475,0.476,0.464,0.467,3636137.7
1749628800,0.468,0.473,0.455,0.469,13553180.2
1749657600,0.47,0.471,0.449,0.455,5695970.5
1749686400,0.455,0.456,0.441,0.443,4271002.3
1749715200,0.443,0.449,0.435,0.437,4367180.2
1749744000,0.437,0.449,0.422,0.422,3911902.0
1749772800,0.422,0.423,0.393,0.399,8707829.4
1749801600,0.4,0.404,0.392,0.401,4330667.9
1749830400,0.401,0.407,0.397,0.403,4069369.0
1749859200,0.403,0.404,0.397,0.401,3291854.7
1749888000,0.401,0.401,0.39,0.393,4362566.6
1749916800,0.393,0.396,0.383,0.396,5489405.4
1749945600,0.395,0.399,0.391,0.393,1776538.8
1749974400,0.392,0.399,0.39,0.394,2740628.8
1750003200,0.395,0.397,0.384,0.395,2874774.9
1750032000,0.395,0.406,0.39,0.404,2856906.5
1750060800,0.404,0.412,0.401,0.406,3382070.8
1750089600,0.407,0.412,0.393,0.394,4116111.2
1750118400,0.395,0.404,0.385,0.39,9052505.4
1750147200,0.39,0.391,0.378,0.381,3539820.1
1750176000,0.381,0.39,0.373,0.383,4780224.2
1750204800,0.383,0.39,0.379,0.384,3753683.4
1750233600,0.384,0.387,0.366,0.377,8788449.0
1750262400,0.377,0.384,0.37,0.382,6570699.6
1750291200,0.382,0.388,0.379,0.38,2500535.7
1750320000,0.381,0.386,0.375,0.376,2406193.1
1750348800,0.376,0.383,0.371,0.381,3093905.2
1750377600,0.381,0.388,0.374,0.387,3301866.8
1750406400,0.387,0.391,0.375,0.377,7453307.5
1750435200,0.377,0.378,0.358,0.369,8907573.9
1750464000,0.37,0.376,0.367,0.373,2678552.3
1750492800,0.373,0.376,0.356,0.359,6348204.1
1750521600,0.358,0.362,0.333,0.345,10337676.1
1750550400,0.345,0.348,0.335,0.338,9955315.4
1750579200,0.338,0.34,0.322,0.325,14041047.3
1750608000,0.326,0.33,0.309,0.325,10032031.8
1750636800,0.326,0.334,0.324,0.331,6140060.3
1750665600,0.331,0.342,0.326,0.333,9150380.1
1750694400,0.333,0.368,0.324,0.367,12859908.4
1750723200,0.366,0.375,0.365,0.368,4445307.2
1750752000,0.368,0.373,0.363,0.366,7886560.6
1750780800,0.367,0.376,0.366,0.375,6292273.9
1750809600,0.376,0.378,0.371,0.374,4719728.2
1750838400,0.374,0.378,0.367,0.367,7198261.1
1750867200,0.367,0.373,0.362,0.363,5501691.8
1750896000,0.364,0.375,0.362,0.37,4626517.7
1750924800,0.37,0.372,0.353,0.358,6127608.1
1750953600,0.358,0.366,0.354,0.358,4944383.9
1750982400,0.358,0.366,0.352,0.358,3346300.4
1751011200,0.358,0.365,0.356,0.363,4369062.5
1751040000,0.363,0.368,0.354,0.364,3237770.5
1751068800,0.364,0.366,0.358,0.364,2468155.3
1751097600,0.364,0.365,0.359,0.365,2066678.9
1751126400,0.365,0.373,0.362,0.371,2428447.1
1751155200,0.371,0.373,0.367,0.372,1691175.4
1751184000,0.372,0.38,0.367,0.367,3365872.8
1751212800,0.368,0.396,0.367,0.392,4234993.0
1751241600,0.393,0.396,0.381,0.387,3851355.1
1751270400,0.387,0.388,0.374,0.381,3627827.3
1751299200,0.38,0.387,0.378,0.385,2688468.8
1751328000,0.385,0.386,0.369,0.374,2855597.5
1751356800,0.374,0.376,0.367,0.37,4046167.2
1751385600,0.371,0.374,0.361,0.363,3269303.2
1751414400,0.364,0.374,0.361,0.371,4174830.9
1751443200,0.37,0.386,0.369,0.384,4687193.3
1751472000,0.384,0.417,0.384,0.41,7927634.4
1751500800,0.41,0.425,0.406,0.415,5584126.1
1751529600,0.415,0.417,0.397,0.399,5948384.6
1751558400,0.399,0.408,0.398,0.406,2536122.2
1751587200,0.406,0.407,0.388,0.389,3412117.7
1751616000,0.389,0.399,0.381,0.382,5680601.9
1751644800,0.383,0.394,0.379,0.39,6158007.4
1751673600,0.39,0.397,0.387,0.389,2484443.3
1751702400,0.39,0.391,0.372,0.373,4484824.2
1751731200,0.373,0.376,0.366,0.371,3641130.8
1751760000,0.371,0.374,0.366,0.372,1788908.3
1751788800,0.371,0.383,0.37,0.381,2977694.7
1751817600,0.38,0.389,0.377,0.384,2670604.1
1751846400,0.383,0.389,0.378,0.386,1938825.6
1751875200,0.385,0.387,0.38,0.385,2857538.9
1751904000,0.385,0.388,0.378,0.383,2707854.2
1751932800,0.383,0.383,0.37,0.374,3027771.7
1751961600,0.374,0.386,0.373,0.381,2591964.4
1751990400,0.381,0.395,0.381,0.391,3251477.1
1752019200,0.391,0.437,0.386,0.435,9525816.3
1752048000,0.435,0.485,0.417,0.431,80368636.9
1752076800,0.432,0.432,0.41,0.42,21513486.4
1752105600,0.42,0.425,0.409,0.421,12178520.1
1752134400,0.421,0.431,0.416,0.421,12070619.4
1752163200,0.421,0.451,0.42,0.447,11216111.2
1752192000,0.448,0.461,0.438,0.449,7469862.4
1752220800,0.448,0.468,0.448,0.454,7212527.6
1752249600,0.455,0.479,0.443,0.451,8706836.7
1752278400,0.451,0.465,0.44,0.457,7299600.0
1752307200,0.457,0.46,0.427,0.432,8054975.2
1752336000,0.432,0.448,0.431,0.446,4162090.9
1752364800,0.445,0.454,0.439,0.451,3889080.4
1752393600,0.45,0.469,0.445,0.462,5043812.7
1752422400,0.463,0.47,0.451,0.459,5796294.1
1752451200,0.459,0.477,0.455,0.467,7744285.9
1752480000,0.466,0.469,0.447,0.45,6964003.1
1752508800,0.45,0.456,0.435,0.445,6299260.7
1752537600,0.444,0.448,0.424,0.435,6730291.7
1752566400,0.435,0.45,0.432,0.449,5967049.7
1752595200,0.449,0.472,0.448,0.468,4976117.0
1752624000,0.469,0.484,0.459,0.468,10088529.2
1752652800,0.468,0.474,0.459,0.467,7108848.9
1752681600,0.466,0.492,0.466,0.477,9913904.6
1752710400,0.477,0.483,0.461,0.476,7332045.3
1752739200,0.477,0.482,0.466,0.473,5879613.7
1752768000,0.472,0.482,0.455,0.476,5794856.6
1752796800,0.476,0.501,0.473,0.488,5881634.7
1752825600,0.489,0.501,0.474,0.481,7901907.7
1752854400,0.481,0.487,0.465,0.477,5456481.0
1752883200,0.477,0.49,0.464,0.479,4670611.3
1752912000,0.478,0.48,0.459,0.464,3824699.4
1752940800,0.464,0.485,0.462,0.481,3365016.0
1752969600,0.481,0.498,0.476,0.492,4409488.1
1752998400,0.491,0.5,0.486,0.5,4699873.7
1753027200,0.5,0.503,0.48,0.495,7846991.7
1753056000,0.495,0.504,0.485,0.498,4205453.0
1753084800,0.499,0.507,0.487,0.497,5304533.4
1753113600,0.498,0.501,0.478,0.49,4596689.6
1753142400,0.49,0.496,0.459,0.464,6717900.6
1753171200,0.465,0.471,0.451,0.469,7134896.0
1753200000,0.468,0.482,0.46,0.479,5674126.7
1753228800,0.479,0.481,0.467,0.472,5200926.6
1753257600,0.473,0.478,0.439,0.449,12184284.8
1753286400,0.449,0.449,0.403,0.418,12839249.3
1753315200,0.418,0.425,0.385,0.401,9769062.8
1753344000,0.401,0.425,0.397,0.417,8740639.3
1753372800,0.418,0.42,0.404,0.405,6874304.9
1753401600,0.405,0.409,0.392,0.404,7946366.7
1753430400,0.403,0.413,0.393,0.4,7950871.9
1753459200,0.4,0.415,0.397,0.411,3277287.4
1753488000,0.412,0.418,0.41,0.412,2820382.0
1753516800,0.411,0.422,0.41,0.419,3827782.2
1753545600,0.419,0.423,0.411,0.411,3156949.3
1753574400,0.412,0.424,0.41,0.419,2619040.4
1753603200,0.418,0.425,0.414,0.422,3765194.8
1753632000,0.422,0.443,0.422,0.441,4481530.0
1753660800,0.44,0.45,0.436,0.442,4809711.6
1753689600,0.442,0.446,0.417,0.421,6836609.3
1753718400,0.421,0.424,0.401,0.407,7672622.3
1753747200,0.408,0.425,0.397,0.424,9570177.4
1753776000,0.425,0.425,0.401,0.404,9050351.2
1753804800,0.405,0.41,0.395,0.405,7725904.9
1753833600,0.405,0.408,0.395,0.4,4389705.8
1753862400,0.399,0.404,0.382,0.397,6548137.7
1753891200,0.397,0.405,0.379,0.402,5808223.0
1753920000,0.403,0.414,0.4,0.405,3881638.9
1753948800,0.405,0.408,0.383,0.387,6346836.6
1753977600,0.387,0.398,0.371,0.375,7512641.9
1754006400,0.375,0.378,0.364,0.373,7793734.2
1754035200,0.373,0.381,0.365,0.376,9340022.5
1754064000,0.376,0.379,0.351,0.364,10951207.3
1754092800,0.365,0.37,0.355,0.365,6158903.6
1754121600,0.365,0.366,0.352,0.352,9863979.0
1754150400,0.352,0.359,0.346,0.357,10766602.4
1754179200,0.356,0.364,0.35,0.361,4461600.3
1754208000,0.362,0.367,0.36,0.364,3652340.8
1754236800,0.363,0.369,0.36,0.366,3491125.3
1754265600,0.365,0.375,0.364,0.374,5333461.3
1754294400,0.373,0.382,0.37,0.381,7093784.6
1754323200,0.38,0.403,0.379,0.388,9896817.0
1754352000,0.388,0.438,0.386,0.401,43928783.5
1754380800,0.401,0.424,0.396,0.404,23902325.1
1754409600,0.405,0.406,0.378,0.387,12874493.5
1754438400,0.387,0.39,0.371,0.39,10624000.7
1754467200,0.39,0.399,0.382,0.395,12012559.1
1754496000,0.394,0.397,0.382,0.383,5160563.2
1754524800,0.383,0.387,0.376,0.384,7047019.2
1754553600,0.383,0.4,0.382,0.397,9179191.4
1754582400,0.396,0.402,0.385,0.4,8034344.2
1754611200,0.401,0.406,0.394,0.401,10499524.8
1754640000,0.401,0.411,0.396,0.399,10220552.3
1754668800,0.399,0.415,0.398,0.408,5187193.7
1754697600,0.408,0.42,0.406,0.42,5629934.1
1754726400,0.419,0.427,0.416,0.421,6923148.2
1754755200,0.421,0.429,0.417,0.422,4330740.4
1754784000,0.422,0.431,0.41,0.412,6264624.1
1754812800,0.413,0.417,0.405,0.413,8479065.4
1754841600,0.414,0.423,0.412,0.422,5161441.5
1754870400,0.422,0.431,0.411,0.413,6136747.5
1754899200,0.412,0.418,0.393,0.406,11556900.2
1754928000,0.407,0.414,0.386,0.394,7966809.4
1754956800,0.394,0.402,0.388,0.399,3933787.5
1754985600,0.398,0.411,0.386,0.411,7899885.0
1755014400,0.411,0.421,0.409,0.415,6317861.3
1755043200,0.414,0.42,0.41,0.416,6268910.0
1755072000,0.416,0.432,0.415,0.426,12495693.1
1755100800,0.427,0.432,0.42,0.429,5135004.1
1755129600,0.428,0.435,0.418,0.419,6377708.0
1755158400,0.42,0.422,0.371,0.392,14502867.7
1755187200,0.393,0.393,0.376,0.382,7149035.5
1755216000,0.383,0.393,0.381,0.39,5802053.5
1755244800,0.389,0.392,0.37,0.374,10882376.0
1755273600,0.373,0.383,0.369,0.381,6440458.2
1755302400,0.381,0.389,0.38,0.387,4447657.7
1755331200,0.388,0.404,0.384,0.399,7054133.6
1755360000,0.399,0.403,0.394,0.401,3746485.4
1755388800,0.401,0.406,0.397,0.401,3546330.8
1755417600,0.401,0.41,0.4,0.41,3572223.7
1755446400,0.41,0.414,0.396,0.4,5776975.4
1755475200,0.401,0.402,0.381,0.383,9686879.4
1755504000,0.382,0.387,0.375,0.38,8523924.3
1755532800,0.38,0.382,0.372,0.374,6511817.2
1755561600,0.374,0.38,0.362,0.365,9399671.0
1755590400,0.366,0.385,0.364,0.371,9464984.7
1755619200,0.371,0.372,0.361,0.362,8228773.3
1755648000,0.362,0.378,0.36,0.372,5090407.6
1755676800,0.373,0.385,0.365,0.378,7495219.8
1755705600,0.379,0.391,0.376,0.389,5466454.9
1755734400,0.389,0.395,0.384,0.386,5959920.3
1755763200,0.386,0.388,0.372,0.373,7787340.3
1755792000,0.373,0.379,0.37,0.375,5692077.7
1755820800,0.375,0.381,0.372,0.379,8905669.7
1755849600,0.379,0.397,0.358,0.393,20360477.7
1755878400,0.394,0.421,0.393,0.414,9029835.2
1755907200,0.415,0.419,0.401,0.413,5424665.3
1755936000,0.412,0.416,0.405,0.41,6197035.4
1755964800,0.41,0.418,0.407,0.414,2649995.4
1755993600,0.414,0.415,0.396,0.397,6667952.8
1756022400,0.397,0.401,0.388,0.393,9086450.1
1756051200,0.393,0.42,0.391,0.404,14067969.9
1756080000,0.404,0.411,0.382,0.383,8013553.2
1756108800,0.384,0.386,0.374,0.375,11420550.2
1756137600,0.376,0.38,0.349,0.359,15669560.1
1756166400,0.359,0.366,0.353,0.363,8107824.6
1756195200,0.363,0.373,0.355,0.364,12460433.3
1756224000,0.363,0.372,0.361,0.368,5759307.9
1756252800,0.368,0.373,0.362,0.363,5720336.5
1756281600,0.364,0.374,0.362,0.372,8264698.9
1756310400,0.372,0.373,0.359,0.364,9712092.6
1756339200,0.365,0.38,0.361,0.379,6576590.0
1756368000,0.379,0.384,0.374,0.376,5307527.5
1756396800,0.376,0.38,0.366,0.38,4217647.1
1756425600,0.38,0.38,0.361,0.362,7565894.6
1756454400,0.362,0.368,0.35,0.356,13417610.1
1756483200,0.356,0.363,0.348,0.361,9291327.3
1756512000,0.36,0.369,0.353,0.367,4989196.8
1756540800,0.367,0.37,0.361,0.369,5629960.9
1756569600,0.369,0.37,0.362,0.368,2964605.2
1756598400,0.368,0.398,0.367,0.378,13805502.1
1756627200,0.378,0.385,0.368,0.373,8576951.7
1756656000,0.373,0.381,0.364,0.364,7403543.1
1756684800,0.365,0.373,0.354,0.372,15100291.1
1756713600,0.373,0.376,0.357,0.358,10900061.0
1756742400,0.357,0.36,0.344,0.355,12926929.9
1756771200,0.355,0.365,0.353,0.359,5172635.2
1756800000,0.36,0.365,0.349,0.353,7707352.7
1756828800,0.354,0.366,0.352,0.363,4985826.2
1756857600,0.363,0.365,0.356,0.358,6013040.0
1756886400,0.358,0.368,0.355,0.366,9080519.4
1756915200,0.365,0.369,0.361,0.363,3820673.0
1756944000,0.362,0.367,0.347,0.35,5362417.6
1756972800,0.35,0.354,0.345,0.346,6170051.7
1757001600,0.346,0.354,0.341,0.351,5477175.4
1757030400,0.35,0.361,0.349,0.361,4888999.7
1757059200,0.361,0.366,0.351,0.355,11284089.8
1757088000,0.354,0.361,0.351,0.358,4641972.5
1757116800,0.359,0.363,0.353,0.355,3146594.5
1757145600,0.355,0.358,0.35,0.355,5139717.8
1757174400,0.355,0.361,0.353,0.359,4710217.0
1757203200,0.358,0.366,0.358,0.361,3181467.8
1757232000,0.362,0.366,0.358,0.365,2932581.8
1757260800,0.364,0.366,0.355,0.364,3265771.7
1757289600,0.364,0.371,0.361,0.365,5917816.5
1757318400,0.366,0.375,0.364,0.374,6330125.2
1757347200,0.374,0.376,0.366,0.37,3736205.3
1757376000,0.371,0.383,0.364,0.382,6657992.8
1757404800,0.381,0.383,0.361,0.362,7499001.1
1757433600,0.362,0.368,0.361,0.367,4843729.7
1757462400,0.367,0.375,0.363,0.371,5060999.7
1757491200,0.371,0.395,0.37,0.382,14431651.3
1757520000,0.383,0.384,0.369,0.38,7001568.4
1757548800,0.381,0.404,0.376,0.394,13443086.8
1757577600,0.394,0.394,0.367,0.373,13215129.2
1757606400,0.374,0.38,0.373,0.379,4986303.6
1757635200,0.38,0.395,0.377,0.385,9309366.1
1757664000,0.385,0.386,0.375,0.384,7041682.1
1757692800,0.384,0.394,0.382,0.392,5190175.4
1757721600,0.392,0.411,0.389,0.406,7194082.5
1757750400,0.405,0.41,0.395,0.402,14156384.8
1757779200,0.402,0.423,0.399,0.408,12273261.9
1757808000,0.408,0.408,0.39,0.397,7110531.9
1757836800,0.396,0.398,0.376,0.379,9141042.7
1757865600,0.379,0.39,0.378,0.381,5307022.4
1757894400,0.381,0.392,0.372,0.374,6776174.3
1757923200,0.374,0.374,0.35,0.355,11819676.4
1757952000,0.355,0.361,0.349,0.36,4459985.7
1757980800,0.36,0.361,0.35,0.359,4545335.8
1758009600,0.359,0.367,0.356,0.366,6128051.8
1758038400,0.366,0.369,0.363,0.365,4634514.4
1758067200,0.366,0.37,0.358,0.365,4646425.9
1758096000,0.365,0.365,0.356,0.358,5463546.7
1758124800,0.358,0.384,0.354,0.38,8793043.8
1758153600,0.38,0.383,0.374,0.375,4887686.3
1758182400,0.375,0.385,0.375,0.381,5278286.1
1758211200,0.381,0.385,0.378,0.383,4191856.7
1758240000,0.383,0.387,0.371,0.375,6519175.0
1758268800,0.375,0.378,0.358,0.361,8058624.9
1758297600,0.36,0.363,0.351,0.355,5533283.0
1758326400,0.355,0.365,0.352,0.364,5811490.9
1758355200,0.364,0.366,0.354,0.362,5567858.0
1758384000,0.362,0.365,0.358,0.362,3090517.1
1758412800,0.362,0.371,0.359,0.368,4617279.7
1758441600,0.368,0.368,0.355,0.357,6975880.1
1758470400,0.358,0.362,0.354,0.356,3721316.7
1758499200,0.356,0.357,0.301,0.322,17212270.0
1758528000,0.322,0.324,0.317,0.318,9798842.3
1758556800,0.318,0.325,0.315,0.324,8859236.0
1758585600,0.323,0.326,0.312,0.322,9410996.6
1758614400,0.322,0.325,0.317,0.323,6869037.0
1758643200,0.323,0.327,0.316,0.319,4417673.8
1758672000,0.319,0.325,0.311,0.322,6201880.1
1758700800,0.322,0.329,0.32,0.324,4610816.7
1758729600,0.324,0.328,0.319,0.32,2760073.1
1758758400,0.321,0.322,0.307,0.31,6850851.9
1758787200,0.309,0.315,0.302,0.309,6934562.5
1758816000,0.309,0.31,0.291,0.298,13806864.1
1758844800,0.298,0.306,0.298,0.303,7446433.7
1758873600,0.302,0.306,0.291,0.296,12690148.7
1758902400,0.296,0.306,0.295,0.304,5560303.5
1758931200,0.304,0.306,0.3,0.302,3348361.5
1758960000,0.301,0.308,0.297,0.308,4423082.6
1758988800,0.307,0.312,0.303,0.307,4889288.7
1759017600,0.307,0.309,0.301,0.304,7332816.0
1759046400,0.304,0.323,0.3,0.313,14482630.9
1759075200,0.313,0.318,0.307,0.318,8596347.8
1759104000,0.317,0.318,0.309,0.31,5485388.8
1759132800,0.31,0.317,0.304,0.312,8458054.3
1759161600,0.313,0.321,0.307,0.313,5774615.3
1759190400,0.314,0.315,0.307,0.31,6456598.9
1759219200,0.31,0.311,0.299,0.301,7740993.8
1759248000,0.302,0.305,0.289,0.295,9688438.3
1759276800,0.294,0.295,0.283,0.288,13122940.7
1759305600,0.288,0.306,0.287,0.304,9828146.4
1759334400,0.304,0.312,0.301,0.308,6480830.9
1759363200,0.308,0.315,0.306,0.31,5842327.4
1759392000,0.31,0.316,0.302,0.308,8077842.6
1759420800,0.309,0.321,0.308,0.318,5344368.2
1759449600,0.318,0.321,0.312,0.316,5874282.4
1759478400,0.315,0.323,0.31,0.321,8608071.1
1759507200,0.322,0.327,0.314,0.319,6944966.7
1759536000,0.32,0.322,0.312,0.316,5061963.4
1759564800,0.315,0.316,0.303,0.304,5858127.1
1759593600,0.305,0.316,0.304,0.314,4199794.5
1759622400,0.313,0.335,0.312,0.33,11435707.6
1759651200,0.33,0.351,0.32,0.343,18359666.3
1759680000,0.343,0.343,0.324,0.335,16329525.8
1759708800,0.334,0.389,0.333,0.352,62645151.9
1759737600,0.353,0.363,0.345,0.357,17788061.0
1759766400,0.357,0.371,0.356,0.364,11126661.2
1759795200,0.363,0.371,0.353,0.354,11037204.8
1759824000,0.354,0.357,0.336,0.338,14291635.2
1759852800,0.338,0.345,0.331,0.334,8575045.3
1759881600,0.333,0.339,0.327,0.335,8953012.6
1759910400,0.335,0.349,0.334,0.346,8828691.0
1759939200,0.345,0.374,0.345,0.36,11230446.7
1759968000,0.359,0.396,0.348,0.38,25905613.6
1759996800,0.38,0.45,0.364,0.448,84297158.4
1760025600,0.447,0.667,0.44,0.491,612752304.6
1760054400,0.491,0.492,0.438,0.441,127959502.3
1760083200,0.441,0.482,0.422,0.428,104490364.3
1760112000,0.427,0.452,0.183,0.31,99954829.3
1760140800,0.31,0.319,0.297,0.306,43226269.1
1760169600,0.305,0.322,0.289,0.29,44710586.8
1760198400,0.29,0.294,0.264,0.276,42822451.8
1760227200,0.277,0.288,0.267,0.285,27890428.2
1760256000,0.284,0.306,0.276,0.303,28428229.6
1760284800,0.303,0.31,0.299,0.305,22648937.9
1760313600,0.306,0.318,0.3,0.316,17792907.0
1760342400,0.315,0.486,0.314,0.462,204546318.5
1760371200,0.463,0.471,0.386,0.442,99837446.5
1760400000,0.443,0.59,0.417,0.473,221815516.7
1760428800,0.473,0.475,0.427,0.44,113261141.3
1760457600,0.44,0.54,0.43,0.522,120809950.1
1760486400,0.522,0.534,0.466,0.478,68083362.5
1760515200,0.478,0.485,0.412,0.419,47712378.2
1760544000,0.418,0.424,0.4,0.414,29281053.8
1760572800,0.414,0.45,0.401,0.41,34157127.1
1760601600,0.41,0.416,0.371,0.377,36907888.4
1760630400,0.377,0.386,0.358,0.375,25997306.8
1760659200,0.375,0.383,0.347,0.35,24428443.8
1760688000,0.349,0.411,0.343,0.411,36254604.7
1760716800,0.41,0.415,0.375,0.376,39885453.1
1760745600,0.377,0.409,0.369,0.393,29295499.0
1760774400,0.393,0.398,0.372,0.375,19760933.0
1760803200,0.376,0.377,0.361,0.369,15533442.5
1760832000,0.368,0.375,0.357,0.362,12280277.8
1760860800,0.361,0.378,0.352,0.369,21800545.3
1760889600,0.37,0.4,0.365,0.373,20748327.3
1760918400,0.372,0.394,0.363,0.382,17831865.8
1760947200,0.383,0.387,0.36,0.36,18700261.7
1760976000,0.36,0.362,0.349,0.352,14484331.7
1761004800,0.353,0.354,0.335,0.336,14111499.1
1761033600,0.337,0.354,0.331,0.353,19124756.3
1761062400,0.352,0.354,0.319,0.321,21414518.1
1761091200,0.321,0.329,0.319,0.324,14324480.7
1761120000,0.323,0.332,0.319,0.325,15353513.4
1761148800,0.325,0.327,0.304,0.315,19154139.7
1761177600,0.315,0.32,0.31,0.318,12423848.5
1761206400,0.317,0.329,0.31,0.322,17513877.6
1761235200,0.322,0.33,0.317,0.325,10850072.0
1761264000,0.324,0.332,0.317,0.326,11717970.4
1761292800,0.327,0.332,0.314,0.316,14917448.7
1761321600,0.315,0.325,0.312,0.324,8362067.7
1761350400,0.323,0.367,0.315,0.365,23340187.4
1761379200,0.365,0.367,0.327,0.329,31571935.6
1761408000,0.33,0.347,0.324,0.342,18772147.0
1761436800,0.341,0.365,0.334,0.339,23419514.2
1761465600,0.338,0.346,0.336,0.34,12051262.7
1761494400,0.34,0.345,0.327,0.331,12097808.6
1761523200,0.332,0.345,0.331,0.335,17608548.8
1761552000,0.334,0.339,0.324,0.33,20747662.9
1761580800,0.329,0.335,0.315,0.318,12604658.4
1761609600,0.319,0.328,0.313,0.318,12367471.6
1761638400,0.318,0.32,0.304,0.309,14117109.6
1761667200,0.308,0.315,0.292,0.3,17233065.2
1761696000,0.299,0.307,0.293,0.296,15481011.8
1761724800,0.296,0.303,0.291,0.294,7807989.1
1761753600,0.294,0.303,0.277,0.298,9760498.5
1761782400,0.297,0.303,0.286,0.292,12911613.3
1761811200,0.292,0.293,0.27,0.271,14479777.0
1761840000,0.272,0.275,0.262,0.27,12865296.0
1761868800,0.271,0.278,0.269,0.273,8223871.5
1761897600,0.273,0.283,0.273,0.279,12269158.7
1761926400,0.28,0.283,0.27,0.28,11282027.0
1761955200,0.279,0.286,0.276,0.285,11365721.0
1761984000,0.286,0.287,0.277,0.282,16801494.9
1762012800,0.282,0.284,0.276,0.281,9219841.5
1762041600,0.282,0.285,0.278,0.284,9394258.0
1762070400,0.285,0.285,0.27,0.273,9038732.5
1762099200,0.273,0.281,0.267,0.279,8488988.3
1762128000,0.279,0.281,0.252,0.258,15110138.6
1762156800,0.258,0.263,0.225,0.239,22764325.9
1762185600,0.239,0.249,0.234,0.242,18324128.9
1762214400,0.243,0.248,0.235,0.24,15139159.0
1762243200,0.239,0.253,0.239,0.248,15543755.3
1762272000,0.247,0.276,0.228,0.247,51080447.2
1762300800,0.248,0.251,0.229,0.243,16090011.6
1762329600,0.242,0.246,0.235,0.245,12699330.3
1762358400,0.246,0.252,0.243,0.25,9768967.2
1762387200,0.251,0.251,0.241,0.242,10701125.4
1762416000,0.242,0.248,0.235,0.238,19263892.2
1762444800,0.237,0.249,0.234,0.248,13120373.3
1762473600,0.249,0.274,0.248,0.271,15807104.2
1762502400,0.271,0.271,0.25,0.267,22719555.4
1762531200,0.266,0.284,0.264,0.275,19864499.7
1762560000,0.274,0.28,0.265,0.269,13040215.6
1762588800,0.27,0.334,0.261,0.299,63134043.2
1762617600,0.298,0.359,0.282,0.321,108882316.5
1762646400,0.321,0.33,0.291,0.297,62298945.3
1762675200,0.297,0.327,0.29,0.305,69870894.0
1762704000,0.305,0.31,0.294,0.298,19101262.1
1762732800,0.298,0.309,0.295,0.305,14138138.6
1762761600,0.304,0.308,0.293,0.297,15152282.3
1762790400,0.297,0.304,0.294,0.3,9813232.4
1762819200,0.301,0.303,0.279,0.28,13291904.2
1762848000,0.281,0.286,0.278,0.282,9951949.9
1762876800,0.281,0.286,0.271,0.275,10201924.0
1762905600,0.275,0.282,0.272,0.278,6184431.1
1762934400,0.279,0.289,0.273,0.275,11808069.1
1762963200,0.275,0.276,0.261,0.268,14185641.1
1762992000,0.267,0.274,0.262,0.268,8711624.8
1763020800,0.268,0.273,0.264,0.266,7799879.0
1763049600,0.267,0.269,0.25,0.259,12669974.0
1763078400,0.26,0.262,0.242,0.258,13442958.5
1763107200,0.259,0.264,0.248,0.261,14029196.4
1763136000,0.261,0.269,0.25,0.255,9629120.4
1763164800,0.254,0.265,0.254,0.261,5386948.5
1763193600,0.261,0.262,0.256,0.257,4914183.3
1763222400,0.257,0.261,0.254,0.258,3826237.5
1763251200,0.258,0.262,0.252,0.261,6190487.9
1763280000,0.262,0.262,0.247,0.248,7249614.1
1763308800,0.248,0.251,0.241,0.25,13507277.9
1763337600,0.25,0.253,0.246,0.249,5908812.5
1763366400,0.249,0.254,0.24,0.246,11848721.8
1763395200,0.245,0.25,0.234,0.238,14383122.2
1763424000,0.239,0.243,0.233,0.239,7386355.7
1763452800,0.238,0.247,0.238,0.245,8065805.8
1763481600,0.246,0.25,0.242,0.244,5799088.7
1763510400,0.244,0.247,0.234,0.239,8730474.3
1763539200,0.239,0.275,0.237,0.237,54257390.3
1763568000,0.238,0.239,0.223,0.236,22541155.0
1763596800,0.236,0.254,0.235,0.246,11789359.6
1763625600,0.246,0.256,0.24,0.244,20024625.5
1763654400,0.243,0.244,0.228,0.232,25245862.2
1763683200,0.233,0.24,0.204,0.221,21522988.9
1763712000,0.222,0.226,0.208,0.213,28213934.8
1763740800,0.214,0.219,0.201,0.208,35065032.3
1763769600,0.209,0.211,0.201,0.206,14566995.6
1763798400,0.207,0.21,0.201,0.208,14434583.5
1763827200,0.208,0.242,0.207,0.223,63945729.5
1763856000,0.222,0.296,0.219,0.292,153478544.9
1763884800,0.291,0.292,0.233,0.243,223715642.9
1763913600,0.242,0.248,0.236,0.24,41698790.4
1763942400,0.24,0.257,0.235,0.238,42076516.1
1763971200,0.238,0.243,0.235,0.24,28950044.9
1764000000,0.24,0.248,0.239,0.244,18779884.5
1764028800,0.244,0.256,0.237,0.252,27546362.8
1764057600,0.252,0.262,0.244,0.256,34786338.0
1764086400,0.256,0.266,0.249,0.255,18106534.9
1764115200,0.255,0.267,0.252,0.255,13496121.2
1764144000,0.256,0.258,0.243,0.247,13724892.6
1764172800,0.246,0.258,0.246,0.253,12183473.8
1764201600,0.252,0.254,0.247,0.249,6539729.9
1764230400,0.248,0.25,0.245,0.249,9708124.8
1764259200,0.25,0.254,0.248,0.25,5763060.9
1764288000,0.249,0.25,0.239,0.241,9767335.6
1764316800,0.24,0.246,0.237,0.244,15551138.4
1764345600,0.244,0.256,0.237,0.241,30989218.3
1764374400,0.241,0.243,0.239,0.239,6502837.0
1764403200,0.239,0.24,0.232,0.235,7253532.4
1764432000,0.234,0.235,0.228,0.23,6109657.2
1764460800,0.231,0.231,0.223,0.227,7246729.6
1764489600,0.228,0.23,0.224,0.226,9172042.8
1764518400,0.227,0.231,0.225,0.225,6292920.9
1764547200,0.226,0.227,0.205,0.208,25202771.7
1764576000,0.209,0.214,0.206,0.21,11369244.3
1764604800,0.21,0.212,0.207,0.21,12241939.0
1764633600,0.21,0.211,0.206,0.211,7637985.9
1764662400,0.21,0.228,0.207,0.227,19994485.1
1764691200,0.228,0.229,0.223,0.226,10484267.6
1764720000,0.226,0.234,0.225,0.233,5447370.6
1764748800,0.233,0.246,0.229,0.238,29070853.0
1764777600,0.238,0.239,0.234,0.237,10610271.2
1764806400,0.236,0.244,0.235,0.243,7601918.6
1764835200,0.243,0.245,0.235,0.238,12805252.7
1764864000,0.239,0.239,0.227,0.231,9572171.8
1764892800,0.23,0.232,0.226,0.228,6726845.7
1764921600,0.227,0.227,0.218,0.219,13340220.9
1764950400,0.22,0.223,0.21,0.217,20632681.7
1764979200,0.218,0.221,0.216,0.219,4364149.1
1765008000,0.219,0.238,0.218,0.23,21115574.5
1765036800,0.229,0.247,0.228,0.241,31654893.9
1765065600,0.241,0.246,0.231,0.233,12058216.5
1765094400,0.232,0.235,0.221,0.228,14703089.8
1765123200,0.228,0.232,0.22,0.223,11393605.1
1765152000,0.224,0.233,0.222,0.23,5695455.3
1765180800,0.23,0.234,0.227,0.229,7608361.5
1765209600,0.229,0.232,0.225,0.228,5803493.4
1765238400,0.228,0.23,0.223,0.226,6080328.7
1765267200,0.226,0.237,0.223,0.236,11117049.3
1765296000,0.235,0.242,0.232,0.234,10498046.9
1765324800,0.234,0.236,0.228,0.229,5085633.4
1765353600,0.23,0.23,0.224,0.228,7281696.7
1765382400,0.228,0.235,0.224,0.225,12395259.2
1765411200,0.225,0.225,0.214,0.217,8210486.2
1765440000,0.218,0.222,0.213,0.217,11769924.7
1765468800,0.218,0.225,0.215,0.221,8891397.7
1765497600,0.221,0.223,0.218,0.22,4313756.7
1765526400,0.219,0.222,0.21,0.212,6502376.7
1765555200,0.211,0.217,0.209,0.215,8567259.0
1765584000,0.216,0.219,0.215,0.217,3201560.4
1765612800,0.217,0.22,0.216,0.218,3455325.9
1765641600,0.217,0.22,0.216,0.218,4013518.9
1765670400,0.217,0.218,0.214,0.215,2903111.1
1765699200,0.216,0.216,0.21,0.211,6884760.4
1765728000,0.211,0.213,0.205,0.208,7434533.0
1765756800,0.208,0.213,0.206,0.209,4867959.9
1765785600,0.208,0.21,0.196,0.198,11247932.3
1765814400,0.199,0.206,0.193,0.2,18235105.5
1765843200,0.2,0.203,0.197,0.199,7078308.0
1765872000,0.199,0.204,0.198,0.204,10071544.8
1765900800,0.203,0.204,0.201,0.202,7045685.9
1765929600,0.203,0.203,0.198,0.2,6446105.9
1765958400,0.201,0.205,0.195,0.196,14651368.7
1765987200,0.196,0.198,0.185,0.187,21528853.6
1766016000,0.187,0.188,0.178,0.179,8214608.2
1766044800,0.18,0.188,0.179,0.181,18622552.5
1766073600,0.182,0.182,0.169,0.173,24099887.5
1766102400,0.174,0.181,0.17,0.178,11971720.5
1766131200,0.179,0.184,0.178,0.179,16919066.9
1766160000,0.18,0.185,0.177,0.18,14734662.7
1766188800,0.18,0.182,0.178,0.181,4653956.3
1766217600,0.182,0.183,0.178,0.179,6145810.2
1766246400,0.18,0.182,0.179,0.182,3136138.4
1766275200,0.181,0.182,0.175,0.179,6932540.5
1766304000,0.179,0.18,0.172,0.174,8987425.4
1766332800,0.174,0.177,0.173,0.176,6512304.0
1766361600,0.177,0.18,0.174,0.178,11777815.5
1766390400,0.179,0.18,0.173,0.176,12516514.0
1766419200,0.175,0.176,0.171,0.175,8171446.3
1766448000,0.176,0.176,0.17,0.171,6920993.9
1766476800,0.172,0.174,0.169,0.172,11330137.4
1766505600,0.172,0.188,0.172,0.175,50669337.6
1766534400,0.176,0.176,0.168,0.169,12808962.9
1766563200,0.169,0.172,0.167,0.172,11863978.3
1766592000,0.171,0.174,0.17,0.173,5064124.9
1766620800,0.174,0.177,0.172,0.174,6232054.9
1766649600,0.175,0.176,0.17,0.173,8443160.0
1766678400,0.174,0.175,0.167,0.167,6887416.1
1766707200,0.167,0.173,0.165,0.17,14327245.5
1766736000,0.17,0.174,0.168,0.17,8946769.6
1766764800,0.17,0.171,0.168,0.168,6734876.2
1766793600,0.169,0.17,0.168,0.169,1591625.9
1766822400,0.169,0.171,0.167,0.169,5433744.0
1766851200,0.17,0.174,0.169,0.172,5957343.4
1766880000,0.173,0.173,0.171,0.171,1769314.0
1766908800,0.172,0.172,0.168,0.17,4622992.5
1766937600,0.169,0.17,0.167,0.169,6130627.0
1766966400,0.169,0.174,0.169,0.174,9290518.1
1766995200,0.174,0.175,0.167,0.171,16074265.4
1767024000,0.17,0.171,0.167,0.168,8401553.6
1767052800,0.168,0.169,0.166,0.167,4193426.9
1767081600,0.167,0.17,0.167,0.17,4816615.1
1767110400,0.17,0.171,0.167,0.169,4162146.6
1767139200,0.168,0.17,0.167,0.168,2423102.4
1767168000,0.168,0.169,0.166,0.166,7310402.3
1767196800,0.166,0.174,0.153,0.163,41757009.8
1767225600,0.164,0.187,0.163,0.175,31637207.5
1767254400,0.175,0.18,0.169,0.174,26579789.7
1767283200,0.174,0.175,0.172,0.173,5412708.8
1767312000,0.173,0.176,0.171,0.172,3540025.7
1767340800,0.173,0.177,0.172,0.174,8735189.3
1767369600,0.174,0.182,0.173,0.18,10739991.2
1767398400,0.18,0.182,0.173,0.174,8290581.2
1767427200,0.174,0.178,0.173,0.177,5544976.4
1767456000,0.176,0.183,0.176,0.181,6628148.4
1767484800,0.182,0.184,0.179,0.181,4744936.7
1767513600,0.18,0.185,0.178,0.184,8398310.1
1767542400,0.185,0.187,0.181,0.183,8313282.9
1767571200,0.182,0.186,0.177,0.181,10208707.2
1767600000,0.18,0.185,0.178,0.184,9851814.7
1767628800,0.184,0.192,0.181,0.189,11145486.5
1767657600,0.189,0.192,0.187,0.188,7434273.8
1767686400,0.188,0.196,0.187,0.191,9400671.9
1767715200,0.191,0.191,0.181,0.191,10355166.6
1767744000,0.19,0.19,0.184,0.188,6885417.4
1767772800,0.188,0.19,0.177,0.177,12099100.8
1767801600,0.178,0.181,0.174,0.177,8137195.2
1767830400,0.176,0.179,0.171,0.176,9609000.7
1767859200,0.176,0.177,0.169,0.175,10313476.3
1767888000,0.175,0.176,0.172,0.174,7742757.9
1767916800,0.175,0.177,0.172,0.175,4861974.6
1767945600,0.176,0.18,0.173,0.178,7882061.7
1767974400,0.177,0.18,0.172,0.176,6661517.6
1768003200,0.176,0.178,0.173,0.177,3540575.7
1768032000,0.177,0.184,0.177,0.178,7358380.2
1768060800,0.178,0.179,0.174,0.175,4960593.3
1768089600,0.175,0.177,0.173,0.176,2884255.2
1768118400,0.177,0.18,0.175,0.177,4207605.1
1768147200,0.176,0.179,0.17,0.174,7410821.3
1768176000,0.173,0.178,0.17,0.171,13221488.8
1768204800,0.171,0.174,0.168,0.174,13301424.9
1768233600,0.174,0.176,0.168,0.17,9469290.6
1768262400,0.17,0.177,0.169,0.176,8035086.2
1768291200,0.177,0.189,0.176,0.183,16505082.4
1768320000,0.183,0.188,0.18,0.183,13866593.8
1768348800,0.184,0.188,0.182,0.184,11796556.4
1768377600,0.185,0.19,0.184,0.189,13751815.0
1768406400,0.188,0.191,0.182,0.184,15423086.8
1768435200,0.183,0.184,0.177,0.18,15682613.3
1768464000,0.181,0.182,0.174,0.177,13746917.7
1768492800,0.177,0.179,0.17,0.172,16521223.1
1768521600,0.171,0.177,0.169,0.175,9742701.8
1768550400,0.174,0.177,0.169,0.171,12207813.0
1768579200,0.172,0.18,0.17,0.178,12150453.8
1768608000,0.179,0.19,0.178,0.186,18800286.4
1768636800,0.187,0.203,0.185,0.196,37134205.5
1768665600,0.195,0.196,0.185,0.188,17882573.7
1768694400,0.187,0.191,0.182,0.185,15418898.5
1768723200,0.184,0.186,0.18,0.182,12266260.4
1768752000,0.183,0.185,0.172,0.173,9893434.3
1768780800,0.173,0.173,0.156,0.166,28303539.0
1768809600,0.165,0.169,0.165,0.168,15084529.0
1768838400,0.167,0.174,0.167,0.172,10602423.7
1768867200,0.172,0.176,0.17,0.172,18769696.5
1768896000,0.171,0.19,0.168,0.186,62410342.0
1768924800,0.186,0.187,0.161,0.165,29441222.6
1768953600,0.165,0.178,0.165,0.172,17416796.8
1768982400,0.172,0.178,0.168,0.173,25454377.7
1769011200,0.172,0.177,0.165,0.172,18919728.9
1769040000,0.173,0.186,0.172,0.179,14528784.4
1769068800,0.178,0.18,0.169,0.172,14678386.0
1769097600,0.172,0.177,0.169,0.173,10619689.4
1769126400,0.173,0.18,0.17,0.171,9165811.8
1769155200,0.171,0.173,0.167,0.171,12313154.1
1769184000,0.171,0.186,0.171,0.175,17179435.7
1769212800,0.175,0.178,0.173,0.173,5330218.6
1769241600,0.173,0.175,0.169,0.171,5821326.0
1769270400,0.17,0.174,0.168,0.172,8642367.3
1769299200,0.171,0.172,0.167,0.167,6453657.4
1769328000,0.168,0.169,0.164,0.167,9085464.1
1769356800,0.166,0.166,0.152,0.156,23922208.3
1769385600,0.156,0.161,0.155,0.16,5852486.1
1769414400,0.16,0.164,0.159,0.162,12695739.6
1769443200,0.162,0.163,0.16,0.161,11112298.6
1769472000,0.162,0.164,0.161,0.162,6618784.1
1769500800,0.162,0.164,0.159,0.16,12905620.0
1769529600,0.161,0.166,0.159,0.164,11715709.5
1769558400,0.165,0.165,0.161,0.164,7794541.1
1769587200,0.163,0.165,0.159,0.16,15083645.4
1769616000,0.159,0.162,0.158,0.16,12667069.8
1769644800,0.16,0.161,0.154,0.157,12237304.1
1769673600,0.156,0.157,0.143,0.149,18838649.2
1769702400,0.148,0.158,0.146,0.152,22825981.7
1769731200,0.152,0.153,0.145,0.152,23226377.6
1769760000,0.152,0.154,0.149,0.154,15944819.0
1769788800,0.154,0.156,0.148,0.151,17045468.2
1769817600,0.152,0.152,0.146,0.148,8426225.6
1769846400,0.148,0.149,0.134,0.138,25151978.0
1769875200,0.138,0.14,0.119,0.13,46749053.1
1769904000,0.13,0.132,0.128,0.13,10993915.1
1769932800,0.131,0.134,0.128,0.129,14633499.9
1769961600,0.13,0.134,0.129,0.132,17329654.7
1769990400,0.132,0.135,0.125,0.13,29832045.1
1770019200,0.129,0.137,0.129,0.136,14042746.2
1770048000,0.136,0.137,0.132,0.134,6605665.9
1770076800,0.134,0.136,0.13,0.134,13397307.4
1770105600,0.134,0.138,0.131,0.138,16609282.3
1770134400,0.137,0.139,0.127,0.134,26139103.3
1770163200,0.133,0.136,0.132,0.134,12135865.0
1770192000,0.134,0.135,0.127,0.128,21331726.1
1770220800,0.129,0.132,0.127,0.131,19927822.8
1770249600,0.131,0.132,0.126,0.128,11160714.3
1770278400,0.127,0.13,0.115,0.119,33449222.5
1770307200,0.12,0.122,0.11,0.114,39796458.3
1770336000,0.113,0.118,0.101,0.117,30351645.6
1770364800,0.116,0.125,0.115,0.125,11145669.5
1770393600,0.125,0.131,0.123,0.125,11621162.8
1770422400,0.125,0.126,0.12,0.12,14531244.5
1770451200,0.12,0.124,0.119,0.122,11706585.6
1770480000,0.123,0.126,0.122,0.123,13924495.3
1770508800,0.123,0.123,0.119,0.12,8200628.1
1770537600,0.121,0.125,0.12,0.12,16419153.8
1770566400,0.12,0.121,0.116,0.118,13008218.4
1770595200,0.118,0.122,0.117,0.119,12221859.9
1770624000,0.119,0.12,0.113,0.116,19951879.4
1770652800,0.116,0.119,0.115,0.116,10722630.1
1770681600,0.116,0.118,0.112,0.113,10659765.1
1770710400,0.113,0.115,0.112,0.113,10541810.1
1770739200,0.113,0.115,0.112,0.113,9087865.6
1770768000,0.113,0.115,0.109,0.109,12231190.2
1770796800,0.11,0.113,0.107,0.108,11590733.4
1770825600,0.109,0.114,0.107,0.109,21630916.4
1770854400,0.11,0.113,0.109,0.112,5320092.3
1770883200,0.112,0.115,0.11,0.11,10753253.7
1770912000,0.11,0.112,0.108,0.112,8434773.5
1770940800,0.111,0.112,0.108,0.11,5591497.3
1770969600,0.11,0.112,0.109,0.111,14102736.7
1770998400,0.111,0.116,0.11,0.114,12094752.3
1771027200,0.115,0.116,0.112,0.114,5534516.9
1771056000,0.113,0.117,0.113,0.117,4395650.3
1771084800,0.116,0.12,0.115,0.118,7291247.6
1771113600,0.118,0.12,0.116,0.12,11800484.6
1771142400,0.119,0.12,0.112,0.113,11491932.4
1771171200,0.112,0.117,0.108,0.112,30968901.2
1771200000,0.112,0.114,0.111,0.111,8866124.2
1771228800,0.111,0.114,0.11,0.11,13422091.7
1771257600,0.11,0.118,0.11,0.114,14921292.3
1771286400,0.114,0.116,0.112,0.113,8360373.5
1771315200,0.112,0.113,0.11,0.112,13006679.9
1771344000,0.112,0.114,0.111,0.113,8931538.1
1771372800,0.113,0.114,0.111,0.113,7931444.4
1771401600,0.112,0.113,0.109,0.111,5920245.3
1771430400,0.111,0.112,0.105,0.107,12264570.6
1771459200,0.107,0.108,0.106,0.107,4946222.9
1771488000,0.106,0.107,0.102,0.103,6825368.8
1771516800,0.103,0.106,0.102,0.105,9478342.1
1771545600,0.105,0.109,0.105,0.109,7194801.6
1771574400,0.109,0.109,0.104,0.108,9122786.4
1771603200,0.108,0.109,0.106,0.108,12050716.4
1771632000,0.108,0.113,0.108,0.11,12654304.4
1771660800,0.111,0.114,0.11,0.11,11437414.8
1771689600,0.11,0.111,0.107,0.108,5214909.4
1771718400,0.107,0.108,0.105,0.106,3516022.4
1771747200,0.105,0.108,0.104,0.105,7338577.4
1771776000,0.106,0.106,0.104,0.105,6668979.6
1771804800,0.105,0.105,0.098,0.103,15982566.7
1771833600,0.103,0.104,0.1,0.101,11228796.1
1771862400,0.1,0.101,0.098,0.101,9617922.6
1771891200,0.1,0.102,0.097,0.099,8686646.0
1771920000,0.098,0.101,0.097,0.101,6804908.0
1771948800,0.101,0.102,0.1,0.102,3716590.4
1771977600,0.102,0.105,0.101,0.103,7631820.3
1772006400,0.103,0.106,0.102,0.106,5060452.5
1772035200,0.105,0.108,0.103,0.104,8024095.2
1772064000,0.104,0.107,0.103,0.105,19658956.7
1772092800,0.104,0.106,0.103,0.105,17858083.8
1772121600,0.105,0.105,0.1,0.104,7697021.8
1772150400,0.104,0.116,0.103,0.113,20907104.3
1772179200,0.113,0.114,0.107,0.112,24042817.8
1772208000,0.112,0.156,0.109,0.145,512693656.2
1772236800,0.145,0.152,0.123,0.124,280089147.8
1772265600,0.124,0.141,0.116,0.126,267167946.0
1772294400,0.126,0.132,0.122,0.127,56557632.7
1772323200,0.127,0.13,0.125,0.128,30837587.6
1772352000,0.127,0.13,0.122,0.128,38298030.8
1772380800,0.128,0.166,0.127,0.15,292592404.2
1772409600,0.15,0.161,0.141,0.151,116902085.0
1772438400,0.151,0.155,0.143,0.149,66481628.1
1772467200,0.149,0.149,0.142,0.143,27594223.3
1772496000,0.143,0.144,0.135,0.137,28207572.6
1772524800,0.138,0.139,0.13,0.136,50245930.6
1772553600,0.136,0.139,0.131,0.132,32473996.5
1772582400,0.131,0.133,0.128,0.132,19519044.5
1772611200,0.132,0.136,0.128,0.133,35035775.3
1772640000,0.133,0.135,0.128,0.129,19537922.2
1772668800,0.13,0.131,0.126,0.126,14407906.1
1772697600,0.127,0.132,0.126,0.127,20586565.9
1772726400,0.128,0.128,0.124,0.125,17533146.2
1772755200,0.125,0.129,0.125,0.128,8626389.9
1772784000,0.127,0.128,0.119,0.12,26750740.5
1772812800,0.121,0.122,0.119,0.121,10853481.9
1772841600,0.121,0.121,0.116,0.117,6976856.0
1772870400,0.117,0.119,0.116,0.116,5480976.0
1772899200,0.117,0.118,0.114,0.115,7497017.4
1772928000,0.115,0.116,0.112,0.114,15574637.0
1772956800,0.114,0.117,0.113,0.114,16724924.8
1772985600,0.114,0.117,0.113,0.113,14707796.0
1773014400,0.114,0.121,0.113,0.119,26132787.9
1773043200,0.119,0.129,0.118,0.12,55194947.3
1773072000,0.119,0.122,0.118,0.119,13917764.1
1773100800,0.119,0.123,0.119,0.121,14926051.4
1773129600,0.12,0.123,0.117,0.12,19792032.9
1773158400,0.12,0.125,0.119,0.121,21800096.6
1773187200,0.122,0.124,0.119,0.124,20951748.7
1773216000,0.124,0.129,0.122,0.123,35177187.7
1773244800,0.122,0.124,0.121,0.124,12432435.1
1773273600,0.123,0.124,0.12,0.122,9588179.9
1773302400,0.121,0.122,0.118,0.12,12379866.4
1773331200,0.119,0.12,0.118,0.119,7588010.3
1773360000,0.119,0.122,0.119,0.12,11143336.9
1773388800,0.121,0.122,0.118,0.121,10346433.4
1773417600,0.121,0.134,0.117,0.123,79239840.0
1773446400,0.123,0.125,0.118,0.119,28446429.3
1773475200,0.118,0.123,0.118,0.121,14697107.2
1773504000,0.121,0.121,0.119,0.12,9191667.9
1773532800,0.12,0.122,0.119,0.122,7706767.2
1773561600,0.121,0.122,0.119,0.12,3319209.3
1773590400,0.119,0.121,0.118,0.12,7279278.8
1773619200,0.12,0.123,0.119,0.123,9014960.4
1773648000,0.122,0.123,0.12,0.122,6406720.0
1773676800,0.121,0.122,0.121,0.121,2291847.5
1773705600,0.121,0.122,0.118,0.119,11152126.0
1773734400,0.119,0.12,0.117,0.118,9268390.1
1773763200,0.118,0.12,0.116,0.117,9785787.1
1773792000,0.118,0.119,0.117,0.118,6809484.4
1773820800,0.118,0.118,0.11,0.111,15278396.4
1773849600,0.111,0.114,0.11,0.112,11435438.4
1773878400,0.112,0.113,0.11,0.11,6928455.3
1773907200,0.111,0.111,0.107,0.108,7615711.4
1773936000,0.108,0.111,0.108,0.111,6347672.7
1773964800,0.11,0.116,0.11,0.116,8723697.4
1773993600,0.116,0.128,0.113,0.126,116686370.5
1774022400,0.127,0.127,0.122,0.123,50003518.4
1774051200,0.123,0.124,0.117,0.117,18415873.9
1774080000,0.118,0.12,0.116,0.118,11603023.4
1774108800,0.118,0.119,0.113,0.113,9510708.1
1774137600,0.114,0.116,0.112,0.115,15187137.6
1774166400,0.115,0.117,0.114,0.117,9166856.5
1774195200,0.117,0.117,0.11,0.11,14327739.4
1774224000,0.111,0.114,0.109,0.11,10059165.7
1774252800,0.111,0.116,0.107,0.112,25237165.9
1774281600,0.113,0.114,0.111,0.113,8036964.2
1774310400,0.113,0.114,0.111,0.112,7078935.2
1774339200,0.113,0.113,0.109,0.111,7120415.5
1774368000,0.11,0.112,0.108,0.111,7723155.0
1774396800,0.111,0.114,0.11,0.112,5015888.4
1774425600,0.112,0.115,0.112,0.115,9540832.9
1774454400,0.115,0.115,0.111,0.111,10116620.8
1774483200,0.112,0.113,0.108,0.11,7971807.2
1774512000,0.11,0.11,0.105,0.107,10133713.7
1774540800,0.107,0.109,0.105,0.108,8920772.1
1774569600,0.108,0.114,0.108,0.112,10519667.3
1774598400,0.113,0.114,0.106,0.108,11130158.8
1774627200,0.108,0.118,0.107,0.108,48793054.8
1774656000,0.108,0.11,0.105,0.106,18336956.5
1774684800,0.106,0.108,0.105,0.108,18616052.0
1774713600,0.107,0.109,0.105,0.105,9470919.9
1774742400,0.105,0.107,0.104,0.106,4122066.4
1774771200,0.106,0.107,0.103,0.103,8259908.3
1774800000,0.104,0.105,0.1,0.103,11326413.6
1774828800,0.103,0.109,0.103,0.108,10389447.5
1774857600,0.108,0.109,0.106,0.108,5884062.4
1774886400,0.108,0.108,0.105,0.105,3471184.0
1774915200,0.105,0.107,0.105,0.106,2052365.0
1774944000,0.107,0.107,0.104,0.105,7694546.0
1774972800,0.105,0.109,0.104,0.108,7981291.8
1775001600,0.108,0.11,0.105,0.109,9112370.0
1775030400,0.109,0.114,0.107,0.111,13405179.2
1775059200,0.11,0.116,0.109,0.11,18034353.5
1775088000,0.111,0.114,0.107,0.111,17816592.8
1775116800,0.11,0.114,0.108,0.112,12341782.3
1775145600,0.111,0.114,0.11,0.111,6745074.3
1775174400,0.111,0.118,0.11,0.117,11367969.1
1775203200,0.117,0.121,0.111,0.111,13410575.9
1775232000,0.111,0.112,0.109,0.109,6141420.8
1775260800,0.11,0.111,0.108,0.11,4666489.3
1775289600,0.11,0.113,0.108,0.109,11462053.1
1775318400,0.109,0.111,0.108,0.11,5941485.0
1775347200,0.11,0.111,0.106,0.107,8292776.6
1775376000,0.106,0.109,0.104,0.108,6804235.5
1775404800,0.108,0.109,0.106,0.108,5500650.2
1775433600,0.107,0.11,0.107,0.108,5283162.2
1775462400,0.108,0.117,0.107,0.113,12623567.1
1775491200,0.112,0.113,0.107,0.108,7709692.8
1775520000,0.109,0.115,0.107,0.11,11113924.4
1775548800,0.11,0.114,0.108,0.109,8640104.3
1775577600,0.109,0.116,0.108,0.116,13102781.0
1775606400,0.115,0.116,0.114,0.115,4472016.9
1775635200,0.115,0.116,0.111,0.115,6536292.8
1775664000,0.114,0.125,0.113,0.114,56678323.6
1775692800,0.113,0.117,0.11,0.114,12342200.3
1775721600,0.113,0.117,0.113,0.114,7684967.8
1775750400,0.115,0.117,0.111,0.112,6158775.3
1775779200,0.112,0.114,0.111,0.111,4685728.8
1775808000,0.111,0.115,0.11,0.115,7357272.9
1775836800,0.114,0.115,0.113,0.115,3629420.1
1775865600,0.115,0.115,0.112,0.114,3991734.0
1775894400,0.114,0.115,0.112,0.114,3489577.0
1775923200,0.114,0.115,0.112,0.114,8150235.9
1775952000,0.114,0.114,0.11,0.111,6284972.4
1775980800,0.112,0.113,0.109,0.109,4838231.5
1776009600,0.109,0.11,0.106,0.108,8085611.3
1776038400,0.107,0.11,0.107,0.108,2893254.4
1776067200,0.109,0.11,0.108,0.109,5552286.3
1776096000,0.109,0.113,0.108,0.112,5675082.4
1776124800,0.112,0.113,0.111,0.111,1840539.3
1776153600,0.111,0.116,0.111,0.115,5663109.0
1776182400,0.114,0.116,0.111,0.113,8431264.6
1776211200,0.112,0.113,0.109,0.11,4507229.0
1776240000,0.109,0.114,0.109,0.111,6002710.9
1776268800,0.112,0.116,0.111,0.114,6685375.2
1776297600,0.114,0.118,0.113,0.1171,4955340.9
1776326400,0.1172,0.124,0.1157,0.118,27951679.3
1776355200,0.1179,0.1204,0.117,0.1203,8357250.1
1776384000,0.1204,0.1214,0.1177,0.1206,6876905.3
1776412800,0.1206,0.1275,0.1196,0.1242,15734940.1
1776441600,0.1242,0.1274,0.1225,0.1261,11786182.3
1776470400,0.1262,0.2341,0.1252,0.2244,199342560.3
1776499200,0.2248,0.2632,0.1716,0.1954,691894008.8
1776528000,0.1953,0.2048,0.162382,0.1637,212119927.9
1776556800,0.1637,0.1701,0.1441,0.1628,132789566.9
1776585600,0.1626,0.1713,0.1542,0.1547,99685262.3
1776614400,0.1547,0.1548,0.1442,0.1503,31690072.6
1776643200,0.1503,0.1857,0.149,0.1615,113555612.5
1776672000,0.1615,0.1717,0.1588,0.1633,36649036.1
1776700800,0.1633,0.1661,0.1596,0.1606,18389833.7
1776729600,0.1607,0.1674,0.1561,0.1563,18530197.7
1776758400,0.1563,0.1583,0.1513,0.1533,13851324.2
1776787200,0.1534,0.1547,0.1485,0.1514,11105834.3
1776816000,0.1514,0.1563,0.1486,0.1548,10151044.5
1776844800,0.1548,0.1549,0.1484,0.1497,10869398.8
1776873600,0.1497,0.154,0.1488,0.1499,6587757.7
1776902400,0.15,0.1512,0.1442,0.1477,8659954.4
1776931200,0.1477,0.1489,0.1437,0.1484,9125786.8
1776960000,0.1483,0.1488,0.1438,0.1481,5864963.1
1776988800,0.1481,0.1492,0.1449,0.1452,4163727.2
1777017600,0.1453,0.1522,0.1445,0.1513,9783117.9
1777046400,0.1513,0.1637,0.148,0.1489,28538469.7
1777075200,0.1489,0.1815,0.1485,0.1804,75092255.5
1777104000,0.1804,0.1916,0.156,0.158,171989938.0
1777132800,0.1581,0.163,0.1557,0.1603,22161913.9
1777161600,0.1604,0.1624,0.1561,0.1584,19973114.1
1777190400,0.1584,0.1697,0.1575,0.1586,31812695.1
1777219200,0.1586,0.1587,0.1547,0.1571,7213019.9
1777248000,0.1572,0.1587,0.1471,0.1491,15062549.7
1777276800,0.1491,0.1494,0.1431,0.1439,10202358.8
1777305600,0.1439,0.1467,0.1421,0.1436,6853593.0
1777334400,0.1436,0.1498,0.1418,0.1489,12177283.7
1777363200,0.1489,0.1523,0.1446,0.1501,12720727.9
1777392000,0.15,0.1538,0.1482,0.1509,7494044.6
1777420800,0.1509,0.1531,0.1475,0.1477,6218985.2
1777449600,0.1477,0.1489,0.144,0.1451,7164478.1
1777478400,0.1451,0.1467,0.1414,0.1453,5706296.7
1777507200,0.1453,0.1477,0.1443,0.1448,3878030.0
1777536000,0.1448,0.1507,0.1439,0.1469,8790505.7
1777564800,0.1469,0.1482,0.1439,0.1448,4223985.2
1777593600,0.1448,0.1491,0.1442,0.1458,4863980.9
1777622400,0.1457,0.1523,0.1452,0.1495,10657464.4
1777651200,0.1494,0.1506,0.1473,0.1493,3150157.0
1777680000,0.1495,0.1496,0.1453,0.1469,4175162.1
1777708800,0.147,0.1505,0.1465,0.1495,4035533.3
1777737600,0.1495,0.1506,0.1483,0.1495,4164908.3
1777766400,0.1494,0.1494,0.1457,0.1466,3501566.0
1777795200,0.1465,0.1493,0.1462,0.148,4492700.8
1777824000,0.1481,0.1492,0.1464,0.1468,3095622.3
1777852800,0.1467,0.1503,0.1439,0.1492,5665790.1
1777881600,0.1491,0.1514,0.1463,0.1482,6380155.8
1777910400,0.1481,0.15,0.1468,0.147,2717767.5
1777939200,0.147,0.1538,0.147,0.1517,7088904.1
1777968000,0.1517,0.1521,0.1489,0.1494,5972247.2
1777996800,0.1494,0.1569,0.1494,0.1538,7743034.9
1778025600,0.1538,0.1572,0.1507,0.1522,9279261.0
1778054400,0.1521,0.1543,0.1485,0.1502,5945811.4
1778083200,0.1502,0.1522,0.13,0.1354,36050793.1
1778112000,0.1354,0.1423,0.1338,0.1398,17846751.9
1778140800,0.1398,0.1421,0.1381,0.1394,15558672.7
1778169600,0.1394,0.1478,0.1394,0.1459,17960566.0
1778198400,0.1459,0.1484,0.1434,0.1438,8243935.7
1778227200,0.1439,0.145,0.1416,0.1442,6079732.6
1778256000,0.1442,0.1475,0.1437,0.1467,5292030.6
1778284800,0.1467,0.1534,0.1456,0.1529,9225153.4
1778313600,0.1529,0.1636,0.1495,0.1507,45684341.6
1778342400,0.1507,0.1527,0.1484,0.1488,6258193.4
1778371200,0.1488,0.1514,0.1462,0.1491,8021215.8
1778400000,0.149,0.153,0.1487,0.1524,5226138.5
1778428800,0.1524,0.1537,0.1474,0.1513,9520659.1
1778457600,0.1513,0.1526,0.1476,0.1496,3985133.5
1778486400,0.1496,0.1508,0.1471,0.1485,4314199.4
1778515200,0.1486,0.1505,0.1475,0.1503,4753835.2
1778544000,0.1503,0.1516,0.1447,0.1474,7065244.4
1778572800,0.1474,0.1483,0.1419,0.143,6925982.2
1778601600,0.143,0.1462,0.1421,0.1437,3670699.8
1778630400,0.1437,0.1496,0.1434,0.1493,6278201.0
1778659200,0.1492,0.1492,0.1361,0.1365,11139620.7
1778688000,0.1364,0.1408,0.1364,0.1397,3549174.8
1778716800,0.1397,0.1416,0.1373,0.1379,3146595.7
1778745600,0.138,0.1432,0.1377,0.1426,3715577.9
1778774400,0.1425,0.1432,0.1406,0.1408,2631453.2
1778803200,0.1409,0.1422,0.1371,0.1387,3191955.3
1778832000,0.1386,0.139,0.1305,0.1327,6302206.1
1778860800,0.1327,0.1353,0.1323,0.1349,2593604.7
1778889600,0.1349,0.1369,0.1282,0.1302,4585748.5
1778918400,0.1303,0.1325,0.1275,0.1312,5160789.7
1778947200,0.1312,0.1328,0.131,0.1314,2059649.7
1778976000,0.1315,0.1325,0.129,0.1317,2527908.6
1779004800,0.1318,0.1319,0.1287,0.1309,2394427.6
1779033600,0.131,0.1311,0.1184,0.1256,5806757.3
1779062400,0.1256,0.1296,0.1245,0.1293,3744079.7
1779091200,0.1293,0.1312,0.1276,0.1298,4386182.8
1779120000,0.1297,0.1494,0.1277,0.1378,158133992.3
1779148800,0.1378,0.1396,0.1304,0.1321,29593922.8
1779177600,0.1321,0.1321,0.1274,0.1279,18789123.7
1779206400,0.128,0.1304,0.1277,0.1292,7436159.2
1779235200,0.1292,0.1317,0.1284,0.1299,5913675.2
1779264000,0.13,0.1308,0.1277,0.1302,4408232.2
1779292800,0.1303,0.1309,0.1268,0.1275,6218292.5
1779321600,0.1276,0.1293,0.1271,0.1285,4420978.9
1779350400,0.1286,0.1295,0.1266,0.1295,5176928.4
1779379200,0.1294,0.1311,0.1278,0.1306,4832749.4
1779408000,0.1306,0.1311,0.1289,0.1304,4411753.7
1779436800,0.1303,0.1307,0.1273,0.1282,5192841.8
1779465600,0.1282,0.13,0.1235,0.1245,9094011.0
1779494400,0.1246,0.1272,0.12,0.1222,5779038.5
1779523200,0.1222,0.1269,0.1217,0.1255,5120509.3
1779552000,0.1255,0.1295,0.1249,0.1278,3902102.3
1779580800,0.1277,0.1278,0.1255,0.1262,3162944.0
1779609600,0.1262,0.1268,0.123,0.1256,3827256.8
1779638400,0.1257,0.1259,0.1221,0.1251,2728385.6
1779667200,0.1251,0.127,0.1242,0.1263,3309673.3
1779696000,0.1263,0.1282,0.1261,0.1275,3061855.0
1779724800,0.1275,0.1289,0.1252,0.1262,3329531.8
1779753600,0.1262,0.1264,0.1238,0.1249,3683094.7
1779782400,0.125,0.1277,0.1245,0.1256,4278218.1
1779811200,0.1257,0.1257,0.1228,0.124,3185085.2
1779840000,0.1241,0.1257,0.1231,0.1243,4057683.1
1779868800,0.1243,0.1275,0.1233,0.1266,3964505.9
1779897600,0.1266,0.13,0.1246,0.1255,10290929.0
1779926400,0.1255,0.1261,0.1182,0.1199,9168443.3
1779955200,0.1199,0.1201,0.1165,0.1181,6850343.2
1779984000,0.118,0.1223,0.1175,0.1215,4289352.1
1780012800,0.1215,0.1243,0.1212,0.1221,3560369.1
1780041600,0.122,0.1266,0.1197,0.1259,7794919.0
1780070400,0.1259,0.1276,0.1222,0.123,5582602.9
1780099200,0.1231,0.1263,0.1231,0.1261,4179930.5
1780128000,0.1262,0.1277,0.1236,0.1244,8319124.5
1780156800,0.1244,0.1256,0.123,0.1234,2819183.8
1780185600,0.1234,0.1274,0.1226,0.1234,5477511.1
1780214400,0.1234,0.1248,0.1216,0.1223,4619594.8
1780243200,0.1222,0.1336,0.1212,0.1307,20007668.9
1780272000,0.1308,0.1383,0.126,0.1265,29228188.9
1780300800,0.1265,0.129,0.1212,0.1226,15517185.3
1780329600,0.1225,0.1269,0.1222,0.1254,9402625.4
1780358400,0.1254,0.1259,0.1206,0.1215,10392741.1
1780387200,0.1214,0.1227,0.1142,0.1154,12437693.6
1780416000,0.1154,0.1196,0.1132,0.1164,11165789.0
1780444800,0.1165,0.1207,0.1144,0.1201,6342701.9
1780473600,0.1201,0.1208,0.118,0.1181,4308220.7
1780502400,0.1182,0.1186,0.1137,0.1157,6928752.3
1780531200,0.1157,0.117,0.1055,0.1104,11489510.3
1780560000,0.1104,0.1127,0.1063,0.1119,9748255.4
1780588800,0.1118,0.1128,0.1074,0.1095,4380477.6
1780617600,0.1095,0.1098,0.0986,0.1027,11963831.6
1780646400,0.1028,0.104,0.0993,0.1002,10169175.4
1780675200,0.1001,0.1022,0.095,0.0997,11680286.5
1780704000,0.0997,0.1011,0.0925,0.0988,7568007.9
1780732800,0.0988,0.1015,0.0973,0.0999,6044206.2
1780761600,0.0998,0.1006,0.0983,0.1001,3207207.6
1780790400,0.1,0.1029,0.1,0.1022,3477238.7
1780819200,0.1022,0.105,0.1004,0.1025,5395410.3
1780848000,0.1025,0.1057,0.0993,0.1035,5726549.9
1780876800,0.1035,0.1045,0.1014,0.1035,3826835.2
1780905600,0.1034,0.109,0.1027,0.1083,10480441.3
1780934400,0.1084,0.109,0.1056,0.1063,5693794.4
1780963200,0.1064,0.1065,0.1016,0.1033,6733069.8
1780992000,0.1033,0.1048,0.1013,0.1022,6733662.5
1781020800,0.1022,0.1039,0.1006,0.1024,4529241.6
1781049600,0.1025,0.1029,0.0999,0.1013,3834807.2
1781078400,0.1014,0.1032,0.0986,0.1015,6107105.3
1781107200,0.1015,0.102,0.0962,0.0984,5238772.3
1781136000,0.0984,0.1011,0.0983,0.1,3959195.7
1781164800,0.1002,0.1024,0.1,0.1024,4474496.8
1781193600,0.1025,0.1051,0.0999,0.1031,4192368.4
