timestamp,open,high,low,close,volume
1690502400,0.5686,0.5827,0.5501,0.5668,22772804.0
1690531200,0.5666,0.5666,0.523,0.5404,27527291.0
1690560000,0.5405,0.5453,0.5294,0.542,10171793.0
1690588800,0.5417,0.5417,0.5119,0.5229,20512453.0
1690617600,0.5229,0.5249,0.5155,0.5189,10620320.0
1690646400,0.5188,0.5237,0.5125,0.5191,9706725.0
1690675200,0.5192,0.5222,0.5009,0.5129,15145710.0
1690704000,0.5129,0.5166,0.5,0.5084,15125492.0
1690732800,0.5083,0.5189,0.4909,0.5045,15085418.0
1690761600,0.5045,0.5277,0.5023,0.5208,13922868.0
1690790400,0.5208,0.5289,0.5019,0.5053,16322191.0
1690819200,0.5055,0.5137,0.5008,0.5084,6902364.0
1690848000,0.5086,0.5119,0.481,0.4906,13140480.0
1690876800,0.4906,0.5076,0.49,0.4953,7658607.0
1690905600,0.4953,0.5071,0.4953,0.5066,6009445.0
1690934400,0.5066,0.5179,0.4933,0.494,8354845.0
1690963200,0.494,0.4964,0.4823,0.4829,6890563.0
1690992000,0.4829,0.4877,0.4601,0.4698,24474044.0
1691020800,0.4698,0.4796,0.4607,0.4649,11668707.0
1691049600,0.4649,0.4694,0.4563,0.4639,14218838.0
1691078400,0.4639,0.4671,0.4561,0.4605,7657715.0
1691107200,0.4604,0.4611,0.4508,0.4558,7383314.0
1691136000,0.4557,0.4645,0.4529,0.4625,6645567.0
1691164800,0.4625,0.4636,0.4449,0.4546,8217454.0
1691193600,0.4545,0.4563,0.4296,0.4324,13408177.0
1691222400,0.4324,0.4393,0.417,0.422,21826429.0
1691251200,0.4222,0.4361,0.4214,0.4252,13002140.0
1691280000,0.4251,0.4543,0.4243,0.4384,13822399.0
1691308800,0.4385,0.4447,0.4317,0.4402,8880736.0
1691337600,0.4402,0.4469,0.4346,0.4443,8293020.0
1691366400,0.4442,0.4579,0.4285,0.4301,13880142.0
1691395200,0.4301,0.435,0.4115,0.4139,15786872.0
1691424000,0.4141,0.4222,0.4004,0.4217,12127312.0
1691452800,0.4218,0.4288,0.4109,0.4177,11388184.0
1691481600,0.4178,0.4305,0.4117,0.4161,20243976.0
1691510400,0.4161,0.4297,0.4155,0.4208,8532246.0
1691539200,0.4208,0.435,0.4174,0.4329,10020246.0
1691568000,0.4329,0.4486,0.4231,0.4349,37829681.0
1691596800,0.435,0.4356,0.4126,0.4232,21126224.0
1691625600,0.4232,0.4299,0.4169,0.4199,10977473.0
1691654400,0.4199,0.4271,0.4101,0.415,17850722.0
1691683200,0.415,0.4178,0.407,0.4124,10849610.0
1691712000,0.4123,0.4227,0.408,0.415,11694481.0
1691740800,0.415,0.4217,0.4123,0.416,8034610.0
1691769600,0.4159,0.4225,0.4129,0.4215,4629368.0
1691798400,0.4216,0.4389,0.42,0.4281,20155660.0
1691827200,0.4284,0.4439,0.426,0.4343,28754919.0
1691856000,0.4344,0.4396,0.4304,0.4354,9967189.0
1691884800,0.4353,0.4439,0.4303,0.4329,11511485.0
1691913600,0.4329,0.4529,0.4191,0.4236,30332690.0
1691942400,0.4236,0.4326,0.4156,0.4256,11137464.0
1691971200,0.4256,0.4328,0.4172,0.4323,13021961.0
1692000000,0.4323,0.4352,0.4224,0.4327,11283396.0
1692028800,0.4329,0.4347,0.4233,0.4285,6677104.0
1692057600,0.4285,0.4302,0.418,0.4203,7659053.0
1692086400,0.4203,0.4258,0.403,0.4069,16768917.0
1692115200,0.4069,0.4095,0.339,0.3663,56353128.0
1692144000,0.3663,0.3849,0.3602,0.3809,25585018.0
1692172800,0.3806,0.39,0.3749,0.3758,21287049.0
1692201600,0.3759,0.3884,0.365,0.3774,20740422.0
1692230400,0.3775,0.394,0.37,0.3886,33727008.0
1692259200,0.3886,0.3907,0.3768,0.383,19948420.0
1692288000,0.3827,0.392,0.3211,0.3685,35870299.0
1692316800,0.3685,0.41,0.364,0.403,35965074.0
1692345600,0.403,0.4093,0.3739,0.3976,76328370.0
1692374400,0.3975,0.4185,0.3954,0.4048,40131139.0
1692403200,0.4046,0.405,0.3759,0.3878,31637840.0
1692432000,0.3879,0.407,0.3826,0.4032,25278662.0
1692460800,0.4032,0.4075,0.3963,0.4024,15981077.0
1692489600,0.4024,0.4192,0.3969,0.4135,33381451.0
1692518400,0.4135,0.4185,0.3963,0.4014,26877223.0
1692547200,0.4014,0.4109,0.3987,0.4029,9484649.0
1692576000,0.403,0.4333,0.4023,0.411,72565251.0
1692604800,0.4111,0.4137,0.4014,0.4063,26722841.0
1692633600,0.4064,0.4154,0.3978,0.4131,19499476.0
1692662400,0.4131,0.42,0.4,0.4117,20309299.0
1692691200,0.4116,0.4177,0.398,0.4032,17863416.0
1692720000,0.4035,0.4055,0.3666,0.3945,30655163.0
1692748800,0.3943,0.4345,0.3914,0.424,31284140.0
1692777600,0.4241,0.447,0.4228,0.4381,38053112.0
1692806400,0.4381,0.4498,0.4263,0.4272,21318905.0
1692835200,0.4273,0.4356,0.4224,0.425,12652361.0
1692864000,0.4249,0.4291,0.415,0.4175,15028943.0
1692892800,0.4176,0.4213,0.4055,0.411,10717225.0
1692921600,0.4109,0.4113,0.3848,0.3922,19095048.0
1692950400,0.3921,0.3959,0.3806,0.3849,14061688.0
1692979200,0.3848,0.39,0.3802,0.3881,10926892.0
1693008000,0.3879,0.4026,0.382,0.3941,10537828.0
1693036800,0.394,0.3941,0.3765,0.3778,9790858.0
1693065600,0.3778,0.3818,0.3747,0.3769,5343695.0
1693094400,0.3768,0.3823,0.373,0.3758,5085910.0
1693123200,0.3758,0.381,0.371,0.3752,7829511.0
1693152000,0.3753,0.3813,0.3713,0.3812,7472207.0
1693180800,0.3812,0.3816,0.3596,0.365,10677082.0
1693209600,0.3649,0.3792,0.3643,0.3732,8842771.0
1693238400,0.3733,0.3791,0.3701,0.3778,4587746.0
1693267200,0.378,0.3813,0.3606,0.3611,6347909.0
1693296000,0.3615,0.3981,0.3586,0.3906,19193713.0
1693324800,0.3906,0.441,0.3902,0.4347,53666917.0
1693353600,0.4347,0.458,0.414,0.4483,98173370.0
1693382400,0.4484,0.4858,0.4026,0.4385,201267779.0
1693411200,0.4384,0.4499,0.429,0.4424,68477647.0
1693440000,0.4425,0.4487,0.4195,0.4236,47078587.0
1693468800,0.4236,0.4407,0.4152,0.417,44788611.0
1693497600,0.417,0.4215,0.4018,0.4079,28904446.0
1693526400,0.4079,0.437,0.4029,0.4236,27660870.0
1693555200,0.4237,0.5172,0.4237,0.4563,188131962.0
1693584000,0.4564,0.5845,0.4562,0.4984,324345894.0
1693612800,0.4987,0.5333,0.4782,0.4945,202471832.0
1693641600,0.4946,0.5071,0.4398,0.4404,110969959.0
1693670400,0.4404,0.4416,0.4223,0.4245,43926383.0
1693699200,0.4245,0.4299,0.4136,0.4207,38403588.0
1693728000,0.4208,0.4222,0.4062,0.4118,43310933.0
1693756800,0.4118,0.4153,0.405,0.4094,21048654.0
1693785600,0.4095,0.4166,0.386,0.3964,37721227.0
1693814400,0.3964,0.4045,0.3769,0.3797,30990592.0
1693843200,0.3797,0.3819,0.3727,0.379,21772294.0
1693872000,0.379,0.3865,0.3696,0.3814,22456540.0
1693900800,0.3814,0.3859,0.3757,0.3802,18967383.0
1693929600,0.3802,0.3832,0.3741,0.3799,10619007.0
1693958400,0.38,0.3886,0.373,0.3797,19382196.0
1693987200,0.3798,0.3879,0.3709,0.3741,16251004.0
1694016000,0.374,0.3869,0.3623,0.3842,17954367.0
1694044800,0.3843,0.3886,0.3748,0.3776,14473266.0
1694073600,0.3775,0.3817,0.3716,0.3785,9857340.0
1694102400,0.3786,0.3999,0.3777,0.3909,26865323.0
1694131200,0.3908,0.397,0.3797,0.387,14737867.0
1694160000,0.3869,0.387,0.3716,0.3777,10828253.0
1694188800,0.3777,0.3798,0.3731,0.3794,4524662.0
1694217600,0.3794,0.3851,0.3753,0.3788,6089747.0
1694246400,0.3789,0.3804,0.3741,0.3779,4908665.0
1694275200,0.3777,0.383,0.3747,0.3751,3823975.0
1694304000,0.3751,0.3754,0.325,0.3517,35859809.0
1694332800,0.3517,0.3542,0.3333,0.3452,16639583.0
1694361600,0.3453,0.3496,0.34,0.3453,7796617.0
1694390400,0.3451,0.3487,0.3395,0.3401,7212972.0
1694419200,0.3402,0.3456,0.321,0.3392,28587030.0
1694448000,0.3392,0.3405,0.3304,0.3327,12998513.0
1694476800,0.3326,0.3509,0.3307,0.3396,14756647.0
1694505600,0.3397,0.3523,0.3394,0.3409,10473017.0
1694534400,0.3408,0.346,0.329,0.3327,7221432.0
1694563200,0.3328,0.3395,0.3305,0.3345,7018637.0
1694592000,0.3345,0.3455,0.3338,0.3428,8955486.0
1694620800,0.3427,0.3453,0.3376,0.3412,6806102.0
1694649600,0.3413,0.3511,0.3383,0.3448,7209950.0
1694678400,0.3448,0.349,0.3396,0.3451,6721356.0
1694707200,0.3452,0.3471,0.3412,0.3437,5170649.0
1694736000,0.3437,0.3535,0.342,0.3459,10306723.0
1694764800,0.346,0.3638,0.3419,0.3504,18576579.0
1694793600,0.3506,0.3804,0.3485,0.3766,24962598.0
1694822400,0.3765,0.4107,0.37,0.3851,47701526.0
1694851200,0.3851,0.3864,0.3618,0.3707,32662898.0
1694880000,0.3706,0.3757,0.3651,0.3718,10066504.0
1694908800,0.3718,0.3757,0.3508,0.3545,19090478.0
1694937600,0.3545,0.3595,0.3506,0.3541,9143153.0
1694966400,0.354,0.3586,0.345,0.3558,11054153.0
1694995200,0.3558,0.3751,0.3508,0.3664,25410679.0
1695024000,0.3664,0.3896,0.3642,0.3878,43034882.0
1695052800,0.3877,0.3881,0.3672,0.3787,31507201.0
1695081600,0.3785,0.4116,0.3728,0.3999,36980802.0
1695110400,0.4,0.429,0.3851,0.3981,69558619.0
1695139200,0.3982,0.4068,0.3948,0.4009,20265185.0
1695168000,0.401,0.4129,0.3951,0.4011,23558065.0
1695196800,0.4011,0.4088,0.388,0.3934,22198439.0
1695225600,0.3935,0.4029,0.3868,0.3979,13324872.0
1695254400,0.3979,0.4071,0.3803,0.3821,13990988.0
1695283200,0.3821,0.3833,0.3662,0.3732,19519308.0
1695312000,0.3732,0.3769,0.3671,0.3742,10824196.0
1695340800,0.3743,0.3791,0.3665,0.3707,10285069.0
1695369600,0.3708,0.376,0.365,0.3697,8802013.0
1695398400,0.3697,0.3723,0.3623,0.3701,7742361.0
1695427200,0.3702,0.3772,0.3669,0.3691,8384891.0
1695456000,0.3691,0.3697,0.3554,0.359,9453737.0
1695484800,0.359,0.3633,0.3582,0.3626,4852217.0
1695513600,0.3627,0.3654,0.359,0.3605,5645118.0
1695542400,0.3605,0.3671,0.3596,0.3643,7186185.0
1695571200,0.3644,0.3687,0.3453,0.356,10909939.0
1695600000,0.3559,0.3645,0.3539,0.3618,8493077.0
1695628800,0.3618,0.3665,0.3582,0.3661,6533885.0
1695657600,0.3662,0.3868,0.3658,0.3796,33700006.0
1695686400,0.3797,0.3817,0.3718,0.3765,16708245.0
1695715200,0.3766,0.3781,0.3669,0.3699,15148870.0
1695744000,0.3699,0.3779,0.3666,0.3772,6931580.0
1695772800,0.3773,0.3864,0.3745,0.3765,9728753.0
1695801600,0.3765,0.4,0.3718,0.3796,28165618.0
1695830400,0.3796,0.3839,0.3774,0.3828,6582621.0
1695859200,0.3828,0.3887,0.3771,0.3807,6888680.0
1695888000,0.3808,0.3986,0.3745,0.3983,15531538.0
1695916800,0.3979,0.4007,0.3918,0.3942,10433030.0
1695945600,0.3942,0.4196,0.3889,0.4154,18158991.0
1695974400,0.4154,0.4173,0.3968,0.4036,23681845.0
1696003200,0.4035,0.4066,0.3987,0.4039,7401788.0
1696032000,0.404,0.4194,0.3972,0.4126,13983013.0
1696060800,0.4126,0.4494,0.4069,0.4329,49729061.0
1696089600,0.4331,0.4359,0.4122,0.4154,27363096.0
1696118400,0.4153,0.4298,0.4149,0.4248,13676494.0
1696147200,0.4249,0.4389,0.4215,0.4306,15032143.0
1696176000,0.4307,0.4478,0.4244,0.4458,14644906.0
1696204800,0.4458,0.4545,0.4384,0.4468,12382123.0
1696233600,0.4467,0.454,0.4258,0.4294,16723936.0
1696262400,0.4294,0.4382,0.4073,0.4297,11738558.0
1696291200,0.4299,0.4389,0.4206,0.4216,10382682.0
1696320000,0.4215,0.4237,0.3843,0.3864,25226873.0
1696348800,0.3867,0.3916,0.3761,0.3816,19313189.0
1696377600,0.3816,0.3832,0.3613,0.381,21578306.0
1696406400,0.381,0.3906,0.377,0.3889,23495578.0
1696435200,0.3888,0.4047,0.384,0.4019,20972603.0
1696464000,0.4019,0.4427,0.3982,0.4228,279733854.0
1696492800,0.4228,0.4267,0.3718,0.3774,147679855.0
1696521600,0.3775,0.3781,0.3663,0.3674,37855678.0
1696550400,0.3674,0.3834,0.3636,0.3795,50932637.0
1696579200,0.3795,0.3846,0.3692,0.3745,52524143.0
1696608000,0.3745,0.3814,0.3711,0.372,19482105.0
1696636800,0.3719,0.3751,0.3673,0.3702,17987923.0
1696665600,0.3702,0.3723,0.3679,0.3696,11932812.0
1696694400,0.3696,0.3715,0.3617,0.3708,15747154.0
1696723200,0.3708,0.3708,0.3434,0.3562,38933491.0
1696752000,0.3562,0.362,0.3542,0.359,15240569.0
1696780800,0.3589,0.3637,0.358,0.3609,7868660.0
1696809600,0.361,0.3641,0.3567,0.3575,10598440.0
1696838400,0.3575,0.3582,0.3267,0.3473,37143474.0
1696867200,0.3474,0.3491,0.3377,0.3446,17256660.0
1696896000,0.3447,0.3505,0.3386,0.3466,15198441.0
1696924800,0.3465,0.3472,0.3338,0.335,18601233.0
1696953600,0.3351,0.3391,0.332,0.3364,8428559.0
1696982400,0.3364,0.3395,0.3206,0.3317,33713368.0
1697011200,0.3317,0.3353,0.3264,0.3313,19028118.0
1697040000,0.3314,0.3382,0.3295,0.3378,11277802.0
1697068800,0.3377,0.3381,0.3293,0.3329,11831273.0
1697097600,0.3329,0.3353,0.325,0.3319,15573596.0
1697126400,0.3319,0.3355,0.3278,0.3343,5930522.0
1697155200,0.3345,0.337,0.3311,0.3346,10549194.0
1697184000,0.3347,0.3379,0.3303,0.3311,8522832.0
1697212800,0.331,0.3392,0.329,0.3353,11016962.0
1697241600,0.3352,0.345,0.3334,0.3349,13216145.0
1697270400,0.3349,0.3373,0.3333,0.3357,7611710.0
1697299200,0.3355,0.3364,0.3304,0.3308,5624547.0
1697328000,0.3307,0.3346,0.3271,0.3289,11572438.0
1697356800,0.3289,0.3328,0.3241,0.3285,11993760.0
1697385600,0.3285,0.3342,0.3274,0.3304,5199304.0
1697414400,0.3303,0.3437,0.3294,0.342,19720813.0
1697443200,0.3419,0.3579,0.328,0.3318,55322798.0
1697472000,0.3318,0.3455,0.3318,0.3417,16527374.0
1697500800,0.3417,0.3431,0.3326,0.3334,11428736.0
1697529600,0.3334,0.3345,0.3041,0.3152,29598130.0
1697558400,0.3151,0.3169,0.299,0.3045,21628125.0
1697587200,0.3045,0.307,0.293,0.3019,25203120.0
1697616000,0.3018,0.3033,0.2868,0.2881,19923553.0
1697644800,0.2881,0.2952,0.2876,0.2902,9775089.0
1697673600,0.2903,0.3089,0.2784,0.3076,31297158.0
1697702400,0.3077,0.3096,0.2921,0.2942,34127365.0
1697731200,0.2942,0.3006,0.2934,0.2982,11736772.0
1697760000,0.2982,0.3064,0.2953,0.3019,16145235.0
1697788800,0.302,0.3121,0.3016,0.3069,17798378.0
1697817600,0.307,0.3118,0.3061,0.3086,6201031.0
1697846400,0.3086,0.3106,0.3027,0.307,6960409.0
1697875200,0.3071,0.3248,0.3057,0.3224,27552118.0
1697904000,0.3223,0.3333,0.319,0.3197,18694135.0
1697932800,0.3197,0.3275,0.312,0.3176,22252623.0
1697961600,0.3176,0.3218,0.3125,0.3143,14559682.0
1697990400,0.3144,0.3271,0.3133,0.3252,12904140.0
1698019200,0.3252,0.3332,0.3209,0.3239,25605013.0
1698048000,0.3241,0.3289,0.3163,0.3264,23561069.0
1698076800,0.3263,0.3589,0.3244,0.3502,26585490.0
1698105600,0.3502,0.3601,0.3388,0.346,37227572.0
1698134400,0.346,0.3641,0.3333,0.3412,50992670.0
1698163200,0.3413,0.3691,0.3379,0.3646,22737670.0
1698192000,0.3646,0.3775,0.3575,0.3599,46166229.0
1698220800,0.3598,0.4239,0.3522,0.42,67663541.0
1698249600,0.4206,0.4265,0.3723,0.387,77373595.0
1698278400,0.387,0.3964,0.3773,0.3888,27536930.0
1698307200,0.389,0.3954,0.3604,0.3737,38607841.0
1698336000,0.3739,0.3864,0.3714,0.3806,10725103.0
1698364800,0.3807,0.3817,0.3615,0.3696,21995113.0
1698393600,0.3695,0.3838,0.3691,0.3752,13960672.0
1698422400,0.3753,0.376,0.3639,0.3674,13220728.0
1698451200,0.3675,0.3891,0.3673,0.3863,13879845.0
1698480000,0.3863,0.3891,0.3768,0.3874,14158288.0
1698508800,0.3874,0.3896,0.382,0.3833,7256195.0
1698537600,0.3834,0.3972,0.3701,0.3904,18140758.0
1698566400,0.3905,0.3966,0.3863,0.3931,17204485.0
1698595200,0.3931,0.399,0.3882,0.3898,8790671.0
1698624000,0.3898,0.3923,0.3821,0.386,12645296.0
1698652800,0.3859,0.4087,0.3847,0.403,21024296.0
1698681600,0.403,0.4033,0.3862,0.3957,11207977.0
1698710400,0.3957,0.4062,0.3871,0.3886,12977498.0
1698739200,0.3885,0.4047,0.353,0.3626,43128703.0
1698768000,0.3627,0.3728,0.3583,0.3709,12516907.0
1698796800,0.3708,0.375,0.3468,0.355,17622538.0
1698825600,0.355,0.3617,0.3456,0.3487,28594062.0
1698854400,0.3486,0.373,0.3479,0.3703,20389135.0
1698883200,0.3704,0.3785,0.3647,0.3673,14059233.0
1698912000,0.3672,0.3698,0.3458,0.3481,16159266.0
1698940800,0.348,0.366,0.3439,0.3548,12983907.0
1698969600,0.3548,0.3549,0.3387,0.3483,14577189.0
1698998400,0.3483,0.3518,0.3384,0.3515,13882457.0
1699027200,0.3515,0.353,0.3422,0.3517,7784817.0
1699056000,0.3516,0.3681,0.3467,0.3602,15272572.0
1699084800,0.3601,0.3689,0.3541,0.3593,12630207.0
1699113600,0.3593,0.3707,0.3563,0.367,9658994.0
1699142400,0.3672,0.383,0.363,0.379,14699144.0
1699171200,0.3789,0.3801,0.3563,0.3696,20274811.0
1699200000,0.3696,0.3867,0.3682,0.3836,18738913.0
1699228800,0.3836,0.3933,0.3758,0.3814,18786314.0
1699257600,0.3815,0.3967,0.3748,0.3848,19625046.0
1699286400,0.385,0.3957,0.3806,0.3933,13292883.0
1699315200,0.3933,0.3977,0.381,0.3852,11133546.0
1699344000,0.3853,0.3877,0.3564,0.3635,18662029.0
1699372800,0.3636,0.3805,0.3567,0.3735,12098366.0
1699401600,0.3733,0.3763,0.3667,0.3726,10761932.0
1699430400,0.3727,0.3813,0.3689,0.3757,12226636.0
1699459200,0.3758,0.388,0.3749,0.3841,10817522.0
1699488000,0.384,0.4069,0.3771,0.3987,25065009.0
1699516800,0.3987,0.414,0.3884,0.3994,27595934.0
1699545600,0.3992,0.4045,0.3345,0.3833,29357879.0
1699574400,0.3834,0.402,0.3807,0.3921,16421430.0
1699603200,0.3921,0.4315,0.3814,0.3979,48468733.0
1699632000,0.4026,0.417,0.3968,0.414,15110247.0
1699660800,0.414,0.47,0.4077,0.423,73666357.0
1699689600,0.4231,0.4407,0.4156,0.4333,28318168.0
1699718400,0.4334,0.4436,0.4201,0.4304,18229956.0
1699747200,0.4304,0.4475,0.4063,0.4376,26206576.0
1699776000,0.4376,0.4459,0.423,0.4436,18543856.0
1699804800,0.4437,0.4466,0.4291,0.436,8913310.0
1699833600,0.4359,0.4525,0.4175,0.4456,25853726.0
1699862400,0.446,0.4942,0.4365,0.4754,111059429.0
1699891200,0.4751,0.4921,0.4482,0.4532,57695300.0
1699920000,0.4533,0.4841,0.4235,0.4736,53615345.0
1699948800,0.4735,0.4757,0.4387,0.4509,49721390.0
1699977600,0.451,0.4871,0.4153,0.4767,41199211.0
1700006400,0.4767,0.5214,0.463,0.5078,42116481.0
1700035200,0.5078,0.6195,0.5,0.5486,219694558.0
1700064000,0.5485,0.5516,0.5205,0.5341,59227322.0
1700092800,0.5341,0.5659,0.5161,0.5232,58952007.0
1700121600,0.5233,0.5278,0.4751,0.4824,53916681.0
1700150400,0.4825,0.4901,0.4526,0.4659,34559335.0
1700179200,0.466,0.4885,0.4633,0.4676,38055874.0
1700208000,0.4675,0.475,0.4165,0.4194,48937053.0
1700236800,0.4195,0.438,0.417,0.4269,27745426.0
1700265600,0.4269,0.4271,0.382,0.3964,42974640.0
1700294400,0.3965,0.4158,0.3913,0.4139,35297022.0
1700323200,0.4138,0.4211,0.4052,0.4127,18343759.0
1700352000,0.4127,0.4401,0.3975,0.4289,30434347.0
1700380800,0.4291,0.4405,0.4189,0.437,33391859.0
1700409600,0.437,0.4428,0.4277,0.4386,21997584.0
1700438400,0.4385,0.451,0.429,0.4438,28838527.0
1700467200,0.4438,0.4491,0.4236,0.4387,25932108.0
1700496000,0.4387,0.4447,0.4158,0.4258,20735211.0
1700524800,0.4259,0.4385,0.4166,0.4172,21317693.0
1700553600,0.4173,0.4255,0.398,0.4142,27330815.0
1700582400,0.4143,0.4187,0.371,0.3748,36858826.0
1700611200,0.3748,0.4034,0.372,0.395,15998123.0
1700640000,0.395,0.406,0.3925,0.4019,18279884.0
1700668800,0.402,0.4204,0.3955,0.412,15192096.0
1700697600,0.4124,0.4211,0.4061,0.4146,16851062.0
1700726400,0.4146,0.4247,0.4028,0.4037,17829394.0
1700755200,0.4039,0.4175,0.4031,0.4144,8529294.0
1700784000,0.4143,0.44,0.4115,0.4381,17272344.0
1700812800,0.4382,0.4716,0.4336,0.4621,42898731.0
1700841600,0.462,0.4764,0.451,0.4719,24514504.0
1700870400,0.4718,0.4836,0.4578,0.4751,26330450.0
1700899200,0.4751,0.478,0.4568,0.4682,21251747.0
1700928000,0.4681,0.4962,0.4664,0.494,19043721.0
1700956800,0.4939,0.506,0.4754,0.4755,20442541.0
1700985600,0.4756,0.4827,0.4518,0.4529,22059237.0
1701014400,0.4526,0.4649,0.4385,0.4574,24052297.0
1701043200,0.4576,0.4686,0.434,0.4392,19523217.0
1701072000,0.4393,0.4583,0.427,0.4295,24305215.0
1701100800,0.4293,0.4371,0.421,0.4319,10241011.0
1701129600,0.4319,0.4356,0.412,0.4193,13129604.0
1701158400,0.4191,0.4424,0.4165,0.4407,17041758.0
1701187200,0.4408,0.486,0.435,0.464,40207816.0
1701216000,0.464,0.4811,0.4536,0.4741,24575240.0
1701244800,0.4741,0.4761,0.4412,0.4464,24769648.0
1701273600,0.4464,0.4662,0.4435,0.4612,22872789.0
1701302400,0.4612,0.4825,0.4547,0.4699,20689623.0
1701331200,0.4701,0.4739,0.4411,0.4424,17041889.0
1701360000,0.4424,0.4496,0.4387,0.4431,8602130.0
1701388800,0.4432,0.4661,0.4366,0.4556,15693224.0
1701417600,0.4557,0.4702,0.4557,0.4601,14796240.0
1701446400,0.4602,0.4774,0.4599,0.4692,11348804.0
1701475200,0.4692,0.4921,0.4639,0.4896,16928430.0
1701504000,0.4896,0.5047,0.4747,0.5013,27084687.0
1701532800,0.5012,0.552,0.4978,0.5348,62158035.0
1701561600,0.5349,0.55,0.522,0.5302,34902599.0
1701590400,0.5302,0.5559,0.5168,0.5238,36126957.0
1701619200,0.5238,0.5362,0.518,0.5245,13744073.0
1701648000,0.5245,0.5372,0.5061,0.5209,35315885.0
1701676800,0.521,0.5311,0.4536,0.4932,43809456.0
1701705600,0.4932,0.5092,0.49,0.5066,15396222.0
1701734400,0.5067,0.5303,0.4996,0.5093,30108618.0
1701763200,0.5094,0.5121,0.4921,0.5098,20468406.0
1701792000,0.5098,0.529,0.5004,0.5278,27331383.0
1701820800,0.5278,0.5718,0.5246,0.5283,52087824.0
1701849600,0.5285,0.5428,0.5021,0.5095,33944972.0
1701878400,0.5096,0.5192,0.4883,0.491,17286450.0
1701907200,0.491,0.5048,0.4806,0.499,21771550.0
1701936000,0.499,0.5543,0.4752,0.5331,31951128.0
1701964800,0.5331,0.5365,0.5156,0.5192,14580377.0
1701993600,0.5193,0.53,0.5079,0.5084,15599444.0
1702022400,0.5083,0.5439,0.5052,0.5413,21898190.0
1702051200,0.5415,0.5594,0.5336,0.5512,20033451.0
1702080000,0.5512,0.5629,0.5438,0.5571,13822485.0
1702108800,0.557,0.563,0.5252,0.5345,28648812.0
1702137600,0.5346,0.5378,0.513,0.5203,12539542.0
1702166400,0.5203,0.5388,0.5181,0.5232,11351278.0
1702195200,0.523,0.5253,0.4975,0.5155,16274834.0
1702224000,0.5154,0.5214,0.5056,0.5174,8246360.0
1702252800,0.5174,0.523,0.4173,0.4789,29571805.0
1702281600,0.4789,0.4901,0.4735,0.481,13205055.0
1702310400,0.4811,0.4902,0.4575,0.4758,14866336.0
1702339200,0.4759,0.49,0.4745,0.4806,11902785.0
1702368000,0.4806,0.4815,0.4534,0.4613,19781745.0
1702396800,0.4612,0.4776,0.4476,0.4769,13338890.0
1702425600,0.477,0.4861,0.453,0.4656,30749165.0
1702454400,0.4657,0.474,0.4513,0.4711,18457023.0
1702483200,0.4711,0.4908,0.4648,0.4828,15108710.0
1702512000,0.4826,0.4898,0.4687,0.4787,18868739.0
1702540800,0.4787,0.4928,0.4513,0.4646,26926140.0
1702569600,0.4645,0.5042,0.4629,0.4986,26048636.0
1702598400,0.4983,0.5036,0.4855,0.4885,13555465.0
1702627200,0.4883,0.5063,0.466,0.4713,28020974.0
1702656000,0.4713,0.4964,0.4631,0.465,16987800.0
1702684800,0.4651,0.4721,0.4546,0.4637,12078761.0
1702713600,0.4637,0.4957,0.4629,0.4868,20765728.0
1702742400,0.4867,0.6102,0.4813,0.5296,123871453.0
1702771200,0.5295,0.5377,0.5077,0.5216,44117419.0
1702800000,0.5216,0.5701,0.5153,0.5481,78185221.0
1702828800,0.5481,0.651,0.5364,0.6067,160656635.0
1702857600,0.6067,0.6096,0.5416,0.5448,75749430.0
1702886400,0.5446,0.5475,0.5115,0.525,49227441.0
1702915200,0.525,0.5449,0.5153,0.5389,25083745.0
1702944000,0.5389,0.6833,0.5333,0.6726,61601449.0
1702972800,0.6725,0.6787,0.6044,0.6231,69359747.0
1703001600,0.6231,0.6242,0.593,0.5982,34426143.0
1703030400,0.5982,0.6345,0.5868,0.6273,39032397.0
1703059200,0.6272,0.7548,0.6203,0.7102,80785895.0
1703088000,0.7104,0.7498,0.7021,0.748,38897906.0
1703116800,0.7479,0.7539,0.68,0.6984,35425216.0
1703145600,0.6984,0.7158,0.6759,0.7068,29587528.0
1703174400,0.7069,0.7807,0.6915,0.7249,30513228.0
1703203200,0.7248,0.736,0.6805,0.6855,20770749.0
1703232000,0.6854,0.6907,0.6481,0.6607,23756100.0
1703260800,0.6606,0.6954,0.6559,0.6894,13608673.0
1703289600,0.689,0.6891,0.649,0.6778,19245769.0
1703318400,0.6777,0.6854,0.6421,0.6596,16330039.0
1703347200,0.6596,0.6685,0.6513,0.6601,10173755.0
1703376000,0.6601,0.73,0.6487,0.7197,31674202.0
1703404800,0.7197,0.7451,0.7,0.7058,25360362.0
1703433600,0.7059,0.719,0.6593,0.6742,15711871.0
1703462400,0.6742,0.6932,0.6543,0.6665,13698266.0
1703491200,0.6666,0.6975,0.6571,0.6772,17857709.0
1703520000,0.6772,0.6959,0.6694,0.6755,10193858.0
1703548800,0.6754,0.6995,0.6523,0.6784,21868613.0
1703577600,0.6784,0.7234,0.67,0.698,28917251.0
1703606400,0.6981,0.7111,0.6093,0.6983,21951332.0
1703635200,0.6983,0.701,0.6316,0.6362,18957075.0
1703664000,0.6361,0.6655,0.6318,0.6524,16431665.0
1703692800,0.6525,0.6554,0.6357,0.6395,11488777.0
1703721600,0.6398,0.6609,0.6116,0.6285,14483103.0
1703750400,0.6285,0.6391,0.61,0.6202,13679881.0
1703779200,0.6201,0.6285,0.6068,0.619,10123568.0
1703808000,0.6192,0.6295,0.5936,0.614,11664346.0
1703836800,0.6137,0.6455,0.6079,0.6186,14472150.0
1703865600,0.6189,0.622,0.5885,0.6088,12381956.0
1703894400,0.6087,0.6339,0.6035,0.6154,8742610.0
1703923200,0.6154,0.6277,0.5962,0.6271,9103418.0
1703952000,0.627,0.6399,0.6089,0.611,7900116.0
1703980800,0.6108,0.6201,0.6019,0.6186,5682208.0
1704009600,0.6186,0.6254,0.6059,0.6117,5501883.0
1704038400,0.6114,0.621,0.57,0.587,9566956.0
1704067200,0.5869,0.5944,0.5653,0.5739,10345060.0
1704096000,0.5741,0.594,0.563,0.5935,8020814.0
1704124800,0.5936,0.6161,0.5905,0.6076,7215419.0
1704153600,0.6078,0.6316,0.6014,0.6212,9833130.0
1704182400,0.6212,0.63,0.595,0.6141,14411391.0
1704211200,0.6141,0.6442,0.5975,0.6404,28208905.0
1704240000,0.6402,0.6619,0.6332,0.6548,20611228.0
1704268800,0.6547,0.6805,0.4024,0.5433,82843590.0
1704297600,0.5433,0.6048,0.5308,0.5708,52067085.0
1704326400,0.5708,0.6122,0.5542,0.5953,23215052.0
1704355200,0.5955,0.6257,0.5913,0.6068,25652330.0
1704384000,0.6069,0.6537,0.5974,0.6242,28404176.0
1704412800,0.6243,0.6334,0.5817,0.5865,23574401.0
1704441600,0.5868,0.6164,0.5654,0.5679,32039366.0
1704470400,0.5678,0.6003,0.55,0.5977,19402848.0
1704499200,0.5976,0.6007,0.5258,0.5427,17411930.0
1704528000,0.5426,0.5789,0.5367,0.5594,16518670.0
1704556800,0.5593,0.5702,0.5394,0.5496,10713910.0
1704585600,0.5496,0.5628,0.5473,0.5572,7140945.0
1704614400,0.557,0.5604,0.5307,0.5324,18401110.0
1704643200,0.5323,0.535,0.5007,0.5088,21990045.0
1704672000,0.5088,0.5112,0.454,0.492,30843974.0
1704700800,0.4918,0.5195,0.4797,0.5134,18710484.0
1704729600,0.5134,0.5417,0.5051,0.5376,11663011.0
1704758400,0.5376,0.5425,0.5222,0.527,12525034.0
1704787200,0.5271,0.531,0.489,0.4974,13336656.0
1704816000,0.4977,0.5001,0.4708,0.497,22413760.0
1704844800,0.4969,0.5105,0.4935,0.4972,7115569.0
1704873600,0.4973,0.5198,0.4779,0.4984,17543229.0
1704902400,0.4983,0.5734,0.4908,0.5574,25000716.0
1704931200,0.5576,0.572,0.545,0.5696,13333885.0
1704960000,0.5694,0.5903,0.557,0.5675,21795680.0
1704988800,0.5676,0.5887,0.5529,0.5783,12960518.0
1705017600,0.5784,0.6035,0.5683,0.588,12384731.0
1705046400,0.5878,0.6222,0.5777,0.5837,31472579.0
1705075200,0.5837,0.6013,0.5071,0.5634,33694918.0
1705104000,0.5636,0.5665,0.5312,0.5511,11885408.0
1705132800,0.5512,0.553,0.5348,0.5496,9813315.0
1705161600,0.5499,0.5638,0.5406,0.5548,7679783.0
1705190400,0.555,0.5591,0.5388,0.5587,6687495.0
1705219200,0.5586,0.5716,0.5445,0.5671,8995978.0
1705248000,0.5672,0.5724,0.5327,0.5367,11163552.0
1705276800,0.5369,0.5653,0.5334,0.5548,8134636.0
1705305600,0.5548,0.5736,0.5426,0.5437,17052211.0
1705334400,0.5436,0.585,0.5412,0.5757,16451340.0
1705363200,0.5757,0.6024,0.5712,0.5932,15385301.0
1705392000,0.5933,0.621,0.57,0.5938,36170609.0
1705420800,0.5939,0.6274,0.5918,0.6154,20870178.0
1705449600,0.6154,0.6441,0.6129,0.6166,20355107.0
1705478400,0.6167,0.6414,0.6121,0.6153,25423669.0
1705507200,0.6157,0.6271,0.6066,0.6223,15068765.0
1705536000,0.6223,0.6271,0.5969,0.6028,12189427.0
1705564800,0.6029,0.6056,0.5742,0.5817,15528308.0
1705593600,0.5817,0.5824,0.5426,0.554,23429071.0
1705622400,0.5542,0.5568,0.524,0.5467,15639303.0
1705651200,0.5468,0.5539,0.5199,0.5218,14832642.0
1705680000,0.522,0.5411,0.4966,0.5288,18373665.0
1705708800,0.5289,0.5407,0.5194,0.5316,8122965.0
1705737600,0.5315,0.5406,0.5226,0.5362,7126033.0
1705766400,0.5361,0.5423,0.5279,0.5359,11209363.0
1705795200,0.5358,0.5452,0.5276,0.5371,5860671.0
1705824000,0.5371,0.5478,0.5308,0.5417,9159251.0
1705852800,0.5416,0.5455,0.5256,0.5281,6328173.0
1705881600,0.5278,0.5339,0.5104,0.5152,8229174.0
1705910400,0.515,0.5238,0.5,0.5099,17909956.0
1705939200,0.51,0.5189,0.4951,0.5031,12782076.0
1705968000,0.503,0.5178,0.4911,0.5039,7649437.0
1705996800,0.504,0.5057,0.4585,0.4792,22155004.0
1706025600,0.4795,0.4964,0.4735,0.4956,8529753.0
1706054400,0.4956,0.5036,0.4853,0.5002,6676174.0
1706083200,0.5004,0.5098,0.4918,0.4974,9802710.0
1706112000,0.4975,0.509,0.4937,0.5075,7281373.0
1706140800,0.5073,0.5103,0.4977,0.5098,6748049.0
1706169600,0.5099,0.5181,0.4922,0.4947,11129118.0
1706198400,0.4945,0.5104,0.4841,0.5049,8518222.0
1706227200,0.5049,0.5158,0.5018,0.5098,5105158.0
1706256000,0.5096,0.534,0.5091,0.5312,11178145.0
1706284800,0.5312,0.5385,0.5266,0.5305,6569414.0
1706313600,0.5306,0.5441,0.5273,0.5315,7602067.0
1706342400,0.5315,0.5476,0.5236,0.5446,8416595.0
1706371200,0.5446,0.5549,0.5418,0.5486,6935884.0
1706400000,0.5485,0.5569,0.5361,0.5375,8476815.0
1706428800,0.5375,0.5504,0.5276,0.5325,8004926.0
1706457600,0.5323,0.5346,0.5144,0.5208,6948928.0
1706486400,0.5209,0.5333,0.518,0.5251,5365004.0
1706515200,0.5251,0.54,0.5213,0.5395,8098546.0
1706544000,0.5397,0.5515,0.5348,0.5448,8232509.0
1706572800,0.5446,0.5547,0.5339,0.5386,6329561.0
1706601600,0.5389,0.5762,0.5365,0.5618,23575635.0
1706630400,0.5618,0.5783,0.552,0.5604,15726716.0
1706659200,0.5604,0.5707,0.5446,0.5702,13009967.0
1706688000,0.5701,0.5715,0.5383,0.5534,17378269.0
1706716800,0.5534,0.5636,0.5318,0.5396,13487498.0
1706745600,0.5395,0.5509,0.5185,0.5268,9563825.0
1706774400,0.5268,0.539,0.5206,0.5319,7935586.0
1706803200,0.5319,0.5388,0.5268,0.5331,5554489.0
1706832000,0.5331,0.5454,0.5251,0.5288,7483575.0
1706860800,0.5286,0.5357,0.5187,0.5344,8640966.0
1706889600,0.5343,0.5359,0.5217,0.5281,4453408.0
1706918400,0.5283,0.5349,0.5251,0.5277,6015518.0
1706947200,0.5278,0.533,0.5231,0.5285,4936194.0
1706976000,0.5284,0.531,0.5192,0.5215,3996394.0
1707004800,0.5217,0.5242,0.5077,0.5125,9185715.0
1707033600,0.5126,0.5183,0.5063,0.5155,5308515.0
1707062400,0.5156,0.5164,0.5024,0.5048,4555657.0
1707091200,0.5048,0.5149,0.4961,0.5129,4235127.0
1707120000,0.5129,0.5249,0.5099,0.5127,7136195.0
1707148800,0.5127,0.5203,0.5063,0.5156,5114828.0
1707177600,0.5155,0.5191,0.5098,0.5149,3772152.0
1707206400,0.515,0.5258,0.5133,0.5208,7184965.0
1707235200,0.5208,0.5289,0.5186,0.5219,4105875.0
1707264000,0.5221,0.5482,0.5145,0.5436,13012696.0
1707292800,0.5438,0.574,0.5405,0.5728,30946605.0
1707321600,0.5727,0.5956,0.5702,0.5739,21557489.0
1707350400,0.5739,0.5849,0.5639,0.5757,12435193.0
1707379200,0.5755,0.5843,0.5661,0.5683,10622093.0
1707408000,0.5682,0.5735,0.5608,0.57,7881973.0
1707436800,0.5701,0.5927,0.567,0.5712,8003787.0
1707465600,0.5714,0.5825,0.5669,0.5743,9543366.0
1707494400,0.5741,0.6046,0.5727,0.5957,10685563.0
1707523200,0.5955,0.61,0.5949,0.5983,8110139.0
1707552000,0.5983,0.6057,0.5878,0.6025,10140837.0
1707580800,0.6026,0.6049,0.5923,0.5977,6586023.0
1707609600,0.5977,0.6072,0.5933,0.6002,5893820.0
1707638400,0.6001,0.6214,0.5911,0.6177,13091214.0
1707667200,0.6178,0.634,0.5966,0.6016,21180284.0
1707696000,0.6016,0.6128,0.5848,0.6015,8305942.0
1707724800,0.6015,0.6248,0.583,0.6228,10650172.0
1707753600,0.6229,0.6316,0.6147,0.6183,9209437.0
1707782400,0.6182,0.6237,0.6061,0.6202,6201245.0
1707811200,0.6203,0.6332,0.5999,0.6307,13048194.0
1707840000,0.6307,0.659,0.6203,0.6481,12544750.0
1707868800,0.6481,0.6672,0.6365,0.6659,7106155.0
1707897600,0.6659,0.6662,0.6477,0.6596,13406567.0
1707926400,0.6598,0.6821,0.6472,0.6675,13664139.0
1707955200,0.6675,0.6744,0.6526,0.6664,8114786.0
1707984000,0.6664,0.6761,0.6582,0.6653,8598271.0
1708012800,0.6652,0.6744,0.6414,0.6555,8204555.0
1708041600,0.6557,0.7258,0.6495,0.7139,17291107.0
1708070400,0.7141,0.8566,0.704,0.801,122673532.0
1708099200,0.8008,0.834,0.7367,0.769,51421600.0
1708128000,0.769,0.817,0.744,0.8028,31222318.0
1708156800,0.803,0.8616,0.7669,0.8511,56308590.0
1708185600,0.8512,0.8818,0.8146,0.8679,37949639.0
1708214400,0.8679,1.172,0.8308,1.0417,207276969.0
1708243200,1.0416,1.1325,1.0004,1.0695,108150860.0
1708272000,1.0694,1.1527,1.0207,1.0464,78580376.0
1708300800,1.0463,1.3069,1.0461,1.2558,141071326.0
1708329600,1.2557,1.2693,1.062,1.0742,87148477.0
1708358400,1.0742,1.1007,1.0459,1.0882,35225868.0
1708387200,1.0883,1.1144,0.9841,1.0287,60476627.0
1708416000,1.0286,1.141,0.938,1.0853,72690357.0
1708444800,1.0853,1.1521,1.0438,1.1366,43432755.0
1708473600,1.1367,1.1652,1.0365,1.0626,35953121.0
1708502400,1.0626,1.1333,1.0444,1.0655,52089073.0
1708531200,1.0655,1.1929,1.014,1.1889,39078744.0
1708560000,1.1889,1.427,1.1351,1.3689,97382084.0
1708588800,1.3689,1.4897,1.3214,1.4863,67923863.0
1708617600,1.4862,1.4881,1.385,1.3996,49226009.0
1708646400,1.3996,1.5847,1.3895,1.4498,88705432.0
1708675200,1.4497,1.5499,1.3311,1.3499,77080126.0
1708704000,1.3501,1.42,1.3137,1.3406,28857331.0
1708732800,1.3407,1.3439,1.2602,1.2829,28311248.0
1708761600,1.2831,1.465,1.272,1.3866,35636325.0
1708790400,1.3865,1.451,1.3689,1.4131,22072590.0
1708819200,1.4131,1.7449,1.4101,1.6833,75968392.0
1708848000,1.6833,1.705,1.5621,1.6466,53493260.0
1708876800,1.6467,1.7474,1.6071,1.6348,31056275.0
1708905600,1.6348,1.6951,1.5632,1.6178,32283333.0
1708934400,1.6181,1.8053,1.6174,1.6836,71341222.0
1708963200,1.6834,1.7573,1.6219,1.6381,27356331.0
1708992000,1.6382,1.7078,1.566,1.6024,30121068.0
1709020800,1.6028,1.6635,1.58,1.5917,24669691.0
1709049600,1.5918,1.607,1.4305,1.4415,32137401.0
1709078400,1.4417,1.5603,1.4353,1.4964,26812062.0
1709107200,1.4967,1.953,1.4448,1.8573,78674461.0
1709136000,1.8571,2.2335,1.4578,2.1872,111208612.0
1709164800,2.1872,2.4096,2.0904,2.2271,83039534.0
1709193600,2.2268,2.35,2.023,2.1294,85294608.0
1709222400,2.1296,2.18,2.0252,2.1278,32440449.0
1709251200,2.1277,2.74,2.126,2.5815,73514725.0
1709280000,2.582,2.6778,2.4753,2.599,40423898.0
1709308800,2.599,2.8722,2.5041,2.6817,34638842.0
1709337600,2.6822,2.9015,2.3824,2.4472,41417718.0
1709366400,2.4474,2.607,2.3756,2.5183,31977955.0
1709395200,2.5183,2.5681,2.4212,2.4305,18601587.0
1709424000,2.4303,2.785,2.3303,2.6616,46681647.0
1709452800,2.6628,2.933,2.5853,2.6097,48241239.0
1709481600,2.6093,2.6638,2.5646,2.5987,11543904.0
1709510400,2.5985,2.75,2.5833,2.5956,23228861.0
1709539200,2.5955,2.6943,2.5142,2.5252,21007926.0
1709568000,2.5247,2.588,2.4178,2.5101,23476596.0
1709596800,2.5099,2.5262,2.3,2.3675,27462924.0
1709625600,2.3675,2.4955,2.3091,2.4718,26311069.0
1709654400,2.4718,2.5924,1.8793,2.2846,47953507.0
1709683200,2.2847,2.5258,2.1,2.4555,28840043.0
1709712000,2.4557,2.4566,2.2109,2.3983,26219343.0
1709740800,2.3985,2.9745,2.3973,2.947,34279859.0
1709769600,2.9471,3.108,2.6975,2.8365,41235875.0
1709798400,2.8367,2.8727,2.62,2.7163,22648256.0
1709827200,2.7167,2.9173,2.7142,2.8213,16695918.0
1709856000,2.8213,2.9489,2.6929,2.8194,17106510.0
1709884800,2.8193,2.8961,2.4562,2.8002,20126140.0
1709913600,2.8013,2.9886,2.7445,2.8793,20993082.0
1709942400,2.8795,3.44,2.7968,3.3698,37843683.0
1709971200,3.3698,3.6,3.2284,3.5686,38890952.0
1710000000,3.5672,3.9962,3.4522,3.9875,23234662.0
1710028800,3.9876,4.0097,3.5742,3.5846,35588810.0
1710057600,3.5855,3.64,2.8824,3.037,107403917.0
1710086400,3.0376,3.2434,3.0221,3.2142,25576921.0
1710115200,3.2142,3.3332,2.897,3.2908,40364813.0
1710144000,3.2909,3.4085,3.1,3.1024,30631056.0
1710172800,3.1021,3.1098,2.9909,3.0634,20276717.0
1710201600,3.064,3.181,3.0115,3.0399,24170403.0
1710230400,3.0408,3.2214,2.9102,3.1794,27877444.0
1710259200,3.1794,3.2133,2.9,3.147,22428122.0
1710288000,3.147,3.2,3.031,3.0344,11739252.0
1710316800,3.0342,3.0701,2.93,3.0253,15874351.0
1710345600,3.0253,3.0675,2.9869,3.0133,7007808.0
1710374400,3.0135,3.0482,2.8596,2.9043,15439750.0
1710403200,2.9044,3.1827,2.8924,2.9535,31798324.0
1710432000,2.9536,3.2633,2.9458,3.223,29884024.0
1710460800,3.2233,3.2585,2.7555,3.0793,34099948.0
1710489600,3.079,3.0939,2.75,2.9798,30837548.0
1710518400,2.9801,3.0742,2.9013,3.0132,13146779.0
1710547200,3.0133,3.0604,2.87,2.933,11513494.0
1710576000,2.9327,3.015,2.7323,2.7878,17520382.0
1710604800,2.7879,2.7905,2.5128,2.5926,21486726.0
1710633600,2.5927,2.7921,2.52,2.6475,19944063.0
1710662400,2.6476,3.1929,2.6079,3.1058,39403928.0
1710691200,3.1047,3.1403,2.9124,2.9615,17899654.0
1710720000,2.9615,3.0007,2.78,2.7999,17065700.0
1710748800,2.8001,2.8081,2.6264,2.6673,22597888.0
1710777600,2.6673,2.9874,2.5739,2.706,30256856.0
1710806400,2.7059,2.7059,2.3,2.4827,35187036.0
1710835200,2.4827,2.578,2.3199,2.554,25807984.0
1710864000,2.554,2.5639,2.325,2.382,14157917.0
1710892800,2.3821,2.4934,2.28,2.4616,17715645.0
1710921600,2.463,2.5546,2.4107,2.4403,14189802.0
1710950400,2.4404,2.7394,2.3516,2.6662,17982988.0
1710979200,2.6663,2.7477,2.615,2.6674,11468200.0
1711008000,2.6674,2.7457,2.57,2.5964,8684979.0
1711036800,2.5972,2.6461,2.5218,2.5962,7439396.0
1711065600,2.5962,2.7516,2.5567,2.7112,8472747.0
1711094400,2.7112,2.7796,2.4798,2.5712,14601937.0
1711123200,2.5714,2.5732,2.45,2.5281,6615887.0
1711152000,2.528,2.6148,2.501,2.5942,6074097.0
1711180800,2.5937,2.787,2.5782,2.7153,15076245.0
1711209600,2.7152,2.7577,2.643,2.6505,6058874.0
1711238400,2.6503,2.7058,2.5781,2.5995,5463301.0
1711267200,2.5995,2.7284,2.5922,2.6897,5368672.0
1711296000,2.6896,2.82,2.62,2.7688,6124690.0
1711324800,2.7694,2.8164,2.6907,2.6973,5949829.0
1711353600,2.6971,2.8377,2.6834,2.8315,7384310.0
1711382400,2.8312,2.8578,2.7636,2.7971,5457704.0
1711411200,2.7973,3.0623,2.7624,2.9901,13181264.0
1711440000,2.9904,3.0218,2.8253,2.8537,9784269.0
1711468800,2.8534,2.8928,2.7921,2.8507,6356519.0
1711497600,2.8506,2.9141,2.806,2.8434,6932823.0
1711526400,2.8435,3.1384,2.81,2.8149,28783743.0
1711555200,2.8147,2.8415,2.7428,2.7693,6070414.0
1711584000,2.7691,2.815,2.6608,2.7851,8262016.0
1711612800,2.7851,2.8022,2.7231,2.8003,9438167.0
1711641600,2.8006,2.81,2.7318,2.7422,4035316.0
1711670400,2.7428,2.7796,2.6056,2.6211,8528362.0
1711699200,2.6222,2.6698,2.5603,2.5894,4837505.0
1711728000,2.5891,2.6873,2.5875,2.6271,5062647.0
1711756800,2.6272,2.6592,2.5854,2.5901,3541133.0
1711785600,2.5902,2.643,2.55,2.5734,4789352.0
1711814400,2.5736,2.5875,2.5169,2.5575,3705058.0
1711843200,2.5574,2.6048,2.5354,2.5902,3351717.0
1711872000,2.5897,2.5991,2.5531,2.5638,3019236.0
1711900800,2.5638,2.6546,2.561,2.616,3972393.0
1711929600,2.6162,2.6752,2.38,2.5356,10255726.0
1711958400,2.5362,2.64,2.3617,2.6256,19076752.0
1711987200,2.6257,2.788,2.5617,2.7116,36404332.0
1712016000,2.7112,2.7418,2.41,2.5745,20662948.0
1712044800,2.5746,2.6261,2.4391,2.577,18698405.0
1712073600,2.5768,2.6435,2.4673,2.4798,10614521.0
1712102400,2.4798,2.4799,2.3032,2.3624,14945001.0
1712131200,2.3624,2.4699,2.2041,2.2133,19167087.0
1712160000,2.2137,2.2676,2.1188,2.1513,15063225.0
1712188800,2.1519,2.2496,2.107,2.1695,11560927.0
1712217600,2.1695,2.2652,2.1351,2.2163,13105938.0
1712246400,2.2169,2.2866,2.1772,2.1825,11336166.0
1712275200,2.1825,2.2179,2.0261,2.0745,9935473.0
1712304000,2.0746,2.1681,2.0234,2.1649,11931478.0
1712332800,2.165,2.2256,2.1359,2.1801,4807394.0
1712361600,2.1801,2.3042,2.163,2.1997,9927308.0
1712390400,2.1997,2.24,2.1468,2.1692,5516577.0
1712419200,2.1689,2.2161,2.1652,2.1885,3074625.0
1712448000,2.1885,2.3094,2.1808,2.241,8972498.0
1712476800,2.2409,2.32,2.2285,2.2674,5934001.0
1712505600,2.2675,2.3037,2.2208,2.2552,4260625.0
1712534400,2.255,2.2797,2.1974,2.2696,3537539.0
1712563200,2.2701,2.3863,2.2684,2.3427,6359202.0
1712592000,2.3422,2.5232,2.3357,2.488,7000957.0
1712620800,2.4879,2.5048,2.2033,2.2196,12165643.0
1712649600,2.2202,2.2208,1.94,2.0762,69965620.0
1712678400,2.0766,2.0867,1.9874,2.0115,16169310.0
1712707200,2.0118,2.0656,1.9201,1.9505,22568408.0
1712736000,1.9502,1.9586,1.7806,1.8858,31872474.0
1712764800,1.8858,2.0384,1.8697,2.0179,16718729.0
1712793600,2.0181,2.048,1.9338,2.0228,12532234.0
1712822400,2.0228,2.0969,1.9126,1.9635,21791540.0
1712851200,1.9633,1.9926,1.9288,1.9777,7982753.0
1712880000,1.9778,2.0237,1.9439,1.956,6421496.0
1712908800,1.956,2.0345,1.8833,1.9056,11563924.0
1712937600,1.906,1.9174,1.3429,1.5818,46484911.0
1712966400,1.5818,1.632,1.5009,1.6139,13103225.0
1712995200,1.6139,1.6743,1.6005,1.6242,9521227.0
1713024000,1.624,1.6302,1.175,1.421,51172528.0
1713052800,1.421,1.5295,1.3344,1.5234,18508744.0
1713081600,1.5233,1.5359,1.4374,1.4814,13486729.0
1713110400,1.4817,1.6235,1.4232,1.5833,17560053.0
1713139200,1.5832,1.689,1.5038,1.6493,13414312.0
1713168000,1.6493,1.6819,1.5755,1.6049,13870558.0
1713196800,1.6048,1.6195,1.4918,1.5551,13903542.0
1713225600,1.5553,1.5918,1.4598,1.5667,11717082.0
1713254400,1.5666,1.6044,1.4729,1.4832,14492413.0
1713283200,1.4826,1.619,1.4689,1.5805,9179319.0
1713312000,1.5805,1.5952,1.5218,1.5376,7010304.0
1713340800,1.5379,1.5534,1.4359,1.4501,15262233.0
1713369600,1.45,1.6094,1.4322,1.5569,22114045.0
1713398400,1.5568,1.5878,1.5036,1.5167,15645776.0
1713427200,1.5167,1.7218,1.4926,1.6942,17584874.0
1713456000,1.694,1.7382,1.6154,1.6796,14954900.0
1713484800,1.6797,1.751,1.5209,1.694,19511359.0
1713513600,1.6942,1.7694,1.6757,1.7517,10788400.0
1713542400,1.7516,1.77,1.6861,1.7315,8747401.0
1713571200,1.7312,1.7973,1.6844,1.7737,8376891.0
1713600000,1.7744,1.8958,1.7569,1.8951,13065264.0
1713628800,1.8944,2.064,1.8666,2.0223,19713341.0
1713657600,2.0221,2.2205,2.0082,2.1597,25864097.0
1713686400,2.159,2.2172,2.0801,2.138,27451552.0
1713715200,2.138,2.1669,2.0652,2.1528,16913711.0
1713744000,2.1525,2.3984,2.1422,2.2836,30760166.0
1713772800,2.2833,2.3292,2.2025,2.2882,16387473.0
1713801600,2.2882,2.3283,2.2233,2.2881,11162027.0
1713830400,2.2883,2.4,2.2326,2.2508,14845911.0
1713859200,2.2511,2.3562,2.237,2.2529,15850476.0
1713888000,2.2529,2.2682,2.2009,2.2311,8221797.0
1713916800,2.2311,2.2648,2.1245,2.1774,12287608.0
1713945600,2.1774,2.26,2.101,2.106,12659278.0
1713974400,2.106,2.2433,2.0698,2.0952,13444023.0
1714003200,2.0954,2.1353,2.0,2.0195,10773519.0
1714032000,2.0198,2.2157,1.9708,2.2102,18691019.0
1714060800,2.2104,2.2597,2.1143,2.116,10030042.0
1714089600,2.1163,2.1425,2.0092,2.0258,7547679.0
1714118400,2.0262,2.1667,2.0226,2.1025,11385176.0
1714147200,2.1018,2.1372,2.0641,2.0778,5345357.0
1714176000,2.0778,2.0943,1.8421,2.0071,10974369.0
1714204800,2.007,2.1735,1.976,2.0998,13361282.0
1714233600,2.0995,2.1836,2.0575,2.1361,7576426.0
1714262400,2.1362,2.2493,2.1325,2.1872,7676841.0
1714291200,2.1868,2.1971,2.0899,2.0965,5522300.0
1714320000,2.0965,2.1041,1.9929,2.0021,6875155.0
1714348800,2.0021,2.045,1.9511,1.975,8265679.0
1714377600,1.975,2.055,1.9244,2.0028,11380289.0
1714406400,2.0028,2.0839,1.9467,2.0461,6717487.0
1714435200,2.0462,2.0863,1.9501,1.9854,8247062.0
1714464000,1.985,1.9947,1.8,1.819,14139131.0
1714492800,1.819,1.9366,1.768,1.9169,17962091.0
1714521600,1.9166,1.9166,1.7239,1.7614,12827103.0
1714550400,1.7613,1.9393,1.7392,1.8539,15003885.0
1714579200,1.8543,2.0316,1.8308,1.9518,15268593.0
1714608000,1.9521,1.9565,1.8494,1.8643,6000657.0
1714636800,1.8645,1.9859,1.8567,1.9321,13476360.0
1714665600,1.9322,1.9466,1.8804,1.9068,7219897.0
1714694400,1.9068,2.0088,1.8805,1.906,9199626.0
1714723200,1.906,2.0256,1.8756,2.019,11510697.0
1714752000,2.0191,2.2403,2.0101,2.1959,21016058.0
1714780800,2.1953,2.2411,2.1712,2.2078,9908705.0
1714809600,2.2075,2.278,2.1894,2.2725,12725268.0
1714838400,2.2724,2.3368,2.2423,2.2905,10291457.0
1714867200,2.2909,2.403,2.1988,2.3282,14953716.0
1714896000,2.3283,2.6919,2.3051,2.6576,37857192.0
1714924800,2.6579,2.6809,2.56,2.6314,20797747.0
1714953600,2.6317,2.7299,2.5837,2.7206,22653126.0
1714982400,2.7205,2.7205,2.5534,2.6302,31994215.0
1715011200,2.6306,2.6453,2.5328,2.5813,11891131.0
1715040000,2.5823,2.7285,2.5594,2.6595,19399269.0
1715068800,2.6588,2.7763,2.5665,2.5966,23233550.0
1715097600,2.5963,2.6576,2.4709,2.4812,12226373.0
1715126400,2.481,2.5404,2.3972,2.458,13896561.0
1715155200,2.4578,2.4985,2.3623,2.3716,15886906.0
1715184000,2.3715,2.4121,2.3041,2.3299,9862104.0
1715212800,2.3297,2.572,2.3212,2.5181,16993546.0
1715241600,2.5183,2.563,2.3619,2.5197,19590197.0
1715270400,2.5198,2.7232,2.485,2.6877,14434293.0
1715299200,2.6873,2.8667,2.681,2.7519,23445704.0
1715328000,2.7519,2.8104,2.5562,2.5881,20545106.0
1715356800,2.588,2.6512,2.5234,2.6342,13440587.0
1715385600,2.6344,2.7396,2.5524,2.592,14231477.0
1715414400,2.5929,2.6266,2.5177,2.5811,12326818.0
1715443200,2.5811,2.646,2.5327,2.5347,8465881.0
1715472000,2.5343,2.579,2.4771,2.4866,7222231.0
1715500800,2.4866,2.5728,2.4771,2.4932,9440321.0
1715529600,2.493,2.5174,2.45,2.4682,5479097.0
1715558400,2.4682,2.5571,2.2987,2.5462,17792751.0
1715587200,2.5461,2.6406,2.4251,2.4883,22668188.0
1715616000,2.4883,2.5816,2.3943,2.4323,12327952.0
1715644800,2.4324,2.4604,2.35,2.376,9470577.0
1715673600,2.3753,2.3753,2.2634,2.2824,15380026.0
1715702400,2.2826,2.2838,2.1833,2.2322,10449812.0
1715731200,2.2323,2.2732,2.2149,2.2289,7312877.0
1715760000,2.2289,2.4667,2.1654,2.3643,27799115.0
1715788800,2.3645,2.4863,2.3401,2.4175,13700778.0
1715817600,2.4173,2.4281,2.3541,2.4078,8183543.0
1715846400,2.4073,2.4132,2.2326,2.2845,12676178.0
1715875200,2.2849,2.3394,2.2626,2.314,5342641.0
1715904000,2.314,2.4058,2.2701,2.3817,7309851.0
1715932800,2.3816,2.4575,2.343,2.4174,10414315.0
1715961600,2.4174,2.4668,2.3691,2.3865,6954410.0
1715990400,2.3864,2.4381,2.3605,2.383,5815320.0
1716019200,2.3826,2.4136,2.3143,2.3554,4856352.0
1716048000,2.355,2.4229,2.3543,2.387,5083001.0
1716076800,2.3874,2.4367,2.3733,2.4078,5396328.0
1716105600,2.4065,2.425,2.3294,2.3478,8265120.0
1716134400,2.3478,2.3505,2.2956,2.313,4658924.0
1716163200,2.3129,2.47,2.261,2.4496,10434849.0
1716192000,2.4497,2.4665,2.3809,2.4482,9279269.0
1716220800,2.4484,2.6085,2.4461,2.5932,15526107.0
1716249600,2.5932,2.6489,2.5136,2.5553,8287603.0
1716278400,2.5556,2.6191,2.4809,2.4902,8900472.0
1716307200,2.4903,2.554,2.465,2.5288,5640809.0
1716336000,2.5289,2.6048,2.5038,2.5541,8558177.0
1716364800,2.5547,2.6428,2.4819,2.6064,12449399.0
1716393600,2.6071,2.7378,2.5339,2.5372,16408627.0
1716422400,2.5373,2.5644,2.4768,2.4896,5935046.0
1716451200,2.4888,2.4964,2.28,2.366,12860701.0
1716480000,2.3661,2.4002,2.0868,2.365,14351104.0
1716508800,2.3645,2.4159,2.27,2.3053,6176401.0
1716537600,2.3049,2.3332,2.255,2.2962,5089072.0
1716566400,2.2968,2.3227,2.261,2.3013,3263784.0
1716595200,2.3013,2.3315,2.2781,2.3228,4085474.0
1716624000,2.323,2.3588,2.2876,2.3205,4742473.0
1716652800,2.3203,2.3218,2.2714,2.2829,3557541.0
1716681600,2.2831,2.2989,2.2401,2.2498,3817924.0
1716710400,2.25,2.2669,2.2076,2.2275,4961197.0
1716739200,2.2272,2.2382,2.18,2.2126,3477919.0
1716768000,2.2129,2.268,2.2008,2.2182,4179294.0
1716796800,2.2183,2.3434,2.1996,2.327,7557282.0
1716825600,2.327,2.3758,2.3005,2.3416,7400108.0
1716854400,2.3417,2.351,2.193,2.2458,6459922.0
1716883200,2.2457,2.2689,2.2025,2.2323,6581544.0
1716912000,2.2325,2.261,2.2045,2.2316,5099542.0
1716940800,2.2318,2.354,2.2108,2.2886,8640860.0
1716969600,2.2883,2.4922,2.2464,2.4096,24224524.0
1716998400,2.4093,2.5502,2.3813,2.4251,20262494.0
1717027200,2.4258,2.5665,2.3957,2.4027,20537335.0
1717056000,2.4034,2.645,2.3639,2.614,31647622.0
1717084800,2.6135,2.6354,2.4714,2.4896,11122926.0
1717113600,2.4893,2.5719,2.4238,2.5318,12773216.0
1717142400,2.5317,2.6949,2.5213,2.5577,24075906.0
1717171200,2.5577,2.6326,2.5044,2.6065,9097626.0
1717200000,2.6068,2.6247,2.4791,2.4946,6698123.0
1717228800,2.4938,2.5774,2.4745,2.5291,6988577.0
1717257600,2.5297,2.6142,2.5234,2.5388,6252683.0
1717286400,2.5387,2.6615,2.5387,2.5708,9685726.0
1717315200,2.5711,2.5765,2.4815,2.5244,8149745.0
1717344000,2.5249,2.5313,2.431,2.4815,5768738.0
1717372800,2.4813,2.545,2.4446,2.4763,7239472.0
1717401600,2.4767,2.5412,2.4472,2.5018,7530005.0
1717430400,2.5019,2.5242,2.4457,2.4572,3436671.0
1717459200,2.4575,2.513,2.453,2.4667,4396937.0
1717488000,2.4671,2.6116,2.4241,2.5896,8851635.0
1717516800,2.5897,2.7132,2.5716,2.6983,8063692.0
1717545600,2.6987,2.821,2.6572,2.7432,11128293.0
1717574400,2.7431,2.7929,2.6986,2.7861,9164641.0
1717603200,2.7859,2.8022,2.6795,2.6936,5413345.0
1717632000,2.6935,2.6962,2.6077,2.6359,5047002.0
1717660800,2.6359,2.6499,2.6125,2.6151,4329428.0
1717689600,2.6151,2.6662,2.56,2.6641,4305813.0
1717718400,2.6638,2.7389,2.6416,2.7065,6950328.0
1717747200,2.7066,2.7235,2.5548,2.5882,6483302.0
1717776000,2.5886,2.5886,2.1156,2.4045,16404386.0
1717804800,2.4046,2.4656,2.3865,2.4401,4347589.0
1717833600,2.4395,2.47,2.2641,2.3181,6530793.0
1717862400,2.3179,2.32,2.2448,2.2545,5056620.0
1717891200,2.2547,2.3033,2.2173,2.2823,3844347.0
1717920000,2.282,2.3366,2.2686,2.2906,4549265.0
1717948800,2.2904,2.3255,2.2793,2.2902,2556658.0
1717977600,2.2902,2.3215,2.1615,2.1653,5289403.0
1718006400,2.1653,2.2823,2.125,2.2579,8323112.0
1718035200,2.2581,2.2648,2.1165,2.1268,5831921.0
1718064000,2.1261,2.1514,2.0,2.0669,7276502.0
1718092800,2.0675,2.1224,1.9523,2.0003,7741305.0
1718121600,1.9999,2.0598,1.9739,2.0283,4492097.0
1718150400,2.0279,2.0728,1.9572,2.0586,4188207.0
1718179200,2.0586,2.2985,2.0482,2.2898,10673037.0
1718208000,2.2899,2.3346,2.1765,2.2479,8871734.0
1718236800,2.2477,2.2477,2.0939,2.1222,5850381.0
1718265600,2.1218,2.1359,2.0039,2.0231,6723944.0
1718294400,2.0225,2.0688,1.9808,2.0011,4185188.0
1718323200,2.0016,2.0362,1.9657,2.0035,4332770.0
1718352000,2.0039,2.0336,1.8703,1.8922,8087868.0
1718380800,1.8927,1.9087,1.76,1.8697,10578395.0
1718409600,1.8698,1.928,1.8629,1.9088,3712437.0
1718438400,1.9086,1.9271,1.8879,1.9087,2971082.0
1718467200,1.9086,1.9164,1.859,1.8663,2849959.0
1718496000,1.866,1.8772,1.8251,1.8699,3205540.0
1718524800,1.8707,1.9077,1.852,1.8976,2834958.0
1718553600,1.8977,1.9321,1.8862,1.8962,3680045.0
1718582400,1.8962,1.9201,1.7738,1.7766,5792954.0
1718611200,1.7764,1.7885,1.6872,1.6926,9508725.0
1718640000,1.6928,1.7701,1.63,1.6897,7841266.0
1718668800,1.6901,1.6992,1.433,1.5886,13148324.0
1718697600,1.5885,1.6031,1.4762,1.5704,11333738.0
1718726400,1.5703,1.5982,1.5244,1.5947,6595922.0
1718755200,1.5949,1.6953,1.5719,1.6595,11040581.0
1718784000,1.66,1.6831,1.6055,1.6264,8192433.0
1718812800,1.6262,1.695,1.6149,1.661,6189690.0
1718841600,1.6609,1.9031,1.6393,1.9025,18016258.0
1718870400,1.9029,1.9388,1.7779,1.784,21888538.0
1718899200,1.7837,1.8642,1.742,1.8309,12570412.0
1718928000,1.8308,1.8986,1.7663,1.77,12905095.0
1718956800,1.7699,1.9804,1.7322,1.9739,22367312.0
1718985600,1.9739,1.998,1.8601,1.9209,20221205.0
1719014400,1.9212,1.9552,1.8807,1.9332,10158412.0
1719043200,1.933,1.9425,1.8778,1.9242,11645050.0
1719072000,1.9241,1.9334,1.8505,1.8624,5777638.0
1719100800,1.8624,1.9323,1.8562,1.8995,5942627.0
1719129600,1.8996,1.93,1.7873,1.7942,6980769.0
1719158400,1.794,1.8039,1.7511,1.7676,6636282.0
1719187200,1.7677,1.7948,1.6564,1.7155,9247397.0
1719216000,1.716,1.8525,1.6485,1.8014,16209611.0
1719244800,1.8016,1.9504,1.7678,1.9425,11243072.0
1719273600,1.9422,2.0402,1.9305,1.9791,10132721.0
1719302400,1.9792,2.05,1.9506,1.9994,11642564.0
1719331200,1.9986,2.0211,1.9652,2.0002,5522790.0
1719360000,2.0002,2.045,1.9873,2.0251,7735700.0
1719388800,2.0245,2.0518,1.9444,1.9638,10880854.0
1719417600,1.9643,2.0289,1.9157,1.993,8927167.0
1719446400,1.9931,1.9937,1.9202,1.9284,4112510.0
1719475200,1.9287,1.9812,1.9046,1.9229,8426012.0
1719504000,1.9228,1.9337,1.8736,1.8766,5117829.0
1719532800,1.8767,1.9666,1.8553,1.8804,8252446.0
1719561600,1.8804,1.9019,1.8433,1.8738,5744809.0
1719590400,1.8738,1.8812,1.8157,1.8299,4751150.0
1719619200,1.8298,1.8531,1.82,1.8345,2768848.0
1719648000,1.8344,1.8488,1.8077,1.8189,2618769.0
1719676800,1.819,1.8194,1.7552,1.7598,3621287.0
1719705600,1.7598,1.7868,1.728,1.769,5212767.0
1719734400,1.769,1.7877,1.7456,1.7711,5143206.0
1719763200,1.7714,1.841,1.7503,1.7938,6967481.0
1719792000,1.7938,1.8291,1.756,1.7578,6958128.0
1719820800,1.7579,1.7588,1.6074,1.6376,15780979.0
1719849600,1.6376,1.6431,1.552,1.5674,10705139.0
1719878400,1.5674,1.6491,1.5643,1.6338,11031531.0
1719907200,1.634,1.7097,1.6273,1.6643,12546212.0
1719936000,1.6646,1.7253,1.6499,1.6976,10537434.0
1719964800,1.6981,1.7065,1.6182,1.6792,10358557.0
1719993600,1.6791,1.6959,1.6024,1.6602,16294707.0
1720022400,1.6607,1.6715,1.5758,1.5852,9622062.0
1720051200,1.5853,1.645,1.5,1.5713,13739315.0
1720080000,1.571,1.595,1.4886,1.587,16143829.0
1720108800,1.5872,1.5937,1.4473,1.4718,9249005.0
1720137600,1.4718,1.4808,1.24,1.3315,30534564.0
1720166400,1.3316,1.42,1.2707,1.415,16674040.0
1720195200,1.4155,1.4371,1.3719,1.3842,8005810.0
1720224000,1.3842,1.4455,1.3631,1.4354,9478493.0
1720252800,1.4356,1.4494,1.4013,1.433,7384884.0
1720281600,1.4334,1.5339,1.4237,1.5136,7130430.0
1720310400,1.5139,1.5187,1.4179,1.4297,5443845.0
1720339200,1.4294,1.4596,1.3356,1.3663,10611275.0
1720368000,1.3662,1.415,1.3234,1.3372,8411416.0
1720396800,1.3373,1.387,1.2716,1.3604,9317904.0
1720425600,1.3598,1.477,1.3486,1.3878,16760632.0
1720454400,1.3883,1.4214,1.3618,1.391,8602396.0
1720483200,1.391,1.4488,1.3758,1.4175,5817735.0
1720512000,1.4176,1.4479,1.3901,1.4234,7225444.0
1720540800,1.4233,1.5107,1.413,1.4289,12503969.0
1720569600,1.429,1.507,1.4015,1.4776,5717025.0
1720598400,1.4774,1.4906,1.417,1.4754,7278745.0
1720627200,1.4754,1.4866,1.4445,1.4609,3201302.0
1720656000,1.4616,1.4799,1.4268,1.4396,3554773.0
1720684800,1.4398,1.5145,1.4034,1.4144,8008724.0
1720713600,1.4143,1.4256,1.3465,1.3605,4785703.0
1720742400,1.3606,1.3757,1.305,1.3136,6168296.0
1720771200,1.3135,1.344,1.2812,1.3358,8439724.0
1720800000,1.3353,1.3631,1.3032,1.3341,5814244.0
1720828800,1.3338,1.4003,1.3315,1.3995,4735006.0
1720857600,1.3991,1.402,1.3537,1.3806,4750053.0
1720886400,1.3805,1.4077,1.3447,1.3697,5001197.0
1720915200,1.3694,1.4129,1.3651,1.4001,5342206.0
1720944000,1.4,1.43,1.356,1.3865,4431325.0
1720972800,1.3863,1.4375,1.3614,1.4217,4347673.0
1721001600,1.4213,1.4712,1.4118,1.455,5804621.0
1721030400,1.4555,1.4741,1.42,1.4324,5932274.0
1721059200,1.4325,1.6546,1.4141,1.6345,19337544.0
1721088000,1.6346,1.6485,1.5025,1.5082,10685821.0
1721116800,1.5077,1.6619,1.46,1.6264,27588821.0
1721145600,1.6262,1.65,1.5816,1.6108,13734194.0
1721174400,1.6101,1.6687,1.6026,1.661,9317106.0
1721203200,1.6611,1.7963,1.6202,1.6939,24923746.0
1721232000,1.6936,1.7259,1.6569,1.6776,7785564.0
1721260800,1.6777,1.6895,1.607,1.62,8042990.0
1721289600,1.6205,1.6704,1.5855,1.5967,7214462.0
1721318400,1.5964,1.6072,1.5501,1.5981,5996202.0
1721347200,1.5981,1.6166,1.5506,1.5711,4233207.0
1721376000,1.5708,1.65,1.5414,1.6381,6781257.0
1721404800,1.6377,1.6629,1.6284,1.6382,5672612.0
1721433600,1.6382,1.6745,1.6143,1.6396,3961180.0
1721462400,1.6396,1.6479,1.5675,1.6049,6547765.0
1721491200,1.6047,1.62,1.5777,1.5993,4680169.0
1721520000,1.5994,1.6268,1.5494,1.5647,5163259.0
1721548800,1.5648,1.6119,1.5512,1.5823,5098323.0
1721577600,1.5821,1.669,1.5027,1.6671,12088721.0
1721606400,1.6671,1.6807,1.5625,1.5669,5353140.0
1721635200,1.567,1.6079,1.547,1.5508,4428341.0
1721664000,1.5511,1.56,1.476,1.4901,5382401.0
1721692800,1.4904,1.5505,1.4607,1.4864,5850395.0
1721721600,1.4864,1.5585,1.4753,1.4853,7351616.0
1721750400,1.4852,1.4895,1.4233,1.435,5500449.0
1721779200,1.4349,1.4508,1.4188,1.4358,2942850.0
1721808000,1.436,1.4547,1.4105,1.4116,5445134.0
1721836800,1.4118,1.4426,1.35,1.3667,6368982.0
1721865600,1.3665,1.3818,1.3105,1.3538,7719982.0
1721894400,1.3542,1.3689,1.3017,1.3451,6852593.0
1721923200,1.3449,1.3814,1.3,1.3616,9881158.0
1721952000,1.3616,1.4464,1.3556,1.4231,6786821.0
1721980800,1.423,1.457,1.4136,1.4351,6616590.0
1722009600,1.4349,1.4639,1.4285,1.4558,3195431.0
1722038400,1.4562,1.4719,1.4311,1.4615,2532365.0
1722067200,1.4613,1.4987,1.4256,1.4445,4870573.0
1722096000,1.4446,1.4783,1.4038,1.4457,6447748.0
1722124800,1.4456,1.4599,1.4035,1.4248,3180241.0
1722153600,1.4251,1.4444,1.4137,1.424,2276707.0
1722182400,1.4242,1.4364,1.3885,1.41,2361528.0
1722211200,1.4102,1.5025,1.4091,1.4848,5555421.0
1722240000,1.485,1.4982,1.4172,1.4204,5702739.0
1722268800,1.4204,1.425,1.3854,1.3861,4323995.0
1722297600,1.3863,1.4165,1.3721,1.3955,2972763.0
1722326400,1.3952,1.4001,1.3519,1.3751,4109163.0
1722355200,1.3752,1.3788,1.3085,1.3209,4203105.0
1722384000,1.3209,1.3533,1.3081,1.333,4274662.0
1722412800,1.333,1.35,1.3037,1.3162,4864155.0
1722441600,1.3163,1.3384,1.2654,1.266,6979811.0
1722470400,1.266,1.2941,1.2068,1.2337,8966809.0
1722499200,1.2338,1.2566,1.182,1.1948,8089340.0
1722528000,1.1948,1.2316,1.13,1.2186,11560992.0
1722556800,1.2186,1.2339,1.1553,1.1803,6482358.0
1722585600,1.1803,1.2273,1.1119,1.1521,11224105.0
1722614400,1.1519,1.1567,1.0766,1.0897,10302452.0
1722643200,1.0898,1.1176,1.057,1.1042,6447713.0
1722672000,1.1042,1.1195,1.0548,1.0571,5094331.0
1722700800,1.0571,1.0727,1.0002,1.0326,13229665.0
1722729600,1.0326,1.0611,1.0273,1.0319,4168644.0
1722758400,1.0318,1.0494,0.97,0.9728,7902428.0
1722787200,0.9728,1.0142,0.9163,0.9749,14999009.0
1722816000,0.9747,0.9856,0.7476,0.8671,46014311.0
1722844800,0.8672,1.0063,0.8139,0.9934,36771080.0
1722873600,0.9931,1.0502,0.9724,0.9736,28627660.0
1722902400,0.9736,1.052,0.9683,1.0357,15998180.0
1722931200,1.0361,1.0461,0.9792,1.0151,15485804.0
1722960000,1.0154,1.0263,0.989,0.996,9223898.0
1722988800,0.9957,1.042,0.982,1.0222,9640865.0
1723017600,1.022,1.0578,0.9639,0.9754,16230267.0
1723046400,0.9753,0.9825,0.9338,0.9456,11522834.0
1723075200,0.9454,1.077,0.9183,1.029,19547167.0
1723104000,1.0291,1.0514,1.0017,1.0471,12560556.0
1723132800,1.0474,1.093,1.0186,1.0841,12147031.0
1723161600,1.084,1.0898,1.0337,1.0501,9151497.0
1723190400,1.0502,1.0663,1.0108,1.0131,11406587.0
1723219200,1.013,1.0389,1.0078,1.0386,8192138.0
1723248000,1.0384,1.0647,1.0222,1.0375,6313864.0
1723276800,1.0376,1.0511,1.0224,1.0324,4723612.0
1723305600,1.0322,1.067,1.0264,1.0518,6086632.0
1723334400,1.0519,1.165,1.0486,1.1415,15315656.0
1723363200,1.1415,1.1425,1.0515,1.0556,16519864.0
1723392000,1.0557,1.0709,1.0046,1.0103,11809766.0
1723420800,1.0103,1.05,1.0015,1.0445,7468248.0
1723449600,1.0445,1.0976,1.022,1.0649,16828041.0
1723478400,1.0656,1.0692,1.0185,1.0447,6705965.0
1723507200,1.0447,1.0493,1.0001,1.0154,7057867.0
1723536000,1.0155,1.039,0.9931,1.0242,8856899.0
1723564800,1.0241,1.0617,1.0229,1.0457,7246112.0
1723593600,1.0458,1.0533,1.0211,1.0299,5929850.0
1723622400,1.0299,1.0806,1.0117,1.0481,12832246.0
1723651200,1.0482,1.0484,1.0046,1.0121,6270801.0
1723680000,1.0121,1.0526,1.0101,1.0192,13005492.0
1723708800,1.0191,1.0515,1.0083,1.0384,9836112.0
1723737600,1.0384,1.0454,0.9532,0.9856,15190599.0
1723766400,0.9854,1.0114,0.9783,1.0055,6414487.0
1723795200,1.0056,1.0367,0.9816,0.993,11069735.0
1723824000,0.9929,1.0516,0.9825,1.0145,14111579.0
1723852800,1.0144,1.031,1.0002,1.018,5112257.0
1723881600,1.0179,1.0243,0.9863,1.0042,8564646.0
1723910400,1.0045,1.033,1.0006,1.0296,6567817.0
1723939200,1.0295,1.0399,1.0096,1.0143,5004227.0
1723968000,1.0143,1.0838,1.0122,1.07,12354708.0
1723996800,1.0696,1.0789,1.034,1.0357,7139418.0
1724025600,1.0359,1.0428,1.0112,1.0164,8856473.0
1724054400,1.0164,1.0369,1.0008,1.0184,8623162.0
1724083200,1.0182,1.0859,1.0025,1.0766,12078813.0
1724112000,1.0766,1.0919,1.0612,1.0712,7476705.0
1724140800,1.0714,1.0746,1.018,1.0288,8711230.0
1724169600,1.0287,1.0639,1.0247,1.0385,4596674.0
1724198400,1.0384,1.057,1.0353,1.0474,3814429.0
1724227200,1.0476,1.0517,0.9944,1.0117,9478299.0
1724256000,1.0118,1.0736,1.0067,1.0553,8765147.0
1724284800,1.0554,1.0622,1.0241,1.0591,6055246.0
1724313600,1.059,1.1331,1.0491,1.1189,21718832.0
1724342400,1.1187,1.1285,1.092,1.1248,8268923.0
1724371200,1.1248,1.1844,1.1215,1.1777,16019293.0
1724400000,1.1774,1.2488,1.1592,1.2217,22760375.0
1724428800,1.2214,1.3012,1.2206,1.2863,12282030.0
1724457600,1.2864,1.3148,1.2724,1.3143,8786892.0
1724486400,1.3141,1.4,1.298,1.34,12795088.0
1724515200,1.34,1.3627,1.3018,1.3246,7398637.0
1724544000,1.3246,1.3352,1.2472,1.255,10574363.0
1724572800,1.2548,1.3162,1.2461,1.3,7204175.0
1724601600,1.3004,1.3655,1.2777,1.3218,10782220.0
1724630400,1.3218,1.3444,1.2578,1.2664,10238952.0
1724659200,1.2664,1.3521,1.265,1.2925,17763030.0
1724688000,1.2924,1.3244,1.2525,1.2635,9936970.0
1724716800,1.2634,1.359,1.2577,1.2778,13888194.0
1724745600,1.2775,1.2915,1.2033,1.2363,16983944.0
1724774400,1.2359,1.2829,1.1477,1.1676,17520635.0
1724803200,1.1675,1.2164,1.123,1.1254,10520586.0
1724832000,1.1252,1.199,1.0977,1.1094,16938726.0
1724860800,1.1089,1.1545,1.0682,1.105,17032781.0
1724889600,1.1047,1.1299,1.0947,1.1148,7416436.0
1724918400,1.1146,1.1391,1.1039,1.1267,9013370.0
1724947200,1.1268,1.1335,1.06,1.0726,11543855.0
1724976000,1.0725,1.0889,1.0518,1.0593,5801236.0
1725004800,1.0595,1.0758,1.0006,1.007,10440904.0
1725033600,1.0071,1.0798,1.0004,1.076,7611482.0
1725062400,1.076,1.0978,1.066,1.0665,4286486.0
1725091200,1.0665,1.0719,1.0463,1.0559,4742681.0
1725120000,1.0565,1.0566,1.0348,1.0413,3570105.0
1725148800,1.0413,1.0496,1.0158,1.0468,5162688.0
1725177600,1.047,1.0497,0.9982,1.0325,6871498.0
1725206400,1.0322,1.0438,0.9797,0.9874,7019196.0
1725235200,0.9871,1.0152,0.9848,0.9924,5792035.0
1725264000,0.9923,1.0435,0.9915,1.0188,10414881.0
1725292800,1.0187,1.0466,1.0064,1.0329,6357740.0
1725321600,1.0331,1.055,1.0175,1.0281,4616458.0
1725350400,1.0279,1.03,0.9741,0.9769,7601574.0
1725379200,0.9767,0.9926,0.9585,0.9621,5126051.0
1725408000,0.9622,0.9762,0.9144,0.9661,7384974.0
1725436800,0.9663,0.9936,0.9377,0.9921,7070328.0
1725465600,0.9917,1.0135,0.9786,0.9827,7139888.0
1725494400,0.9829,0.9851,0.9503,0.9723,5137678.0
1725523200,0.9722,0.9831,0.9408,0.9486,6204182.0
1725552000,0.9486,0.9578,0.9335,0.9392,4293489.0
1725580800,0.9392,0.9691,0.9306,0.9403,4862588.0
1725609600,0.9401,0.992,0.9342,0.9613,11043354.0
1725638400,0.9616,0.9649,0.8903,0.9355,11442892.0
1725667200,0.9354,0.945,0.9246,0.9393,3916728.0
1725696000,0.9391,0.9611,0.9334,0.9539,4433650.0
1725724800,0.9539,0.9567,0.9187,0.9327,4556010.0
1725753600,0.9329,0.967,0.9314,0.9638,4016556.0
1725782400,0.9641,0.983,0.9437,0.9446,5610710.0
1725811200,0.9448,0.9996,0.9407,0.9892,6065587.0
1725840000,0.9891,1.0124,0.9833,1.0118,6293493.0
1725868800,1.0116,1.044,1.0113,1.0303,9036439.0
1725897600,1.0304,1.077,1.0298,1.0478,10879722.0
1725926400,1.0481,1.05,1.0233,1.0427,6553810.0
1725955200,1.0425,1.0504,1.0267,1.0315,8983098.0
1725984000,1.0317,1.0742,1.0315,1.0459,8324146.0
1726012800,1.0462,1.0495,0.9962,1.0199,7857818.0
1726041600,1.0198,1.0615,1.0019,1.0285,12555021.0
1726070400,1.0284,1.0594,1.026,1.0383,7528644.0
1726099200,1.0388,1.081,1.0388,1.0683,9364109.0
1726128000,1.0683,1.0919,1.0379,1.0501,15150241.0
1726156800,1.05,1.1211,1.0496,1.0897,15397189.0
1726185600,1.0897,1.0914,1.0514,1.0677,7431753.0
1726214400,1.0677,1.0852,1.0388,1.0783,10032310.0
1726243200,1.0779,1.1071,1.0638,1.086,12638901.0
1726272000,1.0866,1.1056,1.068,1.0733,7087018.0
1726300800,1.0733,1.0749,1.05,1.0595,6878356.0
1726329600,1.0592,1.0662,1.041,1.0551,5126326.0
1726358400,1.0552,1.0728,1.0509,1.0683,5254581.0
1726387200,1.0683,1.069,1.0444,1.0599,6202108.0
1726416000,1.06,1.0638,0.9986,1.0084,9121401.0
1726444800,1.0084,1.0313,0.9855,1.0287,6651239.0
1726473600,1.0286,1.0349,0.9921,1.005,9228692.0
1726502400,1.005,1.0073,0.985,1.0005,5419718.0
1726531200,1.0004,1.0138,0.9819,1.0033,3911438.0
1726560000,1.0032,1.0377,0.9891,1.0319,10115283.0
1726588800,1.0319,1.0405,0.9939,1.0036,6700118.0
1726617600,1.0035,1.032,0.9874,1.0184,6586355.0
1726646400,1.0185,1.0386,0.9573,0.963,16595770.0
1726675200,0.963,1.0583,0.9571,1.0564,15138742.0
1726704000,1.0567,1.1272,1.0552,1.1133,16925704.0
1726732800,1.1131,1.1521,1.1042,1.135,14046358.0
1726761600,1.1348,1.1601,1.1172,1.1234,8952046.0
1726790400,1.1235,1.2497,1.1051,1.2245,15968461.0
1726819200,1.2242,1.2375,1.1724,1.1941,12371951.0
1726848000,1.1944,1.2019,1.1651,1.1969,5371809.0
1726876800,1.1967,1.2106,1.172,1.2055,6191726.0
1726905600,1.2054,1.2221,1.1809,1.2018,5499293.0
1726934400,1.2021,1.244,1.1995,1.2343,5671568.0
1726963200,1.2348,1.2399,1.19,1.2005,4872699.0
1726992000,1.2008,1.204,1.1412,1.1498,7838007.0
1727020800,1.1497,1.1926,1.1314,1.177,7352984.0
1727049600,1.177,1.4385,1.151,1.3866,32450447.0
1727078400,1.3874,1.4718,1.3666,1.4551,38713238.0
1727107200,1.4551,1.4663,1.4265,1.4389,22919713.0
1727136000,1.4389,1.5553,1.4009,1.5368,37677537.0
1727164800,1.5367,1.5446,1.4373,1.4419,27014788.0
1727193600,1.442,1.5208,1.442,1.4938,15761858.0
1727222400,1.4936,1.5243,1.466,1.4961,16962152.0
1727251200,1.4961,1.5619,1.4896,1.5156,24910689.0
1727280000,1.5151,1.5697,1.4736,1.4832,19206651.0
1727308800,1.4834,1.521,1.451,1.4729,14885119.0
1727337600,1.4727,1.5114,1.4506,1.4942,17688805.0
1727366400,1.4945,1.544,1.4454,1.4993,18068537.0
1727395200,1.4993,1.5567,1.4815,1.4861,12967165.0
1727424000,1.4855,1.5477,1.4729,1.5112,16891627.0
1727452800,1.5109,1.5892,1.4889,1.5023,18453186.0
1727481600,1.5025,1.5289,1.4715,1.4743,10287897.0
1727510400,1.474,1.4892,1.4323,1.4752,10215334.0
1727539200,1.4755,1.4944,1.4628,1.4816,4857180.0
1727568000,1.4818,1.5737,1.4781,1.4901,19421253.0
1727596800,1.49,1.6738,1.4809,1.6624,32476301.0
1727625600,1.6626,1.709,1.6119,1.6227,22670556.0
1727654400,1.6229,1.6579,1.5485,1.6344,24882175.0
1727683200,1.6341,1.648,1.4843,1.4889,22945153.0
1727712000,1.4889,1.5475,1.4576,1.4711,12991065.0
1727740800,1.4711,1.544,1.47,1.5285,11136681.0
1727769600,1.5276,1.5731,1.375,1.4477,24224270.0
1727798400,1.4472,1.4553,1.2737,1.3315,33907196.0
1727827200,1.3313,1.4289,1.3276,1.4118,16387583.0
1727856000,1.4119,1.4293,1.3214,1.3748,19589401.0
1727884800,1.3749,1.411,1.2667,1.3291,22150750.0
1727913600,1.329,1.3842,1.3215,1.332,12376700.0
1727942400,1.3322,1.3629,1.27,1.3392,27957396.0
1727971200,1.3395,1.3622,1.2753,1.3046,22589748.0
1728000000,1.3045,1.3687,1.2992,1.3584,13263341.0
1728028800,1.3581,1.4048,1.3362,1.3909,17543474.0
1728057600,1.3913,1.4095,1.3633,1.3718,9688466.0
1728086400,1.3718,1.4366,1.3414,1.4284,10343286.0
1728115200,1.4285,1.4636,1.3881,1.3998,12285051.0
1728144000,1.3998,1.4136,1.3106,1.3529,10645395.0
1728172800,1.353,1.3813,1.335,1.3558,5990361.0
1728201600,1.3559,1.4658,1.3476,1.4641,12776708.0
1728230400,1.4639,1.499,1.4465,1.4903,13584537.0
1728259200,1.4902,1.5698,1.4656,1.5443,16625565.0
1728288000,1.5444,1.5642,1.4945,1.5278,14869680.0
1728316800,1.5274,1.5556,1.451,1.4537,11328683.0
1728345600,1.4538,1.4757,1.3888,1.4055,12536493.0
1728374400,1.4055,1.4499,1.382,1.4018,13974396.0
1728403200,1.4018,1.4249,1.3566,1.3622,9093940.0
1728432000,1.3622,1.4082,1.3572,1.3651,9261726.0
1728460800,1.365,1.3798,1.3318,1.372,9848957.0
1728489600,1.3723,1.3759,1.3009,1.317,9530161.0
1728518400,1.3169,1.3485,1.3047,1.316,6644561.0
1728547200,1.3162,1.3382,1.2846,1.3096,13081057.0
1728576000,1.3096,1.3288,1.2677,1.327,9458657.0
1728604800,1.327,1.3594,1.315,1.3474,7026636.0
1728633600,1.3472,1.6045,1.3468,1.5251,54673343.0
1728662400,1.5251,1.5454,1.5052,1.5398,15995867.0
1728691200,1.5398,1.6654,1.5145,1.6547,20741196.0
1728720000,1.6544,1.7032,1.6023,1.6798,23072890.0
1728748800,1.6796,1.85,1.6639,1.8197,31054578.0
1728777600,1.8194,1.8361,1.7459,1.7675,19802167.0
1728806400,1.7672,1.7684,1.6909,1.7137,18963611.0
1728835200,1.7134,1.7897,1.6991,1.7888,14081450.0
1728864000,1.7888,1.8639,1.7512,1.8078,24585365.0
1728892800,1.8075,1.815,1.7526,1.7981,14123444.0
1728921600,1.7976,1.8063,1.7611,1.7643,10200097.0
1728950400,1.7645,1.8576,1.7263,1.848,17471453.0
1728979200,1.848,1.8731,1.7218,1.7824,35449302.0
1729008000,1.7828,1.8477,1.77,1.8305,17629817.0
1729036800,1.8303,2.05,1.7768,1.8781,52623314.0
1729065600,1.8783,1.948,1.8666,1.8869,31509515.0
1729094400,1.8869,1.9057,1.8144,1.8171,16462257.0
1729123200,1.8173,1.8463,1.7684,1.7851,18420699.0
1729152000,1.7847,1.8127,1.735,1.7653,19693991.0
1729180800,1.7649,1.7676,1.7019,1.7235,12554860.0
1729209600,1.7235,1.7987,1.7125,1.786,12406253.0
1729238400,1.786,1.8344,1.7577,1.8314,20718205.0
1729267200,1.8315,1.8682,1.7645,1.7837,12525994.0
1729296000,1.7841,1.86,1.7311,1.806,17530252.0
1729324800,1.8063,1.8364,1.7547,1.7998,15599097.0
1729353600,1.7998,1.8065,1.7576,1.7871,10901516.0
1729382400,1.7871,1.8186,1.7402,1.7452,17111616.0
1729411200,1.7452,1.825,1.7237,1.8181,17752026.0
1729440000,1.8182,1.8264,1.7757,1.8086,9689398.0
1729468800,1.8088,1.8291,1.7463,1.7469,12814068.0
1729497600,1.747,1.7588,1.6819,1.7349,12792332.0
1729526400,1.7348,1.7601,1.7072,1.7087,9095165.0
1729555200,1.7082,1.7542,1.7036,1.726,7192394.0
1729584000,1.7261,1.7304,1.667,1.6869,10287430.0
1729612800,1.6872,1.7337,1.67,1.7322,6697697.0
1729641600,1.7318,1.7437,1.6803,1.6887,6739818.0
1729670400,1.6883,1.7102,1.6238,1.6401,9308614.0
1729699200,1.6402,1.6932,1.6175,1.6883,10238691.0
1729728000,1.6885,1.7456,1.6751,1.711,8789634.0
1729756800,1.7109,1.754,1.6634,1.7074,11359778.0
1729785600,1.7077,1.7305,1.6761,1.6974,8625725.0
1729814400,1.6977,1.706,1.591,1.6183,10133469.0
1729843200,1.6189,1.6625,1.6024,1.6287,8416487.0
1729872000,1.6287,1.6417,1.4,1.4952,25718754.0
1729900800,1.4947,1.5629,1.4635,1.5468,13223955.0
1729929600,1.5472,1.5638,1.484,1.4934,8021166.0
1729958400,1.4935,1.5455,1.4918,1.5304,4145981.0
1729987200,1.5304,1.5436,1.5118,1.517,4258479.0
1730016000,1.5167,1.5558,1.4947,1.5509,6489496.0
1730044800,1.5513,1.5799,1.536,1.5535,4921153.0
1730073600,1.554,1.5634,1.4693,1.5123,10318068.0
1730102400,1.513,1.5519,1.4535,1.4537,14632052.0
1730131200,1.4539,1.5949,1.4193,1.578,15275033.0
1730160000,1.5781,1.6642,1.5545,1.6539,14839984.0
1730188800,1.6541,1.722,1.6486,1.6935,22010973.0
1730217600,1.6939,1.7259,1.6676,1.7012,11745278.0
1730246400,1.7015,1.732,1.6711,1.6951,8655981.0
1730275200,1.6953,1.709,1.6182,1.6429,12830251.0
1730304000,1.643,1.6569,1.6214,1.6373,6382367.0
1730332800,1.6373,1.6452,1.5713,1.5863,7200835.0
1730361600,1.5862,1.6109,1.561,1.5862,10641116.0
1730390400,1.5862,1.636,1.5692,1.6278,11968642.0
1730419200,1.628,1.6893,1.565,1.6006,30008831.0
1730448000,1.6006,1.6934,1.5951,1.625,28102998.0
1730476800,1.6246,1.7097,1.6191,1.6758,28183834.0
1730505600,1.6757,1.6903,1.629,1.6333,10108987.0
1730534400,1.6334,1.6485,1.4986,1.5185,18358339.0
1730563200,1.5187,1.5983,1.5112,1.5878,19222549.0
1730592000,1.5882,1.6428,1.5349,1.5987,25186181.0
1730620800,1.5989,1.6034,1.444,1.5421,31869557.0
1730649600,1.5421,1.6844,1.4977,1.649,41359841.0
1730678400,1.6488,1.7325,1.6233,1.6271,40026485.0
1730707200,1.6272,1.667,1.6008,1.6283,28152693.0
1730736000,1.6284,1.654,1.5733,1.6268,27265416.0
1730764800,1.6266,1.6937,1.5976,1.6568,20259294.0
1730793600,1.6568,1.7529,1.6166,1.7168,25436873.0
1730822400,1.7168,1.73,1.6601,1.6843,16424442.0
1730851200,1.6846,2.0836,1.6844,1.9886,48671197.0
1730880000,1.9883,2.1263,1.9317,2.0913,41775166.0
1730908800,2.091,2.1933,2.0821,2.1244,33885321.0
1730937600,2.1244,2.1998,2.0794,2.0966,19880980.0
1730966400,2.0966,2.1221,2.0436,2.1105,12037178.0
1730995200,2.1108,2.366,2.0803,2.3256,40047176.0
1731024000,2.3256,2.3354,2.21,2.2563,18435954.0
1731052800,2.2563,2.3467,2.1601,2.1962,23171537.0
1731081600,2.197,2.216,2.1131,2.2002,17559489.0
1731110400,2.2004,2.3043,2.1724,2.2458,13447714.0
1731139200,2.2457,2.2858,2.1317,2.1564,14531701.0
1731168000,2.1564,2.252,2.116,2.2282,12767182.0
1731196800,2.2279,2.2916,2.1887,2.2395,17024004.0
1731225600,2.2398,2.3536,2.2087,2.2636,27101194.0
1731254400,2.2637,2.2882,2.0745,2.2094,24027219.0
1731283200,2.2096,2.4351,2.1834,2.2821,28178322.0
1731312000,2.2817,2.4967,2.2738,2.2897,35097045.0
1731340800,2.2894,2.4818,2.2755,2.3897,28161053.0
1731369600,2.3896,2.5579,2.2984,2.4072,33820420.0
1731398400,2.4074,2.419,2.06,2.1493,45777909.0
1731427200,2.1494,2.2433,2.1127,2.1917,16490730.0
1731456000,2.1913,2.2155,1.9887,2.0658,21439634.0
1731484800,2.0667,2.2344,2.0512,2.1836,24117291.0
1731513600,2.184,2.1999,2.0054,2.0653,22008851.0
1731542400,2.0654,2.1867,2.0219,2.1084,16792974.0
1731571200,2.1082,2.1266,1.9254,1.9942,27322907.0
1731600000,1.9941,2.0487,1.9123,1.954,17676918.0
1731628800,1.9538,2.0605,1.9263,2.0337,14974736.0
1731657600,2.0339,2.1349,1.9927,2.0087,17412380.0
1731686400,2.0087,2.0905,1.985,2.0675,10117656.0
1731715200,2.0678,2.1686,2.0268,2.0816,14362738.0
1731744000,2.0818,2.1417,2.0117,2.0352,17030114.0
1731772800,2.0348,2.1877,2.02,2.1559,15074642.0
1731801600,2.1555,2.271,2.0151,2.186,29114152.0
1731830400,2.1862,2.1922,2.102,2.1293,11032287.0
1731859200,2.1295,2.1356,2.04,2.0715,8712495.0
1731888000,2.072,2.1474,2.0543,2.1154,8148405.0
1731916800,2.1155,2.1558,2.0452,2.1483,10074316.0
1731945600,2.1479,2.2142,2.0858,2.1517,15263921.0
1731974400,2.1517,2.16,2.0709,2.0788,7600100.0
1732003200,2.079,2.083,2.0119,2.0339,13436101.0
1732032000,2.0346,2.0578,1.9636,2.0203,14424978.0
1732060800,2.0196,2.0202,1.9511,1.9969,8077088.0
1732089600,1.9968,2.2292,1.9942,2.2087,33852270.0
1732118400,2.2101,2.2602,2.0334,2.0712,49874452.0
1732147200,2.0715,2.1039,1.965,2.04,22193964.0
1732176000,2.0399,2.1387,1.9631,2.0473,25001891.0
1732204800,2.0472,2.1689,2.0446,2.1025,17235160.0
1732233600,2.1028,2.1354,2.0535,2.0562,11703219.0
1732262400,2.0562,2.089,1.9795,2.0246,15418539.0
1732291200,2.0247,2.0559,1.9733,2.0555,11670436.0
1732320000,2.0559,2.1562,2.0383,2.136,19170991.0
1732348800,2.1366,2.2346,2.0816,2.1894,24490970.0
1732377600,2.1902,2.2099,2.0668,2.1369,26613865.0
1732406400,2.137,2.353,2.1276,2.3336,25585246.0
1732435200,2.3336,2.3352,2.0009,2.0239,34904040.0
1732464000,2.0235,2.1911,2.0117,2.1837,16210580.0
1732492800,2.1839,2.288,2.1351,2.1523,24658189.0
1732521600,2.152,2.233,2.0542,2.1624,28228115.0
1732550400,2.1621,2.1938,2.0384,2.1043,20118356.0
1732579200,2.1043,2.1848,2.0579,2.0736,13092365.0
1732608000,2.0735,2.0753,1.9281,1.9698,28804599.0
1732636800,1.9694,2.0271,1.9324,2.0135,14868157.0
1732665600,2.0135,2.0573,1.9772,2.0492,9533064.0
1732694400,2.0496,2.1769,2.0457,2.1584,20661645.0
1732723200,2.1585,2.23,2.1364,2.2163,13502146.0
1732752000,2.2169,2.254,2.1557,2.2064,14743659.0
1732780800,2.2065,2.3099,2.1648,2.2601,22585127.0
1732809600,2.2597,2.4796,2.2592,2.3777,44149916.0
1732838400,2.3776,2.401,2.2758,2.2816,20195790.0
1732867200,2.2816,2.3495,2.273,2.2931,16797141.0
1732896000,2.2937,2.348,2.2844,2.3291,9838599.0
1732924800,2.3291,2.3735,2.2956,2.3451,13594863.0
1732953600,2.3452,2.5033,2.315,2.4958,29832073.0
1732982400,2.4961,2.5261,2.4097,2.4139,14718432.0
1733011200,2.414,2.4307,2.2953,2.3775,16307057.0
1733040000,2.3775,2.3828,2.3205,2.3676,11330541.0
1733068800,2.3679,2.3893,2.3,2.343,11442403.0
1733097600,2.3429,2.3669,2.192,2.2659,21572738.0
1733126400,2.2658,2.2741,2.088,2.2436,22787513.0
1733155200,2.2436,2.2826,2.1267,2.2703,14758413.0
1733184000,2.2703,2.4087,2.2308,2.3378,19876774.0
1733212800,2.3381,2.3676,2.1042,2.2533,28049404.0
1733241600,2.2529,2.6086,2.2334,2.3984,43876693.0
1733270400,2.3997,2.4522,2.3606,2.4199,14821170.0
1733299200,2.42,2.4747,2.3575,2.4096,19223031.0
1733328000,2.4096,2.4462,2.2828,2.3732,31245221.0
1733356800,2.3734,2.4583,2.2354,2.4312,24006930.0
1733385600,2.4313,2.53,2.4132,2.4961,23729374.0
1733414400,2.4968,2.6705,2.371,2.5008,39579941.0
1733443200,2.5009,2.7072,2.4675,2.6456,29005606.0
1733472000,2.6457,2.6762,2.4391,2.5169,24455118.0
1733500800,2.5174,2.576,2.5031,2.5246,14117327.0
1733529600,2.5248,2.5472,2.4834,2.5235,10235480.0
1733558400,2.5241,2.5266,2.4565,2.4848,10597984.0
1733587200,2.4848,2.486,2.4084,2.4116,10778974.0
1733616000,2.4116,2.4538,2.3659,2.4186,9972765.0
1733644800,2.4186,2.4377,2.3507,2.4373,13475865.0
1733673600,2.4372,2.4395,2.3774,2.4112,8009996.0
1733702400,2.4112,2.4163,2.288,2.3207,14783246.0
1733731200,2.3209,2.3245,2.1918,2.225,23812448.0
1733760000,2.227,2.2608,1.5,1.9326,76872159.0
1733788800,1.9325,1.9609,1.7796,1.9201,32285115.0
1733817600,1.9201,1.9595,1.752,1.756,26981043.0
1733846400,1.7561,1.9041,1.7131,1.8758,30490862.0
1733875200,1.8759,1.8978,1.8017,1.8499,15422709.0
1733904000,1.85,2.0436,1.8472,2.0247,19921069.0
1733932800,2.025,2.0507,1.9847,2.0238,12997342.0
1733961600,2.0237,2.1755,1.9856,2.1192,15216118.0
1733990400,2.1195,2.1531,2.0574,2.1102,16266871.0
1734019200,2.1104,2.158,2.0328,2.0743,13981614.0
1734048000,2.0743,2.1177,1.994,2.02,11848017.0
1734076800,2.02,2.0929,2.012,2.0157,11240391.0
1734105600,2.0156,2.0947,2.0109,2.0909,9806619.0
1734134400,2.0905,2.1129,2.0401,2.0483,6175853.0
1734163200,2.0483,2.0681,1.9502,1.9893,11740062.0
1734192000,1.9891,2.0012,1.922,1.9941,10428095.0
1734220800,1.9942,2.0467,1.932,1.9484,7759526.0
1734249600,1.9484,2.1096,1.9474,2.0691,12319329.0
1734278400,2.0692,2.093,1.991,2.0825,10587030.0
1734307200,2.0833,2.1176,2.0054,2.0383,8151562.0
1734336000,2.0383,2.0432,1.9491,1.9964,12748441.0
1734364800,1.9965,2.046,1.9814,1.9944,10839013.0
1734393600,1.9944,2.0078,1.9552,1.9724,10217662.0
1734422400,1.9721,2.0182,1.8805,1.8972,19465801.0
1734451200,1.8971,1.948,1.8621,1.8936,9625091.0
1734480000,1.8937,1.9022,1.8286,1.8624,9224390.0
1734508800,1.8626,1.8787,1.8161,1.8435,8985228.0
1734537600,1.8437,1.8981,1.5901,1.7046,30769186.0
1734566400,1.7045,1.7258,1.4275,1.5973,42617283.0
1734595200,1.5973,1.629,1.5062,1.5476,26433704.0
1734624000,1.5472,1.5565,1.4085,1.5062,51031294.0
1734652800,1.506,1.6032,1.4905,1.5356,22259378.0
1734681600,1.5355,1.5382,1.3119,1.4909,59827281.0
1734710400,1.491,1.5753,1.4786,1.5387,18241592.0
1734739200,1.5387,1.6365,1.5303,1.6136,13537867.0
1734768000,1.6137,1.6194,1.452,1.4902,23226506.0
1734796800,1.4907,1.4915,1.4013,1.438,23587609.0
1734825600,1.4382,1.467,1.3977,1.4469,12436626.0
1734854400,1.4471,1.487,1.4239,1.4446,13273876.0
1734883200,1.4446,1.4711,1.3861,1.4335,15467395.0
1734912000,1.4336,1.4943,1.3939,1.4521,12985306.0
1734940800,1.4519,1.4809,1.4265,1.431,11838122.0
1734969600,1.431,1.5904,1.4273,1.5592,16597680.0
1734998400,1.5592,1.5793,1.5108,1.5559,7656346.0
1735027200,1.556,1.6447,1.5367,1.6297,11278463.0
1735056000,1.6294,1.67,1.5852,1.6203,9098321.0
1735084800,1.6205,1.6245,1.5801,1.5833,5314411.0
1735113600,1.5834,1.6206,1.5513,1.5587,8494927.0
1735142400,1.559,1.5872,1.5396,1.575,6059860.0
1735171200,1.5755,1.5947,1.503,1.5129,7493923.0
1735200000,1.5129,1.5174,1.4658,1.4958,10032461.0
1735228800,1.4959,1.5139,1.4532,1.4832,7531838.0
1735257600,1.4833,1.5096,1.4588,1.475,6676260.0
1735286400,1.4751,1.5741,1.4747,1.495,12121709.0
1735315200,1.495,1.5373,1.4747,1.4915,7281236.0
1735344000,1.4915,1.4979,1.442,1.446,6302043.0
1735372800,1.446,1.5325,1.4452,1.5092,7611126.0
1735401600,1.5094,1.5625,1.4998,1.5412,5824784.0
1735430400,1.5412,1.5484,1.5151,1.5382,4462633.0
1735459200,1.5383,1.5418,1.4775,1.4931,5759973.0
1735488000,1.493,1.4963,1.4446,1.4592,5367734.0
1735516800,1.4593,1.5094,1.4485,1.4822,5937452.0
1735545600,1.4823,1.4999,1.4,1.4074,11464077.0
1735574400,1.4073,1.4898,1.3834,1.4301,12023798.0
1735603200,1.4301,1.4322,1.3872,1.3984,7416158.0
1735632000,1.3982,1.4661,1.3964,1.4429,8878868.0
1735660800,1.4431,1.4488,1.3751,1.3856,9759000.0
1735689600,1.3856,1.4126,1.3817,1.4024,4542639.0
1735718400,1.4026,1.4597,1.3777,1.4581,9471517.0
1735747200,1.4581,1.5086,1.4297,1.4928,7995895.0
1735776000,1.4925,1.6108,1.4821,1.6058,13151672.0
1735804800,1.6061,1.6415,1.5626,1.5737,14547745.0
1735833600,1.5739,1.586,1.5351,1.5593,6458895.0
1735862400,1.5593,1.5774,1.5385,1.5522,6694561.0
1735891200,1.5521,1.6776,1.5508,1.6769,10973115.0
1735920000,1.6768,1.6849,1.6384,1.6619,7244455.0
1735948800,1.6619,1.6829,1.6364,1.6823,6880728.0
1735977600,1.6823,1.7118,1.62,1.6263,10393127.0
1736006400,1.6262,1.66,1.6262,1.6443,5686815.0
1736035200,1.6444,1.6526,1.6158,1.6465,3584190.0
1736064000,1.6464,1.6515,1.6043,1.6354,6782796.0
1736092800,1.6355,1.7066,1.6103,1.6878,8667401.0
1736121600,1.688,1.7023,1.6353,1.6509,9915210.0
1736150400,1.6508,1.7515,1.6242,1.7348,13593449.0
1736179200,1.7348,1.7644,1.682,1.6988,10559065.0
1736208000,1.6987,1.7085,1.643,1.6711,6649775.0
1736236800,1.6707,1.6948,1.55,1.5817,22153364.0
1736265600,1.5815,1.5929,1.4773,1.4799,15837085.0
1736294400,1.4798,1.5044,1.3773,1.404,14494063.0
1736323200,1.404,1.4226,1.3534,1.3682,18658220.0
1736352000,1.3682,1.3746,1.264,1.3594,30109527.0
1736380800,1.3595,1.396,1.3108,1.3134,10841971.0
1736409600,1.3134,1.3837,1.2922,1.3724,17633419.0
1736438400,1.3723,1.3877,1.2991,1.3405,16510974.0
1736467200,1.3406,1.4232,1.3397,1.4094,10167695.0
1736496000,1.4094,1.4177,1.3135,1.3427,23694804.0
1736524800,1.3432,1.398,1.3284,1.3783,9762701.0
1736553600,1.3784,1.3952,1.36,1.3716,4991989.0
1736582400,1.3717,1.378,1.3466,1.3532,5233367.0
1736611200,1.3533,1.4024,1.3467,1.375,6523688.0
1736640000,1.3753,1.3797,1.3445,1.36,3544481.0
1736668800,1.36,1.375,1.3302,1.3697,7022898.0
1736697600,1.3699,1.3762,1.3201,1.3424,5861494.0
1736726400,1.3426,1.3785,1.2526,1.2735,19803879.0
1736755200,1.2736,1.277,1.1464,1.2259,39589851.0
1736784000,1.2264,1.2852,1.1764,1.2737,22197334.0
1736812800,1.2738,1.3013,1.2613,1.2736,7103978.0
1736841600,1.2736,1.3165,1.2652,1.2787,11401931.0
1736870400,1.2786,1.3483,1.266,1.3377,10645933.0
1736899200,1.3378,1.3484,1.3009,1.3161,10695758.0
1736928000,1.3161,1.3985,1.2718,1.3827,20852879.0
1736956800,1.3828,1.4834,1.3827,1.4565,16277480.0
1736985600,1.4565,1.4656,1.4019,1.4164,7561646.0
1737014400,1.4164,1.4333,1.3499,1.4028,22146665.0
1737043200,1.4026,1.4313,1.3685,1.3814,9588021.0
1737072000,1.3815,1.4529,1.3809,1.4376,8192872.0
1737100800,1.4373,1.479,1.4343,1.4648,11623433.0
1737129600,1.4649,1.5151,1.4417,1.4943,11418035.0
1737158400,1.4944,1.5323,1.3662,1.3733,15642601.0
1737187200,1.3734,1.4105,1.3503,1.3759,15040429.0
1737216000,1.376,1.3883,1.3407,1.3724,10707710.0
1737244800,1.3726,1.419,1.3173,1.3307,10998620.0
1737273600,1.3306,1.4129,1.2312,1.3718,36517174.0
1737302400,1.3719,1.4052,1.2125,1.2512,35408292.0
1737331200,1.2515,1.3736,1.1553,1.3146,50393719.0
1737360000,1.3147,1.3296,1.2174,1.2247,18785167.0
1737388800,1.225,1.2455,1.1464,1.1906,31120488.0
1737417600,1.1905,1.1952,1.1135,1.1424,18479561.0
1737446400,1.1426,1.2066,1.1298,1.1526,18077869.0
1737475200,1.1525,1.2621,1.1429,1.228,41114665.0
1737504000,1.2279,1.259,1.2142,1.2478,14286113.0
1737532800,1.2478,1.2719,1.2185,1.2677,18149709.0
1737561600,1.2678,1.2681,1.2063,1.2187,20214039.0
1737590400,1.2187,1.2244,1.1636,1.1919,9889321.0
1737619200,1.1919,1.2262,1.161,1.2085,19961840.0
1737648000,1.2086,1.2446,1.1707,1.224,26910059.0
1737676800,1.2242,1.2773,1.1724,1.2732,20771627.0
1737705600,1.2731,1.2971,1.2486,1.2624,15153296.0
1737734400,1.2625,1.27,1.2069,1.2163,12889349.0
1737763200,1.2161,1.2384,1.1875,1.2071,9578764.0
1737792000,1.2071,1.2733,1.1972,1.2693,9422127.0
1737820800,1.2694,1.2822,1.2303,1.2339,7827204.0
1737849600,1.2339,1.2517,1.2205,1.2309,5896765.0
1737878400,1.231,1.2668,1.213,1.2585,8426343.0
1737907200,1.2587,1.2892,1.2035,1.2059,10303757.0
1737936000,1.2059,1.2104,1.0508,1.0932,29944448.0
1737964800,1.0932,1.1583,1.0684,1.1444,23517100.0
1737993600,1.1443,1.1631,1.0904,1.1454,14628993.0
1738022400,1.1457,1.1689,1.1243,1.1432,7414168.0
1738051200,1.1433,1.15,1.1093,1.1285,8925765.0
1738080000,1.1286,1.1291,1.0295,1.0384,14334239.0
1738108800,1.0387,1.0895,1.02,1.087,11204226.0
1738137600,1.0869,1.0963,1.0322,1.0498,9790088.0
1738166400,1.0499,1.1335,1.0375,1.0807,18928883.0
1738195200,1.0807,1.1287,1.0663,1.116,7620211.0
1738224000,1.116,1.1514,1.1042,1.1385,8813245.0
1738252800,1.1388,1.1648,1.1353,1.1402,8658017.0
1738281600,1.1401,1.1667,1.1191,1.1504,5409191.0
1738310400,1.1505,1.2293,1.1265,1.2235,11100335.0
1738339200,1.2235,1.2309,1.162,1.1718,16032217.0
1738368000,1.1716,1.2004,1.1635,1.1694,5530865.0
1738396800,1.1693,1.1735,1.0961,1.1091,10965827.0
1738425600,1.1092,1.1209,1.027,1.0383,17692400.0
1738454400,1.0383,1.0603,0.9951,1.0396,19385441.0
1738483200,1.0398,1.0695,1.0055,1.0215,13884392.0
1738512000,1.0215,1.0216,0.8164,0.8749,61941962.0
1738540800,0.875,0.8751,0.6038,0.7733,96700536.0
1738569600,0.773,0.8179,0.7159,0.8063,52984512.0
1738598400,0.8061,0.8805,0.7849,0.8532,33903510.0
1738627200,0.8535,0.8593,0.7444,0.7501,23341631.0
1738656000,0.7502,0.8113,0.7454,0.7912,28822239.0
1738684800,0.7913,0.8341,0.7627,0.7909,34630595.0
1738713600,0.791,0.807,0.7802,0.7956,12698365.0
1738742400,0.7955,0.8165,0.7821,0.7983,15347122.0
1738771200,0.7982,0.8039,0.7445,0.7642,21349081.0
1738800000,0.7642,0.7795,0.7526,0.7677,10206758.0
1738828800,0.7677,0.7723,0.6991,0.7067,23769658.0
1738857600,0.7068,0.7233,0.6887,0.6974,19003767.0
1738886400,0.6974,0.735,0.696,0.7152,13118016.0
1738915200,0.7152,0.7943,0.7108,0.7681,27240374.0
1738944000,0.7682,0.7694,0.6861,0.7181,22538126.0
1738972800,0.7181,0.7318,0.7056,0.723,11785932.0
1739001600,0.723,0.7363,0.7065,0.7237,13380388.0
1739030400,0.7238,0.7503,0.676,0.6953,53770797.0
1739059200,0.6952,0.7208,0.682,0.6929,23666810.0
1739088000,0.6929,0.6967,0.6514,0.6639,33636274.0
1739116800,0.6639,0.677,0.608,0.65,43157673.0
1739145600,0.65,0.6774,0.6173,0.6691,29941056.0
1739174400,0.6691,0.6852,0.6434,0.6588,35041207.0
1739203200,0.6589,0.6981,0.6552,0.6638,30016174.0
1739232000,0.6638,0.7189,0.6604,0.7113,26207018.0
1739260800,0.7112,0.7238,0.6885,0.7092,36114246.0
1739289600,0.7093,0.7393,0.6789,0.6974,49685358.0
1739318400,0.6973,0.6994,0.6642,0.673,23168014.0
1739347200,0.6731,0.7072,0.6475,0.6792,37525029.0
1739376000,0.6793,0.7309,0.6642,0.7136,41049023.0
1739404800,0.7135,0.7235,0.6831,0.6848,16120035.0
1739433600,0.6847,0.6891,0.6613,0.6774,36670571.0
1739462400,0.6774,0.6904,0.6605,0.6795,19662784.0
1739491200,0.6795,0.6991,0.6713,0.6836,14705339.0
1739520000,0.6837,0.7149,0.6811,0.7076,30936704.0
1739548800,0.7076,0.7327,0.6985,0.7137,27236260.0
1739577600,0.7138,0.75,0.7062,0.7222,21625746.0
1739606400,0.7222,0.7256,0.6848,0.6906,24183129.0
1739635200,0.6905,0.6956,0.6717,0.6868,18886303.0
1739664000,0.6868,0.7041,0.6755,0.6914,14008722.0
1739692800,0.6914,0.7354,0.6876,0.7123,26258890.0
1739721600,0.7123,0.7206,0.6854,0.7025,19238033.0
1739750400,0.7026,0.718,0.68,0.6905,16462511.0
1739779200,0.6905,0.7336,0.6837,0.7038,31295764.0
1739808000,0.7036,0.7094,0.65,0.6805,40012378.0
1739836800,0.6804,0.6847,0.6367,0.6462,17907084.0
1739865600,0.6462,0.6674,0.6254,0.6305,23301280.0
1739894400,0.6305,0.6437,0.6128,0.6436,24752910.0
1739923200,0.6436,0.6646,0.6281,0.6604,12694743.0
1739952000,0.6603,0.6662,0.6361,0.6411,16221205.0
1739980800,0.641,0.6496,0.6291,0.6381,17406440.0
1740009600,0.638,0.6629,0.6355,0.6404,13797756.0
1740038400,0.6405,0.6572,0.6309,0.6333,19658103.0
1740067200,0.6332,0.6764,0.6313,0.6698,16643359.0
1740096000,0.6698,0.8725,0.6478,0.7117,99453202.0
1740124800,0.7117,0.7332,0.6476,0.6644,76600123.0
1740153600,0.6644,0.6793,0.6114,0.6346,53403936.0
1740182400,0.6346,0.6591,0.6245,0.6529,44363901.0
1740211200,0.653,0.6891,0.652,0.6867,27210720.0
1740240000,0.6867,0.7252,0.6827,0.708,38072295.0
1740268800,0.7079,0.721,0.6817,0.7189,23617968.0
1740297600,0.7189,0.7238,0.6813,0.6853,28118065.0
1740326400,0.6853,0.7221,0.6845,0.7178,19115652.0
1740355200,0.7177,0.7592,0.6906,0.6954,62377107.0
1740384000,0.6953,0.7116,0.6577,0.6685,42307791.0
1740412800,0.6686,0.6735,0.577,0.5968,47040558.0
1740441600,0.5968,0.6004,0.537,0.5634,63908899.0
1740470400,0.5635,0.6059,0.5566,0.5917,47664461.0
1740499200,0.5918,0.6252,0.581,0.6102,28294526.0
1740528000,0.6103,0.635,0.6064,0.6159,18518374.0
1740556800,0.616,0.6388,0.599,0.6301,27720521.0
1740585600,0.6303,0.6529,0.5891,0.6386,41310130.0
1740614400,0.6387,0.6548,0.6274,0.6461,14789859.0
1740643200,0.6463,0.6551,0.6336,0.6468,19579037.0
1740672000,0.6468,0.6522,0.6154,0.6345,17111192.0
1740700800,0.6345,0.6381,0.5773,0.5863,35771926.0
1740729600,0.5862,0.6449,0.5784,0.6394,27599301.0
1740758400,0.6395,0.6536,0.6328,0.6494,14978241.0
1740787200,0.6495,0.6509,0.6306,0.6363,13389027.0
1740816000,0.6363,0.6443,0.6138,0.6213,14873808.0
1740844800,0.6213,0.6367,0.6169,0.6313,9154314.0
1740873600,0.6313,0.637,0.6221,0.6229,8346108.0
1740902400,0.623,0.6588,0.62,0.6417,19826288.0
1740931200,0.6416,0.6995,0.6378,0.6871,34301211.0
1740960000,0.687,0.6895,0.6341,0.648,25642466.0
1740988800,0.6481,0.6488,0.6156,0.6238,26810981.0
1741017600,0.6238,0.6264,0.55,0.5559,44311803.0
1741046400,0.5559,0.5598,0.5052,0.5239,39328245.0
1741075200,0.5241,0.5459,0.5064,0.5273,34418735.0
1741104000,0.5272,0.5504,0.4836,0.5371,37166157.0
1741132800,0.537,0.5413,0.5239,0.5373,15347889.0
1741161600,0.5373,0.569,0.5371,0.5474,21213530.0
1741190400,0.5473,0.5848,0.5393,0.5795,16650726.0
1741219200,0.5795,0.6202,0.5722,0.5886,25523560.0
1741248000,0.5887,0.5956,0.5709,0.5877,18812400.0
1741276800,0.5878,0.5935,0.5602,0.5661,16595604.0
1741305600,0.5661,0.5918,0.5384,0.5761,26996873.0
1741334400,0.576,0.5985,0.5675,0.585,17599700.0
1741363200,0.5849,0.599,0.5645,0.578,22158711.0
1741392000,0.5781,0.5871,0.5661,0.5733,10775851.0
1741420800,0.5732,0.5778,0.5531,0.5591,14964894.0
1741449600,0.5591,0.5707,0.5496,0.5599,10424678.0
1741478400,0.5599,0.5615,0.5483,0.5485,7566194.0
1741507200,0.5485,0.5509,0.5066,0.511,21380702.0
1741536000,0.5109,0.5147,0.4699,0.4909,34160624.0
1741564800,0.4909,0.5113,0.4833,0.5103,14704682.0
1741593600,0.5103,0.5333,0.4802,0.492,33632314.0
1741622400,0.4919,0.4949,0.4425,0.4588,36445351.0
1741651200,0.4589,0.7137,0.4184,0.5769,347504640.0
1741680000,0.5766,0.602,0.5193,0.5353,290861451.0
1741708800,0.5352,0.5598,0.5147,0.5171,89095978.0
1741737600,0.5169,0.5274,0.4934,0.5253,90720811.0
1741766400,0.5254,0.5513,0.5064,0.5148,86516862.0
1741795200,0.5148,0.534,0.5132,0.5229,36094487.0
1741824000,0.5229,0.5424,0.4958,0.4991,55338416.0
1741852800,0.4992,0.5228,0.4944,0.5139,42483781.0
1741881600,0.5139,0.5154,0.4905,0.507,31820445.0
1741910400,0.5072,0.5224,0.5015,0.5181,31406637.0
1741939200,0.5181,0.5378,0.5178,0.5312,28452637.0
1741968000,0.5313,0.5416,0.5226,0.5235,18581136.0
1741996800,0.5235,0.5279,0.5142,0.5199,16403275.0
1742025600,0.5199,0.5324,0.5176,0.5324,14475499.0
1742054400,0.5324,0.5371,0.5279,0.5333,11445304.0
1742083200,0.5332,0.5369,0.5192,0.531,13626320.0
1742112000,0.5309,0.5357,0.4986,0.5049,27226534.0
1742140800,0.5048,0.5216,0.4946,0.5001,19192990.0
1742169600,0.5001,0.5269,0.4997,0.5232,16598918.0
1742198400,0.5233,0.5732,0.5219,0.5682,65167215.0
1742227200,0.5681,0.5751,0.5436,0.5457,35630966.0
1742256000,0.5456,0.5482,0.517,0.5208,36876539.0
1742284800,0.5208,0.5334,0.5154,0.5198,19822793.0
1742313600,0.5198,0.541,0.511,0.5405,18098419.0
1742342400,0.5404,0.5522,0.5294,0.5354,21616074.0
1742371200,0.5354,0.5569,0.5354,0.5502,24909620.0
1742400000,0.5501,0.578,0.5356,0.5714,24143933.0
1742428800,0.5713,0.6025,0.555,0.5621,52258705.0
1742457600,0.5621,0.5712,0.5484,0.5521,28256158.0
1742486400,0.5521,0.5741,0.5468,0.573,17820323.0
1742515200,0.573,0.5881,0.5633,0.5799,19880113.0
1742544000,0.5799,0.5818,0.5506,0.5661,26953047.0
1742572800,0.5662,0.5842,0.5603,0.5817,20526229.0
1742601600,0.5816,0.6006,0.564,0.5919,22567148.0
1742630400,0.5918,0.6316,0.5873,0.6153,32696515.0
1742659200,0.6152,0.6329,0.6089,0.626,27079327.0
1742688000,0.6259,0.6964,0.6106,0.6293,65799075.0
1742716800,0.6294,0.6364,0.6022,0.6069,25307081.0
1742745600,0.607,0.628,0.5993,0.6223,16001320.0
1742774400,0.6223,0.6397,0.6059,0.6226,23223505.0
1742803200,0.6225,0.6436,0.6203,0.6354,25796458.0
1742832000,0.6354,0.6594,0.6308,0.6413,20508108.0
1742860800,0.6414,0.6491,0.6134,0.6188,16842378.0
1742889600,0.6188,0.6405,0.6172,0.6205,20338115.0
1742918400,0.6206,0.6408,0.62,0.6385,14592016.0
1742947200,0.6386,0.6598,0.6183,0.6522,17035532.0
1742976000,0.6521,0.6589,0.6218,0.6296,19494170.0
1743004800,0.6295,0.6365,0.61,0.614,15326477.0
1743033600,0.614,0.6355,0.6101,0.6217,9910892.0
1743062400,0.6217,0.6272,0.601,0.616,17130164.0
1743091200,0.616,0.6351,0.6064,0.6287,12160653.0
1743120000,0.6288,0.6416,0.5837,0.5851,24707250.0
1743148800,0.5851,0.5933,0.5731,0.5777,17181127.0
1743177600,0.5779,0.5812,0.5657,0.5764,10357445.0
1743206400,0.5764,0.5822,0.5442,0.5484,12360708.0
1743235200,0.5485,0.5548,0.5244,0.5373,15650355.0
1743264000,0.5374,0.5389,0.5206,0.533,13006457.0
1743292800,0.5331,0.5497,0.5252,0.5487,9721500.0
1743321600,0.5486,0.565,0.5345,0.5401,29206056.0
1743350400,0.5402,0.5527,0.5253,0.5301,14189766.0
1743379200,0.5302,0.531,0.503,0.5075,24040640.0
1743408000,0.5075,0.5239,0.4998,0.5181,24720387.0
1743436800,0.5182,0.5212,0.5033,0.505,10597079.0
1743465600,0.5049,0.5235,0.5021,0.517,11546901.0
1743494400,0.5169,0.5358,0.5091,0.53,23488471.0
1743523200,0.5301,0.5311,0.5076,0.5093,13053722.0
1743552000,0.5094,0.5101,0.4865,0.4966,18620758.0
1743580800,0.4966,0.5175,0.4921,0.512,21086539.0
1743609600,0.5121,0.5271,0.472,0.4794,27104317.0
1743638400,0.4794,0.4991,0.4763,0.483,13267826.0
1743667200,0.483,0.4908,0.4642,0.4757,20072176.0
1743696000,0.4758,0.4952,0.4746,0.4921,9726712.0
1743724800,0.4922,0.5038,0.4871,0.5003,9443103.0
1743753600,0.5002,0.5132,0.4788,0.4983,20209727.0
1743782400,0.4984,0.5066,0.4936,0.4983,10096661.0
1743811200,0.4982,0.5061,0.4932,0.4983,11124214.0
1743840000,0.4983,0.4992,0.477,0.4795,8381839.0
1743868800,0.4794,0.4865,0.4755,0.485,7658684.0
1743897600,0.485,0.4862,0.475,0.4763,4076236.0
1743926400,0.4764,0.48,0.4537,0.4605,12455347.0
1743955200,0.4604,0.4617,0.4246,0.4343,29620755.0
1743984000,0.4344,0.4539,0.3911,0.404,39351363.0
1744012800,0.4039,0.458,0.4015,0.4353,44603559.0
1744041600,0.4352,0.4482,0.4266,0.4401,13882115.0
1744070400,0.4403,0.4544,0.4327,0.4352,8233516.0
1744099200,0.4352,0.4489,0.4291,0.4352,12856305.0
1744128000,0.4351,0.4359,0.4084,0.4133,15531818.0
1744156800,0.4134,0.4302,0.3951,0.429,16149083.0
1744185600,0.4291,0.4302,0.4098,0.4201,18686560.0
1744214400,0.4202,0.4687,0.4194,0.4635,29089585.0
1744243200,0.4636,0.4674,0.4466,0.4524,12225409.0
1744272000,0.4522,0.4587,0.4346,0.438,15224223.0
1744300800,0.438,0.4515,0.4351,0.4492,10635931.0
1744329600,0.4492,0.4706,0.4469,0.4664,8681090.0
1744358400,0.4663,0.47,0.445,0.4627,15338777.0
1744387200,0.4626,0.4728,0.4595,0.4651,7372748.0
1744416000,0.4651,0.4872,0.4639,0.4736,14022529.0
1744444800,0.4735,0.4911,0.4708,0.4892,10289559.0
1744473600,0.4892,0.4971,0.4869,0.4916,7025708.0
1744502400,0.4916,0.4938,0.4769,0.4823,6701547.0
1744531200,0.4824,0.4953,0.4764,0.4801,12228953.0
1744560000,0.4801,0.4977,0.458,0.4668,13963514.0
1744588800,0.4669,0.4889,0.4643,0.4717,8265880.0
1744617600,0.4717,0.4878,0.466,0.4675,11927238.0
1744646400,0.4673,0.4759,0.4646,0.4683,6803644.0
1744675200,0.4685,0.4734,0.4624,0.4715,4610904.0
1744704000,0.4715,0.4758,0.4565,0.4627,8880394.0
1744732800,0.4627,0.4641,0.4521,0.4571,7186113.0
1744761600,0.4571,0.4649,0.4515,0.4529,7382935.0
1744790400,0.4529,0.4621,0.4432,0.455,9579596.0
1744819200,0.4551,0.4648,0.4411,0.4536,11411898.0
1744848000,0.4535,0.4655,0.4493,0.4616,5358427.0
1744876800,0.4616,0.4639,0.45,0.4588,6027633.0
1744905600,0.4591,0.4747,0.4563,0.4667,8899973.0
1744934400,0.4668,0.4839,0.4643,0.483,7442607.0
1744963200,0.4829,0.4917,0.474,0.478,9205063.0
1744992000,0.4781,0.481,0.4741,0.4777,5571931.0
1745020800,0.4776,0.5086,0.4765,0.4928,11451953.0
1745049600,0.4929,0.5022,0.4873,0.4992,6220242.0
1745078400,0.4992,0.5164,0.4933,0.5163,8414423.0
1745107200,0.5162,0.5163,0.5016,0.5046,7093788.0
1745136000,0.5045,0.5063,0.4894,0.4979,9204352.0
1745164800,0.4978,0.5463,0.4969,0.526,28962857.0
1745193600,0.526,0.5434,0.5158,0.5362,16266802.0
1745222400,0.5363,0.5369,0.5212,0.524,12344542.0
1745251200,0.5241,0.5305,0.4984,0.506,13874495.0
1745280000,0.5061,0.5151,0.4906,0.5072,11493967.0
1745308800,0.5071,0.5492,0.5009,0.537,43957495.0
1745337600,0.537,0.5514,0.5299,0.5508,20395569.0
1745366400,0.5508,0.5691,0.5434,0.5613,18812355.0
1745395200,0.5612,0.5678,0.5371,0.549,21894674.0
1745424000,0.5492,0.5568,0.539,0.5471,10738892.0
1745452800,0.5471,0.5556,0.5243,0.5278,12099251.0
1745481600,0.5279,0.571,0.5208,0.5612,16938840.0
1745510400,0.5613,0.5682,0.5491,0.5633,9508590.0
1745539200,0.5633,0.5729,0.548,0.5726,9637906.0
1745568000,0.5724,0.5888,0.5689,0.5753,17702539.0
1745596800,0.5754,0.5925,0.5643,0.5903,14343882.0
1745625600,0.5903,0.6539,0.5865,0.6307,35936489.0
1745654400,0.6307,0.6368,0.5972,0.6186,15476820.0
1745683200,0.6184,0.6325,0.6062,0.6276,8733005.0
1745712000,0.6276,0.64,0.5985,0.6085,18804061.0
1745740800,0.6086,0.6159,0.5853,0.589,12142770.0
1745769600,0.589,0.6023,0.5836,0.5876,5248804.0
1745798400,0.5878,0.6091,0.5628,0.6048,12270602.0
1745827200,0.605,0.618,0.5793,0.5866,16933992.0
1745856000,0.5865,0.6127,0.5773,0.6068,9681472.0
1745884800,0.6068,0.6255,0.6013,0.6211,14670171.0
1745913600,0.621,0.6221,0.5865,0.5961,14609608.0
1745942400,0.5961,0.6023,0.5727,0.582,7554460.0
1745971200,0.5819,0.5955,0.5789,0.5861,5727577.0
1746000000,0.5859,0.5979,0.55,0.5709,13481184.0
1746028800,0.5707,0.5854,0.5595,0.5822,9210723.0
1746057600,0.5823,0.6033,0.5714,0.5858,9176289.0
1746086400,0.5856,0.6039,0.5841,0.5956,11066500.0
1746115200,0.5957,0.6003,0.5887,0.5942,5363748.0
1746144000,0.5941,0.608,0.5727,0.5732,9579979.0
1746172800,0.5733,0.586,0.5698,0.5841,8821548.0
1746201600,0.5842,0.5937,0.5705,0.5812,5710815.0
1746230400,0.5813,0.5831,0.5635,0.5663,4397061.0
1746259200,0.5663,0.5663,0.5532,0.5554,7071711.0
1746288000,0.5557,0.5557,0.5282,0.5332,11461488.0
1746316800,0.5332,0.5403,0.525,0.5364,7724775.0
1746345600,0.5365,0.5367,0.5233,0.5276,6041086.0
1746374400,0.5275,0.5315,0.5185,0.5237,6669588.0
1746403200,0.5237,0.5321,0.5086,0.5277,9536617.0
1746432000,0.5277,0.5304,0.5068,0.5106,10507909.0
1746460800,0.5105,0.525,0.5064,0.5125,6251831.0
1746489600,0.5125,0.5191,0.5054,0.5109,5274373.0
1746518400,0.5109,0.5109,0.4924,0.4977,10929707.0
1746547200,0.4977,0.5078,0.4803,0.5031,11429752.0
1746576000,0.5032,0.5162,0.4988,0.5108,9711874.0
1746604800,0.5108,0.5156,0.4964,0.4983,7962953.0
1746633600,0.4983,0.5129,0.4905,0.509,11669031.0
1746662400,0.5091,0.5426,0.5085,0.5385,14165734.0
1746691200,0.5386,0.5724,0.5381,0.5611,18549405.0
1746720000,0.5612,0.5979,0.5601,0.5942,15671681.0
1746748800,0.5941,0.6443,0.5924,0.6327,17244752.0
1746777600,0.6328,0.6576,0.614,0.6407,30941337.0
1746806400,0.6407,0.6498,0.6212,0.6367,18832857.0
1746835200,0.6367,0.6815,0.6346,0.6648,23704551.0
1746864000,0.6651,0.6748,0.637,0.6453,20972346.0
1746892800,0.6453,0.7319,0.6428,0.7184,24883182.0
1746921600,0.7183,0.7551,0.6904,0.6972,43940620.0
1746950400,0.6973,0.7223,0.6895,0.6971,17275477.0
1746979200,0.6972,0.7611,0.6847,0.716,36840892.0
1747008000,0.7161,0.7556,0.7112,0.7343,21567014.0
1747036800,0.7343,0.7477,0.6975,0.707,29031732.0
1747065600,0.707,0.729,0.66,0.7085,27214017.0
1747094400,0.7085,0.7107,0.656,0.6836,18068159.0
1747123200,0.6837,0.7214,0.6782,0.711,17899989.0
1747152000,0.7111,0.841,0.7087,0.7896,44494509.0
1747180800,0.7893,0.8113,0.7719,0.7728,23698614.0
1747209600,0.7728,0.7758,0.7286,0.7421,28739915.0
1747238400,0.7422,0.7431,0.7227,0.7349,14279232.0
1747267200,0.7349,0.7686,0.672,0.6746,29429619.0
1747296000,0.6745,0.7147,0.6713,0.7143,31328929.0
1747324800,0.7143,0.7274,0.6584,0.6764,24066542.0
1747353600,0.6765,0.7153,0.6689,0.7061,17917570.0
1747382400,0.7062,0.7137,0.6746,0.6894,22755485.0
1747411200,0.6894,0.6934,0.6428,0.6553,16521761.0
1747440000,0.6552,0.6579,0.6231,0.6316,15368984.0
1747468800,0.6317,0.6404,0.6138,0.6229,14912348.0
1747497600,0.6229,0.6295,0.6097,0.6227,11363461.0
1747526400,0.6227,0.6648,0.6195,0.6641,11302762.0
1747555200,0.6641,0.6948,0.6506,0.6885,18764026.0
1747584000,0.6886,0.6952,0.6174,0.6778,24643566.0
1747612800,0.6779,0.6872,0.6139,0.6294,18890873.0
1747641600,0.6294,0.6471,0.6135,0.6409,13237090.0
1747670400,0.6411,0.6609,0.6304,0.6438,12739478.0
1747699200,0.6439,0.6668,0.6355,0.6424,12634942.0
1747728000,0.6423,0.6455,0.6203,0.6311,17016329.0
1747756800,0.6311,0.6908,0.6225,0.6743,28761604.0
1747785600,0.6744,0.7055,0.6555,0.6821,28264597.0
1747814400,0.6822,0.6918,0.6677,0.6831,26447299.0
1747843200,0.6831,0.7072,0.6555,0.6805,31167534.0
1747872000,0.6806,0.7186,0.6793,0.7178,23465186.0
1747900800,0.7178,0.759,0.7069,0.7457,25275678.0
1747929600,0.7457,0.787,0.7455,0.749,36540342.0
1747958400,0.749,0.7712,0.7226,0.7307,21579056.0
1747987200,0.7307,0.7609,0.6862,0.7094,50878898.0
1748016000,0.7094,0.73,0.6539,0.6572,25774362.0
1748044800,0.6573,0.676,0.6515,0.6676,16709432.0
1748073600,0.6677,0.6849,0.6613,0.672,14930617.0
1748102400,0.672,0.6793,0.6563,0.6614,10028753.0
1748131200,0.6613,0.666,0.6426,0.6532,11916296.0
1748160000,0.6533,0.6533,0.6252,0.6377,13750897.0
1748188800,0.6377,0.6876,0.628,0.6824,13214942.0
1748217600,0.6824,0.7074,0.6751,0.7036,15428947.0
1748246400,0.7035,0.7065,0.6654,0.68,14901275.0
1748275200,0.6801,0.6847,0.6604,0.6702,10658583.0
1748304000,0.6702,0.6969,0.6499,0.6904,13742149.0
1748332800,0.6905,0.7095,0.681,0.6945,15459936.0
1748361600,0.6946,0.707,0.6838,0.6902,9991822.0
1748390400,0.6902,0.6982,0.6736,0.6761,9524631.0
1748419200,0.6762,0.701,0.6578,0.6609,15746991.0
1748448000,0.661,0.6729,0.6373,0.6682,18912189.0
1748476800,0.6683,0.6946,0.6584,0.6656,14890721.0
1748505600,0.6656,0.6708,0.6405,0.6463,14967802.0
1748534400,0.6464,0.648,0.6314,0.6369,13378618.0
1748563200,0.6368,0.6396,0.583,0.6002,24206534.0
1748592000,0.6002,0.6078,0.5906,0.5934,14408436.0
1748620800,0.5935,0.5959,0.5459,0.5513,22561021.0
1748649600,0.5512,0.5536,0.5166,0.5381,25227640.0
1748678400,0.5382,0.5505,0.526,0.5415,14552586.0
1748707200,0.5415,0.5565,0.5385,0.5459,9398366.0
1748736000,0.546,0.5525,0.5365,0.5482,7096773.0
1748764800,0.5481,0.5508,0.5304,0.5464,10330587.0
1748793600,0.5463,0.5612,0.5393,0.5579,10126543.0
1748822400,0.5579,0.5605,0.5338,0.5452,8212633.0
1748851200,0.5451,0.5497,0.5282,0.5424,13463978.0
1748880000,0.5425,0.5633,0.5302,0.5593,14110063.0
1748908800,0.5594,0.5759,0.5525,0.559,11831717.0
1748937600,0.5591,0.5726,0.5501,0.5677,12954010.0
1748966400,0.5677,0.5746,0.5487,0.552,12862171.0
1748995200,0.552,0.5651,0.5427,0.546,8957466.0
1749024000,0.546,0.5563,0.5374,0.5529,15069055.0
1749052800,0.553,0.5533,0.5202,0.5249,13125876.0
1749081600,0.525,0.5327,0.5152,0.5242,9949558.0
1749110400,0.5243,0.5329,0.5102,0.52,13955871.0
1749139200,0.5199,0.5205,0.4738,0.4864,33492583.0
1749168000,0.4864,0.5045,0.4841,0.5004,11308819.0
1749196800,0.5003,0.5202,0.4998,0.5142,16503326.0
1749225600,0.5143,0.5167,0.4951,0.501,11433229.0
1749254400,0.5009,0.5243,0.5002,0.5205,9490049.0
1749283200,0.5205,0.5246,0.5162,0.52,8188526.0
1749312000,0.5198,0.5257,0.5137,0.5212,6588472.0
1749340800,0.5212,0.5215,0.5066,0.5084,7036614.0
1749369600,0.5085,0.5238,0.5071,0.52,11580578.0
1749398400,0.52,0.5373,0.5192,0.527,12381225.0
1749427200,0.527,0.5319,0.511,0.5173,7659645.0
1749456000,0.5173,0.5391,0.5152,0.5288,13186766.0
1749484800,0.5288,0.5562,0.5286,0.5542,13055059.0
1749513600,0.5542,0.5624,0.5431,0.5518,10847328.0
1749542400,0.5519,0.5848,0.5494,0.5672,22780751.0
1749571200,0.5672,0.5788,0.5589,0.5777,16201030.0
1749600000,0.5777,0.5783,0.5587,0.5626,11357079.0
1749628800,0.5625,0.5752,0.548,0.5706,19287100.0
1749657600,0.5706,0.5712,0.5264,0.5357,16807963.0
1749686400,0.5358,0.5369,0.5212,0.5233,9820090.0
1749715200,0.5232,0.5271,0.508,0.5121,15579780.0
1749744000,0.5122,0.5257,0.492,0.495,15706353.0
1749772800,0.495,0.4956,0.4471,0.4617,37322560.0
1749801600,0.4617,0.4715,0.4538,0.4676,18560896.0
1749830400,0.4676,0.4777,0.4613,0.4762,14437738.0
1749859200,0.4763,0.4815,0.4722,0.4741,8088352.0
1749888000,0.474,0.4783,0.4645,0.4682,7579542.0
1749916800,0.4681,0.4704,0.4535,0.4633,10753383.0
1749945600,0.4633,0.4755,0.4631,0.4682,6360346.0
1749974400,0.4681,0.4764,0.4624,0.4696,9169637.0
1750003200,0.4697,0.473,0.4575,0.4705,10840438.0
1750032000,0.4707,0.4939,0.4635,0.4917,11733489.0
1750060800,0.4916,0.4987,0.4855,0.4919,12376313.0
1750089600,0.4919,0.5004,0.4728,0.4742,13821156.0
1750118400,0.4742,0.4834,0.461,0.469,14208366.0
1750147200,0.469,0.4696,0.4482,0.4526,15006581.0
1750176000,0.4524,0.4645,0.4381,0.4507,18431035.0
1750204800,0.4507,0.457,0.4467,0.4506,8631474.0
1750233600,0.4506,0.4526,0.4253,0.4401,20821478.0
1750262400,0.4401,0.4606,0.4351,0.4584,17324558.0
1750291200,0.4584,0.4649,0.4529,0.4534,7851802.0
1750320000,0.4533,0.4587,0.4448,0.4462,7782629.0
1750348800,0.4462,0.455,0.4412,0.4518,7560318.0
1750377600,0.4518,0.4619,0.4431,0.4608,7873597.0
1750406400,0.4608,0.463,0.4437,0.4471,13526511.0
1750435200,0.4471,0.4477,0.4254,0.4351,17702564.0
1750464000,0.435,0.4409,0.4328,0.4352,5570360.0
1750492800,0.4353,0.4385,0.417,0.4214,10741510.0
1750521600,0.4214,0.4242,0.393,0.4066,22283898.0
1750550400,0.4066,0.4199,0.3983,0.4026,16851470.0
1750579200,0.4027,0.403,0.3707,0.3765,41653143.0
1750608000,0.3766,0.393,0.364,0.3917,27016014.0
1750636800,0.3917,0.402,0.3881,0.3997,9741830.0
1750665600,0.3996,0.4108,0.3945,0.4007,14522577.0
1750694400,0.4006,0.4472,0.3872,0.4452,33648512.0
1750723200,0.4453,0.4667,0.4452,0.4561,16420000.0
1750752000,0.4561,0.4584,0.4443,0.4522,25529493.0
1750780800,0.4523,0.4622,0.4474,0.4612,12445098.0
1750809600,0.4612,0.4616,0.4507,0.4562,7263178.0
1750838400,0.4561,0.462,0.4426,0.4438,13743150.0
1750867200,0.4437,0.4531,0.4384,0.4434,12602519.0
1750896000,0.4434,0.4615,0.4422,0.4524,10325867.0
1750924800,0.4523,0.4547,0.4271,0.4325,16054329.0
1750953600,0.4324,0.4421,0.4262,0.4303,10743819.0
1750982400,0.4304,0.4422,0.4215,0.4295,9282143.0
1751011200,0.4295,0.4402,0.4275,0.4349,11241194.0
1751040000,0.435,0.442,0.4238,0.4402,8865954.0
1751068800,0.4403,0.4432,0.4361,0.4429,4980138.0
1751097600,0.443,0.4483,0.4395,0.4475,6474887.0
1751126400,0.4474,0.4631,0.4473,0.4575,7068758.0
1751155200,0.4576,0.4608,0.4491,0.4558,5335023.0
1751184000,0.4559,0.4623,0.4479,0.4489,7106241.0
1751212800,0.4489,0.4951,0.4489,0.4871,14018073.0
1751241600,0.4871,0.491,0.4667,0.4753,11033686.0
1751270400,0.4752,0.4769,0.4533,0.4622,14780494.0
1751299200,0.4622,0.4782,0.4597,0.4637,10465998.0
1751328000,0.4638,0.4674,0.4446,0.4549,8447916.0
1751356800,0.4548,0.4552,0.4428,0.447,9556586.0
1751385600,0.4471,0.4486,0.4321,0.4353,8782912.0
1751414400,0.4354,0.455,0.4282,0.4519,6409723.0
1751443200,0.452,0.466,0.4469,0.4654,8263071.0
1751472000,0.4654,0.4893,0.4652,0.4789,13802532.0
1751500800,0.4789,0.4914,0.4776,0.4897,8405335.0
1751529600,0.4898,0.4929,0.4717,0.4724,12812878.0
1751558400,0.4724,0.4918,0.4722,0.4884,8919752.0
1751587200,0.4883,0.489,0.4611,0.4621,7772945.0
1751616000,0.4621,0.4686,0.4472,0.4478,10410149.0
1751644800,0.4477,0.4512,0.4388,0.4466,9967500.0
1751673600,0.4467,0.4514,0.4417,0.4475,5513973.0
1751702400,0.4474,0.4488,0.438,0.4413,7154742.0
1751731200,0.4413,0.4444,0.4314,0.4384,7907501.0
1751760000,0.4384,0.4432,0.4348,0.4381,4998918.0
1751788800,0.4381,0.4522,0.4352,0.4504,8783128.0
1751817600,0.4505,0.462,0.4451,0.4531,7403853.0
1751846400,0.4531,0.4612,0.4485,0.4554,6098933.0
1751875200,0.4552,0.4561,0.4431,0.4472,8213478.0
1751904000,0.4473,0.4513,0.4366,0.4443,8119532.0
1751932800,0.4443,0.4478,0.4321,0.438,10787985.0
1751961600,0.4381,0.4485,0.4349,0.441,8679175.0
1751990400,0.4409,0.455,0.4393,0.4509,6505029.0
1752019200,0.4509,0.4584,0.4452,0.4573,5951708.0
1752048000,0.4571,0.4734,0.4546,0.4659,15819242.0
1752076800,0.466,0.4878,0.4624,0.4843,12289429.0
1752105600,0.4844,0.4941,0.4776,0.49,9334278.0
1752134400,0.4898,0.4982,0.4869,0.4885,10085290.0
1752163200,0.4886,0.541,0.4878,0.535,25491361.0
1752192000,0.535,0.5674,0.5231,0.5429,21199097.0
1752220800,0.5432,0.5634,0.5397,0.5422,16364350.0
1752249600,0.5424,0.5573,0.5152,0.5314,15449260.0
1752278400,0.5314,0.5431,0.5196,0.5365,9774809.0
1752307200,0.5364,0.5473,0.5086,0.5139,26331614.0
1752336000,0.514,0.5322,0.5111,0.5317,7841286.0
1752364800,0.5318,0.5822,0.5263,0.548,36038621.0
1752393600,0.548,0.563,0.5356,0.5579,23632995.0
1752422400,0.5578,0.5618,0.5386,0.548,12854028.0
1752451200,0.548,0.5757,0.5436,0.5656,17847168.0
1752480000,0.5657,0.5666,0.5312,0.5364,18190145.0
1752508800,0.5364,0.5425,0.5166,0.5293,13794614.0
1752537600,0.5293,0.5333,0.5051,0.514,17084700.0
1752566400,0.5141,0.5328,0.5079,0.5297,20723390.0
1752595200,0.5296,0.5614,0.5282,0.5581,18979786.0
1752624000,0.5584,0.5652,0.5436,0.5604,11608284.0
1752652800,0.5601,0.5638,0.5481,0.5587,16838388.0
1752681600,0.5589,0.5815,0.555,0.5587,18124788.0
1752710400,0.5587,0.5677,0.5386,0.5589,16202139.0
1752739200,0.559,0.5731,0.5467,0.5592,18745447.0
1752768000,0.5593,0.5715,0.5368,0.5619,20718969.0
1752796800,0.5621,0.6112,0.5588,0.5918,23420928.0
1752825600,0.5918,0.6086,0.5607,0.5675,26585759.0
1752854400,0.5676,0.5853,0.5484,0.5642,25288844.0
1752883200,0.5642,0.593,0.5426,0.5693,17288607.0
1752912000,0.5695,0.5718,0.5491,0.5582,16366474.0
1752940800,0.5582,0.5845,0.5544,0.5818,13458004.0
1752969600,0.582,0.6043,0.5756,0.5986,13943205.0
1752998400,0.5986,0.6282,0.5975,0.6242,25708735.0
1753027200,0.6243,0.6323,0.5917,0.6073,23840653.0
1753056000,0.6074,0.6355,0.594,0.6236,18713198.0
1753084800,0.6237,0.6486,0.614,0.6297,21995502.0
1753113600,0.6296,0.6312,0.6046,0.6206,16781793.0
1753142400,0.6206,0.6295,0.5833,0.588,24962320.0
1753171200,0.5879,0.6052,0.5736,0.5949,25720955.0
1753200000,0.5947,0.6334,0.5844,0.6319,22534727.0
1753228800,0.6319,0.6324,0.6019,0.6054,13090213.0
1753257600,0.6053,0.6104,0.5573,0.5754,27743427.0
1753286400,0.5753,0.5753,0.5268,0.549,28982482.0
1753315200,0.5491,0.5597,0.5047,0.5249,24240590.0
1753344000,0.5248,0.551,0.5127,0.5402,29056889.0
1753372800,0.5403,0.5446,0.5229,0.5253,15489519.0
1753401600,0.5254,0.5279,0.5083,0.5209,20404643.0
1753430400,0.5211,0.5401,0.5057,0.5167,25444326.0
1753459200,0.5167,0.5514,0.513,0.5504,15168115.0
1753488000,0.5504,0.5555,0.5422,0.5476,8295953.0
1753516800,0.5476,0.5535,0.5444,0.5521,7111591.0
1753545600,0.552,0.5584,0.5462,0.5477,6628175.0
1753574400,0.5477,0.563,0.5459,0.5587,5546688.0
1753603200,0.559,0.5885,0.5509,0.5638,20101001.0
1753632000,0.564,0.5851,0.5637,0.5827,12709918.0
1753660800,0.5827,0.5914,0.5687,0.5843,13843161.0
1753689600,0.5842,0.5878,0.5481,0.5529,16194515.0
1753718400,0.553,0.5552,0.5281,0.5352,15015720.0
1753747200,0.5354,0.5529,0.517,0.5502,15556667.0
1753776000,0.5503,0.5523,0.5161,0.5241,22276040.0
1753804800,0.5241,0.5299,0.5118,0.5263,14756381.0
1753833600,0.5264,0.5277,0.5134,0.5163,8515917.0
1753862400,0.5162,0.5208,0.4937,0.5096,18077390.0
1753891200,0.5097,0.5199,0.4838,0.5118,19842007.0
1753920000,0.5119,0.5272,0.5097,0.5239,7186495.0
1753948800,0.5238,0.529,0.4966,0.5034,11269787.0
1753977600,0.5033,0.5171,0.475,0.4783,17537861.0
1754006400,0.4783,0.4808,0.4605,0.4672,15218729.0
1754035200,0.467,0.4749,0.454,0.4717,21173879.0
1754064000,0.4716,0.4752,0.44,0.4581,20563840.0
1754092800,0.4582,0.4655,0.4466,0.4594,7802729.0
1754121600,0.4594,0.4603,0.4419,0.4442,9921236.0
1754150400,0.4443,0.4502,0.4317,0.4447,15650168.0
1754179200,0.4449,0.4555,0.4382,0.4553,6039804.0
1754208000,0.4552,0.4627,0.4534,0.4593,7862077.0
1754236800,0.4593,0.4701,0.4566,0.4658,6928458.0
1754265600,0.4658,0.4769,0.4638,0.4722,7060932.0
1754294400,0.4723,0.4842,0.4676,0.4799,9937780.0
1754323200,0.4798,0.4965,0.4796,0.4944,12543512.0
1754352000,0.4945,0.4949,0.47,0.472,10193515.0
1754380800,0.472,0.492,0.4605,0.4636,17011630.0
1754409600,0.4634,0.47,0.455,0.4693,10070726.0
1754438400,0.4693,0.4757,0.4534,0.4749,10296377.0
1754467200,0.4748,0.4788,0.4602,0.478,14182549.0
1754496000,0.4781,0.4808,0.4714,0.4771,7023499.0
1754524800,0.4771,0.4836,0.4721,0.4811,8699379.0
1754553600,0.4811,0.5009,0.4788,0.4956,15264286.0
1754582400,0.4956,0.507,0.4834,0.5062,12484097.0
1754611200,0.5063,0.5159,0.5004,0.5122,14022783.0
1754640000,0.5122,0.5174,0.4977,0.5028,17011850.0
1754668800,0.5026,0.5217,0.5014,0.5167,11758866.0
1754697600,0.5167,0.5386,0.5134,0.5333,11888065.0
1754726400,0.5332,0.5484,0.5318,0.5415,16221417.0
1754755200,0.5416,0.5546,0.54,0.5436,11256165.0
1754784000,0.5437,0.557,0.5267,0.529,15719437.0
1754812800,0.529,0.5411,0.5201,0.5367,16057917.0
1754841600,0.5367,0.5467,0.5325,0.5412,9584608.0
1754870400,0.5413,0.5586,0.5362,0.537,13513864.0
1754899200,0.537,0.5424,0.5125,0.5274,20559444.0
1754928000,0.5275,0.5379,0.4982,0.5038,16301791.0
1754956800,0.5037,0.5149,0.4981,0.5134,9969092.0
1754985600,0.5134,0.5348,0.4961,0.5342,22505313.0
1755014400,0.5342,0.5538,0.5324,0.5438,16530574.0
1755043200,0.5437,0.5538,0.5365,0.5498,13870484.0
1755072000,0.5498,0.5728,0.5496,0.5627,22121955.0
1755100800,0.5628,0.6246,0.5599,0.6127,44558439.0
1755129600,0.6128,0.6523,0.5839,0.5867,56260938.0
1755158400,0.5868,0.608,0.5344,0.5617,78347053.0
1755187200,0.5616,0.5705,0.5383,0.5522,40305188.0
1755216000,0.5522,0.5755,0.5501,0.5714,23359879.0
1755244800,0.5714,0.592,0.5251,0.5297,52075454.0
1755273600,0.5297,0.5545,0.5229,0.5472,24944011.0
1755302400,0.5471,0.557,0.5441,0.5542,13047588.0
1755331200,0.5543,0.562,0.5416,0.5588,17861757.0
1755360000,0.5587,0.5613,0.5523,0.5578,11810118.0
1755388800,0.5579,0.5674,0.5503,0.5622,11148137.0
1755417600,0.5623,0.5751,0.5603,0.5751,14275665.0
1755446400,0.5752,0.5795,0.5521,0.5568,15344078.0
1755475200,0.5567,0.5578,0.5224,0.5271,25648768.0
1755504000,0.5271,0.5406,0.5213,0.5323,20587895.0
1755532800,0.5322,0.5399,0.5245,0.5276,13625343.0
1755561600,0.5275,0.5371,0.5097,0.5175,18513440.0
1755590400,0.5175,0.5292,0.5053,0.5087,24806376.0
1755619200,0.5087,0.51,0.4961,0.4974,18785309.0
1755648000,0.4976,0.5102,0.4921,0.5066,12470384.0
1755676800,0.5066,0.5213,0.4959,0.5158,22506500.0
1755705600,0.5159,0.5277,0.5157,0.5229,18030403.0
1755734400,0.5229,0.527,0.5126,0.5174,9360772.0
1755763200,0.5174,0.5185,0.5046,0.5057,15407070.0
1755792000,0.5058,0.5157,0.5015,0.5091,10822366.0
1755820800,0.509,0.5153,0.5039,0.51,9380285.0
1755849600,0.5099,0.5376,0.48,0.5322,42355259.0
1755878400,0.5323,0.5626,0.5322,0.5601,26063708.0
1755907200,0.56,0.5616,0.5362,0.5468,16254759.0
1755936000,0.5468,0.5542,0.544,0.549,12148293.0
1755964800,0.5491,0.5604,0.5468,0.5537,8640399.0
1755993600,0.5536,0.5565,0.5344,0.5367,9940762.0
1756022400,0.5368,0.5422,0.5261,0.5349,10627661.0
1756051200,0.535,0.5715,0.5321,0.5433,36835295.0
1756080000,0.5433,0.5506,0.51,0.5127,19112785.0
1756108800,0.5127,0.5199,0.5047,0.5101,19559539.0
1756137600,0.5102,0.5136,0.4707,0.4799,34618590.0
1756166400,0.4798,0.4913,0.4754,0.4879,11725215.0
1756195200,0.4878,0.5025,0.4829,0.4939,16407027.0
1756224000,0.4938,0.5117,0.4925,0.5074,13658184.0
1756252800,0.5074,0.5139,0.4987,0.5027,10906052.0
1756281600,0.5027,0.5115,0.4988,0.5101,10218757.0
1756310400,0.51,0.5179,0.5006,0.5036,21576719.0
1756339200,0.5036,0.5159,0.4988,0.5129,8665041.0
1756368000,0.5128,0.5274,0.5058,0.5149,17550580.0
1756396800,0.5149,0.5188,0.4991,0.5182,15191319.0
1756425600,0.5183,0.5199,0.4895,0.4903,13206122.0
1756454400,0.4905,0.5051,0.4779,0.4825,26922222.0
1756483200,0.4824,0.4862,0.4713,0.4843,18017966.0
1756512000,0.4844,0.4985,0.4724,0.4978,10724951.0
1756540800,0.4978,0.498,0.4848,0.4952,8117077.0
1756569600,0.4951,0.4953,0.4876,0.4944,7488737.0
1756598400,0.4945,0.503,0.4929,0.4937,6946115.0
1756627200,0.4938,0.4995,0.4884,0.493,7295687.0
1756656000,0.4929,0.4962,0.4821,0.4823,7966857.0
1756684800,0.4822,0.4874,0.4655,0.4873,18735623.0
1756713600,0.4872,0.4957,0.4664,0.4688,18206607.0
1756742400,0.4688,0.4727,0.4488,0.4616,25999940.0
1756771200,0.4617,0.4767,0.4586,0.4699,9626169.0
1756800000,0.4699,0.4812,0.4607,0.4662,16674887.0
1756828800,0.4662,0.4821,0.4659,0.4805,12318892.0
1756857600,0.4804,0.4844,0.4707,0.4742,8698142.0
1756886400,0.4742,0.4881,0.4711,0.487,12530132.0
1756915200,0.487,0.4887,0.4807,0.4818,7641751.0
1756944000,0.4818,0.4846,0.4633,0.4668,10622971.0
1756972800,0.4667,0.4704,0.4577,0.4603,12709953.0
1757001600,0.4603,0.4658,0.4554,0.4587,9420436.0
1757030400,0.4587,0.4789,0.4581,0.4777,8433101.0
1757059200,0.4778,0.4886,0.4652,0.4695,22519942.0
1757088000,0.4694,0.4781,0.4653,0.4759,8354844.0
1757116800,0.4759,0.4802,0.4691,0.4717,4865056.0
1757145600,0.4716,0.476,0.4673,0.4705,6249437.0
1757174400,0.4704,0.48,0.4677,0.4781,7650679.0
1757203200,0.4783,0.4992,0.4761,0.4865,12709709.0
1757232000,0.4867,0.5076,0.4841,0.4965,18466100.0
1757260800,0.4964,0.4974,0.489,0.4937,11349480.0
1757289600,0.4936,0.5358,0.4912,0.5214,37156837.0
1757318400,0.5214,0.5849,0.5171,0.5653,97895032.0
1757347200,0.5652,0.6137,0.5581,0.5784,103663070.0
1757376000,0.5784,0.67,0.578,0.6188,148614982.0
1757404800,0.6189,0.7096,0.615,0.6494,182723784.0
1757433600,0.6495,0.654,0.6172,0.6463,62144074.0
1757462400,0.6462,0.6642,0.6023,0.6073,65744413.0
1757491200,0.6074,0.6232,0.603,0.6045,36828014.0
1757520000,0.6046,0.6278,0.5932,0.6232,38691707.0
1757548800,0.6232,0.6344,0.6065,0.6176,24052895.0
1757577600,0.6176,0.6927,0.6141,0.6431,91398434.0
1757606400,0.6431,0.654,0.6372,0.6488,24544162.0
1757635200,0.6487,0.6912,0.637,0.6699,65832289.0
1757664000,0.6699,0.6712,0.6393,0.6462,32122083.0
1757692800,0.6462,0.6605,0.6446,0.6575,20647560.0
1757721600,0.6574,0.6703,0.6508,0.6572,22947544.0
1757750400,0.6572,0.677,0.65,0.6549,27035038.0
1757779200,0.6549,0.6671,0.6422,0.6649,15508212.0
1757808000,0.6648,0.6683,0.6381,0.6582,19363618.0
1757836800,0.6581,0.6582,0.6184,0.6248,26144601.0
1757865600,0.6248,0.6442,0.6233,0.6327,14535549.0
1757894400,0.6327,0.6578,0.6205,0.6275,22573635.0
1757923200,0.6275,0.6279,0.5868,0.5923,35902265.0
1757952000,0.5922,0.6048,0.5844,0.6012,16652792.0
1757980800,0.6012,0.6046,0.5872,0.5982,11466551.0
1758009600,0.5983,0.6266,0.5983,0.6176,23874938.0
1758038400,0.6174,0.6248,0.6086,0.6203,11067129.0
1758067200,0.6203,0.6313,0.6109,0.6207,12905693.0
1758096000,0.6208,0.6211,0.6069,0.6104,9701256.0
1758124800,0.6103,0.6587,0.6041,0.6542,43480128.0
1758153600,0.6541,0.6648,0.6438,0.6461,16488857.0
1758182400,0.6461,0.6664,0.6407,0.6502,22502022.0
1758211200,0.6503,0.6561,0.6403,0.6478,15140808.0
1758240000,0.6475,0.6589,0.6266,0.6298,14076012.0
1758268800,0.6297,0.6337,0.6102,0.6141,16147571.0
1758297600,0.6142,0.6181,0.6035,0.6109,8855631.0
1758326400,0.6109,0.6207,0.6011,0.62,6633767.0
1758355200,0.62,0.6266,0.6075,0.6214,9583554.0
1758384000,0.6213,0.6238,0.6149,0.617,6575869.0
1758412800,0.617,0.629,0.6135,0.6224,9268665.0
1758441600,0.6225,0.624,0.6025,0.6089,13416687.0
1758470400,0.6089,0.6125,0.5959,0.5988,11035002.0
1758499200,0.5988,0.6031,0.5054,0.5387,42744748.0
1758528000,0.5387,0.5498,0.5312,0.5386,17141367.0
1758556800,0.5384,0.5512,0.5336,0.5489,14189691.0
1758585600,0.5488,0.5517,0.5321,0.5471,11526421.0
1758614400,0.5473,0.5557,0.5413,0.5478,14735862.0
1758643200,0.548,0.5524,0.5315,0.5341,12398196.0
1758672000,0.5341,0.546,0.5203,0.5437,13130812.0
1758700800,0.5438,0.5634,0.5421,0.5554,12027003.0
1758729600,0.5555,0.5578,0.5457,0.5502,8250219.0
1758758400,0.5503,0.551,0.5275,0.5302,16465842.0
1758787200,0.5302,0.5384,0.511,0.5269,18822356.0
1758816000,0.5269,0.5282,0.5014,0.5115,26926682.0
1758844800,0.5115,0.5198,0.5086,0.5175,12832770.0
1758873600,0.5175,0.5201,0.5019,0.5169,17654380.0
1758902400,0.5168,0.5309,0.5165,0.526,11122507.0
1758931200,0.5259,0.5348,0.5206,0.5258,8330299.0
1758960000,0.5259,0.5294,0.5185,0.528,11153332.0
1758988800,0.5281,0.5288,0.5185,0.5199,7653277.0
1759017600,0.52,0.5207,0.5083,0.5103,7693573.0
1759046400,0.5103,0.5171,0.5051,0.5171,9491863.0
1759075200,0.517,0.5384,0.517,0.5362,9923050.0
1759104000,0.5362,0.5369,0.52,0.523,6816819.0
1759132800,0.523,0.5272,0.5078,0.5164,13456760.0
1759161600,0.5165,0.5253,0.5095,0.5135,8873481.0
1759190400,0.5134,0.5159,0.5035,0.5061,10391501.0
1759219200,0.5062,0.5067,0.4849,0.4903,18588895.0
1759248000,0.4903,0.5094,0.4887,0.5052,13870779.0
1759276800,0.5053,0.5076,0.4964,0.5022,8862120.0
1759305600,0.5021,0.5268,0.501,0.5246,16544916.0
1759334400,0.5246,0.53,0.5198,0.5283,11184751.0
1759363200,0.5282,0.5467,0.5255,0.5386,11408969.0
1759392000,0.5386,0.5474,0.5254,0.5347,15632898.0
1759420800,0.5347,0.5535,0.5335,0.5455,15227962.0
1759449600,0.5456,0.5464,0.5305,0.5348,13048961.0
1759478400,0.5346,0.5566,0.53,0.5559,15896740.0
1759507200,0.5561,0.5716,0.537,0.5551,24238244.0
1759536000,0.5552,0.5577,0.541,0.5442,8732078.0
1759564800,0.5442,0.5446,0.522,0.5253,14030941.0
1759593600,0.5253,0.5361,0.5224,0.5336,7120348.0
1759622400,0.5336,0.5613,0.5287,0.5613,13080620.0
1759651200,0.5613,0.5632,0.539,0.545,12381185.0
1759680000,0.5451,0.5461,0.529,0.5331,9681467.0
1759708800,0.5333,0.5464,0.5288,0.5408,10423521.0
1759737600,0.5409,0.563,0.5397,0.5597,15075421.0
1759766400,0.5599,0.572,0.5565,0.5612,16432331.0
1759795200,0.5613,0.5691,0.5507,0.5534,10920218.0
1759824000,0.5533,0.5672,0.521,0.5274,29341985.0
1759852800,0.5273,0.5369,0.5188,0.5213,17808958.0
1759881600,0.5212,0.5271,0.5122,0.5242,9970164.0
1759910400,0.5243,0.5329,0.5182,0.5254,12346526.0
1759939200,0.5253,0.5443,0.524,0.5364,12488797.0
1759968000,0.5364,0.5391,0.516,0.5167,11547312.0
1759996800,0.5166,0.5219,0.5021,0.5071,20807086.0
1760025600,0.5071,0.5189,0.5022,0.5151,10348086.0
1760054400,0.5151,0.527,0.5121,0.5135,11158188.0
1760083200,0.5136,0.5342,0.491,0.4996,30488656.0
1760112000,0.4995,0.5044,0.1132,0.3315,169617690.0
1760140800,0.3317,0.3606,0.3221,0.3578,69884785.0
1760169600,0.3576,0.3799,0.3471,0.3584,39304058.0
1760198400,0.3584,0.3588,0.3174,0.3295,37142123.0
1760227200,0.3296,0.3447,0.3218,0.3417,24857888.0
1760256000,0.3417,0.3713,0.3331,0.3691,36532861.0
1760284800,0.3694,0.3874,0.3685,0.3765,37643806.0
1760313600,0.3766,0.3881,0.3684,0.3782,26467401.0
1760342400,0.3781,0.4096,0.3723,0.4051,60512761.0
1760371200,0.4053,0.4252,0.3964,0.4182,35909882.0
1760400000,0.4182,0.4203,0.3655,0.3728,38931478.0
1760428800,0.3726,0.3991,0.3664,0.3988,45063247.0
1760457600,0.3989,0.409,0.3886,0.3969,33502324.0
1760486400,0.3969,0.4,0.3867,0.3993,15750292.0
1760515200,0.3992,0.4077,0.3756,0.3815,33660448.0
1760544000,0.3815,0.3884,0.3727,0.3811,21810666.0
1760572800,0.3811,0.3873,0.377,0.3818,12898588.0
1760601600,0.3817,0.3905,0.3603,0.3669,38524562.0
1760630400,0.3669,0.3818,0.3531,0.3585,30580558.0
1760659200,0.3584,0.3644,0.3315,0.3334,30030856.0
1760688000,0.3334,0.3599,0.3263,0.353,52029420.0
1760716800,0.353,0.3587,0.3478,0.3541,16833175.0
1760745600,0.3541,0.3668,0.352,0.3598,11845851.0
1760774400,0.3598,0.3678,0.3529,0.3572,14407293.0
1760803200,0.3572,0.3637,0.352,0.3613,10822014.0
1760832000,0.3614,0.3649,0.3562,0.3599,8419977.0
1760860800,0.3599,0.3769,0.3524,0.3763,26464589.0
1760889600,0.3764,0.3809,0.3687,0.3701,11964862.0
1760918400,0.3701,0.3842,0.361,0.3809,14608472.0
1760947200,0.3809,0.3863,0.3763,0.3765,15537529.0
1760976000,0.3765,0.3791,0.368,0.3719,11948550.0
1761004800,0.372,0.3735,0.3528,0.3574,13404501.0
1761033600,0.3573,0.3879,0.3522,0.3843,22039963.0
1761062400,0.3843,0.388,0.3514,0.3534,26489614.0
1761091200,0.3533,0.356,0.3468,0.3519,14838197.0
1761120000,0.352,0.3592,0.3357,0.3518,31687031.0
1761148800,0.3516,0.3534,0.3271,0.3384,28941634.0
1761177600,0.3385,0.3493,0.3369,0.346,10876964.0
1761206400,0.3461,0.3532,0.341,0.3514,15650495.0
1761235200,0.3513,0.3594,0.348,0.3528,14617613.0
1761264000,0.3528,0.3609,0.3501,0.3559,9059210.0
1761292800,0.3559,0.3701,0.3513,0.3544,12848584.0
1761321600,0.3544,0.3689,0.3514,0.3655,7567759.0
1761350400,0.3655,0.3669,0.3564,0.358,5792376.0
1761379200,0.358,0.3638,0.3566,0.3634,6097451.0
1761408000,0.3634,0.3732,0.3615,0.3654,9867526.0
1761436800,0.3653,0.3674,0.3567,0.3657,6444819.0
1761465600,0.3657,0.3762,0.3655,0.3733,13956061.0
1761494400,0.3734,0.3813,0.3685,0.3773,9718523.0
1761523200,0.3773,0.3883,0.3753,0.3785,11138359.0
1761552000,0.3785,0.3798,0.3621,0.3687,18827171.0
1761580800,0.3687,0.3802,0.3642,0.3675,13730276.0
1761609600,0.3675,0.3719,0.3613,0.3641,10650256.0
1761638400,0.3641,0.3745,0.3592,0.3669,13542211.0
1761667200,0.3669,0.3705,0.3439,0.3554,28601187.0
1761696000,0.3553,0.3594,0.3526,0.3558,7692015.0
1761724800,0.3558,0.3646,0.3511,0.3532,12796309.0
1761753600,0.3532,0.3724,0.3454,0.3574,32530541.0
1761782400,0.3574,0.3607,0.3387,0.3534,18459987.0
1761811200,0.3534,0.3535,0.3189,0.3205,32380506.0
1761840000,0.3205,0.3238,0.3065,0.3172,34011897.0
1761868800,0.3173,0.3262,0.3148,0.3218,16122953.0
1761897600,0.3218,0.3329,0.319,0.3302,17612939.0
1761926400,0.3301,0.3309,0.3143,0.3263,17776349.0
1761955200,0.3263,0.3401,0.3219,0.3401,10803275.0
1761984000,0.3401,0.3495,0.3375,0.3491,23471666.0
1762012800,0.3492,0.3657,0.3479,0.3622,25180249.0
1762041600,0.3623,0.3666,0.3533,0.3626,15912677.0
1762070400,0.3626,0.363,0.3467,0.3526,20594776.0
1762099200,0.3526,0.3584,0.3473,0.3572,13180031.0
1762128000,0.3573,0.3577,0.3214,0.3277,30092743.0
1762156800,0.3276,0.3332,0.2796,0.2954,50455233.0
1762185600,0.2954,0.309,0.2885,0.2968,40404502.0
1762214400,0.2967,0.3061,0.2817,0.2838,37720777.0
1762243200,0.2838,0.3019,0.2826,0.296,38843978.0
1762272000,0.2961,0.3007,0.2759,0.2925,85333264.0
1762300800,0.2925,0.2982,0.2756,0.2973,24547541.0
1762329600,0.2972,0.3019,0.2881,0.2999,24032056.0
1762358400,0.2999,0.3068,0.2961,0.3045,15512848.0
1762387200,0.3044,0.3044,0.2931,0.2944,13355534.0
1762416000,0.2943,0.2989,0.2855,0.2881,23215424.0
1762444800,0.2882,0.3024,0.283,0.2983,25132133.0
1762473600,0.2983,0.323,0.2982,0.3224,26191141.0
1762502400,0.3224,0.3291,0.2937,0.3242,60687697.0
1762531200,0.3242,0.3614,0.3235,0.3513,57129491.0
1762560000,0.3512,0.3638,0.332,0.3393,28679737.0
1762588800,0.3393,0.3463,0.3243,0.3264,23671080.0
1762617600,0.3265,0.3383,0.3223,0.3373,12395469.0
1762646400,0.3372,0.3374,0.3181,0.3315,14360981.0
1762675200,0.3314,0.345,0.3201,0.3426,20789544.0
1762704000,0.3426,0.3465,0.3372,0.3395,15367379.0
1762732800,0.3395,0.3485,0.336,0.3432,15631091.0
1762761600,0.3432,0.3529,0.3378,0.3454,22544136.0
1762790400,0.3454,0.3605,0.3387,0.3526,18312520.0
1762819200,0.3527,0.3587,0.3347,0.3353,19218594.0
1762848000,0.3353,0.3453,0.3338,0.3411,15776221.0
1762876800,0.3412,0.3452,0.3227,0.3244,16845816.0
1762905600,0.3245,0.338,0.3225,0.3324,10938337.0
1762934400,0.3324,0.3452,0.3246,0.3262,21272421.0
1762963200,0.3261,0.3272,0.3112,0.3202,21319515.0
1762992000,0.3201,0.3343,0.3173,0.3271,14576982.0
1763020800,0.3271,0.3362,0.3226,0.3264,17510587.0
1763049600,0.3261,0.3279,0.2971,0.3082,26505359.0
1763078400,0.3083,0.3109,0.2859,0.3069,23587889.0
1763107200,0.3068,0.3088,0.2914,0.302,21292679.0
1763136000,0.302,0.3056,0.2845,0.2909,16872534.0
1763164800,0.2909,0.3041,0.2902,0.2991,11587099.0
1763193600,0.2992,0.3039,0.2945,0.2998,9521379.0
1763222400,0.2998,0.3033,0.2947,0.2979,7034111.0
1763251200,0.2979,0.301,0.2903,0.3004,8173423.0
1763280000,0.3004,0.3022,0.2843,0.2853,14055321.0
1763308800,0.2853,0.2891,0.2759,0.287,20864131.0
1763337600,0.287,0.2926,0.2833,0.2918,11019476.0
1763366400,0.2918,0.2968,0.2796,0.2826,20189090.0
1763395200,0.2825,0.2876,0.268,0.2755,24413858.0
1763424000,0.2756,0.2825,0.2697,0.2724,20786888.0
1763452800,0.2725,0.2819,0.2691,0.2799,18569532.0
1763481600,0.2801,0.2899,0.2797,0.284,14900159.0
1763510400,0.284,0.2862,0.271,0.2787,10729652.0
1763539200,0.2787,0.2797,0.2653,0.2662,16887720.0
1763568000,0.2662,0.2762,0.2565,0.2742,30177647.0
1763596800,0.2741,0.2811,0.2726,0.2809,9337570.0
1763625600,0.281,0.3039,0.2792,0.2842,34043904.0
1763654400,0.2841,0.2842,0.2576,0.2643,38802823.0
1763683200,0.2643,0.2703,0.227,0.2457,35524276.0
1763712000,0.2458,0.2516,0.2331,0.2476,53964451.0
1763740800,0.2475,0.2537,0.2327,0.2434,34912380.0
1763769600,0.2434,0.2458,0.2327,0.2385,16893554.0
1763798400,0.2385,0.2425,0.2315,0.2363,25124260.0
1763827200,0.2364,0.2426,0.2335,0.2379,11490967.0
1763856000,0.238,0.2435,0.2365,0.2397,10657630.0
1763884800,0.2398,0.2419,0.236,0.2405,12133906.0
1763913600,0.2405,0.2429,0.2349,0.2356,11745254.0
1763942400,0.2356,0.2441,0.2327,0.2411,17775817.0
1763971200,0.2413,0.2433,0.2334,0.2418,21748567.0
1764000000,0.242,0.2538,0.2413,0.2492,25265549.0
1764028800,0.2491,0.2506,0.2431,0.2437,10374028.0
1764057600,0.2437,0.2472,0.2381,0.2432,14782284.0
1764086400,0.2431,0.2515,0.2402,0.2503,10980308.0
1764115200,0.2502,0.2505,0.2443,0.2487,5917179.0
1764144000,0.2488,0.2491,0.2373,0.2393,13430889.0
1764172800,0.2393,0.2521,0.2391,0.2491,15431344.0
1764201600,0.249,0.254,0.2473,0.2495,11647565.0
1764230400,0.2494,0.2539,0.247,0.2529,15900272.0
1764259200,0.253,0.2608,0.2515,0.2526,13295486.0
1764288000,0.2525,0.2555,0.2468,0.2488,14170029.0
1764316800,0.2488,0.2573,0.2482,0.2545,22529765.0
1764345600,0.2544,0.2545,0.2454,0.249,13783593.0
1764374400,0.2491,0.2515,0.2443,0.2448,10894931.0
1764403200,0.2447,0.2462,0.2415,0.244,11869039.0
1764432000,0.2441,0.2441,0.2393,0.2407,7818875.0
1764460800,0.2408,0.2421,0.2376,0.2415,4991959.0
1764489600,0.2416,0.2457,0.2365,0.239,36362583.0
1764518400,0.239,0.2424,0.2331,0.2339,14949694.0
1764547200,0.234,0.2353,0.2121,0.2146,57272906.0
1764576000,0.2145,0.2174,0.209,0.2134,33016485.0
1764604800,0.2134,0.2182,0.2089,0.2152,25643715.0
1764633600,0.2151,0.2159,0.2051,0.2105,19481853.0
1764662400,0.2105,0.2374,0.2065,0.2366,38139382.0
1764691200,0.2367,0.2393,0.2288,0.2328,22153235.0
1764720000,0.2327,0.241,0.2311,0.2376,14923976.0
1764748800,0.2376,0.2412,0.2288,0.2356,20860967.0
1764777600,0.2357,0.2426,0.2338,0.2405,15531006.0
1764806400,0.2405,0.2453,0.2399,0.2433,11719259.0
1764835200,0.2433,0.2451,0.2346,0.241,14319872.0
1764864000,0.2409,0.242,0.2295,0.2327,13805997.0
1764892800,0.2328,0.2355,0.23,0.2341,7032744.0
1764921600,0.2341,0.2342,0.2234,0.2258,17305973.0
1764950400,0.2257,0.2258,0.2137,0.2187,17571755.0
1764979200,0.2187,0.223,0.2173,0.2223,5378118.0
1765008000,0.2224,0.2254,0.2187,0.224,8914218.0
1765036800,0.224,0.2278,0.222,0.2245,9948996.0
1765065600,0.2245,0.227,0.2216,0.2221,4873193.0
1765094400,0.222,0.224,0.2119,0.2199,14993124.0
1765123200,0.2199,0.2265,0.2128,0.2162,17490254.0
1765152000,0.2162,0.2264,0.2144,0.2249,9879927.0
1765180800,0.225,0.2313,0.2231,0.2245,15759494.0
1765209600,0.2246,0.2268,0.2204,0.2245,15948520.0
1765238400,0.2244,0.2253,0.2184,0.2215,9294495.0
1765267200,0.2216,0.2324,0.2183,0.2322,15567192.0
1765296000,0.2321,0.242,0.2285,0.2329,21531354.0
1765324800,0.2328,0.2335,0.2256,0.2272,6777972.0
1765353600,0.2272,0.2291,0.2224,0.2235,9014818.0
1765382400,0.2235,0.2369,0.2207,0.2225,24688139.0
1765411200,0.2225,0.223,0.2085,0.2123,15845430.0
1765440000,0.2123,0.2139,0.2097,0.2111,12436884.0
1765468800,0.211,0.22,0.2094,0.2161,14583494.0
1765497600,0.2162,0.2205,0.2123,0.2177,8178960.0
1765526400,0.2177,0.2223,0.2061,0.2074,18496442.0
1765555200,0.2073,0.2121,0.2036,0.2116,17847274.0
1765584000,0.2116,0.2163,0.2116,0.2151,7226156.0
1765612800,0.2152,0.2168,0.212,0.2143,5728150.0
1765641600,0.2143,0.2155,0.2124,0.2139,4592002.0
1765670400,0.2139,0.2145,0.2101,0.2118,4232525.0
1765699200,0.2118,0.2126,0.2064,0.2071,10315607.0
1765728000,0.2072,0.209,0.2014,0.2043,14704245.0
1765756800,0.2044,0.2127,0.2042,0.2098,9424831.0
1765785600,0.2099,0.212,0.1962,0.1985,23911213.0
1765814400,0.1984,0.1984,0.1897,0.197,24408128.0
1765843200,0.1971,0.1975,0.1908,0.1924,9970577.0
1765872000,0.1923,0.1993,0.1922,0.1988,21950419.0
1765900800,0.1988,0.2008,0.1968,0.1983,12507417.0
1765929600,0.1983,0.199,0.1945,0.1961,7177089.0
1765958400,0.196,0.2018,0.1913,0.1923,23368364.0
1765987200,0.1922,0.1936,0.1809,0.1827,35574337.0
1766016000,0.1828,0.1831,0.1776,0.1802,11466662.0
1766044800,0.1802,0.1912,0.1798,0.1883,23843895.0
1766073600,0.1883,0.1887,0.1709,0.1757,35613636.0
1766102400,0.1757,0.1889,0.1727,0.1868,18482557.0
1766131200,0.1868,0.1928,0.1853,0.1886,15764969.0
1766160000,0.1885,0.197,0.1866,0.1963,20030438.0
1766188800,0.1963,0.197,0.1924,0.1958,7915490.0
1766217600,0.1959,0.197,0.193,0.1957,7554090.0
1766246400,0.1956,0.1963,0.1941,0.1954,4998930.0
1766275200,0.1954,0.196,0.1912,0.1947,6577408.0
1766304000,0.1947,0.196,0.1849,0.187,12815849.0
1766332800,0.187,0.1922,0.1859,0.1903,8504451.0
1766361600,0.1903,0.195,0.1873,0.1935,9810585.0
1766390400,0.1934,0.196,0.1921,0.1944,11035815.0
1766419200,0.1945,0.1955,0.1873,0.1913,12559263.0
1766448000,0.1914,0.1933,0.1877,0.1885,7518667.0
1766476800,0.1886,0.1903,0.184,0.1866,10103806.0
1766505600,0.1866,0.191,0.1854,0.1875,9920576.0
1766534400,0.1877,0.1885,0.1803,0.1822,11929769.0
1766563200,0.1821,0.1844,0.1793,0.1837,10581418.0
1766592000,0.1836,0.1852,0.1821,0.1833,7957971.0
1766620800,0.1834,0.1876,0.1825,0.1874,5118103.0
1766649600,0.1875,0.1886,0.1818,0.1845,8726752.0
1766678400,0.1846,0.186,0.1762,0.1774,9636685.0
1766707200,0.1773,0.1899,0.1763,0.1843,14688436.0
1766736000,0.1842,0.1858,0.1796,0.1817,9234535.0
1766764800,0.1817,0.1846,0.1797,0.1845,5411332.0
1766793600,0.1844,0.1894,0.1841,0.1876,6125187.0
1766822400,0.1877,0.1879,0.1833,0.187,5749601.0
1766851200,0.1871,0.1928,0.1863,0.1919,7515887.0
1766880000,0.1919,0.1925,0.1899,0.1916,4203532.0
1766908800,0.1916,0.1921,0.189,0.1896,4822990.0
1766937600,0.1896,0.1901,0.1848,0.1883,6909089.0
1766966400,0.1884,0.1946,0.1877,0.1923,10259356.0
1766995200,0.1923,0.1928,0.1842,0.1864,11393761.0
1767024000,0.1863,0.1867,0.1829,0.1836,7119360.0
1767052800,0.1836,0.1846,0.1802,0.1822,6848140.0
1767081600,0.1822,0.1851,0.1801,0.1825,10109791.0
1767110400,0.1826,0.1834,0.1791,0.1808,5898793.0
1767139200,0.1807,0.1819,0.1797,0.1809,3976173.0
1767168000,0.1809,0.1823,0.1785,0.1794,7785221.0
1767196800,0.1794,0.1797,0.1724,0.1758,17062574.0
1767225600,0.1758,0.1773,0.1745,0.1763,3826652.0
1767254400,0.1763,0.1864,0.1762,0.1847,10618736.0
1767283200,0.1847,0.19,0.1839,0.1898,8641684.0
1767312000,0.1899,0.194,0.1876,0.1887,9779951.0
1767340800,0.1888,0.194,0.1881,0.1907,17431958.0
1767369600,0.1908,0.2014,0.1901,0.2006,18495560.0
1767398400,0.2006,0.2033,0.1929,0.1932,15015266.0
1767427200,0.1932,0.2001,0.1924,0.1991,17137601.0
1767456000,0.1992,0.2066,0.1986,0.2059,19207480.0
1767484800,0.2059,0.2101,0.2044,0.2073,13679596.0
1767513600,0.2072,0.2145,0.2047,0.2137,16520911.0
1767542400,0.2135,0.2221,0.2112,0.2186,37793168.0
1767571200,0.2187,0.2215,0.2114,0.2184,22770819.0
1767600000,0.2184,0.2193,0.2095,0.2186,23208346.0
1767628800,0.2186,0.2293,0.2133,0.225,28935038.0
1767657600,0.225,0.2258,0.2185,0.2203,16295092.0
1767686400,0.2203,0.2379,0.2186,0.2286,36871346.0
1767715200,0.2285,0.2298,0.2152,0.2259,33098278.0
1767744000,0.2258,0.226,0.216,0.2223,15595122.0
1767772800,0.2224,0.2236,0.2085,0.2097,23823217.0
1767801600,0.2096,0.2154,0.2087,0.2116,13361575.0
1767830400,0.2117,0.2133,0.2037,0.2096,14431003.0
1767859200,0.2095,0.211,0.2007,0.2107,20864654.0
1767888000,0.2107,0.2114,0.2041,0.2063,12814610.0
1767916800,0.2064,0.2084,0.2036,0.2066,10053554.0
1767945600,0.2066,0.2119,0.2018,0.2097,20268778.0
1767974400,0.2098,0.2139,0.2038,0.2069,14642439.0
1768003200,0.2068,0.207,0.2025,0.2056,7742259.0
1768032000,0.2055,0.2119,0.2053,0.208,9928803.0
1768060800,0.2079,0.2096,0.2035,0.2047,8171964.0
1768089600,0.2048,0.207,0.2042,0.2066,7012727.0
1768118400,0.2066,0.209,0.2041,0.2052,9730571.0
1768147200,0.2051,0.2094,0.1993,0.2037,17036303.0
1768176000,0.2037,0.2119,0.1997,0.2023,26802728.0
1768204800,0.2022,0.2037,0.1946,0.2005,20791918.0
1768233600,0.2004,0.2034,0.1938,0.1951,16738490.0
1768262400,0.1952,0.2062,0.1942,0.2003,21216110.0
1768291200,0.2004,0.2131,0.1986,0.2129,27728762.0
1768320000,0.2129,0.2263,0.2112,0.2214,34322625.0
1768348800,0.2214,0.2265,0.2184,0.223,22184055.0
1768377600,0.2231,0.2266,0.2179,0.2251,19386336.0
1768406400,0.2251,0.2285,0.2141,0.2169,17622887.0
1768435200,0.2169,0.2179,0.2072,0.2129,16199863.0
1768464000,0.2129,0.2169,0.2047,0.2089,17491834.0
1768492800,0.2088,0.2102,0.1997,0.2041,18123207.0
1768521600,0.2041,0.2069,0.2016,0.2055,9172886.0
1768550400,0.2055,0.2071,0.1974,0.1994,11340697.0
1768579200,0.1993,0.2082,0.1988,0.2072,10672121.0
1768608000,0.2072,0.2144,0.2064,0.2143,10163391.0
1768636800,0.2144,0.2203,0.2111,0.218,14487294.0
1768665600,0.218,0.2182,0.2103,0.211,7921157.0
1768694400,0.2111,0.214,0.2054,0.2071,10064735.0
1768723200,0.2072,0.2085,0.2031,0.206,9173373.0
1768752000,0.206,0.2099,0.1931,0.1934,13622127.0
1768780800,0.1934,0.1934,0.1684,0.184,34734708.0
1768809600,0.184,0.1865,0.1819,0.1837,11743783.0
1768838400,0.1836,0.192,0.1832,0.1882,11890979.0
1768867200,0.1881,0.1897,0.1836,0.1836,14659927.0
1768896000,0.1835,0.1842,0.178,0.1795,19659914.0
1768924800,0.1795,0.1803,0.1704,0.1728,20720736.0
1768953600,0.1728,0.1814,0.1727,0.1804,11029008.0
1768982400,0.1805,0.1834,0.1745,0.1824,18452123.0
1769011200,0.1824,0.1853,0.1729,0.1793,24111935.0
1769040000,0.1793,0.1843,0.179,0.18,8872280.0
1769068800,0.18,0.1819,0.1743,0.1769,13165537.0
1769097600,0.177,0.18,0.1751,0.1765,11479586.0
1769126400,0.1766,0.1835,0.1766,0.181,10577551.0
1769155200,0.181,0.1819,0.1743,0.1802,13342475.0
1769184000,0.1801,0.1846,0.1746,0.1766,15696036.0
1769212800,0.1766,0.1802,0.1756,0.1785,6704699.0
1769241600,0.1785,0.1791,0.1748,0.175,6992415.0
1769270400,0.175,0.1792,0.1739,0.1789,6467665.0
1769299200,0.179,0.1804,0.1733,0.1745,8602966.0
1769328000,0.1745,0.1792,0.1725,0.1742,12252714.0
1769356800,0.1742,0.1743,0.1612,0.1657,23605344.0
1769385600,0.1657,0.1706,0.1651,0.168,10473140.0
1769414400,0.168,0.1712,0.165,0.1684,12874094.0
1769443200,0.1685,0.1698,0.1655,0.1669,11117951.0
1769472000,0.1669,0.1671,0.1638,0.1643,8162806.0
1769500800,0.1642,0.1648,0.1602,0.1633,9743160.0
1769529600,0.1633,0.1693,0.1609,0.1671,16103169.0
1769558400,0.1672,0.1683,0.1648,0.1668,8344538.0
1769587200,0.1669,0.1694,0.1636,0.1646,10868148.0
1769616000,0.1645,0.1958,0.1633,0.1799,93735755.0
1769644800,0.1798,0.1799,0.1625,0.163,57811570.0
1769673600,0.1629,0.1638,0.1512,0.1548,41260740.0
1769702400,0.1548,0.1594,0.1513,0.1547,30741872.0
1769731200,0.1546,0.1551,0.1465,0.1526,28839010.0
1769760000,0.1526,0.1554,0.15,0.1528,21540228.0
1769788800,0.1526,0.1563,0.1494,0.1522,21615681.0
1769817600,0.1521,0.1525,0.1469,0.1478,12678586.0
1769846400,0.1478,0.1481,0.1335,0.1358,37565774.0
1769875200,0.1358,0.1379,0.1185,0.1341,71859935.0
1769904000,0.134,0.1387,0.1335,0.1374,19298693.0
1769932800,0.1374,0.1388,0.1284,0.1304,26321392.0
1769961600,0.1304,0.1322,0.126,0.1291,29013241.0
1769990400,0.1291,0.1335,0.1252,0.1305,34650932.0
1770019200,0.1304,0.1378,0.1304,0.1368,22290903.0
1770048000,0.1368,0.1368,0.1332,0.1345,12120131.0
1770076800,0.1345,0.1353,0.1308,0.1346,13421151.0
1770105600,0.1345,0.1382,0.1322,0.1378,22548134.0
1770134400,0.1377,0.1427,0.1282,0.1357,38290457.0
1770163200,0.1357,0.1427,0.1353,0.1406,18817909.0
1770192000,0.1406,0.141,0.1321,0.1335,25194647.0
1770220800,0.1334,0.1376,0.1309,0.1339,33300242.0
1770249600,0.1339,0.1364,0.1296,0.1306,26809183.0
1770278400,0.1306,0.1329,0.1181,0.1222,38799149.0
1770307200,0.1222,0.1243,0.1115,0.1146,54906293.0
1770336000,0.1145,0.1182,0.1002,0.1155,65815024.0
1770364800,0.1155,0.1286,0.1147,0.1266,43418138.0
1770393600,0.1265,0.1328,0.1258,0.1286,22184010.0
1770422400,0.1286,0.1297,0.1219,0.1236,20848587.0
1770451200,0.1235,0.1286,0.1227,0.127,14795502.0
1770480000,0.1271,0.1304,0.1265,0.127,26755937.0
1770508800,0.127,0.1271,0.1233,0.1244,9085428.0
1770537600,0.1243,0.1263,0.1229,0.1234,12096856.0
1770566400,0.1234,0.1238,0.1193,0.1209,13155451.0
1770595200,0.1208,0.1231,0.1193,0.1206,10884384.0
1770624000,0.1206,0.1209,0.1161,0.1205,17578220.0
1770652800,0.1205,0.1233,0.1191,0.1212,11884400.0
1770681600,0.1213,0.1222,0.1165,0.1176,12896711.0
1770710400,0.1176,0.119,0.1165,0.1182,12540891.0
1770739200,0.1182,0.1189,0.1153,0.1168,10043220.0
1770768000,0.1168,0.1193,0.1142,0.1143,12362175.0
1770796800,0.1142,0.1182,0.1112,0.1126,26544101.0
1770825600,0.1126,0.1152,0.1112,0.1136,16858554.0
1770854400,0.1136,0.1192,0.1136,0.1191,11176967.0
1770883200,0.1191,0.1205,0.1155,0.1158,15705364.0
1770912000,0.1159,0.1166,0.1126,0.1155,16248792.0
1770940800,0.1154,0.1159,0.111,0.1123,10057095.0
1770969600,0.1122,0.1196,0.112,0.1173,20903151.0
1770998400,0.1174,0.1197,0.1172,0.1185,12242716.0
1771027200,0.1185,0.1244,0.1185,0.1218,21514815.0
1771056000,0.1217,0.1262,0.1216,0.1257,30694784.0
1771084800,0.1257,0.1283,0.1246,0.1261,17358761.0
1771113600,0.1261,0.1262,0.1219,0.1244,17532417.0
1771142400,0.1243,0.1247,0.117,0.1185,25303682.0
1771171200,0.1185,0.1193,0.1157,0.1184,16325015.0
1771200000,0.1185,0.1193,0.1161,0.1164,10865091.0
1771228800,0.1164,0.1198,0.1147,0.1155,16289399.0
1771257600,0.1155,0.1192,0.1151,0.1184,11291131.0
1771286400,0.1184,0.1185,0.1154,0.117,7506819.0
1771315200,0.117,0.1186,0.1154,0.1175,12854272.0
1771344000,0.1175,0.1194,0.1155,0.1168,13114628.0
1771372800,0.1169,0.1193,0.1167,0.1187,7086301.0
1771401600,0.1187,0.1193,0.1144,0.1172,16195206.0
1771430400,0.1171,0.1172,0.1108,0.1118,16360413.0
1771459200,0.1119,0.1129,0.111,0.1126,9729690.0
1771488000,0.1126,0.1126,0.1067,0.1076,18221417.0
1771516800,0.1076,0.1097,0.1064,0.1097,11743503.0
1771545600,0.1097,0.112,0.1093,0.1118,9107713.0
1771574400,0.1117,0.1152,0.1093,0.1148,25481868.0
1771603200,0.1148,0.1158,0.1119,0.1148,15552664.0
1771632000,0.1148,0.1169,0.1143,0.1149,9864461.0
1771660800,0.1149,0.1176,0.1136,0.1142,11817500.0
1771689600,0.1143,0.1143,0.1121,0.1121,6647563.0
1771718400,0.112,0.1121,0.1092,0.1095,8023807.0
1771747200,0.1095,0.1106,0.107,0.1082,8355154.0
1771776000,0.1082,0.1086,0.107,0.1081,7365740.0
1771804800,0.1081,0.1081,0.1006,0.1052,22941794.0
1771833600,0.1051,0.1101,0.1048,0.1069,20368959.0
1771862400,0.1068,0.1077,0.1037,0.1064,15475684.0
1771891200,0.1064,0.1072,0.1024,0.1029,17706185.0
1771920000,0.1028,0.1067,0.1021,0.1057,15508856.0
1771948800,0.1057,0.1072,0.1045,0.1052,11205750.0
1771977600,0.1053,0.1099,0.1052,0.108,15313139.0
1772006400,0.1079,0.1155,0.1077,0.1152,21034754.0
1772035200,0.1152,0.1217,0.1142,0.1155,28108869.0
1772064000,0.1156,0.116,0.1122,0.1125,12366110.0
1772092800,0.1126,0.1141,0.1087,0.11,20605567.0
1772121600,0.11,0.1102,0.1056,0.1093,18428538.0
1772150400,0.1093,0.1128,0.1089,0.1114,9360425.0
1772179200,0.1114,0.1132,0.1091,0.1099,25729002.0
1772208000,0.1098,0.1101,0.1054,0.1079,13102803.0
1772236800,0.1078,0.1082,0.1,0.102,26864533.0
1772265600,0.1019,0.1035,0.099,0.1017,29899682.0
1772294400,0.1017,0.1099,0.0999,0.1097,19940324.0
1772323200,0.1098,0.1144,0.1078,0.1098,20195470.0
1772352000,0.1098,0.1103,0.1054,0.107,18135814.0
1772380800,0.107,0.1078,0.1022,0.1042,20223903.0
1772409600,0.1043,0.109,0.1037,0.1054,19172922.0
1772438400,0.1054,0.1119,0.1041,0.1107,24646560.0
1772467200,0.1107,0.1128,0.1086,0.1092,22334812.0
1772496000,0.1092,0.1093,0.1067,0.1077,14912497.0
1772524800,0.1078,0.1081,0.1039,0.1063,22560742.0
1772553600,0.1062,0.1094,0.1051,0.1078,23107631.0
1772582400,0.1078,0.1088,0.1059,0.1083,15150740.0
1772611200,0.1083,0.1132,0.1076,0.1132,28779836.0
1772640000,0.1133,0.1139,0.1096,0.1107,14296042.0
1772668800,0.1107,0.111,0.1079,0.1083,12306616.0
1772697600,0.1084,0.1106,0.1073,0.1077,17522836.0
1772726400,0.1078,0.1091,0.105,0.1073,17207035.0
1772755200,0.1073,0.1089,0.1063,0.1088,11395590.0
1772784000,0.1087,0.1088,0.1024,0.1031,23367107.0
1772812800,0.1031,0.1061,0.102,0.1044,13521954.0
1772841600,0.1044,0.1051,0.1023,0.1029,8374266.0
1772870400,0.1029,0.104,0.1011,0.1016,10619182.0
1772899200,0.1016,0.1027,0.0988,0.1007,13634523.0
1772928000,0.1007,0.101,0.0981,0.1004,14219007.0
1772956800,0.1004,0.1017,0.0992,0.0995,15034169.0
1772985600,0.0995,0.1014,0.0973,0.0991,18325945.0
1773014400,0.0991,0.104,0.0988,0.1031,21665013.0
1773043200,0.1032,0.104,0.1006,0.1027,16667651.0
1773072000,0.1026,0.105,0.1014,0.1019,13102955.0
1773100800,0.1019,0.1041,0.1014,0.1037,12702121.0
1773129600,0.1038,0.1057,0.1021,0.1047,27118378.0
1773158400,0.1047,0.1054,0.1013,0.1025,15048619.0
1773187200,0.1025,0.103,0.1011,0.1025,11159290.0
1773216000,0.1026,0.1069,0.1023,0.1049,20208711.0
1773244800,0.1048,0.107,0.1042,0.1067,12293153.0
1773273600,0.1066,0.1075,0.1041,0.1052,11164625.0
1773302400,0.1052,0.1072,0.1041,0.1067,17508071.0
1773331200,0.1066,0.1108,0.1062,0.1105,14680369.0
1773360000,0.1105,0.1208,0.1101,0.1191,48744559.0
1773388800,0.119,0.1205,0.1139,0.1165,46192461.0
1773417600,0.1164,0.1173,0.113,0.1136,20118780.0
1773446400,0.1136,0.1182,0.1128,0.117,24298832.0
1773475200,0.1171,0.1184,0.1124,0.1141,24767534.0
1773504000,0.1141,0.1152,0.1131,0.1137,8666364.0
1773532800,0.1137,0.1209,0.1124,0.1202,33266309.0
1773561600,0.1203,0.123,0.1149,0.1164,33950898.0
1773590400,0.1165,0.1189,0.1157,0.1177,18970149.0
1773619200,0.1177,0.1214,0.1157,0.1205,24921311.0
1773648000,0.1205,0.1214,0.1181,0.1195,25486361.0
1773676800,0.1194,0.1264,0.1193,0.1239,29172122.0
1773705600,0.1239,0.124,0.119,0.1214,20473447.0
1773734400,0.1213,0.1226,0.1182,0.1202,22043531.0
1773763200,0.1201,0.1228,0.1191,0.12,14224882.0
1773792000,0.1201,0.1213,0.1178,0.1195,13773246.0
1773820800,0.1195,0.1197,0.1099,0.1114,24964867.0
1773849600,0.1113,0.1127,0.1095,0.1116,16719345.0
1773878400,0.1116,0.1128,0.108,0.1086,12513272.0
1773907200,0.1086,0.11,0.1058,0.1065,15865194.0
1773936000,0.1065,0.1077,0.1058,0.1071,10854702.0
1773964800,0.1072,0.1117,0.107,0.1088,17026090.0
1773993600,0.1088,0.1104,0.1064,0.1076,17729245.0
1774022400,0.1077,0.1096,0.1062,0.108,16271235.0
1774051200,0.108,0.1086,0.1074,0.1078,9513967.0
1774080000,0.1078,0.1087,0.1058,0.1083,13326968.0
1774108800,0.1084,0.1084,0.1024,0.1034,18999973.0
1774137600,0.1032,0.1059,0.1015,0.1036,18392857.0
1774166400,0.1035,0.1038,0.1019,0.1024,10368691.0
1774195200,0.1024,0.1027,0.0994,0.1014,14777303.0
1774224000,0.1014,0.103,0.1001,0.1008,16360144.0
1774252800,0.1008,0.1063,0.0997,0.1043,40355158.0
1774281600,0.1043,0.1065,0.1035,0.1054,10108365.0
1774310400,0.1054,0.1068,0.1037,0.1067,13904953.0
1774339200,0.1067,0.1076,0.1034,0.1044,23114932.0
1774368000,0.1044,0.1062,0.1028,0.1053,15657239.0
1774396800,0.1054,0.107,0.1049,0.1064,18291515.0
1774425600,0.1064,0.1086,0.1059,0.1065,23491835.0
1774454400,0.1065,0.1074,0.1054,0.1066,12278794.0
1774483200,0.1065,0.1067,0.1018,0.1026,15577650.0
1774512000,0.1026,0.1028,0.1007,0.1011,18040343.0
1774540800,0.1011,0.102,0.0993,0.1015,12155557.0
1774569600,0.1015,0.1033,0.1009,0.1021,10100655.0
1774598400,0.1022,0.1025,0.0974,0.098,22183016.0
1774627200,0.098,0.0981,0.0954,0.0954,13544207.0
1774656000,0.0955,0.0969,0.0929,0.0969,12367053.0
1774684800,0.0969,0.0982,0.0953,0.0964,15020407.0
1774713600,0.0965,0.0985,0.0958,0.0962,19628791.0
1774742400,0.0961,0.0971,0.0952,0.096,11260486.0
1774771200,0.096,0.0967,0.0946,0.0953,11814650.0
1774800000,0.0954,0.0967,0.0914,0.0947,22533859.0
1774828800,0.0948,0.0987,0.0946,0.0986,19931119.0
1774857600,0.0985,0.0992,0.0965,0.097,11354354.0
1774886400,0.097,0.097,0.0937,0.0946,10337106.0
1774915200,0.0947,0.0969,0.0945,0.0958,8312484.0
1774944000,0.0958,0.097,0.0938,0.0948,14801074.0
1774972800,0.0947,0.0975,0.0947,0.097,9718953.0
1775001600,0.097,0.0992,0.096,0.0987,11618813.0
1775030400,0.0988,0.1037,0.098,0.1034,44667593.0
1775059200,0.1034,0.1044,0.1001,0.1005,18874154.0
1775088000,0.1004,0.1014,0.0956,0.0976,27597179.0
1775116800,0.0976,0.0977,0.0943,0.0954,19143532.0
1775145600,0.0954,0.0964,0.0944,0.0954,12339811.0
1775174400,0.0954,0.0978,0.0951,0.0972,9539946.0
1775203200,0.0972,0.0981,0.0961,0.0963,15786016.0
1775232000,0.0963,0.0967,0.0955,0.096,8016709.0
1775260800,0.096,0.096,0.0944,0.0952,7005596.0
1775289600,0.0952,0.0956,0.094,0.0953,8456414.0
1775318400,0.0953,0.0965,0.0948,0.0953,5666393.0
1775347200,0.0953,0.0955,0.0922,0.0925,8955596.0
1775376000,0.0925,0.0933,0.0915,0.0922,12416329.0
1775404800,0.0921,0.0946,0.0915,0.0945,9083456.0
1775433600,0.0945,0.0961,0.0943,0.0955,11700502.0
1775462400,0.0955,0.0992,0.0955,0.0976,19005616.0
1775491200,0.0977,0.0978,0.0939,0.095,11029801.0
1775520000,0.0949,0.0964,0.094,0.0961,9334210.0
1775548800,0.0961,0.0975,0.0931,0.0942,19432619.0
1775577600,0.0941,0.1023,0.0938,0.1016,19175311.0
1775606400,0.1016,0.1019,0.0998,0.1011,10482685.0
1775635200,0.1011,0.1014,0.0983,0.0997,14663063.0
1775664000,0.0998,0.101,0.0972,0.0974,11322612.0
1775692800,0.0974,0.0984,0.0965,0.0981,9657302.0
1775721600,0.0981,0.1013,0.0972,0.1005,27957017.0
1775750400,0.1005,0.1029,0.0995,0.1002,12757458.0
1775779200,0.1002,0.1014,0.0992,0.1001,9584314.0
1775808000,0.1002,0.1022,0.0994,0.1008,17069167.0
1775836800,0.1009,0.1024,0.1001,0.1012,11719498.0
1775865600,0.1013,0.102,0.0996,0.1017,15868465.0
1775894400,0.1017,0.1028,0.0987,0.1003,11493432.0
1775923200,0.1003,0.1031,0.1001,0.101,15141294.0
1775952000,0.101,0.1014,0.0974,0.0978,14190345.0
1775980800,0.0978,0.0993,0.0966,0.0969,14165740.0
1776009600,0.0969,0.0989,0.0955,0.0959,12798369.0
1776038400,0.096,0.0979,0.0956,0.0958,10815657.0
1776067200,0.0958,0.0984,0.0955,0.097,16240874.0
1776096000,0.0971,0.1034,0.0966,0.1034,26444628.0
1776124800,0.1034,0.1069,0.1008,0.1011,31279175.0
1776153600,0.101,0.1016,0.0998,0.1002,14300191.0
1776182400,0.1002,0.1011,0.0981,0.0997,8829181.0
1776211200,0.0997,0.1016,0.0995,0.1002,8167504.0
1776240000,0.1003,0.1067,0.1001,0.1041,28661647.0
1776268800,0.1041,0.1143,0.1039,0.1127,36925412.0
1776297600,0.1129,0.1404,0.1105,0.1358,134178900.0
1776326400,0.1358,0.1412,0.1167,0.1236,218757278.0
1776355200,0.1236,0.127,0.1216,0.1253,43112987.0
1776384000,0.1253,0.1336,0.1229,0.1262,82586851.0
1776412800,0.1262,0.1278,0.1212,0.1243,39247354.0
1776441600,0.1243,0.1266,0.1205,0.121,17481716.0
1776470400,0.1209,0.1312,0.1205,0.1263,46875989.0
1776499200,0.1262,0.1349,0.1228,0.1279,87888918.0
1776528000,0.1279,0.1367,0.1272,0.1319,64540884.0
1776556800,0.1319,0.1322,0.1237,0.1298,44388952.0
1776585600,0.1297,0.1509,0.1293,0.1343,220106613.0
1776614400,0.1342,0.1371,0.1288,0.1307,40680366.0
1776643200,0.1308,0.1347,0.1283,0.1315,36396073.0
1776672000,0.1316,0.1361,0.1305,0.1313,23855519.0
1776700800,0.1312,0.1371,0.1305,0.1334,17996980.0
1776729600,0.1334,0.134,0.1304,0.1307,15127816.0
1776758400,0.1307,0.1313,0.1245,0.1253,24573053.0
1776787200,0.1252,0.1258,0.1211,0.1241,18313182.0
1776816000,0.1242,0.1285,0.1219,0.1268,17794821.0
1776844800,0.1268,0.1291,0.123,0.1238,17095123.0
1776873600,0.1239,0.1257,0.1192,0.1194,13194684.0
1776902400,0.1195,0.1206,0.1172,0.1187,19067228.0
1776931200,0.1186,0.1213,0.1163,0.1212,15788008.0
1776960000,0.1213,0.1226,0.1183,0.1222,12926796.0
1776988800,0.1223,0.1231,0.1201,0.1223,11630416.0
1777017600,0.1223,0.1237,0.1204,0.1231,11333845.0
1777046400,0.1231,0.1241,0.1214,0.1234,10612107.0
1777075200,0.1233,0.1287,0.1226,0.1245,26374356.0
1777104000,0.1244,0.1253,0.1198,0.12,11926542.0
1777132800,0.12,0.1206,0.1177,0.1193,9693732.0
1777161600,0.1193,0.1233,0.1181,0.1225,8653367.0
1777190400,0.1224,0.1225,0.1197,0.1212,6860237.0
1777219200,0.1211,0.1217,0.1198,0.1207,5580892.0
1777248000,0.1207,0.1223,0.1155,0.1156,15395902.0
1777276800,0.1156,0.1164,0.112,0.113,16405415.0
1777305600,0.1129,0.1154,0.112,0.1154,7456304.0
1777334400,0.1153,0.1153,0.1116,0.1123,7886015.0
1777363200,0.1123,0.1125,0.1102,0.1121,9271580.0
1777392000,0.112,0.1134,0.1108,0.1122,6605077.0
1777420800,0.1122,0.1138,0.1117,0.1127,6561866.0
1777449600,0.1126,0.1144,0.109,0.1096,9236050.0
1777478400,0.1096,0.111,0.1066,0.1104,10498912.0
1777507200,0.1104,0.1119,0.1089,0.1114,6757360.0
1777536000,0.1115,0.1137,0.11,0.111,10246373.0
1777564800,0.1109,0.1118,0.1098,0.11,5331232.0
1777593600,0.11,0.1115,0.1095,0.1104,5439337.0
1777622400,0.1104,0.1125,0.1098,0.1117,8569689.0
1777651200,0.1118,0.1123,0.1104,0.111,5949740.0
1777680000,0.1111,0.1203,0.1107,0.1199,28031902.0
1777708800,0.12,0.1254,0.118,0.1232,61763102.0
1777737600,0.1232,0.1249,0.1214,0.1224,21028711.0
1777766400,0.1224,0.1229,0.1172,0.1185,18708785.0
1777795200,0.1186,0.1209,0.1166,0.1201,15637879.0
1777824000,0.12,0.1212,0.1185,0.1195,12960815.0
1777852800,0.1196,0.122,0.1177,0.1199,15323111.0
1777881600,0.1198,0.1208,0.1156,0.1172,20729397.0
1777910400,0.1171,0.1188,0.1162,0.1164,7870647.0
1777939200,0.1165,0.1208,0.1162,0.1202,10813294.0
1777968000,0.1203,0.1229,0.1202,0.1208,14215691.0
1777996800,0.1208,0.125,0.1207,0.1223,11821443.0
1778025600,0.1223,0.1477,0.1219,0.1343,141357803.0
1778054400,0.1342,0.1387,0.1262,0.1317,75238611.0
1778083200,0.1316,0.1358,0.1309,0.1349,23330932.0
1778112000,0.1348,0.1351,0.1282,0.1328,28581973.0
1778140800,0.1327,0.1345,0.1277,0.1289,23454088.0
1778169600,0.129,0.1336,0.1284,0.1315,22075975.0
1778198400,0.1315,0.1409,0.1312,0.1406,35059546.0
1778227200,0.1405,0.1466,0.1389,0.1425,51091359.0
1778256000,0.1426,0.1455,0.14,0.144,15793751.0
1778284800,0.1439,0.145,0.1398,0.14,15054428.0
1778313600,0.14,0.1419,0.1377,0.1382,11307916.0
1778342400,0.1381,0.1412,0.1377,0.1392,7569725.0
1778371200,0.1391,0.1395,0.137,0.1378,6764339.0
1778400000,0.1378,0.1411,0.1375,0.1408,8810789.0
1778428800,0.1408,0.1451,0.1378,0.1441,19640451.0
1778457600,0.144,0.1447,0.1382,0.1408,9062007.0
1778486400,0.1409,0.1469,0.1405,0.1417,19192145.0
1778515200,0.1416,0.1436,0.1406,0.1428,9128304.0
1778544000,0.1427,0.1442,0.1356,0.1368,12578000.0
1778572800,0.1368,0.1374,0.1309,0.1313,14278916.0
1778601600,0.1312,0.1415,0.1311,0.1393,15568290.0
1778630400,0.1393,0.1499,0.1385,0.144,37058722.0
1778659200,0.144,0.1479,0.1353,0.1357,32728971.0
1778688000,0.1357,0.1389,0.1304,0.1312,17859247.0
1778716800,0.1311,0.1337,0.1274,0.133,16627503.0
1778745600,0.133,0.1376,0.1314,0.137,16380592.0
1778774400,0.137,0.1373,0.1333,0.1355,8923185.0
1778803200,0.1356,0.1362,0.1278,0.13,8522445.0
1778832000,0.1301,0.1311,0.1216,0.124,17763436.0
1778860800,0.124,0.1274,0.1236,0.1251,6731825.0
1778889600,0.1251,0.1279,0.1194,0.1204,10909381.0
1778918400,0.1203,0.1208,0.1171,0.1201,11019603.0
1778947200,0.12,0.1207,0.1188,0.1192,4988327.0
1778976000,0.1191,0.123,0.1175,0.1213,7879702.0
1779004800,0.1213,0.1215,0.1181,0.1192,5536816.0
1779033600,0.1193,0.1206,0.1113,0.1154,11520338.0
1779062400,0.1154,0.1162,0.1136,0.1142,10361240.0
1779091200,0.1142,0.117,0.1127,0.1157,8806862.0
1779120000,0.1158,0.1193,0.1148,0.1189,8294325.0
1779148800,0.1188,0.1214,0.1169,0.1207,8706169.0
1779177600,0.1206,0.1211,0.1162,0.1171,9922096.0
1779206400,0.1171,0.119,0.1164,0.1168,4968454.0
1779235200,0.1168,0.1192,0.1156,0.1185,4380326.0
1779264000,0.1186,0.1212,0.1171,0.1208,7732158.0
1779292800,0.1208,0.1252,0.12,0.1241,14683544.0
1779321600,0.1242,0.1297,0.1238,0.1267,11294536.0
1779350400,0.1266,0.1299,0.1233,0.1282,13878544.0
1779379200,0.1282,0.1383,0.128,0.1348,30963807.0
1779408000,0.1348,0.1384,0.1329,0.1377,15005780.0
1779436800,0.1378,0.1416,0.1365,0.1386,30702247.0
1779465600,0.1385,0.1409,0.1263,0.1278,22139831.0
1779494400,0.1279,0.1301,0.1204,0.1224,12954888.0
1779523200,0.1223,0.1324,0.1209,0.1319,12279970.0
1779552000,0.1319,0.1449,0.1317,0.1436,43608319.0
1779580800,0.1437,0.1474,0.1388,0.1456,35177658.0
1779609600,0.1458,0.1486,0.1338,0.1367,44009329.0
1779638400,0.1367,0.1383,0.1324,0.1361,11192603.0
1779667200,0.136,0.1378,0.1335,0.1367,9662275.0
1779696000,0.1367,0.1502,0.1366,0.1474,25154842.0
1779724800,0.1475,0.1513,0.1441,0.1454,24793556.0
1779753600,0.1455,0.1519,0.1404,0.1499,37022852.0
1779782400,0.1499,0.1654,0.1497,0.1613,114345744.0
1779811200,0.1614,0.1628,0.1522,0.1535,40311789.0
1779840000,0.1536,0.1555,0.1456,0.1507,27740646.0
1779868800,0.1507,0.1549,0.1462,0.1532,25345090.0
1779897600,0.1533,0.1543,0.1428,0.1445,20894602.0
1779926400,0.1444,0.1455,0.1317,0.1351,27241539.0
1779955200,0.1352,0.136,0.1302,0.1328,16709708.0
1779984000,0.1327,0.1419,0.1315,0.1377,13641621.0
1780012800,0.1377,0.1452,0.1367,0.1396,18344130.0
1780041600,0.1395,0.1475,0.1331,0.1447,34776725.0
1780070400,0.1448,0.1452,0.1376,0.1412,16809987.0
1780099200,0.1411,0.1457,0.1365,0.1406,13067947.0
1780128000,0.1406,0.1496,0.1386,0.1477,21215741.0
1780156800,0.1477,0.1502,0.1421,0.1442,18456177.0
1780185600,0.1442,0.1452,0.1385,0.1389,10837686.0
1780214400,0.1388,0.1403,0.1346,0.1367,13839800.0
1780243200,0.1367,0.1449,0.135,0.143,14203996.0
1780272000,0.1429,0.1513,0.1406,0.1415,23417895.0
1780300800,0.1416,0.1436,0.1358,0.1386,21186652.0
1780329600,0.1387,0.1507,0.1371,0.1496,24591458.0
1780358400,0.1496,0.1542,0.1427,0.1448,28610232.0
1780387200,0.1448,0.149,0.135,0.1394,33206860.0
1780416000,0.1395,0.1433,0.1291,0.1322,30056955.0
1780444800,0.1322,0.1474,0.1306,0.1462,28537546.0
1780473600,0.1462,0.1556,0.1443,0.1521,43932085.0
1780502400,0.1522,0.1533,0.1447,0.1479,32839560.0
1780531200,0.1478,0.1503,0.1299,0.1331,49957894.0
1780560000,0.1331,0.1464,0.1282,0.1457,43152173.0
1780588800,0.1456,0.1477,0.1319,0.1348,26768907.0
1780617600,0.1347,0.1359,0.1177,0.1253,34673172.0
1780646400,0.1254,0.1267,0.1154,0.1163,31605956.0
1780675200,0.1162,0.1215,0.1101,0.1158,33943565.0
1780704000,0.1158,0.1182,0.1056,0.112,25257195.0
1780732800,0.1121,0.1147,0.1087,0.1128,14514883.0
1780761600,0.1127,0.114,0.1102,0.1137,8216099.0
1780790400,0.1138,0.1185,0.1131,0.1169,15070253.0
1780819200,0.1168,0.1185,0.1125,0.1183,18686063.0
1780848000,0.1183,0.1218,0.1119,0.1178,18742769.0
1780876800,0.1178,0.1217,0.1151,0.1174,16506297.0
1780905600,0.1174,0.1229,0.1157,0.1209,15994768.0
1780934400,0.1209,0.1279,0.1203,0.1214,29255756.0
1780963200,0.1214,0.1255,0.1172,0.1248,12940525.0
1780992000,0.1249,0.125,0.1175,0.1179,19974546.0
1781020800,0.1178,0.122,0.1155,0.1201,12642124.0
1781049600,0.1201,0.1208,0.1139,0.1155,10227716.0
1781078400,0.1155,0.1179,0.1111,0.1165,19044675.0
1781107200,0.1164,0.1168,0.1073,0.1099,14165944.0
1781136000,0.1099,0.1233,0.1099,0.1213,16804094.0
1781164800,0.1214,0.124,0.1184,0.1216,19204524.0
1781193600,0.1217,0.1238,0.1185,0.1228,9562485.0
