timestamp,open,high,low,close,volume
1702627200,29.23,30.09,25.09,26.51,865957.7
1702656000,26.51,30.8,25.4,28.15,776686.76
1702684800,28.15,32.64,26.68,29.22,1164231.48
1702713600,29.22,29.99,26.79,29.54,1041721.22
1702742400,29.54,29.54,26.55,28.39,702523.4
1702771200,28.39,29.08,25.18,28.18,1772756.17
1702800000,28.18,30.08,23.43,25.49,5975209.94
1702828800,25.49,26.55,24.7,24.75,1101574.17
1702857600,24.75,26.55,24.34,25.22,920099.54
1702886400,25.22,29.52,22.44,28.88,2155018.14
1702915200,28.86,35.0,27.89,34.3,3170873.68
1702944000,34.29,39.86,33.02,38.63,4970231.33
1702972800,38.63,43.4,37.6,41.96,6899110.03
1703001600,41.95,42.35,38.51,39.92,3213138.2
1703030400,39.92,43.35,38.18,40.81,2765216.94
1703059200,40.81,42.41,37.1,41.89,2419376.48
1703088000,41.88,47.27,41.02,44.7,2383463.52
1703116800,44.71,48.75,43.48,45.86,1620631.2
1703145600,45.86,47.5,42.6,43.03,1879423.74
1703174400,43.02,43.13,39.4,40.56,1314325.51
1703203200,40.56,42.98,39.99,40.41,1102800.27
1703232000,40.41,40.83,36.74,37.83,1264128.73
1703260800,37.83,39.25,37.55,37.88,615243.82
1703289600,37.88,40.11,36.47,38.27,1239748.36
1703318400,38.27,42.62,37.43,40.3,1592136.03
1703347200,40.29,44.5,39.56,44.27,1086767.37
1703376000,44.26,45.59,41.22,41.76,1780727.6
1703404800,41.75,43.48,40.73,42.59,1020171.88
1703433600,42.58,44.34,41.8,42.33,632249.72
1703462400,42.33,43.19,40.07,40.87,687701.08
1703491200,40.87,43.0,38.93,42.68,882867.8
1703520000,42.68,43.82,40.56,40.88,570038.64
1703548800,40.89,42.48,39.3,41.58,591987.17
1703577600,41.59,42.6,38.62,38.86,604021.22
1703606400,38.85,39.74,35.5,39.25,692171.13
1703635200,39.25,39.68,36.68,37.13,497927.32
1703664000,37.12,40.46,36.86,39.9,838077.87
1703692800,39.88,44.56,38.1,44.15,1294152.45
1703721600,44.15,46.1,33.83,35.82,4045446.5
1703750400,35.82,35.84,31.1,32.12,2110986.59
1703779200,32.12,32.43,31.21,31.51,948292.67
1703808000,31.52,31.98,28.68,30.31,2145807.7
1703836800,30.31,31.97,29.3,29.75,1129425.2
1703865600,29.74,31.81,29.12,31.21,1008723.8
1703894400,31.2,32.34,30.26,31.41,846526.83
1703923200,31.41,33.46,30.24,31.78,1536281.41
1703952000,31.78,32.68,31.21,31.4,760183.89
1703980800,31.41,31.8,30.52,31.41,563308.0
1704009600,31.42,32.47,30.95,31.9,486569.67
1704038400,31.9,32.22,29.15,30.15,512658.08
1704067200,30.15,30.38,27.34,27.77,878099.47
1704096000,27.78,29.82,27.4,29.59,596179.13
1704124800,29.59,30.27,29.35,29.75,312441.57
1704153600,29.76,32.4,29.01,29.63,808307.35
1704182400,29.63,30.3,27.67,28.64,821391.87
1704211200,28.64,29.77,27.17,28.36,562879.14
1704240000,28.35,28.65,27.53,27.64,454327.45
1704268800,27.64,28.27,17.11,23.61,2136130.99
1704297600,23.62,23.83,22.2,22.94,606607.62
1704326400,22.94,23.42,22.01,22.99,657040.16
1704355200,23.0,24.59,22.27,24.12,894399.47
1704384000,24.12,24.32,23.5,23.96,492675.88
1704412800,23.96,24.54,21.52,23.14,661604.38
1704441600,23.14,23.62,21.82,21.97,495874.65
1704470400,21.96,23.57,21.19,23.19,539109.71
1704499200,23.19,24.15,22.38,23.11,1129328.79
1704528000,23.11,26.97,22.51,26.32,3075793.73
1704556800,26.32,26.54,23.41,24.08,1765289.48
1704585600,24.09,24.43,23.02,23.36,750426.37
1704614400,23.36,23.75,22.32,22.49,1043081.23
1704643200,22.49,22.56,20.41,20.51,746421.11
1704672000,20.52,20.8,18.24,19.32,1224912.48
1704700800,19.33,20.69,18.69,20.06,1513068.53
1704729600,20.07,21.07,19.65,20.91,755561.97
1704758400,20.91,21.19,19.53,19.57,798900.22
1704787200,19.58,19.65,17.85,18.41,915408.4
1704816000,18.41,18.98,17.62,18.96,856017.13
1704844800,18.95,19.44,18.58,18.6,462009.06
1704873600,18.6,20.06,17.31,19.08,1213905.61
1704902400,19.07,25.36,19.01,24.24,2945328.18
1704931200,24.24,24.39,22.43,23.35,1645594.35
1704960000,23.34,25.77,22.63,23.01,2152639.09
1704988800,23.0,23.73,21.2,23.04,976006.71
1705017600,23.03,23.37,22.16,22.35,497841.12
1705046400,22.35,22.84,21.28,21.55,805826.96
1705075200,21.55,22.02,19.78,21.92,1063869.95
1705104000,21.93,22.01,20.68,20.94,610399.0
1705132800,20.94,21.11,20.33,20.93,375947.27
1705161600,20.92,22.66,20.86,21.85,989764.77
1705190400,21.86,23.18,21.45,22.79,787556.21
1705219200,22.78,23.68,22.1,22.48,1032522.6
1705248000,22.48,22.61,21.64,21.72,582017.64
1705276800,21.73,23.12,21.63,22.11,687271.71
1705305600,22.11,22.16,21.12,21.23,491217.92
1705334400,21.22,23.92,21.15,23.4,1008708.23
1705363200,23.39,25.5,23.03,25.38,835500.29
1705392000,25.37,31.63,24.98,30.83,10157088.19
1705420800,30.83,31.44,29.52,30.88,5091066.69
1705449600,30.89,31.88,26.53,26.78,5393995.36
1705478400,26.77,27.62,26.14,26.43,2260581.78
1705507200,26.44,26.95,25.62,25.9,1296121.72
1705536000,25.91,25.97,24.19,24.61,1980469.61
1705564800,24.61,24.62,23.6,24.24,1382907.74
1705593600,24.24,24.32,22.47,23.0,1582850.68
1705622400,23.0,25.76,22.46,25.24,2904961.63
1705651200,25.24,25.39,24.15,24.23,1678128.76
1705680000,24.23,24.75,22.99,24.08,1320523.2
1705708800,24.09,24.09,22.92,23.17,597284.89
1705737600,23.17,24.11,22.72,23.78,615411.55
1705766400,23.78,24.38,23.65,23.79,406072.61
1705795200,23.79,24.48,23.48,23.71,400845.04
1705824000,23.72,23.72,23.22,23.47,287448.37
1705852800,23.46,23.65,22.9,23.02,296803.37
1705881600,23.01,23.29,22.15,22.24,703162.08
1705910400,22.23,22.77,21.34,22.09,768673.99
1705939200,22.1,22.51,21.53,21.95,493599.44
1705968000,21.95,23.05,21.45,22.1,707076.9
1705996800,22.1,22.25,19.77,20.39,1243321.42
1706025600,20.4,22.08,20.23,22.01,466352.78
1706054400,22.01,22.11,21.36,21.73,322772.38
1706083200,21.74,22.95,21.69,22.23,634482.2
1706112000,22.23,24.48,22.19,24.29,734190.45
1706140800,24.3,24.62,23.43,24.47,928437.76
1706169600,24.48,24.69,23.13,23.34,797308.82
1706198400,23.34,26.52,23.26,25.19,1940516.57
1706227200,25.19,26.28,24.62,24.77,824886.92
1706256000,24.76,25.61,24.52,25.05,634856.68
1706284800,25.06,25.47,24.66,25.25,515620.54
1706313600,25.25,25.72,24.74,25.26,509587.82
1706342400,25.26,27.96,25.18,26.05,1477372.05
1706371200,26.04,26.33,25.4,25.75,544188.83
1706400000,25.76,26.46,25.56,25.65,573886.23
1706428800,25.66,26.03,24.9,25.85,532355.52
1706457600,25.84,26.06,24.75,24.98,356954.68
1706486400,24.98,27.69,24.81,27.26,1438773.94
1706515200,27.26,29.39,27.23,29.09,3707008.73
1706544000,29.09,29.46,27.16,27.64,1398094.76
1706572800,27.65,27.84,24.67,25.01,2558881.28
1706601600,25.01,25.16,23.75,24.26,2035153.1
1706630400,24.25,24.77,23.59,23.83,1451526.8
1706659200,23.82,23.94,23.1,23.34,943030.45
1706688000,23.34,23.43,22.57,23.32,994070.58
1706716800,23.31,23.89,23.09,23.57,866955.26
1706745600,23.57,23.96,22.86,23.55,830115.04
1706774400,23.55,23.9,23.2,23.67,706954.34
1706803200,23.67,24.66,23.61,24.02,843185.71
1706832000,24.02,24.78,23.97,24.47,488748.49
1706860800,24.47,24.98,23.89,24.61,609147.23
1706889600,24.62,25.04,24.39,24.52,318968.15
1706918400,24.52,25.08,24.41,24.85,335793.11
1706947200,24.86,27.03,24.76,26.7,1864810.08
1706976000,26.7,27.06,26.11,26.27,744997.45
1707004800,26.27,26.28,24.52,24.71,782523.18
1707033600,24.7,26.15,24.64,26.09,765084.32
1707062400,26.09,26.84,25.63,25.81,516626.96
1707091200,25.82,27.28,25.54,27.04,915449.29
1707120000,27.04,28.36,26.31,27.48,1366270.32
1707148800,27.48,27.66,26.73,27.56,756046.8
1707177600,27.57,27.61,26.33,26.8,677424.15
1707206400,26.81,27.86,25.87,27.71,1010097.76
1707235200,27.7,28.04,27.03,27.06,490568.75
1707264000,27.05,27.74,25.32,25.44,639830.42
1707292800,25.44,25.88,25.18,25.6,431961.35
1707321600,25.6,26.16,25.49,25.8,404712.67
1707350400,25.81,26.49,25.68,25.88,482015.16
1707379200,25.88,26.66,25.79,26.59,442720.54
1707408000,26.6,26.68,25.9,26.22,248690.62
1707436800,26.22,28.89,26.04,28.77,917423.59
1707465600,28.77,29.2,27.25,27.55,1185485.99
1707494400,27.55,28.02,27.22,27.83,372498.7
1707523200,27.84,28.84,27.84,27.93,390704.52
1707552000,27.94,29.28,27.28,28.77,623208.57
1707580800,28.78,29.92,28.59,29.28,679258.39
1707609600,29.27,30.04,28.36,28.6,540007.95
1707638400,28.61,28.8,28.06,28.34,385574.08
1707667200,28.34,28.68,27.61,27.87,281553.03
1707696000,27.87,28.86,27.5,27.83,385624.73
1707724800,27.83,28.57,27.24,28.26,286618.81
1707753600,28.26,29.2,28.24,28.43,417692.46
1707782400,28.43,28.75,27.67,27.92,233647.28
1707811200,27.91,28.46,26.1,27.41,588460.95
1707840000,27.41,27.58,26.97,27.38,224154.93
1707868800,27.37,27.53,27.02,27.33,153810.02
1707897600,27.33,29.6,27.19,29.28,740547.88
1707926400,29.29,29.7,28.85,29.29,313634.32
1707955200,29.28,35.01,29.22,34.3,2219735.1
1707984000,34.3,35.48,33.0,33.54,2388874.34
1708012800,33.54,33.6,30.84,32.39,1042837.12
1708041600,32.38,34.28,32.37,33.16,917876.8
1708070400,33.16,34.34,32.41,33.57,927823.78
1708099200,33.57,34.66,32.54,33.32,473449.56
1708128000,33.32,33.79,32.54,32.96,255168.51
1708156800,32.97,32.98,30.37,30.95,739987.27
1708185600,30.96,31.47,30.75,31.01,221370.31
1708214400,31.02,32.2,30.75,31.64,416482.97
1708243200,31.63,33.36,31.3,32.3,412816.6
1708272000,32.31,33.67,31.9,33.49,357576.99
1708300800,33.5,33.95,32.37,33.31,306846.25
1708329600,33.32,35.85,32.18,35.62,857683.38
1708358400,35.61,36.0,34.66,35.22,422527.0
1708387200,35.22,35.97,33.5,34.31,636570.74
1708416000,34.32,35.09,30.25,31.81,761380.21
1708444800,31.81,32.42,30.45,31.93,478035.89
1708473600,31.94,32.12,30.03,30.37,344243.08
1708502400,30.39,30.89,29.21,30.27,665680.84
1708531200,30.26,30.94,29.52,30.86,270297.49
1708560000,30.85,30.96,29.52,30.84,300640.36
1708588800,30.84,31.11,30.01,30.54,258205.7
1708617600,30.53,30.92,29.82,29.96,195086.33
1708646400,29.96,30.56,28.66,28.81,313401.85
1708675200,28.8,29.54,28.28,28.46,411950.64
1708704000,28.47,28.55,26.34,26.92,617141.28
1708732800,26.91,27.53,26.21,27.47,286749.92
1708761600,27.48,27.81,27.16,27.37,220160.93
1708790400,27.37,27.94,27.32,27.57,194124.64
1708819200,27.56,27.82,27.05,27.47,149542.1
1708848000,27.46,29.15,27.35,28.6,522608.74
1708876800,28.6,29.12,28.38,28.56,254086.43
1708905600,28.56,29.16,28.16,28.35,279722.02
1708934400,28.35,28.94,27.72,28.65,357759.22
1708963200,28.65,30.12,28.42,29.33,380722.02
1708992000,29.32,30.54,28.95,29.44,448787.72
1709020800,29.43,30.02,28.48,29.59,525320.97
1709049600,29.58,30.27,28.92,29.94,369362.05
1709078400,29.93,30.28,29.21,29.9,210216.4
1709107200,29.91,33.62,29.8,32.21,1745802.38
1709136000,32.21,33.98,25.5,29.74,1390363.9
1709164800,29.74,30.46,29.23,30.32,357702.48
1709193600,30.31,30.8,29.5,30.0,468563.59
1709222400,29.99,30.13,28.01,28.82,443642.85
1709251200,28.82,29.8,28.04,28.29,405641.15
1709280000,28.28,29.06,28.14,28.52,335239.76
1709308800,28.52,29.42,28.3,29.25,236991.54
1709337600,29.25,29.98,28.82,29.73,295116.86
1709366400,29.74,29.89,29.03,29.32,347202.97
1709395200,29.32,30.43,29.27,30.37,230359.67
1709424000,30.36,30.96,26.66,28.18,603112.05
1709452800,28.19,29.6,27.72,29.34,480406.19
1709481600,29.34,29.44,28.66,29.1,198416.09
1709510400,29.11,29.62,27.83,28.39,606608.05
1709539200,28.4,28.74,27.63,28.04,521998.14
1709568000,28.03,28.12,26.66,27.75,528270.94
1709596800,27.76,28.38,27.17,27.51,577431.29
1709625600,27.5,30.53,26.99,27.33,1159364.2
1709654400,27.33,27.56,20.0,24.99,1319486.43
1709683200,24.99,26.19,24.24,26.15,484607.34
1709712000,26.15,26.45,24.64,25.28,533118.72
1709740800,25.28,26.18,24.89,26.17,250691.85
1709769600,26.18,26.9,25.53,26.42,386985.32
1709798400,26.42,27.06,26.15,26.8,382866.88
1709827200,26.8,27.71,26.61,27.5,262395.91
1709856000,27.49,27.94,26.9,27.21,199343.46
1709884800,27.22,27.48,25.64,26.21,349482.45
1709913600,26.21,26.96,25.61,26.77,303411.04
1709942400,26.76,27.52,26.58,27.35,174295.7
1709971200,27.35,27.7,26.69,27.47,242992.56
1710000000,27.48,27.53,27.18,27.34,194201.52
1710028800,27.34,27.57,26.81,27.36,203697.07
1710057600,27.35,27.48,25.21,25.89,324751.06
1710086400,25.89,26.22,25.22,26.09,244657.7
1710115200,26.1,26.6,24.46,26.56,358067.57
1710144000,26.56,27.78,26.52,26.55,516428.21
1710172800,26.57,27.08,26.41,26.96,176483.85
1710201600,26.97,29.0,26.73,27.16,865462.27
1710230400,27.15,27.26,25.87,26.76,443509.62
1710259200,26.76,27.19,24.83,27.16,417946.89
1710288000,27.16,28.87,27.05,28.01,407874.41
1710316800,28.01,28.29,26.14,26.4,373926.3
1710345600,26.4,27.07,26.23,26.87,163616.0
1710374400,26.87,27.15,25.96,26.28,265825.69
1710403200,26.27,26.92,25.05,25.46,484826.44
1710432000,25.45,26.39,24.61,26.33,423077.75
1710460800,26.33,26.89,23.48,23.51,722910.73
1710489600,23.5,23.54,21.01,22.78,1366443.72
1710518400,22.78,23.89,22.42,23.46,524523.09
1710547200,23.46,23.7,22.86,23.68,294553.46
1710576000,23.67,23.71,21.88,22.44,389106.05
1710604800,22.45,22.47,20.6,21.56,672742.49
1710633600,21.55,22.07,20.45,21.28,357585.01
1710662400,21.27,22.66,21.13,22.54,336830.13
1710691200,22.53,22.88,22.23,22.64,264831.8
1710720000,22.64,24.05,21.75,22.99,436222.97
1710748800,22.98,23.01,21.23,21.76,506354.9
1710777600,21.75,22.28,21.22,21.86,278258.34
1710806400,21.85,22.0,18.59,19.75,685042.15
1710835200,19.75,20.75,18.73,20.709,863881.43
1710864000,20.709,20.987,18.959,19.448,494238.29
1710892800,19.446,20.02,18.666,19.886,533062.99
1710921600,19.889,20.342,19.517,19.648,455291.72
1710950400,19.64,21.704,18.848,21.58,573443.21
1710979200,21.576,22.95,21.047,21.47,578042.11
1711008000,21.475,21.941,21.45,21.736,306344.95
1711036800,21.737,22.26,21.194,22.09,335817.14
1711065600,22.088,23.8,21.461,23.545,739327.97
1711094400,23.544,24.255,20.626,21.292,1191528.86
1711123200,21.293,21.524,20.769,21.464,386107.59
1711152000,21.464,21.778,21.039,21.585,208159.98
1711180800,21.585,22.394,21.353,22.234,242138.49
1711209600,22.233,22.413,21.77,21.843,151208.02
1711238400,21.842,22.392,21.433,21.645,179273.7
1711267200,21.646,22.307,21.585,22.164,178285.0
1711296000,22.162,22.625,21.75,22.459,187168.76
1711324800,22.459,22.858,22.104,22.203,209871.75
1711353600,22.206,23.055,22.037,22.988,234151.82
1711382400,22.992,23.911,22.906,23.311,481729.62
1711411200,23.309,23.801,23.211,23.436,250187.67
1711440000,23.435,24.151,22.9,23.514,363716.51
1711468800,23.515,23.96,22.952,23.88,225585.39
1711497600,23.88,25.27,23.351,23.449,724747.45
1711526400,23.45,24.279,22.831,22.888,630454.13
1711555200,22.886,23.392,22.751,23.099,218640.78
1711584000,23.099,24.799,22.285,24.624,517804.36
1711612800,24.62,25.621,24.183,24.589,872354.31
1711641600,24.594,25.388,24.315,25.156,313585.62
1711670400,25.154,25.709,24.511,24.948,621208.51
1711699200,24.944,27.399,24.865,26.133,1100362.49
1711728000,26.134,26.97,25.755,25.991,408406.44
1711756800,25.99,26.967,25.795,26.35,472175.08
1711785600,26.35,27.4,25.3,25.851,991098.18
1711814400,25.851,26.549,25.814,26.194,284791.19
1711843200,26.192,26.99,25.877,26.071,426470.78
1711872000,26.077,27.4,25.989,26.162,379936.49
1711900800,26.162,26.692,26.156,26.276,171894.43
1711929600,26.279,26.45,24.5,25.683,433949.58
1711958400,25.68,27.692,24.867,25.108,1028282.22
1711987200,25.099,27.543,25.029,27.197,729926.99
1712016000,27.197,27.259,24.421,24.532,847241.27
1712044800,24.535,24.684,22.504,22.574,644580.23
1712073600,22.568,22.903,22.266,22.358,317693.04
1712102400,22.359,22.798,21.34,22.529,421805.08
1712131200,22.529,22.945,22.021,22.184,283159.26
1712160000,22.184,22.499,21.638,22.087,253066.84
1712188800,22.079,25.651,22.009,24.923,1691265.15
1712217600,24.922,24.934,22.315,22.787,1769311.69
1712246400,22.787,23.368,22.45,22.814,349119.66
1712275200,22.813,22.967,21.761,21.867,303468.1
1712304000,21.868,22.535,21.239,22.505,399215.84
1712332800,22.518,22.873,22.375,22.509,163912.04
1712361600,22.506,22.937,22.388,22.672,136587.64
1712390400,22.668,23.037,22.58,22.893,208730.36
1712419200,22.888,24.046,22.851,23.733,400827.91
1712448000,23.737,24.182,23.602,23.858,300639.99
1712476800,23.859,24.354,23.715,23.898,303472.27
1712505600,23.902,24.335,23.85,24.265,180746.88
1712534400,24.266,24.339,23.472,23.823,224621.67
1712563200,23.823,24.339,23.796,23.985,248739.84
1712592000,23.984,24.385,23.951,24.136,153057.56
1712620800,24.135,24.248,23.216,23.374,234395.03
1712649600,23.368,23.626,22.587,22.962,288343.42
1712678400,22.965,23.149,22.511,22.622,133835.91
1712707200,22.624,22.86,21.821,22.172,277137.56
1712736000,22.172,22.256,20.875,21.745,302377.13
1712764800,21.746,22.428,21.656,22.195,161036.64
1712793600,22.192,22.263,21.87,22.095,95469.71
1712822400,22.095,26.412,21.443,21.794,5268575.52
1712851200,21.793,21.834,20.632,20.861,548845.98
1712880000,20.86,22.196,20.758,22.007,595621.24
1712908800,22.02,22.258,21.014,21.342,603847.17
1712937600,21.343,21.446,14.719,17.128,1907514.94
1712966400,17.128,17.483,16.106,17.246,561645.9
1712995200,17.244,17.87,17.131,17.285,315113.77
1713024000,17.282,17.381,12.5,15.987,2390085.04
1713052800,15.99,16.696,15.25,16.634,671664.33
1713081600,16.635,16.658,15.731,16.07,571523.19
1713110400,16.073,16.796,15.38,16.58,663638.92
1713139200,16.58,17.155,15.994,16.977,378492.53
1713168000,16.975,17.123,15.707,16.142,402687.29
1713196800,16.144,16.252,14.986,15.66,351913.56
1713225600,15.659,15.855,14.85,15.751,283268.86
1713254400,15.747,15.955,15.045,15.254,399906.06
1713283200,15.252,16.163,15.207,15.932,316445.15
1713312000,15.931,16.026,15.555,15.74,230046.33
1713340800,15.743,15.821,14.882,15.035,390893.29
1713369600,15.035,15.944,14.802,15.564,293640.07
1713398400,15.557,15.97,15.18,15.336,196761.57
1713427200,15.334,17.204,15.129,17.074,1332565.77
1713456000,17.068,17.726,16.663,17.423,749400.64
1713484800,17.423,17.992,15.713,17.816,890535.15
1713513600,17.819,18.384,17.436,18.178,471567.16
1713542400,18.172,18.287,17.238,17.564,272368.34
1713571200,17.56,17.8,17.346,17.6,225922.07
1713600000,17.601,18.168,17.438,18.168,167762.19
1713628800,18.162,18.848,17.969,18.453,249861.3
1713657600,18.446,18.523,18.064,18.227,133158.57
1713686400,18.233,18.32,17.618,17.903,180175.42
1713715200,17.902,18.04,17.502,17.89,129407.08
1713744000,17.885,18.824,17.785,18.366,194899.08
1713772800,18.372,18.674,18.135,18.495,129710.0
1713801600,18.488,18.791,18.264,18.605,100119.3
1713830400,18.598,18.984,18.102,18.183,169699.97
1713859200,18.177,19.052,18.12,18.664,160459.41
1713888000,18.662,18.934,18.384,18.539,130746.22
1713916800,18.531,18.951,18.354,18.681,93805.88
1713945600,18.677,18.948,17.729,17.795,169404.68
1713974400,17.794,18.133,17.377,17.587,108597.79
1714003200,17.597,17.753,16.766,17.212,146225.84
1714032000,17.212,17.919,16.548,17.422,576146.17
1714060800,17.422,17.779,17.305,17.338,101969.07
1714089600,17.339,17.416,16.834,16.932,104015.22
1714118400,16.934,17.307,16.673,17.038,108123.58
1714147200,17.037,17.311,16.926,17.056,62340.74
1714176000,17.061,17.294,16.343,16.988,177697.48
1714204800,16.988,17.169,16.678,16.866,91886.16
1714233600,16.876,17.601,16.816,17.345,156198.42
1714262400,17.346,18.078,17.331,17.657,122123.94
1714291200,17.664,17.728,17.34,17.563,73223.86
1714320000,17.564,17.68,17.032,17.103,100591.73
1714348800,17.117,17.253,16.333,16.516,124000.16
1714377600,16.506,16.834,16.261,16.769,111006.47
1714406400,16.774,17.126,16.561,16.962,82272.61
1714435200,16.96,17.251,16.645,16.85,88154.09
1714464000,16.842,16.923,15.101,15.2,268195.97
1714492800,15.2,15.7,14.855,15.54,175626.45
1714521600,15.541,15.627,14.685,14.816,210209.92
1714550400,14.814,15.27,14.321,14.914,248377.39
1714579200,14.912,15.807,14.812,15.736,203367.02
1714608000,15.736,15.804,15.234,15.441,127816.29
1714636800,15.441,16.201,15.415,16.069,163301.55
1714665600,16.072,16.379,15.949,16.131,105358.92
1714694400,16.129,16.484,15.708,15.732,182195.58
1714723200,15.734,16.556,15.585,16.469,205735.69
1714752000,16.469,16.827,16.436,16.664,194519.81
1714780800,16.667,16.749,16.353,16.401,120696.54
1714809600,16.401,16.76,16.281,16.552,117242.66
1714838400,16.552,16.708,16.376,16.431,78858.89
1714867200,16.432,16.532,15.988,16.195,146800.89
1714896000,16.194,16.658,16.108,16.613,139840.61
1714924800,16.619,16.907,16.321,16.67,166943.35
1714953600,16.67,16.932,16.469,16.879,118289.81
1714982400,16.881,17.098,16.084,16.353,256999.26
1715011200,16.35,16.407,16.046,16.069,100874.89
1715040000,16.07,16.316,15.739,15.923,123233.58
1715068800,15.921,16.518,15.87,16.337,153842.27
1715097600,16.339,16.478,15.823,15.896,115891.5
1715126400,15.898,15.944,15.536,15.713,193845.52
1715155200,15.716,17.554,15.651,16.667,600664.74
1715184000,16.671,18.45,16.369,16.512,2084584.95
1715212800,16.512,17.397,16.116,17.06,545039.67
1715241600,17.057,18.207,16.411,18.139,748443.39
1715270400,18.139,19.27,17.825,18.453,1745455.47
1715299200,18.455,18.753,18.205,18.595,482675.42
1715328000,18.595,18.998,17.983,18.03,616740.16
1715356800,18.029,18.289,17.471,17.805,352785.53
1715385600,17.808,18.098,17.393,17.471,193271.35
1715414400,17.471,17.668,17.056,17.304,351615.03
1715443200,17.303,18.204,17.216,17.478,396777.47
1715472000,17.483,18.042,16.733,17.345,1078049.21
1715500800,17.347,17.584,17.121,17.269,268635.28
1715529600,17.272,17.349,16.582,16.665,311583.93
1715558400,16.666,16.768,15.225,15.65,1006626.08
1715587200,15.648,15.927,14.508,14.672,1826584.63
1715616000,14.672,14.882,14.0,14.486,1458265.29
1715644800,14.486,14.7,14.015,14.403,841957.03
1715673600,14.406,14.674,14.266,14.435,804530.9
1715702400,14.432,14.713,14.251,14.397,594001.57
1715731200,14.398,14.998,14.335,14.82,662585.29
1715760000,14.812,15.131,14.442,14.975,761661.68
1715788800,14.975,15.21,14.9,14.98,299787.22
1715817600,14.977,15.061,14.628,14.943,417987.98
1715846400,14.937,14.975,14.058,14.391,655022.17
1715875200,14.385,14.576,14.313,14.417,158886.63
1715904000,14.414,14.765,14.297,14.681,204437.01
1715932800,14.682,14.982,14.541,14.968,242129.39
1715961600,14.971,15.097,14.801,14.968,209395.97
1715990400,14.967,15.072,14.859,14.969,126726.83
1716019200,14.972,15.1,14.577,14.776,221596.07
1716048000,14.775,14.871,14.691,14.801,100065.04
1716076800,14.805,14.903,14.471,14.627,182272.25
1716105600,14.624,14.629,13.638,13.836,440182.26
1716134400,13.838,13.896,13.525,13.652,281834.06
1716163200,13.652,13.872,13.187,13.724,305776.21
1716192000,13.722,14.185,13.579,14.076,261202.15
1716220800,14.076,15.598,14.031,15.582,657003.53
1716249600,15.585,17.66,15.567,16.874,1747577.14
1716278400,16.873,18.297,16.796,17.897,1682968.2
1716307200,17.896,18.467,17.669,18.347,1428908.44
1716336000,18.338,18.447,17.755,18.228,774336.92
1716364800,18.228,18.591,16.424,16.915,1324196.98
1716393600,16.915,17.182,16.389,16.562,638743.12
1716422400,16.565,16.932,16.314,16.641,416456.43
1716451200,16.642,16.933,15.991,16.581,731531.28
1716480000,16.581,16.885,15.446,16.671,523588.72
1716508800,16.669,16.898,15.477,15.703,441404.06
1716537600,15.703,16.867,15.457,16.594,412940.05
1716566400,16.592,16.674,16.283,16.661,163362.72
1716595200,16.66,17.5,16.657,16.956,387369.51
1716624000,16.96,17.383,16.809,17.055,348624.74
1716652800,17.046,17.168,16.71,16.75,112122.2
1716681600,16.747,17.964,16.713,17.617,565752.92
1716710400,17.617,18.496,17.27,18.001,718038.42
1716739200,18.001,18.194,17.792,17.832,310351.84
1716768000,17.832,18.32,17.538,17.976,330692.6
1716796800,17.98,18.627,17.879,18.497,441007.9
1716825600,18.49,18.551,17.721,17.91,215613.49
1716854400,17.916,18.244,17.554,18.024,333991.38
1716883200,18.022,18.429,17.444,17.895,313174.31
1716912000,17.889,18.384,17.767,17.926,166411.74
1716940800,17.925,18.449,17.815,17.864,193353.27
1716969600,17.866,28.109,17.646,24.744,25052598.75
1716998400,24.746,25.322,23.011,24.201,6847868.28
1717027200,24.201,28.38,24.0,24.936,10960793.98
1717056000,24.936,24.975,23.0,24.01,7017138.23
1717084800,24.008,24.162,22.732,22.809,1804410.76
1717113600,22.805,24.192,22.555,23.663,2337094.48
1717142400,23.663,24.79,23.221,24.565,2846253.55
1717171200,24.564,25.095,24.022,24.374,1660923.39
1717200000,24.374,25.068,23.218,23.348,1520060.38
1717228800,23.348,24.035,23.299,23.683,1097185.41
1717257600,23.68,24.741,23.658,23.948,862512.08
1717286400,23.948,24.221,23.269,23.273,833928.07
1717315200,23.276,23.55,23.077,23.143,573823.41
1717344000,23.145,23.26,22.65,22.884,427938.02
1717372800,22.884,23.143,21.68,21.709,904010.75
1717401600,21.707,21.847,21.075,21.414,735780.85
1717430400,21.414,21.424,20.814,20.913,473656.29
1717459200,20.915,20.918,20.39,20.609,603359.81
1717488000,20.61,21.615,20.424,21.587,772288.81
1717516800,21.585,21.984,21.198,21.301,534252.25
1717545600,21.301,21.937,20.993,21.185,555745.36
1717574400,21.184,21.455,21.053,21.388,354080.72
1717603200,21.394,21.5,21.227,21.416,207181.32
1717632000,21.419,22.756,21.419,22.451,1461311.01
1717660800,22.451,23.266,22.02,22.056,1111384.27
1717689600,22.056,22.42,21.515,22.25,468774.99
1717718400,22.25,22.56,21.541,21.887,485499.69
1717747200,21.887,21.907,21.104,21.461,456077.3
1717776000,21.463,21.471,18.5,20.973,1271516.66
1717804800,20.97,22.146,20.778,21.745,670395.39
1717833600,21.743,22.148,20.537,21.119,855136.42
1717862400,21.121,21.437,20.174,20.339,525168.04
1717891200,20.336,20.522,19.975,20.296,291150.17
1717920000,20.297,20.653,20.207,20.46,207824.53
1717948800,20.461,20.72,20.362,20.701,141546.09
1717977600,20.7,21.16,19.76,19.814,617710.47
1718006400,19.816,21.307,19.794,21.1,732476.64
1718035200,21.096,21.499,20.492,20.563,446385.07
1718064000,20.562,20.927,19.715,20.831,886888.01
1718092800,20.831,20.952,19.407,19.789,827314.35
1718121600,19.781,20.531,19.425,19.983,493864.47
1718150400,19.982,20.155,19.063,19.925,445381.9
1718179200,19.934,21.263,19.685,21.175,617361.44
1718208000,21.172,21.618,20.347,21.473,670637.34
1718236800,21.468,21.776,20.413,21.669,756364.74
1718265600,21.668,22.157,21.098,21.464,1597990.68
1718294400,21.466,22.284,21.323,21.777,982566.81
1718323200,21.773,21.981,20.824,21.0,690291.25
1718352000,21.001,21.301,20.414,20.574,645358.34
1718380800,20.569,20.589,19.358,19.51,857774.5
1718409600,19.503,21.346,19.044,21.143,754121.56
1718438400,21.144,21.742,20.916,21.444,1021501.12
1718467200,21.442,21.972,21.239,21.677,684913.61
1718496000,21.677,21.858,20.936,21.72,1321231.73
1718524800,21.717,21.874,21.127,21.198,534950.16
1718553600,21.198,21.35,20.529,20.707,446150.6
1718582400,20.71,21.867,20.355,21.726,1110696.29
1718611200,21.734,21.875,19.867,20.466,1178256.07
1718640000,20.467,20.876,19.741,19.815,730629.5
1718668800,19.816,19.824,16.211,17.685,1788471.87
1718697600,17.685,17.78,16.562,16.858,1073420.73
1718726400,16.856,17.114,16.211,17.049,862282.82
1718755200,17.048,17.56,16.575,17.192,688775.6
1718784000,17.186,17.229,16.752,17.023,439461.95
1718812800,17.024,17.4,16.858,17.041,274476.9
1718841600,17.039,17.831,16.917,17.708,459417.71
1718870400,17.713,17.926,17.001,17.007,466640.91
1718899200,17.006,17.291,16.787,16.966,233466.22
1718928000,16.964,17.161,16.6,16.72,303136.6
1718956800,16.714,17.244,16.449,17.036,388196.26
1718985600,17.037,17.091,16.558,16.787,257568.03
1719014400,16.793,16.804,16.469,16.54,187610.97
1719043200,16.536,16.762,16.3,16.686,180837.49
1719072000,16.687,16.783,16.359,16.412,139905.63
1719100800,16.413,16.793,16.394,16.596,204867.64
1719129600,16.594,16.657,15.754,15.878,275870.19
1719158400,15.878,15.965,15.435,15.64,252407.02
1719187200,15.639,15.833,14.755,15.682,648264.46
1719216000,15.682,16.024,14.983,15.601,722821.23
1719244800,15.598,16.396,15.531,16.322,488483.76
1719273600,16.326,16.686,16.322,16.34,294199.62
1719302400,16.343,16.801,16.313,16.754,212903.35
1719331200,16.754,16.815,16.527,16.65,125303.28
1719360000,16.647,16.878,16.396,16.662,205805.1
1719388800,16.662,17.227,16.39,16.821,366057.32
1719417600,16.819,17.156,16.533,16.696,344970.67
1719446400,16.697,16.705,16.012,16.122,334431.15
1719475200,16.121,16.682,16.1,16.47,300319.66
1719504000,16.471,16.589,16.402,16.45,114816.45
1719532800,16.45,16.893,16.273,16.863,280887.91
1719561600,16.862,17.21,16.65,16.905,388172.55
1719590400,16.91,16.943,16.178,16.196,211065.62
1719619200,16.196,16.316,15.898,16.064,175255.57
1719648000,16.068,16.157,15.781,15.934,135932.89
1719676800,15.938,15.942,15.489,15.593,139729.26
1719705600,15.591,16.129,15.29,15.903,334015.58
1719734400,15.903,16.598,15.89,16.463,256772.49
1719763200,16.46,16.648,16.293,16.55,173705.54
1719792000,16.552,17.219,16.49,17.111,293887.22
1719820800,17.111,17.206,16.275,16.684,265770.62
1719849600,16.686,17.168,16.621,16.823,209212.3
1719878400,16.819,17.502,16.765,17.17,346888.67
1719907200,17.169,17.211,16.743,16.958,239896.58
1719936000,16.958,17.191,16.756,17.108,119176.73
1719964800,17.112,17.139,16.267,16.681,319295.71
1719993600,16.682,16.815,16.1,16.279,224413.75
1720022400,16.272,16.314,15.813,16.003,177548.46
1720051200,16.004,16.039,14.729,14.803,474571.45
1720080000,14.81,14.976,14.091,14.504,343250.82
1720108800,14.509,14.51,13.325,13.588,348698.02
1720137600,13.588,13.599,11.377,12.124,1234894.03
1720166400,12.125,12.851,11.685,12.732,475957.54
1720195200,12.733,12.995,12.617,12.91,230749.25
1720224000,12.912,13.395,12.763,13.266,304090.52
1720252800,13.265,13.765,13.097,13.714,186784.96
1720281600,13.709,14.215,13.67,14.033,166370.97
1720310400,14.038,14.08,13.572,13.764,258141.64
1720339200,13.765,14.207,13.476,13.664,279936.77
1720368000,13.667,14.105,13.266,13.388,251927.87
1720396800,13.388,13.658,12.767,13.482,331182.72
1720425600,13.487,14.365,13.351,13.658,419600.33
1720454400,13.659,13.829,13.507,13.696,128883.14
1720483200,13.695,13.983,13.512,13.829,154376.87
1720512000,13.83,14.004,13.528,13.853,139071.43
1720540800,13.842,13.997,13.721,13.949,84639.58
1720569600,13.944,14.224,13.724,14.109,118265.41
1720598400,14.108,14.328,13.893,14.226,104056.52
1720627200,14.225,14.313,13.956,14.032,72450.08
1720656000,14.031,14.155,13.717,14.015,101204.08
1720684800,14.015,14.385,13.942,14.063,136721.35
1720713600,14.064,14.212,13.775,13.847,127504.02
1720742400,13.843,14.048,13.608,13.766,112304.1
1720771200,13.765,14.019,13.449,13.921,196571.03
1720800000,13.921,14.12,13.81,14.025,81470.07
1720828800,14.025,14.253,13.992,14.137,90288.08
1720857600,14.137,14.245,14.035,14.217,79574.12
1720886400,14.217,14.328,13.918,14.183,94769.89
1720915200,14.183,14.398,14.094,14.311,112106.84
1720944000,14.309,14.427,14.026,14.219,115711.13
1720972800,14.215,14.538,14.108,14.362,92466.5
1721001600,14.36,14.854,14.216,14.71,181273.11
1721030400,14.708,14.86,14.547,14.762,109608.6
1721059200,14.765,15.444,14.717,15.399,147315.83
1721088000,15.398,15.526,14.596,14.698,211485.47
1721116800,14.696,15.481,14.451,15.443,207737.57
1721145600,15.441,15.649,15.261,15.394,133248.37
1721174400,15.397,15.753,15.39,15.666,92846.46
1721203200,15.661,15.848,15.356,15.622,167779.93
1721232000,15.608,15.629,15.162,15.525,131643.94
1721260800,15.525,16.107,15.521,16.107,140607.61
1721289600,16.101,16.126,15.208,15.228,312095.65
1721318400,15.224,15.566,14.955,15.484,140849.13
1721347200,15.483,15.668,14.888,15.614,136869.19
1721376000,15.614,15.851,15.169,15.847,137929.66
1721404800,15.842,16.202,15.813,16.129,96583.45
1721433600,16.131,16.35,15.932,16.162,90464.4
1721462400,16.167,16.591,15.888,16.444,127019.37
1721491200,16.443,16.681,16.348,16.634,96239.92
1721520000,16.634,16.757,16.032,16.258,136934.27
1721548800,16.258,16.375,15.976,16.168,69289.14
1721577600,16.168,16.62,15.64,16.407,154339.99
1721606400,16.41,16.56,15.691,15.802,111274.05
1721635200,15.808,16.184,15.7,15.883,102703.74
1721664000,15.887,16.121,15.52,15.686,82350.98
1721692800,15.686,16.841,15.661,15.922,1334675.55
1721721600,15.922,16.385,15.8,16.172,439735.47
1721750400,16.168,16.202,15.709,16.086,238146.71
1721779200,16.085,16.47,15.467,16.394,378189.18
1721808000,16.395,17.063,16.348,16.348,440535.8
1721836800,16.362,16.471,15.389,15.51,259200.31
1721865600,15.505,16.775,14.552,16.041,1767572.65
1721894400,16.041,16.248,15.111,15.947,809368.84
1721923200,15.945,16.622,15.622,16.525,852831.72
1721952000,16.525,17.6,16.073,17.231,1320047.87
1721980800,17.229,17.976,17.093,17.408,940199.11
1722009600,17.408,17.884,17.327,17.677,301122.65
1722038400,17.677,18.313,17.43,17.798,577592.1
1722067200,17.804,18.027,17.351,17.472,319288.46
1722096000,17.478,18.004,17.322,17.945,260401.99
1722124800,17.942,18.224,17.531,17.653,305314.22
1722153600,17.653,17.986,17.543,17.574,194692.78
1722182400,17.584,17.756,17.254,17.398,148921.12
1722211200,17.396,17.853,17.314,17.755,205145.12
1722240000,17.756,18.744,17.629,17.944,425120.54
1722268800,17.94,18.032,17.299,17.321,218920.26
1722297600,17.321,17.662,17.222,17.478,204239.78
1722326400,17.478,17.51,16.902,17.082,162088.24
1722355200,17.078,17.107,16.177,16.468,236200.1
1722384000,16.47,18.585,16.316,18.39,2042698.52
1722412800,18.39,18.916,18.12,18.703,2475266.34
1722441600,18.71,19.05,18.405,18.539,2520718.68
1722470400,18.546,18.926,18.316,18.443,2187280.0
1722499200,18.442,18.799,17.661,17.732,1521528.03
1722528000,17.733,18.906,16.719,18.672,1597858.12
1722556800,18.671,18.819,17.238,17.407,933515.55
1722585600,17.404,18.685,16.947,17.363,1313903.75
1722614400,17.365,17.385,16.599,16.758,521058.91
1722643200,16.756,16.864,15.705,15.899,689221.45
1722672000,15.911,16.362,15.016,15.09,1558213.39
1722700800,15.09,15.334,14.175,14.908,4162536.69
1722729600,14.909,15.014,14.47,14.762,3196652.15
1722758400,14.762,14.783,13.629,13.644,1724709.98
1722787200,13.648,14.876,13.118,14.305,1569199.4
1722816000,14.303,14.386,11.484,12.875,2603130.95
1722844800,12.877,13.692,12.088,13.376,1641023.57
1722873600,13.375,13.581,12.685,12.961,667286.22
1722902400,12.959,13.884,12.931,13.836,546172.64
1722931200,13.832,14.058,13.277,13.897,545067.57
1722960000,13.902,14.218,13.613,13.715,318219.84
1722988800,13.713,14.153,13.472,13.995,331496.19
1723017600,13.998,14.158,13.29,13.56,316683.59
1723046400,13.561,13.635,13.13,13.302,317303.81
1723075200,13.306,14.097,12.946,13.779,398133.86
1723104000,13.78,14.427,13.692,14.399,322104.63
1723132800,14.401,15.169,14.349,15.031,249097.86
1723161600,15.031,15.895,14.967,15.34,793626.59
1723190400,15.338,15.435,14.944,15.065,284514.5
1723219200,15.062,15.222,14.923,15.151,177273.67
1723248000,15.153,15.29,14.748,14.962,166822.11
1723276800,14.963,15.338,14.838,15.226,174918.93
1723305600,15.224,15.343,15.045,15.176,121189.9
1723334400,15.176,16.164,15.159,15.903,828789.84
1723363200,15.903,16.0,14.798,14.865,362074.37
1723392000,14.865,15.057,14.157,14.279,272097.94
1723420800,14.279,14.857,14.132,14.533,553292.12
1723449600,14.535,15.066,14.202,14.936,477042.41
1723478400,14.939,15.1,14.566,14.896,231062.23
1723507200,14.893,15.164,14.427,14.735,245074.04
1723536000,14.733,15.03,14.6,14.885,226831.54
1723564800,14.888,15.35,14.872,15.07,236879.45
1723593600,15.07,15.125,14.65,14.824,262783.77
1723622400,14.819,15.068,14.24,14.528,342252.74
1723651200,14.527,14.545,14.232,14.431,169897.2
1723680000,14.431,14.567,14.175,14.363,189055.09
1723708800,14.362,14.692,14.287,14.575,184975.01
1723737600,14.574,14.656,13.706,14.032,279367.34
1723766400,14.033,14.544,13.955,14.45,262847.33
1723795200,14.454,14.65,14.054,14.214,340936.61
1723824000,14.206,14.861,14.136,14.649,272500.71
1723852800,14.648,14.648,14.424,14.629,143810.9
1723881600,14.629,15.872,14.505,15.811,518410.79
1723910400,15.819,16.771,15.626,16.332,1381353.51
1723939200,16.332,17.229,16.032,16.963,1600647.0
1723968000,16.963,17.417,16.455,16.652,1193066.0
1723996800,16.651,17.261,16.584,16.846,524373.69
1724025600,16.846,17.329,16.648,16.987,584462.34
1724054400,16.982,17.315,16.674,16.969,602409.96
1724083200,16.979,17.644,16.943,17.282,600563.01
1724112000,17.283,18.8,17.216,18.506,795058.46
1724140800,18.504,19.95,18.407,18.927,2688074.21
1724169600,18.932,20.856,18.885,20.216,2576818.32
1724198400,20.214,22.242,19.74,21.24,5073143.4
1724227200,21.231,21.963,20.44,21.584,4319483.8
1724256000,21.585,22.46,21.31,21.962,2030646.44
1724284800,21.96,23.93,21.812,23.93,3035742.89
1724313600,23.918,23.93,17.35,17.751,13304132.33
1724342400,17.751,18.185,17.57,17.689,3070110.38
1724371200,17.689,18.045,17.498,17.864,2641295.03
1724400000,17.866,17.919,17.208,17.675,2594726.61
1724428800,17.675,18.035,17.502,18.03,1859390.03
1724457600,18.03,18.033,17.587,17.708,1050295.2
1724486400,17.711,18.18,17.668,17.911,1341337.25
1724515200,17.911,18.113,17.389,17.784,1145836.65
1724544000,17.784,17.787,16.744,17.007,1374734.71
1724572800,17.006,17.244,16.89,17.235,794711.5
1724601600,17.233,17.286,16.96,17.046,481998.51
1724630400,17.048,17.105,16.592,16.638,687104.97
1724659200,16.64,16.905,16.479,16.594,687393.55
1724688000,16.591,16.596,15.884,16.06,811965.61
1724716800,16.059,16.23,15.912,15.931,316026.02
1724745600,15.934,15.982,15.406,15.693,791170.29
1724774400,15.691,15.864,14.447,14.949,902132.66
1724803200,14.949,15.117,14.692,14.777,388153.21
1724832000,14.776,15.446,14.676,14.946,530604.05
1724860800,14.944,15.27,14.451,14.959,522093.74
1724889600,14.961,15.586,14.954,15.39,553162.05
1724918400,15.39,15.821,15.324,15.691,442272.81
1724947200,15.691,15.727,15.044,15.346,347245.45
1724976000,15.342,15.403,14.927,15.198,327257.31
1725004800,15.197,15.317,14.468,14.534,442907.06
1725033600,14.538,15.267,14.49,15.232,284125.46
1725062400,15.232,15.267,14.895,14.9,187828.26
1725091200,14.901,14.928,14.685,14.718,187314.09
1725120000,14.722,14.782,14.559,14.712,163256.73
1725148800,14.712,14.715,14.032,14.334,382400.29
1725177600,14.335,14.343,13.808,14.152,389187.29
1725206400,14.15,14.224,13.566,13.71,329926.18
1725235200,13.709,13.959,13.622,13.806,295510.5
1725264000,13.807,14.3,13.752,14.125,326702.34
1725292800,14.126,14.366,14.021,14.193,197078.88
1725321600,14.192,14.425,14.15,14.205,193465.8
1725350400,14.205,14.217,13.212,13.256,404868.06
1725379200,13.255,13.494,13.106,13.248,320780.16
1725408000,13.248,13.433,12.445,13.065,574205.58
1725436800,13.065,13.199,12.763,13.19,345391.28
1725465600,13.186,13.425,13.096,13.248,283991.77
1725494400,13.249,13.272,12.867,13.078,198673.91
1725523200,13.08,13.24,12.75,12.892,227849.11
1725552000,12.889,13.062,12.759,12.948,160677.86
1725580800,12.947,13.211,12.805,12.97,279842.04
1725609600,12.97,13.3,12.653,12.939,493397.17
1725638400,12.939,12.961,12.145,12.711,517109.09
1725667200,12.71,13.02,12.508,13.004,176069.4
1725696000,13.004,13.132,12.957,12.992,164856.38
1725724800,12.99,13.044,12.76,12.87,149963.9
1725753600,12.871,13.1,12.777,13.049,134884.87
1725782400,13.051,13.156,12.656,12.672,177795.96
1725811200,12.669,13.151,12.603,12.973,173168.38
1725840000,12.973,13.083,12.825,13.057,157647.2
1725868800,13.053,13.231,12.944,13.129,239718.92
1725897600,13.13,13.567,13.13,13.384,240504.01
1725926400,13.385,13.63,13.175,13.54,196196.56
1725955200,13.537,13.541,13.318,13.344,210758.75
1725984000,13.342,13.721,13.336,13.575,135006.82
1726012800,13.576,13.609,13.105,13.381,226235.04
1726041600,13.38,13.434,12.901,13.177,315384.45
1726070400,13.177,13.428,13.161,13.261,135977.8
1726099200,13.255,13.647,13.246,13.602,207196.97
1726128000,13.599,13.67,13.301,13.361,211135.52
1726156800,13.36,13.792,13.356,13.751,150967.36
1726185600,13.751,14.648,13.707,14.172,1312323.92
1726214400,14.175,14.797,13.783,14.428,1606704.72
1726243200,14.426,14.652,14.196,14.527,605130.85
1726272000,14.526,14.743,14.278,14.51,661478.37
1726300800,14.512,14.69,14.266,14.569,367447.18
1726329600,14.569,14.877,14.401,14.802,450644.21
1726358400,14.801,14.948,14.571,14.92,380721.21
1726387200,14.92,14.949,14.605,14.947,413197.96
1726416000,14.947,15.01,14.095,14.272,515478.32
1726444800,14.271,14.599,13.9,14.371,570075.98
1726473600,14.371,14.45,13.743,13.86,388100.23
1726502400,13.863,13.914,13.538,13.721,301590.83
1726531200,13.721,13.877,13.478,13.798,204692.57
1726560000,13.799,14.359,13.748,14.249,504595.1
1726588800,14.246,14.325,13.918,14.02,238764.59
1726617600,14.02,15.002,13.854,14.789,794939.31
1726646400,14.79,15.182,14.226,14.31,1119912.65
1726675200,14.308,15.362,14.198,15.234,931441.06
1726704000,15.233,15.584,14.942,15.342,931185.28
1726732800,15.337,15.513,15.141,15.335,421297.83
1726761600,15.334,15.551,15.256,15.397,414590.74
1726790400,15.397,15.75,15.12,15.341,643727.36
1726819200,15.341,15.364,14.756,14.922,631406.9
1726848000,14.921,15.315,14.733,15.183,234336.2
1726876800,15.183,15.261,14.879,15.156,351417.14
1726905600,15.154,15.319,15.021,15.239,207912.2
1726934400,15.238,15.483,15.176,15.426,194843.36
1726963200,15.429,15.973,15.302,15.461,802624.54
1726992000,15.458,15.661,14.857,14.978,486912.8
1727020800,14.977,15.211,14.565,15.076,439726.0
1727049600,15.08,15.388,14.733,15.154,453564.79
1727078400,15.158,15.225,14.888,15.13,358851.18
1727107200,15.126,15.2,14.904,15.124,265771.78
1727136000,15.124,15.254,14.853,15.23,264454.13
1727164800,15.23,15.298,14.65,14.801,371365.34
1727193600,14.798,15.341,14.746,15.225,234583.5
1727222400,15.226,15.409,14.892,15.04,383047.61
1727251200,15.039,15.415,15.03,15.147,286741.17
1727280000,15.15,15.36,14.962,15.029,275752.03
1727308800,15.034,15.533,14.738,15.459,398672.36
1727337600,15.459,15.89,15.295,15.739,504868.25
1727366400,15.743,15.84,15.323,15.635,220330.71
1727395200,15.633,16.345,15.592,16.043,553429.69
1727424000,16.042,16.423,15.906,16.259,531075.29
1727452800,16.26,16.439,16.085,16.351,203378.39
1727481600,16.352,16.506,15.934,15.951,293033.6
1727510400,15.949,16.072,15.52,15.911,377328.31
1727539200,15.91,15.92,15.569,15.581,167177.85
1727568000,15.585,15.73,15.129,15.187,345604.92
1727596800,15.185,15.396,15.065,15.387,365191.13
1727625600,15.388,15.949,15.292,15.595,273698.8
1727654400,15.594,15.687,14.961,15.513,437046.61
1727683200,15.51,15.542,14.868,14.88,377129.56
1727712000,14.883,15.116,14.507,14.667,238527.31
1727740800,14.665,15.231,14.596,15.136,211336.62
1727769600,15.137,15.2,13.429,13.904,606795.56
1727798400,13.906,13.994,12.794,13.4,672881.41
1727827200,13.4,13.679,13.305,13.528,220957.38
1727856000,13.529,13.652,13.076,13.354,352226.67
1727884800,13.35,13.501,12.628,12.914,449008.24
1727913600,12.911,13.181,12.795,12.907,256943.1
1727942400,12.91,13.088,12.488,12.818,565542.52
1727971200,12.811,13.057,12.56,13.028,282033.88
1728000000,13.028,13.393,12.935,13.285,263943.42
1728028800,13.284,13.479,13.11,13.421,305699.14
1728057600,13.427,13.598,13.408,13.563,153984.48
1728086400,13.562,13.76,13.42,13.663,161635.09
1728115200,13.663,13.749,13.506,13.581,104230.06
1728144000,13.58,13.592,13.282,13.477,100988.7
1728172800,13.475,13.681,13.426,13.539,75138.17
1728201600,13.539,13.736,13.453,13.626,108148.54
1728230400,13.628,13.715,13.487,13.646,105359.31
1728259200,13.647,13.939,13.59,13.781,188228.68
1728288000,13.782,13.936,13.339,13.72,330230.81
1728316800,13.722,13.869,13.347,13.384,209178.38
1728345600,13.386,13.636,13.166,13.332,201153.05
1728374400,13.329,13.637,13.221,13.353,267815.74
1728403200,13.352,13.511,13.23,13.444,109371.61
1728432000,13.444,13.624,13.339,13.464,149394.08
1728460800,13.458,13.544,13.143,13.462,177684.02
1728489600,13.459,13.479,12.932,13.104,195894.7
1728518400,13.103,13.318,12.989,13.123,126194.67
1728547200,13.126,13.228,12.927,13.108,191955.54
1728576000,13.109,13.21,12.659,13.21,188198.52
1728604800,13.21,13.347,13.059,13.281,117935.82
1728633600,13.277,13.476,13.261,13.417,182162.76
1728662400,13.416,13.534,13.369,13.504,121526.4
1728691200,13.503,13.591,13.403,13.554,123546.55
1728720000,13.553,13.672,13.476,13.596,123109.96
1728748800,13.595,13.658,13.492,13.512,94567.7
1728777600,13.515,13.647,13.379,13.542,117416.67
1728806400,13.535,13.673,13.101,13.198,203977.04
1728835200,13.202,13.582,13.082,13.506,186687.99
1728864000,13.507,13.911,13.34,13.856,262396.07
1728892800,13.854,14.138,13.732,14.054,250097.77
1728921600,14.055,14.142,13.965,14.039,127106.81
1728950400,14.041,14.211,13.674,13.83,203784.6
1728979200,13.827,13.995,13.151,13.462,464199.32
1729008000,13.461,13.802,13.393,13.791,163057.19
1729036800,13.791,13.913,13.429,13.506,161027.87
1729065600,13.507,13.702,13.348,13.387,183757.97
1729094400,13.389,13.539,13.297,13.413,81105.75
1729123200,13.411,13.523,13.193,13.289,113764.45
1729152000,13.29,13.349,13.01,13.289,187400.52
1729180800,13.288,13.292,12.965,13.2,135910.98
1729209600,13.202,13.422,13.134,13.353,116516.88
1729238400,13.352,13.397,13.158,13.36,100474.97
1729267200,13.361,13.498,13.307,13.479,75755.84
1729296000,13.48,13.776,13.465,13.661,141455.2
1729324800,13.662,13.696,13.422,13.595,113796.28
1729353600,13.596,13.627,13.463,13.526,110070.98
1729382400,13.532,13.632,13.332,13.534,113967.07
1729411200,13.537,13.925,13.515,13.888,240943.08
1729440000,13.889,13.979,13.711,13.939,167956.48
1729468800,13.935,14.071,13.72,13.729,182456.72
1729497600,13.728,13.817,13.265,13.473,278512.72
1729526400,13.474,13.58,13.263,13.415,107807.89
1729555200,13.416,13.691,13.23,13.552,153715.97
1729584000,13.551,13.564,13.15,13.417,228173.28
1729612800,13.414,13.567,13.223,13.485,121010.46
1729641600,13.484,13.888,13.443,13.565,514030.94
1729670400,13.568,13.638,13.08,13.178,301912.85
1729699200,13.174,13.266,12.688,13.16,288860.0
1729728000,13.165,14.249,13.067,13.855,1138244.94
1729756800,13.854,14.161,13.386,13.608,2288777.31
1729785600,13.609,13.887,13.521,13.715,314494.31
1729814400,13.719,14.445,13.674,13.808,1741433.19
1729843200,13.814,14.069,13.468,13.524,521919.01
1729872000,13.524,13.805,12.311,12.96,859542.9
1729900800,12.96,13.207,12.625,12.935,488724.22
1729929600,12.937,12.996,12.492,12.559,313724.79
1729958400,12.562,13.016,12.467,12.872,185443.06
1729987200,12.874,13.276,12.803,13.099,290858.41
1730016000,13.1,13.206,12.971,13.188,254511.55
1730044800,13.189,13.255,13.044,13.119,171172.38
1730073600,13.123,13.202,12.552,12.784,298749.61
1730102400,12.781,12.91,12.647,12.649,237073.99
1730131200,12.648,13.221,12.489,13.021,217258.97
1730160000,13.022,13.293,12.958,13.092,240262.66
1730188800,13.093,13.262,13.076,13.239,226740.5
1730217600,13.237,13.515,13.099,13.378,253507.81
1730246400,13.376,13.554,13.307,13.344,238975.8
1730275200,13.347,13.405,13.08,13.193,277146.6
1730304000,13.194,13.341,13.102,13.148,143218.47
1730332800,13.147,13.179,12.88,12.9,200450.38
1730361600,12.899,13.05,12.641,12.811,289187.09
1730390400,12.811,12.869,12.515,12.68,173224.22
1730419200,12.681,12.685,12.214,12.29,306409.93
1730448000,12.293,12.826,12.2,12.353,251384.12
1730476800,12.351,12.578,12.214,12.396,188108.07
1730505600,12.397,12.537,12.375,12.451,112821.15
1730534400,12.451,12.479,12.134,12.232,160194.99
1730563200,12.234,12.39,12.133,12.344,78284.53
1730592000,12.349,12.384,11.7,11.954,302154.3
1730620800,11.958,12.047,11.291,11.53,339908.38
1730649600,11.528,11.799,11.345,11.692,190271.63
1730678400,11.692,11.863,11.529,11.558,173796.2
1730707200,11.557,11.811,11.464,11.557,209983.96
1730736000,11.558,11.575,11.067,11.33,276137.26
1730764800,11.324,11.566,11.323,11.521,157644.18
1730793600,11.523,11.864,11.478,11.729,195237.64
1730822400,11.73,11.883,11.515,11.721,180906.4
1730851200,11.721,12.984,11.721,12.685,933545.48
1730880000,12.685,12.798,12.412,12.722,273913.06
1730908800,12.725,13.212,12.699,13.16,162842.87
1730937600,13.158,13.293,12.673,12.854,276687.12
1730966400,12.852,13.8,12.721,13.381,390911.53
1730995200,13.38,14.623,13.362,13.548,1828371.38
1731024000,13.548,13.648,13.03,13.157,348663.99
1731052800,13.155,13.791,13.038,13.678,683960.1
1731081600,13.679,13.892,13.181,13.777,480286.47
1731110400,13.778,14.5,13.642,14.04,985771.9
1731139200,14.04,14.645,13.934,14.054,570972.4
1731168000,14.053,14.393,13.682,14.383,310291.42
1731196800,14.381,14.395,13.874,14.333,504614.29
1731225600,14.336,14.916,14.335,14.915,617186.36
1731254400,14.915,15.1,13.75,14.723,780004.08
1731283200,14.728,15.281,14.148,14.549,651733.14
1731312000,14.549,14.79,14.246,14.454,476378.67
1731340800,14.46,15.074,14.393,15.032,453257.84
1731369600,15.031,15.094,14.403,14.919,703381.77
1731398400,14.917,15.107,13.43,13.811,1229305.78
1731427200,13.815,14.919,13.545,14.794,534450.84
1731456000,14.796,14.887,13.255,13.704,795634.68
1731484800,13.707,14.612,13.421,14.476,542207.59
1731513600,14.477,14.708,13.486,14.006,656218.58
1731542400,14.007,14.636,13.647,14.4,506891.4
1731571200,14.399,14.494,13.277,13.436,559693.12
1731600000,13.435,13.816,13.024,13.262,353088.38
1731628800,13.26,13.421,12.839,13.173,366617.96
1731657600,13.173,13.732,13.008,13.238,466324.92
1731686400,13.233,14.029,13.144,13.973,253280.21
1731715200,13.973,14.095,13.862,13.997,199287.45
1731744000,13.996,14.502,13.898,14.067,388170.28
1731772800,14.066,14.585,13.933,14.478,226748.32
1731801600,14.48,14.588,13.545,14.179,384064.04
1731830400,14.18,14.346,13.969,14.034,264627.66
1731859200,14.03,14.097,13.444,13.733,227434.55
1731888000,13.735,14.344,13.659,14.332,305983.2
1731916800,14.333,14.465,13.77,14.331,322451.27
1731945600,14.332,14.52,13.91,14.405,291819.68
1731974400,14.411,16.048,14.311,15.198,2544854.32
1732003200,15.195,15.269,14.452,14.756,831634.64
1732032000,14.763,14.874,14.051,14.461,394120.66
1732060800,14.462,14.462,13.477,13.876,544423.06
1732089600,13.88,14.039,13.583,13.88,325405.61
1732118400,13.881,13.908,13.064,13.389,422794.71
1732147200,13.386,13.58,12.891,13.533,368501.59
1732176000,13.53,14.079,13.232,13.754,465903.34
1732204800,13.757,14.063,13.756,13.992,205868.87
1732233600,13.992,14.091,13.727,13.83,213617.05
1732262400,13.827,14.12,13.548,13.908,559488.8
1732291200,13.908,14.096,13.556,14.095,233238.55
1732320000,14.097,14.499,13.987,14.323,444595.7
1732348800,14.322,14.908,14.198,14.85,519622.51
1732377600,14.851,14.987,14.126,14.849,841715.07
1732406400,14.848,15.79,14.727,15.591,667471.15
1732435200,15.591,15.796,14.109,14.258,1062162.55
1732464000,14.261,15.472,14.003,15.46,458612.38
1732492800,15.463,15.82,14.807,15.696,550762.21
1732521600,15.702,16.051,14.982,15.736,601642.78
1732550400,15.735,15.864,15.016,15.334,498347.16
1732579200,15.331,16.089,15.151,15.562,413923.27
1732608000,15.561,15.59,14.425,14.684,640960.92
1732636800,14.682,15.521,14.519,15.481,366595.78
1732665600,15.481,16.718,15.151,15.861,942874.18
1732694400,15.857,16.244,15.537,16.14,504111.17
1732723200,16.145,17.164,15.985,16.844,1110625.86
1732752000,16.846,17.322,16.459,16.546,583392.36
1732780800,16.546,17.13,15.855,15.888,689975.6
1732809600,15.892,16.348,15.708,16.101,335572.42
1732838400,16.102,16.234,15.769,15.787,404315.9
1732867200,15.791,16.512,15.786,16.293,312935.62
1732896000,16.297,16.54,16.139,16.422,166818.3
1732924800,16.421,16.814,16.181,16.728,276215.7
1732953600,16.725,17.52,16.272,17.442,592348.45
1732982400,17.441,18.889,17.271,18.234,1251209.33
1733011200,18.234,19.737,17.755,19.204,1844412.99
1733040000,19.209,20.898,18.625,19.846,4413367.42
1733068800,19.851,20.098,19.19,19.584,1254728.85
1733097600,19.583,19.853,18.322,18.828,1345328.29
1733126400,18.828,19.325,17.758,19.232,1587767.67
1733155200,19.232,19.31,18.019,19.082,821969.82
1733184000,19.083,19.68,18.5,19.214,870786.56
1733212800,19.213,19.972,18.01,18.962,1890789.1
1733241600,18.962,19.956,18.481,19.747,841010.87
1733270400,19.748,20.62,19.275,20.547,807785.84
1733299200,20.545,21.119,20.046,20.379,1097695.81
1733328000,20.38,20.668,19.147,20.06,1056105.77
1733356800,20.06,20.239,18.909,20.003,1155218.92
1733385600,20.008,20.966,19.661,20.508,1044170.85
1733414400,20.512,20.866,19.302,20.276,998648.22
1733443200,20.274,21.445,20.039,21.106,748506.09
1733472000,21.108,22.488,20.634,21.562,1817536.59
1733500800,21.561,21.874,21.348,21.655,441461.94
1733529600,21.652,21.836,20.736,20.926,433822.48
1733558400,20.931,21.429,20.633,20.805,497197.63
1733587200,20.807,20.901,20.426,20.69,341532.31
1733616000,20.7,20.771,19.921,20.182,323441.37
1733644800,20.181,20.277,19.6,20.252,389848.91
1733673600,20.255,20.849,20.001,20.797,267126.67
1733702400,20.792,20.823,19.098,19.385,554532.52
1733731200,19.387,19.387,18.2,18.629,762027.34
1733760000,18.631,19.015,13.735,16.534,1906712.13
1733788800,16.535,16.797,15.11,16.004,879991.11
1733817600,16.004,16.276,14.541,14.594,936338.5
1733846400,14.605,15.607,14.124,15.291,922858.54
1733875200,15.293,15.584,14.653,15.237,386146.94
1733904000,15.237,16.531,15.215,16.405,421017.38
1733932800,16.408,16.893,16.357,16.745,281053.49
1733961600,16.744,18.56,16.677,18.0,731417.6
1733990400,18.003,18.77,17.81,18.622,1022443.76
1734019200,18.623,19.553,18.439,18.602,1318658.74
1734048000,18.602,19.032,17.851,18.17,573741.19
1734076800,18.173,19.197,18.069,18.831,459588.25
1734105600,18.826,20.914,18.779,20.334,1602665.38
1734134400,20.334,21.25,19.829,20.493,1187284.83
1734163200,20.492,20.62,19.159,20.053,822867.61
1734192000,20.051,20.091,19.542,19.932,559176.17
1734220800,19.931,20.197,19.451,19.649,578003.04
1734249600,19.649,21.45,19.549,21.324,1376546.58
1734278400,21.328,21.864,20.619,21.642,1080774.61
1734307200,21.643,23.616,20.847,20.982,1849795.17
1734336000,20.984,21.011,19.821,20.101,723252.79
1734364800,20.108,21.7,20.039,21.015,838225.1
1734393600,21.016,21.313,19.978,20.419,847650.19
1734422400,20.416,20.691,18.972,19.14,648195.79
1734451200,19.139,19.59,18.669,18.704,402546.32
1734480000,18.707,18.992,18.157,18.49,481203.24
1734508800,18.492,19.901,18.206,18.832,735635.01
1734537600,18.834,19.338,16.746,17.513,1025318.88
1734566400,17.516,18.902,16.461,17.876,935287.06
1734595200,17.875,18.62,17.151,17.544,557825.43
1734624000,17.544,17.593,15.508,16.256,1168652.85
1734652800,16.26,17.577,15.927,17.15,1098508.25
1734681600,17.148,18.152,15.317,17.955,1517956.36
1734710400,17.959,19.499,17.755,19.235,1235486.36
1734739200,19.23,20.973,18.899,19.624,1869674.32
1734768000,19.625,20.235,18.5,19.285,919137.95
1734796800,19.283,19.368,18.491,19.057,664155.51
1734825600,19.056,19.07,18.258,18.579,730289.23
1734854400,18.576,19.253,17.97,18.058,835240.16
1734883200,18.057,18.865,17.563,18.382,687290.37
1734912000,18.385,18.906,17.478,17.743,628643.37
1734940800,17.745,18.438,17.49,17.528,460634.75
1734969600,17.525,19.38,17.494,18.969,496387.17
1734998400,18.97,22.153,18.844,20.732,2463139.17
1735027200,20.739,22.903,20.416,22.337,2151288.3
1735056000,22.34,23.113,21.443,21.788,1338473.54
1735084800,21.787,25.722,20.471,20.557,4263109.9
1735113600,20.558,20.728,19.051,19.215,2045832.44
1735142400,19.213,19.568,18.414,18.786,1606716.62
1735171200,18.787,18.838,17.518,17.636,1939961.81
1735200000,17.635,17.958,17.148,17.288,1602044.44
1735228800,17.286,18.1,17.073,17.797,1066810.7
1735257600,17.797,18.271,17.377,17.531,1422488.66
1735286400,17.531,18.267,17.48,17.634,931702.33
1735315200,17.631,18.347,17.511,17.775,625876.43
1735344000,17.776,17.776,17.193,17.248,409011.11
1735372800,17.249,17.926,17.236,17.664,430263.09
1735401600,17.664,18.256,17.647,18.078,350593.27
1735430400,18.079,18.121,17.532,17.878,336364.39
1735459200,17.881,18.195,17.561,17.585,360020.45
1735488000,17.586,17.659,17.044,17.255,299582.84
1735516800,17.255,17.934,17.101,17.638,350659.15
1735545600,17.636,17.742,16.538,16.774,461443.05
1735574400,16.77,17.586,16.636,17.228,316625.56
1735603200,17.227,17.887,16.721,17.635,489853.93
1735632000,17.641,18.48,17.606,18.241,878223.24
1735660800,18.244,18.649,18.0,18.306,507718.61
1735689600,18.304,18.521,18.074,18.372,446008.71
1735718400,18.372,18.66,16.071,16.736,1724407.72
1735747200,16.738,17.035,16.501,16.92,486693.02
1735776000,16.919,17.169,16.705,17.149,607352.51
1735804800,17.152,17.45,17.009,17.114,493778.77
1735833600,17.115,17.308,16.8,17.074,280521.94
1735862400,17.072,17.211,16.62,16.66,286097.36
1735891200,16.662,17.362,16.592,17.345,356186.46
1735920000,17.342,17.585,17.257,17.468,292448.89
1735948800,17.468,18.221,17.464,18.181,995397.1
1735977600,18.181,18.261,17.633,17.794,582943.61
1736006400,17.792,18.146,17.728,17.931,287324.05
1736035200,17.932,17.953,17.451,17.744,320242.13
1736064000,17.745,17.93,17.516,17.826,311969.67
1736092800,17.829,17.98,17.581,17.853,168369.98
1736121600,17.853,17.952,17.415,17.662,296397.78
1736150400,17.666,18.237,17.527,18.166,391396.17
1736179200,18.167,18.302,17.7,17.932,283883.33
1736208000,17.932,18.08,17.666,17.719,206238.06
1736236800,17.721,17.807,16.603,16.864,640850.55
1736265600,16.864,16.999,16.115,16.125,398187.78
1736294400,16.126,16.3,15.148,15.42,464800.01
1736323200,15.42,15.699,15.064,15.475,436036.12
1736352000,15.478,15.543,14.504,15.418,514076.37
1736380800,15.417,15.827,15.216,15.258,336226.26
1736409600,15.262,15.955,15.023,15.78,464213.51
1736438400,15.784,15.845,14.972,15.467,296406.35
1736467200,15.464,15.814,15.32,15.722,323272.74
1736496000,15.721,15.808,15.062,15.395,434496.76
1736524800,15.396,15.802,15.206,15.665,203751.95
1736553600,15.665,15.755,15.253,15.379,158999.18
1736582400,15.381,15.602,15.267,15.412,131381.72
1736611200,15.41,15.77,15.292,15.488,158690.15
1736640000,15.489,15.56,15.261,15.36,127210.07
1736668800,15.362,15.509,15.118,15.476,155476.73
1736697600,15.479,15.531,14.956,15.159,114975.13
1736726400,15.16,15.534,14.347,14.563,278012.14
1736755200,14.563,14.577,13.2,13.944,708440.29
1736784000,13.947,14.442,13.374,14.312,321149.71
1736812800,14.315,14.493,14.175,14.339,181707.91
1736841600,14.339,14.825,14.339,14.608,228769.0
1736870400,14.606,14.898,14.477,14.782,132424.95
1736899200,14.784,14.867,14.517,14.666,179866.65
1736928000,14.67,15.436,14.288,15.375,338998.32
1736956800,15.377,15.596,15.149,15.567,164356.53
1736985600,15.565,15.588,15.18,15.37,135887.5
1737014400,15.371,15.527,14.801,15.277,324462.9
1737043200,15.275,15.517,15.028,15.163,159009.82
1737072000,15.164,15.608,15.153,15.503,123023.43
1737100800,15.5,15.773,15.442,15.648,235318.56
1737129600,15.649,16.012,15.555,15.888,167304.42
1737158400,15.89,16.085,14.8,14.832,241061.33
1737187200,14.834,15.216,14.628,14.778,306340.91
1737216000,14.78,14.851,14.313,14.653,272632.03
1737244800,14.654,15.144,14.277,14.352,234147.39
1737273600,14.35,14.558,13.278,14.385,570120.36
1737302400,14.387,14.656,12.885,13.183,694085.64
1737331200,13.18,14.346,12.574,13.931,836223.56
1737360000,13.931,14.151,13.224,13.302,293613.15
1737388800,13.302,13.572,12.659,13.23,567086.45
1737417600,13.228,13.281,12.643,12.981,302502.86
1737446400,12.983,13.609,12.872,13.403,287518.61
1737475200,13.402,13.943,13.355,13.622,199176.45
1737504000,13.621,13.784,13.443,13.616,134475.41
1737532800,13.621,13.905,13.48,13.602,160712.8
1737561600,13.603,13.856,13.455,13.528,178440.87
1737590400,13.527,13.527,13.041,13.392,292858.81
1737619200,13.39,13.462,13.004,13.34,206996.13
1737648000,13.343,13.6,12.84,13.287,304404.55
1737676800,13.288,13.369,12.676,13.189,210935.33
1737705600,13.191,13.468,13.113,13.227,131624.06
1737734400,13.228,13.29,12.624,12.774,236021.71
1737763200,12.774,13.039,12.601,12.756,138411.95
1737792000,12.757,13.115,12.701,13.047,79622.18
1737820800,13.048,13.129,12.932,12.987,71619.75
1737849600,12.99,13.287,12.905,13.237,91089.82
1737878400,13.236,13.323,13.025,13.275,83990.77
1737907200,13.276,13.363,12.68,12.698,113151.81
1737936000,12.7,12.764,11.421,11.755,334973.22
1737964800,11.756,12.236,11.504,12.142,271051.45
1737993600,12.141,12.434,11.773,12.287,144348.65
1738022400,12.288,12.6,12.152,12.308,169162.75
1738051200,12.314,12.392,12.044,12.237,140380.24
1738080000,12.237,12.253,11.528,11.636,127784.7
1738108800,11.636,12.148,11.555,12.118,83419.4
1738137600,12.118,12.168,11.67,11.787,89571.5
1738166400,11.785,12.41,11.66,11.958,209981.61
1738195200,11.959,12.232,11.84,12.187,134085.25
1738224000,12.185,12.485,12.105,12.408,110798.09
1738252800,12.409,12.523,12.308,12.382,84089.93
1738281600,12.382,12.882,12.362,12.78,208016.84
1738310400,12.78,13.125,12.609,13.059,319387.05
1738339200,13.064,13.099,12.382,12.53,168848.75
1738368000,12.529,12.642,12.407,12.484,102103.07
1738396800,12.481,12.541,11.974,12.079,132055.74
1738425600,12.081,12.157,11.17,11.224,182780.62
1738454400,11.224,11.542,10.91,11.046,190526.49
1738483200,11.043,11.252,10.646,10.762,198535.23
1738512000,10.762,10.764,8.905,9.457,939503.44
1738540800,9.458,9.461,7.024,8.65,1645387.13
1738569600,8.648,9.306,8.26,9.206,753181.91
1738598400,9.201,9.949,9.116,9.778,368113.77
1738627200,9.777,9.918,8.804,8.838,377096.17
1738656000,8.84,9.352,8.781,9.142,312065.47
1738684800,9.147,9.443,8.76,9.037,325188.83
1738713600,9.037,9.161,8.891,8.983,165396.96
1738742400,8.982,9.164,8.875,9.005,139604.53
1738771200,9.007,9.042,8.621,8.799,173910.39
1738800000,8.793,8.986,8.704,8.842,111448.31
1738828800,8.842,8.907,8.291,8.343,218692.28
1738857600,8.342,8.58,8.294,8.441,220862.61
1738886400,8.443,8.662,8.324,8.489,145331.47
1738915200,8.49,9.075,8.445,8.877,193064.67
1738944000,8.879,8.883,8.28,8.55,175461.43
1738972800,8.551,8.632,8.382,8.517,111963.66
1739001600,8.516,8.656,8.375,8.554,138868.25
1739030400,8.556,9.109,8.496,9.088,132520.45
1739059200,9.086,10.263,9.007,9.758,1434874.4
1739088000,9.756,10.195,9.442,9.526,1206066.51
1739116800,9.528,9.588,8.915,9.375,448452.14
1739145600,9.376,9.5,8.913,9.179,407916.06
1739174400,9.178,9.461,9.049,9.3,348376.39
1739203200,9.302,9.541,9.272,9.485,191711.85
1739232000,9.485,9.89,9.469,9.756,251292.47
1739260800,9.757,9.817,9.423,9.499,235699.19
1739289600,9.5,9.571,9.144,9.289,191884.34
1739318400,9.289,9.339,9.043,9.234,194607.1
1739347200,9.234,9.482,8.946,9.478,282449.32
1739376000,9.478,10.508,9.41,10.266,404995.46
1739404800,10.269,10.398,9.975,9.998,288591.78
1739433600,9.998,13.304,9.858,11.568,4729035.2
1739462400,11.563,12.988,10.951,11.722,9605924.78
1739491200,11.725,12.234,11.101,11.277,3774336.04
1739520000,11.28,11.55,10.884,11.288,2347544.93
1739548800,11.292,11.696,11.076,11.336,1191796.81
1739577600,11.337,11.545,10.925,11.058,870028.9
1739606400,11.058,11.932,10.851,10.908,1519459.83
1739635200,10.909,11.166,10.716,10.856,632901.3
1739664000,10.856,10.949,10.505,10.617,538285.68
1739692800,10.615,11.145,10.576,11.001,673971.76
1739721600,11.001,11.162,10.828,11.061,553910.66
1739750400,11.059,11.32,10.633,10.665,674633.78
1739779200,10.664,11.0,10.567,10.636,463272.48
1739808000,10.636,10.777,10.528,10.713,421604.93
1739836800,10.713,11.098,10.178,10.197,903709.04
1739865600,10.198,10.761,9.848,10.674,910383.47
1739894400,10.674,11.792,10.325,11.681,1634902.83
1739923200,11.68,12.176,11.227,12.057,1759652.13
1739952000,12.054,12.356,11.779,12.207,2263801.25
1739980800,12.206,12.884,11.977,12.308,2332776.68
1740009600,12.306,12.996,12.215,12.843,1488927.2
1740038400,12.843,13.266,12.593,13.017,1333591.79
1740067200,13.015,13.548,12.904,13.058,1096569.63
1740096000,13.059,13.417,12.962,13.219,803846.31
1740124800,13.219,13.784,12.978,13.127,724853.72
1740153600,13.126,13.575,12.974,13.068,757699.34
1740182400,13.068,14.409,12.639,12.676,2432492.94
1740211200,12.679,12.802,12.456,12.684,438859.34
1740240000,12.683,13.102,12.683,12.796,346946.08
1740268800,12.797,13.216,12.608,12.889,438052.1
1740297600,12.885,14.148,12.86,13.464,1851955.0
1740326400,13.465,14.378,13.414,13.88,1492421.74
1740355200,13.88,14.399,13.568,14.259,2204855.59
1740384000,14.25,14.682,13.939,14.191,2542471.22
1740412800,14.195,14.85,14.134,14.65,1490059.9
1740441600,14.65,15.649,14.317,15.522,2660857.26
1740470400,15.529,16.199,15.153,15.678,2302445.25
1740499200,15.681,16.68,15.593,16.139,1150474.93
1740528000,16.141,18.275,16.027,16.734,2342437.55
1740556800,16.73,17.014,14.542,16.47,3647437.46
1740585600,16.47,16.556,15.425,15.697,1272833.5
1740614400,15.697,16.218,14.962,15.12,1169266.62
1740643200,15.117,15.499,14.781,14.853,721668.27
1740672000,14.855,15.194,14.787,15.007,559840.46
1740700800,15.007,15.244,13.7,13.796,1569804.23
1740729600,13.796,14.431,13.383,14.24,933581.24
1740758400,14.24,14.662,14.099,14.465,382738.39
1740787200,14.466,14.539,14.027,14.31,357838.39
1740816000,14.31,14.877,13.24,13.257,616801.2
1740844800,13.257,13.462,12.957,13.447,584665.34
1740873600,13.446,14.256,13.004,14.178,783249.01
1740902400,14.177,14.603,13.713,13.926,978591.52
1740931200,13.927,14.34,13.602,13.8,808118.39
1740960000,13.8,14.444,13.578,14.199,892013.32
1740988800,14.199,14.637,13.282,13.333,1380484.35
1741017600,13.336,13.498,12.317,12.333,916457.68
1741046400,12.334,12.334,11.141,11.623,936565.8
1741075200,11.623,11.909,11.239,11.822,574497.81
1741104000,11.822,12.464,11.414,11.998,548029.0
1741132800,11.995,12.07,11.568,11.646,275430.5
1741161600,11.645,11.911,11.585,11.68,340782.24
1741190400,11.68,11.822,11.54,11.722,254041.88
1741219200,11.722,11.726,11.373,11.486,278260.25
1741248000,11.486,12.027,11.452,11.944,360397.55
1741276800,11.945,12.942,11.669,12.681,1274272.57
1741305600,12.681,13.861,12.217,13.756,3361770.3
1741334400,13.753,16.07,13.384,15.091,7360423.12
1741363200,15.088,16.368,14.906,15.245,7524771.72
1741392000,15.243,16.92,14.991,16.003,6330050.47
1741420800,16.003,16.16,14.569,16.032,6914661.11
1741449600,16.033,16.918,15.731,16.786,3997741.11
1741478400,16.786,17.295,15.897,16.707,4547930.57
1741507200,16.707,17.222,16.06,16.755,4119903.69
1741536000,16.754,17.366,16.459,16.97,3001843.09
1741564800,16.97,17.88,16.596,17.767,3500165.49
1741593600,17.766,20.45,17.651,19.201,9141585.1
1741622400,19.201,19.885,18.665,19.654,3358355.79
1741651200,19.652,20.094,18.365,19.611,3837992.07
1741680000,19.611,21.998,19.077,21.622,6110599.3
1741708800,21.622,28.541,21.521,26.018,9788324.09
1741737600,26.017,26.973,22.748,24.217,7478261.48
1741766400,24.215,25.878,23.823,25.558,5541361.97
1741795200,25.557,26.3,24.58,25.262,3005216.02
1741824000,25.263,26.4,24.338,24.693,3418036.68
1741852800,24.691,26.999,23.25,25.546,4838388.39
1741881600,25.545,29.11,25.132,25.733,6278747.35
1741910400,25.734,26.571,24.678,24.876,3221112.04
1741939200,24.877,28.347,24.877,26.989,4706295.31
1741968000,26.987,29.455,26.729,27.638,4243091.17
1741996800,27.638,27.644,25.042,25.913,2749220.69
1742025600,25.913,26.285,25.306,25.665,1822884.08
1742054400,25.665,26.866,25.532,26.234,1547907.21
1742083200,26.236,32.706,25.636,30.588,7437702.42
1742112000,30.587,35.0,30.0,33.591,15931141.69
1742140800,33.587,36.574,33.418,34.684,9374832.78
1742169600,34.683,37.249,33.666,35.756,9588812.57
1742198400,35.755,35.953,30.867,32.265,10062140.87
1742227200,32.263,33.339,31.473,32.294,2462292.97
1742256000,32.293,32.88,29.681,29.926,4737747.31
1742284800,29.926,35.295,29.81,33.146,6010327.63
1742313600,33.145,39.411,32.153,37.541,6423847.84
1742342400,37.544,39.93,36.306,37.439,6095179.66
1742371200,37.439,40.99,36.55,37.283,8600053.11
1742400000,37.284,41.284,37.179,40.044,5626666.28
1742428800,40.039,41.74,38.714,41.492,4596118.99
1742457600,41.494,47.429,40.329,47.336,9768011.53
1742486400,47.336,47.343,42.534,45.386,6263096.07
1742515200,45.386,47.2,44.114,44.497,5682055.76
1742544000,44.497,49.4,43.708,47.674,6273403.64
1742572800,47.676,68.0,47.119,51.502,12106492.9
1742601600,51.502,60.351,43.033,59.106,16290194.66
1742630400,59.182,61.23,54.2,55.973,9941990.04
1742659200,55.971,57.049,30.332,31.253,23139179.46
1742688000,31.25,32.572,23.03,24.446,29239131.33
1742716800,24.446,26.177,21.225,21.986,20963108.53
1742745600,21.985,22.364,19.154,20.712,22782227.7
1742774400,20.712,21.799,19.703,20.579,15600323.65
1742803200,20.578,22.298,20.378,20.893,9673945.31
1742832000,20.893,21.4,20.352,21.305,4475165.07
1742860800,21.305,21.648,19.848,20.137,5839241.6
1742889600,20.136,20.243,18.543,19.041,5014912.04
1742918400,19.039,19.9,19.016,19.755,3324323.88
1742947200,19.754,19.846,18.989,19.562,3172784.41
1742976000,19.562,19.756,18.501,18.694,4576902.76
1743004800,18.695,18.739,18.201,18.537,2330810.4
1743033600,18.534,18.985,18.272,18.657,2279609.16
1743062400,18.661,18.963,17.529,17.667,3762347.45
1743091200,17.667,17.763,17.21,17.415,2247042.7
1743120000,17.413,19.853,16.9,18.044,10708119.37
1743148800,18.045,18.239,16.645,17.006,4223698.69
1743177600,17.006,18.077,16.37,17.877,3373069.62
1743206400,17.876,18.9,17.59,18.075,6523616.49
1743235200,18.076,18.35,17.32,17.602,4145376.54
1743264000,17.603,18.005,16.837,17.606,3030242.05
1743292800,17.605,17.901,17.018,17.246,1849826.05
1743321600,17.243,17.362,16.301,16.85,1989540.38
1743350400,16.848,17.158,16.498,16.951,2213364.1
1743379200,16.955,16.964,16.107,16.617,3210223.49
1743408000,16.617,16.977,15.456,15.719,7428312.41
1743436800,15.72,15.986,15.321,15.724,2119722.07
1743465600,15.724,16.454,15.52,15.807,1931905.78
1743494400,15.809,16.11,15.056,15.345,1908541.16
1743523200,15.346,15.41,14.8,15.052,1305714.0
1743552000,15.052,15.07,14.1,14.27,2272940.89
1743580800,14.272,14.634,13.961,14.35,1894799.37
1743609600,14.35,14.889,13.765,14.299,3690760.58
1743638400,14.299,14.599,14.07,14.311,1670271.91
1743667200,14.31,14.597,13.117,13.218,4940457.99
1743696000,13.217,13.856,13.122,13.439,1962105.74
1743724800,13.44,13.472,12.947,13.116,1428491.39
1743753600,13.117,13.202,12.551,12.866,2223045.81
1743782400,12.866,13.609,12.559,13.165,1973330.54
1743811200,13.165,14.665,13.114,14.28,4960638.25
1743840000,14.28,15.631,14.059,14.219,6134128.77
1743868800,14.218,15.238,14.132,15.102,3474832.31
1743897600,15.101,16.833,14.912,15.772,8469740.87
1743926400,15.771,15.828,14.33,14.671,5143774.91
1743955200,14.672,15.14,13.359,13.798,5935364.67
1743984000,13.799,14.092,11.959,12.14,6695329.47
1744012800,12.141,13.4,12.087,12.772,4469104.42
1744041600,12.771,13.048,12.575,12.857,1553984.94
1744070400,12.856,12.943,12.048,12.169,2700453.12
1744099200,12.169,12.839,12.019,12.229,2280916.53
1744128000,12.229,12.397,11.628,11.774,2157622.08
1744156800,11.773,12.177,11.378,11.896,3399961.19
1744185600,11.895,12.243,11.672,11.801,1920059.49
1744214400,11.801,12.671,11.764,12.544,2236577.23
1744243200,12.543,12.543,11.784,11.958,1583421.24
1744272000,11.957,12.141,11.552,11.589,1471653.13
1744300800,11.589,11.975,11.469,11.904,1194295.83
1744329600,11.905,14.029,11.894,13.171,7313905.23
1744358400,13.168,13.513,12.694,12.782,3072149.74
1744387200,12.782,13.188,12.659,13.071,1520820.23
1744416000,13.072,13.072,12.237,12.347,1768831.1
1744444800,12.346,12.74,12.324,12.721,1430955.48
1744473600,12.72,13.125,12.653,12.997,1106921.98
1744502400,12.997,13.05,12.376,12.454,1063279.08
1744531200,12.455,12.583,12.2,12.303,891962.81
1744560000,12.302,12.689,11.737,12.152,1444434.44
1744588800,12.149,12.443,11.937,12.242,1188488.04
1744617600,12.242,12.426,12.036,12.069,832218.89
1744646400,12.069,12.193,11.934,12.085,595061.71
1744675200,12.084,12.112,11.804,12.086,574244.73
1744704000,12.087,12.313,11.869,12.024,836268.32
1744732800,12.023,12.213,11.758,12.011,626680.75
1744761600,12.012,12.04,11.475,11.562,833557.26
1744790400,11.561,11.727,11.161,11.197,872270.15
1744819200,11.199,11.292,10.84,11.084,977207.6
1744848000,11.084,11.48,10.951,11.093,881827.48
1744876800,11.093,11.186,10.936,11.075,583160.57
1744905600,11.076,11.414,11.011,11.348,563619.27
1744934400,11.348,11.516,11.146,11.371,744486.43
1744963200,11.371,11.558,11.328,11.413,464668.29
1744992000,11.415,11.453,11.208,11.376,437405.51
1745020800,11.375,11.575,11.157,11.405,483942.42
1745049600,11.404,11.574,11.262,11.516,412986.95
1745078400,11.517,11.647,11.417,11.489,365403.19
1745107200,11.489,11.559,11.292,11.419,461814.69
1745136000,11.419,11.466,11.126,11.17,461545.3
1745164800,11.169,11.33,11.05,11.298,388039.44
1745193600,11.298,11.511,11.229,11.477,539461.86
1745222400,11.477,11.597,11.368,11.465,466068.73
1745251200,11.465,11.544,11.146,11.311,441055.6
1745280000,11.312,11.34,10.868,11.123,617001.5
1745308800,11.124,11.513,11.046,11.415,549538.45
1745337600,11.417,11.915,11.352,11.702,559681.82
1745366400,11.703,12.075,11.683,11.949,698805.1
1745395200,11.945,12.111,11.526,11.795,818888.69
1745424000,11.795,12.029,11.61,12.019,517039.44
1745452800,12.018,12.032,11.589,11.722,534684.83
1745481600,11.722,12.156,11.581,12.078,503533.29
1745510400,12.078,12.559,11.845,12.509,695760.5
1745539200,12.509,12.568,12.074,12.422,684705.12
1745568000,12.422,12.481,12.215,12.368,586204.58
1745596800,12.368,12.501,12.177,12.399,397585.34
1745625600,12.399,12.77,12.304,12.532,586970.56
1745654400,12.531,12.668,12.156,12.643,441366.91
1745683200,12.642,12.724,12.395,12.681,270659.95
1745712000,12.681,12.709,12.101,12.255,368728.46
1745740800,12.254,12.35,11.935,12.026,376124.34
1745769600,12.026,12.066,11.9,11.917,321015.53
1745798400,11.916,12.091,11.536,12.08,537402.81
1745827200,12.08,12.14,11.751,11.894,546658.79
1745856000,11.893,12.416,11.837,12.267,455330.31
1745884800,12.268,12.367,12.084,12.281,289204.24
1745913600,12.282,12.32,11.944,12.088,280247.04
1745942400,12.089,12.18,11.692,11.855,316474.0
1745971200,11.852,11.914,11.703,11.769,209379.99
1746000000,11.768,11.943,11.254,11.515,453804.68
1746028800,11.515,11.774,11.409,11.649,243088.95
1746057600,11.65,11.886,11.623,11.794,335894.53
1746086400,11.794,11.976,11.714,11.777,235317.95
1746115200,11.776,11.837,11.561,11.741,311610.38
1746144000,11.741,11.915,11.658,11.659,267761.42
1746172800,11.66,11.872,11.653,11.795,225468.18
1746201600,11.795,11.871,11.729,11.846,189764.49
1746230400,11.846,11.882,11.696,11.734,205608.88
1746259200,11.733,11.815,11.529,11.681,300330.7
1746288000,11.68,11.68,11.131,11.265,398176.2
1746316800,11.265,11.39,11.129,11.246,365979.34
1746345600,11.249,11.347,11.115,11.233,244231.09
1746374400,11.232,11.24,10.975,11.141,289775.71
1746403200,11.141,11.336,11.035,11.334,234547.49
1746432000,11.333,11.402,11.17,11.285,340732.38
1746460800,11.285,11.439,11.154,11.349,239170.76
1746489600,11.348,11.371,11.16,11.22,244759.73
1746518400,11.22,11.22,10.721,10.826,552660.95
1746547200,10.826,10.957,10.269,10.831,556707.28
1746576000,10.83,10.999,10.739,10.936,345729.95
1746604800,10.935,11.241,10.902,11.035,430041.9
1746633600,11.034,11.08,10.596,11.057,550597.34
1746662400,11.058,11.454,11.049,11.394,434937.04
1746691200,11.393,11.72,11.358,11.586,441367.27
1746720000,11.586,11.884,11.523,11.79,498765.98
1746748800,11.787,12.339,11.732,12.199,623152.54
1746777600,12.198,12.464,12.057,12.279,778659.6
1746806400,12.28,12.705,12.134,12.656,417129.39
1746835200,12.656,15.186,12.646,13.725,4134188.84
1746864000,13.729,14.539,13.483,14.03,2500376.0
1746892800,14.03,14.513,13.773,14.118,1206364.96
1746921600,14.118,14.787,13.047,13.176,1658624.28
1746950400,13.175,13.529,13.141,13.252,645966.03
1746979200,13.253,13.401,13.051,13.24,412991.52
1747008000,13.24,13.488,12.799,13.259,824430.08
1747036800,13.258,13.577,12.914,13.049,902144.92
1747065600,13.048,13.312,12.376,13.202,625874.89
1747094400,13.202,13.407,12.529,12.773,622770.59
1747123200,12.773,13.092,12.747,12.963,440239.96
1747152000,12.964,13.404,12.952,13.299,503640.93
1747180800,13.299,13.357,13.043,13.143,460614.15
1747209600,13.142,13.206,12.713,12.859,552607.38
1747238400,12.859,12.939,12.685,12.84,227138.82
1747267200,12.842,12.965,11.887,11.949,730266.13
1747296000,11.949,12.245,11.6,12.006,808765.36
1747324800,12.006,12.134,11.54,11.847,561274.32
1747353600,11.843,12.255,11.786,12.199,528089.75
1747382400,12.197,12.375,11.984,12.174,496431.84
1747411200,12.174,12.23,11.773,11.91,439908.47
1747440000,11.91,11.966,11.304,11.551,637429.31
1747468800,11.549,11.715,11.363,11.636,486442.98
1747497600,11.636,11.713,11.352,11.653,434969.71
1747526400,11.654,11.914,11.601,11.909,349327.49
1747555200,11.909,12.091,11.8,12.057,393724.89
1747584000,12.059,12.082,11.35,11.971,713275.9
1747612800,11.972,12.0,11.329,11.51,596601.96
1747641600,11.508,11.591,11.192,11.565,404000.18
1747670400,11.565,11.764,11.484,11.758,364196.49
1747699200,11.759,11.887,11.665,11.688,353764.99
1747728000,11.688,11.726,11.53,11.677,308349.42
1747756800,11.677,11.877,11.441,11.818,392965.88
1747785600,11.817,11.943,11.645,11.777,369889.95
1747814400,11.777,11.984,11.663,11.965,390310.62
1747843200,11.966,12.132,11.6,11.939,789274.69
1747872000,11.94,12.194,11.93,12.16,377283.96
1747900800,12.159,12.342,12.117,12.294,376622.7
1747929600,12.295,12.441,12.195,12.43,341915.72
1747958400,12.429,12.688,12.285,12.364,510660.45
1747987200,12.364,12.549,11.608,12.065,1007306.44
1748016000,12.064,12.186,11.502,11.576,429552.28
1748044800,11.578,11.92,11.476,11.856,304584.78
1748073600,11.857,12.043,11.773,11.965,230820.53
1748102400,11.964,11.999,11.7,11.805,214131.3
1748131200,11.805,12.1,11.596,11.843,507292.79
1748160000,11.841,11.844,11.354,11.525,380177.33
1748188800,11.526,11.865,11.358,11.84,260634.56
1748217600,11.84,11.954,11.748,11.895,238031.76
1748246400,11.895,11.948,11.622,11.801,262048.81
1748275200,11.805,11.86,11.601,11.763,200344.31
1748304000,11.764,11.868,11.491,11.823,296966.47
1748332800,11.825,12.028,11.825,11.953,347098.88
1748361600,11.955,12.087,11.877,11.98,318570.02
1748390400,11.981,12.036,11.884,11.936,202747.46
1748419200,11.935,12.08,11.693,11.731,426653.3
1748448000,11.732,11.85,11.5,11.802,283533.72
1748476800,11.802,11.964,11.665,11.779,295752.03
1748505600,11.781,11.908,11.628,11.789,319755.33
1748534400,11.795,11.95,11.626,11.737,232388.91
1748563200,11.736,11.885,10.984,11.004,797893.75
1748592000,11.006,11.241,10.876,10.972,572901.49
1748620800,10.972,11.014,10.001,10.147,855157.22
1748649600,10.145,10.285,9.647,10.204,820973.87
1748678400,10.204,10.229,9.881,9.987,454533.2
1748707200,9.987,10.509,9.962,10.412,346179.02
1748736000,10.413,10.517,10.213,10.427,305362.07
1748764800,10.427,10.59,10.17,10.53,265848.86
1748793600,10.53,10.71,10.407,10.598,240327.32
1748822400,10.598,10.68,10.357,10.568,232304.5
1748851200,10.567,10.629,10.342,10.563,213084.05
1748880000,10.566,10.863,10.48,10.808,198632.27
1748908800,10.807,10.957,10.743,10.827,250428.32
1748937600,10.827,10.926,10.755,10.861,162248.4
1748966400,10.861,10.988,10.702,10.784,236684.55
1748995200,10.785,10.948,10.739,10.847,131421.72
1749024000,10.848,10.93,10.7,10.828,192815.49
1749052800,10.83,10.832,10.519,10.62,161249.38
1749081600,10.619,10.712,10.472,10.573,207476.32
1749110400,10.574,10.715,10.417,10.586,222099.15
1749139200,10.588,10.604,9.729,9.945,596852.43
1749168000,9.945,10.546,9.924,10.377,342877.6
1749196800,10.379,10.848,10.341,10.799,491823.33
1749225600,10.797,10.813,10.387,10.449,379750.12
1749254400,10.447,10.653,10.393,10.617,209425.35
1749283200,10.619,10.683,10.556,10.626,165757.63
1749312000,10.626,10.674,10.542,10.661,106642.58
1749340800,10.659,10.703,10.424,10.456,143113.62
1749369600,10.455,10.58,10.416,10.506,131246.52
1749398400,10.504,10.569,10.434,10.457,122643.96
1749427200,10.457,10.488,10.249,10.327,179714.4
1749456000,10.328,10.451,10.251,10.412,208288.09
1749484800,10.411,10.874,10.411,10.772,279001.25
1749513600,10.772,10.861,10.596,10.683,170679.11
1749542400,10.683,10.987,10.583,10.789,270409.93
1749571200,10.793,11.057,10.723,11.038,219999.92
1749600000,11.04,11.062,10.819,10.844,167819.78
1749628800,10.847,10.937,10.589,10.905,275951.22
1749657600,10.905,10.926,10.44,10.569,239520.34
1749686400,10.57,10.572,10.315,10.37,208926.64
1749715200,10.37,10.441,10.204,10.246,239669.74
1749744000,10.245,10.432,10.002,10.058,292715.88
1749772800,10.056,10.075,9.107,9.311,934684.16
1749801600,9.311,9.549,9.221,9.47,465287.59
1749830400,9.472,9.683,9.429,9.635,234035.6
1749859200,9.635,9.905,9.566,9.647,282208.77
1749888000,9.647,9.696,9.469,9.521,156881.38
1749916800,9.52,9.608,9.368,9.576,162240.93
1749945600,9.576,9.722,9.519,9.547,108947.08
1749974400,9.548,9.696,9.451,9.602,180772.45
1750003200,9.602,9.654,9.442,9.619,114602.98
1750032000,9.621,9.839,9.519,9.833,130168.45
1750060800,9.833,9.922,9.732,9.821,143059.67
1750089600,9.822,9.961,9.541,9.563,181421.09
1750118400,9.566,9.722,9.318,9.5,290892.5
1750147200,9.5,9.634,9.319,9.416,285875.18
1750176000,9.415,9.553,9.237,9.417,215854.03
1750204800,9.418,9.487,9.324,9.438,86917.81
1750233600,9.437,9.478,9.112,9.351,208328.3
1750262400,9.347,9.519,9.248,9.486,177479.77
1750291200,9.484,9.596,9.385,9.416,117995.23
1750320000,9.417,9.489,9.321,9.365,130250.29
1750348800,9.365,9.473,9.276,9.453,157575.21
1750377600,9.453,9.527,9.301,9.521,143478.69
1750406400,9.521,9.58,9.294,9.346,193633.88
1750435200,9.348,9.355,9.002,9.147,330176.07
1750464000,9.148,9.274,9.13,9.256,88088.83
1750492800,9.257,9.329,9.029,9.094,163351.69
1750521600,9.092,9.136,8.382,8.733,308229.04
1750550400,8.731,8.845,8.488,8.581,242196.55
1750579200,8.582,8.636,7.974,8.015,529304.38
1750608000,8.013,8.364,7.754,8.342,402219.26
1750636800,8.343,8.575,8.336,8.478,398858.01
1750665600,8.477,8.655,8.363,8.459,248102.95
1750694400,8.46,9.082,8.257,9.047,391689.0
1750723200,9.047,9.347,8.971,9.206,299019.5
1750752000,9.206,9.246,9.075,9.128,170359.54
1750780800,9.13,9.304,9.049,9.216,107158.88
1750809600,9.217,9.229,8.982,9.082,214976.4
1750838400,9.082,9.155,8.88,8.891,235527.49
1750867200,8.891,9.019,8.818,8.89,143332.29
1750896000,8.889,9.109,8.818,8.957,178976.78
1750924800,8.957,8.987,8.581,8.726,289069.03
1750953600,8.725,8.818,8.626,8.653,211640.06
1750982400,8.652,8.871,8.527,8.703,200560.97
1751011200,8.703,8.86,8.683,8.848,184933.37
1751040000,8.848,8.973,8.667,8.918,211475.91
1751068800,8.917,8.931,8.768,8.862,126181.44
1751097600,8.863,8.911,8.804,8.902,89559.99
1751126400,8.902,9.036,8.862,8.998,132752.35
1751155200,8.998,9.014,8.869,8.98,100491.78
1751184000,8.978,9.058,8.886,8.916,168654.91
1751212800,8.916,9.305,8.905,9.251,162413.01
1751241600,9.25,9.281,8.99,9.056,157443.67
1751270400,9.055,9.066,8.737,8.861,268364.42
1751299200,8.862,9.003,8.831,8.843,148850.77
1751328000,8.842,8.878,8.55,8.66,194973.61
1751356800,8.66,8.712,8.466,8.534,239913.69
1751385600,8.534,8.557,8.357,8.415,182131.54
1751414400,8.413,8.634,8.327,8.593,173558.91
1751443200,8.592,8.83,8.578,8.83,220631.88
1751472000,8.83,9.169,8.824,9.04,224007.87
1751500800,9.039,9.192,9.017,9.112,182681.44
1751529600,9.112,9.163,8.922,8.938,254183.19
1751558400,8.94,9.094,8.905,9.041,134837.63
1751587200,9.041,9.095,8.768,8.773,179598.09
1751616000,8.773,8.877,8.675,8.679,196620.41
1751644800,8.679,8.738,8.559,8.717,122720.12
1751673600,8.718,8.954,8.707,8.903,115488.92
1751702400,8.905,9.11,8.865,8.954,423896.94
1751731200,8.954,9.068,8.684,8.87,309042.94
1751760000,8.87,8.871,8.731,8.747,127282.06
1751788800,8.747,8.981,8.674,8.98,221946.89
1751817600,8.98,9.172,8.965,9.019,258070.01
1751846400,9.019,9.088,8.954,9.057,136093.88
1751875200,9.055,9.065,8.966,9.054,158334.33
1751904000,9.053,9.064,8.886,8.96,188802.54
1751932800,8.959,8.96,8.691,8.794,195741.57
1751961600,8.795,8.946,8.749,8.833,165042.07
1751990400,8.835,9.065,8.79,9.041,174258.75
1752019200,9.043,9.213,8.926,9.178,212879.54
1752048000,9.179,9.29,9.134,9.174,315352.85
1752076800,9.175,9.378,9.171,9.319,198163.75
1752105600,9.322,9.397,9.252,9.345,192493.0
1752134400,9.343,9.383,9.241,9.287,169005.11
1752163200,9.288,9.698,9.284,9.673,379771.26
1752192000,9.671,9.976,9.425,9.766,508131.88
1752220800,9.769,10.168,9.767,9.914,443666.35
1752249600,9.919,10.166,9.607,9.83,360399.76
1752278400,9.831,10.48,9.663,10.377,610018.19
1752307200,10.377,10.905,9.594,9.725,1194415.69
1752336000,9.725,9.998,9.677,9.989,259088.83
1752364800,9.991,13.7,9.951,12.712,18474356.1
1752393600,12.708,14.495,12.13,12.38,20473677.7
1752422400,12.381,12.538,11.188,11.664,5182592.79
1752451200,11.666,13.125,11.188,11.974,8149944.06
1752480000,11.974,12.035,11.451,11.548,2001754.62
1752508800,11.547,11.882,11.226,11.769,1255324.35
1752537600,11.77,11.779,10.966,11.012,1548829.71
1752566400,11.013,11.247,10.812,11.117,1146067.26
1752595200,11.12,11.328,10.91,11.267,742074.97
1752624000,11.264,11.38,10.93,11.335,768723.63
1752652800,11.336,11.372,11.11,11.209,617829.46
1752681600,11.209,11.362,11.131,11.27,500744.38
1752710400,11.27,11.348,10.856,11.005,699129.2
1752739200,11.005,11.238,10.947,11.068,654732.28
1752768000,11.064,11.091,10.574,10.898,763378.72
1752796800,10.898,11.314,10.788,11.075,820406.24
1752825600,11.072,11.205,10.696,10.827,771983.12
1752854400,10.826,10.961,10.431,10.76,510337.68
1752883200,10.761,10.901,10.464,10.79,386717.08
1752912000,10.79,10.891,10.578,10.649,286861.1
1752940800,10.649,10.856,10.605,10.845,219835.01
1752969600,10.845,11.178,10.784,11.041,412114.72
1752998400,11.044,11.343,11.044,11.325,457808.56
1753027200,11.324,11.393,10.931,11.219,520988.78
1753056000,11.22,11.512,10.979,11.447,420709.46
1753084800,11.446,11.754,11.316,11.514,557755.08
1753113600,11.512,11.681,11.316,11.628,490810.37
1753142400,11.627,11.793,10.969,11.166,696640.02
1753171200,11.166,11.324,10.905,11.277,564977.75
1753200000,11.278,11.51,11.153,11.495,374022.55
1753228800,11.493,11.56,11.3,11.395,325973.93
1753257600,11.397,11.511,10.5,10.889,757975.09
1753286400,10.891,10.891,10.1,10.443,770956.94
1753315200,10.444,10.617,9.681,10.031,797712.64
1753344000,10.027,10.546,9.971,10.389,485830.3
1753372800,10.393,10.561,10.19,10.342,348073.02
1753401600,10.343,10.485,10.076,10.24,523878.37
1753430400,10.241,10.536,10.154,10.269,404776.96
1753459200,10.269,10.56,10.221,10.528,275416.25
1753488000,10.528,10.625,10.47,10.608,165419.58
1753516800,10.609,10.661,10.485,10.562,189109.92
1753545600,10.563,10.618,10.474,10.492,113040.29
1753574400,10.495,10.626,10.436,10.574,128557.85
1753603200,10.574,10.647,10.494,10.593,177831.06
1753632000,10.593,10.777,10.593,10.685,197011.11
1753660800,10.689,10.962,10.586,10.925,302402.82
1753689600,10.925,11.714,10.91,10.997,1945565.66
1753718400,11.0,11.802,10.854,11.719,1725047.87
1753747200,11.718,12.63,10.688,11.017,3419709.64
1753776000,11.017,11.164,10.754,10.954,925250.71
1753804800,10.953,10.961,10.517,10.773,568015.47
1753833600,10.773,10.774,10.27,10.375,637886.43
1753862400,10.375,10.473,9.955,10.275,669701.28
1753891200,10.275,10.371,9.85,10.303,461931.06
1753920000,10.304,10.406,10.252,10.351,227252.36
1753948800,10.351,10.415,10.01,10.15,304708.93
1753977600,10.151,10.284,9.73,9.757,356857.35
1754006400,9.76,9.857,9.474,9.621,486536.63
1754035200,9.62,9.78,9.414,9.75,373996.86
1754064000,9.749,9.795,9.282,9.564,392223.42
1754092800,9.565,9.737,9.453,9.64,221956.14
1754121600,9.642,9.655,9.473,9.508,188222.2
1754150400,9.508,9.581,9.284,9.562,283137.08
1754179200,9.562,9.667,9.423,9.633,162555.63
1754208000,9.633,9.774,9.61,9.741,154941.57
1754236800,9.742,9.774,9.701,9.722,90055.69
1754265600,9.723,9.991,9.723,9.874,508417.49
1754294400,9.874,9.955,9.786,9.91,208392.28
1754323200,9.909,10.047,9.905,10.033,189848.51
1754352000,10.034,10.041,9.684,9.72,303935.62
1754380800,9.72,9.99,9.657,9.707,387408.29
1754409600,9.709,9.791,9.554,9.714,205721.73
1754438400,9.714,9.805,9.536,9.796,191175.29
1754467200,9.797,9.905,9.678,9.892,162191.59
1754496000,9.892,9.948,9.838,9.931,138322.26
1754524800,9.931,10.007,9.875,9.963,103761.15
1754553600,9.964,10.188,9.93,10.154,282304.82
1754582400,10.153,10.242,9.964,10.24,325236.31
1754611200,10.24,10.314,10.147,10.255,256177.6
1754640000,10.255,10.343,10.1,10.173,260362.31
1754668800,10.173,10.417,10.17,10.378,176218.77
1754697600,10.377,10.65,10.289,10.631,315111.42
1754726400,10.629,10.721,10.526,10.67,361209.92
1754755200,10.669,10.787,10.622,10.666,272872.08
1754784000,10.665,10.87,10.452,10.491,324147.33
1754812800,10.492,10.64,10.341,10.598,261763.48
1754841600,10.598,10.743,10.569,10.7,254984.92
1754870400,10.701,10.974,10.65,10.696,285190.63
1754899200,10.694,10.803,10.311,10.462,404438.83
1754928000,10.461,10.578,9.945,10.067,341227.72
1754956800,10.066,10.279,10.031,10.225,163063.85
1754985600,10.226,10.392,9.958,10.375,323201.07
1755014400,10.374,10.615,10.353,10.505,250939.94
1755043200,10.505,10.565,10.336,10.476,160749.37
1755072000,10.475,10.71,10.44,10.558,248951.33
1755100800,10.554,10.678,10.437,10.633,172523.21
1755129600,10.634,10.755,10.397,10.444,216657.76
1755158400,10.446,10.448,9.529,9.958,777987.01
1755187200,9.957,9.957,9.644,9.868,316511.06
1755216000,9.869,10.171,9.832,10.123,190187.08
1755244800,10.125,10.197,9.724,9.786,339596.0
1755273600,9.784,10.079,9.675,10.012,224002.34
1755302400,10.012,10.081,9.968,10.021,132596.63
1755331200,10.021,10.085,9.894,10.063,171514.35
1755360000,10.061,10.125,10.022,10.092,97639.26
1755388800,10.092,10.17,10.056,10.148,90552.2
1755417600,10.148,10.199,10.088,10.189,195785.28
1755446400,10.19,10.22,9.954,10.052,202764.17
1755475200,10.052,10.116,9.694,9.762,337232.18
1755504000,9.762,9.868,9.614,9.839,264217.3
1755532800,9.839,9.982,9.777,9.877,125092.67
1755561600,9.876,9.967,9.644,9.796,239236.88
1755590400,9.797,9.938,9.672,9.756,249473.26
1755619200,9.755,9.761,9.468,9.505,344578.54
1755648000,9.504,9.638,9.424,9.563,198911.04
1755676800,9.564,9.755,9.396,9.676,354300.76
1755705600,9.678,9.9,9.671,9.871,115277.04
1755734400,9.872,9.925,9.77,9.825,113308.49
1755763200,9.824,9.833,9.55,9.578,178829.25
1755792000,9.579,9.681,9.531,9.609,107206.97
1755820800,9.609,9.691,9.531,9.61,120580.16
1755849600,9.608,9.96,9.27,9.891,599337.47
1755878400,9.891,10.288,9.89,10.241,304664.22
1755907200,10.243,10.33,9.918,10.207,332280.42
1755936000,10.209,10.261,10.084,10.158,207651.08
1755964800,10.16,10.346,10.093,10.275,165828.96
1755993600,10.277,11.172,10.273,10.374,2412374.31
1756022400,10.374,10.494,10.056,10.172,597734.59
1756051200,10.173,10.528,10.057,10.172,829384.83
1756080000,10.168,10.608,9.774,9.83,1337365.23
1756108800,9.83,10.001,9.724,9.878,384194.04
1756137600,9.878,9.915,9.332,9.468,607284.08
1756166400,9.468,9.586,9.306,9.533,311119.08
1756195200,9.534,9.711,9.441,9.638,354983.89
1756224000,9.638,9.945,9.638,9.922,266828.51
1756252800,9.922,10.044,9.851,10.026,365528.88
1756281600,10.023,10.412,9.974,10.136,1061115.25
1756310400,10.138,10.197,9.998,10.067,415804.39
1756339200,10.068,10.125,9.951,10.114,230884.62
1756368000,10.113,10.259,9.98,10.134,328155.32
1756396800,10.13,10.228,9.909,10.227,202725.94
1756425600,10.226,10.248,9.744,9.792,319150.9
1756454400,9.786,9.926,9.56,9.704,433038.11
1756483200,9.7,9.808,9.549,9.775,251786.33
1756512000,9.774,9.964,9.712,9.964,200979.86
1756540800,9.964,9.978,9.821,9.966,136719.92
1756569600,9.964,10.053,9.89,9.976,146519.22
1756598400,9.977,10.062,9.952,9.963,127200.24
1756627200,9.963,10.013,9.81,9.872,154826.56
1756656000,9.872,9.918,9.742,9.756,136667.65
1756684800,9.756,9.756,9.452,9.729,364744.92
1756713600,9.729,9.862,9.456,9.479,279440.3
1756742400,9.479,9.514,9.241,9.411,322370.1
1756771200,9.412,9.665,9.392,9.584,184631.4
1756800000,9.586,9.702,9.415,9.482,202250.82
1756828800,9.482,9.693,9.479,9.656,125579.66
1756857600,9.656,9.675,9.539,9.588,96428.89
1756886400,9.587,9.763,9.512,9.708,174866.96
1756915200,9.707,9.761,9.659,9.711,92835.95
1756944000,9.712,9.748,9.474,9.512,179512.57
1756972800,9.512,9.573,9.383,9.411,170578.63
1757001600,9.411,9.52,9.33,9.421,121386.7
1757030400,9.421,9.635,9.416,9.625,108778.92
1757059200,9.625,9.722,9.416,9.492,251356.33
1757088000,9.495,9.625,9.46,9.59,105906.28
1757116800,9.59,9.619,9.524,9.548,63083.13
1757145600,9.548,9.706,9.469,9.556,249313.62
1757174400,9.555,9.607,9.508,9.56,83807.01
1757203200,9.56,9.667,9.557,9.621,104902.79
1757232000,9.622,9.7,9.569,9.589,125889.03
1757260800,9.589,9.599,9.511,9.57,83861.86
1757289600,9.571,9.65,9.535,9.551,91699.7
1757318400,9.552,9.726,9.541,9.717,194843.31
1757347200,9.716,9.756,9.602,9.715,201329.7
1757376000,9.714,9.906,9.623,9.873,167627.99
1757404800,9.874,9.93,9.548,9.581,288276.58
1757433600,9.575,9.643,9.541,9.618,109650.57
1757462400,9.619,9.755,9.558,9.705,166834.85
1757491200,9.707,9.851,9.626,9.783,191493.41
1757520000,9.783,9.818,9.65,9.793,143014.32
1757548800,9.793,9.85,9.732,9.818,103548.43
1757577600,9.818,9.823,9.606,9.618,260666.38
1757606400,9.619,9.783,9.6,9.781,119819.23
1757635200,9.781,9.907,9.765,9.823,166366.1
1757664000,9.823,9.823,9.666,9.74,139710.04
1757692800,9.742,9.97,9.72,9.939,128020.5
1757721600,9.938,10.036,9.897,9.986,156109.42
1757750400,9.986,10.169,9.89,9.989,224618.84
1757779200,9.989,10.113,9.847,10.088,164542.77
1757808000,10.09,10.097,9.85,9.928,180881.82
1757836800,9.927,9.984,9.608,9.642,258607.2
1757865600,9.642,9.791,9.619,9.7,139096.32
1757894400,9.7,9.863,9.575,9.609,280982.19
1757923200,9.609,9.609,9.341,9.426,398378.33
1757952000,9.427,9.525,9.341,9.518,131367.24
1757980800,9.517,9.555,9.375,9.533,133817.18
1758009600,9.533,9.612,9.45,9.587,160841.17
1758038400,9.588,9.675,9.567,9.594,135503.95
1758067200,9.595,9.648,9.501,9.578,129197.56
1758096000,9.578,9.579,9.427,9.443,139796.83
1758124800,9.442,9.8,9.388,9.768,263263.94
1758153600,9.769,9.838,9.684,9.775,207162.43
1758182400,9.772,9.845,9.73,9.815,217554.53
1758211200,9.815,9.869,9.757,9.804,106371.41
1758240000,9.805,9.887,9.621,9.681,194330.81
1758268800,9.68,9.752,9.494,9.575,232773.03
1758297600,9.572,9.623,9.515,9.569,133956.42
1758326400,9.569,9.636,9.487,9.632,103535.39
1758355200,9.632,9.663,9.537,9.627,134072.2
1758384000,9.628,9.658,9.576,9.614,82791.5
1758412800,9.613,10.552,9.557,10.115,1724725.78
1758441600,10.115,10.143,9.775,9.909,821263.51
1758470400,9.91,10.108,9.804,10.084,332151.9
1758499200,10.084,10.09,8.36,9.009,1184117.99
1758528000,9.009,9.074,8.804,8.849,481952.61
1758556800,8.849,8.915,8.691,8.904,330901.3
1758585600,8.905,8.93,8.595,8.854,349389.65
1758614400,8.856,8.998,8.835,8.956,219452.06
1758643200,8.956,9.037,8.78,8.826,151086.99
1758672000,8.826,8.949,8.592,8.839,251988.68
1758700800,8.842,9.059,8.822,8.964,223375.37
1758729600,8.965,9.022,8.886,8.934,115377.47
1758758400,8.933,8.937,8.568,8.628,322216.32
1758787200,8.63,8.679,8.275,8.54,382907.09
1758816000,8.541,8.57,8.11,8.253,493496.92
1758844800,8.255,8.456,8.25,8.416,218149.86
1758873600,8.422,8.485,8.264,8.395,361365.6
1758902400,8.394,8.594,8.389,8.556,200462.27
1758931200,8.556,8.567,8.491,8.539,111227.45
1758960000,8.538,8.607,8.441,8.586,163379.43
1758988800,8.586,8.613,8.456,8.536,137548.3
1759017600,8.536,8.536,8.35,8.389,142693.44
1759046400,8.388,8.453,8.305,8.396,172627.0
1759075200,8.397,8.592,8.397,8.565,124803.8
1759104000,8.567,8.602,8.506,8.542,147181.49
1759132800,8.543,8.697,8.418,8.584,435540.21
1759161600,8.585,8.681,8.457,8.55,222586.18
1759190400,8.55,8.55,8.35,8.404,274269.37
1759219200,8.403,8.541,8.069,8.107,727484.33
1759248000,8.106,8.384,8.05,8.326,307618.43
1759276800,8.327,8.346,8.208,8.224,168657.03
1759305600,8.223,8.604,8.211,8.571,378040.75
1759334400,8.571,8.652,8.524,8.642,145436.4
1759363200,8.644,8.775,8.605,8.715,169278.12
1759392000,8.714,8.768,8.529,8.699,260125.64
1759420800,8.698,8.847,8.646,8.777,236165.5
1759449600,8.777,8.794,8.6,8.639,205644.09
1759478400,8.638,8.822,8.588,8.815,190702.76
1759507200,8.817,8.967,8.693,8.845,345308.96
1759536000,8.845,8.859,8.691,8.733,173308.21
1759564800,8.733,8.733,8.431,8.461,217458.69
1759593600,8.461,8.568,8.411,8.543,145454.78
1759622400,8.539,8.759,8.47,8.757,244777.88
1759651200,8.757,8.777,8.561,8.614,209107.06
1759680000,8.614,8.636,8.394,8.459,198368.37
1759708800,8.458,8.6,8.413,8.506,181946.63
1759737600,8.506,8.662,8.495,8.639,136755.49
1759766400,8.64,8.694,8.586,8.616,151495.04
1759795200,8.616,8.658,8.477,8.488,161280.05
1759824000,8.487,8.637,8.216,8.253,420746.02
1759852800,8.254,8.437,8.185,8.29,401033.1
1759881600,8.29,8.387,8.206,8.298,218493.88
1759910400,8.297,8.389,8.229,8.316,215576.17
1759939200,8.315,8.517,8.306,8.43,197256.35
1759968000,8.431,8.443,8.221,8.261,236137.56
1759996800,8.26,8.325,8.088,8.136,378897.37
1760025600,8.136,8.23,8.065,8.203,164861.99
1760054400,8.203,8.324,8.167,8.188,164044.26
1760083200,8.188,8.341,7.79,7.877,495486.32
1760112000,7.876,7.959,1.892,5.764,3754859.27
1760140800,5.761,5.908,5.537,5.669,1077771.59
1760169600,5.667,5.936,5.659,5.922,565145.02
1760198400,5.924,5.946,5.466,5.676,724598.88
1760227200,5.676,5.939,5.543,5.933,481580.38
1760256000,5.933,6.26,5.847,6.237,691414.46
1760284800,6.237,6.5,6.237,6.404,644615.96
1760313600,6.406,6.504,6.279,6.437,590455.99
1760342400,6.437,6.622,6.284,6.497,969699.7
1760371200,6.498,6.78,6.437,6.729,418540.43
1760400000,6.728,6.754,6.209,6.296,718050.15
1760428800,6.296,6.497,6.147,6.493,621658.36
1760457600,6.492,6.629,6.397,6.603,393925.48
1760486400,6.602,6.73,6.567,6.712,445507.34
1760515200,6.711,6.786,6.383,6.418,525262.25
1760544000,6.419,6.434,6.222,6.291,372702.96
1760572800,6.29,6.372,6.24,6.319,199808.95
1760601600,6.32,6.467,6.115,6.152,705172.09
1760630400,6.151,6.28,5.98,6.071,666729.93
1760659200,6.071,6.196,5.668,5.691,716782.58
1760688000,5.692,5.989,5.612,5.921,984129.41
1760716800,5.921,6.013,5.856,5.924,221060.27
1760745600,5.925,6.12,5.917,6.017,195482.16
1760774400,6.017,6.1,5.966,6.004,141069.46
1760803200,6.004,6.087,5.961,6.051,126924.62
1760832000,6.05,6.073,5.982,6.024,103686.84
1760860800,6.024,7.276,5.946,7.065,4018809.28
1760889600,7.065,7.885,6.86,7.198,7242377.98
1760918400,7.197,9.564,7.02,9.354,22657929.46
1760947200,9.354,10.933,9.1,10.106,38375659.5
1760976000,10.106,10.718,9.519,9.751,17259097.57
1761004800,9.752,9.971,7.788,7.988,13300045.51
1761033600,7.989,8.492,7.75,8.41,8754107.97
1761062400,8.41,8.54,7.645,7.75,4612536.93
1761091200,7.751,8.727,7.31,8.534,10836822.21
1761120000,8.54,8.699,7.722,7.834,6254809.4
1761148800,7.832,7.875,7.462,7.613,2171934.05
1761177600,7.614,8.125,7.531,7.839,5360823.85
1761206400,7.839,7.924,7.622,7.699,1647724.88
1761235200,7.699,7.921,7.661,7.846,1188260.18
1761264000,7.846,7.918,7.57,7.639,1842465.76
1761292800,7.639,7.695,7.441,7.486,1408456.6
1761321600,7.485,7.724,7.455,7.708,805373.8
1761350400,7.709,7.866,7.468,7.481,1385511.33
1761379200,7.48,7.507,7.239,7.355,919542.73
1761408000,7.355,7.427,7.295,7.349,481490.07
1761436800,7.349,7.517,7.217,7.334,1065377.74
1761465600,7.334,7.478,7.327,7.4,679966.61
1761494400,7.399,7.47,7.273,7.411,527713.19
1761523200,7.411,7.474,7.226,7.289,637338.2
1761552000,7.292,7.34,7.001,7.079,1359184.26
1761580800,7.08,7.373,7.077,7.226,846667.76
1761609600,7.228,7.364,7.027,7.054,839937.47
1761638400,7.055,7.209,6.992,7.061,541337.34
1761667200,7.06,7.165,6.8,6.952,753711.93
1761696000,6.952,7.02,6.834,6.891,395742.01
1761724800,6.894,6.967,6.74,6.785,553632.97
1761753600,6.786,6.996,6.64,6.81,915730.6
1761782400,6.811,7.239,6.432,6.637,1855319.54
1761811200,6.638,6.65,6.299,6.329,819748.08
1761840000,6.329,6.391,6.133,6.294,735220.4
1761868800,6.294,6.429,6.198,6.246,768647.74
1761897600,6.246,6.595,6.217,6.484,612233.72
1761926400,6.483,6.504,6.299,6.411,789792.96
1761955200,6.411,6.778,6.382,6.751,1536180.46
1761984000,6.751,6.761,6.477,6.51,590922.12
1762012800,6.51,6.577,6.485,6.569,413681.04
1762041600,6.569,7.662,6.538,7.341,7402920.5
1762070400,7.343,7.423,6.92,7.006,2701880.82
1762099200,7.006,7.285,6.962,7.08,1329716.61
1762128000,7.079,7.11,6.488,6.509,4365882.1
1762156800,6.509,6.611,5.911,6.271,2253407.76
1762185600,6.271,6.542,6.171,6.409,1807132.86
1762214400,6.41,6.671,6.115,6.17,3070729.7
1762243200,6.17,6.435,6.168,6.237,1599987.36
1762272000,6.237,6.316,5.773,6.122,3486411.22
1762300800,6.123,6.334,5.862,6.137,1258019.08
1762329600,6.137,6.164,5.959,6.137,898261.97
1762358400,6.137,6.269,6.073,6.244,596234.1
1762387200,6.244,6.451,6.112,6.242,1163450.79
1762416000,6.242,6.303,5.988,6.016,883926.49
1762444800,6.015,6.626,6.012,6.495,1745016.85
1762473600,6.495,6.571,6.292,6.543,797076.38
1762502400,6.541,6.642,6.241,6.52,1284998.19
1762531200,6.521,6.933,6.51,6.798,874207.77
1762560000,6.797,6.951,6.586,6.706,636244.78
1762588800,6.706,6.729,6.451,6.468,471569.75
1762617600,6.469,6.623,6.429,6.607,435734.26
1762646400,6.607,6.634,6.27,6.447,607767.08
1762675200,6.446,6.639,6.336,6.589,629053.99
1762704000,6.589,6.672,6.54,6.604,320754.93
1762732800,6.605,6.704,6.547,6.632,429211.03
1762761600,6.631,6.759,6.525,6.588,595290.87
1762790400,6.588,6.816,6.537,6.639,460288.92
1762819200,6.64,7.254,6.549,6.569,2863769.36
1762848000,6.569,6.695,6.501,6.568,608357.23
1762876800,6.567,6.61,6.356,6.446,517115.84
1762905600,6.445,6.525,6.323,6.464,485056.0
1762934400,6.465,6.595,6.418,6.458,512446.82
1762963200,6.458,6.472,6.283,6.35,506381.97
1762992000,6.35,6.45,6.251,6.384,416734.28
1763020800,6.385,6.41,6.229,6.285,439841.04
1763049600,6.284,6.288,6.02,6.185,733944.45
1763078400,6.185,6.212,5.863,6.105,687421.37
1763107200,6.104,6.289,5.986,6.211,562594.38
1763136000,6.211,6.312,6.051,6.175,457954.95
1763164800,6.174,6.494,6.072,6.258,831281.26
1763193600,6.257,6.257,6.125,6.137,273089.75
1763222400,6.136,6.229,6.086,6.177,244272.46
1763251200,6.176,6.211,6.043,6.17,272696.36
1763280000,6.171,6.204,5.969,5.989,321269.96
1763308800,5.989,6.024,5.78,5.978,607625.85
1763337600,5.976,6.21,5.942,6.174,362059.25
1763366400,6.175,6.309,6.013,6.068,600526.27
1763395200,6.068,6.168,5.931,6.052,570390.67
1763424000,6.052,6.122,5.903,6.038,601046.52
1763452800,6.039,6.13,5.941,6.092,467089.86
1763481600,6.093,6.192,6.061,6.103,226134.71
1763510400,6.103,6.117,5.88,6.007,292855.51
1763539200,6.007,6.044,5.868,5.881,340552.65
1763568000,5.882,5.905,5.5,5.841,742361.73
1763596800,5.841,5.933,5.825,5.902,256702.9
1763625600,5.903,6.009,5.833,5.879,282903.14
1763654400,5.879,5.89,5.62,5.666,528454.74
1763683200,5.666,5.762,5.074,5.345,590898.14
1763712000,5.345,5.432,5.108,5.303,728122.02
1763740800,5.303,5.562,5.227,5.413,530795.23
1763769600,5.414,5.45,5.257,5.342,280089.55
1763798400,5.342,5.371,5.214,5.308,357363.99
1763827200,5.307,5.407,5.276,5.353,161789.83
1763856000,5.352,5.423,5.293,5.422,188116.4
1763884800,5.422,5.509,5.376,5.44,237488.23
1763913600,5.44,5.481,5.389,5.423,136952.81
1763942400,5.423,5.594,5.37,5.465,343184.82
1763971200,5.464,5.498,5.347,5.488,315997.26
1764000000,5.488,5.688,5.486,5.631,233877.14
1764028800,5.632,5.639,5.537,5.544,174133.68
1764057600,5.544,5.601,5.458,5.547,172912.4
1764086400,5.546,5.632,5.463,5.603,175247.22
1764115200,5.603,5.637,5.549,5.603,116462.15
1764144000,5.605,5.608,5.473,5.493,163017.45
1764172800,5.493,5.675,5.492,5.646,186601.06
1764201600,5.645,5.726,5.603,5.67,213771.42
1764230400,5.67,5.965,5.643,5.849,1136291.48
1764259200,5.849,5.927,5.838,5.87,226815.84
1764288000,5.87,6.213,5.754,5.814,2579678.22
1764316800,5.812,6.161,5.811,6.013,855994.8
1764345600,6.013,6.749,5.886,6.326,4166142.99
1764374400,6.325,6.62,6.196,6.32,1886581.35
1764403200,6.317,6.691,6.029,6.123,2702955.77
1764432000,6.122,6.353,6.103,6.177,1167254.96
1764460800,6.177,6.235,5.987,6.028,511785.51
1764489600,6.026,6.071,5.916,5.949,478788.77
1764518400,5.948,6.002,5.813,5.826,371086.12
1764547200,5.827,5.836,5.292,5.357,895829.28
1764576000,5.356,5.444,5.295,5.415,443656.44
1764604800,5.416,5.617,5.364,5.467,596693.24
1764633600,5.467,5.5,5.381,5.442,227830.22
1764662400,5.442,5.766,5.434,5.757,724670.97
1764691200,5.757,5.788,5.637,5.694,291919.22
1764720000,5.695,5.784,5.659,5.752,193336.22
1764748800,5.751,5.804,5.588,5.694,299121.24
1764777600,5.695,5.793,5.653,5.738,222920.93
1764806400,5.739,5.791,5.685,5.714,158364.12
1764835200,5.714,5.756,5.628,5.715,184712.02
1764864000,5.715,5.743,5.567,5.671,174024.29
1764892800,5.673,5.858,5.65,5.831,266418.59
1764921600,5.832,5.857,5.581,5.677,483414.83
1764950400,5.678,5.679,5.414,5.506,324321.93
1764979200,5.506,5.574,5.447,5.54,166563.04
1765008000,5.54,5.599,5.461,5.579,244609.75
1765036800,5.58,5.632,5.522,5.582,131917.07
1765065600,5.583,5.609,5.521,5.537,110185.29
1765094400,5.537,5.547,5.317,5.483,254430.36
1765123200,5.482,5.592,5.355,5.444,261971.34
1765152000,5.445,5.577,5.418,5.55,145993.41
1765180800,5.548,5.607,5.515,5.535,188156.85
1765209600,5.535,5.653,5.521,5.562,224473.05
1765238400,5.563,5.698,5.48,5.523,246579.0
1765267200,5.523,5.663,5.405,5.655,323114.3
1765296000,5.656,5.774,5.57,5.633,363061.7
1765324800,5.632,5.65,5.549,5.57,119324.17
1765353600,5.569,5.573,5.486,5.534,173057.75
1765382400,5.533,5.689,5.436,5.454,310274.4
1765411200,5.455,5.47,5.241,5.324,237220.02
1765440000,5.324,5.377,5.256,5.326,239466.94
1765468800,5.325,5.429,5.258,5.375,209611.15
1765497600,5.375,5.448,5.32,5.414,124522.09
1765526400,5.415,5.621,5.306,5.348,377232.57
1765555200,5.347,5.374,5.27,5.341,206648.5
1765584000,5.342,5.55,5.342,5.451,359509.53
1765612800,5.453,5.463,5.401,5.41,94721.11
1765641600,5.409,5.44,5.372,5.423,110977.61
1765670400,5.423,5.432,5.339,5.356,106969.01
1765699200,5.357,5.391,5.271,5.282,122507.86
1765728000,5.281,5.313,5.15,5.202,152903.14
1765756800,5.202,5.322,5.191,5.243,123597.35
1765785600,5.242,5.258,5.027,5.054,285436.46
1765814400,5.053,5.082,4.875,5.032,336476.7
1765843200,5.032,5.043,4.923,4.978,126307.88
1765872000,4.978,5.109,4.975,5.089,167261.0
1765900800,5.089,5.106,5.037,5.069,107019.28
1765929600,5.068,5.104,5.001,5.018,91919.64
1765958400,5.017,5.116,4.943,4.98,177555.13
1765987200,4.979,5.009,4.758,4.817,246862.53
1766016000,4.819,4.826,4.678,4.701,127019.44
1766044800,4.701,4.885,4.697,4.832,260875.36
1766073600,4.832,4.836,4.518,4.606,306375.86
1766102400,4.607,4.795,4.535,4.764,224711.67
1766131200,4.764,4.824,4.738,4.783,153020.24
1766160000,4.783,4.94,4.751,4.937,167610.01
1766188800,4.936,5.177,4.889,5.052,477568.71
1766217600,5.053,5.154,5.014,5.039,349908.99
1766246400,5.04,5.068,5.001,5.024,110731.25
1766275200,5.024,5.428,4.953,5.035,979409.58
1766304000,5.035,5.048,4.81,4.855,261977.53
1766332800,4.855,4.922,4.806,4.864,172867.53
1766361600,4.864,4.948,4.777,4.924,174058.54
1766390400,4.923,5.002,4.89,4.968,173758.64
1766419200,4.969,4.996,4.878,4.947,113106.76
1766448000,4.947,4.976,4.82,4.826,162329.47
1766476800,4.826,4.948,4.818,4.863,167674.13
1766505600,4.864,4.965,4.849,4.926,177995.21
1766534400,4.927,4.958,4.844,4.87,129284.83
1766563200,4.87,4.933,4.826,4.927,145222.28
1766592000,4.927,5.171,4.916,5.121,356802.97
1766620800,5.121,5.139,5.034,5.129,154959.88
1766649600,5.129,5.132,5.003,5.055,127389.62
1766678400,5.055,5.071,4.883,4.916,125158.41
1766707200,4.916,5.014,4.895,4.947,187312.18
1766736000,4.947,4.979,4.871,4.923,144175.9
1766764800,4.923,4.988,4.903,4.975,77917.42
1766793600,4.976,5.122,4.975,5.05,121937.74
1766822400,5.051,5.066,4.973,5.041,114320.11
1766851200,5.042,5.101,5.021,5.089,128407.97
1766880000,5.09,5.101,5.055,5.069,66193.62
1766908800,5.069,5.109,5.05,5.072,64730.38
1766937600,5.071,5.081,4.976,5.02,82525.38
1766966400,5.019,5.089,5.0,5.061,131869.15
1766995200,5.061,5.075,4.893,4.947,221423.03
1767024000,4.948,4.968,4.908,4.93,87760.92
1767052800,4.927,4.985,4.861,4.893,137823.23
1767081600,4.892,5.012,4.891,4.96,169649.59
1767110400,4.962,4.971,4.888,4.954,83566.38
1767139200,4.954,6.04,4.952,5.626,11492872.15
1767168000,5.626,5.626,5.24,5.379,3069423.2
1767196800,5.379,5.379,5.108,5.323,1121533.29
1767225600,5.322,5.641,5.068,5.144,2100366.7
1767254400,5.143,5.247,5.107,5.205,483800.06
1767283200,5.204,5.26,5.182,5.231,378139.66
1767312000,5.23,5.326,5.079,5.141,599661.81
1767340800,5.141,5.229,5.107,5.199,457901.79
1767369600,5.199,5.299,5.186,5.294,294763.28
1767398400,5.295,5.339,5.152,5.179,331692.3
1767427200,5.178,5.257,5.164,5.218,176676.52
1767456000,5.218,5.291,5.214,5.278,120357.05
1767484800,5.277,5.288,5.222,5.251,215277.98
1767513600,5.25,5.349,5.225,5.333,306709.86
1767542400,5.333,5.428,5.289,5.33,297179.94
1767571200,5.329,5.41,5.261,5.34,283587.74
1767600000,5.341,5.382,5.254,5.365,281931.34
1767628800,5.367,5.488,5.3,5.463,320269.57
1767657600,5.462,5.666,5.46,5.465,649732.35
1767686400,5.466,5.641,5.461,5.617,333263.28
1767715200,5.616,5.658,5.308,5.565,690822.81
1767744000,5.564,6.044,5.56,5.724,2049178.69
1767772800,5.724,5.752,5.465,5.511,539473.39
1767801600,5.51,5.638,5.484,5.619,336627.08
1767830400,5.619,5.674,5.374,5.489,435576.01
1767859200,5.487,5.499,5.345,5.49,275911.48
1767888000,5.491,5.516,5.43,5.487,152479.51
1767916800,5.487,5.498,5.398,5.445,166096.4
1767945600,5.445,5.482,5.353,5.436,242091.11
1767974400,5.437,5.483,5.36,5.412,150414.47
1768003200,5.411,5.752,5.391,5.745,680690.49
1768032000,5.742,5.817,5.591,5.66,888760.74
1768060800,5.66,5.661,5.53,5.545,168116.78
1768089600,5.545,5.631,5.437,5.462,321824.23
1768118400,5.462,5.496,5.446,5.47,137212.39
1768147200,5.47,5.499,5.336,5.413,189659.78
1768176000,5.414,5.45,5.286,5.4,240061.7
1768204800,5.4,5.405,5.253,5.333,222255.66
1768233600,5.333,5.377,5.28,5.306,119379.19
1768262400,5.306,5.413,5.276,5.374,127615.65
1768291200,5.374,5.487,5.359,5.484,185689.19
1768320000,5.484,5.635,5.464,5.538,259451.88
1768348800,5.537,5.602,5.498,5.533,214243.49
1768377600,5.532,5.783,5.507,5.669,498067.29
1768406400,5.67,5.706,5.589,5.647,234230.59
1768435200,5.648,5.649,5.453,5.548,201824.67
1768464000,5.548,5.628,5.449,5.529,150932.67
1768492800,5.528,5.543,5.401,5.479,131044.29
1768521600,5.479,5.702,5.442,5.539,281175.03
1768550400,5.539,5.594,5.407,5.44,223318.73
1768579200,5.439,5.596,5.418,5.589,134617.5
1768608000,5.589,5.592,5.501,5.563,99803.5
1768636800,5.563,5.645,5.554,5.634,138681.59
1768665600,5.634,5.639,5.532,5.573,74846.36
1768694400,5.572,5.784,5.48,5.511,431530.35
1768723200,5.51,5.553,5.45,5.493,137393.71
1768752000,5.493,5.547,5.348,5.35,149660.15
1768780800,5.35,5.35,4.747,5.068,614365.08
1768809600,5.068,5.133,5.047,5.077,120674.33
1768838400,5.077,5.163,5.058,5.099,137588.99
1768867200,5.099,5.101,4.912,4.922,174784.82
1768896000,4.921,5.001,4.861,4.896,176413.2
1768924800,4.897,4.93,4.734,4.793,203476.33
1768953600,4.792,4.958,4.782,4.903,108732.01
1768982400,4.904,4.94,4.816,4.93,158612.49
1769011200,4.931,4.983,4.752,4.903,183968.18
1769040000,4.903,4.988,4.903,4.925,71835.04
1769068800,4.925,4.949,4.725,4.751,131871.71
1769097600,4.752,4.845,4.747,4.809,95796.03
1769126400,4.809,4.93,4.804,4.911,92993.79
1769155200,4.911,4.913,4.788,4.868,157745.16
1769184000,4.869,4.934,4.787,4.862,154515.74
1769212800,4.862,5.092,4.861,4.914,586129.8
1769241600,4.915,5.058,4.885,5.003,309400.83
1769270400,5.004,5.065,4.975,5.058,150911.91
1769299200,5.057,5.394,5.01,5.235,955679.59
1769328000,5.233,7.792,5.2,7.031,35029613.14
1769356800,7.031,7.612,6.253,7.523,30522336.2
1769385600,7.525,7.741,6.501,6.828,30093755.98
1769414400,6.829,7.208,6.225,6.271,18306384.78
1769443200,6.271,6.93,6.265,6.705,4849603.28
1769472000,6.704,6.859,6.032,6.178,5501138.3
1769500800,6.178,6.284,5.935,6.193,3059565.84
1769529600,6.193,6.257,6.031,6.145,1363579.4
1769558400,6.144,6.729,6.015,6.36,5479135.73
1769587200,6.36,6.472,5.98,6.002,1782918.44
1769616000,6.003,6.123,5.956,6.051,883023.96
1769644800,6.051,6.139,5.714,5.777,1812131.29
1769673600,5.778,5.882,5.663,5.713,1005018.51
1769702400,5.711,5.961,5.647,5.73,1080430.6
1769731200,5.729,5.814,5.396,5.451,1185684.39
1769760000,5.45,6.448,5.392,5.788,3571980.24
1769788800,5.788,5.886,5.631,5.858,1246113.47
1769817600,5.859,5.898,5.399,5.435,985360.69
1769846400,5.434,5.434,4.974,5.054,1309037.31
1769875200,5.053,5.137,4.57,5.024,1664796.93
1769904000,5.024,5.119,4.78,4.808,1026763.38
1769932800,4.808,4.839,4.526,4.57,1021207.38
1769961600,4.57,4.61,4.337,4.439,1391983.4
1769990400,4.439,5.442,4.27,5.321,7322189.12
1770019200,5.322,5.97,5.052,5.159,21405801.19
1770048000,5.159,5.311,5.09,5.176,4248100.78
1770076800,5.178,5.72,4.94,5.199,13239819.6
1770105600,5.196,5.201,4.889,5.076,4064528.9
1770134400,5.076,5.176,4.831,5.06,2530072.57
1770163200,5.061,5.462,4.915,5.025,3532455.01
1770192000,5.025,5.03,4.851,4.896,1657669.57
1770220800,4.896,5.092,4.863,4.974,1443328.09
1770249600,4.974,5.027,4.689,4.798,2133990.34
1770278400,4.799,4.819,4.511,4.569,1325758.57
1770307200,4.568,4.645,4.308,4.354,2088563.66
1770336000,4.353,4.46,3.867,4.346,2561576.21
1770364800,4.346,4.921,4.292,4.84,1357049.42
1770393600,4.839,5.331,4.792,4.819,1996782.79
1770422400,4.818,5.109,4.624,4.673,2020834.1
1770451200,4.672,4.871,4.655,4.826,669840.97
1770480000,4.827,4.912,4.746,4.783,829575.14
1770508800,4.784,5.15,4.75,5.061,2100611.13
1770537600,5.061,5.139,4.842,4.874,1275902.82
1770566400,4.874,4.874,4.749,4.79,548906.71
1770595200,4.789,4.923,4.719,4.79,618886.86
1770624000,4.789,4.939,4.64,4.808,1030035.82
1770652800,4.808,4.99,4.784,4.931,547561.74
1770681600,4.93,5.151,4.869,4.959,1239664.11
1770710400,4.958,5.029,4.85,4.978,761297.46
1770739200,4.977,5.017,4.86,4.904,366131.1
1770768000,4.904,5.013,4.723,4.734,625741.93
1770796800,4.734,4.931,4.686,4.769,631839.69
1770825600,4.769,4.975,4.761,4.922,644683.65
1770854400,4.922,4.979,4.857,4.966,407138.45
1770883200,4.966,5.167,4.947,5.007,723815.39
1770912000,5.007,5.07,4.914,5.058,394270.26
1770940800,5.058,5.456,4.977,5.212,3260615.52
1770969600,5.21,5.281,5.069,5.236,1317864.68
1770998400,5.236,5.3,5.191,5.284,374465.13
1771027200,5.282,5.55,5.157,5.343,1083245.23
1771056000,5.343,5.419,5.296,5.39,655032.33
1771084800,5.39,5.5,5.364,5.422,410123.22
1771113600,5.422,5.513,5.333,5.406,587328.47
1771142400,5.407,5.436,5.12,5.167,502889.26
1771171200,5.168,5.245,5.075,5.244,419423.0
1771200000,5.244,5.339,5.15,5.246,349066.22
1771228800,5.246,5.314,5.191,5.226,246763.65
1771257600,5.225,5.345,5.224,5.297,175593.04
1771286400,5.297,5.312,5.202,5.232,171868.78
1771315200,5.233,5.284,5.181,5.235,228964.86
1771344000,5.236,5.278,5.127,5.199,217430.03
1771372800,5.199,5.433,5.179,5.244,515808.07
1771401600,5.244,5.361,5.176,5.222,468623.2
1771430400,5.222,5.225,4.946,5.028,450956.36
1771459200,5.028,5.038,4.908,4.909,301793.86
1771488000,4.909,4.964,4.822,4.85,306172.62
1771516800,4.85,5.038,4.813,5.029,286954.82
1771545600,5.029,5.13,4.968,4.981,414460.87
1771574400,4.981,5.113,4.956,5.109,307735.34
1771603200,5.108,5.142,5.017,5.112,187792.53
1771632000,5.112,5.172,5.07,5.089,188227.09
1771660800,5.089,5.145,5.043,5.061,210902.78
1771689600,5.061,5.075,5.007,5.019,120064.74
1771718400,5.019,5.025,4.915,4.972,182820.03
1771747200,4.972,5.098,4.893,4.952,290970.74
1771776000,4.953,4.994,4.882,4.946,153730.11
1771804800,4.946,4.971,4.727,4.918,351093.24
1771833600,4.918,5.009,4.866,4.871,273065.26
1771862400,4.87,4.888,4.769,4.804,208303.81
1771891200,4.803,4.865,4.685,4.721,294478.08
1771920000,4.72,4.839,4.685,4.813,228664.69
1771948800,4.813,4.877,4.8,4.826,151684.46
1771977600,4.828,5.01,4.817,4.913,274888.99
1772006400,4.913,5.031,4.886,5.001,236752.22
1772035200,5.001,5.112,4.951,5.024,343701.34
1772064000,5.024,5.035,4.914,4.966,249000.33
1772092800,4.968,5.005,4.84,4.87,223491.24
1772121600,4.87,4.908,4.744,4.888,250820.13
1772150400,4.889,4.973,4.837,4.897,185656.72
1772179200,4.897,4.92,4.785,4.814,311183.53
1772208000,4.815,4.878,4.767,4.865,187789.5
1772236800,4.865,4.896,4.585,4.647,366842.71
1772265600,4.646,4.723,4.573,4.672,251289.44
1772294400,4.672,4.889,4.634,4.855,190591.31
1772323200,4.857,4.925,4.773,4.83,216220.36
1772352000,4.831,4.844,4.737,4.776,180871.55
1772380800,4.776,4.815,4.6,4.718,206071.35
1772409600,4.719,4.8,4.692,4.731,141934.49
1772438400,4.731,4.886,4.685,4.864,343440.21
1772467200,4.866,4.913,4.789,4.823,174153.27
1772496000,4.822,4.836,4.728,4.742,181557.39
1772524800,4.743,4.764,4.649,4.727,382693.67
1772553600,4.727,4.784,4.636,4.693,273928.24
1772582400,4.693,4.781,4.645,4.709,272056.32
1772611200,4.709,4.881,4.682,4.881,341628.92
1772640000,4.88,4.899,4.739,4.789,256598.83
1772668800,4.79,4.81,4.733,4.76,131706.08
1772697600,4.76,4.851,4.744,4.759,214989.63
1772726400,4.76,4.805,4.68,4.779,157711.17
1772755200,4.78,4.806,4.709,4.762,147510.13
1772784000,4.761,4.763,4.608,4.629,212741.39
1772812800,4.629,4.693,4.603,4.654,138386.24
1772841600,4.656,4.671,4.595,4.629,114237.01
1772870400,4.63,4.705,4.608,4.637,157189.87
1772899200,4.637,4.878,4.627,4.738,825776.89
1772928000,4.738,4.757,4.612,4.664,295752.67
1772956800,4.663,4.763,4.653,4.684,318580.59
1772985600,4.684,4.79,4.634,4.657,264589.6
1773014400,4.656,4.748,4.644,4.699,206185.35
1773043200,4.701,4.746,4.644,4.713,212091.72
1773072000,4.713,4.752,4.662,4.678,150178.19
1773100800,4.677,4.749,4.644,4.72,177162.25
1773129600,4.721,4.826,4.712,4.793,224766.0
1773158400,4.792,4.804,4.665,4.679,244665.06
1773187200,4.678,4.706,4.661,4.671,162727.96
1773216000,4.671,4.749,4.651,4.719,201890.91
1773244800,4.72,4.745,4.698,4.716,137124.68
1773273600,4.717,4.734,4.677,4.715,114897.09
1773302400,4.716,4.737,4.672,4.691,170120.25
1773331200,4.691,4.741,4.682,4.709,143207.8
1773360000,4.709,4.769,4.704,4.722,186897.25
1773388800,4.722,4.829,4.706,4.783,238584.73
1773417600,4.782,4.813,4.722,4.784,201117.06
1773446400,4.782,4.874,4.738,4.823,259225.83
1773475200,4.821,4.945,4.745,4.895,791809.76
1773504000,4.895,5.042,4.858,4.983,570960.57
1773532800,4.983,5.013,4.877,4.948,474302.33
1773561600,4.948,4.957,4.822,4.836,312731.83
1773590400,4.836,4.869,4.809,4.861,263913.01
1773619200,4.862,4.91,4.823,4.888,287800.99
1773648000,4.888,4.938,4.853,4.89,245174.26
1773676800,4.89,4.967,4.881,4.951,183132.19
1773705600,4.952,4.974,4.813,4.867,277067.61
1773734400,4.868,5.037,4.844,5.008,378300.1
1773763200,5.009,5.012,4.943,4.957,189245.75
1773792000,4.958,5.63,4.885,5.166,3748365.12
1773820800,5.166,5.271,4.889,4.898,1787453.16
1773849600,4.897,4.91,4.801,4.869,438607.77
1773878400,4.869,5.016,4.84,4.981,913737.13
1773907200,4.982,5.034,4.878,4.967,467812.73
1773936000,4.968,5.066,4.931,4.964,365723.48
1773964800,4.964,4.979,4.883,4.923,292507.2
1773993600,4.924,4.936,4.845,4.871,164341.39
1774022400,4.872,4.896,4.828,4.88,133675.58
1774051200,4.881,4.894,4.8,4.815,130521.53
1774080000,4.815,4.839,4.765,4.813,115901.43
1774108800,4.814,4.84,4.715,4.745,155784.58
1774137600,4.744,4.748,4.686,4.69,221173.31
1774166400,4.689,4.706,4.645,4.685,127990.71
1774195200,4.684,4.691,4.632,4.678,141493.33
1774224000,4.677,4.718,4.642,4.677,137263.46
1774252800,4.676,4.894,4.655,4.831,447247.68
1774281600,4.831,4.854,4.797,4.84,135033.85
1774310400,4.84,4.851,4.618,4.718,654331.65
1774339200,4.718,4.748,4.693,4.718,201106.42
1774368000,4.718,4.742,4.666,4.735,174717.58
1774396800,4.736,4.754,4.686,4.701,158458.84
1774425600,4.701,4.728,4.681,4.697,149866.71
1774454400,4.697,4.746,4.686,4.732,106718.62
1774483200,4.733,4.739,4.592,4.617,228459.1
1774512000,4.617,4.638,4.544,4.553,221141.6
1774540800,4.553,4.579,4.48,4.551,189764.26
1774569600,4.551,4.6,4.538,4.588,90370.57
1774598400,4.587,4.593,4.386,4.411,225406.97
1774627200,4.411,4.427,4.376,4.41,76729.33
1774656000,4.409,4.44,4.345,4.435,99408.3
1774684800,4.436,4.506,4.396,4.451,201069.28
1774713600,4.45,4.486,4.41,4.427,107522.89
1774742400,4.427,4.465,4.396,4.422,129250.26
1774771200,4.421,4.426,4.36,4.39,93066.73
1774800000,4.389,4.434,4.26,4.393,151404.55
1774828800,4.394,4.493,4.384,4.49,124952.55
1774857600,4.491,4.523,4.458,4.48,124243.6
1774886400,4.48,4.487,4.406,4.434,97356.56
1774915200,4.434,4.494,4.431,4.477,118098.56
1774944000,4.479,4.535,4.435,4.488,177063.1
1774972800,4.487,4.591,4.478,4.569,154846.46
1775001600,4.57,4.597,4.52,4.575,142012.54
1775030400,4.576,4.631,4.549,4.627,158005.4
1775059200,4.627,4.634,4.567,4.579,89872.5
1775088000,4.579,4.615,4.472,4.582,245813.58
1775116800,4.582,4.587,4.496,4.559,139125.7
1775145600,4.559,4.602,4.531,4.598,97072.02
1775174400,4.599,4.642,4.557,4.624,110751.15
1775203200,4.624,4.698,4.62,4.648,118819.36
1775232000,4.648,4.7,4.634,4.659,61018.96
1775260800,4.659,4.682,4.631,4.649,60079.67
1775289600,4.648,4.676,4.6,4.612,76912.78
1775318400,4.612,4.643,4.609,4.63,41546.28
1775347200,4.631,4.637,4.548,4.561,79725.67
1775376000,4.56,4.595,4.541,4.568,91674.82
1775404800,4.569,4.604,4.554,4.603,96531.9
1775433600,4.603,4.677,4.601,4.664,82002.3
1775462400,4.664,4.748,4.664,4.726,166878.96
1775491200,4.727,4.731,4.647,4.66,79490.08
1775520000,4.659,4.67,4.606,4.655,87104.72
1775548800,4.654,4.662,4.575,4.593,119358.48
1775577600,4.593,4.812,4.59,4.777,198465.31
1775606400,4.777,4.789,4.736,4.744,134991.48
1775635200,4.744,4.76,4.661,4.705,122076.2
1775664000,4.706,4.714,4.628,4.645,99272.37
1775692800,4.645,4.699,4.629,4.685,108666.55
1775721600,4.685,4.73,4.679,4.719,114661.27
1775750400,4.72,4.757,4.695,4.705,99956.27
1775779200,4.706,4.768,4.691,4.719,97600.16
1775808000,4.718,4.855,4.7,4.755,432006.73
1775836800,4.755,4.814,4.745,4.786,108576.19
1775865600,4.786,4.79,4.692,4.719,139447.48
1775894400,4.719,4.74,4.677,4.699,91111.26
1775923200,4.7,4.781,4.696,4.737,94714.59
1775952000,4.738,4.755,4.622,4.671,159306.1
1775980800,4.67,4.724,4.649,4.666,91673.49
1776009600,4.666,4.716,4.653,4.66,74466.86
1776038400,4.661,4.703,4.659,4.676,72589.3
1776067200,4.675,4.733,4.669,4.709,94861.9
1776096000,4.709,4.82,4.679,4.812,132591.44
1776124800,4.811,4.827,4.777,4.81,126758.29
1776153600,4.81,4.811,4.733,4.769,131645.07
1776182400,4.769,4.819,4.71,4.747,150940.81
1776211200,4.746,4.801,4.74,4.756,71774.26
1776240000,4.755,4.775,4.726,4.737,63141.39
1776268800,4.737,4.789,4.729,4.762,76478.31
1776297600,4.763,4.889,4.753,4.852,209104.8
1776326400,4.852,4.882,4.786,4.875,197955.7
1776355200,4.875,4.949,4.846,4.936,217152.96
1776384000,4.935,5.044,4.807,5.029,421954.86
1776412800,5.03,5.074,4.951,5.006,567717.22
1776441600,5.007,5.036,4.939,5.001,191235.6
1776470400,5.003,5.04,4.961,5.011,272654.67
1776499200,5.01,5.027,4.848,4.902,387607.48
1776528000,4.901,4.92,4.768,4.778,232556.59
1776556800,4.779,4.786,4.672,4.71,180701.32
1776585600,4.709,4.757,4.666,4.737,151665.29
1776614400,4.737,4.746,4.636,4.664,280903.58
1776643200,4.664,4.751,4.664,4.724,115722.71
1776672000,4.724,4.761,4.693,4.73,168451.86
1776700800,4.73,4.777,4.722,4.74,104330.1
1776729600,4.74,4.757,4.705,4.726,77458.71
1776758400,4.725,4.79,4.711,4.731,127257.79
1776787200,4.731,4.757,4.679,4.752,108952.55
1776816000,4.752,4.828,4.735,4.815,121082.19
1776844800,4.816,4.846,4.785,4.804,102392.63
1776873600,4.805,4.824,4.748,4.753,68927.86
1776902400,4.753,4.763,4.704,4.723,99983.62
1776931200,4.723,4.774,4.699,4.759,95556.44
1776960000,4.759,4.779,4.709,4.779,111482.2
1776988800,4.78,4.795,4.73,4.751,84938.11
1777017600,4.752,4.813,4.744,4.81,124651.1
1777046400,4.81,4.821,4.769,4.791,84812.17
1777075200,4.79,4.911,4.783,4.878,192816.51
1777104000,4.878,4.935,4.824,4.872,438207.54
1777132800,4.871,4.918,4.835,4.917,92973.37
1777161600,4.917,5.043,4.841,5.038,289544.4
1777190400,5.038,5.041,4.88,4.895,210170.07
1777219200,4.896,4.902,4.854,4.878,80367.03
1777248000,4.877,4.893,4.773,4.773,127865.39
1777276800,4.774,4.819,4.751,4.754,103302.33
1777305600,4.754,4.784,4.73,4.784,80878.77
1777334400,4.785,4.797,4.751,4.759,75253.89
1777363200,4.76,4.779,4.742,4.768,84037.93
1777392000,4.767,4.794,4.761,4.771,54773.35
1777420800,4.77,4.799,4.756,4.766,79398.04
1777449600,4.764,4.816,4.733,4.743,110036.73
1777478400,4.743,4.775,4.735,4.764,94742.03
1777507200,4.764,4.788,4.74,4.761,72661.43
1777536000,4.762,4.77,4.741,4.751,64862.93
1777564800,4.75,4.751,4.738,4.747,34243.93
1777593600,4.748,4.778,4.743,4.753,68009.8
1777622400,4.754,4.774,4.74,4.759,64787.64
1777651200,4.761,4.767,4.746,4.759,60381.48
1777680000,4.759,4.769,4.739,4.75,71287.34
1777708800,4.75,4.763,4.742,4.757,52824.11
1777737600,4.757,4.779,4.75,4.769,63497.92
1777766400,4.77,4.915,4.758,4.842,323922.38
1777795200,4.842,4.85,4.783,4.789,131768.6
1777824000,4.789,4.811,4.778,4.78,89061.13
1777852800,4.78,4.835,4.752,4.808,126461.14
1777881600,4.807,4.825,4.711,4.763,238815.9
1777910400,4.764,4.778,4.739,4.754,100440.07
1777939200,4.756,4.794,4.752,4.779,75149.62
1777968000,4.78,4.831,4.78,4.8,100567.14
1777996800,4.8,4.867,4.795,4.841,99324.11
1778025600,4.842,4.923,4.834,4.919,126498.81
1778054400,4.918,4.981,4.876,4.917,196451.27
1778083200,4.916,4.925,4.874,4.913,90380.07
1778112000,4.913,4.954,4.859,4.947,147684.82
1778140800,4.948,4.997,4.919,4.946,159965.34
1778169600,4.946,5.037,4.934,5.003,146381.46
1778198400,5.002,5.01,4.917,4.936,125217.44
1778227200,4.937,4.99,4.917,4.975,111091.24
1778256000,4.974,5.093,4.962,5.078,157037.59
1778284800,5.078,5.214,5.073,5.141,231891.47
1778313600,5.14,5.177,5.102,5.143,195455.41
1778342400,5.143,5.246,5.124,5.153,167628.87
1778371200,5.152,5.447,5.07,5.288,918453.7
1778400000,5.287,5.323,5.211,5.253,301777.35
1778428800,5.251,5.326,5.18,5.271,217994.49
1778457600,5.272,5.293,5.145,5.168,178496.18
1778486400,5.168,5.209,5.098,5.143,148129.44
1778515200,5.142,5.16,5.114,5.129,79269.03
1778544000,5.13,5.131,5.014,5.017,170322.75
1778572800,5.018,5.032,4.875,4.88,207914.15
1778601600,4.878,4.984,4.866,4.971,136211.07
1778630400,4.971,5.02,4.954,5.014,105596.38
1778659200,5.013,5.029,4.816,4.825,209620.88
1778688000,4.824,4.884,4.808,4.868,102417.82
1778716800,4.868,4.891,4.804,4.843,81422.06
1778745600,4.842,4.924,4.83,4.92,86910.3
1778774400,4.921,4.953,4.902,4.91,87134.31
1778803200,4.91,4.936,4.834,4.871,98906.53
1778832000,4.871,4.878,4.755,4.81,175312.23
1778860800,4.812,4.848,4.788,4.802,72238.19
1778889600,4.802,4.886,4.769,4.809,153142.03
1778918400,4.808,4.817,4.744,4.806,125588.35
1778947200,4.806,4.816,4.773,4.788,56036.84
1778976000,4.788,4.8,4.738,4.781,83606.46
1779004800,4.781,4.794,4.74,4.751,64940.36
1779033600,4.75,4.768,4.601,4.668,171084.71
1779062400,4.668,4.699,4.63,4.656,119446.55
1779091200,4.657,4.699,4.602,4.622,100224.55
1779120000,4.621,4.672,4.575,4.661,110270.91
1779148800,4.66,4.698,4.623,4.692,74926.12
1779177600,4.692,4.709,4.62,4.627,106575.14
1779206400,4.629,4.633,4.57,4.581,81113.77
1779235200,4.58,4.609,4.544,4.594,65319.69
1779264000,4.595,4.639,4.565,4.618,84895.07
1779292800,4.619,4.668,4.616,4.65,75386.07
1779321600,4.651,4.763,4.647,4.737,113996.15
1779350400,4.736,4.765,4.697,4.731,117631.55
1779379200,4.732,4.765,4.708,4.751,64354.08
1779408000,4.751,4.773,4.724,4.748,80810.64
1779436800,4.745,4.77,4.699,4.725,77427.76
1779465600,4.723,4.744,4.635,4.656,134410.75
1779494400,4.656,4.728,4.579,4.616,130734.92
1779523200,4.615,4.67,4.564,4.66,99948.0
1779552000,4.66,4.769,4.655,4.718,98908.76
1779580800,4.718,4.73,4.692,4.706,64575.29
1779609600,4.708,4.71,4.628,4.645,91172.51
1779638400,4.645,4.655,4.479,4.586,176957.56
1779667200,4.587,4.695,4.573,4.668,135744.67
1779696000,4.667,4.725,4.642,4.692,130757.32
1779724800,4.693,4.711,4.614,4.641,63345.11
1779753600,4.639,4.639,4.574,4.616,89543.18
1779782400,4.617,4.68,4.608,4.624,78209.07
1779811200,4.623,4.626,4.56,4.578,100229.85
1779840000,4.578,4.653,4.574,4.6,87149.09
1779868800,4.601,4.644,4.564,4.626,70425.52
1779897600,4.626,4.643,4.534,4.57,72606.06
1779926400,4.571,4.592,4.333,4.38,195019.31
1779955200,4.381,4.425,4.335,4.375,100261.99
1779984000,4.372,4.493,4.353,4.471,71108.5
1780012800,4.472,4.54,4.45,4.474,115954.09
1780041600,4.472,4.503,4.374,4.49,113950.08
1780070400,4.489,4.526,4.45,4.489,71619.41
1780099200,4.49,4.578,4.484,4.538,104186.27
1780128000,4.537,4.564,4.524,4.541,65240.32
1780156800,4.541,4.556,4.489,4.518,46181.3
1780185600,4.519,4.606,4.513,4.584,81430.9
1780214400,4.585,4.604,4.516,4.517,87221.03
1780243200,4.518,4.567,4.48,4.552,83345.73
1780272000,4.552,4.582,4.474,4.487,111682.93
1780300800,4.488,4.533,4.456,4.492,101143.04
1780329600,4.493,4.574,4.464,4.56,70140.77
1780358400,4.558,4.567,4.451,4.477,94926.23
1780387200,4.476,4.487,4.273,4.307,145075.55
1780416000,4.305,4.378,4.167,4.239,196033.56
1780444800,4.238,4.33,4.142,4.324,149202.6
1780473600,4.324,4.392,4.307,4.354,102564.11
1780502400,4.358,4.364,4.234,4.302,137921.58
1780531200,4.3,4.331,3.964,4.074,276452.08
1780560000,4.073,4.128,3.937,4.108,169475.78
1780588800,4.107,4.114,3.961,4.033,124268.83
1780617600,4.033,4.046,3.721,3.869,350075.29
1780646400,3.869,3.895,3.749,3.775,163976.58
1780675200,3.774,3.84,3.611,3.754,224477.74
1780704000,3.756,3.802,3.547,3.722,180075.42
1780732800,3.722,3.787,3.655,3.752,115833.6
1780761600,3.751,3.769,3.687,3.757,93024.92
1780790400,3.757,3.864,3.744,3.848,93402.7
1780819200,3.847,3.908,3.767,3.815,83531.42
1780848000,3.815,3.93,3.713,3.831,111081.41
1780876800,3.831,3.878,3.753,3.805,100705.75
1780905600,3.804,3.884,3.776,3.853,98551.07
1780934400,3.854,3.919,3.85,3.862,119010.09
1780963200,3.863,3.867,3.741,3.79,164057.32
1780992000,3.79,3.791,3.675,3.677,84175.21
1781020800,3.676,3.746,3.62,3.714,109101.15
1781049600,3.713,3.727,3.642,3.69,78859.32
1781078400,3.691,3.767,3.634,3.735,145365.91
1781107200,3.734,3.748,3.588,3.651,100445.16
1781136000,3.651,3.759,3.651,3.708,83313.14
1781164800,3.709,3.737,3.666,3.707,96203.31
1781193600,3.707,3.78,3.67,3.745,80691.71
