timestamp,open,high,low,close,volume
1686614400,0.083,0.08375,0.08246,0.08278,74698487.0
1686643200,0.08279,0.08635,0.08255,0.08298,267399583.0
1686672000,0.08298,0.0835,0.08223,0.08247,84791939.0
1686700800,0.08247,0.08292,0.08168,0.08211,65976008.0
1686729600,0.0821,0.08241,0.08127,0.0814,72587202.0
1686758400,0.08141,0.08168,0.07735,0.07917,219126848.0
1686787200,0.07917,0.0795,0.07716,0.07741,78169710.0
1686816000,0.0774,0.07762,0.07572,0.0759,113355579.0
1686844800,0.0759,0.07719,0.0751,0.07636,132987639.0
1686873600,0.07635,0.07843,0.07593,0.07838,100788321.0
1686902400,0.07838,0.07888,0.07608,0.07681,165459009.0
1686931200,0.07682,0.07828,0.0767,0.07735,97769504.0
1686960000,0.07735,0.07943,0.07681,0.07891,85834929.0
1686988800,0.07892,0.08018,0.07827,0.07979,115189128.0
1687017600,0.07978,0.08055,0.07948,0.07955,76254018.0
1687046400,0.07955,0.08042,0.07901,0.08001,58073922.0
1687075200,0.08001,0.08088,0.07969,0.08057,98904152.0
1687104000,0.08058,0.08096,0.07885,0.07949,81448636.0
1687132800,0.07949,0.08022,0.07891,0.07978,53196463.0
1687161600,0.07978,0.08061,0.07935,0.07947,62938038.0
1687190400,0.07948,0.08027,0.0788,0.07997,108334735.0
1687219200,0.07996,0.0804,0.07922,0.07947,59319842.0
1687248000,0.07947,0.07951,0.0781,0.079,90637407.0
1687276800,0.079,0.08334,0.0788,0.08275,227522565.0
1687305600,0.08275,0.08424,0.08203,0.0837,121324980.0
1687334400,0.0837,0.08752,0.08303,0.08557,224433424.0
1687363200,0.08558,0.08698,0.08523,0.08665,131985594.0
1687392000,0.08666,0.08926,0.08647,0.08817,119637571.0
1687420800,0.08817,0.08932,0.0854,0.08659,165172685.0
1687449600,0.08658,0.08703,0.08568,0.08662,93576854.0
1687478400,0.08661,0.08816,0.08657,0.08762,77999083.0
1687507200,0.08763,0.08948,0.08681,0.08914,96868444.0
1687536000,0.08915,0.09008,0.08834,0.08945,108117033.0
1687564800,0.08948,0.0904,0.08871,0.08979,65906310.0
1687593600,0.0898,0.09121,0.0884,0.08928,95683170.0
1687622400,0.08926,0.09061,0.08846,0.0904,58179009.0
1687651200,0.09039,0.09224,0.09025,0.09197,58544235.0
1687680000,0.09197,0.09249,0.09014,0.0913,92474517.0
1687708800,0.0913,0.09214,0.09103,0.09153,45811464.0
1687737600,0.09153,0.09199,0.09042,0.09134,69642879.0
1687766400,0.09133,0.09248,0.09096,0.09247,61027272.0
1687795200,0.09247,0.09277,0.09031,0.09206,94581084.0
1687824000,0.09207,0.09464,0.09196,0.09427,99926690.0
1687852800,0.09426,0.09834,0.09294,0.09599,340551585.0
1687881600,0.09599,0.1035,0.09547,0.10273,999978829.0
1687910400,0.10272,0.10618,0.10128,0.10239,1649382506.0
1687939200,0.10237,0.10495,0.09859,0.10369,1627016296.0
1687968000,0.10368,0.105,0.099,0.1003,1136049914.0
1687996800,0.10031,0.10477,0.10024,0.10262,550644627.0
1688025600,0.10262,0.10321,0.10051,0.10118,414417067.0
1688054400,0.10119,0.10319,0.10109,0.10206,232910017.0
1688083200,0.10206,0.1072,0.10113,0.10699,488496143.0
1688112000,0.107,0.11819,0.10217,0.10739,1223805017.0
1688140800,0.1074,0.11311,0.10655,0.11062,392564525.0
1688169600,0.11061,0.11164,0.10589,0.10662,280176167.0
1688198400,0.10664,0.10905,0.10617,0.10741,169385546.0
1688227200,0.10741,0.1079,0.10529,0.10733,128605856.0
1688256000,0.10732,0.10739,0.10444,0.10585,180074207.0
1688284800,0.10585,0.10801,0.10556,0.10751,213454208.0
1688313600,0.10752,0.10788,0.10581,0.10729,145698171.0
1688342400,0.10729,0.1094,0.10655,0.10924,145074472.0
1688371200,0.10925,0.10934,0.10585,0.10682,179413253.0
1688400000,0.10682,0.10719,0.10476,0.10584,142315926.0
1688428800,0.10585,0.10643,0.10438,0.10529,126816149.0
1688457600,0.10529,0.106,0.10405,0.10466,103326393.0
1688486400,0.10466,0.10543,0.10261,0.10328,116002742.0
1688515200,0.10328,0.10456,0.10317,0.10356,78667304.0
1688544000,0.10356,0.1038,0.09971,0.1006,235707473.0
1688572800,0.10058,0.10126,0.09938,0.10047,89438596.0
1688601600,0.10045,0.10107,0.09901,0.10065,102769500.0
1688630400,0.10064,0.10236,0.0966,0.09841,208671964.0
1688659200,0.09842,0.09857,0.09551,0.09565,117006365.0
1688688000,0.09565,0.0974,0.09484,0.09523,134041544.0
1688716800,0.09522,0.09714,0.09482,0.09706,132877901.0
1688745600,0.09706,0.09741,0.0958,0.09723,82951358.0
1688774400,0.09726,0.09785,0.09632,0.09718,73178408.0
1688803200,0.09718,0.09933,0.09712,0.09791,111160466.0
1688832000,0.09791,0.10012,0.09776,0.09957,235100526.0
1688860800,0.09958,0.09999,0.09835,0.09901,92496583.0
1688889600,0.09902,0.09938,0.09824,0.09901,74603225.0
1688918400,0.09901,0.09946,0.09843,0.09889,62728785.0
1688947200,0.0989,0.09956,0.09661,0.09805,125217310.0
1688976000,0.09805,0.09897,0.09714,0.09869,101270443.0
1689004800,0.0987,0.1006,0.09845,0.09978,113079261.0
1689033600,0.09978,0.10082,0.09884,0.1005,80505793.0
1689062400,0.10051,0.10075,0.09937,0.09985,84804947.0
1689091200,0.09986,0.10025,0.09832,0.09849,77743191.0
1689120000,0.09849,0.09851,0.09644,0.09774,106341005.0
1689148800,0.09774,0.09819,0.09688,0.09714,113642343.0
1689177600,0.09714,0.09729,0.09525,0.0961,99844978.0
1689206400,0.0961,0.09679,0.09528,0.09636,70965977.0
1689235200,0.09636,0.11061,0.0963,0.10793,519551642.0
1689264000,0.10793,0.20152,0.10648,0.15514,6836129943.0
1689292800,0.15512,0.15769,0.14199,0.14653,2050658823.0
1689321600,0.14655,0.15212,0.14012,0.14101,1754948498.0
1689350400,0.141,0.14168,0.12505,0.1349,2042114061.0
1689379200,0.13489,0.13558,0.13056,0.13324,698317474.0
1689408000,0.13325,0.13461,0.13043,0.1321,701686516.0
1689436800,0.13211,0.13217,0.12696,0.1277,527346111.0
1689465600,0.1277,0.12942,0.12482,0.12633,415299181.0
1689494400,0.12632,0.13868,0.12583,0.13501,1322110631.0
1689523200,0.13501,0.13723,0.1305,0.13115,794573442.0
1689552000,0.13115,0.13432,0.12862,0.12945,445802264.0
1689580800,0.12946,0.1301,0.12394,0.12684,516753265.0
1689609600,0.12684,0.12947,0.1244,0.12894,500358245.0
1689638400,0.12893,0.12974,0.125,0.12624,337214934.0
1689667200,0.12625,0.132,0.125,0.12903,826403076.0
1689696000,0.12904,0.13342,0.12516,0.13217,608203247.0
1689724800,0.13218,0.14425,0.13118,0.13807,2201222705.0
1689753600,0.13807,0.14349,0.13521,0.14148,2255600528.0
1689782400,0.14147,0.168,0.14055,0.15635,7869076559.0
1689811200,0.15635,0.18085,0.15446,0.16728,6823298844.0
1689840000,0.16726,0.17499,0.15881,0.16108,4273388335.0
1689868800,0.16107,0.17295,0.15962,0.16314,2099950122.0
1689897600,0.16315,0.1708,0.16135,0.16218,1555120068.0
1689926400,0.16219,0.16282,0.15344,0.15664,2000318983.0
1689955200,0.15664,0.162,0.15537,0.15708,1172785355.0
1689984000,0.15709,0.16096,0.15523,0.16002,887386960.0
1690012800,0.16002,0.1685,0.15979,0.16237,1970247389.0
1690041600,0.16236,0.16334,0.15431,0.15543,964841531.0
1690070400,0.15543,0.15964,0.15206,0.15505,920326786.0
1690099200,0.15505,0.15662,0.15356,0.1545,594706476.0
1690128000,0.15451,0.16095,0.15431,0.15583,630377595.0
1690156800,0.15585,0.15585,0.15124,0.15141,645035454.0
1690185600,0.1514,0.15145,0.14306,0.14601,1247909547.0
1690214400,0.14602,0.14795,0.14403,0.14545,492112341.0
1690243200,0.14546,0.14637,0.14147,0.14235,530744940.0
1690272000,0.14236,0.14988,0.14116,0.14747,837002738.0
1690300800,0.14747,0.14784,0.14307,0.1448,524959962.0
1690329600,0.14481,0.14533,0.14023,0.14032,565187240.0
1690358400,0.14033,0.14358,0.14004,0.14328,557244653.0
1690387200,0.14327,0.16273,0.14135,0.15556,1950533980.0
1690416000,0.15557,0.15998,0.15313,0.15922,1038877695.0
1690444800,0.15922,0.1635,0.15783,0.16069,2057811126.0
1690473600,0.16068,0.16157,0.15632,0.1592,1349170530.0
1690502400,0.15919,0.1725,0.1577,0.15821,1410218060.0
1690531200,0.1582,0.1664,0.15758,0.16129,1269770501.0
1690560000,0.16129,0.16372,0.15927,0.15956,521926758.0
1690588800,0.15956,0.16108,0.15823,0.15986,416699700.0
1690617600,0.15986,0.16017,0.15727,0.15877,352764664.0
1690646400,0.15877,0.16045,0.15781,0.15824,301322631.0
1690675200,0.15823,0.15888,0.1546,0.15507,350623055.0
1690704000,0.15508,0.16198,0.1548,0.15804,833865689.0
1690732800,0.15803,0.159,0.15169,0.15636,439297538.0
1690761600,0.15637,0.15787,0.15476,0.15507,299437306.0
1690790400,0.15507,0.15603,0.15225,0.15285,640893074.0
1690819200,0.15285,0.1561,0.14852,0.14996,680424377.0
1690848000,0.14996,0.15104,0.14397,0.14656,769439194.0
1690876800,0.14657,0.15041,0.14626,0.14943,622645529.0
1690905600,0.14944,0.15367,0.14897,0.15358,302784283.0
1690934400,0.15358,0.15455,0.14877,0.14906,279087110.0
1690963200,0.14907,0.14987,0.14472,0.1463,334835453.0
1690992000,0.1463,0.14672,0.14327,0.14398,290433837.0
1691020800,0.14397,0.14565,0.14225,0.14285,308992699.0
1691049600,0.14284,0.1433,0.13926,0.1409,405827178.0
1691078400,0.14091,0.14336,0.13785,0.1389,440266182.0
1691107200,0.1389,0.1419,0.13802,0.1394,326407474.0
1691136000,0.13939,0.14188,0.13903,0.14031,266330709.0
1691164800,0.1403,0.14078,0.1358,0.13633,354953258.0
1691193600,0.13633,0.13735,0.13328,0.1355,404814109.0
1691222400,0.13549,0.13766,0.13527,0.13641,220815009.0
1691251200,0.13641,0.13919,0.13638,0.13892,207192511.0
1691280000,0.13891,0.14282,0.13842,0.14097,346300400.0
1691308800,0.14097,0.14516,0.13901,0.13948,389749739.0
1691337600,0.13948,0.14039,0.13871,0.13933,176891618.0
1691366400,0.13935,0.14173,0.1377,0.13861,244086582.0
1691395200,0.1386,0.1436,0.13842,0.13992,533550375.0
1691424000,0.13992,0.14332,0.13677,0.14289,391971487.0
1691452800,0.1429,0.1435,0.13864,0.13919,234024014.0
1691481600,0.1392,0.14231,0.13832,0.14137,331916837.0
1691510400,0.14136,0.14386,0.14123,0.14285,302234886.0
1691539200,0.14285,0.14377,0.14101,0.1427,181641946.0
1691568000,0.14269,0.14603,0.14187,0.14266,364458280.0
1691596800,0.14266,0.14328,0.13958,0.14147,328625277.0
1691625600,0.14148,0.14173,0.13845,0.13897,152165815.0
1691654400,0.13897,0.14094,0.13856,0.14004,169617171.0
1691683200,0.14003,0.14004,0.13814,0.13888,118263066.0
1691712000,0.13887,0.14153,0.13848,0.14008,122585260.0
1691740800,0.14008,0.14061,0.13854,0.13896,133802569.0
1691769600,0.13897,0.13971,0.1383,0.13968,77571436.0
1691798400,0.13969,0.14037,0.13865,0.13913,80249347.0
1691827200,0.13913,0.13919,0.138,0.13837,76123044.0
1691856000,0.13837,0.13855,0.13683,0.13787,89663375.0
1691884800,0.13788,0.13868,0.13755,0.13829,78248847.0
1691913600,0.13828,0.13926,0.13802,0.13891,78773242.0
1691942400,0.13891,0.1407,0.13735,0.13781,134231262.0
1691971200,0.13781,0.13837,0.13624,0.13748,96584286.0
1692000000,0.13751,0.13806,0.13643,0.13712,73588994.0
1692028800,0.13713,0.13716,0.13453,0.13599,126427457.0
1692057600,0.13599,0.13652,0.13403,0.13491,80082751.0
1692086400,0.13492,0.13628,0.13276,0.13302,188365900.0
1692115200,0.13303,0.13379,0.1213,0.13016,386093721.0
1692144000,0.13015,0.13265,0.1286,0.12985,171523949.0
1692172800,0.12985,0.13083,0.12711,0.12732,224630186.0
1692201600,0.12732,0.12939,0.12295,0.12659,275682360.0
1692230400,0.12659,0.12758,0.12374,0.12633,108902860.0
1692259200,0.12633,0.12662,0.12152,0.12226,193618344.0
1692288000,0.12226,0.12355,0.1029,0.11306,692913061.0
1692316800,0.11307,0.11518,0.11099,0.11448,309835105.0
1692345600,0.11447,0.11773,0.11413,0.11566,215297623.0
1692374400,0.11567,0.11781,0.11398,0.1166,218547362.0
1692403200,0.11659,0.12003,0.11646,0.11895,141126632.0
1692432000,0.11895,0.12554,0.11855,0.12494,308851920.0
1692460800,0.12493,0.12496,0.12123,0.12368,229561775.0
1692489600,0.12368,0.12702,0.12241,0.12658,283679718.0
1692518400,0.12658,0.13262,0.12524,0.12999,1156843893.0
1692547200,0.13,0.1322,0.1286,0.12951,675731925.0
1692576000,0.1295,0.13024,0.12443,0.1249,460655997.0
1692604800,0.12491,0.12662,0.1218,0.12322,440543283.0
1692633600,0.12322,0.12546,0.12221,0.12468,214494591.0
1692662400,0.12468,0.12486,0.12295,0.12391,106977610.0
1692691200,0.12391,0.12402,0.11948,0.12018,234746813.0
1692720000,0.12017,0.12207,0.11678,0.12059,374548193.0
1692748800,0.1206,0.12154,0.11969,0.12064,138788543.0
1692777600,0.12064,0.12608,0.12058,0.12564,396190275.0
1692806400,0.12564,0.129,0.12527,0.12738,328689041.0
1692835200,0.12739,0.12879,0.12644,0.12809,164649965.0
1692864000,0.12809,0.12813,0.12281,0.12286,186865547.0
1692892800,0.12287,0.12436,0.12146,0.12375,171936329.0
1692921600,0.12376,0.12394,0.12056,0.12082,149787413.0
1692950400,0.12082,0.12418,0.12069,0.12228,226632542.0
1692979200,0.12226,0.12517,0.12116,0.12379,175997144.0
1693008000,0.12379,0.12456,0.1224,0.12264,95373556.0
1693036800,0.12264,0.12369,0.12179,0.12222,100936176.0
1693065600,0.12222,0.12229,0.12034,0.12077,109236942.0
1693094400,0.12077,0.12234,0.12018,0.12168,86650991.0
1693123200,0.12168,0.12228,0.12081,0.1216,96063060.0
1693152000,0.1216,0.12176,0.11926,0.12077,111770918.0
1693180800,0.12078,0.12096,0.11842,0.1193,126033136.0
1693209600,0.1193,0.12131,0.11837,0.11951,182825385.0
1693238400,0.11952,0.12041,0.11889,0.11992,101269874.0
1693267200,0.11992,0.12056,0.11776,0.11778,110868630.0
1693296000,0.11778,0.1288,0.11671,0.12383,460616958.0
1693324800,0.12386,0.12524,0.1231,0.12435,235004788.0
1693353600,0.12435,0.12446,0.12195,0.12283,108668704.0
1693382400,0.12284,0.12303,0.1201,0.12078,138373195.0
1693411200,0.12078,0.12111,0.12008,0.12032,56720815.0
1693440000,0.12032,0.12072,0.11885,0.12036,76087616.0
1693468800,0.12036,0.12089,0.11681,0.11821,138453414.0
1693497600,0.11821,0.11821,0.11276,0.11482,264878968.0
1693526400,0.11482,0.11651,0.11467,0.11651,82810038.0
1693555200,0.11651,0.11726,0.1144,0.11518,120514920.0
1693584000,0.11518,0.11523,0.11247,0.11404,157481911.0
1693612800,0.11405,0.11435,0.11261,0.11308,64870230.0
1693641600,0.11308,0.11368,0.11203,0.11294,89442961.0
1693670400,0.11295,0.1138,0.11109,0.11344,100742687.0
1693699200,0.11345,0.11429,0.11292,0.11397,45446604.0
1693728000,0.11397,0.11788,0.11311,0.1176,279029148.0
1693756800,0.11761,0.1205,0.11735,0.11868,388544096.0
1693785600,0.11868,0.1249,0.11832,0.12458,522571680.0
1693814400,0.12458,0.12656,0.11998,0.12297,746161032.0
1693843200,0.12296,0.12561,0.12234,0.12433,334321266.0
1693872000,0.12433,0.12974,0.12235,0.12463,651722335.0
1693900800,0.12464,0.12738,0.12304,0.12336,381200785.0
1693929600,0.12336,0.12352,0.12125,0.12223,215798093.0
1693958400,0.12224,0.12384,0.12051,0.12158,211380416.0
1693987200,0.12158,0.12162,0.11738,0.11831,313008668.0
1694016000,0.1183,0.12429,0.1172,0.12385,329272938.0
1694044800,0.12385,0.12449,0.12176,0.12364,171079931.0
1694073600,0.12363,0.12386,0.12172,0.12299,179213489.0
1694102400,0.12299,0.12575,0.1218,0.1254,279281185.0
1694131200,0.1254,0.12749,0.12378,0.12441,204386181.0
1694160000,0.12441,0.12597,0.12178,0.12497,220299016.0
1694188800,0.12497,0.12698,0.12422,0.1268,137699154.0
1694217600,0.12679,0.13154,0.12588,0.12996,362644890.0
1694246400,0.12991,0.13297,0.12911,0.13055,514685020.0
1694275200,0.13056,0.13256,0.12955,0.13142,257414127.0
1694304000,0.13143,0.132,0.12625,0.13036,478296785.0
1694332800,0.13036,0.13428,0.12925,0.13086,672870640.0
1694361600,0.13086,0.13475,0.12966,0.13366,378539859.0
1694390400,0.13366,0.13451,0.12976,0.1303,359364578.0
1694419200,0.13029,0.13031,0.12402,0.12684,760957142.0
1694448000,0.12684,0.1285,0.12443,0.12842,330295222.0
1694476800,0.12842,0.1318,0.12745,0.12975,348235976.0
1694505600,0.12976,0.1321,0.124,0.1241,574335665.0
1694534400,0.1241,0.1251,0.12023,0.12108,461995925.0
1694563200,0.12107,0.12198,0.1192,0.11939,321993588.0
1694592000,0.11939,0.1225,0.11923,0.12063,316710220.0
1694620800,0.12063,0.1211,0.11953,0.12073,170709185.0
1694649600,0.12074,0.12186,0.11815,0.11879,202429657.0
1694678400,0.1188,0.12044,0.118,0.11944,220420068.0
1694707200,0.11944,0.12062,0.11836,0.12026,154065982.0
1694736000,0.12026,0.12199,0.11963,0.1199,166587046.0
1694764800,0.11989,0.1207,0.11736,0.11822,154111996.0
1694793600,0.11822,0.12084,0.11742,0.12031,160780759.0
1694822400,0.12031,0.12125,0.11914,0.11952,137799634.0
1694851200,0.11951,0.11959,0.11782,0.11844,132010668.0
1694880000,0.11844,0.11937,0.11816,0.11926,59177067.0
1694908800,0.11926,0.1194,0.11541,0.11706,187008796.0
1694937600,0.11705,0.11798,0.11678,0.1172,79033971.0
1694966400,0.11721,0.1173,0.11493,0.11605,129431604.0
1694995200,0.11605,0.11811,0.11489,0.11695,144679705.0
1695024000,0.11695,0.11942,0.11666,0.11866,160894738.0
1695052800,0.11867,0.11934,0.11689,0.11793,121256415.0
1695081600,0.11792,0.11919,0.11728,0.11788,87487222.0
1695110400,0.11787,0.12023,0.11743,0.11847,162265719.0
1695139200,0.11848,0.11869,0.11718,0.11831,89903589.0
1695168000,0.1183,0.11918,0.11772,0.11842,119747607.0
1695196800,0.11842,0.11865,0.11681,0.11747,111511775.0
1695225600,0.11748,0.11842,0.116,0.11679,130980138.0
1695254400,0.1168,0.11688,0.11365,0.11371,186320203.0
1695283200,0.11372,0.11398,0.11136,0.11329,227032697.0
1695312000,0.1133,0.11406,0.11264,0.11381,83588974.0
1695340800,0.1138,0.11549,0.11314,0.115,134410707.0
1695369600,0.11501,0.11547,0.11427,0.11429,80646454.0
1695398400,0.11428,0.11459,0.11334,0.11452,97518848.0
1695427200,0.11453,0.11521,0.11409,0.11426,70989794.0
1695456000,0.11426,0.11459,0.11271,0.11333,55142243.0
1695484800,0.11332,0.11433,0.1132,0.11417,44559576.0
1695513600,0.11416,0.11417,0.11292,0.11318,50808575.0
1695542400,0.11319,0.11364,0.11276,0.11302,65060072.0
1695571200,0.11303,0.1138,0.11162,0.11214,104059868.0
1695600000,0.11214,0.1134,0.11138,0.11223,92566171.0
1695628800,0.11224,0.11237,0.11066,0.11176,106476501.0
1695657600,0.11177,0.11319,0.11177,0.11289,82943181.0
1695686400,0.11289,0.11304,0.11173,0.11188,51458556.0
1695715200,0.11188,0.11202,0.1108,0.11111,82250330.0
1695744000,0.1111,0.11256,0.11087,0.11186,82363436.0
1695772800,0.11186,0.11319,0.11132,0.11268,88998131.0
1695801600,0.11268,0.11438,0.11201,0.1126,176658919.0
1695830400,0.11259,0.11299,0.11136,0.11252,87752594.0
1695859200,0.11252,0.11338,0.11217,0.11305,59712467.0
1695888000,0.11305,0.11397,0.11264,0.11383,91693373.0
1695916800,0.11385,0.11443,0.11291,0.11408,92387503.0
1695945600,0.11409,0.11429,0.11324,0.11421,60261900.0
1695974400,0.11421,0.11886,0.1135,0.11574,459665067.0
1696003200,0.11574,0.1161,0.11249,0.11266,205587559.0
1696032000,0.11266,0.11273,0.11071,0.11237,151999325.0
1696060800,0.11238,0.11274,0.1119,0.11243,83803609.0
1696089600,0.11243,0.11279,0.11176,0.11219,59403742.0
1696118400,0.11219,0.11328,0.11197,0.11279,58952886.0
1696147200,0.1128,0.11396,0.11245,0.11296,118915660.0
1696176000,0.11296,0.11465,0.11176,0.1143,133246069.0
1696204800,0.11431,0.11505,0.1136,0.11416,101498882.0
1696233600,0.11417,0.11498,0.112,0.11263,132721321.0
1696262400,0.11261,0.1134,0.10977,0.11153,185994964.0
1696291200,0.11152,0.11199,0.11094,0.11118,61406387.0
1696320000,0.11118,0.11171,0.10978,0.11027,107842965.0
1696348800,0.11028,0.11635,0.11006,0.11457,335965523.0
1696377600,0.11457,0.11527,0.11021,0.11315,411204876.0
1696406400,0.11315,0.11364,0.11166,0.11166,161397285.0
1696435200,0.11167,0.11303,0.1116,0.11232,122126053.0
1696464000,0.11232,0.1124,0.11079,0.1111,99516352.0
1696492800,0.11111,0.11224,0.11017,0.11056,118454196.0
1696521600,0.11057,0.11123,0.11011,0.11059,88815217.0
1696550400,0.11059,0.11115,0.11039,0.11113,51919439.0
1696579200,0.11114,0.11155,0.1092,0.11133,94535674.0
1696608000,0.11134,0.11231,0.11083,0.1117,90598035.0
1696636800,0.1117,0.11202,0.11081,0.11082,48967120.0
1696665600,0.11083,0.11124,0.11068,0.11086,44924077.0
1696694400,0.11085,0.1111,0.1104,0.11107,35844636.0
1696723200,0.11107,0.11137,0.11062,0.11092,35830847.0
1696752000,0.11093,0.11136,0.11038,0.11058,74659758.0
1696780800,0.11059,0.11093,0.11011,0.11066,43146955.0
1696809600,0.11065,0.11098,0.10979,0.1101,64561415.0
1696838400,0.11009,0.11016,0.10123,0.10586,278181323.0
1696867200,0.10587,0.10603,0.10248,0.10596,129080837.0
1696896000,0.10596,0.106,0.10486,0.10487,51724994.0
1696924800,0.10488,0.10546,0.10391,0.10399,87040216.0
1696953600,0.10399,0.10449,0.10336,0.10422,81975105.0
1696982400,0.10423,0.1049,0.1025,0.10328,95669775.0
1697011200,0.10329,0.10427,0.10188,0.10223,103323716.0
1697040000,0.10224,0.10331,0.10163,0.10327,83346464.0
1697068800,0.10327,0.1033,0.1023,0.10254,66810165.0
1697097600,0.10254,0.1026,0.10083,0.1017,114680337.0
1697126400,0.1017,0.1026,0.10103,0.10246,78950596.0
1697155200,0.10246,0.10308,0.1022,0.10256,59237690.0
1697184000,0.10256,0.10329,0.10228,0.1024,68386304.0
1697212800,0.1024,0.10363,0.10212,0.10289,88224884.0
1697241600,0.10289,0.10398,0.10283,0.10364,43397457.0
1697270400,0.10365,0.10421,0.10331,0.10417,50031738.0
1697299200,0.10417,0.1045,0.10373,0.10425,59653598.0
1697328000,0.10424,0.10519,0.10398,0.10493,57863731.0
1697356800,0.10494,0.10536,0.1043,0.10519,69825695.0
1697385600,0.10519,0.10644,0.10519,0.10629,91580185.0
1697414400,0.1063,0.10919,0.10605,0.10846,128437854.0
1697443200,0.10845,0.11152,0.10639,0.10658,257464437.0
1697472000,0.10657,0.1078,0.10621,0.10727,71959923.0
1697500800,0.10728,0.10751,0.10626,0.10659,54081663.0
1697529600,0.1066,0.10667,0.10338,0.10475,113397687.0
1697558400,0.10475,0.10479,0.10286,0.10294,65875659.0
1697587200,0.10294,0.1047,0.10268,0.10357,68771803.0
1697616000,0.10358,0.10406,0.10281,0.10295,60953120.0
1697644800,0.10297,0.10374,0.1024,0.10318,64126945.0
1697673600,0.10317,0.1034,0.10178,0.10259,80432265.0
1697702400,0.10259,0.10339,0.10221,0.103,61102397.0
1697731200,0.10301,0.10774,0.1029,0.10724,346992256.0
1697760000,0.10724,0.109,0.10626,0.10771,238054387.0
1697788800,0.10771,0.10999,0.10747,0.10871,188325501.0
1697817600,0.1087,0.10924,0.10729,0.10739,100099943.0
1697846400,0.10739,0.10887,0.10716,0.10861,82643446.0
1697875200,0.10861,0.11136,0.10808,0.1108,130672716.0
1697904000,0.1108,0.11269,0.11011,0.11068,130751726.0
1697932800,0.11068,0.11204,0.109,0.11016,87938688.0
1697961600,0.11016,0.11024,0.10882,0.10935,76528233.0
1697990400,0.10936,0.11092,0.1073,0.11078,238333418.0
1698019200,0.11078,0.11245,0.10927,0.11129,190371233.0
1698048000,0.11128,0.11361,0.11095,0.11232,222543587.0
1698076800,0.11231,0.11648,0.11095,0.11609,223825650.0
1698105600,0.11608,0.11897,0.11384,0.11494,226803447.0
1698134400,0.11494,0.12054,0.1118,0.11422,494879403.0
1698163200,0.11425,0.11543,0.11277,0.11439,166232280.0
1698192000,0.11438,0.11568,0.112,0.11272,127912993.0
1698220800,0.11271,0.1156,0.11215,0.11484,124597973.0
1698249600,0.11484,0.1154,0.11286,0.11433,134415979.0
1698278400,0.11433,0.11602,0.11339,0.11583,114279080.0
1698307200,0.11583,0.11687,0.11044,0.11174,252730933.0
1698336000,0.11175,0.11335,0.11076,0.11315,82473955.0
1698364800,0.11316,0.11323,0.11113,0.11157,92136396.0
1698393600,0.11157,0.11368,0.11144,0.11329,101007389.0
1698422400,0.11329,0.11337,0.10958,0.11187,91026885.0
1698451200,0.11187,0.11364,0.11184,0.11334,48646343.0
1698480000,0.11334,0.11441,0.1125,0.11359,61034158.0
1698508800,0.1136,0.11412,0.11302,0.11412,35003636.0
1698537600,0.1141,0.11457,0.11238,0.11431,79390777.0
1698566400,0.11431,0.11671,0.11431,0.11621,92741743.0
1698595200,0.1162,0.11696,0.11567,0.11579,70559878.0
1698624000,0.11579,0.11627,0.11467,0.11482,75945179.0
1698652800,0.11482,0.12026,0.11465,0.1187,189666978.0
1698681600,0.1187,0.11991,0.11656,0.11906,137682530.0
1698710400,0.11905,0.12019,0.11641,0.11664,92227196.0
1698739200,0.11665,0.125,0.11556,0.11945,522201912.0
1698768000,0.11945,0.12195,0.11923,0.1212,140329461.0
1698796800,0.1212,0.12136,0.11757,0.1211,134312932.0
1698825600,0.1211,0.12252,0.1191,0.11956,188027844.0
1698854400,0.11955,0.12318,0.11893,0.12267,146793017.0
1698883200,0.12266,0.12365,0.12082,0.12133,89288448.0
1698912000,0.12132,0.12286,0.11847,0.11874,214798990.0
1698940800,0.11873,0.12089,0.11709,0.11976,123519146.0
1698969600,0.11977,0.1198,0.11607,0.11938,105743417.0
1698998400,0.11938,0.12442,0.1189,0.12307,190095890.0
1699027200,0.12307,0.12401,0.12183,0.12257,94231218.0
1699056000,0.12254,0.12358,0.12205,0.12313,74588990.0
1699084800,0.12313,0.1242,0.121,0.12152,74132376.0
1699113600,0.12152,0.12444,0.12115,0.12367,53205139.0
1699142400,0.12367,0.12507,0.12298,0.12361,72460465.0
1699171200,0.1236,0.12858,0.12279,0.12404,256729462.0
1699200000,0.12405,0.12628,0.12387,0.12563,108691369.0
1699228800,0.12563,0.13,0.12506,0.12901,194476033.0
1699257600,0.129,0.13495,0.12789,0.13226,330931620.0
1699286400,0.13229,0.13289,0.12969,0.13117,138652238.0
1699315200,0.13119,0.13121,0.12721,0.12849,132081920.0
1699344000,0.1285,0.12903,0.12353,0.12453,151897339.0
1699372800,0.12454,0.12806,0.1219,0.12671,133699698.0
1699401600,0.12671,0.12714,0.12553,0.12621,55238608.0
1699430400,0.12621,0.129,0.1257,0.12644,124813893.0
1699459200,0.12643,0.12854,0.12623,0.12781,75330367.0
1699488000,0.12781,0.12993,0.12652,0.12831,109126403.0
1699516800,0.12832,0.13065,0.12703,0.12825,212731203.0
1699545600,0.12825,0.12899,0.10769,0.12294,382680681.0
1699574400,0.12295,0.12421,0.12214,0.12256,120849249.0
1699603200,0.12255,0.12357,0.1197,0.12078,143223720.0
1699632000,0.12142,0.12445,0.12134,0.1239,113571548.0
1699660800,0.12388,0.12468,0.12043,0.12299,130182601.0
1699689600,0.12299,0.12635,0.1228,0.12572,188855482.0
1699718400,0.12572,0.12746,0.12388,0.12518,136380498.0
1699747200,0.12519,0.12555,0.12164,0.12526,133368908.0
1699776000,0.12527,0.127,0.12399,0.12456,133834661.0
1699804800,0.12457,0.12551,0.12353,0.12444,84300642.0
1699833600,0.12445,0.12605,0.12221,0.12369,167024401.0
1699862400,0.12368,0.12452,0.12164,0.12398,138478013.0
1699891200,0.12398,0.13792,0.11874,0.12231,702322058.0
1699920000,0.12232,0.12246,0.11967,0.12232,131310762.0
1699948800,0.12231,0.1227,0.11814,0.12012,170803147.0
1699977600,0.12012,0.12098,0.11295,0.11789,181096097.0
1700006400,0.1179,0.11912,0.11695,0.11866,71234406.0
1700035200,0.11865,0.12033,0.11831,0.12025,81850322.0
1700064000,0.12024,0.12184,0.11911,0.12146,120204641.0
1700092800,0.12148,0.12327,0.121,0.12308,81779336.0
1700121600,0.12306,0.12334,0.11819,0.11943,202539445.0
1700150400,0.11944,0.12078,0.11663,0.1184,139466387.0
1700179200,0.1184,0.12049,0.11832,0.11844,118752465.0
1700208000,0.11845,0.11949,0.11452,0.11472,158239076.0
1700236800,0.11473,0.11841,0.11401,0.1183,105097869.0
1700265600,0.1183,0.11849,0.11418,0.11683,82759070.0
1700294400,0.11682,0.11842,0.11596,0.11827,65742525.0
1700323200,0.11827,0.11943,0.11751,0.1193,65808018.0
1700352000,0.11931,0.11953,0.11749,0.11913,72433223.0
1700380800,0.11913,0.12013,0.1179,0.11982,78939509.0
1700409600,0.11979,0.12142,0.11955,0.12119,70214131.0
1700438400,0.1212,0.12131,0.12,0.12097,50481217.0
1700467200,0.12097,0.12189,0.11957,0.12104,80540600.0
1700496000,0.12105,0.12139,0.11783,0.11983,100869433.0
1700524800,0.11983,0.12048,0.11835,0.1186,53119600.0
1700553600,0.11861,0.11991,0.11554,0.11757,103219215.0
1700582400,0.11756,0.11835,0.11197,0.11338,166867421.0
1700611200,0.11339,0.11644,0.11313,0.11584,63123383.0
1700640000,0.11585,0.1173,0.11583,0.11631,60663021.0
1700668800,0.11631,0.11849,0.11577,0.11818,71799466.0
1700697600,0.11818,0.11888,0.11748,0.1181,54027044.0
1700726400,0.1181,0.11882,0.11542,0.11639,100482888.0
1700755200,0.11639,0.1176,0.11624,0.11733,63185776.0
1700784000,0.11733,0.11812,0.11678,0.1179,46199580.0
1700812800,0.1179,0.11881,0.11717,0.11851,69526196.0
1700841600,0.1185,0.11914,0.11727,0.118,63792697.0
1700870400,0.11799,0.12058,0.11743,0.12056,54854419.0
1700899200,0.12056,0.1216,0.11965,0.1206,95216438.0
1700928000,0.12059,0.12116,0.11991,0.12111,38706463.0
1700956800,0.12111,0.12137,0.12026,0.12084,40799924.0
1700985600,0.12083,0.12393,0.11979,0.121,184171616.0
1701014400,0.12099,0.12133,0.11876,0.11992,87814517.0
1701043200,0.11992,0.12073,0.11602,0.11731,90168218.0
1701072000,0.11731,0.1174,0.11472,0.11517,101590161.0
1701100800,0.11518,0.11665,0.11452,0.11651,67118142.0
1701129600,0.11652,0.11719,0.11485,0.11604,55610428.0
1701158400,0.11605,0.11763,0.11561,0.11746,65447621.0
1701187200,0.11745,0.11896,0.11734,0.11858,68128453.0
1701216000,0.11858,0.1191,0.11811,0.11888,37894589.0
1701244800,0.11888,0.12017,0.11804,0.11871,93426549.0
1701273600,0.11871,0.11951,0.11815,0.11861,47952647.0
1701302400,0.11861,0.11975,0.11839,0.11924,57047419.0
1701331200,0.11924,0.11976,0.11813,0.11906,64434900.0
1701360000,0.11906,0.11914,0.11789,0.11833,64610685.0
1701388800,0.11832,0.11947,0.11787,0.11908,44664238.0
1701417600,0.11908,0.1199,0.1187,0.11951,49272562.0
1701446400,0.11951,0.12008,0.11924,0.11986,42366709.0
1701475200,0.11986,0.12084,0.11938,0.12,51417988.0
1701504000,0.12001,0.12061,0.11937,0.12031,42520023.0
1701532800,0.1203,0.12186,0.11985,0.12166,66042753.0
1701561600,0.12166,0.12275,0.12088,0.1219,54522932.0
1701590400,0.1219,0.12354,0.12085,0.1211,87139004.0
1701619200,0.12112,0.12286,0.12091,0.12208,48196289.0
1701648000,0.12208,0.12469,0.12178,0.12429,84908563.0
1701676800,0.12429,0.1255,0.1172,0.12149,222427184.0
1701705600,0.12147,0.12248,0.12084,0.12234,75272124.0
1701734400,0.12234,0.12316,0.12045,0.1211,86945713.0
1701763200,0.1211,0.12134,0.11957,0.12056,108749881.0
1701792000,0.12055,0.12303,0.12032,0.12259,125173468.0
1701820800,0.12259,0.12367,0.12064,0.12362,104829019.0
1701849600,0.12362,0.125,0.1215,0.12368,141857712.0
1701878400,0.12367,0.126,0.12339,0.12558,117152513.0
1701907200,0.12559,0.12752,0.1237,0.12712,132647859.0
1701936000,0.12712,0.12712,0.1224,0.12533,180372102.0
1701964800,0.12534,0.12635,0.12441,0.12625,93859926.0
1701993600,0.12624,0.12762,0.12588,0.12641,79256030.0
1702022400,0.12641,0.13147,0.12625,0.13145,167101242.0
1702051200,0.13145,0.13346,0.13091,0.13253,134170349.0
1702080000,0.13252,0.13706,0.13149,0.13619,182045715.0
1702108800,0.13619,0.13862,0.13273,0.13811,239693606.0
1702137600,0.13812,0.13834,0.13251,0.13373,160591826.0
1702166400,0.13374,0.13707,0.13373,0.13559,114653193.0
1702195200,0.1356,0.13597,0.13149,0.1343,120508104.0
1702224000,0.1343,0.1347,0.1321,0.13335,102330795.0
1702252800,0.13334,0.1348,0.11202,0.12557,381580627.0
1702281600,0.12558,0.12688,0.12334,0.12461,115042668.0
1702310400,0.12459,0.12506,0.12011,0.12348,137192147.0
1702339200,0.12347,0.1255,0.12286,0.1253,79720398.0
1702368000,0.1253,0.1254,0.12219,0.12283,141655384.0
1702396800,0.12284,0.12341,0.12075,0.1232,100258280.0
1702425600,0.12319,0.12338,0.118,0.11989,167072334.0
1702454400,0.11989,0.12236,0.11981,0.12215,77576907.0
1702483200,0.12215,0.12576,0.12119,0.12484,99877854.0
1702512000,0.12484,0.12591,0.12407,0.12517,72102092.0
1702540800,0.12516,0.12684,0.12133,0.12483,129492706.0
1702569600,0.12482,0.12823,0.12475,0.12765,74584923.0
1702598400,0.12765,0.12829,0.1258,0.126,67404442.0
1702627200,0.12599,0.12706,0.124,0.12473,75998164.0
1702656000,0.12474,0.12607,0.12253,0.12295,69765499.0
1702684800,0.12294,0.12477,0.12129,0.1245,64822809.0
1702713600,0.12451,0.12578,0.12418,0.12578,48210715.0
1702742400,0.12578,0.12625,0.12404,0.12479,60268995.0
1702771200,0.12479,0.1251,0.1234,0.12355,58366748.0
1702800000,0.12357,0.12524,0.12306,0.12455,63581080.0
1702828800,0.12456,0.12512,0.12186,0.12215,56050092.0
1702857600,0.12214,0.12251,0.11941,0.11979,103320829.0
1702886400,0.11979,0.1204,0.11597,0.11918,185834850.0
1702915200,0.11919,0.12187,0.1191,0.1213,93384623.0
1702944000,0.1213,0.12259,0.1209,0.12233,65172688.0
1702972800,0.12233,0.12239,0.11932,0.12013,101157135.0
1703001600,0.12013,0.12042,0.11858,0.1195,81647115.0
1703030400,0.1195,0.121,0.11865,0.12098,60771553.0
1703059200,0.12098,0.12297,0.12085,0.12266,81875811.0
1703088000,0.12267,0.12278,0.11976,0.12201,95366693.0
1703116800,0.12201,0.12292,0.12126,0.12267,58654428.0
1703145600,0.12267,0.12398,0.12154,0.12248,75810304.0
1703174400,0.12249,0.12482,0.12193,0.12478,67612007.0
1703203200,0.12477,0.12528,0.12324,0.12407,75472177.0
1703232000,0.12406,0.12618,0.12397,0.12583,95873362.0
1703260800,0.12581,0.12687,0.12448,0.12672,70958277.0
1703289600,0.12673,0.12679,0.12368,0.12488,72342124.0
1703318400,0.12488,0.12697,0.12468,0.12656,51826826.0
1703347200,0.12656,0.1272,0.12647,0.12676,36669723.0
1703376000,0.12676,0.12785,0.1248,0.12671,84127412.0
1703404800,0.12671,0.12798,0.12576,0.12674,84096610.0
1703433600,0.12674,0.12814,0.12435,0.12607,97987952.0
1703462400,0.12607,0.12763,0.12514,0.12731,61976678.0
1703491200,0.12731,0.13192,0.12725,0.12944,210555092.0
1703520000,0.12944,0.13169,0.1286,0.13121,91777861.0
1703548800,0.13121,0.13133,0.12576,0.1271,145629586.0
1703577600,0.1271,0.12879,0.12604,0.1263,107030839.0
1703606400,0.12629,0.1273,0.11919,0.12615,174665478.0
1703635200,0.12615,0.12684,0.12387,0.12653,81836444.0
1703664000,0.12653,0.13101,0.1263,0.13078,126413740.0
1703692800,0.13078,0.13385,0.13027,0.13094,149385046.0
1703721600,0.13093,0.13483,0.13065,0.13342,136355281.0
1703750400,0.13342,0.136,0.12928,0.13259,233951892.0
1703779200,0.1326,0.13392,0.13045,0.13221,114383585.0
1703808000,0.13221,0.13273,0.12805,0.13016,97077941.0
1703836800,0.13016,0.13198,0.12834,0.12942,103349982.0
1703865600,0.12942,0.12991,0.12657,0.12983,87246142.0
1703894400,0.12983,0.13229,0.12925,0.13185,67714221.0
1703923200,0.13186,0.13861,0.13013,0.13516,283524939.0
1703952000,0.13515,0.13727,0.13199,0.13257,140365293.0
1703980800,0.13256,0.13349,0.13035,0.13218,83791098.0
1704009600,0.13218,0.13228,0.13011,0.13053,82516526.0
1704038400,0.13054,0.13128,0.1271,0.1291,88194176.0
1704067200,0.12911,0.13009,0.12731,0.12865,60494213.0
1704096000,0.12864,0.13058,0.12864,0.13043,46833350.0
1704124800,0.13042,0.13255,0.12922,0.13212,69377004.0
1704153600,0.13213,0.13344,0.131,0.1311,78339319.0
1704182400,0.13111,0.13332,0.12916,0.13051,128988483.0
1704211200,0.13052,0.13079,0.12837,0.12925,84126746.0
1704240000,0.12925,0.13316,0.12917,0.13098,92352407.0
1704268800,0.131,0.13249,0.10536,0.12241,434714702.0
1704297600,0.12243,0.12293,0.1195,0.12044,129385042.0
1704326400,0.12043,0.12201,0.11907,0.12076,84643523.0
1704355200,0.12077,0.12201,0.11924,0.12125,111010376.0
1704384000,0.12124,0.12191,0.12011,0.12146,84848900.0
1704412800,0.12146,0.12181,0.11609,0.11887,114630597.0
1704441600,0.11888,0.12017,0.11558,0.11708,150902943.0
1704470400,0.11708,0.11905,0.11371,0.11904,112027635.0
1704499200,0.11904,0.11953,0.11557,0.1172,93872218.0
1704528000,0.11719,0.12071,0.11688,0.11969,111614285.0
1704556800,0.1197,0.12047,0.11832,0.12001,59793044.0
1704585600,0.12,0.1204,0.11836,0.11999,58954994.0
1704614400,0.12,0.12044,0.11765,0.11823,80594308.0
1704643200,0.11824,0.11836,0.11427,0.11509,86366719.0
1704672000,0.11512,0.11862,0.11184,0.11536,245754939.0
1704700800,0.11536,0.11771,0.11472,0.11716,118151039.0
1704729600,0.11716,0.12001,0.11624,0.11946,111851058.0
1704758400,0.11947,0.12038,0.11745,0.11943,94948067.0
1704787200,0.11943,0.11949,0.1142,0.11506,122267063.0
1704816000,0.11505,0.11697,0.11365,0.11646,201613902.0
1704844800,0.11645,0.1174,0.11526,0.1155,74139930.0
1704873600,0.1155,0.11723,0.1127,0.11657,160946197.0
1704902400,0.11657,0.12229,0.11409,0.12073,221839617.0
1704931200,0.12075,0.12239,0.12017,0.12192,92754346.0
1704960000,0.12191,0.12612,0.12176,0.12304,195796747.0
1704988800,0.12303,0.12424,0.12071,0.12349,109097238.0
1705017600,0.12349,0.12419,0.12198,0.1232,66477782.0
1705046400,0.12319,0.1255,0.12194,0.12226,145970746.0
1705075200,0.12226,0.12321,0.11591,0.11898,199064358.0
1705104000,0.11898,0.12034,0.11728,0.11995,59391750.0
1705132800,0.11996,0.12038,0.11893,0.11978,49068813.0
1705161600,0.11979,0.12059,0.11912,0.1201,39053344.0
1705190400,0.1201,0.12011,0.11848,0.1198,47730025.0
1705219200,0.1198,0.12048,0.11947,0.12034,30989738.0
1705248000,0.12034,0.12088,0.11777,0.11807,99568773.0
1705276800,0.11806,0.12096,0.118,0.11952,56699819.0
1705305600,0.11952,0.12009,0.11776,0.11794,66418050.0
1705334400,0.11792,0.11977,0.11783,0.11819,52980130.0
1705363200,0.1182,0.11911,0.1181,0.1184,40261171.0
1705392000,0.1184,0.11912,0.11654,0.11836,82499333.0
1705420800,0.11837,0.11928,0.11775,0.11855,47598235.0
1705449600,0.11854,0.11935,0.11725,0.11746,43894947.0
1705478400,0.11746,0.11847,0.11724,0.11756,66396726.0
1705507200,0.11757,0.1194,0.11685,0.11883,81208976.0
1705536000,0.11883,0.11897,0.11718,0.11807,45508431.0
1705564800,0.11806,0.11809,0.1158,0.11665,66129569.0
1705593600,0.11665,0.11676,0.11271,0.11422,125710525.0
1705622400,0.11423,0.11454,0.11241,0.1141,71409733.0
1705651200,0.11409,0.11486,0.11212,0.11228,70051683.0
1705680000,0.11226,0.1144,0.1087,0.11393,154611539.0
1705708800,0.11394,0.11445,0.11304,0.11402,44868338.0
1705737600,0.11403,0.11458,0.11312,0.11414,37499741.0
1705766400,0.11413,0.11557,0.11404,0.11546,35248645.0
1705795200,0.11546,0.11623,0.11514,0.11615,36154363.0
1705824000,0.11615,0.1167,0.11541,0.11601,47287802.0
1705852800,0.11602,0.11673,0.11531,0.11568,49119070.0
1705881600,0.11566,0.11619,0.11352,0.11408,84536931.0
1705910400,0.11408,0.11458,0.11261,0.1138,118214925.0
1705939200,0.1138,0.11463,0.11149,0.11273,111576420.0
1705968000,0.11274,0.11431,0.11249,0.11267,63430291.0
1705996800,0.11267,0.11304,0.10699,0.10939,205505223.0
1706025600,0.10938,0.11171,0.1085,0.11166,93233146.0
1706054400,0.11166,0.11242,0.11057,0.11211,62997804.0
1706083200,0.11211,0.11244,0.11096,0.11156,78558301.0
1706112000,0.11155,0.11279,0.11088,0.11269,55427889.0
1706140800,0.11269,0.11274,0.11132,0.112,44783376.0
1706169600,0.112,0.11252,0.11096,0.11201,60503939.0
1706198400,0.11201,0.11218,0.11048,0.11185,76414803.0
1706227200,0.11182,0.11382,0.11164,0.11296,58432971.0
1706256000,0.11298,0.11552,0.11292,0.11535,62134283.0
1706284800,0.11536,0.11687,0.11487,0.11586,87359260.0
1706313600,0.11587,0.11667,0.11522,0.11608,43948666.0
1706342400,0.11609,0.11658,0.11546,0.11598,27615327.0
1706371200,0.11598,0.11708,0.1158,0.11633,42101237.0
1706400000,0.11634,0.11662,0.11538,0.11547,52049738.0
1706428800,0.11546,0.11618,0.11412,0.11445,56837571.0
1706457600,0.11444,0.11486,0.11287,0.11375,64194038.0
1706486400,0.11376,0.11461,0.11317,0.11417,41351993.0
1706515200,0.11418,0.11524,0.11383,0.11519,50337256.0
1706544000,0.11518,0.11651,0.11465,0.11651,62109079.0
1706572800,0.1165,0.11693,0.11541,0.11613,52739551.0
1706601600,0.11614,0.1165,0.11439,0.11494,86137201.0
1706630400,0.11495,0.1152,0.11236,0.11276,84497337.0
1706659200,0.11275,0.11366,0.11128,0.11301,84271052.0
1706688000,0.113,0.11316,0.10878,0.1112,184202328.0
1706716800,0.11119,0.11172,0.10896,0.10987,105260649.0
1706745600,0.10986,0.11084,0.10789,0.10911,83530194.0
1706774400,0.1091,0.10973,0.10797,0.10924,87199636.0
1706803200,0.10925,0.11021,0.10842,0.10985,73393827.0
1706832000,0.10984,0.11032,0.10913,0.11011,47551008.0
1706860800,0.1101,0.11033,0.10888,0.1098,67732915.0
1706889600,0.10979,0.11095,0.10922,0.11033,62154282.0
1706918400,0.11033,0.11071,0.10936,0.10953,42536297.0
1706947200,0.10953,0.11256,0.10937,0.11094,164261720.0
1706976000,0.11094,0.11153,0.11071,0.11097,51307129.0
1707004800,0.11097,0.11133,0.10915,0.1097,62374645.0
1707033600,0.1097,0.11034,0.10895,0.10974,44966572.0
1707062400,0.10973,0.11016,0.10831,0.10925,57270772.0
1707091200,0.10925,0.10947,0.10773,0.10924,56982307.0
1707120000,0.10923,0.1099,0.10802,0.10822,47686082.0
1707148800,0.10821,0.10905,0.10759,0.10854,80968342.0
1707177600,0.10853,0.1091,0.10787,0.10841,44446500.0
1707206400,0.10841,0.10977,0.10726,0.10817,98298759.0
1707235200,0.10816,0.10895,0.10784,0.10821,48877954.0
1707264000,0.10822,0.10839,0.10711,0.10735,50945548.0
1707292800,0.10734,0.10788,0.10686,0.10738,60135610.0
1707321600,0.10738,0.10918,0.10711,0.10913,84131697.0
1707350400,0.10913,0.10978,0.10867,0.10908,54416754.0
1707379200,0.10907,0.11015,0.10902,0.11004,61067173.0
1707408000,0.11005,0.11009,0.10858,0.10977,73575307.0
1707436800,0.10978,0.1112,0.10976,0.11098,51132558.0
1707465600,0.11098,0.11228,0.11065,0.11117,82396645.0
1707494400,0.11117,0.11224,0.11066,0.11203,57976943.0
1707523200,0.11203,0.11301,0.1118,0.11214,45183140.0
1707552000,0.11214,0.11253,0.1106,0.11113,80289405.0
1707580800,0.11113,0.11209,0.11102,0.11164,37928299.0
1707609600,0.11165,0.11281,0.11144,0.11235,49780658.0
1707638400,0.11235,0.11317,0.11109,0.11163,88299641.0
1707667200,0.11164,0.11184,0.11062,0.11119,51889636.0
1707696000,0.11119,0.1117,0.10967,0.11043,68114839.0
1707724800,0.11043,0.11175,0.10952,0.11172,95997896.0
1707753600,0.11172,0.11335,0.11122,0.11315,85496801.0
1707782400,0.11316,0.11346,0.11202,0.11285,60628844.0
1707811200,0.11286,0.11459,0.10946,0.11039,195158638.0
1707840000,0.11038,0.11119,0.10981,0.11102,77499420.0
1707868800,0.11102,0.11226,0.11017,0.11222,53073631.0
1707897600,0.11222,0.1146,0.11212,0.11332,105904583.0
1707926400,0.11334,0.11478,0.11275,0.11445,93477861.0
1707955200,0.11445,0.11642,0.11392,0.1162,119492237.0
1707984000,0.11622,0.11724,0.11509,0.11557,168634930.0
1708012800,0.11558,0.11757,0.11441,0.11677,174680310.0
1708041600,0.11678,0.11769,0.11595,0.11658,82589786.0
1708070400,0.11658,0.11841,0.114,0.115,130280377.0
1708099200,0.11499,0.11577,0.11406,0.11549,81449771.0
1708128000,0.11549,0.11596,0.11438,0.11481,51791017.0
1708156800,0.1148,0.11482,0.11169,0.11322,123803329.0
1708185600,0.11323,0.11466,0.11313,0.11418,44942165.0
1708214400,0.11419,0.11536,0.11353,0.11509,72359417.0
1708243200,0.11509,0.11614,0.1146,0.11608,60771259.0
1708272000,0.11608,0.11671,0.11543,0.11602,57865351.0
1708300800,0.11603,0.11791,0.11596,0.11772,61333597.0
1708329600,0.11773,0.1178,0.11579,0.11729,85196987.0
1708358400,0.11728,0.11937,0.11572,0.11851,112933101.0
1708387200,0.11851,0.12086,0.11688,0.11996,160645576.0
1708416000,0.11996,0.12129,0.11255,0.11592,275620886.0
1708444800,0.11596,0.11855,0.11422,0.11772,158660803.0
1708473600,0.11773,0.11801,0.11437,0.11496,74487559.0
1708502400,0.11496,0.11516,0.11143,0.11294,193405246.0
1708531200,0.11294,0.11449,0.11087,0.11439,138819676.0
1708560000,0.11439,0.11632,0.11331,0.11628,81280338.0
1708588800,0.11628,0.11784,0.11483,0.1164,116846696.0
1708617600,0.11639,0.11724,0.11518,0.11545,91633877.0
1708646400,0.11546,0.11667,0.11384,0.11489,69325455.0
1708675200,0.11489,0.11646,0.11392,0.1146,138874777.0
1708704000,0.11462,0.11624,0.11304,0.11489,123921854.0
1708732800,0.11489,0.11667,0.11376,0.11659,72746058.0
1708761600,0.11659,0.11734,0.1161,0.1161,54885716.0
1708790400,0.11611,0.1176,0.11611,0.11658,54324073.0
1708819200,0.11658,0.11717,0.11553,0.116,55005379.0
1708848000,0.116,0.11699,0.11559,0.11579,76618007.0
1708876800,0.11579,0.11667,0.11562,0.11663,60149612.0
1708905600,0.11664,0.11676,0.11534,0.11561,61207203.0
1708934400,0.1156,0.11685,0.11414,0.11645,97293106.0
1708963200,0.11644,0.11829,0.11637,0.11806,143391092.0
1708992000,0.11806,0.12023,0.11717,0.11915,148460308.0
1709020800,0.11916,0.1208,0.11854,0.11896,145668894.0
1709049600,0.11896,0.12373,0.11786,0.12304,242865415.0
1709078400,0.12304,0.12359,0.12087,0.12244,131780976.0
1709107200,0.12243,0.12395,0.12077,0.12331,221491113.0
1709136000,0.12331,0.12542,0.11217,0.12106,428350528.0
1709164800,0.12107,0.12712,0.12039,0.12527,208887956.0
1709193600,0.12526,0.12726,0.12429,0.12625,191427247.0
1709222400,0.12624,0.12856,0.1191,0.12217,387293842.0
1709251200,0.12217,0.12469,0.12217,0.12345,115666201.0
1709280000,0.12345,0.12586,0.1231,0.12435,136477607.0
1709308800,0.12436,0.12758,0.12392,0.12725,124872651.0
1709337600,0.12725,0.13368,0.12678,0.1329,322688475.0
1709366400,0.13291,0.13722,0.1316,0.13375,328130910.0
1709395200,0.13378,0.13857,0.13338,0.13845,155202832.0
1709424000,0.13844,0.14025,0.12745,0.13178,364794805.0
1709452800,0.1318,0.13574,0.13092,0.13464,202535336.0
1709481600,0.13464,0.13626,0.13313,0.1359,113827489.0
1709510400,0.1359,0.14481,0.13338,0.14272,286228520.0
1709539200,0.14273,0.15932,0.14268,0.14888,717640417.0
1709568000,0.14889,0.15005,0.14402,0.14609,340893683.0
1709596800,0.14608,0.15135,0.14154,0.14789,564546423.0
1709625600,0.14789,0.15344,0.14223,0.14366,448738590.0
1709654400,0.14367,0.14489,0.11373,0.13224,754188528.0
1709683200,0.13224,0.13697,0.12805,0.13683,239386953.0
1709712000,0.13685,0.1389,0.13114,0.13359,335473790.0
1709740800,0.13363,0.13865,0.13266,0.13865,202484365.0
1709769600,0.13865,0.14372,0.13759,0.14204,277124695.0
1709798400,0.14204,0.14307,0.13793,0.14087,181146959.0
1709827200,0.14087,0.1428,0.13957,0.14215,117807756.0
1709856000,0.14215,0.14325,0.14,0.14115,100278939.0
1709884800,0.14114,0.14569,0.13744,0.13945,301753378.0
1709913600,0.13944,0.14207,0.13635,0.14173,204885078.0
1709942400,0.14174,0.14382,0.14047,0.14263,95386893.0
1709971200,0.14263,0.1435,0.14016,0.14305,131838493.0
1710000000,0.14304,0.14399,0.14154,0.14242,113151439.0
1710028800,0.14242,0.14428,0.1419,0.14418,96777971.0
1710057600,0.14422,0.1451,0.1377,0.13963,173347632.0
1710086400,0.13964,0.14121,0.13683,0.1399,123088360.0
1710115200,0.13991,0.14415,0.134,0.14348,264305931.0
1710144000,0.14349,0.15816,0.14314,0.15774,328173570.0
1710172800,0.1578,0.16296,0.1529,0.15793,965538016.0
1710201600,0.15791,0.15982,0.1497,0.15165,408330413.0
1710230400,0.15165,0.15204,0.14721,0.14949,344744182.0
1710259200,0.14951,0.15008,0.14217,0.14946,276591459.0
1710288000,0.14946,0.15346,0.1486,0.15228,142831153.0
1710316800,0.15229,0.15383,0.1465,0.14765,242871196.0
1710345600,0.14765,0.15132,0.1469,0.15096,126486549.0
1710374400,0.15096,0.15101,0.14726,0.14889,116061666.0
1710403200,0.14889,0.15277,0.1416,0.14297,395082631.0
1710432000,0.14296,0.14533,0.13772,0.14472,288785120.0
1710460800,0.14471,0.14578,0.13,0.13639,417438692.0
1710489600,0.1364,0.13655,0.12678,0.13361,451589307.0
1710518400,0.13361,0.13755,0.13217,0.13712,222122566.0
1710547200,0.13713,0.1433,0.13672,0.1408,284955519.0
1710576000,0.14081,0.14115,0.13402,0.13662,197684191.0
1710604800,0.13662,0.13683,0.12648,0.12932,407733937.0
1710633600,0.12933,0.13128,0.1241,0.12675,231661919.0
1710662400,0.12674,0.13293,0.12613,0.13244,181971390.0
1710691200,0.13245,0.13334,0.13162,0.13229,95094244.0
1710720000,0.13229,0.13302,0.12861,0.13257,121346811.0
1710748800,0.13257,0.1326,0.12619,0.1277,208841383.0
1710777600,0.12771,0.13786,0.12499,0.13497,418539207.0
1710806400,0.13492,0.13497,0.12006,0.1248,500111124.0
1710835200,0.12481,0.1298,0.11914,0.12655,525132911.0
1710864000,0.12656,0.12812,0.11865,0.12078,299495901.0
1710892800,0.12077,0.12464,0.11711,0.12405,298571366.0
1710921600,0.12407,0.12641,0.12297,0.12382,206102008.0
1710950400,0.12382,0.13146,0.11957,0.13091,263278653.0
1710979200,0.1309,0.13213,0.12786,0.13022,164657710.0
1711008000,0.13022,0.13565,0.13005,0.13344,243926939.0
1711036800,0.13347,0.13472,0.12989,0.13343,211819693.0
1711065600,0.13344,0.13435,0.13034,0.1335,118391222.0
1711094400,0.1335,0.13405,0.1254,0.12798,242349746.0
1711123200,0.12799,0.12852,0.12612,0.12838,121025595.0
1711152000,0.12839,0.13017,0.12775,0.12984,92515064.0
1711180800,0.12984,0.13452,0.1294,0.13432,113865611.0
1711209600,0.13431,0.13667,0.13256,0.13274,117843272.0
1711238400,0.13274,0.13468,0.13187,0.13389,103620130.0
1711267200,0.13389,0.13555,0.13336,0.13449,104733457.0
1711296000,0.13449,0.13551,0.13268,0.13515,92488859.0
1711324800,0.13515,0.1361,0.1342,0.13443,75992435.0
1711353600,0.13442,0.1381,0.13424,0.13748,121855609.0
1711382400,0.1375,0.13968,0.13609,0.13679,181239250.0
1711411200,0.13678,0.14004,0.13657,0.13874,100863893.0
1711440000,0.13875,0.14012,0.1359,0.13756,167057939.0
1711468800,0.13756,0.13891,0.13571,0.13833,135458788.0
1711497600,0.13834,0.14,0.13534,0.13572,116281969.0
1711526400,0.13573,0.13824,0.13242,0.13294,250487934.0
1711555200,0.13294,0.13522,0.1323,0.13392,111143096.0
1711584000,0.13392,0.13694,0.13269,0.13679,107581898.0
1711612800,0.1368,0.13894,0.13634,0.13762,145987467.0
1711641600,0.13763,0.13914,0.13676,0.13812,103737323.0
1711670400,0.13812,0.14235,0.13735,0.13879,175187871.0
1711699200,0.13879,0.14591,0.13868,0.14258,293339457.0
1711728000,0.14258,0.14671,0.13984,0.14288,193020802.0
1711756800,0.14288,0.14376,0.1396,0.13968,92267747.0
1711785600,0.13968,0.1416,0.13959,0.14047,73514315.0
1711814400,0.14047,0.14083,0.13816,0.13925,71423269.0
1711843200,0.13925,0.14159,0.1385,0.14131,61876512.0
1711872000,0.14132,0.14144,0.13994,0.14007,46960580.0
1711900800,0.14008,0.14149,0.13977,0.14135,46313702.0
1711929600,0.14135,0.1428,0.13517,0.13809,175196970.0
1711958400,0.13808,0.1381,0.13209,0.13286,223747035.0
1711987200,0.13286,0.1361,0.13238,0.13565,93085056.0
1712016000,0.13565,0.13612,0.12889,0.1308,200250516.0
1712044800,0.13081,0.1312,0.12722,0.12775,234276568.0
1712073600,0.12775,0.12972,0.12732,0.12873,99853485.0
1712102400,0.12873,0.13009,0.12531,0.12946,162443385.0
1712131200,0.12946,0.13092,0.12794,0.12866,129059734.0
1712160000,0.12864,0.12957,0.12433,0.12633,179754803.0
1712188800,0.12636,0.12785,0.12432,0.12745,108762118.0
1712217600,0.12747,0.13211,0.1273,0.13049,198498904.0
1712246400,0.13049,0.13138,0.12736,0.12895,117580089.0
1712275200,0.12896,0.12974,0.12594,0.12706,100680674.0
1712304000,0.12707,0.12822,0.124,0.1277,154367604.0
1712332800,0.12769,0.12823,0.12692,0.12756,54765942.0
1712361600,0.12755,0.12927,0.127,0.12873,56139337.0
1712390400,0.12873,0.12952,0.12792,0.12908,46992298.0
1712419200,0.12909,0.13005,0.12815,0.12921,42222229.0
1712448000,0.12921,0.13039,0.12887,0.12971,45811180.0
1712476800,0.12972,0.13053,0.12932,0.12955,44755854.0
1712505600,0.12956,0.13025,0.12802,0.12942,65517256.0
1712534400,0.12942,0.13078,0.12753,0.13033,90203198.0
1712563200,0.13034,0.13457,0.13019,0.13337,163450597.0
1712592000,0.13337,0.13461,0.13321,0.13356,80110193.0
1712620800,0.13357,0.13442,0.13173,0.13248,83327262.0
1712649600,0.13244,0.13711,0.1306,0.13426,296946123.0
1712678400,0.13425,0.1344,0.13156,0.13221,105391198.0
1712707200,0.1322,0.13232,0.12792,0.12994,157783868.0
1712736000,0.12994,0.13057,0.12536,0.12849,188302131.0
1712764800,0.12849,0.13055,0.12766,0.12981,101255580.0
1712793600,0.12982,0.13155,0.12921,0.13114,63810985.0
1712822400,0.13114,0.13143,0.12853,0.12974,122780605.0
1712851200,0.12975,0.13046,0.12827,0.13037,66518380.0
1712880000,0.13036,0.13127,0.12964,0.12998,54997095.0
1712908800,0.12999,0.13039,0.12533,0.1259,115425681.0
1712937600,0.1259,0.12591,0.1,0.11493,548215848.0
1712966400,0.11493,0.11545,0.11071,0.11371,171624648.0
1712995200,0.1137,0.11466,0.11229,0.11276,103399878.0
1713024000,0.11275,0.11313,0.08875,0.10517,735874854.0
1713052800,0.10517,0.11011,0.10161,0.11008,293252996.0
1713081600,0.11009,0.11141,0.10586,0.10722,292516183.0
1713110400,0.10722,0.11111,0.10423,0.11055,263466949.0
1713139200,0.11055,0.11392,0.10708,0.11306,177006122.0
1713168000,0.11305,0.11405,0.10695,0.10867,218541925.0
1713196800,0.10866,0.10938,0.10364,0.10755,239942878.0
1713225600,0.10754,0.10984,0.10389,0.10905,184629209.0
1713254400,0.10905,0.10968,0.10479,0.10531,231298078.0
1713283200,0.10531,0.11002,0.10485,0.10954,156656869.0
1713312000,0.10954,0.11009,0.10777,0.10956,123261117.0
1713340800,0.10957,0.10996,0.10517,0.10592,274997038.0
1713369600,0.10593,0.1098,0.10465,0.10754,228164794.0
1713398400,0.10753,0.10879,0.10503,0.10662,161157676.0
1713427200,0.10662,0.11068,0.10555,0.10987,168659552.0
1713456000,0.10988,0.11105,0.10763,0.11037,103491586.0
1713484800,0.11038,0.1124,0.10321,0.11154,260858163.0
1713513600,0.11154,0.11355,0.11081,0.11263,120200032.0
1713542400,0.11262,0.11266,0.11,0.11169,99485701.0
1713571200,0.1117,0.11386,0.11071,0.11355,96545282.0
1713600000,0.11355,0.11481,0.11236,0.11477,85713632.0
1713628800,0.11477,0.11682,0.11412,0.1159,89522898.0
1713657600,0.1159,0.11648,0.11435,0.11575,71830181.0
1713686400,0.11576,0.11616,0.11321,0.11469,101197068.0
1713715200,0.11471,0.11482,0.11241,0.11377,94993729.0
1713744000,0.11377,0.11668,0.11344,0.1154,115937117.0
1713772800,0.11541,0.11705,0.11504,0.11639,95387266.0
1713801600,0.11637,0.11901,0.11586,0.1181,132061686.0
1713830400,0.1181,0.11869,0.1156,0.11606,85694602.0
1713859200,0.11607,0.11722,0.11559,0.11624,77898939.0
1713888000,0.11625,0.11746,0.11539,0.11729,95154991.0
1713916800,0.11729,0.12028,0.11691,0.11947,99881046.0
1713945600,0.11947,0.11974,0.11529,0.11565,138665512.0
1713974400,0.11564,0.11685,0.11318,0.1144,115199548.0
1714003200,0.1144,0.11555,0.1118,0.11353,95263309.0
1714032000,0.11354,0.11427,0.11136,0.11375,104940886.0
1714060800,0.11375,0.11512,0.11347,0.11373,58234851.0
1714089600,0.11373,0.11468,0.11182,0.11291,78940702.0
1714118400,0.11292,0.1143,0.11176,0.11328,73831765.0
1714147200,0.11328,0.11512,0.11299,0.11399,56093898.0
1714176000,0.11399,0.11442,0.11068,0.11231,96056156.0
1714204800,0.1123,0.11358,0.11152,0.11264,62283258.0
1714233600,0.11263,0.11499,0.1125,0.11441,59737956.0
1714262400,0.11441,0.11595,0.11423,0.11577,47159372.0
1714291200,0.11576,0.11591,0.11363,0.11377,63241125.0
1714320000,0.11377,0.11421,0.1118,0.11218,56140926.0
1714348800,0.11219,0.11363,0.11017,0.11064,93461940.0
1714377600,0.11063,0.11184,0.10961,0.11156,94563961.0
1714406400,0.11157,0.11271,0.11057,0.11196,65597926.0
1714435200,0.11197,0.11284,0.10997,0.11118,64019216.0
1714464000,0.11118,0.11133,0.10493,0.10616,208296000.0
1714492800,0.10617,0.10799,0.10434,0.10768,132357585.0
1714521600,0.10767,0.10813,0.1044,0.10504,123716793.0
1714550400,0.10504,0.10734,0.1029,0.10664,144102467.0
1714579200,0.10665,0.11121,0.10606,0.11106,156587219.0
1714608000,0.11107,0.11139,0.10718,0.1072,90793340.0
1714636800,0.10721,0.1102,0.10697,0.10953,87890956.0
1714665600,0.10954,0.11119,0.10921,0.11016,72737724.0
1714694400,0.11017,0.11125,0.1093,0.10951,53145221.0
1714723200,0.1095,0.11121,0.10875,0.11098,116395717.0
1714752000,0.11098,0.11252,0.11067,0.11164,53533834.0
1714780800,0.11164,0.11218,0.11057,0.11061,56448450.0
1714809600,0.11062,0.11257,0.11058,0.11137,61677042.0
1714838400,0.11138,0.11218,0.11069,0.11084,43714622.0
1714867200,0.11084,0.11105,0.10917,0.11017,63853370.0
1714896000,0.11017,0.11127,0.10943,0.11114,57128940.0
1714924800,0.11113,0.1113,0.1102,0.11087,50138893.0
1714953600,0.11087,0.11196,0.10995,0.11194,59906391.0
1714982400,0.11193,0.11306,0.10907,0.11245,178630372.0
1715011200,0.11245,0.11361,0.1096,0.10964,198863485.0
1715040000,0.10964,0.11042,0.10764,0.1091,102111737.0
1715068800,0.10909,0.11072,0.10876,0.10991,82833007.0
1715097600,0.10991,0.1102,0.10768,0.10792,83633618.0
1715126400,0.1079,0.10842,0.107,0.10715,77774093.0
1715155200,0.10715,0.10978,0.10685,0.10908,104174164.0
1715184000,0.10908,0.1094,0.10663,0.10723,107456076.0
1715212800,0.10723,0.10803,0.10622,0.10658,69196887.0
1715241600,0.10657,0.10766,0.10567,0.10726,73382025.0
1715270400,0.10726,0.1087,0.10646,0.10846,59965618.0
1715299200,0.10847,0.10915,0.10794,0.10914,41464456.0
1715328000,0.10913,0.10973,0.10535,0.10635,119864839.0
1715356800,0.10634,0.10671,0.10509,0.10621,90084146.0
1715385600,0.10622,0.10703,0.10608,0.10659,58289085.0
1715414400,0.10659,0.107,0.10532,0.10673,54007331.0
1715443200,0.10674,0.1068,0.10561,0.10581,41578427.0
1715472000,0.1058,0.10622,0.10522,0.10548,29512088.0
1715500800,0.10547,0.10602,0.10508,0.10549,36594348.0
1715529600,0.10548,0.1058,0.10357,0.10464,51247140.0
1715558400,0.10464,0.10524,0.10088,0.10403,127668675.0
1715587200,0.10402,0.10584,0.10402,0.10488,76788531.0
1715616000,0.10487,0.10568,0.10368,0.10393,58006467.0
1715644800,0.10393,0.10446,0.1023,0.104,80553519.0
1715673600,0.10401,0.10401,0.1016,0.1032,95332116.0
1715702400,0.10321,0.10325,0.1016,0.10184,62465535.0
1715731200,0.10185,0.10318,0.10145,0.10293,45908235.0
1715760000,0.10292,0.10535,0.10188,0.10485,110232958.0
1715788800,0.10487,0.10716,0.10449,0.10673,69490044.0
1715817600,0.10673,0.10776,0.10602,0.10775,58087393.0
1715846400,0.10774,0.10796,0.1048,0.10626,94075627.0
1715875200,0.10626,0.10677,0.10578,0.10661,52009782.0
1715904000,0.10662,0.10819,0.106,0.10806,46906873.0
1715932800,0.10806,0.10973,0.1073,0.10952,74816590.0
1715961600,0.10952,0.10977,0.10815,0.1087,49294443.0
1715990400,0.10869,0.10904,0.10823,0.10852,47594929.0
1716019200,0.10851,0.10945,0.10726,0.1082,55859381.0
1716048000,0.1082,0.10844,0.10761,0.10804,28876529.0
1716076800,0.10804,0.10853,0.10712,0.10773,47156698.0
1716105600,0.10772,0.10773,0.10559,0.10623,55916829.0
1716134400,0.10622,0.10641,0.1051,0.10552,53969711.0
1716163200,0.10552,0.10792,0.10437,0.10686,84463718.0
1716192000,0.10685,0.10711,0.10563,0.10684,49014795.0
1716220800,0.10684,0.11252,0.10666,0.11251,135403562.0
1716249600,0.1125,0.11367,0.11153,0.1127,71785022.0
1716278400,0.11271,0.11417,0.11219,0.11231,99904663.0
1716307200,0.11232,0.11372,0.1113,0.11224,74475235.0
1716336000,0.11224,0.11261,0.11044,0.11191,48481031.0
1716364800,0.1119,0.11228,0.10912,0.1118,86420835.0
1716393600,0.1118,0.1123,0.10974,0.1107,67563037.0
1716422400,0.11072,0.11165,0.11029,0.11135,40643649.0
1716451200,0.11135,0.11151,0.10689,0.10834,190006200.0
1716480000,0.10834,0.10926,0.1036,0.10925,194327422.0
1716508800,0.10926,0.11039,0.10752,0.10863,72179344.0
1716537600,0.10863,0.1107,0.10731,0.10973,79477931.0
1716566400,0.10974,0.11053,0.10864,0.11024,56809778.0
1716595200,0.11023,0.11173,0.11009,0.11129,46282610.0
1716624000,0.11129,0.11184,0.11052,0.11123,42205953.0
1716652800,0.11124,0.11145,0.11034,0.11095,24067725.0
1716681600,0.11095,0.1115,0.10995,0.1104,42133126.0
1716710400,0.1104,0.1106,0.1089,0.10924,40957042.0
1716739200,0.10923,0.10959,0.10794,0.10865,34998251.0
1716768000,0.10865,0.10952,0.10809,0.10834,40724979.0
1716796800,0.10834,0.11128,0.10828,0.11093,73027822.0
1716825600,0.11092,0.1117,0.10929,0.11053,55522726.0
1716854400,0.11053,0.11086,0.1074,0.10783,93574743.0
1716883200,0.10782,0.10923,0.10734,0.10816,65249500.0
1716912000,0.10817,0.10859,0.10673,0.10794,68345901.0
1716940800,0.10795,0.10957,0.10754,0.10821,47124677.0
1716969600,0.10821,0.1089,0.10632,0.10715,112550868.0
1716998400,0.10715,0.10785,0.10651,0.10668,56384881.0
1717027200,0.10669,0.10794,0.10505,0.10538,68857344.0
1717056000,0.10538,0.10718,0.10471,0.10654,70960876.0
1717084800,0.10654,0.10797,0.10609,0.10683,60632199.0
1717113600,0.10683,0.10708,0.10579,0.10652,43621867.0
1717142400,0.10651,0.1074,0.10503,0.10522,78501821.0
1717171200,0.10523,0.10668,0.10459,0.10631,68433218.0
1717200000,0.10631,0.107,0.10613,0.10675,26789449.0
1717228800,0.10675,0.10699,0.10655,0.10664,22249780.0
1717257600,0.10664,0.10688,0.10634,0.10643,21237696.0
1717286400,0.10643,0.10685,0.10569,0.10571,33014325.0
1717315200,0.10572,0.10662,0.10525,0.1062,47157936.0
1717344000,0.10621,0.10632,0.10443,0.10517,68280482.0
1717372800,0.10516,0.10715,0.1045,0.10698,69205195.0
1717401600,0.10697,0.10719,0.10549,0.10674,54171482.0
1717430400,0.10675,0.10679,0.1051,0.10544,50206110.0
1717459200,0.10545,0.10587,0.10444,0.10479,52436692.0
1717488000,0.1048,0.10649,0.10407,0.10639,66228226.0
1717516800,0.10639,0.10696,0.10621,0.10643,49389719.0
1717545600,0.10646,0.10702,0.10595,0.1066,49139501.0
1717574400,0.10658,0.10734,0.10627,0.10714,51475462.0
1717603200,0.10714,0.10768,0.10658,0.10709,41332123.0
1717632000,0.10708,0.1071,0.10601,0.10621,32863455.0
1717660800,0.10622,0.10711,0.10607,0.10662,41665780.0
1717689600,0.10662,0.1069,0.10471,0.10533,70841476.0
1717718400,0.10532,0.10642,0.10499,0.10596,33938840.0
1717747200,0.10595,0.107,0.10516,0.10625,79106042.0
1717776000,0.10625,0.10629,0.09116,0.10012,296915683.0
1717804800,0.10012,0.10015,0.09935,0.0997,52069110.0
1717833600,0.09971,0.09971,0.09644,0.09738,93233572.0
1717862400,0.09738,0.09834,0.09669,0.09817,51244114.0
1717891200,0.09817,0.09917,0.098,0.09907,52459538.0
1717920000,0.09908,0.09958,0.09879,0.09912,35123174.0
1717948800,0.09912,0.09984,0.09899,0.09983,33005313.0
1717977600,0.09982,0.10034,0.09909,0.09934,45772382.0
1718006400,0.09936,0.10128,0.09934,0.10086,70132133.0
1718035200,0.10086,0.10088,0.0994,0.10002,56124112.0
1718064000,0.10001,0.10029,0.09709,0.09828,105006948.0
1718092800,0.09826,0.09845,0.0951,0.09637,92902324.0
1718121600,0.09637,0.09738,0.0957,0.0967,64446851.0
1718150400,0.09669,0.09847,0.09534,0.0984,56575630.0
1718179200,0.0984,0.10086,0.09791,0.10051,88407050.0
1718208000,0.10051,0.10102,0.09833,0.1001,89568764.0
1718236800,0.10009,0.1003,0.09808,0.09936,61133970.0
1718265600,0.09935,0.09981,0.09778,0.09803,71717220.0
1718294400,0.09802,0.09869,0.09716,0.09745,48795062.0
1718323200,0.09746,0.099,0.09714,0.0986,53222187.0
1718352000,0.09859,0.0989,0.09697,0.09749,52550915.0
1718380800,0.09749,0.09773,0.09422,0.09679,130781914.0
1718409600,0.09679,0.09767,0.09618,0.09749,37490299.0
1718438400,0.0975,0.09763,0.09669,0.0972,39354045.0
1718467200,0.0972,0.09892,0.09706,0.09831,56644237.0
1718496000,0.09831,0.09861,0.09762,0.09779,41444941.0
1718524800,0.0978,0.09914,0.09759,0.09861,53372204.0
1718553600,0.09861,0.09924,0.09837,0.09904,39353438.0
1718582400,0.09903,0.09932,0.09647,0.09805,102558535.0
1718611200,0.09806,0.09939,0.09586,0.09784,191024145.0
1718640000,0.09784,0.09948,0.09481,0.09676,131201399.0
1718668800,0.09676,0.09696,0.08616,0.09218,258625997.0
1718697600,0.09218,0.09261,0.0881,0.08945,161805980.0
1718726400,0.08943,0.09165,0.0877,0.09131,147740613.0
1718755200,0.0913,0.0942,0.0906,0.09272,82386100.0
1718784000,0.09271,0.0931,0.09158,0.09239,71245641.0
1718812800,0.09239,0.0935,0.09216,0.09339,52402684.0
1718841600,0.09339,0.0949,0.09296,0.09474,52511685.0
1718870400,0.09474,0.09543,0.09308,0.09354,71949124.0
1718899200,0.09355,0.09457,0.09278,0.09396,37954692.0
1718928000,0.09396,0.09443,0.09265,0.09314,62653650.0
1718956800,0.09313,0.09368,0.09146,0.0924,78147373.0
1718985600,0.09241,0.09248,0.09109,0.09199,45757238.0
1719014400,0.09199,0.09204,0.09101,0.09118,36857759.0
1719043200,0.09119,0.09142,0.09071,0.09113,26645681.0
1719072000,0.09114,0.09149,0.09056,0.09079,24112728.0
1719100800,0.09079,0.09199,0.09077,0.09167,28342291.0
1719129600,0.09166,0.09176,0.0901,0.09038,27472080.0
1719158400,0.09039,0.09041,0.08881,0.08944,48414883.0
1719187200,0.08945,0.08966,0.08759,0.08767,85012930.0
1719216000,0.08768,0.08868,0.08381,0.08734,117394863.0
1719244800,0.08733,0.08947,0.08628,0.08931,81032145.0
1719273600,0.08931,0.0908,0.08915,0.09028,66421620.0
1719302400,0.09029,0.09238,0.08998,0.09212,69290178.0
1719331200,0.09213,0.09301,0.09139,0.09186,45781831.0
1719360000,0.09186,0.09253,0.09083,0.09127,41678134.0
1719388800,0.09129,0.09169,0.09053,0.09082,46614815.0
1719417600,0.09082,0.09115,0.08959,0.09019,43260098.0
1719446400,0.09017,0.0903,0.08861,0.08892,40517301.0
1719475200,0.08893,0.09159,0.08885,0.091,65746283.0
1719504000,0.09101,0.09166,0.09079,0.09146,28755602.0
1719532800,0.09146,0.09251,0.09075,0.09219,51758763.0
1719561600,0.09218,0.09317,0.09195,0.09275,62536733.0
1719590400,0.09276,0.09328,0.09095,0.09099,82887621.0
1719619200,0.09099,0.092,0.09096,0.09141,31132520.0
1719648000,0.0914,0.0915,0.09084,0.0913,30268666.0
1719676800,0.09131,0.09143,0.08995,0.0902,28305824.0
1719705600,0.09021,0.09182,0.08931,0.09151,46426271.0
1719734400,0.09151,0.09164,0.09023,0.0905,40766503.0
1719763200,0.0905,0.09133,0.08954,0.09116,48536708.0
1719792000,0.09117,0.09271,0.09048,0.09189,65407484.0
1719820800,0.09189,0.09271,0.09111,0.09168,64360630.0
1719849600,0.09169,0.09275,0.09125,0.09146,53917435.0
1719878400,0.09147,0.09335,0.0914,0.09261,55410903.0
1719907200,0.09261,0.09427,0.09253,0.09357,83359619.0
1719936000,0.09356,0.09389,0.09307,0.09365,40986418.0
1719964800,0.09365,0.09372,0.09146,0.09236,58053904.0
1719993600,0.09235,0.09278,0.09049,0.09072,85915857.0
1720022400,0.09073,0.09102,0.08915,0.09032,67713703.0
1720051200,0.09033,0.09068,0.08678,0.08873,119204341.0
1720080000,0.08873,0.08993,0.08607,0.08863,167699358.0
1720108800,0.08863,0.08967,0.08683,0.087,87092749.0
1720137600,0.087,0.087,0.07653,0.07905,422616885.0
1720166400,0.07904,0.08503,0.07705,0.08487,168534289.0
1720195200,0.08487,0.08568,0.08354,0.08533,91225250.0
1720224000,0.08532,0.08765,0.08491,0.08746,71434752.0
1720252800,0.08744,0.08853,0.08677,0.08818,45717083.0
1720281600,0.08818,0.09082,0.08818,0.09054,61439447.0
1720310400,0.09054,0.09055,0.08871,0.08907,61007618.0
1720339200,0.08908,0.08989,0.08677,0.08749,77805759.0
1720368000,0.08749,0.08811,0.08339,0.0839,78637591.0
1720396800,0.0839,0.08404,0.08048,0.08346,130737881.0
1720425600,0.08348,0.08727,0.0832,0.08441,155857283.0
1720454400,0.08441,0.08583,0.08382,0.08542,64867622.0
1720483200,0.08541,0.08749,0.08506,0.08729,61781407.0
1720512000,0.08731,0.08826,0.08672,0.08763,71062478.0
1720540800,0.08763,0.08822,0.08717,0.088,34104570.0
1720569600,0.08799,0.08918,0.08658,0.08839,44660447.0
1720598400,0.08839,0.08858,0.08692,0.08786,51787521.0
1720627200,0.08786,0.08812,0.08662,0.08747,32694111.0
1720656000,0.08747,0.08844,0.08674,0.08826,34398979.0
1720684800,0.08826,0.09037,0.08813,0.08865,64866644.0
1720713600,0.08865,0.08958,0.08817,0.0887,36889606.0
1720742400,0.08871,0.09085,0.08809,0.0907,75846193.0
1720771200,0.09069,0.09252,0.09033,0.09069,197688922.0
1720800000,0.09068,0.09168,0.09026,0.09127,67883132.0
1720828800,0.09126,0.10077,0.09125,0.10019,330658958.0
1720857600,0.1002,0.10433,0.10009,0.10369,608118699.0
1720886400,0.1037,0.10599,0.10129,0.10216,388937120.0
1720915200,0.10216,0.10278,0.09945,0.10094,269290965.0
1720944000,0.10094,0.10685,0.10082,0.10438,447427993.0
1720972800,0.10439,0.10644,0.10316,0.10448,159284717.0
1721001600,0.10447,0.10575,0.10325,0.10343,139668764.0
1721030400,0.10343,0.10439,0.10228,0.10281,177281320.0
1721059200,0.1028,0.10504,0.1025,0.10463,180466700.0
1721088000,0.10462,0.10742,0.10161,0.10175,316752759.0
1721116800,0.10174,0.10877,0.101,0.10798,368303227.0
1721145600,0.10797,0.10923,0.10572,0.10672,164660717.0
1721174400,0.10673,0.1107,0.10595,0.10942,205067475.0
1721203200,0.10942,0.11242,0.10855,0.10911,288773096.0
1721232000,0.10911,0.11119,0.10746,0.10978,158412694.0
1721260800,0.10979,0.1112,0.10453,0.1047,216103417.0
1721289600,0.10469,0.10476,0.10133,0.10148,178076721.0
1721318400,0.10148,0.10348,0.101,0.10307,105506822.0
1721347200,0.10308,0.10368,0.1007,0.10189,79159490.0
1721376000,0.10189,0.10365,0.10121,0.10339,82366032.0
1721404800,0.10339,0.10551,0.10331,0.10523,86184245.0
1721433600,0.10523,0.10691,0.10394,0.10591,109282681.0
1721462400,0.1059,0.10607,0.10402,0.10546,48999796.0
1721491200,0.10546,0.10571,0.10456,0.10518,44409938.0
1721520000,0.10517,0.10592,0.10412,0.10442,50793172.0
1721548800,0.10442,0.10478,0.10251,0.10401,60416914.0
1721577600,0.104,0.10602,0.10136,0.10541,104622354.0
1721606400,0.10541,0.1055,0.10213,0.103,81908516.0
1721635200,0.103,0.10621,0.10255,0.10467,137804112.0
1721664000,0.10468,0.10617,0.10265,0.10345,81868552.0
1721692800,0.10344,0.10477,0.10162,0.10232,98155545.0
1721721600,0.10231,0.10379,0.10115,0.10154,144597567.0
1721750400,0.1015,0.10157,0.09933,0.10094,121484964.0
1721779200,0.10093,0.1026,0.10005,0.10254,50481755.0
1721808000,0.10254,0.10581,0.10243,0.10415,140483137.0
1721836800,0.10416,0.10467,0.10162,0.1029,97876739.0
1721865600,0.10289,0.10419,0.09968,0.10148,154321736.0
1721894400,0.10148,0.10285,0.09985,0.10179,179154749.0
1721923200,0.1018,0.10336,0.09995,0.10215,133441632.0
1721952000,0.10215,0.10451,0.10151,0.10282,67711008.0
1721980800,0.10281,0.10332,0.10133,0.1021,94207951.0
1722009600,0.10211,0.10324,0.10159,0.10305,67343517.0
1722038400,0.10305,0.10323,0.10208,0.10298,40467810.0
1722067200,0.10298,0.10354,0.10171,0.10203,93755891.0
1722096000,0.10202,0.10285,0.09995,0.10139,147491660.0
1722124800,0.10138,0.10203,0.09983,0.1011,74123368.0
1722153600,0.1011,0.10223,0.10012,0.10056,70137619.0
1722182400,0.10057,0.10064,0.09949,0.10014,48569195.0
1722211200,0.10015,0.10184,0.10005,0.10179,76445014.0
1722240000,0.10179,0.10195,0.09966,0.10005,83499757.0
1722268800,0.10005,0.10023,0.09868,0.09903,95522412.0
1722297600,0.09904,0.10034,0.09831,0.10014,69664009.0
1722326400,0.10014,0.10371,0.09986,0.10171,282284226.0
1722355200,0.10172,0.10307,0.10054,0.10241,144704045.0
1722384000,0.10241,0.10643,0.10198,0.10484,361637438.0
1722412800,0.10485,0.10625,0.10359,0.10364,237548711.0
1722441600,0.10364,0.104,0.10025,0.10046,210975471.0
1722470400,0.10045,0.10104,0.09768,0.09837,173920714.0
1722499200,0.09837,0.09981,0.09648,0.09662,167653158.0
1722528000,0.09662,0.09963,0.09529,0.09925,187498433.0
1722556800,0.09926,0.09953,0.09632,0.09727,103930320.0
1722585600,0.09727,0.09843,0.093,0.09483,216953311.0
1722614400,0.09482,0.09593,0.09377,0.09548,121300051.0
1722643200,0.09547,0.09594,0.09283,0.09559,110985010.0
1722672000,0.09558,0.09596,0.0935,0.09371,66654254.0
1722700800,0.0937,0.09396,0.09148,0.09333,184453394.0
1722729600,0.09333,0.09343,0.0913,0.09141,59295091.0
1722758400,0.09142,0.09222,0.0884,0.08889,118625958.0
1722787200,0.08891,0.08942,0.08629,0.08814,162145077.0
1722816000,0.08815,0.08855,0.07675,0.08311,793792414.0
1722844800,0.08313,0.08727,0.07566,0.08672,512962627.0
1722873600,0.08672,0.0891,0.08465,0.08787,257063617.0
1722902400,0.08789,0.09182,0.08764,0.09164,148896336.0
1722931200,0.09162,0.09165,0.08798,0.09093,217580163.0
1722960000,0.09095,0.09298,0.09059,0.09239,118370236.0
1722988800,0.09238,0.09382,0.09168,0.09336,109393285.0
1723017600,0.09338,0.09673,0.0932,0.09474,221054023.0
1723046400,0.09473,0.10439,0.09363,0.10137,1111544077.0
1723075200,0.10134,0.1035,0.09819,0.10116,522995162.0
1723104000,0.10116,0.10297,0.09944,0.10122,332845877.0
1723132800,0.10123,0.1032,0.10073,0.103,259067869.0
1723161600,0.103,0.10314,0.10023,0.10047,150365735.0
1723190400,0.10048,0.10121,0.09842,0.09851,197190040.0
1723219200,0.09852,0.09996,0.09845,0.0999,110167658.0
1723248000,0.09991,0.10105,0.09948,0.10034,74809304.0
1723276800,0.10034,0.10205,0.10014,0.10151,101860332.0
1723305600,0.1015,0.10199,0.10074,0.1012,59574248.0
1723334400,0.10119,0.10299,0.10119,0.10229,69420252.0
1723363200,0.10229,0.10293,0.09953,0.1002,86771637.0
1723392000,0.10019,0.10052,0.09689,0.09774,102865771.0
1723420800,0.09773,0.09987,0.09769,0.09949,84252260.0
1723449600,0.09946,0.1005,0.09726,0.0994,154516941.0
1723478400,0.0994,0.10005,0.09712,0.09875,93268273.0
1723507200,0.09875,0.09928,0.09787,0.09848,67319318.0
1723536000,0.09847,0.09948,0.09751,0.09884,86858487.0
1723564800,0.09884,0.09975,0.09847,0.0992,82092054.0
1723593600,0.0992,0.09942,0.09829,0.0987,59969219.0
1723622400,0.0987,0.09939,0.09661,0.09771,122094187.0
1723651200,0.09771,0.09774,0.09614,0.09651,72321356.0
1723680000,0.09651,0.09744,0.09589,0.09615,68456671.0
1723708800,0.09616,0.098,0.09601,0.09788,76512326.0
1723737600,0.09789,0.09823,0.09444,0.09556,141077628.0
1723766400,0.09556,0.09584,0.09456,0.09582,63604411.0
1723795200,0.09582,0.09603,0.09307,0.09334,115962118.0
1723824000,0.09334,0.09585,0.0931,0.0948,92805095.0
1723852800,0.0948,0.09551,0.09441,0.09489,34337943.0
1723881600,0.09489,0.09633,0.09488,0.09612,39750286.0
1723910400,0.09612,0.09635,0.09531,0.09559,34391284.0
1723939200,0.09558,0.09615,0.09485,0.09491,33180256.0
1723968000,0.09492,0.09657,0.09455,0.09484,54566398.0
1723996800,0.09484,0.09511,0.09331,0.0934,64832466.0
1724025600,0.09341,0.09454,0.09296,0.09423,72254209.0
1724054400,0.09422,0.09511,0.09334,0.09376,118973715.0
1724083200,0.09375,0.09626,0.09336,0.09626,110481017.0
1724112000,0.09626,0.09885,0.09597,0.09857,93334754.0
1724140800,0.09857,0.09913,0.09645,0.0967,98501114.0
1724169600,0.09671,0.09821,0.09658,0.09749,55758514.0
1724198400,0.09748,0.09785,0.09648,0.09771,54809127.0
1724227200,0.09772,0.09792,0.09609,0.09705,88752199.0
1724256000,0.09705,0.0991,0.09676,0.09849,76828834.0
1724284800,0.09849,0.09865,0.0971,0.09859,58596749.0
1724313600,0.09859,0.09965,0.09822,0.09881,77527051.0
1724342400,0.09881,0.09972,0.0988,0.09888,52964521.0
1724371200,0.09888,0.10066,0.0988,0.10019,56690285.0
1724400000,0.1002,0.10069,0.09857,0.09983,93005392.0
1724428800,0.09983,0.10237,0.09979,0.10177,109090348.0
1724457600,0.10178,0.10244,0.10077,0.1009,52367411.0
1724486400,0.1009,0.10307,0.1007,0.10203,92805620.0
1724515200,0.10202,0.10358,0.10146,0.1025,85912464.0
1724544000,0.10249,0.10289,0.09943,0.09992,157889389.0
1724572800,0.09991,0.10275,0.09965,0.1018,104007224.0
1724601600,0.10181,0.1022,0.1007,0.10082,58746311.0
1724630400,0.10081,0.10118,0.09954,0.09978,69939432.0
1724659200,0.09978,0.10033,0.09789,0.09828,97458624.0
1724688000,0.09827,0.09847,0.09646,0.09705,92927505.0
1724716800,0.09705,0.09769,0.09662,0.0969,65456941.0
1724745600,0.0969,0.09702,0.09546,0.0964,124317572.0
1724774400,0.09639,0.09685,0.09208,0.09357,219185172.0
1724803200,0.09357,0.09473,0.09281,0.09288,343252185.0
1724832000,0.09289,0.09476,0.09176,0.09226,463461084.0
1724860800,0.09226,0.09368,0.09043,0.09272,160258473.0
1724889600,0.09272,0.09374,0.09254,0.09357,42434653.0
1724918400,0.09356,0.09429,0.0932,0.09399,52756463.0
1724947200,0.09399,0.09431,0.09183,0.09304,72790781.0
1724976000,0.09304,0.09364,0.09256,0.09331,50286045.0
1725004800,0.09331,0.09402,0.09118,0.09142,116790913.0
1725033600,0.09143,0.0933,0.09089,0.09315,93255839.0
1725062400,0.09316,0.09366,0.09289,0.09293,23285233.0
1725091200,0.09293,0.09301,0.09199,0.09228,25825283.0
1725120000,0.09229,0.09256,0.09178,0.0925,25244846.0
1725148800,0.09251,0.09251,0.09033,0.09098,39446607.0
1725177600,0.09097,0.09118,0.08972,0.09105,61812605.0
1725206400,0.09106,0.09128,0.08907,0.08989,77035961.0
1725235200,0.08987,0.09106,0.08986,0.09067,53233285.0
1725264000,0.09065,0.09226,0.09051,0.09178,89450532.0
1725292800,0.09179,0.09254,0.09148,0.09232,53883850.0
1725321600,0.09231,0.09358,0.09215,0.09346,45267990.0
1725350400,0.09346,0.09445,0.09216,0.09223,70301133.0
1725379200,0.09223,0.09261,0.09128,0.09137,49130266.0
1725408000,0.09136,0.09166,0.08809,0.08998,115896959.0
1725436800,0.08998,0.09178,0.08926,0.09137,80390485.0
1725465600,0.09137,0.09245,0.09133,0.09161,64407548.0
1725494400,0.0916,0.09198,0.09036,0.09138,53498564.0
1725523200,0.09138,0.09161,0.09028,0.09053,76029614.0
1725552000,0.09053,0.09092,0.08962,0.09021,67319344.0
1725580800,0.0902,0.09021,0.08854,0.08924,83779364.0
1725609600,0.08923,0.09039,0.08748,0.08826,145268212.0
1725638400,0.08826,0.08834,0.0853,0.08798,169605254.0
1725667200,0.08798,0.0892,0.08748,0.089,52541421.0
1725696000,0.08899,0.08969,0.0885,0.08926,40775460.0
1725724800,0.08925,0.08931,0.08811,0.08848,40541283.0
1725753600,0.08848,0.08997,0.08837,0.08952,36513206.0
1725782400,0.08953,0.08994,0.08836,0.08845,38523279.0
1725811200,0.08846,0.09015,0.08838,0.08995,55473278.0
1725840000,0.08995,0.09131,0.0898,0.09128,49462871.0
1725868800,0.09128,0.0921,0.09076,0.09183,65149284.0
1725897600,0.09184,0.09378,0.09183,0.09308,81520582.0
1725926400,0.09307,0.09373,0.09243,0.0937,36665437.0
1725955200,0.0937,0.0938,0.0928,0.09325,49959339.0
1725984000,0.09324,0.09449,0.09321,0.0939,46687252.0
1726012800,0.09389,0.09399,0.09166,0.09283,66900055.0
1726041600,0.09282,0.09331,0.09127,0.09227,101597638.0
1726070400,0.09226,0.09331,0.0922,0.09263,48129626.0
1726099200,0.09262,0.09361,0.09245,0.09307,45786282.0
1726128000,0.09306,0.09574,0.09222,0.09348,310894397.0
1726156800,0.09348,0.09504,0.09348,0.09486,71655515.0
1726185600,0.09487,0.09516,0.09402,0.09446,51212890.0
1726214400,0.09447,0.09651,0.09429,0.09618,89835979.0
1726243200,0.09617,0.09692,0.09572,0.09629,58853607.0
1726272000,0.09629,0.09642,0.09567,0.09618,51095606.0
1726300800,0.09617,0.09729,0.09585,0.09664,69742744.0
1726329600,0.09664,0.09727,0.09617,0.09705,59491664.0
1726358400,0.09705,0.0973,0.09614,0.09626,35659378.0
1726387200,0.09626,0.0972,0.09601,0.09697,30465669.0
1726416000,0.09698,0.09723,0.0944,0.09502,69941036.0
1726444800,0.09502,0.09562,0.09364,0.09549,77659073.0
1726473600,0.0955,0.09564,0.09398,0.09421,80021013.0
1726502400,0.09421,0.09538,0.09408,0.09491,62234433.0
1726531200,0.09491,0.09567,0.09391,0.09532,55950417.0
1726560000,0.09531,0.09642,0.09491,0.09569,96168598.0
1726588800,0.09568,0.09589,0.09427,0.09447,58569185.0
1726617600,0.09447,0.09473,0.09374,0.0938,45782919.0
1726646400,0.0938,0.09444,0.09284,0.093,73211090.0
1726675200,0.093,0.09604,0.09279,0.096,104918303.0
1726704000,0.096,0.09696,0.09539,0.09594,67675090.0
1726732800,0.09594,0.09614,0.09442,0.09599,123855518.0
1726761600,0.09599,0.09694,0.09511,0.09594,61741239.0
1726790400,0.09593,0.09706,0.09511,0.09689,62743302.0
1726819200,0.09689,0.09708,0.09575,0.09629,66336153.0
1726848000,0.09628,0.09639,0.09528,0.09604,36796648.0
1726876800,0.09605,0.09694,0.09563,0.09682,40407996.0
1726905600,0.09682,0.09794,0.09649,0.09752,50832776.0
1726934400,0.09751,0.09913,0.09718,0.09792,74399315.0
1726963200,0.09792,0.09802,0.09629,0.09663,43631979.0
1726992000,0.09664,0.09715,0.09521,0.09568,53261468.0
1727020800,0.09568,0.0964,0.0946,0.09598,50798557.0
1727049600,0.09598,0.09669,0.09483,0.09589,62875637.0
1727078400,0.0959,0.09656,0.09538,0.09629,49506364.0
1727107200,0.09629,0.09674,0.09575,0.09627,36283443.0
1727136000,0.09627,0.09655,0.09513,0.09629,47302563.0
1727164800,0.0963,0.09667,0.0948,0.09514,71041281.0
1727193600,0.09515,0.09684,0.09511,0.09678,46456980.0
1727222400,0.09678,0.09706,0.09613,0.09644,59666143.0
1727251200,0.09644,0.09716,0.09596,0.09622,78162998.0
1727280000,0.09621,0.09675,0.0955,0.09586,41469826.0
1727308800,0.09585,0.09711,0.09444,0.09698,85759963.0
1727337600,0.09698,0.0987,0.09666,0.09842,139044645.0
1727366400,0.09842,0.09969,0.09747,0.09795,108565352.0
1727395200,0.09795,0.09904,0.09751,0.09887,68899197.0
1727424000,0.09887,0.09942,0.09764,0.09833,69998109.0
1727452800,0.09834,0.09944,0.09793,0.09942,51441799.0
1727481600,0.09942,0.10061,0.09819,0.1002,65383718.0
1727510400,0.10021,0.10187,0.09855,0.10046,169332691.0
1727539200,0.10045,0.10131,0.09923,0.09931,75963788.0
1727568000,0.09931,0.10027,0.09832,0.09929,94267357.0
1727596800,0.09929,0.10384,0.09834,0.10329,180294861.0
1727625600,0.10329,0.10343,0.10114,0.10171,114556592.0
1727654400,0.10171,0.10251,0.10021,0.10244,146769376.0
1727683200,0.10245,0.10359,0.10001,0.10012,159376822.0
1727712000,0.10011,0.10055,0.09811,0.09838,99267099.0
1727740800,0.09838,0.10054,0.09793,0.10031,66390192.0
1727769600,0.10031,0.10075,0.09433,0.09629,160519422.0
1727798400,0.0963,0.09657,0.0919,0.09376,331640874.0
1727827200,0.09376,0.09512,0.09299,0.09469,91921228.0
1727856000,0.09468,0.09473,0.09202,0.09308,131433332.0
1727884800,0.09306,0.09378,0.0898,0.09041,189937575.0
1727913600,0.09041,0.09123,0.08962,0.08976,94268775.0
1727942400,0.08976,0.08995,0.088,0.08925,206352276.0
1727971200,0.08927,0.09048,0.08821,0.0904,117964833.0
1728000000,0.0904,0.09118,0.08973,0.09065,71786634.0
1728028800,0.09064,0.09102,0.08954,0.09075,76206307.0
1728057600,0.09074,0.092,0.09054,0.09178,107687307.0
1728086400,0.09179,0.09259,0.09164,0.09218,36545312.0
1728115200,0.09219,0.09263,0.09148,0.09196,26435603.0
1728144000,0.09195,0.09216,0.09095,0.09199,74466576.0
1728172800,0.092,0.09242,0.09162,0.0919,26073416.0
1728201600,0.09191,0.09318,0.09174,0.09299,28743058.0
1728230400,0.09299,0.09319,0.09142,0.09226,51547901.0
1728259200,0.09226,0.09324,0.09195,0.09277,55691991.0
1728288000,0.09277,0.09307,0.09132,0.0918,72844798.0
1728316800,0.0918,0.09245,0.09054,0.09092,130802560.0
1728345600,0.09093,0.0922,0.09006,0.09065,58711439.0
1728374400,0.09064,0.09144,0.08981,0.09037,73433932.0
1728403200,0.09038,0.09106,0.08953,0.08995,66395183.0
1728432000,0.08995,0.09077,0.08975,0.09038,39645834.0
1728460800,0.09038,0.09068,0.08924,0.08976,48574593.0
1728489600,0.08976,0.09005,0.08869,0.08971,61163683.0
1728518400,0.08971,0.09018,0.08898,0.08928,31058901.0
1728547200,0.08927,0.09028,0.0882,0.08963,86735043.0
1728576000,0.08963,0.09011,0.0881,0.09011,85324265.0
1728604800,0.09011,0.09094,0.0898,0.09077,36414415.0
1728633600,0.09077,0.09186,0.09066,0.09142,64841283.0
1728662400,0.09141,0.09212,0.09112,0.09181,48607894.0
1728691200,0.0918,0.09247,0.09154,0.09233,62228807.0
1728720000,0.09234,0.09242,0.09185,0.09192,29772918.0
1728748800,0.09192,0.09215,0.09156,0.09186,45435626.0
1728777600,0.09186,0.09191,0.09114,0.0914,28279487.0
1728806400,0.0914,0.09145,0.08955,0.0898,49604581.0
1728835200,0.0898,0.0907,0.08956,0.09035,45183429.0
1728864000,0.09035,0.09197,0.08971,0.09188,55237376.0
1728892800,0.09189,0.09375,0.09139,0.09318,68403371.0
1728921600,0.09319,0.09373,0.09276,0.09342,46044307.0
1728950400,0.09343,0.09405,0.09247,0.09325,63691373.0
1728979200,0.09325,0.09484,0.09083,0.09248,181414061.0
1729008000,0.09249,0.09353,0.09199,0.09292,82517344.0
1729036800,0.09292,0.09347,0.09219,0.09239,49756520.0
1729065600,0.09238,0.09452,0.09228,0.09398,65759449.0
1729094400,0.09399,0.09652,0.09346,0.09548,113346236.0
1729123200,0.09549,0.0968,0.09498,0.0953,90972800.0
1729152000,0.09529,0.09563,0.094,0.09521,89128336.0
1729180800,0.09522,0.09555,0.09389,0.09491,61331992.0
1729209600,0.0949,0.09601,0.09432,0.09594,44542873.0
1729238400,0.09593,0.09686,0.09569,0.09605,52245604.0
1729267200,0.09605,0.09678,0.09572,0.09661,32526030.0
1729296000,0.0966,0.0975,0.09623,0.09633,33134443.0
1729324800,0.09632,0.09709,0.09577,0.09671,29128313.0
1729353600,0.09671,0.09725,0.09615,0.09687,22615944.0
1729382400,0.09688,0.09715,0.09618,0.09669,21602641.0
1729411200,0.09669,0.09728,0.09617,0.09704,52954973.0
1729440000,0.09704,0.0973,0.09612,0.09726,37009997.0
1729468800,0.09725,0.09753,0.09629,0.09653,52845859.0
1729497600,0.09653,0.09749,0.09508,0.09555,71841554.0
1729526400,0.09555,0.09636,0.09473,0.0953,36924388.0
1729555200,0.09529,0.09638,0.09466,0.0961,38132655.0
1729584000,0.09609,0.09611,0.09481,0.09549,63315359.0
1729612800,0.09549,0.09731,0.09486,0.09518,149569216.0
1729641600,0.09519,0.09571,0.09489,0.09516,33693035.0
1729670400,0.09517,0.0955,0.09367,0.0938,57778063.0
1729699200,0.09381,0.0951,0.0926,0.09442,79581166.0
1729728000,0.09441,0.09575,0.09422,0.09505,36135182.0
1729756800,0.09506,0.09584,0.09433,0.09571,59919953.0
1729785600,0.09571,0.09687,0.09525,0.09668,47166070.0
1729814400,0.09669,0.09684,0.09564,0.09633,55918029.0
1729843200,0.09633,0.09724,0.09579,0.09616,55014999.0
1729872000,0.09616,0.09655,0.09097,0.09336,189553342.0
1729900800,0.09336,0.09496,0.09276,0.09453,95404104.0
1729929600,0.09453,0.09466,0.09336,0.09361,49400305.0
1729958400,0.09361,0.09456,0.09324,0.0942,33326869.0
1729987200,0.0942,0.09492,0.09384,0.09387,42015797.0
1730016000,0.09387,0.09434,0.09337,0.09428,31262864.0
1730044800,0.0943,0.09454,0.09356,0.09422,27881729.0
1730073600,0.09422,0.09429,0.0928,0.09375,40520934.0
1730102400,0.09374,0.09389,0.09309,0.09318,36055965.0
1730131200,0.09316,0.09473,0.09262,0.09427,61443722.0
1730160000,0.09428,0.09567,0.09419,0.09486,43509258.0
1730188800,0.09488,0.09606,0.09476,0.09601,42459687.0
1730217600,0.09601,0.09697,0.0956,0.0967,55188705.0
1730246400,0.09671,0.09686,0.09601,0.09606,30030440.0
1730275200,0.09605,0.09632,0.09474,0.09483,56705012.0
1730304000,0.09482,0.0953,0.09432,0.09476,39661931.0
1730332800,0.09476,0.09496,0.0929,0.0933,42305158.0
1730361600,0.09329,0.0939,0.09199,0.09246,100185899.0
1730390400,0.09245,0.09267,0.09176,0.0924,60814536.0
1730419200,0.0924,0.09266,0.09074,0.0914,87531466.0
1730448000,0.09139,0.09371,0.09138,0.09253,75857412.0
1730476800,0.09253,0.09362,0.09226,0.09308,62151829.0
1730505600,0.0931,0.09358,0.09257,0.09295,30482249.0
1730534400,0.09295,0.09296,0.09146,0.09188,47318639.0
1730563200,0.09188,0.09264,0.09179,0.09264,25878909.0
1730592000,0.09264,0.09266,0.09048,0.09152,60395711.0
1730620800,0.09152,0.09152,0.08922,0.08999,70949191.0
1730649600,0.08998,0.09093,0.08921,0.09059,42176495.0
1730678400,0.09058,0.09184,0.09024,0.09068,47511090.0
1730707200,0.09068,0.09223,0.09059,0.09173,45979138.0
1730736000,0.09174,0.09178,0.08992,0.09109,67268719.0
1730764800,0.0911,0.0924,0.09061,0.09238,38659902.0
1730793600,0.09239,0.09334,0.09197,0.093,69019914.0
1730822400,0.09299,0.09395,0.09216,0.09339,60527072.0
1730851200,0.0934,0.09744,0.0934,0.09662,130628652.0
1730880000,0.09662,0.09715,0.09513,0.09591,97653301.0
1730908800,0.0959,0.09778,0.09551,0.09708,73780753.0
1730937600,0.09709,0.10031,0.09651,0.09788,146303508.0
1730966400,0.09789,0.09934,0.09757,0.0993,77344512.0
1730995200,0.0993,0.10225,0.09925,0.10221,123362280.0
1731024000,0.10222,0.10334,0.10078,0.1017,75393959.0
1731052800,0.10171,0.10293,0.10088,0.10147,86548453.0
1731081600,0.10145,0.10186,0.09978,0.10122,75943011.0
1731110400,0.10121,0.10204,0.10045,0.10079,58148244.0
1731139200,0.10077,0.1015,0.09981,0.10071,55791778.0
1731168000,0.1007,0.1025,0.09936,0.10233,67157378.0
1731196800,0.10232,0.10955,0.10163,0.10753,179449348.0
1731225600,0.10753,0.11342,0.10751,0.1111,298242111.0
1731254400,0.1111,0.11227,0.10472,0.1084,233526267.0
1731283200,0.10841,0.11213,0.10744,0.10909,246120109.0
1731312000,0.10909,0.11105,0.10804,0.11047,150188958.0
1731340800,0.11047,0.11506,0.10958,0.11484,283181743.0
1731369600,0.11483,0.12177,0.11085,0.12154,269677357.0
1731398400,0.12154,0.13286,0.11554,0.12199,819841982.0
1731427200,0.12202,0.14169,0.11986,0.13448,968999826.0
1731456000,0.13448,0.13856,0.12362,0.12658,501087609.0
1731484800,0.12659,0.13171,0.1229,0.13162,384761682.0
1731513600,0.13163,0.13364,0.12067,0.12435,383345778.0
1731542400,0.12436,0.12667,0.12168,0.12471,191457824.0
1731571200,0.1247,0.1278,0.1221,0.12317,314495959.0
1731600000,0.12321,0.14067,0.12213,0.13126,592176702.0
1731628800,0.13125,0.13679,0.12942,0.12967,395188896.0
1731657600,0.12966,0.14505,0.12832,0.1362,745161966.0
1731686400,0.13621,0.14814,0.13372,0.14588,411369270.0
1731715200,0.14588,0.1562,0.14079,0.15049,447166757.0
1731744000,0.15048,0.20282,0.14972,0.1751,1964431039.0
1731772800,0.17511,0.242,0.17301,0.22095,3824059562.0
1731801600,0.22095,0.22586,0.18906,0.199,2245491718.0
1731830400,0.19905,0.20848,0.18917,0.19606,1391953173.0
1731859200,0.19611,0.20094,0.19028,0.19656,620452444.0
1731888000,0.19656,0.24469,0.19593,0.23936,1984643958.0
1731916800,0.23932,0.25593,0.23175,0.24527,2399593586.0
1731945600,0.24528,0.24797,0.22376,0.23184,1067547128.0
1731974400,0.23187,0.24465,0.22527,0.22708,963899295.0
1732003200,0.22708,0.23908,0.22241,0.23634,821959888.0
1732032000,0.23635,0.238,0.22383,0.23182,641135528.0
1732060800,0.23182,0.24037,0.22703,0.23141,765263561.0
1732089600,0.23143,0.26995,0.231,0.26222,1951498795.0
1732118400,0.26225,0.2653,0.24006,0.24746,1086552115.0
1732147200,0.24746,0.2512,0.22962,0.23881,965516934.0
1732176000,0.2388,0.2488,0.23468,0.23831,819139710.0
1732204800,0.23832,0.265,0.23597,0.2625,1019518291.0
1732233600,0.26252,0.2937,0.26252,0.27797,1938444986.0
1732262400,0.27797,0.306,0.27797,0.29469,1529127744.0
1732291200,0.29468,0.3525,0.2931,0.34011,2174495327.0
1732320000,0.34013,0.47374,0.33938,0.43895,3981789320.0
1732348800,0.43886,0.52532,0.42686,0.51482,2843172154.0
1732377600,0.51477,0.54768,0.46843,0.52219,3805486838.0
1732406400,0.52213,0.63661,0.48932,0.5865,3606403004.0
1732435200,0.58653,0.58887,0.43563,0.45694,3604644044.0
1732464000,0.45685,0.59,0.44717,0.5359,2808034645.0
1732492800,0.53582,0.5586,0.49643,0.52288,1481136708.0
1732521600,0.5229,0.55374,0.48222,0.49818,1379573592.0
1732550400,0.49815,0.5312,0.47352,0.48192,1154648408.0
1732579200,0.4819,0.51416,0.46179,0.46339,1253152718.0
1732608000,0.46345,0.46752,0.4169,0.44221,1925285302.0
1732636800,0.4422,0.46222,0.42885,0.43876,950639172.0
1732665600,0.43881,0.47777,0.4185,0.46804,1172585562.0
1732694400,0.46797,0.53099,0.46164,0.50766,2622915442.0
1732723200,0.50775,0.51378,0.47955,0.48335,832549112.0
1732752000,0.48338,0.50175,0.47372,0.48452,893118897.0
1732780800,0.48454,0.48807,0.46372,0.46575,544465500.0
1732809600,0.46576,0.50555,0.46442,0.50029,517465858.0
1732838400,0.5003,0.53813,0.48563,0.50876,1120803277.0
1732867200,0.50877,0.55189,0.50877,0.52889,1349177732.0
1732896000,0.5289,0.56243,0.51626,0.54832,723225111.0
1732924800,0.54832,0.56291,0.52099,0.54533,1138374269.0
1732953600,0.54532,0.55079,0.52041,0.52613,527741853.0
1732982400,0.52613,0.53767,0.52,0.52519,395171503.0
1733011200,0.52515,0.53283,0.49288,0.50245,745839645.0
1733040000,0.50244,0.51796,0.49905,0.5106,406985566.0
1733068800,0.51059,0.58073,0.50202,0.56164,1293034727.0
1733097600,0.56164,0.589,0.5285,0.5335,1616291296.0
1733126400,0.53349,0.58289,0.49502,0.5759,1472084768.0
1733155200,0.57589,0.60655,0.52665,0.53988,1272202851.0
1733184000,0.53985,0.60137,0.51934,0.53379,1226207793.0
1733212800,0.53377,0.56507,0.482,0.51156,1234456774.0
1733241600,0.51156,0.52963,0.50095,0.50701,493645421.0
1733270400,0.50703,0.51955,0.50375,0.51382,418067830.0
1733299200,0.51381,0.52305,0.49876,0.50322,511222171.0
1733328000,0.50323,0.50719,0.47649,0.4896,598370382.0
1733356800,0.48963,0.49868,0.46626,0.49201,685896599.0
1733385600,0.49202,0.50483,0.48279,0.49456,346559495.0
1733414400,0.49458,0.50213,0.45918,0.47144,411021477.0
1733443200,0.47143,0.48773,0.46719,0.47887,259660225.0
1733472000,0.47888,0.48142,0.4548,0.47159,361877012.0
1733500800,0.47159,0.50021,0.46965,0.4963,304051858.0
1733529600,0.49627,0.50242,0.48025,0.48422,263923751.0
1733558400,0.48421,0.50255,0.48053,0.50236,217352674.0
1733587200,0.50236,0.51127,0.48948,0.50419,293765713.0
1733616000,0.50425,0.50454,0.4815,0.48754,189240650.0
1733644800,0.48753,0.49556,0.47534,0.48789,221855242.0
1733673600,0.4879,0.49796,0.48426,0.49367,158311827.0
1733702400,0.49367,0.49379,0.46372,0.47012,237953657.0
1733731200,0.47014,0.47024,0.448,0.45212,380062617.0
1733760000,0.45213,0.46988,0.34817,0.41,938498391.0
1733788800,0.41005,0.42065,0.37925,0.40948,534989016.0
1733817600,0.40947,0.42213,0.37788,0.37844,498230502.0
1733846400,0.37844,0.43959,0.36241,0.43629,844881266.0
1733875200,0.43629,0.43763,0.40246,0.40595,396495625.0
1733904000,0.40595,0.44149,0.40523,0.43663,413371487.0
1733932800,0.43663,0.44594,0.42459,0.43515,290614875.0
1733961600,0.43516,0.45089,0.42695,0.43944,312907576.0
1733990400,0.43946,0.44656,0.42663,0.43413,303828924.0
1734019200,0.43413,0.44585,0.4185,0.42499,289985660.0
1734048000,0.42499,0.42897,0.41247,0.41307,187591953.0
1734076800,0.41307,0.45324,0.41173,0.43444,432173785.0
1734105600,0.43443,0.44295,0.43015,0.43775,203056072.0
1734134400,0.43775,0.45188,0.42848,0.44059,211586449.0
1734163200,0.44059,0.44569,0.41756,0.4231,205927176.0
1734192000,0.42305,0.42734,0.41068,0.42408,159381297.0
1734220800,0.42408,0.42878,0.41711,0.42226,132450203.0
1734249600,0.42226,0.43585,0.42135,0.42891,169245975.0
1734278400,0.42891,0.43436,0.41597,0.43041,164521451.0
1734307200,0.43042,0.43635,0.41697,0.41874,159647815.0
1734336000,0.41877,0.41956,0.40686,0.41406,189168403.0
1734364800,0.41406,0.44584,0.41405,0.41886,428156773.0
1734393600,0.41886,0.42838,0.41001,0.42691,174745536.0
1734422400,0.4269,0.47158,0.42574,0.43645,995351511.0
1734451200,0.43645,0.45083,0.422,0.42894,397465626.0
1734480000,0.42894,0.44718,0.41666,0.42101,480683507.0
1734508800,0.42099,0.44416,0.41772,0.4248,382483912.0
1734537600,0.42476,0.43382,0.38,0.39564,633737161.0
1734566400,0.39564,0.41198,0.37474,0.40365,432701863.0
1734595200,0.40366,0.41437,0.38406,0.39334,278031945.0
1734624000,0.39331,0.39422,0.35259,0.36923,549177205.0
1734652800,0.36922,0.38397,0.36254,0.37098,263099671.0
1734681600,0.37098,0.37154,0.31232,0.35426,852923369.0
1734710400,0.35426,0.37887,0.35253,0.37491,284240106.0
1734739200,0.37491,0.38976,0.36695,0.38446,202066726.0
1734768000,0.38447,0.3871,0.35186,0.36363,288864531.0
1734796800,0.36363,0.36426,0.35076,0.35591,195416048.0
1734825600,0.35591,0.35816,0.34265,0.35452,188976583.0
1734854400,0.35451,0.37187,0.35214,0.35657,201663185.0
1734883200,0.35658,0.36433,0.34749,0.35626,184331382.0
1734912000,0.35626,0.36679,0.34605,0.35383,189267440.0
1734940800,0.35382,0.36218,0.34803,0.3487,153637748.0
1734969600,0.34869,0.37526,0.34826,0.37091,201059697.0
1734998400,0.37091,0.37583,0.35994,0.37011,120720188.0
1735027200,0.37012,0.40043,0.36734,0.39939,189276886.0
1735056000,0.39937,0.4138,0.39406,0.40228,283443801.0
1735084800,0.40227,0.40365,0.38497,0.38555,138136980.0
1735113600,0.3855,0.39321,0.38038,0.3824,121370050.0
1735142400,0.3824,0.38695,0.37824,0.38263,89367622.0
1735171200,0.38267,0.38658,0.3684,0.36898,109935305.0
1735200000,0.369,0.36995,0.3545,0.35638,160479960.0
1735228800,0.35638,0.3599,0.35034,0.35452,124555807.0
1735257600,0.35453,0.36178,0.34956,0.3533,119084387.0
1735286400,0.35329,0.36901,0.34559,0.34708,184334464.0
1735315200,0.34707,0.35518,0.34433,0.3497,129408361.0
1735344000,0.34971,0.35123,0.34568,0.34642,79519966.0
1735372800,0.34641,0.35414,0.34452,0.34929,74610981.0
1735401600,0.34929,0.3597,0.34906,0.35601,61750547.0
1735430400,0.356,0.35628,0.35116,0.35567,44485715.0
1735459200,0.35567,0.35642,0.34612,0.34781,66668987.0
1735488000,0.34781,0.348,0.33505,0.33801,106307708.0
1735516800,0.33801,0.34812,0.33462,0.33796,114438037.0
1735545600,0.33794,0.34115,0.32072,0.3243,184160243.0
1735574400,0.3243,0.3455,0.32072,0.33177,209432476.0
1735603200,0.33176,0.33181,0.32358,0.32659,102427869.0
1735632000,0.32658,0.34636,0.32641,0.34023,195421278.0
1735660800,0.34022,0.341,0.32836,0.33255,106538525.0
1735689600,0.33255,0.35666,0.33188,0.34777,273551836.0
1735718400,0.34777,0.38711,0.34136,0.38508,822932565.0
1735747200,0.38506,0.43787,0.38503,0.42555,1905905347.0
1735776000,0.42555,0.46,0.41186,0.42174,1291187041.0
1735804800,0.42174,0.43535,0.42001,0.42667,641424140.0
1735833600,0.42669,0.44592,0.4246,0.43192,467661758.0
1735862400,0.43192,0.46068,0.42967,0.45038,689799520.0
1735891200,0.45038,0.45373,0.43625,0.44367,467454584.0
1735920000,0.44368,0.456,0.44114,0.44802,319851796.0
1735948800,0.44802,0.48585,0.44633,0.45924,681448101.0
1735977600,0.45924,0.46268,0.44371,0.446,350731137.0
1736006400,0.44599,0.45412,0.44533,0.45013,158196850.0
1736035200,0.45012,0.45678,0.44165,0.44538,230080366.0
1736064000,0.44538,0.44717,0.43229,0.43745,260734980.0
1736092800,0.43744,0.44464,0.43412,0.44059,123346269.0
1736121600,0.44059,0.45427,0.43255,0.44487,247727402.0
1736150400,0.44488,0.46357,0.44001,0.45849,306912933.0
1736179200,0.45844,0.46321,0.44204,0.4466,186118842.0
1736208000,0.4466,0.46156,0.43918,0.45211,205762223.0
1736236800,0.4521,0.46999,0.42197,0.43005,643034436.0
1736265600,0.43004,0.44044,0.41418,0.41759,348433040.0
1736294400,0.41758,0.43914,0.4142,0.42425,440068269.0
1736323200,0.42426,0.43865,0.40781,0.41461,514386745.0
1736352000,0.41461,0.43049,0.38937,0.42507,524806646.0
1736380800,0.42507,0.42988,0.39843,0.40152,278556508.0
1736409600,0.40151,0.4093,0.3878,0.40558,360071298.0
1736438400,0.40555,0.41183,0.38635,0.391,247564294.0
1736467200,0.39101,0.4095,0.387,0.40513,199552777.0
1736496000,0.40512,0.41524,0.39465,0.40428,361027810.0
1736524800,0.40428,0.42561,0.39672,0.41428,233933677.0
1736553600,0.41427,0.4165,0.40315,0.40553,121688850.0
1736582400,0.40553,0.42916,0.40403,0.42205,334057316.0
1736611200,0.42205,0.45875,0.41944,0.44552,505580931.0
1736640000,0.44552,0.44652,0.43162,0.43751,219275402.0
1736668800,0.43752,0.43924,0.42344,0.42989,269825755.0
1736697600,0.42989,0.4324,0.41913,0.42197,130269313.0
1736726400,0.42197,0.4388,0.4102,0.41178,349520914.0
1736755200,0.41178,0.42149,0.39141,0.41472,522931203.0
1736784000,0.41474,0.42686,0.40585,0.41928,290350547.0
1736812800,0.41928,0.42738,0.41523,0.41552,144561719.0
1736841600,0.41552,0.42717,0.41511,0.4208,241381665.0
1736870400,0.42079,0.43668,0.41661,0.43,281625183.0
1736899200,0.42999,0.48173,0.42608,0.47647,773268869.0
1736928000,0.47648,0.49,0.45,0.48399,1018908511.0
1736956800,0.48399,0.49525,0.46886,0.48797,565459728.0
1736985600,0.48798,0.4894,0.46354,0.47575,480216210.0
1737014400,0.47572,0.51479,0.46753,0.50257,1089176316.0
1737043200,0.50254,0.5142,0.47579,0.48172,482193109.0
1737072000,0.48172,0.49921,0.48115,0.48632,372898256.0
1737100800,0.48633,0.48951,0.47375,0.47521,389870163.0
1737129600,0.47524,0.48946,0.47451,0.48742,261978094.0
1737158400,0.48741,0.48918,0.45421,0.45906,395633023.0
1737187200,0.45908,0.48276,0.45116,0.47302,436868827.0
1737216000,0.47303,0.49245,0.46931,0.49058,272064362.0
1737244800,0.49058,0.49539,0.47228,0.47544,329803664.0
1737273600,0.47543,0.47545,0.44647,0.46365,420916785.0
1737302400,0.46363,0.47455,0.41703,0.43301,478449296.0
1737331200,0.43301,0.47416,0.42363,0.4684,507293531.0
1737360000,0.46834,0.47894,0.45452,0.45966,351351148.0
1737388800,0.45967,0.46801,0.43182,0.44717,339860083.0
1737417600,0.44721,0.45195,0.42831,0.43352,210089490.0
1737446400,0.43352,0.44507,0.42727,0.43706,204128809.0
1737475200,0.43704,0.45471,0.43599,0.44249,164957228.0
1737504000,0.44249,0.44543,0.43092,0.43211,109424219.0
1737532800,0.43211,0.44324,0.428,0.43119,193246874.0
1737561600,0.4312,0.44003,0.42531,0.42828,153701496.0
1737590400,0.42828,0.43029,0.4163,0.42235,120880062.0
1737619200,0.42235,0.4303,0.41226,0.42821,175654123.0
1737648000,0.42819,0.43695,0.41852,0.43084,194501554.0
1737676800,0.43083,0.44195,0.41955,0.43467,136687300.0
1737705600,0.43468,0.44931,0.4341,0.44315,134543232.0
1737734400,0.44315,0.4437,0.42901,0.43072,96411723.0
1737763200,0.43071,0.43702,0.42701,0.42812,77989721.0
1737792000,0.42811,0.42964,0.41186,0.42038,158173604.0
1737820800,0.42038,0.42218,0.41601,0.4168,76600389.0
1737849600,0.4168,0.42395,0.41581,0.42388,62952164.0
1737878400,0.42389,0.42616,0.41831,0.42386,69067243.0
1737907200,0.42387,0.42612,0.40529,0.40592,120088103.0
1737936000,0.40592,0.40729,0.3622,0.37857,386932695.0
1737964800,0.37854,0.40331,0.36795,0.39542,276706550.0
1737993600,0.39543,0.40965,0.38502,0.40706,170434135.0
1738022400,0.40706,0.41229,0.39956,0.40845,88735414.0
1738051200,0.40844,0.42073,0.40163,0.41421,195259636.0
1738080000,0.41426,0.41471,0.38966,0.39244,154111370.0
1738108800,0.39244,0.40234,0.39202,0.4012,68155001.0
1738137600,0.40119,0.40343,0.38745,0.39224,107727464.0
1738166400,0.39225,0.40645,0.38142,0.39241,171713003.0
1738195200,0.39241,0.40543,0.38887,0.4024,69176310.0
1738224000,0.40239,0.43947,0.39805,0.43455,243534036.0
1738252800,0.43459,0.44387,0.42844,0.42864,222556510.0
1738281600,0.42864,0.42988,0.41695,0.42291,107625179.0
1738310400,0.42295,0.42668,0.41701,0.42358,121036713.0
1738339200,0.42356,0.42423,0.40712,0.41404,127762535.0
1738368000,0.41403,0.42051,0.41274,0.4142,60344125.0
1738396800,0.41421,0.4153,0.40221,0.4072,74848273.0
1738425600,0.40723,0.40922,0.38839,0.39198,135273282.0
1738454400,0.39198,0.40106,0.38253,0.3864,130873810.0
1738483200,0.3864,0.39174,0.37445,0.38005,125803572.0
1738512000,0.38006,0.38014,0.33392,0.35374,517137962.0
1738540800,0.35375,0.35447,0.26209,0.33608,1087300701.0
1738569600,0.33606,0.35522,0.31564,0.35215,468169739.0
1738598400,0.35216,0.3722,0.34826,0.37005,296064340.0
1738627200,0.37005,0.37469,0.33564,0.33682,253542382.0
1738656000,0.33682,0.35679,0.33613,0.35071,199695877.0
1738684800,0.35072,0.36363,0.33209,0.34056,250163822.0
1738713600,0.34056,0.34576,0.33738,0.34121,87747752.0
1738742400,0.3412,0.34844,0.33465,0.33898,106673387.0
1738771200,0.33896,0.33977,0.322,0.32686,144471614.0
1738800000,0.32686,0.34038,0.32563,0.33698,71606694.0
1738828800,0.33698,0.34094,0.316,0.31879,172957206.0
1738857600,0.31879,0.32411,0.31258,0.3179,143974874.0
1738886400,0.3179,0.3271,0.31594,0.31947,99051653.0
1738915200,0.31943,0.3448,0.31786,0.33936,194687410.0
1738944000,0.3394,0.34283,0.32041,0.32642,168853645.0
1738972800,0.32643,0.33079,0.32029,0.32626,84813482.0
1739001600,0.32626,0.32962,0.3215,0.32543,68323053.0
1739030400,0.32542,0.33429,0.32282,0.33131,68192450.0
1739059200,0.3313,0.33877,0.32829,0.3315,76518212.0
1739088000,0.33145,0.33345,0.31662,0.32376,103193248.0
1739116800,0.32376,0.32412,0.30242,0.31376,146579096.0
1739145600,0.31376,0.31862,0.30277,0.31462,132164823.0
1739174400,0.31457,0.32293,0.31152,0.31358,127529415.0
1739203200,0.31362,0.3169,0.30996,0.31299,89260993.0
1739232000,0.31299,0.33892,0.31177,0.33391,162116382.0
1739260800,0.3339,0.33823,0.32624,0.33052,157894743.0
1739289600,0.33052,0.33183,0.31482,0.3178,151055547.0
1739318400,0.3178,0.31996,0.31068,0.31571,96380546.0
1739347200,0.31573,0.32464,0.30756,0.31801,198156460.0
1739376000,0.31802,0.3367,0.31357,0.33291,139747315.0
1739404800,0.33292,0.33367,0.32274,0.32422,72653419.0
1739433600,0.32424,0.33036,0.32225,0.32747,102219707.0
1739462400,0.32746,0.34282,0.32244,0.33669,147908221.0
1739491200,0.33678,0.34249,0.33339,0.33934,91414872.0
1739520000,0.33934,0.36254,0.33916,0.35079,288106362.0
1739548800,0.35079,0.35902,0.34417,0.35038,155658947.0
1739577600,0.3504,0.36592,0.34799,0.35328,142428292.0
1739606400,0.35328,0.35887,0.3486,0.3514,116174748.0
1739635200,0.3514,0.35233,0.34527,0.34852,78346280.0
1739664000,0.34852,0.35209,0.3436,0.34433,70600902.0
1739692800,0.34435,0.34734,0.3407,0.34358,88319698.0
1739721600,0.34357,0.34728,0.33927,0.34231,73497508.0
1739750400,0.34231,0.3484,0.33565,0.3373,111054083.0
1739779200,0.33726,0.34766,0.33488,0.33673,110392941.0
1739808000,0.33673,0.3381,0.33029,0.33391,100981038.0
1739836800,0.33392,0.33512,0.32271,0.32497,90397705.0
1739865600,0.32503,0.32977,0.31797,0.31968,106193022.0
1739894400,0.31969,0.32397,0.31533,0.32328,103438842.0
1739923200,0.32328,0.33307,0.3208,0.33138,117952308.0
1739952000,0.33137,0.33896,0.32915,0.33212,96447248.0
1739980800,0.33213,0.34245,0.33074,0.34148,91420913.0
1740009600,0.34153,0.34491,0.33561,0.33866,89980527.0
1740038400,0.33866,0.348,0.33827,0.34198,95391927.0
1740067200,0.34198,0.34951,0.34163,0.34435,75122990.0
1740096000,0.34435,0.34457,0.33738,0.33914,62012488.0
1740124800,0.33914,0.34641,0.3299,0.33489,138101277.0
1740153600,0.33485,0.33865,0.3202,0.32571,150339396.0
1740182400,0.32572,0.32929,0.32396,0.32657,41828809.0
1740211200,0.32657,0.33301,0.32561,0.33251,65450586.0
1740240000,0.33251,0.33966,0.33247,0.33408,70284751.0
1740268800,0.33409,0.33593,0.32932,0.33502,54276048.0
1740297600,0.33505,0.3353,0.32611,0.3263,51151412.0
1740326400,0.32632,0.33419,0.32626,0.33293,42062070.0
1740355200,0.33293,0.33496,0.31676,0.32168,157187207.0
1740384000,0.32167,0.32405,0.31198,0.31544,114471098.0
1740412800,0.31546,0.31945,0.29328,0.29755,183599361.0
1740441600,0.29755,0.30319,0.27706,0.28353,260138066.0
1740470400,0.28352,0.28964,0.2707,0.27794,315689351.0
1740499200,0.27795,0.29962,0.2728,0.29527,176980520.0
1740528000,0.29527,0.29916,0.28923,0.29185,91276798.0
1740556800,0.29185,0.29882,0.28525,0.29518,132217990.0
1740585600,0.29519,0.29689,0.27803,0.28628,167355808.0
1740614400,0.28631,0.29288,0.28161,0.29073,83980400.0
1740643200,0.29074,0.29357,0.28298,0.28687,134393479.0
1740672000,0.28687,0.28838,0.27668,0.28306,120938226.0
1740700800,0.28307,0.2837,0.25555,0.2577,254973249.0
1740729600,0.2577,0.28112,0.25231,0.2802,177809203.0
1740758400,0.28019,0.28853,0.27848,0.28622,102202360.0
1740787200,0.28622,0.30309,0.28332,0.29522,145946178.0
1740816000,0.29523,0.30848,0.29522,0.29771,224330989.0
1740844800,0.29771,0.31856,0.2951,0.31121,227710879.0
1740873600,0.31121,0.33127,0.30914,0.3208,403490509.0
1740902400,0.3208,0.34355,0.31028,0.33549,374138922.0
1740931200,0.33547,0.37549,0.33513,0.35088,583513557.0
1740960000,0.35088,0.36168,0.32991,0.33499,283606563.0
1740988800,0.33499,0.33517,0.31918,0.31956,294967334.0
1741017600,0.31958,0.32209,0.28924,0.29218,294323440.0
1741046400,0.29219,0.29571,0.27478,0.28289,233954889.0
1741075200,0.28289,0.29463,0.27516,0.2847,248676584.0
1741104000,0.2847,0.30084,0.27311,0.29478,194681738.0
1741132800,0.29475,0.30227,0.28971,0.29614,96156648.0
1741161600,0.29614,0.30868,0.29505,0.29741,138867432.0
1741190400,0.2974,0.30285,0.2944,0.29933,84705900.0
1741219200,0.29933,0.30496,0.29535,0.29825,85039445.0
1741248000,0.29825,0.30944,0.29812,0.3045,169050797.0
1741276800,0.30449,0.30732,0.29475,0.29588,105797423.0
1741305600,0.29589,0.2994,0.27943,0.29211,179106979.0
1741334400,0.29212,0.30279,0.28977,0.29148,154683149.0
1741363200,0.29147,0.29473,0.28149,0.28317,180627716.0
1741392000,0.28316,0.28478,0.27691,0.27824,72674244.0
1741420800,0.27824,0.27889,0.27178,0.27659,98498220.0
1741449600,0.27658,0.28067,0.27268,0.27557,73000205.0
1741478400,0.27557,0.2786,0.27312,0.27838,65280879.0
1741507200,0.2784,0.27918,0.2644,0.26693,129273348.0
1741536000,0.26691,0.2719,0.26091,0.26288,201774810.0
1741564800,0.2629,0.26882,0.25801,0.26524,100863912.0
1741593600,0.26526,0.27751,0.25328,0.25934,214985225.0
1741622400,0.25933,0.26105,0.23947,0.2417,199860611.0
1741651200,0.24171,0.25109,0.22652,0.24881,220206915.0
1741680000,0.24882,0.25692,0.24227,0.25168,161008620.0
1741708800,0.25166,0.26122,0.24859,0.25522,104004654.0
1741737600,0.2552,0.26228,0.24969,0.25423,103623021.0
1741766400,0.25423,0.26339,0.24642,0.25162,160059168.0
1741795200,0.25162,0.25976,0.25069,0.25929,97442339.0
1741824000,0.25929,0.26831,0.25837,0.26453,112170968.0
1741852800,0.26453,0.29451,0.26229,0.27785,516156608.0
1741881600,0.27785,0.27964,0.26574,0.27354,256245132.0
1741910400,0.27354,0.2755,0.27094,0.27267,122203696.0
1741939200,0.27267,0.28328,0.27239,0.27812,236988458.0
1741968000,0.27813,0.27899,0.2706,0.27595,119755588.0
1741996800,0.27593,0.28405,0.27134,0.27262,173704886.0
1742025600,0.27262,0.27966,0.27211,0.275,109515954.0
1742054400,0.275,0.27734,0.27241,0.27438,61264840.0
1742083200,0.27439,0.276,0.27135,0.27254,74597268.0
1742112000,0.27256,0.27311,0.26057,0.2641,134491606.0
1742140800,0.26412,0.26997,0.26111,0.26235,97554750.0
1742169600,0.26235,0.27384,0.26214,0.27198,96217230.0
1742198400,0.272,0.277,0.26948,0.27334,111370973.0
1742227200,0.27336,0.27738,0.271,0.27279,63318716.0
1742256000,0.27275,0.27283,0.26483,0.26992,88398674.0
1742284800,0.2699,0.27212,0.26214,0.26658,108357033.0
1742313600,0.2666,0.27497,0.26448,0.27318,71460294.0
1742342400,0.27318,0.28065,0.27305,0.27724,136921733.0
1742371200,0.27723,0.29876,0.27672,0.29247,351125701.0
1742400000,0.29247,0.29357,0.28405,0.29044,169868005.0
1742428800,0.29045,0.29265,0.28146,0.28396,106900939.0
1742457600,0.28394,0.28925,0.28076,0.28095,146593022.0
1742486400,0.28095,0.28447,0.27759,0.28118,112491751.0
1742515200,0.28118,0.28773,0.28038,0.28196,110204495.0
1742544000,0.28193,0.28295,0.27391,0.27521,89776073.0
1742572800,0.27522,0.28077,0.27437,0.27684,56495242.0
1742601600,0.27685,0.27992,0.27596,0.27706,62812964.0
1742630400,0.27702,0.27887,0.27403,0.27497,63502418.0
1742659200,0.27496,0.27918,0.2732,0.27375,66660931.0
1742688000,0.27375,0.27932,0.27282,0.27846,58129316.0
1742716800,0.27848,0.28246,0.2767,0.28195,67726090.0
1742745600,0.28195,0.28376,0.2789,0.28294,57059659.0
1742774400,0.28294,0.2884,0.27783,0.28591,83917931.0
1742803200,0.2859,0.29499,0.28586,0.29098,87862897.0
1742832000,0.29098,0.29276,0.28703,0.29052,50703742.0
1742860800,0.29052,0.2933,0.28584,0.28956,54689275.0
1742889600,0.28956,0.29506,0.28939,0.29183,72290239.0
1742918400,0.29184,0.29585,0.28927,0.2935,72814747.0
1742947200,0.29351,0.30209,0.29179,0.30008,81427290.0
1742976000,0.30009,0.30096,0.28595,0.28642,101495185.0
1743004800,0.28642,0.28907,0.28315,0.28522,63316921.0
1743033600,0.28523,0.29273,0.28493,0.29197,55530013.0
1743062400,0.29196,0.29463,0.28166,0.28536,87393612.0
1743091200,0.28537,0.28939,0.28271,0.28621,65564523.0
1743120000,0.28622,0.28908,0.27468,0.27485,100604697.0
1743148800,0.27487,0.2799,0.27107,0.27188,105317253.0
1743177600,0.27189,0.27509,0.26953,0.27438,66921939.0
1743206400,0.27438,0.27683,0.26614,0.26737,75225639.0
1743235200,0.26736,0.27064,0.26293,0.26622,88265064.0
1743264000,0.26622,0.26773,0.26151,0.26713,81590461.0
1743292800,0.26713,0.27233,0.26459,0.2701,65097090.0
1743321600,0.27012,0.27162,0.2652,0.26729,52971127.0
1743350400,0.26729,0.26972,0.26296,0.26669,60559777.0
1743379200,0.26669,0.26785,0.25899,0.26061,95624339.0
1743408000,0.26062,0.26988,0.2582,0.2672,144823497.0
1743436800,0.2672,0.26864,0.26192,0.26373,60335520.0
1743465600,0.26373,0.26807,0.26156,0.26648,54845015.0
1743494400,0.26647,0.27756,0.26638,0.27694,132135081.0
1743523200,0.27695,0.27929,0.27097,0.27182,59634480.0
1743552000,0.27182,0.27422,0.26364,0.26537,92430480.0
1743580800,0.26537,0.27507,0.2647,0.27273,97781783.0
1743609600,0.27274,0.27844,0.254,0.25791,159732478.0
1743638400,0.25789,0.26691,0.25674,0.26125,69021103.0
1743667200,0.26125,0.26253,0.24984,0.25267,107479424.0
1743696000,0.25266,0.26161,0.25228,0.26091,62467674.0
1743724800,0.26093,0.26381,0.25714,0.26329,57373151.0
1743753600,0.26328,0.26488,0.25304,0.25771,138572803.0
1743782400,0.25774,0.2625,0.2561,0.25943,58750774.0
1743811200,0.25942,0.2613,0.25628,0.25717,32960077.0
1743840000,0.25717,0.25781,0.25081,0.25119,102927124.0
1743868800,0.2512,0.25249,0.24825,0.25216,68335621.0
1743897600,0.25218,0.25405,0.24746,0.24826,92979615.0
1743926400,0.24825,0.252,0.24444,0.25182,86682224.0
1743955200,0.25181,0.25299,0.22286,0.22604,278413150.0
1743984000,0.22601,0.22839,0.19987,0.20457,360759685.0
1744012800,0.20456,0.24457,0.20241,0.22892,371249561.0
1744041600,0.22892,0.23726,0.22599,0.23202,114846694.0
1744070400,0.23202,0.237,0.22686,0.229,146447502.0
1744099200,0.229,0.24125,0.22603,0.23227,158873166.0
1744128000,0.23228,0.2329,0.21956,0.22101,167453747.0
1744156800,0.22101,0.22438,0.21312,0.22273,186772483.0
1744185600,0.22273,0.22347,0.21455,0.22037,176201713.0
1744214400,0.22037,0.24586,0.21967,0.24211,275268777.0
1744243200,0.2421,0.24239,0.23231,0.2334,76318870.0
1744272000,0.2334,0.23747,0.22462,0.22499,109208594.0
1744300800,0.22494,0.23103,0.22396,0.2301,78262617.0
1744329600,0.23007,0.23661,0.22911,0.23616,57894634.0
1744358400,0.23616,0.23785,0.23134,0.23147,102030381.0
1744387200,0.23147,0.23692,0.23084,0.23371,68693178.0
1744416000,0.23371,0.23657,0.23254,0.23597,40021715.0
1744444800,0.23597,0.2484,0.23578,0.24695,91992418.0
1744473600,0.24694,0.24854,0.24268,0.24603,46847499.0
1744502400,0.24604,0.24805,0.24102,0.24296,45564735.0
1744531200,0.24296,0.25211,0.24038,0.24268,111503158.0
1744560000,0.24269,0.24841,0.23466,0.23779,100468705.0
1744588800,0.2378,0.24503,0.23688,0.24102,75636148.0
1744617600,0.24102,0.24731,0.23734,0.23769,96528844.0
1744646400,0.23769,0.24189,0.23672,0.23978,62705922.0
1744675200,0.23977,0.24329,0.23823,0.24141,52310742.0
1744704000,0.2414,0.24491,0.23831,0.23858,92077407.0
1744732800,0.23858,0.24144,0.23503,0.23537,69322322.0
1744761600,0.23536,0.23749,0.23083,0.23146,61180807.0
1744790400,0.23143,0.23915,0.23029,0.23465,74827452.0
1744819200,0.23464,0.23969,0.23036,0.23559,77608946.0
1744848000,0.2356,0.23993,0.23413,0.23759,41950940.0
1744876800,0.23759,0.23977,0.23581,0.23856,56618595.0
1744905600,0.23856,0.24216,0.23733,0.2393,51499323.0
1744934400,0.23929,0.24215,0.23784,0.24107,38414873.0
1744963200,0.24108,0.24459,0.24081,0.24118,57576789.0
1744992000,0.24118,0.24288,0.2393,0.23973,32108593.0
1745020800,0.23973,0.2466,0.23955,0.24646,39246799.0
1745049600,0.2465,0.24736,0.24449,0.24489,51112440.0
1745078400,0.24489,0.24933,0.244,0.24606,35413154.0
1745107200,0.24605,0.24739,0.24381,0.24468,30117382.0
1745136000,0.24469,0.24523,0.2389,0.24103,64419919.0
1745164800,0.24101,0.2452,0.24046,0.24347,38942008.0
1745193600,0.24348,0.25752,0.24347,0.25747,86144423.0
1745222400,0.25748,0.26261,0.25503,0.25794,154431258.0
1745251200,0.25796,0.25886,0.24817,0.24998,104790840.0
1745280000,0.24997,0.25208,0.24359,0.24674,111772916.0
1745308800,0.24673,0.26038,0.24518,0.25788,153849559.0
1745337600,0.25787,0.26789,0.25585,0.26485,120100665.0
1745366400,0.26486,0.26988,0.26319,0.26925,116151326.0
1745395200,0.26925,0.2751,0.26328,0.26575,181234491.0
1745424000,0.26576,0.2708,0.2648,0.26619,69901330.0
1745452800,0.2662,0.26743,0.2596,0.26133,75624745.0
1745481600,0.26133,0.28345,0.25848,0.2763,148528538.0
1745510400,0.27631,0.28135,0.27397,0.28082,87067856.0
1745539200,0.28082,0.28412,0.27399,0.28253,111682330.0
1745568000,0.28252,0.29124,0.2807,0.28627,125404958.0
1745596800,0.28626,0.28891,0.28118,0.28328,66653262.0
1745625600,0.2833,0.29725,0.28329,0.2936,100708521.0
1745654400,0.29358,0.29646,0.2868,0.29007,94704146.0
1745683200,0.29009,0.29289,0.28765,0.29039,41739625.0
1745712000,0.2904,0.29417,0.28121,0.28423,110322968.0
1745740800,0.28422,0.28767,0.28042,0.28402,103428071.0
1745769600,0.28402,0.28953,0.28219,0.28399,74438323.0
1745798400,0.28399,0.29207,0.27801,0.291,115375448.0
1745827200,0.29099,0.2941,0.28027,0.28169,105595893.0
1745856000,0.28168,0.28441,0.28032,0.28226,60892398.0
1745884800,0.28229,0.28491,0.27811,0.28175,50711956.0
1745913600,0.28175,0.2826,0.27709,0.28014,67950258.0
1745942400,0.28014,0.28245,0.275,0.27754,60543805.0
1745971200,0.27753,0.28177,0.27489,0.27589,50299882.0
1746000000,0.27589,0.27936,0.26668,0.27089,89858266.0
1746028800,0.27088,0.27321,0.26798,0.27088,50161483.0
1746057600,0.27089,0.27356,0.26987,0.27105,39734186.0
1746086400,0.27104,0.28034,0.27077,0.27635,98740202.0
1746115200,0.2763,0.27989,0.27321,0.27339,43360713.0
1746144000,0.27339,0.27945,0.27298,0.27316,43028895.0
1746172800,0.27316,0.27995,0.2731,0.27533,67462818.0
1746201600,0.27536,0.27995,0.27032,0.27443,71081851.0
1746230400,0.27443,0.27554,0.27041,0.27074,34566428.0
1746259200,0.27074,0.27353,0.26761,0.2728,51277199.0
1746288000,0.27279,0.2735,0.2679,0.26892,55816928.0
1746316800,0.26892,0.2734,0.26734,0.2709,51001508.0
1746345600,0.27091,0.27111,0.26445,0.26998,68250259.0
1746374400,0.26999,0.27038,0.26459,0.26508,50494387.0
1746403200,0.26509,0.26998,0.26262,0.26781,56490125.0
1746432000,0.26781,0.27007,0.25636,0.2577,124213156.0
1746460800,0.25768,0.264,0.25559,0.25804,77548137.0
1746489600,0.25804,0.26003,0.25432,0.25765,50028718.0
1746518400,0.25764,0.25767,0.25168,0.2546,73819109.0
1746547200,0.25461,0.26296,0.25263,0.26268,79754116.0
1746576000,0.26269,0.26424,0.25938,0.26103,58028289.0
1746604800,0.26103,0.26285,0.25754,0.258,41234642.0
1746633600,0.25801,0.26117,0.25621,0.26021,39815033.0
1746662400,0.2602,0.27172,0.25864,0.27145,68678208.0
1746691200,0.27144,0.2824,0.27114,0.28006,101040675.0
1746720000,0.28004,0.29148,0.27994,0.29101,177006407.0
1746748800,0.291,0.29991,0.28921,0.29789,152824561.0
1746777600,0.2979,0.30686,0.29375,0.29548,249316951.0
1746806400,0.29549,0.29775,0.29237,0.29531,81971920.0
1746835200,0.29532,0.30321,0.2935,0.3023,123654574.0
1746864000,0.3023,0.30663,0.29889,0.3027,125639963.0
1746892800,0.30272,0.32155,0.30219,0.32152,147672253.0
1746921600,0.32151,0.32463,0.3019,0.30345,185017689.0
1746950400,0.30347,0.30827,0.30156,0.30343,89131562.0
1746979200,0.30343,0.30929,0.30044,0.30623,70514581.0
1747008000,0.30624,0.32067,0.30536,0.31282,147375458.0
1747036800,0.31282,0.33471,0.30889,0.3227,412283957.0
1747065600,0.3227,0.32494,0.30546,0.31247,246619502.0
1747094400,0.31247,0.31275,0.29703,0.30451,163100935.0
1747123200,0.30453,0.31171,0.3025,0.30723,124589635.0
1747152000,0.30723,0.31805,0.30696,0.3139,124465568.0
1747180800,0.3139,0.31706,0.30801,0.31517,98688760.0
1747209600,0.31519,0.31798,0.30434,0.307,191343102.0
1747238400,0.307,0.30744,0.30062,0.30352,85418741.0
1747267200,0.30353,0.30767,0.29391,0.29464,108331596.0
1747296000,0.29462,0.30117,0.28758,0.29693,153277245.0
1747324800,0.29692,0.30319,0.28649,0.2928,156006247.0
1747353600,0.29279,0.29917,0.2888,0.29786,77318161.0
1747382400,0.29786,0.30069,0.29283,0.29903,87849336.0
1747411200,0.29901,0.30026,0.29,0.29292,67351109.0
1747440000,0.29292,0.29398,0.28446,0.29065,89030368.0
1747468800,0.29065,0.2915,0.28225,0.28506,63998952.0
1747497600,0.28506,0.28872,0.28107,0.28626,70845705.0
1747526400,0.28626,0.29183,0.28515,0.29161,40685996.0
1747555200,0.2916,0.2977,0.28752,0.2968,73267235.0
1747584000,0.29679,0.29737,0.28082,0.29245,171954460.0
1747612800,0.29246,0.29398,0.27641,0.28002,144163477.0
1747641600,0.28002,0.2841,0.27742,0.28176,79130149.0
1747670400,0.28176,0.28754,0.28119,0.28644,67944417.0
1747699200,0.28644,0.28953,0.28254,0.28312,62541481.0
1747728000,0.2831,0.28584,0.27989,0.28223,98483622.0
1747756800,0.28222,0.28877,0.27961,0.28745,73676901.0
1747785600,0.28747,0.29221,0.28375,0.28892,68704861.0
1747814400,0.28893,0.29461,0.28604,0.29269,89661566.0
1747843200,0.29269,0.29815,0.28422,0.2931,177954052.0
1747872000,0.29311,0.29895,0.29275,0.29838,74005424.0
1747900800,0.29839,0.30296,0.29804,0.3014,100199608.0
1747929600,0.3014,0.30442,0.29979,0.3041,71771562.0
1747958400,0.30411,0.31234,0.29963,0.30112,139845406.0
1747987200,0.30111,0.30588,0.28633,0.29204,266746018.0
1748016000,0.29206,0.29533,0.28365,0.28498,112317594.0
1748044800,0.28498,0.29135,0.28376,0.29006,54546957.0
1748073600,0.29006,0.29138,0.28754,0.28816,41689474.0
1748102400,0.28816,0.28884,0.28447,0.28576,43469939.0
1748131200,0.28578,0.28666,0.2816,0.28314,55882185.0
1748160000,0.28313,0.2838,0.27735,0.28022,73468199.0
1748188800,0.28022,0.28768,0.27808,0.28756,58484388.0
1748217600,0.28757,0.29047,0.28585,0.28944,60662692.0
1748246400,0.28945,0.29021,0.28474,0.2884,45573067.0
1748275200,0.28841,0.28873,0.28299,0.28551,46852193.0
1748304000,0.28551,0.2884,0.28069,0.28791,57426113.0
1748332800,0.28792,0.29296,0.28571,0.28928,85526189.0
1748361600,0.28928,0.29098,0.28585,0.28696,52492912.0
1748390400,0.28696,0.28847,0.28546,0.2861,40103643.0
1748419200,0.2861,0.28973,0.28117,0.2813,74313042.0
1748448000,0.28131,0.28571,0.27882,0.28515,58041112.0
1748476800,0.28515,0.2886,0.282,0.28448,68897587.0
1748505600,0.28448,0.2881,0.2814,0.28335,77708830.0
1748534400,0.28337,0.28398,0.2775,0.27855,65917581.0
1748563200,0.27856,0.27988,0.26685,0.27108,154548922.0
1748592000,0.27108,0.2755,0.2696,0.27268,89867164.0
1748620800,0.27268,0.27419,0.26306,0.26476,137629731.0
1748649600,0.26475,0.26638,0.25892,0.26023,109421000.0
1748678400,0.26023,0.26738,0.2586,0.2657,81177588.0
1748707200,0.2657,0.26752,0.26365,0.26384,52376693.0
1748736000,0.26385,0.26781,0.2621,0.26567,53163693.0
1748764800,0.26566,0.26592,0.26158,0.26545,50564710.0
1748793600,0.26544,0.26764,0.26342,0.26718,42598449.0
1748822400,0.26718,0.26757,0.26367,0.26607,42546873.0
1748851200,0.26606,0.26732,0.26342,0.26523,61752999.0
1748880000,0.26524,0.27177,0.26361,0.27172,73009023.0
1748908800,0.27171,0.27516,0.27028,0.27092,61235092.0
1748937600,0.27093,0.27611,0.26963,0.27552,61349180.0
1748966400,0.27551,0.27593,0.27129,0.2726,52627143.0
1748995200,0.2726,0.27551,0.27174,0.27257,45182969.0
1749024000,0.27257,0.2755,0.26835,0.27031,63516247.0
1749052800,0.27031,0.27105,0.2651,0.26648,54540476.0
1749081600,0.26649,0.26834,0.26423,0.26466,49427495.0
1749110400,0.26467,0.26881,0.26316,0.26496,64273692.0
1749139200,0.26496,0.26502,0.25196,0.25672,174759427.0
1749168000,0.25671,0.26162,0.25526,0.26033,63547994.0
1749196800,0.26033,0.26651,0.26018,0.26496,64964116.0
1749225600,0.26496,0.26532,0.26222,0.26262,47551266.0
1749254400,0.26262,0.2659,0.2617,0.26549,32593434.0
1749283200,0.26549,0.26761,0.26434,0.26704,31143250.0
1749312000,0.26704,0.26755,0.26437,0.2645,42487205.0
1749340800,0.26451,0.26826,0.26302,0.26614,50005198.0
1749369600,0.26614,0.2743,0.26382,0.27126,114957274.0
1749398400,0.27126,0.27225,0.26682,0.26757,60492460.0
1749427200,0.26757,0.26826,0.26364,0.26434,54115569.0
1749456000,0.26435,0.26822,0.26399,0.26604,73629248.0
1749484800,0.26603,0.27501,0.26603,0.27481,85462798.0
1749513600,0.2748,0.27685,0.27229,0.27319,69470272.0
1749542400,0.27321,0.28023,0.27182,0.27594,124137845.0
1749571200,0.27594,0.28127,0.27542,0.28041,72252702.0
1749600000,0.2804,0.28285,0.27827,0.28235,55054399.0
1749628800,0.28236,0.28567,0.27969,0.28243,156779647.0
1749657600,0.28243,0.2826,0.2757,0.27667,84607737.0
1749686400,0.27668,0.27828,0.27443,0.27489,66552058.0
1749715200,0.27488,0.27667,0.27222,0.27264,75091953.0
1749744000,0.27263,0.27534,0.2666,0.26707,96794620.0
1749772800,0.26707,0.26708,0.25291,0.25824,232391010.0
1749801600,0.25824,0.26062,0.25583,0.25913,78614299.0
1749830400,0.25913,0.2615,0.25647,0.26063,61925456.0
1749859200,0.26063,0.26086,0.25788,0.2596,49489721.0
1749888000,0.25959,0.26029,0.25628,0.25676,42406937.0
1749916800,0.25676,0.25697,0.25271,0.25614,59383501.0
1749945600,0.25614,0.25906,0.25577,0.25648,34567352.0
1749974400,0.25648,0.25965,0.25493,0.25857,42062242.0
1750003200,0.25857,0.25883,0.2542,0.25849,53521455.0
1750032000,0.25848,0.26217,0.25612,0.26187,51691784.0
1750060800,0.26187,0.26719,0.26035,0.26527,99145799.0
1750089600,0.26528,0.2701,0.26082,0.26135,121606453.0
1750118400,0.26136,0.26362,0.25769,0.25965,80220985.0
1750147200,0.25965,0.25993,0.25329,0.25455,67545323.0
1750176000,0.25455,0.25596,0.25001,0.25175,98708783.0
1750204800,0.25175,0.25404,0.25111,0.25287,38957827.0
1750233600,0.25288,0.25365,0.24551,0.24945,98859433.0
1750262400,0.24945,0.25289,0.24663,0.25224,70057240.0
1750291200,0.25225,0.25302,0.2497,0.25061,45695774.0
1750320000,0.2506,0.25255,0.24803,0.24807,46169485.0
1750348800,0.24806,0.25068,0.24717,0.24941,43352589.0
1750377600,0.24942,0.2504,0.24644,0.25021,38890151.0
1750406400,0.25022,0.25151,0.24528,0.24612,68343688.0
1750435200,0.24614,0.24623,0.23922,0.24186,97965833.0
1750464000,0.24188,0.24391,0.24129,0.24336,27622334.0
1750492800,0.24337,0.24473,0.24012,0.24176,45755807.0
1750521600,0.24175,0.24235,0.23213,0.23705,113309317.0
1750550400,0.23708,0.23879,0.23352,0.23647,88096656.0
1750579200,0.23648,0.23673,0.22154,0.222,197505469.0
1750608000,0.222,0.22882,0.21642,0.22863,153943021.0
1750636800,0.22863,0.23218,0.22782,0.23096,69982692.0
1750665600,0.23095,0.2331,0.22715,0.2296,80056145.0
1750694400,0.2296,0.24606,0.22494,0.24552,145014371.0
1750723200,0.24551,0.24873,0.24359,0.24562,65101948.0
1750752000,0.24563,0.24915,0.2443,0.24722,86329650.0
1750780800,0.24722,0.2497,0.24632,0.24857,50332855.0
1750809600,0.24857,0.24904,0.24434,0.24528,45216358.0
1750838400,0.24528,0.24593,0.24047,0.24076,73919940.0
1750867200,0.24076,0.24319,0.23939,0.24125,41149471.0
1750896000,0.24125,0.24412,0.24047,0.24196,47009262.0
1750924800,0.24192,0.24253,0.23369,0.23567,85045590.0
1750953600,0.23564,0.23837,0.23354,0.23396,45394842.0
1750982400,0.23396,0.23613,0.23279,0.23352,38233960.0
1751011200,0.23353,0.2363,0.23241,0.23508,46992752.0
1751040000,0.2351,0.2384,0.23225,0.23672,52839876.0
1751068800,0.23673,0.23911,0.23577,0.23814,47013600.0
1751097600,0.23815,0.23966,0.23661,0.23966,31166059.0
1751126400,0.23965,0.24006,0.2372,0.23874,51401039.0
1751155200,0.23874,0.23904,0.23718,0.23888,27039319.0
1751184000,0.23889,0.23974,0.23676,0.23698,37783792.0
1751212800,0.23698,0.24212,0.2341,0.24022,59050249.0
1751241600,0.24023,0.24102,0.23556,0.23756,60902695.0
1751270400,0.23757,0.2379,0.23317,0.23501,61880236.0
1751299200,0.23501,0.24312,0.2345,0.23789,113800754.0
1751328000,0.23789,0.23937,0.23503,0.23763,57401059.0
1751356800,0.23764,0.23792,0.2304,0.23063,94208097.0
1751385600,0.23063,0.23129,0.22272,0.22523,162753671.0
1751414400,0.22524,0.23271,0.22402,0.23196,86165061.0
1751443200,0.23196,0.23434,0.22964,0.23356,77133419.0
1751472000,0.23357,0.24025,0.23335,0.23794,123998924.0
1751500800,0.23794,0.24537,0.23746,0.24496,64341543.0
1751529600,0.24496,0.24813,0.24068,0.24095,116078680.0
1751558400,0.24094,0.24524,0.24051,0.24245,50310860.0
1751587200,0.24245,0.24471,0.23719,0.2377,58867493.0
1751616000,0.23769,0.24044,0.23524,0.23566,62954240.0
1751644800,0.23566,0.23858,0.23455,0.2374,45939828.0
1751673600,0.2374,0.23856,0.23606,0.23815,28204208.0
1751702400,0.23814,0.23846,0.23572,0.23705,26282265.0
1751731200,0.23706,0.23807,0.23467,0.23805,34820462.0
1751760000,0.23805,0.23839,0.23636,0.23787,24127046.0
1751788800,0.23788,0.24411,0.23767,0.24368,103885701.0
1751817600,0.24368,0.25178,0.24166,0.25031,102148412.0
1751846400,0.25031,0.25382,0.24946,0.24987,127673127.0
1751875200,0.24986,0.25732,0.2481,0.2534,151315378.0
1751904000,0.25338,0.25496,0.24606,0.24806,129458869.0
1751932800,0.24805,0.25065,0.24586,0.2506,65283390.0
1751961600,0.2506,0.25519,0.25021,0.25392,82179624.0
1751990400,0.25394,0.25963,0.25265,0.25931,125212779.0
1752019200,0.25931,0.26646,0.25691,0.26469,127865158.0
1752048000,0.26469,0.29718,0.26453,0.2951,605073332.0
1752076800,0.2951,0.29612,0.28459,0.28803,311609560.0
1752105600,0.28802,0.29587,0.28501,0.2924,246372810.0
1752134400,0.2924,0.29857,0.28745,0.29304,274029754.0
1752163200,0.29304,0.30584,0.29206,0.30293,245356706.0
1752192000,0.30293,0.30933,0.29751,0.30407,208319729.0
1752220800,0.30404,0.3995,0.30403,0.36748,964980780.0
1752249600,0.36747,0.38858,0.34649,0.36011,823246125.0
1752278400,0.36011,0.40536,0.35086,0.37591,968789720.0
1752307200,0.37601,0.41876,0.37208,0.37597,1422186971.0
1752336000,0.37598,0.4008,0.37343,0.39278,547223687.0
1752364800,0.39277,0.44318,0.38666,0.44157,1067832956.0
1752393600,0.44157,0.48339,0.41944,0.46275,1389960825.0
1752422400,0.46275,0.4808,0.45061,0.47032,819212088.0
1752451200,0.47034,0.5166,0.46504,0.48585,1300088688.0
1752480000,0.48583,0.48769,0.44761,0.45644,1242991437.0
1752508800,0.45643,0.46815,0.43816,0.46361,588129873.0
1752537600,0.46354,0.46474,0.42937,0.44687,641541807.0
1752566400,0.44688,0.475,0.43999,0.44681,833861609.0
1752595200,0.4468,0.45889,0.43862,0.45133,323535643.0
1752624000,0.45133,0.46635,0.44718,0.45907,388049654.0
1752652800,0.45904,0.48098,0.45689,0.46371,553850114.0
1752681600,0.46375,0.47791,0.45098,0.45313,465918349.0
1752710400,0.45311,0.48466,0.44423,0.46607,530285310.0
1752739200,0.46608,0.48374,0.456,0.46402,610769067.0
1752768000,0.46397,0.5148,0.45751,0.49747,874235875.0
1752796800,0.49746,0.52099,0.47794,0.48051,768762912.0
1752825600,0.48052,0.48654,0.46209,0.4655,502233434.0
1752854400,0.4655,0.47417,0.44901,0.45842,336390897.0
1752883200,0.45842,0.46859,0.45377,0.46645,239308205.0
1752912000,0.46645,0.46835,0.45,0.46099,211100723.0
1752940800,0.461,0.46917,0.45504,0.4608,155828644.0
1752969600,0.4608,0.46589,0.45715,0.46174,166560920.0
1752998400,0.46175,0.474,0.4614,0.47186,276004999.0
1753027200,0.47189,0.47682,0.45377,0.46224,281136701.0
1753056000,0.46224,0.49351,0.45555,0.48536,412676850.0
1753084800,0.48536,0.49426,0.4772,0.48143,310724553.0
1753113600,0.48143,0.4865,0.46719,0.47294,224971193.0
1753142400,0.47294,0.4766,0.44904,0.45792,326914774.0
1753171200,0.45794,0.46583,0.44883,0.46362,261489044.0
1753200000,0.46362,0.4748,0.46187,0.47263,191209088.0
1753228800,0.47263,0.475,0.46607,0.47041,184937280.0
1753257600,0.4704,0.47436,0.42472,0.43959,496463001.0
1753286400,0.4396,0.44056,0.40884,0.42761,453033435.0
1753315200,0.4276,0.43593,0.40083,0.41675,422637311.0
1753344000,0.41675,0.44755,0.41384,0.44022,343926997.0
1753372800,0.44022,0.44074,0.4228,0.42449,181379836.0
1753401600,0.42454,0.42672,0.40932,0.41493,262828469.0
1753430400,0.41498,0.43118,0.40446,0.4095,278085999.0
1753459200,0.40951,0.43281,0.40726,0.4312,156825888.0
1753488000,0.4312,0.44672,0.42861,0.43842,144267608.0
1753516800,0.43844,0.44384,0.43614,0.44074,171523156.0
1753545600,0.44076,0.44298,0.43479,0.43516,105890220.0
1753574400,0.43516,0.45957,0.43374,0.44181,238372458.0
1753603200,0.44181,0.44268,0.43463,0.43875,155154121.0
1753632000,0.43875,0.44703,0.43745,0.44407,135573629.0
1753660800,0.44408,0.45382,0.43914,0.44316,189948117.0
1753689600,0.44316,0.44537,0.42266,0.42409,196205162.0
1753718400,0.42408,0.42684,0.41515,0.4189,155113162.0
1753747200,0.41891,0.43415,0.413,0.43304,128073010.0
1753776000,0.43306,0.43464,0.41456,0.41818,200168627.0
1753804800,0.41817,0.42248,0.41167,0.42081,133917638.0
1753833600,0.42081,0.42421,0.41526,0.41677,99860752.0
1753862400,0.41673,0.41999,0.40411,0.41396,187842457.0
1753891200,0.41396,0.41622,0.39179,0.40742,201181336.0
1753920000,0.40742,0.4265,0.40642,0.42421,128515680.0
1753948800,0.42421,0.42866,0.40554,0.41081,193733988.0
1753977600,0.4108,0.41939,0.39911,0.40092,208757973.0
1754006400,0.40091,0.40139,0.38642,0.39108,273710388.0
1754035200,0.39111,0.40053,0.38122,0.39816,245916852.0
1754064000,0.39816,0.39897,0.37458,0.38187,205864752.0
1754092800,0.38187,0.3912,0.37848,0.38677,102150927.0
1754121600,0.38685,0.38739,0.36787,0.36934,139467573.0
1754150400,0.36934,0.37356,0.3618,0.36681,174014649.0
1754179200,0.36683,0.3792,0.361,0.37856,102550328.0
1754208000,0.37856,0.40085,0.378,0.40023,189968521.0
1754236800,0.40025,0.40303,0.39404,0.39906,164364304.0
1754265600,0.39909,0.41754,0.39675,0.41655,273578326.0
1754294400,0.41655,0.41938,0.40659,0.4086,261296462.0
1754323200,0.4086,0.41766,0.40859,0.41336,138493153.0
1754352000,0.41336,0.41854,0.40098,0.40152,186403448.0
1754380800,0.4015,0.41255,0.39278,0.39572,196059811.0
1754409600,0.39571,0.39956,0.39118,0.39561,101188796.0
1754438400,0.39562,0.39583,0.38471,0.39451,123317554.0
1754467200,0.3945,0.40054,0.38677,0.39857,139771946.0
1754496000,0.39855,0.40249,0.39489,0.39986,86486759.0
1754524800,0.39987,0.40568,0.39615,0.40136,82480895.0
1754553600,0.40138,0.4182,0.39927,0.41221,144224288.0
1754582400,0.41221,0.44074,0.4023,0.43927,300133936.0
1754611200,0.43927,0.46848,0.43606,0.46233,649250136.0
1754640000,0.46239,0.46799,0.44001,0.44207,390034331.0
1754668800,0.44207,0.45724,0.44121,0.44981,194302811.0
1754697600,0.44984,0.45633,0.44642,0.4537,153632484.0
1754726400,0.45371,0.45678,0.44611,0.44997,159496019.0
1754755200,0.44996,0.45417,0.44458,0.44672,113375326.0
1754784000,0.44672,0.45659,0.4356,0.43871,196297396.0
1754812800,0.43874,0.44435,0.43281,0.44183,150263279.0
1754841600,0.44182,0.44753,0.43906,0.44425,77218181.0
1754870400,0.44425,0.45739,0.44201,0.44802,158197350.0
1754899200,0.44802,0.4611,0.4362,0.44318,346367084.0
1754928000,0.44318,0.4463,0.42723,0.43005,161022605.0
1754956800,0.43005,0.44444,0.42947,0.43695,121240709.0
1754985600,0.43696,0.44605,0.43016,0.44466,167297542.0
1755014400,0.44466,0.45582,0.44241,0.44921,152573895.0
1755043200,0.44921,0.45029,0.44025,0.44772,116004202.0
1755072000,0.44771,0.4597,0.44468,0.44689,227485196.0
1755100800,0.44688,0.45559,0.44625,0.45196,112174689.0
1755129600,0.45196,0.47191,0.44954,0.45321,366112969.0
1755158400,0.45322,0.45337,0.40612,0.42365,392341785.0
1755187200,0.42364,0.42689,0.41525,0.4229,152593194.0
1755216000,0.42291,0.43227,0.42062,0.42899,106602128.0
1755244800,0.42899,0.43307,0.41415,0.4158,176066344.0
1755273600,0.4158,0.43275,0.41131,0.4301,170720471.0
1755302400,0.4301,0.43169,0.42419,0.42782,78760418.0
1755331200,0.42782,0.43287,0.42218,0.42631,103131907.0
1755360000,0.4263,0.42867,0.42359,0.42629,45405327.0
1755388800,0.42629,0.43111,0.42389,0.42889,49455527.0
1755417600,0.42888,0.43336,0.42809,0.43244,79837958.0
1755446400,0.43245,0.43397,0.4229,0.42433,83193893.0
1755475200,0.42433,0.42486,0.40534,0.40813,166345179.0
1755504000,0.4081,0.41217,0.40281,0.41006,128778785.0
1755532800,0.41007,0.42035,0.4075,0.41435,111749816.0
1755561600,0.41435,0.41822,0.4015,0.40559,105946575.0
1755590400,0.40559,0.41015,0.39675,0.39781,124528705.0
1755619200,0.39783,0.39981,0.38963,0.39065,127031488.0
1755648000,0.39066,0.39884,0.38954,0.39505,84128911.0
1755676800,0.39506,0.40302,0.38719,0.39837,169680272.0
1755705600,0.39837,0.40817,0.39824,0.40436,98420376.0
1755734400,0.40436,0.40744,0.3978,0.40099,76072376.0
1755763200,0.40098,0.40144,0.3918,0.39246,81049818.0
1755792000,0.39247,0.39703,0.38931,0.39105,70396405.0
1755820800,0.39105,0.39619,0.38878,0.39306,63108748.0
1755849600,0.39307,0.41811,0.38061,0.41405,324307828.0
1755878400,0.41403,0.42882,0.41394,0.42484,158447963.0
1755907200,0.42483,0.42513,0.40963,0.41769,119719716.0
1755936000,0.41769,0.41939,0.4094,0.41199,103132746.0
1755964800,0.41197,0.41741,0.41055,0.41654,45787622.0
1755993600,0.41655,0.41775,0.40849,0.40858,67466234.0
1756022400,0.40859,0.41053,0.40204,0.40598,85087340.0
1756051200,0.40599,0.42398,0.40345,0.40772,233140146.0
1756080000,0.40772,0.41078,0.39175,0.39258,119966439.0
1756108800,0.39258,0.39766,0.38765,0.39351,128442480.0
1756137600,0.39351,0.39582,0.37688,0.38382,175671323.0
1756166400,0.38382,0.39211,0.38155,0.38885,88274731.0
1756195200,0.38884,0.39351,0.38452,0.39058,109042339.0
1756224000,0.39059,0.39957,0.3864,0.39461,122484588.0
1756252800,0.39461,0.3947,0.38234,0.38436,118955945.0
1756281600,0.38438,0.38884,0.3815,0.38608,109705293.0
1756310400,0.38609,0.38819,0.37726,0.37882,134685094.0
1756339200,0.37882,0.38448,0.37628,0.38335,70244094.0
1756368000,0.38334,0.38716,0.37931,0.38112,96849634.0
1756396800,0.38112,0.38376,0.37384,0.38197,96426173.0
1756425600,0.38197,0.38232,0.36468,0.36548,109846672.0
1756454400,0.36549,0.37015,0.35441,0.35933,191069575.0
1756483200,0.35934,0.3616,0.35508,0.36112,87981523.0
1756512000,0.36113,0.36234,0.35394,0.36086,74285173.0
1756540800,0.36086,0.3609,0.35144,0.35649,81224345.0
1756569600,0.35648,0.36019,0.35531,0.35978,53744543.0
1756598400,0.35979,0.36452,0.3587,0.3589,62086467.0
1756627200,0.35891,0.3609,0.3564,0.35932,49614800.0
1756656000,0.35933,0.35961,0.35188,0.35247,60585003.0
1756684800,0.35247,0.35772,0.34387,0.35771,151536523.0
1756713600,0.35772,0.36408,0.35192,0.3534,145961455.0
1756742400,0.3534,0.3573,0.34588,0.3573,118508868.0
1756771200,0.3573,0.36485,0.35374,0.36109,104797971.0
1756800000,0.36108,0.36637,0.35454,0.35826,151300686.0
1756828800,0.35827,0.36782,0.35753,0.36781,73011094.0
1756857600,0.36782,0.36865,0.36019,0.36232,85599304.0
1756886400,0.3623,0.36831,0.36063,0.36603,81865038.0
1756915200,0.36604,0.36645,0.36104,0.36187,63896418.0
1756944000,0.36188,0.36324,0.35733,0.35909,76528153.0
1756972800,0.35908,0.36201,0.34914,0.35425,107655373.0
1757001600,0.35425,0.35616,0.35054,0.35173,59714622.0
1757030400,0.35173,0.3645,0.35046,0.36427,58165739.0
1757059200,0.36427,0.36774,0.35648,0.36005,133084097.0
1757088000,0.36004,0.36237,0.35601,0.35943,51539242.0
1757116800,0.35943,0.36125,0.35684,0.3573,27032009.0
1757145600,0.3573,0.36008,0.3548,0.35619,35926006.0
1757174400,0.35616,0.35723,0.35279,0.35564,35576483.0
1757203200,0.35565,0.35927,0.35524,0.35742,26920559.0
1757232000,0.35741,0.36586,0.3566,0.36246,103111791.0
1757260800,0.36245,0.36334,0.35684,0.36144,44499374.0
1757289600,0.36144,0.36543,0.35815,0.36505,69699705.0
1757318400,0.36505,0.38467,0.3648,0.37932,197871640.0
1757347200,0.37931,0.37972,0.3725,0.3774,74446545.0
1757376000,0.37739,0.38617,0.37112,0.38446,132444948.0
1757404800,0.38445,0.38658,0.37021,0.37226,156311381.0
1757433600,0.37227,0.37478,0.37049,0.37197,60629614.0
1757462400,0.372,0.3775,0.36966,0.37711,52576029.0
1757491200,0.37712,0.38575,0.37492,0.38255,89039248.0
1757520000,0.38256,0.38582,0.37811,0.38326,65346522.0
1757548800,0.38326,0.38975,0.38298,0.38857,77010237.0
1757577600,0.38861,0.39544,0.38132,0.38578,193700080.0
1757606400,0.38577,0.39639,0.38522,0.39578,73469115.0
1757635200,0.39579,0.39982,0.38968,0.39699,111461332.0
1757664000,0.39701,0.39705,0.38972,0.39089,77644640.0
1757692800,0.39089,0.40522,0.39054,0.40452,104945896.0
1757721600,0.40452,0.4074,0.40156,0.4038,73217840.0
1757750400,0.40381,0.41425,0.40376,0.40732,179029179.0
1757779200,0.40734,0.40919,0.39976,0.40484,80829383.0
1757808000,0.40483,0.40545,0.39512,0.39639,88942268.0
1757836800,0.3964,0.39766,0.38368,0.38703,112381070.0
1757865600,0.387,0.39338,0.3864,0.38924,52008574.0
1757894400,0.38924,0.39447,0.38319,0.38436,75476585.0
1757923200,0.38436,0.38452,0.37448,0.37769,178833202.0
1757952000,0.37766,0.38071,0.37362,0.38017,53921600.0
1757980800,0.38016,0.38022,0.37406,0.37925,44623233.0
1758009600,0.37924,0.39139,0.37924,0.38722,169938208.0
1758038400,0.38723,0.39051,0.38346,0.38389,75114832.0
1758067200,0.38388,0.38777,0.37925,0.38745,65446980.0
1758096000,0.38742,0.38764,0.3823,0.38441,63223785.0
1758124800,0.3844,0.39846,0.38,0.39529,172842706.0
1758153600,0.3953,0.40018,0.39201,0.39646,95810494.0
1758182400,0.39646,0.40248,0.39508,0.40085,128877283.0
1758211200,0.40083,0.4047,0.39473,0.39618,101697292.0
1758240000,0.39618,0.39991,0.38958,0.39171,110946085.0
1758268800,0.39172,0.39417,0.38523,0.38819,101446148.0
1758297600,0.3882,0.39108,0.38589,0.38797,57572863.0
1758326400,0.38796,0.39352,0.3845,0.39345,50459631.0
1758355200,0.39345,0.39383,0.38596,0.39116,60378247.0
1758384000,0.39118,0.3917,0.38505,0.38604,36563955.0
1758412800,0.38603,0.39044,0.3848,0.38865,39011315.0
1758441600,0.38865,0.3906,0.38058,0.38153,79378773.0
1758470400,0.38154,0.38377,0.37882,0.37955,45161556.0
1758499200,0.37955,0.38045,0.34003,0.35667,326931190.0
1758528000,0.35667,0.36816,0.35462,0.36373,147881424.0
1758556800,0.3637,0.36843,0.36104,0.36814,83380402.0
1758585600,0.36814,0.3736,0.36105,0.37025,116682606.0
1758614400,0.37032,0.37443,0.36766,0.3703,77488245.0
1758643200,0.37031,0.37231,0.36353,0.36427,76605414.0
1758672000,0.36428,0.36828,0.35699,0.36782,110078496.0
1758700800,0.36783,0.37587,0.36716,0.37504,89385065.0
1758729600,0.375,0.38113,0.37286,0.37441,90609778.0
1758758400,0.37442,0.37673,0.35973,0.36044,141657272.0
1758787200,0.36041,0.36566,0.35228,0.36098,172817256.0
1758816000,0.36099,0.36125,0.34646,0.35025,161423377.0
1758844800,0.35025,0.35638,0.3498,0.353,78492692.0
1758873600,0.35305,0.35588,0.34561,0.35243,129973229.0
1758902400,0.35244,0.36383,0.35217,0.36175,93578861.0
1758931200,0.36176,0.36299,0.35763,0.36018,39806528.0
1758960000,0.36017,0.36258,0.35759,0.36043,46569854.0
1758988800,0.36043,0.36262,0.35611,0.36056,38109271.0
1759017600,0.36056,0.36125,0.35581,0.35688,46184149.0
1759046400,0.35689,0.35887,0.35159,0.35887,52405484.0
1759075200,0.35886,0.36878,0.35855,0.36744,58550799.0
1759104000,0.36745,0.37059,0.36429,0.36801,55348006.0
1759132800,0.36801,0.37658,0.363,0.3714,122282139.0
1759161600,0.3714,0.37665,0.36817,0.37141,102359310.0
1759190400,0.37141,0.37316,0.36633,0.3671,72756999.0
1759219200,0.36711,0.36739,0.3584,0.36034,73664471.0
1759248000,0.36035,0.36957,0.35756,0.36385,105495902.0
1759276800,0.36386,0.36662,0.36148,0.36508,54430644.0
1759305600,0.36508,0.39017,0.36485,0.38926,167813165.0
1759334400,0.38927,0.39832,0.38739,0.39805,129672030.0
1759363200,0.39805,0.40926,0.39615,0.39976,149378336.0
1759392000,0.39976,0.40498,0.39431,0.40209,157364773.0
1759420800,0.40209,0.41379,0.40117,0.40854,146586070.0
1759449600,0.40854,0.40877,0.3989,0.40057,102445086.0
1759478400,0.40057,0.40863,0.39876,0.40832,98623317.0
1759507200,0.40833,0.41349,0.4021,0.40609,116644474.0
1759536000,0.4061,0.40773,0.40034,0.40079,53326448.0
1759564800,0.40079,0.40133,0.38782,0.38876,99936437.0
1759593600,0.38876,0.39431,0.38788,0.3936,53862347.0
1759622400,0.39363,0.40761,0.39147,0.40749,96766614.0
1759651200,0.40749,0.4091,0.39642,0.40052,109873159.0
1759680000,0.40053,0.40068,0.39242,0.39588,86394788.0
1759708800,0.39588,0.40556,0.39324,0.40234,98551334.0
1759737600,0.40228,0.41228,0.40203,0.40993,95473371.0
1759766400,0.40994,0.41267,0.40585,0.40843,86810086.0
1759795200,0.40843,0.4102,0.40016,0.40153,75834316.0
1759824000,0.40152,0.40443,0.3849,0.38637,188524567.0
1759852800,0.38638,0.38983,0.38249,0.38345,91588338.0
1759881600,0.38344,0.38793,0.37766,0.37908,105570294.0
1759910400,0.37909,0.38726,0.37862,0.38198,87801474.0
1759939200,0.38198,0.39209,0.38081,0.38832,74026255.0
1759968000,0.38832,0.38857,0.3778,0.37799,77757140.0
1759996800,0.37799,0.38141,0.37249,0.37474,124935996.0
1760025600,0.37473,0.38249,0.37061,0.37922,82265336.0
1760054400,0.37922,0.38399,0.37613,0.37981,54575003.0
1760083200,0.37981,0.38596,0.36506,0.36815,148393542.0
1760112000,0.36815,0.37205,0.16131,0.3188,1091231447.0
1760140800,0.31879,0.33026,0.31117,0.32658,281443172.0
1760169600,0.32658,0.33938,0.31964,0.32919,170341908.0
1760198400,0.32919,0.33116,0.30864,0.32258,161191068.0
1760227200,0.32258,0.32651,0.31325,0.32648,105462024.0
1760256000,0.32648,0.34115,0.31935,0.33835,155371855.0
1760284800,0.3384,0.34994,0.3378,0.34125,156181067.0
1760313600,0.34125,0.34986,0.33735,0.34618,98177775.0
1760342400,0.34617,0.35161,0.33565,0.34512,192043311.0
1760371200,0.34514,0.35435,0.34334,0.35091,86972200.0
1760400000,0.35092,0.3528,0.32207,0.32686,164948146.0
1760428800,0.32683,0.33503,0.31931,0.3347,169644178.0
1760457600,0.33475,0.33965,0.3293,0.33706,121919267.0
1760486400,0.33705,0.34043,0.33367,0.33854,68038812.0
1760515200,0.33852,0.34243,0.32538,0.32613,131369310.0
1760544000,0.32613,0.32857,0.31953,0.32437,85862396.0
1760572800,0.32437,0.32829,0.32173,0.32436,64160323.0
1760601600,0.32436,0.3319,0.31323,0.31532,173682853.0
1760630400,0.31532,0.3221,0.3071,0.31192,142197235.0
1760659200,0.31192,0.3173,0.29456,0.29504,146000174.0
1760688000,0.29502,0.30542,0.28911,0.30486,248134455.0
1760716800,0.30486,0.31201,0.3039,0.30831,86605562.0
1760745600,0.30831,0.31826,0.30784,0.31391,63774560.0
1760774400,0.31391,0.31962,0.31131,0.31471,64180987.0
1760803200,0.31471,0.31744,0.3122,0.31434,39712316.0
1760832000,0.31434,0.31544,0.30976,0.31072,41957754.0
1760860800,0.31072,0.32246,0.30711,0.32119,112468918.0
1760889600,0.32119,0.32332,0.31686,0.31759,47179724.0
1760918400,0.31758,0.32882,0.31285,0.32802,88595711.0
1760947200,0.32801,0.32946,0.32412,0.32522,64090734.0
1760976000,0.32521,0.3327,0.32135,0.32422,99644681.0
1761004800,0.32423,0.32496,0.31366,0.31609,78385118.0
1761033600,0.31609,0.33178,0.31334,0.33025,110908696.0
1761062400,0.33024,0.33269,0.31341,0.31387,104058865.0
1761091200,0.31388,0.3146,0.30924,0.3121,73080263.0
1761120000,0.31208,0.31506,0.30654,0.31116,98883342.0
1761148800,0.31119,0.31309,0.30147,0.30789,106195324.0
1761177600,0.3079,0.31368,0.30773,0.31246,49125281.0
1761206400,0.31247,0.31509,0.3091,0.31211,53141419.0
1761235200,0.31211,0.31652,0.30863,0.31124,50865845.0
1761264000,0.31123,0.31749,0.30991,0.31502,60051251.0
1761292800,0.31502,0.32959,0.31349,0.31492,144845809.0
1761321600,0.31493,0.32076,0.31242,0.3192,45271300.0
1761350400,0.3192,0.32201,0.31838,0.31905,46447049.0
1761379200,0.31905,0.33043,0.31757,0.32692,69167264.0
1761408000,0.32693,0.32861,0.32389,0.3248,48826203.0
1761436800,0.3248,0.3277,0.32224,0.32656,43733529.0
1761465600,0.32656,0.33256,0.32598,0.33126,71369457.0
1761494400,0.33127,0.33276,0.32525,0.33021,70839257.0
1761523200,0.3302,0.33462,0.3282,0.32961,73403871.0
1761552000,0.3296,0.33,0.32161,0.32439,91186737.0
1761580800,0.32439,0.3301,0.32122,0.32258,67435875.0
1761609600,0.32258,0.33788,0.32028,0.33116,123534594.0
1761638400,0.33116,0.33613,0.32154,0.32552,120567994.0
1761667200,0.32552,0.32889,0.31317,0.31803,115388516.0
1761696000,0.31802,0.32118,0.31616,0.3206,47830475.0
1761724800,0.3206,0.32467,0.31658,0.31721,73830895.0
1761753600,0.31722,0.32424,0.31,0.31566,139068579.0
1761782400,0.31566,0.31834,0.30614,0.31649,89501601.0
1761811200,0.3165,0.31652,0.29444,0.29631,133723119.0
1761840000,0.29631,0.29898,0.28994,0.29809,122131429.0
1761868800,0.29809,0.30476,0.29757,0.30123,81500790.0
1761897600,0.30123,0.31249,0.29995,0.30797,76418427.0
1761926400,0.30796,0.30831,0.29831,0.30468,86266827.0
1761955200,0.30468,0.30553,0.30146,0.30446,35102938.0
1761984000,0.30446,0.30723,0.30125,0.30546,52730159.0
1762012800,0.30547,0.30713,0.30393,0.30496,32288876.0
1762041600,0.30496,0.30762,0.30319,0.30695,27762872.0
1762070400,0.30697,0.30745,0.30084,0.30254,47587118.0
1762099200,0.30255,0.30536,0.29923,0.30452,39004736.0
1762128000,0.30452,0.30552,0.28749,0.2903,108462008.0
1762156800,0.29029,0.29517,0.27143,0.27995,210627689.0
1762185600,0.27995,0.28587,0.27323,0.27799,135897469.0
1762214400,0.278,0.28405,0.2673,0.26928,145297107.0
1762243200,0.26927,0.28123,0.26916,0.27403,132443984.0
1762272000,0.27405,0.27662,0.25286,0.26935,349725544.0
1762300800,0.26936,0.27586,0.25772,0.27444,131838804.0
1762329600,0.27444,0.28063,0.26889,0.28037,114850061.0
1762358400,0.28037,0.28214,0.27655,0.27997,89872900.0
1762387200,0.27996,0.28181,0.27258,0.2733,75602809.0
1762416000,0.27329,0.27503,0.26683,0.26751,85256642.0
1762444800,0.26752,0.2709,0.26353,0.26955,131268382.0
1762473600,0.26955,0.27715,0.26836,0.27701,67730099.0
1762502400,0.27702,0.27726,0.26529,0.27381,146819452.0
1762531200,0.27382,0.29317,0.27236,0.29148,196882402.0
1762560000,0.29148,0.29564,0.28502,0.2883,79506626.0
1762588800,0.28831,0.29026,0.2788,0.27969,105819106.0
1762617600,0.2797,0.28347,0.27822,0.28318,47472866.0
1762646400,0.28317,0.28323,0.27476,0.27875,59527182.0
1762675200,0.27875,0.28228,0.27231,0.28126,107898506.0
1762704000,0.28123,0.28773,0.27782,0.28562,73976717.0
1762732800,0.28561,0.29911,0.2836,0.29907,96047072.0
1762761600,0.29906,0.31134,0.29745,0.30023,173331664.0
1762790400,0.30022,0.3036,0.29619,0.3003,92638496.0
1762819200,0.30029,0.3047,0.29048,0.29067,83814391.0
1762848000,0.29067,0.29443,0.28849,0.2906,69180420.0
1762876800,0.29061,0.29142,0.27956,0.28158,88236659.0
1762905600,0.28158,0.28717,0.27959,0.28349,50226150.0
1762934400,0.2835,0.29482,0.28242,0.28398,89156067.0
1762963200,0.28399,0.28426,0.27361,0.27746,118910809.0
1762992000,0.27745,0.29362,0.27679,0.28999,104166338.0
1763020800,0.29,0.2995,0.27964,0.28078,161684857.0
1763049600,0.28077,0.28254,0.26224,0.26814,201516688.0
1763078400,0.26815,0.27061,0.25938,0.2691,151209127.0
1763107200,0.2691,0.26949,0.2571,0.26651,164722718.0
1763136000,0.26651,0.26991,0.25607,0.25921,108552176.0
1763164800,0.25922,0.26733,0.25919,0.26437,65612361.0
1763193600,0.26436,0.26451,0.25887,0.26137,62153658.0
1763222400,0.26136,0.26251,0.25732,0.25937,50528048.0
1763251200,0.25938,0.26298,0.25474,0.26233,50710090.0
1763280000,0.26232,0.26283,0.2512,0.25165,78686925.0
1763308800,0.25165,0.25581,0.24873,0.25377,121446765.0
1763337600,0.25375,0.25913,0.25119,0.25787,75076164.0
1763366400,0.25787,0.26235,0.25122,0.25243,120751448.0
1763395200,0.25242,0.25521,0.244,0.24694,156501272.0
1763424000,0.24694,0.25116,0.24214,0.24729,131639595.0
1763452800,0.2473,0.25517,0.24729,0.25368,104205303.0
1763481600,0.25368,0.2601,0.25315,0.25582,68032752.0
1763510400,0.25581,0.25671,0.24631,0.25269,77055213.0
1763539200,0.25268,0.25302,0.24086,0.24139,91877661.0
1763568000,0.24138,0.24644,0.235,0.24634,119698923.0
1763596800,0.24635,0.25291,0.24536,0.2515,63851409.0
1763625600,0.25151,0.25442,0.24744,0.2478,97247605.0
1763654400,0.24779,0.24808,0.23372,0.23675,171018116.0
1763683200,0.23676,0.24046,0.22106,0.22809,155173563.0
1763712000,0.22808,0.23217,0.21619,0.22707,234653187.0
1763740800,0.22707,0.23562,0.22441,0.23158,161556313.0
1763769600,0.23159,0.23297,0.22742,0.23166,82340477.0
1763798400,0.23165,0.2321,0.22564,0.22803,90395703.0
1763827200,0.22802,0.23231,0.22652,0.22994,48674502.0
1763856000,0.22994,0.24021,0.22896,0.23686,90402754.0
1763884800,0.23685,0.24466,0.2353,0.24378,77326789.0
1763913600,0.24378,0.25301,0.24218,0.24711,121319341.0
1763942400,0.2471,0.25368,0.24267,0.24619,125203617.0
1763971200,0.24617,0.24986,0.24104,0.24505,126844179.0
1764000000,0.24504,0.25998,0.24409,0.25454,141832419.0
1764028800,0.25453,0.25618,0.25002,0.25039,82725135.0
1764057600,0.2504,0.2507,0.24107,0.24495,113171835.0
1764086400,0.24495,0.25477,0.24408,0.2521,105575507.0
1764115200,0.25209,0.25409,0.24813,0.25405,55027837.0
1764144000,0.25405,0.25556,0.24765,0.25023,86974412.0
1764172800,0.25023,0.26199,0.25021,0.25841,103711825.0
1764201600,0.25841,0.25934,0.2558,0.25766,52851756.0
1764230400,0.25766,0.25827,0.25077,0.25392,63098708.0
1764259200,0.25392,0.25681,0.25288,0.25558,45738834.0
1764288000,0.25557,0.25632,0.25058,0.25495,72053079.0
1764316800,0.25494,0.2628,0.25471,0.25963,87606774.0
1764345600,0.25964,0.25991,0.25167,0.25323,60283700.0
1764374400,0.25323,0.25442,0.24946,0.25236,49721690.0
1764403200,0.25236,0.25657,0.2511,0.25507,42208222.0
1764432000,0.25506,0.25758,0.25318,0.25378,57582850.0
1764460800,0.2538,0.25566,0.25108,0.25361,44234150.0
1764489600,0.25361,0.25472,0.25007,0.25233,45114394.0
1764518400,0.25232,0.25432,0.2474,0.24784,44760285.0
1764547200,0.24782,0.24862,0.23024,0.23157,140559080.0
1764576000,0.23158,0.23512,0.22644,0.2322,104440488.0
1764604800,0.23221,0.23557,0.22679,0.23361,99230351.0
1764633600,0.23361,0.23589,0.23077,0.23238,44593551.0
1764662400,0.23238,0.25161,0.2298,0.25108,126151060.0
1764691200,0.25108,0.25777,0.24893,0.2546,109837175.0
1764720000,0.25461,0.2627,0.25213,0.25773,106254646.0
1764748800,0.25773,0.25873,0.25092,0.25737,96832369.0
1764777600,0.25737,0.26105,0.25493,0.25784,87844119.0
1764806400,0.25784,0.25891,0.25302,0.25406,74791062.0
1764835200,0.25406,0.25556,0.24921,0.25494,74345935.0
1764864000,0.25494,0.25586,0.24802,0.25173,62339457.0
1764892800,0.25173,0.25398,0.25052,0.25221,39935440.0
1764921600,0.2522,0.2522,0.24607,0.24819,66074228.0
1764950400,0.24818,0.24825,0.23855,0.23969,89211799.0
1764979200,0.23969,0.24166,0.23846,0.23929,43669121.0
1765008000,0.23929,0.24267,0.23746,0.24004,37879410.0
1765036800,0.24004,0.24249,0.23829,0.23937,39788749.0
1765065600,0.23937,0.24227,0.23861,0.24008,38484544.0
1765094400,0.24008,0.24144,0.23116,0.23755,79827764.0
1765123200,0.23755,0.24471,0.23285,0.23711,86525595.0
1765152000,0.23712,0.24341,0.23664,0.24258,58794467.0
1765180800,0.24258,0.2468,0.24153,0.2425,67578952.0
1765209600,0.24249,0.24472,0.23988,0.2408,62588528.0
1765238400,0.2408,0.24167,0.23721,0.24038,40313505.0
1765267200,0.24038,0.24968,0.23791,0.2495,67544584.0
1765296000,0.24946,0.25837,0.24946,0.25301,152027958.0
1765324800,0.253,0.25393,0.2498,0.25101,44748670.0
1765353600,0.25102,0.25435,0.24862,0.25003,68604258.0
1765382400,0.25003,0.25971,0.24926,0.24982,139072718.0
1765411200,0.24981,0.25024,0.23887,0.24046,91201267.0
1765440000,0.24047,0.24371,0.23935,0.24045,70713660.0
1765468800,0.24044,0.24773,0.23894,0.24571,77358897.0
1765497600,0.2457,0.24669,0.24211,0.24446,52833598.0
1765526400,0.24446,0.24797,0.23504,0.23619,88173896.0
1765555200,0.23618,0.23871,0.23256,0.23849,94584508.0
1765584000,0.23849,0.24072,0.23766,0.23841,31647142.0
1765612800,0.23842,0.24038,0.23721,0.23962,40955438.0
1765641600,0.23962,0.24053,0.23605,0.23762,37986903.0
1765670400,0.23763,0.23815,0.23537,0.23591,33162893.0
1765699200,0.23591,0.23727,0.23027,0.23143,59445945.0
1765728000,0.23143,0.23318,0.2268,0.22896,74590406.0
1765756800,0.22895,0.23497,0.22888,0.23112,61850131.0
1765785600,0.23111,0.23262,0.22053,0.22141,108761218.0
1765814400,0.22141,0.22222,0.21511,0.2204,128496880.0
1765843200,0.2204,0.22121,0.21447,0.21678,73295680.0
1765872000,0.21678,0.22451,0.21673,0.22273,91280982.0
1765900800,0.22273,0.22304,0.21838,0.21951,57639248.0
1765929600,0.2195,0.22046,0.21683,0.21789,39817082.0
1765958400,0.21788,0.22512,0.21407,0.21612,120491547.0
1765987200,0.21612,0.21788,0.20877,0.2106,128572404.0
1766016000,0.21061,0.21518,0.20701,0.20916,95118582.0
1766044800,0.20916,0.21896,0.20888,0.21623,98051566.0
1766073600,0.21622,0.21686,0.20278,0.2068,147526207.0
1766102400,0.20681,0.21581,0.20412,0.21581,104835184.0
1766131200,0.2158,0.22073,0.21382,0.21789,98244062.0
1766160000,0.21788,0.22165,0.21676,0.21919,87623026.0
1766188800,0.21924,0.22103,0.21851,0.22064,36816293.0
1766217600,0.22064,0.22347,0.21743,0.21883,69530900.0
1766246400,0.21884,0.22044,0.2178,0.21814,30692026.0
1766275200,0.21815,0.21847,0.21534,0.21665,48050042.0
1766304000,0.21665,0.21965,0.21184,0.21421,67571967.0
1766332800,0.21421,0.2173,0.21342,0.2164,42035296.0
1766361600,0.2164,0.22129,0.21432,0.21864,57339711.0
1766390400,0.21864,0.2262,0.21848,0.22427,81500854.0
1766419200,0.22426,0.22611,0.21795,0.2204,74067035.0
1766448000,0.2204,0.22146,0.21487,0.21552,67761719.0
1766476800,0.21552,0.21872,0.21313,0.21652,89714519.0
1766505600,0.21655,0.21897,0.21479,0.21708,56313952.0
1766534400,0.21708,0.21816,0.21322,0.21361,59258422.0
1766563200,0.21362,0.21538,0.2122,0.21359,49448427.0
1766592000,0.21359,0.21501,0.21118,0.21213,48529401.0
1766620800,0.21213,0.2156,0.21146,0.21421,39263426.0
1766649600,0.21421,0.216,0.21137,0.21509,46300636.0
1766678400,0.21509,0.21674,0.20819,0.20974,57312164.0
1766707200,0.20973,0.21602,0.20788,0.21261,62136187.0
1766736000,0.2126,0.21711,0.21029,0.21146,65682358.0
1766764800,0.21147,0.2149,0.21039,0.21339,44162329.0
1766793600,0.21339,0.21487,0.21234,0.21288,30986104.0
1766822400,0.21288,0.21659,0.21286,0.21589,34413659.0
1766851200,0.2159,0.22144,0.21494,0.2207,48286057.0
1766880000,0.22071,0.22473,0.22071,0.2244,50923929.0
1766908800,0.2244,0.22489,0.22165,0.22224,50461568.0
1766937600,0.22224,0.2232,0.21802,0.2202,44142212.0
1766966400,0.2202,0.2275,0.21978,0.22485,95905076.0
1766995200,0.22485,0.22574,0.21702,0.21889,84076458.0
1767024000,0.21888,0.21963,0.21521,0.21585,63512602.0
1767052800,0.21585,0.21599,0.21266,0.2144,73449704.0
1767081600,0.21441,0.21536,0.21263,0.21395,66245848.0
1767110400,0.21396,0.21426,0.20971,0.21056,77827226.0
1767139200,0.21056,0.21145,0.20739,0.20858,52540292.0
1767168000,0.20855,0.20885,0.20444,0.20492,60603018.0
1767196800,0.20493,0.20498,0.1976,0.20076,120492495.0
1767225600,0.20077,0.20473,0.20077,0.20262,64699121.0
1767254400,0.20262,0.2076,0.2023,0.2065,47569883.0
1767283200,0.2065,0.21005,0.20508,0.20848,82590011.0
1767312000,0.20848,0.20955,0.20533,0.20581,65103795.0
1767340800,0.20581,0.21387,0.20556,0.21116,108994918.0
1767369600,0.21115,0.22069,0.21095,0.21911,133777935.0
1767398400,0.2191,0.22774,0.21685,0.21821,129930319.0
1767427200,0.21821,0.22108,0.21722,0.21884,58666137.0
1767456000,0.21884,0.22223,0.21854,0.22212,44601585.0
1767484800,0.22213,0.23091,0.22176,0.22994,92490332.0
1767513600,0.22995,0.23538,0.22789,0.23463,160596347.0
1767542400,0.23463,0.23563,0.22963,0.2329,97092231.0
1767571200,0.2329,0.2365,0.22943,0.23274,92734763.0
1767600000,0.23273,0.23729,0.23003,0.23661,102609025.0
1767628800,0.23661,0.254,0.23382,0.25252,310768295.0
1767657600,0.25252,0.2556,0.24454,0.24548,185743822.0
1767686400,0.24548,0.25267,0.2445,0.24587,158082718.0
1767715200,0.24587,0.24661,0.23358,0.24365,181016717.0
1767744000,0.24365,0.24372,0.23748,0.24249,64325577.0
1767772800,0.2425,0.24384,0.23292,0.23372,117315100.0
1767801600,0.23373,0.23697,0.23186,0.23403,85247319.0
1767830400,0.23403,0.23606,0.22703,0.22998,92008504.0
1767859200,0.22998,0.23229,0.2254,0.2322,114009812.0
1767888000,0.23221,0.23346,0.22809,0.23013,83989530.0
1767916800,0.23014,0.23289,0.2285,0.23072,67144725.0
1767945600,0.23072,0.2335,0.22538,0.22958,124232632.0
1767974400,0.22956,0.23262,0.22516,0.22815,82097693.0
1768003200,0.22814,0.22862,0.22506,0.22755,38765332.0
1768032000,0.22755,0.22906,0.22632,0.22703,36996548.0
1768060800,0.22703,0.22787,0.2253,0.22635,39047547.0
1768089600,0.22634,0.22842,0.22533,0.2281,48270620.0
1768118400,0.2281,0.22913,0.2242,0.22526,58103900.0
1768147200,0.22526,0.22806,0.22122,0.22421,85795951.0
1768176000,0.22422,0.22874,0.22149,0.22285,96198348.0
1768204800,0.22284,0.22387,0.21609,0.22359,147210735.0
1768233600,0.22358,0.22446,0.21842,0.21911,84118568.0
1768262400,0.21911,0.22462,0.21874,0.22221,53760269.0
1768291200,0.2222,0.22986,0.22211,0.22984,93855126.0
1768320000,0.22985,0.2415,0.22937,0.23863,170177227.0
1768348800,0.23862,0.24711,0.23842,0.24381,146987848.0
1768377600,0.24381,0.24571,0.23789,0.24063,110377886.0
1768406400,0.24063,0.243,0.23454,0.23606,111258473.0
1768435200,0.23607,0.23642,0.22908,0.23169,94541547.0
1768464000,0.2317,0.23451,0.2264,0.23056,129683242.0
1768492800,0.23055,0.23208,0.22445,0.22823,73212682.0
1768521600,0.22824,0.22899,0.22524,0.22801,42436735.0
1768550400,0.22802,0.22933,0.21922,0.22136,98392781.0
1768579200,0.22136,0.22816,0.22076,0.22594,66649023.0
1768608000,0.22595,0.22691,0.22449,0.22547,31661621.0
1768636800,0.22547,0.23206,0.22536,0.232,43373087.0
1768665600,0.23199,0.23886,0.22957,0.23078,84955090.0
1768694400,0.23079,0.23267,0.22689,0.22722,45948614.0
1768723200,0.22723,0.22789,0.22312,0.22456,52423208.0
1768752000,0.22456,0.22807,0.2177,0.21792,72257784.0
1768780800,0.21793,0.21811,0.20199,0.21342,191539548.0
1768809600,0.21342,0.2172,0.21284,0.21604,57186473.0
1768838400,0.21605,0.21997,0.21403,0.21561,60130209.0
1768867200,0.21561,0.21679,0.21265,0.21305,69342439.0
1768896000,0.21305,0.21373,0.21023,0.21167,85877179.0
1768924800,0.21166,0.21268,0.205,0.20686,92985266.0
1768953600,0.20685,0.21521,0.20674,0.21298,93098468.0
1768982400,0.21297,0.21541,0.20798,0.21494,85591090.0
1769011200,0.21495,0.21745,0.20512,0.21232,136625424.0
1769040000,0.21231,0.21561,0.21227,0.21526,49038919.0
1769068800,0.21525,0.21714,0.20868,0.21182,78318626.0
1769097600,0.21182,0.21428,0.21023,0.2114,46610888.0
1769126400,0.21141,0.2135,0.21057,0.21101,40703324.0
1769155200,0.21101,0.21339,0.20832,0.21307,60896006.0
1769184000,0.21307,0.2187,0.20988,0.21199,82530407.0
1769212800,0.21198,0.21218,0.21053,0.21074,29440452.0
1769241600,0.21074,0.21231,0.21011,0.211,29006033.0
1769270400,0.21101,0.21318,0.21046,0.21135,29510255.0
1769299200,0.21135,0.21166,0.20914,0.20948,36823246.0
1769328000,0.20949,0.21162,0.2072,0.20756,42038042.0
1769356800,0.20757,0.20757,0.20051,0.20317,105460029.0
1769385600,0.20318,0.2084,0.20295,0.20745,52954661.0
1769414400,0.20746,0.21184,0.20582,0.20906,60265821.0
1769443200,0.20907,0.21019,0.20471,0.20718,71389250.0
1769472000,0.20718,0.20889,0.20604,0.2065,31883847.0
1769500800,0.2065,0.20687,0.20403,0.20662,41429243.0
1769529600,0.20661,0.20978,0.2032,0.20844,82029221.0
1769558400,0.20845,0.20989,0.20658,0.20881,32846399.0
1769587200,0.20881,0.21202,0.20752,0.20814,55390606.0
1769616000,0.20815,0.21149,0.20706,0.21032,63161179.0
1769644800,0.21031,0.21041,0.20497,0.20611,49205801.0
1769673600,0.20611,0.20661,0.19544,0.19746,93237573.0
1769702400,0.19745,0.20199,0.19475,0.19856,113028217.0
1769731200,0.19856,0.19971,0.19067,0.19415,127521705.0
1769760000,0.19416,0.19557,0.19103,0.19353,90117434.0
1769788800,0.19353,0.19588,0.18822,0.19181,111012511.0
1769817600,0.19181,0.19241,0.18756,0.18877,45649182.0
1769846400,0.18877,0.18915,0.17645,0.17933,182371941.0
1769875200,0.17932,0.1821,0.16517,0.18079,272370384.0
1769904000,0.18079,0.18242,0.17855,0.18137,76878275.0
1769932800,0.18136,0.1824,0.17151,0.17373,122246650.0
1769961600,0.17374,0.17765,0.17095,0.17487,129375143.0
1769990400,0.17487,0.1784,0.16833,0.17437,179953442.0
1770019200,0.17438,0.18341,0.17433,0.18183,146534409.0
1770048000,0.18184,0.18316,0.17842,0.17859,71978396.0
1770076800,0.17859,0.17893,0.1749,0.17785,78232424.0
1770105600,0.17786,0.17914,0.17377,0.17884,115733258.0
1770134400,0.17885,0.18186,0.16773,0.17561,200716902.0
1770163200,0.17561,0.17855,0.17481,0.17744,65060861.0
1770192000,0.17745,0.17833,0.16777,0.1696,119163892.0
1770220800,0.16962,0.17443,0.16701,0.17124,158884926.0
1770249600,0.17123,0.1715,0.16274,0.16375,161883614.0
1770278400,0.16375,0.16583,0.15098,0.15432,280005297.0
1770307200,0.15433,0.15753,0.14326,0.14688,377778884.0
1770336000,0.14688,0.15698,0.13603,0.15171,336572668.0
1770364800,0.1517,0.16691,0.15065,0.16549,297930955.0
1770393600,0.16549,0.17103,0.16113,0.16402,199624468.0
1770422400,0.16401,0.16442,0.15731,0.15859,128180338.0
1770451200,0.15859,0.16115,0.15596,0.15985,108339941.0
1770480000,0.15984,0.16463,0.15934,0.16172,146883711.0
1770508800,0.16173,0.16329,0.15954,0.16051,51732419.0
1770537600,0.1605,0.16434,0.16022,0.16176,76807470.0
1770566400,0.16177,0.16494,0.15868,0.16135,67832009.0
1770595200,0.16134,0.16397,0.15998,0.16025,70321005.0
1770624000,0.16025,0.16055,0.15609,0.1594,109291879.0
1770652800,0.15939,0.16234,0.15836,0.15948,79624524.0
1770681600,0.15949,0.16085,0.15557,0.15676,72611447.0
1770710400,0.15675,0.16001,0.15467,0.15923,98933532.0
1770739200,0.15922,0.1596,0.1561,0.15844,76317018.0
1770768000,0.15843,0.15894,0.15324,0.15386,65360260.0
1770796800,0.15385,0.15797,0.15038,0.15134,106118457.0
1770825600,0.15133,0.15719,0.15055,0.15457,75878195.0
1770854400,0.15457,0.15897,0.15456,0.15885,46374371.0
1770883200,0.15886,0.16355,0.15837,0.16067,84485196.0
1770912000,0.16068,0.16109,0.15386,0.15629,110086414.0
1770940800,0.15629,0.15703,0.1544,0.15574,63665027.0
1770969600,0.15573,0.16347,0.15564,0.16183,83008729.0
1770998400,0.16182,0.1666,0.16109,0.16446,84561900.0
1771027200,0.16445,0.16714,0.16436,0.16691,73082934.0
1771056000,0.1669,0.17273,0.16683,0.17148,91525785.0
1771084800,0.17148,0.17671,0.17044,0.17435,83277374.0
1771113600,0.17434,0.18337,0.17312,0.18336,120051469.0
1771142400,0.18336,0.18544,0.17019,0.17287,176496565.0
1771171200,0.17286,0.17286,0.16732,0.17015,88325369.0
1771200000,0.17016,0.1716,0.16774,0.16823,57402535.0
1771228800,0.16823,0.17256,0.16586,0.16691,109123100.0
1771257600,0.16692,0.17025,0.16683,0.1696,62059895.0
1771286400,0.1696,0.17029,0.16667,0.16713,41655601.0
1771315200,0.16713,0.16749,0.16406,0.16583,78980969.0
1771344000,0.16582,0.1694,0.16417,0.16564,76958293.0
1771372800,0.16565,0.16917,0.16438,0.16899,39324108.0
1771401600,0.16898,0.16931,0.16389,0.16712,70922465.0
1771430400,0.16712,0.16712,0.16066,0.16125,74635448.0
1771459200,0.16125,0.1621,0.15972,0.16176,59488387.0
1771488000,0.16175,0.16175,0.15705,0.15865,74039257.0
1771516800,0.15864,0.16027,0.1575,0.1589,67056223.0
1771545600,0.1589,0.16175,0.15861,0.1607,48824622.0
1771574400,0.1607,0.16368,0.15734,0.16368,81784007.0
1771603200,0.16367,0.16505,0.16004,0.1626,84513331.0
1771632000,0.1626,0.16295,0.16129,0.16168,31938793.0
1771660800,0.16169,0.16441,0.16152,0.16316,41879092.0
1771689600,0.16316,0.16364,0.16088,0.16088,44820118.0
1771718400,0.16088,0.16093,0.15386,0.15571,131443070.0
1771747200,0.15571,0.15693,0.15387,0.15428,75446423.0
1771776000,0.15428,0.15573,0.15374,0.15491,61406810.0
1771804800,0.1549,0.15533,0.149,0.15316,125667246.0
1771833600,0.15317,0.15739,0.15221,0.15297,86222090.0
1771862400,0.15296,0.15302,0.1492,0.1512,102147734.0
1771891200,0.1512,0.15253,0.14847,0.14917,83355934.0
1771920000,0.14918,0.15126,0.14698,0.15032,86569339.0
1771948800,0.15033,0.15161,0.14937,0.14951,62387060.0
1771977600,0.1495,0.15549,0.14926,0.153,102224580.0
1772006400,0.15299,0.16182,0.15247,0.16173,87893573.0
1772035200,0.16174,0.16927,0.16125,0.16263,176115447.0
1772064000,0.16262,0.1654,0.16161,0.16255,79224974.0
1772092800,0.16255,0.16509,0.16029,0.16216,102892557.0
1772121600,0.16216,0.16268,0.15821,0.16213,87006741.0
1772150400,0.16213,0.16644,0.16077,0.16594,60123987.0
1772179200,0.16594,0.16671,0.15744,0.16004,95291004.0
1772208000,0.16003,0.16053,0.15609,0.1587,82402743.0
1772236800,0.15871,0.15972,0.14977,0.15108,91869157.0
1772265600,0.15107,0.15315,0.14768,0.15153,127843138.0
1772294400,0.15153,0.16008,0.15026,0.15879,132394283.0
1772323200,0.15879,0.1646,0.15685,0.16076,97954369.0
1772352000,0.16077,0.16138,0.15494,0.15785,91030794.0
1772380800,0.15786,0.15876,0.15164,0.1541,97683427.0
1772409600,0.15411,0.15733,0.15206,0.15291,69970512.0
1772438400,0.15292,0.16148,0.15172,0.16021,99514699.0
1772467200,0.16021,0.16209,0.15487,0.15562,100638290.0
1772496000,0.15562,0.15563,0.1512,0.15252,73758239.0
1772524800,0.15253,0.15283,0.14844,0.15073,97414395.0
1772553600,0.15071,0.15372,0.14962,0.15145,80610162.0
1772582400,0.15145,0.15259,0.1497,0.15185,71849605.0
1772611200,0.15185,0.16039,0.15149,0.16035,145086937.0
1772640000,0.16035,0.16576,0.15755,0.1595,138877829.0
1772668800,0.1595,0.16008,0.15704,0.15779,76751778.0
1772697600,0.15779,0.16107,0.15633,0.15667,97576602.0
1772726400,0.15668,0.15852,0.15398,0.15673,77740737.0
1772755200,0.15672,0.1604,0.15622,0.15907,75102837.0
1772784000,0.15907,0.15915,0.15105,0.15162,83769562.0
1772812800,0.15163,0.1527,0.14945,0.1522,69352696.0
1772841600,0.15219,0.15344,0.15121,0.15173,43961042.0
1772870400,0.15173,0.15253,0.15004,0.15059,32225314.0
1772899200,0.15059,0.15133,0.14893,0.15034,50381535.0
1772928000,0.15035,0.15049,0.1476,0.14985,47483495.0
1772956800,0.14983,0.15217,0.14835,0.14879,51813064.0
1772985600,0.1488,0.15081,0.1466,0.14804,72717476.0
1773014400,0.14804,0.15179,0.14788,0.14905,93804190.0
1773043200,0.14906,0.15272,0.14818,0.15023,76677550.0
1773072000,0.15024,0.15397,0.1501,0.15059,65572310.0
1773100800,0.15058,0.15622,0.15034,0.15618,74122069.0
1773129600,0.15618,0.16781,0.15594,0.16546,202800786.0
1773158400,0.16547,0.1673,0.15826,0.15849,117072655.0
1773187200,0.15848,0.15919,0.15536,0.15602,97816027.0
1773216000,0.15602,0.16215,0.15546,0.15933,125371244.0
1773244800,0.15934,0.16117,0.15826,0.15919,61814278.0
1773273600,0.1592,0.15947,0.15629,0.15837,68056889.0
1773302400,0.15836,0.1607,0.15713,0.15883,85922851.0
1773331200,0.15882,0.16103,0.15791,0.15991,61877491.0
1773360000,0.15991,0.1638,0.15948,0.16246,79633040.0
1773388800,0.16245,0.16816,0.16209,0.16345,112050499.0
1773417600,0.16345,0.16601,0.16187,0.16388,81667383.0
1773446400,0.16387,0.1666,0.16228,0.16325,61311820.0
1773475200,0.16325,0.16541,0.1622,0.16355,43264265.0
1773504000,0.16355,0.16649,0.16315,0.16648,31901113.0
1773532800,0.16648,0.16871,0.16527,0.16605,52148700.0
1773561600,0.16606,0.16896,0.16572,0.16702,55871016.0
1773590400,0.16701,0.17117,0.16601,0.16919,67093280.0
1773619200,0.16919,0.17367,0.16673,0.17314,105436276.0
1773648000,0.17315,0.17537,0.17035,0.17178,98823446.0
1773676800,0.1718,0.17688,0.17162,0.17593,88740163.0
1773705600,0.17594,0.18187,0.17293,0.17532,116937503.0
1773734400,0.17532,0.17613,0.17203,0.17355,67153317.0
1773763200,0.17355,0.17634,0.17333,0.17359,46976724.0
1773792000,0.17359,0.17744,0.17214,0.1749,58514137.0
1773820800,0.1749,0.17579,0.16452,0.16646,97684967.0
1773849600,0.16645,0.17071,0.16581,0.17017,64436635.0
1773878400,0.17017,0.17075,0.16598,0.16696,61055937.0
1773907200,0.16695,0.1686,0.16369,0.16477,132100813.0
1773936000,0.16477,0.16616,0.16326,0.1653,46952408.0
1773964800,0.1653,0.16899,0.16514,0.16758,42359596.0
1773993600,0.16758,0.16893,0.16506,0.16607,47260132.0
1774022400,0.16607,0.16634,0.16319,0.1654,42998712.0
1774051200,0.1654,0.1668,0.16481,0.16536,25043612.0
1774080000,0.16537,0.16638,0.16481,0.1661,23012243.0
1774108800,0.1661,0.1664,0.16108,0.16196,38212533.0
1774137600,0.16196,0.16367,0.15956,0.15994,64822807.0
1774166400,0.15995,0.16034,0.15823,0.15899,54047807.0
1774195200,0.15899,0.15924,0.1548,0.15578,112349349.0
1774224000,0.15579,0.15929,0.15578,0.15667,93209875.0
1774252800,0.15667,0.16686,0.15531,0.16495,167832978.0
1774281600,0.16495,0.16747,0.16339,0.16672,90473862.0
1774310400,0.16671,0.16739,0.16366,0.16673,55763612.0
1774339200,0.16673,0.16837,0.16497,0.1664,103032544.0
1774368000,0.16641,0.17517,0.16415,0.17378,105304507.0
1774396800,0.17379,0.18047,0.17361,0.17948,154281475.0
1774425600,0.17949,0.18223,0.17445,0.1752,150286517.0
1774454400,0.17521,0.17817,0.17504,0.17736,60768189.0
1774483200,0.17735,0.1785,0.17293,0.17379,61373515.0
1774512000,0.17379,0.17639,0.17182,0.17238,88405399.0
1774540800,0.17237,0.17466,0.17102,0.17358,71834751.0
1774569600,0.17359,0.1754,0.17272,0.17428,51029059.0
1774598400,0.17421,0.17453,0.16762,0.1687,107311385.0
1774627200,0.16871,0.16962,0.16665,0.16726,39859537.0
1774656000,0.16725,0.16729,0.16431,0.16642,55105073.0
1774684800,0.16643,0.17108,0.16529,0.16984,59779366.0
1774713600,0.16984,0.17172,0.16754,0.16783,48812185.0
1774742400,0.16782,0.1692,0.16725,0.16796,36079477.0
1774771200,0.16797,0.16847,0.16488,0.16551,38139524.0
1774800000,0.16551,0.16564,0.16092,0.16435,72839974.0
1774828800,0.16436,0.1712,0.1643,0.17089,57818879.0
1774857600,0.17087,0.17392,0.16984,0.17076,84805700.0
1774886400,0.17076,0.17142,0.16705,0.16738,57431564.0
1774915200,0.16738,0.17077,0.16646,0.16711,63226606.0
1774944000,0.16712,0.16715,0.16364,0.16372,94358486.0
1774972800,0.16374,0.16931,0.16341,0.16716,66242954.0
1775001600,0.16717,0.17241,0.16675,0.17152,58668344.0
1775030400,0.17153,0.17474,0.17104,0.17185,82470197.0
1775059200,0.17185,0.1734,0.16884,0.16926,44684339.0
1775088000,0.16927,0.17095,0.1624,0.16427,88182659.0
1775116800,0.16426,0.16443,0.16011,0.16362,72699995.0
1775145600,0.16362,0.16611,0.16213,0.16288,45684021.0
1775174400,0.16289,0.16648,0.16256,0.16495,48283234.0
1775203200,0.16496,0.16542,0.16287,0.16337,46602014.0
1775232000,0.16336,0.16423,0.16173,0.16289,37216597.0
1775260800,0.16289,0.16319,0.16133,0.16157,31665235.0
1775289600,0.16158,0.16258,0.16089,0.1614,33423563.0
1775318400,0.16141,0.16246,0.16046,0.16187,36195149.0
1775347200,0.16188,0.16221,0.15857,0.15877,45575868.0
1775376000,0.15878,0.16008,0.15721,0.15859,60735711.0
1775404800,0.15859,0.16271,0.15797,0.16265,42594231.0
1775433600,0.16264,0.16413,0.16045,0.16119,61568357.0
1775462400,0.16119,0.16368,0.16026,0.16077,94438064.0
1775491200,0.16077,0.161,0.15495,0.15546,140039918.0
1775520000,0.15548,0.1565,0.15445,0.15545,61895225.0
1775548800,0.15545,0.15741,0.15356,0.15391,92964884.0
1775577600,0.15391,0.16459,0.15339,0.16342,131509674.0
1775606400,0.16342,0.16539,0.16175,0.16294,107015493.0
1775635200,0.16295,0.16361,0.15814,0.15854,97907964.0
1775664000,0.15854,0.16033,0.15724,0.15758,49055118.0
1775692800,0.15758,0.15759,0.15508,0.15513,50133586.0
1775721600,0.15513,0.15653,0.15234,0.15565,123802975.0
1775750400,0.15566,0.15868,0.15396,0.15473,101084066.0
1775779200,0.15472,0.15724,0.15413,0.15501,64384276.0
1775808000,0.15501,0.15655,0.15319,0.15357,120100858.0
1775836800,0.15357,0.15699,0.1526,0.15507,100588318.0
1775865600,0.15506,0.15561,0.15288,0.15314,57419263.0
1775894400,0.15314,0.1545,0.1527,0.15428,49222672.0
1775923200,0.15428,0.15689,0.15332,0.15347,69879995.0
1775952000,0.15347,0.15395,0.15067,0.1515,76538319.0
1775980800,0.1515,0.1517,0.1499,0.15035,43275594.0
1776009600,0.15034,0.15245,0.15005,0.15017,34160618.0
1776038400,0.15018,0.15165,0.14966,0.15061,41590618.0
1776067200,0.1506,0.15348,0.15029,0.15268,73077044.0
1776096000,0.15268,0.15641,0.15099,0.15624,74455471.0
1776124800,0.15624,0.15642,0.15386,0.15547,50691997.0
1776153600,0.15548,0.15854,0.1552,0.15573,61194424.0
1776182400,0.15573,0.15668,0.15366,0.15455,49366237.0
1776211200,0.15455,0.15731,0.15421,0.15514,64329991.0
1776240000,0.15513,0.15767,0.15502,0.15578,60964240.0
1776268800,0.15578,0.15886,0.15571,0.15776,53013452.0
1776297600,0.15777,0.16119,0.15727,0.16085,69452693.0
1776326400,0.16085,0.16536,0.15883,0.16432,98710250.0
1776355200,0.16434,0.16958,0.16242,0.16919,121417041.0
1776384000,0.16919,0.16952,0.16416,0.16711,68993379.0
1776412800,0.16712,0.175,0.16677,0.17469,133611058.0
1776441600,0.1747,0.17713,0.17203,0.17411,90570638.0
1776470400,0.1741,0.17624,0.17244,0.17504,64131354.0
1776499200,0.17504,0.17512,0.16789,0.17019,91975170.0
1776528000,0.17019,0.17156,0.16743,0.1703,47199277.0
1776556800,0.1703,0.17137,0.16714,0.16804,58189757.0
1776585600,0.16803,0.17244,0.16694,0.1717,64999484.0
1776614400,0.1717,0.17188,0.16582,0.16647,73330475.0
1776643200,0.16648,0.17095,0.16635,0.16904,53017406.0
1776672000,0.16904,0.17105,0.16707,0.17057,63742412.0
1776700800,0.17057,0.17509,0.16963,0.17386,74953404.0
1776729600,0.17383,0.17962,0.17277,0.17933,73993802.0
1776758400,0.17933,0.18457,0.17636,0.17705,169723230.0
1776787200,0.17706,0.17937,0.17562,0.17898,96053748.0
1776816000,0.17897,0.18175,0.17798,0.18014,80239284.0
1776844800,0.18015,0.18242,0.1777,0.17994,111439112.0
1776873600,0.17995,0.18087,0.1762,0.17651,51542341.0
1776902400,0.1765,0.17866,0.17378,0.17686,121972899.0
1776931200,0.17687,0.1793,0.17477,0.17817,70455824.0
1776960000,0.17818,0.17865,0.17454,0.17533,65898457.0
1776988800,0.17534,0.17584,0.17186,0.17401,72251980.0
1777017600,0.17401,0.17681,0.17288,0.17465,80780602.0
1777046400,0.17463,0.1753,0.17232,0.17289,47582256.0
1777075200,0.17288,0.17464,0.17257,0.17307,34742351.0
1777104000,0.17306,0.17393,0.17052,0.171,61964984.0
1777132800,0.17099,0.1712,0.16948,0.16964,39804801.0
1777161600,0.16964,0.17077,0.16793,0.17066,52348617.0
1777190400,0.17067,0.17247,0.16996,0.17123,51898803.0
1777219200,0.17123,0.17183,0.16945,0.17073,43740024.0
1777248000,0.17073,0.17348,0.16716,0.16753,82829048.0
1777276800,0.16752,0.16898,0.16459,0.16492,75171469.0
1777305600,0.16493,0.16644,0.16413,0.16591,67176205.0
1777334400,0.16592,0.166,0.16386,0.1647,36061225.0
1777363200,0.1647,0.16493,0.16094,0.16276,59027316.0
1777392000,0.16276,0.16332,0.16151,0.1617,74383733.0
1777420800,0.16171,0.16442,0.1614,0.16382,65743365.0
1777449600,0.16382,0.16461,0.15919,0.15983,105743069.0
1777478400,0.15981,0.1609,0.158,0.15944,52338116.0
1777507200,0.15944,0.161,0.15851,0.16051,41898460.0
1777536000,0.16051,0.16077,0.15846,0.15958,36832249.0
1777564800,0.15955,0.15964,0.15814,0.15824,28847923.0
1777593600,0.15825,0.16069,0.15813,0.15866,36990587.0
1777622400,0.15866,0.16245,0.15856,0.16217,51118337.0
1777651200,0.16217,0.16252,0.1592,0.15939,34908176.0
1777680000,0.15939,0.16044,0.15868,0.15913,27841736.0
1777708800,0.15913,0.1605,0.15862,0.16029,26446894.0
1777737600,0.16029,0.161,0.15942,0.15986,38786843.0
1777766400,0.15986,0.15996,0.15763,0.1591,34920971.0
1777795200,0.15911,0.16012,0.15849,0.15902,35652364.0
1777824000,0.15903,0.15947,0.15769,0.15783,36722370.0
1777852800,0.15783,0.16163,0.15692,0.15972,73717145.0
1777881600,0.15971,0.16106,0.15637,0.15782,97345772.0
1777910400,0.15782,0.15881,0.15685,0.15738,64831282.0
1777939200,0.15739,0.1594,0.15713,0.15896,65628803.0
1777968000,0.15898,0.16096,0.15825,0.15859,64825349.0
1777996800,0.1586,0.16126,0.15816,0.15973,61832114.0
1778025600,0.15973,0.16303,0.15964,0.16281,82935439.0
1778054400,0.16281,0.16611,0.16047,0.16116,130745773.0
1778083200,0.16115,0.16262,0.15907,0.16149,76598477.0
1778112000,0.16149,0.16259,0.15938,0.16223,63417799.0
1778140800,0.16223,0.16234,0.15791,0.15868,88870049.0
1778169600,0.15867,0.1599,0.15738,0.15806,82264477.0
1778198400,0.15807,0.15902,0.15727,0.15832,68383958.0
1778227200,0.15832,0.1624,0.15816,0.16232,79690044.0
1778256000,0.16233,0.16566,0.16113,0.16346,112308676.0
1778284800,0.16345,0.168,0.16329,0.16516,102834583.0
1778313600,0.16516,0.1658,0.16149,0.16186,83028636.0
1778342400,0.16187,0.16338,0.16142,0.16238,55544275.0
1778371200,0.16238,0.16329,0.16032,0.16213,62313116.0
1778400000,0.16213,0.16763,0.16175,0.16762,83330884.0
1778428800,0.16761,0.17385,0.16562,0.16957,279912827.0
1778457600,0.16956,0.17007,0.16437,0.16743,99129444.0
1778486400,0.16743,0.17065,0.1655,0.16921,120325408.0
1778515200,0.16922,0.17105,0.16784,0.16845,95345069.0
1778544000,0.16846,0.16906,0.16513,0.16541,74174941.0
1778572800,0.16542,0.1667,0.16128,0.16213,125591937.0
1778601600,0.16213,0.16348,0.16116,0.16234,60045556.0
1778630400,0.16234,0.16498,0.162,0.1642,67410110.0
1778659200,0.1642,0.1659,0.15754,0.15795,149892921.0
1778688000,0.15795,0.16013,0.15767,0.15885,77331793.0
1778716800,0.15885,0.16021,0.15787,0.15864,59352401.0
1778745600,0.15864,0.16467,0.15822,0.16399,112940160.0
1778774400,0.164,0.16852,0.16177,0.16226,179467694.0
1778803200,0.16226,0.16351,0.15826,0.15992,124709628.0
1778832000,0.15993,0.16012,0.15344,0.15465,153100147.0
1778860800,0.15465,0.1561,0.15392,0.15454,52399358.0
1778889600,0.15455,0.15549,0.15019,0.1519,91809697.0
1778918400,0.1519,0.15256,0.1501,0.1522,66172132.0
1778947200,0.1522,0.15298,0.15143,0.15168,31997817.0
1778976000,0.15168,0.15254,0.15004,0.15188,42107808.0
1779004800,0.15188,0.15284,0.15054,0.15089,44613728.0
1779033600,0.1509,0.15195,0.14532,0.14921,107611080.0
1779062400,0.14921,0.15042,0.14726,0.14768,87520459.0
1779091200,0.14769,0.14931,0.14522,0.14622,110740564.0
1779120000,0.14624,0.14789,0.14424,0.14722,80914231.0
1779148800,0.14722,0.14837,0.14578,0.14698,53468274.0
1779177600,0.14698,0.14812,0.14357,0.14471,121358896.0
1779206400,0.14471,0.14578,0.14256,0.14346,62275114.0
1779235200,0.14347,0.14401,0.14209,0.14314,55455638.0
1779264000,0.14315,0.14495,0.14174,0.14392,93065063.0
1779292800,0.14392,0.14478,0.14261,0.14372,55319171.0
1779321600,0.14373,0.14766,0.14359,0.14565,82154097.0
1779350400,0.14566,0.14632,0.14292,0.14481,78727001.0
1779379200,0.14481,0.1488,0.14466,0.14661,94990323.0
1779408000,0.14662,0.14882,0.14583,0.14706,58718535.0
1779436800,0.14706,0.15051,0.14604,0.14738,97888388.0
1779465600,0.14737,0.14798,0.14294,0.14344,95246111.0
1779494400,0.14345,0.1447,0.13885,0.14066,79455730.0
1779523200,0.14066,0.14547,0.13984,0.14509,74936544.0
1779552000,0.14509,0.14972,0.14451,0.14799,67896419.0
1779580800,0.148,0.14935,0.14757,0.14861,50258116.0
1779609600,0.14861,0.14976,0.14542,0.14663,67255941.0
1779638400,0.14664,0.14774,0.14478,0.14744,52731990.0
1779667200,0.14745,0.15299,0.14658,0.15294,75766390.0
1779696000,0.15293,0.15369,0.14972,0.15113,109744524.0
1779724800,0.15113,0.15174,0.14877,0.14969,41765578.0
1779753600,0.1497,0.14984,0.14736,0.14789,63445686.0
1779782400,0.1479,0.15136,0.14781,0.14956,75493017.0
1779811200,0.14956,0.14979,0.14636,0.14762,59286543.0
1779840000,0.14763,0.14863,0.14604,0.14752,48275096.0
1779868800,0.14751,0.16328,0.14656,0.16167,395599195.0
1779897600,0.16167,0.17064,0.15872,0.16395,794139663.0
1779926400,0.16394,0.17885,0.16373,0.16642,1354838034.0
1779955200,0.16643,0.20478,0.16515,0.19623,3366659404.0
1779984000,0.19625,0.21731,0.19537,0.20365,2273027931.0
1780012800,0.20364,0.21492,0.19581,0.20748,1497949861.0
1780041600,0.20749,0.22405,0.20049,0.21446,1840705182.0
1780070400,0.21447,0.26599,0.20874,0.25919,1779424540.0
1780099200,0.25919,0.29786,0.25108,0.25256,2723959247.0
1780128000,0.25258,0.25645,0.23686,0.25202,1343269875.0
1780156800,0.25201,0.2535,0.22629,0.22947,910239652.0
1780185600,0.22947,0.24376,0.22102,0.23127,1051441201.0
1780214400,0.23129,0.26729,0.22925,0.24483,1457592719.0
1780243200,0.24483,0.26281,0.24227,0.2596,634228082.0
1780272000,0.2596,0.27422,0.25422,0.25496,1025609764.0
1780300800,0.25496,0.26981,0.24403,0.24939,1029280089.0
1780329600,0.24941,0.25964,0.24032,0.243,516857262.0
1780358400,0.24301,0.24356,0.22831,0.22994,495751092.0
1780387200,0.22994,0.23609,0.21421,0.2183,652277721.0
1780416000,0.21829,0.22531,0.21492,0.22242,445438725.0
1780444800,0.22242,0.23462,0.21817,0.22996,455368704.0
1780473600,0.22996,0.233,0.22142,0.22185,452484240.0
1780502400,0.22185,0.22413,0.20832,0.20863,348723584.0
1780531200,0.20865,0.2208,0.19797,0.20827,590584441.0
1780560000,0.20827,0.21303,0.20393,0.20703,361957354.0
1780588800,0.20702,0.21272,0.19931,0.20154,256346490.0
1780617600,0.20153,0.20235,0.18063,0.19351,471133922.0
1780646400,0.19352,0.19515,0.18534,0.1869,406652735.0
1780675200,0.18689,0.20855,0.1846,0.2031,586111748.0
1780704000,0.20311,0.20618,0.18859,0.20109,327504339.0
1780732800,0.2011,0.21174,0.19345,0.21077,414108626.0
1780761600,0.21077,0.21523,0.20152,0.21196,405514924.0
1780790400,0.21196,0.2178,0.20654,0.21008,333759598.0
1780819200,0.21008,0.21009,0.2017,0.203,256927518.0
1780848000,0.20299,0.20952,0.19909,0.20575,285929875.0
1780876800,0.20573,0.20775,0.19695,0.2033,197597012.0
1780905600,0.2033,0.20547,0.19916,0.19947,203576912.0
1780934400,0.19947,0.20799,0.19902,0.20247,172080741.0
1780963200,0.20248,0.20461,0.19583,0.20161,223135666.0
1780992000,0.20161,0.2033,0.19451,0.19498,254276555.0
1781020800,0.19497,0.19772,0.19093,0.19213,159001047.0
1781049600,0.19214,0.19292,0.18374,0.18606,177804627.0
1781078400,0.18605,0.19144,0.18131,0.18821,262485253.0
1781107200,0.1882,0.18877,0.18087,0.18271,151593619.0
1781136000,0.18272,0.19474,0.18237,0.19051,174794490.0
1781164800,0.19052,0.1919,0.18466,0.18578,144549796.0
1781193600,0.1858,0.1935,0.18564,0.19265,103102784.0
