timestamp,open,high,low,close,volume
1686614400,25905.2,26157.99,25818.07,26073.92,10301.14634
1686643200,26073.91,26433.21,25712.57,25759.54,23221.63911
1686672000,25759.54,25978.37,25739.38,25934.25,7542.82308
1686700800,25934.24,26055.99,25837.13,25897.72,6366.3816
1686729600,25897.71,26085.33,25885.35,25986.75,7823.22815
1686758400,25986.74,26098.0,24820.56,25128.6,30887.70633
1686787200,25128.6,25206.52,24872.35,24983.8,11988.5229
1686816000,24983.81,25108.54,24800.0,24959.95,17219.81205
1686844800,24959.96,25759.01,24929.0,25598.49,19456.52568
1686873600,25598.49,25629.73,25440.39,25537.01,7985.68847
1686902400,25537.0,25896.78,25175.56,25840.01,18048.29715
1686931200,25840.0,26518.0,25774.02,26345.0,25562.931
1686960000,26345.01,26839.99,26181.0,26593.57,13063.03294
1686988800,26593.58,26657.09,26311.0,26410.82,10091.14542
1687017600,26410.82,26595.13,26378.95,26516.99,4688.04114
1687046400,26516.99,26680.0,26378.98,26584.98,6466.76805
1687075200,26584.99,26596.0,26444.0,26562.09,6085.07721
1687104000,26562.09,26700.0,26255.85,26339.97,8986.46496
1687132800,26339.98,26478.87,26256.61,26428.01,5744.01101
1687161600,26428.0,26576.87,26348.01,26444.0,8271.81256
1687190400,26443.99,27068.09,26308.45,26844.35,21856.83617
1687219200,26844.35,27179.03,26755.0,26832.44,12635.91963
1687248000,26832.45,27134.73,26652.0,27071.93,13486.18662
1687276800,27071.94,28402.74,27001.73,28307.99,43544.849
1687305600,28308.0,29088.09,28257.99,28872.28,28412.73535
1687334400,28872.28,30000.0,28787.7,29851.58,39050.27498
1687363200,29851.58,30800.0,29763.37,29993.89,41463.39379
1687392000,29993.89,30500.0,29891.15,30100.75,17793.7849
1687420800,30100.75,30351.14,29525.61,29850.65,27578.11382
1687449600,29850.65,30256.76,29821.5,29884.92,13682.66588
1687478400,29884.92,30082.25,29800.0,29931.99,8936.35221
1687507200,29932.0,31400.0,29906.71,31238.0,32140.60365
1687536000,31238.01,31431.94,30453.1,30688.5,32854.94049
1687564800,30688.51,30794.11,30410.0,30567.58,9636.22615
1687593600,30567.58,30800.0,30282.07,30398.71,10897.43175
1687622400,30398.72,30709.36,30250.0,30527.43,9979.64345
1687651200,30527.44,31046.01,30465.41,30723.78,12056.8008
1687680000,30723.78,30761.7,30462.0,30585.16,9761.78074
1687708800,30585.16,30655.11,30277.49,30462.66,8404.86647
1687737600,30462.67,30580.0,29963.6,30404.29,16014.42711
1687766400,30404.28,30666.0,30130.0,30419.62,14530.54004
1687795200,30419.63,30432.0,29930.0,30267.99,14635.44774
1687824000,30267.99,30496.88,30226.17,30411.22,9042.85991
1687852800,30411.23,30994.97,30336.0,30498.74,22337.20925
1687881600,30498.74,30769.96,30455.5,30692.44,11319.57241
1687910400,30692.44,30709.74,30155.75,30186.13,11592.71931
1687939200,30186.14,30490.86,30009.0,30411.06,15427.82772
1687968000,30411.07,30466.36,29858.8,30077.41,13442.97234
1687996800,30077.4,30421.48,30049.98,30340.29,6601.01986
1688025600,30340.29,30843.98,30337.23,30478.8,19569.79098
1688054400,30478.79,30663.37,30250.0,30447.31,10159.81819
1688083200,30447.31,31282.0,30347.17,30765.09,23222.32631
1688112000,30765.1,31137.36,29500.0,30067.72,43178.91229
1688140800,30067.72,30748.08,29925.5,30472.0,23017.83758
1688169600,30471.99,30534.74,30320.57,30459.88,7293.5591
1688198400,30459.87,30661.6,30420.77,30572.58,6577.03101
1688227200,30572.59,30633.92,30543.99,30585.9,3631.16064
1688256000,30585.9,30649.99,30463.16,30513.01,5511.82807
1688284800,30513.01,30628.0,30155.0,30498.01,7657.36935
1688313600,30498.0,30791.0,30366.65,30617.03,10117.21277
1688342400,30617.02,30800.01,30587.77,30667.19,8146.79917
1688371200,30667.19,31170.0,30570.27,31068.64,17158.08583
1688400000,31068.64,31380.0,30800.8,31156.2,18456.75811
1688428800,31156.2,31350.69,30879.29,30911.41,12139.66531
1688457600,30911.4,31080.0,30867.68,30964.37,9397.4546
1688486400,30964.38,31130.0,30620.0,30766.51,11668.99952
1688515200,30766.52,30878.07,30752.0,30774.25,5616.60973
1688544000,30774.24,30810.34,30200.0,30356.11,19560.82532
1688572800,30356.11,30591.57,30333.7,30504.81,8038.23617
1688601600,30504.8,30857.89,30327.0,30803.19,8941.94451
1688630400,30803.2,31500.0,29888.0,30407.01,47596.15801
1688659200,30407.0,30464.13,29850.45,29895.43,14781.52358
1688688000,29895.42,30300.0,29701.02,30007.4,14494.90479
1688716800,30007.41,30443.75,29970.0,30390.83,13246.19503
1688745600,30390.83,30449.0,30116.0,30344.7,6329.43913
1688774400,30344.7,30386.81,30145.21,30193.36,4362.45734
1688803200,30193.36,30313.98,30152.19,30208.0,3718.82091
1688832000,30208.01,30318.25,30044.47,30284.63,5013.31217
1688860800,30284.63,30402.98,30233.33,30265.0,4559.29553
1688889600,30265.0,30445.52,30190.0,30349.47,5762.18708
1688918400,30349.47,30349.74,30061.12,30160.71,5067.01935
1688947200,30160.71,30240.0,29950.0,30112.1,8284.50625
1688976000,30112.11,30362.0,30000.02,30312.81,10610.4942
1689004800,30312.82,31045.78,30190.0,30411.57,22367.87607
1689033600,30411.57,30658.0,30363.29,30535.38,9097.70838
1689062400,30535.38,30813.63,30300.0,30596.45,12147.97327
1689091200,30596.44,30693.87,30405.0,30622.1,7231.15146
1689120000,30622.1,30849.01,30497.95,30740.0,7842.48042
1689148800,30740.0,30983.25,30461.59,30524.63,19374.36657
1689177600,30524.63,30538.44,30210.0,30380.0,10892.1497
1689206400,30380.0,30433.25,30251.0,30366.02,6921.28641
1689235200,30366.01,31170.0,30345.05,30917.48,20466.87454
1689264000,30917.48,31804.2,30718.27,31454.23,43384.35741
1689292800,31454.23,31630.0,31075.25,31098.74,14353.4903
1689321600,31098.75,31360.11,31050.0,31240.48,10114.14437
1689350400,31240.49,31275.5,29900.0,30312.01,36281.84957
1689379200,30312.0,30390.9,30200.0,30338.0,6274.43633
1689408000,30338.0,30371.67,30250.99,30303.41,4814.30516
1689436800,30303.4,30358.18,30256.89,30289.52,3029.8118
1689465600,30289.52,30335.0,30064.29,30265.22,6048.23221
1689494400,30265.23,30441.46,30265.22,30379.95,5122.80404
1689523200,30379.96,30403.13,30122.95,30231.99,4589.09185
1689552000,30232.0,30336.96,30176.03,30281.0,4346.93617
1689580800,30281.01,30328.0,29965.39,30174.83,12171.71523
1689609600,30174.84,30285.71,29659.2,30138.0,14364.11699
1689638400,30138.01,30239.78,29921.54,29968.13,7021.12053
1689667200,29968.13,30111.68,29675.0,29912.0,13365.52195
1689696000,29912.01,29964.99,29512.0,29859.13,9617.21762
1689724800,29859.14,30189.09,29839.5,30000.68,8158.61559
1689753600,30000.68,30128.0,29761.96,29956.46,9935.54536
1689782400,29956.46,30100.0,29830.36,29909.21,7563.20042
1689811200,29909.21,30246.98,29881.29,30202.77,7568.056
1689840000,30202.78,30417.46,29627.04,29810.18,19602.13762
1689868800,29810.17,29888.0,29570.96,29800.0,10370.48831
1689897600,29800.0,29953.01,29726.34,29766.81,7565.85718
1689926400,29766.81,29913.94,29729.76,29866.0,7906.06637
1689955200,29866.0,30061.7,29770.0,29901.72,8409.4851
1689984000,29901.72,29999.0,29848.0,29944.77,4988.73806
1690012800,29944.78,29979.92,29828.77,29900.24,4491.50405
1690041600,29900.23,29908.71,29625.1,29794.0,5180.16256
1690070400,29793.99,29980.88,29730.0,29916.0,5135.0429
1690099200,29916.0,29959.0,29852.29,29897.64,3423.74291
1690128000,29897.64,30350.0,29897.63,30083.75,9734.00056
1690156800,30083.75,30099.58,29660.0,29828.0,8795.46355
1690185600,29828.0,29832.54,28861.9,29093.78,24475.03798
1690214400,29093.78,29210.0,29000.0,29176.5,6358.49538
1690243200,29176.5,29183.34,29047.65,29142.46,5939.84581
1690272000,29142.46,29340.57,29082.84,29181.51,10239.16886
1690300800,29181.5,29376.0,29181.5,29228.91,5386.73313
1690329600,29228.91,29412.88,29096.94,29216.61,7605.15791
1690358400,29216.61,29354.0,29160.33,29324.0,7998.74141
1690387200,29324.01,29690.0,29195.0,29351.96,18327.73434
1690416000,29351.95,29499.41,29302.01,29412.17,5920.88951
1690444800,29412.18,29567.49,29236.78,29292.01,8687.71508
1690473600,29292.0,29333.22,29083.85,29222.78,7867.87167
1690502400,29222.78,29305.3,29135.15,29140.8,6792.77001
1690531200,29140.79,29542.22,29123.12,29387.99,11058.95785
1690560000,29387.99,29399.98,29194.05,29314.14,6141.88841
1690588800,29314.14,29406.92,29295.0,29295.01,4706.87374
1690617600,29295.0,29335.25,29256.18,29292.34,3923.56902
1690646400,29292.34,29380.92,29290.6,29352.9,2220.92568
1690675200,29352.9,29352.92,29268.65,29294.31,2345.25975
1690704000,29294.3,29449.0,29232.22,29349.37,6022.3779
1690732800,29349.36,29405.66,29033.24,29281.09,7339.33676
1690761600,29281.09,29530.0,29264.0,29373.61,7085.56178
1690790400,29373.62,29473.97,29225.97,29247.98,7913.47831
1690819200,29247.99,29295.24,29101.8,29232.25,7606.44955
1690848000,29232.26,29347.16,28720.0,28937.3,13637.87688
1690876800,28937.31,28995.59,28585.7,28954.0,13226.06105
1690905600,28953.99,29739.25,28864.01,29705.99,17855.71369
1690934400,29705.99,30047.5,29564.0,29577.26,18088.37716
1690963200,29577.25,29603.8,29169.04,29321.4,16358.83167
1690992000,29321.39,29364.0,28927.5,29186.01,13734.44258
1691020800,29186.0,29275.8,29013.04,29044.17,7208.00735
1691049600,29044.16,29433.33,28968.0,29259.07,10792.00891
1691078400,29259.07,29368.86,29137.55,29193.64,8476.90368
1691107200,29193.65,29253.02,29100.0,29212.92,5545.15458
1691136000,29212.91,29333.08,29130.0,29274.28,8495.78513
1691164800,29274.28,29286.7,28807.54,29113.99,9511.01246
1691193600,29114.0,29152.23,29035.0,29052.81,4476.84646
1691222400,29052.81,29090.39,28978.64,29041.49,4913.20454
1691251200,29041.49,29099.0,29009.37,29072.13,2255.46918
1691280000,29072.13,29107.48,29036.0,29092.68,4284.95568
1691308800,29092.68,29142.0,28991.88,29012.93,4748.73506
1691337600,29012.92,29205.09,29000.52,29088.42,4144.50646
1691366400,29088.43,29229.62,29018.25,29094.09,6620.78795
1691395200,29094.09,29153.86,28788.73,28858.44,10913.86527
1691424000,28858.45,29276.78,28701.03,29211.06,13432.22424
1691452800,29211.06,29331.24,29146.45,29187.62,6598.46764
1691481600,29187.62,29674.7,29171.47,29535.39,16904.16922
1691510400,29535.38,30244.0,29535.38,29770.42,22197.89706
1691539200,29770.41,29883.1,29613.0,29818.0,10321.80514
1691568000,29818.01,30160.0,29676.86,29761.7,16256.14637
1691596800,29761.7,29774.0,29376.67,29581.99,11425.93574
1691625600,29581.99,29660.06,29491.11,29512.0,6611.39502
1691654400,29511.99,29738.0,29400.0,29466.0,11566.263
1691683200,29465.99,29488.29,29320.2,29455.75,5285.79571
1691712000,29455.76,29498.17,29352.47,29417.28,6250.87899
1691740800,29417.28,29564.52,29350.0,29395.89,9672.92056
1691769600,29395.9,29444.73,29252.45,29426.03,4713.24475
1691798400,29426.02,29460.73,29381.56,29421.49,3292.81021
1691827200,29421.48,29458.1,29390.57,29438.81,3580.14868
1691856000,29438.81,29481.35,29400.0,29430.17,2098.52179
1691884800,29430.18,29455.21,29363.0,29396.36,3004.80165
1691913600,29396.37,29416.53,29362.0,29374.2,3363.09307
1691942400,29374.19,29474.65,29272.32,29303.84,4733.81475
1691971200,29303.85,29469.63,29102.45,29422.01,12346.41381
1692000000,29422.01,29672.0,29332.61,29599.99,10304.35928
1692028800,29600.0,29695.32,29257.0,29430.93,8792.34223
1692057600,29430.92,29454.23,29351.33,29408.84,6747.94942
1692086400,29408.83,29499.26,29315.0,29332.66,10108.5251
1692115200,29332.67,29369.23,29059.6,29200.0,10647.40239
1692144000,29200.01,29259.85,29111.0,29197.67,7881.16314
1692172800,29197.67,29216.46,29047.09,29106.55,9889.43663
1692201600,29106.55,29235.0,28723.08,28730.51,15226.09877
1692230400,28730.51,28783.48,28342.0,28621.99,13968.91187
1692259200,28622.0,28635.3,27888.0,27934.02,24882.136
1692288000,27934.02,28089.78,25166.0,26623.41,61420.49246
1692316800,26623.41,26832.6,26157.71,26429.99,25126.56965
1692345600,26430.0,26609.65,25931.95,26002.0,22830.41631
1692374400,26001.99,26313.33,25619.0,26054.0,21833.67115
1692403200,26054.0,26154.57,25801.09,25917.99,8453.22339
1692432000,25918.0,26226.04,25872.06,26216.01,10130.32911
1692460800,26216.01,26281.0,26026.96,26100.01,7577.20093
1692489600,26100.01,26207.88,26046.4,26088.44,5576.97557
1692518400,26088.44,26217.52,25971.05,26106.83,7463.85481
1692547200,26106.83,26299.0,26002.51,26189.99,6016.08171
1692576000,26190.0,26195.12,26000.0,26023.34,7106.29691
1692604800,26023.33,26198.89,25812.0,25939.59,15092.61277
1692633600,25939.59,26258.42,25937.6,26126.92,8068.33265
1692662400,26126.92,26139.42,26000.0,26106.69,5465.5072
1692691200,26106.69,26112.44,25914.03,25936.61,7928.45123
1692720000,25936.62,26070.04,25300.0,26056.0,20853.10845
1692748800,26055.99,26187.99,25976.72,26057.13,9802.90883
1692777600,26057.12,26185.0,25812.82,26144.0,11914.97069
1692806400,26143.99,26819.27,26127.24,26432.72,22305.82026
1692835200,26432.71,26547.89,26345.76,26477.38,7680.79579
1692864000,26477.39,26577.87,25990.72,25996.34,12696.57282
1692892800,25996.35,26207.15,25864.0,26180.05,9827.85255
1692921600,26180.05,26187.34,25974.22,25980.5,6213.03964
1692950400,25980.5,26314.05,25777.15,25932.01,14304.79955
1692979200,25932.01,26085.2,25832.25,26060.01,7235.49853
1693008000,26060.0,26125.77,26027.2,26050.81,3773.24458
1693036800,26050.82,26078.0,25985.92,26054.0,3235.27118
1693065600,26054.0,26060.0,25988.2,26017.37,3013.70746
1693094400,26017.38,26055.54,25966.11,26043.61,3493.20852
1693123200,26043.61,26182.23,26033.78,26122.15,4943.42984
1693152000,26122.14,26179.0,26037.27,26101.77,3663.0038
1693180800,26101.78,26105.0,25872.05,25934.12,7074.58776
1693209600,25934.13,26253.99,25864.5,26104.17,9362.69077
1693238400,26104.16,26191.79,25918.0,26120.0,6255.34802
1693267200,26120.0,26206.24,25990.58,26004.2,6791.27397
1693296000,26004.2,27692.0,25922.0,27423.44,36984.35578
1693324800,27423.44,28142.85,27350.01,27716.34,30476.36513
1693353600,27716.34,27768.57,27280.99,27436.25,10846.42785
1693382400,27436.25,27499.0,27017.24,27201.63,16731.44666
1693411200,27201.63,27337.78,27067.9,27299.99,7870.38397
1693440000,27299.99,27303.36,27178.88,27261.03,4365.56494
1693468800,27261.03,27587.51,26803.73,26922.01,17454.59848
1693497600,26922.01,26924.87,25655.01,25940.78,29212.64059
1693526400,25940.77,26100.0,25931.11,25990.92,6492.9587
1693555200,25990.92,26156.0,25566.53,25811.0,15723.76572
1693584000,25811.0,25964.17,25333.75,25805.05,18815.42614
1693612800,25805.04,25853.03,25752.47,25795.47,4336.29371
1693641600,25795.46,25987.5,25774.81,25894.76,6996.86439
1693670400,25894.77,25937.91,25763.2,25869.51,4917.61888
1693699200,25869.52,25956.24,25826.29,25956.22,3882.15909
1693728000,25956.23,26085.01,25807.32,25873.5,6223.60976
1693756800,25873.5,26135.0,25800.0,25971.21,7368.70782
1693785600,25971.21,26108.02,25877.66,25964.96,5248.45737
1693814400,25964.97,26011.24,25717.04,25814.23,9059.23109
1693843200,25814.24,25948.15,25631.21,25826.02,7469.90763
1693872000,25826.03,25844.48,25562.62,25735.56,5866.05078
1693900800,25735.57,25915.49,25625.03,25759.37,9924.35856
1693929600,25759.38,25845.0,25675.0,25792.1,5532.98403
1693958400,25792.11,25870.51,25723.65,25728.93,4674.25215
1693987200,25728.93,25778.0,25540.0,25588.02,7754.28267
1694016000,25588.01,26040.0,25372.51,25759.95,14833.98904
1694044800,25759.95,25850.0,25724.78,25762.89,3865.57182
1694073600,25762.89,25834.52,25615.38,25779.35,7009.35333
1694102400,25779.35,26443.14,25773.52,26255.0,16812.57052
1694131200,26255.0,26445.5,26190.0,26256.22,8798.88135
1694160000,26256.21,26266.93,25647.26,25844.64,13500.18357
1694188800,25844.64,25934.36,25719.8,25910.5,6700.69979
1694217600,25910.5,25910.5,25836.49,25886.15,3371.40873
1694246400,25886.14,25928.66,25796.64,25894.09,4696.18681
1694275200,25894.1,25945.09,25845.7,25901.61,2913.02723
1694304000,25901.6,25902.68,25750.35,25852.25,4180.4087
1694332800,25852.25,25872.11,25712.6,25775.01,4743.10272
1694361600,25775.02,26033.66,25570.57,25841.61,9814.75772
1694390400,25841.6,25900.69,25652.78,25813.65,5773.17305
1694419200,25813.65,25830.95,24951.0,25115.97,24624.52563
1694448000,25115.98,25250.49,24901.0,25162.52,11284.62132
1694476800,25162.53,25990.0,25131.48,25822.71,20115.38536
1694505600,25822.71,26392.0,25735.29,26205.97,21907.07634
1694534400,26205.98,26567.0,25790.0,25840.1,14411.92367
1694563200,25840.1,26109.94,25764.17,25879.91,8483.80718
1694592000,25879.91,26387.76,25866.17,26241.31,14222.76751
1694620800,26241.31,26405.22,26055.0,26222.0,8904.25284
1694649600,26222.0,26541.77,26126.77,26344.45,10717.01536
1694678400,26344.44,26798.5,26270.0,26693.97,18828.35597
1694707200,26693.97,26860.49,26473.0,26522.73,8787.80117
1694736000,26522.73,26655.84,26448.19,26565.69,5722.15857
1694764800,26565.69,26690.0,26224.0,26321.21,11730.73431
1694793600,26321.2,26888.0,26315.02,26600.0,8774.40081
1694822400,26599.99,26777.0,26467.45,26494.5,6250.58091
1694851200,26494.5,26581.98,26445.0,26507.12,4539.99592
1694880000,26507.12,26622.22,26496.14,26559.67,3170.35668
1694908800,26559.67,26570.0,26416.16,26495.93,4236.34056
1694937600,26495.94,26623.25,26493.13,26549.98,4552.85417
1694966400,26549.98,26551.0,26399.0,26527.51,4208.90804
1694995200,26527.5,26800.0,26377.35,26710.67,8134.60906
1695024000,26710.67,27409.0,26684.02,27269.42,21310.10217
1695052800,27269.43,27310.0,26631.0,26762.51,13555.72133
1695081600,26762.5,26874.73,26667.79,26847.21,5553.73479
1695110400,26847.21,27480.0,26847.21,27422.24,21163.62136
1695139200,27422.24,27483.57,26990.01,27210.26,9473.16572
1695168000,27210.25,27388.63,26936.79,27105.62,9515.73946
1695196800,27105.61,27237.87,26950.0,27180.63,11486.28368
1695225600,27180.62,27300.0,26800.0,27125.0,13205.19553
1695254400,27125.01,27159.6,26936.66,26990.11,6608.03896
1695283200,26990.11,27017.0,26377.7,26584.02,21277.71486
1695312000,26584.01,26696.6,26497.94,26568.08,6591.0728
1695340800,26568.08,26705.46,26468.77,26674.8,6429.46587
1695369600,26674.8,26743.38,26556.6,26631.01,7027.11219
1695398400,26631.01,26644.98,26488.0,26580.14,4741.65114
1695427200,26580.14,26614.98,26509.0,26585.31,3537.53591
1695456000,26585.32,26594.78,26546.2,26581.55,3251.45456
1695484800,26581.55,26632.81,26558.07,26575.96,2651.71213
1695513600,26575.97,26590.01,26549.31,26563.44,2445.83878
1695542400,26563.43,26628.8,26563.43,26578.06,3108.93438
1695571200,26578.06,26738.54,26122.08,26248.38,10151.88455
1695600000,26248.39,26343.1,26000.0,26189.21,9380.67845
1695628800,26189.21,26300.0,25990.46,26243.72,8974.57735
1695657600,26243.73,26446.15,26222.32,26304.81,7910.9481
1695686400,26304.8,26397.46,26234.37,26272.01,4558.67867
1695715200,26272.0,26334.75,26088.34,26126.66,8076.82354
1695744000,26126.66,26295.99,26100.0,26221.67,5859.84845
1695772800,26221.68,26289.5,26202.96,26246.34,3643.46999
1695801600,26246.35,26850.0,26169.38,26304.42,23981.64167
1695830400,26304.42,26385.0,26112.06,26372.99,7146.46812
1695859200,26373.0,26557.75,26342.4,26459.99,8120.7193
1695888000,26459.99,27064.0,26389.29,27020.0,18332.76446
1695916800,27019.99,27308.48,26848.71,27021.39,18064.35115
1695945600,27021.39,27244.89,26859.7,27179.98,9894.1513
1695974400,27179.99,27179.99,26665.16,26888.57,13088.744
1696003200,26888.57,26984.99,26750.0,26906.96,5495.86689
1696032000,26906.96,26958.04,26886.31,26931.75,2958.91525
1696060800,26931.76,27094.99,26903.01,26996.29,5572.22515
1696089600,26996.29,27081.78,26946.73,26962.56,4273.48267
1696118400,26962.57,27158.59,26954.09,27107.95,4004.62832
1696147200,27107.94,27289.08,27083.24,27153.18,6999.05049
1696176000,27153.17,28065.51,27033.1,27992.57,13599.13587
1696204800,27992.58,28430.0,27826.65,28311.91,17071.81853
1696233600,28311.91,28580.0,27983.0,28026.31,21232.74666
1696262400,28026.3,28123.39,27281.44,27494.51,18766.57722
1696291200,27494.51,27676.52,27381.48,27540.64,8503.07192
1696320000,27540.65,27642.83,27234.55,27345.0,11893.49153
1696348800,27345.0,27486.2,27160.5,27426.46,8532.4021
1696377600,27426.45,27510.29,27202.0,27453.78,9094.36544
1696406400,27453.77,27643.09,27329.85,27404.22,10528.52309
1696435200,27404.21,27839.72,27400.94,27778.57,10193.25347
1696464000,27778.57,27896.07,27550.77,27607.98,5801.54364
1696492800,27607.98,28120.39,27403.59,27555.0,16039.51719
1696521600,27555.0,27617.57,27352.0,27410.39,8840.43536
1696550400,27410.39,27651.0,27389.99,27638.52,6217.4018
1696579200,27638.51,28044.86,27175.94,27941.12,19778.74065
1696608000,27941.12,28295.0,27789.14,27931.09,11987.10032
1696636800,27931.1,27955.9,27842.08,27890.8,4527.99454
1696665600,27890.79,28029.67,27880.01,27939.8,4790.33418
1696694400,27939.8,27964.2,27850.0,27956.67,4030.50953
1696723200,27956.67,28095.14,27878.06,27905.61,7760.99519
1696752000,27905.61,27999.72,27687.5,27892.74,7134.96241
1696780800,27892.74,27980.0,27800.0,27917.05,4797.61161
1696809600,27917.06,27987.93,27796.53,27813.27,5076.33085
1696838400,27813.27,27842.03,27374.73,27443.31,16073.10425
1696867200,27443.32,27750.03,27260.0,27590.12,10385.31129
1696896000,27590.12,27706.34,27492.6,27651.45,4743.20209
1696924800,27651.46,27735.0,27338.87,27408.01,10860.65001
1696953600,27408.01,27511.96,27298.0,27390.12,7172.99173
1696982400,27390.12,27477.39,26964.89,27021.95,11157.88188
1697011200,27021.95,27332.0,26727.56,26779.46,13664.35147
1697040000,26779.45,26885.41,26538.66,26875.52,12527.21371
1697068800,26875.52,26947.04,26735.83,26810.66,6833.94086
1697097600,26810.66,26867.14,26621.76,26675.0,9580.95615
1697126400,26674.99,26804.99,26555.0,26759.63,7013.74411
1697155200,26759.63,26943.0,26750.0,26875.0,4952.45532
1697184000,26874.99,26966.85,26685.96,26706.83,8889.28624
1697212800,26706.83,27130.0,26685.0,26862.0,10274.02343
1697241600,26862.0,26989.58,26841.76,26868.8,4867.65374
1697270400,26868.8,26943.39,26847.87,26942.56,2738.6268
1697299200,26942.56,26953.18,26789.0,26852.48,2810.97522
1697328000,26852.48,26916.77,26815.76,26882.52,2079.70766
1697356800,26882.51,26965.28,26808.25,26898.87,3962.04341
1697385600,26898.87,27293.33,26893.41,27154.15,9232.94063
1697414400,27154.14,27980.0,27112.66,27849.06,19062.35538
1697443200,27849.05,30000.0,27641.72,28064.16,42693.80232
1697472000,28064.16,28808.51,28064.16,28500.78,16643.06675
1697500800,28500.77,28549.34,28069.32,28430.63,13656.08286
1697529600,28430.62,28609.38,28135.35,28461.72,15615.45261
1697558400,28461.72,28613.65,28306.42,28395.91,9156.90985
1697587200,28395.91,28982.36,28320.29,28494.55,12064.2817
1697616000,28494.55,28599.0,28142.87,28247.45,12029.78713
1697644800,28247.46,28437.41,28190.81,28320.0,8068.40708
1697673600,28320.0,28418.0,28100.66,28330.82,8202.78769
1697702400,28330.82,28814.14,28280.96,28680.09,15424.4424
1697731200,28680.09,28916.89,28457.56,28713.71,12268.2717
1697760000,28713.71,29400.0,28578.29,29240.51,19003.09239
1697788800,29240.52,30207.55,29227.75,29550.98,31564.80755
1697817600,29550.98,29790.59,29321.0,29669.04,8854.19926
1697846400,29669.05,29730.88,29464.77,29695.8,5573.39279
1697875200,29695.8,29980.0,29634.56,29937.36,10049.85413
1697904000,29937.37,30379.99,29846.0,29909.8,11894.27205
1697932800,29909.8,30248.0,29640.0,29816.26,10274.80175
1697961600,29816.27,29991.05,29780.11,29825.6,6461.18129
1697990400,29825.61,30051.79,29714.28,29992.46,6116.56259
1698019200,29992.46,30985.12,29883.6,30518.02,23682.98111
1698048000,30518.02,30970.0,30355.06,30883.33,16474.39949
1698076800,30883.33,34741.91,30777.0,33069.99,53356.26186
1698105600,33069.99,35280.0,32832.34,33999.98,52264.67683
1698134400,33999.98,34876.4,33200.0,33668.9,40413.16835
1698163200,33668.89,34386.12,33380.01,33922.73,22587.179
1698192000,33922.73,34399.82,33679.05,33857.53,14766.85916
1698220800,33857.53,35000.0,33783.0,34839.8,22842.44359
1698249600,34839.8,35132.85,34250.0,34496.05,17277.72254
1698278400,34496.05,34824.13,34410.02,34647.34,11021.9887
1698307200,34647.35,34745.86,33862.0,34044.43,19387.53867
1698336000,34044.44,34278.0,33751.0,34151.66,9335.13518
1698364800,34151.66,34245.0,33780.0,33942.0,8786.14331
1698393600,33941.99,34195.21,33820.48,33999.48,12809.05074
1698422400,33999.48,34033.48,33390.95,33892.02,10735.20701
1698451200,33892.01,34185.0,33860.0,34044.99,4627.11616
1698480000,34045.0,34493.33,33907.79,34192.98,8791.89455
1698508800,34192.97,34219.58,34060.78,34081.0,3461.12073
1698537600,34081.01,34136.28,33930.0,34076.61,3411.56118
1698566400,34076.6,34559.22,34074.44,34449.99,8219.93337
1698595200,34449.99,34750.11,34372.0,34525.89,9054.02721
1698624000,34525.88,34570.51,34114.74,34193.46,8177.31177
1698652800,34193.46,34856.0,34161.1,34656.32,14934.13585
1698681600,34656.33,34656.33,34062.84,34474.73,10546.51214
1698710400,34474.74,34600.0,34082.89,34145.21,10109.13988
1698739200,34145.22,34535.75,34025.0,34272.19,12520.58205
1698768000,34272.19,34720.49,34223.26,34639.77,10108.17629
1698796800,34639.78,34668.05,34316.0,34451.28,6964.59853
1698825600,34451.28,35200.0,34097.39,34291.94,22337.69431
1698854400,34291.94,35582.0,34280.02,35421.43,24170.98881
1698883200,35421.43,35984.99,35063.25,35279.85,16335.21817
1698912000,35279.86,35478.02,34537.99,34640.01,17999.18102
1698940800,34640.01,35097.19,34300.0,34941.59,13681.17813
1698969600,34941.58,34946.5,34310.0,34464.97,11407.71935
1698998400,34464.98,34848.79,34120.0,34763.71,17924.47461
1699027200,34763.71,34822.15,34323.37,34716.78,9739.01248
1699056000,34716.78,35000.0,34585.18,34767.99,6411.65411
1699084800,34767.99,34884.93,34644.0,34709.91,5504.93288
1699113600,34709.91,35255.0,34692.52,35062.07,6460.96846
1699142400,35062.06,35305.75,34935.0,35162.46,7232.31859
1699171200,35162.46,35188.68,34757.47,34882.92,7834.32418
1699200000,34882.92,35380.0,34448.0,35011.88,9462.09099
1699228800,35011.89,35118.71,34725.9,34904.72,6690.86899
1699257600,34904.72,35276.33,34827.01,35080.95,9713.1488
1699286400,35080.95,35150.0,34810.64,35046.09,5942.45307
1699315200,35046.09,35053.41,34790.64,34937.71,5846.38693
1699344000,34937.71,34975.9,34523.06,34721.23,10990.24975
1699372800,34721.23,35888.0,34560.0,35399.12,21852.10024
1699401600,35399.13,35419.29,35167.78,35226.4,5553.28026
1699430400,35226.39,35469.29,35100.0,35225.68,9376.1288
1699459200,35225.67,36106.0,35185.0,35624.72,18471.93231
1699488000,35624.72,36863.91,35534.05,36533.04,21682.00953
1699516800,36533.05,37972.24,36530.0,37084.02,32923.98297
1699545600,37084.03,37211.1,35600.0,36701.09,27931.89635
1699574400,36701.1,36919.06,36427.61,36439.98,12175.13897
1699603200,36439.98,37260.19,36324.71,37082.14,16515.96237
1699632000,37082.13,37526.0,37070.19,37301.63,14722.94764
1699660800,37301.63,37408.26,36900.1,37006.4,8842.23687
1699689600,37006.4,37274.3,36910.0,37050.77,6745.27692
1699718400,37050.78,37175.0,36666.93,37130.0,7397.45856
1699747200,37129.99,37180.0,36731.1,37127.95,6362.83258
1699776000,37127.95,37222.22,36931.1,37152.11,6700.69576
1699804800,37152.1,37202.09,36938.23,37064.13,4623.6604
1699833600,37064.13,37417.99,36755.0,36960.29,9723.68347
1699862400,36960.28,37050.0,36534.04,36841.91,11645.77805
1699891200,36841.9,37031.45,36333.0,36462.93,11428.721
1699920000,36462.93,36714.11,36190.17,36683.86,7573.82353
1699948800,36683.86,36744.0,35889.0,36147.09,16462.72883
1699977600,36147.09,36417.23,34800.0,35551.19,21467.1318
1700006400,35551.2,35665.45,35360.0,35576.88,8403.74566
1700035200,35576.88,36416.51,35576.88,36402.42,14942.42983
1700064000,36402.43,37980.0,36254.0,37858.2,30222.95836
1700092800,37858.2,37929.54,37307.55,37437.25,9645.27967
1700121600,37437.25,37544.0,36256.15,36406.0,18915.84771
1700150400,36406.0,36642.31,35500.0,36163.51,18929.26828
1700179200,36163.51,36673.69,36101.44,36239.76,11250.52319
1700208000,36239.76,36620.0,35861.1,36044.8,13564.86633
1700236800,36044.79,36800.0,35909.17,36613.92,13468.2216
1700265600,36613.91,36613.92,36178.58,36417.16,5113.90311
1700294400,36417.15,36682.2,36347.69,36664.16,5794.97101
1700323200,36664.17,36845.49,36443.1,36568.1,6193.36774
1700352000,36568.11,36669.0,36388.27,36611.5,4167.30133
1700380800,36611.49,36716.0,36384.02,36568.27,5262.75685
1700409600,36568.27,37500.0,36511.11,37359.86,11816.2883
1700438400,37359.85,37382.68,37038.3,37244.47,6893.76619
1700467200,37244.47,37493.2,36677.0,37461.61,13659.28522
1700496000,37461.62,37750.0,36812.13,37448.78,15469.6515
1700524800,37448.79,37649.44,37241.25,37279.91,6288.33083
1700553600,37279.91,37418.0,36250.0,36975.04,18442.65355
1700582400,36975.03,37500.0,35735.0,35741.65,22915.56366
1700611200,35741.65,36558.87,35632.01,36439.81,12691.84744
1700640000,36439.8,36773.53,36239.2,36481.14,11299.06628
1700668800,36481.15,37861.1,36372.58,37408.34,21060.39325
1700697600,37408.35,37535.1,37240.0,37369.21,6814.5111
1700726400,37369.22,37653.44,36870.0,36951.34,11339.33956
1700755200,36951.34,37385.0,36917.0,37294.28,5674.07816
1700784000,37294.27,37567.99,37251.51,37522.99,5178.16066
1700812800,37522.99,38414.0,37423.9,38221.11,24165.83611
1700841600,38221.1,38349.0,37550.32,37713.57,15336.80969
1700870400,37713.57,37839.44,37676.03,37802.4,3848.48308
1700899200,37802.4,37828.93,37591.1,37704.38,4094.42897
1700928000,37704.38,37888.0,37699.99,37780.67,3453.23259
1700956800,37780.67,37793.67,37662.18,37789.78,2675.42753
1700985600,37789.77,37814.63,37287.0,37437.11,8810.30439
1701014400,37437.11,37748.0,37150.0,37447.43,9778.80531
1701043200,37447.42,37569.23,37051.0,37283.19,6226.71674
1701072000,37283.2,37466.0,36715.0,36751.02,14652.49876
1701100800,36751.01,37284.0,36707.0,37242.7,9121.85826
1701129600,37242.7,37343.57,36868.41,37105.11,6535.61628
1701158400,37105.11,37568.28,36931.1,37513.19,8706.8917
1701187200,37513.2,38377.0,37513.19,37818.87,22301.95869
1701216000,37818.88,38235.36,37677.96,38096.69,8711.96854
1701244800,38096.7,38450.0,37570.0,37830.75,16677.35212
1701273600,37830.74,37932.77,37580.85,37854.64,7604.87041
1701302400,37854.65,38145.85,37686.84,37792.98,8063.23931
1701331200,37792.98,37966.94,37500.0,37619.84,11426.92646
1701360000,37619.85,37809.99,37535.0,37723.96,5250.1257
1701388800,37723.97,38348.0,37615.86,38244.08,11945.74966
1701417600,38244.08,38833.0,38215.0,38413.5,17952.58163
1701446400,38413.51,38999.0,38395.0,38682.52,13517.33195
1701475200,38682.51,38826.94,38641.61,38702.48,4275.16151
1701504000,38702.48,38869.36,38651.1,38811.75,5374.5645
1701532800,38811.76,39717.14,38703.44,39450.35,17047.1956
1701561600,39450.35,39555.53,39274.86,39478.72,5413.27144
1701590400,39478.71,39805.93,39381.34,39760.42,7744.66621
1701619200,39760.42,40250.0,39430.01,39972.26,13552.7157
1701648000,39972.26,41750.0,39972.26,41441.1,26480.56314
1701676800,41441.1,42154.83,41144.87,41270.33,33671.21752
1701705600,41270.32,42420.0,41179.55,41991.1,19120.54993
1701734400,41991.1,41991.1,41414.0,41528.0,12071.33597
1701763200,41528.0,42497.0,41420.0,42268.29,16385.80836
1701792000,42268.28,44488.0,42133.66,44073.32,39033.60211
1701820800,44073.82,44146.08,43444.0,43688.87,15251.16829
1701849600,43688.87,44297.21,43335.28,43785.2,23256.36069
1701878400,43785.2,44146.71,43600.78,43762.69,12923.57594
1701907200,43762.69,44047.33,43710.0,43884.01,6932.12293
1701936000,43884.01,43925.0,42821.1,43659.99,23869.78023
1701964800,43659.99,43755.26,43058.42,43273.14,16301.36529
1701993600,43273.15,43550.0,43117.38,43166.01,11338.12739
1702022400,43166.01,44030.16,43081.1,43760.94,16534.98704
1702051200,43760.94,44700.0,43638.68,44170.99,15027.26113
1702080000,44171.0,44358.02,44043.61,44180.22,7251.54959
1702108800,44180.21,44191.58,43720.0,44045.1,10827.57238
1702137600,44045.09,44084.55,43584.51,43713.6,6846.84811
1702166400,43713.59,44016.0,43672.0,43966.44,4629.30167
1702195200,43966.44,44049.0,43603.88,43903.73,7081.31224
1702224000,43903.74,44046.0,43563.0,43789.51,7246.00367
1702252800,43789.5,43804.5,40400.0,42132.51,30992.13037
1702281600,42132.52,42481.1,41655.18,41803.44,17615.90339
1702310400,41803.43,41857.08,40222.0,41253.4,28055.86428
1702339200,41253.41,42068.91,41178.28,41916.27,13496.05551
1702368000,41916.26,42104.12,41161.1,41348.0,14789.37314
1702396800,41347.99,41555.0,40680.0,41492.39,14437.26908
1702425600,41492.38,41506.0,40555.0,41115.27,12171.84422
1702454400,41115.28,41955.22,40953.17,41939.18,12418.88402
1702483200,41939.17,43475.2,41715.7,42869.03,21275.26949
1702512000,42869.03,43110.0,42648.95,42898.98,9467.32714
1702540800,42898.98,43367.83,41400.0,42448.28,19353.14816
1702569600,42448.28,43420.0,42448.28,43022.26,13226.58179
1702598400,43022.26,43080.81,42479.14,42699.99,8634.96216
1702627200,42699.99,43026.33,41666.0,41909.56,14953.46184
1702656000,41909.56,42264.03,41696.09,41940.3,9833.3692
1702684800,41940.29,42410.99,41605.0,42222.67,7071.20633
1702713600,42222.67,42611.08,42097.18,42604.0,7688.84224
1702742400,42603.99,42724.43,42118.45,42278.03,9358.8089
1702771200,42278.02,42298.82,41771.62,41886.75,6799.83958
1702800000,41886.75,42020.17,41510.0,41811.37,8755.18475
1702828800,41811.37,42424.07,41252.0,41374.65,12167.09019
1702857600,41374.64,41470.1,40801.0,41126.02,13065.23169
1702886400,41126.01,41750.0,40542.93,41265.96,19412.98413
1702915200,41265.95,42757.81,41146.83,42657.8,14255.87668
1702944000,42657.8,43497.0,42567.69,43036.16,14101.18899
1702972800,43036.17,43268.74,42232.0,42486.86,14833.57085
1703001600,42486.85,42646.66,41811.1,42275.99,11993.1046
1703030400,42275.99,43041.0,42206.0,42924.23,9431.35315
1703059200,42924.23,44283.0,42675.0,44027.2,22672.07135
1703088000,44027.2,44250.0,43230.17,43668.93,16606.8702
1703116800,43668.92,43877.75,43286.72,43764.5,8729.39829
1703145600,43764.49,44242.35,43380.0,43823.99,15377.51616
1703174400,43824.0,44119.2,43370.4,43861.8,10517.37939
1703203200,43861.79,44398.26,43534.47,43584.37,12249.40011
1703232000,43584.37,43839.22,43412.54,43671.1,11572.68554
1703260800,43671.1,44048.16,43481.14,43969.04,8961.11073
1703289600,43969.04,43988.68,43291.1,43562.32,6835.62698
1703318400,43562.31,43856.0,43490.01,43756.24,5188.15923
1703347200,43756.24,43850.0,43632.77,43702.16,4533.34309
1703376000,43702.15,43946.0,43401.0,43651.17,7600.03834
1703404800,43651.17,43864.08,43405.0,43680.23,6573.64857
1703433600,43680.23,43713.86,42500.0,42991.5,10970.64805
1703462400,42991.5,43335.13,42720.43,43208.15,6699.31676
1703491200,43208.15,43802.32,43045.43,43618.0,10773.76923
1703520000,43618.01,43720.96,43328.14,43576.13,9548.15393
1703548800,43576.12,43592.68,42545.0,42774.12,12242.07296
1703577600,42774.12,42827.68,42150.0,42391.5,14471.14987
1703606400,42391.51,42591.89,41637.6,42508.93,14296.81999
1703635200,42508.93,42542.0,42098.69,42455.83,6940.59561
1703664000,42455.82,43220.0,42399.72,42980.65,15835.19341
1703692800,42980.64,43677.0,42862.56,43428.85,13415.42234
1703721600,43428.86,43787.57,42794.11,43049.17,12298.25557
1703750400,43049.17,43192.17,42401.01,42445.99,13004.71158
1703779200,42445.99,42745.97,42241.79,42563.76,9847.5577
1703808000,42563.76,42800.0,42088.92,42273.34,12256.46487
1703836800,42273.35,43111.0,42106.64,42271.09,13153.2187
1703865600,42271.09,42351.1,41300.0,42066.95,17187.50555
1703894400,42066.94,42209.22,41820.0,41947.16,5554.02507
1703923200,41947.16,42430.0,41520.3,42374.96,9258.12698
1703952000,42374.97,42612.32,42079.97,42140.28,8094.42613
1703980800,42140.29,42693.0,41965.84,42537.1,7059.64183
1704009600,42537.1,42899.0,42352.76,42457.17,8029.77274
1704038400,42457.17,42719.8,42056.0,42283.58,8496.50146
1704067200,42283.58,42775.0,42180.77,42492.46,6655.08215
1704096000,42492.46,42847.07,42452.58,42783.05,5885.2468
1704124800,42783.05,44184.1,42664.42,44179.55,14633.97008
1704153600,44179.55,45643.75,44148.34,45455.53,25481.70961
1704182400,45455.52,45879.63,44833.33,45184.82,23263.52373
1704211200,45184.83,45399.84,44600.0,44946.91,16401.17327
1704240000,44946.91,45410.91,44862.11,45011.77,9441.80113
1704268800,45011.77,45500.0,40750.0,43000.01,48721.67988
1704297600,43000.01,43567.92,42000.0,42845.23,23031.07072
1704326400,42845.23,43273.08,42613.77,42763.08,10931.53484
1704355200,42763.08,44329.99,42616.28,44051.1,18345.41972
1704384000,44051.1,44729.58,43777.86,44151.1,18761.10878
1704412800,44151.1,44284.0,42450.0,43777.47,16671.11295
1704441600,43777.48,44324.8,43100.0,43500.01,17099.91763
1704470400,43500.01,44357.46,43100.46,44145.11,14304.22269
1704499200,44145.12,44214.42,43397.05,43653.2,7366.25949
1704528000,43653.2,43920.08,43527.27,43867.17,5059.68835
1704556800,43867.17,44148.58,43611.19,43968.32,5409.1136
1704585600,43968.32,44259.29,43833.4,44080.0,5744.55564
1704614400,44080.0,44480.59,43880.65,44047.57,8996.72412
1704643200,44047.57,44269.92,43572.09,43929.02,8282.57104
1704672000,43929.01,44341.8,43175.0,43974.55,14529.42319
1704700800,43974.55,45333.0,43641.73,44963.04,23848.80645
1704729600,44963.04,47248.99,44793.97,46951.04,34436.34625
1704758400,46951.04,47150.0,46230.0,46825.51,14809.53912
1704787200,46825.52,47051.21,45450.0,46868.09,21830.65849
1704816000,46868.08,47972.0,44748.67,46110.0,33287.46856
1704844800,46110.0,46249.14,45622.0,45757.98,11405.82763
1704873600,45757.98,45861.1,44300.36,45546.4,25890.46284
1704902400,45546.39,47695.93,44800.0,46653.99,52615.12156
1704931200,46654.0,46750.0,45618.1,46101.4,15516.78835
1704960000,46101.4,48969.48,46052.0,46783.78,44857.29088
1704988800,46783.77,47022.07,45606.06,46339.16,27096.25037
1705017600,46339.16,46515.53,45742.49,46008.19,11143.70872
1705046400,46008.19,46267.0,44333.44,44462.01,26234.92221
1705075200,44462.0,44675.88,41500.0,42782.73,48949.30614
1705104000,42782.74,43254.03,42436.12,43102.97,16183.35651
1705132800,43102.97,43257.0,42505.0,43154.48,13025.65669
1705161600,43154.48,43185.0,42699.52,42847.99,6909.46144
1705190400,42847.99,43060.0,42562.56,43011.44,5805.92637
1705219200,43011.44,43079.0,42710.0,42904.38,6521.14283
1705248000,42904.39,43010.84,41720.0,41732.35,15901.33974
1705276800,41732.35,42824.68,41718.05,42714.78,10211.8151
1705305600,42714.78,42958.03,42163.32,42278.99,12408.25813
1705334400,42278.99,43400.43,42249.0,42511.1,17649.8198
1705363200,42511.1,42946.05,42466.88,42791.13,7673.52888
1705392000,42791.14,43314.73,42050.0,43252.67,22817.23161
1705420800,43252.45,43578.01,42834.29,43137.95,14554.9854
1705449600,43137.94,43198.0,42619.6,42655.94,7324.18864
1705478400,42655.95,42926.02,42365.58,42482.79,13955.64906
1705507200,42482.8,42876.48,42200.69,42776.1,11986.37618
1705536000,42776.09,42922.0,42502.19,42915.33,6170.36575
1705564800,42915.32,42930.0,42353.8,42619.32,10153.66789
1705593600,42619.31,42619.32,40683.28,41327.5,27583.48277
1705622400,41327.51,41576.0,40752.26,41284.25,10999.82532
1705651200,41284.26,41509.69,40718.0,40894.71,13693.65898
1705680000,40894.71,42196.86,40280.0,41659.03,23649.26129
1705708800,41659.03,41774.0,41456.3,41650.95,5097.82132
1705737600,41650.95,41700.0,41459.02,41570.11,6014.99482
1705766400,41570.1,41872.56,41526.36,41696.04,4811.17879
1705795200,41696.05,41730.0,41564.29,41648.51,2799.53049
1705824000,41648.5,41881.39,41605.0,41656.28,4783.07931
1705852800,41656.27,41811.1,41500.98,41580.33,4147.55321
1705881600,41580.32,41689.65,40684.0,41043.7,11915.17795
1705910400,41043.7,41244.06,40350.0,40771.99,18113.56187
1705939200,40772.0,40874.99,39431.58,39568.02,25397.45929
1705968000,39568.02,40176.74,39511.1,39780.0,8299.18134
1705996800,39780.01,39860.0,38555.0,39204.0,30550.71881
1706025600,39204.0,39907.23,38925.2,39897.6,19106.73336
1706054400,39897.59,40250.0,39557.01,39981.09,14017.17396
1706083200,39981.09,40555.0,39766.0,40050.71,14553.84382
1706112000,40050.72,40207.0,39484.19,40084.88,10722.81083
1706140800,40084.89,40178.84,39792.01,40130.0,7132.82951
1706169600,40130.0,40300.24,39623.4,39804.24,12776.81791
1706198400,39804.23,40044.91,39550.0,39961.09,11112.47111
1706227200,39961.09,40245.0,39822.52,39969.99,6575.57237
1706256000,39970.0,41588.0,39962.14,41422.99,23675.46873
1706284800,41422.98,42246.82,41405.31,41823.51,17133.92616
1706313600,41823.51,41933.17,41602.01,41710.14,5161.43354
1706342400,41710.15,41894.87,41394.34,41814.0,5853.96154
1706371200,41813.99,42200.0,41745.26,42120.63,5209.02159
1706400000,42120.63,42842.68,41925.0,42388.82,11785.80467
1706428800,42388.82,42698.0,42155.55,42258.01,8426.65621
1706457600,42258.0,42354.7,41620.81,42031.06,7082.5375
1706486400,42031.05,42504.0,41874.94,42053.46,6173.53823
1706515200,42053.45,42647.27,41804.88,42641.75,9968.01012
1706544000,42641.75,43333.0,42518.0,43302.7,15401.19372
1706572800,43302.71,43787.35,43133.9,43358.25,10114.87793
1706601600,43358.24,43882.36,43114.13,43375.5,13944.40876
1706630400,43375.5,43760.0,42683.99,42941.1,13559.95877
1706659200,42941.1,43107.77,42655.07,43050.01,7752.98547
1706688000,43050.01,43465.02,42355.0,43361.1,14254.98538
1706716800,43361.11,43745.11,42276.84,42580.0,17863.16603
1706745600,42580.0,42687.63,41884.28,42190.16,10972.01455
1706774400,42190.15,42946.6,41944.89,42516.12,11861.09449
1706803200,42516.12,43285.13,42364.0,43082.94,12397.9376
1706832000,43082.95,43432.63,42943.71,43086.89,8310.69788
1706860800,43086.9,43250.0,42546.79,43242.09,12588.30086
1706889600,43242.1,43488.0,42783.09,43200.0,8773.14544
1706918400,43199.99,43380.01,43040.0,43053.05,3569.33903
1706947200,43053.05,43190.0,42880.0,43119.06,4316.38705
1706976000,43119.06,43270.0,42953.33,43011.09,4147.6839
1707004800,43011.1,43068.79,42720.07,42845.03,3665.2879
1707033600,42845.03,43119.04,42741.6,42943.21,5122.66685
1707062400,42943.2,42985.73,42222.0,42582.88,8278.93929
1707091200,42582.88,43176.39,42258.1,43071.88,7891.31275
1707120000,43071.87,43569.76,42600.11,42644.03,12084.60276
1707148800,42644.04,42869.66,42330.52,42708.7,9491.84354
1707177600,42708.7,42960.01,42574.0,42890.0,5098.4585
1707206400,42889.99,43270.89,42658.0,43244.89,11529.41103
1707235200,43244.89,43399.98,43000.0,43098.95,8047.9848
1707264000,43098.96,43192.0,42788.0,42918.03,5441.35114
1707292800,42918.02,43325.03,42838.01,43071.08,8476.05394
1707321600,43071.08,44396.5,43013.75,44349.6,20475.19407
1707350400,44349.6,44780.0,44331.1,44513.24,12310.71195
1707379200,44513.25,45467.14,44513.24,45432.3,17771.68081
1707408000,45432.3,45614.3,44890.0,45288.65,15357.22955
1707436800,45288.66,46425.03,45242.12,46202.0,16293.77284
1707465600,46202.01,47719.44,46201.53,47159.99,32770.57298
1707494400,47159.99,48200.0,47035.92,47132.77,24439.13518
1707523200,47132.78,47504.0,47044.88,47151.72,6056.32984
1707552000,47151.72,47378.41,46800.0,47353.48,8171.81411
1707580800,47353.48,48170.0,47154.52,47751.09,10574.21541
1707609600,47751.08,48592.66,47557.16,48179.52,11205.37388
1707638400,48179.51,48469.07,47922.33,48150.43,9373.21021
1707667200,48150.43,48394.29,47948.38,48299.99,9380.22428
1707696000,48300.0,48826.81,47755.81,48203.98,12168.60539
1707724800,48203.98,49950.0,47710.01,49917.8,22166.32143
1707753600,49917.8,50334.82,49372.22,49917.27,24675.04023
1707782400,49917.28,50368.61,49724.33,49983.09,10230.27828
1707811200,49983.09,50247.0,48400.0,48727.47,28183.367
1707840000,48727.47,49775.0,48300.95,49699.59,17137.92178
1707868800,49699.6,49877.22,49225.01,49838.93,7205.37782
1707897600,49838.93,52043.71,49741.19,51590.0,35335.67553
1707926400,51590.0,51888.0,51200.24,51795.17,14505.32066
1707955200,51795.17,52500.0,51634.01,51776.61,15643.85257
1707984000,51776.6,52816.62,51650.0,51948.23,20696.80299
1708012800,51948.24,52380.0,51314.0,51880.0,17475.37499
1708041600,51880.01,52343.28,51700.0,51731.99,10836.17494
1708070400,51732.0,52572.08,51566.0,51888.01,19215.47081
1708099200,51888.01,52245.0,51655.0,52124.11,7720.60743
1708128000,52124.1,52162.82,51792.0,51911.33,3562.5408
1708156800,51911.34,51911.34,50625.0,50984.56,13475.84858
1708185600,50984.56,52030.18,50741.1,51642.64,8635.61684
1708214400,51642.64,51798.99,51163.28,51671.1,6011.11553
1708243200,51671.1,52069.0,51535.01,51773.99,6969.00946
1708272000,51774.0,52377.0,51587.4,52137.67,9011.97864
1708300800,52137.68,52488.77,51904.83,52394.04,9047.04701
1708329600,52394.04,52454.11,52027.0,52127.99,10342.41476
1708358400,52127.99,52230.0,51677.0,51774.73,10145.53255
1708387200,51774.74,52039.91,51311.0,51839.28,8982.98504
1708416000,51839.28,52985.0,51340.0,51680.0,24748.76634
1708444800,51679.99,52517.3,50760.37,52258.82,15882.7218
1708473600,52258.82,52366.8,51452.45,51568.64,7433.60094
1708502400,51568.64,51787.04,50625.0,51156.0,21033.92544
1708531200,51156.0,51950.01,50649.28,51849.39,14611.87411
1708560000,51849.38,51910.32,51153.69,51827.63,9111.52468
1708588800,51827.63,52034.12,50940.78,51602.4,14110.34943
1708617600,51602.41,52065.78,51184.04,51288.42,12087.57163
1708646400,51288.42,51548.54,50889.0,50915.96,8654.45423
1708675200,50915.95,51333.47,50800.32,50911.11,13064.92135
1708704000,50911.1,51195.18,50521.0,50744.15,8826.41986
1708732800,50744.15,51103.87,50585.0,51068.7,5199.79506
1708761600,51068.7,51180.41,50953.0,51099.34,4440.77582
1708790400,51099.35,51698.0,51094.99,51568.22,6919.85022
1708819200,51568.21,51898.72,51438.88,51719.28,5909.0719
1708848000,51719.28,51780.0,51436.67,51524.02,5013.25859
1708876800,51524.02,51958.55,51279.8,51728.85,7799.3011
1708905600,51728.85,51796.5,51288.18,51293.26,5815.17774
1708934400,51293.26,52847.84,50901.44,52842.32,17190.06939
1708963200,52842.33,54910.0,52753.28,54476.47,28251.47486
1708992000,54476.48,57073.84,54450.13,56059.08,26036.10034
1709020800,56059.09,57416.93,56023.8,56745.66,23965.85507
1709049600,56745.66,57588.15,56209.0,57037.34,17193.03021
1709078400,57037.35,58379.57,56691.85,58241.1,11240.41749
1709107200,58241.09,61360.0,58171.11,60966.22,45593.12114
1709136000,60966.22,64000.0,58700.0,62432.1,61929.93121
1709164800,62432.11,63676.35,61021.1,62707.17,25015.18308
1709193600,62707.17,63531.88,62051.11,62768.02,24895.54637
1709222400,62768.01,62879.3,60364.7,61130.98,28514.34658
1709251200,61130.99,61772.82,60777.0,61434.0,12064.98145
1709280000,61434.0,62677.06,61131.01,61263.99,18423.55896
1709308800,61263.98,63114.23,61234.0,62387.9,17249.39432
1709337600,62387.9,62433.19,61752.3,62011.85,10288.26836
1709366400,62011.85,62167.79,61561.12,61771.2,8712.92273
1709395200,61771.21,62200.0,61625.0,61987.28,6533.5455
1709424000,61987.28,62100.0,61320.0,61598.0,7958.55667
1709452800,61598.01,62640.18,61393.83,62164.63,10628.75876
1709481600,62164.63,63231.88,62088.0,63113.97,10407.5936
1709510400,63113.97,64300.0,62300.0,64066.62,19218.67528
1709539200,64066.62,66580.29,64000.11,66451.65,32692.28306
1709568000,66451.65,68499.0,66039.31,68245.71,32924.20171
1709596800,68245.71,68686.8,65089.0,66129.64,29228.55376
1709625600,66129.64,69000.0,65515.15,66773.05,34447.13949
1709654400,66773.05,66996.36,59005.0,63724.01,69021.08805
1709683200,63724.01,66761.1,62779.14,66676.46,24704.04754
1709712000,66676.46,67641.1,64664.92,66481.12,35716.84169
1709740800,66481.12,67465.0,65714.17,66074.04,18317.96568
1709769600,66074.04,66469.05,65551.0,66387.78,14428.10931
1709798400,66387.77,67899.0,66341.11,67260.01,22168.12875
1709827200,67260.01,67980.0,66810.32,66823.17,16463.64884
1709856000,66823.18,67640.45,66757.0,67223.02,11164.96909
1709884800,67223.02,69990.0,67038.71,67617.6,29162.225932
1709913600,67617.6,69379.0,66082.66,68124.19,33934.73782
1709942400,68124.2,68541.1,67861.1,68288.64,7368.22823
1709971200,68288.64,68521.1,67933.93,68288.2,7320.38351
1710000000,68288.19,68433.17,68000.0,68313.27,5184.28569
1710028800,68313.28,69659.47,68200.0,69347.16,12541.09556
1710057600,69347.16,69887.61,68641.1,69194.83,15952.77834
1710086400,69194.83,69768.58,68094.75,68955.88,9910.79445
1710115200,68955.88,71298.0,67024.96,71019.99,26470.793598
1710144000,71019.99,72661.1,71019.99,72010.0,31605.222336
1710172800,72010.01,72800.0,71760.0,72078.1,17216.809792
1710201600,72078.1,72470.41,71301.0,72121.1,13864.02633
1710230400,72121.1,73000.0,70800.0,71703.41,24439.908041
1710259200,71703.41,71829.11,68620.82,71452.01,30479.61232
1710288000,71452.0,73182.22,71333.31,72855.16,14813.130992
1710316800,72855.15,73650.25,71634.52,72634.95,23628.108415
1710345600,72634.95,73410.22,72350.0,73072.41,14218.47224
1710374400,73072.4,73777.0,72500.0,73224.0,13204.476536
1710403200,73224.0,73528.11,70543.64,70844.01,24964.62619
1710432000,70844.0,71709.9,68555.0,71388.94,33588.52602
1710460800,71388.94,72419.71,66699.0,68448.29,39652.15895
1710489600,68448.28,68746.69,65600.0,68157.07,35203.33555
1710518400,68157.07,70650.0,67413.8,69499.85,28478.54096
1710547200,69499.84,70043.0,68600.0,69432.45,12258.38265
1710576000,69432.45,69436.24,67524.0,68385.58,16464.69904
1710604800,68385.58,68407.94,64780.0,65300.63,27203.87167
1710633600,65300.64,66576.39,64533.0,65636.67,19775.48844
1710662400,65636.68,68111.45,65290.0,67965.5,17304.04606
1710691200,67965.51,68904.4,67769.86,68393.48,12662.68139
1710720000,68393.47,68956.0,66800.0,68218.38,15828.18216
1710748800,68218.38,68627.81,66628.68,67467.19,21230.29117
1710777600,67467.19,68079.52,66565.2,67609.99,18632.60755
1710806400,67610.0,68124.11,63577.0,64704.22,32359.13366
1710835200,64704.23,64710.69,62410.78,64051.85,41581.34678
1710864000,64051.85,65756.0,61555.0,61937.4,27064.84443
1710892800,61937.41,63466.21,60775.0,62957.85,30665.2285
1710921600,62957.85,64395.0,62640.0,63600.37,25679.25622
1710950400,63600.37,68100.0,62022.0,67840.51,34076.1012
1710979200,67840.51,68240.47,66072.2,66985.19,17323.84606
1711008000,66985.19,67693.6,65885.96,66557.77,17070.40741
1711036800,66557.77,67000.0,64529.01,65501.27,18963.22655
1711065600,65501.28,66649.62,65120.01,66178.01,11865.79075
1711094400,66178.01,66363.1,62601.11,63877.04,24143.80092
1711123200,63877.04,64126.09,62260.0,63796.64,15472.78654
1711152000,63796.64,64856.01,63000.0,64575.41,9025.50365
1711180800,64575.41,65414.69,64186.21,65104.05,9065.57304
1711209600,65104.06,65999.0,63861.66,63990.01,8319.0374
1711238400,63990.02,64723.16,63772.29,64583.43,5619.83826
1711267200,64583.44,65925.19,64476.0,65673.36,9838.28915
1711296000,65673.36,67628.69,64600.01,67209.99,15937.65274
1711324800,67210.0,67740.0,66385.06,66821.19,10298.68506
1711353600,66821.19,70000.0,66747.65,69792.05,22955.00594
1711382400,69792.06,71150.0,69440.18,69880.01,20177.45386
1711411200,69880.0,71561.1,69732.8,70486.38,10888.09289
1711440000,70486.38,71280.0,69280.0,70250.0,17097.82282
1711468800,70250.01,70499.0,69401.72,69988.0,10948.46846
1711497600,69987.99,70739.65,69640.0,69725.99,8566.10548
1711526400,69726.0,71769.54,68534.01,68874.0,27501.24593
1711555200,68873.99,69637.66,68359.18,69469.99,13052.00544
1711584000,69469.99,70469.82,68903.62,70399.03,9147.93767
1711612800,70399.04,71552.06,70292.44,71290.39,18108.46004
1711641600,71290.38,71320.0,70404.0,70780.6,8182.63468
1711670400,70780.6,70916.16,69746.33,69794.0,7051.00755
1711699200,69794.01,70636.04,69009.0,69180.0,11752.63561
1711728000,69179.99,69916.5,69078.62,69850.54,6641.44037
1711756800,69850.53,70321.1,69710.0,69852.18,5202.98921
1711785600,69852.18,70269.15,69811.37,69999.99,4034.06385
1711814400,69999.99,70280.06,69540.0,69582.18,4407.55836
1711843200,69582.17,70460.0,69562.99,70301.73,6462.99523
1711872000,70301.72,70759.1,70147.77,70381.13,5553.41996
1711900800,70381.13,71366.0,70321.86,71280.01,7379.92914
1711929600,71280.0,71288.23,68888.0,69594.94,13117.31279
1711958400,69594.94,70080.0,68161.48,68237.15,15796.64962
1711987200,68237.15,69900.0,68062.86,69649.8,12531.35798
1712016000,69649.81,69674.23,66000.0,66455.5,23555.95881
1712044800,66455.5,66705.08,64588.58,64890.0,30701.64172
1712073600,64889.99,66200.0,64550.0,65463.99,17542.2274
1712102400,65463.99,66483.87,64493.07,66135.99,13872.93911
1712131200,66135.98,66903.63,65538.06,65836.01,13813.3689
1712160000,65836.02,66550.0,65451.62,65963.28,12200.90977
1712188800,65963.27,66354.83,65064.52,66091.6,8509.45158
1712217600,66091.59,67927.69,66028.0,67647.99,14223.94166
1712246400,67648.0,69309.91,67320.0,68487.79,18777.09129
1712275200,68487.8,68756.67,66380.0,66930.74,11432.5645
1712304000,66930.75,68566.66,65952.56,68190.62,17701.88531
1712332800,68190.62,68380.0,67316.0,67820.62,8780.78092
1712361600,67820.63,68232.14,67447.83,67992.02,6247.20849
1712390400,67992.02,68299.0,67527.78,68104.0,6211.12961
1712419200,68104.01,69692.0,67948.83,68896.0,7675.95109
1712448000,68896.0,69777.0,68824.0,69364.01,6577.14846
1712476800,69364.0,69886.03,69199.01,69543.74,5917.83358
1712505600,69543.73,70326.29,68849.77,69360.39,9039.76229
1712534400,69360.38,70850.0,69043.24,70698.63,8527.45364
1712563200,70698.64,72797.99,70642.0,71773.98,28977.79936
1712592000,71773.98,72104.05,71300.0,71620.0,8218.62324
1712620800,71620.0,71758.19,70110.0,70383.99,10482.14921
1712649600,70383.98,70977.0,68535.03,69264.0,19128.91511
1712678400,69264.0,69439.6,68210.0,69146.0,9682.8381
1712707200,69146.0,69594.15,68466.63,69336.28,7184.08856
1712736000,69336.27,69336.28,67518.0,68657.32,18558.40777
1712764800,68657.31,71172.08,68556.0,70631.08,16263.52744
1712793600,70631.08,71305.89,70285.13,70735.99,7790.79898
1712822400,70736.0,71256.27,69567.21,70000.0,16498.73145
1712851200,70000.0,70746.09,69574.88,70006.23,7627.72552
1712880000,70006.22,71227.46,70002.22,70764.01,8232.67771
1712908800,70764.0,70975.54,69236.95,69347.3,14596.73634
1712937600,69347.3,69580.0,65086.86,67116.52,33243.44824
1712966400,67116.52,67929.0,65731.27,67446.52,13623.39856
1712995200,67446.53,67926.0,67090.83,67676.0,6830.31763
1713024000,67675.99,67752.85,60660.57,63924.51,50941.504
1713052800,63924.52,64872.96,62134.0,64464.3,24103.25488
1713081600,64464.3,64887.99,63437.55,64180.97,17921.57515
1713110400,64180.98,65840.0,62573.66,65661.84,19574.34815
1713139200,65661.85,66582.84,64683.01,66263.84,15110.84283
1713168000,66263.84,66867.07,63810.0,64568.81,18493.42697
1713196800,64568.8,64868.28,62274.4,63419.99,18785.26089
1713225600,63419.99,63899.69,61680.0,63516.19,17673.77007
1713254400,63516.18,63660.0,61600.0,61762.2,20936.44411
1713283200,61762.19,64365.0,61694.02,63793.39,14825.07913
1713312000,63793.4,64499.0,63181.81,63297.84,9178.94942
1713340800,63297.85,63587.88,59888.0,60304.95,24230.41998
1713369600,60304.95,61956.42,59678.16,61277.37,17201.17569
1713398400,61277.38,62229.9,60803.35,61178.08,10501.67396
1713427200,61178.08,64117.09,60864.0,63498.7,22033.28078
1713456000,63498.69,63866.19,62310.03,63470.08,11066.65444
1713484800,63470.09,65179.0,59600.01,64547.18,35224.97053
1713513600,64547.18,65450.0,63820.57,64437.17,21456.23816
1713542400,64437.18,64808.54,62953.9,63818.01,13093.09402
1713571200,63818.01,64268.58,63090.07,63961.22,7595.93918
1713600000,63961.22,64960.37,63277.0,64808.35,6944.67752
1713628800,64808.35,65419.0,64456.54,64940.59,8596.81305
1713657600,64940.58,65695.56,64608.0,65150.66,6094.25826
1713686400,65150.67,65440.95,64763.15,65043.69,6145.74831
1713715200,65043.7,65167.19,64237.5,64941.15,7076.41495
1713744000,64941.15,66479.8,64500.0,65980.0,14018.3384
1713772800,65980.01,66477.53,65626.87,65994.38,8866.98542
1713801600,65994.39,67232.35,65913.52,66819.32,8512.66989
1713830400,66819.32,67183.01,66020.0,66099.79,6748.29441
1713859200,66099.79,67130.0,65765.81,66419.56,11001.10347
1713888000,66419.56,66905.99,65980.0,66414.0,4850.50216
1713916800,66414.0,67070.43,66390.0,66630.9,6280.23522
1713945600,66630.89,66743.01,64519.03,64610.11,14427.57624
1713974400,64610.1,65156.95,63606.06,64289.59,12887.88491
1714003200,64289.58,64741.47,63824.07,64017.99,6334.19144
1714032000,64017.99,64302.99,62794.0,64135.94,15325.6077
1714060800,64135.93,65297.94,63971.48,64498.34,9681.66424
1714089600,64498.33,64662.53,63890.82,64276.95,8321.69754
1714118400,64276.94,64820.01,63297.48,63503.22,13253.3448
1714147200,63503.22,64162.5,63318.75,63770.01,5510.15112
1714176000,63770.0,63923.41,62391.24,62966.83,8900.1736
1714204800,62966.84,63408.53,62673.37,62951.75,5583.54716
1714233600,62951.75,63650.0,62750.0,63461.98,6449.33976
1714262400,63461.98,64370.0,63456.86,63915.5,5691.31088
1714291200,63915.5,63979.27,63345.55,63540.0,5175.78984
1714320000,63540.0,63976.0,62781.0,63118.62,6082.09933
1714348800,63118.62,63367.05,61923.13,62399.98,9160.2775
1714377600,62399.98,63112.29,61765.53,63039.07,11246.42478
1714406400,63039.07,64228.35,62546.37,63866.0,7743.52719
1714435200,63866.0,64734.0,62995.7,63148.74,9677.07147
1714464000,63148.74,63244.0,60546.22,60796.85,24572.9989
1714492800,60796.86,61070.71,59191.6,60672.0,20697.58498
1714521600,60672.01,60841.63,57100.0,57499.99,22268.09768
1714550400,57500.0,58275.87,56552.82,56886.0,30293.30919
1714579200,56886.0,59468.0,56625.09,58364.97,28605.06136
1714608000,58364.97,58610.55,56911.84,57681.08,15242.57632
1714636800,57681.08,59455.0,57561.14,59264.15,22298.2314
1714665600,59264.16,59625.0,58637.62,59060.61,10043.01189
1714694400,59060.6,59999.0,58811.32,59190.74,9018.44277
1714723200,59190.74,62115.64,58849.94,61690.74,22832.57788
1714752000,61690.74,63333.0,61533.2,62882.01,11777.38078
1714780800,62882.01,63595.14,62541.03,62959.03,8012.05319
1714809600,62959.03,64540.0,62924.37,63609.17,10358.67884
1714838400,63609.17,64240.76,63300.58,63892.04,5997.96079
1714867200,63892.03,64188.0,62822.17,63736.87,6008.76785
1714896000,63736.86,64646.0,63539.53,64428.65,7837.17365
1714924800,64428.64,64554.68,63582.08,64012.0,4680.80879
1714953600,64012.0,64588.0,63708.58,64540.75,7291.57036
1714982400,64540.75,65500.0,62909.61,63632.01,20136.38273
1715011200,63632.01,63747.59,62700.0,63165.19,7246.9664
1715040000,63165.18,63967.19,62832.6,63669.69,6877.32823
1715068800,63669.69,64422.41,63050.77,63740.48,10422.12338
1715097600,63740.48,63895.46,62261.0,62312.08,8299.34311
1715126400,62312.07,63020.22,62020.09,62208.0,7197.7214
1715155200,62208.0,62828.0,61761.0,62273.08,9671.70431
1715184000,62273.07,62760.0,60888.0,61193.03,9251.76433
1715212800,61193.03,61806.98,61129.0,61253.16,5626.96952
1715241600,61253.16,62285.0,60630.0,62159.06,13650.70572
1715270400,62159.06,63429.03,61750.0,63074.01,11383.13086
1715299200,63074.0,63380.0,62660.42,63078.02,7565.26346
1715328000,63078.01,63469.13,60690.0,60928.02,16617.38903
1715356800,60928.02,61294.82,60187.12,60799.99,12346.68776
1715385600,60799.99,61096.27,60650.0,61018.52,4321.69102
1715414400,61018.53,61515.0,60487.09,61174.18,5605.4168
1715443200,61174.18,61410.09,60743.51,60825.99,3447.46154
1715472000,60825.99,61120.0,60610.0,60820.0,2681.08344
1715500800,60819.99,61587.12,60790.94,61419.0,4389.07227
1715529600,61419.01,61888.0,60910.58,61483.99,5682.97665
1715558400,61484.0,62450.0,60749.21,62334.37,10116.85104
1715587200,62334.36,63295.48,62334.36,63002.0,15056.22894
1715616000,63002.0,63450.0,62566.36,62940.08,7560.33841
1715644800,62940.09,63118.36,61404.34,62035.39,10315.58611
1715673600,62035.39,62300.0,61142.77,61787.61,12349.84663
1715702400,61787.6,61816.34,61159.34,61577.49,6423.28767
1715731200,61577.49,62280.01,61319.47,62195.04,4651.48678
1715760000,62195.04,65057.26,61923.2,64725.11,24324.6197
1715788800,64725.12,66444.16,64720.0,66206.5,14583.64071
1715817600,66206.51,66666.0,65652.92,66142.62,8084.94422
1715846400,66142.62,66752.01,65361.51,65818.88,12124.88333
1715875200,65818.89,65827.47,64602.77,65235.21,10896.53955
1715904000,65235.21,66500.0,65106.38,66386.94,7981.51417
1715932800,66386.93,67451.2,65828.03,67195.1,11446.85526
1715961600,67195.09,67300.0,66214.67,67024.0,6863.86466
1715990400,67024.0,67240.69,66725.53,66887.0,4562.90145
1716019200,66887.01,67400.01,66600.0,66823.63,7082.66781
1716048000,66823.63,67039.92,66722.0,66915.2,2795.68848
1716076800,66915.2,67329.45,66837.39,67324.44,3739.61922
1716105600,67324.44,67700.0,66677.0,66889.88,7732.49249
1716134400,66889.88,66990.0,65857.25,66274.01,6553.19238
1716163200,66274.0,67295.99,66060.31,66825.14,7329.49925
1716192000,66825.15,67487.0,66750.0,67419.99,9737.25946
1716220800,67420.0,71515.56,67374.42,71446.62,33749.94239
1716249600,71446.62,71979.0,70706.0,70878.29,19690.23086
1716278400,70878.3,71474.92,69685.01,69826.99,18484.34743
1716307200,69827.0,70377.77,69162.94,70148.34,11432.85531
1716336000,70148.34,70368.6,69165.0,69715.0,7273.92862
1716364800,69715.0,70591.0,69435.3,70455.9,9454.3877
1716393600,70455.89,70666.0,68842.19,69166.62,10944.86394
1716422400,69166.62,69862.44,69166.61,69734.04,5160.37652
1716451200,69734.05,70096.12,67610.95,68076.0,16500.94374
1716480000,68075.99,68365.81,66312.16,67969.65,18851.85348
1716508800,67969.66,68017.56,66816.21,67155.93,9437.89224
1716537600,67155.93,68420.0,66600.12,68326.46,10687.53133
1716566400,68326.46,69250.0,67924.39,68549.99,7970.41307
1716595200,68549.99,68910.0,68500.0,68753.92,3060.4869
1716624000,68753.93,69610.0,68749.2,68930.4,6435.73519
1716652800,68930.39,69356.6,68849.5,69290.57,2634.17209
1716681600,69290.56,69435.36,68808.37,69340.15,2989.12366
1716710400,69340.16,69562.23,68668.6,68847.99,5122.41822
1716739200,68847.98,68973.15,68128.01,68507.67,3760.57609
1716768000,68507.67,69298.0,68321.95,68643.36,5668.17161
1716796800,68643.36,70520.3,68250.0,70373.85,9992.70256
1716825600,70373.86,70687.56,69069.0,69436.43,7476.0532
1716854400,69436.43,69591.81,67486.65,67694.0,11759.37903
1716883200,67694.01,68902.71,67529.62,68374.08,13069.12461
1716912000,68374.08,68661.28,67277.91,68398.39,7794.46678
1716940800,68398.4,68935.68,67936.35,67946.9,6376.22483
1716969600,67946.89,68280.0,67262.34,67379.13,11030.96655
1716998400,67379.13,67826.09,67124.65,67652.42,5752.64011
1717027200,67652.41,68422.89,67471.67,67584.56,7117.63465
1717056000,67584.57,68826.31,67128.0,68530.76,11648.65248
1717084800,68530.77,69500.0,68050.01,68352.17,9711.93127
1717113600,68352.17,68729.73,68075.99,68174.99,4886.45443
1717142400,68175.0,69044.1,67200.0,67215.58,13135.60345
1717171200,67215.58,67999.0,66670.0,67540.01,8668.26396
1717200000,67540.01,67810.0,67428.44,67632.08,3028.08527
1717228800,67632.07,67872.5,67611.61,67691.28,2821.14728
1717257600,67691.28,67900.0,67556.72,67766.85,2988.42878
1717286400,67766.84,67910.55,67643.33,67721.0,2343.76362
1717315200,67721.01,68460.0,67367.2,68142.17,7174.18889
1717344000,68142.18,68200.0,67257.47,67765.63,5908.37278
1717372800,67765.62,69221.0,67612.48,68906.7,9334.25601
1717401600,68906.7,70288.0,68500.0,69615.28,14057.94664
1717430400,69615.27,69715.61,68730.51,68809.9,6241.17135
1717459200,68809.89,69370.01,68629.9,69013.63,4746.74497
1717488000,69013.62,70480.0,68567.32,70445.0,13144.96677
1717516800,70445.0,71063.45,70092.5,70537.84,11728.07315
1717545600,70537.83,71379.21,70423.51,71200.0,9439.92462
1717574400,71199.99,71731.35,70383.66,71580.0,11179.9269
1717603200,71580.01,71758.0,70700.0,71108.0,8083.3293
1717632000,71108.0,71237.02,70800.0,71021.47,4280.09077
1717660800,71021.46,71700.0,70862.5,71300.0,8728.47845
1717689600,71300.0,71379.93,70117.64,70799.06,8833.43527
1717718400,70799.06,71449.98,70663.59,71110.0,5996.04727
1717747200,71110.01,71997.02,70633.21,71111.54,13032.5859
1717776000,71111.55,71208.89,68420.0,69355.6,16569.81728
1717804800,69355.6,69582.2,69232.15,69582.2,3512.97404
1717833600,69582.2,69582.2,69168.02,69430.01,3744.56612
1717862400,69430.01,69490.0,69290.28,69310.46,2516.28951
1717891200,69310.46,69425.7,69130.24,69295.64,2216.15706
1717920000,69295.64,69777.0,69250.01,69508.64,4647.39667
1717948800,69508.64,69857.14,69500.0,69648.14,3027.01336
1717977600,69648.15,69801.34,69249.99,69303.99,4097.95551
1718006400,69304.0,70195.94,69172.29,70066.12,6421.88305
1718035200,70066.12,70141.1,69334.46,69540.0,6602.83085
1718064000,69540.0,69590.01,67325.0,67570.18,15866.46733
1718092800,67570.18,67662.49,66051.0,66244.48,16632.12249
1718121600,66244.48,67588.22,66161.26,67314.24,8937.42606
1718150400,67314.23,67624.89,66905.0,67453.63,5634.77143
1718179200,67453.64,69999.0,67353.02,69734.0,15762.35624
1718208000,69734.0,69862.4,67250.0,68263.99,15778.19589
1718236800,68263.98,68393.63,66969.98,67724.81,8132.40838
1718265600,67724.8,68449.3,66368.76,66470.01,13934.13286
1718294400,66470.01,67080.13,66251.78,66773.01,7013.01447
1718323200,66773.01,67221.32,66480.0,66904.98,5647.98224
1718352000,66904.98,67370.24,66344.67,66392.0,9114.39192
1718380800,66392.0,66627.52,65078.0,66043.99,13645.81381
1718409600,66043.99,66416.66,65967.5,66076.99,4899.7209
1718438400,66076.99,66478.48,66076.98,66316.02,3594.32516
1718467200,66316.02,66360.0,65857.1,66228.25,2957.75636
1718496000,66228.25,66360.18,66034.5,66266.3,1970.55637
1718524800,66266.3,66793.72,66172.5,66712.8,4250.10544
1718553600,66712.8,66998.7,66460.0,66676.87,3171.86042
1718582400,66676.86,66913.69,65939.67,66172.0,6150.43509
1718611200,66172.0,66317.64,65130.0,65368.0,9449.1658
1718640000,65368.0,67298.81,65138.0,66504.33,11786.56762
1718668800,66504.33,66588.23,64569.0,65672.51,15381.69423
1718697600,65672.51,65750.01,64261.12,64706.0,15127.66739
1718726400,64705.99,65305.0,64060.0,65175.32,11840.74082
1718755200,65175.32,65727.54,64810.62,65326.89,8861.3757
1718784000,65326.89,65544.0,64756.28,64922.0,7082.42264
1718812800,64921.99,65284.37,64666.0,64974.37,4116.99742
1718841600,64974.37,65967.39,64818.72,65858.84,5982.61587
1718870400,65858.84,66482.94,64658.06,64831.23,11048.46419
1718899200,64831.24,65217.21,64559.15,64869.99,7234.21025
1718928000,64869.99,65066.66,64190.76,64201.63,6168.19463
1718956800,64201.63,64372.15,63379.35,63732.02,14034.78408
1718985600,63732.02,64460.14,63465.17,64143.56,5790.58571
1719014400,64143.56,64540.26,63943.82,64520.0,3736.74003
1719043200,64519.99,64546.81,64214.43,64307.08,2306.73968
1719072000,64307.09,64362.0,64218.5,64262.01,1265.47571
1719100800,64262.01,64521.0,64262.0,64415.27,1749.32563
1719129600,64415.27,64437.28,64049.41,64094.0,2328.86181
1719158400,64094.01,64187.62,63178.32,63210.01,4146.26703
1719187200,63210.01,63369.8,62160.72,62456.0,9694.70293
1719216000,62456.0,62975.6,60567.01,60843.99,17933.74878
1719244800,60843.99,61044.44,58402.0,60293.3,24532.90243
1719273600,60293.3,61598.87,60257.06,60685.16,8896.04343
1719302400,60685.16,62134.0,60668.01,61810.0,13414.87255
1719331200,61810.0,62420.0,61135.37,61806.01,8878.32763
1719360000,61806.01,62487.81,61520.0,61720.02,7030.93804
1719388800,61720.02,61980.0,61149.64,61467.86,8207.31042
1719417600,61467.85,61547.02,60712.0,60864.99,7247.41617
1719446400,60864.98,61300.0,60606.63,60794.01,5105.7408
1719475200,60794.01,62389.22,60736.62,61576.0,8875.11644
1719504000,61576.0,62015.52,61338.56,61706.47,4363.42907
1719532800,61706.46,62225.31,61236.0,61350.01,6629.96471
1719561600,61350.01,61875.0,60751.0,61062.01,11043.35876
1719590400,61062.0,61119.58,60063.0,60427.84,7147.86908
1719619200,60427.84,61146.64,60383.77,61052.3,4768.07142
1719648000,61052.3,61224.0,60890.03,61106.0,4287.25151
1719676800,61106.0,61124.0,60839.51,60986.68,2454.23611
1719705600,60986.68,61782.0,60712.21,61528.01,4949.90721
1719734400,61528.01,61860.0,61346.0,61717.9,5018.48729
1719763200,61717.9,63058.76,61590.01,62772.01,7357.90686
1719792000,62772.01,63818.33,62573.32,63277.84,8808.19225
1719820800,63277.84,63314.99,62497.2,63132.9,8259.82088
1719849600,63132.9,63861.76,62804.6,62899.99,7479.09225
1719878400,62900.0,63288.83,62580.0,62629.99,4197.44952
1719907200,62630.0,63152.0,61823.74,61948.08,10105.61963
1719936000,61948.08,62368.81,61806.28,62135.47,4270.0496
1719964800,62135.46,62285.94,60600.0,60870.01,7502.17985
1719993600,60870.01,60978.19,59600.0,60186.25,16046.05372
1720022400,60186.25,60655.56,59400.0,60208.58,8611.8777
1720051200,60208.57,60498.19,57800.01,58219.99,18486.93426
1720080000,58219.99,58506.18,56771.0,58140.0,25357.70592
1720108800,58140.0,58813.13,56866.0,57050.01,10724.13258
1720137600,57050.02,57546.0,53485.93,54415.05,37191.42061
1720166400,54415.04,56678.19,53900.0,56662.0,30658.43706
1720195200,56662.99,57040.02,55779.33,56628.79,13498.38989
1720224000,56628.79,56998.0,56018.0,56606.0,7520.5687
1720252800,56606.0,57441.1,56436.78,57317.98,7240.51896
1720281600,57317.99,58475.0,57185.76,58230.13,6890.22792
1720310400,58230.13,58449.46,57073.36,57369.99,6686.07166
1720339200,57369.99,57911.71,56563.46,56825.42,6242.28555
1720368000,56825.42,57392.0,55724.37,55857.81,6190.58197
1720396800,55857.81,56023.07,54260.16,55852.01,15956.24416
1720425600,55852.0,58236.73,54800.0,55761.52,24765.76086
1720454400,55761.52,56971.94,55425.74,56714.62,7368.19988
1720483200,56714.61,57754.0,56289.45,57116.84,8471.21922
1720512000,57116.84,58131.09,56903.0,57477.01,12599.20175
1720540800,57477.0,58296.0,57362.08,58050.0,6661.78691
1720569600,58050.0,59470.0,57309.09,58977.99,8828.7265
1720598400,58977.99,59032.82,57471.12,57699.69,10947.69798
1720627200,57699.69,58019.89,57157.79,57725.85,5175.31351
1720656000,57725.85,58407.05,57050.0,58191.5,7616.7685
1720684800,58191.5,59650.0,57266.58,57402.01,16150.31461
1720713600,57402.01,58000.61,57150.0,57339.89,5993.97424
1720742400,57339.89,57571.86,56542.47,57106.94,6664.82522
1720771200,57106.95,58278.0,56767.05,58214.0,9846.91784
1720800000,58213.99,58526.68,57150.06,57889.1,7140.71384
1720828800,57889.09,58216.08,57756.63,58170.32,3079.00828
1720857600,58170.33,58899.46,57900.57,58830.63,6001.85409
1720886400,58830.62,59850.0,58288.19,59204.02,6276.88282
1720915200,59204.01,60324.61,59194.01,60062.01,8015.98902
1720944000,60062.01,60400.0,59466.67,60084.0,6126.18398
1720972800,60084.0,61420.69,59880.0,60797.91,7036.16607
1721001600,60797.91,63084.0,60632.3,62840.12,13145.57349
1721030400,62840.12,63328.0,62290.0,63026.0,10791.20347
1721059200,63026.01,64900.0,62852.0,64724.14,14754.20124
1721088000,64724.06,64993.95,62721.79,62895.01,14372.44948
1721116800,62895.01,64960.86,62373.24,64878.24,15210.83278
1721145600,64878.24,65388.97,64111.56,65043.99,12947.24689
1721174400,65044.0,66128.63,64932.31,65258.0,10264.80251
1721203200,65258.01,65500.0,64537.41,64724.01,10824.92651
1721232000,64724.01,64766.99,63854.0,64087.99,8477.80052
1721260800,64087.99,65133.3,63910.0,64668.0,7021.84853
1721289600,64668.0,65111.29,63400.0,63538.12,9362.3156
1721318400,63538.12,64122.43,63238.48,63987.92,6184.55837
1721347200,63987.92,64486.0,63300.67,63694.01,7184.12749
1721376000,63694.01,65888.0,63409.01,65836.77,13838.64226
1721404800,65836.76,67386.0,65827.62,66660.0,14611.95764
1721433600,66660.01,66822.22,66222.46,66562.28,4665.56303
1721462400,66562.27,66832.0,66273.62,66825.0,2919.29929
1721491200,66824.99,67598.0,66679.01,67139.96,6802.06202
1721520000,67139.97,67436.22,66592.1,66701.99,3431.05858
1721548800,66702.0,67499.99,66616.0,67164.0,4101.89309
1721577600,67164.0,68366.66,65777.0,68165.34,14286.16024
1721606400,68165.35,68474.55,67122.22,67236.0,5881.11142
1721635200,67236.01,67952.39,66559.97,67063.87,7959.04422
1721664000,67063.87,68256.0,66798.36,67532.01,7610.88739
1721692800,67532.0,67750.98,66256.39,66576.0,7780.94313
1721721600,66576.0,67349.03,65962.0,66584.01,13449.32351
1721750400,66584.01,66780.01,65441.08,65936.01,10175.88652
1721779200,65936.0,66146.01,65476.84,66078.0,4860.52429
1721808000,66078.0,67102.01,66008.0,66176.0,9189.97893
1721836800,66176.0,66709.55,65111.0,65376.0,9032.05955
1721865600,65376.01,65620.0,63800.0,64134.0,13352.77555
1721894400,64134.0,65005.0,63456.7,64790.88,11952.74237
1721923200,64790.89,66175.49,64388.46,65799.95,9820.91142
1721952000,65799.95,67480.0,65722.63,66890.56,9192.38576
1721980800,66890.56,68000.0,66890.56,67560.01,9242.27399
1722009600,67560.0,68200.0,67303.07,67907.99,5809.70048
1722038400,67908.0,68295.39,67630.0,68036.68,3461.81816
1722067200,68036.68,69399.99,67892.24,68844.0,8029.41799
1722096000,68844.0,69182.94,66650.0,67896.5,20218.98306
1722124800,67896.49,68285.43,67066.66,67560.86,4614.02751
1722153600,67560.86,68123.32,67220.0,67645.0,3539.77129
1722182400,67645.0,68318.43,67624.0,68249.88,2714.89514
1722211200,68249.88,69888.0,68168.0,69528.01,10119.77942
1722240000,69528.01,70079.99,67668.34,68104.0,14400.47546
1722268800,68103.99,68118.0,66428.0,66784.69,11947.04145
1722297600,66784.68,67000.0,65862.0,66952.0,8486.01214
1722326400,66952.0,66999.92,65555.0,66216.01,8413.45469
1722355200,66216.01,66550.01,65302.67,66188.0,6232.78758
1722384000,66188.0,66554.4,65496.0,66224.0,5102.03121
1722412800,66224.0,66849.24,65954.54,66379.99,6197.12633
1722441600,66379.99,66836.3,64530.0,64628.0,11326.28151
1722470400,64628.01,64841.29,63584.0,64328.59,9875.95518
1722499200,64328.6,64949.58,62666.07,62906.6,10661.59242
1722528000,62907.44,65659.78,62302.0,65354.02,15004.72094
1722556800,65354.02,65596.14,63668.0,64164.07,7986.23653
1722585600,64164.07,65524.01,62432.9,63416.01,17685.38957
1722614400,63416.0,63611.24,61230.01,61498.33,13148.80327
1722643200,61498.34,61981.43,60505.0,61662.01,9085.10969
1722672000,61662.02,62198.22,60833.33,60879.0,5677.61324
1722700800,60879.01,61288.0,59850.0,60697.99,13271.99274
1722729600,60697.99,61117.63,60260.0,60373.99,4474.99403
1722758400,60374.0,61097.55,58960.0,59086.01,9575.84078
1722787200,59086.01,59583.0,57122.77,58161.0,17565.68522
1722816000,58161.0,58305.59,49000.0,52674.19,79521.393
1722844800,52674.2,54980.0,49542.83,54321.09,58983.96254
1722873600,54321.08,55600.0,52555.0,54018.81,23560.23632
1722902400,54018.82,56276.0,53950.0,55999.99,18237.2354
1722931200,55998.02,56605.55,54371.94,56405.99,23119.9554
1722960000,56405.99,57040.99,55800.0,56022.01,14527.58596
1722988800,56022.0,57287.99,55557.88,56920.91,12203.78798
1723017600,56920.91,57736.05,55650.0,56094.5,16607.01014
1723046400,56094.51,56300.0,54558.62,55134.16,15458.57872
1723075200,55133.76,57636.36,54730.0,57193.49,12318.704
1723104000,57193.48,59505.0,56700.0,59428.03,18004.3521
1723132800,59428.03,62745.14,59237.59,61685.99,18026.47339
1723161600,61686.0,61744.37,60588.63,60863.57,9849.09926
1723190400,60863.58,61210.31,59535.0,59810.23,12994.82453
1723219200,59810.24,60986.03,59700.0,60837.99,8128.55638
1723248000,60837.99,61470.58,60242.0,60842.0,4018.56405
1723276800,60842.01,61116.65,60400.0,60515.89,3147.72227
1723305600,60515.9,61196.63,60400.0,60923.51,2828.91989
1723334400,60923.51,61382.73,60881.36,61257.0,2611.13428
1723363200,61257.0,61858.0,59941.0,60127.29,7542.51311
1723392000,60127.29,60350.0,58286.73,58712.59,9036.19773
1723420800,58712.59,59088.33,57642.21,58674.61,8597.22771
1723449600,58674.62,60711.09,57800.0,60207.37,18683.02478
1723478400,60207.38,60420.34,58440.54,59346.64,9729.66494
1723507200,59346.64,59923.28,58830.23,59238.05,6886.09698
1723536000,59238.05,59776.7,58392.88,59472.26,9062.02736
1723564800,59472.25,61578.1,59446.22,60587.15,11910.83417
1723593600,60587.16,61302.88,60425.01,60914.02,4191.8719
1723622400,60914.02,61800.0,58823.52,59435.69,16974.66925
1723651200,59435.69,59462.61,58433.18,58683.39,7256.22211
1723680000,58683.39,59044.44,57713.88,58060.37,9143.00961
1723708800,58060.36,59787.37,57964.85,59682.84,11068.71989
1723737600,59682.85,59849.38,56078.54,57541.06,17474.44672
1723766400,57541.05,58666.77,57098.62,58456.99,7390.98117
1723795200,58456.99,58915.18,57526.31,58071.06,10699.19313
1723824000,58071.07,59817.76,58000.0,58874.6,9520.66914
1723852800,58874.59,59389.18,58785.05,59248.0,2876.80267
1723881600,59248.0,59654.9,59060.0,59388.11,2817.87548
1723910400,59388.11,59700.0,59113.68,59491.99,2027.05116
1723939200,59491.99,60259.01,59256.56,59573.39,4372.04246
1723968000,59573.39,60284.99,59436.0,59863.99,4785.95547
1723996800,59863.99,59945.83,58408.92,58427.35,4476.85924
1724025600,58427.35,58763.83,58210.03,58502.19,7064.5915
1724054400,58502.19,58970.0,57787.3,58539.24,9372.37719
1724083200,58539.25,59617.63,58380.0,59438.5,6372.34382
1724112000,59438.5,61400.0,59363.31,60924.33,11668.2827
1724140800,60924.33,60975.0,58680.01,58825.53,13653.6222
1724169600,58825.53,59722.72,58548.23,59013.8,6155.54058
1724198400,59013.8,59739.52,58783.47,59712.0,4381.76787
1724227200,59711.99,60201.98,58850.0,59511.8,10939.44637
1724256000,59511.79,61820.93,59375.0,61156.03,12662.42796
1724284800,61156.03,61229.0,59724.87,60984.31,6786.41691
1724313600,60984.31,61400.0,60100.0,60407.4,9948.91694
1724342400,60407.39,60707.88,60131.0,60375.84,4505.87203
1724371200,60375.83,61367.74,60342.14,61069.27,5121.62548
1724400000,61069.26,62320.36,60691.11,61533.05,13940.43038
1724428800,61533.04,64955.0,61349.99,64037.24,19056.01503
1724457600,64037.24,64332.0,63626.58,64315.0,5934.60262
1724486400,64315.0,64494.5,63868.0,63976.0,4651.8624
1724515200,63976.0,64444.0,63531.0,64157.01,5270.69114
1724544000,64157.02,64507.04,63785.76,63868.26,4268.6887
1724572800,63868.27,64288.0,63773.27,64132.16,3562.89682
1724601600,64132.17,65000.0,64000.0,64220.0,4473.89425
1724630400,64219.99,64481.0,63420.0,63627.01,5250.08147
1724659200,63627.01,64039.2,63061.0,63532.53,7840.61742
1724688000,63532.54,63878.78,62800.0,62834.0,6379.35387
1724716800,62834.0,63212.0,62657.0,62902.31,6681.52451
1724745600,62902.32,63000.0,61473.03,61709.13,12447.73198
1724774400,61709.13,62196.75,58034.01,59415.0,16006.68529
1724803200,59415.0,59661.0,58516.0,58600.98,10166.50482
1724832000,58600.98,60234.98,58443.07,59000.0,14687.33191
1724860800,59000.0,59849.99,57860.0,59034.9,12014.70602
1724889600,59034.9,59764.0,58878.46,59583.88,5065.76139
1724918400,59583.88,61166.99,59374.0,60779.99,11738.25834
1724947200,60779.99,60960.0,58713.09,59359.01,10216.8877
1724976000,59359.0,59582.86,58685.0,59271.1,6888.00535
1725004800,59271.11,59944.07,57946.01,58094.99,13542.57235
1725033600,58095.0,59371.0,57701.1,59123.99,8088.74425
1725062400,59123.99,59462.38,59043.12,59095.0,2878.47553
1725091200,59095.01,59244.04,58831.88,59006.54,3179.07389
1725120000,59006.54,59141.72,58744.0,58973.99,2740.85958
1725148800,58974.0,59076.59,57777.0,58478.64,5680.16396
1725177600,58478.64,58504.81,57201.0,58217.0,8431.99366
1725206400,58217.0,58788.93,57205.0,57301.86,6592.99979
1725235200,57301.77,57987.99,57128.0,57547.99,7221.48592
1725264000,57548.0,58808.0,57520.12,58537.99,9096.22036
1725292800,58537.99,59425.69,58293.12,59132.13,6577.30833
1725321600,59132.12,59809.65,58872.0,59112.0,5975.28855
1725350400,59112.01,59350.0,57568.0,57725.0,10624.12111
1725379200,57725.01,58251.09,57415.0,57487.73,6228.77481
1725408000,57487.74,57943.53,55606.0,56746.0,15578.64991
1725436800,56746.0,58181.43,56187.61,58134.0,12916.79477
1725465600,58134.0,58519.0,57646.0,57970.9,7065.37678
1725494400,57970.9,58327.07,56541.68,57155.1,8055.59411
1725523200,57155.1,57350.0,55817.51,55976.01,13025.06757
1725552000,55976.01,56710.0,55643.65,56180.0,6726.25245
1725580800,56180.0,56858.88,55280.0,55804.29,9033.00596
1725609600,55804.28,57008.0,53808.0,54045.01,25253.22479
1725638400,54045.0,54435.0,52550.0,53962.97,20161.53751
1725667200,53962.97,54405.37,53745.54,54286.0,6494.01731
1725696000,54286.0,54829.0,54168.23,54780.0,4800.74049
1725724800,54780.0,54850.0,53814.01,54160.86,5399.28994
1725753600,54160.86,54575.0,53964.0,54436.25,3701.73378
1725782400,54436.25,54722.85,53640.0,53687.0,5266.14771
1725811200,53686.99,55318.0,53629.01,54869.95,7306.2663
1725840000,54869.95,55370.23,54591.96,54974.01,7990.75323
1725868800,54974.01,55799.0,54804.0,55386.0,9971.65859
1725897600,55385.99,58088.0,55348.54,57042.0,14422.10555
1725926400,57042.01,57290.0,56386.4,57218.57,6559.25121
1725955200,57218.56,57468.98,56502.31,56596.0,9660.76971
1725984000,56596.01,58044.36,56566.0,57635.99,7406.76034
1726012800,57635.99,57750.0,56100.0,56712.0,8996.22594
1726041600,56712.01,57166.66,55545.19,56701.23,15120.07421
1726070400,56701.22,57981.71,56646.0,57338.0,8910.26742
1726099200,57338.0,58470.01,57324.0,58138.16,8730.27918
1726128000,58138.15,58588.0,57345.23,57512.03,12551.03001
1726156800,57512.03,58450.99,57494.01,58132.32,9793.09712
1726185600,58132.31,58290.4,57742.0,58109.31,4392.80703
1726214400,58109.31,59723.97,57632.62,59667.38,12873.00204
1726243200,59666.01,60625.0,59312.01,60498.0,12559.42426
1726272000,60497.99,60610.45,59900.0,60138.14,4796.27968
1726300800,60138.14,60156.0,59605.98,59876.0,3908.19131
1726329600,59875.99,60134.13,59400.0,59993.03,3433.43802
1726358400,59993.02,60280.06,59986.01,60196.0,2257.72209
1726387200,60195.99,60395.8,59871.0,60335.41,3276.35777
1726416000,60335.41,60352.65,58691.05,59132.0,8223.84375
1726444800,59132.0,59210.7,58112.0,58911.1,8804.28871
1726473600,58911.1,59179.35,57553.38,57881.69,10220.63659
1726502400,57881.7,58410.0,57493.3,58213.99,7452.6389
1726531200,58213.99,58779.08,57610.01,58695.39,4801.39486
1726560000,58695.39,61320.0,58636.36,61135.5,17921.56129
1726588800,61135.49,61261.0,59618.26,60313.99,10393.30263
1726617600,60313.99,60769.0,59854.6,60428.01,5825.16214
1726646400,60428.01,60428.01,59308.61,59429.18,9646.04043
1726675200,59429.19,61786.24,59174.8,61759.99,20615.82212
1726704000,61759.98,62589.52,61555.0,62093.99,11704.54072
1726732800,62094.0,63500.84,61888.18,63154.04,13852.20394
1726761600,63154.03,63850.0,62650.0,62947.99,8775.78142
1726790400,62948.0,64133.32,62606.0,63524.8,10260.16996
1726819200,63524.81,63700.0,62553.9,63153.99,10333.6794
1726848000,63153.99,63300.0,62350.0,63201.05,4872.52858
1726876800,63201.05,63310.37,62758.0,63091.02,2850.97308
1726905600,63091.02,63306.0,62966.01,63167.98,2638.39724
1726934400,63167.98,63559.9,63058.0,63348.96,2885.97576
1726963200,63348.97,63450.0,62830.01,62936.0,2831.66008
1726992000,62936.0,63034.99,62429.16,62652.12,4112.28097
1727020800,62652.12,64000.0,62357.93,63578.76,7298.25787
1727049600,63578.76,64745.88,62538.75,63548.82,10584.00863
1727078400,63548.83,63806.0,63059.93,63618.0,8610.38106
1727107200,63617.99,63825.96,63088.69,63339.99,4883.66318
1727136000,63339.99,63569.99,62700.0,63559.92,6657.50709
1727164800,63559.93,63948.0,62731.1,63159.99,8685.13822
1727193600,63159.99,64688.0,63088.02,64262.7,7842.40228
1727222400,64262.7,64817.99,63645.49,63843.33,5807.37258
1727251200,63843.34,63999.0,63283.37,63495.66,6355.05313
1727280000,63495.66,63670.0,62947.08,63152.01,5650.68597
1727308800,63152.01,63874.41,62670.0,63852.07,5161.49486
1727337600,63852.07,65550.0,63595.67,65229.03,15238.11442
1727366400,65229.03,65839.0,64633.52,65173.99,7973.69665
1727395200,65173.99,65550.0,64819.9,65460.02,5967.18706
1727424000,65460.02,66498.0,65314.31,66006.01,11139.13619
1727452800,66006.01,66360.0,65524.0,65769.95,4942.48162
1727481600,65769.95,66260.0,65720.0,65824.01,2929.03201
1727510400,65824.01,65824.01,65422.23,65619.13,3272.31726
1727539200,65619.14,65982.16,65432.0,65858.0,2925.88389
1727568000,65858.0,65984.0,65432.0,65477.01,2459.9441
1727596800,65477.01,65850.0,65433.0,65751.34,2966.14354
1727625600,65751.34,66076.12,65528.0,65602.01,2911.65347
1727654400,65602.01,65618.8,64190.0,64562.01,9258.00862
1727683200,64562.01,64576.01,63249.68,63561.41,12132.7248
1727712000,63561.42,63860.0,62856.3,63327.59,8620.3541
1727740800,63327.6,64130.63,63006.7,64045.92,7394.74553
1727769600,64045.92,64118.0,61814.01,62628.85,15860.20574
1727798400,62628.85,62778.73,60164.0,60805.78,20416.52981
1727827200,60804.92,61940.0,60733.81,61727.4,7113.24493
1727856000,61727.39,61926.9,60524.21,61874.01,11392.87261
1727884800,61874.01,62390.31,60000.0,60649.28,13028.58364
1727913600,60649.27,61477.19,60536.0,60926.0,7008.50922
1727942400,60926.0,61070.47,59828.11,60641.5,12979.14592
1727971200,60641.5,61100.0,59917.02,60752.71,6233.77958
1728000000,60752.72,61544.98,60459.9,61443.64,4827.60169
1728028800,61443.64,62004.48,60753.97,61873.04,10844.65051
1728057600,61873.05,62484.85,61644.01,62086.0,5622.40774
1728086400,62086.0,62268.28,61689.26,62076.19,2543.41255
1728115200,62076.2,62370.56,62076.19,62167.66,2840.4968
1728144000,62167.65,62180.0,61700.0,62058.0,2423.55206
1728172800,62058.01,62150.0,61798.97,61949.01,1789.71173
1728201600,61949.01,62777.0,61922.0,62720.01,3999.7878
1728230400,62720.01,62975.0,62302.0,62819.91,3117.36224
1728259200,62819.91,63970.19,62657.44,63531.99,6571.04179
1728288000,63532.0,64478.19,62649.95,63651.6,12059.70419
1728316800,63651.59,63906.57,62128.0,62224.0,7335.43922
1728345600,62224.01,62820.0,62005.0,62319.99,5348.06031
1728374400,62319.99,63200.0,61864.89,62288.01,9218.17759
1728403200,62288.01,62598.0,61860.31,62160.49,5135.98581
1728432000,62160.5,62543.75,62002.5,62276.78,4260.50268
1728460800,62276.79,62412.09,61634.61,62316.0,6948.02925
1728489600,62316.0,62350.0,60301.0,60636.02,8802.62491
1728518400,60636.01,61149.58,60355.0,60900.0,4354.9517
1728547200,60900.01,61321.68,60444.99,60789.36,7787.58351
1728576000,60789.36,61030.31,58946.0,60326.39,11825.3896
1728604800,60326.4,60925.16,60087.64,60674.69,4449.24145
1728633600,60674.68,62450.0,60650.44,62259.05,9662.86172
1728662400,62259.04,63417.56,62123.0,62540.0,9529.24892
1728691200,62539.99,63073.78,62487.23,62767.57,3709.61465
1728720000,62767.57,63480.0,62672.34,63157.49,4689.637
1728748800,63157.5,63400.0,62911.0,63206.22,2512.04951
1728777600,63206.23,63285.72,62654.91,62843.48,2955.80233
1728806400,62843.48,62962.0,62050.0,62229.31,4954.55042
1728835200,62229.32,63125.0,62177.67,62870.02,3998.8672
1728864000,62870.02,64686.0,62457.81,64620.87,11742.90352
1728892800,64620.87,66299.93,64340.98,65870.0,16504.7968
1728921600,65870.0,66500.0,65459.0,66083.99,9422.2519
1728950400,66084.0,66330.0,65201.0,65638.74,6894.19552
1728979200,65638.74,67950.0,64800.01,66022.0,24365.97193
1729008000,66022.01,67390.89,65982.55,67074.14,12423.78678
1729036800,67074.14,67561.04,66750.49,66972.53,6578.81843
1729065600,66972.53,68424.0,66917.52,67749.99,18013.31556
1729094400,67750.0,68100.0,67482.0,67620.01,5346.12145
1729123200,67620.0,67939.4,67087.35,67303.18,6056.6862
1729152000,67303.18,67680.0,66666.0,67590.66,11484.72102
1729180800,67590.67,67590.67,66720.0,67421.78,7786.82139
1729209600,67421.78,68378.95,67192.36,67969.7,9251.7175
1729238400,67969.69,68870.68,67642.71,68735.35,12586.39382
1729267200,68735.34,69000.0,68204.1,68428.0,6887.52368
1729296000,68427.99,68693.26,68302.31,68346.54,2490.40942
1729324800,68346.54,68475.7,68088.0,68226.93,3002.27167
1729353600,68226.94,68413.96,68010.0,68378.0,2700.98628
1729382400,68377.99,68446.0,68100.0,68378.0,2495.76329
1729411200,68378.01,68772.7,68198.22,68625.99,4155.42405
1729440000,68625.99,69400.0,68422.0,69031.99,5791.28644
1729468800,69032.0,69519.52,68488.33,68514.0,6682.39217
1729497600,68513.99,68661.0,66840.67,67341.02,17058.87488
1729526400,67341.02,67941.17,66894.0,67377.5,7633.15479
1729555200,67377.5,67800.0,66571.42,67402.0,7112.92365
1729584000,67402.0,67693.34,66644.18,67282.27,12186.51514
1729612800,67282.27,67836.01,66920.0,67426.0,5299.52389
1729641600,67426.01,67472.83,66800.0,66852.34,4397.09447
1729670400,66852.33,67048.0,65923.01,66223.44,11233.61954
1729699200,66223.45,66807.37,65260.0,66668.65,9899.52669
1729728000,66668.65,67612.12,66510.0,67123.08,6237.37914
1729756800,67123.09,67998.0,66700.0,67701.22,9184.26683
1729785600,67701.21,68850.0,67350.01,68198.28,7168.1928
1729814400,68198.27,68286.56,67250.0,67531.97,5342.716
1729843200,67531.96,68771.49,67286.28,67690.01,9496.39617
1729872000,67690.01,67890.52,65596.29,66698.33,19640.59908
1729900800,66698.32,67240.02,66439.9,67007.99,5313.87064
1729929600,67007.99,67264.34,66744.0,66886.49,4102.65744
1729958400,66886.49,67454.55,66788.0,67092.76,2426.37962
1729987200,67092.76,67325.46,66913.73,67204.01,1654.99551
1730016000,67204.0,67858.0,67036.85,67791.99,3150.91949
1730044800,67792.0,68332.05,67540.88,68021.7,3847.28092
1730073600,68021.69,68680.0,67618.0,68415.52,4976.95376
1730102400,68415.52,69280.0,68238.81,68494.2,10288.38163
1730131200,68494.2,70270.0,68452.54,69962.21,13781.4192
1730160000,69962.21,71587.88,69760.0,71017.97,14651.41292
1730188800,71017.96,72429.99,70929.0,72402.01,15843.83357
1730217600,72402.0,73620.12,71864.65,72736.42,19633.35945
1730246400,72736.41,72785.72,72000.01,72227.99,6619.62989
1730275200,72227.99,72604.97,71436.0,72061.34,11036.04718
1730304000,72061.34,72961.0,71641.77,72344.74,9230.31349
1730332800,72344.75,72599.99,72030.08,72417.19,5256.38209
1730361600,72417.19,72700.0,70431.77,70620.0,13520.57457
1730390400,70620.01,70949.51,69685.76,70292.01,10575.14631
1730419200,70292.01,70470.0,68830.0,69273.7,10576.21597
1730448000,69273.7,71632.95,69044.0,69387.77,16841.88018
1730476800,69387.78,70515.16,68820.14,69496.01,10883.7714
1730505600,69496.0,69914.37,69446.0,69813.91,3187.12709
1730534400,69813.91,69838.62,69000.14,69393.17,4644.73134
1730563200,69393.18,69616.0,69149.0,69374.74,2689.814
1730592000,69374.74,69391.0,67864.16,68397.42,7808.0511
1730620800,68397.42,68603.58,67478.73,68090.9,8503.58323
1730649600,68090.91,69358.0,67667.21,68775.99,8684.0681
1730678400,68775.99,69500.0,68240.61,68618.0,6285.07699
1730707200,68618.0,69264.52,68202.99,68646.01,9564.57973
1730736000,68646.01,68814.32,66835.0,67850.01,13950.73515
1730764800,67850.01,68976.0,67476.63,68893.99,7158.988
1730793600,68894.0,70325.06,68615.11,69639.99,12378.96709
1730822400,69640.0,70577.91,68732.77,69372.01,13817.11379
1730851200,69372.01,75407.1,69298.0,73370.89,55496.094958
1730880000,73370.89,74757.58,72656.31,74298.0,27970.43786
1730908800,74297.99,76400.0,74150.0,75571.99,20660.461969
1730937600,75571.99,76022.79,74416.0,74757.58,12605.36722
1730966400,74757.58,76059.69,74512.19,76059.69,11366.37463
1730995200,76059.68,76849.99,75494.0,75857.89,20897.680495
1731024000,75857.89,76358.0,75555.0,76148.49,9417.93871
1731052800,76148.49,76584.6,75630.76,76427.72,12582.61069
1731081600,76427.72,77199.99,75822.07,76509.78,14520.550183
1731110400,76509.78,76795.69,76136.0,76529.08,5323.18028
1731139200,76529.07,76735.59,76272.72,76319.9,4532.98521
1731168000,76319.91,76900.0,75714.66,76677.46,7085.91366
1731196800,76677.46,79788.96,76492.0,78832.37,21799.190467
1731225600,78832.36,80080.0,78832.36,79694.03,16376.190902
1731254400,79694.03,81500.0,78473.13,80370.01,23654.719066
1731283200,80370.01,81846.71,80216.01,81109.1,13885.649982
1731312000,81109.11,84263.51,81023.29,84059.54,25604.687637
1731340800,84059.53,89530.54,83831.84,88647.99,42833.328157
1731369600,88648.0,89940.0,86561.35,88983.35,32860.358071
1731398400,88983.35,89372.0,85072.0,86632.0,40635.88458
1731427200,86632.0,89876.94,85730.35,87952.01,23803.64526
1731456000,87952.0,88562.94,86127.99,87356.0,19553.15052
1731484800,87356.01,92690.0,87082.42,92540.01,31127.245053
1731513600,92540.0,93265.64,87970.98,90375.2,36083.458554
1731542400,90375.21,90850.0,89104.54,90769.42,13551.45712
1731571200,90769.42,91790.0,87829.57,87947.99,23250.04912
1731600000,87947.99,89775.24,86668.21,87325.59,19928.00462
1731628800,87325.59,88473.7,87073.38,87612.0,12916.49795
1731657600,87612.01,90709.74,87368.0,88445.41,18544.28409
1731686400,88445.4,91850.0,88386.99,91032.07,16467.16864
1731715200,91032.08,91779.66,90850.0,91117.53,7278.22904
1731744000,91117.52,91598.13,90056.17,90521.2,9394.8995
1731772800,90521.2,91396.03,90186.64,90586.92,6044.74835
1731801600,90587.98,90888.0,89364.0,90550.8,7924.83961
1731830400,90550.8,91449.99,89925.91,90260.01,8095.90933
1731859200,90260.01,90640.18,88722.0,89855.99,7846.80715
1731888000,89855.98,92300.0,89617.96,91719.9,9630.89737
1731916800,91719.9,92594.0,89376.9,92309.51,19362.56962
1731945600,92309.51,92584.95,89667.66,90464.08,17551.56749
1731974400,90464.07,92000.0,90357.0,91620.01,7469.07081
1732003200,91620.0,92788.0,90975.8,92391.99,17554.57487
1732032000,92391.99,93905.51,91320.0,92310.79,18636.40114
1732060800,92310.8,92851.09,91500.0,92850.38,7573.40254
1732089600,92850.38,94807.62,92720.0,94739.97,18919.293312
1732118400,94739.98,94831.97,93138.0,94286.56,15710.50286
1732147200,94286.56,97852.0,94040.0,96912.01,22559.241324
1732176000,96912.01,98384.86,95600.0,96672.0,26899.02001
1732204800,96672.0,98988.0,96276.69,98317.12,19770.099143
1732233600,98317.12,99419.99,97840.0,99173.7,14165.340503
1732262400,99173.7,99267.19,97122.11,98664.0,17554.68354
1732291200,98663.99,99588.01,98220.0,98892.0,14469.2852
1732320000,98892.0,98908.85,98284.61,98560.85,7278.69468
1732348800,98560.84,98847.68,98300.0,98400.0,7315.44087
1732377600,98400.01,98459.56,97136.0,97672.4,10163.70812
1732406400,97672.4,98564.0,97620.74,98431.05,7572.93153
1732435200,98431.05,98472.98,95900.01,95901.51,12989.24093
1732464000,95901.52,98369.46,95734.77,97900.04,10638.80592
1732492800,97900.05,98376.99,96888.0,98047.34,9068.97901
1732521600,98047.34,98871.8,94525.0,96000.56,19541.2196
1732550400,96000.57,96500.0,92600.19,93010.01,22237.25235
1732579200,93010.01,94973.37,92727.9,93785.71,10967.68627
1732608000,93785.72,93785.72,91466.52,92813.0,26772.06603
1732636800,92812.99,94685.6,90791.1,91965.16,20118.97908
1732665600,91965.16,93648.0,91792.14,93597.16,10395.8523
1732694400,93597.16,95850.0,92847.84,95556.01,13862.61082
1732723200,95556.0,97208.21,95184.79,95863.11,16894.96422
1732752000,95863.11,96564.0,94822.54,95299.66,11290.70169
1732780800,95299.66,96221.8,94640.0,95007.14,10300.31392
1732809600,95007.15,96023.48,94698.0,95643.98,7223.52796
1732838400,95643.99,96859.0,95364.99,95625.05,6125.7595
1732867200,95625.05,98619.99,95616.0,98019.47,13022.0111
1732896000,98019.46,98440.0,96853.82,97460.0,8554.01171
1732924800,97460.0,97463.95,96309.85,96783.38,6449.96554
1732953600,96783.38,96968.78,96092.01,96645.41,4506.03926
1732982400,96645.42,97062.5,96320.99,96407.99,3547.82826
1733011200,96407.99,96672.49,95693.88,96472.97,4906.93633
1733040000,96472.97,97388.78,96424.99,97028.02,6063.44823
1733068800,97028.02,97836.0,96800.01,97185.18,5968.21996
1733097600,97185.17,98130.0,95749.97,95999.99,10771.4009
1733126400,95999.99,97214.77,94766.0,97048.0,14597.53553
1733155200,97048.01,97356.69,94395.0,95840.62,12589.73338
1733184000,95840.61,96305.52,95277.35,95550.0,7181.84698
1733212800,95550.0,96250.0,93578.17,95682.54,17599.5674
1733241600,95682.54,96169.99,94860.0,95849.69,11045.90845
1733270400,95849.69,96714.41,95224.17,96588.81,8395.74591
1733299200,96588.81,96950.0,95352.41,95742.81,11739.30129
1733328000,95742.8,99000.0,94587.83,98587.32,23715.49008
1733356800,98587.32,104088.0,97888.89,102236.1,44842.062702
1733385600,102236.1,103550.0,100925.97,101292.01,24255.6839
1733414400,101292.0,101999.0,90500.0,96945.63,40823.98306
1733443200,96945.63,98828.7,95981.72,98138.54,15102.95172
1733472000,98138.53,99483.81,97512.26,99309.99,14876.69337
1733500800,99310.0,101898.99,98762.6,99740.84,15069.88801
1733529600,99740.84,100428.0,98844.0,99405.2,6057.40133
1733558400,99405.2,99821.83,99036.01,99756.01,4699.37768
1733587200,99756.0,100439.18,99460.37,99831.99,4175.16689
1733616000,99831.99,100328.88,99336.0,99675.11,3278.57042
1733644800,99675.11,100500.0,98657.7,99912.01,5945.83918
1733673600,99912.01,101351.0,99480.0,101109.59,5388.58728
1733702400,101109.6,101215.93,98328.0,99576.51,10772.62618
1733731200,99576.51,100421.8,97508.58,97812.0,16320.53863
1733760000,97812.0,98398.0,94150.05,97276.47,26855.95114
1733788800,97276.48,98138.0,95565.41,97196.44,12819.20378
1733817600,97196.44,98270.0,95555.0,95658.79,15322.23666
1733846400,95658.79,97200.7,94256.54,96593.0,23567.24889
1733875200,96593.0,97790.36,95658.24,97334.6,8984.44472
1733904000,97334.59,100800.0,97316.78,100361.64,14561.33989
1733932800,100361.64,101888.0,99608.23,101125.0,14207.9983
1733961600,101125.0,101829.0,100331.61,100499.99,7602.30361
1733990400,100499.99,101861.6,100178.32,101797.14,10120.8138
1734019200,101797.14,102540.0,99311.64,100004.29,11508.97004
1734048000,100004.29,100356.85,99205.0,100130.0,5892.13041
1734076800,100130.01,101375.26,99700.0,99873.16,6655.1619
1734105600,99873.16,101895.26,99800.0,101424.25,9356.74692
1734134400,101424.24,102650.0,101148.35,101824.0,6457.82049
1734163200,101824.0,101863.64,100826.38,101625.12,3984.02233
1734192000,101625.12,101737.7,100609.41,101420.0,3749.86044
1734220800,101420.0,102850.0,101237.14,101732.09,5808.25648
1734249600,101732.09,103359.97,101581.07,102704.01,6718.79111
1734278400,102704.0,105250.0,102583.65,104463.99,9701.874185
1734307200,104463.99,106648.0,104259.48,104992.79,11887.120906
1734336000,104992.79,106499.99,103333.0,106332.01,13261.56947
1734364800,106332.0,107793.07,105480.02,106058.66,16153.712364
1734393600,106058.65,107143.29,105657.34,106805.75,6820.7035
1734422400,106805.75,108353.0,105725.99,106478.47,12562.128296
1734451200,106478.48,107633.0,105321.49,106133.74,9682.10467
1734480000,106133.74,106524.98,103137.82,104250.75,13041.57637
1734508800,104250.75,105350.0,103650.0,104428.54,10170.50831
1734537600,104428.54,104999.98,100000.0,100204.01,27095.91287
1734566400,100204.01,101727.28,98802.0,101656.57,14210.22543
1734595200,101656.57,102800.11,99500.0,100679.86,14571.67413
1734624000,100679.86,101200.0,95700.0,97461.86,26365.49844
1734652800,97461.86,98233.0,96000.0,97832.53,15583.42748
1734681600,97832.52,97864.91,92232.54,96991.62,35352.49891
1734710400,96991.63,97816.44,95393.84,97805.44,11948.20931
1734739200,97805.44,99540.61,97188.09,99040.0,8346.61871
1734768000,99040.0,99187.95,96398.39,97527.97,9364.22434
1734796800,97527.96,98057.51,96539.91,97291.99,5772.69838
1734825600,97292.0,97448.08,95890.28,96210.24,4829.94421
1734854400,96210.25,97351.57,95109.13,95377.72,6629.89554
1734883200,95377.71,96444.45,94250.35,95186.27,7893.99061
1734912000,95186.28,96509.98,93700.42,95404.01,9947.5772
1734940800,95404.01,96538.92,93107.52,93250.37,11337.8427
1734969600,93250.38,95509.09,92520.0,94881.47,11525.34713
1734998400,94881.47,94881.47,93569.02,94233.19,5135.31698
1735027200,94233.2,98300.0,93840.0,98300.0,8906.4654
1735056000,98299.99,99487.99,97250.0,98663.58,9632.4425
1735084800,98663.58,98878.44,97725.27,98084.33,3801.66432
1735113600,98084.33,99349.31,97632.02,98519.98,5869.72192
1735142400,98519.99,99569.15,98134.4,99429.6,4802.77886
1735171200,99429.61,99963.7,97711.17,97719.99,5877.96815
1735200000,97719.99,97772.13,95199.14,96042.88,10323.826
1735228800,96042.89,96621.95,95302.0,95791.6,4990.57312
1735257600,95791.6,96604.24,94646.03,95104.76,7535.77312
1735286400,95104.76,97544.58,94011.11,94573.75,11389.24193
1735315200,94573.75,94996.16,93500.01,94299.03,7576.24924
1735344000,94299.03,94800.0,94135.66,94381.99,2312.71008
1735372800,94381.98,95340.36,94312.67,94447.29,3076.82057
1735401600,94447.28,95733.99,94389.45,95300.0,2996.36225
1735430400,95300.0,95340.0,94808.0,95272.04,1929.0425
1735459200,95272.05,95315.5,94010.0,94511.12,3669.71708
1735488000,94511.11,94578.89,93009.52,93738.2,7977.2462
1735516800,93738.19,94274.29,93240.03,93731.65,5338.61265
1735545600,93731.66,94277.23,91530.45,92130.21,10979.86519
1735574400,92130.21,95024.5,91800.0,92792.05,11300.94466
1735603200,92792.05,93040.1,92033.73,92860.75,4584.03957
1735632000,92860.75,96250.0,92842.88,95412.0,9650.82074
1735660800,95412.0,95590.52,93189.59,93576.0,5377.17358
1735689600,93576.0,94509.42,93489.03,93684.1,2799.15966
1735718400,93684.11,94500.0,92888.0,94432.94,3945.19455
1735747200,94432.94,95151.15,93760.93,94591.79,3628.97192
1735776000,94591.78,96000.0,94392.0,95822.0,5668.89961
1735804800,95822.01,97440.91,95640.05,96455.01,9775.92864
1735833600,96455.01,97839.5,96040.04,96984.79,6525.66123
1735862400,96984.79,97342.44,96280.65,96304.0,2813.01551
1735891200,96304.0,97660.0,96100.01,97521.35,5871.75629
1735920000,97521.36,98976.91,97406.54,98174.18,6569.05756
1735948800,98174.17,98350.04,97800.0,98271.88,2621.69411
1735977600,98271.87,98306.22,97514.79,97657.94,3452.48737
1736006400,97657.95,98778.43,97549.99,98220.5,2915.87503
1736035200,98220.51,98522.76,98050.0,98268.77,1549.80027
1736064000,98268.77,98281.89,97276.79,98028.98,3238.69102
1736092800,98028.98,98836.85,97577.46,98363.61,3307.14594
1736121600,98363.61,99892.0,97920.0,99318.7,6141.85657
1736150400,99318.7,102468.92,98709.28,102147.95,10723.68202
1736179200,102147.95,102480.0,101250.0,102235.6,8397.89516
1736208000,102235.6,102724.38,101512.91,101664.81,3850.18337
1736236800,101664.81,101995.64,97153.5,97952.26,15886.90277
1736265600,97952.26,98347.81,96181.81,96954.61,12322.78923
1736294400,96954.6,97268.65,95250.76,95657.09,8512.1248
1736323200,95657.09,96132.47,94543.86,95493.77,11604.17594
1736352000,95493.77,95555.25,92500.9,95060.61,13588.3782
1736380800,95060.61,95382.32,93186.38,93221.59,8244.00522
1736409600,93221.59,94588.23,91800.0,94244.02,13682.73725
1736438400,94244.02,94685.25,91203.67,92552.49,12618.09438
1736467200,92552.49,95000.0,92431.73,94492.63,6530.32444
1736496000,94492.62,95293.4,92206.02,93730.92,14854.67634
1736524800,93730.93,95836.0,93177.4,94726.11,10097.86346
1736553600,94726.1,94746.37,93831.73,94246.36,2265.39337
1736582400,94246.36,94791.67,94031.22,94410.26,1901.471
1736611200,94410.26,95050.94,93984.55,94599.99,2881.03993
1736640000,94599.99,94699.0,94274.01,94323.85,1539.66215
1736668800,94323.85,95450.1,93711.19,95071.9,3670.4583
1736697600,95071.91,95314.12,93800.0,94545.06,3396.74577
1736726400,94545.07,95940.0,93281.0,93590.24,6138.39623
1736755200,93590.24,93661.55,89256.69,92123.75,25839.47154
1736784000,92123.75,94727.15,91250.0,94536.1,10641.69646
1736812800,94536.11,95464.71,94346.22,94864.0,5662.04398
1736841600,94863.99,97371.0,94860.11,96471.65,14890.15934
1736870400,96471.65,97088.57,95351.76,96560.86,7294.41421
1736899200,96560.85,97724.96,96500.0,97301.35,6349.8281
1736928000,97301.35,99799.98,96521.0,98992.42,14241.65465
1736956800,98992.42,100681.94,98602.05,100497.35,9918.50904
1736985600,100497.35,100866.66,99170.0,99799.99,6736.61187
1737014400,99800.0,99820.0,97335.13,99296.17,12177.42606
1737043200,99296.17,100641.99,99079.05,99987.3,8918.81524
1737072000,99987.3,102148.13,99950.77,101440.5,10090.02944
1737100800,101440.51,104254.19,101439.77,104000.0,14678.85825
1737129600,104000.0,105865.22,103841.18,104077.48,14402.96523
1737158400,104077.47,104656.87,102602.48,102821.75,8455.95698
1737187200,102821.75,104988.88,102277.55,104568.96,9116.29349
1737216000,104568.96,104750.0,103156.02,104556.23,6735.57951
1737244800,104556.23,105634.78,104013.51,105167.12,8056.84754
1737273600,105167.11,105706.48,103450.69,104936.35,13921.98889
1737302400,104936.35,106422.43,99651.6,101331.57,21418.44655
1737331200,101331.57,109588.0,99550.0,107120.65,35143.847902
1737360000,107120.65,109193.23,104480.0,104957.99,22722.14098
1737388800,104957.99,107050.0,100333.0,102260.01,31663.24285
1737417600,102260.0,103260.1,100119.04,101989.05,15533.85157
1737446400,101989.06,105320.0,101740.82,103943.0,16134.91139
1737475200,103942.99,107240.81,103822.02,106143.82,14272.25706
1737504000,106143.82,106394.46,105043.88,105084.77,5913.85108
1737532800,105084.77,105584.23,103662.58,104180.01,9015.86328
1737561600,104180.01,104830.12,103339.12,103706.66,7318.97818
1737590400,103706.66,103819.99,101575.5,102710.27,8882.46217
1737619200,102710.28,106050.86,101262.28,105263.52,20454.98986
1737648000,105263.52,106850.0,102195.7,103910.34,24615.66828
1737676800,103910.35,105355.0,102750.0,105046.8,6927.7306
1737705600,105046.79,106321.66,104669.17,105859.98,7902.70923
1737734400,105859.99,107120.0,104456.89,104870.5,8778.80034
1737763200,104870.51,105280.82,104216.81,104385.98,3437.06291
1737792000,104385.99,105111.11,104106.09,104897.79,2718.71352
1737820800,104897.79,105286.52,104449.75,104746.85,2912.54734
1737849600,104746.86,105500.0,104503.7,104998.35,2544.55451
1737878400,104998.36,105221.36,104444.01,104967.01,2477.52485
1737907200,104967.02,105260.36,102520.44,102620.0,4790.43302
1737936000,102620.01,103260.0,97777.77,99048.02,21005.52138
1737964800,99048.01,102317.94,98263.49,101112.03,18136.46379
1737993600,101112.03,102405.0,98864.0,102082.83,11616.14893
1738022400,102082.83,103371.24,101334.55,102789.72,6324.69383
1738051200,102789.72,103800.0,101815.26,102777.99,7158.05314
1738080000,102777.99,103108.0,100272.68,101335.52,8539.31068
1738108800,101335.52,102853.53,101328.01,102755.82,3460.58979
1738137600,102755.81,103000.0,101582.37,101980.78,6592.37654
1738166400,101980.78,104782.68,101400.01,103733.24,13102.39169
1738195200,103733.25,105595.81,103278.54,105132.07,6671.98811
1738224000,105132.07,106457.44,104660.0,105564.0,7277.02731
1738252800,105563.99,106013.01,104693.82,104722.94,5425.0593
1738281600,104722.94,105029.72,103930.09,104188.56,4379.48654
1738310400,104188.57,106012.0,103936.54,105464.01,6822.46242
1738339200,105464.0,105574.4,101560.0,102429.56,10781.23297
1738368000,102429.56,102783.71,102118.56,102166.49,2862.56086
1738396800,102166.49,102329.01,101412.0,102073.89,3733.82023
1738425600,102073.89,102297.99,100279.51,100635.65,5694.57638
1738454400,100635.66,101456.6,99031.19,99643.3,8044.12976
1738483200,99643.3,100100.0,98157.0,99346.87,9372.60922
1738512000,99346.87,99361.97,96150.0,97700.59,17202.76041
1738540800,97700.59,97782.79,91231.0,95333.01,37512.8091
1738569600,95333.01,99500.0,94131.14,98842.0,20441.18678
1738598400,98842.0,102500.01,98038.58,101328.52,17210.74262
1738627200,101328.51,101732.31,98229.82,98448.02,11323.00808
1738656000,98448.01,100415.0,97860.0,99347.19,12961.60116
1738684800,99347.18,100777.93,96150.0,97763.13,15983.37773
1738713600,97763.14,98930.44,97131.43,97864.43,7272.88598
1738742400,97864.43,99149.0,97257.05,98116.24,8320.6018
1738771200,98116.24,98277.02,96155.0,96612.43,10639.81666
1738800000,96612.44,98436.61,96430.78,98195.61,4627.61257
1738828800,98195.6,99120.0,96930.17,97333.09,8931.00584
1738857600,97333.09,97547.71,95676.64,96554.35,9956.58564
1738886400,96554.35,97883.12,96409.65,96757.05,5630.17548
1738915200,96757.04,100137.99,96613.24,98283.98,14617.89787
1738944000,98283.98,98563.55,95620.34,96506.8,11546.1473
1738972800,96506.8,96880.0,95785.09,96209.92,3795.86727
1739001600,96209.92,96517.52,95688.0,95843.74,3663.54961
1739030400,95843.74,96750.0,95749.88,96444.74,2687.82606
1739059200,96444.75,97323.09,96360.14,97057.83,3194.55866
1739088000,97057.83,97294.46,95700.0,96488.15,5026.64533
1739116800,96488.14,96760.0,94713.0,96462.75,5899.71214
1739145600,96462.75,97640.02,95256.0,97429.83,8158.1454
1739174400,97429.83,98345.0,96866.66,97218.69,8056.8101
1739203200,97218.68,97643.29,96866.39,97430.82,4357.91987
1739232000,97430.82,98478.42,97416.62,98268.97,4611.6031
1739260800,98268.98,98330.0,96595.33,97007.53,5948.80271
1739289600,97007.54,97045.53,94876.88,95778.2,8087.35798
1739318400,95778.21,96263.99,95100.0,96069.58,4347.12685
1739347200,96069.58,96631.66,94088.23,95816.18,14101.99778
1739376000,95816.18,98119.99,95120.3,97869.99,10702.04162
1739404800,97870.0,98083.91,95800.0,96070.23,5511.2753
1739433600,96070.23,96480.06,95336.0,95998.0,8583.25197
1739462400,95998.0,96774.71,95217.36,96608.14,5827.24889
1739491200,96608.13,97248.6,96356.41,96944.09,3588.32773
1739520000,96944.09,97568.28,96252.82,96924.39,5757.75295
1739548800,96924.57,98826.0,96494.17,97500.48,8826.94578
1739577600,97500.47,97972.26,97223.58,97346.26,2535.86211
1739606400,97346.27,97962.51,97301.77,97633.22,2883.53655
1739635200,97633.21,97741.35,97304.38,97569.66,1929.97817
1739664000,97569.67,97704.47,97212.0,97248.98,1681.81196
1739692800,97248.98,97388.89,96645.35,96911.01,3070.04391
1739721600,96911.01,97282.38,96046.18,96118.12,3439.56903
1739750400,96118.12,96638.05,95800.0,96068.22,4592.55357
1739779200,96068.21,97046.59,95564.0,95659.46,6717.18441
1739808000,95659.45,96413.43,95205.0,95780.0,5182.30712
1739836800,95780.01,96322.97,95254.12,95456.93,4778.82916
1739865600,95456.92,96753.91,95050.0,95546.48,6957.22581
1739894400,95546.49,95685.0,93388.09,95671.74,11632.13974
1739923200,95671.74,95961.54,95029.99,95687.71,5599.81774
1739952000,95687.71,96700.0,95536.36,95943.74,5962.04866
1739980800,95943.74,96899.99,95407.41,96644.37,4876.64314
1740009600,96644.37,97362.83,96415.09,96867.92,5064.42645
1740038400,96867.92,98062.15,96799.42,96903.77,5990.95001
1740067200,96903.76,98711.36,96888.0,98305.0,6002.01531
1740096000,98305.01,98610.17,98084.06,98179.76,4360.12128
1740124800,98179.77,99475.0,97177.31,98104.04,12390.51952
1740153600,98104.04,98757.0,94871.95,96181.98,15498.6406
1740182400,96181.99,96578.99,95770.49,96288.09,3642.88639
1740211200,96288.09,96980.0,96151.0,96592.0,4350.48946
1740240000,96592.01,96823.53,96345.49,96551.01,3274.80123
1740268800,96551.01,96650.0,96143.99,96508.85,2572.16061
1740297600,96508.85,96508.86,95414.25,95436.18,3976.2
1740326400,95436.19,96332.44,95227.94,96258.0,4336.48852
1740355200,96258.0,96500.0,95078.01,95872.02,5719.05011
1740384000,95872.02,96177.18,93817.06,94323.95,10857.68935
1740412800,94323.95,95194.59,91349.26,91552.88,14973.36353
1740441600,91552.88,92540.69,88200.0,89320.01,23487.01734
1740470400,89320.01,90000.0,86050.99,87231.26,35742.41913
1740499200,87231.63,89460.17,86157.69,88680.4,19103.67464
1740528000,88680.39,89414.15,88148.48,88720.02,7348.8479
1740556800,88720.01,89314.45,85418.72,87567.53,17401.88859
1740585600,87567.53,87806.62,82256.01,84250.09,32142.8076
1740614400,84250.09,86737.0,84026.96,86272.01,12395.04247
1740643200,86272.01,87078.46,84640.75,85500.84,16485.37902
1740672000,85500.84,85691.51,82716.49,84708.58,13625.0329
1740700800,84708.57,84892.85,78820.06,79204.59,42102.0817
1740729600,79204.6,84425.89,78258.52,84005.05,27578.90628
1740758400,84005.05,85120.0,83196.71,84349.94,13967.05171
1740787200,84349.95,86558.0,83824.78,84740.15,12276.18953
1740816000,84740.16,85508.79,84334.39,84800.0,8394.45844
1740844800,84800.01,86262.74,84700.0,86064.53,5114.40667
1740873600,86064.54,86589.97,85531.87,86232.42,4619.98138
1740902400,86232.42,88673.09,85050.6,87427.99,12024.11938
1740931200,87428.0,95000.0,87278.51,94270.0,38244.98969
1740960000,94269.99,94416.46,91181.0,92363.58,12475.28337
1740988800,92363.58,93721.37,89117.0,90035.37,20862.50471
1741017600,90035.38,91000.0,85117.11,86220.61,25833.3141
1741046400,86221.16,86807.98,82464.84,83186.4,18223.60497
1741075200,83186.4,84977.65,81500.0,82985.06,18734.49673
1741104000,82985.05,88967.52,82013.11,87281.98,18651.00536
1741132800,87281.98,87888.88,86334.53,87619.49,8653.62383
1741161600,87619.49,90933.82,87600.0,88344.25,18975.57061
1741190400,88344.25,91000.0,87600.0,90606.01,10634.81719
1741219200,90606.0,92810.64,89986.73,91346.48,9831.19621
1741248000,91346.49,91667.5,89117.68,90820.69,12328.91742
1741276800,90820.69,91066.44,87836.0,89931.89,12182.33539
1741305600,89931.88,91283.02,84667.03,88365.18,22644.06995
1741334400,88365.19,91100.0,87985.3,88457.99,15702.23423
1741363200,88457.99,89023.41,85573.07,86801.75,19634.05295
1741392000,86801.74,86897.25,85218.47,86197.14,5401.36812
1741420800,86197.14,86627.51,85762.72,86400.0,4222.49655
1741449600,86400.0,86500.0,85661.76,86222.45,3365.36587
1741478400,86222.46,86500.0,85809.48,86004.61,2598.80457
1741507200,86004.61,86098.0,82711.5,83080.41,9707.67931
1741536000,83080.4,83758.22,80000.0,80734.37,13808.90957
1741564800,80734.48,82797.95,80037.62,82318.77,9492.99472
1741593600,82318.78,84123.46,79177.03,80043.85,19553.64115
1741622400,80043.84,80250.0,77459.91,78595.86,18586.74818
1741651200,78595.86,80614.89,76606.0,80424.95,15689.60272
1741680000,80424.94,82225.21,79058.0,81232.24,22232.01201
1741708800,81232.23,83617.4,80609.96,82932.99,10848.4538
1741737600,82932.99,83783.26,81296.0,82447.79,8777.43904
1741766400,82447.78,84539.85,80607.65,81738.97,16688.22751
1741795200,81738.97,83887.26,81626.64,83680.12,6468.31945
1741824000,83680.12,84336.33,82851.0,83151.99,6851.88257
1741852800,83152.0,83900.0,80954.29,81044.72,10830.67015
1741881600,81044.72,81484.23,79939.9,81115.78,9863.7214
1741910400,81115.78,82454.5,80818.84,82170.85,4768.20382
1741939200,82170.84,85309.71,82170.84,84724.58,14757.31092
1741968000,84724.58,84950.0,83717.69,83983.2,7333.01281
1741996800,83983.19,84676.28,83791.09,83827.31,3588.59552
1742025600,83827.32,84499.74,83618.0,84346.02,5347.59633
1742054400,84346.03,84498.72,84076.92,84338.44,2388.54135
1742083200,84338.44,84418.0,83733.86,84273.96,2178.7026
1742112000,84273.95,84335.43,82381.46,83320.83,6765.09934
1742140800,83320.83,85117.04,81981.12,82574.53,8652.32337
1742169600,82574.52,83869.77,82523.0,83567.87,4576.99022
1742198400,83567.88,84000.0,82456.0,83531.06,7377.33596
1742227200,83531.07,84756.83,83103.6,84010.03,5260.4174
1742256000,84010.02,84021.74,82244.68,83163.81,6018.98397
1742284800,83163.81,83452.3,81134.66,81610.21,7102.48604
1742313600,81610.22,82810.95,81245.65,82715.03,4489.42882
1742342400,82715.03,83364.16,82547.16,83190.0,4640.47164
1742371200,83190.0,84888.0,83178.74,84733.05,9389.5115
1742400000,84733.05,87000.0,83578.32,86845.94,14121.0706
1742428800,86845.93,87453.67,85430.38,85816.39,6695.79854
1742457600,85816.39,86532.04,84565.16,84691.76,8987.05606
1742486400,84691.27,84908.0,83655.23,84223.39,6407.45003
1742515200,84223.38,84850.33,83700.47,83937.98,3559.71748
1742544000,83937.99,84358.51,83175.25,83565.48,4960.274
1742572800,83565.47,84584.0,83379.0,84088.79,3436.98295
1742601600,84088.79,84429.09,83989.58,84274.72,1761.93836
1742630400,84274.71,84539.17,83975.42,84109.09,1889.12808
1742659200,84109.08,84320.0,83625.1,83840.59,1769.1547
1742688000,83840.59,84328.24,83809.75,84279.82,1272.27974
1742716800,84279.82,85254.17,84263.05,85189.41,3603.69465
1742745600,85189.41,86129.64,84800.0,86082.5,3586.00374
1742774400,86082.5,87300.0,85519.09,86874.52,7748.91072
1742803200,86874.52,88765.43,86838.76,88350.01,12079.77973
1742832000,88350.01,88536.0,87050.6,87498.16,10286.93066
1742860800,87498.16,87679.25,86310.0,86436.82,5893.69785
1742889600,86436.82,88258.8,86406.49,87774.37,8310.62369
1742918400,87774.37,88539.63,87132.65,87392.87,8438.93094
1742947200,87392.88,88275.0,87030.56,88140.45,5230.93522
1742976000,88140.45,88259.81,86434.36,86752.52,8051.83529
1743004800,86752.52,87404.34,85860.0,86909.17,5126.01434
1743033600,86909.17,87756.39,86796.26,87399.99,3666.28212
1743062400,87399.99,87597.6,85800.0,86974.07,9736.54222
1743091200,86974.07,87728.27,86796.0,87232.01,3695.21463
1743120000,87232.01,87515.67,85162.48,85212.99,7582.81673
1743148800,85212.98,85609.74,83953.86,84051.16,13333.39809
1743177600,84051.15,84538.69,83585.0,84424.38,6266.51687
1743206400,84424.38,84624.73,83662.86,83731.82,2629.53543
1743235200,83731.83,83947.42,82007.0,82414.23,5599.64916
1743264000,82414.22,82787.29,81644.81,82648.54,3467.21405
1743292800,82648.53,83503.53,82500.0,83076.59,2844.08042
1743321600,83076.58,83534.64,82543.83,82729.57,3360.55755
1743350400,82729.57,82908.11,81565.0,82389.99,3659.85711
1743379200,82390.0,82444.89,81278.52,81933.51,5565.3087
1743408000,81933.51,83943.08,81290.88,83418.78,10380.85914
1743436800,83418.78,83694.29,82265.1,82550.01,4622.97101
1743465600,82550.0,83597.07,82432.74,83445.5,3838.05429
1743494400,83445.5,85499.55,82544.0,85280.87,10901.03416
1743523200,85280.88,85579.46,84720.0,85158.34,5451.30852
1743552000,85158.35,85255.95,83904.72,84426.33,4681.55617
1743580800,84426.32,87333.0,84262.73,86757.67,13685.04009
1743609600,86757.67,88500.0,82320.0,82516.29,21564.86074
1743638400,82516.28,83998.02,82175.98,83456.75,8075.75082
1743667200,83456.76,83788.23,81211.24,82039.31,12031.85866
1743696000,82039.32,83332.2,81540.0,83213.09,7230.23187
1743724800,83213.09,84000.0,82577.63,83992.85,6133.56469
1743753600,83992.85,84720.0,81659.0,82860.0,19775.14012
1743782400,82860.0,84620.01,82736.0,83889.87,7006.83495
1743811200,83889.87,84266.0,83297.66,83525.34,2986.7028
1743840000,83525.33,83894.7,82379.95,82618.26,3810.26291
1743868800,82618.25,83688.0,82607.05,83537.99,2563.43897
1743897600,83537.99,83817.63,83024.96,83024.96,2214.65568
1743926400,83024.97,83172.0,82217.83,82548.36,3738.98032
1743955200,82548.36,82554.15,77153.83,78430.0,21989.07836
1743984000,78430.0,79347.46,74508.0,75126.01,27258.71551
1744012800,75126.01,81243.58,75085.74,78479.9,37753.50464
1744041600,78479.91,80218.88,77313.2,79163.24,13375.31074
1744070400,79163.24,80867.99,78772.14,79496.0,8244.09002
1744099200,79496.01,80375.0,78175.14,78497.99,13115.45476
1744128000,78498.0,78522.72,76239.9,76322.42,13957.77585
1744156800,76322.42,77979.3,74620.0,77694.12,18919.95697
1744185600,77694.12,78318.46,75756.86,77258.0,17734.03098
1744214400,77258.01,83588.0,77136.0,82615.22,38834.29977
1744243200,82615.22,82753.21,81292.99,81595.81,9057.51849
1744272000,81595.81,82466.35,78606.06,78757.0,15295.2602
1744300800,78757.24,80058.96,78464.36,79607.3,8932.02849
1744329600,79607.3,81440.73,78969.58,81266.76,8355.42879
1744358400,81266.76,83333.0,80782.43,82521.74,16253.48864
1744387200,82521.74,84300.0,82015.08,83423.84,9826.52054
1744416000,83423.83,83830.62,82792.95,83724.92,4316.8226
1744444800,83724.92,85402.9,83305.91,85008.4,9528.2047
1744473600,85008.4,85905.0,84421.95,85276.9,4625.71707
1744502400,85276.91,86100.0,84399.42,84413.1,11421.09354
1744531200,84413.1,84949.86,83480.67,83849.66,5862.14782
1744560000,83849.66,84990.22,83034.23,83760.0,7396.80045
1744588800,83760.0,85544.3,83678.0,84580.76,12771.60848
1744617600,84580.77,85799.99,83709.25,84101.16,9584.61445
1744646400,84101.16,85208.1,83863.63,84591.58,6302.87055
1744675200,84591.58,85879.1,84347.97,85716.77,5938.01744
1744704000,85716.77,86496.42,84623.73,84918.14,9831.42021
1744732800,84918.15,85146.55,83600.0,83643.99,5141.55763
1744761600,83643.99,83960.0,83111.64,83363.17,5535.12356
1744790400,83363.17,85270.27,83140.89,84846.58,7419.87191
1744819200,84846.58,85500.0,83275.0,84030.38,7912.24972
1744848000,84030.38,85053.38,83814.48,84669.98,3459.16332
1744876800,84669.98,84862.93,83736.26,84531.71,5055.02578
1744905600,84531.72,85470.01,84393.59,84947.91,5214.65862
1744934400,84947.92,85132.08,84413.23,84654.68,2771.20733
1744963200,84654.68,84769.95,84338.0,84374.59,2401.39076
1744992000,84374.6,84684.49,84303.96,84474.69,1357.36506
1745020800,84474.7,85300.0,84364.45,85217.39,3365.15766
1745049600,85217.38,85677.99,85070.0,85191.19,3962.82606
1745078400,85191.18,85367.93,84694.49,85077.01,2338.59781
1745107200,85077.0,85320.76,84678.18,84784.01,2050.23966
1745136000,84784.01,84785.0,83949.52,84344.66,3606.42096
1745164800,84344.65,85298.0,84272.74,85179.24,2435.01663
1745193600,85179.24,87738.0,85144.76,87434.78,12393.07502
1745222400,87434.79,88465.99,86644.29,88044.8,11634.39185
1745251200,88044.81,88270.88,86389.78,87516.23,7745.90575
1745280000,87516.22,88877.0,87076.03,88476.83,8669.84824
1745308800,88476.82,91439.46,88241.33,90934.61,18012.01649
1745337600,90934.61,93888.0,90624.03,93442.99,17190.88232
1745366400,93442.99,94264.0,92580.18,94133.82,8968.47924
1745395200,94133.82,94696.05,91935.41,93195.28,12854.5803
1745424000,93195.28,94219.93,92913.04,93691.08,5581.10854
1745452800,93691.07,93787.65,92101.63,92203.55,6197.98137
1745481600,92203.54,93450.0,91660.01,93202.51,8387.82431
1745510400,93202.52,94005.0,92666.62,93980.47,4911.25503
1745539200,93980.47,94444.0,92855.96,93772.26,7956.00914
1745568000,93772.27,95758.04,93539.82,95061.22,14370.98905
1745596800,95061.21,95554.99,94370.35,94638.68,5173.66829
1745625600,94638.68,95199.0,94380.72,94570.31,3952.76007
1745654400,94570.31,94733.54,93870.69,94373.24,3386.31759
1745683200,94373.24,94888.0,94041.0,94628.0,2075.99109
1745712000,94628.0,95369.0,93655.0,94065.98,5784.59406
1745740800,94065.99,94331.85,93602.58,93901.08,2775.67109
1745769600,93901.09,94545.45,93641.7,93749.3,2602.57585
1745798400,93749.29,94800.0,92800.01,94692.49,7002.70983
1745827200,94692.49,95630.0,93583.9,93833.51,11282.67177
1745856000,93833.5,95180.0,93444.0,95011.18,3872.15191
1745884800,95011.18,95461.53,94200.0,94917.61,5452.33049
1745913600,94917.61,95300.0,94531.85,94843.1,5243.15661
1745942400,94843.1,95459.99,93742.54,94256.82,6259.8531
1745971200,94256.82,95180.0,94136.48,94620.99,3612.61404
1746000000,94620.99,95228.45,92910.0,94004.63,9918.40757
1746028800,94004.63,94784.1,93528.71,94172.0,4130.25349
1746057600,94172.0,95180.0,94130.43,95025.84,4757.78665
1746086400,95025.84,97424.02,94913.04,96854.3,11636.57803
1746115200,96854.31,97367.26,96184.19,96489.91,4986.08875
1746144000,96489.9,97309.78,96350.0,96350.0,4567.07174
1746172800,96350.01,97895.68,96350.0,97330.19,6907.45253
1746201600,97330.19,97783.02,96561.57,96887.14,3431.22384
1746230400,96887.13,96935.67,96132.67,96322.68,3567.5989
1746259200,96322.68,96509.44,95852.29,96418.68,4070.40135
1746288000,96418.68,96441.49,95753.01,95856.42,2085.34813
1746316800,95856.42,96304.48,95588.0,95879.99,3303.35461
1746345600,95879.99,95923.54,95209.07,95467.6,4128.91099
1746374400,95467.6,95758.08,94151.38,94277.62,3604.11782
1746403200,94277.61,94825.46,93514.1,94761.91,6475.88399
1746432000,94761.91,94798.01,93613.66,93770.31,6725.82234
1746460800,93770.32,95199.0,93759.63,94733.68,4049.47556
1746489600,94733.68,94926.99,94012.78,94400.99,2896.96028
1746518400,94400.98,94733.38,93377.0,94558.95,6589.22122
1746547200,94558.94,96920.65,94216.0,96834.02,6636.46363
1746576000,96834.02,97732.0,96208.1,96994.82,7351.36875
1746604800,96994.82,97478.27,96713.14,96923.91,4090.3424
1746633600,96923.91,97390.0,95784.61,97030.5,5203.12739
1746662400,97030.5,99419.0,96876.29,99252.34,10539.33568
1746691200,99252.34,101525.03,99090.66,100758.08,11666.10654
1746720000,100758.08,104145.76,100596.0,103261.6,12756.58625
1746748800,103261.61,104361.3,102364.0,103628.77,9705.35287
1746777600,103628.76,103930.0,102411.99,102895.99,14244.31151
1746806400,102895.99,103408.0,102315.14,102971.99,3667.73469
1746835200,102971.99,104100.0,102818.76,103759.71,4261.61936
1746864000,103759.71,104079.37,103100.0,103138.77,4809.81031
1746892800,103138.76,104984.57,103005.33,104809.53,6253.35644
1746921600,104809.53,104972.0,103345.06,103385.47,6808.34153
1746950400,103385.46,104888.0,103380.95,104150.0,6973.168
1746979200,104150.0,104832.82,103569.77,104118.0,4205.61244
1747008000,104118.0,105819.45,103702.15,104467.99,11002.91567
1747036800,104467.99,104736.45,102388.0,102527.26,12077.84693
1747065600,102527.27,103127.92,100718.37,102791.32,8192.01532
1747094400,102791.32,102943.28,101429.7,102665.5,6899.23373
1747123200,102665.5,103966.0,102540.18,103682.55,7248.84869
1747152000,103682.54,104976.25,103532.18,104103.72,7105.34167
1747180800,104103.72,104115.86,103381.02,103716.55,5112.97236
1747209600,103716.55,104356.95,102833.55,103514.24,8737.80747
1747238400,103514.24,103720.44,102602.05,103507.82,2602.12827
1747267200,103507.83,103866.51,101724.17,101779.99,4151.4595
1747296000,101779.99,103291.99,101383.07,103251.35,6924.65656
1747324800,103251.36,104192.7,102552.35,103763.71,6922.86998
1747353600,103763.71,104466.01,103467.91,103710.17,5633.10993
1747382400,103710.17,104286.0,103100.49,104183.33,6622.35837
1747411200,104183.32,104550.33,103397.5,103463.9,3428.41194
1747440000,103463.9,103709.86,102612.5,103451.14,4177.76651
1747468800,103451.13,103568.58,102640.02,102939.53,3992.96889
1747497600,102939.52,103477.87,102761.9,103126.65,3080.16082
1747526400,103126.65,103988.0,103105.09,103919.39,2328.64593
1747555200,103919.39,105680.0,103701.4,105518.0,6556.66005
1747584000,105518.0,106660.0,103285.71,106454.26,12714.68128
1747612800,106454.27,107108.62,102000.0,103226.29,13729.45178
1747641600,103226.29,104968.75,102126.16,104786.41,8755.17019
1747670400,104786.42,105829.99,104491.53,105573.74,7775.41327
1747699200,105573.73,106853.27,104928.44,105021.71,8786.10661
1747728000,105021.7,105416.66,104184.72,105333.68,6126.24436
1747756800,105333.67,107320.0,105090.9,106849.99,8793.13178
1747785600,106850.0,107985.05,106186.79,106527.16,8375.27848
1747814400,106527.17,109458.0,106100.01,108973.35,14687.62421
1747843200,108973.34,110797.38,106117.67,109643.99,22468.137655
1747872000,109643.99,111880.0,109177.37,111045.45,16121.13506
1747900800,111045.45,111626.43,110272.72,111290.86,10100.44806
1747929600,111290.85,111980.0,110763.27,111696.21,5409.19001
1747958400,111696.22,111800.0,110407.89,110715.42,6060.80982
1747987200,110715.41,111381.61,107316.0,108940.0,17367.44442
1748016000,108940.0,109809.53,106800.0,107318.3,8309.46885
1748044800,107318.3,108582.33,106875.41,107587.75,4303.59439
1748073600,107587.75,109506.03,107587.74,108929.7,8083.22421
1748102400,108929.71,109200.0,107500.0,107761.91,4395.71269
1748131200,107761.9,108288.69,107206.0,107681.81,3789.59246
1748160000,107681.82,107743.34,106600.64,106967.97,8492.50471
1748188800,106967.97,109299.99,106640.52,109004.19,5427.94978
1748217600,109004.2,110228.11,108670.58,110094.62,5563.2055
1748246400,110094.62,110420.74,109494.74,110009.82,4767.49675
1748275200,110009.83,110422.22,108858.28,109434.79,4318.41368
1748304000,109434.78,109666.0,107516.57,109547.16,8044.4668
1748332800,109540.0,110718.0,108670.29,110140.11,8664.34561
1748361600,110140.11,110499.64,108600.0,108938.17,4567.84394
1748390400,108938.17,109284.7,108400.0,108816.44,3395.37336
1748419200,108816.44,109130.44,107045.45,107107.31,7642.28723
1748448000,107107.31,108043.95,106769.43,107781.78,4596.1277
1748476800,107781.78,108484.61,106948.01,107880.72,5299.13013
1748505600,107880.73,108891.91,106474.0,107019.89,7696.18435
1748534400,107019.9,107168.23,105322.86,105589.75,6839.38668
1748563200,105589.75,106313.12,104600.5,105028.02,8578.10477
1748592000,105028.03,106000.0,104606.01,105543.0,7639.93914
1748620800,105543.0,105560.98,103621.0,103985.48,7488.45408
1748649600,103985.47,104292.69,103068.55,103747.02,4671.09723
1748678400,103747.03,104846.15,103285.71,104556.08,4324.34456
1748707200,104556.08,104900.0,104261.39,104591.88,2293.91743
1748736000,104591.88,104729.99,103924.52,104275.95,2267.78002
1748764800,104275.95,104809.53,103752.49,104715.1,3384.55476
1748793600,104715.1,105866.91,104319.79,105642.93,4057.36528
1748822400,105642.93,105735.42,104571.42,105387.67,3212.20297
1748851200,105387.67,105935.63,103659.88,104438.79,6591.45487
1748880000,104438.79,105931.44,104030.01,105857.99,3650.33029
1748908800,105858.0,106500.0,105116.2,105170.75,4179.13734
1748937600,105170.76,106794.67,104872.5,106610.66,5525.58442
1748966400,106610.66,106666.67,105266.02,105376.89,3554.80458
1748995200,105376.9,105839.63,105132.27,105320.75,3711.88207
1749024000,105320.75,106000.0,104179.0,105298.27,7747.24313
1749052800,105298.26,105483.14,104407.16,104696.86,2575.76962
1749081600,104696.86,105240.84,104380.0,104518.05,2720.23885
1749110400,104518.05,105909.71,103900.0,104531.49,6129.54062
1749139200,104531.5,104598.87,100372.26,101508.68,13471.72207
1749168000,101508.69,103468.66,101095.8,103150.44,5031.06456
1749196800,103150.44,105333.0,103150.43,105092.28,6878.59875
1749225600,105092.28,105284.0,104013.21,104288.44,3929.41054
1749254400,104288.43,105319.13,103871.09,104867.04,2709.22889
1749283200,104867.03,105800.0,104689.81,105558.11,3378.08329
1749312000,105558.11,105900.0,105279.06,105552.15,2257.61988
1749340800,105552.15,105786.33,105394.03,105426.45,1707.74544
1749369600,105426.46,106160.19,104964.14,105984.52,3872.99453
1749398400,105984.53,106488.14,105545.71,105734.0,2467.32308
1749427200,105734.01,105966.33,105318.37,105560.71,3265.38956
1749456000,105560.71,108020.0,105473.57,107635.91,7969.37511
1749484800,107635.91,110530.17,107635.91,110263.02,8740.60984
1749513600,110263.02,110311.82,109095.67,109205.14,4673.69362
1749542400,109205.14,109900.81,108331.03,109015.42,7591.91238
1749571200,109015.41,110400.0,108518.86,110274.39,4806.22239
1749600000,110274.39,110274.4,109373.67,109446.74,2394.08746
1749628800,109446.74,110392.01,109008.82,109735.7,6033.02285
1749657600,109735.7,109815.84,108064.0,108645.12,4688.80607
1749686400,108645.13,108813.55,107320.0,107633.53,6094.5154
1749715200,107633.53,107835.83,106600.0,107020.95,5067.71376
1749744000,107020.96,108450.16,105671.72,105671.73,6616.44302
1749772800,105671.74,105694.0,102664.31,104895.0,14890.39086
1749801600,104895.01,105747.47,104118.0,105436.87,7047.81722
1749830400,105436.87,106179.53,104668.73,106066.59,4242.60926
1749859200,106066.59,106252.0,104792.98,105076.59,4020.1683
1749888000,105076.59,105132.36,104615.38,104841.3,1831.90838
1749916800,104841.29,105480.0,104300.0,105414.64,2946.86301
1749945600,105414.63,106128.57,105200.0,105428.0,2140.94709
1749974400,105428.0,105838.24,104867.64,105564.0,2302.55417
1750003200,105563.99,105777.09,104494.53,105594.01,2720.69921
1750032000,105594.02,107262.31,104980.37,107061.8,4458.24969
1750060800,107061.8,107784.26,106495.09,107424.96,4687.28351
1750089600,107424.96,108952.38,106700.0,106794.53,5777.1322
1750118400,106794.53,107771.34,106115.35,106758.52,4722.9067
1750147200,106758.52,106822.78,104130.95,104241.63,6716.80927
1750176000,104241.62,105336.82,103371.02,104551.17,6426.61428
1750204800,104551.17,105550.27,104379.52,104973.24,3105.31163
1750233600,104973.24,105325.83,103814.04,104801.01,5924.9341
1750262400,104801.01,105139.87,103500.0,104886.78,4938.39594
1750291200,104886.79,105226.17,104457.12,104642.85,2611.36266
1750320000,104642.85,105073.53,104078.0,104096.93,2545.08413
1750348800,104096.94,104898.31,103929.27,104658.59,2522.16058
1750377600,104658.59,105825.66,104238.02,105811.74,2904.52752
1750406400,105811.74,106524.65,103888.0,104217.99,6531.65595
1750435200,104218.0,104269.64,102345.0,103297.99,6982.87936
1750464000,103297.98,103691.67,103127.48,103458.5,1437.34529
1750492800,103458.5,103982.64,103281.82,103560.9,2637.83641
1750521600,103560.9,103640.0,100837.9,102120.01,7079.03162
1750550400,102120.02,103399.62,101839.96,102424.61,5821.63991
1750579200,102424.61,102831.0,98889.35,98906.21,14223.8923
1750608000,98906.21,101034.65,98200.0,100963.87,8700.87851
1750636800,100963.87,102137.0,100494.25,101931.04,5439.29297
1750665600,101931.04,102613.09,100792.16,101420.7,6979.18551
1750694400,101420.71,106074.2,99613.33,105333.93,15248.02761
1750723200,105333.94,105811.0,104704.91,104933.74,6041.12243
1750752000,104933.74,105731.92,104622.02,105244.73,5150.59512
1750780800,105244.72,106290.0,105172.64,106083.0,3459.9758
1750809600,106083.0,106791.18,105808.03,106600.01,3702.71784
1750838400,106600.0,108135.3,106343.13,107028.0,9769.81883
1750867200,107027.99,108000.0,106931.0,107340.58,3228.61884
1750896000,107340.59,108272.45,107105.43,107813.99,3187.65577
1750924800,107813.99,108174.86,106562.5,107313.6,4633.5721
1750953600,107313.61,108000.0,106850.0,106947.06,2752.04492
1750982400,106947.06,107735.34,106438.33,106869.71,3418.3639
1751011200,106869.72,107407.14,106356.76,107308.25,6022.6041
1751040000,107308.25,107709.22,106446.45,107047.59,2791.47242
1751068800,107047.58,107496.12,106811.51,107485.0,1272.66863
1751097600,107485.01,107577.75,107084.15,107449.28,1131.17232
1751126400,107449.28,107542.5,107154.62,107296.79,878.33257
1751155200,107296.79,107500.0,107172.52,107402.18,874.61116
1751184000,107402.17,108528.5,107402.17,107750.72,3309.38661
1751212800,107750.72,108436.47,107250.0,108356.93,2647.73863
1751241600,108356.93,108789.99,107481.31,107614.08,3145.4438
1751270400,107614.07,107964.33,106733.33,107580.46,4222.23879
1751299200,107580.47,107807.94,106900.02,107146.5,2386.44232
1751328000,107146.51,107540.0,106615.97,107178.99,2241.43836
1751356800,107178.99,107179.99,105623.39,105955.18,5409.51201
1751385600,105955.19,106287.95,105250.85,105681.14,2854.674
1751414400,105681.13,107186.78,105100.19,107080.0,3357.15341
1751443200,107080.0,108759.2,107080.0,108737.74,5374.82201
1751472000,108737.75,109730.0,108650.97,108849.6,8959.9205
1751500800,108849.59,109548.0,108530.4,109280.0,3000.5853
1751529600,109279.99,110529.18,108749.99,109127.84,7451.2747
1751558400,109127.85,110000.0,109020.8,109584.78,2595.22225
1751587200,109584.77,109767.59,108700.0,108700.0,2611.78341
1751616000,108700.0,109111.0,107505.0,107573.29,4702.48067
1751644800,107573.29,108279.33,107245.0,107984.24,4479.60207
1751673600,107984.25,108420.56,107756.31,108053.46,1426.76827
1751702400,108053.46,108232.29,107870.42,108058.0,1239.85054
1751731200,108058.0,108250.0,107864.75,108198.12,1070.35689
1751760000,108198.12,108268.35,107930.45,108040.31,895.15148
1751788800,108040.31,109127.03,107800.01,108905.99,2934.35209
1751817600,108906.0,109700.0,108266.67,109203.84,2618.10343
1751846400,109203.85,109700.0,108654.94,109061.08,2382.55451
1751875200,109061.07,109087.86,107970.0,108292.59,4309.83557
1751904000,108292.59,108493.56,107513.2,108262.94,2712.98593
1751932800,108262.94,108525.0,107429.57,108484.61,3021.62568
1751961600,108484.61,109216.56,108217.07,108268.35,3162.68848
1751990400,108268.35,109147.56,108096.55,108922.98,3031.70664
1752019200,108922.99,109136.0,108324.53,108714.39,1996.40141
1752048000,108714.39,109769.39,108503.0,109071.32,5384.38747
1752076800,109071.32,111999.79,109047.49,111233.99,9901.49762
1752105600,111234.0,111581.0,110880.0,111230.0,3354.84879
1752134400,111229.99,111408.41,110500.0,111408.4,3629.01034
1752163200,111408.4,116868.0,111322.32,116010.0,17899.591535
1752192000,116010.01,118404.22,115222.22,117526.88,12396.844678
1752220800,117526.88,118869.98,116724.66,116902.59,9375.43569
1752249600,116902.58,118138.75,116604.87,117527.66,4101.24078
1752278400,117527.66,118054.79,117141.13,117731.99,2426.51557
1752307200,117731.99,118200.0,116900.05,117100.01,4346.75493
1752336000,117100.0,117639.98,117000.01,117420.0,1673.33387
1752364800,117420.0,118054.79,117224.79,117999.0,1564.3913
1752393600,117998.99,119376.0,117689.63,118672.24,4576.553247
1752422400,118672.23,119488.0,118243.68,119086.64,3409.8484
1752451200,119086.65,123218.0,118905.18,122736.04,12400.333107
1752480000,122736.04,122769.19,119611.7,119878.23,9327.04779
1752508800,119878.22,120526.03,119202.0,119841.18,5541.96798
1752537600,119841.17,119940.83,116250.0,116779.12,12102.20747
1752566400,116779.13,118490.71,115736.92,116391.43,12274.61997
1752595200,116391.43,117972.86,116019.05,117758.09,7641.63339
1752624000,117758.08,118300.0,117017.29,118189.25,3714.43724
1752652800,118189.24,119794.8,118113.82,119095.76,7509.54018
1752681600,119095.76,120063.84,118420.0,118630.43,5815.93109
1752710400,118630.44,119158.28,117683.53,118311.75,4314.69586
1752739200,118311.75,119192.0,117453.57,118881.99,5217.67799
1752768000,118881.99,120998.71,118333.6,119177.56,6196.20266
1752796800,119177.56,120820.71,119020.48,119339.51,6322.04869
1752825600,119339.51,119531.48,117315.69,117860.25,8835.27327
1752854400,117860.24,118054.92,116812.76,117924.84,4767.3407
1752883200,117924.84,118371.42,117613.35,118163.06,2151.72995
1752912000,118163.07,118499.9,117627.71,118058.11,2780.09462
1752940800,118058.1,118161.51,117277.34,117840.0,1703.97849
1752969600,117840.01,118218.0,117650.0,118029.49,2156.7634
1752998400,118029.49,118799.8,117723.23,118671.11,5080.38699
1753027200,118671.12,118856.8,116467.02,117265.12,5725.7785
1753056000,117265.11,119676.73,116515.0,119362.67,5578.28802
1753084800,119364.18,119500.0,117778.7,118313.16,6017.27278
1753113600,118313.16,118399.1,116656.88,117380.36,5511.77048
1753142400,117380.36,118594.55,116128.0,117983.68,7987.30588
1753171200,117983.69,119573.53,117488.19,118912.04,7974.03066
1753200000,118912.04,120247.8,118368.19,119954.42,4997.79319
1753228800,119954.43,120090.0,118288.2,118350.35,3632.35282
1753257600,118350.35,118708.24,117301.0,118567.39,5838.29183
1753286400,118567.39,118756.0,117331.63,118755.99,5088.10618
1753315200,118756.0,119273.36,117103.1,118416.21,5665.21579
1753344000,118416.21,119450.0,117832.32,119092.65,6543.45025
1753372800,119092.65,119395.81,118166.94,118340.99,3598.22439
1753401600,118340.98,118451.57,114723.16,115320.01,19962.45656
1753430400,115320.01,116782.13,114908.0,115727.08,13578.00471
1753459200,115727.07,117630.0,115455.46,117614.31,4865.88746
1753488000,117614.31,117750.0,117138.38,117304.47,2228.72282
1753516800,117304.47,118220.0,117304.46,118130.1,2852.90692
1753545600,118130.1,118297.35,117883.86,117919.99,1910.04232
1753574400,117919.99,118438.83,117825.5,118095.95,1815.71909
1753603200,118095.95,118588.0,117859.98,118585.74,2422.02125
1753632000,118585.75,119766.65,118585.75,119415.55,5090.56885
1753660800,119415.56,119800.0,118774.31,118900.0,4184.59388
1753689600,118900.01,119102.69,117895.73,118174.9,5852.79248
1753718400,118174.89,118376.61,117427.5,118062.32,3924.36118
1753747200,118062.32,119273.36,117450.0,118882.37,4822.87039
1753776000,118882.37,119080.81,117272.0,117400.01,6136.90989
1753804800,117400.02,118057.05,116950.75,117950.76,4178.15417
1753833600,117950.75,118412.11,117412.53,118123.01,2458.47469
1753862400,118123.0,118792.0,117358.84,118000.01,6022.93407
1753891200,118000.01,118037.18,115796.23,117840.3,7105.32755
1753920000,117840.29,118922.45,117781.87,118665.97,4215.54066
1753948800,118665.98,118770.07,117807.35,118306.18,4747.48726
1753977600,118306.18,118879.14,115500.0,115764.08,8046.97938
1754006400,115764.07,116052.0,114313.13,115081.77,8392.83305
1754035200,115081.76,116019.3,113988.47,115357.82,8664.49203
1754064000,115357.82,115695.52,112722.58,113297.93,7429.77698
1754092800,113297.92,114063.49,113198.63,113982.49,3097.36262
1754121600,113982.49,114040.29,112802.31,112840.71,3058.09098
1754150400,112840.7,113420.0,112003.0,112546.35,5351.88068
1754179200,112546.35,113740.69,111920.0,113700.0,2870.82107
1754208000,113700.0,114260.31,113551.0,113959.06,2391.77563
1754236800,113959.06,114799.97,113775.55,114208.8,2135.16376
1754265600,114208.81,115000.0,114107.6,114652.97,2746.27893
1754294400,114652.98,115466.0,114121.0,114826.0,4074.1062
1754323200,114826.01,115720.0,114616.33,115055.03,2847.29403
1754352000,115055.03,115127.81,113725.72,113969.7,3524.46718
1754380800,113969.7,115096.73,112650.0,112934.0,6184.03072
1754409600,112934.0,114228.88,112815.68,114129.75,2334.29288
1754438400,114129.75,114417.02,113355.13,114227.91,2498.56835
1754467200,114227.9,115515.09,113579.9,115413.87,4789.97777
1754496000,115413.87,115716.0,114793.01,114992.27,2472.60706
1754524800,114992.27,115185.58,114259.0,114787.99,2483.87548
1754553600,114787.99,116828.93,114787.98,116689.81,6444.84062
1754582400,116689.8,117621.0,115632.31,117472.01,4539.84653
1754611200,117472.02,117630.0,116401.0,116817.19,3850.19465
1754640000,116817.2,117271.73,115878.71,116207.69,3649.79859
1754668800,116207.7,116980.0,116006.14,116674.74,2545.31954
1754697600,116674.74,116980.0,116299.13,116756.01,2992.90495
1754726400,116756.0,117944.05,116700.01,116892.47,3736.03577
1754755200,116892.48,117021.16,116359.89,116462.25,2785.19072
1754784000,116462.25,118741.77,116460.63,117808.3,6336.76704
1754812800,117808.29,119113.94,117608.01,118815.0,4315.55263
1754841600,118815.0,119311.11,118074.99,119294.01,3670.45106
1754870400,119294.27,122335.16,118972.59,121537.15,11906.08047
1754899200,121537.14,121823.0,119382.91,120314.4,9452.52955
1754928000,120314.4,120794.05,118050.11,118686.0,5135.72427
1754956800,118686.0,119275.46,118424.86,118986.72,5030.01925
1754985600,118986.73,119960.0,118207.47,119933.0,7260.43341
1755014400,119933.0,120324.43,119172.62,120134.08,4429.65627
1755043200,120134.09,120192.1,118920.92,119580.4,4685.10433
1755072000,119580.4,122200.0,119446.22,120920.62,10441.85725
1755100800,120920.61,123667.79,120920.61,123306.43,8083.10944
1755129600,123306.44,124474.0,121313.86,121725.31,7237.333756
1755158400,121725.31,122045.9,117632.0,118257.25,15073.35635
1755187200,118257.26,118535.0,117180.0,118295.09,5670.25748
1755216000,118295.09,119216.82,118032.32,118956.45,3616.46127
1755244800,118956.45,119144.5,116827.29,117275.22,6258.71967
1755273600,117275.23,117882.35,116803.99,117342.05,3748.1578
1755302400,117342.04,117898.99,117231.14,117596.07,2345.78146
1755331200,117596.07,117825.0,117143.98,117676.7,2397.54157
1755360000,117676.7,117817.65,117219.34,117380.66,1650.35814
1755388800,117380.66,118230.82,117172.21,118005.98,1880.21426
1755417600,118005.98,118575.0,117922.0,118246.16,1981.9482
1755446400,118246.15,118316.01,117321.53,117405.01,2036.47946
1755475200,117405.01,117543.75,114878.71,115205.98,9234.84713
1755504000,115205.99,116186.97,114640.14,116145.34,5566.16929
1755532800,116145.34,116980.0,115818.86,116227.05,2944.92312
1755561600,116227.05,116725.69,114366.0,114978.14,4890.02069
1755590400,114978.15,115875.84,113587.68,113786.38,6765.50593
1755619200,113786.39,113897.58,112732.58,112872.94,6409.94762
1755648000,112872.95,113837.93,112566.01,113490.13,4484.12058
1755676800,113490.14,114326.35,112380.0,113353.94,6957.93842
1755705600,113353.94,114615.38,113264.01,114271.24,4194.28294
1755734400,114271.23,114821.76,113582.43,113896.03,3239.09102
1755763200,113896.03,113995.11,112608.64,112792.08,4030.76134
1755792000,112792.08,112969.47,112015.67,112500.0,3569.83999
1755820800,112500.0,113525.0,112335.6,113094.83,3266.45245
1755849600,113094.83,117296.12,111684.79,116370.75,13437.69701
1755878400,116370.75,117429.05,116116.0,116935.99,6423.94091
1755907200,116936.0,117030.0,115458.2,115799.47,4905.76781
1755936000,115799.46,115861.8,114560.0,114812.87,4341.45557
1755964800,114812.88,115454.12,114684.11,115438.05,2082.13859
1755993600,115438.06,115666.68,114846.14,114888.19,3711.61163
1756022400,114888.19,115060.99,114350.57,114400.0,4885.4983
1756051200,114400.01,114917.1,110680.0,113493.59,12578.87469
1756080000,113493.59,113667.28,111284.05,111511.55,6438.99811
1756108800,111511.56,112580.0,110588.0,112200.64,8621.57848
1756137600,112200.65,112937.26,109274.1,110111.98,10122.2172
1756166400,110111.98,110547.31,108666.66,110303.2,6065.44438
1756195200,110303.2,110818.6,109393.93,109666.33,6411.78677
1756224000,109666.34,112371.0,109450.0,111763.22,5975.20762
1756252800,111763.22,111825.16,110622.5,110725.18,3982.07607
1756281600,110725.19,112625.0,110345.42,112000.0,4904.36813
1756310400,111999.99,112600.0,110921.79,111262.01,4506.16455
1756339200,111262.01,113360.0,110862.42,113114.11,3685.69644
1756368000,113114.11,113485.9,112391.56,112678.53,4507.97686
1756396800,112678.53,113186.56,111872.06,112566.9,2910.60414
1756425600,112566.9,112638.64,109899.99,110019.38,6383.97801
1756454400,110019.38,111517.07,108103.0,108386.23,10577.59066
1756483200,108386.23,108832.0,107463.9,108377.4,5618.74178
1756512000,108377.4,108697.28,107350.1,108524.26,6296.46259
1756540800,108524.26,108926.15,108190.52,108869.98,2957.49362
1756569600,108869.98,108900.0,108468.77,108816.33,1454.43538
1756598400,108816.33,109480.02,108523.49,108708.26,2934.09075
1756627200,108708.25,109100.0,108191.29,108818.69,4032.78367
1756656000,108818.69,109237.51,108076.93,108246.35,2522.64154
1756684800,108246.36,109432.99,107255.0,109432.99,6110.51377
1756713600,109432.99,109912.4,108186.41,108784.33,5377.63638
1756742400,108784.33,109442.95,107459.49,109237.42,4565.45204
1756771200,109237.43,110623.97,108883.8,110233.92,5118.73616
1756800000,110233.91,111771.52,108393.39,110829.17,9230.90908
1756828800,110829.16,111538.17,110200.0,111240.01,4160.64232
1756857600,111240.01,111782.21,110528.71,111099.88,3803.31666
1756886400,111099.87,112500.0,110889.29,112222.74,5064.84195
1756915200,112222.73,112575.27,111613.98,111705.71,2905.56223
1756944000,111705.72,112180.0,110279.68,110463.36,3778.48707
1756972800,110463.36,111154.93,109329.12,109510.31,4308.95188
1757001600,109510.32,111765.31,109363.26,110730.87,4115.69641
1757030400,110730.87,112999.0,110435.75,112954.32,5146.75111
1757059200,112954.32,113384.62,110286.91,110716.82,11762.71871
1757088000,110716.82,111700.0,110206.96,110659.99,4677.93906
1757116800,110660.0,111307.7,110552.56,110825.6,1488.16624
1757145600,110825.59,110999.83,110358.11,110384.15,1507.91153
1757174400,110384.16,110402.0,109977.0,110187.97,2004.2212
1757203200,110187.98,110911.42,110180.0,110753.42,1821.38503
1757232000,110753.41,111412.0,110720.01,111329.99,2051.93691
1757260800,111329.99,111600.0,110861.2,111137.34,1807.9775
1757289600,111137.35,111609.04,110621.78,111280.39,3031.59598
1757318400,111280.4,112924.37,111252.9,112631.75,5741.91134
1757347200,112631.74,112670.06,111896.0,112065.23,2808.89479
1757376000,112065.23,113293.29,111111.0,112991.11,4998.36478
1757404800,112991.11,113176.51,110766.66,110880.76,6511.05263
1757433600,110880.76,111745.69,110788.0,111546.39,3869.86507
1757462400,111546.38,112602.35,110917.45,112553.65,4144.30132
1757491200,112553.65,114313.13,112097.2,113853.99,9210.3181
1757520000,113853.99,114074.46,113155.03,113960.0,4162.79881
1757548800,113960.0,114459.65,113669.82,114083.58,3550.77164
1757577600,114083.58,114715.02,113430.0,114180.31,6656.2967
1757606400,114180.32,115488.09,114102.0,115482.69,3469.66285
1757635200,115482.69,116331.81,115045.45,115086.7,5333.41914
1757664000,115086.7,115500.95,114740.99,115121.18,4000.92876
1757692800,115121.18,116665.63,115030.3,116029.42,5989.75929
1757721600,116029.41,116298.78,115576.26,115778.71,3316.51696
1757750400,115778.72,116166.71,115603.98,115768.68,2602.2407
1757779200,115768.68,115991.29,115127.27,115918.29,2350.64628
1757808000,115918.29,116109.0,115449.59,115805.39,1794.42552
1757836800,115805.39,116165.19,115141.8,115224.01,2876.91983
1757865600,115224.01,116087.35,115135.0,115268.01,2036.25662
1757894400,115268.01,116757.99,114825.0,115806.62,3936.95102
1757923200,115806.62,115806.62,114384.0,114842.9,6492.69512
1757952000,114842.9,115605.07,114600.0,115349.71,2782.86535
1757980800,115349.71,116009.62,114930.0,115840.0,2764.47578
1758009600,115839.99,115981.17,114737.11,115905.88,3968.1907
1758038400,115905.88,116964.27,115608.28,116788.96,4194.24292
1758067200,116788.96,117286.73,116160.22,117162.48,4142.78616
1758096000,117162.48,117189.86,115432.0,115875.32,4503.41871
1758124800,115875.33,116990.68,114720.81,116447.59,8108.04053
1758153600,116447.6,117896.0,116092.76,117086.01,4871.30867
1758182400,117086.01,117843.83,116977.59,117583.56,3582.08423
1758211200,117583.56,117900.0,116612.03,117073.53,3203.84075
1758240000,117073.53,117459.99,116633.86,116909.97,2864.4789
1758268800,116909.98,117090.36,115464.19,115884.03,3901.70396
1758297600,115884.03,116136.0,115100.0,115632.38,2225.90779
1758326400,115632.39,115985.2,115408.47,115968.56,1476.52424
1758355200,115968.56,116121.81,115664.11,115986.69,1629.9601
1758384000,115986.7,116079.46,115603.42,115685.63,1568.44318
1758412800,115685.63,115815.98,115441.83,115815.97,1725.99902
1758441600,115815.98,115819.06,115329.03,115531.61,1458.17335
1758470400,115531.62,115665.52,115188.0,115232.29,1327.34982
1758499200,115232.29,115379.25,111800.0,112519.99,10369.39342
1758528000,112520.0,113432.76,112173.52,112815.5,6365.7329
1758556800,112815.5,112977.41,111936.4,112650.99,4046.58724
1758585600,112650.99,113114.01,111478.0,113090.13,4902.9122
1758614400,113090.13,113290.5,112496.61,112882.19,3763.409
1758643200,112882.2,112958.58,111458.73,111998.8,3634.9991
1758672000,111998.8,112779.37,111042.66,112583.54,5753.72293
1758700800,112583.54,113890.0,112405.62,113346.41,4102.77941
1758729600,113346.4,113940.0,113163.21,113307.0,2512.75733
1758758400,113307.01,113510.23,111450.42,111766.72,5979.82368
1758787200,111766.73,112246.46,110629.99,111580.77,7022.52063
1758816000,111580.77,111672.58,108631.51,108994.49,8228.80526
1758844800,108994.49,109798.84,108809.24,109320.02,5379.09378
1758873600,109320.02,109779.73,108620.07,109027.78,5917.38654
1758902400,109027.79,110300.0,109027.78,109643.46,2946.53559
1758931200,109643.46,109743.91,109324.42,109411.2,1950.50035
1758960000,109411.19,109477.69,109064.4,109402.24,2507.67372
1758988800,109402.25,109699.98,109243.89,109635.85,1043.61236
1759017600,109635.85,109787.75,109260.0,109513.06,1391.19903
1759046400,109513.06,110037.93,109189.99,110037.93,2212.13752
1759075200,110037.92,112350.0,110008.54,112163.95,3938.99505
1759104000,112163.96,112310.0,111560.65,111865.95,4128.83378
1759132800,111865.96,114231.56,111865.95,113815.57,7191.04047
1759161600,113815.57,114400.0,113449.74,114311.96,4221.2458
1759190400,114311.97,114792.0,113585.0,113699.23,4821.20235
1759219200,113699.24,113741.37,112656.27,113106.16,5709.57833
1759248000,113106.15,114754.87,112800.0,114048.93,4513.37565
1759276800,114048.94,114740.0,113966.67,114539.02,4039.0048
1759305600,114539.02,117649.99,114484.43,117423.73,9736.27636
1759334400,117423.73,118649.1,116724.56,118594.99,6261.114
1759363200,118594.99,119456.92,118279.31,118489.76,5959.71213
1759392000,118489.76,119910.79,118354.61,119910.78,6559.17471
1759420800,119910.78,121022.07,119359.63,120529.35,7151.94819
1759449600,120529.35,120550.9,119610.59,119640.21,4562.57046
1759478400,119640.22,122366.0,119248.3,122258.05,8396.82632
1759507200,122258.04,123894.99,121466.25,122232.0,10976.93122
1759536000,122232.21,122800.0,121684.97,122324.08,3246.75251
1759564800,122324.08,122539.83,121698.88,121791.31,2732.79299
1759593600,121791.31,122410.0,121510.0,122391.0,2228.62128
1759622400,122390.99,125708.42,122136.0,124713.63,11554.575353
1759651200,124713.63,124838.37,122520.24,122803.17,6688.39968
1759680000,122803.17,123548.83,122301.63,123482.31,3800.12252
1759708800,123482.32,124358.46,123084.0,123390.47,5235.91278
1759737600,123390.47,125408.29,123390.46,125000.0,7335.90661
1759766400,125000.0,126199.63,124511.15,124658.54,6922.809403
1759795200,124658.54,125082.27,123567.6,123667.99,4228.83569
1759824000,123668.0,125126.0,121172.89,121846.01,9804.7487
1759852800,121846.01,122292.62,120574.94,121332.95,7600.40946
1759881600,121332.96,122229.66,121066.14,121597.06,5077.6277
1759910400,121597.05,123350.0,121524.01,122189.72,6782.10874
1759939200,122189.72,124197.25,122110.08,123306.0,5152.88156
1759968000,123306.01,123348.32,121475.98,121906.1,3770.32629
1759996800,121906.09,123762.94,120673.99,121147.14,9255.50306
1760025600,121147.15,121900.0,119651.47,121662.4,8533.53072
1760054400,121662.41,121874.13,120855.41,120932.05,4661.23124
1760083200,120932.05,122550.0,118500.0,119018.98,9321.42947
1760112000,119018.99,119456.28,102000.0,112774.5,50189.27856
1760140800,112774.49,113322.39,110090.29,110384.61,18676.28941
1760169600,110384.6,112500.0,110162.23,111793.2,9610.38343
1760198400,111793.21,112185.53,109561.59,110644.4,7161.84368
1760227200,110644.4,112125.51,109565.06,111525.2,7516.88185
1760256000,111525.19,113745.84,111139.87,113198.2,11831.23759
1760284800,113198.2,115770.0,113198.2,114958.8,12907.18328
1760313600,114958.81,115963.81,114398.24,115399.67,7560.62171
1760342400,115399.66,115530.0,113616.5,114312.1,10098.99133
1760371200,114312.09,115891.3,114215.79,115166.0,4897.62729
1760400000,115166.0,115409.96,111355.01,111724.41,9743.14376
1760428800,111724.41,112943.82,109866.0,112900.43,12468.82209
1760457600,112900.44,113577.0,111692.31,113028.14,9658.36389
1760486400,113028.13,113612.35,111746.76,112584.5,6968.75286
1760515200,112584.49,113520.88,110400.0,110798.01,10289.58372
1760544000,110798.01,111557.7,110164.0,110763.28,5728.15153
1760572800,110763.28,111867.17,110361.0,110584.2,5812.56728
1760601600,110584.21,111982.45,108361.69,108549.21,13534.92977
1760630400,108549.21,109254.0,107427.0,108194.28,10509.67547
1760659200,108194.27,109240.0,105542.09,105633.75,10437.96842
1760688000,105633.75,106852.14,103528.23,106803.53,21755.67635
1760716800,106803.52,107575.6,106071.42,106431.68,5727.02361
1760745600,106431.68,107499.0,106322.2,106665.0,5644.63847
1760774400,106665.01,107300.0,106605.93,106948.75,3762.34682
1760803200,106948.75,107339.03,106484.0,107185.01,1716.20237
1760832000,107185.0,107367.16,106558.61,106786.0,2305.30799
1760860800,106786.0,108621.68,106103.36,108486.7,8696.03175
1760889600,108486.71,109450.07,108240.0,108642.78,4479.32449
1760918400,108642.77,111445.67,107402.52,111169.92,7651.5318
1760947200,111169.91,111705.56,110588.23,111144.55,6459.07208
1760976000,111144.55,111303.05,109855.83,110532.09,5082.83772
1761004800,110532.09,110532.09,107473.72,108086.37,7336.14022
1761033600,108086.38,113557.62,107484.22,113422.61,12991.83394
1761062400,113422.6,114000.0,108045.81,108297.67,16900.04243
1761091200,108297.66,108678.21,107610.0,108321.63,8734.72423
1761120000,108321.64,109163.88,106708.18,108416.5,11938.33313
1761148800,108416.5,108796.42,106666.69,107567.44,7937.72715
1761177600,107567.45,110298.29,107500.0,109269.9,5688.28902
1761206400,109269.9,110109.99,108685.72,109908.28,6488.60128
1761235200,109908.29,111293.61,109341.28,110078.18,5396.20264
1761264000,110078.19,111522.3,109983.93,111054.61,4244.07889
1761292800,111054.61,112104.98,109700.01,110046.91,7514.76915
1761321600,110046.92,111138.62,109797.13,111004.89,3246.32109
1761350400,111004.9,111820.87,110672.86,111489.6,2246.43942
1761379200,111489.59,111943.19,111311.19,111385.18,2632.27151
1761408000,111385.18,111731.78,111164.39,111646.27,1529.25771
1761436800,111646.27,111899.56,111260.45,111723.98,1692.29177
1761465600,111723.98,114000.0,111708.63,113694.97,6493.88369
1761494400,113694.97,115466.8,112901.0,114559.4,5268.30191
1761523200,114559.41,116400.0,114362.26,115554.6,8760.59817
1761552000,115554.59,115607.48,114503.99,114969.68,8195.36259
1761580800,114969.68,115790.0,113830.01,114107.65,4494.27165
1761609600,114107.65,114547.2,113483.3,114188.37,4374.82149
1761638400,114188.38,116086.0,114113.3,114641.38,5245.44624
1761667200,114641.38,115591.41,112211.0,112898.45,5903.15484
1761696000,112898.44,113577.9,112100.0,113577.9,4112.85467
1761724800,113577.9,113643.73,111401.5,111509.74,6577.38937
1761753600,111509.74,112030.23,109200.0,110021.29,10389.46972
1761782400,110021.3,111592.0,107925.06,111366.72,8923.95217
1761811200,111366.72,111467.01,107328.0,107711.56,9514.65301
1761840000,107711.56,108334.53,106304.34,108322.88,7550.2232
1761868800,108322.87,110215.0,108275.28,109449.31,7772.75052
1761897600,109449.32,111190.0,109214.13,110202.9,8553.13984
1761926400,110202.9,110300.0,108635.0,109608.01,5192.31403
1761955200,109608.01,110564.49,109394.81,110071.4,2603.44254
1761984000,110071.4,110348.0,109702.66,110310.65,2654.99255
1762012800,110310.65,110529.99,109858.44,110098.1,2120.06922
1762041600,110098.1,111045.09,109879.39,110895.53,5285.47625
1762070400,110895.53,111250.01,110096.32,110117.48,4117.67786
1762099200,110117.49,110742.26,109471.34,110540.68,2703.84676
1762128000,110540.69,110750.0,107006.05,107468.23,7830.05246
1762156800,107468.23,108333.0,105511.0,105745.71,9634.72117
1762185600,105745.71,107783.2,105306.56,106583.04,11216.41416
1762214400,106583.05,107299.0,104200.0,104490.72,12118.84527
1762243200,104490.73,104842.63,102915.05,103197.01,12743.99937
1762272000,103197.02,103500.05,98944.36,101497.22,25672.02912
1762300800,101497.23,102370.0,98966.8,101993.02,15674.68539
1762329600,101993.03,103798.37,101176.47,103728.3,9923.42014
1762358400,103728.3,104534.74,103057.56,103885.16,8180.67018
1762387200,103885.16,104200.0,102716.26,103185.48,6752.65989
1762416000,103184.75,103626.46,101630.0,102014.48,9337.79942
1762444800,102014.49,102393.51,100300.95,101346.04,9724.16208
1762473600,101346.04,102527.0,100749.94,102010.0,7028.22471
1762502400,102009.99,102050.0,99260.86,100797.95,15233.42788
1762531200,100797.95,104096.36,100517.06,103339.08,9797.85683
1762560000,103339.09,103406.22,101902.64,102352.96,4443.76902
1762588800,102352.96,102687.72,101454.0,101711.45,4901.34213
1762617600,101711.46,102482.2,101522.08,102312.94,3045.6687
1762646400,102312.95,102337.89,101400.0,101944.59,3257.99945
1762675200,101944.6,104168.0,101500.0,103762.17,6513.21862
1762704000,103762.18,105495.62,103316.23,104722.96,6567.75289
1762732800,104722.95,106670.11,104265.02,106461.45,9185.48201
1762761600,106461.46,106599.47,104667.0,105079.99,8077.22302
1762790400,105079.99,106299.22,104784.36,106011.13,5419.5517
1762819200,106011.13,107500.0,104741.2,104783.98,8251.26186
1762848000,104783.99,105500.0,103170.33,103455.99,10655.69799
1762876800,103455.99,103730.0,102476.09,103058.99,5289.54733
1762905600,103059.0,103654.38,102687.72,103112.66,4837.68007
1762934400,103112.65,105333.33,101961.97,102173.51,8735.71004
1762963200,102173.51,102285.18,100813.59,101654.37,6884.24895
1762992000,101654.37,104085.01,100922.55,103475.66,7912.29499
1763020800,103475.66,103811.49,101184.14,101382.64,9403.0722
1763049600,101382.63,101540.93,98000.4,99692.02,18883.14052
1763078400,99692.03,99866.02,95933.75,97151.98,16956.54761
1763107200,97151.97,97553.7,94560.48,96796.14,19568.3221
1763136000,96796.14,97411.11,94012.45,94594.0,10763.2751
1763164800,94594.0,96846.68,94558.49,96333.86,6920.73439
1763193600,96333.87,96471.22,95565.17,96260.0,4323.51216
1763222400,96259.99,96419.65,95119.94,95596.24,3866.64736
1763251200,95596.23,96192.0,94841.62,96099.99,3176.00938
1763280000,96099.98,96635.11,94368.24,94573.46,5131.69928
1763308800,94573.46,95567.79,93005.55,94261.44,15581.69644
1763337600,94261.45,95880.0,93767.27,95653.77,7964.38381
1763366400,95653.78,96043.0,93571.3,93959.67,11501.29594
1763395200,93959.68,94419.88,91220.0,92215.14,19752.91831
1763424000,92215.14,92357.51,89253.78,90512.1,19675.30296
1763452800,90512.1,93049.91,90509.79,92910.1,12874.97971
1763481600,92910.1,93836.01,92462.72,92960.83,7284.86502
1763510400,92960.83,92980.22,90025.06,91863.64,8700.39328
1763539200,91863.64,92384.61,89880.0,89951.7,8554.95436
1763568000,89951.7,91594.0,88608.0,91554.96,15031.28996
1763596800,91554.96,93160.0,91185.26,92320.18,7720.94974
1763625600,92320.18,92541.92,89835.34,89869.88,9363.6916
1763654400,89869.88,89911.73,86100.0,86637.23,22648.54939
1763683200,86637.22,87498.94,82000.0,84049.39,20634.01018
1763712000,84049.38,85496.0,80600.0,82932.47,39226.28023
1763740800,82932.46,85572.82,82333.0,85129.43,12395.83638
1763769600,85129.42,85620.0,83832.91,84580.06,5141.53401
1763798400,84580.06,84755.83,83500.0,84284.01,6010.90273
1763827200,84284.01,85260.0,84219.62,84739.74,3041.49589
1763856000,84739.75,86860.0,84667.57,85782.19,6917.16488
1763884800,85782.18,87244.51,85768.22,87087.44,5558.77033
1763913600,87087.44,88127.64,86502.47,86830.0,7258.52897
1763942400,86830.0,88059.44,85946.65,87050.39,7594.50054
1763971200,87050.39,87050.39,85272.0,86616.44,8120.01901
1764000000,86616.44,89228.0,86616.43,88300.01,8948.6084
1764028800,88300.01,88519.99,87300.0,87384.81,5539.00334
1764057600,87384.81,87792.2,86116.0,86988.94,8299.74011
1764086400,86988.93,88155.65,86182.49,87369.96,5728.29765
1764115200,87369.97,88224.0,86909.99,87935.05,4063.92489
1764144000,87935.05,87941.58,86306.77,86978.0,6397.79364
1764172800,86977.99,90656.08,86956.61,90484.02,11214.10386
1764201600,90484.01,91950.0,90089.91,91408.34,8187.6008
1764230400,91408.34,91940.18,90438.43,90958.3,5275.50142
1764259200,90958.29,91843.59,90850.77,91333.95,3370.4071
1764288000,91333.94,91707.79,90652.55,90910.87,3803.9777
1764316800,90910.87,93092.0,90907.98,92362.49,8221.93297
1764345600,92362.5,92376.0,90180.63,90890.7,6804.94945
1764374400,90890.71,91119.99,90311.92,90567.67,2170.3677
1764403200,90567.66,91110.36,90376.37,91063.5,2105.47503
1764432000,91063.5,91165.65,90155.47,90802.44,3154.04018
1764460800,90802.44,91055.5,90471.0,90968.16,1665.08843
1764489600,90968.16,92000.01,90927.16,91435.31,5144.8419
1764518400,91435.31,91850.0,90336.9,90360.0,2877.81142
1764547200,90360.01,90417.0,85604.0,86550.3,15186.82673
1764576000,86550.3,86938.01,83822.76,84677.87,11130.14028
1764604800,84677.87,86860.0,84030.95,86286.01,8192.04526
1764633600,86286.01,87350.0,86184.39,87012.65,4979.05138
1764662400,87012.64,91200.0,86296.21,90850.01,12661.53586
1764691200,90850.01,92307.65,90201.0,91277.88,10569.64008
1764720000,91277.88,93958.58,90990.23,92999.99,8971.53573
1764748800,93000.0,93700.0,91697.0,92373.3,9293.34231
1764777600,92373.3,94150.0,91786.99,93429.95,7447.64781
1764806400,93429.95,94080.0,92669.82,93397.67,6915.20806
1764835200,93397.67,93621.31,91801.0,92971.49,6213.18164
1764864000,92971.49,93174.55,90889.0,92078.06,6675.55089
1764892800,92078.06,92692.36,91813.37,92258.65,3138.48343
1764921600,92258.64,92258.65,89874.7,90459.35,7775.86069
1764950400,90459.34,90498.59,88056.0,89330.04,8878.62806
1764979200,89330.04,89806.43,89030.67,89597.13,2300.55651
1765008000,89597.14,90289.97,89217.59,89758.77,3556.78568
1765036800,89758.77,89981.2,88908.01,89236.79,2552.15797
1765065600,89236.8,89799.96,89176.52,89379.72,1451.54919
1765094400,89379.73,89707.54,87719.28,89554.52,4703.52132
1765123200,89554.52,91760.0,88995.33,90395.31,6866.04134
1765152000,90395.32,91868.76,89860.0,91565.46,4046.09237
1765180800,91565.46,92287.15,89612.0,89961.37,7176.2091
1765209600,89961.36,91374.0,89679.79,90634.34,4571.3374
1765238400,90634.35,90846.26,89500.0,90496.8,4223.03062
1765267200,90496.8,92876.92,89912.48,92707.51,6480.15838
1765296000,92707.5,94588.99,92254.92,92678.8,10537.24114
1765324800,92678.81,92786.35,91976.0,92782.91,3360.84918
1765353600,92782.91,93291.5,91563.15,92063.69,5146.20958
1765382400,92063.69,94476.0,91684.39,92015.37,10491.62207
1765411200,92015.38,92080.32,89389.63,90272.75,6326.47789
1765440000,90272.76,90653.33,89260.63,89872.51,5045.0179
1765468800,89872.51,93555.0,89333.0,92513.38,8601.09179
1765497600,92513.38,92754.0,91448.31,92425.34,3658.91532
1765526400,92425.33,92660.74,89780.0,89935.14,7184.1382
1765555200,89935.13,90666.0,89480.0,90268.42,5836.13817
1765584000,90268.43,90469.71,90120.0,90329.97,1100.29854
1765612800,90329.98,90634.55,89932.99,90092.16,3432.86212
1765641600,90092.17,90280.76,89766.39,90240.01,1362.54722
1765670400,90240.0,90472.4,90050.74,90245.6,1400.77715
1765699200,90245.6,90280.01,88687.27,89022.91,3765.83434
1765728000,89022.92,89398.71,87577.36,88172.17,4250.32855
1765756800,88172.16,90052.64,88074.37,89753.42,4016.59854
1765785600,89753.43,89986.68,86621.91,87033.22,7412.41908
1765814400,87033.21,87220.0,85146.64,86432.08,8349.67428
1765843200,86432.08,86615.38,85266.0,86021.51,4705.92518
1765872000,86021.51,88175.98,85930.97,87977.43,9147.37791
1765900800,87977.44,88050.17,87061.23,87863.42,4602.74708
1765929600,87863.43,87950.0,86209.11,87045.59,3274.46229
1765958400,87045.59,90365.85,86238.91,87233.44,9813.51001
1765987200,87233.44,87769.23,85314.0,86243.22,6746.14499
1766016000,86243.23,86901.4,85863.93,86833.84,3267.20295
1766044800,86833.83,89477.61,86685.14,88513.44,9209.90495
1766073600,88513.43,88533.61,84450.01,85516.41,12928.30973
1766102400,85516.41,88449.06,85110.24,87953.4,7025.26439
1766131200,87953.39,89399.97,87514.59,87951.87,7786.54016
1766160000,87951.86,88882.55,86846.16,88136.94,6444.84549
1766188800,88136.95,88573.07,87961.6,88275.41,1782.31907
1766217600,88275.41,88428.0,87795.76,88178.71,2137.3984
1766246400,88178.72,88443.44,88103.54,88360.9,1203.41447
1766275200,88360.91,88433.64,87869.35,88174.79,1446.99006
1766304000,88174.79,89081.77,87600.04,88067.95,3646.32486
1766332800,88067.96,88823.52,87950.0,88658.86,2039.55766
1766361600,88658.87,89627.24,87900.0,89170.1,3910.68334
1766390400,89170.1,90588.23,89093.44,89726.92,6565.62414
1766419200,89726.93,90127.0,87911.79,88620.79,4196.91222
1766448000,88620.79,88940.0,87051.52,87574.79,3502.13545
1766476800,87574.78,87963.03,86601.9,87443.45,4840.37165
1766505600,87443.45,88372.35,87162.39,87486.0,5567.82194
1766534400,87486.0,87839.66,86796.65,86911.53,2948.52628
1766563200,86911.53,87478.59,86420.0,87049.99,3488.89902
1766592000,87050.0,88049.89,86917.25,87669.45,2703.4179
1766620800,87669.44,87967.5,87508.52,87837.59,1221.54648
1766649600,87837.59,88592.74,87251.6,88371.27,3137.22468
1766678400,88371.27,88478.0,86934.72,87225.27,2737.81119
1766707200,87225.27,89567.75,86891.7,88470.75,8119.10186
1766736000,88470.75,89050.0,86655.08,87137.81,7182.69983
1766764800,87137.81,87792.7,86818.18,87369.56,3042.81336
1766793600,87369.56,87702.0,87253.05,87539.26,1190.70369
1766822400,87539.26,87677.0,87308.05,87551.25,1827.14517
1766851200,87551.26,87984.0,87442.08,87877.01,1451.7027
1766880000,87877.0,87961.37,87614.79,87730.85,1114.31675
1766908800,87730.86,88088.75,87720.0,87836.27,1581.30038
1766937600,87836.27,88049.53,87435.0,87952.71,1750.67572
1766966400,87952.71,90406.08,87813.17,89617.71,8262.04382
1766995200,89617.71,89825.01,86806.5,87691.62,8787.12084
1767024000,87691.62,87996.22,87071.49,87237.13,2845.82109
1767052800,87237.13,87600.0,86845.66,87502.85,2598.16142
1767081600,87502.85,89159.52,87502.84,89016.35,6350.69612
1767110400,89016.36,89400.0,87886.46,88485.49,4157.05247
1767139200,88485.5,88819.8,88172.15,88613.12,2104.39259
1767168000,88613.11,89200.0,87766.59,87953.97,4936.52359
1767196800,87953.97,88053.49,87250.0,87648.22,4517.70429
1767225600,87648.21,88088.1,87550.43,87631.88,1942.26897
1767254400,87631.88,88113.45,87631.87,88032.18,1825.71697
1767283200,88032.17,88919.45,87879.03,88839.04,2511.58539
1767312000,88839.05,89120.01,88379.88,88857.61,2805.37856
1767340800,88857.6,90135.0,88459.96,89418.11,7908.40991
1767369600,89418.1,90961.81,89205.92,89995.13,6683.18454
1767398400,89995.14,90480.62,89314.01,89577.13,2803.61089
1767427200,89577.13,90249.99,89420.75,89969.31,2416.26036
1767456000,89969.31,90741.16,89918.59,90628.01,1837.59591
1767484800,90628.01,91810.0,90628.0,91532.0,4553.0983
1767513600,91532.0,91620.5,91014.1,91334.94,3912.5774
1767542400,91334.94,91590.0,90863.47,91529.73,1960.854
1767571200,91529.74,93388.0,91514.81,92520.63,7387.42941
1767600000,92520.63,94000.0,92320.17,93957.73,6722.2847
1767628800,93957.74,94789.08,93250.0,93859.71,6563.88173
1767657600,93859.71,94161.86,93137.98,93255.08,3565.34156
1767686400,93255.08,94444.44,93167.29,93648.99,5107.89363
1767715200,93649.0,93845.03,91262.94,93747.97,9873.1831
1767744000,93747.97,93747.97,92236.07,92879.13,3716.78876
1767772800,92879.14,92961.53,91024.0,91349.96,6225.12522
1767801600,91349.95,91790.0,90675.52,91364.16,4334.57627
1767830400,91364.16,91687.99,89641.84,90548.02,4902.61835
1767859200,90548.02,90917.22,89311.0,90781.57,6815.53959
1767888000,90781.57,91493.0,90312.89,91099.99,4414.63323
1767916800,91100.0,91632.1,90738.34,90741.84,3067.42456
1767945600,90741.85,92082.55,89694.66,91176.47,8281.08433
1767974400,91176.48,91783.32,90113.87,90641.28,4241.7705
1768003200,90641.27,90782.23,90408.23,90678.5,1020.61616
1768032000,90678.5,90832.0,90538.46,90665.75,1061.87795
1768060800,90665.76,90746.0,90404.0,90504.7,1021.62311
1768089600,90504.7,90850.0,90451.1,90710.79,1010.72381
1768118400,90710.8,91191.5,90610.27,90875.79,1838.4043
1768147200,90875.79,91283.89,90236.0,91013.65,2628.00783
1768176000,91013.66,92519.95,90700.29,91408.09,5492.70263
1768204800,91408.09,91665.0,90128.44,91665.0,5665.21199
1768233600,91664.99,92332.0,90938.2,91296.2,5030.16806
1768262400,91296.2,92275.38,91042.66,91942.0,3881.11468
1768291200,91941.99,93450.0,91787.61,93449.99,6882.11219
1768320000,93449.99,96495.0,93078.31,95414.0,12258.28795
1768348800,95413.99,95799.22,94559.28,95205.1,5255.53412
1768377600,95205.11,97084.68,94680.67,96764.57,7787.66012
1768406400,96764.57,97924.49,96246.56,96951.78,9808.70004
1768435200,96951.78,97000.0,95777.0,96630.48,4877.97455
1768464000,96630.47,97193.34,95435.91,96737.04,7611.5255
1768492800,96737.04,97163.0,95134.48,95604.8,9236.31364
1768521600,95604.81,95855.12,95133.03,95653.16,3502.0671
1768550400,95653.16,95871.47,94293.46,94585.98,4628.52077
1768579200,94585.99,95600.0,94508.0,95550.94,3037.12673
1768608000,95550.94,95578.2,95041.7,95101.67,1079.51723
1768636800,95101.67,95639.45,95021.67,95573.64,2065.8303
1768665600,95573.65,95576.14,95050.0,95147.77,1135.45384
1768694400,95147.77,95260.0,94876.33,95028.27,1426.32716
1768723200,95028.27,95376.24,94910.0,95119.28,2137.18504
1768752000,95119.27,95531.12,93615.4,93673.14,3331.66599
1768780800,93673.14,93673.14,91910.2,92841.62,7853.77957
1768809600,92841.62,93368.44,92700.0,93068.62,3707.81055
1768838400,93068.62,93420.0,92158.48,92631.0,2733.93735
1768867200,92630.99,92870.0,90771.78,91177.98,5908.27396
1768896000,91177.99,91442.88,89859.06,90684.95,7292.43685
1768924800,90684.95,90974.49,87895.98,88427.66,8806.61529
1768953600,88427.66,90120.44,88250.0,89213.95,5030.17913
1768982400,89213.96,90574.0,88196.72,90288.04,6695.13036
1769011200,90288.04,90450.0,87263.53,89454.73,8892.19423
1769040000,89454.73,90359.99,89454.72,89818.79,2775.48191
1769068800,89818.79,90340.0,88515.37,89000.01,4638.16304
1769097600,89000.0,89946.13,88676.95,89559.67,3411.85997
1769126400,89559.68,90088.94,89400.0,89549.45,2873.85863
1769155200,89549.45,89865.53,88578.36,89761.61,4829.62096
1769184000,89761.61,91224.99,89200.68,89600.26,6215.0096
1769212800,89600.26,89957.39,89424.39,89620.1,1715.92369
1769241600,89620.11,89686.43,89171.75,89275.77,1530.51095
1769270400,89275.77,89489.84,89162.08,89225.34,980.13273
1769299200,89225.34,89319.13,88635.84,88659.99,2314.86566
1769328000,88659.99,88971.89,88136.0,88446.5,2548.01925
1769356800,88446.51,88448.85,86074.72,86670.36,9563.33528
1769385600,86670.36,88074.48,86509.63,88000.64,7564.22905
1769414400,88000.64,88860.0,87325.03,87641.41,6257.67295
1769443200,87641.41,88659.09,87035.51,88347.08,3944.61253
1769472000,88347.08,89010.0,88194.82,88320.41,3097.5569
1769500800,88320.41,88474.23,87578.67,88047.46,3962.58258
1769529600,88047.46,89523.16,87304.33,89250.0,6065.26477
1769558400,89249.99,89497.96,88840.0,89134.35,2444.30944
1769587200,89134.35,90488.0,88833.65,89479.66,7215.96066
1769616000,89479.66,90600.0,88878.01,89299.99,4671.91492
1769644800,89300.0,89348.0,87704.0,88352.97,4400.02099
1769673600,88352.96,88500.0,84366.56,84934.02,12406.5949
1769702400,84934.02,85638.3,83383.33,84650.16,13624.76612
1769731200,84650.16,84735.75,81118.0,82816.98,17034.54135
1769760000,82816.98,83797.99,82160.0,82883.94,8006.95664
1769788800,82882.84,84621.16,81871.37,84260.49,10154.34994
1769817600,84260.5,84270.02,83404.67,83546.81,3077.28528
1769846400,83546.82,83629.08,80825.76,81302.15,9220.61821
1769875200,81302.16,82200.0,75719.9,78741.09,27193.98784
1769904000,78741.1,79424.0,77967.69,78343.0,6821.53604
1769932800,78343.0,79220.72,76761.98,77593.4,7257.93845
1769961600,77593.4,78443.1,75700.0,76968.21,11316.00719
1769990400,76968.22,78231.26,74604.0,76660.79,21018.16416
1770019200,76660.78,79360.0,76628.28,78850.06,13174.32563
1770048000,78850.06,79288.28,77888.0,78738.61,8081.10037
1770076800,78738.6,79186.81,77644.09,78794.67,6899.37635
1770105600,78794.67,79084.29,77055.54,78132.33,8338.59285
1770134400,78132.34,78134.53,72945.5,75770.21,23882.13969
1770163200,75770.21,76971.52,75467.22,76514.3,6410.73371
1770192000,76514.3,76607.69,73794.11,74136.36,11865.60611
1770220800,74136.48,74249.83,71888.0,73165.83,20099.02018
1770249600,73165.84,73341.18,70140.0,70756.85,21585.44125
1770278400,70756.86,71978.58,66720.15,67489.07,34597.59721
1770307200,67489.08,68681.81,62345.0,62909.86,50115.79053
1770336000,62909.87,66826.5,60000.0,64856.0,42184.76654
1770364800,64856.0,69192.0,64500.0,68626.0,27259.6705
1770393600,68625.99,71751.33,68428.19,70580.26,23094.77827
1770422400,70580.26,71690.07,67300.0,68087.14,17959.0953
1770451200,68087.13,69999.99,67582.48,69151.5,17979.85613
1770480000,69151.5,69898.0,68531.5,69289.38,8316.52893
1770508800,69289.37,69719.07,68888.0,69710.69,4904.58078
1770537600,69710.69,71554.95,69514.15,71188.99,8968.53279
1770566400,71188.99,72271.41,70000.0,70330.38,7547.41811
1770595200,70330.38,71453.53,70068.18,70422.59,6951.91981
1770624000,70422.59,70608.83,68308.0,69563.37,12972.68554
1770652800,69563.37,71126.0,69100.0,70138.0,9228.12307
1770681600,70138.0,70527.59,68682.0,68919.66,5603.11551
1770710400,68919.66,69591.2,67800.0,69293.37,9432.57735
1770739200,69293.37,69993.65,68362.0,68841.29,5338.07786
1770768000,68841.28,69292.88,66557.99,67032.72,7093.26051
1770796800,67032.71,68834.34,65756.0,66519.73,13062.67145
1770825600,66519.72,68369.77,65876.0,67082.52,8562.31406
1770854400,67082.52,68047.48,66670.45,67217.72,4811.57226
1770883200,67217.71,68410.52,66891.6,67134.74,8492.29846
1770912000,67134.74,67232.04,65118.0,66272.17,10967.87211
1770940800,66272.17,66814.0,65872.46,66208.96,5011.8121
1770969600,66208.96,69309.8,66191.52,68692.12,9088.1357
1770998400,68692.12,69482.97,68540.83,68853.96,6144.60175
1771027200,68853.97,69343.0,68730.13,69219.26,3480.30382
1771056000,69219.27,70560.01,69064.6,69778.28,10634.59833
1771084800,69778.28,70250.46,69283.02,69822.95,3999.88178
1771113600,69822.94,70926.42,69251.5,70828.42,6512.08551
1771142400,70828.43,70983.0,68772.2,69099.99,5925.81942
1771171200,69100.0,69100.0,68000.0,68832.58,9852.14715
1771200000,68832.59,69065.5,68143.22,68587.9,3178.95914
1771228800,68587.89,70126.67,67294.11,67539.52,8172.66666
1771257600,67539.53,68978.88,67513.94,68892.43,4164.13954
1771286400,68892.43,69241.5,67892.0,68388.12,3477.99895
1771315200,68388.12,68479.17,66621.06,67392.05,7664.72515
1771344000,67392.06,68235.39,66881.08,67503.52,5346.34511
1771372800,67503.52,68219.81,66892.03,68106.44,2660.7072
1771401600,68106.44,68476.22,66717.3,67694.01,6252.29153
1771430400,67694.01,67706.94,65870.0,66461.0,6579.43966
1771459200,66461.0,67320.0,66345.0,67206.45,2930.3928
1771488000,67206.45,67206.45,65631.83,66398.0,6330.92953
1771516800,66398.01,67198.1,65899.25,67003.73,5280.94755
1771545600,67003.73,68006.0,66949.41,67825.91,3884.39941
1771574400,67825.91,68318.39,66280.2,67582.95,19503.08611
1771603200,67582.95,68233.99,66952.11,68020.01,11964.38539
1771632000,68020.0,68099.54,67534.69,67856.01,2298.32758
1771660800,67856.01,68698.7,67807.3,68615.0,3202.80308
1771689600,68615.01,68658.5,67900.0,67975.93,2531.71065
1771718400,67975.93,68222.16,67809.78,68005.3,2038.27402
1771747200,68005.3,68245.0,67303.5,67684.14,3264.37468
1771776000,67684.15,67751.44,67190.0,67643.4,2872.48614
1771804800,67643.39,67684.86,64290.71,65958.94,15142.49227
1771833600,65958.94,66600.0,65529.73,65660.1,6990.34101
1771862400,65660.1,65724.28,63888.79,64656.02,10943.07595
1771891200,64656.01,65026.75,62700.8,63192.96,9692.65362
1771920000,63192.79,64031.76,62510.28,63973.97,7774.24758
1771948800,63973.98,64743.11,63689.54,64058.15,5635.93502
1771977600,64058.15,66310.0,63913.27,65028.3,7819.64246
1772006400,65028.3,67578.0,64955.79,67412.33,9877.73503
1772035200,67412.32,69988.83,67404.0,67988.04,13052.6151
1772064000,67988.04,68860.0,67727.52,67825.04,5528.62652
1772092800,67825.05,68722.64,66761.16,67382.0,8474.81267
1772121600,67382.0,67903.12,66500.0,67485.18,6734.33873
1772150400,67485.19,68216.8,66885.0,67690.6,5185.10718
1772179200,67690.6,68149.93,65649.34,66095.4,10399.63364
1772208000,66095.4,66121.03,64914.46,65872.1,5643.84342
1772236800,65872.09,66025.52,63030.0,63826.0,6960.65857
1772265600,63825.99,65360.51,63372.1,64841.18,9020.80622
1772294400,64841.17,67760.0,64681.81,66973.26,6567.2517
1772323200,66973.26,68199.99,66042.72,67141.39,7857.75762
1772352000,67141.4,67360.57,66132.27,66842.42,6890.953
1772380800,66842.42,67112.37,65056.0,65776.47,8453.14797
1772409600,65776.48,67079.0,65542.6,66007.52,6551.05369
1772438400,66007.8,69617.74,65259.21,69130.2,15193.37877
1772467200,69130.2,70096.0,68576.18,68830.06,10265.95185
1772496000,68830.06,69258.08,67800.0,68172.8,5699.21007
1772524800,68172.79,68311.83,66158.0,67725.81,11526.04792
1772553600,67725.82,68999.0,67473.09,68338.0,7746.98381
1772582400,68338.01,69668.0,67400.0,69493.13,8903.70419
1772611200,69493.14,73479.75,69098.91,73396.88,23524.34121
1772640000,73396.87,74050.0,72313.04,72666.77,12491.0307
1772668800,72666.77,73306.82,71759.95,72055.5,7468.98941
1772697600,72055.5,73558.15,71168.65,71652.77,11869.93867
1772726400,71652.77,71654.65,70645.47,70890.72,7251.58445
1772755200,70891.02,71419.98,70143.19,71056.44,6120.24374
1772784000,71056.44,71067.58,68176.47,68504.71,10995.5136
1772812800,68504.71,68795.44,67744.78,68114.02,5514.12988
1772841600,68114.02,68551.04,67446.41,67842.67,4110.39433
1772870400,67842.67,68232.27,67609.44,67877.45,3218.47152
1772899200,67877.45,67935.01,66915.26,67262.91,5390.6773
1772928000,67262.91,67481.96,66547.15,67319.91,5749.53756
1772956800,67319.9,68200.0,66761.68,67218.23,7767.88824
1772985600,67218.23,67609.08,65618.49,65971.2,8076.21321
1773014400,65971.2,68069.29,65821.97,67555.13,9050.35822
1773043200,67555.13,69480.0,67344.45,68863.66,11908.55782
1773072000,68863.67,69516.65,68179.12,68432.16,7937.80526
1773100800,68432.16,70578.29,68391.41,70406.01,10221.85465
1773129600,70406.01,71777.0,69266.06,71346.16,13270.62478
1773158400,71346.17,71700.0,69452.42,69948.63,9110.09783
1773187200,69948.64,70281.87,69420.0,69648.29,7483.01261
1773216000,69648.28,71091.18,68977.91,70227.91,11328.16673
1773244800,70227.92,71321.0,70125.83,70191.86,8438.09608
1773273600,70191.86,70353.87,69205.91,69826.19,5298.14739
1773302400,69826.19,70800.0,69355.34,70334.88,10746.86053
1773331200,70334.89,70734.25,69770.85,70541.34,5952.15258
1773360000,70541.34,72000.0,70386.01,71612.22,9937.3315
1773388800,71612.23,73913.74,71385.28,71831.46,17408.99014
1773417600,71831.46,72249.99,70559.02,70930.0,8650.29514
1773446400,70930.01,71307.92,70317.0,70596.68,6443.03593
1773475200,70596.68,70941.17,70389.08,70580.09,5032.53606
1773504000,70580.09,71253.17,70500.0,71211.95,1541.67538
1773532800,71211.95,71800.68,70858.82,71453.59,4969.2582
1773561600,71453.59,71940.49,71263.99,71481.24,4265.4949
1773590400,71481.24,73199.0,71320.08,72815.24,4802.55394
1773619200,72815.25,74451.03,72270.41,73456.68,10830.38205
1773648000,73456.69,74509.52,72888.8,73274.76,9557.35383
1773676800,73274.75,74909.08,73160.66,74884.67,8021.79431
1773705600,74884.67,76000.0,73784.0,74249.32,11844.13585
1773734400,74249.32,74893.94,73399.19,73914.39,7530.39991
1773763200,73914.4,74800.0,73855.24,73909.36,5146.7306
1773792000,73909.37,74672.34,73535.36,73883.8,4513.05567
1773820800,73883.8,74281.33,70857.21,71467.82,11812.47448
1773849600,71467.82,72000.5,70500.0,71246.54,7067.35078
1773878400,71246.55,71613.79,69478.51,70191.17,6920.77896
1773907200,70191.16,70560.91,68793.35,69412.51,10141.57343
1773936000,69412.52,70695.6,69122.03,69930.0,5302.4658
1773964800,69930.01,70969.71,69837.1,70854.66,5032.98165
1773993600,70854.66,71367.0,69480.0,69860.09,7828.05159
1774022400,69860.09,70923.75,69388.0,70510.73,5260.13421
1774051200,70510.73,70879.76,70431.67,70727.33,3911.57036
1774080000,70727.33,71100.94,70453.09,70630.02,3689.4834
1774108800,70630.02,70652.64,68571.42,68918.12,5796.11374
1774137600,68918.12,69588.79,68228.5,68919.38,5908.41626
1774166400,68919.37,69005.71,68110.55,68847.96,4391.10392
1774195200,68847.97,68885.53,67360.66,67859.0,4544.26664
1774224000,67859.0,68915.4,67445.18,68333.16,7310.01686
1774252800,68333.16,71817.09,67916.14,70131.48,16509.03247
1774281600,70131.48,71246.01,70131.47,70906.45,4516.04186
1774310400,70906.45,71400.0,70119.06,71291.7,5968.44121
1774339200,71291.7,71368.61,69507.34,69873.04,8061.06383
1774368000,69873.04,70832.54,68923.07,70556.74,6672.9174
1774396800,70556.74,71345.0,70408.0,70926.88,5383.67537
1774425600,70926.88,72026.09,70530.47,70832.99,7497.99698
1774454400,70832.99,71752.88,70646.34,71336.53,4837.82831
1774483200,71336.53,71436.82,69805.0,70087.44,5591.12322
1774512000,70087.44,70144.44,68632.4,69082.64,8021.58395
1774540800,69082.64,69478.42,68153.0,68820.31,7207.75051
1774569600,68820.31,69179.05,68304.14,68540.48,6649.03939
1774598400,68540.49,68635.07,65730.17,66112.82,15599.00395
1774627200,66112.82,66420.75,65548.25,66407.28,6355.65223
1774656000,66407.28,66573.61,65932.09,66561.48,4661.24846
1774684800,66561.49,67288.94,66124.4,67014.91,4598.85807
1774713600,67014.92,67096.77,66283.38,66377.03,2202.29194
1774742400,66377.04,67130.5,66281.4,66671.0,2887.01544
1774771200,66671.0,66988.01,66334.37,66523.0,2521.21851
1774800000,66523.01,66793.83,65000.0,66010.93,4644.62189
1774828800,66010.93,67800.0,65800.59,67624.39,6444.59758
1774857600,67624.39,68169.65,67088.73,67629.4,7561.01619
1774886400,67629.4,67641.65,66233.13,66797.37,4347.77598
1774915200,66797.38,68408.37,66544.51,67367.69,6834.64028
1774944000,67367.7,67767.87,65998.05,66736.8,8325.18005
1774972800,66736.79,68589.49,66729.28,68284.48,6945.58629
1775001600,68284.49,69310.0,67578.75,68692.0,7483.84687
1775030400,68692.0,68965.0,67918.83,68918.52,7578.70025
1775059200,68918.52,69171.77,67939.28,68113.92,3957.64278
1775088000,68113.92,68653.38,66217.07,66930.79,7284.90699
1775116800,66930.79,67104.86,65712.12,66852.91,7823.63595
1775145600,66852.91,67430.99,66596.8,66901.99,5094.93622
1775174400,66901.99,67247.38,66282.0,67042.08,5081.79588
1775203200,67042.08,67370.42,66508.1,66827.15,3798.58794
1775232000,66827.15,67069.0,66751.86,66964.3,2548.74749
1775260800,66964.29,67052.99,66775.91,67014.96,2531.48404
1775289600,67014.95,67562.93,66918.0,67383.66,2854.61512
1775318400,67383.66,67543.6,67186.62,67300.42,1987.41697
1775347200,67300.42,67307.28,66611.66,66820.64,3120.29836
1775376000,66820.64,67856.16,66680.57,67306.64,3798.84425
1775404800,67306.65,69136.2,67173.4,69034.18,4814.32491
1775433600,69034.18,69588.0,68776.61,69115.91,7317.74282
1775462400,69115.91,70283.32,69081.88,69968.87,7408.40671
1775491200,69968.87,70351.46,68300.0,68853.66,5555.46091
1775520000,68853.66,69128.2,68273.34,68624.61,4245.9514
1775548800,68624.6,69247.9,67732.01,68168.1,6314.8797
1775577600,68168.11,72761.0,68085.01,71924.22,13189.66551
1775606400,71924.22,72110.65,71240.99,71627.59,6668.02081
1775635200,71627.59,72857.0,70707.23,71310.0,9030.68869
1775664000,71309.99,71963.94,70901.89,71069.93,4103.97677
1775692800,71069.93,71198.8,70466.0,70982.01,4906.68053
1775721600,70982.01,72358.0,70522.77,72141.99,5827.085
1775750400,72142.0,73145.0,71585.25,71787.97,7424.65606
1775779200,71787.98,72387.0,71428.0,71481.85,5000.14279
1775808000,71481.85,73289.96,71426.15,72460.51,6659.08529
1775836800,72460.52,73434.0,72387.41,72962.7,5713.4048
1775865600,72962.71,73094.89,72612.16,72745.38,3069.59357
1775894400,72745.38,72982.4,72513.09,72858.17,2038.87706
1775923200,72858.18,73790.0,72812.94,73043.16,3962.47311
1775952000,73043.16,73137.24,71310.0,71665.0,6061.84636
1775980800,71664.99,71805.85,70604.07,70892.03,4142.1379
1776009600,70892.04,71452.0,70505.88,70740.98,3268.48375
1776038400,70741.56,71271.78,70615.3,70813.88,4560.74869
1776067200,70813.88,72464.28,70566.99,71866.59,6468.49388
1776096000,71866.59,74900.0,71679.8,74417.99,13200.97368
1776124800,74418.0,74924.64,73954.86,74546.0,6979.88266
1776153600,74545.99,76038.0,74277.19,75317.07,12477.17572
1776182400,75317.06,75688.0,73795.47,74131.55,7075.88618
1776211200,74131.55,74786.72,73514.0,73730.43,5216.15597
1776240000,73730.43,74506.84,73580.85,73844.08,4634.53433
1776268800,73844.07,75425.0,73762.89,74809.99,4574.35137
1776297600,74809.99,75267.85,74451.49,74707.03,4123.40371
1776326400,74707.02,75030.39,73309.85,74697.19,7897.29729
1776355200,74697.2,75534.76,73912.23,75154.29,5067.98677
1776384000,75154.28,75154.77,74529.4,75074.77,3500.35983
1776412800,75074.76,78052.49,74993.24,77785.02,16823.44153
1776441600,77785.03,78333.0,76911.0,77072.0,5617.56558
1776470400,77072.01,77420.08,76884.1,76997.8,2254.33614
1776499200,76997.79,77048.0,75763.76,76167.34,4342.72961
1776528000,76167.33,76211.57,75445.16,75691.76,2544.77881
1776556800,75691.76,75847.42,74867.72,75252.34,2632.54987
1776585600,75252.33,76240.66,74921.74,75846.63,4307.58508
1776614400,75846.63,75853.26,73762.9,73801.79,4429.68737
1776643200,73801.8,75572.0,73724.31,74837.17,4978.98973
1776672000,74837.18,75772.72,74619.41,75716.77,5363.64137
1776700800,75716.78,76558.62,75289.92,75840.97,6650.77924
1776729600,75840.97,76300.0,75474.77,76084.34,3839.21833
1776758400,76084.34,76927.57,75430.62,75834.65,6258.14117
1776787200,75834.66,76425.37,74821.57,76336.15,4815.21182
1776816000,76336.14,78452.18,76132.95,78012.79,7818.98211
1776844800,78012.78,79400.0,77941.59,79272.9,7782.27453
1776873600,79272.91,79472.82,78155.83,78178.23,4136.25561
1776902400,78178.22,78574.44,77453.43,78048.62,5194.40295
1776931200,78048.61,78662.5,77174.01,78376.76,6726.12741
1776960000,78376.77,78509.82,76960.0,78257.48,5050.26465
1776988800,78257.48,78581.93,77457.0,77644.6,4057.22133
1777017600,77644.59,78479.37,77402.01,78038.62,5769.23972
1777046400,78038.63,78060.29,77264.08,77437.13,2848.6821
1777075200,77437.13,77711.87,77309.92,77501.19,1837.02578
1777104000,77501.19,77885.35,77299.89,77330.26,1759.79373
1777132800,77330.25,77650.0,77140.23,77625.0,2088.29469
1777161600,77625.0,78200.0,77326.51,78102.53,2076.94477
1777190400,78102.53,78210.0,77770.0,78049.0,1852.24088
1777219200,78049.0,78961.0,77843.75,78657.55,4034.37597
1777248000,78657.55,79485.66,77465.05,77606.6,6651.39243
1777276800,77606.59,78265.34,76564.33,76793.09,5412.71891
1777305600,76793.1,77450.0,76459.64,77371.32,3982.81284
1777334400,77371.32,77478.0,76424.9,76879.28,4330.97602
1777363200,76879.28,77013.63,75666.6,76066.38,6619.50421
1777392000,76066.37,76481.3,75881.28,76342.77,2260.2436
1777420800,76342.78,77455.71,76187.75,77053.64,4866.50434
1777449600,77053.65,77904.93,75705.32,75924.25,7960.72998
1777478400,75924.24,76274.8,74937.52,75780.0,5452.6959
1777507200,75780.0,76473.26,75323.65,76161.67,3421.02622
1777536000,76161.67,76669.14,75876.29,76473.6,5218.2298
1777564800,76473.6,76568.9,76111.0,76346.57,1742.56005
1777593600,76346.58,77453.74,76320.42,77130.54,4602.78236
1777622400,77130.54,78914.12,77048.0,78445.89,8699.46875
1777651200,78445.88,78683.23,77752.0,78231.13,4013.21391
1777680000,78231.13,78514.82,78040.0,78220.0,2671.1751
1777708800,78220.0,78487.68,78094.43,78487.67,1594.21384
1777737600,78487.67,79199.48,78310.54,78686.85,1885.48748
1777766400,78686.84,78754.55,78084.08,78363.25,1841.93292
1777795200,78363.24,78878.77,78354.53,78668.36,2086.63144
1777824000,78668.36,79447.0,78484.42,78568.57,3497.22854
1777852800,78568.58,80635.51,78288.88,79696.75,8724.02568
1777881600,79696.75,80545.17,78202.0,80028.85,11907.17815
1777910400,80028.85,80776.99,79619.33,79861.01,5411.75752
1777939200,79861.01,81323.52,79808.72,80855.59,5376.7344
1777968000,80855.59,81712.32,80527.76,81525.19,7045.76395
1777996800,81525.19,81791.48,80790.0,80905.52,4524.6816
1778025600,80905.53,81760.84,80731.14,81359.82,5312.44997
1778054400,81359.82,82850.0,81136.0,81704.25,9697.59206
1778083200,81704.25,81907.51,81000.0,81447.01,3788.73193
1778112000,81447.01,81708.32,80725.09,81518.58,4107.01279
1778140800,81518.57,81590.0,79699.52,79890.63,7190.75999
1778169600,79890.0,80371.23,79500.0,80006.0,4857.0306
1778198400,80006.0,80142.84,79181.48,79682.4,5504.30182
1778227200,79682.4,80500.0,79549.54,80142.14,6089.59866
1778256000,80142.13,80409.09,79738.75,80193.17,4407.40961
1778284800,80193.18,80666.66,80129.85,80228.89,2574.59733
1778313600,80228.88,80600.0,80166.26,80527.92,2449.65897
1778342400,80527.92,81080.0,80487.4,80678.4,2524.16547
1778371200,80678.41,80887.15,80572.77,80736.03,2570.68431
1778400000,80736.03,81442.81,80691.0,81418.01,2751.38842
1778428800,81418.01,82479.32,80279.77,82210.07,6712.24609
1778457600,82210.07,82380.0,80525.0,80740.4,4734.9535
1778486400,80740.4,81458.0,80462.97,81445.9,4307.62778
1778515200,81445.89,82137.26,81344.72,81745.65,3909.17928
1778544000,81745.66,81788.0,80714.28,80865.4,3640.22355
1778572800,80865.4,80999.0,80188.65,80336.01,5178.80198
1778601600,80336.01,80896.25,79843.59,80504.47,3567.23123
1778630400,80504.47,81299.99,80412.15,81026.92,3071.68184
1778659200,81026.92,81324.64,78807.22,78827.21,6914.74539
1778688000,78827.21,79800.0,78754.65,79313.61,4823.6292
1778716800,79313.61,79998.0,78922.0,79745.98,4278.53418
1778745600,79745.99,81332.23,79230.31,81301.23,7548.55943
1778774400,81301.22,82048.13,81059.93,81089.99,7900.77446
1778803200,81090.0,81664.45,80314.0,80814.88,5544.82699
1778832000,80814.88,80822.95,78659.0,79150.27,7914.82908
1778860800,79150.26,79561.94,78911.42,79113.21,3891.61472
1778889600,79113.2,79227.77,78066.0,78369.77,3653.01238
1778918400,78369.78,78530.52,77640.0,78238.67,6530.45729
1778947200,78238.68,78364.65,78119.72,78148.05,1949.39225
1778976000,78148.05,78323.96,77721.19,78180.01,2237.02473
1779004800,78180.0,78599.99,77850.0,78051.41,2252.09937
1779033600,78051.42,78485.36,76735.16,77457.67,3953.5781
1779062400,77457.67,77477.99,76583.33,77073.69,5590.67881
1779091200,77073.69,77800.0,76051.0,76409.46,8268.65125
1779120000,76409.46,77222.79,76144.24,77001.87,4886.18672
1779148800,77001.88,77414.62,76487.83,77233.69,3515.21968
1779177600,77233.68,77317.02,76144.71,76521.23,5109.45859
1779206400,76521.24,77065.8,76407.72,76834.36,2400.18151
1779235200,76834.36,77472.21,76516.74,77282.64,3779.89289
1779264000,77282.65,77853.04,76891.61,77455.46,4722.17998
1779292800,77455.45,77766.6,77018.38,77552.23,2794.1902
1779321600,77552.24,78180.01,77521.0,77889.01,3718.04924
1779350400,77889.01,78200.0,76719.47,77259.46,4288.77842
1779379200,77259.45,78098.16,77008.75,77615.52,3311.43075
1779408000,77615.52,77900.0,77288.77,77408.06,2641.14514
1779436800,77408.07,77584.94,76570.0,76790.59,4050.37118
1779465600,76790.6,77093.72,75359.18,75539.5,4580.84502
1779494400,75539.5,75664.62,74289.6,74609.36,4587.0994
1779523200,74609.37,75726.3,74303.56,75520.0,5452.59633
1779552000,75519.99,77404.18,75371.72,76752.01,5047.19241
1779580800,76752.0,77065.94,76629.02,76799.99,1869.3723
1779609600,76799.99,77543.15,76195.36,76371.59,3728.50339
1779638400,76371.59,77225.97,76108.0,77064.96,2800.12587
1779667200,77064.96,77650.0,76914.25,77401.12,2716.93385
1779696000,77401.11,77905.52,77280.32,77628.82,2777.84399
1779724800,77628.82,77807.29,77019.82,77322.01,2177.54413
1779753600,77322.01,77345.0,76475.59,76730.84,4189.01699
1779782400,76730.84,78080.0,76272.63,76518.1,6731.08092
1779811200,76518.1,76710.01,75677.97,75930.01,6033.37838
1779840000,75930.01,76104.02,75310.9,75977.17,4628.65961
1779868800,75977.16,76174.15,74758.33,75326.01,6477.87213
1779897600,75326.02,75415.81,74243.99,74449.3,5771.24309
1779926400,74449.31,74590.77,72728.85,73498.0,10527.55423
1779955200,73498.0,73616.0,72582.82,72928.73,6626.76865
1779984000,72928.73,73949.22,72741.4,73617.51,4119.69738
1780012800,73617.52,73939.19,73189.11,73528.56,4765.11106
1780041600,73528.55,74200.0,72512.49,73808.26,6822.72502
1780070400,73808.25,74514.1,73187.25,73460.78,7098.90533
1780099200,73460.78,73796.43,73216.0,73548.6,3027.51283
1780128000,73548.6,74100.0,73500.02,73930.14,2561.57727
1780156800,73930.13,74143.76,73781.3,73884.38,1926.31899
1780185600,73884.38,74275.66,73836.0,73871.24,1968.95367
1780214400,73871.25,74024.0,73483.05,73655.21,2599.92462
1780243200,73655.2,74198.0,73400.0,73674.39,2417.57878
1780272000,73674.39,74092.0,72704.0,72818.0,4111.75083
1780300800,72818.0,73095.64,71066.33,71129.62,12673.26368
1780329600,71129.62,71800.73,70686.68,71408.9,7136.07733
1780358400,71408.9,71408.9,69733.0,70118.42,7743.08055
1780387200,70118.42,70172.0,67076.0,67304.28,13301.01191
1780416000,67304.29,68146.3,66193.0,66760.83,11814.1034
1780444800,66760.84,67516.0,65426.34,67220.03,11576.2505
1780473600,67220.03,67476.69,66076.0,66076.01,8378.41147
1780502400,66076.01,66373.18,64092.49,64142.75,10183.64453
1780531200,64142.75,64764.32,61383.56,63603.15,21957.92174
1780560000,63603.15,64494.92,62205.0,63896.17,14781.48055
1780588800,63896.16,64163.93,62944.91,63885.99,6837.77342
1780617600,63885.99,63978.0,61126.01,63115.99,14896.42163
1780646400,63115.99,63259.9,60000.0,60438.01,19098.17748
1780675200,60438.0,62000.0,59130.91,61056.47,21032.68896
1780704000,61056.47,61530.05,59500.0,61004.95,10007.653
1780732800,61004.95,61500.0,60198.0,60784.0,5765.05285
1780761600,60784.01,61000.0,60393.96,60884.62,4022.88292
1780790400,60884.62,62416.26,60746.0,62404.73,7862.39306
1780819200,62404.72,62960.0,61577.12,62093.99,9277.20125
1780848000,62093.99,64234.68,61184.0,63332.01,9472.51012
1780876800,63332.01,63863.06,62408.0,63283.99,6149.64632
1780905600,63284.0,64200.0,62718.3,63774.48,11879.28179
1780934400,63774.48,64046.86,62978.66,63085.99,5024.45813
1780963200,63086.0,63526.01,62423.07,63198.44,7467.29584
1780992000,63198.44,63208.86,61037.0,61131.84,8712.08271
1781020800,61131.85,62272.0,60780.0,61730.0,5456.84104
1781049600,61730.0,61974.7,61080.0,61687.56,3941.92786
1781078400,61687.56,62857.99,60755.0,62639.23,7597.04295
1781107200,62639.23,62646.0,61104.24,61510.99,4459.74571
1781136000,61510.99,62997.53,61510.99,62719.39,5335.16686
1781164800,62719.39,63257.21,62500.0,62749.44,6516.40808
1781193600,62749.44,63933.02,62348.0,63498.84,4847.55143
