timestamp,open,high,low,close,volume
1686614400,0.5982,0.6152,0.5932,0.6082,1636429.83
1686643200,0.6079,0.634,0.6018,0.6039,5110675.69
1686672000,0.6036,0.611,0.603,0.6099,1307809.92
1686700800,0.6099,0.6176,0.6072,0.614,841166.64
1686729600,0.614,0.6263,0.6105,0.6199,2128297.71
1686758400,0.6198,0.6336,0.5617,0.5893,5837690.09
1686787200,0.5892,0.5973,0.5822,0.5956,1727812.35
1686816000,0.5956,0.6002,0.5758,0.5786,3693472.73
1686844800,0.5786,0.5921,0.567,0.5871,2607453.74
1686873600,0.587,0.5903,0.581,0.5856,800312.58
1686902400,0.5857,0.59,0.5777,0.5868,1947260.99
1686931200,0.5868,0.5975,0.5844,0.5905,1630552.09
1686960000,0.5908,0.6048,0.5836,0.6002,1369865.72
1686988800,0.6004,0.6044,0.5943,0.595,1249605.15
1687017600,0.595,0.5973,0.5911,0.5919,1013531.03
1687046400,0.5917,0.5942,0.581,0.5885,1132465.96
1687075200,0.5883,0.5911,0.5835,0.5885,946200.43
1687104000,0.5884,0.5915,0.5556,0.5765,1822172.21
1687132800,0.5765,0.5796,0.5687,0.578,733490.12
1687161600,0.5779,0.5864,0.5734,0.576,2380284.37
1687190400,0.5761,0.5885,0.571,0.5846,1604823.54
1687219200,0.5846,0.5878,0.5791,0.5813,713058.12
1687248000,0.5814,0.582,0.5702,0.5813,919049.88
1687276800,0.5814,0.6056,0.5785,0.6036,1777951.05
1687305600,0.6036,0.6199,0.6013,0.6114,2642170.11
1687334400,0.6115,0.6164,0.5974,0.6122,2080876.63
1687363200,0.6122,0.633,0.6121,0.6279,3473228.65
1687392000,0.6277,0.6417,0.6242,0.6346,2352273.03
1687420800,0.635,0.6369,0.5924,0.6018,3892758.99
1687449600,0.6018,0.6666,0.5995,0.6325,11492099.13
1687478400,0.6323,0.654,0.6163,0.6238,3923281.77
1687507200,0.6239,0.6736,0.6161,0.6556,15268553.52
1687536000,0.6556,0.7183,0.6554,0.6771,15501945.27
1687564800,0.6771,0.6771,0.6554,0.6641,3550813.57
1687593600,0.6639,0.6949,0.6271,0.6369,7443671.66
1687622400,0.6369,0.6495,0.6282,0.6414,3166769.74
1687651200,0.6417,0.6758,0.637,0.664,3426311.01
1687680000,0.6636,0.6719,0.6512,0.6622,3206680.41
1687708800,0.6624,0.7067,0.6588,0.6765,6440835.35
1687737600,0.6767,0.6771,0.6415,0.6528,3696840.08
1687766400,0.6529,0.6617,0.6471,0.6591,3821644.08
1687795200,0.6587,0.7165,0.6376,0.6622,11321826.34
1687824000,0.6621,0.6665,0.6485,0.6552,2617717.77
1687852800,0.6554,0.6624,0.647,0.6529,3290152.76
1687881600,0.6527,0.66,0.65,0.6552,1783789.46
1687910400,0.6552,0.6554,0.6059,0.6189,2072954.82
1687939200,0.6189,0.6302,0.6149,0.6273,2553683.47
1687968000,0.6276,0.6312,0.5625,0.5998,3203703.53
1687996800,0.5999,0.6131,0.5984,0.6108,976321.8
1688025600,0.6108,0.6271,0.6019,0.6077,2661118.19
1688054400,0.6085,0.6166,0.6022,0.6156,1670749.07
1688083200,0.6155,0.6384,0.6059,0.6262,2175083.55
1688112000,0.6266,0.6428,0.5652,0.6075,4771105.91
1688140800,0.6073,0.635,0.6046,0.6278,2195966.07
1688169600,0.6283,0.67,0.6272,0.653,5591636.06
1688198400,0.6531,0.6555,0.6415,0.6533,3783407.51
1688227200,0.6532,0.6554,0.6358,0.6507,1512806.6
1688256000,0.6506,0.6519,0.6322,0.6397,1081822.6
1688284800,0.6397,0.6433,0.6255,0.6362,1371254.78
1688313600,0.636,0.6485,0.6285,0.644,1425117.03
1688342400,0.6445,0.6596,0.643,0.6508,2719714.9
1688371200,0.6508,0.6609,0.6346,0.655,2865315.24
1688400000,0.6557,0.6644,0.6471,0.6621,1805163.75
1688428800,0.662,0.6643,0.645,0.646,1800046.5
1688457600,0.6461,0.648,0.6366,0.6418,2674163.51
1688486400,0.6412,0.657,0.6265,0.6425,2885448.0
1688515200,0.6428,0.6529,0.6375,0.6452,1029538.6
1688544000,0.6448,0.6448,0.6018,0.6044,3449806.82
1688572800,0.6045,0.6144,0.6011,0.6082,1663515.58
1688601600,0.6082,0.6146,0.5927,0.6125,2457051.22
1688630400,0.6117,0.6213,0.5809,0.5974,3032738.07
1688659200,0.597,0.598,0.577,0.5782,1349324.49
1688688000,0.5783,0.5877,0.5671,0.5795,1442763.33
1688716800,0.5795,0.5873,0.5746,0.5843,1874334.41
1688745600,0.5844,0.5946,0.5776,0.5887,1342642.76
1688774400,0.5884,0.593,0.5813,0.587,995466.34
1688803200,0.5869,0.6033,0.5854,0.5912,2775991.14
1688832000,0.5912,0.595,0.5765,0.5927,1127016.53
1688860800,0.5926,0.5996,0.5874,0.5903,725916.49
1688889600,0.5903,0.5927,0.58,0.5877,1231095.16
1688918400,0.5871,0.5911,0.5813,0.5842,686132.57
1688947200,0.5846,0.5849,0.56,0.5704,2135916.88
1688976000,0.5708,0.5785,0.5636,0.5781,1383620.26
1689004800,0.5778,0.6077,0.5766,0.5893,5700906.79
1689033600,0.5894,0.606,0.5828,0.5961,1784999.25
1689062400,0.5961,0.6049,0.5897,0.5968,2148570.25
1689091200,0.5969,0.6055,0.5807,0.5907,2199921.23
1689120000,0.5908,0.5984,0.5898,0.5927,1133485.8
1689148800,0.5927,0.5996,0.5845,0.5869,1889859.68
1689177600,0.5868,0.5884,0.5725,0.5842,1232349.53
1689206400,0.5838,0.5857,0.5749,0.5811,709449.14
1689235200,0.5812,0.6053,0.5804,0.5962,2249002.11
1689264000,0.5968,0.6203,0.5952,0.6189,4936112.69
1689292800,0.6193,0.635,0.6192,0.6227,2812103.82
1689321600,0.6224,0.6378,0.6134,0.6327,2920081.75
1689350400,0.6327,0.65,0.5789,0.6044,5337858.67
1689379200,0.6046,0.611,0.5957,0.6089,1242818.38
1689408000,0.6088,0.6137,0.6019,0.6041,1501806.31
1689436800,0.6041,0.6534,0.5974,0.6364,13539529.11
1689465600,0.6365,0.6469,0.6096,0.6122,4480662.56
1689494400,0.6122,0.65,0.6069,0.6303,7295380.51
1689523200,0.6303,0.653,0.6186,0.6325,9202714.09
1689552000,0.6309,0.6841,0.6272,0.6815,6771823.5
1689580800,0.6815,0.7384,0.66,0.678,43708783.7
1689609600,0.678,0.685,0.6275,0.6537,9212819.97
1689638400,0.6538,0.6665,0.63,0.6366,4977535.25
1689667200,0.6366,0.6408,0.6178,0.6298,5124779.59
1689696000,0.6298,0.6398,0.6122,0.6327,2761886.75
1689724800,0.633,0.6913,0.6304,0.6694,6863568.75
1689753600,0.6694,0.68,0.6324,0.6389,6039374.2
1689782400,0.6389,0.6605,0.6341,0.6415,5211401.73
1689811200,0.6418,0.6599,0.636,0.654,3985784.87
1689840000,0.654,0.6576,0.6252,0.6341,5348853.6
1689868800,0.6343,0.6415,0.6307,0.6357,2006680.83
1689897600,0.6358,0.6788,0.628,0.652,8387012.47
1689926400,0.6522,0.6657,0.6383,0.661,5823434.48
1689955200,0.6609,0.682,0.6539,0.6708,9469983.18
1689984000,0.6704,0.6957,0.6673,0.6833,8941918.48
1690012800,0.6834,0.715,0.6829,0.7107,15594143.51
1690041600,0.7107,0.7132,0.6743,0.687,8395681.61
1690070400,0.6875,0.713,0.672,0.6775,7565957.44
1690099200,0.6775,0.685,0.6576,0.6615,5558184.45
1690128000,0.6615,0.673,0.6604,0.6654,2849473.25
1690156800,0.6655,0.6699,0.6371,0.6507,4097273.2
1690185600,0.6506,0.6506,0.581,0.6154,7791528.2
1690214400,0.6155,0.6198,0.6096,0.6191,2323040.03
1690243200,0.6189,0.6255,0.6107,0.6117,2409995.17
1690272000,0.6117,0.6207,0.6006,0.612,4151656.06
1690300800,0.6121,0.6153,0.6039,0.6077,1641348.64
1690329600,0.6083,0.6084,0.593,0.601,2423469.09
1690358400,0.6013,0.6067,0.5903,0.6051,2591967.67
1690387200,0.6052,0.613,0.5934,0.6044,2686911.01
1690416000,0.6047,0.6127,0.6001,0.6097,1605371.01
1690444800,0.6096,0.6159,0.6031,0.6041,2751181.42
1690473600,0.6043,0.6118,0.5956,0.6047,2196603.47
1690502400,0.6042,0.6091,0.5973,0.5994,1686290.08
1690531200,0.5997,0.6098,0.5989,0.6059,2087629.6
1690560000,0.606,0.6122,0.6018,0.608,1593583.21
1690588800,0.6079,0.6121,0.6063,0.6089,921812.97
1690617600,0.6088,0.61,0.6041,0.6069,1436235.57
1690646400,0.607,0.6121,0.6058,0.6098,1444467.02
1690675200,0.61,0.6164,0.6028,0.6059,2298388.13
1690704000,0.6058,0.6074,0.6007,0.6039,1881945.7
1690732800,0.6038,0.606,0.5712,0.5908,3340033.62
1690761600,0.5906,0.5968,0.5882,0.5897,1650197.73
1690790400,0.5898,0.5931,0.5851,0.5862,2074501.1
1690819200,0.5859,0.5906,0.5733,0.5813,3032546.84
1690848000,0.5812,0.5846,0.5484,0.565,3992652.22
1690876800,0.5653,0.5704,0.5612,0.5688,2176289.68
1690905600,0.5692,0.5824,0.5669,0.5815,2215004.85
1690934400,0.5818,0.5843,0.574,0.5746,1208586.95
1690963200,0.5746,0.5859,0.5648,0.5706,4372067.0
1690992000,0.5706,0.5735,0.5608,0.5674,1734023.54
1691020800,0.5673,0.573,0.5593,0.5617,1575371.83
1691049600,0.5617,0.5652,0.5535,0.5627,2450745.36
1691078400,0.5624,0.5657,0.5534,0.5557,1117565.46
1691107200,0.5556,0.5591,0.5524,0.5568,1500637.65
1691136000,0.5568,0.5613,0.5492,0.5588,1851146.96
1691164800,0.5588,0.576,0.545,0.5596,2567395.32
1691193600,0.5594,0.5619,0.5507,0.5531,880855.01
1691222400,0.553,0.5656,0.5515,0.5567,3674058.69
1691251200,0.556,0.561,0.5535,0.5601,1006432.23
1691280000,0.5601,0.576,0.5544,0.5659,2842766.93
1691308800,0.566,0.5697,0.5596,0.5677,1958636.25
1691337600,0.5676,0.5742,0.5637,0.5671,1356693.38
1691366400,0.5672,0.574,0.5624,0.5669,1240256.65
1691395200,0.567,0.5677,0.5553,0.5581,2537125.53
1691424000,0.5578,0.5613,0.5348,0.561,2272813.75
1691452800,0.561,0.5636,0.5564,0.5564,1029634.21
1691481600,0.5566,0.5646,0.5548,0.5626,1774085.28
1691510400,0.5622,0.57,0.562,0.5634,1863847.39
1691539200,0.5634,0.5663,0.5601,0.564,878140.68
1691568000,0.564,0.5677,0.5608,0.5624,1417178.49
1691596800,0.5629,0.5682,0.5571,0.5661,1086986.52
1691625600,0.5661,0.5662,0.5588,0.5593,678063.62
1691654400,0.5594,0.5682,0.5577,0.5595,1564372.57
1691683200,0.5595,0.5677,0.5582,0.5604,943240.94
1691712000,0.5605,0.5662,0.5576,0.5627,807047.19
1691740800,0.5626,0.5634,0.556,0.557,1319720.32
1691769600,0.557,0.5612,0.556,0.5602,725946.93
1691798400,0.5601,0.5627,0.5588,0.561,731049.02
1691827200,0.5611,0.5655,0.5602,0.5619,997290.68
1691856000,0.562,0.5699,0.5606,0.5629,1186840.2
1691884800,0.5629,0.5653,0.5611,0.5639,782931.89
1691913600,0.564,0.5654,0.561,0.5645,1092846.06
1691942400,0.5646,0.5677,0.557,0.5595,1525714.01
1691971200,0.5592,0.5627,0.5536,0.5604,977129.13
1692000000,0.5606,0.5625,0.5582,0.5608,1275790.68
1692028800,0.5608,0.5672,0.5545,0.564,1684082.65
1692057600,0.5639,0.5644,0.5556,0.5583,964718.67
1692086400,0.5583,0.5591,0.5438,0.5471,1963150.25
1692115200,0.5472,0.5489,0.445,0.4993,8512455.89
1692144000,0.4987,0.5015,0.4904,0.4991,2623537.28
1692172800,0.4991,0.4999,0.4811,0.4866,3459736.29
1692201600,0.4866,0.4976,0.4554,0.4747,4238694.48
1692230400,0.4749,0.4849,0.4653,0.4808,1423983.87
1692259200,0.4807,0.4831,0.4678,0.4711,2737997.47
1692288000,0.4713,0.488,0.3618,0.4219,8443904.58
1692316800,0.422,0.4337,0.4149,0.4257,3381247.52
1692345600,0.4261,0.4324,0.4218,0.4236,2753507.72
1692374400,0.4236,0.4311,0.416,0.4294,1757740.55
1692403200,0.429,0.4406,0.4285,0.4327,1326888.27
1692432000,0.433,0.4496,0.4328,0.4472,1903170.24
1692460800,0.447,0.451,0.4406,0.4476,2072737.36
1692489600,0.4475,0.4498,0.4408,0.4449,888360.42
1692518400,0.4449,0.4461,0.4381,0.4411,1425715.24
1692547200,0.4411,0.4499,0.4398,0.4447,2142911.18
1692576000,0.4447,0.4453,0.4366,0.4381,759152.17
1692604800,0.4378,0.4393,0.4177,0.4253,2369917.71
1692633600,0.4265,0.4394,0.4256,0.4352,1205324.86
1692662400,0.4354,0.4375,0.4288,0.4316,567834.84
1692691200,0.4318,0.4323,0.4199,0.4233,1471981.38
1692720000,0.4231,0.4279,0.4076,0.4268,2113539.86
1692748800,0.427,0.4327,0.4243,0.4269,749489.29
1692777600,0.4269,0.43,0.4201,0.4292,1373988.53
1692806400,0.4293,0.4402,0.4283,0.4357,1576964.43
1692835200,0.4357,0.436,0.4291,0.4316,791001.44
1692864000,0.4317,0.4344,0.4241,0.4247,1772649.58
1692892800,0.4244,0.4267,0.4133,0.4197,1731214.2
1692921600,0.4196,0.4255,0.4093,0.4151,1599517.53
1692950400,0.4149,0.419,0.4096,0.4143,1401437.64
1692979200,0.4137,0.4224,0.4121,0.4206,954955.55
1693008000,0.4206,0.4207,0.4145,0.4159,691104.03
1693036800,0.416,0.4194,0.4147,0.4173,838328.41
1693065600,0.417,0.417,0.4105,0.4141,841057.52
1693094400,0.4141,0.4159,0.4108,0.4137,443595.87
1693123200,0.4137,0.4174,0.412,0.416,726227.06
1693152000,0.416,0.4174,0.4122,0.4167,664068.63
1693180800,0.4166,0.4171,0.401,0.4081,1424718.13
1693209600,0.408,0.4181,0.4057,0.4156,1738724.25
1693238400,0.4159,0.4177,0.4111,0.4143,918500.07
1693267200,0.4143,0.4154,0.4087,0.4091,745745.05
1693296000,0.4087,0.43,0.4045,0.4271,3504312.94
1693324800,0.4272,0.4394,0.4272,0.4337,2871262.89
1693353600,0.4337,0.4357,0.4241,0.4288,1167998.01
1693382400,0.4287,0.4329,0.419,0.4216,2142944.93
1693411200,0.4216,0.4248,0.4208,0.4238,930127.53
1693440000,0.4238,0.4241,0.4197,0.421,839498.28
1693468800,0.4209,0.4244,0.4089,0.4127,1720110.54
1693497600,0.4128,0.4135,0.3918,0.4029,3580761.87
1693526400,0.4025,0.4071,0.4022,0.4048,565524.36
1693555200,0.4048,0.406,0.3972,0.4002,1586217.16
1693584000,0.4002,0.4021,0.3878,0.3948,2483157.25
1693612800,0.3948,0.3989,0.394,0.3957,704905.41
1693641600,0.3957,0.4108,0.3917,0.4008,2077488.94
1693670400,0.4008,0.4017,0.3944,0.4009,1154966.04
1693699200,0.4011,0.4024,0.3969,0.3987,423363.02
1693728000,0.399,0.4011,0.3929,0.3932,1068954.07
1693756800,0.3934,0.3955,0.3886,0.3937,959049.84
1693785600,0.3939,0.4012,0.3921,0.3939,1524073.93
1693814400,0.3938,0.4652,0.3909,0.4379,35105850.6
1693843200,0.4379,0.48,0.4216,0.4354,47344009.36
1693872000,0.4354,0.4504,0.4067,0.412,14704626.77
1693900800,0.4121,0.4449,0.4103,0.4137,8730041.3
1693929600,0.4137,0.4174,0.4074,0.4144,4031272.21
1693958400,0.4147,0.4197,0.409,0.4123,2980177.5
1693987200,0.412,0.4134,0.4018,0.4046,3483538.8
1694016000,0.4047,0.414,0.3995,0.4095,2381133.5
1694044800,0.4095,0.4115,0.4064,0.4087,959197.03
1694073600,0.409,0.4107,0.4054,0.4093,1638071.99
1694102400,0.4094,0.4155,0.4083,0.4121,1574189.22
1694131200,0.4121,0.4167,0.408,0.411,1457035.9
1694160000,0.411,0.4589,0.4093,0.4294,24833925.08
1694188800,0.4293,0.4301,0.4224,0.4296,3201891.33
1694217600,0.4297,0.4327,0.4232,0.4273,2826009.39
1694246400,0.4274,0.4281,0.4175,0.424,3840652.12
1694275200,0.4239,0.4359,0.4205,0.4295,5372353.33
1694304000,0.4294,0.438,0.3871,0.4105,6996339.47
1694332800,0.4105,0.4152,0.4001,0.4056,3616557.3
1694361600,0.4058,0.4105,0.3999,0.4066,1985923.41
1694390400,0.4066,0.4096,0.402,0.4061,1463611.91
1694419200,0.406,0.4063,0.38,0.3926,5065491.75
1694448000,0.3923,0.3937,0.3763,0.388,2480735.31
1694476800,0.3878,0.4007,0.3869,0.3937,1765616.86
1694505600,0.3937,0.4042,0.3923,0.3949,3712816.4
1694534400,0.3948,0.3993,0.3874,0.3905,1546787.35
1694563200,0.3903,0.3985,0.3849,0.3882,1994773.53
1694592000,0.3883,0.3946,0.3877,0.393,2702819.41
1694620800,0.393,0.3947,0.3892,0.3909,1128961.19
1694649600,0.3911,0.3974,0.3889,0.392,1583615.24
1694678400,0.3919,0.41,0.3893,0.3955,4104733.96
1694707200,0.3954,0.398,0.3922,0.3944,1622154.02
1694736000,0.3942,0.3986,0.3914,0.3927,1445842.52
1694764800,0.3926,0.396,0.3865,0.3915,2109163.21
1694793600,0.3915,0.4031,0.3905,0.4012,1938758.36
1694822400,0.4013,0.4097,0.4003,0.4038,3500690.37
1694851200,0.4039,0.4043,0.3963,0.3998,1908441.34
1694880000,0.3997,0.4006,0.396,0.3992,1206924.8
1694908800,0.3993,0.3996,0.3864,0.3912,1573354.91
1694937600,0.3913,0.3964,0.3905,0.3933,1248778.08
1694966400,0.3929,0.3936,0.3812,0.3883,1400861.87
1694995200,0.3883,0.3945,0.3833,0.3927,1188266.62
1695024000,0.3927,0.4017,0.3925,0.3971,2059711.72
1695052800,0.3972,0.4068,0.3887,0.3905,3585038.22
1695081600,0.3901,0.3933,0.3875,0.3906,1510067.09
1695110400,0.3905,0.3942,0.3888,0.3929,3219283.83
1695139200,0.3929,0.3933,0.3897,0.3917,1775222.18
1695168000,0.3918,0.3938,0.3874,0.3901,1642922.18
1695196800,0.39,0.3932,0.3861,0.3898,2193161.84
1695225600,0.3898,0.3928,0.3854,0.3903,1627685.64
1695254400,0.3902,0.3932,0.3884,0.3891,1178456.87
1695283200,0.389,0.3896,0.3777,0.3833,2173720.78
1695312000,0.3832,0.398,0.3817,0.3929,4784658.38
1695340800,0.3928,0.4087,0.3895,0.4,7751893.95
1695369600,0.3999,0.4002,0.386,0.3896,5041835.89
1695398400,0.3896,0.3934,0.3888,0.3915,1697565.0
1695427200,0.3916,0.3987,0.3916,0.396,2253554.78
1695456000,0.3959,0.3964,0.3864,0.3887,1763307.84
1695484800,0.3886,0.3948,0.3873,0.3941,1468395.44
1695513600,0.3945,0.43,0.3919,0.4176,11856725.68
1695542400,0.4175,0.4224,0.4066,0.4137,9976592.14
1695571200,0.4136,0.4239,0.4024,0.4051,7638527.72
1695600000,0.4051,0.4206,0.4006,0.4163,6619394.62
1695628800,0.4163,0.4241,0.4125,0.4204,6970448.73
1695657600,0.4206,0.4221,0.4101,0.4113,2407747.81
1695686400,0.4113,0.4247,0.4113,0.4181,3745581.6
1695715200,0.418,0.452,0.4136,0.4411,10178874.87
1695744000,0.4411,0.4596,0.4373,0.4469,11072575.44
1695772800,0.4468,0.452,0.4289,0.4428,8411890.54
1695801600,0.4428,0.5489,0.4415,0.5275,76924321.77
1695830400,0.5276,0.578,0.5162,0.5532,43710135.06
1695859200,0.5527,0.598,0.5057,0.5176,39586249.42
1695888000,0.5174,0.5388,0.5013,0.5181,25118621.39
1695916800,0.518,0.535,0.5157,0.5287,10044070.68
1695945600,0.5288,0.5303,0.4932,0.5149,13621902.59
1695974400,0.5149,0.5153,0.4729,0.4901,15053446.9
1696003200,0.4902,0.4948,0.484,0.4921,4455406.72
1696032000,0.4922,0.5136,0.4775,0.4981,11289370.07
1696060800,0.498,0.5042,0.4902,0.4931,7536289.14
1696089600,0.493,0.4951,0.4782,0.4803,4584728.2
1696118400,0.4804,0.4976,0.4754,0.4877,5986883.31
1696147200,0.4878,0.4989,0.4835,0.4864,7004531.44
1696176000,0.4864,0.4989,0.4785,0.4956,6952040.36
1696204800,0.4958,0.5249,0.4862,0.5086,11695533.36
1696233600,0.5088,0.5199,0.4781,0.4831,12761399.6
1696262400,0.4828,0.4894,0.455,0.4696,8212131.71
1696291200,0.4697,0.4779,0.4575,0.4647,4422364.14
1696320000,0.4646,0.4675,0.4553,0.4574,4896517.35
1696348800,0.4568,0.465,0.45,0.4528,3206760.31
1696377600,0.4526,0.4526,0.4123,0.4413,6032320.86
1696406400,0.4413,0.4439,0.4331,0.4349,3727318.45
1696435200,0.4349,0.4454,0.4328,0.4406,3599281.86
1696464000,0.4406,0.4461,0.4353,0.4384,1549692.03
1696492800,0.4383,0.4453,0.4301,0.4327,3026309.02
1696521600,0.4325,0.4341,0.4263,0.429,1472678.0
1696550400,0.4293,0.4399,0.427,0.4369,1571834.64
1696579200,0.4371,0.4398,0.4293,0.4385,2603645.45
1696608000,0.4386,0.459,0.4355,0.4408,6628053.52
1696636800,0.441,0.4441,0.4351,0.4362,1461747.52
1696665600,0.4359,0.4392,0.435,0.4362,1183020.15
1696694400,0.4361,0.4377,0.4302,0.4369,1119668.06
1696723200,0.437,0.4388,0.4302,0.4328,909354.33
1696752000,0.4328,0.4341,0.4219,0.429,2009601.86
1696780800,0.4292,0.4304,0.4215,0.4243,1833284.1
1696809600,0.4243,0.4275,0.4189,0.4213,1442365.24
1696838400,0.4214,0.4221,0.3949,0.4016,4841316.77
1696867200,0.4017,0.41,0.3914,0.4047,3146823.05
1696896000,0.4045,0.4067,0.3955,0.402,2086443.75
1696924800,0.402,0.4158,0.3982,0.4114,5663495.91
1696953600,0.4112,0.4183,0.3987,0.406,3735935.73
1696982400,0.406,0.4072,0.3917,0.3954,2058300.84
1697011200,0.3956,0.4264,0.3943,0.3998,4954590.01
1697040000,0.4,0.4052,0.3963,0.4041,1612933.43
1697068800,0.4039,0.4048,0.3995,0.3996,1351233.62
1697097600,0.3996,0.4035,0.3943,0.4029,1613623.95
1697126400,0.403,0.4046,0.3974,0.4029,1495783.59
1697155200,0.4028,0.4048,0.3999,0.4028,976588.27
1697184000,0.4027,0.4035,0.3994,0.403,1547988.64
1697212800,0.4028,0.4106,0.402,0.4042,1690242.49
1697241600,0.4039,0.4065,0.403,0.4039,783104.74
1697270400,0.4039,0.4063,0.4023,0.4061,1239767.44
1697299200,0.4063,0.4082,0.4017,0.4021,1204305.28
1697328000,0.4021,0.4055,0.3995,0.4053,972243.97
1697356800,0.4054,0.4195,0.4053,0.4094,5862874.42
1697385600,0.4092,0.413,0.4075,0.4101,2042855.83
1697414400,0.4101,0.4358,0.4093,0.4229,7484977.62
1697443200,0.4228,0.442,0.4208,0.4254,11015309.35
1697472000,0.4256,0.436,0.4215,0.4299,3296602.93
1697500800,0.43,0.4368,0.4166,0.4212,3228229.25
1697529600,0.4213,0.4227,0.3943,0.4084,5181067.9
1697558400,0.4084,0.4185,0.4033,0.4105,3492150.42
1697587200,0.4099,0.4157,0.4046,0.4085,1811600.83
1697616000,0.4086,0.4119,0.4029,0.404,2727743.26
1697644800,0.4039,0.4069,0.4004,0.4054,1925987.28
1697673600,0.4054,0.4059,0.3915,0.3994,2651400.78
1697702400,0.3992,0.4054,0.3986,0.4007,2410352.34
1697731200,0.4006,0.4045,0.3833,0.3925,3437771.79
1697760000,0.3925,0.407,0.3883,0.4045,2533339.39
1697788800,0.4046,0.4178,0.3993,0.3998,5108402.27
1697817600,0.4,0.4102,0.3987,0.4049,1926631.83
1697846400,0.4049,0.4234,0.4023,0.4095,5748901.32
1697875200,0.4094,0.4173,0.4089,0.4157,3961882.28
1697904000,0.4157,0.4207,0.4127,0.415,2694230.11
1697932800,0.4152,0.4182,0.4002,0.408,2922445.61
1697961600,0.4079,0.411,0.405,0.4062,2193258.16
1697990400,0.4062,0.4158,0.4061,0.4156,1864832.03
1698019200,0.4157,0.4215,0.4086,0.4125,3244936.47
1698048000,0.4125,0.4209,0.409,0.4132,3577942.11
1698076800,0.4131,0.4332,0.4125,0.4312,5241654.28
1698105600,0.4314,0.4471,0.4255,0.4339,9461775.36
1698134400,0.434,0.456,0.4186,0.4303,10747872.97
1698163200,0.43,0.447,0.4113,0.441,8702722.58
1698192000,0.441,0.4473,0.4251,0.4305,3648440.25
1698220800,0.4306,0.4697,0.4273,0.4609,8257793.13
1698249600,0.4609,0.4794,0.4441,0.4571,18453565.99
1698278400,0.4572,0.4633,0.4462,0.4623,5937867.06
1698307200,0.4623,0.4671,0.427,0.4402,12464409.22
1698336000,0.4402,0.455,0.4378,0.451,4119352.7
1698364800,0.4509,0.4514,0.4384,0.4433,3194909.2
1698393600,0.4434,0.4649,0.4423,0.4514,6878642.53
1698422400,0.4509,0.4567,0.4343,0.4416,4347448.61
1698451200,0.4416,0.4795,0.4409,0.4674,14085524.42
1698480000,0.4673,0.4946,0.465,0.4748,15061219.57
1698508800,0.4749,0.4751,0.4654,0.4732,5174906.6
1698537600,0.4732,0.4794,0.458,0.4696,4182809.64
1698566400,0.4695,0.4731,0.4643,0.4695,4227159.68
1698595200,0.4698,0.4784,0.4639,0.4704,4347358.79
1698624000,0.4705,0.4823,0.4665,0.4823,4343432.84
1698652800,0.4823,0.492,0.472,0.4752,9143251.9
1698681600,0.4749,0.4802,0.4627,0.4777,4186234.34
1698710400,0.4783,0.4871,0.4721,0.4732,5273327.04
1698739200,0.4732,0.4775,0.4357,0.4482,8069532.49
1698768000,0.4481,0.46,0.4447,0.4555,4057337.59
1698796800,0.4555,0.4584,0.4365,0.4424,3791089.76
1698825600,0.4424,0.453,0.4329,0.4426,7130426.02
1698854400,0.4425,0.4682,0.4404,0.4627,5840114.4
1698883200,0.4628,0.4713,0.4555,0.4592,3450315.96
1698912000,0.46,0.4644,0.4377,0.4416,5091852.83
1698940800,0.4414,0.4519,0.437,0.4498,2773938.8
1698969600,0.4498,0.4504,0.4262,0.4387,3459013.19
1698998400,0.4387,0.4416,0.4278,0.4415,4602920.84
1699027200,0.4414,0.4487,0.436,0.4445,2846763.46
1699056000,0.4443,0.449,0.44,0.4463,1984541.0
1699084800,0.4462,0.4504,0.4385,0.4418,3053650.2
1699113600,0.4418,0.4533,0.44,0.4491,2366227.25
1699142400,0.4491,0.4558,0.4472,0.4545,2824647.93
1699171200,0.4545,0.4676,0.4461,0.4528,7576338.99
1699200000,0.4528,0.4639,0.4434,0.4556,3408559.08
1699228800,0.4558,0.4658,0.4491,0.458,3665064.35
1699257600,0.4579,0.4762,0.4555,0.4702,8033969.92
1699286400,0.4699,0.4825,0.4639,0.4786,5879105.84
1699315200,0.4781,0.482,0.4645,0.4745,4144305.63
1699344000,0.4745,0.4773,0.4551,0.4602,5750209.5
1699372800,0.4605,0.473,0.445,0.4659,4526909.66
1699401600,0.4657,0.4692,0.4571,0.4674,3616865.53
1699430400,0.4673,0.4916,0.4664,0.4906,8453823.16
1699459200,0.4907,0.4909,0.4785,0.4816,5242870.34
1699488000,0.4813,0.5459,0.4754,0.5203,22985015.65
1699516800,0.5203,0.5308,0.4971,0.5057,18382442.24
1699545600,0.5057,0.5121,0.4323,0.482,19395434.08
1699574400,0.4824,0.6336,0.481,0.6196,51159376.73
1699603200,0.619,0.689,0.5424,0.6854,81592476.59
1699632000,0.6853,0.8779,0.683,0.843,199975601.12
1699660800,0.8435,0.8893,0.668,0.6756,84528313.14
1699689600,0.6757,0.7655,0.6435,0.7209,65456103.89
1699718400,0.721,0.745,0.7,0.726,23512032.52
1699747200,0.726,0.7339,0.6469,0.703,20773834.32
1699776000,0.7029,0.8666,0.7025,0.8015,74711711.67
1699804800,0.8022,0.82,0.7612,0.7932,22378570.56
1699833600,0.7925,0.854,0.7543,0.7889,31164808.43
1699862400,0.7895,0.8566,0.737,0.7732,36038745.45
1699891200,0.773,0.7836,0.7034,0.7207,15126089.77
1699920000,0.7209,0.7578,0.6904,0.7449,11338037.57
1699948800,0.7449,0.7545,0.7105,0.7383,13147085.93
1699977600,0.7385,0.7476,0.6708,0.7063,11533288.48
1700006400,0.7063,0.7592,0.704,0.7578,12655537.12
1700035200,0.7579,0.795,0.7422,0.762,18177627.6
1700064000,0.762,0.7643,0.731,0.7537,10635561.73
1700092800,0.7539,0.8032,0.7481,0.7835,14544411.8
1700121600,0.7834,0.7865,0.7,0.7079,17671122.81
1700150400,0.7079,0.724,0.675,0.6882,12561662.89
1700179200,0.6882,0.7174,0.6774,0.6794,8174791.6
1700208000,0.6794,0.69,0.62,0.6268,17202055.53
1700236800,0.6268,0.6548,0.6225,0.6541,7518432.19
1700265600,0.6538,0.6558,0.594,0.6238,7034873.47
1700294400,0.6233,0.6843,0.6198,0.6471,20831381.28
1700323200,0.6471,0.6546,0.6332,0.643,5735279.51
1700352000,0.6433,0.6619,0.6259,0.6542,6112915.77
1700380800,0.6542,0.6607,0.6325,0.6426,7569084.85
1700409600,0.6428,0.6577,0.6386,0.6519,4891006.3
1700438400,0.6523,0.6638,0.6385,0.6468,5028873.82
1700467200,0.6467,0.6573,0.63,0.6444,5969155.5
1700496000,0.6444,0.6475,0.6142,0.622,5640414.21
1700524800,0.6221,0.634,0.6101,0.614,3949064.37
1700553600,0.6142,0.6261,0.581,0.6035,8997924.52
1700582400,0.6033,0.615,0.5554,0.5619,13711806.19
1700611200,0.5618,0.5928,0.5605,0.5895,6509673.04
1700640000,0.5898,0.6592,0.589,0.6348,27603490.72
1700668800,0.6348,0.6486,0.6231,0.6329,15030291.82
1700697600,0.6331,0.6488,0.6269,0.6407,8360488.37
1700726400,0.64,0.668,0.6215,0.624,13304294.5
1700755200,0.6241,0.6335,0.6207,0.631,4642547.28
1700784000,0.631,0.6486,0.6274,0.6371,6258038.97
1700812800,0.6371,0.6651,0.6309,0.6415,10897661.23
1700841600,0.6414,0.6444,0.6268,0.6318,3954284.9
1700870400,0.6316,0.6522,0.6267,0.649,6437720.95
1700899200,0.6492,0.6593,0.6367,0.6457,5936065.62
1700928000,0.646,0.6864,0.6448,0.6669,23368826.46
1700956800,0.667,0.703,0.6553,0.6932,14381848.18
1700985600,0.6931,0.775,0.6729,0.7598,57313219.04
1701014400,0.7597,0.8384,0.7368,0.7804,87759750.11
1701043200,0.7807,0.874,0.7268,0.8295,72036386.56
1701072000,0.83,0.9333,0.75,0.7831,117990643.33
1701100800,0.7832,0.7932,0.7094,0.7408,41343889.49
1701129600,0.7408,0.7473,0.6847,0.6916,17509141.32
1701158400,0.6917,0.7514,0.6908,0.7449,17636036.59
1701187200,0.7449,0.7995,0.7313,0.7632,36434676.7
1701216000,0.7633,0.817,0.7512,0.8001,18115528.62
1701244800,0.8006,0.817,0.7579,0.7674,30973903.96
1701273600,0.7675,0.7789,0.7477,0.7505,12831546.07
1701302400,0.7505,0.7821,0.7406,0.7525,14057175.16
1701331200,0.7527,0.7539,0.7272,0.7367,11195665.14
1701360000,0.7365,0.7377,0.7253,0.7347,6085365.61
1701388800,0.7347,0.75,0.7289,0.732,5843995.72
1701417600,0.732,0.8191,0.7318,0.7907,28472461.17
1701446400,0.7906,0.8081,0.7778,0.7951,19540403.04
1701475200,0.7951,0.8265,0.7862,0.8058,13188921.44
1701504000,0.8059,0.83,0.7937,0.8059,18675693.64
1701532800,0.8058,0.8187,0.8012,0.8062,10238055.66
1701561600,0.8062,0.845,0.7968,0.8202,21495777.08
1701590400,0.8202,0.8903,0.8179,0.8544,46566264.57
1701619200,0.8543,0.9032,0.838,0.8982,24118496.89
1701648000,0.8979,1.22,0.8965,1.1524,106387142.21
1701676800,1.1519,1.21,0.85,1.0084,92506566.68
1701705600,1.0084,1.2658,1.0077,1.2565,60902845.01
1701734400,1.2565,1.2864,1.0646,1.0942,38267513.98
1701763200,1.0945,1.2581,1.0919,1.1498,45452812.17
1701792000,1.1499,1.16,1.1012,1.1562,24125431.79
1701820800,1.1557,1.1815,1.0284,1.0316,25859260.85
1701849600,1.0316,1.0744,1.0042,1.0494,18894089.11
1701878400,1.0491,1.1362,1.0202,1.0364,17241940.41
1701907200,1.0365,1.0747,1.0156,1.0504,10395690.51
1701936000,1.0503,1.0889,1.0236,1.0383,18877941.59
1701964800,1.0383,1.043,0.9825,0.9946,11807986.37
1701993600,0.9945,1.059,0.9938,1.0171,10549709.32
1702022400,1.0171,1.0742,1.007,1.039,15517551.62
1702051200,1.0391,1.0579,1.0267,1.0359,9488721.81
1702080000,1.0359,1.0586,1.0332,1.0518,7900268.17
1702108800,1.0516,1.0624,0.9965,1.0113,14482126.8
1702137600,1.0114,1.0141,0.9464,0.9591,10105109.94
1702166400,0.959,0.9908,0.9486,0.9737,6728165.46
1702195200,0.9738,1.1331,0.9541,1.1129,52533333.05
1702224000,1.1125,1.185,1.075,1.093,48853508.91
1702252800,1.0927,1.132,0.94,1.0208,26409160.79
1702281600,1.0212,1.033,0.9756,0.9918,12476838.37
1702310400,0.9914,0.9921,0.9203,0.9607,18770782.68
1702339200,0.9606,0.9996,0.946,0.9785,11415887.64
1702368000,0.9788,0.9911,0.9285,0.9451,10225528.78
1702396800,0.945,1.0,0.933,0.9746,11658248.79
1702425600,0.9759,0.9856,0.9104,0.9286,7635016.28
1702454400,0.929,0.982,0.9283,0.9565,12199787.86
1702483200,0.9567,1.0279,0.9422,1.0004,13908337.89
1702512000,1.0012,1.0298,0.9859,1.0077,7262992.19
1702540800,1.0071,1.0096,0.935,0.972,9987308.93
1702569600,0.9715,1.0178,0.97,1.0074,8338746.56
1702598400,1.0075,1.0342,0.9733,0.9844,9123293.91
1702627200,0.9842,0.9975,0.9456,0.9533,8052773.69
1702656000,0.9536,0.974,0.93,0.9361,5587722.65
1702684800,0.9363,0.9624,0.92,0.9532,4260568.01
1702713600,0.9532,1.011,0.9504,0.9865,9484007.99
1702742400,0.9867,1.0073,0.9518,0.9655,9696963.99
1702771200,0.9656,0.9692,0.9326,0.9347,3925941.18
1702800000,0.9351,0.9894,0.9327,0.9616,7072107.6
1702828800,0.9618,0.9775,0.9348,0.9417,4950775.9
1702857600,0.9421,0.9518,0.8676,0.8758,8919520.48
1702886400,0.8759,0.8923,0.8358,0.8731,12329592.08
1702915200,0.8736,0.9068,0.8684,0.9064,4590495.06
1702944000,0.9064,0.9296,0.8988,0.9294,4819071.07
1702972800,0.9294,1.0214,0.9046,0.957,35858193.13
1703001600,0.957,0.9798,0.9297,0.9536,10218752.98
1703030400,0.954,0.9836,0.9369,0.9598,7374385.55
1703059200,0.96,0.9815,0.9457,0.9656,11478015.21
1703088000,0.9655,0.9695,0.9323,0.9439,6055196.74
1703116800,0.9441,0.9698,0.932,0.9603,5287707.26
1703145600,0.9606,0.9722,0.9376,0.9438,7227695.02
1703174400,0.9439,0.9799,0.937,0.9634,7620931.36
1703203200,0.9635,0.9737,0.941,0.9487,6378294.26
1703232000,0.9483,1.014,0.936,0.9863,17587159.79
1703260800,0.9863,1.03,0.9724,1.0004,17203439.38
1703289600,1.0005,1.0068,0.9535,0.9714,5548754.3
1703318400,0.9714,1.0046,0.9633,0.9948,5493476.42
1703347200,0.9949,1.001,0.9714,0.9797,5634509.81
1703376000,0.9796,0.9993,0.9644,0.9795,4530515.36
1703404800,0.9797,0.9818,0.9542,0.9697,6903839.53
1703433600,0.97,0.975,0.938,0.9456,7865659.02
1703462400,0.9457,0.9729,0.9361,0.9622,4926067.49
1703491200,0.9624,0.9893,0.953,0.9762,7713506.36
1703520000,0.9762,0.9881,0.9621,0.9694,5837391.22
1703548800,0.9696,0.996,0.9406,0.9562,7848008.72
1703577600,0.956,0.9778,0.937,0.9404,8696076.15
1703606400,0.9404,0.9541,0.825,0.9047,13563617.47
1703635200,0.9047,0.9069,0.87,0.8883,4481109.31
1703664000,0.8882,0.9254,0.8871,0.9177,6130260.54
1703692800,0.9178,0.93,0.9042,0.9178,4943188.74
1703721600,0.9176,0.934,0.907,0.9165,6526823.4
1703750400,0.9169,0.9255,0.8525,0.8733,9452264.53
1703779200,0.8728,0.8949,0.8481,0.8665,6398131.66
1703808000,0.8666,0.8811,0.8333,0.8621,4493549.36
1703836800,0.8621,0.9389,0.8559,0.8699,8724053.97
1703865600,0.8701,0.8776,0.8313,0.8531,5568137.18
1703894400,0.8531,0.8713,0.8463,0.8671,2965982.58
1703923200,0.867,0.8681,0.8309,0.8554,6089820.3
1703952000,0.8551,0.8726,0.8528,0.8597,4036924.96
1703980800,0.8602,0.8799,0.8431,0.8597,4659990.12
1704009600,0.8599,0.9075,0.8585,0.8663,10193271.23
1704038400,0.8661,0.8709,0.793,0.8276,6544267.54
1704067200,0.8277,0.8364,0.8101,0.8264,3242256.68
1704096000,0.8261,0.8401,0.8241,0.8387,2372087.65
1704124800,0.839,0.863,0.8359,0.8598,4317841.64
1704153600,0.8597,0.8749,0.8556,0.8683,3238621.73
1704182400,0.8681,0.8806,0.8324,0.8444,4896619.46
1704211200,0.8444,0.8474,0.8284,0.8366,3404549.11
1704240000,0.8367,0.8667,0.8345,0.8575,3418946.01
1704268800,0.8573,0.8601,0.555,0.7061,27171050.15
1704297600,0.7063,0.7174,0.6699,0.7011,13534264.55
1704326400,0.7011,0.7134,0.6816,0.7008,4793974.14
1704355200,0.7011,0.7323,0.6915,0.7252,6141494.48
1704384000,0.7249,0.8048,0.724,0.7591,20153037.93
1704412800,0.759,0.7773,0.71,0.7278,9441095.24
1704441600,0.728,0.7471,0.7028,0.7141,7350075.39
1704470400,0.7139,0.735,0.7017,0.7253,5799020.38
1704499200,0.7254,0.726,0.6719,0.6899,4419997.28
1704528000,0.69,0.7115,0.6855,0.7097,3567669.39
1704556800,0.7097,0.7154,0.6908,0.6994,2222919.3
1704585600,0.6992,0.72,0.6978,0.712,2387334.2
1704614400,0.7121,0.7168,0.6861,0.6895,3175836.36
1704643200,0.6895,0.7028,0.654,0.6641,4824613.52
1704672000,0.6646,0.6681,0.6127,0.6484,6864988.74
1704700800,0.648,0.6883,0.6408,0.6842,3850466.1
1704729600,0.6842,0.7353,0.6775,0.7262,9021588.8
1704758400,0.7258,0.7259,0.7044,0.7133,3654644.33
1704787200,0.7135,0.717,0.6358,0.6683,8260021.76
1704816000,0.6683,0.6809,0.6463,0.6758,5949829.03
1704844800,0.6763,0.6921,0.6739,0.6765,3169255.13
1704873600,0.6768,0.7043,0.6569,0.6747,6570194.97
1704902400,0.6749,0.74,0.6684,0.7289,9626928.81
1704931200,0.7291,0.7343,0.7103,0.723,3628405.53
1704960000,0.7229,0.755,0.7133,0.7239,8992116.4
1704988800,0.724,0.7369,0.7072,0.7299,4935713.86
1705017600,0.7298,0.7754,0.729,0.7543,12580019.28
1705046400,0.7543,0.7621,0.7175,0.7209,8858495.23
1705075200,0.7206,0.729,0.6637,0.6985,8832201.86
1705104000,0.6996,0.7103,0.675,0.706,2881122.16
1705132800,0.7061,0.7112,0.6915,0.7075,3551980.96
1705161600,0.7073,0.8079,0.7039,0.754,27678650.33
1705190400,0.754,0.759,0.7328,0.7414,3887047.48
1705219200,0.7412,0.766,0.7344,0.7606,4772662.19
1705248000,0.7606,0.7733,0.7143,0.7167,10779385.16
1705276800,0.7168,0.739,0.7167,0.7342,4208713.24
1705305600,0.7344,0.7379,0.7104,0.7144,3892596.42
1705334400,0.7144,0.7878,0.7133,0.7336,10904808.09
1705363200,0.7336,0.765,0.7278,0.7519,7209541.58
1705392000,0.7519,0.757,0.725,0.7425,6524463.67
1705420800,0.7428,0.7492,0.7319,0.7451,3111697.26
1705449600,0.7451,0.7482,0.7237,0.7269,3156922.92
1705478400,0.7266,0.7388,0.7241,0.7272,3657452.15
1705507200,0.7273,0.7406,0.716,0.7341,4365965.26
1705536000,0.7342,0.7352,0.7186,0.7303,2096421.37
1705564800,0.7303,0.7551,0.7054,0.7183,10784546.6
1705593600,0.7183,0.7189,0.6758,0.6907,4919181.17
1705622400,0.6908,0.6927,0.6734,0.6837,2480372.56
1705651200,0.6834,0.6872,0.6469,0.6512,9429541.0
1705680000,0.6513,0.6631,0.6166,0.6597,6966241.95
1705708800,0.6597,0.6745,0.649,0.6721,2616165.52
1705737600,0.6721,0.6744,0.655,0.66,2314224.9
1705766400,0.6596,0.6707,0.6513,0.6621,2810025.0
1705795200,0.6621,0.6672,0.6506,0.66,2635388.36
1705824000,0.6599,0.6679,0.6556,0.6571,2269108.94
1705852800,0.6573,0.6597,0.6445,0.6468,1905500.74
1705881600,0.6467,0.6507,0.6123,0.6224,4600339.07
1705910400,0.6227,0.6261,0.592,0.6017,9202133.75
1705939200,0.6014,0.606,0.58,0.5923,6383310.83
1705968000,0.5924,0.6087,0.588,0.5932,2867480.77
1705996800,0.593,0.5949,0.5503,0.5752,8048421.76
1706025600,0.5752,0.5868,0.5644,0.5851,3045955.1
1706054400,0.5849,0.5961,0.5801,0.5934,2544306.13
1706083200,0.5937,0.6043,0.5842,0.5939,3544562.08
1706112000,0.5935,0.6004,0.5846,0.6001,2950854.07
1706140800,0.6001,0.6005,0.5801,0.588,2626216.14
1706169600,0.588,0.5942,0.5757,0.5816,4374371.46
1706198400,0.5813,0.5931,0.5742,0.5876,1960724.93
1706227200,0.5873,0.5943,0.5827,0.5866,1368123.21
1706256000,0.5867,0.6127,0.5866,0.6111,3522100.1
1706284800,0.6113,0.6186,0.6072,0.6184,3914616.26
1706313600,0.6183,0.7071,0.6163,0.6484,18213282.54
1706342400,0.6483,0.6671,0.6444,0.6502,9696027.15
1706371200,0.6502,0.6576,0.6376,0.6519,5225928.11
1706400000,0.6524,0.6698,0.6484,0.6498,3777649.99
1706428800,0.65,0.6557,0.6398,0.6439,3495146.69
1706457600,0.6439,0.6535,0.6281,0.6364,2735553.13
1706486400,0.6366,0.649,0.6344,0.6397,1688652.8
1706515200,0.6398,0.6432,0.6244,0.6387,5466808.7
1706544000,0.6387,0.651,0.6368,0.6473,4527013.11
1706572800,0.6471,0.6537,0.6377,0.6444,2133163.2
1706601600,0.6444,0.6566,0.6289,0.6372,6031709.32
1706630400,0.6373,0.6459,0.62,0.6243,3219966.97
1706659200,0.625,0.6277,0.61,0.6206,2731688.98
1706688000,0.6204,0.6214,0.5957,0.6099,4334076.87
1706716800,0.6099,0.623,0.5959,0.6027,5249563.39
1706745600,0.6031,0.607,0.585,0.5971,3045046.18
1706774400,0.5964,0.6084,0.5945,0.6019,2499521.63
1706803200,0.602,0.6099,0.5972,0.6078,1567482.26
1706832000,0.6075,0.6189,0.6055,0.6187,1862064.91
1706860800,0.6186,0.6191,0.6001,0.6186,3014508.86
1706889600,0.6185,0.6232,0.6117,0.6204,1454429.3
1706918400,0.6206,0.6261,0.6116,0.6129,1447844.74
1706947200,0.6134,0.6152,0.6051,0.6109,1416451.24
1706976000,0.6111,0.664,0.6101,0.6602,17061530.24
1707004800,0.6599,0.66,0.6253,0.6292,7080128.05
1707033600,0.6292,0.6573,0.625,0.6521,9462165.93
1707062400,0.6525,0.6603,0.6171,0.6292,7846867.58
1707091200,0.6287,0.6519,0.6224,0.6507,4116122.72
1707120000,0.6503,0.6549,0.633,0.6359,5275068.88
1707148800,0.6361,0.6425,0.6257,0.6325,2300662.85
1707177600,0.6325,0.6412,0.6293,0.634,1769437.49
1707206400,0.6341,0.6381,0.6202,0.6301,2851763.97
1707235200,0.6299,0.6588,0.6279,0.6408,4366672.25
1707264000,0.6407,0.6555,0.6361,0.6422,3504945.21
1707292800,0.6422,0.6684,0.6391,0.6599,6373626.83
1707321600,0.6599,0.666,0.6566,0.6606,4174326.19
1707350400,0.6607,0.6672,0.6492,0.6523,2396838.29
1707379200,0.6524,0.6906,0.6514,0.6698,10782697.52
1707408000,0.6696,0.6705,0.6553,0.6567,3375150.74
1707436800,0.6569,0.6705,0.6504,0.6653,2586427.8
1707465600,0.6653,0.6802,0.6505,0.6642,6770284.51
1707494400,0.6643,0.6716,0.6592,0.6693,3092799.35
1707523200,0.6693,0.6935,0.6652,0.6765,5362063.77
1707552000,0.6767,0.6818,0.6579,0.6778,4240138.76
1707580800,0.6771,0.6938,0.6711,0.6838,5232779.19
1707609600,0.6838,0.6944,0.6766,0.6905,2679765.8
1707638400,0.6905,0.6933,0.664,0.6716,3184672.4
1707667200,0.6717,0.6741,0.6557,0.6607,2291517.27
1707696000,0.6606,0.6681,0.642,0.6531,5190146.58
1707724800,0.6535,0.662,0.6401,0.6618,3479193.52
1707753600,0.6618,0.6781,0.6566,0.6746,4565791.31
1707782400,0.6747,0.6829,0.6671,0.6783,2022589.35
1707811200,0.6782,0.6878,0.6388,0.6562,6941117.38
1707840000,0.6562,0.6646,0.6494,0.661,2497589.86
1707868800,0.6611,0.6674,0.6538,0.6664,2342404.3
1707897600,0.6664,0.6991,0.6655,0.6923,8304619.76
1707926400,0.6921,0.6991,0.6807,0.6914,5241675.43
1707955200,0.6916,0.7164,0.6829,0.7039,10437681.28
1707984000,0.7038,0.7613,0.6969,0.743,28623552.12
1708012800,0.743,0.7568,0.7171,0.7317,12473021.8
1708041600,0.7318,0.7455,0.7228,0.726,5658161.2
1708070400,0.7259,0.7374,0.698,0.7117,9351045.99
1708099200,0.7118,0.7188,0.7013,0.7144,2722142.83
1708128000,0.7145,0.717,0.7003,0.7124,2129076.14
1708156800,0.7123,0.718,0.6812,0.6951,7509775.15
1708185600,0.6949,0.715,0.6926,0.7125,3811246.5
1708214400,0.7127,0.7177,0.706,0.7119,2596616.19
1708243200,0.7119,0.725,0.7092,0.7147,3247682.51
1708272000,0.7147,0.722,0.7067,0.7137,2881457.5
1708300800,0.7138,0.738,0.711,0.7297,5992110.1
1708329600,0.7299,0.7318,0.7068,0.7153,5377323.18
1708358400,0.7152,0.7209,0.7042,0.7138,4297021.45
1708387200,0.7138,0.7213,0.6956,0.7183,5136788.16
1708416000,0.7184,0.728,0.6479,0.6784,9053130.04
1708444800,0.6784,0.6922,0.6578,0.6855,5027809.58
1708473600,0.6858,0.6878,0.6635,0.669,2696235.03
1708502400,0.6692,0.6738,0.64,0.6562,7074078.25
1708531200,0.6563,0.6833,0.6536,0.669,11342173.48
1708560000,0.6691,0.6785,0.6544,0.6748,3597737.46
1708588800,0.6745,0.679,0.6568,0.671,3845355.1
1708617600,0.6709,0.6727,0.6581,0.6601,3581437.77
1708646400,0.6602,0.6692,0.6507,0.6593,2932503.83
1708675200,0.6593,0.6677,0.637,0.6537,5592276.26
1708704000,0.6535,0.6612,0.634,0.651,4634097.89
1708732800,0.6516,0.6608,0.6398,0.6595,2725249.83
1708761600,0.6596,0.6663,0.6588,0.6631,3131537.35
1708790400,0.663,0.673,0.663,0.6657,2529067.72
1708819200,0.6658,0.6695,0.6586,0.6647,2023471.94
1708848000,0.6648,0.6663,0.6597,0.6627,2042388.73
1708876800,0.6626,0.71,0.6615,0.6939,15021218.64
1708905600,0.694,0.6949,0.6764,0.679,3787828.61
1708934400,0.6788,0.6901,0.665,0.6865,5704054.7
1708963200,0.6867,0.6933,0.6788,0.6903,4961642.64
1708992000,0.6905,0.7069,0.6836,0.7018,6445333.89
1709020800,0.7018,0.715,0.6872,0.6918,6994544.56
1709049600,0.6917,0.7084,0.6817,0.7042,7057091.78
1709078400,0.7045,0.712,0.6963,0.7086,3501793.4
1709107200,0.7087,0.727,0.6984,0.7192,10885825.96
1709136000,0.7192,0.7381,0.6111,0.7123,17561404.47
1709164800,0.712,0.7868,0.7111,0.7761,22273332.33
1709193600,0.7759,0.7765,0.7366,0.7582,13339713.33
1709222400,0.7579,0.7594,0.6793,0.711,11553124.91
1709251200,0.7112,0.7269,0.7107,0.7192,4787317.95
1709280000,0.7195,0.7449,0.7176,0.7267,7530093.41
1709308800,0.7268,0.773,0.7261,0.7592,10027491.84
1709337600,0.7591,0.8207,0.7506,0.8046,19340327.97
1709366400,0.8045,0.8754,0.7733,0.8522,26035465.46
1709395200,0.8523,0.927,0.8442,0.865,29307963.27
1709424000,0.8646,0.8975,0.7202,0.7974,16943003.59
1709452800,0.7975,0.857,0.7912,0.8297,13804696.54
1709481600,0.8298,0.8471,0.8225,0.8325,6945565.83
1709510400,0.8325,0.8611,0.8109,0.8475,8753175.9
1709539200,0.8475,0.855,0.8113,0.835,11874019.36
1709568000,0.835,0.8555,0.7945,0.8208,14414651.07
1709596800,0.8209,0.8668,0.8055,0.8167,16227281.52
1709625600,0.8168,1.55,0.8098,1.4021,233843936.53
1709654400,1.402,1.47,0.88,1.187,152889120.65
1709683200,1.1875,1.3257,1.066,1.3206,64026726.43
1709712000,1.3207,1.3711,1.0415,1.1224,76330269.31
1709740800,1.1226,1.1797,1.0954,1.1232,24875185.44
1709769600,1.1234,1.1499,1.0618,1.0824,20647659.52
1709798400,1.0824,1.3139,1.069,1.1626,53941269.05
1709827200,1.1626,1.1716,1.1248,1.1569,15213216.57
1709856000,1.1571,1.213,1.1414,1.1536,16481160.46
1709884800,1.1537,1.1691,1.05,1.0976,20927836.32
1709913600,1.0978,1.1594,1.0775,1.1379,12280906.42
1709942400,1.1379,1.1619,1.1257,1.142,9284102.38
1709971200,1.1421,1.1471,1.0955,1.1253,11498686.6
1710000000,1.125,1.135,1.1032,1.1317,7411493.01
1710028800,1.1317,1.1749,1.1202,1.1323,10313355.18
1710057600,1.1321,1.1352,1.0509,1.0673,11696918.82
1710086400,1.0676,1.0862,1.0556,1.0843,5809746.93
1710115200,1.0848,1.089,0.9934,1.0809,10211071.49
1710144000,1.0809,1.1689,1.0778,1.0936,19256321.85
1710172800,1.0936,1.1944,1.0932,1.1309,25812212.44
1710201600,1.1306,1.1386,1.0741,1.0819,9274076.01
1710230400,1.0817,1.0872,1.0508,1.0806,10095157.34
1710259200,1.0806,1.1248,1.0103,1.0912,13650666.45
1710288000,1.0912,1.1227,1.0886,1.1038,7695989.09
1710316800,1.1038,1.1098,1.0389,1.0561,9618343.38
1710345600,1.0561,1.0741,1.0507,1.0684,4390459.95
1710374400,1.0681,1.0887,1.0564,1.0708,6146801.37
1710403200,1.0711,1.091,1.0104,1.0327,10308364.77
1710432000,1.0321,1.0566,0.9668,1.0483,10888767.05
1710460800,1.0484,1.0667,0.9,0.9857,17541728.31
1710489600,0.9859,0.9876,0.8801,0.943,13095044.62
1710518400,0.943,0.9849,0.9287,0.9696,7190043.09
1710547200,0.9699,0.9799,0.9433,0.9768,5135441.92
1710576000,0.9775,0.9795,0.9028,0.9279,8248254.32
1710604800,0.928,0.929,0.851,0.8727,11036478.45
1710633600,0.8726,0.95,0.8334,0.8693,10035590.87
1710662400,0.8689,0.9166,0.8623,0.9129,6596119.93
1710691200,0.9125,0.9233,0.9,0.9105,4181718.85
1710720000,0.9106,0.9217,0.8745,0.9053,4942990.18
1710748800,0.9055,1.0083,0.8786,0.9432,27249098.56
1710777600,0.943,0.964,0.8897,0.906,13127485.95
1710806400,0.9058,0.9198,0.7884,0.8286,14504065.09
1710835200,0.829,0.8562,0.7846,0.8557,11378417.99
1710864000,0.8556,0.8686,0.7928,0.8107,7043817.8
1710892800,0.8107,0.84,0.7798,0.8361,9368876.71
1710921600,0.8361,0.8699,0.8198,0.8251,10509695.64
1710950400,0.8253,0.9106,0.7946,0.8914,13446238.8
1710979200,0.8913,0.9078,0.8671,0.8815,4990653.25
1711008000,0.8814,0.9853,0.88,0.9275,16341924.8
1711036800,0.9274,0.9883,0.9095,0.9409,15183729.04
1711065600,0.9408,0.9729,0.9232,0.9498,10575293.72
1711094400,0.95,0.9529,0.89,0.9173,11066617.24
1711123200,0.9171,1.0729,0.9005,1.0135,43927465.35
1711152000,1.0135,1.0138,0.9639,0.992,12197303.07
1711180800,0.9921,1.1728,0.9873,1.103,77540881.63
1711209600,1.103,1.112,1.0667,1.094,17280896.8
1711238400,1.094,1.1853,1.07,1.1023,24450661.94
1711267200,1.1022,1.1463,1.0765,1.079,12593753.1
1711296000,1.079,1.3,1.0759,1.2529,56750395.14
1711324800,1.2529,1.3817,1.2529,1.3506,35985862.74
1711353600,1.3504,1.3673,1.2564,1.2821,24510406.48
1711382400,1.2821,1.3334,1.2449,1.2602,19011956.26
1711411200,1.2606,1.2768,1.2386,1.2646,11262597.29
1711440000,1.2647,1.3413,1.1906,1.2032,28223401.34
1711468800,1.2032,1.2138,1.1626,1.1814,14405021.13
1711497600,1.1814,1.2242,1.1515,1.165,10402529.76
1711526400,1.1653,1.175,1.085,1.0998,22613900.45
1711555200,1.1,1.12,1.0861,1.0989,6817356.69
1711584000,1.0987,1.1265,1.0806,1.1209,6556887.26
1711612800,1.1208,1.1263,1.0868,1.1064,8783691.91
1711641600,1.1067,1.1549,1.0959,1.1429,10351351.39
1711670400,1.1428,1.1428,1.0657,1.0709,7398746.84
1711699200,1.0708,1.11,1.0707,1.0822,6128967.84
1711728000,1.0822,1.096,1.0697,1.0853,4581149.65
1711756800,1.0854,1.0982,1.0754,1.0762,3950159.82
1711785600,1.0762,1.129,1.0754,1.1118,13731763.27
1711814400,1.1116,1.116,1.0657,1.0817,6295424.3
1711843200,1.0814,1.113,1.0721,1.1019,5139201.07
1711872000,1.1017,1.131,1.0865,1.126,7933300.63
1711900800,1.126,1.192,1.1143,1.1574,14761626.48
1711929600,1.1573,1.17,1.05,1.0919,12313712.78
1711958400,1.0916,1.0982,1.042,1.048,9381823.74
1711987200,1.0482,1.0756,1.0335,1.0683,6012366.25
1712016000,1.0684,1.0685,0.9721,0.9913,11980956.76
1712044800,0.9916,0.9945,0.9465,0.9622,13842940.92
1712073600,0.9623,0.9831,0.9548,0.9591,6399466.83
1712102400,0.9591,0.9727,0.8983,0.9655,11992256.9
1712131200,0.9657,0.9789,0.9335,0.9431,6597607.22
1712160000,0.9426,0.956,0.9026,0.9218,4817972.23
1712188800,0.922,0.9372,0.897,0.9258,4167498.3
1712217600,0.9259,0.9459,0.9174,0.9367,4299360.17
1712246400,0.9367,0.9646,0.914,0.9314,8113988.5
1712275200,0.9313,0.9351,0.8836,0.894,4338369.73
1712304000,0.894,0.9276,0.8685,0.9104,11411123.92
1712332800,0.9103,0.9282,0.8751,0.8805,9740243.11
1712361600,0.8801,0.9037,0.8666,0.8993,4742556.27
1712390400,0.8993,0.9042,0.8813,0.8927,4461325.25
1712419200,0.8923,0.9088,0.8898,0.9,3136341.2
1712448000,0.9,0.9177,0.896,0.9089,4020502.07
1712476800,0.9088,0.9292,0.9022,0.9144,3805976.1
1712505600,0.9145,0.9261,0.8926,0.9093,3786367.39
1712534400,0.9093,0.9131,0.8801,0.9099,3556891.76
1712563200,0.9102,0.9337,0.909,0.9234,6814396.72
1712592000,0.9233,0.95,0.92,0.9408,4933652.99
1712620800,0.9408,0.946,0.9043,0.9098,4644890.41
1712649600,0.9098,0.92,0.8761,0.895,6635738.3
1712678400,0.8949,0.8949,0.8739,0.8785,3205900.28
1712707200,0.878,0.8851,0.8465,0.8688,4525648.32
1712736000,0.8688,0.8689,0.804,0.8463,8404551.88
1712764800,0.8459,0.869,0.8432,0.8641,3372592.07
1712793600,0.8646,0.8867,0.8584,0.8839,2568777.19
1712822400,0.8838,0.8847,0.8388,0.8559,4881186.22
1712851200,0.8559,0.8588,0.8341,0.8512,4740680.03
1712880000,0.85,0.8713,0.8457,0.8476,2914200.22
1712908800,0.8477,0.8545,0.81,0.8197,6408954.31
1712937600,0.8195,0.822,0.6166,0.6814,35721960.68
1712966400,0.6814,0.6956,0.6489,0.6877,9803740.13
1712995200,0.6874,0.7041,0.676,0.6816,7339380.46
1713024000,0.6815,0.6843,0.4985,0.578,43323924.17
1713052800,0.5777,0.625,0.5572,0.6246,13391517.28
1713081600,0.6246,0.6267,0.588,0.599,12744415.94
1713110400,0.5989,0.6325,0.5765,0.625,11517635.67
1713139200,0.6249,0.6526,0.6062,0.6433,7232597.72
1713168000,0.6431,0.6557,0.6092,0.622,9458798.93
1713196800,0.622,0.6267,0.5722,0.6029,10104562.47
1713225600,0.603,0.6147,0.5735,0.6119,5890121.72
1713254400,0.612,0.6124,0.5787,0.5806,7662758.75
1713283200,0.5805,0.615,0.579,0.6071,5263397.88
1713312000,0.6071,0.615,0.5987,0.6075,3230882.21
1713340800,0.6076,0.61,0.5734,0.5785,6430311.76
1713369600,0.5785,0.6139,0.5709,0.596,6903798.72
1713398400,0.5956,0.6058,0.579,0.5828,4741426.33
1713427200,0.583,0.614,0.5757,0.6083,5805808.76
1713456000,0.6081,0.614,0.5942,0.609,3196747.82
1713484800,0.609,0.6238,0.5581,0.6114,11243075.73
1713513600,0.6111,0.6215,0.6051,0.6161,5325285.74
1713542400,0.616,0.6189,0.5934,0.603,4442746.39
1713571200,0.6032,0.6163,0.5914,0.6124,3678571.16
1713600000,0.6124,0.6526,0.6041,0.6478,8121817.42
1713628800,0.6478,0.6757,0.64,0.6665,10518777.09
1713657600,0.6664,0.6738,0.653,0.6675,3926825.96
1713686400,0.667,0.6767,0.6513,0.6572,5168075.07
1713715200,0.6574,0.6582,0.6368,0.6505,5081923.43
1713744000,0.6502,0.6742,0.6455,0.662,6494583.17
1713772800,0.6621,0.6684,0.6524,0.66,4549412.26
1713801600,0.6598,0.6739,0.6542,0.668,3774602.01
1713830400,0.6676,0.6928,0.6544,0.6796,8485571.48
1713859200,0.6797,0.6808,0.6585,0.6726,6995640.4
1713888000,0.6728,0.6792,0.6636,0.6697,3341504.06
1713916800,0.6697,0.6854,0.6659,0.6744,4061929.93
1713945600,0.6743,0.6841,0.6385,0.6393,7788935.85
1713974400,0.6391,0.6461,0.6188,0.6275,5019432.51
1714003200,0.6275,0.6305,0.6078,0.6186,3082670.09
1714032000,0.6188,0.6337,0.6088,0.6324,5490197.95
1714060800,0.6321,0.6461,0.6303,0.6366,4233488.25
1714089600,0.637,0.6573,0.617,0.633,9234919.74
1714118400,0.6331,0.6381,0.6134,0.6288,5521198.66
1714147200,0.6278,0.6338,0.6175,0.6198,2403943.46
1714176000,0.6206,0.622,0.5801,0.6053,5044438.68
1714204800,0.6053,0.6166,0.5987,0.6062,2562054.72
1714233600,0.6067,0.6257,0.6031,0.6182,2417027.63
1714262400,0.6182,0.6319,0.6177,0.6238,1805357.89
1714291200,0.6238,0.6251,0.6146,0.6187,1854715.24
1714320000,0.6188,0.6265,0.5995,0.6025,2381268.31
1714348800,0.6026,0.6087,0.5828,0.5908,4493188.46
1714377600,0.5909,0.5967,0.5824,0.5951,3546888.91
1714406400,0.5952,0.5994,0.5847,0.5944,2278612.64
1714435200,0.5944,0.6023,0.5851,0.5892,2525837.25
1714464000,0.5892,0.5909,0.5409,0.5518,8058652.72
1714492800,0.5514,0.5612,0.5357,0.556,4981025.73
1714521600,0.5562,0.5587,0.5136,0.5243,5815803.2
1714550400,0.5244,0.548,0.5127,0.5374,5942409.94
1714579200,0.5372,0.5682,0.5339,0.5641,5568267.86
1714608000,0.5639,0.5662,0.5449,0.5542,1870884.13
1714636800,0.5543,0.5763,0.5531,0.5738,3658025.69
1714665600,0.5739,0.5873,0.5694,0.5782,4220326.06
1714694400,0.578,0.5886,0.5721,0.5732,2538855.84
1714723200,0.5733,0.5952,0.565,0.5922,6038531.04
1714752000,0.5924,0.6049,0.5851,0.5993,3096625.24
1714780800,0.5991,0.6021,0.5912,0.5946,2801924.79
1714809600,0.5946,0.6096,0.5939,0.6025,4452813.38
1714838400,0.6025,0.6085,0.5985,0.6014,2396174.27
1714867200,0.6015,0.6063,0.5857,0.5929,3073989.57
1714896000,0.5929,0.6058,0.5888,0.605,3048912.93
1714924800,0.605,0.652,0.5937,0.6342,13197711.46
1714953600,0.6341,0.6711,0.631,0.6386,15783479.51
1714982400,0.6386,0.6448,0.6019,0.6176,10571925.28
1715011200,0.6174,0.6194,0.6019,0.6072,3811975.36
1715040000,0.6073,0.6124,0.5913,0.6037,3084940.18
1715068800,0.6038,0.6137,0.5999,0.6065,3326716.1
1715097600,0.6061,0.6099,0.5842,0.5886,2918190.23
1715126400,0.5879,0.6642,0.5807,0.6449,27578708.73
1715155200,0.645,0.6505,0.6015,0.647,24690021.8
1715184000,0.6471,0.6471,0.6041,0.6155,9921160.12
1715212800,0.6154,0.6293,0.6107,0.6132,4178763.51
1715241600,0.6131,0.6236,0.6022,0.6148,6150803.7
1715270400,0.6151,0.6245,0.6089,0.6188,5469596.16
1715299200,0.6188,0.6298,0.6185,0.6195,2837735.27
1715328000,0.6195,0.6225,0.5809,0.5858,8020119.34
1715356800,0.5857,0.5906,0.5757,0.589,4500522.7
1715385600,0.589,0.5965,0.5869,0.592,1848320.31
1715414400,0.592,0.6129,0.5839,0.6064,7268919.39
1715443200,0.6064,0.6149,0.5964,0.5986,3569497.53
1715472000,0.5985,0.6026,0.5903,0.594,1620446.01
1715500800,0.5938,0.6035,0.5903,0.5999,2553536.45
1715529600,0.5998,0.6002,0.5884,0.5938,1829725.82
1715558400,0.594,0.5999,0.5561,0.5809,5112691.31
1715587200,0.5811,0.5917,0.578,0.5838,4519755.03
1715616000,0.5837,0.5925,0.5738,0.5776,2889138.42
1715644800,0.5777,0.5811,0.5609,0.5734,2590896.0
1715673600,0.5732,0.5785,0.5508,0.5604,4795660.85
1715702400,0.5603,0.5627,0.5519,0.5549,2596611.23
1715731200,0.5549,0.5632,0.5519,0.5623,1362199.26
1715760000,0.5624,0.5781,0.5508,0.5722,5393981.75
1715788800,0.5724,0.5904,0.5703,0.5885,3441439.07
1715817600,0.5885,0.5953,0.5836,0.5943,2648853.65
1715846400,0.5942,0.5954,0.561,0.5714,4255407.65
1715875200,0.5711,0.5784,0.5672,0.5773,2325852.32
1715904000,0.5775,0.5899,0.5727,0.5867,2100088.05
1715932800,0.5868,0.5956,0.5813,0.5931,2898397.16
1715961600,0.5933,0.5996,0.5892,0.5931,2494203.73
1715990400,0.5931,0.6053,0.5912,0.5965,2273726.96
1716019200,0.5966,0.6056,0.5784,0.5845,5890522.16
1716048000,0.5844,0.5879,0.5827,0.5873,1181426.42
1716076800,0.5876,0.5909,0.5807,0.5834,1868880.3
1716105600,0.5834,0.5839,0.5648,0.5703,2695639.94
1716134400,0.5703,0.5712,0.5585,0.5645,1428393.51
1716163200,0.5644,0.5784,0.5573,0.5702,1744783.46
1716192000,0.5701,0.5751,0.5664,0.575,1714853.07
1716220800,0.5752,0.6099,0.5727,0.6076,8086043.84
1716249600,0.6076,0.6179,0.5968,0.6072,5497576.59
1716278400,0.6072,0.6212,0.6028,0.6047,5472010.85
1716307200,0.6049,0.6159,0.5979,0.6077,5288338.51
1716336000,0.6077,0.6136,0.5916,0.6044,4583808.76
1716364800,0.6041,0.6568,0.6003,0.6353,32209211.33
1716393600,0.6353,0.6378,0.6184,0.6263,5429189.53
1716422400,0.6262,0.638,0.6232,0.6278,4496647.81
1716451200,0.6278,0.6283,0.5818,0.5961,11354204.78
1716480000,0.5959,0.6024,0.5559,0.598,10170291.59
1716508800,0.5979,0.6172,0.5859,0.5922,4186390.47
1716537600,0.5921,0.6193,0.5831,0.6035,6671536.33
1716566400,0.6036,0.6196,0.5957,0.61,4743994.04
1716595200,0.6101,0.6149,0.6043,0.6101,2568082.08
1716624000,0.6098,0.6144,0.6005,0.6069,2933404.39
1716652800,0.607,0.6175,0.606,0.6167,1984760.36
1716681600,0.6166,0.6192,0.6031,0.6072,2123359.09
1716710400,0.6069,0.6084,0.5932,0.5982,2966782.36
1716739200,0.5983,0.6,0.5881,0.5964,5263993.32
1716768000,0.5966,0.6073,0.5943,0.598,2332838.02
1716796800,0.5981,0.6154,0.598,0.6122,4175253.79
1716825600,0.6123,0.6163,0.5993,0.6147,3305507.08
1716854400,0.6148,0.6155,0.5917,0.5979,4616163.19
1716883200,0.5977,0.6103,0.5953,0.6017,4059674.89
1716912000,0.6019,0.6099,0.5947,0.6059,3056498.28
1716940800,0.6067,0.6389,0.6022,0.6193,5933232.8
1716969600,0.6192,0.6314,0.6074,0.6074,5932487.28
1716998400,0.6075,0.6189,0.601,0.6047,2888566.1
1717027200,0.6044,0.6161,0.5832,0.5863,4191831.26
1717056000,0.5861,0.83,0.5789,0.7793,46635807.42
1717084800,0.7793,0.7903,0.6563,0.6807,55307527.88
1717113600,0.6806,0.6912,0.6561,0.6723,15203003.09
1717142400,0.6723,0.6995,0.6658,0.6694,15574574.82
1717171200,0.6694,0.6764,0.6454,0.6668,11800394.71
1717200000,0.6668,0.6738,0.6505,0.6523,5674628.62
1717228800,0.6524,0.6597,0.6498,0.6555,4280896.23
1717257600,0.6557,0.693,0.6548,0.6791,11295114.55
1717286400,0.6791,0.6908,0.654,0.6566,5731700.6
1717315200,0.6564,0.6698,0.6474,0.6628,6200266.56
1717344000,0.6633,0.6645,0.6308,0.6433,5945507.3
1717372800,0.6434,0.659,0.6359,0.654,3666109.14
1717401600,0.654,0.6601,0.6379,0.6478,5410478.08
1717430400,0.6478,0.6627,0.6394,0.6422,3406586.88
1717459200,0.6423,0.6553,0.6395,0.6512,3927158.22
1717488000,0.6512,0.6581,0.6132,0.641,10793415.55
1717516800,0.6411,0.6523,0.6397,0.648,4507620.95
1717545600,0.6482,0.6562,0.6426,0.6521,2987176.97
1717574400,0.6521,0.6551,0.6427,0.6505,3965003.08
1717603200,0.6505,0.6712,0.6455,0.6602,3341954.18
1717632000,0.66,0.6798,0.6485,0.6565,5687747.92
1717660800,0.6567,0.657,0.6463,0.6501,3049259.06
1717689600,0.6502,0.6565,0.6291,0.6545,5994397.74
1717718400,0.6545,0.6729,0.6522,0.6584,7442720.59
1717747200,0.6585,0.6596,0.64,0.6531,4679968.33
1717776000,0.653,0.653,0.513,0.5809,15537672.17
1717804800,0.5809,0.5893,0.577,0.5846,3386107.32
1717833600,0.5845,0.5894,0.5543,0.5704,5353143.89
1717862400,0.5702,0.5704,0.5511,0.5583,4069515.83
1717891200,0.5582,0.5649,0.5532,0.5626,1673204.69
1717920000,0.5625,0.5729,0.5603,0.5707,2523830.28
1717948800,0.5708,0.5758,0.5694,0.5734,1825176.34
1717977600,0.5731,0.5735,0.5574,0.5583,1705647.14
1718006400,0.5582,0.5883,0.5581,0.5826,3939066.83
1718035200,0.5828,0.5839,0.5623,0.5675,2992531.04
1718064000,0.5672,0.5727,0.54,0.5559,5027379.74
1718092800,0.5558,0.5592,0.5259,0.535,6505772.25
1718121600,0.5346,0.5489,0.5273,0.5439,3456071.46
1718150400,0.5439,0.5491,0.5269,0.5447,3631044.85
1718179200,0.5447,0.5696,0.5402,0.5646,4413229.14
1718208000,0.5649,0.604,0.5519,0.5629,21328427.9
1718236800,0.5628,0.5672,0.5341,0.5391,5765095.4
1718265600,0.5391,0.5457,0.5183,0.5201,6241180.29
1718294400,0.5198,0.5429,0.5145,0.5223,5166327.8
1718323200,0.5225,0.5321,0.5152,0.528,2503127.14
1718352000,0.528,0.534,0.5118,0.5154,3553579.36
1718380800,0.5154,0.5174,0.474,0.492,9555203.99
1718409600,0.4919,0.5035,0.4897,0.4999,2477724.22
1718438400,0.5003,0.5083,0.4965,0.5036,2502737.72
1718467200,0.5031,0.5052,0.4907,0.4956,2090612.72
1718496000,0.4957,0.5186,0.4934,0.5079,8843789.69
1718524800,0.5079,0.5272,0.5053,0.5235,6977265.8
1718553600,0.5233,0.525,0.5162,0.5189,4847919.14
1718582400,0.5187,0.534,0.4943,0.4978,7572326.91
1718611200,0.4978,0.5003,0.4752,0.4766,6205559.1
1718640000,0.4767,0.4925,0.4586,0.4711,5518713.5
1718668800,0.4708,0.4724,0.385,0.4362,12753232.06
1718697600,0.4363,0.4599,0.4143,0.4317,8096430.48
1718726400,0.4317,0.4376,0.4227,0.4359,5956480.88
1718755200,0.4353,0.4484,0.4307,0.4404,4219326.92
1718784000,0.4406,0.4425,0.4292,0.433,4162182.55
1718812800,0.4333,0.4435,0.4313,0.4425,3434461.48
1718841600,0.4423,0.457,0.4379,0.4552,5496681.99
1718870400,0.4553,0.4586,0.4325,0.4366,6004020.96
1718899200,0.4367,0.4441,0.4304,0.4364,2818066.9
1718928000,0.4364,0.4442,0.4295,0.4324,2768136.41
1718956800,0.4325,0.4393,0.4243,0.4351,4199713.22
1718985600,0.4348,0.4357,0.4249,0.4304,2627264.47
1719014400,0.4304,0.4312,0.3984,0.4015,11572295.93
1719043200,0.4017,0.4172,0.3975,0.4149,9455987.93
1719072000,0.4149,0.415,0.4073,0.4082,2143479.85
1719100800,0.4081,0.4175,0.4075,0.4157,1959397.41
1719129600,0.4156,0.4205,0.4017,0.4049,3199484.6
1719158400,0.4048,0.4088,0.3967,0.4009,2794398.94
1719187200,0.4009,0.4111,0.3856,0.3965,4448741.23
1719216000,0.397,0.4305,0.377,0.4213,16404399.11
1719244800,0.4211,0.4275,0.4064,0.4236,8452035.51
1719273600,0.4234,0.442,0.4222,0.4238,3945887.56
1719302400,0.4242,0.4348,0.4229,0.4334,3513646.76
1719331200,0.4333,0.4338,0.4266,0.4295,2746479.28
1719360000,0.4293,0.4344,0.4223,0.4282,2408009.85
1719388800,0.4285,0.4324,0.4241,0.4256,2000764.32
1719417600,0.4256,0.4298,0.4135,0.4241,3399726.44
1719446400,0.4244,0.429,0.4165,0.4181,2033752.62
1719475200,0.4182,0.4342,0.4177,0.4293,4865529.46
1719504000,0.4295,0.4337,0.4266,0.4307,1940151.42
1719532800,0.4306,0.4394,0.4268,0.4319,2730054.86
1719561600,0.4317,0.4395,0.4287,0.434,3719871.86
1719590400,0.4339,0.4348,0.4192,0.4197,3295743.67
1719619200,0.4195,0.4303,0.418,0.4275,1636874.72
1719648000,0.4276,0.4294,0.423,0.4264,1322248.53
1719676800,0.4266,0.4267,0.4137,0.4163,1434117.61
1719705600,0.4162,0.4231,0.4084,0.4214,2392982.01
1719734400,0.4214,0.4267,0.4205,0.4225,1832246.19
1719763200,0.4228,0.4327,0.4211,0.4307,1882537.83
1719792000,0.4309,0.4369,0.4274,0.4316,1924679.65
1719820800,0.4317,0.4327,0.4193,0.4254,2760479.59
1719849600,0.4254,0.431,0.4231,0.4238,2154681.16
1719878400,0.4237,0.4284,0.4198,0.4231,1461949.37
1719907200,0.4232,0.4284,0.4184,0.4206,2103785.26
1719936000,0.4206,0.425,0.4156,0.4248,1652911.39
1719964800,0.4248,0.4268,0.4036,0.4117,2349006.74
1719993600,0.4114,0.4133,0.3966,0.4027,4047265.01
1720022400,0.4022,0.4043,0.3884,0.3991,2867394.04
1720051200,0.3992,0.4024,0.379,0.3827,4398782.91
1720080000,0.3821,0.3845,0.3641,0.3796,7267820.84
1720108800,0.3796,0.3797,0.3554,0.3587,3649630.05
1720137600,0.3587,0.3599,0.2937,0.3242,20523918.55
1720166400,0.3241,0.3401,0.3121,0.3374,8115816.7
1720195200,0.3372,0.342,0.3334,0.3357,3643163.67
1720224000,0.3357,0.3518,0.3345,0.3468,3792039.15
1720252800,0.3467,0.3639,0.3428,0.362,4248429.42
1720281600,0.3616,0.3742,0.3604,0.3699,3675121.91
1720310400,0.37,0.3705,0.3596,0.3671,5528496.74
1720339200,0.3671,0.3714,0.3503,0.3572,4005399.77
1720368000,0.3572,0.3836,0.3505,0.353,14679599.44
1720396800,0.3531,0.3584,0.3345,0.3532,6494473.95
1720425600,0.3535,0.3799,0.3531,0.3646,9010923.69
1720454400,0.3644,0.3718,0.3587,0.3686,2325019.3
1720483200,0.3686,0.378,0.3657,0.3722,2461745.1
1720512000,0.3722,0.3786,0.369,0.3752,3501055.19
1720540800,0.3751,0.3819,0.372,0.3806,2571360.1
1720569600,0.3804,0.3897,0.3735,0.3826,2736276.94
1720598400,0.3828,0.3854,0.376,0.3806,2867687.99
1720627200,0.3807,0.3837,0.3758,0.3813,1387167.82
1720656000,0.3814,0.3857,0.3739,0.3804,1586125.46
1720684800,0.3804,0.3904,0.3761,0.3779,2377061.5
1720713600,0.3774,0.3829,0.3687,0.37,2578355.16
1720742400,0.3702,0.3844,0.3654,0.3763,3160703.26
1720771200,0.3763,0.3778,0.3651,0.3756,3649481.3
1720800000,0.3759,0.3785,0.3695,0.3773,2081217.89
1720828800,0.3771,0.3824,0.3749,0.3804,1376177.33
1720857600,0.3806,0.3833,0.3749,0.3795,2047757.28
1720886400,0.3795,0.3962,0.3755,0.3837,5406939.59
1720915200,0.3837,0.3922,0.3836,0.3868,2029756.9
1720944000,0.3868,0.39,0.3794,0.3836,1477104.18
1720972800,0.3835,0.3917,0.3811,0.3888,1907029.48
1721001600,0.3884,0.4025,0.3884,0.3987,2902598.94
1721030400,0.3987,0.4215,0.3927,0.4091,8665572.02
1721059200,0.4092,0.4236,0.4059,0.4224,6316908.4
1721088000,0.4224,0.4265,0.402,0.403,4888790.49
1721116800,0.4032,0.4211,0.3973,0.4204,6386673.56
1721145600,0.4206,0.4696,0.4152,0.4531,32772234.0
1721174400,0.453,0.4697,0.4471,0.4509,8487089.06
1721203200,0.4509,0.455,0.4411,0.4424,7386012.12
1721232000,0.4424,0.45,0.4361,0.4449,4573851.34
1721260800,0.4449,0.451,0.438,0.4422,2933229.26
1721289600,0.4422,0.4435,0.4232,0.4252,5486214.56
1721318400,0.4252,0.4335,0.4189,0.4311,3224584.48
1721347200,0.4309,0.4351,0.4194,0.4239,3443795.57
1721376000,0.424,0.461,0.4124,0.4448,23298884.16
1721404800,0.445,0.4524,0.4435,0.448,3771224.93
1721433600,0.4479,0.4644,0.4383,0.4574,4329801.17
1721462400,0.4573,0.4573,0.4414,0.4534,3613611.5
1721491200,0.4535,0.4558,0.446,0.4473,2983011.67
1721520000,0.4473,0.4499,0.436,0.4388,2136625.58
1721548800,0.4388,0.4487,0.4375,0.444,3141870.51
1721577600,0.444,0.4529,0.4233,0.4505,4860128.29
1721606400,0.4506,0.4538,0.4299,0.435,3323778.28
1721635200,0.4349,0.4426,0.4312,0.4352,2950505.64
1721664000,0.4353,0.4499,0.4269,0.4299,4355173.79
1721692800,0.4301,0.4412,0.4161,0.4233,3861527.19
1721721600,0.4234,0.431,0.4164,0.4223,3885170.38
1721750400,0.4222,0.4232,0.4065,0.4159,3678070.67
1721779200,0.416,0.4281,0.4112,0.4268,3055295.85
1721808000,0.4266,0.4289,0.419,0.4191,2741808.36
1721836800,0.4194,0.4234,0.4055,0.4101,3169253.77
1721865600,0.41,0.4131,0.3806,0.3919,5752810.12
1721894400,0.3917,0.3963,0.3842,0.3916,3246026.01
1721923200,0.3917,0.3947,0.3743,0.3933,3219573.0
1721952000,0.393,0.407,0.3908,0.4038,2912540.33
1721980800,0.4037,0.4101,0.402,0.4069,2497269.09
1722009600,0.4069,0.4176,0.4058,0.4159,4326523.23
1722038400,0.4163,0.418,0.4107,0.4147,1207673.65
1722067200,0.4146,0.4185,0.4076,0.4101,2703639.23
1722096000,0.4101,0.4174,0.4009,0.4116,3224040.41
1722124800,0.4115,0.4152,0.402,0.4064,1483854.13
1722153600,0.4064,0.4169,0.4037,0.4113,2763759.76
1722182400,0.4111,0.4163,0.4027,0.4067,2262001.11
1722211200,0.4068,0.4182,0.4064,0.4154,2480602.18
1722240000,0.4154,0.4216,0.4046,0.4101,5491399.83
1722268800,0.41,0.4162,0.4042,0.4054,2431337.54
1722297600,0.4055,0.4107,0.4,0.4083,1373061.6
1722326400,0.4084,0.4088,0.4006,0.4042,2146656.55
1722355200,0.4043,0.4052,0.3862,0.3958,3041668.28
1722384000,0.3961,0.3993,0.3838,0.3949,3023375.22
1722412800,0.3949,0.4042,0.3885,0.3961,4321196.55
1722441600,0.396,0.4003,0.3813,0.3821,2912707.01
1722470400,0.3816,0.3841,0.3626,0.3709,4877473.03
1722499200,0.371,0.3875,0.3626,0.3664,6999129.04
1722528000,0.3664,0.3749,0.3434,0.3742,7199896.61
1722556800,0.3742,0.3783,0.3572,0.3641,3359300.49
1722585600,0.3638,0.3735,0.3458,0.3583,4140281.43
1722614400,0.3583,0.3591,0.3463,0.3493,2395646.23
1722643200,0.349,0.3522,0.3349,0.3494,2358254.79
1722672000,0.3495,0.3517,0.3364,0.338,2659973.25
1722700800,0.3378,0.3395,0.3216,0.3317,6227332.41
1722729600,0.3316,0.3373,0.3307,0.3316,1440185.27
1722758400,0.3317,0.3356,0.3145,0.3157,3784066.39
1722787200,0.3156,0.3257,0.2993,0.3144,7798465.77
1722816000,0.3145,0.3169,0.2482,0.2768,33813330.37
1722844800,0.2768,0.2922,0.2561,0.2894,19368926.79
1722873600,0.2895,0.2951,0.2809,0.2874,6659347.49
1722902400,0.2873,0.4065,0.2868,0.315,7188074.77
1722931200,0.3148,0.3182,0.2998,0.3133,7420650.15
1722960000,0.3132,0.3168,0.3092,0.3104,3829233.97
1722988800,0.3103,0.3276,0.3079,0.3188,4087134.44
1723017600,0.3188,0.3246,0.3004,0.3096,5246822.91
1723046400,0.3098,0.3104,0.2983,0.3042,6305456.33
1723075200,0.3042,0.3192,0.2992,0.3162,2701504.73
1723104000,0.3162,0.3269,0.313,0.3242,6131864.86
1723132800,0.3242,0.3385,0.3226,0.3331,6019011.05
1723161600,0.3331,0.3345,0.3228,0.3285,3001662.67
1723190400,0.3284,0.3304,0.3182,0.3198,3874583.26
1723219200,0.3199,0.3273,0.3191,0.3269,2240613.51
1723248000,0.3269,0.3307,0.3215,0.3256,1348169.63
1723276800,0.3256,0.33,0.3241,0.3266,2127568.96
1723305600,0.3267,0.3659,0.3267,0.3576,32068499.03
1723334400,0.3578,0.3588,0.3468,0.3556,8202849.78
1723363200,0.3556,0.356,0.3328,0.3355,9279996.87
1723392000,0.3355,0.3371,0.3185,0.322,5591718.55
1723420800,0.3222,0.3301,0.3198,0.3283,2574362.58
1723449600,0.3283,0.3389,0.3222,0.3349,7415545.41
1723478400,0.335,0.3414,0.3265,0.3349,3953626.16
1723507200,0.3349,0.3385,0.3262,0.3308,2499164.73
1723536000,0.3307,0.3328,0.326,0.3314,2297330.05
1723564800,0.3313,0.3393,0.3308,0.3338,2791962.23
1723593600,0.3338,0.3357,0.3314,0.3341,1280880.03
1723622400,0.334,0.3378,0.3206,0.3261,3593220.92
1723651200,0.326,0.3369,0.3233,0.3282,5379366.83
1723680000,0.3283,0.3313,0.3193,0.3218,2688003.06
1723708800,0.3218,0.3293,0.321,0.3263,2938111.08
1723737600,0.3266,0.328,0.307,0.3136,4437294.42
1723766400,0.3135,0.3191,0.3114,0.3186,1203001.03
1723795200,0.3185,0.3193,0.3036,0.3064,3211042.0
1723824000,0.3062,0.3156,0.3052,0.314,1899363.89
1723852800,0.3141,0.3156,0.3112,0.313,1271216.34
1723881600,0.313,0.3157,0.3101,0.3135,1611134.07
1723910400,0.3135,0.3168,0.3128,0.3166,1764183.99
1723939200,0.3165,0.3182,0.3137,0.3149,1330992.33
1723968000,0.3149,0.3234,0.3147,0.3221,2885432.1
1723996800,0.3223,0.3301,0.3168,0.3168,4174589.97
1724025600,0.3171,0.3203,0.3148,0.3177,1695816.66
1724054400,0.3177,0.3242,0.3143,0.3204,4747821.84
1724083200,0.3202,0.3259,0.3179,0.3251,2136068.52
1724112000,0.3252,0.3316,0.324,0.3284,2309264.63
1724140800,0.3285,0.3339,0.3203,0.3255,5580048.86
1724169600,0.3255,0.3331,0.3242,0.3291,3242649.89
1724198400,0.3289,0.3397,0.3248,0.3346,2941415.07
1724227200,0.3348,0.3354,0.3236,0.3292,2742758.87
1724256000,0.3293,0.34,0.3293,0.336,5663155.05
1724284800,0.3361,0.3403,0.332,0.3394,2526966.14
1724313600,0.3393,0.345,0.3383,0.3441,4967535.86
1724342400,0.3441,0.3541,0.3426,0.349,5524613.62
1724371200,0.3492,0.3568,0.3468,0.3528,3817131.88
1724400000,0.3529,0.3583,0.3487,0.3562,5111992.41
1724428800,0.3561,0.3743,0.3545,0.369,8059470.59
1724457600,0.3696,0.3733,0.366,0.3708,3253040.3
1724486400,0.3708,0.3806,0.3693,0.3753,5043549.6
1724515200,0.3753,0.3851,0.3666,0.3755,6166973.61
1724544000,0.3753,0.4383,0.3612,0.3962,40110486.28
1724572800,0.3962,0.418,0.3878,0.408,33045887.2
1724601600,0.4079,0.4178,0.3937,0.4049,19222548.49
1724630400,0.4043,0.4203,0.3998,0.4028,16299370.22
1724659200,0.4033,0.4066,0.3791,0.3845,11866800.42
1724688000,0.3844,0.3883,0.3691,0.3697,6918535.52
1724716800,0.3696,0.3962,0.3696,0.3835,5746532.76
1724745600,0.3836,0.3842,0.3651,0.3689,7853212.76
1724774400,0.3688,0.3786,0.3462,0.3602,8098118.9
1724803200,0.3599,0.3656,0.3524,0.3524,5514904.07
1724832000,0.3525,0.38,0.3507,0.3602,8803773.04
1724860800,0.3602,0.3643,0.3445,0.355,4826244.11
1724889600,0.355,0.3662,0.3536,0.3637,3654702.6
1724918400,0.3635,0.3703,0.3594,0.3675,2993039.21
1724947200,0.3675,0.3695,0.3468,0.3555,4461357.06
1724976000,0.3554,0.3587,0.3499,0.3567,1626433.26
1725004800,0.3566,0.3581,0.3357,0.3377,5888882.7
1725033600,0.3377,0.3554,0.3351,0.3539,4170146.58
1725062400,0.3539,0.3574,0.3513,0.3514,1679657.59
1725091200,0.3515,0.3521,0.3464,0.3487,1883694.18
1725120000,0.349,0.3494,0.3436,0.3463,1231528.35
1725148800,0.3463,0.3463,0.3376,0.3439,1858444.69
1725177600,0.3438,0.3445,0.3316,0.3393,2901995.18
1725206400,0.3394,0.3416,0.32,0.324,2702541.36
1725235200,0.3239,0.3313,0.3228,0.3245,2598630.12
1725264000,0.3245,0.3389,0.324,0.3361,2436970.55
1725292800,0.3365,0.3429,0.3333,0.3411,1853668.41
1725321600,0.3409,0.3463,0.3397,0.3439,1554560.84
1725350400,0.3438,0.3493,0.3345,0.335,3226463.44
1725379200,0.3348,0.3561,0.3326,0.3356,11250251.61
1725408000,0.3357,0.341,0.3155,0.3337,6386971.03
1725436800,0.3337,0.3393,0.3257,0.3391,4905559.91
1725465600,0.339,0.3442,0.3377,0.3421,2403350.22
1725494400,0.342,0.3449,0.3337,0.3399,3093476.2
1725523200,0.3399,0.3412,0.3281,0.3318,2939951.32
1725552000,0.3318,0.3343,0.3247,0.3296,2028118.04
1725580800,0.3295,0.3352,0.3219,0.3259,2806001.77
1725609600,0.3259,0.3367,0.3206,0.3262,8784656.52
1725638400,0.3266,0.3269,0.3042,0.3188,13878565.24
1725667200,0.3187,0.3282,0.3186,0.3279,2298301.08
1725696000,0.3278,0.3303,0.3227,0.3284,4902849.84
1725724800,0.3285,0.3303,0.3213,0.325,2354355.57
1725753600,0.325,0.3331,0.3237,0.3331,1394531.7
1725782400,0.3331,0.336,0.3275,0.3279,3222833.25
1725811200,0.3279,0.3376,0.3258,0.3342,2604088.97
1725840000,0.3344,0.3377,0.3304,0.3369,1928803.42
1725868800,0.3366,0.3426,0.3347,0.3404,3999799.23
1725897600,0.3407,0.3529,0.3405,0.3497,5878096.11
1725926400,0.35,0.3842,0.3449,0.382,22993984.26
1725955200,0.3821,0.395,0.3701,0.3883,25562030.61
1725984000,0.3883,0.4048,0.3851,0.3937,22129322.09
1726012800,0.3937,0.3992,0.3739,0.3875,13025071.93
1726041600,0.3874,0.4048,0.3763,0.3881,22644001.83
1726070400,0.388,0.393,0.3808,0.3828,6676321.45
1726099200,0.3829,0.3932,0.3774,0.3894,12366210.27
1726128000,0.3893,0.3995,0.3817,0.3916,10860066.72
1726156800,0.3914,0.4029,0.389,0.4012,9412172.75
1726185600,0.401,0.4235,0.3922,0.407,23139882.01
1726214400,0.407,0.407,0.3898,0.4013,12993842.74
1726243200,0.4014,0.4018,0.3937,0.3973,8306611.95
1726272000,0.3976,0.4204,0.3968,0.4096,11563948.49
1726300800,0.4096,0.4374,0.401,0.4305,34182009.03
1726329600,0.4303,0.4365,0.4184,0.4291,17084257.94
1726358400,0.4291,0.4451,0.4172,0.4293,15304663.36
1726387200,0.4294,0.4301,0.4109,0.4171,11917915.15
1726416000,0.4171,0.4179,0.3909,0.3952,10249368.62
1726444800,0.395,0.3953,0.3827,0.3918,8619490.09
1726473600,0.3918,0.3953,0.3685,0.3759,14934615.86
1726502400,0.3758,0.3769,0.3677,0.3738,4750885.51
1726531200,0.3736,0.3837,0.3726,0.3817,5031519.76
1726560000,0.3819,0.3864,0.3759,0.3822,9880038.6
1726588800,0.3822,0.3848,0.37,0.3736,7192785.96
1726617600,0.3736,0.3817,0.3657,0.3739,6697934.09
1726646400,0.3739,0.3751,0.3545,0.3572,9070880.86
1726675200,0.3571,0.3801,0.3543,0.3797,8830228.28
1726704000,0.3798,0.3862,0.3774,0.3844,5412700.32
1726732800,0.3843,0.4042,0.3817,0.3979,11205090.93
1726761600,0.398,0.4224,0.392,0.3943,12557230.43
1726790400,0.3948,0.4049,0.3835,0.4007,5330754.66
1726819200,0.4007,0.401,0.3839,0.3884,7094633.54
1726848000,0.3886,0.3936,0.38,0.3936,3007279.61
1726876800,0.3935,0.3936,0.3815,0.3881,2933839.41
1726905600,0.388,0.3965,0.3847,0.3922,4817168.1
1726934400,0.3922,0.3969,0.3892,0.3948,2061675.53
1726963200,0.3949,0.3961,0.3841,0.3905,2545888.27
1726992000,0.3906,0.3937,0.3789,0.3851,4872304.16
1727020800,0.3851,0.389,0.373,0.3848,4418272.29
1727049600,0.385,0.3964,0.3758,0.3836,10483262.21
1727078400,0.3834,0.3863,0.3783,0.3849,6538923.41
1727107200,0.3848,0.3881,0.3807,0.3869,4310522.34
1727136000,0.3868,0.3881,0.3795,0.3869,2872314.56
1727164800,0.3868,0.3906,0.3803,0.3836,4555128.76
1727193600,0.3837,0.3948,0.3832,0.3921,4603704.56
1727222400,0.3921,0.4025,0.3885,0.3915,8443940.57
1727251200,0.3915,0.4198,0.388,0.3897,14002170.21
1727280000,0.3897,0.3959,0.3844,0.386,5541711.09
1727308800,0.3858,0.3935,0.3719,0.3925,6832918.0
1727337600,0.3924,0.4006,0.3901,0.396,8214051.39
1727366400,0.396,0.4086,0.3909,0.3974,5960795.12
1727395200,0.3974,0.4082,0.3958,0.4055,5578122.01
1727424000,0.4055,0.4186,0.401,0.4109,9946026.53
1727452800,0.411,0.4234,0.4086,0.4181,7839954.2
1727481600,0.4183,0.4407,0.412,0.4131,14660718.96
1727510400,0.413,0.433,0.4023,0.4271,12205639.13
1727539200,0.4271,0.4311,0.4043,0.4122,5433171.17
1727568000,0.4122,0.4194,0.4074,0.41,4190857.61
1727596800,0.41,0.5097,0.4064,0.4642,89057800.63
1727625600,0.4643,0.4675,0.4448,0.4498,17454109.88
1727654400,0.4497,0.4581,0.4336,0.4422,15976333.94
1727683200,0.442,0.4448,0.4158,0.4172,12921654.49
1727712000,0.4172,0.4202,0.4006,0.4052,6094210.18
1727740800,0.4049,0.4304,0.4019,0.4265,8534861.36
1727769600,0.4262,0.4438,0.383,0.4016,26000112.0
1727798400,0.4014,0.4121,0.3602,0.3778,23225002.07
1727827200,0.3774,0.3946,0.3736,0.3888,7602071.34
1727856000,0.3889,0.396,0.3705,0.3816,7786231.95
1727884800,0.3811,0.3864,0.3525,0.3643,10329571.02
1727913600,0.3643,0.3675,0.356,0.3565,4535056.89
1727942400,0.3564,0.3611,0.3415,0.3501,9840024.11
1727971200,0.3502,0.3565,0.3429,0.3555,4127550.41
1728000000,0.3553,0.38,0.3504,0.3793,10920092.91
1728028800,0.3792,0.3822,0.3637,0.3738,8717472.2
1728057600,0.3739,0.3767,0.3704,0.3748,4277267.94
1728086400,0.3749,0.3829,0.3695,0.374,5056864.72
1728115200,0.3741,0.3862,0.3731,0.3845,8007745.0
1728144000,0.3845,0.3885,0.3702,0.3786,9681311.79
1728172800,0.3785,0.3834,0.3729,0.3815,3714288.17
1728201600,0.3814,0.3829,0.3743,0.3801,6381222.54
1728230400,0.3801,0.3818,0.3741,0.38,3581756.56
1728259200,0.3802,0.3922,0.379,0.3874,6200437.84
1728288000,0.3875,0.3889,0.375,0.3792,5286700.15
1728316800,0.3794,0.4,0.3731,0.3779,19995271.87
1728345600,0.3782,0.386,0.368,0.3709,7796113.3
1728374400,0.371,0.3743,0.36,0.3643,5278840.85
1728403200,0.3644,0.3706,0.3603,0.3672,2928088.73
1728432000,0.3672,0.3701,0.3633,0.3664,3036249.67
1728460800,0.3665,0.3679,0.3569,0.3632,3019469.97
1728489600,0.3628,0.3633,0.3464,0.3535,3415756.89
1728518400,0.3537,0.3597,0.351,0.3554,1895769.39
1728547200,0.3555,0.3563,0.3442,0.3492,4285590.57
1728576000,0.3494,0.3524,0.3382,0.3524,3839395.64
1728604800,0.3523,0.356,0.3499,0.3545,1335809.53
1728633600,0.3544,0.3647,0.3543,0.3628,3424251.97
1728662400,0.3629,0.3649,0.3593,0.3611,3431421.98
1728691200,0.3611,0.3675,0.36,0.3654,2638405.95
1728720000,0.3655,0.3704,0.3629,0.3644,5480779.73
1728748800,0.3646,0.3667,0.3606,0.3631,1980709.15
1728777600,0.3632,0.3656,0.3586,0.3628,2003498.34
1728806400,0.3628,0.3643,0.349,0.352,3549591.03
1728835200,0.352,0.3608,0.349,0.3582,2156013.8
1728864000,0.358,0.368,0.3554,0.3679,3244314.23
1728892800,0.3679,0.3749,0.3639,0.3734,6608416.23
1728921600,0.3734,0.3805,0.3694,0.3768,6163642.8
1728950400,0.3769,0.3784,0.367,0.3708,3858025.36
1728979200,0.3709,0.39,0.3568,0.3653,11571567.57
1729008000,0.3654,0.3744,0.3604,0.3694,3075851.37
1729036800,0.3695,0.3726,0.3597,0.3629,2656702.3
1729065600,0.3629,0.3732,0.3623,0.3714,9525210.85
1729094400,0.3714,0.3789,0.3636,0.3705,9766128.53
1729123200,0.3705,0.3729,0.3597,0.3646,3823652.17
1729152000,0.3643,0.369,0.3565,0.3643,3920613.01
1729180800,0.3641,0.3668,0.3546,0.3638,3846585.21
1729209600,0.3636,0.3702,0.3608,0.3679,3019136.45
1729238400,0.368,0.3688,0.3602,0.3664,3019911.53
1729267200,0.3664,0.3731,0.3644,0.3698,2871574.66
1729296000,0.3699,0.3756,0.3696,0.3701,2467725.83
1729324800,0.3702,0.3768,0.3677,0.3709,6945721.83
1729353600,0.3708,0.3719,0.3665,0.3704,2831577.67
1729382400,0.3705,0.3751,0.3636,0.3712,3026411.79
1729411200,0.3712,0.388,0.3702,0.3811,9583579.04
1729440000,0.3814,0.3853,0.3788,0.3851,4007570.82
1729468800,0.3851,0.3865,0.3796,0.3805,3480202.69
1729497600,0.3804,0.382,0.3678,0.3715,5540543.12
1729526400,0.3715,0.3879,0.3707,0.3741,16112164.13
1729555200,0.3739,0.4075,0.3689,0.3894,20087229.02
1729584000,0.3892,0.3946,0.3731,0.3842,12633902.87
1729612800,0.3841,0.3843,0.3746,0.3821,4184560.2
1729641600,0.3824,0.3829,0.3682,0.3692,3068726.5
1729670400,0.3691,0.3724,0.3595,0.3639,5311941.24
1729699200,0.3639,0.3656,0.3514,0.3644,4813495.3
1729728000,0.3646,0.3692,0.3623,0.3633,3033926.75
1729756800,0.363,0.365,0.3581,0.363,3353146.69
1729785600,0.363,0.3685,0.3618,0.3647,2027514.01
1729814400,0.3648,0.3676,0.356,0.3598,2682565.23
1729843200,0.3599,0.3682,0.3558,0.3603,3670122.49
1729872000,0.3603,0.3674,0.3032,0.3233,16993956.54
1729900800,0.3233,0.3356,0.3191,0.3326,6208861.19
1729929600,0.3327,0.3343,0.3222,0.3262,3870489.82
1729958400,0.3262,0.3361,0.3246,0.3352,2833532.63
1729987200,0.335,0.3366,0.3316,0.3325,1562311.54
1730016000,0.3326,0.3447,0.3322,0.3392,7089725.38
1730044800,0.3393,0.3432,0.3377,0.3407,2351409.49
1730073600,0.341,0.3421,0.332,0.3392,2102704.03
1730102400,0.3392,0.3401,0.3304,0.3309,4773847.6
1730131200,0.3309,0.3442,0.3256,0.3402,3905314.55
1730160000,0.3404,0.3481,0.3395,0.3441,2691479.44
1730188800,0.3443,0.3485,0.3442,0.3475,2568728.9
1730217600,0.3474,0.3544,0.3443,0.3509,4431593.74
1730246400,0.3509,0.3555,0.3466,0.3508,3572611.06
1730275200,0.3509,0.3534,0.3429,0.3489,5196120.72
1730304000,0.3487,0.3525,0.3458,0.3497,3931455.51
1730332800,0.3497,0.3685,0.3465,0.3626,17865847.81
1730361600,0.3625,0.3681,0.3423,0.3472,11111415.27
1730390400,0.3472,0.3475,0.3346,0.3398,4550679.89
1730419200,0.3397,0.3412,0.3278,0.3311,2996187.74
1730448000,0.3313,0.3482,0.3304,0.3358,4899917.47
1730476800,0.3358,0.3417,0.3292,0.3348,2327937.13
1730505600,0.3348,0.3395,0.3335,0.3358,1648330.34
1730534400,0.3358,0.3364,0.3214,0.325,3657378.79
1730563200,0.325,0.3287,0.3225,0.3273,1529133.6
1730592000,0.3273,0.3279,0.3075,0.3176,4107906.88
1730620800,0.3176,0.3186,0.2948,0.303,6063638.64
1730649600,0.3027,0.3095,0.299,0.3076,2711042.42
1730678400,0.3077,0.3143,0.3041,0.3075,1849846.91
1730707200,0.3075,0.3144,0.3056,0.3088,2840388.38
1730736000,0.3087,0.3087,0.2883,0.298,4754906.6
1730764800,0.298,0.3071,0.298,0.307,2963491.93
1730793600,0.3069,0.3158,0.3044,0.3123,4406827.8
1730822400,0.3124,0.3172,0.3065,0.3126,3194981.51
1730851200,0.3127,0.335,0.3126,0.3296,9270428.37
1730880000,0.3297,0.333,0.3233,0.3294,5299914.06
1730908800,0.3295,0.3445,0.3294,0.3409,5941948.87
1730937600,0.341,0.3565,0.3327,0.3375,7382865.4
1730966400,0.3375,0.355,0.3362,0.3445,7659499.89
1730995200,0.3447,0.3482,0.341,0.3444,4176023.39
1731024000,0.3447,0.3493,0.3386,0.3438,2840526.14
1731052800,0.3438,0.3486,0.34,0.3436,3807457.27
1731081600,0.3435,0.3451,0.3335,0.3448,4000011.55
1731110400,0.3447,0.3536,0.3415,0.3531,4032186.56
1731139200,0.3531,0.3718,0.3515,0.3577,20057174.02
1731168000,0.3575,0.3674,0.3503,0.3648,7111951.37
1731196800,0.3648,0.378,0.36,0.376,10115475.29
1731225600,0.376,0.4045,0.376,0.3926,25599443.48
1731254400,0.3927,0.4033,0.3623,0.3857,19102642.98
1731283200,0.3858,0.4,0.3762,0.3805,11998959.61
1731312000,0.3804,0.392,0.3752,0.3843,13237271.45
1731340800,0.3844,0.3999,0.3818,0.3989,13146621.79
1731369600,0.3989,0.4327,0.384,0.4223,21598869.66
1731398400,0.4225,0.431,0.3709,0.3791,34837438.42
1731427200,0.379,0.3976,0.3715,0.3899,10282284.11
1731456000,0.3901,0.3947,0.3482,0.3601,12897667.77
1731484800,0.3601,0.3979,0.3536,0.3849,17326312.9
1731513600,0.3848,0.3918,0.3581,0.373,14787260.23
1731542400,0.3731,0.3891,0.3666,0.3829,7914720.19
1731571200,0.3829,0.3852,0.3566,0.3612,9451594.03
1731600000,0.3613,0.3793,0.3558,0.36,7924931.39
1731628800,0.3599,0.3662,0.3496,0.3582,4450553.01
1731657600,0.358,0.3705,0.3536,0.3582,5994293.1
1731686400,0.3582,0.3802,0.3559,0.3738,7237827.04
1731715200,0.3739,0.3807,0.371,0.3784,3858355.27
1731744000,0.3784,0.5656,0.3764,0.4862,241880955.66
1731772800,0.4858,0.4872,0.4487,0.4668,65453860.06
1731801600,0.4669,0.4721,0.4275,0.4505,36205426.86
1731830400,0.4506,0.4882,0.4382,0.4451,33409724.95
1731859200,0.4451,0.4461,0.4198,0.4288,15054744.45
1731888000,0.4288,0.4546,0.4238,0.4484,15962315.1
1731916800,0.4483,0.4578,0.4333,0.4482,14048985.57
1731945600,0.4483,0.4498,0.4284,0.4455,11573185.8
1731974400,0.4451,0.4463,0.43,0.432,8475664.05
1732003200,0.4324,0.4339,0.4203,0.4261,9580667.4
1732032000,0.4261,0.4276,0.4089,0.4182,8349733.02
1732060800,0.4183,0.4186,0.4001,0.4092,13383518.73
1732089600,0.4091,0.4192,0.404,0.4139,9849104.36
1732118400,0.4133,0.4143,0.3899,0.3963,7332405.95
1732147200,0.3961,0.407,0.3801,0.4023,7983296.36
1732176000,0.4025,0.4307,0.3918,0.4169,12442531.39
1732204800,0.4173,0.4418,0.4169,0.4298,17701910.05
1732233600,0.4298,0.5031,0.4246,0.4656,49992027.05
1732262400,0.4656,0.482,0.4406,0.4523,33300201.33
1732291200,0.4523,0.4689,0.4413,0.4633,14630198.01
1732320000,0.4632,0.493,0.4587,0.4855,22658368.51
1732348800,0.4858,0.529,0.4744,0.506,29693904.51
1732377600,0.506,0.5457,0.4744,0.516,37193022.72
1732406400,0.5159,0.5344,0.5076,0.5279,17075285.99
1732435200,0.5279,0.5487,0.4653,0.4661,34341693.91
1732464000,0.466,0.5128,0.4637,0.5106,14214861.92
1732492800,0.5106,0.512,0.4839,0.4938,10405685.87
1732521600,0.4936,0.5165,0.4685,0.491,21165102.63
1732550400,0.4908,0.5074,0.473,0.4922,17975151.64
1732579200,0.4919,0.506,0.4808,0.4845,8838495.53
1732608000,0.4839,0.4842,0.45,0.4545,16416153.85
1732636800,0.4544,0.476,0.4465,0.4716,11611627.9
1732665600,0.4713,0.4833,0.4677,0.4803,5030184.41
1732694400,0.4803,0.4839,0.4663,0.4821,9469878.77
1732723200,0.482,0.4981,0.4785,0.4967,13099069.83
1732752000,0.4968,0.5073,0.4838,0.4901,7690366.76
1732780800,0.4902,0.4917,0.4733,0.4752,6684391.03
1732809600,0.4754,0.5088,0.4754,0.4956,11988146.99
1732838400,0.4959,0.4987,0.4834,0.484,4879244.7
1732867200,0.484,0.5063,0.484,0.5001,10749859.17
1732896000,0.5004,0.5296,0.4966,0.5214,19579679.48
1732924800,0.5211,0.5267,0.5107,0.5246,8596695.14
1732953600,0.5248,0.5415,0.5158,0.5334,18165854.68
1732982400,0.5336,0.6231,0.5336,0.595,71912849.86
1733011200,0.5949,0.6028,0.5596,0.5705,23141502.53
1733040000,0.5699,0.591,0.5648,0.5826,17535915.84
1733068800,0.5826,0.5889,0.5573,0.5768,13155733.27
1733097600,0.5767,0.5981,0.565,0.585,18009719.02
1733126400,0.5851,0.5885,0.5364,0.5684,20301390.89
1733155200,0.5685,0.6189,0.539,0.5874,30502859.75
1733184000,0.5876,0.6185,0.5809,0.5907,15243315.22
1733212800,0.5908,0.6255,0.5588,0.5853,39524140.23
1733241600,0.5857,0.6635,0.5843,0.6564,33970978.25
1733270400,0.6564,0.6885,0.634,0.6515,20330667.05
1733299200,0.6513,0.7961,0.6471,0.7254,78435723.12
1733328000,0.7257,0.7773,0.6839,0.7146,37129393.55
1733356800,0.7147,0.7299,0.684,0.7155,18540647.4
1733385600,0.7155,0.779,0.7065,0.7584,39262707.89
1733414400,0.7584,0.7998,0.7062,0.7478,39609016.31
1733443200,0.7476,0.78,0.7281,0.7558,17004885.02
1733472000,0.7556,0.7638,0.7106,0.7348,13574939.88
1733500800,0.7345,0.7511,0.7309,0.7369,9494512.12
1733529600,0.7366,0.7464,0.7178,0.7248,7140540.79
1733558400,0.7246,0.7297,0.7144,0.7273,9879121.62
1733587200,0.7273,0.7291,0.7102,0.7202,6374216.62
1733616000,0.7203,0.7308,0.7027,0.7162,5920250.0
1733644800,0.7163,0.7246,0.69,0.7127,10765665.8
1733673600,0.7127,0.7187,0.6964,0.7162,6706483.34
1733702400,0.7162,0.7162,0.6553,0.6673,12646250.56
1733731200,0.6675,0.6675,0.6272,0.6384,17777942.66
1733760000,0.6385,0.6487,0.4729,0.556,42327132.88
1733788800,0.5562,0.5668,0.5146,0.547,13942057.69
1733817600,0.5469,0.5564,0.4968,0.4983,16052011.03
1733846400,0.4985,0.5379,0.4782,0.5275,17450743.34
1733875200,0.5275,0.545,0.5099,0.5249,8850827.31
1733904000,0.525,0.5811,0.525,0.5757,15101831.65
1733932800,0.576,0.5806,0.5626,0.5713,8347105.64
1733961600,0.5716,0.6113,0.5665,0.5963,10850423.04
1733990400,0.5966,0.606,0.5532,0.587,13367185.28
1734019200,0.5869,0.597,0.5618,0.5691,9375303.24
1734048000,0.5694,0.5812,0.5547,0.5648,6114907.44
1734076800,0.565,0.5766,0.5574,0.559,10128842.84
1734105600,0.5587,0.5721,0.5559,0.5707,6892601.22
1734134400,0.5707,0.5772,0.5626,0.5659,3251229.21
1734163200,0.5658,0.5698,0.5343,0.5417,7146100.34
1734192000,0.5411,0.5433,0.5231,0.5378,4890525.04
1734220800,0.5378,0.5451,0.5228,0.5275,2999711.76
1734249600,0.5274,0.5774,0.5273,0.5535,13682574.53
1734278400,0.5535,0.5569,0.526,0.5524,5865574.38
1734307200,0.5524,0.5679,0.5413,0.546,5157711.99
1734336000,0.5457,0.547,0.5234,0.5344,6790327.06
1734364800,0.5342,0.5688,0.5339,0.5358,10807509.21
1734393600,0.5357,0.541,0.5252,0.5289,6130514.4
1734422400,0.5289,0.5457,0.5123,0.5165,9590627.1
1734451200,0.5163,0.53,0.4972,0.5066,6549876.66
1734480000,0.5073,0.5123,0.4907,0.4974,6183302.25
1734508800,0.4972,0.504,0.4879,0.4925,4706713.17
1734537600,0.4927,0.5077,0.4451,0.452,18076076.57
1734566400,0.4521,0.4588,0.4261,0.4521,10318079.58
1734595200,0.452,0.4601,0.4301,0.44,6335563.46
1734624000,0.4398,0.4464,0.3979,0.4128,20561633.93
1734652800,0.4129,0.4329,0.4072,0.4159,5354077.49
1734681600,0.4157,0.4164,0.3612,0.4084,25191602.29
1734710400,0.4084,0.4417,0.4069,0.4364,10059715.6
1734739200,0.4363,0.4601,0.4352,0.4554,5372012.15
1734768000,0.4555,0.4567,0.4094,0.4199,7996557.3
1734796800,0.4203,0.4206,0.4005,0.4079,6650307.37
1734825600,0.4081,0.4149,0.3961,0.4043,3705954.29
1734854400,0.4041,0.4187,0.401,0.4049,7843827.47
1734883200,0.4048,0.413,0.3939,0.403,5323678.61
1734912000,0.4029,0.422,0.3927,0.4142,6538543.32
1734940800,0.4143,0.4258,0.4039,0.4077,11255597.49
1734969600,0.4075,0.4481,0.4072,0.4388,9173015.13
1734998400,0.4387,0.4393,0.426,0.433,4014886.42
1735027200,0.433,0.4591,0.4291,0.4548,7530182.03
1735056000,0.4549,0.4585,0.4415,0.4509,5087852.03
1735084800,0.4509,0.4529,0.4453,0.4464,2347956.5
1735113600,0.4464,0.4574,0.4407,0.4471,5026961.11
1735142400,0.4472,0.4489,0.4333,0.4399,4401832.53
1735171200,0.4401,0.447,0.4233,0.4246,4528395.77
1735200000,0.425,0.4259,0.4124,0.4149,6130870.65
1735228800,0.4149,0.425,0.41,0.4207,4614794.96
1735257600,0.4208,0.4621,0.4199,0.4449,18033760.91
1735286400,0.4447,0.4788,0.4378,0.4424,39915661.45
1735315200,0.4424,0.4558,0.4324,0.4384,8111367.91
1735344000,0.4386,0.4419,0.4254,0.4264,5637267.43
1735372800,0.4264,0.4427,0.425,0.438,7309877.47
1735401600,0.438,0.4525,0.4374,0.447,4956845.28
1735430400,0.4471,0.4484,0.4386,0.4456,2807416.18
1735459200,0.4457,0.447,0.4334,0.4382,5035314.6
1735488000,0.4383,0.4401,0.419,0.4258,4062783.43
1735516800,0.4251,0.4399,0.4226,0.432,3477235.56
1735545600,0.432,0.4357,0.4125,0.4153,6272638.08
1735574400,0.4153,0.4359,0.4104,0.4233,5499278.42
1735603200,0.4234,0.4234,0.4103,0.4154,2864917.74
1735632000,0.4154,0.4337,0.4153,0.4295,4039094.95
1735660800,0.4295,0.4303,0.4132,0.4147,2874780.44
1735689600,0.4147,0.4217,0.414,0.4173,1392786.5
1735718400,0.4175,0.4224,0.4081,0.4224,3969175.23
1735747200,0.4225,0.4341,0.4188,0.4305,6628867.6
1735776000,0.4308,0.4408,0.4306,0.4392,3659479.49
1735804800,0.4392,0.4481,0.4381,0.4412,6135816.06
1735833600,0.4413,0.4562,0.4391,0.452,8191450.8
1735862400,0.4521,0.4606,0.4448,0.4471,6035567.22
1735891200,0.447,0.4735,0.4465,0.4687,12065198.58
1735920000,0.4687,0.4792,0.4673,0.4693,7141197.87
1735948800,0.4694,0.4776,0.4633,0.4746,5321514.89
1735977600,0.4743,0.4759,0.4587,0.4615,5902491.93
1736006400,0.4615,0.4695,0.4605,0.4662,2930386.95
1736035200,0.4662,0.4669,0.4582,0.4635,2352242.15
1736064000,0.4635,0.4677,0.4544,0.4615,6096714.76
1736092800,0.4615,0.5478,0.4612,0.5124,77525016.3
1736121600,0.5125,0.513,0.4918,0.4958,15484584.91
1736150400,0.4957,0.5045,0.4871,0.5006,14048269.78
1736179200,0.5007,0.5045,0.4904,0.4974,8395368.39
1736208000,0.4974,0.5094,0.4938,0.4971,6709142.08
1736236800,0.4971,0.524,0.4666,0.4779,30501877.15
1736265600,0.4778,0.483,0.4531,0.4543,10816645.96
1736294400,0.4544,0.4656,0.4296,0.4378,9939037.91
1736323200,0.4379,0.4491,0.4379,0.4429,9011779.83
1736352000,0.443,0.443,0.4091,0.4253,14643298.16
1736380800,0.4253,0.433,0.4104,0.4112,4552253.11
1736409600,0.4111,0.435,0.4036,0.4223,8902632.05
1736438400,0.4223,0.4236,0.3981,0.4095,6261808.81
1736467200,0.4096,0.4247,0.4082,0.422,2642959.12
1736496000,0.4221,0.4242,0.404,0.4123,5717064.47
1736524800,0.4124,0.4221,0.4063,0.4194,3793106.51
1736553600,0.4195,0.4206,0.4119,0.4145,1283810.33
1736582400,0.4148,0.4204,0.4121,0.415,2039006.48
1736611200,0.4153,0.4241,0.4097,0.4153,3001737.5
1736640000,0.4155,0.4177,0.4107,0.4131,1639533.41
1736668800,0.4131,0.4175,0.4055,0.4168,2750638.16
1736697600,0.417,0.4177,0.4018,0.4078,2292097.89
1736726400,0.4081,0.4177,0.3819,0.3871,9124201.45
1736755200,0.3873,0.3879,0.3628,0.3805,9735054.87
1736784000,0.3805,0.3923,0.3681,0.391,5193221.84
1736812800,0.391,0.3972,0.389,0.3933,1758513.16
1736841600,0.3934,0.4043,0.3934,0.4009,6101819.39
1736870400,0.4008,0.4074,0.3972,0.4049,2607309.87
1736899200,0.405,0.4098,0.4007,0.4051,2501018.22
1736928000,0.4051,0.4198,0.3931,0.4157,7785012.03
1736956800,0.4157,0.4367,0.4123,0.4321,9266226.44
1736985600,0.4322,0.4324,0.4172,0.4216,4626627.18
1737014400,0.4215,0.4285,0.4069,0.4202,7813058.74
1737043200,0.4201,0.4256,0.4121,0.4154,4539853.1
1737072000,0.4155,0.4307,0.4155,0.4278,5002728.56
1737100800,0.4279,0.4349,0.4263,0.4318,6403330.61
1737129600,0.4319,0.4449,0.4273,0.4405,6354619.85
1737158400,0.4407,0.4458,0.4024,0.4045,11620107.56
1737187200,0.4043,0.4112,0.3982,0.4036,5962258.76
1737216000,0.4035,0.4055,0.3947,0.4032,4956889.62
1737244800,0.4031,0.4144,0.3909,0.3929,4612263.41
1737273600,0.3928,0.3928,0.3616,0.3834,19357369.86
1737302400,0.3835,0.392,0.3424,0.351,20350691.84
1737331200,0.351,0.3796,0.3342,0.371,18852865.41
1737360000,0.3712,0.3755,0.3522,0.3555,9287906.37
1737388800,0.3562,0.3631,0.3357,0.3474,11923517.64
1737417600,0.3473,0.3489,0.3328,0.3423,8758356.77
1737446400,0.3422,0.3581,0.3399,0.354,7156646.64
1737475200,0.354,0.3672,0.3524,0.358,5995865.95
1737504000,0.3578,0.361,0.3548,0.3581,2151799.33
1737532800,0.3582,0.3642,0.3524,0.3561,7208276.52
1737561600,0.3563,0.3604,0.3453,0.3484,4229049.46
1737590400,0.3481,0.3497,0.3395,0.3478,2908530.4
1737619200,0.3478,0.3535,0.3381,0.3484,5397614.07
1737648000,0.3484,0.3555,0.3357,0.3459,6241598.07
1737676800,0.3461,0.3545,0.3348,0.3487,7602399.2
1737705600,0.3487,0.3549,0.3455,0.3492,3957320.85
1737734400,0.3492,0.35,0.3363,0.3381,4285228.27
1737763200,0.3376,0.3412,0.3317,0.3359,3343520.42
1737792000,0.336,0.3441,0.3336,0.343,4836863.64
1737820800,0.343,0.3449,0.3399,0.3416,2666603.83
1737849600,0.3416,0.3486,0.3407,0.3473,2573981.18
1737878400,0.3471,0.3495,0.3431,0.3469,4435880.14
1737907200,0.3469,0.3495,0.3316,0.333,5302672.7
1737936000,0.3327,0.3334,0.3,0.3078,11552507.57
1737964800,0.3079,0.3218,0.3017,0.3184,7655011.37
1737993600,0.3184,0.3279,0.3091,0.3236,4496317.52
1738022400,0.3237,0.3293,0.32,0.3252,2448765.64
1738051200,0.3251,0.3251,0.3165,0.3202,3170043.79
1738080000,0.3202,0.3204,0.2992,0.302,5818837.14
1738108800,0.302,0.3154,0.3009,0.3148,2921882.04
1738137600,0.315,0.3163,0.3047,0.308,3075974.12
1738166400,0.3077,0.3233,0.3031,0.3115,6895748.61
1738195200,0.3116,0.3216,0.3084,0.3173,3526518.02
1738224000,0.3172,0.3288,0.3155,0.3263,4168018.5
1738252800,0.3263,0.3289,0.3226,0.3247,3086098.87
1738281600,0.3246,0.3271,0.319,0.3239,2110892.72
1738310400,0.3238,0.3406,0.3211,0.3401,4737494.97
1738339200,0.34,0.3431,0.3227,0.3269,4017400.77
1738368000,0.3269,0.3308,0.3242,0.3253,1788503.59
1738396800,0.3256,0.3263,0.312,0.3149,4668484.45
1738425600,0.3149,0.3167,0.2915,0.2945,5650615.7
1738454400,0.2943,0.3018,0.2858,0.2932,4835744.93
1738483200,0.2932,0.2982,0.2874,0.2924,6494475.06
1738512000,0.2924,0.2924,0.2423,0.2597,21830140.13
1738540800,0.2598,0.2598,0.1784,0.2334,57015088.46
1738569600,0.2335,0.2462,0.2217,0.2447,20628812.89
1738598400,0.2446,0.2642,0.2421,0.2591,9325847.24
1738627200,0.2592,0.2609,0.2336,0.2346,10275217.35
1738656000,0.2346,0.2488,0.2333,0.244,10522807.87
1738684800,0.2442,0.2514,0.2332,0.2411,8003419.96
1738713600,0.2412,0.2477,0.2378,0.2442,4073252.07
1738742400,0.2442,0.3099,0.2422,0.2723,23150924.28
1738771200,0.2723,0.2938,0.246,0.2498,86820319.87
1738800000,0.2498,0.262,0.2456,0.2521,21766881.37
1738828800,0.2521,0.27,0.238,0.2405,34314474.0
1738857600,0.2406,0.2455,0.2339,0.2367,9874928.02
1738886400,0.2368,0.2497,0.2367,0.2447,7004024.05
1738915200,0.2447,0.2568,0.2427,0.2504,14622925.72
1738944000,0.2505,0.253,0.2333,0.2416,9419404.0
1738972800,0.2415,0.2437,0.2376,0.2421,4382108.78
1739001600,0.242,0.2467,0.2396,0.2426,5979151.33
1739030400,0.2427,0.2576,0.2416,0.2554,11879415.88
1739059200,0.2554,0.2625,0.2529,0.2607,5546819.63
1739088000,0.2608,0.2643,0.2513,0.2556,11672204.73
1739116800,0.2555,0.259,0.2396,0.2527,8457697.49
1739145600,0.2526,0.2583,0.2449,0.2538,6417949.82
1739174400,0.2539,0.2595,0.2514,0.2561,7567628.28
1739203200,0.2562,0.2779,0.2554,0.2651,25018573.38
1739232000,0.2652,0.2726,0.2636,0.2702,6470203.78
1739260800,0.2704,0.2713,0.2567,0.2613,8692896.36
1739289600,0.2614,0.2661,0.2546,0.2629,11667184.18
1739318400,0.2628,0.2684,0.2593,0.2622,6983893.3
1739347200,0.2622,0.2703,0.2533,0.262,19005938.62
1739376000,0.262,0.281,0.2608,0.2781,18254157.66
1739404800,0.2782,0.2818,0.265,0.2661,7068193.05
1739433600,0.2661,0.2699,0.2619,0.2637,6558985.18
1739462400,0.2637,0.2675,0.2594,0.2647,4241067.05
1739491200,0.2648,0.2691,0.2635,0.2657,2709128.72
1739520000,0.2662,0.2745,0.2659,0.2705,6328221.95
1739548800,0.2705,0.2764,0.266,0.2701,6251682.15
1739577600,0.2702,0.2739,0.2657,0.2671,2667229.76
1739606400,0.2671,0.2741,0.2611,0.2621,6543672.22
1739635200,0.262,0.2682,0.2609,0.265,4430368.53
1739664000,0.265,0.2684,0.2611,0.263,2097725.79
1739692800,0.2634,0.2808,0.2622,0.2669,13101638.1
1739721600,0.2668,0.2724,0.2617,0.2651,4648595.66
1739750400,0.2651,0.2703,0.262,0.2681,4958876.3
1739779200,0.2681,0.2743,0.2643,0.2665,7120120.93
1739808000,0.2664,0.2683,0.2547,0.264,5857067.55
1739836800,0.2639,0.2648,0.2485,0.2515,4673871.98
1739865600,0.2514,0.2563,0.2415,0.2424,7505979.06
1739894400,0.2424,0.2475,0.2351,0.2471,9389255.65
1739923200,0.2471,0.2529,0.2429,0.2512,3877574.43
1739952000,0.2512,0.2549,0.2491,0.2509,3820721.96
1739980800,0.251,0.254,0.2488,0.2537,2726815.98
1740009600,0.2536,0.2579,0.2524,0.2534,2428207.05
1740038400,0.2531,0.2578,0.2522,0.2531,4292558.01
1740067200,0.2532,0.2592,0.253,0.2578,3684493.47
1740096000,0.258,0.2619,0.2567,0.2608,2552755.06
1740124800,0.2608,0.269,0.2525,0.2569,8477389.31
1740153600,0.257,0.2628,0.2432,0.247,6837625.69
1740182400,0.2471,0.2511,0.246,0.2493,2699735.26
1740211200,0.2493,0.2545,0.2485,0.2544,3775857.57
1740240000,0.2543,0.2581,0.254,0.257,3130801.5
1740268800,0.257,0.2613,0.2531,0.259,2371146.44
1740297600,0.2589,0.2593,0.2485,0.2489,3103883.85
1740326400,0.249,0.2538,0.2475,0.2515,2456988.84
1740355200,0.2515,0.2531,0.239,0.245,5734832.52
1740384000,0.245,0.245,0.2358,0.2392,6611444.15
1740412800,0.2391,0.2411,0.2106,0.2186,15106220.96
1740441600,0.2185,0.2209,0.2028,0.2107,12525290.83
1740470400,0.2106,0.2433,0.2095,0.2201,12571485.44
1740499200,0.2202,0.2298,0.2179,0.2269,5611764.85
1740528000,0.2269,0.2311,0.2248,0.2273,2344796.16
1740556800,0.2272,0.2323,0.2213,0.2308,5238706.09
1740585600,0.231,0.2331,0.2194,0.2293,8685856.03
1740614400,0.2293,0.2369,0.2267,0.235,3866594.73
1740643200,0.235,0.2366,0.2289,0.232,6982342.69
1740672000,0.2319,0.2328,0.2242,0.2299,5022959.19
1740700800,0.2298,0.2308,0.2116,0.2147,7651504.91
1740729600,0.2146,0.2286,0.2107,0.2269,7984053.78
1740758400,0.227,0.231,0.225,0.2295,5948920.05
1740787200,0.2296,0.232,0.2259,0.2265,3068308.22
1740816000,0.2266,0.2292,0.2193,0.2223,3030243.67
1740844800,0.2222,0.2277,0.2216,0.2256,2935705.12
1740873600,0.2255,0.227,0.2227,0.2238,3493603.67
1740902400,0.2237,0.2345,0.2213,0.2304,8429618.77
1740931200,0.2305,0.2494,0.2302,0.248,19915514.7
1740960000,0.2481,0.2487,0.2312,0.2363,6308974.94
1740988800,0.2363,0.2374,0.2259,0.2292,8406648.93
1741017600,0.2293,0.2317,0.2082,0.2121,12572611.3
1741046400,0.212,0.2129,0.1944,0.2034,11632213.2
1741075200,0.2034,0.2113,0.2,0.2065,13110456.64
1741104000,0.2064,0.2104,0.1926,0.2079,10463742.43
1741132800,0.2078,0.2094,0.2038,0.2083,3238678.97
1741161600,0.2084,0.2165,0.208,0.2095,7401566.83
1741190400,0.2095,0.2163,0.2063,0.2149,5819681.79
1741219200,0.2149,0.2203,0.2121,0.2143,4166560.85
1741248000,0.2141,0.2164,0.2085,0.214,6087849.15
1741276800,0.2142,0.215,0.2048,0.2074,5280160.23
1741305600,0.2075,0.2093,0.1972,0.2082,5775310.55
1741334400,0.2082,0.2141,0.2058,0.2118,7755473.71
1741363200,0.2117,0.2156,0.2027,0.2057,7781854.78
1741392000,0.2057,0.206,0.2004,0.2013,3441567.94
1741420800,0.2014,0.2029,0.1975,0.1996,5370153.76
1741449600,0.1996,0.2027,0.1969,0.1992,2818643.6
1741478400,0.1992,0.2015,0.1971,0.1994,3908017.78
1741507200,0.1993,0.1994,0.1859,0.1885,5999987.29
1741536000,0.1885,0.1896,0.1753,0.1803,13220385.92
1741564800,0.1804,0.1871,0.1766,0.1865,4840370.7
1741593600,0.1863,0.1921,0.1804,0.1846,8514080.26
1741622400,0.1845,0.1852,0.1666,0.1731,11956047.67
1741651200,0.1732,0.1792,0.1598,0.1787,13807514.97
1741680000,0.1787,0.1835,0.1731,0.1808,8460760.33
1741708800,0.1806,0.1876,0.1779,0.1825,8255089.25
1741737600,0.1825,0.1884,0.1803,0.1881,5992930.9
1741766400,0.1881,0.2011,0.188,0.1905,16096965.66
1741795200,0.1904,0.1953,0.1899,0.193,5266547.97
1741824000,0.193,0.1963,0.1893,0.1915,3862149.89
1741852800,0.1916,0.1966,0.1896,0.1914,7354910.82
1741881600,0.1914,0.1918,0.1858,0.1907,4258919.48
1741910400,0.1907,0.1963,0.1895,0.1949,2629549.67
1741939200,0.1947,0.2035,0.1936,0.2007,8018212.55
1741968000,0.2008,0.202,0.1993,0.1997,2903407.61
1741996800,0.1996,0.202,0.1973,0.199,2763487.2
1742025600,0.1991,0.2091,0.199,0.205,4648755.66
1742054400,0.2052,0.2222,0.2051,0.2153,14952236.22
1742083200,0.2152,0.2152,0.2088,0.2131,4138293.49
1742112000,0.2131,0.2199,0.2035,0.21,12334727.92
1742140800,0.2099,0.214,0.204,0.208,4916378.0
1742169600,0.208,0.2139,0.2077,0.2125,3274781.98
1742198400,0.2126,0.2185,0.2093,0.2121,4882012.18
1742227200,0.2121,0.2488,0.2094,0.235,26016424.74
1742256000,0.2349,0.2445,0.1984,0.2091,36384433.8
1742284800,0.2091,0.2117,0.1983,0.1994,15925784.19
1742313600,0.1994,0.2084,0.1985,0.2078,7319372.07
1742342400,0.2078,0.2119,0.2058,0.2061,6312554.67
1742371200,0.2062,0.211,0.2027,0.2075,7935985.07
1742400000,0.2077,0.2115,0.2039,0.211,6295246.94
1742428800,0.2111,0.2125,0.2052,0.2063,3688883.49
1742457600,0.2063,0.2087,0.2018,0.2049,4317170.84
1742486400,0.2048,0.2066,0.2005,0.204,3606291.46
1742515200,0.204,0.2119,0.2032,0.2059,5302979.44
1742544000,0.2058,0.2075,0.199,0.2018,5348831.02
1742572800,0.2018,0.2051,0.2011,0.2032,2652173.16
1742601600,0.2033,0.2076,0.2022,0.2068,1991878.61
1742630400,0.2068,0.2092,0.2042,0.2087,3478931.77
1742659200,0.2087,0.2228,0.204,0.2046,9026816.08
1742688000,0.2045,0.2083,0.2025,0.2077,3466013.25
1742716800,0.2077,0.2136,0.2067,0.2079,5472864.28
1742745600,0.2079,0.2103,0.2055,0.2092,2521400.65
1742774400,0.2089,0.2145,0.2053,0.2118,3350242.35
1742803200,0.2118,0.2222,0.2118,0.2147,6113686.68
1742832000,0.2148,0.2173,0.2134,0.2152,2458630.69
1742860800,0.2151,0.2165,0.2106,0.2125,2483761.84
1742889600,0.2127,0.2161,0.2127,0.2149,3263418.79
1742918400,0.215,0.2173,0.2135,0.2154,2670207.9
1742947200,0.2154,0.2181,0.2124,0.2179,2485930.35
1742976000,0.218,0.2219,0.212,0.2136,5479708.06
1743004800,0.2137,0.2168,0.2081,0.2133,3816415.17
1743033600,0.213,0.2169,0.2126,0.2146,1539451.44
1743062400,0.2146,0.2152,0.2074,0.2114,2810541.23
1743091200,0.2112,0.2133,0.2081,0.2108,1801545.24
1743120000,0.2107,0.2117,0.1976,0.198,4219382.38
1743148800,0.1982,0.1993,0.19,0.1913,6594607.06
1743177600,0.1912,0.1929,0.1878,0.1921,2827087.16
1743206400,0.1921,0.1943,0.1861,0.1874,2859870.1
1743235200,0.1875,0.1891,0.1853,0.1871,2668005.41
1743264000,0.1871,0.1879,0.1819,0.1862,2104601.7
1743292800,0.186,0.1899,0.1835,0.1892,1139854.32
1743321600,0.1892,0.1905,0.1841,0.1864,1867301.1
1743350400,0.1863,0.1944,0.1834,0.1872,5127680.68
1743379200,0.1875,0.1881,0.1827,0.1841,1857598.07
1743408000,0.1841,0.1888,0.1806,0.1876,3910135.72
1743436800,0.1877,0.1888,0.184,0.1851,2788964.01
1743465600,0.1848,0.1904,0.1846,0.1888,1842649.05
1743494400,0.1888,0.1929,0.1857,0.1916,3485622.31
1743523200,0.1916,0.1919,0.1848,0.1863,2446852.8
1743552000,0.1863,0.1867,0.1764,0.1787,3869359.43
1743580800,0.1787,0.1854,0.1782,0.1841,3997283.13
1743609600,0.1844,0.19,0.17,0.1748,6981712.36
1743638400,0.1748,0.1807,0.1738,0.1757,1981507.95
1743667200,0.1758,0.1766,0.1517,0.1637,17079464.37
1743696000,0.1637,0.1715,0.1628,0.1692,4008924.7
1743724800,0.1692,0.1719,0.1669,0.1715,2040721.12
1743753600,0.1715,0.1726,0.1645,0.1691,3629387.6
1743782400,0.1692,0.1718,0.1679,0.1698,1853673.84
1743811200,0.1698,0.1711,0.1683,0.17,1043281.43
1743840000,0.1701,0.1709,0.1647,0.1657,2864118.36
1743868800,0.1656,0.1672,0.1635,0.1668,1484171.9
1743897600,0.1666,0.1674,0.1645,0.1648,1131522.95
1743926400,0.1648,0.1682,0.1605,0.1644,3381503.74
1743955200,0.1644,0.1644,0.1469,0.1512,8184908.11
1743984000,0.1512,0.1554,0.135,0.1434,10917413.62
1744012800,0.1433,0.1587,0.1419,0.1512,9792082.41
1744041600,0.1509,0.1542,0.1497,0.1522,3061983.03
1744070400,0.1522,0.1581,0.1509,0.1539,3653068.81
1744099200,0.1539,0.1553,0.1496,0.1511,5699589.54
1744128000,0.1511,0.1511,0.1433,0.1445,3515327.66
1744156800,0.1445,0.15,0.1394,0.1493,3216493.25
1744185600,0.1494,0.153,0.1465,0.1509,3306235.58
1744214400,0.1509,0.1622,0.1508,0.1608,7726247.72
1744243200,0.1608,0.1616,0.1577,0.1592,2302850.28
1744272000,0.1593,0.1624,0.1538,0.1548,7280651.62
1744300800,0.1551,0.1581,0.1542,0.1571,2990942.09
1744329600,0.1572,0.1624,0.1568,0.1612,2273496.31
1744358400,0.1611,0.1636,0.1603,0.1627,3626979.43
1744387200,0.1627,0.1646,0.162,0.1627,1821894.38
1744416000,0.1627,0.1638,0.1613,0.163,1294849.28
1744444800,0.163,0.1691,0.163,0.1683,3981330.59
1744473600,0.1683,0.1695,0.1663,0.1673,2633306.04
1744502400,0.1674,0.1683,0.1637,0.1644,1343883.81
1744531200,0.1644,0.1686,0.1603,0.1622,3901428.26
1744560000,0.1623,0.1668,0.1546,0.1571,5456212.46
1744588800,0.1572,0.1623,0.1568,0.1587,2022407.22
1744617600,0.1587,0.163,0.1573,0.1576,4416745.42
1744646400,0.1576,0.1604,0.1565,0.1589,2370539.75
1744675200,0.1589,0.1596,0.1571,0.1588,1875530.38
1744704000,0.1589,0.1602,0.1558,0.1569,3407171.64
1744732800,0.1568,0.1574,0.1537,0.1548,2167816.73
1744761600,0.1549,0.1571,0.1533,0.154,1804888.45
1744790400,0.1539,0.157,0.152,0.1547,2204216.47
1744819200,0.1548,0.1571,0.1505,0.1538,3246518.45
1744848000,0.1539,0.1562,0.1529,0.1552,1046191.11
1744876800,0.1551,0.1563,0.1522,0.1552,1906345.88
1744905600,0.1552,0.1569,0.1538,0.1547,2339970.11
1744934400,0.1549,0.1596,0.1543,0.1596,2317748.2
1744963200,0.1596,0.1628,0.1585,0.1604,3868105.43
1744992000,0.1603,0.1619,0.1595,0.1611,3350552.57
1745020800,0.1611,0.1648,0.161,0.1628,2228102.5
1745049600,0.1629,0.1644,0.161,0.1633,1494841.79
1745078400,0.1633,0.173,0.1633,0.1674,8110025.99
1745107200,0.1674,0.1721,0.1663,0.1677,3086600.37
1745136000,0.1677,0.1686,0.1628,0.1644,3126297.34
1745164800,0.1644,0.17,0.1642,0.1687,2382475.49
1745193600,0.1688,0.1724,0.1687,0.1718,3182573.35
1745222400,0.1718,0.1733,0.1691,0.1714,3928248.09
1745251200,0.1714,0.1725,0.1647,0.1663,3678440.48
1745280000,0.1663,0.1685,0.1575,0.1657,5131965.9
1745308800,0.1656,0.1721,0.164,0.1714,4366735.29
1745337600,0.1715,0.1755,0.1697,0.1747,3487962.8
1745366400,0.1749,0.1797,0.1744,0.1772,6602456.77
1745395200,0.1772,0.1789,0.1704,0.1739,7315450.55
1745424000,0.1738,0.2035,0.1734,0.1849,26977299.5
1745452800,0.1849,0.191,0.1775,0.1866,17403569.95
1745481600,0.1866,0.1878,0.1781,0.1845,8535395.32
1745510400,0.1846,0.1866,0.1775,0.1859,5797286.32
1745539200,0.1859,0.1906,0.1847,0.1897,5835377.7
1745568000,0.1895,0.19,0.1837,0.1872,6284445.17
1745596800,0.1873,0.1905,0.184,0.1877,3421819.04
1745625600,0.1877,0.1936,0.1877,0.1919,5080999.14
1745654400,0.192,0.2,0.1863,0.1925,13165340.74
1745683200,0.1924,0.1967,0.1886,0.1931,3876680.76
1745712000,0.1931,0.1935,0.1831,0.187,3429012.85
1745740800,0.1871,0.19,0.1777,0.1831,7235661.33
1745769600,0.1831,0.186,0.181,0.1828,1998286.42
1745798400,0.1828,0.1885,0.1777,0.1885,3269408.83
1745827200,0.1885,0.189,0.1813,0.1829,3804145.2
1745856000,0.183,0.188,0.1813,0.1864,2094377.4
1745884800,0.1864,0.1898,0.1854,0.1893,2265300.81
1745913600,0.1893,0.1895,0.1835,0.1861,3195204.93
1745942400,0.1863,0.1867,0.1795,0.182,1918405.63
1745971200,0.182,0.1851,0.1797,0.1838,2259113.58
1746000000,0.1837,0.1873,0.1754,0.1803,5042476.31
1746028800,0.1803,0.1831,0.1777,0.1824,1841171.88
1746057600,0.1824,0.1853,0.1822,0.1847,1443533.49
1746086400,0.1845,0.1869,0.1836,0.1852,3381171.32
1746115200,0.185,0.187,0.1833,0.1846,2499778.63
1746144000,0.1845,0.1932,0.1842,0.1909,9315958.94
1746172800,0.1909,0.1922,0.1832,0.1868,7725562.41
1746201600,0.187,0.1878,0.1832,0.1859,2798312.39
1746230400,0.1858,0.1859,0.1817,0.1822,1594118.28
1746259200,0.1822,0.1828,0.1781,0.1807,3346589.92
1746288000,0.1807,0.181,0.1672,0.1719,5216740.49
1746316800,0.1717,0.1726,0.1687,0.1704,3664532.26
1746345600,0.1704,0.1711,0.1671,0.1698,2771792.26
1746374400,0.1695,0.171,0.1671,0.1702,2552606.04
1746403200,0.1701,0.1737,0.1682,0.1726,2860999.53
1746432000,0.1725,0.1728,0.1649,0.1663,3795082.18
1746460800,0.1663,0.1699,0.1637,0.1673,3472565.04
1746489600,0.1674,0.168,0.1644,0.1668,1481253.07
1746518400,0.1668,0.1668,0.1598,0.1618,4321730.83
1746547200,0.1619,0.1645,0.1559,0.1637,3667055.82
1746576000,0.1637,0.167,0.1628,0.1654,2838815.37
1746604800,0.1654,0.1669,0.1624,0.1635,3449550.79
1746633600,0.1636,0.1675,0.1612,0.1664,3701603.14
1746662400,0.1664,0.1738,0.166,0.173,3725864.17
1746691200,0.1729,0.1821,0.1729,0.1798,6398664.71
1746720000,0.1798,0.1886,0.1793,0.1886,6871635.05
1746748800,0.1886,0.1963,0.1867,0.1939,5961364.73
1746777600,0.194,0.1999,0.1911,0.1979,11252340.08
1746806400,0.1979,0.2019,0.1933,0.2008,7240115.48
1746835200,0.2008,0.249,0.2008,0.2228,41407652.45
1746864000,0.223,0.2289,0.213,0.2156,11954996.76
1746892800,0.2156,0.2268,0.2153,0.2262,8027766.7
1746921600,0.2262,0.2274,0.2125,0.2154,10608647.2
1746950400,0.2154,0.2229,0.214,0.2182,4070302.54
1746979200,0.2182,0.2205,0.2136,0.2181,3716493.95
1747008000,0.2182,0.2269,0.2128,0.2231,7463869.32
1747036800,0.2233,0.2288,0.213,0.2145,9677394.69
1747065600,0.2144,0.2178,0.2025,0.2136,6658193.37
1747094400,0.2137,0.2143,0.1977,0.2051,5071410.43
1747123200,0.2051,0.2139,0.2041,0.2138,4745972.45
1747152000,0.2138,0.225,0.2133,0.2216,8922033.63
1747180800,0.2216,0.2273,0.218,0.22,7873852.07
1747209600,0.2199,0.2215,0.2127,0.2159,5480170.27
1747238400,0.2159,0.2206,0.2114,0.2137,5418879.33
1747267200,0.2136,0.2171,0.197,0.1987,5737045.22
1747296000,0.1987,0.2044,0.1958,0.2037,7252382.51
1747324800,0.2038,0.2065,0.1927,0.1971,5575250.58
1747353600,0.1971,0.2025,0.1963,0.2015,2470225.09
1747382400,0.2016,0.2031,0.1973,0.2012,3262913.03
1747411200,0.2012,0.202,0.1915,0.1932,3411505.9
1747440000,0.1933,0.1942,0.1845,0.1883,4474591.98
1747468800,0.1881,0.1898,0.1855,0.1879,2268858.1
1747497600,0.1881,0.1892,0.1847,0.1878,2583201.35
1747526400,0.1877,0.1938,0.1872,0.1938,2513937.85
1747555200,0.1937,0.2011,0.192,0.2009,3258567.85
1747584000,0.2011,0.2039,0.1842,0.1982,5887748.11
1747612800,0.1983,0.1995,0.1849,0.1888,4391198.41
1747641600,0.1888,0.1914,0.1817,0.1901,4292498.75
1747670400,0.1902,0.1946,0.1886,0.192,2561766.29
1747699200,0.1921,0.196,0.1907,0.191,2267078.87
1747728000,0.1913,0.192,0.1845,0.1901,2953686.44
1747756800,0.1899,0.1933,0.1856,0.1924,2755191.22
1747785600,0.1925,0.1978,0.1903,0.1937,3938043.13
1747814400,0.1939,0.1963,0.1901,0.1959,3476608.38
1747843200,0.196,0.2012,0.1899,0.1959,6339301.81
1747872000,0.1959,0.2021,0.1957,0.201,4439456.39
1747900800,0.2009,0.2072,0.1998,0.2052,5872705.83
1747929600,0.2052,0.2148,0.2029,0.2071,7837032.04
1747958400,0.2071,0.2128,0.2032,0.204,4673573.48
1747987200,0.2041,0.2094,0.1911,0.1986,9016775.54
1748016000,0.1987,0.2009,0.1867,0.188,3524802.3
1748044800,0.188,0.1926,0.1858,0.1906,2573800.88
1748073600,0.1908,0.1946,0.1887,0.1931,3429038.27
1748102400,0.193,0.1942,0.188,0.1892,1924582.54
1748131200,0.1891,0.1905,0.1859,0.1875,2126318.58
1748160000,0.1873,0.1873,0.1812,0.1839,2791392.68
1748188800,0.1836,0.1906,0.1814,0.1901,2213011.53
1748217600,0.1901,0.1944,0.1894,0.1933,2635251.65
1748246400,0.1934,0.1937,0.1867,0.1907,2713046.82
1748275200,0.1907,0.1916,0.1871,0.1896,1666887.02
1748304000,0.1895,0.1923,0.1842,0.1917,2056822.99
1748332800,0.1918,0.1957,0.1912,0.1945,3644019.27
1748361600,0.1946,0.1994,0.1929,0.1935,3734123.01
1748390400,0.1935,0.1956,0.191,0.1916,2220205.08
1748419200,0.1917,0.1972,0.1893,0.1911,4147458.84
1748448000,0.1911,0.1944,0.1882,0.1943,3546112.95
1748476800,0.1944,0.1987,0.1915,0.1939,3062718.4
1748505600,0.1941,0.1951,0.1887,0.1901,2937478.18
1748534400,0.1901,0.1907,0.1853,0.1864,2677524.56
1748563200,0.1863,0.1879,0.173,0.1779,8358413.52
1748592000,0.1778,0.1795,0.1761,0.1769,3786191.1
1748620800,0.1769,0.1773,0.1625,0.1652,8777075.32
1748649600,0.1652,0.1654,0.1574,0.1648,5231498.99
1748678400,0.1646,0.1706,0.163,0.1683,7552716.32
1748707200,0.1682,0.1761,0.1675,0.1709,4799916.72
1748736000,0.1709,0.175,0.1686,0.1721,5659610.54
1748764800,0.1719,0.1729,0.1669,0.1714,2813093.35
1748793600,0.1715,0.1732,0.1691,0.1723,1428820.19
1748822400,0.1722,0.1728,0.1683,0.1711,1309933.56
1748851200,0.171,0.1731,0.1677,0.1723,2618337.04
1748880000,0.1723,0.1771,0.1702,0.1767,4567919.08
1748908800,0.1767,0.1793,0.1752,0.1762,2312373.37
1748937600,0.1763,0.1788,0.175,0.1763,3499932.8
1748966400,0.1763,0.1787,0.1733,0.1747,2322058.11
1748995200,0.1745,0.1772,0.1735,0.1752,1110326.77
1749024000,0.1752,0.1764,0.1714,0.1753,1870017.32
1749052800,0.1752,0.1756,0.1692,0.1707,1447287.27
1749081600,0.1707,0.1735,0.1693,0.1722,1506242.35
1749110400,0.1723,0.173,0.167,0.1698,2279936.3
1749139200,0.1698,0.1698,0.1562,0.1598,5295755.22
1749168000,0.1597,0.1639,0.1584,0.1627,1463584.5
1749196800,0.1628,0.1677,0.1626,0.1657,1672150.0
1749225600,0.1657,0.1664,0.1611,0.1624,1617084.53
1749254400,0.1625,0.167,0.1612,0.166,1663152.66
1749283200,0.166,0.1672,0.1647,0.166,1441567.97
1749312000,0.166,0.1669,0.1643,0.1663,1398836.84
1749340800,0.1663,0.1673,0.1652,0.1655,1984633.55
1749369600,0.1656,0.1694,0.1654,0.1671,3212666.16
1749398400,0.1671,0.1689,0.1659,0.1669,1455173.84
1749427200,0.1669,0.1675,0.1638,0.1653,1517254.62
1749456000,0.1653,0.1719,0.1646,0.1707,3266397.01
1749484800,0.1707,0.1782,0.1698,0.1775,4131478.54
1749513600,0.1775,0.1788,0.1745,0.1764,3656175.25
1749542400,0.1765,0.1824,0.1751,0.1779,5032896.67
1749571200,0.178,0.182,0.1773,0.1809,2091227.15
1749600000,0.1811,0.1824,0.1785,0.1816,1919086.18
1749628800,0.1814,0.1855,0.1768,0.1838,4024922.41
1749657600,0.1838,0.184,0.1736,0.1757,3144575.98
1749686400,0.1758,0.1763,0.1716,0.1718,1605295.26
1749715200,0.1717,0.1726,0.1671,0.1688,3686799.98
1749744000,0.1686,0.1726,0.1632,0.1644,2839962.58
1749772800,0.1642,0.1643,0.1523,0.1566,6734325.63
1749801600,0.1565,0.1583,0.154,0.1575,2976888.37
1749830400,0.1574,0.1643,0.1564,0.1622,3416047.43
1749859200,0.1622,0.171,0.1611,0.17,10823735.18
1749888000,0.17,0.1708,0.1622,0.1632,3678224.77
1749916800,0.1632,0.1638,0.158,0.1617,2489290.68
1749945600,0.1617,0.1643,0.1608,0.1631,2603884.76
1749974400,0.1631,0.1645,0.1609,0.1628,3139088.9
1750003200,0.163,0.1636,0.1592,0.1629,2293862.5
1750032000,0.1629,0.167,0.1609,0.1669,3144128.73
1750060800,0.1669,0.1687,0.1654,0.1671,3522832.84
1750089600,0.1672,0.1684,0.1616,0.162,2791457.81
1750118400,0.162,0.1648,0.1592,0.1624,3180207.65
1750147200,0.1624,0.1637,0.1573,0.1589,3851266.33
1750176000,0.1589,0.1611,0.1544,0.1584,2843735.8
1750204800,0.1585,0.1609,0.1578,0.1593,1395648.91
1750233600,0.1592,0.1595,0.1511,0.1568,3398797.76
1750262400,0.1568,0.1589,0.1543,0.1582,2365541.1
1750291200,0.1582,0.1601,0.1571,0.1575,1333609.46
1750320000,0.1575,0.1586,0.1545,0.1552,1299136.34
1750348800,0.1552,0.1571,0.1535,0.1566,1443938.67
1750377600,0.1565,0.1586,0.1545,0.1583,1671208.08
1750406400,0.1583,0.1594,0.1541,0.1546,3464952.86
1750435200,0.1545,0.1547,0.1466,0.1494,7309935.3
1750464000,0.1494,0.152,0.1486,0.1505,3748428.03
1750492800,0.1504,0.1517,0.1469,0.1486,5276552.78
1750521600,0.1485,0.1491,0.1385,0.1417,7206119.84
1750550400,0.142,0.1437,0.1395,0.1407,2260884.65
1750579200,0.1408,0.1411,0.1307,0.1324,7959051.15
1750608000,0.1324,0.1343,0.1261,0.1337,5739611.9
1750636800,0.1337,0.1372,0.1333,0.1363,2125530.98
1750665600,0.1363,0.1398,0.1346,0.1367,2267728.58
1750694400,0.1367,0.1473,0.1337,0.1467,5145412.71
1750723200,0.1468,0.1488,0.1457,0.1471,3978994.16
1750752000,0.1471,0.1484,0.1453,0.1471,3550698.46
1750780800,0.1472,0.1513,0.1469,0.1492,2918163.83
1750809600,0.1493,0.151,0.1478,0.1488,2221368.06
1750838400,0.1488,0.1503,0.1464,0.1465,3190317.53
1750867200,0.1466,0.1492,0.1453,0.1466,3163865.21
1750896000,0.1467,0.1503,0.1456,0.149,3830914.26
1750924800,0.1491,0.1495,0.1427,0.1456,4758265.45
1750953600,0.1455,0.1476,0.1434,0.1437,2577390.17
1750982400,0.1436,0.1465,0.1409,0.1437,1999583.81
1751011200,0.1438,0.1458,0.1427,0.1454,3166796.16
1751040000,0.1454,0.1467,0.142,0.1451,2144641.29
1751068800,0.1453,0.1456,0.1436,0.1451,570529.45
1751097600,0.1451,0.1472,0.1441,0.1469,1031254.57
1751126400,0.147,0.1487,0.1462,0.1483,895907.76
1751155200,0.1483,0.1485,0.1459,0.1475,1318561.57
1751184000,0.1477,0.1488,0.1458,0.1458,2144771.39
1751212800,0.1461,0.1554,0.1458,0.1536,3112588.99
1751241600,0.1536,0.1553,0.1488,0.1503,2925653.42
1751270400,0.1503,0.1505,0.1466,0.1488,2351595.62
1751299200,0.1488,0.1506,0.1472,0.1475,2508421.43
1751328000,0.1477,0.1483,0.142,0.1444,3797578.65
1751356800,0.1442,0.1453,0.1426,0.1432,1869244.6
1751385600,0.1433,0.1438,0.1395,0.1408,2834440.44
1751414400,0.1408,0.1439,0.139,0.143,1723290.12
1751443200,0.1432,0.1475,0.1431,0.1474,2367095.92
1751472000,0.1474,0.155,0.1474,0.1519,8963213.76
1751500800,0.1518,0.1542,0.1509,0.1537,3328720.07
1751529600,0.1538,0.1548,0.1503,0.1506,3534564.88
1751558400,0.1506,0.1577,0.1505,0.1539,3807258.34
1751587200,0.1538,0.1542,0.148,0.1484,2843772.54
1751616000,0.1483,0.1517,0.147,0.1475,2097402.49
1751644800,0.1476,0.1478,0.1447,0.1466,2063309.51
1751673600,0.1466,0.1491,0.1466,0.1485,1450382.77
1751702400,0.1487,0.1513,0.1465,0.149,6291448.03
1751731200,0.149,0.1529,0.1472,0.1499,6572767.52
1751760000,0.15,0.1522,0.1475,0.1475,1751282.01
1751788800,0.1475,0.1506,0.1472,0.1496,3866002.25
1751817600,0.1497,0.1586,0.1496,0.1525,8659149.93
1751846400,0.1526,0.1533,0.1503,0.1523,2722280.94
1751875200,0.1522,0.1528,0.1473,0.1489,3976332.56
1751904000,0.1491,0.1501,0.1464,0.1485,4196091.37
1751932800,0.1485,0.1492,0.1459,0.1488,2562286.6
1751961600,0.1489,0.1509,0.1472,0.149,2334167.4
1751990400,0.1489,0.1517,0.1484,0.1513,2871512.19
1752019200,0.1514,0.1524,0.1499,0.1522,2644098.01
1752048000,0.1523,0.1537,0.1505,0.152,4236953.67
1752076800,0.152,0.1576,0.152,0.1569,5518666.82
1752105600,0.1569,0.1585,0.1554,0.1573,2786633.07
1752134400,0.1573,0.1588,0.1559,0.1575,4173994.08
1752163200,0.1575,0.1675,0.1566,0.1665,8745574.77
1752192000,0.1666,0.1741,0.164,0.1681,8874750.79
1752220800,0.1684,0.188,0.1661,0.1687,22633541.4
1752249600,0.1687,0.1751,0.1663,0.1687,7138657.93
1752278400,0.1688,0.1726,0.1657,0.1703,3731654.63
1752307200,0.1702,0.1718,0.1631,0.1649,5009238.08
1752336000,0.1648,0.17,0.1624,0.1674,3099566.28
1752364800,0.1676,0.1712,0.1667,0.1707,1573153.43
1752393600,0.1707,0.1735,0.168,0.1722,6512529.32
1752422400,0.1722,0.1735,0.1687,0.1705,4682624.26
1752451200,0.1706,0.18,0.17,0.1763,5461227.04
1752480000,0.1763,0.1763,0.168,0.1691,5973850.95
1752508800,0.1691,0.171,0.167,0.1702,4892160.63
1752537600,0.17,0.1722,0.1634,0.1675,4222101.92
1752566400,0.1675,0.17,0.1644,0.1683,3851462.56
1752595200,0.1684,0.1731,0.1679,0.1728,3741783.31
1752624000,0.1729,0.1737,0.1697,0.1729,2068591.93
1752652800,0.1729,0.175,0.171,0.174,4835569.91
1752681600,0.174,0.1794,0.1735,0.1757,5490628.53
1752710400,0.1758,0.1779,0.1711,0.1746,4727207.11
1752739200,0.1747,0.1772,0.1728,0.1747,5142682.27
1752768000,0.1748,0.1766,0.1713,0.1751,4218192.47
1752796800,0.1753,0.187,0.1735,0.1801,8602231.63
1752825600,0.1802,0.1888,0.1786,0.1858,11954203.38
1752854400,0.1857,0.1893,0.1762,0.179,14288584.05
1752883200,0.1793,0.1819,0.1745,0.1771,3864636.12
1752912000,0.1772,0.1781,0.172,0.1757,6504038.98
1752940800,0.1756,0.1802,0.1743,0.1794,3958439.09
1752969600,0.1795,0.1829,0.1779,0.1812,4724424.68
1752998400,0.1812,0.1852,0.1806,0.1849,5781674.09
1753027200,0.1848,0.1878,0.1801,0.1837,8172928.65
1753056000,0.1837,0.1894,0.1805,0.1886,4635695.64
1753084800,0.1886,0.1897,0.1855,0.1872,5634373.46
1753113600,0.1872,0.199,0.1833,0.1907,17534157.0
1753142400,0.1907,0.1914,0.1792,0.183,8752086.47
1753171200,0.183,0.1871,0.1795,0.1856,6060846.36
1753200000,0.1854,0.188,0.1832,0.188,3976036.14
1753228800,0.1879,0.1883,0.1848,0.1857,3222149.94
1753257600,0.1856,0.1868,0.1725,0.1778,13212663.44
1753286400,0.1777,0.1777,0.1641,0.1705,9981617.75
1753315200,0.1704,0.174,0.1582,0.1649,9329986.01
1753344000,0.1648,0.1723,0.1637,0.1696,6853129.6
1753372800,0.1697,0.1712,0.1662,0.1668,3425639.76
1753401600,0.1668,0.1676,0.1617,0.1657,6955795.01
1753430400,0.1657,0.1713,0.1641,0.1661,6378038.15
1753459200,0.1661,0.1713,0.1655,0.1712,3463411.26
1753488000,0.1712,0.1727,0.1701,0.1712,3304105.13
1753516800,0.1714,0.1731,0.1712,0.1722,2237276.82
1753545600,0.1722,0.175,0.1706,0.1721,2379490.29
1753574400,0.1723,0.1746,0.172,0.174,2478351.89
1753603200,0.174,0.1761,0.1716,0.1738,5742269.21
1753632000,0.1739,0.1779,0.1735,0.1767,4169476.3
1753660800,0.1767,0.1792,0.1742,0.1769,4035815.71
1753689600,0.1767,0.1775,0.1673,0.1688,6356866.43
1753718400,0.1688,0.1701,0.1635,0.1654,5443968.07
1753747200,0.1654,0.1695,0.1616,0.1689,4550647.06
1753776000,0.1688,0.1691,0.1622,0.1635,4493069.75
1753804800,0.1636,0.1648,0.1603,0.1637,3871934.06
1753833600,0.1636,0.164,0.1606,0.1615,2470078.58
1753862400,0.1615,0.1627,0.1566,0.1612,6098324.78
1753891200,0.1612,0.1626,0.153,0.1612,4423699.55
1753920000,0.1611,0.1648,0.1609,0.1639,2078017.17
1753948800,0.1639,0.1649,0.1582,0.1604,3890333.98
1753977600,0.1604,0.1633,0.1542,0.1546,4765861.41
1754006400,0.1546,0.1554,0.1497,0.1522,3973843.04
1754035200,0.1521,0.1542,0.149,0.1537,4655726.11
1754064000,0.1536,0.1542,0.1476,0.1512,5397520.45
1754092800,0.1512,0.1535,0.1487,0.1519,1952538.96
1754121600,0.1519,0.152,0.1482,0.1488,2359270.54
1754150400,0.1487,0.1498,0.1445,0.1481,3538960.21
1754179200,0.148,0.1569,0.1464,0.1524,4850047.34
1754208000,0.1524,0.1535,0.1515,0.1526,2082463.81
1754236800,0.1527,0.1548,0.152,0.1534,2451946.86
1754265600,0.1535,0.1564,0.1535,0.1556,2518277.06
1754294400,0.1556,0.157,0.1529,0.1552,3665652.04
1754323200,0.1553,0.1585,0.1553,0.1577,2766200.2
1754352000,0.1576,0.1583,0.1521,0.1528,2842994.54
1754380800,0.1528,0.1566,0.1504,0.151,3728722.69
1754409600,0.151,0.1518,0.1477,0.1506,2506723.0
1754438400,0.1506,0.1526,0.1472,0.1524,2069743.77
1754467200,0.1523,0.1543,0.1504,0.1542,2823799.29
1754496000,0.1541,0.156,0.1529,0.1551,2661432.81
1754524800,0.155,0.1558,0.153,0.1552,1341056.08
1754553600,0.1553,0.1592,0.1544,0.1581,4278865.85
1754582400,0.1582,0.1615,0.1553,0.1611,2966602.15
1754611200,0.1611,0.1625,0.1596,0.162,3348037.5
1754640000,0.1621,0.1639,0.1592,0.1602,3406600.44
1754668800,0.1604,0.1645,0.1601,0.1631,3085586.0
1754697600,0.1631,0.1674,0.1628,0.1672,2857123.26
1754726400,0.1672,0.169,0.1651,0.1667,3498824.18
1754755200,0.1667,0.1693,0.1667,0.1673,3292530.28
1754784000,0.1674,0.17,0.1628,0.1632,3514562.01
1754812800,0.1633,0.1647,0.1612,0.164,2672759.66
1754841600,0.1638,0.1667,0.1625,0.1649,2551514.69
1754870400,0.1648,0.1683,0.1632,0.164,2610656.46
1754899200,0.164,0.1655,0.1575,0.1619,4121700.6
1754928000,0.1618,0.1664,0.1577,0.1588,8462102.17
1754956800,0.1588,0.1617,0.1574,0.1602,2260337.37
1754985600,0.1601,0.1704,0.1568,0.1652,14328021.56
1755014400,0.1653,0.1686,0.1639,0.1647,6883858.14
1755043200,0.1648,0.1673,0.1633,0.1653,4619605.44
1755072000,0.1652,0.1693,0.1652,0.1677,4546266.62
1755100800,0.1679,0.1694,0.1651,0.1683,2588795.1
1755129600,0.1684,0.1707,0.1653,0.1663,4611431.56
1755158400,0.1662,0.1662,0.1518,0.1557,9717357.42
1755187200,0.1556,0.1556,0.1505,0.1527,4398746.32
1755216000,0.153,0.1562,0.1516,0.1551,3489084.63
1755244800,0.1551,0.1559,0.1495,0.1503,5923332.12
1755273600,0.1501,0.1549,0.1487,0.154,5364267.32
1755302400,0.154,0.1574,0.1537,0.1569,3636662.92
1755331200,0.1568,0.1632,0.1563,0.1604,13245489.02
1755360000,0.1604,0.163,0.159,0.1606,3390866.79
1755388800,0.1607,0.1618,0.159,0.1608,2005942.1
1755417600,0.1608,0.162,0.1596,0.1618,2081603.25
1755446400,0.1619,0.1622,0.1575,0.1581,3657718.89
1755475200,0.1582,0.1582,0.1513,0.1534,5287764.77
1755504000,0.1534,0.1546,0.1509,0.1544,3162447.5
1755532800,0.1544,0.1557,0.1531,0.1536,1828201.6
1755561600,0.1535,0.1556,0.15,0.1531,2360665.03
1755590400,0.1531,0.1574,0.1518,0.1529,4843822.24
1755619200,0.1528,0.153,0.1489,0.1497,3790142.85
1755648000,0.1497,0.1536,0.1489,0.1525,2149506.77
1755676800,0.1525,0.156,0.1502,0.1538,3720068.01
1755705600,0.1538,0.1567,0.1533,0.1559,2532274.02
1755734400,0.156,0.1568,0.1535,0.1549,1048134.89
1755763200,0.1548,0.155,0.1515,0.1519,2935421.39
1755792000,0.1519,0.1538,0.1512,0.1522,3108125.6
1755820800,0.1523,0.1541,0.1511,0.1529,1185065.87
1755849600,0.1528,0.1588,0.1482,0.1574,6777432.04
1755878400,0.1575,0.1647,0.1575,0.1635,6005678.42
1755907200,0.1635,0.1641,0.1589,0.1618,2056386.0
1755936000,0.1619,0.1628,0.1609,0.1619,1481194.74
1755964800,0.162,0.1704,0.162,0.1634,9804664.83
1755993600,0.1634,0.1638,0.1565,0.1572,2908064.06
1756022400,0.1572,0.1584,0.1552,0.1569,2718024.08
1756051200,0.1569,0.1633,0.1557,0.1581,4193213.65
1756080000,0.1581,0.1591,0.1518,0.1522,3043087.91
1756108800,0.1522,0.1546,0.1508,0.1536,3293252.8
1756137600,0.1534,0.1537,0.1378,0.1441,10451351.4
1756166400,0.144,0.1478,0.1421,0.1474,3809568.1
1756195200,0.1475,0.15,0.1464,0.1481,2408003.65
1756224000,0.148,0.1513,0.1477,0.1498,2340343.38
1756252800,0.1498,0.1515,0.1475,0.1482,2725680.91
1756281600,0.1482,0.1507,0.1471,0.1504,4123129.06
1756310400,0.1505,0.1509,0.1475,0.1492,2202514.68
1756339200,0.1492,0.1515,0.148,0.1513,1852110.73
1756368000,0.1513,0.1547,0.1494,0.1515,4347888.29
1756396800,0.1516,0.1535,0.1494,0.1532,2236948.18
1756425600,0.1533,0.1541,0.1479,0.1482,4157665.71
1756454400,0.1483,0.1507,0.1456,0.1465,4881632.5
1756483200,0.1465,0.1473,0.143,0.1463,3667054.33
1756512000,0.1462,0.1487,0.1437,0.1487,1232415.35
1756540800,0.1487,0.1487,0.1459,0.1482,1289408.6
1756569600,0.1481,0.1485,0.1471,0.1483,1198349.28
1756598400,0.1484,0.1535,0.1481,0.1513,3749938.35
1756627200,0.1512,0.1518,0.1487,0.1499,1647841.79
1756656000,0.1498,0.1509,0.1471,0.1471,1422358.57
1756684800,0.1471,0.1491,0.1444,0.1491,2673758.97
1756713600,0.1491,0.1506,0.1456,0.146,2567601.51
1756742400,0.1461,0.1461,0.1387,0.1439,3841828.23
1756771200,0.1438,0.1478,0.143,0.1461,1496051.3
1756800000,0.146,0.1478,0.1433,0.1446,2135046.81
1756828800,0.1447,0.1477,0.1447,0.1476,974621.85
1756857600,0.1477,0.1482,0.1458,0.1465,1759549.61
1756886400,0.1466,0.1487,0.1458,0.1485,1694880.13
1756915200,0.1486,0.1489,0.1473,0.1483,1623073.78
1756944000,0.1482,0.1486,0.1439,0.1451,1597067.02
1756972800,0.145,0.1457,0.1425,0.1434,1770632.89
1757001600,0.1433,0.1454,0.1428,0.1441,1236209.35
1757030400,0.1441,0.1483,0.144,0.1477,1876380.11
1757059200,0.1478,0.1491,0.1449,0.1462,3765489.26
1757088000,0.146,0.1477,0.1452,0.147,1135434.76
1757116800,0.147,0.1476,0.1462,0.1468,737352.31
1757145600,0.1468,0.1472,0.1448,0.1457,1758498.23
1757174400,0.1456,0.1473,0.1452,0.1469,1596042.68
1757203200,0.147,0.1492,0.1469,0.1475,1797845.58
1757232000,0.1477,0.1489,0.1473,0.1485,1261024.58
1757260800,0.1485,0.149,0.1464,0.1483,1557011.74
1757289600,0.1484,0.1499,0.1476,0.1484,1337743.06
1757318400,0.1484,0.1522,0.1484,0.1514,4667071.97
1757347200,0.1515,0.1518,0.1495,0.1508,3546898.78
1757376000,0.1509,0.1544,0.1492,0.1537,3156871.56
1757404800,0.1538,0.16,0.1517,0.1523,10435462.82
1757433600,0.1523,0.1538,0.1508,0.1533,2315702.72
1757462400,0.1534,0.1557,0.1526,0.1541,3125892.95
1757491200,0.1542,0.155,0.1491,0.1533,6853700.91
1757520000,0.1535,0.1538,0.1509,0.153,2284724.62
1757548800,0.153,0.1551,0.1525,0.1545,2270163.36
1757577600,0.1544,0.1545,0.1509,0.1523,3543297.27
1757606400,0.1523,0.1544,0.1516,0.1543,2456361.1
1757635200,0.1544,0.1561,0.1539,0.1548,3598156.1
1757664000,0.1548,0.1548,0.1518,0.1539,2375371.43
1757692800,0.1539,0.1573,0.1537,0.157,3465249.07
1757721600,0.1571,0.1593,0.1568,0.1582,3735086.84
1757750400,0.1582,0.1616,0.1574,0.1588,4237956.86
1757779200,0.1589,0.16,0.1558,0.1593,2524651.54
1757808000,0.1593,0.1596,0.1555,0.1565,2894302.99
1757836800,0.1565,0.1575,0.151,0.1521,3511618.39
1757865600,0.1519,0.1544,0.1517,0.1529,1914779.79
1757894400,0.1528,0.1545,0.1496,0.1502,2004819.92
1757923200,0.1501,0.1501,0.146,0.1472,4780812.19
1757952000,0.1472,0.1486,0.145,0.1484,3593178.34
1757980800,0.1483,0.1486,0.145,0.1482,1986361.08
1758009600,0.1481,0.1497,0.1468,0.1497,1699985.27
1758038400,0.1497,0.1508,0.1488,0.15,1714183.61
1758067200,0.15,0.1509,0.1478,0.1497,2122707.03
1758096000,0.1496,0.1497,0.1473,0.1478,1505459.93
1758124800,0.1478,0.1536,0.1469,0.1523,3791496.47
1758153600,0.1524,0.1571,0.1523,0.1539,3314375.5
1758182400,0.1539,0.1582,0.1537,0.1567,10597271.89
1758211200,0.1568,0.1681,0.1568,0.1628,23109767.07
1758240000,0.1628,0.1653,0.1582,0.1593,8864764.12
1758268800,0.1593,0.1607,0.155,0.1563,7925288.22
1758297600,0.1563,0.157,0.1526,0.1544,4115696.11
1758326400,0.1543,0.1568,0.1529,0.1567,2762057.7
1758355200,0.1567,0.1572,0.154,0.1565,1794720.63
1758384000,0.1566,0.1585,0.1552,0.1558,2460728.1
1758412800,0.1557,0.1589,0.1549,0.158,1781370.43
1758441600,0.1581,0.1586,0.154,0.1547,2839906.19
1758470400,0.1547,0.1563,0.1533,0.1544,2074998.64
1758499200,0.1544,0.1549,0.135,0.1403,16315303.4
1758528000,0.1403,0.1411,0.1372,0.1382,10220519.5
1758556800,0.1382,0.14,0.1367,0.1396,3785701.89
1758585600,0.1395,0.1405,0.1353,0.14,4839652.12
1758614400,0.14,0.1413,0.1393,0.1408,3803938.45
1758643200,0.1409,0.1416,0.1379,0.1402,5270031.02
1758672000,0.1401,0.1453,0.1379,0.1421,11817699.98
1758700800,0.1421,0.1433,0.1409,0.1415,2772394.04
1758729600,0.1414,0.1425,0.1396,0.1409,1867934.52
1758758400,0.1409,0.1417,0.1355,0.137,5321029.48
1758787200,0.137,0.1386,0.1341,0.1364,6562794.79
1758816000,0.1364,0.1366,0.1293,0.1322,8481103.73
1758844800,0.1322,0.1344,0.132,0.1341,2074935.13
1758873600,0.1342,0.1349,0.1315,0.1345,5334367.0
1758902400,0.1346,0.1398,0.1345,0.1389,5019739.37
1758931200,0.139,0.1403,0.1388,0.1391,2736692.61
1758960000,0.1392,0.1416,0.1375,0.1402,3694543.58
1758988800,0.1403,0.141,0.1382,0.1391,2411882.25
1759017600,0.1391,0.1391,0.1368,0.1378,2419540.32
1759046400,0.1377,0.1389,0.1363,0.1387,2011271.3
1759075200,0.1387,0.1415,0.1386,0.1413,2498925.68
1759104000,0.1413,0.1413,0.1381,0.1391,1756149.89
1759132800,0.139,0.1404,0.1366,0.1391,3917848.78
1759161600,0.139,0.1409,0.1374,0.1393,3021053.7
1759190400,0.1393,0.1397,0.1373,0.1376,2605268.51
1759219200,0.1376,0.1379,0.1338,0.1348,3985341.66
1759248000,0.1348,0.1385,0.1339,0.1377,2105641.7
1759276800,0.1377,0.1395,0.1369,0.1382,2551294.13
1759305600,0.1381,0.1426,0.138,0.1412,5344308.16
1759334400,0.1413,0.1425,0.1404,0.1421,2519997.6
1759363200,0.1421,0.1452,0.1417,0.144,4254110.6
1759392000,0.1441,0.1452,0.1413,0.1431,5041157.85
1759420800,0.1432,0.1461,0.143,0.1453,2597461.64
1759449600,0.1452,0.1452,0.1419,0.1423,3937348.31
1759478400,0.1422,0.1451,0.1408,0.1449,3565418.33
1759507200,0.1449,0.1462,0.1428,0.1447,2928564.9
1759536000,0.1448,0.1453,0.1422,0.1437,1682683.31
1759564800,0.1438,0.144,0.1397,0.14,3071466.59
1759593600,0.1399,0.1418,0.1392,0.1411,1912095.42
1759622400,0.1411,0.1452,0.1398,0.145,2886311.1
1759651200,0.1451,0.1453,0.1416,0.1425,3012175.59
1759680000,0.1425,0.1428,0.1371,0.1385,5007131.95
1759708800,0.1384,0.1422,0.1376,0.1401,6929919.91
1759737600,0.1402,0.1436,0.1399,0.143,5194125.02
1759766400,0.1429,0.144,0.1413,0.1416,3234668.6
1759795200,0.1416,0.142,0.1398,0.1405,3560933.58
1759824000,0.1405,0.1423,0.1348,0.1356,8127658.33
1759852800,0.1355,0.1362,0.1326,0.1341,6299415.59
1759881600,0.134,0.1361,0.1331,0.1352,2839660.46
1759910400,0.1352,0.1366,0.1343,0.1364,3521454.09
1759939200,0.1364,0.1407,0.1359,0.1379,5519098.5
1759968000,0.1379,0.1381,0.1347,0.1353,2426112.76
1759996800,0.1354,0.1356,0.1311,0.1321,5258439.71
1760025600,0.1321,0.1352,0.1314,0.1348,2700098.51
1760054400,0.1347,0.1362,0.1331,0.1331,1812911.11
1760083200,0.1331,0.1363,0.1268,0.129,5323427.19
1760112000,0.1289,0.1304,0.0363,0.0897,69936145.4
1760140800,0.0895,0.0913,0.0843,0.0895,25021765.07
1760169600,0.0896,0.0932,0.0888,0.0924,13688760.42
1760198400,0.0923,0.1,0.0856,0.0896,16591516.74
1760227200,0.0895,0.0937,0.0881,0.0935,4698745.34
1760256000,0.0934,0.1,0.0915,0.0993,12897480.25
1760284800,0.0993,0.1028,0.0992,0.1008,7920861.72
1760313600,0.1008,0.1026,0.0999,0.1014,4112401.68
1760342400,0.1014,0.1033,0.0992,0.1022,9500823.09
1760371200,0.1023,0.1077,0.1015,0.107,8305999.04
1760400000,0.1069,0.1069,0.0952,0.0976,8716251.75
1760428800,0.0976,0.1021,0.0955,0.102,7495676.85
1760457600,0.102,0.1038,0.1004,0.1019,3412385.75
1760486400,0.1018,0.1032,0.1008,0.1027,3909729.82
1760515200,0.1027,0.1045,0.0987,0.0995,6168953.93
1760544000,0.0994,0.103,0.0984,0.0999,7201881.51
1760572800,0.0998,0.1082,0.0989,0.1063,20665622.15
1760601600,0.1065,0.1087,0.0962,0.0969,28737506.99
1760630400,0.0968,0.0994,0.0944,0.0981,7693536.53
1760659200,0.0981,0.0987,0.0909,0.0913,7862546.55
1760688000,0.0914,0.0973,0.0893,0.0971,8438803.45
1760716800,0.0971,0.1,0.0954,0.0976,7800438.92
1760745600,0.0977,0.101,0.0968,0.0978,6243827.02
1760774400,0.0978,0.1034,0.0971,0.0985,11204031.91
1760803200,0.0985,0.0991,0.0973,0.0981,3596247.61
1760832000,0.0981,0.0985,0.0967,0.0975,3657314.35
1760860800,0.0976,0.1009,0.0962,0.0998,6038577.24
1760889600,0.0999,0.1005,0.0981,0.0989,2870863.43
1760918400,0.0989,0.102,0.0974,0.101,3753172.31
1760947200,0.101,0.1014,0.0995,0.0996,2782417.09
1760976000,0.0995,0.0997,0.0975,0.0986,2883192.71
1761004800,0.0984,0.0989,0.0955,0.0976,2634686.17
1761033600,0.0976,0.1127,0.0966,0.1054,33690463.89
1761062400,0.1053,0.1079,0.0985,0.0994,11186846.31
1761091200,0.0991,0.1034,0.098,0.1006,9378473.01
1761120000,0.1005,0.1005,0.0971,0.0991,5488715.7
1761148800,0.0993,0.0997,0.093,0.098,5946247.13
1761177600,0.098,0.1002,0.0976,0.0994,2492097.07
1761206400,0.0994,0.1013,0.0977,0.099,4629716.5
1761235200,0.0991,0.1008,0.0982,0.0994,5331434.97
1761264000,0.0993,0.1007,0.0985,0.0998,2232161.96
1761292800,0.0997,0.1016,0.0985,0.0988,3145960.08
1761321600,0.0988,0.102,0.0985,0.1007,2658310.96
1761350400,0.1006,0.1022,0.0996,0.1,2921189.72
1761379200,0.0999,0.1007,0.0991,0.1,2333424.44
1761408000,0.0999,0.1011,0.0997,0.1003,1306480.59
1761436800,0.1002,0.1011,0.0995,0.1008,2623250.32
1761465600,0.1008,0.1023,0.1007,0.1014,2443338.22
1761494400,0.1013,0.1029,0.1005,0.1019,2067302.57
1761523200,0.1019,0.1033,0.1012,0.102,2455018.57
1761552000,0.1019,0.1023,0.0983,0.0993,3553216.86
1761580800,0.0994,0.1017,0.0979,0.0985,3703676.71
1761609600,0.0984,0.1005,0.0979,0.0996,2433641.74
1761638400,0.0995,0.1014,0.0978,0.0996,3308881.3
1761667200,0.0996,0.1003,0.0946,0.0967,5043649.78
1761696000,0.0967,0.0977,0.0961,0.0976,1414864.14
1761724800,0.0975,0.0989,0.0962,0.0965,2279373.89
1761753600,0.0964,0.0995,0.0947,0.0965,5195768.12
1761782400,0.0967,0.0983,0.094,0.0975,3276072.64
1761811200,0.0975,0.0975,0.0902,0.0908,6434722.72
1761840000,0.0908,0.0943,0.0896,0.0922,5807281.49
1761868800,0.0922,0.0952,0.0918,0.0936,2155964.91
1761897600,0.0936,0.0949,0.0923,0.0939,2920200.61
1761926400,0.094,0.0944,0.0918,0.0934,2316473.03
1761955200,0.0934,0.094,0.09,0.0938,7006210.61
1761984000,0.0938,0.0946,0.093,0.0941,3397320.51
1762012800,0.0941,0.0951,0.0937,0.0945,2478767.06
1762041600,0.0944,0.095,0.0933,0.0949,1106594.17
1762070400,0.095,0.0956,0.0915,0.0919,5235108.18
1762099200,0.0919,0.0936,0.0905,0.0936,2564426.34
1762128000,0.0935,0.0936,0.0861,0.0881,7377939.22
1762156800,0.0882,0.0888,0.0785,0.0817,12071211.07
1762185600,0.0817,0.0848,0.0797,0.0816,6188100.7
1762214400,0.0816,0.0833,0.0788,0.0797,6834452.83
1762243200,0.0798,0.0833,0.0796,0.0813,4907898.54
1762272000,0.0813,0.082,0.0738,0.0798,12183286.43
1762300800,0.0796,0.0805,0.076,0.08,2853047.74
1762329600,0.0799,0.0813,0.0785,0.0812,2807179.97
1762358400,0.0811,0.0819,0.0802,0.0816,1899303.42
1762387200,0.0813,0.0825,0.0798,0.0812,5476838.15
1762416000,0.0811,0.0822,0.0784,0.0789,3686475.4
1762444800,0.0789,0.0815,0.0778,0.081,3001856.01
1762473600,0.0809,0.0851,0.0809,0.085,4482348.22
1762502400,0.085,0.0857,0.0801,0.0854,8673944.13
1762531200,0.0854,0.0957,0.085,0.0913,20203526.18
1762560000,0.0913,0.0929,0.088,0.0905,7310426.85
1762588800,0.0905,0.0917,0.0878,0.0883,6408399.02
1762617600,0.0883,0.0911,0.0875,0.0902,3247976.85
1762646400,0.0902,0.0903,0.0856,0.0883,5117931.65
1762675200,0.0883,0.0921,0.0867,0.0902,6938307.87
1762704000,0.0903,0.0921,0.0897,0.0903,4313737.31
1762732800,0.0903,0.0925,0.0898,0.091,2683402.0
1762761600,0.0911,0.093,0.0896,0.0908,6063512.32
1762790400,0.0909,0.0935,0.0894,0.0918,5450208.92
1762819200,0.0919,0.0928,0.0879,0.0882,5392463.71
1762848000,0.0882,0.0911,0.0874,0.0889,7620936.94
1762876800,0.0888,0.0913,0.0856,0.0859,7266713.55
1762905600,0.0859,0.0891,0.0849,0.0878,3416298.03
1762934400,0.0878,0.0908,0.0853,0.0859,4405879.47
1762963200,0.0859,0.0868,0.0833,0.0854,4282242.82
1762992000,0.0854,0.0877,0.0845,0.0867,2760778.31
1763020800,0.0868,0.0872,0.0839,0.0843,5565210.59
1763049600,0.0843,0.0845,0.0786,0.0814,8143585.09
1763078400,0.0813,0.082,0.0769,0.0804,4761033.07
1763107200,0.0804,0.0813,0.0781,0.0809,4240155.34
1763136000,0.0808,0.0818,0.0778,0.0789,2723817.93
1763164800,0.0788,0.0819,0.0788,0.0811,1184107.16
1763193600,0.0811,0.0814,0.0795,0.0807,2023990.57
1763222400,0.0806,0.0882,0.08,0.0809,14416971.83
1763251200,0.0809,0.0819,0.079,0.0816,2327810.13
1763280000,0.0815,0.0817,0.0778,0.0779,3131034.76
1763308800,0.0779,0.0785,0.0754,0.0781,4503292.26
1763337600,0.0781,0.0797,0.0774,0.0792,2349565.58
1763366400,0.0792,0.089,0.0774,0.0791,23540037.74
1763395200,0.0791,0.0791,0.0741,0.0767,8377722.48
1763424000,0.0766,0.0776,0.0751,0.0758,4001182.19
1763452800,0.0759,0.085,0.0758,0.0776,7299778.32
1763481600,0.0777,0.0791,0.0776,0.0781,2706078.06
1763510400,0.078,0.0786,0.0749,0.0769,3429706.31
1763539200,0.0768,0.077,0.0743,0.0743,4894310.08
1763568000,0.0743,0.0749,0.0708,0.0749,8607327.29
1763596800,0.0748,0.0761,0.0745,0.0761,1793852.64
1763625600,0.0761,0.0772,0.0749,0.075,5109664.59
1763654400,0.075,0.0751,0.0709,0.0725,8739586.11
1763683200,0.0725,0.0737,0.065,0.0685,10834112.58
1763712000,0.0684,0.0703,0.0662,0.0688,9459404.86
1763740800,0.0688,0.0752,0.0681,0.0715,13941879.33
1763769600,0.0715,0.072,0.0689,0.0702,1877918.35
1763798400,0.0702,0.0709,0.069,0.0702,2428428.6
1763827200,0.0702,0.089,0.0702,0.0717,44809982.46
1763856000,0.0717,0.0798,0.0707,0.0781,23043518.2
1763884800,0.0781,0.0792,0.0723,0.0733,20231706.85
1763913600,0.0732,0.0739,0.0722,0.0723,5948635.79
1763942400,0.0723,0.0737,0.0715,0.0722,5580789.04
1763971200,0.0722,0.0726,0.0708,0.0721,8534900.64
1764000000,0.0722,0.075,0.0721,0.0736,5866514.27
1764028800,0.0735,0.0741,0.0729,0.0733,2629047.22
1764057600,0.0732,0.0734,0.0713,0.0725,4046912.62
1764086400,0.0727,0.0739,0.0719,0.0732,3346962.01
1764115200,0.0733,0.0739,0.0726,0.0736,1657118.8
1764144000,0.0737,0.0737,0.0718,0.0725,3338392.94
1764172800,0.0724,0.0751,0.0724,0.0746,3417356.69
1764201600,0.0746,0.0752,0.074,0.0745,2301743.12
1764230400,0.0743,0.0772,0.0737,0.0752,9547658.79
1764259200,0.0751,0.0758,0.0746,0.0747,2135246.99
1764288000,0.0748,0.0751,0.0735,0.0735,2095457.38
1764316800,0.0735,0.0756,0.0735,0.075,3985559.24
1764345600,0.075,0.075,0.0728,0.0738,3479361.19
1764374400,0.0739,0.0745,0.0731,0.0732,1571749.34
1764403200,0.0732,0.0771,0.0731,0.074,6556443.42
1764432000,0.0739,0.0739,0.0723,0.0726,4088608.31
1764460800,0.0727,0.0732,0.0719,0.0729,2110345.68
1764489600,0.0729,0.0743,0.0722,0.0731,3898315.45
1764518400,0.0732,0.0741,0.0721,0.0722,5505981.7
1764547200,0.0723,0.0723,0.0665,0.0678,10381315.25
1764576000,0.0677,0.0679,0.0657,0.0668,5552097.14
1764604800,0.0667,0.0683,0.0657,0.0679,3510816.92
1764633600,0.0679,0.0686,0.0668,0.0676,1528158.87
1764662400,0.0676,0.0716,0.067,0.0715,7912454.39
1764691200,0.0715,0.0745,0.0706,0.0711,15864036.16
1764720000,0.0712,0.0731,0.0706,0.0718,4387522.5
1764748800,0.0719,0.073,0.0704,0.0715,4220657.75
1764777600,0.0715,0.0736,0.071,0.0727,3017529.25
1764806400,0.0728,0.0732,0.0719,0.0729,2772329.64
1764835200,0.0728,0.0729,0.07,0.0726,12138870.76
1764864000,0.0726,0.0745,0.0704,0.074,9095513.41
1764892800,0.074,0.0843,0.074,0.0825,50225501.12
1764921600,0.0825,0.1051,0.0785,0.1006,153973652.31
1764950400,0.1006,0.1263,0.091,0.1008,234548356.46
1764979200,0.1007,0.1289,0.0962,0.1181,100965703.73
1765008000,0.118,0.1271,0.1055,0.122,127363990.61
1765036800,0.1221,0.1644,0.1198,0.1337,207265609.53
1765065600,0.1338,0.1468,0.1217,0.1221,67474987.35
1765094400,0.1221,0.1267,0.1057,0.1097,63136386.79
1765123200,0.1096,0.1116,0.1,0.1006,43257360.29
1765152000,0.1006,0.1094,0.1,0.1044,31917991.63
1765180800,0.1044,0.1052,0.0983,0.1021,33717081.58
1765209600,0.1021,0.14,0.1008,0.1289,105081607.93
1765238400,0.1288,0.1537,0.1222,0.1446,125549247.25
1765267200,0.1445,0.1545,0.1358,0.1422,120857424.3
1765296000,0.142,0.1808,0.142,0.1578,207114816.31
1765324800,0.1576,0.1615,0.1389,0.1482,67613041.47
1765353600,0.1481,0.2164,0.1477,0.212,253470567.24
1765382400,0.2119,0.2479,0.1903,0.1963,318649406.18
1765411200,0.1962,0.2368,0.1825,0.2343,233249844.11
1765440000,0.2342,0.24,0.1842,0.1913,279696722.74
1765468800,0.1912,0.2041,0.1691,0.1784,129466691.63
1765497600,0.1783,0.1792,0.1567,0.1665,126666623.77
1765526400,0.1665,0.2155,0.1655,0.1924,222953578.54
1765555200,0.1924,0.1949,0.1763,0.1822,104990330.54
1765584000,0.1819,0.2036,0.1757,0.184,111075850.53
1765612800,0.184,0.193,0.1757,0.1788,72617176.05
1765641600,0.1787,0.1835,0.1692,0.1703,43362593.36
1765670400,0.1702,0.1742,0.165,0.1684,44377582.94
1765699200,0.1683,0.1702,0.1607,0.1645,49995967.27
1765728000,0.1647,0.1733,0.1521,0.1584,46177736.7
1765756800,0.1583,0.1671,0.1568,0.1571,35549444.13
1765785600,0.1573,0.1587,0.1443,0.1461,48050289.7
1765814400,0.1461,0.1509,0.1351,0.1357,48630473.02
1765843200,0.1356,0.1358,0.1267,0.1278,44356997.72
1765872000,0.1279,0.1389,0.1268,0.1308,61180426.84
1765900800,0.1307,0.1333,0.1251,0.1309,40288689.57
1765929600,0.1309,0.1314,0.1211,0.122,31142527.27
1765958400,0.122,0.133,0.1144,0.1224,82983449.21
1765987200,0.1223,0.1294,0.1161,0.1173,58954538.52
1766016000,0.1172,0.1196,0.1106,0.1139,39462579.91
1766044800,0.1139,0.125,0.1113,0.1149,68124016.31
1766073600,0.1149,0.1161,0.1049,0.107,28716674.84
1766102400,0.107,0.1116,0.1045,0.1096,22560665.15
1766131200,0.1096,0.117,0.1076,0.1094,42439483.85
1766160000,0.1093,0.1147,0.1087,0.1115,27006581.53
1766188800,0.1114,0.1125,0.1063,0.1087,20313386.04
1766217600,0.1086,0.1106,0.1056,0.1062,16648605.17
1766246400,0.1062,0.1087,0.1047,0.1064,14532421.69
1766275200,0.1064,0.1144,0.1031,0.1089,45055783.42
1766304000,0.109,0.1094,0.1011,0.1038,26783646.47
1766332800,0.1038,0.1286,0.1038,0.1172,187305510.86
1766361600,0.1171,0.1201,0.109,0.1116,43798606.53
1766390400,0.1116,0.1224,0.1112,0.1179,83875688.5
1766419200,0.1179,0.1199,0.11,0.1132,36192069.32
1766448000,0.1131,0.1156,0.1097,0.1133,34262552.37
1766476800,0.1133,0.1138,0.1066,0.1086,33589493.39
1766505600,0.1087,0.109,0.106,0.1076,20729226.25
1766534400,0.1076,0.1084,0.1043,0.1049,15017382.34
1766563200,0.1049,0.1068,0.1042,0.1056,15836259.8
1766592000,0.1057,0.1061,0.1041,0.1057,11622525.29
1766620800,0.1057,0.1074,0.1054,0.1057,10916859.77
1766649600,0.1057,0.1064,0.1042,0.1056,12145751.75
1766678400,0.1056,0.1076,0.1044,0.1049,12688907.21
1766707200,0.1048,0.1067,0.1023,0.1034,12984229.5
1766736000,0.1034,0.1052,0.1025,0.1038,13984600.37
1766764800,0.1038,0.1041,0.1025,0.1031,9404746.44
1766793600,0.1031,0.1046,0.1029,0.1034,6354224.18
1766822400,0.1033,0.1096,0.1029,0.1032,33054749.42
1766851200,0.1033,0.1049,0.1025,0.1037,17130317.06
1766880000,0.1036,0.1044,0.1028,0.103,6097075.5
1766908800,0.103,0.1034,0.1015,0.1017,10855007.79
1766937600,0.1018,0.102,0.0979,0.0991,17554764.48
1766966400,0.0991,0.1009,0.0981,0.0988,12224737.63
1766995200,0.0987,0.0989,0.0947,0.0947,24345031.51
1767024000,0.0949,0.0955,0.0933,0.0939,13547619.13
1767052800,0.0939,0.0946,0.0917,0.0919,10468848.83
1767081600,0.0919,0.0925,0.0885,0.0906,16247591.47
1767110400,0.0906,0.0954,0.0893,0.0928,23688930.21
1767139200,0.0928,0.0929,0.091,0.0911,7203004.11
1767168000,0.0911,0.1071,0.0904,0.1061,82070986.45
1767196800,0.1061,0.1094,0.0936,0.0953,98523565.13
1767225600,0.0952,0.0979,0.0926,0.0964,17648206.44
1767254400,0.0965,0.0983,0.0925,0.0933,25510019.46
1767283200,0.0933,0.0953,0.093,0.0945,16463698.27
1767312000,0.0945,0.0955,0.0934,0.0938,9712744.53
1767340800,0.0939,0.0946,0.0927,0.0945,16821653.56
1767369600,0.0944,0.0984,0.0939,0.096,26827317.22
1767398400,0.0959,0.0974,0.0934,0.0948,22766633.24
1767427200,0.0948,0.0963,0.0939,0.0957,14215505.44
1767456000,0.0958,0.1034,0.0948,0.0965,41526074.98
1767484800,0.0964,0.0972,0.0953,0.0964,11282789.52
1767513600,0.0964,0.0988,0.0955,0.097,18249526.54
1767542400,0.097,0.0977,0.0957,0.0965,15630428.4
1767571200,0.0964,0.099,0.0953,0.0962,22751453.77
1767600000,0.0962,0.0963,0.0941,0.0961,14457246.91
1767628800,0.0961,0.0968,0.0947,0.0962,15823135.38
1767657600,0.0962,0.0978,0.0954,0.0972,11496584.56
1767686400,0.0972,0.0986,0.0964,0.0969,29975252.8
1767715200,0.0968,0.0972,0.0933,0.0959,21648458.08
1767744000,0.0959,0.0962,0.0941,0.0955,7511962.11
1767772800,0.0955,0.0964,0.0911,0.0922,25749752.56
1767801600,0.0922,0.0926,0.091,0.0915,12631066.63
1767830400,0.0915,0.0926,0.0897,0.0913,6100656.96
1767859200,0.0913,0.0917,0.0885,0.0913,13746590.55
1767888000,0.0913,0.0921,0.0901,0.091,8401800.15
1767916800,0.0911,0.0927,0.0905,0.0917,8584990.36
1767945600,0.0917,0.0918,0.0897,0.0909,10578301.55
1767974400,0.091,0.0916,0.0897,0.0913,4799480.74
1768003200,0.0913,0.0917,0.0903,0.0907,4415467.71
1768032000,0.0908,0.0953,0.0903,0.0914,30504504.28
1768060800,0.0914,0.092,0.0902,0.0907,7298926.77
1768089600,0.0907,0.0913,0.0897,0.0906,6322711.22
1768118400,0.0905,0.091,0.0897,0.0901,8339524.83
1768147200,0.09,0.091,0.0873,0.0879,9319405.26
1768176000,0.088,0.0903,0.0869,0.0891,9963306.83
1768204800,0.089,0.0892,0.0865,0.0885,9773081.37
1768233600,0.0885,0.0892,0.0864,0.0872,7046960.79
1768262400,0.0872,0.0893,0.0869,0.0884,5333925.29
1768291200,0.0884,0.0894,0.0883,0.0892,11562858.55
1768320000,0.0892,0.0917,0.0885,0.0911,13939660.82
1768348800,0.0912,0.0937,0.091,0.0927,12288490.13
1768377600,0.0927,0.0929,0.091,0.0924,14585238.43
1768406400,0.0924,0.093,0.0904,0.091,9251986.99
1768435200,0.0911,0.0915,0.0887,0.0901,7144247.14
1768464000,0.0901,0.0904,0.0869,0.0883,11805863.02
1768492800,0.0883,0.089,0.0857,0.0876,9987045.66
1768521600,0.0876,0.0884,0.0871,0.0883,4715873.5
1768550400,0.0884,0.0893,0.0868,0.0874,6411510.42
1768579200,0.0873,0.0935,0.0872,0.0902,28258151.12
1768608000,0.0902,0.0906,0.0888,0.0891,4934158.71
1768636800,0.0892,0.0911,0.089,0.0909,9445640.46
1768665600,0.0908,0.091,0.0888,0.089,4478430.71
1768694400,0.0891,0.0895,0.088,0.0884,5550606.47
1768723200,0.0883,0.0886,0.0868,0.0874,5175696.73
1768752000,0.0874,0.0882,0.0836,0.0847,8507404.01
1768780800,0.0846,0.0846,0.0718,0.0796,28703628.71
1768809600,0.0795,0.0825,0.0792,0.0823,7049415.13
1768838400,0.0822,0.0835,0.0806,0.081,6598676.38
1768867200,0.081,0.0817,0.0797,0.0798,5408968.55
1768896000,0.0797,0.0807,0.079,0.0796,6892276.73
1768924800,0.0796,0.0799,0.0774,0.0784,3836859.12
1768953600,0.0784,0.0808,0.0784,0.0807,2981273.56
1768982400,0.0806,0.0812,0.0786,0.0806,6823127.8
1769011200,0.0807,0.0815,0.078,0.0806,7285566.47
1769040000,0.0807,0.0821,0.0806,0.0806,3927613.36
1769068800,0.0806,0.0809,0.0786,0.0792,6333577.11
1769097600,0.0793,0.0796,0.0786,0.0794,3696168.4
1769126400,0.0794,0.0801,0.0791,0.0793,2014432.6
1769155200,0.0792,0.0799,0.0776,0.0792,5242253.85
1769184000,0.0793,0.0806,0.0782,0.0791,3530711.5
1769212800,0.0791,0.08,0.0788,0.0798,1062682.91
1769241600,0.0799,0.0819,0.0794,0.0805,5979392.29
1769270400,0.0805,0.0809,0.0795,0.0808,2950698.19
1769299200,0.0807,0.081,0.0789,0.0792,3132509.22
1769328000,0.0792,0.0804,0.0776,0.0779,7313594.75
1769356800,0.0778,0.0778,0.0729,0.0753,9747574.7
1769385600,0.0754,0.0773,0.0751,0.0769,3840121.88
1769414400,0.0769,0.0813,0.0767,0.0812,10501787.39
1769443200,0.0811,0.0824,0.0781,0.0792,12156119.42
1769472000,0.0791,0.0801,0.0786,0.0793,2283275.74
1769500800,0.0792,0.0795,0.0774,0.0784,3255920.89
1769529600,0.0784,0.0795,0.0776,0.0791,4080426.32
1769558400,0.0791,0.0791,0.078,0.0785,2300543.02
1769587200,0.0784,0.079,0.0776,0.0777,2871574.56
1769616000,0.0777,0.079,0.0773,0.0787,3289051.02
1769644800,0.0787,0.0788,0.0768,0.0775,2748957.11
1769673600,0.0774,0.0774,0.0724,0.0739,7034557.28
1769702400,0.0738,0.0755,0.0727,0.0741,7985636.32
1769731200,0.0742,0.0746,0.0713,0.0734,13390946.68
1769760000,0.0733,0.0766,0.0721,0.074,21039034.36
1769788800,0.074,0.0781,0.0732,0.0764,16148770.87
1769817600,0.0764,0.0764,0.0734,0.0739,5256000.43
1769846400,0.0741,0.0741,0.0658,0.0676,15678985.19
1769875200,0.0677,0.0686,0.0598,0.0663,28159247.82
1769904000,0.0663,0.0687,0.0662,0.0673,4728839.43
1769932800,0.0674,0.0732,0.0672,0.0691,38888732.94
1769961600,0.069,0.0728,0.0657,0.0661,44771063.39
1769990400,0.0662,0.0684,0.0639,0.0655,17685420.31
1770019200,0.0656,0.0686,0.0652,0.0682,13391979.0
1770048000,0.0682,0.0688,0.0671,0.0679,6241508.12
1770076800,0.0678,0.068,0.0662,0.0673,4637102.05
1770105600,0.0673,0.0675,0.0658,0.0671,5843141.9
1770134400,0.0671,0.0681,0.063,0.0661,11718250.76
1770163200,0.0661,0.0679,0.0658,0.0675,3557558.27
1770192000,0.0675,0.0675,0.0638,0.0646,6916444.93
1770220800,0.0646,0.0669,0.0631,0.0657,8609318.04
1770249600,0.0659,0.0673,0.0648,0.0651,5372434.84
1770278400,0.0652,0.0662,0.06,0.0613,14832615.34
1770307200,0.0614,0.0629,0.0561,0.0578,25912323.73
1770336000,0.0579,0.0606,0.0522,0.0598,24561795.58
1770364800,0.0599,0.0636,0.0594,0.0635,10001775.5
1770393600,0.0634,0.066,0.063,0.064,9351436.41
1770422400,0.064,0.0644,0.0613,0.0621,6978745.91
1770451200,0.062,0.0641,0.0616,0.0627,4123718.57
1770480000,0.0627,0.0644,0.0624,0.064,7798863.25
1770508800,0.064,0.064,0.0625,0.063,2320398.36
1770537600,0.063,0.064,0.0628,0.0629,4578036.68
1770566400,0.063,0.0635,0.0615,0.0625,3561808.83
1770595200,0.0624,0.0632,0.0619,0.0621,2867089.41
1770624000,0.0621,0.0622,0.0599,0.0613,6084646.62
1770652800,0.0612,0.0628,0.0608,0.0619,3956156.6
1770681600,0.062,0.0626,0.0601,0.0608,2902926.5
1770710400,0.0608,0.0617,0.0605,0.0611,9801056.91
1770739200,0.0611,0.0634,0.0606,0.0607,11053948.73
1770768000,0.0607,0.061,0.0577,0.0582,6780526.5
1770796800,0.0581,0.0614,0.0581,0.0589,7034831.53
1770825600,0.0587,0.0611,0.0582,0.0603,5026109.27
1770854400,0.0604,0.0613,0.0603,0.0611,3203053.14
1770883200,0.0611,0.0617,0.0598,0.0598,5920738.75
1770912000,0.0599,0.0601,0.0587,0.06,6289093.42
1770940800,0.06,0.0602,0.0588,0.0593,2365815.17
1770969600,0.0594,0.0623,0.0594,0.0617,6435648.9
1770998400,0.0618,0.0636,0.0617,0.0628,5570621.23
1771027200,0.0628,0.0634,0.0625,0.063,1841837.03
1771056000,0.0629,0.0641,0.0629,0.0641,4763272.97
1771084800,0.0641,0.0664,0.0638,0.0648,10390959.57
1771113600,0.0648,0.0655,0.0634,0.0647,7631261.73
1771142400,0.0647,0.0682,0.0622,0.0638,31794445.85
1771171200,0.0638,0.0764,0.0627,0.068,165177634.34
1771200000,0.068,0.0751,0.0659,0.0718,66321089.18
1771228800,0.0716,0.0729,0.0662,0.0681,40532308.83
1771257600,0.068,0.0689,0.0658,0.067,16354614.65
1771286400,0.067,0.0676,0.0653,0.0662,12631429.14
1771315200,0.0663,0.0665,0.0643,0.0657,10480868.79
1771344000,0.0655,0.066,0.0647,0.0649,5349430.25
1771372800,0.0649,0.0652,0.0641,0.0648,4715146.1
1771401600,0.0647,0.0659,0.0644,0.0654,6541280.47
1771430400,0.0654,0.0718,0.065,0.0682,55153530.6
1771459200,0.0682,0.0696,0.0657,0.0662,16334698.72
1771488000,0.0662,0.0662,0.0624,0.0635,10613311.21
1771516800,0.0635,0.0669,0.0627,0.0657,15255027.77
1771545600,0.0657,0.0665,0.0643,0.0645,7504972.87
1771574400,0.0645,0.0649,0.0629,0.0647,9434228.38
1771603200,0.0646,0.0658,0.0639,0.0652,6156280.41
1771632000,0.0651,0.0655,0.0648,0.065,3248235.32
1771660800,0.0652,0.0655,0.0647,0.0649,2342593.67
1771689600,0.0649,0.0649,0.0638,0.0639,3196128.32
1771718400,0.0639,0.0641,0.0629,0.063,2786531.93
1771747200,0.063,0.0633,0.0615,0.062,3230590.98
1771776000,0.062,0.0623,0.0612,0.0616,2878266.37
1771804800,0.0616,0.0618,0.0585,0.0604,10624518.46
1771833600,0.0604,0.0608,0.0597,0.0598,6109762.03
1771862400,0.0599,0.0606,0.0584,0.0594,4829019.65
1771891200,0.0594,0.0658,0.0587,0.0629,26555856.7
1771920000,0.0629,0.0649,0.0607,0.0614,18317301.98
1771948800,0.0615,0.0618,0.06,0.0606,7036417.97
1771977600,0.0606,0.0624,0.0603,0.0616,5809969.94
1772006400,0.0616,0.0637,0.0615,0.0632,8608666.39
1772035200,0.0633,0.0651,0.0628,0.0637,14378143.31
1772064000,0.0636,0.0647,0.063,0.0637,5426315.09
1772092800,0.0637,0.0643,0.0625,0.063,5462093.8
1772121600,0.0631,0.0642,0.0614,0.0637,10165731.21
1772150400,0.0638,0.0731,0.0631,0.068,88332755.75
1772179200,0.068,0.0684,0.0651,0.0661,21521791.02
1772208000,0.066,0.0709,0.0643,0.0685,42854231.59
1772236800,0.0684,0.0687,0.0612,0.0619,21039179.5
1772265600,0.0619,0.0639,0.06,0.0636,11906001.86
1772294400,0.0635,0.069,0.0622,0.0662,26135756.23
1772323200,0.0661,0.0668,0.0649,0.0656,7137795.85
1772352000,0.0656,0.0664,0.0647,0.0654,7715235.35
1772380800,0.0654,0.0655,0.0619,0.0624,7231408.16
1772409600,0.0625,0.0647,0.0619,0.0626,6153955.52
1772438400,0.0626,0.0644,0.0617,0.0638,9262626.76
1772467200,0.0639,0.0646,0.0625,0.0628,5058356.71
1772496000,0.0629,0.0653,0.0625,0.0648,5455340.27
1772524800,0.0648,0.065,0.0624,0.0636,7863158.67
1772553600,0.0636,0.0643,0.0627,0.063,4319936.38
1772582400,0.0631,0.0634,0.0624,0.0632,3581947.51
1772611200,0.0631,0.066,0.0629,0.0659,9663197.01
1772640000,0.0659,0.0665,0.0651,0.0655,5328889.35
1772668800,0.0655,0.066,0.0649,0.0652,3692938.3
1772697600,0.0652,0.0672,0.0649,0.0658,7011837.14
1772726400,0.0658,0.0659,0.0639,0.0641,7673086.5
1772755200,0.0642,0.0647,0.0638,0.0646,2102644.84
1772784000,0.0646,0.0648,0.0622,0.0626,6436333.64
1772812800,0.0625,0.0635,0.0622,0.0628,3321798.93
1772841600,0.0629,0.0632,0.0616,0.0621,1706797.35
1772870400,0.062,0.0622,0.0605,0.0611,3474694.01
1772899200,0.0611,0.0616,0.0599,0.06,2430962.46
1772928000,0.0602,0.0609,0.0598,0.0606,2949076.07
1772956800,0.0606,0.0619,0.0603,0.061,3715800.36
1772985600,0.0609,0.0658,0.0606,0.0635,27177035.05
1773014400,0.0635,0.0655,0.0625,0.0633,15132712.61
1773043200,0.0633,0.0635,0.0621,0.0626,5335476.39
1773072000,0.0627,0.0633,0.0621,0.0623,2998429.55
1773100800,0.0623,0.0633,0.0621,0.0629,2971533.1
1773129600,0.0629,0.0636,0.0625,0.0634,4970072.93
1773158400,0.0634,0.0637,0.0623,0.0629,7654410.27
1773187200,0.063,0.064,0.0626,0.0639,4588311.37
1773216000,0.0639,0.0644,0.0632,0.0636,5657655.74
1773244800,0.0635,0.0637,0.063,0.0631,2086774.07
1773273600,0.0632,0.0633,0.0624,0.063,3389485.5
1773302400,0.063,0.0631,0.0623,0.0629,3369595.38
1773331200,0.0629,0.0642,0.0625,0.0635,3831338.74
1773360000,0.0635,0.0646,0.0634,0.0639,3225102.09
1773388800,0.0639,0.065,0.0638,0.064,4648947.96
1773417600,0.064,0.0647,0.0633,0.0637,5140251.74
1773446400,0.0637,0.0645,0.0631,0.0633,2022635.35
1773475200,0.0633,0.0634,0.0622,0.0625,2174463.03
1773504000,0.0625,0.0628,0.0619,0.0623,2550337.73
1773532800,0.0623,0.0629,0.0617,0.0628,1703958.29
1773561600,0.0627,0.0629,0.0618,0.0621,2199891.67
1773590400,0.062,0.063,0.0619,0.0626,2024012.36
1773619200,0.0627,0.0645,0.0627,0.0644,5292229.42
1773648000,0.0644,0.0647,0.0636,0.064,5628956.19
1773676800,0.0641,0.0656,0.064,0.0648,4451087.64
1773705600,0.0648,0.0652,0.0643,0.0645,5514761.93
1773734400,0.0645,0.0653,0.0641,0.0646,4137144.86
1773763200,0.0646,0.065,0.0637,0.0637,2903261.04
1773792000,0.0638,0.065,0.0632,0.0647,2623355.46
1773820800,0.0647,0.0648,0.0615,0.0619,6085371.23
1773849600,0.0619,0.0623,0.061,0.062,3890265.67
1773878400,0.062,0.0625,0.0609,0.0611,2225612.9
1773907200,0.0611,0.0615,0.0602,0.0609,3056140.15
1773936000,0.0608,0.0632,0.0606,0.0615,6898665.16
1773964800,0.0615,0.0623,0.061,0.062,3104598.74
1773993600,0.0621,0.0624,0.0615,0.0618,2318617.56
1774022400,0.0619,0.0627,0.0615,0.0621,3205345.46
1774051200,0.062,0.0628,0.062,0.0622,1545927.71
1774080000,0.0623,0.0625,0.0616,0.0621,1740918.64
1774108800,0.0621,0.0624,0.0604,0.0609,2778920.56
1774137600,0.0609,0.0611,0.0597,0.0603,4121278.96
1774166400,0.0602,0.0606,0.0598,0.06,1566381.41
1774195200,0.0599,0.0602,0.0581,0.0588,3902907.93
1774224000,0.0589,0.0596,0.0583,0.0588,2711910.22
1774252800,0.0589,0.0608,0.0579,0.0604,8298078.31
1774281600,0.0603,0.0607,0.0596,0.0601,1687594.88
1774310400,0.0601,0.0603,0.0595,0.0603,1809115.93
1774339200,0.0603,0.0604,0.0597,0.0599,3564001.77
1774368000,0.06,0.0614,0.0596,0.0605,3797053.26
1774396800,0.0606,0.061,0.0602,0.0604,3921433.45
1774425600,0.0604,0.0607,0.0599,0.06,4038105.38
1774454400,0.06,0.0604,0.0597,0.0603,2096049.79
1774483200,0.0603,0.0603,0.0587,0.0591,1971328.03
1774512000,0.0591,0.0597,0.0583,0.0593,6028585.51
1774540800,0.0592,0.0608,0.0581,0.059,4540580.98
1774569600,0.059,0.06,0.0588,0.0595,2320549.44
1774598400,0.0595,0.0595,0.056,0.0571,10199207.1
1774627200,0.0573,0.0573,0.0564,0.0566,2124136.5
1774656000,0.0566,0.0568,0.0553,0.0565,2374888.0
1774684800,0.0566,0.0576,0.0563,0.0573,2413829.01
1774713600,0.0573,0.0576,0.0564,0.0564,1419928.89
1774742400,0.0565,0.0568,0.056,0.0566,1697151.77
1774771200,0.0566,0.0567,0.0544,0.0548,3223870.61
1774800000,0.0549,0.0558,0.0538,0.0549,3474182.56
1774828800,0.0548,0.0568,0.0548,0.0568,1905720.24
1774857600,0.0567,0.0571,0.0555,0.056,2644449.63
1774886400,0.056,0.0561,0.0546,0.0553,2655866.06
1774915200,0.0554,0.0561,0.055,0.0555,4813355.87
1774944000,0.0554,0.0556,0.054,0.0544,4910973.99
1774972800,0.0545,0.0558,0.0542,0.0552,3952699.24
1775001600,0.0553,0.0561,0.0547,0.0558,2191481.85
1775030400,0.0558,0.0563,0.0554,0.056,4116412.44
1775059200,0.056,0.0565,0.0554,0.0554,2285325.09
1775088000,0.0555,0.0559,0.0534,0.0543,4339310.39
1775116800,0.0543,0.0543,0.0531,0.0537,3614463.26
1775145600,0.0536,0.0541,0.0533,0.0537,2101605.09
1775174400,0.0538,0.0546,0.0534,0.0544,1979973.23
1775203200,0.0543,0.0552,0.054,0.0543,4227033.09
1775232000,0.0543,0.0581,0.0543,0.0558,32266834.41
1775260800,0.0558,0.056,0.0547,0.0548,5533331.25
1775289600,0.0548,0.0552,0.0546,0.0548,3866559.56
1775318400,0.0548,0.0553,0.0546,0.0548,5287230.56
1775347200,0.0548,0.0549,0.054,0.0542,1413793.11
1775376000,0.0542,0.0557,0.0539,0.055,16736538.35
1775404800,0.055,0.0556,0.0546,0.0555,5571889.89
1775433600,0.0555,0.0558,0.055,0.0553,4966632.16
1775462400,0.0553,0.0556,0.0551,0.0555,6637436.74
1775491200,0.0555,0.0555,0.0539,0.0543,4068423.96
1775520000,0.0543,0.0545,0.0536,0.0542,3524135.84
1775548800,0.0542,0.0544,0.0521,0.0525,6323992.18
1775577600,0.0524,0.0556,0.0524,0.0553,6089423.35
1775606400,0.0553,0.0562,0.0549,0.0555,6395194.97
1775635200,0.0555,0.0557,0.0544,0.0551,4559884.76
1775664000,0.055,0.0554,0.0546,0.0549,3403091.44
1775692800,0.055,0.0552,0.0543,0.0546,3293064.63
1775721600,0.0546,0.0555,0.054,0.0552,4133098.21
1775750400,0.0553,0.0558,0.0548,0.055,4021914.66
1775779200,0.0551,0.0557,0.0547,0.0552,4541473.64
1775808000,0.0552,0.058,0.0548,0.0562,20067496.13
1775836800,0.0563,0.057,0.0559,0.0568,8733358.09
1775865600,0.0567,0.0572,0.056,0.0561,9519448.13
1775894400,0.0562,0.0564,0.0558,0.0561,4392402.44
1775923200,0.0561,0.0568,0.0559,0.0561,4425683.16
1775952000,0.0561,0.0563,0.0545,0.0546,5124641.53
1775980800,0.0545,0.0552,0.0542,0.0545,3161970.06
1776009600,0.0544,0.0549,0.0538,0.054,3889487.04
1776038400,0.054,0.0545,0.0538,0.0539,2484768.6
1776067200,0.0539,0.0548,0.0538,0.0545,4321531.59
1776096000,0.0544,0.0564,0.0543,0.0563,4774978.4
1776124800,0.0562,0.0563,0.0554,0.0556,2274017.43
1776153600,0.0556,0.0562,0.0555,0.0557,2696657.73
1776182400,0.0556,0.0558,0.0542,0.0546,3472637.79
1776211200,0.0547,0.0553,0.0547,0.055,2255425.31
1776240000,0.0549,0.0564,0.0549,0.0558,4935995.65
1776268800,0.0558,0.0564,0.0557,0.0563,2846601.36
1776297600,0.0563,0.0575,0.056,0.0571,3100525.3
1776326400,0.0572,0.0585,0.0569,0.0582,7076220.87
1776355200,0.0582,0.0606,0.0582,0.0604,11667721.63
1776384000,0.0604,0.067,0.0603,0.0618,44590899.89
1776412800,0.0618,0.0619,0.0598,0.0609,16773770.25
1776441600,0.061,0.0626,0.0606,0.0616,6979743.73
1776470400,0.0617,0.064,0.0607,0.0633,8444537.43
1776499200,0.0633,0.0637,0.059,0.0597,11858238.38
1776528000,0.0597,0.0598,0.0577,0.0581,5138492.68
1776556800,0.0581,0.0583,0.0567,0.0571,5318390.66
1776585600,0.0571,0.0579,0.056,0.0575,5373876.24
1776614400,0.0575,0.0576,0.0554,0.0557,7328504.0
1776643200,0.0557,0.0572,0.0555,0.0566,3833397.83
1776672000,0.0566,0.0577,0.0562,0.0575,4723407.62
1776700800,0.0576,0.0581,0.0571,0.0571,3233471.48
1776729600,0.0571,0.0576,0.0569,0.0573,1672052.8
1776758400,0.0572,0.0582,0.057,0.0577,4870421.82
1776787200,0.0577,0.0594,0.0572,0.0581,11146237.23
1776816000,0.0581,0.0596,0.058,0.059,7938484.41
1776844800,0.059,0.0594,0.0584,0.0589,4389554.16
1776873600,0.0589,0.0594,0.0582,0.0582,2800504.65
1776902400,0.0583,0.0583,0.0573,0.0578,2958930.65
1776931200,0.0579,0.0588,0.0573,0.0588,2870504.41
1776960000,0.0588,0.0625,0.0577,0.0623,12472274.21
1776988800,0.0623,0.0648,0.0615,0.0622,32408328.73
1777017600,0.0623,0.063,0.0609,0.0614,9330772.1
1777046400,0.0614,0.0663,0.0614,0.0624,40257949.02
1777075200,0.0624,0.0635,0.0619,0.0627,6478755.02
1777104000,0.0626,0.063,0.0609,0.061,5716394.6
1777132800,0.0611,0.0611,0.0601,0.0608,3186365.05
1777161600,0.0608,0.0614,0.0602,0.0611,4273584.25
1777190400,0.061,0.0614,0.0603,0.0613,3239504.12
1777219200,0.0614,0.067,0.061,0.0655,31925697.1
1777248000,0.0655,0.0678,0.0617,0.0621,39087905.11
1777276800,0.062,0.0675,0.0619,0.0648,39608820.73
1777305600,0.065,0.0674,0.0638,0.0666,22817865.74
1777334400,0.0666,0.0688,0.0642,0.0659,34457204.93
1777363200,0.0659,0.0721,0.0656,0.0662,67478213.4
1777392000,0.0662,0.0665,0.0642,0.0653,14288393.2
1777420800,0.0653,0.0661,0.0625,0.063,10871271.05
1777449600,0.063,0.066,0.0625,0.0627,16103611.91
1777478400,0.0628,0.0652,0.0605,0.0638,13016358.5
1777507200,0.0637,0.0648,0.0623,0.0629,9046876.45
1777536000,0.0629,0.0692,0.0627,0.0691,27992779.4
1777564800,0.0691,0.0723,0.0675,0.0693,50143795.71
1777593600,0.0692,0.0724,0.0678,0.0696,26213377.54
1777622400,0.0697,0.0706,0.0663,0.0665,18984962.96
1777651200,0.0666,0.0673,0.0657,0.0663,6995044.89
1777680000,0.0663,0.0694,0.0654,0.0688,10374971.63
1777708800,0.0687,0.0718,0.0677,0.0699,29340368.86
1777737600,0.0699,0.0751,0.069,0.0747,30320450.23
1777766400,0.0747,0.0774,0.0697,0.0711,38142606.64
1777795200,0.0711,0.0723,0.0693,0.0704,12680435.15
1777824000,0.0704,0.0707,0.0689,0.07,8117779.51
1777852800,0.07,0.0728,0.0687,0.0714,17076692.29
1777881600,0.0714,0.0723,0.0697,0.0709,18658210.01
1777910400,0.0708,0.0774,0.0702,0.0738,45027388.13
1777939200,0.0738,0.0742,0.0708,0.0714,17340725.57
1777968000,0.0714,0.0758,0.07,0.0749,33396341.59
1777996800,0.075,0.081,0.0746,0.0751,82925218.92
1778025600,0.0751,0.0773,0.0731,0.0739,22578256.91
1778054400,0.0739,0.0742,0.0721,0.0735,18409239.0
1778083200,0.0735,0.0742,0.0702,0.0711,12072269.48
1778112000,0.0711,0.0712,0.0677,0.0698,16072811.04
1778140800,0.0698,0.0714,0.0689,0.069,8691027.35
1778169600,0.069,0.0694,0.0685,0.0692,4462526.11
1778198400,0.0693,0.0722,0.069,0.0701,8455818.27
1778227200,0.0701,0.0713,0.0697,0.0705,6138282.47
1778256000,0.0704,0.0723,0.07,0.0714,5749687.15
1778284800,0.0715,0.0722,0.0705,0.0708,3490865.26
1778313600,0.0707,0.0712,0.0698,0.0706,4332159.25
1778342400,0.0706,0.0712,0.07,0.0703,2128444.61
1778371200,0.0703,0.071,0.0694,0.0707,3667995.45
1778400000,0.0707,0.0739,0.0706,0.0721,27504713.15
1778428800,0.0721,0.0725,0.0696,0.0715,11352281.03
1778457600,0.0715,0.0723,0.0701,0.072,7105735.43
1778486400,0.072,0.072,0.0697,0.0701,8607862.75
1778515200,0.0701,0.0711,0.0697,0.0706,4423885.61
1778544000,0.0706,0.0717,0.0701,0.0708,5253573.5
1778572800,0.0707,0.0712,0.069,0.0695,10859855.89
1778601600,0.0694,0.0708,0.0688,0.0699,4273339.17
1778630400,0.07,0.0712,0.0699,0.0703,4044820.87
1778659200,0.0703,0.071,0.0663,0.0664,8158545.18
1778688000,0.0665,0.068,0.0664,0.0671,4676769.65
1778716800,0.0672,0.0674,0.066,0.0669,3090302.9
1778745600,0.0669,0.0677,0.0662,0.0676,3592416.64
1778774400,0.0675,0.0689,0.067,0.0677,8574270.87
1778803200,0.0677,0.0684,0.0655,0.0666,7790664.35
1778832000,0.0665,0.0672,0.0632,0.0641,7917278.06
1778860800,0.0642,0.066,0.0641,0.0656,2980975.86
1778889600,0.0656,0.0672,0.0632,0.0642,7831781.41
1778918400,0.0643,0.0666,0.0628,0.0653,10845806.62
1778947200,0.0653,0.0688,0.0652,0.0683,7892237.78
1778976000,0.0683,0.0712,0.0667,0.0677,25165820.98
1779004800,0.0677,0.0683,0.0662,0.0665,6248584.54
1779033600,0.0665,0.0672,0.0613,0.0627,9437277.61
1779062400,0.0628,0.0638,0.0617,0.0625,5501164.51
1779091200,0.0625,0.0637,0.062,0.0628,5268985.1
1779120000,0.0628,0.0643,0.0623,0.0642,2641376.17
1779148800,0.0642,0.0644,0.0632,0.0638,2478132.55
1779177600,0.0637,0.0637,0.0623,0.0625,3334835.05
1779206400,0.0625,0.0631,0.0618,0.0619,2170806.38
1779235200,0.062,0.0638,0.0619,0.0632,1977141.41
1779264000,0.0632,0.0643,0.0629,0.064,2787369.53
1779292800,0.0641,0.0644,0.0635,0.0637,1446656.98
1779321600,0.0637,0.0646,0.0637,0.0645,1921809.63
1779350400,0.0645,0.0647,0.0633,0.0637,2977937.16
1779379200,0.0638,0.0647,0.0636,0.0647,3037235.96
1779408000,0.0646,0.0652,0.0641,0.0646,2044283.93
1779436800,0.0646,0.0652,0.0637,0.0643,6971465.53
1779465600,0.0642,0.0647,0.0612,0.0618,4710588.19
1779494400,0.0618,0.0629,0.0602,0.0607,4586655.79
1779523200,0.0607,0.0624,0.0604,0.0621,3117332.23
1779552000,0.0622,0.064,0.0619,0.0634,2146688.44
1779580800,0.0633,0.0634,0.0625,0.0625,2047573.02
1779609600,0.0626,0.0629,0.0612,0.0618,2043554.59
1779638400,0.0618,0.0621,0.0604,0.061,1738894.91
1779667200,0.0611,0.0619,0.0609,0.0616,1312359.36
1779696000,0.0616,0.0623,0.0614,0.0622,2871330.88
1779724800,0.0622,0.0625,0.0614,0.0618,2268804.68
1779753600,0.0618,0.0618,0.0609,0.0614,2567806.6
1779782400,0.0614,0.0625,0.0611,0.0614,3146820.58
1779811200,0.0613,0.0642,0.0606,0.0635,12873020.49
1779840000,0.0635,0.0648,0.0622,0.0631,12201878.71
1779868800,0.063,0.0647,0.0626,0.0644,8361636.69
1779897600,0.0643,0.0648,0.0606,0.0613,7550611.44
1779926400,0.0613,0.0615,0.0584,0.059,7028495.54
1779955200,0.059,0.0593,0.058,0.0587,3036510.1
1779984000,0.0588,0.0599,0.0586,0.0598,2345763.64
1780012800,0.0597,0.0599,0.059,0.0591,1472936.19
1780041600,0.0591,0.0616,0.0586,0.0601,8202866.89
1780070400,0.0602,0.0608,0.0596,0.0599,2983606.5
1780099200,0.0598,0.0612,0.0598,0.0608,2290396.7
1780128000,0.0608,0.0608,0.0602,0.0605,2576248.28
1780156800,0.0605,0.0608,0.0599,0.0602,1426606.14
1780185600,0.0602,0.061,0.0602,0.0605,1238415.76
1780214400,0.0606,0.0632,0.0599,0.0619,14368656.82
1780243200,0.0619,0.0629,0.0611,0.0621,8427975.99
1780272000,0.0621,0.0625,0.0612,0.0612,4689965.14
1780300800,0.0613,0.062,0.0594,0.0596,6420649.37
1780329600,0.0597,0.061,0.0594,0.0606,1893612.21
1780358400,0.0606,0.0606,0.0588,0.0593,2244251.0
1780387200,0.0593,0.0595,0.0562,0.0567,5534880.04
1780416000,0.0566,0.0577,0.055,0.0558,4634788.81
1780444800,0.0559,0.0576,0.0551,0.0575,2716120.68
1780473600,0.0575,0.0579,0.0571,0.0574,3369528.28
1780502400,0.0574,0.0578,0.0561,0.0566,2357384.83
1780531200,0.0566,0.0572,0.0521,0.0542,7701004.03
1780560000,0.0542,0.0556,0.0527,0.0552,3947867.13
1780588800,0.055,0.055,0.0529,0.0536,3110045.82
1780617600,0.0537,0.0541,0.05,0.0516,8243111.71
1780646400,0.0516,0.0522,0.0496,0.0501,7875780.76
1780675200,0.0499,0.0511,0.0481,0.0501,7119847.87
1780704000,0.0501,0.0507,0.0465,0.0491,6383717.73
1780732800,0.0491,0.0498,0.0483,0.0492,2545791.32
1780761600,0.0491,0.0497,0.0487,0.0497,1719119.9
1780790400,0.0496,0.0513,0.0495,0.051,4119522.93
1780819200,0.051,0.052,0.0502,0.0511,2926418.92
1780848000,0.0511,0.0528,0.0497,0.0515,3707862.32
1780876800,0.0515,0.0524,0.051,0.0521,3405409.42
1780905600,0.0521,0.0557,0.0517,0.0533,10873696.34
1780934400,0.0533,0.0539,0.0528,0.0528,4030412.28
1780963200,0.0529,0.0529,0.0515,0.0523,3696412.03
1780992000,0.0522,0.0527,0.0512,0.0516,2525227.64
1781020800,0.0516,0.0525,0.0508,0.0521,2657526.8
1781049600,0.0522,0.0524,0.0509,0.0513,1988062.52
1781078400,0.0512,0.0521,0.0502,0.0517,4172101.61
1781107200,0.0517,0.0519,0.0495,0.0504,2416809.07
1781136000,0.0505,0.0515,0.0505,0.0512,1451555.3
1781164800,0.0513,0.0515,0.0506,0.0512,2951349.04
1781193600,0.0512,0.0521,0.0507,0.0519,1668554.71
