timestamp,open,high,low,close,volume
1686614400,0.343,0.3488,0.3395,0.3467,3530052.0
1686643200,0.3466,0.3592,0.3375,0.3382,7847500.0
1686672000,0.3385,0.3441,0.338,0.3421,2466050.0
1686700800,0.3419,0.3461,0.339,0.3402,2405946.0
1686729600,0.3402,0.3487,0.3394,0.3469,2890361.0
1686758400,0.3467,0.3515,0.3251,0.334,9425663.0
1686787200,0.3339,0.3351,0.3273,0.3314,3199467.0
1686816000,0.3313,0.3333,0.3235,0.3305,4809826.0
1686844800,0.3304,0.3377,0.3224,0.3334,4181265.0
1686873600,0.3333,0.3357,0.3304,0.3338,2044183.0
1686902400,0.3338,0.3354,0.3267,0.3342,3771736.0
1686931200,0.3342,0.3422,0.3316,0.3357,4009681.0
1686960000,0.3358,0.3489,0.334,0.3457,3441294.0
1686988800,0.3459,0.3466,0.3398,0.3415,3421161.0
1687017600,0.3415,0.3442,0.3404,0.3407,1797884.0
1687046400,0.3406,0.3428,0.3357,0.3399,2845711.0
1687075200,0.3399,0.3429,0.3381,0.3418,2371688.0
1687104000,0.3417,0.3446,0.3314,0.336,3767859.0
1687132800,0.336,0.3378,0.3319,0.3351,1631658.0
1687161600,0.3349,0.3393,0.332,0.3338,3228126.0
1687190400,0.3339,0.3422,0.3307,0.339,4191766.0
1687219200,0.339,0.3449,0.3359,0.337,2372234.0
1687248000,0.337,0.3371,0.3292,0.3348,2976091.0
1687276800,0.3348,0.3511,0.3333,0.351,8373576.0
1687305600,0.3511,0.3687,0.3492,0.3646,7555308.0
1687334400,0.3645,0.3677,0.3572,0.3648,6204867.0
1687363200,0.3647,0.3762,0.364,0.3724,7252407.0
1687392000,0.3723,0.3914,0.3717,0.3826,6560444.0
1687420800,0.3826,0.3846,0.3647,0.3693,8011946.0
1687449600,0.3692,0.3737,0.3664,0.3678,3215287.0
1687478400,0.3678,0.3834,0.3676,0.3791,4936340.0
1687507200,0.379,0.3901,0.3707,0.39,9302179.0
1687536000,0.39,0.3969,0.3845,0.3894,9127220.0
1687564800,0.3895,0.4058,0.3862,0.3896,10769924.0
1687593600,0.3899,0.3976,0.382,0.3847,6045803.0
1687622400,0.3846,0.4333,0.3807,0.4015,27477350.0
1687651200,0.4016,0.4122,0.4006,0.4058,9060750.0
1687680000,0.4058,0.4074,0.3907,0.3926,7874665.0
1687708800,0.3926,0.3969,0.3887,0.3925,3909177.0
1687737600,0.3925,0.3934,0.3782,0.3854,6405076.0
1687766400,0.3855,0.3923,0.3831,0.3864,5217788.0
1687795200,0.3862,0.3867,0.371,0.3777,4981219.0
1687824000,0.3781,0.3943,0.3771,0.3902,5168650.0
1687852800,0.3902,0.3915,0.3818,0.3842,4881902.0
1687881600,0.3844,0.3905,0.3832,0.3897,2636138.0
1687910400,0.3897,0.3902,0.3657,0.3683,5611890.0
1687939200,0.3683,0.3735,0.3659,0.3713,3974970.0
1687968000,0.3715,0.3726,0.3512,0.3603,6878268.0
1687996800,0.3605,0.3669,0.359,0.3653,3083386.0
1688025600,0.3653,0.3733,0.3636,0.3676,5230192.0
1688054400,0.3678,0.3707,0.364,0.3678,4203707.0
1688083200,0.3678,0.3849,0.3631,0.38,6308799.0
1688112000,0.38,0.39,0.3532,0.3701,13601594.0
1688140800,0.3702,0.3929,0.368,0.3848,9646238.0
1688169600,0.385,0.3993,0.3819,0.3928,10833782.0
1688198400,0.3929,0.4225,0.3897,0.4087,21199007.0
1688227200,0.4087,0.42,0.4004,0.4191,9057891.0
1688256000,0.4191,0.4198,0.3963,0.4009,7706718.0
1688284800,0.4008,0.4053,0.3943,0.4019,7320721.0
1688313600,0.4019,0.4094,0.3973,0.406,5133079.0
1688342400,0.406,0.412,0.3993,0.4071,4911998.0
1688371200,0.4071,0.4119,0.4016,0.4105,6592678.0
1688400000,0.4106,0.4126,0.4033,0.408,5280454.0
1688428800,0.408,0.4165,0.4026,0.4045,6937948.0
1688457600,0.4045,0.406,0.398,0.4008,5191159.0
1688486400,0.4007,0.4052,0.393,0.397,4038018.0
1688515200,0.3971,0.4032,0.3941,0.4018,3452269.0
1688544000,0.4017,0.4017,0.3776,0.3802,7894744.0
1688572800,0.3801,0.3869,0.3788,0.3848,2758371.0
1688601600,0.385,0.3938,0.3813,0.3918,3339625.0
1688630400,0.3919,0.402,0.3725,0.3827,8341679.0
1688659200,0.3826,0.3854,0.3715,0.3722,4801272.0
1688688000,0.3719,0.3789,0.3677,0.375,3727817.0
1688716800,0.3749,0.3825,0.3733,0.3822,4617548.0
1688745600,0.3822,0.384,0.3764,0.382,2608840.0
1688774400,0.3822,0.3866,0.3802,0.3845,3224612.0
1688803200,0.3845,0.3901,0.3829,0.3882,3857752.0
1688832000,0.3883,0.3896,0.3793,0.3871,3883704.0
1688860800,0.387,0.3903,0.3815,0.3835,2604415.0
1688889600,0.3834,0.3855,0.3809,0.3841,2672058.0
1688918400,0.3841,0.3842,0.3784,0.3802,2449253.0
1688947200,0.3803,0.3804,0.3697,0.3731,4475961.0
1688976000,0.3731,0.3809,0.3692,0.3803,3646693.0
1689004800,0.3805,0.3931,0.3778,0.384,4787124.0
1689033600,0.3841,0.3924,0.38,0.3922,4183883.0
1689062400,0.3922,0.3922,0.3838,0.3864,3487080.0
1689091200,0.3867,0.3921,0.383,0.3914,3281177.0
1689120000,0.3912,0.3971,0.3898,0.3952,3553891.0
1689148800,0.3953,0.3998,0.3922,0.3936,5071863.0
1689177600,0.3938,0.3958,0.3866,0.3939,3685679.0
1689206400,0.3939,0.3956,0.3847,0.39,2586635.0
1689235200,0.3898,0.4129,0.3895,0.4076,9233718.0
1689264000,0.4078,0.4434,0.4078,0.4426,21780931.0
1689292800,0.4425,0.4479,0.4306,0.4324,9126461.0
1689321600,0.4322,0.438,0.4268,0.4371,6227927.0
1689350400,0.437,0.4429,0.3993,0.4139,16275921.0
1689379200,0.4138,0.4178,0.4041,0.4167,3141433.0
1689408000,0.4168,0.4252,0.4151,0.4186,3804600.0
1689436800,0.4185,0.4232,0.4145,0.4185,2446355.0
1689465600,0.4185,0.4268,0.4113,0.4198,5311835.0
1689494400,0.4197,0.4225,0.4145,0.4175,3291173.0
1689523200,0.4175,0.4183,0.4036,0.4065,4711825.0
1689552000,0.4062,0.419,0.4038,0.417,3972529.0
1689580800,0.417,0.4203,0.3998,0.4136,6500990.0
1689609600,0.4134,0.4189,0.4013,0.4174,4758699.0
1689638400,0.4174,0.4245,0.4062,0.4079,5263671.0
1689667200,0.4079,0.4108,0.4,0.4032,5266217.0
1689696000,0.4032,0.4049,0.3923,0.4005,4552274.0
1689724800,0.4005,0.4083,0.3985,0.402,4587297.0
1689753600,0.4019,0.4039,0.3963,0.401,4840940.0
1689782400,0.4009,0.4048,0.3964,0.3996,5232564.0
1689811200,0.3995,0.4076,0.3981,0.407,3537836.0
1689840000,0.4071,0.4133,0.3972,0.4011,7622114.0
1689868800,0.401,0.405,0.3944,0.4012,5635466.0
1689897600,0.4012,0.4047,0.3965,0.3985,3394804.0
1689926400,0.3985,0.404,0.3974,0.4014,5311842.0
1689955200,0.4015,0.4045,0.3984,0.4014,3513373.0
1689984000,0.4014,0.4073,0.4005,0.406,2681460.0
1690012800,0.406,0.4062,0.3994,0.4039,2519419.0
1690041600,0.4039,0.4049,0.3923,0.3974,4266499.0
1690070400,0.3974,0.4037,0.3945,0.4027,3413678.0
1690099200,0.4028,0.4058,0.4012,0.4045,3116001.0
1690128000,0.4044,0.4104,0.4032,0.4056,4319651.0
1690156800,0.4056,0.4085,0.3977,0.4042,4222787.0
1690185600,0.4042,0.4042,0.382,0.3868,9879444.0
1690214400,0.3868,0.3892,0.3842,0.3871,2898786.0
1690243200,0.3871,0.3883,0.382,0.3827,3602267.0
1690272000,0.3828,0.3871,0.3799,0.3844,4374369.0
1690300800,0.3844,0.388,0.3824,0.3861,2734654.0
1690329600,0.3862,0.3874,0.3808,0.3837,2993649.0
1690358400,0.3837,0.3864,0.3807,0.3857,2986215.0
1690387200,0.3857,0.3932,0.3808,0.3892,4474781.0
1690416000,0.3893,0.394,0.3861,0.3916,2326798.0
1690444800,0.3915,0.3945,0.386,0.3881,3221053.0
1690473600,0.3882,0.3888,0.3812,0.3848,3522517.0
1690502400,0.3847,0.3864,0.3813,0.3834,1681061.0
1690531200,0.3835,0.3919,0.3829,0.3904,3036538.0
1690560000,0.3906,0.3912,0.3866,0.389,1464066.0
1690588800,0.389,0.3904,0.388,0.3894,1380678.0
1690617600,0.3893,0.39,0.3865,0.3897,2051917.0
1690646400,0.3898,0.392,0.3888,0.3914,1973775.0
1690675200,0.3916,0.3946,0.3906,0.3911,1953806.0
1690704000,0.3912,0.3994,0.3885,0.3935,4158872.0
1690732800,0.3936,0.3944,0.3803,0.3883,4192701.0
1690761600,0.3883,0.3927,0.3863,0.388,1476798.0
1690790400,0.3879,0.39,0.3829,0.3834,2714052.0
1690819200,0.3833,0.3859,0.3763,0.3823,3147084.0
1690848000,0.3824,0.3878,0.3718,0.3792,5614762.0
1690876800,0.3792,0.3821,0.3737,0.378,3454343.0
1690905600,0.3779,0.3861,0.3752,0.3857,2996364.0
1690934400,0.3857,0.3872,0.378,0.3789,2431143.0
1690963200,0.3788,0.3814,0.3736,0.3766,2945434.0
1690992000,0.3764,0.3774,0.3705,0.3733,3344729.0
1691020800,0.3733,0.3758,0.3704,0.371,1718936.0
1691049600,0.371,0.3741,0.3679,0.3713,2030949.0
1691078400,0.3712,0.3736,0.3656,0.3675,3176077.0
1691107200,0.3675,0.37,0.3664,0.3677,2053450.0
1691136000,0.3676,0.3708,0.3663,0.3686,2092072.0
1691164800,0.3686,0.3696,0.3586,0.3643,3410015.0
1691193600,0.3642,0.3649,0.36,0.3623,1544646.0
1691222400,0.3623,0.3656,0.3608,0.3641,2130135.0
1691251200,0.364,0.3702,0.3632,0.3697,2279844.0
1691280000,0.3696,0.3764,0.3691,0.3724,4890904.0
1691308800,0.3724,0.3753,0.3695,0.3714,3695194.0
1691337600,0.3713,0.3752,0.3707,0.3745,2131451.0
1691366400,0.3745,0.381,0.3732,0.377,2909168.0
1691395200,0.377,0.3789,0.3648,0.3651,4269891.0
1691424000,0.3653,0.3674,0.3569,0.3668,4493107.0
1691452800,0.3668,0.3677,0.362,0.3641,1859062.0
1691481600,0.3642,0.3727,0.3633,0.3703,2572260.0
1691510400,0.37,0.3756,0.3695,0.3703,3075747.0
1691539200,0.3703,0.3728,0.3684,0.3724,2247582.0
1691568000,0.3724,0.3742,0.368,0.3685,3415617.0
1691596800,0.3685,0.3693,0.3644,0.3681,2356361.0
1691625600,0.3682,0.3683,0.3658,0.3665,1671529.0
1691654400,0.3665,0.3719,0.3665,0.3691,2031676.0
1691683200,0.3688,0.3697,0.3662,0.3669,1082988.0
1691712000,0.3672,0.3695,0.365,0.3691,1262309.0
1691740800,0.369,0.3714,0.3676,0.3683,1550176.0
1691769600,0.3683,0.3703,0.367,0.37,1066140.0
1691798400,0.37,0.3714,0.3676,0.3698,1374403.0
1691827200,0.3697,0.3728,0.3689,0.3709,1730076.0
1691856000,0.3709,0.3718,0.3693,0.3708,1168692.0
1691884800,0.3708,0.3717,0.3681,0.3695,1608062.0
1691913600,0.3694,0.3698,0.3664,0.3672,1564648.0
1691942400,0.3672,0.3722,0.3646,0.3658,2655453.0
1691971200,0.3657,0.367,0.3621,0.365,3382437.0
1692000000,0.3651,0.3685,0.3622,0.367,3912809.0
1692028800,0.367,0.3688,0.362,0.3654,2159330.0
1692057600,0.3654,0.3672,0.3626,0.3642,1283386.0
1692086400,0.3643,0.3655,0.3593,0.3598,2713665.0
1692115200,0.3597,0.3603,0.3305,0.3454,9958580.0
1692144000,0.3451,0.3459,0.3392,0.3396,3003871.0
1692172800,0.3397,0.34,0.3335,0.3351,7742475.0
1692201600,0.3352,0.3403,0.32,0.3283,7606732.0
1692230400,0.3284,0.3355,0.3208,0.3335,3054307.0
1692259200,0.3334,0.3336,0.3205,0.3219,5517819.0
1692288000,0.3218,0.3292,0.2723,0.2958,15669550.0
1692316800,0.2958,0.3069,0.2946,0.3058,6192344.0
1692345600,0.3059,0.3104,0.3038,0.3043,5032040.0
1692374400,0.3044,0.3099,0.3002,0.3061,4286733.0
1692403200,0.306,0.308,0.3031,0.3046,1599263.0
1692432000,0.3048,0.308,0.3045,0.308,2616197.0
1692460800,0.308,0.3094,0.3035,0.3083,2993336.0
1692489600,0.3085,0.3115,0.3053,0.3068,2914720.0
1692518400,0.3069,0.3099,0.3044,0.306,2346263.0
1692547200,0.306,0.3106,0.304,0.3085,1498772.0
1692576000,0.3085,0.3096,0.3049,0.3049,1399556.0
1692604800,0.3049,0.3061,0.2937,0.2964,5793076.0
1692633600,0.2963,0.3034,0.2962,0.3008,2668496.0
1692662400,0.3011,0.307,0.2997,0.306,1809959.0
1692691200,0.3061,0.3067,0.2969,0.2976,7108396.0
1692720000,0.2975,0.305,0.2895,0.3046,6753954.0
1692748800,0.3045,0.3068,0.3018,0.3035,3292975.0
1692777600,0.3035,0.3062,0.2994,0.306,3113325.0
1692806400,0.306,0.3148,0.3059,0.3115,5074361.0
1692835200,0.3116,0.3145,0.31,0.3116,2177371.0
1692864000,0.3116,0.3119,0.3034,0.3037,6316860.0
1692892800,0.3037,0.3069,0.3005,0.3055,3170252.0
1692921600,0.3055,0.3069,0.298,0.3016,4883667.0
1692950400,0.3015,0.3065,0.2993,0.3023,2830680.0
1692979200,0.3021,0.3062,0.3004,0.3058,1659132.0
1693008000,0.3057,0.3088,0.3043,0.3073,1545591.0
1693036800,0.3073,0.3084,0.3018,0.3025,4595059.0
1693065600,0.3025,0.3025,0.2984,0.2992,1966568.0
1693094400,0.2992,0.3001,0.2969,0.2999,1719166.0
1693123200,0.2996,0.3026,0.2983,0.3008,1827970.0
1693152000,0.3008,0.3015,0.2984,0.3001,1282999.0
1693180800,0.3001,0.3011,0.2921,0.2952,2664823.0
1693209600,0.295,0.3043,0.2914,0.3027,2956509.0
1693238400,0.3028,0.3038,0.2983,0.3011,1845460.0
1693267200,0.3012,0.3023,0.2938,0.2946,3236334.0
1693296000,0.2945,0.3149,0.2911,0.3105,11767684.0
1693324800,0.3108,0.3175,0.3107,0.3142,6529788.0
1693353600,0.3142,0.3166,0.3088,0.3115,2416458.0
1693382400,0.3116,0.3133,0.304,0.3059,4817106.0
1693411200,0.3057,0.3064,0.3034,0.3052,1262121.0
1693440000,0.3053,0.3056,0.3016,0.3047,3672360.0
1693468800,0.3047,0.3071,0.2972,0.2995,3588726.0
1693497600,0.2993,0.3001,0.2874,0.2944,7358366.0
1693526400,0.2944,0.2965,0.2932,0.2947,1212649.0
1693555200,0.2948,0.297,0.2904,0.2928,2213167.0
1693584000,0.2926,0.2954,0.2872,0.293,2922700.0
1693612800,0.293,0.2942,0.2915,0.2928,1004268.0
1693641600,0.2928,0.2947,0.2904,0.2934,1476978.0
1693670400,0.2933,0.2943,0.2867,0.2923,1934470.0
1693699200,0.2922,0.2949,0.2905,0.2932,1058900.0
1693728000,0.2934,0.2941,0.2894,0.2899,1450527.0
1693756800,0.29,0.2921,0.2869,0.2904,1450149.0
1693785600,0.2906,0.2968,0.2902,0.2929,5250534.0
1693814400,0.293,0.2938,0.2889,0.2915,2227346.0
1693843200,0.2916,0.2948,0.2891,0.2921,1450939.0
1693872000,0.292,0.2941,0.2892,0.2924,4912126.0
1693900800,0.2925,0.2954,0.2914,0.2927,5524517.0
1693929600,0.2927,0.2941,0.2914,0.293,2866019.0
1693958400,0.2933,0.2993,0.2915,0.2948,7029465.0
1693987200,0.2948,0.2966,0.2905,0.2925,3394976.0
1694016000,0.2924,0.2979,0.2873,0.2954,2962909.0
1694044800,0.2955,0.2978,0.294,0.2951,2974389.0
1694073600,0.2951,0.2954,0.2921,0.2952,2230152.0
1694102400,0.2952,0.3004,0.2944,0.2984,3022252.0
1694131200,0.2986,0.3017,0.296,0.2979,1928077.0
1694160000,0.2979,0.2979,0.2898,0.2917,3150275.0
1694188800,0.2917,0.2935,0.2908,0.2934,1342074.0
1694217600,0.2934,0.2952,0.2915,0.2948,1340925.0
1694246400,0.2948,0.2963,0.2937,0.2954,1616327.0
1694275200,0.2954,0.2958,0.2934,0.2938,952213.0
1694304000,0.2937,0.2938,0.2777,0.2874,4732066.0
1694332800,0.2873,0.2878,0.279,0.2831,3328152.0
1694361600,0.2831,0.2847,0.2785,0.2816,2702919.0
1694390400,0.2815,0.2835,0.2763,0.2805,9631575.0
1694419200,0.2805,0.2807,0.2677,0.2723,17852485.8
1694448000,0.2723,0.2731,0.2649,0.2694,3056530.0
1694476800,0.2694,0.2774,0.2681,0.2738,8023275.0
1694505600,0.2739,0.2827,0.273,0.2749,4801908.0
1694534400,0.2748,0.2782,0.2689,0.2691,4237875.0
1694563200,0.2693,0.2797,0.2673,0.2704,5754716.0
1694592000,0.2704,0.2792,0.2698,0.2778,3841167.0
1694620800,0.2779,0.2813,0.2756,0.2803,2820261.0
1694649600,0.2803,0.2873,0.2793,0.2819,4069058.0
1694678400,0.2819,0.2972,0.2815,0.2895,14581965.0
1694707200,0.2894,0.2929,0.288,0.2901,2911112.0
1694736000,0.2901,0.2958,0.2871,0.2884,3569840.0
1694764800,0.2883,0.2919,0.2879,0.2916,3314353.0
1694793600,0.2916,0.2976,0.2907,0.2961,3038474.0
1694822400,0.2961,0.3036,0.2957,0.3026,4776337.0
1694851200,0.3027,0.303,0.2958,0.298,3623828.0
1694880000,0.298,0.3018,0.2972,0.3014,2021326.0
1694908800,0.3015,0.3016,0.2938,0.2943,2847778.0
1694937600,0.2941,0.297,0.2933,0.2943,1447699.0
1694966400,0.2943,0.2944,0.285,0.2888,3089684.0
1694995200,0.2889,0.293,0.2852,0.2908,2257048.0
1695024000,0.2909,0.2983,0.2895,0.2947,3833372.0
1695052800,0.2946,0.2967,0.29,0.2924,2395747.0
1695081600,0.2924,0.2972,0.2912,0.2953,9528888.0
1695110400,0.2954,0.3011,0.2947,0.3008,3824880.0
1695139200,0.3009,0.3014,0.2974,0.2982,1619271.0
1695168000,0.2982,0.302,0.2948,0.2965,3227754.0
1695196800,0.2964,0.2989,0.2917,0.2959,2754866.0
1695225600,0.2959,0.3002,0.2923,0.2999,4477098.0
1695254400,0.3001,0.3041,0.2972,0.2997,3876832.0
1695283200,0.2996,0.3001,0.2906,0.2948,4393083.0
1695312000,0.2948,0.296,0.2927,0.2932,1264010.0
1695340800,0.2931,0.2958,0.2896,0.2946,4244877.0
1695369600,0.2946,0.2953,0.2925,0.2929,2281798.0
1695398400,0.2929,0.2949,0.2905,0.2942,2095926.0
1695427200,0.2943,0.2976,0.2935,0.2947,1982467.0
1695456000,0.2947,0.2954,0.2929,0.2931,1484678.0
1695484800,0.293,0.2948,0.2921,0.2938,1222445.0
1695513600,0.2938,0.2939,0.292,0.2926,1300343.0
1695542400,0.2924,0.303,0.2919,0.2972,11772178.0
1695571200,0.2972,0.2983,0.292,0.2933,3589818.0
1695600000,0.2934,0.2976,0.2909,0.2958,4218761.0
1695628800,0.2959,0.3005,0.2927,0.2997,3326823.0
1695657600,0.2997,0.3021,0.2976,0.2987,1906936.0
1695686400,0.299,0.2992,0.2959,0.2959,1610465.0
1695715200,0.2958,0.2962,0.2927,0.2937,2208981.0
1695744000,0.2937,0.2995,0.2931,0.2972,2501367.0
1695772800,0.2972,0.2986,0.2948,0.2954,1558505.0
1695801600,0.2955,0.3024,0.2933,0.2952,10995273.0
1695830400,0.2952,0.2957,0.2911,0.2934,2581088.0
1695859200,0.2933,0.2987,0.2923,0.2969,18867177.0
1695888000,0.2968,0.2989,0.2941,0.2984,11298997.0
1695916800,0.2985,0.3,0.2955,0.2991,4204071.0
1695945600,0.299,0.3031,0.2981,0.3023,3289665.0
1695974400,0.3021,0.3066,0.2986,0.3065,4840829.0
1696003200,0.3066,0.325,0.3038,0.3158,14057300.0
1696032000,0.3157,0.3162,0.306,0.3064,5381993.0
1696060800,0.3063,0.313,0.306,0.3111,6202378.0
1696089600,0.3112,0.3123,0.3085,0.3089,2704201.0
1696118400,0.3089,0.3157,0.3078,0.3131,2403908.0
1696147200,0.3133,0.3191,0.3123,0.3164,3796900.0
1696176000,0.3164,0.3275,0.3141,0.3235,5477780.0
1696204800,0.3237,0.3262,0.3195,0.3237,4182256.0
1696233600,0.3238,0.3245,0.3117,0.314,4886409.0
1696262400,0.3137,0.3187,0.3011,0.311,5077180.0
1696291200,0.311,0.3132,0.3088,0.3094,1481563.0
1696320000,0.3096,0.3116,0.3036,0.305,3004030.0
1696348800,0.3049,0.3072,0.3013,0.3017,2495065.0
1696377600,0.3018,0.3018,0.2872,0.2978,5598177.0
1696406400,0.2979,0.2995,0.2927,0.294,2443607.0
1696435200,0.2939,0.2986,0.2932,0.2974,2104499.0
1696464000,0.2973,0.2987,0.2947,0.297,1474175.0
1696492800,0.297,0.2999,0.2901,0.2938,3272049.0
1696521600,0.2937,0.2948,0.2922,0.2932,1276263.0
1696550400,0.2933,0.2973,0.2931,0.2967,1059400.0
1696579200,0.2967,0.2998,0.2935,0.2989,2191336.0
1696608000,0.2989,0.3018,0.2977,0.3006,1577104.0
1696636800,0.3006,0.3021,0.2983,0.2986,1100239.0
1696665600,0.2986,0.301,0.2982,0.2995,690347.0
1696694400,0.2994,0.2998,0.2972,0.2989,736819.0
1696723200,0.2991,0.2997,0.2952,0.2979,881019.0
1696752000,0.2978,0.2986,0.2941,0.2971,1932997.0
1696780800,0.2971,0.2989,0.2961,0.297,1531243.0
1696809600,0.297,0.2984,0.2945,0.2949,1839865.0
1696838400,0.2948,0.2954,0.2739,0.2816,7662247.0
1696867200,0.2816,0.2825,0.2746,0.2813,2945512.0
1696896000,0.2814,0.2823,0.2793,0.2814,2046080.0
1696924800,0.2813,0.2822,0.277,0.2776,2166182.0
1696953600,0.2777,0.2794,0.275,0.2779,1364176.0
1696982400,0.2778,0.2799,0.2704,0.276,2117159.0
1697011200,0.2759,0.2788,0.2724,0.2738,2180186.0
1697040000,0.2739,0.2787,0.2723,0.2787,1442640.0
1697068800,0.2786,0.279,0.2752,0.2774,1170612.0
1697097600,0.2775,0.2795,0.273,0.2789,2583428.0
1697126400,0.2789,0.2798,0.2753,0.2786,1943466.0
1697155200,0.2785,0.2808,0.2778,0.2799,1387508.0
1697184000,0.28,0.2819,0.2778,0.2794,1532373.0
1697212800,0.2794,0.2852,0.2789,0.2811,2140041.0
1697241600,0.2812,0.2858,0.2807,0.282,2400805.0
1697270400,0.282,0.2876,0.2813,0.2858,3450632.0
1697299200,0.2858,0.2866,0.2831,0.2838,1308335.0
1697328000,0.2838,0.2866,0.2826,0.2861,1085616.0
1697356800,0.2861,0.289,0.2855,0.2861,2394675.0
1697385600,0.2862,0.2885,0.2848,0.2854,1457957.0
1697414400,0.2854,0.292,0.2852,0.2892,5248265.0
1697443200,0.2892,0.3001,0.2862,0.2863,8155167.0
1697472000,0.2864,0.2904,0.2852,0.2884,4266942.0
1697500800,0.2884,0.2885,0.2853,0.2866,1872708.0
1697529600,0.2866,0.2873,0.2744,0.2806,6089676.0
1697558400,0.2807,0.2821,0.2786,0.2809,2704532.0
1697587200,0.2809,0.2848,0.2774,0.2802,3185280.0
1697616000,0.2801,0.2812,0.2772,0.2782,1568351.0
1697644800,0.2781,0.2789,0.2762,0.2765,1252203.0
1697673600,0.2765,0.2773,0.2705,0.2747,2709472.0
1697702400,0.2746,0.2778,0.2738,0.2769,1394187.0
1697731200,0.2768,0.2801,0.2756,0.2782,1583261.0
1697760000,0.2783,0.2851,0.2762,0.2837,4885042.0
1697788800,0.2837,0.2909,0.2836,0.2861,4773020.0
1697817600,0.286,0.2873,0.2842,0.2866,1067692.0
1697846400,0.2866,0.2931,0.2864,0.2923,5570958.0
1697875200,0.2922,0.2984,0.2907,0.2983,3192675.0
1697904000,0.2982,0.3032,0.2975,0.2987,5097882.0
1697932800,0.2987,0.3031,0.2931,0.2982,4741460.0
1697961600,0.2981,0.3035,0.2948,0.2965,20164124.0
1697990400,0.2965,0.3055,0.2958,0.3052,15168311.0
1698019200,0.3053,0.3134,0.3024,0.3058,23575882.0
1698048000,0.3058,0.3092,0.3025,0.3055,5939573.0
1698076800,0.3055,0.3265,0.3044,0.3263,10927316.0
1698105600,0.3265,0.3473,0.3232,0.332,30411751.0
1698134400,0.332,0.3505,0.3263,0.3328,21398904.0
1698163200,0.3328,0.3556,0.3294,0.3509,19630622.0
1698192000,0.3508,0.3562,0.3362,0.34,21223065.0
1698220800,0.3401,0.36,0.3368,0.3566,11516214.0
1698249600,0.3566,0.358,0.3411,0.3471,8723082.0
1698278400,0.3471,0.3642,0.3436,0.3637,21071076.0
1698307200,0.3636,0.3664,0.3333,0.3408,31573434.0
1698336000,0.3406,0.3559,0.3389,0.3525,4944199.0
1698364800,0.3525,0.3527,0.3406,0.3425,15192082.0
1698393600,0.3425,0.3501,0.3418,0.3479,4723771.0
1698422400,0.3478,0.3488,0.3346,0.3397,6350034.0
1698451200,0.3397,0.3494,0.3393,0.3484,3571985.0
1698480000,0.3484,0.3519,0.3426,0.3476,4145982.0
1698508800,0.3475,0.3539,0.3455,0.3511,2986891.0
1698537600,0.351,0.3521,0.3431,0.3506,2767697.0
1698566400,0.3506,0.3896,0.3491,0.3805,22539208.0
1698595200,0.3805,0.3893,0.3765,0.3797,14808285.0
1698624000,0.3797,0.3897,0.3676,0.3712,11703375.0
1698652800,0.3711,0.3809,0.3698,0.3748,7805533.0
1698681600,0.3748,0.3781,0.3656,0.3778,6536293.0
1698710400,0.3778,0.3807,0.3685,0.3687,5397682.0
1698739200,0.3688,0.3751,0.349,0.3564,8934597.0
1698768000,0.356,0.365,0.3539,0.3635,5197512.0
1698796800,0.3634,0.3643,0.3515,0.3562,3916461.0
1698825600,0.3563,0.3643,0.3525,0.3572,6689221.0
1698854400,0.357,0.3809,0.3563,0.3802,14180342.0
1698883200,0.3802,0.4204,0.3802,0.4019,28952007.0
1698912000,0.4016,0.4163,0.3929,0.3962,16605919.0
1698940800,0.396,0.4082,0.3887,0.403,15544500.0
1698969600,0.4029,0.4032,0.3856,0.3941,8538249.0
1698998400,0.3943,0.4029,0.3868,0.4008,6581141.0
1699027200,0.4008,0.4031,0.3943,0.3995,3956766.0
1699056000,0.3996,0.4067,0.3935,0.4046,6824342.0
1699084800,0.4045,0.4078,0.3958,0.399,4248494.0
1699113600,0.3988,0.4095,0.3982,0.4068,3020729.0
1699142400,0.4068,0.421,0.4017,0.405,8876548.0
1699171200,0.405,0.4099,0.3912,0.3981,9627833.0
1699200000,0.3981,0.4061,0.3943,0.4035,5760134.0
1699228800,0.4035,0.4287,0.4005,0.423,18106635.0
1699257600,0.4231,0.43,0.4179,0.4233,11460972.0
1699286400,0.4231,0.4285,0.42,0.4236,6660802.0
1699315200,0.4236,0.435,0.4163,0.4291,13136115.0
1699344000,0.4291,0.432,0.4038,0.4078,8325671.0
1699372800,0.408,0.4222,0.3989,0.4166,6789270.0
1699401600,0.4168,0.4178,0.4094,0.4163,3192929.0
1699430400,0.4162,0.4219,0.4138,0.4188,4574476.0
1699459200,0.4187,0.4301,0.4184,0.4266,8170389.0
1699488000,0.4266,0.4443,0.4242,0.4372,8115639.0
1699516800,0.4373,0.4481,0.4292,0.4368,14091275.0
1699545600,0.437,0.441,0.376,0.4178,19321509.0
1699574400,0.418,0.4382,0.416,0.4258,12805807.0
1699603200,0.4258,0.4315,0.4105,0.4191,11449485.0
1699632000,0.4191,0.4364,0.4184,0.4336,7764209.0
1699660800,0.4337,0.4369,0.4131,0.4218,9355959.0
1699689600,0.4219,0.4692,0.4199,0.4621,18970655.0
1699718400,0.4621,0.5064,0.4614,0.4699,41338630.0
1699747200,0.47,0.4772,0.446,0.4729,13813705.0
1699776000,0.4729,0.4738,0.4572,0.4667,10937142.0
1699804800,0.4669,0.4725,0.4593,0.4663,6562485.0
1699833600,0.4663,0.4836,0.4592,0.4694,9575059.0
1699862400,0.4694,0.4883,0.4617,0.4815,22405072.0
1699891200,0.4814,0.4844,0.4435,0.4446,12360541.0
1699920000,0.4447,0.4497,0.4329,0.4482,10208370.0
1699948800,0.4482,0.4498,0.4254,0.4344,13877442.0
1699977600,0.4344,0.4385,0.402,0.4265,15152452.0
1700006400,0.4263,0.4352,0.4202,0.4338,5421940.0
1700035200,0.4339,0.447,0.4334,0.4457,8403313.0
1700064000,0.4458,0.4543,0.4402,0.4517,11350587.0
1700092800,0.4518,0.4616,0.4498,0.4566,7071230.0
1700121600,0.4567,0.4603,0.4326,0.4385,11452408.0
1700150400,0.4385,0.4459,0.4209,0.4307,7532101.0
1700179200,0.4305,0.444,0.4292,0.4352,4698959.0
1700208000,0.4351,0.4409,0.4045,0.4073,8369158.0
1700236800,0.4073,0.4285,0.4046,0.4271,6081427.0
1700265600,0.4271,0.4272,0.3952,0.4069,7131503.0
1700294400,0.4069,0.4175,0.4044,0.4173,4962465.0
1700323200,0.4173,0.4209,0.4131,0.4175,2864835.0
1700352000,0.4175,0.4233,0.407,0.4212,3689112.0
1700380800,0.4213,0.4245,0.4124,0.4196,3437878.0
1700409600,0.4197,0.435,0.4176,0.4298,4762608.0
1700438400,0.4299,0.4342,0.4221,0.4267,5538351.0
1700467200,0.4266,0.4362,0.4214,0.4317,8130185.0
1700496000,0.4318,0.436,0.4156,0.4204,7016383.0
1700524800,0.4203,0.4281,0.4143,0.4152,3901803.0
1700553600,0.4156,0.4215,0.3962,0.4073,8708153.0
1700582400,0.4073,0.4106,0.3739,0.3761,17080682.0
1700611200,0.3759,0.3973,0.3745,0.3937,5551053.0
1700640000,0.3937,0.3977,0.39,0.3941,4308067.0
1700668800,0.394,0.409,0.3902,0.4051,6950272.0
1700697600,0.405,0.4096,0.4027,0.4054,3028152.0
1700726400,0.4052,0.4098,0.399,0.3995,7682291.0
1700755200,0.3995,0.4073,0.3982,0.4054,5905197.0
1700784000,0.4055,0.4113,0.4036,0.4101,3541710.0
1700812800,0.4102,0.4165,0.408,0.4151,7170164.0
1700841600,0.4151,0.4174,0.4088,0.4134,6092883.0
1700870400,0.4133,0.4618,0.4094,0.4571,31334932.0
1700899200,0.4571,0.4747,0.4514,0.4661,42292007.0
1700928000,0.4661,0.4677,0.4572,0.4646,10048560.0
1700956800,0.4646,0.4707,0.4525,0.4562,13547171.0
1700985600,0.4563,0.4677,0.448,0.4507,14863954.0
1701014400,0.4507,0.4533,0.4396,0.4503,7533105.0
1701043200,0.4503,0.4671,0.4313,0.4368,13460305.0
1701072000,0.4367,0.4438,0.4307,0.4352,7485105.0
1701100800,0.4351,0.4421,0.4271,0.4408,7047943.0
1701129600,0.4408,0.4431,0.4221,0.4302,7037996.0
1701158400,0.4304,0.4375,0.4268,0.4355,4312752.0
1701187200,0.4357,0.4446,0.4335,0.4442,7054310.0
1701216000,0.4443,0.445,0.4382,0.4403,4289583.0
1701244800,0.4405,0.4446,0.4311,0.4359,5737017.0
1701273600,0.4356,0.4446,0.4319,0.441,3762802.0
1701302400,0.441,0.4421,0.4323,0.434,3488313.0
1701331200,0.4341,0.4364,0.4291,0.4321,3374612.0
1701360000,0.4319,0.4348,0.4296,0.4318,1871586.0
1701388800,0.432,0.439,0.4275,0.4356,3374291.0
1701417600,0.4359,0.4404,0.434,0.4365,3300719.0
1701446400,0.4364,0.4413,0.4362,0.4394,3093808.0
1701475200,0.4396,0.4428,0.437,0.4409,2051668.0
1701504000,0.4408,0.449,0.4408,0.4451,3941722.0
1701532800,0.4452,0.4604,0.4451,0.4578,7907860.0
1701561600,0.4578,0.4605,0.4495,0.4533,5418733.0
1701590400,0.4533,0.4536,0.4441,0.448,5969321.0
1701619200,0.448,0.4543,0.4453,0.4505,3958303.0
1701648000,0.4505,0.4645,0.4482,0.461,9005224.0
1701676800,0.4611,0.4708,0.42,0.4435,19797543.0
1701705600,0.4435,0.4526,0.4405,0.4525,7077428.0
1701734400,0.4526,0.4739,0.4497,0.465,16017573.0
1701763200,0.4651,0.48,0.4531,0.4615,13527359.0
1701792000,0.4616,0.4741,0.4594,0.47,10426154.0
1701820800,0.4702,0.485,0.4585,0.466,16235464.0
1701849600,0.4659,0.49,0.4577,0.4851,15733462.0
1701878400,0.4849,0.495,0.4707,0.4731,14120095.0
1701907200,0.4733,0.4928,0.4733,0.486,16440657.0
1701936000,0.4859,0.4884,0.462,0.4855,11928251.0
1701964800,0.4857,0.5032,0.4833,0.5029,13410746.0
1701993600,0.5027,0.5046,0.485,0.4879,6515958.0
1702022400,0.4877,0.513,0.4869,0.5128,9976222.0
1702051200,0.5129,0.5235,0.5103,0.5199,9795931.0
1702080000,0.5199,0.5434,0.5199,0.5421,11193492.0
1702108800,0.542,0.5522,0.5202,0.5327,18125720.0
1702137600,0.5328,0.5424,0.5243,0.5333,10743349.0
1702166400,0.5333,0.575,0.5332,0.5686,20490227.0
1702195200,0.5688,0.5747,0.5315,0.5362,24917725.0
1702224000,0.5362,0.5378,0.519,0.5338,11796857.0
1702252800,0.534,0.5342,0.4531,0.4958,41906852.0
1702281600,0.496,0.4994,0.4824,0.4887,34007356.0
1702310400,0.4888,0.4916,0.4692,0.4896,11450847.0
1702339200,0.4895,0.4979,0.4842,0.4964,6422924.0
1702368000,0.4964,0.4978,0.4788,0.4863,11884771.0
1702396800,0.4865,0.4958,0.4788,0.495,5994018.0
1702425600,0.4949,0.4959,0.4596,0.4693,9471136.0
1702454400,0.4696,0.486,0.4683,0.4836,12741062.0
1702483200,0.4835,0.5043,0.478,0.5025,12887325.0
1702512000,0.5026,0.5099,0.4961,0.5068,5528551.0
1702540800,0.5067,0.5154,0.4807,0.5065,10340224.0
1702569600,0.5064,0.5172,0.5053,0.5138,5960444.0
1702598400,0.5137,0.5141,0.4946,0.4954,5064123.0
1702627200,0.4954,0.5031,0.4879,0.4939,6971505.0
1702656000,0.494,0.4984,0.4825,0.4845,5025630.0
1702684800,0.4845,0.4935,0.4779,0.4893,4654707.0
1702713600,0.4892,0.5032,0.4882,0.503,6259505.0
1702742400,0.5029,0.5064,0.4954,0.5031,7493361.0
1702771200,0.5031,0.5107,0.4929,0.4934,7328595.0
1702800000,0.4935,0.4998,0.4838,0.4937,4288240.0
1702828800,0.4938,0.5014,0.48,0.4817,4637191.0
1702857600,0.4817,0.4857,0.465,0.4661,5032030.0
1702886400,0.4659,0.4691,0.444,0.4568,11724547.0
1702915200,0.4569,0.4758,0.4539,0.4757,5562755.0
1702944000,0.4757,0.4866,0.4732,0.4864,4372792.0
1702972800,0.4865,0.4883,0.4745,0.4811,5324074.0
1703001600,0.4811,0.4831,0.4684,0.4751,4408144.0
1703030400,0.475,0.4907,0.4695,0.4895,4950448.0
1703059200,0.4896,0.5099,0.4884,0.5082,8590481.0
1703088000,0.5082,0.5112,0.493,0.5016,6751017.0
1703116800,0.5018,0.5054,0.494,0.5031,5824313.0
1703145600,0.5031,0.5168,0.5014,0.5139,10332925.0
1703174400,0.5138,0.5222,0.5107,0.5218,6524067.0
1703203200,0.522,0.5264,0.5075,0.511,6578787.0
1703232000,0.511,0.5201,0.5092,0.5197,6952996.0
1703260800,0.5193,0.5284,0.5141,0.5275,4937700.0
1703289600,0.5274,0.5302,0.51,0.5119,5023222.0
1703318400,0.5119,0.517,0.5104,0.5131,4202562.0
1703347200,0.5134,0.5161,0.5092,0.5143,5107726.0
1703376000,0.5143,0.5202,0.5043,0.5177,9216787.0
1703404800,0.5178,0.5315,0.5067,0.5271,10582987.0
1703433600,0.5276,0.5544,0.5175,0.5403,20447064.0
1703462400,0.5406,0.5671,0.5219,0.5533,20133782.0
1703491200,0.5533,0.5707,0.5469,0.5581,21254401.0
1703520000,0.5578,0.5725,0.5522,0.5607,9545170.0
1703548800,0.5608,0.6065,0.5568,0.5693,30511458.0
1703577600,0.5693,0.5802,0.5531,0.5557,16674189.0
1703606400,0.5559,0.5665,0.5123,0.5592,15911654.0
1703635200,0.5597,0.5626,0.5305,0.5412,8773499.0
1703664000,0.5411,0.5577,0.5401,0.5561,7516281.0
1703692800,0.556,0.5636,0.5502,0.555,7608614.0
1703721600,0.5552,0.5642,0.5352,0.5425,6920563.0
1703750400,0.5424,0.5444,0.5204,0.529,8396033.0
1703779200,0.5285,0.5338,0.5237,0.5289,3545759.0
1703808000,0.5288,0.5362,0.5145,0.5248,5484174.0
1703836800,0.525,0.5392,0.5181,0.5223,5076717.0
1703865600,0.5226,0.5249,0.502,0.5152,8024233.0
1703894400,0.515,0.5194,0.5109,0.5139,3035306.0
1703923200,0.5139,0.5191,0.5044,0.5186,3718333.0
1703952000,0.5188,0.5209,0.5059,0.5154,4043670.0
1703980800,0.5154,0.5257,0.5126,0.5236,2620337.0
1704009600,0.5237,0.5299,0.5199,0.5287,3712023.0
1704038400,0.5286,0.5321,0.5044,0.5207,5663625.0
1704067200,0.5208,0.5282,0.5155,0.5186,6567231.0
1704096000,0.5184,0.5291,0.5163,0.5289,3229028.0
1704124800,0.5292,0.5407,0.5253,0.5393,5961443.0
1704153600,0.5395,0.5473,0.5363,0.5442,5117795.0
1704182400,0.5441,0.5512,0.5276,0.5325,6095984.0
1704211200,0.5326,0.5348,0.5225,0.529,2797895.0
1704240000,0.529,0.5362,0.5279,0.5302,2874263.0
1704268800,0.53,0.5384,0.415,0.473,26065141.0
1704297600,0.473,0.4763,0.4481,0.4676,13681855.0
1704326400,0.4676,0.4789,0.458,0.467,7440716.0
1704355200,0.467,0.4784,0.4609,0.4753,6554978.0
1704384000,0.4753,0.4785,0.4677,0.4749,5178001.0
1704412800,0.4755,0.4801,0.4521,0.4613,7761704.0
1704441600,0.4613,0.4848,0.4435,0.4476,11143242.0
1704470400,0.4475,0.4613,0.4388,0.4613,5483338.0
1704499200,0.4611,0.4615,0.4269,0.4371,6288263.0
1704528000,0.437,0.4567,0.4339,0.4552,3859849.0
1704556800,0.4554,0.4584,0.4463,0.4532,3414127.0
1704585600,0.4533,0.464,0.4506,0.4592,4205021.0
1704614400,0.4594,0.4603,0.4431,0.4453,3007182.0
1704643200,0.445,0.4493,0.4216,0.4266,4656099.0
1704672000,0.4266,0.4286,0.3945,0.4188,10861482.0
1704700800,0.4189,0.44,0.4119,0.4391,6008630.0
1704729600,0.4385,0.4544,0.4333,0.4533,3757122.0
1704758400,0.4532,0.4544,0.4435,0.446,3430624.0
1704787200,0.446,0.4492,0.422,0.4267,5990964.0
1704816000,0.427,0.4339,0.4159,0.4339,6764805.0
1704844800,0.434,0.44,0.4312,0.4354,2648820.0
1704873600,0.4355,0.4437,0.4194,0.4361,7661409.0
1704902400,0.4361,0.4746,0.4303,0.4656,10537336.0
1704931200,0.4653,0.4779,0.4618,0.4725,6235462.0
1704960000,0.4724,0.4925,0.4708,0.4788,11539549.0
1704988800,0.4787,0.4882,0.4686,0.485,7014090.0
1705017600,0.4849,0.4958,0.4801,0.4879,7074968.0
1705046400,0.4878,0.4962,0.4747,0.4767,7835649.0
1705075200,0.4769,0.481,0.4417,0.4619,7747465.0
1705104000,0.4624,0.4792,0.4466,0.472,4311239.0
1705132800,0.4718,0.4751,0.4634,0.4698,4492879.0
1705161600,0.4699,0.4732,0.465,0.468,2497195.0
1705190400,0.468,0.4685,0.4537,0.4626,2576877.0
1705219200,0.4626,0.4644,0.4538,0.4607,3794264.0
1705248000,0.4606,0.4617,0.4442,0.4456,4825025.0
1705276800,0.4458,0.4605,0.4452,0.4536,2125137.0
1705305600,0.4537,0.458,0.4464,0.4476,2867161.0
1705334400,0.4474,0.4613,0.4467,0.4513,2993243.0
1705363200,0.4515,0.4603,0.4515,0.4596,2025860.0
1705392000,0.4597,0.4642,0.4485,0.4623,5231066.0
1705420800,0.4623,0.4673,0.4581,0.463,4061462.0
1705449600,0.463,0.4698,0.4537,0.4545,3599145.0
1705478400,0.4543,0.4647,0.4523,0.457,3580397.0
1705507200,0.457,0.4643,0.453,0.4628,2837588.0
1705536000,0.4629,0.471,0.4552,0.4603,2906654.0
1705564800,0.4601,0.4605,0.445,0.4504,3726489.0
1705593600,0.4503,0.4507,0.4287,0.4402,8074510.0
1705622400,0.4405,0.456,0.4277,0.4496,6011045.0
1705651200,0.4493,0.4781,0.4469,0.4534,20187725.0
1705680000,0.453,0.4736,0.4322,0.4697,13120157.0
1705708800,0.4698,0.4818,0.4616,0.4632,8106253.0
1705737600,0.4635,0.475,0.4585,0.4715,6293105.0
1705766400,0.4716,0.4783,0.4688,0.4741,4074292.0
1705795200,0.4739,0.4876,0.4694,0.4773,4522436.0
1705824000,0.4772,0.4923,0.4764,0.4819,6604262.0
1705852800,0.4819,0.4863,0.4741,0.476,3411506.0
1705881600,0.476,0.4793,0.4604,0.4659,3727267.0
1705910400,0.4658,0.4661,0.4414,0.4498,6642655.0
1705939200,0.4494,0.4539,0.4377,0.4428,6076269.0
1705968000,0.4427,0.4488,0.4315,0.4336,3746889.0
1705996800,0.4335,0.4355,0.4064,0.4199,11463805.0
1706025600,0.4198,0.4262,0.4125,0.426,6565069.0
1706054400,0.4259,0.4374,0.4212,0.4344,3191641.0
1706083200,0.4345,0.4459,0.4341,0.4403,4979033.0
1706112000,0.4403,0.4428,0.4308,0.4396,2990127.0
1706140800,0.4397,0.4402,0.4285,0.4366,2660888.0
1706169600,0.4366,0.4394,0.4277,0.4293,3022874.0
1706198400,0.429,0.4372,0.4256,0.4334,2321101.0
1706227200,0.4331,0.4404,0.4285,0.4358,2541545.0
1706256000,0.436,0.4506,0.4358,0.4464,3492622.0
1706284800,0.4464,0.4519,0.4446,0.4508,2878103.0
1706313600,0.4509,0.4562,0.4422,0.4453,2597184.0
1706342400,0.4452,0.4522,0.4423,0.4502,2159689.0
1706371200,0.4506,0.456,0.4487,0.4545,2066332.0
1706400000,0.4545,0.4635,0.4529,0.4532,3485070.0
1706428800,0.4535,0.4579,0.4472,0.4505,3203480.0
1706457600,0.4504,0.4534,0.4414,0.4455,3199784.0
1706486400,0.4456,0.4506,0.4426,0.4452,1878458.0
1706515200,0.4451,0.4498,0.4392,0.4497,2814603.0
1706544000,0.4497,0.4606,0.4479,0.4592,5002035.0
1706572800,0.4593,0.4615,0.4518,0.4543,3419445.0
1706601600,0.4543,0.4591,0.4476,0.4557,3908387.0
1706630400,0.4557,0.4589,0.4425,0.4451,3915046.0
1706659200,0.4451,0.4476,0.4379,0.4419,2413072.0
1706688000,0.4418,0.4428,0.4287,0.44,5073271.0
1706716800,0.4399,0.443,0.4278,0.4319,4356387.0
1706745600,0.4317,0.4352,0.4231,0.4303,2731032.0
1706774400,0.4301,0.4359,0.4267,0.4326,4050322.0
1706803200,0.4327,0.4369,0.428,0.4356,2493382.0
1706832000,0.4357,0.4405,0.4339,0.4399,1806133.0
1706860800,0.4397,0.4449,0.4332,0.4447,2787023.0
1706889600,0.445,0.4469,0.4394,0.4411,1640558.0
1706918400,0.4411,0.4448,0.4384,0.4396,1238256.0
1706947200,0.4398,0.4438,0.4349,0.4388,1663530.0
1706976000,0.4389,0.4428,0.4385,0.4396,1478275.0
1707004800,0.4396,0.4401,0.4311,0.4329,1571335.0
1707033600,0.4328,0.439,0.4316,0.4356,958224.0
1707062400,0.4355,0.4364,0.4288,0.4308,2344626.0
1707091200,0.4307,0.4369,0.4241,0.4362,2033774.0
1707120000,0.4363,0.4408,0.433,0.4338,1924567.0
1707148800,0.4341,0.4397,0.4298,0.4347,1907180.0
1707177600,0.4348,0.4378,0.4316,0.4351,1675009.0
1707206400,0.4352,0.4396,0.4293,0.4337,4701532.0
1707235200,0.4337,0.4362,0.43,0.4314,3538829.0
1707264000,0.4315,0.4361,0.4252,0.4268,1702125.0
1707292800,0.4267,0.43,0.424,0.4297,2917204.0
1707321600,0.4297,0.4489,0.429,0.4458,4497470.0
1707350400,0.4459,0.4486,0.4412,0.4421,2337484.0
1707379200,0.4423,0.4539,0.4422,0.452,4085060.0
1707408000,0.452,0.4534,0.4434,0.4493,4081600.0
1707436800,0.4494,0.4601,0.449,0.4576,4428489.0
1707465600,0.4576,0.464,0.4528,0.4609,5026701.0
1707494400,0.4609,0.4686,0.4591,0.4671,4156651.0
1707523200,0.4672,0.475,0.4663,0.4664,3991485.0
1707552000,0.4665,0.4711,0.461,0.4622,4528424.0
1707580800,0.4624,0.4667,0.4605,0.4614,1992379.0
1707609600,0.4614,0.4673,0.4597,0.4656,2265134.0
1707638400,0.4657,0.4722,0.4627,0.4691,2986203.0
1707667200,0.4691,0.4733,0.4663,0.4703,2655117.0
1707696000,0.4703,0.4871,0.4678,0.4715,7283355.0
1707724800,0.4716,0.48,0.461,0.4788,7072295.0
1707753600,0.4788,0.4913,0.4762,0.4831,6784104.0
1707782400,0.4832,0.4862,0.474,0.4775,3700176.0
1707811200,0.4775,0.4783,0.4573,0.4634,6829147.0
1707840000,0.4634,0.4698,0.4626,0.4682,4539561.0
1707868800,0.4682,0.4736,0.4654,0.4731,1823593.0
1707897600,0.4732,0.4892,0.4722,0.4843,7159142.0
1707926400,0.4841,0.4879,0.479,0.4865,3794862.0
1707955200,0.4865,0.4926,0.4818,0.4891,5226376.0
1707984000,0.489,0.5039,0.4866,0.496,9237314.0
1708012800,0.496,0.5061,0.4901,0.504,7204997.0
1708041600,0.5041,0.5089,0.4975,0.4975,4201912.0
1708070400,0.4976,0.513,0.4863,0.4943,8421915.0
1708099200,0.4943,0.5004,0.4891,0.4979,3273501.0
1708128000,0.4979,0.519,0.4975,0.5069,8438720.0
1708156800,0.5069,0.5071,0.477,0.4837,6149785.0
1708185600,0.4836,0.4897,0.4819,0.4874,4096213.0
1708214400,0.4873,0.5035,0.485,0.5022,6897082.0
1708243200,0.5021,0.5088,0.4996,0.5032,4687173.0
1708272000,0.5032,0.51,0.5004,0.5039,4861814.0
1708300800,0.5041,0.5139,0.4991,0.5129,4586003.0
1708329600,0.5128,0.5132,0.4987,0.5065,5856710.0
1708358400,0.5067,0.5193,0.5006,0.5157,7061777.0
1708387200,0.5155,0.5183,0.4995,0.5107,4472832.0
1708416000,0.5109,0.5156,0.4783,0.4893,8376271.0
1708444800,0.4893,0.5047,0.4808,0.4991,4742288.0
1708473600,0.4991,0.5006,0.4796,0.4831,3695061.0
1708502400,0.483,0.4854,0.4644,0.4726,6091081.0
1708531200,0.4726,0.4807,0.4617,0.4801,2946061.0
1708560000,0.4801,0.4858,0.4691,0.4847,1954332.0
1708588800,0.4847,0.4886,0.4765,0.4875,4145844.0
1708617600,0.4875,0.4976,0.4826,0.4877,4286422.0
1708646400,0.488,0.4912,0.478,0.4819,2390165.0
1708675200,0.4819,0.4853,0.4752,0.48,4555833.0
1708704000,0.4801,0.4877,0.4704,0.4803,4719438.0
1708732800,0.4805,0.4901,0.4746,0.4897,3110860.0
1708761600,0.4897,0.5038,0.487,0.4968,7376548.0
1708790400,0.4968,0.505,0.4967,0.5009,2969578.0
1708819200,0.501,0.5022,0.4926,0.4979,2785355.0
1708848000,0.4979,0.5072,0.4942,0.5028,3445904.0
1708876800,0.5027,0.5186,0.5,0.5179,4716536.0
1708905600,0.5181,0.5451,0.5079,0.527,15905114.0
1708934400,0.5269,0.533,0.515,0.5281,13418519.0
1708963200,0.528,0.5394,0.5256,0.5378,9271459.0
1708992000,0.5378,0.5439,0.5274,0.531,8479790.0
1709020800,0.531,0.5536,0.5305,0.5387,11018761.0
1709049600,0.5385,0.5735,0.5346,0.5657,16387312.0
1709078400,0.5657,0.5797,0.56,0.5723,11058188.0
1709107200,0.5728,0.5836,0.5527,0.5732,17675874.0
1709136000,0.5733,0.61,0.5286,0.5708,31098090.0
1709164800,0.5709,0.5953,0.5619,0.5929,9220874.0
1709193600,0.5928,0.6381,0.5844,0.6218,21054026.0
1709222400,0.6219,0.6713,0.5967,0.6548,26587744.0
1709251200,0.655,0.6659,0.6252,0.6415,17417949.0
1709280000,0.6415,0.684,0.6392,0.6556,20358663.0
1709308800,0.6557,0.6658,0.6358,0.6658,12764491.0
1709337600,0.6653,0.681,0.65,0.6799,13574510.0
1709366400,0.68,0.7115,0.6585,0.6757,23480240.0
1709395200,0.6757,0.6838,0.6625,0.6827,10212495.0
1709424000,0.6826,0.7068,0.5886,0.6295,31186552.0
1709452800,0.6296,0.66,0.6202,0.6533,24917329.0
1709481600,0.6533,0.67,0.6466,0.6574,9422605.0
1709510400,0.6574,0.6842,0.6491,0.6716,13601692.0
1709539200,0.6716,0.6948,0.6601,0.6752,20071479.0
1709568000,0.6751,0.6755,0.6392,0.6641,14179150.0
1709596800,0.664,0.693,0.643,0.672,22119699.0
1709625600,0.672,0.715,0.666,0.6825,21811727.0
1709654400,0.6825,0.69,0.53,0.6127,43130101.0
1709683200,0.6125,0.6437,0.5849,0.6425,13589445.0
1709712000,0.6427,0.6569,0.6115,0.6274,18746720.0
1709740800,0.6275,0.6596,0.6229,0.6565,9268925.0
1709769600,0.6563,0.6785,0.6447,0.6733,14462199.0
1709798400,0.6733,0.7082,0.6708,0.6906,15846724.0
1709827200,0.6908,0.7002,0.6786,0.6934,9205613.0
1709856000,0.6934,0.7,0.6788,0.6838,6683897.0
1709884800,0.6835,0.6865,0.624,0.6644,11266861.0
1709913600,0.6641,0.7076,0.6513,0.7038,12721566.0
1709942400,0.7038,0.76,0.6926,0.7267,23504897.0
1709971200,0.7267,0.7776,0.7211,0.7755,29873482.0
1710000000,0.7755,0.7815,0.743,0.7546,18301708.0
1710028800,0.7549,0.8,0.7471,0.772,25740523.0
1710057600,0.7721,0.82,0.7595,0.7878,38612417.0
1710086400,0.7874,0.8122,0.7579,0.7703,20164340.0
1710115200,0.7701,0.7701,0.7216,0.7635,13798827.0
1710144000,0.7636,0.7884,0.762,0.7676,16741839.0
1710172800,0.768,0.7818,0.7564,0.7795,11574515.0
1710201600,0.7794,0.803,0.7436,0.7512,13178666.0
1710230400,0.7512,0.7578,0.7293,0.754,12257540.0
1710259200,0.754,0.7693,0.7063,0.7682,13926145.0
1710288000,0.7682,0.7812,0.7551,0.7771,6857776.0
1710316800,0.777,0.7809,0.74,0.7471,8912261.0
1710345600,0.7474,0.7631,0.7452,0.7606,5974276.0
1710374400,0.7608,0.7673,0.7443,0.7523,10353273.0
1710403200,0.7523,0.773,0.7146,0.7214,15117493.0
1710432000,0.7213,0.7468,0.6955,0.7445,9907266.0
1710460800,0.7444,0.7522,0.663,0.6923,16359934.0
1710489600,0.6923,0.6933,0.6332,0.6684,13065433.0
1710518400,0.6684,0.698,0.661,0.69,7620470.0
1710547200,0.69,0.7067,0.677,0.7054,5756170.0
1710576000,0.7054,0.7055,0.6521,0.665,9135694.0
1710604800,0.665,0.6651,0.6092,0.6239,12643729.0
1710633600,0.6243,0.6368,0.5903,0.6092,7815838.0
1710662400,0.6088,0.6481,0.6053,0.6446,6225233.0
1710691200,0.6447,0.653,0.6391,0.6456,5059076.0
1710720000,0.6452,0.6561,0.6205,0.6446,5214478.0
1710748800,0.6447,0.6447,0.6014,0.6115,7114375.0
1710777600,0.6115,0.6237,0.5956,0.6177,5660294.0
1710806400,0.6175,0.625,0.5478,0.5768,14520722.0
1710835200,0.5769,0.5966,0.5436,0.5956,12988833.0
1710864000,0.5954,0.605,0.5573,0.5697,6612604.0
1710892800,0.5696,0.5927,0.5456,0.5899,9033629.0
1710921600,0.5899,0.6062,0.5822,0.5905,8661963.0
1710950400,0.5904,0.6417,0.5678,0.6396,11678962.0
1710979200,0.6392,0.6484,0.6195,0.631,5475782.0
1711008000,0.6309,0.6409,0.6262,0.6323,5565626.0
1711036800,0.6325,0.6457,0.6171,0.6337,6926280.0
1711065600,0.6337,0.648,0.6209,0.6384,4588544.0
1711094400,0.6385,0.6447,0.5998,0.6198,6721286.0
1711123200,0.6201,0.6256,0.6061,0.6249,3908279.0
1711152000,0.6249,0.648,0.6163,0.6474,4442240.0
1711180800,0.6474,0.6542,0.6353,0.649,5561416.0
1711209600,0.649,0.6517,0.6326,0.6336,4072542.0
1711238400,0.6334,0.6445,0.626,0.6331,2087987.0
1711267200,0.6326,0.6441,0.6321,0.6415,3136948.0
1711296000,0.6412,0.6552,0.6269,0.6523,4751885.0
1711324800,0.6526,0.6617,0.6427,0.6439,4745198.0
1711353600,0.6437,0.6674,0.6391,0.6648,9127302.0
1711382400,0.6647,0.6762,0.6603,0.6653,7589966.0
1711411200,0.6653,0.688,0.6639,0.6809,5010421.0
1711440000,0.681,0.6936,0.6651,0.6743,7606216.0
1711468800,0.674,0.6958,0.6636,0.6919,8203450.0
1711497600,0.6918,0.7033,0.6721,0.6749,5899416.0
1711526400,0.6749,0.6902,0.6519,0.6601,9030305.0
1711555200,0.6601,0.6696,0.6552,0.6652,5151974.0
1711584000,0.665,0.6782,0.6531,0.6782,3925212.0
1711612800,0.6782,0.6854,0.6648,0.6734,6008537.0
1711641600,0.6736,0.6813,0.6658,0.6752,3882888.0
1711670400,0.6751,0.6784,0.6589,0.6628,3514472.0
1711699200,0.6623,0.6868,0.6615,0.6695,6989113.0
1711728000,0.6703,0.6833,0.6664,0.6822,3551075.0
1711756800,0.6821,0.6848,0.669,0.6691,2997538.0
1711785600,0.6691,0.6738,0.666,0.671,2838852.0
1711814400,0.6711,0.6731,0.6557,0.6613,2494381.0
1711843200,0.6614,0.669,0.655,0.6665,2215588.0
1711872000,0.6662,0.6666,0.6607,0.6626,1625735.0
1711900800,0.6626,0.6698,0.66,0.6696,2894117.0
1711929600,0.6696,0.6756,0.6243,0.6457,8619347.0
1711958400,0.6455,0.6455,0.6125,0.6151,6983041.0
1711987200,0.6151,0.6293,0.6114,0.628,3212861.0
1712016000,0.628,0.628,0.584,0.5992,5913561.0
1712044800,0.5993,0.6011,0.5795,0.5833,7113272.0
1712073600,0.5833,0.5933,0.58,0.5842,3912530.0
1712102400,0.5843,0.5962,0.5661,0.5914,5637016.0
1712131200,0.5915,0.5983,0.5795,0.5819,5259033.0
1712160000,0.5816,0.5886,0.5637,0.5762,3101869.0
1712188800,0.5765,0.5865,0.5672,0.5838,2811296.0
1712217600,0.5842,0.5974,0.5813,0.5932,7160352.0
1712246400,0.5933,0.6019,0.5808,0.5924,3715225.0
1712275200,0.5924,0.5946,0.5707,0.5781,2351740.0
1712304000,0.5783,0.5886,0.5607,0.5882,3415357.0
1712332800,0.5881,0.5981,0.583,0.5896,2775343.0
1712361600,0.5898,0.5956,0.5874,0.5931,1887101.0
1712390400,0.5931,0.5951,0.5825,0.5859,2667526.0
1712419200,0.5861,0.5948,0.5853,0.5903,2398382.0
1712448000,0.5903,0.5998,0.5894,0.595,2543595.0
1712476800,0.5949,0.6008,0.5931,0.5945,2746293.0
1712505600,0.5945,0.5987,0.5867,0.5943,3408773.0
1712534400,0.5942,0.6062,0.5838,0.6036,2350527.0
1712563200,0.6037,0.6285,0.603,0.6275,6812197.0
1712592000,0.6277,0.6305,0.6248,0.6256,2732118.0
1712620800,0.6257,0.6268,0.6145,0.6185,3894882.0
1712649600,0.6186,0.6371,0.6041,0.6156,7692188.0
1712678400,0.6156,0.6364,0.604,0.612,14364328.0
1712707200,0.6118,0.6322,0.5976,0.6038,5172700.0
1712736000,0.6038,0.6066,0.578,0.5947,15884010.0
1712764800,0.595,0.6133,0.5916,0.6091,4010114.0
1712793600,0.6094,0.637,0.6072,0.6291,6673049.0
1712822400,0.6292,0.633,0.611,0.6147,6049577.0
1712851200,0.6144,0.6173,0.6032,0.608,2829742.0
1712880000,0.608,0.6238,0.6072,0.6151,2260645.0
1712908800,0.6153,0.6185,0.5902,0.592,4261806.0
1712937600,0.5919,0.5921,0.485,0.5166,27682260.0
1712966400,0.5168,0.5168,0.4881,0.5052,9029817.0
1712995200,0.5052,0.5085,0.4902,0.4907,11135259.0
1713024000,0.4908,0.4929,0.3683,0.418,50925056.0
1713052800,0.418,0.4354,0.3975,0.4349,16017401.0
1713081600,0.4349,0.4407,0.4201,0.4286,9023726.0
1713110400,0.4286,0.4485,0.4141,0.4437,11264061.0
1713139200,0.4437,0.4608,0.4258,0.456,6959456.0
1713168000,0.4561,0.4664,0.434,0.4427,9164978.0
1713196800,0.4433,0.4459,0.4119,0.4236,8713882.0
1713225600,0.4236,0.435,0.4029,0.4325,5471323.0
1713254400,0.4325,0.4352,0.4114,0.4127,6928111.0
1713283200,0.4122,0.438,0.4108,0.4337,6112213.0
1713312000,0.4336,0.4383,0.4255,0.4325,2830632.0
1713340800,0.4324,0.435,0.4096,0.412,5881031.0
1713369600,0.4122,0.4399,0.4072,0.4252,4826055.0
1713398400,0.425,0.4353,0.4153,0.4189,2551875.0
1713427200,0.4188,0.441,0.4146,0.4379,4543563.0
1713456000,0.438,0.4399,0.4251,0.4344,3858627.0
1713484800,0.434,0.4454,0.3975,0.4374,11443874.0
1713513600,0.4375,0.445,0.4322,0.4397,9575139.0
1713542400,0.4396,0.4419,0.4256,0.4334,4035288.0
1713571200,0.4333,0.4453,0.4276,0.4426,3552051.0
1713600000,0.4428,0.4579,0.4376,0.4579,3445141.0
1713628800,0.4576,0.4732,0.4537,0.4701,5135289.0
1713657600,0.4702,0.4755,0.4625,0.4694,3136891.0
1713686400,0.4695,0.4711,0.4597,0.4633,2668175.0
1713715200,0.4633,0.4665,0.453,0.4629,3137199.0
1713744000,0.4629,0.4847,0.4615,0.4774,3885212.0
1713772800,0.4772,0.4829,0.4736,0.4808,3492775.0
1713801600,0.4807,0.4862,0.476,0.4815,3110105.0
1713830400,0.4814,0.4841,0.4726,0.4758,2212270.0
1713859200,0.476,0.4827,0.4714,0.4764,2725462.0
1713888000,0.4769,0.4862,0.4734,0.4785,3956913.0
1713916800,0.4786,0.4998,0.4762,0.4944,4379979.0
1713945600,0.4943,0.4992,0.47,0.4717,6542173.0
1713974400,0.4713,0.4789,0.4573,0.4631,3812263.0
1714003200,0.463,0.466,0.4486,0.4549,2404955.0
1714032000,0.4551,0.4672,0.4451,0.4672,6389254.0
1714060800,0.4673,0.4735,0.4642,0.4652,2322054.0
1714089600,0.465,0.4659,0.4512,0.4566,1753708.0
1714118400,0.4568,0.4615,0.4449,0.4541,3628469.0
1714147200,0.454,0.4607,0.4508,0.4522,2203320.0
1714176000,0.4525,0.4575,0.4326,0.4477,4107999.0
1714204800,0.4479,0.4559,0.4427,0.4448,3855878.0
1714233600,0.4446,0.4583,0.4421,0.4525,2883630.0
1714262400,0.4525,0.4702,0.4525,0.4628,3454105.0
1714291200,0.4629,0.4638,0.4551,0.4577,1517511.0
1714320000,0.4576,0.4609,0.4433,0.4453,2607025.0
1714348800,0.4449,0.4467,0.4304,0.4369,4743069.0
1714377600,0.4368,0.4371,0.4244,0.4369,5571032.0
1714406400,0.4369,0.4411,0.4275,0.4367,2802824.0
1714435200,0.4367,0.4429,0.427,0.435,3286331.0
1714464000,0.4349,0.4365,0.4054,0.4099,5981397.0
1714492800,0.4097,0.421,0.4005,0.4171,4677781.0
1714521600,0.417,0.4201,0.402,0.4068,4897788.0
1714550400,0.4067,0.4166,0.3944,0.4087,6359735.0
1714579200,0.4088,0.429,0.4048,0.4241,4500649.0
1714608000,0.4239,0.4247,0.4101,0.4192,2401720.0
1714636800,0.4193,0.4347,0.4182,0.4326,4147134.0
1714665600,0.4327,0.4362,0.4295,0.4309,1983497.0
1714694400,0.4315,0.4395,0.4285,0.4294,2011286.0
1714723200,0.4294,0.4478,0.4256,0.4465,3262607.0
1714752000,0.4466,0.4524,0.4455,0.4477,2277751.0
1714780800,0.4477,0.4504,0.4438,0.4451,2001425.0
1714809600,0.445,0.4532,0.4445,0.4509,3568820.0
1714838400,0.4509,0.4529,0.4459,0.4468,2035964.0
1714867200,0.4468,0.4481,0.4388,0.4447,2213781.0
1714896000,0.4442,0.4564,0.4412,0.4546,2453131.0
1714924800,0.4548,0.4567,0.4458,0.4474,2106295.0
1714953600,0.4474,0.455,0.4436,0.4546,1831364.0
1714982400,0.4545,0.4639,0.4401,0.4486,7371942.0
1715011200,0.4488,0.4498,0.4403,0.4404,2420787.0
1715040000,0.4404,0.4432,0.4303,0.4349,2988405.0
1715068800,0.4349,0.4449,0.4338,0.4404,2488494.0
1715097600,0.4402,0.4413,0.4276,0.4293,2466605.0
1715126400,0.4296,0.431,0.4221,0.4232,2273776.0
1715155200,0.4233,0.4321,0.4188,0.4287,4334458.0
1715184000,0.4285,0.4339,0.4236,0.4271,2439425.0
1715212800,0.427,0.4318,0.4215,0.4223,1742839.0
1715241600,0.4223,0.4342,0.4156,0.4331,2338405.0
1715270400,0.4331,0.4396,0.4281,0.4362,1976423.0
1715299200,0.4362,0.4427,0.4338,0.4412,1989381.0
1715328000,0.4412,0.443,0.4208,0.4235,3301570.0
1715356800,0.4234,0.4249,0.4106,0.413,3177657.0
1715385600,0.413,0.4211,0.4123,0.4196,1864965.0
1715414400,0.4198,0.4229,0.414,0.42,1592764.0
1715443200,0.4202,0.4214,0.4128,0.4144,1419196.0
1715472000,0.4144,0.4176,0.412,0.4128,907771.0
1715500800,0.4129,0.4188,0.4116,0.4159,1736254.0
1715529600,0.4158,0.4179,0.4038,0.4067,3250630.0
1715558400,0.4068,0.4102,0.3941,0.407,3672967.0
1715587200,0.407,0.4155,0.407,0.4114,2847173.0
1715616000,0.4115,0.415,0.4048,0.4061,1844739.0
1715644800,0.4061,0.4119,0.3991,0.4084,2406483.0
1715673600,0.4084,0.4118,0.4006,0.4083,2796769.0
1715702400,0.4084,0.4087,0.3986,0.4003,2662599.0
1715731200,0.4006,0.4067,0.3979,0.4054,1341795.0
1715760000,0.4054,0.4247,0.4012,0.4227,3797931.0
1715788800,0.4228,0.4356,0.4205,0.4304,2894071.0
1715817600,0.4304,0.4343,0.4286,0.4321,2098066.0
1715846400,0.4321,0.4336,0.4189,0.4273,3451996.0
1715875200,0.4274,0.4293,0.4228,0.4282,2004141.0
1715904000,0.4283,0.4382,0.4254,0.4374,1966609.0
1715932800,0.4375,0.4407,0.431,0.4403,2485031.0
1715961600,0.4402,0.4456,0.4344,0.4356,4046690.0
1715990400,0.4355,0.4369,0.433,0.435,1491836.0
1716019200,0.4351,0.4368,0.4292,0.4336,1925124.0
1716048000,0.4335,0.4368,0.4323,0.4361,1101042.0
1716076800,0.4362,0.4409,0.434,0.4368,1400052.0
1716105600,0.4367,0.4367,0.4243,0.4261,1561962.0
1716134400,0.4259,0.4264,0.4173,0.4203,2168239.0
1716163200,0.4202,0.456,0.4143,0.435,14382237.0
1716192000,0.435,0.4373,0.4277,0.4344,4256900.0
1716220800,0.4345,0.4671,0.4328,0.4655,9865531.0
1716249600,0.4656,0.4746,0.4603,0.4663,5177197.0
1716278400,0.4664,0.472,0.4607,0.4632,5536573.0
1716307200,0.4632,0.4742,0.4611,0.4677,3899501.0
1716336000,0.4679,0.4736,0.4579,0.4676,3045316.0
1716364800,0.4676,0.4712,0.4551,0.4647,3658363.0
1716393600,0.4647,0.469,0.4573,0.4609,2726108.0
1716422400,0.4612,0.4689,0.4577,0.4663,2335024.0
1716451200,0.4664,0.467,0.4401,0.4477,6840555.0
1716480000,0.4476,0.4501,0.423,0.449,6622442.0
1716508800,0.4488,0.4621,0.4426,0.4476,3608247.0
1716537600,0.4473,0.46,0.44,0.453,2821768.0
1716566400,0.4531,0.458,0.4489,0.4545,1253244.0
1716595200,0.4541,0.4613,0.4524,0.4563,1572896.0
1716624000,0.4565,0.462,0.4542,0.461,2890449.0
1716652800,0.4612,0.4656,0.459,0.4652,2006481.0
1716681600,0.465,0.4687,0.4562,0.4578,1457772.0
1716710400,0.4574,0.4586,0.4477,0.45,2821026.0
1716739200,0.4499,0.4527,0.4442,0.4471,1629083.0
1716768000,0.4468,0.453,0.4438,0.4458,1695120.0
1716796800,0.4458,0.4664,0.4454,0.4654,4740182.0
1716825600,0.4654,0.4768,0.4643,0.4689,4937241.0
1716854400,0.4691,0.4726,0.4478,0.4495,4018952.0
1716883200,0.4493,0.4579,0.446,0.4524,3917615.0
1716912000,0.4524,0.4611,0.4465,0.4548,2600362.0
1716940800,0.4548,0.4738,0.4494,0.4681,4085867.0
1716969600,0.468,0.4768,0.4589,0.4599,5375580.0
1716998400,0.4599,0.4675,0.4526,0.4532,3289328.0
1717027200,0.4531,0.4637,0.4414,0.4433,3800183.0
1717056000,0.4433,0.4546,0.4393,0.4518,2803086.0
1717084800,0.4518,0.4583,0.445,0.4453,2512469.0
1717113600,0.4452,0.4469,0.4388,0.441,2477126.0
1717142400,0.4411,0.4449,0.4324,0.4328,4745749.0
1717171200,0.4328,0.4476,0.4287,0.4445,5990771.0
1717200000,0.4445,0.4481,0.4422,0.4422,1923763.0
1717228800,0.4423,0.451,0.4421,0.4467,2653275.0
1717257600,0.4468,0.4532,0.4439,0.4496,2688315.0
1717286400,0.4496,0.4619,0.448,0.4537,2663749.0
1717315200,0.454,0.4573,0.4483,0.4551,2326023.0
1717344000,0.4552,0.4567,0.4413,0.4415,2923436.0
1717372800,0.4414,0.4763,0.4365,0.4675,7000137.0
1717401600,0.4678,0.4704,0.4567,0.4624,5027481.0
1717430400,0.4627,0.4652,0.45,0.4511,3945336.0
1717459200,0.451,0.4572,0.4481,0.4528,4578621.0
1717488000,0.4527,0.4663,0.4494,0.4616,5134586.0
1717516800,0.4616,0.4675,0.4597,0.4667,2695609.0
1717545600,0.4667,0.474,0.4666,0.4683,4068436.0
1717574400,0.4682,0.4743,0.4629,0.4729,3188315.0
1717603200,0.4729,0.475,0.4687,0.4718,2471184.0
1717632000,0.4718,0.4723,0.4664,0.4708,1899152.0
1717660800,0.4706,0.4865,0.4676,0.4832,7744756.0
1717689600,0.4831,0.4878,0.4709,0.4766,6120425.0
1717718400,0.4766,0.4786,0.4685,0.4705,3635869.0
1717747200,0.4706,0.4795,0.4616,0.4763,4002430.0
1717776000,0.4762,0.4779,0.4012,0.4366,12324650.0
1717804800,0.4366,0.4396,0.4323,0.4334,1603044.0
1717833600,0.4333,0.4333,0.4134,0.4137,5479334.0
1717862400,0.4137,0.4157,0.4077,0.4127,4416909.0
1717891200,0.4126,0.4184,0.4099,0.4175,2417811.0
1717920000,0.4175,0.4204,0.415,0.4198,1872326.0
1717948800,0.4198,0.4255,0.4184,0.4216,1599087.0
1717977600,0.4217,0.4241,0.4104,0.4112,1855020.0
1718006400,0.4115,0.4265,0.4115,0.4246,2543300.0
1718035200,0.4248,0.4253,0.412,0.4135,2862679.0
1718064000,0.4136,0.4144,0.3983,0.4011,4317722.0
1718092800,0.4012,0.4052,0.385,0.3901,4558645.0
1718121600,0.39,0.3994,0.3872,0.3932,2827786.0
1718150400,0.3933,0.3992,0.387,0.3977,1682168.0
1718179200,0.3976,0.4181,0.3963,0.4144,3727366.0
1718208000,0.4144,0.4187,0.404,0.4133,3751904.0
1718236800,0.4132,0.4144,0.398,0.4024,2679052.0
1718265600,0.4024,0.4073,0.3946,0.3957,2994340.0
1718294400,0.3957,0.4022,0.3929,0.3964,2203147.0
1718323200,0.3967,0.4014,0.3933,0.3996,1576427.0
1718352000,0.3996,0.4012,0.3897,0.392,1781516.0
1718380800,0.3922,0.3924,0.3737,0.3841,5685014.0
1718409600,0.384,0.3914,0.3832,0.389,741694.0
1718438400,0.3892,0.3931,0.3871,0.3911,812943.0
1718467200,0.3909,0.3921,0.3859,0.3886,783901.0
1718496000,0.3886,0.3897,0.382,0.3888,772829.0
1718524800,0.3883,0.391,0.3863,0.3893,1269205.0
1718553600,0.3893,0.3894,0.3834,0.3852,1435026.0
1718582400,0.3851,0.387,0.3648,0.369,4021035.0
1718611200,0.369,0.3707,0.3549,0.3573,4866912.0
1718640000,0.3572,0.3656,0.345,0.3504,4354626.0
1718668800,0.3504,0.3517,0.3053,0.3243,14442580.0
1718697600,0.3245,0.3274,0.3044,0.3183,8921792.0
1718726400,0.3183,0.3253,0.3111,0.3246,4337331.0
1718755200,0.3245,0.3348,0.321,0.3327,3463560.0
1718784000,0.3327,0.333,0.3264,0.3301,2039772.0
1718812800,0.33,0.3373,0.3288,0.3344,2689387.0
1718841600,0.3338,0.3451,0.332,0.3448,2847213.0
1718870400,0.3449,0.3476,0.3332,0.3343,2794481.0
1718899200,0.3341,0.3382,0.33,0.3349,2023784.0
1718928000,0.335,0.344,0.3314,0.3374,3254189.0
1718956800,0.3373,0.3434,0.3322,0.3392,3318221.0
1718985600,0.3389,0.3403,0.3308,0.3333,2752464.0
1719014400,0.3332,0.3342,0.3286,0.3307,1417017.0
1719043200,0.3309,0.3333,0.3274,0.3324,1504455.0
1719072000,0.3325,0.3348,0.3299,0.3303,1509558.0
1719100800,0.3304,0.3358,0.33,0.3335,1005317.0
1719129600,0.3335,0.3351,0.3253,0.3271,1424422.0
1719158400,0.3271,0.3284,0.3203,0.3253,2607762.0
1719187200,0.3252,0.3287,0.317,0.3182,3488057.0
1719216000,0.3181,0.327,0.3067,0.3224,5072531.0
1719244800,0.3224,0.3335,0.3192,0.3331,4416940.0
1719273600,0.3332,0.3388,0.3325,0.3348,1153235.0
1719302400,0.3348,0.3435,0.3334,0.3422,3160156.0
1719331200,0.3422,0.3431,0.3379,0.3389,1341083.0
1719360000,0.3387,0.3423,0.3352,0.3376,1515793.0
1719388800,0.3378,0.3407,0.3355,0.3373,1183829.0
1719417600,0.3373,0.341,0.3319,0.3361,1034933.0
1719446400,0.3361,0.3365,0.3321,0.3339,1046585.0
1719475200,0.3341,0.3454,0.3337,0.3423,2218553.0
1719504000,0.3423,0.3465,0.341,0.3454,1175980.0
1719532800,0.3453,0.3457,0.3362,0.338,1405317.0
1719561600,0.3379,0.3472,0.3374,0.3452,1601203.0
1719590400,0.3452,0.349,0.3392,0.3407,2006962.0
1719619200,0.3408,0.348,0.34,0.3425,1241387.0
1719648000,0.3424,0.3428,0.3368,0.338,1166062.0
1719676800,0.338,0.3381,0.3302,0.3307,1332086.0
1719705600,0.3307,0.3358,0.3276,0.3339,1592114.0
1719734400,0.3341,0.3363,0.3316,0.3357,3781776.0
1719763200,0.3359,0.3406,0.3319,0.3391,1371782.0
1719792000,0.3392,0.3456,0.3368,0.3412,1491185.0
1719820800,0.3413,0.3441,0.3335,0.3377,2202072.0
1719849600,0.3378,0.3454,0.3371,0.341,1695339.0
1719878400,0.3409,0.3486,0.3395,0.3454,1743845.0
1719907200,0.3454,0.3517,0.343,0.3444,1659337.0
1719936000,0.3444,0.3484,0.3399,0.3446,1189731.0
1719964800,0.3445,0.3463,0.3337,0.3399,1252482.0
1719993600,0.3398,0.3433,0.3303,0.3314,2569087.0
1720022400,0.3314,0.3322,0.3217,0.3236,1742403.0
1720051200,0.3237,0.3251,0.3069,0.3101,4370657.0
1720080000,0.3101,0.3114,0.2942,0.3021,4835612.0
1720108800,0.3023,0.3027,0.2891,0.2913,3256555.0
1720137600,0.2913,0.2914,0.2557,0.2676,13159596.0
1720166400,0.2675,0.2906,0.2587,0.2901,8389628.0
1720195200,0.29,0.298,0.2886,0.2912,2465325.0
1720224000,0.2912,0.3034,0.2898,0.3018,2948744.0
1720252800,0.3017,0.3095,0.2999,0.3078,2492349.0
1720281600,0.3077,0.3193,0.3072,0.3145,2242220.0
1720310400,0.3146,0.3153,0.3074,0.3103,1727254.0
1720339200,0.31,0.3145,0.3004,0.3032,2173588.0
1720368000,0.3033,0.3085,0.2931,0.2953,1972024.0
1720396800,0.2953,0.298,0.2814,0.2936,2971757.0
1720425600,0.2933,0.3147,0.2928,0.3022,5053190.0
1720454400,0.3021,0.3076,0.2991,0.304,1582047.0
1720483200,0.3038,0.3101,0.302,0.3067,2535129.0
1720512000,0.3065,0.3131,0.3041,0.309,1590177.0
1720540800,0.3089,0.3119,0.3073,0.3103,1024067.0
1720569600,0.3104,0.3195,0.3063,0.3156,1881005.0
1720598400,0.3156,0.3157,0.3068,0.3122,1705708.0
1720627200,0.3121,0.3144,0.309,0.3122,865420.0
1720656000,0.3121,0.3181,0.3101,0.3174,1116720.0
1720684800,0.3172,0.3263,0.3149,0.3166,3099573.0
1720713600,0.3164,0.3248,0.3115,0.3131,1862357.0
1720742400,0.3128,0.3186,0.3097,0.3166,1324396.0
1720771200,0.3165,0.3217,0.3112,0.3197,1797603.0
1720800000,0.3199,0.3262,0.3181,0.3248,1322884.0
1720828800,0.3249,0.3295,0.3222,0.3281,1280683.0
1720857600,0.3281,0.3321,0.3262,0.3321,1363369.0
1720886400,0.332,0.3367,0.3306,0.3348,2476329.0
1720915200,0.3342,0.3361,0.331,0.3326,1203185.0
1720944000,0.3326,0.3357,0.3282,0.3354,1382401.0
1720972800,0.3353,0.343,0.3308,0.3429,1425997.0
1721001600,0.3428,0.3474,0.3417,0.3448,1679210.0
1721030400,0.3448,0.3455,0.3395,0.3417,1916549.0
1721059200,0.3417,0.3629,0.3409,0.3617,3782097.0
1721088000,0.3617,0.3688,0.3518,0.3524,4333076.0
1721116800,0.3524,0.3649,0.3492,0.3639,2891605.0
1721145600,0.3639,0.3687,0.3583,0.3599,1981593.0
1721174400,0.3599,0.3693,0.3599,0.3684,2087724.0
1721203200,0.3685,0.3717,0.3633,0.3635,2593868.0
1721232000,0.3635,0.3636,0.3559,0.3576,1555205.0
1721260800,0.3583,0.3712,0.358,0.3648,2120822.0
1721289600,0.3649,0.3659,0.3356,0.3375,14951302.0
1721318400,0.3374,0.3403,0.332,0.3388,3102533.0
1721347200,0.3388,0.3482,0.3327,0.3411,2703410.0
1721376000,0.3412,0.3505,0.3379,0.3505,2279192.0
1721404800,0.3504,0.3634,0.3504,0.3584,3107098.0
1721433600,0.3582,0.3616,0.3551,0.3597,1534494.0
1721462400,0.3595,0.3645,0.3561,0.3642,2510714.0
1721491200,0.3642,0.3642,0.3557,0.3571,2123777.0
1721520000,0.3574,0.3616,0.3509,0.3529,1069733.0
1721548800,0.3528,0.3566,0.3477,0.3539,2684658.0
1721577600,0.3541,0.3648,0.3404,0.3631,4051364.0
1721606400,0.3632,0.3653,0.3448,0.3476,2035474.0
1721635200,0.3475,0.3525,0.3434,0.3457,2252646.0
1721664000,0.3458,0.3501,0.3411,0.3437,1473072.0
1721692800,0.3435,0.3519,0.3366,0.3389,1767653.0
1721721600,0.3388,0.3469,0.3352,0.3372,2728353.0
1721750400,0.3371,0.3372,0.325,0.3314,2878209.0
1721779200,0.3314,0.336,0.3284,0.3359,1649186.0
1721808000,0.3358,0.3416,0.3346,0.336,2910797.0
1721836800,0.3359,0.3401,0.3257,0.3279,1995638.0
1721865600,0.3277,0.3295,0.3125,0.3178,4431405.0
1721894400,0.3177,0.3214,0.3124,0.3183,1487273.0
1721923200,0.3183,0.323,0.3104,0.321,2091911.0
1721952000,0.3209,0.3315,0.3201,0.3295,1286348.0
1721980800,0.3294,0.3342,0.3285,0.3316,1502345.0
1722009600,0.3318,0.3425,0.3318,0.3424,1905480.0
1722038400,0.3425,0.3501,0.3416,0.3465,1918187.0
1722067200,0.3466,0.3527,0.3445,0.3473,2686509.0
1722096000,0.3473,0.3527,0.3427,0.3488,2971868.0
1722124800,0.3487,0.3495,0.3396,0.3432,1609487.0
1722153600,0.3433,0.346,0.3399,0.3411,1028752.0
1722182400,0.3411,0.3425,0.3348,0.3363,1484122.0
1722211200,0.3363,0.3483,0.336,0.3449,2568308.0
1722240000,0.3447,0.3472,0.3327,0.336,2706897.0
1722268800,0.3359,0.3373,0.3298,0.3323,1967757.0
1722297600,0.3321,0.3417,0.3292,0.3416,1135563.0
1722326400,0.3415,0.3425,0.3346,0.3376,1771202.0
1722355200,0.3376,0.3394,0.3232,0.3299,1513353.0
1722384000,0.3299,0.336,0.3253,0.3324,1380150.0
1722412800,0.3325,0.3338,0.3274,0.3281,1135985.0
1722441600,0.3282,0.3302,0.308,0.3118,11718477.0
1722470400,0.3117,0.3154,0.3046,0.3105,2842937.0
1722499200,0.3106,0.3137,0.3001,0.3014,2754237.0
1722528000,0.3014,0.3125,0.2897,0.3093,4777153.0
1722556800,0.3093,0.3115,0.297,0.3011,5034319.0
1722585600,0.301,0.3081,0.2826,0.2932,8559116.0
1722614400,0.293,0.2941,0.2839,0.287,2453717.0
1722643200,0.2868,0.2931,0.2787,0.292,2391275.0
1722672000,0.292,0.2979,0.283,0.2838,1830420.0
1722700800,0.2838,0.2853,0.2683,0.2776,6226233.0
1722729600,0.2776,0.2846,0.2767,0.2792,1247075.0
1722758400,0.2794,0.2817,0.2676,0.268,3712473.0
1722787200,0.2682,0.2754,0.2557,0.2669,7450758.0
1722816000,0.267,0.2701,0.2161,0.2391,26088107.0
1722844800,0.239,0.2588,0.2213,0.2583,13187717.0
1722873600,0.2579,0.2622,0.2478,0.2534,5091078.0
1722902400,0.2535,0.2674,0.2529,0.2653,3210023.0
1722931200,0.2652,0.2676,0.254,0.2657,3465537.0
1722960000,0.2656,0.2684,0.2622,0.265,2054242.0
1722988800,0.2649,0.2715,0.2626,0.2673,1642585.0
1723017600,0.2671,0.2703,0.255,0.2575,3020674.0
1723046400,0.2575,0.2578,0.2497,0.255,2979844.0
1723075200,0.2549,0.2677,0.2493,0.2638,1809174.0
1723104000,0.264,0.2717,0.2617,0.2708,2363062.0
1723132800,0.2711,0.2804,0.2701,0.279,2114714.0
1723161600,0.2789,0.2789,0.2721,0.2763,1245150.0
1723190400,0.2763,0.2796,0.2714,0.2731,2458484.0
1723219200,0.273,0.2783,0.272,0.2782,1991068.0
1723248000,0.278,0.2816,0.2734,0.2784,1881016.0
1723276800,0.2783,0.2826,0.2769,0.2805,2589875.0
1723305600,0.28,0.2865,0.2792,0.2825,3300188.0
1723334400,0.2824,0.2844,0.2797,0.2807,1257484.0
1723363200,0.2808,0.2836,0.2709,0.272,1885383.0
1723392000,0.2717,0.2743,0.2622,0.2636,1964532.0
1723420800,0.2636,0.2701,0.2623,0.2695,1292978.0
1723449600,0.2693,0.2809,0.2665,0.2801,2737269.0
1723478400,0.2801,0.2817,0.2743,0.2799,1467614.0
1723507200,0.2798,0.2803,0.2724,0.2757,1452086.0
1723536000,0.2759,0.277,0.2702,0.2769,1503685.0
1723564800,0.2765,0.2884,0.2765,0.2825,2727272.0
1723593600,0.2825,0.2831,0.2773,0.2777,797415.0
1723622400,0.2777,0.2818,0.2687,0.2754,2098677.0
1723651200,0.2755,0.2759,0.2706,0.2733,912869.0
1723680000,0.273,0.2774,0.2722,0.2769,1111967.0
1723708800,0.2767,0.2833,0.2749,0.2794,3221240.0
1723737600,0.2795,0.2811,0.2653,0.2685,2875659.0
1723766400,0.2682,0.2714,0.2655,0.2701,888687.0
1723795200,0.27,0.2704,0.2588,0.2609,2003331.0
1723824000,0.2609,0.2683,0.2604,0.2628,1853163.0
1723852800,0.263,0.2637,0.261,0.2635,1776421.0
1723881600,0.2635,0.2641,0.2581,0.2627,2774510.0
1723910400,0.2627,0.2662,0.2624,0.266,947579.0
1723939200,0.2659,0.2672,0.2629,0.2646,973540.0
1723968000,0.2646,0.2747,0.2622,0.2703,4128764.0
1723996800,0.2702,0.2718,0.265,0.2651,1929819.0
1724025600,0.2653,0.2661,0.2604,0.2642,2766888.0
1724054400,0.2643,0.2665,0.26,0.2636,2185676.0
1724083200,0.2636,0.2702,0.2604,0.2698,1855229.0
1724112000,0.2697,0.2742,0.2678,0.273,1692427.0
1724140800,0.273,0.275,0.2644,0.2668,2405636.0
1724169600,0.2666,0.2715,0.2655,0.2694,1160286.0
1724198400,0.2694,0.2744,0.2673,0.2742,1420972.0
1724227200,0.2741,0.2758,0.2684,0.2747,2402090.0
1724256000,0.2748,0.2917,0.2735,0.2845,4046997.0
1724284800,0.2845,0.2852,0.2788,0.2824,1313529.0
1724313600,0.2825,0.2868,0.2816,0.283,1664659.0
1724342400,0.283,0.2878,0.2828,0.2876,2351295.0
1724371200,0.2877,0.2974,0.2866,0.2971,2458621.0
1724400000,0.2971,0.3021,0.2932,0.3001,2167699.0
1724428800,0.3,0.3127,0.2998,0.3086,3439346.0
1724457600,0.3088,0.3117,0.3054,0.3073,1418790.0
1724486400,0.3072,0.3179,0.307,0.3152,2891383.0
1724515200,0.315,0.3222,0.3106,0.3167,2849241.0
1724544000,0.3165,0.3174,0.3024,0.3042,2467459.0
1724572800,0.3041,0.3133,0.3019,0.3106,1804829.0
1724601600,0.311,0.3133,0.3061,0.3074,1106515.0
1724630400,0.3076,0.3104,0.3011,0.3024,1566361.0
1724659200,0.3026,0.3053,0.2935,0.2955,2592121.0
1724688000,0.2953,0.297,0.2882,0.2899,2384596.0
1724716800,0.2899,0.2974,0.2899,0.2943,1583746.0
1724745600,0.2943,0.2949,0.2862,0.29,2457881.0
1724774400,0.2897,0.2949,0.2722,0.2786,3582019.0
1724803200,0.2784,0.2793,0.2746,0.2749,1839799.0
1724832000,0.275,0.2865,0.2731,0.2773,2539862.0
1724860800,0.2764,0.2816,0.2678,0.2749,2870204.0
1724889600,0.275,0.2795,0.2742,0.2784,1192154.0
1724918400,0.2782,0.2829,0.2763,0.2811,2364624.0
1724947200,0.2811,0.2821,0.2685,0.2725,1441510.0
1724976000,0.2723,0.2792,0.271,0.2769,1084066.0
1725004800,0.2769,0.2824,0.2653,0.266,3135969.0
1725033600,0.2661,0.2761,0.2638,0.2725,5338531.0
1725062400,0.2724,0.2746,0.2713,0.2721,928412.0
1725091200,0.272,0.2725,0.2686,0.2704,1039252.0
1725120000,0.2705,0.271,0.2663,0.2696,920121.0
1725148800,0.2697,0.2698,0.2624,0.2673,715863.0
1725177600,0.2676,0.268,0.2594,0.2651,1879242.0
1725206400,0.2652,0.2664,0.2524,0.2538,2415000.0
1725235200,0.2537,0.2584,0.253,0.254,1574670.0
1725264000,0.2537,0.2655,0.2537,0.263,2046095.0
1725292800,0.2628,0.2678,0.2605,0.2653,1525484.0
1725321600,0.2652,0.2683,0.2645,0.2668,1111046.0
1725350400,0.2668,0.2668,0.2545,0.255,2210038.0
1725379200,0.2547,0.2604,0.2541,0.2551,1477723.0
1725408000,0.2554,0.2605,0.242,0.2589,3166886.0
1725436800,0.2591,0.2649,0.2544,0.2637,2146764.0
1725465600,0.2637,0.2678,0.2621,0.2648,1382279.0
1725494400,0.2648,0.2666,0.259,0.2637,1347342.0
1725523200,0.2636,0.265,0.2563,0.2581,1565653.0
1725552000,0.2583,0.2605,0.2545,0.2583,1344230.0
1725580800,0.2579,0.2617,0.2536,0.2569,1167223.0
1725609600,0.2569,0.2627,0.2507,0.2541,2944549.0
1725638400,0.254,0.2545,0.2388,0.2485,4620661.0
1725667200,0.2485,0.2553,0.2475,0.2552,730168.0
1725696000,0.2552,0.2599,0.2547,0.2584,1179732.0
1725724800,0.2586,0.259,0.2521,0.2545,1438682.0
1725753600,0.2547,0.2597,0.2534,0.2592,818026.0
1725782400,0.2592,0.2608,0.2542,0.2544,1735628.0
1725811200,0.2545,0.2616,0.2533,0.258,1219714.0
1725840000,0.2583,0.2629,0.257,0.2627,1257397.0
1725868800,0.2627,0.2663,0.2608,0.265,1515442.0
1725897600,0.2649,0.2721,0.2646,0.2676,2417031.0
1725926400,0.2676,0.2679,0.2638,0.2668,2202862.0
1725955200,0.2668,0.2676,0.2638,0.2652,1633475.0
1725984000,0.2651,0.2722,0.265,0.27,1683096.0
1726012800,0.2702,0.2705,0.2604,0.2636,1851371.0
1726041600,0.2635,0.2674,0.2578,0.264,2316421.0
1726070400,0.2638,0.2686,0.2635,0.2666,1188682.0
1726099200,0.2665,0.2725,0.2665,0.2714,1115337.0
1726128000,0.2715,0.2764,0.269,0.2695,2312147.0
1726156800,0.2694,0.277,0.2694,0.2764,1819678.0
1726185600,0.2766,0.2775,0.2738,0.2759,652600.0
1726214400,0.2759,0.2808,0.2736,0.2807,1534526.0
1726243200,0.2808,0.283,0.2789,0.2805,1895999.0
1726272000,0.2807,0.2812,0.2756,0.2767,780074.0
1726300800,0.2768,0.277,0.2712,0.2742,1399271.0
1726329600,0.2743,0.2754,0.2713,0.275,1060576.0
1726358400,0.2749,0.2779,0.2746,0.2775,684389.0
1726387200,0.2776,0.2789,0.2751,0.2785,1113711.0
1726416000,0.2784,0.2785,0.2665,0.2692,1709632.0
1726444800,0.269,0.2704,0.2619,0.2701,1539874.0
1726473600,0.2699,0.2712,0.2624,0.2641,1580043.0
1726502400,0.2641,0.2658,0.2605,0.2646,1606376.0
1726531200,0.2645,0.2696,0.2621,0.2683,901065.0
1726560000,0.2684,0.2779,0.2682,0.2771,1952184.0
1726588800,0.2772,0.2783,0.2724,0.2767,1451849.0
1726617600,0.277,0.28,0.2747,0.2776,1264372.0
1726646400,0.2775,0.2777,0.2663,0.267,1814597.0
1726675200,0.2668,0.2839,0.2654,0.2837,3403445.0
1726704000,0.2838,0.2899,0.2837,0.2897,2279769.0
1726732800,0.2898,0.2928,0.2866,0.2914,2551271.0
1726761600,0.2914,0.295,0.2886,0.2907,2636537.0
1726790400,0.2909,0.3011,0.2886,0.2992,2376643.0
1726819200,0.2993,0.2997,0.2939,0.2965,2097891.0
1726848000,0.2967,0.2974,0.2908,0.2969,1394256.0
1726876800,0.2967,0.2996,0.2951,0.2996,1103337.0
1726905600,0.2994,0.3098,0.2981,0.3083,2171476.0
1726934400,0.3082,0.318,0.3082,0.317,2904428.0
1726963200,0.317,0.3185,0.3078,0.3087,2540242.0
1726992000,0.3088,0.3105,0.3025,0.3039,1984287.0
1727020800,0.3037,0.3085,0.2985,0.3062,2727527.0
1727049600,0.306,0.3135,0.2995,0.3082,2484709.0
1727078400,0.3084,0.3091,0.3031,0.3054,2971132.0
1727107200,0.3056,0.3085,0.3022,0.3081,1587858.0
1727136000,0.3081,0.3118,0.302,0.3101,1764686.0
1727164800,0.3103,0.3123,0.3032,0.3075,2484951.0
1727193600,0.3075,0.3165,0.3064,0.3155,3029581.0
1727222400,0.3156,0.32,0.3097,0.3129,2341981.0
1727251200,0.3129,0.3182,0.3126,0.3134,2938023.0
1727280000,0.3133,0.317,0.3086,0.3097,2683862.0
1727308800,0.3098,0.3201,0.3042,0.3194,2054605.0
1727337600,0.3193,0.3247,0.3156,0.3235,3898996.0
1727366400,0.3236,0.3264,0.317,0.3231,2070880.0
1727395200,0.3234,0.3332,0.3225,0.3296,2719526.0
1727424000,0.3295,0.3355,0.3262,0.3327,4105042.0
1727452800,0.3326,0.3365,0.3312,0.3351,2623365.0
1727481600,0.3352,0.3381,0.328,0.3285,2013584.0
1727510400,0.3284,0.3308,0.3214,0.3271,1993908.0
1727539200,0.3271,0.3291,0.3228,0.3275,864035.0
1727568000,0.3274,0.3282,0.3178,0.3184,2140394.0
1727596800,0.3186,0.324,0.3169,0.3228,2026018.0
1727625600,0.3228,0.3281,0.32,0.3219,6118256.0
1727654400,0.3219,0.3269,0.3164,0.3259,2916619.0
1727683200,0.3257,0.3263,0.3056,0.3059,3802304.0
1727712000,0.3058,0.3092,0.2979,0.302,2753317.0
1727740800,0.302,0.3145,0.3003,0.3136,1636443.0
1727769600,0.3133,0.314,0.2837,0.292,4986197.0
1727798400,0.292,0.2935,0.2718,0.2797,6684941.0
1727827200,0.2795,0.2904,0.2782,0.2885,3460471.0
1727856000,0.2884,0.2885,0.2761,0.2817,3735104.0
1727884800,0.2817,0.2845,0.2691,0.2739,4141675.0
1727913600,0.2739,0.2843,0.2717,0.2761,4462070.0
1727942400,0.2761,0.2765,0.2668,0.2716,4148989.0
1727971200,0.2715,0.2785,0.2674,0.2778,2610751.0
1728000000,0.2775,0.2831,0.2754,0.2819,1378991.0
1728028800,0.2819,0.2878,0.2797,0.2875,4924227.0
1728057600,0.2876,0.2983,0.2862,0.2942,2758894.0
1728086400,0.2943,0.3017,0.2925,0.2968,1681938.0
1728115200,0.2968,0.2989,0.2937,0.2946,1274700.0
1728144000,0.2945,0.2949,0.2897,0.2947,1354703.0
1728172800,0.2947,0.2957,0.2917,0.2929,607287.0
1728201600,0.2929,0.2977,0.2919,0.2972,833289.0
1728230400,0.297,0.2981,0.2912,0.2957,938812.0
1728259200,0.2958,0.3043,0.294,0.3004,1522069.0
1728288000,0.3005,0.3027,0.293,0.2975,2058749.0
1728316800,0.2973,0.2992,0.2897,0.291,2352092.0
1728345600,0.2911,0.2947,0.2882,0.29,1947982.0
1728374400,0.29,0.2944,0.2854,0.2877,2284607.0
1728403200,0.2877,0.2895,0.2839,0.2857,1662206.0
1728432000,0.2857,0.2889,0.2839,0.286,1208040.0
1728460800,0.2857,0.2862,0.2779,0.2823,2571976.0
1728489600,0.2824,0.2827,0.2742,0.2788,1838582.0
1728518400,0.2788,0.2827,0.2768,0.2803,891904.0
1728547200,0.2804,0.2825,0.2752,0.2801,2152731.0
1728576000,0.2801,0.2819,0.2719,0.2819,2003913.0
1728604800,0.2818,0.2877,0.2807,0.2876,1335368.0
1728633600,0.2875,0.2922,0.2854,0.2915,1488746.0
1728662400,0.2918,0.2961,0.2909,0.2941,1643672.0
1728691200,0.2943,0.2994,0.2942,0.2988,1035542.0
1728720000,0.2989,0.3022,0.2983,0.3002,1454037.0
1728748800,0.3002,0.3013,0.298,0.2982,841275.0
1728777600,0.2982,0.3016,0.2953,0.3008,1312967.0
1728806400,0.3007,0.3013,0.2904,0.2916,1433982.0
1728835200,0.2917,0.2986,0.2915,0.2956,1098196.0
1728864000,0.2956,0.302,0.2919,0.3015,2308736.0
1728892800,0.3014,0.3073,0.2988,0.3061,3030248.0
1728921600,0.306,0.3115,0.3046,0.3099,3136675.0
1728950400,0.3101,0.3112,0.304,0.3057,1790165.0
1728979200,0.3058,0.3112,0.2937,0.3004,4719064.0
1729008000,0.3004,0.3083,0.2988,0.3056,2190189.0
1729036800,0.3057,0.3062,0.2974,0.2986,2085181.0
1729065600,0.2985,0.3063,0.298,0.3032,3491650.0
1729094400,0.3032,0.31,0.3015,0.3062,3828139.0
1729123200,0.3063,0.3121,0.2995,0.3013,2760904.0
1729152000,0.3011,0.3018,0.293,0.2965,2350011.0
1729180800,0.2966,0.2968,0.2895,0.2939,2156165.0
1729209600,0.2938,0.304,0.2922,0.3032,1913751.0
1729238400,0.3032,0.3035,0.2984,0.3028,1370001.0
1729267200,0.3028,0.344,0.3015,0.3372,24845251.0
1729296000,0.3372,0.3482,0.3352,0.3382,19991727.0
1729324800,0.3384,0.3392,0.3246,0.3267,8784375.0
1729353600,0.3266,0.3273,0.3216,0.3249,4730442.0
1729382400,0.325,0.3286,0.3199,0.3268,4999967.0
1729411200,0.3268,0.3339,0.3255,0.3285,7907194.0
1729440000,0.3287,0.3314,0.3273,0.3293,3953492.0
1729468800,0.3294,0.3405,0.3254,0.3296,6143121.0
1729497600,0.3298,0.3342,0.31,0.3186,7601858.0
1729526400,0.3184,0.3196,0.3139,0.3159,3236636.0
1729555200,0.316,0.322,0.3108,0.3194,2300838.0
1729584000,0.3193,0.3205,0.3111,0.3195,4208665.0
1729612800,0.3194,0.3311,0.3142,0.3296,8527451.0
1729641600,0.3296,0.331,0.3166,0.3182,3502775.0
1729670400,0.3178,0.3186,0.3069,0.3084,4299863.0
1729699200,0.3082,0.3117,0.3025,0.3109,3460259.0
1729728000,0.3106,0.3172,0.3093,0.3146,1594289.0
1729756800,0.3145,0.3207,0.3093,0.3195,3280170.0
1729785600,0.3195,0.3207,0.3108,0.3118,4585275.0
1729814400,0.3119,0.3128,0.3004,0.3026,2276740.0
1729843200,0.3026,0.3093,0.2996,0.3039,3466762.0
1729872000,0.3038,0.3079,0.2747,0.2846,6695090.0
1729900800,0.2846,0.2904,0.279,0.2878,3328695.0
1729929600,0.2878,0.29,0.2781,0.2802,2449757.0
1729958400,0.28,0.2892,0.2787,0.2874,1590225.0
1729987200,0.2876,0.289,0.2858,0.2872,1276540.0
1730016000,0.2872,0.298,0.286,0.2952,2286167.0
1730044800,0.2951,0.2966,0.291,0.2919,1688722.0
1730073600,0.2919,0.2923,0.2818,0.2888,1799678.0
1730102400,0.2888,0.2905,0.2852,0.2868,2958701.0
1730131200,0.2867,0.301,0.2838,0.2976,3456949.0
1730160000,0.2976,0.3041,0.2966,0.301,1718479.0
1730188800,0.301,0.3053,0.301,0.3051,2320261.0
1730217600,0.3052,0.3139,0.3052,0.3107,3853836.0
1730246400,0.3107,0.3115,0.3068,0.3079,1594552.0
1730275200,0.3078,0.309,0.3004,0.3044,2222007.0
1730304000,0.3041,0.3073,0.3022,0.305,1556351.0
1730332800,0.3047,0.305,0.2975,0.298,1556840.0
1730361600,0.298,0.2996,0.29,0.2929,2813014.0
1730390400,0.2928,0.2928,0.2851,0.2885,2466285.0
1730419200,0.2883,0.2888,0.2816,0.2833,1756431.0
1730448000,0.2833,0.2949,0.283,0.286,2560447.0
1730476800,0.286,0.2911,0.2845,0.2881,1426343.0
1730505600,0.2881,0.2908,0.2863,0.2877,678489.0
1730534400,0.2875,0.288,0.2797,0.281,1583264.0
1730563200,0.281,0.2824,0.2785,0.2821,806879.0
1730592000,0.2822,0.2831,0.2702,0.2773,2332184.0
1730620800,0.2773,0.2777,0.2613,0.2659,4263369.0
1730649600,0.2656,0.2723,0.2628,0.2699,2115724.0
1730678400,0.2699,0.2738,0.2659,0.2686,1223819.0
1730707200,0.2687,0.2731,0.2667,0.2687,2387030.0
1730736000,0.2687,0.2687,0.2582,0.2642,3050339.0
1730764800,0.2641,0.2709,0.2637,0.27,1908940.0
1730793600,0.2698,0.2763,0.2673,0.2723,4149121.0
1730822400,0.2723,0.277,0.2685,0.2731,2798669.0
1730851200,0.273,0.299,0.273,0.2947,9572092.0
1730880000,0.2948,0.2989,0.2883,0.2946,5462887.0
1730908800,0.2946,0.3022,0.2935,0.2997,3089361.0
1730937600,0.2998,0.3077,0.2966,0.2994,3742660.0
1730966400,0.2994,0.3024,0.2957,0.3023,3516046.0
1730995200,0.3024,0.3049,0.2987,0.3013,3565205.0
1731024000,0.3016,0.3045,0.297,0.302,2610560.0
1731052800,0.3018,0.3128,0.2984,0.3096,4812308.0
1731081600,0.3095,0.3133,0.3034,0.3119,5616314.0
1731110400,0.3121,0.3149,0.3067,0.3118,3109283.0
1731139200,0.3119,0.3189,0.3109,0.3147,4480499.0
1731168000,0.3145,0.3231,0.3085,0.3229,3712294.0
1731196800,0.3227,0.3378,0.3174,0.3362,8489420.0
1731225600,0.3364,0.3524,0.3364,0.3496,10708744.0
1731254400,0.3496,0.361,0.3304,0.3494,13891380.0
1731283200,0.3493,0.3637,0.341,0.3471,10711988.0
1731312000,0.3471,0.3534,0.3407,0.3466,8768970.0
1731340800,0.3467,0.3637,0.3466,0.3633,13695886.0
1731369600,0.3633,0.3839,0.3503,0.3791,14954663.0
1731398400,0.3787,0.397,0.3493,0.3539,24597823.0
1731427200,0.3542,0.3681,0.3451,0.3611,9119621.0
1731456000,0.3611,0.3693,0.3303,0.3391,9948647.0
1731484800,0.3391,0.3565,0.3285,0.3558,10428113.0
1731513600,0.3558,0.3583,0.3199,0.3354,15388097.0
1731542400,0.3354,0.3477,0.3275,0.3406,8666688.0
1731571200,0.3406,0.3418,0.3177,0.3208,10233256.0
1731600000,0.3208,0.3357,0.318,0.3266,8192008.0
1731628800,0.3265,0.3382,0.3206,0.3334,5817281.0
1731657600,0.3335,0.3486,0.3304,0.334,9175979.0
1731686400,0.3338,0.3488,0.3314,0.3486,11081292.0
1731715200,0.3486,0.3614,0.3464,0.3607,4979237.0
1731744000,0.3608,0.4579,0.3593,0.4015,101741334.0
1731772800,0.4015,0.4443,0.3971,0.4356,40186575.0
1731801600,0.4358,0.4363,0.3967,0.4033,18618528.0
1731830400,0.4033,0.4107,0.395,0.3978,11062723.0
1731859200,0.3979,0.4018,0.3826,0.392,8856712.0
1731888000,0.3918,0.4191,0.387,0.4177,9993840.0
1731916800,0.4176,0.4193,0.3969,0.417,12445459.0
1731945600,0.4171,0.4295,0.4053,0.4151,12340604.0
1731974400,0.4152,0.4218,0.4041,0.4066,4989352.0
1732003200,0.4067,0.4123,0.3978,0.4052,7694645.0
1732032000,0.4054,0.4107,0.3929,0.4084,4929557.0
1732060800,0.4082,0.4082,0.3859,0.4006,4547707.0
1732089600,0.4006,0.4167,0.3963,0.4087,7241741.0
1732118400,0.4086,0.4097,0.3817,0.3957,8024442.0
1732147200,0.3956,0.4094,0.3842,0.3982,9096359.0
1732176000,0.398,0.4145,0.3873,0.4015,10178046.0
1732204800,0.4016,0.4152,0.4015,0.4138,5669621.0
1732233600,0.4139,0.4329,0.4043,0.4226,11011296.0
1732262400,0.4225,0.4344,0.4101,0.4269,14706457.0
1732291200,0.4269,0.4562,0.4221,0.4537,16307217.0
1732320000,0.4537,0.4951,0.4484,0.494,26684888.0
1732348800,0.494,0.527,0.4809,0.5232,31186847.0
1732377600,0.5232,0.5566,0.4955,0.5274,43870567.0
1732406400,0.5273,0.728,0.5168,0.6644,104469794.0
1732435200,0.6645,0.7113,0.5559,0.5592,99116444.0
1732464000,0.5593,0.7756,0.556,0.7263,92539569.0
1732492800,0.7266,0.782,0.647,0.6831,118421998.0
1732521600,0.683,0.7061,0.6398,0.6634,42186058.0
1732550400,0.6633,0.6695,0.6155,0.6291,25483538.0
1732579200,0.6288,0.6399,0.604,0.6074,20992846.0
1732608000,0.6073,0.6103,0.5617,0.5774,30076712.0
1732636800,0.5773,0.5951,0.5655,0.5844,17102500.0
1732665600,0.5842,0.5989,0.5627,0.5979,13509169.0
1732694400,0.5978,0.6128,0.5747,0.6104,21326628.0
1732723200,0.6105,0.6248,0.6025,0.6088,16474369.0
1732752000,0.6089,0.6089,0.5811,0.5914,11254045.0
1732780800,0.5913,0.5973,0.5784,0.5803,9269864.0
1732809600,0.5802,0.6248,0.5797,0.6198,11254632.0
1732838400,0.6198,0.6524,0.6077,0.6082,29311525.0
1732867200,0.6083,0.6409,0.6083,0.635,14047151.0
1732896000,0.635,0.6481,0.6238,0.6428,9610716.0
1732924800,0.6427,0.6463,0.6205,0.6433,12644136.0
1732953600,0.6434,0.6673,0.6224,0.6494,19644450.0
1732982400,0.6492,0.6677,0.6381,0.6505,11299038.0
1733011200,0.6506,0.6568,0.6176,0.6337,10513004.0
1733040000,0.6336,0.6565,0.6281,0.6479,11305175.0
1733068800,0.6479,0.6597,0.6298,0.6513,11468307.0
1733097600,0.6513,0.6569,0.618,0.6361,17099593.0
1733126400,0.6361,0.6406,0.596,0.6361,20196488.0
1733155200,0.6359,0.6834,0.6117,0.6724,24077882.0
1733184000,0.6725,0.7726,0.6713,0.6969,69339129.0
1733212800,0.6971,0.7214,0.6264,0.6563,41787557.0
1733241600,0.6566,0.7116,0.6533,0.6992,24688101.0
1733270400,0.6994,0.7164,0.6832,0.7116,23487890.0
1733299200,0.7116,0.824,0.7049,0.7896,73089542.0
1733328000,0.7895,0.8556,0.7514,0.7798,76269042.0
1733356800,0.7796,0.7887,0.7258,0.7749,33629945.0
1733385600,0.7749,0.7915,0.7562,0.7757,24911046.0
1733414400,0.7758,0.7961,0.733,0.7415,23169649.0
1733443200,0.7416,0.7785,0.7405,0.7681,18103518.0
1733472000,0.7681,0.7744,0.7167,0.7496,20481612.0
1733500800,0.7495,0.7831,0.7482,0.7736,12312200.0
1733529600,0.7736,0.7815,0.7501,0.7557,9128974.0
1733558400,0.7557,0.7626,0.7407,0.7569,8627737.0
1733587200,0.757,0.7622,0.7361,0.7551,8828000.0
1733616000,0.7555,0.7736,0.7312,0.7509,10625788.0
1733644800,0.7508,0.7513,0.7231,0.7394,7959801.0
1733673600,0.7394,0.7445,0.7274,0.7407,5244503.0
1733702400,0.7407,0.7407,0.6901,0.7024,10987805.0
1733731200,0.7025,0.706,0.6651,0.6838,15129376.0
1733760000,0.684,0.6936,0.5236,0.6026,39034351.0
1733788800,0.6025,0.6143,0.5529,0.6017,17517620.0
1733817600,0.6013,0.6208,0.5518,0.5526,16641796.0
1733846400,0.5529,0.5991,0.5291,0.5928,21073735.0
1733875200,0.5928,0.6001,0.5666,0.5845,8966993.0
1733904000,0.5849,0.6554,0.5844,0.6468,13688404.0
1733932800,0.647,0.668,0.6319,0.6541,8646258.0
1733961600,0.654,0.6881,0.6437,0.6662,9478953.0
1733990400,0.6663,0.6768,0.6437,0.6563,11199263.0
1734019200,0.6563,0.6667,0.6283,0.6406,9427642.0
1734048000,0.6405,0.6464,0.6203,0.6293,5750775.0
1734076800,0.6288,0.652,0.6251,0.63,8417990.0
1734105600,0.6294,0.6498,0.628,0.6445,6284547.0
1734134400,0.6445,0.6509,0.6297,0.6327,3646131.0
1734163200,0.6327,0.6392,0.6036,0.61,5863871.0
1734192000,0.6099,0.6141,0.5948,0.607,5434701.0
1734220800,0.607,0.6183,0.5946,0.5984,3862785.0
1734249600,0.5982,0.6416,0.5981,0.6304,5628352.0
1734278400,0.6307,0.6362,0.6045,0.6314,6388344.0
1734307200,0.6315,0.645,0.609,0.6151,6487211.0
1734336000,0.6148,0.615,0.5876,0.603,6889686.0
1734364800,0.603,0.6231,0.6012,0.6025,5812366.0
1734393600,0.6025,0.6035,0.5874,0.5923,4376995.0
1734422400,0.5926,0.6159,0.5818,0.5867,6951326.0
1734451200,0.5863,0.6056,0.5661,0.5743,6046697.0
1734480000,0.5743,0.5777,0.5545,0.5601,5373273.0
1734508800,0.5601,0.5754,0.552,0.5521,6106971.0
1734537600,0.5522,0.5804,0.51,0.5185,17846953.0
1734566400,0.5184,0.5283,0.4874,0.5213,10840257.0
1734595200,0.5213,0.5376,0.5051,0.5165,7344135.0
1734624000,0.5163,0.521,0.4618,0.4817,21519370.0
1734652800,0.482,0.507,0.4733,0.4881,7149393.0
1734681600,0.488,0.4888,0.4159,0.4775,26912827.0
1734710400,0.4774,0.5114,0.4727,0.5053,10703015.0
1734739200,0.5055,0.5282,0.4985,0.5215,9163339.0
1734768000,0.5216,0.5236,0.4696,0.4819,9620301.0
1734796800,0.4819,0.4827,0.4604,0.4692,6926449.0
1734825600,0.4696,0.4762,0.4557,0.4681,5610566.0
1734854400,0.4682,0.491,0.4682,0.4725,7153306.0
1734883200,0.4727,0.4838,0.4566,0.4735,6358901.0
1734912000,0.4734,0.4929,0.4596,0.4764,7614697.0
1734940800,0.4762,0.4875,0.4608,0.4632,9678014.0
1734969600,0.4633,0.5167,0.462,0.5041,12450649.0
1734998400,0.504,0.5053,0.4881,0.499,4187776.0
1735027200,0.4993,0.5548,0.4971,0.5506,25327015.0
1735056000,0.5506,0.5554,0.5286,0.5404,8946400.0
1735084800,0.5403,0.5463,0.5261,0.5271,6064497.0
1735113600,0.5271,0.5443,0.5235,0.5296,9285627.0
1735142400,0.5299,0.536,0.5231,0.5289,3632334.0
1735171200,0.5288,0.5346,0.5021,0.5036,5920789.0
1735200000,0.5039,0.5049,0.4892,0.494,12319415.0
1735228800,0.494,0.4977,0.4837,0.4893,3065051.0
1735257600,0.4893,0.5006,0.4828,0.4895,3654294.0
1735286400,0.4896,0.5194,0.4896,0.4953,6926869.0
1735315200,0.4951,0.5062,0.4885,0.4925,3338421.0
1735344000,0.4925,0.4961,0.4858,0.4866,2314516.0
1735372800,0.4866,0.5042,0.4854,0.4942,2522912.0
1735401600,0.4942,0.5113,0.4922,0.5049,2405265.0
1735430400,0.5052,0.523,0.5011,0.516,6195909.0
1735459200,0.516,0.5172,0.4943,0.4982,11371683.0
1735488000,0.4983,0.4984,0.4778,0.4832,3643413.0
1735516800,0.4832,0.5012,0.4805,0.4923,2984128.0
1735545600,0.4921,0.4969,0.4606,0.4638,5671183.0
1735574400,0.4638,0.4977,0.4588,0.4787,5215863.0
1735603200,0.4786,0.4786,0.4616,0.4648,2620433.0
1735632000,0.4647,0.4914,0.4645,0.4849,4658903.0
1735660800,0.4852,0.4865,0.4644,0.467,3331076.0
1735689600,0.4669,0.4762,0.4627,0.466,2147707.0
1735718400,0.466,0.4872,0.4563,0.4867,4033839.0
1735747200,0.4868,0.5039,0.48,0.4969,6385278.0
1735776000,0.4972,0.5125,0.4972,0.5034,5113220.0
1735804800,0.5032,0.5165,0.5005,0.504,10723685.0
1735833600,0.5041,0.5111,0.5002,0.5079,4545337.0
1735862400,0.508,0.5142,0.5013,0.5034,3799228.0
1735891200,0.5034,0.5508,0.5034,0.5501,15518862.0
1735920000,0.5503,0.5616,0.5486,0.5559,7848130.0
1735948800,0.5559,0.566,0.5485,0.555,6055264.0
1735977600,0.5549,0.5667,0.5414,0.5468,6598104.0
1736006400,0.5467,0.5558,0.5456,0.5497,3133261.0
1736035200,0.5498,0.5521,0.5414,0.5492,2431789.0
1736064000,0.5494,0.5541,0.5338,0.5441,4497050.0
1736092800,0.5443,0.5527,0.5399,0.5473,2917758.0
1736121600,0.5477,0.586,0.542,0.5611,12617784.0
1736150400,0.5613,0.5901,0.5553,0.5881,11374429.0
1736179200,0.5882,0.5994,0.5694,0.576,8422986.0
1736208000,0.576,0.5769,0.5606,0.5642,3157712.0
1736236800,0.5642,0.5709,0.5204,0.529,12526678.0
1736265600,0.5291,0.5375,0.512,0.5125,6697314.0
1736294400,0.5125,0.5206,0.4883,0.4953,7269697.0
1736323200,0.4954,0.5045,0.4865,0.4961,4542666.0
1736352000,0.496,0.4967,0.4653,0.489,8424102.0
1736380800,0.4889,0.5006,0.4803,0.4819,4488553.0
1736409600,0.4815,0.5058,0.4778,0.5031,7041727.0
1736438400,0.503,0.5095,0.4789,0.4941,6595550.0
1736467200,0.4941,0.5047,0.4872,0.5001,3806417.0
1736496000,0.5,0.5079,0.4852,0.4963,9620313.0
1736524800,0.4964,0.5084,0.4868,0.5032,3705576.0
1736553600,0.5031,0.5065,0.4919,0.493,2078676.0
1736582400,0.4934,0.4988,0.4878,0.4888,1937254.0
1736611200,0.4888,0.5091,0.4858,0.4978,4100005.0
1736640000,0.4984,0.5016,0.4897,0.4937,2025208.0
1736668800,0.4937,0.4946,0.4838,0.492,3261045.0
1736697600,0.492,0.4936,0.4735,0.4806,2723698.0
1736726400,0.4807,0.4971,0.4647,0.4694,4409878.0
1736755200,0.4695,0.4719,0.4395,0.4674,11303494.0
1736784000,0.4672,0.4831,0.4518,0.4753,4424408.0
1736812800,0.4755,0.4828,0.4724,0.4735,2112789.0
1736841600,0.4738,0.4913,0.4737,0.4872,3756140.0
1736870400,0.4871,0.4995,0.4824,0.497,2656377.0
1736899200,0.4975,0.5086,0.4928,0.5055,4506479.0
1736928000,0.5056,0.5276,0.4889,0.5225,9693296.0
1736956800,0.5226,0.5371,0.515,0.5356,5213204.0
1736985600,0.5354,0.5363,0.5181,0.5221,3167642.0
1737014400,0.522,0.5364,0.5095,0.5237,8045527.0
1737043200,0.5236,0.5341,0.515,0.5195,4884404.0
1737072000,0.5197,0.5728,0.5192,0.5609,10886726.0
1737100800,0.561,0.5689,0.5521,0.5568,9043843.0
1737129600,0.5571,0.5695,0.5503,0.5614,5065910.0
1737158400,0.5613,0.57,0.5177,0.5196,8736065.0
1737187200,0.5195,0.5292,0.512,0.5225,5433596.0
1737216000,0.5227,0.5247,0.5097,0.5213,4571453.0
1737244800,0.5211,0.54,0.5032,0.5062,6239232.0
1737273600,0.5062,0.5227,0.4739,0.5096,15129440.0
1737302400,0.5095,0.5139,0.4537,0.4627,18539993.0
1737331200,0.4626,0.5167,0.4465,0.5039,19738684.0
1737360000,0.504,0.5139,0.4872,0.4939,6693813.0
1737388800,0.4942,0.5036,0.469,0.4815,10651246.0
1737417600,0.4809,0.483,0.4596,0.471,4289069.0
1737446400,0.4709,0.4945,0.4666,0.4892,3995879.0
1737475200,0.4891,0.5124,0.4879,0.4967,4586420.0
1737504000,0.4966,0.4987,0.4816,0.4831,2201319.0
1737532800,0.4831,0.4917,0.4765,0.4815,3174539.0
1737561600,0.4817,0.4876,0.4752,0.4774,3335727.0
1737590400,0.4774,0.4788,0.4662,0.4754,2006564.0
1737619200,0.4753,0.4837,0.4632,0.4798,5440978.0
1737648000,0.4799,0.4902,0.4651,0.4798,6462571.0
1737676800,0.4798,0.4884,0.4633,0.4821,3516773.0
1737705600,0.4821,0.4934,0.4806,0.4872,3018325.0
1737734400,0.4873,0.4901,0.469,0.4717,2657875.0
1737763200,0.4717,0.4801,0.4644,0.4741,1604389.0
1737792000,0.4742,0.4777,0.4665,0.4759,1846378.0
1737820800,0.4757,0.478,0.4709,0.4739,1376838.0
1737849600,0.4739,0.4835,0.4707,0.4796,1409200.0
1737878400,0.4796,0.4805,0.4708,0.4732,1553177.0
1737907200,0.4732,0.4781,0.4542,0.455,3063618.0
1737936000,0.4551,0.457,0.4129,0.4258,10681257.0
1737964800,0.4257,0.449,0.4161,0.445,7861140.0
1737993600,0.445,0.4561,0.4312,0.4495,4236846.0
1738022400,0.4495,0.454,0.442,0.4478,1912027.0
1738051200,0.4478,0.4483,0.4357,0.4435,3582685.0
1738080000,0.4436,0.4439,0.413,0.4164,3769886.0
1738108800,0.4164,0.4413,0.415,0.44,3272620.0
1738137600,0.4402,0.4409,0.4223,0.4256,2570343.0
1738166400,0.4256,0.4438,0.4161,0.4282,7049720.0
1738195200,0.4282,0.444,0.4246,0.4412,2768039.0
1738224000,0.441,0.4552,0.4383,0.4507,3208930.0
1738252800,0.451,0.4546,0.4476,0.4481,2200512.0
1738281600,0.4482,0.453,0.4386,0.4478,2166942.0
1738310400,0.4476,0.4659,0.4434,0.4655,3763509.0
1738339200,0.4654,0.4659,0.4424,0.4481,3148919.0
1738368000,0.4482,0.4542,0.4436,0.444,1437933.0
1738396800,0.444,0.4451,0.4283,0.4321,2878803.0
1738425600,0.4321,0.4339,0.4093,0.4122,3596064.0
1738454400,0.4122,0.4224,0.3967,0.4031,6493227.0
1738483200,0.4029,0.4117,0.3909,0.397,4448739.0
1738512000,0.3971,0.3971,0.3358,0.3561,22514462.0
1738540800,0.3563,0.3563,0.2569,0.324,43176625.0
1738569600,0.324,0.3376,0.3039,0.3306,23306134.0
1738598400,0.3304,0.3562,0.3275,0.3525,14780458.0
1738627200,0.3525,0.3572,0.3139,0.3153,8011553.0
1738656000,0.3155,0.3389,0.314,0.3322,7835404.0
1738684800,0.3322,0.3436,0.3163,0.3284,10804531.0
1738713600,0.3283,0.3362,0.3251,0.3336,4435024.0
1738742400,0.3336,0.3434,0.3305,0.3387,5005050.0
1738771200,0.3386,0.3403,0.3228,0.327,6121690.0
1738800000,0.3271,0.3339,0.3236,0.3296,3888561.0
1738828800,0.3296,0.3307,0.3079,0.31,7459644.0
1738857600,0.3101,0.3166,0.3055,0.3097,6131336.0
1738886400,0.3097,0.3195,0.3087,0.314,3278394.0
1738915200,0.3141,0.3344,0.3126,0.3273,6940539.0
1738944000,0.3274,0.3285,0.3042,0.3141,5223829.0
1738972800,0.3142,0.318,0.308,0.3129,2083946.0
1739001600,0.3128,0.3166,0.3082,0.313,2847789.0
1739030400,0.313,0.3254,0.3108,0.3237,2849927.0
1739059200,0.3236,0.3342,0.322,0.3288,2761683.0
1739088000,0.3288,0.3313,0.3173,0.3226,3003688.0
1739116800,0.3225,0.3243,0.3022,0.3164,3992919.0
1739145600,0.3163,0.3232,0.3046,0.3201,5320443.0
1739174400,0.3201,0.3312,0.3194,0.3253,5400167.0
1739203200,0.3255,0.3333,0.3248,0.3325,3217100.0
1739232000,0.3323,0.3509,0.3315,0.3462,3624560.0
1739260800,0.346,0.3469,0.328,0.3336,3395663.0
1739289600,0.3336,0.3344,0.3203,0.325,3108155.0
1739318400,0.3251,0.3275,0.3191,0.3211,2112312.0
1739347200,0.3208,0.329,0.3121,0.3236,7681021.0
1739376000,0.3237,0.3456,0.3207,0.34,4318607.0
1739404800,0.3401,0.3419,0.3277,0.3283,2799891.0
1739433600,0.3283,0.333,0.324,0.3272,6202098.0
1739462400,0.3271,0.3328,0.3226,0.3291,2057865.0
1739491200,0.3293,0.3374,0.3289,0.3332,1554769.0
1739520000,0.3331,0.3441,0.3331,0.3401,3020866.0
1739548800,0.3401,0.3485,0.3348,0.3389,2729114.0
1739577600,0.339,0.3425,0.3338,0.335,1288886.0
1739606400,0.3349,0.3375,0.3267,0.3292,1951806.0
1739635200,0.3293,0.3308,0.3243,0.3287,1468994.0
1739664000,0.3287,0.3315,0.3244,0.3275,1302651.0
1739692800,0.3275,0.3401,0.3269,0.3341,3662213.0
1739721600,0.3341,0.3368,0.326,0.3294,2229421.0
1739750400,0.3289,0.3363,0.3229,0.3305,3873230.0
1739779200,0.3304,0.3431,0.3288,0.3324,3400116.0
1739808000,0.3324,0.3348,0.3229,0.3292,3521153.0
1739836800,0.329,0.3313,0.3124,0.3153,3382143.0
1739865600,0.3151,0.3233,0.3089,0.3104,2911311.0
1739894400,0.3104,0.3151,0.3045,0.3139,3099649.0
1739923200,0.314,0.3211,0.3081,0.3195,1982783.0
1739952000,0.3195,0.3227,0.3136,0.3146,2534110.0
1739980800,0.3146,0.3193,0.3136,0.3185,1761217.0
1740009600,0.3184,0.3255,0.3172,0.3177,1915728.0
1740038400,0.3176,0.3243,0.3159,0.316,2207041.0
1740067200,0.3162,0.3282,0.3159,0.3276,1910747.0
1740096000,0.3277,0.3412,0.3253,0.3384,5257773.0
1740124800,0.3386,0.3469,0.3275,0.3325,8409799.0
1740153600,0.3329,0.338,0.3087,0.3109,7457009.0
1740182400,0.3109,0.3184,0.3081,0.3143,4192998.0
1740211200,0.3144,0.3193,0.3128,0.318,4213244.0
1740240000,0.3181,0.3236,0.3164,0.3187,3496303.0
1740268800,0.3188,0.3212,0.3134,0.3205,1782032.0
1740297600,0.3205,0.3215,0.3107,0.3115,2353232.0
1740326400,0.3117,0.3173,0.3097,0.3155,2652116.0
1740355200,0.3156,0.3172,0.2948,0.3032,7059927.0
1740384000,0.3033,0.3052,0.2937,0.2974,4602463.0
1740412800,0.2974,0.3025,0.2768,0.2832,9443296.0
1740441600,0.2835,0.288,0.2647,0.2728,10179156.0
1740470400,0.2726,0.2844,0.2655,0.2811,8281386.0
1740499200,0.2812,0.2931,0.2785,0.2866,4292894.0
1740528000,0.2868,0.2896,0.2834,0.2864,2303395.0
1740556800,0.2863,0.2926,0.2793,0.29,4242801.0
1740585600,0.2901,0.2931,0.2743,0.2886,8333596.0
1740614400,0.2887,0.2973,0.2851,0.2955,2400318.0
1740643200,0.2955,0.3016,0.291,0.2954,4375409.0
1740672000,0.2951,0.2969,0.2871,0.2956,3217815.0
1740700800,0.2956,0.2972,0.2695,0.2726,11515383.0
1740729600,0.2725,0.2913,0.2681,0.2899,7154818.0
1740758400,0.2899,0.2987,0.2882,0.2959,3632527.0
1740787200,0.2962,0.2981,0.2896,0.2899,3699756.0
1740816000,0.2899,0.2924,0.2815,0.2848,2231359.0
1740844800,0.2846,0.2962,0.2838,0.2944,1963638.0
1740873600,0.2944,0.2988,0.2905,0.291,2318691.0
1740902400,0.2909,0.3063,0.2867,0.2981,4859911.0
1740931200,0.2982,0.3236,0.2982,0.3187,14604328.0
1740960000,0.3187,0.3238,0.2964,0.3011,6221712.0
1740988800,0.3012,0.3029,0.29,0.2937,6639432.0
1741017600,0.2938,0.2972,0.268,0.2726,10353680.0
1741046400,0.2725,0.2745,0.2546,0.2668,8449028.0
1741075200,0.2668,0.2805,0.2626,0.2748,8035002.0
1741104000,0.2748,0.2818,0.2602,0.2766,7054307.0
1741132800,0.2765,0.279,0.2723,0.2767,2109615.0
1741161600,0.2765,0.289,0.2759,0.2864,5305416.0
1741190400,0.2864,0.2965,0.2814,0.2906,3549993.0
1741219200,0.2906,0.2986,0.2876,0.2905,2812211.0
1741248000,0.2905,0.2943,0.2837,0.2888,3172933.0
1741276800,0.2889,0.2899,0.2765,0.2811,3338919.0
1741305600,0.2811,0.2881,0.2676,0.2875,5741475.0
1741334400,0.2876,0.3012,0.2842,0.2945,10503169.0
1741363200,0.2943,0.2988,0.2861,0.2885,6488381.0
1741392000,0.2884,0.2979,0.2864,0.2872,3996500.0
1741420800,0.2872,0.2881,0.2779,0.2797,4149463.0
1741449600,0.2797,0.282,0.2748,0.2767,3748707.0
1741478400,0.2768,0.2789,0.2737,0.2761,2823018.0
1741507200,0.2761,0.2765,0.2635,0.2646,3519995.0
1741536000,0.2644,0.2662,0.2525,0.2575,6703933.0
1741564800,0.2576,0.2675,0.2557,0.2671,3167559.0
1741593600,0.2671,0.275,0.2594,0.2642,6332601.0
1741622400,0.2644,0.2656,0.2465,0.2473,9018721.0
1741651200,0.2473,0.2542,0.2323,0.2521,7988805.0
1741680000,0.252,0.2635,0.2494,0.2578,6820440.0
1741708800,0.2577,0.267,0.2558,0.2617,4222119.0
1741737600,0.2617,0.2664,0.2562,0.2629,2940351.0
1741766400,0.2628,0.2746,0.2597,0.265,5553524.0
1741795200,0.2647,0.285,0.2636,0.2707,16872343.0
1741824000,0.2705,0.2738,0.2619,0.2626,3452062.0
1741852800,0.2626,0.2735,0.2605,0.2643,5488535.0
1741881600,0.2643,0.2719,0.2585,0.2714,3066505.0
1741910400,0.2717,0.2786,0.2702,0.2768,2933433.0
1741939200,0.2768,0.2796,0.2729,0.2779,3481041.0
1741968000,0.2781,0.2798,0.2725,0.2733,2330492.0
1741996800,0.2733,0.2747,0.2703,0.2711,2224959.0
1742025600,0.2713,0.2727,0.269,0.2713,1437359.0
1742054400,0.2713,0.2777,0.2702,0.2769,1856388.0
1742083200,0.2768,0.2779,0.2711,0.2754,2149945.0
1742112000,0.2754,0.2762,0.2623,0.2641,3351349.0
1742140800,0.264,0.2699,0.2539,0.2558,4065730.0
1742169600,0.2561,0.2663,0.256,0.2645,3108484.0
1742198400,0.2646,0.2733,0.2628,0.2707,5065585.0
1742227200,0.2706,0.2806,0.2695,0.2765,4056017.0
1742256000,0.2765,0.2772,0.266,0.2685,3161329.0
1742284800,0.2686,0.2737,0.2619,0.2622,5116179.0
1742313600,0.2622,0.2696,0.2587,0.2696,5046474.0
1742342400,0.2695,0.2744,0.2681,0.2685,3077949.0
1742371200,0.2685,0.2769,0.2675,0.2746,5828238.0
1742400000,0.2745,0.2792,0.2681,0.2777,5701750.0
1742428800,0.2778,0.2795,0.271,0.2732,2046380.0
1742457600,0.2733,0.2755,0.2685,0.2705,2703896.0
1742486400,0.2704,0.2718,0.2663,0.269,2509760.0
1742515200,0.2691,0.2739,0.2664,0.2665,2940480.0
1742544000,0.2665,0.2677,0.2587,0.2594,3943965.0
1742572800,0.2594,0.2656,0.2586,0.2615,2327155.0
1742601600,0.2616,0.2668,0.2601,0.2661,1307121.0
1742630400,0.266,0.2677,0.2612,0.2634,1387410.0
1742659200,0.2633,0.2662,0.2605,0.2623,1347354.0
1742688000,0.2622,0.2675,0.2618,0.2645,1320996.0
1742716800,0.2643,0.266,0.2624,0.2626,1578144.0
1742745600,0.2624,0.2649,0.2589,0.2649,2186566.0
1742774400,0.2647,0.286,0.2616,0.2845,8566047.0
1742803200,0.2845,0.2915,0.2785,0.2821,7399932.0
1742832000,0.2821,0.2833,0.2775,0.2796,2112487.0
1742860800,0.2795,0.2822,0.2755,0.2775,2147088.0
1742889600,0.2776,0.2826,0.2775,0.28,3741927.0
1742918400,0.2801,0.2833,0.2778,0.2826,1925610.0
1742947200,0.2827,0.2888,0.279,0.2883,4977159.0
1742976000,0.2884,0.2909,0.281,0.2833,4021479.0
1743004800,0.2833,0.2876,0.2784,0.2811,2945703.0
1743033600,0.2811,0.2881,0.2806,0.2854,1746209.0
1743062400,0.2853,0.286,0.2735,0.2798,3014851.0
1743091200,0.2796,0.2874,0.2772,0.2829,2960981.0
1743120000,0.283,0.2859,0.2673,0.2676,4103387.0
1743148800,0.2675,0.2715,0.2604,0.2605,3996744.0
1743177600,0.2604,0.2611,0.2532,0.2574,3706703.0
1743206400,0.2575,0.2584,0.2476,0.249,3951769.0
1743235200,0.249,0.2504,0.2433,0.2437,3175318.0
1743264000,0.2437,0.2451,0.2388,0.2448,2974246.0
1743292800,0.2446,0.2513,0.2419,0.2483,1470469.0
1743321600,0.2483,0.2509,0.2432,0.2446,1993587.0
1743350400,0.2448,0.2487,0.2415,0.2471,1625117.0
1743379200,0.2473,0.2497,0.2419,0.2433,2411973.0
1743408000,0.2432,0.2522,0.2383,0.25,4419358.0
1743436800,0.2501,0.2509,0.2435,0.2443,2260263.0
1743465600,0.2443,0.2497,0.2427,0.2485,1881812.0
1743494400,0.2487,0.2586,0.2475,0.2583,2928107.0
1743523200,0.2581,0.26,0.2524,0.2561,2791152.0
1743552000,0.2556,0.2562,0.2443,0.2462,3119386.0
1743580800,0.2463,0.2539,0.2444,0.2525,4277173.0
1743609600,0.253,0.2582,0.2316,0.2357,6915851.0
1743638400,0.2358,0.2429,0.2342,0.2376,2278659.0
1743667200,0.2377,0.2386,0.2276,0.2372,3909126.0
1743696000,0.2372,0.2444,0.2353,0.2404,1705282.0
1743724800,0.2406,0.2453,0.2391,0.2426,1725563.0
1743753600,0.2427,0.2443,0.2321,0.2403,3421782.0
1743782400,0.2401,0.2449,0.2388,0.2425,2086911.0
1743811200,0.2426,0.2454,0.2418,0.244,1109666.0
1743840000,0.244,0.2472,0.2396,0.2407,1367918.0
1743868800,0.2408,0.2458,0.24,0.2453,1226049.0
1743897600,0.2453,0.2455,0.2419,0.2421,951932.0
1743926400,0.2423,0.2439,0.2329,0.2364,1797065.0
1743955200,0.2363,0.2363,0.2072,0.2114,10829675.0
1743984000,0.2114,0.2163,0.1904,0.1947,10134438.0
1744012800,0.1948,0.2228,0.1936,0.2144,10878556.0
1744041600,0.2143,0.2182,0.2111,0.2127,3049845.0
1744070400,0.2128,0.2191,0.2094,0.2108,2390160.0
1744099200,0.211,0.2183,0.209,0.2125,5203614.0
1744128000,0.2125,0.2129,0.2032,0.2058,3523808.0
1744156800,0.2059,0.2163,0.1989,0.215,3436246.0
1744185600,0.215,0.2176,0.21,0.2147,2770326.0
1744214400,0.2144,0.232,0.2144,0.228,7773526.0
1744243200,0.2281,0.2297,0.2238,0.2268,2578221.0
1744272000,0.2269,0.2372,0.2237,0.2299,9688779.0
1744300800,0.23,0.2432,0.2288,0.2406,15945102.0
1744329600,0.2406,0.244,0.2364,0.2431,6698153.0
1744358400,0.2432,0.2502,0.2406,0.246,7592109.0
1744387200,0.2462,0.2551,0.2448,0.2504,4561124.0
1744416000,0.2503,0.2517,0.2461,0.248,1947169.0
1744444800,0.248,0.2688,0.248,0.2642,5303550.0
1744473600,0.2643,0.2693,0.2633,0.2692,3230792.0
1744502400,0.269,0.271,0.264,0.265,1890369.0
1744531200,0.265,0.2675,0.2573,0.2597,3172599.0
1744560000,0.2599,0.2712,0.2577,0.268,8868047.0
1744588800,0.268,0.3,0.2665,0.285,21187332.0
1744617600,0.2852,0.2881,0.2757,0.2764,10346488.0
1744646400,0.2763,0.2775,0.2723,0.2759,3895486.0
1744675200,0.276,0.2776,0.2697,0.2735,2353858.0
1744704000,0.2734,0.2767,0.2697,0.2749,4094340.0
1744732800,0.2752,0.2784,0.2672,0.2686,2778962.0
1744761600,0.2686,0.2715,0.2614,0.2633,2668212.0
1744790400,0.2634,0.2697,0.2608,0.2653,2220214.0
1744819200,0.2654,0.275,0.2611,0.2663,3536450.0
1744848000,0.2661,0.2703,0.2627,0.2688,1220689.0
1744876800,0.2688,0.2708,0.2635,0.2704,2610510.0
1744905600,0.2704,0.2757,0.2669,0.2672,2769114.0
1744934400,0.2672,0.2855,0.2652,0.2812,5020400.0
1744963200,0.2814,0.2902,0.2741,0.2759,6289392.0
1744992000,0.2759,0.2788,0.2731,0.2737,1355870.0
1745020800,0.2736,0.2844,0.2734,0.2795,1838199.0
1745049600,0.2794,0.2823,0.2771,0.2799,2008014.0
1745078400,0.28,0.2869,0.2793,0.2818,2410243.0
1745107200,0.2818,0.296,0.2795,0.2851,3552101.0
1745136000,0.285,0.2851,0.2739,0.281,2719279.0
1745164800,0.2811,0.2899,0.2798,0.2859,4647855.0
1745193600,0.286,0.338,0.286,0.3174,23148711.0
1745222400,0.3175,0.321,0.3076,0.3116,10289492.0
1745251200,0.3115,0.313,0.2995,0.3024,6301545.0
1745280000,0.3026,0.3122,0.2939,0.304,6293583.0
1745308800,0.3037,0.307,0.2972,0.3041,5081794.0
1745337600,0.3042,0.3153,0.3018,0.3114,5752881.0
1745366400,0.3114,0.3142,0.3053,0.3117,4914949.0
1745395200,0.3116,0.3171,0.3027,0.312,6817255.0
1745424000,0.3121,0.3213,0.3089,0.3148,4946242.0
1745452800,0.3146,0.3177,0.3048,0.3102,5495662.0
1745481600,0.3101,0.3277,0.2994,0.3199,10575443.0
1745510400,0.3199,0.327,0.317,0.324,4042191.0
1745539200,0.3239,0.331,0.318,0.3276,3383707.0
1745568000,0.3276,0.3373,0.3198,0.3316,9043990.0
1745596800,0.3316,0.3366,0.3279,0.3293,6967829.0
1745625600,0.3294,0.3398,0.3288,0.3327,2774606.0
1745654400,0.3325,0.3357,0.3196,0.3259,3069625.0
1745683200,0.3259,0.3278,0.323,0.3266,1457958.0
1745712000,0.3265,0.3329,0.3143,0.3178,3989197.0
1745740800,0.3179,0.3189,0.3051,0.3089,4078497.0
1745769600,0.309,0.3126,0.3054,0.3067,1904825.0
1745798400,0.3069,0.3185,0.3002,0.3173,4525390.0
1745827200,0.3174,0.3207,0.308,0.3102,3693278.0
1745856000,0.3101,0.3229,0.308,0.3194,3676945.0
1745884800,0.3196,0.3316,0.3181,0.3282,4612625.0
1745913600,0.3281,0.3287,0.3132,0.3181,2864523.0
1745942400,0.3181,0.3191,0.305,0.308,2235309.0
1745971200,0.3082,0.3162,0.3062,0.3099,2812880.0
1746000000,0.3097,0.3197,0.3024,0.3125,4344629.0
1746028800,0.3123,0.3208,0.3094,0.3158,2811339.0
1746057600,0.3158,0.3191,0.3104,0.315,1660708.0
1746086400,0.3148,0.3238,0.3131,0.3178,3119623.0
1746115200,0.318,0.3205,0.3142,0.3157,1463534.0
1746144000,0.3156,0.3229,0.3135,0.3147,2736717.0
1746172800,0.3146,0.3223,0.3135,0.3191,4147735.0
1746201600,0.3193,0.3218,0.3124,0.3168,1313075.0
1746230400,0.3169,0.3192,0.3079,0.3081,1579321.0
1746259200,0.308,0.3087,0.3031,0.3063,1533751.0
1746288000,0.3064,0.3064,0.2945,0.3001,2951151.0
1746316800,0.3,0.3035,0.2962,0.2991,1473877.0
1746345600,0.299,0.2991,0.2895,0.291,2429309.0
1746374400,0.291,0.2921,0.2873,0.2912,1477074.0
1746403200,0.2911,0.3015,0.2901,0.2972,2413693.0
1746432000,0.2974,0.2988,0.2884,0.2915,2903937.0
1746460800,0.2915,0.3026,0.291,0.2982,2243440.0
1746489600,0.2981,0.3034,0.2968,0.298,2277941.0
1746518400,0.2979,0.2979,0.2836,0.2861,3729194.0
1746547200,0.286,0.2939,0.2796,0.2919,2859343.0
1746576000,0.2919,0.2968,0.2904,0.2961,2004189.0
1746604800,0.2962,0.2996,0.2924,0.293,2314461.0
1746633600,0.2929,0.2993,0.2884,0.2983,3027336.0
1746662400,0.2983,0.3156,0.2983,0.3111,4374179.0
1746691200,0.3114,0.3237,0.3111,0.3213,3321315.0
1746720000,0.3213,0.3369,0.3202,0.3316,6325568.0
1746748800,0.3316,0.3446,0.3306,0.3412,5153694.0
1746777600,0.3412,0.352,0.3362,0.3464,7938990.0
1746806400,0.3464,0.3536,0.3423,0.3525,2954912.0
1746835200,0.3527,0.3648,0.3489,0.3633,5874059.0
1746864000,0.3633,0.3656,0.3523,0.3547,3936674.0
1746892800,0.3545,0.3855,0.3541,0.3843,5519479.0
1746921600,0.3843,0.3885,0.3595,0.3639,6418521.0
1746950400,0.364,0.3732,0.3604,0.3631,3195653.0
1746979200,0.3632,0.3704,0.3588,0.3666,2371234.0
1747008000,0.3665,0.3819,0.3588,0.3739,4251317.0
1747036800,0.3739,0.3761,0.3551,0.3616,8796658.0
1747065600,0.3615,0.3715,0.3471,0.3671,5012658.0
1747094400,0.3672,0.3713,0.3473,0.3556,5509838.0
1747123200,0.3556,0.3661,0.3541,0.3647,3763441.0
1747152000,0.3649,0.3799,0.3646,0.3764,4095992.0
1747180800,0.3764,0.4045,0.3764,0.3793,13321368.0
1747209600,0.3792,0.38,0.3626,0.3659,4896705.0
1747238400,0.3659,0.3672,0.3566,0.3592,2238287.0
1747267200,0.3591,0.3628,0.3402,0.3412,3704297.0
1747296000,0.3412,0.3492,0.3343,0.3472,5740398.0
1747324800,0.3471,0.3529,0.3339,0.3412,2981765.0
1747353600,0.3413,0.3494,0.3393,0.3472,2401117.0
1747382400,0.3471,0.3521,0.341,0.3475,3012750.0
1747411200,0.3475,0.3491,0.3335,0.3361,2046337.0
1747440000,0.336,0.3367,0.3247,0.3289,2701274.0
1747468800,0.3289,0.3306,0.3231,0.3281,1452437.0
1747497600,0.328,0.3293,0.3213,0.3259,2081896.0
1747526400,0.326,0.3331,0.323,0.3329,2510758.0
1747555200,0.3331,0.3451,0.3282,0.3443,2549607.0
1747584000,0.3445,0.3465,0.3168,0.342,4271796.0
1747612800,0.342,0.3441,0.3146,0.3212,4539459.0
1747641600,0.3209,0.3247,0.3119,0.3234,7232875.0
1747670400,0.3236,0.3297,0.3199,0.3243,2588820.0
1747699200,0.3244,0.3314,0.318,0.3186,1693030.0
1747728000,0.3184,0.3198,0.3107,0.3167,2350214.0
1747756800,0.3169,0.3255,0.3125,0.3229,2638500.0
1747785600,0.323,0.33,0.3174,0.3231,2367261.0
1747814400,0.3233,0.3247,0.3174,0.3228,4811642.0
1747843200,0.3228,0.3312,0.3056,0.3212,12405107.0
1747872000,0.3214,0.3359,0.3209,0.3314,4871358.0
1747900800,0.3315,0.3456,0.3315,0.3432,3705872.0
1747929600,0.3436,0.3464,0.3385,0.3424,1858898.0
1747958400,0.3424,0.3515,0.3351,0.3358,3457908.0
1747987200,0.336,0.3434,0.3124,0.3275,8772724.0
1748016000,0.3275,0.3311,0.3109,0.3129,2635511.0
1748044800,0.313,0.3177,0.3101,0.3142,2101876.0
1748073600,0.3142,0.3179,0.3115,0.3151,1776660.0
1748102400,0.3149,0.3165,0.3079,0.3098,1599075.0
1748131200,0.3098,0.3116,0.3018,0.3061,2228326.0
1748160000,0.3062,0.3063,0.2979,0.3038,2138380.0
1748188800,0.3036,0.3149,0.3006,0.3146,1540847.0
1748217600,0.3145,0.3194,0.3131,0.3186,1400205.0
1748246400,0.3186,0.3195,0.3093,0.3142,1229404.0
1748275200,0.3142,0.3153,0.3063,0.3076,1091763.0
1748304000,0.3077,0.3122,0.2993,0.3107,2097727.0
1748332800,0.3108,0.3188,0.3093,0.314,2031792.0
1748361600,0.3143,0.3194,0.3122,0.3133,1337620.0
1748390400,0.3133,0.3178,0.3087,0.3106,1562768.0
1748419200,0.3107,0.3174,0.3043,0.3054,2227245.0
1748448000,0.3054,0.3097,0.2993,0.3086,2333814.0
1748476800,0.3087,0.3163,0.3064,0.311,3013570.0
1748505600,0.3108,0.3126,0.3038,0.3058,1584150.0
1748534400,0.3057,0.3069,0.2916,0.2938,2849168.0
1748563200,0.2937,0.2951,0.2747,0.2803,7809962.0
1748592000,0.2805,0.2825,0.2739,0.278,4992030.0
1748620800,0.2781,0.28,0.2674,0.2709,4668264.0
1748649600,0.2709,0.2721,0.2625,0.2715,3626387.0
1748678400,0.2716,0.2752,0.2678,0.2731,2766828.0
1748707200,0.273,0.2765,0.2721,0.2736,1697291.0
1748736000,0.2736,0.2738,0.269,0.2723,1064644.0
1748764800,0.2723,0.2736,0.2661,0.273,1413287.0
1748793600,0.273,0.2789,0.2697,0.2768,1716688.0
1748822400,0.2768,0.2773,0.2699,0.2732,1227806.0
1748851200,0.2733,0.2769,0.2687,0.2753,1783108.0
1748880000,0.2753,0.285,0.2729,0.2839,1606806.0
1748908800,0.2839,0.2889,0.2822,0.286,1343947.0
1748937600,0.286,0.2903,0.284,0.2872,2206911.0
1748966400,0.2874,0.2887,0.2805,0.2825,1304159.0
1748995200,0.2826,0.2903,0.281,0.2851,2237103.0
1749024000,0.2849,0.2868,0.2764,0.2841,2005300.0
1749052800,0.2841,0.2841,0.2735,0.2757,1370895.0
1749081600,0.2758,0.2797,0.2723,0.2757,1647756.0
1749110400,0.2758,0.2797,0.271,0.2752,2374787.0
1749139200,0.2752,0.2754,0.2555,0.2582,6652314.0
1749168000,0.2582,0.2697,0.2573,0.2691,4001655.0
1749196800,0.2691,0.2775,0.2679,0.2742,2927416.0
1749225600,0.2742,0.2754,0.2674,0.2699,1405573.0
1749254400,0.2699,0.2805,0.2694,0.279,1819579.0
1749283200,0.2791,0.2834,0.2785,0.2803,1373952.0
1749312000,0.2803,0.2826,0.2785,0.2808,897108.0
1749340800,0.2808,0.2812,0.2783,0.2787,1322845.0
1749369600,0.2788,0.2847,0.2767,0.28,2025388.0
1749398400,0.2801,0.2834,0.2785,0.2795,906310.0
1749427200,0.2794,0.2801,0.2742,0.2773,1378506.0
1749456000,0.2774,0.2836,0.2755,0.2826,2499591.0
1749484800,0.2826,0.2936,0.2824,0.2932,2266680.0
1749513600,0.2933,0.2976,0.2872,0.2906,2023792.0
1749542400,0.2906,0.3031,0.2878,0.2953,3542704.0
1749571200,0.2953,0.3045,0.2946,0.3039,2026955.0
1749600000,0.3039,0.3044,0.2982,0.3014,1432983.0
1749628800,0.3014,0.303,0.2938,0.3018,2729745.0
1749657600,0.3019,0.3024,0.2874,0.2904,2650022.0
1749686400,0.2904,0.2906,0.2808,0.2814,1833020.0
1749715200,0.2812,0.2846,0.2767,0.2786,2300091.0
1749744000,0.2786,0.2847,0.2722,0.2733,2831108.0
1749772800,0.2734,0.2737,0.2527,0.2605,7919509.0
1749801600,0.2604,0.2665,0.2577,0.2645,2990301.0
1749830400,0.2645,0.2676,0.2611,0.2666,1912692.0
1749859200,0.2666,0.2669,0.2635,0.2654,1676488.0
1749888000,0.2653,0.2674,0.2624,0.2638,1097868.0
1749916800,0.2635,0.2656,0.2589,0.265,1677156.0
1749945600,0.2649,0.2671,0.2627,0.2643,1550492.0
1749974400,0.2643,0.2663,0.2615,0.264,1963688.0
1750003200,0.264,0.2646,0.2564,0.2616,1896719.0
1750032000,0.2617,0.2708,0.259,0.2703,2159447.0
1750060800,0.2702,0.2742,0.2686,0.272,2445838.0
1750089600,0.272,0.275,0.2638,0.2644,2112593.0
1750118400,0.2644,0.2701,0.2596,0.2632,4033522.0
1750147200,0.2632,0.2634,0.2548,0.2571,3389136.0
1750176000,0.257,0.2597,0.2516,0.2544,2104199.0
1750204800,0.2547,0.259,0.2543,0.2564,866522.0
1750233600,0.2564,0.2573,0.247,0.2531,2327606.0
1750262400,0.2532,0.2586,0.2502,0.2564,1885339.0
1750291200,0.2565,0.2585,0.2537,0.254,1463529.0
1750320000,0.254,0.2561,0.25,0.2512,1029144.0
1750348800,0.2511,0.2561,0.2492,0.2538,1705965.0
1750377600,0.254,0.2572,0.2503,0.2571,1570727.0
1750406400,0.2572,0.2602,0.2515,0.2523,2150688.0
1750435200,0.2523,0.2523,0.2419,0.2479,3140941.0
1750464000,0.2481,0.2529,0.2476,0.2525,921478.0
1750492800,0.2525,0.2546,0.2448,0.2467,1747347.0
1750521600,0.2467,0.2472,0.2314,0.2388,4675943.0
1750550400,0.2388,0.2417,0.2341,0.2372,3338716.0
1750579200,0.2373,0.2375,0.2262,0.2309,6350543.0
1750608000,0.2309,0.2371,0.2227,0.2371,5300501.0
1750636800,0.237,0.2429,0.2353,0.2416,3377197.0
1750665600,0.2416,0.2487,0.2395,0.2438,2999294.0
1750694400,0.2438,0.263,0.2375,0.2614,5553223.0
1750723200,0.2616,0.2679,0.26,0.2638,2174578.0
1750752000,0.2637,0.2652,0.2564,0.2591,4567459.0
1750780800,0.2593,0.2643,0.2583,0.2616,2179682.0
1750809600,0.2616,0.2634,0.2581,0.2605,3292073.0
1750838400,0.2605,0.2644,0.2567,0.2579,2509296.0
1750867200,0.258,0.2612,0.2552,0.2563,1242669.0
1750896000,0.2563,0.2619,0.2556,0.2595,1834734.0
1750924800,0.2594,0.2602,0.2479,0.2503,2449166.0
1750953600,0.25,0.2518,0.2459,0.2467,2394714.0
1750982400,0.2467,0.2505,0.2436,0.2452,3522958.0
1751011200,0.2452,0.2492,0.2443,0.2487,1158657.0
1751040000,0.2488,0.2518,0.2425,0.2483,1703954.0
1751068800,0.2482,0.2493,0.2466,0.2492,1178755.0
1751097600,0.2492,0.2496,0.247,0.2494,1041318.0
1751126400,0.2495,0.2527,0.2484,0.2517,1149858.0
1751155200,0.2517,0.2528,0.2497,0.2519,1338619.0
1751184000,0.252,0.2552,0.2491,0.2496,1092477.0
1751212800,0.2497,0.2632,0.249,0.2605,2288210.0
1751241600,0.2606,0.2633,0.2519,0.2549,2023539.0
1751270400,0.2549,0.255,0.2485,0.2517,3027927.0
1751299200,0.2517,0.2551,0.2502,0.2535,1549201.0
1751328000,0.2535,0.2557,0.2449,0.2479,2161783.0
1751356800,0.2478,0.2483,0.2436,0.2447,1286727.0
1751385600,0.2446,0.2449,0.2396,0.2416,1448394.0
1751414400,0.2415,0.2473,0.2386,0.246,1756028.0
1751443200,0.2461,0.2561,0.2456,0.2561,2135841.0
1751472000,0.2562,0.2896,0.2562,0.2671,22470069.0
1751500800,0.267,0.2746,0.2665,0.2724,3278443.0
1751529600,0.2725,0.2761,0.2662,0.2671,4627161.0
1751558400,0.2671,0.2742,0.2671,0.2705,2233796.0
1751587200,0.2708,0.2714,0.26,0.2601,1880148.0
1751616000,0.2599,0.2627,0.2576,0.2583,1707111.0
1751644800,0.2584,0.2589,0.2552,0.2568,1595934.0
1751673600,0.2568,0.2605,0.2547,0.2597,1191420.0
1751702400,0.2596,0.2607,0.2548,0.2561,1422964.0
1751731200,0.256,0.2586,0.2502,0.258,1679760.0
1751760000,0.2579,0.2595,0.2564,0.2588,857406.0
1751788800,0.2589,0.2667,0.2577,0.2662,2165342.0
1751817600,0.2662,0.2694,0.2634,0.2658,1508764.0
1751846400,0.2659,0.2697,0.2649,0.268,1401012.0
1751875200,0.2679,0.2697,0.2645,0.2652,1984086.0
1751904000,0.2652,0.2661,0.2599,0.264,1350176.0
1751932800,0.2638,0.2642,0.2575,0.2626,2500176.0
1751961600,0.2626,0.2686,0.2602,0.2633,1655587.0
1751990400,0.2634,0.2715,0.2634,0.2682,1290205.0
1752019200,0.2683,0.2781,0.2648,0.2775,2258270.0
1752048000,0.2776,0.2866,0.2722,0.2755,6721282.0
1752076800,0.2756,0.2847,0.2739,0.2825,3887126.0
1752105600,0.2826,0.2891,0.2812,0.2869,3746636.0
1752134400,0.2869,0.289,0.2835,0.2839,4508109.0
1752163200,0.284,0.3052,0.283,0.3019,5726282.0
1752192000,0.302,0.3125,0.2963,0.3066,4705412.0
1752220800,0.3068,0.3187,0.3065,0.3095,4940171.0
1752249600,0.3095,0.3181,0.2996,0.3041,4770357.0
1752278400,0.3041,0.3139,0.2987,0.3113,4551034.0
1752307200,0.3113,0.315,0.2948,0.2973,3791345.0
1752336000,0.2973,0.3064,0.2962,0.306,1786495.0
1752364800,0.3062,0.317,0.3034,0.3145,3332355.0
1752393600,0.3144,0.3387,0.3117,0.328,9550884.0
1752422400,0.3282,0.3304,0.316,0.3198,2966557.0
1752451200,0.3198,0.3351,0.3186,0.3293,4351315.0
1752480000,0.3295,0.3297,0.3136,0.3165,3527431.0
1752508800,0.3165,0.318,0.3049,0.3098,3904623.0
1752537600,0.3098,0.3116,0.2969,0.3043,5018656.0
1752566400,0.304,0.3117,0.2995,0.3105,5295866.0
1752595200,0.3106,0.3174,0.3062,0.3169,3744329.0
1752624000,0.3169,0.3199,0.3113,0.3178,2128448.0
1752652800,0.3178,0.3212,0.3129,0.3165,2595242.0
1752681600,0.3165,0.3277,0.3156,0.3178,4958882.0
1752710400,0.318,0.3221,0.3101,0.3187,3654983.0
1752739200,0.3188,0.3251,0.3147,0.3199,4004274.0
1752768000,0.3198,0.3319,0.311,0.3282,5075531.0
1752796800,0.3284,0.354,0.327,0.3431,8769081.0
1752825600,0.3428,0.3486,0.3287,0.332,6704495.0
1752854400,0.3327,0.3378,0.3213,0.3292,4514805.0
1752883200,0.3294,0.3355,0.319,0.3307,4356644.0
1752912000,0.3308,0.3316,0.32,0.3249,3116409.0
1752940800,0.3249,0.3404,0.3236,0.3401,3445036.0
1752969600,0.3401,0.3475,0.3358,0.3442,3256833.0
1752998400,0.344,0.3563,0.344,0.355,5223405.0
1753027200,0.3549,0.3676,0.3428,0.3514,8929245.0
1753056000,0.3516,0.362,0.3437,0.3595,3854119.0
1753084800,0.3595,0.3658,0.3547,0.3578,5406546.0
1753113600,0.358,0.3598,0.3475,0.3533,4990337.0
1753142400,0.3535,0.3571,0.3368,0.3426,5147014.0
1753171200,0.3426,0.3518,0.3342,0.3472,5498490.0
1753200000,0.3476,0.3562,0.3437,0.3554,3023461.0
1753228800,0.3554,0.3585,0.3472,0.349,3688704.0
1753257600,0.3488,0.3519,0.3208,0.3304,8584746.0
1753286400,0.3303,0.3303,0.3047,0.3144,9198577.0
1753315200,0.3145,0.3205,0.2937,0.3052,5936890.0
1753344000,0.3052,0.3223,0.3031,0.3166,6869811.0
1753372800,0.3167,0.3184,0.3086,0.3106,3741094.0
1753401600,0.3108,0.313,0.3008,0.3052,3596112.0
1753430400,0.3051,0.3164,0.3023,0.3067,4478860.0
1753459200,0.3066,0.3173,0.3047,0.3171,1883611.0
1753488000,0.3172,0.3193,0.3138,0.3157,1519642.0
1753516800,0.3157,0.3205,0.3154,0.3185,2453972.0
1753545600,0.3186,0.3226,0.316,0.3164,1814185.0
1753574400,0.3165,0.324,0.3159,0.3206,3154476.0
1753603200,0.3206,0.3242,0.317,0.3209,2742353.0
1753632000,0.3209,0.3306,0.3202,0.3272,4373178.0
1753660800,0.3274,0.3322,0.3223,0.3275,3029614.0
1753689600,0.3274,0.3282,0.3104,0.3124,4179499.0
1753718400,0.3124,0.3136,0.3005,0.3037,3622074.0
1753747200,0.3038,0.3127,0.2965,0.3121,3227093.0
1753776000,0.3122,0.3122,0.2993,0.3025,3059538.0
1753804800,0.3026,0.3044,0.2954,0.3027,2826680.0
1753833600,0.3027,0.303,0.2949,0.2973,3469883.0
1753862400,0.2972,0.2987,0.2866,0.2944,4532106.0
1753891200,0.2946,0.2984,0.2775,0.2947,5380841.0
1753920000,0.2948,0.3026,0.2943,0.3016,1721160.0
1753948800,0.3017,0.3036,0.2883,0.2918,2772419.0
1753977600,0.2918,0.2968,0.2781,0.2799,2660404.0
1754006400,0.28,0.2834,0.2723,0.2761,4652361.0
1754035200,0.276,0.2807,0.2695,0.2794,4589423.0
1754064000,0.2793,0.2811,0.265,0.2743,5134970.0
1754092800,0.2742,0.2775,0.2686,0.2753,2371611.0
1754121600,0.2752,0.2757,0.2664,0.2675,1704262.0
1754150400,0.2675,0.2702,0.2626,0.2669,3463230.0
1754179200,0.2671,0.2737,0.2624,0.2737,1774477.0
1754208000,0.2737,0.2775,0.273,0.2774,1086549.0
1754236800,0.2774,0.2791,0.2755,0.2781,672463.0
1754265600,0.278,0.2836,0.2777,0.2816,1572876.0
1754294400,0.2817,0.2855,0.2784,0.2842,1909070.0
1754323200,0.284,0.2898,0.2828,0.2889,1602892.0
1754352000,0.2889,0.2901,0.2778,0.2787,2208843.0
1754380800,0.2788,0.2883,0.2755,0.277,2710922.0
1754409600,0.2769,0.2796,0.2714,0.2778,1999994.0
1754438400,0.2777,0.28,0.2705,0.2799,1440976.0
1754467200,0.2799,0.2838,0.2744,0.2834,1862221.0
1754496000,0.2831,0.284,0.2797,0.2818,1339264.0
1754524800,0.2818,0.2852,0.2798,0.2835,2334132.0
1754553600,0.2834,0.2929,0.2824,0.2896,2805247.0
1754582400,0.2895,0.2964,0.2824,0.2962,2491350.0
1754611200,0.2962,0.3009,0.2913,0.2982,8237996.0
1754640000,0.2982,0.3044,0.2942,0.2966,2987295.0
1754668800,0.2968,0.3056,0.2965,0.3033,2250108.0
1754697600,0.3034,0.3132,0.3034,0.3126,2850058.0
1754726400,0.3126,0.316,0.3097,0.3121,2529279.0
1754755200,0.3121,0.3169,0.3119,0.3124,1876242.0
1754784000,0.3124,0.3185,0.3038,0.3046,3392119.0
1754812800,0.3047,0.309,0.3009,0.3077,2637308.0
1754841600,0.3077,0.3112,0.304,0.3083,1736403.0
1754870400,0.3083,0.3173,0.3056,0.3062,2432917.0
1754899200,0.3062,0.3085,0.2928,0.3005,4455973.0
1754928000,0.3004,0.3055,0.2889,0.2922,2429073.0
1754956800,0.2922,0.2963,0.2894,0.2946,1950446.0
1754985600,0.2946,0.304,0.2871,0.3038,3633720.0
1755014400,0.3039,0.3139,0.3027,0.3104,3180267.0
1755043200,0.3103,0.3135,0.3049,0.3111,6941716.0
1755072000,0.3111,0.3217,0.3109,0.3169,7526506.0
1755100800,0.317,0.3229,0.3148,0.3202,3522358.0
1755129600,0.3203,0.3267,0.3144,0.3171,5106298.0
1755158400,0.3172,0.3173,0.2857,0.2953,12526277.0
1755187200,0.2952,0.2952,0.2847,0.2909,4720538.0
1755216000,0.2908,0.2983,0.2891,0.296,4510286.0
1755244800,0.2961,0.2966,0.2801,0.2821,6471585.0
1755273600,0.2818,0.291,0.2792,0.289,3446644.0
1755302400,0.2891,0.2933,0.2888,0.2928,1806092.0
1755331200,0.2928,0.3019,0.29,0.2996,3455979.0
1755360000,0.2996,0.3002,0.2946,0.2966,2071189.0
1755388800,0.2967,0.3003,0.2948,0.2989,1648731.0
1755417600,0.2989,0.3049,0.2985,0.3048,2293800.0
1755446400,0.3049,0.3062,0.2955,0.2958,2209828.0
1755475200,0.2957,0.296,0.2811,0.2835,5823068.0
1755504000,0.2834,0.2894,0.28,0.2869,3453242.0
1755532800,0.2868,0.2914,0.2842,0.2863,2040703.0
1755561600,0.2864,0.2903,0.2782,0.2805,3055518.0
1755590400,0.2805,0.2861,0.2765,0.2783,3729615.0
1755619200,0.2782,0.2786,0.2716,0.2722,2889740.0
1755648000,0.2722,0.2784,0.2715,0.2766,2051107.0
1755676800,0.2766,0.2836,0.2724,0.2805,2137297.0
1755705600,0.2805,0.2863,0.279,0.2854,2685011.0
1755734400,0.2854,0.2874,0.281,0.2835,1612452.0
1755763200,0.2834,0.2837,0.2761,0.2767,2398946.0
1755792000,0.2767,0.2804,0.2757,0.2772,831540.0
1755820800,0.2773,0.2803,0.275,0.2785,1445710.0
1755849600,0.2786,0.2936,0.2675,0.2905,8005002.0
1755878400,0.2905,0.3114,0.2905,0.3073,8710118.0
1755907200,0.3072,0.3084,0.2967,0.3027,3398675.0
1755936000,0.3028,0.3049,0.3002,0.3022,1564326.0
1755964800,0.3023,0.3068,0.3011,0.3051,1008466.0
1755993600,0.3051,0.306,0.294,0.2945,972394.0
1756022400,0.2947,0.297,0.2907,0.2944,1475674.0
1756051200,0.2943,0.3127,0.2928,0.2981,7310737.0
1756080000,0.2982,0.303,0.2853,0.2867,4557182.0
1756108800,0.2867,0.2879,0.2812,0.2849,4284118.0
1756137600,0.285,0.2874,0.2687,0.2746,6865586.0
1756166400,0.2746,0.2831,0.272,0.2816,3311113.0
1756195200,0.2815,0.2856,0.2768,0.2831,4773701.0
1756224000,0.2832,0.2908,0.2823,0.2877,2217789.0
1756252800,0.2877,0.2911,0.2847,0.286,1305849.0
1756281600,0.2861,0.2902,0.2845,0.2883,1671610.0
1756310400,0.2886,0.2914,0.2839,0.286,3146361.0
1756339200,0.286,0.2945,0.2837,0.2917,1837945.0
1756368000,0.2917,0.297,0.2895,0.2916,3049399.0
1756396800,0.2916,0.2965,0.2871,0.2961,2084981.0
1756425600,0.2962,0.2975,0.2845,0.285,2829467.0
1756454400,0.2849,0.2915,0.2787,0.2819,4010859.0
1756483200,0.2818,0.2841,0.2773,0.2831,3304786.0
1756512000,0.283,0.2881,0.2778,0.2877,1725139.0
1756540800,0.2878,0.2878,0.2789,0.2852,1213060.0
1756569600,0.2852,0.2858,0.2818,0.2852,845206.0
1756598400,0.2852,0.3029,0.2843,0.2935,10024279.0
1756627200,0.2936,0.2978,0.2893,0.2927,3445261.0
1756656000,0.2927,0.2947,0.2873,0.2878,1812756.0
1756684800,0.2879,0.2914,0.2787,0.2912,4270353.0
1756713600,0.2913,0.3013,0.2878,0.2886,12893207.0
1756742400,0.2887,0.2896,0.2793,0.2876,4506737.0
1756771200,0.2877,0.3027,0.2856,0.2965,5416391.0
1756800000,0.2965,0.3057,0.2931,0.2965,7556885.0
1756828800,0.2967,0.3023,0.295,0.3002,3388758.0
1756857600,0.3002,0.3061,0.2978,0.2995,3281164.0
1756886400,0.2995,0.3124,0.2993,0.3095,4823473.0
1756915200,0.3095,0.3128,0.3082,0.3117,2342037.0
1756944000,0.3117,0.3171,0.2989,0.3007,4927000.0
1756972800,0.3006,0.3047,0.2961,0.2988,3182127.0
1757001600,0.2987,0.3011,0.2939,0.2977,2110491.0
1757030400,0.2976,0.3151,0.2975,0.3149,4751928.0
1757059200,0.3148,0.3315,0.3125,0.3197,16249571.0
1757088000,0.3197,0.3242,0.316,0.3186,4980126.0
1757116800,0.3187,0.3202,0.3129,0.3162,3343421.0
1757145600,0.3162,0.3165,0.3112,0.3126,2386587.0
1757174400,0.3125,0.3159,0.3122,0.3143,1440065.0
1757203200,0.3144,0.3324,0.3144,0.3278,5906521.0
1757232000,0.3278,0.331,0.3223,0.3231,3281653.0
1757260800,0.323,0.3255,0.3208,0.3225,2137456.0
1757289600,0.3223,0.3279,0.3209,0.3256,2641924.0
1757318400,0.3256,0.3315,0.3247,0.3291,3897190.0
1757347200,0.3291,0.3294,0.3235,0.326,2389592.0
1757376000,0.326,0.3322,0.3199,0.3306,3860786.0
1757404800,0.3306,0.3341,0.3159,0.3175,6206827.0
1757433600,0.3175,0.3231,0.3166,0.3205,2177766.0
1757462400,0.3206,0.3235,0.3159,0.3192,2881741.0
1757491200,0.3192,0.3267,0.3165,0.324,2885352.0
1757520000,0.324,0.3245,0.3155,0.3206,2031386.0
1757548800,0.3206,0.3298,0.3201,0.3258,2306988.0
1757577600,0.3259,0.3281,0.3176,0.3188,3909169.0
1757606400,0.319,0.3263,0.318,0.325,2237988.0
1757635200,0.3252,0.328,0.3215,0.3241,2369776.0
1757664000,0.3242,0.3242,0.3173,0.3217,2802212.0
1757692800,0.3216,0.3349,0.3213,0.3337,5612578.0
1757721600,0.3336,0.3397,0.3322,0.3376,4232181.0
1757750400,0.3377,0.362,0.3377,0.3586,12289073.0
1757779200,0.3586,0.391,0.3562,0.3682,36623636.0
1757808000,0.3682,0.3695,0.3533,0.3567,9278797.0
1757836800,0.3567,0.3607,0.3431,0.346,6387926.0
1757865600,0.3457,0.353,0.3452,0.3496,2902566.0
1757894400,0.3496,0.3651,0.3464,0.3469,8345073.0
1757923200,0.3469,0.3469,0.3287,0.3321,8715053.0
1757952000,0.3322,0.3352,0.3278,0.3346,3202406.0
1757980800,0.3346,0.3378,0.3291,0.3369,3962740.0
1758009600,0.3369,0.3443,0.3356,0.342,5256480.0
1758038400,0.3419,0.3529,0.3387,0.3453,3653291.0
1758067200,0.3452,0.3478,0.338,0.3429,3258344.0
1758096000,0.3428,0.3428,0.3334,0.3336,2204002.0
1758124800,0.3335,0.3545,0.3315,0.3497,4865640.0
1758153600,0.3497,0.3534,0.3439,0.3467,2645401.0
1758182400,0.3466,0.3496,0.3406,0.3457,4768787.0
1758211200,0.3458,0.35,0.342,0.344,3363390.0
1758240000,0.3441,0.3496,0.3333,0.3346,10505264.0
1758268800,0.3346,0.3362,0.3232,0.3264,6083842.0
1758297600,0.3263,0.3288,0.3216,0.3245,2875691.0
1758326400,0.3244,0.33,0.3218,0.3294,2115652.0
1758355200,0.3294,0.3303,0.3229,0.3274,2080723.0
1758384000,0.3275,0.3284,0.3223,0.3232,1663078.0
1758412800,0.3231,0.3254,0.32,0.3243,1741953.0
1758441600,0.3243,0.3247,0.3133,0.3136,3342354.0
1758470400,0.3136,0.3171,0.3117,0.3127,1812264.0
1758499200,0.3127,0.314,0.2772,0.2889,12374766.0
1758528000,0.2889,0.2949,0.2868,0.2907,5199613.0
1758556800,0.2906,0.2955,0.2887,0.2947,2406436.0
1758585600,0.2949,0.2969,0.2867,0.295,4950590.0
1758614400,0.2951,0.2978,0.29,0.2936,2904726.0
1758643200,0.2938,0.297,0.288,0.289,2075731.0
1758672000,0.2891,0.2957,0.2856,0.2954,2760524.0
1758700800,0.2954,0.2987,0.2932,0.2953,2715749.0
1758729600,0.2954,0.2973,0.2907,0.2925,1406544.0
1758758400,0.2926,0.2933,0.2838,0.2855,4072800.0
1758787200,0.2857,0.2902,0.2792,0.2871,4210359.0
1758816000,0.2871,0.2874,0.2736,0.2764,6816459.0
1758844800,0.2765,0.2818,0.2763,0.2789,2296582.0
1758873600,0.279,0.2826,0.2745,0.2808,7355607.0
1758902400,0.2809,0.2889,0.2808,0.2878,2013347.0
1758931200,0.2877,0.2889,0.2853,0.2862,1571776.0
1758960000,0.2863,0.2872,0.2826,0.2862,1296258.0
1758988800,0.2863,0.2864,0.2824,0.2834,851410.0
1759017600,0.2835,0.284,0.2785,0.2799,1531579.0
1759046400,0.2798,0.2853,0.277,0.2833,2558540.0
1759075200,0.2834,0.2927,0.2833,0.2921,1644420.0
1759104000,0.2921,0.2927,0.2871,0.2886,1847670.0
1759132800,0.2887,0.2965,0.2841,0.291,4221401.0
1759161600,0.291,0.2962,0.2878,0.2907,1849748.0
1759190400,0.2906,0.292,0.2846,0.2855,1758074.0
1759219200,0.2854,0.2864,0.2795,0.2823,1683070.0
1759248000,0.2823,0.2907,0.2807,0.2889,1968406.0
1759276800,0.289,0.2906,0.2854,0.2887,2540253.0
1759305600,0.2887,0.3039,0.2886,0.3026,6524896.0
1759334400,0.3027,0.3082,0.3009,0.3078,2757382.0
1759363200,0.3079,0.321,0.3075,0.3175,5351765.0
1759392000,0.3177,0.3255,0.3145,0.3252,6000440.0
1759420800,0.3253,0.3395,0.3243,0.3394,6775394.0
1759449600,0.3395,0.3503,0.334,0.3366,10394601.0
1759478400,0.3366,0.3445,0.3307,0.3442,5069346.0
1759507200,0.3443,0.3536,0.3376,0.3453,8278789.0
1759536000,0.3455,0.3524,0.3352,0.3358,4832910.0
1759564800,0.3358,0.3404,0.3288,0.3306,3701531.0
1759593600,0.3305,0.3404,0.3295,0.3392,1640188.0
1759622400,0.3393,0.3586,0.3361,0.3512,7401849.0
1759651200,0.3513,0.353,0.3386,0.3402,4336268.0
1759680000,0.3401,0.3415,0.3314,0.3327,2494231.0
1759708800,0.3329,0.3402,0.3309,0.3365,2871039.0
1759737600,0.3367,0.349,0.3356,0.3457,3439678.0
1759766400,0.3458,0.3509,0.3416,0.342,2899822.0
1759795200,0.342,0.3451,0.3336,0.3356,3280718.0
1759824000,0.3357,0.3427,0.3231,0.3249,5398161.0
1759852800,0.3248,0.3281,0.3195,0.3219,3676814.0
1759881600,0.322,0.3272,0.3188,0.3218,2471756.0
1759910400,0.3217,0.3262,0.318,0.3219,3036703.0
1759939200,0.322,0.3329,0.3215,0.3247,3468442.0
1759968000,0.3248,0.3251,0.3111,0.3125,3317504.0
1759996800,0.3123,0.3165,0.3071,0.3116,3640837.0
1760025600,0.3116,0.3225,0.3098,0.32,2633110.0
1760054400,0.3203,0.3247,0.3143,0.3183,5437568.0
1760083200,0.3184,0.3354,0.3104,0.3136,11013290.0
1760112000,0.3136,0.3178,0.0465,0.2335,51852003.0
1760140800,0.2331,0.2489,0.2271,0.2382,18562540.0
1760169600,0.2382,0.2517,0.2367,0.2463,8945824.0
1760198400,0.2463,0.2474,0.2257,0.2364,7691751.0
1760227200,0.2365,0.2429,0.2302,0.2419,5349082.0
1760256000,0.2417,0.2561,0.2366,0.2553,6698018.0
1760284800,0.2553,0.269,0.2547,0.2641,5796142.0
1760313600,0.264,0.2737,0.2608,0.2689,4644360.0
1760342400,0.2692,0.2784,0.2644,0.2762,11390949.0
1760371200,0.2763,0.2885,0.2729,0.2843,7043027.0
1760400000,0.2843,0.2866,0.2542,0.2591,10665905.0
1760428800,0.259,0.2708,0.2545,0.2705,8914408.0
1760457600,0.2706,0.275,0.2667,0.2712,5721474.0
1760486400,0.2711,0.2733,0.2651,0.2707,3285013.0
1760515200,0.2706,0.2766,0.2561,0.2577,6924172.0
1760544000,0.2579,0.2602,0.2519,0.2581,3781842.0
1760572800,0.2581,0.2629,0.2566,0.2602,3041175.0
1760601600,0.2603,0.2672,0.2493,0.2506,7361545.0
1760630400,0.2505,0.2578,0.2452,0.2483,6065397.0
1760659200,0.2482,0.2499,0.218,0.2181,24317779.0
1760688000,0.2184,0.2306,0.2149,0.2276,12264783.0
1760716800,0.2275,0.2314,0.2243,0.2274,3520849.0
1760745600,0.2276,0.2337,0.2264,0.2297,2730397.0
1760774400,0.2297,0.2308,0.2242,0.2263,2904662.0
1760803200,0.2263,0.2296,0.2237,0.2283,1500409.0
1760832000,0.2283,0.2293,0.2245,0.2264,1261922.0
1760860800,0.2265,0.2339,0.2225,0.2325,5868510.0
1760889600,0.2326,0.2398,0.2315,0.2358,4353164.0
1760918400,0.2359,0.2474,0.2316,0.2447,2925972.0
1760947200,0.2447,0.2463,0.2412,0.2416,2557435.0
1760976000,0.2415,0.243,0.2367,0.2402,4058670.0
1761004800,0.24,0.2406,0.2289,0.2319,5942893.0
1761033600,0.2318,0.2509,0.2277,0.2497,6467946.0
1761062400,0.2497,0.2522,0.231,0.2322,5668044.0
1761091200,0.2322,0.236,0.2297,0.233,3548396.0
1761120000,0.2329,0.2364,0.2267,0.2333,4885835.0
1761148800,0.2332,0.2343,0.2212,0.2288,4092466.0
1761177600,0.2287,0.2352,0.2281,0.2336,1839167.0
1761206400,0.2335,0.2371,0.2296,0.2359,2735728.0
1761235200,0.2359,0.2391,0.2323,0.2343,2379272.0
1761264000,0.2345,0.2397,0.2333,0.2386,1587164.0
1761292800,0.2385,0.2478,0.2358,0.2388,4369525.0
1761321600,0.2388,0.244,0.2369,0.2431,2384056.0
1761350400,0.243,0.2436,0.2394,0.2404,1301564.0
1761379200,0.2405,0.2422,0.2391,0.2415,970170.0
1761408000,0.2415,0.2429,0.2405,0.2414,876935.0
1761436800,0.2414,0.2418,0.2379,0.2415,1251952.0
1761465600,0.2417,0.2477,0.2412,0.2459,2748944.0
1761494400,0.2458,0.25,0.2422,0.2482,2306661.0
1761523200,0.2483,0.2524,0.2463,0.248,2681311.0
1761552000,0.248,0.2484,0.2402,0.2426,3783210.0
1761580800,0.2428,0.2483,0.2395,0.2411,1960990.0
1761609600,0.2411,0.2465,0.2394,0.2421,1788360.0
1761638400,0.2422,0.2466,0.2381,0.2421,2267734.0
1761667200,0.242,0.2447,0.2313,0.2358,3167240.0
1761696000,0.2358,0.2366,0.2338,0.2355,1784165.0
1761724800,0.2354,0.2399,0.2333,0.2347,1929551.0
1761753600,0.2345,0.2453,0.2306,0.2363,6730462.0
1761782400,0.2364,0.2386,0.2268,0.2342,3406635.0
1761811200,0.2341,0.2347,0.2183,0.2191,4542244.0
1761840000,0.2191,0.2222,0.2132,0.2221,5315796.0
1761868800,0.2222,0.2297,0.2213,0.2273,3007443.0
1761897600,0.2273,0.2309,0.2255,0.2286,2197842.0
1761926400,0.2285,0.2303,0.2216,0.2269,2659809.0
1761955200,0.227,0.2314,0.2258,0.2308,1324982.0
1761984000,0.2308,0.2339,0.2297,0.2329,2559785.0
1762012800,0.2329,0.2345,0.2309,0.233,1547245.0
1762041600,0.2331,0.2362,0.2303,0.2356,1922289.0
1762070400,0.2355,0.2355,0.2245,0.2267,4140862.0
1762099200,0.2267,0.2337,0.2242,0.233,2060460.0
1762128000,0.2331,0.2335,0.2132,0.2166,3880927.0
1762156800,0.2166,0.2192,0.1979,0.2042,8230892.0
1762185600,0.2044,0.2122,0.2019,0.209,5118496.0
1762214400,0.2091,0.2145,0.2006,0.2019,6032293.0
1762243200,0.2018,0.2108,0.2011,0.2057,5686772.0
1762272000,0.2057,0.2074,0.1882,0.2006,13508167.0
1762300800,0.2006,0.2049,0.1911,0.203,4636300.0
1762329600,0.2025,0.2097,0.1994,0.2097,2908857.0
1762358400,0.2095,0.2149,0.2078,0.2119,2522937.0
1762387200,0.2119,0.2134,0.2076,0.2085,2287608.0
1762416000,0.2082,0.2143,0.2061,0.2073,5130715.0
1762444800,0.2074,0.2139,0.2044,0.212,3593546.0
1762473600,0.2121,0.222,0.2118,0.222,5339147.0
1762502400,0.222,0.2256,0.2092,0.2242,7742488.0
1762531200,0.2242,0.2458,0.2242,0.2372,8990872.0
1762560000,0.2373,0.2444,0.2277,0.2321,6803588.0
1762588800,0.232,0.2363,0.2273,0.2302,6894897.0
1762617600,0.2303,0.2358,0.2283,0.2358,4356468.0
1762646400,0.2358,0.2358,0.2227,0.2309,3353793.0
1762675200,0.2308,0.2372,0.2251,0.2357,4104945.0
1762704000,0.2358,0.2386,0.2318,0.2336,2853450.0
1762732800,0.2337,0.2386,0.232,0.2345,3277351.0
1762761600,0.2346,0.2384,0.2298,0.233,3577496.0
1762790400,0.2331,0.2402,0.2293,0.2383,2934360.0
1762819200,0.2383,0.2418,0.2268,0.2269,4040136.0
1762848000,0.2268,0.2334,0.2266,0.23,2177766.0
1762876800,0.2303,0.2342,0.2234,0.2239,3098864.0
1762905600,0.2239,0.2295,0.2218,0.2269,2481668.0
1762934400,0.227,0.2354,0.2248,0.2259,4046034.0
1762963200,0.2258,0.2263,0.2156,0.2202,7089158.0
1762992000,0.2202,0.2263,0.2178,0.2233,3478695.0
1763020800,0.2234,0.226,0.2191,0.2202,3978627.0
1763049600,0.22,0.2207,0.2042,0.2119,5690038.0
1763078400,0.2118,0.2135,0.2013,0.2111,5402555.0
1763107200,0.2112,0.2123,0.2026,0.2105,4040971.0
1763136000,0.2103,0.2121,0.1995,0.2036,3670856.0
1763164800,0.2035,0.2117,0.2034,0.209,3008268.0
1763193600,0.2088,0.21,0.2047,0.2073,1974140.0
1763222400,0.2072,0.2093,0.2047,0.2058,1028214.0
1763251200,0.2059,0.2083,0.2021,0.2082,997701.0
1763280000,0.2082,0.2102,0.1977,0.198,2679719.0
1763308800,0.1982,0.2008,0.1933,0.1989,5243815.0
1763337600,0.1988,0.2024,0.1966,0.2011,2833488.0
1763366400,0.2011,0.2057,0.1957,0.1985,3751721.0
1763395200,0.1985,0.2015,0.189,0.1922,5392527.0
1763424000,0.1922,0.198,0.1885,0.1942,4633553.0
1763452800,0.1943,0.1979,0.192,0.1964,4629210.0
1763481600,0.1964,0.1996,0.196,0.198,2702259.0
1763510400,0.198,0.1996,0.1899,0.1947,2251420.0
1763539200,0.1948,0.1961,0.1885,0.1887,3520882.0
1763568000,0.1887,0.1917,0.1834,0.189,4770819.0
1763596800,0.1891,0.1891,0.1835,0.187,6684113.0
1763625600,0.187,0.1929,0.186,0.1871,7087914.0
1763654400,0.187,0.1873,0.1716,0.1784,9030848.0
1763683200,0.1784,0.1819,0.1584,0.1674,9343791.0
1763712000,0.1673,0.1697,0.1592,0.164,10329616.0
1763740800,0.1641,0.1693,0.1599,0.1657,7170536.0
1763769600,0.1657,0.1662,0.1613,0.1643,2357442.0
1763798400,0.1643,0.1646,0.1589,0.1619,3656740.0
1763827200,0.1618,0.1661,0.1617,0.1638,2451515.0
1763856000,0.1639,0.166,0.1631,0.1657,3226795.0
1763884800,0.1657,0.1682,0.1647,0.1664,2699221.0
1763913600,0.1664,0.1668,0.1634,0.1638,2786500.0
1763942400,0.1638,0.17,0.1624,0.1657,3107963.0
1763971200,0.1656,0.1661,0.1615,0.1649,3785628.0
1764000000,0.1649,0.1729,0.1648,0.1713,3587721.0
1764028800,0.1712,0.172,0.1679,0.168,2800433.0
1764057600,0.168,0.1716,0.1656,0.1676,3348472.0
1764086400,0.1675,0.1701,0.1652,0.169,2401017.0
1764115200,0.169,0.169,0.166,0.1668,3036837.0
1764144000,0.1667,0.1668,0.1622,0.1637,3001218.0
1764172800,0.1637,0.1705,0.1637,0.1689,3153165.0
1764201600,0.169,0.1709,0.1676,0.1686,2082977.0
1764230400,0.1685,0.17,0.1674,0.1696,1522033.0
1764259200,0.1695,0.1732,0.1692,0.1708,2641079.0
1764288000,0.1707,0.1719,0.1679,0.169,2384327.0
1764316800,0.1689,0.174,0.1687,0.1724,3493471.0
1764345600,0.1725,0.1725,0.1657,0.168,3002616.0
1764374400,0.1679,0.1695,0.1662,0.1665,1819723.0
1764403200,0.1664,0.1677,0.1657,0.1669,1187280.0
1764432000,0.1667,0.1668,0.164,0.1649,1620707.0
1764460800,0.1649,0.1668,0.1633,0.1648,2554970.0
1764489600,0.1647,0.1659,0.1622,0.1638,2356712.0
1764518400,0.1638,0.1649,0.1603,0.1608,2797834.0
1764547200,0.1608,0.1616,0.1494,0.1513,9196523.0
1764576000,0.1512,0.1526,0.1467,0.1493,5492987.0
1764604800,0.1493,0.1519,0.1466,0.1513,5859550.0
1764633600,0.1514,0.1528,0.1494,0.1505,2008059.0
1764662400,0.1504,0.1618,0.1483,0.1612,4463115.0
1764691200,0.1614,0.1618,0.1584,0.1592,3007986.0
1764720000,0.1593,0.1622,0.1586,0.1603,2232785.0
1764748800,0.1604,0.1607,0.1555,0.1582,3195520.0
1764777600,0.1583,0.1647,0.1573,0.1627,3128258.0
1764806400,0.1627,0.1641,0.1611,0.1619,2583476.0
1764835200,0.1619,0.1623,0.1581,0.1605,3295230.0
1764864000,0.1605,0.1611,0.1523,0.1545,7515876.0
1764892800,0.1545,0.1562,0.1534,0.1558,2733989.0
1764921600,0.1558,0.1558,0.1503,0.1516,4201024.0
1764950400,0.1517,0.1518,0.1471,0.1514,4579020.0
1764979200,0.1515,0.1543,0.1513,0.1532,1951145.0
1765008000,0.1532,0.1553,0.1522,0.1532,3490418.0
1765036800,0.1532,0.1555,0.1529,0.1544,4613039.0
1765065600,0.1545,0.1563,0.1534,0.1538,2017585.0
1765094400,0.1537,0.154,0.1462,0.1514,3971432.0
1765123200,0.1513,0.1534,0.1469,0.1488,3223575.0
1765152000,0.1488,0.1534,0.1477,0.1524,1632226.0
1765180800,0.1526,0.1561,0.1508,0.1515,2492978.0
1765209600,0.1514,0.1532,0.15,0.1507,2049076.0
1765238400,0.1506,0.1513,0.1489,0.1513,1834024.0
1765267200,0.1512,0.158,0.1501,0.1576,3152740.0
1765296000,0.1578,0.1616,0.1543,0.1561,5180333.0
1765324800,0.156,0.1563,0.1515,0.1521,3415830.0
1765353600,0.1522,0.1535,0.1507,0.1532,3654538.0
1765382400,0.153,0.1602,0.1514,0.1526,11127445.0
1765411200,0.1526,0.1529,0.1448,0.1464,6559640.0
1765440000,0.1463,0.1481,0.1454,0.1463,4232255.0
1765468800,0.1462,0.1515,0.1452,0.1497,4689268.0
1765497600,0.1498,0.1516,0.1477,0.151,3279590.0
1765526400,0.1511,0.1515,0.1427,0.1438,4356491.0
1765555200,0.1436,0.146,0.1415,0.1452,4849404.0
1765584000,0.1454,0.1468,0.1448,0.1453,2012320.0
1765612800,0.1453,0.1467,0.1448,0.1457,2290919.0
1765641600,0.1457,0.1465,0.144,0.1453,2253862.0
1765670400,0.1453,0.1459,0.1426,0.1429,2173558.0
1765699200,0.143,0.1433,0.1401,0.1407,3453154.0
1765728000,0.1408,0.1416,0.1366,0.1383,4999425.0
1765756800,0.1384,0.1428,0.138,0.1413,2855042.0
1765785600,0.1414,0.1419,0.134,0.135,5813181.0
1765814400,0.1349,0.1351,0.1305,0.1332,6020258.0
1765843200,0.1332,0.1334,0.1303,0.1319,3319878.0
1765872000,0.1319,0.1358,0.1318,0.1352,5495795.0
1765900800,0.1352,0.1355,0.1333,0.134,3424032.0
1765929600,0.134,0.1348,0.1326,0.1336,3659413.0
1765958400,0.1335,0.1373,0.1317,0.132,5092034.0
1765987200,0.1319,0.1326,0.1252,0.1264,6432562.0
1766016000,0.1263,0.1277,0.1248,0.1254,4042318.0
1766044800,0.1255,0.1307,0.1253,0.1298,5587524.0
1766073600,0.1298,0.1299,0.1203,0.1224,8127345.0
1766102400,0.1224,0.126,0.1203,0.1253,5071067.0
1766131200,0.1254,0.1279,0.1239,0.1257,9128612.0
1766160000,0.1258,0.1293,0.1247,0.1286,5297276.0
1766188800,0.1286,0.1306,0.1274,0.1305,2414873.0
1766217600,0.1305,0.1316,0.1293,0.1302,2486808.0
1766246400,0.1303,0.1313,0.1296,0.1311,1943505.0
1766275200,0.1311,0.1313,0.1283,0.13,2436832.0
1766304000,0.1299,0.1304,0.1246,0.1258,3591799.0
1766332800,0.1257,0.1274,0.1249,0.1265,2273864.0
1766361600,0.1265,0.1293,0.125,0.126,4053395.0
1766390400,0.1261,0.1272,0.1242,0.1256,6913149.0
1766419200,0.1256,0.1257,0.1204,0.123,5167550.0
1766448000,0.123,0.1246,0.1213,0.1218,3618107.0
1766476800,0.1218,0.1221,0.1162,0.1175,7397846.0
1766505600,0.1174,0.1194,0.1165,0.1172,5449687.0
1766534400,0.1172,0.1178,0.1145,0.1154,4141198.0
1766563200,0.1154,0.1194,0.1152,0.1193,5671905.0
1766592000,0.1193,0.1203,0.1185,0.1196,3016699.0
1766620800,0.1197,0.1208,0.1195,0.1204,1476757.0
1766649600,0.1204,0.121,0.1176,0.1191,2503489.0
1766678400,0.1192,0.12,0.1162,0.1166,2460809.0
1766707200,0.1165,0.1211,0.116,0.1184,3300787.0
1766736000,0.1183,0.1189,0.1154,0.1163,2833137.0
1766764800,0.1163,0.1181,0.1153,0.1174,2002972.0
1766793600,0.1174,0.118,0.1165,0.1169,1118496.0
1766822400,0.1168,0.1185,0.1157,0.1179,2881295.0
1766851200,0.1179,0.1218,0.1174,0.1216,3055500.0
1766880000,0.1217,0.1247,0.1212,0.1242,2868029.0
1766908800,0.1242,0.1263,0.123,0.1241,4817746.0
1766937600,0.124,0.1245,0.1214,0.1227,2927833.0
1766966400,0.1226,0.126,0.1223,0.1258,3355247.0
1766995200,0.1258,0.1266,0.1218,0.1239,4485728.0
1767024000,0.1239,0.124,0.121,0.1213,3355447.0
1767052800,0.1212,0.1217,0.1193,0.1204,2975084.0
1767081600,0.1205,0.1229,0.1203,0.1227,3330673.0
1767110400,0.1228,0.1235,0.1215,0.1231,2468312.0
1767139200,0.1232,0.1243,0.1226,0.1235,2605982.0
1767168000,0.1235,0.1288,0.1231,0.1265,6851851.0
1767196800,0.1266,0.1267,0.1204,0.1215,5374511.0
1767225600,0.1215,0.1226,0.1192,0.1215,3505039.0
1767254400,0.1215,0.1271,0.1209,0.1266,2911387.0
1767283200,0.1266,0.1294,0.125,0.1285,4234058.0
1767312000,0.1286,0.1293,0.1272,0.1281,2539387.0
1767340800,0.1281,0.1317,0.128,0.1302,5135520.0
1767369600,0.1302,0.1336,0.1299,0.1331,4478629.0
1767398400,0.1331,0.1396,0.1327,0.133,4188707.0
1767427200,0.133,0.1358,0.1325,0.1338,3015488.0
1767456000,0.1338,0.1364,0.1337,0.136,1795038.0
1767484800,0.1359,0.1385,0.1359,0.137,3412605.0
1767513600,0.1369,0.1392,0.1362,0.1388,2263941.0
1767542400,0.1388,0.141,0.1374,0.14,4078271.0
1767571200,0.1399,0.1418,0.1362,0.1384,3949753.0
1767600000,0.1383,0.1409,0.1358,0.1409,3687373.0
1767628800,0.141,0.145,0.1387,0.1434,3759724.0
1767657600,0.1435,0.1452,0.1416,0.1422,3585829.0
1767686400,0.1423,0.1489,0.1419,0.1459,4086910.0
1767715200,0.146,0.1477,0.1392,0.1473,5689785.0
1767744000,0.1472,0.1472,0.143,0.1458,2307164.0
1767772800,0.1459,0.1479,0.1399,0.1409,3740052.0
1767801600,0.1408,0.1426,0.1389,0.1404,3518934.0
1767830400,0.1404,0.1415,0.1367,0.1392,3170213.0
1767859200,0.1392,0.1401,0.1351,0.1399,3408014.0
1767888000,0.14,0.1403,0.1375,0.1396,2648489.0
1767916800,0.1396,0.1418,0.138,0.1406,2652940.0
1767945600,0.1408,0.1465,0.1379,0.1444,4899411.0
1767974400,0.1445,0.148,0.1408,0.1445,5966292.0
1768003200,0.1446,0.1468,0.1413,0.1467,4016171.0
1768032000,0.1466,0.1494,0.1446,0.1461,4137995.0
1768060800,0.146,0.1498,0.1447,0.1461,4632816.0
1768089600,0.1462,0.1474,0.1437,0.1447,4579887.0
1768118400,0.1445,0.145,0.1412,0.142,2722119.0
1768147200,0.1419,0.1444,0.1385,0.1399,3650479.0
1768176000,0.14,0.1447,0.1381,0.1396,4401345.0
1768204800,0.1395,0.1404,0.1344,0.1391,5840124.0
1768233600,0.1392,0.1405,0.1337,0.1346,4462886.0
1768262400,0.1346,0.14,0.134,0.1395,2823627.0
1768291200,0.1394,0.1492,0.1393,0.1465,11063679.0
1768320000,0.1466,0.1513,0.1457,0.1489,6802511.0
1768348800,0.1489,0.1566,0.1482,0.1503,12415346.0
1768377600,0.1503,0.1576,0.1492,0.155,7709518.0
1768406400,0.1551,0.1568,0.1495,0.1508,6282420.0
1768435200,0.1507,0.1511,0.145,0.149,3890871.0
1768464000,0.1489,0.1493,0.143,0.1459,3778065.0
1768492800,0.1458,0.1488,0.1426,0.1447,3566451.0
1768521600,0.1447,0.1494,0.144,0.1473,3460973.0
1768550400,0.1472,0.1478,0.1387,0.1399,3905680.0
1768579200,0.1398,0.146,0.1388,0.1456,4811341.0
1768608000,0.1457,0.1549,0.1453,0.1547,14880293.0
1768636800,0.1546,0.1734,0.1538,0.1698,37077670.0
1768665600,0.1697,0.1743,0.1629,0.1646,22641092.0
1768694400,0.1646,0.1792,0.1586,0.1627,53688896.0
1768723200,0.1625,0.1686,0.1564,0.1581,17258728.0
1768752000,0.158,0.1622,0.1527,0.1527,10533557.0
1768780800,0.1527,0.1528,0.137,0.1471,19599387.0
1768809600,0.1471,0.1595,0.1465,0.1495,16134035.0
1768838400,0.1494,0.1644,0.1492,0.1592,17706090.0
1768867200,0.1593,0.1631,0.1534,0.1542,25628705.0
1768896000,0.1542,0.1666,0.1531,0.1568,37839664.0
1768924800,0.1568,0.1573,0.1497,0.1517,14647124.0
1768953600,0.1516,0.1646,0.1497,0.154,21861285.0
1768982400,0.1539,0.1612,0.1513,0.1549,17175409.0
1769011200,0.1548,0.1615,0.147,0.1573,11975746.0
1769040000,0.1573,0.1785,0.1572,0.1704,37470981.0
1769068800,0.1702,0.1725,0.1591,0.1615,12812032.0
1769097600,0.1615,0.1688,0.1601,0.1683,7537665.0
1769126400,0.1684,0.1886,0.1655,0.1729,27212555.0
1769155200,0.1728,0.1756,0.168,0.1697,12675313.0
1769184000,0.1697,0.1723,0.1646,0.1657,6535330.0
1769212800,0.1656,0.167,0.1602,0.161,6369699.0
1769241600,0.1609,0.1629,0.1568,0.1575,5276055.0
1769270400,0.1575,0.1586,0.155,0.1564,2881425.0
1769299200,0.1565,0.1571,0.1518,0.1522,4267023.0
1769328000,0.1521,0.1528,0.1463,0.1478,4411854.0
1769356800,0.1477,0.1483,0.1381,0.1413,6702056.0
1769385600,0.1412,0.1494,0.1397,0.1465,5818140.0
1769414400,0.1463,0.1487,0.1447,0.1459,5867891.0
1769443200,0.1459,0.1462,0.1421,0.1437,3915735.0
1769472000,0.1436,0.1472,0.1421,0.1424,2794466.0
1769500800,0.1424,0.1427,0.137,0.1394,3922060.0
1769529600,0.1392,0.1419,0.137,0.1411,3863614.0
1769558400,0.141,0.1414,0.1375,0.1379,2626195.0
1769587200,0.1379,0.1395,0.1344,0.1348,5625451.0
1769616000,0.1349,0.1368,0.1341,0.1356,3153107.0
1769644800,0.1358,0.1359,0.1309,0.1324,3037069.0
1769673600,0.1322,0.1322,0.1246,0.1266,6015012.0
1769702400,0.1265,0.1283,0.1231,0.1257,4809961.0
1769731200,0.1257,0.1263,0.1212,0.1247,10752784.0
1769760000,0.1247,0.1262,0.1234,0.1246,2676808.0
1769788800,0.1245,0.1275,0.1226,0.1253,3068804.0
1769817600,0.1253,0.1256,0.1215,0.1224,1377878.0
1769846400,0.1226,0.1227,0.1152,0.117,4098798.0
1769875200,0.1169,0.1184,0.1035,0.1145,11253982.0
1769904000,0.1144,0.1166,0.1143,0.1162,2372123.0
1769932800,0.1162,0.1169,0.1116,0.1132,4738539.0
1769961600,0.1131,0.1147,0.1095,0.112,3270812.0
1769990400,0.1121,0.1146,0.1085,0.1125,4477741.0
1770019200,0.1126,0.1168,0.1117,0.116,3466006.0
1770048000,0.1159,0.1167,0.1139,0.114,1217780.0
1770076800,0.114,0.1147,0.111,0.1139,2160995.0
1770105600,0.1139,0.1145,0.1111,0.114,2193877.0
1770134400,0.1139,0.1165,0.1059,0.1113,6337799.0
1770163200,0.1112,0.1144,0.1109,0.1137,1682669.0
1770192000,0.1137,0.1142,0.1082,0.1093,1766638.0
1770220800,0.1092,0.1113,0.1068,0.1097,3290403.0
1770249600,0.1097,0.1107,0.1065,0.1072,1720201.0
1770278400,0.1072,0.1092,0.0971,0.0995,6740829.0
1770307200,0.0993,0.1004,0.09,0.0912,10941706.0
1770336000,0.0913,0.0967,0.0814,0.0948,10660787.0
1770364800,0.0949,0.1014,0.0936,0.101,4672838.0
1770393600,0.101,0.1056,0.1003,0.1022,3662699.0
1770422400,0.1022,0.1035,0.0987,0.0997,2553635.0
1770451200,0.0996,0.1083,0.099,0.1054,4986986.0
1770480000,0.1055,0.1089,0.1051,0.1059,6199995.0
1770508800,0.1058,0.1059,0.1017,0.102,1788871.0
1770537600,0.1019,0.1039,0.1008,0.1023,2815968.0
1770566400,0.1022,0.1034,0.0997,0.1016,1628861.0
1770595200,0.1015,0.1046,0.1002,0.1025,2871614.0
1770624000,0.1024,0.1029,0.0977,0.1002,2871889.0
1770652800,0.1002,0.1027,0.0996,0.1017,1659594.0
1770681600,0.1016,0.1027,0.098,0.0989,2000394.0
1770710400,0.099,0.1009,0.0984,0.0998,1808621.0
1770739200,0.0999,0.1006,0.0988,0.0992,1507464.0
1770768000,0.0992,0.1001,0.0953,0.0953,1853140.0
1770796800,0.0952,0.0994,0.094,0.0958,1998808.0
1770825600,0.0957,0.0997,0.0949,0.0978,2299202.0
1770854400,0.0978,0.101,0.0978,0.1007,1130374.0
1770883200,0.1008,0.1024,0.0989,0.099,2708776.0
1770912000,0.0991,0.1008,0.0972,0.0993,3969499.0
1770940800,0.0993,0.0999,0.0965,0.0974,2949671.0
1770969600,0.0975,0.1016,0.0973,0.1003,4365870.0
1770998400,0.1005,0.1028,0.1004,0.1025,2277726.0
1771027200,0.1025,0.1041,0.1015,0.1025,1542177.0
1771056000,0.1027,0.1068,0.1026,0.1068,1786718.0
1771084800,0.1069,0.1091,0.1062,0.1081,2325251.0
1771113600,0.1081,0.109,0.1059,0.1086,1628789.0
1771142400,0.1086,0.1088,0.1027,0.1034,2772746.0
1771171200,0.1033,0.1034,0.1013,0.1026,2053549.0
1771200000,0.1025,0.1032,0.1017,0.1021,787103.0
1771228800,0.1021,0.1039,0.0997,0.1009,2243560.0
1771257600,0.1007,0.1032,0.1007,0.1029,985986.0
1771286400,0.1026,0.1033,0.101,0.1017,537610.0
1771315200,0.1017,0.1019,0.099,0.1013,1177642.0
1771344000,0.1012,0.103,0.1001,0.1011,1232127.0
1771372800,0.1012,0.1026,0.1003,0.1021,523974.0
1771401600,0.1022,0.1026,0.0998,0.1014,1782868.0
1771430400,0.1014,0.1015,0.0977,0.0982,1230021.0
1771459200,0.0981,0.0989,0.0975,0.0979,917658.0
1771488000,0.0978,0.0979,0.0941,0.0951,2347948.0
1771516800,0.0951,0.0965,0.0943,0.0965,1033742.0
1771545600,0.0964,0.0979,0.0963,0.0973,632531.0
1771574400,0.0973,0.0982,0.0945,0.0981,2156103.0
1771603200,0.0982,0.0991,0.0967,0.0987,1863152.0
1771632000,0.0985,0.1001,0.0979,0.099,882450.0
1771660800,0.099,0.1007,0.0988,0.0998,1439882.0
1771689600,0.0998,0.1004,0.0971,0.0973,2334619.0
1771718400,0.0974,0.0974,0.095,0.0953,1085447.0
1771747200,0.0953,0.0962,0.0941,0.0949,1069530.0
1771776000,0.0948,0.0953,0.0933,0.0948,696712.0
1771804800,0.0949,0.095,0.0891,0.0931,4411163.0
1771833600,0.093,0.0954,0.0924,0.093,2996336.0
1771862400,0.0929,0.0933,0.0904,0.0912,3321430.0
1771891200,0.0913,0.0928,0.089,0.0894,2239942.0
1771920000,0.0893,0.092,0.0889,0.0914,2531262.0
1771948800,0.0914,0.0923,0.0885,0.0897,2378029.0
1771977600,0.0897,0.0933,0.0892,0.0913,3540787.0
1772006400,0.0914,0.0986,0.0909,0.098,2662225.0
1772035200,0.0981,0.1041,0.0981,0.1001,6352414.0
1772064000,0.1,0.1007,0.0982,0.0983,1870803.0
1772092800,0.0984,0.0993,0.0959,0.097,2044349.0
1772121600,0.0969,0.0973,0.0938,0.097,2295328.0
1772150400,0.097,0.101,0.0965,0.1003,2180650.0
1772179200,0.1004,0.101,0.0963,0.097,1780483.0
1772208000,0.0969,0.0977,0.0944,0.0963,1601401.0
1772236800,0.0962,0.0964,0.0903,0.0922,2566899.0
1772265600,0.0922,0.0934,0.0898,0.0921,3150343.0
1772294400,0.092,0.0979,0.0906,0.0971,2879640.0
1772323200,0.0972,0.1012,0.0954,0.0982,4341322.0
1772352000,0.0982,0.0985,0.095,0.0965,1655517.0
1772380800,0.0964,0.0969,0.0929,0.0955,2186162.0
1772409600,0.0956,0.0981,0.0952,0.0961,1504607.0
1772438400,0.0961,0.1013,0.0948,0.1003,3205727.0
1772467200,0.1004,0.1022,0.0966,0.0975,3414983.0
1772496000,0.0975,0.0976,0.0961,0.0968,1709293.0
1772524800,0.0968,0.0969,0.0936,0.0959,1836764.0
1772553600,0.0959,0.0978,0.0951,0.0968,2596007.0
1772582400,0.0968,0.0975,0.0948,0.0964,1862173.0
1772611200,0.0964,0.1008,0.0957,0.1008,3428328.0
1772640000,0.1009,0.1016,0.0987,0.0996,1582904.0
1772668800,0.0995,0.0999,0.0979,0.0991,1150393.0
1772697600,0.0991,0.1005,0.0976,0.0979,1491263.0
1772726400,0.098,0.0986,0.0954,0.0976,1868399.0
1772755200,0.0977,0.0986,0.0969,0.0982,696693.0
1772784000,0.0982,0.0983,0.0929,0.0933,3125006.0
1772812800,0.0933,0.0943,0.0924,0.0941,868869.0
1772841600,0.0941,0.0946,0.0922,0.0927,660718.0
1772870400,0.0926,0.0933,0.0912,0.0916,736609.0
1772899200,0.0916,0.0924,0.0908,0.0914,1440083.0
1772928000,0.0915,0.0916,0.0898,0.0912,1698573.0
1772956800,0.0912,0.0927,0.0893,0.0897,2862443.0
1772985600,0.0896,0.0913,0.0886,0.089,4012900.0
1773014400,0.0892,0.0913,0.0884,0.0895,3882935.0
1773043200,0.0895,0.0921,0.0891,0.0912,3312988.0
1773072000,0.0912,0.0923,0.0899,0.0905,1995819.0
1773100800,0.0906,0.0935,0.0902,0.0919,2718068.0
1773129600,0.0918,0.0943,0.091,0.0934,2150611.0
1773158400,0.0935,0.094,0.0904,0.0908,2151137.0
1773187200,0.0909,0.091,0.0896,0.0907,1109097.0
1773216000,0.0907,0.094,0.0906,0.0922,4319950.0
1773244800,0.0923,0.0934,0.092,0.0924,1639932.0
1773273600,0.0924,0.0927,0.0896,0.0903,1739093.0
1773302400,0.0903,0.0915,0.0893,0.0907,2415334.0
1773331200,0.0906,0.093,0.0902,0.0921,3945450.0
1773360000,0.0921,0.0938,0.0919,0.0932,2441944.0
1773388800,0.0931,0.0956,0.0926,0.0942,2336921.0
1773417600,0.0943,0.0946,0.0913,0.0917,1672856.0
1773446400,0.0916,0.093,0.09,0.0905,1579586.0
1773475200,0.0904,0.0917,0.0901,0.0904,1300683.0
1773504000,0.0904,0.0907,0.0897,0.0904,1644604.0
1773532800,0.0904,0.0913,0.0898,0.091,1443623.0
1773561600,0.091,0.0928,0.0906,0.0915,2427806.0
1773590400,0.0915,0.0932,0.0912,0.0926,2460273.0
1773619200,0.0927,0.0963,0.0921,0.0959,5490269.0
1773648000,0.0959,0.0966,0.094,0.0947,4808483.0
1773676800,0.0947,0.0985,0.0947,0.0978,3121609.0
1773705600,0.0979,0.0983,0.0947,0.096,2667873.0
1773734400,0.0961,0.0974,0.095,0.0963,2554227.0
1773763200,0.0962,0.0977,0.0961,0.0964,1311744.0
1773792000,0.0963,0.0983,0.0959,0.0981,3291102.0
1773820800,0.0981,0.0998,0.091,0.0918,10208536.0
1773849600,0.0917,0.0931,0.0908,0.0921,2137560.0
1773878400,0.092,0.0924,0.0898,0.0904,2067502.0
1773907200,0.0903,0.091,0.0885,0.0893,3151688.0
1773936000,0.0893,0.0902,0.0883,0.0897,1843886.0
1773964800,0.0898,0.0917,0.0896,0.0903,1795648.0
1773993600,0.0903,0.091,0.089,0.0898,1443141.0
1774022400,0.0898,0.09,0.088,0.0891,1410719.0
1774051200,0.0892,0.0899,0.0879,0.088,1772619.0
1774080000,0.088,0.089,0.0867,0.0889,2259845.0
1774108800,0.0889,0.0889,0.0841,0.0847,2927321.0
1774137600,0.0847,0.0862,0.0835,0.0848,2969051.0
1774166400,0.0847,0.085,0.0837,0.0844,2208351.0
1774195200,0.0845,0.0845,0.0822,0.0836,2382455.0
1774224000,0.0835,0.0857,0.0831,0.0835,1518068.0
1774252800,0.0835,0.0886,0.0833,0.0867,3512726.0
1774281600,0.0868,0.0878,0.0863,0.0877,1097281.0
1774310400,0.0877,0.0887,0.0862,0.0886,1538128.0
1774339200,0.0886,0.0888,0.0872,0.0878,2948764.0
1774368000,0.0879,0.0896,0.0868,0.0885,2444214.0
1774396800,0.0886,0.0888,0.0878,0.0881,651821.0
1774425600,0.0882,0.0893,0.0879,0.0884,860391.0
1774454400,0.0884,0.0894,0.088,0.0892,1328691.0
1774483200,0.0892,0.09,0.0866,0.0868,1627067.0
1774512000,0.0868,0.087,0.0847,0.0848,1637284.0
1774540800,0.0849,0.0853,0.0827,0.0833,2314350.0
1774569600,0.0833,0.0848,0.0831,0.0847,1328005.0
1774598400,0.0847,0.0849,0.0808,0.0814,2390502.0
1774627200,0.0814,0.082,0.0807,0.0813,987237.0
1774656000,0.0813,0.0819,0.0799,0.0818,984716.0
1774684800,0.0819,0.0839,0.0817,0.0826,1716054.0
1774713600,0.0828,0.0835,0.0811,0.0812,755226.0
1774742400,0.0813,0.0819,0.0807,0.0813,757894.0
1774771200,0.0813,0.0817,0.08,0.0803,1012786.0
1774800000,0.0803,0.0811,0.0781,0.08,1649028.0
1774828800,0.0801,0.0838,0.08,0.0837,1209293.0
1774857600,0.0838,0.0844,0.0823,0.0828,2109712.0
1774886400,0.0828,0.0835,0.081,0.0827,2051538.0
1774915200,0.0827,0.0837,0.0819,0.0826,975812.0
1774944000,0.0826,0.0837,0.081,0.0821,1962949.0
1774972800,0.0821,0.0849,0.0821,0.0847,1794433.0
1775001600,0.0847,0.0875,0.0846,0.0873,2835161.0
1775030400,0.0873,0.0905,0.087,0.0894,6210790.0
1775059200,0.0895,0.0896,0.0874,0.0878,1445462.0
1775088000,0.0879,0.0887,0.0849,0.0865,1731674.0
1775116800,0.0864,0.0868,0.0847,0.086,2313312.0
1775145600,0.0859,0.0867,0.0843,0.085,1075198.0
1775174400,0.0851,0.088,0.0845,0.0872,2067260.0
1775203200,0.0873,0.0891,0.0869,0.0871,1584425.0
1775232000,0.087,0.088,0.0863,0.0865,850884.0
1775260800,0.0865,0.0893,0.0863,0.0889,1503976.0
1775289600,0.089,0.0897,0.087,0.0877,936157.0
1775318400,0.0877,0.0887,0.0873,0.0876,506344.0
1775347200,0.0876,0.0877,0.0845,0.0847,855174.0
1775376000,0.0848,0.0861,0.084,0.0855,1272262.0
1775404800,0.0856,0.0866,0.0847,0.0863,1160363.0
1775433600,0.0864,0.0877,0.0863,0.0867,1001639.0
1775462400,0.0869,0.0889,0.0867,0.0873,1881653.0
1775491200,0.0873,0.0874,0.0844,0.0852,1815632.0
1775520000,0.0851,0.0851,0.0837,0.0848,974291.0
1775548800,0.0848,0.0851,0.0831,0.0836,1307629.0
1775577600,0.0837,0.0903,0.0833,0.0901,2062449.0
1775606400,0.0903,0.0908,0.0886,0.0892,1302180.0
1775635200,0.0892,0.0892,0.0867,0.0881,1809108.0
1775664000,0.0882,0.0896,0.0877,0.0882,4308869.0
1775692800,0.0883,0.091,0.0877,0.0906,4072817.0
1775721600,0.0906,0.0943,0.0893,0.0912,10586030.0
1775750400,0.0913,0.0936,0.0906,0.0918,6521209.0
1775779200,0.0919,0.0924,0.0903,0.0904,2199991.0
1775808000,0.0904,0.0929,0.0897,0.0914,3224437.0
1775836800,0.0914,0.0921,0.0901,0.0904,1737055.0
1775865600,0.0904,0.0904,0.0887,0.089,1173709.0
1775894400,0.0889,0.0897,0.088,0.0893,1267427.0
1775923200,0.0892,0.0915,0.0892,0.0899,1433696.0
1775952000,0.09,0.0902,0.0866,0.0868,2628483.0
1775980800,0.0868,0.0885,0.0861,0.0866,2354501.0
1776009600,0.0865,0.0878,0.0854,0.0857,1186678.0
1776038400,0.0858,0.0866,0.0852,0.0852,1159032.0
1776067200,0.0852,0.0881,0.085,0.0871,1352059.0
1776096000,0.0872,0.0898,0.0862,0.0897,1676616.0
1776124800,0.0896,0.0897,0.0873,0.0877,856629.0
1776153600,0.0878,0.0883,0.0861,0.0876,2833290.0
1776182400,0.0875,0.0878,0.0851,0.086,1557757.0
1776211200,0.086,0.0876,0.086,0.0865,818635.0
1776240000,0.0865,0.0886,0.0864,0.0878,1179606.0
1776268800,0.0878,0.0904,0.0878,0.0903,2538997.0
1776297600,0.0903,0.0927,0.0896,0.0918,3042157.0
1776326400,0.0918,0.0954,0.091,0.0944,8112378.0
1776355200,0.0947,0.097,0.0934,0.0949,4878762.0
1776384000,0.0948,0.0949,0.0919,0.094,1592983.0
1776412800,0.0941,0.0974,0.0927,0.0954,4308938.0
1776441600,0.0955,0.0966,0.0946,0.0954,2072863.0
1776470400,0.0953,0.0981,0.0939,0.0975,2708462.0
1776499200,0.0976,0.0979,0.0929,0.0935,4099068.0
1776528000,0.0934,0.0938,0.0915,0.0916,2442587.0
1776556800,0.0916,0.0927,0.0899,0.0916,1848189.0
1776585600,0.0916,0.0944,0.0912,0.0932,2618521.0
1776614400,0.0933,0.0933,0.0892,0.0894,2384163.0
1776643200,0.0895,0.0913,0.0891,0.0905,1678335.0
1776672000,0.0906,0.0923,0.0902,0.0914,1766154.0
1776700800,0.0912,0.0933,0.091,0.0917,1692448.0
1776729600,0.0917,0.0929,0.091,0.0915,1275711.0
1776758400,0.0913,0.0922,0.0906,0.0913,1395415.0
1776787200,0.0912,0.0926,0.0895,0.0924,1573365.0
1776816000,0.0925,0.094,0.0915,0.0932,2563706.0
1776844800,0.0932,0.0933,0.0918,0.093,2195543.0
1776873600,0.0929,0.0938,0.0913,0.0913,1408249.0
1776902400,0.0913,0.0914,0.0894,0.0902,1583827.0
1776931200,0.0902,0.0921,0.0897,0.0919,1519964.0
1776960000,0.0921,0.0923,0.0902,0.0921,964458.0
1776988800,0.0921,0.0928,0.0912,0.092,4809298.0
1777017600,0.092,0.0932,0.0913,0.0932,1357678.0
1777046400,0.0933,0.0968,0.0927,0.0952,8616135.0
1777075200,0.0952,0.1003,0.0943,0.0987,13671927.0
1777104000,0.0986,0.1017,0.0958,0.0963,13736616.0
1777132800,0.0965,0.0976,0.0947,0.0971,2164340.0
1777161600,0.097,0.097,0.0937,0.095,2049685.0
1777190400,0.0949,0.096,0.094,0.0959,1979845.0
1777219200,0.0958,0.0959,0.0942,0.0948,1999629.0
1777248000,0.0947,0.0959,0.092,0.0925,2220532.0
1777276800,0.0924,0.0936,0.0916,0.0918,1449989.0
1777305600,0.0917,0.0932,0.0915,0.0931,957184.0
1777334400,0.0931,0.0936,0.092,0.0931,1326774.0
1777363200,0.093,0.0935,0.0915,0.0921,1373551.0
1777392000,0.0921,0.0926,0.0913,0.0916,1623752.0
1777420800,0.0917,0.0931,0.0909,0.0922,1233993.0
1777449600,0.0921,0.093,0.0894,0.0895,1697103.0
1777478400,0.0894,0.0906,0.0876,0.0901,1730911.0
1777507200,0.0901,0.0914,0.0889,0.09,1047545.0
1777536000,0.0901,0.0906,0.0895,0.0902,1434655.0
1777564800,0.0902,0.0903,0.0891,0.0895,424905.0
1777593600,0.0894,0.0909,0.0893,0.0898,856253.0
1777622400,0.0899,0.0911,0.0893,0.0906,919232.0
1777651200,0.0908,0.0909,0.0894,0.0898,689526.0
1777680000,0.09,0.0903,0.0891,0.0895,1466824.0
1777708800,0.0896,0.0906,0.0894,0.0905,622788.0
1777737600,0.0905,0.0912,0.0899,0.0908,795266.0
1777766400,0.0908,0.091,0.0897,0.0903,802488.0
1777795200,0.0903,0.0908,0.0889,0.0891,2544026.0
1777824000,0.0891,0.0896,0.0878,0.0881,1966969.0
1777852800,0.0882,0.09,0.087,0.0894,2130982.0
1777881600,0.0895,0.0898,0.0871,0.0879,2993781.0
1777910400,0.0879,0.0886,0.087,0.0873,1792591.0
1777939200,0.0873,0.0894,0.0873,0.089,1840298.0
1777968000,0.089,0.0901,0.0889,0.0891,1547658.0
1777996800,0.0891,0.0911,0.0888,0.0903,1303629.0
1778025600,0.0903,0.0927,0.0901,0.0926,2303630.0
1778054400,0.0926,0.0942,0.0912,0.0924,2657665.0
1778083200,0.0924,0.093,0.0916,0.0928,872297.0
1778112000,0.0927,0.0938,0.0909,0.0935,2142441.0
1778140800,0.0936,0.0936,0.0907,0.0912,2130163.0
1778169600,0.0911,0.0925,0.0908,0.0919,1234308.0
1778198400,0.0921,0.093,0.0916,0.0922,1941581.0
1778227200,0.0922,0.0963,0.0922,0.0958,3774639.0
1778256000,0.0959,0.0983,0.0953,0.097,3941509.0
1778284800,0.097,0.0993,0.0968,0.0978,3137208.0
1778313600,0.0978,0.0991,0.0952,0.0955,2197349.0
1778342400,0.0954,0.0974,0.0952,0.0965,1281969.0
1778371200,0.0964,0.0981,0.0953,0.0977,1733808.0
1778400000,0.0976,0.0996,0.0974,0.0994,2406302.0
1778428800,0.0994,0.1026,0.0969,0.0993,6505806.0
1778457600,0.0994,0.1008,0.0972,0.0996,2412757.0
1778486400,0.0997,0.1008,0.0983,0.0996,2603522.0
1778515200,0.0994,0.1006,0.0988,0.1002,1338900.0
1778544000,0.1003,0.1016,0.0983,0.1011,4142816.0
1778572800,0.101,0.1012,0.096,0.0964,2370137.0
1778601600,0.0963,0.0992,0.0961,0.0978,1264991.0
1778630400,0.0978,0.1005,0.0977,0.1001,1530736.0
1778659200,0.1001,0.1011,0.0944,0.095,3071815.0
1778688000,0.0948,0.0968,0.0947,0.0953,732540.0
1778716800,0.0953,0.0959,0.0935,0.0951,894329.0
1778745600,0.095,0.0977,0.0945,0.0975,1315920.0
1778774400,0.0975,0.0981,0.0958,0.0958,1031418.0
1778803200,0.096,0.0968,0.0935,0.0947,775457.0
1778832000,0.0947,0.095,0.0909,0.0917,1979483.0
1778860800,0.0917,0.0926,0.0913,0.0919,476443.0
1778889600,0.092,0.0921,0.0878,0.0889,1641502.0
1778918400,0.0889,0.0901,0.0874,0.0899,1048867.0
1778947200,0.0898,0.0903,0.0896,0.0897,497377.0
1778976000,0.0897,0.0904,0.0888,0.09,801982.0
1779004800,0.09,0.09,0.0885,0.089,900351.0
1779033600,0.0891,0.0896,0.0843,0.0869,2523718.0
1779062400,0.0869,0.0877,0.0859,0.0868,1674601.0
1779091200,0.0869,0.0879,0.0856,0.0864,1309135.0
1779120000,0.0864,0.089,0.0863,0.0889,877801.0
1779148800,0.0887,0.0894,0.0876,0.0887,520609.0
1779177600,0.0887,0.0893,0.0878,0.088,1067225.0
1779206400,0.0881,0.089,0.0877,0.0881,751428.0
1779235200,0.088,0.0905,0.0875,0.0897,1367973.0
1779264000,0.0897,0.09,0.0879,0.0892,538051.0
1779292800,0.0893,0.0898,0.0884,0.089,653574.0
1779321600,0.0889,0.09,0.0885,0.0891,852149.0
1779350400,0.0894,0.0896,0.0879,0.0886,983147.0
1779379200,0.0886,0.0904,0.0882,0.0897,991243.0
1779408000,0.0896,0.0904,0.0892,0.0898,708826.0
1779436800,0.0898,0.0903,0.0882,0.089,1305751.0
1779465600,0.089,0.0892,0.0849,0.0854,1860265.0
1779494400,0.0853,0.087,0.0831,0.084,1746927.0
1779523200,0.0841,0.0863,0.0832,0.0861,959369.0
1779552000,0.0861,0.0896,0.086,0.0881,1048447.0
1779580800,0.0882,0.0882,0.0865,0.0868,473382.0
1779609600,0.0869,0.0874,0.0851,0.0861,1006678.0
1779638400,0.0862,0.087,0.0846,0.0862,1192725.0
1779667200,0.0863,0.0878,0.0859,0.0878,463175.0
1779696000,0.0878,0.0881,0.0869,0.0877,666759.0
1779724800,0.0878,0.0882,0.0862,0.0868,1005900.0
1779753600,0.0868,0.0871,0.0857,0.0865,598812.0
1779782400,0.0866,0.0886,0.0864,0.087,1527202.0
1779811200,0.0868,0.0869,0.0852,0.0854,905342.0
1779840000,0.0854,0.0862,0.0843,0.0859,1291388.0
1779868800,0.086,0.0867,0.0849,0.0862,831421.0
1779897600,0.0864,0.0864,0.0833,0.0838,1167163.0
1779926400,0.0839,0.0844,0.0812,0.0824,2022320.0
1779955200,0.0825,0.0833,0.0818,0.0831,1220971.0
1779984000,0.0829,0.0849,0.0827,0.084,2392334.0
1780012800,0.0839,0.0844,0.0829,0.0836,1338154.0
1780041600,0.0836,0.0855,0.0823,0.085,2042855.0
1780070400,0.085,0.0853,0.0832,0.0847,1450782.0
1780099200,0.0848,0.0875,0.0845,0.0859,2875881.0
1780128000,0.0859,0.0867,0.0851,0.0853,920552.0
1780156800,0.0853,0.0856,0.0843,0.0848,694515.0
1780185600,0.0848,0.0855,0.0838,0.0839,608061.0
1780214400,0.084,0.0848,0.0826,0.083,1080967.0
1780243200,0.083,0.0852,0.0823,0.0848,749741.0
1780272000,0.0849,0.0861,0.0838,0.0838,1527471.0
1780300800,0.0838,0.0844,0.0827,0.0832,1238432.0
1780329600,0.0833,0.0854,0.083,0.084,912073.0
1780358400,0.0842,0.0842,0.0816,0.0822,855827.0
1780387200,0.0821,0.0823,0.0778,0.0786,2428658.0
1780416000,0.0785,0.0804,0.0767,0.078,2012365.0
1780444800,0.078,0.0812,0.0772,0.081,1502202.0
1780473600,0.081,0.0811,0.0796,0.08,1732922.0
1780502400,0.08,0.0803,0.0773,0.0776,1665278.0
1780531200,0.0776,0.0782,0.0712,0.0729,3473751.0
1780560000,0.0728,0.0754,0.0707,0.0748,3852525.0
1780588800,0.0747,0.075,0.0721,0.073,1274244.0
1780617600,0.073,0.0733,0.0668,0.0696,3381874.0
1780646400,0.0697,0.0704,0.0667,0.0675,3254725.0
1780675200,0.0673,0.0696,0.0657,0.068,3719373.0
1780704000,0.068,0.0689,0.0637,0.0666,2420459.0
1780732800,0.0668,0.0675,0.0655,0.0666,2015061.0
1780761600,0.0666,0.0669,0.0658,0.0662,1517635.0
1780790400,0.0663,0.0682,0.0658,0.0677,1677289.0
1780819200,0.0678,0.0691,0.0661,0.0672,1432714.0
1780848000,0.0672,0.069,0.0648,0.0672,4846407.0
1780876800,0.0672,0.0681,0.0652,0.0659,1634540.0
1780905600,0.0658,0.0682,0.0655,0.067,2200126.0
1780934400,0.067,0.0681,0.0664,0.0666,828788.0
1780963200,0.0668,0.0668,0.0647,0.0663,2654635.0
1780992000,0.0662,0.0664,0.0643,0.0645,1613841.0
1781020800,0.0646,0.0664,0.064,0.0656,1359184.0
1781049600,0.0656,0.066,0.0645,0.0649,1083793.0
1781078400,0.0649,0.0669,0.0642,0.0665,1769354.0
1781107200,0.0665,0.0667,0.0628,0.0639,1608540.0
1781136000,0.064,0.0665,0.064,0.0661,1240502.0
1781164800,0.0662,0.0679,0.066,0.0678,1603992.0
1781193600,0.0678,0.0692,0.067,0.0676,2162295.0
