timestamp,open,high,low,close,volume
1686614400,15.19,15.52,15.0,15.43,1193598.36
1686643200,15.43,16.0,14.76,14.8,2537202.19
1686672000,14.8,15.16,14.78,15.04,1083473.72
1686700800,15.03,15.3,14.92,15.05,655798.33
1686729600,15.06,15.29,15.01,15.11,631681.79
1686758400,15.1,15.37,14.06,14.48,2691411.41
1686787200,14.49,15.08,14.42,14.81,1359012.36
1686816000,14.81,14.92,14.37,14.48,1783044.48
1686844800,14.48,15.07,14.18,14.77,1558592.01
1686873600,14.78,14.99,14.63,14.85,473307.51
1686902400,14.85,15.09,14.38,15.0,1163300.11
1686931200,15.01,15.47,14.89,15.31,1173282.47
1686960000,15.32,16.12,15.16,15.85,1276046.99
1686988800,15.86,15.95,15.56,15.65,766402.97
1687017600,15.65,15.79,15.59,15.64,457871.44
1687046400,15.65,15.7,15.41,15.59,428874.45
1687075200,15.59,15.79,15.5,15.72,363974.43
1687104000,15.71,15.84,15.28,15.45,810839.56
1687132800,15.45,15.58,15.34,15.48,373839.01
1687161600,15.48,15.7,15.41,15.56,394513.79
1687190400,15.56,16.14,15.43,16.1,1121965.47
1687219200,16.1,16.3,15.92,15.98,706190.3
1687248000,15.97,16.1,15.73,15.95,683892.41
1687276800,15.95,16.69,15.85,16.64,1615499.01
1687305600,16.65,17.21,16.56,16.83,1317395.91
1687334400,16.82,17.09,16.54,16.89,1315797.5
1687363200,16.88,17.4,16.81,17.23,1513725.58
1687392000,17.23,17.75,17.14,17.37,1120535.02
1687420800,17.38,17.4,16.62,16.9,1624107.75
1687449600,16.89,17.11,16.57,16.62,802669.66
1687478400,16.62,16.86,16.52,16.78,577032.65
1687507200,16.78,17.05,16.16,16.98,1975242.34
1687536000,16.98,17.53,16.81,17.13,2299321.53
1687564800,17.14,17.53,17.02,17.07,1082607.69
1687593600,17.07,17.39,16.5,16.62,1059665.39
1687622400,16.62,16.8,16.37,16.64,766428.81
1687651200,16.64,17.37,16.57,17.28,809455.03
1687680000,17.27,17.38,16.76,17.12,1194521.06
1687708800,17.12,17.28,16.8,16.96,719065.16
1687737600,16.96,17.06,16.54,16.93,894318.49
1687766400,16.93,17.12,16.72,16.82,745356.45
1687795200,16.82,16.82,15.89,16.27,1416917.46
1687824000,16.27,16.74,16.13,16.73,768929.64
1687852800,16.74,16.83,16.33,16.39,1167390.95
1687881600,16.39,16.93,16.34,16.63,1014786.86
1687910400,16.63,16.65,15.79,15.98,1574837.67
1687939200,15.97,16.52,15.91,16.33,1085941.96
1687968000,16.33,16.41,15.6,15.97,1379472.66
1687996800,15.98,16.35,15.87,16.26,573195.54
1688025600,16.26,18.28,16.24,17.68,5569986.26
1688054400,17.67,18.06,17.44,17.99,1805069.93
1688083200,18.0,19.08,17.86,18.8,3753269.16
1688112000,18.79,19.56,17.01,18.28,4693010.94
1688140800,18.28,20.03,18.17,18.86,3007736.39
1688169600,18.85,19.0,17.9,18.45,2066400.38
1688198400,18.44,18.57,18.19,18.44,889745.46
1688227200,18.44,18.74,18.25,18.7,558946.09
1688256000,18.7,19.5,18.53,19.22,2009380.81
1688284800,19.22,19.41,18.77,19.29,1622817.95
1688313600,19.29,19.74,19.07,19.45,1240576.32
1688342400,19.46,19.66,19.17,19.43,818813.76
1688371200,19.42,19.51,18.94,19.29,1172533.98
1688400000,19.28,19.35,18.87,19.26,1073839.1
1688428800,19.25,19.5,19.06,19.1,648737.65
1688457600,19.09,19.94,19.07,19.84,1257027.48
1688486400,19.84,19.86,19.09,19.13,1190527.05
1688515200,19.14,19.38,19.1,19.32,396337.4
1688544000,19.32,19.53,18.32,18.59,1479631.59
1688572800,18.59,19.04,18.51,19.0,539939.52
1688601600,18.99,19.75,18.95,19.59,1732819.96
1688630400,19.6,20.36,18.82,19.71,3627979.21
1688659200,19.7,21.0,19.5,19.61,4237217.82
1688688000,19.61,20.52,19.26,19.46,2299462.6
1688716800,19.45,21.9,19.26,21.23,5213292.03
1688745600,21.22,21.86,21.04,21.5,2281341.85
1688774400,21.51,22.13,21.32,21.99,2203071.37
1688803200,21.98,22.5,21.37,21.52,2615728.61
1688832000,21.52,22.0,21.4,21.81,1654221.28
1688860800,21.82,22.38,21.4,21.56,1462951.62
1688889600,21.57,21.89,21.1,21.25,1515960.64
1688918400,21.25,21.48,20.99,21.32,888449.5
1688947200,21.32,21.37,20.56,20.74,1917206.62
1688976000,20.73,21.3,20.47,21.15,1573109.12
1689004800,21.16,21.81,20.91,21.3,2180774.2
1689033600,21.3,22.26,21.2,22.11,1766064.42
1689062400,22.11,22.37,21.83,22.13,1804147.83
1689091200,22.14,22.19,21.74,22.07,1046598.46
1689120000,22.06,22.27,21.86,22.03,959742.15
1689148800,22.02,22.8,21.94,22.42,3292009.79
1689177600,22.42,22.47,21.74,21.94,1834362.01
1689206400,21.93,22.02,21.42,21.76,1289259.72
1689235200,21.77,25.4,21.72,24.06,4687065.57
1689264000,24.06,26.82,24.06,26.01,10125813.73
1689292800,26.01,32.13,25.6,28.71,9524456.28
1689321600,28.71,29.98,27.38,28.17,4340991.17
1689350400,28.17,28.24,25.23,26.67,5706466.36
1689379200,26.67,28.94,26.45,28.73,5357636.05
1689408000,28.72,29.12,27.42,27.56,3550298.3
1689436800,27.56,28.19,27.01,27.46,2134724.3
1689465600,27.47,27.95,26.46,27.7,2647857.22
1689494400,27.7,28.7,27.65,28.1,2273860.61
1689523200,28.1,28.12,27.07,27.42,1787198.78
1689552000,27.41,28.49,27.2,27.64,2107755.15
1689580800,27.63,27.64,26.36,27.01,2927359.53
1689609600,27.01,27.26,25.55,26.8,3627722.96
1689638400,26.8,27.09,25.66,25.71,1921478.06
1689667200,25.71,26.12,24.76,25.53,3131638.12
1689696000,25.52,25.78,24.87,25.54,1274199.7
1689724800,25.54,26.59,25.35,26.21,1493708.44
1689753600,26.21,26.73,25.67,26.37,1638148.78
1689782400,26.36,26.99,26.19,26.31,1835048.02
1689811200,26.31,26.95,26.14,26.87,1089020.66
1689840000,26.86,27.38,25.57,25.69,2373571.31
1689868800,25.69,25.77,25.03,25.38,1514686.61
1689897600,25.38,25.62,25.08,25.18,909064.27
1689926400,25.17,25.6,25.06,25.31,1181720.39
1689955200,25.3,26.0,25.17,25.5,1204659.72
1689984000,25.51,25.97,25.45,25.77,555923.82
1690012800,25.77,25.89,25.4,25.68,536452.95
1690041600,25.69,25.75,24.0,24.52,1290521.44
1690070400,24.52,24.91,24.15,24.68,874636.78
1690099200,24.69,24.86,24.51,24.69,464115.55
1690128000,24.69,25.26,24.52,24.76,1002837.46
1690156800,24.76,24.83,24.07,24.58,686930.86
1690185600,24.57,24.63,22.89,23.21,2395236.97
1690214400,23.21,23.61,23.07,23.37,959898.39
1690243200,23.36,23.52,22.96,23.09,684191.01
1690272000,23.09,23.6,22.73,23.22,1193656.48
1690300800,23.22,23.46,23.07,23.27,644347.95
1690329600,23.28,23.69,23.17,23.48,922076.66
1690358400,23.47,25.0,23.43,24.91,2234038.58
1690387200,24.92,25.68,24.5,25.17,2877601.34
1690416000,25.18,25.53,24.66,25.02,1390155.86
1690444800,25.01,25.65,24.92,25.16,1659838.96
1690473600,25.15,25.34,24.71,25.1,1157662.24
1690502400,25.1,25.4,24.56,24.63,747646.11
1690531200,24.63,25.56,24.54,25.23,1278108.69
1690560000,25.23,25.42,24.81,24.82,710929.38
1690588800,24.82,25.25,24.75,25.07,593480.12
1690617600,25.07,25.21,24.92,25.08,582691.2
1690646400,25.07,25.39,25.03,25.17,592792.75
1690675200,25.17,25.21,24.84,24.93,443591.77
1690704000,24.93,25.1,24.73,24.9,622087.0
1690732800,24.89,25.0,23.47,24.25,1708979.86
1690761600,24.25,24.79,24.12,24.49,925738.47
1690790400,24.49,24.71,23.91,23.92,1125444.9
1690819200,23.93,24.15,23.52,23.73,1116181.71
1690848000,23.72,23.99,22.88,23.48,1481288.41
1690876800,23.48,23.63,22.84,23.27,1054948.7
1690905600,23.27,24.07,23.19,24.05,1061843.1
1690934400,24.06,24.29,23.58,23.64,1078735.57
1690963200,23.63,23.72,23.1,23.26,1032854.31
1690992000,23.25,23.33,22.82,23.15,1197090.79
1691020800,23.14,23.38,22.44,22.71,964712.96
1691049600,22.71,23.11,22.45,22.79,1124775.1
1691078400,22.8,23.11,22.47,22.65,892364.96
1691107200,22.65,23.02,22.48,22.97,774452.59
1691136000,22.96,23.57,22.83,23.35,1221820.89
1691164800,23.36,23.46,22.49,22.8,1228780.44
1691193600,22.8,22.88,22.49,22.77,563489.0
1691222400,22.77,22.94,22.49,22.59,544371.27
1691251200,22.59,22.7,22.23,22.65,673441.12
1691280000,22.66,23.13,22.58,23.02,689840.69
1691308800,23.03,23.48,22.85,23.03,1151250.08
1691337600,23.02,23.39,22.92,23.2,821379.93
1691366400,23.2,23.67,22.99,23.15,848015.1
1691395200,23.15,23.17,22.66,22.77,971638.03
1691424000,22.76,23.12,22.27,23.12,1483355.77
1691452800,23.11,23.39,23.02,23.23,710346.5
1691481600,23.23,23.91,23.16,23.73,1361101.2
1691510400,23.74,24.79,23.71,24.22,2581306.16
1691539200,24.22,24.63,24.16,24.57,804836.6
1691568000,24.57,24.99,24.43,24.56,2128950.88
1691596800,24.56,24.6,24.1,24.38,923887.47
1691625600,24.39,24.54,24.13,24.32,586617.08
1691654400,24.32,24.89,24.24,24.56,1244681.33
1691683200,24.56,24.75,24.36,24.62,725543.25
1691712000,24.63,24.93,24.47,24.49,715991.38
1691740800,24.49,24.88,24.39,24.55,829950.2
1691769600,24.55,24.66,24.34,24.62,869178.16
1691798400,24.63,24.76,24.4,24.54,556794.58
1691827200,24.54,24.71,24.45,24.66,339609.02
1691856000,24.67,25.24,24.64,24.91,917615.76
1691884800,24.91,24.95,24.65,24.77,524788.4
1691913600,24.77,24.88,24.47,24.59,615255.86
1691942400,24.58,24.69,24.21,24.23,873486.68
1691971200,24.22,24.52,24.06,24.41,752522.71
1692000000,24.42,24.89,24.33,24.82,782821.2
1692028800,24.82,25.3,24.53,25.18,1399659.99
1692057600,25.19,25.42,24.71,24.89,994492.95
1692086400,24.88,25.06,24.66,24.72,932809.07
1692115200,24.72,24.84,23.74,23.9,1929196.55
1692144000,23.91,24.03,23.35,23.45,1214157.43
1692172800,23.45,23.57,22.93,23.09,1102905.39
1692201600,23.08,23.64,22.36,22.82,2016161.58
1692230400,22.82,23.43,22.46,23.25,952342.41
1692259200,23.26,23.43,22.57,22.87,1561745.38
1692288000,22.87,23.32,20.0,21.66,3780464.3
1692316800,21.67,22.2,21.3,22.08,1211474.28
1692345600,22.08,22.18,21.55,21.6,1025197.7
1692374400,21.6,21.75,20.9,21.34,1653440.83
1692403200,21.34,21.85,21.29,21.83,643967.26
1692432000,21.83,21.99,21.6,21.97,477199.14
1692460800,21.98,22.18,21.71,21.9,573066.92
1692489600,21.89,21.96,21.57,21.74,283319.38
1692518400,21.74,22.04,21.64,21.8,409576.25
1692547200,21.8,21.95,21.58,21.77,360717.74
1692576000,21.78,21.79,21.29,21.35,501009.49
1692604800,21.34,21.4,20.3,20.71,1400314.46
1692633600,20.71,21.41,20.66,21.2,745068.53
1692662400,21.2,21.26,20.96,21.18,384616.39
1692691200,21.18,21.21,20.58,20.69,731488.53
1692720000,20.69,20.73,19.35,20.59,2519795.79
1692748800,20.59,20.9,20.47,20.75,669035.03
1692777600,20.76,20.99,20.33,20.92,998185.69
1692806400,20.92,21.82,20.9,21.74,2037129.78
1692835200,21.74,22.02,21.6,21.74,601404.84
1692864000,21.74,21.92,21.01,21.03,1074211.49
1692892800,21.04,21.2,20.67,21.06,1043716.21
1692921600,21.05,21.06,20.42,20.56,534318.2
1692950400,20.56,20.89,20.25,20.34,1018289.6
1692979200,20.35,20.47,20.09,20.42,769220.5
1693008000,20.42,20.44,20.21,20.31,316235.18
1693036800,20.31,20.4,20.19,20.37,237450.9
1693065600,20.37,20.39,20.2,20.29,190004.19
1693094400,20.28,20.43,20.24,20.38,151862.97
1693123200,20.39,20.92,20.37,20.75,617259.39
1693152000,20.74,20.84,20.55,20.79,334404.45
1693180800,20.79,20.79,20.21,20.39,406277.5
1693209600,20.39,20.8,20.03,20.54,676629.42
1693238400,20.54,20.68,20.37,20.56,539436.86
1693267200,20.57,20.77,20.22,20.27,436084.24
1693296000,20.26,22.05,20.12,21.32,2904663.9
1693324800,21.33,21.96,21.2,21.79,1931053.81
1693353600,21.79,21.99,21.47,21.64,563508.16
1693382400,21.63,21.72,20.66,20.84,1453611.33
1693411200,20.83,20.9,20.6,20.82,445587.28
1693440000,20.82,20.85,20.61,20.78,292001.89
1693468800,20.77,21.07,20.22,20.33,968132.43
1693497600,20.33,20.34,19.43,19.74,2082512.56
1693526400,19.74,19.93,19.7,19.8,535527.71
1693555200,19.81,19.93,19.28,19.39,890876.36
1693584000,19.4,19.56,19.02,19.33,1090971.31
1693612800,19.33,19.66,19.31,19.58,420004.36
1693641600,19.58,19.69,19.37,19.56,488982.99
1693670400,19.55,19.6,19.13,19.5,510256.24
1693699200,19.5,19.67,19.46,19.52,289721.45
1693728000,19.53,19.57,19.3,19.34,396607.06
1693756800,19.34,19.64,19.23,19.57,345789.11
1693785600,19.57,20.05,19.55,19.78,951916.67
1693814400,19.77,19.88,19.23,19.41,861611.37
1693843200,19.4,19.55,19.15,19.52,392512.41
1693872000,19.52,19.56,19.03,19.4,768504.68
1693900800,19.41,20.6,19.25,20.41,2472390.27
1693929600,20.4,20.58,20.07,20.26,956276.8
1693958400,20.26,20.39,19.69,19.74,987312.33
1693987200,19.73,19.87,19.14,19.38,1329380.74
1694016000,19.39,19.87,19.14,19.64,1113254.41
1694044800,19.63,19.83,19.55,19.55,743356.49
1694073600,19.55,19.62,19.32,19.52,676100.17
1694102400,19.53,20.0,19.52,19.92,956170.49
1694131200,19.92,20.28,19.82,19.9,687730.25
1694160000,19.9,19.92,19.37,19.52,898576.53
1694188800,19.52,19.65,19.38,19.61,385748.08
1694217600,19.6,19.61,19.46,19.46,174087.71
1694246400,19.46,19.59,19.45,19.53,210899.39
1694275200,19.53,19.57,19.38,19.44,261392.42
1694304000,19.43,19.44,18.0,18.53,2453083.85
1694332800,18.52,18.52,17.78,18.22,1738991.24
1694361600,18.22,18.6,17.81,18.24,1438900.62
1694390400,18.23,18.46,17.98,18.19,1196124.48
1694419200,18.2,18.22,17.33,17.84,2483070.1
1694448000,17.84,18.0,17.42,17.72,1075978.19
1694476800,17.72,18.53,17.57,17.98,1698608.63
1694505600,17.98,18.8,17.91,18.0,2228147.7
1694534400,18.0,18.32,17.68,17.92,891492.78
1694563200,17.91,18.56,17.69,17.89,1186629.05
1694592000,17.9,18.55,17.86,18.36,1299909.02
1694620800,18.36,18.54,17.89,18.4,1577172.29
1694649600,18.4,19.33,18.38,18.79,1850551.77
1694678400,18.79,19.19,18.54,18.97,1705587.21
1694707200,18.97,19.13,18.79,18.85,841608.4
1694736000,18.85,19.29,18.73,19.08,483531.9
1694764800,19.08,19.24,18.73,18.88,605367.36
1694793600,18.89,19.5,18.55,19.14,998989.0
1694822400,19.15,19.46,19.05,19.11,628867.37
1694851200,19.11,19.25,18.86,18.97,428299.06
1694880000,18.96,19.15,18.92,19.12,359252.3
1694908800,19.12,19.14,18.74,18.9,340110.46
1694937600,18.91,19.11,18.88,18.98,242097.63
1694966400,18.97,19.0,18.63,18.81,491031.63
1694995200,18.81,19.31,18.58,19.13,1087416.02
1695024000,19.12,20.15,19.09,19.95,1612977.94
1695052800,19.96,20.06,19.5,19.64,1031457.9
1695081600,19.65,19.99,19.58,19.79,436179.64
1695110400,19.79,20.42,19.76,20.13,1450010.58
1695139200,20.13,20.15,19.83,20.03,1224291.07
1695168000,20.02,20.24,19.8,19.95,524544.17
1695196800,19.95,20.37,19.87,20.19,879493.99
1695225600,20.2,20.54,19.88,20.29,1184361.04
1695254400,20.29,20.29,19.76,19.92,876029.38
1695283200,19.92,19.96,19.29,19.6,1645149.13
1695312000,19.61,19.71,19.42,19.46,438191.73
1695340800,19.45,19.73,19.23,19.63,622134.8
1695369600,19.63,19.81,19.45,19.47,565230.24
1695398400,19.47,19.5,19.15,19.43,670406.29
1695427200,19.42,19.57,19.29,19.52,375829.21
1695456000,19.52,19.54,19.3,19.32,295037.97
1695484800,19.31,19.49,19.29,19.49,227045.82
1695513600,19.48,19.66,19.44,19.62,306642.56
1695542400,19.62,19.68,19.44,19.53,310090.94
1695571200,19.53,19.66,19.2,19.36,474293.47
1695600000,19.36,19.6,19.07,19.48,611797.82
1695628800,19.49,19.68,19.4,19.57,618962.18
1695657600,19.58,19.74,19.35,19.39,472235.14
1695686400,19.39,19.53,19.29,19.33,663904.29
1695715200,19.33,19.43,19.13,19.17,556905.09
1695744000,19.16,19.3,18.84,19.03,756386.22
1695772800,19.03,19.13,18.9,18.95,359971.72
1695801600,18.95,19.48,18.76,18.95,1534962.69
1695830400,18.94,19.16,18.73,19.14,551503.79
1695859200,19.13,19.44,19.1,19.22,623467.85
1695888000,19.22,19.62,19.1,19.59,915349.82
1695916800,19.6,19.98,19.43,19.96,1266017.79
1695945600,19.97,20.35,19.85,20.27,1112708.82
1695974400,20.27,20.46,20.03,20.34,1111668.39
1696003200,20.33,20.36,20.08,20.28,500607.21
1696032000,20.28,20.45,20.07,20.31,412204.97
1696060800,20.32,21.65,20.26,21.43,2036435.66
1696089600,21.44,21.81,21.23,21.37,1116716.89
1696118400,21.37,21.43,21.13,21.37,545442.9
1696147200,21.37,24.25,21.36,23.1,3427440.47
1696176000,23.09,24.5,22.44,23.87,2443445.13
1696204800,23.88,24.8,23.58,24.33,2108645.56
1696233600,24.33,24.52,23.59,24.06,2185528.88
1696262400,24.05,24.29,22.9,23.37,2018911.07
1696291200,23.38,24.25,23.3,23.82,1399093.07
1696320000,23.82,24.77,23.75,23.99,2917876.24
1696348800,23.99,24.33,23.21,23.6,1577752.95
1696377600,23.61,23.66,22.78,23.17,1374960.21
1696406400,23.16,23.86,22.67,22.69,1498746.16
1696435200,22.69,23.31,22.58,23.13,1071554.96
1696464000,23.13,23.76,22.83,23.01,930004.79
1696492800,23.0,23.59,22.62,22.8,1354173.36
1696521600,22.8,23.06,22.53,22.7,1003544.63
1696550400,22.7,23.45,22.66,23.34,905066.12
1696579200,23.34,23.68,22.7,23.51,2260024.36
1696608000,23.51,23.76,23.29,23.41,1201271.64
1696636800,23.41,24.21,23.34,23.53,1089509.13
1696665600,23.52,23.84,23.29,23.34,1440323.85
1696694400,23.34,23.45,23.08,23.3,420008.74
1696723200,23.29,23.64,23.18,23.33,780939.92
1696752000,23.33,23.53,23.06,23.48,630123.03
1696780800,23.49,23.56,23.17,23.22,523403.18
1696809600,23.21,23.37,22.85,22.99,627304.68
1696838400,22.99,23.01,22.05,22.2,2003467.37
1696867200,22.21,22.43,21.59,22.1,1555518.43
1696896000,22.09,22.4,21.88,22.33,534558.66
1696924800,22.32,22.48,21.93,21.98,1001284.22
1696953600,21.97,22.19,21.69,22.11,798873.36
1696982400,22.11,22.36,21.73,22.02,929100.9
1697011200,22.01,22.43,21.9,21.99,1100334.27
1697040000,21.99,22.03,21.62,22.01,704776.77
1697068800,22.01,22.05,21.49,21.64,673268.89
1697097600,21.64,21.66,21.15,21.27,1332407.3
1697126400,21.28,21.37,20.93,21.28,915452.83
1697155200,21.29,21.47,21.11,21.39,518370.91
1697184000,21.4,21.61,21.31,21.43,709046.54
1697212800,21.42,22.23,21.41,21.84,1176205.64
1697241600,21.85,22.13,21.8,22.05,504232.81
1697270400,22.06,22.31,21.85,22.08,594268.46
1697299200,22.08,22.1,21.92,22.0,205273.27
1697328000,22.0,22.17,21.83,21.94,292893.11
1697356800,21.93,22.02,21.66,21.73,620659.68
1697385600,21.74,22.11,21.71,21.93,542412.99
1697414400,21.93,22.87,21.89,22.82,1003159.61
1697443200,22.82,24.75,22.62,23.15,4208367.7
1697472000,23.15,24.2,23.15,23.95,1762115.51
1697500800,23.95,24.34,23.76,24.09,1247356.63
1697529600,24.08,24.56,23.46,23.89,1984561.16
1697558400,23.89,24.39,23.72,23.93,1224097.52
1697587200,23.94,24.43,23.8,23.89,1035927.65
1697616000,23.89,24.15,23.62,23.68,844945.19
1697644800,23.68,23.79,23.36,23.42,1101537.12
1697673600,23.41,23.9,23.11,23.86,830276.76
1697702400,23.86,24.9,23.7,24.77,2368135.67
1697731200,24.77,25.77,24.67,24.93,2690756.56
1697760000,24.92,26.53,24.73,26.24,2400654.38
1697788800,26.24,27.5,26.23,26.88,3130590.51
1697817600,26.89,27.35,26.31,27.03,1735382.12
1697846400,27.02,28.45,26.65,28.08,2381912.92
1697875200,28.08,29.97,27.84,29.04,4201604.35
1697904000,29.04,30.31,28.87,29.32,2992841.45
1697932800,29.33,30.01,28.18,28.8,2195900.17
1697961600,28.81,29.05,28.09,28.43,2009601.39
1697990400,28.42,29.33,28.39,29.05,1361978.47
1698019200,29.06,31.36,28.74,30.1,4538498.9
1698048000,30.1,30.35,28.81,28.98,2969703.07
1698076800,28.98,32.81,28.88,31.88,4670344.14
1698105600,31.88,32.57,30.65,31.25,3966744.78
1698134400,31.25,32.61,30.5,30.89,3919206.52
1698163200,30.89,31.2,29.5,30.17,3266326.79
1698192000,30.18,32.21,30.0,30.96,2706747.13
1698220800,30.97,33.9,30.78,33.41,4778229.98
1698249600,33.41,33.58,31.87,32.44,3097655.78
1698278400,32.43,33.28,31.73,32.82,1789722.57
1698307200,32.82,32.98,30.91,31.32,2953474.15
1698336000,31.31,33.25,30.73,32.77,2196983.99
1698364800,32.78,32.89,31.82,32.34,1576603.45
1698393600,32.34,33.35,31.92,32.21,2746929.65
1698422400,32.21,32.49,31.2,31.73,1949798.25
1698451200,31.73,32.48,31.65,32.28,740090.79
1698480000,32.27,32.51,31.63,32.03,1029091.01
1698508800,32.03,32.1,31.35,31.63,825296.61
1698537600,31.62,32.36,31.27,32.29,1005276.65
1698566400,32.29,32.7,32.12,32.63,1011646.74
1698595200,32.63,33.19,32.5,32.83,1466911.51
1698624000,32.83,33.09,32.28,32.56,1340764.56
1698652800,32.55,35.35,32.48,35.04,4834854.48
1698681600,35.04,35.05,34.23,34.94,1451636.09
1698710400,34.94,36.61,34.82,35.72,3300776.86
1698739200,35.72,36.98,35.59,36.1,3115373.77
1698768000,36.1,38.62,35.82,38.4,2851515.06
1698796800,38.41,39.4,37.81,38.46,2718566.38
1698825600,38.46,41.84,38.0,40.66,6572628.53
1698854400,40.67,46.9,40.39,41.15,10195165.07
1698883200,41.16,43.46,41.1,43.12,3375528.17
1698912000,43.12,44.57,40.01,40.03,5701452.6
1698940800,40.03,42.13,38.65,40.23,5666850.14
1698969600,40.24,40.26,37.98,39.02,3611594.6
1698998400,39.02,40.2,38.08,39.79,4035079.04
1699027200,39.81,40.06,38.51,39.45,2643399.84
1699056000,39.45,42.06,39.0,41.72,3430169.04
1699084800,41.72,42.72,40.82,41.28,2785960.18
1699113600,41.28,42.69,41.03,42.41,1236452.49
1699142400,42.41,42.85,41.42,41.57,1491990.51
1699171200,41.56,41.88,40.5,40.72,1442364.25
1699200000,40.72,41.6,40.1,41.15,1183607.63
1699228800,41.16,41.83,39.66,39.93,1697630.89
1699257600,39.93,40.73,39.7,40.23,1489455.11
1699286400,40.23,42.2,39.88,42.16,1679472.59
1699315200,42.16,42.29,40.08,41.55,1978926.31
1699344000,41.56,42.1,40.48,41.21,2579715.52
1699372800,41.21,44.78,41.02,42.93,4268018.64
1699401600,42.93,43.78,42.25,43.49,1214647.91
1699430400,43.47,43.88,42.31,42.77,1645734.36
1699459200,42.77,43.61,42.55,43.13,1719988.74
1699488000,43.12,44.61,42.5,43.9,2445758.39
1699516800,43.9,48.88,43.88,46.4,6223488.79
1699545600,46.4,46.8,41.36,45.29,3877694.15
1699574400,45.3,48.87,45.05,47.55,2938580.92
1699603200,47.54,51.93,46.56,50.87,6132845.14
1699632000,50.88,57.54,50.64,56.67,5637129.29
1699660800,56.67,57.7,53.55,54.26,3624726.09
1699689600,54.27,63.95,53.8,60.89,5877598.43
1699718400,60.89,62.49,55.36,56.34,4288533.78
1699747200,56.36,61.86,54.5,61.08,4637631.55
1699776000,61.09,61.45,57.68,58.62,2979364.44
1699804800,58.63,58.77,55.5,56.28,2629089.4
1699833600,56.27,59.5,55.1,58.24,2895184.83
1699862400,58.23,59.86,54.28,55.64,4188198.49
1699891200,55.63,56.9,51.28,51.6,3983479.92
1699920000,51.6,55.44,51.12,55.16,3249024.89
1699948800,55.16,57.99,52.01,56.23,5017690.96
1699977600,56.22,57.44,52.2,56.81,3947062.39
1700006400,56.81,59.68,56.15,59.16,2440655.92
1700035200,59.17,63.92,58.72,62.42,5060317.88
1700064000,62.43,67.12,60.61,65.43,5299135.48
1700092800,65.43,68.2,64.4,65.68,3381438.0
1700121600,65.67,66.11,60.44,61.6,5282060.91
1700150400,61.61,62.89,56.31,57.8,5204828.13
1700179200,57.81,60.57,57.63,58.16,3534242.65
1700208000,58.16,59.63,54.1,55.04,4741542.02
1700236800,55.04,59.46,54.39,58.51,3692519.11
1700265600,58.52,58.62,54.7,56.36,2463142.26
1700294400,56.36,58.35,55.5,58.01,2402465.1
1700323200,58.01,59.37,57.51,58.56,2509339.14
1700352000,58.56,60.93,56.61,60.44,2263826.35
1700380800,60.44,61.79,59.08,59.97,2647571.67
1700409600,59.98,62.1,59.41,61.1,2098252.07
1700438400,61.1,61.33,59.12,59.88,1645949.18
1700467200,59.89,61.09,57.6,59.01,2378976.48
1700496000,59.01,59.41,56.0,56.57,3102636.62
1700524800,56.57,57.4,55.1,55.39,1956446.18
1700553600,55.39,57.12,52.73,55.11,3412492.46
1700582400,55.11,56.24,51.23,51.65,5372150.26
1700611200,51.65,55.29,51.43,54.67,2352376.04
1700640000,54.68,55.73,54.04,54.94,2270415.4
1700668800,54.94,58.94,54.4,57.56,3268673.21
1700697600,57.55,58.53,56.98,57.8,1472590.04
1700726400,57.81,59.63,56.43,56.6,2455171.06
1700755200,56.61,57.32,56.14,56.51,997874.05
1700784000,56.52,57.6,56.2,57.34,889932.91
1700812800,57.34,58.79,57.08,58.13,1851228.42
1700841600,58.13,58.43,56.5,56.86,1164490.59
1700870400,56.86,59.82,55.7,58.6,2120023.4
1700899200,58.59,58.83,57.33,58.55,1057509.28
1700928000,58.55,59.7,58.34,58.82,917596.6
1700956800,58.81,59.04,57.99,58.41,598216.18
1700985600,58.4,58.63,56.67,57.1,1169085.1
1701014400,57.09,58.69,56.12,57.57,1330536.19
1701043200,57.57,58.09,55.5,55.93,1166177.3
1701072000,55.93,56.29,53.91,53.94,1819448.84
1701100800,53.94,55.17,53.47,55.06,1633243.46
1701129600,55.06,55.42,53.94,55.09,1317588.1
1701158400,55.08,56.42,54.65,56.05,1784460.42
1701187200,56.05,58.65,55.95,58.18,2540867.43
1701216000,58.18,59.64,57.72,59.36,2073227.32
1701244800,59.37,61.78,59.11,60.06,3695128.8
1701273600,60.06,60.39,58.6,59.31,1806036.72
1701302400,59.31,61.25,58.75,60.0,1601072.44
1701331200,60.01,61.7,59.15,59.59,1835913.2
1701360000,59.6,60.18,58.96,59.3,1160118.37
1701388800,59.3,61.3,58.6,60.86,1845068.43
1701417600,60.87,61.9,59.75,60.12,1784497.1
1701446400,60.13,61.66,59.58,59.75,1792928.53
1701475200,59.74,62.65,59.67,62.01,1580086.95
1701504000,62.01,62.56,61.45,61.89,1475089.04
1701532800,61.88,63.9,61.31,63.66,1843327.77
1701561600,63.66,65.53,63.48,63.96,2106701.92
1701590400,63.95,64.13,62.44,62.98,1289419.45
1701619200,62.99,64.1,62.22,62.98,1279077.28
1701648000,62.99,65.25,62.92,63.69,2367935.36
1701676800,63.69,64.35,59.75,60.53,3677608.09
1701705600,60.53,62.1,60.32,61.64,1650672.74
1701734400,61.63,62.17,59.11,59.69,2086733.17
1701763200,59.69,61.64,59.43,60.96,1637794.6
1701792000,60.95,62.6,60.21,61.03,2307910.49
1701820800,61.04,64.66,61.03,63.36,4136743.67
1701849600,63.35,66.68,62.0,62.61,4819106.28
1701878400,62.61,64.6,61.5,61.85,2165285.73
1701907200,61.85,63.97,61.64,63.37,1525031.7
1701936000,63.36,66.18,61.78,65.81,4214113.23
1701964800,65.81,69.37,64.5,67.74,4909438.39
1701993600,67.74,72.87,67.74,71.39,4944833.89
1702022400,71.38,74.3,70.45,72.02,3686951.69
1702051200,72.02,75.3,72.0,74.94,2683044.768
1702080000,74.93,77.78,72.9,76.96,3024360.23
1702108800,76.96,77.5,74.6,75.57,3266377.56
1702137600,75.57,75.84,71.5,72.3,2519226.51
1702166400,72.31,74.0,71.64,72.47,1713278.06
1702195200,72.48,74.64,70.67,73.73,2457472.58
1702224000,73.72,74.89,72.16,74.87,1716057.37
1702252800,74.88,75.0,64.18,68.49,5613181.83
1702281600,68.5,69.96,66.92,69.26,3378114.73
1702310400,69.26,70.88,67.74,70.25,3979391.91
1702339200,70.24,72.42,69.61,71.77,2382664.98
1702368000,71.76,72.2,68.21,68.46,2854242.05
1702396800,68.45,69.09,65.75,68.6,2526556.61
1702425600,68.6,68.76,63.67,64.89,3188509.93
1702454400,64.9,68.17,64.79,67.56,2164125.55
1702483200,67.57,72.6,66.76,70.62,2919289.96
1702512000,70.62,71.94,69.66,71.52,1668434.23
1702540800,71.52,73.87,68.18,71.65,2976450.62
1702569600,71.65,76.24,71.64,75.68,2848704.56
1702598400,75.68,77.05,73.98,76.62,2622762.3
1702627200,76.63,79.5,75.22,76.06,3630916.85
1702656000,76.06,77.49,72.13,72.51,2580888.29
1702684800,72.51,74.59,71.18,74.38,1982890.95
1702713600,74.39,77.22,73.77,77.15,1741950.26
1702742400,77.16,77.17,72.84,73.72,1788238.4
1702771200,73.71,74.24,72.03,72.38,1433841.03
1702800000,72.38,73.32,71.39,72.68,1413160.41
1702828800,72.68,75.05,70.36,70.87,2261639.82
1702857600,70.85,71.97,68.56,68.94,2227752.83
1702886400,68.94,71.85,67.0,70.73,2908264.95
1702915200,70.73,75.46,70.41,74.42,2083804.55
1702944000,74.41,76.37,73.83,75.71,2008789.41
1702972800,75.71,76.11,72.79,73.67,1893365.5
1703001600,73.68,75.42,71.78,73.0,2184651.25
1703030400,73.0,76.18,72.96,76.07,2071364.72
1703059200,76.07,81.25,75.5,80.68,4070224.08
1703088000,80.68,84.14,79.04,82.21,4559705.49
1703116800,82.22,87.14,81.03,86.83,3443167.83
1703145600,86.84,88.71,85.13,87.5,3633747.89
1703174400,87.5,95.54,87.48,93.84,5052728.63
1703203200,93.86,99.5,92.21,93.78,5240120.96
1703232000,93.78,96.8,90.34,96.31,4043634.45
1703260800,96.31,98.42,93.34,97.9,2691366.15
1703289600,97.91,98.22,92.8,95.36,1843389.81
1703318400,95.35,97.3,94.71,96.77,1527777.77
1703347200,96.77,110.0,96.12,107.88,4965253.02
1703376000,107.88,118.1,107.3,114.51,5139483.36
1703404800,114.5,114.7,107.58,113.55,3589736.53
1703433600,113.56,116.8,109.51,112.45,3532479.14
1703462400,112.45,114.46,107.92,112.93,2438676.01
1703491200,112.94,124.3,109.67,123.15,4114177.13
1703520000,123.15,126.36,116.42,120.91,4561644.78
1703548800,120.91,121.36,110.67,113.4,3649207.47
1703577600,113.41,117.16,110.27,110.51,3643679.2
1703606400,110.52,113.07,102.09,112.49,5007208.71
1703635200,112.48,113.6,107.84,111.36,2290515.87
1703664000,111.37,115.3,106.27,107.8,3565207.41
1703692800,107.79,111.0,104.58,106.91,3116915.62
1703721600,106.92,109.66,102.2,105.85,3154034.61
1703750400,105.84,106.15,97.14,99.71,4259531.32
1703779200,99.7,103.97,98.37,101.8,2780635.09
1703808000,101.8,108.59,99.0,105.12,3322294.63
1703836800,105.13,110.0,104.25,105.98,3429368.44
1703865600,105.98,107.96,102.28,106.17,2680875.6
1703894400,106.17,107.47,102.9,103.44,1347730.18
1703923200,103.45,104.37,100.62,104.26,1660237.37
1703952000,104.27,104.97,101.22,101.9,1170372.07
1703980800,101.9,104.88,99.54,103.98,1281899.41
1704009600,103.98,105.21,102.15,102.49,1250161.8
1704038400,102.49,105.08,99.78,101.72,1289929.46
1704067200,101.72,104.75,101.44,102.51,1117114.84
1704096000,102.49,106.39,101.78,105.98,1423631.22
1704124800,105.99,109.93,105.83,109.91,1862564.31
1704153600,109.93,114.7,108.46,114.47,2537887.24
1704182400,114.47,116.95,107.66,109.61,3321519.81
1704211200,109.62,110.48,106.02,106.73,1971959.0
1704240000,106.72,109.9,106.48,107.81,1634613.74
1704268800,107.8,109.38,85.0,102.06,7080937.6
1704297600,102.03,103.3,95.21,98.52,3505509.04
1704326400,98.52,102.0,97.54,98.88,1867415.96
1704355200,98.89,104.4,96.6,103.66,2596747.91
1704384000,103.66,108.15,101.49,104.91,2771319.08
1704412800,104.91,105.48,98.5,101.15,2193348.83
1704441600,101.16,103.17,96.72,98.03,2619973.44
1704470400,98.03,100.47,95.23,99.94,1890244.94
1704499200,99.93,100.3,91.53,94.5,2080460.98
1704528000,94.51,96.57,92.82,95.18,1473889.73
1704556800,95.18,97.24,92.23,93.77,1597127.32
1704585600,93.77,96.3,91.0,95.25,1963200.48
1704614400,95.26,96.8,92.91,93.96,1537382.73
1704643200,93.96,95.31,87.68,89.44,2046750.94
1704672000,89.44,91.0,85.16,89.68,3324312.32
1704700800,89.68,95.56,88.48,94.67,3159812.3
1704729600,94.69,99.97,93.76,97.88,3193372.51
1704758400,97.88,103.95,95.25,101.87,2910944.07
1704787200,101.87,102.67,95.91,99.8,2704163.96
1704816000,99.79,104.89,95.5,99.36,2959822.64
1704844800,99.36,100.42,97.53,98.12,1093567.44
1704873600,98.13,98.27,91.68,94.78,2706571.04
1704902400,94.77,105.52,93.0,102.0,4834141.59
1704931200,101.99,102.15,98.0,99.72,2231581.91
1704960000,99.71,107.32,99.0,100.79,4584629.27
1704988800,100.79,102.4,97.67,99.9,2170471.77
1705017600,99.89,100.49,97.47,98.83,1279693.61
1705046400,98.83,99.3,95.0,95.32,2066284.87
1705075200,95.33,96.69,87.0,92.12,3116211.76
1705104000,92.14,93.31,89.51,92.56,1369880.37
1705132800,92.56,93.35,91.09,92.89,988205.69
1705161600,92.9,97.05,91.57,95.85,1695924.86
1705190400,95.85,98.85,94.32,98.28,1509035.4
1705219200,98.28,99.74,96.26,99.49,1312784.48
1705248000,99.49,102.87,93.62,93.81,2946084.78
1705276800,93.81,96.96,93.81,95.59,1136915.18
1705305600,95.58,95.98,92.97,93.51,1284211.18
1705334400,93.5,96.82,93.1,94.36,1184851.95
1705363200,94.35,98.22,94.34,97.73,1041890.93
1705392000,97.73,98.29,94.16,97.25,1693731.54
1705420800,97.25,98.73,96.1,97.61,1032665.61
1705449600,97.6,101.09,97.09,97.32,1656494.19
1705478400,97.32,102.8,96.5,99.38,3020154.61
1705507200,99.37,102.35,97.25,102.1,2255657.74
1705536000,102.1,103.59,99.46,100.76,1786553.18
1705564800,100.75,101.27,97.76,98.25,1292180.16
1705593600,98.25,98.26,91.41,94.4,3137939.66
1705622400,94.39,95.39,91.47,94.48,1366675.3
1705651200,94.49,95.47,90.71,91.2,1731489.96
1705680000,91.21,94.95,87.04,93.62,3259277.49
1705708800,93.62,94.27,91.68,91.9,937417.76
1705737600,91.89,92.33,90.2,90.84,1008253.18
1705766400,90.84,93.44,90.72,92.88,853714.93
1705795200,92.88,93.38,91.83,92.35,510760.12
1705824000,92.35,93.93,91.99,92.5,887935.1
1705852800,92.51,92.89,90.79,91.09,615056.61
1705881600,91.08,91.9,88.15,89.22,1409618.1
1705910400,89.22,90.0,85.65,87.26,2451703.0
1705939200,87.29,87.67,82.06,83.84,3204123.72
1705968000,83.84,86.0,82.24,82.83,1284669.97
1705996800,82.82,83.5,79.0,82.71,4495226.07
1706025600,82.71,84.44,80.41,84.35,2504409.29
1706054400,84.36,86.84,83.3,86.16,2122672.53
1706083200,86.16,88.57,85.24,86.99,2388928.18
1706112000,86.99,89.47,85.54,88.77,1547293.44
1706140800,88.77,89.64,86.74,88.2,1262336.26
1706169600,88.19,89.37,86.01,86.41,1593603.64
1706198400,86.42,88.19,85.09,86.91,1146758.3
1706227200,86.9,88.5,85.96,87.02,873895.7
1706256000,87.03,92.68,87.01,92.42,2300581.93
1706284800,92.42,93.72,91.7,92.28,1519340.92
1706313600,92.29,93.78,90.78,91.2,1040407.8
1706342400,91.21,92.99,90.68,92.83,837117.54
1706371200,92.83,94.5,92.19,94.28,858312.11
1706400000,94.27,97.38,93.31,95.76,1633383.27
1706428800,95.76,99.44,95.55,97.07,2394453.18
1706457600,97.07,97.92,93.45,95.98,1590571.78
1706486400,95.99,98.99,95.06,96.72,1430728.98
1706515200,96.72,100.29,95.5,99.92,1891265.74
1706544000,99.91,101.98,98.97,101.68,2450525.1
1706572800,101.67,103.8,100.95,102.89,1776350.07
1706601600,102.88,106.49,102.4,104.78,2925611.95
1706630400,104.77,105.69,101.0,101.4,2288565.23
1706659200,101.4,101.95,98.66,101.66,2318879.1
1706688000,101.65,101.95,97.34,101.55,3118912.95
1706716800,101.54,102.73,95.9,96.96,3172164.82
1706745600,96.96,97.69,93.11,94.94,2709107.17
1706774400,94.93,97.5,94.61,96.0,2152703.34
1706803200,96.0,98.11,94.68,97.81,1694195.56
1706832000,97.81,101.53,97.39,101.21,1916211.03
1706860800,101.21,102.57,98.32,101.3,2295848.85
1706889600,101.3,102.2,98.23,100.58,1275801.96
1706918400,100.57,101.24,98.0,99.11,891973.52
1706947200,99.11,99.38,96.53,98.0,1111188.77
1706976000,98.0,98.76,97.2,97.96,784210.82
1707004800,97.95,98.59,96.13,96.51,920467.69
1707033600,96.51,98.4,95.9,97.62,892347.31
1707062400,97.62,97.68,95.08,95.49,1102061.34
1707091200,95.48,98.04,94.11,97.62,1318000.26
1707120000,97.61,98.7,95.23,95.6,1444359.07
1707148800,95.61,96.53,94.25,95.66,1128786.73
1707177600,95.66,96.79,94.89,95.77,884131.15
1707206400,95.76,96.35,92.88,95.76,2099871.68
1707235200,95.76,97.88,95.11,96.88,1295235.24
1707264000,96.87,97.45,95.01,95.57,856230.29
1707292800,95.58,96.67,94.62,96.26,1254588.0
1707321600,96.26,101.58,96.14,101.14,2466853.77
1707350400,101.14,102.54,100.51,100.83,1600655.95
1707379200,100.82,104.98,100.78,104.83,2103849.68
1707408000,104.83,104.92,101.75,102.76,1378305.83
1707436800,102.77,105.77,102.76,105.28,1557573.81
1707465600,105.28,107.0,103.88,105.64,2813616.19
1707494400,105.64,109.13,104.34,106.94,2315568.45
1707523200,106.94,110.86,106.86,108.87,1509906.73
1707552000,108.86,109.65,107.15,108.53,1332736.38
1707580800,108.54,110.42,107.77,109.01,1096883.38
1707609600,109.01,109.93,107.75,109.22,893117.71
1707638400,109.21,110.67,108.55,108.82,1039690.63
1707667200,108.81,109.11,107.24,107.46,822590.06
1707696000,107.46,109.34,104.56,105.93,1473012.48
1707724800,105.92,109.03,103.4,108.86,1984106.22
1707753600,108.87,112.22,107.56,111.64,2712533.35
1707782400,111.65,114.99,111.64,114.02,1675493.17
1707811200,114.02,115.15,108.89,110.31,2231714.48
1707840000,110.33,113.76,108.25,112.48,1715617.91
1707868800,112.49,113.31,110.61,113.06,851767.65
1707897600,113.06,118.69,112.76,116.88,2840355.95
1707926400,116.89,117.32,115.0,116.97,1192700.82
1707955200,116.97,118.39,114.54,115.01,1346549.53
1707984000,115.0,117.28,112.97,114.05,2038792.73
1708012800,114.04,115.06,111.51,113.5,1542393.24
1708041600,113.5,114.25,111.39,111.48,976152.85
1708070400,111.47,113.19,107.94,109.67,2068961.11
1708099200,109.67,110.71,108.17,110.33,902018.81
1708128000,110.32,111.08,108.62,110.34,733597.76
1708156800,110.34,110.81,105.0,107.2,1536170.49
1708185600,107.19,109.66,106.47,108.92,627937.42
1708214400,108.92,110.0,107.51,109.23,731349.6
1708243200,109.23,112.97,108.82,112.32,1310140.43
1708272000,112.32,114.04,111.7,112.24,1042343.7
1708300800,112.25,113.65,111.14,113.22,842793.63
1708329600,113.23,114.87,110.75,113.69,1843091.23
1708358400,113.69,114.17,111.1,111.53,1060820.09
1708387200,111.53,112.11,108.0,109.42,1221274.13
1708416000,109.41,110.82,103.0,106.62,2766068.83
1708444800,106.62,109.8,104.69,108.31,1689391.17
1708473600,108.32,108.4,104.36,104.85,986189.99
1708502400,104.85,105.6,101.01,103.86,2109947.58
1708531200,103.86,105.69,100.23,105.03,1656550.44
1708560000,105.04,105.42,102.07,105.07,1254412.43
1708588800,105.08,107.1,103.18,105.39,1452717.74
1708617600,105.4,105.47,101.53,101.76,1198512.16
1708646400,101.75,103.1,101.0,101.98,881352.43
1708675200,101.98,103.01,100.18,100.29,1399707.96
1708704000,100.29,101.76,98.64,99.9,1265793.6
1708732800,99.91,102.31,98.48,102.24,875853.16
1708761600,102.24,102.8,101.53,101.95,715757.72
1708790400,101.96,104.85,101.91,104.01,742505.14
1708819200,104.02,104.43,102.18,103.03,731680.17
1708848000,103.02,103.8,102.0,102.78,552534.64
1708876800,102.78,104.34,102.17,103.47,682970.0
1708905600,103.47,104.8,102.26,103.3,846617.0
1708934400,103.3,105.05,100.29,104.97,1766369.37
1708963200,104.96,110.89,104.53,109.9,2779152.34
1708992000,109.9,112.3,108.95,110.41,2383671.03
1709020800,110.42,112.18,106.15,106.81,2225874.42
1709049600,106.81,109.34,105.29,108.36,1588618.07
1709078400,108.35,110.19,107.25,110.08,1092213.34
1709107200,110.09,114.98,109.21,113.07,4123565.05
1709136000,113.08,119.06,106.85,119.03,6616503.62
1709164800,119.03,126.0,117.15,125.49,4755327.87
1709193600,125.5,134.65,125.2,132.32,5390298.17
1709222400,132.33,133.03,122.5,125.68,3701461.28
1709251200,125.68,137.8,125.61,131.92,3513652.77
1709280000,131.91,135.47,130.23,131.18,2500335.75
1709308800,131.18,133.7,129.32,129.43,2362642.57
1709337600,129.43,131.69,127.2,129.16,1889508.01
1709366400,129.16,130.53,127.28,127.91,1679585.67
1709395200,127.92,131.46,127.46,130.02,1124158.26
1709424000,130.03,130.73,124.17,126.76,1848233.92
1709452800,126.77,131.35,125.0,129.36,2164795.06
1709481600,129.35,132.11,128.77,130.16,1215341.88
1709510400,130.16,133.0,128.42,129.6,1761584.66
1709539200,129.61,134.95,129.35,131.77,3248237.1
1709568000,131.76,133.34,127.35,133.27,3043863.03
1709596800,133.26,133.34,127.68,129.48,3185807.06
1709625600,129.48,142.72,128.93,139.18,4692643.38
1709654400,139.19,140.59,105.0,125.31,9156792.08
1709683200,125.31,133.31,120.0,133.2,3532147.71
1709712000,133.2,134.95,125.33,128.22,4080142.17
1709740800,128.23,132.4,128.03,130.79,1969327.6
1709769600,130.8,141.77,130.52,138.24,4061822.65
1709798400,138.25,149.0,138.06,145.91,4625683.07
1709827200,145.92,149.3,143.39,143.82,2265469.58
1709856000,143.82,146.48,142.0,144.48,1667549.02
1709884800,144.48,152.64,143.0,145.35,3438097.25
1709913600,145.38,150.72,142.03,144.79,2991099.38
1709942400,144.79,149.15,143.8,148.33,1432343.49
1709971200,148.34,148.75,145.0,147.0,1142831.7
1710000000,147.0,147.22,143.54,144.29,1111701.62
1710028800,144.3,148.5,143.8,148.27,1206061.06
1710057600,148.27,148.49,141.36,142.91,2031257.86
1710086400,142.91,145.32,140.43,144.39,1252200.33
1710115200,144.39,148.33,136.49,147.85,3188005.47
1710144000,147.85,150.2,145.58,147.06,3116314.28
1710172800,147.06,149.29,145.76,148.83,1439064.6
1710201600,148.83,155.0,147.12,151.86,2905467.78
1710230400,151.86,153.19,147.23,150.22,2991565.77
1710259200,150.23,151.29,141.5,151.05,3033504.45
1710288000,151.06,153.0,148.71,150.74,1685775.38
1710316800,150.74,159.49,149.61,157.25,3305559.61
1710345600,157.25,166.73,156.59,163.9,2635950.96
1710374400,163.9,170.0,163.09,168.31,2469001.35
1710403200,168.3,174.07,164.0,167.64,3991908.5
1710432000,167.64,178.5,159.2,176.65,3962676.01
1710460800,176.65,186.77,170.0,176.07,7158486.9
1710489600,176.07,184.81,164.5,181.84,6228503.25
1710518400,181.85,188.98,175.25,183.95,4097971.45
1710547200,183.95,193.76,180.41,192.94,3429214.7
1710576000,192.93,197.95,187.71,195.08,4401088.94
1710604800,195.09,195.65,176.78,182.05,5186754.37
1710633600,182.05,189.39,178.55,181.86,4123870.8
1710662400,181.85,196.0,179.8,195.6,3408569.27
1710691200,195.6,205.2,192.25,201.86,2992096.99
1710720000,201.85,205.49,193.8,203.22,3001498.2
1710748800,203.23,210.18,197.9,203.81,5447888.32
1710777600,203.8,206.28,195.36,195.92,3134349.56
1710806400,195.92,198.68,179.0,186.14,5537600.21
1710835200,186.14,186.2,170.0,182.98,6375650.61
1710864000,182.98,186.36,166.0,169.82,5022048.05
1710892800,169.82,177.03,162.45,173.36,4174411.22
1710921600,173.35,177.01,169.39,170.53,3397524.46
1710950400,170.54,193.19,165.51,191.77,4793849.0
1710979200,191.76,195.68,184.75,188.55,2768741.84
1711008000,188.56,191.6,183.8,185.32,2568771.51
1711036800,185.32,187.95,175.84,179.46,2726803.21
1711065600,179.46,181.95,173.94,179.08,2015820.2
1711094400,179.07,180.2,167.57,171.66,2766471.68
1711123200,171.67,175.22,168.2,175.21,1369815.01
1711152000,175.21,178.14,170.38,175.98,1420731.22
1711180800,175.98,179.0,174.03,175.16,1232064.36
1711209600,175.16,176.74,172.5,172.65,851921.03
1711238400,172.65,177.39,171.25,173.54,972634.46
1711267200,173.54,177.25,173.0,176.21,1010526.09
1711296000,176.2,186.78,172.43,183.88,1595098.83
1711324800,183.87,189.63,180.92,185.76,1505658.0
1711353600,185.76,194.6,185.61,192.78,2172549.82
1711382400,192.78,194.5,188.37,188.99,1561884.03
1711411200,188.98,196.57,188.07,193.99,1411140.94
1711440000,194.0,196.26,189.48,190.35,1600733.22
1711468800,190.35,192.58,186.0,190.46,1453737.2
1711497600,190.46,192.74,186.04,186.79,1078920.67
1711526400,186.8,191.2,180.0,181.11,2807224.74
1711555200,181.11,189.33,180.0,186.33,1287783.68
1711584000,186.34,188.09,180.92,187.33,1108797.92
1711612800,187.32,189.45,182.67,187.36,1378086.85
1711641600,187.36,190.93,184.49,189.63,1115309.37
1711670400,189.64,190.74,183.39,183.63,1022974.07
1711699200,183.63,190.0,183.44,184.91,1366795.26
1711728000,184.92,193.0,184.33,192.01,1190346.43
1711756800,192.02,200.0,190.71,195.76,1743560.38
1711785600,195.76,198.8,193.19,196.29,1024722.23
1711814400,196.3,197.9,193.26,194.2,723051.77
1711843200,194.19,197.34,193.69,196.74,706168.17
1711872000,196.75,197.66,195.43,195.69,557965.67
1711900800,195.69,203.17,195.51,202.45,1134001.61
1711929600,202.45,204.46,193.25,197.96,1831349.35
1711958400,197.96,198.0,186.87,188.08,1739920.81
1711987200,188.08,193.96,187.28,192.24,1028506.49
1712016000,192.24,192.24,181.0,183.17,1830309.4
1712044800,183.18,183.85,175.92,177.43,1971249.71
1712073600,177.43,186.89,176.77,181.53,1965218.29
1712102400,181.53,192.0,176.92,189.54,2290537.22
1712131200,189.54,191.66,186.41,189.06,1467407.1
1712160000,189.06,191.03,182.08,185.05,1252331.25
1712188800,185.05,187.4,180.02,184.96,1126844.2
1712217600,184.96,189.71,184.43,186.99,1237447.86
1712246400,187.0,190.13,180.98,184.0,1409455.3
1712275200,184.0,185.07,172.88,175.04,1881194.67
1712304000,175.04,177.36,167.84,175.89,2352987.37
1712332800,175.89,176.9,172.44,174.37,766665.18
1712361600,174.37,178.21,173.54,177.27,794686.57
1712390400,177.27,178.45,173.79,177.17,690113.28
1712419200,177.16,179.89,176.5,178.68,1157069.53
1712448000,178.69,182.71,177.26,179.75,795179.41
1712476800,179.74,182.31,178.66,179.64,685886.7
1712505600,179.65,182.68,176.85,179.52,754732.12
1712534400,179.51,181.12,175.25,180.15,948952.53
1712563200,180.15,184.68,179.35,181.46,1923609.21
1712592000,181.46,182.12,178.54,180.68,818140.23
1712620800,180.68,180.9,175.02,175.62,1024775.46
1712649600,175.61,176.68,169.11,172.47,1334460.18
1712678400,172.48,177.65,171.76,172.42,1042650.25
1712707200,172.41,173.65,169.24,172.76,1097004.65
1712736000,172.76,172.78,162.28,167.92,2057481.89
1712764800,167.92,175.5,167.0,173.31,1498981.11
1712793600,173.3,175.99,171.09,174.46,975272.49
1712822400,174.46,175.4,170.07,173.39,1791688.82
1712851200,173.4,176.32,172.0,172.37,994236.18
1712880000,172.37,175.98,172.33,173.25,934027.29
1712908800,173.24,173.65,166.49,167.36,1132908.05
1712937600,167.35,167.82,141.0,153.16,4775160.88
1712966400,153.16,155.0,145.47,151.02,3129222.53
1712995200,151.02,153.39,148.0,148.99,1765065.62
1713024000,148.99,149.64,116.0,138.47,10550131.91
1713052800,138.47,144.56,130.45,144.06,4742603.73
1713081600,144.05,145.6,135.49,137.99,3437961.6
1713110400,137.99,152.84,133.44,151.25,4247805.35
1713139200,151.26,156.06,146.08,153.75,2800864.15
1713168000,153.74,155.0,141.39,143.31,3121956.58
1713196800,143.32,144.56,133.56,138.51,3409604.01
1713225600,138.51,140.57,130.14,137.87,2666173.02
1713254400,137.86,138.04,127.43,127.62,3962751.77
1713283200,127.61,137.96,126.4,136.22,3165787.11
1713312000,136.21,142.77,134.88,139.46,2654241.82
1713340800,139.46,140.25,127.59,128.71,3728887.78
1713369600,128.72,138.0,126.87,131.84,3176355.67
1713398400,131.84,136.83,128.96,129.43,2328161.36
1713427200,129.44,141.5,127.62,138.99,3672151.99
1713456000,139.0,144.25,135.51,142.07,1804754.47
1713484800,142.08,146.93,128.5,143.32,6396941.62
1713513600,143.31,147.49,141.67,146.19,2842557.01
1713542400,146.18,147.46,139.97,142.5,1905862.9
1713571200,142.5,145.0,139.66,143.51,1706527.06
1713600000,143.52,147.8,140.0,147.19,1364520.58
1713628800,147.2,152.39,146.32,151.22,1784926.03
1713657600,151.21,153.5,148.07,151.12,1271203.26
1713686400,151.12,152.65,148.4,150.14,1227782.64
1713715200,150.14,150.8,146.68,148.8,1147815.63
1713744000,148.81,156.64,146.63,153.62,2217262.16
1713772800,153.63,154.95,151.55,153.45,1485473.71
1713801600,153.44,158.5,152.41,156.95,1264624.29
1713830400,156.94,159.33,153.04,153.62,1363074.57
1713859200,153.62,159.77,153.16,157.92,1635512.62
1713888000,157.93,160.0,154.57,154.75,1103684.92
1713916800,154.75,159.8,154.42,157.84,1801896.65
1713945600,157.84,159.67,151.1,151.51,2347707.11
1713974400,151.51,153.85,145.58,147.78,2342359.24
1714003200,147.79,149.6,144.73,146.3,1507618.48
1714032000,146.3,148.47,142.09,147.81,2108902.31
1714060800,147.81,149.6,144.71,144.84,1800944.48
1714089600,144.83,145.09,141.44,143.45,1363727.96
1714118400,143.46,146.19,141.11,142.7,1507046.59
1714147200,142.7,144.25,138.74,139.23,878578.96
1714176000,139.23,140.22,132.88,136.15,1618723.85
1714204800,136.16,139.83,135.26,137.72,962041.64
1714233600,137.72,143.04,137.46,141.31,1240296.42
1714262400,141.31,144.82,140.74,143.54,1222519.04
1714291200,143.54,143.93,140.89,141.98,967643.31
1714320000,141.98,144.0,137.03,137.99,761751.21
1714348800,137.99,138.93,134.0,134.96,1239843.353
1714377600,134.95,137.68,133.67,136.49,1415916.797
1714406400,136.49,138.69,133.38,137.77,1612123.347
1714435200,137.79,139.77,134.66,135.1,1449563.102
1714464000,135.08,135.53,126.7,127.76,2319767.767
1714492800,127.75,128.81,121.21,126.77,2257224.619
1714521600,126.76,127.57,118.47,120.58,2377340.75
1714550400,120.57,125.03,118.6,123.4,2159391.512
1714579200,123.4,135.97,122.64,134.64,3454593.009
1714608000,134.64,135.5,128.19,131.39,1944897.021
1714636800,131.38,140.46,131.08,139.09,2573812.465
1714665600,139.1,140.9,135.55,137.58,1224756.135
1714694400,137.58,141.96,136.68,137.23,1354020.642
1714723200,137.23,143.97,135.88,142.09,2177685.136
1714752000,142.09,145.0,141.14,143.69,993149.778
1714780800,143.7,146.5,142.22,143.96,1232021.863
1714809600,143.96,149.14,143.92,146.18,1043200.783
1714838400,146.18,147.87,145.25,146.05,532780.594
1714867200,146.05,147.25,143.1,145.64,1004603.518
1714896000,145.65,148.0,145.11,147.49,615094.136
1714924800,147.5,147.88,144.7,145.73,512152.609
1714953600,145.74,149.34,145.4,148.73,731348.642
1714982400,148.74,156.89,148.73,153.82,2952513.564
1715011200,153.83,155.74,150.84,152.82,1103579.361
1715040000,152.81,158.05,151.92,155.13,1354152.032
1715068800,155.14,159.19,152.01,154.71,1864964.823
1715097600,154.7,155.5,147.76,148.03,1267262.741
1715126400,148.03,152.0,145.74,146.42,1506077.245
1715155200,146.41,148.94,144.4,145.86,1335895.191
1715184000,145.86,149.12,140.0,142.18,1691292.905
1715212800,142.17,145.89,141.92,143.27,1147061.953
1715241600,143.26,148.0,140.61,146.47,1360481.365
1715270400,146.47,153.39,145.73,152.57,1404596.59
1715299200,152.56,155.75,151.34,154.34,995128.449
1715328000,154.35,155.4,145.34,146.94,1874047.355
1715356800,146.95,148.78,144.49,146.01,1255599.404
1715385600,146.02,147.7,143.33,145.78,876058.126
1715414400,145.77,147.04,143.12,145.65,703082.274
1715443200,145.65,146.71,144.81,145.42,437892.414
1715472000,145.42,147.8,143.65,144.22,479292.833
1715500800,144.23,146.36,143.83,145.2,519130.821
1715529600,145.2,146.4,142.5,143.43,424123.973
1715558400,143.42,145.94,137.78,143.56,1671793.5
1715587200,143.56,148.28,143.55,147.26,1683581.259
1715616000,147.26,150.88,145.79,147.54,1052555.164
1715644800,147.53,149.09,143.71,146.54,1051868.369
1715673600,146.54,148.42,141.84,142.92,1486805.252
1715702400,142.92,144.68,141.82,142.03,851259.75
1715731200,142.03,144.62,141.21,144.29,780909.607
1715760000,144.28,154.06,143.11,151.61,2350447.659
1715788800,151.61,158.88,150.99,158.52,1753916.937
1715817600,158.52,163.9,158.14,162.78,1624925.778
1715846400,162.78,164.79,157.6,160.45,1547761.693
1715875200,160.46,160.55,156.46,159.37,1027425.294
1715904000,159.36,170.0,159.32,169.2,1754861.315
1715932800,169.2,170.93,165.78,169.69,1313769.53
1715961600,169.68,174.0,166.19,169.44,1028555.996
1715990400,169.43,174.86,168.65,172.31,919821.139
1716019200,172.3,176.06,171.65,172.42,1220286.615
1716048000,172.42,173.65,170.0,172.4,734366.243
1716076800,172.4,175.5,171.98,174.17,599189.526
1716105600,174.16,174.58,165.96,168.29,1273166.008
1716134400,168.28,171.79,167.24,169.93,824628.54
1716163200,169.93,178.66,167.47,178.03,1758048.406
1716192000,178.02,179.5,175.33,179.01,1165897.315
1716220800,179.01,188.32,178.11,186.7,2766623.277
1716249600,186.69,188.89,180.02,181.28,1856409.185
1716278400,181.28,183.84,176.0,176.75,1748884.647
1716307200,176.75,178.92,174.37,178.15,1122486.232
1716336000,178.15,183.09,174.96,179.89,1221829.343
1716364800,179.89,182.77,176.09,181.39,1263278.663
1716393600,181.39,185.0,176.29,176.95,1787792.121
1716422400,176.96,179.37,175.62,177.44,1109228.909
1716451200,177.45,177.98,168.82,172.7,2235022.031
1716480000,172.69,181.04,165.35,176.16,2254670.69
1716508800,176.15,176.15,165.12,166.16,2091948.404
1716537600,166.15,169.12,162.5,167.29,1884167.668
1716566400,167.29,170.61,164.73,167.7,843544.57
1716595200,167.7,170.16,165.9,168.99,599741.194
1716624000,168.99,170.55,166.48,167.83,784211.671
1716652800,167.83,168.66,166.35,168.35,527490.27
1716681600,168.35,168.4,164.56,165.33,796009.371
1716710400,165.33,165.85,162.23,162.85,1339292.649
1716739200,162.85,164.16,161.0,163.41,990815.969
1716768000,163.42,166.65,163.26,165.52,1002516.692
1716796800,165.53,171.47,165.0,171.04,1243289.406
1716825600,171.03,172.28,166.98,170.15,1014210.957
1716854400,170.15,172.09,164.92,166.09,1163692.489
1716883200,166.1,173.24,165.88,168.28,1772637.823
1716912000,168.3,170.78,166.0,168.68,842921.031
1716940800,168.68,173.93,167.44,170.8,898348.314
1716969600,170.81,171.06,167.0,168.6,1173624.254
1716998400,168.61,171.86,167.53,168.32,874304.726
1717027200,168.32,170.97,164.23,165.0,1050925.574
1717056000,164.99,169.66,163.55,168.48,1123463.999
1717084800,168.47,173.0,166.18,166.88,1133377.474
1717113600,166.88,167.68,165.0,166.62,532062.586
1717142400,166.62,170.94,164.75,164.81,1359390.515
1717171200,164.81,167.04,163.67,165.65,701283.287
1717200000,165.65,167.82,165.64,166.85,380209.913
1717228800,166.85,167.95,166.56,167.31,360953.937
1717257600,167.31,167.77,165.69,166.14,329335.078
1717286400,166.14,167.1,164.93,165.02,436192.872
1717315200,165.02,166.29,164.0,165.16,536527.818
1717344000,165.17,165.37,161.32,163.15,696857.296
1717372800,163.14,165.79,161.79,165.35,678531.174
1717401600,165.35,167.21,163.0,164.83,970413.827
1717430400,164.84,167.2,163.5,164.89,729071.531
1717459200,164.9,167.0,164.31,165.24,429669.771
1717488000,165.25,167.92,164.45,167.91,726761.699
1717516800,167.92,171.87,167.78,171.78,968522.545
1717545600,171.78,174.86,171.11,173.43,991353.895
1717574400,173.43,175.14,170.0,174.74,928712.698
1717603200,174.74,175.6,172.5,173.54,640156.996
1717632000,173.55,174.4,171.54,172.6,489612.869
1717660800,172.59,173.7,172.14,172.99,576675.522
1717689600,172.99,173.07,167.51,170.15,1049949.843
1717718400,170.15,172.54,168.99,172.01,576613.608
1717747200,172.01,172.85,169.15,170.15,695417.914
1717776000,170.15,170.36,152.92,162.5,2266820.569
1717804800,162.51,163.78,160.88,163.6,501392.248
1717833600,163.6,163.64,158.28,160.15,774153.437
1717862400,160.15,161.05,157.37,157.83,514336.965
1717891200,157.83,159.79,156.52,159.01,477785.843
1717920000,159.02,161.87,158.58,161.63,595038.83
1717948800,161.63,163.04,160.55,162.12,372080.327
1717977600,162.12,162.18,157.46,157.62,397454.376
1718006400,157.62,163.18,157.54,162.38,689288.455
1718035200,162.37,162.92,158.17,159.05,673534.123
1718064000,159.04,159.75,152.4,153.39,1193342.331
1718092800,153.39,155.3,146.29,147.67,1383168.293
1718121600,147.66,150.27,145.2,149.31,1070072.153
1718150400,149.31,151.98,145.44,151.79,695407.019
1718179200,151.78,161.84,150.93,158.84,1606284.137
1718208000,158.85,159.81,151.16,155.22,1550165.238
1718236800,155.21,155.21,149.65,152.09,750244.653
1718265600,152.1,152.47,146.13,146.87,1030332.411
1718294400,146.87,148.94,146.03,147.29,792712.047
1718323200,147.29,149.0,145.89,147.62,713460.482
1718352000,147.62,149.0,143.0,143.78,990397.899
1718380800,143.78,145.15,139.67,143.05,1479603.112
1718409600,143.04,145.58,142.92,143.78,553891.182
1718438400,143.78,145.43,143.0,145.19,422437.326
1718467200,145.18,145.78,143.85,145.52,370596.414
1718496000,145.52,145.58,143.08,144.49,365730.394
1718524800,144.5,148.8,143.82,148.53,464556.896
1718553600,148.52,151.35,147.6,151.3,575592.137
1718582400,151.3,151.79,145.81,146.61,876883.815
1718611200,146.61,147.28,140.77,141.23,1273686.161
1718640000,141.23,146.82,139.85,143.27,1262389.836
1718668800,143.28,143.82,127.95,136.71,3159650.683
1718697600,136.71,138.85,132.88,136.01,1871227.59
1718726400,136.01,138.47,130.41,137.41,1527098.437
1718755200,137.41,141.9,135.96,139.98,1363349.633
1718784000,139.99,140.29,135.51,136.92,909362.19
1718812800,136.93,139.05,134.47,135.62,1264065.645
1718841600,135.62,138.18,132.53,137.18,1294511.162
1718870400,137.19,141.29,132.55,133.27,1427081.327
1718899200,133.27,135.83,131.9,133.55,786088.019
1718928000,133.55,134.85,130.64,131.43,948626.356
1718956800,131.43,133.76,129.4,131.4,1309015.768
1718985600,131.41,135.38,128.76,134.6,972431.903
1719014400,134.61,136.74,133.0,134.86,661561.7
1719043200,134.85,134.94,133.7,134.25,440527.791
1719072000,134.25,135.0,133.16,133.69,297126.4
1719100800,133.7,135.09,133.59,134.72,313937.747
1719129600,134.71,134.83,131.43,131.58,378494.137
1719158400,131.58,132.53,128.22,128.69,799969.347
1719187200,128.68,129.79,123.21,125.2,1614477.549
1719216000,125.21,129.95,122.0,126.31,2041429.846
1719244800,126.31,132.66,125.04,132.33,1927590.382
1719273600,132.34,136.86,131.2,134.82,1342224.984
1719302400,134.82,139.9,133.47,139.43,1613291.374
1719331200,139.43,139.6,135.86,136.58,1008145.346
1719360000,136.57,140.41,136.14,137.94,951526.168
1719388800,137.94,139.49,136.03,136.88,822315.798
1719417600,136.89,138.46,134.85,136.81,729586.1
1719446400,136.81,137.94,135.2,135.91,548262.146
1719475200,135.91,151.21,135.52,147.77,3082213.228
1719504000,147.77,150.52,146.61,149.71,820492.062
1719532800,149.71,150.84,143.79,145.37,993476.814
1719561600,145.38,146.93,140.86,143.23,1346966.52
1719590400,143.22,143.97,139.01,140.03,998587.933
1719619200,140.03,142.6,139.97,142.0,588171.739
1719648000,142.0,143.26,141.2,142.68,551402.018
1719676800,142.67,142.83,139.67,140.28,329411.786
1719705600,140.28,141.12,137.09,140.64,699907.638
1719734400,140.65,144.0,140.34,143.83,592257.03
1719763200,143.82,147.62,142.75,146.61,794505.521
1719792000,146.61,149.13,145.97,148.3,705150.45
1719820800,148.3,149.09,145.87,148.5,936038.975
1719849600,148.51,149.36,146.0,146.67,639063.411
1719878400,146.68,149.95,146.14,147.43,650209.714
1719907200,147.43,151.87,146.88,148.39,1055962.577
1719936000,148.4,155.0,147.65,154.03,1069889.001
1719964800,154.03,154.5,146.39,146.4,1292517.539
1719993600,146.39,147.28,140.94,141.68,1689555.44
1720022400,141.68,143.23,139.01,140.84,1207268.954
1720051200,140.84,142.75,132.21,134.38,1845976.122
1720080000,134.4,135.96,129.58,135.4,2103977.177
1720108800,135.4,135.98,127.2,127.86,1280858.859
1720137600,127.85,129.16,121.0,126.72,3829399.28
1720166400,126.72,134.99,122.07,134.93,2779661.941
1720195200,134.94,136.58,133.71,134.32,1060410.01
1720224000,134.32,137.83,132.33,136.94,883139.151
1720252800,136.93,142.15,136.44,141.88,1260393.445
1720281600,141.88,144.35,140.72,143.05,730386.54
1720310400,143.05,143.33,138.06,139.09,959574.363
1720339200,139.09,140.8,135.47,137.07,789336.325
1720368000,137.08,139.6,131.23,131.64,841894.681
1720396800,131.64,134.01,127.77,132.59,1728230.43
1720425600,132.6,142.0,132.35,137.43,2957195.437
1720454400,137.44,141.0,135.0,139.81,1022932.141
1720483200,139.81,143.45,136.45,142.12,1319654.75
1720512000,142.13,144.33,138.61,140.52,1304281.033
1720540800,140.52,143.54,140.08,141.42,739737.823
1720569600,141.43,146.2,138.6,144.17,1048225.668
1720598400,144.17,144.5,139.97,141.18,1226636.454
1720627200,141.17,142.68,140.21,141.98,425963.771
1720656000,141.99,143.23,139.08,142.1,689514.84
1720684800,142.1,146.1,137.68,138.45,1518308.292
1720713600,138.44,139.01,135.64,135.73,1155270.998
1720742400,135.73,138.19,134.05,135.41,1046783.848
1720771200,135.41,139.36,133.92,138.85,1319388.387
1720800000,138.85,140.55,136.66,139.46,563356.196
1720828800,139.47,139.97,137.94,139.38,338256.209
1720857600,139.38,140.94,138.43,140.37,407316.369
1720886400,140.37,143.6,139.1,141.9,611605.043
1720915200,141.89,145.98,141.87,144.77,1150691.638
1720944000,144.78,147.0,143.43,145.9,1192079.137
1720972800,145.9,148.56,144.59,147.66,654695.982
1721001600,147.66,154.5,147.0,153.23,1199494.756
1721030400,153.23,154.45,150.93,152.94,1011108.852
1721059200,152.94,159.95,152.53,159.38,1218244.914
1721088000,159.37,160.22,153.68,154.49,1467948.217
1721116800,154.48,161.6,152.57,160.98,1390761.87
1721145600,160.98,162.49,158.88,160.62,1129395.367
1721174400,160.62,163.8,160.02,160.6,804509.64
1721203200,160.59,163.61,157.82,158.08,1137605.66
1721232000,158.09,158.31,154.68,155.5,898467.79
1721260800,155.5,160.0,155.5,158.66,771884.43
1721289600,158.66,161.6,156.01,156.37,1043363.828
1721318400,156.37,160.62,155.07,159.22,769455.866
1721347200,159.22,165.62,156.07,161.42,1407228.039
1721376000,161.42,169.09,159.14,168.8,1910765.588
1721404800,168.8,172.42,167.79,169.13,1367519.613
1721433600,169.12,171.8,168.26,168.57,556815.851
1721462400,168.56,169.84,167.27,169.28,464210.85
1721491200,169.28,175.1,168.87,173.6,1026769.345
1721520000,173.6,175.5,170.97,171.33,566511.14
1721548800,171.33,176.66,171.24,175.4,820490.898
1721577600,175.4,185.17,170.27,184.49,2297534.373
1721606400,184.49,185.0,177.65,178.39,1020866.362
1721635200,178.39,181.86,176.71,179.88,1390178.827
1721664000,179.87,183.38,177.11,178.9,934564.336
1721692800,178.9,180.54,173.73,176.06,1026173.724
1721721600,176.06,178.73,172.18,176.49,1599088.424
1721750400,176.48,176.99,169.72,173.03,1270565.184
1721779200,173.03,174.6,170.9,174.25,754828.026
1721808000,174.25,182.08,173.66,177.76,1544057.759
1721836800,177.77,182.5,175.53,178.06,1546291.928
1721865600,178.07,179.59,167.95,169.4,1956679.268
1721894400,169.4,172.06,165.71,170.43,1568483.816
1721923200,170.44,172.9,165.42,171.85,1334224.344
1721952000,171.86,177.77,171.69,176.75,1197612.911
1721980800,176.75,185.01,176.75,181.53,1280533.449
1722009600,181.53,183.7,180.71,183.06,552456.886
1722038400,183.07,186.22,181.29,185.84,632935.499
1722067200,185.83,188.33,181.54,182.52,1270506.508
1722096000,182.53,186.81,178.11,183.92,1615410.049
1722124800,183.92,186.77,181.16,183.84,654752.907
1722153600,183.85,186.63,183.01,184.11,798507.49
1722182400,184.12,185.59,182.61,184.9,448213.56
1722211200,184.91,193.98,184.4,192.35,1647451.282
1722240000,192.35,193.2,184.89,186.95,1255226.111
1722268800,186.95,187.49,181.57,182.57,1121882.921
1722297600,182.57,184.95,179.3,182.39,1133766.608
1722326400,182.38,182.89,178.7,181.01,1026324.903
1722355200,181.0,181.59,175.39,179.16,914406.982
1722384000,179.16,185.1,178.08,183.13,828378.597
1722412800,183.13,184.57,179.73,180.08,925163.175
1722441600,180.08,182.68,171.61,171.71,1497320.755
1722470400,171.7,172.91,166.0,168.23,1576664.112
1722499200,168.23,171.46,161.25,162.67,1819509.77
1722528000,162.68,168.48,157.91,167.37,2127323.733
1722556800,167.37,169.43,159.06,161.44,1157656.285
1722585600,161.43,167.65,152.8,156.76,2444422.966
1722614400,156.76,157.46,150.0,152.77,1950938.683
1722643200,152.78,154.05,148.62,151.64,1505060.849
1722672000,151.64,153.59,146.02,146.2,1513126.179
1722700800,146.19,147.61,140.0,142.52,2426767.665
1722729600,142.53,146.08,140.57,140.82,1100081.322
1722758400,140.83,145.12,135.0,135.19,1989842.441
1722787200,135.19,143.93,131.22,138.33,3947791.522
1722816000,138.32,139.37,110.0,122.9,12240246.737
1722844800,122.91,132.65,110.03,130.44,8545912.666
1722873600,130.45,135.53,126.7,129.78,3481398.416
1722902400,129.79,144.0,129.4,141.98,2847764.384
1722931200,141.98,146.37,136.11,145.9,3333816.894
1722960000,145.9,149.59,143.25,144.4,2181062.356
1722988800,144.4,155.0,142.33,152.46,2910227.669
1723017600,152.46,154.92,146.24,148.46,3213042.394
1723046400,148.45,149.45,142.21,144.77,2249037.524
1723075200,144.78,156.38,141.4,153.65,2453194.008
1723104000,153.66,160.76,152.5,160.6,2531916.747
1723132800,160.6,163.7,155.18,163.13,2318023.205
1723161600,163.12,163.54,155.68,157.92,1391262.281
1723190400,157.91,159.69,151.11,151.13,1560865.971
1723219200,151.12,157.36,150.72,156.28,1146606.981
1723248000,156.29,158.75,152.54,155.43,796521.475
1723276800,155.42,155.9,152.8,153.96,592022.297
1723305600,153.97,155.36,153.0,154.01,497295.461
1723334400,154.01,157.05,153.65,156.69,546187.973
1723363200,156.69,158.0,148.03,148.73,1307542.429
1723392000,148.73,149.75,141.2,141.57,1614583.853
1723420800,141.56,146.77,141.2,145.94,1280538.828
1723449600,145.94,150.79,143.01,147.58,2551827.476
1723478400,147.58,148.26,141.84,146.29,1114578.935
1723507200,146.29,147.36,142.92,145.99,910077.119
1723536000,145.99,147.67,143.24,146.08,962161.995
1723564800,146.08,149.82,144.88,146.65,993416.309
1723593600,146.65,147.27,143.58,145.73,821924.015
1723622400,145.73,152.18,144.5,146.7,2239645.834
1723651200,146.71,147.24,142.36,143.71,865578.798
1723680000,143.7,145.4,141.04,142.51,857707.912
1723708800,142.51,146.6,141.29,145.95,1238439.332
1723737600,145.95,147.64,137.78,142.58,2132891.572
1723766400,142.58,144.82,140.74,144.53,947735.817
1723795200,144.53,144.88,136.3,137.91,1632971.402
1723824000,137.91,141.93,136.1,139.04,1454613.386
1723852800,139.04,140.3,137.61,139.45,490009.711
1723881600,139.45,141.85,138.12,140.18,698401.621
1723910400,140.18,141.99,140.1,141.93,373182.771
1723939200,141.92,143.31,140.56,141.55,503580.409
1723968000,141.55,147.31,141.3,145.8,1177843.397
1723996800,145.79,147.07,142.28,142.42,670622.937
1724025600,142.42,143.51,141.59,142.3,812096.333
1724054400,142.31,144.66,140.33,143.86,1115297.792
1724083200,143.87,146.19,142.6,144.29,1012963.828
1724112000,144.28,148.83,143.36,147.47,1138005.858
1724140800,147.48,147.71,141.0,142.16,1241401.078
1724169600,142.16,144.55,141.63,142.27,642060.66
1724198400,142.27,143.83,141.55,143.18,459856.165
1724227200,143.18,143.54,138.7,140.36,1105843.791
1724256000,140.36,144.42,139.67,142.79,953881.903
1724284800,142.78,143.69,140.63,143.33,582628.301
1724313600,143.34,144.88,142.0,142.63,872104.77
1724342400,142.64,143.74,142.4,143.22,370669.647
1724371200,143.23,145.93,143.19,145.15,685051.299
1724400000,145.15,147.1,142.68,144.4,1052979.98
1724428800,144.4,154.08,144.07,153.26,2043058.883
1724457600,153.27,155.39,151.97,154.61,1151264.606
1724486400,154.62,159.78,154.34,159.46,1147726.748
1724515200,159.45,162.3,157.28,160.67,1440095.595
1724544000,160.67,160.76,155.25,156.12,969321.621
1724572800,156.12,159.92,155.8,159.35,842555.257
1724601600,159.36,162.0,158.41,158.92,817206.825
1724630400,158.92,161.12,157.38,159.11,770641.191
1724659200,159.12,162.0,155.95,157.64,1523818.742
1724688000,157.63,159.4,155.53,157.12,1023938.108
1724716800,157.12,159.69,157.04,157.72,655131.237
1724745600,157.73,158.03,152.67,153.75,1353329.184
1724774400,153.75,155.55,145.03,146.79,1641915.345
1724803200,146.78,149.3,143.73,143.97,1212672.615
1724832000,143.97,148.54,142.72,144.11,1560504.807
1724860800,144.11,146.37,140.53,143.95,1497689.612
1724889600,143.96,145.38,142.94,144.66,701248.072
1724918400,144.66,147.36,144.38,146.06,950279.402
1724947200,146.06,146.8,138.05,140.0,1270289.355
1724976000,140.01,141.11,137.15,139.02,928021.41
1725004800,139.03,140.73,132.49,133.32,1658750.804
1725033600,133.33,138.48,132.04,137.99,1452024.955
1725062400,137.99,139.23,137.38,137.59,395289.112
1725091200,137.59,137.85,135.57,136.63,477218.464
1725120000,136.63,136.7,134.49,135.35,357703.169
1725148800,135.35,135.62,131.09,132.81,676388.078
1725177600,132.81,134.87,130.0,134.29,966362.815
1725206400,134.29,136.15,127.66,128.5,1285693.848
1725235200,128.5,130.7,126.8,127.66,1207118.728
1725264000,127.65,133.45,127.22,132.54,1301485.114
1725292800,132.54,135.39,131.71,134.94,637711.712
1725321600,134.95,138.13,133.54,134.6,739212.293
1725350400,134.6,135.5,129.31,129.8,946463.195
1725379200,129.81,132.21,127.15,127.54,941706.437
1725408000,127.54,131.44,122.6,130.3,1705523.215
1725436800,130.29,134.13,127.88,133.83,1431056.979
1725465600,133.82,134.98,132.58,133.64,677478.915
1725494400,133.64,134.38,130.84,133.1,666290.5
1725523200,133.1,135.58,130.16,130.61,1221268.039
1725552000,130.61,131.14,127.85,129.41,874478.513
1725580800,129.4,131.56,127.41,128.09,654272.206
1725609600,128.08,134.29,126.86,128.09,1935846.134
1725638400,128.08,128.33,120.0,125.05,2904134.03
1725667200,125.05,128.5,124.13,127.62,848692.598
1725696000,127.62,129.5,126.68,128.84,640754.744
1725724800,128.84,129.18,126.26,127.71,622149.623
1725753600,127.72,130.13,126.9,129.59,457980.49
1725782400,129.6,130.97,126.61,126.74,870155.724
1725811200,126.75,131.7,126.63,130.15,643783.652
1725840000,130.15,131.02,127.51,129.31,652269.863
1725868800,129.3,131.0,126.96,128.41,1119407.755
1725897600,128.4,137.09,128.26,135.08,1893279.26
1725926400,135.07,135.29,132.5,134.96,574529.3
1725955200,134.96,136.4,133.37,134.14,868066.013
1725984000,134.14,138.0,133.77,135.63,862575.907
1726012800,135.64,135.91,131.07,132.45,995599.484
1726041600,132.44,133.33,128.2,131.17,1319392.957
1726070400,131.17,133.57,131.05,132.42,824390.977
1726099200,132.43,136.25,132.38,134.9,801217.202
1726128000,134.9,136.78,133.42,133.56,813854.244
1726156800,133.55,136.72,133.48,136.05,658287.863
1726185600,136.06,136.21,133.73,134.58,407367.458
1726214400,134.59,136.69,131.7,136.59,1170978.47
1726243200,136.58,139.8,135.96,139.02,1136186.097
1726272000,139.02,139.8,137.39,137.51,560291.198
1726300800,137.51,138.16,136.51,137.39,460128.626
1726329600,137.39,137.87,135.6,137.14,376413.474
1726358400,137.15,137.95,136.82,137.16,265631.732
1726387200,137.16,137.19,134.63,135.76,569955.163
1726416000,135.77,135.82,130.43,131.37,1014869.845
1726444800,131.38,131.85,129.25,131.25,684255.928
1726473600,131.26,132.4,129.96,131.46,743340.845
1726502400,131.47,131.92,128.91,131.47,708791.532
1726531200,131.47,132.85,130.12,132.25,425088.56
1726560000,132.25,135.55,130.91,134.67,1113095.927
1726588800,134.66,134.94,131.0,131.54,801661.424
1726617600,131.54,132.15,130.22,131.35,502255.193
1726646400,131.34,131.35,127.07,127.67,1099045.75
1726675200,127.66,134.45,127.24,134.34,1708486.315
1726704000,134.34,139.11,134.27,138.56,1563835.3
1726732800,138.56,143.0,138.27,142.96,1351305.305
1726761600,142.96,144.04,140.9,142.89,1215294.745
1726790400,142.88,152.5,141.18,151.04,1802974.721
1726819200,151.05,151.8,145.92,147.88,1820278.486
1726848000,147.88,148.42,144.81,146.66,864847.408
1726876800,146.67,148.0,144.61,147.45,678189.612
1726905600,147.44,150.25,146.44,147.64,651129.335
1726934400,147.63,149.89,147.17,149.41,587414.269
1726963200,149.42,149.92,146.37,147.17,501038.39
1726992000,147.16,147.57,142.63,143.13,755233.593
1727020800,143.12,145.78,141.12,144.63,909690.905
1727049600,144.64,149.07,142.13,145.52,1146127.495
1727078400,145.52,145.65,142.59,144.21,1303842.287
1727107200,144.2,145.2,142.42,144.79,776403.991
1727136000,144.79,147.35,143.09,147.19,985380.566
1727164800,147.19,148.76,144.16,145.52,1458612.514
1727193600,145.53,154.0,145.34,152.73,1571509.851
1727222400,152.74,153.93,148.97,149.77,1160237.618
1727251200,149.77,153.0,149.43,150.42,802639.12
1727280000,150.42,151.97,147.28,147.98,765376.608
1727308800,147.97,151.86,146.57,151.81,809210.31
1727337600,151.82,158.05,150.46,157.11,2254861.185
1727366400,157.12,158.04,153.85,155.55,1187149.268
1727395200,155.54,158.89,153.89,157.47,1047063.938
1727424000,157.48,161.43,155.21,159.03,1915540.18
1727452800,159.03,159.66,157.02,157.64,763056.88
1727481600,157.63,159.43,156.15,156.39,604556.853
1727510400,156.39,158.01,155.0,156.87,703028.207
1727539200,156.87,157.45,155.63,156.75,273249.281
1727568000,156.75,158.53,155.12,155.48,783353.579
1727596800,155.48,158.0,155.09,157.28,585772.684
1727625600,157.27,161.78,156.67,158.46,981532.213
1727654400,158.47,159.77,155.2,156.86,1245321.17
1727683200,156.86,157.38,153.74,154.16,1138428.948
1727712000,154.16,156.94,151.73,152.49,856932.088
1727740800,152.51,157.15,151.48,156.79,703495.157
1727769600,156.79,157.34,146.12,149.61,1865149.945
1727798400,149.6,149.99,142.29,145.13,2422596.317
1727827200,145.12,148.96,143.42,147.75,948704.349
1727856000,147.75,148.48,142.74,147.46,1245636.398
1727884800,147.46,148.4,138.61,140.18,1623265.372
1727913600,140.18,142.96,138.68,139.9,931953.771
1727942400,139.91,140.08,133.11,135.58,2043550.876
1727971200,135.58,137.88,133.64,136.82,766843.198
1728000000,136.81,139.77,135.95,139.56,724903.016
1728028800,139.55,142.67,138.05,142.43,1667502.302
1728057600,142.44,144.55,141.86,143.24,727746.635
1728086400,143.24,144.58,141.56,143.8,617587.488
1728115200,143.8,144.93,142.5,142.9,430684.2
1728144000,142.89,143.02,141.06,142.59,426946.128
1728172800,142.59,143.68,142.0,142.97,275653.03
1728201600,142.96,146.7,142.63,146.0,578631.026
1728230400,145.99,146.75,144.31,146.48,554787.344
1728259200,146.47,151.0,145.88,148.02,1171449.463
1728288000,148.02,152.4,145.65,148.71,1410079.139
1728316800,148.7,149.43,143.5,143.96,1026226.349
1728345600,143.97,145.6,142.17,143.08,747199.366
1728374400,143.08,145.52,141.17,142.8,934599.321
1728403200,142.8,144.7,141.75,143.49,472029.466
1728432000,143.5,145.34,142.68,143.17,501719.85
1728460800,143.16,143.5,140.19,142.83,871981.414
1728489600,142.83,142.9,138.66,139.33,697816.797
1728518400,139.33,140.92,137.66,139.69,409134.915
1728547200,139.7,140.83,136.2,138.67,1035419.178
1728576000,138.66,139.09,135.52,139.03,845228.814
1728604800,139.04,142.12,138.68,141.17,627801.725
1728633600,141.17,145.52,140.98,144.41,913621.068
1728662400,144.41,146.62,143.92,145.53,727666.125
1728691200,145.52,146.6,144.71,145.58,408952.029
1728720000,145.58,147.28,145.47,146.09,595133.678
1728748800,146.08,147.32,146.08,146.4,343593.841
1728777600,146.39,147.06,145.13,146.42,338397.689
1728806400,146.42,148.39,144.45,145.34,757233.968
1728835200,145.34,148.86,144.7,147.74,503423.176
1728864000,147.74,153.5,146.8,153.04,1338129.969
1728892800,153.04,158.1,152.04,156.71,1670958.24
1728921600,156.7,158.08,154.56,157.59,977966.936
1728950400,157.59,158.44,153.71,155.13,845789.919
1728979200,155.13,159.73,150.3,153.29,2473417.682
1729008000,153.3,156.4,152.0,154.76,1160817.51
1729036800,154.76,156.1,153.0,153.67,762142.637
1729065600,153.67,158.41,153.4,155.71,1401814.454
1729094400,155.71,155.97,153.64,154.28,687859.259
1729123200,154.28,155.73,151.6,152.61,839043.198
1729152000,152.61,153.47,150.77,152.89,962968.857
1729180800,152.89,152.92,147.66,150.5,862797.893
1729209600,150.5,154.23,149.56,153.89,620359.125
1729238400,153.9,155.24,152.14,154.72,673288.272
1729267200,154.71,156.65,153.62,154.94,535746.721
1729296000,154.93,156.05,154.12,154.56,457834.195
1729324800,154.56,157.5,153.45,156.51,570645.183
1729353600,156.51,159.85,155.32,159.79,696024.788
1729382400,159.79,160.64,158.14,158.78,818405.906
1729411200,158.78,161.5,157.58,160.01,840253.337
1729440000,160.02,167.94,159.3,167.4,1436039.582
1729468800,167.4,171.76,167.2,168.64,1669815.869
1729497600,168.65,169.62,160.99,165.27,1917687.181
1729526400,165.27,168.16,163.02,166.17,1220255.692
1729555200,166.16,168.96,162.99,167.11,1014337.24
1729584000,167.1,170.99,163.53,167.78,2255272.492
1729612800,167.79,169.26,166.0,167.59,846075.77
1729641600,167.6,167.96,164.34,165.74,904044.554
1729670400,165.73,169.48,164.13,168.13,1515530.691
1729699200,168.14,174.3,164.7,170.85,2090217.047
1729728000,170.86,175.26,170.5,173.56,1221147.523
1729756800,173.55,177.22,171.0,175.43,1640569.167
1729785600,175.43,179.3,174.65,177.19,1031335.43
1729814400,177.19,177.47,171.46,171.9,1090558.169
1729843200,171.9,177.6,170.66,172.45,1861633.06
1729872000,172.45,173.04,159.12,164.9,2766115.837
1729900800,164.91,169.18,162.43,167.35,1372000.736
1729929600,167.35,170.3,167.23,168.63,875833.723
1729958400,168.63,173.25,168.36,170.88,762868.337
1729987200,170.87,173.52,170.26,173.27,569255.083
1730016000,173.26,177.05,173.17,175.77,1101994.137
1730044800,175.78,178.27,174.74,176.63,934882.551
1730073600,176.63,177.19,173.14,175.69,1043501.748
1730102400,175.69,178.59,173.25,173.39,1470781.155
1730131200,173.39,179.8,172.45,178.29,1363047.318
1730160000,178.28,182.78,177.14,180.16,1387121.395
1730188800,180.16,181.84,178.37,180.61,1186655.057
1730217600,180.6,183.38,176.41,179.42,1472333.487
1730246400,179.43,181.36,176.94,178.69,670208.129
1730275200,178.69,179.33,173.15,173.93,1301545.829
1730304000,173.94,177.06,173.01,174.87,921358.793
1730332800,174.87,176.56,173.11,174.5,688495.958
1730361600,174.5,176.36,169.3,170.65,1081961.318
1730390400,170.65,170.73,167.56,168.69,891072.022
1730419200,168.69,169.42,165.05,165.96,942088.713
1730448000,165.96,174.0,163.43,164.09,1614619.558
1730476800,164.1,167.81,163.69,166.1,768954.176
1730505600,166.11,168.61,165.66,167.64,349349.708
1730534400,167.63,167.86,162.11,163.82,737197.695
1730563200,163.82,166.93,163.0,166.17,516726.2
1730592000,166.16,166.61,160.84,163.53,767063.203
1730620800,163.53,164.85,157.82,159.99,1127420.035
1730649600,159.99,163.83,158.06,162.53,850826.591
1730678400,162.52,165.04,160.48,161.41,750287.979
1730707200,161.41,165.0,160.07,163.03,1082623.559
1730736000,163.04,163.47,155.11,157.95,1186339.787
1730764800,157.95,162.47,156.86,162.04,939687.272
1730793600,162.04,167.94,161.03,165.94,1344692.883
1730822400,165.95,169.3,163.11,166.62,1153776.716
1730851200,166.63,188.36,166.4,183.83,5533135.912
1730880000,183.82,188.7,180.11,185.51,3120976.07
1730908800,185.51,190.01,184.74,186.59,1731124.01
1730937600,186.59,191.95,185.84,188.01,1477533.261
1730966400,188.01,192.78,185.96,192.66,1066318.896
1730995200,192.65,197.84,190.94,196.35,1666477.663
1731024000,196.36,201.0,195.64,200.38,1740016.882
1731052800,200.38,205.0,198.09,200.99,2069393.252
1731081600,200.98,202.1,196.21,199.85,1319834.054
1731110400,199.86,202.41,197.21,200.26,838553.404
1731139200,200.27,203.45,197.35,198.4,983791.737
1731168000,198.39,201.99,194.86,199.89,1010959.855
1731196800,199.89,209.0,198.68,205.06,2466138.413
1731225600,205.06,213.3,203.47,212.23,2454012.523
1731254400,212.23,215.27,199.73,210.07,3048477.294
1731283200,210.07,212.38,204.16,208.01,2408365.569
1731312000,208.0,221.0,206.6,219.0,3386492.496
1731340800,219.0,224.0,216.03,222.13,3140448.903
1731369600,222.12,222.57,215.0,221.84,2463178.158
1731398400,221.84,225.21,204.71,210.53,4589223.79
1731427200,210.54,215.46,206.61,211.64,1949588.711
1731456000,211.63,213.2,200.67,205.22,2781900.393
1731484800,205.22,217.3,203.85,216.4,4180615.251
1731513600,216.39,220.44,205.93,215.13,3871537.155
1731542400,215.14,220.73,212.05,218.12,2348940.972
1731571200,218.12,222.8,209.03,210.84,3115037.594
1731600000,210.84,217.12,206.78,209.57,1994545.142
1731628800,209.57,212.88,204.48,209.18,1635824.309
1731657600,209.19,215.33,206.71,208.32,1855651.517
1731686400,208.32,220.5,208.04,218.45,1779616.098
1731715200,218.44,221.99,215.88,218.91,1299980.763
1731744000,218.91,221.8,213.72,215.03,1828848.826
1731772800,215.03,217.36,213.35,215.71,1075639.711
1731801600,215.72,239.9,212.1,237.23,3928659.81
1731830400,237.22,242.33,229.4,233.96,2895697.639
1731859200,233.96,238.4,231.21,237.47,1609066.755
1731888000,237.47,245.27,234.01,242.05,2315722.711
1731916800,242.06,248.44,238.04,243.33,2874390.494
1731945600,243.33,243.94,234.26,239.79,2295737.156
1731974400,239.79,244.62,237.54,243.32,1373740.319
1732003200,243.32,247.5,238.36,240.58,2356017.145
1732032000,240.59,244.54,233.4,237.63,1865855.938
1732060800,237.64,237.91,230.37,235.94,1589093.918
1732089600,235.94,242.54,234.77,238.37,1996497.25
1732118400,238.37,239.14,230.95,235.48,1886612.308
1732147200,235.48,242.78,229.6,241.47,2303107.607
1732176000,241.48,253.0,239.79,248.86,3489437.55
1732204800,248.87,259.8,248.3,256.37,2803394.837
1732233600,256.38,264.39,252.37,259.22,2113520.494
1732262400,259.23,260.96,252.48,256.38,1805451.612
1732291200,256.38,257.91,251.47,256.9,1236209.799
1732320000,256.9,264.0,253.34,258.26,1738245.599
1732348800,258.27,263.6,255.8,259.71,1545491.558
1732377600,259.71,260.3,252.69,254.89,1553046.07
1732406400,254.9,259.78,254.06,256.63,813564.489
1732435200,256.63,256.75,240.93,244.17,1897279.648
1732464000,244.18,254.76,243.66,252.73,954401.675
1732492800,252.74,254.06,245.7,253.28,850808.057
1732521600,253.28,256.7,235.04,244.97,2013515.112
1732550400,244.97,246.13,231.21,234.18,1835313.148
1732579200,234.18,239.66,233.57,235.73,1010745.66
1732608000,235.72,236.6,221.8,227.36,2791951.934
1732636800,227.36,232.49,223.4,230.69,1209923.862
1732665600,230.69,234.99,227.51,234.34,1136059.125
1732694400,234.35,240.91,232.04,240.59,1507917.298
1732723200,240.59,243.33,237.71,241.96,1163307.874
1732752000,241.96,245.28,236.61,238.02,1086376.092
1732780800,238.03,239.14,232.8,233.06,1033571.005
1732809600,233.06,238.35,233.06,237.59,574085.963
1732838400,237.58,243.11,236.55,237.65,881365.429
1732867200,237.66,246.77,237.66,243.5,1159862.537
1732896000,243.51,245.3,239.97,243.33,849578.113
1732924800,243.33,245.13,239.01,244.23,799180.406
1732953600,244.22,245.4,238.65,239.87,903347.06
1732982400,239.87,241.17,237.5,237.6,576729.35
1733011200,237.6,239.89,234.1,235.46,743111.295
1733040000,235.46,239.32,235.35,238.5,833840.194
1733068800,238.51,239.41,234.2,236.8,858921.465
1733097600,236.79,238.2,225.93,228.62,2085906.398
1733126400,228.62,229.6,221.61,229.21,2090002.268
1733155200,229.21,229.94,220.0,225.72,1692151.609
1733184000,225.73,230.98,223.15,226.92,1685856.911
1733212800,226.92,228.5,215.0,223.22,2612942.597
1733241600,223.21,239.6,220.27,233.92,2619805.22
1733270400,233.92,241.0,233.92,236.58,1611993.574
1733299200,236.57,237.87,229.92,233.72,1446421.008
1733328000,233.73,236.23,224.67,229.15,1908449.623
1733356800,229.15,238.59,222.95,233.89,2209908.819
1733385600,233.9,244.77,233.51,239.06,2458249.667
1733414400,239.07,242.93,225.0,235.84,2723391.507
1733443200,235.84,247.0,234.31,239.3,2007083.057
1733472000,239.31,240.51,230.92,238.02,1835870.705
1733500800,238.01,240.73,235.34,236.87,1293600.065
1733529600,236.87,237.44,234.12,236.21,652629.468
1733558400,236.21,243.2,235.01,240.84,1188521.839
1733587200,240.85,243.61,237.83,238.14,1092470.131
1733616000,238.14,241.51,236.6,237.6,716196.562
1733644800,237.6,237.78,233.22,237.35,904248.557
1733673600,237.34,237.75,234.09,237.02,602392.432
1733702400,237.02,237.28,228.11,231.59,1209802.835
1733731200,231.59,231.82,222.89,224.29,1977461.166
1733760000,224.3,226.15,203.0,216.63,4204319.707
1733788800,216.62,221.06,206.96,217.34,2253618.042
1733817600,217.33,218.6,206.27,206.55,2350669.872
1733846400,206.58,216.29,203.21,213.6,2414419.816
1733875200,213.6,220.32,211.51,218.44,1644875.973
1733904000,218.45,230.29,218.31,228.38,1984974.393
1733932800,228.38,230.65,226.77,227.29,1058634.442
1733961600,227.29,232.98,225.67,230.01,1154053.205
1733990400,230.0,233.53,228.3,231.3,1202777.638
1734019200,231.3,234.69,225.71,226.96,1202273.224
1734048000,226.95,228.44,223.09,224.81,899029.806
1734076800,224.82,227.27,220.7,221.13,1119809.366
1734105600,221.12,224.92,220.6,224.79,870687.599
1734134400,224.79,227.51,223.62,225.97,567997.247
1734163200,225.98,226.75,220.42,222.56,624080.34
1734192000,222.55,222.55,215.13,219.93,963576.884
1734220800,219.94,221.86,215.68,217.27,558529.801
1734249600,217.26,221.5,216.47,220.88,684960.116
1734278400,220.89,225.5,216.22,224.27,887418.092
1734307200,224.26,227.56,220.45,223.13,1042833.132
1734336000,223.12,223.33,213.26,216.98,1641833.642
1734364800,216.97,221.74,215.86,216.19,1178742.427
1734393600,216.19,216.69,211.36,215.57,1027386.23
1734422400,215.57,227.55,215.5,220.53,2274537.432
1734451200,220.53,228.95,219.86,223.15,1875813.086
1734480000,223.16,226.04,213.55,215.91,1520965.836
1734508800,215.92,218.94,214.64,217.73,1159346.307
1734537600,217.73,218.34,204.8,206.53,2885614.42
1734566400,206.53,212.14,199.39,211.81,1942198.671
1734595200,211.82,211.82,202.4,205.44,1409813.605
1734624000,205.44,206.92,187.0,193.81,4050637.61
1734652800,193.82,199.81,188.11,191.37,1760581.328
1734681600,191.36,191.59,175.26,189.89,6102516.029
1734710400,189.89,194.78,187.91,194.48,1930286.311
1734739200,194.48,201.98,193.05,198.81,1227530.321
1734768000,198.8,198.97,183.21,186.65,2275609.001
1734796800,186.65,187.5,178.3,181.45,1740433.295
1734825600,181.46,184.81,177.88,184.32,1292337.031
1734854400,184.31,187.87,179.03,181.87,1125966.903
1734883200,181.88,184.05,176.88,180.52,1155065.038
1734912000,180.53,187.73,176.48,182.25,1643887.627
1734940800,182.24,186.67,180.73,180.87,1146330.608
1734969600,180.87,193.48,180.74,190.11,1427445.795
1734998400,190.12,191.96,186.13,191.51,633104.192
1735027200,191.51,199.0,190.56,197.79,1140999.414
1735056000,197.79,198.64,193.35,197.09,935474.066
1735084800,197.09,201.85,196.4,198.13,779924.267
1735113600,198.14,200.54,195.0,198.27,691293.905
1735142400,198.26,200.13,195.61,197.44,487426.315
1735171200,197.45,199.71,193.35,193.43,716779.607
1735200000,193.43,193.84,187.57,188.7,797271.041
1735228800,188.7,190.97,186.54,188.46,531515.452
1735257600,188.46,191.17,185.58,186.67,567890.302
1735286400,186.67,194.39,183.3,184.13,882575.421
1735315200,184.12,187.33,182.74,184.22,496043.922
1735344000,184.22,186.32,183.82,185.13,356114.66
1735372800,185.13,191.3,185.0,190.18,510175.527
1735401600,190.19,196.1,189.64,195.5,628557.68
1735430400,195.5,197.37,192.42,196.04,487567.059
1735459200,196.03,197.71,192.91,195.14,552948.753
1735488000,195.15,195.48,188.57,189.94,519674.207
1735516800,189.94,194.4,189.08,192.36,578051.219
1735545600,192.37,194.82,185.99,187.32,845732.919
1735574400,187.32,196.47,185.89,191.38,992201.35
1735603200,191.37,192.05,188.04,190.07,566040.752
1735632000,190.07,198.76,190.0,198.44,1044869.053
1735660800,198.44,199.27,189.2,189.31,851068.457
1735689600,189.31,192.66,189.08,190.06,500754.017
1735718400,190.06,192.15,188.0,191.91,586139.901
1735747200,191.91,195.33,189.25,194.28,568266.184
1735776000,194.28,206.89,193.43,205.91,1415235.205
1735804800,205.91,210.48,205.45,206.77,1185205.98
1735833600,206.77,209.07,204.67,208.31,624482.797
1735862400,208.3,210.0,205.63,207.95,670728.724
1735891200,207.95,218.7,207.6,217.36,1641003.418
1735920000,217.37,219.83,215.81,217.99,939354.414
1735948800,218.0,218.18,215.58,216.71,709846.387
1735977600,216.7,217.66,213.54,214.32,825269.007
1736006400,214.31,217.27,213.73,216.67,408595.996
1736035200,216.67,219.05,215.27,216.47,745212.346
1736064000,216.47,216.57,211.61,213.59,860806.556
1736092800,213.58,214.54,211.46,213.41,495021.643
1736121600,213.41,216.99,211.56,215.22,765127.703
1736150400,215.22,222.14,213.23,221.62,1204014.684
1736179200,221.62,223.18,217.34,218.22,886220.471
1736208000,218.22,219.11,215.49,216.04,599097.321
1736236800,216.04,216.77,205.36,207.76,1914182.43
1736265600,207.76,209.09,201.8,202.17,1229018.533
1736294400,202.17,203.28,193.14,195.71,1708852.836
1736323200,195.71,199.57,194.45,197.8,1319775.363
1736352000,197.8,198.3,188.34,197.48,1418202.031
1736380800,197.48,199.06,189.76,190.11,916553.742
1736409600,190.11,193.07,185.07,192.22,1427603.739
1736438400,192.22,192.81,182.0,184.95,1262989.712
1736467200,184.96,193.02,184.95,191.78,948705.31
1736496000,191.77,192.87,183.51,187.28,1727993.783
1736524800,187.28,192.07,183.85,187.68,966192.989
1736553600,187.69,188.79,185.04,186.24,627911.41
1736582400,186.24,188.25,184.01,186.95,1032267.666
1736611200,186.96,191.91,185.66,188.09,544306.98
1736640000,188.09,188.6,185.6,186.57,387041.13
1736668800,186.57,191.0,185.17,190.45,486167.456
1736697600,190.45,190.76,186.59,188.51,457708.549
1736726400,188.5,191.99,181.5,182.46,1057895.247
1736755200,182.46,182.53,168.88,178.8,3196223.883
1736784000,178.81,183.81,174.45,182.87,1415806.483
1736812800,182.86,186.91,181.88,185.61,852575.614
1736841600,185.61,190.11,184.69,186.85,1226030.244
1736870400,186.85,188.81,185.72,187.57,658749.206
1736899200,187.57,190.77,187.03,190.0,644517.081
1736928000,189.99,198.03,185.84,196.52,1702069.206
1736956800,196.52,206.04,196.43,205.86,1422024.293
1736985600,205.86,206.29,201.36,203.14,776875.054
1737014400,203.15,217.14,198.47,209.07,3320709.06
1737043200,209.07,215.44,208.53,211.14,1612671.543
1737072000,211.15,215.35,209.84,213.27,1013218.92
1737100800,213.27,222.11,213.22,218.6,2083808.211
1737129600,218.6,221.93,215.66,219.51,1287445.707
1737158400,219.52,238.15,217.29,232.89,6237129.111
1737187200,232.89,260.0,230.75,257.75,6523739.848
1737216000,257.75,270.67,242.51,261.97,7211112.621
1737244800,261.97,277.99,252.08,271.53,6122314.961
1737273600,271.52,295.83,262.95,270.58,10546411.375
1737302400,270.58,278.43,236.68,252.42,8382941.264
1737331200,252.4,264.3,229.44,261.9,8213915.075
1737360000,261.91,273.29,249.91,254.06,4303694.41
1737388800,254.07,256.77,232.07,242.19,4361966.076
1737417600,242.18,245.21,230.0,236.84,3115717.076
1737446400,236.83,244.84,235.59,240.92,2412883.859
1737475200,240.92,260.06,239.79,250.33,2354136.322
1737504000,250.33,259.78,248.43,258.51,1513513.357
1737532800,258.51,264.98,252.22,257.3,2082135.17
1737561600,257.31,272.03,253.22,257.36,2627779.089
1737590400,257.37,258.48,245.02,249.53,1666124.359
1737619200,249.52,254.76,242.19,249.39,2305868.35
1737648000,249.4,258.38,243.62,253.11,2830770.014
1737676800,253.12,264.44,247.18,259.7,1922516.123
1737705600,259.7,270.18,259.68,262.28,1923324.458
1737734400,262.28,265.49,252.74,253.37,1368453.988
1737763200,253.36,253.71,246.49,247.28,1433648.209
1737792000,247.27,254.7,246.33,253.68,1099131.377
1737820800,253.68,260.78,253.08,256.41,1171209.715
1737849600,256.4,260.16,253.58,258.95,825309.369
1737878400,258.95,258.95,252.79,254.58,809741.724
1737907200,254.59,258.0,240.32,240.5,1392964.431
1737936000,240.49,242.68,221.71,227.53,3627770.386
1737964800,227.52,237.67,220.89,233.66,2794333.383
1737993600,233.67,237.9,223.92,234.89,2494517.073
1738022400,234.9,244.0,233.06,238.74,1196674.316
1738051200,238.74,240.23,233.75,237.49,1041870.322
1738080000,237.49,237.78,225.01,227.06,1244905.449
1738108800,227.06,234.78,226.79,234.41,645575.683
1738137600,234.42,235.9,226.0,228.4,903074.128
1738166400,228.41,238.49,222.63,228.16,2295544.027
1738195200,228.16,242.13,226.84,238.9,1381298.994
1738224000,238.9,244.7,238.01,241.09,1095446.774
1738252800,241.08,243.42,238.3,238.31,864520.205
1738281600,238.3,239.19,234.92,235.73,657903.064
1738310400,235.73,241.82,234.19,240.09,1169310.019
1738339200,240.1,240.18,228.24,231.77,1114952.484
1738368000,231.77,236.46,230.0,230.68,626695.232
1738396800,230.67,230.93,224.83,226.38,898829.321
1738425600,226.38,227.66,212.74,213.03,1324224.097
1738454400,213.03,218.9,206.74,211.78,1743546.886
1738483200,211.77,215.79,207.71,212.07,1258046.688
1738512000,212.06,212.13,192.31,203.51,4253906.759
1738540800,203.52,203.89,175.89,199.09,6462457.892
1738569600,199.09,210.0,189.9,207.02,3949018.796
1738598400,207.01,218.7,203.61,216.28,2425493.577
1738627200,216.27,219.97,201.87,204.23,2045668.999
1738656000,204.22,216.74,202.43,215.65,1825213.409
1738684800,215.65,218.35,202.52,206.64,2153311.979
1738713600,206.64,209.39,203.54,205.07,888065.482
1738742400,205.06,207.62,201.42,201.77,947347.183
1738771200,201.76,202.12,195.14,196.12,1319389.372
1738800000,196.12,203.98,195.93,202.0,978201.64
1738828800,202.0,202.93,190.52,191.23,1060367.777
1738857600,191.23,194.66,187.39,189.54,1406197.73
1738886400,189.53,195.87,189.02,192.54,1073063.984
1738915200,192.54,203.42,191.69,198.07,1805997.573
1738944000,198.08,199.15,188.12,191.99,1046535.216
1738972800,192.0,194.34,189.81,192.79,638817.892
1739001600,192.79,196.45,191.65,193.41,639583.957
1739030400,193.42,200.88,193.2,199.32,689194.903
1739059200,199.32,207.37,198.52,203.96,951177.928
1739088000,203.96,204.58,196.44,200.7,981095.191
1739116800,200.7,203.0,193.53,200.47,946865.341
1739145600,200.47,205.1,195.85,202.77,1636996.099
1739174400,202.77,209.05,201.48,203.07,1536695.253
1739203200,203.07,204.41,199.27,200.47,867149.196
1739232000,200.47,206.18,199.94,204.39,1715989.689
1739260800,204.39,205.95,197.8,199.47,1413234.982
1739289600,199.47,200.12,195.12,197.96,801013.664
1739318400,197.95,198.56,193.13,195.19,655367.707
1739347200,195.2,198.55,188.48,192.0,1828014.327
1739376000,192.01,198.48,189.34,196.78,1415151.287
1739404800,196.78,198.47,192.75,193.07,714043.124
1739433600,193.07,193.52,188.78,191.94,1027480.082
1739462400,191.93,195.45,190.02,194.25,686248.67
1739491200,194.24,197.37,194.11,196.59,504245.776
1739520000,196.59,202.12,196.35,200.86,1423011.773
1739548800,200.85,205.34,198.09,199.39,1800428.514
1739577600,199.4,200.27,195.25,195.9,632563.725
1739606400,195.9,196.74,193.26,194.66,676391.735
1739635200,194.66,195.1,192.61,194.48,324344.939
1739664000,194.47,196.24,192.34,192.89,450506.328
1739692800,192.9,194.0,189.23,190.32,763103.806
1739721600,190.32,191.27,186.3,188.27,795770.728
1739750400,188.26,189.72,180.77,181.35,1215286.544
1739779200,181.36,186.94,179.84,180.36,1477905.18
1739808000,180.37,181.41,174.63,177.53,1594382.006
1739836800,177.53,179.09,163.93,165.72,2395221.598
1739865600,165.73,171.5,163.17,165.95,2128404.722
1739894400,165.95,169.78,160.88,169.32,1795559.846
1739923200,169.32,170.86,163.75,168.95,1138933.152
1739952000,168.96,174.3,168.14,169.74,1321026.43
1739980800,169.74,173.44,166.41,168.93,1018359.68
1740009600,168.94,174.96,167.66,171.77,873758.234
1740038400,171.77,176.65,170.92,171.61,1267707.915
1740067200,171.62,176.54,171.22,176.0,797287.186
1740096000,176.0,176.8,173.0,175.86,778724.189
1740124800,175.86,180.52,170.56,173.17,1768619.43
1740153600,173.16,175.66,167.15,168.94,1556339.238
1740182400,168.94,173.14,168.07,171.74,790527.373
1740211200,171.74,174.6,171.36,174.23,644062.555
1740240000,174.23,174.68,171.89,172.07,452223.529
1740268800,172.07,173.07,169.95,172.85,459762.715
1740297600,172.85,172.91,166.6,166.76,596724.948
1740326400,166.76,168.86,166.42,167.94,431823.096
1740355200,167.94,169.69,156.88,160.99,1852532.222
1740384000,160.99,161.1,150.65,152.66,2475195.604
1740412800,152.67,155.15,138.0,141.81,3669510.089
1740441600,141.81,144.45,133.0,136.25,5678532.444
1740470400,136.26,141.83,131.91,138.89,3920453.408
1740499200,138.89,147.09,137.96,144.33,2148024.293
1740528000,144.33,145.19,139.63,140.19,1114444.616
1740556800,140.19,142.21,134.61,139.27,1739862.974
1740585600,139.27,139.79,130.65,135.32,2514093.469
1740614400,135.33,142.9,134.96,140.99,1367560.08
1740643200,141.0,142.46,136.28,139.63,1633954.381
1740672000,139.62,140.15,134.71,137.68,1321475.998
1740700800,137.68,137.98,125.55,128.55,3856872.595
1740729600,128.54,147.86,127.9,145.68,4392498.813
1740758400,145.67,148.72,143.74,148.18,1790589.205
1740787200,148.18,151.25,142.2,142.49,1986275.5
1740816000,142.49,144.29,138.57,140.39,1250812.772
1740844800,140.39,143.82,138.7,143.66,914767.486
1740873600,143.66,146.01,142.03,143.79,873043.241
1740902400,143.78,163.39,140.04,157.46,3855336.632
1740931200,157.47,179.85,157.47,178.71,8746259.973
1740960000,178.72,179.47,159.8,162.26,3039172.559
1740988800,162.27,167.07,154.07,157.78,3624854.727
1741017600,157.78,159.61,139.21,142.16,4432174.754
1741046400,142.16,145.08,132.46,136.02,3104797.664
1741075200,136.02,143.39,132.64,138.59,4060965.795
1741104000,138.59,147.0,130.66,144.79,3223834.875
1741132800,144.8,145.55,140.82,142.88,1313807.164
1741161600,142.89,149.73,140.32,141.66,2383490.568
1741190400,141.66,146.84,140.18,146.28,1198222.853
1741219200,146.27,150.68,144.54,148.62,1275855.84
1741248000,148.63,152.9,145.06,149.03,1941096.178
1741276800,149.04,149.43,142.44,143.31,1234927.643
1741305600,143.3,145.57,135.04,144.34,2121510.892
1741334400,144.34,148.13,141.75,144.89,2283573.512
1741363200,144.89,150.88,137.5,139.39,2862328.367
1741392000,139.39,141.09,137.8,138.78,922566.809
1741420800,138.77,139.21,136.07,137.21,671558.249
1741449600,137.21,138.92,135.29,137.01,541626.335
1741478400,137.01,139.88,136.53,139.63,427729.918
1741507200,139.63,139.78,129.75,130.16,1534459.681
1741536000,130.16,131.54,125.41,126.51,1947306.053
1741564800,126.52,129.25,124.03,128.11,1565134.648
1741593600,128.11,131.57,120.18,121.96,2554962.859
1741622400,121.95,122.36,115.47,118.32,2534011.824
1741651200,118.32,124.02,112.0,123.07,2815538.374
1741680000,123.07,126.27,118.59,125.02,2333188.073
1741708800,125.01,128.43,122.84,125.35,1286551.416
1741737600,125.35,127.03,121.22,123.19,1329918.088
1741766400,123.19,131.33,122.88,124.57,2092972.15
1741795200,124.56,127.08,123.31,126.62,987611.902
1741824000,126.61,127.46,123.03,124.24,847850.345
1741852800,124.25,128.76,123.6,124.34,1251773.024
1741881600,124.34,124.41,120.76,123.37,724961.592
1741910400,123.36,125.63,122.98,124.68,637112.885
1741939200,124.68,134.01,124.62,132.12,1916388.115
1741968000,132.13,136.03,130.87,133.54,1054224.492
1741996800,133.53,135.52,132.71,132.91,668439.482
1742025600,132.91,135.8,132.44,135.12,702671.938
1742054400,135.12,136.53,133.58,135.86,546966.07
1742083200,135.86,136.71,133.86,134.64,489470.074
1742112000,134.64,134.97,127.49,128.78,1274242.319
1742140800,128.77,131.28,125.21,126.13,1000548.499
1742169600,126.13,129.5,125.85,129.26,806335.67
1742198400,129.26,130.11,125.55,127.51,1028839.117
1742227200,127.5,130.64,126.66,128.01,872436.307
1742256000,128.01,128.19,123.0,125.2,1470359.185
1742284800,125.2,125.96,121.76,122.57,1054343.835
1742313600,122.57,125.71,122.44,125.33,657086.679
1742342400,125.33,126.88,124.2,125.73,844917.038
1742371200,125.73,132.73,125.7,132.32,1760623.698
1742400000,132.33,136.08,128.18,135.33,1564957.255
1742428800,135.33,136.12,132.76,134.01,758791.635
1742457600,134.01,134.55,128.51,128.91,1172376.459
1742486400,128.9,129.38,126.65,127.6,662119.892
1742515200,127.6,129.07,127.33,128.07,497656.952
1742544000,128.08,129.1,125.39,125.98,885060.425
1742572800,125.98,130.18,124.81,128.48,1017704.971
1742601600,128.47,129.75,127.8,128.82,487153.949
1742630400,128.81,131.84,128.64,129.25,623901.065
1742659200,129.24,130.27,128.12,128.51,387113.182
1742688000,128.5,131.49,128.21,131.15,420958.966
1742716800,131.15,134.06,130.95,132.51,831122.913
1742745600,132.52,132.85,130.2,132.84,511404.107
1742774400,132.85,139.36,132.04,138.88,1719794.983
1742803200,138.89,144.96,138.6,143.25,1942656.139
1742832000,143.24,143.64,139.64,141.01,891680.523
1742860800,141.01,142.29,138.17,139.46,817761.614
1742889600,139.46,147.48,139.43,145.28,1799797.992
1742918400,145.28,146.25,142.48,143.64,912399.064
1742947200,143.64,144.89,141.5,144.5,744932.975
1742976000,144.5,145.49,139.0,139.34,1384475.652
1743004800,139.33,140.21,135.89,137.34,970114.66
1743033600,137.35,140.22,136.82,138.88,743626.729
1743062400,138.88,139.83,135.63,137.79,1178368.59
1743091200,137.79,139.95,137.36,138.43,544167.364
1743120000,138.44,139.05,131.38,131.62,1799729.194
1743148800,131.63,132.67,129.14,129.92,1277284.465
1743177600,129.92,130.46,127.69,129.49,815177.706
1743206400,129.5,130.54,125.45,126.39,952838.561
1743235200,126.39,127.1,124.31,126.32,866757.758
1743264000,126.32,126.79,122.68,124.58,790469.196
1743292800,124.58,126.6,123.49,125.48,519872.33
1743321600,125.48,126.43,123.15,124.92,642170.293
1743350400,124.92,127.08,123.0,124.82,581732.673
1743379200,124.83,127.63,122.75,125.88,885527.951
1743408000,125.89,127.81,123.05,126.78,1838486.062
1743436800,126.77,127.36,123.83,124.54,1006614.84
1743465600,124.53,126.78,123.74,126.69,745813.562
1743494400,126.69,130.55,124.68,129.27,2041115.085
1743523200,129.27,129.64,125.3,126.67,767349.201
1743552000,126.68,126.96,123.5,124.55,676264.488
1743580800,124.54,131.16,124.28,130.43,1803137.594
1743609600,130.43,136.21,117.0,117.42,3809506.598
1743638400,117.42,120.94,116.25,118.64,2221864.875
1743667200,118.64,119.22,112.24,114.16,2386439.905
1743696000,114.17,117.45,113.26,117.17,1246562.498
1743724800,117.17,118.35,114.63,118.18,1180740.33
1743753600,118.17,120.99,113.25,118.6,2709678.237
1743782400,118.6,124.0,118.23,122.79,1830653.753
1743811200,122.8,122.85,120.18,121.07,543481.866
1743840000,121.07,121.96,117.15,117.55,736599.186
1743868800,117.55,120.56,117.52,120.32,504300.248
1743897600,120.33,121.13,118.82,119.21,431201.606
1743926400,119.2,120.18,114.3,114.97,969290.838
1743955200,114.96,115.26,103.81,105.91,3533854.541
1743984000,105.9,107.82,95.26,97.14,4145667.697
1744012800,97.14,113.0,96.93,106.65,6660090.357
1744041600,106.65,109.3,103.56,106.99,1824906.939
1744070400,106.98,112.58,106.65,108.7,1530146.577
1744099200,108.69,112.2,106.68,107.2,2169205.158
1744128000,107.19,107.29,102.96,105.4,2139778.047
1744156800,105.4,107.85,101.26,107.37,2374371.66
1744185600,107.37,108.26,102.31,106.54,2267918.801
1744214400,106.54,121.0,106.22,119.05,4692295.678
1744243200,119.05,119.3,114.05,114.78,1836907.565
1744272000,114.79,115.76,109.39,109.6,2287890.229
1744300800,109.6,113.4,108.21,112.81,1441526.835
1744329600,112.8,117.76,112.16,116.59,909109.696
1744358400,116.6,121.57,115.87,119.91,2300060.682
1744387200,119.91,122.65,118.66,121.41,1134896.511
1744416000,121.41,124.57,119.41,124.26,1276849.065
1744444800,124.26,131.77,124.01,130.47,1880617.067
1744473600,130.47,134.11,128.2,132.24,1462799.723
1744502400,132.24,133.96,128.17,128.55,1218737.665
1744531200,128.55,131.61,126.78,128.72,1289109.821
1744560000,128.71,132.56,125.32,128.38,1546523.117
1744588800,128.38,136.13,127.98,132.3,1465283.275
1744617600,132.31,134.79,128.12,128.8,1723821.703
1744646400,128.8,131.99,128.08,129.42,961146.472
1744675200,129.41,132.3,127.71,131.55,914407.773
1744704000,131.55,134.45,129.07,129.61,1445092.515
1744732800,129.62,130.6,125.82,126.11,1071982.209
1744761600,126.1,127.35,124.37,124.78,948257.58
1744790400,124.78,129.6,123.49,128.39,1806716.496
1744819200,128.4,133.91,124.86,131.33,2565794.918
1744848000,131.33,135.59,129.5,134.26,1313057.279
1744876800,134.25,135.0,130.55,133.45,1374003.378
1744905600,133.45,136.2,132.0,134.83,1130399.061
1744934400,134.84,136.02,133.26,134.91,950129.811
1744963200,134.91,135.54,132.47,132.91,1220428.047
1744992000,132.91,134.47,132.69,134.04,385784.016
1745020800,134.05,139.47,133.58,138.76,1251686.895
1745049600,138.76,140.5,138.47,138.95,868342.317
1745078400,138.96,139.9,137.67,139.87,696008.856
1745107200,139.86,141.96,138.6,139.61,871528.507
1745136000,139.61,139.8,135.64,135.94,2003266.15
1745164800,135.94,138.5,135.72,137.86,623303.958
1745193600,137.86,143.25,137.66,140.17,1564238.773
1745222400,140.18,141.14,136.76,138.33,1300344.798
1745251200,138.32,138.81,133.82,136.56,1792816.932
1745280000,136.57,140.62,134.68,140.19,1184085.101
1745308800,140.19,145.52,138.96,145.32,1772011.942
1745337600,145.31,150.23,143.46,148.79,2122312.493
1745366400,148.78,152.3,147.13,151.58,1520806.165
1745395200,151.58,154.21,148.71,151.41,2387444.799
1745424000,151.41,152.49,148.94,151.1,893127.506
1745452800,151.1,151.45,146.95,147.17,943777.851
1745481600,147.16,151.46,144.87,149.34,1586312.014
1745510400,149.35,152.9,148.84,152.55,1005770.619
1745539200,152.55,155.0,150.53,154.86,1095281.527
1745568000,154.85,157.0,152.2,152.94,2083233.322
1745596800,152.94,153.24,149.87,150.82,1048253.124
1745625600,150.82,153.17,150.0,151.36,571582.386
1745654400,151.36,152.33,147.75,149.31,858402.513
1745683200,149.32,149.66,148.33,149.21,336820.981
1745712000,149.22,150.41,145.51,147.43,699420.754
1745740800,147.43,149.75,147.0,149.01,500641.881
1745769600,149.02,150.25,147.83,147.98,399915.256
1745798400,147.97,151.5,144.63,151.09,971021.677
1745827200,151.09,153.4,145.54,146.34,1774635.147
1745856000,146.33,148.88,145.38,147.84,762293.621
1745884800,147.84,149.21,145.55,148.88,775324.458
1745913600,148.88,149.5,146.86,148.02,807039.531
1745942400,148.01,150.39,145.0,146.31,916628.503
1745971200,146.3,148.67,145.06,146.4,673159.929
1746000000,146.39,148.0,140.32,142.22,1232444.789
1746028800,142.21,148.12,141.37,147.54,875211.645
1746057600,147.54,150.25,147.54,149.8,694323.959
1746086400,149.79,153.99,149.56,151.8,1353903.028
1746115200,151.8,152.86,149.87,150.85,989054.467
1746144000,150.85,151.72,148.37,148.52,783840.83
1746172800,148.52,151.91,148.4,149.88,799028.397
1746201600,149.89,151.43,147.3,148.05,633393.846
1746230400,148.04,149.05,147.38,148.08,387218.711
1746259200,148.08,149.0,146.68,148.46,611573.444
1746288000,148.47,148.47,145.82,146.71,407791.405
1746316800,146.71,147.71,145.17,145.62,425378.507
1746345600,145.62,147.27,144.68,146.84,630309.413
1746374400,146.83,147.81,143.5,143.95,557670.633
1746403200,143.94,147.36,142.5,146.88,632133.854
1746432000,146.88,147.05,143.16,143.76,663358.303
1746460800,143.76,147.73,143.68,146.72,735503.644
1746489600,146.72,146.83,143.8,145.28,571760.385
1746518400,145.27,145.28,141.41,143.18,886572.261
1746547200,143.18,147.23,142.42,146.88,893978.289
1746576000,146.89,149.54,145.43,147.27,774637.172
1746604800,147.27,148.29,145.43,145.75,655914.997
1746633600,145.75,148.35,144.68,147.32,1010014.115
1746662400,147.32,151.97,147.08,151.57,1372625.206
1746691200,151.57,163.18,151.53,160.24,2499020.183
1746720000,160.23,164.6,158.52,164.46,2168977.229
1746748800,164.46,166.91,161.07,165.08,1471382.102
1746777600,165.08,176.15,164.3,170.75,3795912.383
1746806400,170.76,173.81,168.59,172.78,1051280.164
1746835200,172.77,175.19,169.76,172.32,836760.079
1746864000,172.32,173.4,168.72,171.07,1086093.085
1746892800,171.07,178.98,170.86,177.89,1416848.015
1746921600,177.89,180.26,172.29,172.6,1627694.898
1746950400,172.61,175.22,169.35,170.48,903769.812
1746979200,170.48,173.85,169.4,173.19,679264.81
1747008000,173.2,179.79,171.74,176.09,2096703.861
1747036800,176.08,181.46,173.64,174.4,2632941.516
1747065600,174.39,176.67,168.31,174.22,1516087.6
1747094400,174.22,174.38,166.18,171.49,1257144.513
1747123200,171.49,176.31,170.93,176.09,1412977.066
1747152000,176.08,184.83,175.72,183.75,1916921.819
1747180800,183.75,184.88,179.11,181.72,1429364.227
1747209600,181.73,182.62,175.6,177.35,1474227.205
1747238400,177.34,177.69,173.23,176.64,715563.821
1747267200,176.63,178.33,169.76,170.4,941713.305
1747296000,170.4,173.06,166.98,172.23,1458871.231
1747324800,172.23,174.49,166.7,169.16,1145453.188
1747353600,169.16,173.68,168.69,172.13,927424.564
1747382400,172.13,174.21,169.35,172.08,1042933.687
1747411200,172.09,172.72,166.36,167.4,796028.42
1747440000,167.4,169.99,164.01,168.55,1027194.307
1747468800,168.55,169.38,165.82,167.31,555667.951
1747497600,167.31,167.93,164.36,165.94,679259.448
1747526400,165.94,170.72,165.85,170.68,548854.084
1747555200,170.68,176.67,170.2,176.26,838232.063
1747584000,176.26,176.77,164.54,173.3,1807524.789
1747612800,173.3,173.94,159.44,161.89,1903775.299
1747641600,161.9,164.76,160.16,164.21,1155010.378
1747670400,164.2,167.8,162.78,166.86,1017567.067
1747699200,166.87,173.11,166.78,167.34,1378277.658
1747728000,167.35,168.14,164.51,166.64,878493.127
1747756800,166.63,169.38,164.56,168.59,878649.641
1747785600,168.59,171.76,166.78,168.85,1152508.036
1747814400,168.85,173.65,167.35,172.17,1175219.016
1747843200,172.17,175.99,165.51,173.53,2072883.348
1747872000,173.54,178.79,172.59,178.49,1487904.911
1747900800,178.49,180.87,176.94,179.02,1419596.435
1747929600,179.03,180.36,177.31,179.68,700721.516
1747958400,179.68,185.4,179.28,182.55,1693149.198
1747987200,182.56,187.71,173.29,180.66,3090385.484
1748016000,180.67,182.25,173.23,174.01,1329376.094
1748044800,174.0,176.39,172.5,173.92,963883.131
1748073600,173.93,178.33,173.24,176.31,827742.122
1748102400,176.32,177.91,175.31,175.87,526339.768
1748131200,175.87,176.88,170.36,172.34,906944.311
1748160000,172.35,172.66,169.14,170.29,963357.499
1748188800,170.29,175.91,169.18,175.74,660062.049
1748217600,175.75,179.02,175.04,178.16,939067.104
1748246400,178.15,178.8,175.89,177.49,696207.128
1748275200,177.49,178.06,173.48,174.91,579450.564
1748304000,174.92,175.9,171.24,175.46,753091.176
1748332800,175.47,179.41,175.01,178.44,1110176.65
1748361600,178.45,179.3,175.42,176.71,705241.542
1748390400,176.72,177.45,173.7,173.89,619972.862
1748419200,173.9,175.13,168.92,169.7,1197894.608
1748448000,169.71,172.66,169.13,172.21,716793.407
1748476800,172.22,175.34,170.12,172.23,880224.678
1748505600,172.23,173.46,169.03,169.75,850514.133
1748534400,169.76,170.3,165.96,166.71,911051.157
1748563200,166.71,167.51,160.13,162.68,1319837.659
1748592000,162.68,164.16,160.1,161.23,1086231.038
1748620800,161.23,161.77,155.22,156.2,1364210.815
1748649600,156.2,157.24,152.14,154.84,1006451.081
1748678400,154.85,156.77,152.57,155.63,788539.022
1748707200,155.64,158.01,155.19,156.45,557267.649
1748736000,156.45,156.73,153.4,154.45,510141.869
1748764800,154.45,154.64,150.59,154.17,762575.716
1748793600,154.18,157.92,153.47,157.68,769413.456
1748822400,157.68,158.93,154.66,155.55,664776.186
1748851200,155.54,156.55,151.67,153.16,1070473.351
1748880000,153.16,157.24,151.77,156.83,766802.654
1748908800,156.83,162.38,156.39,159.82,1029114.013
1748937600,159.83,163.64,158.28,162.2,968705.945
1748966400,162.21,162.41,154.14,155.19,851765.187
1748995200,155.19,157.63,154.18,156.42,596919.453
1749024000,156.42,157.97,154.58,157.13,647125.558
1749052800,157.13,157.57,152.94,153.26,746601.413
1749081600,153.27,154.61,151.9,152.44,1082251.881
1749110400,152.44,154.41,148.54,150.9,1156036.78
1749139200,150.9,151.11,141.53,144.29,2019752.414
1749168000,144.28,148.25,144.11,147.4,674529.249
1749196800,147.4,152.39,147.24,151.08,983163.685
1749225600,151.09,151.56,147.68,147.83,510098.18
1749254400,147.82,152.84,146.84,152.38,543462.26
1749283200,152.37,152.72,150.71,150.99,497359.927
1749312000,151.0,151.61,149.76,150.06,367382.428
1749340800,150.07,150.51,149.13,149.31,357752.119
1749369600,149.3,151.19,147.88,150.7,458225.274
1749398400,150.69,155.3,150.64,152.45,748022.973
1749427200,152.45,153.17,149.58,150.88,560856.42
1749456000,150.87,156.61,150.4,155.02,1269127.935
1749484800,155.02,161.73,155.0,161.16,1249743.91
1749513600,161.16,161.82,157.4,158.45,716748.198
1749542400,158.46,161.99,156.32,158.02,1255029.298
1749571200,158.03,165.67,157.1,165.12,1617781.667
1749600000,165.12,167.46,163.43,166.65,1204148.284
1749628800,166.65,168.36,163.73,167.26,1571484.837
1749657600,167.27,167.44,159.21,160.97,1243791.878
1749686400,160.98,161.28,158.28,158.8,755348.33
1749715200,158.8,160.64,156.44,157.02,1069460.744
1749744000,157.02,160.46,152.02,152.32,1058667.611
1749772800,152.32,152.59,140.21,145.02,2991946.624
1749801600,145.02,147.78,143.66,147.18,1403609.556
1749830400,147.18,148.94,144.3,148.6,944226.603
1749859200,148.6,148.7,145.54,146.18,525170.121
1749888000,146.17,146.21,143.8,144.54,532928.749
1749916800,144.53,145.11,141.97,144.64,621895.881
1749945600,144.65,148.1,144.6,145.87,561017.895
1749974400,145.87,152.97,144.22,150.84,1226467.255
1750003200,150.84,153.54,148.15,152.97,1044514.466
1750032000,152.97,157.95,150.99,157.28,1357625.282
1750060800,157.27,157.78,154.68,156.58,1094640.585
1750089600,156.58,158.8,150.3,150.72,1120930.918
1750118400,150.73,154.33,147.47,152.67,1250613.003
1750147200,152.67,152.9,146.52,147.62,1061852.967
1750176000,147.62,150.39,145.61,147.57,1083182.889
1750204800,147.58,149.28,146.54,147.99,683199.73
1750233600,147.99,148.56,143.76,145.74,1057884.665
1750262400,145.74,147.92,143.65,146.34,1059824.585
1750291200,146.35,147.9,144.96,145.07,879053.935
1750320000,145.08,146.5,142.92,143.16,744359.913
1750348800,143.16,147.45,143.11,147.04,661921.881
1750377600,147.04,147.78,144.3,147.47,490457.012
1750406400,147.48,148.81,142.35,142.86,1059499.248
1750435200,142.86,143.0,135.69,140.11,1843370.949
1750464000,140.11,141.34,139.54,140.64,417474.619
1750492800,140.64,142.6,139.15,140.3,810938.477
1750521600,140.29,141.05,130.9,135.43,1598011.047
1750550400,135.43,137.62,133.24,134.82,1018211.525
1750579200,134.82,135.36,126.51,128.55,1894845.424
1750608000,128.56,132.56,126.0,131.71,1339063.074
1750636800,131.71,135.01,131.53,134.38,810905.693
1750665600,134.38,137.5,132.91,133.43,1199846.573
1750694400,133.44,146.92,130.68,144.51,2562395.401
1750723200,144.51,146.77,142.31,144.01,961538.731
1750752000,144.01,145.81,143.02,144.31,1018581.453
1750780800,144.31,146.62,142.84,145.92,761688.902
1750809600,145.93,147.49,144.88,147.01,579844.854
1750838400,147.01,147.95,143.12,143.69,1065586.673
1750867200,143.7,145.61,142.25,143.57,588170.382
1750896000,143.57,148.0,143.43,145.15,704331.658
1750924800,145.16,145.81,141.41,143.0,880081.736
1750953600,143.0,143.96,138.62,139.06,938094.548
1750982400,139.05,142.22,137.14,140.33,758875.833
1751011200,140.33,143.85,140.32,143.47,789041.388
1751040000,143.47,144.85,140.12,142.09,923929.929
1751068800,142.09,146.81,141.13,146.57,712553.33
1751097600,146.56,148.67,145.61,148.17,1029495.043
1751126400,148.16,152.7,148.1,150.72,915788.309
1751155200,150.73,151.08,149.36,150.32,489691.307
1751184000,150.33,152.55,149.93,150.75,671633.498
1751212800,150.76,154.77,149.72,153.32,988701.367
1751241600,153.32,154.08,149.7,150.64,801233.006
1751270400,150.63,159.99,149.45,157.83,1812650.303
1751299200,157.83,158.46,154.5,154.81,1257507.026
1751328000,154.82,155.64,148.82,150.07,984446.232
1751356800,150.06,150.07,146.24,147.22,1085117.013
1751385600,147.22,148.45,144.85,146.88,701298.929
1751414400,146.87,149.92,145.85,149.09,539002.123
1751443200,149.1,151.58,147.12,151.31,956076.434
1751472000,151.31,154.47,150.33,152.27,1157495.722
1751500800,152.28,155.95,151.77,155.61,711718.535
1751529600,155.61,156.35,149.86,150.18,1409418.201
1751558400,150.18,153.26,149.91,152.36,565081.469
1751587200,152.35,153.88,150.27,150.48,662235.024
1751616000,150.48,151.25,146.29,146.57,955021.888
1751644800,146.56,148.37,145.22,147.7,690829.824
1751673600,147.69,148.56,146.72,147.86,393923.306
1751702400,147.85,148.7,146.81,147.12,402563.098
1751731200,147.11,148.02,145.9,147.55,377477.456
1751760000,147.55,148.5,146.85,147.9,323755.72
1751788800,147.89,152.09,146.78,151.53,1125761.386
1751817600,151.53,153.89,150.68,151.86,1037342.612
1751846400,151.86,152.9,150.24,152.38,513659.645
1751875200,152.37,153.6,151.02,151.07,684095.507
1751904000,151.07,151.59,147.7,148.88,976972.571
1751932800,148.89,150.1,147.85,149.66,487214.13
1751961600,149.65,152.88,149.54,149.83,1092721.755
1751990400,149.84,152.83,149.03,151.67,1132933.438
1752019200,151.68,153.88,150.53,153.01,772134.489
1752048000,153.01,155.53,152.33,153.97,1046602.731
1752076800,153.98,157.93,153.23,157.05,1088482.528
1752105600,157.06,159.34,155.93,157.89,644770.73
1752134400,157.9,159.17,155.64,156.43,765284.672
1752163200,156.44,165.43,156.16,164.34,2018326.947
1752192000,164.33,166.8,161.94,163.27,1275486.359
1752220800,163.28,168.2,161.78,162.34,1757992.038
1752249600,162.34,165.03,159.54,162.93,1320701.316
1752278400,162.92,163.9,161.78,163.22,515267.266
1752307200,163.21,163.43,157.74,158.14,1079900.513
1752336000,158.14,160.94,157.93,160.69,448044.163
1752364800,160.7,162.98,160.2,162.67,447367.628
1752393600,162.67,164.19,161.57,162.04,630585.994
1752422400,162.04,163.55,159.63,161.15,851792.229
1752451200,161.15,168.65,160.61,167.25,1689559.593
1752480000,167.26,168.6,163.04,163.96,1335001.368
1752508800,163.96,165.35,161.67,162.21,949145.572
1752537600,162.21,162.89,158.17,159.54,1077162.778
1752566400,159.54,162.17,157.23,160.47,1298798.356
1752595200,160.46,164.26,159.71,163.98,1289334.619
1752624000,163.98,165.26,161.51,164.05,794904.883
1752652800,164.05,168.84,163.81,168.45,1851641.368
1752681600,168.45,176.0,168.4,173.63,2373741.872
1752710400,173.62,174.85,168.71,174.02,1322235.981
1752739200,174.02,178.19,172.67,174.13,1664172.387
1752768000,174.12,177.4,171.21,175.87,1505147.359
1752796800,175.88,184.67,175.29,180.94,2279139.801
1752825600,180.93,182.02,174.86,177.02,1761456.738
1752854400,177.02,179.11,173.24,177.28,1151256.629
1752883200,177.28,177.77,174.0,176.99,645803.577
1752912000,176.99,177.88,174.8,177.4,699417.937
1752940800,177.41,178.61,174.91,176.96,714093.494
1752969600,176.97,179.75,176.33,177.94,987822.713
1752998400,177.95,183.17,177.95,181.96,1299060.614
1753027200,181.97,183.66,177.8,181.43,1407971.588
1753056000,181.44,191.08,178.25,190.07,1833875.393
1753084800,190.06,199.28,189.69,196.79,2812080.749
1753113600,196.79,197.78,193.01,195.72,1849951.037
1753142400,195.72,204.67,193.75,198.1,3978343.537
1753171200,198.1,204.99,194.05,201.83,2963731.927
1753200000,201.82,206.3,198.39,205.7,1693551.709
1753228800,205.7,205.75,198.88,199.46,1088321.11
1753257600,199.47,200.0,187.61,192.72,2497684.51
1753286400,192.72,192.75,183.97,189.4,1962131.879
1753315200,189.4,191.87,179.21,184.21,1777967.529
1753344000,184.2,191.76,182.92,188.53,1813051.419
1753372800,188.54,190.04,182.01,182.87,1626045.923
1753401600,182.88,183.54,175.63,177.51,1839621.983
1753430400,177.51,182.08,176.24,178.2,1614679.883
1753459200,178.19,186.85,177.47,186.76,1027008.574
1753488000,186.75,187.14,184.48,186.43,561623.488
1753516800,186.43,189.78,186.05,187.52,733954.138
1753545600,187.53,187.8,184.29,184.88,477876.249
1753574400,184.89,188.33,184.53,187.22,441054.551
1753603200,187.22,188.57,184.9,186.47,650152.046
1753632000,186.48,190.7,185.95,188.64,1141853.536
1753660800,188.64,195.26,187.66,192.37,1306003.629
1753689600,192.36,193.52,186.55,187.18,1378386.444
1753718400,187.18,187.99,182.16,183.11,1383482.054
1753747200,183.1,186.68,180.67,186.05,957653.117
1753776000,186.04,186.51,179.23,180.81,918721.448
1753804800,180.81,182.37,178.3,181.48,665537.471
1753833600,181.47,182.56,178.81,180.83,587787.884
1753862400,180.83,181.49,176.42,179.18,1252387.407
1753891200,179.17,180.15,170.29,177.77,1457074.896
1753920000,177.77,181.62,177.62,181.24,602035.445
1753948800,181.24,182.7,175.25,177.35,963062.136
1753977600,177.34,179.77,171.44,172.22,1059744.202
1754006400,172.22,172.26,167.42,169.4,1479952.171
1754035200,169.41,170.35,164.58,168.57,1313417.019
1754064000,168.56,169.75,159.2,162.71,1524160.125
1754092800,162.71,165.3,161.82,164.43,489364.111
1754121600,164.44,165.13,161.03,161.5,485160.561
1754150400,161.51,162.2,155.83,158.48,1233650.403
1754179200,158.49,161.59,156.28,161.37,569374.175
1754208000,161.37,162.9,160.37,162.11,662667.82
1754236800,162.1,163.14,160.75,161.97,1065867.316
1754265600,161.98,164.98,161.26,163.03,690562.91
1754294400,163.04,166.91,161.64,165.49,1052982.586
1754323200,165.49,169.8,165.0,169.55,945408.662
1754352000,169.55,169.97,165.78,166.22,601318.705
1754380800,166.21,171.73,162.9,163.78,1309881.818
1754409600,163.77,164.94,161.3,164.09,643757.486
1754438400,164.09,164.79,161.13,164.25,420669.615
1754467200,164.26,169.42,162.65,169.04,855035.709
1754496000,169.05,169.93,167.18,168.09,521786.105
1754524800,168.1,170.45,166.7,169.99,566308.6
1754553600,169.99,173.49,169.06,170.49,1414616.983
1754582400,170.48,175.51,167.0,175.36,1033737.412
1754611200,175.37,177.87,173.43,177.14,1182280.482
1754640000,177.13,179.14,174.21,175.23,1441801.008
1754668800,175.23,179.66,175.01,176.78,1054709.165
1754697600,176.79,182.15,176.64,180.62,1165322.141
1754726400,180.62,183.35,178.92,180.09,1183766.644
1754755200,180.1,183.45,179.46,179.95,976415.602
1754784000,179.96,186.18,177.66,178.94,2018727.8
1754812800,178.94,182.4,177.51,181.54,1177168.81
1754841600,181.54,183.94,181.21,182.66,1001390.677
1754870400,182.67,186.8,181.27,182.97,1435050.726
1754899200,182.97,184.67,177.23,180.19,1405113.931
1754928000,180.19,181.77,173.43,174.84,1120578.874
1754956800,174.83,176.74,173.6,175.9,674740.678
1754985600,175.9,182.1,173.72,181.7,1735595.202
1755014400,181.7,193.76,180.77,191.78,2664012.277
1755043200,191.77,200.1,191.48,198.74,2742616.368
1755072000,198.74,204.96,194.15,197.44,3025919.511
1755100800,197.43,203.33,197.01,201.51,1380190.4
1755129600,201.51,209.86,200.59,205.66,2829514.017
1755158400,205.67,205.85,186.68,194.85,4532020.063
1755187200,194.86,195.51,187.32,192.47,1604073.234
1755216000,192.46,198.07,191.94,196.95,1121661.7
1755244800,196.95,197.59,184.36,185.55,1847687.328
1755273600,185.55,188.26,183.3,185.72,1390938.368
1755302400,185.71,189.65,185.34,189.12,798993.362
1755331200,189.12,189.47,185.2,188.79,903160.282
1755360000,188.78,190.06,187.08,189.6,397664.804
1755388800,189.61,193.55,187.35,191.88,734193.682
1755417600,191.89,195.49,191.53,195.47,806224.826
1755446400,195.48,195.89,189.94,190.99,721137.048
1755475200,191.0,191.33,180.22,180.62,1701773.019
1755504000,180.63,183.34,180.0,183.1,976877.444
1755532800,183.1,185.7,181.76,182.94,695424.234
1755561600,182.94,185.87,177.32,180.11,1136843.009
1755590400,180.12,183.42,177.46,177.98,1086468.456
1755619200,177.98,179.54,175.69,176.22,1036778.494
1755648000,176.22,181.7,176.04,180.53,807929.26
1755676800,180.53,185.06,177.53,183.03,1515857.046
1755705600,183.02,187.97,182.59,187.94,1141171.368
1755734400,187.95,190.1,185.51,186.98,1206206.868
1755763200,186.99,187.04,181.44,181.65,1070872.213
1755792000,181.65,182.93,179.43,180.29,637432.522
1755820800,180.3,184.36,180.0,183.98,664643.162
1755849600,183.97,195.42,177.27,193.47,3672877.576
1755878400,193.48,202.4,193.48,200.69,2256597.651
1755907200,200.69,208.62,195.26,205.18,2807982.183
1755936000,205.18,205.66,200.58,202.58,1500738.609
1755964800,202.57,204.86,202.2,204.14,479919.967
1755993600,204.15,211.99,204.14,206.66,2168557.599
1756022400,206.67,209.35,203.41,205.62,1669390.417
1756051200,205.62,211.97,201.09,205.98,3327701.222
1756080000,205.99,213.6,198.69,199.82,3069800.473
1756108800,199.81,200.8,195.0,196.56,2471537.264
1756137600,196.57,198.36,185.33,187.2,2411763.016
1756166400,187.19,189.92,185.58,188.92,1627780.609
1756195200,188.92,192.55,186.67,190.77,1773669.741
1756224000,190.76,198.1,190.58,195.86,1332969.172
1756252800,195.85,205.7,193.78,202.43,2415521.812
1756281600,202.44,209.4,201.48,208.66,2252539.819
1756310400,208.66,212.08,202.57,202.95,3167078.523
1756339200,202.95,213.33,201.72,213.11,2221462.439
1756368000,213.11,216.89,210.2,211.06,3382867.153
1756396800,211.06,215.73,207.17,214.43,1642976.954
1756425600,214.43,218.0,207.8,208.77,3230669.472
1756454400,208.78,214.94,203.81,204.46,3522898.234
1756483200,204.46,205.5,199.85,205.08,1853918.891
1756512000,205.09,207.06,200.68,205.14,1652063.781
1756540800,205.13,205.56,197.52,201.05,1581461.696
1756569600,201.05,203.33,199.74,202.7,661050.638
1756598400,202.7,206.66,202.69,203.55,1226522.289
1756627200,203.56,206.0,201.5,204.58,1055739.732
1756656000,204.58,205.99,200.28,200.62,1020961.927
1756684800,200.62,202.93,196.03,202.92,1818549.678
1756713600,202.92,204.58,197.67,198.37,1425280.74
1756742400,198.36,200.17,194.19,197.32,1220937.355
1756771200,197.32,204.45,196.77,202.12,1257161.101
1756800000,202.12,205.15,197.37,200.3,1922146.589
1756828800,200.29,209.68,199.48,209.65,1715329.859
1756857600,209.64,211.97,207.42,209.36,1639463.126
1756886400,209.36,213.02,208.15,211.37,1740132.81
1756915200,211.37,211.97,208.38,210.77,683595.747
1756944000,210.77,211.94,205.68,206.68,842382.21
1756972800,206.68,208.79,203.38,203.76,1064365.764
1757001600,203.77,205.18,201.84,202.32,820031.303
1757030400,202.32,208.43,200.95,207.87,1106287.08
1757059200,207.87,210.0,201.61,203.56,2180069.692
1757088000,203.55,205.69,201.91,203.36,835038.483
1757116800,203.37,204.68,202.07,203.03,490084.065
1757145600,203.03,203.56,201.01,201.26,477292.584
1757174400,201.26,202.37,199.32,200.16,514124.348
1757203200,200.17,203.3,200.12,202.99,373785.434
1757232000,203.0,205.55,202.72,205.2,581253.472
1757260800,205.2,207.95,201.48,206.35,1262471.857
1757289600,206.35,209.0,205.59,207.92,1232524.5
1757318400,207.91,216.83,207.39,215.04,2988912.915
1757347200,215.04,217.11,213.55,214.11,1508241.52
1757376000,214.11,219.79,210.79,219.23,1759521.5
1757404800,219.23,219.5,211.69,213.07,2019421.487
1757433600,213.07,217.8,213.0,217.21,1200361.726
1757462400,217.22,222.89,215.09,222.25,1616634.671
1757491200,222.25,226.0,218.77,223.17,2250261.353
1757520000,223.16,224.65,220.53,224.07,957289.188
1757548800,224.06,225.59,221.72,223.23,936100.278
1757577600,223.23,228.95,222.28,226.82,2176710.822
1757606400,226.82,228.94,225.3,228.73,1239545.901
1757635200,228.73,239.86,228.11,237.33,2584195.562
1757664000,237.33,241.84,236.72,239.31,1652121.479
1757692800,239.32,244.04,237.94,242.18,1655336.89
1757721600,242.18,244.14,240.68,242.46,1126920.545
1757750400,242.45,243.72,237.93,239.43,1245325.222
1757779200,239.43,243.18,235.73,242.38,933415.498
1757808000,242.38,249.6,242.2,246.39,1579476.763
1757836800,246.4,248.09,241.53,243.81,1236992.905
1757865600,243.81,248.45,239.23,239.76,1348701.46
1757894400,239.75,244.0,236.17,237.98,1156760.569
1757923200,237.98,238.16,231.55,233.0,2571777.964
1757952000,233.0,235.37,230.15,234.31,1005051.086
1757980800,234.32,237.03,232.87,235.77,846248.825
1758009600,235.77,238.09,231.26,237.79,1162522.765
1758038400,237.79,240.95,236.24,236.96,1172855.47
1758067200,236.96,238.09,233.2,237.69,1016502.389
1758096000,237.69,237.73,233.56,233.9,867765.924
1758124800,233.9,246.62,232.23,244.84,2887261.18
1758153600,244.84,247.99,242.58,244.75,1218690.98
1758182400,244.75,248.99,244.34,248.24,1223072.756
1758211200,248.25,253.51,245.88,247.5,1475127.172
1758240000,247.5,248.57,242.83,243.82,1077655.208
1758268800,243.81,244.83,235.81,237.54,1486014.287
1758297600,237.54,238.87,235.12,238.53,821316.203
1758326400,238.53,239.96,237.36,239.78,480692.104
1758355200,239.77,241.22,236.91,240.1,669588.689
1758384000,240.11,241.1,237.97,239.48,400208.422
1758412800,239.48,241.82,238.96,239.87,469102.331
1758441600,239.87,240.28,237.1,237.91,413442.297
1758470400,237.91,238.41,235.32,236.16,509893.348
1758499200,236.16,236.96,214.5,221.88,2965868.08
1758528000,221.88,224.03,219.32,220.73,1600454.567
1758556800,220.73,221.53,216.45,220.38,1270271.056
1758585600,220.39,221.41,212.34,219.0,1515505.874
1758614400,219.0,220.86,216.97,219.28,871574.89
1758643200,219.27,221.71,212.96,213.3,1061827.704
1758672000,213.29,216.45,204.81,210.63,2662025.367
1758700800,210.63,216.24,209.83,213.61,1130576.607
1758729600,213.6,215.51,210.72,211.6,634855.552
1758758400,211.61,212.44,202.76,204.19,1816328.256
1758787200,204.19,205.91,197.03,201.15,2087353.874
1758816000,201.14,201.95,191.32,192.74,2857575.161
1758844800,192.73,197.55,192.53,196.31,1520249.347
1758873600,196.31,198.31,190.8,196.02,2364429.081
1758902400,196.02,205.52,195.81,205.17,1738524.446
1758931200,205.16,205.43,201.52,202.05,845927.383
1758960000,202.05,203.77,199.88,203.52,677081.721
1758988800,203.52,204.89,200.85,203.46,581924.311
1759017600,203.47,204.07,200.38,202.1,523972.969
1759046400,202.1,203.55,198.0,203.42,725838.062
1759075200,203.43,211.0,203.26,210.83,944449.043
1759104000,210.83,210.89,207.37,208.95,862986.491
1759132800,208.94,213.5,204.58,210.07,1425482.145
1759161600,210.07,214.74,207.67,212.75,924630.215
1759190400,212.74,213.67,208.55,209.0,835299.279
1759219200,208.99,209.64,204.65,206.0,1159990.527
1759248000,205.99,210.98,204.29,208.68,1269491.679
1759276800,208.68,210.9,206.31,210.18,1014056.643
1759305600,210.18,220.66,209.86,220.25,2074710.161
1759334400,220.24,222.77,217.34,222.04,961494.117
1759363200,222.04,226.74,219.52,222.9,1425087.228
1759392000,222.91,227.44,222.61,227.18,1440777.166
1759420800,227.19,234.99,226.24,234.74,1724831.994
1759449600,234.74,234.84,227.68,229.41,1010114.211
1759478400,229.42,234.98,227.13,234.79,1491904.348
1759507200,234.79,237.0,228.33,232.84,1714593.055
1759536000,232.84,234.05,227.93,229.11,642720.771
1759564800,229.1,229.92,224.31,224.88,711669.479
1759593600,224.87,228.29,224.07,227.86,487020.355
1759622400,227.86,236.93,226.45,236.59,1370799.96
1759651200,236.58,237.22,228.42,230.14,1080981.983
1759680000,230.13,231.47,226.7,228.56,647851.583
1759708800,228.56,234.86,227.55,231.36,1010076.098
1759737600,231.37,236.67,231.37,235.64,1057311.95
1759766400,235.64,237.79,231.64,232.35,914540.327
1759795200,232.35,235.21,229.41,231.01,1008014.803
1759824000,231.01,231.64,220.8,223.79,2182381.244
1759852800,223.79,225.31,219.7,219.97,1210649.71
1759881600,219.98,222.78,217.3,220.95,1027479.05
1759910400,220.95,224.18,218.78,221.19,976411.631
1759939200,221.2,229.72,220.71,229.02,1099869.964
1759968000,229.03,229.69,223.84,224.5,1017373.314
1759996800,224.49,226.32,218.62,219.11,1368314.812
1760025600,219.11,221.64,216.53,220.93,887265.305
1760054400,220.93,222.9,217.92,218.12,760812.969
1760083200,218.13,224.46,209.01,210.7,2129451.09
1760112000,210.69,213.06,168.79,188.43,6732571.37
1760140800,188.43,191.05,180.0,182.75,3234999.848
1760169600,182.75,189.5,180.77,183.71,2176592.738
1760198400,183.71,184.64,172.58,177.62,1880794.662
1760227200,177.63,182.97,173.0,182.55,1685959.614
1760256000,182.54,191.8,178.2,191.23,2519600.552
1760284800,191.23,199.0,191.22,197.0,2281439.555
1760313600,196.99,199.99,192.91,196.81,1557095.523
1760342400,196.8,198.68,190.02,196.42,2169924.211
1760371200,196.42,209.28,196.23,208.69,2526141.777
1760400000,208.69,211.25,192.0,194.47,2805897.293
1760428800,194.46,202.64,191.03,202.22,2606022.621
1760457600,202.23,206.48,197.05,202.44,1937247.961
1760486400,202.45,205.82,200.47,204.66,1406041.184
1760515200,204.65,208.91,196.18,197.13,2410252.679
1760544000,197.14,198.73,192.04,193.84,1552861.576
1760572800,193.84,196.19,191.38,192.93,1079118.965
1760601600,192.93,198.42,186.37,187.61,2396817.281
1760630400,187.61,192.33,182.03,184.85,1928704.417
1760659200,184.84,187.55,177.34,177.75,1852703.026
1760688000,177.75,182.82,174.06,182.72,2979048.848
1760716800,182.71,186.04,181.42,181.96,1271157.003
1760745600,181.97,188.26,181.75,186.27,947864.94
1760774400,186.26,187.4,183.96,185.03,691653.285
1760803200,185.04,187.84,183.2,187.56,466322.87
1760832000,187.55,187.87,184.88,185.9,418836.702
1760860800,185.89,191.7,183.19,190.78,1355523.723
1760889600,190.77,192.29,186.83,187.86,709604.175
1760918400,187.86,194.5,183.82,193.02,1307554.6
1760947200,193.02,194.18,190.44,190.5,851592.961
1760976000,190.51,191.18,185.56,189.71,1018853.938
1761004800,189.71,190.21,182.72,185.03,1187306.018
1761033600,185.04,197.15,183.77,196.22,1572930.287
1761062400,196.22,197.71,185.11,185.63,1890846.316
1761091200,185.62,187.45,183.28,185.01,1047037.534
1761120000,185.01,186.91,181.28,183.98,1433173.59
1761148800,183.99,184.96,177.04,180.12,1496793.591
1761177600,180.13,188.0,179.68,187.48,843367.935
1761206400,187.48,192.62,186.6,191.04,1674808.554
1761235200,191.04,193.45,188.31,191.35,983782.626
1761264000,191.36,194.6,190.82,192.15,925590.131
1761292800,192.15,197.0,188.83,189.45,1657064.455
1761321600,189.45,194.14,188.83,193.59,774108.04
1761350400,193.58,194.91,192.45,193.96,539565.132
1761379200,193.97,195.25,191.19,191.89,651484.477
1761408000,191.88,194.91,191.42,193.84,435789.329
1761436800,193.84,194.36,191.9,193.86,370880.532
1761465600,193.85,199.96,193.73,199.53,1246735.564
1761494400,199.53,202.43,196.86,200.03,960134.034
1761523200,200.03,205.33,199.48,202.51,1296452.81
1761552000,202.5,202.54,198.02,200.11,1222098.884
1761580800,200.11,203.25,197.34,198.7,997057.693
1761609600,198.71,203.0,198.41,202.35,952538.224
1761638400,202.36,203.99,196.58,198.85,1660365.705
1761667200,198.86,201.28,190.22,194.15,1716266.032
1761696000,194.16,196.07,192.68,195.65,627221.385
1761724800,195.65,201.7,193.78,196.78,1560488.139
1761753600,196.78,198.77,189.37,193.88,2433178.305
1761782400,193.89,198.19,190.35,195.8,1491722.905
1761811200,195.79,196.11,184.49,185.02,1888877.495
1761840000,185.01,186.35,178.65,184.69,1673937.863
1761868800,184.69,187.03,183.7,185.36,1089281.659
1761897600,185.36,190.26,184.58,188.13,1260162.426
1761926400,188.12,189.04,184.38,187.21,843949.755
1761955200,187.21,187.55,185.0,185.8,484305.249
1761984000,185.79,186.72,183.79,186.42,566461.524
1762012800,186.42,187.12,184.87,186.35,433738.447
1762041600,186.35,188.34,184.66,187.72,498836.859
1762070400,187.72,187.95,183.53,183.77,713428.931
1762099200,183.77,188.1,182.0,187.71,549031.767
1762128000,187.71,189.13,174.22,176.5,1958040.166
1762156800,176.51,176.95,165.0,166.79,3337307.383
1762185600,166.79,171.0,163.15,166.06,2032265.514
1762214400,166.06,168.42,155.87,157.07,2183514.311
1762243200,157.07,165.27,156.41,161.5,1946148.225
1762272000,161.5,162.36,145.85,155.03,4158915.029
1762300800,155.04,158.62,147.29,156.47,1930247.801
1762329600,156.47,160.57,153.67,160.5,1536573.61
1762358400,160.5,163.97,158.57,162.37,1183710.277
1762387200,162.37,162.91,158.25,158.84,1021953.541
1762416000,158.84,161.51,155.4,155.92,1395431.412
1762444800,155.92,158.67,153.45,155.28,1159368.374
1762473600,155.27,158.62,154.22,157.79,860111.148
1762502400,157.79,158.21,149.82,155.42,1765008.894
1762531200,155.42,164.48,154.4,161.79,1587957.93
1762560000,161.8,164.89,159.58,161.06,893338.582
1762588800,161.05,162.34,155.9,156.65,994329.423
1762617600,156.65,158.44,155.8,158.02,615259.235
1762646400,158.01,159.58,155.11,159.3,735947.078
1762675200,159.29,163.98,157.28,162.53,1415073.643
1762704000,162.53,166.57,161.23,164.53,1080768.854
1762732800,164.53,168.92,163.42,167.38,1185812.5
1762761600,167.38,170.48,165.2,166.26,1445107.571
1762790400,166.26,168.49,164.81,167.31,998041.055
1762819200,167.31,171.94,163.57,163.98,1676512.901
1762848000,163.98,164.97,160.0,160.89,1757285.754
1762876800,160.88,161.22,153.93,154.63,1268305.558
1762905600,154.63,156.57,153.59,155.02,1131622.959
1762934400,155.03,161.14,155.0,155.73,1661912.531
1762963200,155.73,156.21,151.2,153.42,1345669.977
1762992000,153.43,157.2,150.42,155.31,1335189.731
1763020800,155.3,156.96,152.26,153.13,1279950.189
1763049600,153.12,153.41,141.04,144.73,2803049.777
1763078400,144.74,145.68,138.71,142.85,2122339.167
1763107200,142.85,143.76,135.76,142.23,2876797.042
1763136000,142.23,144.22,137.2,138.92,1177288.938
1763164800,138.93,143.59,138.75,142.76,806913.721
1763193600,142.75,142.84,139.97,141.72,704115.736
1763222400,141.72,144.69,138.61,139.61,840448.565
1763251200,139.6,142.46,137.39,142.31,658400.054
1763280000,142.31,143.38,137.15,137.48,936858.381
1763308800,137.47,138.51,134.42,137.17,1790175.849
1763337600,137.17,141.85,136.09,141.33,1059896.766
1763366400,141.33,143.28,136.8,137.16,1904563.817
1763395200,137.16,137.21,128.82,130.99,2660260.192
1763424000,131.0,137.81,129.0,136.92,2676736.213
1763452800,136.93,142.17,136.47,139.7,1786443.149
1763481600,139.7,142.12,138.77,140.69,1065669.448
1763510400,140.68,142.84,137.12,140.58,1280622.994
1763539200,140.57,141.03,134.42,134.62,1369663.157
1763568000,134.61,137.06,130.53,137.06,1618180.893
1763596800,137.06,144.8,136.38,143.8,2099334.654
1763625600,143.8,143.96,138.35,138.57,1604697.696
1763654400,138.56,138.74,131.11,133.67,3344221.874
1763683200,133.67,135.06,122.2,127.55,2794666.468
1763712000,127.55,129.61,121.66,125.41,3756902.194
1763740800,125.4,130.62,123.58,128.68,1734317.031
1763769600,128.69,129.94,125.35,127.74,996518.883
1763798400,127.74,127.79,125.08,127.13,915723.497
1763827200,127.13,128.92,126.1,127.59,700245.479
1763856000,127.6,131.9,127.56,128.86,982282.2
1763884800,128.86,133.13,128.83,132.87,1060693.031
1763913600,132.88,133.54,130.52,130.58,775739.959
1763942400,130.58,134.41,129.31,130.34,1403646.922
1763971200,130.33,132.6,128.44,131.94,1353614.455
1764000000,131.93,139.87,131.82,138.44,1987595.669
1764028800,138.43,138.99,136.3,136.33,623017.471
1764057600,136.33,136.98,133.13,134.86,1289904.332
1764086400,134.86,140.5,134.24,138.96,1081898.05
1764115200,138.96,140.68,137.72,139.89,889382.26
1764144000,139.88,139.93,135.5,136.66,1370365.789
1764172800,136.67,144.75,136.46,143.02,1762114.621
1764201600,143.01,144.29,142.07,143.77,762952.457
1764230400,143.77,143.9,140.67,142.15,732742.149
1764259200,142.15,143.15,140.47,140.85,835978.583
1764288000,140.85,141.45,138.59,138.97,751520.39
1764316800,138.98,143.6,138.95,141.61,1551941.533
1764345600,141.62,141.65,136.01,137.33,1199048.108
1764374400,137.33,137.89,136.22,137.28,563233.06
1764403200,137.28,137.66,136.39,137.58,499484.922
1764432000,137.58,138.1,134.76,135.91,796603.189
1764460800,135.92,136.95,135.25,136.53,668513.489
1764489600,136.52,140.19,136.12,138.33,956022.782
1764518400,138.34,139.82,133.26,133.48,983629.058
1764547200,133.48,133.74,125.81,127.42,2124292.843
1764576000,127.41,128.09,123.11,125.11,1446113.423
1764604800,125.11,127.43,123.27,126.66,1437097.791
1764633600,126.66,128.54,126.02,127.26,746471.772
1764662400,127.26,139.87,126.01,137.84,2307762.38
1764691200,137.83,140.88,137.38,138.68,1968622.595
1764720000,138.67,144.26,137.76,141.88,1346705.967
1764748800,141.89,143.59,138.78,141.0,1085975.865
1764777600,141.0,146.08,139.87,144.67,1521462.973
1764806400,144.67,146.91,142.64,143.47,798266.629
1764835200,143.47,144.26,141.44,143.21,914820.485
1764864000,143.2,143.85,137.8,139.01,981155.127
1764892800,139.01,140.75,137.77,139.68,771511.87
1764921600,139.67,139.67,134.41,135.05,1415106.015
1764950400,135.04,135.2,130.73,133.29,1180741.258
1764979200,133.29,134.13,132.56,132.72,338893.048
1765008000,132.73,133.99,131.88,132.87,463448.538
1765036800,132.88,133.54,131.28,132.19,539253.845
1765065600,132.2,133.59,131.91,132.08,346873.13
1765094400,132.09,133.07,127.7,132.03,1262149.929
1765123200,132.03,136.35,129.8,132.24,1522781.432
1765152000,132.25,136.0,131.52,135.85,728416.017
1765180800,135.85,139.36,135.24,135.55,1313029.117
1765209600,135.54,136.54,132.45,133.25,1203670.292
1765238400,133.24,134.42,131.77,133.2,754771.022
1765267200,133.21,138.5,131.62,138.45,1103034.272
1765296000,138.46,144.93,136.71,137.88,2650716.74
1765324800,137.87,140.22,137.19,139.2,1032194.857
1765353600,139.2,139.88,135.71,136.17,998773.969
1765382400,136.16,142.57,135.39,136.26,2489261.45
1765411200,136.26,136.43,129.0,131.03,1790902.626
1765440000,131.03,132.82,129.84,131.18,888723.33
1765468800,131.17,137.79,130.12,136.41,1698071.08
1765497600,136.41,140.12,135.35,139.09,1037795.679
1765526400,139.09,139.86,132.85,133.49,1502333.033
1765555200,133.48,133.95,130.35,132.27,1465479.55
1765584000,132.28,133.02,132.28,132.93,375157.067
1765612800,132.94,134.28,132.61,133.31,571692.508
1765641600,133.3,133.82,131.6,133.14,525634.16
1765670400,133.13,133.66,132.08,133.29,347550.085
1765699200,133.28,133.5,130.14,130.67,720640.79
1765728000,130.67,131.6,127.98,129.4,663423.762
1765756800,129.39,133.25,129.29,132.34,715597.541
1765785600,132.34,135.43,126.45,126.89,1691026.412
1765814400,126.89,127.87,123.63,127.81,1515807.047
1765843200,127.81,128.03,124.87,125.57,692050.531
1765872000,125.57,130.14,125.43,129.75,1406530.259
1765900800,129.75,129.85,126.77,129.15,786203.208
1765929600,129.15,129.82,127.02,128.27,487660.166
1765958400,128.26,133.99,125.96,126.77,2100211.181
1765987200,126.76,127.98,121.36,123.27,1937708.869
1766016000,123.28,124.16,122.21,122.83,543176.529
1766044800,122.83,129.05,122.46,127.4,1724804.718
1766073600,127.41,127.5,116.88,119.6,2522813.761
1766102400,119.6,125.34,117.61,124.44,1387309.119
1766131200,124.43,127.66,123.86,125.09,1462540.425
1766160000,125.09,127.87,123.59,126.27,1240699.048
1766188800,126.27,126.69,125.3,126.17,382618.068
1766217600,126.18,126.89,125.45,126.58,484562.686
1766246400,126.59,126.71,125.63,125.81,362172.832
1766275200,125.8,126.11,124.68,125.3,390408.583
1766304000,125.29,126.62,123.4,125.05,827766.795
1766332800,125.05,126.35,124.37,126.03,593927.811
1766361600,126.03,128.56,124.5,126.31,843528.242
1766390400,126.3,128.78,125.49,128.07,923591.181
1766419200,128.07,128.37,124.2,125.93,900469.723
1766448000,125.93,126.93,123.77,124.19,608281.196
1766476800,124.19,125.23,122.16,123.37,863912.333
1766505600,123.36,125.65,122.78,124.01,967837.343
1766534400,124.02,124.3,120.63,121.31,584700.869
1766563200,121.32,122.94,120.7,122.73,558151.152
1766592000,122.73,123.46,121.77,122.53,462598.477
1766620800,122.52,123.15,122.09,122.27,316586.979
1766649600,122.27,124.1,121.31,123.68,526233.329
1766678400,123.68,124.46,119.71,120.06,975504.84
1766707200,120.05,124.39,119.24,122.72,1425030.62
1766736000,122.71,125.14,120.45,121.55,1367850.596
1766764800,121.55,122.67,121.17,122.26,533635.346
1766793600,122.27,123.8,121.86,123.16,499313.247
1766822400,123.15,123.66,122.51,123.31,258804.994
1766851200,123.32,125.08,122.76,124.73,599683.871
1766880000,124.74,124.9,123.61,124.23,320881.041
1766908800,124.23,125.03,124.0,124.44,456974.794
1766937600,124.44,125.64,123.08,125.27,1051104.616
1766966400,125.27,130.16,125.01,127.88,2111640.589
1766995200,127.88,128.47,122.36,123.44,1606015.38
1767024000,123.43,123.98,122.63,123.28,589939.136
1767052800,123.28,124.35,122.58,124.02,505037.716
1767081600,124.02,125.35,123.54,125.16,960921.112
1767110400,125.16,126.52,123.5,125.01,1014672.688
1767139200,125.02,126.1,124.41,125.99,589729.312
1767168000,125.99,127.44,125.01,125.59,738653.142
1767196800,125.58,132.75,122.99,124.65,1613261.204
1767225600,124.64,125.8,124.22,124.24,402315.717
1767254400,124.24,125.29,124.15,124.96,654005.526
1767283200,124.96,127.25,124.28,126.9,677343.735
1767312000,126.91,127.99,125.84,127.13,560906.377
1767340800,127.14,129.99,126.82,128.98,1253214.845
1767369600,128.98,133.25,128.68,132.29,1110106.15
1767398400,132.28,133.17,129.6,130.1,639162.701
1767427200,130.09,132.18,129.8,131.47,492167.347
1767456000,131.48,133.99,131.35,133.37,389293.451
1767484800,133.37,135.0,133.31,133.8,699470.547
1767513600,133.8,135.35,133.2,134.91,613949.409
1767542400,134.91,135.54,133.12,134.12,495849.157
1767571200,134.12,137.75,134.01,135.45,980692.118
1767600000,135.45,136.47,133.18,136.13,1141620.207
1767628800,136.13,139.87,134.31,137.9,1205255.159
1767657600,137.91,140.08,136.89,137.61,848758.314
1767686400,137.6,143.48,137.4,141.6,1580173.101
1767715200,141.59,141.99,136.19,141.08,1342863.702
1767744000,141.08,141.4,138.15,139.39,620550.602
1767772800,139.39,139.8,135.25,135.7,1044880.883
1767801600,135.7,137.05,134.41,136.39,656210.693
1767830400,136.39,138.33,133.79,135.9,875318.379
1767859200,135.9,136.55,132.67,136.41,987535.87
1767888000,136.41,140.07,136.25,138.37,1250583.586
1767916800,138.37,141.17,137.74,139.54,1029062.226
1767945600,139.55,140.89,136.13,138.82,1586609.204
1767974400,138.82,140.25,134.98,135.97,1162876.566
1768003200,135.96,136.69,135.68,136.09,333746.074
1768032000,136.09,137.05,136.0,136.42,384283.948
1768060800,136.42,136.71,135.37,135.84,282806.982
1768089600,135.85,136.47,135.75,136.2,259038.317
1768118400,136.2,139.55,136.1,138.43,671486.364
1768147200,138.44,141.6,137.49,139.7,1279388.525
1768176000,139.69,144.4,138.92,141.41,1707915.162
1768204800,141.42,142.74,138.69,142.58,1057321.035
1768233600,142.58,144.33,138.34,139.22,1394883.894
1768262400,139.21,140.76,137.82,139.97,958800.29
1768291200,139.97,143.84,139.97,143.51,1584024.844
1768320000,143.51,148.74,142.43,145.51,1652257.334
1768348800,145.52,146.6,143.92,144.86,1180935.678
1768377600,144.85,147.56,143.37,147.07,1305313.342
1768406400,147.07,148.44,145.32,146.69,1208828.358
1768435200,146.7,146.73,143.21,144.99,760933.152
1768464000,145.0,146.0,141.78,143.48,1053099.202
1768492800,143.48,144.2,140.9,142.4,648110.785
1768521600,142.41,143.63,141.39,142.95,546393.935
1768550400,142.95,143.86,140.26,140.78,664847.109
1768579200,140.77,145.55,140.65,144.89,689637.982
1768608000,144.9,144.99,143.64,143.64,271026.789
1768636800,143.64,144.65,143.32,144.33,315090.416
1768665600,144.33,144.58,143.51,143.72,249037.556
1768694400,143.73,144.0,141.95,142.11,586766.242
1768723200,142.12,142.73,141.5,142.0,397475.055
1768752000,141.99,143.25,137.74,137.87,893197.401
1768780800,137.87,137.87,130.0,133.47,2016088.519
1768809600,133.47,134.37,133.27,133.55,556722.603
1768838400,133.55,135.16,132.74,133.44,399713.648
1768867200,133.44,134.63,130.56,130.62,867846.979
1768896000,130.62,130.8,127.24,127.86,1543143.1
1768924800,127.86,128.59,124.68,125.8,1121433.801
1768953600,125.81,128.75,125.75,127.62,542465.387
1768982400,127.61,131.18,126.17,130.43,1185205.41
1769011200,130.43,132.17,125.26,129.54,1434065.563
1769040000,129.53,130.62,129.53,129.81,353561.807
1769068800,129.8,130.94,126.73,127.41,817407.283
1769097600,127.42,129.76,126.92,128.47,640617.372
1769126400,128.47,129.29,127.23,127.93,400321.445
1769155200,127.93,128.1,125.28,127.9,727213.608
1769184000,127.9,130.2,126.54,127.43,916528.024
1769212800,127.43,128.12,126.89,127.11,295419.99
1769241600,127.12,127.41,126.8,126.85,257089.562
1769270400,126.85,127.76,126.64,127.21,254910.443
1769299200,127.22,127.46,126.35,126.47,280847.441
1769328000,126.47,127.2,125.48,125.59,422807.304
1769356800,125.58,125.58,117.15,118.85,3837224.704
1769385600,118.85,123.62,118.53,122.89,728027.141
1769414400,122.9,125.2,121.76,123.53,889684.301
1769443200,123.53,125.6,123.03,124.24,738039.921
1769472000,124.24,125.17,123.73,124.52,419809.949
1769500800,124.52,125.06,123.12,125.01,521747.494
1769529600,125.01,127.84,123.55,127.19,1094951.599
1769558400,127.18,127.54,126.45,127.1,388053.383
1769587200,127.09,128.34,125.52,126.07,869131.174
1769616000,126.06,127.04,124.78,125.35,740678.971
1769644800,125.34,125.51,122.5,123.78,561455.764
1769673600,123.78,123.93,116.12,117.69,1354967.606
1769702400,117.69,119.96,115.39,117.82,1814190.103
1769731200,117.82,118.14,112.14,115.78,1949892.293
1769760000,115.78,117.64,114.58,116.8,1253138.299
1769788800,116.8,119.12,114.34,117.59,1557976.15
1769817600,117.6,118.85,117.2,117.37,756746.213
1769846400,117.38,117.53,108.23,108.65,2659232.148
1769875200,108.65,109.83,96.4,105.58,5151419.965
1769904000,105.58,106.43,103.96,105.2,818302.612
1769932800,105.2,106.69,100.21,101.69,1496066.861
1769961600,101.7,104.27,98.02,100.79,1889886.578
1769990400,100.78,103.14,95.95,101.43,3086757.719
1770019200,101.42,106.12,101.36,104.7,1677665.36
1770048000,104.69,105.78,103.32,104.55,809609.602
1770076800,104.54,105.1,102.18,104.7,715523.07
1770105600,104.7,105.04,100.41,102.56,1241778.034
1770134400,102.56,102.56,96.64,97.89,2556717.011
1770163200,97.89,99.67,96.46,97.9,1207209.499
1770192000,97.91,97.96,91.31,92.79,2331544.455
1770220800,92.8,94.71,89.3,92.12,2712705.417
1770249600,92.11,92.89,89.68,90.54,1994512.188
1770278400,90.55,93.43,83.44,84.61,3279317.758
1770307200,84.61,86.2,77.6,78.35,4969525.534
1770336000,78.34,81.65,67.5,79.59,6176092.296
1770364800,79.6,85.19,78.67,84.49,2759357.027
1770393600,84.48,89.84,83.66,87.46,2875646.443
1770422400,87.45,89.04,84.16,85.29,1794271.438
1770451200,85.29,87.2,84.51,86.57,1018226.265
1770480000,86.56,89.2,86.17,87.59,1674151.777
1770508800,87.59,88.22,86.63,87.42,449256.065
1770537600,87.41,88.99,86.44,87.77,1087918.208
1770566400,87.78,89.08,85.77,86.99,997824.41
1770595200,86.99,87.98,85.19,85.5,1020404.777
1770624000,85.5,85.8,82.86,85.28,1411660.491
1770652800,85.28,88.69,84.81,86.77,1235587.148
1770681600,86.77,87.49,84.3,84.63,899779.066
1770710400,84.64,85.24,83.2,84.3,1253341.341
1770739200,84.3,85.14,81.91,82.99,822091.698
1770768000,82.99,84.39,80.28,81.0,867044.25
1770796800,81.0,83.17,78.56,79.72,1650798.163
1770825600,79.72,81.11,78.04,79.3,1297070.907
1770854400,79.31,80.99,79.26,80.77,564477.837
1770883200,80.77,82.25,80.1,80.12,1082615.404
1770912000,80.13,80.22,76.6,78.4,1549136.876
1770940800,78.39,79.48,77.53,78.99,714482.498
1770969600,78.99,84.34,78.86,83.2,1447576.212
1770998400,83.2,85.63,82.92,84.33,1208331.562
1771027200,84.34,85.3,84.21,85.19,445463.822
1771056000,85.19,87.69,85.16,87.44,1152563.623
1771084800,87.44,88.9,86.99,88.06,1100579.77
1771113600,88.06,90.98,87.31,90.74,1283726.45
1771142400,90.74,91.26,86.66,87.42,1479654.282
1771171200,87.41,87.88,84.89,86.16,1165704.668
1771200000,86.15,86.63,84.47,85.06,1014838.22
1771228800,85.07,86.93,82.55,83.21,1633541.019
1771257600,83.21,86.66,83.1,86.45,911372.572
1771286400,86.45,87.69,85.45,86.49,571572.38
1771315200,86.48,86.77,82.92,83.81,1204766.856
1771344000,83.8,85.76,83.13,85.08,998316.629
1771372800,85.09,85.54,83.92,85.28,661592.692
1771401600,85.28,86.09,81.72,83.01,1601745.947
1771430400,83.0,83.09,80.48,81.61,874265.331
1771459200,81.61,82.67,81.25,82.41,743416.973
1771488000,82.4,82.42,79.61,80.64,1183111.4
1771516800,80.63,82.57,79.92,82.5,921749.117
1771545600,82.5,83.93,82.33,83.46,836891.112
1771574400,83.45,84.84,81.77,84.38,1781082.226
1771603200,84.38,85.49,82.82,84.67,1136583.421
1771632000,84.68,85.03,83.97,84.24,436039.539
1771660800,84.24,86.72,84.19,86.58,814021.43
1771689600,86.59,86.72,85.12,85.17,530687.893
1771718400,85.17,85.6,84.73,85.24,530423.464
1771747200,85.25,85.47,82.98,83.5,795406.779
1771776000,83.49,83.71,82.48,82.79,473022.353
1771804800,82.8,82.85,77.15,79.4,2314696.487
1771833600,79.4,81.13,78.53,79.4,1355040.413
1771862400,79.39,79.8,77.27,77.9,1493636.483
1771891200,77.91,78.53,75.74,76.84,1443495.521
1771920000,76.85,77.49,75.63,77.3,1088878.366
1771948800,77.3,79.62,77.23,78.99,1060454.489
1771977600,78.99,82.99,78.73,82.19,1529559.791
1772006400,82.19,86.46,81.93,85.98,1682309.629
1772035200,85.98,92.1,85.97,88.06,2420879.995
1772064000,88.05,89.27,87.22,87.24,1270059.616
1772092800,87.24,88.71,85.27,86.56,1088337.182
1772121600,86.57,86.87,84.34,85.91,998494.181
1772150400,85.91,88.29,85.19,87.31,703210.882
1772179200,87.31,87.93,81.95,82.7,1549373.064
1772208000,82.7,82.7,80.32,81.85,1117915.413
1772236800,81.84,82.27,77.12,78.71,1354484.485
1772265600,78.7,81.51,77.74,80.92,2048254.363
1772294400,80.91,85.65,80.5,84.35,1334961.031
1772323200,84.35,88.9,84.25,86.63,1820913.069
1772352000,86.63,86.98,84.51,85.67,1210957.543
1772380800,85.67,86.1,81.69,83.6,1403323.61
1772409600,83.61,86.18,82.38,82.95,1145272.346
1772438400,82.96,88.98,82.37,88.77,2103162.907
1772467200,88.77,90.29,86.35,86.64,1874998.007
1772496000,86.65,87.32,85.23,85.58,876220.185
1772524800,85.58,85.77,82.5,85.04,1654574.69
1772553600,85.03,87.46,84.15,86.97,1605947.87
1772582400,86.98,88.08,84.78,87.43,1386219.098
1772611200,87.43,93.12,86.98,92.94,3187905.79
1772640000,92.94,94.05,90.29,90.85,1755806.495
1772668800,90.86,91.42,89.61,90.16,950565.563
1772697600,90.16,92.96,88.8,89.62,1734077.552
1772726400,89.61,89.85,87.91,88.77,1069067.493
1772755200,88.78,89.31,87.51,88.7,729966.933
1772784000,88.7,88.7,83.96,84.65,1580459.544
1772812800,84.65,85.9,83.64,84.7,824898.165
1772841600,84.69,85.07,83.9,84.32,461210.713
1772870400,84.33,84.91,83.42,83.75,485847.896
1772899200,83.75,84.08,82.28,83.22,518223.112
1772928000,83.22,83.49,81.74,82.95,519492.775
1772956800,82.95,84.13,81.18,82.06,784637.072
1772985600,82.06,82.96,80.26,81.59,798835.84
1773014400,81.6,84.61,81.54,83.18,1058744.15
1773043200,83.18,85.75,82.94,85.05,1241870.378
1773072000,85.05,87.06,84.26,84.96,1293442.761
1773100800,84.95,86.99,84.83,86.7,1008398.189
1773129600,86.71,88.61,84.91,88.33,1519860.622
1773158400,88.34,88.8,85.01,85.88,1115636.323
1773187200,85.88,86.88,85.14,85.45,662308.489
1773216000,85.44,87.4,84.36,85.4,1400659.948
1773244800,85.41,88.09,85.3,86.58,1119207.302
1773273600,86.58,86.78,84.72,85.82,677471.281
1773302400,85.82,87.69,85.12,86.58,1435962.595
1773331200,86.57,87.23,85.68,86.84,800247.272
1773360000,86.83,91.14,86.71,88.68,1906760.964
1773388800,88.68,92.98,88.32,89.49,2042123.478
1773417600,89.49,90.15,87.73,88.18,991494.175
1773446400,88.17,88.71,86.92,87.33,608671.801
1773475200,87.32,87.55,86.51,86.72,527543.225
1773504000,86.72,88.16,86.62,88.03,361928.013
1773532800,88.04,88.66,87.58,88.22,557138.482
1773561600,88.22,88.88,87.36,87.9,448744.968
1773590400,87.9,93.23,87.45,92.3,1608663.655
1773619200,92.31,94.32,91.18,93.56,1989409.48
1773648000,93.56,95.13,92.37,93.2,1976861.962
1773676800,93.2,97.68,93.13,96.2,1655379.179
1773705600,96.19,96.95,93.2,94.44,1214116.446
1773734400,94.43,95.13,93.15,93.82,937622.679
1773763200,93.82,95.62,93.72,94.62,681818.461
1773792000,94.61,95.65,93.72,93.95,580650.244
1773820800,93.95,94.44,88.55,89.37,1767374.218
1773849600,89.36,90.86,88.61,90.08,945837.096
1773878400,90.07,91.41,88.63,89.42,719361.968
1773907200,89.41,90.48,87.15,87.63,1117338.994
1773936000,87.63,89.32,87.0,88.89,772841.962
1773964800,88.9,89.8,88.5,89.37,606656.688
1773993600,89.38,90.45,88.51,88.94,1067256.909
1774022400,88.94,90.26,88.13,89.84,527497.941
1774051200,89.85,90.81,89.73,90.12,405688.758
1774080000,90.12,90.42,89.39,89.82,329011.06
1774108800,89.83,90.29,87.14,87.56,507145.407
1774137600,87.55,89.2,86.26,87.7,967706.775
1774166400,87.7,87.74,86.82,87.57,509943.856
1774195200,87.58,87.71,85.14,86.2,660436.5
1774224000,86.21,87.33,85.11,85.99,813697.534
1774252800,86.0,92.26,85.19,89.95,2614456.355
1774281600,89.96,92.02,89.4,91.43,1133552.499
1774310400,91.44,91.89,89.96,91.72,694635.469
1774339200,91.71,92.22,88.7,89.74,1493249.001
1774368000,89.74,91.13,88.42,90.8,898158.056
1774396800,90.8,92.96,90.71,91.81,1008856.209
1774425600,91.82,93.47,91.0,91.77,1079493.074
1774454400,91.77,92.73,91.03,91.7,564185.515
1774483200,91.7,91.98,88.81,89.1,1062234.108
1774512000,89.1,89.11,86.73,87.54,1230071.501
1774540800,87.53,87.73,85.45,86.53,1273887.127
1774569600,86.52,87.04,85.69,85.92,670340.268
1774598400,85.92,86.14,82.5,83.35,1540610.794
1774627200,83.36,83.44,81.86,83.11,629611.008
1774656000,83.11,83.67,82.25,83.62,393985.158
1774684800,83.62,84.29,82.6,83.83,881816.921
1774713600,83.84,83.95,81.69,82.09,391208.02
1774742400,82.09,83.24,81.87,82.45,390042.072
1774771200,82.45,82.84,81.36,81.81,431054.148
1774800000,81.82,82.23,78.96,81.44,803577.255
1774828800,81.45,84.26,81.15,84.02,1145900.783
1774857600,84.01,84.99,83.55,84.51,1024729.371
1774886400,84.5,84.55,81.96,82.54,855224.533
1774915200,82.55,84.62,82.15,83.1,859178.236
1774944000,83.1,83.35,80.08,80.86,2263824.105
1774972800,80.87,83.47,80.87,83.2,1149565.085
1775001600,83.19,84.74,82.48,83.84,979954.018
1775030400,83.84,84.06,82.4,83.63,1106808.582
1775059200,83.62,86.65,80.77,81.18,2589973.52
1775088000,81.19,81.77,78.3,79.65,1935813.533
1775116800,79.64,79.73,76.7,79.03,1512118.635
1775145600,79.03,79.88,78.43,78.94,762092.095
1775174400,78.95,80.16,78.85,79.96,725432.717
1775203200,79.96,80.91,79.17,80.33,887499.293
1775232000,80.33,80.73,79.87,80.4,617907.73
1775260800,80.39,80.54,80.06,80.32,336618.859
1775289600,80.32,81.61,79.57,81.1,591298.698
1775318400,81.1,81.35,80.61,80.83,635013.21
1775347200,80.84,80.85,79.41,79.6,439872.183
1775376000,79.59,80.33,78.52,79.6,547487.479
1775404800,79.59,82.13,79.1,81.89,745078.896
1775433600,81.89,82.97,80.97,81.82,1027134.271
1775462400,81.83,83.2,81.71,82.27,925322.088
1775491200,82.28,82.48,79.6,80.03,777914.205
1775520000,80.03,80.23,79.31,79.87,664854.08
1775548800,79.87,80.59,78.38,78.86,1028667.365
1775577600,78.86,87.02,78.65,85.56,2619077.075
1775606400,85.56,85.9,83.89,84.5,1032079.622
1775635200,84.51,84.98,82.51,83.34,1266783.232
1775664000,83.33,84.18,82.24,82.57,653895.694
1775692800,82.56,82.67,81.7,82.29,703001.89
1775721600,82.29,83.94,81.4,83.75,754327.142
1775750400,83.75,85.95,82.92,83.33,1318598.597
1775779200,83.33,83.79,82.62,82.95,588291.065
1775808000,82.95,85.58,82.7,84.24,1126133.475
1775836800,84.25,85.67,84.14,84.83,471653.803
1775865600,84.83,84.93,83.87,84.28,347650.576
1775894400,84.27,84.88,83.8,84.66,514795.398
1775923200,84.67,86.26,84.52,84.93,708455.909
1775952000,84.94,85.0,81.84,82.27,862906.573
1775980800,82.28,82.56,81.27,81.59,779120.791
1776009600,81.59,82.88,81.27,81.53,532764.502
1776038400,81.54,82.6,81.4,82.17,461102.064
1776067200,82.17,83.82,81.64,82.65,972994.263
1776096000,82.66,86.81,82.34,86.51,1516294.088
1776124800,86.51,86.75,85.37,85.88,1042761.974
1776153600,85.88,87.67,85.25,85.95,1446700.561
1776182400,85.95,86.17,83.3,83.72,1043522.157
1776211200,83.72,84.06,82.65,82.92,857331.896
1776240000,82.92,84.49,82.71,84.0,866959.037
1776268800,84.0,85.83,83.9,84.9,878157.66
1776297600,84.9,85.71,84.45,85.21,512231.085
1776326400,85.21,87.13,83.8,86.62,1415011.821
1776355200,86.62,90.53,85.63,89.05,2013048.435
1776384000,89.06,89.19,87.36,88.12,717529.233
1776412800,88.13,90.73,87.34,89.95,2741595.332
1776441600,89.95,90.59,88.5,88.76,778083.823
1776470400,88.77,89.16,88.16,88.45,504395.459
1776499200,88.45,88.5,86.28,86.75,926697.479
1776528000,86.75,86.98,85.78,86.16,462097.605
1776556800,86.15,86.38,84.43,84.88,661200.636
1776585600,84.88,87.12,84.44,86.36,1009169.734
1776614400,86.35,86.5,82.94,83.47,924478.695
1776643200,83.47,85.76,83.34,84.73,714698.17
1776672000,84.74,85.88,84.42,85.86,929314.325
1776700800,85.86,86.22,85.21,85.28,656334.255
1776729600,85.29,85.98,85.0,85.71,574869.656
1776758400,85.71,86.89,85.17,86.05,706378.82
1776787200,86.05,86.3,84.31,86.03,830338.793
1776816000,86.04,88.33,86.01,88.05,1200370.572
1776844800,88.06,89.32,87.6,88.18,1237915.228
1776873600,88.19,88.46,86.81,86.87,716586.035
1776902400,86.86,87.18,85.48,85.9,751771.036
1776931200,85.91,86.66,85.2,86.35,917043.442
1776960000,86.36,86.42,84.48,86.12,1225848.761
1776988800,86.12,86.36,85.14,85.51,512029.674
1777017600,85.5,86.79,84.92,86.52,871194.061
1777046400,86.52,86.94,85.95,86.18,435350.928
1777075200,86.18,86.66,86.03,86.36,256541.379
1777104000,86.36,86.8,86.1,86.22,315114.775
1777132800,86.22,86.33,85.53,86.18,462276.282
1777161600,86.19,86.73,85.84,86.62,445698.408
1777190400,86.63,86.76,85.9,86.56,447019.256
1777219200,86.55,87.32,86.19,86.93,560783.788
1777248000,86.93,88.08,85.26,85.27,1460987.1
1777276800,85.27,85.83,83.63,84.17,1062160.024
1777305600,84.17,84.9,83.83,84.82,485954.567
1777334400,84.82,84.93,83.65,84.02,710426.218
1777363200,84.01,84.19,82.98,83.46,556719.914
1777392000,83.46,84.15,83.32,84.06,397248.311
1777420800,84.06,85.06,83.81,84.71,513780.021
1777449600,84.71,85.56,83.0,83.26,1143613.632
1777478400,83.25,83.65,81.4,83.04,918669.943
1777507200,83.05,84.01,82.16,83.35,577166.144
1777536000,83.35,83.83,82.69,83.36,499092.412
1777564800,83.36,83.43,82.78,83.09,296333.055
1777593600,83.09,84.38,83.08,83.96,553314.889
1777622400,83.96,84.86,83.69,84.47,732180.765
1777651200,84.46,84.63,83.33,83.76,512572.305
1777680000,83.76,84.18,83.44,83.74,277623.066
1777708800,83.73,84.17,83.52,84.04,349168.939
1777737600,84.04,84.97,83.95,84.26,400967.494
1777766400,84.26,84.31,83.58,83.88,384917.636
1777795200,83.88,84.45,83.75,84.16,362806.749
1777824000,84.16,84.97,83.87,83.91,520923.137
1777852800,83.91,85.9,83.35,84.87,1520437.795
1777881600,84.87,85.32,83.23,84.47,1357031.341
1777910400,84.47,85.19,83.98,84.1,591838.082
1777939200,84.11,85.12,84.04,84.87,723680.363
1777968000,84.88,86.1,84.43,85.5,899249.616
1777996800,85.5,86.98,85.0,86.29,855958.147
1778025600,86.29,87.89,86.1,87.7,887259.406
1778054400,87.71,90.03,87.47,88.97,1966060.941
1778083200,88.97,89.62,88.5,89.16,629935.683
1778112000,89.16,90.44,87.63,90.16,913850.793
1778140800,90.17,90.27,87.79,88.32,1251423.128
1778169600,88.32,89.05,87.67,88.42,726906.58
1778198400,88.43,88.65,87.6,88.22,614515.904
1778227200,88.23,89.6,88.01,89.59,808360.423
1778256000,89.6,92.8,89.34,92.01,1221558.532
1778284800,92.02,94.17,91.85,93.76,1072526.094
1778313600,93.76,93.95,92.39,93.01,555696.931
1778342400,93.01,93.65,92.69,93.13,346049.671
1778371200,93.12,93.63,92.6,93.46,460139.978
1778400000,93.46,94.8,92.91,94.53,832553.905
1778428800,94.53,97.0,93.43,96.47,1266475.112
1778457600,96.46,96.67,94.43,95.33,984677.934
1778486400,95.34,96.8,94.3,96.8,1139072.352
1778515200,96.79,98.41,96.5,97.37,954299.679
1778544000,97.37,97.68,95.54,96.05,789252.646
1778572800,96.05,96.15,93.55,93.85,1405582.899
1778601600,93.85,95.05,93.6,94.28,615201.814
1778630400,94.28,95.99,94.05,95.14,654861.002
1778659200,95.14,95.89,90.27,90.43,1678632.235
1778688000,90.43,91.41,90.41,91.17,859078.565
1778716800,91.17,92.02,89.82,90.88,859436.766
1778745600,90.88,93.25,90.54,93.16,944331.239
1778774400,93.16,93.68,92.11,92.15,905357.803
1778803200,92.16,92.66,90.26,91.6,966005.958
1778832000,91.61,91.65,88.55,89.04,1147290.786
1778860800,89.04,90.09,88.81,89.24,562546.887
1778889600,89.23,89.44,86.72,87.47,852095.866
1778918400,87.46,87.62,85.52,86.5,808138.78
1778947200,86.49,86.97,86.37,86.54,302786.948
1778976000,86.53,87.29,85.59,86.97,513288.852
1779004800,86.98,87.26,85.95,86.46,506677.523
1779033600,86.46,86.97,83.5,85.24,894198.869
1779062400,85.23,85.47,84.27,84.76,986496.7
1779091200,84.76,85.8,83.62,84.2,1051816.197
1779120000,84.21,85.77,83.5,85.38,733548.447
1779148800,85.38,85.97,84.47,85.51,512396.755
1779177600,85.51,85.59,83.7,84.37,727753.744
1779206400,84.38,85.04,84.0,84.29,422835.717
1779235200,84.3,85.13,83.85,84.77,450137.025
1779264000,84.76,86.27,84.19,85.92,836546.428
1779292800,85.92,87.09,85.53,86.17,1078468.985
1779321600,86.17,87.22,86.11,86.64,635043.83
1779350400,86.64,87.27,85.32,86.46,1066930.526
1779379200,86.46,88.0,86.04,87.36,952347.544
1779408000,87.35,87.38,86.52,86.97,451278.605
1779436800,86.98,87.85,86.27,86.77,763039.88
1779465600,86.76,87.19,84.0,84.4,994166.178
1779494400,84.4,84.86,81.5,82.25,989645.362
1779523200,82.25,84.54,81.63,84.1,855397.989
1779552000,84.09,87.5,83.93,85.75,1128058.36
1779580800,85.76,86.7,85.58,86.07,372422.815
1779609600,86.07,87.0,84.48,85.31,796756.244
1779638400,85.3,85.88,83.7,85.27,917478.344
1779667200,85.27,86.19,84.8,85.96,598599.957
1779696000,85.95,86.52,85.66,86.26,466079.899
1779724800,86.26,86.44,84.71,85.06,497555.609
1779753600,85.06,85.09,83.85,84.35,599051.033
1779782400,84.36,86.13,84.03,84.49,1114546.639
1779811200,84.49,84.57,83.15,83.72,645179.758
1779840000,83.73,84.21,82.86,84.21,402971.914
1779868800,84.2,84.84,82.98,84.44,888966.094
1779897600,84.44,84.75,82.1,82.44,827518.355
1779926400,82.43,82.76,80.0,81.26,1091249.479
1779955200,81.26,81.66,80.02,81.14,690468.476
1779984000,81.15,83.01,80.91,82.11,525197.525
1780012800,82.12,82.49,81.36,82.24,502502.059
1780041600,82.25,83.24,80.35,82.59,966970.052
1780070400,82.58,83.22,81.6,82.04,594805.535
1780099200,82.04,83.1,81.86,82.37,397413.534
1780128000,82.37,82.92,82.19,82.69,322564.909
1780156800,82.68,83.17,82.45,82.73,298511.801
1780185600,82.74,83.42,82.52,82.66,291375.31
1780214400,82.67,83.12,81.79,81.88,370190.663
1780243200,81.88,82.92,81.33,82.44,332314.693
1780272000,82.45,83.1,80.63,80.74,540987.241
1780300800,80.74,81.29,79.2,79.6,1033646.388
1780329600,79.61,81.65,79.11,81.28,734513.767
1780358400,81.28,81.3,79.16,79.67,639156.552
1780387200,79.67,79.8,75.58,76.38,1334830.481
1780416000,76.38,77.67,72.73,74.23,1668549.884
1780444800,74.23,75.4,72.28,75.27,1216686.656
1780473600,75.26,75.71,73.24,73.31,903940.485
1780502400,73.31,74.1,70.93,71.61,1534618.539
1780531200,71.61,72.09,66.8,69.15,2256217.609
1780560000,69.16,70.64,67.37,69.64,1803272.99
1780588800,69.64,69.89,67.57,68.88,868758.891
1780617600,68.87,69.1,63.87,66.18,2299006.278
1780646400,66.18,66.83,63.78,64.24,2117637.785
1780675200,64.25,66.06,61.48,63.64,2624949.425
1780704000,63.64,64.86,60.13,62.78,1478745.833
1780732800,62.79,63.6,61.2,62.03,1236432.352
1780761600,62.04,62.4,61.38,62.2,855662.871
1780790400,62.21,65.02,61.96,64.93,1057479.19
1780819200,64.92,66.11,63.67,64.99,943986.479
1780848000,64.99,67.92,63.64,66.5,940105.704
1780876800,66.5,67.11,64.98,66.11,830919.834
1780905600,66.1,67.82,65.45,67.18,1404004.826
1780934400,67.19,68.17,66.56,66.82,824070.707
1780963200,66.82,67.47,65.29,66.89,1093014.428
1780992000,66.9,66.94,64.26,64.33,1084027.268
1781020800,64.33,65.7,63.54,64.96,905108.615
1781049600,64.97,65.32,63.83,64.5,534653.479
1781078400,64.5,65.77,62.95,65.44,1469827.705
1781107200,65.44,65.49,62.34,63.19,933436.377
1781136000,63.19,65.48,63.19,65.04,921810.863
1781164800,65.04,66.15,64.89,65.55,1014680.86
1781193600,65.56,67.42,65.05,66.99,821006.926
