2025-11-30 01:16:16,469 - HexagonalHedgeFund - INFO - hexagonal_utils.py:152 - Event bus started
2025-11-30 01:16:16,470 - HexagonalHedgeFund - INFO - hexagonal_main.py:27 - Starting hexagonal architecture demonstration
2025-11-30 01:16:16,470 - HexagonalHedgeFund - ERROR - hexagonal_main.py:120 - Error in hexagonal architecture demonstration: Service 'generate_signal_use_case' not registered in container
2025-11-30 01:16:37,283 - HexagonalHedgeFund - INFO - hexagonal_utils.py:152 - Event bus started
2025-11-30 01:16:37,283 - HexagonalHedgeFund - INFO - hexagonal_main.py:27 - Starting hexagonal architecture demonstration
2025-11-30 01:16:37,283 - HexagonalHedgeFund - ERROR - hexagonal_main.py:120 - Error in hexagonal architecture demonstration: Service 'generate_signal_use_case' not registered in container
2025-11-30 01:17:34,709 - HexagonalHedgeFund - INFO - hexagonal_utils.py:152 - Event bus started
2025-11-30 01:17:34,710 - HexagonalHedgeFund - INFO - hexagonal_main.py:27 - Starting hexagonal architecture demonstration
2025-11-30 01:17:34,710 - HexagonalHedgeFund - ERROR - hexagonal_main.py:120 - Error in hexagonal architecture demonstration: Service 'generate_signal_use_case' not registered in container
2025-11-30 01:18:15,038 - HexagonalHedgeFund - INFO - hexagonal_utils.py:152 - Event bus started
2025-11-30 01:18:15,038 - HexagonalHedgeFund - INFO - main_container.py:46 - Starting hexagonal architecture application setup
2025-11-30 01:18:30,325 - HexagonalHedgeFund - INFO - hexagonal_utils.py:152 - Event bus started
2025-11-30 01:18:30,326 - HexagonalHedgeFund - INFO - main_container.py:46 - Starting hexagonal architecture application setup
2025-11-30 01:20:11,629 - HexagonalHedgeFund - INFO - hexagonal_utils.py:152 - Event bus started
2025-11-30 01:20:11,630 - HexagonalHedgeFund - INFO - main_container.py:46 - Starting hexagonal architecture application setup
2025-11-30 01:20:52,209 - HexagonalHedgeFund - INFO - hexagonal_utils.py:152 - Event bus started
2025-11-30 01:20:52,210 - HexagonalHedgeFund - INFO - main_container.py:46 - Starting hexagonal architecture application setup
2025-11-30 01:20:52,239 - HexagonalHedgeFund - INFO - main_container.py:340 - Application configured for development environment
2025-11-30 01:20:52,239 - HexagonalHedgeFund - INFO - main_container.py:341 - Enabled watchers: ['MarketPulse', 'Volatility', 'TrendMTF', 'AnomalyML']
2025-11-30 01:20:52,239 - HexagonalHedgeFund - INFO - main_container.py:342 - Enabled engines: ['Trend', 'Volatility', 'Liquidity', 'OrderFlow', 'Regime']
2025-11-30 01:20:52,239 - HexagonalHedgeFund - INFO - main_container.py:46 - Starting hexagonal architecture application setup
2025-11-30 01:20:52,240 - HexagonalHedgeFund - INFO - main_container.py:340 - Application configured for development environment
2025-11-30 01:20:52,240 - HexagonalHedgeFund - INFO - main_container.py:341 - Enabled watchers: ['MarketPulse', 'Volatility', 'TrendMTF', 'AnomalyML']
2025-11-30 01:20:52,240 - HexagonalHedgeFund - INFO - main_container.py:342 - Enabled engines: ['Trend', 'Volatility', 'Liquidity', 'OrderFlow', 'Regime']
2025-11-30 01:20:52,241 - HexagonalHedgeFund - INFO - hexagonal_main.py:33 - Starting hexagonal architecture demonstration
2025-11-30 01:20:52,245 - HexagonalHedgeFund - ERROR - hexagonal_main.py:126 - Error in hexagonal architecture demonstration: float() argument must be a string or a number, not 'Percentage'
2025-11-30 01:21:35,045 - HexagonalHedgeFund - INFO - hexagonal_utils.py:152 - Event bus started
2025-11-30 01:21:35,045 - HexagonalHedgeFund - INFO - main_container.py:46 - Starting hexagonal architecture application setup
2025-11-30 01:21:35,053 - HexagonalHedgeFund - INFO - main_container.py:340 - Application configured for development environment
2025-11-30 01:21:35,053 - HexagonalHedgeFund - INFO - main_container.py:341 - Enabled watchers: ['MarketPulse', 'Volatility', 'TrendMTF', 'AnomalyML']
2025-11-30 01:21:35,053 - HexagonalHedgeFund - INFO - main_container.py:342 - Enabled engines: ['Trend', 'Volatility', 'Liquidity', 'OrderFlow', 'Regime']
2025-11-30 01:21:35,053 - HexagonalHedgeFund - INFO - main_container.py:46 - Starting hexagonal architecture application setup
2025-11-30 01:21:35,054 - HexagonalHedgeFund - INFO - main_container.py:340 - Application configured for development environment
2025-11-30 01:21:35,054 - HexagonalHedgeFund - INFO - main_container.py:341 - Enabled watchers: ['MarketPulse', 'Volatility', 'TrendMTF', 'AnomalyML']
2025-11-30 01:21:35,054 - HexagonalHedgeFund - INFO - main_container.py:342 - Enabled engines: ['Trend', 'Volatility', 'Liquidity', 'OrderFlow', 'Regime']
2025-11-30 01:21:35,054 - HexagonalHedgeFund - INFO - hexagonal_main.py:33 - Starting hexagonal architecture demonstration
2025-11-30 01:21:35,056 - HexagonalHedgeFund - ERROR - hexagonal_main.py:126 - Error in hexagonal architecture demonstration: float() argument must be a string or a number, not 'Percentage'
2025-11-30 01:22:08,696 - HexagonalHedgeFund - INFO - hexagonal_utils.py:152 - Event bus started
2025-11-30 01:22:08,697 - HexagonalHedgeFund - INFO - main_container.py:46 - Starting hexagonal architecture application setup
2025-11-30 01:22:08,705 - HexagonalHedgeFund - INFO - main_container.py:340 - Application configured for development environment
2025-11-30 01:22:08,705 - HexagonalHedgeFund - INFO - main_container.py:341 - Enabled watchers: ['MarketPulse', 'Volatility', 'TrendMTF', 'AnomalyML']
2025-11-30 01:22:08,705 - HexagonalHedgeFund - INFO - main_container.py:342 - Enabled engines: ['Trend', 'Volatility', 'Liquidity', 'OrderFlow', 'Regime']
2025-11-30 01:22:08,705 - HexagonalHedgeFund - INFO - main_container.py:46 - Starting hexagonal architecture application setup
2025-11-30 01:22:08,705 - HexagonalHedgeFund - INFO - main_container.py:340 - Application configured for development environment
2025-11-30 01:22:08,705 - HexagonalHedgeFund - INFO - main_container.py:341 - Enabled watchers: ['MarketPulse', 'Volatility', 'TrendMTF', 'AnomalyML']
2025-11-30 01:22:08,706 - HexagonalHedgeFund - INFO - main_container.py:342 - Enabled engines: ['Trend', 'Volatility', 'Liquidity', 'OrderFlow', 'Regime']
2025-11-30 01:22:08,706 - HexagonalHedgeFund - INFO - hexagonal_main.py:33 - Starting hexagonal architecture demonstration
2025-11-30 01:22:08,708 - HexagonalHedgeFund - ERROR - hexagonal_main.py:126 - Error in hexagonal architecture demonstration: float() argument must be a string or a number, not 'Percentage'
2025-11-30 01:22:58,272 - HexagonalHedgeFund - INFO - hexagonal_utils.py:152 - Event bus started
2025-11-30 01:22:58,273 - HexagonalHedgeFund - INFO - main_container.py:46 - Starting hexagonal architecture application setup
2025-11-30 01:22:58,289 - HexagonalHedgeFund - INFO - main_container.py:340 - Application configured for development environment
2025-11-30 01:22:58,289 - HexagonalHedgeFund - INFO - main_container.py:341 - Enabled watchers: ['MarketPulse', 'Volatility', 'TrendMTF', 'AnomalyML']
2025-11-30 01:22:58,289 - HexagonalHedgeFund - INFO - main_container.py:342 - Enabled engines: ['Trend', 'Volatility', 'Liquidity', 'OrderFlow', 'Regime']
2025-11-30 01:22:58,289 - HexagonalHedgeFund - INFO - main_container.py:46 - Starting hexagonal architecture application setup
2025-11-30 01:22:58,290 - HexagonalHedgeFund - INFO - main_container.py:340 - Application configured for development environment
2025-11-30 01:22:58,290 - HexagonalHedgeFund - INFO - main_container.py:341 - Enabled watchers: ['MarketPulse', 'Volatility', 'TrendMTF', 'AnomalyML']
2025-11-30 01:22:58,290 - HexagonalHedgeFund - INFO - main_container.py:342 - Enabled engines: ['Trend', 'Volatility', 'Liquidity', 'OrderFlow', 'Regime']
2025-11-30 01:22:58,290 - HexagonalHedgeFund - INFO - hexagonal_main.py:33 - Starting hexagonal architecture demonstration
2025-11-30 01:22:58,293 - HexagonalHedgeFund - ERROR - hexagonal_main.py:126 - Error in hexagonal architecture demonstration: float() argument must be a string or a number, not 'Percentage'
2025-11-30 01:23:05,198 - HexagonalHedgeFund - INFO - hexagonal_utils.py:152 - Event bus started
2025-11-30 01:23:05,198 - HexagonalHedgeFund - INFO - main_container.py:46 - Starting hexagonal architecture application setup
2025-11-30 01:23:05,214 - HexagonalHedgeFund - INFO - main_container.py:340 - Application configured for development environment
2025-11-30 01:23:05,214 - HexagonalHedgeFund - INFO - main_container.py:341 - Enabled watchers: ['MarketPulse', 'Volatility', 'TrendMTF', 'AnomalyML']
2025-11-30 01:23:05,214 - HexagonalHedgeFund - INFO - main_container.py:342 - Enabled engines: ['Trend', 'Volatility', 'Liquidity', 'OrderFlow', 'Regime']
2025-11-30 01:23:05,214 - HexagonalHedgeFund - INFO - main_container.py:46 - Starting hexagonal architecture application setup
2025-11-30 01:23:05,215 - HexagonalHedgeFund - INFO - main_container.py:340 - Application configured for development environment
2025-11-30 01:23:05,215 - HexagonalHedgeFund - INFO - main_container.py:341 - Enabled watchers: ['MarketPulse', 'Volatility', 'TrendMTF', 'AnomalyML']
2025-11-30 01:23:05,215 - HexagonalHedgeFund - INFO - main_container.py:342 - Enabled engines: ['Trend', 'Volatility', 'Liquidity', 'OrderFlow', 'Regime']
2025-11-30 01:24:30,135 - HexagonalHedgeFund - INFO - hexagonal_utils.py:152 - Event bus started
2025-11-30 01:24:30,136 - HexagonalHedgeFund - INFO - main_container.py:46 - Starting hexagonal architecture application setup
2025-11-30 01:24:30,153 - HexagonalHedgeFund - INFO - main_container.py:340 - Application configured for development environment
2025-11-30 01:24:30,153 - HexagonalHedgeFund - INFO - main_container.py:341 - Enabled watchers: ['MarketPulse', 'Volatility', 'TrendMTF', 'AnomalyML']
2025-11-30 01:24:30,154 - HexagonalHedgeFund - INFO - main_container.py:342 - Enabled engines: ['Trend', 'Volatility', 'Liquidity', 'OrderFlow', 'Regime']
2025-11-30 01:24:30,154 - HexagonalHedgeFund - INFO - main_container.py:46 - Starting hexagonal architecture application setup
2025-11-30 01:24:30,154 - HexagonalHedgeFund - INFO - main_container.py:340 - Application configured for development environment
2025-11-30 01:24:30,154 - HexagonalHedgeFund - INFO - main_container.py:341 - Enabled watchers: ['MarketPulse', 'Volatility', 'TrendMTF', 'AnomalyML']
2025-11-30 01:24:30,155 - HexagonalHedgeFund - INFO - main_container.py:342 - Enabled engines: ['Trend', 'Volatility', 'Liquidity', 'OrderFlow', 'Regime']
2025-11-30 01:24:30,155 - HexagonalHedgeFund - INFO - hexagonal_main.py:33 - Starting hexagonal architecture demonstration
2025-11-30 01:24:30,160 - HexagonalHedgeFund - ERROR - hexagonal_main.py:126 - Error in hexagonal architecture demonstration: float() argument must be a string or a number, not 'Percentage'
2025-11-30 01:24:54,006 - HexagonalHedgeFund - INFO - hexagonal_utils.py:152 - Event bus started
2025-11-30 01:24:54,007 - HexagonalHedgeFund - INFO - main_container.py:46 - Starting hexagonal architecture application setup
2025-11-30 01:24:54,013 - HexagonalHedgeFund - INFO - main_container.py:340 - Application configured for development environment
2025-11-30 01:24:54,013 - HexagonalHedgeFund - INFO - main_container.py:341 - Enabled watchers: ['MarketPulse', 'Volatility', 'TrendMTF', 'AnomalyML']
2025-11-30 01:24:54,013 - HexagonalHedgeFund - INFO - main_container.py:342 - Enabled engines: ['Trend', 'Volatility', 'Liquidity', 'OrderFlow', 'Regime']
2025-11-30 01:24:54,014 - HexagonalHedgeFund - INFO - main_container.py:46 - Starting hexagonal architecture application setup
2025-11-30 01:24:54,014 - HexagonalHedgeFund - INFO - main_container.py:340 - Application configured for development environment
2025-11-30 01:24:54,014 - HexagonalHedgeFund - INFO - main_container.py:341 - Enabled watchers: ['MarketPulse', 'Volatility', 'TrendMTF', 'AnomalyML']
2025-11-30 01:24:54,014 - HexagonalHedgeFund - INFO - main_container.py:342 - Enabled engines: ['Trend', 'Volatility', 'Liquidity', 'OrderFlow', 'Regime']
2025-11-30 01:24:54,014 - HexagonalHedgeFund - INFO - hexagonal_main.py:33 - Starting hexagonal architecture demonstration
2025-11-30 01:24:54,016 - HexagonalHedgeFund - ERROR - hexagonal_main.py:126 - Error in hexagonal architecture demonstration: float() argument must be a string or a number, not 'Percentage'
2025-11-30 01:25:02,498 - HexagonalHedgeFund - INFO - hexagonal_utils.py:152 - Event bus started
2025-11-30 01:25:02,498 - HexagonalHedgeFund - INFO - main_container.py:46 - Starting hexagonal architecture application setup
2025-11-30 01:25:02,506 - HexagonalHedgeFund - INFO - main_container.py:340 - Application configured for development environment
2025-11-30 01:25:02,506 - HexagonalHedgeFund - INFO - main_container.py:341 - Enabled watchers: ['MarketPulse', 'Volatility', 'TrendMTF', 'AnomalyML']
2025-11-30 01:25:02,506 - HexagonalHedgeFund - INFO - main_container.py:342 - Enabled engines: ['Trend', 'Volatility', 'Liquidity', 'OrderFlow', 'Regime']
2025-11-30 01:25:02,506 - HexagonalHedgeFund - INFO - main_container.py:46 - Starting hexagonal architecture application setup
2025-11-30 01:25:02,506 - HexagonalHedgeFund - INFO - main_container.py:340 - Application configured for development environment
2025-11-30 01:25:02,507 - HexagonalHedgeFund - INFO - main_container.py:341 - Enabled watchers: ['MarketPulse', 'Volatility', 'TrendMTF', 'AnomalyML']
2025-11-30 01:25:02,507 - HexagonalHedgeFund - INFO - main_container.py:342 - Enabled engines: ['Trend', 'Volatility', 'Liquidity', 'OrderFlow', 'Regime']
2025-11-30 01:27:08,918 - HexagonalHedgeFund - INFO - hexagonal_utils.py:152 - Event bus started
2025-11-30 01:27:08,919 - HexagonalHedgeFund - INFO - main_container.py:46 - Starting hexagonal architecture application setup
2025-11-30 01:27:08,927 - HexagonalHedgeFund - INFO - main_container.py:340 - Application configured for development environment
2025-11-30 01:27:08,927 - HexagonalHedgeFund - INFO - main_container.py:341 - Enabled watchers: ['MarketPulse', 'Volatility', 'TrendMTF', 'AnomalyML']
2025-11-30 01:27:08,927 - HexagonalHedgeFund - INFO - main_container.py:342 - Enabled engines: ['Trend', 'Volatility', 'Liquidity', 'OrderFlow', 'Regime']
2025-11-30 01:27:08,928 - HexagonalHedgeFund - INFO - main_container.py:46 - Starting hexagonal architecture application setup
2025-11-30 01:27:08,928 - HexagonalHedgeFund - INFO - main_container.py:340 - Application configured for development environment
2025-11-30 01:27:08,928 - HexagonalHedgeFund - INFO - main_container.py:341 - Enabled watchers: ['MarketPulse', 'Volatility', 'TrendMTF', 'AnomalyML']
2025-11-30 01:27:08,928 - HexagonalHedgeFund - INFO - main_container.py:342 - Enabled engines: ['Trend', 'Volatility', 'Liquidity', 'OrderFlow', 'Regime']
2025-11-30 01:27:08,928 - HexagonalHedgeFund - INFO - hexagonal_main.py:33 - Starting hexagonal architecture demonstration
2025-11-30 01:27:08,931 - HexagonalHedgeFund - ERROR - hexagonal_main.py:126 - Error in hexagonal architecture demonstration: float() argument must be a string or a number, not 'Percentage'
2025-11-30 01:27:17,951 - HexagonalHedgeFund - INFO - hexagonal_utils.py:152 - Event bus started
2025-11-30 01:27:17,951 - HexagonalHedgeFund - INFO - main_container.py:46 - Starting hexagonal architecture application setup
2025-11-30 01:27:17,958 - HexagonalHedgeFund - INFO - main_container.py:340 - Application configured for development environment
2025-11-30 01:27:17,958 - HexagonalHedgeFund - INFO - main_container.py:341 - Enabled watchers: ['MarketPulse', 'Volatility', 'TrendMTF', 'AnomalyML']
2025-11-30 01:27:17,958 - HexagonalHedgeFund - INFO - main_container.py:342 - Enabled engines: ['Trend', 'Volatility', 'Liquidity', 'OrderFlow', 'Regime']
2025-11-30 01:27:17,958 - HexagonalHedgeFund - INFO - main_container.py:46 - Starting hexagonal architecture application setup
2025-11-30 01:27:17,958 - HexagonalHedgeFund - INFO - main_container.py:340 - Application configured for development environment
2025-11-30 01:27:17,959 - HexagonalHedgeFund - INFO - main_container.py:341 - Enabled watchers: ['MarketPulse', 'Volatility', 'TrendMTF', 'AnomalyML']
2025-11-30 01:27:17,959 - HexagonalHedgeFund - INFO - main_container.py:342 - Enabled engines: ['Trend', 'Volatility', 'Liquidity', 'OrderFlow', 'Regime']
2025-11-30 01:27:47,568 - HexagonalHedgeFund - INFO - hexagonal_utils.py:152 - Event bus started
2025-11-30 01:27:47,568 - HexagonalHedgeFund - INFO - main_container.py:46 - Starting hexagonal architecture application setup
2025-11-30 01:27:47,575 - HexagonalHedgeFund - INFO - main_container.py:340 - Application configured for development environment
2025-11-30 01:27:47,575 - HexagonalHedgeFund - INFO - main_container.py:341 - Enabled watchers: ['MarketPulse', 'Volatility', 'TrendMTF', 'AnomalyML']
2025-11-30 01:27:47,575 - HexagonalHedgeFund - INFO - main_container.py:342 - Enabled engines: ['Trend', 'Volatility', 'Liquidity', 'OrderFlow', 'Regime']
2025-11-30 01:27:47,575 - HexagonalHedgeFund - INFO - main_container.py:46 - Starting hexagonal architecture application setup
2025-11-30 01:27:47,576 - HexagonalHedgeFund - INFO - main_container.py:340 - Application configured for development environment
2025-11-30 01:27:47,576 - HexagonalHedgeFund - INFO - main_container.py:341 - Enabled watchers: ['MarketPulse', 'Volatility', 'TrendMTF', 'AnomalyML']
2025-11-30 01:27:47,576 - HexagonalHedgeFund - INFO - main_container.py:342 - Enabled engines: ['Trend', 'Volatility', 'Liquidity', 'OrderFlow', 'Regime']
2025-11-30 01:27:47,576 - HexagonalHedgeFund - INFO - hexagonal_main.py:33 - Starting hexagonal architecture demonstration
2025-11-30 01:27:47,579 - HexagonalHedgeFund - ERROR - hexagonal_main.py:126 - Error in hexagonal architecture demonstration: 'EngineManagementService' object has no attribute 'process_signal'
2025-11-30 01:30:13,892 - HexagonalHedgeFund - INFO - hexagonal_utils.py:152 - Event bus started
2025-11-30 01:30:13,892 - HexagonalHedgeFund - INFO - main_container.py:46 - Starting hexagonal architecture application setup
2025-11-30 01:30:13,911 - HexagonalHedgeFund - INFO - main_container.py:345 - Application configured for development environment
2025-11-30 01:30:13,911 - HexagonalHedgeFund - INFO - main_container.py:346 - Enabled watchers: ['MarketPulse', 'Volatility', 'TrendMTF', 'AnomalyML']
2025-11-30 01:30:13,911 - HexagonalHedgeFund - INFO - main_container.py:347 - Enabled engines: ['Trend', 'Volatility', 'Liquidity', 'OrderFlow', 'Regime']
2025-11-30 01:30:13,911 - HexagonalHedgeFund - INFO - main_container.py:46 - Starting hexagonal architecture application setup
2025-11-30 01:30:13,912 - HexagonalHedgeFund - INFO - main_container.py:345 - Application configured for development environment
2025-11-30 01:30:13,912 - HexagonalHedgeFund - INFO - main_container.py:346 - Enabled watchers: ['MarketPulse', 'Volatility', 'TrendMTF', 'AnomalyML']
2025-11-30 01:30:13,912 - HexagonalHedgeFund - INFO - main_container.py:347 - Enabled engines: ['Trend', 'Volatility', 'Liquidity', 'OrderFlow', 'Regime']
2025-11-30 01:30:13,912 - HexagonalHedgeFund - INFO - hexagonal_main.py:33 - Starting hexagonal architecture demonstration
2025-11-30 01:30:13,919 - HexagonalHedgeFund - ERROR - hexagonal_main.py:126 - Error in hexagonal architecture demonstration: 'RiskGovernanceService' object has no attribute 'validate_trade'
2025-11-30 01:31:08,952 - HexagonalHedgeFund - INFO - hexagonal_utils.py:152 - Event bus started
2025-11-30 01:31:08,953 - HexagonalHedgeFund - INFO - main_container.py:46 - Starting hexagonal architecture application setup
2025-11-30 01:31:08,969 - HexagonalHedgeFund - INFO - main_container.py:345 - Application configured for development environment
2025-11-30 01:31:08,969 - HexagonalHedgeFund - INFO - main_container.py:346 - Enabled watchers: ['MarketPulse', 'Volatility', 'TrendMTF', 'AnomalyML']
2025-11-30 01:31:08,969 - HexagonalHedgeFund - INFO - main_container.py:347 - Enabled engines: ['Trend', 'Volatility', 'Liquidity', 'OrderFlow', 'Regime']
2025-11-30 01:31:08,969 - HexagonalHedgeFund - INFO - main_container.py:46 - Starting hexagonal architecture application setup
2025-11-30 01:31:08,970 - HexagonalHedgeFund - INFO - main_container.py:345 - Application configured for development environment
2025-11-30 01:31:08,970 - HexagonalHedgeFund - INFO - main_container.py:346 - Enabled watchers: ['MarketPulse', 'Volatility', 'TrendMTF', 'AnomalyML']
2025-11-30 01:31:08,970 - HexagonalHedgeFund - INFO - main_container.py:347 - Enabled engines: ['Trend', 'Volatility', 'Liquidity', 'OrderFlow', 'Regime']
2025-11-30 01:31:08,970 - HexagonalHedgeFund - INFO - hexagonal_main.py:33 - Starting hexagonal architecture demonstration
2025-11-30 01:31:08,976 - HexagonalHedgeFund - ERROR - hexagonal_main.py:126 - Error in hexagonal architecture demonstration: 'RiskManagementServiceAdapter' object has no attribute 'validate_trade'
2025-11-30 01:32:01,995 - HexagonalHedgeFund - INFO - hexagonal_utils.py:152 - Event bus started
2025-11-30 01:32:01,995 - HexagonalHedgeFund - INFO - main_container.py:46 - Starting hexagonal architecture application setup
2025-11-30 01:32:02,002 - HexagonalHedgeFund - INFO - main_container.py:350 - Application configured for development environment
2025-11-30 01:32:02,002 - HexagonalHedgeFund - INFO - main_container.py:351 - Enabled watchers: ['MarketPulse', 'Volatility', 'TrendMTF', 'AnomalyML']
2025-11-30 01:32:02,002 - HexagonalHedgeFund - INFO - main_container.py:352 - Enabled engines: ['Trend', 'Volatility', 'Liquidity', 'OrderFlow', 'Regime']
2025-11-30 01:32:02,002 - HexagonalHedgeFund - INFO - main_container.py:46 - Starting hexagonal architecture application setup
2025-11-30 01:32:02,003 - HexagonalHedgeFund - INFO - main_container.py:350 - Application configured for development environment
2025-11-30 01:32:02,003 - HexagonalHedgeFund - INFO - main_container.py:351 - Enabled watchers: ['MarketPulse', 'Volatility', 'TrendMTF', 'AnomalyML']
2025-11-30 01:32:02,003 - HexagonalHedgeFund - INFO - main_container.py:352 - Enabled engines: ['Trend', 'Volatility', 'Liquidity', 'OrderFlow', 'Regime']
2025-11-30 01:32:02,003 - HexagonalHedgeFund - INFO - hexagonal_main.py:33 - Starting hexagonal architecture demonstration
2025-11-30 01:32:02,067 - HexagonalHedgeFund - INFO - hexagonal_main.py:123 - Hexagonal architecture demonstration completed
2025-11-30 01:33:33,474 - HexagonalHedgeFund - INFO - hexagonal_utils.py:152 - Event bus started
2025-11-30 01:33:33,474 - HexagonalHedgeFund - INFO - main_container.py:46 - Starting hexagonal architecture application setup
2025-11-30 01:33:33,482 - HexagonalHedgeFund - INFO - main_container.py:350 - Application configured for development environment
2025-11-30 01:33:33,482 - HexagonalHedgeFund - INFO - main_container.py:351 - Enabled watchers: ['MarketPulse', 'Volatility', 'TrendMTF', 'AnomalyML']
2025-11-30 01:33:33,482 - HexagonalHedgeFund - INFO - main_container.py:352 - Enabled engines: ['Trend', 'Volatility', 'Liquidity', 'OrderFlow', 'Regime']
2025-11-30 01:33:33,482 - HexagonalHedgeFund - INFO - main_container.py:46 - Starting hexagonal architecture application setup
2025-11-30 01:33:33,482 - HexagonalHedgeFund - INFO - main_container.py:350 - Application configured for development environment
2025-11-30 01:33:33,482 - HexagonalHedgeFund - INFO - main_container.py:351 - Enabled watchers: ['MarketPulse', 'Volatility', 'TrendMTF', 'AnomalyML']
2025-11-30 01:33:33,483 - HexagonalHedgeFund - INFO - main_container.py:352 - Enabled engines: ['Trend', 'Volatility', 'Liquidity', 'OrderFlow', 'Regime']
2025-11-30 01:33:33,483 - HexagonalHedgeFund - INFO - hexagonal_main.py:33 - Starting hexagonal architecture demonstration
2025-11-30 01:33:33,538 - HexagonalHedgeFund - INFO - hexagonal_main.py:123 - Hexagonal architecture demonstration completed
2025-11-30 01:33:55,368 - HexagonalHedgeFund - INFO - hexagonal_utils.py:152 - Event bus started
2025-11-30 01:33:55,369 - HexagonalHedgeFund - INFO - main_container.py:46 - Starting hexagonal architecture application setup
2025-11-30 01:33:55,388 - HexagonalHedgeFund - INFO - main_container.py:350 - Application configured for development environment
2025-11-30 01:33:55,388 - HexagonalHedgeFund - INFO - main_container.py:351 - Enabled watchers: ['MarketPulse', 'Volatility', 'TrendMTF', 'AnomalyML']
2025-11-30 01:33:55,388 - HexagonalHedgeFund - INFO - main_container.py:352 - Enabled engines: ['Trend', 'Volatility', 'Liquidity', 'OrderFlow', 'Regime']
2025-11-30 01:33:55,388 - HexagonalHedgeFund - INFO - main_container.py:46 - Starting hexagonal architecture application setup
2025-11-30 01:33:55,389 - HexagonalHedgeFund - INFO - main_container.py:350 - Application configured for development environment
2025-11-30 01:33:55,389 - HexagonalHedgeFund - INFO - main_container.py:351 - Enabled watchers: ['MarketPulse', 'Volatility', 'TrendMTF', 'AnomalyML']
2025-11-30 01:33:55,389 - HexagonalHedgeFund - INFO - main_container.py:352 - Enabled engines: ['Trend', 'Volatility', 'Liquidity', 'OrderFlow', 'Regime']
2025-11-30 01:33:55,389 - HexagonalHedgeFund - INFO - hexagonal_main.py:33 - Starting hexagonal architecture demonstration
2025-11-30 01:33:55,448 - HexagonalHedgeFund - INFO - hexagonal_main.py:123 - Hexagonal architecture demonstration completed
2025-11-30 01:42:18,469 - HexagonalHedgeFund - INFO - hexagonal_utils.py:152 - Event bus started
2025-11-30 01:42:18,470 - HexagonalHedgeFund - INFO - main_container.py:46 - Starting hexagonal architecture application setup
2025-11-30 01:42:18,490 - HexagonalHedgeFund - INFO - main_container.py:350 - Application configured for development environment
2025-11-30 01:42:18,490 - HexagonalHedgeFund - INFO - main_container.py:351 - Enabled watchers: ['MarketPulse', 'Volatility', 'TrendMTF', 'AnomalyML']
2025-11-30 01:42:18,490 - HexagonalHedgeFund - INFO - main_container.py:352 - Enabled engines: ['Trend', 'Volatility', 'Liquidity', 'OrderFlow', 'Regime']
2025-11-30 01:42:18,491 - HexagonalHedgeFund - INFO - main_container.py:46 - Starting hexagonal architecture application setup
2025-11-30 01:42:18,491 - HexagonalHedgeFund - INFO - main_container.py:350 - Application configured for development environment
2025-11-30 01:42:18,491 - HexagonalHedgeFund - INFO - main_container.py:351 - Enabled watchers: ['MarketPulse', 'Volatility', 'TrendMTF', 'AnomalyML']
2025-11-30 01:42:18,491 - HexagonalHedgeFund - INFO - main_container.py:352 - Enabled engines: ['Trend', 'Volatility', 'Liquidity', 'OrderFlow', 'Regime']
2025-11-30 01:42:18,491 - HexagonalHedgeFund - INFO - hexagonal_main.py:33 - Starting hexagonal architecture demonstration
2025-11-30 01:42:18,553 - HexagonalHedgeFund - INFO - hexagonal_main.py:123 - Hexagonal architecture demonstration completed
2025-11-30 01:42:58,218 - HexagonalHedgeFund - INFO - hexagonal_utils.py:152 - Event bus started
2025-11-30 01:42:58,218 - HexagonalHedgeFund - INFO - main_container.py:46 - Starting hexagonal architecture application setup
2025-11-30 01:42:58,226 - HexagonalHedgeFund - INFO - main_container.py:350 - Application configured for development environment
2025-11-30 01:42:58,226 - HexagonalHedgeFund - INFO - main_container.py:351 - Enabled watchers: ['MarketPulse', 'Volatility', 'TrendMTF', 'AnomalyML']
2025-11-30 01:42:58,226 - HexagonalHedgeFund - INFO - main_container.py:352 - Enabled engines: ['Trend', 'Volatility', 'Liquidity', 'OrderFlow', 'Regime']
2025-11-30 01:42:58,226 - HexagonalHedgeFund - INFO - main_container.py:46 - Starting hexagonal architecture application setup
2025-11-30 01:42:58,227 - HexagonalHedgeFund - INFO - main_container.py:350 - Application configured for development environment
2025-11-30 01:42:58,227 - HexagonalHedgeFund - INFO - main_container.py:351 - Enabled watchers: ['MarketPulse', 'Volatility', 'TrendMTF', 'AnomalyML']
2025-11-30 01:42:58,227 - HexagonalHedgeFund - INFO - main_container.py:352 - Enabled engines: ['Trend', 'Volatility', 'Liquidity', 'OrderFlow', 'Regime']
2025-11-30 02:10:08,142 - HexagonalHedgeFund - INFO - hexagonal_utils.py:152 - Event bus started
2025-11-30 02:10:08,142 - HexagonalHedgeFund - INFO - main_container.py:46 - Starting hexagonal architecture application setup
2025-11-30 02:14:22,919 - HexagonalHedgeFund - INFO - hexagonal_utils.py:152 - Event bus started
2025-11-30 02:14:22,920 - HexagonalHedgeFund - INFO - main_container.py:46 - Starting hexagonal architecture application setup
2025-11-30 02:19:31,483 - HexagonalHedgeFund - INFO - hexagonal_utils.py:152 - Event bus started
2025-11-30 02:19:31,483 - HexagonalHedgeFund - INFO - main_container.py:46 - Starting hexagonal architecture application setup
2025-11-30 02:24:30,866 - HexagonalHedgeFund - INFO - hexagonal_utils.py:152 - Event bus started
2025-11-30 02:27:23,645 - HexagonalHedgeFund - INFO - hexagonal_utils.py:152 - Event bus started
2025-11-30 08:28:03,253 - HexagonalHedgeFund - INFO - hexagonal_utils.py:152 - Event bus started
2025-11-30 08:28:03,254 - HexagonalHedgeFund - INFO - main_container.py:46 - Starting hexagonal architecture application setup
2025-11-30 08:30:54,513 - HexagonalHedgeFund - INFO - hexagonal_utils.py:152 - Event bus started
2025-11-30 08:30:54,514 - HexagonalHedgeFund - INFO - main_container.py:46 - Starting hexagonal architecture application setup
2025-11-30 09:20:14,270 - HexagonalHedgeFund - INFO - hexagonal_utils.py:152 - Event bus started
2025-11-30 09:20:14,270 - HexagonalHedgeFund - INFO - main_container.py:46 - Starting hexagonal architecture application setup
2025-11-30 09:41:26,986 - HexagonalHedgeFund - INFO - hexagonal_utils.py:152 - Event bus started
2025-11-30 09:41:26,987 - HexagonalHedgeFund - INFO - main_container.py:46 - Starting hexagonal architecture application setup
2025-11-30 19:49:44,084 - HexagonalHedgeFund - INFO - hexagonal_utils.py:152 - Event bus started
2025-11-30 19:49:44,085 - HexagonalHedgeFund - INFO - main_container.py:46 - Starting hexagonal architecture application setup
2025-11-30 19:53:29,311 - HexagonalHedgeFund - INFO - hexagonal_utils.py:152 - Event bus started
2025-11-30 19:53:29,312 - HexagonalHedgeFund - INFO - main_container.py:46 - Starting hexagonal architecture application setup
2025-11-30 19:55:20,244 - HexagonalHedgeFund - INFO - hexagonal_utils.py:152 - Event bus started
2025-11-30 19:55:20,244 - HexagonalHedgeFund - INFO - main_container.py:46 - Starting hexagonal architecture application setup
2025-11-30 19:57:34,591 - HexagonalHedgeFund - INFO - hexagonal_utils.py:152 - Event bus started
2025-11-30 19:57:34,592 - HexagonalHedgeFund - INFO - main_container.py:46 - Starting hexagonal architecture application setup
2025-11-30 20:02:12,538 - HexagonalHedgeFund - INFO - hexagonal_utils.py:152 - Event bus started
2025-11-30 20:02:12,539 - HexagonalHedgeFund - INFO - main_container.py:46 - Starting hexagonal architecture application setup
2025-11-30 20:02:12,553 - HexagonalHedgeFund - INFO - main_container.py:350 - Application configured for development environment
2025-11-30 20:02:12,553 - HexagonalHedgeFund - INFO - main_container.py:351 - Enabled watchers: ['MarketPulse', 'Volatility', 'TrendMTF', 'AnomalyML']
2025-11-30 20:02:12,553 - HexagonalHedgeFund - INFO - main_container.py:352 - Enabled engines: ['Trend', 'Volatility', 'Liquidity', 'OrderFlow', 'Regime']
2025-11-30 20:02:12,553 - HexagonalHedgeFund - INFO - main_container.py:46 - Starting hexagonal architecture application setup
2025-11-30 20:02:12,553 - HexagonalHedgeFund - INFO - main_container.py:350 - Application configured for development environment
2025-11-30 20:02:12,553 - HexagonalHedgeFund - INFO - main_container.py:351 - Enabled watchers: ['MarketPulse', 'Volatility', 'TrendMTF', 'AnomalyML']
2025-11-30 20:02:12,554 - HexagonalHedgeFund - INFO - main_container.py:352 - Enabled engines: ['Trend', 'Volatility', 'Liquidity', 'OrderFlow', 'Regime']
2025-11-30 20:43:03,529 - HexagonalHedgeFund - INFO - hexagonal_utils.py:152 - Event bus started
2025-11-30 20:43:03,529 - HexagonalHedgeFund - INFO - main_container.py:46 - Starting hexagonal architecture application setup
2025-11-30 20:43:03,543 - HexagonalHedgeFund - INFO - main_container.py:350 - Application configured for development environment
2025-11-30 20:43:03,543 - HexagonalHedgeFund - INFO - main_container.py:351 - Enabled watchers: ['MarketPulse', 'Volatility', 'TrendMTF', 'AnomalyML']
2025-11-30 20:43:03,543 - HexagonalHedgeFund - INFO - main_container.py:352 - Enabled engines: ['Trend', 'Volatility', 'Liquidity', 'OrderFlow', 'Regime']
2025-11-30 20:43:03,544 - HexagonalHedgeFund - INFO - main_container.py:46 - Starting hexagonal architecture application setup
2025-11-30 20:43:03,544 - HexagonalHedgeFund - INFO - main_container.py:350 - Application configured for development environment
2025-11-30 20:43:03,544 - HexagonalHedgeFund - INFO - main_container.py:351 - Enabled watchers: ['MarketPulse', 'Volatility', 'TrendMTF', 'AnomalyML']
2025-11-30 20:43:03,544 - HexagonalHedgeFund - INFO - main_container.py:352 - Enabled engines: ['Trend', 'Volatility', 'Liquidity', 'OrderFlow', 'Regime']
2025-11-30 20:43:53,455 - HexagonalHedgeFund - INFO - hexagonal_utils.py:152 - Event bus started
2025-11-30 20:43:53,455 - HexagonalHedgeFund - INFO - main_container.py:46 - Starting hexagonal architecture application setup
2025-11-30 20:43:53,462 - HexagonalHedgeFund - INFO - main_container.py:350 - Application configured for development environment
2025-11-30 20:43:53,463 - HexagonalHedgeFund - INFO - main_container.py:351 - Enabled watchers: ['MarketPulse', 'Volatility', 'TrendMTF', 'AnomalyML']
2025-11-30 20:43:53,463 - HexagonalHedgeFund - INFO - main_container.py:352 - Enabled engines: ['Trend', 'Volatility', 'Liquidity', 'OrderFlow', 'Regime']
2025-11-30 20:43:53,463 - HexagonalHedgeFund - INFO - main_container.py:46 - Starting hexagonal architecture application setup
2025-11-30 20:43:53,463 - HexagonalHedgeFund - INFO - main_container.py:350 - Application configured for development environment
2025-11-30 20:43:53,463 - HexagonalHedgeFund - INFO - main_container.py:351 - Enabled watchers: ['MarketPulse', 'Volatility', 'TrendMTF', 'AnomalyML']
2025-11-30 20:43:53,464 - HexagonalHedgeFund - INFO - main_container.py:352 - Enabled engines: ['Trend', 'Volatility', 'Liquidity', 'OrderFlow', 'Regime']
2025-11-30 20:43:53,464 - HexagonalHedgeFund - INFO - hexagonal_main.py:33 - Starting hexagonal architecture demonstration
2025-11-30 20:43:53,470 - HexagonalHedgeFund - ERROR - hexagonal_main.py:126 - Error in hexagonal architecture demonstration: 'TrendEngineAdapter' object has no attribute 'get_engine_name'
2025-11-30 21:11:37,166 - HexagonalHedgeFund - INFO - hexagonal_utils.py:152 - Event bus started
2025-11-30 21:11:37,167 - HexagonalHedgeFund - INFO - main_container.py:46 - Starting hexagonal architecture application setup
2025-11-30 21:11:37,178 - HexagonalHedgeFund - INFO - main_container.py:350 - Application configured for development environment
2025-11-30 21:11:37,178 - HexagonalHedgeFund - INFO - main_container.py:351 - Enabled watchers: ['MarketPulse', 'Volatility', 'TrendMTF', 'AnomalyML']
2025-11-30 21:11:37,178 - HexagonalHedgeFund - INFO - main_container.py:352 - Enabled engines: ['Trend', 'Volatility', 'Liquidity', 'OrderFlow', 'Regime']
2025-11-30 21:11:37,178 - HexagonalHedgeFund - INFO - main_container.py:46 - Starting hexagonal architecture application setup
2025-11-30 21:11:37,179 - HexagonalHedgeFund - INFO - main_container.py:350 - Application configured for development environment
2025-11-30 21:11:37,179 - HexagonalHedgeFund - INFO - main_container.py:351 - Enabled watchers: ['MarketPulse', 'Volatility', 'TrendMTF', 'AnomalyML']
2025-11-30 21:11:37,179 - HexagonalHedgeFund - INFO - main_container.py:352 - Enabled engines: ['Trend', 'Volatility', 'Liquidity', 'OrderFlow', 'Regime']
2025-11-30 21:33:47,051 - HexagonalHedgeFund - INFO - hexagonal_utils.py:152 - Event bus started
2025-11-30 21:33:47,051 - HexagonalHedgeFund - INFO - main_container.py:46 - Starting hexagonal architecture application setup
2025-11-30 21:33:47,067 - HexagonalHedgeFund - INFO - main_container.py:350 - Application configured for development environment
2025-11-30 21:33:47,067 - HexagonalHedgeFund - INFO - main_container.py:351 - Enabled watchers: ['MarketPulse', 'Volatility', 'TrendMTF', 'AnomalyML']
2025-11-30 21:33:47,067 - HexagonalHedgeFund - INFO - main_container.py:352 - Enabled engines: ['Trend', 'Volatility', 'Liquidity', 'OrderFlow', 'Regime']
2025-11-30 21:33:47,067 - HexagonalHedgeFund - INFO - main_container.py:46 - Starting hexagonal architecture application setup
2025-11-30 21:33:47,067 - HexagonalHedgeFund - INFO - main_container.py:350 - Application configured for development environment
2025-11-30 21:33:47,068 - HexagonalHedgeFund - INFO - main_container.py:351 - Enabled watchers: ['MarketPulse', 'Volatility', 'TrendMTF', 'AnomalyML']
2025-11-30 21:33:47,068 - HexagonalHedgeFund - INFO - main_container.py:352 - Enabled engines: ['Trend', 'Volatility', 'Liquidity', 'OrderFlow', 'Regime']
2025-11-30 21:39:27,115 - HexagonalHedgeFund - INFO - hexagonal_utils.py:152 - Event bus started
2025-11-30 21:39:27,115 - HexagonalHedgeFund - INFO - main_container.py:46 - Starting hexagonal architecture application setup
2025-11-30 21:39:27,133 - HexagonalHedgeFund - INFO - main_container.py:350 - Application configured for development environment
2025-11-30 21:39:27,133 - HexagonalHedgeFund - INFO - main_container.py:351 - Enabled watchers: ['MarketPulse', 'Volatility', 'TrendMTF', 'AnomalyML']
2025-11-30 21:39:27,133 - HexagonalHedgeFund - INFO - main_container.py:352 - Enabled engines: ['Trend', 'Volatility', 'Liquidity', 'OrderFlow', 'Regime']
2025-11-30 21:39:27,133 - HexagonalHedgeFund - INFO - main_container.py:46 - Starting hexagonal architecture application setup
2025-11-30 21:39:27,133 - HexagonalHedgeFund - INFO - main_container.py:350 - Application configured for development environment
2025-11-30 21:39:27,134 - HexagonalHedgeFund - INFO - main_container.py:351 - Enabled watchers: ['MarketPulse', 'Volatility', 'TrendMTF', 'AnomalyML']
2025-11-30 21:39:27,134 - HexagonalHedgeFund - INFO - main_container.py:352 - Enabled engines: ['Trend', 'Volatility', 'Liquidity', 'OrderFlow', 'Regime']
2025-11-30 21:42:45,034 - HexagonalHedgeFund - INFO - hexagonal_utils.py:152 - Event bus started
2025-11-30 21:42:45,034 - HexagonalHedgeFund - INFO - main_container.py:46 - Starting hexagonal architecture application setup
2025-11-30 21:42:45,040 - HexagonalHedgeFund - INFO - main_container.py:350 - Application configured for development environment
2025-11-30 21:42:45,040 - HexagonalHedgeFund - INFO - main_container.py:351 - Enabled watchers: ['MarketPulse', 'Volatility', 'TrendMTF', 'AnomalyML']
2025-11-30 21:42:45,040 - HexagonalHedgeFund - INFO - main_container.py:352 - Enabled engines: ['Trend', 'Volatility', 'Liquidity', 'OrderFlow', 'Regime']
2025-11-30 21:42:45,040 - HexagonalHedgeFund - INFO - main_container.py:46 - Starting hexagonal architecture application setup
2025-11-30 21:42:45,041 - HexagonalHedgeFund - INFO - main_container.py:350 - Application configured for development environment
2025-11-30 21:42:45,041 - HexagonalHedgeFund - INFO - main_container.py:351 - Enabled watchers: ['MarketPulse', 'Volatility', 'TrendMTF', 'AnomalyML']
2025-11-30 21:42:45,041 - HexagonalHedgeFund - INFO - main_container.py:352 - Enabled engines: ['Trend', 'Volatility', 'Liquidity', 'OrderFlow', 'Regime']
2025-11-30 22:01:53,201 - HexagonalHedgeFund - INFO - hexagonal_utils.py:152 - Event bus started
2025-11-30 22:01:53,201 - HexagonalHedgeFund - INFO - main_container.py:46 - Starting hexagonal architecture application setup
2025-11-30 22:01:53,218 - HexagonalHedgeFund - INFO - main_container.py:350 - Application configured for development environment
2025-11-30 22:01:53,218 - HexagonalHedgeFund - INFO - main_container.py:351 - Enabled watchers: ['MarketPulse', 'Volatility', 'TrendMTF', 'AnomalyML']
2025-11-30 22:01:53,218 - HexagonalHedgeFund - INFO - main_container.py:352 - Enabled engines: ['Trend', 'Volatility', 'Liquidity', 'OrderFlow', 'Regime']
2025-11-30 22:01:53,218 - HexagonalHedgeFund - INFO - main_container.py:46 - Starting hexagonal architecture application setup
2025-11-30 22:01:53,219 - HexagonalHedgeFund - INFO - main_container.py:350 - Application configured for development environment
2025-11-30 22:01:53,219 - HexagonalHedgeFund - INFO - main_container.py:351 - Enabled watchers: ['MarketPulse', 'Volatility', 'TrendMTF', 'AnomalyML']
2025-11-30 22:01:53,219 - HexagonalHedgeFund - INFO - main_container.py:352 - Enabled engines: ['Trend', 'Volatility', 'Liquidity', 'OrderFlow', 'Regime']
2025-11-30 22:05:38,922 - HexagonalHedgeFund - INFO - hexagonal_utils.py:152 - Event bus started
2025-11-30 22:05:38,922 - HexagonalHedgeFund - INFO - main_container.py:46 - Starting hexagonal architecture application setup
2025-11-30 22:05:38,930 - HexagonalHedgeFund - INFO - main_container.py:350 - Application configured for development environment
2025-11-30 22:05:38,930 - HexagonalHedgeFund - INFO - main_container.py:351 - Enabled watchers: ['MarketPulse', 'Volatility', 'TrendMTF', 'AnomalyML']
2025-11-30 22:05:38,930 - HexagonalHedgeFund - INFO - main_container.py:352 - Enabled engines: ['Trend', 'Volatility', 'Liquidity', 'OrderFlow', 'Regime']
2025-11-30 22:05:38,931 - HexagonalHedgeFund - INFO - main_container.py:46 - Starting hexagonal architecture application setup
2025-11-30 22:05:38,931 - HexagonalHedgeFund - INFO - main_container.py:350 - Application configured for development environment
2025-11-30 22:05:38,931 - HexagonalHedgeFund - INFO - main_container.py:351 - Enabled watchers: ['MarketPulse', 'Volatility', 'TrendMTF', 'AnomalyML']
2025-11-30 22:05:38,931 - HexagonalHedgeFund - INFO - main_container.py:352 - Enabled engines: ['Trend', 'Volatility', 'Liquidity', 'OrderFlow', 'Regime']
2025-11-30 22:08:05,063 - HexagonalHedgeFund - INFO - hexagonal_utils.py:152 - Event bus started
2025-11-30 22:08:05,063 - HexagonalHedgeFund - INFO - main_container.py:46 - Starting hexagonal architecture application setup
2025-11-30 22:08:05,071 - HexagonalHedgeFund - INFO - main_container.py:350 - Application configured for development environment
2025-11-30 22:08:05,071 - HexagonalHedgeFund - INFO - main_container.py:351 - Enabled watchers: ['MarketPulse', 'Volatility', 'TrendMTF', 'AnomalyML']
2025-11-30 22:08:05,071 - HexagonalHedgeFund - INFO - main_container.py:352 - Enabled engines: ['Trend', 'Volatility', 'Liquidity', 'OrderFlow', 'Regime']
2025-11-30 22:08:05,072 - HexagonalHedgeFund - INFO - main_container.py:46 - Starting hexagonal architecture application setup
2025-11-30 22:08:05,072 - HexagonalHedgeFund - INFO - main_container.py:350 - Application configured for development environment
2025-11-30 22:08:05,072 - HexagonalHedgeFund - INFO - main_container.py:351 - Enabled watchers: ['MarketPulse', 'Volatility', 'TrendMTF', 'AnomalyML']
2025-11-30 22:08:05,072 - HexagonalHedgeFund - INFO - main_container.py:352 - Enabled engines: ['Trend', 'Volatility', 'Liquidity', 'OrderFlow', 'Regime']
2025-11-30 23:32:39,495 - HexagonalHedgeFund - INFO - hexagonal_utils.py:152 - Event bus started
2025-11-30 23:32:39,495 - HexagonalHedgeFund - INFO - main_container.py:46 - Starting hexagonal architecture application setup
2025-11-30 23:32:39,508 - HexagonalHedgeFund - INFO - main_container.py:350 - Application configured for development environment
2025-11-30 23:32:39,508 - HexagonalHedgeFund - INFO - main_container.py:351 - Enabled watchers: ['MarketPulse', 'Volatility', 'TrendMTF', 'AnomalyML']
2025-11-30 23:32:39,508 - HexagonalHedgeFund - INFO - main_container.py:352 - Enabled engines: ['Trend', 'Volatility', 'Liquidity', 'OrderFlow', 'Regime']
2025-11-30 23:32:39,508 - HexagonalHedgeFund - INFO - main_container.py:46 - Starting hexagonal architecture application setup
2025-11-30 23:32:39,509 - HexagonalHedgeFund - INFO - main_container.py:350 - Application configured for development environment
2025-11-30 23:32:39,509 - HexagonalHedgeFund - INFO - main_container.py:351 - Enabled watchers: ['MarketPulse', 'Volatility', 'TrendMTF', 'AnomalyML']
2025-11-30 23:32:39,509 - HexagonalHedgeFund - INFO - main_container.py:352 - Enabled engines: ['Trend', 'Volatility', 'Liquidity', 'OrderFlow', 'Regime']
2025-11-30 23:45:33,482 - HexagonalHedgeFund - INFO - hexagonal_utils.py:152 - Event bus started
2025-11-30 23:45:33,483 - HexagonalHedgeFund - INFO - main_container.py:46 - Starting hexagonal architecture application setup
2025-11-30 23:45:33,505 - HexagonalHedgeFund - INFO - main_container.py:350 - Application configured for development environment
2025-11-30 23:45:33,506 - HexagonalHedgeFund - INFO - main_container.py:351 - Enabled watchers: ['MarketPulse', 'Volatility', 'TrendMTF', 'AnomalyML']
2025-11-30 23:45:33,506 - HexagonalHedgeFund - INFO - main_container.py:352 - Enabled engines: ['Trend', 'Volatility', 'Liquidity', 'OrderFlow', 'Regime']
2025-11-30 23:45:33,506 - HexagonalHedgeFund - INFO - main_container.py:46 - Starting hexagonal architecture application setup
2025-11-30 23:45:33,506 - HexagonalHedgeFund - INFO - main_container.py:350 - Application configured for development environment
2025-11-30 23:45:33,506 - HexagonalHedgeFund - INFO - main_container.py:351 - Enabled watchers: ['MarketPulse', 'Volatility', 'TrendMTF', 'AnomalyML']
2025-11-30 23:45:33,507 - HexagonalHedgeFund - INFO - main_container.py:352 - Enabled engines: ['Trend', 'Volatility', 'Liquidity', 'OrderFlow', 'Regime']
2025-11-30 23:46:14,452 - HexagonalHedgeFund - INFO - hexagonal_utils.py:152 - Event bus started
2025-11-30 23:46:14,453 - HexagonalHedgeFund - INFO - main_container.py:46 - Starting hexagonal architecture application setup
2025-11-30 23:46:14,459 - HexagonalHedgeFund - INFO - main_container.py:350 - Application configured for development environment
2025-11-30 23:46:14,459 - HexagonalHedgeFund - INFO - main_container.py:351 - Enabled watchers: ['MarketPulse', 'Volatility', 'TrendMTF', 'AnomalyML']
2025-11-30 23:46:14,459 - HexagonalHedgeFund - INFO - main_container.py:352 - Enabled engines: ['Trend', 'Volatility', 'Liquidity', 'OrderFlow', 'Regime']
2025-11-30 23:46:14,459 - HexagonalHedgeFund - INFO - main_container.py:46 - Starting hexagonal architecture application setup
2025-11-30 23:46:14,459 - HexagonalHedgeFund - INFO - main_container.py:350 - Application configured for development environment
2025-11-30 23:46:14,459 - HexagonalHedgeFund - INFO - main_container.py:351 - Enabled watchers: ['MarketPulse', 'Volatility', 'TrendMTF', 'AnomalyML']
2025-11-30 23:46:14,461 - HexagonalHedgeFund - INFO - main_container.py:352 - Enabled engines: ['Trend', 'Volatility', 'Liquidity', 'OrderFlow', 'Regime']
2025-11-30 23:48:47,641 - HexagonalHedgeFund - INFO - hexagonal_utils.py:152 - Event bus started
2025-11-30 23:48:47,641 - HexagonalHedgeFund - INFO - main_container.py:46 - Starting hexagonal architecture application setup
2025-11-30 23:48:47,650 - HexagonalHedgeFund - INFO - main_container.py:350 - Application configured for development environment
2025-11-30 23:48:47,650 - HexagonalHedgeFund - INFO - main_container.py:351 - Enabled watchers: ['MarketPulse', 'Volatility', 'TrendMTF', 'AnomalyML']
2025-11-30 23:48:47,650 - HexagonalHedgeFund - INFO - main_container.py:352 - Enabled engines: ['Trend', 'Volatility', 'Liquidity', 'OrderFlow', 'Regime']
2025-11-30 23:48:47,650 - HexagonalHedgeFund - INFO - main_container.py:46 - Starting hexagonal architecture application setup
2025-11-30 23:48:47,650 - HexagonalHedgeFund - INFO - main_container.py:350 - Application configured for development environment
2025-11-30 23:48:47,650 - HexagonalHedgeFund - INFO - main_container.py:351 - Enabled watchers: ['MarketPulse', 'Volatility', 'TrendMTF', 'AnomalyML']
2025-11-30 23:48:47,650 - HexagonalHedgeFund - INFO - main_container.py:352 - Enabled engines: ['Trend', 'Volatility', 'Liquidity', 'OrderFlow', 'Regime']
2025-11-30 23:51:36,731 - HexagonalHedgeFund - INFO - hexagonal_utils.py:152 - Event bus started
2025-11-30 23:51:36,731 - HexagonalHedgeFund - INFO - main_container.py:46 - Starting hexagonal architecture application setup
2025-11-30 23:51:36,739 - HexagonalHedgeFund - INFO - main_container.py:350 - Application configured for development environment
2025-11-30 23:51:36,739 - HexagonalHedgeFund - INFO - main_container.py:351 - Enabled watchers: ['MarketPulse', 'Volatility', 'TrendMTF', 'AnomalyML']
2025-11-30 23:51:36,739 - HexagonalHedgeFund - INFO - main_container.py:352 - Enabled engines: ['Trend', 'Volatility', 'Liquidity', 'OrderFlow', 'Regime']
2025-11-30 23:51:36,739 - HexagonalHedgeFund - INFO - main_container.py:46 - Starting hexagonal architecture application setup
2025-11-30 23:51:36,739 - HexagonalHedgeFund - INFO - main_container.py:350 - Application configured for development environment
2025-11-30 23:51:36,739 - HexagonalHedgeFund - INFO - main_container.py:351 - Enabled watchers: ['MarketPulse', 'Volatility', 'TrendMTF', 'AnomalyML']
2025-11-30 23:51:36,739 - HexagonalHedgeFund - INFO - main_container.py:352 - Enabled engines: ['Trend', 'Volatility', 'Liquidity', 'OrderFlow', 'Regime']
2025-11-30 23:56:17,695 - HexagonalHedgeFund - INFO - hexagonal_utils.py:152 - Event bus started
2025-11-30 23:56:17,696 - HexagonalHedgeFund - INFO - main_container.py:46 - Starting hexagonal architecture application setup
2025-11-30 23:56:17,718 - HexagonalHedgeFund - INFO - main_container.py:350 - Application configured for development environment
2025-11-30 23:56:17,718 - HexagonalHedgeFund - INFO - main_container.py:351 - Enabled watchers: ['MarketPulse', 'Volatility', 'TrendMTF', 'AnomalyML']
2025-11-30 23:56:17,718 - HexagonalHedgeFund - INFO - main_container.py:352 - Enabled engines: ['Trend', 'Volatility', 'Liquidity', 'OrderFlow', 'Regime']
2025-11-30 23:56:17,718 - HexagonalHedgeFund - INFO - main_container.py:46 - Starting hexagonal architecture application setup
2025-11-30 23:56:17,719 - HexagonalHedgeFund - INFO - main_container.py:350 - Application configured for development environment
2025-11-30 23:56:17,719 - HexagonalHedgeFund - INFO - main_container.py:351 - Enabled watchers: ['MarketPulse', 'Volatility', 'TrendMTF', 'AnomalyML']
2025-11-30 23:56:17,719 - HexagonalHedgeFund - INFO - main_container.py:352 - Enabled engines: ['Trend', 'Volatility', 'Liquidity', 'OrderFlow', 'Regime']
2025-11-30 23:58:19,512 - HexagonalHedgeFund - INFO - hexagonal_utils.py:152 - Event bus started
2025-11-30 23:58:19,512 - HexagonalHedgeFund - INFO - main_container.py:46 - Starting hexagonal architecture application setup
2025-11-30 23:58:19,532 - HexagonalHedgeFund - INFO - main_container.py:350 - Application configured for development environment
2025-11-30 23:58:19,532 - HexagonalHedgeFund - INFO - main_container.py:351 - Enabled watchers: ['MarketPulse', 'Volatility', 'TrendMTF', 'AnomalyML']
2025-11-30 23:58:19,532 - HexagonalHedgeFund - INFO - main_container.py:352 - Enabled engines: ['Trend', 'Volatility', 'Liquidity', 'OrderFlow', 'Regime']
2025-11-30 23:58:19,532 - HexagonalHedgeFund - INFO - main_container.py:46 - Starting hexagonal architecture application setup
2025-11-30 23:58:19,533 - HexagonalHedgeFund - INFO - main_container.py:350 - Application configured for development environment
2025-11-30 23:58:19,533 - HexagonalHedgeFund - INFO - main_container.py:351 - Enabled watchers: ['MarketPulse', 'Volatility', 'TrendMTF', 'AnomalyML']
2025-11-30 23:58:19,533 - HexagonalHedgeFund - INFO - main_container.py:352 - Enabled engines: ['Trend', 'Volatility', 'Liquidity', 'OrderFlow', 'Regime']
2025-12-01 08:20:54,144 - HexagonalHedgeFund - INFO - hexagonal_utils.py:152 - Event bus started
2025-12-01 08:20:54,144 - HexagonalHedgeFund - INFO - main_container.py:46 - Starting hexagonal architecture application setup
2025-12-01 08:20:54,311 - HexagonalHedgeFund - INFO - main_container.py:350 - Application configured for development environment
2025-12-01 08:20:54,311 - HexagonalHedgeFund - INFO - main_container.py:351 - Enabled watchers: ['MarketPulse', 'Volatility', 'TrendMTF']
2025-12-01 08:20:54,311 - HexagonalHedgeFund - INFO - main_container.py:352 - Enabled engines: ['Trend', 'Volatility', 'Liquidity']
2025-12-01 08:20:54,316 - HexagonalHedgeFund - INFO - main_container.py:46 - Starting hexagonal architecture application setup
2025-12-01 08:20:54,317 - HexagonalHedgeFund - INFO - main_container.py:350 - Application configured for development environment
2025-12-01 08:20:54,317 - HexagonalHedgeFund - INFO - main_container.py:351 - Enabled watchers: ['MarketPulse', 'Volatility', 'TrendMTF']
2025-12-01 08:20:54,317 - HexagonalHedgeFund - INFO - main_container.py:352 - Enabled engines: ['Trend', 'Volatility', 'Liquidity']
2025-12-01 08:24:48,894 - HexagonalHedgeFund - INFO - hexagonal_utils.py:152 - Event bus started
2025-12-01 08:24:48,894 - HexagonalHedgeFund - INFO - main_container.py:46 - Starting hexagonal architecture application setup
2025-12-01 08:24:48,963 - HexagonalHedgeFund - INFO - main_container.py:350 - Application configured for development environment
2025-12-01 08:24:48,964 - HexagonalHedgeFund - INFO - main_container.py:351 - Enabled watchers: ['MarketPulse', 'Volatility', 'TrendMTF']
2025-12-01 08:24:48,964 - HexagonalHedgeFund - INFO - main_container.py:352 - Enabled engines: ['Trend', 'Volatility', 'Liquidity']
2025-12-01 08:24:48,965 - HexagonalHedgeFund - INFO - main_container.py:46 - Starting hexagonal architecture application setup
2025-12-01 08:24:48,966 - HexagonalHedgeFund - INFO - main_container.py:350 - Application configured for development environment
2025-12-01 08:24:48,966 - HexagonalHedgeFund - INFO - main_container.py:351 - Enabled watchers: ['MarketPulse', 'Volatility', 'TrendMTF']
2025-12-01 08:24:48,966 - HexagonalHedgeFund - INFO - main_container.py:352 - Enabled engines: ['Trend', 'Volatility', 'Liquidity']
2025-12-01 08:24:48,987 - HexagonalHedgeFund - INFO - main_container.py:46 - Starting hexagonal architecture application setup
2025-12-01 08:24:48,988 - HexagonalHedgeFund - INFO - main_container.py:350 - Application configured for development environment
2025-12-01 08:24:48,988 - HexagonalHedgeFund - INFO - main_container.py:351 - Enabled watchers: ['MarketPulse', 'Volatility', 'TrendMTF']
2025-12-01 08:24:48,988 - HexagonalHedgeFund - INFO - main_container.py:352 - Enabled engines: ['Trend', 'Volatility', 'Liquidity']
2025-12-01 08:37:25,100 - HexagonalHedgeFund - INFO - hexagonal_utils.py:152 - Event bus started
2025-12-01 08:37:25,101 - HexagonalHedgeFund - INFO - main_container.py:46 - Starting hexagonal architecture application setup
2025-12-01 08:37:25,238 - HexagonalHedgeFund - INFO - main_container.py:350 - Application configured for development environment
2025-12-01 08:37:25,238 - HexagonalHedgeFund - INFO - main_container.py:351 - Enabled watchers: ['MarketPulse', 'Volatility', 'TrendMTF']
2025-12-01 08:37:25,238 - HexagonalHedgeFund - INFO - main_container.py:352 - Enabled engines: ['Trend', 'Volatility', 'Liquidity']
2025-12-01 08:37:25,239 - HexagonalHedgeFund - INFO - main_container.py:46 - Starting hexagonal architecture application setup
2025-12-01 08:37:25,239 - HexagonalHedgeFund - INFO - main_container.py:350 - Application configured for development environment
2025-12-01 08:37:25,240 - HexagonalHedgeFund - INFO - main_container.py:351 - Enabled watchers: ['MarketPulse', 'Volatility', 'TrendMTF']
2025-12-01 08:37:25,240 - HexagonalHedgeFund - INFO - main_container.py:352 - Enabled engines: ['Trend', 'Volatility', 'Liquidity']
2025-12-01 08:37:25,241 - HexagonalHedgeFund - INFO - hexagonal_main.py:33 - Starting hexagonal architecture demonstration
2025-12-01 08:37:25,336 - HexagonalHedgeFund - INFO - hexagonal_main.py:123 - Hexagonal architecture demonstration completed
2025-12-01 15:26:31,206 - HexagonalHedgeFund - INFO - hexagonal_utils.py:152 - Event bus started
2025-12-01 15:26:31,206 - HexagonalHedgeFund - INFO - main_hexagonal_container.py:49 - Starting hexagonal architecture application setup
2025-12-01 15:27:01,907 - HexagonalHedgeFund - INFO - hexagonal_utils.py:152 - Event bus started
2025-12-01 15:27:01,907 - HexagonalHedgeFund - INFO - main_hexagonal_container.py:49 - Starting hexagonal architecture application setup
2025-12-01 15:28:16,718 - HexagonalHedgeFund - INFO - hexagonal_utils.py:152 - Event bus started
2025-12-01 15:28:33,369 - HexagonalHedgeFund - INFO - hexagonal_utils.py:152 - Event bus started
2025-12-01 15:28:49,881 - HexagonalHedgeFund - INFO - hexagonal_utils.py:152 - Event bus started
2025-12-01 15:28:49,892 - HexagonalHedgeFund - INFO - main_hexagonal_container.py:52 - Starting hexagonal architecture application setup
2025-12-01 15:29:06,778 - HexagonalHedgeFund - INFO - hexagonal_utils.py:152 - Event bus started
2025-12-01 15:29:06,787 - HexagonalHedgeFund - INFO - main_hexagonal_container.py:52 - Starting hexagonal architecture application setup
2025-12-01 15:29:06,787 - HexagonalHedgeFund - INFO - main_hexagonal_container.py:169 - Application configured for development environment
2025-12-01 15:29:06,787 - HexagonalHedgeFund - INFO - main_hexagonal_container.py:170 - Enabled watchers: ['MarketPulse', 'Volatility', 'TrendMTF']
2025-12-01 15:29:06,787 - HexagonalHedgeFund - INFO - main_hexagonal_container.py:171 - Enabled engines: ['Trend', 'Volatility', 'Liquidity']
2025-12-01 15:29:21,943 - HexagonalHedgeFund - INFO - hexagonal_utils.py:152 - Event bus started
2025-12-01 15:29:21,953 - HexagonalHedgeFund - INFO - main_hexagonal_container.py:52 - Starting hexagonal architecture application setup
2025-12-01 15:29:21,954 - HexagonalHedgeFund - INFO - main_hexagonal_container.py:169 - Application configured for development environment
2025-12-01 15:29:21,954 - HexagonalHedgeFund - INFO - main_hexagonal_container.py:170 - Enabled watchers: ['MarketPulse', 'Volatility', 'TrendMTF']
2025-12-01 15:29:21,954 - HexagonalHedgeFund - INFO - main_hexagonal_container.py:171 - Enabled engines: ['Trend', 'Volatility', 'Liquidity']
2025-12-01 15:30:06,313 - HexagonalHedgeFund - INFO - hexagonal_utils.py:152 - Event bus started
2025-12-01 15:30:06,324 - HexagonalHedgeFund - INFO - main_hexagonal_container.py:52 - Starting hexagonal architecture application setup
2025-12-01 15:30:06,325 - HexagonalHedgeFund - INFO - main_hexagonal_container.py:169 - Application configured for development environment
2025-12-01 15:30:06,325 - HexagonalHedgeFund - INFO - main_hexagonal_container.py:170 - Enabled watchers: ['MarketPulse', 'Volatility', 'TrendMTF']
2025-12-01 15:30:06,325 - HexagonalHedgeFund - INFO - main_hexagonal_container.py:171 - Enabled engines: ['Trend', 'Volatility', 'Liquidity']
2025-12-01 15:30:17,248 - HexagonalHedgeFund - INFO - hexagonal_utils.py:152 - Event bus started
2025-12-01 15:30:17,257 - HexagonalHedgeFund - INFO - main_hexagonal_container.py:52 - Starting hexagonal architecture application setup
2025-12-01 15:30:17,257 - HexagonalHedgeFund - INFO - main_hexagonal_container.py:169 - Application configured for development environment
2025-12-01 15:30:17,257 - HexagonalHedgeFund - INFO - main_hexagonal_container.py:170 - Enabled watchers: ['MarketPulse', 'Volatility', 'TrendMTF']
2025-12-01 15:30:17,257 - HexagonalHedgeFund - INFO - main_hexagonal_container.py:171 - Enabled engines: ['Trend', 'Volatility', 'Liquidity']
2025-12-01 15:30:46,358 - HexagonalHedgeFund - INFO - hexagonal_utils.py:152 - Event bus started
2025-12-01 15:30:46,367 - HexagonalHedgeFund - INFO - main_hexagonal_container.py:52 - Starting hexagonal architecture application setup
2025-12-01 15:30:46,367 - HexagonalHedgeFund - INFO - main_hexagonal_container.py:169 - Application configured for development environment
2025-12-01 15:30:46,367 - HexagonalHedgeFund - INFO - main_hexagonal_container.py:170 - Enabled watchers: ['MarketPulse', 'Volatility', 'TrendMTF']
2025-12-01 15:30:46,367 - HexagonalHedgeFund - INFO - main_hexagonal_container.py:171 - Enabled engines: ['Trend', 'Volatility', 'Liquidity']
2025-12-01 15:47:58,819 - HexagonalHedgeFund - INFO - hexagonal_utils.py:152 - Event bus started
2025-12-01 15:47:58,830 - HexagonalHedgeFund - INFO - main_hexagonal_container.py:52 - Starting hexagonal architecture application setup
2025-12-01 15:47:58,830 - HexagonalHedgeFund - INFO - main_hexagonal_container.py:169 - Application configured for development environment
2025-12-01 15:47:58,830 - HexagonalHedgeFund - INFO - main_hexagonal_container.py:170 - Enabled watchers: ['MarketPulse', 'Volatility', 'TrendMTF']
2025-12-01 15:47:58,830 - HexagonalHedgeFund - INFO - main_hexagonal_container.py:171 - Enabled engines: ['Trend', 'Volatility', 'Liquidity']
2025-12-01 15:48:26,669 - HexagonalHedgeFund - INFO - hexagonal_utils.py:152 - Event bus started
2025-12-01 15:48:26,678 - HexagonalHedgeFund - INFO - main_hexagonal_container.py:52 - Starting hexagonal architecture application setup
2025-12-01 15:48:26,678 - HexagonalHedgeFund - INFO - main_hexagonal_container.py:169 - Application configured for development environment
2025-12-01 15:48:26,678 - HexagonalHedgeFund - INFO - main_hexagonal_container.py:170 - Enabled watchers: ['MarketPulse', 'Volatility', 'TrendMTF']
2025-12-01 15:48:26,678 - HexagonalHedgeFund - INFO - main_hexagonal_container.py:171 - Enabled engines: ['Trend', 'Volatility', 'Liquidity']
2025-12-01 15:49:30,444 - HexagonalHedgeFund - INFO - hexagonal_utils.py:152 - Event bus started
2025-12-01 15:49:30,451 - HexagonalHedgeFund - INFO - main_hexagonal_container.py:52 - Starting hexagonal architecture application setup
2025-12-01 15:49:30,452 - HexagonalHedgeFund - INFO - main_hexagonal_container.py:169 - Application configured for development environment
2025-12-01 15:49:30,452 - HexagonalHedgeFund - INFO - main_hexagonal_container.py:170 - Enabled watchers: ['MarketPulse', 'Volatility', 'TrendMTF']
2025-12-01 15:49:30,452 - HexagonalHedgeFund - INFO - main_hexagonal_container.py:171 - Enabled engines: ['Trend', 'Volatility', 'Liquidity']
2025-12-01 15:49:55,788 - HexagonalHedgeFund - INFO - hexagonal_utils.py:152 - Event bus started
2025-12-01 15:49:55,797 - HexagonalHedgeFund - INFO - main_hexagonal_container.py:52 - Starting hexagonal architecture application setup
2025-12-01 15:49:55,797 - HexagonalHedgeFund - INFO - main_hexagonal_container.py:169 - Application configured for development environment
2025-12-01 15:49:55,797 - HexagonalHedgeFund - INFO - main_hexagonal_container.py:170 - Enabled watchers: ['MarketPulse', 'Volatility', 'TrendMTF']
2025-12-01 15:49:55,797 - HexagonalHedgeFund - INFO - main_hexagonal_container.py:171 - Enabled engines: ['Trend', 'Volatility', 'Liquidity']
2025-12-01 15:53:10,253 - HexagonalHedgeFund - INFO - hexagonal_utils.py:152 - Event bus started
2025-12-01 15:53:10,261 - HexagonalHedgeFund - INFO - main_hexagonal_container.py:52 - Starting hexagonal architecture application setup
2025-12-01 15:53:10,262 - HexagonalHedgeFund - INFO - main_hexagonal_container.py:169 - Application configured for development environment
2025-12-01 15:53:10,262 - HexagonalHedgeFund - INFO - main_hexagonal_container.py:170 - Enabled watchers: ['MarketPulse', 'Volatility', 'TrendMTF']
2025-12-01 15:53:10,262 - HexagonalHedgeFund - INFO - main_hexagonal_container.py:171 - Enabled engines: ['Trend', 'Volatility', 'Liquidity']
2025-12-01 16:02:52,660 - HexagonalHedgeFund - INFO - hexagonal_utils.py:152 - Event bus started
2025-12-01 16:03:16,867 - HexagonalHedgeFund - INFO - hexagonal_utils.py:152 - Event bus started
2025-12-01 16:03:35,017 - HexagonalHedgeFund - INFO - hexagonal_utils.py:152 - Event bus started
2025-12-01 16:03:35,069 - HexagonalHedgeFund - INFO - main_hexagonal_container.py:56 - Starting hexagonal architecture application setup
2025-12-01 16:04:18,593 - HexagonalHedgeFund - INFO - hexagonal_utils.py:152 - Event bus started
2025-12-01 16:04:35,197 - HexagonalHedgeFund - INFO - hexagonal_utils.py:152 - Event bus started
2025-12-01 16:04:55,351 - HexagonalHedgeFund - INFO - hexagonal_utils.py:152 - Event bus started
2025-12-01 16:04:55,377 - HexagonalHedgeFund - INFO - main_hexagonal_container.py:56 - Starting hexagonal architecture application setup
2025-12-01 16:05:40,974 - HexagonalHedgeFund - INFO - hexagonal_utils.py:152 - Event bus started
2025-12-01 16:05:40,997 - HexagonalHedgeFund - INFO - main_hexagonal_container.py:56 - Starting hexagonal architecture application setup
2025-12-01 16:05:40,998 - HexagonalHedgeFund - INFO - main_hexagonal_container.py:209 - Application configured for development environment
2025-12-01 16:05:40,998 - HexagonalHedgeFund - INFO - main_hexagonal_container.py:210 - Enabled watchers: ['MarketPulse', 'Volatility', 'TrendMTF']
2025-12-01 16:05:40,998 - HexagonalHedgeFund - INFO - main_hexagonal_container.py:211 - Enabled engines: ['Trend', 'Volatility', 'Liquidity']
2025-12-01 16:06:59,189 - HexagonalHedgeFund - INFO - hexagonal_utils.py:152 - Event bus started
2025-12-01 16:06:59,215 - HexagonalHedgeFund - INFO - main_hexagonal_container.py:56 - Starting hexagonal architecture application setup
2025-12-01 16:06:59,216 - HexagonalHedgeFund - INFO - main_hexagonal_container.py:209 - Application configured for development environment
2025-12-01 16:06:59,216 - HexagonalHedgeFund - INFO - main_hexagonal_container.py:210 - Enabled watchers: ['MarketPulse', 'Volatility', 'TrendMTF']
2025-12-01 16:06:59,216 - HexagonalHedgeFund - INFO - main_hexagonal_container.py:211 - Enabled engines: ['Trend', 'Volatility', 'Liquidity']
2025-12-01 16:08:29,527 - HexagonalHedgeFund - INFO - hexagonal_utils.py:152 - Event bus started
2025-12-01 16:08:29,546 - HexagonalHedgeFund - INFO - main_hexagonal_container.py:56 - Starting hexagonal architecture application setup
2025-12-01 16:08:29,547 - HexagonalHedgeFund - INFO - main_hexagonal_container.py:209 - Application configured for development environment
2025-12-01 16:08:29,547 - HexagonalHedgeFund - INFO - main_hexagonal_container.py:210 - Enabled watchers: ['MarketPulse', 'Volatility', 'TrendMTF']
2025-12-01 16:08:29,547 - HexagonalHedgeFund - INFO - main_hexagonal_container.py:211 - Enabled engines: ['Trend', 'Volatility', 'Liquidity']
2025-12-01 16:08:53,718 - HexagonalHedgeFund - INFO - hexagonal_utils.py:152 - Event bus started
2025-12-01 16:08:53,736 - HexagonalHedgeFund - INFO - main_hexagonal_container.py:56 - Starting hexagonal architecture application setup
2025-12-01 16:08:53,736 - HexagonalHedgeFund - INFO - main_hexagonal_container.py:209 - Application configured for development environment
2025-12-01 16:08:53,737 - HexagonalHedgeFund - INFO - main_hexagonal_container.py:210 - Enabled watchers: ['MarketPulse', 'Volatility', 'TrendMTF']
2025-12-01 16:08:53,737 - HexagonalHedgeFund - INFO - main_hexagonal_container.py:211 - Enabled engines: ['Trend', 'Volatility', 'Liquidity']
2025-12-01 17:20:49,514 - HexagonalHedgeFund - INFO - hexagonal_utils.py:152 - Event bus started
2025-12-01 17:20:49,514 - HexagonalHedgeFund - INFO - main_container.py:46 - Starting hexagonal architecture application setup
2025-12-01 17:21:24,263 - HexagonalHedgeFund - INFO - hexagonal_utils.py:152 - Event bus started
2025-12-01 17:21:24,263 - HexagonalHedgeFund - INFO - main_container.py:46 - Starting hexagonal architecture application setup
2025-12-01 17:21:24,316 - HexagonalHedgeFund - INFO - main_container.py:385 - Application configured for development environment
2025-12-01 17:21:24,316 - HexagonalHedgeFund - INFO - main_container.py:386 - Enabled watchers: ['MarketPulse', 'Volatility', 'TrendMTF']
2025-12-01 17:21:24,316 - HexagonalHedgeFund - INFO - main_container.py:387 - Enabled engines: ['Trend', 'Volatility', 'Liquidity']
2025-12-01 17:22:10,214 - HexagonalHedgeFund - INFO - hexagonal_utils.py:152 - Event bus started
2025-12-01 17:22:10,214 - HexagonalHedgeFund - INFO - main_container.py:46 - Starting hexagonal architecture application setup
2025-12-01 17:22:10,253 - HexagonalHedgeFund - INFO - main_container.py:385 - Application configured for development environment
2025-12-01 17:22:10,253 - HexagonalHedgeFund - INFO - main_container.py:386 - Enabled watchers: ['MarketPulse', 'Volatility', 'TrendMTF']
2025-12-01 17:22:10,253 - HexagonalHedgeFund - INFO - main_container.py:387 - Enabled engines: ['Trend', 'Volatility', 'Liquidity']
2025-12-01 17:26:52,071 - HexagonalHedgeFund - INFO - hexagonal_utils.py:152 - Event bus started
2025-12-01 17:28:22,951 - HexagonalHedgeFund - INFO - hexagonal_utils.py:152 - Event bus started
2025-12-01 17:28:24,193 - HexagonalHedgeFund - INFO - main_hexagonal_container.py:41 - Starting hexagonal architecture application setup
2025-12-01 17:28:43,386 - HexagonalHedgeFund - INFO - hexagonal_utils.py:152 - Event bus started
2025-12-01 17:28:44,462 - HexagonalHedgeFund - INFO - main_hexagonal_container.py:41 - Starting hexagonal architecture application setup
2025-12-01 17:28:56,131 - HexagonalHedgeFund - INFO - hexagonal_utils.py:152 - Event bus started
2025-12-01 17:28:57,186 - HexagonalHedgeFund - INFO - main_hexagonal_container.py:41 - Starting hexagonal architecture application setup
2025-12-01 17:28:57,187 - HexagonalHedgeFund - INFO - main_hexagonal_container.py:188 - Application configured for development environment
2025-12-01 17:28:57,187 - HexagonalHedgeFund - INFO - main_hexagonal_container.py:189 - Enabled watchers: ['MarketPulse', 'Volatility', 'TrendMTF']
2025-12-01 17:28:57,187 - HexagonalHedgeFund - INFO - main_hexagonal_container.py:190 - Enabled engines: ['Trend', 'Volatility', 'Liquidity']
2025-12-01 17:47:44,090 - HexagonalHedgeFund - INFO - hexagonal_utils.py:152 - Event bus started
2025-12-01 17:47:44,090 - HexagonalHedgeFund - INFO - main_container.py:46 - Starting hexagonal architecture application setup
2025-12-01 17:47:44,132 - HexagonalHedgeFund - INFO - main_container.py:385 - Application configured for development environment
2025-12-01 17:47:44,132 - HexagonalHedgeFund - INFO - main_container.py:386 - Enabled watchers: ['MarketPulse', 'Volatility', 'TrendMTF']
2025-12-01 17:47:44,132 - HexagonalHedgeFund - INFO - main_container.py:387 - Enabled engines: ['Trend', 'Volatility', 'Liquidity']
2025-12-01 17:47:44,152 - HexagonalHedgeFund - INFO - main_hexagonal_container.py:41 - Starting hexagonal architecture application setup
2025-12-01 17:47:44,153 - HexagonalHedgeFund - INFO - main_hexagonal_container.py:188 - Application configured for development environment
2025-12-01 17:47:44,153 - HexagonalHedgeFund - INFO - main_hexagonal_container.py:189 - Enabled watchers: ['MarketPulse', 'Volatility', 'TrendMTF']
2025-12-01 17:47:44,153 - HexagonalHedgeFund - INFO - main_hexagonal_container.py:190 - Enabled engines: ['Trend', 'Volatility', 'Liquidity']
2025-12-01 17:50:59,313 - HexagonalHedgeFund - INFO - hexagonal_utils.py:152 - Event bus started
2025-12-01 17:50:59,313 - HexagonalHedgeFund - INFO - main_container.py:46 - Starting hexagonal architecture application setup
2025-12-01 17:50:59,353 - HexagonalHedgeFund - INFO - main_container.py:385 - Application configured for development environment
2025-12-01 17:50:59,353 - HexagonalHedgeFund - INFO - main_container.py:386 - Enabled watchers: ['MarketPulse', 'Volatility', 'TrendMTF']
2025-12-01 17:50:59,353 - HexagonalHedgeFund - INFO - main_container.py:387 - Enabled engines: ['Trend', 'Volatility', 'Liquidity']
2025-12-01 17:50:59,382 - HexagonalHedgeFund - INFO - main_hexagonal_container.py:41 - Starting hexagonal architecture application setup
2025-12-01 17:50:59,382 - HexagonalHedgeFund - INFO - main_hexagonal_container.py:188 - Application configured for development environment
2025-12-01 17:50:59,382 - HexagonalHedgeFund - INFO - main_hexagonal_container.py:189 - Enabled watchers: ['MarketPulse', 'Volatility', 'TrendMTF']
2025-12-01 17:50:59,382 - HexagonalHedgeFund - INFO - main_hexagonal_container.py:190 - Enabled engines: ['Trend', 'Volatility', 'Liquidity']
2025-12-01 17:54:32,251 - HexagonalHedgeFund - INFO - hexagonal_utils.py:152 - Event bus started
2025-12-01 17:54:32,252 - HexagonalHedgeFund - INFO - main_container.py:46 - Starting hexagonal architecture application setup
2025-12-01 17:54:32,288 - HexagonalHedgeFund - INFO - main_container.py:385 - Application configured for development environment
2025-12-01 17:54:32,288 - HexagonalHedgeFund - INFO - main_container.py:386 - Enabled watchers: ['MarketPulse', 'Volatility', 'TrendMTF']
2025-12-01 17:54:32,288 - HexagonalHedgeFund - INFO - main_container.py:387 - Enabled engines: ['Trend', 'Volatility', 'Liquidity']
2025-12-01 17:54:32,311 - HexagonalHedgeFund - INFO - main_hexagonal_container.py:41 - Starting hexagonal architecture application setup
2025-12-01 17:54:32,312 - HexagonalHedgeFund - INFO - main_hexagonal_container.py:188 - Application configured for development environment
2025-12-01 17:54:32,312 - HexagonalHedgeFund - INFO - main_hexagonal_container.py:189 - Enabled watchers: ['MarketPulse', 'Volatility', 'TrendMTF']
2025-12-01 17:54:32,312 - HexagonalHedgeFund - INFO - main_hexagonal_container.py:190 - Enabled engines: ['Trend', 'Volatility', 'Liquidity']
2025-12-01 18:05:25,398 - HexagonalHedgeFund - INFO - hexagonal_utils.py:152 - Event bus started
2025-12-01 18:05:25,398 - HexagonalHedgeFund - INFO - main_container.py:46 - Starting hexagonal architecture application setup
2025-12-01 18:05:25,434 - HexagonalHedgeFund - INFO - main_container.py:385 - Application configured for development environment
2025-12-01 18:05:25,434 - HexagonalHedgeFund - INFO - main_container.py:386 - Enabled watchers: ['MarketPulse', 'Volatility', 'TrendMTF']
2025-12-01 18:05:25,434 - HexagonalHedgeFund - INFO - main_container.py:387 - Enabled engines: ['Trend', 'Volatility', 'Liquidity']
2025-12-01 18:05:28,184 - HexagonalHedgeFund - INFO - hexagonal_utils.py:152 - Event bus started
2025-12-01 18:05:29,462 - HexagonalHedgeFund - INFO - main_hexagonal_container.py:41 - Starting hexagonal architecture application setup
2025-12-01 18:05:29,462 - HexagonalHedgeFund - INFO - main_hexagonal_container.py:188 - Application configured for development environment
2025-12-01 18:05:29,462 - HexagonalHedgeFund - INFO - main_hexagonal_container.py:189 - Enabled watchers: ['MarketPulse', 'Volatility', 'TrendMTF']
2025-12-01 18:05:29,463 - HexagonalHedgeFund - INFO - main_hexagonal_container.py:190 - Enabled engines: ['Trend', 'Volatility', 'Liquidity']
2025-12-01 18:08:25,369 - HexagonalHedgeFund - INFO - hexagonal_utils.py:152 - Event bus started
2025-12-01 18:08:25,370 - HexagonalHedgeFund - INFO - main_container.py:46 - Starting hexagonal architecture application setup
2025-12-01 18:08:25,403 - HexagonalHedgeFund - INFO - main_container.py:385 - Application configured for development environment
2025-12-01 18:08:25,403 - HexagonalHedgeFund - INFO - main_container.py:386 - Enabled watchers: ['MarketPulse', 'Volatility', 'TrendMTF']
2025-12-01 18:08:25,403 - HexagonalHedgeFund - INFO - main_container.py:387 - Enabled engines: ['Trend', 'Volatility', 'Liquidity']
2025-12-01 18:08:28,449 - HexagonalHedgeFund - INFO - hexagonal_utils.py:152 - Event bus started
2025-12-01 18:08:29,518 - HexagonalHedgeFund - INFO - main_hexagonal_container.py:41 - Starting hexagonal architecture application setup
2025-12-01 18:08:29,519 - HexagonalHedgeFund - INFO - main_hexagonal_container.py:188 - Application configured for development environment
2025-12-01 18:08:29,519 - HexagonalHedgeFund - INFO - main_hexagonal_container.py:189 - Enabled watchers: ['MarketPulse', 'Volatility', 'TrendMTF']
2025-12-01 18:08:29,519 - HexagonalHedgeFund - INFO - main_hexagonal_container.py:190 - Enabled engines: ['Trend', 'Volatility', 'Liquidity']
2025-12-01 18:18:16,261 - HexagonalHedgeFund - INFO - hexagonal_utils.py:152 - Event bus started
2025-12-01 18:18:16,262 - HexagonalHedgeFund - INFO - main_container.py:46 - Starting hexagonal architecture application setup
2025-12-01 18:18:16,296 - HexagonalHedgeFund - INFO - main_container.py:385 - Application configured for development environment
2025-12-01 18:18:16,296 - HexagonalHedgeFund - INFO - main_container.py:386 - Enabled watchers: ['MarketPulse', 'Volatility', 'TrendMTF']
2025-12-01 18:18:16,297 - HexagonalHedgeFund - INFO - main_container.py:387 - Enabled engines: ['Trend', 'Volatility', 'Liquidity']
2025-12-01 18:18:19,423 - HexagonalHedgeFund - INFO - hexagonal_utils.py:152 - Event bus started
2025-12-01 18:18:20,473 - HexagonalHedgeFund - INFO - main_hexagonal_container.py:41 - Starting hexagonal architecture application setup
2025-12-01 18:18:20,473 - HexagonalHedgeFund - INFO - main_hexagonal_container.py:188 - Application configured for development environment
2025-12-01 18:18:20,473 - HexagonalHedgeFund - INFO - main_hexagonal_container.py:189 - Enabled watchers: ['MarketPulse', 'Volatility', 'TrendMTF']
2025-12-01 18:18:20,473 - HexagonalHedgeFund - INFO - main_hexagonal_container.py:190 - Enabled engines: ['Trend', 'Volatility', 'Liquidity']
2025-12-01 18:19:41,579 - HexagonalHedgeFund - INFO - hexagonal_utils.py:152 - Event bus started
2025-12-01 18:19:41,579 - HexagonalHedgeFund - INFO - main_container.py:46 - Starting hexagonal architecture application setup
2025-12-01 18:19:41,613 - HexagonalHedgeFund - INFO - main_container.py:385 - Application configured for development environment
2025-12-01 18:19:41,614 - HexagonalHedgeFund - INFO - main_container.py:386 - Enabled watchers: ['MarketPulse', 'Volatility', 'TrendMTF']
2025-12-01 18:19:41,614 - HexagonalHedgeFund - INFO - main_container.py:387 - Enabled engines: ['Trend', 'Volatility', 'Liquidity']
2025-12-01 18:19:44,606 - HexagonalHedgeFund - INFO - hexagonal_utils.py:152 - Event bus started
2025-12-01 18:19:45,769 - HexagonalHedgeFund - INFO - main_hexagonal_container.py:41 - Starting hexagonal architecture application setup
2025-12-01 18:19:45,770 - HexagonalHedgeFund - INFO - main_hexagonal_container.py:188 - Application configured for development environment
2025-12-01 18:19:45,770 - HexagonalHedgeFund - INFO - main_hexagonal_container.py:189 - Enabled watchers: ['MarketPulse', 'Volatility', 'TrendMTF']
2025-12-01 18:19:45,770 - HexagonalHedgeFund - INFO - main_hexagonal_container.py:190 - Enabled engines: ['Trend', 'Volatility', 'Liquidity']
2025-12-01 18:20:15,899 - HexagonalHedgeFund - INFO - hexagonal_utils.py:152 - Event bus started
2025-12-01 18:20:15,899 - HexagonalHedgeFund - INFO - main_container.py:46 - Starting hexagonal architecture application setup
2025-12-01 18:20:15,934 - HexagonalHedgeFund - INFO - main_container.py:385 - Application configured for development environment
2025-12-01 18:20:15,934 - HexagonalHedgeFund - INFO - main_container.py:386 - Enabled watchers: ['MarketPulse', 'Volatility', 'TrendMTF']
2025-12-01 18:20:15,934 - HexagonalHedgeFund - INFO - main_container.py:387 - Enabled engines: ['Trend', 'Volatility', 'Liquidity']
2025-12-01 18:24:33,852 - HexagonalHedgeFund - INFO - hexagonal_utils.py:152 - Event bus started
2025-12-01 18:24:33,853 - HexagonalHedgeFund - INFO - main_container.py:46 - Starting hexagonal architecture application setup
2025-12-01 18:24:33,891 - HexagonalHedgeFund - INFO - main_container.py:385 - Application configured for development environment
2025-12-01 18:24:33,891 - HexagonalHedgeFund - INFO - main_container.py:386 - Enabled watchers: ['MarketPulse', 'Volatility', 'TrendMTF']
2025-12-01 18:24:33,892 - HexagonalHedgeFund - INFO - main_container.py:387 - Enabled engines: ['Trend', 'Volatility', 'Liquidity']
2025-12-01 18:24:36,854 - HexagonalHedgeFund - INFO - hexagonal_utils.py:152 - Event bus started
2025-12-01 18:24:38,014 - HexagonalHedgeFund - INFO - main_hexagonal_container.py:41 - Starting hexagonal architecture application setup
2025-12-01 18:24:38,015 - HexagonalHedgeFund - INFO - main_hexagonal_container.py:188 - Application configured for development environment
2025-12-01 18:24:38,015 - HexagonalHedgeFund - INFO - main_hexagonal_container.py:189 - Enabled watchers: ['MarketPulse', 'Volatility', 'TrendMTF']
2025-12-01 18:24:38,015 - HexagonalHedgeFund - INFO - main_hexagonal_container.py:190 - Enabled engines: ['Trend', 'Volatility', 'Liquidity']
2025-12-01 18:46:51,588 - HexagonalHedgeFund - INFO - hexagonal_utils.py:152 - Event bus started
2025-12-01 18:46:52,677 - HexagonalHedgeFund - INFO - main_hexagonal_container.py:44 - Starting hexagonal architecture application setup
2025-12-01 18:46:52,677 - HexagonalHedgeFund - INFO - main_hexagonal_container.py:191 - Application configured for development environment
2025-12-01 18:46:52,677 - HexagonalHedgeFund - INFO - main_hexagonal_container.py:192 - Enabled watchers: ['MarketPulse', 'Volatility', 'TrendMTF']
2025-12-01 18:46:52,677 - HexagonalHedgeFund - INFO - main_hexagonal_container.py:193 - Enabled engines: ['Trend', 'Volatility', 'Liquidity']
2025-12-01 18:46:52,677 - HexagonalHedgeFund - INFO - main_hexagonal_container.py:44 - Starting hexagonal architecture application setup
2025-12-01 18:46:52,678 - HexagonalHedgeFund - INFO - main_hexagonal_container.py:191 - Application configured for development environment
2025-12-01 18:46:52,678 - HexagonalHedgeFund - INFO - main_hexagonal_container.py:192 - Enabled watchers: ['MarketPulse', 'Volatility', 'TrendMTF']
2025-12-01 18:46:52,678 - HexagonalHedgeFund - INFO - main_hexagonal_container.py:193 - Enabled engines: ['Trend', 'Volatility', 'Liquidity']
2025-12-01 19:12:17,104 - HexagonalHedgeFund - INFO - hexagonal_utils.py:152 - Event bus started
2025-12-01 19:12:18,228 - HexagonalHedgeFund - INFO - main_hexagonal_container.py:44 - Starting hexagonal architecture application setup
2025-12-01 19:12:18,229 - HexagonalHedgeFund - INFO - main_hexagonal_container.py:191 - Application configured for development environment
2025-12-01 19:12:18,229 - HexagonalHedgeFund - INFO - main_hexagonal_container.py:192 - Enabled watchers: ['MarketPulse', 'Volatility', 'TrendMTF']
2025-12-01 19:12:18,229 - HexagonalHedgeFund - INFO - main_hexagonal_container.py:193 - Enabled engines: ['Trend', 'Volatility', 'Liquidity']
2025-12-01 19:12:18,229 - HexagonalHedgeFund - INFO - main_hexagonal_container.py:44 - Starting hexagonal architecture application setup
2025-12-01 19:12:18,230 - HexagonalHedgeFund - INFO - main_hexagonal_container.py:191 - Application configured for development environment
2025-12-01 19:12:18,230 - HexagonalHedgeFund - INFO - main_hexagonal_container.py:192 - Enabled watchers: ['MarketPulse', 'Volatility', 'TrendMTF']
2025-12-01 19:12:18,230 - HexagonalHedgeFund - INFO - main_hexagonal_container.py:193 - Enabled engines: ['Trend', 'Volatility', 'Liquidity']
2025-12-01 19:15:24,893 - HexagonalHedgeFund - INFO - hexagonal_utils.py:152 - Event bus started
2025-12-01 19:15:24,948 - HexagonalHedgeFund - INFO - main_hexagonal_container.py:44 - Starting hexagonal architecture application setup
2025-12-01 19:15:24,948 - HexagonalHedgeFund - INFO - main_hexagonal_container.py:191 - Application configured for development environment
2025-12-01 19:15:24,948 - HexagonalHedgeFund - INFO - main_hexagonal_container.py:192 - Enabled watchers: ['MarketPulse', 'Volatility', 'TrendMTF']
2025-12-01 19:15:24,948 - HexagonalHedgeFund - INFO - main_hexagonal_container.py:193 - Enabled engines: ['Trend', 'Volatility', 'Liquidity']
2025-12-01 19:16:45,284 - HexagonalHedgeFund - INFO - hexagonal_utils.py:152 - Event bus started
2025-12-01 19:16:46,298 - HexagonalHedgeFund - INFO - main_hexagonal_container.py:44 - Starting hexagonal architecture application setup
2025-12-01 19:16:46,299 - HexagonalHedgeFund - INFO - main_hexagonal_container.py:191 - Application configured for development environment
2025-12-01 19:16:46,299 - HexagonalHedgeFund - INFO - main_hexagonal_container.py:192 - Enabled watchers: ['MarketPulse', 'Volatility', 'TrendMTF']
2025-12-01 19:16:46,299 - HexagonalHedgeFund - INFO - main_hexagonal_container.py:193 - Enabled engines: ['Trend', 'Volatility', 'Liquidity']
2025-12-01 19:16:46,299 - HexagonalHedgeFund - INFO - main_hexagonal_container.py:44 - Starting hexagonal architecture application setup
2025-12-01 19:16:46,300 - HexagonalHedgeFund - INFO - main_hexagonal_container.py:191 - Application configured for development environment
2025-12-01 19:16:46,300 - HexagonalHedgeFund - INFO - main_hexagonal_container.py:192 - Enabled watchers: ['MarketPulse', 'Volatility', 'TrendMTF']
2025-12-01 19:16:46,300 - HexagonalHedgeFund - INFO - main_hexagonal_container.py:193 - Enabled engines: ['Trend', 'Volatility', 'Liquidity']
2025-12-01 19:16:56,471 - HexagonalHedgeFund - INFO - hexagonal_utils.py:152 - Event bus started
2025-12-01 19:16:56,527 - HexagonalHedgeFund - INFO - main_hexagonal_container.py:44 - Starting hexagonal architecture application setup
2025-12-01 19:16:56,528 - HexagonalHedgeFund - INFO - main_hexagonal_container.py:191 - Application configured for development environment
2025-12-01 19:16:56,528 - HexagonalHedgeFund - INFO - main_hexagonal_container.py:192 - Enabled watchers: ['MarketPulse', 'Volatility', 'TrendMTF']
2025-12-01 19:16:56,528 - HexagonalHedgeFund - INFO - main_hexagonal_container.py:193 - Enabled engines: ['Trend', 'Volatility', 'Liquidity']
2025-12-01 19:18:13,216 - HexagonalHedgeFund - INFO - hexagonal_utils.py:152 - Event bus started
2025-12-01 19:18:13,273 - HexagonalHedgeFund - INFO - main_hexagonal_container.py:44 - Starting hexagonal architecture application setup
2025-12-01 19:18:13,274 - HexagonalHedgeFund - INFO - main_hexagonal_container.py:191 - Application configured for development environment
2025-12-01 19:18:13,274 - HexagonalHedgeFund - INFO - main_hexagonal_container.py:192 - Enabled watchers: ['MarketPulse', 'Volatility', 'TrendMTF']
2025-12-01 19:18:13,274 - HexagonalHedgeFund - INFO - main_hexagonal_container.py:193 - Enabled engines: ['Trend', 'Volatility', 'Liquidity']
2025-12-01 19:31:52,482 - HexagonalHedgeFund - INFO - hexagonal_utils.py:152 - Event bus started
2025-12-01 19:31:53,525 - HexagonalHedgeFund - INFO - main_hexagonal_container.py:44 - Starting hexagonal architecture application setup
2025-12-01 19:31:53,525 - HexagonalHedgeFund - INFO - main_hexagonal_container.py:191 - Application configured for development environment
2025-12-01 19:31:53,526 - HexagonalHedgeFund - INFO - main_hexagonal_container.py:192 - Enabled watchers: ['MarketPulse', 'Volatility', 'TrendMTF']
2025-12-01 19:31:53,526 - HexagonalHedgeFund - INFO - main_hexagonal_container.py:193 - Enabled engines: ['Trend', 'Volatility', 'Liquidity']
2025-12-01 19:35:35,146 - HexagonalHedgeFund - INFO - hexagonal_utils.py:152 - Event bus started
2025-12-01 19:35:35,188 - HexagonalHedgeFund - INFO - main_hexagonal_container.py:44 - Starting hexagonal architecture application setup
2025-12-01 19:35:35,189 - HexagonalHedgeFund - INFO - main_hexagonal_container.py:191 - Application configured for development environment
2025-12-01 19:35:35,189 - HexagonalHedgeFund - INFO - main_hexagonal_container.py:192 - Enabled watchers: ['MarketPulse', 'Volatility', 'TrendMTF']
2025-12-01 19:35:35,189 - HexagonalHedgeFund - INFO - main_hexagonal_container.py:193 - Enabled engines: ['Trend', 'Volatility', 'Liquidity']
2025-12-01 19:35:35,189 - HexagonalHedgeFund - INFO - main_hexagonal_container.py:44 - Starting hexagonal architecture application setup
2025-12-01 19:35:35,189 - HexagonalHedgeFund - INFO - main_hexagonal_container.py:191 - Application configured for development environment
2025-12-01 19:35:35,189 - HexagonalHedgeFund - INFO - main_hexagonal_container.py:192 - Enabled watchers: ['MarketPulse', 'Volatility', 'TrendMTF']
2025-12-01 19:35:35,189 - HexagonalHedgeFund - INFO - main_hexagonal_container.py:193 - Enabled engines: ['Trend', 'Volatility', 'Liquidity']
2025-12-01 19:35:57,033 - HexagonalHedgeFund - INFO - hexagonal_utils.py:152 - Event bus started
2025-12-01 19:35:57,078 - HexagonalHedgeFund - INFO - main_hexagonal_container.py:44 - Starting hexagonal architecture application setup
2025-12-01 19:35:57,078 - HexagonalHedgeFund - INFO - main_hexagonal_container.py:191 - Application configured for development environment
2025-12-01 19:35:57,078 - HexagonalHedgeFund - INFO - main_hexagonal_container.py:192 - Enabled watchers: ['MarketPulse', 'Volatility', 'TrendMTF']
2025-12-01 19:35:57,078 - HexagonalHedgeFund - INFO - main_hexagonal_container.py:193 - Enabled engines: ['Trend', 'Volatility', 'Liquidity']
2025-12-01 19:35:57,078 - HexagonalHedgeFund - INFO - main_hexagonal_container.py:44 - Starting hexagonal architecture application setup
2025-12-01 19:35:57,079 - HexagonalHedgeFund - INFO - main_hexagonal_container.py:191 - Application configured for development environment
2025-12-01 19:35:57,079 - HexagonalHedgeFund - INFO - main_hexagonal_container.py:192 - Enabled watchers: ['MarketPulse', 'Volatility', 'TrendMTF']
2025-12-01 19:35:57,079 - HexagonalHedgeFund - INFO - main_hexagonal_container.py:193 - Enabled engines: ['Trend', 'Volatility', 'Liquidity']
2025-12-01 19:36:54,790 - HexagonalHedgeFund - INFO - hexagonal_utils.py:152 - Event bus started
2025-12-01 19:36:54,831 - HexagonalHedgeFund - INFO - main_hexagonal_container.py:44 - Starting hexagonal architecture application setup
2025-12-01 19:36:54,832 - HexagonalHedgeFund - INFO - main_hexagonal_container.py:191 - Application configured for development environment
2025-12-01 19:36:54,832 - HexagonalHedgeFund - INFO - main_hexagonal_container.py:192 - Enabled watchers: ['MarketPulse', 'Volatility', 'TrendMTF']
2025-12-01 19:36:54,832 - HexagonalHedgeFund - INFO - main_hexagonal_container.py:193 - Enabled engines: ['Trend', 'Volatility', 'Liquidity']
2025-12-01 19:36:54,832 - HexagonalHedgeFund - INFO - main_hexagonal_container.py:44 - Starting hexagonal architecture application setup
2025-12-01 19:36:54,832 - HexagonalHedgeFund - INFO - main_hexagonal_container.py:191 - Application configured for development environment
2025-12-01 19:36:54,832 - HexagonalHedgeFund - INFO - main_hexagonal_container.py:192 - Enabled watchers: ['MarketPulse', 'Volatility', 'TrendMTF']
2025-12-01 19:36:54,833 - HexagonalHedgeFund - INFO - main_hexagonal_container.py:193 - Enabled engines: ['Trend', 'Volatility', 'Liquidity']
2025-12-01 19:37:16,799 - HexagonalHedgeFund - INFO - hexagonal_utils.py:152 - Event bus started
2025-12-01 19:37:16,843 - HexagonalHedgeFund - INFO - main_hexagonal_container.py:44 - Starting hexagonal architecture application setup
2025-12-01 19:37:16,844 - HexagonalHedgeFund - INFO - main_hexagonal_container.py:191 - Application configured for development environment
2025-12-01 19:37:16,844 - HexagonalHedgeFund - INFO - main_hexagonal_container.py:192 - Enabled watchers: ['MarketPulse', 'Volatility', 'TrendMTF']
2025-12-01 19:37:16,844 - HexagonalHedgeFund - INFO - main_hexagonal_container.py:193 - Enabled engines: ['Trend', 'Volatility', 'Liquidity']
2025-12-01 19:37:16,844 - HexagonalHedgeFund - INFO - main_hexagonal_container.py:44 - Starting hexagonal architecture application setup
2025-12-01 19:37:16,844 - HexagonalHedgeFund - INFO - main_hexagonal_container.py:191 - Application configured for development environment
2025-12-01 19:37:16,844 - HexagonalHedgeFund - INFO - main_hexagonal_container.py:192 - Enabled watchers: ['MarketPulse', 'Volatility', 'TrendMTF']
2025-12-01 19:37:16,844 - HexagonalHedgeFund - INFO - main_hexagonal_container.py:193 - Enabled engines: ['Trend', 'Volatility', 'Liquidity']
2025-12-01 19:37:56,570 - HexagonalHedgeFund - INFO - hexagonal_utils.py:152 - Event bus started
2025-12-01 19:37:56,614 - HexagonalHedgeFund - INFO - main_hexagonal_container.py:44 - Starting hexagonal architecture application setup
2025-12-01 19:37:56,615 - HexagonalHedgeFund - INFO - main_hexagonal_container.py:191 - Application configured for development environment
2025-12-01 19:37:56,615 - HexagonalHedgeFund - INFO - main_hexagonal_container.py:192 - Enabled watchers: ['MarketPulse', 'Volatility', 'TrendMTF']
2025-12-01 19:37:56,615 - HexagonalHedgeFund - INFO - main_hexagonal_container.py:193 - Enabled engines: ['Trend', 'Volatility', 'Liquidity']
2025-12-01 19:37:56,615 - HexagonalHedgeFund - INFO - main_hexagonal_container.py:44 - Starting hexagonal architecture application setup
2025-12-01 19:37:56,616 - HexagonalHedgeFund - INFO - main_hexagonal_container.py:191 - Application configured for development environment
2025-12-01 19:37:56,616 - HexagonalHedgeFund - INFO - main_hexagonal_container.py:192 - Enabled watchers: ['MarketPulse', 'Volatility', 'TrendMTF']
2025-12-01 19:37:56,616 - HexagonalHedgeFund - INFO - main_hexagonal_container.py:193 - Enabled engines: ['Trend', 'Volatility', 'Liquidity']
2025-12-01 19:52:11,650 - HexagonalHedgeFund - INFO - hexagonal_utils.py:152 - Event bus started
2025-12-01 19:52:12,945 - HexagonalHedgeFund - INFO - main_hexagonal_container.py:50 - Starting hexagonal architecture application setup
2025-12-01 19:52:33,723 - HexagonalHedgeFund - INFO - hexagonal_utils.py:152 - Event bus started
2025-12-01 19:52:34,897 - HexagonalHedgeFund - INFO - main_hexagonal_container.py:50 - Starting hexagonal architecture application setup
2025-12-01 19:53:21,911 - HexagonalHedgeFund - INFO - hexagonal_utils.py:152 - Event bus started
2025-12-01 19:53:23,208 - HexagonalHedgeFund - INFO - main_hexagonal_container.py:50 - Starting hexagonal architecture application setup
2025-12-01 19:53:48,984 - HexagonalHedgeFund - INFO - hexagonal_utils.py:152 - Event bus started
2025-12-01 19:53:50,214 - HexagonalHedgeFund - INFO - main_hexagonal_container.py:50 - Starting hexagonal architecture application setup
2025-12-01 19:57:05,029 - HexagonalHedgeFund - INFO - hexagonal_utils.py:152 - Event bus started
2025-12-01 19:57:06,121 - HexagonalHedgeFund - INFO - main_hexagonal_container.py:50 - Starting hexagonal architecture application setup
2025-12-01 19:58:10,437 - HexagonalHedgeFund - INFO - hexagonal_utils.py:152 - Event bus started
2025-12-01 19:58:11,603 - HexagonalHedgeFund - INFO - main_hexagonal_container.py:50 - Starting hexagonal architecture application setup
2025-12-01 19:58:11,608 - HexagonalHedgeFund - INFO - main_hexagonal_container.py:292 - Application configured for development environment
2025-12-01 19:58:11,608 - HexagonalHedgeFund - INFO - main_hexagonal_container.py:293 - Enabled watchers: ['MarketPulse', 'Volatility', 'TrendMTF']
2025-12-01 19:58:11,608 - HexagonalHedgeFund - INFO - main_hexagonal_container.py:294 - Enabled engines: ['Trend', 'Volatility', 'Liquidity']
2025-12-01 19:58:11,609 - HexagonalHedgeFund - INFO - main_hexagonal_container.py:50 - Starting hexagonal architecture application setup
2025-12-01 19:58:11,609 - HexagonalHedgeFund - INFO - main_hexagonal_container.py:292 - Application configured for development environment
2025-12-01 19:58:11,609 - HexagonalHedgeFund - INFO - main_hexagonal_container.py:293 - Enabled watchers: ['MarketPulse', 'Volatility', 'TrendMTF']
2025-12-01 19:58:11,609 - HexagonalHedgeFund - INFO - main_hexagonal_container.py:294 - Enabled engines: ['Trend', 'Volatility', 'Liquidity']
2025-12-01 19:58:28,908 - HexagonalHedgeFund - INFO - hexagonal_utils.py:152 - Event bus started
2025-12-01 19:58:30,802 - HexagonalHedgeFund - INFO - main_hexagonal_container.py:50 - Starting hexagonal architecture application setup
2025-12-01 19:58:30,808 - HexagonalHedgeFund - INFO - main_hexagonal_container.py:292 - Application configured for development environment
2025-12-01 19:58:30,809 - HexagonalHedgeFund - INFO - main_hexagonal_container.py:293 - Enabled watchers: ['MarketPulse', 'Volatility', 'TrendMTF']
2025-12-01 19:58:30,809 - HexagonalHedgeFund - INFO - main_hexagonal_container.py:294 - Enabled engines: ['Trend', 'Volatility', 'Liquidity']
2025-12-01 19:58:30,809 - HexagonalHedgeFund - INFO - main_hexagonal_container.py:50 - Starting hexagonal architecture application setup
2025-12-01 19:58:30,810 - HexagonalHedgeFund - INFO - main_hexagonal_container.py:292 - Application configured for development environment
2025-12-01 19:58:30,810 - HexagonalHedgeFund - INFO - main_hexagonal_container.py:293 - Enabled watchers: ['MarketPulse', 'Volatility', 'TrendMTF']
2025-12-01 19:58:30,810 - HexagonalHedgeFund - INFO - main_hexagonal_container.py:294 - Enabled engines: ['Trend', 'Volatility', 'Liquidity']
2025-12-01 20:00:08,527 - HexagonalHedgeFund - INFO - hexagonal_utils.py:152 - Event bus started
2025-12-01 20:00:10,254 - HexagonalHedgeFund - INFO - main_hexagonal_container.py:50 - Starting hexagonal architecture application setup
2025-12-01 20:01:08,095 - HexagonalHedgeFund - INFO - hexagonal_utils.py:152 - Event bus started
2025-12-01 20:01:10,030 - HexagonalHedgeFund - INFO - main_hexagonal_container.py:50 - Starting hexagonal architecture application setup
2025-12-01 20:01:10,039 - HexagonalHedgeFund - INFO - main_hexagonal_container.py:312 - Application configured for development environment
2025-12-01 20:01:10,039 - HexagonalHedgeFund - INFO - main_hexagonal_container.py:313 - Enabled watchers: ['MarketPulse', 'Volatility', 'TrendMTF']
2025-12-01 20:01:10,039 - HexagonalHedgeFund - INFO - main_hexagonal_container.py:314 - Enabled engines: ['Trend', 'Volatility', 'Liquidity']
2025-12-01 20:01:10,039 - HexagonalHedgeFund - INFO - main_hexagonal_container.py:50 - Starting hexagonal architecture application setup
2025-12-01 20:01:10,040 - HexagonalHedgeFund - INFO - main_hexagonal_container.py:312 - Application configured for development environment
2025-12-01 20:01:10,040 - HexagonalHedgeFund - INFO - main_hexagonal_container.py:313 - Enabled watchers: ['MarketPulse', 'Volatility', 'TrendMTF']
2025-12-01 20:01:10,040 - HexagonalHedgeFund - INFO - main_hexagonal_container.py:314 - Enabled engines: ['Trend', 'Volatility', 'Liquidity']
2025-12-01 20:01:16,061 - HexagonalHedgeFund - INFO - hexagonal_utils.py:152 - Event bus started
2025-12-01 20:01:17,454 - HexagonalHedgeFund - INFO - main_hexagonal_container.py:50 - Starting hexagonal architecture application setup
2025-12-01 20:01:17,461 - HexagonalHedgeFund - INFO - main_hexagonal_container.py:312 - Application configured for development environment
2025-12-01 20:01:17,461 - HexagonalHedgeFund - INFO - main_hexagonal_container.py:313 - Enabled watchers: ['MarketPulse', 'Volatility', 'TrendMTF']
2025-12-01 20:01:17,461 - HexagonalHedgeFund - INFO - main_hexagonal_container.py:314 - Enabled engines: ['Trend', 'Volatility', 'Liquidity']
2025-12-01 20:01:17,461 - HexagonalHedgeFund - INFO - main_hexagonal_container.py:50 - Starting hexagonal architecture application setup
2025-12-01 20:01:17,462 - HexagonalHedgeFund - INFO - main_hexagonal_container.py:312 - Application configured for development environment
2025-12-01 20:01:17,462 - HexagonalHedgeFund - INFO - main_hexagonal_container.py:313 - Enabled watchers: ['MarketPulse', 'Volatility', 'TrendMTF']
2025-12-01 20:01:17,462 - HexagonalHedgeFund - INFO - main_hexagonal_container.py:314 - Enabled engines: ['Trend', 'Volatility', 'Liquidity']
2025-12-01 20:11:59,937 - HexagonalHedgeFund - INFO - hexagonal_utils.py:152 - Event bus started
2025-12-01 20:12:01,709 - HexagonalHedgeFund - INFO - main_hexagonal_container.py:50 - Starting hexagonal architecture application setup
2025-12-01 20:14:25,935 - HexagonalHedgeFund - INFO - hexagonal_utils.py:152 - Event bus started
2025-12-01 20:14:28,113 - HexagonalHedgeFund - INFO - main_hexagonal_container.py:50 - Starting hexagonal architecture application setup
2025-12-01 20:14:28,168 - HexagonalHedgeFund - INFO - main_hexagonal_container.py:351 - Application configured for development environment
2025-12-01 20:14:28,168 - HexagonalHedgeFund - INFO - main_hexagonal_container.py:352 - Enabled watchers: ['MarketPulse', 'Volatility', 'TrendMTF']
2025-12-01 20:14:28,168 - HexagonalHedgeFund - INFO - main_hexagonal_container.py:353 - Enabled engines: ['Trend', 'Volatility', 'Liquidity']
2025-12-01 20:14:28,168 - HexagonalHedgeFund - INFO - main_hexagonal_container.py:50 - Starting hexagonal architecture application setup
2025-12-01 20:14:28,169 - HexagonalHedgeFund - INFO - main_hexagonal_container.py:351 - Application configured for development environment
2025-12-01 20:14:28,169 - HexagonalHedgeFund - INFO - main_hexagonal_container.py:352 - Enabled watchers: ['MarketPulse', 'Volatility', 'TrendMTF']
2025-12-01 20:14:28,170 - HexagonalHedgeFund - INFO - main_hexagonal_container.py:353 - Enabled engines: ['Trend', 'Volatility', 'Liquidity']
2025-12-01 20:14:46,922 - HexagonalHedgeFund - INFO - hexagonal_utils.py:152 - Event bus started
2025-12-01 20:14:48,674 - HexagonalHedgeFund - INFO - main_hexagonal_container.py:50 - Starting hexagonal architecture application setup
2025-12-01 20:14:48,696 - HexagonalHedgeFund - INFO - main_hexagonal_container.py:351 - Application configured for development environment
2025-12-01 20:14:48,697 - HexagonalHedgeFund - INFO - main_hexagonal_container.py:352 - Enabled watchers: ['MarketPulse', 'Volatility', 'TrendMTF']
2025-12-01 20:14:48,697 - HexagonalHedgeFund - INFO - main_hexagonal_container.py:353 - Enabled engines: ['Trend', 'Volatility', 'Liquidity']
2025-12-01 20:14:48,697 - HexagonalHedgeFund - INFO - main_hexagonal_container.py:50 - Starting hexagonal architecture application setup
2025-12-01 20:14:48,697 - HexagonalHedgeFund - INFO - main_hexagonal_container.py:351 - Application configured for development environment
2025-12-01 20:14:48,697 - HexagonalHedgeFund - INFO - main_hexagonal_container.py:352 - Enabled watchers: ['MarketPulse', 'Volatility', 'TrendMTF']
2025-12-01 20:14:48,697 - HexagonalHedgeFund - INFO - main_hexagonal_container.py:353 - Enabled engines: ['Trend', 'Volatility', 'Liquidity']
2025-12-01 20:18:27,385 - HexagonalHedgeFund - INFO - hexagonal_utils.py:152 - Event bus started
2025-12-01 20:18:29,606 - HexagonalHedgeFund - INFO - main_hexagonal_container.py:50 - Starting hexagonal architecture application setup
2025-12-01 20:18:29,628 - HexagonalHedgeFund - INFO - main_hexagonal_container.py:379 - Application configured for development environment
2025-12-01 20:18:29,629 - HexagonalHedgeFund - INFO - main_hexagonal_container.py:380 - Enabled watchers: ['MarketPulse', 'Volatility', 'TrendMTF']
2025-12-01 20:18:29,629 - HexagonalHedgeFund - INFO - main_hexagonal_container.py:381 - Enabled engines: ['Trend', 'Volatility', 'Liquidity']
2025-12-01 20:18:29,629 - HexagonalHedgeFund - INFO - main_hexagonal_container.py:50 - Starting hexagonal architecture application setup
2025-12-01 20:18:29,630 - HexagonalHedgeFund - INFO - main_hexagonal_container.py:379 - Application configured for development environment
2025-12-01 20:18:29,630 - HexagonalHedgeFund - INFO - main_hexagonal_container.py:380 - Enabled watchers: ['MarketPulse', 'Volatility', 'TrendMTF']
2025-12-01 20:18:29,630 - HexagonalHedgeFund - INFO - main_hexagonal_container.py:381 - Enabled engines: ['Trend', 'Volatility', 'Liquidity']
2025-12-01 20:19:00,936 - HexagonalHedgeFund - INFO - hexagonal_utils.py:152 - Event bus started
2025-12-01 20:19:02,705 - HexagonalHedgeFund - INFO - main_hexagonal_container.py:50 - Starting hexagonal architecture application setup
2025-12-01 20:19:02,723 - HexagonalHedgeFund - INFO - main_hexagonal_container.py:379 - Application configured for development environment
2025-12-01 20:19:02,723 - HexagonalHedgeFund - INFO - main_hexagonal_container.py:380 - Enabled watchers: ['MarketPulse', 'Volatility', 'TrendMTF']
2025-12-01 20:19:02,723 - HexagonalHedgeFund - INFO - main_hexagonal_container.py:381 - Enabled engines: ['Trend', 'Volatility', 'Liquidity']
2025-12-01 20:19:02,723 - HexagonalHedgeFund - INFO - main_hexagonal_container.py:50 - Starting hexagonal architecture application setup
2025-12-01 20:19:02,723 - HexagonalHedgeFund - INFO - main_hexagonal_container.py:379 - Application configured for development environment
2025-12-01 20:19:02,723 - HexagonalHedgeFund - INFO - main_hexagonal_container.py:380 - Enabled watchers: ['MarketPulse', 'Volatility', 'TrendMTF']
2025-12-01 20:19:02,723 - HexagonalHedgeFund - INFO - main_hexagonal_container.py:381 - Enabled engines: ['Trend', 'Volatility', 'Liquidity']
2025-12-01 20:28:54,633 - HexagonalHedgeFund - INFO - hexagonal_utils.py:152 - Event bus started
2025-12-01 20:30:03,618 - HexagonalHedgeFund - INFO - hexagonal_utils.py:152 - Event bus started
2025-12-01 20:30:05,341 - HexagonalHedgeFund - INFO - main_hexagonal_container.py:50 - Starting hexagonal architecture application setup
2025-12-01 20:30:05,362 - HexagonalHedgeFund - INFO - main_hexagonal_container.py:379 - Application configured for development environment
2025-12-01 20:30:05,362 - HexagonalHedgeFund - INFO - main_hexagonal_container.py:380 - Enabled watchers: ['MarketPulse', 'Volatility', 'TrendMTF']
2025-12-01 20:30:05,362 - HexagonalHedgeFund - INFO - main_hexagonal_container.py:381 - Enabled engines: ['Trend', 'Volatility', 'Liquidity']
2025-12-01 20:30:05,362 - HexagonalHedgeFund - INFO - main_hexagonal_container.py:50 - Starting hexagonal architecture application setup
2025-12-01 20:30:05,363 - HexagonalHedgeFund - INFO - main_hexagonal_container.py:379 - Application configured for development environment
2025-12-01 20:30:05,363 - HexagonalHedgeFund - INFO - main_hexagonal_container.py:380 - Enabled watchers: ['MarketPulse', 'Volatility', 'TrendMTF']
2025-12-01 20:30:05,363 - HexagonalHedgeFund - INFO - main_hexagonal_container.py:381 - Enabled engines: ['Trend', 'Volatility', 'Liquidity']
2025-12-01 20:32:10,001 - HexagonalHedgeFund - INFO - hexagonal_utils.py:152 - Event bus started
2025-12-01 20:32:11,950 - HexagonalHedgeFund - INFO - main_hexagonal_container.py:50 - Starting hexagonal architecture application setup
2025-12-01 20:32:11,977 - HexagonalHedgeFund - INFO - main_hexagonal_container.py:379 - Application configured for development environment
2025-12-01 20:32:11,977 - HexagonalHedgeFund - INFO - main_hexagonal_container.py:380 - Enabled watchers: ['MarketPulse', 'Volatility', 'TrendMTF']
2025-12-01 20:32:11,978 - HexagonalHedgeFund - INFO - main_hexagonal_container.py:381 - Enabled engines: ['Trend', 'Volatility', 'Liquidity']
2025-12-01 20:32:11,978 - HexagonalHedgeFund - INFO - main_hexagonal_container.py:50 - Starting hexagonal architecture application setup
2025-12-01 20:32:11,978 - HexagonalHedgeFund - INFO - main_hexagonal_container.py:379 - Application configured for development environment
2025-12-01 20:32:11,979 - HexagonalHedgeFund - INFO - main_hexagonal_container.py:380 - Enabled watchers: ['MarketPulse', 'Volatility', 'TrendMTF']
2025-12-01 20:32:11,979 - HexagonalHedgeFund - INFO - main_hexagonal_container.py:381 - Enabled engines: ['Trend', 'Volatility', 'Liquidity']
2025-12-01 20:33:54,025 - HexagonalHedgeFund - INFO - hexagonal_utils.py:152 - Event bus started
2025-12-01 20:33:55,683 - HexagonalHedgeFund - INFO - main_hexagonal_container.py:50 - Starting hexagonal architecture application setup
2025-12-01 20:33:55,699 - HexagonalHedgeFund - INFO - main_hexagonal_container.py:379 - Application configured for development environment
2025-12-01 20:33:55,699 - HexagonalHedgeFund - INFO - main_hexagonal_container.py:380 - Enabled watchers: ['MarketPulse', 'Volatility', 'TrendMTF']
2025-12-01 20:33:55,699 - HexagonalHedgeFund - INFO - main_hexagonal_container.py:381 - Enabled engines: ['Trend', 'Volatility', 'Liquidity']
2025-12-01 20:33:55,699 - HexagonalHedgeFund - INFO - main_hexagonal_container.py:50 - Starting hexagonal architecture application setup
2025-12-01 20:33:55,699 - HexagonalHedgeFund - INFO - main_hexagonal_container.py:379 - Application configured for development environment
2025-12-01 20:33:55,699 - HexagonalHedgeFund - INFO - main_hexagonal_container.py:380 - Enabled watchers: ['MarketPulse', 'Volatility', 'TrendMTF']
2025-12-01 20:33:55,699 - HexagonalHedgeFund - INFO - main_hexagonal_container.py:381 - Enabled engines: ['Trend', 'Volatility', 'Liquidity']
2025-12-01 20:36:27,929 - HexagonalHedgeFund - INFO - hexagonal_utils.py:152 - Event bus started
2025-12-01 20:36:29,806 - HexagonalHedgeFund - INFO - main_hexagonal_container.py:50 - Starting hexagonal architecture application setup
2025-12-01 20:36:29,830 - HexagonalHedgeFund - INFO - main_hexagonal_container.py:379 - Application configured for development environment
2025-12-01 20:36:29,830 - HexagonalHedgeFund - INFO - main_hexagonal_container.py:380 - Enabled watchers: ['MarketPulse', 'Volatility', 'TrendMTF']
2025-12-01 20:36:29,830 - HexagonalHedgeFund - INFO - main_hexagonal_container.py:381 - Enabled engines: ['Trend', 'Volatility', 'Liquidity']
2025-12-01 20:36:29,830 - HexagonalHedgeFund - INFO - main_hexagonal_container.py:50 - Starting hexagonal architecture application setup
2025-12-01 20:36:29,830 - HexagonalHedgeFund - INFO - main_hexagonal_container.py:379 - Application configured for development environment
2025-12-01 20:36:29,830 - HexagonalHedgeFund - INFO - main_hexagonal_container.py:380 - Enabled watchers: ['MarketPulse', 'Volatility', 'TrendMTF']
2025-12-01 20:36:29,831 - HexagonalHedgeFund - INFO - main_hexagonal_container.py:381 - Enabled engines: ['Trend', 'Volatility', 'Liquidity']
2025-12-01 21:09:26,447 - HexagonalHedgeFund - INFO - hexagonal_utils.py:152 - Event bus started
2025-12-01 21:09:27,044 - HexagonalHedgeFund - INFO - main_hexagonal_container.py:50 - Starting hexagonal architecture application setup
2025-12-01 21:09:27,064 - HexagonalHedgeFund - INFO - main_hexagonal_container.py:417 - Application configured for development environment
2025-12-01 21:09:27,064 - HexagonalHedgeFund - INFO - main_hexagonal_container.py:418 - Enabled watchers: ['MarketPulse', 'Volatility', 'TrendMTF']
2025-12-01 21:09:27,064 - HexagonalHedgeFund - INFO - main_hexagonal_container.py:419 - Enabled engines: ['Trend', 'Volatility', 'Liquidity']
2025-12-01 21:09:27,064 - HexagonalHedgeFund - INFO - main_hexagonal_container.py:50 - Starting hexagonal architecture application setup
2025-12-01 21:09:27,064 - HexagonalHedgeFund - INFO - main_hexagonal_container.py:417 - Application configured for development environment
2025-12-01 21:09:27,065 - HexagonalHedgeFund - INFO - main_hexagonal_container.py:418 - Enabled watchers: ['MarketPulse', 'Volatility', 'TrendMTF']
2025-12-01 21:09:27,065 - HexagonalHedgeFund - INFO - main_hexagonal_container.py:419 - Enabled engines: ['Trend', 'Volatility', 'Liquidity']
2025-12-01 21:09:45,752 - HexagonalHedgeFund - INFO - hexagonal_utils.py:152 - Event bus started
2025-12-01 21:09:47,706 - HexagonalHedgeFund - INFO - main_hexagonal_container.py:50 - Starting hexagonal architecture application setup
2025-12-01 21:09:47,774 - HexagonalHedgeFund - INFO - main_hexagonal_container.py:417 - Application configured for development environment
2025-12-01 21:09:47,775 - HexagonalHedgeFund - INFO - main_hexagonal_container.py:418 - Enabled watchers: ['MarketPulse', 'Volatility', 'TrendMTF']
2025-12-01 21:09:47,775 - HexagonalHedgeFund - INFO - main_hexagonal_container.py:419 - Enabled engines: ['Trend', 'Volatility', 'Liquidity']
2025-12-01 21:09:47,775 - HexagonalHedgeFund - INFO - main_hexagonal_container.py:50 - Starting hexagonal architecture application setup
2025-12-01 21:09:47,776 - HexagonalHedgeFund - INFO - main_hexagonal_container.py:417 - Application configured for development environment
2025-12-01 21:09:47,776 - HexagonalHedgeFund - INFO - main_hexagonal_container.py:418 - Enabled watchers: ['MarketPulse', 'Volatility', 'TrendMTF']
2025-12-01 21:09:47,776 - HexagonalHedgeFund - INFO - main_hexagonal_container.py:419 - Enabled engines: ['Trend', 'Volatility', 'Liquidity']
2025-12-01 21:10:39,886 - HexagonalHedgeFund - INFO - hexagonal_utils.py:152 - Event bus started
2025-12-01 21:10:40,645 - HexagonalHedgeFund - INFO - main_hexagonal_container.py:50 - Starting hexagonal architecture application setup
2025-12-01 21:10:40,679 - HexagonalHedgeFund - INFO - main_hexagonal_container.py:417 - Application configured for development environment
2025-12-01 21:10:40,679 - HexagonalHedgeFund - INFO - main_hexagonal_container.py:418 - Enabled watchers: ['MarketPulse', 'Volatility', 'TrendMTF']
2025-12-01 21:10:40,680 - HexagonalHedgeFund - INFO - main_hexagonal_container.py:419 - Enabled engines: ['Trend', 'Volatility', 'Liquidity']
2025-12-01 21:10:40,680 - HexagonalHedgeFund - INFO - main_hexagonal_container.py:50 - Starting hexagonal architecture application setup
2025-12-01 21:10:40,681 - HexagonalHedgeFund - INFO - main_hexagonal_container.py:417 - Application configured for development environment
2025-12-01 21:10:40,681 - HexagonalHedgeFund - INFO - main_hexagonal_container.py:418 - Enabled watchers: ['MarketPulse', 'Volatility', 'TrendMTF']
2025-12-01 21:10:40,681 - HexagonalHedgeFund - INFO - main_hexagonal_container.py:419 - Enabled engines: ['Trend', 'Volatility', 'Liquidity']
2025-12-01 21:15:37,181 - HexagonalHedgeFund - INFO - hexagonal_utils.py:152 - Event bus started
2025-12-01 21:15:37,697 - HexagonalHedgeFund - INFO - main_hexagonal_container.py:50 - Starting hexagonal architecture application setup
2025-12-01 21:15:37,720 - HexagonalHedgeFund - INFO - main_hexagonal_container.py:417 - Application configured for development environment
2025-12-01 21:15:37,721 - HexagonalHedgeFund - INFO - main_hexagonal_container.py:418 - Enabled watchers: ['MarketPulse', 'Volatility', 'TrendMTF']
2025-12-01 21:15:37,721 - HexagonalHedgeFund - INFO - main_hexagonal_container.py:419 - Enabled engines: ['Trend', 'Volatility', 'Liquidity']
2025-12-01 21:15:37,721 - HexagonalHedgeFund - INFO - main_hexagonal_container.py:50 - Starting hexagonal architecture application setup
2025-12-01 21:15:37,721 - HexagonalHedgeFund - INFO - main_hexagonal_container.py:417 - Application configured for development environment
2025-12-01 21:15:37,722 - HexagonalHedgeFund - INFO - main_hexagonal_container.py:418 - Enabled watchers: ['MarketPulse', 'Volatility', 'TrendMTF']
2025-12-01 21:15:37,722 - HexagonalHedgeFund - INFO - main_hexagonal_container.py:419 - Enabled engines: ['Trend', 'Volatility', 'Liquidity']
2025-12-01 21:18:40,736 - HexagonalHedgeFund - INFO - hexagonal_utils.py:152 - Event bus started
2025-12-01 21:18:42,214 - HexagonalHedgeFund - INFO - main_hexagonal_container.py:50 - Starting hexagonal architecture application setup
2025-12-01 21:18:42,259 - HexagonalHedgeFund - INFO - main_hexagonal_container.py:417 - Application configured for development environment
2025-12-01 21:18:42,259 - HexagonalHedgeFund - INFO - main_hexagonal_container.py:418 - Enabled watchers: ['MarketPulse', 'Volatility', 'TrendMTF']
2025-12-01 21:18:42,260 - HexagonalHedgeFund - INFO - main_hexagonal_container.py:419 - Enabled engines: ['Trend', 'Volatility', 'Liquidity']
2025-12-01 21:18:42,260 - HexagonalHedgeFund - INFO - main_hexagonal_container.py:50 - Starting hexagonal architecture application setup
2025-12-01 21:18:42,261 - HexagonalHedgeFund - INFO - main_hexagonal_container.py:417 - Application configured for development environment
2025-12-01 21:18:42,261 - HexagonalHedgeFund - INFO - main_hexagonal_container.py:418 - Enabled watchers: ['MarketPulse', 'Volatility', 'TrendMTF']
2025-12-01 21:18:42,261 - HexagonalHedgeFund - INFO - main_hexagonal_container.py:419 - Enabled engines: ['Trend', 'Volatility', 'Liquidity']
2025-12-01 21:19:59,867 - HexagonalHedgeFund - INFO - hexagonal_utils.py:152 - Event bus started
2025-12-01 21:20:00,497 - HexagonalHedgeFund - INFO - main_hexagonal_container.py:50 - Starting hexagonal architecture application setup
2025-12-01 21:20:00,550 - HexagonalHedgeFund - INFO - main_hexagonal_container.py:417 - Application configured for development environment
2025-12-01 21:20:00,550 - HexagonalHedgeFund - INFO - main_hexagonal_container.py:418 - Enabled watchers: ['MarketPulse', 'Volatility', 'TrendMTF']
2025-12-01 21:20:00,550 - HexagonalHedgeFund - INFO - main_hexagonal_container.py:419 - Enabled engines: ['Trend', 'Volatility', 'Liquidity']
2025-12-01 21:20:00,550 - HexagonalHedgeFund - INFO - main_hexagonal_container.py:50 - Starting hexagonal architecture application setup
2025-12-01 21:20:00,561 - HexagonalHedgeFund - INFO - main_hexagonal_container.py:417 - Application configured for development environment
2025-12-01 21:20:00,561 - HexagonalHedgeFund - INFO - main_hexagonal_container.py:418 - Enabled watchers: ['MarketPulse', 'Volatility', 'TrendMTF']
2025-12-01 21:20:00,562 - HexagonalHedgeFund - INFO - main_hexagonal_container.py:419 - Enabled engines: ['Trend', 'Volatility', 'Liquidity']
2025-12-01 21:20:11,777 - HexagonalHedgeFund - INFO - hexagonal_utils.py:152 - Event bus started
2025-12-01 21:20:12,472 - HexagonalHedgeFund - INFO - main_hexagonal_container.py:50 - Starting hexagonal architecture application setup
2025-12-01 21:20:12,497 - HexagonalHedgeFund - INFO - main_hexagonal_container.py:417 - Application configured for development environment
2025-12-01 21:20:12,497 - HexagonalHedgeFund - INFO - main_hexagonal_container.py:418 - Enabled watchers: ['MarketPulse', 'Volatility', 'TrendMTF']
2025-12-01 21:20:12,497 - HexagonalHedgeFund - INFO - main_hexagonal_container.py:419 - Enabled engines: ['Trend', 'Volatility', 'Liquidity']
2025-12-01 21:20:12,497 - HexagonalHedgeFund - INFO - main_hexagonal_container.py:50 - Starting hexagonal architecture application setup
2025-12-01 21:20:12,498 - HexagonalHedgeFund - INFO - main_hexagonal_container.py:417 - Application configured for development environment
2025-12-01 21:20:12,498 - HexagonalHedgeFund - INFO - main_hexagonal_container.py:418 - Enabled watchers: ['MarketPulse', 'Volatility', 'TrendMTF']
2025-12-01 21:20:12,498 - HexagonalHedgeFund - INFO - main_hexagonal_container.py:419 - Enabled engines: ['Trend', 'Volatility', 'Liquidity']
2025-12-01 21:27:52,021 - HexagonalHedgeFund - INFO - hexagonal_utils.py:152 - Event bus started
2025-12-01 21:27:53,832 - HexagonalHedgeFund - INFO - main_hexagonal_container.py:50 - Starting hexagonal architecture application setup
2025-12-01 21:27:53,876 - HexagonalHedgeFund - INFO - main_hexagonal_container.py:417 - Application configured for development environment
2025-12-01 21:27:53,876 - HexagonalHedgeFund - INFO - main_hexagonal_container.py:418 - Enabled watchers: ['MarketPulse', 'Volatility', 'TrendMTF']
2025-12-01 21:27:53,876 - HexagonalHedgeFund - INFO - main_hexagonal_container.py:419 - Enabled engines: ['Trend', 'Volatility', 'Liquidity']
2025-12-01 21:27:53,877 - HexagonalHedgeFund - INFO - main_hexagonal_container.py:50 - Starting hexagonal architecture application setup
2025-12-01 21:27:53,877 - HexagonalHedgeFund - INFO - main_hexagonal_container.py:417 - Application configured for development environment
2025-12-01 21:27:53,877 - HexagonalHedgeFund - INFO - main_hexagonal_container.py:418 - Enabled watchers: ['MarketPulse', 'Volatility', 'TrendMTF']
2025-12-01 21:27:53,877 - HexagonalHedgeFund - INFO - main_hexagonal_container.py:419 - Enabled engines: ['Trend', 'Volatility', 'Liquidity']
2025-12-01 21:30:26,066 - HexagonalHedgeFund - INFO - hexagonal_utils.py:152 - Event bus started
2025-12-01 21:30:28,069 - HexagonalHedgeFund - INFO - main_hexagonal_container.py:50 - Starting hexagonal architecture application setup
2025-12-01 21:30:28,131 - HexagonalHedgeFund - INFO - main_hexagonal_container.py:417 - Application configured for development environment
2025-12-01 21:30:28,131 - HexagonalHedgeFund - INFO - main_hexagonal_container.py:418 - Enabled watchers: ['MarketPulse', 'Volatility', 'TrendMTF']
2025-12-01 21:30:28,131 - HexagonalHedgeFund - INFO - main_hexagonal_container.py:419 - Enabled engines: ['Trend', 'Volatility', 'Liquidity']
2025-12-01 21:30:28,142 - HexagonalHedgeFund - INFO - main_hexagonal_container.py:50 - Starting hexagonal architecture application setup
2025-12-01 21:30:28,143 - HexagonalHedgeFund - INFO - main_hexagonal_container.py:417 - Application configured for development environment
2025-12-01 21:30:28,143 - HexagonalHedgeFund - INFO - main_hexagonal_container.py:418 - Enabled watchers: ['MarketPulse', 'Volatility', 'TrendMTF']
2025-12-01 21:30:28,143 - HexagonalHedgeFund - INFO - main_hexagonal_container.py:419 - Enabled engines: ['Trend', 'Volatility', 'Liquidity']
2025-12-01 21:30:28,925 - HexagonalHedgeFund - INFO - main_hexagonal_container.py:50 - Starting hexagonal architecture application setup
2025-12-01 21:30:28,928 - HexagonalHedgeFund - INFO - main_hexagonal_container.py:417 - Application configured for development environment
2025-12-01 21:30:28,929 - HexagonalHedgeFund - INFO - main_hexagonal_container.py:418 - Enabled watchers: ['MarketPulse', 'Volatility', 'TrendMTF']
2025-12-01 21:30:28,929 - HexagonalHedgeFund - INFO - main_hexagonal_container.py:419 - Enabled engines: ['Trend', 'Volatility', 'Liquidity']
2025-12-01 21:30:29,605 - HexagonalHedgeFund - INFO - main_hexagonal_container.py:50 - Starting hexagonal architecture application setup
2025-12-01 21:30:29,607 - HexagonalHedgeFund - INFO - main_hexagonal_container.py:417 - Application configured for development environment
2025-12-01 21:30:29,608 - HexagonalHedgeFund - INFO - main_hexagonal_container.py:418 - Enabled watchers: ['MarketPulse', 'Volatility', 'TrendMTF']
2025-12-01 21:30:29,608 - HexagonalHedgeFund - INFO - main_hexagonal_container.py:419 - Enabled engines: ['Trend', 'Volatility', 'Liquidity']
2025-12-01 21:31:26,999 - HexagonalHedgeFund - INFO - hexagonal_utils.py:152 - Event bus started
2025-12-01 21:31:29,065 - HexagonalHedgeFund - INFO - main_hexagonal_container.py:50 - Starting hexagonal architecture application setup
2025-12-01 21:31:29,107 - HexagonalHedgeFund - INFO - main_hexagonal_container.py:417 - Application configured for development environment
2025-12-01 21:31:29,107 - HexagonalHedgeFund - INFO - main_hexagonal_container.py:418 - Enabled watchers: ['MarketPulse', 'Volatility', 'TrendMTF']
2025-12-01 21:31:29,107 - HexagonalHedgeFund - INFO - main_hexagonal_container.py:419 - Enabled engines: ['Trend', 'Volatility', 'Liquidity']
2025-12-01 21:31:29,853 - HexagonalHedgeFund - INFO - main_hexagonal_container.py:50 - Starting hexagonal architecture application setup
2025-12-01 21:31:29,854 - HexagonalHedgeFund - INFO - main_hexagonal_container.py:417 - Application configured for development environment
2025-12-01 21:31:29,854 - HexagonalHedgeFund - INFO - main_hexagonal_container.py:418 - Enabled watchers: ['MarketPulse', 'Volatility', 'TrendMTF']
2025-12-01 21:31:29,854 - HexagonalHedgeFund - INFO - main_hexagonal_container.py:419 - Enabled engines: ['Trend', 'Volatility', 'Liquidity']
2025-12-01 21:31:30,569 - HexagonalHedgeFund - INFO - main_hexagonal_container.py:50 - Starting hexagonal architecture application setup
2025-12-01 21:31:30,572 - HexagonalHedgeFund - INFO - main_hexagonal_container.py:417 - Application configured for development environment
2025-12-01 21:31:30,573 - HexagonalHedgeFund - INFO - main_hexagonal_container.py:418 - Enabled watchers: ['MarketPulse', 'Volatility', 'TrendMTF']
2025-12-01 21:31:30,573 - HexagonalHedgeFund - INFO - main_hexagonal_container.py:419 - Enabled engines: ['Trend', 'Volatility', 'Liquidity']
2025-12-01 21:33:57,314 - HexagonalHedgeFund - INFO - hexagonal_utils.py:152 - Event bus started
2025-12-01 21:33:57,809 - HexagonalHedgeFund - INFO - main_hexagonal_container.py:50 - Starting hexagonal architecture application setup
2025-12-01 21:33:57,851 - HexagonalHedgeFund - INFO - main_hexagonal_container.py:417 - Application configured for development environment
2025-12-01 21:33:57,852 - HexagonalHedgeFund - INFO - main_hexagonal_container.py:418 - Enabled watchers: ['MarketPulse', 'Volatility', 'TrendMTF']
2025-12-01 21:33:57,852 - HexagonalHedgeFund - INFO - main_hexagonal_container.py:419 - Enabled engines: ['Trend', 'Volatility', 'Liquidity']
2025-12-01 21:33:57,852 - HexagonalHedgeFund - INFO - main_hexagonal_container.py:50 - Starting hexagonal architecture application setup
2025-12-01 21:33:57,852 - HexagonalHedgeFund - INFO - main_hexagonal_container.py:417 - Application configured for development environment
2025-12-01 21:33:57,853 - HexagonalHedgeFund - INFO - main_hexagonal_container.py:418 - Enabled watchers: ['MarketPulse', 'Volatility', 'TrendMTF']
2025-12-01 21:33:57,853 - HexagonalHedgeFund - INFO - main_hexagonal_container.py:419 - Enabled engines: ['Trend', 'Volatility', 'Liquidity']
2025-12-01 21:36:38,450 - HexagonalHedgeFund - INFO - hexagonal_utils.py:152 - Event bus started
2025-12-01 21:36:38,980 - HexagonalHedgeFund - INFO - main_hexagonal_container.py:50 - Starting hexagonal architecture application setup
2025-12-01 21:36:39,036 - HexagonalHedgeFund - INFO - main_hexagonal_container.py:417 - Application configured for development environment
2025-12-01 21:36:39,037 - HexagonalHedgeFund - INFO - main_hexagonal_container.py:418 - Enabled watchers: ['MarketPulse', 'Volatility', 'TrendMTF']
2025-12-01 21:36:39,037 - HexagonalHedgeFund - INFO - main_hexagonal_container.py:419 - Enabled engines: ['Trend', 'Volatility', 'Liquidity']
2025-12-01 21:36:39,037 - HexagonalHedgeFund - INFO - main_hexagonal_container.py:50 - Starting hexagonal architecture application setup
2025-12-01 21:36:39,038 - HexagonalHedgeFund - INFO - main_hexagonal_container.py:417 - Application configured for development environment
2025-12-01 21:36:39,038 - HexagonalHedgeFund - INFO - main_hexagonal_container.py:418 - Enabled watchers: ['MarketPulse', 'Volatility', 'TrendMTF']
2025-12-01 21:36:39,038 - HexagonalHedgeFund - INFO - main_hexagonal_container.py:419 - Enabled engines: ['Trend', 'Volatility', 'Liquidity']
2025-12-01 21:37:03,075 - HexagonalHedgeFund - INFO - hexagonal_utils.py:152 - Event bus started
2025-12-01 21:37:03,550 - HexagonalHedgeFund - INFO - main_hexagonal_container.py:50 - Starting hexagonal architecture application setup
2025-12-01 21:37:03,589 - HexagonalHedgeFund - INFO - main_hexagonal_container.py:417 - Application configured for development environment
2025-12-01 21:37:03,589 - HexagonalHedgeFund - INFO - main_hexagonal_container.py:418 - Enabled watchers: ['MarketPulse', 'Volatility', 'TrendMTF']
2025-12-01 21:37:03,589 - HexagonalHedgeFund - INFO - main_hexagonal_container.py:419 - Enabled engines: ['Trend', 'Volatility', 'Liquidity']
2025-12-01 21:37:03,590 - HexagonalHedgeFund - INFO - main_hexagonal_container.py:50 - Starting hexagonal architecture application setup
2025-12-01 21:37:03,590 - HexagonalHedgeFund - INFO - main_hexagonal_container.py:417 - Application configured for development environment
2025-12-01 21:37:03,590 - HexagonalHedgeFund - INFO - main_hexagonal_container.py:418 - Enabled watchers: ['MarketPulse', 'Volatility', 'TrendMTF']
2025-12-01 21:37:03,590 - HexagonalHedgeFund - INFO - main_hexagonal_container.py:419 - Enabled engines: ['Trend', 'Volatility', 'Liquidity']
2025-12-01 21:37:23,876 - HexagonalHedgeFund - INFO - hexagonal_utils.py:152 - Event bus started
2025-12-01 21:37:24,447 - HexagonalHedgeFund - INFO - main_hexagonal_container.py:50 - Starting hexagonal architecture application setup
2025-12-01 21:37:24,517 - HexagonalHedgeFund - INFO - main_hexagonal_container.py:417 - Application configured for development environment
2025-12-01 21:37:24,518 - HexagonalHedgeFund - INFO - main_hexagonal_container.py:418 - Enabled watchers: ['MarketPulse', 'Volatility', 'TrendMTF']
2025-12-01 21:37:24,518 - HexagonalHedgeFund - INFO - main_hexagonal_container.py:419 - Enabled engines: ['Trend', 'Volatility', 'Liquidity']
2025-12-01 21:37:24,518 - HexagonalHedgeFund - INFO - main_hexagonal_container.py:50 - Starting hexagonal architecture application setup
2025-12-01 21:37:24,519 - HexagonalHedgeFund - INFO - main_hexagonal_container.py:417 - Application configured for development environment
2025-12-01 21:37:24,520 - HexagonalHedgeFund - INFO - main_hexagonal_container.py:418 - Enabled watchers: ['MarketPulse', 'Volatility', 'TrendMTF']
2025-12-01 21:37:24,520 - HexagonalHedgeFund - INFO - main_hexagonal_container.py:419 - Enabled engines: ['Trend', 'Volatility', 'Liquidity']
2025-12-01 21:42:52,567 - HexagonalHedgeFund - INFO - hexagonal_utils.py:152 - Event bus started
2025-12-01 21:42:54,704 - HexagonalHedgeFund - INFO - main_hexagonal_container.py:50 - Starting hexagonal architecture application setup
2025-12-01 21:42:54,755 - HexagonalHedgeFund - INFO - main_hexagonal_container.py:417 - Application configured for development environment
2025-12-01 21:42:54,755 - HexagonalHedgeFund - INFO - main_hexagonal_container.py:418 - Enabled watchers: ['MarketPulse', 'Volatility', 'TrendMTF']
2025-12-01 21:42:54,755 - HexagonalHedgeFund - INFO - main_hexagonal_container.py:419 - Enabled engines: ['Trend', 'Volatility', 'Liquidity']
2025-12-01 21:42:55,330 - HexagonalHedgeFund - INFO - main_hexagonal_container.py:50 - Starting hexagonal architecture application setup
2025-12-01 21:42:55,332 - HexagonalHedgeFund - INFO - main_hexagonal_container.py:417 - Application configured for development environment
2025-12-01 21:42:55,333 - HexagonalHedgeFund - INFO - main_hexagonal_container.py:418 - Enabled watchers: ['MarketPulse', 'Volatility', 'TrendMTF']
2025-12-01 21:42:55,333 - HexagonalHedgeFund - INFO - main_hexagonal_container.py:419 - Enabled engines: ['Trend', 'Volatility', 'Liquidity']
2025-12-01 21:42:56,042 - HexagonalHedgeFund - INFO - main_hexagonal_container.py:50 - Starting hexagonal architecture application setup
2025-12-01 21:42:56,045 - HexagonalHedgeFund - INFO - main_hexagonal_container.py:417 - Application configured for development environment
2025-12-01 21:42:56,045 - HexagonalHedgeFund - INFO - main_hexagonal_container.py:418 - Enabled watchers: ['MarketPulse', 'Volatility', 'TrendMTF']
2025-12-01 21:42:56,045 - HexagonalHedgeFund - INFO - main_hexagonal_container.py:419 - Enabled engines: ['Trend', 'Volatility', 'Liquidity']
2025-12-01 21:47:13,795 - HexagonalHedgeFund - INFO - hexagonal_utils.py:152 - Event bus started
2025-12-01 21:47:13,897 - HexagonalHedgeFund - INFO - main_hexagonal_container.py:50 - Starting hexagonal architecture application setup
2025-12-01 21:47:13,945 - HexagonalHedgeFund - INFO - main_hexagonal_container.py:417 - Application configured for development environment
2025-12-01 21:47:13,945 - HexagonalHedgeFund - INFO - main_hexagonal_container.py:418 - Enabled watchers: ['MarketPulse', 'Volatility', 'TrendMTF']
2025-12-01 21:47:13,945 - HexagonalHedgeFund - INFO - main_hexagonal_container.py:419 - Enabled engines: ['Trend', 'Volatility', 'Liquidity']
2025-12-01 21:47:13,945 - HexagonalHedgeFund - INFO - main_hexagonal_container.py:50 - Starting hexagonal architecture application setup
2025-12-01 21:47:13,946 - HexagonalHedgeFund - INFO - main_hexagonal_container.py:417 - Application configured for development environment
2025-12-01 21:47:13,946 - HexagonalHedgeFund - INFO - main_hexagonal_container.py:418 - Enabled watchers: ['MarketPulse', 'Volatility', 'TrendMTF']
2025-12-01 21:47:13,946 - HexagonalHedgeFund - INFO - main_hexagonal_container.py:419 - Enabled engines: ['Trend', 'Volatility', 'Liquidity']
2025-12-01 23:15:01,582 - HexagonalHedgeFund - INFO - hexagonal_utils.py:152 - Event bus started
2025-12-01 23:15:01,956 - HexagonalHedgeFund - INFO - main_hexagonal_container.py:50 - Starting hexagonal architecture application setup
2025-12-01 23:15:01,986 - HexagonalHedgeFund - INFO - main_hexagonal_container.py:417 - Application configured for development environment
2025-12-01 23:15:01,987 - HexagonalHedgeFund - INFO - main_hexagonal_container.py:418 - Enabled watchers: ['MarketPulse', 'Volatility', 'TrendMTF']
2025-12-01 23:15:01,987 - HexagonalHedgeFund - INFO - main_hexagonal_container.py:419 - Enabled engines: ['Trend', 'Volatility', 'Liquidity']
2025-12-01 23:15:01,987 - HexagonalHedgeFund - INFO - main_hexagonal_container.py:50 - Starting hexagonal architecture application setup
2025-12-01 23:15:01,987 - HexagonalHedgeFund - INFO - main_hexagonal_container.py:417 - Application configured for development environment
2025-12-01 23:15:01,987 - HexagonalHedgeFund - INFO - main_hexagonal_container.py:418 - Enabled watchers: ['MarketPulse', 'Volatility', 'TrendMTF']
2025-12-01 23:15:01,987 - HexagonalHedgeFund - INFO - main_hexagonal_container.py:419 - Enabled engines: ['Trend', 'Volatility', 'Liquidity']
2025-12-01 23:15:14,033 - HexagonalHedgeFund - INFO - hexagonal_utils.py:152 - Event bus started
2025-12-01 23:15:14,130 - HexagonalHedgeFund - INFO - main_hexagonal_container.py:50 - Starting hexagonal architecture application setup
2025-12-01 23:15:14,156 - HexagonalHedgeFund - INFO - main_hexagonal_container.py:417 - Application configured for development environment
2025-12-01 23:15:14,156 - HexagonalHedgeFund - INFO - main_hexagonal_container.py:418 - Enabled watchers: ['MarketPulse', 'Volatility', 'TrendMTF']
2025-12-01 23:15:14,156 - HexagonalHedgeFund - INFO - main_hexagonal_container.py:419 - Enabled engines: ['Trend', 'Volatility', 'Liquidity']
2025-12-01 23:15:14,156 - HexagonalHedgeFund - INFO - main_hexagonal_container.py:50 - Starting hexagonal architecture application setup
2025-12-01 23:15:14,157 - HexagonalHedgeFund - INFO - main_hexagonal_container.py:417 - Application configured for development environment
2025-12-01 23:15:14,157 - HexagonalHedgeFund - INFO - main_hexagonal_container.py:418 - Enabled watchers: ['MarketPulse', 'Volatility', 'TrendMTF']
2025-12-01 23:15:14,157 - HexagonalHedgeFund - INFO - main_hexagonal_container.py:419 - Enabled engines: ['Trend', 'Volatility', 'Liquidity']
2025-12-01 23:15:18,957 - HexagonalHedgeFund - INFO - hexagonal_utils.py:152 - Event bus started
2025-12-01 23:15:19,256 - HexagonalHedgeFund - INFO - main_hexagonal_container.py:50 - Starting hexagonal architecture application setup
2025-12-01 23:15:19,269 - HexagonalHedgeFund - INFO - main_hexagonal_container.py:417 - Application configured for development environment
2025-12-01 23:15:19,269 - HexagonalHedgeFund - INFO - main_hexagonal_container.py:418 - Enabled watchers: ['MarketPulse', 'Volatility', 'TrendMTF']
2025-12-01 23:15:19,269 - HexagonalHedgeFund - INFO - main_hexagonal_container.py:419 - Enabled engines: ['Trend', 'Volatility', 'Liquidity']
2025-12-01 23:15:19,270 - HexagonalHedgeFund - INFO - main_hexagonal_container.py:50 - Starting hexagonal architecture application setup
2025-12-01 23:15:19,270 - HexagonalHedgeFund - INFO - main_hexagonal_container.py:417 - Application configured for development environment
2025-12-01 23:15:19,270 - HexagonalHedgeFund - INFO - main_hexagonal_container.py:418 - Enabled watchers: ['MarketPulse', 'Volatility', 'TrendMTF']
2025-12-01 23:15:19,270 - HexagonalHedgeFund - INFO - main_hexagonal_container.py:419 - Enabled engines: ['Trend', 'Volatility', 'Liquidity']
2025-12-01 23:15:43,060 - HexagonalHedgeFund - INFO - hexagonal_utils.py:152 - Event bus started
2025-12-01 23:15:43,126 - HexagonalHedgeFund - INFO - main_hexagonal_container.py:50 - Starting hexagonal architecture application setup
2025-12-01 23:15:43,151 - HexagonalHedgeFund - INFO - main_hexagonal_container.py:417 - Application configured for development environment
2025-12-01 23:15:43,152 - HexagonalHedgeFund - INFO - main_hexagonal_container.py:418 - Enabled watchers: ['MarketPulse', 'Volatility', 'TrendMTF']
2025-12-01 23:15:43,152 - HexagonalHedgeFund - INFO - main_hexagonal_container.py:419 - Enabled engines: ['Trend', 'Volatility', 'Liquidity']
2025-12-01 23:15:43,152 - HexagonalHedgeFund - INFO - main_hexagonal_container.py:50 - Starting hexagonal architecture application setup
2025-12-01 23:15:43,152 - HexagonalHedgeFund - INFO - main_hexagonal_container.py:417 - Application configured for development environment
2025-12-01 23:15:43,152 - HexagonalHedgeFund - INFO - main_hexagonal_container.py:418 - Enabled watchers: ['MarketPulse', 'Volatility', 'TrendMTF']
2025-12-01 23:15:43,152 - HexagonalHedgeFund - INFO - main_hexagonal_container.py:419 - Enabled engines: ['Trend', 'Volatility', 'Liquidity']
2025-12-02 21:43:54,121 - HexagonalHedgeFund - INFO - hexagonal_utils.py:152 - Event bus started
2025-12-02 21:43:56,015 - HexagonalHedgeFund - INFO - main_hexagonal_container.py:50 - Starting hexagonal architecture application setup
2025-12-02 21:43:56,063 - HexagonalHedgeFund - INFO - main_hexagonal_container.py:422 - Application configured for development environment
2025-12-02 21:43:56,063 - HexagonalHedgeFund - INFO - main_hexagonal_container.py:423 - Enabled watchers: ['MarketPulse', 'Volatility', 'TrendMTF']
2025-12-02 21:43:56,064 - HexagonalHedgeFund - INFO - main_hexagonal_container.py:424 - Enabled engines: ['Trend', 'Volatility', 'Liquidity']
2025-12-02 21:44:53,876 - HexagonalHedgeFund - INFO - hexagonal_utils.py:152 - Event bus started
2025-12-02 21:44:55,184 - HexagonalHedgeFund - INFO - main_hexagonal_container.py:50 - Starting hexagonal architecture application setup
2025-12-02 21:44:55,211 - HexagonalHedgeFund - INFO - main_hexagonal_container.py:422 - Application configured for development environment
2025-12-02 21:44:55,211 - HexagonalHedgeFund - INFO - main_hexagonal_container.py:423 - Enabled watchers: ['MarketPulse', 'Volatility', 'TrendMTF']
2025-12-02 21:44:55,211 - HexagonalHedgeFund - INFO - main_hexagonal_container.py:424 - Enabled engines: ['Trend', 'Volatility', 'Liquidity']
2025-12-02 21:45:00,190 - HexagonalHedgeFund - INFO - hexagonal_utils.py:152 - Event bus started
2025-12-02 21:45:01,657 - HexagonalHedgeFund - INFO - main_hexagonal_container.py:50 - Starting hexagonal architecture application setup
2025-12-02 21:45:01,683 - HexagonalHedgeFund - INFO - main_hexagonal_container.py:422 - Application configured for development environment
2025-12-02 21:45:01,683 - HexagonalHedgeFund - INFO - main_hexagonal_container.py:423 - Enabled watchers: ['MarketPulse', 'Volatility', 'TrendMTF']
2025-12-02 21:45:01,683 - HexagonalHedgeFund - INFO - main_hexagonal_container.py:424 - Enabled engines: ['Trend', 'Volatility', 'Liquidity']
2025-12-02 21:45:01,683 - HexagonalHedgeFund - INFO - main_hexagonal_container.py:50 - Starting hexagonal architecture application setup
2025-12-02 21:45:01,683 - HexagonalHedgeFund - INFO - main_hexagonal_container.py:422 - Application configured for development environment
2025-12-02 21:45:01,684 - HexagonalHedgeFund - INFO - main_hexagonal_container.py:423 - Enabled watchers: ['MarketPulse', 'Volatility', 'TrendMTF']
2025-12-02 21:45:01,684 - HexagonalHedgeFund - INFO - main_hexagonal_container.py:424 - Enabled engines: ['Trend', 'Volatility', 'Liquidity']
2025-12-02 22:11:47,137 - HexagonalHedgeFund - INFO - hexagonal_utils.py:152 - Event bus started
2025-12-02 22:11:48,779 - HexagonalHedgeFund - INFO - main_hexagonal_container.py:50 - Starting hexagonal architecture application setup
2025-12-02 22:11:48,814 - HexagonalHedgeFund - INFO - main_hexagonal_container.py:422 - Application configured for development environment
2025-12-02 22:11:48,814 - HexagonalHedgeFund - INFO - main_hexagonal_container.py:423 - Enabled watchers: ['MarketPulse', 'Volatility', 'TrendMTF']
2025-12-02 22:11:48,814 - HexagonalHedgeFund - INFO - main_hexagonal_container.py:424 - Enabled engines: ['Trend', 'Volatility', 'Liquidity']
2025-12-02 22:11:48,814 - HexagonalHedgeFund - INFO - main_hexagonal_container.py:50 - Starting hexagonal architecture application setup
2025-12-02 22:11:48,815 - HexagonalHedgeFund - INFO - main_hexagonal_container.py:422 - Application configured for development environment
2025-12-02 22:11:48,815 - HexagonalHedgeFund - INFO - main_hexagonal_container.py:423 - Enabled watchers: ['MarketPulse', 'Volatility', 'TrendMTF']
2025-12-02 22:11:48,815 - HexagonalHedgeFund - INFO - main_hexagonal_container.py:424 - Enabled engines: ['Trend', 'Volatility', 'Liquidity']
2025-12-03 08:52:17,304 - HexagonalHedgeFund - INFO - hexagonal_utils.py:152 - Event bus started
2025-12-03 08:52:28,116 - HexagonalHedgeFund - INFO - main_hexagonal_container.py:50 - Starting hexagonal architecture application setup
2025-12-03 08:52:28,229 - HexagonalHedgeFund - INFO - main_hexagonal_container.py:422 - Application configured for development environment
2025-12-03 08:52:28,229 - HexagonalHedgeFund - INFO - main_hexagonal_container.py:423 - Enabled watchers: ['MarketPulse', 'Volatility', 'TrendMTF']
2025-12-03 08:52:28,229 - HexagonalHedgeFund - INFO - main_hexagonal_container.py:424 - Enabled engines: ['Trend', 'Volatility', 'Liquidity']
2025-12-03 08:52:28,229 - HexagonalHedgeFund - INFO - main_hexagonal_container.py:50 - Starting hexagonal architecture application setup
2025-12-03 08:52:28,230 - HexagonalHedgeFund - INFO - main_hexagonal_container.py:422 - Application configured for development environment
2025-12-03 08:52:28,230 - HexagonalHedgeFund - INFO - main_hexagonal_container.py:423 - Enabled watchers: ['MarketPulse', 'Volatility', 'TrendMTF']
2025-12-03 08:52:28,230 - HexagonalHedgeFund - INFO - main_hexagonal_container.py:424 - Enabled engines: ['Trend', 'Volatility', 'Liquidity']
2025-12-03 08:52:28,490 - HexagonalHedgeFund - INFO - main_hexagonal_container.py:50 - Starting hexagonal architecture application setup
2025-12-03 08:52:28,490 - HexagonalHedgeFund - INFO - main_hexagonal_container.py:422 - Application configured for development environment
2025-12-03 08:52:28,491 - HexagonalHedgeFund - INFO - main_hexagonal_container.py:423 - Enabled watchers: ['MarketPulse', 'Volatility', 'TrendMTF']
2025-12-03 08:52:28,491 - HexagonalHedgeFund - INFO - main_hexagonal_container.py:424 - Enabled engines: ['Trend', 'Volatility', 'Liquidity']
2025-12-03 08:52:28,494 - HexagonalHedgeFund - INFO - main_hexagonal_container.py:50 - Starting hexagonal architecture application setup
2025-12-03 08:52:28,496 - HexagonalHedgeFund - INFO - main_hexagonal_container.py:422 - Application configured for development environment
2025-12-03 08:52:28,496 - HexagonalHedgeFund - INFO - main_hexagonal_container.py:423 - Enabled watchers: ['MarketPulse', 'Volatility', 'TrendMTF']
2025-12-03 08:52:28,497 - HexagonalHedgeFund - INFO - main_hexagonal_container.py:424 - Enabled engines: ['Trend', 'Volatility', 'Liquidity']
2025-12-03 08:52:28,512 - HexagonalHedgeFund - INFO - main_hexagonal_container.py:50 - Starting hexagonal architecture application setup
2025-12-03 08:52:28,513 - HexagonalHedgeFund - INFO - main_hexagonal_container.py:422 - Application configured for development environment
2025-12-03 08:52:28,513 - HexagonalHedgeFund - INFO - main_hexagonal_container.py:423 - Enabled watchers: ['MarketPulse', 'Volatility', 'TrendMTF']
2025-12-03 08:52:28,514 - HexagonalHedgeFund - INFO - main_hexagonal_container.py:424 - Enabled engines: ['Trend', 'Volatility', 'Liquidity']
2025-12-03 08:52:28,525 - HexagonalHedgeFund - INFO - main_hexagonal_container.py:50 - Starting hexagonal architecture application setup
2025-12-03 08:52:28,526 - HexagonalHedgeFund - INFO - main_hexagonal_container.py:422 - Application configured for development environment
2025-12-03 08:52:28,526 - HexagonalHedgeFund - INFO - main_hexagonal_container.py:423 - Enabled watchers: ['MarketPulse', 'Volatility', 'TrendMTF']
2025-12-03 08:52:28,526 - HexagonalHedgeFund - INFO - main_hexagonal_container.py:424 - Enabled engines: ['Trend', 'Volatility', 'Liquidity']
2025-12-03 08:52:28,537 - HexagonalHedgeFund - INFO - main_hexagonal_container.py:50 - Starting hexagonal architecture application setup
2025-12-03 08:52:28,538 - HexagonalHedgeFund - INFO - main_hexagonal_container.py:422 - Application configured for development environment
2025-12-03 08:52:28,538 - HexagonalHedgeFund - INFO - main_hexagonal_container.py:423 - Enabled watchers: ['MarketPulse', 'Volatility', 'TrendMTF']
2025-12-03 08:52:28,538 - HexagonalHedgeFund - INFO - main_hexagonal_container.py:424 - Enabled engines: ['Trend', 'Volatility', 'Liquidity']
2025-12-03 08:53:50,359 - HexagonalHedgeFund - INFO - hexagonal_utils.py:152 - Event bus started
2025-12-03 08:53:51,885 - HexagonalHedgeFund - INFO - main_hexagonal_container.py:50 - Starting hexagonal architecture application setup
2025-12-03 08:53:51,922 - HexagonalHedgeFund - INFO - main_hexagonal_container.py:422 - Application configured for development environment
2025-12-03 08:53:51,922 - HexagonalHedgeFund - INFO - main_hexagonal_container.py:423 - Enabled watchers: ['MarketPulse', 'Volatility', 'TrendMTF']
2025-12-03 08:53:51,922 - HexagonalHedgeFund - INFO - main_hexagonal_container.py:424 - Enabled engines: ['Trend', 'Volatility', 'Liquidity']
2025-12-03 08:53:51,923 - HexagonalHedgeFund - INFO - main_hexagonal_container.py:50 - Starting hexagonal architecture application setup
2025-12-03 08:53:51,923 - HexagonalHedgeFund - INFO - main_hexagonal_container.py:422 - Application configured for development environment
2025-12-03 08:53:51,923 - HexagonalHedgeFund - INFO - main_hexagonal_container.py:423 - Enabled watchers: ['MarketPulse', 'Volatility', 'TrendMTF']
2025-12-03 08:53:51,924 - HexagonalHedgeFund - INFO - main_hexagonal_container.py:424 - Enabled engines: ['Trend', 'Volatility', 'Liquidity']
2025-12-03 08:54:08,137 - HexagonalHedgeFund - INFO - hexagonal_utils.py:152 - Event bus started
2025-12-03 08:54:09,449 - HexagonalHedgeFund - INFO - main_hexagonal_container.py:50 - Starting hexagonal architecture application setup
2025-12-03 08:54:09,492 - HexagonalHedgeFund - INFO - main_hexagonal_container.py:422 - Application configured for development environment
2025-12-03 08:54:09,492 - HexagonalHedgeFund - INFO - main_hexagonal_container.py:423 - Enabled watchers: ['MarketPulse', 'Volatility', 'TrendMTF']
2025-12-03 08:54:09,492 - HexagonalHedgeFund - INFO - main_hexagonal_container.py:424 - Enabled engines: ['Trend', 'Volatility', 'Liquidity']
2025-12-03 08:54:09,493 - HexagonalHedgeFund - INFO - main_hexagonal_container.py:50 - Starting hexagonal architecture application setup
2025-12-03 08:54:09,493 - HexagonalHedgeFund - INFO - main_hexagonal_container.py:422 - Application configured for development environment
2025-12-03 08:54:09,493 - HexagonalHedgeFund - INFO - main_hexagonal_container.py:423 - Enabled watchers: ['MarketPulse', 'Volatility', 'TrendMTF']
2025-12-03 08:54:09,493 - HexagonalHedgeFund - INFO - main_hexagonal_container.py:424 - Enabled engines: ['Trend', 'Volatility', 'Liquidity']
2025-12-03 08:54:09,497 - HexagonalHedgeFund - INFO - main_hexagonal_container.py:50 - Starting hexagonal architecture application setup
2025-12-03 08:54:09,498 - HexagonalHedgeFund - INFO - main_hexagonal_container.py:422 - Application configured for development environment
2025-12-03 08:54:09,498 - HexagonalHedgeFund - INFO - main_hexagonal_container.py:423 - Enabled watchers: ['MarketPulse', 'Volatility', 'TrendMTF']
2025-12-03 08:54:09,498 - HexagonalHedgeFund - INFO - main_hexagonal_container.py:424 - Enabled engines: ['Trend', 'Volatility', 'Liquidity']
2025-12-03 08:54:09,501 - HexagonalHedgeFund - INFO - main_hexagonal_container.py:50 - Starting hexagonal architecture application setup
2025-12-03 08:54:09,502 - HexagonalHedgeFund - INFO - main_hexagonal_container.py:422 - Application configured for development environment
2025-12-03 08:54:09,502 - HexagonalHedgeFund - INFO - main_hexagonal_container.py:423 - Enabled watchers: ['MarketPulse', 'Volatility', 'TrendMTF']
2025-12-03 08:54:09,502 - HexagonalHedgeFund - INFO - main_hexagonal_container.py:424 - Enabled engines: ['Trend', 'Volatility', 'Liquidity']
2025-12-03 08:54:09,504 - HexagonalHedgeFund - INFO - main_hexagonal_container.py:50 - Starting hexagonal architecture application setup
2025-12-03 08:54:09,504 - HexagonalHedgeFund - INFO - main_hexagonal_container.py:422 - Application configured for development environment
2025-12-03 08:54:09,504 - HexagonalHedgeFund - INFO - main_hexagonal_container.py:423 - Enabled watchers: ['MarketPulse', 'Volatility', 'TrendMTF']
2025-12-03 08:54:09,504 - HexagonalHedgeFund - INFO - main_hexagonal_container.py:424 - Enabled engines: ['Trend', 'Volatility', 'Liquidity']
2025-12-03 08:54:09,506 - HexagonalHedgeFund - INFO - main_hexagonal_container.py:50 - Starting hexagonal architecture application setup
2025-12-03 08:54:09,507 - HexagonalHedgeFund - INFO - main_hexagonal_container.py:422 - Application configured for development environment
2025-12-03 08:54:09,507 - HexagonalHedgeFund - INFO - main_hexagonal_container.py:423 - Enabled watchers: ['MarketPulse', 'Volatility', 'TrendMTF']
2025-12-03 08:54:09,507 - HexagonalHedgeFund - INFO - main_hexagonal_container.py:424 - Enabled engines: ['Trend', 'Volatility', 'Liquidity']
2025-12-03 08:54:09,709 - HexagonalHedgeFund - INFO - main_hexagonal_container.py:50 - Starting hexagonal architecture application setup
2025-12-03 08:54:09,710 - HexagonalHedgeFund - INFO - main_hexagonal_container.py:422 - Application configured for development environment
2025-12-03 08:54:09,710 - HexagonalHedgeFund - INFO - main_hexagonal_container.py:423 - Enabled watchers: ['MarketPulse', 'Volatility', 'TrendMTF']
2025-12-03 08:54:09,710 - HexagonalHedgeFund - INFO - main_hexagonal_container.py:424 - Enabled engines: ['Trend', 'Volatility', 'Liquidity']
2025-12-03 08:54:37,054 - HexagonalHedgeFund - INFO - hexagonal_utils.py:152 - Event bus started
2025-12-03 08:54:38,755 - HexagonalHedgeFund - INFO - main_hexagonal_container.py:50 - Starting hexagonal architecture application setup
2025-12-03 08:54:38,805 - HexagonalHedgeFund - INFO - main_hexagonal_container.py:422 - Application configured for development environment
2025-12-03 08:54:38,805 - HexagonalHedgeFund - INFO - main_hexagonal_container.py:423 - Enabled watchers: ['MarketPulse', 'Volatility', 'TrendMTF']
2025-12-03 08:54:38,805 - HexagonalHedgeFund - INFO - main_hexagonal_container.py:424 - Enabled engines: ['Trend', 'Volatility', 'Liquidity']
2025-12-03 08:54:38,806 - HexagonalHedgeFund - INFO - main_hexagonal_container.py:50 - Starting hexagonal architecture application setup
2025-12-03 08:54:38,807 - HexagonalHedgeFund - INFO - main_hexagonal_container.py:422 - Application configured for development environment
2025-12-03 08:54:38,807 - HexagonalHedgeFund - INFO - main_hexagonal_container.py:423 - Enabled watchers: ['MarketPulse', 'Volatility', 'TrendMTF']
2025-12-03 08:54:38,808 - HexagonalHedgeFund - INFO - main_hexagonal_container.py:424 - Enabled engines: ['Trend', 'Volatility', 'Liquidity']
2025-12-03 08:55:02,860 - HexagonalHedgeFund - INFO - hexagonal_utils.py:152 - Event bus started
2025-12-03 08:55:04,944 - HexagonalHedgeFund - INFO - main_hexagonal_container.py:50 - Starting hexagonal architecture application setup
2025-12-03 08:55:04,977 - HexagonalHedgeFund - INFO - main_hexagonal_container.py:422 - Application configured for development environment
2025-12-03 08:55:04,977 - HexagonalHedgeFund - INFO - main_hexagonal_container.py:423 - Enabled watchers: ['MarketPulse', 'Volatility', 'TrendMTF']
2025-12-03 08:55:04,978 - HexagonalHedgeFund - INFO - main_hexagonal_container.py:424 - Enabled engines: ['Trend', 'Volatility', 'Liquidity']
2025-12-03 08:55:04,978 - HexagonalHedgeFund - INFO - main_hexagonal_container.py:50 - Starting hexagonal architecture application setup
2025-12-03 08:55:04,978 - HexagonalHedgeFund - INFO - main_hexagonal_container.py:422 - Application configured for development environment
2025-12-03 08:55:04,978 - HexagonalHedgeFund - INFO - main_hexagonal_container.py:423 - Enabled watchers: ['MarketPulse', 'Volatility', 'TrendMTF']
2025-12-03 08:55:04,979 - HexagonalHedgeFund - INFO - main_hexagonal_container.py:424 - Enabled engines: ['Trend', 'Volatility', 'Liquidity']
2025-12-03 08:55:04,982 - HexagonalHedgeFund - INFO - main_hexagonal_container.py:50 - Starting hexagonal architecture application setup
2025-12-03 08:55:04,983 - HexagonalHedgeFund - INFO - main_hexagonal_container.py:422 - Application configured for development environment
2025-12-03 08:55:04,983 - HexagonalHedgeFund - INFO - main_hexagonal_container.py:423 - Enabled watchers: ['MarketPulse', 'Volatility', 'TrendMTF']
2025-12-03 08:55:04,984 - HexagonalHedgeFund - INFO - main_hexagonal_container.py:424 - Enabled engines: ['Trend', 'Volatility', 'Liquidity']
2025-12-03 08:55:04,988 - HexagonalHedgeFund - INFO - main_hexagonal_container.py:50 - Starting hexagonal architecture application setup
2025-12-03 08:55:04,989 - HexagonalHedgeFund - INFO - main_hexagonal_container.py:422 - Application configured for development environment
2025-12-03 08:55:04,989 - HexagonalHedgeFund - INFO - main_hexagonal_container.py:423 - Enabled watchers: ['MarketPulse', 'Volatility', 'TrendMTF']
2025-12-03 08:55:04,989 - HexagonalHedgeFund - INFO - main_hexagonal_container.py:424 - Enabled engines: ['Trend', 'Volatility', 'Liquidity']
2025-12-03 08:55:04,992 - HexagonalHedgeFund - INFO - main_hexagonal_container.py:50 - Starting hexagonal architecture application setup
2025-12-03 08:55:04,993 - HexagonalHedgeFund - INFO - main_hexagonal_container.py:422 - Application configured for development environment
2025-12-03 08:55:04,993 - HexagonalHedgeFund - INFO - main_hexagonal_container.py:423 - Enabled watchers: ['MarketPulse', 'Volatility', 'TrendMTF']
2025-12-03 08:55:04,993 - HexagonalHedgeFund - INFO - main_hexagonal_container.py:424 - Enabled engines: ['Trend', 'Volatility', 'Liquidity']
2025-12-03 08:55:04,996 - HexagonalHedgeFund - INFO - main_hexagonal_container.py:50 - Starting hexagonal architecture application setup
2025-12-03 08:55:04,996 - HexagonalHedgeFund - INFO - main_hexagonal_container.py:422 - Application configured for development environment
2025-12-03 08:55:04,997 - HexagonalHedgeFund - INFO - main_hexagonal_container.py:423 - Enabled watchers: ['MarketPulse', 'Volatility', 'TrendMTF']
2025-12-03 08:55:04,997 - HexagonalHedgeFund - INFO - main_hexagonal_container.py:424 - Enabled engines: ['Trend', 'Volatility', 'Liquidity']
2025-12-03 08:55:05,001 - HexagonalHedgeFund - INFO - main_hexagonal_container.py:50 - Starting hexagonal architecture application setup
2025-12-03 08:55:05,002 - HexagonalHedgeFund - INFO - main_hexagonal_container.py:422 - Application configured for development environment
2025-12-03 08:55:05,002 - HexagonalHedgeFund - INFO - main_hexagonal_container.py:423 - Enabled watchers: ['MarketPulse', 'Volatility', 'TrendMTF']
2025-12-03 08:55:05,002 - HexagonalHedgeFund - INFO - main_hexagonal_container.py:424 - Enabled engines: ['Trend', 'Volatility', 'Liquidity']
2025-12-03 08:56:36,153 - HexagonalHedgeFund - INFO - hexagonal_utils.py:152 - Event bus started
2025-12-03 08:56:37,596 - HexagonalHedgeFund - INFO - main_hexagonal_container.py:50 - Starting hexagonal architecture application setup
2025-12-03 08:56:37,633 - HexagonalHedgeFund - INFO - main_hexagonal_container.py:422 - Application configured for development environment
2025-12-03 08:56:37,634 - HexagonalHedgeFund - INFO - main_hexagonal_container.py:423 - Enabled watchers: ['MarketPulse', 'Volatility', 'TrendMTF']
2025-12-03 08:56:37,634 - HexagonalHedgeFund - INFO - main_hexagonal_container.py:424 - Enabled engines: ['Trend', 'Volatility', 'Liquidity']
2025-12-03 08:56:37,634 - HexagonalHedgeFund - INFO - main_hexagonal_container.py:50 - Starting hexagonal architecture application setup
2025-12-03 08:56:37,635 - HexagonalHedgeFund - INFO - main_hexagonal_container.py:422 - Application configured for development environment
2025-12-03 08:56:37,635 - HexagonalHedgeFund - INFO - main_hexagonal_container.py:423 - Enabled watchers: ['MarketPulse', 'Volatility', 'TrendMTF']
2025-12-03 08:56:37,635 - HexagonalHedgeFund - INFO - main_hexagonal_container.py:424 - Enabled engines: ['Trend', 'Volatility', 'Liquidity']
2025-12-03 08:56:37,645 - HexagonalHedgeFund - INFO - main_hexagonal_container.py:50 - Starting hexagonal architecture application setup
2025-12-03 08:56:37,645 - HexagonalHedgeFund - INFO - main_hexagonal_container.py:422 - Application configured for development environment
2025-12-03 08:56:37,646 - HexagonalHedgeFund - INFO - main_hexagonal_container.py:423 - Enabled watchers: ['MarketPulse', 'Volatility', 'TrendMTF']
2025-12-03 08:56:37,646 - HexagonalHedgeFund - INFO - main_hexagonal_container.py:424 - Enabled engines: ['Trend', 'Volatility', 'Liquidity']
2025-12-03 08:56:37,811 - HexagonalHedgeFund - INFO - main_hexagonal_container.py:50 - Starting hexagonal architecture application setup
2025-12-03 08:56:37,812 - HexagonalHedgeFund - INFO - main_hexagonal_container.py:422 - Application configured for development environment
2025-12-03 08:56:37,812 - HexagonalHedgeFund - INFO - main_hexagonal_container.py:423 - Enabled watchers: ['MarketPulse', 'Volatility', 'TrendMTF']
2025-12-03 08:56:37,812 - HexagonalHedgeFund - INFO - main_hexagonal_container.py:424 - Enabled engines: ['Trend', 'Volatility', 'Liquidity']
2025-12-03 08:56:37,815 - HexagonalHedgeFund - INFO - main_hexagonal_container.py:50 - Starting hexagonal architecture application setup
2025-12-03 08:56:37,815 - HexagonalHedgeFund - INFO - main_hexagonal_container.py:422 - Application configured for development environment
2025-12-03 08:56:37,815 - HexagonalHedgeFund - INFO - main_hexagonal_container.py:423 - Enabled watchers: ['MarketPulse', 'Volatility', 'TrendMTF']
2025-12-03 08:56:37,815 - HexagonalHedgeFund - INFO - main_hexagonal_container.py:424 - Enabled engines: ['Trend', 'Volatility', 'Liquidity']
2025-12-03 08:56:37,833 - HexagonalHedgeFund - INFO - main_hexagonal_container.py:50 - Starting hexagonal architecture application setup
2025-12-03 08:56:37,834 - HexagonalHedgeFund - INFO - main_hexagonal_container.py:422 - Application configured for development environment
2025-12-03 08:56:37,835 - HexagonalHedgeFund - INFO - main_hexagonal_container.py:423 - Enabled watchers: ['MarketPulse', 'Volatility', 'TrendMTF']
2025-12-03 08:56:37,835 - HexagonalHedgeFund - INFO - main_hexagonal_container.py:424 - Enabled engines: ['Trend', 'Volatility', 'Liquidity']
2025-12-03 08:56:37,838 - HexagonalHedgeFund - INFO - main_hexagonal_container.py:50 - Starting hexagonal architecture application setup
2025-12-03 08:56:37,838 - HexagonalHedgeFund - INFO - main_hexagonal_container.py:422 - Application configured for development environment
2025-12-03 08:56:37,838 - HexagonalHedgeFund - INFO - main_hexagonal_container.py:423 - Enabled watchers: ['MarketPulse', 'Volatility', 'TrendMTF']
2025-12-03 08:56:37,838 - HexagonalHedgeFund - INFO - main_hexagonal_container.py:424 - Enabled engines: ['Trend', 'Volatility', 'Liquidity']
2025-12-03 08:56:37,862 - HexagonalHedgeFund - INFO - main_hexagonal_container.py:50 - Starting hexagonal architecture application setup
2025-12-03 08:56:37,863 - HexagonalHedgeFund - INFO - main_hexagonal_container.py:422 - Application configured for development environment
2025-12-03 08:56:37,863 - HexagonalHedgeFund - INFO - main_hexagonal_container.py:423 - Enabled watchers: ['MarketPulse', 'Volatility', 'TrendMTF']
2025-12-03 08:56:37,863 - HexagonalHedgeFund - INFO - main_hexagonal_container.py:424 - Enabled engines: ['Trend', 'Volatility', 'Liquidity']
2025-12-03 08:56:37,949 - HexagonalHedgeFund - INFO - main_hexagonal_container.py:50 - Starting hexagonal architecture application setup
2025-12-03 08:56:37,950 - HexagonalHedgeFund - INFO - main_hexagonal_container.py:422 - Application configured for development environment
2025-12-03 08:56:37,950 - HexagonalHedgeFund - INFO - main_hexagonal_container.py:423 - Enabled watchers: ['MarketPulse', 'Volatility', 'TrendMTF']
2025-12-03 08:56:37,950 - HexagonalHedgeFund - INFO - main_hexagonal_container.py:424 - Enabled engines: ['Trend', 'Volatility', 'Liquidity']
2025-12-03 09:01:14,915 - HexagonalHedgeFund - INFO - hexagonal_utils.py:152 - Event bus started
2025-12-03 09:01:16,321 - HexagonalHedgeFund - INFO - main_hexagonal_container.py:50 - Starting hexagonal architecture application setup
2025-12-03 09:01:16,352 - HexagonalHedgeFund - INFO - main_hexagonal_container.py:422 - Application configured for development environment
2025-12-03 09:01:16,353 - HexagonalHedgeFund - INFO - main_hexagonal_container.py:423 - Enabled watchers: ['MarketPulse', 'Volatility', 'TrendMTF']
2025-12-03 09:01:16,353 - HexagonalHedgeFund - INFO - main_hexagonal_container.py:424 - Enabled engines: ['Trend', 'Volatility', 'Liquidity']
2025-12-03 09:01:16,353 - HexagonalHedgeFund - INFO - main_hexagonal_container.py:50 - Starting hexagonal architecture application setup
2025-12-03 09:01:16,354 - HexagonalHedgeFund - INFO - main_hexagonal_container.py:422 - Application configured for development environment
2025-12-03 09:01:16,354 - HexagonalHedgeFund - INFO - main_hexagonal_container.py:423 - Enabled watchers: ['MarketPulse', 'Volatility', 'TrendMTF']
2025-12-03 09:01:16,354 - HexagonalHedgeFund - INFO - main_hexagonal_container.py:424 - Enabled engines: ['Trend', 'Volatility', 'Liquidity']
2025-12-03 09:01:22,323 - HexagonalHedgeFund - INFO - hexagonal_utils.py:152 - Event bus started
2025-12-03 09:01:24,046 - HexagonalHedgeFund - INFO - main_hexagonal_container.py:50 - Starting hexagonal architecture application setup
2025-12-03 09:01:24,078 - HexagonalHedgeFund - INFO - main_hexagonal_container.py:422 - Application configured for development environment
2025-12-03 09:01:24,079 - HexagonalHedgeFund - INFO - main_hexagonal_container.py:423 - Enabled watchers: ['MarketPulse', 'Volatility', 'TrendMTF']
2025-12-03 09:01:24,079 - HexagonalHedgeFund - INFO - main_hexagonal_container.py:424 - Enabled engines: ['Trend', 'Volatility', 'Liquidity']
2025-12-03 09:01:24,079 - HexagonalHedgeFund - INFO - main_hexagonal_container.py:50 - Starting hexagonal architecture application setup
2025-12-03 09:01:24,080 - HexagonalHedgeFund - INFO - main_hexagonal_container.py:422 - Application configured for development environment
2025-12-03 09:01:24,080 - HexagonalHedgeFund - INFO - main_hexagonal_container.py:423 - Enabled watchers: ['MarketPulse', 'Volatility', 'TrendMTF']
2025-12-03 09:01:24,080 - HexagonalHedgeFund - INFO - main_hexagonal_container.py:424 - Enabled engines: ['Trend', 'Volatility', 'Liquidity']
2025-12-03 09:02:30,789 - HexagonalHedgeFund - INFO - hexagonal_utils.py:152 - Event bus started
2025-12-03 09:02:32,182 - HexagonalHedgeFund - INFO - main_hexagonal_container.py:50 - Starting hexagonal architecture application setup
2025-12-03 09:02:32,223 - HexagonalHedgeFund - INFO - main_hexagonal_container.py:422 - Application configured for development environment
2025-12-03 09:02:32,224 - HexagonalHedgeFund - INFO - main_hexagonal_container.py:423 - Enabled watchers: ['MarketPulse', 'Volatility', 'TrendMTF']
2025-12-03 09:02:32,224 - HexagonalHedgeFund - INFO - main_hexagonal_container.py:424 - Enabled engines: ['Trend', 'Volatility', 'Liquidity']
2025-12-03 09:02:32,224 - HexagonalHedgeFund - INFO - main_hexagonal_container.py:50 - Starting hexagonal architecture application setup
2025-12-03 09:02:32,225 - HexagonalHedgeFund - INFO - main_hexagonal_container.py:422 - Application configured for development environment
2025-12-03 09:02:32,225 - HexagonalHedgeFund - INFO - main_hexagonal_container.py:423 - Enabled watchers: ['MarketPulse', 'Volatility', 'TrendMTF']
2025-12-03 09:02:32,226 - HexagonalHedgeFund - INFO - main_hexagonal_container.py:424 - Enabled engines: ['Trend', 'Volatility', 'Liquidity']
2025-12-03 09:02:45,401 - HexagonalHedgeFund - INFO - hexagonal_utils.py:152 - Event bus started
2025-12-03 09:02:46,775 - HexagonalHedgeFund - INFO - main_hexagonal_container.py:50 - Starting hexagonal architecture application setup
2025-12-03 09:02:46,823 - HexagonalHedgeFund - INFO - main_hexagonal_container.py:422 - Application configured for development environment
2025-12-03 09:02:46,824 - HexagonalHedgeFund - INFO - main_hexagonal_container.py:423 - Enabled watchers: ['MarketPulse', 'Volatility', 'TrendMTF']
2025-12-03 09:02:46,824 - HexagonalHedgeFund - INFO - main_hexagonal_container.py:424 - Enabled engines: ['Trend', 'Volatility', 'Liquidity']
2025-12-03 09:02:46,824 - HexagonalHedgeFund - INFO - main_hexagonal_container.py:50 - Starting hexagonal architecture application setup
2025-12-03 09:02:46,825 - HexagonalHedgeFund - INFO - main_hexagonal_container.py:422 - Application configured for development environment
2025-12-03 09:02:46,825 - HexagonalHedgeFund - INFO - main_hexagonal_container.py:423 - Enabled watchers: ['MarketPulse', 'Volatility', 'TrendMTF']
2025-12-03 09:02:46,825 - HexagonalHedgeFund - INFO - main_hexagonal_container.py:424 - Enabled engines: ['Trend', 'Volatility', 'Liquidity']
2025-12-03 09:02:46,834 - HexagonalHedgeFund - INFO - main_hexagonal_container.py:50 - Starting hexagonal architecture application setup
2025-12-03 09:02:46,835 - HexagonalHedgeFund - INFO - main_hexagonal_container.py:422 - Application configured for development environment
2025-12-03 09:02:46,835 - HexagonalHedgeFund - INFO - main_hexagonal_container.py:423 - Enabled watchers: ['MarketPulse', 'Volatility', 'TrendMTF']
2025-12-03 09:02:46,835 - HexagonalHedgeFund - INFO - main_hexagonal_container.py:424 - Enabled engines: ['Trend', 'Volatility', 'Liquidity']
2025-12-03 09:02:46,837 - HexagonalHedgeFund - INFO - main_hexagonal_container.py:50 - Starting hexagonal architecture application setup
2025-12-03 09:02:46,838 - HexagonalHedgeFund - INFO - main_hexagonal_container.py:422 - Application configured for development environment
2025-12-03 09:02:46,838 - HexagonalHedgeFund - INFO - main_hexagonal_container.py:423 - Enabled watchers: ['MarketPulse', 'Volatility', 'TrendMTF']
2025-12-03 09:02:46,838 - HexagonalHedgeFund - INFO - main_hexagonal_container.py:424 - Enabled engines: ['Trend', 'Volatility', 'Liquidity']
2025-12-03 09:02:46,840 - HexagonalHedgeFund - INFO - main_hexagonal_container.py:50 - Starting hexagonal architecture application setup
2025-12-03 09:02:46,840 - HexagonalHedgeFund - INFO - main_hexagonal_container.py:422 - Application configured for development environment
2025-12-03 09:02:46,840 - HexagonalHedgeFund - INFO - main_hexagonal_container.py:423 - Enabled watchers: ['MarketPulse', 'Volatility', 'TrendMTF']
2025-12-03 09:02:46,840 - HexagonalHedgeFund - INFO - main_hexagonal_container.py:424 - Enabled engines: ['Trend', 'Volatility', 'Liquidity']
2025-12-03 09:02:47,050 - HexagonalHedgeFund - INFO - main_hexagonal_container.py:50 - Starting hexagonal architecture application setup
2025-12-03 09:02:47,051 - HexagonalHedgeFund - INFO - main_hexagonal_container.py:422 - Application configured for development environment
2025-12-03 09:02:47,051 - HexagonalHedgeFund - INFO - main_hexagonal_container.py:423 - Enabled watchers: ['MarketPulse', 'Volatility', 'TrendMTF']
2025-12-03 09:02:47,051 - HexagonalHedgeFund - INFO - main_hexagonal_container.py:424 - Enabled engines: ['Trend', 'Volatility', 'Liquidity']
2025-12-03 09:02:47,053 - HexagonalHedgeFund - INFO - main_hexagonal_container.py:50 - Starting hexagonal architecture application setup
2025-12-03 09:02:47,054 - HexagonalHedgeFund - INFO - main_hexagonal_container.py:422 - Application configured for development environment
2025-12-03 09:02:47,054 - HexagonalHedgeFund - INFO - main_hexagonal_container.py:423 - Enabled watchers: ['MarketPulse', 'Volatility', 'TrendMTF']
2025-12-03 09:02:47,054 - HexagonalHedgeFund - INFO - main_hexagonal_container.py:424 - Enabled engines: ['Trend', 'Volatility', 'Liquidity']
2025-12-03 09:02:47,055 - HexagonalHedgeFund - INFO - main_hexagonal_container.py:50 - Starting hexagonal architecture application setup
2025-12-03 09:02:47,056 - HexagonalHedgeFund - INFO - main_hexagonal_container.py:422 - Application configured for development environment
2025-12-03 09:02:47,056 - HexagonalHedgeFund - INFO - main_hexagonal_container.py:423 - Enabled watchers: ['MarketPulse', 'Volatility', 'TrendMTF']
2025-12-03 09:02:47,056 - HexagonalHedgeFund - INFO - main_hexagonal_container.py:424 - Enabled engines: ['Trend', 'Volatility', 'Liquidity']
2025-12-03 09:02:47,058 - HexagonalHedgeFund - INFO - main_hexagonal_container.py:50 - Starting hexagonal architecture application setup
2025-12-03 09:02:47,058 - HexagonalHedgeFund - INFO - main_hexagonal_container.py:422 - Application configured for development environment
2025-12-03 09:02:47,058 - HexagonalHedgeFund - INFO - main_hexagonal_container.py:423 - Enabled watchers: ['MarketPulse', 'Volatility', 'TrendMTF']
2025-12-03 09:02:47,059 - HexagonalHedgeFund - INFO - main_hexagonal_container.py:424 - Enabled engines: ['Trend', 'Volatility', 'Liquidity']
2025-12-03 09:06:16,678 - HexagonalHedgeFund - INFO - hexagonal_utils.py:152 - Event bus started
2025-12-03 09:06:17,998 - HexagonalHedgeFund - INFO - main_hexagonal_container.py:50 - Starting hexagonal architecture application setup
2025-12-03 09:06:18,028 - HexagonalHedgeFund - INFO - main_hexagonal_container.py:422 - Application configured for development environment
2025-12-03 09:06:18,028 - HexagonalHedgeFund - INFO - main_hexagonal_container.py:423 - Enabled watchers: ['MarketPulse', 'Volatility', 'TrendMTF']
2025-12-03 09:06:18,028 - HexagonalHedgeFund - INFO - main_hexagonal_container.py:424 - Enabled engines: ['Trend', 'Volatility', 'Liquidity']
2025-12-03 09:06:18,028 - HexagonalHedgeFund - INFO - main_hexagonal_container.py:50 - Starting hexagonal architecture application setup
2025-12-03 09:06:18,029 - HexagonalHedgeFund - INFO - main_hexagonal_container.py:422 - Application configured for development environment
2025-12-03 09:06:18,029 - HexagonalHedgeFund - INFO - main_hexagonal_container.py:423 - Enabled watchers: ['MarketPulse', 'Volatility', 'TrendMTF']
2025-12-03 09:06:18,029 - HexagonalHedgeFund - INFO - main_hexagonal_container.py:424 - Enabled engines: ['Trend', 'Volatility', 'Liquidity']
2025-12-03 09:06:22,800 - HexagonalHedgeFund - INFO - hexagonal_utils.py:152 - Event bus started
2025-12-03 09:06:24,090 - HexagonalHedgeFund - INFO - main_hexagonal_container.py:50 - Starting hexagonal architecture application setup
2025-12-03 09:06:24,144 - HexagonalHedgeFund - INFO - main_hexagonal_container.py:422 - Application configured for development environment
2025-12-03 09:06:24,144 - HexagonalHedgeFund - INFO - main_hexagonal_container.py:423 - Enabled watchers: ['MarketPulse', 'Volatility', 'TrendMTF']
2025-12-03 09:06:24,144 - HexagonalHedgeFund - INFO - main_hexagonal_container.py:424 - Enabled engines: ['Trend', 'Volatility', 'Liquidity']
2025-12-03 09:06:24,144 - HexagonalHedgeFund - INFO - main_hexagonal_container.py:50 - Starting hexagonal architecture application setup
2025-12-03 09:06:24,145 - HexagonalHedgeFund - INFO - main_hexagonal_container.py:422 - Application configured for development environment
2025-12-03 09:06:24,145 - HexagonalHedgeFund - INFO - main_hexagonal_container.py:423 - Enabled watchers: ['MarketPulse', 'Volatility', 'TrendMTF']
2025-12-03 09:06:24,145 - HexagonalHedgeFund - INFO - main_hexagonal_container.py:424 - Enabled engines: ['Trend', 'Volatility', 'Liquidity']
2025-12-03 09:06:24,149 - HexagonalHedgeFund - INFO - main_hexagonal_container.py:50 - Starting hexagonal architecture application setup
2025-12-03 09:06:24,150 - HexagonalHedgeFund - INFO - main_hexagonal_container.py:422 - Application configured for development environment
2025-12-03 09:06:24,150 - HexagonalHedgeFund - INFO - main_hexagonal_container.py:423 - Enabled watchers: ['MarketPulse', 'Volatility', 'TrendMTF']
2025-12-03 09:06:24,150 - HexagonalHedgeFund - INFO - main_hexagonal_container.py:424 - Enabled engines: ['Trend', 'Volatility', 'Liquidity']
2025-12-03 09:06:24,153 - HexagonalHedgeFund - INFO - main_hexagonal_container.py:50 - Starting hexagonal architecture application setup
2025-12-03 09:06:24,154 - HexagonalHedgeFund - INFO - main_hexagonal_container.py:422 - Application configured for development environment
2025-12-03 09:06:24,154 - HexagonalHedgeFund - INFO - main_hexagonal_container.py:423 - Enabled watchers: ['MarketPulse', 'Volatility', 'TrendMTF']
2025-12-03 09:06:24,155 - HexagonalHedgeFund - INFO - main_hexagonal_container.py:424 - Enabled engines: ['Trend', 'Volatility', 'Liquidity']
2025-12-03 09:06:24,158 - HexagonalHedgeFund - INFO - main_hexagonal_container.py:50 - Starting hexagonal architecture application setup
2025-12-03 09:06:24,159 - HexagonalHedgeFund - INFO - main_hexagonal_container.py:422 - Application configured for development environment
2025-12-03 09:06:24,159 - HexagonalHedgeFund - INFO - main_hexagonal_container.py:423 - Enabled watchers: ['MarketPulse', 'Volatility', 'TrendMTF']
2025-12-03 09:06:24,159 - HexagonalHedgeFund - INFO - main_hexagonal_container.py:424 - Enabled engines: ['Trend', 'Volatility', 'Liquidity']
2025-12-03 09:06:24,161 - HexagonalHedgeFund - INFO - main_hexagonal_container.py:50 - Starting hexagonal architecture application setup
2025-12-03 09:06:24,162 - HexagonalHedgeFund - INFO - main_hexagonal_container.py:422 - Application configured for development environment
2025-12-03 09:06:24,162 - HexagonalHedgeFund - INFO - main_hexagonal_container.py:423 - Enabled watchers: ['MarketPulse', 'Volatility', 'TrendMTF']
2025-12-03 09:06:24,162 - HexagonalHedgeFund - INFO - main_hexagonal_container.py:424 - Enabled engines: ['Trend', 'Volatility', 'Liquidity']
2025-12-03 09:06:24,164 - HexagonalHedgeFund - INFO - main_hexagonal_container.py:50 - Starting hexagonal architecture application setup
2025-12-03 09:06:24,165 - HexagonalHedgeFund - INFO - main_hexagonal_container.py:422 - Application configured for development environment
2025-12-03 09:06:24,165 - HexagonalHedgeFund - INFO - main_hexagonal_container.py:423 - Enabled watchers: ['MarketPulse', 'Volatility', 'TrendMTF']
2025-12-03 09:06:24,165 - HexagonalHedgeFund - INFO - main_hexagonal_container.py:424 - Enabled engines: ['Trend', 'Volatility', 'Liquidity']
2025-12-03 09:06:24,168 - HexagonalHedgeFund - INFO - main_hexagonal_container.py:50 - Starting hexagonal architecture application setup
2025-12-03 09:06:24,168 - HexagonalHedgeFund - INFO - main_hexagonal_container.py:422 - Application configured for development environment
2025-12-03 09:06:24,168 - HexagonalHedgeFund - INFO - main_hexagonal_container.py:423 - Enabled watchers: ['MarketPulse', 'Volatility', 'TrendMTF']
2025-12-03 09:06:24,168 - HexagonalHedgeFund - INFO - main_hexagonal_container.py:424 - Enabled engines: ['Trend', 'Volatility', 'Liquidity']
2025-12-03 09:06:24,171 - HexagonalHedgeFund - INFO - main_hexagonal_container.py:50 - Starting hexagonal architecture application setup
2025-12-03 09:06:24,172 - HexagonalHedgeFund - INFO - main_hexagonal_container.py:422 - Application configured for development environment
2025-12-03 09:06:24,172 - HexagonalHedgeFund - INFO - main_hexagonal_container.py:423 - Enabled watchers: ['MarketPulse', 'Volatility', 'TrendMTF']
2025-12-03 09:06:24,172 - HexagonalHedgeFund - INFO - main_hexagonal_container.py:424 - Enabled engines: ['Trend', 'Volatility', 'Liquidity']
2025-12-03 09:06:36,816 - HexagonalHedgeFund - INFO - hexagonal_utils.py:152 - Event bus started
2025-12-03 09:06:38,159 - HexagonalHedgeFund - INFO - main_hexagonal_container.py:50 - Starting hexagonal architecture application setup
2025-12-03 09:06:38,191 - HexagonalHedgeFund - INFO - main_hexagonal_container.py:422 - Application configured for development environment
2025-12-03 09:06:38,191 - HexagonalHedgeFund - INFO - main_hexagonal_container.py:423 - Enabled watchers: ['MarketPulse', 'Volatility', 'TrendMTF']
2025-12-03 09:06:38,191 - HexagonalHedgeFund - INFO - main_hexagonal_container.py:424 - Enabled engines: ['Trend', 'Volatility', 'Liquidity']
2025-12-03 09:06:38,191 - HexagonalHedgeFund - INFO - main_hexagonal_container.py:50 - Starting hexagonal architecture application setup
2025-12-03 09:06:38,192 - HexagonalHedgeFund - INFO - main_hexagonal_container.py:422 - Application configured for development environment
2025-12-03 09:06:38,192 - HexagonalHedgeFund - INFO - main_hexagonal_container.py:423 - Enabled watchers: ['MarketPulse', 'Volatility', 'TrendMTF']
2025-12-03 09:06:38,192 - HexagonalHedgeFund - INFO - main_hexagonal_container.py:424 - Enabled engines: ['Trend', 'Volatility', 'Liquidity']
2025-12-03 09:06:38,201 - HexagonalHedgeFund - INFO - main_hexagonal_container.py:50 - Starting hexagonal architecture application setup
2025-12-03 09:06:38,202 - HexagonalHedgeFund - INFO - main_hexagonal_container.py:422 - Application configured for development environment
2025-12-03 09:06:38,202 - HexagonalHedgeFund - INFO - main_hexagonal_container.py:423 - Enabled watchers: ['MarketPulse', 'Volatility', 'TrendMTF']
2025-12-03 09:06:38,202 - HexagonalHedgeFund - INFO - main_hexagonal_container.py:424 - Enabled engines: ['Trend', 'Volatility', 'Liquidity']
2025-12-03 09:06:38,205 - HexagonalHedgeFund - INFO - main_hexagonal_container.py:50 - Starting hexagonal architecture application setup
2025-12-03 09:06:38,205 - HexagonalHedgeFund - INFO - main_hexagonal_container.py:422 - Application configured for development environment
2025-12-03 09:06:38,205 - HexagonalHedgeFund - INFO - main_hexagonal_container.py:423 - Enabled watchers: ['MarketPulse', 'Volatility', 'TrendMTF']
2025-12-03 09:06:38,205 - HexagonalHedgeFund - INFO - main_hexagonal_container.py:424 - Enabled engines: ['Trend', 'Volatility', 'Liquidity']
2025-12-03 09:06:38,207 - HexagonalHedgeFund - INFO - main_hexagonal_container.py:50 - Starting hexagonal architecture application setup
2025-12-03 09:06:38,208 - HexagonalHedgeFund - INFO - main_hexagonal_container.py:422 - Application configured for development environment
2025-12-03 09:06:38,208 - HexagonalHedgeFund - INFO - main_hexagonal_container.py:423 - Enabled watchers: ['MarketPulse', 'Volatility', 'TrendMTF']
2025-12-03 09:06:38,208 - HexagonalHedgeFund - INFO - main_hexagonal_container.py:424 - Enabled engines: ['Trend', 'Volatility', 'Liquidity']
2025-12-03 09:06:38,210 - HexagonalHedgeFund - INFO - main_hexagonal_container.py:50 - Starting hexagonal architecture application setup
2025-12-03 09:06:38,210 - HexagonalHedgeFund - INFO - main_hexagonal_container.py:422 - Application configured for development environment
2025-12-03 09:06:38,210 - HexagonalHedgeFund - INFO - main_hexagonal_container.py:423 - Enabled watchers: ['MarketPulse', 'Volatility', 'TrendMTF']
2025-12-03 09:06:38,210 - HexagonalHedgeFund - INFO - main_hexagonal_container.py:424 - Enabled engines: ['Trend', 'Volatility', 'Liquidity']
2025-12-03 09:06:38,213 - HexagonalHedgeFund - INFO - main_hexagonal_container.py:50 - Starting hexagonal architecture application setup
2025-12-03 09:06:38,213 - HexagonalHedgeFund - INFO - main_hexagonal_container.py:422 - Application configured for development environment
2025-12-03 09:06:38,213 - HexagonalHedgeFund - INFO - main_hexagonal_container.py:423 - Enabled watchers: ['MarketPulse', 'Volatility', 'TrendMTF']
2025-12-03 09:06:38,214 - HexagonalHedgeFund - INFO - main_hexagonal_container.py:424 - Enabled engines: ['Trend', 'Volatility', 'Liquidity']
2025-12-03 09:07:00,949 - HexagonalHedgeFund - INFO - hexagonal_utils.py:152 - Event bus started
2025-12-03 09:07:02,465 - HexagonalHedgeFund - INFO - main_hexagonal_container.py:50 - Starting hexagonal architecture application setup
2025-12-03 09:07:02,511 - HexagonalHedgeFund - INFO - main_hexagonal_container.py:422 - Application configured for development environment
2025-12-03 09:07:02,512 - HexagonalHedgeFund - INFO - main_hexagonal_container.py:423 - Enabled watchers: ['MarketPulse', 'Volatility', 'TrendMTF']
2025-12-03 09:07:02,512 - HexagonalHedgeFund - INFO - main_hexagonal_container.py:424 - Enabled engines: ['Trend', 'Volatility', 'Liquidity']
2025-12-03 09:07:02,513 - HexagonalHedgeFund - INFO - main_hexagonal_container.py:50 - Starting hexagonal architecture application setup
2025-12-03 09:07:02,514 - HexagonalHedgeFund - INFO - main_hexagonal_container.py:422 - Application configured for development environment
2025-12-03 09:07:02,514 - HexagonalHedgeFund - INFO - main_hexagonal_container.py:423 - Enabled watchers: ['MarketPulse', 'Volatility', 'TrendMTF']
2025-12-03 09:07:02,514 - HexagonalHedgeFund - INFO - main_hexagonal_container.py:424 - Enabled engines: ['Trend', 'Volatility', 'Liquidity']
2025-12-03 09:07:02,525 - HexagonalHedgeFund - INFO - main_hexagonal_container.py:50 - Starting hexagonal architecture application setup
2025-12-03 09:07:02,525 - HexagonalHedgeFund - INFO - main_hexagonal_container.py:422 - Application configured for development environment
2025-12-03 09:07:02,525 - HexagonalHedgeFund - INFO - main_hexagonal_container.py:423 - Enabled watchers: ['MarketPulse', 'Volatility', 'TrendMTF']
2025-12-03 09:07:02,526 - HexagonalHedgeFund - INFO - main_hexagonal_container.py:424 - Enabled engines: ['Trend', 'Volatility', 'Liquidity']
2025-12-03 09:07:02,529 - HexagonalHedgeFund - INFO - main_hexagonal_container.py:50 - Starting hexagonal architecture application setup
2025-12-03 09:07:02,529 - HexagonalHedgeFund - INFO - main_hexagonal_container.py:422 - Application configured for development environment
2025-12-03 09:07:02,529 - HexagonalHedgeFund - INFO - main_hexagonal_container.py:423 - Enabled watchers: ['MarketPulse', 'Volatility', 'TrendMTF']
2025-12-03 09:07:02,529 - HexagonalHedgeFund - INFO - main_hexagonal_container.py:424 - Enabled engines: ['Trend', 'Volatility', 'Liquidity']
2025-12-03 09:07:02,531 - HexagonalHedgeFund - INFO - main_hexagonal_container.py:50 - Starting hexagonal architecture application setup
2025-12-03 09:07:02,532 - HexagonalHedgeFund - INFO - main_hexagonal_container.py:422 - Application configured for development environment
2025-12-03 09:07:02,532 - HexagonalHedgeFund - INFO - main_hexagonal_container.py:423 - Enabled watchers: ['MarketPulse', 'Volatility', 'TrendMTF']
2025-12-03 09:07:02,532 - HexagonalHedgeFund - INFO - main_hexagonal_container.py:424 - Enabled engines: ['Trend', 'Volatility', 'Liquidity']
2025-12-03 09:07:02,533 - HexagonalHedgeFund - INFO - main_hexagonal_container.py:50 - Starting hexagonal architecture application setup
2025-12-03 09:07:02,534 - HexagonalHedgeFund - INFO - main_hexagonal_container.py:422 - Application configured for development environment
2025-12-03 09:07:02,534 - HexagonalHedgeFund - INFO - main_hexagonal_container.py:423 - Enabled watchers: ['MarketPulse', 'Volatility', 'TrendMTF']
2025-12-03 09:07:02,534 - HexagonalHedgeFund - INFO - main_hexagonal_container.py:424 - Enabled engines: ['Trend', 'Volatility', 'Liquidity']
2025-12-03 09:07:02,535 - HexagonalHedgeFund - INFO - main_hexagonal_container.py:50 - Starting hexagonal architecture application setup
2025-12-03 09:07:02,536 - HexagonalHedgeFund - INFO - main_hexagonal_container.py:422 - Application configured for development environment
2025-12-03 09:07:02,536 - HexagonalHedgeFund - INFO - main_hexagonal_container.py:423 - Enabled watchers: ['MarketPulse', 'Volatility', 'TrendMTF']
2025-12-03 09:07:02,536 - HexagonalHedgeFund - INFO - main_hexagonal_container.py:424 - Enabled engines: ['Trend', 'Volatility', 'Liquidity']
2025-12-03 09:07:02,537 - HexagonalHedgeFund - INFO - main_hexagonal_container.py:50 - Starting hexagonal architecture application setup
2025-12-03 09:07:02,538 - HexagonalHedgeFund - INFO - main_hexagonal_container.py:422 - Application configured for development environment
2025-12-03 09:07:02,538 - HexagonalHedgeFund - INFO - main_hexagonal_container.py:423 - Enabled watchers: ['MarketPulse', 'Volatility', 'TrendMTF']
2025-12-03 09:07:02,538 - HexagonalHedgeFund - INFO - main_hexagonal_container.py:424 - Enabled engines: ['Trend', 'Volatility', 'Liquidity']
2025-12-03 09:07:02,539 - HexagonalHedgeFund - INFO - main_hexagonal_container.py:50 - Starting hexagonal architecture application setup
2025-12-03 09:07:02,540 - HexagonalHedgeFund - INFO - main_hexagonal_container.py:422 - Application configured for development environment
2025-12-03 09:07:02,541 - HexagonalHedgeFund - INFO - main_hexagonal_container.py:423 - Enabled watchers: ['MarketPulse', 'Volatility', 'TrendMTF']
2025-12-03 09:07:02,541 - HexagonalHedgeFund - INFO - main_hexagonal_container.py:424 - Enabled engines: ['Trend', 'Volatility', 'Liquidity']
2025-12-03 09:07:02,549 - HexagonalHedgeFund - INFO - main_hexagonal_container.py:50 - Starting hexagonal architecture application setup
2025-12-03 09:07:02,552 - HexagonalHedgeFund - INFO - main_hexagonal_container.py:422 - Application configured for development environment
2025-12-03 09:07:02,552 - HexagonalHedgeFund - INFO - main_hexagonal_container.py:423 - Enabled watchers: ['MarketPulse', 'Volatility', 'TrendMTF']
2025-12-03 09:07:02,552 - HexagonalHedgeFund - INFO - main_hexagonal_container.py:424 - Enabled engines: ['Trend', 'Volatility', 'Liquidity']
2025-12-03 09:07:02,556 - HexagonalHedgeFund - INFO - main_hexagonal_container.py:50 - Starting hexagonal architecture application setup
2025-12-03 09:07:02,557 - HexagonalHedgeFund - INFO - main_hexagonal_container.py:422 - Application configured for development environment
2025-12-03 09:07:02,558 - HexagonalHedgeFund - INFO - main_hexagonal_container.py:423 - Enabled watchers: ['MarketPulse', 'Volatility', 'TrendMTF']
2025-12-03 09:07:02,558 - HexagonalHedgeFund - INFO - main_hexagonal_container.py:424 - Enabled engines: ['Trend', 'Volatility', 'Liquidity']
2025-12-03 09:07:02,562 - HexagonalHedgeFund - INFO - main_hexagonal_container.py:50 - Starting hexagonal architecture application setup
2025-12-03 09:07:02,563 - HexagonalHedgeFund - INFO - main_hexagonal_container.py:422 - Application configured for development environment
2025-12-03 09:07:02,563 - HexagonalHedgeFund - INFO - main_hexagonal_container.py:423 - Enabled watchers: ['MarketPulse', 'Volatility', 'TrendMTF']
2025-12-03 09:07:02,563 - HexagonalHedgeFund - INFO - main_hexagonal_container.py:424 - Enabled engines: ['Trend', 'Volatility', 'Liquidity']
2025-12-03 09:07:02,565 - HexagonalHedgeFund - INFO - main_hexagonal_container.py:50 - Starting hexagonal architecture application setup
2025-12-03 09:07:02,566 - HexagonalHedgeFund - INFO - main_hexagonal_container.py:422 - Application configured for development environment
2025-12-03 09:07:02,566 - HexagonalHedgeFund - INFO - main_hexagonal_container.py:423 - Enabled watchers: ['MarketPulse', 'Volatility', 'TrendMTF']
2025-12-03 09:07:02,566 - HexagonalHedgeFund - INFO - main_hexagonal_container.py:424 - Enabled engines: ['Trend', 'Volatility', 'Liquidity']
2025-12-03 09:07:02,568 - HexagonalHedgeFund - INFO - main_hexagonal_container.py:50 - Starting hexagonal architecture application setup
2025-12-03 09:07:02,569 - HexagonalHedgeFund - INFO - main_hexagonal_container.py:422 - Application configured for development environment
2025-12-03 09:07:02,569 - HexagonalHedgeFund - INFO - main_hexagonal_container.py:423 - Enabled watchers: ['MarketPulse', 'Volatility', 'TrendMTF']
2025-12-03 09:07:02,569 - HexagonalHedgeFund - INFO - main_hexagonal_container.py:424 - Enabled engines: ['Trend', 'Volatility', 'Liquidity']
2025-12-03 09:07:02,576 - HexagonalHedgeFund - INFO - main_hexagonal_container.py:50 - Starting hexagonal architecture application setup
2025-12-03 09:07:02,577 - HexagonalHedgeFund - INFO - main_hexagonal_container.py:422 - Application configured for development environment
2025-12-03 09:07:02,577 - HexagonalHedgeFund - INFO - main_hexagonal_container.py:423 - Enabled watchers: ['MarketPulse', 'Volatility', 'TrendMTF']
2025-12-03 09:07:02,577 - HexagonalHedgeFund - INFO - main_hexagonal_container.py:424 - Enabled engines: ['Trend', 'Volatility', 'Liquidity']
2025-12-03 09:08:04,346 - HexagonalHedgeFund - INFO - hexagonal_utils.py:152 - Event bus started
2025-12-03 09:08:05,737 - HexagonalHedgeFund - INFO - main_hexagonal_container.py:50 - Starting hexagonal architecture application setup
2025-12-03 09:08:05,773 - HexagonalHedgeFund - INFO - main_hexagonal_container.py:422 - Application configured for development environment
2025-12-03 09:08:05,774 - HexagonalHedgeFund - INFO - main_hexagonal_container.py:423 - Enabled watchers: ['MarketPulse', 'Volatility', 'TrendMTF']
2025-12-03 09:08:05,774 - HexagonalHedgeFund - INFO - main_hexagonal_container.py:424 - Enabled engines: ['Trend', 'Volatility', 'Liquidity']
2025-12-03 09:08:05,774 - HexagonalHedgeFund - INFO - main_hexagonal_container.py:50 - Starting hexagonal architecture application setup
2025-12-03 09:08:05,775 - HexagonalHedgeFund - INFO - main_hexagonal_container.py:422 - Application configured for development environment
2025-12-03 09:08:05,775 - HexagonalHedgeFund - INFO - main_hexagonal_container.py:423 - Enabled watchers: ['MarketPulse', 'Volatility', 'TrendMTF']
2025-12-03 09:08:05,775 - HexagonalHedgeFund - INFO - main_hexagonal_container.py:424 - Enabled engines: ['Trend', 'Volatility', 'Liquidity']
2025-12-03 09:08:05,777 - HexagonalHedgeFund - INFO - main_hexagonal_container.py:50 - Starting hexagonal architecture application setup
2025-12-03 09:08:05,778 - HexagonalHedgeFund - INFO - main_hexagonal_container.py:422 - Application configured for development environment
2025-12-03 09:08:05,778 - HexagonalHedgeFund - INFO - main_hexagonal_container.py:423 - Enabled watchers: ['MarketPulse', 'Volatility', 'TrendMTF']
2025-12-03 09:08:05,778 - HexagonalHedgeFund - INFO - main_hexagonal_container.py:424 - Enabled engines: ['Trend', 'Volatility', 'Liquidity']
2025-12-03 09:08:05,785 - HexagonalHedgeFund - INFO - main_hexagonal_container.py:50 - Starting hexagonal architecture application setup
2025-12-03 09:08:05,787 - HexagonalHedgeFund - INFO - main_hexagonal_container.py:422 - Application configured for development environment
2025-12-03 09:08:05,788 - HexagonalHedgeFund - INFO - main_hexagonal_container.py:423 - Enabled watchers: ['MarketPulse', 'Volatility', 'TrendMTF']
2025-12-03 09:08:05,788 - HexagonalHedgeFund - INFO - main_hexagonal_container.py:424 - Enabled engines: ['Trend', 'Volatility', 'Liquidity']
2025-12-03 09:08:05,790 - HexagonalHedgeFund - INFO - main_hexagonal_container.py:50 - Starting hexagonal architecture application setup
2025-12-03 09:08:05,790 - HexagonalHedgeFund - INFO - main_hexagonal_container.py:422 - Application configured for development environment
2025-12-03 09:08:05,790 - HexagonalHedgeFund - INFO - main_hexagonal_container.py:423 - Enabled watchers: ['MarketPulse', 'Volatility', 'TrendMTF']
2025-12-03 09:08:05,790 - HexagonalHedgeFund - INFO - main_hexagonal_container.py:424 - Enabled engines: ['Trend', 'Volatility', 'Liquidity']
2025-12-03 09:20:25,285 - HexagonalHedgeFund - INFO - hexagonal_utils.py:152 - Event bus started
2025-12-03 09:20:26,520 - HexagonalHedgeFund - INFO - main_hexagonal_container.py:50 - Starting hexagonal architecture application setup
2025-12-03 09:20:26,550 - HexagonalHedgeFund - INFO - main_hexagonal_container.py:422 - Application configured for development environment
2025-12-03 09:20:26,550 - HexagonalHedgeFund - INFO - main_hexagonal_container.py:423 - Enabled watchers: ['MarketPulse', 'Volatility', 'TrendMTF']
2025-12-03 09:20:26,550 - HexagonalHedgeFund - INFO - main_hexagonal_container.py:424 - Enabled engines: ['Trend', 'Volatility', 'Liquidity']
2025-12-03 09:20:26,551 - HexagonalHedgeFund - INFO - main_hexagonal_container.py:50 - Starting hexagonal architecture application setup
2025-12-03 09:20:26,552 - HexagonalHedgeFund - INFO - main_hexagonal_container.py:422 - Application configured for development environment
2025-12-03 09:20:26,552 - HexagonalHedgeFund - INFO - main_hexagonal_container.py:423 - Enabled watchers: ['MarketPulse', 'Volatility', 'TrendMTF']
2025-12-03 09:20:26,552 - HexagonalHedgeFund - INFO - main_hexagonal_container.py:424 - Enabled engines: ['Trend', 'Volatility', 'Liquidity']
2025-12-03 09:20:26,555 - HexagonalHedgeFund - INFO - main_hexagonal_container.py:50 - Starting hexagonal architecture application setup
2025-12-03 09:20:26,555 - HexagonalHedgeFund - INFO - main_hexagonal_container.py:422 - Application configured for development environment
2025-12-03 09:20:26,555 - HexagonalHedgeFund - INFO - main_hexagonal_container.py:423 - Enabled watchers: ['MarketPulse', 'Volatility', 'TrendMTF']
2025-12-03 09:20:26,555 - HexagonalHedgeFund - INFO - main_hexagonal_container.py:424 - Enabled engines: ['Trend', 'Volatility', 'Liquidity']
2025-12-03 09:20:26,662 - HexagonalHedgeFund - INFO - main_hexagonal_container.py:50 - Starting hexagonal architecture application setup
2025-12-03 09:20:26,663 - HexagonalHedgeFund - INFO - main_hexagonal_container.py:422 - Application configured for development environment
2025-12-03 09:20:26,663 - HexagonalHedgeFund - INFO - main_hexagonal_container.py:423 - Enabled watchers: ['MarketPulse', 'Volatility', 'TrendMTF']
2025-12-03 09:20:26,663 - HexagonalHedgeFund - INFO - main_hexagonal_container.py:424 - Enabled engines: ['Trend', 'Volatility', 'Liquidity']
2025-12-03 09:20:26,692 - HexagonalHedgeFund - INFO - main_hexagonal_container.py:50 - Starting hexagonal architecture application setup
2025-12-03 09:20:26,692 - HexagonalHedgeFund - INFO - main_hexagonal_container.py:422 - Application configured for development environment
2025-12-03 09:20:26,692 - HexagonalHedgeFund - INFO - main_hexagonal_container.py:423 - Enabled watchers: ['MarketPulse', 'Volatility', 'TrendMTF']
2025-12-03 09:20:26,692 - HexagonalHedgeFund - INFO - main_hexagonal_container.py:424 - Enabled engines: ['Trend', 'Volatility', 'Liquidity']
2025-12-03 09:20:26,701 - HexagonalHedgeFund - INFO - main_hexagonal_container.py:50 - Starting hexagonal architecture application setup
2025-12-03 09:20:26,701 - HexagonalHedgeFund - INFO - main_hexagonal_container.py:422 - Application configured for development environment
2025-12-03 09:20:26,702 - HexagonalHedgeFund - INFO - main_hexagonal_container.py:423 - Enabled watchers: ['MarketPulse', 'Volatility', 'TrendMTF']
2025-12-03 09:20:26,702 - HexagonalHedgeFund - INFO - main_hexagonal_container.py:424 - Enabled engines: ['Trend', 'Volatility', 'Liquidity']
2025-12-03 09:20:26,708 - HexagonalHedgeFund - INFO - main_hexagonal_container.py:50 - Starting hexagonal architecture application setup
2025-12-03 09:20:26,708 - HexagonalHedgeFund - INFO - main_hexagonal_container.py:422 - Application configured for development environment
2025-12-03 09:20:26,709 - HexagonalHedgeFund - INFO - main_hexagonal_container.py:423 - Enabled watchers: ['MarketPulse', 'Volatility', 'TrendMTF']
2025-12-03 09:20:26,709 - HexagonalHedgeFund - INFO - main_hexagonal_container.py:424 - Enabled engines: ['Trend', 'Volatility', 'Liquidity']
2025-12-03 09:20:26,714 - HexagonalHedgeFund - INFO - main_hexagonal_container.py:50 - Starting hexagonal architecture application setup
2025-12-03 09:20:26,715 - HexagonalHedgeFund - INFO - main_hexagonal_container.py:422 - Application configured for development environment
2025-12-03 09:20:26,715 - HexagonalHedgeFund - INFO - main_hexagonal_container.py:423 - Enabled watchers: ['MarketPulse', 'Volatility', 'TrendMTF']
2025-12-03 09:20:26,715 - HexagonalHedgeFund - INFO - main_hexagonal_container.py:424 - Enabled engines: ['Trend', 'Volatility', 'Liquidity']
2025-12-03 09:20:35,707 - HexagonalHedgeFund - INFO - hexagonal_utils.py:152 - Event bus started
2025-12-03 09:20:36,911 - HexagonalHedgeFund - INFO - main_hexagonal_container.py:50 - Starting hexagonal architecture application setup
2025-12-03 09:20:36,942 - HexagonalHedgeFund - INFO - main_hexagonal_container.py:422 - Application configured for development environment
2025-12-03 09:20:36,942 - HexagonalHedgeFund - INFO - main_hexagonal_container.py:423 - Enabled watchers: ['MarketPulse', 'Volatility', 'TrendMTF']
2025-12-03 09:20:36,942 - HexagonalHedgeFund - INFO - main_hexagonal_container.py:424 - Enabled engines: ['Trend', 'Volatility', 'Liquidity']
2025-12-03 09:20:36,943 - HexagonalHedgeFund - INFO - main_hexagonal_container.py:50 - Starting hexagonal architecture application setup
2025-12-03 09:20:36,943 - HexagonalHedgeFund - INFO - main_hexagonal_container.py:422 - Application configured for development environment
2025-12-03 09:20:36,943 - HexagonalHedgeFund - INFO - main_hexagonal_container.py:423 - Enabled watchers: ['MarketPulse', 'Volatility', 'TrendMTF']
2025-12-03 09:20:36,943 - HexagonalHedgeFund - INFO - main_hexagonal_container.py:424 - Enabled engines: ['Trend', 'Volatility', 'Liquidity']
2025-12-03 09:34:40,876 - HexagonalHedgeFund - INFO - hexagonal_utils.py:152 - Event bus started
2025-12-03 09:34:42,103 - HexagonalHedgeFund - INFO - main_hexagonal_container.py:50 - Starting hexagonal architecture application setup
2025-12-03 09:35:37,196 - HexagonalHedgeFund - INFO - hexagonal_utils.py:152 - Event bus started
2025-12-03 09:35:38,819 - HexagonalHedgeFund - INFO - main_hexagonal_container.py:50 - Starting hexagonal architecture application setup
2025-12-03 09:36:24,909 - HexagonalHedgeFund - INFO - hexagonal_utils.py:152 - Event bus started
2025-12-03 09:36:26,419 - HexagonalHedgeFund - INFO - main_hexagonal_container.py:50 - Starting hexagonal architecture application setup
2025-12-03 09:36:26,461 - HexagonalHedgeFund - INFO - main_hexagonal_container.py:461 - Application configured for development environment
2025-12-03 09:36:26,461 - HexagonalHedgeFund - INFO - main_hexagonal_container.py:462 - Enabled watchers: ['MarketPulse', 'Volatility', 'TrendMTF']
2025-12-03 09:36:26,461 - HexagonalHedgeFund - INFO - main_hexagonal_container.py:463 - Enabled engines: ['Trend', 'Volatility', 'Liquidity']
2025-12-03 09:36:26,461 - HexagonalHedgeFund - INFO - main_hexagonal_container.py:50 - Starting hexagonal architecture application setup
2025-12-03 09:36:26,462 - HexagonalHedgeFund - INFO - main_hexagonal_container.py:461 - Application configured for development environment
2025-12-03 09:36:26,462 - HexagonalHedgeFund - INFO - main_hexagonal_container.py:462 - Enabled watchers: ['MarketPulse', 'Volatility', 'TrendMTF']
2025-12-03 09:36:26,462 - HexagonalHedgeFund - INFO - main_hexagonal_container.py:463 - Enabled engines: ['Trend', 'Volatility', 'Liquidity']
2025-12-03 09:36:31,634 - HexagonalHedgeFund - INFO - hexagonal_utils.py:152 - Event bus started
2025-12-03 09:36:33,058 - HexagonalHedgeFund - INFO - main_hexagonal_container.py:50 - Starting hexagonal architecture application setup
2025-12-03 09:36:33,124 - HexagonalHedgeFund - INFO - main_hexagonal_container.py:461 - Application configured for development environment
2025-12-03 09:36:33,124 - HexagonalHedgeFund - INFO - main_hexagonal_container.py:462 - Enabled watchers: ['MarketPulse', 'Volatility', 'TrendMTF']
2025-12-03 09:36:33,125 - HexagonalHedgeFund - INFO - main_hexagonal_container.py:463 - Enabled engines: ['Trend', 'Volatility', 'Liquidity']
2025-12-03 09:36:33,125 - HexagonalHedgeFund - INFO - main_hexagonal_container.py:50 - Starting hexagonal architecture application setup
2025-12-03 09:36:33,126 - HexagonalHedgeFund - INFO - main_hexagonal_container.py:461 - Application configured for development environment
2025-12-03 09:36:33,126 - HexagonalHedgeFund - INFO - main_hexagonal_container.py:462 - Enabled watchers: ['MarketPulse', 'Volatility', 'TrendMTF']
2025-12-03 09:36:33,126 - HexagonalHedgeFund - INFO - main_hexagonal_container.py:463 - Enabled engines: ['Trend', 'Volatility', 'Liquidity']
2025-12-03 09:36:33,130 - HexagonalHedgeFund - INFO - main_hexagonal_container.py:50 - Starting hexagonal architecture application setup
2025-12-03 09:36:33,131 - HexagonalHedgeFund - INFO - main_hexagonal_container.py:461 - Application configured for development environment
2025-12-03 09:36:33,131 - HexagonalHedgeFund - INFO - main_hexagonal_container.py:462 - Enabled watchers: ['MarketPulse', 'Volatility', 'TrendMTF']
2025-12-03 09:36:33,131 - HexagonalHedgeFund - INFO - main_hexagonal_container.py:463 - Enabled engines: ['Trend', 'Volatility', 'Liquidity']
2025-12-03 09:36:33,309 - HexagonalHedgeFund - INFO - main_hexagonal_container.py:50 - Starting hexagonal architecture application setup
2025-12-03 09:36:33,309 - HexagonalHedgeFund - INFO - main_hexagonal_container.py:461 - Application configured for development environment
2025-12-03 09:36:33,309 - HexagonalHedgeFund - INFO - main_hexagonal_container.py:462 - Enabled watchers: ['MarketPulse', 'Volatility', 'TrendMTF']
2025-12-03 09:36:33,309 - HexagonalHedgeFund - INFO - main_hexagonal_container.py:463 - Enabled engines: ['Trend', 'Volatility', 'Liquidity']
2025-12-03 09:36:33,312 - HexagonalHedgeFund - INFO - main_hexagonal_container.py:50 - Starting hexagonal architecture application setup
2025-12-03 09:36:33,312 - HexagonalHedgeFund - INFO - main_hexagonal_container.py:461 - Application configured for development environment
2025-12-03 09:36:33,312 - HexagonalHedgeFund - INFO - main_hexagonal_container.py:462 - Enabled watchers: ['MarketPulse', 'Volatility', 'TrendMTF']
2025-12-03 09:36:33,312 - HexagonalHedgeFund - INFO - main_hexagonal_container.py:463 - Enabled engines: ['Trend', 'Volatility', 'Liquidity']
2025-12-03 09:36:33,315 - HexagonalHedgeFund - INFO - main_hexagonal_container.py:50 - Starting hexagonal architecture application setup
2025-12-03 09:36:33,316 - HexagonalHedgeFund - INFO - main_hexagonal_container.py:461 - Application configured for development environment
2025-12-03 09:36:33,316 - HexagonalHedgeFund - INFO - main_hexagonal_container.py:462 - Enabled watchers: ['MarketPulse', 'Volatility', 'TrendMTF']
2025-12-03 09:36:33,316 - HexagonalHedgeFund - INFO - main_hexagonal_container.py:463 - Enabled engines: ['Trend', 'Volatility', 'Liquidity']
2025-12-03 09:36:33,317 - HexagonalHedgeFund - INFO - main_hexagonal_container.py:50 - Starting hexagonal architecture application setup
2025-12-03 09:36:33,318 - HexagonalHedgeFund - INFO - main_hexagonal_container.py:461 - Application configured for development environment
2025-12-03 09:36:33,318 - HexagonalHedgeFund - INFO - main_hexagonal_container.py:462 - Enabled watchers: ['MarketPulse', 'Volatility', 'TrendMTF']
2025-12-03 09:36:33,318 - HexagonalHedgeFund - INFO - main_hexagonal_container.py:463 - Enabled engines: ['Trend', 'Volatility', 'Liquidity']
2025-12-03 09:36:33,320 - HexagonalHedgeFund - INFO - main_hexagonal_container.py:50 - Starting hexagonal architecture application setup
2025-12-03 09:36:33,320 - HexagonalHedgeFund - INFO - main_hexagonal_container.py:461 - Application configured for development environment
2025-12-03 09:36:33,320 - HexagonalHedgeFund - INFO - main_hexagonal_container.py:462 - Enabled watchers: ['MarketPulse', 'Volatility', 'TrendMTF']
2025-12-03 09:36:33,320 - HexagonalHedgeFund - INFO - main_hexagonal_container.py:463 - Enabled engines: ['Trend', 'Volatility', 'Liquidity']
2025-12-03 09:44:13,188 - HexagonalHedgeFund - INFO - hexagonal_utils.py:152 - Event bus started
2025-12-03 09:44:14,463 - HexagonalHedgeFund - INFO - main_hexagonal_container.py:50 - Starting hexagonal architecture application setup
2025-12-03 09:44:14,501 - HexagonalHedgeFund - INFO - main_hexagonal_container.py:461 - Application configured for development environment
2025-12-03 09:44:14,501 - HexagonalHedgeFund - INFO - main_hexagonal_container.py:462 - Enabled watchers: ['MarketPulse', 'Volatility', 'TrendMTF']
2025-12-03 09:44:14,502 - HexagonalHedgeFund - INFO - main_hexagonal_container.py:463 - Enabled engines: ['Trend', 'Volatility', 'Liquidity']
2025-12-03 09:44:14,502 - HexagonalHedgeFund - INFO - main_hexagonal_container.py:50 - Starting hexagonal architecture application setup
2025-12-03 09:44:14,502 - HexagonalHedgeFund - INFO - main_hexagonal_container.py:461 - Application configured for development environment
2025-12-03 09:44:14,502 - HexagonalHedgeFund - INFO - main_hexagonal_container.py:462 - Enabled watchers: ['MarketPulse', 'Volatility', 'TrendMTF']
2025-12-03 09:44:14,502 - HexagonalHedgeFund - INFO - main_hexagonal_container.py:463 - Enabled engines: ['Trend', 'Volatility', 'Liquidity']
2025-12-03 09:45:55,289 - HexagonalHedgeFund - INFO - hexagonal_utils.py:152 - Event bus started
2025-12-03 09:45:56,678 - HexagonalHedgeFund - INFO - main_hexagonal_container.py:50 - Starting hexagonal architecture application setup
2025-12-03 09:45:56,718 - HexagonalHedgeFund - INFO - main_hexagonal_container.py:461 - Application configured for development environment
2025-12-03 09:45:56,719 - HexagonalHedgeFund - INFO - main_hexagonal_container.py:462 - Enabled watchers: ['MarketPulse', 'Volatility', 'TrendMTF']
2025-12-03 09:45:56,719 - HexagonalHedgeFund - INFO - main_hexagonal_container.py:463 - Enabled engines: ['Trend', 'Volatility', 'Liquidity']
2025-12-03 09:45:56,719 - HexagonalHedgeFund - INFO - main_hexagonal_container.py:50 - Starting hexagonal architecture application setup
2025-12-03 09:45:56,720 - HexagonalHedgeFund - INFO - main_hexagonal_container.py:461 - Application configured for development environment
2025-12-03 09:45:56,720 - HexagonalHedgeFund - INFO - main_hexagonal_container.py:462 - Enabled watchers: ['MarketPulse', 'Volatility', 'TrendMTF']
2025-12-03 09:45:56,720 - HexagonalHedgeFund - INFO - main_hexagonal_container.py:463 - Enabled engines: ['Trend', 'Volatility', 'Liquidity']
2025-12-03 10:04:19,887 - HexagonalHedgeFund - INFO - hexagonal_utils.py:152 - Event bus started
2025-12-03 10:04:21,268 - HexagonalHedgeFund - INFO - main_hexagonal_container.py:50 - Starting hexagonal architecture application setup
2025-12-03 10:04:21,316 - HexagonalHedgeFund - INFO - main_hexagonal_container.py:461 - Application configured for development environment
2025-12-03 10:04:21,316 - HexagonalHedgeFund - INFO - main_hexagonal_container.py:462 - Enabled watchers: ['MarketPulse', 'Volatility', 'TrendMTF']
2025-12-03 10:04:21,317 - HexagonalHedgeFund - INFO - main_hexagonal_container.py:463 - Enabled engines: ['Trend', 'Volatility', 'Liquidity']
2025-12-03 10:04:21,317 - HexagonalHedgeFund - INFO - main_hexagonal_container.py:50 - Starting hexagonal architecture application setup
2025-12-03 10:04:21,317 - HexagonalHedgeFund - INFO - main_hexagonal_container.py:461 - Application configured for development environment
2025-12-03 10:04:21,317 - HexagonalHedgeFund - INFO - main_hexagonal_container.py:462 - Enabled watchers: ['MarketPulse', 'Volatility', 'TrendMTF']
2025-12-03 10:04:21,317 - HexagonalHedgeFund - INFO - main_hexagonal_container.py:463 - Enabled engines: ['Trend', 'Volatility', 'Liquidity']
2025-12-03 10:04:34,162 - HexagonalHedgeFund - INFO - hexagonal_utils.py:152 - Event bus started
2025-12-03 10:04:35,354 - HexagonalHedgeFund - INFO - main_hexagonal_container.py:50 - Starting hexagonal architecture application setup
2025-12-03 10:04:35,384 - HexagonalHedgeFund - INFO - main_hexagonal_container.py:461 - Application configured for development environment
2025-12-03 10:04:35,384 - HexagonalHedgeFund - INFO - main_hexagonal_container.py:462 - Enabled watchers: ['MarketPulse', 'Volatility', 'TrendMTF']
2025-12-03 10:04:35,384 - HexagonalHedgeFund - INFO - main_hexagonal_container.py:463 - Enabled engines: ['Trend', 'Volatility', 'Liquidity']
2025-12-03 10:04:35,384 - HexagonalHedgeFund - INFO - main_hexagonal_container.py:50 - Starting hexagonal architecture application setup
2025-12-03 10:04:35,385 - HexagonalHedgeFund - INFO - main_hexagonal_container.py:461 - Application configured for development environment
2025-12-03 10:04:35,385 - HexagonalHedgeFund - INFO - main_hexagonal_container.py:462 - Enabled watchers: ['MarketPulse', 'Volatility', 'TrendMTF']
2025-12-03 10:04:35,385 - HexagonalHedgeFund - INFO - main_hexagonal_container.py:463 - Enabled engines: ['Trend', 'Volatility', 'Liquidity']
2025-12-03 10:04:46,956 - HexagonalHedgeFund - INFO - hexagonal_utils.py:152 - Event bus started
2025-12-03 10:04:48,090 - HexagonalHedgeFund - INFO - main_hexagonal_container.py:50 - Starting hexagonal architecture application setup
2025-12-03 10:04:48,123 - HexagonalHedgeFund - INFO - main_hexagonal_container.py:461 - Application configured for development environment
2025-12-03 10:04:48,123 - HexagonalHedgeFund - INFO - main_hexagonal_container.py:462 - Enabled watchers: ['MarketPulse', 'Volatility', 'TrendMTF']
2025-12-03 10:04:48,123 - HexagonalHedgeFund - INFO - main_hexagonal_container.py:463 - Enabled engines: ['Trend', 'Volatility', 'Liquidity']
2025-12-03 10:04:48,123 - HexagonalHedgeFund - INFO - main_hexagonal_container.py:50 - Starting hexagonal architecture application setup
2025-12-03 10:04:48,124 - HexagonalHedgeFund - INFO - main_hexagonal_container.py:461 - Application configured for development environment
2025-12-03 10:04:48,124 - HexagonalHedgeFund - INFO - main_hexagonal_container.py:462 - Enabled watchers: ['MarketPulse', 'Volatility', 'TrendMTF']
2025-12-03 10:04:48,124 - HexagonalHedgeFund - INFO - main_hexagonal_container.py:463 - Enabled engines: ['Trend', 'Volatility', 'Liquidity']
2025-12-03 10:05:14,004 - HexagonalHedgeFund - INFO - hexagonal_utils.py:152 - Event bus started
2025-12-03 10:05:15,140 - HexagonalHedgeFund - INFO - main_hexagonal_container.py:50 - Starting hexagonal architecture application setup
2025-12-03 10:05:15,186 - HexagonalHedgeFund - INFO - main_hexagonal_container.py:461 - Application configured for development environment
2025-12-03 10:05:15,187 - HexagonalHedgeFund - INFO - main_hexagonal_container.py:462 - Enabled watchers: ['MarketPulse', 'Volatility', 'TrendMTF']
2025-12-03 10:05:15,187 - HexagonalHedgeFund - INFO - main_hexagonal_container.py:463 - Enabled engines: ['Trend', 'Volatility', 'Liquidity']
2025-12-03 10:05:15,187 - HexagonalHedgeFund - INFO - main_hexagonal_container.py:50 - Starting hexagonal architecture application setup
2025-12-03 10:05:15,187 - HexagonalHedgeFund - INFO - main_hexagonal_container.py:461 - Application configured for development environment
2025-12-03 10:05:15,187 - HexagonalHedgeFund - INFO - main_hexagonal_container.py:462 - Enabled watchers: ['MarketPulse', 'Volatility', 'TrendMTF']
2025-12-03 10:05:15,187 - HexagonalHedgeFund - INFO - main_hexagonal_container.py:463 - Enabled engines: ['Trend', 'Volatility', 'Liquidity']
2025-12-03 10:05:40,313 - HexagonalHedgeFund - INFO - hexagonal_utils.py:152 - Event bus started
2025-12-03 10:05:41,400 - HexagonalHedgeFund - INFO - main_hexagonal_container.py:50 - Starting hexagonal architecture application setup
2025-12-03 10:05:41,434 - HexagonalHedgeFund - INFO - main_hexagonal_container.py:461 - Application configured for development environment
2025-12-03 10:05:41,434 - HexagonalHedgeFund - INFO - main_hexagonal_container.py:462 - Enabled watchers: ['MarketPulse', 'Volatility', 'TrendMTF']
2025-12-03 10:05:41,434 - HexagonalHedgeFund - INFO - main_hexagonal_container.py:463 - Enabled engines: ['Trend', 'Volatility', 'Liquidity']
2025-12-03 10:05:41,434 - HexagonalHedgeFund - INFO - main_hexagonal_container.py:50 - Starting hexagonal architecture application setup
2025-12-03 10:05:41,435 - HexagonalHedgeFund - INFO - main_hexagonal_container.py:461 - Application configured for development environment
2025-12-03 10:05:41,435 - HexagonalHedgeFund - INFO - main_hexagonal_container.py:462 - Enabled watchers: ['MarketPulse', 'Volatility', 'TrendMTF']
2025-12-03 10:05:41,435 - HexagonalHedgeFund - INFO - main_hexagonal_container.py:463 - Enabled engines: ['Trend', 'Volatility', 'Liquidity']
2025-12-03 10:05:46,499 - HexagonalHedgeFund - INFO - hexagonal_utils.py:152 - Event bus started
2025-12-03 10:05:47,582 - HexagonalHedgeFund - INFO - main_hexagonal_container.py:50 - Starting hexagonal architecture application setup
2025-12-03 10:05:47,618 - HexagonalHedgeFund - INFO - main_hexagonal_container.py:461 - Application configured for development environment
2025-12-03 10:05:47,618 - HexagonalHedgeFund - INFO - main_hexagonal_container.py:462 - Enabled watchers: ['MarketPulse', 'Volatility', 'TrendMTF']
2025-12-03 10:05:47,618 - HexagonalHedgeFund - INFO - main_hexagonal_container.py:463 - Enabled engines: ['Trend', 'Volatility', 'Liquidity']
2025-12-03 10:05:47,618 - HexagonalHedgeFund - INFO - main_hexagonal_container.py:50 - Starting hexagonal architecture application setup
2025-12-03 10:05:47,619 - HexagonalHedgeFund - INFO - main_hexagonal_container.py:461 - Application configured for development environment
2025-12-03 10:05:47,619 - HexagonalHedgeFund - INFO - main_hexagonal_container.py:462 - Enabled watchers: ['MarketPulse', 'Volatility', 'TrendMTF']
2025-12-03 10:05:47,619 - HexagonalHedgeFund - INFO - main_hexagonal_container.py:463 - Enabled engines: ['Trend', 'Volatility', 'Liquidity']
2025-12-03 10:05:47,629 - HexagonalHedgeFund - INFO - main_hexagonal_container.py:50 - Starting hexagonal architecture application setup
2025-12-03 10:05:47,630 - HexagonalHedgeFund - INFO - main_hexagonal_container.py:461 - Application configured for development environment
2025-12-03 10:05:47,630 - HexagonalHedgeFund - INFO - main_hexagonal_container.py:462 - Enabled watchers: ['MarketPulse', 'Volatility', 'TrendMTF']
2025-12-03 10:05:47,630 - HexagonalHedgeFund - INFO - main_hexagonal_container.py:463 - Enabled engines: ['Trend', 'Volatility', 'Liquidity']
2025-12-03 10:05:47,632 - HexagonalHedgeFund - INFO - main_hexagonal_container.py:50 - Starting hexagonal architecture application setup
2025-12-03 10:05:47,632 - HexagonalHedgeFund - INFO - main_hexagonal_container.py:461 - Application configured for development environment
2025-12-03 10:05:47,633 - HexagonalHedgeFund - INFO - main_hexagonal_container.py:462 - Enabled watchers: ['MarketPulse', 'Volatility', 'TrendMTF']
2025-12-03 10:05:47,633 - HexagonalHedgeFund - INFO - main_hexagonal_container.py:463 - Enabled engines: ['Trend', 'Volatility', 'Liquidity']
2025-12-03 10:05:47,634 - HexagonalHedgeFund - INFO - main_hexagonal_container.py:50 - Starting hexagonal architecture application setup
2025-12-03 10:05:47,635 - HexagonalHedgeFund - INFO - main_hexagonal_container.py:461 - Application configured for development environment
2025-12-03 10:05:47,635 - HexagonalHedgeFund - INFO - main_hexagonal_container.py:462 - Enabled watchers: ['MarketPulse', 'Volatility', 'TrendMTF']
2025-12-03 10:05:47,635 - HexagonalHedgeFund - INFO - main_hexagonal_container.py:463 - Enabled engines: ['Trend', 'Volatility', 'Liquidity']
2025-12-03 10:05:47,637 - HexagonalHedgeFund - INFO - main_hexagonal_container.py:50 - Starting hexagonal architecture application setup
2025-12-03 10:05:47,637 - HexagonalHedgeFund - INFO - main_hexagonal_container.py:461 - Application configured for development environment
2025-12-03 10:05:47,637 - HexagonalHedgeFund - INFO - main_hexagonal_container.py:462 - Enabled watchers: ['MarketPulse', 'Volatility', 'TrendMTF']
2025-12-03 10:05:47,637 - HexagonalHedgeFund - INFO - main_hexagonal_container.py:463 - Enabled engines: ['Trend', 'Volatility', 'Liquidity']
2025-12-03 10:05:47,638 - HexagonalHedgeFund - INFO - main_hexagonal_container.py:50 - Starting hexagonal architecture application setup
2025-12-03 10:05:47,639 - HexagonalHedgeFund - INFO - main_hexagonal_container.py:461 - Application configured for development environment
2025-12-03 10:05:47,639 - HexagonalHedgeFund - INFO - main_hexagonal_container.py:462 - Enabled watchers: ['MarketPulse', 'Volatility', 'TrendMTF']
2025-12-03 10:05:47,639 - HexagonalHedgeFund - INFO - main_hexagonal_container.py:463 - Enabled engines: ['Trend', 'Volatility', 'Liquidity']
2025-12-03 10:05:47,640 - HexagonalHedgeFund - INFO - main_hexagonal_container.py:50 - Starting hexagonal architecture application setup
2025-12-03 10:05:47,641 - HexagonalHedgeFund - INFO - main_hexagonal_container.py:461 - Application configured for development environment
2025-12-03 10:05:47,641 - HexagonalHedgeFund - INFO - main_hexagonal_container.py:462 - Enabled watchers: ['MarketPulse', 'Volatility', 'TrendMTF']
2025-12-03 10:05:47,641 - HexagonalHedgeFund - INFO - main_hexagonal_container.py:463 - Enabled engines: ['Trend', 'Volatility', 'Liquidity']
2025-12-03 10:05:47,643 - HexagonalHedgeFund - INFO - main_hexagonal_container.py:50 - Starting hexagonal architecture application setup
2025-12-03 10:05:47,644 - HexagonalHedgeFund - INFO - main_hexagonal_container.py:461 - Application configured for development environment
2025-12-03 10:05:47,644 - HexagonalHedgeFund - INFO - main_hexagonal_container.py:462 - Enabled watchers: ['MarketPulse', 'Volatility', 'TrendMTF']
2025-12-03 10:05:47,644 - HexagonalHedgeFund - INFO - main_hexagonal_container.py:463 - Enabled engines: ['Trend', 'Volatility', 'Liquidity']
2025-12-03 10:05:52,498 - HexagonalHedgeFund - INFO - hexagonal_utils.py:152 - Event bus started
2025-12-03 10:05:53,727 - HexagonalHedgeFund - INFO - main_hexagonal_container.py:50 - Starting hexagonal architecture application setup
2025-12-03 10:05:53,762 - HexagonalHedgeFund - INFO - main_hexagonal_container.py:461 - Application configured for development environment
2025-12-03 10:05:53,762 - HexagonalHedgeFund - INFO - main_hexagonal_container.py:462 - Enabled watchers: ['MarketPulse', 'Volatility', 'TrendMTF']
2025-12-03 10:05:53,762 - HexagonalHedgeFund - INFO - main_hexagonal_container.py:463 - Enabled engines: ['Trend', 'Volatility', 'Liquidity']
2025-12-03 10:05:53,763 - HexagonalHedgeFund - INFO - main_hexagonal_container.py:50 - Starting hexagonal architecture application setup
2025-12-03 10:05:53,763 - HexagonalHedgeFund - INFO - main_hexagonal_container.py:461 - Application configured for development environment
2025-12-03 10:05:53,764 - HexagonalHedgeFund - INFO - main_hexagonal_container.py:462 - Enabled watchers: ['MarketPulse', 'Volatility', 'TrendMTF']
2025-12-03 10:05:53,764 - HexagonalHedgeFund - INFO - main_hexagonal_container.py:463 - Enabled engines: ['Trend', 'Volatility', 'Liquidity']
2025-12-03 10:05:53,773 - HexagonalHedgeFund - INFO - main_hexagonal_container.py:50 - Starting hexagonal architecture application setup
2025-12-03 10:05:53,774 - HexagonalHedgeFund - INFO - main_hexagonal_container.py:461 - Application configured for development environment
2025-12-03 10:05:53,774 - HexagonalHedgeFund - INFO - main_hexagonal_container.py:462 - Enabled watchers: ['MarketPulse', 'Volatility', 'TrendMTF']
2025-12-03 10:05:53,774 - HexagonalHedgeFund - INFO - main_hexagonal_container.py:463 - Enabled engines: ['Trend', 'Volatility', 'Liquidity']
2025-12-03 10:05:53,777 - HexagonalHedgeFund - INFO - main_hexagonal_container.py:50 - Starting hexagonal architecture application setup
2025-12-03 10:05:53,778 - HexagonalHedgeFund - INFO - main_hexagonal_container.py:461 - Application configured for development environment
2025-12-03 10:05:53,778 - HexagonalHedgeFund - INFO - main_hexagonal_container.py:462 - Enabled watchers: ['MarketPulse', 'Volatility', 'TrendMTF']
2025-12-03 10:05:53,778 - HexagonalHedgeFund - INFO - main_hexagonal_container.py:463 - Enabled engines: ['Trend', 'Volatility', 'Liquidity']
2025-12-03 10:05:53,781 - HexagonalHedgeFund - INFO - main_hexagonal_container.py:50 - Starting hexagonal architecture application setup
2025-12-03 10:05:53,781 - HexagonalHedgeFund - INFO - main_hexagonal_container.py:461 - Application configured for development environment
2025-12-03 10:05:53,782 - HexagonalHedgeFund - INFO - main_hexagonal_container.py:462 - Enabled watchers: ['MarketPulse', 'Volatility', 'TrendMTF']
2025-12-03 10:05:53,782 - HexagonalHedgeFund - INFO - main_hexagonal_container.py:463 - Enabled engines: ['Trend', 'Volatility', 'Liquidity']
2025-12-03 10:05:53,784 - HexagonalHedgeFund - INFO - main_hexagonal_container.py:50 - Starting hexagonal architecture application setup
2025-12-03 10:05:53,785 - HexagonalHedgeFund - INFO - main_hexagonal_container.py:461 - Application configured for development environment
2025-12-03 10:05:53,785 - HexagonalHedgeFund - INFO - main_hexagonal_container.py:462 - Enabled watchers: ['MarketPulse', 'Volatility', 'TrendMTF']
2025-12-03 10:05:53,785 - HexagonalHedgeFund - INFO - main_hexagonal_container.py:463 - Enabled engines: ['Trend', 'Volatility', 'Liquidity']
2025-12-03 10:05:53,789 - HexagonalHedgeFund - INFO - main_hexagonal_container.py:50 - Starting hexagonal architecture application setup
2025-12-03 10:05:53,789 - HexagonalHedgeFund - INFO - main_hexagonal_container.py:461 - Application configured for development environment
2025-12-03 10:05:53,790 - HexagonalHedgeFund - INFO - main_hexagonal_container.py:462 - Enabled watchers: ['MarketPulse', 'Volatility', 'TrendMTF']
2025-12-03 10:05:53,790 - HexagonalHedgeFund - INFO - main_hexagonal_container.py:463 - Enabled engines: ['Trend', 'Volatility', 'Liquidity']
2025-12-03 10:05:58,797 - HexagonalHedgeFund - INFO - hexagonal_utils.py:152 - Event bus started
2025-12-03 10:06:01,790 - HexagonalHedgeFund - INFO - main_hexagonal_container.py:50 - Starting hexagonal architecture application setup
2025-12-03 10:06:01,908 - HexagonalHedgeFund - INFO - main_hexagonal_container.py:461 - Application configured for development environment
2025-12-03 10:06:01,908 - HexagonalHedgeFund - INFO - main_hexagonal_container.py:462 - Enabled watchers: ['MarketPulse', 'Volatility', 'TrendMTF']
2025-12-03 10:06:01,908 - HexagonalHedgeFund - INFO - main_hexagonal_container.py:463 - Enabled engines: ['Trend', 'Volatility', 'Liquidity']
2025-12-03 10:06:01,909 - HexagonalHedgeFund - INFO - main_hexagonal_container.py:50 - Starting hexagonal architecture application setup
2025-12-03 10:06:01,910 - HexagonalHedgeFund - INFO - main_hexagonal_container.py:461 - Application configured for development environment
2025-12-03 10:06:01,910 - HexagonalHedgeFund - INFO - main_hexagonal_container.py:462 - Enabled watchers: ['MarketPulse', 'Volatility', 'TrendMTF']
2025-12-03 10:06:01,910 - HexagonalHedgeFund - INFO - main_hexagonal_container.py:463 - Enabled engines: ['Trend', 'Volatility', 'Liquidity']
2025-12-03 10:06:01,912 - HexagonalHedgeFund - INFO - main_hexagonal_container.py:50 - Starting hexagonal architecture application setup
2025-12-03 10:06:01,913 - HexagonalHedgeFund - INFO - main_hexagonal_container.py:461 - Application configured for development environment
2025-12-03 10:06:01,913 - HexagonalHedgeFund - INFO - main_hexagonal_container.py:462 - Enabled watchers: ['MarketPulse', 'Volatility', 'TrendMTF']
2025-12-03 10:06:01,913 - HexagonalHedgeFund - INFO - main_hexagonal_container.py:463 - Enabled engines: ['Trend', 'Volatility', 'Liquidity']
2025-12-03 10:06:01,925 - HexagonalHedgeFund - INFO - main_hexagonal_container.py:50 - Starting hexagonal architecture application setup
2025-12-03 10:06:01,926 - HexagonalHedgeFund - INFO - main_hexagonal_container.py:461 - Application configured for development environment
2025-12-03 10:06:01,926 - HexagonalHedgeFund - INFO - main_hexagonal_container.py:462 - Enabled watchers: ['MarketPulse', 'Volatility', 'TrendMTF']
2025-12-03 10:06:01,926 - HexagonalHedgeFund - INFO - main_hexagonal_container.py:463 - Enabled engines: ['Trend', 'Volatility', 'Liquidity']
2025-12-03 10:06:01,928 - HexagonalHedgeFund - INFO - main_hexagonal_container.py:50 - Starting hexagonal architecture application setup
2025-12-03 10:06:01,929 - HexagonalHedgeFund - INFO - main_hexagonal_container.py:461 - Application configured for development environment
2025-12-03 10:06:01,929 - HexagonalHedgeFund - INFO - main_hexagonal_container.py:462 - Enabled watchers: ['MarketPulse', 'Volatility', 'TrendMTF']
2025-12-03 10:06:01,929 - HexagonalHedgeFund - INFO - main_hexagonal_container.py:463 - Enabled engines: ['Trend', 'Volatility', 'Liquidity']
2025-12-03 10:15:25,185 - HexagonalHedgeFund - INFO - hexagonal_utils.py:152 - Event bus started
2025-12-03 10:15:25,279 - HexagonalHedgeFund - INFO - main_hexagonal_container.py:50 - Starting hexagonal architecture application setup
2025-12-03 10:15:25,326 - HexagonalHedgeFund - INFO - main_hexagonal_container.py:461 - Application configured for development environment
2025-12-03 10:15:25,327 - HexagonalHedgeFund - INFO - main_hexagonal_container.py:462 - Enabled watchers: ['MarketPulse', 'Volatility', 'TrendMTF']
2025-12-03 10:15:25,327 - HexagonalHedgeFund - INFO - main_hexagonal_container.py:463 - Enabled engines: ['Trend', 'Volatility', 'Liquidity']
2025-12-03 10:15:25,327 - HexagonalHedgeFund - INFO - main_hexagonal_container.py:50 - Starting hexagonal architecture application setup
2025-12-03 10:15:25,328 - HexagonalHedgeFund - INFO - main_hexagonal_container.py:461 - Application configured for development environment
2025-12-03 10:15:25,328 - HexagonalHedgeFund - INFO - main_hexagonal_container.py:462 - Enabled watchers: ['MarketPulse', 'Volatility', 'TrendMTF']
2025-12-03 10:15:25,328 - HexagonalHedgeFund - INFO - main_hexagonal_container.py:463 - Enabled engines: ['Trend', 'Volatility', 'Liquidity']
2025-12-03 10:25:37,101 - HexagonalHedgeFund - INFO - hexagonal_utils.py:152 - Event bus started
2025-12-03 10:25:37,164 - HexagonalHedgeFund - INFO - main_hexagonal_container.py:50 - Starting hexagonal architecture application setup
2025-12-03 10:25:37,194 - HexagonalHedgeFund - INFO - main_hexagonal_container.py:461 - Application configured for development environment
2025-12-03 10:25:37,194 - HexagonalHedgeFund - INFO - main_hexagonal_container.py:462 - Enabled watchers: ['MarketPulse', 'Volatility', 'TrendMTF']
2025-12-03 10:25:37,194 - HexagonalHedgeFund - INFO - main_hexagonal_container.py:463 - Enabled engines: ['Trend', 'Volatility', 'Liquidity']
2025-12-03 10:25:37,194 - HexagonalHedgeFund - INFO - main_hexagonal_container.py:50 - Starting hexagonal architecture application setup
2025-12-03 10:25:37,195 - HexagonalHedgeFund - INFO - main_hexagonal_container.py:461 - Application configured for development environment
2025-12-03 10:25:37,195 - HexagonalHedgeFund - INFO - main_hexagonal_container.py:462 - Enabled watchers: ['MarketPulse', 'Volatility', 'TrendMTF']
2025-12-03 10:25:37,195 - HexagonalHedgeFund - INFO - main_hexagonal_container.py:463 - Enabled engines: ['Trend', 'Volatility', 'Liquidity']
2025-12-03 10:26:39,402 - HexagonalHedgeFund - INFO - hexagonal_utils.py:152 - Event bus started
2025-12-03 10:26:41,641 - HexagonalHedgeFund - INFO - main_hexagonal_container.py:50 - Starting hexagonal architecture application setup
2025-12-03 10:26:41,685 - HexagonalHedgeFund - INFO - main_hexagonal_container.py:461 - Application configured for development environment
2025-12-03 10:26:41,685 - HexagonalHedgeFund - INFO - main_hexagonal_container.py:462 - Enabled watchers: ['MarketPulse', 'Volatility', 'TrendMTF']
2025-12-03 10:26:41,685 - HexagonalHedgeFund - INFO - main_hexagonal_container.py:463 - Enabled engines: ['Trend', 'Volatility', 'Liquidity']
2025-12-03 10:26:41,686 - HexagonalHedgeFund - INFO - main_hexagonal_container.py:50 - Starting hexagonal architecture application setup
2025-12-03 10:26:41,686 - HexagonalHedgeFund - INFO - main_hexagonal_container.py:461 - Application configured for development environment
2025-12-03 10:26:41,686 - HexagonalHedgeFund - INFO - main_hexagonal_container.py:462 - Enabled watchers: ['MarketPulse', 'Volatility', 'TrendMTF']
2025-12-03 10:26:41,687 - HexagonalHedgeFund - INFO - main_hexagonal_container.py:463 - Enabled engines: ['Trend', 'Volatility', 'Liquidity']
2025-12-03 10:26:50,451 - HexagonalHedgeFund - INFO - hexagonal_utils.py:152 - Event bus started
2025-12-03 10:26:52,105 - HexagonalHedgeFund - INFO - main_hexagonal_container.py:50 - Starting hexagonal architecture application setup
2025-12-03 10:26:52,148 - HexagonalHedgeFund - INFO - main_hexagonal_container.py:461 - Application configured for development environment
2025-12-03 10:26:52,148 - HexagonalHedgeFund - INFO - main_hexagonal_container.py:462 - Enabled watchers: ['MarketPulse', 'Volatility', 'TrendMTF']
2025-12-03 10:26:52,149 - HexagonalHedgeFund - INFO - main_hexagonal_container.py:463 - Enabled engines: ['Trend', 'Volatility', 'Liquidity']
2025-12-03 10:26:52,149 - HexagonalHedgeFund - INFO - main_hexagonal_container.py:50 - Starting hexagonal architecture application setup
2025-12-03 10:26:52,150 - HexagonalHedgeFund - INFO - main_hexagonal_container.py:461 - Application configured for development environment
2025-12-03 10:26:52,150 - HexagonalHedgeFund - INFO - main_hexagonal_container.py:462 - Enabled watchers: ['MarketPulse', 'Volatility', 'TrendMTF']
2025-12-03 10:26:52,150 - HexagonalHedgeFund - INFO - main_hexagonal_container.py:463 - Enabled engines: ['Trend', 'Volatility', 'Liquidity']
2025-12-03 10:41:39,758 - HexagonalHedgeFund - INFO - hexagonal_utils.py:152 - Event bus started
2025-12-03 10:41:39,819 - HexagonalHedgeFund - INFO - main_hexagonal_container.py:50 - Starting hexagonal architecture application setup
2025-12-03 10:41:39,847 - HexagonalHedgeFund - INFO - main_hexagonal_container.py:461 - Application configured for development environment
2025-12-03 10:41:39,847 - HexagonalHedgeFund - INFO - main_hexagonal_container.py:462 - Enabled watchers: ['MarketPulse', 'Volatility', 'TrendMTF']
2025-12-03 10:41:39,847 - HexagonalHedgeFund - INFO - main_hexagonal_container.py:463 - Enabled engines: ['Trend', 'Volatility', 'Liquidity']
2025-12-03 10:41:39,847 - HexagonalHedgeFund - INFO - main_hexagonal_container.py:50 - Starting hexagonal architecture application setup
2025-12-03 10:41:39,847 - HexagonalHedgeFund - INFO - main_hexagonal_container.py:461 - Application configured for development environment
2025-12-03 10:41:39,847 - HexagonalHedgeFund - INFO - main_hexagonal_container.py:462 - Enabled watchers: ['MarketPulse', 'Volatility', 'TrendMTF']
2025-12-03 10:41:39,847 - HexagonalHedgeFund - INFO - main_hexagonal_container.py:463 - Enabled engines: ['Trend', 'Volatility', 'Liquidity']
2025-12-03 10:42:52,064 - HexagonalHedgeFund - INFO - hexagonal_utils.py:152 - Event bus started
2025-12-03 10:42:53,681 - HexagonalHedgeFund - INFO - main_hexagonal_container.py:50 - Starting hexagonal architecture application setup
2025-12-03 10:42:53,710 - HexagonalHedgeFund - INFO - main_hexagonal_container.py:461 - Application configured for development environment
2025-12-03 10:42:53,710 - HexagonalHedgeFund - INFO - main_hexagonal_container.py:462 - Enabled watchers: ['MarketPulse', 'Volatility', 'TrendMTF']
2025-12-03 10:42:53,710 - HexagonalHedgeFund - INFO - main_hexagonal_container.py:463 - Enabled engines: ['Trend', 'Volatility', 'Liquidity']
2025-12-03 10:42:53,710 - HexagonalHedgeFund - INFO - main_hexagonal_container.py:50 - Starting hexagonal architecture application setup
2025-12-03 10:42:53,710 - HexagonalHedgeFund - INFO - main_hexagonal_container.py:461 - Application configured for development environment
2025-12-03 10:42:53,711 - HexagonalHedgeFund - INFO - main_hexagonal_container.py:462 - Enabled watchers: ['MarketPulse', 'Volatility', 'TrendMTF']
2025-12-03 10:42:53,711 - HexagonalHedgeFund - INFO - main_hexagonal_container.py:463 - Enabled engines: ['Trend', 'Volatility', 'Liquidity']
2025-12-03 14:44:00,813 - HexagonalHedgeFund - INFO - hexagonal_utils.py:152 - Event bus started
2025-12-03 14:44:02,276 - HexagonalHedgeFund - INFO - main_hexagonal_container.py:50 - Starting hexagonal architecture application setup
2025-12-03 14:44:02,314 - HexagonalHedgeFund - INFO - main_hexagonal_container.py:461 - Application configured for development environment
2025-12-03 14:44:02,315 - HexagonalHedgeFund - INFO - main_hexagonal_container.py:462 - Enabled watchers: ['MarketPulse', 'Volatility', 'TrendMTF']
2025-12-03 14:44:02,315 - HexagonalHedgeFund - INFO - main_hexagonal_container.py:463 - Enabled engines: ['Trend', 'Volatility', 'Liquidity']
2025-12-03 14:44:02,315 - HexagonalHedgeFund - INFO - main_hexagonal_container.py:50 - Starting hexagonal architecture application setup
2025-12-03 14:44:02,316 - HexagonalHedgeFund - INFO - main_hexagonal_container.py:461 - Application configured for development environment
2025-12-03 14:44:02,316 - HexagonalHedgeFund - INFO - main_hexagonal_container.py:462 - Enabled watchers: ['MarketPulse', 'Volatility', 'TrendMTF']
2025-12-03 14:44:02,316 - HexagonalHedgeFund - INFO - main_hexagonal_container.py:463 - Enabled engines: ['Trend', 'Volatility', 'Liquidity']
2025-12-03 14:44:02,320 - HexagonalHedgeFund - INFO - main_hexagonal_container.py:50 - Starting hexagonal architecture application setup
2025-12-03 14:44:02,321 - HexagonalHedgeFund - INFO - main_hexagonal_container.py:461 - Application configured for development environment
2025-12-03 14:44:02,321 - HexagonalHedgeFund - INFO - main_hexagonal_container.py:462 - Enabled watchers: ['MarketPulse', 'Volatility', 'TrendMTF']
2025-12-03 14:44:02,321 - HexagonalHedgeFund - INFO - main_hexagonal_container.py:463 - Enabled engines: ['Trend', 'Volatility', 'Liquidity']
2025-12-03 14:44:02,323 - HexagonalHedgeFund - INFO - main_hexagonal_container.py:50 - Starting hexagonal architecture application setup
2025-12-03 14:44:02,324 - HexagonalHedgeFund - INFO - main_hexagonal_container.py:461 - Application configured for development environment
2025-12-03 14:44:02,324 - HexagonalHedgeFund - INFO - main_hexagonal_container.py:462 - Enabled watchers: ['MarketPulse', 'Volatility', 'TrendMTF']
2025-12-03 14:44:02,324 - HexagonalHedgeFund - INFO - main_hexagonal_container.py:463 - Enabled engines: ['Trend', 'Volatility', 'Liquidity']
2025-12-03 14:44:02,326 - HexagonalHedgeFund - INFO - main_hexagonal_container.py:50 - Starting hexagonal architecture application setup
2025-12-03 14:44:02,327 - HexagonalHedgeFund - INFO - main_hexagonal_container.py:461 - Application configured for development environment
2025-12-03 14:44:02,327 - HexagonalHedgeFund - INFO - main_hexagonal_container.py:462 - Enabled watchers: ['MarketPulse', 'Volatility', 'TrendMTF']
2025-12-03 14:44:02,327 - HexagonalHedgeFund - INFO - main_hexagonal_container.py:463 - Enabled engines: ['Trend', 'Volatility', 'Liquidity']
2025-12-03 14:44:02,329 - HexagonalHedgeFund - INFO - main_hexagonal_container.py:50 - Starting hexagonal architecture application setup
2025-12-03 14:44:02,330 - HexagonalHedgeFund - INFO - main_hexagonal_container.py:461 - Application configured for development environment
2025-12-03 14:44:02,330 - HexagonalHedgeFund - INFO - main_hexagonal_container.py:462 - Enabled watchers: ['MarketPulse', 'Volatility', 'TrendMTF']
2025-12-03 14:44:02,330 - HexagonalHedgeFund - INFO - main_hexagonal_container.py:463 - Enabled engines: ['Trend', 'Volatility', 'Liquidity']
2025-12-03 14:44:02,332 - HexagonalHedgeFund - INFO - main_hexagonal_container.py:50 - Starting hexagonal architecture application setup
2025-12-03 14:44:02,332 - HexagonalHedgeFund - INFO - main_hexagonal_container.py:461 - Application configured for development environment
2025-12-03 14:44:02,333 - HexagonalHedgeFund - INFO - main_hexagonal_container.py:462 - Enabled watchers: ['MarketPulse', 'Volatility', 'TrendMTF']
2025-12-03 14:44:02,333 - HexagonalHedgeFund - INFO - main_hexagonal_container.py:463 - Enabled engines: ['Trend', 'Volatility', 'Liquidity']
2025-12-03 14:44:02,335 - HexagonalHedgeFund - INFO - main_hexagonal_container.py:50 - Starting hexagonal architecture application setup
2025-12-03 14:44:02,335 - HexagonalHedgeFund - INFO - main_hexagonal_container.py:461 - Application configured for development environment
2025-12-03 14:44:02,336 - HexagonalHedgeFund - INFO - main_hexagonal_container.py:462 - Enabled watchers: ['MarketPulse', 'Volatility', 'TrendMTF']
2025-12-03 14:44:02,336 - HexagonalHedgeFund - INFO - main_hexagonal_container.py:463 - Enabled engines: ['Trend', 'Volatility', 'Liquidity']
2025-12-03 14:44:02,338 - HexagonalHedgeFund - INFO - main_hexagonal_container.py:50 - Starting hexagonal architecture application setup
2025-12-03 14:44:02,339 - HexagonalHedgeFund - INFO - main_hexagonal_container.py:461 - Application configured for development environment
2025-12-03 14:44:02,339 - HexagonalHedgeFund - INFO - main_hexagonal_container.py:462 - Enabled watchers: ['MarketPulse', 'Volatility', 'TrendMTF']
2025-12-03 14:44:02,339 - HexagonalHedgeFund - INFO - main_hexagonal_container.py:463 - Enabled engines: ['Trend', 'Volatility', 'Liquidity']
2025-12-03 14:44:11,090 - HexagonalHedgeFund - INFO - hexagonal_utils.py:152 - Event bus started
2025-12-03 14:44:12,457 - HexagonalHedgeFund - INFO - main_hexagonal_container.py:50 - Starting hexagonal architecture application setup
2025-12-03 14:44:12,501 - HexagonalHedgeFund - INFO - main_hexagonal_container.py:461 - Application configured for development environment
2025-12-03 14:44:12,502 - HexagonalHedgeFund - INFO - main_hexagonal_container.py:462 - Enabled watchers: ['MarketPulse', 'Volatility', 'TrendMTF']
2025-12-03 14:44:12,502 - HexagonalHedgeFund - INFO - main_hexagonal_container.py:463 - Enabled engines: ['Trend', 'Volatility', 'Liquidity']
2025-12-03 14:44:12,502 - HexagonalHedgeFund - INFO - main_hexagonal_container.py:50 - Starting hexagonal architecture application setup
2025-12-03 14:44:12,503 - HexagonalHedgeFund - INFO - main_hexagonal_container.py:461 - Application configured for development environment
2025-12-03 14:44:12,503 - HexagonalHedgeFund - INFO - main_hexagonal_container.py:462 - Enabled watchers: ['MarketPulse', 'Volatility', 'TrendMTF']
2025-12-03 14:44:12,503 - HexagonalHedgeFund - INFO - main_hexagonal_container.py:463 - Enabled engines: ['Trend', 'Volatility', 'Liquidity']
2025-12-03 14:44:12,507 - HexagonalHedgeFund - INFO - main_hexagonal_container.py:50 - Starting hexagonal architecture application setup
2025-12-03 14:44:12,508 - HexagonalHedgeFund - INFO - main_hexagonal_container.py:461 - Application configured for development environment
2025-12-03 14:44:12,509 - HexagonalHedgeFund - INFO - main_hexagonal_container.py:462 - Enabled watchers: ['MarketPulse', 'Volatility', 'TrendMTF']
2025-12-03 14:44:12,509 - HexagonalHedgeFund - INFO - main_hexagonal_container.py:463 - Enabled engines: ['Trend', 'Volatility', 'Liquidity']
2025-12-03 14:44:12,519 - HexagonalHedgeFund - INFO - main_hexagonal_container.py:50 - Starting hexagonal architecture application setup
2025-12-03 14:44:12,520 - HexagonalHedgeFund - INFO - main_hexagonal_container.py:461 - Application configured for development environment
2025-12-03 14:44:12,520 - HexagonalHedgeFund - INFO - main_hexagonal_container.py:462 - Enabled watchers: ['MarketPulse', 'Volatility', 'TrendMTF']
2025-12-03 14:44:12,520 - HexagonalHedgeFund - INFO - main_hexagonal_container.py:463 - Enabled engines: ['Trend', 'Volatility', 'Liquidity']
2025-12-03 14:44:12,523 - HexagonalHedgeFund - INFO - main_hexagonal_container.py:50 - Starting hexagonal architecture application setup
2025-12-03 14:44:12,525 - HexagonalHedgeFund - INFO - main_hexagonal_container.py:461 - Application configured for development environment
2025-12-03 14:44:12,525 - HexagonalHedgeFund - INFO - main_hexagonal_container.py:462 - Enabled watchers: ['MarketPulse', 'Volatility', 'TrendMTF']
2025-12-03 14:44:12,525 - HexagonalHedgeFund - INFO - main_hexagonal_container.py:463 - Enabled engines: ['Trend', 'Volatility', 'Liquidity']
2025-12-03 14:44:28,508 - HexagonalHedgeFund - INFO - hexagonal_utils.py:152 - Event bus started
2025-12-03 14:44:30,009 - HexagonalHedgeFund - INFO - main_hexagonal_container.py:50 - Starting hexagonal architecture application setup
2025-12-03 14:44:30,056 - HexagonalHedgeFund - INFO - main_hexagonal_container.py:461 - Application configured for development environment
2025-12-03 14:44:30,056 - HexagonalHedgeFund - INFO - main_hexagonal_container.py:462 - Enabled watchers: ['MarketPulse', 'Volatility', 'TrendMTF']
2025-12-03 14:44:30,056 - HexagonalHedgeFund - INFO - main_hexagonal_container.py:463 - Enabled engines: ['Trend', 'Volatility', 'Liquidity']
2025-12-03 14:44:30,057 - HexagonalHedgeFund - INFO - main_hexagonal_container.py:50 - Starting hexagonal architecture application setup
2025-12-03 14:44:30,058 - HexagonalHedgeFund - INFO - main_hexagonal_container.py:461 - Application configured for development environment
2025-12-03 14:44:30,058 - HexagonalHedgeFund - INFO - main_hexagonal_container.py:462 - Enabled watchers: ['MarketPulse', 'Volatility', 'TrendMTF']
2025-12-03 14:44:30,058 - HexagonalHedgeFund - INFO - main_hexagonal_container.py:463 - Enabled engines: ['Trend', 'Volatility', 'Liquidity']
2025-12-03 14:44:30,063 - HexagonalHedgeFund - INFO - main_hexagonal_container.py:50 - Starting hexagonal architecture application setup
2025-12-03 14:44:30,063 - HexagonalHedgeFund - INFO - main_hexagonal_container.py:461 - Application configured for development environment
2025-12-03 14:44:30,064 - HexagonalHedgeFund - INFO - main_hexagonal_container.py:462 - Enabled watchers: ['MarketPulse', 'Volatility', 'TrendMTF']
2025-12-03 14:44:30,064 - HexagonalHedgeFund - INFO - main_hexagonal_container.py:463 - Enabled engines: ['Trend', 'Volatility', 'Liquidity']
2025-12-03 14:44:30,067 - HexagonalHedgeFund - INFO - main_hexagonal_container.py:50 - Starting hexagonal architecture application setup
2025-12-03 14:44:30,067 - HexagonalHedgeFund - INFO - main_hexagonal_container.py:461 - Application configured for development environment
2025-12-03 14:44:30,067 - HexagonalHedgeFund - INFO - main_hexagonal_container.py:462 - Enabled watchers: ['MarketPulse', 'Volatility', 'TrendMTF']
2025-12-03 14:44:30,068 - HexagonalHedgeFund - INFO - main_hexagonal_container.py:463 - Enabled engines: ['Trend', 'Volatility', 'Liquidity']
2025-12-03 14:44:30,070 - HexagonalHedgeFund - INFO - main_hexagonal_container.py:50 - Starting hexagonal architecture application setup
2025-12-03 14:44:30,071 - HexagonalHedgeFund - INFO - main_hexagonal_container.py:461 - Application configured for development environment
2025-12-03 14:44:30,071 - HexagonalHedgeFund - INFO - main_hexagonal_container.py:462 - Enabled watchers: ['MarketPulse', 'Volatility', 'TrendMTF']
2025-12-03 14:44:30,071 - HexagonalHedgeFund - INFO - main_hexagonal_container.py:463 - Enabled engines: ['Trend', 'Volatility', 'Liquidity']
2025-12-03 14:44:30,073 - HexagonalHedgeFund - INFO - main_hexagonal_container.py:50 - Starting hexagonal architecture application setup
2025-12-03 14:44:30,073 - HexagonalHedgeFund - INFO - main_hexagonal_container.py:461 - Application configured for development environment
2025-12-03 14:44:30,073 - HexagonalHedgeFund - INFO - main_hexagonal_container.py:462 - Enabled watchers: ['MarketPulse', 'Volatility', 'TrendMTF']
2025-12-03 14:44:30,073 - HexagonalHedgeFund - INFO - main_hexagonal_container.py:463 - Enabled engines: ['Trend', 'Volatility', 'Liquidity']
2025-12-03 14:44:30,076 - HexagonalHedgeFund - INFO - main_hexagonal_container.py:50 - Starting hexagonal architecture application setup
2025-12-03 14:44:30,077 - HexagonalHedgeFund - INFO - main_hexagonal_container.py:461 - Application configured for development environment
2025-12-03 14:44:30,077 - HexagonalHedgeFund - INFO - main_hexagonal_container.py:462 - Enabled watchers: ['MarketPulse', 'Volatility', 'TrendMTF']
2025-12-03 14:44:30,077 - HexagonalHedgeFund - INFO - main_hexagonal_container.py:463 - Enabled engines: ['Trend', 'Volatility', 'Liquidity']
2025-12-03 14:45:46,353 - HexagonalHedgeFund - INFO - hexagonal_utils.py:152 - Event bus started
2025-12-03 14:45:47,843 - HexagonalHedgeFund - INFO - main_hexagonal_container.py:50 - Starting hexagonal architecture application setup
2025-12-03 14:45:47,892 - HexagonalHedgeFund - INFO - main_hexagonal_container.py:461 - Application configured for development environment
2025-12-03 14:45:47,892 - HexagonalHedgeFund - INFO - main_hexagonal_container.py:462 - Enabled watchers: ['MarketPulse', 'Volatility', 'TrendMTF']
2025-12-03 14:45:47,892 - HexagonalHedgeFund - INFO - main_hexagonal_container.py:463 - Enabled engines: ['Trend', 'Volatility', 'Liquidity']
2025-12-03 14:45:47,893 - HexagonalHedgeFund - INFO - main_hexagonal_container.py:50 - Starting hexagonal architecture application setup
2025-12-03 14:45:47,893 - HexagonalHedgeFund - INFO - main_hexagonal_container.py:461 - Application configured for development environment
2025-12-03 14:45:47,893 - HexagonalHedgeFund - INFO - main_hexagonal_container.py:462 - Enabled watchers: ['MarketPulse', 'Volatility', 'TrendMTF']
2025-12-03 14:45:47,893 - HexagonalHedgeFund - INFO - main_hexagonal_container.py:463 - Enabled engines: ['Trend', 'Volatility', 'Liquidity']
2025-12-03 14:45:48,095 - HexagonalHedgeFund - INFO - main_hexagonal_container.py:50 - Starting hexagonal architecture application setup
2025-12-03 14:45:48,096 - HexagonalHedgeFund - INFO - main_hexagonal_container.py:461 - Application configured for development environment
2025-12-03 14:45:48,096 - HexagonalHedgeFund - INFO - main_hexagonal_container.py:462 - Enabled watchers: ['MarketPulse', 'Volatility', 'TrendMTF']
2025-12-03 14:45:48,096 - HexagonalHedgeFund - INFO - main_hexagonal_container.py:463 - Enabled engines: ['Trend', 'Volatility', 'Liquidity']
2025-12-03 14:45:48,098 - HexagonalHedgeFund - INFO - main_hexagonal_container.py:50 - Starting hexagonal architecture application setup
2025-12-03 14:45:48,099 - HexagonalHedgeFund - INFO - main_hexagonal_container.py:461 - Application configured for development environment
2025-12-03 14:45:48,099 - HexagonalHedgeFund - INFO - main_hexagonal_container.py:462 - Enabled watchers: ['MarketPulse', 'Volatility', 'TrendMTF']
2025-12-03 14:45:48,099 - HexagonalHedgeFund - INFO - main_hexagonal_container.py:463 - Enabled engines: ['Trend', 'Volatility', 'Liquidity']
2025-12-03 14:45:48,101 - HexagonalHedgeFund - INFO - main_hexagonal_container.py:50 - Starting hexagonal architecture application setup
2025-12-03 14:45:48,101 - HexagonalHedgeFund - INFO - main_hexagonal_container.py:461 - Application configured for development environment
2025-12-03 14:45:48,101 - HexagonalHedgeFund - INFO - main_hexagonal_container.py:462 - Enabled watchers: ['MarketPulse', 'Volatility', 'TrendMTF']
2025-12-03 14:45:48,101 - HexagonalHedgeFund - INFO - main_hexagonal_container.py:463 - Enabled engines: ['Trend', 'Volatility', 'Liquidity']
2025-12-03 14:45:48,114 - HexagonalHedgeFund - INFO - main_hexagonal_container.py:50 - Starting hexagonal architecture application setup
2025-12-03 14:45:48,115 - HexagonalHedgeFund - INFO - main_hexagonal_container.py:461 - Application configured for development environment
2025-12-03 14:45:48,115 - HexagonalHedgeFund - INFO - main_hexagonal_container.py:462 - Enabled watchers: ['MarketPulse', 'Volatility', 'TrendMTF']
2025-12-03 14:45:48,115 - HexagonalHedgeFund - INFO - main_hexagonal_container.py:463 - Enabled engines: ['Trend', 'Volatility', 'Liquidity']
2025-12-03 14:46:00,420 - HexagonalHedgeFund - INFO - hexagonal_utils.py:152 - Event bus started
2025-12-03 14:46:01,956 - HexagonalHedgeFund - INFO - main_hexagonal_container.py:50 - Starting hexagonal architecture application setup
2025-12-03 14:46:02,009 - HexagonalHedgeFund - INFO - main_hexagonal_container.py:461 - Application configured for development environment
2025-12-03 14:46:02,009 - HexagonalHedgeFund - INFO - main_hexagonal_container.py:462 - Enabled watchers: ['MarketPulse', 'Volatility', 'TrendMTF']
2025-12-03 14:46:02,009 - HexagonalHedgeFund - INFO - main_hexagonal_container.py:463 - Enabled engines: ['Trend', 'Volatility', 'Liquidity']
2025-12-03 14:46:02,009 - HexagonalHedgeFund - INFO - main_hexagonal_container.py:50 - Starting hexagonal architecture application setup
2025-12-03 14:46:02,010 - HexagonalHedgeFund - INFO - main_hexagonal_container.py:461 - Application configured for development environment
2025-12-03 14:46:02,010 - HexagonalHedgeFund - INFO - main_hexagonal_container.py:462 - Enabled watchers: ['MarketPulse', 'Volatility', 'TrendMTF']
2025-12-03 14:46:02,010 - HexagonalHedgeFund - INFO - main_hexagonal_container.py:463 - Enabled engines: ['Trend', 'Volatility', 'Liquidity']
2025-12-03 14:46:29,196 - HexagonalHedgeFund - INFO - hexagonal_utils.py:152 - Event bus started
2025-12-03 14:46:30,482 - HexagonalHedgeFund - INFO - main_hexagonal_container.py:50 - Starting hexagonal architecture application setup
2025-12-03 14:46:30,538 - HexagonalHedgeFund - INFO - main_hexagonal_container.py:461 - Application configured for development environment
2025-12-03 14:46:30,538 - HexagonalHedgeFund - INFO - main_hexagonal_container.py:462 - Enabled watchers: ['MarketPulse', 'Volatility', 'TrendMTF']
2025-12-03 14:46:30,538 - HexagonalHedgeFund - INFO - main_hexagonal_container.py:463 - Enabled engines: ['Trend', 'Volatility', 'Liquidity']
2025-12-03 14:46:30,538 - HexagonalHedgeFund - INFO - main_hexagonal_container.py:50 - Starting hexagonal architecture application setup
2025-12-03 14:46:30,539 - HexagonalHedgeFund - INFO - main_hexagonal_container.py:461 - Application configured for development environment
2025-12-03 14:46:30,539 - HexagonalHedgeFund - INFO - main_hexagonal_container.py:462 - Enabled watchers: ['MarketPulse', 'Volatility', 'TrendMTF']
2025-12-03 14:46:30,539 - HexagonalHedgeFund - INFO - main_hexagonal_container.py:463 - Enabled engines: ['Trend', 'Volatility', 'Liquidity']
2025-12-03 14:46:43,102 - HexagonalHedgeFund - INFO - hexagonal_utils.py:152 - Event bus started
2025-12-03 14:46:44,359 - HexagonalHedgeFund - INFO - main_hexagonal_container.py:50 - Starting hexagonal architecture application setup
2025-12-03 14:46:44,405 - HexagonalHedgeFund - INFO - main_hexagonal_container.py:461 - Application configured for development environment
2025-12-03 14:46:44,406 - HexagonalHedgeFund - INFO - main_hexagonal_container.py:462 - Enabled watchers: ['MarketPulse', 'Volatility', 'TrendMTF']
2025-12-03 14:46:44,406 - HexagonalHedgeFund - INFO - main_hexagonal_container.py:463 - Enabled engines: ['Trend', 'Volatility', 'Liquidity']
2025-12-03 14:46:44,406 - HexagonalHedgeFund - INFO - main_hexagonal_container.py:50 - Starting hexagonal architecture application setup
2025-12-03 14:46:44,407 - HexagonalHedgeFund - INFO - main_hexagonal_container.py:461 - Application configured for development environment
2025-12-03 14:46:44,407 - HexagonalHedgeFund - INFO - main_hexagonal_container.py:462 - Enabled watchers: ['MarketPulse', 'Volatility', 'TrendMTF']
2025-12-03 14:46:44,407 - HexagonalHedgeFund - INFO - main_hexagonal_container.py:463 - Enabled engines: ['Trend', 'Volatility', 'Liquidity']
2025-12-03 14:47:07,582 - HexagonalHedgeFund - INFO - hexagonal_utils.py:152 - Event bus started
2025-12-03 14:47:08,696 - HexagonalHedgeFund - INFO - main_hexagonal_container.py:50 - Starting hexagonal architecture application setup
2025-12-03 14:47:08,730 - HexagonalHedgeFund - INFO - main_hexagonal_container.py:461 - Application configured for development environment
2025-12-03 14:47:08,730 - HexagonalHedgeFund - INFO - main_hexagonal_container.py:462 - Enabled watchers: ['MarketPulse', 'Volatility', 'TrendMTF']
2025-12-03 14:47:08,731 - HexagonalHedgeFund - INFO - main_hexagonal_container.py:463 - Enabled engines: ['Trend', 'Volatility', 'Liquidity']
2025-12-03 14:47:08,731 - HexagonalHedgeFund - INFO - main_hexagonal_container.py:50 - Starting hexagonal architecture application setup
2025-12-03 14:47:08,732 - HexagonalHedgeFund - INFO - main_hexagonal_container.py:461 - Application configured for development environment
2025-12-03 14:47:08,732 - HexagonalHedgeFund - INFO - main_hexagonal_container.py:462 - Enabled watchers: ['MarketPulse', 'Volatility', 'TrendMTF']
2025-12-03 14:47:08,732 - HexagonalHedgeFund - INFO - main_hexagonal_container.py:463 - Enabled engines: ['Trend', 'Volatility', 'Liquidity']
2025-12-03 14:47:08,736 - HexagonalHedgeFund - INFO - main_hexagonal_container.py:50 - Starting hexagonal architecture application setup
2025-12-03 14:47:08,737 - HexagonalHedgeFund - INFO - main_hexagonal_container.py:461 - Application configured for development environment
2025-12-03 14:47:08,737 - HexagonalHedgeFund - INFO - main_hexagonal_container.py:462 - Enabled watchers: ['MarketPulse', 'Volatility', 'TrendMTF']
2025-12-03 14:47:08,737 - HexagonalHedgeFund - INFO - main_hexagonal_container.py:463 - Enabled engines: ['Trend', 'Volatility', 'Liquidity']
2025-12-03 14:47:08,739 - HexagonalHedgeFund - INFO - main_hexagonal_container.py:50 - Starting hexagonal architecture application setup
2025-12-03 14:47:08,740 - HexagonalHedgeFund - INFO - main_hexagonal_container.py:461 - Application configured for development environment
2025-12-03 14:47:08,740 - HexagonalHedgeFund - INFO - main_hexagonal_container.py:462 - Enabled watchers: ['MarketPulse', 'Volatility', 'TrendMTF']
2025-12-03 14:47:08,740 - HexagonalHedgeFund - INFO - main_hexagonal_container.py:463 - Enabled engines: ['Trend', 'Volatility', 'Liquidity']
2025-12-03 14:47:08,742 - HexagonalHedgeFund - INFO - main_hexagonal_container.py:50 - Starting hexagonal architecture application setup
2025-12-03 14:47:08,743 - HexagonalHedgeFund - INFO - main_hexagonal_container.py:461 - Application configured for development environment
2025-12-03 14:47:08,743 - HexagonalHedgeFund - INFO - main_hexagonal_container.py:462 - Enabled watchers: ['MarketPulse', 'Volatility', 'TrendMTF']
2025-12-03 14:47:08,743 - HexagonalHedgeFund - INFO - main_hexagonal_container.py:463 - Enabled engines: ['Trend', 'Volatility', 'Liquidity']
2025-12-03 14:47:08,752 - HexagonalHedgeFund - INFO - main_hexagonal_container.py:50 - Starting hexagonal architecture application setup
2025-12-03 14:47:08,753 - HexagonalHedgeFund - INFO - main_hexagonal_container.py:461 - Application configured for development environment
2025-12-03 14:47:08,753 - HexagonalHedgeFund - INFO - main_hexagonal_container.py:462 - Enabled watchers: ['MarketPulse', 'Volatility', 'TrendMTF']
2025-12-03 14:47:08,753 - HexagonalHedgeFund - INFO - main_hexagonal_container.py:463 - Enabled engines: ['Trend', 'Volatility', 'Liquidity']
2025-12-03 14:47:14,790 - HexagonalHedgeFund - INFO - hexagonal_utils.py:152 - Event bus started
2025-12-03 14:47:16,161 - HexagonalHedgeFund - INFO - main_hexagonal_container.py:50 - Starting hexagonal architecture application setup
2025-12-03 14:47:16,195 - HexagonalHedgeFund - INFO - main_hexagonal_container.py:461 - Application configured for development environment
2025-12-03 14:47:16,196 - HexagonalHedgeFund - INFO - main_hexagonal_container.py:462 - Enabled watchers: ['MarketPulse', 'Volatility', 'TrendMTF']
2025-12-03 14:47:16,196 - HexagonalHedgeFund - INFO - main_hexagonal_container.py:463 - Enabled engines: ['Trend', 'Volatility', 'Liquidity']
2025-12-03 14:47:16,196 - HexagonalHedgeFund - INFO - main_hexagonal_container.py:50 - Starting hexagonal architecture application setup
2025-12-03 14:47:16,197 - HexagonalHedgeFund - INFO - main_hexagonal_container.py:461 - Application configured for development environment
2025-12-03 14:47:16,197 - HexagonalHedgeFund - INFO - main_hexagonal_container.py:462 - Enabled watchers: ['MarketPulse', 'Volatility', 'TrendMTF']
2025-12-03 14:47:16,197 - HexagonalHedgeFund - INFO - main_hexagonal_container.py:463 - Enabled engines: ['Trend', 'Volatility', 'Liquidity']
2025-12-03 14:47:16,200 - HexagonalHedgeFund - INFO - main_hexagonal_container.py:50 - Starting hexagonal architecture application setup
2025-12-03 14:47:16,200 - HexagonalHedgeFund - INFO - main_hexagonal_container.py:461 - Application configured for development environment
2025-12-03 14:47:16,201 - HexagonalHedgeFund - INFO - main_hexagonal_container.py:462 - Enabled watchers: ['MarketPulse', 'Volatility', 'TrendMTF']
2025-12-03 14:47:16,201 - HexagonalHedgeFund - INFO - main_hexagonal_container.py:463 - Enabled engines: ['Trend', 'Volatility', 'Liquidity']
2025-12-03 14:47:16,203 - HexagonalHedgeFund - INFO - main_hexagonal_container.py:50 - Starting hexagonal architecture application setup
2025-12-03 14:47:16,204 - HexagonalHedgeFund - INFO - main_hexagonal_container.py:461 - Application configured for development environment
2025-12-03 14:47:16,205 - HexagonalHedgeFund - INFO - main_hexagonal_container.py:462 - Enabled watchers: ['MarketPulse', 'Volatility', 'TrendMTF']
2025-12-03 14:47:16,205 - HexagonalHedgeFund - INFO - main_hexagonal_container.py:463 - Enabled engines: ['Trend', 'Volatility', 'Liquidity']
2025-12-03 14:47:16,207 - HexagonalHedgeFund - INFO - main_hexagonal_container.py:50 - Starting hexagonal architecture application setup
2025-12-03 14:47:16,208 - HexagonalHedgeFund - INFO - main_hexagonal_container.py:461 - Application configured for development environment
2025-12-03 14:47:16,208 - HexagonalHedgeFund - INFO - main_hexagonal_container.py:462 - Enabled watchers: ['MarketPulse', 'Volatility', 'TrendMTF']
2025-12-03 14:47:16,208 - HexagonalHedgeFund - INFO - main_hexagonal_container.py:463 - Enabled engines: ['Trend', 'Volatility', 'Liquidity']
2025-12-03 14:47:16,210 - HexagonalHedgeFund - INFO - main_hexagonal_container.py:50 - Starting hexagonal architecture application setup
2025-12-03 14:47:16,211 - HexagonalHedgeFund - INFO - main_hexagonal_container.py:461 - Application configured for development environment
2025-12-03 14:47:16,211 - HexagonalHedgeFund - INFO - main_hexagonal_container.py:462 - Enabled watchers: ['MarketPulse', 'Volatility', 'TrendMTF']
2025-12-03 14:47:16,211 - HexagonalHedgeFund - INFO - main_hexagonal_container.py:463 - Enabled engines: ['Trend', 'Volatility', 'Liquidity']
2025-12-03 14:47:16,213 - HexagonalHedgeFund - INFO - main_hexagonal_container.py:50 - Starting hexagonal architecture application setup
2025-12-03 14:47:16,213 - HexagonalHedgeFund - INFO - main_hexagonal_container.py:461 - Application configured for development environment
2025-12-03 14:47:16,213 - HexagonalHedgeFund - INFO - main_hexagonal_container.py:462 - Enabled watchers: ['MarketPulse', 'Volatility', 'TrendMTF']
2025-12-03 14:47:16,213 - HexagonalHedgeFund - INFO - main_hexagonal_container.py:463 - Enabled engines: ['Trend', 'Volatility', 'Liquidity']
2025-12-03 14:47:16,216 - HexagonalHedgeFund - INFO - main_hexagonal_container.py:50 - Starting hexagonal architecture application setup
2025-12-03 14:47:16,216 - HexagonalHedgeFund - INFO - main_hexagonal_container.py:461 - Application configured for development environment
2025-12-03 14:47:16,216 - HexagonalHedgeFund - INFO - main_hexagonal_container.py:462 - Enabled watchers: ['MarketPulse', 'Volatility', 'TrendMTF']
2025-12-03 14:47:16,216 - HexagonalHedgeFund - INFO - main_hexagonal_container.py:463 - Enabled engines: ['Trend', 'Volatility', 'Liquidity']
2025-12-03 14:47:16,217 - HexagonalHedgeFund - INFO - main_hexagonal_container.py:50 - Starting hexagonal architecture application setup
2025-12-03 14:47:16,218 - HexagonalHedgeFund - INFO - main_hexagonal_container.py:461 - Application configured for development environment
2025-12-03 14:47:16,218 - HexagonalHedgeFund - INFO - main_hexagonal_container.py:462 - Enabled watchers: ['MarketPulse', 'Volatility', 'TrendMTF']
2025-12-03 14:47:16,218 - HexagonalHedgeFund - INFO - main_hexagonal_container.py:463 - Enabled engines: ['Trend', 'Volatility', 'Liquidity']
2025-12-03 14:47:16,228 - HexagonalHedgeFund - INFO - main_hexagonal_container.py:50 - Starting hexagonal architecture application setup
2025-12-03 14:47:16,228 - HexagonalHedgeFund - INFO - main_hexagonal_container.py:461 - Application configured for development environment
2025-12-03 14:47:16,229 - HexagonalHedgeFund - INFO - main_hexagonal_container.py:462 - Enabled watchers: ['MarketPulse', 'Volatility', 'TrendMTF']
2025-12-03 14:47:16,229 - HexagonalHedgeFund - INFO - main_hexagonal_container.py:463 - Enabled engines: ['Trend', 'Volatility', 'Liquidity']
2025-12-03 14:47:16,231 - HexagonalHedgeFund - INFO - main_hexagonal_container.py:50 - Starting hexagonal architecture application setup
2025-12-03 14:47:16,231 - HexagonalHedgeFund - INFO - main_hexagonal_container.py:461 - Application configured for development environment
2025-12-03 14:47:16,231 - HexagonalHedgeFund - INFO - main_hexagonal_container.py:462 - Enabled watchers: ['MarketPulse', 'Volatility', 'TrendMTF']
2025-12-03 14:47:16,231 - HexagonalHedgeFund - INFO - main_hexagonal_container.py:463 - Enabled engines: ['Trend', 'Volatility', 'Liquidity']
2025-12-03 14:47:16,236 - HexagonalHedgeFund - INFO - main_hexagonal_container.py:50 - Starting hexagonal architecture application setup
2025-12-03 14:47:16,237 - HexagonalHedgeFund - INFO - main_hexagonal_container.py:461 - Application configured for development environment
2025-12-03 14:47:16,237 - HexagonalHedgeFund - INFO - main_hexagonal_container.py:462 - Enabled watchers: ['MarketPulse', 'Volatility', 'TrendMTF']
2025-12-03 14:47:16,237 - HexagonalHedgeFund - INFO - main_hexagonal_container.py:463 - Enabled engines: ['Trend', 'Volatility', 'Liquidity']
2025-12-03 14:47:16,239 - HexagonalHedgeFund - INFO - main_hexagonal_container.py:50 - Starting hexagonal architecture application setup
2025-12-03 14:47:16,239 - HexagonalHedgeFund - INFO - main_hexagonal_container.py:461 - Application configured for development environment
2025-12-03 14:47:16,240 - HexagonalHedgeFund - INFO - main_hexagonal_container.py:462 - Enabled watchers: ['MarketPulse', 'Volatility', 'TrendMTF']
2025-12-03 14:47:16,240 - HexagonalHedgeFund - INFO - main_hexagonal_container.py:463 - Enabled engines: ['Trend', 'Volatility', 'Liquidity']
2025-12-03 14:47:16,243 - HexagonalHedgeFund - INFO - main_hexagonal_container.py:50 - Starting hexagonal architecture application setup
2025-12-03 14:47:16,244 - HexagonalHedgeFund - INFO - main_hexagonal_container.py:461 - Application configured for development environment
2025-12-03 14:47:16,245 - HexagonalHedgeFund - INFO - main_hexagonal_container.py:462 - Enabled watchers: ['MarketPulse', 'Volatility', 'TrendMTF']
2025-12-03 14:47:16,245 - HexagonalHedgeFund - INFO - main_hexagonal_container.py:463 - Enabled engines: ['Trend', 'Volatility', 'Liquidity']
2025-12-03 14:47:16,248 - HexagonalHedgeFund - INFO - main_hexagonal_container.py:50 - Starting hexagonal architecture application setup
2025-12-03 14:47:16,249 - HexagonalHedgeFund - INFO - main_hexagonal_container.py:461 - Application configured for development environment
2025-12-03 14:47:16,249 - HexagonalHedgeFund - INFO - main_hexagonal_container.py:462 - Enabled watchers: ['MarketPulse', 'Volatility', 'TrendMTF']
2025-12-03 14:47:16,249 - HexagonalHedgeFund - INFO - main_hexagonal_container.py:463 - Enabled engines: ['Trend', 'Volatility', 'Liquidity']
2025-12-03 14:47:16,253 - HexagonalHedgeFund - INFO - main_hexagonal_container.py:50 - Starting hexagonal architecture application setup
2025-12-03 14:47:16,253 - HexagonalHedgeFund - INFO - main_hexagonal_container.py:461 - Application configured for development environment
2025-12-03 14:47:16,253 - HexagonalHedgeFund - INFO - main_hexagonal_container.py:462 - Enabled watchers: ['MarketPulse', 'Volatility', 'TrendMTF']
2025-12-03 14:47:16,254 - HexagonalHedgeFund - INFO - main_hexagonal_container.py:463 - Enabled engines: ['Trend', 'Volatility', 'Liquidity']
2025-12-03 14:47:16,256 - HexagonalHedgeFund - INFO - main_hexagonal_container.py:50 - Starting hexagonal architecture application setup
2025-12-03 14:47:16,257 - HexagonalHedgeFund - INFO - main_hexagonal_container.py:461 - Application configured for development environment
2025-12-03 14:47:16,257 - HexagonalHedgeFund - INFO - main_hexagonal_container.py:462 - Enabled watchers: ['MarketPulse', 'Volatility', 'TrendMTF']
2025-12-03 14:47:16,257 - HexagonalHedgeFund - INFO - main_hexagonal_container.py:463 - Enabled engines: ['Trend', 'Volatility', 'Liquidity']
2025-12-03 14:47:16,260 - HexagonalHedgeFund - INFO - main_hexagonal_container.py:50 - Starting hexagonal architecture application setup
2025-12-03 14:47:16,261 - HexagonalHedgeFund - INFO - main_hexagonal_container.py:461 - Application configured for development environment
2025-12-03 14:47:16,261 - HexagonalHedgeFund - INFO - main_hexagonal_container.py:462 - Enabled watchers: ['MarketPulse', 'Volatility', 'TrendMTF']
2025-12-03 14:47:16,261 - HexagonalHedgeFund - INFO - main_hexagonal_container.py:463 - Enabled engines: ['Trend', 'Volatility', 'Liquidity']
2025-12-03 14:47:16,265 - HexagonalHedgeFund - INFO - main_hexagonal_container.py:50 - Starting hexagonal architecture application setup
2025-12-03 14:47:16,266 - HexagonalHedgeFund - INFO - main_hexagonal_container.py:461 - Application configured for development environment
2025-12-03 14:47:16,266 - HexagonalHedgeFund - INFO - main_hexagonal_container.py:462 - Enabled watchers: ['MarketPulse', 'Volatility', 'TrendMTF']
2025-12-03 14:47:16,266 - HexagonalHedgeFund - INFO - main_hexagonal_container.py:463 - Enabled engines: ['Trend', 'Volatility', 'Liquidity']
2025-12-03 14:47:32,758 - HexagonalHedgeFund - INFO - hexagonal_utils.py:152 - Event bus started
2025-12-03 14:47:33,981 - HexagonalHedgeFund - INFO - main_hexagonal_container.py:50 - Starting hexagonal architecture application setup
2025-12-03 14:47:34,019 - HexagonalHedgeFund - INFO - main_hexagonal_container.py:461 - Application configured for development environment
2025-12-03 14:47:34,019 - HexagonalHedgeFund - INFO - main_hexagonal_container.py:462 - Enabled watchers: ['MarketPulse', 'Volatility', 'TrendMTF']
2025-12-03 14:47:34,019 - HexagonalHedgeFund - INFO - main_hexagonal_container.py:463 - Enabled engines: ['Trend', 'Volatility', 'Liquidity']
2025-12-03 14:47:34,019 - HexagonalHedgeFund - INFO - main_hexagonal_container.py:50 - Starting hexagonal architecture application setup
2025-12-03 14:47:34,020 - HexagonalHedgeFund - INFO - main_hexagonal_container.py:461 - Application configured for development environment
2025-12-03 14:47:34,020 - HexagonalHedgeFund - INFO - main_hexagonal_container.py:462 - Enabled watchers: ['MarketPulse', 'Volatility', 'TrendMTF']
2025-12-03 14:47:34,020 - HexagonalHedgeFund - INFO - main_hexagonal_container.py:463 - Enabled engines: ['Trend', 'Volatility', 'Liquidity']
2025-12-03 14:47:41,600 - HexagonalHedgeFund - INFO - hexagonal_utils.py:152 - Event bus started
2025-12-03 14:47:42,908 - HexagonalHedgeFund - INFO - main_hexagonal_container.py:50 - Starting hexagonal architecture application setup
2025-12-03 14:47:42,943 - HexagonalHedgeFund - INFO - main_hexagonal_container.py:461 - Application configured for development environment
2025-12-03 14:47:42,944 - HexagonalHedgeFund - INFO - main_hexagonal_container.py:462 - Enabled watchers: ['MarketPulse', 'Volatility', 'TrendMTF']
2025-12-03 14:47:42,944 - HexagonalHedgeFund - INFO - main_hexagonal_container.py:463 - Enabled engines: ['Trend', 'Volatility', 'Liquidity']
2025-12-03 14:47:42,944 - HexagonalHedgeFund - INFO - main_hexagonal_container.py:50 - Starting hexagonal architecture application setup
2025-12-03 14:47:42,944 - HexagonalHedgeFund - INFO - main_hexagonal_container.py:461 - Application configured for development environment
2025-12-03 14:47:42,944 - HexagonalHedgeFund - INFO - main_hexagonal_container.py:462 - Enabled watchers: ['MarketPulse', 'Volatility', 'TrendMTF']
2025-12-03 14:47:42,944 - HexagonalHedgeFund - INFO - main_hexagonal_container.py:463 - Enabled engines: ['Trend', 'Volatility', 'Liquidity']
2025-12-03 14:49:50,854 - HexagonalHedgeFund - INFO - hexagonal_utils.py:152 - Event bus started
2025-12-03 14:49:51,894 - HexagonalHedgeFund - INFO - main_hexagonal_container.py:50 - Starting hexagonal architecture application setup
2025-12-03 14:49:51,925 - HexagonalHedgeFund - INFO - main_hexagonal_container.py:461 - Application configured for development environment
2025-12-03 14:49:51,925 - HexagonalHedgeFund - INFO - main_hexagonal_container.py:462 - Enabled watchers: ['MarketPulse', 'Volatility', 'TrendMTF']
2025-12-03 14:49:51,926 - HexagonalHedgeFund - INFO - main_hexagonal_container.py:463 - Enabled engines: ['Trend', 'Volatility', 'Liquidity']
2025-12-03 14:49:51,926 - HexagonalHedgeFund - INFO - main_hexagonal_container.py:50 - Starting hexagonal architecture application setup
2025-12-03 14:49:51,926 - HexagonalHedgeFund - INFO - main_hexagonal_container.py:461 - Application configured for development environment
2025-12-03 14:49:51,926 - HexagonalHedgeFund - INFO - main_hexagonal_container.py:462 - Enabled watchers: ['MarketPulse', 'Volatility', 'TrendMTF']
2025-12-03 14:49:51,927 - HexagonalHedgeFund - INFO - main_hexagonal_container.py:463 - Enabled engines: ['Trend', 'Volatility', 'Liquidity']
2025-12-03 14:49:51,929 - HexagonalHedgeFund - INFO - main_hexagonal_container.py:50 - Starting hexagonal architecture application setup
2025-12-03 14:49:51,930 - HexagonalHedgeFund - INFO - main_hexagonal_container.py:461 - Application configured for development environment
2025-12-03 14:49:51,930 - HexagonalHedgeFund - INFO - main_hexagonal_container.py:462 - Enabled watchers: ['MarketPulse', 'Volatility', 'TrendMTF']
2025-12-03 14:49:51,930 - HexagonalHedgeFund - INFO - main_hexagonal_container.py:463 - Enabled engines: ['Trend', 'Volatility', 'Liquidity']
2025-12-03 14:49:51,931 - HexagonalHedgeFund - INFO - main_hexagonal_container.py:50 - Starting hexagonal architecture application setup
2025-12-03 14:49:51,932 - HexagonalHedgeFund - INFO - main_hexagonal_container.py:461 - Application configured for development environment
2025-12-03 14:49:51,932 - HexagonalHedgeFund - INFO - main_hexagonal_container.py:462 - Enabled watchers: ['MarketPulse', 'Volatility', 'TrendMTF']
2025-12-03 14:49:51,932 - HexagonalHedgeFund - INFO - main_hexagonal_container.py:463 - Enabled engines: ['Trend', 'Volatility', 'Liquidity']
2025-12-03 14:49:51,933 - HexagonalHedgeFund - INFO - main_hexagonal_container.py:50 - Starting hexagonal architecture application setup
2025-12-03 14:49:51,933 - HexagonalHedgeFund - INFO - main_hexagonal_container.py:461 - Application configured for development environment
2025-12-03 14:49:51,934 - HexagonalHedgeFund - INFO - main_hexagonal_container.py:462 - Enabled watchers: ['MarketPulse', 'Volatility', 'TrendMTF']
2025-12-03 14:49:51,934 - HexagonalHedgeFund - INFO - main_hexagonal_container.py:463 - Enabled engines: ['Trend', 'Volatility', 'Liquidity']
2025-12-03 14:49:51,939 - HexagonalHedgeFund - INFO - main_hexagonal_container.py:50 - Starting hexagonal architecture application setup
2025-12-03 14:49:51,941 - HexagonalHedgeFund - INFO - main_hexagonal_container.py:461 - Application configured for development environment
2025-12-03 14:49:51,941 - HexagonalHedgeFund - INFO - main_hexagonal_container.py:462 - Enabled watchers: ['MarketPulse', 'Volatility', 'TrendMTF']
2025-12-03 14:49:51,942 - HexagonalHedgeFund - INFO - main_hexagonal_container.py:463 - Enabled engines: ['Trend', 'Volatility', 'Liquidity']
2025-12-03 14:49:58,399 - HexagonalHedgeFund - INFO - hexagonal_utils.py:152 - Event bus started
2025-12-03 14:49:59,596 - HexagonalHedgeFund - INFO - main_hexagonal_container.py:50 - Starting hexagonal architecture application setup
2025-12-03 14:49:59,625 - HexagonalHedgeFund - INFO - main_hexagonal_container.py:461 - Application configured for development environment
2025-12-03 14:49:59,626 - HexagonalHedgeFund - INFO - main_hexagonal_container.py:462 - Enabled watchers: ['MarketPulse', 'Volatility', 'TrendMTF']
2025-12-03 14:49:59,626 - HexagonalHedgeFund - INFO - main_hexagonal_container.py:463 - Enabled engines: ['Trend', 'Volatility', 'Liquidity']
2025-12-03 14:49:59,626 - HexagonalHedgeFund - INFO - main_hexagonal_container.py:50 - Starting hexagonal architecture application setup
2025-12-03 14:49:59,626 - HexagonalHedgeFund - INFO - main_hexagonal_container.py:461 - Application configured for development environment
2025-12-03 14:49:59,626 - HexagonalHedgeFund - INFO - main_hexagonal_container.py:462 - Enabled watchers: ['MarketPulse', 'Volatility', 'TrendMTF']
2025-12-03 14:49:59,627 - HexagonalHedgeFund - INFO - main_hexagonal_container.py:463 - Enabled engines: ['Trend', 'Volatility', 'Liquidity']
2025-12-03 14:49:59,635 - HexagonalHedgeFund - INFO - main_hexagonal_container.py:50 - Starting hexagonal architecture application setup
2025-12-03 14:49:59,635 - HexagonalHedgeFund - INFO - main_hexagonal_container.py:461 - Application configured for development environment
2025-12-03 14:49:59,636 - HexagonalHedgeFund - INFO - main_hexagonal_container.py:462 - Enabled watchers: ['MarketPulse', 'Volatility', 'TrendMTF']
2025-12-03 14:49:59,636 - HexagonalHedgeFund - INFO - main_hexagonal_container.py:463 - Enabled engines: ['Trend', 'Volatility', 'Liquidity']
2025-12-03 14:49:59,637 - HexagonalHedgeFund - INFO - main_hexagonal_container.py:50 - Starting hexagonal architecture application setup
2025-12-03 14:49:59,637 - HexagonalHedgeFund - INFO - main_hexagonal_container.py:461 - Application configured for development environment
2025-12-03 14:49:59,637 - HexagonalHedgeFund - INFO - main_hexagonal_container.py:462 - Enabled watchers: ['MarketPulse', 'Volatility', 'TrendMTF']
2025-12-03 14:49:59,637 - HexagonalHedgeFund - INFO - main_hexagonal_container.py:463 - Enabled engines: ['Trend', 'Volatility', 'Liquidity']
2025-12-03 14:49:59,639 - HexagonalHedgeFund - INFO - main_hexagonal_container.py:50 - Starting hexagonal architecture application setup
2025-12-03 14:49:59,639 - HexagonalHedgeFund - INFO - main_hexagonal_container.py:461 - Application configured for development environment
2025-12-03 14:49:59,639 - HexagonalHedgeFund - INFO - main_hexagonal_container.py:462 - Enabled watchers: ['MarketPulse', 'Volatility', 'TrendMTF']
2025-12-03 14:49:59,639 - HexagonalHedgeFund - INFO - main_hexagonal_container.py:463 - Enabled engines: ['Trend', 'Volatility', 'Liquidity']
2025-12-03 14:49:59,640 - HexagonalHedgeFund - INFO - main_hexagonal_container.py:50 - Starting hexagonal architecture application setup
2025-12-03 14:49:59,641 - HexagonalHedgeFund - INFO - main_hexagonal_container.py:461 - Application configured for development environment
2025-12-03 14:49:59,641 - HexagonalHedgeFund - INFO - main_hexagonal_container.py:462 - Enabled watchers: ['MarketPulse', 'Volatility', 'TrendMTF']
2025-12-03 14:49:59,641 - HexagonalHedgeFund - INFO - main_hexagonal_container.py:463 - Enabled engines: ['Trend', 'Volatility', 'Liquidity']
2025-12-03 14:49:59,642 - HexagonalHedgeFund - INFO - main_hexagonal_container.py:50 - Starting hexagonal architecture application setup
2025-12-03 14:49:59,642 - HexagonalHedgeFund - INFO - main_hexagonal_container.py:461 - Application configured for development environment
2025-12-03 14:49:59,642 - HexagonalHedgeFund - INFO - main_hexagonal_container.py:462 - Enabled watchers: ['MarketPulse', 'Volatility', 'TrendMTF']
2025-12-03 14:49:59,643 - HexagonalHedgeFund - INFO - main_hexagonal_container.py:463 - Enabled engines: ['Trend', 'Volatility', 'Liquidity']
2025-12-03 14:49:59,644 - HexagonalHedgeFund - INFO - main_hexagonal_container.py:50 - Starting hexagonal architecture application setup
2025-12-03 14:49:59,644 - HexagonalHedgeFund - INFO - main_hexagonal_container.py:461 - Application configured for development environment
2025-12-03 14:49:59,644 - HexagonalHedgeFund - INFO - main_hexagonal_container.py:462 - Enabled watchers: ['MarketPulse', 'Volatility', 'TrendMTF']
2025-12-03 14:49:59,644 - HexagonalHedgeFund - INFO - main_hexagonal_container.py:463 - Enabled engines: ['Trend', 'Volatility', 'Liquidity']
2025-12-03 14:49:59,645 - HexagonalHedgeFund - INFO - main_hexagonal_container.py:50 - Starting hexagonal architecture application setup
2025-12-03 14:49:59,646 - HexagonalHedgeFund - INFO - main_hexagonal_container.py:461 - Application configured for development environment
2025-12-03 14:49:59,646 - HexagonalHedgeFund - INFO - main_hexagonal_container.py:462 - Enabled watchers: ['MarketPulse', 'Volatility', 'TrendMTF']
2025-12-03 14:49:59,646 - HexagonalHedgeFund - INFO - main_hexagonal_container.py:463 - Enabled engines: ['Trend', 'Volatility', 'Liquidity']
2025-12-03 14:49:59,653 - HexagonalHedgeFund - INFO - main_hexagonal_container.py:50 - Starting hexagonal architecture application setup
2025-12-03 14:49:59,654 - HexagonalHedgeFund - INFO - main_hexagonal_container.py:461 - Application configured for development environment
2025-12-03 14:49:59,654 - HexagonalHedgeFund - INFO - main_hexagonal_container.py:462 - Enabled watchers: ['MarketPulse', 'Volatility', 'TrendMTF']
2025-12-03 14:49:59,654 - HexagonalHedgeFund - INFO - main_hexagonal_container.py:463 - Enabled engines: ['Trend', 'Volatility', 'Liquidity']
2025-12-03 14:49:59,656 - HexagonalHedgeFund - INFO - main_hexagonal_container.py:50 - Starting hexagonal architecture application setup
2025-12-03 14:49:59,656 - HexagonalHedgeFund - INFO - main_hexagonal_container.py:461 - Application configured for development environment
2025-12-03 14:49:59,656 - HexagonalHedgeFund - INFO - main_hexagonal_container.py:462 - Enabled watchers: ['MarketPulse', 'Volatility', 'TrendMTF']
2025-12-03 14:49:59,656 - HexagonalHedgeFund - INFO - main_hexagonal_container.py:463 - Enabled engines: ['Trend', 'Volatility', 'Liquidity']
2025-12-03 14:49:59,661 - HexagonalHedgeFund - INFO - main_hexagonal_container.py:50 - Starting hexagonal architecture application setup
2025-12-03 14:49:59,662 - HexagonalHedgeFund - INFO - main_hexagonal_container.py:461 - Application configured for development environment
2025-12-03 14:49:59,662 - HexagonalHedgeFund - INFO - main_hexagonal_container.py:462 - Enabled watchers: ['MarketPulse', 'Volatility', 'TrendMTF']
2025-12-03 14:49:59,662 - HexagonalHedgeFund - INFO - main_hexagonal_container.py:463 - Enabled engines: ['Trend', 'Volatility', 'Liquidity']
2025-12-03 14:49:59,663 - HexagonalHedgeFund - INFO - main_hexagonal_container.py:50 - Starting hexagonal architecture application setup
2025-12-03 14:49:59,664 - HexagonalHedgeFund - INFO - main_hexagonal_container.py:461 - Application configured for development environment
2025-12-03 14:49:59,664 - HexagonalHedgeFund - INFO - main_hexagonal_container.py:462 - Enabled watchers: ['MarketPulse', 'Volatility', 'TrendMTF']
2025-12-03 14:49:59,664 - HexagonalHedgeFund - INFO - main_hexagonal_container.py:463 - Enabled engines: ['Trend', 'Volatility', 'Liquidity']
2025-12-03 14:49:59,666 - HexagonalHedgeFund - INFO - main_hexagonal_container.py:50 - Starting hexagonal architecture application setup
2025-12-03 14:49:59,667 - HexagonalHedgeFund - INFO - main_hexagonal_container.py:461 - Application configured for development environment
2025-12-03 14:49:59,667 - HexagonalHedgeFund - INFO - main_hexagonal_container.py:462 - Enabled watchers: ['MarketPulse', 'Volatility', 'TrendMTF']
2025-12-03 14:49:59,667 - HexagonalHedgeFund - INFO - main_hexagonal_container.py:463 - Enabled engines: ['Trend', 'Volatility', 'Liquidity']
2025-12-03 14:49:59,670 - HexagonalHedgeFund - INFO - main_hexagonal_container.py:50 - Starting hexagonal architecture application setup
2025-12-03 14:49:59,670 - HexagonalHedgeFund - INFO - main_hexagonal_container.py:461 - Application configured for development environment
2025-12-03 14:49:59,671 - HexagonalHedgeFund - INFO - main_hexagonal_container.py:462 - Enabled watchers: ['MarketPulse', 'Volatility', 'TrendMTF']
2025-12-03 14:49:59,671 - HexagonalHedgeFund - INFO - main_hexagonal_container.py:463 - Enabled engines: ['Trend', 'Volatility', 'Liquidity']
2025-12-03 14:49:59,673 - HexagonalHedgeFund - INFO - main_hexagonal_container.py:50 - Starting hexagonal architecture application setup
2025-12-03 14:49:59,674 - HexagonalHedgeFund - INFO - main_hexagonal_container.py:461 - Application configured for development environment
2025-12-03 14:49:59,674 - HexagonalHedgeFund - INFO - main_hexagonal_container.py:462 - Enabled watchers: ['MarketPulse', 'Volatility', 'TrendMTF']
2025-12-03 14:49:59,674 - HexagonalHedgeFund - INFO - main_hexagonal_container.py:463 - Enabled engines: ['Trend', 'Volatility', 'Liquidity']
2025-12-03 14:49:59,675 - HexagonalHedgeFund - INFO - main_hexagonal_container.py:50 - Starting hexagonal architecture application setup
2025-12-03 14:49:59,676 - HexagonalHedgeFund - INFO - main_hexagonal_container.py:461 - Application configured for development environment
2025-12-03 14:49:59,676 - HexagonalHedgeFund - INFO - main_hexagonal_container.py:462 - Enabled watchers: ['MarketPulse', 'Volatility', 'TrendMTF']
2025-12-03 14:49:59,676 - HexagonalHedgeFund - INFO - main_hexagonal_container.py:463 - Enabled engines: ['Trend', 'Volatility', 'Liquidity']
2025-12-03 14:49:59,678 - HexagonalHedgeFund - INFO - main_hexagonal_container.py:50 - Starting hexagonal architecture application setup
2025-12-03 14:49:59,678 - HexagonalHedgeFund - INFO - main_hexagonal_container.py:461 - Application configured for development environment
2025-12-03 14:49:59,678 - HexagonalHedgeFund - INFO - main_hexagonal_container.py:462 - Enabled watchers: ['MarketPulse', 'Volatility', 'TrendMTF']
2025-12-03 14:49:59,679 - HexagonalHedgeFund - INFO - main_hexagonal_container.py:463 - Enabled engines: ['Trend', 'Volatility', 'Liquidity']
2025-12-03 14:49:59,681 - HexagonalHedgeFund - INFO - main_hexagonal_container.py:50 - Starting hexagonal architecture application setup
2025-12-03 14:49:59,681 - HexagonalHedgeFund - INFO - main_hexagonal_container.py:461 - Application configured for development environment
2025-12-03 14:49:59,681 - HexagonalHedgeFund - INFO - main_hexagonal_container.py:462 - Enabled watchers: ['MarketPulse', 'Volatility', 'TrendMTF']
2025-12-03 14:49:59,681 - HexagonalHedgeFund - INFO - main_hexagonal_container.py:463 - Enabled engines: ['Trend', 'Volatility', 'Liquidity']
2025-12-03 14:49:59,686 - HexagonalHedgeFund - INFO - main_hexagonal_container.py:50 - Starting hexagonal architecture application setup
2025-12-03 14:49:59,686 - HexagonalHedgeFund - INFO - main_hexagonal_container.py:461 - Application configured for development environment
2025-12-03 14:49:59,686 - HexagonalHedgeFund - INFO - main_hexagonal_container.py:462 - Enabled watchers: ['MarketPulse', 'Volatility', 'TrendMTF']
2025-12-03 14:49:59,687 - HexagonalHedgeFund - INFO - main_hexagonal_container.py:463 - Enabled engines: ['Trend', 'Volatility', 'Liquidity']
2025-12-03 14:49:59,689 - HexagonalHedgeFund - INFO - main_hexagonal_container.py:50 - Starting hexagonal architecture application setup
2025-12-03 14:49:59,689 - HexagonalHedgeFund - INFO - main_hexagonal_container.py:461 - Application configured for development environment
2025-12-03 14:49:59,689 - HexagonalHedgeFund - INFO - main_hexagonal_container.py:462 - Enabled watchers: ['MarketPulse', 'Volatility', 'TrendMTF']
2025-12-03 14:49:59,689 - HexagonalHedgeFund - INFO - main_hexagonal_container.py:463 - Enabled engines: ['Trend', 'Volatility', 'Liquidity']
2025-12-03 14:49:59,690 - HexagonalHedgeFund - INFO - main_hexagonal_container.py:50 - Starting hexagonal architecture application setup
2025-12-03 14:49:59,691 - HexagonalHedgeFund - INFO - main_hexagonal_container.py:461 - Application configured for development environment
2025-12-03 14:49:59,691 - HexagonalHedgeFund - INFO - main_hexagonal_container.py:462 - Enabled watchers: ['MarketPulse', 'Volatility', 'TrendMTF']
2025-12-03 14:49:59,691 - HexagonalHedgeFund - INFO - main_hexagonal_container.py:463 - Enabled engines: ['Trend', 'Volatility', 'Liquidity']
2025-12-03 14:49:59,693 - HexagonalHedgeFund - INFO - main_hexagonal_container.py:50 - Starting hexagonal architecture application setup
2025-12-03 14:49:59,693 - HexagonalHedgeFund - INFO - main_hexagonal_container.py:461 - Application configured for development environment
2025-12-03 14:49:59,693 - HexagonalHedgeFund - INFO - main_hexagonal_container.py:462 - Enabled watchers: ['MarketPulse', 'Volatility', 'TrendMTF']
2025-12-03 14:49:59,693 - HexagonalHedgeFund - INFO - main_hexagonal_container.py:463 - Enabled engines: ['Trend', 'Volatility', 'Liquidity']
2025-12-03 14:49:59,701 - HexagonalHedgeFund - INFO - main_hexagonal_container.py:50 - Starting hexagonal architecture application setup
2025-12-03 14:49:59,702 - HexagonalHedgeFund - INFO - main_hexagonal_container.py:461 - Application configured for development environment
2025-12-03 14:49:59,703 - HexagonalHedgeFund - INFO - main_hexagonal_container.py:462 - Enabled watchers: ['MarketPulse', 'Volatility', 'TrendMTF']
2025-12-03 14:49:59,703 - HexagonalHedgeFund - INFO - main_hexagonal_container.py:463 - Enabled engines: ['Trend', 'Volatility', 'Liquidity']
2025-12-03 14:50:37,819 - HexagonalHedgeFund - INFO - hexagonal_utils.py:152 - Event bus started
2025-12-03 14:50:39,097 - HexagonalHedgeFund - INFO - main_hexagonal_container.py:50 - Starting hexagonal architecture application setup
2025-12-03 14:50:39,131 - HexagonalHedgeFund - INFO - main_hexagonal_container.py:461 - Application configured for development environment
2025-12-03 14:50:39,131 - HexagonalHedgeFund - INFO - main_hexagonal_container.py:462 - Enabled watchers: ['MarketPulse', 'Volatility', 'TrendMTF']
2025-12-03 14:50:39,131 - HexagonalHedgeFund - INFO - main_hexagonal_container.py:463 - Enabled engines: ['Trend', 'Volatility', 'Liquidity']
2025-12-03 14:50:39,131 - HexagonalHedgeFund - INFO - main_hexagonal_container.py:50 - Starting hexagonal architecture application setup
2025-12-03 14:50:39,132 - HexagonalHedgeFund - INFO - main_hexagonal_container.py:461 - Application configured for development environment
2025-12-03 14:50:39,132 - HexagonalHedgeFund - INFO - main_hexagonal_container.py:462 - Enabled watchers: ['MarketPulse', 'Volatility', 'TrendMTF']
2025-12-03 14:50:39,132 - HexagonalHedgeFund - INFO - main_hexagonal_container.py:463 - Enabled engines: ['Trend', 'Volatility', 'Liquidity']
2025-12-03 14:58:16,885 - HexagonalHedgeFund - INFO - hexagonal_utils.py:152 - Event bus started
2025-12-03 14:58:18,197 - HexagonalHedgeFund - INFO - main_hexagonal_container.py:50 - Starting hexagonal architecture application setup
2025-12-03 14:58:18,232 - HexagonalHedgeFund - INFO - main_hexagonal_container.py:461 - Application configured for development environment
2025-12-03 14:58:18,233 - HexagonalHedgeFund - INFO - main_hexagonal_container.py:462 - Enabled watchers: ['MarketPulse', 'Volatility', 'TrendMTF']
2025-12-03 14:58:18,233 - HexagonalHedgeFund - INFO - main_hexagonal_container.py:463 - Enabled engines: ['Trend', 'Volatility', 'Liquidity']
2025-12-03 14:58:18,233 - HexagonalHedgeFund - INFO - main_hexagonal_container.py:50 - Starting hexagonal architecture application setup
2025-12-03 14:58:18,233 - HexagonalHedgeFund - INFO - main_hexagonal_container.py:461 - Application configured for development environment
2025-12-03 14:58:18,234 - HexagonalHedgeFund - INFO - main_hexagonal_container.py:462 - Enabled watchers: ['MarketPulse', 'Volatility', 'TrendMTF']
2025-12-03 14:58:18,234 - HexagonalHedgeFund - INFO - main_hexagonal_container.py:463 - Enabled engines: ['Trend', 'Volatility', 'Liquidity']
2025-12-03 14:58:18,241 - HexagonalHedgeFund - INFO - main_hexagonal_container.py:50 - Starting hexagonal architecture application setup
2025-12-03 14:58:18,242 - HexagonalHedgeFund - INFO - main_hexagonal_container.py:461 - Application configured for development environment
2025-12-03 14:58:18,242 - HexagonalHedgeFund - INFO - main_hexagonal_container.py:462 - Enabled watchers: ['MarketPulse', 'Volatility', 'TrendMTF']
2025-12-03 14:58:18,242 - HexagonalHedgeFund - INFO - main_hexagonal_container.py:463 - Enabled engines: ['Trend', 'Volatility', 'Liquidity']
2025-12-03 14:58:18,378 - HexagonalHedgeFund - INFO - main_hexagonal_container.py:50 - Starting hexagonal architecture application setup
2025-12-03 14:58:18,379 - HexagonalHedgeFund - INFO - main_hexagonal_container.py:461 - Application configured for development environment
2025-12-03 14:58:18,379 - HexagonalHedgeFund - INFO - main_hexagonal_container.py:462 - Enabled watchers: ['MarketPulse', 'Volatility', 'TrendMTF']
2025-12-03 14:58:18,379 - HexagonalHedgeFund - INFO - main_hexagonal_container.py:463 - Enabled engines: ['Trend', 'Volatility', 'Liquidity']
2025-12-03 14:58:18,381 - HexagonalHedgeFund - INFO - main_hexagonal_container.py:50 - Starting hexagonal architecture application setup
2025-12-03 14:58:18,381 - HexagonalHedgeFund - INFO - main_hexagonal_container.py:461 - Application configured for development environment
2025-12-03 14:58:18,381 - HexagonalHedgeFund - INFO - main_hexagonal_container.py:462 - Enabled watchers: ['MarketPulse', 'Volatility', 'TrendMTF']
2025-12-03 14:58:18,381 - HexagonalHedgeFund - INFO - main_hexagonal_container.py:463 - Enabled engines: ['Trend', 'Volatility', 'Liquidity']
2025-12-03 14:58:18,383 - HexagonalHedgeFund - INFO - main_hexagonal_container.py:50 - Starting hexagonal architecture application setup
2025-12-03 14:58:18,384 - HexagonalHedgeFund - INFO - main_hexagonal_container.py:461 - Application configured for development environment
2025-12-03 14:58:18,384 - HexagonalHedgeFund - INFO - main_hexagonal_container.py:462 - Enabled watchers: ['MarketPulse', 'Volatility', 'TrendMTF']
2025-12-03 14:58:18,384 - HexagonalHedgeFund - INFO - main_hexagonal_container.py:463 - Enabled engines: ['Trend', 'Volatility', 'Liquidity']
2025-12-03 14:58:18,386 - HexagonalHedgeFund - INFO - main_hexagonal_container.py:50 - Starting hexagonal architecture application setup
2025-12-03 14:58:18,386 - HexagonalHedgeFund - INFO - main_hexagonal_container.py:461 - Application configured for development environment
2025-12-03 14:58:18,386 - HexagonalHedgeFund - INFO - main_hexagonal_container.py:462 - Enabled watchers: ['MarketPulse', 'Volatility', 'TrendMTF']
2025-12-03 14:58:18,386 - HexagonalHedgeFund - INFO - main_hexagonal_container.py:463 - Enabled engines: ['Trend', 'Volatility', 'Liquidity']
2025-12-03 14:58:18,388 - HexagonalHedgeFund - INFO - main_hexagonal_container.py:50 - Starting hexagonal architecture application setup
2025-12-03 14:58:18,389 - HexagonalHedgeFund - INFO - main_hexagonal_container.py:461 - Application configured for development environment
2025-12-03 14:58:18,389 - HexagonalHedgeFund - INFO - main_hexagonal_container.py:462 - Enabled watchers: ['MarketPulse', 'Volatility', 'TrendMTF']
2025-12-03 14:58:18,389 - HexagonalHedgeFund - INFO - main_hexagonal_container.py:463 - Enabled engines: ['Trend', 'Volatility', 'Liquidity']
2025-12-03 14:59:08,595 - HexagonalHedgeFund - INFO - hexagonal_utils.py:152 - Event bus started
2025-12-03 14:59:10,083 - HexagonalHedgeFund - INFO - main_hexagonal_container.py:50 - Starting hexagonal architecture application setup
2025-12-03 14:59:10,127 - HexagonalHedgeFund - INFO - main_hexagonal_container.py:461 - Application configured for development environment
2025-12-03 14:59:10,128 - HexagonalHedgeFund - INFO - main_hexagonal_container.py:462 - Enabled watchers: ['MarketPulse', 'Volatility', 'TrendMTF']
2025-12-03 14:59:10,128 - HexagonalHedgeFund - INFO - main_hexagonal_container.py:463 - Enabled engines: ['Trend', 'Volatility', 'Liquidity']
2025-12-03 14:59:10,128 - HexagonalHedgeFund - INFO - main_hexagonal_container.py:50 - Starting hexagonal architecture application setup
2025-12-03 14:59:10,129 - HexagonalHedgeFund - INFO - main_hexagonal_container.py:461 - Application configured for development environment
2025-12-03 14:59:10,129 - HexagonalHedgeFund - INFO - main_hexagonal_container.py:462 - Enabled watchers: ['MarketPulse', 'Volatility', 'TrendMTF']
2025-12-03 14:59:10,129 - HexagonalHedgeFund - INFO - main_hexagonal_container.py:463 - Enabled engines: ['Trend', 'Volatility', 'Liquidity']
2025-12-03 15:00:04,518 - HexagonalHedgeFund - INFO - hexagonal_utils.py:152 - Event bus started
2025-12-03 15:00:05,916 - HexagonalHedgeFund - INFO - main_hexagonal_container.py:50 - Starting hexagonal architecture application setup
2025-12-03 15:00:05,948 - HexagonalHedgeFund - INFO - main_hexagonal_container.py:461 - Application configured for development environment
2025-12-03 15:00:05,948 - HexagonalHedgeFund - INFO - main_hexagonal_container.py:462 - Enabled watchers: ['MarketPulse', 'Volatility', 'TrendMTF']
2025-12-03 15:00:05,948 - HexagonalHedgeFund - INFO - main_hexagonal_container.py:463 - Enabled engines: ['Trend', 'Volatility', 'Liquidity']
2025-12-03 15:00:05,948 - HexagonalHedgeFund - INFO - main_hexagonal_container.py:50 - Starting hexagonal architecture application setup
2025-12-03 15:00:05,948 - HexagonalHedgeFund - INFO - main_hexagonal_container.py:461 - Application configured for development environment
2025-12-03 15:00:05,948 - HexagonalHedgeFund - INFO - main_hexagonal_container.py:462 - Enabled watchers: ['MarketPulse', 'Volatility', 'TrendMTF']
2025-12-03 15:00:05,948 - HexagonalHedgeFund - INFO - main_hexagonal_container.py:463 - Enabled engines: ['Trend', 'Volatility', 'Liquidity']
