2025-12-03 09:36:33,132 - INFO - HedgeFund - Running backtest for BTC-USDT from 2025-11-03 to 2025-12-03
2025-12-03 09:36:33,135 - INFO - HedgeFund - Generating mock historical data for BTC-USDT
2025-12-03 09:36:33,310 - INFO - HedgeFund - Optimizing parameters for TestStrategy
2025-12-03 09:36:33,310 - INFO - HedgeFund - Testing parameter combination 1: {'lookback_period': 10, 'threshold': 0.5}
2025-12-03 09:36:33,310 - INFO - HedgeFund - Running backtest for TestStrategy on BTC-USDT
2025-12-03 09:36:33,310 - INFO - HedgeFund - Running backtest for BTC-USDT from 2025-11-03 to 2025-12-03
2025-12-03 09:36:33,310 - INFO - HedgeFund - Generating mock historical data for BTC-USDT
2025-12-03 09:36:33,312 - INFO - HedgeFund - Selected strategy: TrendFollow
2025-12-03 09:36:33,313 - INFO - HedgeFund - TrendFollow strategy generating signal for BTC-USDT
2025-12-03 09:36:33,313 - INFO - HedgeFund - TrendFollow generated signal: BUY with confidence 75.00%
2025-12-03 09:36:33,318 - INFO - HedgeFund - Selected strategy: TrendFollow
2025-12-03 09:36:33,318 - INFO - HedgeFund - TrendFollow strategy generating signal for BTC-USDT
2025-12-03 09:36:33,318 - INFO - HedgeFund - TrendFollow generated signal: BUY with confidence 75.00%
2025-12-03 09:36:33,318 - INFO - HedgeFund - Selected strategy: MeanReversion
2025-12-03 09:36:33,318 - INFO - HedgeFund - Selected strategy: Scalper
2025-12-03 09:36:33,319 - INFO - HedgeFund - Selected strategy: Breakout
2025-12-03 09:44:14,502 - INFO - HedgeFund - Selected strategy: TrendFollow
2025-12-03 09:44:14,502 - INFO - HedgeFund - TrendFollow strategy generating signal for BTC-USDT
2025-12-03 09:44:14,503 - INFO - HedgeFund - TrendFollow generated signal: BUY with confidence 75.00%
2025-12-03 09:44:14,503 - INFO - HedgeFund - Running backtest for TestStrategy on BTC-USDT
2025-12-03 09:44:14,503 - INFO - HedgeFund - Running backtest for BTC-USDT from 2025-11-26 to 2025-12-03
2025-12-03 09:44:14,503 - INFO - HedgeFund - Generating mock historical data for BTC-USDT
2025-12-03 09:45:56,726 - INFO - HedgeFund - Optimizing parameters for TestStrategy
2025-12-03 09:45:56,726 - INFO - HedgeFund - Testing parameter combination 1: {'lookback_period': 10, 'threshold': 0.5}
2025-12-03 09:45:56,726 - INFO - HedgeFund - Running backtest for TestStrategy on BTC-USDT
2025-12-03 09:45:56,726 - INFO - HedgeFund - Running backtest for BTC-USDT from 2025-11-03 to 2025-12-03
2025-12-03 09:45:56,727 - INFO - HedgeFund - Generating mock historical data for BTC-USDT
2025-12-03 10:04:35,386 - INFO - HedgeFund - Added symbol BTC-USDT to watcher monitoring
2025-12-03 10:04:35,386 - INFO - HedgeFund - Starting enhanced watcher orchestration...
2025-12-03 10:04:35,386 - INFO - HedgeFund - Starting market data feed for symbols: ['BTC-USDT']
2025-12-03 10:04:35,387 - INFO - HedgeFund - Started watcher: MarketPulse for symbol: BTC-USDT
2025-12-03 10:04:35,387 - INFO - HedgeFund - Started watcher: Volatility for symbol: BTC-USDT
2025-12-03 10:04:35,388 - INFO - HedgeFund - Started watcher: TrendMTF for symbol: BTC-USDT
2025-12-03 10:04:35,388 - INFO - HedgeFund - Started watcher: AnomalyML for symbol: BTC-USDT
2025-12-03 10:04:35,388 - INFO - HedgeFund - Started watcher: OrderFlow for symbol: BTC-USDT
2025-12-03 10:04:35,388 - INFO - HedgeFund - Started 5 watchers
2025-12-03 10:04:35,388 - INFO - HedgeFund - Enhanced watcher orchestration started
2025-12-03 10:04:48,124 - INFO - HedgeFund - Added symbol BTC-USDT to watcher monitoring
2025-12-03 10:04:48,124 - INFO - HedgeFund - Starting enhanced watcher orchestration...
2025-12-03 10:04:48,124 - INFO - HedgeFund - Starting market data feed for symbols: ['BTC-USDT']
2025-12-03 10:04:48,125 - INFO - HedgeFund - Started watcher: MarketPulse for symbol: BTC-USDT
2025-12-03 10:04:48,125 - INFO - HedgeFund - Started watcher: Volatility for symbol: BTC-USDT
2025-12-03 10:04:48,126 - INFO - HedgeFund - Started watcher: TrendMTF for symbol: BTC-USDT
2025-12-03 10:04:48,126 - INFO - HedgeFund - Started watcher: AnomalyML for symbol: BTC-USDT
2025-12-03 10:04:48,126 - INFO - HedgeFund - Started watcher: OrderFlow for symbol: BTC-USDT
2025-12-03 10:04:48,126 - INFO - HedgeFund - Started 5 watchers
2025-12-03 10:04:48,126 - INFO - HedgeFund - Enhanced watcher orchestration started
2025-12-03 10:05:15,188 - INFO - HedgeFund - Added symbol BTC-USDT to watcher monitoring
2025-12-03 10:05:15,188 - INFO - HedgeFund - Starting enhanced watcher orchestration...
2025-12-03 10:05:15,188 - INFO - HedgeFund - Starting market data feed for symbols: ['BTC-USDT']
2025-12-03 10:05:15,189 - INFO - HedgeFund - Started watcher: MarketPulse for symbol: BTC-USDT
2025-12-03 10:05:15,189 - INFO - HedgeFund - Started watcher: Volatility for symbol: BTC-USDT
2025-12-03 10:05:15,189 - INFO - HedgeFund - Started watcher: TrendMTF for symbol: BTC-USDT
2025-12-03 10:05:15,190 - INFO - HedgeFund - Started watcher: AnomalyML for symbol: BTC-USDT
2025-12-03 10:05:15,190 - INFO - HedgeFund - Started watcher: OrderFlow for symbol: BTC-USDT
2025-12-03 10:05:15,190 - INFO - HedgeFund - Started 5 watchers
2025-12-03 10:05:15,190 - INFO - HedgeFund - Enhanced watcher orchestration started
2025-12-03 10:05:15,192 - INFO - HedgeFund - Initializing production trading system...
2025-12-03 10:05:15,192 - INFO - HedgeFund - Added symbol ETH-USDT to watcher monitoring
2025-12-03 10:05:15,192 - INFO - HedgeFund - Starting enhanced watcher orchestration...
2025-12-03 10:05:15,193 - INFO - HedgeFund - Starting market data feed for symbols: ['BTC-USDT', 'ETH-USDT']
2025-12-03 10:05:15,194 - INFO - HedgeFund - Started watcher: MarketPulse for symbol: BTC-USDT
2025-12-03 10:05:15,194 - INFO - HedgeFund - Started watcher: Volatility for symbol: BTC-USDT
2025-12-03 10:05:15,197 - INFO - HedgeFund - Started watcher: TrendMTF for symbol: BTC-USDT
2025-12-03 10:05:15,197 - INFO - HedgeFund - Started watcher: AnomalyML for symbol: BTC-USDT
2025-12-03 10:05:15,197 - INFO - HedgeFund - Started watcher: OrderFlow for symbol: BTC-USDT
2025-12-03 10:05:15,197 - INFO - HedgeFund - Started 5 watchers
2025-12-03 10:05:15,197 - INFO - HedgeFund - Enhanced watcher orchestration started
2025-12-03 10:05:15,197 - INFO - HedgeFund - Production trading system initialized and monitoring started
2025-12-03 10:05:15,198 - INFO - HedgeFund - Stopping enhanced watcher orchestration...
2025-12-03 10:05:15,198 - INFO - HedgeFund - Stopping market data feed...
2025-12-03 10:05:15,485 - WARNING - HedgeFund - Could not fetch data from BingX for BTC-USDT, trying alternative source
2025-12-03 10:05:15,495 - WARNING - HedgeFund - Could not fetch data from BingX for BTC-USDT, trying alternative source
2025-12-03 10:05:15,497 - ERROR - HedgeFund - Error in market data loop: Set changed size during iteration
2025-12-03 10:05:15,731 - WARNING - HedgeFund - Could not fetch data from BingX for ETH-USDT, trying alternative source
2025-12-03 10:05:16,734 - INFO - HedgeFund - Market data feed stopped
2025-12-03 10:05:16,735 - INFO - HedgeFund - Stopped watcher: MarketPulse for symbol: BTC-USDT
2025-12-03 10:05:16,735 - INFO - HedgeFund - Stopped watcher: Volatility for symbol: BTC-USDT
2025-12-03 10:05:16,735 - INFO - HedgeFund - Stopped watcher: TrendMTF for symbol: BTC-USDT
2025-12-03 10:05:16,735 - INFO - HedgeFund - Stopped watcher: AnomalyML for symbol: BTC-USDT
2025-12-03 10:05:16,735 - INFO - HedgeFund - Stopped watcher: OrderFlow for symbol: BTC-USDT
2025-12-03 10:05:16,735 - INFO - HedgeFund - Stopped 5 watchers
2025-12-03 10:05:16,735 - INFO - HedgeFund - Enhanced watcher orchestration stopped
2025-12-03 10:05:41,436 - INFO - HedgeFund - Added symbol BTC-USDT to watcher monitoring
2025-12-03 10:05:47,626 - INFO - HedgeFund - Added symbol BTC-USDT to watcher monitoring
2025-12-03 10:05:47,630 - INFO - HedgeFund - Insufficient signals for fusion (1 < 2), returning first signal
2025-12-03 10:05:47,633 - INFO - HedgeFund - Fusing 2 signals using weighted_average
2025-12-03 10:05:47,633 - INFO - HedgeFund - Fused signal: type=NEUTRAL, confidence=65.38%, score=0.08461538461538465
2025-12-03 10:05:47,635 - INFO - HedgeFund - Insufficient signals for fusion (1 < 2), returning first signal
2025-12-03 10:05:47,645 - INFO - HedgeFund - Initializing production trading system...
2025-12-03 10:05:47,645 - INFO - HedgeFund - Added symbol BTC-USDT to watcher monitoring
2025-12-03 10:05:47,646 - INFO - HedgeFund - Added symbol ETH-USDT to watcher monitoring
2025-12-03 10:05:47,646 - INFO - HedgeFund - Starting enhanced watcher orchestration...
2025-12-03 10:05:47,646 - INFO - HedgeFund - Starting market data feed for symbols: ['BTC-USDT', 'ETH-USDT']
2025-12-03 10:05:47,647 - INFO - HedgeFund - Started watcher: MarketPulse for symbol: BTC-USDT
2025-12-03 10:05:47,647 - INFO - HedgeFund - Started watcher: Volatility for symbol: BTC-USDT
2025-12-03 10:05:47,647 - INFO - HedgeFund - Started watcher: TrendMTF for symbol: BTC-USDT
2025-12-03 10:05:47,648 - INFO - HedgeFund - Started watcher: AnomalyML for symbol: BTC-USDT
2025-12-03 10:05:47,648 - INFO - HedgeFund - Started watcher: OrderFlow for symbol: BTC-USDT
2025-12-03 10:05:47,648 - INFO - HedgeFund - Started 5 watchers
2025-12-03 10:05:47,648 - INFO - HedgeFund - Enhanced watcher orchestration started
2025-12-03 10:05:47,648 - INFO - HedgeFund - Production trading system initialized and monitoring started
2025-12-03 10:05:53,786 - INFO - HedgeFund - Added symbol BTC-USDT to watcher monitoring
2025-12-03 10:05:53,792 - INFO - HedgeFund - Initializing production trading system...
2025-12-03 10:05:53,792 - INFO - HedgeFund - Added symbol BTC-USDT to watcher monitoring
2025-12-03 10:05:53,792 - INFO - HedgeFund - Added symbol ETH-USDT to watcher monitoring
2025-12-03 10:05:53,792 - INFO - HedgeFund - Starting enhanced watcher orchestration...
2025-12-03 10:05:53,793 - INFO - HedgeFund - Starting market data feed for symbols: ['BTC-USDT', 'ETH-USDT']
2025-12-03 10:05:53,795 - INFO - HedgeFund - Started watcher: MarketPulse for symbol: BTC-USDT
2025-12-03 10:05:53,795 - INFO - HedgeFund - Started watcher: Volatility for symbol: BTC-USDT
2025-12-03 10:05:53,795 - INFO - HedgeFund - Started watcher: TrendMTF for symbol: BTC-USDT
2025-12-03 10:05:53,796 - INFO - HedgeFund - Started watcher: AnomalyML for symbol: BTC-USDT
2025-12-03 10:05:53,796 - INFO - HedgeFund - Started watcher: OrderFlow for symbol: BTC-USDT
2025-12-03 10:05:53,796 - INFO - HedgeFund - Started 5 watchers
2025-12-03 10:05:53,796 - INFO - HedgeFund - Enhanced watcher orchestration started
2025-12-03 10:05:53,796 - INFO - HedgeFund - Production trading system initialized and monitoring started
2025-12-03 10:06:01,920 - INFO - HedgeFund - Initializing production trading system...
2025-12-03 10:06:01,921 - INFO - HedgeFund - Added symbol BTC-USDT to watcher monitoring
2025-12-03 10:06:01,921 - INFO - HedgeFund - Added symbol ETH-USDT to watcher monitoring
2025-12-03 10:06:01,921 - INFO - HedgeFund - Starting enhanced watcher orchestration...
2025-12-03 10:06:01,921 - INFO - HedgeFund - Starting market data feed for symbols: ['ETH-USDT', 'BTC-USDT']
2025-12-03 10:06:01,923 - INFO - HedgeFund - Started watcher: MarketPulse for symbol: BTC-USDT
2025-12-03 10:06:01,923 - INFO - HedgeFund - Started watcher: Volatility for symbol: BTC-USDT
2025-12-03 10:06:01,923 - INFO - HedgeFund - Started watcher: TrendMTF for symbol: BTC-USDT
2025-12-03 10:06:01,924 - INFO - HedgeFund - Started watcher: AnomalyML for symbol: BTC-USDT
2025-12-03 10:06:01,924 - INFO - HedgeFund - Started watcher: OrderFlow for symbol: BTC-USDT
2025-12-03 10:06:01,924 - INFO - HedgeFund - Started 5 watchers
2025-12-03 10:06:01,924 - INFO - HedgeFund - Enhanced watcher orchestration started
2025-12-03 10:06:01,924 - INFO - HedgeFund - Production trading system initialized and monitoring started
2025-12-03 10:06:01,929 - INFO - HedgeFund - Insufficient signals for fusion (1 < 2), returning first signal
2025-12-03 10:15:25,166 - INFO - HedgeFund - Starting Production Enterprise Hedge Fund Trading System...
2025-12-03 10:15:25,328 - INFO - HedgeFund - Initializing production trading system...
2025-12-03 10:15:25,328 - INFO - HedgeFund - Added symbol BTC-USDT to watcher monitoring
2025-12-03 10:15:25,329 - INFO - HedgeFund - Added symbol ETH-USDT to watcher monitoring
2025-12-03 10:15:25,329 - INFO - HedgeFund - Starting enhanced watcher orchestration...
2025-12-03 10:15:25,329 - INFO - HedgeFund - Starting market data feed for symbols: ['ETH-USDT', 'BTC-USDT']
2025-12-03 10:15:25,330 - INFO - HedgeFund - Started watcher: MarketPulse for symbol: BTC-USDT
2025-12-03 10:15:25,330 - INFO - HedgeFund - Started watcher: Volatility for symbol: BTC-USDT
2025-12-03 10:15:25,330 - INFO - HedgeFund - Started watcher: TrendMTF for symbol: BTC-USDT
2025-12-03 10:15:25,330 - INFO - HedgeFund - Started watcher: AnomalyML for symbol: BTC-USDT
2025-12-03 10:15:25,330 - INFO - HedgeFund - Started watcher: OrderFlow for symbol: BTC-USDT
2025-12-03 10:15:25,331 - INFO - HedgeFund - Started 5 watchers
2025-12-03 10:15:25,331 - INFO - HedgeFund - Enhanced watcher orchestration started
2025-12-03 10:15:25,331 - INFO - HedgeFund - Production trading system initialized and monitoring started
2025-12-03 10:15:25,331 - INFO - HedgeFund - Starting production trading system...
2025-12-03 10:15:25,331 - INFO - HedgeFund - Production orchestration loop started
2025-12-03 10:15:25,332 - INFO - HedgeFund - Production trading system started
2025-12-03 10:15:25,332 - INFO - HedgeFund - Production trading system is now running. Press Ctrl+C to stop.
2025-12-03 10:15:25,332 - INFO - HedgeFund - Enterprise features initialized successfully
2025-12-03 10:15:25,634 - WARNING - HedgeFund - Could not fetch data from BingX for ETH-USDT, trying alternative source
2025-12-03 10:15:30,898 - WARNING - HedgeFund - Could not fetch data from BingX for BTC-USDT, trying alternative source
2025-12-03 10:15:32,175 - WARNING - HedgeFund - Could not fetch data from BingX for ETH-USDT, trying alternative source
2025-12-03 10:15:32,405 - WARNING - HedgeFund - Could not fetch data from BingX for BTC-USDT, trying alternative source
2025-12-03 10:15:33,657 - WARNING - HedgeFund - Could not fetch data from BingX for ETH-USDT, trying alternative source
2025-12-03 10:15:33,905 - WARNING - HedgeFund - Could not fetch data from BingX for BTC-USDT, trying alternative source
2025-12-03 10:15:35,135 - WARNING - HedgeFund - Could not fetch data from BingX for ETH-USDT, trying alternative source
2025-12-03 10:15:35,380 - WARNING - HedgeFund - Could not fetch data from BingX for BTC-USDT, trying alternative source
2025-12-03 10:15:36,619 - WARNING - HedgeFund - Could not fetch data from BingX for ETH-USDT, trying alternative source
2025-12-03 10:15:37,445 - WARNING - HedgeFund - Could not fetch data from BingX for BTC-USDT, trying alternative source
2025-12-03 10:15:38,691 - WARNING - HedgeFund - Could not fetch data from BingX for ETH-USDT, trying alternative source
2025-12-03 10:15:38,947 - WARNING - HedgeFund - Could not fetch data from BingX for BTC-USDT, trying alternative source
2025-12-03 10:15:40,213 - WARNING - HedgeFund - Could not fetch data from BingX for ETH-USDT, trying alternative source
2025-12-03 10:15:40,500 - WARNING - HedgeFund - Could not fetch data from BingX for BTC-USDT, trying alternative source
2025-12-03 10:15:41,746 - WARNING - HedgeFund - Could not fetch data from BingX for ETH-USDT, trying alternative source
2025-12-03 10:15:41,998 - WARNING - HedgeFund - Could not fetch data from BingX for BTC-USDT, trying alternative source
2025-12-03 10:15:43,234 - WARNING - HedgeFund - Could not fetch data from BingX for ETH-USDT, trying alternative source
2025-12-03 10:15:43,468 - WARNING - HedgeFund - Could not fetch data from BingX for BTC-USDT, trying alternative source
2025-12-03 10:15:45,353 - WARNING - HedgeFund - Could not fetch data from BingX for ETH-USDT, trying alternative source
2025-12-03 10:15:45,598 - WARNING - HedgeFund - Could not fetch data from BingX for BTC-USDT, trying alternative source
2025-12-03 10:15:46,854 - WARNING - HedgeFund - Could not fetch data from BingX for ETH-USDT, trying alternative source
2025-12-03 10:15:47,148 - WARNING - HedgeFund - Could not fetch data from BingX for BTC-USDT, trying alternative source
2025-12-03 10:15:48,397 - WARNING - HedgeFund - Could not fetch data from BingX for ETH-USDT, trying alternative source
2025-12-03 10:15:49,239 - WARNING - HedgeFund - Could not fetch data from BingX for BTC-USDT, trying alternative source
2025-12-03 10:15:50,512 - WARNING - HedgeFund - Could not fetch data from BingX for ETH-USDT, trying alternative source
2025-12-03 10:15:50,789 - WARNING - HedgeFund - Could not fetch data from BingX for BTC-USDT, trying alternative source
2025-12-03 10:15:52,049 - WARNING - HedgeFund - Could not fetch data from BingX for ETH-USDT, trying alternative source
2025-12-03 10:15:52,335 - WARNING - HedgeFund - Could not fetch data from BingX for BTC-USDT, trying alternative source
2025-12-03 10:15:53,566 - WARNING - HedgeFund - Could not fetch data from BingX for ETH-USDT, trying alternative source
2025-12-03 10:15:53,797 - WARNING - HedgeFund - Could not fetch data from BingX for BTC-USDT, trying alternative source
2025-12-03 10:15:55,024 - WARNING - HedgeFund - Could not fetch data from BingX for ETH-USDT, trying alternative source
2025-12-03 10:15:55,257 - WARNING - HedgeFund - Could not fetch data from BingX for BTC-USDT, trying alternative source
2025-12-03 10:15:56,495 - WARNING - HedgeFund - Could not fetch data from BingX for ETH-USDT, trying alternative source
2025-12-03 10:15:56,753 - WARNING - HedgeFund - Could not fetch data from BingX for BTC-USDT, trying alternative source
2025-12-03 10:15:58,152 - WARNING - HedgeFund - Could not fetch data from BingX for ETH-USDT, trying alternative source
2025-12-03 10:15:58,416 - WARNING - HedgeFund - Could not fetch data from BingX for BTC-USDT, trying alternative source
2025-12-03 10:15:59,643 - WARNING - HedgeFund - Could not fetch data from BingX for ETH-USDT, trying alternative source
2025-12-03 10:15:59,876 - WARNING - HedgeFund - Could not fetch data from BingX for BTC-USDT, trying alternative source
2025-12-03 10:16:01,128 - WARNING - HedgeFund - Could not fetch data from BingX for ETH-USDT, trying alternative source
2025-12-03 10:16:01,353 - WARNING - HedgeFund - Could not fetch data from BingX for BTC-USDT, trying alternative source
2025-12-03 10:16:02,602 - WARNING - HedgeFund - Could not fetch data from BingX for ETH-USDT, trying alternative source
2025-12-03 10:16:02,868 - WARNING - HedgeFund - Could not fetch data from BingX for BTC-USDT, trying alternative source
2025-12-03 10:16:04,105 - WARNING - HedgeFund - Could not fetch data from BingX for ETH-USDT, trying alternative source
2025-12-03 10:16:04,373 - WARNING - HedgeFund - Could not fetch data from BingX for BTC-USDT, trying alternative source
2025-12-03 10:16:05,614 - WARNING - HedgeFund - Could not fetch data from BingX for ETH-USDT, trying alternative source
2025-12-03 10:16:05,851 - WARNING - HedgeFund - Could not fetch data from BingX for BTC-USDT, trying alternative source
2025-12-03 10:16:07,084 - WARNING - HedgeFund - Could not fetch data from BingX for ETH-USDT, trying alternative source
2025-12-03 10:16:07,336 - WARNING - HedgeFund - Could not fetch data from BingX for BTC-USDT, trying alternative source
2025-12-03 10:16:08,578 - WARNING - HedgeFund - Could not fetch data from BingX for ETH-USDT, trying alternative source
2025-12-03 10:16:08,825 - WARNING - HedgeFund - Could not fetch data from BingX for BTC-USDT, trying alternative source
2025-12-03 10:16:10,092 - WARNING - HedgeFund - Could not fetch data from BingX for ETH-USDT, trying alternative source
2025-12-03 10:16:10,334 - WARNING - HedgeFund - Could not fetch data from BingX for BTC-USDT, trying alternative source
2025-12-03 10:16:11,582 - WARNING - HedgeFund - Could not fetch data from BingX for ETH-USDT, trying alternative source
2025-12-03 10:16:11,816 - WARNING - HedgeFund - Could not fetch data from BingX for BTC-USDT, trying alternative source
2025-12-03 10:16:13,068 - WARNING - HedgeFund - Could not fetch data from BingX for ETH-USDT, trying alternative source
2025-12-03 10:16:13,316 - WARNING - HedgeFund - Could not fetch data from BingX for BTC-USDT, trying alternative source
2025-12-03 10:16:14,580 - WARNING - HedgeFund - Could not fetch data from BingX for ETH-USDT, trying alternative source
2025-12-03 10:16:15,459 - WARNING - HedgeFund - Could not fetch data from BingX for BTC-USDT, trying alternative source
2025-12-03 10:16:16,727 - WARNING - HedgeFund - Could not fetch data from BingX for ETH-USDT, trying alternative source
2025-12-03 10:16:16,953 - WARNING - HedgeFund - Could not fetch data from BingX for BTC-USDT, trying alternative source
2025-12-03 10:16:18,200 - WARNING - HedgeFund - Could not fetch data from BingX for ETH-USDT, trying alternative source
2025-12-03 10:16:18,440 - WARNING - HedgeFund - Could not fetch data from BingX for BTC-USDT, trying alternative source
2025-12-03 10:16:19,680 - WARNING - HedgeFund - Could not fetch data from BingX for ETH-USDT, trying alternative source
2025-12-03 10:16:19,912 - WARNING - HedgeFund - Could not fetch data from BingX for BTC-USDT, trying alternative source
2025-12-03 10:16:21,170 - WARNING - HedgeFund - Could not fetch data from BingX for ETH-USDT, trying alternative source
2025-12-03 10:16:21,397 - WARNING - HedgeFund - Could not fetch data from BingX for BTC-USDT, trying alternative source
2025-12-03 10:16:22,636 - WARNING - HedgeFund - Could not fetch data from BingX for ETH-USDT, trying alternative source
2025-12-03 10:16:22,878 - WARNING - HedgeFund - Could not fetch data from BingX for BTC-USDT, trying alternative source
2025-12-03 10:16:24,124 - WARNING - HedgeFund - Could not fetch data from BingX for ETH-USDT, trying alternative source
2025-12-03 10:16:24,365 - WARNING - HedgeFund - Could not fetch data from BingX for BTC-USDT, trying alternative source
2025-12-03 10:16:25,612 - WARNING - HedgeFund - Could not fetch data from BingX for ETH-USDT, trying alternative source
2025-12-03 10:16:25,911 - WARNING - HedgeFund - Could not fetch data from BingX for BTC-USDT, trying alternative source
2025-12-03 10:16:27,189 - WARNING - HedgeFund - Could not fetch data from BingX for ETH-USDT, trying alternative source
2025-12-03 10:16:27,430 - WARNING - HedgeFund - Could not fetch data from BingX for BTC-USDT, trying alternative source
2025-12-03 10:16:28,681 - WARNING - HedgeFund - Could not fetch data from BingX for ETH-USDT, trying alternative source
2025-12-03 10:16:28,998 - WARNING - HedgeFund - Could not fetch data from BingX for BTC-USDT, trying alternative source
2025-12-03 10:16:30,243 - WARNING - HedgeFund - Could not fetch data from BingX for ETH-USDT, trying alternative source
2025-12-03 10:16:30,468 - WARNING - HedgeFund - Could not fetch data from BingX for BTC-USDT, trying alternative source
2025-12-03 10:16:31,728 - WARNING - HedgeFund - Could not fetch data from BingX for ETH-USDT, trying alternative source
2025-12-03 10:16:32,002 - WARNING - HedgeFund - Could not fetch data from BingX for BTC-USDT, trying alternative source
2025-12-03 10:16:33,263 - WARNING - HedgeFund - Could not fetch data from BingX for ETH-USDT, trying alternative source
2025-12-03 10:16:33,514 - WARNING - HedgeFund - Could not fetch data from BingX for BTC-USDT, trying alternative source
2025-12-03 10:16:34,842 - WARNING - HedgeFund - Could not fetch data from BingX for ETH-USDT, trying alternative source
2025-12-03 10:16:35,083 - WARNING - HedgeFund - Could not fetch data from BingX for BTC-USDT, trying alternative source
2025-12-03 10:16:36,334 - WARNING - HedgeFund - Could not fetch data from BingX for ETH-USDT, trying alternative source
2025-12-03 10:16:36,572 - WARNING - HedgeFund - Could not fetch data from BingX for BTC-USDT, trying alternative source
2025-12-03 10:16:37,821 - WARNING - HedgeFund - Could not fetch data from BingX for ETH-USDT, trying alternative source
2025-12-03 10:16:38,077 - WARNING - HedgeFund - Could not fetch data from BingX for BTC-USDT, trying alternative source
2025-12-03 10:16:39,315 - WARNING - HedgeFund - Could not fetch data from BingX for ETH-USDT, trying alternative source
2025-12-03 10:16:39,546 - WARNING - HedgeFund - Could not fetch data from BingX for BTC-USDT, trying alternative source
2025-12-03 10:16:40,775 - WARNING - HedgeFund - Could not fetch data from BingX for ETH-USDT, trying alternative source
2025-12-03 10:16:41,018 - WARNING - HedgeFund - Could not fetch data from BingX for BTC-USDT, trying alternative source
2025-12-03 10:16:42,275 - WARNING - HedgeFund - Could not fetch data from BingX for ETH-USDT, trying alternative source
2025-12-03 10:16:42,511 - WARNING - HedgeFund - Could not fetch data from BingX for BTC-USDT, trying alternative source
2025-12-03 10:16:43,744 - WARNING - HedgeFund - Could not fetch data from BingX for ETH-USDT, trying alternative source
2025-12-03 10:16:44,008 - WARNING - HedgeFund - Could not fetch data from BingX for BTC-USDT, trying alternative source
2025-12-03 10:16:45,249 - WARNING - HedgeFund - Could not fetch data from BingX for ETH-USDT, trying alternative source
2025-12-03 10:16:45,683 - WARNING - HedgeFund - Could not fetch data from BingX for BTC-USDT, trying alternative source
2025-12-03 10:16:46,913 - WARNING - HedgeFund - Could not fetch data from BingX for ETH-USDT, trying alternative source
2025-12-03 10:16:47,150 - WARNING - HedgeFund - Could not fetch data from BingX for BTC-USDT, trying alternative source
2025-12-03 10:16:48,426 - WARNING - HedgeFund - Could not fetch data from BingX for ETH-USDT, trying alternative source
2025-12-03 10:16:48,682 - WARNING - HedgeFund - Could not fetch data from BingX for BTC-USDT, trying alternative source
2025-12-03 10:16:49,926 - WARNING - HedgeFund - Could not fetch data from BingX for ETH-USDT, trying alternative source
2025-12-03 10:16:50,190 - WARNING - HedgeFund - Could not fetch data from BingX for BTC-USDT, trying alternative source
2025-12-03 10:16:56,441 - WARNING - HedgeFund - Could not fetch data from BingX for ETH-USDT, trying alternative source
2025-12-03 10:16:56,672 - WARNING - HedgeFund - Could not fetch data from BingX for BTC-USDT, trying alternative source
2025-12-03 10:16:58,018 - WARNING - HedgeFund - Could not fetch data from BingX for ETH-USDT, trying alternative source
2025-12-03 10:16:58,268 - WARNING - HedgeFund - Could not fetch data from BingX for BTC-USDT, trying alternative source
2025-12-03 10:16:59,502 - WARNING - HedgeFund - Could not fetch data from BingX for ETH-USDT, trying alternative source
2025-12-03 10:16:59,779 - WARNING - HedgeFund - Could not fetch data from BingX for BTC-USDT, trying alternative source
2025-12-03 10:17:01,622 - WARNING - HedgeFund - Could not fetch data from BingX for ETH-USDT, trying alternative source
2025-12-03 10:17:01,935 - WARNING - HedgeFund - Could not fetch data from BingX for BTC-USDT, trying alternative source
2025-12-03 10:17:03,245 - WARNING - HedgeFund - Could not fetch data from BingX for ETH-USDT, trying alternative source
2025-12-03 10:17:03,516 - WARNING - HedgeFund - Could not fetch data from BingX for BTC-USDT, trying alternative source
2025-12-03 10:17:04,785 - WARNING - HedgeFund - Could not fetch data from BingX for ETH-USDT, trying alternative source
2025-12-03 10:17:05,119 - WARNING - HedgeFund - Could not fetch data from BingX for BTC-USDT, trying alternative source
2025-12-03 10:17:06,405 - WARNING - HedgeFund - Could not fetch data from BingX for ETH-USDT, trying alternative source
2025-12-03 10:17:06,679 - WARNING - HedgeFund - Could not fetch data from BingX for BTC-USDT, trying alternative source
2025-12-03 10:17:07,980 - WARNING - HedgeFund - Could not fetch data from BingX for ETH-USDT, trying alternative source
2025-12-03 10:17:08,277 - WARNING - HedgeFund - Could not fetch data from BingX for BTC-USDT, trying alternative source
2025-12-03 10:17:09,552 - WARNING - HedgeFund - Could not fetch data from BingX for ETH-USDT, trying alternative source
2025-12-03 10:17:09,820 - WARNING - HedgeFund - Could not fetch data from BingX for BTC-USDT, trying alternative source
2025-12-03 10:17:11,090 - WARNING - HedgeFund - Could not fetch data from BingX for ETH-USDT, trying alternative source
2025-12-03 10:17:11,404 - WARNING - HedgeFund - Could not fetch data from BingX for BTC-USDT, trying alternative source
2025-12-03 10:17:12,677 - WARNING - HedgeFund - Could not fetch data from BingX for ETH-USDT, trying alternative source
2025-12-03 10:17:13,023 - WARNING - HedgeFund - Could not fetch data from BingX for BTC-USDT, trying alternative source
2025-12-03 10:17:14,306 - WARNING - HedgeFund - Could not fetch data from BingX for ETH-USDT, trying alternative source
2025-12-03 10:17:14,580 - WARNING - HedgeFund - Could not fetch data from BingX for BTC-USDT, trying alternative source
2025-12-03 10:17:15,854 - WARNING - HedgeFund - Could not fetch data from BingX for ETH-USDT, trying alternative source
2025-12-03 10:17:16,111 - WARNING - HedgeFund - Could not fetch data from BingX for BTC-USDT, trying alternative source
2025-12-03 10:17:17,367 - WARNING - HedgeFund - Could not fetch data from BingX for ETH-USDT, trying alternative source
2025-12-03 10:17:17,622 - WARNING - HedgeFund - Could not fetch data from BingX for BTC-USDT, trying alternative source
2025-12-03 10:17:18,879 - WARNING - HedgeFund - Could not fetch data from BingX for ETH-USDT, trying alternative source
2025-12-03 10:17:19,143 - WARNING - HedgeFund - Could not fetch data from BingX for BTC-USDT, trying alternative source
2025-12-03 10:17:20,406 - WARNING - HedgeFund - Could not fetch data from BingX for ETH-USDT, trying alternative source
2025-12-03 10:17:20,747 - WARNING - HedgeFund - Could not fetch data from BingX for BTC-USDT, trying alternative source
2025-12-03 10:17:22,076 - WARNING - HedgeFund - Could not fetch data from BingX for ETH-USDT, trying alternative source
2025-12-03 10:17:22,387 - WARNING - HedgeFund - Could not fetch data from BingX for BTC-USDT, trying alternative source
2025-12-03 10:17:23,614 - WARNING - HedgeFund - Could not fetch data from BingX for ETH-USDT, trying alternative source
2025-12-03 10:17:23,857 - WARNING - HedgeFund - Could not fetch data from BingX for BTC-USDT, trying alternative source
2025-12-03 10:17:25,084 - WARNING - HedgeFund - Could not fetch data from BingX for ETH-USDT, trying alternative source
2025-12-03 10:17:25,370 - WARNING - HedgeFund - Could not fetch data from BingX for BTC-USDT, trying alternative source
2025-12-03 10:17:26,616 - WARNING - HedgeFund - Could not fetch data from BingX for ETH-USDT, trying alternative source
2025-12-03 10:17:26,844 - WARNING - HedgeFund - Could not fetch data from BingX for BTC-USDT, trying alternative source
2025-12-03 10:17:28,074 - WARNING - HedgeFund - Could not fetch data from BingX for ETH-USDT, trying alternative source
2025-12-03 10:17:28,318 - WARNING - HedgeFund - Could not fetch data from BingX for BTC-USDT, trying alternative source
2025-12-03 10:17:29,562 - WARNING - HedgeFund - Could not fetch data from BingX for ETH-USDT, trying alternative source
2025-12-03 10:17:29,850 - WARNING - HedgeFund - Could not fetch data from BingX for BTC-USDT, trying alternative source
2025-12-03 10:17:31,097 - WARNING - HedgeFund - Could not fetch data from BingX for ETH-USDT, trying alternative source
2025-12-03 10:17:31,340 - WARNING - HedgeFund - Could not fetch data from BingX for BTC-USDT, trying alternative source
2025-12-03 10:17:32,631 - WARNING - HedgeFund - Could not fetch data from BingX for ETH-USDT, trying alternative source
2025-12-03 10:17:32,856 - WARNING - HedgeFund - Could not fetch data from BingX for BTC-USDT, trying alternative source
2025-12-03 10:17:34,081 - WARNING - HedgeFund - Could not fetch data from BingX for ETH-USDT, trying alternative source
2025-12-03 10:17:34,308 - WARNING - HedgeFund - Could not fetch data from BingX for BTC-USDT, trying alternative source
2025-12-03 10:17:35,680 - WARNING - HedgeFund - Could not fetch data from BingX for ETH-USDT, trying alternative source
2025-12-03 10:17:35,931 - WARNING - HedgeFund - Could not fetch data from BingX for BTC-USDT, trying alternative source
2025-12-03 10:17:37,182 - WARNING - HedgeFund - Could not fetch data from BingX for ETH-USDT, trying alternative source
2025-12-03 10:17:37,952 - WARNING - HedgeFund - Could not fetch data from BingX for BTC-USDT, trying alternative source
2025-12-03 10:17:39,191 - WARNING - HedgeFund - Could not fetch data from BingX for ETH-USDT, trying alternative source
2025-12-03 10:17:39,429 - WARNING - HedgeFund - Could not fetch data from BingX for BTC-USDT, trying alternative source
2025-12-03 10:17:40,683 - WARNING - HedgeFund - Could not fetch data from BingX for ETH-USDT, trying alternative source
2025-12-03 10:17:40,906 - WARNING - HedgeFund - Could not fetch data from BingX for BTC-USDT, trying alternative source
2025-12-03 10:17:42,139 - WARNING - HedgeFund - Could not fetch data from BingX for ETH-USDT, trying alternative source
2025-12-03 10:17:42,392 - WARNING - HedgeFund - Could not fetch data from BingX for BTC-USDT, trying alternative source
2025-12-03 10:17:43,730 - WARNING - HedgeFund - Could not fetch data from BingX for ETH-USDT, trying alternative source
2025-12-03 10:17:43,980 - WARNING - HedgeFund - Could not fetch data from BingX for BTC-USDT, trying alternative source
2025-12-03 10:17:45,245 - WARNING - HedgeFund - Could not fetch data from BingX for ETH-USDT, trying alternative source
2025-12-03 10:17:45,502 - WARNING - HedgeFund - Could not fetch data from BingX for BTC-USDT, trying alternative source
2025-12-03 10:17:46,741 - WARNING - HedgeFund - Could not fetch data from BingX for ETH-USDT, trying alternative source
2025-12-03 10:17:46,989 - WARNING - HedgeFund - Could not fetch data from BingX for BTC-USDT, trying alternative source
2025-12-03 10:17:48,210 - WARNING - HedgeFund - Could not fetch data from BingX for ETH-USDT, trying alternative source
2025-12-03 10:17:48,443 - WARNING - HedgeFund - Could not fetch data from BingX for BTC-USDT, trying alternative source
2025-12-03 10:17:49,750 - WARNING - HedgeFund - Could not fetch data from BingX for ETH-USDT, trying alternative source
2025-12-03 10:17:49,992 - WARNING - HedgeFund - Could not fetch data from BingX for BTC-USDT, trying alternative source
2025-12-03 10:17:51,238 - WARNING - HedgeFund - Could not fetch data from BingX for ETH-USDT, trying alternative source
2025-12-03 10:17:51,467 - WARNING - HedgeFund - Could not fetch data from BingX for BTC-USDT, trying alternative source
2025-12-03 10:17:52,745 - WARNING - HedgeFund - Could not fetch data from BingX for ETH-USDT, trying alternative source
2025-12-03 10:17:52,971 - WARNING - HedgeFund - Could not fetch data from BingX for BTC-USDT, trying alternative source
2025-12-03 10:17:54,211 - WARNING - HedgeFund - Could not fetch data from BingX for ETH-USDT, trying alternative source
2025-12-03 10:17:54,448 - WARNING - HedgeFund - Could not fetch data from BingX for BTC-USDT, trying alternative source
2025-12-03 10:17:55,698 - WARNING - HedgeFund - Could not fetch data from BingX for ETH-USDT, trying alternative source
2025-12-03 10:17:55,932 - WARNING - HedgeFund - Could not fetch data from BingX for BTC-USDT, trying alternative source
2025-12-03 10:17:57,207 - WARNING - HedgeFund - Could not fetch data from BingX for ETH-USDT, trying alternative source
2025-12-03 10:17:57,470 - WARNING - HedgeFund - Could not fetch data from BingX for BTC-USDT, trying alternative source
2025-12-03 10:17:58,706 - WARNING - HedgeFund - Could not fetch data from BingX for ETH-USDT, trying alternative source
2025-12-03 10:17:58,962 - WARNING - HedgeFund - Could not fetch data from BingX for BTC-USDT, trying alternative source
2025-12-03 10:18:00,222 - WARNING - HedgeFund - Could not fetch data from BingX for ETH-USDT, trying alternative source
2025-12-03 10:18:00,489 - WARNING - HedgeFund - Could not fetch data from BingX for BTC-USDT, trying alternative source
2025-12-03 10:18:01,756 - WARNING - HedgeFund - Could not fetch data from BingX for ETH-USDT, trying alternative source
2025-12-03 10:18:02,010 - WARNING - HedgeFund - Could not fetch data from BingX for BTC-USDT, trying alternative source
2025-12-03 10:18:08,272 - WARNING - HedgeFund - Could not fetch data from BingX for ETH-USDT, trying alternative source
2025-12-03 10:18:08,523 - WARNING - HedgeFund - Could not fetch data from BingX for BTC-USDT, trying alternative source
2025-12-03 10:18:09,771 - WARNING - HedgeFund - Could not fetch data from BingX for ETH-USDT, trying alternative source
2025-12-03 10:18:10,022 - WARNING - HedgeFund - Could not fetch data from BingX for BTC-USDT, trying alternative source
2025-12-03 10:18:11,263 - WARNING - HedgeFund - Could not fetch data from BingX for ETH-USDT, trying alternative source
2025-12-03 10:18:11,502 - WARNING - HedgeFund - Could not fetch data from BingX for BTC-USDT, trying alternative source
2025-12-03 10:18:12,751 - WARNING - HedgeFund - Could not fetch data from BingX for ETH-USDT, trying alternative source
2025-12-03 10:18:13,001 - WARNING - HedgeFund - Could not fetch data from BingX for BTC-USDT, trying alternative source
2025-12-03 10:18:14,238 - WARNING - HedgeFund - Could not fetch data from BingX for ETH-USDT, trying alternative source
2025-12-03 10:18:14,495 - WARNING - HedgeFund - Could not fetch data from BingX for BTC-USDT, trying alternative source
2025-12-03 10:18:15,742 - WARNING - HedgeFund - Could not fetch data from BingX for ETH-USDT, trying alternative source
2025-12-03 10:18:15,983 - WARNING - HedgeFund - Could not fetch data from BingX for BTC-USDT, trying alternative source
2025-12-03 10:18:17,255 - WARNING - HedgeFund - Could not fetch data from BingX for ETH-USDT, trying alternative source
2025-12-03 10:18:17,491 - WARNING - HedgeFund - Could not fetch data from BingX for BTC-USDT, trying alternative source
2025-12-03 10:18:18,753 - WARNING - HedgeFund - Could not fetch data from BingX for ETH-USDT, trying alternative source
2025-12-03 10:18:18,989 - WARNING - HedgeFund - Could not fetch data from BingX for BTC-USDT, trying alternative source
2025-12-03 10:18:20,251 - WARNING - HedgeFund - Could not fetch data from BingX for ETH-USDT, trying alternative source
2025-12-03 10:18:20,500 - WARNING - HedgeFund - Could not fetch data from BingX for BTC-USDT, trying alternative source
2025-12-03 10:18:21,736 - WARNING - HedgeFund - Could not fetch data from BingX for ETH-USDT, trying alternative source
2025-12-03 10:18:21,980 - WARNING - HedgeFund - Could not fetch data from BingX for BTC-USDT, trying alternative source
2025-12-03 10:18:23,258 - WARNING - HedgeFund - Could not fetch data from BingX for ETH-USDT, trying alternative source
2025-12-03 10:18:23,490 - WARNING - HedgeFund - Could not fetch data from BingX for BTC-USDT, trying alternative source
2025-12-03 10:18:24,731 - WARNING - HedgeFund - Could not fetch data from BingX for ETH-USDT, trying alternative source
2025-12-03 10:18:24,969 - WARNING - HedgeFund - Could not fetch data from BingX for BTC-USDT, trying alternative source
2025-12-03 10:18:26,209 - WARNING - HedgeFund - Could not fetch data from BingX for ETH-USDT, trying alternative source
2025-12-03 10:18:26,453 - WARNING - HedgeFund - Could not fetch data from BingX for BTC-USDT, trying alternative source
2025-12-03 10:18:27,727 - WARNING - HedgeFund - Could not fetch data from BingX for ETH-USDT, trying alternative source
2025-12-03 10:18:27,953 - WARNING - HedgeFund - Could not fetch data from BingX for BTC-USDT, trying alternative source
2025-12-03 10:18:29,194 - WARNING - HedgeFund - Could not fetch data from BingX for ETH-USDT, trying alternative source
2025-12-03 10:18:29,447 - WARNING - HedgeFund - Could not fetch data from BingX for BTC-USDT, trying alternative source
2025-12-03 10:18:30,734 - WARNING - HedgeFund - Could not fetch data from BingX for ETH-USDT, trying alternative source
2025-12-03 10:18:30,997 - WARNING - HedgeFund - Could not fetch data from BingX for BTC-USDT, trying alternative source
2025-12-03 10:18:32,236 - WARNING - HedgeFund - Could not fetch data from BingX for ETH-USDT, trying alternative source
2025-12-03 10:18:32,470 - WARNING - HedgeFund - Could not fetch data from BingX for BTC-USDT, trying alternative source
2025-12-03 10:18:33,733 - WARNING - HedgeFund - Could not fetch data from BingX for ETH-USDT, trying alternative source
2025-12-03 10:18:33,999 - WARNING - HedgeFund - Could not fetch data from BingX for BTC-USDT, trying alternative source
2025-12-03 10:18:35,284 - WARNING - HedgeFund - Could not fetch data from BingX for ETH-USDT, trying alternative source
2025-12-03 10:18:36,146 - WARNING - HedgeFund - Could not fetch data from BingX for BTC-USDT, trying alternative source
2025-12-03 10:18:37,411 - WARNING - HedgeFund - Could not fetch data from BingX for ETH-USDT, trying alternative source
2025-12-03 10:18:37,666 - WARNING - HedgeFund - Could not fetch data from BingX for BTC-USDT, trying alternative source
2025-12-03 10:18:38,899 - WARNING - HedgeFund - Could not fetch data from BingX for ETH-USDT, trying alternative source
2025-12-03 10:18:39,157 - WARNING - HedgeFund - Could not fetch data from BingX for BTC-USDT, trying alternative source
2025-12-03 10:18:40,383 - WARNING - HedgeFund - Could not fetch data from BingX for ETH-USDT, trying alternative source
2025-12-03 10:18:40,622 - WARNING - HedgeFund - Could not fetch data from BingX for BTC-USDT, trying alternative source
2025-12-03 10:18:41,850 - WARNING - HedgeFund - Could not fetch data from BingX for ETH-USDT, trying alternative source
2025-12-03 10:18:42,081 - WARNING - HedgeFund - Could not fetch data from BingX for BTC-USDT, trying alternative source
2025-12-03 10:18:43,345 - WARNING - HedgeFund - Could not fetch data from BingX for ETH-USDT, trying alternative source
2025-12-03 10:18:43,591 - WARNING - HedgeFund - Could not fetch data from BingX for BTC-USDT, trying alternative source
2025-12-03 10:18:44,843 - WARNING - HedgeFund - Could not fetch data from BingX for ETH-USDT, trying alternative source
2025-12-03 10:18:45,101 - WARNING - HedgeFund - Could not fetch data from BingX for BTC-USDT, trying alternative source
2025-12-03 10:18:46,359 - WARNING - HedgeFund - Could not fetch data from BingX for ETH-USDT, trying alternative source
2025-12-03 10:18:46,596 - WARNING - HedgeFund - Could not fetch data from BingX for BTC-USDT, trying alternative source
2025-12-03 10:18:47,843 - WARNING - HedgeFund - Could not fetch data from BingX for ETH-USDT, trying alternative source
2025-12-03 10:18:48,074 - WARNING - HedgeFund - Could not fetch data from BingX for BTC-USDT, trying alternative source
2025-12-03 10:18:49,334 - WARNING - HedgeFund - Could not fetch data from BingX for ETH-USDT, trying alternative source
2025-12-03 10:18:49,580 - WARNING - HedgeFund - Could not fetch data from BingX for BTC-USDT, trying alternative source
2025-12-03 10:18:50,826 - WARNING - HedgeFund - Could not fetch data from BingX for ETH-USDT, trying alternative source
2025-12-03 10:18:51,069 - WARNING - HedgeFund - Could not fetch data from BingX for BTC-USDT, trying alternative source
2025-12-03 10:18:52,363 - WARNING - HedgeFund - Could not fetch data from BingX for ETH-USDT, trying alternative source
2025-12-03 10:18:52,595 - WARNING - HedgeFund - Could not fetch data from BingX for BTC-USDT, trying alternative source
2025-12-03 10:18:53,859 - WARNING - HedgeFund - Could not fetch data from BingX for ETH-USDT, trying alternative source
2025-12-03 10:18:54,089 - WARNING - HedgeFund - Could not fetch data from BingX for BTC-USDT, trying alternative source
2025-12-03 10:18:55,338 - WARNING - HedgeFund - Could not fetch data from BingX for ETH-USDT, trying alternative source
2025-12-03 10:19:00,674 - WARNING - HedgeFund - Could not fetch data from BingX for BTC-USDT, trying alternative source
2025-12-03 10:19:02,031 - WARNING - HedgeFund - Could not fetch data from BingX for ETH-USDT, trying alternative source
2025-12-03 10:19:02,304 - WARNING - HedgeFund - Could not fetch data from BingX for BTC-USDT, trying alternative source
2025-12-03 10:19:03,576 - WARNING - HedgeFund - Could not fetch data from BingX for ETH-USDT, trying alternative source
2025-12-03 10:19:03,883 - WARNING - HedgeFund - Could not fetch data from BingX for BTC-USDT, trying alternative source
2025-12-03 10:19:05,195 - WARNING - HedgeFund - Could not fetch data from BingX for ETH-USDT, trying alternative source
2025-12-03 10:19:05,452 - WARNING - HedgeFund - Could not fetch data from BingX for BTC-USDT, trying alternative source
2025-12-03 10:19:06,807 - WARNING - HedgeFund - Could not fetch data from BingX for ETH-USDT, trying alternative source
2025-12-03 10:19:07,105 - WARNING - HedgeFund - Could not fetch data from BingX for BTC-USDT, trying alternative source
2025-12-03 10:19:08,541 - WARNING - HedgeFund - Could not fetch data from BingX for ETH-USDT, trying alternative source
2025-12-03 10:19:13,800 - WARNING - HedgeFund - Could not fetch data from BingX for BTC-USDT, trying alternative source
2025-12-03 10:19:15,047 - WARNING - HedgeFund - Could not fetch data from BingX for ETH-USDT, trying alternative source
2025-12-03 10:19:15,290 - WARNING - HedgeFund - Could not fetch data from BingX for BTC-USDT, trying alternative source
2025-12-03 10:19:16,527 - WARNING - HedgeFund - Could not fetch data from BingX for ETH-USDT, trying alternative source
2025-12-03 10:19:16,768 - WARNING - HedgeFund - Could not fetch data from BingX for BTC-USDT, trying alternative source
2025-12-03 10:19:23,038 - WARNING - HedgeFund - Could not fetch data from BingX for ETH-USDT, trying alternative source
2025-12-03 10:19:23,272 - WARNING - HedgeFund - Could not fetch data from BingX for BTC-USDT, trying alternative source
2025-12-03 10:19:24,539 - WARNING - HedgeFund - Could not fetch data from BingX for ETH-USDT, trying alternative source
2025-12-03 10:19:24,788 - WARNING - HedgeFund - Could not fetch data from BingX for BTC-USDT, trying alternative source
2025-12-03 10:19:26,043 - WARNING - HedgeFund - Could not fetch data from BingX for ETH-USDT, trying alternative source
2025-12-03 10:19:31,298 - WARNING - HedgeFund - Could not fetch data from BingX for BTC-USDT, trying alternative source
2025-12-03 10:19:32,552 - WARNING - HedgeFund - Could not fetch data from BingX for ETH-USDT, trying alternative source
2025-12-03 10:19:32,838 - WARNING - HedgeFund - Could not fetch data from BingX for BTC-USDT, trying alternative source
2025-12-03 10:19:34,084 - WARNING - HedgeFund - Could not fetch data from BingX for ETH-USDT, trying alternative source
2025-12-03 10:19:34,324 - WARNING - HedgeFund - Could not fetch data from BingX for BTC-USDT, trying alternative source
2025-12-03 10:19:35,572 - WARNING - HedgeFund - Could not fetch data from BingX for ETH-USDT, trying alternative source
2025-12-03 10:19:35,822 - WARNING - HedgeFund - Could not fetch data from BingX for BTC-USDT, trying alternative source
2025-12-03 10:19:37,639 - WARNING - HedgeFund - Could not fetch data from BingX for ETH-USDT, trying alternative source
2025-12-03 10:19:37,862 - WARNING - HedgeFund - Could not fetch data from BingX for BTC-USDT, trying alternative source
2025-12-03 10:19:39,099 - WARNING - HedgeFund - Could not fetch data from BingX for ETH-USDT, trying alternative source
2025-12-03 10:19:39,341 - WARNING - HedgeFund - Could not fetch data from BingX for BTC-USDT, trying alternative source
2025-12-03 10:19:40,595 - WARNING - HedgeFund - Could not fetch data from BingX for ETH-USDT, trying alternative source
2025-12-03 10:19:40,843 - WARNING - HedgeFund - Could not fetch data from BingX for BTC-USDT, trying alternative source
2025-12-03 10:19:42,075 - WARNING - HedgeFund - Could not fetch data from BingX for ETH-USDT, trying alternative source
2025-12-03 10:19:42,314 - WARNING - HedgeFund - Could not fetch data from BingX for BTC-USDT, trying alternative source
2025-12-03 10:19:43,562 - WARNING - HedgeFund - Could not fetch data from BingX for ETH-USDT, trying alternative source
2025-12-03 10:19:43,829 - WARNING - HedgeFund - Could not fetch data from BingX for BTC-USDT, trying alternative source
2025-12-03 10:19:45,062 - WARNING - HedgeFund - Could not fetch data from BingX for ETH-USDT, trying alternative source
2025-12-03 10:19:45,328 - WARNING - HedgeFund - Could not fetch data from BingX for BTC-USDT, trying alternative source
2025-12-03 10:19:46,570 - WARNING - HedgeFund - Could not fetch data from BingX for ETH-USDT, trying alternative source
2025-12-03 10:19:46,825 - WARNING - HedgeFund - Could not fetch data from BingX for BTC-USDT, trying alternative source
2025-12-03 10:19:48,068 - WARNING - HedgeFund - Could not fetch data from BingX for ETH-USDT, trying alternative source
2025-12-03 10:19:48,324 - WARNING - HedgeFund - Could not fetch data from BingX for BTC-USDT, trying alternative source
2025-12-03 10:19:49,554 - WARNING - HedgeFund - Could not fetch data from BingX for ETH-USDT, trying alternative source
2025-12-03 10:19:49,807 - WARNING - HedgeFund - Could not fetch data from BingX for BTC-USDT, trying alternative source
2025-12-03 10:19:51,071 - WARNING - HedgeFund - Could not fetch data from BingX for ETH-USDT, trying alternative source
2025-12-03 10:19:51,303 - WARNING - HedgeFund - Could not fetch data from BingX for BTC-USDT, trying alternative source
2025-12-03 10:19:52,553 - WARNING - HedgeFund - Could not fetch data from BingX for ETH-USDT, trying alternative source
2025-12-03 10:19:52,787 - WARNING - HedgeFund - Could not fetch data from BingX for BTC-USDT, trying alternative source
2025-12-03 10:19:54,033 - WARNING - HedgeFund - Could not fetch data from BingX for ETH-USDT, trying alternative source
2025-12-03 10:19:54,271 - WARNING - HedgeFund - Could not fetch data from BingX for BTC-USDT, trying alternative source
2025-12-03 10:19:55,508 - WARNING - HedgeFund - Could not fetch data from BingX for ETH-USDT, trying alternative source
2025-12-03 10:19:55,736 - WARNING - HedgeFund - Could not fetch data from BingX for BTC-USDT, trying alternative source
2025-12-03 10:19:56,954 - WARNING - HedgeFund - Could not fetch data from BingX for ETH-USDT, trying alternative source
2025-12-03 10:19:57,198 - WARNING - HedgeFund - Could not fetch data from BingX for BTC-USDT, trying alternative source
2025-12-03 10:19:58,453 - WARNING - HedgeFund - Could not fetch data from BingX for ETH-USDT, trying alternative source
2025-12-03 10:19:58,710 - WARNING - HedgeFund - Could not fetch data from BingX for BTC-USDT, trying alternative source
2025-12-03 10:20:00,099 - WARNING - HedgeFund - Could not fetch data from BingX for ETH-USDT, trying alternative source
2025-12-03 10:20:00,346 - WARNING - HedgeFund - Could not fetch data from BingX for BTC-USDT, trying alternative source
2025-12-03 10:20:01,582 - WARNING - HedgeFund - Could not fetch data from BingX for ETH-USDT, trying alternative source
2025-12-03 10:20:01,813 - WARNING - HedgeFund - Could not fetch data from BingX for BTC-USDT, trying alternative source
2025-12-03 10:20:03,055 - WARNING - HedgeFund - Could not fetch data from BingX for ETH-USDT, trying alternative source
2025-12-03 10:20:03,305 - WARNING - HedgeFund - Could not fetch data from BingX for BTC-USDT, trying alternative source
2025-12-03 10:20:04,589 - WARNING - HedgeFund - Could not fetch data from BingX for ETH-USDT, trying alternative source
2025-12-03 10:20:04,841 - WARNING - HedgeFund - Could not fetch data from BingX for BTC-USDT, trying alternative source
2025-12-03 10:20:06,077 - WARNING - HedgeFund - Could not fetch data from BingX for ETH-USDT, trying alternative source
2025-12-03 10:20:06,334 - WARNING - HedgeFund - Could not fetch data from BingX for BTC-USDT, trying alternative source
2025-12-03 10:20:07,578 - WARNING - HedgeFund - Could not fetch data from BingX for ETH-USDT, trying alternative source
2025-12-03 10:20:07,821 - WARNING - HedgeFund - Could not fetch data from BingX for BTC-USDT, trying alternative source
2025-12-03 10:20:09,053 - WARNING - HedgeFund - Could not fetch data from BingX for ETH-USDT, trying alternative source
2025-12-03 10:20:09,278 - WARNING - HedgeFund - Could not fetch data from BingX for BTC-USDT, trying alternative source
2025-12-03 10:20:10,519 - WARNING - HedgeFund - Could not fetch data from BingX for ETH-USDT, trying alternative source
2025-12-03 10:20:10,754 - WARNING - HedgeFund - Could not fetch data from BingX for BTC-USDT, trying alternative source
2025-12-03 10:20:12,007 - WARNING - HedgeFund - Could not fetch data from BingX for ETH-USDT, trying alternative source
2025-12-03 10:20:12,256 - WARNING - HedgeFund - Could not fetch data from BingX for BTC-USDT, trying alternative source
2025-12-03 10:20:13,497 - WARNING - HedgeFund - Could not fetch data from BingX for ETH-USDT, trying alternative source
2025-12-03 10:20:13,735 - WARNING - HedgeFund - Could not fetch data from BingX for BTC-USDT, trying alternative source
2025-12-03 10:20:14,967 - WARNING - HedgeFund - Could not fetch data from BingX for ETH-USDT, trying alternative source
2025-12-03 10:20:15,225 - WARNING - HedgeFund - Could not fetch data from BingX for BTC-USDT, trying alternative source
2025-12-03 10:20:16,460 - WARNING - HedgeFund - Could not fetch data from BingX for ETH-USDT, trying alternative source
2025-12-03 10:20:16,691 - WARNING - HedgeFund - Could not fetch data from BingX for BTC-USDT, trying alternative source
2025-12-03 10:20:17,940 - WARNING - HedgeFund - Could not fetch data from BingX for ETH-USDT, trying alternative source
2025-12-03 10:20:18,278 - WARNING - HedgeFund - Could not fetch data from BingX for BTC-USDT, trying alternative source
2025-12-03 10:20:19,504 - WARNING - HedgeFund - Could not fetch data from BingX for ETH-USDT, trying alternative source
2025-12-03 10:20:19,745 - WARNING - HedgeFund - Could not fetch data from BingX for BTC-USDT, trying alternative source
2025-12-03 10:20:20,977 - WARNING - HedgeFund - Could not fetch data from BingX for ETH-USDT, trying alternative source
2025-12-03 10:20:21,220 - WARNING - HedgeFund - Could not fetch data from BingX for BTC-USDT, trying alternative source
2025-12-03 10:20:22,484 - WARNING - HedgeFund - Could not fetch data from BingX for ETH-USDT, trying alternative source
2025-12-03 10:20:22,764 - WARNING - HedgeFund - Could not fetch data from BingX for BTC-USDT, trying alternative source
2025-12-03 10:20:24,026 - WARNING - HedgeFund - Could not fetch data from BingX for ETH-USDT, trying alternative source
2025-12-03 10:20:24,259 - WARNING - HedgeFund - Could not fetch data from BingX for BTC-USDT, trying alternative source
2025-12-03 10:20:25,506 - WARNING - HedgeFund - Could not fetch data from BingX for ETH-USDT, trying alternative source
2025-12-03 10:20:25,747 - WARNING - HedgeFund - Could not fetch data from BingX for BTC-USDT, trying alternative source
2025-12-03 10:20:26,975 - WARNING - HedgeFund - Could not fetch data from BingX for ETH-USDT, trying alternative source
2025-12-03 10:20:27,206 - WARNING - HedgeFund - Could not fetch data from BingX for BTC-USDT, trying alternative source
2025-12-03 10:20:28,438 - WARNING - HedgeFund - Could not fetch data from BingX for ETH-USDT, trying alternative source
2025-12-03 10:20:28,682 - WARNING - HedgeFund - Could not fetch data from BingX for BTC-USDT, trying alternative source
2025-12-03 10:20:29,945 - WARNING - HedgeFund - Could not fetch data from BingX for ETH-USDT, trying alternative source
2025-12-03 10:20:30,186 - WARNING - HedgeFund - Could not fetch data from BingX for BTC-USDT, trying alternative source
2025-12-03 10:20:31,429 - WARNING - HedgeFund - Could not fetch data from BingX for ETH-USDT, trying alternative source
2025-12-03 10:20:31,667 - WARNING - HedgeFund - Could not fetch data from BingX for BTC-USDT, trying alternative source
2025-12-03 10:20:32,936 - WARNING - HedgeFund - Could not fetch data from BingX for ETH-USDT, trying alternative source
2025-12-03 10:20:33,214 - WARNING - HedgeFund - Could not fetch data from BingX for BTC-USDT, trying alternative source
2025-12-03 10:20:34,447 - WARNING - HedgeFund - Could not fetch data from BingX for ETH-USDT, trying alternative source
2025-12-03 10:20:35,298 - WARNING - HedgeFund - Could not fetch data from BingX for BTC-USDT, trying alternative source
2025-12-03 10:20:36,537 - WARNING - HedgeFund - Could not fetch data from BingX for ETH-USDT, trying alternative source
2025-12-03 10:20:36,788 - WARNING - HedgeFund - Could not fetch data from BingX for BTC-USDT, trying alternative source
2025-12-03 10:20:38,061 - WARNING - HedgeFund - Could not fetch data from BingX for ETH-USDT, trying alternative source
2025-12-03 10:20:38,302 - WARNING - HedgeFund - Could not fetch data from BingX for BTC-USDT, trying alternative source
2025-12-03 10:20:39,546 - WARNING - HedgeFund - Could not fetch data from BingX for ETH-USDT, trying alternative source
2025-12-03 10:20:39,787 - WARNING - HedgeFund - Could not fetch data from BingX for BTC-USDT, trying alternative source
2025-12-03 10:20:41,039 - WARNING - HedgeFund - Could not fetch data from BingX for ETH-USDT, trying alternative source
2025-12-03 10:20:41,274 - WARNING - HedgeFund - Could not fetch data from BingX for BTC-USDT, trying alternative source
2025-12-03 10:20:42,524 - WARNING - HedgeFund - Could not fetch data from BingX for ETH-USDT, trying alternative source
2025-12-03 10:20:42,783 - WARNING - HedgeFund - Could not fetch data from BingX for BTC-USDT, trying alternative source
2025-12-03 10:20:44,054 - WARNING - HedgeFund - Could not fetch data from BingX for ETH-USDT, trying alternative source
2025-12-03 10:20:44,309 - WARNING - HedgeFund - Could not fetch data from BingX for BTC-USDT, trying alternative source
2025-12-03 10:20:50,586 - WARNING - HedgeFund - Could not fetch data from BingX for ETH-USDT, trying alternative source
2025-12-03 10:20:50,844 - WARNING - HedgeFund - Could not fetch data from BingX for BTC-USDT, trying alternative source
2025-12-03 10:20:52,094 - WARNING - HedgeFund - Could not fetch data from BingX for ETH-USDT, trying alternative source
2025-12-03 10:20:52,355 - WARNING - HedgeFund - Could not fetch data from BingX for BTC-USDT, trying alternative source
2025-12-03 10:20:53,596 - WARNING - HedgeFund - Could not fetch data from BingX for ETH-USDT, trying alternative source
2025-12-03 10:20:53,874 - WARNING - HedgeFund - Could not fetch data from BingX for BTC-USDT, trying alternative source
2025-12-03 10:20:55,119 - WARNING - HedgeFund - Could not fetch data from BingX for ETH-USDT, trying alternative source
2025-12-03 10:20:55,411 - WARNING - HedgeFund - Could not fetch data from BingX for BTC-USDT, trying alternative source
2025-12-03 10:20:56,649 - WARNING - HedgeFund - Could not fetch data from BingX for ETH-USDT, trying alternative source
2025-12-03 10:20:56,920 - WARNING - HedgeFund - Could not fetch data from BingX for BTC-USDT, trying alternative source
2025-12-03 10:21:03,187 - WARNING - HedgeFund - Could not fetch data from BingX for ETH-USDT, trying alternative source
2025-12-03 10:21:03,427 - WARNING - HedgeFund - Could not fetch data from BingX for BTC-USDT, trying alternative source
2025-12-03 10:21:04,667 - WARNING - HedgeFund - Could not fetch data from BingX for ETH-USDT, trying alternative source
2025-12-03 10:21:05,038 - WARNING - HedgeFund - Could not fetch data from BingX for BTC-USDT, trying alternative source
2025-12-03 10:21:06,290 - WARNING - HedgeFund - Could not fetch data from BingX for ETH-USDT, trying alternative source
2025-12-03 10:21:06,544 - WARNING - HedgeFund - Could not fetch data from BingX for BTC-USDT, trying alternative source
2025-12-03 10:21:07,963 - WARNING - HedgeFund - Could not fetch data from BingX for ETH-USDT, trying alternative source
2025-12-03 10:21:08,297 - WARNING - HedgeFund - Could not fetch data from BingX for BTC-USDT, trying alternative source
2025-12-03 10:21:09,530 - WARNING - HedgeFund - Could not fetch data from BingX for ETH-USDT, trying alternative source
2025-12-03 10:21:09,780 - WARNING - HedgeFund - Could not fetch data from BingX for BTC-USDT, trying alternative source
2025-12-03 10:21:11,042 - WARNING - HedgeFund - Could not fetch data from BingX for ETH-USDT, trying alternative source
2025-12-03 10:21:11,295 - WARNING - HedgeFund - Could not fetch data from BingX for BTC-USDT, trying alternative source
2025-12-03 10:21:12,528 - WARNING - HedgeFund - Could not fetch data from BingX for ETH-USDT, trying alternative source
2025-12-03 10:21:12,787 - WARNING - HedgeFund - Could not fetch data from BingX for BTC-USDT, trying alternative source
2025-12-03 10:21:14,047 - WARNING - HedgeFund - Could not fetch data from BingX for ETH-USDT, trying alternative source
2025-12-03 10:21:14,308 - WARNING - HedgeFund - Could not fetch data from BingX for BTC-USDT, trying alternative source
2025-12-03 10:21:15,586 - WARNING - HedgeFund - Could not fetch data from BingX for ETH-USDT, trying alternative source
2025-12-03 10:21:15,850 - WARNING - HedgeFund - Could not fetch data from BingX for BTC-USDT, trying alternative source
2025-12-03 10:21:17,098 - WARNING - HedgeFund - Could not fetch data from BingX for ETH-USDT, trying alternative source
2025-12-03 10:21:17,395 - WARNING - HedgeFund - Could not fetch data from BingX for BTC-USDT, trying alternative source
2025-12-03 10:21:18,633 - WARNING - HedgeFund - Could not fetch data from BingX for ETH-USDT, trying alternative source
2025-12-03 10:21:18,870 - WARNING - HedgeFund - Could not fetch data from BingX for BTC-USDT, trying alternative source
2025-12-03 10:21:20,143 - WARNING - HedgeFund - Could not fetch data from BingX for ETH-USDT, trying alternative source
2025-12-03 10:21:20,394 - WARNING - HedgeFund - Could not fetch data from BingX for BTC-USDT, trying alternative source
2025-12-03 10:21:21,622 - WARNING - HedgeFund - Could not fetch data from BingX for ETH-USDT, trying alternative source
2025-12-03 10:21:21,847 - WARNING - HedgeFund - Could not fetch data from BingX for BTC-USDT, trying alternative source
2025-12-03 10:21:23,089 - WARNING - HedgeFund - Could not fetch data from BingX for ETH-USDT, trying alternative source
2025-12-03 10:21:23,358 - WARNING - HedgeFund - Could not fetch data from BingX for BTC-USDT, trying alternative source
2025-12-03 10:21:24,622 - WARNING - HedgeFund - Could not fetch data from BingX for ETH-USDT, trying alternative source
2025-12-03 10:21:24,870 - WARNING - HedgeFund - Could not fetch data from BingX for BTC-USDT, trying alternative source
2025-12-03 10:21:26,123 - WARNING - HedgeFund - Could not fetch data from BingX for ETH-USDT, trying alternative source
2025-12-03 10:21:26,381 - WARNING - HedgeFund - Could not fetch data from BingX for BTC-USDT, trying alternative source
2025-12-03 10:21:27,623 - WARNING - HedgeFund - Could not fetch data from BingX for ETH-USDT, trying alternative source
2025-12-03 10:21:27,853 - WARNING - HedgeFund - Could not fetch data from BingX for BTC-USDT, trying alternative source
2025-12-03 10:21:29,082 - WARNING - HedgeFund - Could not fetch data from BingX for ETH-USDT, trying alternative source
2025-12-03 10:21:29,323 - WARNING - HedgeFund - Could not fetch data from BingX for BTC-USDT, trying alternative source
2025-12-03 10:21:30,588 - WARNING - HedgeFund - Could not fetch data from BingX for ETH-USDT, trying alternative source
2025-12-03 10:21:30,824 - WARNING - HedgeFund - Could not fetch data from BingX for BTC-USDT, trying alternative source
2025-12-03 10:21:32,105 - WARNING - HedgeFund - Could not fetch data from BingX for ETH-USDT, trying alternative source
2025-12-03 10:21:32,358 - WARNING - HedgeFund - Could not fetch data from BingX for BTC-USDT, trying alternative source
2025-12-03 10:21:33,601 - WARNING - HedgeFund - Could not fetch data from BingX for ETH-USDT, trying alternative source
2025-12-03 10:21:33,858 - WARNING - HedgeFund - Could not fetch data from BingX for BTC-USDT, trying alternative source
2025-12-03 10:21:35,093 - WARNING - HedgeFund - Could not fetch data from BingX for ETH-USDT, trying alternative source
2025-12-03 10:21:35,347 - WARNING - HedgeFund - Could not fetch data from BingX for BTC-USDT, trying alternative source
2025-12-03 10:21:36,621 - WARNING - HedgeFund - Could not fetch data from BingX for ETH-USDT, trying alternative source
2025-12-03 10:21:36,863 - WARNING - HedgeFund - Could not fetch data from BingX for BTC-USDT, trying alternative source
2025-12-03 10:21:38,104 - WARNING - HedgeFund - Could not fetch data from BingX for ETH-USDT, trying alternative source
2025-12-03 10:21:43,353 - WARNING - HedgeFund - Could not fetch data from BingX for BTC-USDT, trying alternative source
2025-12-03 10:21:44,620 - WARNING - HedgeFund - Could not fetch data from BingX for ETH-USDT, trying alternative source
2025-12-03 10:21:44,869 - WARNING - HedgeFund - Could not fetch data from BingX for BTC-USDT, trying alternative source
2025-12-03 10:21:46,092 - WARNING - HedgeFund - Could not fetch data from BingX for ETH-USDT, trying alternative source
2025-12-03 10:21:46,363 - WARNING - HedgeFund - Could not fetch data from BingX for BTC-USDT, trying alternative source
2025-12-03 10:21:47,604 - WARNING - HedgeFund - Could not fetch data from BingX for ETH-USDT, trying alternative source
2025-12-03 10:21:47,862 - WARNING - HedgeFund - Could not fetch data from BingX for BTC-USDT, trying alternative source
2025-12-03 10:21:49,124 - WARNING - HedgeFund - Could not fetch data from BingX for ETH-USDT, trying alternative source
2025-12-03 10:21:49,378 - WARNING - HedgeFund - Could not fetch data from BingX for BTC-USDT, trying alternative source
2025-12-03 10:21:50,631 - WARNING - HedgeFund - Could not fetch data from BingX for ETH-USDT, trying alternative source
2025-12-03 10:21:50,902 - WARNING - HedgeFund - Could not fetch data from BingX for BTC-USDT, trying alternative source
2025-12-03 10:21:52,154 - WARNING - HedgeFund - Could not fetch data from BingX for ETH-USDT, trying alternative source
2025-12-03 10:21:52,389 - WARNING - HedgeFund - Could not fetch data from BingX for BTC-USDT, trying alternative source
2025-12-03 10:21:53,653 - WARNING - HedgeFund - Could not fetch data from BingX for ETH-USDT, trying alternative source
2025-12-03 10:21:53,905 - WARNING - HedgeFund - Could not fetch data from BingX for BTC-USDT, trying alternative source
2025-12-03 10:21:55,163 - WARNING - HedgeFund - Could not fetch data from BingX for ETH-USDT, trying alternative source
2025-12-03 10:21:55,396 - WARNING - HedgeFund - Could not fetch data from BingX for BTC-USDT, trying alternative source
2025-12-03 10:21:56,648 - WARNING - HedgeFund - Could not fetch data from BingX for ETH-USDT, trying alternative source
2025-12-03 10:21:56,877 - WARNING - HedgeFund - Could not fetch data from BingX for BTC-USDT, trying alternative source
2025-12-03 10:21:58,114 - WARNING - HedgeFund - Could not fetch data from BingX for ETH-USDT, trying alternative source
2025-12-03 10:21:58,363 - WARNING - HedgeFund - Could not fetch data from BingX for BTC-USDT, trying alternative source
2025-12-03 10:21:59,631 - WARNING - HedgeFund - Could not fetch data from BingX for ETH-USDT, trying alternative source
2025-12-03 10:21:59,882 - WARNING - HedgeFund - Could not fetch data from BingX for BTC-USDT, trying alternative source
2025-12-03 10:22:01,125 - WARNING - HedgeFund - Could not fetch data from BingX for ETH-USDT, trying alternative source
2025-12-03 10:22:01,372 - WARNING - HedgeFund - Could not fetch data from BingX for BTC-USDT, trying alternative source
2025-12-03 10:22:02,613 - WARNING - HedgeFund - Could not fetch data from BingX for ETH-USDT, trying alternative source
2025-12-03 10:22:02,856 - WARNING - HedgeFund - Could not fetch data from BingX for BTC-USDT, trying alternative source
2025-12-03 10:22:04,102 - WARNING - HedgeFund - Could not fetch data from BingX for ETH-USDT, trying alternative source
2025-12-03 10:22:04,378 - WARNING - HedgeFund - Could not fetch data from BingX for BTC-USDT, trying alternative source
2025-12-03 10:22:05,605 - WARNING - HedgeFund - Could not fetch data from BingX for ETH-USDT, trying alternative source
2025-12-03 10:22:05,850 - WARNING - HedgeFund - Could not fetch data from BingX for BTC-USDT, trying alternative source
2025-12-03 10:22:07,094 - WARNING - HedgeFund - Could not fetch data from BingX for ETH-USDT, trying alternative source
2025-12-03 10:22:07,335 - WARNING - HedgeFund - Could not fetch data from BingX for BTC-USDT, trying alternative source
2025-12-03 10:22:08,601 - WARNING - HedgeFund - Could not fetch data from BingX for ETH-USDT, trying alternative source
2025-12-03 10:22:08,831 - WARNING - HedgeFund - Could not fetch data from BingX for BTC-USDT, trying alternative source
2025-12-03 10:22:10,066 - WARNING - HedgeFund - Could not fetch data from BingX for ETH-USDT, trying alternative source
2025-12-03 10:22:10,297 - WARNING - HedgeFund - Could not fetch data from BingX for BTC-USDT, trying alternative source
2025-12-03 10:22:11,534 - WARNING - HedgeFund - Could not fetch data from BingX for ETH-USDT, trying alternative source
2025-12-03 10:22:11,844 - WARNING - HedgeFund - Could not fetch data from BingX for BTC-USDT, trying alternative source
2025-12-03 10:22:13,089 - WARNING - HedgeFund - Could not fetch data from BingX for ETH-USDT, trying alternative source
2025-12-03 10:22:13,346 - WARNING - HedgeFund - Could not fetch data from BingX for BTC-USDT, trying alternative source
2025-12-03 10:22:14,627 - WARNING - HedgeFund - Could not fetch data from BingX for ETH-USDT, trying alternative source
2025-12-03 10:22:14,887 - WARNING - HedgeFund - Could not fetch data from BingX for BTC-USDT, trying alternative source
2025-12-03 10:22:16,242 - WARNING - HedgeFund - Could not fetch data from BingX for ETH-USDT, trying alternative source
2025-12-03 10:22:16,475 - WARNING - HedgeFund - Could not fetch data from BingX for BTC-USDT, trying alternative source
2025-12-03 10:22:17,728 - WARNING - HedgeFund - Could not fetch data from BingX for ETH-USDT, trying alternative source
2025-12-03 10:22:17,962 - WARNING - HedgeFund - Could not fetch data from BingX for BTC-USDT, trying alternative source
2025-12-03 10:22:19,191 - WARNING - HedgeFund - Could not fetch data from BingX for ETH-USDT, trying alternative source
2025-12-03 10:22:19,426 - WARNING - HedgeFund - Could not fetch data from BingX for BTC-USDT, trying alternative source
2025-12-03 10:22:20,680 - WARNING - HedgeFund - Could not fetch data from BingX for ETH-USDT, trying alternative source
2025-12-03 10:22:20,924 - WARNING - HedgeFund - Could not fetch data from BingX for BTC-USDT, trying alternative source
2025-12-03 10:22:22,160 - WARNING - HedgeFund - Could not fetch data from BingX for ETH-USDT, trying alternative source
2025-12-03 10:22:22,420 - WARNING - HedgeFund - Could not fetch data from BingX for BTC-USDT, trying alternative source
2025-12-03 10:22:23,681 - WARNING - HedgeFund - Could not fetch data from BingX for ETH-USDT, trying alternative source
2025-12-03 10:22:23,945 - WARNING - HedgeFund - Could not fetch data from BingX for BTC-USDT, trying alternative source
2025-12-03 10:22:30,178 - WARNING - HedgeFund - Could not fetch data from BingX for ETH-USDT, trying alternative source
2025-12-03 10:22:30,428 - WARNING - HedgeFund - Could not fetch data from BingX for BTC-USDT, trying alternative source
2025-12-03 10:22:31,696 - WARNING - HedgeFund - Could not fetch data from BingX for ETH-USDT, trying alternative source
2025-12-03 10:22:31,977 - WARNING - HedgeFund - Could not fetch data from BingX for BTC-USDT, trying alternative source
2025-12-03 10:22:33,217 - WARNING - HedgeFund - Could not fetch data from BingX for ETH-USDT, trying alternative source
2025-12-03 10:22:33,454 - WARNING - HedgeFund - Could not fetch data from BingX for BTC-USDT, trying alternative source
2025-12-03 10:22:34,690 - WARNING - HedgeFund - Could not fetch data from BingX for ETH-USDT, trying alternative source
2025-12-03 10:22:34,932 - WARNING - HedgeFund - Could not fetch data from BingX for BTC-USDT, trying alternative source
2025-12-03 10:22:36,193 - WARNING - HedgeFund - Could not fetch data from BingX for ETH-USDT, trying alternative source
2025-12-03 10:22:36,448 - WARNING - HedgeFund - Could not fetch data from BingX for BTC-USDT, trying alternative source
2025-12-03 10:22:37,705 - WARNING - HedgeFund - Could not fetch data from BingX for ETH-USDT, trying alternative source
2025-12-03 10:22:37,949 - WARNING - HedgeFund - Could not fetch data from BingX for BTC-USDT, trying alternative source
2025-12-03 10:22:39,193 - WARNING - HedgeFund - Could not fetch data from BingX for ETH-USDT, trying alternative source
2025-12-03 10:22:39,449 - WARNING - HedgeFund - Could not fetch data from BingX for BTC-USDT, trying alternative source
2025-12-03 10:22:40,690 - WARNING - HedgeFund - Could not fetch data from BingX for ETH-USDT, trying alternative source
2025-12-03 10:22:40,935 - WARNING - HedgeFund - Could not fetch data from BingX for BTC-USDT, trying alternative source
2025-12-03 10:22:42,187 - WARNING - HedgeFund - Could not fetch data from BingX for ETH-USDT, trying alternative source
2025-12-03 10:22:42,443 - WARNING - HedgeFund - Could not fetch data from BingX for BTC-USDT, trying alternative source
2025-12-03 10:22:43,706 - WARNING - HedgeFund - Could not fetch data from BingX for ETH-USDT, trying alternative source
2025-12-03 10:22:43,993 - WARNING - HedgeFund - Could not fetch data from BingX for BTC-USDT, trying alternative source
2025-12-03 10:22:45,247 - WARNING - HedgeFund - Could not fetch data from BingX for ETH-USDT, trying alternative source
2025-12-03 10:22:45,495 - WARNING - HedgeFund - Could not fetch data from BingX for BTC-USDT, trying alternative source
2025-12-03 10:22:46,794 - WARNING - HedgeFund - Could not fetch data from BingX for ETH-USDT, trying alternative source
2025-12-03 10:22:47,028 - WARNING - HedgeFund - Could not fetch data from BingX for BTC-USDT, trying alternative source
2025-12-03 10:22:48,328 - WARNING - HedgeFund - Could not fetch data from BingX for ETH-USDT, trying alternative source
2025-12-03 10:22:49,180 - WARNING - HedgeFund - Could not fetch data from BingX for BTC-USDT, trying alternative source
2025-12-03 10:22:50,442 - WARNING - HedgeFund - Could not fetch data from BingX for ETH-USDT, trying alternative source
2025-12-03 10:25:37,092 - INFO - HedgeFund - Starting Production Enterprise Hedge Fund Trading System...
2025-12-03 10:25:37,195 - INFO - HedgeFund - Initializing production trading system...
2025-12-03 10:25:37,196 - INFO - HedgeFund - Added symbol BTC-USDT to watcher monitoring
2025-12-03 10:25:37,196 - INFO - HedgeFund - Added symbol ETH-USDT to watcher monitoring
2025-12-03 10:25:37,196 - INFO - HedgeFund - Starting enhanced watcher orchestration...
2025-12-03 10:25:37,196 - INFO - HedgeFund - Starting market data feed for symbols: ['ETH-USDT', 'BTC-USDT']
2025-12-03 10:25:37,197 - INFO - HedgeFund - Started watcher: MarketPulse for symbol: BTC-USDT
2025-12-03 10:25:37,197 - INFO - HedgeFund - Started watcher: Volatility for symbol: BTC-USDT
2025-12-03 10:25:37,198 - INFO - HedgeFund - Started watcher: TrendMTF for symbol: BTC-USDT
2025-12-03 10:25:37,198 - INFO - HedgeFund - Started watcher: AnomalyML for symbol: BTC-USDT
2025-12-03 10:25:37,198 - INFO - HedgeFund - Started watcher: OrderFlow for symbol: BTC-USDT
2025-12-03 10:25:37,198 - INFO - HedgeFund - Started 5 watchers
2025-12-03 10:25:37,198 - INFO - HedgeFund - Enhanced watcher orchestration started
2025-12-03 10:25:37,198 - INFO - HedgeFund - Production trading system initialized and monitoring started
2025-12-03 10:25:37,198 - INFO - HedgeFund - Starting production trading system...
2025-12-03 10:25:37,199 - INFO - HedgeFund - Production orchestration loop started
2025-12-03 10:25:37,199 - INFO - HedgeFund - Production trading system started
2025-12-03 10:25:37,199 - INFO - HedgeFund - Enterprise features initialized successfully
2025-12-03 10:25:37,199 - INFO - HedgeFund - Production trading system is now running. Press Ctrl+C to stop.
2025-12-03 10:25:37,476 - WARNING - HedgeFund - Could not fetch data from BingX for ETH-USDT, trying alternative source
2025-12-03 10:25:37,699 - WARNING - HedgeFund - Could not fetch data from BingX for BTC-USDT, trying alternative source
2025-12-03 10:25:38,938 - WARNING - HedgeFund - Could not fetch data from BingX for ETH-USDT, trying alternative source
2025-12-03 10:25:39,183 - WARNING - HedgeFund - Could not fetch data from BingX for BTC-USDT, trying alternative source
2025-12-03 10:25:40,434 - WARNING - HedgeFund - Could not fetch data from BingX for ETH-USDT, trying alternative source
2025-12-03 10:25:40,699 - WARNING - HedgeFund - Could not fetch data from BingX for BTC-USDT, trying alternative source
2025-12-03 10:25:42,047 - WARNING - HedgeFund - Could not fetch data from BingX for ETH-USDT, trying alternative source
2025-12-03 10:25:42,326 - WARNING - HedgeFund - Could not fetch data from BingX for BTC-USDT, trying alternative source
2025-12-03 10:25:43,592 - WARNING - HedgeFund - Could not fetch data from BingX for ETH-USDT, trying alternative source
2025-12-03 10:25:48,871 - WARNING - HedgeFund - Could not fetch data from BingX for BTC-USDT, trying alternative source
2025-12-03 10:25:50,122 - WARNING - HedgeFund - Could not fetch data from BingX for ETH-USDT, trying alternative source
2025-12-03 10:25:50,358 - WARNING - HedgeFund - Could not fetch data from BingX for BTC-USDT, trying alternative source
2025-12-03 10:25:51,663 - WARNING - HedgeFund - Could not fetch data from BingX for ETH-USDT, trying alternative source
2025-12-03 10:25:51,938 - WARNING - HedgeFund - Could not fetch data from BingX for BTC-USDT, trying alternative source
2025-12-03 10:25:53,176 - WARNING - HedgeFund - Could not fetch data from BingX for ETH-USDT, trying alternative source
2025-12-03 10:25:53,425 - WARNING - HedgeFund - Could not fetch data from BingX for BTC-USDT, trying alternative source
2025-12-03 10:25:54,671 - WARNING - HedgeFund - Could not fetch data from BingX for ETH-USDT, trying alternative source
2025-12-03 10:25:54,906 - WARNING - HedgeFund - Could not fetch data from BingX for BTC-USDT, trying alternative source
2025-12-03 10:25:56,158 - WARNING - HedgeFund - Could not fetch data from BingX for ETH-USDT, trying alternative source
2025-12-03 10:25:56,413 - WARNING - HedgeFund - Could not fetch data from BingX for BTC-USDT, trying alternative source
2025-12-03 10:25:58,275 - WARNING - HedgeFund - Could not fetch data from BingX for ETH-USDT, trying alternative source
2025-12-03 10:25:58,500 - WARNING - HedgeFund - Could not fetch data from BingX for BTC-USDT, trying alternative source
2025-12-03 10:25:59,736 - WARNING - HedgeFund - Could not fetch data from BingX for ETH-USDT, trying alternative source
2025-12-03 10:25:59,987 - WARNING - HedgeFund - Could not fetch data from BingX for BTC-USDT, trying alternative source
2025-12-03 10:26:01,238 - WARNING - HedgeFund - Could not fetch data from BingX for ETH-USDT, trying alternative source
2025-12-03 10:26:01,478 - WARNING - HedgeFund - Could not fetch data from BingX for BTC-USDT, trying alternative source
2025-12-03 10:26:02,714 - WARNING - HedgeFund - Could not fetch data from BingX for ETH-USDT, trying alternative source
2025-12-03 10:26:02,947 - WARNING - HedgeFund - Could not fetch data from BingX for BTC-USDT, trying alternative source
2025-12-03 10:26:52,150 - INFO - HedgeFund - Added symbol BTC-USDT to watcher monitoring
2025-12-03 10:26:52,150 - INFO - HedgeFund - Starting enhanced watcher orchestration...
2025-12-03 10:26:52,150 - INFO - HedgeFund - Starting market data feed for symbols: ['BTC-USDT']
2025-12-03 10:26:52,152 - INFO - HedgeFund - Started watcher: MarketPulse for symbol: BTC-USDT
2025-12-03 10:26:52,153 - INFO - HedgeFund - Started watcher: Volatility for symbol: BTC-USDT
2025-12-03 10:26:52,153 - INFO - HedgeFund - Started watcher: TrendMTF for symbol: BTC-USDT
2025-12-03 10:26:52,153 - INFO - HedgeFund - Started watcher: AnomalyML for symbol: BTC-USDT
2025-12-03 10:26:52,153 - INFO - HedgeFund - Started watcher: OrderFlow for symbol: BTC-USDT
2025-12-03 10:26:52,153 - INFO - HedgeFund - Started 5 watchers
2025-12-03 10:26:52,153 - INFO - HedgeFund - Enhanced watcher orchestration started
2025-12-03 10:26:52,446 - WARNING - HedgeFund - Could not fetch data from BingX for BTC-USDT, trying alternative source
2025-12-03 10:26:52,767 - INFO - HedgeFund - Initializing production trading system...
2025-12-03 10:26:52,767 - INFO - HedgeFund - Added symbol ETH-USDT to watcher monitoring
2025-12-03 10:26:52,767 - INFO - HedgeFund - Starting enhanced watcher orchestration...
2025-12-03 10:26:52,767 - INFO - HedgeFund - Starting market data feed for symbols: ['ETH-USDT', 'BTC-USDT']
2025-12-03 10:26:52,768 - INFO - HedgeFund - Started watcher: MarketPulse for symbol: BTC-USDT
2025-12-03 10:26:52,769 - INFO - HedgeFund - Started watcher: Volatility for symbol: BTC-USDT
2025-12-03 10:26:52,769 - INFO - HedgeFund - Started watcher: TrendMTF for symbol: BTC-USDT
2025-12-03 10:26:52,769 - INFO - HedgeFund - Started watcher: AnomalyML for symbol: BTC-USDT
2025-12-03 10:26:52,769 - INFO - HedgeFund - Started watcher: OrderFlow for symbol: BTC-USDT
2025-12-03 10:26:52,769 - INFO - HedgeFund - Started 5 watchers
2025-12-03 10:26:52,769 - INFO - HedgeFund - Enhanced watcher orchestration started
2025-12-03 10:26:52,769 - INFO - HedgeFund - Production trading system initialized and monitoring started
2025-12-03 10:26:52,769 - INFO - HedgeFund - Stopping enhanced watcher orchestration...
2025-12-03 10:26:52,769 - INFO - HedgeFund - Stopping market data feed...
2025-12-03 10:26:53,095 - WARNING - HedgeFund - Could not fetch data from BingX for ETH-USDT, trying alternative source
2025-12-03 10:26:53,384 - WARNING - HedgeFund - Could not fetch data from BingX for BTC-USDT, trying alternative source
2025-12-03 10:26:54,387 - INFO - HedgeFund - Market data feed stopped
2025-12-03 10:26:54,388 - INFO - HedgeFund - Stopped watcher: MarketPulse for symbol: BTC-USDT
2025-12-03 10:26:54,388 - INFO - HedgeFund - Stopped watcher: Volatility for symbol: BTC-USDT
2025-12-03 10:26:54,388 - INFO - HedgeFund - Stopped watcher: TrendMTF for symbol: BTC-USDT
2025-12-03 10:26:54,388 - INFO - HedgeFund - Stopped watcher: AnomalyML for symbol: BTC-USDT
2025-12-03 10:26:54,388 - INFO - HedgeFund - Stopped watcher: OrderFlow for symbol: BTC-USDT
2025-12-03 10:26:54,388 - INFO - HedgeFund - Stopped 5 watchers
2025-12-03 10:26:54,388 - INFO - HedgeFund - Enhanced watcher orchestration stopped
2025-12-03 10:41:39,749 - INFO - HedgeFund - Starting Production Enterprise Hedge Fund Trading System...
2025-12-03 10:41:39,848 - INFO - HedgeFund - Initializing production trading system...
2025-12-03 10:41:39,848 - INFO - HedgeFund - Added symbol BTC-USDT to watcher monitoring
2025-12-03 10:41:39,848 - INFO - HedgeFund - Added symbol ETH-USDT to watcher monitoring
2025-12-03 10:41:39,848 - INFO - HedgeFund - Starting enhanced watcher orchestration...
2025-12-03 10:41:39,848 - INFO - HedgeFund - Starting market data feed for symbols: ['ETH-USDT', 'BTC-USDT']
2025-12-03 10:41:39,849 - INFO - HedgeFund - Started watcher: MarketPulse for symbol: BTC-USDT
2025-12-03 10:41:39,849 - INFO - HedgeFund - Started watcher: Volatility for symbol: BTC-USDT
2025-12-03 10:41:39,849 - INFO - HedgeFund - Started watcher: TrendMTF for symbol: BTC-USDT
2025-12-03 10:41:39,849 - INFO - HedgeFund - Started watcher: AnomalyML for symbol: BTC-USDT
2025-12-03 10:41:39,849 - INFO - HedgeFund - Started watcher: OrderFlow for symbol: BTC-USDT
2025-12-03 10:41:39,849 - INFO - HedgeFund - Started 5 watchers
2025-12-03 10:41:39,849 - INFO - HedgeFund - Enhanced watcher orchestration started
2025-12-03 10:41:39,849 - INFO - HedgeFund - Production trading system initialized and monitoring started
2025-12-03 10:41:39,849 - INFO - HedgeFund - Starting production trading system...
2025-12-03 10:41:39,850 - INFO - HedgeFund - Production orchestration loop started
2025-12-03 10:41:39,850 - INFO - HedgeFund - Production trading system started
2025-12-03 10:41:39,851 - INFO - HedgeFund - Enterprise features initialized successfully
2025-12-03 10:41:39,851 - INFO - HedgeFund - Production trading system is now running. Press Ctrl+C to stop.
2025-12-03 10:41:40,123 - WARNING - HedgeFund - Could not fetch data from BingX for ETH-USDT, trying alternative source
2025-12-03 10:41:40,963 - WARNING - HedgeFund - Could not fetch data from BingX for BTC-USDT, trying alternative source
2025-12-03 10:41:42,346 - WARNING - HedgeFund - Could not fetch data from BingX for ETH-USDT, trying alternative source
2025-12-03 10:41:42,597 - WARNING - HedgeFund - Could not fetch data from BingX for BTC-USDT, trying alternative source
2025-12-03 10:41:44,434 - WARNING - HedgeFund - Could not fetch data from BingX for ETH-USDT, trying alternative source
2025-12-03 10:41:44,669 - WARNING - HedgeFund - Could not fetch data from BingX for BTC-USDT, trying alternative source
2025-12-03 10:41:46,529 - WARNING - HedgeFund - Could not fetch data from BingX for ETH-USDT, trying alternative source
2025-12-03 10:41:46,770 - WARNING - HedgeFund - Could not fetch data from BingX for BTC-USDT, trying alternative source
2025-12-03 10:41:48,016 - WARNING - HedgeFund - Could not fetch data from BingX for ETH-USDT, trying alternative source
2025-12-03 10:41:48,280 - WARNING - HedgeFund - Could not fetch data from BingX for BTC-USDT, trying alternative source
2025-12-03 10:41:49,534 - WARNING - HedgeFund - Could not fetch data from BingX for ETH-USDT, trying alternative source
2025-12-03 10:41:49,761 - WARNING - HedgeFund - Could not fetch data from BingX for BTC-USDT, trying alternative source
2025-12-03 10:41:56,018 - WARNING - HedgeFund - Could not fetch data from BingX for ETH-USDT, trying alternative source
2025-12-03 10:41:56,261 - WARNING - HedgeFund - Could not fetch data from BingX for BTC-USDT, trying alternative source
2025-12-03 10:41:58,104 - WARNING - HedgeFund - Could not fetch data from BingX for ETH-USDT, trying alternative source
2025-12-03 10:41:58,346 - WARNING - HedgeFund - Could not fetch data from BingX for BTC-USDT, trying alternative source
2025-12-03 10:41:59,599 - WARNING - HedgeFund - Could not fetch data from BingX for ETH-USDT, trying alternative source
2025-12-03 10:41:59,854 - WARNING - HedgeFund - Could not fetch data from BingX for BTC-USDT, trying alternative source
2025-12-03 10:42:01,105 - WARNING - HedgeFund - Could not fetch data from BingX for ETH-USDT, trying alternative source
2025-12-03 10:42:01,350 - WARNING - HedgeFund - Could not fetch data from BingX for BTC-USDT, trying alternative source
2025-12-03 10:42:02,590 - WARNING - HedgeFund - Could not fetch data from BingX for ETH-USDT, trying alternative source
2025-12-03 10:42:02,861 - WARNING - HedgeFund - Could not fetch data from BingX for BTC-USDT, trying alternative source
2025-12-03 10:42:04,091 - WARNING - HedgeFund - Could not fetch data from BingX for ETH-USDT, trying alternative source
2025-12-03 10:42:04,327 - WARNING - HedgeFund - Could not fetch data from BingX for BTC-USDT, trying alternative source
2025-12-03 10:42:05,615 - WARNING - HedgeFund - Could not fetch data from BingX for ETH-USDT, trying alternative source
2025-12-03 10:42:05,850 - WARNING - HedgeFund - Could not fetch data from BingX for BTC-USDT, trying alternative source
2025-12-03 10:42:07,087 - WARNING - HedgeFund - Could not fetch data from BingX for ETH-USDT, trying alternative source
2025-12-03 10:42:07,329 - WARNING - HedgeFund - Could not fetch data from BingX for BTC-USDT, trying alternative source
2025-12-03 10:42:08,585 - WARNING - HedgeFund - Could not fetch data from BingX for ETH-USDT, trying alternative source
2025-12-03 10:42:08,893 - WARNING - HedgeFund - Could not fetch data from BingX for BTC-USDT, trying alternative source
2025-12-03 10:42:10,148 - WARNING - HedgeFund - Could not fetch data from BingX for ETH-USDT, trying alternative source
2025-12-03 10:42:10,391 - WARNING - HedgeFund - Could not fetch data from BingX for BTC-USDT, trying alternative source
2025-12-03 10:42:11,622 - WARNING - HedgeFund - Could not fetch data from BingX for ETH-USDT, trying alternative source
2025-12-03 10:42:11,851 - WARNING - HedgeFund - Could not fetch data from BingX for BTC-USDT, trying alternative source
2025-12-03 10:42:13,080 - WARNING - HedgeFund - Could not fetch data from BingX for ETH-USDT, trying alternative source
2025-12-03 10:42:13,339 - WARNING - HedgeFund - Could not fetch data from BingX for BTC-USDT, trying alternative source
2025-12-03 10:42:19,597 - WARNING - HedgeFund - Could not fetch data from BingX for ETH-USDT, trying alternative source
2025-12-03 10:42:19,840 - WARNING - HedgeFund - Could not fetch data from BingX for BTC-USDT, trying alternative source
2025-12-03 10:42:21,078 - WARNING - HedgeFund - Could not fetch data from BingX for ETH-USDT, trying alternative source
2025-12-03 10:42:21,313 - WARNING - HedgeFund - Could not fetch data from BingX for BTC-USDT, trying alternative source
2025-12-03 10:42:22,553 - WARNING - HedgeFund - Could not fetch data from BingX for ETH-USDT, trying alternative source
2025-12-03 10:42:27,821 - WARNING - HedgeFund - Could not fetch data from BingX for BTC-USDT, trying alternative source
2025-12-03 10:42:29,060 - WARNING - HedgeFund - Could not fetch data from BingX for ETH-USDT, trying alternative source
2025-12-03 10:42:29,298 - WARNING - HedgeFund - Could not fetch data from BingX for BTC-USDT, trying alternative source
2025-12-03 10:42:30,543 - WARNING - HedgeFund - Could not fetch data from BingX for ETH-USDT, trying alternative source
2025-12-03 10:42:36,012 - WARNING - HedgeFund - Could not fetch data from BingX for BTC-USDT, trying alternative source
2025-12-03 10:42:37,243 - WARNING - HedgeFund - Could not fetch data from BingX for ETH-USDT, trying alternative source
2025-12-03 10:42:37,495 - WARNING - HedgeFund - Could not fetch data from BingX for BTC-USDT, trying alternative source
2025-12-03 14:44:02,317 - INFO - HedgeFund - Added symbol BTC-USDT to watcher monitoring
2025-12-03 14:44:02,321 - INFO - HedgeFund - Insufficient signals for fusion (1 < 2), returning first signal
2025-12-03 14:44:02,324 - INFO - HedgeFund - Fusing 2 signals using weighted_average
2025-12-03 14:44:02,324 - INFO - HedgeFund - Fused signal: type=NEUTRAL, confidence=65.38%, score=0.08461538461538465
2025-12-03 14:44:02,327 - INFO - HedgeFund - Insufficient signals for fusion (1 < 2), returning first signal
2025-12-03 14:44:02,345 - INFO - HedgeFund - Initializing production trading system...
2025-12-03 14:44:02,346 - INFO - HedgeFund - Added symbol BTC-USDT to watcher monitoring
2025-12-03 14:44:02,346 - INFO - HedgeFund - Added symbol ETH-USDT to watcher monitoring
2025-12-03 14:44:02,346 - INFO - HedgeFund - Starting enhanced watcher orchestration...
2025-12-03 14:44:02,346 - INFO - HedgeFund - Starting market data feed for symbols: ['BTC-USDT', 'ETH-USDT']
2025-12-03 14:44:02,348 - INFO - HedgeFund - Started watcher: MarketPulse for symbol: BTC-USDT
2025-12-03 14:44:02,348 - INFO - HedgeFund - Started watcher: Volatility for symbol: BTC-USDT
2025-12-03 14:44:02,348 - INFO - HedgeFund - Started watcher: TrendMTF for symbol: BTC-USDT
2025-12-03 14:44:02,348 - INFO - HedgeFund - Started watcher: AnomalyML for symbol: BTC-USDT
2025-12-03 14:44:02,348 - INFO - HedgeFund - Started watcher: OrderFlow for symbol: BTC-USDT
2025-12-03 14:44:02,348 - INFO - HedgeFund - Started 5 watchers
2025-12-03 14:44:02,348 - INFO - HedgeFund - Enhanced watcher orchestration started
2025-12-03 14:44:02,349 - INFO - HedgeFund - Production trading system initialized and monitoring started
2025-12-03 14:44:12,511 - INFO - HedgeFund - Initializing production trading system...
2025-12-03 14:44:12,511 - INFO - HedgeFund - Added symbol BTC-USDT to watcher monitoring
2025-12-03 14:44:12,512 - INFO - HedgeFund - Added symbol ETH-USDT to watcher monitoring
2025-12-03 14:44:12,512 - INFO - HedgeFund - Starting enhanced watcher orchestration...
2025-12-03 14:44:12,512 - INFO - HedgeFund - Starting market data feed for symbols: ['ETH-USDT', 'BTC-USDT']
2025-12-03 14:44:12,513 - INFO - HedgeFund - Started watcher: MarketPulse for symbol: BTC-USDT
2025-12-03 14:44:12,513 - INFO - HedgeFund - Started watcher: Volatility for symbol: BTC-USDT
2025-12-03 14:44:12,513 - INFO - HedgeFund - Started watcher: TrendMTF for symbol: BTC-USDT
2025-12-03 14:44:12,514 - INFO - HedgeFund - Started watcher: AnomalyML for symbol: BTC-USDT
2025-12-03 14:44:12,514 - INFO - HedgeFund - Started watcher: OrderFlow for symbol: BTC-USDT
2025-12-03 14:44:12,514 - INFO - HedgeFund - Started 5 watchers
2025-12-03 14:44:12,514 - INFO - HedgeFund - Enhanced watcher orchestration started
2025-12-03 14:44:12,514 - INFO - HedgeFund - Production trading system initialized and monitoring started
2025-12-03 14:44:12,526 - INFO - HedgeFund - Insufficient signals for fusion (1 < 2), returning first signal
2025-12-03 14:44:30,074 - INFO - HedgeFund - Added symbol BTC-USDT to watcher monitoring
2025-12-03 14:44:30,079 - INFO - HedgeFund - Initializing production trading system...
2025-12-03 14:44:30,079 - INFO - HedgeFund - Added symbol BTC-USDT to watcher monitoring
2025-12-03 14:44:30,079 - INFO - HedgeFund - Added symbol ETH-USDT to watcher monitoring
2025-12-03 14:44:30,080 - INFO - HedgeFund - Starting enhanced watcher orchestration...
2025-12-03 14:44:30,080 - INFO - HedgeFund - Starting market data feed for symbols: ['ETH-USDT', 'BTC-USDT']
2025-12-03 14:44:30,081 - INFO - HedgeFund - Started watcher: MarketPulse for symbol: BTC-USDT
2025-12-03 14:44:30,081 - INFO - HedgeFund - Started watcher: Volatility for symbol: BTC-USDT
2025-12-03 14:44:30,082 - INFO - HedgeFund - Started watcher: TrendMTF for symbol: BTC-USDT
2025-12-03 14:44:30,082 - INFO - HedgeFund - Started watcher: AnomalyML for symbol: BTC-USDT
2025-12-03 14:44:30,082 - INFO - HedgeFund - Started watcher: OrderFlow for symbol: BTC-USDT
2025-12-03 14:44:30,082 - INFO - HedgeFund - Started 5 watchers
2025-12-03 14:44:30,082 - INFO - HedgeFund - Enhanced watcher orchestration started
2025-12-03 14:44:30,082 - INFO - HedgeFund - Production trading system initialized and monitoring started
2025-12-03 14:45:47,894 - INFO - HedgeFund - Insufficient signals for fusion (1 < 2), returning first signal
2025-12-03 14:45:48,096 - WARNING - HedgeFund - No signals to fuse
2025-12-03 14:45:48,099 - INFO - HedgeFund - Added symbol BTC-USDT to watcher monitoring
2025-12-03 14:45:48,099 - INFO - HedgeFund - Insufficient signals for fusion (1 < 2), returning first signal
2025-12-03 14:45:48,104 - INFO - HedgeFund - Initializing production trading system...
2025-12-03 14:45:48,104 - INFO - HedgeFund - Added symbol BTC-USDT to watcher monitoring
2025-12-03 14:45:48,104 - INFO - HedgeFund - Added symbol ETH-USDT to watcher monitoring
2025-12-03 14:45:48,104 - INFO - HedgeFund - Starting enhanced watcher orchestration...
2025-12-03 14:45:48,104 - INFO - HedgeFund - Starting market data feed for symbols: ['BTC-USDT', 'ETH-USDT']
2025-12-03 14:45:48,105 - INFO - HedgeFund - Started watcher: MarketPulse for symbol: BTC-USDT
2025-12-03 14:45:48,105 - INFO - HedgeFund - Started watcher: Volatility for symbol: BTC-USDT
2025-12-03 14:45:48,106 - INFO - HedgeFund - Started watcher: TrendMTF for symbol: BTC-USDT
2025-12-03 14:45:48,106 - INFO - HedgeFund - Started watcher: AnomalyML for symbol: BTC-USDT
2025-12-03 14:45:48,106 - INFO - HedgeFund - Started watcher: OrderFlow for symbol: BTC-USDT
2025-12-03 14:45:48,106 - INFO - HedgeFund - Started 5 watchers
2025-12-03 14:45:48,106 - INFO - HedgeFund - Enhanced watcher orchestration started
2025-12-03 14:45:48,106 - INFO - HedgeFund - Production trading system initialized and monitoring started
2025-12-03 14:46:44,414 - INFO - HedgeFund - Insufficient signals for fusion (1 < 2), returning first signal
2025-12-03 14:47:08,733 - INFO - HedgeFund - Insufficient signals for fusion (1 < 2), returning first signal
2025-12-03 14:47:08,737 - WARNING - HedgeFund - No signals to fuse
2025-12-03 14:47:08,740 - INFO - HedgeFund - Added symbol BTC-USDT to watcher monitoring
2025-12-03 14:47:08,740 - INFO - HedgeFund - Insufficient signals for fusion (1 < 2), returning first signal
2025-12-03 14:47:08,745 - INFO - HedgeFund - Initializing production trading system...
2025-12-03 14:47:08,745 - INFO - HedgeFund - Added symbol BTC-USDT to watcher monitoring
2025-12-03 14:47:08,746 - INFO - HedgeFund - Added symbol ETH-USDT to watcher monitoring
2025-12-03 14:47:08,746 - INFO - HedgeFund - Starting enhanced watcher orchestration...
2025-12-03 14:47:08,746 - INFO - HedgeFund - Starting market data feed for symbols: ['ETH-USDT', 'BTC-USDT']
2025-12-03 14:47:08,747 - INFO - HedgeFund - Started watcher: MarketPulse for symbol: BTC-USDT
2025-12-03 14:47:08,747 - INFO - HedgeFund - Started watcher: Volatility for symbol: BTC-USDT
2025-12-03 14:47:08,748 - INFO - HedgeFund - Started watcher: TrendMTF for symbol: BTC-USDT
2025-12-03 14:47:08,748 - INFO - HedgeFund - Started watcher: AnomalyML for symbol: BTC-USDT
2025-12-03 14:47:08,748 - INFO - HedgeFund - Started watcher: OrderFlow for symbol: BTC-USDT
2025-12-03 14:47:08,748 - INFO - HedgeFund - Started 5 watchers
2025-12-03 14:47:08,748 - INFO - HedgeFund - Enhanced watcher orchestration started
2025-12-03 14:47:08,748 - INFO - HedgeFund - Production trading system initialized and monitoring started
2025-12-03 14:47:16,198 - INFO - HedgeFund - Added symbol BTC-USDT to watcher monitoring
2025-12-03 14:47:16,201 - INFO - HedgeFund - Insufficient signals for fusion (1 < 2), returning first signal
2025-12-03 14:47:16,205 - INFO - HedgeFund - Fusing 2 signals using weighted_average
2025-12-03 14:47:16,205 - INFO - HedgeFund - Fused signal: type=NEUTRAL, confidence=65.38%, score=0.08461538461538465
2025-12-03 14:47:16,208 - INFO - HedgeFund - Insufficient signals for fusion (1 < 2), returning first signal
2025-12-03 14:47:16,220 - INFO - HedgeFund - Initializing production trading system...
2025-12-03 14:47:16,220 - INFO - HedgeFund - Added symbol BTC-USDT to watcher monitoring
2025-12-03 14:47:16,220 - INFO - HedgeFund - Added symbol ETH-USDT to watcher monitoring
2025-12-03 14:47:16,220 - INFO - HedgeFund - Starting enhanced watcher orchestration...
2025-12-03 14:47:16,220 - INFO - HedgeFund - Starting market data feed for symbols: ['ETH-USDT', 'BTC-USDT']
2025-12-03 14:47:16,221 - INFO - HedgeFund - Started watcher: MarketPulse for symbol: BTC-USDT
2025-12-03 14:47:16,221 - INFO - HedgeFund - Started watcher: Volatility for symbol: BTC-USDT
2025-12-03 14:47:16,222 - INFO - HedgeFund - Started watcher: TrendMTF for symbol: BTC-USDT
2025-12-03 14:47:16,222 - INFO - HedgeFund - Started watcher: AnomalyML for symbol: BTC-USDT
2025-12-03 14:47:16,222 - INFO - HedgeFund - Started watcher: OrderFlow for symbol: BTC-USDT
2025-12-03 14:47:16,222 - INFO - HedgeFund - Started 5 watchers
2025-12-03 14:47:16,222 - INFO - HedgeFund - Enhanced watcher orchestration started
2025-12-03 14:47:16,222 - INFO - HedgeFund - Production trading system initialized and monitoring started
2025-12-03 14:47:16,232 - INFO - HedgeFund - Initializing production trading system...
2025-12-03 14:47:16,232 - INFO - HedgeFund - Added symbol BTC-USDT to watcher monitoring
2025-12-03 14:47:16,232 - INFO - HedgeFund - Added symbol ETH-USDT to watcher monitoring
2025-12-03 14:47:16,232 - INFO - HedgeFund - Starting enhanced watcher orchestration...
2025-12-03 14:47:16,232 - INFO - HedgeFund - Starting market data feed for symbols: ['ETH-USDT', 'BTC-USDT']
2025-12-03 14:47:16,233 - INFO - HedgeFund - Started watcher: MarketPulse for symbol: BTC-USDT
2025-12-03 14:47:16,233 - INFO - HedgeFund - Started watcher: Volatility for symbol: BTC-USDT
2025-12-03 14:47:16,233 - INFO - HedgeFund - Started watcher: TrendMTF for symbol: BTC-USDT
2025-12-03 14:47:16,234 - INFO - HedgeFund - Started watcher: AnomalyML for symbol: BTC-USDT
2025-12-03 14:47:16,234 - INFO - HedgeFund - Started watcher: OrderFlow for symbol: BTC-USDT
2025-12-03 14:47:16,234 - INFO - HedgeFund - Started 5 watchers
2025-12-03 14:47:16,234 - INFO - HedgeFund - Enhanced watcher orchestration started
2025-12-03 14:47:16,234 - INFO - HedgeFund - Production trading system initialized and monitoring started
2025-12-03 14:47:16,240 - INFO - HedgeFund - Insufficient signals for fusion (1 < 2), returning first signal
2025-12-03 14:47:16,262 - INFO - HedgeFund - Added symbol BTC-USDT to watcher monitoring
2025-12-03 14:47:16,267 - INFO - HedgeFund - Initializing production trading system...
2025-12-03 14:47:16,267 - INFO - HedgeFund - Added symbol BTC-USDT to watcher monitoring
2025-12-03 14:47:16,267 - INFO - HedgeFund - Added symbol ETH-USDT to watcher monitoring
2025-12-03 14:47:16,267 - INFO - HedgeFund - Starting enhanced watcher orchestration...
2025-12-03 14:47:16,267 - INFO - HedgeFund - Starting market data feed for symbols: ['ETH-USDT', 'BTC-USDT']
2025-12-03 14:47:16,269 - INFO - HedgeFund - Started watcher: MarketPulse for symbol: BTC-USDT
2025-12-03 14:47:16,269 - INFO - HedgeFund - Started watcher: Volatility for symbol: BTC-USDT
2025-12-03 14:47:16,270 - INFO - HedgeFund - Started watcher: TrendMTF for symbol: BTC-USDT
2025-12-03 14:47:16,270 - INFO - HedgeFund - Started watcher: AnomalyML for symbol: BTC-USDT
2025-12-03 14:47:16,270 - INFO - HedgeFund - Started watcher: OrderFlow for symbol: BTC-USDT
2025-12-03 14:47:16,270 - INFO - HedgeFund - Started 5 watchers
2025-12-03 14:47:16,270 - INFO - HedgeFund - Enhanced watcher orchestration started
2025-12-03 14:47:16,271 - INFO - HedgeFund - Production trading system initialized and monitoring started
2025-12-03 14:49:51,927 - INFO - HedgeFund - Insufficient signals for fusion (1 < 2), returning first signal
2025-12-03 14:49:51,930 - WARNING - HedgeFund - No signals to fuse
2025-12-03 14:49:51,932 - INFO - HedgeFund - Added symbol BTC-USDT to watcher monitoring
2025-12-03 14:49:51,932 - INFO - HedgeFund - Insufficient signals for fusion (1 < 2), returning first signal
2025-12-03 14:49:51,935 - INFO - HedgeFund - Initializing production trading system...
2025-12-03 14:49:51,935 - INFO - HedgeFund - Added symbol BTC-USDT to watcher monitoring
2025-12-03 14:49:51,936 - INFO - HedgeFund - Added symbol ETH-USDT to watcher monitoring
2025-12-03 14:49:51,936 - INFO - HedgeFund - Starting enhanced watcher orchestration...
2025-12-03 14:49:51,936 - INFO - HedgeFund - Starting market data feed for symbols: ['ETH-USDT', 'BTC-USDT']
2025-12-03 14:49:51,937 - INFO - HedgeFund - Started watcher: MarketPulse for symbol: BTC-USDT
2025-12-03 14:49:51,937 - INFO - HedgeFund - Started watcher: Volatility for symbol: BTC-USDT
2025-12-03 14:49:51,937 - INFO - HedgeFund - Started watcher: TrendMTF for symbol: BTC-USDT
2025-12-03 14:49:51,937 - INFO - HedgeFund - Started watcher: AnomalyML for symbol: BTC-USDT
2025-12-03 14:49:51,937 - INFO - HedgeFund - Started watcher: OrderFlow for symbol: BTC-USDT
2025-12-03 14:49:51,937 - INFO - HedgeFund - Started 5 watchers
2025-12-03 14:49:51,938 - INFO - HedgeFund - Enhanced watcher orchestration started
2025-12-03 14:49:51,938 - INFO - HedgeFund - Production trading system initialized and monitoring started
2025-12-03 14:49:59,633 - INFO - HedgeFund - Added symbol BTC-USDT to watcher monitoring
2025-12-03 14:49:59,636 - INFO - HedgeFund - Insufficient signals for fusion (1 < 2), returning first signal
2025-12-03 14:49:59,637 - INFO - HedgeFund - Fusing 2 signals using weighted_average
2025-12-03 14:49:59,638 - INFO - HedgeFund - Fused signal: type=NEUTRAL, confidence=65.38%, score=0.08461538461538465
2025-12-03 14:49:59,639 - INFO - HedgeFund - Insufficient signals for fusion (1 < 2), returning first signal
2025-12-03 14:49:59,647 - INFO - HedgeFund - Initializing production trading system...
2025-12-03 14:49:59,647 - INFO - HedgeFund - Added symbol BTC-USDT to watcher monitoring
2025-12-03 14:49:59,647 - INFO - HedgeFund - Added symbol ETH-USDT to watcher monitoring
2025-12-03 14:49:59,648 - INFO - HedgeFund - Starting enhanced watcher orchestration...
2025-12-03 14:49:59,648 - INFO - HedgeFund - Starting market data feed for symbols: ['BTC-USDT', 'ETH-USDT']
2025-12-03 14:49:59,649 - INFO - HedgeFund - Started watcher: MarketPulse for symbol: BTC-USDT
2025-12-03 14:49:59,649 - INFO - HedgeFund - Started watcher: Volatility for symbol: BTC-USDT
2025-12-03 14:49:59,649 - INFO - HedgeFund - Started watcher: TrendMTF for symbol: BTC-USDT
2025-12-03 14:49:59,649 - INFO - HedgeFund - Started watcher: AnomalyML for symbol: BTC-USDT
2025-12-03 14:49:59,649 - INFO - HedgeFund - Started watcher: OrderFlow for symbol: BTC-USDT
2025-12-03 14:49:59,650 - INFO - HedgeFund - Started 5 watchers
2025-12-03 14:49:59,650 - INFO - HedgeFund - Enhanced watcher orchestration started
2025-12-03 14:49:59,650 - INFO - HedgeFund - Production trading system initialized and monitoring started
2025-12-03 14:49:59,657 - INFO - HedgeFund - Initializing production trading system...
2025-12-03 14:49:59,657 - INFO - HedgeFund - Added symbol BTC-USDT to watcher monitoring
2025-12-03 14:49:59,657 - INFO - HedgeFund - Added symbol ETH-USDT to watcher monitoring
2025-12-03 14:49:59,657 - INFO - HedgeFund - Starting enhanced watcher orchestration...
2025-12-03 14:49:59,657 - INFO - HedgeFund - Starting market data feed for symbols: ['BTC-USDT', 'ETH-USDT']
2025-12-03 14:49:59,658 - INFO - HedgeFund - Started watcher: MarketPulse for symbol: BTC-USDT
2025-12-03 14:49:59,659 - INFO - HedgeFund - Started watcher: Volatility for symbol: BTC-USDT
2025-12-03 14:49:59,659 - INFO - HedgeFund - Started watcher: TrendMTF for symbol: BTC-USDT
2025-12-03 14:49:59,659 - INFO - HedgeFund - Started watcher: AnomalyML for symbol: BTC-USDT
2025-12-03 14:49:59,659 - INFO - HedgeFund - Started watcher: OrderFlow for symbol: BTC-USDT
2025-12-03 14:49:59,660 - INFO - HedgeFund - Started 5 watchers
2025-12-03 14:49:59,660 - INFO - HedgeFund - Enhanced watcher orchestration started
2025-12-03 14:49:59,660 - INFO - HedgeFund - Production trading system initialized and monitoring started
2025-12-03 14:49:59,665 - INFO - HedgeFund - Insufficient signals for fusion (1 < 2), returning first signal
2025-12-03 14:49:59,679 - INFO - HedgeFund - Added symbol BTC-USDT to watcher monitoring
2025-12-03 14:49:59,681 - INFO - HedgeFund - Initializing production trading system...
2025-12-03 14:49:59,681 - INFO - HedgeFund - Added symbol BTC-USDT to watcher monitoring
2025-12-03 14:49:59,682 - INFO - HedgeFund - Added symbol ETH-USDT to watcher monitoring
2025-12-03 14:49:59,682 - INFO - HedgeFund - Starting enhanced watcher orchestration...
2025-12-03 14:49:59,682 - INFO - HedgeFund - Starting market data feed for symbols: ['BTC-USDT', 'ETH-USDT']
2025-12-03 14:49:59,683 - INFO - HedgeFund - Started watcher: MarketPulse for symbol: BTC-USDT
2025-12-03 14:49:59,683 - INFO - HedgeFund - Started watcher: Volatility for symbol: BTC-USDT
2025-12-03 14:49:59,683 - INFO - HedgeFund - Started watcher: TrendMTF for symbol: BTC-USDT
2025-12-03 14:49:59,683 - INFO - HedgeFund - Started watcher: AnomalyML for symbol: BTC-USDT
2025-12-03 14:49:59,684 - INFO - HedgeFund - Started watcher: OrderFlow for symbol: BTC-USDT
2025-12-03 14:49:59,684 - INFO - HedgeFund - Started 5 watchers
2025-12-03 14:49:59,684 - INFO - HedgeFund - Enhanced watcher orchestration started
2025-12-03 14:49:59,684 - INFO - HedgeFund - Production trading system initialized and monitoring started
2025-12-03 14:49:59,687 - INFO - HedgeFund - Insufficient signals for fusion (1 < 2), returning first signal
2025-12-03 14:49:59,689 - WARNING - HedgeFund - No signals to fuse
2025-12-03 14:49:59,691 - INFO - HedgeFund - Added symbol BTC-USDT to watcher monitoring
2025-12-03 14:49:59,691 - INFO - HedgeFund - Insufficient signals for fusion (1 < 2), returning first signal
2025-12-03 14:49:59,693 - INFO - HedgeFund - Initializing production trading system...
2025-12-03 14:49:59,694 - INFO - HedgeFund - Added symbol BTC-USDT to watcher monitoring
2025-12-03 14:49:59,694 - INFO - HedgeFund - Added symbol ETH-USDT to watcher monitoring
2025-12-03 14:49:59,694 - INFO - HedgeFund - Starting enhanced watcher orchestration...
2025-12-03 14:49:59,694 - INFO - HedgeFund - Starting market data feed for symbols: ['BTC-USDT', 'ETH-USDT']
2025-12-03 14:49:59,695 - INFO - HedgeFund - Started watcher: MarketPulse for symbol: BTC-USDT
2025-12-03 14:49:59,696 - INFO - HedgeFund - Started watcher: Volatility for symbol: BTC-USDT
2025-12-03 14:49:59,697 - INFO - HedgeFund - Started watcher: TrendMTF for symbol: BTC-USDT
2025-12-03 14:49:59,697 - INFO - HedgeFund - Started watcher: AnomalyML for symbol: BTC-USDT
2025-12-03 14:49:59,697 - INFO - HedgeFund - Started watcher: OrderFlow for symbol: BTC-USDT
2025-12-03 14:49:59,697 - INFO - HedgeFund - Started 5 watchers
2025-12-03 14:49:59,698 - INFO - HedgeFund - Enhanced watcher orchestration started
2025-12-03 14:49:59,698 - INFO - HedgeFund - Production trading system initialized and monitoring started
2025-12-03 14:50:39,133 - INFO - HedgeFund - Insufficient signals for fusion (1 < 2), returning first signal
2025-12-03 14:58:18,242 - INFO - HedgeFund - Running backtest for TestStrategy on BTC-USDT
2025-12-03 14:58:18,242 - INFO - HedgeFund - Running backtest for BTC-USDT from 2025-11-03 to 2025-12-03
2025-12-03 14:58:18,242 - INFO - HedgeFund - Generating mock historical data for BTC-USDT
2025-12-03 14:58:18,379 - INFO - HedgeFund - Optimizing parameters for TestStrategy
2025-12-03 14:58:18,379 - INFO - HedgeFund - Testing parameter combination 1: {'lookback_period': 10, 'threshold': 0.5}
2025-12-03 14:58:18,379 - INFO - HedgeFund - Running backtest for TestStrategy on BTC-USDT
2025-12-03 14:58:18,379 - INFO - HedgeFund - Running backtest for BTC-USDT from 2025-11-03 to 2025-12-03
2025-12-03 14:58:18,379 - INFO - HedgeFund - Generating mock historical data for BTC-USDT
2025-12-03 14:58:18,381 - INFO - HedgeFund - Selected strategy: TrendFollow
2025-12-03 14:58:18,381 - INFO - HedgeFund - TrendFollow strategy generating signal for BTC-USDT
2025-12-03 14:58:18,382 - INFO - HedgeFund - TrendFollow generated signal: BUY with confidence 75.00%
2025-12-03 14:58:18,387 - INFO - HedgeFund - Selected strategy: TrendFollow
2025-12-03 14:58:18,387 - INFO - HedgeFund - TrendFollow strategy generating signal for BTC-USDT
2025-12-03 14:58:18,387 - INFO - HedgeFund - TrendFollow generated signal: BUY with confidence 75.00%
2025-12-03 14:58:18,387 - INFO - HedgeFund - Selected strategy: MeanReversion
2025-12-03 14:58:18,387 - INFO - HedgeFund - Selected strategy: Scalper
2025-12-03 14:58:18,387 - INFO - HedgeFund - Selected strategy: Breakout
2025-12-03 14:59:10,130 - INFO - HedgeFund - Running backtest for TestStrategy on BTC-USDT
2025-12-03 14:59:10,131 - INFO - HedgeFund - Running backtest for BTC-USDT from 2025-11-03 to 2025-12-03
2025-12-03 14:59:10,131 - INFO - HedgeFund - Generating mock historical data for BTC-USDT
2025-12-03 15:00:05,949 - INFO - HedgeFund - Running backtest for TestStrategy on BTC-USDT
2025-12-03 15:00:05,949 - INFO - HedgeFund - Running backtest for BTC-USDT from 2025-11-03 to 2025-12-03
2025-12-03 15:00:05,949 - INFO - HedgeFund - Generating mock historical data for BTC-USDT
2025-12-03 15:00:06,054 - INFO - HedgeFund - Generated 43201 historical data points for BTC-USDT
2025-12-03 15:00:06,054 - INFO - HedgeFund - Entering long position: 0.021084 BTC at 47428.40
2025-12-03 15:00:06,054 - INFO - HedgeFund - Exiting position: P&L = -4.10 (-0.41%)
2025-12-03 15:00:06,054 - INFO - HedgeFund - Entering long position: 0.020964 BTC at 47680.74
2025-12-03 15:00:06,054 - INFO - HedgeFund - Exiting position: P&L = -10.27 (-1.03%)
2025-12-03 15:00:06,055 - INFO - HedgeFund - Entering long position: 0.021560 BTC at 46316.01
2025-12-03 15:00:06,055 - INFO - HedgeFund - Exiting position: P&L = -8.55 (-0.86%)
2025-12-03 15:00:06,055 - INFO - HedgeFund - Entering long position: 0.022193 BTC at 44955.88
2025-12-03 15:00:06,055 - INFO - HedgeFund - Exiting position: P&L = -1.19 (-0.12%)
2025-12-03 15:00:06,055 - INFO - HedgeFund - Entering long position: 0.021810 BTC at 45739.65
2025-12-03 15:00:06,055 - INFO - HedgeFund - Exiting position: P&L = 7.77 (0.78%)
2025-12-03 15:00:06,055 - INFO - HedgeFund - Entering long position: 0.022308 BTC at 44753.15
2025-12-03 15:00:06,055 - INFO - HedgeFund - Exiting position: P&L = 6.19 (0.62%)
2025-12-03 15:00:06,055 - INFO - HedgeFund - Entering long position: 0.022073 BTC at 45259.08
2025-12-03 15:00:06,055 - INFO - HedgeFund - Exiting position: P&L = -13.05 (-1.31%)
2025-12-03 15:00:06,056 - INFO - HedgeFund - Entering long position: 0.022765 BTC at 43825.83
2025-12-03 15:00:06,056 - INFO - HedgeFund - Exiting position: P&L = -3.80 (-0.38%)
2025-12-03 15:00:06,056 - INFO - HedgeFund - Entering long position: 0.023015 BTC at 43331.93
2025-12-03 15:00:06,056 - INFO - HedgeFund - Exiting position: P&L = -17.58 (-1.76%)
2025-12-03 15:00:06,056 - INFO - HedgeFund - Entering long position: 0.023414 BTC at 42519.51
2025-12-03 15:00:06,056 - INFO - HedgeFund - Exiting position: P&L = -9.99 (-1.00%)
2025-12-03 15:00:06,056 - INFO - HedgeFund - Entering long position: 0.023561 BTC at 42211.61
2025-12-03 15:00:06,056 - INFO - HedgeFund - Exiting position: P&L = -6.74 (-0.68%)
2025-12-03 15:00:06,056 - INFO - HedgeFund - Entering long position: 0.023646 BTC at 42032.03
2025-12-03 15:00:06,056 - INFO - HedgeFund - Exiting position: P&L = -12.84 (-1.29%)
2025-12-03 15:00:06,057 - INFO - HedgeFund - Entering long position: 0.026125 BTC at 37994.31
2025-12-03 15:00:06,057 - INFO - HedgeFund - Exiting position: P&L = -17.36 (-1.75%)
2025-12-03 15:00:06,057 - INFO - HedgeFund - Entering long position: 0.026300 BTC at 37675.13
2025-12-03 15:00:06,057 - INFO - HedgeFund - Exiting position: P&L = 7.81 (0.79%)
2025-12-03 15:00:06,057 - INFO - HedgeFund - Entering long position: 0.026692 BTC at 37151.36
2025-12-03 15:00:06,057 - INFO - HedgeFund - Exiting position: P&L = 1.77 (0.18%)
2025-12-03 15:00:06,057 - INFO - HedgeFund - Entering long position: 0.026244 BTC at 37791.95
2025-12-03 15:00:06,057 - INFO - HedgeFund - Exiting position: P&L = -26.82 (-2.70%)
2025-12-03 15:00:06,057 - INFO - HedgeFund - Entering long position: 0.026644 BTC at 37123.11
2025-12-03 15:00:06,057 - INFO - HedgeFund - Exiting position: P&L = -26.49 (-2.68%)
2025-12-03 15:00:06,057 - INFO - HedgeFund - Entering long position: 0.030096 BTC at 32777.22
2025-12-03 15:00:06,057 - INFO - HedgeFund - Exiting position: P&L = -6.93 (-0.70%)
2025-12-03 15:00:06,058 - INFO - HedgeFund - Entering long position: 0.030554 BTC at 32263.62
2025-12-03 15:00:06,058 - INFO - HedgeFund - Exiting position: P&L = -8.02 (-0.81%)
2025-12-03 15:00:06,058 - INFO - HedgeFund - Entering long position: 0.030285 BTC at 32523.52
2025-12-03 15:00:06,058 - INFO - HedgeFund - Exiting position: P&L = -19.72 (-2.00%)
2025-12-03 15:00:06,058 - INFO - HedgeFund - Entering long position: 0.031110 BTC at 31598.12
2025-12-03 15:00:06,058 - INFO - HedgeFund - Exiting position: P&L = -12.48 (-1.27%)
2025-12-03 15:00:06,058 - INFO - HedgeFund - Entering long position: 0.031176 BTC at 31491.06
2025-12-03 15:00:06,058 - INFO - HedgeFund - Exiting position: P&L = -13.34 (-1.36%)
2025-12-03 15:00:06,058 - INFO - HedgeFund - Entering long position: 0.030869 BTC at 31760.87
2025-12-03 15:00:06,058 - INFO - HedgeFund - Exiting position: P&L = 15.87 (1.62%)
2025-12-03 15:00:06,058 - INFO - HedgeFund - Entering long position: 0.030630 BTC at 32060.96
2025-12-03 15:00:06,058 - INFO - HedgeFund - Exiting position: P&L = -23.96 (-2.44%)
2025-12-03 15:00:06,058 - INFO - HedgeFund - Entering long position: 0.031621 BTC at 30980.43
2025-12-03 15:00:06,059 - INFO - HedgeFund - Exiting position: P&L = -1.55 (-0.16%)
2025-12-03 15:00:06,059 - INFO - HedgeFund - Entering long position: 0.031623 BTC at 30973.12
2025-12-03 15:00:06,059 - INFO - HedgeFund - Exiting position: P&L = 22.83 (2.33%)
2025-12-03 15:00:06,059 - INFO - HedgeFund - Entering long position: 0.030672 BTC at 32007.48
2025-12-03 15:00:06,059 - INFO - HedgeFund - Exiting position: P&L = -6.23 (-0.64%)
2025-12-03 15:00:06,059 - INFO - HedgeFund - Entering long position: 0.030452 BTC at 32218.95
2025-12-03 15:00:06,059 - INFO - HedgeFund - Exiting position: P&L = 11.92 (1.21%)
2025-12-03 15:00:06,059 - INFO - HedgeFund - Entering long position: 0.029987 BTC at 32757.70
2025-12-03 15:00:06,059 - INFO - HedgeFund - Exiting position: P&L = 83.11 (8.46%)
2025-12-03 15:00:06,059 - INFO - HedgeFund - Entering long position: 0.029345 BTC at 33758.24
2025-12-03 15:00:06,059 - INFO - HedgeFund - Exiting position: P&L = -3.91 (-0.39%)
2025-12-03 15:00:06,059 - INFO - HedgeFund - Entering long position: 0.028895 BTC at 34270.69
2025-12-03 15:00:06,059 - INFO - HedgeFund - Exiting position: P&L = -19.86 (-2.01%)
2025-12-03 15:00:06,060 - INFO - HedgeFund - Entering long position: 0.031896 BTC at 30983.75
2025-12-03 15:00:06,060 - INFO - HedgeFund - Exiting position: P&L = -6.30 (-0.64%)
2025-12-03 15:00:06,060 - INFO - HedgeFund - Entering long position: 0.031778 BTC at 31079.22
2025-12-03 15:00:06,060 - INFO - HedgeFund - Exiting position: P&L = -13.57 (-1.37%)
2025-12-03 15:00:06,060 - INFO - HedgeFund - Entering long position: 0.031371 BTC at 31438.46
2025-12-03 15:00:06,060 - INFO - HedgeFund - Exiting position: P&L = -19.17 (-1.94%)
2025-12-03 15:00:06,060 - INFO - HedgeFund - Entering long position: 0.031951 BTC at 30808.31
2025-12-03 15:00:06,060 - INFO - HedgeFund - Exiting position: P&L = 21.41 (2.18%)
2025-12-03 15:00:06,060 - INFO - HedgeFund - Entering long position: 0.030960 BTC at 31863.23
2025-12-03 15:00:06,060 - INFO - HedgeFund - Exiting position: P&L = 8.54 (0.87%)
2025-12-03 15:00:06,060 - INFO - HedgeFund - Entering long position: 0.031881 BTC at 30969.11
2025-12-03 15:00:06,060 - INFO - HedgeFund - Exiting position: P&L = 8.45 (0.86%)
2025-12-03 15:00:06,060 - INFO - HedgeFund - Entering long position: 0.031867 BTC at 31009.53
2025-12-03 15:00:06,060 - INFO - HedgeFund - Exiting position: P&L = -2.42 (-0.24%)
2025-12-03 15:00:06,061 - INFO - HedgeFund - Entering long position: 0.031836 BTC at 31032.17
2025-12-03 15:00:06,061 - INFO - HedgeFund - Exiting position: P&L = -7.67 (-0.78%)
2025-12-03 15:00:06,061 - INFO - HedgeFund - Entering long position: 0.031767 BTC at 31075.25
2025-12-03 15:00:06,061 - INFO - HedgeFund - Exiting position: P&L = 9.67 (0.98%)
2025-12-03 15:00:06,061 - INFO - HedgeFund - Entering long position: 0.031186 BTC at 31685.15
2025-12-03 15:00:06,061 - INFO - HedgeFund - Exiting position: P&L = -1.91 (-0.19%)
2025-12-03 15:00:06,061 - INFO - HedgeFund - Entering long position: 0.031242 BTC at 31622.81
2025-12-03 15:00:06,061 - INFO - HedgeFund - Exiting position: P&L = -16.99 (-1.72%)
2025-12-03 15:00:06,061 - INFO - HedgeFund - Entering long position: 0.031061 BTC at 31751.84
2025-12-03 15:00:06,061 - INFO - HedgeFund - Exiting position: P&L = -0.81 (-0.08%)
2025-12-03 15:00:06,061 - INFO - HedgeFund - Entering long position: 0.031087 BTC at 31723.01
2025-12-03 15:00:06,061 - INFO - HedgeFund - Exiting position: P&L = -12.45 (-1.26%)
2025-12-03 15:00:06,061 - INFO - HedgeFund - Entering long position: 0.031078 BTC at 31692.49
2025-12-03 15:00:06,061 - INFO - HedgeFund - Exiting position: P&L = 16.00 (1.62%)
2025-12-03 15:00:06,061 - INFO - HedgeFund - Entering long position: 0.030478 BTC at 32368.54
2025-12-03 15:00:06,062 - INFO - HedgeFund - Exiting position: P&L = 14.40 (1.46%)
2025-12-03 15:00:06,062 - INFO - HedgeFund - Entering long position: 0.029719 BTC at 33243.63
2025-12-03 15:00:06,062 - INFO - HedgeFund - Exiting position: P&L = 32.37 (3.28%)
2025-12-03 15:00:06,062 - INFO - HedgeFund - Entering long position: 0.028645 BTC at 34602.92
2025-12-03 15:00:06,062 - INFO - HedgeFund - Exiting position: P&L = -17.81 (-1.80%)
2025-12-03 15:00:06,062 - INFO - HedgeFund - Entering long position: 0.028834 BTC at 34314.73
2025-12-03 15:00:06,062 - INFO - HedgeFund - Exiting position: P&L = -4.80 (-0.48%)
2025-12-03 15:00:06,062 - INFO - HedgeFund - Entering long position: 0.029317 BTC at 33733.09
2025-12-03 15:00:06,062 - INFO - HedgeFund - Exiting position: P&L = -4.32 (-0.44%)
2025-12-03 15:00:06,062 - INFO - HedgeFund - Entering long position: 0.029011 BTC at 34073.37
2025-12-03 15:00:06,062 - INFO - HedgeFund - Exiting position: P&L = -13.55 (-1.37%)
2025-12-03 15:00:06,062 - INFO - HedgeFund - Entering long position: 0.030744 BTC at 32109.39
2025-12-03 15:00:06,063 - INFO - HedgeFund - Exiting position: P&L = -17.10 (-1.73%)
2025-12-03 15:00:06,063 - INFO - HedgeFund - Entering long position: 0.031646 BTC at 31140.09
2025-12-03 15:00:06,063 - INFO - HedgeFund - Exiting position: P&L = -25.52 (-2.59%)
2025-12-03 15:00:06,063 - INFO - HedgeFund - Entering long position: 0.032149 BTC at 30573.52
2025-12-03 15:00:06,063 - INFO - HedgeFund - Exiting position: P&L = -3.19 (-0.32%)
2025-12-03 15:00:06,063 - INFO - HedgeFund - Entering long position: 0.031872 BTC at 30828.75
2025-12-03 15:00:06,063 - INFO - HedgeFund - Exiting position: P&L = 12.58 (1.28%)
2025-12-03 15:00:06,063 - INFO - HedgeFund - Entering long position: 0.031114 BTC at 31620.68
2025-12-03 15:00:06,063 - INFO - HedgeFund - Exiting position: P&L = -24.81 (-2.52%)
2025-12-03 15:00:06,063 - INFO - HedgeFund - Entering long position: 0.031973 BTC at 30692.99
2025-12-03 15:00:06,063 - INFO - HedgeFund - Exiting position: P&L = 0.99 (0.10%)
2025-12-03 15:00:06,064 - INFO - HedgeFund - Entering long position: 0.031767 BTC at 30895.14
2025-12-03 15:00:06,064 - INFO - HedgeFund - Exiting position: P&L = -2.68 (-0.27%)
2025-12-03 15:00:06,064 - INFO - HedgeFund - Entering long position: 0.031767 BTC at 30886.98
2025-12-03 15:00:06,064 - INFO - HedgeFund - Exiting position: P&L = -22.63 (-2.31%)
2025-12-03 15:00:06,064 - INFO - HedgeFund - Entering long position: 0.031821 BTC at 30763.54
2025-12-03 15:00:06,064 - INFO - HedgeFund - Exiting position: P&L = -3.09 (-0.32%)
2025-12-03 15:00:06,064 - INFO - HedgeFund - Entering long position: 0.031560 BTC at 31008.06
2025-12-03 15:00:06,064 - INFO - HedgeFund - Exiting position: P&L = 53.00 (5.42%)
2025-12-03 15:00:06,064 - INFO - HedgeFund - Entering long position: 0.029644 BTC at 33190.75
2025-12-03 15:00:06,064 - INFO - HedgeFund - Exiting position: P&L = 16.02 (1.63%)
2025-12-03 15:00:06,064 - INFO - HedgeFund - Entering long position: 0.029122 BTC at 33840.50
2025-12-03 15:00:06,064 - INFO - HedgeFund - Exiting position: P&L = 5.00 (0.51%)
2025-12-03 15:00:06,064 - INFO - HedgeFund - Entering long position: 0.028870 BTC at 34153.89
2025-12-03 15:00:06,065 - INFO - HedgeFund - Exiting position: P&L = 4.27 (0.43%)
2025-12-03 15:00:06,065 - INFO - HedgeFund - Entering long position: 0.028069 BTC at 35143.27
2025-12-03 15:00:06,065 - INFO - HedgeFund - Exiting position: P&L = -1.96 (-0.20%)
2025-12-03 15:00:06,065 - INFO - HedgeFund - Entering long position: 0.027898 BTC at 35351.83
2025-12-03 15:00:06,065 - INFO - HedgeFund - Exiting position: P&L = 23.25 (2.36%)
2025-12-03 15:00:06,065 - INFO - HedgeFund - Entering long position: 0.026994 BTC at 36621.45
2025-12-03 15:00:06,065 - INFO - HedgeFund - Exiting position: P&L = -4.18 (-0.42%)
2025-12-03 15:00:06,065 - INFO - HedgeFund - Entering long position: 0.027207 BTC at 36319.75
2025-12-03 15:00:06,065 - INFO - HedgeFund - Exiting position: P&L = -9.24 (-0.94%)
2025-12-03 15:00:06,065 - INFO - HedgeFund - Entering long position: 0.027756 BTC at 35568.28
2025-12-03 15:00:06,065 - INFO - HedgeFund - Exiting position: P&L = -13.80 (-1.40%)
2025-12-03 15:00:06,065 - INFO - HedgeFund - Entering long position: 0.028585 BTC at 34487.98
2025-12-03 15:00:06,066 - INFO - HedgeFund - Exiting position: P&L = -8.54 (-0.87%)
2025-12-03 15:00:06,066 - INFO - HedgeFund - Entering long position: 0.028538 BTC at 34515.52
2025-12-03 15:00:06,066 - INFO - HedgeFund - Exiting position: P&L = -8.46 (-0.86%)
2025-12-03 15:00:06,066 - INFO - HedgeFund - Entering long position: 0.028824 BTC at 34143.37
2025-12-03 15:00:06,066 - INFO - HedgeFund - Exiting position: P&L = 13.17 (1.34%)
2025-12-03 15:00:06,066 - INFO - HedgeFund - Entering long position: 0.028560 BTC at 34504.52
2025-12-03 15:00:06,066 - INFO - HedgeFund - Exiting position: P&L = 39.68 (4.03%)
2025-12-03 15:00:06,066 - INFO - HedgeFund - Entering long position: 0.027361 BTC at 36162.62
2025-12-03 15:00:06,066 - INFO - HedgeFund - Exiting position: P&L = -18.08 (-1.83%)
2025-12-03 15:00:06,066 - INFO - HedgeFund - Entering long position: 0.028758 BTC at 34342.61
2025-12-03 15:00:06,066 - INFO - HedgeFund - Exiting position: P&L = 40.22 (4.07%)
2025-12-03 15:00:06,066 - INFO - HedgeFund - Entering long position: 0.027916 BTC at 35523.02
2025-12-03 15:00:06,067 - INFO - HedgeFund - Exiting position: P&L = -16.72 (-1.69%)
2025-12-03 15:00:06,067 - INFO - HedgeFund - Entering long position: 0.028015 BTC at 35337.25
2025-12-03 15:00:06,067 - INFO - HedgeFund - Exiting position: P&L = 5.57 (0.56%)
2025-12-03 15:00:06,067 - INFO - HedgeFund - Entering long position: 0.028164 BTC at 35170.51
2025-12-03 15:00:06,067 - INFO - HedgeFund - Exiting position: P&L = -0.63 (-0.06%)
2025-12-03 15:00:06,067 - INFO - HedgeFund - Entering long position: 0.028149 BTC at 35187.14
2025-12-03 15:00:06,067 - INFO - HedgeFund - Exiting position: P&L = -9.72 (-0.98%)
2025-12-03 15:00:06,067 - INFO - HedgeFund - Entering long position: 0.028728 BTC at 34443.50
2025-12-03 15:00:06,067 - INFO - HedgeFund - Exiting position: P&L = 0.97 (0.10%)
2025-12-03 15:00:06,067 - INFO - HedgeFund - Entering long position: 0.028627 BTC at 34567.93
2025-12-03 15:00:06,067 - INFO - HedgeFund - Exiting position: P&L = -12.26 (-1.24%)
2025-12-03 15:00:06,067 - INFO - HedgeFund - Entering long position: 0.029882 BTC at 33075.34
2025-12-03 15:00:06,067 - INFO - HedgeFund - Exiting position: P&L = -12.40 (-1.25%)
2025-12-03 15:00:06,068 - INFO - HedgeFund - Entering long position: 0.030641 BTC at 32215.87
2025-12-03 15:00:06,068 - INFO - HedgeFund - Exiting position: P&L = -4.30 (-0.44%)
2025-12-03 15:00:06,068 - INFO - HedgeFund - Entering long position: 0.030607 BTC at 32237.92
2025-12-03 15:00:06,068 - INFO - HedgeFund - Exiting position: P&L = -5.16 (-0.52%)
2025-12-03 15:00:06,068 - INFO - HedgeFund - Entering long position: 0.030535 BTC at 32296.51
2025-12-03 15:00:06,068 - INFO - HedgeFund - Exiting position: P&L = -12.78 (-1.30%)
2025-12-03 15:00:06,068 - INFO - HedgeFund - Entering long position: 0.030481 BTC at 32312.11
2025-12-03 15:00:06,068 - INFO - HedgeFund - Exiting position: P&L = -6.59 (-0.67%)
2025-12-03 15:00:06,068 - INFO - HedgeFund - Entering long position: 0.030629 BTC at 32134.03
2025-12-03 15:00:06,068 - INFO - HedgeFund - Exiting position: P&L = -2.95 (-0.30%)
2025-12-03 15:00:06,068 - INFO - HedgeFund - Entering long position: 0.031261 BTC at 31475.34
2025-12-03 15:00:06,069 - INFO - HedgeFund - Exiting position: P&L = 28.93 (2.94%)
2025-12-03 15:00:06,069 - INFO - HedgeFund - Entering long position: 0.030159 BTC at 32721.37
2025-12-03 15:00:06,069 - INFO - HedgeFund - Exiting position: P&L = -11.75 (-1.19%)
2025-12-03 15:00:06,069 - INFO - HedgeFund - Entering long position: 0.030449 BTC at 32370.57
2025-12-03 15:00:06,069 - INFO - HedgeFund - Exiting position: P&L = 5.25 (0.53%)
2025-12-03 15:00:06,069 - INFO - HedgeFund - Entering long position: 0.030172 BTC at 32686.13
2025-12-03 15:00:06,069 - INFO - HedgeFund - Exiting position: P&L = 5.45 (0.55%)
2025-12-03 15:00:06,069 - INFO - HedgeFund - Entering long position: 0.029470 BTC at 33482.76
2025-12-03 15:00:06,069 - INFO - HedgeFund - Exiting position: P&L = -7.48 (-0.76%)
2025-12-03 15:00:06,069 - INFO - HedgeFund - Entering long position: 0.029391 BTC at 33546.81
2025-12-03 15:00:06,069 - INFO - HedgeFund - Exiting position: P&L = 7.11 (0.72%)
2025-12-03 15:00:06,069 - INFO - HedgeFund - Entering long position: 0.029059 BTC at 33954.80
2025-12-03 15:00:06,069 - INFO - HedgeFund - Exiting position: P&L = -14.70 (-1.49%)
2025-12-03 15:00:06,070 - INFO - HedgeFund - Entering long position: 0.029401 BTC at 33510.40
2025-12-03 15:00:06,070 - INFO - HedgeFund - Exiting position: P&L = -0.42 (-0.04%)
2025-12-03 15:00:06,070 - INFO - HedgeFund - Entering long position: 0.029118 BTC at 33834.34
2025-12-03 15:00:06,070 - INFO - HedgeFund - Exiting position: P&L = -1.69 (-0.17%)
2025-12-03 15:00:06,070 - INFO - HedgeFund - Entering long position: 0.028771 BTC at 34236.46
2025-12-03 15:00:06,070 - INFO - HedgeFund - Exiting position: P&L = -1.42 (-0.14%)
2025-12-03 15:00:06,070 - INFO - HedgeFund - Entering long position: 0.028589 BTC at 34449.02
2025-12-03 15:00:06,070 - INFO - HedgeFund - Exiting position: P&L = -3.94 (-0.40%)
2025-12-03 15:00:06,070 - INFO - HedgeFund - Entering long position: 0.028434 BTC at 34623.50
2025-12-03 15:00:06,070 - INFO - HedgeFund - Exiting position: P&L = -16.59 (-1.68%)
2025-12-03 15:00:06,070 - INFO - HedgeFund - Entering long position: 0.028139 BTC at 34927.97
2025-12-03 15:00:06,070 - INFO - HedgeFund - Exiting position: P&L = 0.44 (0.05%)
2025-12-03 15:00:06,070 - INFO - HedgeFund - Entering long position: 0.027707 BTC at 35474.08
2025-12-03 15:00:06,070 - INFO - HedgeFund - Exiting position: P&L = -3.15 (-0.32%)
2025-12-03 15:00:06,071 - INFO - HedgeFund - Entering long position: 0.027452 BTC at 35791.80
2025-12-03 15:00:06,071 - INFO - HedgeFund - Exiting position: P&L = -9.31 (-0.95%)
2025-12-03 15:00:06,071 - INFO - HedgeFund - Entering long position: 0.028373 BTC at 34597.37
2025-12-03 15:00:06,071 - INFO - HedgeFund - Exiting position: P&L = -12.20 (-1.24%)
2025-12-03 15:00:06,071 - INFO - HedgeFund - Entering long position: 0.029332 BTC at 33423.95
2025-12-03 15:00:06,071 - INFO - HedgeFund - Exiting position: P&L = -0.46 (-0.05%)
2025-12-03 15:00:06,071 - INFO - HedgeFund - Entering long position: 0.029142 BTC at 33640.81
2025-12-03 15:00:06,071 - INFO - HedgeFund - Exiting position: P&L = 7.49 (0.76%)
2025-12-03 15:00:06,071 - INFO - HedgeFund - Entering long position: 0.028600 BTC at 34303.92
2025-12-03 15:00:06,071 - INFO - HedgeFund - Exiting position: P&L = -2.63 (-0.27%)
2025-12-03 15:00:06,071 - INFO - HedgeFund - Entering long position: 0.028556 BTC at 34348.62
2025-12-03 15:00:06,071 - INFO - HedgeFund - Exiting position: P&L = -0.95 (-0.10%)
2025-12-03 15:00:06,072 - INFO - HedgeFund - Entering long position: 0.028177 BTC at 34807.02
2025-12-03 15:00:06,072 - INFO - HedgeFund - Exiting position: P&L = -16.61 (-1.69%)
2025-12-03 15:00:06,072 - INFO - HedgeFund - Entering long position: 0.028166 BTC at 34761.44
2025-12-03 15:00:06,072 - INFO - HedgeFund - Exiting position: P&L = 41.61 (4.25%)
2025-12-03 15:00:06,072 - INFO - HedgeFund - Entering long position: 0.026741 BTC at 36769.37
2025-12-03 15:00:06,072 - INFO - HedgeFund - Exiting position: P&L = -7.36 (-0.75%)
2025-12-03 15:00:06,072 - INFO - HedgeFund - Entering long position: 0.026454 BTC at 37141.06
2025-12-03 15:00:06,072 - INFO - HedgeFund - Exiting position: P&L = -17.85 (-1.82%)
2025-12-03 15:00:06,073 - INFO - HedgeFund - Entering long position: 0.026819 BTC at 36568.61
2025-12-03 15:00:06,073 - INFO - HedgeFund - Exiting position: P&L = -8.71 (-0.89%)
2025-12-03 15:00:06,073 - INFO - HedgeFund - Entering long position: 0.027165 BTC at 36070.00
2025-12-03 15:00:06,073 - INFO - HedgeFund - Exiting position: P&L = -2.02 (-0.21%)
2025-12-03 15:00:06,073 - INFO - HedgeFund - Entering long position: 0.027196 BTC at 36022.26
2025-12-03 15:00:06,073 - INFO - HedgeFund - Exiting position: P&L = -6.83 (-0.70%)
2025-12-03 15:00:06,073 - INFO - HedgeFund - Entering long position: 0.028429 BTC at 34435.45
2025-12-03 15:00:06,073 - INFO - HedgeFund - Exiting position: P&L = 6.04 (0.62%)
2025-12-03 15:00:06,073 - INFO - HedgeFund - Entering long position: 0.028311 BTC at 34600.90
2025-12-03 15:00:06,073 - INFO - HedgeFund - Exiting position: P&L = -5.69 (-0.58%)
2025-12-03 15:00:06,073 - INFO - HedgeFund - Entering long position: 0.028515 BTC at 34332.54
2025-12-03 15:00:06,073 - INFO - HedgeFund - Exiting position: P&L = -19.92 (-2.03%)
2025-12-03 15:00:06,073 - INFO - HedgeFund - Entering long position: 0.028741 BTC at 33994.34
2025-12-03 15:00:06,074 - INFO - HedgeFund - Exiting position: P&L = -16.24 (-1.66%)
2025-12-03 15:00:06,074 - INFO - HedgeFund - Entering long position: 0.028728 BTC at 33952.19
2025-12-03 15:00:06,074 - INFO - HedgeFund - Exiting position: P&L = -13.22 (-1.36%)
2025-12-03 15:00:06,074 - INFO - HedgeFund - Entering long position: 0.028787 BTC at 33836.80
2025-12-03 15:00:06,074 - INFO - HedgeFund - Exiting position: P&L = 0.82 (0.08%)
2025-12-03 15:00:06,074 - INFO - HedgeFund - Entering long position: 0.028528 BTC at 34146.93
2025-12-03 15:00:06,074 - INFO - HedgeFund - Exiting position: P&L = -2.20 (-0.23%)
2025-12-03 15:00:06,074 - INFO - HedgeFund - Entering long position: 0.028211 BTC at 34523.38
2025-12-03 15:00:06,074 - INFO - HedgeFund - Exiting position: P&L = -5.25 (-0.54%)
2025-12-03 15:00:06,074 - INFO - HedgeFund - Entering long position: 0.027958 BTC at 34816.38
2025-12-03 15:00:06,074 - INFO - HedgeFund - Exiting position: P&L = -5.64 (-0.58%)
2025-12-03 15:00:06,074 - INFO - HedgeFund - Entering long position: 0.028229 BTC at 34461.95
2025-12-03 15:00:06,074 - INFO - HedgeFund - Exiting position: P&L = 57.29 (5.89%)
2025-12-03 15:00:06,075 - INFO - HedgeFund - Entering long position: 0.026949 BTC at 36312.08
2025-12-03 15:00:06,075 - INFO - HedgeFund - Exiting position: P&L = -11.73 (-1.20%)
2025-12-03 15:00:06,075 - INFO - HedgeFund - Entering long position: 0.029931 BTC at 32654.50
2025-12-03 15:00:06,075 - INFO - HedgeFund - Exiting position: P&L = -7.72 (-0.79%)
2025-12-03 15:00:06,075 - INFO - HedgeFund - Entering long position: 0.030270 BTC at 32263.56
2025-12-03 15:00:06,075 - INFO - HedgeFund - Exiting position: P&L = -15.18 (-1.55%)
2025-12-03 15:00:06,075 - INFO - HedgeFund - Entering long position: 0.030407 BTC at 32068.46
2025-12-03 15:00:06,075 - INFO - HedgeFund - Exiting position: P&L = -5.74 (-0.59%)
2025-12-03 15:00:06,075 - INFO - HedgeFund - Entering long position: 0.030486 BTC at 31966.07
2025-12-03 15:00:06,075 - INFO - HedgeFund - Exiting position: P&L = -6.59 (-0.68%)
2025-12-03 15:00:06,075 - INFO - HedgeFund - Entering long position: 0.030327 BTC at 32112.41
2025-12-03 15:00:06,076 - INFO - HedgeFund - Exiting position: P&L = 32.44 (3.33%)
2025-12-03 15:00:06,076 - INFO - HedgeFund - Entering long position: 0.029699 BTC at 32901.16
2025-12-03 15:00:06,076 - INFO - HedgeFund - Exiting position: P&L = -4.34 (-0.44%)
2025-12-03 15:00:06,076 - INFO - HedgeFund - Entering long position: 0.030429 BTC at 32097.12
2025-12-03 15:00:06,076 - INFO - HedgeFund - Exiting position: P&L = 54.49 (5.58%)
2025-12-03 15:00:06,076 - INFO - HedgeFund - Entering long position: 0.028759 BTC at 34150.39
2025-12-03 15:00:06,076 - INFO - HedgeFund - Exiting position: P&L = -6.85 (-0.70%)
2025-12-03 15:00:06,076 - INFO - HedgeFund - Entering long position: 0.028563 BTC at 34361.00
2025-12-03 15:00:06,076 - INFO - HedgeFund - Exiting position: P&L = -7.21 (-0.73%)
2025-12-03 15:00:06,076 - INFO - HedgeFund - Entering long position: 0.028375 BTC at 34563.54
2025-12-03 15:00:06,076 - INFO - HedgeFund - Exiting position: P&L = -1.31 (-0.13%)
2025-12-03 15:00:06,076 - INFO - HedgeFund - Entering long position: 0.028802 BTC at 34046.71
2025-12-03 15:00:06,077 - INFO - HedgeFund - Exiting position: P&L = -11.94 (-1.22%)
2025-12-03 15:00:06,077 - INFO - HedgeFund - Entering long position: 0.028791 BTC at 34018.22
2025-12-03 15:00:06,077 - INFO - HedgeFund - Exiting position: P&L = -0.96 (-0.10%)
2025-12-03 15:00:06,077 - INFO - HedgeFund - Entering long position: 0.028960 BTC at 33815.43
2025-12-03 15:00:06,077 - INFO - HedgeFund - Exiting position: P&L = 17.76 (1.81%)
2025-12-03 15:00:06,077 - INFO - HedgeFund - Entering long position: 0.028919 BTC at 33924.99
2025-12-03 15:00:06,077 - INFO - HedgeFund - Exiting position: P&L = 23.76 (2.42%)
2025-12-03 15:00:06,077 - INFO - HedgeFund - Entering long position: 0.027920 BTC at 35224.49
2025-12-03 15:00:06,077 - INFO - HedgeFund - Exiting position: P&L = -15.36 (-1.56%)
2025-12-03 15:00:06,077 - INFO - HedgeFund - Entering long position: 0.029907 BTC at 32831.98
2025-12-03 15:00:06,077 - INFO - HedgeFund - Exiting position: P&L = 0.40 (0.04%)
2025-12-03 15:00:06,077 - INFO - HedgeFund - Entering long position: 0.029499 BTC at 33287.99
2025-12-03 15:00:06,077 - INFO - HedgeFund - Exiting position: P&L = -23.54 (-2.40%)
2025-12-03 15:00:06,078 - INFO - HedgeFund - Entering long position: 0.031203 BTC at 31394.21
2025-12-03 15:00:06,078 - INFO - HedgeFund - Exiting position: P&L = -13.53 (-1.38%)
2025-12-03 15:00:06,078 - INFO - HedgeFund - Entering long position: 0.031465 BTC at 31089.94
2025-12-03 15:00:06,078 - INFO - HedgeFund - Exiting position: P&L = -7.25 (-0.74%)
2025-12-03 15:00:06,078 - INFO - HedgeFund - Entering long position: 0.031490 BTC at 31042.82
2025-12-03 15:00:06,078 - INFO - HedgeFund - Exiting position: P&L = -12.15 (-1.24%)
2025-12-03 15:00:06,078 - INFO - HedgeFund - Entering long position: 0.031134 BTC at 31358.52
2025-12-03 15:00:06,078 - INFO - HedgeFund - Exiting position: P&L = -4.20 (-0.43%)
2025-12-03 15:00:06,078 - INFO - HedgeFund - Entering long position: 0.031035 BTC at 31444.59
2025-12-03 15:00:06,078 - INFO - HedgeFund - Exiting position: P&L = -6.06 (-0.62%)
2025-12-03 15:00:06,078 - INFO - HedgeFund - Entering long position: 0.031468 BTC at 30993.07
2025-12-03 15:00:06,079 - INFO - HedgeFund - Exiting position: P&L = -0.06 (-0.01%)
2025-12-03 15:00:06,079 - INFO - HedgeFund - Entering long position: 0.031362 BTC at 31097.73
2025-12-03 15:00:06,079 - INFO - HedgeFund - Exiting position: P&L = -3.85 (-0.40%)
2025-12-03 15:00:06,079 - INFO - HedgeFund - Entering long position: 0.031709 BTC at 30744.70
2025-12-03 15:00:06,079 - INFO - HedgeFund - Exiting position: P&L = -1.51 (-0.15%)
2025-12-03 15:00:06,079 - INFO - HedgeFund - Entering long position: 0.031674 BTC at 30774.49
2025-12-03 15:00:06,079 - INFO - HedgeFund - Exiting position: P&L = -9.20 (-0.94%)
2025-12-03 15:00:06,080 - INFO - HedgeFund - Entering long position: 0.032153 BTC at 30287.14
2025-12-03 15:00:06,080 - INFO - HedgeFund - Exiting position: P&L = -11.57 (-1.19%)
2025-12-03 15:00:06,080 - INFO - HedgeFund - Entering long position: 0.032209 BTC at 30198.76
2025-12-03 15:00:06,080 - INFO - HedgeFund - Exiting position: P&L = -13.90 (-1.43%)
2025-12-03 15:00:06,080 - INFO - HedgeFund - Entering long position: 0.034387 BTC at 28245.87
2025-12-03 15:00:06,080 - INFO - HedgeFund - Exiting position: P&L = -5.31 (-0.55%)
2025-12-03 15:00:06,080 - INFO - HedgeFund - Entering long position: 0.034338 BTC at 28270.07
2025-12-03 15:00:06,081 - INFO - HedgeFund - Exiting position: P&L = 76.83 (7.91%)
2025-12-03 15:00:06,081 - INFO - HedgeFund - Entering long position: 0.031488 BTC at 31072.90
2025-12-03 15:00:06,081 - INFO - HedgeFund - Exiting position: P&L = -5.47 (-0.56%)
2025-12-03 15:00:06,081 - INFO - HedgeFund - Entering long position: 0.031203 BTC at 31339.09
2025-12-03 15:00:06,081 - INFO - HedgeFund - Exiting position: P&L = -4.95 (-0.51%)
2025-12-03 15:00:06,081 - INFO - HedgeFund - Entering long position: 0.031773 BTC at 30761.77
2025-12-03 15:00:06,082 - INFO - HedgeFund - Exiting position: P&L = -16.25 (-1.66%)
2025-12-03 15:00:06,082 - INFO - HedgeFund - Entering long position: 0.032054 BTC at 30441.33
2025-12-03 15:00:06,082 - INFO - HedgeFund - Exiting position: P&L = -14.27 (-1.46%)
2025-12-03 15:00:06,082 - INFO - HedgeFund - Entering long position: 0.032386 BTC at 30085.21
2025-12-03 15:00:06,082 - INFO - HedgeFund - Exiting position: P&L = 30.12 (3.09%)
2025-12-03 15:00:06,082 - INFO - HedgeFund - Entering long position: 0.031283 BTC at 31242.29
2025-12-03 15:00:06,082 - INFO - HedgeFund - Exiting position: P&L = 11.46 (1.17%)
2025-12-03 15:00:06,082 - INFO - HedgeFund - Entering long position: 0.030848 BTC at 31720.39
2025-12-03 15:00:06,082 - INFO - HedgeFund - Exiting position: P&L = -14.99 (-1.53%)
2025-12-03 15:00:06,083 - INFO - HedgeFund - Entering long position: 0.031550 BTC at 30967.06
2025-12-03 15:00:06,083 - INFO - HedgeFund - Exiting position: P&L = -4.67 (-0.48%)
2025-12-03 15:00:06,083 - INFO - HedgeFund - Entering long position: 0.031348 BTC at 31150.75
2025-12-03 15:00:06,083 - INFO - HedgeFund - Exiting position: P&L = -2.92 (-0.30%)
2025-12-03 15:00:06,083 - INFO - HedgeFund - Entering long position: 0.031037 BTC at 31453.85
2025-12-03 15:00:06,083 - INFO - HedgeFund - Exiting position: P&L = 30.71 (3.15%)
2025-12-03 15:00:06,083 - INFO - HedgeFund - Entering long position: 0.030237 BTC at 32387.50
2025-12-03 15:00:06,083 - INFO - HedgeFund - Exiting position: P&L = -6.18 (-0.63%)
2025-12-03 15:00:06,083 - INFO - HedgeFund - Entering long position: 0.031674 BTC at 30898.85
2025-12-03 15:00:06,083 - INFO - HedgeFund - Exiting position: P&L = -11.52 (-1.18%)
2025-12-03 15:00:06,084 - INFO - HedgeFund - Entering long position: 0.032020 BTC at 30528.68
2025-12-03 15:00:06,084 - INFO - HedgeFund - Exiting position: P&L = -15.54 (-1.59%)
2025-12-03 15:00:06,084 - INFO - HedgeFund - Entering long position: 0.032949 BTC at 29620.76
2025-12-03 15:00:06,084 - INFO - HedgeFund - Exiting position: P&L = -1.02 (-0.10%)
2025-12-03 15:00:06,084 - INFO - HedgeFund - Entering long position: 0.032726 BTC at 29819.99
2025-12-03 15:00:06,084 - INFO - HedgeFund - Exiting position: P&L = -9.85 (-1.01%)
2025-12-03 15:00:06,084 - INFO - HedgeFund - Entering long position: 0.032758 BTC at 29760.84
2025-12-03 15:00:06,084 - INFO - HedgeFund - Exiting position: P&L = 4.72 (0.48%)
2025-12-03 15:00:06,084 - INFO - HedgeFund - Entering long position: 0.032685 BTC at 29841.50
2025-12-03 15:00:06,084 - INFO - HedgeFund - Exiting position: P&L = 46.00 (4.72%)
2025-12-03 15:00:06,084 - INFO - HedgeFund - Entering long position: 0.031277 BTC at 31331.91
2025-12-03 15:00:06,085 - INFO - HedgeFund - Exiting position: P&L = 8.22 (0.84%)
2025-12-03 15:00:06,085 - INFO - HedgeFund - Entering long position: 0.030710 BTC at 31936.72
2025-12-03 15:00:06,085 - INFO - HedgeFund - Exiting position: P&L = -2.35 (-0.24%)
2025-12-03 15:00:06,085 - INFO - HedgeFund - Entering long position: 0.031056 BTC at 31573.57
2025-12-03 15:00:06,085 - INFO - HedgeFund - Exiting position: P&L = -7.45 (-0.76%)
2025-12-03 15:00:06,085 - INFO - HedgeFund - Entering long position: 0.032214 BTC at 30415.36
2025-12-03 15:00:06,085 - INFO - HedgeFund - Exiting position: P&L = 0.02 (0.00%)
2025-12-03 15:00:06,085 - INFO - HedgeFund - Entering long position: 0.032023 BTC at 30597.41
2025-12-03 15:00:06,085 - INFO - HedgeFund - Exiting position: P&L = -13.92 (-1.42%)
2025-12-03 15:00:06,085 - INFO - HedgeFund - Entering long position: 0.031938 BTC at 30634.65
2025-12-03 15:00:06,085 - INFO - HedgeFund - Exiting position: P&L = -13.50 (-1.38%)
2025-12-03 15:00:06,086 - INFO - HedgeFund - Entering long position: 0.031883 BTC at 30645.58
2025-12-03 15:00:06,086 - INFO - HedgeFund - Exiting position: P&L = -2.85 (-0.29%)
2025-12-03 15:00:06,086 - INFO - HedgeFund - Entering long position: 0.031597 BTC at 30913.48
2025-12-03 15:00:06,086 - INFO - HedgeFund - Exiting position: P&L = 14.79 (1.51%)
2025-12-03 15:00:06,086 - INFO - HedgeFund - Entering long position: 0.030915 BTC at 31644.12
2025-12-03 15:00:06,086 - INFO - HedgeFund - Exiting position: P&L = -31.17 (-3.19%)
2025-12-03 15:00:06,086 - INFO - HedgeFund - Entering long position: 0.031764 BTC at 30699.78
2025-12-03 15:00:06,086 - INFO - HedgeFund - Exiting position: P&L = -7.42 (-0.76%)
2025-12-03 15:00:06,086 - INFO - HedgeFund - Entering long position: 0.031173 BTC at 31257.61
2025-12-03 15:00:06,086 - INFO - HedgeFund - Exiting position: P&L = -3.20 (-0.33%)
2025-12-03 15:00:06,087 - INFO - HedgeFund - Entering long position: 0.031145 BTC at 31276.21
2025-12-03 15:00:06,087 - INFO - HedgeFund - Exiting position: P&L = -13.88 (-1.43%)
2025-12-03 15:00:06,087 - INFO - HedgeFund - Entering long position: 0.031524 BTC at 30855.48
2025-12-03 15:00:06,087 - INFO - HedgeFund - Exiting position: P&L = -7.71 (-0.79%)
2025-12-03 15:00:06,087 - INFO - HedgeFund - Entering long position: 0.031262 BTC at 31089.80
2025-12-03 15:00:06,087 - INFO - HedgeFund - Exiting position: P&L = -14.40 (-1.48%)
2025-12-03 15:00:06,087 - INFO - HedgeFund - Entering long position: 0.030686 BTC at 31626.86
2025-12-03 15:00:06,087 - INFO - HedgeFund - Exiting position: P&L = 3.19 (0.33%)
2025-12-03 15:00:06,087 - INFO - HedgeFund - Entering long position: 0.030735 BTC at 31585.88
2025-12-03 15:00:06,087 - INFO - HedgeFund - Exiting position: P&L = -18.81 (-1.94%)
2025-12-03 15:00:06,087 - INFO - HedgeFund - Entering long position: 0.030810 BTC at 31448.34
2025-12-03 15:00:06,088 - INFO - HedgeFund - Exiting position: P&L = -14.24 (-1.47%)
2025-12-03 15:00:06,088 - INFO - HedgeFund - Entering long position: 0.031350 BTC at 30860.96
2025-12-03 15:00:06,088 - INFO - HedgeFund - Exiting position: P&L = -12.81 (-1.32%)
2025-12-03 15:00:06,088 - INFO - HedgeFund - Entering long position: 0.030973 BTC at 31195.73
2025-12-03 15:00:06,088 - INFO - HedgeFund - Exiting position: P&L = 0.59 (0.06%)
2025-12-03 15:00:06,088 - INFO - HedgeFund - Entering long position: 0.030790 BTC at 31382.77
2025-12-03 15:00:06,088 - INFO - HedgeFund - Exiting position: P&L = -13.69 (-1.42%)
2025-12-03 15:00:06,088 - INFO - HedgeFund - Entering long position: 0.030809 BTC at 31319.01
2025-12-03 15:00:06,088 - INFO - HedgeFund - Exiting position: P&L = -15.14 (-1.57%)
2025-12-03 15:00:06,088 - INFO - HedgeFund - Entering long position: 0.030974 BTC at 31103.31
2025-12-03 15:00:06,089 - INFO - HedgeFund - Exiting position: P&L = -3.39 (-0.35%)
2025-12-03 15:00:06,089 - INFO - HedgeFund - Entering long position: 0.030542 BTC at 31532.31
2025-12-03 15:00:06,089 - INFO - HedgeFund - Exiting position: P&L = -0.38 (-0.04%)
2025-12-03 15:00:06,089 - INFO - HedgeFund - Entering long position: 0.030332 BTC at 31749.53
2025-12-03 15:00:06,089 - INFO - HedgeFund - Exiting position: P&L = -6.86 (-0.71%)
2025-12-03 15:00:06,089 - INFO - HedgeFund - Entering long position: 0.030174 BTC at 31892.92
2025-12-03 15:00:06,089 - INFO - HedgeFund - Exiting position: P&L = -10.75 (-1.12%)
2025-12-03 15:00:06,089 - INFO - HedgeFund - Entering long position: 0.030152 BTC at 31880.62
2025-12-03 15:00:06,089 - INFO - HedgeFund - Exiting position: P&L = 15.48 (1.61%)
2025-12-03 15:00:06,089 - INFO - HedgeFund - Entering long position: 0.029468 BTC at 32672.45
2025-12-03 15:00:06,089 - INFO - HedgeFund - Exiting position: P&L = -0.77 (-0.08%)
2025-12-03 15:00:06,090 - INFO - HedgeFund - Entering long position: 0.030343 BTC at 31727.91
2025-12-03 15:00:06,090 - INFO - HedgeFund - Exiting position: P&L = -20.17 (-2.10%)
2025-12-03 15:00:06,090 - INFO - HedgeFund - Entering long position: 0.030295 BTC at 31711.74
2025-12-03 15:00:06,090 - INFO - HedgeFund - Exiting position: P&L = 15.82 (1.65%)
2025-12-03 15:00:06,090 - INFO - HedgeFund - Entering long position: 0.029685 BTC at 32416.25
2025-12-03 15:00:06,090 - INFO - HedgeFund - Exiting position: P&L = 1.84 (0.19%)
2025-12-03 15:00:06,090 - INFO - HedgeFund - Entering long position: 0.029631 BTC at 32481.94
2025-12-03 15:00:06,090 - INFO - HedgeFund - Exiting position: P&L = -4.77 (-0.50%)
2025-12-03 15:00:06,090 - INFO - HedgeFund - Entering long position: 0.029125 BTC at 33030.42
2025-12-03 15:00:06,090 - INFO - HedgeFund - Exiting position: P&L = -21.30 (-2.21%)
2025-12-03 15:00:06,091 - INFO - HedgeFund - Entering long position: 0.029529 BTC at 32505.91
2025-12-03 15:00:06,091 - INFO - HedgeFund - Exiting position: P&L = -5.28 (-0.55%)
2025-12-03 15:00:06,091 - INFO - HedgeFund - Entering long position: 0.029730 BTC at 32268.79
2025-12-03 15:00:06,091 - INFO - HedgeFund - Exiting position: P&L = 2.79 (0.29%)
2025-12-03 15:00:06,091 - INFO - HedgeFund - Entering long position: 0.029645 BTC at 32370.48
2025-12-03 15:00:06,091 - INFO - HedgeFund - Exiting position: P&L = 27.62 (2.88%)
2025-12-03 15:00:06,091 - INFO - HedgeFund - Entering long position: 0.028392 BTC at 33895.82
2025-12-03 15:00:06,091 - INFO - HedgeFund - Exiting position: P&L = -8.12 (-0.84%)
2025-12-03 15:00:06,091 - INFO - HedgeFund - Entering long position: 0.028599 BTC at 33622.42
2025-12-03 15:00:06,091 - INFO - HedgeFund - Exiting position: P&L = 16.56 (1.72%)
2025-12-03 15:00:06,091 - INFO - HedgeFund - Entering long position: 0.028301 BTC at 34034.63
2025-12-03 15:00:06,091 - INFO - HedgeFund - Exiting position: P&L = -11.95 (-1.24%)
2025-12-03 15:00:06,092 - INFO - HedgeFund - Entering long position: 0.028913 BTC at 33273.73
2025-12-03 15:00:06,092 - INFO - HedgeFund - Exiting position: P&L = -9.62 (-1.00%)
2025-12-03 15:00:06,092 - INFO - HedgeFund - Entering long position: 0.028829 BTC at 33337.42
2025-12-03 15:00:06,092 - INFO - HedgeFund - Exiting position: P&L = 55.19 (5.74%)
2025-12-03 15:00:06,092 - INFO - HedgeFund - Entering long position: 0.027455 BTC at 35206.46
2025-12-03 15:00:06,092 - INFO - HedgeFund - Exiting position: P&L = -0.06 (-0.01%)
2025-12-03 15:00:06,092 - INFO - HedgeFund - Entering long position: 0.027020 BTC at 35772.94
2025-12-03 15:00:06,092 - INFO - HedgeFund - Exiting position: P&L = -16.36 (-1.69%)
2025-12-03 15:00:06,092 - INFO - HedgeFund - Entering long position: 0.026897 BTC at 35875.81
2025-12-03 15:00:06,092 - INFO - HedgeFund - Exiting position: P&L = -8.86 (-0.92%)
2025-12-03 15:00:06,092 - INFO - HedgeFund - Entering long position: 0.027848 BTC at 34619.18
2025-12-03 15:00:06,093 - INFO - HedgeFund - Exiting position: P&L = -3.44 (-0.36%)
2025-12-03 15:00:06,093 - INFO - HedgeFund - Entering long position: 0.027489 BTC at 35058.86
2025-12-03 15:00:06,093 - INFO - HedgeFund - Exiting position: P&L = 13.86 (1.44%)
2025-12-03 15:00:06,093 - INFO - HedgeFund - Entering long position: 0.027072 BTC at 35649.40
2025-12-03 15:00:06,093 - INFO - HedgeFund - Exiting position: P&L = 3.36 (0.35%)
2025-12-03 15:00:06,093 - INFO - HedgeFund - Entering long position: 0.026593 BTC at 36304.23
2025-12-03 15:00:06,093 - INFO - HedgeFund - Exiting position: P&L = 2.70 (0.28%)
2025-12-03 15:00:06,093 - INFO - HedgeFund - Entering long position: 0.026362 BTC at 36632.66
2025-12-03 15:00:06,093 - INFO - HedgeFund - Exiting position: P&L = -7.01 (-0.73%)
2025-12-03 15:00:06,093 - INFO - HedgeFund - Entering long position: 0.027008 BTC at 35730.68
2025-12-03 15:00:06,093 - INFO - HedgeFund - Exiting position: P&L = -0.13 (-0.01%)
2025-12-03 15:00:06,094 - INFO - HedgeFund - Entering long position: 0.027605 BTC at 34957.75
2025-12-03 15:00:06,094 - INFO - HedgeFund - Exiting position: P&L = -5.73 (-0.59%)
2025-12-03 15:00:06,094 - INFO - HedgeFund - Entering long position: 0.027740 BTC at 34766.28
2025-12-03 15:00:06,094 - INFO - HedgeFund - Exiting position: P&L = -1.68 (-0.17%)
2025-12-03 15:00:06,094 - INFO - HedgeFund - Entering long position: 0.027529 BTC at 35026.93
2025-12-03 15:00:06,094 - INFO - HedgeFund - Exiting position: P&L = 0.30 (0.03%)
2025-12-03 15:00:06,094 - INFO - HedgeFund - Entering long position: 0.026755 BTC at 36040.97
2025-12-03 15:00:06,094 - INFO - HedgeFund - Exiting position: P&L = -12.54 (-1.30%)
2025-12-03 15:00:06,094 - INFO - HedgeFund - Entering long position: 0.026829 BTC at 35894.73
2025-12-03 15:00:06,094 - INFO - HedgeFund - Exiting position: P&L = -8.50 (-0.88%)
2025-12-03 15:00:06,094 - INFO - HedgeFund - Entering long position: 0.026569 BTC at 36214.85
2025-12-03 15:00:06,095 - INFO - HedgeFund - Exiting position: P&L = -2.80 (-0.29%)
2025-12-03 15:00:06,095 - INFO - HedgeFund - Entering long position: 0.027058 BTC at 35550.23
2025-12-03 15:00:06,095 - INFO - HedgeFund - Exiting position: P&L = 42.17 (4.38%)
2025-12-03 15:00:06,095 - INFO - HedgeFund - Entering long position: 0.025762 BTC at 37501.25
2025-12-03 15:00:06,095 - INFO - HedgeFund - Exiting position: P&L = 36.26 (3.75%)
2025-12-03 15:00:06,096 - INFO - HedgeFund - Entering long position: 0.025099 BTC at 38637.31
2025-12-03 15:00:06,096 - INFO - HedgeFund - Exiting position: P&L = -9.19 (-0.95%)
2025-12-03 15:00:06,096 - INFO - HedgeFund - Entering long position: 0.026207 BTC at 36967.64
2025-12-03 15:00:06,096 - INFO - HedgeFund - Exiting position: P&L = 7.83 (0.81%)
2025-12-03 15:00:06,096 - INFO - HedgeFund - Entering long position: 0.025946 BTC at 37369.96
2025-12-03 15:00:06,096 - INFO - HedgeFund - Exiting position: P&L = -14.36 (-1.48%)
2025-12-03 15:00:06,096 - INFO - HedgeFund - Entering long position: 0.026082 BTC at 37120.72
2025-12-03 15:00:06,096 - INFO - HedgeFund - Exiting position: P&L = 13.03 (1.35%)
2025-12-03 15:00:06,096 - INFO - HedgeFund - Entering long position: 0.025673 BTC at 37761.99
2025-12-03 15:00:06,096 - INFO - HedgeFund - Exiting position: P&L = -3.38 (-0.35%)
2025-12-03 15:00:06,096 - INFO - HedgeFund - Entering long position: 0.025789 BTC at 37579.38
2025-12-03 15:00:06,097 - INFO - HedgeFund - Exiting position: P&L = -11.70 (-1.21%)
2025-12-03 15:00:06,097 - INFO - HedgeFund - Entering long position: 0.025572 BTC at 37852.62
2025-12-03 15:00:06,097 - INFO - HedgeFund - Exiting position: P&L = -5.58 (-0.58%)
2025-12-03 15:00:06,097 - INFO - HedgeFund - Entering long position: 0.026182 BTC at 36949.24
2025-12-03 15:00:06,097 - INFO - HedgeFund - Exiting position: P&L = 18.97 (1.96%)
2025-12-03 15:00:06,097 - INFO - HedgeFund - Entering long position: 0.025468 BTC at 38059.31
2025-12-03 15:00:06,097 - INFO - HedgeFund - Exiting position: P&L = 35.22 (3.63%)
2025-12-03 15:00:06,097 - INFO - HedgeFund - Entering long position: 0.024276 BTC at 40074.52
2025-12-03 15:00:06,097 - INFO - HedgeFund - Exiting position: P&L = -2.83 (-0.29%)
2025-12-03 15:00:06,097 - INFO - HedgeFund - Entering long position: 0.024281 BTC at 40053.15
2025-12-03 15:00:06,098 - INFO - HedgeFund - Exiting position: P&L = 3.41 (0.35%)
2025-12-03 15:00:06,098 - INFO - HedgeFund - Entering long position: 0.024080 BTC at 40402.65
2025-12-03 15:00:06,098 - INFO - HedgeFund - Exiting position: P&L = -19.28 (-1.98%)
2025-12-03 15:00:06,098 - INFO - HedgeFund - Entering long position: 0.024226 BTC at 40078.45
2025-12-03 15:00:06,098 - INFO - HedgeFund - Exiting position: P&L = -3.36 (-0.35%)
2025-12-03 15:00:06,098 - INFO - HedgeFund - Entering long position: 0.024435 BTC at 39722.41
2025-12-03 15:00:06,098 - INFO - HedgeFund - Exiting position: P&L = -7.58 (-0.78%)
2025-12-03 15:00:06,098 - INFO - HedgeFund - Entering long position: 0.024151 BTC at 40157.73
2025-12-03 15:00:06,098 - INFO - HedgeFund - Exiting position: P&L = -14.02 (-1.45%)
2025-12-03 15:00:06,098 - INFO - HedgeFund - Entering long position: 0.024530 BTC at 39481.19
2025-12-03 15:00:06,098 - INFO - HedgeFund - Exiting position: P&L = -17.17 (-1.77%)
2025-12-03 15:00:06,099 - INFO - HedgeFund - Entering long position: 0.024465 BTC at 39515.26
2025-12-03 15:00:06,099 - INFO - HedgeFund - Exiting position: P&L = -4.55 (-0.47%)
2025-12-03 15:00:06,099 - INFO - HedgeFund - Entering long position: 0.024381 BTC at 39633.65
2025-12-03 15:00:06,099 - INFO - HedgeFund - Exiting position: P&L = -7.51 (-0.78%)
2025-12-03 15:00:06,099 - INFO - HedgeFund - Entering long position: 0.024549 BTC at 39330.97
2025-12-03 15:00:06,099 - INFO - HedgeFund - Exiting position: P&L = -5.70 (-0.59%)
2025-12-03 15:00:06,099 - INFO - HedgeFund - Entering long position: 0.025510 BTC at 37826.89
2025-12-03 15:00:06,099 - INFO - HedgeFund - Exiting position: P&L = -5.09 (-0.53%)
2025-12-03 15:00:06,099 - INFO - HedgeFund - Entering long position: 0.025296 BTC at 38127.39
2025-12-03 15:00:06,099 - INFO - HedgeFund - Exiting position: P&L = -13.93 (-1.44%)
2025-12-03 15:00:06,099 - INFO - HedgeFund - Entering long position: 0.025338 BTC at 38008.81
2025-12-03 15:00:06,100 - INFO - HedgeFund - Exiting position: P&L = 77.44 (8.04%)
2025-12-03 15:00:06,100 - INFO - HedgeFund - Entering long position: 0.023411 BTC at 41468.43
2025-12-03 15:00:06,100 - INFO - HedgeFund - Exiting position: P&L = -11.50 (-1.18%)
2025-12-03 15:00:06,100 - INFO - HedgeFund - Entering long position: 0.024043 BTC at 40329.98
2025-12-03 15:00:06,100 - INFO - HedgeFund - Exiting position: P&L = 25.33 (2.61%)
2025-12-03 15:00:06,100 - INFO - HedgeFund - Entering long position: 0.022831 BTC at 42581.96
2025-12-03 15:00:06,100 - INFO - HedgeFund - Exiting position: P&L = -11.28 (-1.16%)
2025-12-03 15:00:06,100 - INFO - HedgeFund - Entering long position: 0.022835 BTC at 42525.33
2025-12-03 15:00:06,101 - INFO - HedgeFund - Exiting position: P&L = -3.14 (-0.32%)
2025-12-03 15:00:06,101 - INFO - HedgeFund - Entering long position: 0.022747 BTC at 42675.25
2025-12-03 15:00:06,101 - INFO - HedgeFund - Exiting position: P&L = -5.33 (-0.55%)
2025-12-03 15:00:06,101 - INFO - HedgeFund - Entering long position: 0.022599 BTC at 42932.41
2025-12-03 15:00:06,101 - INFO - HedgeFund - Exiting position: P&L = -7.14 (-0.74%)
2025-12-03 15:00:06,101 - INFO - HedgeFund - Entering long position: 0.023069 BTC at 42026.23
2025-12-03 15:00:06,101 - INFO - HedgeFund - Exiting position: P&L = -20.48 (-2.11%)
2025-12-03 15:00:06,101 - INFO - HedgeFund - Entering long position: 0.023267 BTC at 41580.59
2025-12-03 15:00:06,101 - INFO - HedgeFund - Exiting position: P&L = 22.46 (2.32%)
2025-12-03 15:00:06,101 - INFO - HedgeFund - Entering long position: 0.023427 BTC at 41391.82
2025-12-03 15:00:06,102 - INFO - HedgeFund - Exiting position: P&L = 15.75 (1.62%)
2025-12-03 15:00:06,102 - INFO - HedgeFund - Entering long position: 0.022965 BTC at 42293.41
2025-12-03 15:00:06,102 - INFO - HedgeFund - Exiting position: P&L = -7.40 (-0.76%)
2025-12-03 15:00:06,102 - INFO - HedgeFund - Entering long position: 0.023106 BTC at 42003.07
2025-12-03 15:00:06,102 - INFO - HedgeFund - Exiting position: P&L = -0.69 (-0.07%)
2025-12-03 15:00:06,102 - INFO - HedgeFund - Entering long position: 0.023143 BTC at 41932.73
2025-12-03 15:00:06,102 - INFO - HedgeFund - Exiting position: P&L = -6.54 (-0.67%)
2025-12-03 15:00:06,102 - INFO - HedgeFund - Entering long position: 0.023077 BTC at 42024.66
2025-12-03 15:00:06,102 - INFO - HedgeFund - Exiting position: P&L = -9.80 (-1.01%)
2025-12-03 15:00:06,102 - INFO - HedgeFund - Entering long position: 0.023174 BTC at 41806.14
2025-12-03 15:00:06,102 - INFO - HedgeFund - Exiting position: P&L = -15.14 (-1.56%)
2025-12-03 15:00:06,103 - INFO - HedgeFund - Entering long position: 0.023643 BTC at 40914.51
2025-12-03 15:00:06,103 - INFO - HedgeFund - Exiting position: P&L = 0.95 (0.10%)
2025-12-03 15:00:06,103 - INFO - HedgeFund - Entering long position: 0.023473 BTC at 41214.29
2025-12-03 15:00:06,103 - INFO - HedgeFund - Exiting position: P&L = 25.40 (2.63%)
2025-12-03 15:00:06,103 - INFO - HedgeFund - Entering long position: 0.022598 BTC at 42921.64
2025-12-03 15:00:06,103 - INFO - HedgeFund - Exiting position: P&L = -6.46 (-0.67%)
2025-12-03 15:00:06,103 - INFO - HedgeFund - Entering long position: 0.022711 BTC at 42681.08
2025-12-03 15:00:06,103 - INFO - HedgeFund - Exiting position: P&L = 4.83 (0.50%)
2025-12-03 15:00:06,103 - INFO - HedgeFund - Entering long position: 0.022380 BTC at 43332.60
2025-12-03 15:00:06,103 - INFO - HedgeFund - Exiting position: P&L = -1.05 (-0.11%)
2025-12-03 15:00:06,103 - INFO - HedgeFund - Entering long position: 0.021983 BTC at 44111.61
2025-12-03 15:00:06,103 - INFO - HedgeFund - Exiting position: P&L = -14.61 (-1.51%)
2025-12-03 15:00:06,104 - INFO - HedgeFund - Entering long position: 0.021882 BTC at 44247.86
2025-12-03 15:00:06,104 - INFO - HedgeFund - Exiting position: P&L = 1.66 (0.17%)
2025-12-03 15:00:06,104 - INFO - HedgeFund - Entering long position: 0.021642 BTC at 44745.68
2025-12-03 15:00:06,104 - INFO - HedgeFund - Exiting position: P&L = -8.01 (-0.83%)
2025-12-03 15:00:06,104 - INFO - HedgeFund - Entering long position: 0.021541 BTC at 44917.70
2025-12-03 15:00:06,104 - INFO - HedgeFund - Exiting position: P&L = 21.86 (2.26%)
2025-12-03 15:00:06,104 - INFO - HedgeFund - Entering long position: 0.020819 BTC at 46582.06
2025-12-03 15:00:06,104 - INFO - HedgeFund - Exiting position: P&L = -0.46 (-0.05%)
2025-12-03 15:00:06,104 - INFO - HedgeFund - Entering long position: 0.020664 BTC at 46928.56
2025-12-03 15:00:06,105 - INFO - HedgeFund - Exiting position: P&L = -24.54 (-2.53%)
2025-12-03 15:00:06,105 - INFO - HedgeFund - Entering long position: 0.021026 BTC at 46004.83
2025-12-03 15:00:06,105 - INFO - HedgeFund - Exiting position: P&L = -15.56 (-1.61%)
2025-12-03 15:00:06,105 - INFO - HedgeFund - Entering long position: 0.021132 BTC at 45700.47
2025-12-03 15:00:06,105 - INFO - HedgeFund - Exiting position: P&L = -3.10 (-0.32%)
2025-12-03 15:00:06,105 - INFO - HedgeFund - Entering long position: 0.021063 BTC at 45834.99
2025-12-03 15:00:06,105 - INFO - HedgeFund - Exiting position: P&L = -9.69 (-1.00%)
2025-12-03 15:00:06,105 - INFO - HedgeFund - Entering long position: 0.021647 BTC at 44554.15
2025-12-03 15:00:06,105 - INFO - HedgeFund - Exiting position: P&L = 1.51 (0.16%)
2025-12-03 15:00:06,105 - INFO - HedgeFund - Entering long position: 0.021600 BTC at 44657.25
2025-12-03 15:00:06,105 - INFO - HedgeFund - Exiting position: P&L = -1.59 (-0.16%)
2025-12-03 15:00:06,106 - INFO - HedgeFund - Entering long position: 0.021114 BTC at 45677.42
2025-12-03 15:00:06,106 - INFO - HedgeFund - Exiting position: P&L = -15.96 (-1.66%)
2025-12-03 15:00:06,106 - INFO - HedgeFund - Entering long position: 0.021226 BTC at 45360.83
2025-12-03 15:00:06,106 - INFO - HedgeFund - Exiting position: P&L = -10.83 (-1.13%)
2025-12-03 15:00:06,106 - INFO - HedgeFund - Entering long position: 0.021992 BTC at 43733.12
2025-12-03 15:00:06,106 - INFO - HedgeFund - Exiting position: P&L = -6.37 (-0.66%)
2025-12-03 15:00:06,106 - INFO - HedgeFund - Entering long position: 0.021743 BTC at 44203.18
2025-12-03 15:00:06,106 - INFO - HedgeFund - Exiting position: P&L = -19.39 (-2.02%)
2025-12-03 15:00:06,106 - INFO - HedgeFund - Entering long position: 0.021975 BTC at 43649.06
2025-12-03 15:00:06,106 - INFO - HedgeFund - Exiting position: P&L = 6.06 (0.63%)
2025-12-03 15:00:06,106 - INFO - HedgeFund - Entering long position: 0.022071 BTC at 43487.40
2025-12-03 15:00:06,107 - INFO - HedgeFund - Exiting position: P&L = -11.71 (-1.22%)
2025-12-03 15:00:06,107 - INFO - HedgeFund - Entering long position: 0.021907 BTC at 43758.85
2025-12-03 15:00:06,107 - INFO - HedgeFund - Exiting position: P&L = -21.37 (-2.23%)
2025-12-03 15:00:06,107 - INFO - HedgeFund - Entering long position: 0.022639 BTC at 42248.62
2025-12-03 15:00:06,107 - INFO - HedgeFund - Exiting position: P&L = -2.64 (-0.28%)
2025-12-03 15:00:06,107 - INFO - HedgeFund - Entering long position: 0.022497 BTC at 42504.10
2025-12-03 15:00:06,107 - INFO - HedgeFund - Exiting position: P&L = -0.72 (-0.08%)
2025-12-03 15:00:06,107 - INFO - HedgeFund - Entering long position: 0.022604 BTC at 42298.99
2025-12-03 15:00:06,107 - INFO - HedgeFund - Exiting position: P&L = -10.82 (-1.13%)
2025-12-03 15:00:06,107 - INFO - HedgeFund - Entering long position: 0.022402 BTC at 42633.44
2025-12-03 15:00:06,107 - INFO - HedgeFund - Exiting position: P&L = 16.60 (1.74%)
2025-12-03 15:00:06,107 - INFO - HedgeFund - Entering long position: 0.021787 BTC at 43913.10
2025-12-03 15:00:06,108 - INFO - HedgeFund - Exiting position: P&L = 29.43 (3.08%)
2025-12-03 15:00:06,108 - INFO - HedgeFund - Entering long position: 0.021178 BTC at 45314.37
2025-12-03 15:00:06,108 - INFO - HedgeFund - Exiting position: P&L = -20.48 (-2.13%)
2025-12-03 15:00:06,108 - INFO - HedgeFund - Entering long position: 0.021701 BTC at 44127.99
2025-12-03 15:00:06,108 - INFO - HedgeFund - Exiting position: P&L = -3.77 (-0.39%)
2025-12-03 15:00:06,108 - INFO - HedgeFund - Entering long position: 0.021613 BTC at 44291.07
2025-12-03 15:00:06,108 - INFO - HedgeFund - Exiting position: P&L = -9.21 (-0.96%)
2025-12-03 15:00:06,108 - INFO - HedgeFund - Entering long position: 0.021436 BTC at 44611.96
2025-12-03 15:00:06,108 - INFO - HedgeFund - Exiting position: P&L = 13.72 (1.43%)
2025-12-03 15:00:06,109 - INFO - HedgeFund - Entering long position: 0.020950 BTC at 45712.14
2025-12-03 15:00:06,109 - INFO - HedgeFund - Exiting position: P&L = 12.84 (1.34%)
2025-12-03 15:00:06,109 - INFO - HedgeFund - Entering long position: 0.020740 BTC at 46238.97
2025-12-03 15:00:06,109 - INFO - HedgeFund - Exiting position: P&L = 25.33 (2.64%)
2025-12-03 15:00:06,109 - INFO - HedgeFund - Entering long position: 0.020319 BTC at 47320.91
2025-12-03 15:00:06,109 - INFO - HedgeFund - Exiting position: P&L = -16.82 (-1.75%)
2025-12-03 15:00:06,109 - INFO - HedgeFund - Entering long position: 0.020255 BTC at 47387.96
2025-12-03 15:00:06,109 - INFO - HedgeFund - Exiting position: P&L = -6.31 (-0.66%)
2025-12-03 15:00:06,109 - INFO - HedgeFund - Entering long position: 0.020365 BTC at 47100.19
2025-12-03 15:00:06,109 - INFO - HedgeFund - Exiting position: P&L = -10.29 (-1.07%)
2025-12-03 15:00:06,109 - INFO - HedgeFund - Entering long position: 0.020921 BTC at 45798.22
2025-12-03 15:00:06,109 - INFO - HedgeFund - Exiting position: P&L = -14.05 (-1.47%)
2025-12-03 15:00:06,110 - INFO - HedgeFund - Entering long position: 0.020842 BTC at 45904.85
2025-12-03 15:00:06,110 - INFO - HedgeFund - Exiting position: P&L = 3.56 (0.37%)
2025-12-03 15:00:06,110 - INFO - HedgeFund - Entering long position: 0.020577 BTC at 46514.45
2025-12-03 15:00:06,110 - INFO - HedgeFund - Exiting position: P&L = -7.63 (-0.80%)
2025-12-03 15:00:06,110 - INFO - HedgeFund - Entering long position: 0.020481 BTC at 46694.48
2025-12-03 15:00:06,110 - INFO - HedgeFund - Exiting position: P&L = 20.04 (2.10%)
2025-12-03 15:00:06,110 - INFO - HedgeFund - Entering long position: 0.019970 BTC at 47988.79
2025-12-03 15:00:06,110 - INFO - HedgeFund - Exiting position: P&L = -3.69 (-0.39%)
2025-12-03 15:00:06,110 - INFO - HedgeFund - Entering long position: 0.019999 BTC at 47902.51
2025-12-03 15:00:06,110 - INFO - HedgeFund - Exiting position: P&L = -10.21 (-1.07%)
2025-12-03 15:00:06,110 - INFO - HedgeFund - Entering long position: 0.019883 BTC at 48129.35
2025-12-03 15:00:06,111 - INFO - HedgeFund - Exiting position: P&L = -16.85 (-1.76%)
2025-12-03 15:00:06,111 - INFO - HedgeFund - Entering long position: 0.020091 BTC at 47546.91
2025-12-03 15:00:06,111 - INFO - HedgeFund - Exiting position: P&L = 11.73 (1.23%)
2025-12-03 15:00:06,111 - INFO - HedgeFund - Entering long position: 0.019611 BTC at 48771.72
2025-12-03 15:00:06,111 - INFO - HedgeFund - Exiting position: P&L = -3.22 (-0.34%)
2025-12-03 15:00:06,111 - INFO - HedgeFund - Entering long position: 0.020487 BTC at 46669.62
2025-12-03 15:00:06,111 - INFO - HedgeFund - Exiting position: P&L = -3.77 (-0.39%)
2025-12-03 15:00:06,111 - INFO - HedgeFund - Entering long position: 0.020230 BTC at 47245.52
2025-12-03 15:00:06,112 - INFO - HedgeFund - Exiting position: P&L = -3.23 (-0.34%)
2025-12-03 15:00:06,112 - INFO - HedgeFund - Entering long position: 0.020228 BTC at 47232.36
2025-12-03 15:00:06,112 - INFO - HedgeFund - Exiting position: P&L = 59.07 (6.18%)
2025-12-03 15:00:06,112 - INFO - HedgeFund - Entering long position: 0.019380 BTC at 49603.96
2025-12-03 15:00:06,112 - INFO - HedgeFund - Exiting position: P&L = 10.07 (1.05%)
2025-12-03 15:00:06,112 - INFO - HedgeFund - Entering long position: 0.018859 BTC at 51027.68
2025-12-03 15:00:06,112 - INFO - HedgeFund - Exiting position: P&L = -2.00 (-0.21%)
2025-12-03 15:00:06,112 - INFO - HedgeFund - Entering long position: 0.018644 BTC at 51607.58
2025-12-03 15:00:06,112 - INFO - HedgeFund - Exiting position: P&L = -8.56 (-0.89%)
2025-12-03 15:00:06,112 - INFO - HedgeFund - Entering long position: 0.018643 BTC at 51562.07
2025-12-03 15:00:06,112 - INFO - HedgeFund - Exiting position: P&L = -7.60 (-0.79%)
2025-12-03 15:00:06,112 - INFO - HedgeFund - Entering long position: 0.018371 BTC at 52284.37
2025-12-03 15:00:06,112 - INFO - HedgeFund - Exiting position: P&L = 17.11 (1.78%)
2025-12-03 15:00:06,112 - INFO - HedgeFund - Entering long position: 0.017864 BTC at 53865.18
2025-12-03 15:00:06,112 - INFO - HedgeFund - Exiting position: P&L = -2.63 (-0.27%)
2025-12-03 15:00:06,113 - INFO - HedgeFund - Entering long position: 0.017507 BTC at 54949.62
2025-12-03 15:00:06,113 - INFO - HedgeFund - Exiting position: P&L = -10.82 (-1.12%)
2025-12-03 15:00:06,113 - INFO - HedgeFund - Entering long position: 0.017446 BTC at 55079.93
2025-12-03 15:00:06,113 - INFO - HedgeFund - Exiting position: P&L = -23.94 (-2.49%)
2025-12-03 15:00:06,113 - INFO - HedgeFund - Entering long position: 0.018172 BTC at 52747.34
2025-12-03 15:00:06,113 - INFO - HedgeFund - Exiting position: P&L = -8.76 (-0.91%)
2025-12-03 15:00:06,113 - INFO - HedgeFund - Entering long position: 0.018452 BTC at 51897.18
2025-12-03 15:00:06,113 - INFO - HedgeFund - Exiting position: P&L = -14.60 (-1.52%)
2025-12-03 15:00:06,113 - INFO - HedgeFund - Entering long position: 0.019343 BTC at 49433.51
2025-12-03 15:00:06,113 - INFO - HedgeFund - Exiting position: P&L = -11.46 (-1.20%)
2025-12-03 15:00:06,113 - INFO - HedgeFund - Entering long position: 0.019179 BTC at 49796.53
2025-12-03 15:00:06,113 - INFO - HedgeFund - Exiting position: P&L = 5.31 (0.56%)
2025-12-03 15:00:06,113 - INFO - HedgeFund - Entering long position: 0.019044 BTC at 50175.55
2025-12-03 15:00:06,113 - INFO - HedgeFund - Exiting position: P&L = -8.66 (-0.91%)
2025-12-03 15:00:06,114 - INFO - HedgeFund - Entering long position: 0.019440 BTC at 49110.01
2025-12-03 15:00:06,114 - INFO - HedgeFund - Exiting position: P&L = -12.68 (-1.33%)
2025-12-03 15:00:06,114 - INFO - HedgeFund - Entering long position: 0.019672 BTC at 48466.58
2025-12-03 15:00:06,114 - INFO - HedgeFund - Exiting position: P&L = 18.13 (1.90%)
2025-12-03 15:00:06,114 - INFO - HedgeFund - Entering long position: 0.019208 BTC at 49730.32
2025-12-03 15:00:06,114 - INFO - HedgeFund - Exiting position: P&L = -14.05 (-1.47%)
2025-12-03 15:00:06,114 - INFO - HedgeFund - Entering long position: 0.019133 BTC at 49851.98
2025-12-03 15:00:06,114 - INFO - HedgeFund - Exiting position: P&L = -8.24 (-0.86%)
2025-12-03 15:00:06,114 - INFO - HedgeFund - Entering long position: 0.019311 BTC at 49351.42
2025-12-03 15:00:06,114 - INFO - HedgeFund - Exiting position: P&L = -6.20 (-0.65%)
2025-12-03 15:00:06,114 - INFO - HedgeFund - Entering long position: 0.019208 BTC at 49583.15
2025-12-03 15:00:06,114 - INFO - HedgeFund - Exiting position: P&L = 19.66 (2.06%)
2025-12-03 15:00:06,114 - INFO - HedgeFund - Entering long position: 0.018259 BTC at 52266.43
2025-12-03 15:00:06,114 - INFO - HedgeFund - Exiting position: P&L = -24.29 (-2.55%)
2025-12-03 15:00:06,114 - INFO - HedgeFund - Entering long position: 0.018687 BTC at 50939.14
2025-12-03 15:00:06,115 - INFO - HedgeFund - Exiting position: P&L = 13.60 (1.43%)
2025-12-03 15:00:06,115 - INFO - HedgeFund - Entering long position: 0.022030 BTC at 43271.83
2025-12-03 15:00:06,115 - INFO - HedgeFund - Exiting position: P&L = -3.58 (-0.38%)
2025-12-03 15:00:06,115 - INFO - HedgeFund - Entering long position: 0.022207 BTC at 42911.53
2025-12-03 15:00:06,115 - INFO - HedgeFund - Exiting position: P&L = 4.13 (0.43%)
2025-12-03 15:00:06,115 - INFO - HedgeFund - Entering long position: 0.022174 BTC at 42993.79
2025-12-03 15:00:06,115 - INFO - HedgeFund - Exiting position: P&L = -4.62 (-0.48%)
2025-12-03 15:00:06,115 - INFO - HedgeFund - Entering long position: 0.022240 BTC at 42845.65
2025-12-03 15:00:06,115 - INFO - HedgeFund - Exiting position: P&L = -11.04 (-1.16%)
2025-12-03 15:00:06,115 - INFO - HedgeFund - Entering long position: 0.022612 BTC at 42091.98
2025-12-03 15:00:06,115 - INFO - HedgeFund - Exiting position: P&L = -16.07 (-1.69%)
2025-12-03 15:00:06,115 - INFO - HedgeFund - Entering long position: 0.022619 BTC at 42006.74
2025-12-03 15:00:06,115 - INFO - HedgeFund - Exiting position: P&L = -10.87 (-1.14%)
2025-12-03 15:00:06,116 - INFO - HedgeFund - Entering long position: 0.022525 BTC at 42134.19
2025-12-03 15:00:06,116 - INFO - HedgeFund - Exiting position: P&L = 79.83 (8.41%)
2025-12-03 15:00:06,116 - INFO - HedgeFund - Entering long position: 0.021063 BTC at 45438.95
2025-12-03 15:00:06,116 - INFO - HedgeFund - Exiting position: P&L = -1.69 (-0.18%)
2025-12-03 15:00:06,116 - INFO - HedgeFund - Entering long position: 0.021384 BTC at 44747.61
2025-12-03 15:00:06,116 - INFO - HedgeFund - Exiting position: P&L = -8.90 (-0.93%)
2025-12-03 15:00:06,116 - INFO - HedgeFund - Entering long position: 0.021687 BTC at 44081.12
2025-12-03 15:00:06,116 - INFO - HedgeFund - Exiting position: P&L = 1.40 (0.15%)
2025-12-03 15:00:06,116 - INFO - HedgeFund - Entering long position: 0.021769 BTC at 43922.93
2025-12-03 15:00:06,116 - INFO - HedgeFund - Exiting position: P&L = -22.44 (-2.35%)
2025-12-03 15:00:06,116 - INFO - HedgeFund - Entering long position: 0.022465 BTC at 42461.74
2025-12-03 15:00:06,116 - INFO - HedgeFund - Exiting position: P&L = -19.61 (-2.06%)
2025-12-03 15:00:06,116 - INFO - HedgeFund - Entering long position: 0.022775 BTC at 41796.55
2025-12-03 15:00:06,116 - INFO - HedgeFund - Exiting position: P&L = -7.12 (-0.75%)
2025-12-03 15:00:06,116 - INFO - HedgeFund - Entering long position: 0.022386 BTC at 42491.68
2025-12-03 15:00:06,117 - INFO - HedgeFund - Exiting position: P&L = -10.89 (-1.14%)
2025-12-03 15:00:06,117 - INFO - HedgeFund - Entering long position: 0.022069 BTC at 43052.86
2025-12-03 15:00:06,117 - INFO - HedgeFund - Exiting position: P&L = 10.58 (1.11%)
2025-12-03 15:00:06,117 - INFO - HedgeFund - Entering long position: 0.021589 BTC at 44059.14
2025-12-03 15:00:06,117 - INFO - HedgeFund - Exiting position: P&L = -19.70 (-2.07%)
2025-12-03 15:00:06,117 - INFO - HedgeFund - Entering long position: 0.021756 BTC at 43629.46
2025-12-03 15:00:06,117 - INFO - HedgeFund - Exiting position: P&L = 48.98 (5.16%)
2025-12-03 15:00:06,117 - INFO - HedgeFund - Entering long position: 0.021200 BTC at 45006.72
2025-12-03 15:00:06,117 - INFO - HedgeFund - Exiting position: P&L = 55.44 (5.81%)
2025-12-03 15:00:06,117 - INFO - HedgeFund - Entering long position: 0.020099 BTC at 47746.00
2025-12-03 15:00:06,117 - INFO - HedgeFund - Exiting position: P&L = -10.42 (-1.09%)
2025-12-03 15:00:06,117 - INFO - HedgeFund - Entering long position: 0.021127 BTC at 45374.17
2025-12-03 15:00:06,118 - INFO - HedgeFund - Exiting position: P&L = -3.01 (-0.31%)
2025-12-03 15:00:06,118 - INFO - HedgeFund - Entering long position: 0.021090 BTC at 45439.18
2025-12-03 15:00:06,118 - INFO - HedgeFund - Exiting position: P&L = 3.38 (0.35%)
2025-12-03 15:00:06,118 - INFO - HedgeFund - Entering long position: 0.020668 BTC at 46384.28
2025-12-03 15:00:06,118 - INFO - HedgeFund - Exiting position: P&L = 14.98 (1.56%)
2025-12-03 15:00:06,118 - INFO - HedgeFund - Entering long position: 0.020219 BTC at 47488.63
2025-12-03 15:00:06,118 - INFO - HedgeFund - Exiting position: P&L = -12.75 (-1.33%)
2025-12-03 15:00:06,118 - INFO - HedgeFund - Entering long position: 0.020317 BTC at 47195.75
2025-12-03 15:00:06,118 - INFO - HedgeFund - Exiting position: P&L = -15.06 (-1.57%)
2025-12-03 15:00:06,118 - INFO - HedgeFund - Entering long position: 0.022111 BTC at 43298.21
2025-12-03 15:00:06,118 - INFO - HedgeFund - Exiting position: P&L = -2.00 (-0.21%)
2025-12-03 15:00:06,118 - INFO - HedgeFund - Entering long position: 0.022152 BTC at 43208.93
2025-12-03 15:00:06,118 - INFO - HedgeFund - Exiting position: P&L = -10.33 (-1.08%)
2025-12-03 15:00:06,118 - INFO - HedgeFund - Entering long position: 0.022322 BTC at 42834.62
2025-12-03 15:00:06,118 - INFO - HedgeFund - Exiting position: P&L = -19.23 (-2.01%)
2025-12-03 15:00:06,119 - INFO - HedgeFund - Entering long position: 0.022607 BTC at 42208.94
2025-12-03 15:00:06,119 - INFO - HedgeFund - Exiting position: P&L = 83.20 (8.72%)
2025-12-03 15:00:06,119 - INFO - HedgeFund - Entering long position: 0.020797 BTC at 46282.96
2025-12-03 15:00:06,119 - INFO - HedgeFund - Exiting position: P&L = -19.19 (-1.99%)
2025-12-03 15:00:06,119 - INFO - HedgeFund - Entering long position: 0.021534 BTC at 44608.73
2025-12-03 15:00:06,119 - INFO - HedgeFund - Exiting position: P&L = -6.79 (-0.71%)
2025-12-03 15:00:06,119 - INFO - HedgeFund - Entering long position: 0.021584 BTC at 44473.90
2025-12-03 15:00:06,119 - INFO - HedgeFund - Exiting position: P&L = -20.53 (-2.14%)
2025-12-03 15:00:06,119 - INFO - HedgeFund - Entering long position: 0.022045 BTC at 43451.02
2025-12-03 15:00:06,119 - INFO - HedgeFund - Exiting position: P&L = -15.08 (-1.57%)
2025-12-03 15:00:06,119 - INFO - HedgeFund - Entering long position: 0.022667 BTC at 42192.03
2025-12-03 15:00:06,119 - INFO - HedgeFund - Exiting position: P&L = 3.33 (0.35%)
2025-12-03 15:00:06,119 - INFO - HedgeFund - Entering long position: 0.022310 BTC at 42881.93
2025-12-03 15:00:06,120 - INFO - HedgeFund - Exiting position: P&L = -6.82 (-0.71%)
2025-12-03 15:00:06,120 - INFO - HedgeFund - Entering long position: 0.022171 BTC at 43120.73
2025-12-03 15:00:06,120 - INFO - HedgeFund - Exiting position: P&L = 1.70 (0.18%)
2025-12-03 15:00:06,120 - INFO - HedgeFund - Entering long position: 0.022046 BTC at 43373.94
2025-12-03 15:00:06,120 - INFO - HedgeFund - Exiting position: P&L = -8.27 (-0.86%)
2025-12-03 15:00:06,120 - INFO - HedgeFund - Entering long position: 0.021807 BTC at 43809.86
2025-12-03 15:00:06,120 - INFO - HedgeFund - Exiting position: P&L = 4.85 (0.51%)
2025-12-03 15:00:06,120 - INFO - HedgeFund - Entering long position: 0.021324 BTC at 44825.08
2025-12-03 15:00:06,120 - INFO - HedgeFund - Exiting position: P&L = -16.97 (-1.78%)
2025-12-03 15:00:06,120 - INFO - HedgeFund - Entering long position: 0.021725 BTC at 43920.31
2025-12-03 15:00:06,120 - INFO - HedgeFund - Exiting position: P&L = -20.16 (-2.11%)
2025-12-03 15:00:06,120 - INFO - HedgeFund - Entering long position: 0.021996 BTC at 43286.68
2025-12-03 15:00:06,120 - INFO - HedgeFund - Exiting position: P&L = -7.89 (-0.83%)
2025-12-03 15:00:06,120 - INFO - HedgeFund - Entering long position: 0.021724 BTC at 43792.76
2025-12-03 15:00:06,121 - INFO - HedgeFund - Exiting position: P&L = 91.28 (9.59%)
2025-12-03 15:00:06,121 - INFO - HedgeFund - Entering long position: 0.019706 BTC at 48740.90
2025-12-03 15:00:06,121 - INFO - HedgeFund - Exiting position: P&L = -20.82 (-2.17%)
2025-12-03 15:00:06,121 - INFO - HedgeFund - Entering long position: 0.020194 BTC at 47458.83
2025-12-03 15:00:06,121 - INFO - HedgeFund - Exiting position: P&L = -18.99 (-1.98%)
2025-12-03 15:00:06,121 - INFO - HedgeFund - Entering long position: 0.020168 BTC at 47426.25
2025-12-03 15:00:06,121 - INFO - HedgeFund - Exiting position: P&L = -8.90 (-0.93%)
2025-12-03 15:00:06,121 - INFO - HedgeFund - Entering long position: 0.020458 BTC at 46710.90
2025-12-03 15:00:06,121 - INFO - HedgeFund - Exiting position: P&L = 0.82 (0.09%)
2025-12-03 15:00:06,121 - INFO - HedgeFund - Entering long position: 0.022057 BTC at 43327.88
2025-12-03 15:00:06,121 - INFO - HedgeFund - Exiting position: P&L = 5.27 (0.55%)
2025-12-03 15:00:06,121 - INFO - HedgeFund - Entering long position: 0.021523 BTC at 44428.51
2025-12-03 15:00:06,121 - INFO - HedgeFund - Exiting position: P&L = -0.95 (-0.10%)
2025-12-03 15:00:06,121 - INFO - HedgeFund - Entering long position: 0.021489 BTC at 44494.59
2025-12-03 15:00:06,122 - INFO - HedgeFund - Exiting position: P&L = -17.28 (-1.81%)
2025-12-03 15:00:06,122 - INFO - HedgeFund - Entering long position: 0.021756 BTC at 43868.68
2025-12-03 15:00:06,122 - INFO - HedgeFund - Exiting position: P&L = -10.00 (-1.05%)
2025-12-03 15:00:06,122 - INFO - HedgeFund - Entering long position: 0.021711 BTC at 43913.73
2025-12-03 15:00:06,122 - INFO - HedgeFund - Exiting position: P&L = -2.83 (-0.30%)
2025-12-03 15:00:06,122 - INFO - HedgeFund - Entering long position: 0.021464 BTC at 44405.10
2025-12-03 15:00:06,122 - INFO - HedgeFund - Exiting position: P&L = -17.53 (-1.84%)
2025-12-03 15:00:06,122 - INFO - HedgeFund - Entering long position: 0.022289 BTC at 42682.31
2025-12-03 15:00:06,122 - INFO - HedgeFund - Exiting position: P&L = -6.54 (-0.69%)
2025-12-03 15:00:06,122 - INFO - HedgeFund - Entering long position: 0.022230 BTC at 42766.91
2025-12-03 15:00:06,122 - INFO - HedgeFund - Exiting position: P&L = -8.89 (-0.93%)
2025-12-03 15:00:06,122 - INFO - HedgeFund - Entering long position: 0.022638 BTC at 41956.60
2025-12-03 15:00:06,122 - INFO - HedgeFund - Exiting position: P&L = -12.24 (-1.29%)
2025-12-03 15:00:06,122 - INFO - HedgeFund - Entering long position: 0.022486 BTC at 42185.98
2025-12-03 15:00:06,123 - INFO - HedgeFund - Exiting position: P&L = -18.19 (-1.92%)
2025-12-03 15:00:06,123 - INFO - HedgeFund - Entering long position: 0.022466 BTC at 42143.61
2025-12-03 15:00:06,123 - INFO - HedgeFund - Exiting position: P&L = 14.19 (1.50%)
2025-12-03 15:00:06,123 - INFO - HedgeFund - Entering long position: 0.022356 BTC at 42413.59
2025-12-03 15:00:06,123 - INFO - HedgeFund - Exiting position: P&L = -3.48 (-0.37%)
2025-12-03 15:00:06,123 - INFO - HedgeFund - Entering long position: 0.022470 BTC at 42182.43
2025-12-03 15:00:06,123 - INFO - HedgeFund - Exiting position: P&L = 105.48 (11.13%)
2025-12-03 15:00:06,123 - INFO - HedgeFund - Entering long position: 0.020358 BTC at 47077.84
2025-12-03 15:00:06,123 - INFO - HedgeFund - Exiting position: P&L = -1.89 (-0.20%)
2025-12-03 15:00:06,123 - INFO - HedgeFund - Entering long position: 0.020338 BTC at 47115.09
2025-12-03 15:00:06,123 - INFO - HedgeFund - Exiting position: P&L = -6.55 (-0.68%)
2025-12-03 15:00:06,124 - INFO - HedgeFund - Entering long position: 0.021448 BTC at 44645.25
2025-12-03 15:00:06,124 - INFO - HedgeFund - Exiting position: P&L = -10.58 (-1.10%)
2025-12-03 15:00:06,124 - INFO - HedgeFund - Entering long position: 0.021372 BTC at 44754.99
2025-12-03 15:00:06,124 - INFO - HedgeFund - Exiting position: P&L = -0.29 (-0.03%)
2025-12-03 15:00:06,124 - INFO - HedgeFund - Entering long position: 0.021947 BTC at 43580.89
2025-12-03 15:00:06,124 - INFO - HedgeFund - Exiting position: P&L = 7.04 (0.74%)
2025-12-03 15:00:06,124 - INFO - HedgeFund - Entering long position: 0.021625 BTC at 44262.77
2025-12-03 15:00:06,124 - INFO - HedgeFund - Exiting position: P&L = -17.49 (-1.83%)
2025-12-03 15:00:06,124 - INFO - HedgeFund - Entering long position: 0.022489 BTC at 42483.72
2025-12-03 15:00:06,124 - INFO - HedgeFund - Exiting position: P&L = 3.55 (0.37%)
2025-12-03 15:00:06,124 - INFO - HedgeFund - Entering long position: 0.022404 BTC at 42660.33
2025-12-03 15:00:06,124 - INFO - HedgeFund - Exiting position: P&L = -15.62 (-1.63%)
2025-12-03 15:00:06,124 - INFO - HedgeFund - Entering long position: 0.022682 BTC at 42068.73
2025-12-03 15:00:06,124 - INFO - HedgeFund - Exiting position: P&L = -13.92 (-1.46%)
2025-12-03 15:00:06,124 - INFO - HedgeFund - Entering long position: 0.022790 BTC at 41809.75
2025-12-03 15:00:06,125 - INFO - HedgeFund - Exiting position: P&L = -9.83 (-1.03%)
2025-12-03 15:00:06,125 - INFO - HedgeFund - Entering long position: 0.022742 BTC at 41853.43
2025-12-03 15:00:06,125 - INFO - HedgeFund - Exiting position: P&L = 10.74 (1.13%)
2025-12-03 15:00:06,125 - INFO - HedgeFund - Entering long position: 0.022503 BTC at 42345.94
2025-12-03 15:00:06,125 - INFO - HedgeFund - Exiting position: P&L = -19.27 (-2.02%)
2025-12-03 15:00:06,125 - INFO - HedgeFund - Entering long position: 0.022496 BTC at 42273.49
2025-12-03 15:00:06,125 - INFO - HedgeFund - Exiting position: P&L = -5.83 (-0.61%)
2025-12-03 15:00:06,125 - INFO - HedgeFund - Entering long position: 0.022732 BTC at 41808.83
2025-12-03 15:00:06,125 - INFO - HedgeFund - Exiting position: P&L = -6.24 (-0.66%)
2025-12-03 15:00:06,125 - INFO - HedgeFund - Entering long position: 0.023346 BTC at 40683.50
2025-12-03 15:00:06,125 - INFO - HedgeFund - Exiting position: P&L = 6.37 (0.67%)
2025-12-03 15:00:06,125 - INFO - HedgeFund - Entering long position: 0.023399 BTC at 40617.33
2025-12-03 15:00:06,125 - INFO - HedgeFund - Exiting position: P&L = 30.81 (3.24%)
2025-12-03 15:00:06,125 - INFO - HedgeFund - Entering long position: 0.022416 BTC at 42537.46
2025-12-03 15:00:06,125 - INFO - HedgeFund - Exiting position: P&L = -22.32 (-2.34%)
2025-12-03 15:00:06,125 - INFO - HedgeFund - Entering long position: 0.022230 BTC at 42792.46
2025-12-03 15:00:06,126 - INFO - HedgeFund - Exiting position: P&L = -5.55 (-0.58%)
2025-12-03 15:00:06,126 - INFO - HedgeFund - Entering long position: 0.022904 BTC at 41508.42
2025-12-03 15:00:06,126 - INFO - HedgeFund - Exiting position: P&L = -28.44 (-2.99%)
2025-12-03 15:00:06,126 - INFO - HedgeFund - Entering long position: 0.024261 BTC at 39069.40
2025-12-03 15:00:06,126 - INFO - HedgeFund - Exiting position: P&L = -11.71 (-1.24%)
2025-12-03 15:00:06,126 - INFO - HedgeFund - Entering long position: 0.024403 BTC at 38794.30
2025-12-03 15:00:06,126 - INFO - HedgeFund - Exiting position: P&L = 26.94 (2.85%)
2025-12-03 15:00:06,126 - INFO - HedgeFund - Entering long position: 0.023720 BTC at 40024.17
2025-12-03 15:00:06,126 - INFO - HedgeFund - Exiting position: P&L = -3.28 (-0.35%)
2025-12-03 15:00:06,126 - INFO - HedgeFund - Entering long position: 0.023824 BTC at 39835.77
2025-12-03 15:00:06,126 - INFO - HedgeFund - Exiting position: P&L = 7.68 (0.81%)
2025-12-03 15:00:06,127 - INFO - HedgeFund - Entering long position: 0.023735 BTC at 40018.99
2025-12-03 15:00:06,127 - INFO - HedgeFund - Exiting position: P&L = -12.11 (-1.27%)
2025-12-03 15:00:06,127 - INFO - HedgeFund - Entering long position: 0.023882 BTC at 39721.60
2025-12-03 15:00:06,127 - INFO - HedgeFund - Exiting position: P&L = 6.06 (0.64%)
2025-12-03 15:00:06,127 - INFO - HedgeFund - Entering long position: 0.023169 BTC at 40970.16
2025-12-03 15:00:06,127 - INFO - HedgeFund - Exiting position: P&L = -4.01 (-0.42%)
2025-12-03 15:00:06,127 - INFO - HedgeFund - Entering long position: 0.023380 BTC at 40583.57
2025-12-03 15:00:06,127 - INFO - HedgeFund - Exiting position: P&L = -6.14 (-0.65%)
2025-12-03 15:00:06,127 - INFO - HedgeFund - Entering long position: 0.023539 BTC at 40282.42
2025-12-03 15:00:06,127 - INFO - HedgeFund - Exiting position: P&L = -9.98 (-1.05%)
2025-12-03 15:00:06,127 - INFO - HedgeFund - Entering long position: 0.023795 BTC at 39806.73
2025-12-03 15:00:06,127 - INFO - HedgeFund - Exiting position: P&L = -13.63 (-1.44%)
2025-12-03 15:00:06,127 - INFO - HedgeFund - Entering long position: 0.023733 BTC at 39853.12
2025-12-03 15:00:06,127 - INFO - HedgeFund - Exiting position: P&L = -9.69 (-1.02%)
2025-12-03 15:00:06,128 - INFO - HedgeFund - Entering long position: 0.023797 BTC at 39706.68
2025-12-03 15:00:06,128 - INFO - HedgeFund - Exiting position: P&L = -10.96 (-1.16%)
2025-12-03 15:00:06,128 - INFO - HedgeFund - Entering long position: 0.023927 BTC at 39444.85
2025-12-03 15:00:06,128 - INFO - HedgeFund - Exiting position: P&L = -11.07 (-1.17%)
2025-12-03 15:00:06,128 - INFO - HedgeFund - Entering long position: 0.024094 BTC at 39125.19
2025-12-03 15:00:06,128 - INFO - HedgeFund - Exiting position: P&L = -9.53 (-1.01%)
2025-12-03 15:00:06,128 - INFO - HedgeFund - Entering long position: 0.023990 BTC at 39255.09
2025-12-03 15:00:06,128 - INFO - HedgeFund - Exiting position: P&L = 5.54 (0.59%)
2025-12-03 15:00:06,128 - INFO - HedgeFund - Entering long position: 0.023747 BTC at 39679.12
2025-12-03 15:00:06,128 - INFO - HedgeFund - Exiting position: P&L = 9.25 (0.98%)
2025-12-03 15:00:06,128 - INFO - HedgeFund - Entering long position: 0.023604 BTC at 39960.16
2025-12-03 15:00:06,128 - INFO - HedgeFund - Exiting position: P&L = -16.80 (-1.78%)
2025-12-03 15:00:06,128 - INFO - HedgeFund - Entering long position: 0.023381 BTC at 40269.06
2025-12-03 15:00:06,128 - INFO - HedgeFund - Exiting position: P&L = -8.76 (-0.93%)
2025-12-03 15:00:06,128 - INFO - HedgeFund - Entering long position: 0.023337 BTC at 40306.59
2025-12-03 15:00:06,129 - INFO - HedgeFund - Exiting position: P&L = 7.57 (0.81%)
2025-12-03 15:00:06,129 - INFO - HedgeFund - Entering long position: 0.023495 BTC at 40068.65
2025-12-03 15:00:06,129 - INFO - HedgeFund - Exiting position: P&L = -3.34 (-0.35%)
2025-12-03 15:00:06,129 - INFO - HedgeFund - Entering long position: 0.023313 BTC at 40366.13
2025-12-03 15:00:06,129 - INFO - HedgeFund - Exiting position: P&L = -16.24 (-1.73%)
2025-12-03 15:00:06,129 - INFO - HedgeFund - Entering long position: 0.023536 BTC at 39915.71
2025-12-03 15:00:06,129 - INFO - HedgeFund - Exiting position: P&L = -11.24 (-1.20%)
2025-12-03 15:00:06,129 - INFO - HedgeFund - Entering long position: 0.024959 BTC at 37594.20
2025-12-03 15:00:06,129 - INFO - HedgeFund - Exiting position: P&L = -8.11 (-0.86%)
2025-12-03 15:00:06,129 - INFO - HedgeFund - Entering long position: 0.024817 BTC at 37777.48
2025-12-03 15:00:06,129 - INFO - HedgeFund - Exiting position: P&L = -9.75 (-1.04%)
2025-12-03 15:00:06,129 - INFO - HedgeFund - Entering long position: 0.024723 BTC at 37881.25
2025-12-03 15:00:06,129 - INFO - HedgeFund - Exiting position: P&L = -4.33 (-0.46%)
2025-12-03 15:00:06,129 - INFO - HedgeFund - Entering long position: 0.025027 BTC at 37403.11
2025-12-03 15:00:06,129 - INFO - HedgeFund - Exiting position: P&L = -20.25 (-2.16%)
2025-12-03 15:00:06,130 - INFO - HedgeFund - Entering long position: 0.026155 BTC at 35712.79
2025-12-03 15:00:06,130 - INFO - HedgeFund - Exiting position: P&L = 1.44 (0.15%)
2025-12-03 15:00:06,130 - INFO - HedgeFund - Entering long position: 0.026837 BTC at 34810.82
2025-12-03 15:00:06,130 - INFO - HedgeFund - Exiting position: P&L = 8.69 (0.93%)
2025-12-03 15:00:06,130 - INFO - HedgeFund - Entering long position: 0.026236 BTC at 35641.18
2025-12-03 15:00:06,130 - INFO - HedgeFund - Exiting position: P&L = 0.84 (0.09%)
2025-12-03 15:00:06,130 - INFO - HedgeFund - Entering long position: 0.027364 BTC at 34174.98
2025-12-03 15:00:06,130 - INFO - HedgeFund - Exiting position: P&L = -12.70 (-1.36%)
2025-12-03 15:00:06,130 - INFO - HedgeFund - Entering long position: 0.028060 BTC at 33282.75
2025-12-03 15:00:06,130 - INFO - HedgeFund - Exiting position: P&L = -0.75 (-0.08%)
2025-12-03 15:00:06,130 - INFO - HedgeFund - Entering long position: 0.027948 BTC at 33413.18
2025-12-03 15:00:06,130 - INFO - HedgeFund - Exiting position: P&L = -5.09 (-0.54%)
2025-12-03 15:00:06,130 - INFO - HedgeFund - Entering long position: 0.027543 BTC at 33886.63
2025-12-03 15:00:06,131 - INFO - HedgeFund - Exiting position: P&L = 21.55 (2.31%)
2025-12-03 15:00:06,131 - INFO - HedgeFund - Entering long position: 0.027684 BTC at 33791.14
2025-12-03 15:00:06,131 - INFO - HedgeFund - Exiting position: P&L = -8.04 (-0.86%)
2025-12-03 15:00:06,131 - INFO - HedgeFund - Entering long position: 0.027367 BTC at 34153.13
2025-12-03 15:00:06,131 - INFO - HedgeFund - Exiting position: P&L = -22.30 (-2.39%)
2025-12-03 15:00:06,131 - INFO - HedgeFund - Entering long position: 0.027672 BTC at 33696.57
2025-12-03 15:00:06,131 - INFO - HedgeFund - Exiting position: P&L = 3.10 (0.33%)
2025-12-03 15:00:06,131 - INFO - HedgeFund - Entering long position: 0.027736 BTC at 33629.28
2025-12-03 15:00:06,131 - INFO - HedgeFund - Exiting position: P&L = 2.71 (0.29%)
2025-12-03 15:00:06,131 - INFO - HedgeFund - Entering long position: 0.027488 BTC at 33942.57
2025-12-03 15:00:06,131 - INFO - HedgeFund - Exiting position: P&L = -2.67 (-0.29%)
2025-12-03 15:00:06,131 - INFO - HedgeFund - Entering long position: 0.027739 BTC at 33626.51
2025-12-03 15:00:06,131 - INFO - HedgeFund - Exiting position: P&L = 25.15 (2.70%)
2025-12-03 15:00:06,131 - INFO - HedgeFund - Entering long position: 0.027018 BTC at 34617.31
2025-12-03 15:00:06,131 - INFO - HedgeFund - Exiting position: P&L = -4.90 (-0.52%)
2025-12-03 15:00:06,132 - INFO - HedgeFund - Entering long position: 0.027355 BTC at 34172.60
2025-12-03 15:00:06,132 - INFO - HedgeFund - Exiting position: P&L = -4.46 (-0.48%)
2025-12-03 15:00:06,132 - INFO - HedgeFund - Entering long position: 0.027063 BTC at 34524.66
2025-12-03 15:00:06,132 - INFO - HedgeFund - Exiting position: P&L = -7.13 (-0.76%)
2025-12-03 15:00:06,132 - INFO - HedgeFund - Entering long position: 0.026882 BTC at 34729.85
2025-12-03 15:00:06,132 - INFO - HedgeFund - Exiting position: P&L = 0.65 (0.07%)
2025-12-03 15:00:06,132 - INFO - HedgeFund - Entering long position: 0.026838 BTC at 34790.11
2025-12-03 15:00:06,132 - INFO - HedgeFund - Exiting position: P&L = -7.67 (-0.82%)
2025-12-03 15:00:06,132 - INFO - HedgeFund - Entering long position: 0.027689 BTC at 33693.28
2025-12-03 15:00:06,132 - INFO - HedgeFund - Exiting position: P&L = -5.18 (-0.56%)
2025-12-03 15:00:06,132 - INFO - HedgeFund - Entering long position: 0.027718 BTC at 33638.67
2025-12-03 15:00:06,132 - INFO - HedgeFund - Exiting position: P&L = 21.03 (2.26%)
2025-12-03 15:00:06,132 - INFO - HedgeFund - Entering long position: 0.027282 BTC at 34253.91
2025-12-03 15:00:06,132 - INFO - HedgeFund - Exiting position: P&L = 10.78 (1.15%)
2025-12-03 15:00:06,132 - INFO - HedgeFund - Entering long position: 0.026659 BTC at 35094.27
2025-12-03 15:00:06,133 - INFO - HedgeFund - Exiting position: P&L = 18.31 (1.96%)
2025-12-03 15:00:06,133 - INFO - HedgeFund - Entering long position: 0.026561 BTC at 35293.25
2025-12-03 15:00:06,133 - INFO - HedgeFund - Exiting position: P&L = -6.67 (-0.71%)
2025-12-03 15:00:06,133 - INFO - HedgeFund - Entering long position: 0.026288 BTC at 35633.53
2025-12-03 15:00:06,133 - INFO - HedgeFund - Exiting position: P&L = -3.99 (-0.43%)
2025-12-03 15:00:06,133 - INFO - HedgeFund - Entering long position: 0.026075 BTC at 35910.49
2025-12-03 15:00:06,133 - INFO - HedgeFund - Exiting position: P&L = 18.01 (1.92%)
2025-12-03 15:00:06,133 - INFO - HedgeFund - Entering long position: 0.025422 BTC at 36902.74
2025-12-03 15:00:06,133 - INFO - HedgeFund - Exiting position: P&L = -10.40 (-1.11%)
2025-12-03 15:00:06,133 - INFO - HedgeFund - Entering long position: 0.025508 BTC at 36737.50
2025-12-03 15:00:06,133 - INFO - HedgeFund - Exiting position: P&L = -5.53 (-0.59%)
2025-12-03 15:00:06,133 - INFO - HedgeFund - Entering long position: 0.025400 BTC at 36872.45
2025-12-03 15:00:06,133 - INFO - HedgeFund - Exiting position: P&L = 44.73 (4.78%)
2025-12-03 15:00:06,133 - INFO - HedgeFund - Entering long position: 0.023829 BTC at 39491.40
2025-12-03 15:00:06,133 - INFO - HedgeFund - Exiting position: P&L = 14.15 (1.50%)
2025-12-03 15:00:06,134 - INFO - HedgeFund - Entering long position: 0.023449 BTC at 40190.53
2025-12-03 15:00:06,134 - INFO - HedgeFund - Exiting position: P&L = -2.95 (-0.31%)
2025-12-03 15:00:06,134 - INFO - HedgeFund - Entering long position: 0.023120 BTC at 40750.86
2025-12-03 15:00:06,134 - INFO - HedgeFund - Exiting position: P&L = 1.06 (0.11%)
2025-12-03 15:00:06,134 - INFO - HedgeFund - Entering long position: 0.023287 BTC at 40462.09
2025-12-03 15:00:06,134 - INFO - HedgeFund - Exiting position: P&L = -7.54 (-0.80%)
2025-12-03 15:00:06,134 - INFO - HedgeFund - Entering long position: 0.023338 BTC at 40341.77
2025-12-03 15:00:06,134 - INFO - HedgeFund - Exiting position: P&L = -10.17 (-1.08%)
2025-12-03 15:00:06,134 - INFO - HedgeFund - Entering long position: 0.023382 BTC at 40222.46
2025-12-03 15:00:06,134 - INFO - HedgeFund - Exiting position: P&L = 2.34 (0.25%)
2025-12-03 15:00:06,134 - INFO - HedgeFund - Entering long position: 0.023155 BTC at 40626.76
2025-12-03 15:00:06,134 - INFO - HedgeFund - Exiting position: P&L = 4.68 (0.50%)
2025-12-03 15:00:06,134 - INFO - HedgeFund - Entering long position: 0.023079 BTC at 40780.94
2025-12-03 15:00:06,134 - INFO - HedgeFund - Exiting position: P&L = -16.58 (-1.76%)
2025-12-03 15:00:06,134 - INFO - HedgeFund - Entering long position: 0.023490 BTC at 39996.26
2025-12-03 15:00:06,134 - INFO - HedgeFund - Exiting position: P&L = -21.79 (-2.32%)
2025-12-03 15:00:06,135 - INFO - HedgeFund - Entering long position: 0.023424 BTC at 40016.64
2025-12-03 15:00:06,135 - INFO - HedgeFund - Exiting position: P&L = -2.02 (-0.22%)
2025-12-03 15:00:06,135 - INFO - HedgeFund - Entering long position: 0.023002 BTC at 40742.53
2025-12-03 15:00:06,135 - INFO - HedgeFund - Exiting position: P&L = -16.73 (-1.78%)
2025-12-03 15:00:06,135 - INFO - HedgeFund - Entering long position: 0.023656 BTC at 39545.50
2025-12-03 15:00:06,135 - INFO - HedgeFund - Exiting position: P&L = 19.37 (2.07%)
2025-12-03 15:00:06,135 - INFO - HedgeFund - Entering long position: 0.024672 BTC at 37995.38
2025-12-03 15:00:06,135 - INFO - HedgeFund - Exiting position: P&L = 144.78 (15.44%)
2025-12-03 15:00:06,135 - INFO - HedgeFund - Entering long position: 0.021729 BTC at 43807.50
2025-12-03 15:00:06,135 - INFO - HedgeFund - Exiting position: P&L = 30.66 (3.22%)
2025-12-03 15:00:06,136 - INFO - HedgeFund - Entering long position: 0.021020 BTC at 45429.87
2025-12-03 15:00:06,136 - INFO - HedgeFund - Exiting position: P&L = 12.73 (1.33%)
2025-12-03 15:00:06,136 - INFO - HedgeFund - Entering long position: 0.020558 BTC at 46514.62
2025-12-03 15:00:06,136 - INFO - HedgeFund - Exiting position: P&L = -6.55 (-0.69%)
2025-12-03 15:00:06,136 - INFO - HedgeFund - Entering long position: 0.020394 BTC at 46854.63
2025-12-03 15:00:06,136 - INFO - HedgeFund - Exiting position: P&L = 25.43 (2.66%)
2025-12-03 15:00:06,136 - INFO - HedgeFund - Entering long position: 0.019715 BTC at 48597.92
2025-12-03 15:00:06,136 - INFO - HedgeFund - Exiting position: P&L = 57.86 (6.04%)
2025-12-03 15:00:06,136 - INFO - HedgeFund - Entering long position: 0.018512 BTC at 52069.61
2025-12-03 15:00:06,136 - INFO - HedgeFund - Exiting position: P&L = -16.89 (-1.75%)
2025-12-03 15:00:06,136 - INFO - HedgeFund - Entering long position: 0.018944 BTC at 50793.05
2025-12-03 15:00:06,136 - INFO - HedgeFund - Exiting position: P&L = -14.01 (-1.46%)
2025-12-03 15:00:06,136 - INFO - HedgeFund - Entering long position: 0.020354 BTC at 47206.02
2025-12-03 15:00:06,136 - INFO - HedgeFund - Exiting position: P&L = -15.40 (-1.60%)
2025-12-03 15:00:06,137 - INFO - HedgeFund - Entering long position: 0.020329 BTC at 47186.54
2025-12-03 15:00:06,137 - INFO - HedgeFund - Exiting position: P&L = -17.04 (-1.78%)
2025-12-03 15:00:06,137 - INFO - HedgeFund - Entering long position: 0.020361 BTC at 47028.61
2025-12-03 15:00:06,137 - INFO - HedgeFund - Exiting position: P&L = -1.40 (-0.15%)
2025-12-03 15:00:06,137 - INFO - HedgeFund - Entering long position: 0.021008 BTC at 45574.64
2025-12-03 15:00:06,137 - INFO - HedgeFund - Exiting position: P&L = -2.50 (-0.26%)
2025-12-03 15:00:06,137 - INFO - HedgeFund - Entering long position: 0.020848 BTC at 45912.17
2025-12-03 15:00:06,137 - INFO - HedgeFund - Exiting position: P&L = -14.66 (-1.53%)
2025-12-03 15:00:06,137 - INFO - HedgeFund - Entering long position: 0.021669 BTC at 44104.23
2025-12-03 15:00:06,137 - INFO - HedgeFund - Exiting position: P&L = -14.85 (-1.55%)
2025-12-03 15:00:06,137 - INFO - HedgeFund - Entering long position: 0.021624 BTC at 44127.96
2025-12-03 15:00:06,137 - INFO - HedgeFund - Exiting position: P&L = -18.10 (-1.90%)
2025-12-03 15:00:06,137 - INFO - HedgeFund - Entering long position: 0.021963 BTC at 43363.83
2025-12-03 15:00:06,137 - INFO - HedgeFund - Exiting position: P&L = -9.29 (-0.98%)
2025-12-03 15:00:06,137 - INFO - HedgeFund - Entering long position: 0.022967 BTC at 41427.81
2025-12-03 15:00:06,138 - INFO - HedgeFund - Exiting position: P&L = 32.80 (3.45%)
2025-12-03 15:00:06,138 - INFO - HedgeFund - Entering long position: 0.022804 BTC at 41867.76
2025-12-03 15:00:06,138 - INFO - HedgeFund - Exiting position: P&L = 15.62 (1.64%)
2025-12-03 15:00:06,138 - INFO - HedgeFund - Entering long position: 0.022183 BTC at 43111.10
2025-12-03 15:00:06,138 - INFO - HedgeFund - Exiting position: P&L = -23.19 (-2.42%)
2025-12-03 15:00:06,138 - INFO - HedgeFund - Entering long position: 0.022240 BTC at 42895.79
2025-12-03 15:00:06,138 - INFO - HedgeFund - Exiting position: P&L = -1.20 (-0.13%)
2025-12-03 15:00:06,138 - INFO - HedgeFund - Entering long position: 0.022056 BTC at 43248.31
2025-12-03 15:00:06,138 - INFO - HedgeFund - Exiting position: P&L = -12.01 (-1.26%)
2025-12-03 15:00:06,138 - INFO - HedgeFund - Entering long position: 0.022128 BTC at 43053.47
2025-12-03 15:00:06,138 - INFO - HedgeFund - Exiting position: P&L = 19.13 (2.01%)
2025-12-03 15:00:06,138 - INFO - HedgeFund - Entering long position: 0.022329 BTC at 42750.92
2025-12-03 15:00:06,138 - INFO - HedgeFund - Exiting position: P&L = 22.04 (2.31%)
2025-12-03 15:00:06,139 - INFO - HedgeFund - Entering long position: 0.021766 BTC at 43959.66
2025-12-03 15:00:06,139 - INFO - HedgeFund - Exiting position: P&L = 4.81 (0.50%)
2025-12-03 15:00:06,139 - INFO - HedgeFund - Entering long position: 0.021478 BTC at 44570.02
2025-12-03 15:00:06,139 - INFO - HedgeFund - Exiting position: P&L = -25.02 (-2.61%)
2025-12-03 15:00:06,139 - INFO - HedgeFund - Entering long position: 0.021941 BTC at 43515.20
2025-12-03 15:00:06,139 - INFO - HedgeFund - Exiting position: P&L = -10.38 (-1.09%)
2025-12-03 15:00:06,139 - INFO - HedgeFund - Entering long position: 0.021802 BTC at 43746.11
2025-12-03 15:00:06,139 - INFO - HedgeFund - Exiting position: P&L = -18.10 (-1.90%)
2025-12-03 15:00:06,139 - INFO - HedgeFund - Entering long position: 0.022101 BTC at 43071.63
2025-12-03 15:00:06,139 - INFO - HedgeFund - Exiting position: P&L = -15.66 (-1.64%)
2025-12-03 15:00:06,139 - INFO - HedgeFund - Entering long position: 0.022115 BTC at 42973.57
2025-12-03 15:00:06,139 - INFO - HedgeFund - Exiting position: P&L = 75.82 (7.98%)
2025-12-03 15:00:06,139 - INFO - HedgeFund - Entering long position: 0.020644 BTC at 46404.26
2025-12-03 15:00:06,139 - INFO - HedgeFund - Exiting position: P&L = -10.20 (-1.06%)
2025-12-03 15:00:06,139 - INFO - HedgeFund - Entering long position: 0.020578 BTC at 46503.27
2025-12-03 15:00:06,140 - INFO - HedgeFund - Exiting position: P&L = 16.90 (1.77%)
2025-12-03 15:00:06,140 - INFO - HedgeFund - Entering long position: 0.020316 BTC at 47186.63
2025-12-03 15:00:06,140 - INFO - HedgeFund - Exiting position: P&L = -11.02 (-1.15%)
2025-12-03 15:00:06,140 - INFO - HedgeFund - Entering long position: 0.020536 BTC at 46625.90
2025-12-03 15:00:06,140 - INFO - HedgeFund - Exiting position: P&L = -12.64 (-1.32%)
2025-12-03 15:00:06,140 - INFO - HedgeFund - Entering long position: 0.020586 BTC at 46452.08
2025-12-03 15:00:06,140 - INFO - HedgeFund - Exiting position: P&L = -7.39 (-0.77%)
2025-12-03 15:00:06,140 - INFO - HedgeFund - Entering long position: 0.021178 BTC at 45118.98
2025-12-03 15:00:06,140 - INFO - HedgeFund - Exiting position: P&L = -11.72 (-1.23%)
2025-12-03 15:00:06,140 - INFO - HedgeFund - Entering long position: 0.021923 BTC at 43531.55
2025-12-03 15:00:06,140 - INFO - HedgeFund - Exiting position: P&L = -5.42 (-0.57%)
2025-12-03 15:00:06,141 - INFO - HedgeFund - Entering long position: 0.021941 BTC at 43470.67
2025-12-03 15:00:06,141 - INFO - HedgeFund - Exiting position: P&L = 19.78 (2.07%)
2025-12-03 15:00:06,141 - INFO - HedgeFund - Entering long position: 0.021356 BTC at 44755.55
2025-12-03 15:00:06,141 - INFO - HedgeFund - Exiting position: P&L = -10.95 (-1.15%)
2025-12-03 15:00:06,141 - INFO - HedgeFund - Entering long position: 0.021078 BTC at 45293.30
2025-12-03 15:00:06,141 - INFO - HedgeFund - Exiting position: P&L = 19.79 (2.07%)
2025-12-03 15:00:06,141 - INFO - HedgeFund - Entering long position: 0.020678 BTC at 46264.17
2025-12-03 15:00:06,141 - INFO - HedgeFund - Exiting position: P&L = -15.52 (-1.62%)
2025-12-03 15:00:06,141 - INFO - HedgeFund - Entering long position: 0.022018 BTC at 43378.20
2025-12-03 15:00:06,141 - INFO - HedgeFund - Exiting position: P&L = -1.11 (-0.12%)
2025-12-03 15:00:06,141 - INFO - HedgeFund - Entering long position: 0.022232 BTC at 42956.00
2025-12-03 15:00:06,141 - INFO - HedgeFund - Exiting position: P&L = -6.46 (-0.68%)
2025-12-03 15:00:06,141 - INFO - HedgeFund - Entering long position: 0.022057 BTC at 43268.82
2025-12-03 15:00:06,142 - INFO - HedgeFund - Exiting position: P&L = 1.99 (0.21%)
2025-12-03 15:00:06,142 - INFO - HedgeFund - Entering long position: 0.021930 BTC at 43527.15
2025-12-03 15:00:06,142 - INFO - HedgeFund - Exiting position: P&L = -5.73 (-0.60%)
2025-12-03 15:00:06,142 - INFO - HedgeFund - Entering long position: 0.022140 BTC at 43088.04
2025-12-03 15:00:06,142 - INFO - HedgeFund - Exiting position: P&L = -4.99 (-0.52%)
2025-12-03 15:00:06,142 - INFO - HedgeFund - Entering long position: 0.022908 BTC at 41622.47
2025-12-03 15:00:06,142 - INFO - HedgeFund - Exiting position: P&L = -8.58 (-0.90%)
2025-12-03 15:00:06,142 - INFO - HedgeFund - Entering long position: 0.022842 BTC at 41705.49
2025-12-03 15:00:06,142 - INFO - HedgeFund - Exiting position: P&L = 43.16 (4.53%)
2025-12-03 15:00:06,142 - INFO - HedgeFund - Entering long position: 0.022073 BTC at 43354.53
2025-12-03 15:00:06,142 - INFO - HedgeFund - Exiting position: P&L = 98.62 (10.31%)
2025-12-03 15:00:06,142 - INFO - HedgeFund - Entering long position: 0.019720 BTC at 49026.63
2025-12-03 15:00:06,143 - INFO - HedgeFund - Exiting position: P&L = 6.40 (0.66%)
2025-12-03 15:00:06,143 - INFO - HedgeFund - Entering long position: 0.019433 BTC at 49784.22
2025-12-03 15:00:06,143 - INFO - HedgeFund - Exiting position: P&L = -14.57 (-1.51%)
2025-12-03 15:00:06,143 - INFO - HedgeFund - Entering long position: 0.019570 BTC at 49360.06
2025-12-03 15:00:06,143 - INFO - HedgeFund - Exiting position: P&L = -18.17 (-1.88%)
2025-12-03 15:00:06,143 - INFO - HedgeFund - Entering long position: 0.019657 BTC at 49050.17
2025-12-03 15:00:06,143 - INFO - HedgeFund - Exiting position: P&L = -7.36 (-0.76%)
2025-12-03 15:00:06,143 - INFO - HedgeFund - Entering long position: 0.019418 BTC at 49616.47
2025-12-03 15:00:06,143 - INFO - HedgeFund - Exiting position: P&L = -15.27 (-1.59%)
2025-12-03 15:00:06,143 - INFO - HedgeFund - Entering long position: 0.019523 BTC at 49269.67
2025-12-03 15:00:06,143 - INFO - HedgeFund - Exiting position: P&L = 3.11 (0.32%)
2025-12-03 15:00:06,143 - INFO - HedgeFund - Entering long position: 0.019211 BTC at 50086.29
2025-12-03 15:00:06,144 - INFO - HedgeFund - Exiting position: P&L = 80.14 (8.33%)
2025-12-03 15:00:06,144 - INFO - HedgeFund - Entering long position: 0.017827 BTC at 54425.06
2025-12-03 15:00:06,144 - INFO - HedgeFund - Exiting position: P&L = 30.99 (3.19%)
2025-12-03 15:00:06,144 - INFO - HedgeFund - Entering long position: 0.017230 BTC at 56491.04
2025-12-03 15:00:06,144 - INFO - HedgeFund - Exiting position: P&L = -13.56 (-1.39%)
2025-12-03 15:00:06,144 - INFO - HedgeFund - Entering long position: 0.017186 BTC at 56555.12
2025-12-03 15:00:06,144 - INFO - HedgeFund - Exiting position: P&L = -8.06 (-0.83%)
2025-12-03 15:00:06,144 - INFO - HedgeFund - Entering long position: 0.017139 BTC at 56665.03
2025-12-03 15:00:06,144 - INFO - HedgeFund - Exiting position: P&L = 11.97 (1.23%)
2025-12-03 15:00:06,144 - INFO - HedgeFund - Entering long position: 0.017781 BTC at 54685.76
2025-12-03 15:00:06,144 - INFO - HedgeFund - Exiting position: P&L = 15.00 (1.54%)
2025-12-03 15:00:06,144 - INFO - HedgeFund - Entering long position: 0.017259 BTC at 56425.92
2025-12-03 15:00:06,144 - INFO - HedgeFund - Exiting position: P&L = -6.34 (-0.65%)
2025-12-03 15:00:06,145 - INFO - HedgeFund - Entering long position: 0.017366 BTC at 56042.28
2025-12-03 15:00:06,145 - INFO - HedgeFund - Exiting position: P&L = -1.00 (-0.10%)
2025-12-03 15:00:06,145 - INFO - HedgeFund - Entering long position: 0.017110 BTC at 56876.88
2025-12-03 15:00:06,145 - INFO - HedgeFund - Exiting position: P&L = -4.05 (-0.42%)
2025-12-03 15:00:06,145 - INFO - HedgeFund - Entering long position: 0.017084 BTC at 56938.85
2025-12-03 15:00:06,145 - INFO - HedgeFund - Exiting position: P&L = 36.64 (3.77%)
2025-12-03 15:00:06,145 - INFO - HedgeFund - Entering long position: 0.016372 BTC at 59639.62
2025-12-03 15:00:06,145 - INFO - HedgeFund - Exiting position: P&L = 53.03 (5.43%)
2025-12-03 15:00:06,145 - INFO - HedgeFund - Entering long position: 0.015514 BTC at 63277.58
2025-12-03 15:00:06,145 - INFO - HedgeFund - Exiting position: P&L = 0.15 (0.02%)
2025-12-03 15:00:06,145 - INFO - HedgeFund - Entering long position: 0.015367 BTC at 63884.24
2025-12-03 15:00:06,145 - INFO - HedgeFund - Exiting position: P&L = 21.19 (2.16%)
2025-12-03 15:00:06,145 - INFO - HedgeFund - Entering long position: 0.015143 BTC at 64970.41
2025-12-03 15:00:06,146 - INFO - HedgeFund - Exiting position: P&L = 45.64 (4.64%)
2025-12-03 15:00:06,146 - INFO - HedgeFund - Entering long position: 0.014656 BTC at 67437.86
2025-12-03 15:00:06,146 - INFO - HedgeFund - Exiting position: P&L = -10.04 (-1.02%)
2025-12-03 15:00:06,146 - INFO - HedgeFund - Entering long position: 0.014719 BTC at 67084.50
2025-12-03 15:00:06,146 - INFO - HedgeFund - Exiting position: P&L = 24.17 (2.45%)
2025-12-03 15:00:06,146 - INFO - HedgeFund - Entering long position: 0.014477 BTC at 68373.13
2025-12-03 15:00:06,146 - INFO - HedgeFund - Exiting position: P&L = -5.14 (-0.52%)
2025-12-03 15:00:06,146 - INFO - HedgeFund - Entering long position: 0.014447 BTC at 68475.18
2025-12-03 15:00:06,146 - INFO - HedgeFund - Exiting position: P&L = -11.88 (-1.20%)
2025-12-03 15:00:06,146 - INFO - HedgeFund - Entering long position: 0.017512 BTC at 56424.07
2025-12-03 15:00:06,146 - INFO - HedgeFund - Exiting position: P&L = 11.51 (1.16%)
2025-12-03 15:00:06,146 - INFO - HedgeFund - Entering long position: 0.017112 BTC at 57811.53
2025-12-03 15:00:06,147 - INFO - HedgeFund - Exiting position: P&L = -17.17 (-1.74%)
2025-12-03 15:00:06,147 - INFO - HedgeFund - Entering long position: 0.017646 BTC at 55963.31
2025-12-03 15:00:06,147 - INFO - HedgeFund - Exiting position: P&L = 24.23 (2.45%)
2025-12-03 15:00:06,147 - INFO - HedgeFund - Entering long position: 0.017546 BTC at 56421.88
2025-12-03 15:00:06,147 - INFO - HedgeFund - Exiting position: P&L = -7.13 (-0.72%)
2025-12-03 15:00:06,147 - INFO - HedgeFund - Entering long position: 0.017634 BTC at 56098.17
2025-12-03 15:00:06,147 - INFO - HedgeFund - Exiting position: P&L = 5.93 (0.60%)
2025-12-03 15:00:06,147 - INFO - HedgeFund - Entering long position: 0.017721 BTC at 55856.06
2025-12-03 15:00:06,147 - INFO - HedgeFund - Exiting position: P&L = -4.05 (-0.41%)
2025-12-03 15:00:06,147 - INFO - HedgeFund - Entering long position: 0.017510 BTC at 56508.08
2025-12-03 15:00:06,147 - INFO - HedgeFund - Exiting position: P&L = -14.91 (-1.51%)
2025-12-03 15:00:06,147 - INFO - HedgeFund - Entering long position: 0.017512 BTC at 56414.76
2025-12-03 15:00:06,147 - INFO - HedgeFund - Exiting position: P&L = 3.61 (0.37%)
2025-12-03 15:00:06,147 - INFO - HedgeFund - Entering long position: 0.017686 BTC at 55881.63
2025-12-03 15:00:06,148 - INFO - HedgeFund - Exiting position: P&L = -3.99 (-0.40%)
2025-12-03 15:00:06,148 - INFO - HedgeFund - Entering long position: 0.017304 BTC at 57089.78
2025-12-03 15:00:06,148 - INFO - HedgeFund - Exiting position: P&L = 59.03 (5.97%)
2025-12-03 15:00:06,148 - INFO - HedgeFund - Entering long position: 0.016208 BTC at 61316.94
2025-12-03 15:00:06,148 - INFO - HedgeFund - Exiting position: P&L = 46.84 (4.71%)
2025-12-03 15:00:06,148 - INFO - HedgeFund - Entering long position: 0.015554 BTC at 64195.16
2025-12-03 15:00:06,148 - INFO - HedgeFund - Exiting position: P&L = -6.34 (-0.64%)
2025-12-03 15:00:06,148 - INFO - HedgeFund - Entering long position: 0.017313 BTC at 57635.17
2025-12-03 15:00:06,148 - INFO - HedgeFund - Exiting position: P&L = 17.98 (1.80%)
2025-12-03 15:00:06,148 - INFO - HedgeFund - Entering long position: 0.016982 BTC at 58864.39
2025-12-03 15:00:06,148 - INFO - HedgeFund - Exiting position: P&L = -5.28 (-0.53%)
2025-12-03 15:00:06,148 - INFO - HedgeFund - Entering long position: 0.017724 BTC at 56372.61
2025-12-03 15:00:06,149 - INFO - HedgeFund - Exiting position: P&L = 39.62 (3.97%)
2025-12-03 15:00:06,149 - INFO - HedgeFund - Entering long position: 0.017002 BTC at 59000.11
2025-12-03 15:00:06,149 - INFO - HedgeFund - Exiting position: P&L = -13.08 (-1.30%)
2025-12-03 15:00:06,149 - INFO - HedgeFund - Entering long position: 0.016975 BTC at 59015.36
2025-12-03 15:00:06,149 - INFO - HedgeFund - Exiting position: P&L = 8.54 (0.85%)
2025-12-03 15:00:06,149 - INFO - HedgeFund - Entering long position: 0.016582 BTC at 60467.10
2025-12-03 15:00:06,149 - INFO - HedgeFund - Exiting position: P&L = 15.25 (1.52%)
2025-12-03 15:00:06,149 - INFO - HedgeFund - Entering long position: 0.016260 BTC at 61755.13
2025-12-03 15:00:06,149 - INFO - HedgeFund - Exiting position: P&L = 1.11 (0.11%)
2025-12-03 15:00:06,149 - INFO - HedgeFund - Entering long position: 0.016200 BTC at 61992.16
2025-12-03 15:00:06,149 - INFO - HedgeFund - Exiting position: P&L = -22.98 (-2.29%)
2025-12-03 15:00:06,149 - INFO - HedgeFund - Entering long position: 0.016238 BTC at 61706.23
2025-12-03 15:00:06,150 - INFO - HedgeFund - Exiting position: P&L = -11.90 (-1.19%)
2025-12-03 15:00:06,150 - INFO - HedgeFund - Entering long position: 0.016286 BTC at 61449.57
2025-12-03 15:00:06,150 - INFO - HedgeFund - Exiting position: P&L = 3.53 (0.35%)
2025-12-03 15:00:06,150 - INFO - HedgeFund - Entering long position: 0.016298 BTC at 61425.74
2025-12-03 15:00:06,150 - INFO - HedgeFund - Exiting position: P&L = -8.86 (-0.89%)
2025-12-03 15:00:06,150 - INFO - HedgeFund - Entering long position: 0.017161 BTC at 58287.86
2025-12-03 15:00:06,150 - INFO - HedgeFund - Exiting position: P&L = -20.66 (-2.07%)
2025-12-03 15:00:06,150 - INFO - HedgeFund - Entering long position: 0.017260 BTC at 57832.65
2025-12-03 15:00:06,150 - INFO - HedgeFund - Exiting position: P&L = -4.41 (-0.44%)
2025-12-03 15:00:06,150 - INFO - HedgeFund - Entering long position: 0.017341 BTC at 57535.56
2025-12-03 15:00:06,150 - INFO - HedgeFund - Exiting position: P&L = 23.22 (2.33%)
2025-12-03 15:00:06,150 - INFO - HedgeFund - Entering long position: 0.016726 BTC at 59790.62
2025-12-03 15:00:06,150 - INFO - HedgeFund - Exiting position: P&L = -9.95 (-0.99%)
2025-12-03 15:00:06,150 - INFO - HedgeFund - Entering long position: 0.016721 BTC at 59749.37
2025-12-03 15:00:06,150 - INFO - HedgeFund - Exiting position: P&L = -3.66 (-0.37%)
2025-12-03 15:00:06,150 - INFO - HedgeFund - Entering long position: 0.016566 BTC at 60287.41
2025-12-03 15:00:06,151 - INFO - HedgeFund - Exiting position: P&L = -14.90 (-1.49%)
2025-12-03 15:00:06,151 - INFO - HedgeFund - Entering long position: 0.016474 BTC at 60534.06
2025-12-03 15:00:06,151 - INFO - HedgeFund - Exiting position: P&L = 35.32 (3.54%)
2025-12-03 15:00:06,151 - INFO - HedgeFund - Entering long position: 0.016321 BTC at 61317.00
2025-12-03 15:00:06,151 - INFO - HedgeFund - Exiting position: P&L = -13.06 (-1.31%)
2025-12-03 15:00:06,151 - INFO - HedgeFund - Entering long position: 0.016579 BTC at 60284.62
2025-12-03 15:00:06,151 - INFO - HedgeFund - Exiting position: P&L = -7.30 (-0.73%)
2025-12-03 15:00:06,151 - INFO - HedgeFund - Entering long position: 0.016639 BTC at 60021.28
2025-12-03 15:00:06,151 - INFO - HedgeFund - Exiting position: P&L = -21.83 (-2.19%)
2025-12-03 15:00:06,151 - INFO - HedgeFund - Entering long position: 0.017514 BTC at 56899.75
2025-12-03 15:00:06,151 - INFO - HedgeFund - Exiting position: P&L = 5.35 (0.54%)
2025-12-03 15:00:06,151 - INFO - HedgeFund - Entering long position: 0.017384 BTC at 57355.83
2025-12-03 15:00:06,151 - INFO - HedgeFund - Exiting position: P&L = -4.28 (-0.43%)
2025-12-03 15:00:06,152 - INFO - HedgeFund - Entering long position: 0.017294 BTC at 57628.94
2025-12-03 15:00:06,152 - INFO - HedgeFund - Exiting position: P&L = -7.91 (-0.79%)
2025-12-03 15:00:06,152 - INFO - HedgeFund - Entering long position: 0.017155 BTC at 58048.44
2025-12-03 15:00:06,152 - INFO - HedgeFund - Exiting position: P&L = -15.90 (-1.60%)
2025-12-03 15:00:06,152 - INFO - HedgeFund - Entering long position: 0.016859 BTC at 58976.40
2025-12-03 15:00:06,152 - INFO - HedgeFund - Exiting position: P&L = 43.95 (4.42%)
2025-12-03 15:00:06,152 - INFO - HedgeFund - Entering long position: 0.016629 BTC at 60055.70
2025-12-03 15:00:06,152 - INFO - HedgeFund - Exiting position: P&L = -11.53 (-1.15%)
2025-12-03 15:00:06,152 - INFO - HedgeFund - Entering long position: 0.016913 BTC at 58977.27
2025-12-03 15:00:06,152 - INFO - HedgeFund - Exiting position: P&L = 17.60 (1.76%)
2025-12-03 15:00:06,152 - INFO - HedgeFund - Entering long position: 0.016491 BTC at 60592.36
2025-12-03 15:00:06,152 - INFO - HedgeFund - Exiting position: P&L = 45.75 (4.58%)
2025-12-03 15:00:06,152 - INFO - HedgeFund - Entering long position: 0.015597 BTC at 64359.38
2025-12-03 15:00:06,152 - INFO - HedgeFund - Exiting position: P&L = -12.39 (-1.23%)
2025-12-03 15:00:06,153 - INFO - HedgeFund - Entering long position: 0.015941 BTC at 62893.53
2025-12-03 15:00:06,153 - INFO - HedgeFund - Exiting position: P&L = -5.64 (-0.56%)
2025-12-03 15:00:06,153 - INFO - HedgeFund - Entering long position: 0.015827 BTC at 63311.99
2025-12-03 15:00:06,153 - INFO - HedgeFund - Exiting position: P&L = -5.17 (-0.52%)
2025-12-03 15:00:06,153 - INFO - HedgeFund - Entering long position: 0.015722 BTC at 63699.44
2025-12-03 15:00:06,153 - INFO - HedgeFund - Exiting position: P&L = -7.83 (-0.78%)
2025-12-03 15:00:06,153 - INFO - HedgeFund - Entering long position: 0.015767 BTC at 63471.88
2025-12-03 15:00:06,153 - INFO - HedgeFund - Exiting position: P&L = -0.69 (-0.07%)
2025-12-03 15:00:06,153 - INFO - HedgeFund - Entering long position: 0.015854 BTC at 63116.93
2025-12-03 15:00:06,153 - INFO - HedgeFund - Exiting position: P&L = -5.95 (-0.59%)
2025-12-03 15:00:06,153 - INFO - HedgeFund - Entering long position: 0.016054 BTC at 62293.68
2025-12-03 15:00:06,153 - INFO - HedgeFund - Exiting position: P&L = -6.31 (-0.63%)
2025-12-03 15:00:06,153 - INFO - HedgeFund - Entering long position: 0.016204 BTC at 61676.61
2025-12-03 15:00:06,153 - INFO - HedgeFund - Exiting position: P&L = 11.35 (1.14%)
2025-12-03 15:00:06,153 - INFO - HedgeFund - Entering long position: 0.016629 BTC at 60171.94
2025-12-03 15:00:06,154 - INFO - HedgeFund - Exiting position: P&L = -4.14 (-0.41%)
2025-12-03 15:00:06,154 - INFO - HedgeFund - Entering long position: 0.016714 BTC at 59838.40
2025-12-03 15:00:06,154 - INFO - HedgeFund - Exiting position: P&L = -15.76 (-1.58%)
2025-12-03 15:00:06,154 - INFO - HedgeFund - Entering long position: 0.016779 BTC at 59514.52
2025-12-03 15:00:06,154 - INFO - HedgeFund - Exiting position: P&L = 46.91 (4.70%)
2025-12-03 15:00:06,154 - INFO - HedgeFund - Entering long position: 0.016735 BTC at 59950.59
2025-12-03 15:00:06,154 - INFO - HedgeFund - Exiting position: P&L = -8.18 (-0.82%)
2025-12-03 15:00:06,154 - INFO - HedgeFund - Entering long position: 0.016578 BTC at 60468.10
2025-12-03 15:00:06,154 - INFO - HedgeFund - Exiting position: P&L = 52.17 (5.20%)
2025-12-03 15:00:06,154 - INFO - HedgeFund - Entering long position: 0.015561 BTC at 64758.04
2025-12-03 15:00:06,154 - INFO - HedgeFund - Exiting position: P&L = 37.55 (3.73%)
2025-12-03 15:00:06,154 - INFO - HedgeFund - Entering long position: 0.014823 BTC at 68235.76
2025-12-03 15:00:06,154 - INFO - HedgeFund - Exiting position: P&L = 2.29 (0.23%)
2025-12-03 15:00:06,154 - INFO - HedgeFund - Entering long position: 0.014743 BTC at 68618.10
2025-12-03 15:00:06,155 - INFO - HedgeFund - Exiting position: P&L = -17.21 (-1.70%)
2025-12-03 15:00:06,155 - INFO - HedgeFund - Entering long position: 0.014987 BTC at 67386.24
2025-12-03 15:00:06,155 - INFO - HedgeFund - Exiting position: P&L = 1.31 (0.13%)
2025-12-03 15:00:06,155 - INFO - HedgeFund - Entering long position: 0.014946 BTC at 67580.47
2025-12-03 15:00:06,155 - INFO - HedgeFund - Exiting position: P&L = -0.65 (-0.06%)
2025-12-03 15:00:06,155 - INFO - HedgeFund - Entering long position: 0.014855 BTC at 67991.23
2025-12-03 15:00:06,155 - INFO - HedgeFund - Exiting position: P&L = -15.70 (-1.55%)
2025-12-03 15:00:06,155 - INFO - HedgeFund - Entering long position: 0.014697 BTC at 68613.58
2025-12-03 15:00:06,155 - INFO - HedgeFund - Exiting position: P&L = -24.07 (-2.39%)
2025-12-03 15:00:06,155 - INFO - HedgeFund - Entering long position: 0.014730 BTC at 68297.27
2025-12-03 15:00:06,155 - INFO - HedgeFund - Exiting position: P&L = -11.65 (-1.16%)
2025-12-03 15:00:06,155 - INFO - HedgeFund - Entering long position: 0.015731 BTC at 63878.28
2025-12-03 15:00:06,155 - INFO - HedgeFund - Exiting position: P&L = -19.71 (-1.96%)
2025-12-03 15:00:06,155 - INFO - HedgeFund - Entering long position: 0.015787 BTC at 63525.39
2025-12-03 15:00:06,155 - INFO - HedgeFund - Exiting position: P&L = 26.78 (2.67%)
2025-12-03 15:00:06,156 - INFO - HedgeFund - Entering long position: 0.015365 BTC at 65447.29
2025-12-03 15:00:06,156 - INFO - HedgeFund - Exiting position: P&L = -2.77 (-0.28%)
2025-12-03 15:00:06,156 - INFO - HedgeFund - Entering long position: 0.015242 BTC at 65955.77
2025-12-03 15:00:06,156 - INFO - HedgeFund - Exiting position: P&L = 30.59 (3.04%)
2025-12-03 15:00:06,156 - INFO - HedgeFund - Entering long position: 0.014492 BTC at 69581.82
2025-12-03 15:00:06,156 - INFO - HedgeFund - Exiting position: P&L = 8.27 (0.82%)
2025-12-03 15:00:06,156 - INFO - HedgeFund - Entering long position: 0.014145 BTC at 71342.82
2025-12-03 15:00:06,157 - INFO - HedgeFund - Exiting position: P&L = 22.77 (2.26%)
2025-12-03 15:00:06,157 - INFO - HedgeFund - Entering long position: 0.013714 BTC at 73754.20
2025-12-03 15:00:06,157 - INFO - HedgeFund - Exiting position: P&L = 32.19 (3.18%)
2025-12-03 15:00:06,157 - INFO - HedgeFund - Entering long position: 0.013367 BTC at 75910.08
2025-12-03 15:00:06,157 - INFO - HedgeFund - Exiting position: P&L = -6.06 (-0.60%)
2025-12-03 15:00:06,157 - INFO - HedgeFund - Entering long position: 0.013223 BTC at 76690.62
2025-12-03 15:00:06,157 - INFO - HedgeFund - Exiting position: P&L = -30.21 (-2.98%)
2025-12-03 15:00:06,158 - INFO - HedgeFund - Entering long position: 0.013579 BTC at 74456.85
2025-12-03 15:00:06,158 - INFO - HedgeFund - Exiting position: P&L = -5.76 (-0.57%)
2025-12-03 15:00:06,158 - INFO - HedgeFund - Entering long position: 0.013623 BTC at 74172.41
2025-12-03 15:00:06,158 - INFO - HedgeFund - Exiting position: P&L = 13.35 (1.32%)
2025-12-03 15:00:06,158 - INFO - HedgeFund - Entering long position: 0.013345 BTC at 75816.13
2025-12-03 15:00:06,158 - INFO - HedgeFund - Exiting position: P&L = -17.74 (-1.75%)
2025-12-03 15:00:06,158 - INFO - HedgeFund - Entering long position: 0.013222 BTC at 76392.17
2025-12-03 15:00:06,158 - INFO - HedgeFund - Exiting position: P&L = -32.79 (-3.25%)
2025-12-03 15:00:06,159 - INFO - HedgeFund - Entering long position: 0.014891 BTC at 67607.72
2025-12-03 15:00:06,159 - INFO - HedgeFund - Exiting position: P&L = -13.61 (-1.35%)
2025-12-03 15:00:06,159 - INFO - HedgeFund - Entering long position: 0.015159 BTC at 66324.46
2025-12-03 15:00:06,159 - INFO - HedgeFund - Exiting position: P&L = 52.01 (5.17%)
2025-12-03 15:00:06,159 - INFO - HedgeFund - Entering long position: 0.014429 BTC at 70041.22
2025-12-03 15:00:06,159 - INFO - HedgeFund - Exiting position: P&L = -24.61 (-2.44%)
2025-12-03 15:00:06,159 - INFO - HedgeFund - Entering long position: 0.014902 BTC at 67650.62
2025-12-03 15:00:06,159 - INFO - HedgeFund - Exiting position: P&L = 0.75 (0.07%)
2025-12-03 15:00:06,160 - INFO - HedgeFund - Entering long position: 0.015180 BTC at 66414.47
2025-12-03 15:00:06,160 - INFO - HedgeFund - Exiting position: P&L = 116.00 (11.51%)
2025-12-03 15:00:06,160 - INFO - HedgeFund - Entering long position: 0.014017 BTC at 72756.10
2025-12-03 15:00:06,160 - INFO - HedgeFund - Exiting position: P&L = -18.24 (-1.79%)
2025-12-03 15:00:06,160 - INFO - HedgeFund - Entering long position: 0.014368 BTC at 70850.48
2025-12-03 15:00:06,160 - INFO - HedgeFund - Exiting position: P&L = -0.77 (-0.08%)
2025-12-03 15:00:06,160 - INFO - HedgeFund - Entering long position: 0.014765 BTC at 68939.99
2025-12-03 15:00:06,161 - INFO - HedgeFund - Exiting position: P&L = -3.12 (-0.31%)
2025-12-03 15:00:06,161 - INFO - HedgeFund - Entering long position: 0.014866 BTC at 68450.54
2025-12-03 15:00:06,161 - INFO - HedgeFund - Exiting position: P&L = 14.77 (1.45%)
2025-12-03 15:00:06,161 - INFO - HedgeFund - Entering long position: 0.014877 BTC at 68501.56
2025-12-03 15:00:06,161 - INFO - HedgeFund - Exiting position: P&L = 1.88 (0.18%)
2025-12-03 15:00:06,161 - INFO - HedgeFund - Entering long position: 0.014721 BTC at 69240.64
2025-12-03 15:00:06,161 - INFO - HedgeFund - Exiting position: P&L = 1.90 (0.19%)
2025-12-03 15:00:06,161 - INFO - HedgeFund - Entering long position: 0.014677 BTC at 69457.27
2025-12-03 15:00:06,161 - INFO - HedgeFund - Exiting position: P&L = 2.09 (0.21%)
2025-12-03 15:00:06,162 - INFO - HedgeFund - Entering long position: 0.014713 BTC at 69301.90
2025-12-03 15:00:06,162 - INFO - HedgeFund - Exiting position: P&L = -8.97 (-0.88%)
2025-12-03 15:00:06,162 - INFO - HedgeFund - Entering long position: 0.014809 BTC at 68791.81
2025-12-03 15:00:06,162 - INFO - HedgeFund - Exiting position: P&L = -0.88 (-0.09%)
2025-12-03 15:00:06,162 - INFO - HedgeFund - Entering long position: 0.014734 BTC at 69136.96
2025-12-03 15:00:06,162 - INFO - HedgeFund - Exiting position: P&L = -7.05 (-0.69%)
2025-12-03 15:00:06,162 - INFO - HedgeFund - Entering long position: 0.015400 BTC at 66100.37
2025-12-03 15:00:06,162 - INFO - HedgeFund - Exiting position: P&L = -4.21 (-0.41%)
2025-12-03 15:00:06,162 - INFO - HedgeFund - Entering long position: 0.015220 BTC at 66854.32
2025-12-03 15:00:06,162 - INFO - HedgeFund - Exiting position: P&L = 1.77 (0.17%)
2025-12-03 15:00:06,162 - INFO - HedgeFund - Entering long position: 0.015103 BTC at 67383.80
2025-12-03 15:00:06,162 - INFO - HedgeFund - Exiting position: P&L = -10.67 (-1.05%)
2025-12-03 15:00:06,163 - INFO - HedgeFund - Entering long position: 0.015200 BTC at 66884.15
2025-12-03 15:00:06,163 - INFO - HedgeFund - Exiting position: P&L = -10.34 (-1.02%)
2025-12-03 15:00:06,163 - INFO - HedgeFund - Entering long position: 0.015777 BTC at 64375.01
2025-12-03 15:00:06,163 - INFO - HedgeFund - Exiting position: P&L = -14.08 (-1.39%)
2025-12-03 15:00:06,163 - INFO - HedgeFund - Entering long position: 0.015897 BTC at 63800.94
2025-12-03 15:00:06,163 - INFO - HedgeFund - Exiting position: P&L = -5.85 (-0.58%)
2025-12-03 15:00:06,163 - INFO - HedgeFund - Entering long position: 0.015803 BTC at 64139.68
2025-12-03 15:00:06,163 - INFO - HedgeFund - Exiting position: P&L = 4.59 (0.45%)
2025-12-03 15:00:06,163 - INFO - HedgeFund - Entering long position: 0.015738 BTC at 64433.54
2025-12-03 15:00:06,163 - INFO - HedgeFund - Exiting position: P&L = -9.10 (-0.90%)
2025-12-03 15:00:06,163 - INFO - HedgeFund - Entering long position: 0.015674 BTC at 64641.13
2025-12-03 15:00:06,163 - INFO - HedgeFund - Exiting position: P&L = -11.31 (-1.12%)
2025-12-03 15:00:06,163 - INFO - HedgeFund - Entering long position: 0.015971 BTC at 63366.63
2025-12-03 15:00:06,163 - INFO - HedgeFund - Exiting position: P&L = 2.85 (0.28%)
2025-12-03 15:00:06,164 - INFO - HedgeFund - Entering long position: 0.015784 BTC at 64135.69
2025-12-03 15:00:06,164 - INFO - HedgeFund - Exiting position: P&L = 19.48 (1.92%)
2025-12-03 15:00:06,164 - INFO - HedgeFund - Entering long position: 0.015421 BTC at 65773.43
2025-12-03 15:00:06,164 - INFO - HedgeFund - Exiting position: P&L = 2.94 (0.29%)
2025-12-03 15:00:06,164 - INFO - HedgeFund - Entering long position: 0.015402 BTC at 65873.23
2025-12-03 15:00:06,164 - INFO - HedgeFund - Exiting position: P&L = -2.35 (-0.23%)
2025-12-03 15:00:06,164 - INFO - HedgeFund - Entering long position: 0.015941 BTC at 63630.72
2025-12-03 15:00:06,164 - INFO - HedgeFund - Exiting position: P&L = -17.14 (-1.69%)
2025-12-03 15:00:06,164 - INFO - HedgeFund - Entering long position: 0.016028 BTC at 63179.12
2025-12-03 15:00:06,164 - INFO - HedgeFund - Exiting position: P&L = -6.69 (-0.66%)
2025-12-03 15:00:06,164 - INFO - HedgeFund - Entering long position: 0.016060 BTC at 63010.22
2025-12-03 15:00:06,164 - INFO - HedgeFund - Exiting position: P&L = -12.80 (-1.26%)
2025-12-03 15:00:06,164 - INFO - HedgeFund - Entering long position: 0.016328 BTC at 61898.53
2025-12-03 15:00:06,164 - INFO - HedgeFund - Exiting position: P&L = -6.07 (-0.60%)
2025-12-03 15:00:06,164 - INFO - HedgeFund - Entering long position: 0.016309 BTC at 61931.99
2025-12-03 15:00:06,164 - INFO - HedgeFund - Exiting position: P&L = -1.54 (-0.15%)
2025-12-03 15:00:06,165 - INFO - HedgeFund - Entering long position: 0.016063 BTC at 62872.99
2025-12-03 15:00:06,165 - INFO - HedgeFund - Exiting position: P&L = -8.09 (-0.80%)
2025-12-03 15:00:06,165 - INFO - HedgeFund - Entering long position: 0.016075 BTC at 62773.57
2025-12-03 15:00:06,165 - INFO - HedgeFund - Exiting position: P&L = 11.47 (1.14%)
2025-12-03 15:00:06,165 - INFO - HedgeFund - Entering long position: 0.015923 BTC at 63446.56
2025-12-03 15:00:06,165 - INFO - HedgeFund - Exiting position: P&L = -7.22 (-0.71%)
2025-12-03 15:00:06,165 - INFO - HedgeFund - Entering long position: 0.015916 BTC at 63429.97
2025-12-03 15:00:06,165 - INFO - HedgeFund - Exiting position: P&L = -8.91 (-0.88%)
2025-12-03 15:00:06,165 - INFO - HedgeFund - Entering long position: 0.015980 BTC at 63120.82
2025-12-03 15:00:06,165 - INFO - HedgeFund - Exiting position: P&L = 2.72 (0.27%)
2025-12-03 15:00:06,165 - INFO - HedgeFund - Entering long position: 0.015853 BTC at 63639.85
2025-12-03 15:00:06,165 - INFO - HedgeFund - Exiting position: P&L = -9.87 (-0.98%)
2025-12-03 15:00:06,165 - INFO - HedgeFund - Entering long position: 0.015799 BTC at 63796.25
2025-12-03 15:00:06,165 - INFO - HedgeFund - Exiting position: P&L = -5.03 (-0.50%)
2025-12-03 15:00:06,165 - INFO - HedgeFund - Entering long position: 0.015540 BTC at 64827.49
2025-12-03 15:00:06,166 - INFO - HedgeFund - Exiting position: P&L = -5.75 (-0.57%)
2025-12-03 15:00:06,166 - INFO - HedgeFund - Entering long position: 0.015349 BTC at 65598.27
2025-12-03 15:00:06,166 - INFO - HedgeFund - Exiting position: P&L = 1.08 (0.11%)
2025-12-03 15:00:06,166 - INFO - HedgeFund - Entering long position: 0.015465 BTC at 65113.74
2025-12-03 15:00:06,166 - INFO - HedgeFund - Exiting position: P&L = 22.06 (2.19%)
2025-12-03 15:00:06,166 - INFO - HedgeFund - Entering long position: 0.015135 BTC at 66677.98
2025-12-03 15:00:06,166 - INFO - HedgeFund - Exiting position: P&L = 6.91 (0.68%)
2025-12-03 15:00:06,166 - INFO - HedgeFund - Entering long position: 0.015011 BTC at 67274.33
2025-12-03 15:00:06,166 - INFO - HedgeFund - Exiting position: P&L = -17.19 (-1.70%)
2025-12-03 15:00:06,166 - INFO - HedgeFund - Entering long position: 0.014895 BTC at 67680.59
2025-12-03 15:00:06,166 - INFO - HedgeFund - Exiting position: P&L = -1.72 (-0.17%)
2025-12-03 15:00:06,166 - INFO - HedgeFund - Entering long position: 0.014805 BTC at 68080.25
2025-12-03 15:00:06,167 - INFO - HedgeFund - Exiting position: P&L = 1.18 (0.12%)
2025-12-03 15:00:06,167 - INFO - HedgeFund - Entering long position: 0.014657 BTC at 68779.49
2025-12-03 15:00:06,167 - INFO - HedgeFund - Exiting position: P&L = -19.16 (-1.90%)
2025-12-03 15:00:06,167 - INFO - HedgeFund - Entering long position: 0.015731 BTC at 63959.81
2025-12-03 15:00:06,167 - INFO - HedgeFund - Exiting position: P&L = 43.80 (4.35%)
2025-12-03 15:00:06,167 - INFO - HedgeFund - Entering long position: 0.015734 BTC at 64226.79
2025-12-03 15:00:06,167 - INFO - HedgeFund - Exiting position: P&L = -11.63 (-1.15%)
2025-12-03 15:00:06,167 - INFO - HedgeFund - Entering long position: 0.015678 BTC at 64382.45
2025-12-03 15:00:06,167 - INFO - HedgeFund - Exiting position: P&L = 8.39 (0.83%)
2025-12-03 15:00:06,167 - INFO - HedgeFund - Entering long position: 0.015279 BTC at 66119.56
2025-12-03 15:00:06,168 - INFO - HedgeFund - Exiting position: P&L = -3.26 (-0.32%)
2025-12-03 15:00:06,168 - INFO - HedgeFund - Entering long position: 0.015245 BTC at 66245.86
2025-12-03 15:00:06,168 - INFO - HedgeFund - Exiting position: P&L = -2.19 (-0.22%)
2025-12-03 15:00:06,168 - INFO - HedgeFund - Entering long position: 0.015307 BTC at 65960.38
2025-12-03 15:00:06,168 - INFO - HedgeFund - Exiting position: P&L = -10.36 (-1.03%)
2025-12-03 15:00:06,168 - INFO - HedgeFund - Entering long position: 0.015662 BTC at 64398.43
2025-12-03 15:00:06,168 - INFO - HedgeFund - Exiting position: P&L = -17.99 (-1.78%)
2025-12-03 15:00:06,168 - INFO - HedgeFund - Entering long position: 0.015741 BTC at 63962.14
2025-12-03 15:00:06,168 - INFO - HedgeFund - Exiting position: P&L = 16.08 (1.60%)
2025-12-03 15:00:06,168 - INFO - HedgeFund - Entering long position: 0.015413 BTC at 65428.11
2025-12-03 15:00:06,168 - INFO - HedgeFund - Exiting position: P&L = -10.14 (-1.01%)
2025-12-03 15:00:06,168 - INFO - HedgeFund - Entering long position: 0.015435 BTC at 65271.37
2025-12-03 15:00:06,168 - INFO - HedgeFund - Exiting position: P&L = 8.13 (0.81%)
2025-12-03 15:00:06,168 - INFO - HedgeFund - Entering long position: 0.015101 BTC at 66765.21
2025-12-03 15:00:06,168 - INFO - HedgeFund - Exiting position: P&L = -21.35 (-2.12%)
2025-12-03 15:00:06,168 - INFO - HedgeFund - Entering long position: 0.015238 BTC at 66028.37
2025-12-03 15:00:06,169 - INFO - HedgeFund - Exiting position: P&L = -1.48 (-0.15%)
2025-12-03 15:00:06,169 - INFO - HedgeFund - Entering long position: 0.015037 BTC at 66899.27
2025-12-03 15:00:06,169 - INFO - HedgeFund - Exiting position: P&L = 6.65 (0.66%)
2025-12-03 15:00:06,169 - INFO - HedgeFund - Entering long position: 0.014749 BTC at 68249.83
2025-12-03 15:00:06,169 - INFO - HedgeFund - Exiting position: P&L = -4.51 (-0.45%)
2025-12-03 15:00:06,169 - INFO - HedgeFund - Entering long position: 0.014617 BTC at 68837.03
2025-12-03 15:00:06,169 - INFO - HedgeFund - Exiting position: P&L = -3.48 (-0.35%)
2025-12-03 15:00:06,169 - INFO - HedgeFund - Entering long position: 0.014461 BTC at 69553.49
2025-12-03 15:00:06,169 - INFO - HedgeFund - Exiting position: P&L = 6.93 (0.69%)
2025-12-03 15:00:06,169 - INFO - HedgeFund - Entering long position: 0.014221 BTC at 70778.36
2025-12-03 15:00:06,169 - INFO - HedgeFund - Exiting position: P&L = -19.68 (-1.96%)
2025-12-03 15:00:06,169 - INFO - HedgeFund - Entering long position: 0.014137 BTC at 71060.16
2025-12-03 15:00:06,169 - INFO - HedgeFund - Exiting position: P&L = 18.58 (1.85%)
2025-12-03 15:00:06,169 - INFO - HedgeFund - Entering long position: 0.013899 BTC at 72410.26
2025-12-03 15:00:06,169 - INFO - HedgeFund - Exiting position: P&L = -8.60 (-0.85%)
2025-12-03 15:00:06,170 - INFO - HedgeFund - Entering long position: 0.014891 BTC at 67527.18
2025-12-03 15:00:06,170 - INFO - HedgeFund - Exiting position: P&L = -12.97 (-1.29%)
2025-12-03 15:00:06,170 - INFO - HedgeFund - Entering long position: 0.014872 BTC at 67524.69
2025-12-03 15:00:06,170 - INFO - HedgeFund - Exiting position: P&L = -6.43 (-0.64%)
2025-12-03 15:00:06,170 - INFO - HedgeFund - Entering long position: 0.014777 BTC at 67918.73
2025-12-03 15:00:06,170 - INFO - HedgeFund - Exiting position: P&L = -15.63 (-1.56%)
2025-12-03 15:00:06,170 - INFO - HedgeFund - Entering long position: 0.014988 BTC at 66858.86
2025-12-03 15:00:06,170 - INFO - HedgeFund - Exiting position: P&L = 14.22 (1.42%)
2025-12-03 15:00:06,170 - INFO - HedgeFund - Entering long position: 0.014787 BTC at 67861.46
2025-12-03 15:00:06,170 - INFO - HedgeFund - Exiting position: P&L = -21.60 (-2.15%)
2025-12-03 15:00:06,170 - INFO - HedgeFund - Entering long position: 0.015053 BTC at 66516.93
2025-12-03 15:00:06,170 - INFO - HedgeFund - Exiting position: P&L = -24.13 (-2.41%)
2025-12-03 15:00:06,170 - INFO - HedgeFund - Entering long position: 0.015475 BTC at 64550.50
2025-12-03 15:00:06,170 - INFO - HedgeFund - Exiting position: P&L = -2.38 (-0.24%)
2025-12-03 15:00:06,171 - INFO - HedgeFund - Entering long position: 0.015055 BTC at 66332.66
2025-12-03 15:00:06,171 - INFO - HedgeFund - Exiting position: P&L = 15.05 (1.51%)
2025-12-03 15:00:06,171 - INFO - HedgeFund - Entering long position: 0.014653 BTC at 68255.89
2025-12-03 15:00:06,171 - INFO - HedgeFund - Exiting position: P&L = 1.68 (0.17%)
2025-12-03 15:00:06,171 - INFO - HedgeFund - Entering long position: 0.014611 BTC at 68464.16
2025-12-03 15:00:06,171 - INFO - HedgeFund - Exiting position: P&L = 13.58 (1.36%)
2025-12-03 15:00:06,171 - INFO - HedgeFund - Entering long position: 0.014429 BTC at 69420.32
2025-12-03 15:00:06,171 - INFO - HedgeFund - Exiting position: P&L = 2.87 (0.29%)
2025-12-03 15:00:06,171 - INFO - HedgeFund - Entering long position: 0.014319 BTC at 69976.46
2025-12-03 15:00:06,171 - INFO - HedgeFund - Exiting position: P&L = -14.95 (-1.49%)
2025-12-03 15:00:06,171 - INFO - HedgeFund - Entering long position: 0.014897 BTC at 67161.97
2025-12-03 15:00:06,171 - INFO - HedgeFund - Exiting position: P&L = -12.22 (-1.22%)
2025-12-03 15:00:06,172 - INFO - HedgeFund - Entering long position: 0.014871 BTC at 67196.01
2025-12-03 15:00:06,172 - INFO - HedgeFund - Exiting position: P&L = 8.65 (0.87%)
2025-12-03 15:00:06,172 - INFO - HedgeFund - Entering long position: 0.014657 BTC at 68235.70
2025-12-03 15:00:06,172 - INFO - HedgeFund - Exiting position: P&L = 25.88 (2.59%)
2025-12-03 15:00:06,172 - INFO - HedgeFund - Entering long position: 0.014058 BTC at 71328.00
2025-12-03 15:00:06,172 - INFO - HedgeFund - Exiting position: P&L = 9.88 (0.99%)
2025-12-03 15:00:06,172 - INFO - HedgeFund - Entering long position: 0.013708 BTC at 73222.57
2025-12-03 15:00:06,172 - INFO - HedgeFund - Exiting position: P&L = 32.15 (3.20%)
2025-12-03 15:00:06,172 - INFO - HedgeFund - Entering long position: 0.013222 BTC at 76155.91
2025-12-03 15:00:06,172 - INFO - HedgeFund - Exiting position: P&L = -5.35 (-0.53%)
2025-12-03 15:00:06,172 - INFO - HedgeFund - Entering long position: 0.013093 BTC at 76864.20
2025-12-03 15:00:06,172 - INFO - HedgeFund - Exiting position: P&L = 29.36 (2.92%)
2025-12-03 15:00:06,172 - INFO - HedgeFund - Entering long position: 0.012682 BTC at 79587.68
2025-12-03 15:00:06,173 - INFO - HedgeFund - Exiting position: P&L = -0.66 (-0.07%)
2025-12-03 15:00:06,173 - INFO - HedgeFund - Entering long position: 0.012469 BTC at 80937.92
2025-12-03 15:00:06,173 - INFO - HedgeFund - Exiting position: P&L = 18.17 (1.80%)
2025-12-03 15:00:06,173 - INFO - HedgeFund - Entering long position: 0.012252 BTC at 82524.71
2025-12-03 15:00:06,173 - INFO - HedgeFund - Exiting position: P&L = -4.32 (-0.43%)
2025-12-03 15:00:06,173 - INFO - HedgeFund - Entering long position: 0.012145 BTC at 83217.00
2025-12-03 15:00:06,173 - INFO - HedgeFund - Exiting position: P&L = -28.95 (-2.87%)
2025-12-03 15:00:06,173 - INFO - HedgeFund - Entering long position: 0.012965 BTC at 77728.62
2025-12-03 15:00:06,173 - INFO - HedgeFund - Exiting position: P&L = -11.13 (-1.10%)
2025-12-03 15:00:06,173 - INFO - HedgeFund - Entering long position: 0.013053 BTC at 77120.66
2025-12-03 15:00:06,173 - INFO - HedgeFund - Exiting position: P&L = -2.90 (-0.29%)
2025-12-03 15:00:06,173 - INFO - HedgeFund - Entering long position: 0.014075 BTC at 71500.74
2025-12-03 15:00:06,174 - INFO - HedgeFund - Exiting position: P&L = -19.08 (-1.90%)
2025-12-03 15:00:06,174 - INFO - HedgeFund - Entering long position: 0.014727 BTC at 68203.49
2025-12-03 15:00:06,174 - INFO - HedgeFund - Exiting position: P&L = -1.25 (-0.12%)
2025-12-03 15:00:06,174 - INFO - HedgeFund - Entering long position: 0.014721 BTC at 68222.32
2025-12-03 15:00:06,174 - INFO - HedgeFund - Exiting position: P&L = 5.01 (0.50%)
2025-12-03 15:00:06,174 - INFO - HedgeFund - Entering long position: 0.014824 BTC at 67780.56
2025-12-03 15:00:06,174 - INFO - HedgeFund - Exiting position: P&L = -2.68 (-0.27%)
2025-12-03 15:00:06,174 - INFO - HedgeFund - Entering long position: 0.015059 BTC at 66705.85
2025-12-03 15:00:06,174 - INFO - HedgeFund - Exiting position: P&L = 13.74 (1.37%)
2025-12-03 15:00:06,174 - INFO - HedgeFund - Entering long position: 0.015628 BTC at 64365.62
2025-12-03 15:00:06,174 - INFO - HedgeFund - Exiting position: P&L = -8.61 (-0.86%)
2025-12-03 15:00:06,174 - INFO - HedgeFund - Entering long position: 0.016130 BTC at 62310.26
2025-12-03 15:00:06,175 - INFO - HedgeFund - Exiting position: P&L = -16.13 (-1.60%)
2025-12-03 15:00:06,175 - INFO - HedgeFund - Entering long position: 0.017380 BTC at 57734.29
2025-12-03 15:00:06,175 - INFO - HedgeFund - Exiting position: P&L = 5.10 (0.51%)
2025-12-03 15:00:06,175 - INFO - HedgeFund - Entering long position: 0.017423 BTC at 57621.39
2025-12-03 15:00:06,175 - INFO - HedgeFund - Exiting position: P&L = -1.97 (-0.20%)
2025-12-03 15:00:06,175 - INFO - HedgeFund - Entering long position: 0.017481 BTC at 57418.93
2025-12-03 15:00:06,175 - INFO - HedgeFund - Exiting position: P&L = 23.78 (2.37%)
2025-12-03 15:00:06,175 - INFO - HedgeFund - Entering long position: 0.017022 BTC at 59107.80
2025-12-03 15:00:06,175 - INFO - HedgeFund - Exiting position: P&L = -5.52 (-0.55%)
2025-12-03 15:00:06,175 - INFO - HedgeFund - Entering long position: 0.017105 BTC at 58787.31
2025-12-03 15:00:06,175 - INFO - HedgeFund - Exiting position: P&L = 17.48 (1.74%)
2025-12-03 15:00:06,175 - INFO - HedgeFund - Entering long position: 0.016547 BTC at 60877.44
2025-12-03 15:00:06,175 - INFO - HedgeFund - Exiting position: P&L = 3.10 (0.31%)
2025-12-03 15:00:06,175 - INFO - HedgeFund - Entering long position: 0.016131 BTC at 62466.73
2025-12-03 15:00:06,176 - INFO - HedgeFund - Exiting position: P&L = -3.76 (-0.37%)
2025-12-03 15:00:06,176 - INFO - HedgeFund - Entering long position: 0.016135 BTC at 62428.92
2025-12-03 15:00:06,176 - INFO - HedgeFund - Exiting position: P&L = -0.46 (-0.05%)
2025-12-03 15:00:06,176 - INFO - HedgeFund - Entering long position: 0.016125 BTC at 62463.80
2025-12-03 15:00:06,176 - INFO - HedgeFund - Exiting position: P&L = -16.01 (-1.59%)
2025-12-03 15:00:06,176 - INFO - HedgeFund - Entering long position: 0.016159 BTC at 62233.47
2025-12-03 15:00:06,176 - INFO - HedgeFund - Exiting position: P&L = -8.40 (-0.84%)
2025-12-03 15:00:06,176 - INFO - HedgeFund - Entering long position: 0.016290 BTC at 61681.17
2025-12-03 15:00:06,176 - INFO - HedgeFund - Exiting position: P&L = -12.56 (-1.25%)
2025-12-03 15:00:06,176 - INFO - HedgeFund - Entering long position: 0.016571 BTC at 60559.99
2025-12-03 15:00:06,176 - INFO - HedgeFund - Exiting position: P&L = -4.69 (-0.47%)
2025-12-03 15:00:06,176 - INFO - HedgeFund - Entering long position: 0.016266 BTC at 61666.18
2025-12-03 15:00:06,176 - INFO - HedgeFund - Exiting position: P&L = -5.31 (-0.53%)
2025-12-03 15:00:06,176 - INFO - HedgeFund - Entering long position: 0.016430 BTC at 61018.68
2025-12-03 15:00:06,177 - INFO - HedgeFund - Exiting position: P&L = 42.71 (4.26%)
2025-12-03 15:00:06,177 - INFO - HedgeFund - Entering long position: 0.015692 BTC at 64159.07
2025-12-03 15:00:06,177 - INFO - HedgeFund - Exiting position: P&L = 41.40 (4.11%)
2025-12-03 15:00:06,177 - INFO - HedgeFund - Entering long position: 0.014717 BTC at 68691.23
2025-12-03 15:00:06,177 - INFO - HedgeFund - Exiting position: P&L = 51.36 (5.08%)
2025-12-03 15:00:06,177 - INFO - HedgeFund - Entering long position: 0.013959 BTC at 72788.68
2025-12-03 15:00:06,177 - INFO - HedgeFund - Exiting position: P&L = -11.35 (-1.12%)
2025-12-03 15:00:06,177 - INFO - HedgeFund - Entering long position: 0.014037 BTC at 72303.70
2025-12-03 15:00:06,177 - INFO - HedgeFund - Exiting position: P&L = -15.94 (-1.57%)
2025-12-03 15:00:06,177 - INFO - HedgeFund - Entering long position: 0.014209 BTC at 71315.84
2025-12-03 15:00:06,177 - INFO - HedgeFund - Exiting position: P&L = 0.65 (0.06%)
2025-12-03 15:00:06,177 - INFO - HedgeFund - Entering long position: 0.014273 BTC at 71002.49
2025-12-03 15:00:06,177 - INFO - HedgeFund - Exiting position: P&L = -9.55 (-0.94%)
2025-12-03 15:00:06,177 - INFO - HedgeFund - Entering long position: 0.014339 BTC at 70608.12
2025-12-03 15:00:06,177 - INFO - HedgeFund - Exiting position: P&L = -11.45 (-1.13%)
2025-12-03 15:00:06,178 - INFO - HedgeFund - Entering long position: 0.014347 BTC at 70488.60
2025-12-03 15:00:06,178 - INFO - HedgeFund - Exiting position: P&L = -13.05 (-1.29%)
2025-12-03 15:00:06,178 - INFO - HedgeFund - Entering long position: 0.014501 BTC at 69649.26
2025-12-03 15:00:06,178 - INFO - HedgeFund - Exiting position: P&L = -10.05 (-1.00%)
2025-12-03 15:00:06,178 - INFO - HedgeFund - Entering long position: 0.014341 BTC at 70358.02
2025-12-03 15:00:06,178 - INFO - HedgeFund - Exiting position: P&L = -7.53 (-0.75%)
2025-12-03 15:00:06,178 - INFO - HedgeFund - Entering long position: 0.014422 BTC at 69909.95
2025-12-03 15:00:06,178 - INFO - HedgeFund - Exiting position: P&L = -16.72 (-1.66%)
2025-12-03 15:00:06,178 - INFO - HedgeFund - Entering long position: 0.014580 BTC at 69037.28
2025-12-03 15:00:06,178 - INFO - HedgeFund - Exiting position: P&L = -14.03 (-1.39%)
2025-12-03 15:00:06,178 - INFO - HedgeFund - Entering long position: 0.014482 BTC at 69409.09
2025-12-03 15:00:06,178 - INFO - HedgeFund - Exiting position: P&L = -10.93 (-1.09%)
2025-12-03 15:00:06,178 - INFO - HedgeFund - Entering long position: 0.014513 BTC at 69186.45
2025-12-03 15:00:06,178 - INFO - HedgeFund - Exiting position: P&L = 5.21 (0.52%)
2025-12-03 15:00:06,178 - INFO - HedgeFund - Entering long position: 0.014464 BTC at 69454.89
2025-12-03 15:00:06,178 - INFO - HedgeFund - Exiting position: P&L = 24.65 (2.45%)
2025-12-03 15:00:06,179 - INFO - HedgeFund - Entering long position: 0.014268 BTC at 70580.77
2025-12-03 15:00:06,179 - INFO - HedgeFund - Exiting position: P&L = -4.86 (-0.48%)
2025-12-03 15:00:06,179 - INFO - HedgeFund - Entering long position: 0.014235 BTC at 70710.97
2025-12-03 15:00:06,179 - INFO - HedgeFund - Exiting position: P&L = -10.91 (-1.08%)
2025-12-03 15:00:06,179 - INFO - HedgeFund - Entering long position: 0.015162 BTC at 66316.46
2025-12-03 15:00:06,179 - INFO - HedgeFund - Exiting position: P&L = 20.01 (1.99%)
2025-12-03 15:00:06,179 - INFO - HedgeFund - Entering long position: 0.014611 BTC at 68952.65
2025-12-03 15:00:06,179 - INFO - HedgeFund - Exiting position: P&L = 19.36 (1.92%)
2025-12-03 15:00:06,179 - INFO - HedgeFund - Entering long position: 0.013974 BTC at 72237.05
2025-12-03 15:00:06,179 - INFO - HedgeFund - Exiting position: P&L = -29.72 (-2.94%)
2025-12-03 15:00:06,179 - INFO - HedgeFund - Entering long position: 0.014328 BTC at 70242.67
2025-12-03 15:00:06,179 - INFO - HedgeFund - Exiting position: P&L = 16.59 (1.65%)
2025-12-03 15:00:06,179 - INFO - HedgeFund - Entering long position: 0.014063 BTC at 71684.05
2025-12-03 15:00:06,180 - INFO - HedgeFund - Exiting position: P&L = -1.90 (-0.19%)
2025-12-03 15:00:06,180 - INFO - HedgeFund - Entering long position: 0.014033 BTC at 71826.19
2025-12-03 15:00:06,180 - INFO - HedgeFund - Exiting position: P&L = -1.87 (-0.19%)
2025-12-03 15:00:06,180 - INFO - HedgeFund - Entering long position: 0.013799 BTC at 73030.24
2025-12-03 15:00:06,180 - INFO - HedgeFund - Exiting position: P&L = 0.14 (0.01%)
2025-12-03 15:00:06,180 - INFO - HedgeFund - Entering long position: 0.013672 BTC at 73707.35
2025-12-03 15:00:06,180 - INFO - HedgeFund - Exiting position: P&L = -37.40 (-3.71%)
2025-12-03 15:00:06,180 - INFO - HedgeFund - Entering long position: 0.014608 BTC at 68727.91
2025-12-03 15:00:06,180 - INFO - HedgeFund - Exiting position: P&L = -14.59 (-1.45%)
2025-12-03 15:00:06,180 - INFO - HedgeFund - Entering long position: 0.014544 BTC at 68933.68
2025-12-03 15:00:06,180 - INFO - HedgeFund - Exiting position: P&L = -8.11 (-0.81%)
2025-12-03 15:00:06,180 - INFO - HedgeFund - Entering long position: 0.014666 BTC at 68300.82
2025-12-03 15:00:06,180 - INFO - HedgeFund - Exiting position: P&L = 11.71 (1.17%)
2025-12-03 15:00:06,180 - INFO - HedgeFund - Entering long position: 0.014449 BTC at 69410.57
2025-12-03 15:00:06,180 - INFO - HedgeFund - Exiting position: P&L = 0.68 (0.07%)
2025-12-03 15:00:06,181 - INFO - HedgeFund - Entering long position: 0.014245 BTC at 70408.87
2025-12-03 15:00:06,181 - INFO - HedgeFund - Exiting position: P&L = -22.66 (-2.26%)
2025-12-03 15:00:06,181 - INFO - HedgeFund - Entering long position: 0.014298 BTC at 69990.76
2025-12-03 15:00:06,181 - INFO - HedgeFund - Exiting position: P&L = -18.17 (-1.82%)
2025-12-03 15:00:06,181 - INFO - HedgeFund - Entering long position: 0.014502 BTC at 68879.13
2025-12-03 15:00:06,181 - INFO - HedgeFund - Exiting position: P&L = -7.05 (-0.71%)
2025-12-03 15:00:06,181 - INFO - HedgeFund - Entering long position: 0.014379 BTC at 69418.52
2025-12-03 15:00:06,181 - INFO - HedgeFund - Exiting position: P&L = -5.21 (-0.52%)
2025-12-03 15:00:06,181 - INFO - HedgeFund - Entering long position: 0.014644 BTC at 68129.65
2025-12-03 15:00:06,181 - INFO - HedgeFund - Exiting position: P&L = 2.21 (0.22%)
2025-12-03 15:00:06,181 - INFO - HedgeFund - Entering long position: 0.014610 BTC at 68299.57
2025-12-03 15:00:06,181 - INFO - HedgeFund - Exiting position: P&L = -5.95 (-0.60%)
2025-12-03 15:00:06,181 - INFO - HedgeFund - Entering long position: 0.014823 BTC at 67281.65
2025-12-03 15:00:06,181 - INFO - HedgeFund - Exiting position: P&L = -11.14 (-1.12%)
2025-12-03 15:00:06,181 - INFO - HedgeFund - Entering long position: 0.014612 BTC at 68173.70
2025-12-03 15:00:06,181 - INFO - HedgeFund - Exiting position: P&L = -24.01 (-2.41%)
2025-12-03 15:00:06,182 - INFO - HedgeFund - Entering long position: 0.014649 BTC at 67838.35
2025-12-03 15:00:06,182 - INFO - HedgeFund - Exiting position: P&L = 20.97 (2.11%)
2025-12-03 15:00:06,182 - INFO - HedgeFund - Entering long position: 0.014533 BTC at 68524.54
2025-12-03 15:00:06,182 - INFO - HedgeFund - Exiting position: P&L = 4.80 (0.48%)
2025-12-03 15:00:06,182 - INFO - HedgeFund - Entering long position: 0.014280 BTC at 69771.95
2025-12-03 15:00:06,182 - INFO - HedgeFund - Exiting position: P&L = -7.46 (-0.75%)
2025-12-03 15:00:06,182 - INFO - HedgeFund - Entering long position: 0.014228 BTC at 69976.86
2025-12-03 15:00:06,182 - INFO - HedgeFund - Exiting position: P&L = -9.50 (-0.95%)
2025-12-03 15:00:06,182 - INFO - HedgeFund - Entering long position: 0.014164 BTC at 70223.06
2025-12-03 15:00:06,182 - INFO - HedgeFund - Exiting position: P&L = 17.14 (1.72%)
2025-12-03 15:00:06,182 - INFO - HedgeFund - Entering long position: 0.013940 BTC at 71474.90
2025-12-03 15:00:06,182 - INFO - HedgeFund - Exiting position: P&L = -16.30 (-1.64%)
2025-12-03 15:00:06,182 - INFO - HedgeFund - Entering long position: 0.014146 BTC at 70317.85
2025-12-03 15:00:06,182 - INFO - HedgeFund - Exiting position: P&L = -3.47 (-0.35%)
2025-12-03 15:00:06,182 - INFO - HedgeFund - Entering long position: 0.014211 BTC at 69974.76
2025-12-03 15:00:06,182 - INFO - HedgeFund - Exiting position: P&L = -2.02 (-0.20%)
2025-12-03 15:00:06,182 - INFO - HedgeFund - Entering long position: 0.013875 BTC at 71651.03
2025-12-03 15:00:06,183 - INFO - HedgeFund - Exiting position: P&L = -3.92 (-0.39%)
2025-12-03 15:00:06,183 - INFO - HedgeFund - Entering long position: 0.014171 BTC at 70130.37
2025-12-03 15:00:06,183 - INFO - HedgeFund - Exiting position: P&L = -1.93 (-0.19%)
2025-12-03 15:00:06,183 - INFO - HedgeFund - Entering long position: 0.014176 BTC at 70091.83
2025-12-03 15:00:06,183 - INFO - HedgeFund - Exiting position: P&L = -11.60 (-1.17%)
2025-12-03 15:00:06,183 - INFO - HedgeFund - Entering long position: 0.014169 BTC at 70045.18
2025-12-03 15:00:06,183 - INFO - HedgeFund - Exiting position: P&L = 19.07 (1.92%)
2025-12-03 15:00:06,183 - INFO - HedgeFund - Entering long position: 0.014012 BTC at 70965.46
2025-12-03 15:00:06,183 - INFO - HedgeFund - Exiting position: P&L = -3.35 (-0.34%)
2025-12-03 15:00:06,183 - INFO - HedgeFund - Entering long position: 0.014026 BTC at 70868.38
2025-12-03 15:00:06,183 - INFO - HedgeFund - Exiting position: P&L = -1.67 (-0.17%)
2025-12-03 15:00:06,183 - INFO - HedgeFund - Entering long position: 0.013914 BTC at 71429.98
2025-12-03 15:00:06,183 - INFO - HedgeFund - Exiting position: P&L = -7.35 (-0.74%)
2025-12-03 15:00:06,184 - INFO - HedgeFund - Entering long position: 0.014373 BTC at 69096.42
2025-12-03 15:00:06,184 - INFO - HedgeFund - Exiting position: P&L = 2.82 (0.28%)
2025-12-03 15:00:06,184 - INFO - HedgeFund - Entering long position: 0.013945 BTC at 71234.75
2025-12-03 15:00:06,184 - INFO - HedgeFund - Exiting position: P&L = -6.61 (-0.67%)
2025-12-03 15:00:06,184 - INFO - HedgeFund - Entering long position: 0.013939 BTC at 71222.36
2025-12-03 15:00:06,184 - INFO - HedgeFund - Exiting position: P&L = -9.47 (-0.95%)
2025-12-03 15:00:06,184 - INFO - HedgeFund - Entering long position: 0.013864 BTC at 71536.65
2025-12-03 15:00:06,184 - INFO - HedgeFund - Exiting position: P&L = -19.08 (-1.92%)
2025-12-03 15:00:06,184 - INFO - HedgeFund - Entering long position: 0.014090 BTC at 70253.33
2025-12-03 15:00:06,184 - INFO - HedgeFund - Exiting position: P&L = 4.94 (0.50%)
2025-12-03 15:00:06,184 - INFO - HedgeFund - Entering long position: 0.014501 BTC at 68295.82
2025-12-03 15:00:06,184 - INFO - HedgeFund - Exiting position: P&L = -10.11 (-1.02%)
2025-12-03 15:00:06,184 - INFO - HedgeFund - Entering long position: 0.015151 BTC at 65300.44
2025-12-03 15:00:06,184 - INFO - HedgeFund - Exiting position: P&L = -7.68 (-0.78%)
2025-12-03 15:00:06,185 - INFO - HedgeFund - Entering long position: 0.015320 BTC at 64527.67
2025-12-03 15:00:06,185 - INFO - HedgeFund - Exiting position: P&L = -15.84 (-1.60%)
2025-12-03 15:00:06,185 - INFO - HedgeFund - Entering long position: 0.015833 BTC at 62339.38
2025-12-03 15:00:06,185 - INFO - HedgeFund - Exiting position: P&L = -5.63 (-0.57%)
2025-12-03 15:00:06,185 - INFO - HedgeFund - Entering long position: 0.015675 BTC at 62931.44
2025-12-03 15:00:06,185 - INFO - HedgeFund - Exiting position: P&L = -10.42 (-1.06%)
2025-12-03 15:00:06,185 - INFO - HedgeFund - Entering long position: 0.015894 BTC at 61997.56
2025-12-03 15:00:06,185 - INFO - HedgeFund - Exiting position: P&L = -6.02 (-0.61%)
2025-12-03 15:00:06,185 - INFO - HedgeFund - Entering long position: 0.015870 BTC at 62055.48
2025-12-03 15:00:06,185 - INFO - HedgeFund - Exiting position: P&L = -2.50 (-0.25%)
2025-12-03 15:00:06,185 - INFO - HedgeFund - Entering long position: 0.015901 BTC at 61917.80
2025-12-03 15:00:06,185 - INFO - HedgeFund - Exiting position: P&L = -1.33 (-0.14%)
2025-12-03 15:00:06,185 - INFO - HedgeFund - Entering long position: 0.015692 BTC at 62733.95
2025-12-03 15:00:06,185 - INFO - HedgeFund - Exiting position: P&L = -5.54 (-0.56%)
2025-12-03 15:00:06,185 - INFO - HedgeFund - Entering long position: 0.015738 BTC at 62515.41
2025-12-03 15:00:06,185 - INFO - HedgeFund - Exiting position: P&L = -4.21 (-0.43%)
2025-12-03 15:00:06,185 - INFO - HedgeFund - Entering long position: 0.015884 BTC at 61914.47
2025-12-03 15:00:06,186 - INFO - HedgeFund - Exiting position: P&L = 15.70 (1.60%)
2025-12-03 15:00:06,186 - INFO - HedgeFund - Entering long position: 0.015886 BTC at 62004.91
2025-12-03 15:00:06,186 - INFO - HedgeFund - Exiting position: P&L = 9.88 (1.00%)
2025-12-03 15:00:06,186 - INFO - HedgeFund - Entering long position: 0.015597 BTC at 63215.79
2025-12-03 15:00:06,186 - INFO - HedgeFund - Exiting position: P&L = -10.00 (-1.01%)
2025-12-03 15:00:06,186 - INFO - HedgeFund - Entering long position: 0.015764 BTC at 62485.46
2025-12-03 15:00:06,186 - INFO - HedgeFund - Exiting position: P&L = -12.94 (-1.31%)
2025-12-03 15:00:06,186 - INFO - HedgeFund - Entering long position: 0.015592 BTC at 63090.34
2025-12-03 15:00:06,186 - INFO - HedgeFund - Exiting position: P&L = -11.94 (-1.21%)
2025-12-03 15:00:06,186 - INFO - HedgeFund - Entering long position: 0.015706 BTC at 62558.66
2025-12-03 15:00:06,186 - INFO - HedgeFund - Exiting position: P&L = 3.12 (0.32%)
2025-12-03 15:00:06,186 - INFO - HedgeFund - Entering long position: 0.015978 BTC at 61511.89
2025-12-03 15:00:06,186 - INFO - HedgeFund - Exiting position: P&L = -11.48 (-1.17%)
2025-12-03 15:00:06,186 - INFO - HedgeFund - Entering long position: 0.016064 BTC at 61111.02
2025-12-03 15:00:06,186 - INFO - HedgeFund - Exiting position: P&L = 4.11 (0.42%)
2025-12-03 15:00:06,186 - INFO - HedgeFund - Entering long position: 0.016125 BTC at 60904.91
2025-12-03 15:00:06,187 - INFO - HedgeFund - Exiting position: P&L = 0.75 (0.08%)
2025-12-03 15:00:06,187 - INFO - HedgeFund - Entering long position: 0.015704 BTC at 62543.75
2025-12-03 15:00:06,187 - INFO - HedgeFund - Exiting position: P&L = -31.52 (-3.21%)
2025-12-03 15:00:06,187 - INFO - HedgeFund - Entering long position: 0.016394 BTC at 59716.87
2025-12-03 15:00:06,187 - INFO - HedgeFund - Exiting position: P&L = 12.39 (1.27%)
2025-12-03 15:00:06,187 - INFO - HedgeFund - Entering long position: 0.015894 BTC at 61674.66
2025-12-03 15:00:06,187 - INFO - HedgeFund - Exiting position: P&L = -1.74 (-0.18%)
2025-12-03 15:00:06,187 - INFO - HedgeFund - Entering long position: 0.016503 BTC at 59386.60
2025-12-03 15:00:06,187 - INFO - HedgeFund - Exiting position: P&L = -26.00 (-2.65%)
2025-12-03 15:00:06,187 - INFO - HedgeFund - Entering long position: 0.016586 BTC at 58932.40
2025-12-03 15:00:06,187 - INFO - HedgeFund - Exiting position: P&L = -22.64 (-2.32%)
2025-12-03 15:00:06,187 - INFO - HedgeFund - Entering long position: 0.017191 BTC at 56726.67
2025-12-03 15:00:06,187 - INFO - HedgeFund - Exiting position: P&L = -2.43 (-0.25%)
2025-12-03 15:00:06,188 - INFO - HedgeFund - Entering long position: 0.017020 BTC at 57284.21
2025-12-03 15:00:06,188 - INFO - HedgeFund - Exiting position: P&L = -10.58 (-1.09%)
2025-12-03 15:00:06,188 - INFO - HedgeFund - Entering long position: 0.017081 BTC at 57018.42
2025-12-03 15:00:06,188 - INFO - HedgeFund - Exiting position: P&L = -15.35 (-1.58%)
2025-12-03 15:00:06,188 - INFO - HedgeFund - Entering long position: 0.017267 BTC at 56315.88
2025-12-03 15:00:06,188 - INFO - HedgeFund - Exiting position: P&L = -7.92 (-0.81%)
2025-12-03 15:00:06,188 - INFO - HedgeFund - Entering long position: 0.017506 BTC at 55499.48
2025-12-03 15:00:06,189 - INFO - HedgeFund - Exiting position: P&L = -13.10 (-1.35%)
2025-12-03 15:00:06,189 - INFO - HedgeFund - Entering long position: 0.017671 BTC at 54908.08
2025-12-03 15:00:06,189 - INFO - HedgeFund - Exiting position: P&L = 5.56 (0.57%)
2025-12-03 15:00:06,189 - INFO - HedgeFund - Entering long position: 0.018527 BTC at 52402.11
2025-12-03 15:00:06,189 - INFO - HedgeFund - Exiting position: P&L = -24.00 (-2.47%)
2025-12-03 15:00:06,189 - INFO - HedgeFund - Entering long position: 0.018867 BTC at 51330.82
2025-12-03 15:00:06,189 - INFO - HedgeFund - Exiting position: P&L = 9.88 (1.02%)
2025-12-03 15:00:06,189 - INFO - HedgeFund - Entering long position: 0.018522 BTC at 52339.24
2025-12-03 15:00:06,189 - INFO - HedgeFund - Exiting position: P&L = -10.48 (-1.08%)
2025-12-03 15:00:06,190 - INFO - HedgeFund - Entering long position: 0.019328 BTC at 50101.67
2025-12-03 15:00:06,190 - INFO - HedgeFund - Exiting position: P&L = -7.36 (-0.76%)
2025-12-03 15:00:06,190 - INFO - HedgeFund - Entering long position: 0.019355 BTC at 49993.44
2025-12-03 15:00:06,190 - INFO - HedgeFund - Exiting position: P&L = -13.04 (-1.35%)
2025-12-03 15:00:06,190 - INFO - HedgeFund - Entering long position: 0.019120 BTC at 50541.16
2025-12-03 15:00:06,190 - INFO - HedgeFund - Exiting position: P&L = -5.02 (-0.52%)
2025-12-03 15:00:06,190 - INFO - HedgeFund - Entering long position: 0.019033 BTC at 50745.20
2025-12-03 15:00:06,190 - INFO - HedgeFund - Exiting position: P&L = -17.03 (-1.76%)
2025-12-03 15:00:06,191 - INFO - HedgeFund - Entering long position: 0.018916 BTC at 50969.95
2025-12-03 15:00:06,191 - INFO - HedgeFund - Exiting position: P&L = -10.73 (-1.11%)
2025-12-03 15:00:06,191 - INFO - HedgeFund - Entering long position: 0.019176 BTC at 50221.32
2025-12-03 15:00:06,191 - INFO - HedgeFund - Exiting position: P&L = -14.47 (-1.50%)
2025-12-03 15:00:06,191 - INFO - HedgeFund - Entering long position: 0.019154 BTC at 50205.39
2025-12-03 15:00:06,191 - INFO - HedgeFund - Exiting position: P&L = 50.70 (5.27%)
2025-12-03 15:00:06,192 - INFO - HedgeFund - Entering long position: 0.018255 BTC at 52955.10
2025-12-03 15:00:06,192 - INFO - HedgeFund - Exiting position: P&L = -9.44 (-0.98%)
2025-12-03 15:00:06,192 - INFO - HedgeFund - Entering long position: 0.017998 BTC at 53657.65
2025-12-03 15:00:06,192 - INFO - HedgeFund - Exiting position: P&L = -6.26 (-0.65%)
2025-12-03 15:00:06,192 - INFO - HedgeFund - Entering long position: 0.018561 BTC at 51995.30
2025-12-03 15:00:06,192 - INFO - HedgeFund - Exiting position: P&L = -3.17 (-0.33%)
2025-12-03 15:00:06,192 - INFO - HedgeFund - Entering long position: 0.018586 BTC at 51909.01
2025-12-03 15:00:06,193 - INFO - HedgeFund - Exiting position: P&L = -11.79 (-1.22%)
2025-12-03 15:00:06,193 - INFO - HedgeFund - Entering long position: 0.019242 BTC at 50077.49
2025-12-03 15:00:06,193 - INFO - HedgeFund - Exiting position: P&L = -0.64 (-0.07%)
2025-12-03 15:00:06,193 - INFO - HedgeFund - Entering long position: 0.019298 BTC at 49929.26
2025-12-03 15:00:06,193 - INFO - HedgeFund - Exiting position: P&L = 23.04 (2.39%)
2025-12-03 15:00:06,193 - INFO - HedgeFund - Entering long position: 0.018605 BTC at 51913.94
2025-12-03 15:00:06,194 - INFO - HedgeFund - Exiting position: P&L = -15.44 (-1.60%)
2025-12-03 15:00:06,194 - INFO - HedgeFund - Entering long position: 0.018724 BTC at 51501.39
2025-12-03 15:00:06,194 - INFO - HedgeFund - Exiting position: P&L = -17.43 (-1.81%)
2025-12-03 15:00:06,194 - INFO - HedgeFund - Entering long position: 0.018761 BTC at 51306.56
2025-12-03 15:00:06,194 - INFO - HedgeFund - Exiting position: P&L = -1.93 (-0.20%)
2025-12-03 15:00:06,194 - INFO - HedgeFund - Entering long position: 0.018843 BTC at 51073.47
2025-12-03 15:00:06,194 - INFO - HedgeFund - Exiting position: P&L = 9.37 (0.97%)
2025-12-03 15:00:06,194 - INFO - HedgeFund - Entering long position: 0.018726 BTC at 51442.92
2025-12-03 15:00:06,195 - INFO - HedgeFund - Exiting position: P&L = 1.26 (0.13%)
2025-12-03 15:00:06,195 - INFO - HedgeFund - Entering long position: 0.018686 BTC at 51558.17
2025-12-03 15:00:06,195 - INFO - HedgeFund - Exiting position: P&L = -16.66 (-1.73%)
2025-12-03 15:00:06,195 - INFO - HedgeFund - Entering long position: 0.018872 BTC at 50964.06
2025-12-03 15:00:06,195 - INFO - HedgeFund - Exiting position: P&L = 15.87 (1.65%)
2025-12-03 15:00:06,195 - INFO - HedgeFund - Entering long position: 0.018327 BTC at 52565.25
2025-12-03 15:00:06,195 - INFO - HedgeFund - Exiting position: P&L = -8.47 (-0.88%)
2025-12-03 15:00:06,195 - INFO - HedgeFund - Entering long position: 0.018209 BTC at 52859.32
2025-12-03 15:00:06,195 - INFO - HedgeFund - Exiting position: P&L = -1.87 (-0.19%)
2025-12-03 15:00:06,196 - INFO - HedgeFund - Entering long position: 0.018577 BTC at 51802.08
2025-12-03 15:00:06,196 - INFO - HedgeFund - Exiting position: P&L = -11.21 (-1.16%)
2025-12-03 15:00:06,196 - INFO - HedgeFund - Entering long position: 0.018935 BTC at 50762.01
2025-12-03 15:00:06,196 - INFO - HedgeFund - Exiting position: P&L = -7.93 (-0.82%)
2025-12-03 15:00:06,196 - INFO - HedgeFund - Entering long position: 0.019046 BTC at 50426.76
2025-12-03 15:00:06,196 - INFO - HedgeFund - Exiting position: P&L = -11.45 (-1.19%)
2025-12-03 15:00:06,196 - INFO - HedgeFund - Entering long position: 0.018801 BTC at 51021.01
2025-12-03 15:00:06,196 - INFO - HedgeFund - Exiting position: P&L = 11.26 (1.17%)
2025-12-03 15:00:06,197 - INFO - HedgeFund - Entering long position: 0.018605 BTC at 51621.18
2025-12-03 15:00:06,197 - INFO - HedgeFund - Exiting position: P&L = -15.78 (-1.64%)
2025-12-03 15:00:06,197 - INFO - HedgeFund - Entering long position: 0.018602 BTC at 51543.31
2025-12-03 15:00:06,197 - INFO - HedgeFund - Exiting position: P&L = 5.37 (0.56%)
2025-12-03 15:00:06,197 - INFO - HedgeFund - Entering long position: 0.018367 BTC at 52232.11
2025-12-03 15:00:06,197 - INFO - HedgeFund - Exiting position: P&L = -1.21 (-0.13%)
2025-12-03 15:00:06,197 - INFO - HedgeFund - Entering long position: 0.018207 BTC at 52685.09
2025-12-03 15:00:06,198 - INFO - HedgeFund - Exiting position: P&L = 22.40 (2.34%)
2025-12-03 15:00:06,198 - INFO - HedgeFund - Entering long position: 0.017747 BTC at 54177.72
2025-12-03 15:00:06,198 - INFO - HedgeFund - Exiting position: P&L = -17.22 (-1.79%)
2025-12-03 15:00:06,198 - INFO - HedgeFund - Entering long position: 0.017806 BTC at 53899.08
2025-12-03 15:00:06,198 - INFO - HedgeFund - Exiting position: P&L = -0.89 (-0.09%)
2025-12-03 15:00:06,198 - INFO - HedgeFund - Entering long position: 0.017742 BTC at 54091.02
2025-12-03 15:00:06,198 - INFO - HedgeFund - Exiting position: P&L = -10.11 (-1.05%)
2025-12-03 15:00:06,198 - INFO - HedgeFund - Entering long position: 0.018463 BTC at 51921.40
2025-12-03 15:00:06,198 - INFO - HedgeFund - Exiting position: P&L = -8.24 (-0.86%)
2025-12-03 15:00:06,198 - INFO - HedgeFund - Entering long position: 0.018518 BTC at 51723.61
2025-12-03 15:00:06,199 - INFO - HedgeFund - Exiting position: P&L = -6.00 (-0.63%)
2025-12-03 15:00:06,199 - INFO - HedgeFund - Entering long position: 0.018306 BTC at 52290.70
2025-12-03 15:00:06,199 - INFO - HedgeFund - Exiting position: P&L = -10.01 (-1.05%)
2025-12-03 15:00:06,199 - INFO - HedgeFund - Entering long position: 0.018155 BTC at 52670.89
2025-12-03 15:00:06,199 - INFO - HedgeFund - Exiting position: P&L = -0.34 (-0.04%)
2025-12-03 15:00:06,199 - INFO - HedgeFund - Entering long position: 0.018120 BTC at 52768.31
2025-12-03 15:00:06,199 - INFO - HedgeFund - Exiting position: P&L = -10.94 (-1.14%)
2025-12-03 15:00:06,199 - INFO - HedgeFund - Entering long position: 0.018610 BTC at 51322.26
2025-12-03 15:00:06,199 - INFO - HedgeFund - Exiting position: P&L = 3.71 (0.39%)
2025-12-03 15:00:06,200 - INFO - HedgeFund - Entering long position: 0.018839 BTC at 50718.06
2025-12-03 15:00:06,200 - INFO - HedgeFund - Exiting position: P&L = -12.14 (-1.27%)
2025-12-03 15:00:06,200 - INFO - HedgeFund - Entering long position: 0.019723 BTC at 48383.16
2025-12-03 15:00:06,200 - INFO - HedgeFund - Exiting position: P&L = -11.70 (-1.23%)
2025-12-03 15:00:06,200 - INFO - HedgeFund - Entering long position: 0.019676 BTC at 48437.89
2025-12-03 15:00:06,200 - INFO - HedgeFund - Exiting position: P&L = -17.39 (-1.82%)
2025-12-03 15:00:06,200 - INFO - HedgeFund - Entering long position: 0.019687 BTC at 48324.44
2025-12-03 15:00:06,200 - INFO - HedgeFund - Exiting position: P&L = -21.62 (-2.27%)
2025-12-03 15:00:06,201 - INFO - HedgeFund - Entering long position: 0.020310 BTC at 46734.53
2025-12-03 15:00:06,201 - INFO - HedgeFund - Exiting position: P&L = -3.16 (-0.33%)
2025-12-03 15:00:06,201 - INFO - HedgeFund - Entering long position: 0.020820 BTC at 45574.22
2025-12-03 15:00:06,201 - INFO - HedgeFund - Exiting position: P&L = -7.25 (-0.76%)
2025-12-03 15:00:06,201 - INFO - HedgeFund - Entering long position: 0.020795 BTC at 45594.14
2025-12-03 15:00:06,201 - INFO - HedgeFund - Exiting position: P&L = -4.04 (-0.43%)
2025-12-03 15:00:06,201 - INFO - HedgeFund - Entering long position: 0.020784 BTC at 45599.59
2025-12-03 15:00:06,202 - INFO - HedgeFund - Exiting position: P&L = 22.63 (2.39%)
2025-12-03 15:00:06,202 - INFO - HedgeFund - Entering long position: 0.020268 BTC at 46871.33
2025-12-03 15:00:06,202 - INFO - HedgeFund - Exiting position: P&L = 7.63 (0.80%)
2025-12-03 15:00:06,202 - INFO - HedgeFund - Entering long position: 0.019846 BTC at 47907.69
2025-12-03 15:00:06,202 - INFO - HedgeFund - Exiting position: P&L = -19.94 (-2.10%)
2025-12-03 15:00:06,202 - INFO - HedgeFund - Entering long position: 0.020626 BTC at 45997.60
2025-12-03 15:00:06,202 - INFO - HedgeFund - Exiting position: P&L = -2.09 (-0.22%)
2025-12-03 15:00:06,202 - INFO - HedgeFund - Entering long position: 0.021151 BTC at 44846.67
2025-12-03 15:00:06,202 - INFO - HedgeFund - Exiting position: P&L = -1.82 (-0.19%)
2025-12-03 15:00:06,203 - INFO - HedgeFund - Entering long position: 0.020886 BTC at 45407.76
2025-12-03 15:00:06,203 - INFO - HedgeFund - Exiting position: P&L = 5.36 (0.57%)
2025-12-03 15:00:06,203 - INFO - HedgeFund - Entering long position: 0.020998 BTC at 45190.43
2025-12-03 15:00:06,203 - INFO - HedgeFund - Exiting position: P&L = 32.17 (3.39%)
2025-12-03 15:00:06,203 - INFO - HedgeFund - Entering long position: 0.020143 BTC at 47269.27
2025-12-03 15:00:06,204 - INFO - HedgeFund - Exiting position: P&L = 2.11 (0.22%)
2025-12-03 15:00:06,204 - INFO - HedgeFund - Entering long position: 0.020246 BTC at 47038.58
2025-12-03 15:00:06,204 - INFO - HedgeFund - Exiting position: P&L = -9.95 (-1.04%)
2025-12-03 15:00:06,204 - INFO - HedgeFund - Entering long position: 0.020706 BTC at 45945.93
2025-12-03 15:00:06,204 - INFO - HedgeFund - Exiting position: P&L = -0.52 (-0.05%)
2025-12-03 15:00:06,204 - INFO - HedgeFund - Entering long position: 0.020753 BTC at 45838.78
2025-12-03 15:00:06,204 - INFO - HedgeFund - Exiting position: P&L = 10.77 (1.13%)
2025-12-03 15:00:06,204 - INFO - HedgeFund - Entering long position: 0.020197 BTC at 47152.98
2025-12-03 15:00:06,204 - INFO - HedgeFund - Exiting position: P&L = -11.66 (-1.22%)
2025-12-03 15:00:06,204 - INFO - HedgeFund - Entering long position: 0.020876 BTC at 45563.82
2025-12-03 15:00:06,204 - INFO - HedgeFund - Exiting position: P&L = -6.37 (-0.67%)
2025-12-03 15:00:06,205 - INFO - HedgeFund - Entering long position: 0.020788 BTC at 45727.46
2025-12-03 15:00:06,205 - INFO - HedgeFund - Exiting position: P&L = 2.07 (0.22%)
2025-12-03 15:00:06,205 - INFO - HedgeFund - Entering long position: 0.020515 BTC at 46346.02
2025-12-03 15:00:06,205 - INFO - HedgeFund - Exiting position: P&L = -3.64 (-0.38%)
2025-12-03 15:00:06,205 - INFO - HedgeFund - Entering long position: 0.020599 BTC at 46138.11
2025-12-03 15:00:06,205 - INFO - HedgeFund - Exiting position: P&L = 3.85 (0.41%)
2025-12-03 15:00:06,205 - INFO - HedgeFund - Entering long position: 0.020360 BTC at 46699.05
2025-12-03 15:00:06,205 - INFO - HedgeFund - Exiting position: P&L = -21.65 (-2.28%)
2025-12-03 15:00:06,205 - INFO - HedgeFund - Entering long position: 0.021138 BTC at 44877.73
2025-12-03 15:00:06,205 - INFO - HedgeFund - Exiting position: P&L = -6.17 (-0.65%)
2025-12-03 15:00:06,205 - INFO - HedgeFund - Entering long position: 0.021232 BTC at 44649.26
2025-12-03 15:00:06,205 - INFO - HedgeFund - Exiting position: P&L = -7.58 (-0.80%)
2025-12-03 15:00:06,205 - INFO - HedgeFund - Entering long position: 0.021314 BTC at 44442.53
2025-12-03 15:00:06,205 - INFO - HedgeFund - Exiting position: P&L = 3.60 (0.38%)
2025-12-03 15:00:06,205 - INFO - HedgeFund - Entering long position: 0.021920 BTC at 43229.72
2025-12-03 15:00:06,206 - INFO - HedgeFund - Exiting position: P&L = -16.70 (-1.76%)
2025-12-03 15:00:06,206 - INFO - HedgeFund - Entering long position: 0.022140 BTC at 42726.47
2025-12-03 15:00:06,206 - INFO - HedgeFund - Exiting position: P&L = -5.32 (-0.56%)
2025-12-03 15:00:06,206 - INFO - HedgeFund - Entering long position: 0.022048 BTC at 42879.89
2025-12-03 15:00:06,206 - INFO - HedgeFund - Exiting position: P&L = -2.93 (-0.31%)
2025-12-03 15:00:06,206 - INFO - HedgeFund - Entering long position: 0.022256 BTC at 42466.31
2025-12-03 15:00:06,206 - INFO - HedgeFund - Exiting position: P&L = 1.84 (0.19%)
2025-12-03 15:00:06,206 - INFO - HedgeFund - Entering long position: 0.021898 BTC at 43168.66
2025-12-03 15:00:06,206 - INFO - HedgeFund - Exiting position: P&L = -13.52 (-1.43%)
2025-12-03 15:00:06,206 - INFO - HedgeFund - Entering long position: 0.022008 BTC at 42891.41
2025-12-03 15:00:06,206 - INFO - HedgeFund - Exiting position: P&L = -13.19 (-1.40%)
2025-12-03 15:00:06,207 - INFO - HedgeFund - Entering long position: 0.022285 BTC at 42299.20
2025-12-03 15:00:06,207 - INFO - HedgeFund - Exiting position: P&L = -1.53 (-0.16%)
2025-12-03 15:00:06,207 - INFO - HedgeFund - Entering long position: 0.022424 BTC at 42029.46
2025-12-03 15:00:06,207 - INFO - HedgeFund - Exiting position: P&L = -9.47 (-1.00%)
2025-12-03 15:00:06,207 - INFO - HedgeFund - Entering long position: 0.022874 BTC at 41161.84
2025-12-03 15:00:06,207 - INFO - HedgeFund - Exiting position: P&L = -26.87 (-2.85%)
2025-12-03 15:00:06,207 - INFO - HedgeFund - Entering long position: 0.023082 BTC at 40673.69
2025-12-03 15:00:06,207 - INFO - HedgeFund - Exiting position: P&L = -16.01 (-1.71%)
2025-12-03 15:00:06,207 - INFO - HedgeFund - Entering long position: 0.024250 BTC at 38648.69
2025-12-03 15:00:06,207 - INFO - HedgeFund - Exiting position: P&L = 5.95 (0.63%)
2025-12-03 15:00:06,208 - INFO - HedgeFund - Entering long position: 0.024322 BTC at 38560.03
2025-12-03 15:00:06,208 - INFO - HedgeFund - Exiting position: P&L = -26.70 (-2.85%)
2025-12-03 15:00:06,208 - INFO - HedgeFund - Entering long position: 0.027164 BTC at 34426.56
2025-12-03 15:00:06,208 - INFO - HedgeFund - Exiting position: P&L = 9.15 (0.98%)
2025-12-03 15:00:06,208 - INFO - HedgeFund - Entering long position: 0.026663 BTC at 35108.35
2025-12-03 15:00:06,208 - INFO - HedgeFund - Exiting position: P&L = -9.48 (-1.01%)
2025-12-03 15:00:06,208 - INFO - HedgeFund - Entering long position: 0.028301 BTC at 33042.93
2025-12-03 15:00:06,208 - INFO - HedgeFund - Exiting position: P&L = -12.48 (-1.33%)
2025-12-03 15:00:06,208 - INFO - HedgeFund - Entering long position: 0.028270 BTC at 33034.96
2025-12-03 15:00:06,209 - INFO - HedgeFund - Exiting position: P&L = -14.80 (-1.58%)
2025-12-03 15:00:06,209 - INFO - HedgeFund - Entering long position: 0.028057 BTC at 33232.86
2025-12-03 15:00:06,209 - INFO - HedgeFund - Exiting position: P&L = -7.75 (-0.83%)
2025-12-03 15:00:06,209 - INFO - HedgeFund - Entering long position: 0.028266 BTC at 32959.81
2025-12-03 15:00:06,209 - INFO - HedgeFund - Exiting position: P&L = -7.11 (-0.76%)
2025-12-03 15:00:06,209 - INFO - HedgeFund - Entering long position: 0.028557 BTC at 32598.77
2025-12-03 15:00:06,209 - INFO - HedgeFund - Exiting position: P&L = -5.11 (-0.55%)
2025-12-03 15:00:06,209 - INFO - HedgeFund - Entering long position: 0.028362 BTC at 32804.59
2025-12-03 15:00:06,209 - INFO - HedgeFund - Exiting position: P&L = 12.81 (1.38%)
2025-12-03 15:00:06,209 - INFO - HedgeFund - Entering long position: 0.027632 BTC at 33717.46
2025-12-03 15:00:06,209 - INFO - HedgeFund - Exiting position: P&L = -2.16 (-0.23%)
2025-12-03 15:00:06,209 - INFO - HedgeFund - Entering long position: 0.027480 BTC at 33896.87
2025-12-03 15:00:06,209 - INFO - HedgeFund - Exiting position: P&L = -19.01 (-2.04%)
2025-12-03 15:00:06,209 - INFO - HedgeFund - Entering long position: 0.027740 BTC at 33510.59
2025-12-03 15:00:06,209 - INFO - HedgeFund - Exiting position: P&L = 2.13 (0.23%)
2025-12-03 15:00:06,210 - INFO - HedgeFund - Entering long position: 0.027934 BTC at 33284.99
2025-12-03 15:00:06,210 - INFO - HedgeFund - Exiting position: P&L = -8.19 (-0.88%)
2025-12-03 15:00:06,210 - INFO - HedgeFund - Entering long position: 0.028291 BTC at 32836.49
2025-12-03 15:00:06,210 - INFO - HedgeFund - Exiting position: P&L = 75.76 (8.15%)
2025-12-03 15:00:06,210 - INFO - HedgeFund - Entering long position: 0.026718 BTC at 35052.66
2025-12-03 15:00:06,210 - INFO - HedgeFund - Exiting position: P&L = -4.90 (-0.52%)
2025-12-03 15:00:06,210 - INFO - HedgeFund - Entering long position: 0.026367 BTC at 35500.42
2025-12-03 15:00:06,210 - INFO - HedgeFund - Exiting position: P&L = -11.34 (-1.21%)
2025-12-03 15:00:06,262 - INFO - HedgeFund - Entering long position: 0.027047 BTC at 34566.25
2025-12-03 15:00:06,262 - INFO - HedgeFund - Exiting position: P&L = -11.96 (-1.28%)
2025-12-03 15:00:06,262 - INFO - HedgeFund - Entering long position: 0.027418 BTC at 34055.02
2025-12-03 15:00:06,262 - INFO - HedgeFund - Exiting position: P&L = 4.43 (0.47%)
2025-12-03 15:00:06,262 - INFO - HedgeFund - Entering long position: 0.027408 BTC at 34083.46
2025-12-03 15:00:06,262 - INFO - HedgeFund - Exiting position: P&L = 4.54 (0.49%)
2025-12-03 15:00:06,262 - INFO - HedgeFund - Entering long position: 0.027159 BTC at 34413.34
2025-12-03 15:00:06,263 - INFO - HedgeFund - Exiting position: P&L = 9.25 (0.99%)
2025-12-03 15:00:06,263 - INFO - HedgeFund - Entering long position: 0.027255 BTC at 34325.41
2025-12-03 15:00:06,263 - INFO - HedgeFund - Exiting position: P&L = 11.72 (1.25%)
2025-12-03 15:00:06,263 - INFO - HedgeFund - Entering long position: 0.026532 BTC at 35305.48
2025-12-03 15:00:06,263 - INFO - HedgeFund - Exiting position: P&L = -9.04 (-0.97%)
2025-12-03 15:00:06,263 - INFO - HedgeFund - Entering long position: 0.026530 BTC at 35274.27
2025-12-03 15:00:06,263 - INFO - HedgeFund - Exiting position: P&L = 1.98 (0.21%)
2025-12-03 15:00:06,263 - INFO - HedgeFund - Entering long position: 0.026699 BTC at 35058.11
2025-12-03 15:00:06,263 - INFO - HedgeFund - Exiting position: P&L = 60.15 (6.43%)
2025-12-03 15:00:06,263 - INFO - HedgeFund - Entering long position: 0.026221 BTC at 35926.08
2025-12-03 15:00:06,263 - INFO - HedgeFund - Exiting position: P&L = -10.03 (-1.06%)
2025-12-03 15:00:06,263 - INFO - HedgeFund - Entering long position: 0.026043 BTC at 36133.57
2025-12-03 15:00:06,264 - INFO - HedgeFund - Exiting position: P&L = -11.42 (-1.21%)
2025-12-03 15:00:06,264 - INFO - HedgeFund - Entering long position: 0.026361 BTC at 35654.16
2025-12-03 15:00:06,264 - INFO - HedgeFund - Exiting position: P&L = -7.35 (-0.78%)
2025-12-03 15:00:06,264 - INFO - HedgeFund - Entering long position: 0.025942 BTC at 36201.81
2025-12-03 15:00:06,264 - INFO - HedgeFund - Exiting position: P&L = -19.42 (-2.07%)
2025-12-03 15:00:06,264 - INFO - HedgeFund - Entering long position: 0.026211 BTC at 35756.67
2025-12-03 15:00:06,264 - INFO - HedgeFund - Exiting position: P&L = 57.29 (6.11%)
2025-12-03 15:00:06,264 - INFO - HedgeFund - Entering long position: 0.024654 BTC at 38246.99
2025-12-03 15:00:06,264 - INFO - HedgeFund - Exiting position: P&L = 2.01 (0.21%)
2025-12-03 15:00:06,264 - INFO - HedgeFund - Entering long position: 0.024459 BTC at 38560.52
2025-12-03 15:00:06,264 - INFO - HedgeFund - Exiting position: P&L = -9.40 (-1.00%)
2025-12-03 15:00:06,265 - INFO - HedgeFund - Entering long position: 0.024631 BTC at 38252.72
2025-12-03 15:00:06,265 - INFO - HedgeFund - Exiting position: P&L = 28.39 (3.01%)
2025-12-03 15:00:06,265 - INFO - HedgeFund - Entering long position: 0.023887 BTC at 39562.96
2025-12-03 15:00:06,265 - INFO - HedgeFund - Exiting position: P&L = 30.57 (3.23%)
2025-12-03 15:00:06,265 - INFO - HedgeFund - Entering long position: 0.023113 BTC at 41019.47
2025-12-03 15:00:06,265 - INFO - HedgeFund - Exiting position: P&L = -16.12 (-1.70%)
2025-12-03 15:00:06,265 - INFO - HedgeFund - Entering long position: 0.023273 BTC at 40667.97
2025-12-03 15:00:06,265 - INFO - HedgeFund - Exiting position: P&L = -7.28 (-0.77%)
2025-12-03 15:00:06,265 - INFO - HedgeFund - Entering long position: 0.023348 BTC at 40507.55
2025-12-03 15:00:06,265 - INFO - HedgeFund - Exiting position: P&L = -5.05 (-0.53%)
2025-12-03 15:00:06,265 - INFO - HedgeFund - Entering long position: 0.023458 BTC at 40295.60
2025-12-03 15:00:06,265 - INFO - HedgeFund - Exiting position: P&L = 4.73 (0.50%)
2025-12-03 15:00:06,266 - INFO - HedgeFund - Entering long position: 0.023832 BTC at 39681.99
2025-12-03 15:00:06,266 - INFO - HedgeFund - Exiting position: P&L = 34.38 (3.64%)
2025-12-03 15:00:06,266 - INFO - HedgeFund - Entering long position: 0.022797 BTC at 41634.98
2025-12-03 15:00:06,266 - INFO - HedgeFund - Exiting position: P&L = 14.51 (1.53%)
2025-12-03 15:00:06,266 - INFO - HedgeFund - Entering long position: 0.022141 BTC at 42933.82
2025-12-03 15:00:06,266 - INFO - HedgeFund - Exiting position: P&L = 10.81 (1.14%)
2025-12-03 15:00:06,266 - INFO - HedgeFund - Entering long position: 0.021760 BTC at 43735.65
2025-12-03 15:00:06,266 - INFO - HedgeFund - Exiting position: P&L = -10.41 (-1.09%)
2025-12-03 15:00:06,266 - INFO - HedgeFund - Entering long position: 0.022551 BTC at 42156.25
2025-12-03 15:00:06,266 - INFO - HedgeFund - Exiting position: P&L = 1.82 (0.19%)
2025-12-03 15:00:06,266 - INFO - HedgeFund - Entering long position: 0.022349 BTC at 42543.87
2025-12-03 15:00:06,266 - INFO - HedgeFund - Exiting position: P&L = -9.14 (-0.96%)
2025-12-03 15:00:06,266 - INFO - HedgeFund - Entering long position: 0.022481 BTC at 42254.20
2025-12-03 15:00:06,267 - INFO - HedgeFund - Exiting position: P&L = -10.31 (-1.08%)
2025-12-03 15:00:06,267 - INFO - HedgeFund - Entering long position: 0.022708 BTC at 41787.07
2025-12-03 15:00:06,267 - INFO - HedgeFund - Exiting position: P&L = 1.07 (0.11%)
2025-12-03 15:00:06,267 - INFO - HedgeFund - Entering long position: 0.022666 BTC at 41868.19
2025-12-03 15:00:06,267 - INFO - HedgeFund - Exiting position: P&L = -13.07 (-1.38%)
2025-12-03 15:00:06,267 - INFO - HedgeFund - Entering long position: 0.023542 BTC at 40255.05
2025-12-03 15:00:06,267 - INFO - HedgeFund - Exiting position: P&L = 4.41 (0.47%)
2025-12-03 15:00:06,267 - INFO - HedgeFund - Entering long position: 0.023496 BTC at 40353.46
2025-12-03 15:00:06,267 - INFO - HedgeFund - Exiting position: P&L = -2.81 (-0.30%)
2025-12-03 15:00:06,267 - INFO - HedgeFund - Entering long position: 0.023433 BTC at 40449.38
2025-12-03 15:00:06,267 - INFO - HedgeFund - Exiting position: P&L = -0.24 (-0.02%)
2025-12-03 15:00:06,267 - INFO - HedgeFund - Entering long position: 0.023315 BTC at 40653.58
2025-12-03 15:00:06,267 - INFO - HedgeFund - Exiting position: P&L = -6.86 (-0.72%)
2025-12-03 15:00:06,267 - INFO - HedgeFund - Entering long position: 0.022915 BTC at 41332.17
2025-12-03 15:00:06,267 - INFO - HedgeFund - Exiting position: P&L = -4.59 (-0.48%)
2025-12-03 15:00:06,268 - INFO - HedgeFund - Entering long position: 0.023013 BTC at 41136.66
2025-12-03 15:00:06,268 - INFO - HedgeFund - Exiting position: P&L = -8.59 (-0.91%)
2025-12-03 15:00:06,268 - INFO - HedgeFund - Entering long position: 0.023088 BTC at 40965.83
2025-12-03 15:00:06,268 - INFO - HedgeFund - Exiting position: P&L = -10.36 (-1.10%)
2025-12-03 15:00:06,268 - INFO - HedgeFund - Entering long position: 0.023033 BTC at 41019.01
2025-12-03 15:00:06,268 - INFO - HedgeFund - Exiting position: P&L = -12.12 (-1.28%)
2025-12-03 15:00:06,268 - INFO - HedgeFund - Entering long position: 0.023114 BTC at 40822.01
2025-12-03 15:00:06,268 - INFO - HedgeFund - Exiting position: P&L = -1.10 (-0.12%)
2025-12-03 15:00:06,268 - INFO - HedgeFund - Entering long position: 0.023302 BTC at 40488.34
2025-12-03 15:00:06,268 - INFO - HedgeFund - Exiting position: P&L = -8.77 (-0.93%)
2025-12-03 15:00:06,268 - INFO - HedgeFund - Entering long position: 0.023371 BTC at 40330.76
2025-12-03 15:00:06,268 - INFO - HedgeFund - Exiting position: P&L = -11.20 (-1.19%)
2025-12-03 15:00:06,268 - INFO - HedgeFund - Entering long position: 0.023342 BTC at 40332.60
2025-12-03 15:00:06,268 - INFO - HedgeFund - Exiting position: P&L = -18.82 (-2.00%)
2025-12-03 15:00:06,268 - INFO - HedgeFund - Entering long position: 0.024109 BTC at 38972.68
2025-12-03 15:00:06,269 - INFO - HedgeFund - Exiting position: P&L = -14.75 (-1.57%)
2025-12-03 15:00:06,269 - INFO - HedgeFund - Entering long position: 0.024275 BTC at 38645.11
2025-12-03 15:00:06,269 - INFO - HedgeFund - Exiting position: P&L = 0.51 (0.05%)
2025-12-03 15:00:06,269 - INFO - HedgeFund - Entering long position: 0.023960 BTC at 39154.48
2025-12-03 15:00:06,269 - INFO - HedgeFund - Exiting position: P&L = -14.79 (-1.58%)
2025-12-03 15:00:06,269 - INFO - HedgeFund - Entering long position: 0.025415 BTC at 36855.53
2025-12-03 15:00:06,269 - INFO - HedgeFund - Exiting position: P&L = -19.98 (-2.13%)
2025-12-03 15:00:06,269 - INFO - HedgeFund - Entering long position: 0.025690 BTC at 36382.87
2025-12-03 15:00:06,269 - INFO - HedgeFund - Exiting position: P&L = 4.27 (0.46%)
2025-12-03 15:00:06,269 - INFO - HedgeFund - Entering long position: 0.025371 BTC at 36857.32
2025-12-03 15:00:06,269 - INFO - HedgeFund - Exiting position: P&L = -17.18 (-1.84%)
2025-12-03 15:00:06,269 - INFO - HedgeFund - Entering long position: 0.026662 BTC at 35008.63
2025-12-03 15:00:06,269 - INFO - HedgeFund - Exiting position: P&L = -2.95 (-0.32%)
2025-12-03 15:00:06,269 - INFO - HedgeFund - Entering long position: 0.026559 BTC at 35132.19
2025-12-03 15:00:06,269 - INFO - HedgeFund - Exiting position: P&L = -13.66 (-1.46%)
2025-12-03 15:00:06,270 - INFO - HedgeFund - Entering long position: 0.026786 BTC at 34784.38
2025-12-03 15:00:06,270 - INFO - HedgeFund - Exiting position: P&L = -1.33 (-0.14%)
2025-12-03 15:00:06,270 - INFO - HedgeFund - Entering long position: 0.026261 BTC at 35474.00
2025-12-03 15:00:06,270 - INFO - HedgeFund - Exiting position: P&L = 24.52 (2.63%)
2025-12-03 15:00:06,270 - INFO - HedgeFund - Entering long position: 0.025429 BTC at 36731.47
2025-12-03 15:00:06,270 - INFO - HedgeFund - Exiting position: P&L = 51.95 (5.56%)
2025-12-03 15:00:06,270 - INFO - HedgeFund - Entering long position: 0.024210 BTC at 38795.29
2025-12-03 15:00:06,270 - INFO - HedgeFund - Exiting position: P&L = 0.28 (0.03%)
2025-12-03 15:00:06,270 - INFO - HedgeFund - Entering long position: 0.024219 BTC at 38781.69
2025-12-03 15:00:06,270 - INFO - HedgeFund - Exiting position: P&L = -9.90 (-1.05%)
2025-12-03 15:00:06,270 - INFO - HedgeFund - Entering long position: 0.024379 BTC at 38487.63
2025-12-03 15:00:06,270 - INFO - HedgeFund - Exiting position: P&L = -17.16 (-1.83%)
2025-12-03 15:00:06,270 - INFO - HedgeFund - Entering long position: 0.026853 BTC at 34876.94
2025-12-03 15:00:06,270 - INFO - HedgeFund - Exiting position: P&L = -2.66 (-0.28%)
2025-12-03 15:00:06,271 - INFO - HedgeFund - Entering long position: 0.026688 BTC at 35083.15
2025-12-03 15:00:06,271 - INFO - HedgeFund - Exiting position: P&L = 47.70 (5.09%)
2025-12-03 15:00:06,271 - INFO - HedgeFund - Entering long position: 0.025283 BTC at 37221.26
2025-12-03 15:00:06,271 - INFO - HedgeFund - Exiting position: P&L = -0.08 (-0.01%)
2025-12-03 15:00:06,271 - INFO - HedgeFund - Entering long position: 0.026355 BTC at 35707.25
2025-12-03 15:00:06,271 - INFO - HedgeFund - Exiting position: P&L = -3.29 (-0.35%)
2025-12-03 15:00:06,271 - INFO - HedgeFund - Entering long position: 0.026203 BTC at 35900.96
2025-12-03 15:00:06,271 - INFO - HedgeFund - Exiting position: P&L = -14.22 (-1.51%)
2025-12-03 15:00:06,271 - INFO - HedgeFund - Entering long position: 0.027026 BTC at 34755.50
2025-12-03 15:00:06,271 - INFO - HedgeFund - Exiting position: P&L = -13.59 (-1.45%)
2025-12-03 15:00:06,271 - INFO - HedgeFund - Entering long position: 0.028518 BTC at 32889.20
2025-12-03 15:00:06,272 - INFO - HedgeFund - Exiting position: P&L = 48.20 (5.14%)
2025-12-03 15:00:06,272 - INFO - HedgeFund - Entering long position: 0.027106 BTC at 34780.88
2025-12-03 15:00:06,272 - INFO - HedgeFund - Exiting position: P&L = -9.75 (-1.03%)
2025-12-03 15:00:06,272 - INFO - HedgeFund - Entering long position: 0.027114 BTC at 34734.97
2025-12-03 15:00:06,272 - INFO - HedgeFund - Exiting position: P&L = 45.58 (4.84%)
2025-12-03 15:00:06,272 - INFO - HedgeFund - Entering long position: 0.025831 BTC at 36636.14
2025-12-03 15:00:06,272 - INFO - HedgeFund - Exiting position: P&L = 32.24 (3.41%)
2025-12-03 15:00:06,272 - INFO - HedgeFund - Entering long position: 0.025434 BTC at 37334.42
2025-12-03 15:00:06,272 - INFO - HedgeFund - Exiting position: P&L = -10.47 (-1.10%)
2025-12-03 15:00:06,272 - INFO - HedgeFund - Entering long position: 0.025521 BTC at 37166.64
2025-12-03 15:00:06,272 - INFO - HedgeFund - Exiting position: P&L = -0.21 (-0.02%)
2025-12-03 15:00:06,273 - INFO - HedgeFund - Entering long position: 0.025681 BTC at 36934.17
2025-12-03 15:00:06,273 - INFO - HedgeFund - Exiting position: P&L = 4.09 (0.43%)
2025-12-03 15:00:06,273 - INFO - HedgeFund - Entering long position: 0.025104 BTC at 37799.56
2025-12-03 15:00:06,273 - INFO - HedgeFund - Exiting position: P&L = -6.66 (-0.70%)
2025-12-03 15:00:06,273 - INFO - HedgeFund - Entering long position: 0.025735 BTC at 36847.46
2025-12-03 15:00:06,273 - INFO - HedgeFund - Exiting position: P&L = 1.38 (0.15%)
2025-12-03 15:00:06,273 - INFO - HedgeFund - Entering long position: 0.025138 BTC at 37727.11
2025-12-03 15:00:06,273 - INFO - HedgeFund - Exiting position: P&L = 9.84 (1.04%)
2025-12-03 15:00:06,274 - INFO - HedgeFund - Entering long position: 0.024719 BTC at 38406.70
2025-12-03 15:00:06,274 - INFO - HedgeFund - Exiting position: P&L = -2.91 (-0.31%)
2025-12-03 15:00:06,274 - INFO - HedgeFund - Entering long position: 0.024398 BTC at 38899.41
2025-12-03 15:00:06,274 - INFO - HedgeFund - Exiting position: P&L = 2.61 (0.28%)
2025-12-03 15:00:06,274 - INFO - HedgeFund - Entering long position: 0.024218 BTC at 39200.60
2025-12-03 15:00:06,274 - INFO - HedgeFund - Exiting position: P&L = -5.98 (-0.63%)
2025-12-03 15:00:06,274 - INFO - HedgeFund - Entering long position: 0.024110 BTC at 39350.20
2025-12-03 15:00:06,275 - INFO - HedgeFund - Exiting position: P&L = -14.91 (-1.57%)
2025-12-03 15:00:06,275 - INFO - HedgeFund - Entering long position: 0.024942 BTC at 37978.84
2025-12-03 15:00:06,275 - INFO - HedgeFund - Exiting position: P&L = -10.13 (-1.07%)
2025-12-03 15:00:06,275 - INFO - HedgeFund - Entering long position: 0.025108 BTC at 37687.54
2025-12-03 15:00:06,275 - INFO - HedgeFund - Exiting position: P&L = 39.70 (4.20%)
2025-12-03 15:00:06,275 - INFO - HedgeFund - Entering long position: 0.025250 BTC at 37632.04
2025-12-03 15:00:06,275 - INFO - HedgeFund - Exiting position: P&L = 8.59 (0.90%)
2025-12-03 15:00:06,276 - INFO - HedgeFund - Entering long position: 0.025680 BTC at 37035.03
2025-12-03 15:00:06,276 - INFO - HedgeFund - Exiting position: P&L = -6.34 (-0.67%)
2025-12-03 15:00:06,276 - INFO - HedgeFund - Entering long position: 0.025516 BTC at 37248.97
2025-12-03 15:00:06,276 - INFO - HedgeFund - Exiting position: P&L = 39.46 (4.15%)
2025-12-03 15:00:06,276 - INFO - HedgeFund - Entering long position: 0.024302 BTC at 39272.41
2025-12-03 15:00:06,276 - INFO - HedgeFund - Exiting position: P&L = -1.58 (-0.17%)
2025-12-03 15:00:06,276 - INFO - HedgeFund - Entering long position: 0.023916 BTC at 39898.73
2025-12-03 15:00:06,276 - INFO - HedgeFund - Exiting position: P&L = -7.45 (-0.78%)
2025-12-03 15:00:06,276 - INFO - HedgeFund - Entering long position: 0.024010 BTC at 39712.31
2025-12-03 15:00:06,276 - INFO - HedgeFund - Exiting position: P&L = -5.90 (-0.62%)
2025-12-03 15:00:06,276 - INFO - HedgeFund - Entering long position: 0.023936 BTC at 39809.60
2025-12-03 15:00:06,277 - INFO - HedgeFund - Exiting position: P&L = -7.66 (-0.80%)
2025-12-03 15:00:06,277 - INFO - HedgeFund - Entering long position: 0.023733 BTC at 40119.01
2025-12-03 15:00:06,277 - INFO - HedgeFund - Exiting position: P&L = 47.49 (4.99%)
2025-12-03 15:00:06,277 - INFO - HedgeFund - Entering long position: 0.022476 BTC at 42573.23
2025-12-03 15:00:06,277 - INFO - HedgeFund - Exiting position: P&L = -13.22 (-1.38%)
2025-12-03 15:00:06,277 - INFO - HedgeFund - Entering long position: 0.022711 BTC at 42073.90
2025-12-03 15:00:06,277 - INFO - HedgeFund - Exiting position: P&L = -4.07 (-0.43%)
2025-12-03 15:00:06,277 - INFO - HedgeFund - Entering long position: 0.022387 BTC at 42665.99
2025-12-03 15:00:06,277 - INFO - HedgeFund - Exiting position: P&L = -22.75 (-2.38%)
2025-12-03 15:00:06,277 - INFO - HedgeFund - Entering long position: 0.023369 BTC at 40775.21
2025-12-03 15:00:06,277 - INFO - HedgeFund - Exiting position: P&L = -7.76 (-0.81%)
2025-12-03 15:00:06,278 - INFO - HedgeFund - Entering long position: 0.023452 BTC at 40596.82
2025-12-03 15:00:06,278 - INFO - HedgeFund - Exiting position: P&L = -7.30 (-0.77%)
2025-12-03 15:00:06,278 - INFO - HedgeFund - Entering long position: 0.023285 BTC at 40856.62
2025-12-03 15:00:06,278 - INFO - HedgeFund - Exiting position: P&L = 72.43 (7.61%)
2025-12-03 15:00:06,278 - INFO - HedgeFund - Entering long position: 0.021705 BTC at 44164.73
2025-12-03 15:00:06,278 - INFO - HedgeFund - Exiting position: P&L = 15.74 (1.64%)
2025-12-03 15:00:06,278 - INFO - HedgeFund - Entering long position: 0.021335 BTC at 45005.20
2025-12-03 15:00:06,278 - INFO - HedgeFund - Exiting position: P&L = -10.81 (-1.13%)
2025-12-03 15:00:06,278 - INFO - HedgeFund - Entering long position: 0.021382 BTC at 44855.53
2025-12-03 15:00:06,278 - INFO - HedgeFund - Exiting position: P&L = -13.12 (-1.37%)
2025-12-03 15:00:06,279 - INFO - HedgeFund - Entering long position: 0.021289 BTC at 44988.86
2025-12-03 15:00:06,279 - INFO - HedgeFund - Exiting position: P&L = 50.75 (5.30%)
2025-12-03 15:00:06,279 - INFO - HedgeFund - Entering long position: 0.020404 BTC at 47189.49
2025-12-03 15:00:06,279 - INFO - HedgeFund - Exiting position: P&L = 9.21 (0.96%)
2025-12-03 15:00:06,279 - INFO - HedgeFund - Entering long position: 0.019839 BTC at 48580.27
2025-12-03 15:00:06,279 - INFO - HedgeFund - Exiting position: P&L = 61.68 (6.40%)
2025-12-03 15:00:06,279 - INFO - HedgeFund - Entering long position: 0.018421 BTC at 52653.30
2025-12-03 15:00:06,279 - INFO - HedgeFund - Exiting position: P&L = -22.12 (-2.28%)
2025-12-03 15:00:06,279 - INFO - HedgeFund - Entering long position: 0.018535 BTC at 52211.64
2025-12-03 15:00:06,280 - INFO - HedgeFund - Exiting position: P&L = 6.81 (0.70%)
2025-12-03 15:00:06,280 - INFO - HedgeFund - Entering long position: 0.018840 BTC at 51403.04
2025-12-03 15:00:06,280 - INFO - HedgeFund - Exiting position: P&L = 50.21 (5.19%)
2025-12-03 15:00:06,280 - INFO - HedgeFund - Entering long position: 0.017865 BTC at 54488.94
2025-12-03 15:00:06,280 - INFO - HedgeFund - Exiting position: P&L = -16.92 (-1.74%)
2025-12-03 15:00:06,280 - INFO - HedgeFund - Entering long position: 0.018010 BTC at 53957.11
2025-12-03 15:00:06,280 - INFO - HedgeFund - Exiting position: P&L = -14.07 (-1.45%)
2025-12-03 15:00:06,280 - INFO - HedgeFund - Entering long position: 0.018279 BTC at 53086.00
2025-12-03 15:00:06,280 - INFO - HedgeFund - Exiting position: P&L = -0.15 (-0.02%)
2025-12-03 15:00:06,280 - INFO - HedgeFund - Entering long position: 0.018255 BTC at 53154.94
2025-12-03 15:00:06,280 - INFO - HedgeFund - Exiting position: P&L = -13.80 (-1.42%)
2025-12-03 15:00:06,281 - INFO - HedgeFund - Entering long position: 0.018228 BTC at 53157.18
2025-12-03 15:00:06,281 - INFO - HedgeFund - Exiting position: P&L = -5.81 (-0.60%)
2025-12-03 15:00:06,281 - INFO - HedgeFund - Entering long position: 0.018408 BTC at 52607.24
2025-12-03 15:00:06,281 - INFO - HedgeFund - Exiting position: P&L = 0.56 (0.06%)
2025-12-03 15:00:06,281 - INFO - HedgeFund - Entering long position: 0.018336 BTC at 52814.30
2025-12-03 15:00:06,281 - INFO - HedgeFund - Exiting position: P&L = -0.76 (-0.08%)
2025-12-03 15:00:06,281 - INFO - HedgeFund - Entering long position: 0.018532 BTC at 52251.99
2025-12-03 15:00:06,281 - INFO - HedgeFund - Exiting position: P&L = -2.96 (-0.31%)
2025-12-03 15:00:06,281 - INFO - HedgeFund - Entering long position: 0.018419 BTC at 52556.02
2025-12-03 15:00:06,281 - INFO - HedgeFund - Exiting position: P&L = 1.76 (0.18%)
2025-12-03 15:00:06,281 - INFO - HedgeFund - Entering long position: 0.018496 BTC at 52348.74
2025-12-03 15:00:06,281 - INFO - HedgeFund - Exiting position: P&L = -0.49 (-0.05%)
2025-12-03 15:00:06,282 - INFO - HedgeFund - Entering long position: 0.018457 BTC at 52455.72
2025-12-03 15:00:06,282 - INFO - HedgeFund - Exiting position: P&L = -10.85 (-1.12%)
2025-12-03 15:00:06,282 - INFO - HedgeFund - Entering long position: 0.018437 BTC at 52455.10
2025-12-03 15:00:06,282 - INFO - HedgeFund - Exiting position: P&L = -4.28 (-0.44%)
2025-12-03 15:00:06,282 - INFO - HedgeFund - Entering long position: 0.018380 BTC at 52593.02
2025-12-03 15:00:06,282 - INFO - HedgeFund - Exiting position: P&L = -15.92 (-1.65%)
2025-12-03 15:00:06,282 - INFO - HedgeFund - Entering long position: 0.018534 BTC at 52071.75
2025-12-03 15:00:06,282 - INFO - HedgeFund - Exiting position: P&L = 4.68 (0.48%)
2025-12-03 15:00:06,282 - INFO - HedgeFund - Entering long position: 0.018395 BTC at 52490.29
2025-12-03 15:00:06,282 - INFO - HedgeFund - Exiting position: P&L = 0.66 (0.07%)
2025-12-03 15:00:06,282 - INFO - HedgeFund - Entering long position: 0.018303 BTC at 52756.38
2025-12-03 15:00:06,282 - INFO - HedgeFund - Exiting position: P&L = -7.70 (-0.80%)
2025-12-03 15:00:06,283 - INFO - HedgeFund - Entering long position: 0.018247 BTC at 52876.11
2025-12-03 15:00:06,283 - INFO - HedgeFund - Exiting position: P&L = -11.19 (-1.16%)
2025-12-03 15:00:06,283 - INFO - HedgeFund - Entering long position: 0.018470 BTC at 52176.64
2025-12-03 15:00:06,283 - INFO - HedgeFund - Exiting position: P&L = 10.53 (1.09%)
2025-12-03 15:00:06,283 - INFO - HedgeFund - Entering long position: 0.018163 BTC at 53116.24
2025-12-03 15:00:06,283 - INFO - HedgeFund - Exiting position: P&L = 3.90 (0.40%)
2025-12-03 15:00:06,283 - INFO - HedgeFund - Entering long position: 0.019099 BTC at 50535.42
2025-12-03 15:00:06,283 - INFO - HedgeFund - Exiting position: P&L = 0.52 (0.05%)
2025-12-03 15:00:06,283 - INFO - HedgeFund - Entering long position: 0.018941 BTC at 50958.05
2025-12-03 15:00:06,283 - INFO - HedgeFund - Exiting position: P&L = 30.72 (3.18%)
2025-12-03 15:00:06,284 - INFO - HedgeFund - Entering long position: 0.018109 BTC at 53468.99
2025-12-03 15:00:06,284 - INFO - HedgeFund - Exiting position: P&L = -0.04 (-0.00%)
2025-12-03 15:00:06,284 - INFO - HedgeFund - Entering long position: 0.017871 BTC at 54181.63
2025-12-03 15:00:06,284 - INFO - HedgeFund - Exiting position: P&L = 8.13 (0.84%)
2025-12-03 15:00:06,284 - INFO - HedgeFund - Entering long position: 0.018443 BTC at 52544.30
2025-12-03 15:00:06,284 - INFO - HedgeFund - Exiting position: P&L = -8.43 (-0.87%)
2025-12-03 15:00:06,284 - INFO - HedgeFund - Entering long position: 0.018404 BTC at 52609.96
2025-12-03 15:00:06,284 - INFO - HedgeFund - Exiting position: P&L = 44.97 (4.64%)
2025-12-03 15:00:06,284 - INFO - HedgeFund - Entering long position: 0.017400 BTC at 55905.68
2025-12-03 15:00:06,285 - INFO - HedgeFund - Exiting position: P&L = -26.01 (-2.67%)
2025-12-03 15:00:06,285 - INFO - HedgeFund - Entering long position: 0.017949 BTC at 54051.80
2025-12-03 15:00:06,285 - INFO - HedgeFund - Exiting position: P&L = 18.95 (1.95%)
2025-12-03 15:00:06,285 - INFO - HedgeFund - Entering long position: 0.018017 BTC at 53952.09
2025-12-03 15:00:06,285 - INFO - HedgeFund - Exiting position: P&L = -0.09 (-0.01%)
2025-12-03 15:00:06,285 - INFO - HedgeFund - Entering long position: 0.017832 BTC at 54510.49
2025-12-03 15:00:06,285 - INFO - HedgeFund - Exiting position: P&L = -6.67 (-0.69%)
2025-12-03 15:00:06,285 - INFO - HedgeFund - Entering long position: 0.017621 BTC at 55124.55
2025-12-03 15:00:06,285 - INFO - HedgeFund - Exiting position: P&L = -11.94 (-1.23%)
2025-12-03 15:00:06,286 - INFO - HedgeFund - Entering long position: 0.017604 BTC at 55111.53
2025-12-03 15:00:06,286 - INFO - HedgeFund - Exiting position: P&L = -4.62 (-0.48%)
2025-12-03 15:00:06,286 - INFO - HedgeFund - Entering long position: 0.017604 BTC at 55083.32
2025-12-03 15:00:06,286 - INFO - HedgeFund - Exiting position: P&L = 33.09 (3.41%)
2025-12-03 15:00:06,286 - INFO - HedgeFund - Entering long position: 0.016832 BTC at 57809.19
2025-12-03 15:00:06,286 - INFO - HedgeFund - Exiting position: P&L = 15.79 (1.62%)
2025-12-03 15:00:06,286 - INFO - HedgeFund - Entering long position: 0.016490 BTC at 59101.55
2025-12-03 15:00:06,286 - INFO - HedgeFund - Exiting position: P&L = -2.29 (-0.23%)
2025-12-03 15:00:06,286 - INFO - HedgeFund - Entering long position: 0.016797 BTC at 58007.41
2025-12-03 15:00:06,287 - INFO - HedgeFund - Exiting position: P&L = -3.12 (-0.32%)
2025-12-03 15:00:06,287 - INFO - HedgeFund - Entering long position: 0.016785 BTC at 58030.85
2025-12-03 15:00:06,287 - INFO - HedgeFund - Exiting position: P&L = -6.80 (-0.70%)
2025-12-03 15:00:06,287 - INFO - HedgeFund - Entering long position: 0.016732 BTC at 58175.17
2025-12-03 15:00:06,287 - INFO - HedgeFund - Exiting position: P&L = -7.51 (-0.77%)
2025-12-03 15:00:06,287 - INFO - HedgeFund - Entering long position: 0.016776 BTC at 57976.62
2025-12-03 15:00:06,287 - INFO - HedgeFund - Exiting position: P&L = 12.40 (1.28%)
2025-12-03 15:00:06,287 - INFO - HedgeFund - Entering long position: 0.017148 BTC at 56792.23
2025-12-03 15:00:06,287 - INFO - HedgeFund - Exiting position: P&L = -8.36 (-0.86%)
2025-12-03 15:00:06,287 - INFO - HedgeFund - Entering long position: 0.016967 BTC at 57350.00
2025-12-03 15:00:06,287 - INFO - HedgeFund - Exiting position: P&L = -19.16 (-1.97%)
2025-12-03 15:00:06,288 - INFO - HedgeFund - Entering long position: 0.017139 BTC at 56662.11
2025-12-03 15:00:06,288 - INFO - HedgeFund - Exiting position: P&L = 1.17 (0.12%)
2025-12-03 15:00:06,288 - INFO - HedgeFund - Entering long position: 0.017237 BTC at 56345.83
2025-12-03 15:00:06,288 - INFO - HedgeFund - Exiting position: P&L = -0.30 (-0.03%)
2025-12-03 15:00:06,288 - INFO - HedgeFund - Entering long position: 0.017481 BTC at 55557.70
2025-12-03 15:00:06,288 - INFO - HedgeFund - Exiting position: P&L = 40.44 (4.16%)
2025-12-03 15:00:06,288 - INFO - HedgeFund - Entering long position: 0.016984 BTC at 57423.03
2025-12-03 15:00:06,288 - INFO - HedgeFund - Exiting position: P&L = 22.05 (2.26%)
2025-12-03 15:00:06,288 - INFO - HedgeFund - Entering long position: 0.016410 BTC at 59564.65
2025-12-03 15:00:06,289 - INFO - HedgeFund - Exiting position: P&L = -13.91 (-1.42%)
2025-12-03 15:00:06,289 - INFO - HedgeFund - Entering long position: 0.016441 BTC at 59366.86
2025-12-03 15:00:06,289 - INFO - HedgeFund - Exiting position: P&L = -7.49 (-0.77%)
2025-12-03 15:00:06,289 - INFO - HedgeFund - Entering long position: 0.016434 BTC at 59346.18
2025-12-03 15:00:06,289 - INFO - HedgeFund - Exiting position: P&L = -10.93 (-1.12%)
2025-12-03 15:00:06,289 - INFO - HedgeFund - Entering long position: 0.016545 BTC at 58884.82
2025-12-03 15:00:06,289 - INFO - HedgeFund - Exiting position: P&L = -4.54 (-0.47%)
2025-12-03 15:00:06,289 - INFO - HedgeFund - Entering long position: 0.016682 BTC at 58371.63
2025-12-03 15:00:06,289 - INFO - HedgeFund - Exiting position: P&L = -7.88 (-0.81%)
2025-12-03 15:00:06,289 - INFO - HedgeFund - Entering long position: 0.016764 BTC at 58039.64
2025-12-03 15:00:06,289 - INFO - HedgeFund - Exiting position: P&L = 24.78 (2.55%)
2025-12-03 15:00:06,290 - INFO - HedgeFund - Entering long position: 0.016242 BTC at 60057.82
2025-12-03 15:00:06,290 - INFO - HedgeFund - Exiting position: P&L = -2.32 (-0.24%)
2025-12-03 15:00:06,290 - INFO - HedgeFund - Entering long position: 0.016189 BTC at 60240.10
2025-12-03 15:00:06,290 - INFO - HedgeFund - Exiting position: P&L = 7.23 (0.74%)
2025-12-03 15:00:06,290 - INFO - HedgeFund - Entering long position: 0.016197 BTC at 60256.03
2025-12-03 15:00:06,290 - INFO - HedgeFund - Exiting position: P&L = -8.60 (-0.88%)
2025-12-03 15:00:06,290 - INFO - HedgeFund - Entering long position: 0.015977 BTC at 61029.02
2025-12-03 15:00:06,290 - INFO - HedgeFund - Exiting position: P&L = -14.97 (-1.54%)
2025-12-03 15:00:06,290 - INFO - HedgeFund - Entering long position: 0.016320 BTC at 59656.06
2025-12-03 15:00:06,290 - INFO - HedgeFund - Exiting position: P&L = -8.96 (-0.92%)
2025-12-03 15:00:06,290 - INFO - HedgeFund - Entering long position: 0.016571 BTC at 58697.34
2025-12-03 15:00:06,291 - INFO - HedgeFund - Exiting position: P&L = -4.12 (-0.42%)
2025-12-03 15:00:06,291 - INFO - HedgeFund - Entering long position: 0.016275 BTC at 59740.77
2025-12-03 15:00:06,291 - INFO - HedgeFund - Exiting position: P&L = -13.48 (-1.39%)
2025-12-03 15:00:06,291 - INFO - HedgeFund - Entering long position: 0.016238 BTC at 59792.71
2025-12-03 15:00:06,291 - INFO - HedgeFund - Exiting position: P&L = -5.70 (-0.59%)
2025-12-03 15:00:06,291 - INFO - HedgeFund - Entering long position: 0.016201 BTC at 59895.29
2025-12-03 15:00:06,291 - INFO - HedgeFund - Exiting position: P&L = 17.81 (1.84%)
2025-12-03 15:00:06,291 - INFO - HedgeFund - Entering long position: 0.015492 BTC at 62750.68
2025-12-03 15:00:06,291 - INFO - HedgeFund - Exiting position: P&L = 12.10 (1.24%)
2025-12-03 15:00:06,291 - INFO - HedgeFund - Entering long position: 0.015096 BTC at 64476.23
2025-12-03 15:00:06,291 - INFO - HedgeFund - Exiting position: P&L = 3.44 (0.35%)
2025-12-03 15:00:06,292 - INFO - HedgeFund - Entering long position: 0.014791 BTC at 65829.19
2025-12-03 15:00:06,292 - INFO - HedgeFund - Exiting position: P&L = 50.54 (5.19%)
2025-12-03 15:00:06,292 - INFO - HedgeFund - Entering long position: 0.014181 BTC at 69017.73
2025-12-03 15:00:06,292 - INFO - HedgeFund - Exiting position: P&L = -11.22 (-1.15%)
2025-12-03 15:00:06,292 - INFO - HedgeFund - Entering long position: 0.014192 BTC at 68883.85
2025-12-03 15:00:06,292 - INFO - HedgeFund - Exiting position: P&L = -4.90 (-0.50%)
2025-12-03 15:00:06,292 - INFO - HedgeFund - Entering long position: 0.014111 BTC at 69245.93
2025-12-03 15:00:06,292 - INFO - HedgeFund - Exiting position: P&L = -18.02 (-1.84%)
2025-12-03 15:00:06,292 - INFO - HedgeFund - Entering long position: 0.014210 BTC at 68635.42
2025-12-03 15:00:06,292 - INFO - HedgeFund - Exiting position: P&L = -10.87 (-1.11%)
2025-12-03 15:00:06,293 - INFO - HedgeFund - Entering long position: 0.014549 BTC at 66965.41
2025-12-03 15:00:06,293 - INFO - HedgeFund - Exiting position: P&L = -0.18 (-0.02%)
2025-12-03 15:00:06,293 - INFO - HedgeFund - Entering long position: 0.014512 BTC at 67134.88
2025-12-03 15:00:06,293 - INFO - HedgeFund - Exiting position: P&L = -2.76 (-0.28%)
2025-12-03 15:00:06,293 - INFO - HedgeFund - Entering long position: 0.014407 BTC at 67602.90
2025-12-03 15:00:06,293 - INFO - HedgeFund - Exiting position: P&L = -15.87 (-1.63%)
2025-12-03 15:00:06,293 - INFO - HedgeFund - Entering long position: 0.014402 BTC at 67517.50
2025-12-03 15:00:06,293 - INFO - HedgeFund - Exiting position: P&L = -11.73 (-1.21%)
2025-12-03 15:00:06,293 - INFO - HedgeFund - Entering long position: 0.014495 BTC at 67001.74
2025-12-03 15:00:06,293 - INFO - HedgeFund - Exiting position: P&L = -5.17 (-0.53%)
2025-12-03 15:00:06,293 - INFO - HedgeFund - Entering long position: 0.014545 BTC at 66736.71
2025-12-03 15:00:06,293 - INFO - HedgeFund - Exiting position: P&L = -11.47 (-1.18%)
2025-12-03 15:00:06,293 - INFO - HedgeFund - Entering long position: 0.014537 BTC at 66696.35
2025-12-03 15:00:06,294 - INFO - HedgeFund - Exiting position: P&L = -10.83 (-1.12%)
2025-12-03 15:00:06,294 - INFO - HedgeFund - Entering long position: 0.014676 BTC at 65990.24
2025-12-03 15:00:06,294 - INFO - HedgeFund - Exiting position: P&L = -2.22 (-0.23%)
2025-12-03 15:00:06,294 - INFO - HedgeFund - Entering long position: 0.014624 BTC at 66209.03
2025-12-03 15:00:06,294 - INFO - HedgeFund - Exiting position: P&L = -10.83 (-1.12%)
2025-12-03 15:00:06,294 - INFO - HedgeFund - Entering long position: 0.015185 BTC at 63688.82
2025-12-03 15:00:06,294 - INFO - HedgeFund - Exiting position: P&L = -20.34 (-2.10%)
2025-12-03 15:00:06,294 - INFO - HedgeFund - Entering long position: 0.015220 BTC at 63412.49
2025-12-03 15:00:06,294 - INFO - HedgeFund - Exiting position: P&L = 27.59 (2.86%)
2025-12-03 15:00:06,295 - INFO - HedgeFund - Entering long position: 0.014782 BTC at 65476.05
2025-12-03 15:00:06,295 - INFO - HedgeFund - Exiting position: P&L = 25.07 (2.59%)
2025-12-03 15:00:06,295 - INFO - HedgeFund - Entering long position: 0.014212 BTC at 68277.31
2025-12-03 15:00:06,295 - INFO - HedgeFund - Exiting position: P&L = -2.27 (-0.23%)
2025-12-03 15:00:06,295 - INFO - HedgeFund - Entering long position: 0.014347 BTC at 67619.20
2025-12-03 15:00:06,295 - INFO - HedgeFund - Exiting position: P&L = 33.33 (3.44%)
2025-12-03 15:00:06,295 - INFO - HedgeFund - Entering long position: 0.013920 BTC at 69934.27
2025-12-03 15:00:06,295 - INFO - HedgeFund - Exiting position: P&L = 21.61 (2.22%)
2025-12-03 15:00:06,295 - INFO - HedgeFund - Entering long position: 0.013583 BTC at 71826.97
2025-12-03 15:00:06,296 - INFO - HedgeFund - Exiting position: P&L = -10.21 (-1.05%)
2025-12-03 15:00:06,296 - INFO - HedgeFund - Entering long position: 0.013574 BTC at 71801.63
2025-12-03 15:00:06,296 - INFO - HedgeFund - Exiting position: P&L = -22.53 (-2.31%)
2025-12-03 15:00:06,296 - INFO - HedgeFund - Entering long position: 0.013625 BTC at 71365.04
2025-12-03 15:00:06,296 - INFO - HedgeFund - Exiting position: P&L = 5.04 (0.52%)
2025-12-03 15:00:06,296 - INFO - HedgeFund - Entering long position: 0.013685 BTC at 71092.26
2025-12-03 15:00:06,296 - INFO - HedgeFund - Exiting position: P&L = -10.16 (-1.04%)
2025-12-03 15:00:06,296 - INFO - HedgeFund - Entering long position: 0.013638 BTC at 71260.35
2025-12-03 15:00:06,296 - INFO - HedgeFund - Exiting position: P&L = 17.61 (1.81%)
2025-12-03 15:00:06,296 - INFO - HedgeFund - Entering long position: 0.013498 BTC at 72132.54
2025-12-03 15:00:06,296 - INFO - HedgeFund - Exiting position: P&L = -4.42 (-0.45%)
2025-12-03 15:00:06,296 - INFO - HedgeFund - Entering long position: 0.013356 BTC at 72866.60
2025-12-03 15:00:06,297 - INFO - HedgeFund - Exiting position: P&L = -4.37 (-0.45%)
2025-12-03 15:00:06,297 - INFO - HedgeFund - Entering long position: 0.013342 BTC at 72909.00
2025-12-03 15:00:06,297 - INFO - HedgeFund - Exiting position: P&L = -9.93 (-1.02%)
2025-12-03 15:00:06,297 - INFO - HedgeFund - Entering long position: 0.013900 BTC at 69909.64
2025-12-03 15:00:06,297 - INFO - HedgeFund - Exiting position: P&L = -11.55 (-1.19%)
2025-12-03 15:00:06,297 - INFO - HedgeFund - Entering long position: 0.013883 BTC at 69914.22
2025-12-03 15:00:06,297 - INFO - HedgeFund - Exiting position: P&L = 8.94 (0.92%)
2025-12-03 15:00:06,297 - INFO - HedgeFund - Entering long position: 0.013664 BTC at 71099.13
2025-12-03 15:00:06,297 - INFO - HedgeFund - Exiting position: P&L = 1.10 (0.11%)
2025-12-03 15:00:06,297 - INFO - HedgeFund - Entering long position: 0.013635 BTC at 71256.77
2025-12-03 15:00:06,297 - INFO - HedgeFund - Exiting position: P&L = -7.08 (-0.73%)
2025-12-03 15:00:06,297 - INFO - HedgeFund - Entering long position: 0.013481 BTC at 72020.11
2025-12-03 15:00:06,298 - INFO - HedgeFund - Exiting position: P&L = -10.94 (-1.13%)
2025-12-03 15:00:06,298 - INFO - HedgeFund - Entering long position: 0.013428 BTC at 72221.25
2025-12-03 15:00:06,298 - INFO - HedgeFund - Exiting position: P&L = -8.39 (-0.87%)
2025-12-03 15:00:06,298 - INFO - HedgeFund - Entering long position: 0.013506 BTC at 71740.81
2025-12-03 15:00:06,298 - INFO - HedgeFund - Exiting position: P&L = -7.92 (-0.82%)
2025-12-03 15:00:06,298 - INFO - HedgeFund - Entering long position: 0.014299 BTC at 67709.70
2025-12-03 15:00:06,298 - INFO - HedgeFund - Exiting position: P&L = 30.30 (3.13%)
2025-12-03 15:00:06,298 - INFO - HedgeFund - Entering long position: 0.014284 BTC at 67991.18
2025-12-03 15:00:06,298 - INFO - HedgeFund - Exiting position: P&L = -4.80 (-0.49%)
2025-12-03 15:00:06,299 - INFO - HedgeFund - Entering long position: 0.015273 BTC at 63556.78
2025-12-03 15:00:06,299 - INFO - HedgeFund - Exiting position: P&L = 5.77 (0.59%)
2025-12-03 15:00:06,299 - INFO - HedgeFund - Entering long position: 0.015162 BTC at 64062.22
2025-12-03 15:00:06,299 - INFO - HedgeFund - Exiting position: P&L = -6.30 (-0.65%)
2025-12-03 15:00:06,299 - INFO - HedgeFund - Entering long position: 0.017782 BTC at 54585.27
2025-12-03 15:00:06,299 - INFO - HedgeFund - Exiting position: P&L = 5.17 (0.53%)
2025-12-03 15:00:06,299 - INFO - HedgeFund - Entering long position: 0.017640 BTC at 55053.90
2025-12-03 15:00:06,299 - INFO - HedgeFund - Exiting position: P&L = -7.29 (-0.75%)
2025-12-03 15:00:06,299 - INFO - HedgeFund - Entering long position: 0.017734 BTC at 54721.99
2025-12-03 15:00:06,300 - INFO - HedgeFund - Exiting position: P&L = -6.01 (-0.62%)
2025-12-03 15:00:06,300 - INFO - HedgeFund - Entering long position: 0.018032 BTC at 53784.86
2025-12-03 15:00:06,300 - INFO - HedgeFund - Exiting position: P&L = -13.67 (-1.41%)
2025-12-03 15:00:06,300 - INFO - HedgeFund - Entering long position: 0.018158 BTC at 53336.67
2025-12-03 15:00:06,300 - INFO - HedgeFund - Exiting position: P&L = 7.88 (0.81%)
2025-12-03 15:00:06,300 - INFO - HedgeFund - Entering long position: 0.018024 BTC at 53775.71
2025-12-03 15:00:06,300 - INFO - HedgeFund - Exiting position: P&L = -0.54 (-0.06%)
2025-12-03 15:00:06,300 - INFO - HedgeFund - Entering long position: 0.017831 BTC at 54356.72
2025-12-03 15:00:06,300 - INFO - HedgeFund - Exiting position: P&L = -1.68 (-0.17%)
2025-12-03 15:00:06,300 - INFO - HedgeFund - Entering long position: 0.017650 BTC at 54901.89
2025-12-03 15:00:06,300 - INFO - HedgeFund - Exiting position: P&L = -3.39 (-0.35%)
2025-12-03 15:00:06,301 - INFO - HedgeFund - Entering long position: 0.017511 BTC at 55320.09
2025-12-03 15:00:06,301 - INFO - HedgeFund - Exiting position: P&L = 3.03 (0.31%)
2025-12-03 15:00:06,301 - INFO - HedgeFund - Entering long position: 0.018145 BTC at 53402.35
2025-12-03 15:00:06,301 - INFO - HedgeFund - Exiting position: P&L = -10.08 (-1.04%)
2025-12-03 15:00:06,301 - INFO - HedgeFund - Entering long position: 0.018077 BTC at 53548.03
2025-12-03 15:00:06,301 - INFO - HedgeFund - Exiting position: P&L = 6.83 (0.71%)
2025-12-03 15:00:06,301 - INFO - HedgeFund - Entering long position: 0.017921 BTC at 54051.55
2025-12-03 15:00:06,301 - INFO - HedgeFund - Exiting position: P&L = -0.22 (-0.02%)
2025-12-03 15:00:06,301 - INFO - HedgeFund - Entering long position: 0.017877 BTC at 54185.40
2025-12-03 15:00:06,301 - INFO - HedgeFund - Exiting position: P&L = 1.52 (0.16%)
2025-12-03 15:00:06,302 - INFO - HedgeFund - Entering long position: 0.018674 BTC at 51880.67
2025-12-03 15:00:06,302 - INFO - HedgeFund - Exiting position: P&L = -16.88 (-1.74%)
2025-12-03 15:00:06,302 - INFO - HedgeFund - Entering long position: 0.018742 BTC at 51602.80
2025-12-03 15:00:06,302 - INFO - HedgeFund - Exiting position: P&L = 86.49 (8.94%)
2025-12-03 15:00:06,302 - INFO - HedgeFund - Entering long position: 0.017057 BTC at 57206.74
2025-12-03 15:00:06,302 - INFO - HedgeFund - Exiting position: P&L = -8.98 (-0.92%)
2025-12-03 15:00:06,302 - INFO - HedgeFund - Entering long position: 0.016938 BTC at 57555.34
2025-12-03 15:00:06,302 - INFO - HedgeFund - Exiting position: P&L = 0.40 (0.04%)
2025-12-03 15:00:06,302 - INFO - HedgeFund - Entering long position: 0.016747 BTC at 58214.16
2025-12-03 15:00:06,303 - INFO - HedgeFund - Exiting position: P&L = 1.84 (0.19%)
2025-12-03 15:00:06,303 - INFO - HedgeFund - Entering long position: 0.016465 BTC at 59220.97
2025-12-03 15:00:06,303 - INFO - HedgeFund - Exiting position: P&L = -0.03 (-0.00%)
2025-12-03 15:00:06,303 - INFO - HedgeFund - Entering long position: 0.016272 BTC at 59925.85
2025-12-03 15:00:06,303 - INFO - HedgeFund - Exiting position: P&L = -12.89 (-1.32%)
2025-12-03 15:00:06,303 - INFO - HedgeFund - Entering long position: 0.016413 BTC at 59331.90
2025-12-03 15:00:06,303 - INFO - HedgeFund - Exiting position: P&L = -8.91 (-0.92%)
2025-12-03 15:00:06,303 - INFO - HedgeFund - Entering long position: 0.016244 BTC at 59892.40
2025-12-03 15:00:06,303 - INFO - HedgeFund - Exiting position: P&L = -7.92 (-0.81%)
2025-12-03 15:00:06,303 - INFO - HedgeFund - Entering long position: 0.016552 BTC at 58732.94
2025-12-03 15:00:06,303 - INFO - HedgeFund - Exiting position: P&L = -6.63 (-0.68%)
2025-12-03 15:00:06,303 - INFO - HedgeFund - Entering long position: 0.016098 BTC at 60346.91
2025-12-03 15:00:06,304 - INFO - HedgeFund - Exiting position: P&L = 13.84 (1.42%)
2025-12-03 15:00:06,304 - INFO - HedgeFund - Entering long position: 0.015740 BTC at 61806.30
2025-12-03 15:00:06,304 - INFO - HedgeFund - Exiting position: P&L = 1.90 (0.20%)
2025-12-03 15:00:06,304 - INFO - HedgeFund - Entering long position: 0.015444 BTC at 63002.25
2025-12-03 15:00:06,304 - INFO - HedgeFund - Exiting position: P&L = -17.87 (-1.84%)
2025-12-03 15:00:06,304 - INFO - HedgeFund - Entering long position: 0.017124 BTC at 56719.70
2025-12-03 15:00:06,304 - INFO - HedgeFund - Exiting position: P&L = 4.50 (0.46%)
2025-12-03 15:00:06,304 - INFO - HedgeFund - Entering long position: 0.016990 BTC at 57193.73
2025-12-03 15:00:06,305 - INFO - HedgeFund - Exiting position: P&L = 34.20 (3.52%)
2025-12-03 15:00:06,305 - INFO - HedgeFund - Entering long position: 0.016318 BTC at 59756.02
2025-12-03 15:00:06,305 - INFO - HedgeFund - Exiting position: P&L = -1.03 (-0.11%)
2025-12-03 15:00:06,305 - INFO - HedgeFund - Entering long position: 0.016346 BTC at 59647.81
2025-12-03 15:00:06,305 - INFO - HedgeFund - Exiting position: P&L = 1.33 (0.14%)
2025-12-03 15:00:06,305 - INFO - HedgeFund - Entering long position: 0.016275 BTC at 59915.22
2025-12-03 15:00:06,305 - INFO - HedgeFund - Exiting position: P&L = 7.88 (0.81%)
2025-12-03 15:00:06,305 - INFO - HedgeFund - Entering long position: 0.016048 BTC at 60813.56
2025-12-03 15:00:06,305 - INFO - HedgeFund - Exiting position: P&L = 2.03 (0.21%)
2025-12-03 15:00:06,305 - INFO - HedgeFund - Entering long position: 0.015674 BTC at 62278.21
2025-12-03 15:00:06,306 - INFO - HedgeFund - Exiting position: P&L = -12.12 (-1.24%)
2025-12-03 15:00:06,306 - INFO - HedgeFund - Entering long position: 0.015870 BTC at 61430.92
2025-12-03 15:00:06,306 - INFO - HedgeFund - Exiting position: P&L = -15.86 (-1.63%)
2025-12-03 15:00:06,306 - INFO - HedgeFund - Entering long position: 0.016106 BTC at 60434.29
2025-12-03 15:00:06,306 - INFO - HedgeFund - Exiting position: P&L = -9.98 (-1.03%)
2025-12-03 15:00:06,306 - INFO - HedgeFund - Entering long position: 0.016051 BTC at 60579.28
2025-12-03 15:00:06,306 - INFO - HedgeFund - Exiting position: P&L = -10.50 (-1.08%)
2025-12-03 15:00:06,306 - INFO - HedgeFund - Entering long position: 0.016023 BTC at 60618.61
2025-12-03 15:00:06,306 - INFO - HedgeFund - Exiting position: P&L = -21.31 (-2.19%)
2025-12-03 15:00:06,307 - INFO - HedgeFund - Entering long position: 0.016576 BTC at 58468.63
2025-12-03 15:00:06,307 - INFO - HedgeFund - Exiting position: P&L = -18.56 (-1.91%)
2025-12-03 15:00:06,307 - INFO - HedgeFund - Entering long position: 0.017469 BTC at 55371.66
2025-12-03 15:00:06,307 - INFO - HedgeFund - Exiting position: P&L = -7.21 (-0.75%)
2025-12-03 15:00:06,307 - INFO - HedgeFund - Entering long position: 0.017381 BTC at 55611.47
2025-12-03 15:00:06,307 - INFO - HedgeFund - Exiting position: P&L = -11.80 (-1.22%)
2025-12-03 15:00:06,307 - INFO - HedgeFund - Entering long position: 0.018102 BTC at 53332.64
2025-12-03 15:00:06,307 - INFO - HedgeFund - Exiting position: P&L = 3.57 (0.37%)
2025-12-03 15:00:06,308 - INFO - HedgeFund - Entering long position: 0.017779 BTC at 54320.73
2025-12-03 15:00:06,308 - INFO - HedgeFund - Exiting position: P&L = -19.95 (-2.07%)
2025-12-03 15:00:06,308 - INFO - HedgeFund - Entering long position: 0.017810 BTC at 54114.04
2025-12-03 15:00:06,308 - INFO - HedgeFund - Exiting position: P&L = 12.59 (1.31%)
2025-12-03 15:00:06,308 - INFO - HedgeFund - Entering long position: 0.017483 BTC at 55197.67
2025-12-03 15:00:06,308 - INFO - HedgeFund - Exiting position: P&L = -0.93 (-0.10%)
2025-12-03 15:00:06,308 - INFO - HedgeFund - Entering long position: 0.017325 BTC at 55697.04
2025-12-03 15:00:06,308 - INFO - HedgeFund - Exiting position: P&L = 24.70 (2.56%)
2025-12-03 15:00:06,308 - INFO - HedgeFund - Entering long position: 0.016943 BTC at 57099.06
2025-12-03 15:00:06,309 - INFO - HedgeFund - Exiting position: P&L = -2.90 (-0.30%)
2025-12-03 15:00:06,309 - INFO - HedgeFund - Entering long position: 0.016882 BTC at 57286.09
2025-12-03 15:00:06,309 - INFO - HedgeFund - Exiting position: P&L = -17.21 (-1.78%)
2025-12-03 15:00:06,309 - INFO - HedgeFund - Entering long position: 0.017095 BTC at 56472.54
2025-12-03 15:00:06,309 - INFO - HedgeFund - Exiting position: P&L = -11.30 (-1.17%)
2025-12-03 15:00:06,309 - INFO - HedgeFund - Entering long position: 0.017491 BTC at 55129.84
2025-12-03 15:00:06,309 - INFO - HedgeFund - Exiting position: P&L = -1.65 (-0.17%)
2025-12-03 15:00:06,309 - INFO - HedgeFund - Entering long position: 0.017790 BTC at 54194.87
2025-12-03 15:00:06,310 - INFO - HedgeFund - Exiting position: P&L = 23.32 (2.42%)
2025-12-03 15:00:06,310 - INFO - HedgeFund - Entering long position: 0.017352 BTC at 55694.88
2025-12-03 15:00:06,310 - INFO - HedgeFund - Exiting position: P&L = 19.24 (1.99%)
2025-12-03 15:00:06,310 - INFO - HedgeFund - Entering long position: 0.016742 BTC at 57840.52
2025-12-03 15:00:06,310 - INFO - HedgeFund - Exiting position: P&L = -16.57 (-1.71%)
2025-12-03 15:00:06,310 - INFO - HedgeFund - Entering long position: 0.016799 BTC at 57545.10
2025-12-03 15:00:06,310 - INFO - HedgeFund - Exiting position: P&L = -1.70 (-0.18%)
2025-12-03 15:00:06,310 - INFO - HedgeFund - Entering long position: 0.016753 BTC at 57693.94
2025-12-03 15:00:06,311 - INFO - HedgeFund - Exiting position: P&L = 28.09 (2.91%)
2025-12-03 15:00:06,311 - INFO - HedgeFund - Entering long position: 0.016259 BTC at 59617.21
2025-12-03 15:00:06,311 - INFO - HedgeFund - Exiting position: P&L = 93.86 (9.68%)
2025-12-03 15:00:06,311 - INFO - HedgeFund - Entering long position: 0.014786 BTC at 66193.30
2025-12-03 15:00:06,311 - INFO - HedgeFund - Exiting position: P&L = 28.79 (2.94%)
2025-12-03 15:00:06,311 - INFO - HedgeFund - Entering long position: 0.014091 BTC at 69662.17
2025-12-03 15:00:06,311 - INFO - HedgeFund - Exiting position: P&L = -9.32 (-0.95%)
2025-12-03 15:00:06,312 - INFO - HedgeFund - Entering long position: 0.014304 BTC at 68558.35
2025-12-03 15:00:06,312 - INFO - HedgeFund - Exiting position: P&L = 4.84 (0.49%)
2025-12-03 15:00:06,312 - INFO - HedgeFund - Entering long position: 0.014128 BTC at 69449.64
2025-12-03 15:00:06,312 - INFO - HedgeFund - Exiting position: P&L = 15.28 (1.56%)
2025-12-03 15:00:06,312 - INFO - HedgeFund - Entering long position: 0.013976 BTC at 70314.21
2025-12-03 15:00:06,312 - INFO - HedgeFund - Exiting position: P&L = -3.09 (-0.31%)
2025-12-03 15:00:06,312 - INFO - HedgeFund - Entering long position: 0.014134 BTC at 69502.53
2025-12-03 15:00:06,312 - INFO - HedgeFund - Exiting position: P&L = 9.49 (0.97%)
2025-12-03 15:00:06,313 - INFO - HedgeFund - Entering long position: 0.014025 BTC at 70109.99
2025-12-03 15:00:06,313 - INFO - HedgeFund - Exiting position: P&L = -18.48 (-1.88%)
2025-12-03 15:00:06,313 - INFO - HedgeFund - Entering long position: 0.013890 BTC at 70659.35
2025-12-03 15:00:06,313 - INFO - HedgeFund - Exiting position: P&L = -14.74 (-1.50%)
2025-12-03 15:00:06,313 - INFO - HedgeFund - Entering long position: 0.014022 BTC at 69891.22
2025-12-03 15:00:06,313 - INFO - HedgeFund - Exiting position: P&L = 5.61 (0.57%)
2025-12-03 15:00:06,313 - INFO - HedgeFund - Entering long position: 0.013830 BTC at 70901.39
2025-12-03 15:00:06,313 - INFO - HedgeFund - Exiting position: P&L = -10.21 (-1.04%)
2025-12-03 15:00:06,313 - INFO - HedgeFund - Entering long position: 0.013910 BTC at 70421.89
2025-12-03 15:00:06,314 - INFO - HedgeFund - Exiting position: P&L = -3.67 (-0.37%)
2025-12-03 15:00:06,314 - INFO - HedgeFund - Entering long position: 0.013665 BTC at 71656.41
2025-12-03 15:00:06,314 - INFO - HedgeFund - Exiting position: P&L = -10.80 (-1.10%)
2025-12-03 15:00:06,314 - INFO - HedgeFund - Entering long position: 0.013914 BTC at 70296.63
2025-12-03 15:00:06,314 - INFO - HedgeFund - Exiting position: P&L = -5.91 (-0.60%)
2025-12-03 15:00:06,314 - INFO - HedgeFund - Entering long position: 0.013825 BTC at 70707.97
2025-12-03 15:00:06,314 - INFO - HedgeFund - Exiting position: P&L = 8.01 (0.82%)
2025-12-03 15:00:06,314 - INFO - HedgeFund - Entering long position: 0.014192 BTC at 68932.97
2025-12-03 15:00:06,314 - INFO - HedgeFund - Exiting position: P&L = -9.54 (-0.98%)
2025-12-03 15:00:06,314 - INFO - HedgeFund - Entering long position: 0.014288 BTC at 68405.78
2025-12-03 15:00:06,314 - INFO - HedgeFund - Exiting position: P&L = -7.69 (-0.79%)
2025-12-03 15:00:06,315 - INFO - HedgeFund - Entering long position: 0.014191 BTC at 68818.33
2025-12-03 15:00:06,315 - INFO - HedgeFund - Exiting position: P&L = 37.28 (3.82%)
2025-12-03 15:00:06,315 - INFO - HedgeFund - Entering long position: 0.013610 BTC at 72029.00
2025-12-03 15:00:06,315 - INFO - HedgeFund - Exiting position: P&L = 1.75 (0.18%)
2025-12-03 15:00:06,315 - INFO - HedgeFund - Entering long position: 0.013398 BTC at 73183.61
2025-12-03 15:00:06,315 - INFO - HedgeFund - Exiting position: P&L = 0.04 (0.00%)
2025-12-03 15:00:06,315 - INFO - HedgeFund - Entering long position: 0.013328 BTC at 73566.15
2025-12-03 15:00:06,315 - INFO - HedgeFund - Exiting position: P&L = -7.03 (-0.72%)
2025-12-03 15:00:06,315 - INFO - HedgeFund - Entering long position: 0.013164 BTC at 74427.74
2025-12-03 15:00:06,315 - INFO - HedgeFund - Exiting position: P&L = -14.99 (-1.53%)
2025-12-03 15:00:06,316 - INFO - HedgeFund - Entering long position: 0.013692 BTC at 71451.99
2025-12-03 15:00:06,316 - INFO - HedgeFund - Exiting position: P&L = -8.88 (-0.91%)
2025-12-03 15:00:06,316 - INFO - HedgeFund - Entering long position: 0.013641 BTC at 71653.77
2025-12-03 15:00:06,316 - INFO - HedgeFund - Exiting position: P&L = 0.17 (0.02%)
2025-12-03 15:00:06,316 - INFO - HedgeFund - Entering long position: 0.013451 BTC at 72664.93
2025-12-03 15:00:06,316 - INFO - HedgeFund - Exiting position: P&L = -3.85 (-0.39%)
2025-12-03 15:00:06,316 - INFO - HedgeFund - Entering long position: 0.013560 BTC at 72054.33
2025-12-03 15:00:06,316 - INFO - HedgeFund - Exiting position: P&L = -3.09 (-0.32%)
2025-12-03 15:00:06,316 - INFO - HedgeFund - Entering long position: 0.013932 BTC at 70103.79
2025-12-03 15:00:06,317 - INFO - HedgeFund - Exiting position: P&L = 1.39 (0.14%)
2025-12-03 15:00:06,317 - INFO - HedgeFund - Entering long position: 0.013890 BTC at 70328.10
2025-12-03 15:00:06,317 - INFO - HedgeFund - Exiting position: P&L = -5.86 (-0.60%)
2025-12-03 15:00:06,317 - INFO - HedgeFund - Entering long position: 0.013907 BTC at 70199.35
2025-12-03 15:00:06,317 - INFO - HedgeFund - Exiting position: P&L = 8.71 (0.89%)
2025-12-03 15:00:06,317 - INFO - HedgeFund - Entering long position: 0.013616 BTC at 71766.22
2025-12-03 15:00:06,317 - INFO - HedgeFund - Exiting position: P&L = -11.03 (-1.13%)
2025-12-03 15:00:06,317 - INFO - HedgeFund - Entering long position: 0.013793 BTC at 70763.73
2025-12-03 15:00:06,317 - INFO - HedgeFund - Exiting position: P&L = -16.18 (-1.66%)
2025-12-03 15:00:06,317 - INFO - HedgeFund - Entering long position: 0.014058 BTC at 69315.38
2025-12-03 15:00:06,318 - INFO - HedgeFund - Exiting position: P&L = 0.30 (0.03%)
2025-12-03 15:00:06,318 - INFO - HedgeFund - Entering long position: 0.013838 BTC at 70421.10
2025-12-03 15:00:06,318 - INFO - HedgeFund - Exiting position: P&L = 13.34 (1.37%)
2025-12-03 15:00:06,318 - INFO - HedgeFund - Entering long position: 0.013671 BTC at 71377.27
2025-12-03 15:00:06,318 - INFO - HedgeFund - Exiting position: P&L = -12.21 (-1.25%)
2025-12-03 15:00:06,318 - INFO - HedgeFund - Entering long position: 0.013807 BTC at 70584.43
2025-12-03 15:00:06,318 - INFO - HedgeFund - Exiting position: P&L = -14.84 (-1.52%)
2025-12-03 15:00:06,318 - INFO - HedgeFund - Entering long position: 0.013778 BTC at 70626.32
2025-12-03 15:00:06,318 - INFO - HedgeFund - Exiting position: P&L = -2.49 (-0.26%)
2025-12-03 15:00:06,318 - INFO - HedgeFund - Entering long position: 0.013907 BTC at 69950.41
2025-12-03 15:00:06,318 - INFO - HedgeFund - Exiting position: P&L = -0.83 (-0.09%)
2025-12-03 15:00:06,318 - INFO - HedgeFund - Entering long position: 0.013742 BTC at 70787.47
2025-12-03 15:00:06,319 - INFO - HedgeFund - Exiting position: P&L = -0.89 (-0.09%)
2025-12-03 15:00:06,319 - INFO - HedgeFund - Entering long position: 0.014038 BTC at 69286.41
2025-12-03 15:00:06,319 - INFO - HedgeFund - Exiting position: P&L = -6.38 (-0.66%)
2025-12-03 15:00:06,319 - INFO - HedgeFund - Entering long position: 0.014187 BTC at 68515.42
2025-12-03 15:00:06,319 - INFO - HedgeFund - Exiting position: P&L = 14.66 (1.51%)
2025-12-03 15:00:06,319 - INFO - HedgeFund - Entering long position: 0.013787 BTC at 70609.85
2025-12-03 15:00:06,319 - INFO - HedgeFund - Exiting position: P&L = -10.36 (-1.06%)
2025-12-03 15:00:06,319 - INFO - HedgeFund - Entering long position: 0.013849 BTC at 70218.66
2025-12-03 15:00:06,319 - INFO - HedgeFund - Exiting position: P&L = 0.08 (0.01%)
2025-12-03 15:00:06,319 - INFO - HedgeFund - Entering long position: 0.014010 BTC at 69414.06
2025-12-03 15:00:06,319 - INFO - HedgeFund - Exiting position: P&L = 43.63 (4.49%)
2025-12-03 15:00:06,319 - INFO - HedgeFund - Entering long position: 0.013303 BTC at 73429.63
2025-12-03 15:00:06,320 - INFO - HedgeFund - Exiting position: P&L = -2.05 (-0.21%)
2025-12-03 15:00:06,320 - INFO - HedgeFund - Entering long position: 0.013246 BTC at 73730.43
2025-12-03 15:00:06,320 - INFO - HedgeFund - Exiting position: P&L = 6.30 (0.65%)
2025-12-03 15:00:06,320 - INFO - HedgeFund - Entering long position: 0.013036 BTC at 74966.51
2025-12-03 15:00:06,320 - INFO - HedgeFund - Exiting position: P&L = -0.50 (-0.05%)
2025-12-03 15:00:06,320 - INFO - HedgeFund - Entering long position: 0.013025 BTC at 75025.08
2025-12-03 15:00:06,320 - INFO - HedgeFund - Exiting position: P&L = 8.23 (0.84%)
2025-12-03 15:00:06,320 - INFO - HedgeFund - Entering long position: 0.012929 BTC at 75643.52
2025-12-03 15:00:06,320 - INFO - HedgeFund - Exiting position: P&L = -4.47 (-0.46%)
2025-12-03 15:00:06,320 - INFO - HedgeFund - Entering long position: 0.013177 BTC at 74189.42
2025-12-03 15:00:06,320 - INFO - HedgeFund - Exiting position: P&L = -12.96 (-1.33%)
2025-12-03 15:00:06,320 - INFO - HedgeFund - Entering long position: 0.013141 BTC at 74294.60
2025-12-03 15:00:06,320 - INFO - HedgeFund - Exiting position: P&L = -6.77 (-0.69%)
2025-12-03 15:00:06,320 - INFO - HedgeFund - Entering long position: 0.013186 BTC at 73988.54
2025-12-03 15:00:06,320 - INFO - HedgeFund - Exiting position: P&L = 5.83 (0.60%)
2025-12-03 15:00:06,321 - INFO - HedgeFund - Entering long position: 0.013026 BTC at 74939.25
2025-12-03 15:00:06,321 - INFO - HedgeFund - Exiting position: P&L = -18.16 (-1.86%)
2025-12-03 15:00:06,321 - INFO - HedgeFund - Entering long position: 0.013170 BTC at 73986.26
2025-12-03 15:00:06,321 - INFO - HedgeFund - Exiting position: P&L = -9.99 (-1.03%)
2025-12-03 15:00:06,321 - INFO - HedgeFund - Entering long position: 0.013076 BTC at 74439.11
2025-12-03 15:00:06,321 - INFO - HedgeFund - Exiting position: P&L = 32.11 (3.30%)
2025-12-03 15:00:06,321 - INFO - HedgeFund - Entering long position: 0.012679 BTC at 77021.74
2025-12-03 15:00:06,321 - INFO - HedgeFund - Exiting position: P&L = -16.79 (-1.72%)
2025-12-03 15:00:06,321 - INFO - HedgeFund - Entering long position: 0.013128 BTC at 74261.70
2025-12-03 15:00:06,321 - INFO - HedgeFund - Exiting position: P&L = -9.46 (-0.97%)
2025-12-03 15:00:06,321 - INFO - HedgeFund - Entering long position: 0.012992 BTC at 74964.87
2025-12-03 15:00:06,321 - INFO - HedgeFund - Exiting position: P&L = 30.79 (3.16%)
2025-12-03 15:00:06,321 - INFO - HedgeFund - Entering long position: 0.012519 BTC at 78047.18
2025-12-03 15:00:06,321 - INFO - HedgeFund - Exiting position: P&L = 1.80 (0.18%)
2025-12-03 15:00:06,322 - INFO - HedgeFund - Entering long position: 0.012420 BTC at 78677.88
2025-12-03 15:00:06,322 - INFO - HedgeFund - Exiting position: P&L = -10.44 (-1.07%)
2025-12-03 15:00:06,322 - INFO - HedgeFund - Entering long position: 0.012536 BTC at 77869.13
2025-12-03 15:00:06,322 - INFO - HedgeFund - Exiting position: P&L = -0.32 (-0.03%)
2025-12-03 15:00:06,322 - INFO - HedgeFund - Entering long position: 0.012464 BTC at 78318.09
2025-12-03 15:00:06,322 - INFO - HedgeFund - Exiting position: P&L = -7.24 (-0.74%)
2025-12-03 15:00:06,322 - INFO - HedgeFund - Entering long position: 0.012425 BTC at 78505.36
2025-12-03 15:00:06,322 - INFO - HedgeFund - Exiting position: P&L = -1.06 (-0.11%)
2025-12-03 15:00:06,322 - INFO - HedgeFund - Entering long position: 0.012405 BTC at 78623.79
2025-12-03 15:00:06,322 - INFO - HedgeFund - Exiting position: P&L = -6.82 (-0.70%)
2025-12-03 15:00:06,322 - INFO - HedgeFund - Entering long position: 0.012482 BTC at 78084.76
2025-12-03 15:00:06,322 - INFO - HedgeFund - Exiting position: P&L = 6.59 (0.68%)
2025-12-03 15:00:06,322 - INFO - HedgeFund - Entering long position: 0.012466 BTC at 78232.76
2025-12-03 15:00:06,322 - INFO - HedgeFund - Exiting position: P&L = -6.61 (-0.68%)
2025-12-03 15:00:06,322 - INFO - HedgeFund - Entering long position: 0.012422 BTC at 78461.27
2025-12-03 15:00:06,322 - INFO - HedgeFund - Exiting position: P&L = -3.41 (-0.35%)
2025-12-03 15:00:06,322 - INFO - HedgeFund - Entering long position: 0.012322 BTC at 79067.81
2025-12-03 15:00:06,323 - INFO - HedgeFund - Exiting position: P&L = -0.53 (-0.05%)
2025-12-03 15:00:06,323 - INFO - HedgeFund - Entering long position: 0.012235 BTC at 79626.13
2025-12-03 15:00:06,323 - INFO - HedgeFund - Exiting position: P&L = 36.90 (3.79%)
2025-12-03 15:00:06,323 - INFO - HedgeFund - Entering long position: 0.012285 BTC at 79604.09
2025-12-03 15:00:06,323 - INFO - HedgeFund - Exiting position: P&L = -8.18 (-0.84%)
2025-12-03 15:00:06,323 - INFO - HedgeFund - Entering long position: 0.012226 BTC at 79921.58
2025-12-03 15:00:06,323 - INFO - HedgeFund - Exiting position: P&L = -14.45 (-1.48%)
2025-12-03 15:00:06,323 - INFO - HedgeFund - Entering long position: 0.012266 BTC at 79538.95
2025-12-03 15:00:06,323 - INFO - HedgeFund - Exiting position: P&L = 3.00 (0.31%)
2025-12-03 15:00:06,323 - INFO - HedgeFund - Entering long position: 0.012191 BTC at 80055.12
2025-12-03 15:00:06,324 - INFO - HedgeFund - Exiting position: P&L = 22.74 (2.33%)
2025-12-03 15:00:06,324 - INFO - HedgeFund - Entering long position: 0.011684 BTC at 83722.54
2025-12-03 15:00:06,324 - INFO - HedgeFund - Exiting position: P&L = 17.34 (1.77%)
2025-12-03 15:00:06,324 - INFO - HedgeFund - Entering long position: 0.011393 BTC at 86015.07
2025-12-03 15:00:06,324 - INFO - HedgeFund - Exiting position: P&L = 1.90 (0.19%)
2025-12-03 15:00:06,324 - INFO - HedgeFund - Entering long position: 0.011222 BTC at 87343.42
2025-12-03 15:00:06,324 - INFO - HedgeFund - Exiting position: P&L = -1.74 (-0.18%)
2025-12-03 15:00:06,324 - INFO - HedgeFund - Entering long position: 0.011020 BTC at 88930.58
2025-12-03 15:00:06,324 - INFO - HedgeFund - Exiting position: P&L = -10.12 (-1.03%)
2025-12-03 15:00:06,324 - INFO - HedgeFund - Entering long position: 0.011510 BTC at 85050.31
2025-12-03 15:00:06,325 - INFO - HedgeFund - Exiting position: P&L = -10.59 (-1.08%)
2025-12-03 15:00:06,325 - INFO - HedgeFund - Entering long position: 0.011549 BTC at 84676.01
2025-12-03 15:00:06,325 - INFO - HedgeFund - Exiting position: P&L = -5.54 (-0.57%)
2025-12-03 15:00:06,325 - INFO - HedgeFund - Entering long position: 0.011337 BTC at 86212.01
2025-12-03 15:00:06,325 - INFO - HedgeFund - Exiting position: P&L = -1.30 (-0.13%)
2025-12-03 15:00:06,325 - INFO - HedgeFund - Entering long position: 0.011128 BTC at 87815.50
2025-12-03 15:00:06,325 - INFO - HedgeFund - Exiting position: P&L = -14.41 (-1.47%)
2025-12-03 15:00:06,325 - INFO - HedgeFund - Entering long position: 0.011262 BTC at 86645.66
2025-12-03 15:00:06,325 - INFO - HedgeFund - Exiting position: P&L = 2.24 (0.23%)
2025-12-03 15:00:06,325 - INFO - HedgeFund - Entering long position: 0.011390 BTC at 85691.62
2025-12-03 15:00:06,325 - INFO - HedgeFund - Exiting position: P&L = 7.71 (0.79%)
2025-12-03 15:00:06,325 - INFO - HedgeFund - Entering long position: 0.011159 BTC at 87533.40
2025-12-03 15:00:06,325 - INFO - HedgeFund - Exiting position: P&L = -14.76 (-1.51%)
2025-12-03 15:00:06,325 - INFO - HedgeFund - Entering long position: 0.011380 BTC at 85703.44
2025-12-03 15:00:06,325 - INFO - HedgeFund - Exiting position: P&L = 2.64 (0.27%)
2025-12-03 15:00:06,326 - INFO - HedgeFund - Entering long position: 0.011210 BTC at 87030.38
2025-12-03 15:00:06,326 - INFO - HedgeFund - Exiting position: P&L = 47.11 (4.83%)
2025-12-03 15:00:06,326 - INFO - HedgeFund - Entering long position: 0.010720 BTC at 91444.48
2025-12-03 15:00:06,326 - INFO - HedgeFund - Exiting position: P&L = 5.21 (0.53%)
2025-12-03 15:00:06,326 - INFO - HedgeFund - Entering long position: 0.010645 BTC at 92136.55
2025-12-03 15:00:06,326 - INFO - HedgeFund - Exiting position: P&L = 24.71 (2.52%)
2025-12-03 15:00:06,326 - INFO - HedgeFund - Entering long position: 0.010647 BTC at 92352.71
2025-12-03 15:00:06,326 - INFO - HedgeFund - Exiting position: P&L = 0.16 (0.02%)
2025-12-03 15:00:06,326 - INFO - HedgeFund - Entering long position: 0.010612 BTC at 92660.33
2025-12-03 15:00:06,326 - INFO - HedgeFund - Exiting position: P&L = -11.30 (-1.15%)
2025-12-03 15:00:06,326 - INFO - HedgeFund - Entering long position: 0.010679 BTC at 91971.60
2025-12-03 15:00:06,326 - INFO - HedgeFund - Exiting position: P&L = 1.64 (0.17%)
2025-12-03 15:00:06,326 - INFO - HedgeFund - Entering long position: 0.010646 BTC at 92275.50
2025-12-03 15:00:06,326 - INFO - HedgeFund - Exiting position: P&L = -16.70 (-1.70%)
2025-12-03 15:00:06,326 - INFO - HedgeFund - Entering long position: 0.010627 BTC at 92281.98
2025-12-03 15:00:06,327 - INFO - HedgeFund - Exiting position: P&L = -5.49 (-0.56%)
2025-12-03 15:00:06,327 - INFO - HedgeFund - Entering long position: 0.010757 BTC at 91113.08
2025-12-03 15:00:06,327 - INFO - HedgeFund - Exiting position: P&L = -11.34 (-1.16%)
2025-12-03 15:00:06,327 - INFO - HedgeFund - Entering long position: 0.011052 BTC at 88578.14
2025-12-03 15:00:06,327 - INFO - HedgeFund - Exiting position: P&L = -15.08 (-1.54%)
2025-12-03 15:00:06,327 - INFO - HedgeFund - Entering long position: 0.011147 BTC at 87691.86
2025-12-03 15:00:06,327 - INFO - HedgeFund - Exiting position: P&L = 53.97 (5.52%)
2025-12-03 15:00:06,327 - INFO - HedgeFund - Entering long position: 0.010595 BTC at 92769.05
2025-12-03 15:00:06,328 - INFO - HedgeFund - Exiting position: P&L = -8.28 (-0.84%)
2025-12-03 15:00:06,328 - INFO - HedgeFund - Entering long position: 0.010600 BTC at 92646.16
2025-12-03 15:00:06,328 - INFO - HedgeFund - Exiting position: P&L = -1.08 (-0.11%)
2025-12-03 15:00:06,328 - INFO - HedgeFund - Entering long position: 0.012374 BTC at 79355.39
2025-12-03 15:00:06,328 - INFO - HedgeFund - Exiting position: P&L = -16.25 (-1.65%)
2025-12-03 15:00:06,328 - INFO - HedgeFund - Entering long position: 0.012472 BTC at 78599.97
2025-12-03 15:00:06,328 - INFO - HedgeFund - Exiting position: P&L = 4.13 (0.42%)
2025-12-03 15:00:06,328 - INFO - HedgeFund - Entering long position: 0.012331 BTC at 79534.44
2025-12-03 15:00:06,329 - INFO - HedgeFund - Exiting position: P&L = -12.50 (-1.27%)
2025-12-03 15:00:06,329 - INFO - HedgeFund - Entering long position: 0.012384 BTC at 79087.84
2025-12-03 15:00:06,329 - INFO - HedgeFund - Exiting position: P&L = -12.89 (-1.32%)
2025-12-03 15:00:06,329 - INFO - HedgeFund - Entering long position: 0.012546 BTC at 77965.17
2025-12-03 15:00:06,329 - INFO - HedgeFund - Exiting position: P&L = 68.59 (7.01%)
2025-12-03 15:00:06,329 - INFO - HedgeFund - Entering long position: 0.011735 BTC at 83940.89
2025-12-03 15:00:06,329 - INFO - HedgeFund - Exiting position: P&L = -1.88 (-0.19%)
2025-12-03 15:00:06,329 - INFO - HedgeFund - Entering long position: 0.011722 BTC at 84016.49
2025-12-03 15:00:06,329 - INFO - HedgeFund - Exiting position: P&L = -10.56 (-1.07%)
2025-12-03 15:00:06,329 - INFO - HedgeFund - Entering long position: 0.011871 BTC at 82872.30
2025-12-03 15:00:06,330 - INFO - HedgeFund - Exiting position: P&L = 4.81 (0.49%)
2025-12-03 15:00:06,330 - INFO - HedgeFund - Entering long position: 0.011671 BTC at 84334.82
2025-12-03 15:00:06,330 - INFO - HedgeFund - Exiting position: P&L = -22.50 (-2.29%)
2025-12-03 15:00:06,330 - INFO - HedgeFund - Entering long position: 0.011787 BTC at 83315.21
2025-12-03 15:00:06,330 - INFO - HedgeFund - Exiting position: P&L = -0.32 (-0.03%)
2025-12-03 15:00:06,330 - INFO - HedgeFund - Entering long position: 0.011743 BTC at 83621.91
2025-12-03 15:00:06,330 - INFO - HedgeFund - Exiting position: P&L = 3.53 (0.36%)
2025-12-03 15:00:06,330 - INFO - HedgeFund - Entering long position: 0.011783 BTC at 83367.49
2025-12-03 15:00:06,330 - INFO - HedgeFund - Exiting position: P&L = -3.31 (-0.34%)
2025-12-03 15:00:06,330 - INFO - HedgeFund - Entering long position: 0.011696 BTC at 83957.71
2025-12-03 15:00:06,330 - INFO - HedgeFund - Exiting position: P&L = -17.00 (-1.73%)
2025-12-03 15:00:06,331 - INFO - HedgeFund - Entering long position: 0.011982 BTC at 81812.65
2025-12-03 15:00:06,331 - INFO - HedgeFund - Exiting position: P&L = -9.98 (-1.02%)
2025-12-03 15:00:06,331 - INFO - HedgeFund - Entering long position: 0.012073 BTC at 81116.45
2025-12-03 15:00:06,331 - INFO - HedgeFund - Exiting position: P&L = -8.08 (-0.83%)
2025-12-03 15:00:06,331 - INFO - HedgeFund - Entering long position: 0.012130 BTC at 80665.96
2025-12-03 15:00:06,331 - INFO - HedgeFund - Exiting position: P&L = -3.98 (-0.41%)
2025-12-03 15:00:06,331 - INFO - HedgeFund - Entering long position: 0.012180 BTC at 80306.96
2025-12-03 15:00:06,331 - INFO - HedgeFund - Exiting position: P&L = -2.83 (-0.29%)
2025-12-03 15:00:06,331 - INFO - HedgeFund - Entering long position: 0.012884 BTC at 75892.55
2025-12-03 15:00:06,332 - INFO - HedgeFund - Exiting position: P&L = -9.63 (-0.98%)
2025-12-03 15:00:06,332 - INFO - HedgeFund - Entering long position: 0.013196 BTC at 74029.61
2025-12-03 15:00:06,332 - INFO - HedgeFund - Exiting position: P&L = -8.42 (-0.86%)
2025-12-03 15:00:06,332 - INFO - HedgeFund - Entering long position: 0.013269 BTC at 73554.42
2025-12-03 15:00:06,332 - INFO - HedgeFund - Exiting position: P&L = 14.17 (1.45%)
2025-12-03 15:00:06,332 - INFO - HedgeFund - Entering long position: 0.013108 BTC at 74567.91
2025-12-03 15:00:06,332 - INFO - HedgeFund - Exiting position: P&L = -4.72 (-0.48%)
2025-12-03 15:00:06,332 - INFO - HedgeFund - Entering long position: 0.013376 BTC at 73037.69
2025-12-03 15:00:06,332 - INFO - HedgeFund - Exiting position: P&L = 32.27 (3.30%)
2025-12-03 15:00:06,333 - INFO - HedgeFund - Entering long position: 0.013435 BTC at 72958.71
2025-12-03 15:00:06,333 - INFO - HedgeFund - Exiting position: P&L = 6.91 (0.71%)
2025-12-03 15:00:06,333 - INFO - HedgeFund - Entering long position: 0.013249 BTC at 74034.40
2025-12-03 15:00:06,333 - INFO - HedgeFund - Exiting position: P&L = 13.27 (1.35%)
2025-12-03 15:00:06,333 - INFO - HedgeFund - Entering long position: 0.013034 BTC at 75355.74
2025-12-03 15:00:06,333 - INFO - HedgeFund - Exiting position: P&L = -0.18 (-0.02%)
2025-12-03 15:00:06,333 - INFO - HedgeFund - Entering long position: 0.012825 BTC at 76582.36
2025-12-03 15:00:06,333 - INFO - HedgeFund - Exiting position: P&L = 4.92 (0.50%)
2025-12-03 15:00:06,333 - INFO - HedgeFund - Entering long position: 0.012558 BTC at 78252.64
2025-12-03 15:00:06,334 - INFO - HedgeFund - Exiting position: P&L = 63.26 (6.44%)
2025-12-03 15:00:06,334 - INFO - HedgeFund - Entering long position: 0.011830 BTC at 83602.68
2025-12-03 15:00:06,334 - INFO - HedgeFund - Exiting position: P&L = -5.29 (-0.54%)
2025-12-03 15:00:06,334 - INFO - HedgeFund - Entering long position: 0.011718 BTC at 84353.50
2025-12-03 15:00:06,334 - INFO - HedgeFund - Exiting position: P&L = -1.40 (-0.14%)
2025-12-03 15:00:06,334 - INFO - HedgeFund - Entering long position: 0.012138 BTC at 81423.10
2025-12-03 15:00:06,334 - INFO - HedgeFund - Exiting position: P&L = -1.68 (-0.17%)
2025-12-03 15:00:06,334 - INFO - HedgeFund - Entering long position: 0.011924 BTC at 82875.62
2025-12-03 15:00:06,334 - INFO - HedgeFund - Exiting position: P&L = 32.15 (3.25%)
2025-12-03 15:00:06,334 - INFO - HedgeFund - Entering long position: 0.011568 BTC at 85697.96
2025-12-03 15:00:06,335 - INFO - HedgeFund - Exiting position: P&L = -5.23 (-0.53%)
2025-12-03 15:00:06,335 - INFO - HedgeFund - Entering long position: 0.011637 BTC at 85150.97
2025-12-03 15:00:06,335 - INFO - HedgeFund - Exiting position: P&L = 22.50 (2.27%)
2025-12-03 15:00:06,335 - INFO - HedgeFund - Entering long position: 0.011382 BTC at 87256.16
2025-12-03 15:00:06,335 - INFO - HedgeFund - Exiting position: P&L = -12.88 (-1.30%)
2025-12-03 15:00:06,335 - INFO - HedgeFund - Entering long position: 0.011370 BTC at 87230.95
2025-12-03 15:00:06,335 - INFO - HedgeFund - Exiting position: P&L = -35.85 (-3.61%)
2025-12-03 15:00:06,335 - INFO - HedgeFund - Entering long position: 0.012037 BTC at 82099.51
2025-12-03 15:00:06,335 - INFO - HedgeFund - Exiting position: P&L = 3.86 (0.39%)
2025-12-03 15:00:06,335 - INFO - HedgeFund - Entering long position: 0.011881 BTC at 83207.08
2025-12-03 15:00:06,336 - INFO - HedgeFund - Exiting position: P&L = 2.42 (0.25%)
2025-12-03 15:00:06,336 - INFO - HedgeFund - Entering long position: 0.011726 BTC at 84330.35
2025-12-03 15:00:06,336 - INFO - HedgeFund - Exiting position: P&L = -7.85 (-0.79%)
2025-12-03 15:00:06,336 - INFO - HedgeFund - Entering long position: 0.011875 BTC at 83209.91
2025-12-03 15:00:06,336 - INFO - HedgeFund - Exiting position: P&L = 6.54 (0.66%)
2025-12-03 15:00:06,336 - INFO - HedgeFund - Entering long position: 0.011763 BTC at 84057.20
2025-12-03 15:00:06,336 - INFO - HedgeFund - Exiting position: P&L = -6.60 (-0.67%)
2025-12-03 15:00:06,336 - INFO - HedgeFund - Entering long position: 0.011913 BTC at 82938.70
2025-12-03 15:00:06,336 - INFO - HedgeFund - Exiting position: P&L = -0.43 (-0.04%)
2025-12-03 15:00:06,336 - INFO - HedgeFund - Entering long position: 0.011904 BTC at 82999.86
2025-12-03 15:00:06,336 - INFO - HedgeFund - Exiting position: P&L = 4.06 (0.41%)
2025-12-03 15:00:06,337 - INFO - HedgeFund - Entering long position: 0.011797 BTC at 83789.47
2025-12-03 15:00:06,337 - INFO - HedgeFund - Exiting position: P&L = -14.70 (-1.49%)
2025-12-03 15:00:06,337 - INFO - HedgeFund - Entering long position: 0.011945 BTC at 82629.49
2025-12-03 15:00:06,337 - INFO - HedgeFund - Exiting position: P&L = 33.50 (3.39%)
2025-12-03 15:00:06,337 - INFO - HedgeFund - Entering long position: 0.011509 BTC at 86044.32
2025-12-03 15:00:06,337 - INFO - HedgeFund - Exiting position: P&L = 3.81 (0.38%)
2025-12-03 15:00:06,337 - INFO - HedgeFund - Entering long position: 0.011332 BTC at 87422.23
2025-12-03 15:00:06,337 - INFO - HedgeFund - Exiting position: P&L = 4.17 (0.42%)
2025-12-03 15:00:06,337 - INFO - HedgeFund - Entering long position: 0.011229 BTC at 88262.10
2025-12-03 15:00:06,337 - INFO - HedgeFund - Exiting position: P&L = -15.07 (-1.52%)
2025-12-03 15:00:06,337 - INFO - HedgeFund - Entering long position: 0.011082 BTC at 89300.76
2025-12-03 15:00:06,338 - INFO - HedgeFund - Exiting position: P&L = 23.29 (2.35%)
2025-12-03 15:00:06,338 - INFO - HedgeFund - Entering long position: 0.010698 BTC at 92723.13
2025-12-03 15:00:06,338 - INFO - HedgeFund - Exiting position: P&L = -9.38 (-0.95%)
2025-12-03 15:00:06,338 - INFO - HedgeFund - Entering long position: 0.010742 BTC at 92255.20
2025-12-03 15:00:06,338 - INFO - HedgeFund - Exiting position: P&L = 82.91 (8.37%)
2025-12-03 15:00:06,338 - INFO - HedgeFund - Entering long position: 0.010103 BTC at 98906.99
2025-12-03 15:00:06,338 - INFO - HedgeFund - Exiting position: P&L = 4.89 (0.49%)
2025-12-03 15:00:06,338 - INFO - HedgeFund - Entering long position: 0.009896 BTC at 101024.52
2025-12-03 15:00:06,338 - INFO - HedgeFund - Exiting position: P&L = -14.83 (-1.48%)
2025-12-03 15:00:06,339 - INFO - HedgeFund - Entering long position: 0.010061 BTC at 99228.05
2025-12-03 15:00:06,339 - INFO - HedgeFund - Exiting position: P&L = -21.13 (-2.12%)
2025-12-03 15:00:06,339 - INFO - HedgeFund - Entering long position: 0.010273 BTC at 96970.12
2025-12-03 15:00:06,339 - INFO - HedgeFund - Exiting position: P&L = -6.41 (-0.64%)
2025-12-03 15:00:06,339 - INFO - HedgeFund - Entering long position: 0.010541 BTC at 94448.04
2025-12-03 15:00:06,339 - INFO - HedgeFund - Exiting position: P&L = -0.26 (-0.03%)
2025-12-03 15:00:06,339 - INFO - HedgeFund - Entering long position: 0.010671 BTC at 93296.14
2025-12-03 15:00:06,339 - INFO - HedgeFund - Exiting position: P&L = -24.62 (-2.47%)
2025-12-03 15:00:06,339 - INFO - HedgeFund - Entering long position: 0.010775 BTC at 92158.96
2025-12-03 15:00:06,340 - INFO - HedgeFund - Exiting position: P&L = 54.81 (5.52%)
2025-12-03 15:00:06,340 - INFO - HedgeFund - Entering long position: 0.010033 BTC at 99523.17
2025-12-03 15:00:06,340 - INFO - HedgeFund - Exiting position: P&L = 39.81 (3.99%)
2025-12-03 15:00:06,340 - INFO - HedgeFund - Entering long position: 0.009682 BTC at 103540.86
2025-12-03 15:00:06,340 - INFO - HedgeFund - Exiting position: P&L = -4.04 (-0.40%)
2025-12-03 15:00:06,340 - INFO - HedgeFund - Entering long position: 0.009739 BTC at 102893.88
2025-12-03 15:00:06,340 - INFO - HedgeFund - Exiting position: P&L = 9.61 (0.96%)
2025-12-03 15:00:06,340 - INFO - HedgeFund - Entering long position: 0.009579 BTC at 104712.29
2025-12-03 15:00:06,341 - INFO - HedgeFund - Exiting position: P&L = -2.84 (-0.28%)
2025-12-03 15:00:06,341 - INFO - HedgeFund - Entering long position: 0.009385 BTC at 106850.74
2025-12-03 15:00:06,341 - INFO - HedgeFund - Exiting position: P&L = -8.92 (-0.89%)
2025-12-03 15:00:06,341 - INFO - HedgeFund - Entering long position: 0.009313 BTC at 107575.50
2025-12-03 15:00:06,341 - INFO - HedgeFund - Exiting position: P&L = -17.78 (-1.77%)
2025-12-03 15:00:06,341 - INFO - HedgeFund - Entering long position: 0.009476 BTC at 105540.66
2025-12-03 15:00:06,341 - INFO - HedgeFund - Exiting position: P&L = -4.14 (-0.41%)
2025-12-03 15:00:06,341 - INFO - HedgeFund - Entering long position: 0.009465 BTC at 105622.01
2025-12-03 15:00:06,341 - INFO - HedgeFund - Exiting position: P&L = 35.76 (3.58%)
2025-12-03 15:00:06,341 - INFO - HedgeFund - Entering long position: 0.009303 BTC at 107848.33
2025-12-03 15:00:06,342 - INFO - HedgeFund - Exiting position: P&L = -10.05 (-1.00%)
2025-12-03 15:00:06,342 - INFO - HedgeFund - Entering long position: 0.009487 BTC at 105653.12
2025-12-03 15:00:06,342 - INFO - HedgeFund - Exiting position: P&L = -12.15 (-1.21%)
2025-12-03 15:00:06,342 - INFO - HedgeFund - Entering long position: 0.009435 BTC at 106106.13
2025-12-03 15:00:06,342 - INFO - HedgeFund - Exiting position: P&L = -0.28 (-0.03%)
2025-12-03 15:00:06,342 - INFO - HedgeFund - Entering long position: 0.009479 BTC at 105602.24
2025-12-03 15:00:06,342 - INFO - HedgeFund - Exiting position: P&L = -0.19 (-0.02%)
2025-12-03 15:00:06,342 - INFO - HedgeFund - Entering long position: 0.009415 BTC at 106318.60
2025-12-03 15:00:06,342 - INFO - HedgeFund - Exiting position: P&L = -16.32 (-1.63%)
2025-12-03 15:00:06,342 - INFO - HedgeFund - Entering long position: 0.009416 BTC at 106139.05
2025-12-03 15:00:06,342 - INFO - HedgeFund - Exiting position: P&L = 16.88 (1.69%)
2025-12-03 15:00:06,343 - INFO - HedgeFund - Entering long position: 0.009174 BTC at 109123.27
2025-12-03 15:00:06,343 - INFO - HedgeFund - Exiting position: P&L = -11.21 (-1.12%)
2025-12-03 15:00:06,343 - INFO - HedgeFund - Entering long position: 0.009201 BTC at 108672.86
2025-12-03 15:00:06,343 - INFO - HedgeFund - Exiting position: P&L = -1.50 (-0.15%)
2025-12-03 15:00:06,343 - INFO - HedgeFund - Entering long position: 0.009381 BTC at 106572.60
2025-12-03 15:00:06,343 - INFO - HedgeFund - Exiting position: P&L = 2.42 (0.24%)
2025-12-03 15:00:06,343 - INFO - HedgeFund - Entering long position: 0.009355 BTC at 106898.66
2025-12-03 15:00:06,343 - INFO - HedgeFund - Exiting position: P&L = -7.79 (-0.78%)
2025-12-03 15:00:06,343 - INFO - HedgeFund - Entering long position: 0.009368 BTC at 106662.26
2025-12-03 15:00:06,343 - INFO - HedgeFund - Exiting position: P&L = -11.82 (-1.18%)
2025-12-03 15:00:06,343 - INFO - HedgeFund - Entering long position: 0.009357 BTC at 106663.56
2025-12-03 15:00:06,343 - INFO - HedgeFund - Exiting position: P&L = -14.38 (-1.44%)
2025-12-03 15:00:06,343 - INFO - HedgeFund - Entering long position: 0.009404 BTC at 105979.71
2025-12-03 15:00:06,343 - INFO - HedgeFund - Exiting position: P&L = -9.48 (-0.95%)
2025-12-03 15:00:06,343 - INFO - HedgeFund - Entering long position: 0.009429 BTC at 105599.16
2025-12-03 15:00:06,344 - INFO - HedgeFund - Exiting position: P&L = 71.61 (7.19%)
2025-12-03 15:00:06,344 - INFO - HedgeFund - Entering long position: 0.008721 BTC at 114991.45
2025-12-03 15:00:06,344 - INFO - HedgeFund - Exiting position: P&L = -0.63 (-0.06%)
2025-12-03 15:00:06,344 - INFO - HedgeFund - Entering long position: 0.008770 BTC at 114343.39
2025-12-03 15:00:06,344 - INFO - HedgeFund - Exiting position: P&L = 3.49 (0.35%)
2025-12-03 15:00:06,344 - INFO - HedgeFund - Entering long position: 0.008711 BTC at 115158.40
2025-12-03 15:00:06,344 - INFO - HedgeFund - Exiting position: P&L = 7.81 (0.78%)
2025-12-03 15:00:06,344 - INFO - HedgeFund - Entering long position: 0.008758 BTC at 114631.27
2025-12-03 15:00:06,344 - INFO - HedgeFund - Exiting position: P&L = -0.94 (-0.09%)
2025-12-03 15:00:06,344 - INFO - HedgeFund - Entering long position: 0.008738 BTC at 114875.18
2025-12-03 15:00:06,344 - INFO - HedgeFund - Exiting position: P&L = -3.87 (-0.39%)
2025-12-03 15:00:06,344 - INFO - HedgeFund - Entering long position: 0.008708 BTC at 115236.10
2025-12-03 15:00:06,344 - INFO - HedgeFund - Exiting position: P&L = -27.04 (-2.69%)
2025-12-03 15:00:06,344 - INFO - HedgeFund - Entering long position: 0.009046 BTC at 110621.96
2025-12-03 15:00:06,344 - INFO - HedgeFund - Exiting position: P&L = -16.13 (-1.61%)
2025-12-03 15:00:06,345 - INFO - HedgeFund - Entering long position: 0.009068 BTC at 110178.79
2025-12-03 15:00:06,345 - INFO - HedgeFund - Exiting position: P&L = 3.70 (0.37%)
2025-12-03 15:00:06,345 - INFO - HedgeFund - Entering long position: 0.009081 BTC at 110068.53
2025-12-03 15:00:06,345 - INFO - HedgeFund - Exiting position: P&L = -8.86 (-0.89%)
2025-12-03 15:00:06,345 - INFO - HedgeFund - Entering long position: 0.009340 BTC at 106913.86
2025-12-03 15:00:06,345 - INFO - HedgeFund - Exiting position: P&L = 1.14 (0.11%)
2025-12-03 15:00:06,345 - INFO - HedgeFund - Entering long position: 0.009172 BTC at 108886.09
2025-12-03 15:00:06,345 - INFO - HedgeFund - Exiting position: P&L = -1.67 (-0.17%)
2025-12-03 15:00:06,345 - INFO - HedgeFund - Entering long position: 0.009150 BTC at 109126.71
2025-12-03 15:00:06,345 - INFO - HedgeFund - Exiting position: P&L = 1.89 (0.19%)
2025-12-03 15:00:06,345 - INFO - HedgeFund - Entering long position: 0.009216 BTC at 108375.01
2025-12-03 15:00:06,345 - INFO - HedgeFund - Exiting position: P&L = -6.59 (-0.66%)
2025-12-03 15:00:06,345 - INFO - HedgeFund - Entering long position: 0.009112 BTC at 109537.37
2025-12-03 15:00:06,345 - INFO - HedgeFund - Exiting position: P&L = -5.03 (-0.50%)
2025-12-03 15:00:06,345 - INFO - HedgeFund - Entering long position: 0.009170 BTC at 108782.60
2025-12-03 15:00:06,345 - INFO - HedgeFund - Exiting position: P&L = -8.34 (-0.84%)
2025-12-03 15:00:06,346 - INFO - HedgeFund - Entering long position: 0.009256 BTC at 107681.52
2025-12-03 15:00:06,346 - INFO - HedgeFund - Exiting position: P&L = 15.54 (1.56%)
2025-12-03 15:00:06,346 - INFO - HedgeFund - Entering long position: 0.009019 BTC at 110683.08
2025-12-03 15:00:06,346 - INFO - HedgeFund - Exiting position: P&L = 8.30 (0.83%)
2025-12-03 15:00:06,346 - INFO - HedgeFund - Entering long position: 0.008802 BTC at 113514.51
2025-12-03 15:00:06,346 - INFO - HedgeFund - Exiting position: P&L = -8.77 (-0.88%)
2025-12-03 15:00:06,346 - INFO - HedgeFund - Entering long position: 0.008846 BTC at 112851.86
2025-12-03 15:00:06,346 - INFO - HedgeFund - Exiting position: P&L = 44.49 (4.46%)
2025-12-03 15:00:06,346 - INFO - HedgeFund - Entering long position: 0.008564 BTC at 117087.02
2025-12-03 15:00:06,346 - INFO - HedgeFund - Exiting position: P&L = 4.45 (0.44%)
2025-12-03 15:00:06,346 - INFO - HedgeFund - Entering long position: 0.008850 BTC at 113350.52
2025-12-03 15:00:06,346 - INFO - HedgeFund - Exiting position: P&L = -17.62 (-1.76%)
2025-12-03 15:00:06,346 - INFO - HedgeFund - Entering long position: 0.008880 BTC at 112771.66
2025-12-03 15:00:06,346 - INFO - HedgeFund - Exiting position: P&L = -8.06 (-0.80%)
2025-12-03 15:00:06,347 - INFO - HedgeFund - Entering long position: 0.008922 BTC at 112144.90
2025-12-03 15:00:06,347 - INFO - HedgeFund - Exiting position: P&L = 0.24 (0.02%)
2025-12-03 15:00:06,347 - INFO - HedgeFund - Entering long position: 0.008956 BTC at 111724.95
2025-12-03 15:00:06,347 - INFO - HedgeFund - Exiting position: P&L = -9.91 (-0.99%)
2025-12-03 15:00:06,347 - INFO - HedgeFund - Entering long position: 0.008940 BTC at 111808.09
2025-12-03 15:00:06,347 - INFO - HedgeFund - Exiting position: P&L = -8.35 (-0.84%)
2025-12-03 15:00:06,347 - INFO - HedgeFund - Entering long position: 0.009136 BTC at 109327.99
2025-12-03 15:00:06,347 - INFO - HedgeFund - Exiting position: P&L = -3.28 (-0.33%)
2025-12-03 15:00:06,347 - INFO - HedgeFund - Entering long position: 0.009047 BTC at 110361.31
2025-12-03 15:00:06,347 - INFO - HedgeFund - Exiting position: P&L = 2.19 (0.22%)
2025-12-03 15:00:06,347 - INFO - HedgeFund - Entering long position: 0.009023 BTC at 110686.75
2025-12-03 15:00:06,347 - INFO - HedgeFund - Exiting position: P&L = 19.19 (1.92%)
2025-12-03 15:00:06,347 - INFO - HedgeFund - Entering long position: 0.008838 BTC at 113217.39
2025-12-03 15:00:06,347 - INFO - HedgeFund - Exiting position: P&L = 3.27 (0.33%)
2025-12-03 15:00:06,347 - INFO - HedgeFund - Entering long position: 0.008747 BTC at 114428.07
2025-12-03 15:00:06,348 - INFO - HedgeFund - Exiting position: P&L = 48.90 (4.89%)
2025-12-03 15:00:06,348 - INFO - HedgeFund - Entering long position: 0.008327 BTC at 120787.20
2025-12-03 15:00:06,348 - INFO - HedgeFund - Exiting position: P&L = 4.48 (0.45%)
2025-12-03 15:00:06,348 - INFO - HedgeFund - Entering long position: 0.008152 BTC at 123432.23
2025-12-03 15:00:06,348 - INFO - HedgeFund - Exiting position: P&L = 44.66 (4.44%)
2025-12-03 15:00:06,348 - INFO - HedgeFund - Entering long position: 0.007792 BTC at 129715.24
2025-12-03 15:00:06,348 - INFO - HedgeFund - Exiting position: P&L = 33.51 (3.32%)
2025-12-03 15:00:06,348 - INFO - HedgeFund - Entering long position: 0.007508 BTC at 135057.20
2025-12-03 15:00:06,348 - INFO - HedgeFund - Exiting position: P&L = -13.09 (-1.29%)
2025-12-03 15:00:06,348 - INFO - HedgeFund - Entering long position: 0.007828 BTC at 129381.79
2025-12-03 15:00:06,348 - INFO - HedgeFund - Exiting position: P&L = -27.75 (-2.74%)
2025-12-03 15:00:06,348 - INFO - HedgeFund - Entering long position: 0.008207 BTC at 123061.49
2025-12-03 15:00:06,348 - INFO - HedgeFund - Exiting position: P&L = -17.02 (-1.69%)
2025-12-03 15:00:06,349 - INFO - HedgeFund - Entering long position: 0.008251 BTC at 122209.30
2025-12-03 15:00:06,349 - INFO - HedgeFund - Exiting position: P&L = 25.22 (2.50%)
2025-12-03 15:00:06,349 - INFO - HedgeFund - Entering long position: 0.008023 BTC at 125995.63
2025-12-03 15:00:06,349 - INFO - HedgeFund - Exiting position: P&L = -8.32 (-0.82%)
2025-12-03 15:00:06,349 - INFO - HedgeFund - Entering long position: 0.008539 BTC at 118279.04
2025-12-03 15:00:06,349 - INFO - HedgeFund - Exiting position: P&L = -17.54 (-1.74%)
2025-12-03 15:00:06,349 - INFO - HedgeFund - Entering long position: 0.009013 BTC at 111857.98
2025-12-03 15:00:06,349 - INFO - HedgeFund - Exiting position: P&L = -16.22 (-1.61%)
2025-12-03 15:00:06,349 - INFO - HedgeFund - Entering long position: 0.009012 BTC at 111697.02
2025-12-03 15:00:06,349 - INFO - HedgeFund - Exiting position: P&L = 67.54 (6.71%)
2025-12-03 15:00:06,349 - INFO - HedgeFund - Entering long position: 0.008459 BTC at 119792.71
2025-12-03 15:00:06,349 - INFO - HedgeFund - Exiting position: P&L = 29.35 (2.90%)
2025-12-03 15:00:06,350 - INFO - HedgeFund - Entering long position: 0.008221 BTC at 123627.06
2025-12-03 15:00:06,350 - INFO - HedgeFund - Exiting position: P&L = 2.13 (0.21%)
2025-12-03 15:00:06,350 - INFO - HedgeFund - Entering long position: 0.008251 BTC at 123198.77
2025-12-03 15:00:06,350 - INFO - HedgeFund - Exiting position: P&L = -4.89 (-0.48%)
2025-12-03 15:00:06,350 - INFO - HedgeFund - Entering long position: 0.008581 BTC at 118408.77
2025-12-03 15:00:06,350 - INFO - HedgeFund - Exiting position: P&L = 1.80 (0.18%)
2025-12-03 15:00:06,350 - INFO - HedgeFund - Entering long position: 0.008498 BTC at 119575.97
2025-12-03 15:00:06,350 - INFO - HedgeFund - Exiting position: P&L = -15.23 (-1.50%)
2025-12-03 15:00:06,350 - INFO - HedgeFund - Entering long position: 0.008789 BTC at 115445.65
2025-12-03 15:00:06,350 - INFO - HedgeFund - Exiting position: P&L = -10.80 (-1.06%)
2025-12-03 15:00:06,350 - INFO - HedgeFund - Entering long position: 0.008783 BTC at 115398.42
2025-12-03 15:00:06,350 - INFO - HedgeFund - Exiting position: P&L = -2.38 (-0.24%)
2025-12-03 15:00:06,350 - INFO - HedgeFund - Entering long position: 0.008689 BTC at 116624.47
2025-12-03 15:00:06,350 - INFO - HedgeFund - Exiting position: P&L = 18.92 (1.87%)
2025-12-03 15:00:06,351 - INFO - HedgeFund - Entering long position: 0.008510 BTC at 119304.75
2025-12-03 15:00:06,351 - INFO - HedgeFund - Exiting position: P&L = -4.99 (-0.49%)
2025-12-03 15:00:06,351 - INFO - HedgeFund - Entering long position: 0.008463 BTC at 119902.63
2025-12-03 15:00:06,351 - INFO - HedgeFund - Exiting position: P&L = -23.29 (-2.29%)
2025-12-03 15:00:06,351 - INFO - HedgeFund - Entering long position: 0.008628 BTC at 117344.22
2025-12-03 15:00:06,351 - INFO - HedgeFund - Exiting position: P&L = -25.16 (-2.49%)
2025-12-03 15:00:06,351 - INFO - HedgeFund - Entering long position: 0.008807 BTC at 114668.26
2025-12-03 15:00:06,351 - INFO - HedgeFund - Exiting position: P&L = -17.93 (-1.78%)
2025-12-03 15:00:06,351 - INFO - HedgeFund - Entering long position: 0.008947 BTC at 112675.59
2025-12-03 15:00:06,351 - INFO - HedgeFund - Exiting position: P&L = 50.62 (5.02%)
2025-12-03 15:00:06,351 - INFO - HedgeFund - Entering long position: 0.008529 BTC at 118788.69
2025-12-03 15:00:06,351 - INFO - HedgeFund - Exiting position: P&L = -10.09 (-1.00%)
2025-12-03 15:00:06,351 - INFO - HedgeFund - Entering long position: 0.008563 BTC at 118198.04
2025-12-03 15:00:06,351 - INFO - HedgeFund - Exiting position: P&L = -8.24 (-0.81%)
2025-12-03 15:00:06,352 - INFO - HedgeFund - Entering long position: 0.008937 BTC at 113165.97
2025-12-03 15:00:06,352 - INFO - HedgeFund - Exiting position: P&L = -3.83 (-0.38%)
2025-12-03 15:00:06,352 - INFO - HedgeFund - Entering long position: 0.008915 BTC at 113396.37
2025-12-03 15:00:06,352 - INFO - HedgeFund - Exiting position: P&L = 26.92 (2.66%)
2025-12-03 15:00:06,352 - INFO - HedgeFund - Entering long position: 0.008664 BTC at 116991.39
2025-12-03 15:00:06,352 - INFO - HedgeFund - Exiting position: P&L = -6.54 (-0.65%)
2025-12-03 15:00:06,352 - INFO - HedgeFund - Entering long position: 0.008621 BTC at 117509.73
2025-12-03 15:00:06,352 - INFO - HedgeFund - Exiting position: P&L = -6.87 (-0.68%)
2025-12-03 15:00:06,352 - INFO - HedgeFund - Entering long position: 0.008750 BTC at 115686.26
2025-12-03 15:00:06,352 - INFO - HedgeFund - Exiting position: P&L = 1.73 (0.17%)
2025-12-03 15:00:06,352 - INFO - HedgeFund - Entering long position: 0.009691 BTC at 104480.98
2025-12-03 15:00:06,352 - INFO - HedgeFund - Exiting position: P&L = -1.14 (-0.11%)
2025-12-03 15:00:06,352 - INFO - HedgeFund - Entering long position: 0.009964 BTC at 101602.48
2025-12-03 15:00:06,352 - INFO - HedgeFund - Exiting position: P&L = 3.95 (0.39%)
2025-12-03 15:00:06,352 - INFO - HedgeFund - Entering long position: 0.009756 BTC at 103804.80
2025-12-03 15:00:06,353 - INFO - HedgeFund - Exiting position: P&L = -20.55 (-2.03%)
2025-12-03 15:00:06,353 - INFO - HedgeFund - Entering long position: 0.009633 BTC at 104924.48
2025-12-03 15:00:06,353 - INFO - HedgeFund - Exiting position: P&L = -13.20 (-1.31%)
2025-12-03 15:00:06,353 - INFO - HedgeFund - Entering long position: 0.009924 BTC at 101710.60
2025-12-03 15:00:06,353 - INFO - HedgeFund - Exiting position: P&L = -25.30 (-2.51%)
2025-12-03 15:00:06,353 - INFO - HedgeFund - Entering long position: 0.010091 BTC at 99778.08
2025-12-03 15:00:06,353 - INFO - HedgeFund - Exiting position: P&L = 3.13 (0.31%)
2025-12-03 15:00:06,353 - INFO - HedgeFund - Entering long position: 0.010078 BTC at 99941.96
2025-12-03 15:00:06,353 - INFO - HedgeFund - Exiting position: P&L = 83.85 (8.33%)
2025-12-03 15:00:06,353 - INFO - HedgeFund - Entering long position: 0.009249 BTC at 109797.26
2025-12-03 15:00:06,353 - INFO - HedgeFund - Exiting position: P&L = -12.50 (-1.23%)
2025-12-03 15:00:06,353 - INFO - HedgeFund - Entering long position: 0.009386 BTC at 108060.76
2025-12-03 15:00:06,353 - INFO - HedgeFund - Exiting position: P&L = -18.72 (-1.85%)
2025-12-03 15:00:06,354 - INFO - HedgeFund - Entering long position: 0.009450 BTC at 107141.18
2025-12-03 15:00:06,354 - INFO - HedgeFund - Exiting position: P&L = -2.89 (-0.29%)
2025-12-03 15:00:06,354 - INFO - HedgeFund - Entering long position: 0.009341 BTC at 108357.83
2025-12-03 15:00:06,354 - INFO - HedgeFund - Exiting position: P&L = 10.72 (1.06%)
2025-12-03 15:00:06,354 - INFO - HedgeFund - Entering long position: 0.009377 BTC at 108049.51
2025-12-03 15:00:06,354 - INFO - HedgeFund - Exiting position: P&L = 6.35 (0.63%)
2025-12-03 15:00:06,354 - INFO - HedgeFund - Entering long position: 0.009884 BTC at 102575.34
2025-12-03 15:00:06,354 - INFO - HedgeFund - Exiting position: P&L = -12.65 (-1.25%)
2025-12-03 15:00:06,354 - INFO - HedgeFund - Entering long position: 0.010133 BTC at 99929.34
2025-12-03 15:00:06,354 - INFO - HedgeFund - Exiting position: P&L = 10.86 (1.07%)
2025-12-03 15:00:06,354 - INFO - HedgeFund - Entering long position: 0.009989 BTC at 101478.57
2025-12-03 15:00:06,354 - INFO - HedgeFund - Exiting position: P&L = -16.40 (-1.62%)
2025-12-03 15:00:06,354 - INFO - HedgeFund - Entering long position: 0.010012 BTC at 101082.84
2025-12-03 15:00:06,354 - INFO - HedgeFund - Exiting position: P&L = -13.67 (-1.35%)
2025-12-03 15:00:06,355 - INFO - HedgeFund - Entering long position: 0.010042 BTC at 100641.00
2025-12-03 15:00:06,355 - INFO - HedgeFund - Exiting position: P&L = 17.01 (1.68%)
2025-12-03 15:00:06,355 - INFO - HedgeFund - Entering long position: 0.009726 BTC at 104092.46
2025-12-03 15:00:06,355 - INFO - HedgeFund - Exiting position: P&L = -21.24 (-2.10%)
2025-12-03 15:00:06,355 - INFO - HedgeFund - Entering long position: 0.009917 BTC at 101865.33
2025-12-03 15:00:06,355 - INFO - HedgeFund - Exiting position: P&L = -8.47 (-0.84%)
2025-12-03 15:00:06,355 - INFO - HedgeFund - Entering long position: 0.009839 BTC at 102592.12
2025-12-03 15:00:06,355 - INFO - HedgeFund - Exiting position: P&L = -8.41 (-0.83%)
2025-12-03 15:00:06,355 - INFO - HedgeFund - Entering long position: 0.009870 BTC at 102179.99
2025-12-03 15:00:06,355 - INFO - HedgeFund - Exiting position: P&L = -0.06 (-0.01%)
2025-12-03 15:00:06,355 - INFO - HedgeFund - Entering long position: 0.009883 BTC at 102051.48
2025-12-03 15:00:06,355 - INFO - HedgeFund - Exiting position: P&L = -8.08 (-0.80%)
2025-12-03 15:00:06,355 - INFO - HedgeFund - Entering long position: 0.009834 BTC at 102477.42
2025-12-03 15:00:06,355 - INFO - HedgeFund - Exiting position: P&L = 15.96 (1.58%)
2025-12-03 15:00:06,355 - INFO - HedgeFund - Entering long position: 0.009662 BTC at 104462.28
2025-12-03 15:00:06,355 - INFO - HedgeFund - Exiting position: P&L = -7.57 (-0.75%)
2025-12-03 15:00:06,356 - INFO - HedgeFund - Entering long position: 0.009686 BTC at 104124.76
2025-12-03 15:00:06,356 - INFO - HedgeFund - Exiting position: P&L = -3.22 (-0.32%)
2025-12-03 15:00:06,356 - INFO - HedgeFund - Entering long position: 0.009779 BTC at 103099.56
2025-12-03 15:00:06,356 - INFO - HedgeFund - Exiting position: P&L = 42.73 (4.24%)
2025-12-03 15:00:06,356 - INFO - HedgeFund - Entering long position: 0.009480 BTC at 106802.31
2025-12-03 15:00:06,356 - INFO - HedgeFund - Exiting position: P&L = -6.23 (-0.62%)
2025-12-03 15:00:06,356 - INFO - HedgeFund - Entering long position: 0.009344 BTC at 108298.72
2025-12-03 15:00:06,356 - INFO - HedgeFund - Exiting position: P&L = 42.98 (4.25%)
2025-12-03 15:00:06,356 - INFO - HedgeFund - Entering long position: 0.009474 BTC at 107260.17
2025-12-03 15:00:06,356 - INFO - HedgeFund - Exiting position: P&L = -8.30 (-0.82%)
2025-12-03 15:00:06,356 - INFO - HedgeFund - Entering long position: 0.009363 BTC at 108445.50
2025-12-03 15:00:06,357 - INFO - HedgeFund - Exiting position: P&L = 14.98 (1.48%)
2025-12-03 15:00:06,357 - INFO - HedgeFund - Entering long position: 0.009456 BTC at 107540.08
2025-12-03 15:00:06,357 - INFO - HedgeFund - Exiting position: P&L = 6.14 (0.60%)
2025-12-03 15:00:06,357 - INFO - HedgeFund - Entering long position: 0.009207 BTC at 110515.75
2025-12-03 15:00:06,357 - INFO - HedgeFund - Exiting position: P&L = -9.13 (-0.90%)
2025-12-03 15:00:06,357 - INFO - HedgeFund - Entering long position: 0.009271 BTC at 109651.70
2025-12-03 15:00:06,357 - INFO - HedgeFund - Exiting position: P&L = -5.38 (-0.53%)
2025-12-03 15:00:06,357 - INFO - HedgeFund - Entering long position: 0.009365 BTC at 108491.22
2025-12-03 15:00:06,357 - INFO - HedgeFund - Exiting position: P&L = 2.79 (0.27%)
2025-12-03 15:00:06,357 - INFO - HedgeFund - Entering long position: 0.009238 BTC at 110014.75
2025-12-03 15:00:06,358 - INFO - HedgeFund - Exiting position: P&L = 10.69 (1.05%)
2025-12-03 15:00:06,358 - INFO - HedgeFund - Entering long position: 0.009130 BTC at 111427.48
2025-12-03 15:00:06,358 - INFO - HedgeFund - Exiting position: P&L = 4.94 (0.49%)
2025-12-03 15:00:06,358 - INFO - HedgeFund - Entering long position: 0.009092 BTC at 111953.58
2025-12-03 15:00:06,358 - INFO - HedgeFund - Exiting position: P&L = -16.65 (-1.64%)
2025-12-03 15:00:06,358 - INFO - HedgeFund - Entering long position: 0.009488 BTC at 107099.46
2025-12-03 15:00:06,358 - INFO - HedgeFund - Exiting position: P&L = -14.36 (-1.41%)
2025-12-03 15:00:06,358 - INFO - HedgeFund - Entering long position: 0.009477 BTC at 107081.71
2025-12-03 15:00:06,358 - INFO - HedgeFund - Exiting position: P&L = -10.24 (-1.01%)
2025-12-03 15:00:06,358 - INFO - HedgeFund - Entering long position: 0.009431 BTC at 107493.32
2025-12-03 15:00:06,358 - INFO - HedgeFund - Exiting position: P&L = -5.01 (-0.49%)
2025-12-03 15:00:06,358 - INFO - HedgeFund - Entering long position: 0.009438 BTC at 107361.91
2025-12-03 15:00:06,359 - INFO - HedgeFund - Exiting position: P&L = -16.59 (-1.64%)
2025-12-03 15:00:06,359 - INFO - HedgeFund - Entering long position: 0.009395 BTC at 107671.29
2025-12-03 15:00:06,359 - INFO - HedgeFund - Exiting position: P&L = -6.09 (-0.60%)
2025-12-03 15:00:06,359 - INFO - HedgeFund - Entering long position: 0.009370 BTC at 107890.38
2025-12-03 15:00:06,359 - INFO - HedgeFund - Exiting position: P&L = -7.64 (-0.76%)
2025-12-03 15:00:06,359 - INFO - HedgeFund - Entering long position: 0.009285 BTC at 108797.88
2025-12-03 15:00:06,359 - INFO - HedgeFund - Exiting position: P&L = -23.16 (-2.29%)
2025-12-03 15:00:06,359 - INFO - HedgeFund - Entering long position: 0.009415 BTC at 107056.35
2025-12-03 15:00:06,359 - INFO - HedgeFund - Exiting position: P&L = 9.34 (0.93%)
2025-12-03 15:00:06,359 - INFO - HedgeFund - Entering long position: 0.009343 BTC at 107977.71
2025-12-03 15:00:06,359 - INFO - HedgeFund - Exiting position: P&L = 20.05 (1.99%)
2025-12-03 15:00:06,359 - INFO - HedgeFund - Entering long position: 0.009142 BTC at 110576.22
2025-12-03 15:00:06,359 - INFO - HedgeFund - Exiting position: P&L = 7.30 (0.72%)
2025-12-03 15:00:06,360 - INFO - HedgeFund - Entering long position: 0.008967 BTC at 112810.66
2025-12-03 15:00:06,360 - INFO - HedgeFund - Exiting position: P&L = -6.55 (-0.65%)
2025-12-03 15:00:06,360 - INFO - HedgeFund - Entering long position: 0.009046 BTC at 111757.82
2025-12-03 15:00:06,360 - INFO - HedgeFund - Exiting position: P&L = 32.71 (3.24%)
2025-12-03 15:00:06,360 - INFO - HedgeFund - Entering long position: 0.009386 BTC at 108048.79
2025-12-03 15:00:06,360 - INFO - HedgeFund - Exiting position: P&L = 32.79 (3.23%)
2025-12-03 15:00:06,360 - INFO - HedgeFund - Entering long position: 0.009164 BTC at 111033.72
2025-12-03 15:00:06,360 - INFO - HedgeFund - Exiting position: P&L = -2.48 (-0.24%)
2025-12-03 15:00:06,360 - INFO - HedgeFund - Entering long position: 0.008832 BTC at 115173.96
2025-12-03 15:00:06,360 - INFO - HedgeFund - Exiting position: P&L = -7.27 (-0.71%)
2025-12-03 15:00:06,360 - INFO - HedgeFund - Entering long position: 0.008985 BTC at 113133.17
2025-12-03 15:00:06,361 - INFO - HedgeFund - Exiting position: P&L = 2.33 (0.23%)
2025-12-03 15:00:06,361 - INFO - HedgeFund - Entering long position: 0.009016 BTC at 112764.15
2025-12-03 15:00:06,361 - INFO - HedgeFund - Exiting position: P&L = 3.18 (0.31%)
2025-12-03 15:00:06,361 - INFO - HedgeFund - Entering long position: 0.008896 BTC at 114320.75
2025-12-03 15:00:06,361 - INFO - HedgeFund - Exiting position: P&L = -10.15 (-1.00%)
2025-12-03 15:00:06,361 - INFO - HedgeFund - Entering long position: 0.008942 BTC at 113626.57
2025-12-03 15:00:06,361 - INFO - HedgeFund - Exiting position: P&L = -10.28 (-1.01%)
2025-12-03 15:00:06,361 - INFO - HedgeFund - Entering long position: 0.009071 BTC at 111889.61
2025-12-03 15:00:06,361 - INFO - HedgeFund - Exiting position: P&L = -11.86 (-1.17%)
2025-12-03 15:00:06,361 - INFO - HedgeFund - Entering long position: 0.009217 BTC at 109995.97
2025-12-03 15:00:06,361 - INFO - HedgeFund - Exiting position: P&L = 3.73 (0.37%)
2025-12-03 15:00:06,361 - INFO - HedgeFund - Entering long position: 0.009464 BTC at 107160.47
2025-12-03 15:00:06,361 - INFO - HedgeFund - Exiting position: P&L = -6.64 (-0.65%)
2025-12-03 15:00:06,362 - INFO - HedgeFund - Entering long position: 0.009827 BTC at 103138.52
2025-12-03 15:00:06,362 - INFO - HedgeFund - Exiting position: P&L = -15.74 (-1.55%)
2025-12-03 15:00:06,362 - INFO - HedgeFund - Entering long position: 0.010145 BTC at 99745.69
2025-12-03 15:00:06,362 - INFO - HedgeFund - Exiting position: P&L = -10.18 (-1.01%)
2025-12-03 15:00:06,362 - INFO - HedgeFund - Entering long position: 0.010351 BTC at 97664.23
2025-12-03 15:00:06,362 - INFO - HedgeFund - Exiting position: P&L = -19.62 (-1.94%)
2025-12-03 15:00:06,362 - INFO - HedgeFund - Entering long position: 0.010535 BTC at 95776.76
2025-12-03 15:00:06,362 - INFO - HedgeFund - Exiting position: P&L = 14.78 (1.46%)
2025-12-03 15:00:06,362 - INFO - HedgeFund - Entering long position: 0.010332 BTC at 97799.92
2025-12-03 15:00:06,362 - INFO - HedgeFund - Exiting position: P&L = 17.30 (1.71%)
2025-12-03 15:00:06,362 - INFO - HedgeFund - Entering long position: 0.010262 BTC at 98630.46
2025-12-03 15:00:06,362 - INFO - HedgeFund - Exiting position: P&L = -7.98 (-0.79%)
2025-12-03 15:00:06,363 - INFO - HedgeFund - Entering long position: 0.010182 BTC at 99325.92
2025-12-03 15:00:06,363 - INFO - HedgeFund - Exiting position: P&L = -19.50 (-1.93%)
2025-12-03 15:00:06,363 - INFO - HedgeFund - Entering long position: 0.010595 BTC at 95276.47
2025-12-03 15:00:06,363 - INFO - HedgeFund - Exiting position: P&L = 5.10 (0.50%)
2025-12-03 15:00:06,363 - INFO - HedgeFund - Entering long position: 0.011091 BTC at 91058.14
2025-12-03 15:00:06,363 - INFO - HedgeFund - Exiting position: P&L = 13.21 (1.31%)
2025-12-03 15:00:06,363 - INFO - HedgeFund - Entering long position: 0.011277 BTC at 89675.69
2025-12-03 15:00:06,363 - INFO - HedgeFund - Exiting position: P&L = -12.55 (-1.24%)
2025-12-03 15:00:06,363 - INFO - HedgeFund - Entering long position: 0.011288 BTC at 89478.81
2025-12-03 15:00:06,363 - INFO - HedgeFund - Exiting position: P&L = 4.33 (0.43%)
2025-12-03 15:00:06,363 - INFO - HedgeFund - Entering long position: 0.011227 BTC at 90001.38
2025-12-03 15:00:06,363 - INFO - HedgeFund - Exiting position: P&L = -12.82 (-1.27%)
2025-12-03 15:00:06,364 - INFO - HedgeFund - Entering long position: 0.011412 BTC at 88430.86
2025-12-03 15:00:06,364 - INFO - HedgeFund - Exiting position: P&L = 13.22 (1.31%)
2025-12-03 15:00:06,364 - INFO - HedgeFund - Entering long position: 0.011183 BTC at 90355.20
2025-12-03 15:00:06,364 - INFO - HedgeFund - Exiting position: P&L = 7.68 (0.76%)
2025-12-03 15:00:06,364 - INFO - HedgeFund - Entering long position: 0.011579 BTC at 87336.08
2025-12-03 15:00:06,364 - INFO - HedgeFund - Exiting position: P&L = 5.61 (0.55%)
2025-12-03 15:00:06,364 - INFO - HedgeFund - Entering long position: 0.011353 BTC at 89126.00
2025-12-03 15:00:06,364 - INFO - HedgeFund - Exiting position: P&L = 3.08 (0.30%)
2025-12-03 15:00:06,364 - INFO - HedgeFund - Entering long position: 0.011199 BTC at 90378.93
2025-12-03 15:00:06,364 - INFO - HedgeFund - Exiting position: P&L = -1.88 (-0.19%)
2025-12-03 15:00:06,364 - INFO - HedgeFund - Entering long position: 0.011140 BTC at 90839.16
2025-12-03 15:00:06,364 - INFO - HedgeFund - Exiting position: P&L = 8.52 (0.84%)
2025-12-03 15:00:06,365 - INFO - HedgeFund - Entering long position: 0.010993 BTC at 92131.45
2025-12-03 15:00:06,365 - INFO - HedgeFund - Exiting position: P&L = -4.15 (-0.41%)
2025-12-03 15:00:06,365 - INFO - HedgeFund - Entering long position: 0.011166 BTC at 90667.18
2025-12-03 15:00:06,365 - INFO - HedgeFund - Exiting position: P&L = -4.18 (-0.41%)
2025-12-03 15:00:06,365 - INFO - HedgeFund - Entering long position: 0.011431 BTC at 88530.03
2025-12-03 15:00:06,365 - INFO - HedgeFund - Exiting position: P&L = -15.70 (-1.55%)
2025-12-03 15:00:06,365 - INFO - HedgeFund - Entering long position: 0.011387 BTC at 88730.94
2025-12-03 15:00:06,365 - INFO - HedgeFund - Exiting position: P&L = 52.94 (5.24%)
2025-12-03 15:00:06,365 - INFO - HedgeFund - Entering long position: 0.010805 BTC at 94000.03
2025-12-03 15:00:06,366 - INFO - HedgeFund - Exiting position: P&L = -12.21 (-1.20%)
2025-12-03 15:00:06,366 - INFO - HedgeFund - Entering long position: 0.010737 BTC at 94484.22
2025-12-03 15:00:06,366 - INFO - HedgeFund - Exiting position: P&L = -18.60 (-1.83%)
2025-12-03 15:00:06,366 - INFO - HedgeFund - Entering long position: 0.010848 BTC at 93344.76
2025-12-03 15:00:06,366 - INFO - HedgeFund - Exiting position: P&L = -9.60 (-0.95%)
2025-12-03 15:00:06,366 - INFO - HedgeFund - Entering long position: 0.011152 BTC at 90709.97
2025-12-03 15:00:06,366 - INFO - HedgeFund - Exiting position: P&L = -1.66 (-0.16%)
2025-12-03 15:00:06,366 - INFO - HedgeFund - Entering long position: 0.011124 BTC at 90929.28
2025-12-03 15:00:06,366 - INFO - HedgeFund - Exiting position: P&L = -12.24 (-1.21%)
2025-12-03 15:00:06,366 - INFO - HedgeFund - Entering long position: 0.011930 BTC at 84682.58
2025-12-03 15:00:06,367 - INFO - HedgeFund - Exiting position: P&L = -3.91 (-0.39%)
2025-12-03 15:00:06,367 - INFO - HedgeFund - Entering long position: 0.011808 BTC at 85518.82
2025-12-03 15:00:06,367 - INFO - HedgeFund - Exiting position: P&L = 14.81 (1.47%)
2025-12-03 15:00:06,367 - INFO - HedgeFund - Entering long position: 0.011806 BTC at 85659.63
2025-12-03 15:00:06,367 - INFO - HedgeFund - Exiting position: P&L = -10.60 (-1.05%)
2025-12-03 15:00:06,367 - INFO - HedgeFund - Entering long position: 0.012286 BTC at 82231.68
2025-12-03 15:00:06,367 - INFO - HedgeFund - Exiting position: P&L = -11.64 (-1.15%)
2025-12-03 15:00:06,367 - INFO - HedgeFund - Entering long position: 0.013200 BTC at 76447.61
2025-12-03 15:00:06,367 - INFO - HedgeFund - Exiting position: P&L = -4.39 (-0.43%)
2025-12-03 15:00:06,368 - INFO - HedgeFund - Entering long position: 0.013545 BTC at 74466.22
2025-12-03 15:00:06,368 - INFO - HedgeFund - Exiting position: P&L = -3.82 (-0.38%)
2025-12-03 15:00:06,368 - INFO - HedgeFund - Entering long position: 0.013319 BTC at 75700.49
2025-12-03 15:00:06,368 - INFO - HedgeFund - Exiting position: P&L = -14.61 (-1.45%)
2025-12-03 15:00:06,368 - INFO - HedgeFund - Entering long position: 0.014843 BTC at 67833.27
2025-12-03 15:00:06,368 - INFO - HedgeFund - Exiting position: P&L = -1.76 (-0.17%)
2025-12-03 15:00:06,368 - INFO - HedgeFund - Entering long position: 0.014762 BTC at 68192.72
2025-12-03 15:00:06,368 - INFO - HedgeFund - Exiting position: P&L = -3.50 (-0.35%)
2025-12-03 15:00:06,369 - INFO - HedgeFund - Entering long position: 0.014679 BTC at 68551.26
2025-12-03 15:00:06,369 - INFO - HedgeFund - Exiting position: P&L = -11.70 (-1.16%)
2025-12-03 15:00:06,369 - INFO - HedgeFund - Entering long position: 0.015077 BTC at 66666.80
2025-12-03 15:00:06,369 - INFO - HedgeFund - Exiting position: P&L = -7.43 (-0.74%)
2025-12-03 15:00:06,369 - INFO - HedgeFund - Entering long position: 0.015788 BTC at 63616.34
2025-12-03 15:00:06,369 - INFO - HedgeFund - Exiting position: P&L = 18.55 (1.85%)
2025-12-03 15:00:06,369 - INFO - HedgeFund - Entering long position: 0.015257 BTC at 65951.45
2025-12-03 15:00:06,369 - INFO - HedgeFund - Exiting position: P&L = -10.06 (-1.00%)
2025-12-03 15:00:06,369 - INFO - HedgeFund - Entering long position: 0.015190 BTC at 66178.27
2025-12-03 15:00:06,370 - INFO - HedgeFund - Exiting position: P&L = -7.10 (-0.71%)
2025-12-03 15:00:06,370 - INFO - HedgeFund - Entering long position: 0.015179 BTC at 66180.20
2025-12-03 15:00:06,370 - INFO - HedgeFund - Exiting position: P&L = 2.38 (0.24%)
2025-12-03 15:00:06,370 - INFO - HedgeFund - Entering long position: 0.015094 BTC at 66564.72
2025-12-03 15:00:06,370 - INFO - HedgeFund - Exiting position: P&L = 20.26 (2.02%)
2025-12-03 15:00:06,370 - INFO - HedgeFund - Entering long position: 0.014663 BTC at 68659.61
2025-12-03 15:00:06,370 - INFO - HedgeFund - Exiting position: P&L = -7.12 (-0.71%)
2025-12-03 15:00:06,370 - INFO - HedgeFund - Entering long position: 0.014778 BTC at 68079.84
2025-12-03 15:00:06,370 - INFO - HedgeFund - Exiting position: P&L = -5.06 (-0.50%)
2025-12-03 15:00:06,370 - INFO - HedgeFund - Entering long position: 0.014699 BTC at 68410.53
2025-12-03 15:00:06,370 - INFO - HedgeFund - Exiting position: P&L = -0.97 (-0.10%)
2025-12-03 15:00:06,371 - INFO - HedgeFund - Entering long position: 0.015167 BTC at 66294.77
2025-12-03 15:00:06,371 - INFO - HedgeFund - Exiting position: P&L = -6.99 (-0.70%)
2025-12-03 15:00:06,371 - INFO - HedgeFund - Entering long position: 0.015011 BTC at 66934.94
2025-12-03 15:00:06,371 - INFO - HedgeFund - Exiting position: P&L = -10.78 (-1.07%)
2025-12-03 15:00:06,371 - INFO - HedgeFund - Entering long position: 0.015135 BTC at 66315.72
2025-12-03 15:00:06,371 - INFO - HedgeFund - Exiting position: P&L = -3.43 (-0.34%)
2025-12-03 15:00:06,371 - INFO - HedgeFund - Entering long position: 0.014952 BTC at 67103.21
2025-12-03 15:00:06,371 - INFO - HedgeFund - Exiting position: P&L = 6.29 (0.63%)
2025-12-03 15:00:06,371 - INFO - HedgeFund - Entering long position: 0.014746 BTC at 68087.03
2025-12-03 15:00:06,371 - INFO - HedgeFund - Exiting position: P&L = -8.50 (-0.85%)
2025-12-03 15:00:06,372 - INFO - HedgeFund - Entering long position: 0.014781 BTC at 67867.23
2025-12-03 15:00:06,372 - INFO - HedgeFund - Exiting position: P&L = 43.04 (4.29%)
2025-12-03 15:00:06,372 - INFO - HedgeFund - Entering long position: 0.014044 BTC at 71735.16
2025-12-03 15:00:06,372 - INFO - HedgeFund - Exiting position: P&L = -0.38 (-0.04%)
2025-12-03 15:00:06,372 - INFO - HedgeFund - Entering long position: 0.014068 BTC at 71608.97
2025-12-03 15:00:06,372 - INFO - HedgeFund - Exiting position: P&L = 24.12 (2.39%)
2025-12-03 15:00:06,372 - INFO - HedgeFund - Entering long position: 0.013563 BTC at 74451.41
2025-12-03 15:00:06,372 - INFO - HedgeFund - Exiting position: P&L = -8.23 (-0.81%)
2025-12-03 15:00:06,372 - INFO - HedgeFund - Entering long position: 0.013858 BTC at 72810.43
2025-12-03 15:00:06,373 - INFO - HedgeFund - Exiting position: P&L = 68.87 (6.83%)
2025-12-03 15:00:06,373 - INFO - HedgeFund - Entering long position: 0.012899 BTC at 78754.73
2025-12-03 15:00:06,373 - INFO - HedgeFund - Exiting position: P&L = 16.70 (1.64%)
2025-12-03 15:00:06,373 - INFO - HedgeFund - Entering long position: 0.012910 BTC at 78817.51
2025-12-03 15:00:06,373 - INFO - HedgeFund - Exiting position: P&L = -15.41 (-1.51%)
2025-12-03 15:00:06,373 - INFO - HedgeFund - Entering long position: 0.012761 BTC at 79615.37
2025-12-03 15:00:06,373 - INFO - HedgeFund - Exiting position: P&L = -7.75 (-0.76%)
2025-12-03 15:00:06,373 - INFO - HedgeFund - Entering long position: 0.012542 BTC at 80944.11
2025-12-03 15:00:06,374 - INFO - HedgeFund - Exiting position: P&L = 35.35 (3.48%)
2025-12-03 15:00:06,374 - INFO - HedgeFund - Entering long position: 0.012121 BTC at 84048.23
2025-12-03 15:00:06,374 - INFO - HedgeFund - Exiting position: P&L = -10.90 (-1.07%)
2025-12-03 15:00:06,374 - INFO - HedgeFund - Entering long position: 0.012053 BTC at 84431.80
2025-12-03 15:00:06,374 - INFO - HedgeFund - Exiting position: P&L = 8.75 (0.86%)
2025-12-03 15:00:06,374 - INFO - HedgeFund - Entering long position: 0.011806 BTC at 86276.51
2025-12-03 15:00:06,374 - INFO - HedgeFund - Exiting position: P&L = 12.96 (1.27%)
2025-12-03 15:00:06,374 - INFO - HedgeFund - Entering long position: 0.012112 BTC at 84198.85
2025-12-03 15:00:06,374 - INFO - HedgeFund - Exiting position: P&L = -1.29 (-0.13%)
2025-12-03 15:00:06,374 - INFO - HedgeFund - Entering long position: 0.011983 BTC at 85098.64
2025-12-03 15:00:06,374 - INFO - HedgeFund - Exiting position: P&L = 24.17 (2.37%)
2025-12-03 15:00:06,374 - INFO - HedgeFund - Entering long position: 0.011939 BTC at 85612.18
2025-12-03 15:00:06,374 - INFO - HedgeFund - Exiting position: P&L = -4.22 (-0.41%)
2025-12-03 15:00:06,375 - INFO - HedgeFund - Entering long position: 0.011737 BTC at 87047.77
2025-12-03 15:00:06,375 - INFO - HedgeFund - Exiting position: P&L = -21.92 (-2.14%)
2025-12-03 15:00:06,375 - INFO - HedgeFund - Entering long position: 0.011724 BTC at 86957.57
2025-12-03 15:00:06,375 - INFO - HedgeFund - Exiting position: P&L = -0.87 (-0.09%)
2025-12-03 15:00:06,375 - INFO - HedgeFund - Entering long position: 0.011679 BTC at 87284.06
2025-12-03 15:00:06,375 - INFO - HedgeFund - Exiting position: P&L = 11.69 (1.15%)
2025-12-03 15:00:06,375 - INFO - HedgeFund - Entering long position: 0.011401 BTC at 89521.20
2025-12-03 15:00:06,375 - INFO - HedgeFund - Exiting position: P&L = 28.98 (2.84%)
2025-12-03 15:00:06,375 - INFO - HedgeFund - Entering long position: 0.011024 BTC at 92843.27
2025-12-03 15:00:06,375 - INFO - HedgeFund - Exiting position: P&L = 2.48 (0.24%)
2025-12-03 15:00:06,375 - INFO - HedgeFund - Entering long position: 0.011220 BTC at 91239.92
2025-12-03 15:00:06,375 - INFO - HedgeFund - Exiting position: P&L = -14.53 (-1.42%)
2025-12-03 15:00:06,375 - INFO - HedgeFund - Entering long position: 0.011283 BTC at 90605.07
2025-12-03 15:00:06,375 - INFO - HedgeFund - Exiting position: P&L = 5.70 (0.56%)
2025-12-03 15:00:06,376 - INFO - HedgeFund - Entering long position: 0.011279 BTC at 90683.90
2025-12-03 15:00:06,376 - INFO - HedgeFund - Exiting position: P&L = -18.07 (-1.77%)
2025-12-03 15:00:06,376 - INFO - HedgeFund - Entering long position: 0.011605 BTC at 87987.92
2025-12-03 15:00:06,376 - INFO - HedgeFund - Exiting position: P&L = 91.94 (9.00%)
2025-12-03 15:00:06,376 - INFO - HedgeFund - Entering long position: 0.010632 BTC at 96902.64
2025-12-03 15:00:06,376 - INFO - HedgeFund - Exiting position: P&L = -16.80 (-1.63%)
2025-12-03 15:00:06,376 - INFO - HedgeFund - Entering long position: 0.010865 BTC at 94668.12
2025-12-03 15:00:06,376 - INFO - HedgeFund - Exiting position: P&L = -17.83 (-1.73%)
2025-12-03 15:00:06,376 - INFO - HedgeFund - Entering long position: 0.011412 BTC at 89974.85
2025-12-03 15:00:06,376 - INFO - HedgeFund - Exiting position: P&L = 1.18 (0.12%)
2025-12-03 15:00:06,376 - INFO - HedgeFund - Entering long position: 0.011375 BTC at 90278.75
2025-12-03 15:00:06,376 - INFO - HedgeFund - Exiting position: P&L = -19.79 (-1.93%)
2025-12-03 15:00:06,376 - INFO - HedgeFund - Entering long position: 0.011425 BTC at 89711.25
2025-12-03 15:00:06,377 - INFO - HedgeFund - Exiting position: P&L = -17.65 (-1.72%)
2025-12-03 15:00:06,377 - INFO - HedgeFund - Entering long position: 0.011566 BTC at 88459.43
2025-12-03 15:00:06,377 - INFO - HedgeFund - Exiting position: P&L = -9.07 (-0.89%)
2025-12-03 15:00:06,377 - INFO - HedgeFund - Entering long position: 0.011897 BTC at 85924.79
2025-12-03 15:00:06,377 - INFO - HedgeFund - Exiting position: P&L = -11.72 (-1.15%)
2025-12-03 15:00:06,377 - INFO - HedgeFund - Entering long position: 0.011831 BTC at 86303.54
2025-12-03 15:00:06,377 - INFO - HedgeFund - Exiting position: P&L = -1.43 (-0.14%)
2025-12-03 15:00:06,377 - INFO - HedgeFund - Entering long position: 0.011859 BTC at 86091.32
2025-12-03 15:00:06,377 - INFO - HedgeFund - Exiting position: P&L = 17.35 (1.70%)
2025-12-03 15:00:06,377 - INFO - HedgeFund - Entering long position: 0.011270 BTC at 90746.55
2025-12-03 15:00:06,377 - INFO - HedgeFund - Exiting position: P&L = -10.62 (-1.04%)
2025-12-03 15:00:06,377 - INFO - HedgeFund - Entering long position: 0.011174 BTC at 91424.34
2025-12-03 15:00:06,377 - INFO - HedgeFund - Exiting position: P&L = 10.12 (0.99%)
2025-12-03 15:00:06,377 - INFO - HedgeFund - Entering long position: 0.010870 BTC at 94074.51
2025-12-03 15:00:06,377 - INFO - HedgeFund - Exiting position: P&L = -31.10 (-3.04%)
2025-12-03 15:00:06,378 - INFO - HedgeFund - Entering long position: 0.011134 BTC at 91571.79
2025-12-03 15:00:06,378 - INFO - HedgeFund - Exiting position: P&L = 45.20 (4.43%)
2025-12-03 15:00:06,378 - INFO - HedgeFund - Entering long position: 0.010700 BTC at 95706.98
2025-12-03 15:00:06,378 - INFO - HedgeFund - Exiting position: P&L = -8.69 (-0.85%)
2025-12-03 15:00:06,378 - INFO - HedgeFund - Entering long position: 0.010623 BTC at 96313.40
2025-12-03 15:00:06,378 - INFO - HedgeFund - Exiting position: P&L = 27.34 (2.67%)
2025-12-03 15:00:06,378 - INFO - HedgeFund - Entering long position: 0.010227 BTC at 100308.36
2025-12-03 15:00:06,378 - INFO - HedgeFund - Exiting position: P&L = 65.91 (6.42%)
2025-12-03 15:00:06,378 - INFO - HedgeFund - Entering long position: 0.009589 BTC at 107675.93
2025-12-03 15:00:06,378 - INFO - HedgeFund - Exiting position: P&L = 6.16 (0.60%)
2025-12-03 15:00:06,378 - INFO - HedgeFund - Entering long position: 0.009591 BTC at 107716.23
2025-12-03 15:00:06,378 - INFO - HedgeFund - Exiting position: P&L = -8.65 (-0.84%)
2025-12-03 15:00:06,378 - INFO - HedgeFund - Entering long position: 0.010551 BTC at 97831.80
2025-12-03 15:00:06,378 - INFO - HedgeFund - Exiting position: P&L = -6.71 (-0.65%)
2025-12-03 15:00:06,378 - INFO - HedgeFund - Entering long position: 0.010556 BTC at 97719.63
2025-12-03 15:00:06,379 - INFO - HedgeFund - Exiting position: P&L = -8.61 (-0.83%)
2025-12-03 15:00:06,379 - INFO - HedgeFund - Entering long position: 0.010553 BTC at 97674.21
2025-12-03 15:00:06,379 - INFO - HedgeFund - Exiting position: P&L = -6.26 (-0.61%)
2025-12-03 15:00:06,379 - INFO - HedgeFund - Entering long position: 0.010558 BTC at 97560.29
2025-12-03 15:00:06,379 - INFO - HedgeFund - Exiting position: P&L = -4.36 (-0.42%)
2025-12-03 15:00:06,379 - INFO - HedgeFund - Entering long position: 0.010482 BTC at 98231.83
2025-12-03 15:00:06,379 - INFO - HedgeFund - Exiting position: P&L = -12.42 (-1.21%)
2025-12-03 15:00:06,379 - INFO - HedgeFund - Entering long position: 0.010738 BTC at 95776.72
2025-12-03 15:00:06,379 - INFO - HedgeFund - Exiting position: P&L = 10.72 (1.04%)
2025-12-03 15:00:06,379 - INFO - HedgeFund - Entering long position: 0.010540 BTC at 97670.40
2025-12-03 15:00:06,379 - INFO - HedgeFund - Exiting position: P&L = -13.42 (-1.30%)
2025-12-03 15:00:06,379 - INFO - HedgeFund - Entering long position: 0.010611 BTC at 96890.73
2025-12-03 15:00:06,379 - INFO - HedgeFund - Exiting position: P&L = -7.02 (-0.68%)
2025-12-03 15:00:06,379 - INFO - HedgeFund - Entering long position: 0.010623 BTC at 96719.30
2025-12-03 15:00:06,380 - INFO - HedgeFund - Exiting position: P&L = 16.58 (1.61%)
2025-12-03 15:00:06,380 - INFO - HedgeFund - Entering long position: 0.010292 BTC at 99985.19
2025-12-03 15:00:06,380 - INFO - HedgeFund - Exiting position: P&L = -0.10 (-0.01%)
2025-12-03 15:00:06,380 - INFO - HedgeFund - Entering long position: 0.010232 BTC at 100571.57
2025-12-03 15:00:06,380 - INFO - HedgeFund - Exiting position: P&L = 11.61 (1.13%)
2025-12-03 15:00:06,380 - INFO - HedgeFund - Entering long position: 0.010544 BTC at 97711.89
2025-12-03 15:00:06,380 - INFO - HedgeFund - Exiting position: P&L = 5.56 (0.54%)
2025-12-03 15:00:06,380 - INFO - HedgeFund - Entering long position: 0.010411 BTC at 99010.04
2025-12-03 15:00:06,380 - INFO - HedgeFund - Exiting position: P&L = 15.25 (1.48%)
2025-12-03 15:00:06,380 - INFO - HedgeFund - Entering long position: 0.010638 BTC at 97045.48
2025-12-03 15:00:06,380 - INFO - HedgeFund - Exiting position: P&L = -2.16 (-0.21%)
2025-12-03 15:00:06,380 - INFO - HedgeFund - Entering long position: 0.010599 BTC at 97375.07
2025-12-03 15:00:06,380 - INFO - HedgeFund - Exiting position: P&L = -5.93 (-0.57%)
2025-12-03 15:00:06,380 - INFO - HedgeFund - Entering long position: 0.010580 BTC at 97494.94
2025-12-03 15:00:06,380 - INFO - HedgeFund - Exiting position: P&L = -6.59 (-0.64%)
2025-12-03 15:00:06,380 - INFO - HedgeFund - Entering long position: 0.010554 BTC at 97675.27
2025-12-03 15:00:06,381 - INFO - HedgeFund - Exiting position: P&L = -15.25 (-1.48%)
2025-12-03 15:00:06,381 - INFO - HedgeFund - Entering long position: 0.010674 BTC at 96432.21
2025-12-03 15:00:06,381 - INFO - HedgeFund - Exiting position: P&L = -13.29 (-1.29%)
2025-12-03 15:00:06,381 - INFO - HedgeFund - Entering long position: 0.010971 BTC at 93702.56
2025-12-03 15:00:06,381 - INFO - HedgeFund - Exiting position: P&L = 14.45 (1.41%)
2025-12-03 15:00:06,381 - INFO - HedgeFund - Entering long position: 0.011014 BTC at 93466.26
2025-12-03 15:00:06,381 - INFO - HedgeFund - Exiting position: P&L = -13.47 (-1.31%)
2025-12-03 15:00:06,381 - INFO - HedgeFund - Entering long position: 0.011456 BTC at 89746.85
2025-12-03 15:00:06,381 - INFO - HedgeFund - Exiting position: P&L = -4.81 (-0.47%)
2025-12-03 15:00:06,381 - INFO - HedgeFund - Entering long position: 0.011477 BTC at 89538.01
2025-12-03 15:00:06,381 - INFO - HedgeFund - Exiting position: P&L = -8.15 (-0.79%)
2025-12-03 15:00:06,381 - INFO - HedgeFund - Entering long position: 0.011503 BTC at 89260.76
2025-12-03 15:00:06,381 - INFO - HedgeFund - Exiting position: P&L = -4.32 (-0.42%)
2025-12-03 15:00:06,382 - INFO - HedgeFund - Entering long position: 0.011484 BTC at 89374.81
2025-12-03 15:00:06,382 - INFO - HedgeFund - Exiting position: P&L = -9.72 (-0.95%)
2025-12-03 15:00:06,382 - INFO - HedgeFund - Entering long position: 0.011387 BTC at 90051.34
2025-12-03 15:00:06,382 - INFO - HedgeFund - Exiting position: P&L = 17.10 (1.67%)
2025-12-03 15:00:06,382 - INFO - HedgeFund - Entering long position: 0.011231 BTC at 91449.91
2025-12-03 15:00:06,382 - INFO - HedgeFund - Exiting position: P&L = -10.02 (-0.98%)
2025-12-03 15:00:06,382 - INFO - HedgeFund - Entering long position: 0.011144 BTC at 92074.82
2025-12-03 15:00:06,382 - INFO - HedgeFund - Exiting position: P&L = 29.09 (2.83%)
2025-12-03 15:00:06,382 - INFO - HedgeFund - Entering long position: 0.010847 BTC at 94865.40
2025-12-03 15:00:06,382 - INFO - HedgeFund - Exiting position: P&L = -17.14 (-1.67%)
2025-12-03 15:00:06,382 - INFO - HedgeFund - Entering long position: 0.011241 BTC at 91388.07
2025-12-03 15:00:06,382 - INFO - HedgeFund - Exiting position: P&L = 7.42 (0.72%)
2025-12-03 15:00:06,382 - INFO - HedgeFund - Entering long position: 0.011071 BTC at 92856.22
2025-12-03 15:00:06,382 - INFO - HedgeFund - Exiting position: P&L = 6.49 (0.63%)
2025-12-03 15:00:06,383 - INFO - HedgeFund - Entering long position: 0.010866 BTC at 94669.85
2025-12-03 15:00:06,383 - INFO - HedgeFund - Exiting position: P&L = -27.34 (-2.66%)
2025-12-03 15:00:06,383 - INFO - HedgeFund - Entering long position: 0.011021 BTC at 93092.27
2025-12-03 15:00:06,383 - INFO - HedgeFund - Exiting position: P&L = 2.26 (0.22%)
2025-12-03 15:00:06,383 - INFO - HedgeFund - Entering long position: 0.010828 BTC at 94775.61
2025-12-03 15:00:06,383 - INFO - HedgeFund - Exiting position: P&L = 12.69 (1.24%)
2025-12-03 15:00:06,383 - INFO - HedgeFund - Entering long position: 0.010749 BTC at 95584.63
2025-12-03 15:00:06,383 - INFO - HedgeFund - Exiting position: P&L = 17.56 (1.71%)
2025-12-03 15:00:06,383 - INFO - HedgeFund - Entering long position: 0.010600 BTC at 97093.75
2025-12-03 15:00:06,383 - INFO - HedgeFund - Exiting position: P&L = -14.78 (-1.44%)
2025-12-03 15:00:06,383 - INFO - HedgeFund - Entering long position: 0.010624 BTC at 96739.19
2025-12-03 15:00:06,383 - INFO - HedgeFund - Exiting position: P&L = -18.20 (-1.77%)
2025-12-03 15:00:06,383 - INFO - HedgeFund - Entering long position: 0.011024 BTC at 93063.93
2025-12-03 15:00:06,383 - INFO - HedgeFund - Exiting position: P&L = -12.43 (-1.21%)
2025-12-03 15:00:06,383 - INFO - HedgeFund - Entering long position: 0.011074 BTC at 92533.18
2025-12-03 15:00:06,383 - INFO - HedgeFund - Exiting position: P&L = -1.23 (-0.12%)
2025-12-03 15:00:06,384 - INFO - HedgeFund - Entering long position: 0.010904 BTC at 93957.27
2025-12-03 15:00:06,384 - INFO - HedgeFund - Exiting position: P&L = -20.68 (-2.02%)
2025-12-03 15:00:06,384 - INFO - HedgeFund - Entering long position: 0.011143 BTC at 91756.20
2025-12-03 15:00:06,384 - INFO - HedgeFund - Exiting position: P&L = -5.82 (-0.57%)
2025-12-03 15:00:06,384 - INFO - HedgeFund - Entering long position: 0.011352 BTC at 90016.98
2025-12-03 15:00:06,384 - INFO - HedgeFund - Exiting position: P&L = 71.56 (7.00%)
2025-12-03 15:00:06,384 - INFO - HedgeFund - Entering long position: 0.010966 BTC at 93841.78
2025-12-03 15:00:06,384 - INFO - HedgeFund - Exiting position: P&L = 32.43 (3.15%)
2025-12-03 15:00:06,384 - INFO - HedgeFund - Entering long position: 0.010575 BTC at 97619.80
2025-12-03 15:00:06,384 - INFO - HedgeFund - Exiting position: P&L = 26.88 (2.60%)
2025-12-03 15:00:06,384 - INFO - HedgeFund - Entering long position: 0.010290 BTC at 100578.89
2025-12-03 15:00:06,384 - INFO - HedgeFund - Exiting position: P&L = -7.09 (-0.68%)
2025-12-03 15:00:06,385 - INFO - HedgeFund - Entering long position: 0.010307 BTC at 100346.43
2025-12-03 15:00:06,385 - INFO - HedgeFund - Exiting position: P&L = -29.07 (-2.81%)
2025-12-03 15:00:06,385 - INFO - HedgeFund - Entering long position: 0.010585 BTC at 97435.53
2025-12-03 15:00:06,385 - INFO - HedgeFund - Exiting position: P&L = 5.76 (0.56%)
2025-12-03 15:00:06,385 - INFO - HedgeFund - Entering long position: 0.010526 BTC at 98038.45
2025-12-03 15:00:06,385 - INFO - HedgeFund - Exiting position: P&L = -6.55 (-0.63%)
2025-12-03 15:00:06,385 - INFO - HedgeFund - Entering long position: 0.010452 BTC at 98672.10
2025-12-03 15:00:06,385 - INFO - HedgeFund - Exiting position: P&L = 56.67 (5.49%)
2025-12-03 15:00:06,385 - INFO - HedgeFund - Entering long position: 0.010028 BTC at 103402.16
2025-12-03 15:00:06,385 - INFO - HedgeFund - Exiting position: P&L = -12.05 (-1.16%)
2025-12-03 15:00:06,385 - INFO - HedgeFund - Entering long position: 0.010141 BTC at 102137.12
2025-12-03 15:00:06,385 - INFO - HedgeFund - Exiting position: P&L = 10.04 (0.97%)
2025-12-03 15:00:06,385 - INFO - HedgeFund - Entering long position: 0.010374 BTC at 99935.77
2025-12-03 15:00:06,385 - INFO - HedgeFund - Exiting position: P&L = 3.10 (0.30%)
2025-12-03 15:00:06,385 - INFO - HedgeFund - Entering long position: 0.010266 BTC at 101019.41
2025-12-03 15:00:06,386 - INFO - HedgeFund - Exiting position: P&L = 1.69 (0.16%)
2025-12-03 15:00:06,386 - INFO - HedgeFund - Entering long position: 0.010240 BTC at 101290.97
2025-12-03 15:00:06,386 - INFO - HedgeFund - Exiting position: P&L = 16.08 (1.55%)
2025-12-03 15:00:06,386 - INFO - HedgeFund - Entering long position: 0.009938 BTC at 104530.76
2025-12-03 15:00:06,386 - INFO - HedgeFund - Exiting position: P&L = -6.92 (-0.67%)
2025-12-03 15:00:06,386 - INFO - HedgeFund - Entering long position: 0.010100 BTC at 102788.58
2025-12-03 15:00:06,386 - INFO - HedgeFund - Exiting position: P&L = -17.34 (-1.67%)
2025-12-03 15:00:06,386 - INFO - HedgeFund - Entering long position: 0.010150 BTC at 102109.44
2025-12-03 15:00:06,386 - INFO - HedgeFund - Exiting position: P&L = -3.54 (-0.34%)
2025-12-03 15:00:06,386 - INFO - HedgeFund - Entering long position: 0.010105 BTC at 102529.57
2025-12-03 15:00:06,386 - INFO - HedgeFund - Exiting position: P&L = -7.33 (-0.71%)
2025-12-03 15:00:06,387 - INFO - HedgeFund - Entering long position: 0.010059 BTC at 102921.22
2025-12-03 15:00:06,387 - INFO - HedgeFund - Exiting position: P&L = -7.79 (-0.75%)
2025-12-03 15:00:06,387 - INFO - HedgeFund - Entering long position: 0.010276 BTC at 100680.51
2025-12-03 15:00:06,387 - INFO - HedgeFund - Exiting position: P&L = -10.49 (-1.01%)
2025-12-03 15:00:06,387 - INFO - HedgeFund - Entering long position: 0.010944 BTC at 94437.89
2025-12-03 15:00:06,387 - INFO - HedgeFund - Exiting position: P&L = 24.21 (2.34%)
2025-12-03 15:00:06,387 - INFO - HedgeFund - Entering long position: 0.010553 BTC at 98160.79
2025-12-03 15:00:06,387 - INFO - HedgeFund - Exiting position: P&L = -13.66 (-1.32%)
2025-12-03 15:00:06,388 - INFO - HedgeFund - Entering long position: 0.010810 BTC at 95705.79
2025-12-03 15:00:06,388 - INFO - HedgeFund - Exiting position: P&L = 1.15 (0.11%)
2025-12-03 15:00:06,388 - INFO - HedgeFund - Entering long position: 0.010706 BTC at 96641.46
2025-12-03 15:00:06,388 - INFO - HedgeFund - Exiting position: P&L = -12.73 (-1.23%)
2025-12-03 15:00:06,388 - INFO - HedgeFund - Entering long position: 0.010722 BTC at 96383.23
2025-12-03 15:00:06,388 - INFO - HedgeFund - Exiting position: P&L = -1.04 (-0.10%)
2025-12-03 15:00:06,388 - INFO - HedgeFund - Entering long position: 0.010595 BTC at 97527.88
2025-12-03 15:00:06,388 - INFO - HedgeFund - Exiting position: P&L = 25.93 (2.51%)
2025-12-03 15:00:06,388 - INFO - HedgeFund - Entering long position: 0.010232 BTC at 101240.55
2025-12-03 15:00:06,389 - INFO - HedgeFund - Exiting position: P&L = -12.08 (-1.17%)
2025-12-03 15:00:06,389 - INFO - HedgeFund - Entering long position: 0.010429 BTC at 99215.48
2025-12-03 15:00:06,389 - INFO - HedgeFund - Exiting position: P&L = -11.18 (-1.08%)
2025-12-03 15:00:06,389 - INFO - HedgeFund - Entering long position: 0.010649 BTC at 97055.87
2025-12-03 15:00:06,389 - INFO - HedgeFund - Exiting position: P&L = -19.29 (-1.87%)
2025-12-03 15:00:06,389 - INFO - HedgeFund - Entering long position: 0.011040 BTC at 93443.51
2025-12-03 15:00:06,389 - INFO - HedgeFund - Exiting position: P&L = -10.03 (-0.97%)
2025-12-03 15:00:06,389 - INFO - HedgeFund - Entering long position: 0.011136 BTC at 92546.33
2025-12-03 15:00:06,389 - INFO - HedgeFund - Exiting position: P&L = -10.71 (-1.04%)
2025-12-03 15:00:06,389 - INFO - HedgeFund - Entering long position: 0.011067 BTC at 93025.64
2025-12-03 15:00:06,389 - INFO - HedgeFund - Exiting position: P&L = 16.73 (1.62%)
2025-12-03 15:00:06,390 - INFO - HedgeFund - Entering long position: 0.010796 BTC at 95523.07
2025-12-03 15:00:06,390 - INFO - HedgeFund - Exiting position: P&L = -18.81 (-1.82%)
2025-12-03 15:00:06,390 - INFO - HedgeFund - Entering long position: 0.010932 BTC at 94162.08
2025-12-03 15:00:06,390 - INFO - HedgeFund - Exiting position: P&L = -5.24 (-0.51%)
2025-12-03 15:00:06,390 - INFO - HedgeFund - Entering long position: 0.011065 BTC at 92983.73
2025-12-03 15:00:06,390 - INFO - HedgeFund - Exiting position: P&L = -14.46 (-1.41%)
2025-12-03 15:00:06,390 - INFO - HedgeFund - Entering long position: 0.012157 BTC at 84510.42
2025-12-03 15:00:06,390 - INFO - HedgeFund - Exiting position: P&L = -24.25 (-2.36%)
2025-12-03 15:00:06,391 - INFO - HedgeFund - Entering long position: 0.012331 BTC at 83123.68
2025-12-03 15:00:06,391 - INFO - HedgeFund - Exiting position: P&L = 11.70 (1.14%)
2025-12-03 15:00:06,391 - INFO - HedgeFund - Entering long position: 0.011948 BTC at 85880.37
2025-12-03 15:00:06,391 - INFO - HedgeFund - Exiting position: P&L = -10.51 (-1.02%)
2025-12-03 15:00:06,391 - INFO - HedgeFund - Entering long position: 0.012316 BTC at 83230.14
2025-12-03 15:00:06,391 - INFO - HedgeFund - Exiting position: P&L = -3.47 (-0.34%)
2025-12-03 15:00:06,391 - INFO - HedgeFund - Entering long position: 0.012333 BTC at 83090.09
2025-12-03 15:00:06,391 - INFO - HedgeFund - Exiting position: P&L = -26.98 (-2.63%)
2025-12-03 15:00:06,391 - INFO - HedgeFund - Entering long position: 0.012158 BTC at 84063.10
2025-12-03 15:00:06,392 - INFO - HedgeFund - Exiting position: P&L = 25.29 (2.47%)
2025-12-03 15:00:06,392 - INFO - HedgeFund - Entering long position: 0.011760 BTC at 87120.32
2025-12-03 15:00:06,392 - INFO - HedgeFund - Exiting position: P&L = -3.37 (-0.33%)
2025-12-03 15:00:06,392 - INFO - HedgeFund - Entering long position: 0.011581 BTC at 88440.22
2025-12-03 15:00:06,392 - INFO - HedgeFund - Exiting position: P&L = 37.62 (3.67%)
2025-12-03 15:00:06,392 - INFO - HedgeFund - Entering long position: 0.010971 BTC at 93700.95
2025-12-03 15:00:06,392 - INFO - HedgeFund - Exiting position: P&L = -18.36 (-1.79%)
2025-12-03 15:00:06,392 - INFO - HedgeFund - Entering long position: 0.011185 BTC at 91741.67
2025-12-03 15:00:06,392 - INFO - HedgeFund - Exiting position: P&L = -6.85 (-0.67%)
2025-12-03 15:00:06,392 - INFO - HedgeFund - Entering long position: 0.011210 BTC at 91480.74
2025-12-03 15:00:06,392 - INFO - HedgeFund - Exiting position: P&L = 29.42 (2.87%)
2025-12-03 15:00:06,393 - INFO - HedgeFund - Entering long position: 0.010826 BTC at 94996.16
2025-12-03 15:00:06,393 - INFO - HedgeFund - Exiting position: P&L = -16.07 (-1.56%)
2025-12-03 15:00:06,393 - INFO - HedgeFund - Entering long position: 0.010881 BTC at 94364.92
2025-12-03 15:00:06,393 - INFO - HedgeFund - Exiting position: P&L = 0.64 (0.06%)
2025-12-03 15:00:06,393 - INFO - HedgeFund - Entering long position: 0.012110 BTC at 84797.75
2025-12-03 15:00:06,393 - INFO - HedgeFund - Exiting position: P&L = -7.95 (-0.77%)
2025-12-03 15:00:06,393 - INFO - HedgeFund - Entering long position: 0.012196 BTC at 84133.40
2025-12-03 15:00:06,393 - INFO - HedgeFund - Exiting position: P&L = -11.10 (-1.08%)
2025-12-03 15:00:06,393 - INFO - HedgeFund - Entering long position: 0.012695 BTC at 80735.49
2025-12-03 15:00:06,393 - INFO - HedgeFund - Exiting position: P&L = -28.72 (-2.80%)
2025-12-03 15:00:06,393 - INFO - HedgeFund - Entering long position: 0.012904 BTC at 79208.55
2025-12-03 15:00:06,394 - INFO - HedgeFund - Exiting position: P&L = 49.67 (4.86%)
2025-12-03 15:00:06,394 - INFO - HedgeFund - Entering long position: 0.012127 BTC at 84691.91
2025-12-03 15:00:06,394 - INFO - HedgeFund - Exiting position: P&L = 9.41 (0.92%)
2025-12-03 15:00:06,394 - INFO - HedgeFund - Entering long position: 0.011879 BTC at 86539.77
2025-12-03 15:00:06,394 - INFO - HedgeFund - Exiting position: P&L = -2.08 (-0.20%)
2025-12-03 15:00:06,394 - INFO - HedgeFund - Entering long position: 0.012090 BTC at 85012.51
2025-12-03 15:00:06,394 - INFO - HedgeFund - Exiting position: P&L = -1.38 (-0.13%)
2025-12-03 15:00:06,394 - INFO - HedgeFund - Entering long position: 0.011927 BTC at 86159.82
2025-12-03 15:00:06,394 - INFO - HedgeFund - Exiting position: P&L = 2.03 (0.20%)
2025-12-03 15:00:06,394 - INFO - HedgeFund - Entering long position: 0.012155 BTC at 84559.24
2025-12-03 15:00:06,394 - INFO - HedgeFund - Exiting position: P&L = -31.81 (-3.10%)
2025-12-03 15:00:06,394 - INFO - HedgeFund - Entering long position: 0.012484 BTC at 82079.04
2025-12-03 15:00:06,394 - INFO - HedgeFund - Exiting position: P&L = -18.85 (-1.84%)
2025-12-03 15:00:06,394 - INFO - HedgeFund - Entering long position: 0.012662 BTC at 80775.96
2025-12-03 15:00:06,395 - INFO - HedgeFund - Exiting position: P&L = -9.22 (-0.90%)
2025-12-03 15:00:06,395 - INFO - HedgeFund - Entering long position: 0.012403 BTC at 82390.28
2025-12-03 15:00:06,395 - INFO - HedgeFund - Exiting position: P&L = -35.44 (-3.47%)
2025-12-03 15:00:06,395 - INFO - HedgeFund - Entering long position: 0.012894 BTC at 78978.16
2025-12-03 15:00:06,395 - INFO - HedgeFund - Exiting position: P&L = -1.57 (-0.15%)
2025-12-03 15:00:06,395 - INFO - HedgeFund - Entering long position: 0.012927 BTC at 78764.78
2025-12-03 15:00:06,395 - INFO - HedgeFund - Exiting position: P&L = -4.26 (-0.42%)
2025-12-03 15:00:06,395 - INFO - HedgeFund - Entering long position: 0.013192 BTC at 77146.71
2025-12-03 15:00:06,395 - INFO - HedgeFund - Exiting position: P&L = -14.98 (-1.47%)
2025-12-03 15:00:06,395 - INFO - HedgeFund - Entering long position: 0.013211 BTC at 76924.02
2025-12-03 15:00:06,395 - INFO - HedgeFund - Exiting position: P&L = -7.22 (-0.71%)
2025-12-03 15:00:06,395 - INFO - HedgeFund - Entering long position: 0.013560 BTC at 74892.61
2025-12-03 15:00:06,395 - INFO - HedgeFund - Exiting position: P&L = -14.75 (-1.45%)
2025-12-03 15:00:06,395 - INFO - HedgeFund - Entering long position: 0.013477 BTC at 75242.59
2025-12-03 15:00:06,395 - INFO - HedgeFund - Exiting position: P&L = 11.15 (1.10%)
2025-12-03 15:00:06,395 - INFO - HedgeFund - Entering long position: 0.013293 BTC at 76366.15
2025-12-03 15:00:06,396 - INFO - HedgeFund - Exiting position: P&L = -19.46 (-1.92%)
2025-12-03 15:00:06,396 - INFO - HedgeFund - Entering long position: 0.013512 BTC at 74984.39
2025-12-03 15:00:06,396 - INFO - HedgeFund - Exiting position: P&L = -12.31 (-1.21%)
2025-12-03 15:00:06,396 - INFO - HedgeFund - Entering long position: 0.013735 BTC at 73681.38
2025-12-03 15:00:06,396 - INFO - HedgeFund - Exiting position: P&L = -4.54 (-0.45%)
2025-12-03 15:00:06,396 - INFO - HedgeFund - Entering long position: 0.013728 BTC at 73681.67
2025-12-03 15:00:06,396 - INFO - HedgeFund - Exiting position: P&L = -7.54 (-0.75%)
2025-12-03 15:00:06,396 - INFO - HedgeFund - Entering long position: 0.014179 BTC at 71284.81
2025-12-03 15:00:06,396 - INFO - HedgeFund - Exiting position: P&L = -12.26 (-1.21%)
2025-12-03 15:00:06,396 - INFO - HedgeFund - Entering long position: 0.014085 BTC at 71673.10
2025-12-03 15:00:06,396 - INFO - HedgeFund - Exiting position: P&L = -7.31 (-0.72%)
2025-12-03 15:00:06,396 - INFO - HedgeFund - Entering long position: 0.013906 BTC at 72544.22
2025-12-03 15:00:06,396 - INFO - HedgeFund - Exiting position: P&L = 56.14 (5.57%)
2025-12-03 15:00:06,396 - INFO - HedgeFund - Entering long position: 0.013068 BTC at 77626.85
2025-12-03 15:00:06,396 - INFO - HedgeFund - Exiting position: P&L = -0.79 (-0.08%)
2025-12-03 15:00:06,397 - INFO - HedgeFund - Entering long position: 0.013104 BTC at 77408.84
2025-12-03 15:00:06,397 - INFO - HedgeFund - Exiting position: P&L = 7.08 (0.70%)
2025-12-03 15:00:06,397 - INFO - HedgeFund - Entering long position: 0.012991 BTC at 78133.53
2025-12-03 15:00:06,397 - INFO - HedgeFund - Exiting position: P&L = -11.41 (-1.12%)
2025-12-03 15:00:06,397 - INFO - HedgeFund - Entering long position: 0.012967 BTC at 78192.62
2025-12-03 15:00:06,397 - INFO - HedgeFund - Exiting position: P&L = 23.75 (2.34%)
2025-12-03 15:00:06,397 - INFO - HedgeFund - Entering long position: 0.012653 BTC at 80320.26
2025-12-03 15:00:06,397 - INFO - HedgeFund - Exiting position: P&L = -11.92 (-1.17%)
2025-12-03 15:00:06,397 - INFO - HedgeFund - Entering long position: 0.012842 BTC at 79043.76
2025-12-03 15:00:06,397 - INFO - HedgeFund - Exiting position: P&L = -8.46 (-0.83%)
2025-12-03 15:00:06,397 - INFO - HedgeFund - Entering long position: 0.013116 BTC at 77329.08
2025-12-03 15:00:06,397 - INFO - HedgeFund - Exiting position: P&L = -5.99 (-0.59%)
2025-12-03 15:00:06,397 - INFO - HedgeFund - Entering long position: 0.013132 BTC at 77190.17
2025-12-03 15:00:06,397 - INFO - HedgeFund - Exiting position: P&L = -10.58 (-1.04%)
2025-12-03 15:00:06,397 - INFO - HedgeFund - Entering long position: 0.013074 BTC at 77453.86
2025-12-03 15:00:06,397 - INFO - HedgeFund - Exiting position: P&L = 43.38 (4.28%)
2025-12-03 15:00:06,398 - INFO - HedgeFund - Entering long position: 0.012563 BTC at 80947.48
2025-12-03 15:00:06,398 - INFO - HedgeFund - Exiting position: P&L = -11.05 (-1.09%)
2025-12-03 15:00:06,398 - INFO - HedgeFund - Entering long position: 0.012545 BTC at 80977.19
2025-12-03 15:00:06,398 - INFO - HedgeFund - Exiting position: P&L = -19.36 (-1.91%)
2025-12-03 15:00:06,398 - INFO - HedgeFund - Entering long position: 0.012979 BTC at 78115.65
2025-12-03 15:00:06,398 - INFO - HedgeFund - Exiting position: P&L = -1.35 (-0.13%)
2025-12-03 15:00:06,398 - INFO - HedgeFund - Entering long position: 0.012822 BTC at 79066.26
2025-12-03 15:00:06,398 - INFO - HedgeFund - Exiting position: P&L = -1.09 (-0.11%)
2025-12-03 15:00:06,398 - INFO - HedgeFund - Entering long position: 0.012747 BTC at 79523.61
2025-12-03 15:00:06,398 - INFO - HedgeFund - Exiting position: P&L = -13.39 (-1.32%)
2025-12-03 15:00:06,398 - INFO - HedgeFund - Entering long position: 0.013195 BTC at 76717.04
2025-12-03 15:00:06,398 - INFO - HedgeFund - Exiting position: P&L = -5.80 (-0.57%)
2025-12-03 15:00:06,398 - INFO - HedgeFund - Entering long position: 0.013324 BTC at 75934.78
2025-12-03 15:00:06,398 - INFO - HedgeFund - Exiting position: P&L = -2.85 (-0.28%)
2025-12-03 15:00:06,399 - INFO - HedgeFund - Entering long position: 0.013362 BTC at 75694.24
2025-12-03 15:00:06,399 - INFO - HedgeFund - Exiting position: P&L = -8.10 (-0.80%)
2025-12-03 15:00:06,399 - INFO - HedgeFund - Entering long position: 0.013446 BTC at 75164.58
2025-12-03 15:00:06,399 - INFO - HedgeFund - Exiting position: P&L = -2.01 (-0.20%)
2025-12-03 15:00:06,399 - INFO - HedgeFund - Entering long position: 0.013246 BTC at 76281.96
2025-12-03 15:00:06,399 - INFO - HedgeFund - Exiting position: P&L = -8.71 (-0.86%)
2025-12-03 15:00:06,399 - INFO - HedgeFund - Entering long position: 0.013460 BTC at 75004.88
2025-12-03 15:00:06,399 - INFO - HedgeFund - Exiting position: P&L = -2.97 (-0.29%)
2025-12-03 15:00:06,399 - INFO - HedgeFund - Entering long position: 0.013379 BTC at 75434.43
2025-12-03 15:00:06,399 - INFO - HedgeFund - Exiting position: P&L = 4.71 (0.47%)
2025-12-03 15:00:06,399 - INFO - HedgeFund - Entering long position: 0.013353 BTC at 75619.76
2025-12-03 15:00:06,399 - INFO - HedgeFund - Exiting position: P&L = -13.05 (-1.29%)
2025-12-03 15:00:06,399 - INFO - HedgeFund - Entering long position: 0.013473 BTC at 74848.38
2025-12-03 15:00:06,399 - INFO - HedgeFund - Exiting position: P&L = 12.50 (1.24%)
2025-12-03 15:00:06,399 - INFO - HedgeFund - Entering long position: 0.013314 BTC at 75835.90
2025-12-03 15:00:06,399 - INFO - HedgeFund - Exiting position: P&L = -3.67 (-0.36%)
2025-12-03 15:00:06,400 - INFO - HedgeFund - Entering long position: 0.013574 BTC at 74353.98
2025-12-03 15:00:06,400 - INFO - HedgeFund - Exiting position: P&L = -5.46 (-0.54%)
2025-12-03 15:00:06,400 - INFO - HedgeFund - Entering long position: 0.013580 BTC at 74285.10
2025-12-03 15:00:06,400 - INFO - HedgeFund - Exiting position: P&L = -6.25 (-0.62%)
2025-12-03 15:00:06,400 - INFO - HedgeFund - Entering long position: 0.013524 BTC at 74545.58
2025-12-03 15:00:06,400 - INFO - HedgeFund - Exiting position: P&L = 36.92 (3.66%)
2025-12-03 15:00:06,400 - INFO - HedgeFund - Entering long position: 0.013290 BTC at 76134.13
2025-12-03 15:00:06,400 - INFO - HedgeFund - Exiting position: P&L = 22.24 (2.20%)
2025-12-03 15:00:06,400 - INFO - HedgeFund - Entering long position: 0.012905 BTC at 78576.63
2025-12-03 15:00:06,400 - INFO - HedgeFund - Exiting position: P&L = -9.00 (-0.89%)
2025-12-03 15:00:06,400 - INFO - HedgeFund - Entering long position: 0.013124 BTC at 77199.79
2025-12-03 15:00:06,400 - INFO - HedgeFund - Exiting position: P&L = -9.72 (-0.96%)
2025-12-03 15:00:06,400 - INFO - HedgeFund - Entering long position: 0.013172 BTC at 76844.31
2025-12-03 15:00:06,401 - INFO - HedgeFund - Exiting position: P&L = 23.96 (2.37%)
2025-12-03 15:00:06,401 - INFO - HedgeFund - Entering long position: 0.012830 BTC at 79081.81
2025-12-03 15:00:06,401 - INFO - HedgeFund - Exiting position: P&L = -3.90 (-0.38%)
2025-12-03 15:00:06,401 - INFO - HedgeFund - Entering long position: 0.012781 BTC at 79353.20
2025-12-03 15:00:06,401 - INFO - HedgeFund - Exiting position: P&L = 9.81 (0.97%)
2025-12-03 15:00:06,401 - INFO - HedgeFund - Entering long position: 0.012844 BTC at 79039.22
2025-12-03 15:00:06,401 - INFO - HedgeFund - Exiting position: P&L = -0.69 (-0.07%)
2025-12-03 15:00:06,401 - INFO - HedgeFund - Entering long position: 0.012836 BTC at 79082.23
2025-12-03 15:00:06,401 - INFO - HedgeFund - Exiting position: P&L = 1.01 (0.10%)
2025-12-03 15:00:06,401 - INFO - HedgeFund - Entering long position: 0.012541 BTC at 80948.19
2025-12-03 15:00:06,401 - INFO - HedgeFund - Exiting position: P&L = -4.88 (-0.48%)
2025-12-03 15:00:06,401 - INFO - HedgeFund - Entering long position: 0.012511 BTC at 81104.71
2025-12-03 15:00:06,401 - INFO - HedgeFund - Exiting position: P&L = -9.50 (-0.94%)
2025-12-03 15:00:06,401 - INFO - HedgeFund - Entering long position: 0.012957 BTC at 78243.07
2025-12-03 15:00:06,402 - INFO - HedgeFund - Exiting position: P&L = -3.16 (-0.31%)
2025-12-03 15:00:06,402 - INFO - HedgeFund - Entering long position: 0.013431 BTC at 75457.57
2025-12-03 15:00:06,402 - INFO - HedgeFund - Exiting position: P&L = -0.14 (-0.01%)
2025-12-03 15:00:06,402 - INFO - HedgeFund - Entering long position: 0.013233 BTC at 76583.98
2025-12-03 15:00:06,402 - INFO - HedgeFund - Exiting position: P&L = -11.91 (-1.18%)
2025-12-03 15:00:06,402 - INFO - HedgeFund - Entering long position: 0.013343 BTC at 75864.53
2025-12-03 15:00:06,402 - INFO - HedgeFund - Exiting position: P&L = -6.75 (-0.67%)
2025-12-03 15:00:06,402 - INFO - HedgeFund - Entering long position: 0.014580 BTC at 69379.61
2025-12-03 15:00:06,402 - INFO - HedgeFund - Exiting position: P&L = -12.79 (-1.26%)
2025-12-03 15:00:06,402 - INFO - HedgeFund - Entering long position: 0.014495 BTC at 69700.07
2025-12-03 15:00:06,402 - INFO - HedgeFund - Exiting position: P&L = 45.47 (4.50%)
2025-12-03 15:00:06,402 - INFO - HedgeFund - Entering long position: 0.013611 BTC at 74558.13
2025-12-03 15:00:06,402 - INFO - HedgeFund - Exiting position: P&L = -13.49 (-1.33%)
2025-12-03 15:00:06,403 - INFO - HedgeFund - Entering long position: 0.013615 BTC at 74440.87
2025-12-03 15:00:06,403 - INFO - HedgeFund - Exiting position: P&L = -18.09 (-1.78%)
2025-12-03 15:00:06,403 - INFO - HedgeFund - Entering long position: 0.013701 BTC at 73842.38
2025-12-03 15:00:06,403 - INFO - HedgeFund - Exiting position: P&L = 7.05 (0.70%)
2025-12-03 15:00:06,403 - INFO - HedgeFund - Entering long position: 0.013688 BTC at 73961.41
2025-12-03 15:00:06,403 - INFO - HedgeFund - Exiting position: P&L = -4.28 (-0.42%)
2025-12-03 15:00:06,403 - INFO - HedgeFund - Entering long position: 0.013512 BTC at 74894.76
2025-12-03 15:00:06,403 - INFO - HedgeFund - Exiting position: P&L = 18.10 (1.79%)
2025-12-03 15:00:06,403 - INFO - HedgeFund - Entering long position: 0.012987 BTC at 78063.00
2025-12-03 15:00:06,403 - INFO - HedgeFund - Exiting position: P&L = -0.60 (-0.06%)
2025-12-03 15:00:06,403 - INFO - HedgeFund - Entering long position: 0.012922 BTC at 78449.93
2025-12-03 15:00:06,403 - INFO - HedgeFund - Exiting position: P&L = -9.04 (-0.89%)
2025-12-03 15:00:06,403 - INFO - HedgeFund - Entering long position: 0.013607 BTC at 74434.87
2025-12-03 15:00:06,403 - INFO - HedgeFund - Exiting position: P&L = -18.27 (-1.80%)
2025-12-03 15:00:06,403 - INFO - HedgeFund - Entering long position: 0.014084 BTC at 71783.55
2025-12-03 15:00:06,404 - INFO - HedgeFund - Exiting position: P&L = -3.89 (-0.38%)
2025-12-03 15:00:06,404 - INFO - HedgeFund - Entering long position: 0.013738 BTC at 73560.66
2025-12-03 15:00:06,404 - INFO - HedgeFund - Exiting position: P&L = -23.05 (-2.28%)
2025-12-03 15:00:06,404 - INFO - HedgeFund - Entering long position: 0.014604 BTC at 69042.23
2025-12-03 15:00:06,404 - INFO - HedgeFund - Exiting position: P&L = 7.11 (0.71%)
2025-12-03 15:00:06,404 - INFO - HedgeFund - Entering long position: 0.014637 BTC at 68933.01
2025-12-03 15:00:06,404 - INFO - HedgeFund - Exiting position: P&L = 30.88 (3.06%)
2025-12-03 15:00:06,404 - INFO - HedgeFund - Entering long position: 0.014183 BTC at 71361.17
2025-12-03 15:00:06,404 - INFO - HedgeFund - Exiting position: P&L = -13.17 (-1.30%)
2025-12-03 15:00:06,404 - INFO - HedgeFund - Entering long position: 0.014196 BTC at 71202.33
2025-12-03 15:00:06,404 - INFO - HedgeFund - Exiting position: P&L = 17.33 (1.71%)
2025-12-03 15:00:06,404 - INFO - HedgeFund - Entering long position: 0.013897 BTC at 72856.82
2025-12-03 15:00:06,405 - INFO - HedgeFund - Exiting position: P&L = 17.63 (1.74%)
2025-12-03 15:00:06,405 - INFO - HedgeFund - Entering long position: 0.013761 BTC at 73703.73
2025-12-03 15:00:06,405 - INFO - HedgeFund - Exiting position: P&L = 22.77 (2.25%)
2025-12-03 15:00:06,405 - INFO - HedgeFund - Entering long position: 0.013278 BTC at 76558.05
2025-12-03 15:00:06,405 - INFO - HedgeFund - Exiting position: P&L = 25.91 (2.55%)
2025-12-03 15:00:06,405 - INFO - HedgeFund - Entering long position: 0.012739 BTC at 79998.10
2025-12-03 15:00:06,405 - INFO - HedgeFund - Exiting position: P&L = -7.43 (-0.73%)
2025-12-03 15:00:06,405 - INFO - HedgeFund - Entering long position: 0.012776 BTC at 79710.87
2025-12-03 15:00:06,406 - INFO - HedgeFund - Exiting position: P&L = 108.03 (10.61%)
2025-12-03 15:00:06,406 - INFO - HedgeFund - Entering long position: 0.011568 BTC at 88967.01
2025-12-03 15:00:06,406 - INFO - HedgeFund - Exiting position: P&L = 2.53 (0.25%)
2025-12-03 15:00:06,406 - INFO - HedgeFund - Entering long position: 0.011660 BTC at 88286.92
2025-12-03 15:00:06,406 - INFO - HedgeFund - Exiting position: P&L = -7.66 (-0.74%)
2025-12-03 15:00:06,406 - INFO - HedgeFund - Entering long position: 0.011767 BTC at 87418.63
2025-12-03 15:00:06,406 - INFO - HedgeFund - Exiting position: P&L = -17.92 (-1.74%)
2025-12-03 15:00:06,406 - INFO - HedgeFund - Entering long position: 0.011942 BTC at 85986.66
2025-12-03 15:00:06,406 - INFO - HedgeFund - Exiting position: P&L = 11.48 (1.12%)
2025-12-03 15:00:06,406 - INFO - HedgeFund - Entering long position: 0.011729 BTC at 87652.19
2025-12-03 15:00:06,407 - INFO - HedgeFund - Exiting position: P&L = -14.97 (-1.46%)
2025-12-03 15:00:06,407 - INFO - HedgeFund - Entering long position: 0.011761 BTC at 87284.55
2025-12-03 15:00:06,407 - INFO - HedgeFund - Exiting position: P&L = 0.37 (0.04%)
2025-12-03 15:00:06,407 - INFO - HedgeFund - Entering long position: 0.011546 BTC at 88912.18
2025-12-03 15:00:06,407 - INFO - HedgeFund - Exiting position: P&L = 3.70 (0.36%)
2025-12-03 15:00:06,407 - INFO - HedgeFund - Entering long position: 0.011922 BTC at 86137.41
2025-12-03 15:00:06,407 - INFO - HedgeFund - Exiting position: P&L = -9.24 (-0.90%)
2025-12-03 15:00:06,407 - INFO - HedgeFund - Entering long position: 0.012120 BTC at 84658.61
2025-12-03 15:00:06,407 - INFO - HedgeFund - Exiting position: P&L = -4.98 (-0.49%)
2025-12-03 15:00:06,407 - INFO - HedgeFund - Entering long position: 0.012167 BTC at 84287.27
2025-12-03 15:00:06,407 - INFO - HedgeFund - Exiting position: P&L = -0.25 (-0.02%)
2025-12-03 15:00:06,407 - INFO - HedgeFund - Entering long position: 0.012141 BTC at 84466.84
2025-12-03 15:00:06,408 - INFO - HedgeFund - Exiting position: P&L = -9.71 (-0.95%)
2025-12-03 15:00:06,408 - INFO - HedgeFund - Entering long position: 0.012115 BTC at 84566.45
2025-12-03 15:00:06,408 - INFO - HedgeFund - Exiting position: P&L = -0.69 (-0.07%)
2025-12-03 15:00:06,408 - INFO - HedgeFund - Entering long position: 0.011961 BTC at 85647.18
2025-12-03 15:00:06,408 - INFO - HedgeFund - Exiting position: P&L = -5.85 (-0.57%)
2025-12-03 15:00:06,408 - INFO - HedgeFund - Entering long position: 0.012075 BTC at 84792.75
2025-12-03 15:00:06,408 - INFO - HedgeFund - Exiting position: P&L = -8.06 (-0.79%)
2025-12-03 15:00:06,408 - INFO - HedgeFund - Entering long position: 0.012766 BTC at 80140.85
2025-12-03 15:00:06,408 - INFO - HedgeFund - Exiting position: P&L = -15.14 (-1.48%)
2025-12-03 15:00:06,408 - INFO - HedgeFund - Entering long position: 0.012845 BTC at 79531.47
2025-12-03 15:00:06,409 - INFO - HedgeFund - Exiting position: P&L = -9.36 (-0.92%)
2025-12-03 15:00:06,409 - INFO - HedgeFund - Entering long position: 0.013223 BTC at 77183.70
2025-12-03 15:00:06,409 - INFO - HedgeFund - Exiting position: P&L = -2.78 (-0.27%)
2025-12-03 15:00:06,409 - INFO - HedgeFund - Entering long position: 0.013148 BTC at 77605.31
2025-12-03 15:00:06,409 - INFO - HedgeFund - Exiting position: P&L = 37.75 (3.70%)
2025-12-03 15:00:06,409 - INFO - HedgeFund - Entering long position: 0.013150 BTC at 77880.59
2025-12-03 15:00:06,409 - INFO - HedgeFund - Exiting position: P&L = -0.02 (-0.00%)
2025-12-03 15:00:06,409 - INFO - HedgeFund - Entering long position: 0.013285 BTC at 77088.31
2025-12-03 15:00:06,409 - INFO - HedgeFund - Exiting position: P&L = -5.94 (-0.58%)
2025-12-03 15:00:06,409 - INFO - HedgeFund - Entering long position: 0.013392 BTC at 76425.61
2025-12-03 15:00:06,410 - INFO - HedgeFund - Exiting position: P&L = -10.61 (-1.04%)
2025-12-03 15:00:06,410 - INFO - HedgeFund - Entering long position: 0.013203 BTC at 77442.86
2025-12-03 15:00:06,410 - INFO - HedgeFund - Exiting position: P&L = -2.48 (-0.24%)
2025-12-03 15:00:06,410 - INFO - HedgeFund - Entering long position: 0.013324 BTC at 76721.08
2025-12-03 15:00:06,410 - INFO - HedgeFund - Exiting position: P&L = -1.62 (-0.16%)
2025-12-03 15:00:06,410 - INFO - HedgeFund - Entering long position: 0.013239 BTC at 77200.83
2025-12-03 15:00:06,410 - INFO - HedgeFund - Exiting position: P&L = 1.10 (0.11%)
2025-12-03 15:00:06,410 - INFO - HedgeFund - Entering long position: 0.013160 BTC at 77670.44
2025-12-03 15:00:06,410 - INFO - HedgeFund - Exiting position: P&L = -16.62 (-1.63%)
2025-12-03 15:00:06,410 - INFO - HedgeFund - Entering long position: 0.013313 BTC at 76656.19
2025-12-03 15:00:06,411 - INFO - HedgeFund - Exiting position: P&L = 24.52 (2.40%)
2025-12-03 15:00:06,411 - INFO - HedgeFund - Entering long position: 0.012908 BTC at 79247.13
2025-12-03 15:00:06,411 - INFO - HedgeFund - Exiting position: P&L = 22.41 (2.19%)
2025-12-03 15:00:06,411 - INFO - HedgeFund - Entering long position: 0.012622 BTC at 81219.63
2025-12-03 15:00:06,411 - INFO - HedgeFund - Exiting position: P&L = -12.89 (-1.26%)
2025-12-03 15:00:06,411 - INFO - HedgeFund - Entering long position: 0.012603 BTC at 81240.06
2025-12-03 15:00:06,411 - INFO - HedgeFund - Exiting position: P&L = -7.33 (-0.72%)
2025-12-03 15:00:06,411 - INFO - HedgeFund - Entering long position: 0.012593 BTC at 81245.81
2025-12-03 15:00:06,411 - INFO - HedgeFund - Exiting position: P&L = 10.38 (1.01%)
2025-12-03 15:00:06,411 - INFO - HedgeFund - Entering long position: 0.012348 BTC at 82944.51
2025-12-03 15:00:06,412 - INFO - HedgeFund - Exiting position: P&L = -7.45 (-0.73%)
2025-12-03 15:00:06,412 - INFO - HedgeFund - Entering long position: 0.012204 BTC at 83863.09
2025-12-03 15:00:06,412 - INFO - HedgeFund - Exiting position: P&L = -19.08 (-1.86%)
2025-12-03 15:00:06,412 - INFO - HedgeFund - Entering long position: 0.012567 BTC at 81287.48
2025-12-03 15:00:06,412 - INFO - HedgeFund - Exiting position: P&L = -7.46 (-0.73%)
2025-12-03 15:00:06,412 - INFO - HedgeFund - Entering long position: 0.012447 BTC at 82010.03
2025-12-03 15:00:06,412 - INFO - HedgeFund - Exiting position: P&L = -18.42 (-1.80%)
2025-12-03 15:00:06,412 - INFO - HedgeFund - Entering long position: 0.013659 BTC at 74599.32
2025-12-03 15:00:06,412 - INFO - HedgeFund - Exiting position: P&L = -17.31 (-1.70%)
2025-12-03 15:00:06,412 - INFO - HedgeFund - Entering long position: 0.013703 BTC at 74235.51
2025-12-03 15:00:06,413 - INFO - HedgeFund - Exiting position: P&L = -4.86 (-0.48%)
2025-12-03 15:00:06,413 - INFO - HedgeFund - Entering long position: 0.013742 BTC at 73987.18
2025-12-03 15:00:06,413 - INFO - HedgeFund - Exiting position: P&L = -20.21 (-1.99%)
2025-12-03 15:00:06,413 - INFO - HedgeFund - Entering long position: 0.013972 BTC at 72627.79
2025-12-03 15:00:06,413 - INFO - HedgeFund - Exiting position: P&L = 10.17 (1.00%)
2025-12-03 15:00:06,413 - INFO - HedgeFund - Entering long position: 0.013962 BTC at 72748.71
2025-12-03 15:00:06,413 - INFO - HedgeFund - Exiting position: P&L = -8.74 (-0.86%)
2025-12-03 15:00:06,413 - INFO - HedgeFund - Entering long position: 0.013959 BTC at 72701.73
2025-12-03 15:00:06,413 - INFO - HedgeFund - Exiting position: P&L = -9.75 (-0.96%)
2025-12-03 15:00:06,414 - INFO - HedgeFund - Entering long position: 0.014301 BTC at 70896.06
2025-12-03 15:00:06,414 - INFO - HedgeFund - Exiting position: P&L = -20.06 (-1.98%)
2025-12-03 15:00:06,414 - INFO - HedgeFund - Entering long position: 0.014271 BTC at 70902.92
2025-12-03 15:00:06,414 - INFO - HedgeFund - Exiting position: P&L = -12.02 (-1.19%)
2025-12-03 15:00:06,414 - INFO - HedgeFund - Entering long position: 0.014343 BTC at 70464.17
2025-12-03 15:00:06,414 - INFO - HedgeFund - Exiting position: P&L = 9.45 (0.94%)
2025-12-03 15:00:06,414 - INFO - HedgeFund - Entering long position: 0.014437 BTC at 70070.03
2025-12-03 15:00:06,414 - INFO - HedgeFund - Exiting position: P&L = -16.19 (-1.60%)
2025-12-03 15:00:06,414 - INFO - HedgeFund - Entering long position: 0.014779 BTC at 68339.74
2025-12-03 15:00:06,414 - INFO - HedgeFund - Exiting position: P&L = -11.30 (-1.12%)
2025-12-03 15:00:06,415 - INFO - HedgeFund - Entering long position: 0.014778 BTC at 68269.42
2025-12-03 15:00:06,415 - INFO - HedgeFund - Exiting position: P&L = -3.86 (-0.38%)
2025-12-03 15:00:06,415 - INFO - HedgeFund - Entering long position: 0.014876 BTC at 67792.44
2025-12-03 15:00:06,415 - INFO - HedgeFund - Exiting position: P&L = -0.02 (-0.00%)
2025-12-03 15:00:06,415 - INFO - HedgeFund - Entering long position: 0.014649 BTC at 68844.51
2025-12-03 15:00:06,415 - INFO - HedgeFund - Exiting position: P&L = -1.79 (-0.18%)
2025-12-03 15:00:06,415 - INFO - HedgeFund - Entering long position: 0.014664 BTC at 68760.83
2025-12-03 15:00:06,415 - INFO - HedgeFund - Exiting position: P&L = -11.98 (-1.19%)
2025-12-03 15:00:06,415 - INFO - HedgeFund - Entering long position: 0.014783 BTC at 68126.28
2025-12-03 15:00:06,415 - INFO - HedgeFund - Exiting position: P&L = 17.08 (1.70%)
2025-12-03 15:00:06,416 - INFO - HedgeFund - Entering long position: 0.014409 BTC at 70012.95
2025-12-03 15:00:06,416 - INFO - HedgeFund - Exiting position: P&L = 37.59 (3.73%)
2025-12-03 15:00:06,416 - INFO - HedgeFund - Entering long position: 0.014497 BTC at 69849.91
2025-12-03 15:00:06,416 - INFO - HedgeFund - Exiting position: P&L = 61.81 (6.10%)
2025-12-03 15:00:06,416 - INFO - HedgeFund - Entering long position: 0.013739 BTC at 74151.75
2025-12-03 15:00:06,416 - INFO - HedgeFund - Exiting position: P&L = 0.57 (0.06%)
2025-12-03 15:00:06,416 - INFO - HedgeFund - Entering long position: 0.013557 BTC at 75150.86
2025-12-03 15:00:06,416 - INFO - HedgeFund - Exiting position: P&L = -20.70 (-2.03%)
2025-12-03 15:00:06,416 - INFO - HedgeFund - Entering long position: 0.013844 BTC at 73442.11
2025-12-03 15:00:06,417 - INFO - HedgeFund - Exiting position: P&L = 4.16 (0.41%)
2025-12-03 15:00:06,417 - INFO - HedgeFund - Entering long position: 0.014732 BTC at 69043.73
2025-12-03 15:00:06,417 - INFO - HedgeFund - Exiting position: P&L = -7.60 (-0.75%)
2025-12-03 15:00:06,417 - INFO - HedgeFund - Entering long position: 0.015356 BTC at 66188.96
2025-12-03 15:00:06,417 - INFO - HedgeFund - Exiting position: P&L = -5.54 (-0.54%)
2025-12-03 15:00:06,417 - INFO - HedgeFund - Entering long position: 0.015440 BTC at 65794.55
2025-12-03 15:00:06,417 - INFO - HedgeFund - Exiting position: P&L = 41.18 (4.05%)
2025-12-03 15:00:06,417 - INFO - HedgeFund - Entering long position: 0.015091 BTC at 67587.58
2025-12-03 15:00:06,418 - INFO - HedgeFund - Exiting position: P&L = -2.03 (-0.20%)
2025-12-03 15:00:06,418 - INFO - HedgeFund - Entering long position: 0.016073 BTC at 63446.66
2025-12-03 15:00:06,418 - INFO - HedgeFund - Exiting position: P&L = -11.60 (-1.14%)
2025-12-03 15:00:06,418 - INFO - HedgeFund - Entering long position: 0.016590 BTC at 61397.37
2025-12-03 15:00:06,418 - INFO - HedgeFund - Exiting position: P&L = -19.15 (-1.88%)
2025-12-03 15:00:06,418 - INFO - HedgeFund - Entering long position: 0.017586 BTC at 57813.89
2025-12-03 15:00:06,418 - INFO - HedgeFund - Exiting position: P&L = 37.14 (3.65%)
2025-12-03 15:00:06,418 - INFO - HedgeFund - Entering long position: 0.016833 BTC at 60618.57
2025-12-03 15:00:06,419 - INFO - HedgeFund - Exiting position: P&L = -18.62 (-1.82%)
2025-12-03 15:00:06,419 - INFO - HedgeFund - Entering long position: 0.017033 BTC at 59800.09
2025-12-03 15:00:06,419 - INFO - HedgeFund - Exiting position: P&L = -11.51 (-1.13%)
2025-12-03 15:00:06,419 - INFO - HedgeFund - Entering long position: 0.017087 BTC at 59543.66
2025-12-03 15:00:06,419 - INFO - HedgeFund - Exiting position: P&L = -0.86 (-0.08%)
2025-12-03 15:00:06,419 - INFO - HedgeFund - Entering long position: 0.016911 BTC at 60157.71
2025-12-03 15:00:06,419 - INFO - HedgeFund - Exiting position: P&L = -13.96 (-1.37%)
2025-12-03 15:00:06,419 - INFO - HedgeFund - Entering long position: 0.017174 BTC at 59155.32
2025-12-03 15:00:06,419 - INFO - HedgeFund - Exiting position: P&L = -23.35 (-2.30%)
2025-12-03 15:00:06,419 - INFO - HedgeFund - Entering long position: 0.017122 BTC at 59197.93
2025-12-03 15:00:06,419 - INFO - HedgeFund - Exiting position: P&L = -12.22 (-1.21%)
2025-12-03 15:00:06,420 - INFO - HedgeFund - Entering long position: 0.017214 BTC at 58811.03
2025-12-03 15:00:06,420 - INFO - HedgeFund - Exiting position: P&L = -5.26 (-0.52%)
2025-12-03 15:00:06,420 - INFO - HedgeFund - Entering long position: 0.017253 BTC at 58647.39
2025-12-03 15:00:06,420 - INFO - HedgeFund - Exiting position: P&L = -2.54 (-0.25%)
2025-12-03 15:00:06,420 - INFO - HedgeFund - Entering long position: 0.017080 BTC at 59226.66
2025-12-03 15:00:06,420 - INFO - HedgeFund - Exiting position: P&L = -11.37 (-1.12%)
2025-12-03 15:00:06,420 - INFO - HedgeFund - Entering long position: 0.018095 BTC at 55840.74
2025-12-03 15:00:06,420 - INFO - HedgeFund - Exiting position: P&L = -12.40 (-1.23%)
2025-12-03 15:00:06,421 - INFO - HedgeFund - Entering long position: 0.018255 BTC at 55283.30
2025-12-03 15:00:06,421 - INFO - HedgeFund - Exiting position: P&L = -11.01 (-1.09%)
2025-12-03 15:00:06,421 - INFO - HedgeFund - Entering long position: 0.018299 BTC at 55089.92
2025-12-03 15:00:06,421 - INFO - HedgeFund - Exiting position: P&L = 13.16 (1.31%)
2025-12-03 15:00:06,421 - INFO - HedgeFund - Entering long position: 0.017869 BTC at 56490.91
2025-12-03 15:00:06,421 - INFO - HedgeFund - Exiting position: P&L = -12.25 (-1.21%)
2025-12-03 15:00:06,421 - INFO - HedgeFund - Entering long position: 0.017900 BTC at 56324.07
2025-12-03 15:00:06,421 - INFO - HedgeFund - Exiting position: P&L = -17.78 (-1.76%)
2025-12-03 15:00:06,421 - INFO - HedgeFund - Entering long position: 0.018744 BTC at 53693.57
2025-12-03 15:00:06,421 - INFO - HedgeFund - Exiting position: P&L = -5.30 (-0.53%)
2025-12-03 15:00:06,421 - INFO - HedgeFund - Entering long position: 0.018646 BTC at 53945.09
2025-12-03 15:00:06,421 - INFO - HedgeFund - Exiting position: P&L = -8.05 (-0.80%)
2025-12-03 15:00:06,421 - INFO - HedgeFund - Entering long position: 0.018705 BTC at 53733.03
2025-12-03 15:00:06,422 - INFO - HedgeFund - Exiting position: P&L = 1.61 (0.16%)
2025-12-03 15:00:06,422 - INFO - HedgeFund - Entering long position: 0.018542 BTC at 54215.51
2025-12-03 15:00:06,422 - INFO - HedgeFund - Exiting position: P&L = 26.63 (2.65%)
2025-12-03 15:00:06,422 - INFO - HedgeFund - Entering long position: 0.017767 BTC at 56729.14
2025-12-03 15:00:06,422 - INFO - HedgeFund - Exiting position: P&L = 45.39 (4.50%)
2025-12-03 15:00:06,422 - INFO - HedgeFund - Entering long position: 0.016933 BTC at 59790.67
2025-12-03 15:00:06,422 - INFO - HedgeFund - Exiting position: P&L = -12.85 (-1.27%)
2025-12-03 15:00:06,422 - INFO - HedgeFund - Entering long position: 0.017133 BTC at 59018.46
2025-12-03 15:00:06,422 - INFO - HedgeFund - Exiting position: P&L = 6.95 (0.69%)
2025-12-03 15:00:06,422 - INFO - HedgeFund - Entering long position: 0.016785 BTC at 60283.05
2025-12-03 15:00:06,422 - INFO - HedgeFund - Exiting position: P&L = -17.97 (-1.78%)
2025-12-03 15:00:06,422 - INFO - HedgeFund - Entering long position: 0.016780 BTC at 60194.50
2025-12-03 15:00:06,422 - INFO - HedgeFund - Exiting position: P&L = -5.69 (-0.56%)
2025-12-03 15:00:06,422 - INFO - HedgeFund - Entering long position: 0.016856 BTC at 59889.54
2025-12-03 15:00:06,422 - INFO - HedgeFund - Exiting position: P&L = -3.48 (-0.34%)
2025-12-03 15:00:06,422 - INFO - HedgeFund - Entering long position: 0.016989 BTC at 59398.97
2025-12-03 15:00:06,422 - INFO - HedgeFund - Exiting position: P&L = -5.15 (-0.51%)
2025-12-03 15:00:06,423 - INFO - HedgeFund - Entering long position: 0.017110 BTC at 58951.01
2025-12-03 15:00:06,423 - INFO - HedgeFund - Exiting position: P&L = 16.08 (1.59%)
2025-12-03 15:00:06,423 - INFO - HedgeFund - Entering long position: 0.017541 BTC at 57593.31
2025-12-03 15:00:06,423 - INFO - HedgeFund - Exiting position: P&L = 17.89 (1.77%)
2025-12-03 15:00:06,423 - INFO - HedgeFund - Entering long position: 0.017097 BTC at 59191.29
2025-12-03 15:00:06,423 - INFO - HedgeFund - Exiting position: P&L = 38.94 (3.85%)
2025-12-03 15:00:06,423 - INFO - HedgeFund - Entering long position: 0.016382 BTC at 62012.23
2025-12-03 15:00:06,423 - INFO - HedgeFund - Exiting position: P&L = -14.23 (-1.40%)
2025-12-03 15:00:06,423 - INFO - HedgeFund - Entering long position: 0.016296 BTC at 62254.07
2025-12-03 15:00:06,423 - INFO - HedgeFund - Exiting position: P&L = 20.83 (2.05%)
2025-12-03 15:00:06,423 - INFO - HedgeFund - Entering long position: 0.015972 BTC at 63648.16
2025-12-03 15:00:06,423 - INFO - HedgeFund - Exiting position: P&L = 17.17 (1.69%)
2025-12-03 15:00:06,423 - INFO - HedgeFund - Entering long position: 0.015813 BTC at 64395.67
2025-12-03 15:00:06,424 - INFO - HedgeFund - Exiting position: P&L = -5.14 (-0.50%)
2025-12-03 15:00:06,424 - INFO - HedgeFund - Entering long position: 0.016003 BTC at 63599.27
2025-12-03 15:00:06,424 - INFO - HedgeFund - Exiting position: P&L = 11.32 (1.11%)
2025-12-03 15:00:06,424 - INFO - HedgeFund - Entering long position: 0.015494 BTC at 65762.18
2025-12-03 15:00:06,424 - INFO - HedgeFund - Exiting position: P&L = -3.16 (-0.31%)
2025-12-03 15:00:06,424 - INFO - HedgeFund - Entering long position: 0.015526 BTC at 65604.98
2025-12-03 15:00:06,424 - INFO - HedgeFund - Exiting position: P&L = -11.99 (-1.18%)
2025-12-03 15:00:06,425 - INFO - HedgeFund - Entering long position: 0.015950 BTC at 63786.65
2025-12-03 15:00:06,425 - INFO - HedgeFund - Exiting position: P&L = -6.81 (-0.67%)
2025-12-03 15:00:06,425 - INFO - HedgeFund - Entering long position: 0.016445 BTC at 61825.30
2025-12-03 15:00:06,425 - INFO - HedgeFund - Exiting position: P&L = -5.39 (-0.53%)
2025-12-03 15:00:06,425 - INFO - HedgeFund - Entering long position: 0.016336 BTC at 62204.98
2025-12-03 15:00:06,425 - INFO - HedgeFund - Exiting position: P&L = -6.11 (-0.60%)
2025-12-03 15:00:06,425 - INFO - HedgeFund - Entering long position: 0.015925 BTC at 63770.98
2025-12-03 15:00:06,425 - INFO - HedgeFund - Exiting position: P&L = -24.94 (-2.46%)
2025-12-03 15:00:06,425 - INFO - HedgeFund - Entering long position: 0.016353 BTC at 61950.40
2025-12-03 15:00:06,426 - INFO - HedgeFund - Exiting position: P&L = -4.21 (-0.42%)
2025-12-03 15:00:06,426 - INFO - HedgeFund - Entering long position: 0.016293 BTC at 62152.14
2025-12-03 15:00:06,426 - INFO - HedgeFund - Exiting position: P&L = 16.88 (1.67%)
2025-12-03 15:00:06,426 - INFO - HedgeFund - Entering long position: 0.015900 BTC at 63796.44
2025-12-03 15:00:06,479 - INFO - HedgeFund - Exiting position: P&L = 54.66 (5.39%)
2025-12-03 15:00:06,480 - INFO - HedgeFund - Entering long position: 0.014935 BTC at 68283.19
2025-12-03 15:00:06,480 - INFO - HedgeFund - Exiting position: P&L = -3.93 (-0.38%)
2025-12-03 15:00:06,480 - INFO - HedgeFund - Entering long position: 0.015722 BTC at 64840.17
2025-12-03 15:00:06,480 - INFO - HedgeFund - Exiting position: P&L = -7.97 (-0.78%)
2025-12-03 15:00:06,480 - INFO - HedgeFund - Entering long position: 0.015784 BTC at 64534.33
2025-12-03 15:00:06,480 - INFO - HedgeFund - Exiting position: P&L = -13.50 (-1.33%)
2025-12-03 15:00:06,480 - INFO - HedgeFund - Entering long position: 0.016081 BTC at 63259.70
2025-12-03 15:00:06,480 - INFO - HedgeFund - Exiting position: P&L = 3.99 (0.39%)
2025-12-03 15:00:06,480 - INFO - HedgeFund - Entering long position: 0.015923 BTC at 63910.04
2025-12-03 15:00:06,480 - INFO - HedgeFund - Exiting position: P&L = -17.38 (-1.71%)
2025-12-03 15:00:06,481 - INFO - HedgeFund - Entering long position: 0.016152 BTC at 62898.64
2025-12-03 15:00:06,481 - INFO - HedgeFund - Exiting position: P&L = -14.47 (-1.42%)
2025-12-03 15:00:06,481 - INFO - HedgeFund - Entering long position: 0.016290 BTC at 62274.88
2025-12-03 15:00:06,481 - INFO - HedgeFund - Exiting position: P&L = 20.79 (2.05%)
2025-12-03 15:00:06,481 - INFO - HedgeFund - Entering long position: 0.015789 BTC at 64381.93
2025-12-03 15:00:06,481 - INFO - HedgeFund - Exiting position: P&L = -0.98 (-0.10%)
2025-12-03 15:00:06,481 - INFO - HedgeFund - Entering long position: 0.015948 BTC at 63736.89
2025-12-03 15:00:06,481 - INFO - HedgeFund - Exiting position: P&L = -4.46 (-0.44%)
2025-12-03 15:00:06,481 - INFO - HedgeFund - Entering long position: 0.015579 BTC at 65217.06
2025-12-03 15:00:06,481 - INFO - HedgeFund - Exiting position: P&L = -40.05 (-3.94%)
2025-12-03 15:00:06,481 - INFO - HedgeFund - Entering long position: 0.016433 BTC at 61581.78
2025-12-03 15:00:06,481 - INFO - HedgeFund - Exiting position: P&L = -14.77 (-1.46%)
2025-12-03 15:00:06,481 - INFO - HedgeFund - Entering long position: 0.016690 BTC at 60546.57
2025-12-03 15:00:06,481 - INFO - HedgeFund - Exiting position: P&L = -16.67 (-1.65%)
2025-12-03 15:00:06,481 - INFO - HedgeFund - Entering long position: 0.016734 BTC at 60289.45
2025-12-03 15:00:06,482 - INFO - HedgeFund - Exiting position: P&L = 4.39 (0.43%)
2025-12-03 15:00:06,482 - INFO - HedgeFund - Entering long position: 0.016796 BTC at 60092.90
2025-12-03 15:00:06,482 - INFO - HedgeFund - Exiting position: P&L = 16.89 (1.67%)
2025-12-03 15:00:06,482 - INFO - HedgeFund - Entering long position: 0.016621 BTC at 60824.71
2025-12-03 15:00:06,482 - INFO - HedgeFund - Exiting position: P&L = -3.58 (-0.35%)
2025-12-03 15:00:06,482 - INFO - HedgeFund - Entering long position: 0.016519 BTC at 61179.53
2025-12-03 15:00:06,482 - INFO - HedgeFund - Exiting position: P&L = -14.60 (-1.45%)
2025-12-03 15:00:06,482 - INFO - HedgeFund - Entering long position: 0.016945 BTC at 59555.54
2025-12-03 15:00:06,482 - INFO - HedgeFund - Exiting position: P&L = 35.53 (3.52%)
2025-12-03 15:00:06,482 - INFO - HedgeFund - Entering long position: 0.016435 BTC at 61620.92
2025-12-03 15:00:06,482 - INFO - HedgeFund - Exiting position: P&L = 18.64 (1.84%)
2025-12-03 15:00:06,482 - INFO - HedgeFund - Entering long position: 0.016028 BTC at 63300.34
2025-12-03 15:00:06,482 - INFO - HedgeFund - Exiting position: P&L = -10.97 (-1.08%)
2025-12-03 15:00:06,482 - INFO - HedgeFund - Entering long position: 0.016081 BTC at 63025.47
2025-12-03 15:00:06,483 - INFO - HedgeFund - Exiting position: P&L = -27.21 (-2.68%)
2025-12-03 15:00:06,483 - INFO - HedgeFund - Entering long position: 0.016628 BTC at 60787.83
2025-12-03 15:00:06,483 - INFO - HedgeFund - Exiting position: P&L = -9.37 (-0.93%)
2025-12-03 15:00:06,483 - INFO - HedgeFund - Entering long position: 0.016597 BTC at 60843.33
2025-12-03 15:00:06,483 - INFO - HedgeFund - Exiting position: P&L = -1.19 (-0.12%)
2025-12-03 15:00:06,483 - INFO - HedgeFund - Entering long position: 0.016541 BTC at 61042.19
2025-12-03 15:00:06,483 - INFO - HedgeFund - Exiting position: P&L = -13.86 (-1.37%)
2025-12-03 15:00:06,483 - INFO - HedgeFund - Entering long position: 0.016696 BTC at 60392.15
2025-12-03 15:00:06,483 - INFO - HedgeFund - Exiting position: P&L = 21.71 (2.15%)
2025-12-03 15:00:06,483 - INFO - HedgeFund - Entering long position: 0.016274 BTC at 62091.24
2025-12-03 15:00:06,483 - INFO - HedgeFund - Exiting position: P&L = -9.21 (-0.91%)
2025-12-03 15:00:06,483 - INFO - HedgeFund - Entering long position: 0.016225 BTC at 62222.15
2025-12-03 15:00:06,483 - INFO - HedgeFund - Exiting position: P&L = 7.47 (0.74%)
2025-12-03 15:00:06,483 - INFO - HedgeFund - Entering long position: 0.015983 BTC at 63213.85
2025-12-03 15:00:06,483 - INFO - HedgeFund - Exiting position: P&L = -16.59 (-1.64%)
2025-12-03 15:00:06,484 - INFO - HedgeFund - Entering long position: 0.016133 BTC at 62522.77
2025-12-03 15:00:06,484 - INFO - HedgeFund - Exiting position: P&L = 3.42 (0.34%)
2025-12-03 15:00:06,484 - INFO - HedgeFund - Entering long position: 0.016507 BTC at 61125.25
2025-12-03 15:00:06,484 - INFO - HedgeFund - Exiting position: P&L = -10.92 (-1.08%)
2025-12-03 15:00:06,484 - INFO - HedgeFund - Entering long position: 0.016407 BTC at 61430.57
2025-12-03 15:00:06,484 - INFO - HedgeFund - Exiting position: P&L = 5.32 (0.53%)
2025-12-03 15:00:06,484 - INFO - HedgeFund - Entering long position: 0.016005 BTC at 63008.51
2025-12-03 15:00:06,484 - INFO - HedgeFund - Exiting position: P&L = 24.63 (2.44%)
2025-12-03 15:00:06,484 - INFO - HedgeFund - Entering long position: 0.015818 BTC at 63909.48
2025-12-03 15:00:06,484 - INFO - HedgeFund - Exiting position: P&L = 1.69 (0.17%)
2025-12-03 15:00:06,484 - INFO - HedgeFund - Entering long position: 0.015676 BTC at 64498.10
2025-12-03 15:00:06,484 - INFO - HedgeFund - Exiting position: P&L = -11.73 (-1.16%)
2025-12-03 15:00:06,484 - INFO - HedgeFund - Entering long position: 0.015744 BTC at 64146.24
2025-12-03 15:00:06,484 - INFO - HedgeFund - Exiting position: P&L = -2.34 (-0.23%)
2025-12-03 15:00:06,485 - INFO - HedgeFund - Entering long position: 0.015667 BTC at 64446.19
2025-12-03 15:00:06,485 - INFO - HedgeFund - Exiting position: P&L = -6.52 (-0.65%)
2025-12-03 15:00:06,485 - INFO - HedgeFund - Entering long position: 0.015680 BTC at 64349.83
2025-12-03 15:00:06,485 - INFO - HedgeFund - Exiting position: P&L = 16.38 (1.62%)
2025-12-03 15:00:06,485 - INFO - HedgeFund - Entering long position: 0.015372 BTC at 65747.98
2025-12-03 15:00:06,485 - INFO - HedgeFund - Exiting position: P&L = -10.57 (-1.05%)
2025-12-03 15:00:06,485 - INFO - HedgeFund - Entering long position: 0.015294 BTC at 66013.48
2025-12-03 15:00:06,485 - INFO - HedgeFund - Exiting position: P&L = 62.94 (6.23%)
2025-12-03 15:00:06,485 - INFO - HedgeFund - Entering long position: 0.014378 BTC at 70658.19
2025-12-03 15:00:06,485 - INFO - HedgeFund - Exiting position: P&L = -3.31 (-0.33%)
2025-12-03 15:00:06,485 - INFO - HedgeFund - Entering long position: 0.014304 BTC at 70997.36
2025-12-03 15:00:06,486 - INFO - HedgeFund - Exiting position: P&L = 39.51 (3.89%)
2025-12-03 15:00:06,486 - INFO - HedgeFund - Entering long position: 0.013693 BTC at 74452.59
2025-12-03 15:00:06,486 - INFO - HedgeFund - Exiting position: P&L = -2.14 (-0.21%)
2025-12-03 15:00:06,486 - INFO - HedgeFund - Entering long position: 0.013649 BTC at 74677.99
2025-12-03 15:00:06,486 - INFO - HedgeFund - Exiting position: P&L = -7.06 (-0.69%)
2025-12-03 15:00:06,486 - INFO - HedgeFund - Entering long position: 0.013581 BTC at 75003.08
2025-12-03 15:00:06,486 - INFO - HedgeFund - Exiting position: P&L = 1.82 (0.18%)
2025-12-03 15:00:06,486 - INFO - HedgeFund - Entering long position: 0.013598 BTC at 74923.72
2025-12-03 15:00:06,486 - INFO - HedgeFund - Exiting position: P&L = -0.92 (-0.09%)
2025-12-03 15:00:06,486 - INFO - HedgeFund - Entering long position: 0.013587 BTC at 74972.99
2025-12-03 15:00:06,486 - INFO - HedgeFund - Exiting position: P&L = -11.79 (-1.16%)
2025-12-03 15:00:06,486 - INFO - HedgeFund - Entering long position: 0.014899 BTC at 68295.55
2025-12-03 15:00:06,486 - INFO - HedgeFund - Exiting position: P&L = -19.84 (-1.95%)
2025-12-03 15:00:06,486 - INFO - HedgeFund - Entering long position: 0.014943 BTC at 67960.88
2025-12-03 15:00:06,487 - INFO - HedgeFund - Exiting position: P&L = -7.08 (-0.70%)
2025-12-03 15:00:06,487 - INFO - HedgeFund - Entering long position: 0.014932 BTC at 67962.24
2025-12-03 15:00:06,487 - INFO - HedgeFund - Exiting position: P&L = -8.01 (-0.79%)
2025-12-03 15:00:06,487 - INFO - HedgeFund - Entering long position: 0.015013 BTC at 67540.90
2025-12-03 15:00:06,487 - INFO - HedgeFund - Exiting position: P&L = -8.19 (-0.81%)
2025-12-03 15:00:06,487 - INFO - HedgeFund - Entering long position: 0.015644 BTC at 64767.44
2025-12-03 15:00:06,487 - INFO - HedgeFund - Exiting position: P&L = -3.39 (-0.33%)
2025-12-03 15:00:06,487 - INFO - HedgeFund - Entering long position: 0.015816 BTC at 64041.17
2025-12-03 15:00:06,487 - INFO - HedgeFund - Exiting position: P&L = 19.82 (1.96%)
2025-12-03 15:00:06,487 - INFO - HedgeFund - Entering long position: 0.015555 BTC at 65243.61
2025-12-03 15:00:06,487 - INFO - HedgeFund - Exiting position: P&L = 45.37 (4.47%)
2025-12-03 15:00:06,487 - INFO - HedgeFund - Entering long position: 0.014771 BTC at 69009.62
2025-12-03 15:00:06,488 - INFO - HedgeFund - Exiting position: P&L = -1.80 (-0.18%)
2025-12-03 15:00:06,488 - INFO - HedgeFund - Entering long position: 0.014676 BTC at 69445.48
2025-12-03 15:00:06,488 - INFO - HedgeFund - Exiting position: P&L = -12.94 (-1.27%)
2025-12-03 15:00:06,488 - INFO - HedgeFund - Entering long position: 0.014562 BTC at 69899.26
2025-12-03 15:00:06,488 - INFO - HedgeFund - Exiting position: P&L = -8.67 (-0.85%)
2025-12-03 15:00:06,488 - INFO - HedgeFund - Entering long position: 0.014729 BTC at 69047.67
2025-12-03 15:00:06,488 - INFO - HedgeFund - Exiting position: P&L = -2.55 (-0.25%)
2025-12-03 15:00:06,488 - INFO - HedgeFund - Entering long position: 0.014558 BTC at 69842.07
2025-12-03 15:00:06,488 - INFO - HedgeFund - Exiting position: P&L = 31.27 (3.08%)
2025-12-03 15:00:06,488 - INFO - HedgeFund - Entering long position: 0.014145 BTC at 72103.42
2025-12-03 15:00:06,488 - INFO - HedgeFund - Exiting position: P&L = -8.91 (-0.87%)
2025-12-03 15:00:06,488 - INFO - HedgeFund - Entering long position: 0.014051 BTC at 72521.25
2025-12-03 15:00:06,489 - INFO - HedgeFund - Exiting position: P&L = -11.32 (-1.11%)
2025-12-03 15:00:06,489 - INFO - HedgeFund - Entering long position: 0.014085 BTC at 72264.89
2025-12-03 15:00:06,489 - INFO - HedgeFund - Exiting position: P&L = 3.39 (0.33%)
2025-12-03 15:00:06,489 - INFO - HedgeFund - Entering long position: 0.014152 BTC at 71947.37
2025-12-03 15:00:06,489 - INFO - HedgeFund - Exiting position: P&L = 11.01 (1.08%)
2025-12-03 15:00:06,489 - INFO - HedgeFund - Entering long position: 0.014269 BTC at 71437.66
2025-12-03 15:00:06,489 - INFO - HedgeFund - Exiting position: P&L = -1.10 (-0.11%)
2025-12-03 15:00:06,489 - INFO - HedgeFund - Entering long position: 0.014237 BTC at 71587.80
2025-12-03 15:00:06,489 - INFO - HedgeFund - Exiting position: P&L = -14.91 (-1.46%)
2025-12-03 15:00:06,489 - INFO - HedgeFund - Entering long position: 0.014305 BTC at 71145.75
2025-12-03 15:00:06,489 - INFO - HedgeFund - Exiting position: P&L = -24.68 (-2.43%)
2025-12-03 15:00:06,489 - INFO - HedgeFund - Entering long position: 0.014776 BTC at 68707.64
2025-12-03 15:00:06,489 - INFO - HedgeFund - Exiting position: P&L = -4.44 (-0.44%)
2025-12-03 15:00:06,490 - INFO - HedgeFund - Entering long position: 0.015528 BTC at 65353.32
2025-12-03 15:00:06,490 - INFO - HedgeFund - Exiting position: P&L = 13.60 (1.34%)
2025-12-03 15:00:06,490 - INFO - HedgeFund - Entering long position: 0.015735 BTC at 64580.38
2025-12-03 15:00:06,490 - INFO - HedgeFund - Exiting position: P&L = -11.44 (-1.13%)
2025-12-03 15:00:06,490 - INFO - HedgeFund - Entering long position: 0.015932 BTC at 63708.82
2025-12-03 15:00:06,490 - INFO - HedgeFund - Exiting position: P&L = -2.47 (-0.24%)
2025-12-03 15:00:06,490 - INFO - HedgeFund - Entering long position: 0.016303 BTC at 62246.11
2025-12-03 15:00:06,490 - INFO - HedgeFund - Exiting position: P&L = 31.22 (3.08%)
2025-12-03 15:00:06,490 - INFO - HedgeFund - Entering long position: 0.015751 BTC at 64624.85
2025-12-03 15:00:06,490 - INFO - HedgeFund - Exiting position: P&L = -15.71 (-1.54%)
2025-12-03 15:00:06,490 - INFO - HedgeFund - Entering long position: 0.016143 BTC at 62959.69
2025-12-03 15:00:06,490 - INFO - HedgeFund - Exiting position: P&L = 4.40 (0.43%)
2025-12-03 15:00:06,491 - INFO - HedgeFund - Entering long position: 0.016114 BTC at 63097.79
2025-12-03 15:00:06,491 - INFO - HedgeFund - Exiting position: P&L = -7.36 (-0.72%)
2025-12-03 15:00:06,491 - INFO - HedgeFund - Entering long position: 0.016077 BTC at 63199.77
2025-12-03 15:00:06,491 - INFO - HedgeFund - Exiting position: P&L = -15.27 (-1.50%)
2025-12-03 15:00:06,491 - INFO - HedgeFund - Entering long position: 0.015976 BTC at 63500.16
2025-12-03 15:00:06,491 - INFO - HedgeFund - Exiting position: P&L = -18.54 (-1.83%)
2025-12-03 15:00:06,491 - INFO - HedgeFund - Entering long position: 0.016227 BTC at 62404.81
2025-12-03 15:00:06,491 - INFO - HedgeFund - Exiting position: P&L = -0.28 (-0.03%)
2025-12-03 15:00:06,491 - INFO - HedgeFund - Entering long position: 0.015932 BTC at 63560.54
2025-12-03 15:00:06,491 - INFO - HedgeFund - Exiting position: P&L = -15.57 (-1.54%)
2025-12-03 15:00:06,491 - INFO - HedgeFund - Entering long position: 0.016088 BTC at 62845.03
2025-12-03 15:00:06,492 - INFO - HedgeFund - Exiting position: P&L = -10.44 (-1.03%)
2025-12-03 15:00:06,492 - INFO - HedgeFund - Entering long position: 0.016137 BTC at 62589.55
2025-12-03 15:00:06,492 - INFO - HedgeFund - Exiting position: P&L = -7.18 (-0.71%)
2025-12-03 15:00:06,492 - INFO - HedgeFund - Entering long position: 0.016115 BTC at 62632.45
2025-12-03 15:00:06,492 - INFO - HedgeFund - Exiting position: P&L = 15.22 (1.51%)
2025-12-03 15:00:06,492 - INFO - HedgeFund - Entering long position: 0.015880 BTC at 63653.84
2025-12-03 15:00:06,492 - INFO - HedgeFund - Exiting position: P&L = 13.96 (1.38%)
2025-12-03 15:00:06,492 - INFO - HedgeFund - Entering long position: 0.015443 BTC at 65547.80
2025-12-03 15:00:06,492 - INFO - HedgeFund - Exiting position: P&L = -13.05 (-1.29%)
2025-12-03 15:00:06,492 - INFO - HedgeFund - Entering long position: 0.015605 BTC at 64783.51
2025-12-03 15:00:06,493 - INFO - HedgeFund - Exiting position: P&L = -20.10 (-1.99%)
2025-12-03 15:00:06,493 - INFO - HedgeFund - Entering long position: 0.016206 BTC at 62254.30
2025-12-03 15:00:06,493 - INFO - HedgeFund - Exiting position: P&L = 55.02 (5.45%)
2025-12-03 15:00:06,493 - INFO - HedgeFund - Entering long position: 0.015266 BTC at 66448.56
2025-12-03 15:00:06,493 - INFO - HedgeFund - Exiting position: P&L = -5.66 (-0.56%)
2025-12-03 15:00:06,493 - INFO - HedgeFund - Entering long position: 0.015368 BTC at 65971.33
2025-12-03 15:00:06,493 - INFO - HedgeFund - Exiting position: P&L = -1.88 (-0.19%)
2025-12-03 15:00:06,493 - INFO - HedgeFund - Entering long position: 0.015389 BTC at 65868.76
2025-12-03 15:00:06,493 - INFO - HedgeFund - Exiting position: P&L = -4.03 (-0.40%)
2025-12-03 15:00:06,493 - INFO - HedgeFund - Entering long position: 0.015304 BTC at 66208.12
2025-12-03 15:00:06,494 - INFO - HedgeFund - Exiting position: P&L = 16.66 (1.64%)
2025-12-03 15:00:06,494 - INFO - HedgeFund - Entering long position: 0.015066 BTC at 67363.07
2025-12-03 15:00:06,494 - INFO - HedgeFund - Exiting position: P&L = -3.30 (-0.33%)
2025-12-03 15:00:06,494 - INFO - HedgeFund - Entering long position: 0.015033 BTC at 67490.53
2025-12-03 15:00:06,494 - INFO - HedgeFund - Exiting position: P&L = 29.08 (2.87%)
2025-12-03 15:00:06,494 - INFO - HedgeFund - Entering long position: 0.014671 BTC at 69356.30
2025-12-03 15:00:06,494 - INFO - HedgeFund - Exiting position: P&L = -6.20 (-0.61%)
2025-12-03 15:00:06,494 - INFO - HedgeFund - Entering long position: 0.014645 BTC at 69433.46
2025-12-03 15:00:06,495 - INFO - HedgeFund - Exiting position: P&L = -21.43 (-2.11%)
2025-12-03 15:00:06,495 - INFO - HedgeFund - Entering long position: 0.014665 BTC at 69196.21
2025-12-03 15:00:06,495 - INFO - HedgeFund - Exiting position: P&L = -2.92 (-0.29%)
2025-12-03 15:00:06,495 - INFO - HedgeFund - Entering long position: 0.014364 BTC at 70623.05
2025-12-03 15:00:06,495 - INFO - HedgeFund - Exiting position: P&L = -22.16 (-2.18%)
2025-12-03 15:00:06,495 - INFO - HedgeFund - Entering long position: 0.014827 BTC at 68269.04
2025-12-03 15:00:06,495 - INFO - HedgeFund - Exiting position: P&L = -10.06 (-0.99%)
2025-12-03 15:00:06,495 - INFO - HedgeFund - Entering long position: 0.014868 BTC at 68014.02
2025-12-03 15:00:06,495 - INFO - HedgeFund - Exiting position: P&L = -2.88 (-0.28%)
2025-12-03 15:00:06,495 - INFO - HedgeFund - Entering long position: 0.014817 BTC at 68226.48
2025-12-03 15:00:06,496 - INFO - HedgeFund - Exiting position: P&L = -19.10 (-1.89%)
2025-12-03 15:00:06,496 - INFO - HedgeFund - Entering long position: 0.015181 BTC at 66467.25
2025-12-03 15:00:06,496 - INFO - HedgeFund - Exiting position: P&L = -4.01 (-0.40%)
2025-12-03 15:00:06,496 - INFO - HedgeFund - Entering long position: 0.015151 BTC at 66569.85
2025-12-03 15:00:06,496 - INFO - HedgeFund - Exiting position: P&L = 37.29 (3.70%)
2025-12-03 15:00:06,496 - INFO - HedgeFund - Entering long position: 0.014682 BTC at 68951.74
2025-12-03 15:00:06,496 - INFO - HedgeFund - Exiting position: P&L = 26.38 (2.61%)
2025-12-03 15:00:06,496 - INFO - HedgeFund - Entering long position: 0.014047 BTC at 72255.84
2025-12-03 15:00:06,496 - INFO - HedgeFund - Exiting position: P&L = -17.68 (-1.74%)
2025-12-03 15:00:06,497 - INFO - HedgeFund - Entering long position: 0.015041 BTC at 67365.31
2025-12-03 15:00:06,497 - INFO - HedgeFund - Exiting position: P&L = -19.84 (-1.96%)
2025-12-03 15:00:06,497 - INFO - HedgeFund - Entering long position: 0.016149 BTC at 62620.61
2025-12-03 15:00:06,497 - INFO - HedgeFund - Exiting position: P&L = -13.69 (-1.35%)
2025-12-03 15:00:06,497 - INFO - HedgeFund - Entering long position: 0.016382 BTC at 61645.43
2025-12-03 15:00:06,497 - INFO - HedgeFund - Exiting position: P&L = -7.33 (-0.73%)
2025-12-03 15:00:06,497 - INFO - HedgeFund - Entering long position: 0.016376 BTC at 61621.63
2025-12-03 15:00:06,497 - INFO - HedgeFund - Exiting position: P&L = -14.57 (-1.44%)
2025-12-03 15:00:06,497 - INFO - HedgeFund - Entering long position: 0.016267 BTC at 61944.86
2025-12-03 15:00:06,498 - INFO - HedgeFund - Exiting position: P&L = -14.56 (-1.44%)
2025-12-03 15:00:06,498 - INFO - HedgeFund - Entering long position: 0.016105 BTC at 62478.12
2025-12-03 15:00:06,498 - INFO - HedgeFund - Exiting position: P&L = -8.29 (-0.82%)
2025-12-03 15:00:06,498 - INFO - HedgeFund - Entering long position: 0.016142 BTC at 62283.22
2025-12-03 15:00:06,498 - INFO - HedgeFund - Exiting position: P&L = 6.05 (0.60%)
2025-12-03 15:00:06,498 - INFO - HedgeFund - Entering long position: 0.015783 BTC at 63737.39
2025-12-03 15:00:06,498 - INFO - HedgeFund - Exiting position: P&L = -23.94 (-2.38%)
2025-12-03 15:00:06,498 - INFO - HedgeFund - Entering long position: 0.016148 BTC at 62150.18
2025-12-03 15:00:06,499 - INFO - HedgeFund - Exiting position: P&L = 10.03 (1.00%)
2025-12-03 15:00:06,499 - INFO - HedgeFund - Entering long position: 0.015999 BTC at 62793.45
2025-12-03 15:00:06,499 - INFO - HedgeFund - Exiting position: P&L = -6.41 (-0.64%)
2025-12-03 15:00:06,499 - INFO - HedgeFund - Entering long position: 0.015959 BTC at 62908.54
2025-12-03 15:00:06,499 - INFO - HedgeFund - Exiting position: P&L = -11.31 (-1.13%)
2025-12-03 15:00:06,499 - INFO - HedgeFund - Entering long position: 0.016789 BTC at 59731.53
2025-12-03 15:00:06,499 - INFO - HedgeFund - Exiting position: P&L = -9.56 (-0.95%)
2025-12-03 15:00:06,499 - INFO - HedgeFund - Entering long position: 0.016570 BTC at 60463.40
2025-12-03 15:00:06,500 - INFO - HedgeFund - Exiting position: P&L = -8.60 (-0.86%)
2025-12-03 15:00:06,500 - INFO - HedgeFund - Entering long position: 0.016656 BTC at 60098.33
2025-12-03 15:00:06,500 - INFO - HedgeFund - Exiting position: P&L = -7.36 (-0.74%)
2025-12-03 15:00:06,500 - INFO - HedgeFund - Entering long position: 0.016933 BTC at 59072.06
2025-12-03 15:00:06,500 - INFO - HedgeFund - Exiting position: P&L = 27.94 (2.79%)
2025-12-03 15:00:06,500 - INFO - HedgeFund - Entering long position: 0.016507 BTC at 60767.90
2025-12-03 15:00:06,500 - INFO - HedgeFund - Exiting position: P&L = 24.65 (2.46%)
2025-12-03 15:00:06,500 - INFO - HedgeFund - Entering long position: 0.016137 BTC at 62314.70
2025-12-03 15:00:06,500 - INFO - HedgeFund - Exiting position: P&L = -7.57 (-0.75%)
2025-12-03 15:00:06,500 - INFO - HedgeFund - Entering long position: 0.015934 BTC at 63059.22
2025-12-03 15:00:06,501 - INFO - HedgeFund - Exiting position: P&L = 26.19 (2.61%)
2025-12-03 15:00:06,501 - INFO - HedgeFund - Entering long position: 0.015333 BTC at 65700.66
2025-12-03 15:00:06,501 - INFO - HedgeFund - Exiting position: P&L = -10.75 (-1.07%)
2025-12-03 15:00:06,501 - INFO - HedgeFund - Entering long position: 0.015191 BTC at 66246.71
2025-12-03 15:00:06,501 - INFO - HedgeFund - Exiting position: P&L = -18.92 (-1.88%)
2025-12-03 15:00:06,501 - INFO - HedgeFund - Entering long position: 0.015914 BTC at 63116.11
2025-12-03 15:00:06,501 - INFO - HedgeFund - Exiting position: P&L = -10.29 (-1.02%)
2025-12-03 15:00:06,501 - INFO - HedgeFund - Entering long position: 0.015862 BTC at 63259.16
2025-12-03 15:00:06,501 - INFO - HedgeFund - Exiting position: P&L = -8.99 (-0.90%)
2025-12-03 15:00:06,501 - INFO - HedgeFund - Entering long position: 0.015984 BTC at 62718.41
2025-12-03 15:00:06,501 - INFO - HedgeFund - Exiting position: P&L = -19.50 (-1.95%)
2025-12-03 15:00:06,502 - INFO - HedgeFund - Entering long position: 0.015892 BTC at 62961.62
2025-12-03 15:00:06,502 - INFO - HedgeFund - Exiting position: P&L = -5.24 (-0.52%)
2025-12-03 15:00:06,502 - INFO - HedgeFund - Entering long position: 0.016024 BTC at 62408.16
2025-12-03 15:00:06,502 - INFO - HedgeFund - Exiting position: P&L = -19.18 (-1.92%)
2025-12-03 15:00:06,502 - INFO - HedgeFund - Entering long position: 0.016197 BTC at 61625.35
2025-12-03 15:00:06,502 - INFO - HedgeFund - Exiting position: P&L = 10.97 (1.10%)
2025-12-03 15:00:06,502 - INFO - HedgeFund - Entering long position: 0.016099 BTC at 62066.26
2025-12-03 15:00:06,502 - INFO - HedgeFund - Exiting position: P&L = -14.87 (-1.49%)
2025-12-03 15:00:06,502 - INFO - HedgeFund - Entering long position: 0.016195 BTC at 61608.41
2025-12-03 15:00:06,502 - INFO - HedgeFund - Exiting position: P&L = -9.78 (-0.98%)
2025-12-03 15:00:06,502 - INFO - HedgeFund - Entering long position: 0.016021 BTC at 62216.98
2025-12-03 15:00:06,503 - INFO - HedgeFund - Exiting position: P&L = 13.93 (1.40%)
2025-12-03 15:00:06,503 - INFO - HedgeFund - Entering long position: 0.015852 BTC at 62968.16
2025-12-03 15:00:06,503 - INFO - HedgeFund - Exiting position: P&L = -4.59 (-0.46%)
2025-12-03 15:00:06,503 - INFO - HedgeFund - Entering long position: 0.015642 BTC at 63783.17
2025-12-03 15:00:06,503 - INFO - HedgeFund - Exiting position: P&L = -13.95 (-1.40%)
2025-12-03 15:00:06,503 - INFO - HedgeFund - Entering long position: 0.015522 BTC at 64184.11
2025-12-03 15:00:06,503 - INFO - HedgeFund - Exiting position: P&L = 11.73 (1.18%)
2025-12-03 15:00:06,503 - INFO - HedgeFund - Entering long position: 0.015318 BTC at 65115.78
2025-12-03 15:00:06,503 - INFO - HedgeFund - Exiting position: P&L = -15.87 (-1.59%)
2025-12-03 15:00:06,503 - INFO - HedgeFund - Entering long position: 0.015343 BTC at 64905.42
2025-12-03 15:00:06,503 - INFO - HedgeFund - Exiting position: P&L = -8.92 (-0.90%)
2025-12-03 15:00:06,504 - INFO - HedgeFund - Entering long position: 0.015493 BTC at 64222.18
2025-12-03 15:00:06,504 - INFO - HedgeFund - Exiting position: P&L = -5.87 (-0.59%)
2025-12-03 15:00:06,504 - INFO - HedgeFund - Entering long position: 0.015484 BTC at 64222.34
2025-12-03 15:00:06,504 - INFO - HedgeFund - Exiting position: P&L = 3.85 (0.39%)
2025-12-03 15:00:06,504 - INFO - HedgeFund - Entering long position: 0.015180 BTC at 65531.46
2025-12-03 15:00:06,504 - INFO - HedgeFund - Exiting position: P&L = -8.87 (-0.89%)
2025-12-03 15:00:06,504 - INFO - HedgeFund - Entering long position: 0.015133 BTC at 65676.88
2025-12-03 15:00:06,504 - INFO - HedgeFund - Exiting position: P&L = -12.74 (-1.28%)
2025-12-03 15:00:06,504 - INFO - HedgeFund - Entering long position: 0.015217 BTC at 65231.36
2025-12-03 15:00:06,504 - INFO - HedgeFund - Exiting position: P&L = 0.55 (0.06%)
2025-12-03 15:00:06,504 - INFO - HedgeFund - Entering long position: 0.015245 BTC at 65114.75
2025-12-03 15:00:06,505 - INFO - HedgeFund - Exiting position: P&L = -4.19 (-0.42%)
2025-12-03 15:00:06,505 - INFO - HedgeFund - Entering long position: 0.015175 BTC at 65388.33
2025-12-03 15:00:06,505 - INFO - HedgeFund - Exiting position: P&L = 18.81 (1.90%)
2025-12-03 15:00:06,505 - INFO - HedgeFund - Entering long position: 0.015872 BTC at 62632.80
2025-12-03 15:00:06,505 - INFO - HedgeFund - Exiting position: P&L = -13.33 (-1.34%)
2025-12-03 15:00:06,505 - INFO - HedgeFund - Entering long position: 0.015678 BTC at 63325.31
2025-12-03 15:00:06,505 - INFO - HedgeFund - Exiting position: P&L = -1.64 (-0.17%)
2025-12-03 15:00:06,505 - INFO - HedgeFund - Entering long position: 0.015592 BTC at 63664.02
2025-12-03 15:00:06,505 - INFO - HedgeFund - Exiting position: P&L = -3.66 (-0.37%)
2025-12-03 15:00:06,506 - INFO - HedgeFund - Entering long position: 0.015558 BTC at 63778.01
2025-12-03 15:00:06,506 - INFO - HedgeFund - Exiting position: P&L = -9.86 (-0.99%)
2025-12-03 15:00:06,506 - INFO - HedgeFund - Entering long position: 0.016192 BTC at 61220.07
2025-12-03 15:00:06,506 - INFO - HedgeFund - Exiting position: P&L = -17.49 (-1.76%)
2025-12-03 15:00:06,506 - INFO - HedgeFund - Entering long position: 0.016242 BTC at 60923.12
2025-12-03 15:00:06,506 - INFO - HedgeFund - Exiting position: P&L = 22.78 (2.30%)
2025-12-03 15:00:06,506 - INFO - HedgeFund - Entering long position: 0.015866 BTC at 62514.02
2025-12-03 15:00:06,506 - INFO - HedgeFund - Exiting position: P&L = -10.88 (-1.10%)
2025-12-03 15:00:06,506 - INFO - HedgeFund - Entering long position: 0.016048 BTC at 61735.40
2025-12-03 15:00:06,506 - INFO - HedgeFund - Exiting position: P&L = -1.37 (-0.14%)
2025-12-03 15:00:06,507 - INFO - HedgeFund - Entering long position: 0.016360 BTC at 60548.27
2025-12-03 15:00:06,507 - INFO - HedgeFund - Exiting position: P&L = -4.71 (-0.48%)
2025-12-03 15:00:06,507 - INFO - HedgeFund - Entering long position: 0.016544 BTC at 59848.92
2025-12-03 15:00:06,507 - INFO - HedgeFund - Exiting position: P&L = 10.68 (1.08%)
2025-12-03 15:00:06,507 - INFO - HedgeFund - Entering long position: 0.016463 BTC at 60206.73
2025-12-03 15:00:06,507 - INFO - HedgeFund - Exiting position: P&L = -17.95 (-1.81%)
2025-12-03 15:00:06,507 - INFO - HedgeFund - Entering long position: 0.016390 BTC at 60365.82
2025-12-03 15:00:06,507 - INFO - HedgeFund - Exiting position: P&L = 46.54 (4.70%)
2025-12-03 15:00:06,507 - INFO - HedgeFund - Entering long position: 0.015737 BTC at 63165.12
2025-12-03 15:00:06,507 - INFO - HedgeFund - Exiting position: P&L = -9.81 (-0.99%)
2025-12-03 15:00:06,507 - INFO - HedgeFund - Entering long position: 0.016460 BTC at 60333.24
2025-12-03 15:00:06,507 - INFO - HedgeFund - Exiting position: P&L = 5.10 (0.51%)
2025-12-03 15:00:06,507 - INFO - HedgeFund - Entering long position: 0.016798 BTC at 59149.65
2025-12-03 15:00:06,507 - INFO - HedgeFund - Exiting position: P&L = 0.56 (0.06%)
2025-12-03 15:00:06,508 - INFO - HedgeFund - Entering long position: 0.017803 BTC at 55811.47
2025-12-03 15:00:06,508 - INFO - HedgeFund - Exiting position: P&L = 14.08 (1.42%)
2025-12-03 15:00:06,508 - INFO - HedgeFund - Entering long position: 0.017291 BTC at 57545.86
2025-12-03 15:00:06,508 - INFO - HedgeFund - Exiting position: P&L = 10.75 (1.08%)
2025-12-03 15:00:06,508 - INFO - HedgeFund - Entering long position: 0.017755 BTC at 56102.68
2025-12-03 15:00:06,508 - INFO - HedgeFund - Exiting position: P&L = -2.78 (-0.28%)
2025-12-03 15:00:06,508 - INFO - HedgeFund - Entering long position: 0.017838 BTC at 55828.06
2025-12-03 15:00:06,508 - INFO - HedgeFund - Exiting position: P&L = -11.26 (-1.13%)
2025-12-03 15:00:06,508 - INFO - HedgeFund - Entering long position: 0.017896 BTC at 55583.90
2025-12-03 15:00:06,508 - INFO - HedgeFund - Exiting position: P&L = -8.78 (-0.88%)
2025-12-03 15:00:06,508 - INFO - HedgeFund - Entering long position: 0.017837 BTC at 55716.82
2025-12-03 15:00:06,508 - INFO - HedgeFund - Exiting position: P&L = -17.10 (-1.72%)
2025-12-03 15:00:06,508 - INFO - HedgeFund - Entering long position: 0.017914 BTC at 55382.37
2025-12-03 15:00:06,509 - INFO - HedgeFund - Exiting position: P&L = -8.47 (-0.85%)
2025-12-03 15:00:06,509 - INFO - HedgeFund - Entering long position: 0.017836 BTC at 55576.68
2025-12-03 15:00:06,509 - INFO - HedgeFund - Exiting position: P&L = -17.95 (-1.81%)
2025-12-03 15:00:06,509 - INFO - HedgeFund - Entering long position: 0.017930 BTC at 55184.75
2025-12-03 15:00:06,509 - INFO - HedgeFund - Exiting position: P&L = 0.04 (0.00%)
2025-12-03 15:00:06,509 - INFO - HedgeFund - Entering long position: 0.018001 BTC at 54966.94
2025-12-03 15:00:06,509 - INFO - HedgeFund - Exiting position: P&L = 14.62 (1.48%)
2025-12-03 15:00:06,509 - INFO - HedgeFund - Entering long position: 0.018117 BTC at 54696.22
2025-12-03 15:00:06,509 - INFO - HedgeFund - Exiting position: P&L = 80.43 (8.12%)
2025-12-03 15:00:06,509 - INFO - HedgeFund - Entering long position: 0.016904 BTC at 59099.53
2025-12-03 15:00:06,509 - INFO - HedgeFund - Exiting position: P&L = -5.28 (-0.53%)
2025-12-03 15:00:06,509 - INFO - HedgeFund - Entering long position: 0.017226 BTC at 57964.01
2025-12-03 15:00:06,509 - INFO - HedgeFund - Exiting position: P&L = -30.18 (-3.02%)
2025-12-03 15:00:06,509 - INFO - HedgeFund - Entering long position: 0.017627 BTC at 56471.92
2025-12-03 15:00:06,510 - INFO - HedgeFund - Exiting position: P&L = -11.93 (-1.20%)
2025-12-03 15:00:06,510 - INFO - HedgeFund - Entering long position: 0.017380 BTC at 57205.52
2025-12-03 15:00:06,510 - INFO - HedgeFund - Exiting position: P&L = 5.05 (0.51%)
2025-12-03 15:00:06,510 - INFO - HedgeFund - Entering long position: 0.017255 BTC at 57650.79
2025-12-03 15:00:06,510 - INFO - HedgeFund - Exiting position: P&L = 13.57 (1.36%)
2025-12-03 15:00:06,510 - INFO - HedgeFund - Entering long position: 0.016971 BTC at 58696.62
2025-12-03 15:00:06,510 - INFO - HedgeFund - Exiting position: P&L = -11.48 (-1.15%)
2025-12-03 15:00:06,510 - INFO - HedgeFund - Entering long position: 0.016846 BTC at 59061.49
2025-12-03 15:00:06,510 - INFO - HedgeFund - Exiting position: P&L = 48.09 (4.83%)
2025-12-03 15:00:06,510 - INFO - HedgeFund - Entering long position: 0.015945 BTC at 62701.56
2025-12-03 15:00:06,510 - INFO - HedgeFund - Exiting position: P&L = 46.64 (4.67%)
2025-12-03 15:00:06,510 - INFO - HedgeFund - Entering long position: 0.015238 BTC at 65917.55
2025-12-03 15:00:06,510 - INFO - HedgeFund - Exiting position: P&L = 7.45 (0.74%)
2025-12-03 15:00:06,510 - INFO - HedgeFund - Entering long position: 0.015126 BTC at 66453.86
2025-12-03 15:00:06,511 - INFO - HedgeFund - Exiting position: P&L = 1.07 (0.11%)
2025-12-03 15:00:06,511 - INFO - HedgeFund - Entering long position: 0.014985 BTC at 67084.59
2025-12-03 15:00:06,511 - INFO - HedgeFund - Exiting position: P&L = -13.31 (-1.32%)
2025-12-03 15:00:06,511 - INFO - HedgeFund - Entering long position: 0.014793 BTC at 67868.66
2025-12-03 15:00:06,511 - INFO - HedgeFund - Exiting position: P&L = 24.28 (2.42%)
2025-12-03 15:00:06,511 - INFO - HedgeFund - Entering long position: 0.014734 BTC at 68304.92
2025-12-03 15:00:06,511 - INFO - HedgeFund - Exiting position: P&L = -1.41 (-0.14%)
2025-12-03 15:00:06,511 - INFO - HedgeFund - Entering long position: 0.014712 BTC at 68395.09
2025-12-03 15:00:06,511 - INFO - HedgeFund - Exiting position: P&L = -0.25 (-0.02%)
2025-12-03 15:00:06,511 - INFO - HedgeFund - Entering long position: 0.014694 BTC at 68480.58
2025-12-03 15:00:06,511 - INFO - HedgeFund - Exiting position: P&L = -18.77 (-1.87%)
2025-12-03 15:00:06,511 - INFO - HedgeFund - Entering long position: 0.014793 BTC at 67892.97
2025-12-03 15:00:06,511 - INFO - HedgeFund - Exiting position: P&L = -3.90 (-0.39%)
2025-12-03 15:00:06,511 - INFO - HedgeFund - Entering long position: 0.014567 BTC at 68920.52
2025-12-03 15:00:06,512 - INFO - HedgeFund - Exiting position: P&L = 62.71 (6.25%)
2025-12-03 15:00:06,512 - INFO - HedgeFund - Entering long position: 0.013936 BTC at 72488.33
2025-12-03 15:00:06,512 - INFO - HedgeFund - Exiting position: P&L = -0.73 (-0.07%)
2025-12-03 15:00:06,512 - INFO - HedgeFund - Entering long position: 0.013681 BTC at 73837.57
2025-12-03 15:00:06,512 - INFO - HedgeFund - Exiting position: P&L = 4.81 (0.48%)
2025-12-03 15:00:06,512 - INFO - HedgeFund - Entering long position: 0.013657 BTC at 74002.45
2025-12-03 15:00:06,512 - INFO - HedgeFund - Exiting position: P&L = -12.17 (-1.20%)
2025-12-03 15:00:06,512 - INFO - HedgeFund - Entering long position: 0.014329 BTC at 70448.10
2025-12-03 15:00:06,512 - INFO - HedgeFund - Exiting position: P&L = -14.46 (-1.43%)
2025-12-03 15:00:06,512 - INFO - HedgeFund - Entering long position: 0.014238 BTC at 70795.96
2025-12-03 15:00:06,512 - INFO - HedgeFund - Exiting position: P&L = -24.85 (-2.47%)
2025-12-03 15:00:06,512 - INFO - HedgeFund - Entering long position: 0.014316 BTC at 70235.88
2025-12-03 15:00:06,512 - INFO - HedgeFund - Exiting position: P&L = -13.60 (-1.35%)
2025-12-03 15:00:06,512 - INFO - HedgeFund - Entering long position: 0.014979 BTC at 67034.25
2025-12-03 15:00:06,513 - INFO - HedgeFund - Exiting position: P&L = 17.92 (1.78%)
2025-12-03 15:00:06,513 - INFO - HedgeFund - Entering long position: 0.014554 BTC at 69118.21
2025-12-03 15:00:06,513 - INFO - HedgeFund - Exiting position: P&L = -5.37 (-0.53%)
2025-12-03 15:00:06,513 - INFO - HedgeFund - Entering long position: 0.014627 BTC at 68733.57
2025-12-03 15:00:06,513 - INFO - HedgeFund - Exiting position: P&L = 18.68 (1.86%)
2025-12-03 15:00:06,513 - INFO - HedgeFund - Entering long position: 0.014222 BTC at 70821.86
2025-12-03 15:00:06,513 - INFO - HedgeFund - Exiting position: P&L = 1.19 (0.12%)
2025-12-03 15:00:06,513 - INFO - HedgeFund - Entering long position: 0.013936 BTC at 72286.48
2025-12-03 15:00:06,513 - INFO - HedgeFund - Exiting position: P&L = 7.78 (0.77%)
2025-12-03 15:00:06,513 - INFO - HedgeFund - Entering long position: 0.014049 BTC at 71757.53
2025-12-03 15:00:06,513 - INFO - HedgeFund - Exiting position: P&L = -12.94 (-1.28%)
2025-12-03 15:00:06,513 - INFO - HedgeFund - Entering long position: 0.014063 BTC at 71593.68
2025-12-03 15:00:06,513 - INFO - HedgeFund - Exiting position: P&L = -3.12 (-0.31%)
2025-12-03 15:00:06,513 - INFO - HedgeFund - Entering long position: 0.015046 BTC at 66895.77
2025-12-03 15:00:06,513 - INFO - HedgeFund - Exiting position: P&L = -21.64 (-2.15%)
2025-12-03 15:00:06,514 - INFO - HedgeFund - Entering long position: 0.015168 BTC at 66217.35
2025-12-03 15:00:06,514 - INFO - HedgeFund - Exiting position: P&L = 17.71 (1.76%)
2025-12-03 15:00:06,514 - INFO - HedgeFund - Entering long position: 0.014833 BTC at 67832.27
2025-12-03 15:00:06,514 - INFO - HedgeFund - Exiting position: P&L = 6.09 (0.60%)
2025-12-03 15:00:06,514 - INFO - HedgeFund - Entering long position: 0.014967 BTC at 67263.37
2025-12-03 15:00:06,514 - INFO - HedgeFund - Exiting position: P&L = -5.00 (-0.50%)
2025-12-03 15:00:06,514 - INFO - HedgeFund - Entering long position: 0.015006 BTC at 67058.62
2025-12-03 15:00:06,514 - INFO - HedgeFund - Exiting position: P&L = -7.26 (-0.72%)
2025-12-03 15:00:06,514 - INFO - HedgeFund - Entering long position: 0.015185 BTC at 66217.95
2025-12-03 15:00:06,514 - INFO - HedgeFund - Exiting position: P&L = -9.08 (-0.90%)
2025-12-03 15:00:06,514 - INFO - HedgeFund - Entering long position: 0.015123 BTC at 66427.94
2025-12-03 15:00:06,514 - INFO - HedgeFund - Exiting position: P&L = -9.54 (-0.95%)
2025-12-03 15:00:06,514 - INFO - HedgeFund - Entering long position: 0.015127 BTC at 66348.65
2025-12-03 15:00:06,514 - INFO - HedgeFund - Exiting position: P&L = -1.38 (-0.14%)
2025-12-03 15:00:06,514 - INFO - HedgeFund - Entering long position: 0.014937 BTC at 67183.24
2025-12-03 15:00:06,515 - INFO - HedgeFund - Exiting position: P&L = 4.06 (0.40%)
2025-12-03 15:00:06,515 - INFO - HedgeFund - Entering long position: 0.014767 BTC at 67986.70
2025-12-03 15:00:06,515 - INFO - HedgeFund - Exiting position: P&L = 7.03 (0.70%)
2025-12-03 15:00:06,515 - INFO - HedgeFund - Entering long position: 0.014671 BTC at 68477.06
2025-12-03 15:00:06,515 - INFO - HedgeFund - Exiting position: P&L = -6.16 (-0.61%)
2025-12-03 15:00:06,515 - INFO - HedgeFund - Entering long position: 0.014937 BTC at 67215.62
2025-12-03 15:00:06,515 - INFO - HedgeFund - Exiting position: P&L = 17.77 (1.77%)
2025-12-03 15:00:06,515 - INFO - HedgeFund - Entering long position: 0.014487 BTC at 69426.63
2025-12-03 15:00:06,515 - INFO - HedgeFund - Exiting position: P&L = 2.16 (0.22%)
2025-12-03 15:00:06,515 - INFO - HedgeFund - Entering long position: 0.014653 BTC at 68656.07
2025-12-03 15:00:06,515 - INFO - HedgeFund - Exiting position: P&L = -13.99 (-1.39%)
2025-12-03 15:00:06,515 - INFO - HedgeFund - Entering long position: 0.014681 BTC at 68429.20
2025-12-03 15:00:06,515 - INFO - HedgeFund - Exiting position: P&L = -3.14 (-0.31%)
2025-12-03 15:00:06,515 - INFO - HedgeFund - Entering long position: 0.014799 BTC at 67863.46
2025-12-03 15:00:06,515 - INFO - HedgeFund - Exiting position: P&L = -10.25 (-1.02%)
2025-12-03 15:00:06,516 - INFO - HedgeFund - Entering long position: 0.014916 BTC at 67261.92
2025-12-03 15:00:06,516 - INFO - HedgeFund - Exiting position: P&L = 1.68 (0.17%)
2025-12-03 15:00:06,516 - INFO - HedgeFund - Entering long position: 0.014920 BTC at 67256.93
2025-12-03 15:00:06,516 - INFO - HedgeFund - Exiting position: P&L = 0.39 (0.04%)
2025-12-03 15:00:06,516 - INFO - HedgeFund - Entering long position: 0.014818 BTC at 67720.72
2025-12-03 15:00:06,516 - INFO - HedgeFund - Exiting position: P&L = -1.77 (-0.18%)
2025-12-03 15:00:06,516 - INFO - HedgeFund - Entering long position: 0.014926 BTC at 67217.63
2025-12-03 15:00:06,516 - INFO - HedgeFund - Exiting position: P&L = -9.74 (-0.97%)
2025-12-03 15:00:06,516 - INFO - HedgeFund - Entering long position: 0.014872 BTC at 67397.21
2025-12-03 15:00:06,516 - INFO - HedgeFund - Exiting position: P&L = -11.66 (-1.16%)
2025-12-03 15:00:06,516 - INFO - HedgeFund - Entering long position: 0.014911 BTC at 67142.70
2025-12-03 15:00:06,516 - INFO - HedgeFund - Exiting position: P&L = -3.20 (-0.32%)
2025-12-03 15:00:06,516 - INFO - HedgeFund - Entering long position: 0.015497 BTC at 64581.81
2025-12-03 15:00:06,516 - INFO - HedgeFund - Exiting position: P&L = -14.99 (-1.50%)
2025-12-03 15:00:06,516 - INFO - HedgeFund - Entering long position: 0.015677 BTC at 63746.07
2025-12-03 15:00:06,516 - INFO - HedgeFund - Exiting position: P&L = 1.85 (0.18%)
2025-12-03 15:00:06,516 - INFO - HedgeFund - Entering long position: 0.015394 BTC at 64928.20
2025-12-03 15:00:06,517 - INFO - HedgeFund - Exiting position: P&L = -18.84 (-1.88%)
2025-12-03 15:00:06,517 - INFO - HedgeFund - Entering long position: 0.015738 BTC at 63391.71
2025-12-03 15:00:06,517 - INFO - HedgeFund - Exiting position: P&L = -19.35 (-1.94%)
2025-12-03 15:00:06,517 - INFO - HedgeFund - Entering long position: 0.015548 BTC at 64042.14
2025-12-03 15:00:06,517 - INFO - HedgeFund - Exiting position: P&L = 23.67 (2.38%)
2025-12-03 15:00:06,517 - INFO - HedgeFund - Entering long position: 0.015145 BTC at 65900.46
2025-12-03 15:00:06,517 - INFO - HedgeFund - Exiting position: P&L = -13.32 (-1.33%)
2025-12-03 15:00:06,517 - INFO - HedgeFund - Entering long position: 0.015913 BTC at 62636.30
2025-12-03 15:00:06,517 - INFO - HedgeFund - Exiting position: P&L = -5.19 (-0.52%)
2025-12-03 15:00:06,517 - INFO - HedgeFund - Entering long position: 0.015778 BTC at 63139.22
2025-12-03 15:00:06,517 - INFO - HedgeFund - Exiting position: P&L = -14.36 (-1.44%)
2025-12-03 15:00:06,517 - INFO - HedgeFund - Entering long position: 0.016488 BTC at 60334.13
2025-12-03 15:00:06,517 - INFO - HedgeFund - Exiting position: P&L = 6.07 (0.61%)
2025-12-03 15:00:06,518 - INFO - HedgeFund - Entering long position: 0.016735 BTC at 59479.18
2025-12-03 15:00:06,518 - INFO - HedgeFund - Exiting position: P&L = 0.49 (0.05%)
2025-12-03 15:00:06,518 - INFO - HedgeFund - Entering long position: 0.016750 BTC at 59429.56
2025-12-03 15:00:06,518 - INFO - HedgeFund - Exiting position: P&L = -11.31 (-1.14%)
2025-12-03 15:00:06,518 - INFO - HedgeFund - Entering long position: 0.016998 BTC at 58495.95
2025-12-03 15:00:06,518 - INFO - HedgeFund - Exiting position: P&L = -8.88 (-0.89%)
2025-12-03 15:00:06,518 - INFO - HedgeFund - Entering long position: 0.017031 BTC at 58331.22
2025-12-03 15:00:06,518 - INFO - HedgeFund - Exiting position: P&L = 10.13 (1.02%)
2025-12-03 15:00:06,518 - INFO - HedgeFund - Entering long position: 0.017614 BTC at 56457.71
2025-12-03 15:00:06,518 - INFO - HedgeFund - Exiting position: P&L = -10.12 (-1.02%)
2025-12-03 15:00:06,519 - INFO - HedgeFund - Entering long position: 0.017798 BTC at 55818.42
2025-12-03 15:00:06,519 - INFO - HedgeFund - Exiting position: P&L = -13.74 (-1.38%)
2025-12-03 15:00:06,519 - INFO - HedgeFund - Entering long position: 0.018147 BTC at 54667.57
2025-12-03 15:00:06,519 - INFO - HedgeFund - Exiting position: P&L = -4.98 (-0.50%)
2025-12-03 15:00:06,519 - INFO - HedgeFund - Entering long position: 0.018456 BTC at 53724.86
2025-12-03 15:00:06,519 - INFO - HedgeFund - Exiting position: P&L = -4.54 (-0.46%)
2025-12-03 15:00:06,519 - INFO - HedgeFund - Entering long position: 0.019081 BTC at 51941.52
2025-12-03 15:00:06,519 - INFO - HedgeFund - Exiting position: P&L = -9.50 (-0.96%)
2025-12-03 15:00:06,519 - INFO - HedgeFund - Entering long position: 0.019335 BTC at 51211.67
2025-12-03 15:00:06,519 - INFO - HedgeFund - Exiting position: P&L = -0.56 (-0.06%)
2025-12-03 15:00:06,520 - INFO - HedgeFund - Entering long position: 0.019083 BTC at 51884.51
2025-12-03 15:00:06,520 - INFO - HedgeFund - Exiting position: P&L = 15.86 (1.60%)
2025-12-03 15:00:06,520 - INFO - HedgeFund - Entering long position: 0.018775 BTC at 52818.63
2025-12-03 15:00:06,520 - INFO - HedgeFund - Exiting position: P&L = -13.50 (-1.36%)
2025-12-03 15:00:06,520 - INFO - HedgeFund - Entering long position: 0.019136 BTC at 51751.47
2025-12-03 15:00:06,520 - INFO - HedgeFund - Exiting position: P&L = -12.10 (-1.22%)
2025-12-03 15:00:06,520 - INFO - HedgeFund - Entering long position: 0.020054 BTC at 49322.48
2025-12-03 15:00:06,520 - INFO - HedgeFund - Exiting position: P&L = -11.40 (-1.15%)
2025-12-03 15:00:06,520 - INFO - HedgeFund - Entering long position: 0.020255 BTC at 48778.37
2025-12-03 15:00:06,521 - INFO - HedgeFund - Exiting position: P&L = 6.35 (0.64%)
2025-12-03 15:00:06,521 - INFO - HedgeFund - Entering long position: 0.019981 BTC at 49477.34
2025-12-03 15:00:06,521 - INFO - HedgeFund - Exiting position: P&L = 25.45 (2.57%)
2025-12-03 15:00:06,521 - INFO - HedgeFund - Entering long position: 0.019509 BTC at 50806.35
2025-12-03 15:00:06,521 - INFO - HedgeFund - Exiting position: P&L = -16.04 (-1.62%)
2025-12-03 15:00:06,521 - INFO - HedgeFund - Entering long position: 0.019460 BTC at 50850.81
2025-12-03 15:00:06,521 - INFO - HedgeFund - Exiting position: P&L = -15.74 (-1.59%)
2025-12-03 15:00:06,521 - INFO - HedgeFund - Entering long position: 0.020417 BTC at 48389.55
2025-12-03 15:00:06,521 - INFO - HedgeFund - Exiting position: P&L = 47.66 (4.82%)
2025-12-03 15:00:06,522 - INFO - HedgeFund - Entering long position: 0.019195 BTC at 51719.67
2025-12-03 15:00:06,522 - INFO - HedgeFund - Exiting position: P&L = 6.65 (0.67%)
2025-12-03 15:00:06,522 - INFO - HedgeFund - Entering long position: 0.018968 BTC at 52372.98
2025-12-03 15:00:06,522 - INFO - HedgeFund - Exiting position: P&L = 9.40 (0.95%)
2025-12-03 15:00:06,522 - INFO - HedgeFund - Entering long position: 0.018629 BTC at 53377.82
2025-12-03 15:00:06,522 - INFO - HedgeFund - Exiting position: P&L = 87.75 (8.83%)
2025-12-03 15:00:06,522 - INFO - HedgeFund - Entering long position: 0.016958 BTC at 59153.45
2025-12-03 15:00:06,522 - INFO - HedgeFund - Exiting position: P&L = -18.58 (-1.85%)
2025-12-03 15:00:06,522 - INFO - HedgeFund - Entering long position: 0.017114 BTC at 58504.92
2025-12-03 15:00:06,522 - INFO - HedgeFund - Exiting position: P&L = -2.69 (-0.27%)
2025-12-03 15:00:06,522 - INFO - HedgeFund - Entering long position: 0.017069 BTC at 58643.53
2025-12-03 15:00:06,523 - INFO - HedgeFund - Exiting position: P&L = -15.34 (-1.53%)
2025-12-03 15:00:06,523 - INFO - HedgeFund - Entering long position: 0.017298 BTC at 57780.36
2025-12-03 15:00:06,523 - INFO - HedgeFund - Exiting position: P&L = -2.52 (-0.25%)
2025-12-03 15:00:06,523 - INFO - HedgeFund - Entering long position: 0.017174 BTC at 58183.13
2025-12-03 15:00:06,523 - INFO - HedgeFund - Exiting position: P&L = -9.29 (-0.93%)
2025-12-03 15:00:06,523 - INFO - HedgeFund - Entering long position: 0.017191 BTC at 58069.01
2025-12-03 15:00:06,523 - INFO - HedgeFund - Exiting position: P&L = -14.98 (-1.50%)
2025-12-03 15:00:06,523 - INFO - HedgeFund - Entering long position: 0.017379 BTC at 57355.00
2025-12-03 15:00:06,523 - INFO - HedgeFund - Exiting position: P&L = 8.87 (0.89%)
2025-12-03 15:00:06,523 - INFO - HedgeFund - Entering long position: 0.017157 BTC at 58150.80
2025-12-03 15:00:06,524 - INFO - HedgeFund - Exiting position: P&L = -17.71 (-1.77%)
2025-12-03 15:00:06,524 - INFO - HedgeFund - Entering long position: 0.017354 BTC at 57387.38
2025-12-03 15:00:06,524 - INFO - HedgeFund - Exiting position: P&L = -1.79 (-0.18%)
2025-12-03 15:00:06,524 - INFO - HedgeFund - Entering long position: 0.017333 BTC at 57447.36
2025-12-03 15:00:06,524 - INFO - HedgeFund - Exiting position: P&L = 44.30 (4.45%)
2025-12-03 15:00:06,524 - INFO - HedgeFund - Entering long position: 0.016480 BTC at 60688.46
2025-12-03 15:00:06,524 - INFO - HedgeFund - Exiting position: P&L = -12.93 (-1.29%)
2025-12-03 15:00:06,524 - INFO - HedgeFund - Entering long position: 0.016934 BTC at 58984.48
2025-12-03 15:00:06,524 - INFO - HedgeFund - Exiting position: P&L = 6.08 (0.61%)
2025-12-03 15:00:06,524 - INFO - HedgeFund - Entering long position: 0.016765 BTC at 59618.11
2025-12-03 15:00:06,525 - INFO - HedgeFund - Exiting position: P&L = 9.61 (0.96%)
2025-12-03 15:00:06,525 - INFO - HedgeFund - Entering long position: 0.016780 BTC at 59619.21
2025-12-03 15:00:06,525 - INFO - HedgeFund - Exiting position: P&L = -10.81 (-1.08%)
2025-12-03 15:00:06,525 - INFO - HedgeFund - Entering long position: 0.016631 BTC at 60091.02
2025-12-03 15:00:06,525 - INFO - HedgeFund - Exiting position: P&L = -7.41 (-0.74%)
2025-12-03 15:00:06,525 - INFO - HedgeFund - Entering long position: 0.016824 BTC at 59357.38
2025-12-03 15:00:06,525 - INFO - HedgeFund - Exiting position: P&L = -4.76 (-0.48%)
2025-12-03 15:00:06,525 - INFO - HedgeFund - Entering long position: 0.016838 BTC at 59277.87
2025-12-03 15:00:06,525 - INFO - HedgeFund - Exiting position: P&L = -12.59 (-1.26%)
2025-12-03 15:00:06,525 - INFO - HedgeFund - Entering long position: 0.016768 BTC at 59451.18
2025-12-03 15:00:06,525 - INFO - HedgeFund - Exiting position: P&L = -11.27 (-1.13%)
2025-12-03 15:00:06,525 - INFO - HedgeFund - Entering long position: 0.016962 BTC at 58703.21
2025-12-03 15:00:06,525 - INFO - HedgeFund - Exiting position: P&L = -1.04 (-0.10%)
2025-12-03 15:00:06,526 - INFO - HedgeFund - Entering long position: 0.016650 BTC at 59799.29
2025-12-03 15:00:06,526 - INFO - HedgeFund - Exiting position: P&L = -12.76 (-1.28%)
2025-12-03 15:00:06,526 - INFO - HedgeFund - Entering long position: 0.017712 BTC at 56141.90
2025-12-03 15:00:06,526 - INFO - HedgeFund - Exiting position: P&L = -14.32 (-1.44%)
2025-12-03 15:00:06,526 - INFO - HedgeFund - Entering long position: 0.018479 BTC at 53733.76
2025-12-03 15:00:06,526 - INFO - HedgeFund - Exiting position: P&L = -10.31 (-1.04%)
2025-12-03 15:00:06,526 - INFO - HedgeFund - Entering long position: 0.018401 BTC at 53904.88
2025-12-03 15:00:06,526 - INFO - HedgeFund - Exiting position: P&L = -11.89 (-1.20%)
2025-12-03 15:00:06,526 - INFO - HedgeFund - Entering long position: 0.018346 BTC at 54002.21
2025-12-03 15:00:06,526 - INFO - HedgeFund - Exiting position: P&L = -8.46 (-0.85%)
2025-12-03 15:00:06,527 - INFO - HedgeFund - Entering long position: 0.018329 BTC at 54006.75
2025-12-03 15:00:06,527 - INFO - HedgeFund - Exiting position: P&L = 31.19 (3.15%)
2025-12-03 15:00:06,527 - INFO - HedgeFund - Entering long position: 0.018398 BTC at 53974.04
2025-12-03 15:00:06,527 - INFO - HedgeFund - Exiting position: P&L = 13.83 (1.39%)
2025-12-03 15:00:06,527 - INFO - HedgeFund - Entering long position: 0.018056 BTC at 55071.40
2025-12-03 15:00:06,527 - INFO - HedgeFund - Exiting position: P&L = 1.35 (0.14%)
2025-12-03 15:00:06,527 - INFO - HedgeFund - Entering long position: 0.018507 BTC at 53738.13
2025-12-03 15:00:06,527 - INFO - HedgeFund - Exiting position: P&L = -8.11 (-0.82%)
2025-12-03 15:00:06,527 - INFO - HedgeFund - Entering long position: 0.018608 BTC at 53402.87
2025-12-03 15:00:06,528 - INFO - HedgeFund - Exiting position: P&L = -1.46 (-0.15%)
2025-12-03 15:00:06,528 - INFO - HedgeFund - Entering long position: 0.019877 BTC at 49984.05
2025-12-03 15:00:06,528 - INFO - HedgeFund - Exiting position: P&L = 80.56 (8.11%)
2025-12-03 15:00:06,528 - INFO - HedgeFund - Entering long position: 0.018352 BTC at 54576.57
2025-12-03 15:00:06,528 - INFO - HedgeFund - Exiting position: P&L = -5.30 (-0.53%)
2025-12-03 15:00:06,528 - INFO - HedgeFund - Entering long position: 0.018252 BTC at 54846.35
2025-12-03 15:00:06,528 - INFO - HedgeFund - Exiting position: P&L = -9.97 (-1.00%)
2025-12-03 15:00:06,528 - INFO - HedgeFund - Entering long position: 0.018342 BTC at 54523.00
2025-12-03 15:00:06,528 - INFO - HedgeFund - Exiting position: P&L = 19.48 (1.95%)
2025-12-03 15:00:06,529 - INFO - HedgeFund - Entering long position: 0.018037 BTC at 55553.66
2025-12-03 15:00:06,529 - INFO - HedgeFund - Exiting position: P&L = -0.66 (-0.07%)
2025-12-03 15:00:06,529 - INFO - HedgeFund - Entering long position: 0.017854 BTC at 56118.65
2025-12-03 15:00:06,529 - INFO - HedgeFund - Exiting position: P&L = -24.35 (-2.43%)
2025-12-03 15:00:06,529 - INFO - HedgeFund - Entering long position: 0.018130 BTC at 55130.17
2025-12-03 15:00:06,529 - INFO - HedgeFund - Exiting position: P&L = 16.33 (1.63%)
2025-12-03 15:00:06,529 - INFO - HedgeFund - Entering long position: 0.017930 BTC at 55838.71
2025-12-03 15:00:06,529 - INFO - HedgeFund - Exiting position: P&L = 68.12 (6.80%)
2025-12-03 15:00:06,530 - INFO - HedgeFund - Entering long position: 0.017180 BTC at 58672.93
2025-12-03 15:00:06,530 - INFO - HedgeFund - Exiting position: P&L = -2.45 (-0.24%)
2025-12-03 15:00:06,530 - INFO - HedgeFund - Entering long position: 0.017068 BTC at 59040.45
2025-12-03 15:00:06,530 - INFO - HedgeFund - Exiting position: P&L = -15.94 (-1.58%)
2025-12-03 15:00:06,530 - INFO - HedgeFund - Entering long position: 0.017793 BTC at 56547.32
2025-12-03 15:00:06,530 - INFO - HedgeFund - Exiting position: P&L = -0.34 (-0.03%)
2025-12-03 15:00:06,530 - INFO - HedgeFund - Entering long position: 0.017767 BTC at 56626.92
2025-12-03 15:00:06,530 - INFO - HedgeFund - Exiting position: P&L = -3.20 (-0.32%)
2025-12-03 15:00:06,530 - INFO - HedgeFund - Entering long position: 0.017785 BTC at 56552.17
2025-12-03 15:00:06,530 - INFO - HedgeFund - Exiting position: P&L = -6.67 (-0.66%)
2025-12-03 15:00:06,531 - INFO - HedgeFund - Entering long position: 0.018908 BTC at 53156.87
2025-12-03 15:00:06,531 - INFO - HedgeFund - Exiting position: P&L = -1.66 (-0.16%)
2025-12-03 15:00:06,531 - INFO - HedgeFund - Entering long position: 0.018694 BTC at 53758.34
2025-12-03 15:00:06,531 - INFO - HedgeFund - Exiting position: P&L = -9.73 (-0.97%)
2025-12-03 15:00:06,531 - INFO - HedgeFund - Entering long position: 0.018837 BTC at 53299.42
2025-12-03 15:00:06,531 - INFO - HedgeFund - Exiting position: P&L = -15.20 (-1.51%)
2025-12-03 15:00:06,531 - INFO - HedgeFund - Entering long position: 0.018894 BTC at 53055.94
2025-12-03 15:00:06,531 - INFO - HedgeFund - Exiting position: P&L = 23.14 (2.31%)
2025-12-03 15:00:06,531 - INFO - HedgeFund - Entering long position: 0.018470 BTC at 54399.89
2025-12-03 15:00:06,531 - INFO - HedgeFund - Exiting position: P&L = -6.65 (-0.66%)
2025-12-03 15:00:06,531 - INFO - HedgeFund - Entering long position: 0.018320 BTC at 54809.74
2025-12-03 15:00:06,531 - INFO - HedgeFund - Exiting position: P&L = -10.73 (-1.07%)
2025-12-03 15:00:06,531 - INFO - HedgeFund - Entering long position: 0.018202 BTC at 55106.35
2025-12-03 15:00:06,532 - INFO - HedgeFund - Exiting position: P&L = -14.63 (-1.46%)
2025-12-03 15:00:06,532 - INFO - HedgeFund - Entering long position: 0.018394 BTC at 54449.69
2025-12-03 15:00:06,532 - INFO - HedgeFund - Exiting position: P&L = -9.36 (-0.93%)
2025-12-03 15:00:06,532 - INFO - HedgeFund - Entering long position: 0.018414 BTC at 54340.07
2025-12-03 15:00:06,532 - INFO - HedgeFund - Exiting position: P&L = -10.99 (-1.10%)
2025-12-03 15:00:06,532 - INFO - HedgeFund - Entering long position: 0.018395 BTC at 54337.96
2025-12-03 15:00:06,532 - INFO - HedgeFund - Exiting position: P&L = -6.71 (-0.67%)
2025-12-03 15:00:06,532 - INFO - HedgeFund - Entering long position: 0.018503 BTC at 53983.10
2025-12-03 15:00:06,532 - INFO - HedgeFund - Exiting position: P&L = 9.45 (0.95%)
2025-12-03 15:00:06,532 - INFO - HedgeFund - Entering long position: 0.018049 BTC at 55394.86
2025-12-03 15:00:06,532 - INFO - HedgeFund - Exiting position: P&L = -20.63 (-2.06%)
2025-12-03 15:00:06,532 - INFO - HedgeFund - Entering long position: 0.017918 BTC at 55682.42
2025-12-03 15:00:06,532 - INFO - HedgeFund - Exiting position: P&L = 3.49 (0.35%)
2025-12-03 15:00:06,533 - INFO - HedgeFund - Entering long position: 0.017607 BTC at 56686.41
2025-12-03 15:00:06,533 - INFO - HedgeFund - Exiting position: P&L = 4.93 (0.49%)
2025-12-03 15:00:06,533 - INFO - HedgeFund - Entering long position: 0.018002 BTC at 55469.52
2025-12-03 15:00:06,533 - INFO - HedgeFund - Exiting position: P&L = -8.12 (-0.81%)
2025-12-03 15:00:06,533 - INFO - HedgeFund - Entering long position: 0.018267 BTC at 54621.36
2025-12-03 15:00:06,533 - INFO - HedgeFund - Exiting position: P&L = -1.02 (-0.10%)
2025-12-03 15:00:06,533 - INFO - HedgeFund - Entering long position: 0.018162 BTC at 54931.58
2025-12-03 15:00:06,533 - INFO - HedgeFund - Exiting position: P&L = -10.85 (-1.09%)
2025-12-03 15:00:06,534 - INFO - HedgeFund - Entering long position: 0.018155 BTC at 54892.11
2025-12-03 15:00:06,534 - INFO - HedgeFund - Exiting position: P&L = 14.65 (1.47%)
2025-12-03 15:00:06,534 - INFO - HedgeFund - Entering long position: 0.017707 BTC at 56363.42
2025-12-03 15:00:06,534 - INFO - HedgeFund - Exiting position: P&L = 23.00 (2.30%)
2025-12-03 15:00:06,534 - INFO - HedgeFund - Entering long position: 0.017224 BTC at 58077.37
2025-12-03 15:00:06,534 - INFO - HedgeFund - Exiting position: P&L = -11.04 (-1.10%)
2025-12-03 15:00:06,534 - INFO - HedgeFund - Entering long position: 0.017223 BTC at 58017.90
2025-12-03 15:00:06,534 - INFO - HedgeFund - Exiting position: P&L = -15.93 (-1.59%)
2025-12-03 15:00:06,534 - INFO - HedgeFund - Entering long position: 0.017285 BTC at 57718.84
2025-12-03 15:00:06,534 - INFO - HedgeFund - Exiting position: P&L = -12.61 (-1.26%)
2025-12-03 15:00:06,535 - INFO - HedgeFund - Entering long position: 0.017325 BTC at 57513.08
2025-12-03 15:00:06,535 - INFO - HedgeFund - Exiting position: P&L = 3.37 (0.34%)
2025-12-03 15:00:06,535 - INFO - HedgeFund - Entering long position: 0.017062 BTC at 58418.87
2025-12-03 15:00:06,535 - INFO - HedgeFund - Exiting position: P&L = 0.95 (0.10%)
2025-12-03 15:00:06,535 - INFO - HedgeFund - Entering long position: 0.017428 BTC at 57195.85
2025-12-03 15:00:06,535 - INFO - HedgeFund - Exiting position: P&L = 16.58 (1.66%)
2025-12-03 15:00:06,535 - INFO - HedgeFund - Entering long position: 0.017647 BTC at 56579.76
2025-12-03 15:00:06,535 - INFO - HedgeFund - Exiting position: P&L = -4.52 (-0.45%)
2025-12-03 15:00:06,535 - INFO - HedgeFund - Entering long position: 0.017702 BTC at 56380.55
2025-12-03 15:00:06,536 - INFO - HedgeFund - Exiting position: P&L = -19.38 (-1.94%)
2025-12-03 15:00:06,536 - INFO - HedgeFund - Entering long position: 0.018157 BTC at 54860.18
2025-12-03 15:00:06,536 - INFO - HedgeFund - Exiting position: P&L = -14.65 (-1.47%)
2025-12-03 15:00:06,536 - INFO - HedgeFund - Entering long position: 0.018551 BTC at 53616.02
2025-12-03 15:00:06,536 - INFO - HedgeFund - Exiting position: P&L = 10.18 (1.02%)
2025-12-03 15:00:06,536 - INFO - HedgeFund - Entering long position: 0.018269 BTC at 54499.80
2025-12-03 15:00:06,536 - INFO - HedgeFund - Exiting position: P&L = -15.17 (-1.52%)
2025-12-03 15:00:06,536 - INFO - HedgeFund - Entering long position: 0.018800 BTC at 52878.68
2025-12-03 15:00:06,536 - INFO - HedgeFund - Exiting position: P&L = -16.16 (-1.63%)
2025-12-03 15:00:06,536 - INFO - HedgeFund - Entering long position: 0.018599 BTC at 53362.73
2025-12-03 15:00:06,537 - INFO - HedgeFund - Exiting position: P&L = 8.89 (0.90%)
2025-12-03 15:00:06,537 - INFO - HedgeFund - Entering long position: 0.018090 BTC at 54914.98
2025-12-03 15:00:06,537 - INFO - HedgeFund - Exiting position: P&L = -3.20 (-0.32%)
2025-12-03 15:00:06,537 - INFO - HedgeFund - Entering long position: 0.018233 BTC at 54465.13
2025-12-03 15:00:06,537 - INFO - HedgeFund - Exiting position: P&L = -4.48 (-0.45%)
2025-12-03 15:00:06,537 - INFO - HedgeFund - Entering long position: 0.018098 BTC at 54847.63
2025-12-03 15:00:06,537 - INFO - HedgeFund - Exiting position: P&L = -21.88 (-2.20%)
2025-12-03 15:00:06,537 - INFO - HedgeFund - Entering long position: 0.018210 BTC at 54391.38
2025-12-03 15:00:06,537 - INFO - HedgeFund - Exiting position: P&L = 1.58 (0.16%)
2025-12-03 15:00:06,537 - INFO - HedgeFund - Entering long position: 0.018298 BTC at 54136.27
2025-12-03 15:00:06,537 - INFO - HedgeFund - Exiting position: P&L = -7.88 (-0.80%)
2025-12-03 15:00:06,538 - INFO - HedgeFund - Entering long position: 0.018422 BTC at 53729.47
2025-12-03 15:00:06,538 - INFO - HedgeFund - Exiting position: P&L = 0.89 (0.09%)
2025-12-03 15:00:06,538 - INFO - HedgeFund - Entering long position: 0.018310 BTC at 54063.00
2025-12-03 15:00:06,538 - INFO - HedgeFund - Exiting position: P&L = -21.35 (-2.16%)
2025-12-03 15:00:06,538 - INFO - HedgeFund - Entering long position: 0.018089 BTC at 54604.90
2025-12-03 15:00:06,538 - INFO - HedgeFund - Exiting position: P&L = -21.08 (-2.13%)
2025-12-03 15:00:06,538 - INFO - HedgeFund - Entering long position: 0.018441 BTC at 53451.01
2025-12-03 15:00:06,538 - INFO - HedgeFund - Exiting position: P&L = -10.26 (-1.04%)
2025-12-03 15:00:06,538 - INFO - HedgeFund - Entering long position: 0.018393 BTC at 53532.58
2025-12-03 15:00:06,538 - INFO - HedgeFund - Exiting position: P&L = 8.50 (0.86%)
2025-12-03 15:00:06,538 - INFO - HedgeFund - Entering long position: 0.018027 BTC at 54668.10
2025-12-03 15:00:06,539 - INFO - HedgeFund - Exiting position: P&L = 49.45 (5.02%)
2025-12-03 15:00:06,539 - INFO - HedgeFund - Entering long position: 0.017198 BTC at 57591.73
2025-12-03 15:00:06,539 - INFO - HedgeFund - Exiting position: P&L = -11.09 (-1.12%)
2025-12-03 15:00:06,539 - INFO - HedgeFund - Entering long position: 0.017636 BTC at 56096.78
2025-12-03 15:00:06,539 - INFO - HedgeFund - Exiting position: P&L = -18.50 (-1.87%)
2025-12-03 15:00:06,539 - INFO - HedgeFund - Entering long position: 0.017755 BTC at 55616.40
2025-12-03 15:00:06,539 - INFO - HedgeFund - Exiting position: P&L = -8.27 (-0.84%)
2025-12-03 15:00:06,539 - INFO - HedgeFund - Entering long position: 0.017414 BTC at 56659.60
2025-12-03 15:00:06,539 - INFO - HedgeFund - Exiting position: P&L = 22.21 (2.25%)
2025-12-03 15:00:06,539 - INFO - HedgeFund - Entering long position: 0.016957 BTC at 58315.75
2025-12-03 15:00:06,540 - INFO - HedgeFund - Exiting position: P&L = -4.59 (-0.46%)
2025-12-03 15:00:06,540 - INFO - HedgeFund - Entering long position: 0.016891 BTC at 58515.30
2025-12-03 15:00:06,540 - INFO - HedgeFund - Exiting position: P&L = 17.80 (1.80%)
2025-12-03 15:00:06,540 - INFO - HedgeFund - Entering long position: 0.016846 BTC at 58780.56
2025-12-03 15:00:06,540 - INFO - HedgeFund - Exiting position: P&L = -3.67 (-0.37%)
2025-12-03 15:00:06,540 - INFO - HedgeFund - Entering long position: 0.016588 BTC at 59671.55
2025-12-03 15:00:06,540 - INFO - HedgeFund - Exiting position: P&L = -22.07 (-2.23%)
2025-12-03 15:00:06,540 - INFO - HedgeFund - Entering long position: 0.017100 BTC at 57755.40
2025-12-03 15:00:06,540 - INFO - HedgeFund - Exiting position: P&L = -4.17 (-0.42%)
2025-12-03 15:00:06,540 - INFO - HedgeFund - Entering long position: 0.017268 BTC at 57170.13
2025-12-03 15:00:06,541 - INFO - HedgeFund - Exiting position: P&L = -12.90 (-1.31%)
2025-12-03 15:00:06,541 - INFO - HedgeFund - Entering long position: 0.017289 BTC at 57026.27
2025-12-03 15:00:06,541 - INFO - HedgeFund - Exiting position: P&L = -5.80 (-0.59%)
2025-12-03 15:00:06,541 - INFO - HedgeFund - Entering long position: 0.017142 BTC at 57481.76
2025-12-03 15:00:06,541 - INFO - HedgeFund - Exiting position: P&L = -28.41 (-2.88%)
2025-12-03 15:00:06,541 - INFO - HedgeFund - Entering long position: 0.017833 BTC at 55094.72
2025-12-03 15:00:06,541 - INFO - HedgeFund - Exiting position: P&L = -2.89 (-0.29%)
2025-12-03 15:00:06,541 - INFO - HedgeFund - Entering long position: 0.017835 BTC at 55072.64
2025-12-03 15:00:06,541 - INFO - HedgeFund - Exiting position: P&L = 7.15 (0.73%)
2025-12-03 15:00:06,541 - INFO - HedgeFund - Entering long position: 0.017622 BTC at 55778.72
2025-12-03 15:00:06,541 - INFO - HedgeFund - Exiting position: P&L = 0.51 (0.05%)
2025-12-03 15:00:06,542 - INFO - HedgeFund - Entering long position: 0.018694 BTC at 52582.65
2025-12-03 15:00:06,542 - INFO - HedgeFund - Exiting position: P&L = -8.23 (-0.84%)
2025-12-03 15:00:06,542 - INFO - HedgeFund - Entering long position: 0.019013 BTC at 51655.81
2025-12-03 15:00:06,542 - INFO - HedgeFund - Exiting position: P&L = -8.64 (-0.88%)
2025-12-03 15:00:06,542 - INFO - HedgeFund - Entering long position: 0.019143 BTC at 51260.38
2025-12-03 15:00:06,542 - INFO - HedgeFund - Exiting position: P&L = 40.50 (4.13%)
2025-12-03 15:00:06,542 - INFO - HedgeFund - Entering long position: 0.018755 BTC at 52537.71
2025-12-03 15:00:06,543 - INFO - HedgeFund - Exiting position: P&L = 117.07 (11.88%)
2025-12-03 15:00:06,543 - INFO - HedgeFund - Entering long position: 0.017035 BTC at 58529.76
2025-12-03 15:00:06,543 - INFO - HedgeFund - Exiting position: P&L = -10.17 (-1.02%)
2025-12-03 15:00:06,543 - INFO - HedgeFund - Entering long position: 0.016899 BTC at 58940.80
2025-12-03 15:00:06,543 - INFO - HedgeFund - Exiting position: P&L = 3.11 (0.31%)
2025-12-03 15:00:06,543 - INFO - HedgeFund - Entering long position: 0.016851 BTC at 59124.34
2025-12-03 15:00:06,543 - INFO - HedgeFund - Exiting position: P&L = -5.08 (-0.51%)
2025-12-03 15:00:06,543 - INFO - HedgeFund - Entering long position: 0.016729 BTC at 59526.04
2025-12-03 15:00:06,543 - INFO - HedgeFund - Exiting position: P&L = -10.50 (-1.05%)
2025-12-03 15:00:06,543 - INFO - HedgeFund - Entering long position: 0.016690 BTC at 59601.56
2025-12-03 15:00:06,544 - INFO - HedgeFund - Exiting position: P&L = 33.34 (3.35%)
2025-12-03 15:00:06,544 - INFO - HedgeFund - Entering long position: 0.016276 BTC at 61324.64
2025-12-03 15:00:06,544 - INFO - HedgeFund - Exiting position: P&L = 4.23 (0.42%)
2025-12-03 15:00:06,544 - INFO - HedgeFund - Entering long position: 0.016159 BTC at 61795.00
2025-12-03 15:00:06,544 - INFO - HedgeFund - Exiting position: P&L = -4.57 (-0.46%)
2025-12-03 15:00:06,544 - INFO - HedgeFund - Entering long position: 0.016180 BTC at 61686.16
2025-12-03 15:00:06,544 - INFO - HedgeFund - Exiting position: P&L = -7.24 (-0.73%)
2025-12-03 15:00:06,544 - INFO - HedgeFund - Entering long position: 0.016051 BTC at 62136.41
2025-12-03 15:00:06,544 - INFO - HedgeFund - Exiting position: P&L = 35.39 (3.55%)
2025-12-03 15:00:06,544 - INFO - HedgeFund - Entering long position: 0.015308 BTC at 65382.43
2025-12-03 15:00:06,544 - INFO - HedgeFund - Exiting position: P&L = -0.30 (-0.03%)
2025-12-03 15:00:06,544 - INFO - HedgeFund - Entering long position: 0.015369 BTC at 65120.22
2025-12-03 15:00:06,545 - INFO - HedgeFund - Exiting position: P&L = 14.08 (1.41%)
2025-12-03 15:00:06,545 - INFO - HedgeFund - Entering long position: 0.015214 BTC at 65877.25
2025-12-03 15:00:06,545 - INFO - HedgeFund - Exiting position: P&L = 12.11 (1.21%)
2025-12-03 15:00:06,545 - INFO - HedgeFund - Entering long position: 0.014908 BTC at 67311.28
2025-12-03 15:00:06,545 - INFO - HedgeFund - Exiting position: P&L = -10.23 (-1.02%)
2025-12-03 15:00:06,545 - INFO - HedgeFund - Entering long position: 0.014755 BTC at 67940.01
2025-12-03 15:00:06,545 - INFO - HedgeFund - Exiting position: P&L = 109.28 (10.90%)
2025-12-03 15:00:06,545 - INFO - HedgeFund - Entering long position: 0.014028 BTC at 72238.71
2025-12-03 15:00:06,545 - INFO - HedgeFund - Exiting position: P&L = -8.50 (-0.84%)
2025-12-03 15:00:06,546 - INFO - HedgeFund - Entering long position: 0.013738 BTC at 73704.84
2025-12-03 15:00:06,546 - INFO - HedgeFund - Exiting position: P&L = -23.69 (-2.34%)
2025-12-03 15:00:06,546 - INFO - HedgeFund - Entering long position: 0.015174 BTC at 66573.22
2025-12-03 15:00:06,546 - INFO - HedgeFund - Exiting position: P&L = 7.55 (0.75%)
2025-12-03 15:00:06,546 - INFO - HedgeFund - Entering long position: 0.014910 BTC at 67802.05
2025-12-03 15:00:06,546 - INFO - HedgeFund - Exiting position: P&L = -6.30 (-0.62%)
2025-12-03 15:00:06,546 - INFO - HedgeFund - Entering long position: 0.014805 BTC at 68241.54
2025-12-03 15:00:06,546 - INFO - HedgeFund - Exiting position: P&L = 0.93 (0.09%)
2025-12-03 15:00:06,546 - INFO - HedgeFund - Entering long position: 0.014726 BTC at 68611.77
2025-12-03 15:00:06,546 - INFO - HedgeFund - Exiting position: P&L = -9.70 (-0.96%)
2025-12-03 15:00:06,547 - INFO - HedgeFund - Entering long position: 0.015236 BTC at 66251.75
2025-12-03 15:00:06,547 - INFO - HedgeFund - Exiting position: P&L = -8.83 (-0.87%)
2025-12-03 15:00:06,547 - INFO - HedgeFund - Entering long position: 0.015222 BTC at 66254.33
2025-12-03 15:00:06,547 - INFO - HedgeFund - Exiting position: P&L = -0.98 (-0.10%)
2025-12-03 15:00:06,547 - INFO - HedgeFund - Entering long position: 0.015122 BTC at 66684.66
2025-12-03 15:00:06,547 - INFO - HedgeFund - Exiting position: P&L = -11.88 (-1.18%)
2025-12-03 15:00:06,547 - INFO - HedgeFund - Entering long position: 0.015201 BTC at 66260.46
2025-12-03 15:00:06,547 - INFO - HedgeFund - Exiting position: P&L = -7.15 (-0.71%)
2025-12-03 15:00:06,547 - INFO - HedgeFund - Entering long position: 0.015940 BTC at 63145.39
2025-12-03 15:00:06,547 - INFO - HedgeFund - Exiting position: P&L = -8.15 (-0.81%)
2025-12-03 15:00:06,547 - INFO - HedgeFund - Entering long position: 0.016064 BTC at 62608.17
2025-12-03 15:00:06,548 - INFO - HedgeFund - Exiting position: P&L = 14.68 (1.46%)
2025-12-03 15:00:06,548 - INFO - HedgeFund - Entering long position: 0.017065 BTC at 59019.80
2025-12-03 15:00:06,548 - INFO - HedgeFund - Exiting position: P&L = -3.61 (-0.36%)
2025-12-03 15:00:06,548 - INFO - HedgeFund - Entering long position: 0.017045 BTC at 59067.93
2025-12-03 15:00:06,548 - INFO - HedgeFund - Exiting position: P&L = -15.37 (-1.53%)
2025-12-03 15:00:06,548 - INFO - HedgeFund - Entering long position: 0.017321 BTC at 58038.99
2025-12-03 15:00:06,548 - INFO - HedgeFund - Exiting position: P&L = -2.87 (-0.29%)
2025-12-03 15:00:06,549 - INFO - HedgeFund - Entering long position: 0.017415 BTC at 57710.09
2025-12-03 15:00:06,549 - INFO - HedgeFund - Exiting position: P&L = -21.42 (-2.13%)
2025-12-03 15:00:06,549 - INFO - HedgeFund - Entering long position: 0.017693 BTC at 56681.83
2025-12-03 15:00:06,549 - INFO - HedgeFund - Exiting position: P&L = 36.14 (3.60%)
2025-12-03 15:00:06,549 - INFO - HedgeFund - Entering long position: 0.017203 BTC at 58506.02
2025-12-03 15:00:06,549 - INFO - HedgeFund - Exiting position: P&L = -1.37 (-0.14%)
2025-12-03 15:00:06,549 - INFO - HedgeFund - Entering long position: 0.017199 BTC at 58511.70
2025-12-03 15:00:06,549 - INFO - HedgeFund - Exiting position: P&L = -11.84 (-1.18%)
2025-12-03 15:00:06,549 - INFO - HedgeFund - Entering long position: 0.017832 BTC at 56367.85
2025-12-03 15:00:06,549 - INFO - HedgeFund - Exiting position: P&L = -20.11 (-2.00%)
2025-12-03 15:00:06,549 - INFO - HedgeFund - Entering long position: 0.018097 BTC at 55431.21
2025-12-03 15:00:06,550 - INFO - HedgeFund - Exiting position: P&L = -8.29 (-0.83%)
2025-12-03 15:00:06,550 - INFO - HedgeFund - Entering long position: 0.018990 BTC at 52779.39
2025-12-03 15:00:06,550 - INFO - HedgeFund - Exiting position: P&L = -11.94 (-1.19%)
2025-12-03 15:00:06,550 - INFO - HedgeFund - Entering long position: 0.018920 BTC at 52914.13
2025-12-03 15:00:06,550 - INFO - HedgeFund - Exiting position: P&L = -2.28 (-0.23%)
2025-12-03 15:00:06,550 - INFO - HedgeFund - Entering long position: 0.019253 BTC at 51984.68
2025-12-03 15:00:06,550 - INFO - HedgeFund - Exiting position: P&L = 4.48 (0.45%)
2025-12-03 15:00:06,550 - INFO - HedgeFund - Entering long position: 0.019076 BTC at 52491.26
2025-12-03 15:00:06,550 - INFO - HedgeFund - Exiting position: P&L = 8.27 (0.83%)
2025-12-03 15:00:06,550 - INFO - HedgeFund - Entering long position: 0.018810 BTC at 53277.24
2025-12-03 15:00:06,551 - INFO - HedgeFund - Exiting position: P&L = -15.45 (-1.54%)
2025-12-03 15:00:06,551 - INFO - HedgeFund - Entering long position: 0.018778 BTC at 53285.75
2025-12-03 15:00:06,551 - INFO - HedgeFund - Exiting position: P&L = -17.05 (-1.70%)
2025-12-03 15:00:06,551 - INFO - HedgeFund - Entering long position: 0.018724 BTC at 53348.77
2025-12-03 15:00:06,551 - INFO - HedgeFund - Exiting position: P&L = -5.65 (-0.57%)
2025-12-03 15:00:06,551 - INFO - HedgeFund - Entering long position: 0.018535 BTC at 53862.61
2025-12-03 15:00:06,551 - INFO - HedgeFund - Exiting position: P&L = -4.69 (-0.47%)
2025-12-03 15:00:06,551 - INFO - HedgeFund - Entering long position: 0.018466 BTC at 54037.27
2025-12-03 15:00:06,551 - INFO - HedgeFund - Exiting position: P&L = 8.20 (0.82%)
2025-12-03 15:00:06,552 - INFO - HedgeFund - Entering long position: 0.018056 BTC at 55311.56
2025-12-03 15:00:06,552 - INFO - HedgeFund - Exiting position: P&L = -5.27 (-0.53%)
2025-12-03 15:00:06,552 - INFO - HedgeFund - Entering long position: 0.018266 BTC at 54647.11
2025-12-03 15:00:06,552 - INFO - HedgeFund - Exiting position: P&L = -11.58 (-1.16%)
2025-12-03 15:00:06,552 - INFO - HedgeFund - Entering long position: 0.018401 BTC at 54183.39
2025-12-03 15:00:06,552 - INFO - HedgeFund - Exiting position: P&L = -3.86 (-0.39%)
2025-12-03 15:00:06,552 - INFO - HedgeFund - Entering long position: 0.019242 BTC at 51793.50
2025-12-03 15:00:06,552 - INFO - HedgeFund - Exiting position: P&L = -16.58 (-1.66%)
2025-12-03 15:00:06,552 - INFO - HedgeFund - Entering long position: 0.019537 BTC at 50926.77
2025-12-03 15:00:06,552 - INFO - HedgeFund - Exiting position: P&L = -4.26 (-0.43%)
2025-12-03 15:00:06,553 - INFO - HedgeFund - Entering long position: 0.019738 BTC at 50386.41
2025-12-03 15:00:06,553 - INFO - HedgeFund - Exiting position: P&L = -18.49 (-1.86%)
2025-12-03 15:00:06,553 - INFO - HedgeFund - Entering long position: 0.019731 BTC at 50310.63
2025-12-03 15:00:06,553 - INFO - HedgeFund - Exiting position: P&L = -11.76 (-1.18%)
2025-12-03 15:00:06,553 - INFO - HedgeFund - Entering long position: 0.019800 BTC at 50076.41
2025-12-03 15:00:06,553 - INFO - HedgeFund - Exiting position: P&L = -7.01 (-0.71%)
2025-12-03 15:00:06,553 - INFO - HedgeFund - Entering long position: 0.019928 BTC at 49718.93
2025-12-03 15:00:06,553 - INFO - HedgeFund - Exiting position: P&L = -11.20 (-1.13%)
2025-12-03 15:00:06,554 - INFO - HedgeFund - Entering long position: 0.019933 BTC at 49651.37
2025-12-03 15:00:06,554 - INFO - HedgeFund - Exiting position: P&L = 61.68 (6.23%)
2025-12-03 15:00:06,554 - INFO - HedgeFund - Entering long position: 0.018692 BTC at 53278.52
2025-12-03 15:00:06,554 - INFO - HedgeFund - Exiting position: P&L = -7.77 (-0.78%)
2025-12-03 15:00:06,554 - INFO - HedgeFund - Entering long position: 0.018386 BTC at 54120.35
2025-12-03 15:00:06,554 - INFO - HedgeFund - Exiting position: P&L = 4.17 (0.42%)
2025-12-03 15:00:06,554 - INFO - HedgeFund - Entering long position: 0.018096 BTC at 55010.87
2025-12-03 15:00:06,554 - INFO - HedgeFund - Exiting position: P&L = -16.75 (-1.68%)
2025-12-03 15:00:06,554 - INFO - HedgeFund - Entering long position: 0.017999 BTC at 55216.58
2025-12-03 15:00:06,555 - INFO - HedgeFund - Exiting position: P&L = -0.55 (-0.05%)
2025-12-03 15:00:06,555 - INFO - HedgeFund - Entering long position: 0.018042 BTC at 55080.71
2025-12-03 15:00:06,555 - INFO - HedgeFund - Exiting position: P&L = 59.19 (5.96%)
2025-12-03 15:00:06,555 - INFO - HedgeFund - Entering long position: 0.017059 BTC at 58602.59
2025-12-03 15:00:06,555 - INFO - HedgeFund - Exiting position: P&L = -1.07 (-0.11%)
2025-12-03 15:00:06,555 - INFO - HedgeFund - Entering long position: 0.016792 BTC at 59527.99
2025-12-03 15:00:06,555 - INFO - HedgeFund - Exiting position: P&L = 59.51 (5.95%)
2025-12-03 15:00:06,555 - INFO - HedgeFund - Entering long position: 0.015649 BTC at 64257.14
2025-12-03 15:00:06,556 - INFO - HedgeFund - Exiting position: P&L = -9.96 (-0.99%)
2025-12-03 15:00:06,556 - INFO - HedgeFund - Entering long position: 0.015579 BTC at 64480.24
2025-12-03 15:00:06,556 - INFO - HedgeFund - Exiting position: P&L = -9.13 (-0.91%)
2025-12-03 15:00:06,556 - INFO - HedgeFund - Entering long position: 0.015595 BTC at 64356.01
2025-12-03 15:00:06,556 - INFO - HedgeFund - Exiting position: P&L = -5.76 (-0.57%)
2025-12-03 15:00:06,556 - INFO - HedgeFund - Entering long position: 0.015584 BTC at 64362.11
2025-12-03 15:00:06,556 - INFO - HedgeFund - Exiting position: P&L = 2.23 (0.22%)
2025-12-03 15:00:06,556 - INFO - HedgeFund - Entering long position: 0.015344 BTC at 65383.53
2025-12-03 15:00:06,556 - INFO - HedgeFund - Exiting position: P&L = -13.61 (-1.36%)
2025-12-03 15:00:06,556 - INFO - HedgeFund - Entering long position: 0.015507 BTC at 64609.27
2025-12-03 15:00:06,556 - INFO - HedgeFund - Exiting position: P&L = 1.31 (0.13%)
2025-12-03 15:00:06,557 - INFO - HedgeFund - Entering long position: 0.015233 BTC at 65779.95
2025-12-03 15:00:06,557 - INFO - HedgeFund - Exiting position: P&L = -10.89 (-1.09%)
2025-12-03 15:00:06,557 - INFO - HedgeFund - Entering long position: 0.016890 BTC at 59262.75
2025-12-03 15:00:06,557 - INFO - HedgeFund - Exiting position: P&L = 26.18 (2.62%)
2025-12-03 15:00:06,557 - INFO - HedgeFund - Entering long position: 0.016237 BTC at 61808.92
2025-12-03 15:00:06,557 - INFO - HedgeFund - Exiting position: P&L = 1.32 (0.13%)
2025-12-03 15:00:06,557 - INFO - HedgeFund - Entering long position: 0.015796 BTC at 63543.47
2025-12-03 15:00:06,558 - INFO - HedgeFund - Exiting position: P&L = -16.53 (-1.65%)
2025-12-03 15:00:06,558 - INFO - HedgeFund - Entering long position: 0.015932 BTC at 62897.15
2025-12-03 15:00:06,558 - INFO - HedgeFund - Exiting position: P&L = -8.50 (-0.85%)
2025-12-03 15:00:06,558 - INFO - HedgeFund - Entering long position: 0.015878 BTC at 63053.82
2025-12-03 15:00:06,558 - INFO - HedgeFund - Exiting position: P&L = -17.42 (-1.74%)
2025-12-03 15:00:06,558 - INFO - HedgeFund - Entering long position: 0.015828 BTC at 63145.00
2025-12-03 15:00:06,558 - INFO - HedgeFund - Exiting position: P&L = 1.95 (0.20%)
2025-12-03 15:00:06,558 - INFO - HedgeFund - Entering long position: 0.015767 BTC at 63403.05
2025-12-03 15:00:06,558 - INFO - HedgeFund - Exiting position: P&L = 11.70 (1.17%)
2025-12-03 15:00:06,559 - INFO - HedgeFund - Entering long position: 0.016300 BTC at 61402.04
2025-12-03 15:00:06,559 - INFO - HedgeFund - Exiting position: P&L = 53.62 (5.36%)
2025-12-03 15:00:06,559 - INFO - HedgeFund - Entering long position: 0.015402 BTC at 65326.53
2025-12-03 15:00:06,559 - INFO - HedgeFund - Exiting position: P&L = 0.04 (0.00%)
2025-12-03 15:00:06,559 - INFO - HedgeFund - Entering long position: 0.015217 BTC at 66122.05
2025-12-03 15:00:06,559 - INFO - HedgeFund - Exiting position: P&L = -18.91 (-1.88%)
2025-12-03 15:00:06,559 - INFO - HedgeFund - Entering long position: 0.015360 BTC at 65382.13
2025-12-03 15:00:06,559 - INFO - HedgeFund - Exiting position: P&L = 3.25 (0.32%)
2025-12-03 15:00:06,559 - INFO - HedgeFund - Entering long position: 0.015410 BTC at 65193.08
2025-12-03 15:00:06,560 - INFO - HedgeFund - Exiting position: P&L = -6.85 (-0.68%)
2025-12-03 15:00:06,560 - INFO - HedgeFund - Entering long position: 0.015846 BTC at 63356.20
2025-12-03 15:00:06,560 - INFO - HedgeFund - Exiting position: P&L = 21.40 (2.13%)
2025-12-03 15:00:06,560 - INFO - HedgeFund - Entering long position: 0.015305 BTC at 65735.54
2025-12-03 15:00:06,560 - INFO - HedgeFund - Exiting position: P&L = 44.75 (4.45%)
2025-12-03 15:00:06,560 - INFO - HedgeFund - Entering long position: 0.014615 BTC at 69147.16
2025-12-03 15:00:06,560 - INFO - HedgeFund - Exiting position: P&L = 5.50 (0.54%)
2025-12-03 15:00:06,560 - INFO - HedgeFund - Entering long position: 0.014507 BTC at 69697.52
2025-12-03 15:00:06,560 - INFO - HedgeFund - Exiting position: P&L = -3.60 (-0.36%)
2025-12-03 15:00:06,560 - INFO - HedgeFund - Entering long position: 0.014444 BTC at 69977.23
2025-12-03 15:00:06,561 - INFO - HedgeFund - Exiting position: P&L = -7.18 (-0.71%)
2025-12-03 15:00:06,561 - INFO - HedgeFund - Entering long position: 0.014449 BTC at 69903.56
2025-12-03 15:00:06,561 - INFO - HedgeFund - Exiting position: P&L = 10.92 (1.08%)
2025-12-03 15:00:06,561 - INFO - HedgeFund - Entering long position: 0.014234 BTC at 71035.72
2025-12-03 15:00:06,561 - INFO - HedgeFund - Exiting position: P&L = 39.93 (3.95%)
2025-12-03 15:00:06,561 - INFO - HedgeFund - Entering long position: 0.013655 BTC at 74342.12
2025-12-03 15:00:06,561 - INFO - HedgeFund - Exiting position: P&L = -8.22 (-0.81%)
2025-12-03 15:00:06,561 - INFO - HedgeFund - Entering long position: 0.013725 BTC at 73898.63
2025-12-03 15:00:06,561 - INFO - HedgeFund - Exiting position: P&L = 7.33 (0.72%)
2025-12-03 15:00:06,562 - INFO - HedgeFund - Entering long position: 0.013585 BTC at 74718.01
2025-12-03 15:00:06,562 - INFO - HedgeFund - Exiting position: P&L = 6.97 (0.69%)
2025-12-03 15:00:06,562 - INFO - HedgeFund - Entering long position: 0.013371 BTC at 75964.58
2025-12-03 15:00:06,562 - INFO - HedgeFund - Exiting position: P&L = -12.03 (-1.18%)
2025-12-03 15:00:06,562 - INFO - HedgeFund - Entering long position: 0.013381 BTC at 75815.21
2025-12-03 15:00:06,562 - INFO - HedgeFund - Exiting position: P&L = -13.76 (-1.36%)
2025-12-03 15:00:06,562 - INFO - HedgeFund - Entering long position: 0.013750 BTC at 73684.06
2025-12-03 15:00:06,562 - INFO - HedgeFund - Exiting position: P&L = 40.66 (4.01%)
2025-12-03 15:00:06,562 - INFO - HedgeFund - Entering long position: 0.013690 BTC at 74300.82
2025-12-03 15:00:06,563 - INFO - HedgeFund - Exiting position: P&L = 39.73 (3.91%)
2025-12-03 15:00:06,563 - INFO - HedgeFund - Entering long position: 0.013034 BTC at 78345.72
2025-12-03 15:00:06,563 - INFO - HedgeFund - Exiting position: P&L = -22.18 (-2.17%)
2025-12-03 15:00:06,563 - INFO - HedgeFund - Entering long position: 0.013100 BTC at 77782.83
2025-12-03 15:00:06,563 - INFO - HedgeFund - Exiting position: P&L = 1.06 (0.10%)
2025-12-03 15:00:06,563 - INFO - HedgeFund - Entering long position: 0.012854 BTC at 79281.78
2025-12-03 15:00:06,563 - INFO - HedgeFund - Exiting position: P&L = -7.38 (-0.72%)
2025-12-03 15:00:06,563 - INFO - HedgeFund - Entering long position: 0.012793 BTC at 79598.12
2025-12-03 15:00:06,563 - INFO - HedgeFund - Exiting position: P&L = -15.76 (-1.55%)
2025-12-03 15:00:06,563 - INFO - HedgeFund - Entering long position: 0.012882 BTC at 78926.28
2025-12-03 15:00:06,563 - INFO - HedgeFund - Exiting position: P&L = 6.53 (0.64%)
2025-12-03 15:00:06,564 - INFO - HedgeFund - Entering long position: 0.012776 BTC at 79633.80
2025-12-03 15:00:06,564 - INFO - HedgeFund - Exiting position: P&L = 0.45 (0.04%)
2025-12-03 15:00:06,564 - INFO - HedgeFund - Entering long position: 0.012779 BTC at 79617.20
2025-12-03 15:00:06,564 - INFO - HedgeFund - Exiting position: P&L = -3.75 (-0.37%)
2025-12-03 15:00:06,564 - INFO - HedgeFund - Entering long position: 0.012802 BTC at 79445.95
2025-12-03 15:00:06,564 - INFO - HedgeFund - Exiting position: P&L = -10.62 (-1.04%)
2025-12-03 15:00:06,564 - INFO - HedgeFund - Entering long position: 0.013399 BTC at 75829.18
2025-12-03 15:00:06,564 - INFO - HedgeFund - Exiting position: P&L = -12.71 (-1.25%)
2025-12-03 15:00:06,565 - INFO - HedgeFund - Entering long position: 0.013452 BTC at 75432.12
2025-12-03 15:00:06,565 - INFO - HedgeFund - Exiting position: P&L = -13.52 (-1.33%)
2025-12-03 15:00:06,565 - INFO - HedgeFund - Entering long position: 0.014028 BTC at 72241.29
2025-12-03 15:00:06,565 - INFO - HedgeFund - Exiting position: P&L = 4.29 (0.42%)
2025-12-03 15:00:06,565 - INFO - HedgeFund - Entering long position: 0.014069 BTC at 72057.87
2025-12-03 15:00:06,565 - INFO - HedgeFund - Exiting position: P&L = -7.20 (-0.71%)
2025-12-03 15:00:06,565 - INFO - HedgeFund - Entering long position: 0.014117 BTC at 71766.29
2025-12-03 15:00:06,566 - INFO - HedgeFund - Exiting position: P&L = -3.21 (-0.32%)
2025-12-03 15:00:06,566 - INFO - HedgeFund - Entering long position: 0.013976 BTC at 72466.67
2025-12-03 15:00:06,566 - INFO - HedgeFund - Exiting position: P&L = 0.43 (0.04%)
2025-12-03 15:00:06,566 - INFO - HedgeFund - Entering long position: 0.014277 BTC at 70940.70
2025-12-03 15:00:06,566 - INFO - HedgeFund - Exiting position: P&L = -3.99 (-0.39%)
2025-12-03 15:00:06,566 - INFO - HedgeFund - Entering long position: 0.014698 BTC at 68880.11
2025-12-03 15:00:06,566 - INFO - HedgeFund - Exiting position: P&L = -11.03 (-1.09%)
2025-12-03 15:00:06,566 - INFO - HedgeFund - Entering long position: 0.015065 BTC at 67131.05
2025-12-03 15:00:06,567 - INFO - HedgeFund - Exiting position: P&L = 30.04 (2.97%)
2025-12-03 15:00:06,567 - INFO - HedgeFund - Entering long position: 0.015185 BTC at 66795.47
2025-12-03 15:00:06,567 - INFO - HedgeFund - Exiting position: P&L = -15.49 (-1.53%)
2025-12-03 15:00:06,567 - INFO - HedgeFund - Entering long position: 0.016990 BTC at 59611.28
2025-12-03 15:00:06,567 - INFO - HedgeFund - Exiting position: P&L = -9.39 (-0.93%)
2025-12-03 15:00:06,567 - INFO - HedgeFund - Entering long position: 0.017088 BTC at 59214.72
2025-12-03 15:00:06,567 - INFO - HedgeFund - Exiting position: P&L = -9.27 (-0.92%)
2025-12-03 15:00:06,567 - INFO - HedgeFund - Entering long position: 0.017262 BTC at 58562.06
2025-12-03 15:00:06,567 - INFO - HedgeFund - Exiting position: P&L = -23.35 (-2.31%)
2025-12-03 15:00:06,568 - INFO - HedgeFund - Entering long position: 0.017169 BTC at 58742.03
2025-12-03 15:00:06,568 - INFO - HedgeFund - Exiting position: P&L = -20.15 (-2.00%)
2025-12-03 15:00:06,568 - INFO - HedgeFund - Entering long position: 0.017180 BTC at 58588.49
2025-12-03 15:00:06,568 - INFO - HedgeFund - Exiting position: P&L = -10.01 (-0.99%)
2025-12-03 15:00:06,568 - INFO - HedgeFund - Entering long position: 0.017211 BTC at 58426.15
2025-12-03 15:00:06,568 - INFO - HedgeFund - Exiting position: P&L = -8.42 (-0.84%)
2025-12-03 15:00:06,568 - INFO - HedgeFund - Entering long position: 0.017840 BTC at 56319.42
2025-12-03 15:00:06,568 - INFO - HedgeFund - Exiting position: P&L = 2.72 (0.27%)
2025-12-03 15:00:06,568 - INFO - HedgeFund - Entering long position: 0.017738 BTC at 56656.51
2025-12-03 15:00:06,568 - INFO - HedgeFund - Exiting position: P&L = -8.27 (-0.82%)
2025-12-03 15:00:06,569 - INFO - HedgeFund - Entering long position: 0.017725 BTC at 56652.82
2025-12-03 15:00:06,569 - INFO - HedgeFund - Exiting position: P&L = -19.91 (-1.98%)
2025-12-03 15:00:06,569 - INFO - HedgeFund - Entering long position: 0.017929 BTC at 55895.53
2025-12-03 15:00:06,569 - INFO - HedgeFund - Exiting position: P&L = -15.98 (-1.59%)
2025-12-03 15:00:06,569 - INFO - HedgeFund - Entering long position: 0.017966 BTC at 55693.45
2025-12-03 15:00:06,569 - INFO - HedgeFund - Exiting position: P&L = 2.38 (0.24%)
2025-12-03 15:00:06,569 - INFO - HedgeFund - Entering long position: 0.018007 BTC at 55579.80
2025-12-03 15:00:06,569 - INFO - HedgeFund - Exiting position: P&L = 40.82 (4.08%)
2025-12-03 15:00:06,569 - INFO - HedgeFund - Entering long position: 0.017294 BTC at 58106.00
2025-12-03 15:00:06,570 - INFO - HedgeFund - Exiting position: P&L = -11.80 (-1.17%)
2025-12-03 15:00:06,570 - INFO - HedgeFund - Entering long position: 0.017336 BTC at 57896.91
2025-12-03 15:00:06,570 - INFO - HedgeFund - Exiting position: P&L = -6.95 (-0.69%)
2025-12-03 15:00:06,570 - INFO - HedgeFund - Entering long position: 0.017238 BTC at 58185.73
2025-12-03 15:00:06,570 - INFO - HedgeFund - Exiting position: P&L = -11.90 (-1.19%)
2025-12-03 15:00:06,570 - INFO - HedgeFund - Entering long position: 0.017301 BTC at 57905.26
2025-12-03 15:00:06,570 - INFO - HedgeFund - Exiting position: P&L = 39.28 (3.92%)
2025-12-03 15:00:06,570 - INFO - HedgeFund - Entering long position: 0.016622 BTC at 60505.97
2025-12-03 15:00:06,570 - INFO - HedgeFund - Exiting position: P&L = -12.81 (-1.27%)
2025-12-03 15:00:06,570 - INFO - HedgeFund - Entering long position: 0.016683 BTC at 60209.86
2025-12-03 15:00:06,570 - INFO - HedgeFund - Exiting position: P&L = -21.56 (-2.15%)
2025-12-03 15:00:06,570 - INFO - HedgeFund - Entering long position: 0.016742 BTC at 59869.86
2025-12-03 15:00:06,571 - INFO - HedgeFund - Exiting position: P&L = -26.52 (-2.65%)
2025-12-03 15:00:06,571 - INFO - HedgeFund - Entering long position: 0.016912 BTC at 59111.11
2025-12-03 15:00:06,571 - INFO - HedgeFund - Exiting position: P&L = -4.62 (-0.46%)
2025-12-03 15:00:06,571 - INFO - HedgeFund - Entering long position: 0.016927 BTC at 59028.21
2025-12-03 15:00:06,571 - INFO - HedgeFund - Exiting position: P&L = -10.57 (-1.06%)
2025-12-03 15:00:06,571 - INFO - HedgeFund - Entering long position: 0.016866 BTC at 59181.50
2025-12-03 15:00:06,571 - INFO - HedgeFund - Exiting position: P&L = 1.40 (0.14%)
2025-12-03 15:00:06,571 - INFO - HedgeFund - Entering long position: 0.016700 BTC at 59775.65
2025-12-03 15:00:06,571 - INFO - HedgeFund - Exiting position: P&L = 20.77 (2.08%)
2025-12-03 15:00:06,571 - INFO - HedgeFund - Entering long position: 0.016383 BTC at 61060.13
2025-12-03 15:00:06,572 - INFO - HedgeFund - Exiting position: P&L = 33.02 (3.30%)
2025-12-03 15:00:06,572 - INFO - HedgeFund - Entering long position: 0.015449 BTC at 64964.73
2025-12-03 15:00:06,572 - INFO - HedgeFund - Exiting position: P&L = -17.06 (-1.70%)
2025-12-03 15:00:06,572 - INFO - HedgeFund - Entering long position: 0.015262 BTC at 65651.20
2025-12-03 15:00:06,572 - INFO - HedgeFund - Exiting position: P&L = 0.09 (0.01%)
2025-12-03 15:00:06,572 - INFO - HedgeFund - Entering long position: 0.015091 BTC at 66394.99
2025-12-03 15:00:06,572 - INFO - HedgeFund - Exiting position: P&L = -1.75 (-0.18%)
2025-12-03 15:00:06,572 - INFO - HedgeFund - Entering long position: 0.014662 BTC at 68325.71
2025-12-03 15:00:06,572 - INFO - HedgeFund - Exiting position: P&L = 24.59 (2.45%)
2025-12-03 15:00:06,573 - INFO - HedgeFund - Entering long position: 0.014153 BTC at 70957.80
2025-12-03 15:00:06,573 - INFO - HedgeFund - Exiting position: P&L = 2.88 (0.29%)
2025-12-03 15:00:06,573 - INFO - HedgeFund - Entering long position: 0.014104 BTC at 71223.34
2025-12-03 15:00:06,573 - INFO - HedgeFund - Exiting position: P&L = -2.00 (-0.20%)
2025-12-03 15:00:06,573 - INFO - HedgeFund - Entering long position: 0.014131 BTC at 71071.00
2025-12-03 15:00:06,573 - INFO - HedgeFund - Exiting position: P&L = -3.46 (-0.34%)
2025-12-03 15:00:06,573 - INFO - HedgeFund - Entering long position: 0.014213 BTC at 70639.45
2025-12-03 15:00:06,573 - INFO - HedgeFund - Exiting position: P&L = -20.64 (-2.06%)
2025-12-03 15:00:06,573 - INFO - HedgeFund - Entering long position: 0.014499 BTC at 69105.27
2025-12-03 15:00:06,573 - INFO - HedgeFund - Exiting position: P&L = -14.38 (-1.43%)
2025-12-03 15:00:06,573 - INFO - HedgeFund - Entering long position: 0.014645 BTC at 68314.57
2025-12-03 15:00:06,574 - INFO - HedgeFund - Exiting position: P&L = 6.43 (0.64%)
2025-12-03 15:00:06,574 - INFO - HedgeFund - Entering long position: 0.014447 BTC at 69295.04
2025-12-03 15:00:06,574 - INFO - HedgeFund - Exiting position: P&L = 27.63 (2.76%)
2025-12-03 15:00:06,574 - INFO - HedgeFund - Entering long position: 0.014161 BTC at 70890.23
2025-12-03 15:00:06,574 - INFO - HedgeFund - Exiting position: P&L = 11.97 (1.19%)
2025-12-03 15:00:06,574 - INFO - HedgeFund - Entering long position: 0.014274 BTC at 70412.34
2025-12-03 15:00:06,574 - INFO - HedgeFund - Exiting position: P&L = -11.52 (-1.15%)
2025-12-03 15:00:06,574 - INFO - HedgeFund - Entering long position: 0.014268 BTC at 70362.91
2025-12-03 15:00:06,574 - INFO - HedgeFund - Exiting position: P&L = -8.09 (-0.81%)
2025-12-03 15:00:06,575 - INFO - HedgeFund - Entering long position: 0.014542 BTC at 68980.44
2025-12-03 15:00:06,575 - INFO - HedgeFund - Exiting position: P&L = 46.13 (4.60%)
2025-12-03 15:00:06,575 - INFO - HedgeFund - Entering long position: 0.013905 BTC at 72474.46
2025-12-03 15:00:06,575 - INFO - HedgeFund - Exiting position: P&L = -11.74 (-1.17%)
2025-12-03 15:00:06,575 - INFO - HedgeFund - Entering long position: 0.013934 BTC at 72240.06
2025-12-03 15:00:06,575 - INFO - HedgeFund - Exiting position: P&L = -11.60 (-1.15%)
2025-12-03 15:00:06,575 - INFO - HedgeFund - Entering long position: 0.013869 BTC at 72494.07
2025-12-03 15:00:06,575 - INFO - HedgeFund - Exiting position: P&L = -9.13 (-0.91%)
2025-12-03 15:00:06,575 - INFO - HedgeFund - Entering long position: 0.013735 BTC at 73132.82
2025-12-03 15:00:06,575 - INFO - HedgeFund - Exiting position: P&L = -15.29 (-1.52%)
2025-12-03 15:00:06,576 - INFO - HedgeFund - Entering long position: 0.014085 BTC at 71206.50
2025-12-03 15:00:06,576 - INFO - HedgeFund - Exiting position: P&L = -9.57 (-0.95%)
2025-12-03 15:00:06,576 - INFO - HedgeFund - Entering long position: 0.014457 BTC at 69308.16
2025-12-03 15:00:06,576 - INFO - HedgeFund - Exiting position: P&L = -8.09 (-0.81%)
2025-12-03 15:00:06,576 - INFO - HedgeFund - Entering long position: 0.014494 BTC at 69075.79
2025-12-03 15:00:06,576 - INFO - HedgeFund - Exiting position: P&L = -1.31 (-0.13%)
2025-12-03 15:00:06,576 - INFO - HedgeFund - Entering long position: 0.014469 BTC at 69187.09
2025-12-03 15:00:06,576 - INFO - HedgeFund - Exiting position: P&L = -8.36 (-0.84%)
2025-12-03 15:00:06,576 - INFO - HedgeFund - Entering long position: 0.014467 BTC at 69140.78
2025-12-03 15:00:06,576 - INFO - HedgeFund - Exiting position: P&L = 49.02 (4.90%)
2025-12-03 15:00:06,576 - INFO - HedgeFund - Entering long position: 0.013821 BTC at 72722.90
2025-12-03 15:00:06,577 - INFO - HedgeFund - Exiting position: P&L = 1.22 (0.12%)
2025-12-03 15:00:06,577 - INFO - HedgeFund - Entering long position: 0.013817 BTC at 72756.90
2025-12-03 15:00:06,577 - INFO - HedgeFund - Exiting position: P&L = -10.19 (-1.01%)
2025-12-03 15:00:06,577 - INFO - HedgeFund - Entering long position: 0.013643 BTC at 73605.87
2025-12-03 15:00:06,577 - INFO - HedgeFund - Exiting position: P&L = 28.78 (2.87%)
2025-12-03 15:00:06,577 - INFO - HedgeFund - Entering long position: 0.013129 BTC at 76711.28
2025-12-03 15:00:06,577 - INFO - HedgeFund - Exiting position: P&L = -2.97 (-0.29%)
2025-12-03 15:00:06,577 - INFO - HedgeFund - Entering long position: 0.013425 BTC at 74994.56
2025-12-03 15:00:06,577 - INFO - HedgeFund - Exiting position: P&L = -15.36 (-1.53%)
2025-12-03 15:00:06,577 - INFO - HedgeFund - Entering long position: 0.013934 BTC at 72144.29
2025-12-03 15:00:06,578 - INFO - HedgeFund - Exiting position: P&L = -27.53 (-2.74%)
2025-12-03 15:00:06,578 - INFO - HedgeFund - Entering long position: 0.013939 BTC at 71922.19
2025-12-03 15:00:06,578 - INFO - HedgeFund - Exiting position: P&L = -1.44 (-0.14%)
2025-12-03 15:00:06,578 - INFO - HedgeFund - Entering long position: 0.013806 BTC at 72603.10
2025-12-03 15:00:06,578 - INFO - HedgeFund - Exiting position: P&L = 8.02 (0.80%)
2025-12-03 15:00:06,578 - INFO - HedgeFund - Entering long position: 0.013630 BTC at 73603.89
2025-12-03 15:00:06,578 - INFO - HedgeFund - Exiting position: P&L = 15.99 (1.59%)
2025-12-03 15:00:06,578 - INFO - HedgeFund - Entering long position: 0.014351 BTC at 70014.93
2025-12-03 15:00:06,578 - INFO - HedgeFund - Exiting position: P&L = -11.56 (-1.15%)
2025-12-03 15:00:06,579 - INFO - HedgeFund - Entering long position: 0.014568 BTC at 68895.00
2025-12-03 15:00:06,579 - INFO - HedgeFund - Exiting position: P&L = -13.95 (-1.39%)
2025-12-03 15:00:06,579 - INFO - HedgeFund - Entering long position: 0.014715 BTC at 68109.60
2025-12-03 15:00:06,579 - INFO - HedgeFund - Exiting position: P&L = -11.85 (-1.18%)
2025-12-03 15:00:06,579 - INFO - HedgeFund - Entering long position: 0.014591 BTC at 68608.89
2025-12-03 15:00:06,579 - INFO - HedgeFund - Exiting position: P&L = -0.43 (-0.04%)
2025-12-03 15:00:06,579 - INFO - HedgeFund - Entering long position: 0.014676 BTC at 68207.10
2025-12-03 15:00:06,579 - INFO - HedgeFund - Exiting position: P&L = -3.70 (-0.37%)
2025-12-03 15:00:06,579 - INFO - HedgeFund - Entering long position: 0.014491 BTC at 69054.77
2025-12-03 15:00:06,579 - INFO - HedgeFund - Exiting position: P&L = 6.68 (0.67%)
2025-12-03 15:00:06,579 - INFO - HedgeFund - Entering long position: 0.014984 BTC at 66827.23
2025-12-03 15:00:06,580 - INFO - HedgeFund - Exiting position: P&L = -6.78 (-0.68%)
2025-12-03 15:00:06,580 - INFO - HedgeFund - Entering long position: 0.014857 BTC at 67351.41
2025-12-03 15:00:06,580 - INFO - HedgeFund - Exiting position: P&L = -12.49 (-1.25%)
2025-12-03 15:00:06,580 - INFO - HedgeFund - Entering long position: 0.015503 BTC at 64462.58
2025-12-03 15:00:06,580 - INFO - HedgeFund - Exiting position: P&L = 4.58 (0.46%)
2025-12-03 15:00:06,580 - INFO - HedgeFund - Entering long position: 0.015637 BTC at 63941.72
2025-12-03 15:00:06,580 - INFO - HedgeFund - Exiting position: P&L = -12.94 (-1.29%)
2025-12-03 15:00:06,580 - INFO - HedgeFund - Entering long position: 0.015793 BTC at 63227.82
2025-12-03 15:00:06,581 - INFO - HedgeFund - Exiting position: P&L = 31.01 (3.11%)
2025-12-03 15:00:06,581 - INFO - HedgeFund - Entering long position: 0.015092 BTC at 66370.07
2025-12-03 15:00:06,581 - INFO - HedgeFund - Exiting position: P&L = -14.36 (-1.43%)
2025-12-03 15:00:06,581 - INFO - HedgeFund - Entering long position: 0.015666 BTC at 63847.68
2025-12-03 15:00:06,581 - INFO - HedgeFund - Exiting position: P&L = 0.44 (0.04%)
2025-12-03 15:00:06,581 - INFO - HedgeFund - Entering long position: 0.015550 BTC at 64326.20
2025-12-03 15:00:06,581 - INFO - HedgeFund - Exiting position: P&L = -9.95 (-0.99%)
2025-12-03 15:00:06,581 - INFO - HedgeFund - Entering long position: 0.015631 BTC at 63929.74
2025-12-03 15:00:06,581 - INFO - HedgeFund - Exiting position: P&L = -7.80 (-0.78%)
2025-12-03 15:00:06,581 - INFO - HedgeFund - Entering long position: 0.015615 BTC at 63941.89
2025-12-03 15:00:06,581 - INFO - HedgeFund - Exiting position: P&L = -8.49 (-0.85%)
2025-12-03 15:00:06,582 - INFO - HedgeFund - Entering long position: 0.016528 BTC at 60359.25
2025-12-03 15:00:06,582 - INFO - HedgeFund - Exiting position: P&L = -10.44 (-1.05%)
2025-12-03 15:00:06,582 - INFO - HedgeFund - Entering long position: 0.017772 BTC at 56076.71
2025-12-03 15:00:06,582 - INFO - HedgeFund - Exiting position: P&L = -15.20 (-1.53%)
2025-12-03 15:00:06,582 - INFO - HedgeFund - Entering long position: 0.018007 BTC at 55260.73
2025-12-03 15:00:06,582 - INFO - HedgeFund - Exiting position: P&L = -15.31 (-1.54%)
2025-12-03 15:00:06,582 - INFO - HedgeFund - Entering long position: 0.017992 BTC at 55221.87
2025-12-03 15:00:06,582 - INFO - HedgeFund - Exiting position: P&L = -4.35 (-0.44%)
2025-12-03 15:00:06,582 - INFO - HedgeFund - Entering long position: 0.018056 BTC at 55000.19
2025-12-03 15:00:06,582 - INFO - HedgeFund - Exiting position: P&L = -6.83 (-0.69%)
2025-12-03 15:00:06,582 - INFO - HedgeFund - Entering long position: 0.017719 BTC at 56009.11
2025-12-03 15:00:06,582 - INFO - HedgeFund - Exiting position: P&L = 29.01 (2.92%)
2025-12-03 15:00:06,582 - INFO - HedgeFund - Entering long position: 0.016985 BTC at 58599.85
2025-12-03 15:00:06,583 - INFO - HedgeFund - Exiting position: P&L = -13.93 (-1.40%)
2025-12-03 15:00:06,583 - INFO - HedgeFund - Entering long position: 0.016990 BTC at 58502.16
2025-12-03 15:00:06,583 - INFO - HedgeFund - Exiting position: P&L = -29.35 (-2.95%)
2025-12-03 15:00:06,583 - INFO - HedgeFund - Entering long position: 0.017185 BTC at 57664.80
2025-12-03 15:00:06,583 - INFO - HedgeFund - Exiting position: P&L = 17.46 (1.76%)
2025-12-03 15:00:06,583 - INFO - HedgeFund - Entering long position: 0.016660 BTC at 59588.01
2025-12-03 15:00:06,583 - INFO - HedgeFund - Exiting position: P&L = 18.96 (1.91%)
2025-12-03 15:00:06,583 - INFO - HedgeFund - Entering long position: 0.016420 BTC at 60572.66
2025-12-03 15:00:06,583 - INFO - HedgeFund - Exiting position: P&L = 5.07 (0.51%)
2025-12-03 15:00:06,583 - INFO - HedgeFund - Entering long position: 0.016786 BTC at 59283.16
2025-12-03 15:00:06,583 - INFO - HedgeFund - Exiting position: P&L = 26.62 (2.68%)
2025-12-03 15:00:06,584 - INFO - HedgeFund - Entering long position: 0.016361 BTC at 60987.37
2025-12-03 15:00:06,584 - INFO - HedgeFund - Exiting position: P&L = 9.10 (0.91%)
2025-12-03 15:00:06,584 - INFO - HedgeFund - Entering long position: 0.015888 BTC at 62858.01
2025-12-03 15:00:06,584 - INFO - HedgeFund - Exiting position: P&L = -13.18 (-1.32%)
2025-12-03 15:00:06,584 - INFO - HedgeFund - Entering long position: 0.016044 BTC at 62164.13
2025-12-03 15:00:06,584 - INFO - HedgeFund - Exiting position: P&L = -12.18 (-1.22%)
2025-12-03 15:00:06,584 - INFO - HedgeFund - Entering long position: 0.016041 BTC at 62100.46
2025-12-03 15:00:06,584 - INFO - HedgeFund - Exiting position: P&L = -3.73 (-0.37%)
2025-12-03 15:00:06,584 - INFO - HedgeFund - Entering long position: 0.015963 BTC at 62383.58
2025-12-03 15:00:06,584 - INFO - HedgeFund - Exiting position: P&L = -6.19 (-0.62%)
2025-12-03 15:00:06,584 - INFO - HedgeFund - Entering long position: 0.015951 BTC at 62390.13
2025-12-03 15:00:06,584 - INFO - HedgeFund - Exiting position: P&L = -10.43 (-1.05%)
2025-12-03 15:00:06,584 - INFO - HedgeFund - Entering long position: 0.015902 BTC at 62518.37
2025-12-03 15:00:06,584 - INFO - HedgeFund - Exiting position: P&L = -13.65 (-1.37%)
2025-12-03 15:00:06,584 - INFO - HedgeFund - Entering long position: 0.015986 BTC at 62104.31
2025-12-03 15:00:06,584 - INFO - HedgeFund - Exiting position: P&L = 4.03 (0.41%)
2025-12-03 15:00:06,584 - INFO - HedgeFund - Entering long position: 0.015976 BTC at 62167.66
2025-12-03 15:00:06,585 - INFO - HedgeFund - Exiting position: P&L = -3.51 (-0.35%)
2025-12-03 15:00:06,585 - INFO - HedgeFund - Entering long position: 0.016182 BTC at 61355.25
2025-12-03 15:00:06,585 - INFO - HedgeFund - Exiting position: P&L = -2.97 (-0.30%)
2025-12-03 15:00:06,585 - INFO - HedgeFund - Entering long position: 0.016379 BTC at 60598.09
2025-12-03 15:00:06,585 - INFO - HedgeFund - Exiting position: P&L = 0.66 (0.07%)
2025-12-03 15:00:06,585 - INFO - HedgeFund - Entering long position: 0.017563 BTC at 56517.65
2025-12-03 15:00:06,585 - INFO - HedgeFund - Exiting position: P&L = -5.22 (-0.53%)
2025-12-03 15:00:06,585 - INFO - HedgeFund - Entering long position: 0.017556 BTC at 56510.28
2025-12-03 15:00:06,585 - INFO - HedgeFund - Exiting position: P&L = -12.28 (-1.24%)
2025-12-03 15:00:06,585 - INFO - HedgeFund - Entering long position: 0.018018 BTC at 54992.51
2025-12-03 15:00:06,585 - INFO - HedgeFund - Exiting position: P&L = 52.59 (5.31%)
2025-12-03 15:00:06,585 - INFO - HedgeFund - Entering long position: 0.017255 BTC at 57727.42
2025-12-03 15:00:06,585 - INFO - HedgeFund - Exiting position: P&L = -7.56 (-0.76%)
2025-12-03 15:00:06,586 - INFO - HedgeFund - Entering long position: 0.017349 BTC at 57373.30
2025-12-03 15:00:06,586 - INFO - HedgeFund - Exiting position: P&L = 2.53 (0.25%)
2025-12-03 15:00:06,586 - INFO - HedgeFund - Entering long position: 0.017519 BTC at 56828.20
2025-12-03 15:00:06,586 - INFO - HedgeFund - Exiting position: P&L = -9.99 (-1.00%)
2025-12-03 15:00:06,586 - INFO - HedgeFund - Entering long position: 0.017402 BTC at 57153.73
2025-12-03 15:00:06,586 - INFO - HedgeFund - Exiting position: P&L = 22.69 (2.28%)
2025-12-03 15:00:06,586 - INFO - HedgeFund - Entering long position: 0.017058 BTC at 58441.15
2025-12-03 15:00:06,586 - INFO - HedgeFund - Exiting position: P&L = -4.21 (-0.42%)
2025-12-03 15:00:06,586 - INFO - HedgeFund - Entering long position: 0.017614 BTC at 56570.06
2025-12-03 15:00:06,586 - INFO - HedgeFund - Exiting position: P&L = 37.61 (3.77%)
2025-12-03 15:00:06,586 - INFO - HedgeFund - Entering long position: 0.018384 BTC at 54407.66
2025-12-03 15:00:06,586 - INFO - HedgeFund - Exiting position: P&L = -16.41 (-1.64%)
2025-12-03 15:00:06,586 - INFO - HedgeFund - Entering long position: 0.019486 BTC at 51244.77
2025-12-03 15:00:06,587 - INFO - HedgeFund - Exiting position: P&L = 7.89 (0.79%)
2025-12-03 15:00:06,587 - INFO - HedgeFund - Entering long position: 0.019115 BTC at 52280.44
2025-12-03 15:00:06,587 - INFO - HedgeFund - Exiting position: P&L = -1.46 (-0.15%)
2025-12-03 15:00:06,587 - INFO - HedgeFund - Entering long position: 0.019250 BTC at 51908.04
2025-12-03 15:00:06,587 - INFO - HedgeFund - Exiting position: P&L = -11.09 (-1.11%)
2025-12-03 15:00:06,587 - INFO - HedgeFund - Entering long position: 0.019074 BTC at 52327.86
2025-12-03 15:00:06,587 - INFO - HedgeFund - Exiting position: P&L = 17.67 (1.77%)
2025-12-03 15:00:06,587 - INFO - HedgeFund - Entering long position: 0.018430 BTC at 54253.74
2025-12-03 15:00:06,587 - INFO - HedgeFund - Exiting position: P&L = -13.17 (-1.32%)
2025-12-03 15:00:06,587 - INFO - HedgeFund - Entering long position: 0.018375 BTC at 54343.96
2025-12-03 15:00:06,587 - INFO - HedgeFund - Exiting position: P&L = 9.62 (0.96%)
2025-12-03 15:00:06,587 - INFO - HedgeFund - Entering long position: 0.018096 BTC at 55235.15
2025-12-03 15:00:06,587 - INFO - HedgeFund - Exiting position: P&L = -12.37 (-1.24%)
2025-12-03 15:00:06,587 - INFO - HedgeFund - Entering long position: 0.018217 BTC at 54798.30
2025-12-03 15:00:06,587 - INFO - HedgeFund - Exiting position: P&L = 15.33 (1.54%)
2025-12-03 15:00:06,588 - INFO - HedgeFund - Entering long position: 0.018023 BTC at 55473.79
2025-12-03 15:00:06,588 - INFO - HedgeFund - Exiting position: P&L = -15.45 (-1.55%)
2025-12-03 15:00:06,588 - INFO - HedgeFund - Entering long position: 0.018130 BTC at 55062.67
2025-12-03 15:00:06,588 - INFO - HedgeFund - Exiting position: P&L = -6.67 (-0.67%)
2025-12-03 15:00:06,588 - INFO - HedgeFund - Entering long position: 0.018084 BTC at 55164.75
2025-12-03 15:00:06,588 - INFO - HedgeFund - Exiting position: P&L = -12.05 (-1.21%)
2025-12-03 15:00:06,588 - INFO - HedgeFund - Entering long position: 0.018050 BTC at 55201.22
2025-12-03 15:00:06,588 - INFO - HedgeFund - Exiting position: P&L = 63.81 (6.40%)
2025-12-03 15:00:06,588 - INFO - HedgeFund - Entering long position: 0.017129 BTC at 58543.70
2025-12-03 15:00:06,588 - INFO - HedgeFund - Exiting position: P&L = -4.83 (-0.48%)
2025-12-03 15:00:06,588 - INFO - HedgeFund - Entering long position: 0.017618 BTC at 56891.72
2025-12-03 15:00:06,588 - INFO - HedgeFund - Exiting position: P&L = -1.59 (-0.16%)
2025-12-03 15:00:06,588 - INFO - HedgeFund - Entering long position: 0.017640 BTC at 56811.19
2025-12-03 15:00:06,589 - INFO - HedgeFund - Exiting position: P&L = -17.51 (-1.75%)
2025-12-03 15:00:06,589 - INFO - HedgeFund - Entering long position: 0.018293 BTC at 54687.38
2025-12-03 15:00:06,589 - INFO - HedgeFund - Exiting position: P&L = -5.24 (-0.52%)
2025-12-03 15:00:06,589 - INFO - HedgeFund - Entering long position: 0.018228 BTC at 54852.07
2025-12-03 15:00:06,589 - INFO - HedgeFund - Exiting position: P&L = -24.37 (-2.44%)
2025-12-03 15:00:06,589 - INFO - HedgeFund - Entering long position: 0.018575 BTC at 53695.87
2025-12-03 15:00:06,589 - INFO - HedgeFund - Exiting position: P&L = -7.35 (-0.74%)
2025-12-03 15:00:06,589 - INFO - HedgeFund - Entering long position: 0.018413 BTC at 54129.58
2025-12-03 15:00:06,589 - INFO - HedgeFund - Exiting position: P&L = -15.51 (-1.56%)
2025-12-03 15:00:06,589 - INFO - HedgeFund - Entering long position: 0.018263 BTC at 54490.17
2025-12-03 15:00:06,589 - INFO - HedgeFund - Exiting position: P&L = -22.46 (-2.26%)
2025-12-03 15:00:06,589 - INFO - HedgeFund - Entering long position: 0.018470 BTC at 53758.10
2025-12-03 15:00:06,589 - INFO - HedgeFund - Exiting position: P&L = -3.59 (-0.36%)
2025-12-03 15:00:06,589 - INFO - HedgeFund - Entering long position: 0.018228 BTC at 54452.36
2025-12-03 15:00:06,590 - INFO - HedgeFund - Exiting position: P&L = 27.94 (2.82%)
2025-12-03 15:00:06,590 - INFO - HedgeFund - Entering long position: 0.017977 BTC at 55366.57
2025-12-03 15:00:06,590 - INFO - HedgeFund - Exiting position: P&L = 35.40 (3.56%)
2025-12-03 15:00:06,590 - INFO - HedgeFund - Entering long position: 0.017413 BTC at 57361.63
2025-12-03 15:00:06,590 - INFO - HedgeFund - Exiting position: P&L = 15.15 (1.52%)
2025-12-03 15:00:06,590 - INFO - HedgeFund - Entering long position: 0.016935 BTC at 59072.04
2025-12-03 15:00:06,590 - INFO - HedgeFund - Exiting position: P&L = -8.88 (-0.89%)
2025-12-03 15:00:06,590 - INFO - HedgeFund - Entering long position: 0.017022 BTC at 58717.77
2025-12-03 15:00:06,590 - INFO - HedgeFund - Exiting position: P&L = 3.35 (0.33%)
2025-12-03 15:00:06,590 - INFO - HedgeFund - Entering long position: 0.017027 BTC at 58719.28
2025-12-03 15:00:06,590 - INFO - HedgeFund - Exiting position: P&L = -13.96 (-1.40%)
2025-12-03 15:00:06,590 - INFO - HedgeFund - Entering long position: 0.017807 BTC at 56071.06
2025-12-03 15:00:06,591 - INFO - HedgeFund - Exiting position: P&L = 20.09 (2.01%)
2025-12-03 15:00:06,591 - INFO - HedgeFund - Entering long position: 0.017550 BTC at 57005.63
2025-12-03 15:00:06,591 - INFO - HedgeFund - Exiting position: P&L = -4.43 (-0.44%)
2025-12-03 15:00:06,591 - INFO - HedgeFund - Entering long position: 0.017631 BTC at 56716.52
2025-12-03 15:00:06,591 - INFO - HedgeFund - Exiting position: P&L = 2.28 (0.23%)
2025-12-03 15:00:06,591 - INFO - HedgeFund - Entering long position: 0.017363 BTC at 57608.06
2025-12-03 15:00:06,591 - INFO - HedgeFund - Exiting position: P&L = -23.18 (-2.32%)
2025-12-03 15:00:06,591 - INFO - HedgeFund - Entering long position: 0.017514 BTC at 56978.52
2025-12-03 15:00:06,592 - INFO - HedgeFund - Exiting position: P&L = -17.48 (-1.75%)
2025-12-03 15:00:06,592 - INFO - HedgeFund - Entering long position: 0.017521 BTC at 56854.73
2025-12-03 15:00:06,592 - INFO - HedgeFund - Exiting position: P&L = -1.83 (-0.18%)
2025-12-03 15:00:06,592 - INFO - HedgeFund - Entering long position: 0.017341 BTC at 57434.90
2025-12-03 15:00:06,592 - INFO - HedgeFund - Exiting position: P&L = -4.74 (-0.48%)
2025-12-03 15:00:06,592 - INFO - HedgeFund - Entering long position: 0.017327 BTC at 57453.81
2025-12-03 15:00:06,592 - INFO - HedgeFund - Exiting position: P&L = 14.12 (1.42%)
2025-12-03 15:00:06,592 - INFO - HedgeFund - Entering long position: 0.017118 BTC at 58239.07
2025-12-03 15:00:06,592 - INFO - HedgeFund - Exiting position: P&L = -2.41 (-0.24%)
2025-12-03 15:00:06,592 - INFO - HedgeFund - Entering long position: 0.017086 BTC at 58332.15
2025-12-03 15:00:06,592 - INFO - HedgeFund - Exiting position: P&L = 39.71 (3.98%)
2025-12-03 15:00:06,592 - INFO - HedgeFund - Entering long position: 0.016554 BTC at 60448.26
2025-12-03 15:00:06,592 - INFO - HedgeFund - Exiting position: P&L = -4.98 (-0.50%)
2025-12-03 15:00:06,592 - INFO - HedgeFund - Entering long position: 0.016645 BTC at 60086.18
2025-12-03 15:00:06,593 - INFO - HedgeFund - Exiting position: P&L = -13.87 (-1.39%)
2025-12-03 15:00:06,593 - INFO - HedgeFund - Entering long position: 0.016865 BTC at 59220.18
2025-12-03 15:00:06,593 - INFO - HedgeFund - Exiting position: P&L = -12.15 (-1.22%)
2025-12-03 15:00:06,593 - INFO - HedgeFund - Entering long position: 0.016983 BTC at 58738.64
2025-12-03 15:00:06,593 - INFO - HedgeFund - Exiting position: P&L = -6.38 (-0.64%)
2025-12-03 15:00:06,593 - INFO - HedgeFund - Entering long position: 0.017089 BTC at 58334.61
2025-12-03 15:00:06,593 - INFO - HedgeFund - Exiting position: P&L = -14.53 (-1.46%)
2025-12-03 15:00:06,593 - INFO - HedgeFund - Entering long position: 0.017490 BTC at 56915.36
2025-12-03 15:00:06,593 - INFO - HedgeFund - Exiting position: P&L = 3.56 (0.36%)
2025-12-03 15:00:06,593 - INFO - HedgeFund - Entering long position: 0.017295 BTC at 57579.34
2025-12-03 15:00:06,593 - INFO - HedgeFund - Exiting position: P&L = -13.30 (-1.34%)
2025-12-03 15:00:06,593 - INFO - HedgeFund - Entering long position: 0.017734 BTC at 56076.40
2025-12-03 15:00:06,593 - INFO - HedgeFund - Exiting position: P&L = -0.83 (-0.08%)
2025-12-03 15:00:06,593 - INFO - HedgeFund - Entering long position: 0.018580 BTC at 53520.60
2025-12-03 15:00:06,594 - INFO - HedgeFund - Exiting position: P&L = -3.80 (-0.38%)
2025-12-03 15:00:06,594 - INFO - HedgeFund - Entering long position: 0.018487 BTC at 53766.99
2025-12-03 15:00:06,594 - INFO - HedgeFund - Exiting position: P&L = -20.06 (-2.02%)
2025-12-03 15:00:06,594 - INFO - HedgeFund - Entering long position: 0.018419 BTC at 53857.76
2025-12-03 15:00:06,594 - INFO - HedgeFund - Exiting position: P&L = -10.85 (-1.09%)
2025-12-03 15:00:06,594 - INFO - HedgeFund - Entering long position: 0.018787 BTC at 52746.40
2025-12-03 15:00:06,594 - INFO - HedgeFund - Exiting position: P&L = -7.09 (-0.72%)
2025-12-03 15:00:06,594 - INFO - HedgeFund - Entering long position: 0.019125 BTC at 51775.20
2025-12-03 15:00:06,594 - INFO - HedgeFund - Exiting position: P&L = 9.30 (0.94%)
2025-12-03 15:00:06,594 - INFO - HedgeFund - Entering long position: 0.018952 BTC at 52296.90
2025-12-03 15:00:06,594 - INFO - HedgeFund - Exiting position: P&L = -4.30 (-0.43%)
2025-12-03 15:00:06,594 - INFO - HedgeFund - Entering long position: 0.018850 BTC at 52557.81
2025-12-03 15:00:06,594 - INFO - HedgeFund - Exiting position: P&L = 2.85 (0.29%)
2025-12-03 15:00:06,594 - INFO - HedgeFund - Entering long position: 0.018733 BTC at 52901.56
2025-12-03 15:00:06,594 - INFO - HedgeFund - Exiting position: P&L = -3.77 (-0.38%)
2025-12-03 15:00:06,594 - INFO - HedgeFund - Entering long position: 0.018751 BTC at 52830.60
2025-12-03 15:00:06,595 - INFO - HedgeFund - Exiting position: P&L = 3.21 (0.32%)
2025-12-03 15:00:06,595 - INFO - HedgeFund - Entering long position: 0.019168 BTC at 51698.07
2025-12-03 15:00:06,595 - INFO - HedgeFund - Exiting position: P&L = -10.31 (-1.04%)
2025-12-03 15:00:06,595 - INFO - HedgeFund - Entering long position: 0.019145 BTC at 51706.94
2025-12-03 15:00:06,595 - INFO - HedgeFund - Exiting position: P&L = -15.24 (-1.54%)
2025-12-03 15:00:06,595 - INFO - HedgeFund - Entering long position: 0.019658 BTC at 50278.98
2025-12-03 15:00:06,595 - INFO - HedgeFund - Exiting position: P&L = -10.78 (-1.09%)
2025-12-03 15:00:06,595 - INFO - HedgeFund - Entering long position: 0.019849 BTC at 49740.57
2025-12-03 15:00:06,595 - INFO - HedgeFund - Exiting position: P&L = -13.91 (-1.41%)
2025-12-03 15:00:06,595 - INFO - HedgeFund - Entering long position: 0.020262 BTC at 48657.75
2025-12-03 15:00:06,595 - INFO - HedgeFund - Exiting position: P&L = -12.70 (-1.29%)
2025-12-03 15:00:06,595 - INFO - HedgeFund - Entering long position: 0.020577 BTC at 47851.87
2025-12-03 15:00:06,595 - INFO - HedgeFund - Exiting position: P&L = -9.05 (-0.92%)
2025-12-03 15:00:06,595 - INFO - HedgeFund - Entering long position: 0.020660 BTC at 47616.42
2025-12-03 15:00:06,596 - INFO - HedgeFund - Exiting position: P&L = 9.53 (0.97%)
2025-12-03 15:00:06,596 - INFO - HedgeFund - Entering long position: 0.020502 BTC at 48028.92
2025-12-03 15:00:06,596 - INFO - HedgeFund - Exiting position: P&L = -5.73 (-0.58%)
2025-12-03 15:00:06,596 - INFO - HedgeFund - Entering long position: 0.020281 BTC at 48524.43
2025-12-03 15:00:06,596 - INFO - HedgeFund - Exiting position: P&L = -12.55 (-1.28%)
2025-12-03 15:00:06,596 - INFO - HedgeFund - Entering long position: 0.020249 BTC at 48538.48
2025-12-03 15:00:06,596 - INFO - HedgeFund - Exiting position: P&L = 7.47 (0.76%)
2025-12-03 15:00:06,596 - INFO - HedgeFund - Entering long position: 0.020402 BTC at 48211.42
2025-12-03 15:00:06,596 - INFO - HedgeFund - Exiting position: P&L = 24.35 (2.48%)
2025-12-03 15:00:06,596 - INFO - HedgeFund - Entering long position: 0.019625 BTC at 50244.11
2025-12-03 15:00:06,597 - INFO - HedgeFund - Exiting position: P&L = -4.15 (-0.42%)
2025-12-03 15:00:06,597 - INFO - HedgeFund - Entering long position: 0.019555 BTC at 50403.11
2025-12-03 15:00:06,597 - INFO - HedgeFund - Exiting position: P&L = 11.40 (1.16%)
2025-12-03 15:00:06,597 - INFO - HedgeFund - Entering long position: 0.019181 BTC at 51445.63
2025-12-03 15:00:06,597 - INFO - HedgeFund - Exiting position: P&L = 6.05 (0.61%)
2025-12-03 15:00:06,597 - INFO - HedgeFund - Entering long position: 0.019514 BTC at 50599.03
2025-12-03 15:00:06,597 - INFO - HedgeFund - Exiting position: P&L = -16.38 (-1.66%)
2025-12-03 15:00:06,597 - INFO - HedgeFund - Entering long position: 0.019757 BTC at 49892.82
2025-12-03 15:00:06,597 - INFO - HedgeFund - Exiting position: P&L = -3.85 (-0.39%)
2025-12-03 15:00:06,597 - INFO - HedgeFund - Entering long position: 0.019559 BTC at 50377.93
2025-12-03 15:00:06,597 - INFO - HedgeFund - Exiting position: P&L = -14.31 (-1.45%)
2025-12-03 15:00:06,597 - INFO - HedgeFund - Entering long position: 0.020153 BTC at 48822.12
2025-12-03 15:00:06,597 - INFO - HedgeFund - Exiting position: P&L = 10.15 (1.03%)
2025-12-03 15:00:06,597 - INFO - HedgeFund - Entering long position: 0.020348 BTC at 48404.45
2025-12-03 15:00:06,598 - INFO - HedgeFund - Exiting position: P&L = 1.74 (0.18%)
2025-12-03 15:00:06,598 - INFO - HedgeFund - Entering long position: 0.020175 BTC at 48829.10
2025-12-03 15:00:06,598 - INFO - HedgeFund - Exiting position: P&L = -2.79 (-0.28%)
2025-12-03 15:00:06,598 - INFO - HedgeFund - Entering long position: 0.020741 BTC at 47483.44
2025-12-03 15:00:06,598 - INFO - HedgeFund - Exiting position: P&L = 12.59 (1.28%)
2025-12-03 15:00:06,598 - INFO - HedgeFund - Entering long position: 0.020153 BTC at 48930.76
2025-12-03 15:00:06,598 - INFO - HedgeFund - Exiting position: P&L = -5.12 (-0.52%)
2025-12-03 15:00:06,598 - INFO - HedgeFund - Entering long position: 0.020152 BTC at 48908.72
2025-12-03 15:00:06,598 - INFO - HedgeFund - Exiting position: P&L = -2.69 (-0.27%)
2025-12-03 15:00:06,598 - INFO - HedgeFund - Entering long position: 0.020237 BTC at 48688.40
2025-12-03 15:00:06,598 - INFO - HedgeFund - Exiting position: P&L = 11.33 (1.15%)
2025-12-03 15:00:06,598 - INFO - HedgeFund - Entering long position: 0.019999 BTC at 49324.08
2025-12-03 15:00:06,598 - INFO - HedgeFund - Exiting position: P&L = 8.46 (0.86%)
2025-12-03 15:00:06,598 - INFO - HedgeFund - Entering long position: 0.019950 BTC at 49488.02
2025-12-03 15:00:06,598 - INFO - HedgeFund - Exiting position: P&L = 7.04 (0.71%)
2025-12-03 15:00:06,599 - INFO - HedgeFund - Entering long position: 0.020174 BTC at 48973.27
2025-12-03 15:00:06,599 - INFO - HedgeFund - Exiting position: P&L = -12.43 (-1.26%)
2025-12-03 15:00:06,599 - INFO - HedgeFund - Entering long position: 0.020175 BTC at 48910.77
2025-12-03 15:00:06,599 - INFO - HedgeFund - Exiting position: P&L = -3.01 (-0.30%)
2025-12-03 15:00:06,599 - INFO - HedgeFund - Entering long position: 0.021131 BTC at 46682.12
2025-12-03 15:00:06,599 - INFO - HedgeFund - Exiting position: P&L = 16.39 (1.66%)
2025-12-03 15:00:06,599 - INFO - HedgeFund - Entering long position: 0.020903 BTC at 47271.20
2025-12-03 15:00:06,599 - INFO - HedgeFund - Exiting position: P&L = 5.18 (0.52%)
2025-12-03 15:00:06,599 - INFO - HedgeFund - Entering long position: 0.020377 BTC at 48516.40
2025-12-03 15:00:06,600 - INFO - HedgeFund - Exiting position: P&L = 2.02 (0.20%)
2025-12-03 15:00:06,600 - INFO - HedgeFund - Entering long position: 0.020487 BTC at 48264.37
2025-12-03 15:00:06,600 - INFO - HedgeFund - Exiting position: P&L = -17.91 (-1.81%)
2025-12-03 15:00:06,600 - INFO - HedgeFund - Entering long position: 0.020751 BTC at 47564.51
2025-12-03 15:00:06,600 - INFO - HedgeFund - Exiting position: P&L = -19.27 (-1.95%)
2025-12-03 15:00:06,600 - INFO - HedgeFund - Entering long position: 0.021424 BTC at 45981.33
2025-12-03 15:00:06,600 - INFO - HedgeFund - Exiting position: P&L = 26.94 (2.73%)
2025-12-03 15:00:06,600 - INFO - HedgeFund - Entering long position: 0.020882 BTC at 47304.52
2025-12-03 15:00:06,600 - INFO - HedgeFund - Exiting position: P&L = -4.53 (-0.46%)
2025-12-03 15:00:06,600 - INFO - HedgeFund - Entering long position: 0.020969 BTC at 47085.69
2025-12-03 15:00:06,600 - INFO - HedgeFund - Exiting position: P&L = -4.93 (-0.50%)
2025-12-03 15:00:06,600 - INFO - HedgeFund - Entering long position: 0.020772 BTC at 47509.06
2025-12-03 15:00:06,600 - INFO - HedgeFund - Exiting position: P&L = -12.76 (-1.29%)
2025-12-03 15:00:06,600 - INFO - HedgeFund - Entering long position: 0.020481 BTC at 48121.89
2025-12-03 15:00:06,601 - INFO - HedgeFund - Exiting position: P&L = -1.77 (-0.18%)
2025-12-03 15:00:06,601 - INFO - HedgeFund - Entering long position: 0.020453 BTC at 48178.72
2025-12-03 15:00:06,601 - INFO - HedgeFund - Exiting position: P&L = -2.03 (-0.21%)
2025-12-03 15:00:06,601 - INFO - HedgeFund - Entering long position: 0.020291 BTC at 48553.16
2025-12-03 15:00:06,601 - INFO - HedgeFund - Exiting position: P&L = -10.80 (-1.10%)
2025-12-03 15:00:06,601 - INFO - HedgeFund - Entering long position: 0.020405 BTC at 48228.60
2025-12-03 15:00:06,601 - INFO - HedgeFund - Exiting position: P&L = -2.30 (-0.23%)
2025-12-03 15:00:06,601 - INFO - HedgeFund - Entering long position: 0.020390 BTC at 48253.09
2025-12-03 15:00:06,601 - INFO - HedgeFund - Exiting position: P&L = -7.93 (-0.81%)
2025-12-03 15:00:06,601 - INFO - HedgeFund - Entering long position: 0.020742 BTC at 47395.38
2025-12-03 15:00:06,601 - INFO - HedgeFund - Exiting position: P&L = -8.85 (-0.90%)
2025-12-03 15:00:06,601 - INFO - HedgeFund - Entering long position: 0.020533 BTC at 47834.62
2025-12-03 15:00:06,601 - INFO - HedgeFund - Exiting position: P&L = 13.86 (1.41%)
2025-12-03 15:00:06,601 - INFO - HedgeFund - Entering long position: 0.019952 BTC at 49297.35
2025-12-03 15:00:06,601 - INFO - HedgeFund - Exiting position: P&L = 8.01 (0.81%)
2025-12-03 15:00:06,601 - INFO - HedgeFund - Entering long position: 0.019517 BTC at 50437.65
2025-12-03 15:00:06,602 - INFO - HedgeFund - Exiting position: P&L = -8.58 (-0.87%)
2025-12-03 15:00:06,602 - INFO - HedgeFund - Entering long position: 0.019367 BTC at 50785.13
2025-12-03 15:00:06,602 - INFO - HedgeFund - Exiting position: P&L = -15.08 (-1.53%)
2025-12-03 15:00:06,602 - INFO - HedgeFund - Entering long position: 0.019692 BTC at 49868.93
2025-12-03 15:00:06,602 - INFO - HedgeFund - Exiting position: P&L = 31.10 (3.17%)
2025-12-03 15:00:06,602 - INFO - HedgeFund - Entering long position: 0.018952 BTC at 51981.02
2025-12-03 15:00:06,602 - INFO - HedgeFund - Exiting position: P&L = -26.79 (-2.72%)
2025-12-03 15:00:06,602 - INFO - HedgeFund - Entering long position: 0.019265 BTC at 50997.17
2025-12-03 15:00:06,602 - INFO - HedgeFund - Exiting position: P&L = -7.31 (-0.74%)
2025-12-03 15:00:06,602 - INFO - HedgeFund - Entering long position: 0.020323 BTC at 48307.03
2025-12-03 15:00:06,602 - INFO - HedgeFund - Exiting position: P&L = -3.31 (-0.34%)
2025-12-03 15:00:06,602 - INFO - HedgeFund - Entering long position: 0.020237 BTC at 48495.58
2025-12-03 15:00:06,602 - INFO - HedgeFund - Exiting position: P&L = -1.58 (-0.16%)
2025-12-03 15:00:06,603 - INFO - HedgeFund - Entering long position: 0.020807 BTC at 47158.27
2025-12-03 15:00:06,603 - INFO - HedgeFund - Exiting position: P&L = -11.17 (-1.14%)
2025-12-03 15:00:06,603 - INFO - HedgeFund - Entering long position: 0.020755 BTC at 47222.18
2025-12-03 15:00:06,603 - INFO - HedgeFund - Exiting position: P&L = -16.30 (-1.66%)
2025-12-03 15:00:06,603 - INFO - HedgeFund - Entering long position: 0.020663 BTC at 47354.38
2025-12-03 15:00:06,603 - INFO - HedgeFund - Exiting position: P&L = 37.69 (3.85%)
2025-12-03 15:00:06,603 - INFO - HedgeFund - Entering long position: 0.020643 BTC at 47583.71
2025-12-03 15:00:06,603 - INFO - HedgeFund - Exiting position: P&L = -9.32 (-0.95%)
2025-12-03 15:00:06,603 - INFO - HedgeFund - Entering long position: 0.021029 BTC at 46664.80
2025-12-03 15:00:06,603 - INFO - HedgeFund - Exiting position: P&L = -6.88 (-0.70%)
2025-12-03 15:00:06,603 - INFO - HedgeFund - Entering long position: 0.022045 BTC at 44482.54
2025-12-03 15:00:06,603 - INFO - HedgeFund - Exiting position: P&L = 1.85 (0.19%)
2025-12-03 15:00:06,603 - INFO - HedgeFund - Entering long position: 0.021960 BTC at 44663.54
2025-12-03 15:00:06,603 - INFO - HedgeFund - Exiting position: P&L = -8.42 (-0.86%)
2025-12-03 15:00:06,603 - INFO - HedgeFund - Entering long position: 0.022072 BTC at 44399.33
2025-12-03 15:00:06,604 - INFO - HedgeFund - Exiting position: P&L = -2.29 (-0.23%)
2025-12-03 15:00:06,604 - INFO - HedgeFund - Entering long position: 0.023532 BTC at 41635.44
2025-12-03 15:00:06,604 - INFO - HedgeFund - Exiting position: P&L = 2.19 (0.22%)
2025-12-03 15:00:06,604 - INFO - HedgeFund - Entering long position: 0.023585 BTC at 41550.05
2025-12-03 15:00:06,604 - INFO - HedgeFund - Exiting position: P&L = 22.51 (2.30%)
2025-12-03 15:00:06,604 - INFO - HedgeFund - Entering long position: 0.023010 BTC at 42686.41
2025-12-03 15:00:06,604 - INFO - HedgeFund - Exiting position: P&L = 79.20 (8.06%)
2025-12-03 15:00:06,604 - INFO - HedgeFund - Entering long position: 0.021194 BTC at 46718.72
2025-12-03 15:00:06,604 - INFO - HedgeFund - Exiting position: P&L = -9.10 (-0.92%)
2025-12-03 15:00:06,604 - INFO - HedgeFund - Entering long position: 0.022188 BTC at 44584.15
2025-12-03 15:00:06,604 - INFO - HedgeFund - Exiting position: P&L = -0.53 (-0.05%)
2025-12-03 15:00:06,604 - INFO - HedgeFund - Entering long position: 0.022053 BTC at 44853.96
2025-12-03 15:00:06,605 - INFO - HedgeFund - Exiting position: P&L = -10.23 (-1.03%)
2025-12-03 15:00:06,605 - INFO - HedgeFund - Entering long position: 0.022168 BTC at 44575.29
2025-12-03 15:00:06,605 - INFO - HedgeFund - Exiting position: P&L = 16.99 (1.72%)
2025-12-03 15:00:06,605 - INFO - HedgeFund - Entering long position: 0.021769 BTC at 45469.91
2025-12-03 15:00:06,605 - INFO - HedgeFund - Exiting position: P&L = -8.59 (-0.87%)
2025-12-03 15:00:06,605 - INFO - HedgeFund - Entering long position: 0.021439 BTC at 46130.11
2025-12-03 15:00:06,605 - INFO - HedgeFund - Exiting position: P&L = 21.39 (2.16%)
2025-12-03 15:00:06,605 - INFO - HedgeFund - Entering long position: 0.020433 BTC at 48505.48
2025-12-03 15:00:06,605 - INFO - HedgeFund - Exiting position: P&L = -9.20 (-0.93%)
2025-12-03 15:00:06,605 - INFO - HedgeFund - Entering long position: 0.020485 BTC at 48338.99
2025-12-03 15:00:06,605 - INFO - HedgeFund - Exiting position: P&L = -9.20 (-0.93%)
2025-12-03 15:00:06,605 - INFO - HedgeFund - Entering long position: 0.020344 BTC at 48627.80
2025-12-03 15:00:06,605 - INFO - HedgeFund - Exiting position: P&L = -0.35 (-0.04%)
2025-12-03 15:00:06,605 - INFO - HedgeFund - Entering long position: 0.020319 BTC at 48686.64
2025-12-03 15:00:06,605 - INFO - HedgeFund - Exiting position: P&L = -9.30 (-0.94%)
2025-12-03 15:00:06,605 - INFO - HedgeFund - Entering long position: 0.020266 BTC at 48767.15
2025-12-03 15:00:06,606 - INFO - HedgeFund - Exiting position: P&L = 2.09 (0.21%)
2025-12-03 15:00:06,606 - INFO - HedgeFund - Entering long position: 0.020206 BTC at 48922.27
2025-12-03 15:00:06,606 - INFO - HedgeFund - Exiting position: P&L = -14.49 (-1.47%)
2025-12-03 15:00:06,606 - INFO - HedgeFund - Entering long position: 0.020446 BTC at 48277.57
2025-12-03 15:00:06,606 - INFO - HedgeFund - Exiting position: P&L = -5.73 (-0.58%)
2025-12-03 15:00:06,606 - INFO - HedgeFund - Entering long position: 0.020691 BTC at 47678.78
2025-12-03 15:00:06,606 - INFO - HedgeFund - Exiting position: P&L = -24.48 (-2.48%)
2025-12-03 15:00:06,606 - INFO - HedgeFund - Entering long position: 0.023268 BTC at 42292.19
2025-12-03 15:00:06,606 - INFO - HedgeFund - Exiting position: P&L = 0.06 (0.01%)
2025-12-03 15:00:06,606 - INFO - HedgeFund - Entering long position: 0.023289 BTC at 42255.38
2025-12-03 15:00:06,606 - INFO - HedgeFund - Exiting position: P&L = -7.10 (-0.72%)
2025-12-03 15:00:06,606 - INFO - HedgeFund - Entering long position: 0.023706 BTC at 41480.85
2025-12-03 15:00:06,606 - INFO - HedgeFund - Exiting position: P&L = 0.18 (0.02%)
2025-12-03 15:00:06,607 - INFO - HedgeFund - Entering long position: 0.022915 BTC at 42914.97
2025-12-03 15:00:06,607 - INFO - HedgeFund - Exiting position: P&L = -5.41 (-0.55%)
2025-12-03 15:00:06,607 - INFO - HedgeFund - Entering long position: 0.022996 BTC at 42740.18
2025-12-03 15:00:06,607 - INFO - HedgeFund - Exiting position: P&L = -6.32 (-0.64%)
2025-12-03 15:00:06,607 - INFO - HedgeFund - Entering long position: 0.022667 BTC at 43332.36
2025-12-03 15:00:06,607 - INFO - HedgeFund - Exiting position: P&L = -12.50 (-1.27%)
2025-12-03 15:00:06,607 - INFO - HedgeFund - Entering long position: 0.022748 BTC at 43122.03
2025-12-03 15:00:06,607 - INFO - HedgeFund - Exiting position: P&L = 8.09 (0.82%)
2025-12-03 15:00:06,608 - INFO - HedgeFund - Entering long position: 0.022318 BTC at 43989.18
2025-12-03 15:00:06,608 - INFO - HedgeFund - Exiting position: P&L = -6.32 (-0.64%)
2025-12-03 15:00:06,608 - INFO - HedgeFund - Entering long position: 0.022268 BTC at 44061.10
2025-12-03 15:00:06,608 - INFO - HedgeFund - Exiting position: P&L = -3.12 (-0.32%)
2025-12-03 15:00:06,608 - INFO - HedgeFund - Entering long position: 0.022198 BTC at 44185.24
2025-12-03 15:00:06,608 - INFO - HedgeFund - Exiting position: P&L = -4.79 (-0.49%)
2025-12-03 15:00:06,608 - INFO - HedgeFund - Entering long position: 0.022259 BTC at 44043.48
2025-12-03 15:00:06,608 - INFO - HedgeFund - Exiting position: P&L = -2.84 (-0.29%)
2025-12-03 15:00:06,608 - INFO - HedgeFund - Entering long position: 0.022011 BTC at 44526.75
2025-12-03 15:00:06,608 - INFO - HedgeFund - Exiting position: P&L = -14.58 (-1.49%)
2025-12-03 15:00:06,608 - INFO - HedgeFund - Entering long position: 0.021829 BTC at 44831.04
2025-12-03 15:00:06,608 - INFO - HedgeFund - Exiting position: P&L = -19.44 (-1.99%)
2025-12-03 15:00:06,608 - INFO - HedgeFund - Entering long position: 0.022081 BTC at 44230.77
2025-12-03 15:00:06,609 - INFO - HedgeFund - Exiting position: P&L = -12.34 (-1.26%)
2025-12-03 15:00:06,609 - INFO - HedgeFund - Entering long position: 0.022267 BTC at 43805.59
2025-12-03 15:00:06,609 - INFO - HedgeFund - Exiting position: P&L = -9.98 (-1.02%)
2025-12-03 15:00:06,609 - INFO - HedgeFund - Entering long position: 0.022712 BTC at 42903.97
2025-12-03 15:00:06,609 - INFO - HedgeFund - Exiting position: P&L = 44.02 (4.52%)
2025-12-03 15:00:06,609 - INFO - HedgeFund - Entering long position: 0.021637 BTC at 45238.73
2025-12-03 15:00:06,609 - INFO - HedgeFund - Exiting position: P&L = 21.45 (2.19%)
2025-12-03 15:00:06,609 - INFO - HedgeFund - Entering long position: 0.021017 BTC at 46674.08
2025-12-03 15:00:06,609 - INFO - HedgeFund - Exiting position: P&L = 21.93 (2.24%)
2025-12-03 15:00:06,609 - INFO - HedgeFund - Entering long position: 0.020309 BTC at 48410.98
2025-12-03 15:00:06,609 - INFO - HedgeFund - Exiting position: P&L = 6.08 (0.62%)
2025-12-03 15:00:06,609 - INFO - HedgeFund - Entering long position: 0.020003 BTC at 49180.60
2025-12-03 15:00:06,609 - INFO - HedgeFund - Exiting position: P&L = -13.99 (-1.42%)
2025-12-03 15:00:06,609 - INFO - HedgeFund - Entering long position: 0.020089 BTC at 48899.88
2025-12-03 15:00:06,609 - INFO - HedgeFund - Exiting position: P&L = 5.08 (0.52%)
2025-12-03 15:00:06,610 - INFO - HedgeFund - Entering long position: 0.019952 BTC at 49262.92
2025-12-03 15:00:06,610 - INFO - HedgeFund - Exiting position: P&L = -3.23 (-0.33%)
2025-12-03 15:00:06,610 - INFO - HedgeFund - Entering long position: 0.019695 BTC at 49888.67
2025-12-03 15:00:06,610 - INFO - HedgeFund - Exiting position: P&L = -25.32 (-2.58%)
2025-12-03 15:00:06,610 - INFO - HedgeFund - Entering long position: 0.019679 BTC at 49799.76
2025-12-03 15:00:06,610 - INFO - HedgeFund - Exiting position: P&L = -2.48 (-0.25%)
2025-12-03 15:00:06,610 - INFO - HedgeFund - Entering long position: 0.019911 BTC at 49207.38
2025-12-03 15:00:06,610 - INFO - HedgeFund - Exiting position: P&L = 0.77 (0.08%)
2025-12-03 15:00:06,610 - INFO - HedgeFund - Entering long position: 0.019822 BTC at 49431.55
2025-12-03 15:00:06,610 - INFO - HedgeFund - Exiting position: P&L = -13.34 (-1.36%)
2025-12-03 15:00:06,610 - INFO - HedgeFund - Entering long position: 0.019862 BTC at 49266.28
2025-12-03 15:00:06,610 - INFO - HedgeFund - Exiting position: P&L = -9.29 (-0.95%)
2025-12-03 15:00:06,610 - INFO - HedgeFund - Entering long position: 0.019658 BTC at 49730.24
2025-12-03 15:00:06,610 - INFO - HedgeFund - Exiting position: P&L = 3.41 (0.35%)
2025-12-03 15:00:06,610 - INFO - HedgeFund - Entering long position: 0.019482 BTC at 50197.44
2025-12-03 15:00:06,610 - INFO - HedgeFund - Exiting position: P&L = 11.47 (1.17%)
2025-12-03 15:00:06,611 - INFO - HedgeFund - Entering long position: 0.019277 BTC at 50789.47
2025-12-03 15:00:06,611 - INFO - HedgeFund - Exiting position: P&L = -10.95 (-1.12%)
2025-12-03 15:00:06,611 - INFO - HedgeFund - Entering long position: 0.022025 BTC at 44403.23
2025-12-03 15:00:06,611 - INFO - HedgeFund - Exiting position: P&L = 57.11 (5.84%)
2025-12-03 15:00:06,611 - INFO - HedgeFund - Entering long position: 0.020903 BTC at 47060.00
2025-12-03 15:00:06,611 - INFO - HedgeFund - Exiting position: P&L = -1.07 (-0.11%)
2025-12-03 15:00:06,611 - INFO - HedgeFund - Entering long position: 0.020702 BTC at 47511.38
2025-12-03 15:00:06,611 - INFO - HedgeFund - Exiting position: P&L = 7.78 (0.79%)
2025-12-03 15:00:06,611 - INFO - HedgeFund - Entering long position: 0.020618 BTC at 47743.17
2025-12-03 15:00:06,611 - INFO - HedgeFund - Exiting position: P&L = 12.62 (1.28%)
2025-12-03 15:00:06,611 - INFO - HedgeFund - Entering long position: 0.020207 BTC at 48777.33
2025-12-03 15:00:06,611 - INFO - HedgeFund - Exiting position: P&L = -9.51 (-0.97%)
2025-12-03 15:00:06,611 - INFO - HedgeFund - Entering long position: 0.020296 BTC at 48516.15
2025-12-03 15:00:06,612 - INFO - HedgeFund - Exiting position: P&L = -1.61 (-0.16%)
2025-12-03 15:00:06,612 - INFO - HedgeFund - Entering long position: 0.020319 BTC at 48452.36
2025-12-03 15:00:06,612 - INFO - HedgeFund - Exiting position: P&L = 6.73 (0.68%)
2025-12-03 15:00:06,612 - INFO - HedgeFund - Entering long position: 0.020124 BTC at 48956.49
2025-12-03 15:00:06,612 - INFO - HedgeFund - Exiting position: P&L = -15.47 (-1.57%)
2025-12-03 15:00:06,612 - INFO - HedgeFund - Entering long position: 0.020749 BTC at 47406.87
2025-12-03 15:00:06,612 - INFO - HedgeFund - Exiting position: P&L = -9.91 (-1.01%)
2025-12-03 15:00:06,612 - INFO - HedgeFund - Entering long position: 0.021197 BTC at 46358.75
2025-12-03 15:00:06,612 - INFO - HedgeFund - Exiting position: P&L = -8.47 (-0.86%)
2025-12-03 15:00:06,612 - INFO - HedgeFund - Entering long position: 0.020922 BTC at 46926.04
2025-12-03 15:00:06,612 - INFO - HedgeFund - Exiting position: P&L = -3.26 (-0.33%)
2025-12-03 15:00:06,613 - INFO - HedgeFund - Entering long position: 0.022266 BTC at 44079.67
2025-12-03 15:00:06,613 - INFO - HedgeFund - Exiting position: P&L = -0.36 (-0.04%)
2025-12-03 15:00:06,613 - INFO - HedgeFund - Entering long position: 0.022022 BTC at 44566.88
2025-12-03 15:00:06,613 - INFO - HedgeFund - Exiting position: P&L = -13.85 (-1.41%)
2025-12-03 15:00:06,613 - INFO - HedgeFund - Entering long position: 0.021899 BTC at 44754.40
2025-12-03 15:00:06,613 - INFO - HedgeFund - Exiting position: P&L = 14.73 (1.50%)
2025-12-03 15:00:06,613 - INFO - HedgeFund - Entering long position: 0.021400 BTC at 45866.47
2025-12-03 15:00:06,613 - INFO - HedgeFund - Exiting position: P&L = -9.43 (-0.96%)
2025-12-03 15:00:06,613 - INFO - HedgeFund - Entering long position: 0.021445 BTC at 45725.89
2025-12-03 15:00:06,613 - INFO - HedgeFund - Exiting position: P&L = 37.66 (3.84%)
2025-12-03 15:00:06,613 - INFO - HedgeFund - Entering long position: 0.020556 BTC at 47886.62
2025-12-03 15:00:06,613 - INFO - HedgeFund - Exiting position: P&L = 18.75 (1.90%)
2025-12-03 15:00:06,614 - INFO - HedgeFund - Entering long position: 0.020523 BTC at 48054.77
2025-12-03 15:00:06,614 - INFO - HedgeFund - Exiting position: P&L = 2.57 (0.26%)
2025-12-03 15:00:06,614 - INFO - HedgeFund - Entering long position: 0.020176 BTC at 48894.03
2025-12-03 15:00:06,614 - INFO - HedgeFund - Exiting position: P&L = -10.48 (-1.06%)
2025-12-03 15:00:06,614 - INFO - HedgeFund - Entering long position: 0.020233 BTC at 48704.45
2025-12-03 15:00:06,614 - INFO - HedgeFund - Exiting position: P&L = -14.33 (-1.45%)
2025-12-03 15:00:06,614 - INFO - HedgeFund - Entering long position: 0.020328 BTC at 48406.65
2025-12-03 15:00:06,614 - INFO - HedgeFund - Exiting position: P&L = 12.32 (1.25%)
2025-12-03 15:00:06,614 - INFO - HedgeFund - Entering long position: 0.020034 BTC at 49177.37
2025-12-03 15:00:06,614 - INFO - HedgeFund - Exiting position: P&L = 30.46 (3.09%)
2025-12-03 15:00:06,614 - INFO - HedgeFund - Entering long position: 0.019250 BTC at 51338.28
2025-12-03 15:00:06,614 - INFO - HedgeFund - Exiting position: P&L = 10.41 (1.05%)
2025-12-03 15:00:06,614 - INFO - HedgeFund - Entering long position: 0.018837 BTC at 52520.89
2025-12-03 15:00:06,615 - INFO - HedgeFund - Exiting position: P&L = 10.02 (1.01%)
2025-12-03 15:00:06,615 - INFO - HedgeFund - Entering long position: 0.018365 BTC at 53925.78
2025-12-03 15:00:06,615 - INFO - HedgeFund - Exiting position: P&L = -9.62 (-0.97%)
2025-12-03 15:00:06,615 - INFO - HedgeFund - Entering long position: 0.018314 BTC at 54021.30
2025-12-03 15:00:06,615 - INFO - HedgeFund - Exiting position: P&L = -3.20 (-0.32%)
2025-12-03 15:00:06,615 - INFO - HedgeFund - Entering long position: 0.018358 BTC at 53875.25
2025-12-03 15:00:06,615 - INFO - HedgeFund - Exiting position: P&L = 11.76 (1.19%)
2025-12-03 15:00:06,615 - INFO - HedgeFund - Entering long position: 0.018030 BTC at 54919.88
2025-12-03 15:00:06,615 - INFO - HedgeFund - Exiting position: P&L = 25.44 (2.57%)
2025-12-03 15:00:06,615 - INFO - HedgeFund - Entering long position: 0.017685 BTC at 56137.06
2025-12-03 15:00:06,616 - INFO - HedgeFund - Exiting position: P&L = -15.27 (-1.54%)
2025-12-03 15:00:06,616 - INFO - HedgeFund - Entering long position: 0.017655 BTC at 56144.87
2025-12-03 15:00:06,616 - INFO - HedgeFund - Exiting position: P&L = -8.14 (-0.82%)
2025-12-03 15:00:06,616 - INFO - HedgeFund - Entering long position: 0.018018 BTC at 54970.19
2025-12-03 15:00:06,616 - INFO - HedgeFund - Exiting position: P&L = 2.34 (0.24%)
2025-12-03 15:00:06,616 - INFO - HedgeFund - Entering long position: 0.017798 BTC at 55662.77
2025-12-03 15:00:06,616 - INFO - HedgeFund - Exiting position: P&L = 57.13 (5.77%)
2025-12-03 15:00:06,616 - INFO - HedgeFund - Entering long position: 0.018483 BTC at 53906.74
2025-12-03 15:00:06,616 - INFO - HedgeFund - Exiting position: P&L = -2.86 (-0.29%)
2025-12-03 15:00:06,616 - INFO - HedgeFund - Entering long position: 0.018907 BTC at 52682.40
2025-12-03 15:00:06,616 - INFO - HedgeFund - Exiting position: P&L = 16.15 (1.62%)
2025-12-03 15:00:06,616 - INFO - HedgeFund - Entering long position: 0.018751 BTC at 53207.96
2025-12-03 15:00:06,616 - INFO - HedgeFund - Exiting position: P&L = -4.85 (-0.49%)
2025-12-03 15:00:06,617 - INFO - HedgeFund - Entering long position: 0.018739 BTC at 53216.38
2025-12-03 15:00:06,617 - INFO - HedgeFund - Exiting position: P&L = -13.63 (-1.37%)
2025-12-03 15:00:06,617 - INFO - HedgeFund - Entering long position: 0.019425 BTC at 51265.71
2025-12-03 15:00:06,617 - INFO - HedgeFund - Exiting position: P&L = 6.72 (0.67%)
2025-12-03 15:00:06,617 - INFO - HedgeFund - Entering long position: 0.019087 BTC at 52210.21
2025-12-03 15:00:06,617 - INFO - HedgeFund - Exiting position: P&L = -17.90 (-1.80%)
2025-12-03 15:00:06,617 - INFO - HedgeFund - Entering long position: 0.019177 BTC at 51870.99
2025-12-03 15:00:06,617 - INFO - HedgeFund - Exiting position: P&L = -6.90 (-0.69%)
2025-12-03 15:00:06,617 - INFO - HedgeFund - Entering long position: 0.018991 BTC at 52343.55
2025-12-03 15:00:06,617 - INFO - HedgeFund - Exiting position: P&L = 44.69 (4.50%)
2025-12-03 15:00:06,617 - INFO - HedgeFund - Entering long position: 0.017920 BTC at 55719.65
2025-12-03 15:00:06,617 - INFO - HedgeFund - Exiting position: P&L = 18.68 (1.87%)
2025-12-03 15:00:06,617 - INFO - HedgeFund - Entering long position: 0.017574 BTC at 56924.52
2025-12-03 15:00:06,617 - INFO - HedgeFund - Exiting position: P&L = 0.03 (0.00%)
2025-12-03 15:00:06,618 - INFO - HedgeFund - Entering long position: 0.017471 BTC at 57258.39
2025-12-03 15:00:06,618 - INFO - HedgeFund - Exiting position: P&L = 15.78 (1.58%)
2025-12-03 15:00:06,618 - INFO - HedgeFund - Entering long position: 0.017106 BTC at 58573.44
2025-12-03 15:00:06,618 - INFO - HedgeFund - Exiting position: P&L = -14.40 (-1.44%)
2025-12-03 15:00:06,618 - INFO - HedgeFund - Entering long position: 0.017279 BTC at 57904.01
2025-12-03 15:00:06,618 - INFO - HedgeFund - Exiting position: P&L = 5.58 (0.56%)
2025-12-03 15:00:06,618 - INFO - HedgeFund - Entering long position: 0.017778 BTC at 56310.19
2025-12-03 15:00:06,618 - INFO - HedgeFund - Exiting position: P&L = -4.57 (-0.46%)
2025-12-03 15:00:06,618 - INFO - HedgeFund - Entering long position: 0.017847 BTC at 56066.81
2025-12-03 15:00:06,618 - INFO - HedgeFund - Exiting position: P&L = 1.01 (0.10%)
2025-12-03 15:00:06,618 - INFO - HedgeFund - Entering long position: 0.017626 BTC at 56774.39
2025-12-03 15:00:06,618 - INFO - HedgeFund - Exiting position: P&L = -2.33 (-0.23%)
2025-12-03 15:00:06,618 - INFO - HedgeFund - Entering long position: 0.017565 BTC at 56960.16
2025-12-03 15:00:06,619 - INFO - HedgeFund - Exiting position: P&L = 24.79 (2.48%)
2025-12-03 15:00:06,619 - INFO - HedgeFund - Entering long position: 0.017224 BTC at 58232.35
2025-12-03 15:00:06,619 - INFO - HedgeFund - Exiting position: P&L = 54.53 (5.44%)
2025-12-03 15:00:06,619 - INFO - HedgeFund - Entering long position: 0.016143 BTC at 62468.84
2025-12-03 15:00:06,619 - INFO - HedgeFund - Exiting position: P&L = -3.94 (-0.39%)
2025-12-03 15:00:06,619 - INFO - HedgeFund - Entering long position: 0.015786 BTC at 63855.83
2025-12-03 15:00:06,619 - INFO - HedgeFund - Exiting position: P&L = -23.91 (-2.37%)
2025-12-03 15:00:06,619 - INFO - HedgeFund - Entering long position: 0.015733 BTC at 63920.71
2025-12-03 15:00:06,619 - INFO - HedgeFund - Exiting position: P&L = 20.14 (2.00%)
2025-12-03 15:00:06,619 - INFO - HedgeFund - Entering long position: 0.015550 BTC at 64800.74
2025-12-03 15:00:06,619 - INFO - HedgeFund - Exiting position: P&L = 2.38 (0.24%)
2025-12-03 15:00:06,619 - INFO - HedgeFund - Entering long position: 0.015324 BTC at 65773.40
2025-12-03 15:00:06,619 - INFO - HedgeFund - Exiting position: P&L = 18.98 (1.88%)
2025-12-03 15:00:06,620 - INFO - HedgeFund - Entering long position: 0.015096 BTC at 66891.20
2025-12-03 15:00:06,620 - INFO - HedgeFund - Exiting position: P&L = 1.64 (0.16%)
2025-12-03 15:00:06,620 - INFO - HedgeFund - Entering long position: 0.014985 BTC at 67395.87
2025-12-03 15:00:06,620 - INFO - HedgeFund - Exiting position: P&L = -12.61 (-1.25%)
2025-12-03 15:00:06,620 - INFO - HedgeFund - Entering long position: 0.016299 BTC at 61885.61
2025-12-03 15:00:06,620 - INFO - HedgeFund - Exiting position: P&L = -6.78 (-0.67%)
2025-12-03 15:00:06,620 - INFO - HedgeFund - Entering long position: 0.016204 BTC at 62206.17
2025-12-03 15:00:06,620 - INFO - HedgeFund - Exiting position: P&L = -5.03 (-0.50%)
2025-12-03 15:00:06,620 - INFO - HedgeFund - Entering long position: 0.016137 BTC at 62435.05
2025-12-03 15:00:06,620 - INFO - HedgeFund - Exiting position: P&L = -20.36 (-2.02%)
2025-12-03 15:00:06,620 - INFO - HedgeFund - Entering long position: 0.016119 BTC at 62379.58
2025-12-03 15:00:06,620 - INFO - HedgeFund - Exiting position: P&L = -0.46 (-0.05%)
2025-12-03 15:00:06,620 - INFO - HedgeFund - Entering long position: 0.016163 BTC at 62205.76
2025-12-03 15:00:06,620 - INFO - HedgeFund - Exiting position: P&L = 97.63 (9.71%)
2025-12-03 15:00:06,621 - INFO - HedgeFund - Entering long position: 0.015128 BTC at 67106.79
2025-12-03 15:00:06,621 - INFO - HedgeFund - Exiting position: P&L = -16.48 (-1.62%)
2025-12-03 15:00:06,621 - INFO - HedgeFund - Entering long position: 0.015354 BTC at 66012.25
2025-12-03 15:00:06,621 - INFO - HedgeFund - Exiting position: P&L = -15.76 (-1.55%)
2025-12-03 15:00:06,621 - INFO - HedgeFund - Entering long position: 0.015309 BTC at 66102.73
2025-12-03 15:00:06,621 - INFO - HedgeFund - Exiting position: P&L = -19.96 (-1.97%)
2025-12-03 15:00:06,621 - INFO - HedgeFund - Entering long position: 0.015499 BTC at 65164.89
2025-12-03 15:00:06,621 - INFO - HedgeFund - Exiting position: P&L = 2.35 (0.23%)
2025-12-03 15:00:06,621 - INFO - HedgeFund - Entering long position: 0.015454 BTC at 65370.12
2025-12-03 15:00:06,621 - INFO - HedgeFund - Exiting position: P&L = -10.81 (-1.07%)
2025-12-03 15:00:06,621 - INFO - HedgeFund - Entering long position: 0.015585 BTC at 64751.48
2025-12-03 15:00:06,621 - INFO - HedgeFund - Exiting position: P&L = 3.02 (0.30%)
2025-12-03 15:00:06,621 - INFO - HedgeFund - Entering long position: 0.015531 BTC at 64992.52
2025-12-03 15:00:06,621 - INFO - HedgeFund - Exiting position: P&L = -6.20 (-0.61%)
2025-12-03 15:00:06,621 - INFO - HedgeFund - Entering long position: 0.015532 BTC at 64952.33
2025-12-03 15:00:06,622 - INFO - HedgeFund - Exiting position: P&L = -10.74 (-1.06%)
2025-12-03 15:00:06,622 - INFO - HedgeFund - Entering long position: 0.015535 BTC at 64867.39
2025-12-03 15:00:06,622 - INFO - HedgeFund - Exiting position: P&L = 17.85 (1.77%)
2025-12-03 15:00:06,622 - INFO - HedgeFund - Entering long position: 0.015771 BTC at 64010.62
2025-12-03 15:00:06,622 - INFO - HedgeFund - Exiting position: P&L = 40.99 (4.06%)
2025-12-03 15:00:06,622 - INFO - HedgeFund - Entering long position: 0.015219 BTC at 66602.05
2025-12-03 15:00:06,622 - INFO - HedgeFund - Exiting position: P&L = -17.13 (-1.69%)
2025-12-03 15:00:06,622 - INFO - HedgeFund - Entering long position: 0.015380 BTC at 65793.60
2025-12-03 15:00:06,622 - INFO - HedgeFund - Exiting position: P&L = 27.76 (2.74%)
2025-12-03 15:00:06,622 - INFO - HedgeFund - Entering long position: 0.014857 BTC at 68297.29
2025-12-03 15:00:06,622 - INFO - HedgeFund - Exiting position: P&L = -1.04 (-0.10%)
2025-12-03 15:00:06,622 - INFO - HedgeFund - Entering long position: 0.015460 BTC at 65626.12
2025-12-03 15:00:06,622 - INFO - HedgeFund - Exiting position: P&L = -6.84 (-0.67%)
2025-12-03 15:00:06,622 - INFO - HedgeFund - Entering long position: 0.015860 BTC at 63925.90
2025-12-03 15:00:06,623 - INFO - HedgeFund - Exiting position: P&L = -11.24 (-1.11%)
2025-12-03 15:00:06,623 - INFO - HedgeFund - Entering long position: 0.015685 BTC at 64568.84
2025-12-03 15:00:06,623 - INFO - HedgeFund - Exiting position: P&L = -1.83 (-0.18%)
2025-12-03 15:00:06,623 - INFO - HedgeFund - Entering long position: 0.015427 BTC at 65635.64
2025-12-03 15:00:06,623 - INFO - HedgeFund - Exiting position: P&L = -11.23 (-1.11%)
2025-12-03 15:00:06,623 - INFO - HedgeFund - Entering long position: 0.015416 BTC at 65613.53
2025-12-03 15:00:06,623 - INFO - HedgeFund - Exiting position: P&L = -3.21 (-0.32%)
2025-12-03 15:00:06,623 - INFO - HedgeFund - Entering long position: 0.015563 BTC at 64970.24
2025-12-03 15:00:06,623 - INFO - HedgeFund - Exiting position: P&L = -2.41 (-0.24%)
2025-12-03 15:00:06,623 - INFO - HedgeFund - Entering long position: 0.015397 BTC at 65654.45
2025-12-03 15:00:06,623 - INFO - HedgeFund - Exiting position: P&L = 6.16 (0.61%)
2025-12-03 15:00:06,623 - INFO - HedgeFund - Entering long position: 0.015146 BTC at 66785.70
2025-12-03 15:00:06,624 - INFO - HedgeFund - Exiting position: P&L = -9.27 (-0.92%)
2025-12-03 15:00:06,624 - INFO - HedgeFund - Entering long position: 0.015127 BTC at 66806.36
2025-12-03 15:00:06,624 - INFO - HedgeFund - Exiting position: P&L = -15.55 (-1.54%)
2025-12-03 15:00:06,624 - INFO - HedgeFund - Entering long position: 0.015157 BTC at 66571.14
2025-12-03 15:00:06,624 - INFO - HedgeFund - Exiting position: P&L = -7.14 (-0.71%)
2025-12-03 15:00:06,624 - INFO - HedgeFund - Entering long position: 0.015031 BTC at 67083.98
2025-12-03 15:00:06,624 - INFO - HedgeFund - Exiting position: P&L = -7.48 (-0.74%)
2025-12-03 15:00:06,624 - INFO - HedgeFund - Entering long position: 0.014864 BTC at 67788.25
2025-12-03 15:00:06,624 - INFO - HedgeFund - Exiting position: P&L = -3.87 (-0.38%)
2025-12-03 15:00:06,624 - INFO - HedgeFund - Entering long position: 0.014856 BTC at 67795.38
2025-12-03 15:00:06,624 - INFO - HedgeFund - Exiting position: P&L = 0.93 (0.09%)
2025-12-03 15:00:06,624 - INFO - HedgeFund - Entering long position: 0.014774 BTC at 68177.76
2025-12-03 15:00:06,624 - INFO - HedgeFund - Exiting position: P&L = -8.31 (-0.83%)
2025-12-03 15:00:06,625 - INFO - HedgeFund - Entering long position: 0.014822 BTC at 67900.79
2025-12-03 15:00:06,625 - INFO - HedgeFund - Exiting position: P&L = 3.54 (0.35%)
2025-12-03 15:00:06,625 - INFO - HedgeFund - Entering long position: 0.015120 BTC at 66588.55
2025-12-03 15:00:06,625 - INFO - HedgeFund - Exiting position: P&L = -9.04 (-0.90%)
2025-12-03 15:00:06,625 - INFO - HedgeFund - Entering long position: 0.015475 BTC at 64999.60
2025-12-03 15:00:06,625 - INFO - HedgeFund - Exiting position: P&L = 15.46 (1.54%)
2025-12-03 15:00:06,625 - INFO - HedgeFund - Entering long position: 0.015449 BTC at 65211.64
2025-12-03 15:00:06,625 - INFO - HedgeFund - Exiting position: P&L = -29.34 (-2.91%)
2025-12-03 15:00:06,625 - INFO - HedgeFund - Entering long position: 0.015912 BTC at 63130.32
2025-12-03 15:00:06,625 - INFO - HedgeFund - Exiting position: P&L = 3.62 (0.36%)
2025-12-03 15:00:06,625 - INFO - HedgeFund - Entering long position: 0.015836 BTC at 63456.11
2025-12-03 15:00:06,626 - INFO - HedgeFund - Exiting position: P&L = -5.66 (-0.56%)
2025-12-03 15:00:06,626 - INFO - HedgeFund - Entering long position: 0.015751 BTC at 63759.90
2025-12-03 15:00:06,626 - INFO - HedgeFund - Exiting position: P&L = 9.09 (0.90%)
2025-12-03 15:00:06,626 - INFO - HedgeFund - Entering long position: 0.015563 BTC at 64591.83
2025-12-03 15:00:06,626 - INFO - HedgeFund - Exiting position: P&L = -1.29 (-0.13%)
2025-12-03 15:00:06,626 - INFO - HedgeFund - Entering long position: 0.015446 BTC at 65072.47
2025-12-03 15:00:06,626 - INFO - HedgeFund - Exiting position: P&L = -1.56 (-0.16%)
2025-12-03 15:00:06,626 - INFO - HedgeFund - Entering long position: 0.015487 BTC at 64889.80
2025-12-03 15:00:06,626 - INFO - HedgeFund - Exiting position: P&L = -10.48 (-1.04%)
2025-12-03 15:00:06,626 - INFO - HedgeFund - Entering long position: 0.015284 BTC at 65681.83
2025-12-03 15:00:06,626 - INFO - HedgeFund - Exiting position: P&L = 18.40 (1.83%)
2025-12-03 15:00:06,627 - INFO - HedgeFund - Entering long position: 0.014790 BTC at 67999.37
2025-12-03 15:00:06,627 - INFO - HedgeFund - Exiting position: P&L = -17.76 (-1.77%)
2025-12-03 15:00:06,627 - INFO - HedgeFund - Entering long position: 0.015108 BTC at 66451.31
2025-12-03 15:00:06,627 - INFO - HedgeFund - Exiting position: P&L = 0.24 (0.02%)
2025-12-03 15:00:06,627 - INFO - HedgeFund - Entering long position: 0.015378 BTC at 65287.28
2025-12-03 15:00:06,627 - INFO - HedgeFund - Exiting position: P&L = -2.89 (-0.29%)
2025-12-03 15:00:06,628 - INFO - HedgeFund - Entering long position: 0.015487 BTC at 64809.88
2025-12-03 15:00:06,628 - INFO - HedgeFund - Exiting position: P&L = 4.49 (0.45%)
2025-12-03 15:00:06,628 - INFO - HedgeFund - Entering long position: 0.015368 BTC at 65339.43
2025-12-03 15:00:06,628 - INFO - HedgeFund - Exiting position: P&L = 122.33 (12.18%)
2025-12-03 15:00:06,628 - INFO - HedgeFund - Entering long position: 0.013965 BTC at 72780.16
2025-12-03 15:00:06,628 - INFO - HedgeFund - Exiting position: P&L = -18.12 (-1.78%)
2025-12-03 15:00:06,628 - INFO - HedgeFund - Entering long position: 0.013774 BTC at 73657.09
2025-12-03 15:00:06,628 - INFO - HedgeFund - Exiting position: P&L = -7.74 (-0.76%)
2025-12-03 15:00:06,629 - INFO - HedgeFund - Entering long position: 0.013899 BTC at 72936.71
2025-12-03 15:00:06,629 - INFO - HedgeFund - Exiting position: P&L = -12.32 (-1.22%)
2025-12-03 15:00:06,629 - INFO - HedgeFund - Entering long position: 0.015403 BTC at 65736.16
2025-12-03 15:00:06,629 - INFO - HedgeFund - Exiting position: P&L = -11.81 (-1.17%)
2025-12-03 15:00:06,629 - INFO - HedgeFund - Entering long position: 0.015326 BTC at 65990.20
2025-12-03 15:00:06,629 - INFO - HedgeFund - Exiting position: P&L = 6.29 (0.62%)
2025-12-03 15:00:06,629 - INFO - HedgeFund - Entering long position: 0.015780 BTC at 64131.55
2025-12-03 15:00:06,630 - INFO - HedgeFund - Exiting position: P&L = -16.69 (-1.65%)
2025-12-03 15:00:06,630 - INFO - HedgeFund - Entering long position: 0.015808 BTC at 63910.71
2025-12-03 15:00:06,630 - INFO - HedgeFund - Exiting position: P&L = -19.49 (-1.93%)
2025-12-03 15:00:06,630 - INFO - HedgeFund - Entering long position: 0.015940 BTC at 63261.42
2025-12-03 15:00:06,630 - INFO - HedgeFund - Exiting position: P&L = 2.87 (0.28%)
2025-12-03 15:00:06,630 - INFO - HedgeFund - Entering long position: 0.015881 BTC at 63513.72
2025-12-03 15:00:06,630 - INFO - HedgeFund - Exiting position: P&L = -0.41 (-0.04%)
2025-12-03 15:00:06,631 - INFO - HedgeFund - Entering long position: 0.016647 BTC at 60589.35
2025-12-03 15:00:06,631 - INFO - HedgeFund - Exiting position: P&L = -8.36 (-0.83%)
2025-12-03 15:00:06,631 - INFO - HedgeFund - Entering long position: 0.016804 BTC at 59972.50
2025-12-03 15:00:06,631 - INFO - HedgeFund - Exiting position: P&L = -2.13 (-0.21%)
2025-12-03 15:00:06,631 - INFO - HedgeFund - Entering long position: 0.016994 BTC at 59291.61
2025-12-03 15:00:06,631 - INFO - HedgeFund - Exiting position: P&L = -0.21 (-0.02%)
2025-12-03 15:00:06,631 - INFO - HedgeFund - Entering long position: 0.017225 BTC at 58492.84
2025-12-03 15:00:06,631 - INFO - HedgeFund - Exiting position: P&L = 2.56 (0.25%)
2025-12-03 15:00:06,631 - INFO - HedgeFund - Entering long position: 0.017107 BTC at 58910.54
2025-12-03 15:00:06,632 - INFO - HedgeFund - Exiting position: P&L = -7.82 (-0.78%)
2025-12-03 15:00:06,632 - INFO - HedgeFund - Entering long position: 0.017181 BTC at 58611.33
2025-12-03 15:00:06,632 - INFO - HedgeFund - Exiting position: P&L = -2.11 (-0.21%)
2025-12-03 15:00:06,632 - INFO - HedgeFund - Entering long position: 0.017142 BTC at 58733.62
2025-12-03 15:00:06,632 - INFO - HedgeFund - Exiting position: P&L = 4.32 (0.43%)
2025-12-03 15:00:06,632 - INFO - HedgeFund - Entering long position: 0.016823 BTC at 59872.48
2025-12-03 15:00:06,632 - INFO - HedgeFund - Exiting position: P&L = -8.48 (-0.84%)
2025-12-03 15:00:06,632 - INFO - HedgeFund - Entering long position: 0.017530 BTC at 57411.10
2025-12-03 15:00:06,632 - INFO - HedgeFund - Exiting position: P&L = -3.31 (-0.33%)
2025-12-03 15:00:06,633 - INFO - HedgeFund - Entering long position: 0.017700 BTC at 56840.86
2025-12-03 15:00:06,633 - INFO - HedgeFund - Exiting position: P&L = -15.89 (-1.58%)
2025-12-03 15:00:06,633 - INFO - HedgeFund - Entering long position: 0.019186 BTC at 52353.86
2025-12-03 15:00:06,633 - INFO - HedgeFund - Exiting position: P&L = -6.38 (-0.64%)
2025-12-03 15:00:06,633 - INFO - HedgeFund - Entering long position: 0.019099 BTC at 52560.14
2025-12-03 15:00:06,633 - INFO - HedgeFund - Exiting position: P&L = -5.07 (-0.51%)
2025-12-03 15:00:06,633 - INFO - HedgeFund - Entering long position: 0.019195 BTC at 52270.18
2025-12-03 15:00:06,633 - INFO - HedgeFund - Exiting position: P&L = 4.07 (0.41%)
2025-12-03 15:00:06,633 - INFO - HedgeFund - Entering long position: 0.019069 BTC at 52636.16
2025-12-03 15:00:06,633 - INFO - HedgeFund - Exiting position: P&L = -1.65 (-0.16%)
2025-12-03 15:00:06,633 - INFO - HedgeFund - Entering long position: 0.018969 BTC at 52905.73
2025-12-03 15:00:06,633 - INFO - HedgeFund - Exiting position: P&L = 6.40 (0.64%)
2025-12-03 15:00:06,633 - INFO - HedgeFund - Entering long position: 0.018893 BTC at 53151.43
2025-12-03 15:00:06,633 - INFO - HedgeFund - Exiting position: P&L = -2.01 (-0.20%)
2025-12-03 15:00:06,634 - INFO - HedgeFund - Entering long position: 0.018808 BTC at 53381.13
2025-12-03 15:00:06,634 - INFO - HedgeFund - Exiting position: P&L = -12.08 (-1.20%)
2025-12-03 15:00:06,634 - INFO - HedgeFund - Entering long position: 0.018839 BTC at 53230.15
2025-12-03 15:00:06,634 - INFO - HedgeFund - Exiting position: P&L = -3.50 (-0.35%)
2025-12-03 15:00:06,634 - INFO - HedgeFund - Entering long position: 0.018862 BTC at 53145.92
2025-12-03 15:00:06,634 - INFO - HedgeFund - Exiting position: P&L = -4.19 (-0.42%)
2025-12-03 15:00:06,634 - INFO - HedgeFund - Entering long position: 0.018691 BTC at 53609.49
2025-12-03 15:00:06,634 - INFO - HedgeFund - Exiting position: P&L = -9.38 (-0.94%)
2025-12-03 15:00:06,634 - INFO - HedgeFund - Entering long position: 0.018874 BTC at 53042.27
2025-12-03 15:00:06,634 - INFO - HedgeFund - Exiting position: P&L = 4.49 (0.45%)
2025-12-03 15:00:06,635 - INFO - HedgeFund - Entering long position: 0.018527 BTC at 54059.36
2025-12-03 15:00:06,635 - INFO - HedgeFund - Exiting position: P&L = -23.76 (-2.37%)
2025-12-03 15:00:06,635 - INFO - HedgeFund - Entering long position: 0.018983 BTC at 52636.15
2025-12-03 15:00:06,635 - INFO - HedgeFund - Exiting position: P&L = 9.60 (0.96%)
2025-12-03 15:00:06,635 - INFO - HedgeFund - Entering long position: 0.019302 BTC at 51814.37
2025-12-03 15:00:06,635 - INFO - HedgeFund - Exiting position: P&L = -6.51 (-0.65%)
2025-12-03 15:00:06,635 - INFO - HedgeFund - Entering long position: 0.019353 BTC at 51643.92
2025-12-03 15:00:06,635 - INFO - HedgeFund - Exiting position: P&L = -2.73 (-0.27%)
2025-12-03 15:00:06,635 - INFO - HedgeFund - Entering long position: 0.019299 BTC at 51774.25
2025-12-03 15:00:06,635 - INFO - HedgeFund - Exiting position: P&L = -15.98 (-1.60%)
2025-12-03 15:00:06,636 - INFO - HedgeFund - Entering long position: 0.019839 BTC at 50284.56
2025-12-03 15:00:06,636 - INFO - HedgeFund - Exiting position: P&L = -10.90 (-1.09%)
2025-12-03 15:00:06,636 - INFO - HedgeFund - Entering long position: 0.020332 BTC at 49012.75
2025-12-03 15:00:06,636 - INFO - HedgeFund - Exiting position: P&L = -20.05 (-2.01%)
2025-12-03 15:00:06,636 - INFO - HedgeFund - Entering long position: 0.020702 BTC at 48039.48
2025-12-03 15:00:06,636 - INFO - HedgeFund - Exiting position: P&L = 1.50 (0.15%)
2025-12-03 15:00:06,636 - INFO - HedgeFund - Entering long position: 0.020696 BTC at 48061.89
2025-12-03 15:00:06,636 - INFO - HedgeFund - Exiting position: P&L = -0.46 (-0.05%)
2025-12-03 15:00:06,636 - INFO - HedgeFund - Entering long position: 0.020407 BTC at 48738.37
2025-12-03 15:00:06,636 - INFO - HedgeFund - Exiting position: P&L = -1.54 (-0.15%)
2025-12-03 15:00:06,637 - INFO - HedgeFund - Entering long position: 0.019916 BTC at 49933.34
2025-12-03 15:00:06,637 - INFO - HedgeFund - Exiting position: P&L = -0.93 (-0.09%)
2025-12-03 15:00:06,637 - INFO - HedgeFund - Entering long position: 0.019821 BTC at 50168.12
2025-12-03 15:00:06,637 - INFO - HedgeFund - Exiting position: P&L = 52.35 (5.26%)
2025-12-03 15:00:06,637 - INFO - HedgeFund - Entering long position: 0.018845 BTC at 53042.81
2025-12-03 15:00:06,637 - INFO - HedgeFund - Exiting position: P&L = -3.31 (-0.33%)
2025-12-03 15:00:06,637 - INFO - HedgeFund - Entering long position: 0.018889 BTC at 52903.63
2025-12-03 15:00:06,637 - INFO - HedgeFund - Exiting position: P&L = 7.67 (0.77%)
2025-12-03 15:00:06,637 - INFO - HedgeFund - Entering long position: 0.018682 BTC at 53529.63
2025-12-03 15:00:06,637 - INFO - HedgeFund - Exiting position: P&L = 10.07 (1.01%)
2025-12-03 15:00:06,637 - INFO - HedgeFund - Entering long position: 0.018578 BTC at 53885.20
2025-12-03 15:00:06,637 - INFO - HedgeFund - Exiting position: P&L = -6.42 (-0.64%)
2025-12-03 15:00:06,637 - INFO - HedgeFund - Entering long position: 0.019086 BTC at 52415.35
2025-12-03 15:00:06,638 - INFO - HedgeFund - Exiting position: P&L = 3.66 (0.37%)
2025-12-03 15:00:06,638 - INFO - HedgeFund - Entering long position: 0.019685 BTC at 50840.79
2025-12-03 15:00:06,638 - INFO - HedgeFund - Exiting position: P&L = -1.99 (-0.20%)
2025-12-03 15:00:06,638 - INFO - HedgeFund - Entering long position: 0.019587 BTC at 51084.08
2025-12-03 15:00:06,638 - INFO - HedgeFund - Exiting position: P&L = 16.58 (1.66%)
2025-12-03 15:00:06,638 - INFO - HedgeFund - Entering long position: 0.019087 BTC at 52508.52
2025-12-03 15:00:06,638 - INFO - HedgeFund - Exiting position: P&L = -5.11 (-0.51%)
2025-12-03 15:00:06,638 - INFO - HedgeFund - Entering long position: 0.018895 BTC at 53015.28
2025-12-03 15:00:06,638 - INFO - HedgeFund - Exiting position: P&L = -4.12 (-0.41%)
2025-12-03 15:00:06,638 - INFO - HedgeFund - Entering long position: 0.018801 BTC at 53259.62
2025-12-03 15:00:06,638 - INFO - HedgeFund - Exiting position: P&L = -21.96 (-2.19%)
2025-12-03 15:00:06,638 - INFO - HedgeFund - Entering long position: 0.018867 BTC at 52956.44
2025-12-03 15:00:06,638 - INFO - HedgeFund - Exiting position: P&L = -16.17 (-1.62%)
2025-12-03 15:00:06,638 - INFO - HedgeFund - Entering long position: 0.018761 BTC at 53168.78
2025-12-03 15:00:06,639 - INFO - HedgeFund - Exiting position: P&L = -3.35 (-0.34%)
2025-12-03 15:00:06,639 - INFO - HedgeFund - Entering long position: 0.019843 BTC at 50252.35
2025-12-03 15:00:06,639 - INFO - HedgeFund - Exiting position: P&L = 4.24 (0.43%)
2025-12-03 15:00:06,639 - INFO - HedgeFund - Entering long position: 0.020173 BTC at 49451.89
2025-12-03 15:00:06,639 - INFO - HedgeFund - Exiting position: P&L = -13.17 (-1.32%)
2025-12-03 15:00:06,639 - INFO - HedgeFund - Entering long position: 0.020287 BTC at 49109.09
2025-12-03 15:00:06,639 - INFO - HedgeFund - Exiting position: P&L = -15.43 (-1.55%)
2025-12-03 15:00:06,639 - INFO - HedgeFund - Entering long position: 0.020097 BTC at 49495.34
2025-12-03 15:00:06,639 - INFO - HedgeFund - Exiting position: P&L = -14.69 (-1.48%)
2025-12-03 15:00:06,639 - INFO - HedgeFund - Entering long position: 0.019977 BTC at 49721.46
2025-12-03 15:00:06,639 - INFO - HedgeFund - Exiting position: P&L = 21.95 (2.21%)
2025-12-03 15:00:06,640 - INFO - HedgeFund - Entering long position: 0.019248 BTC at 51716.55
2025-12-03 15:00:06,640 - INFO - HedgeFund - Exiting position: P&L = -10.81 (-1.09%)
2025-12-03 15:00:06,640 - INFO - HedgeFund - Entering long position: 0.019511 BTC at 50965.00
2025-12-03 15:00:06,640 - INFO - HedgeFund - Exiting position: P&L = -3.81 (-0.38%)
2025-12-03 15:00:06,640 - INFO - HedgeFund - Entering long position: 0.019231 BTC at 51686.84
2025-12-03 15:00:06,640 - INFO - HedgeFund - Exiting position: P&L = 2.18 (0.22%)
2025-12-03 15:00:06,640 - INFO - HedgeFund - Entering long position: 0.019415 BTC at 51208.81
2025-12-03 15:00:06,640 - INFO - HedgeFund - Exiting position: P&L = -8.40 (-0.85%)
2025-12-03 15:00:06,640 - INFO - HedgeFund - Entering long position: 0.019423 BTC at 51144.33
2025-12-03 15:00:06,640 - INFO - HedgeFund - Exiting position: P&L = -10.13 (-1.02%)
2025-12-03 15:00:06,640 - INFO - HedgeFund - Entering long position: 0.019361 BTC at 51256.35
2025-12-03 15:00:06,640 - INFO - HedgeFund - Exiting position: P&L = 9.28 (0.93%)
2025-12-03 15:00:06,641 - INFO - HedgeFund - Entering long position: 0.019095 BTC at 52018.89
2025-12-03 15:00:06,641 - INFO - HedgeFund - Exiting position: P&L = -10.22 (-1.03%)
2025-12-03 15:00:06,641 - INFO - HedgeFund - Entering long position: 0.019092 BTC at 51972.24
2025-12-03 15:00:06,641 - INFO - HedgeFund - Exiting position: P&L = 23.89 (2.41%)
2025-12-03 15:00:06,641 - INFO - HedgeFund - Entering long position: 0.018496 BTC at 53776.83
2025-12-03 15:00:06,641 - INFO - HedgeFund - Exiting position: P&L = 60.70 (6.10%)
2025-12-03 15:00:06,641 - INFO - HedgeFund - Entering long position: 0.017679 BTC at 56605.40
2025-12-03 15:00:06,642 - INFO - HedgeFund - Exiting position: P&L = -14.83 (-1.48%)
2025-12-03 15:00:06,642 - INFO - HedgeFund - Entering long position: 0.017673 BTC at 56539.31
2025-12-03 15:00:06,642 - INFO - HedgeFund - Exiting position: P&L = -2.17 (-0.22%)
2025-12-03 15:00:06,642 - INFO - HedgeFund - Entering long position: 0.017232 BTC at 57973.67
2025-12-03 15:00:06,642 - INFO - HedgeFund - Exiting position: P&L = -10.05 (-1.01%)
2025-12-03 15:00:06,642 - INFO - HedgeFund - Entering long position: 0.017567 BTC at 56811.66
2025-12-03 15:00:06,642 - INFO - HedgeFund - Exiting position: P&L = -9.00 (-0.90%)
2025-12-03 15:00:06,642 - INFO - HedgeFund - Entering long position: 0.017431 BTC at 57203.33
2025-12-03 15:00:06,642 - INFO - HedgeFund - Exiting position: P&L = 20.83 (2.09%)
2025-12-03 15:00:06,643 - INFO - HedgeFund - Entering long position: 0.017079 BTC at 58503.75
2025-12-03 15:00:06,643 - INFO - HedgeFund - Exiting position: P&L = -19.89 (-1.99%)
2025-12-03 15:00:06,643 - INFO - HedgeFund - Entering long position: 0.017558 BTC at 56793.74
2025-12-03 15:00:06,643 - INFO - HedgeFund - Exiting position: P&L = 6.84 (0.69%)
2025-12-03 15:00:06,643 - INFO - HedgeFund - Entering long position: 0.017297 BTC at 57692.08
2025-12-03 15:00:06,643 - INFO - HedgeFund - Exiting position: P&L = 41.05 (4.11%)
2025-12-03 15:00:06,643 - INFO - HedgeFund - Entering long position: 0.016857 BTC at 59442.45
2025-12-03 15:00:06,643 - INFO - HedgeFund - Exiting position: P&L = -3.30 (-0.33%)
2025-12-03 15:00:06,644 - INFO - HedgeFund - Entering long position: 0.018211 BTC at 55004.55
2025-12-03 15:00:06,644 - INFO - HedgeFund - Exiting position: P&L = -4.31 (-0.43%)
2025-12-03 15:00:06,644 - INFO - HedgeFund - Entering long position: 0.018069 BTC at 55410.62
2025-12-03 15:00:06,644 - INFO - HedgeFund - Exiting position: P&L = -10.15 (-1.01%)
2025-12-03 15:00:06,644 - INFO - HedgeFund - Entering long position: 0.018233 BTC at 54858.89
2025-12-03 15:00:06,644 - INFO - HedgeFund - Exiting position: P&L = -4.94 (-0.49%)
2025-12-03 15:00:06,644 - INFO - HedgeFund - Entering long position: 0.018191 BTC at 54957.32
2025-12-03 15:00:06,644 - INFO - HedgeFund - Exiting position: P&L = -13.29 (-1.33%)
2025-12-03 15:00:06,644 - INFO - HedgeFund - Entering long position: 0.018072 BTC at 55245.16
2025-12-03 15:00:06,644 - INFO - HedgeFund - Exiting position: P&L = 8.83 (0.88%)
2025-12-03 15:00:06,644 - INFO - HedgeFund - Entering long position: 0.017895 BTC at 55841.60
2025-12-03 15:00:06,644 - INFO - HedgeFund - Exiting position: P&L = -18.09 (-1.81%)
2025-12-03 15:00:06,679 - INFO - HedgeFund - Entering long position: 0.018108 BTC at 55085.05
2025-12-03 15:00:06,679 - INFO - HedgeFund - Exiting position: P&L = -1.78 (-0.18%)
2025-12-03 15:00:06,679 - INFO - HedgeFund - Entering long position: 0.017794 BTC at 56047.95
2025-12-03 15:00:06,679 - INFO - HedgeFund - Exiting position: P&L = -23.39 (-2.34%)
2025-12-03 15:00:06,679 - INFO - HedgeFund - Entering long position: 0.017752 BTC at 56046.74
2025-12-03 15:00:06,679 - INFO - HedgeFund - Exiting position: P&L = -17.37 (-1.75%)
2025-12-03 15:00:06,679 - INFO - HedgeFund - Entering long position: 0.018013 BTC at 55140.08
2025-12-03 15:00:06,679 - INFO - HedgeFund - Exiting position: P&L = -13.22 (-1.33%)
2025-12-03 15:00:06,679 - INFO - HedgeFund - Entering long position: 0.017927 BTC at 55328.63
2025-12-03 15:00:06,680 - INFO - HedgeFund - Exiting position: P&L = 34.71 (3.50%)
2025-12-03 15:00:06,680 - INFO - HedgeFund - Entering long position: 0.017509 BTC at 56850.46
2025-12-03 15:00:06,680 - INFO - HedgeFund - Exiting position: P&L = -7.13 (-0.72%)
2025-12-03 15:00:06,680 - INFO - HedgeFund - Entering long position: 0.018252 BTC at 54496.13
2025-12-03 15:00:06,680 - INFO - HedgeFund - Exiting position: P&L = -13.20 (-1.33%)
2025-12-03 15:00:06,680 - INFO - HedgeFund - Entering long position: 0.018507 BTC at 53673.27
2025-12-03 15:00:06,680 - INFO - HedgeFund - Exiting position: P&L = -0.58 (-0.06%)
2025-12-03 15:00:06,680 - INFO - HedgeFund - Entering long position: 0.018099 BTC at 54880.50
2025-12-03 15:00:06,680 - INFO - HedgeFund - Exiting position: P&L = -7.25 (-0.73%)
2025-12-03 15:00:06,680 - INFO - HedgeFund - Entering long position: 0.018004 BTC at 55130.90
2025-12-03 15:00:06,680 - INFO - HedgeFund - Exiting position: P&L = -10.85 (-1.09%)
2025-12-03 15:00:06,680 - INFO - HedgeFund - Entering long position: 0.018900 BTC at 52460.03
2025-12-03 15:00:06,680 - INFO - HedgeFund - Exiting position: P&L = -11.49 (-1.16%)
2025-12-03 15:00:06,681 - INFO - HedgeFund - Entering long position: 0.019222 BTC at 51520.03
2025-12-03 15:00:06,681 - INFO - HedgeFund - Exiting position: P&L = 2.51 (0.25%)
2025-12-03 15:00:06,681 - INFO - HedgeFund - Entering long position: 0.019838 BTC at 49933.51
2025-12-03 15:00:06,681 - INFO - HedgeFund - Exiting position: P&L = 15.83 (1.60%)
2025-12-03 15:00:06,681 - INFO - HedgeFund - Entering long position: 0.019727 BTC at 50294.61
2025-12-03 15:00:06,681 - INFO - HedgeFund - Exiting position: P&L = -0.50 (-0.05%)
2025-12-03 15:00:06,681 - INFO - HedgeFund - Entering long position: 0.020770 BTC at 47766.71
2025-12-03 15:00:06,681 - INFO - HedgeFund - Exiting position: P&L = -17.13 (-1.73%)
2025-12-03 15:00:06,681 - INFO - HedgeFund - Entering long position: 0.021069 BTC at 47007.78
2025-12-03 15:00:06,681 - INFO - HedgeFund - Exiting position: P&L = -11.05 (-1.12%)
2025-12-03 15:00:06,681 - INFO - HedgeFund - Entering long position: 0.021116 BTC at 46849.70
2025-12-03 15:00:06,681 - INFO - HedgeFund - Exiting position: P&L = -5.76 (-0.58%)
2025-12-03 15:00:06,681 - INFO - HedgeFund - Entering long position: 0.020853 BTC at 47414.46
2025-12-03 15:00:06,682 - INFO - HedgeFund - Exiting position: P&L = 54.23 (5.48%)
2025-12-03 15:00:06,682 - INFO - HedgeFund - Entering long position: 0.020020 BTC at 49655.96
2025-12-03 15:00:06,682 - INFO - HedgeFund - Exiting position: P&L = 2.51 (0.25%)
2025-12-03 15:00:06,682 - INFO - HedgeFund - Entering long position: 0.019975 BTC at 49781.45
2025-12-03 15:00:06,682 - INFO - HedgeFund - Exiting position: P&L = -3.21 (-0.32%)
2025-12-03 15:00:06,682 - INFO - HedgeFund - Entering long position: 0.019819 BTC at 50155.92
2025-12-03 15:00:06,682 - INFO - HedgeFund - Exiting position: P&L = 86.35 (8.69%)
2025-12-03 15:00:06,682 - INFO - HedgeFund - Entering long position: 0.018435 BTC at 54390.66
2025-12-03 15:00:06,682 - INFO - HedgeFund - Exiting position: P&L = -5.68 (-0.57%)
2025-12-03 15:00:06,682 - INFO - HedgeFund - Entering long position: 0.018224 BTC at 54991.12
2025-12-03 15:00:06,682 - INFO - HedgeFund - Exiting position: P&L = -16.89 (-1.68%)
2025-12-03 15:00:06,682 - INFO - HedgeFund - Entering long position: 0.018498 BTC at 54083.41
2025-12-03 15:00:06,682 - INFO - HedgeFund - Exiting position: P&L = -2.32 (-0.23%)
2025-12-03 15:00:06,682 - INFO - HedgeFund - Entering long position: 0.018431 BTC at 54266.55
2025-12-03 15:00:06,683 - INFO - HedgeFund - Exiting position: P&L = 25.03 (2.50%)
2025-12-03 15:00:06,683 - INFO - HedgeFund - Entering long position: 0.017979 BTC at 55770.07
2025-12-03 15:00:06,683 - INFO - HedgeFund - Exiting position: P&L = -17.56 (-1.75%)
2025-12-03 15:00:06,683 - INFO - HedgeFund - Entering long position: 0.018087 BTC at 55341.17
2025-12-03 15:00:06,683 - INFO - HedgeFund - Exiting position: P&L = -30.34 (-3.03%)
2025-12-03 15:00:06,683 - INFO - HedgeFund - Entering long position: 0.018283 BTC at 54583.18
2025-12-03 15:00:06,683 - INFO - HedgeFund - Exiting position: P&L = 16.75 (1.68%)
2025-12-03 15:00:06,683 - INFO - HedgeFund - Entering long position: 0.017756 BTC at 56295.73
2025-12-03 15:00:06,683 - INFO - HedgeFund - Exiting position: P&L = 27.02 (2.70%)
2025-12-03 15:00:06,683 - INFO - HedgeFund - Entering long position: 0.017373 BTC at 57692.13
2025-12-03 15:00:06,683 - INFO - HedgeFund - Exiting position: P&L = 0.90 (0.09%)
2025-12-03 15:00:06,683 - INFO - HedgeFund - Entering long position: 0.017382 BTC at 57669.31
2025-12-03 15:00:06,683 - INFO - HedgeFund - Exiting position: P&L = 49.79 (4.97%)
2025-12-03 15:00:06,683 - INFO - HedgeFund - Entering long position: 0.016475 BTC at 61145.92
2025-12-03 15:00:06,684 - INFO - HedgeFund - Exiting position: P&L = -22.08 (-2.19%)
2025-12-03 15:00:06,684 - INFO - HedgeFund - Entering long position: 0.016677 BTC at 60273.37
2025-12-03 15:00:06,684 - INFO - HedgeFund - Exiting position: P&L = -1.23 (-0.12%)
2025-12-03 15:00:06,684 - INFO - HedgeFund - Entering long position: 0.016978 BTC at 59197.32
2025-12-03 15:00:06,684 - INFO - HedgeFund - Exiting position: P&L = 15.22 (1.51%)
2025-12-03 15:00:06,684 - INFO - HedgeFund - Entering long position: 0.016511 BTC at 60963.61
2025-12-03 15:00:06,684 - INFO - HedgeFund - Exiting position: P&L = 41.83 (4.16%)
2025-12-03 15:00:06,684 - INFO - HedgeFund - Entering long position: 0.015698 BTC at 64385.74
2025-12-03 15:00:06,684 - INFO - HedgeFund - Exiting position: P&L = 15.83 (1.57%)
2025-12-03 15:00:06,684 - INFO - HedgeFund - Entering long position: 0.015364 BTC at 65891.05
2025-12-03 15:00:06,684 - INFO - HedgeFund - Exiting position: P&L = -0.38 (-0.04%)
2025-12-03 15:00:06,684 - INFO - HedgeFund - Entering long position: 0.015391 BTC at 65770.10
2025-12-03 15:00:06,684 - INFO - HedgeFund - Exiting position: P&L = -13.12 (-1.30%)
2025-12-03 15:00:06,684 - INFO - HedgeFund - Entering long position: 0.015311 BTC at 66028.17
2025-12-03 15:00:06,684 - INFO - HedgeFund - Exiting position: P&L = -21.89 (-2.17%)
2025-12-03 15:00:06,685 - INFO - HedgeFund - Entering long position: 0.015293 BTC at 65963.35
2025-12-03 15:00:06,685 - INFO - HedgeFund - Exiting position: P&L = -28.22 (-2.80%)
2025-12-03 15:00:06,685 - INFO - HedgeFund - Entering long position: 0.015667 BTC at 64208.09
2025-12-03 15:00:06,685 - INFO - HedgeFund - Exiting position: P&L = -6.24 (-0.62%)
2025-12-03 15:00:06,685 - INFO - HedgeFund - Entering long position: 0.016115 BTC at 62385.19
2025-12-03 15:00:06,685 - INFO - HedgeFund - Exiting position: P&L = 17.71 (1.76%)
2025-12-03 15:00:06,685 - INFO - HedgeFund - Entering long position: 0.015760 BTC at 63904.54
2025-12-03 15:00:06,685 - INFO - HedgeFund - Exiting position: P&L = -16.99 (-1.69%)
2025-12-03 15:00:06,685 - INFO - HedgeFund - Entering long position: 0.015776 BTC at 63732.43
2025-12-03 15:00:06,685 - INFO - HedgeFund - Exiting position: P&L = -6.04 (-0.60%)
2025-12-03 15:00:06,685 - INFO - HedgeFund - Entering long position: 0.015804 BTC at 63577.62
2025-12-03 15:00:06,685 - INFO - HedgeFund - Exiting position: P&L = 79.42 (7.90%)
2025-12-03 15:00:06,686 - INFO - HedgeFund - Entering long position: 0.015598 BTC at 64926.23
2025-12-03 15:00:06,686 - INFO - HedgeFund - Exiting position: P&L = 41.46 (4.09%)
2025-12-03 15:00:06,686 - INFO - HedgeFund - Entering long position: 0.014818 BTC at 68625.03
2025-12-03 15:00:06,686 - INFO - HedgeFund - Exiting position: P&L = -11.16 (-1.10%)
2025-12-03 15:00:06,686 - INFO - HedgeFund - Entering long position: 0.014921 BTC at 68075.53
2025-12-03 15:00:06,686 - INFO - HedgeFund - Exiting position: P&L = -7.00 (-0.69%)
2025-12-03 15:00:06,686 - INFO - HedgeFund - Entering long position: 0.014818 BTC at 68504.82
2025-12-03 15:00:06,686 - INFO - HedgeFund - Exiting position: P&L = -3.43 (-0.34%)
2025-12-03 15:00:06,686 - INFO - HedgeFund - Entering long position: 0.015518 BTC at 65391.44
2025-12-03 15:00:06,686 - INFO - HedgeFund - Exiting position: P&L = -11.60 (-1.14%)
2025-12-03 15:00:06,686 - INFO - HedgeFund - Entering long position: 0.015454 BTC at 65588.50
2025-12-03 15:00:06,686 - INFO - HedgeFund - Exiting position: P&L = 12.36 (1.22%)
2025-12-03 15:00:06,686 - INFO - HedgeFund - Entering long position: 0.015226 BTC at 66648.17
2025-12-03 15:00:06,686 - INFO - HedgeFund - Exiting position: P&L = -4.86 (-0.48%)
2025-12-03 15:00:06,686 - INFO - HedgeFund - Entering long position: 0.015193 BTC at 66761.81
2025-12-03 15:00:06,687 - INFO - HedgeFund - Exiting position: P&L = 27.34 (2.69%)
2025-12-03 15:00:06,687 - INFO - HedgeFund - Entering long position: 0.014518 BTC at 70053.88
2025-12-03 15:00:06,687 - INFO - HedgeFund - Exiting position: P&L = -6.20 (-0.61%)
2025-12-03 15:00:06,687 - INFO - HedgeFund - Entering long position: 0.014813 BTC at 68618.03
2025-12-03 15:00:06,687 - INFO - HedgeFund - Exiting position: P&L = 61.91 (6.09%)
2025-12-03 15:00:06,687 - INFO - HedgeFund - Entering long position: 0.013981 BTC at 73145.74
2025-12-03 15:00:06,687 - INFO - HedgeFund - Exiting position: P&L = 7.52 (0.74%)
2025-12-03 15:00:06,687 - INFO - HedgeFund - Entering long position: 0.013740 BTC at 74481.82
2025-12-03 15:00:06,687 - INFO - HedgeFund - Exiting position: P&L = -6.42 (-0.63%)
2025-12-03 15:00:06,687 - INFO - HedgeFund - Entering long position: 0.013839 BTC at 73903.24
2025-12-03 15:00:06,687 - INFO - HedgeFund - Exiting position: P&L = 12.66 (1.24%)
2025-12-03 15:00:06,687 - INFO - HedgeFund - Entering long position: 0.013587 BTC at 75366.07
2025-12-03 15:00:06,687 - INFO - HedgeFund - Exiting position: P&L = -17.73 (-1.73%)
2025-12-03 15:00:06,688 - INFO - HedgeFund - Entering long position: 0.014506 BTC at 70468.35
2025-12-03 15:00:06,688 - INFO - HedgeFund - Exiting position: P&L = 31.66 (3.10%)
2025-12-03 15:00:06,688 - INFO - HedgeFund - Entering long position: 0.014224 BTC at 72087.77
2025-12-03 15:00:06,688 - INFO - HedgeFund - Exiting position: P&L = 6.23 (0.61%)
2025-12-03 15:00:06,688 - INFO - HedgeFund - Entering long position: 0.014044 BTC at 73056.99
2025-12-03 15:00:06,688 - INFO - HedgeFund - Exiting position: P&L = 20.44 (1.99%)
2025-12-03 15:00:06,688 - INFO - HedgeFund - Entering long position: 0.013777 BTC at 74623.07
2025-12-03 15:00:06,688 - INFO - HedgeFund - Exiting position: P&L = -12.45 (-1.21%)
2025-12-03 15:00:06,688 - INFO - HedgeFund - Entering long position: 0.013804 BTC at 74387.30
2025-12-03 15:00:06,688 - INFO - HedgeFund - Exiting position: P&L = -15.86 (-1.54%)
2025-12-03 15:00:06,688 - INFO - HedgeFund - Entering long position: 0.014044 BTC at 73000.87
2025-12-03 15:00:06,688 - INFO - HedgeFund - Exiting position: P&L = -19.73 (-1.92%)
2025-12-03 15:00:06,688 - INFO - HedgeFund - Entering long position: 0.014353 BTC at 71291.91
2025-12-03 15:00:06,689 - INFO - HedgeFund - Exiting position: P&L = -6.87 (-0.67%)
2025-12-03 15:00:06,689 - INFO - HedgeFund - Entering long position: 0.014771 BTC at 69228.41
2025-12-03 15:00:06,689 - INFO - HedgeFund - Exiting position: P&L = -20.39 (-1.99%)
2025-12-03 15:00:06,689 - INFO - HedgeFund - Entering long position: 0.014890 BTC at 68539.77
2025-12-03 15:00:06,689 - INFO - HedgeFund - Exiting position: P&L = 6.17 (0.60%)
2025-12-03 15:00:06,689 - INFO - HedgeFund - Entering long position: 0.014767 BTC at 69152.33
2025-12-03 15:00:06,689 - INFO - HedgeFund - Exiting position: P&L = -4.69 (-0.46%)
2025-12-03 15:00:06,689 - INFO - HedgeFund - Entering long position: 0.014780 BTC at 69060.08
2025-12-03 15:00:06,689 - INFO - HedgeFund - Exiting position: P&L = -2.37 (-0.23%)
2025-12-03 15:00:06,689 - INFO - HedgeFund - Entering long position: 0.014628 BTC at 69758.51
2025-12-03 15:00:06,689 - INFO - HedgeFund - Exiting position: P&L = -5.55 (-0.54%)
2025-12-03 15:00:06,689 - INFO - HedgeFund - Entering long position: 0.014623 BTC at 69744.09
2025-12-03 15:00:06,689 - INFO - HedgeFund - Exiting position: P&L = -19.23 (-1.89%)
2025-12-03 15:00:06,689 - INFO - HedgeFund - Entering long position: 0.014748 BTC at 69023.66
2025-12-03 15:00:06,690 - INFO - HedgeFund - Exiting position: P&L = -6.79 (-0.67%)
2025-12-03 15:00:06,690 - INFO - HedgeFund - Entering long position: 0.015014 BTC at 67757.09
2025-12-03 15:00:06,690 - INFO - HedgeFund - Exiting position: P&L = 82.76 (8.14%)
2025-12-03 15:00:06,690 - INFO - HedgeFund - Entering long position: 0.014176 BTC at 72344.15
2025-12-03 15:00:06,690 - INFO - HedgeFund - Exiting position: P&L = 10.74 (1.05%)
2025-12-03 15:00:06,690 - INFO - HedgeFund - Entering long position: 0.014141 BTC at 72599.56
2025-12-03 15:00:06,690 - INFO - HedgeFund - Exiting position: P&L = 17.13 (1.67%)
2025-12-03 15:00:06,690 - INFO - HedgeFund - Entering long position: 0.014418 BTC at 71321.94
2025-12-03 15:00:06,690 - INFO - HedgeFund - Exiting position: P&L = -7.47 (-0.73%)
2025-12-03 15:00:06,690 - INFO - HedgeFund - Entering long position: 0.014456 BTC at 71087.56
2025-12-03 15:00:06,690 - INFO - HedgeFund - Exiting position: P&L = 0.53 (0.05%)
2025-12-03 15:00:06,690 - INFO - HedgeFund - Entering long position: 0.014790 BTC at 69484.31
2025-12-03 15:00:06,691 - INFO - HedgeFund - Exiting position: P&L = -6.00 (-0.58%)
2025-12-03 15:00:06,691 - INFO - HedgeFund - Entering long position: 0.014806 BTC at 69368.39
2025-12-03 15:00:06,691 - INFO - HedgeFund - Exiting position: P&L = -27.97 (-2.72%)
2025-12-03 15:00:06,691 - INFO - HedgeFund - Entering long position: 0.015588 BTC at 65706.90
2025-12-03 15:00:06,691 - INFO - HedgeFund - Exiting position: P&L = -3.74 (-0.37%)
2025-12-03 15:00:06,691 - INFO - HedgeFund - Entering long position: 0.016229 BTC at 63091.04
2025-12-03 15:00:06,691 - INFO - HedgeFund - Exiting position: P&L = -7.86 (-0.77%)
2025-12-03 15:00:06,692 - INFO - HedgeFund - Entering long position: 0.016434 BTC at 62256.32
2025-12-03 15:00:06,692 - INFO - HedgeFund - Exiting position: P&L = 12.91 (1.26%)
2025-12-03 15:00:06,692 - INFO - HedgeFund - Entering long position: 0.016102 BTC at 63621.05
2025-12-03 15:00:06,692 - INFO - HedgeFund - Exiting position: P&L = -2.92 (-0.29%)
2025-12-03 15:00:06,692 - INFO - HedgeFund - Entering long position: 0.015979 BTC at 64092.36
2025-12-03 15:00:06,692 - INFO - HedgeFund - Exiting position: P&L = -13.33 (-1.30%)
2025-12-03 15:00:06,692 - INFO - HedgeFund - Entering long position: 0.016033 BTC at 63791.22
2025-12-03 15:00:06,692 - INFO - HedgeFund - Exiting position: P&L = -3.85 (-0.38%)
2025-12-03 15:00:06,692 - INFO - HedgeFund - Entering long position: 0.016080 BTC at 63579.49
2025-12-03 15:00:06,692 - INFO - HedgeFund - Exiting position: P&L = -1.36 (-0.13%)
2025-12-03 15:00:06,693 - INFO - HedgeFund - Entering long position: 0.015963 BTC at 64040.20
2025-12-03 15:00:06,693 - INFO - HedgeFund - Exiting position: P&L = 21.35 (2.09%)
2025-12-03 15:00:06,693 - INFO - HedgeFund - Entering long position: 0.015548 BTC at 65886.16
2025-12-03 15:00:06,693 - INFO - HedgeFund - Exiting position: P&L = -19.44 (-1.90%)
2025-12-03 15:00:06,693 - INFO - HedgeFund - Entering long position: 0.015840 BTC at 64547.43
2025-12-03 15:00:06,693 - INFO - HedgeFund - Exiting position: P&L = -11.26 (-1.10%)
2025-12-03 15:00:06,693 - INFO - HedgeFund - Entering long position: 0.015945 BTC at 64053.24
2025-12-03 15:00:06,693 - INFO - HedgeFund - Exiting position: P&L = 75.77 (7.42%)
2025-12-03 15:00:06,693 - INFO - HedgeFund - Entering long position: 0.014689 BTC at 70045.19
2025-12-03 15:00:06,693 - INFO - HedgeFund - Exiting position: P&L = -12.60 (-1.22%)
2025-12-03 15:00:06,694 - INFO - HedgeFund - Entering long position: 0.014656 BTC at 70118.98
2025-12-03 15:00:06,694 - INFO - HedgeFund - Exiting position: P&L = 12.29 (1.20%)
2025-12-03 15:00:06,694 - INFO - HedgeFund - Entering long position: 0.014366 BTC at 71619.95
2025-12-03 15:00:06,694 - INFO - HedgeFund - Exiting position: P&L = -4.17 (-0.40%)
2025-12-03 15:00:06,694 - INFO - HedgeFund - Entering long position: 0.015071 BTC at 68238.63
2025-12-03 15:00:06,694 - INFO - HedgeFund - Exiting position: P&L = -9.86 (-0.96%)
2025-12-03 15:00:06,694 - INFO - HedgeFund - Entering long position: 0.015294 BTC at 67178.51
2025-12-03 15:00:06,694 - INFO - HedgeFund - Exiting position: P&L = -14.48 (-1.41%)
2025-12-03 15:00:06,694 - INFO - HedgeFund - Entering long position: 0.015908 BTC at 64495.92
2025-12-03 15:00:06,695 - INFO - HedgeFund - Exiting position: P&L = 28.77 (2.80%)
2025-12-03 15:00:06,695 - INFO - HedgeFund - Entering long position: 0.015494 BTC at 66404.44
2025-12-03 15:00:06,695 - INFO - HedgeFund - Exiting position: P&L = 18.49 (1.80%)
2025-12-03 15:00:06,695 - INFO - HedgeFund - Entering long position: 0.014760 BTC at 69830.91
2025-12-03 15:00:06,695 - INFO - HedgeFund - Exiting position: P&L = -32.57 (-3.16%)
2025-12-03 15:00:06,695 - INFO - HedgeFund - Entering long position: 0.015890 BTC at 64660.79
2025-12-03 15:00:06,695 - INFO - HedgeFund - Exiting position: P&L = 1.25 (0.12%)
2025-12-03 15:00:06,695 - INFO - HedgeFund - Entering long position: 0.015632 BTC at 65738.47
2025-12-03 15:00:06,695 - INFO - HedgeFund - Exiting position: P&L = -18.35 (-1.79%)
2025-12-03 15:00:06,696 - INFO - HedgeFund - Entering long position: 0.015699 BTC at 65339.35
2025-12-03 15:00:06,696 - INFO - HedgeFund - Exiting position: P&L = -13.81 (-1.35%)
2025-12-03 15:00:06,696 - INFO - HedgeFund - Entering long position: 0.016457 BTC at 62244.98
2025-12-03 15:00:06,696 - INFO - HedgeFund - Exiting position: P&L = 21.41 (2.09%)
2025-12-03 15:00:06,696 - INFO - HedgeFund - Entering long position: 0.015954 BTC at 64344.58
2025-12-03 15:00:06,696 - INFO - HedgeFund - Exiting position: P&L = 34.86 (3.40%)
2025-12-03 15:00:06,696 - INFO - HedgeFund - Entering long position: 0.015356 BTC at 67076.05
2025-12-03 15:00:06,696 - INFO - HedgeFund - Exiting position: P&L = -8.08 (-0.78%)
2025-12-03 15:00:06,696 - INFO - HedgeFund - Entering long position: 0.015463 BTC at 66560.37
2025-12-03 15:00:06,697 - INFO - HedgeFund - Exiting position: P&L = -5.32 (-0.52%)
2025-12-03 15:00:06,697 - INFO - HedgeFund - Entering long position: 0.015720 BTC at 65435.38
2025-12-03 15:00:06,697 - INFO - HedgeFund - Exiting position: P&L = -14.09 (-1.37%)
2025-12-03 15:00:06,697 - INFO - HedgeFund - Entering long position: 0.016289 BTC at 63066.41
2025-12-03 15:00:06,697 - INFO - HedgeFund - Exiting position: P&L = 56.34 (5.48%)
2025-12-03 15:00:06,697 - INFO - HedgeFund - Entering long position: 0.015701 BTC at 65786.83
2025-12-03 15:00:06,697 - INFO - HedgeFund - Exiting position: P&L = -17.46 (-1.69%)
2025-12-03 15:00:06,697 - INFO - HedgeFund - Entering long position: 0.015937 BTC at 64700.39
2025-12-03 15:00:06,697 - INFO - HedgeFund - Exiting position: P&L = -0.75 (-0.07%)
2025-12-03 15:00:06,697 - INFO - HedgeFund - Entering long position: 0.015821 BTC at 65172.66
2025-12-03 15:00:06,698 - INFO - HedgeFund - Exiting position: P&L = 3.13 (0.30%)
2025-12-03 15:00:06,698 - INFO - HedgeFund - Entering long position: 0.015703 BTC at 65680.05
2025-12-03 15:00:06,698 - INFO - HedgeFund - Exiting position: P&L = -6.92 (-0.67%)
2025-12-03 15:00:06,698 - INFO - HedgeFund - Entering long position: 0.015755 BTC at 65419.36
2025-12-03 15:00:06,698 - INFO - HedgeFund - Exiting position: P&L = -32.60 (-3.16%)
2025-12-03 15:00:06,698 - INFO - HedgeFund - Entering long position: 0.016297 BTC at 63045.73
2025-12-03 15:00:06,698 - INFO - HedgeFund - Exiting position: P&L = -21.38 (-2.08%)
2025-12-03 15:00:06,698 - INFO - HedgeFund - Entering long position: 0.016235 BTC at 63154.71
2025-12-03 15:00:06,698 - INFO - HedgeFund - Exiting position: P&L = -23.30 (-2.27%)
2025-12-03 15:00:06,698 - INFO - HedgeFund - Entering long position: 0.016442 BTC at 62218.69
2025-12-03 15:00:06,698 - INFO - HedgeFund - Exiting position: P&L = -12.21 (-1.19%)
2025-12-03 15:00:06,699 - INFO - HedgeFund - Entering long position: 0.016439 BTC at 62155.79
2025-12-03 15:00:06,699 - INFO - HedgeFund - Exiting position: P&L = -8.12 (-0.79%)
2025-12-03 15:00:06,699 - INFO - HedgeFund - Entering long position: 0.016737 BTC at 60997.63
2025-12-03 15:00:06,699 - INFO - HedgeFund - Exiting position: P&L = 9.98 (0.98%)
2025-12-03 15:00:06,699 - INFO - HedgeFund - Entering long position: 0.016459 BTC at 62088.63
2025-12-03 15:00:06,699 - INFO - HedgeFund - Exiting position: P&L = -5.37 (-0.53%)
2025-12-03 15:00:06,699 - INFO - HedgeFund - Entering long position: 0.016479 BTC at 61980.92
2025-12-03 15:00:06,699 - INFO - HedgeFund - Exiting position: P&L = -3.90 (-0.38%)
2025-12-03 15:00:06,699 - INFO - HedgeFund - Entering long position: 0.017416 BTC at 58623.76
2025-12-03 15:00:06,699 - INFO - HedgeFund - Exiting position: P&L = -5.37 (-0.53%)
2025-12-03 15:00:06,700 - INFO - HedgeFund - Entering long position: 0.017399 BTC at 58651.08
2025-12-03 15:00:06,700 - INFO - HedgeFund - Exiting position: P&L = -17.88 (-1.75%)
2025-12-03 15:00:06,700 - INFO - HedgeFund - Entering long position: 0.017322 BTC at 58808.75
2025-12-03 15:00:06,700 - INFO - HedgeFund - Exiting position: P&L = -18.01 (-1.77%)
2025-12-03 15:00:06,700 - INFO - HedgeFund - Entering long position: 0.017388 BTC at 58483.20
2025-12-03 15:00:06,700 - INFO - HedgeFund - Exiting position: P&L = -1.05 (-0.10%)
2025-12-03 15:00:06,700 - INFO - HedgeFund - Entering long position: 0.017466 BTC at 58215.10
2025-12-03 15:00:06,700 - INFO - HedgeFund - Exiting position: P&L = 1.25 (0.12%)
2025-12-03 15:00:06,700 - INFO - HedgeFund - Entering long position: 0.017362 BTC at 58571.67
2025-12-03 15:00:06,700 - INFO - HedgeFund - Exiting position: P&L = 9.61 (0.94%)
2025-12-03 15:00:06,701 - INFO - HedgeFund - Entering long position: 0.017422 BTC at 58425.21
2025-12-03 15:00:06,701 - INFO - HedgeFund - Exiting position: P&L = 1.56 (0.15%)
2025-12-03 15:00:06,701 - INFO - HedgeFund - Entering long position: 0.017201 BTC at 59184.17
2025-12-03 15:00:06,701 - INFO - HedgeFund - Exiting position: P&L = -12.31 (-1.21%)
2025-12-03 15:00:06,701 - INFO - HedgeFund - Entering long position: 0.017375 BTC at 58521.09
2025-12-03 15:00:06,701 - INFO - HedgeFund - Exiting position: P&L = 89.27 (8.78%)
2025-12-03 15:00:06,701 - INFO - HedgeFund - Entering long position: 0.016533 BTC at 62040.33
2025-12-03 15:00:06,701 - INFO - HedgeFund - Exiting position: P&L = -0.66 (-0.06%)
2025-12-03 15:00:06,701 - INFO - HedgeFund - Entering long position: 0.016273 BTC at 63028.81
2025-12-03 15:00:06,701 - INFO - HedgeFund - Exiting position: P&L = -20.96 (-2.04%)
2025-12-03 15:00:06,702 - INFO - HedgeFund - Entering long position: 0.016416 BTC at 62349.51
2025-12-03 15:00:06,702 - INFO - HedgeFund - Exiting position: P&L = 20.29 (1.98%)
2025-12-03 15:00:06,702 - INFO - HedgeFund - Entering long position: 0.016401 BTC at 62532.22
2025-12-03 15:00:06,702 - INFO - HedgeFund - Exiting position: P&L = -16.57 (-1.62%)
2025-12-03 15:00:06,702 - INFO - HedgeFund - Entering long position: 0.016449 BTC at 62249.46
2025-12-03 15:00:06,702 - INFO - HedgeFund - Exiting position: P&L = -0.56 (-0.05%)
2025-12-03 15:00:06,702 - INFO - HedgeFund - Entering long position: 0.016472 BTC at 62156.33
2025-12-03 15:00:06,702 - INFO - HedgeFund - Exiting position: P&L = -4.67 (-0.46%)
2025-12-03 15:00:06,702 - INFO - HedgeFund - Entering long position: 0.016516 BTC at 61964.13
2025-12-03 15:00:06,702 - INFO - HedgeFund - Exiting position: P&L = -5.12 (-0.50%)
2025-12-03 15:00:06,702 - INFO - HedgeFund - Entering long position: 0.016330 BTC at 62638.15
2025-12-03 15:00:06,703 - INFO - HedgeFund - Exiting position: P&L = -1.09 (-0.11%)
2025-12-03 15:00:06,703 - INFO - HedgeFund - Entering long position: 0.016346 BTC at 62571.78
2025-12-03 15:00:06,703 - INFO - HedgeFund - Exiting position: P&L = 1.97 (0.19%)
2025-12-03 15:00:06,703 - INFO - HedgeFund - Entering long position: 0.016232 BTC at 63023.02
2025-12-03 15:00:06,703 - INFO - HedgeFund - Exiting position: P&L = -8.86 (-0.87%)
2025-12-03 15:00:06,703 - INFO - HedgeFund - Entering long position: 0.016160 BTC at 63246.63
2025-12-03 15:00:06,703 - INFO - HedgeFund - Exiting position: P&L = 39.30 (3.84%)
2025-12-03 15:00:06,703 - INFO - HedgeFund - Entering long position: 0.015825 BTC at 64833.63
2025-12-03 15:00:06,703 - INFO - HedgeFund - Exiting position: P&L = -13.98 (-1.36%)
2025-12-03 15:00:06,703 - INFO - HedgeFund - Entering long position: 0.016365 BTC at 62610.86
2025-12-03 15:00:06,704 - INFO - HedgeFund - Exiting position: P&L = -17.25 (-1.68%)
2025-12-03 15:00:06,704 - INFO - HedgeFund - Entering long position: 0.016786 BTC at 60937.92
2025-12-03 15:00:06,704 - INFO - HedgeFund - Exiting position: P&L = -17.54 (-1.71%)
2025-12-03 15:00:06,704 - INFO - HedgeFund - Entering long position: 0.017158 BTC at 59513.41
2025-12-03 15:00:06,704 - INFO - HedgeFund - Exiting position: P&L = -16.41 (-1.61%)
2025-12-03 15:00:06,704 - INFO - HedgeFund - Entering long position: 0.016925 BTC at 60235.43
2025-12-03 15:00:06,704 - INFO - HedgeFund - Exiting position: P&L = -12.76 (-1.25%)
2025-12-03 15:00:06,704 - INFO - HedgeFund - Entering long position: 0.017079 BTC at 59616.98
2025-12-03 15:00:06,704 - INFO - HedgeFund - Exiting position: P&L = -5.43 (-0.53%)
2025-12-03 15:00:06,704 - INFO - HedgeFund - Entering long position: 0.016861 BTC at 60358.90
2025-12-03 15:00:06,704 - INFO - HedgeFund - Exiting position: P&L = -16.60 (-1.63%)
2025-12-03 15:00:06,705 - INFO - HedgeFund - Entering long position: 0.016917 BTC at 60059.96
2025-12-03 15:00:06,705 - INFO - HedgeFund - Exiting position: P&L = 2.15 (0.21%)
2025-12-03 15:00:06,705 - INFO - HedgeFund - Entering long position: 0.016707 BTC at 60826.08
2025-12-03 15:00:06,705 - INFO - HedgeFund - Exiting position: P&L = -1.65 (-0.16%)
2025-12-03 15:00:06,705 - INFO - HedgeFund - Entering long position: 0.016868 BTC at 60235.87
2025-12-03 15:00:06,705 - INFO - HedgeFund - Exiting position: P&L = -3.70 (-0.36%)
2025-12-03 15:00:06,705 - INFO - HedgeFund - Entering long position: 0.016935 BTC at 59975.15
2025-12-03 15:00:06,706 - INFO - HedgeFund - Exiting position: P&L = -10.11 (-1.00%)
2025-12-03 15:00:06,706 - INFO - HedgeFund - Entering long position: 0.018278 BTC at 55514.28
2025-12-03 15:00:06,706 - INFO - HedgeFund - Exiting position: P&L = 53.82 (5.30%)
2025-12-03 15:00:06,706 - INFO - HedgeFund - Entering long position: 0.017396 BTC at 58639.71
2025-12-03 15:00:06,706 - INFO - HedgeFund - Exiting position: P&L = -10.28 (-1.01%)
2025-12-03 15:00:06,706 - INFO - HedgeFund - Entering long position: 0.018018 BTC at 56558.24
2025-12-03 15:00:06,707 - INFO - HedgeFund - Exiting position: P&L = 3.68 (0.36%)
2025-12-03 15:00:06,707 - INFO - HedgeFund - Entering long position: 0.017707 BTC at 57571.74
2025-12-03 15:00:06,707 - INFO - HedgeFund - Exiting position: P&L = 6.41 (0.63%)
2025-12-03 15:00:06,707 - INFO - HedgeFund - Entering long position: 0.017607 BTC at 57935.71
2025-12-03 15:00:06,707 - INFO - HedgeFund - Exiting position: P&L = -11.10 (-1.09%)
2025-12-03 15:00:06,707 - INFO - HedgeFund - Entering long position: 0.019296 BTC at 52805.13
2025-12-03 15:00:06,707 - INFO - HedgeFund - Exiting position: P&L = -6.52 (-0.64%)
2025-12-03 15:00:06,708 - INFO - HedgeFund - Entering long position: 0.019133 BTC at 53220.44
2025-12-03 15:00:06,708 - INFO - HedgeFund - Exiting position: P&L = -20.96 (-2.06%)
2025-12-03 15:00:06,708 - INFO - HedgeFund - Entering long position: 0.019118 BTC at 53153.25
2025-12-03 15:00:06,708 - INFO - HedgeFund - Exiting position: P&L = 12.36 (1.22%)
2025-12-03 15:00:06,708 - INFO - HedgeFund - Entering long position: 0.018850 BTC at 53973.81
2025-12-03 15:00:06,708 - INFO - HedgeFund - Exiting position: P&L = -20.38 (-2.00%)
2025-12-03 15:00:06,708 - INFO - HedgeFund - Entering long position: 0.019283 BTC at 52658.30
2025-12-03 15:00:06,709 - INFO - HedgeFund - Exiting position: P&L = -2.34 (-0.23%)
2025-12-03 15:00:06,709 - INFO - HedgeFund - Entering long position: 0.019568 BTC at 51879.39
2025-12-03 15:00:06,709 - INFO - HedgeFund - Exiting position: P&L = -20.09 (-1.98%)
2025-12-03 15:00:06,709 - INFO - HedgeFund - Entering long position: 0.019897 BTC at 50920.98
2025-12-03 15:00:06,709 - INFO - HedgeFund - Exiting position: P&L = -6.52 (-0.64%)
2025-12-03 15:00:06,709 - INFO - HedgeFund - Entering long position: 0.019825 BTC at 51070.59
2025-12-03 15:00:06,709 - INFO - HedgeFund - Exiting position: P&L = 43.89 (4.33%)
2025-12-03 15:00:06,709 - INFO - HedgeFund - Entering long position: 0.018835 BTC at 53990.45
2025-12-03 15:00:06,709 - INFO - HedgeFund - Exiting position: P&L = -5.66 (-0.56%)
2025-12-03 15:00:06,710 - INFO - HedgeFund - Entering long position: 0.018991 BTC at 53516.76
2025-12-03 15:00:06,710 - INFO - HedgeFund - Exiting position: P&L = -20.53 (-2.02%)
2025-12-03 15:00:06,710 - INFO - HedgeFund - Entering long position: 0.019046 BTC at 53254.54
2025-12-03 15:00:06,710 - INFO - HedgeFund - Exiting position: P&L = -11.23 (-1.11%)
2025-12-03 15:00:06,710 - INFO - HedgeFund - Entering long position: 0.019537 BTC at 51858.23
2025-12-03 15:00:06,710 - INFO - HedgeFund - Exiting position: P&L = 7.48 (0.74%)
2025-12-03 15:00:06,710 - INFO - HedgeFund - Entering long position: 0.019295 BTC at 52548.18
2025-12-03 15:00:06,710 - INFO - HedgeFund - Exiting position: P&L = -10.66 (-1.05%)
2025-12-03 15:00:06,710 - INFO - HedgeFund - Entering long position: 0.019366 BTC at 52298.80
2025-12-03 15:00:06,710 - INFO - HedgeFund - Exiting position: P&L = 2.79 (0.28%)
2025-12-03 15:00:06,711 - INFO - HedgeFund - Entering long position: 0.019067 BTC at 53134.12
2025-12-03 15:00:06,711 - INFO - HedgeFund - Exiting position: P&L = -17.25 (-1.70%)
2025-12-03 15:00:06,711 - INFO - HedgeFund - Entering long position: 0.020495 BTC at 49348.11
2025-12-03 15:00:06,711 - INFO - HedgeFund - Exiting position: P&L = -6.50 (-0.64%)
2025-12-03 15:00:06,711 - INFO - HedgeFund - Entering long position: 0.020403 BTC at 49539.37
2025-12-03 15:00:06,711 - INFO - HedgeFund - Exiting position: P&L = -6.11 (-0.60%)
2025-12-03 15:00:06,711 - INFO - HedgeFund - Entering long position: 0.020289 BTC at 49785.44
2025-12-03 15:00:06,711 - INFO - HedgeFund - Exiting position: P&L = 11.91 (1.18%)
2025-12-03 15:00:06,712 - INFO - HedgeFund - Entering long position: 0.019718 BTC at 51288.97
2025-12-03 15:00:06,712 - INFO - HedgeFund - Exiting position: P&L = -4.62 (-0.46%)
2025-12-03 15:00:06,712 - INFO - HedgeFund - Entering long position: 0.019680 BTC at 51365.47
2025-12-03 15:00:06,712 - INFO - HedgeFund - Exiting position: P&L = -8.71 (-0.86%)
2025-12-03 15:00:06,712 - INFO - HedgeFund - Entering long position: 0.019630 BTC at 51451.02
2025-12-03 15:00:06,712 - INFO - HedgeFund - Exiting position: P&L = -10.19 (-1.01%)
2025-12-03 15:00:06,712 - INFO - HedgeFund - Entering long position: 0.019749 BTC at 51089.52
2025-12-03 15:00:06,712 - INFO - HedgeFund - Exiting position: P&L = -16.76 (-1.66%)
2025-12-03 15:00:06,712 - INFO - HedgeFund - Entering long position: 0.019816 BTC at 50832.55
2025-12-03 15:00:06,712 - INFO - HedgeFund - Exiting position: P&L = -13.49 (-1.34%)
2025-12-03 15:00:06,712 - INFO - HedgeFund - Entering long position: 0.019654 BTC at 51181.80
2025-12-03 15:00:06,713 - INFO - HedgeFund - Exiting position: P&L = -5.32 (-0.53%)
2025-12-03 15:00:06,713 - INFO - HedgeFund - Entering long position: 0.019408 BTC at 51803.97
2025-12-03 15:00:06,713 - INFO - HedgeFund - Exiting position: P&L = 43.87 (4.36%)
2025-12-03 15:00:06,713 - INFO - HedgeFund - Entering long position: 0.018843 BTC at 53590.92
2025-12-03 15:00:06,713 - INFO - HedgeFund - Exiting position: P&L = -2.35 (-0.23%)
2025-12-03 15:00:06,713 - INFO - HedgeFund - Entering long position: 0.018724 BTC at 53916.56
2025-12-03 15:00:06,713 - INFO - HedgeFund - Exiting position: P&L = 40.59 (4.02%)
2025-12-03 15:00:06,713 - INFO - HedgeFund - Entering long position: 0.018162 BTC at 55808.50
2025-12-03 15:00:06,713 - INFO - HedgeFund - Exiting position: P&L = -12.45 (-1.23%)
2025-12-03 15:00:06,714 - INFO - HedgeFund - Entering long position: 0.018284 BTC at 55370.01
2025-12-03 15:00:06,714 - INFO - HedgeFund - Exiting position: P&L = 10.39 (1.03%)
2025-12-03 15:00:06,714 - INFO - HedgeFund - Entering long position: 0.018036 BTC at 56187.70
2025-12-03 15:00:06,714 - INFO - HedgeFund - Exiting position: P&L = -3.77 (-0.37%)
2025-12-03 15:00:06,714 - INFO - HedgeFund - Entering long position: 0.017797 BTC at 56922.60
2025-12-03 15:00:06,714 - INFO - HedgeFund - Exiting position: P&L = -23.49 (-2.32%)
2025-12-03 15:00:06,714 - INFO - HedgeFund - Entering long position: 0.018752 BTC at 53896.89
2025-12-03 15:00:06,714 - INFO - HedgeFund - Exiting position: P&L = -20.36 (-2.01%)
2025-12-03 15:00:06,714 - INFO - HedgeFund - Entering long position: 0.019181 BTC at 52584.85
2025-12-03 15:00:06,714 - INFO - HedgeFund - Exiting position: P&L = -14.38 (-1.43%)
2025-12-03 15:00:06,715 - INFO - HedgeFund - Entering long position: 0.019231 BTC at 52374.68
2025-12-03 15:00:06,715 - INFO - HedgeFund - Exiting position: P&L = 52.47 (5.21%)
2025-12-03 15:00:06,715 - INFO - HedgeFund - Entering long position: 0.018206 BTC at 55611.34
2025-12-03 15:00:06,715 - INFO - HedgeFund - Exiting position: P&L = 27.51 (2.72%)
2025-12-03 15:00:06,715 - INFO - HedgeFund - Entering long position: 0.017496 BTC at 58024.68
2025-12-03 15:00:06,715 - INFO - HedgeFund - Exiting position: P&L = -8.42 (-0.83%)
2025-12-03 15:00:06,715 - INFO - HedgeFund - Entering long position: 0.017523 BTC at 57886.93
2025-12-03 15:00:06,715 - INFO - HedgeFund - Exiting position: P&L = 9.23 (0.91%)
2025-12-03 15:00:06,715 - INFO - HedgeFund - Entering long position: 0.017413 BTC at 58306.45
2025-12-03 15:00:06,715 - INFO - HedgeFund - Exiting position: P&L = -11.82 (-1.16%)
2025-12-03 15:00:06,715 - INFO - HedgeFund - Entering long position: 0.017477 BTC at 58025.30
2025-12-03 15:00:06,716 - INFO - HedgeFund - Exiting position: P&L = 2.88 (0.28%)
2025-12-03 15:00:06,716 - INFO - HedgeFund - Entering long position: 0.017236 BTC at 58853.65
2025-12-03 15:00:06,716 - INFO - HedgeFund - Exiting position: P&L = 4.34 (0.43%)
2025-12-03 15:00:06,716 - INFO - HedgeFund - Entering long position: 0.017125 BTC at 59258.49
2025-12-03 15:00:06,716 - INFO - HedgeFund - Exiting position: P&L = -0.74 (-0.07%)
2025-12-03 15:00:06,716 - INFO - HedgeFund - Entering long position: 0.017022 BTC at 59613.49
2025-12-03 15:00:06,716 - INFO - HedgeFund - Exiting position: P&L = -16.16 (-1.59%)
2025-12-03 15:00:06,716 - INFO - HedgeFund - Entering long position: 0.017109 BTC at 59215.80
2025-12-03 15:00:06,716 - INFO - HedgeFund - Exiting position: P&L = -6.61 (-0.65%)
2025-12-03 15:00:06,716 - INFO - HedgeFund - Entering long position: 0.017010 BTC at 59521.99
2025-12-03 15:00:06,716 - INFO - HedgeFund - Exiting position: P&L = 7.88 (0.78%)
2025-12-03 15:00:06,716 - INFO - HedgeFund - Entering long position: 0.016642 BTC at 60884.75
2025-12-03 15:00:06,716 - INFO - HedgeFund - Exiting position: P&L = -0.21 (-0.02%)
2025-12-03 15:00:06,717 - INFO - HedgeFund - Entering long position: 0.016487 BTC at 61455.68
2025-12-03 15:00:06,717 - INFO - HedgeFund - Exiting position: P&L = -10.79 (-1.07%)
2025-12-03 15:00:06,717 - INFO - HedgeFund - Entering long position: 0.016402 BTC at 61711.27
2025-12-03 15:00:06,717 - INFO - HedgeFund - Exiting position: P&L = 12.43 (1.23%)
2025-12-03 15:00:06,717 - INFO - HedgeFund - Entering long position: 0.016303 BTC at 62159.17
2025-12-03 15:00:06,717 - INFO - HedgeFund - Exiting position: P&L = 18.23 (1.80%)
2025-12-03 15:00:06,717 - INFO - HedgeFund - Entering long position: 0.015969 BTC at 63576.80
2025-12-03 15:00:06,717 - INFO - HedgeFund - Exiting position: P&L = 29.00 (2.86%)
2025-12-03 15:00:06,717 - INFO - HedgeFund - Entering long position: 0.015491 BTC at 65724.70
2025-12-03 15:00:06,717 - INFO - HedgeFund - Exiting position: P&L = -22.17 (-2.18%)
2025-12-03 15:00:06,718 - INFO - HedgeFund - Entering long position: 0.016369 BTC at 62063.76
2025-12-03 15:00:06,718 - INFO - HedgeFund - Exiting position: P&L = -3.22 (-0.32%)
2025-12-03 15:00:06,718 - INFO - HedgeFund - Entering long position: 0.016339 BTC at 62158.93
2025-12-03 15:00:06,718 - INFO - HedgeFund - Exiting position: P&L = -16.37 (-1.61%)
2025-12-03 15:00:06,718 - INFO - HedgeFund - Entering long position: 0.016849 BTC at 60177.33
2025-12-03 15:00:06,718 - INFO - HedgeFund - Exiting position: P&L = -16.33 (-1.61%)
2025-12-03 15:00:06,718 - INFO - HedgeFund - Entering long position: 0.016838 BTC at 60122.83
2025-12-03 15:00:06,718 - INFO - HedgeFund - Exiting position: P&L = -22.91 (-2.26%)
2025-12-03 15:00:06,718 - INFO - HedgeFund - Entering long position: 0.016850 BTC at 59943.99
2025-12-03 15:00:06,718 - INFO - HedgeFund - Exiting position: P&L = -12.73 (-1.26%)
2025-12-03 15:00:06,719 - INFO - HedgeFund - Entering long position: 0.017733 BTC at 56885.58
2025-12-03 15:00:06,719 - INFO - HedgeFund - Exiting position: P&L = -3.40 (-0.34%)
2025-12-03 15:00:06,719 - INFO - HedgeFund - Entering long position: 0.017498 BTC at 57630.65
2025-12-03 15:00:06,719 - INFO - HedgeFund - Exiting position: P&L = -2.87 (-0.28%)
2025-12-03 15:00:06,719 - INFO - HedgeFund - Entering long position: 0.017402 BTC at 57933.32
2025-12-03 15:00:06,719 - INFO - HedgeFund - Exiting position: P&L = -1.46 (-0.15%)
2025-12-03 15:00:06,719 - INFO - HedgeFund - Entering long position: 0.017249 BTC at 58436.52
2025-12-03 15:00:06,719 - INFO - HedgeFund - Exiting position: P&L = -11.22 (-1.11%)
2025-12-03 15:00:06,719 - INFO - HedgeFund - Entering long position: 0.017939 BTC at 56126.95
2025-12-03 15:00:06,719 - INFO - HedgeFund - Exiting position: P&L = -14.71 (-1.46%)
2025-12-03 15:00:06,720 - INFO - HedgeFund - Entering long position: 0.018559 BTC at 54173.43
2025-12-03 15:00:06,720 - INFO - HedgeFund - Exiting position: P&L = -7.55 (-0.75%)
2025-12-03 15:00:06,720 - INFO - HedgeFund - Entering long position: 0.019041 BTC at 52761.16
2025-12-03 15:00:06,720 - INFO - HedgeFund - Exiting position: P&L = -25.02 (-2.49%)
2025-12-03 15:00:06,720 - INFO - HedgeFund - Entering long position: 0.019916 BTC at 50318.06
2025-12-03 15:00:06,720 - INFO - HedgeFund - Exiting position: P&L = -9.78 (-0.98%)
2025-12-03 15:00:06,720 - INFO - HedgeFund - Entering long position: 0.020116 BTC at 49769.55
2025-12-03 15:00:06,720 - INFO - HedgeFund - Exiting position: P&L = 25.75 (2.57%)
2025-12-03 15:00:06,720 - INFO - HedgeFund - Entering long position: 0.019695 BTC at 50963.90
2025-12-03 15:00:06,720 - INFO - HedgeFund - Exiting position: P&L = -10.93 (-1.09%)
2025-12-03 15:00:06,721 - INFO - HedgeFund - Entering long position: 0.019630 BTC at 51077.70
2025-12-03 15:00:06,721 - INFO - HedgeFund - Exiting position: P&L = -7.77 (-0.78%)
2025-12-03 15:00:06,721 - INFO - HedgeFund - Entering long position: 0.019791 BTC at 50620.96
2025-12-03 15:00:06,721 - INFO - HedgeFund - Exiting position: P&L = 1.94 (0.19%)
2025-12-03 15:00:06,721 - INFO - HedgeFund - Entering long position: 0.019586 BTC at 51162.65
2025-12-03 15:00:06,721 - INFO - HedgeFund - Exiting position: P&L = 57.93 (5.78%)
2025-12-03 15:00:06,721 - INFO - HedgeFund - Entering long position: 0.018557 BTC at 54310.77
2025-12-03 15:00:06,721 - INFO - HedgeFund - Exiting position: P&L = -6.54 (-0.65%)
2025-12-03 15:00:06,721 - INFO - HedgeFund - Entering long position: 0.018498 BTC at 54447.84
2025-12-03 15:00:06,721 - INFO - HedgeFund - Exiting position: P&L = -16.41 (-1.63%)
2025-12-03 15:00:06,721 - INFO - HedgeFund - Entering long position: 0.019265 BTC at 52196.46
2025-12-03 15:00:06,721 - INFO - HedgeFund - Exiting position: P&L = -3.69 (-0.37%)
2025-12-03 15:00:06,721 - INFO - HedgeFund - Entering long position: 0.019054 BTC at 52753.65
2025-12-03 15:00:06,721 - INFO - HedgeFund - Exiting position: P&L = -9.87 (-0.98%)
2025-12-03 15:00:06,721 - INFO - HedgeFund - Entering long position: 0.019102 BTC at 52570.74
2025-12-03 15:00:06,722 - INFO - HedgeFund - Exiting position: P&L = -7.52 (-0.75%)
2025-12-03 15:00:06,722 - INFO - HedgeFund - Entering long position: 0.018628 BTC at 53866.60
2025-12-03 15:00:06,722 - INFO - HedgeFund - Exiting position: P&L = 4.98 (0.50%)
2025-12-03 15:00:06,722 - INFO - HedgeFund - Entering long position: 0.018729 BTC at 53603.39
2025-12-03 15:00:06,722 - INFO - HedgeFund - Exiting position: P&L = 22.00 (2.19%)
2025-12-03 15:00:06,722 - INFO - HedgeFund - Entering long position: 0.018208 BTC at 55256.95
2025-12-03 15:00:06,722 - INFO - HedgeFund - Exiting position: P&L = -12.20 (-1.21%)
2025-12-03 15:00:06,722 - INFO - HedgeFund - Entering long position: 0.018396 BTC at 54628.56
2025-12-03 15:00:06,722 - INFO - HedgeFund - Exiting position: P&L = -11.93 (-1.19%)
2025-12-03 15:00:06,722 - INFO - HedgeFund - Entering long position: 0.018440 BTC at 54433.19
2025-12-03 15:00:06,722 - INFO - HedgeFund - Exiting position: P&L = -8.53 (-0.85%)
2025-12-03 15:00:06,722 - INFO - HedgeFund - Entering long position: 0.018484 BTC at 54256.04
2025-12-03 15:00:06,722 - INFO - HedgeFund - Exiting position: P&L = -3.34 (-0.33%)
2025-12-03 15:00:06,722 - INFO - HedgeFund - Entering long position: 0.019774 BTC at 50700.06
2025-12-03 15:00:06,723 - INFO - HedgeFund - Exiting position: P&L = -1.54 (-0.15%)
2025-12-03 15:00:06,723 - INFO - HedgeFund - Entering long position: 0.019682 BTC at 50928.14
2025-12-03 15:00:06,723 - INFO - HedgeFund - Exiting position: P&L = -19.61 (-1.96%)
2025-12-03 15:00:06,723 - INFO - HedgeFund - Entering long position: 0.020692 BTC at 48348.32
2025-12-03 15:00:06,723 - INFO - HedgeFund - Exiting position: P&L = -5.20 (-0.52%)
2025-12-03 15:00:06,723 - INFO - HedgeFund - Entering long position: 0.020520 BTC at 48727.89
2025-12-03 15:00:06,723 - INFO - HedgeFund - Exiting position: P&L = 29.88 (2.99%)
2025-12-03 15:00:06,723 - INFO - HedgeFund - Entering long position: 0.020875 BTC at 48043.04
2025-12-03 15:00:06,723 - INFO - HedgeFund - Exiting position: P&L = -8.46 (-0.84%)
2025-12-03 15:00:06,723 - INFO - HedgeFund - Entering long position: 0.021086 BTC at 47522.15
2025-12-03 15:00:06,723 - INFO - HedgeFund - Exiting position: P&L = 14.74 (1.47%)
2025-12-03 15:00:06,724 - INFO - HedgeFund - Entering long position: 0.020767 BTC at 48322.85
2025-12-03 15:00:06,724 - INFO - HedgeFund - Exiting position: P&L = 8.30 (0.83%)
2025-12-03 15:00:06,724 - INFO - HedgeFund - Entering long position: 0.020381 BTC at 49278.05
2025-12-03 15:00:06,724 - INFO - HedgeFund - Exiting position: P&L = 1.93 (0.19%)
2025-12-03 15:00:06,724 - INFO - HedgeFund - Entering long position: 0.019921 BTC at 50425.51
2025-12-03 15:00:06,724 - INFO - HedgeFund - Exiting position: P&L = 28.63 (2.85%)
2025-12-03 15:00:06,724 - INFO - HedgeFund - Entering long position: 0.019399 BTC at 51930.80
2025-12-03 15:00:06,724 - INFO - HedgeFund - Exiting position: P&L = 6.87 (0.68%)
2025-12-03 15:00:06,724 - INFO - HedgeFund - Entering long position: 0.018843 BTC at 53501.05
2025-12-03 15:00:06,724 - INFO - HedgeFund - Exiting position: P&L = -11.18 (-1.11%)
2025-12-03 15:00:06,724 - INFO - HedgeFund - Entering long position: 0.018705 BTC at 53834.25
2025-12-03 15:00:06,724 - INFO - HedgeFund - Exiting position: P&L = -5.99 (-0.59%)
2025-12-03 15:00:06,724 - INFO - HedgeFund - Entering long position: 0.019399 BTC at 51876.94
2025-12-03 15:00:06,725 - INFO - HedgeFund - Exiting position: P&L = 65.29 (6.49%)
2025-12-03 15:00:06,725 - INFO - HedgeFund - Entering long position: 0.018232 BTC at 55556.57
2025-12-03 15:00:06,725 - INFO - HedgeFund - Exiting position: P&L = 11.56 (1.14%)
2025-12-03 15:00:06,725 - INFO - HedgeFund - Entering long position: 0.017960 BTC at 56461.83
2025-12-03 15:00:06,725 - INFO - HedgeFund - Exiting position: P&L = 8.45 (0.83%)
2025-12-03 15:00:06,725 - INFO - HedgeFund - Entering long position: 0.017876 BTC at 56774.78
2025-12-03 15:00:06,725 - INFO - HedgeFund - Exiting position: P&L = 20.98 (2.07%)
2025-12-03 15:00:06,725 - INFO - HedgeFund - Entering long position: 0.018141 BTC at 56060.13
2025-12-03 15:00:06,725 - INFO - HedgeFund - Exiting position: P&L = 5.06 (0.50%)
2025-12-03 15:00:06,726 - INFO - HedgeFund - Entering long position: 0.019385 BTC at 52490.29
2025-12-03 15:00:06,726 - INFO - HedgeFund - Exiting position: P&L = 0.26 (0.03%)
2025-12-03 15:00:06,726 - INFO - HedgeFund - Entering long position: 0.019296 BTC at 52732.07
2025-12-03 15:00:06,726 - INFO - HedgeFund - Exiting position: P&L = -2.31 (-0.23%)
2025-12-03 15:00:06,726 - INFO - HedgeFund - Entering long position: 0.020495 BTC at 49637.03
2025-12-03 15:00:06,726 - INFO - HedgeFund - Exiting position: P&L = 2.98 (0.29%)
2025-12-03 15:00:06,726 - INFO - HedgeFund - Entering long position: 0.020288 BTC at 50158.14
2025-12-03 15:00:06,726 - INFO - HedgeFund - Exiting position: P&L = -7.75 (-0.76%)
2025-12-03 15:00:06,726 - INFO - HedgeFund - Entering long position: 0.020335 BTC at 50003.79
2025-12-03 15:00:06,726 - INFO - HedgeFund - Exiting position: P&L = -4.70 (-0.46%)
2025-12-03 15:00:06,726 - INFO - HedgeFund - Entering long position: 0.020121 BTC at 50512.46
2025-12-03 15:00:06,726 - INFO - HedgeFund - Exiting position: P&L = 5.24 (0.52%)
2025-12-03 15:00:06,726 - INFO - HedgeFund - Entering long position: 0.020235 BTC at 50254.32
2025-12-03 15:00:06,726 - INFO - HedgeFund - Exiting position: P&L = 51.13 (5.03%)
2025-12-03 15:00:06,726 - INFO - HedgeFund - Entering long position: 0.019247 BTC at 53098.38
2025-12-03 15:00:06,727 - INFO - HedgeFund - Exiting position: P&L = -6.72 (-0.66%)
2025-12-03 15:00:06,727 - INFO - HedgeFund - Entering long position: 0.019675 BTC at 51910.30
2025-12-03 15:00:06,727 - INFO - HedgeFund - Exiting position: P&L = -9.51 (-0.93%)
2025-12-03 15:00:06,727 - INFO - HedgeFund - Entering long position: 0.020062 BTC at 50861.07
2025-12-03 15:00:06,727 - INFO - HedgeFund - Exiting position: P&L = 27.68 (2.71%)
2025-12-03 15:00:06,727 - INFO - HedgeFund - Entering long position: 0.019379 BTC at 52797.47
2025-12-03 15:00:06,727 - INFO - HedgeFund - Exiting position: P&L = -13.45 (-1.31%)
2025-12-03 15:00:06,727 - INFO - HedgeFund - Entering long position: 0.019293 BTC at 52962.07
2025-12-03 15:00:06,727 - INFO - HedgeFund - Exiting position: P&L = -2.94 (-0.29%)
2025-12-03 15:00:06,728 - INFO - HedgeFund - Entering long position: 0.019999 BTC at 51076.83
2025-12-03 15:00:06,728 - INFO - HedgeFund - Exiting position: P&L = 0.70 (0.07%)
2025-12-03 15:00:06,728 - INFO - HedgeFund - Entering long position: 0.020041 BTC at 50973.06
2025-12-03 15:00:06,728 - INFO - HedgeFund - Exiting position: P&L = -1.75 (-0.17%)
2025-12-03 15:00:06,728 - INFO - HedgeFund - Entering long position: 0.019692 BTC at 51869.51
2025-12-03 15:00:06,728 - INFO - HedgeFund - Exiting position: P&L = -22.56 (-2.21%)
2025-12-03 15:00:06,728 - INFO - HedgeFund - Entering long position: 0.019827 BTC at 51402.19
2025-12-03 15:00:06,728 - INFO - HedgeFund - Exiting position: P&L = -4.14 (-0.41%)
2025-12-03 15:00:06,728 - INFO - HedgeFund - Entering long position: 0.020050 BTC at 50809.86
2025-12-03 15:00:06,728 - INFO - HedgeFund - Exiting position: P&L = 53.77 (5.28%)
2025-12-03 15:00:06,728 - INFO - HedgeFund - Entering long position: 0.018834 BTC at 54376.24
2025-12-03 15:00:06,728 - INFO - HedgeFund - Exiting position: P&L = -16.54 (-1.61%)
2025-12-03 15:00:06,728 - INFO - HedgeFund - Entering long position: 0.018834 BTC at 54286.99
2025-12-03 15:00:06,728 - INFO - HedgeFund - Exiting position: P&L = -1.56 (-0.15%)
2025-12-03 15:00:06,729 - INFO - HedgeFund - Entering long position: 0.018636 BTC at 54856.78
2025-12-03 15:00:06,729 - INFO - HedgeFund - Exiting position: P&L = -20.37 (-1.99%)
2025-12-03 15:00:06,729 - INFO - HedgeFund - Entering long position: 0.018850 BTC at 54125.31
2025-12-03 15:00:06,729 - INFO - HedgeFund - Exiting position: P&L = -13.56 (-1.33%)
2025-12-03 15:00:06,729 - INFO - HedgeFund - Entering long position: 0.018777 BTC at 54264.54
2025-12-03 15:00:06,729 - INFO - HedgeFund - Exiting position: P&L = 35.13 (3.45%)
2025-12-03 15:00:06,729 - INFO - HedgeFund - Entering long position: 0.018577 BTC at 55038.05
2025-12-03 15:00:06,729 - INFO - HedgeFund - Exiting position: P&L = -8.49 (-0.83%)
2025-12-03 15:00:06,729 - INFO - HedgeFund - Entering long position: 0.018466 BTC at 55321.86
2025-12-03 15:00:06,730 - INFO - HedgeFund - Exiting position: P&L = -16.84 (-1.65%)
2025-12-03 15:00:06,730 - INFO - HedgeFund - Entering long position: 0.018639 BTC at 54717.71
2025-12-03 15:00:06,730 - INFO - HedgeFund - Exiting position: P&L = -1.44 (-0.14%)
2025-12-03 15:00:06,730 - INFO - HedgeFund - Entering long position: 0.018677 BTC at 54599.31
2025-12-03 15:00:06,730 - INFO - HedgeFund - Exiting position: P&L = -1.24 (-0.12%)
2025-12-03 15:00:06,730 - INFO - HedgeFund - Entering long position: 0.018824 BTC at 54165.09
2025-12-03 15:00:06,730 - INFO - HedgeFund - Exiting position: P&L = 8.83 (0.87%)
2025-12-03 15:00:06,730 - INFO - HedgeFund - Entering long position: 0.018561 BTC at 54981.73
2025-12-03 15:00:06,730 - INFO - HedgeFund - Exiting position: P&L = 5.57 (0.55%)
2025-12-03 15:00:06,730 - INFO - HedgeFund - Entering long position: 0.018535 BTC at 55087.87
2025-12-03 15:00:06,730 - INFO - HedgeFund - Exiting position: P&L = 36.46 (3.57%)
2025-12-03 15:00:06,730 - INFO - HedgeFund - Entering long position: 0.017995 BTC at 56942.70
2025-12-03 15:00:06,730 - INFO - HedgeFund - Exiting position: P&L = -1.01 (-0.10%)
2025-12-03 15:00:06,731 - INFO - HedgeFund - Entering long position: 0.017753 BTC at 57715.60
2025-12-03 15:00:06,731 - INFO - HedgeFund - Exiting position: P&L = 11.26 (1.10%)
2025-12-03 15:00:06,731 - INFO - HedgeFund - Entering long position: 0.017604 BTC at 58267.76
2025-12-03 15:00:06,731 - INFO - HedgeFund - Exiting position: P&L = -6.47 (-0.63%)
2025-12-03 15:00:06,731 - INFO - HedgeFund - Entering long position: 0.017575 BTC at 58325.38
2025-12-03 15:00:06,731 - INFO - HedgeFund - Exiting position: P&L = -1.47 (-0.14%)
2025-12-03 15:00:06,731 - INFO - HedgeFund - Entering long position: 0.017401 BTC at 58900.79
2025-12-03 15:00:06,731 - INFO - HedgeFund - Exiting position: P&L = -16.59 (-1.62%)
2025-12-03 15:00:06,731 - INFO - HedgeFund - Entering long position: 0.017320 BTC at 59079.47
2025-12-03 15:00:06,731 - INFO - HedgeFund - Exiting position: P&L = -10.58 (-1.03%)
2025-12-03 15:00:06,731 - INFO - HedgeFund - Entering long position: 0.017540 BTC at 58277.68
2025-12-03 15:00:06,731 - INFO - HedgeFund - Exiting position: P&L = -8.38 (-0.82%)
2025-12-03 15:00:06,731 - INFO - HedgeFund - Entering long position: 0.018025 BTC at 56664.28
2025-12-03 15:00:06,731 - INFO - HedgeFund - Exiting position: P&L = -2.40 (-0.24%)
2025-12-03 15:00:06,731 - INFO - HedgeFund - Entering long position: 0.017764 BTC at 57481.96
2025-12-03 15:00:06,732 - INFO - HedgeFund - Exiting position: P&L = -5.22 (-0.51%)
2025-12-03 15:00:06,732 - INFO - HedgeFund - Entering long position: 0.017631 BTC at 57888.52
2025-12-03 15:00:06,732 - INFO - HedgeFund - Exiting position: P&L = -13.04 (-1.28%)
2025-12-03 15:00:06,732 - INFO - HedgeFund - Entering long position: 0.017756 BTC at 57407.19
2025-12-03 15:00:06,732 - INFO - HedgeFund - Exiting position: P&L = -3.67 (-0.36%)
2025-12-03 15:00:06,732 - INFO - HedgeFund - Entering long position: 0.017957 BTC at 56744.27
2025-12-03 15:00:06,732 - INFO - HedgeFund - Exiting position: P&L = -23.57 (-2.31%)
2025-12-03 15:00:06,732 - INFO - HedgeFund - Entering long position: 0.018873 BTC at 53863.94
2025-12-03 15:00:06,732 - INFO - HedgeFund - Exiting position: P&L = -12.65 (-1.24%)
2025-12-03 15:00:06,732 - INFO - HedgeFund - Entering long position: 0.019348 BTC at 52478.10
2025-12-03 15:00:06,732 - INFO - HedgeFund - Exiting position: P&L = -18.68 (-1.84%)
2025-12-03 15:00:06,732 - INFO - HedgeFund - Entering long position: 0.019649 BTC at 51579.04
2025-12-03 15:00:06,732 - INFO - HedgeFund - Exiting position: P&L = 47.94 (4.73%)
2025-12-03 15:00:06,733 - INFO - HedgeFund - Entering long position: 0.018572 BTC at 54826.48
2025-12-03 15:00:06,733 - INFO - HedgeFund - Exiting position: P&L = -4.93 (-0.48%)
2025-12-03 15:00:06,733 - INFO - HedgeFund - Entering long position: 0.018658 BTC at 54549.35
2025-12-03 15:00:06,733 - INFO - HedgeFund - Exiting position: P&L = 15.19 (1.49%)
2025-12-03 15:00:06,733 - INFO - HedgeFund - Entering long position: 0.018335 BTC at 55591.88
2025-12-03 15:00:06,733 - INFO - HedgeFund - Exiting position: P&L = -11.76 (-1.15%)
2025-12-03 15:00:06,733 - INFO - HedgeFund - Entering long position: 0.019536 BTC at 52112.75
2025-12-03 15:00:06,733 - INFO - HedgeFund - Exiting position: P&L = -16.52 (-1.62%)
2025-12-03 15:00:06,733 - INFO - HedgeFund - Entering long position: 0.019691 BTC at 51620.86
2025-12-03 15:00:06,733 - INFO - HedgeFund - Exiting position: P&L = -17.52 (-1.72%)
2025-12-03 15:00:06,733 - INFO - HedgeFund - Entering long position: 0.019812 BTC at 51216.59
2025-12-03 15:00:06,733 - INFO - HedgeFund - Exiting position: P&L = -21.44 (-2.11%)
2025-12-03 15:00:06,733 - INFO - HedgeFund - Entering long position: 0.020509 BTC at 49370.97
2025-12-03 15:00:06,733 - INFO - HedgeFund - Exiting position: P&L = 13.81 (1.36%)
2025-12-03 15:00:06,734 - INFO - HedgeFund - Entering long position: 0.020658 BTC at 49081.66
2025-12-03 15:00:06,734 - INFO - HedgeFund - Exiting position: P&L = 15.88 (1.57%)
2025-12-03 15:00:06,734 - INFO - HedgeFund - Entering long position: 0.021396 BTC at 47463.68
2025-12-03 15:00:06,734 - INFO - HedgeFund - Exiting position: P&L = 32.47 (3.20%)
2025-12-03 15:00:06,734 - INFO - HedgeFund - Entering long position: 0.021059 BTC at 48377.72
2025-12-03 15:00:06,734 - INFO - HedgeFund - Exiting position: P&L = -0.15 (-0.01%)
2025-12-03 15:00:06,734 - INFO - HedgeFund - Entering long position: 0.021206 BTC at 48040.58
2025-12-03 15:00:06,734 - INFO - HedgeFund - Exiting position: P&L = -1.44 (-0.14%)
2025-12-03 15:00:06,734 - INFO - HedgeFund - Entering long position: 0.020695 BTC at 49219.02
2025-12-03 15:00:06,734 - INFO - HedgeFund - Exiting position: P&L = -2.82 (-0.28%)
2025-12-03 15:00:06,734 - INFO - HedgeFund - Entering long position: 0.021053 BTC at 48370.70
2025-12-03 15:00:06,734 - INFO - HedgeFund - Exiting position: P&L = -17.90 (-1.76%)
2025-12-03 15:00:06,735 - INFO - HedgeFund - Entering long position: 0.021062 BTC at 48264.80
2025-12-03 15:00:06,735 - INFO - HedgeFund - Exiting position: P&L = -8.22 (-0.81%)
2025-12-03 15:00:06,735 - INFO - HedgeFund - Entering long position: 0.021179 BTC at 47958.70
2025-12-03 15:00:06,735 - INFO - HedgeFund - Exiting position: P&L = -21.37 (-2.10%)
2025-12-03 15:00:06,735 - INFO - HedgeFund - Entering long position: 0.023110 BTC at 43858.67
2025-12-03 15:00:06,735 - INFO - HedgeFund - Exiting position: P&L = -2.29 (-0.23%)
2025-12-03 15:00:06,735 - INFO - HedgeFund - Entering long position: 0.023108 BTC at 43852.61
2025-12-03 15:00:06,735 - INFO - HedgeFund - Exiting position: P&L = -3.66 (-0.36%)
2025-12-03 15:00:06,735 - INFO - HedgeFund - Entering long position: 0.022911 BTC at 44213.61
2025-12-03 15:00:06,735 - INFO - HedgeFund - Exiting position: P&L = 23.98 (2.37%)
2025-12-03 15:00:06,735 - INFO - HedgeFund - Entering long position: 0.022189 BTC at 45759.67
2025-12-03 15:00:06,736 - INFO - HedgeFund - Exiting position: P&L = 24.57 (2.42%)
2025-12-03 15:00:06,736 - INFO - HedgeFund - Entering long position: 0.021763 BTC at 46768.79
2025-12-03 15:00:06,736 - INFO - HedgeFund - Exiting position: P&L = -8.61 (-0.85%)
2025-12-03 15:00:06,736 - INFO - HedgeFund - Entering long position: 0.021516 BTC at 47266.71
2025-12-03 15:00:06,736 - INFO - HedgeFund - Exiting position: P&L = -20.14 (-1.98%)
2025-12-03 15:00:06,736 - INFO - HedgeFund - Entering long position: 0.021654 BTC at 46871.62
2025-12-03 15:00:06,736 - INFO - HedgeFund - Exiting position: P&L = -11.55 (-1.14%)
2025-12-03 15:00:06,736 - INFO - HedgeFund - Entering long position: 0.022025 BTC at 46029.95
2025-12-03 15:00:06,736 - INFO - HedgeFund - Exiting position: P&L = 86.47 (8.53%)
2025-12-03 15:00:06,736 - INFO - HedgeFund - Entering long position: 0.020187 BTC at 50650.24
2025-12-03 15:00:06,736 - INFO - HedgeFund - Exiting position: P&L = -9.03 (-0.88%)
2025-12-03 15:00:06,736 - INFO - HedgeFund - Entering long position: 0.020041 BTC at 50972.88
2025-12-03 15:00:06,737 - INFO - HedgeFund - Exiting position: P&L = -7.74 (-0.76%)
2025-12-03 15:00:06,737 - INFO - HedgeFund - Entering long position: 0.020087 BTC at 50816.75
2025-12-03 15:00:06,737 - INFO - HedgeFund - Exiting position: P&L = -24.44 (-2.39%)
2025-12-03 15:00:06,737 - INFO - HedgeFund - Entering long position: 0.020115 BTC at 50625.46
2025-12-03 15:00:06,737 - INFO - HedgeFund - Exiting position: P&L = 39.21 (3.85%)
2025-12-03 15:00:06,737 - INFO - HedgeFund - Entering long position: 0.019049 BTC at 53663.33
2025-12-03 15:00:06,737 - INFO - HedgeFund - Exiting position: P&L = -13.06 (-1.28%)
2025-12-03 15:00:06,737 - INFO - HedgeFund - Entering long position: 0.018987 BTC at 53770.45
2025-12-03 15:00:06,737 - INFO - HedgeFund - Exiting position: P&L = 10.05 (0.98%)
2025-12-03 15:00:06,737 - INFO - HedgeFund - Entering long position: 0.018711 BTC at 54618.18
2025-12-03 15:00:06,737 - INFO - HedgeFund - Exiting position: P&L = -12.16 (-1.19%)
2025-12-03 15:00:06,737 - INFO - HedgeFund - Entering long position: 0.019554 BTC at 52200.09
2025-12-03 15:00:06,737 - INFO - HedgeFund - Exiting position: P&L = -8.84 (-0.87%)
2025-12-03 15:00:06,738 - INFO - HedgeFund - Entering long position: 0.019356 BTC at 52688.88
2025-12-03 15:00:06,738 - INFO - HedgeFund - Exiting position: P&L = -4.44 (-0.44%)
2025-12-03 15:00:06,738 - INFO - HedgeFund - Entering long position: 0.019128 BTC at 53294.27
2025-12-03 15:00:06,738 - INFO - HedgeFund - Exiting position: P&L = -15.00 (-1.47%)
2025-12-03 15:00:06,738 - INFO - HedgeFund - Entering long position: 0.019558 BTC at 52046.03
2025-12-03 15:00:06,738 - INFO - HedgeFund - Exiting position: P&L = -0.97 (-0.10%)
2025-12-03 15:00:06,738 - INFO - HedgeFund - Entering long position: 0.019916 BTC at 51104.89
2025-12-03 15:00:06,738 - INFO - HedgeFund - Exiting position: P&L = -5.44 (-0.53%)
2025-12-03 15:00:06,738 - INFO - HedgeFund - Entering long position: 0.019773 BTC at 51447.51
2025-12-03 15:00:06,739 - INFO - HedgeFund - Exiting position: P&L = 19.03 (1.87%)
2025-12-03 15:00:06,739 - INFO - HedgeFund - Entering long position: 0.019112 BTC at 53327.13
2025-12-03 15:00:06,739 - INFO - HedgeFund - Exiting position: P&L = -20.55 (-2.02%)
2025-12-03 15:00:06,739 - INFO - HedgeFund - Entering long position: 0.019103 BTC at 53245.27
2025-12-03 15:00:06,740 - INFO - HedgeFund - Exiting position: P&L = 6.29 (0.62%)
2025-12-03 15:00:06,740 - INFO - HedgeFund - Entering long position: 0.021053 BTC at 48342.09
2025-12-03 15:00:06,740 - INFO - HedgeFund - Exiting position: P&L = -13.97 (-1.37%)
2025-12-03 15:00:06,740 - INFO - HedgeFund - Entering long position: 0.022188 BTC at 45806.80
2025-12-03 15:00:06,740 - INFO - HedgeFund - Exiting position: P&L = -11.24 (-1.11%)
2025-12-03 15:00:06,740 - INFO - HedgeFund - Entering long position: 0.023270 BTC at 43627.33
2025-12-03 15:00:06,740 - INFO - HedgeFund - Exiting position: P&L = -1.78 (-0.17%)
2025-12-03 15:00:06,741 - INFO - HedgeFund - Entering long position: 0.024794 BTC at 40939.97
2025-12-03 15:00:06,741 - INFO - HedgeFund - Exiting position: P&L = -5.27 (-0.52%)
2025-12-03 15:00:06,741 - INFO - HedgeFund - Entering long position: 0.024586 BTC at 41264.94
2025-12-03 15:00:06,741 - INFO - HedgeFund - Exiting position: P&L = -23.61 (-2.33%)
2025-12-03 15:00:06,741 - INFO - HedgeFund - Entering long position: 0.025081 BTC at 40355.97
2025-12-03 15:00:06,741 - INFO - HedgeFund - Exiting position: P&L = -23.28 (-2.30%)
2025-12-03 15:00:06,741 - INFO - HedgeFund - Entering long position: 0.025924 BTC at 38953.76
2025-12-03 15:00:06,741 - INFO - HedgeFund - Exiting position: P&L = -1.36 (-0.13%)
2025-12-03 15:00:06,741 - INFO - HedgeFund - Entering long position: 0.025492 BTC at 39608.37
2025-12-03 15:00:06,742 - INFO - HedgeFund - Exiting position: P&L = 1.18 (0.12%)
2025-12-03 15:00:06,742 - INFO - HedgeFund - Entering long position: 0.025753 BTC at 39211.12
2025-12-03 15:00:06,742 - INFO - HedgeFund - Exiting position: P&L = 18.95 (1.88%)
2025-12-03 15:00:06,742 - INFO - HedgeFund - Entering long position: 0.024903 BTC at 40626.02
2025-12-03 15:00:06,742 - INFO - HedgeFund - Exiting position: P&L = -18.60 (-1.84%)
2025-12-03 15:00:06,742 - INFO - HedgeFund - Entering long position: 0.025046 BTC at 40319.49
2025-12-03 15:00:06,742 - INFO - HedgeFund - Exiting position: P&L = -3.84 (-0.38%)
2025-12-03 15:00:06,742 - INFO - HedgeFund - Entering long position: 0.025193 BTC at 40069.44
2025-12-03 15:00:06,742 - INFO - HedgeFund - Exiting position: P&L = -1.10 (-0.11%)
2025-12-03 15:00:06,742 - INFO - HedgeFund - Entering long position: 0.025414 BTC at 39716.20
2025-12-03 15:00:06,742 - INFO - HedgeFund - Exiting position: P&L = 2.76 (0.27%)
2025-12-03 15:00:06,743 - INFO - HedgeFund - Entering long position: 0.025672 BTC at 39328.52
2025-12-03 15:00:06,743 - INFO - HedgeFund - Exiting position: P&L = 15.98 (1.58%)
2025-12-03 15:00:06,743 - INFO - HedgeFund - Entering long position: 0.025207 BTC at 40116.38
2025-12-03 15:00:06,743 - INFO - HedgeFund - Exiting position: P&L = 3.61 (0.36%)
2025-12-03 15:00:06,743 - INFO - HedgeFund - Entering long position: 0.025055 BTC at 40374.66
2025-12-03 15:00:06,743 - INFO - HedgeFund - Exiting position: P&L = -15.96 (-1.58%)
2025-12-03 15:00:06,743 - INFO - HedgeFund - Entering long position: 0.025169 BTC at 40128.86
2025-12-03 15:00:06,743 - INFO - HedgeFund - Exiting position: P&L = -3.54 (-0.35%)
2025-12-03 15:00:06,743 - INFO - HedgeFund - Entering long position: 0.025187 BTC at 40086.35
2025-12-03 15:00:06,743 - INFO - HedgeFund - Exiting position: P&L = 1.01 (0.10%)
2025-12-03 15:00:06,743 - INFO - HedgeFund - Entering long position: 0.025482 BTC at 39626.22
2025-12-03 15:00:06,744 - INFO - HedgeFund - Exiting position: P&L = -16.98 (-1.68%)
2025-12-03 15:00:06,744 - INFO - HedgeFund - Entering long position: 0.025772 BTC at 39113.85
2025-12-03 15:00:06,744 - INFO - HedgeFund - Exiting position: P&L = 0.91 (0.09%)
2025-12-03 15:00:06,744 - INFO - HedgeFund - Entering long position: 0.026106 BTC at 38617.35
2025-12-03 15:00:06,744 - INFO - HedgeFund - Exiting position: P&L = -15.88 (-1.58%)
2025-12-03 15:00:06,744 - INFO - HedgeFund - Entering long position: 0.025968 BTC at 38761.79
2025-12-03 15:00:06,744 - INFO - HedgeFund - Exiting position: P&L = 32.05 (3.18%)
2025-12-03 15:00:06,745 - INFO - HedgeFund - Entering long position: 0.026796 BTC at 37683.46
2025-12-03 15:00:06,745 - INFO - HedgeFund - Exiting position: P&L = -16.02 (-1.59%)
2025-12-03 15:00:06,745 - INFO - HedgeFund - Entering long position: 0.028836 BTC at 34962.04
2025-12-03 15:00:06,745 - INFO - HedgeFund - Exiting position: P&L = 25.32 (2.51%)
2025-12-03 15:00:06,745 - INFO - HedgeFund - Entering long position: 0.028035 BTC at 36050.27
2025-12-03 15:00:06,746 - INFO - HedgeFund - Exiting position: P&L = -3.93 (-0.39%)
2025-12-03 15:00:06,746 - INFO - HedgeFund - Entering long position: 0.027921 BTC at 36184.00
2025-12-03 15:00:06,746 - INFO - HedgeFund - Exiting position: P&L = -1.70 (-0.17%)
2025-12-03 15:00:06,746 - INFO - HedgeFund - Entering long position: 0.028659 BTC at 35245.70
2025-12-03 15:00:06,746 - INFO - HedgeFund - Exiting position: P&L = -16.43 (-1.63%)
2025-12-03 15:00:06,746 - INFO - HedgeFund - Entering long position: 0.028626 BTC at 35229.29
2025-12-03 15:00:06,746 - INFO - HedgeFund - Exiting position: P&L = -15.22 (-1.51%)
2025-12-03 15:00:06,747 - INFO - HedgeFund - Entering long position: 0.028667 BTC at 35125.77
2025-12-03 15:00:06,747 - INFO - HedgeFund - Exiting position: P&L = 29.01 (2.88%)
2025-12-03 15:00:06,747 - INFO - HedgeFund - Entering long position: 0.028678 BTC at 35213.14
2025-12-03 15:00:06,747 - INFO - HedgeFund - Exiting position: P&L = -15.16 (-1.50%)
2025-12-03 15:00:06,747 - INFO - HedgeFund - Entering long position: 0.028987 BTC at 34786.26
2025-12-03 15:00:06,747 - INFO - HedgeFund - Exiting position: P&L = -5.86 (-0.58%)
2025-12-03 15:00:06,747 - INFO - HedgeFund - Entering long position: 0.029019 BTC at 34727.28
2025-12-03 15:00:06,747 - INFO - HedgeFund - Exiting position: P&L = -0.52 (-0.05%)
2025-12-03 15:00:06,747 - INFO - HedgeFund - Entering long position: 0.028830 BTC at 34953.24
2025-12-03 15:00:06,748 - INFO - HedgeFund - Exiting position: P&L = -3.94 (-0.39%)
2025-12-03 15:00:06,748 - INFO - HedgeFund - Entering long position: 0.028123 BTC at 35817.40
2025-12-03 15:00:06,748 - INFO - HedgeFund - Exiting position: P&L = 1.69 (0.17%)
2025-12-03 15:00:06,748 - INFO - HedgeFund - Entering long position: 0.027922 BTC at 36082.37
2025-12-03 15:00:06,748 - INFO - HedgeFund - Exiting position: P&L = 38.53 (3.82%)
2025-12-03 15:00:06,748 - INFO - HedgeFund - Entering long position: 0.026684 BTC at 37899.66
2025-12-03 15:00:06,748 - INFO - HedgeFund - Exiting position: P&L = 6.86 (0.68%)
2025-12-03 15:00:06,749 - INFO - HedgeFund - Entering long position: 0.026199 BTC at 38628.51
2025-12-03 15:00:06,749 - INFO - HedgeFund - Exiting position: P&L = -4.83 (-0.48%)
2025-12-03 15:00:06,749 - INFO - HedgeFund - Entering long position: 0.029436 BTC at 34364.23
2025-12-03 15:00:06,749 - INFO - HedgeFund - Exiting position: P&L = -3.41 (-0.34%)
2025-12-03 15:00:06,749 - INFO - HedgeFund - Entering long position: 0.029654 BTC at 34099.94
2025-12-03 15:00:06,749 - INFO - HedgeFund - Exiting position: P&L = -6.99 (-0.69%)
2025-12-03 15:00:06,749 - INFO - HedgeFund - Entering long position: 0.030091 BTC at 33580.97
2025-12-03 15:00:06,749 - INFO - HedgeFund - Exiting position: P&L = 21.18 (2.10%)
2025-12-03 15:00:06,750 - INFO - HedgeFund - Entering long position: 0.028863 BTC at 35083.05
2025-12-03 15:00:06,750 - INFO - HedgeFund - Exiting position: P&L = -20.44 (-2.02%)
2025-12-03 15:00:06,750 - INFO - HedgeFund - Entering long position: 0.029073 BTC at 34759.92
2025-12-03 15:00:06,750 - INFO - HedgeFund - Exiting position: P&L = -16.15 (-1.60%)
2025-12-03 15:00:06,750 - INFO - HedgeFund - Entering long position: 0.029718 BTC at 33950.32
2025-12-03 15:00:06,750 - INFO - HedgeFund - Exiting position: P&L = -3.18 (-0.32%)
2025-12-03 15:00:06,750 - INFO - HedgeFund - Entering long position: 0.029950 BTC at 33677.19
2025-12-03 15:00:06,750 - INFO - HedgeFund - Exiting position: P&L = -6.17 (-0.61%)
2025-12-03 15:00:06,750 - INFO - HedgeFund - Entering long position: 0.031356 BTC at 32147.36
2025-12-03 15:00:06,750 - INFO - HedgeFund - Exiting position: P&L = -14.63 (-1.45%)
2025-12-03 15:00:06,750 - INFO - HedgeFund - Entering long position: 0.031525 BTC at 31929.01
2025-12-03 15:00:06,750 - INFO - HedgeFund - Exiting position: P&L = -3.21 (-0.32%)
2025-12-03 15:00:06,750 - INFO - HedgeFund - Entering long position: 0.032065 BTC at 31380.80
2025-12-03 15:00:06,750 - INFO - HedgeFund - Exiting position: P&L = -13.92 (-1.38%)
2025-12-03 15:00:06,750 - INFO - HedgeFund - Entering long position: 0.032482 BTC at 30935.16
2025-12-03 15:00:06,751 - INFO - HedgeFund - Exiting position: P&L = 7.40 (0.74%)
2025-12-03 15:00:06,751 - INFO - HedgeFund - Entering long position: 0.032084 BTC at 31342.17
2025-12-03 15:00:06,751 - INFO - HedgeFund - Exiting position: P&L = -15.59 (-1.55%)
2025-12-03 15:00:06,751 - INFO - HedgeFund - Entering long position: 0.032922 BTC at 30496.78
2025-12-03 15:00:06,751 - INFO - HedgeFund - Exiting position: P&L = -17.40 (-1.73%)
2025-12-03 15:00:06,751 - INFO - HedgeFund - Entering long position: 0.032716 BTC at 30635.34
2025-12-03 15:00:06,751 - INFO - HedgeFund - Exiting position: P&L = -20.58 (-2.05%)
2025-12-03 15:00:06,751 - INFO - HedgeFund - Entering long position: 0.033944 BTC at 29466.67
2025-12-03 15:00:06,751 - INFO - HedgeFund - Exiting position: P&L = -6.85 (-0.68%)
2025-12-03 15:00:06,752 - INFO - HedgeFund - Entering long position: 0.033557 BTC at 29785.87
2025-12-03 15:00:06,752 - INFO - HedgeFund - Exiting position: P&L = -6.49 (-0.65%)
2025-12-03 15:00:06,752 - INFO - HedgeFund - Entering long position: 0.033157 BTC at 30126.03
2025-12-03 15:00:06,752 - INFO - HedgeFund - Exiting position: P&L = -2.42 (-0.24%)
2025-12-03 15:00:06,752 - INFO - HedgeFund - Entering long position: 0.032991 BTC at 30270.63
2025-12-03 15:00:06,752 - INFO - HedgeFund - Exiting position: P&L = -9.94 (-1.00%)
2025-12-03 15:00:06,752 - INFO - HedgeFund - Entering long position: 0.033228 BTC at 30024.22
2025-12-03 15:00:06,752 - INFO - HedgeFund - Exiting position: P&L = -19.39 (-1.94%)
2025-12-03 15:00:06,752 - INFO - HedgeFund - Entering long position: 0.033369 BTC at 29839.27
2025-12-03 15:00:06,752 - INFO - HedgeFund - Exiting position: P&L = -9.48 (-0.95%)
2025-12-03 15:00:06,752 - INFO - HedgeFund - Entering long position: 0.033299 BTC at 29873.73
2025-12-03 15:00:06,752 - INFO - HedgeFund - Exiting position: P&L = -0.26 (-0.03%)
2025-12-03 15:00:06,752 - INFO - HedgeFund - Entering long position: 0.032993 BTC at 30149.79
2025-12-03 15:00:06,752 - INFO - HedgeFund - Exiting position: P&L = -11.00 (-1.11%)
2025-12-03 15:00:06,752 - INFO - HedgeFund - Entering long position: 0.032778 BTC at 30314.32
2025-12-03 15:00:06,752 - INFO - HedgeFund - Exiting position: P&L = -7.21 (-0.73%)
2025-12-03 15:00:06,752 - INFO - HedgeFund - Entering long position: 0.032920 BTC at 30162.01
2025-12-03 15:00:06,753 - INFO - HedgeFund - Exiting position: P&L = -8.29 (-0.83%)
2025-12-03 15:00:06,753 - INFO - HedgeFund - Entering long position: 0.032946 BTC at 30112.90
2025-12-03 15:00:06,753 - INFO - HedgeFund - Exiting position: P&L = -13.04 (-1.31%)
2025-12-03 15:00:06,753 - INFO - HedgeFund - Entering long position: 0.033569 BTC at 29514.60
2025-12-03 15:00:06,753 - INFO - HedgeFund - Exiting position: P&L = -10.21 (-1.03%)
2025-12-03 15:00:06,753 - INFO - HedgeFund - Entering long position: 0.034477 BTC at 28708.21
2025-12-03 15:00:06,753 - INFO - HedgeFund - Exiting position: P&L = -15.67 (-1.58%)
2025-12-03 15:00:06,753 - INFO - HedgeFund - Entering long position: 0.034484 BTC at 28656.33
2025-12-03 15:00:06,753 - INFO - HedgeFund - Exiting position: P&L = -15.47 (-1.57%)
2025-12-03 15:00:06,753 - INFO - HedgeFund - Entering long position: 0.034682 BTC at 28448.73
2025-12-03 15:00:06,753 - INFO - HedgeFund - Exiting position: P&L = -5.25 (-0.53%)
2025-12-03 15:00:06,753 - INFO - HedgeFund - Entering long position: 0.034761 BTC at 28368.50
2025-12-03 15:00:06,753 - INFO - HedgeFund - Exiting position: P&L = -9.22 (-0.94%)
2025-12-03 15:00:06,753 - INFO - HedgeFund - Entering long position: 0.034657 BTC at 28427.00
2025-12-03 15:00:06,753 - INFO - HedgeFund - Exiting position: P&L = 3.70 (0.38%)
2025-12-03 15:00:06,753 - INFO - HedgeFund - Entering long position: 0.034617 BTC at 28470.53
2025-12-03 15:00:06,754 - INFO - HedgeFund - Exiting position: P&L = -8.35 (-0.85%)
2025-12-03 15:00:06,754 - INFO - HedgeFund - Entering long position: 0.034633 BTC at 28433.31
2025-12-03 15:00:06,754 - INFO - HedgeFund - Exiting position: P&L = -11.29 (-1.15%)
2025-12-03 15:00:06,754 - INFO - HedgeFund - Entering long position: 0.035547 BTC at 27670.76
2025-12-03 15:00:06,754 - INFO - HedgeFund - Exiting position: P&L = -3.40 (-0.35%)
2025-12-03 15:00:06,754 - INFO - HedgeFund - Entering long position: 0.035443 BTC at 27741.96
2025-12-03 15:00:06,754 - INFO - HedgeFund - Exiting position: P&L = -7.54 (-0.77%)
2025-12-03 15:00:06,754 - INFO - HedgeFund - Entering long position: 0.036485 BTC at 26929.71
2025-12-03 15:00:06,754 - INFO - HedgeFund - Exiting position: P&L = 42.67 (4.34%)
2025-12-03 15:00:06,754 - INFO - HedgeFund - Entering long position: 0.034771 BTC at 28379.39
2025-12-03 15:00:06,754 - INFO - HedgeFund - Exiting position: P&L = 1.37 (0.14%)
2025-12-03 15:00:06,754 - INFO - HedgeFund - Entering long position: 0.034658 BTC at 28476.25
2025-12-03 15:00:06,754 - INFO - HedgeFund - Exiting position: P&L = -2.10 (-0.21%)
2025-12-03 15:00:06,754 - INFO - HedgeFund - Entering long position: 0.034809 BTC at 28346.40
2025-12-03 15:00:06,755 - INFO - HedgeFund - Exiting position: P&L = -3.65 (-0.37%)
2025-12-03 15:00:06,755 - INFO - HedgeFund - Entering long position: 0.037984 BTC at 25967.58
2025-12-03 15:00:06,755 - INFO - HedgeFund - Exiting position: P&L = -4.11 (-0.42%)
2025-12-03 15:00:06,755 - INFO - HedgeFund - Entering long position: 0.038091 BTC at 25883.64
2025-12-03 15:00:06,755 - INFO - HedgeFund - Exiting position: P&L = -9.01 (-0.91%)
2025-12-03 15:00:06,755 - INFO - HedgeFund - Entering long position: 0.038292 BTC at 25724.07
2025-12-03 15:00:06,755 - INFO - HedgeFund - Exiting position: P&L = -2.85 (-0.29%)
2025-12-03 15:00:06,755 - INFO - HedgeFund - Entering long position: 0.039303 BTC at 25055.52
2025-12-03 15:00:06,756 - INFO - HedgeFund - Exiting position: P&L = 55.88 (5.67%)
2025-12-03 15:00:06,756 - INFO - HedgeFund - Entering long position: 0.036743 BTC at 26953.16
2025-12-03 15:00:06,756 - INFO - HedgeFund - Exiting position: P&L = 14.80 (1.49%)
2025-12-03 15:00:06,756 - INFO - HedgeFund - Entering long position: 0.035848 BTC at 27667.27
2025-12-03 15:00:06,756 - INFO - HedgeFund - Exiting position: P&L = 0.04 (0.00%)
2025-12-03 15:00:06,756 - INFO - HedgeFund - Entering long position: 0.035496 BTC at 27941.58
2025-12-03 15:00:06,756 - INFO - HedgeFund - Exiting position: P&L = 25.91 (2.61%)
2025-12-03 15:00:06,757 - INFO - HedgeFund - Entering long position: 0.034547 BTC at 28784.12
2025-12-03 15:00:06,757 - INFO - HedgeFund - Exiting position: P&L = -6.82 (-0.69%)
2025-12-03 15:00:06,757 - INFO - HedgeFund - Entering long position: 0.034748 BTC at 28597.97
2025-12-03 15:00:06,757 - INFO - HedgeFund - Exiting position: P&L = -12.25 (-1.23%)
2025-12-03 15:00:06,757 - INFO - HedgeFund - Entering long position: 0.035904 BTC at 27643.06
2025-12-03 15:00:06,758 - INFO - HedgeFund - Exiting position: P&L = 16.97 (1.71%)
2025-12-03 15:00:06,758 - INFO - HedgeFund - Entering long position: 0.034983 BTC at 28419.39
2025-12-03 15:00:06,758 - INFO - HedgeFund - Exiting position: P&L = -14.82 (-1.49%)
2025-12-03 15:00:06,758 - INFO - HedgeFund - Entering long position: 0.034669 BTC at 28634.01
2025-12-03 15:00:06,758 - INFO - HedgeFund - Exiting position: P&L = -5.75 (-0.58%)
2025-12-03 15:00:06,758 - INFO - HedgeFund - Entering long position: 0.034815 BTC at 28497.29
2025-12-03 15:00:06,758 - INFO - HedgeFund - Exiting position: P&L = 13.81 (1.39%)
2025-12-03 15:00:06,759 - INFO - HedgeFund - Entering long position: 0.034155 BTC at 29089.14
2025-12-03 15:00:06,759 - INFO - HedgeFund - Exiting position: P&L = 18.48 (1.86%)
2025-12-03 15:00:06,759 - INFO - HedgeFund - Entering long position: 0.033991 BTC at 29283.14
2025-12-03 15:00:06,759 - INFO - HedgeFund - Exiting position: P&L = -14.18 (-1.42%)
2025-12-03 15:00:06,759 - INFO - HedgeFund - Entering long position: 0.035649 BTC at 27881.74
2025-12-03 15:00:06,759 - INFO - HedgeFund - Exiting position: P&L = -12.42 (-1.25%)
2025-12-03 15:00:06,759 - INFO - HedgeFund - Entering long position: 0.035814 BTC at 27718.88
2025-12-03 15:00:06,759 - INFO - HedgeFund - Exiting position: P&L = -9.51 (-0.96%)
2025-12-03 15:00:06,759 - INFO - HedgeFund - Entering long position: 0.036012 BTC at 27539.92
2025-12-03 15:00:06,760 - INFO - HedgeFund - Exiting position: P&L = 2.28 (0.23%)
2025-12-03 15:00:06,760 - INFO - HedgeFund - Entering long position: 0.035713 BTC at 27776.66
2025-12-03 15:00:06,760 - INFO - HedgeFund - Exiting position: P&L = 3.28 (0.33%)
2025-12-03 15:00:06,760 - INFO - HedgeFund - Entering long position: 0.036265 BTC at 27363.18
2025-12-03 15:00:06,760 - INFO - HedgeFund - Exiting position: P&L = -0.57 (-0.06%)
2025-12-03 15:00:06,760 - INFO - HedgeFund - Entering long position: 0.036380 BTC at 27274.68
2025-12-03 15:00:06,760 - INFO - HedgeFund - Exiting position: P&L = -10.58 (-1.07%)
2025-12-03 15:00:06,760 - INFO - HedgeFund - Entering long position: 0.038321 BTC at 25865.77
2025-12-03 15:00:06,760 - INFO - HedgeFund - Exiting position: P&L = -8.63 (-0.87%)
2025-12-03 15:00:06,760 - INFO - HedgeFund - Entering long position: 0.038924 BTC at 25443.17
2025-12-03 15:00:06,761 - INFO - HedgeFund - Exiting position: P&L = 6.63 (0.67%)
2025-12-03 15:00:06,761 - INFO - HedgeFund - Entering long position: 0.038394 BTC at 25811.31
2025-12-03 15:00:06,761 - INFO - HedgeFund - Exiting position: P&L = -9.99 (-1.01%)
2025-12-03 15:00:06,761 - INFO - HedgeFund - Entering long position: 0.037664 BTC at 26285.05
2025-12-03 15:00:06,761 - INFO - HedgeFund - Exiting position: P&L = 7.97 (0.81%)
2025-12-03 15:00:06,761 - INFO - HedgeFund - Entering long position: 0.037244 BTC at 26602.76
2025-12-03 15:00:06,761 - INFO - HedgeFund - Exiting position: P&L = -1.35 (-0.14%)
2025-12-03 15:00:06,761 - INFO - HedgeFund - Entering long position: 0.036975 BTC at 26792.95
2025-12-03 15:00:06,761 - INFO - HedgeFund - Exiting position: P&L = -1.91 (-0.19%)
2025-12-03 15:00:06,761 - INFO - HedgeFund - Entering long position: 0.036526 BTC at 27117.33
2025-12-03 15:00:06,762 - INFO - HedgeFund - Exiting position: P&L = -5.21 (-0.53%)
2025-12-03 15:00:06,762 - INFO - HedgeFund - Entering long position: 0.036769 BTC at 26923.45
2025-12-03 15:00:06,762 - INFO - HedgeFund - Exiting position: P&L = -15.51 (-1.57%)
2025-12-03 15:00:06,762 - INFO - HedgeFund - Entering long position: 0.036733 BTC at 26907.84
2025-12-03 15:00:06,762 - INFO - HedgeFund - Exiting position: P&L = -2.54 (-0.26%)
2025-12-03 15:00:06,762 - INFO - HedgeFund - Entering long position: 0.037849 BTC at 26107.63
2025-12-03 15:00:06,762 - INFO - HedgeFund - Exiting position: P&L = 54.02 (5.47%)
2025-12-03 15:00:06,762 - INFO - HedgeFund - Entering long position: 0.035865 BTC at 27703.02
2025-12-03 15:00:06,762 - INFO - HedgeFund - Exiting position: P&L = 10.55 (1.06%)
2025-12-03 15:00:06,762 - INFO - HedgeFund - Entering long position: 0.035718 BTC at 27846.08
2025-12-03 15:00:06,762 - INFO - HedgeFund - Exiting position: P&L = 57.98 (5.83%)
2025-12-03 15:00:06,763 - INFO - HedgeFund - Entering long position: 0.035639 BTC at 28070.60
2025-12-03 15:00:06,763 - INFO - HedgeFund - Exiting position: P&L = -20.05 (-2.00%)
2025-12-03 15:00:06,763 - INFO - HedgeFund - Entering long position: 0.036950 BTC at 27020.68
2025-12-03 15:00:06,763 - INFO - HedgeFund - Exiting position: P&L = -3.33 (-0.33%)
2025-12-03 15:00:06,763 - INFO - HedgeFund - Entering long position: 0.036825 BTC at 27103.28
2025-12-03 15:00:06,763 - INFO - HedgeFund - Exiting position: P&L = -3.96 (-0.40%)
2025-12-03 15:00:06,763 - INFO - HedgeFund - Entering long position: 0.036666 BTC at 27209.59
2025-12-03 15:00:06,763 - INFO - HedgeFund - Exiting position: P&L = -10.33 (-1.04%)
2025-12-03 15:00:06,763 - INFO - HedgeFund - Entering long position: 0.036950 BTC at 26972.46
2025-12-03 15:00:06,763 - INFO - HedgeFund - Exiting position: P&L = -8.63 (-0.87%)
2025-12-03 15:00:06,763 - INFO - HedgeFund - Entering long position: 0.036591 BTC at 27213.45
2025-12-03 15:00:06,763 - INFO - HedgeFund - Exiting position: P&L = -13.41 (-1.35%)
2025-12-03 15:00:06,763 - INFO - HedgeFund - Entering long position: 0.036927 BTC at 26929.95
2025-12-03 15:00:06,763 - INFO - HedgeFund - Exiting position: P&L = -0.77 (-0.08%)
2025-12-03 15:00:06,763 - INFO - HedgeFund - Entering long position: 0.036948 BTC at 26912.76
2025-12-03 15:00:06,764 - INFO - HedgeFund - Exiting position: P&L = 11.28 (1.13%)
2025-12-03 15:00:06,764 - INFO - HedgeFund - Entering long position: 0.036208 BTC at 27493.56
2025-12-03 15:00:06,764 - INFO - HedgeFund - Exiting position: P&L = -4.30 (-0.43%)
2025-12-03 15:00:06,764 - INFO - HedgeFund - Entering long position: 0.037101 BTC at 26820.30
2025-12-03 15:00:06,764 - INFO - HedgeFund - Exiting position: P&L = -13.20 (-1.33%)
2025-12-03 15:00:06,764 - INFO - HedgeFund - Entering long position: 0.036841 BTC at 26973.67
2025-12-03 15:00:06,764 - INFO - HedgeFund - Exiting position: P&L = -0.02 (-0.00%)
2025-12-03 15:00:06,764 - INFO - HedgeFund - Entering long position: 0.036554 BTC at 27185.76
2025-12-03 15:00:06,764 - INFO - HedgeFund - Exiting position: P&L = 14.68 (1.48%)
2025-12-03 15:00:06,764 - INFO - HedgeFund - Entering long position: 0.036836 BTC at 27017.37
2025-12-03 15:00:06,764 - INFO - HedgeFund - Exiting position: P&L = 49.32 (4.96%)
2025-12-03 15:00:06,765 - INFO - HedgeFund - Entering long position: 0.038844 BTC at 25747.82
2025-12-03 15:00:06,765 - INFO - HedgeFund - Exiting position: P&L = -6.38 (-0.64%)
2025-12-03 15:00:06,765 - INFO - HedgeFund - Entering long position: 0.038660 BTC at 25853.82
2025-12-03 15:00:06,765 - INFO - HedgeFund - Exiting position: P&L = -1.10 (-0.11%)
2025-12-03 15:00:06,765 - INFO - HedgeFund - Entering long position: 0.038360 BTC at 26052.77
2025-12-03 15:00:06,765 - INFO - HedgeFund - Exiting position: P&L = -12.17 (-1.22%)
2025-12-03 15:00:06,765 - INFO - HedgeFund - Entering long position: 0.037894 BTC at 26341.25
2025-12-03 15:00:06,765 - INFO - HedgeFund - Exiting position: P&L = 4.16 (0.42%)
2025-12-03 15:00:06,765 - INFO - HedgeFund - Entering long position: 0.037697 BTC at 26489.70
2025-12-03 15:00:06,765 - INFO - HedgeFund - Exiting position: P&L = -12.84 (-1.29%)
2025-12-03 15:00:06,765 - INFO - HedgeFund - Entering long position: 0.039864 BTC at 25017.93
2025-12-03 15:00:06,765 - INFO - HedgeFund - Exiting position: P&L = -16.69 (-1.67%)
2025-12-03 15:00:06,765 - INFO - HedgeFund - Entering long position: 0.042138 BTC at 23627.91
2025-12-03 15:00:06,766 - INFO - HedgeFund - Exiting position: P&L = -9.77 (-0.98%)
2025-12-03 15:00:06,766 - INFO - HedgeFund - Entering long position: 0.042706 BTC at 23290.99
2025-12-03 15:00:06,766 - INFO - HedgeFund - Exiting position: P&L = -14.58 (-1.47%)
2025-12-03 15:00:06,766 - INFO - HedgeFund - Entering long position: 0.042445 BTC at 23399.76
2025-12-03 15:00:06,766 - INFO - HedgeFund - Exiting position: P&L = -24.04 (-2.42%)
2025-12-03 15:00:06,766 - INFO - HedgeFund - Entering long position: 0.042593 BTC at 23261.69
2025-12-03 15:00:06,766 - INFO - HedgeFund - Exiting position: P&L = 16.05 (1.62%)
2025-12-03 15:00:06,766 - INFO - HedgeFund - Entering long position: 0.042769 BTC at 23203.86
2025-12-03 15:00:06,766 - INFO - HedgeFund - Exiting position: P&L = 1.04 (0.11%)
2025-12-03 15:00:06,766 - INFO - HedgeFund - Entering long position: 0.041986 BTC at 23639.02
2025-12-03 15:00:06,766 - INFO - HedgeFund - Exiting position: P&L = -0.17 (-0.02%)
2025-12-03 15:00:06,766 - INFO - HedgeFund - Entering long position: 0.043134 BTC at 23009.51
2025-12-03 15:00:06,766 - INFO - HedgeFund - Exiting position: P&L = -0.72 (-0.07%)
2025-12-03 15:00:06,766 - INFO - HedgeFund - Entering long position: 0.042606 BTC at 23292.74
2025-12-03 15:00:06,767 - INFO - HedgeFund - Exiting position: P&L = -13.26 (-1.34%)
2025-12-03 15:00:06,767 - INFO - HedgeFund - Entering long position: 0.043782 BTC at 22637.10
2025-12-03 15:00:06,767 - INFO - HedgeFund - Exiting position: P&L = -20.77 (-2.10%)
2025-12-03 15:00:06,767 - INFO - HedgeFund - Entering long position: 0.047145 BTC at 20978.33
2025-12-03 15:00:06,767 - INFO - HedgeFund - Exiting position: P&L = -1.18 (-0.12%)
2025-12-03 15:00:06,767 - INFO - HedgeFund - Entering long position: 0.046343 BTC at 21338.47
2025-12-03 15:00:06,767 - INFO - HedgeFund - Exiting position: P&L = -28.90 (-2.92%)
2025-12-03 15:00:06,767 - INFO - HedgeFund - Entering long position: 0.046818 BTC at 21060.63
2025-12-03 15:00:06,767 - INFO - HedgeFund - Exiting position: P&L = -6.98 (-0.71%)
2025-12-03 15:00:06,767 - INFO - HedgeFund - Entering long position: 0.046549 BTC at 21166.98
2025-12-03 15:00:06,768 - INFO - HedgeFund - Exiting position: P&L = -4.10 (-0.42%)
2025-12-03 15:00:06,768 - INFO - HedgeFund - Entering long position: 0.046398 BTC at 21227.06
2025-12-03 15:00:06,768 - INFO - HedgeFund - Exiting position: P&L = -6.17 (-0.63%)
2025-12-03 15:00:06,768 - INFO - HedgeFund - Entering long position: 0.046266 BTC at 21274.53
2025-12-03 15:00:06,768 - INFO - HedgeFund - Exiting position: P&L = 5.66 (0.58%)
2025-12-03 15:00:06,768 - INFO - HedgeFund - Entering long position: 0.046024 BTC at 21398.72
2025-12-03 15:00:06,768 - INFO - HedgeFund - Exiting position: P&L = -2.02 (-0.20%)
2025-12-03 15:00:06,768 - INFO - HedgeFund - Entering long position: 0.045817 BTC at 21490.97
2025-12-03 15:00:06,768 - INFO - HedgeFund - Exiting position: P&L = 2.37 (0.24%)
2025-12-03 15:00:06,768 - INFO - HedgeFund - Entering long position: 0.045329 BTC at 21727.56
2025-12-03 15:00:06,768 - INFO - HedgeFund - Exiting position: P&L = 7.98 (0.81%)
2025-12-03 15:00:06,769 - INFO - HedgeFund - Entering long position: 0.045329 BTC at 21744.89
2025-12-03 15:00:06,769 - INFO - HedgeFund - Exiting position: P&L = -10.75 (-1.09%)
2025-12-03 15:00:06,769 - INFO - HedgeFund - Entering long position: 0.047438 BTC at 20755.72
2025-12-03 15:00:06,769 - INFO - HedgeFund - Exiting position: P&L = -3.77 (-0.38%)
2025-12-03 15:00:06,769 - INFO - HedgeFund - Entering long position: 0.047876 BTC at 20557.78
2025-12-03 15:00:06,769 - INFO - HedgeFund - Exiting position: P&L = -6.23 (-0.63%)
2025-12-03 15:00:06,769 - INFO - HedgeFund - Entering long position: 0.048776 BTC at 20165.92
2025-12-03 15:00:06,769 - INFO - HedgeFund - Exiting position: P&L = 10.06 (1.02%)
2025-12-03 15:00:06,769 - INFO - HedgeFund - Entering long position: 0.048429 BTC at 20331.05
2025-12-03 15:00:06,769 - INFO - HedgeFund - Exiting position: P&L = -4.65 (-0.47%)
2025-12-03 15:00:06,769 - INFO - HedgeFund - Entering long position: 0.048649 BTC at 20229.64
2025-12-03 15:00:06,769 - INFO - HedgeFund - Exiting position: P&L = -3.65 (-0.37%)
2025-12-03 15:00:06,769 - INFO - HedgeFund - Entering long position: 0.047989 BTC at 20500.25
2025-12-03 15:00:06,770 - INFO - HedgeFund - Exiting position: P&L = 37.72 (3.83%)
2025-12-03 15:00:06,770 - INFO - HedgeFund - Entering long position: 0.045572 BTC at 21670.13
2025-12-03 15:00:06,770 - INFO - HedgeFund - Exiting position: P&L = -18.36 (-1.86%)
2025-12-03 15:00:06,770 - INFO - HedgeFund - Entering long position: 0.045886 BTC at 21481.99
2025-12-03 15:00:06,771 - INFO - HedgeFund - Exiting position: P&L = -6.00 (-0.61%)
2025-12-03 15:00:06,771 - INFO - HedgeFund - Entering long position: 0.045649 BTC at 21580.19
2025-12-03 15:00:06,771 - INFO - HedgeFund - Exiting position: P&L = -9.37 (-0.95%)
2025-12-03 15:00:06,771 - INFO - HedgeFund - Entering long position: 0.045763 BTC at 21506.16
2025-12-03 15:00:06,772 - INFO - HedgeFund - Exiting position: P&L = -4.23 (-0.43%)
2025-12-03 15:00:06,772 - INFO - HedgeFund - Entering long position: 0.045519 BTC at 21612.18
2025-12-03 15:00:06,772 - INFO - HedgeFund - Exiting position: P&L = -10.15 (-1.03%)
2025-12-03 15:00:06,772 - INFO - HedgeFund - Entering long position: 0.044864 BTC at 21904.94
2025-12-03 15:00:06,772 - INFO - HedgeFund - Exiting position: P&L = -13.32 (-1.36%)
2025-12-03 15:00:06,772 - INFO - HedgeFund - Entering long position: 0.045291 BTC at 21668.89
2025-12-03 15:00:06,772 - INFO - HedgeFund - Exiting position: P&L = -2.93 (-0.30%)
2025-12-03 15:00:06,773 - INFO - HedgeFund - Entering long position: 0.045334 BTC at 21641.75
2025-12-03 15:00:06,773 - INFO - HedgeFund - Exiting position: P&L = -9.43 (-0.96%)
2025-12-03 15:00:06,773 - INFO - HedgeFund - Entering long position: 0.046349 BTC at 21147.53
2025-12-03 15:00:06,773 - INFO - HedgeFund - Exiting position: P&L = 3.98 (0.41%)
2025-12-03 15:00:06,773 - INFO - HedgeFund - Entering long position: 0.045719 BTC at 21447.90
2025-12-03 15:00:06,773 - INFO - HedgeFund - Exiting position: P&L = 29.27 (2.99%)
2025-12-03 15:00:06,773 - INFO - HedgeFund - Entering long position: 0.044733 BTC at 21985.89
2025-12-03 15:00:06,773 - INFO - HedgeFund - Exiting position: P&L = -2.66 (-0.27%)
2025-12-03 15:00:06,773 - INFO - HedgeFund - Entering long position: 0.048279 BTC at 20365.82
2025-12-03 15:00:06,774 - INFO - HedgeFund - Exiting position: P&L = 17.63 (1.79%)
2025-12-03 15:00:06,774 - INFO - HedgeFund - Entering long position: 0.046619 BTC at 21128.83
2025-12-03 15:00:06,774 - INFO - HedgeFund - Exiting position: P&L = -19.86 (-2.02%)
2025-12-03 15:00:06,774 - INFO - HedgeFund - Entering long position: 0.047179 BTC at 20835.82
2025-12-03 15:00:06,775 - INFO - HedgeFund - Exiting position: P&L = 9.09 (0.92%)
2025-12-03 15:00:06,775 - INFO - HedgeFund - Entering long position: 0.046645 BTC at 21093.99
2025-12-03 15:00:06,775 - INFO - HedgeFund - Exiting position: P&L = -7.32 (-0.74%)
2025-12-03 15:00:06,776 - INFO - HedgeFund - Entering long position: 0.049790 BTC at 19746.62
2025-12-03 15:00:06,776 - INFO - HedgeFund - Exiting position: P&L = 8.60 (0.87%)
2025-12-03 15:00:06,776 - INFO - HedgeFund - Entering long position: 0.049154 BTC at 20019.70
2025-12-03 15:00:06,776 - INFO - HedgeFund - Exiting position: P&L = -6.00 (-0.61%)
2025-12-03 15:00:06,776 - INFO - HedgeFund - Entering long position: 0.048530 BTC at 20264.76
2025-12-03 15:00:06,777 - INFO - HedgeFund - Exiting position: P&L = -13.59 (-1.38%)
2025-12-03 15:00:06,777 - INFO - HedgeFund - Entering long position: 0.048587 BTC at 20213.00
2025-12-03 15:00:06,777 - INFO - HedgeFund - Exiting position: P&L = 55.57 (5.66%)
2025-12-03 15:00:06,777 - INFO - HedgeFund - Entering long position: 0.049541 BTC at 19935.85
2025-12-03 15:00:06,777 - INFO - HedgeFund - Exiting position: P&L = 26.67 (2.70%)
2025-12-03 15:00:06,777 - INFO - HedgeFund - Entering long position: 0.048215 BTC at 20539.44
2025-12-03 15:00:06,777 - INFO - HedgeFund - Exiting position: P&L = 22.87 (2.31%)
2025-12-03 15:00:06,777 - INFO - HedgeFund - Entering long position: 0.046623 BTC at 21289.81
2025-12-03 15:00:06,777 - INFO - HedgeFund - Exiting position: P&L = -16.55 (-1.67%)
2025-12-03 15:00:06,777 - INFO - HedgeFund - Entering long position: 0.046685 BTC at 21226.08
2025-12-03 15:00:06,778 - INFO - HedgeFund - Exiting position: P&L = 25.84 (2.61%)
2025-12-03 15:00:06,778 - INFO - HedgeFund - Entering long position: 0.045172 BTC at 21994.25
2025-12-03 15:00:06,778 - INFO - HedgeFund - Exiting position: P&L = -7.39 (-0.74%)
2025-12-03 15:00:06,778 - INFO - HedgeFund - Entering long position: 0.046703 BTC at 21257.44
2025-12-03 15:00:06,778 - INFO - HedgeFund - Exiting position: P&L = -16.39 (-1.65%)
2025-12-03 15:00:06,778 - INFO - HedgeFund - Entering long position: 0.047015 BTC at 21081.39
2025-12-03 15:00:06,778 - INFO - HedgeFund - Exiting position: P&L = -5.75 (-0.58%)
2025-12-03 15:00:06,778 - INFO - HedgeFund - Entering long position: 0.046312 BTC at 21388.94
2025-12-03 15:00:06,778 - INFO - HedgeFund - Exiting position: P&L = 11.17 (1.13%)
2025-12-03 15:00:06,778 - INFO - HedgeFund - Entering long position: 0.047346 BTC at 20945.77
2025-12-03 15:00:06,778 - INFO - HedgeFund - Exiting position: P&L = -4.23 (-0.43%)
2025-12-03 15:00:06,778 - INFO - HedgeFund - Entering long position: 0.046979 BTC at 21100.43
2025-12-03 15:00:06,778 - INFO - HedgeFund - Exiting position: P&L = -14.14 (-1.43%)
2025-12-03 15:00:06,778 - INFO - HedgeFund - Entering long position: 0.046699 BTC at 21196.70
2025-12-03 15:00:06,779 - INFO - HedgeFund - Exiting position: P&L = -11.80 (-1.19%)
2025-12-03 15:00:06,779 - INFO - HedgeFund - Entering long position: 0.047249 BTC at 20924.59
2025-12-03 15:00:06,779 - INFO - HedgeFund - Exiting position: P&L = -16.21 (-1.64%)
2025-12-03 15:00:06,779 - INFO - HedgeFund - Entering long position: 0.047794 BTC at 20652.07
2025-12-03 15:00:06,779 - INFO - HedgeFund - Exiting position: P&L = 6.59 (0.67%)
2025-12-03 15:00:06,779 - INFO - HedgeFund - Entering long position: 0.046653 BTC at 21171.38
2025-12-03 15:00:06,779 - INFO - HedgeFund - Exiting position: P&L = -10.42 (-1.05%)
2025-12-03 15:00:06,779 - INFO - HedgeFund - Entering long position: 0.049617 BTC at 19885.95
2025-12-03 15:00:06,779 - INFO - HedgeFund - Exiting position: P&L = -8.50 (-0.86%)
2025-12-03 15:00:06,779 - INFO - HedgeFund - Entering long position: 0.049990 BTC at 19720.21
2025-12-03 15:00:06,779 - INFO - HedgeFund - Exiting position: P&L = -10.97 (-1.11%)
2025-12-03 15:00:06,779 - INFO - HedgeFund - Entering long position: 0.050437 BTC at 19523.70
2025-12-03 15:00:06,779 - INFO - HedgeFund - Exiting position: P&L = -4.20 (-0.43%)
2025-12-03 15:00:06,780 - INFO - HedgeFund - Entering long position: 0.050763 BTC at 19390.25
2025-12-03 15:00:06,780 - INFO - HedgeFund - Exiting position: P&L = 4.86 (0.49%)
2025-12-03 15:00:06,780 - INFO - HedgeFund - Entering long position: 0.052377 BTC at 18801.96
2025-12-03 15:00:06,780 - INFO - HedgeFund - Exiting position: P&L = 40.43 (4.11%)
2025-12-03 15:00:06,780 - INFO - HedgeFund - Entering long position: 0.049744 BTC at 19878.48
2025-12-03 15:00:06,780 - INFO - HedgeFund - Exiting position: P&L = 42.62 (4.31%)
2025-12-03 15:00:06,780 - INFO - HedgeFund - Entering long position: 0.051072 BTC at 19445.16
2025-12-03 15:00:06,780 - INFO - HedgeFund - Exiting position: P&L = 0.01 (0.00%)
2025-12-03 15:00:06,780 - INFO - HedgeFund - Entering long position: 0.050838 BTC at 19534.43
2025-12-03 15:00:06,780 - INFO - HedgeFund - Exiting position: P&L = 15.93 (1.60%)
2025-12-03 15:00:06,780 - INFO - HedgeFund - Entering long position: 0.050157 BTC at 19831.52
2025-12-03 15:00:06,781 - INFO - HedgeFund - Exiting position: P&L = 18.91 (1.90%)
2025-12-03 15:00:06,781 - INFO - HedgeFund - Entering long position: 0.052760 BTC at 18889.02
2025-12-03 15:00:06,781 - INFO - HedgeFund - Exiting position: P&L = -11.65 (-1.17%)
2025-12-03 15:00:06,781 - INFO - HedgeFund - Entering long position: 0.053086 BTC at 18750.96
2025-12-03 15:00:06,781 - INFO - HedgeFund - Exiting position: P&L = 10.86 (1.09%)
2025-12-03 15:00:06,781 - INFO - HedgeFund - Entering long position: 0.051965 BTC at 19176.29
2025-12-03 15:00:06,781 - INFO - HedgeFund - Exiting position: P&L = -14.97 (-1.50%)
2025-12-03 15:00:06,781 - INFO - HedgeFund - Entering long position: 0.052941 BTC at 18794.77
2025-12-03 15:00:06,781 - INFO - HedgeFund - Exiting position: P&L = -5.79 (-0.58%)
2025-12-03 15:00:06,781 - INFO - HedgeFund - Entering long position: 0.052684 BTC at 18875.37
2025-12-03 15:00:06,781 - INFO - HedgeFund - Exiting position: P&L = 10.85 (1.09%)
2025-12-03 15:00:06,781 - INFO - HedgeFund - Entering long position: 0.052238 BTC at 19057.26
2025-12-03 15:00:06,781 - INFO - HedgeFund - Exiting position: P&L = 18.36 (1.84%)
2025-12-03 15:00:06,781 - INFO - HedgeFund - Entering long position: 0.051039 BTC at 19540.76
2025-12-03 15:00:06,782 - INFO - HedgeFund - Exiting position: P&L = -11.15 (-1.12%)
2025-12-03 15:00:06,782 - INFO - HedgeFund - Entering long position: 0.051182 BTC at 19464.60
2025-12-03 15:00:06,782 - INFO - HedgeFund - Exiting position: P&L = 2.99 (0.30%)
2025-12-03 15:00:06,782 - INFO - HedgeFund - Entering long position: 0.050304 BTC at 19810.06
2025-12-03 15:00:06,782 - INFO - HedgeFund - Exiting position: P&L = 6.86 (0.69%)
2025-12-03 15:00:06,782 - INFO - HedgeFund - Entering long position: 0.049875 BTC at 19994.39
2025-12-03 15:00:06,782 - INFO - HedgeFund - Exiting position: P&L = -14.03 (-1.41%)
2025-12-03 15:00:06,782 - INFO - HedgeFund - Entering long position: 0.050895 BTC at 19566.05
2025-12-03 15:00:06,782 - INFO - HedgeFund - Exiting position: P&L = -1.34 (-0.13%)
2025-12-03 15:00:06,782 - INFO - HedgeFund - Entering long position: 0.050490 BTC at 19720.33
2025-12-03 15:00:06,782 - INFO - HedgeFund - Exiting position: P&L = 5.68 (0.57%)
2025-12-03 15:00:06,782 - INFO - HedgeFund - Entering long position: 0.050802 BTC at 19610.62
2025-12-03 15:00:06,782 - INFO - HedgeFund - Exiting position: P&L = -12.03 (-1.21%)
2025-12-03 15:00:06,782 - INFO - HedgeFund - Entering long position: 0.050083 BTC at 19868.01
2025-12-03 15:00:06,782 - INFO - HedgeFund - Exiting position: P&L = -22.24 (-2.24%)
2025-12-03 15:00:06,783 - INFO - HedgeFund - Entering long position: 0.052896 BTC at 18769.32
2025-12-03 15:00:06,783 - INFO - HedgeFund - Exiting position: P&L = 5.13 (0.52%)
2025-12-03 15:00:06,783 - INFO - HedgeFund - Entering long position: 0.055151 BTC at 18011.09
2025-12-03 15:00:06,783 - INFO - HedgeFund - Exiting position: P&L = -2.59 (-0.26%)
2025-12-03 15:00:06,783 - INFO - HedgeFund - Entering long position: 0.057032 BTC at 17412.64
2025-12-03 15:00:06,783 - INFO - HedgeFund - Exiting position: P&L = 8.51 (0.86%)
2025-12-03 15:00:06,783 - INFO - HedgeFund - Entering long position: 0.055746 BTC at 17829.72
2025-12-03 15:00:06,783 - INFO - HedgeFund - Exiting position: P&L = -13.25 (-1.33%)
2025-12-03 15:00:06,784 - INFO - HedgeFund - Entering long position: 0.056444 BTC at 17585.57
2025-12-03 15:00:06,784 - INFO - HedgeFund - Exiting position: P&L = 8.16 (0.82%)
2025-12-03 15:00:06,785 - INFO - HedgeFund - Entering long position: 0.055858 BTC at 17784.68
2025-12-03 15:00:06,785 - INFO - HedgeFund - Exiting position: P&L = -12.85 (-1.29%)
2025-12-03 15:00:06,785 - INFO - HedgeFund - Entering long position: 0.055865 BTC at 17759.55
2025-12-03 15:00:06,785 - INFO - HedgeFund - Exiting position: P&L = 7.72 (0.78%)
2025-12-03 15:00:06,785 - INFO - HedgeFund - Entering long position: 0.055503 BTC at 17889.06
2025-12-03 15:00:06,786 - INFO - HedgeFund - Exiting position: P&L = -7.68 (-0.77%)
2025-12-03 15:00:06,786 - INFO - HedgeFund - Entering long position: 0.058275 BTC at 17025.11
2025-12-03 15:00:06,786 - INFO - HedgeFund - Exiting position: P&L = -26.88 (-2.71%)
2025-12-03 15:00:06,786 - INFO - HedgeFund - Entering long position: 0.058798 BTC at 16828.04
2025-12-03 15:00:06,786 - INFO - HedgeFund - Exiting position: P&L = -2.65 (-0.27%)
2025-12-03 15:00:06,786 - INFO - HedgeFund - Entering long position: 0.058353 BTC at 16951.65
2025-12-03 15:00:06,786 - INFO - HedgeFund - Exiting position: P&L = 5.29 (0.54%)
2025-12-03 15:00:06,786 - INFO - HedgeFund - Entering long position: 0.058169 BTC at 17014.52
2025-12-03 15:00:06,787 - INFO - HedgeFund - Exiting position: P&L = -4.13 (-0.42%)
2025-12-03 15:00:06,787 - INFO - HedgeFund - Entering long position: 0.060035 BTC at 16478.60
2025-12-03 15:00:06,787 - INFO - HedgeFund - Exiting position: P&L = -17.56 (-1.77%)
2025-12-03 15:00:06,787 - INFO - HedgeFund - Entering long position: 0.060103 BTC at 16430.82
2025-12-03 15:00:06,787 - INFO - HedgeFund - Exiting position: P&L = 20.18 (2.04%)
2025-12-03 15:00:06,787 - INFO - HedgeFund - Entering long position: 0.058634 BTC at 16876.93
2025-12-03 15:00:06,787 - INFO - HedgeFund - Exiting position: P&L = -2.35 (-0.24%)
2025-12-03 15:00:06,787 - INFO - HedgeFund - Entering long position: 0.057748 BTC at 17131.73
2025-12-03 15:00:06,787 - INFO - HedgeFund - Exiting position: P&L = -16.23 (-1.64%)
2025-12-03 15:00:06,787 - INFO - HedgeFund - Entering long position: 0.059086 BTC at 16716.47
2025-12-03 15:00:06,788 - INFO - HedgeFund - Exiting position: P&L = -1.96 (-0.20%)
2025-12-03 15:00:06,788 - INFO - HedgeFund - Entering long position: 0.059027 BTC at 16729.64
2025-12-03 15:00:06,788 - INFO - HedgeFund - Exiting position: P&L = -12.12 (-1.23%)
2025-12-03 15:00:06,788 - INFO - HedgeFund - Entering long position: 0.059284 BTC at 16636.84
2025-12-03 15:00:06,788 - INFO - HedgeFund - Exiting position: P&L = -8.63 (-0.87%)
2025-12-03 15:00:06,788 - INFO - HedgeFund - Entering long position: 0.060114 BTC at 16392.75
2025-12-03 15:00:06,788 - INFO - HedgeFund - Exiting position: P&L = 13.08 (1.33%)
2025-12-03 15:00:06,788 - INFO - HedgeFund - Entering long position: 0.059167 BTC at 16677.21
2025-12-03 15:00:06,788 - INFO - HedgeFund - Exiting position: P&L = -17.93 (-1.82%)
2025-12-03 15:00:06,788 - INFO - HedgeFund - Entering long position: 0.059439 BTC at 16570.63
2025-12-03 15:00:06,789 - INFO - HedgeFund - Exiting position: P&L = 17.12 (1.74%)
2025-12-03 15:00:06,789 - INFO - HedgeFund - Entering long position: 0.058084 BTC at 16986.80
2025-12-03 15:00:06,789 - INFO - HedgeFund - Exiting position: P&L = 7.69 (0.78%)
2025-12-03 15:00:06,789 - INFO - HedgeFund - Entering long position: 0.056973 BTC at 17331.44
2025-12-03 15:00:06,789 - INFO - HedgeFund - Exiting position: P&L = -17.01 (-1.72%)
2025-12-03 15:00:06,789 - INFO - HedgeFund - Entering long position: 0.056806 BTC at 17352.64
2025-12-03 15:00:06,789 - INFO - HedgeFund - Exiting position: P&L = -14.94 (-1.52%)
2025-12-03 15:00:06,789 - INFO - HedgeFund - Entering long position: 0.056517 BTC at 17414.71
2025-12-03 15:00:06,789 - INFO - HedgeFund - Exiting position: P&L = -3.15 (-0.32%)
2025-12-03 15:00:06,789 - INFO - HedgeFund - Entering long position: 0.056248 BTC at 17492.52
2025-12-03 15:00:06,790 - INFO - HedgeFund - Exiting position: P&L = -11.43 (-1.16%)
2025-12-03 15:00:06,790 - INFO - HedgeFund - Entering long position: 0.056202 BTC at 17486.46
2025-12-03 15:00:06,790 - INFO - HedgeFund - Exiting position: P&L = -4.83 (-0.49%)
2025-12-03 15:00:06,790 - INFO - HedgeFund - Entering long position: 0.056215 BTC at 17473.76
2025-12-03 15:00:06,790 - INFO - HedgeFund - Exiting position: P&L = -15.04 (-1.53%)
2025-12-03 15:00:06,790 - INFO - HedgeFund - Entering long position: 0.055888 BTC at 17549.16
2025-12-03 15:00:06,790 - INFO - HedgeFund - Exiting position: P&L = 49.52 (5.05%)
2025-12-03 15:00:06,790 - INFO - HedgeFund - Entering long position: 0.053252 BTC at 18510.90
2025-12-03 15:00:06,790 - INFO - HedgeFund - Exiting position: P&L = 27.74 (2.81%)
2025-12-03 15:00:06,791 - INFO - HedgeFund - Entering long position: 0.051300 BTC at 19269.41
2025-12-03 15:00:06,791 - INFO - HedgeFund - Exiting position: P&L = -2.12 (-0.21%)
2025-12-03 15:00:06,791 - INFO - HedgeFund - Entering long position: 0.051261 BTC at 19279.77
2025-12-03 15:00:06,791 - INFO - HedgeFund - Exiting position: P&L = 21.41 (2.17%)
2025-12-03 15:00:06,791 - INFO - HedgeFund - Entering long position: 0.049891 BTC at 19851.99
2025-12-03 15:00:06,791 - INFO - HedgeFund - Exiting position: P&L = -4.02 (-0.41%)
2025-12-03 15:00:06,791 - INFO - HedgeFund - Entering long position: 0.050934 BTC at 19437.66
2025-12-03 15:00:06,792 - INFO - HedgeFund - Exiting position: P&L = 3.30 (0.33%)
2025-12-03 15:00:06,792 - INFO - HedgeFund - Entering long position: 0.050725 BTC at 19524.51
2025-12-03 15:00:06,792 - INFO - HedgeFund - Exiting position: P&L = -3.14 (-0.32%)
2025-12-03 15:00:06,792 - INFO - HedgeFund - Entering long position: 0.052076 BTC at 19011.78
2025-12-03 15:00:06,792 - INFO - HedgeFund - Exiting position: P&L = -12.40 (-1.25%)
2025-12-03 15:00:06,792 - INFO - HedgeFund - Entering long position: 0.052421 BTC at 18863.12
2025-12-03 15:00:06,792 - INFO - HedgeFund - Exiting position: P&L = 0.77 (0.08%)
2025-12-03 15:00:06,792 - INFO - HedgeFund - Entering long position: 0.052064 BTC at 18993.98
2025-12-03 15:00:06,792 - INFO - HedgeFund - Exiting position: P&L = -15.67 (-1.58%)
2025-12-03 15:00:06,792 - INFO - HedgeFund - Entering long position: 0.052266 BTC at 18890.36
2025-12-03 15:00:06,793 - INFO - HedgeFund - Exiting position: P&L = 11.66 (1.18%)
2025-12-03 15:00:06,793 - INFO - HedgeFund - Entering long position: 0.051311 BTC at 19264.89
2025-12-03 15:00:06,793 - INFO - HedgeFund - Exiting position: P&L = -8.74 (-0.88%)
2025-12-03 15:00:06,793 - INFO - HedgeFund - Entering long position: 0.051240 BTC at 19274.24
2025-12-03 15:00:06,793 - INFO - HedgeFund - Exiting position: P&L = -7.66 (-0.78%)
2025-12-03 15:00:06,793 - INFO - HedgeFund - Entering long position: 0.050769 BTC at 19437.96
2025-12-03 15:00:06,793 - INFO - HedgeFund - Exiting position: P&L = -4.69 (-0.48%)
2025-12-03 15:00:06,793 - INFO - HedgeFund - Entering long position: 0.052685 BTC at 18722.47
2025-12-03 15:00:06,793 - INFO - HedgeFund - Exiting position: P&L = -7.14 (-0.72%)
2025-12-03 15:00:06,794 - INFO - HedgeFund - Entering long position: 0.052129 BTC at 18908.47
2025-12-03 15:00:06,794 - INFO - HedgeFund - Exiting position: P&L = -18.85 (-1.91%)
2025-12-03 15:00:06,794 - INFO - HedgeFund - Entering long position: 0.052570 BTC at 18713.99
2025-12-03 15:00:06,794 - INFO - HedgeFund - Exiting position: P&L = -8.40 (-0.85%)
2025-12-03 15:00:06,794 - INFO - HedgeFund - Entering long position: 0.052545 BTC at 18706.77
2025-12-03 15:00:06,794 - INFO - HedgeFund - Exiting position: P&L = -4.73 (-0.48%)
2025-12-03 15:00:06,794 - INFO - HedgeFund - Entering long position: 0.053363 BTC at 18411.22
2025-12-03 15:00:06,794 - INFO - HedgeFund - Exiting position: P&L = -10.98 (-1.12%)
2025-12-03 15:00:06,794 - INFO - HedgeFund - Entering long position: 0.053325 BTC at 18403.84
2025-12-03 15:00:06,794 - INFO - HedgeFund - Exiting position: P&L = -12.49 (-1.27%)
2025-12-03 15:00:06,794 - INFO - HedgeFund - Entering long position: 0.052588 BTC at 18637.98
2025-12-03 15:00:06,795 - INFO - HedgeFund - Exiting position: P&L = -3.60 (-0.37%)
2025-12-03 15:00:06,795 - INFO - HedgeFund - Entering long position: 0.052848 BTC at 18539.44
2025-12-03 15:00:06,795 - INFO - HedgeFund - Exiting position: P&L = -12.08 (-1.23%)
2025-12-03 15:00:06,795 - INFO - HedgeFund - Entering long position: 0.053164 BTC at 18406.46
2025-12-03 15:00:06,795 - INFO - HedgeFund - Exiting position: P&L = 30.99 (3.17%)
2025-12-03 15:00:06,795 - INFO - HedgeFund - Entering long position: 0.052679 BTC at 18634.61
2025-12-03 15:00:06,795 - INFO - HedgeFund - Exiting position: P&L = -15.53 (-1.58%)
2025-12-03 15:00:06,795 - INFO - HedgeFund - Entering long position: 0.052940 BTC at 18513.41
2025-12-03 15:00:06,795 - INFO - HedgeFund - Exiting position: P&L = -14.99 (-1.53%)
2025-12-03 15:00:06,795 - INFO - HedgeFund - Entering long position: 0.054254 BTC at 18037.53
2025-12-03 15:00:06,795 - INFO - HedgeFund - Exiting position: P&L = -5.02 (-0.51%)
2025-12-03 15:00:06,796 - INFO - HedgeFund - Entering long position: 0.054961 BTC at 17796.48
2025-12-03 15:00:06,796 - INFO - HedgeFund - Exiting position: P&L = -27.86 (-2.85%)
2025-12-03 15:00:06,796 - INFO - HedgeFund - Entering long position: 0.055464 BTC at 17584.64
2025-12-03 15:00:06,796 - INFO - HedgeFund - Exiting position: P&L = 35.34 (3.62%)
2025-12-03 15:00:06,796 - INFO - HedgeFund - Entering long position: 0.053098 BTC at 18434.90
2025-12-03 15:00:06,796 - INFO - HedgeFund - Exiting position: P&L = 0.82 (0.08%)
2025-12-03 15:00:06,796 - INFO - HedgeFund - Entering long position: 0.052429 BTC at 18671.71
2025-12-03 15:00:06,796 - INFO - HedgeFund - Exiting position: P&L = -29.56 (-3.02%)
2025-12-03 15:00:06,796 - INFO - HedgeFund - Entering long position: 0.054265 BTC at 17985.44
2025-12-03 15:00:06,797 - INFO - HedgeFund - Exiting position: P&L = -1.04 (-0.11%)
2025-12-03 15:00:06,797 - INFO - HedgeFund - Entering long position: 0.053973 BTC at 18080.90
2025-12-03 15:00:06,797 - INFO - HedgeFund - Exiting position: P&L = -10.56 (-1.08%)
2025-12-03 15:00:06,797 - INFO - HedgeFund - Entering long position: 0.053816 BTC at 18114.00
2025-12-03 15:00:06,797 - INFO - HedgeFund - Exiting position: P&L = 0.65 (0.07%)
2025-12-03 15:00:06,797 - INFO - HedgeFund - Entering long position: 0.053772 BTC at 18129.89
2025-12-03 15:00:06,797 - INFO - HedgeFund - Exiting position: P&L = -16.40 (-1.68%)
2025-12-03 15:00:06,797 - INFO - HedgeFund - Entering long position: 0.054804 BTC at 17758.57
2025-12-03 15:00:06,797 - INFO - HedgeFund - Exiting position: P&L = 0.64 (0.07%)
2025-12-03 15:00:06,797 - INFO - HedgeFund - Entering long position: 0.054795 BTC at 17762.59
2025-12-03 15:00:06,798 - INFO - HedgeFund - Exiting position: P&L = 13.06 (1.34%)
2025-12-03 15:00:06,798 - INFO - HedgeFund - Entering long position: 0.055145 BTC at 17673.75
2025-12-03 15:00:06,798 - INFO - HedgeFund - Exiting position: P&L = -1.54 (-0.16%)
2025-12-03 15:00:06,798 - INFO - HedgeFund - Entering long position: 0.055686 BTC at 17499.06
2025-12-03 15:00:06,798 - INFO - HedgeFund - Exiting position: P&L = -5.82 (-0.60%)
2025-12-03 15:00:06,798 - INFO - HedgeFund - Entering long position: 0.055880 BTC at 17428.06
2025-12-03 15:00:06,798 - INFO - HedgeFund - Exiting position: P&L = -12.70 (-1.30%)
2025-12-03 15:00:06,798 - INFO - HedgeFund - Entering long position: 0.059031 BTC at 16476.18
2025-12-03 15:00:06,799 - INFO - HedgeFund - Exiting position: P&L = 12.86 (1.32%)
2025-12-03 15:00:06,799 - INFO - HedgeFund - Entering long position: 0.057935 BTC at 16810.01
2025-12-03 15:00:06,799 - INFO - HedgeFund - Exiting position: P&L = -9.18 (-0.94%)
2025-12-03 15:00:06,799 - INFO - HedgeFund - Entering long position: 0.058254 BTC at 16702.32
2025-12-03 15:00:06,799 - INFO - HedgeFund - Exiting position: P&L = 5.57 (0.57%)
2025-12-03 15:00:06,799 - INFO - HedgeFund - Entering long position: 0.057273 BTC at 16997.98
2025-12-03 15:00:06,799 - INFO - HedgeFund - Exiting position: P&L = -15.99 (-1.64%)
2025-12-03 15:00:06,799 - INFO - HedgeFund - Entering long position: 0.058431 BTC at 16633.96
2025-12-03 15:00:06,799 - INFO - HedgeFund - Exiting position: P&L = -13.10 (-1.35%)
2025-12-03 15:00:06,799 - INFO - HedgeFund - Entering long position: 0.058276 BTC at 16655.74
2025-12-03 15:00:06,799 - INFO - HedgeFund - Exiting position: P&L = -6.88 (-0.71%)
2025-12-03 15:00:06,800 - INFO - HedgeFund - Entering long position: 0.057654 BTC at 16823.29
2025-12-03 15:00:06,800 - INFO - HedgeFund - Exiting position: P&L = 18.29 (1.89%)
2025-12-03 15:00:06,800 - INFO - HedgeFund - Entering long position: 0.057642 BTC at 16858.53
2025-12-03 15:00:06,800 - INFO - HedgeFund - Exiting position: P&L = 2.78 (0.29%)
2025-12-03 15:00:06,800 - INFO - HedgeFund - Entering long position: 0.057158 BTC at 17006.30
2025-12-03 15:00:06,800 - INFO - HedgeFund - Exiting position: P&L = -6.00 (-0.62%)
2025-12-03 15:00:06,800 - INFO - HedgeFund - Entering long position: 0.056690 BTC at 17136.06
2025-12-03 15:00:06,800 - INFO - HedgeFund - Exiting position: P&L = -14.29 (-1.47%)
2025-12-03 15:00:06,800 - INFO - HedgeFund - Entering long position: 0.057077 BTC at 16994.85
2025-12-03 15:00:06,801 - INFO - HedgeFund - Exiting position: P&L = -3.14 (-0.32%)
2025-12-03 15:00:06,801 - INFO - HedgeFund - Entering long position: 0.059495 BTC at 16298.95
2025-12-03 15:00:06,801 - INFO - HedgeFund - Exiting position: P&L = -1.44 (-0.15%)
2025-12-03 15:00:06,801 - INFO - HedgeFund - Entering long position: 0.058925 BTC at 16454.10
2025-12-03 15:00:06,801 - INFO - HedgeFund - Exiting position: P&L = 23.49 (2.42%)
2025-12-03 15:00:06,801 - INFO - HedgeFund - Entering long position: 0.058065 BTC at 16738.13
2025-12-03 15:00:06,801 - INFO - HedgeFund - Exiting position: P&L = 15.39 (1.58%)
2025-12-03 15:00:06,801 - INFO - HedgeFund - Entering long position: 0.057739 BTC at 16859.43
2025-12-03 15:00:06,801 - INFO - HedgeFund - Exiting position: P&L = 9.82 (1.01%)
2025-12-03 15:00:06,801 - INFO - HedgeFund - Entering long position: 0.056037 BTC at 17389.03
2025-12-03 15:00:06,802 - INFO - HedgeFund - Exiting position: P&L = 42.54 (4.37%)
2025-12-03 15:00:06,802 - INFO - HedgeFund - Entering long position: 0.052826 BTC at 18526.34
2025-12-03 15:00:06,802 - INFO - HedgeFund - Exiting position: P&L = 4.35 (0.44%)
2025-12-03 15:00:06,802 - INFO - HedgeFund - Entering long position: 0.053567 BTC at 18278.24
2025-12-03 15:00:06,802 - INFO - HedgeFund - Exiting position: P&L = -18.02 (-1.84%)
2025-12-03 15:00:06,802 - INFO - HedgeFund - Entering long position: 0.054171 BTC at 18041.19
2025-12-03 15:00:06,802 - INFO - HedgeFund - Exiting position: P&L = -15.93 (-1.63%)
2025-12-03 15:00:06,802 - INFO - HedgeFund - Entering long position: 0.054683 BTC at 17843.34
2025-12-03 15:00:06,803 - INFO - HedgeFund - Exiting position: P&L = -2.46 (-0.25%)
2025-12-03 15:00:06,803 - INFO - HedgeFund - Entering long position: 0.054252 BTC at 17980.34
2025-12-03 15:00:06,803 - INFO - HedgeFund - Exiting position: P&L = -2.57 (-0.26%)
2025-12-03 15:00:06,803 - INFO - HedgeFund - Entering long position: 0.054280 BTC at 17966.42
2025-12-03 15:00:06,803 - INFO - HedgeFund - Exiting position: P&L = 13.61 (1.40%)
2025-12-03 15:00:06,803 - INFO - HedgeFund - Entering long position: 0.052969 BTC at 18436.80
2025-12-03 15:00:06,803 - INFO - HedgeFund - Exiting position: P&L = -18.81 (-1.93%)
2025-12-03 15:00:06,803 - INFO - HedgeFund - Entering long position: 0.053485 BTC at 18223.65
2025-12-03 15:00:06,803 - INFO - HedgeFund - Exiting position: P&L = -11.06 (-1.13%)
2025-12-03 15:00:06,803 - INFO - HedgeFund - Entering long position: 0.053297 BTC at 18267.14
2025-12-03 15:00:06,803 - INFO - HedgeFund - Exiting position: P&L = -2.05 (-0.21%)
2025-12-03 15:00:06,803 - INFO - HedgeFund - Entering long position: 0.052608 BTC at 18502.79
2025-12-03 15:00:06,803 - INFO - HedgeFund - Exiting position: P&L = 39.21 (4.03%)
2025-12-03 15:00:06,803 - INFO - HedgeFund - Entering long position: 0.050105 BTC at 19505.14
2025-12-03 15:00:06,804 - INFO - HedgeFund - Exiting position: P&L = -3.50 (-0.36%)
2025-12-03 15:00:06,804 - INFO - HedgeFund - Entering long position: 0.049786 BTC at 19623.31
2025-12-03 15:00:06,804 - INFO - HedgeFund - Exiting position: P&L = -4.66 (-0.48%)
2025-12-03 15:00:06,804 - INFO - HedgeFund - Entering long position: 0.049151 BTC at 19867.23
2025-12-03 15:00:06,804 - INFO - HedgeFund - Exiting position: P&L = -2.72 (-0.28%)
2025-12-03 15:00:06,804 - INFO - HedgeFund - Entering long position: 0.049814 BTC at 19597.27
2025-12-03 15:00:06,804 - INFO - HedgeFund - Exiting position: P&L = -14.31 (-1.47%)
2025-12-03 15:00:06,804 - INFO - HedgeFund - Entering long position: 0.049950 BTC at 19515.32
2025-12-03 15:00:06,804 - INFO - HedgeFund - Exiting position: P&L = -14.96 (-1.53%)
2025-12-03 15:00:06,804 - INFO - HedgeFund - Entering long position: 0.050064 BTC at 19441.09
2025-12-03 15:00:06,804 - INFO - HedgeFund - Exiting position: P&L = -12.23 (-1.26%)
2025-12-03 15:00:06,804 - INFO - HedgeFund - Entering long position: 0.050525 BTC at 19239.20
2025-12-03 15:00:06,804 - INFO - HedgeFund - Exiting position: P&L = -1.21 (-0.12%)
2025-12-03 15:00:06,804 - INFO - HedgeFund - Entering long position: 0.050231 BTC at 19349.59
2025-12-03 15:00:06,804 - INFO - HedgeFund - Exiting position: P&L = 17.59 (1.81%)
2025-12-03 15:00:06,804 - INFO - HedgeFund - Entering long position: 0.049118 BTC at 19823.82
2025-12-03 15:00:06,805 - INFO - HedgeFund - Exiting position: P&L = 23.48 (2.41%)
2025-12-03 15:00:06,805 - INFO - HedgeFund - Entering long position: 0.047376 BTC at 20602.47
2025-12-03 15:00:06,805 - INFO - HedgeFund - Exiting position: P&L = -8.63 (-0.88%)
2025-12-03 15:00:06,805 - INFO - HedgeFund - Entering long position: 0.047217 BTC at 20653.56
2025-12-03 15:00:06,805 - INFO - HedgeFund - Exiting position: P&L = -15.59 (-1.60%)
2025-12-03 15:00:06,805 - INFO - HedgeFund - Entering long position: 0.047587 BTC at 20459.99
2025-12-03 15:00:06,805 - INFO - HedgeFund - Exiting position: P&L = 3.63 (0.37%)
2025-12-03 15:00:06,805 - INFO - HedgeFund - Entering long position: 0.046867 BTC at 20781.95
2025-12-03 15:00:06,805 - INFO - HedgeFund - Exiting position: P&L = -18.17 (-1.87%)
2025-12-03 15:00:06,805 - INFO - HedgeFund - Entering long position: 0.046689 BTC at 20822.34
2025-12-03 15:00:06,805 - INFO - HedgeFund - Exiting position: P&L = 6.46 (0.66%)
2025-12-03 15:00:06,805 - INFO - HedgeFund - Entering long position: 0.046508 BTC at 20917.57
2025-12-03 15:00:06,805 - INFO - HedgeFund - Exiting position: P&L = -15.24 (-1.57%)
2025-12-03 15:00:06,805 - INFO - HedgeFund - Entering long position: 0.046723 BTC at 20788.63
2025-12-03 15:00:06,805 - INFO - HedgeFund - Exiting position: P&L = -7.36 (-0.76%)
2025-12-03 15:00:06,805 - INFO - HedgeFund - Entering long position: 0.046433 BTC at 20902.70
2025-12-03 15:00:06,806 - INFO - HedgeFund - Exiting position: P&L = -14.73 (-1.52%)
2025-12-03 15:00:06,806 - INFO - HedgeFund - Entering long position: 0.047078 BTC at 20584.63
2025-12-03 15:00:06,806 - INFO - HedgeFund - Exiting position: P&L = -8.05 (-0.83%)
2025-12-03 15:00:06,806 - INFO - HedgeFund - Entering long position: 0.048604 BTC at 19921.79
2025-12-03 15:00:06,806 - INFO - HedgeFund - Exiting position: P&L = -13.94 (-1.44%)
2025-12-03 15:00:06,806 - INFO - HedgeFund - Entering long position: 0.050171 BTC at 19271.78
2025-12-03 15:00:06,806 - INFO - HedgeFund - Exiting position: P&L = -6.73 (-0.70%)
2025-12-03 15:00:06,806 - INFO - HedgeFund - Entering long position: 0.049965 BTC at 19337.79
2025-12-03 15:00:06,806 - INFO - HedgeFund - Exiting position: P&L = -0.91 (-0.09%)
2025-12-03 15:00:06,806 - INFO - HedgeFund - Entering long position: 0.049265 BTC at 19610.69
2025-12-03 15:00:06,806 - INFO - HedgeFund - Exiting position: P&L = 32.19 (3.33%)
2025-12-03 15:00:06,806 - INFO - HedgeFund - Entering long position: 0.049936 BTC at 19411.90
2025-12-03 15:00:06,806 - INFO - HedgeFund - Exiting position: P&L = -17.03 (-1.76%)
2025-12-03 15:00:06,806 - INFO - HedgeFund - Entering long position: 0.050696 BTC at 19087.16
2025-12-03 15:00:06,807 - INFO - HedgeFund - Exiting position: P&L = -24.78 (-2.56%)
2025-12-03 15:00:06,807 - INFO - HedgeFund - Entering long position: 0.053133 BTC at 18165.05
2025-12-03 15:00:06,807 - INFO - HedgeFund - Exiting position: P&L = 27.28 (2.83%)
2025-12-03 15:00:06,807 - INFO - HedgeFund - Entering long position: 0.051305 BTC at 18865.43
2025-12-03 15:00:06,807 - INFO - HedgeFund - Exiting position: P&L = -13.62 (-1.41%)
2025-12-03 15:00:06,807 - INFO - HedgeFund - Entering long position: 0.052845 BTC at 18289.91
2025-12-03 15:00:06,807 - INFO - HedgeFund - Exiting position: P&L = -20.60 (-2.13%)
2025-12-03 15:00:06,807 - INFO - HedgeFund - Entering long position: 0.053717 BTC at 17954.64
2025-12-03 15:00:06,807 - INFO - HedgeFund - Exiting position: P&L = -21.24 (-2.20%)
2025-12-03 15:00:06,807 - INFO - HedgeFund - Entering long position: 0.053548 BTC at 17971.59
2025-12-03 15:00:06,807 - INFO - HedgeFund - Exiting position: P&L = 14.31 (1.49%)
2025-12-03 15:00:06,808 - INFO - HedgeFund - Entering long position: 0.052176 BTC at 18471.68
2025-12-03 15:00:06,808 - INFO - HedgeFund - Exiting position: P&L = 26.65 (2.77%)
2025-12-03 15:00:06,808 - INFO - HedgeFund - Entering long position: 0.050326 BTC at 19203.85
2025-12-03 15:00:06,808 - INFO - HedgeFund - Exiting position: P&L = 0.49 (0.05%)
2025-12-03 15:00:06,808 - INFO - HedgeFund - Entering long position: 0.050300 BTC at 19214.69
2025-12-03 15:00:06,808 - INFO - HedgeFund - Exiting position: P&L = 66.41 (6.87%)
2025-12-03 15:00:06,808 - INFO - HedgeFund - Entering long position: 0.046903 BTC at 20747.81
2025-12-03 15:00:06,809 - INFO - HedgeFund - Exiting position: P&L = 26.42 (2.72%)
2025-12-03 15:00:06,809 - INFO - HedgeFund - Entering long position: 0.045430 BTC at 21478.62
2025-12-03 15:00:06,809 - INFO - HedgeFund - Exiting position: P&L = 6.56 (0.67%)
2025-12-03 15:00:06,809 - INFO - HedgeFund - Entering long position: 0.045353 BTC at 21529.79
2025-12-03 15:00:06,809 - INFO - HedgeFund - Exiting position: P&L = 1.76 (0.18%)
2025-12-03 15:00:06,809 - INFO - HedgeFund - Entering long position: 0.045634 BTC at 21401.16
2025-12-03 15:00:06,809 - INFO - HedgeFund - Exiting position: P&L = -3.85 (-0.39%)
2025-12-03 15:00:06,809 - INFO - HedgeFund - Entering long position: 0.045913 BTC at 21262.63
2025-12-03 15:00:06,809 - INFO - HedgeFund - Exiting position: P&L = -15.55 (-1.59%)
2025-12-03 15:00:06,809 - INFO - HedgeFund - Entering long position: 0.047270 BTC at 20619.03
2025-12-03 15:00:06,810 - INFO - HedgeFund - Exiting position: P&L = 1.94 (0.20%)
2025-12-03 15:00:06,810 - INFO - HedgeFund - Entering long position: 0.046499 BTC at 20965.39
2025-12-03 15:00:06,810 - INFO - HedgeFund - Exiting position: P&L = -19.74 (-2.02%)
2025-12-03 15:00:06,810 - INFO - HedgeFund - Entering long position: 0.046888 BTC at 20749.31
2025-12-03 15:00:06,810 - INFO - HedgeFund - Exiting position: P&L = -9.42 (-0.97%)
2025-12-03 15:00:06,810 - INFO - HedgeFund - Entering long position: 0.046840 BTC at 20750.51
2025-12-03 15:00:06,810 - INFO - HedgeFund - Exiting position: P&L = 7.61 (0.78%)
2025-12-03 15:00:06,810 - INFO - HedgeFund - Entering long position: 0.045887 BTC at 21197.96
2025-12-03 15:00:06,810 - INFO - HedgeFund - Exiting position: P&L = -23.94 (-2.46%)
2025-12-03 15:00:06,810 - INFO - HedgeFund - Entering long position: 0.046634 BTC at 20806.93
2025-12-03 15:00:06,810 - INFO - HedgeFund - Exiting position: P&L = -14.09 (-1.45%)
2025-12-03 15:00:06,811 - INFO - HedgeFund - Entering long position: 0.047157 BTC at 20546.43
2025-12-03 15:00:06,811 - INFO - HedgeFund - Exiting position: P&L = -12.56 (-1.30%)
2025-12-03 15:00:06,811 - INFO - HedgeFund - Entering long position: 0.048143 BTC at 20099.61
2025-12-03 15:00:06,811 - INFO - HedgeFund - Exiting position: P&L = -1.14 (-0.12%)
2025-12-03 15:00:06,811 - INFO - HedgeFund - Entering long position: 0.051316 BTC at 18854.61
2025-12-03 15:00:06,811 - INFO - HedgeFund - Exiting position: P&L = 29.95 (3.10%)
2025-12-03 15:00:06,811 - INFO - HedgeFund - Entering long position: 0.049588 BTC at 19571.93
2025-12-03 15:00:06,811 - INFO - HedgeFund - Exiting position: P&L = -8.04 (-0.83%)
2025-12-03 15:00:06,812 - INFO - HedgeFund - Entering long position: 0.050276 BTC at 19288.15
2025-12-03 15:00:06,812 - INFO - HedgeFund - Exiting position: P&L = -20.95 (-2.16%)
2025-12-03 15:00:06,812 - INFO - HedgeFund - Entering long position: 0.050615 BTC at 19117.65
2025-12-03 15:00:06,812 - INFO - HedgeFund - Exiting position: P&L = -4.45 (-0.46%)
2025-12-03 15:00:06,812 - INFO - HedgeFund - Entering long position: 0.050554 BTC at 19131.66
2025-12-03 15:00:06,812 - INFO - HedgeFund - Exiting position: P&L = 16.11 (1.67%)
2025-12-03 15:00:06,812 - INFO - HedgeFund - Entering long position: 0.050343 BTC at 19243.86
2025-12-03 15:00:06,812 - INFO - HedgeFund - Exiting position: P&L = -9.10 (-0.94%)
2025-12-03 15:00:06,812 - INFO - HedgeFund - Entering long position: 0.051017 BTC at 18971.87
2025-12-03 15:00:06,813 - INFO - HedgeFund - Exiting position: P&L = -2.85 (-0.29%)
2025-12-03 15:00:06,813 - INFO - HedgeFund - Entering long position: 0.052305 BTC at 18499.27
2025-12-03 15:00:06,813 - INFO - HedgeFund - Exiting position: P&L = -17.11 (-1.77%)
2025-12-03 15:00:06,813 - INFO - HedgeFund - Entering long position: 0.052836 BTC at 18280.80
2025-12-03 15:00:06,813 - INFO - HedgeFund - Exiting position: P&L = 10.14 (1.05%)
2025-12-03 15:00:06,813 - INFO - HedgeFund - Entering long position: 0.052269 BTC at 18498.60
2025-12-03 15:00:06,813 - INFO - HedgeFund - Exiting position: P&L = -6.90 (-0.71%)
2025-12-03 15:00:06,813 - INFO - HedgeFund - Entering long position: 0.051757 BTC at 18668.31
2025-12-03 15:00:06,814 - INFO - HedgeFund - Exiting position: P&L = -12.93 (-1.34%)
2025-12-03 15:00:06,814 - INFO - HedgeFund - Entering long position: 0.054601 BTC at 17672.17
2025-12-03 15:00:06,814 - INFO - HedgeFund - Exiting position: P&L = 51.62 (5.35%)
2025-12-03 15:00:06,814 - INFO - HedgeFund - Entering long position: 0.051839 BTC at 18713.42
2025-12-03 15:00:06,814 - INFO - HedgeFund - Exiting position: P&L = -6.70 (-0.69%)
2025-12-03 15:00:06,814 - INFO - HedgeFund - Entering long position: 0.053588 BTC at 18090.24
2025-12-03 15:00:06,814 - INFO - HedgeFund - Exiting position: P&L = 5.78 (0.60%)
2025-12-03 15:00:06,815 - INFO - HedgeFund - Entering long position: 0.054352 BTC at 17846.42
2025-12-03 15:00:06,815 - INFO - HedgeFund - Exiting position: P&L = 12.84 (1.32%)
2025-12-03 15:00:06,815 - INFO - HedgeFund - Entering long position: 0.054327 BTC at 17878.37
2025-12-03 15:00:06,815 - INFO - HedgeFund - Exiting position: P&L = -10.26 (-1.06%)
2025-12-03 15:00:06,815 - INFO - HedgeFund - Entering long position: 0.053779 BTC at 18041.59
2025-12-03 15:00:06,815 - INFO - HedgeFund - Exiting position: P&L = 26.05 (2.68%)
2025-12-03 15:00:06,815 - INFO - HedgeFund - Entering long position: 0.051544 BTC at 18874.29
2025-12-03 15:00:06,815 - INFO - HedgeFund - Exiting position: P&L = 4.35 (0.45%)
2025-12-03 15:00:06,815 - INFO - HedgeFund - Entering long position: 0.050650 BTC at 19216.17
2025-12-03 15:00:06,816 - INFO - HedgeFund - Exiting position: P&L = -8.43 (-0.87%)
2025-12-03 15:00:06,816 - INFO - HedgeFund - Entering long position: 0.053203 BTC at 18278.10
2025-12-03 15:00:06,816 - INFO - HedgeFund - Exiting position: P&L = -12.30 (-1.26%)
2025-12-03 15:00:06,816 - INFO - HedgeFund - Entering long position: 0.052911 BTC at 18355.67
2025-12-03 15:00:06,816 - INFO - HedgeFund - Exiting position: P&L = -19.11 (-1.97%)
2025-12-03 15:00:06,816 - INFO - HedgeFund - Entering long position: 0.054437 BTC at 17806.03
2025-12-03 15:00:06,816 - INFO - HedgeFund - Exiting position: P&L = -13.65 (-1.41%)
2025-12-03 15:00:06,817 - INFO - HedgeFund - Entering long position: 0.059079 BTC at 16383.79
2025-12-03 15:00:06,817 - INFO - HedgeFund - Exiting position: P&L = -4.51 (-0.47%)
2025-12-03 15:00:06,817 - INFO - HedgeFund - Entering long position: 0.058410 BTC at 16563.77
2025-12-03 15:00:06,817 - INFO - HedgeFund - Exiting position: P&L = -23.07 (-2.38%)
2025-12-03 15:00:06,817 - INFO - HedgeFund - Entering long position: 0.061708 BTC at 15641.24
2025-12-03 15:00:06,817 - INFO - HedgeFund - Exiting position: P&L = 1.62 (0.17%)
2025-12-03 15:00:06,817 - INFO - HedgeFund - Entering long position: 0.062519 BTC at 15440.80
2025-12-03 15:00:06,817 - INFO - HedgeFund - Exiting position: P&L = -2.91 (-0.30%)
2025-12-03 15:00:06,818 - INFO - HedgeFund - Entering long position: 0.060611 BTC at 15922.21
2025-12-03 15:00:06,818 - INFO - HedgeFund - Exiting position: P&L = 16.43 (1.70%)
2025-12-03 15:00:06,818 - INFO - HedgeFund - Entering long position: 0.062284 BTC at 15520.70
2025-12-03 15:00:06,818 - INFO - HedgeFund - Exiting position: P&L = 9.66 (1.00%)
2025-12-03 15:00:06,818 - INFO - HedgeFund - Entering long position: 0.061688 BTC at 15686.51
2025-12-03 15:00:06,818 - INFO - HedgeFund - Exiting position: P&L = -2.22 (-0.23%)
2025-12-03 15:00:06,818 - INFO - HedgeFund - Entering long position: 0.061233 BTC at 15799.25
2025-12-03 15:00:06,818 - INFO - HedgeFund - Exiting position: P&L = 2.36 (0.24%)
2025-12-03 15:00:06,818 - INFO - HedgeFund - Entering long position: 0.060042 BTC at 16116.66
2025-12-03 15:00:06,819 - INFO - HedgeFund - Exiting position: P&L = -2.19 (-0.23%)
2025-12-03 15:00:06,819 - INFO - HedgeFund - Entering long position: 0.062353 BTC at 15515.88
2025-12-03 15:00:06,819 - INFO - HedgeFund - Exiting position: P&L = -14.62 (-1.51%)
2025-12-03 15:00:06,819 - INFO - HedgeFund - Entering long position: 0.062560 BTC at 15441.19
2025-12-03 15:00:06,819 - INFO - HedgeFund - Exiting position: P&L = -13.95 (-1.44%)
2025-12-03 15:00:06,819 - INFO - HedgeFund - Entering long position: 0.064819 BTC at 14881.53
2025-12-03 15:00:06,819 - INFO - HedgeFund - Exiting position: P&L = -9.41 (-0.98%)
2025-12-03 15:00:06,819 - INFO - HedgeFund - Entering long position: 0.064918 BTC at 14844.23
2025-12-03 15:00:06,819 - INFO - HedgeFund - Exiting position: P&L = -16.63 (-1.73%)
2025-12-03 15:00:06,819 - INFO - HedgeFund - Entering long position: 0.064262 BTC at 14969.88
2025-12-03 15:00:06,820 - INFO - HedgeFund - Exiting position: P&L = -0.07 (-0.01%)
2025-12-03 15:00:06,820 - INFO - HedgeFund - Entering long position: 0.064176 BTC at 14989.91
2025-12-03 15:00:06,820 - INFO - HedgeFund - Exiting position: P&L = 92.74 (9.64%)
2025-12-03 15:00:06,820 - INFO - HedgeFund - Entering long position: 0.058956 BTC at 16474.47
2025-12-03 15:00:06,820 - INFO - HedgeFund - Exiting position: P&L = -7.70 (-0.79%)
2025-12-03 15:00:06,820 - INFO - HedgeFund - Entering long position: 0.059342 BTC at 16354.28
2025-12-03 15:00:06,820 - INFO - HedgeFund - Exiting position: P&L = -4.66 (-0.48%)
2025-12-03 15:00:06,820 - INFO - HedgeFund - Entering long position: 0.059144 BTC at 16401.19
2025-12-03 15:00:06,820 - INFO - HedgeFund - Exiting position: P&L = -10.24 (-1.06%)
2025-12-03 15:00:06,821 - INFO - HedgeFund - Entering long position: 0.059403 BTC at 16312.42
2025-12-03 15:00:06,821 - INFO - HedgeFund - Exiting position: P&L = 27.65 (2.85%)
2025-12-03 15:00:06,821 - INFO - HedgeFund - Entering long position: 0.058204 BTC at 16695.94
2025-12-03 15:00:06,821 - INFO - HedgeFund - Exiting position: P&L = 31.21 (3.21%)
2025-12-03 15:00:06,821 - INFO - HedgeFund - Entering long position: 0.056063 BTC at 17389.29
2025-12-03 15:00:06,821 - INFO - HedgeFund - Exiting position: P&L = -17.77 (-1.82%)
2025-12-03 15:00:06,821 - INFO - HedgeFund - Entering long position: 0.056976 BTC at 17079.37
2025-12-03 15:00:06,821 - INFO - HedgeFund - Exiting position: P&L = -0.79 (-0.08%)
2025-12-03 15:00:06,821 - INFO - HedgeFund - Entering long position: 0.057281 BTC at 16987.16
2025-12-03 15:00:06,821 - INFO - HedgeFund - Exiting position: P&L = -16.57 (-1.70%)
2025-12-03 15:00:06,822 - INFO - HedgeFund - Entering long position: 0.057204 BTC at 16980.85
2025-12-03 15:00:06,822 - INFO - HedgeFund - Exiting position: P&L = 13.32 (1.37%)
2025-12-03 15:00:06,822 - INFO - HedgeFund - Entering long position: 0.055512 BTC at 17522.62
2025-12-03 15:00:06,822 - INFO - HedgeFund - Exiting position: P&L = -7.51 (-0.77%)
2025-12-03 15:00:06,822 - INFO - HedgeFund - Entering long position: 0.056586 BTC at 17176.66
2025-12-03 15:00:06,822 - INFO - HedgeFund - Exiting position: P&L = 25.96 (2.67%)
2025-12-03 15:00:06,822 - INFO - HedgeFund - Entering long position: 0.056597 BTC at 17219.13
2025-12-03 15:00:06,822 - INFO - HedgeFund - Exiting position: P&L = -10.64 (-1.09%)
2025-12-03 15:00:06,822 - INFO - HedgeFund - Entering long position: 0.056897 BTC at 17109.66
2025-12-03 15:00:06,823 - INFO - HedgeFund - Exiting position: P&L = 1.96 (0.20%)
2025-12-03 15:00:06,823 - INFO - HedgeFund - Entering long position: 0.056462 BTC at 17244.89
2025-12-03 15:00:06,823 - INFO - HedgeFund - Exiting position: P&L = -9.20 (-0.94%)
2025-12-03 15:00:06,823 - INFO - HedgeFund - Entering long position: 0.056235 BTC at 17298.17
2025-12-03 15:00:06,823 - INFO - HedgeFund - Exiting position: P&L = 12.59 (1.29%)
2025-12-03 15:00:06,823 - INFO - HedgeFund - Entering long position: 0.054535 BTC at 17860.64
2025-12-03 15:00:06,823 - INFO - HedgeFund - Exiting position: P&L = -9.70 (-1.00%)
2025-12-03 15:00:06,823 - INFO - HedgeFund - Entering long position: 0.054208 BTC at 17950.28
2025-12-03 15:00:06,823 - INFO - HedgeFund - Exiting position: P&L = -15.71 (-1.61%)
2025-12-03 15:00:06,824 - INFO - HedgeFund - Entering long position: 0.053981 BTC at 17996.86
2025-12-03 15:00:06,824 - INFO - HedgeFund - Exiting position: P&L = -8.99 (-0.93%)
2025-12-03 15:00:06,824 - INFO - HedgeFund - Entering long position: 0.053547 BTC at 18125.75
2025-12-03 15:00:06,824 - INFO - HedgeFund - Exiting position: P&L = 29.86 (3.08%)
2025-12-03 15:00:06,824 - INFO - HedgeFund - Entering long position: 0.051849 BTC at 18776.97
2025-12-03 15:00:06,824 - INFO - HedgeFund - Exiting position: P&L = -7.65 (-0.79%)
2025-12-03 15:00:06,824 - INFO - HedgeFund - Entering long position: 0.051773 BTC at 18789.75
2025-12-03 15:00:06,824 - INFO - HedgeFund - Exiting position: P&L = -13.11 (-1.35%)
2025-12-03 15:00:06,825 - INFO - HedgeFund - Entering long position: 0.051878 BTC at 18726.68
2025-12-03 15:00:06,825 - INFO - HedgeFund - Exiting position: P&L = -2.33 (-0.24%)
2025-12-03 15:00:06,825 - INFO - HedgeFund - Entering long position: 0.052039 BTC at 18663.99
2025-12-03 15:00:06,825 - INFO - HedgeFund - Exiting position: P&L = -6.73 (-0.69%)
2025-12-03 15:00:06,825 - INFO - HedgeFund - Entering long position: 0.053330 BTC at 18199.64
2025-12-03 15:00:06,825 - INFO - HedgeFund - Exiting position: P&L = 10.53 (1.08%)
2025-12-03 15:00:06,825 - INFO - HedgeFund - Entering long position: 0.052225 BTC at 18604.90
2025-12-03 15:00:06,825 - INFO - HedgeFund - Exiting position: P&L = -7.73 (-0.80%)
2025-12-03 15:00:06,826 - INFO - HedgeFund - Entering long position: 0.053029 BTC at 18308.41
2025-12-03 15:00:06,826 - INFO - HedgeFund - Exiting position: P&L = 5.10 (0.53%)
2025-12-03 15:00:06,826 - INFO - HedgeFund - Entering long position: 0.052237 BTC at 18595.63
2025-12-03 15:00:06,826 - INFO - HedgeFund - Exiting position: P&L = -3.12 (-0.32%)
2025-12-03 15:00:06,826 - INFO - HedgeFund - Entering long position: 0.051973 BTC at 18684.10
2025-12-03 15:00:06,826 - INFO - HedgeFund - Exiting position: P&L = 15.48 (1.59%)
2025-12-03 15:00:06,826 - INFO - HedgeFund - Entering long position: 0.051232 BTC at 18984.49
2025-12-03 15:00:06,826 - INFO - HedgeFund - Exiting position: P&L = 11.11 (1.14%)
2025-12-03 15:00:06,826 - INFO - HedgeFund - Entering long position: 0.050745 BTC at 19188.80
2025-12-03 15:00:06,827 - INFO - HedgeFund - Exiting position: P&L = -20.91 (-2.15%)
2025-12-03 15:00:06,827 - INFO - HedgeFund - Entering long position: 0.051474 BTC at 18876.15
2025-12-03 15:00:06,827 - INFO - HedgeFund - Exiting position: P&L = 27.62 (2.84%)
2025-12-03 15:00:06,827 - INFO - HedgeFund - Entering long position: 0.049314 BTC at 19759.14
2025-12-03 15:00:06,827 - INFO - HedgeFund - Exiting position: P&L = 83.36 (8.55%)
2025-12-03 15:00:06,827 - INFO - HedgeFund - Entering long position: 0.045719 BTC at 21495.11
2025-12-03 15:00:06,827 - INFO - HedgeFund - Exiting position: P&L = -13.02 (-1.32%)
2025-12-03 15:00:06,827 - INFO - HedgeFund - Entering long position: 0.045870 BTC at 21395.93
2025-12-03 15:00:06,828 - INFO - HedgeFund - Exiting position: P&L = -13.08 (-1.33%)
2025-12-03 15:00:06,828 - INFO - HedgeFund - Entering long position: 0.046667 BTC at 21002.39
2025-12-03 15:00:06,828 - INFO - HedgeFund - Exiting position: P&L = -15.34 (-1.57%)
2025-12-03 15:00:06,828 - INFO - HedgeFund - Entering long position: 0.047119 BTC at 20768.24
2025-12-03 15:00:06,828 - INFO - HedgeFund - Exiting position: P&L = 12.56 (1.28%)
2025-12-03 15:00:06,828 - INFO - HedgeFund - Entering long position: 0.046329 BTC at 21149.70
2025-12-03 15:00:06,828 - INFO - HedgeFund - Exiting position: P&L = -18.93 (-1.93%)
2025-12-03 15:00:06,828 - INFO - HedgeFund - Entering long position: 0.048634 BTC at 20108.21
2025-12-03 15:00:06,828 - INFO - HedgeFund - Exiting position: P&L = -4.65 (-0.48%)
2025-12-03 15:00:06,829 - INFO - HedgeFund - Entering long position: 0.048555 BTC at 20131.49
2025-12-03 15:00:06,829 - INFO - HedgeFund - Exiting position: P&L = -1.05 (-0.11%)
2025-12-03 15:00:06,829 - INFO - HedgeFund - Entering long position: 0.047493 BTC at 20579.47
2025-12-03 15:00:06,829 - INFO - HedgeFund - Exiting position: P&L = 5.70 (0.58%)
2025-12-03 15:00:06,829 - INFO - HedgeFund - Entering long position: 0.046624 BTC at 20975.30
2025-12-03 15:00:06,829 - INFO - HedgeFund - Exiting position: P&L = -20.31 (-2.08%)
2025-12-03 15:00:06,829 - INFO - HedgeFund - Entering long position: 0.047066 BTC at 20735.25
2025-12-03 15:00:06,829 - INFO - HedgeFund - Exiting position: P&L = -9.21 (-0.94%)
2025-12-03 15:00:06,829 - INFO - HedgeFund - Entering long position: 0.047664 BTC at 20455.55
2025-12-03 15:00:06,829 - INFO - HedgeFund - Exiting position: P&L = -9.63 (-0.99%)
2025-12-03 15:00:06,830 - INFO - HedgeFund - Entering long position: 0.046639 BTC at 20884.64
2025-12-03 15:00:06,830 - INFO - HedgeFund - Exiting position: P&L = 10.27 (1.05%)
2025-12-03 15:00:06,830 - INFO - HedgeFund - Entering long position: 0.045258 BTC at 21544.56
2025-12-03 15:00:06,830 - INFO - HedgeFund - Exiting position: P&L = -27.07 (-2.78%)
2025-12-03 15:00:06,830 - INFO - HedgeFund - Entering long position: 0.045896 BTC at 21186.18
2025-12-03 15:00:06,830 - INFO - HedgeFund - Exiting position: P&L = 97.22 (10.00%)
2025-12-03 15:00:06,830 - INFO - HedgeFund - Entering long position: 0.041408 BTC at 23717.36
2025-12-03 15:00:06,830 - INFO - HedgeFund - Exiting position: P&L = -30.54 (-3.11%)
2025-12-03 15:00:06,830 - INFO - HedgeFund - Entering long position: 0.042445 BTC at 23065.69
2025-12-03 15:00:06,831 - INFO - HedgeFund - Exiting position: P&L = 45.26 (4.62%)
2025-12-03 15:00:06,831 - INFO - HedgeFund - Entering long position: 0.040428 BTC at 24328.19
2025-12-03 15:00:06,831 - INFO - HedgeFund - Exiting position: P&L = -10.05 (-1.02%)
2025-12-03 15:00:06,831 - INFO - HedgeFund - Entering long position: 0.040409 BTC at 24315.10
2025-12-03 15:00:06,831 - INFO - HedgeFund - Exiting position: P&L = 2.21 (0.22%)
2025-12-03 15:00:06,831 - INFO - HedgeFund - Entering long position: 0.040138 BTC at 24484.41
2025-12-03 15:00:06,831 - INFO - HedgeFund - Exiting position: P&L = -7.29 (-0.74%)
2025-12-03 15:00:06,832 - INFO - HedgeFund - Entering long position: 0.041618 BTC at 23596.72
2025-12-03 15:00:06,832 - INFO - HedgeFund - Exiting position: P&L = -14.44 (-1.47%)
2025-12-03 15:00:06,832 - INFO - HedgeFund - Entering long position: 0.041668 BTC at 23533.74
2025-12-03 15:00:06,832 - INFO - HedgeFund - Exiting position: P&L = 7.11 (0.73%)
2025-12-03 15:00:06,833 - INFO - HedgeFund - Entering long position: 0.041318 BTC at 23750.16
2025-12-03 15:00:06,833 - INFO - HedgeFund - Exiting position: P&L = 39.58 (4.03%)
2025-12-03 15:00:06,833 - INFO - HedgeFund - Entering long position: 0.040395 BTC at 24390.94
2025-12-03 15:00:06,833 - INFO - HedgeFund - Exiting position: P&L = -6.44 (-0.65%)
2025-12-03 15:00:06,833 - INFO - HedgeFund - Entering long position: 0.039903 BTC at 24675.11
2025-12-03 15:00:06,833 - INFO - HedgeFund - Exiting position: P&L = 6.69 (0.68%)
2025-12-03 15:00:06,834 - INFO - HedgeFund - Entering long position: 0.040062 BTC at 24593.96
2025-12-03 15:00:06,834 - INFO - HedgeFund - Exiting position: P&L = -13.04 (-1.32%)
2025-12-03 15:00:06,834 - INFO - HedgeFund - Entering long position: 0.040461 BTC at 24319.54
2025-12-03 15:00:06,834 - INFO - HedgeFund - Exiting position: P&L = -18.46 (-1.88%)
2025-12-03 15:00:06,834 - INFO - HedgeFund - Entering long position: 0.041082 BTC at 23906.81
2025-12-03 15:00:06,834 - INFO - HedgeFund - Exiting position: P&L = 31.28 (3.18%)
2025-12-03 15:00:06,834 - INFO - HedgeFund - Entering long position: 0.039887 BTC at 24701.28
2025-12-03 15:00:06,834 - INFO - HedgeFund - Exiting position: P&L = 64.02 (6.50%)
2025-12-03 15:00:06,834 - INFO - HedgeFund - Entering long position: 0.039699 BTC at 24979.76
2025-12-03 15:00:06,835 - INFO - HedgeFund - Exiting position: P&L = 1.27 (0.13%)
2025-12-03 15:00:06,835 - INFO - HedgeFund - Entering long position: 0.039144 BTC at 25337.39
2025-12-03 15:00:06,835 - INFO - HedgeFund - Exiting position: P&L = -15.61 (-1.57%)
2025-12-03 15:00:06,835 - INFO - HedgeFund - Entering long position: 0.040766 BTC at 24290.73
2025-12-03 15:00:06,835 - INFO - HedgeFund - Exiting position: P&L = 4.29 (0.43%)
2025-12-03 15:00:06,835 - INFO - HedgeFund - Entering long position: 0.041573 BTC at 23829.49
2025-12-03 15:00:06,835 - INFO - HedgeFund - Exiting position: P&L = -7.45 (-0.75%)
2025-12-03 15:00:06,835 - INFO - HedgeFund - Entering long position: 0.041467 BTC at 23872.67
2025-12-03 15:00:06,835 - INFO - HedgeFund - Exiting position: P&L = -17.72 (-1.79%)
2025-12-03 15:00:06,836 - INFO - HedgeFund - Entering long position: 0.041319 BTC at 23915.08
2025-12-03 15:00:06,836 - INFO - HedgeFund - Exiting position: P&L = 8.58 (0.87%)
2025-12-03 15:00:06,836 - INFO - HedgeFund - Entering long position: 0.040680 BTC at 24311.58
2025-12-03 15:00:06,836 - INFO - HedgeFund - Exiting position: P&L = 14.30 (1.45%)
2025-12-03 15:00:06,836 - INFO - HedgeFund - Entering long position: 0.040467 BTC at 24475.03
2025-12-03 15:00:06,836 - INFO - HedgeFund - Exiting position: P&L = -9.88 (-1.00%)
2025-12-03 15:00:06,836 - INFO - HedgeFund - Entering long position: 0.039698 BTC at 24924.62
2025-12-03 15:00:06,836 - INFO - HedgeFund - Exiting position: P&L = -33.24 (-3.36%)
2025-12-03 15:00:06,836 - INFO - HedgeFund - Entering long position: 0.040633 BTC at 24268.87
2025-12-03 15:00:06,836 - INFO - HedgeFund - Exiting position: P&L = -13.46 (-1.37%)
2025-12-03 15:00:06,836 - INFO - HedgeFund - Entering long position: 0.041029 BTC at 24001.92
2025-12-03 15:00:06,837 - INFO - HedgeFund - Exiting position: P&L = 16.13 (1.64%)
2025-12-03 15:00:06,837 - INFO - HedgeFund - Entering long position: 0.039805 BTC at 24780.24
2025-12-03 15:00:06,837 - INFO - HedgeFund - Exiting position: P&L = 13.68 (1.39%)
2025-12-03 15:00:06,837 - INFO - HedgeFund - Entering long position: 0.038848 BTC at 25425.99
2025-12-03 15:00:06,837 - INFO - HedgeFund - Exiting position: P&L = 35.46 (3.59%)
2025-12-03 15:00:06,837 - INFO - HedgeFund - Entering long position: 0.037813 BTC at 26216.12
2025-12-03 15:00:06,837 - INFO - HedgeFund - Exiting position: P&L = -5.15 (-0.52%)
2025-12-03 15:00:06,837 - INFO - HedgeFund - Entering long position: 0.037961 BTC at 26099.79
2025-12-03 15:00:06,837 - INFO - HedgeFund - Exiting position: P&L = 0.78 (0.08%)
2025-12-03 15:00:06,838 - INFO - HedgeFund - Entering long position: 0.037795 BTC at 26217.16
2025-12-03 15:00:06,838 - INFO - HedgeFund - Exiting position: P&L = -8.86 (-0.89%)
2025-12-03 15:00:06,838 - INFO - HedgeFund - Entering long position: 0.037445 BTC at 26438.48
2025-12-03 15:00:06,838 - INFO - HedgeFund - Exiting position: P&L = -12.38 (-1.25%)
2025-12-03 15:00:06,838 - INFO - HedgeFund - Entering long position: 0.037162 BTC at 26606.36
2025-12-03 15:00:06,838 - INFO - HedgeFund - Exiting position: P&L = -12.42 (-1.26%)
2025-12-03 15:00:06,838 - INFO - HedgeFund - Entering long position: 0.037772 BTC at 26143.86
2025-12-03 15:00:06,838 - INFO - HedgeFund - Exiting position: P&L = 3.48 (0.35%)
2025-12-03 15:00:06,838 - INFO - HedgeFund - Entering long position: 0.037206 BTC at 26550.97
2025-12-03 15:00:06,838 - INFO - HedgeFund - Exiting position: P&L = -5.86 (-0.59%)
2025-12-03 15:00:06,839 - INFO - HedgeFund - Entering long position: 0.036838 BTC at 26800.34
2025-12-03 15:00:06,839 - INFO - HedgeFund - Exiting position: P&L = -5.13 (-0.52%)
2025-12-03 15:00:06,839 - INFO - HedgeFund - Entering long position: 0.036481 BTC at 27048.34
2025-12-03 15:00:06,839 - INFO - HedgeFund - Exiting position: P&L = -8.51 (-0.86%)
2025-12-03 15:00:06,839 - INFO - HedgeFund - Entering long position: 0.036731 BTC at 26841.36
2025-12-03 15:00:06,839 - INFO - HedgeFund - Exiting position: P&L = 5.91 (0.60%)
2025-12-03 15:00:06,839 - INFO - HedgeFund - Entering long position: 0.036851 BTC at 26769.47
2025-12-03 15:00:06,839 - INFO - HedgeFund - Exiting position: P&L = -2.56 (-0.26%)
2025-12-03 15:00:06,839 - INFO - HedgeFund - Entering long position: 0.036800 BTC at 26799.87
2025-12-03 15:00:06,839 - INFO - HedgeFund - Exiting position: P&L = 10.90 (1.10%)
2025-12-03 15:00:06,840 - INFO - HedgeFund - Entering long position: 0.035937 BTC at 27473.94
2025-12-03 15:00:06,840 - INFO - HedgeFund - Exiting position: P&L = -8.03 (-0.81%)
2025-12-03 15:00:06,840 - INFO - HedgeFund - Entering long position: 0.037198 BTC at 26520.50
2025-12-03 15:00:06,840 - INFO - HedgeFund - Exiting position: P&L = 4.64 (0.47%)
2025-12-03 15:00:06,840 - INFO - HedgeFund - Entering long position: 0.036976 BTC at 26692.18
2025-12-03 15:00:06,840 - INFO - HedgeFund - Exiting position: P&L = -5.92 (-0.60%)
2025-12-03 15:00:06,840 - INFO - HedgeFund - Entering long position: 0.036741 BTC at 26846.82
2025-12-03 15:00:06,840 - INFO - HedgeFund - Exiting position: P&L = -16.25 (-1.65%)
2025-12-03 15:00:06,840 - INFO - HedgeFund - Entering long position: 0.036835 BTC at 26734.14
2025-12-03 15:00:06,840 - INFO - HedgeFund - Exiting position: P&L = 15.57 (1.58%)
2025-12-03 15:00:06,840 - INFO - HedgeFund - Entering long position: 0.035517 BTC at 27770.58
2025-12-03 15:00:06,840 - INFO - HedgeFund - Exiting position: P&L = 2.68 (0.27%)
2025-12-03 15:00:06,840 - INFO - HedgeFund - Entering long position: 0.034887 BTC at 28279.88
2025-12-03 15:00:06,840 - INFO - HedgeFund - Exiting position: P&L = -8.84 (-0.90%)
2025-12-03 15:00:06,841 - INFO - HedgeFund - Entering long position: 0.036791 BTC at 26792.35
2025-12-03 15:00:06,841 - INFO - HedgeFund - Exiting position: P&L = 32.31 (3.28%)
2025-12-03 15:00:06,841 - INFO - HedgeFund - Entering long position: 0.036560 BTC at 27049.44
2025-12-03 15:00:06,841 - INFO - HedgeFund - Exiting position: P&L = -9.54 (-0.96%)
2025-12-03 15:00:06,841 - INFO - HedgeFund - Entering long position: 0.036569 BTC at 27017.14
2025-12-03 15:00:06,841 - INFO - HedgeFund - Exiting position: P&L = -11.31 (-1.14%)
2025-12-03 15:00:06,841 - INFO - HedgeFund - Entering long position: 0.038077 BTC at 25917.62
2025-12-03 15:00:06,841 - INFO - HedgeFund - Exiting position: P&L = 4.26 (0.43%)
2025-12-03 15:00:06,841 - INFO - HedgeFund - Entering long position: 0.038436 BTC at 25686.04
2025-12-03 15:00:06,841 - INFO - HedgeFund - Exiting position: P&L = -3.61 (-0.37%)
2025-12-03 15:00:06,842 - INFO - HedgeFund - Entering long position: 0.039787 BTC at 24805.13
2025-12-03 15:00:06,842 - INFO - HedgeFund - Exiting position: P&L = -5.18 (-0.52%)
2025-12-03 15:00:06,842 - INFO - HedgeFund - Entering long position: 0.040645 BTC at 24268.81
2025-12-03 15:00:06,842 - INFO - HedgeFund - Exiting position: P&L = 3.01 (0.30%)
2025-12-03 15:00:06,842 - INFO - HedgeFund - Entering long position: 0.040561 BTC at 24326.56
2025-12-03 15:00:06,842 - INFO - HedgeFund - Exiting position: P&L = -1.96 (-0.20%)
2025-12-03 15:00:06,842 - INFO - HedgeFund - Entering long position: 0.040974 BTC at 24076.08
2025-12-03 15:00:06,842 - INFO - HedgeFund - Exiting position: P&L = 0.52 (0.05%)
2025-12-03 15:00:06,842 - INFO - HedgeFund - Entering long position: 0.041426 BTC at 23815.19
2025-12-03 15:00:06,843 - INFO - HedgeFund - Exiting position: P&L = -16.00 (-1.62%)
2025-12-03 15:00:06,843 - INFO - HedgeFund - Entering long position: 0.041949 BTC at 23479.64
2025-12-03 15:00:06,843 - INFO - HedgeFund - Exiting position: P&L = 11.53 (1.17%)
2025-12-03 15:00:06,843 - INFO - HedgeFund - Entering long position: 0.041086 BTC at 24001.21
2025-12-03 15:00:06,843 - INFO - HedgeFund - Exiting position: P&L = -1.30 (-0.13%)
2025-12-03 15:00:06,843 - INFO - HedgeFund - Entering long position: 0.040868 BTC at 24125.95
2025-12-03 15:00:06,843 - INFO - HedgeFund - Exiting position: P&L = -9.97 (-1.01%)
2025-12-03 15:00:06,843 - INFO - HedgeFund - Entering long position: 0.041975 BTC at 23466.17
2025-12-03 15:00:06,843 - INFO - HedgeFund - Exiting position: P&L = -7.19 (-0.73%)
2025-12-03 15:00:06,844 - INFO - HedgeFund - Entering long position: 0.043198 BTC at 22784.90
2025-12-03 15:00:06,844 - INFO - HedgeFund - Exiting position: P&L = -6.27 (-0.64%)
2025-12-03 15:00:06,844 - INFO - HedgeFund - Entering long position: 0.043113 BTC at 22815.14
2025-12-03 15:00:06,844 - INFO - HedgeFund - Exiting position: P&L = -11.33 (-1.15%)
2025-12-03 15:00:06,844 - INFO - HedgeFund - Entering long position: 0.044651 BTC at 22004.06
2025-12-03 15:00:06,844 - INFO - HedgeFund - Exiting position: P&L = -18.09 (-1.84%)
2025-12-03 15:00:06,844 - INFO - HedgeFund - Entering long position: 0.045916 BTC at 21358.63
2025-12-03 15:00:06,844 - INFO - HedgeFund - Exiting position: P&L = -5.95 (-0.61%)
2025-12-03 15:00:06,844 - INFO - HedgeFund - Entering long position: 0.045886 BTC at 21359.52
2025-12-03 15:00:06,844 - INFO - HedgeFund - Exiting position: P&L = -12.98 (-1.32%)
2025-12-03 15:00:06,844 - INFO - HedgeFund - Entering long position: 0.046153 BTC at 21207.83
2025-12-03 15:00:06,845 - INFO - HedgeFund - Exiting position: P&L = -12.63 (-1.29%)
2025-12-03 15:00:06,845 - INFO - HedgeFund - Entering long position: 0.046420 BTC at 21058.47
2025-12-03 15:00:06,845 - INFO - HedgeFund - Exiting position: P&L = -6.71 (-0.69%)
2025-12-03 15:00:06,845 - INFO - HedgeFund - Entering long position: 0.047686 BTC at 20485.26
2025-12-03 15:00:06,845 - INFO - HedgeFund - Exiting position: P&L = -5.17 (-0.53%)
2025-12-03 15:00:06,845 - INFO - HedgeFund - Entering long position: 0.047983 BTC at 20347.84
2025-12-03 15:00:06,845 - INFO - HedgeFund - Exiting position: P&L = -6.29 (-0.64%)
2025-12-03 15:00:06,845 - INFO - HedgeFund - Entering long position: 0.047617 BTC at 20491.04
2025-12-03 15:00:06,845 - INFO - HedgeFund - Exiting position: P&L = -4.63 (-0.47%)
2025-12-03 15:00:06,845 - INFO - HedgeFund - Entering long position: 0.047324 BTC at 20608.24
2025-12-03 15:00:06,846 - INFO - HedgeFund - Exiting position: P&L = -7.07 (-0.72%)
2025-12-03 15:00:06,846 - INFO - HedgeFund - Entering long position: 0.049431 BTC at 19715.38
2025-12-03 15:00:06,846 - INFO - HedgeFund - Exiting position: P&L = -9.89 (-1.01%)
2025-12-03 15:00:06,846 - INFO - HedgeFund - Entering long position: 0.049112 BTC at 19823.14
2025-12-03 15:00:06,846 - INFO - HedgeFund - Exiting position: P&L = -5.62 (-0.58%)
2025-12-03 15:00:06,846 - INFO - HedgeFund - Entering long position: 0.049007 BTC at 19854.16
2025-12-03 15:00:06,846 - INFO - HedgeFund - Exiting position: P&L = -10.73 (-1.10%)
2025-12-03 15:00:06,846 - INFO - HedgeFund - Entering long position: 0.049244 BTC at 19736.81
2025-12-03 15:00:06,846 - INFO - HedgeFund - Exiting position: P&L = -5.64 (-0.58%)
2025-12-03 15:00:06,847 - INFO - HedgeFund - Entering long position: 0.052755 BTC at 18412.60
2025-12-03 15:00:06,847 - INFO - HedgeFund - Exiting position: P&L = -13.10 (-1.35%)
2025-12-03 15:00:06,847 - INFO - HedgeFund - Entering long position: 0.052669 BTC at 18417.92
2025-12-03 15:00:06,847 - INFO - HedgeFund - Exiting position: P&L = -5.10 (-0.53%)
2025-12-03 15:00:06,847 - INFO - HedgeFund - Entering long position: 0.053168 BTC at 18235.51
2025-12-03 15:00:06,847 - INFO - HedgeFund - Exiting position: P&L = 56.12 (5.79%)
2025-12-03 15:00:06,847 - INFO - HedgeFund - Entering long position: 0.049884 BTC at 19548.62
2025-12-03 15:00:06,847 - INFO - HedgeFund - Exiting position: P&L = -4.62 (-0.47%)
2025-12-03 15:00:06,848 - INFO - HedgeFund - Entering long position: 0.049989 BTC at 19498.21
2025-12-03 15:00:06,848 - INFO - HedgeFund - Exiting position: P&L = -8.30 (-0.85%)
2025-12-03 15:00:06,848 - INFO - HedgeFund - Entering long position: 0.051601 BTC at 18873.01
2025-12-03 15:00:06,848 - INFO - HedgeFund - Exiting position: P&L = -0.56 (-0.06%)
2025-12-03 15:00:06,848 - INFO - HedgeFund - Entering long position: 0.051463 BTC at 18922.55
2025-12-03 15:00:06,848 - INFO - HedgeFund - Exiting position: P&L = -0.29 (-0.03%)
2025-12-03 15:00:06,848 - INFO - HedgeFund - Entering long position: 0.051853 BTC at 18779.53
2025-12-03 15:00:06,848 - INFO - HedgeFund - Exiting position: P&L = -5.08 (-0.52%)
2025-12-03 15:00:06,848 - INFO - HedgeFund - Entering long position: 0.051030 BTC at 19072.39
2025-12-03 15:00:06,848 - INFO - HedgeFund - Exiting position: P&L = -0.60 (-0.06%)
2025-12-03 15:00:06,849 - INFO - HedgeFund - Entering long position: 0.050963 BTC at 19096.56
2025-12-03 15:00:06,849 - INFO - HedgeFund - Exiting position: P&L = -1.58 (-0.16%)
2025-12-03 15:00:06,849 - INFO - HedgeFund - Entering long position: 0.050293 BTC at 19347.79
2025-12-03 15:00:06,849 - INFO - HedgeFund - Exiting position: P&L = -12.02 (-1.24%)
2025-12-03 15:00:06,849 - INFO - HedgeFund - Entering long position: 0.049689 BTC at 19558.63
2025-12-03 15:00:06,849 - INFO - HedgeFund - Exiting position: P&L = -0.25 (-0.03%)
2025-12-03 15:00:06,849 - INFO - HedgeFund - Entering long position: 0.049393 BTC at 19675.42
2025-12-03 15:00:06,849 - INFO - HedgeFund - Exiting position: P&L = -22.10 (-2.27%)
2025-12-03 15:00:06,849 - INFO - HedgeFund - Entering long position: 0.051045 BTC at 18995.34
2025-12-03 15:00:06,849 - INFO - HedgeFund - Exiting position: P&L = 7.68 (0.79%)
2025-12-03 15:00:06,850 - INFO - HedgeFund - Entering long position: 0.051868 BTC at 18708.88
2025-12-03 15:00:06,850 - INFO - HedgeFund - Exiting position: P&L = -5.53 (-0.57%)
2025-12-03 15:00:06,850 - INFO - HedgeFund - Entering long position: 0.052043 BTC at 18635.32
2025-12-03 15:00:06,850 - INFO - HedgeFund - Exiting position: P&L = -13.11 (-1.35%)
2025-12-03 15:00:06,850 - INFO - HedgeFund - Entering long position: 0.051733 BTC at 18721.63
2025-12-03 15:00:06,850 - INFO - HedgeFund - Exiting position: P&L = -4.03 (-0.42%)
2025-12-03 15:00:06,850 - INFO - HedgeFund - Entering long position: 0.051460 BTC at 18813.00
2025-12-03 15:00:06,850 - INFO - HedgeFund - Exiting position: P&L = -7.78 (-0.80%)
2025-12-03 15:00:06,850 - INFO - HedgeFund - Entering long position: 0.052281 BTC at 18502.62
2025-12-03 15:00:06,850 - INFO - HedgeFund - Exiting position: P&L = 7.81 (0.81%)
2025-12-03 15:00:06,850 - INFO - HedgeFund - Entering long position: 0.052033 BTC at 18605.90
2025-12-03 15:00:06,851 - INFO - HedgeFund - Exiting position: P&L = -2.78 (-0.29%)
2025-12-03 15:00:06,851 - INFO - HedgeFund - Entering long position: 0.052515 BTC at 18429.85
2025-12-03 15:00:06,851 - INFO - HedgeFund - Exiting position: P&L = -5.49 (-0.57%)
2025-12-03 15:00:06,851 - INFO - HedgeFund - Entering long position: 0.052264 BTC at 18507.80
2025-12-03 15:00:06,851 - INFO - HedgeFund - Exiting position: P&L = 55.88 (5.78%)
2025-12-03 15:00:06,851 - INFO - HedgeFund - Entering long position: 0.049500 BTC at 19654.29
2025-12-03 15:00:06,851 - INFO - HedgeFund - Exiting position: P&L = -4.75 (-0.49%)
2025-12-03 15:00:06,851 - INFO - HedgeFund - Entering long position: 0.049548 BTC at 19625.65
2025-12-03 15:00:06,851 - INFO - HedgeFund - Exiting position: P&L = -4.46 (-0.46%)
2025-12-03 15:00:06,852 - INFO - HedgeFund - Entering long position: 0.048332 BTC at 20110.08
2025-12-03 15:00:06,852 - INFO - HedgeFund - Exiting position: P&L = -14.52 (-1.49%)
2025-12-03 15:00:06,852 - INFO - HedgeFund - Entering long position: 0.048170 BTC at 20147.43
2025-12-03 15:00:06,852 - INFO - HedgeFund - Exiting position: P&L = -20.28 (-2.09%)
2025-12-03 15:00:06,852 - INFO - HedgeFund - Entering long position: 0.049341 BTC at 19628.53
2025-12-03 15:00:06,852 - INFO - HedgeFund - Exiting position: P&L = -0.48 (-0.05%)
2025-12-03 15:00:06,852 - INFO - HedgeFund - Entering long position: 0.049005 BTC at 19762.10
2025-12-03 15:00:06,852 - INFO - HedgeFund - Exiting position: P&L = -5.61 (-0.58%)
2025-12-03 15:00:06,852 - INFO - HedgeFund - Entering long position: 0.048916 BTC at 19786.41
2025-12-03 15:00:06,852 - INFO - HedgeFund - Exiting position: P&L = -5.99 (-0.62%)
2025-12-03 15:00:06,852 - INFO - HedgeFund - Entering long position: 0.049147 BTC at 19681.13
2025-12-03 15:00:06,853 - INFO - HedgeFund - Exiting position: P&L = -4.54 (-0.47%)
2025-12-03 15:00:06,853 - INFO - HedgeFund - Entering long position: 0.049041 BTC at 19714.38
2025-12-03 15:00:06,853 - INFO - HedgeFund - Exiting position: P&L = -4.12 (-0.43%)
2025-12-03 15:00:06,853 - INFO - HedgeFund - Entering long position: 0.051729 BTC at 18682.12
2025-12-03 15:00:06,853 - INFO - HedgeFund - Exiting position: P&L = 6.74 (0.70%)
2025-12-03 15:00:06,853 - INFO - HedgeFund - Entering long position: 0.050734 BTC at 19061.98
2025-12-03 15:00:06,853 - INFO - HedgeFund - Exiting position: P&L = -0.53 (-0.05%)
2025-12-03 15:00:06,853 - INFO - HedgeFund - Entering long position: 0.050989 BTC at 18965.44
2025-12-03 15:00:06,853 - INFO - HedgeFund - Exiting position: P&L = 6.55 (0.68%)
2025-12-03 15:00:06,853 - INFO - HedgeFund - Entering long position: 0.049860 BTC at 19407.87
2025-12-03 15:00:06,853 - INFO - HedgeFund - Exiting position: P&L = -1.50 (-0.15%)
2025-12-03 15:00:06,853 - INFO - HedgeFund - Entering long position: 0.050273 BTC at 19245.60
2025-12-03 15:00:06,853 - INFO - HedgeFund - Exiting position: P&L = -6.39 (-0.66%)
2025-12-03 15:00:06,854 - INFO - HedgeFund - Entering long position: 0.051088 BTC at 18926.01
2025-12-03 15:00:06,854 - INFO - HedgeFund - Exiting position: P&L = -4.57 (-0.47%)
2025-12-03 15:00:06,854 - INFO - HedgeFund - Entering long position: 0.051031 BTC at 18938.13
2025-12-03 15:00:06,854 - INFO - HedgeFund - Exiting position: P&L = 0.24 (0.02%)
2025-12-03 15:00:06,854 - INFO - HedgeFund - Entering long position: 0.051265 BTC at 18852.36
2025-12-03 15:00:06,854 - INFO - HedgeFund - Exiting position: P&L = -10.97 (-1.13%)
2025-12-03 15:00:06,854 - INFO - HedgeFund - Entering long position: 0.051685 BTC at 18677.99
2025-12-03 15:00:06,854 - INFO - HedgeFund - Exiting position: P&L = -1.84 (-0.19%)
2025-12-03 15:00:06,854 - INFO - HedgeFund - Entering long position: 0.051548 BTC at 18723.91
2025-12-03 15:00:06,854 - INFO - HedgeFund - Exiting position: P&L = 12.22 (1.27%)
2025-12-03 15:00:06,854 - INFO - HedgeFund - Entering long position: 0.050761 BTC at 19038.35
2025-12-03 15:00:06,854 - INFO - HedgeFund - Exiting position: P&L = -1.37 (-0.14%)
2025-12-03 15:00:06,855 - INFO - HedgeFund - Entering long position: 0.051429 BTC at 18788.28
2025-12-03 15:00:06,855 - INFO - HedgeFund - Exiting position: P&L = 8.07 (0.84%)
2025-12-03 15:00:06,855 - INFO - HedgeFund - Entering long position: 0.051324 BTC at 18842.52
2025-12-03 15:00:06,855 - INFO - HedgeFund - Exiting position: P&L = 2.32 (0.24%)
2025-12-03 15:00:06,855 - INFO - HedgeFund - Entering long position: 0.054539 BTC at 17736.04
2025-12-03 15:00:06,855 - INFO - HedgeFund - Exiting position: P&L = 0.54 (0.06%)
2025-12-03 15:00:06,855 - INFO - HedgeFund - Entering long position: 0.054688 BTC at 17688.59
2025-12-03 15:00:06,855 - INFO - HedgeFund - Exiting position: P&L = -5.98 (-0.62%)
2025-12-03 15:00:06,855 - INFO - HedgeFund - Entering long position: 0.055197 BTC at 17514.81
2025-12-03 15:00:06,856 - INFO - HedgeFund - Exiting position: P&L = 102.90 (10.64%)
2025-12-03 15:00:06,856 - INFO - HedgeFund - Entering long position: 0.049962 BTC at 19555.95
2025-12-03 15:00:06,856 - INFO - HedgeFund - Exiting position: P&L = -13.66 (-1.40%)
2025-12-03 15:00:06,856 - INFO - HedgeFund - Entering long position: 0.050652 BTC at 19262.47
2025-12-03 15:00:06,856 - INFO - HedgeFund - Exiting position: P&L = -26.47 (-2.71%)
2025-12-03 15:00:06,856 - INFO - HedgeFund - Entering long position: 0.053325 BTC at 18247.27
2025-12-03 15:00:06,856 - INFO - HedgeFund - Exiting position: P&L = -11.36 (-1.17%)
2025-12-03 15:00:06,856 - INFO - HedgeFund - Entering long position: 0.053711 BTC at 18095.02
2025-12-03 15:00:06,856 - INFO - HedgeFund - Exiting position: P&L = 6.10 (0.63%)
2025-12-03 15:00:06,856 - INFO - HedgeFund - Entering long position: 0.052984 BTC at 18354.89
2025-12-03 15:00:06,856 - INFO - HedgeFund - Exiting position: P&L = 8.69 (0.89%)
2025-12-03 15:00:06,856 - INFO - HedgeFund - Entering long position: 0.052428 BTC at 18566.20
2025-12-03 15:00:06,856 - INFO - HedgeFund - Exiting position: P&L = -5.85 (-0.60%)
2025-12-03 15:00:06,856 - INFO - HedgeFund - Entering long position: 0.052080 BTC at 18679.05
2025-12-03 15:00:06,856 - INFO - HedgeFund - Exiting position: P&L = -6.61 (-0.68%)
2025-12-03 15:00:06,857 - INFO - HedgeFund - Entering long position: 0.053436 BTC at 18192.57
2025-12-03 15:00:06,857 - INFO - HedgeFund - Exiting position: P&L = 2.92 (0.30%)
2025-12-03 15:00:06,857 - INFO - HedgeFund - Entering long position: 0.053058 BTC at 18327.82
2025-12-03 15:00:06,857 - INFO - HedgeFund - Exiting position: P&L = 54.95 (5.65%)
2025-12-03 15:00:06,857 - INFO - HedgeFund - Entering long position: 0.050492 BTC at 19368.07
2025-12-03 15:00:06,857 - INFO - HedgeFund - Exiting position: P&L = -2.43 (-0.25%)
2025-12-03 15:00:06,857 - INFO - HedgeFund - Entering long position: 0.050404 BTC at 19396.83
2025-12-03 15:00:06,857 - INFO - HedgeFund - Exiting position: P&L = -12.21 (-1.25%)
2025-12-03 15:00:06,857 - INFO - HedgeFund - Entering long position: 0.050011 BTC at 19524.95
2025-12-03 15:00:06,857 - INFO - HedgeFund - Exiting position: P&L = -9.84 (-1.01%)
2025-12-03 15:00:06,857 - INFO - HedgeFund - Entering long position: 0.049908 BTC at 19545.64
2025-12-03 15:00:06,857 - INFO - HedgeFund - Exiting position: P&L = 5.41 (0.55%)
2025-12-03 15:00:06,857 - INFO - HedgeFund - Entering long position: 0.050281 BTC at 19411.31
2025-12-03 15:00:06,858 - INFO - HedgeFund - Exiting position: P&L = 6.99 (0.72%)
2025-12-03 15:00:06,858 - INFO - HedgeFund - Entering long position: 0.050022 BTC at 19525.60
2025-12-03 15:00:06,858 - INFO - HedgeFund - Exiting position: P&L = 94.13 (9.64%)
2025-12-03 15:00:06,858 - INFO - HedgeFund - Entering long position: 0.046263 BTC at 21315.73
2025-12-03 15:00:06,858 - INFO - HedgeFund - Exiting position: P&L = 15.56 (1.58%)
2025-12-03 15:00:06,858 - INFO - HedgeFund - Entering long position: 0.045136 BTC at 21882.53
2025-12-03 15:00:06,858 - INFO - HedgeFund - Exiting position: P&L = 77.25 (7.82%)
2025-12-03 15:00:06,858 - INFO - HedgeFund - Entering long position: 0.041570 BTC at 23945.54
2025-12-03 15:00:06,858 - INFO - HedgeFund - Exiting position: P&L = -7.99 (-0.80%)
2025-12-03 15:00:06,859 - INFO - HedgeFund - Entering long position: 0.041912 BTC at 23730.99
2025-12-03 15:00:06,859 - INFO - HedgeFund - Exiting position: P&L = -12.25 (-1.23%)
2025-12-03 15:00:06,859 - INFO - HedgeFund - Entering long position: 0.041839 BTC at 23743.00
2025-12-03 15:00:06,859 - INFO - HedgeFund - Exiting position: P&L = 14.90 (1.50%)
2025-12-03 15:00:06,859 - INFO - HedgeFund - Entering long position: 0.041079 BTC at 24218.80
2025-12-03 15:00:06,859 - INFO - HedgeFund - Exiting position: P&L = -12.79 (-1.29%)
2025-12-03 15:00:06,859 - INFO - HedgeFund - Entering long position: 0.041469 BTC at 23960.11
2025-12-03 15:00:06,859 - INFO - HedgeFund - Exiting position: P&L = -4.15 (-0.42%)
2025-12-03 15:00:06,859 - INFO - HedgeFund - Entering long position: 0.041378 BTC at 24002.52
2025-12-03 15:00:06,859 - INFO - HedgeFund - Exiting position: P&L = 1.26 (0.13%)
2025-12-03 15:00:06,859 - INFO - HedgeFund - Entering long position: 0.040623 BTC at 24451.89
2025-12-03 15:00:06,860 - INFO - HedgeFund - Exiting position: P&L = -10.96 (-1.10%)
2025-12-03 15:00:06,860 - INFO - HedgeFund - Entering long position: 0.041801 BTC at 23736.28
2025-12-03 15:00:06,860 - INFO - HedgeFund - Exiting position: P&L = 15.14 (1.53%)
2025-12-03 15:00:06,860 - INFO - HedgeFund - Entering long position: 0.041141 BTC at 24154.39
2025-12-03 15:00:06,860 - INFO - HedgeFund - Exiting position: P&L = 60.08 (6.05%)
2025-12-03 15:00:06,860 - INFO - HedgeFund - Entering long position: 0.039565 BTC at 25267.83
2025-12-03 15:00:06,860 - INFO - HedgeFund - Exiting position: P&L = -20.53 (-2.05%)
2025-12-03 15:00:06,860 - INFO - HedgeFund - Entering long position: 0.039764 BTC at 25090.13
2025-12-03 15:00:06,861 - INFO - HedgeFund - Exiting position: P&L = -0.85 (-0.08%)
2025-12-03 15:00:06,861 - INFO - HedgeFund - Entering long position: 0.039744 BTC at 25100.76
2025-12-03 15:00:06,861 - INFO - HedgeFund - Exiting position: P&L = -1.87 (-0.19%)
2025-12-03 15:00:06,861 - INFO - HedgeFund - Entering long position: 0.039671 BTC at 25142.02
2025-12-03 15:00:06,861 - INFO - HedgeFund - Exiting position: P&L = -13.06 (-1.31%)
2025-12-03 15:00:06,861 - INFO - HedgeFund - Entering long position: 0.039433 BTC at 25260.54
2025-12-03 15:00:06,861 - INFO - HedgeFund - Exiting position: P&L = 12.52 (1.26%)
2025-12-03 15:00:06,861 - INFO - HedgeFund - Entering long position: 0.038480 BTC at 25919.04
2025-12-03 15:00:06,861 - INFO - HedgeFund - Exiting position: P&L = -12.76 (-1.28%)
2025-12-03 15:00:06,861 - INFO - HedgeFund - Entering long position: 0.038866 BTC at 25628.43
2025-12-03 15:00:06,862 - INFO - HedgeFund - Exiting position: P&L = -3.01 (-0.30%)
2025-12-03 15:00:06,862 - INFO - HedgeFund - Entering long position: 0.038543 BTC at 25835.55
2025-12-03 15:00:06,862 - INFO - HedgeFund - Exiting position: P&L = -9.73 (-0.98%)
2025-12-03 15:00:06,862 - INFO - HedgeFund - Entering long position: 0.038818 BTC at 25627.10
2025-12-03 15:00:06,862 - INFO - HedgeFund - Exiting position: P&L = -4.06 (-0.41%)
2025-12-03 15:00:06,908 - INFO - HedgeFund - Entering long position: 0.039336 BTC at 25279.48
2025-12-03 15:00:06,909 - INFO - HedgeFund - Exiting position: P&L = -7.80 (-0.78%)
2025-12-03 15:00:06,909 - INFO - HedgeFund - Entering long position: 0.039559 BTC at 25117.18
2025-12-03 15:00:06,909 - INFO - HedgeFund - Exiting position: P&L = -0.26 (-0.03%)
2025-12-03 15:00:06,909 - INFO - HedgeFund - Entering long position: 0.039078 BTC at 25425.71
2025-12-03 15:00:06,909 - INFO - HedgeFund - Exiting position: P&L = -1.92 (-0.19%)
2025-12-03 15:00:06,909 - INFO - HedgeFund - Entering long position: 0.038938 BTC at 25512.53
2025-12-03 15:00:06,910 - INFO - HedgeFund - Exiting position: P&L = -0.43 (-0.04%)
2025-12-03 15:00:06,910 - INFO - HedgeFund - Entering long position: 0.037938 BTC at 26183.86
2025-12-03 15:00:06,910 - INFO - HedgeFund - Exiting position: P&L = -20.25 (-2.04%)
2025-12-03 15:00:06,910 - INFO - HedgeFund - Entering long position: 0.038492 BTC at 25753.94
2025-12-03 15:00:06,910 - INFO - HedgeFund - Exiting position: P&L = -3.47 (-0.35%)
2025-12-03 15:00:06,910 - INFO - HedgeFund - Entering long position: 0.038573 BTC at 25691.25
2025-12-03 15:00:06,910 - INFO - HedgeFund - Exiting position: P&L = 3.61 (0.36%)
2025-12-03 15:00:06,910 - INFO - HedgeFund - Entering long position: 0.039828 BTC at 24890.58
2025-12-03 15:00:06,910 - INFO - HedgeFund - Exiting position: P&L = -11.88 (-1.20%)
2025-12-03 15:00:06,911 - INFO - HedgeFund - Entering long position: 0.041474 BTC at 23874.12
2025-12-03 15:00:06,911 - INFO - HedgeFund - Exiting position: P&L = -11.27 (-1.14%)
2025-12-03 15:00:06,911 - INFO - HedgeFund - Entering long position: 0.040915 BTC at 24172.61
2025-12-03 15:00:06,911 - INFO - HedgeFund - Exiting position: P&L = -13.33 (-1.35%)
2025-12-03 15:00:06,911 - INFO - HedgeFund - Entering long position: 0.042648 BTC at 23159.12
2025-12-03 15:00:06,911 - INFO - HedgeFund - Exiting position: P&L = -7.96 (-0.81%)
2025-12-03 15:00:06,911 - INFO - HedgeFund - Entering long position: 0.042767 BTC at 23076.19
2025-12-03 15:00:06,911 - INFO - HedgeFund - Exiting position: P&L = 22.48 (2.28%)
2025-12-03 15:00:06,912 - INFO - HedgeFund - Entering long position: 0.041198 BTC at 24009.76
2025-12-03 15:00:06,912 - INFO - HedgeFund - Exiting position: P&L = 120.32 (12.16%)
2025-12-03 15:00:06,912 - INFO - HedgeFund - Entering long position: 0.036188 BTC at 27666.43
2025-12-03 15:00:06,912 - INFO - HedgeFund - Exiting position: P&L = -3.70 (-0.37%)
2025-12-03 15:00:06,912 - INFO - HedgeFund - Entering long position: 0.036637 BTC at 27316.67
2025-12-03 15:00:06,912 - INFO - HedgeFund - Exiting position: P&L = 19.91 (1.99%)
2025-12-03 15:00:06,912 - INFO - HedgeFund - Entering long position: 0.035523 BTC at 28229.34
2025-12-03 15:00:06,913 - INFO - HedgeFund - Exiting position: P&L = -14.42 (-1.44%)
2025-12-03 15:00:06,913 - INFO - HedgeFund - Entering long position: 0.036162 BTC at 27691.04
2025-12-03 15:00:06,913 - INFO - HedgeFund - Exiting position: P&L = 57.72 (5.76%)
2025-12-03 15:00:06,913 - INFO - HedgeFund - Entering long position: 0.033980 BTC at 29638.57
2025-12-03 15:00:06,913 - INFO - HedgeFund - Exiting position: P&L = 25.51 (2.53%)
2025-12-03 15:00:06,913 - INFO - HedgeFund - Entering long position: 0.032586 BTC at 30985.35
2025-12-03 15:00:06,913 - INFO - HedgeFund - Exiting position: P&L = -8.71 (-0.86%)
2025-12-03 15:00:06,913 - INFO - HedgeFund - Entering long position: 0.032629 BTC at 30917.19
2025-12-03 15:00:06,914 - INFO - HedgeFund - Exiting position: P&L = 36.90 (3.66%)
2025-12-03 15:00:06,914 - INFO - HedgeFund - Entering long position: 0.031622 BTC at 32018.88
2025-12-03 15:00:06,914 - INFO - HedgeFund - Exiting position: P&L = -15.42 (-1.52%)
2025-12-03 15:00:06,914 - INFO - HedgeFund - Entering long position: 0.031858 BTC at 31733.76
2025-12-03 15:00:06,914 - INFO - HedgeFund - Exiting position: P&L = 3.41 (0.34%)
2025-12-03 15:00:06,914 - INFO - HedgeFund - Entering long position: 0.031329 BTC at 32280.26
2025-12-03 15:00:06,914 - INFO - HedgeFund - Exiting position: P&L = 2.81 (0.28%)
2025-12-03 15:00:06,914 - INFO - HedgeFund - Entering long position: 0.031209 BTC at 32413.23
2025-12-03 15:00:06,914 - INFO - HedgeFund - Exiting position: P&L = -5.68 (-0.56%)
2025-12-03 15:00:06,915 - INFO - HedgeFund - Entering long position: 0.030995 BTC at 32618.50
2025-12-03 15:00:06,915 - INFO - HedgeFund - Exiting position: P&L = -21.59 (-2.14%)
2025-12-03 15:00:06,915 - INFO - HedgeFund - Entering long position: 0.033338 BTC at 30261.77
2025-12-03 15:00:06,915 - INFO - HedgeFund - Exiting position: P&L = -6.36 (-0.63%)
2025-12-03 15:00:06,915 - INFO - HedgeFund - Entering long position: 0.033385 BTC at 30200.23
2025-12-03 15:00:06,915 - INFO - HedgeFund - Exiting position: P&L = 0.60 (0.06%)
2025-12-03 15:00:06,915 - INFO - HedgeFund - Entering long position: 0.033333 BTC at 30248.33
2025-12-03 15:00:06,915 - INFO - HedgeFund - Exiting position: P&L = -3.64 (-0.36%)
2025-12-03 15:00:06,915 - INFO - HedgeFund - Entering long position: 0.033309 BTC at 30259.49
2025-12-03 15:00:06,915 - INFO - HedgeFund - Exiting position: P&L = -10.21 (-1.01%)
2025-12-03 15:00:06,916 - INFO - HedgeFund - Entering long position: 0.034238 BTC at 29408.32
2025-12-03 15:00:06,916 - INFO - HedgeFund - Exiting position: P&L = -6.93 (-0.69%)
2025-12-03 15:00:06,916 - INFO - HedgeFund - Entering long position: 0.033778 BTC at 29789.08
2025-12-03 15:00:06,916 - INFO - HedgeFund - Exiting position: P&L = -6.22 (-0.62%)
2025-12-03 15:00:06,916 - INFO - HedgeFund - Entering long position: 0.033674 BTC at 29861.93
2025-12-03 15:00:06,916 - INFO - HedgeFund - Exiting position: P&L = 35.61 (3.54%)
2025-12-03 15:00:06,916 - INFO - HedgeFund - Entering long position: 0.032568 BTC at 30985.38
2025-12-03 15:00:06,916 - INFO - HedgeFund - Exiting position: P&L = 34.43 (3.41%)
2025-12-03 15:00:06,916 - INFO - HedgeFund - Entering long position: 0.031504 BTC at 32141.70
2025-12-03 15:00:06,917 - INFO - HedgeFund - Exiting position: P&L = -12.59 (-1.24%)
2025-12-03 15:00:06,917 - INFO - HedgeFund - Entering long position: 0.031007 BTC at 32616.42
2025-12-03 15:00:06,917 - INFO - HedgeFund - Exiting position: P&L = 25.43 (2.51%)
2025-12-03 15:00:06,917 - INFO - HedgeFund - Entering long position: 0.030021 BTC at 33772.14
2025-12-03 15:00:06,917 - INFO - HedgeFund - Exiting position: P&L = -15.84 (-1.56%)
2025-12-03 15:00:06,917 - INFO - HedgeFund - Entering long position: 0.029845 BTC at 33918.39
2025-12-03 15:00:06,917 - INFO - HedgeFund - Exiting position: P&L = -15.10 (-1.49%)
2025-12-03 15:00:06,917 - INFO - HedgeFund - Entering long position: 0.030287 BTC at 33373.04
2025-12-03 15:00:06,918 - INFO - HedgeFund - Exiting position: P&L = 27.82 (2.75%)
2025-12-03 15:00:06,918 - INFO - HedgeFund - Entering long position: 0.029115 BTC at 34811.95
2025-12-03 15:00:06,918 - INFO - HedgeFund - Exiting position: P&L = -17.15 (-1.69%)
2025-12-03 15:00:06,918 - INFO - HedgeFund - Entering long position: 0.029992 BTC at 33736.96
2025-12-03 15:00:06,918 - INFO - HedgeFund - Exiting position: P&L = -10.84 (-1.07%)
2025-12-03 15:00:06,918 - INFO - HedgeFund - Entering long position: 0.030162 BTC at 33511.09
2025-12-03 15:00:06,918 - INFO - HedgeFund - Exiting position: P&L = 21.83 (2.16%)
2025-12-03 15:00:06,918 - INFO - HedgeFund - Entering long position: 0.030593 BTC at 33110.66
2025-12-03 15:00:06,918 - INFO - HedgeFund - Exiting position: P&L = -9.55 (-0.94%)
2025-12-03 15:00:06,918 - INFO - HedgeFund - Entering long position: 0.030561 BTC at 33113.32
2025-12-03 15:00:06,918 - INFO - HedgeFund - Exiting position: P&L = -0.42 (-0.04%)
2025-12-03 15:00:06,918 - INFO - HedgeFund - Entering long position: 0.030235 BTC at 33469.12
2025-12-03 15:00:06,918 - INFO - HedgeFund - Exiting position: P&L = 17.02 (1.68%)
2025-12-03 15:00:06,919 - INFO - HedgeFund - Entering long position: 0.029950 BTC at 33844.26
2025-12-03 15:00:06,919 - INFO - HedgeFund - Exiting position: P&L = 36.00 (3.55%)
2025-12-03 15:00:06,919 - INFO - HedgeFund - Entering long position: 0.028737 BTC at 35398.02
2025-12-03 15:00:06,919 - INFO - HedgeFund - Exiting position: P&L = 17.28 (1.70%)
2025-12-03 15:00:06,919 - INFO - HedgeFund - Entering long position: 0.028177 BTC at 36163.18
2025-12-03 15:00:06,919 - INFO - HedgeFund - Exiting position: P&L = 6.23 (0.61%)
2025-12-03 15:00:06,919 - INFO - HedgeFund - Entering long position: 0.028135 BTC at 36239.14
2025-12-03 15:00:06,919 - INFO - HedgeFund - Exiting position: P&L = -19.10 (-1.87%)
2025-12-03 15:00:06,919 - INFO - HedgeFund - Entering long position: 0.029539 BTC at 34452.44
2025-12-03 15:00:06,919 - INFO - HedgeFund - Exiting position: P&L = 9.37 (0.92%)
2025-12-03 15:00:06,919 - INFO - HedgeFund - Entering long position: 0.029144 BTC at 34951.02
2025-12-03 15:00:06,920 - INFO - HedgeFund - Exiting position: P&L = -1.54 (-0.15%)
2025-12-03 15:00:06,920 - INFO - HedgeFund - Entering long position: 0.029988 BTC at 33962.37
2025-12-03 15:00:06,920 - INFO - HedgeFund - Exiting position: P&L = -12.86 (-1.26%)
2025-12-03 15:00:06,920 - INFO - HedgeFund - Entering long position: 0.030569 BTC at 33275.16
2025-12-03 15:00:06,920 - INFO - HedgeFund - Exiting position: P&L = -18.16 (-1.79%)
2025-12-03 15:00:06,920 - INFO - HedgeFund - Entering long position: 0.031015 BTC at 32737.46
2025-12-03 15:00:06,920 - INFO - HedgeFund - Exiting position: P&L = -1.72 (-0.17%)
2025-12-03 15:00:06,920 - INFO - HedgeFund - Entering long position: 0.031355 BTC at 32377.58
2025-12-03 15:00:06,920 - INFO - HedgeFund - Exiting position: P&L = 7.78 (0.77%)
2025-12-03 15:00:06,920 - INFO - HedgeFund - Entering long position: 0.030645 BTC at 33152.77
2025-12-03 15:00:06,920 - INFO - HedgeFund - Exiting position: P&L = -5.30 (-0.52%)
2025-12-03 15:00:06,921 - INFO - HedgeFund - Entering long position: 0.031021 BTC at 32733.55
2025-12-03 15:00:06,921 - INFO - HedgeFund - Exiting position: P&L = -11.17 (-1.10%)
2025-12-03 15:00:06,921 - INFO - HedgeFund - Entering long position: 0.031743 BTC at 31954.70
2025-12-03 15:00:06,921 - INFO - HedgeFund - Exiting position: P&L = -20.67 (-2.04%)
2025-12-03 15:00:06,921 - INFO - HedgeFund - Entering long position: 0.032345 BTC at 31295.49
2025-12-03 15:00:06,921 - INFO - HedgeFund - Exiting position: P&L = 15.65 (1.55%)
2025-12-03 15:00:06,921 - INFO - HedgeFund - Entering long position: 0.031824 BTC at 31857.63
2025-12-03 15:00:06,921 - INFO - HedgeFund - Exiting position: P&L = -2.31 (-0.23%)
2025-12-03 15:00:06,921 - INFO - HedgeFund - Entering long position: 0.031772 BTC at 31902.12
2025-12-03 15:00:06,921 - INFO - HedgeFund - Exiting position: P&L = 3.13 (0.31%)
2025-12-03 15:00:06,921 - INFO - HedgeFund - Entering long position: 0.031377 BTC at 32314.16
2025-12-03 15:00:06,921 - INFO - HedgeFund - Exiting position: P&L = -16.67 (-1.64%)
2025-12-03 15:00:06,921 - INFO - HedgeFund - Entering long position: 0.032345 BTC at 31295.50
2025-12-03 15:00:06,921 - INFO - HedgeFund - Exiting position: P&L = -16.40 (-1.62%)
2025-12-03 15:00:06,922 - INFO - HedgeFund - Entering long position: 0.032964 BTC at 30657.60
2025-12-03 15:00:06,922 - INFO - HedgeFund - Exiting position: P&L = -1.95 (-0.19%)
2025-12-03 15:00:06,922 - INFO - HedgeFund - Entering long position: 0.032789 BTC at 30815.11
2025-12-03 15:00:06,922 - INFO - HedgeFund - Exiting position: P&L = -2.54 (-0.25%)
2025-12-03 15:00:06,922 - INFO - HedgeFund - Entering long position: 0.033064 BTC at 30551.65
2025-12-03 15:00:06,922 - INFO - HedgeFund - Exiting position: P&L = -18.42 (-1.82%)
2025-12-03 15:00:06,922 - INFO - HedgeFund - Entering long position: 0.033742 BTC at 29882.80
2025-12-03 15:00:06,922 - INFO - HedgeFund - Exiting position: P&L = 20.74 (2.06%)
2025-12-03 15:00:06,922 - INFO - HedgeFund - Entering long position: 0.032724 BTC at 30875.77
2025-12-03 15:00:06,922 - INFO - HedgeFund - Exiting position: P&L = -6.34 (-0.63%)
2025-12-03 15:00:06,922 - INFO - HedgeFund - Entering long position: 0.032717 BTC at 30863.15
2025-12-03 15:00:06,922 - INFO - HedgeFund - Exiting position: P&L = -3.23 (-0.32%)
2025-12-03 15:00:06,922 - INFO - HedgeFund - Entering long position: 0.032590 BTC at 30973.33
2025-12-03 15:00:06,922 - INFO - HedgeFund - Exiting position: P&L = 6.87 (0.68%)
2025-12-03 15:00:06,922 - INFO - HedgeFund - Entering long position: 0.032145 BTC at 31424.05
2025-12-03 15:00:06,922 - INFO - HedgeFund - Exiting position: P&L = -11.51 (-1.14%)
2025-12-03 15:00:06,923 - INFO - HedgeFund - Entering long position: 0.032387 BTC at 31152.89
2025-12-03 15:00:06,923 - INFO - HedgeFund - Exiting position: P&L = 33.72 (3.34%)
2025-12-03 15:00:06,923 - INFO - HedgeFund - Entering long position: 0.031249 BTC at 32395.94
2025-12-03 15:00:06,923 - INFO - HedgeFund - Exiting position: P&L = -12.00 (-1.19%)
2025-12-03 15:00:06,923 - INFO - HedgeFund - Entering long position: 0.031278 BTC at 32327.32
2025-12-03 15:00:06,923 - INFO - HedgeFund - Exiting position: P&L = -1.44 (-0.14%)
2025-12-03 15:00:06,923 - INFO - HedgeFund - Entering long position: 0.030979 BTC at 32634.43
2025-12-03 15:00:06,923 - INFO - HedgeFund - Exiting position: P&L = 0.30 (0.03%)
2025-12-03 15:00:06,923 - INFO - HedgeFund - Entering long position: 0.030983 BTC at 32631.17
2025-12-03 15:00:06,923 - INFO - HedgeFund - Exiting position: P&L = -1.17 (-0.12%)
2025-12-03 15:00:06,923 - INFO - HedgeFund - Entering long position: 0.031152 BTC at 32450.78
2025-12-03 15:00:06,923 - INFO - HedgeFund - Exiting position: P&L = 12.93 (1.28%)
2025-12-03 15:00:06,923 - INFO - HedgeFund - Entering long position: 0.030346 BTC at 33354.91
2025-12-03 15:00:06,923 - INFO - HedgeFund - Exiting position: P&L = -5.53 (-0.55%)
2025-12-03 15:00:06,923 - INFO - HedgeFund - Entering long position: 0.030153 BTC at 33550.75
2025-12-03 15:00:06,924 - INFO - HedgeFund - Exiting position: P&L = 67.75 (6.70%)
2025-12-03 15:00:06,924 - INFO - HedgeFund - Entering long position: 0.028142 BTC at 36188.77
2025-12-03 15:00:06,924 - INFO - HedgeFund - Exiting position: P&L = -2.19 (-0.22%)
2025-12-03 15:00:06,924 - INFO - HedgeFund - Entering long position: 0.028979 BTC at 35135.80
2025-12-03 15:00:06,924 - INFO - HedgeFund - Exiting position: P&L = -4.23 (-0.42%)
2025-12-03 15:00:06,924 - INFO - HedgeFund - Entering long position: 0.028968 BTC at 35134.36
2025-12-03 15:00:06,924 - INFO - HedgeFund - Exiting position: P&L = -17.24 (-1.69%)
2025-12-03 15:00:06,924 - INFO - HedgeFund - Entering long position: 0.029367 BTC at 34597.80
2025-12-03 15:00:06,924 - INFO - HedgeFund - Exiting position: P&L = -12.42 (-1.22%)
2025-12-03 15:00:06,924 - INFO - HedgeFund - Entering long position: 0.029421 BTC at 34492.73
2025-12-03 15:00:06,924 - INFO - HedgeFund - Exiting position: P&L = -4.58 (-0.45%)
2025-12-03 15:00:06,924 - INFO - HedgeFund - Entering long position: 0.030315 BTC at 33460.88
2025-12-03 15:00:06,924 - INFO - HedgeFund - Exiting position: P&L = -2.33 (-0.23%)
2025-12-03 15:00:06,924 - INFO - HedgeFund - Entering long position: 0.030035 BTC at 33764.85
2025-12-03 15:00:06,924 - INFO - HedgeFund - Exiting position: P&L = 2.61 (0.26%)
2025-12-03 15:00:06,924 - INFO - HedgeFund - Entering long position: 0.029513 BTC at 34370.65
2025-12-03 15:00:06,925 - INFO - HedgeFund - Exiting position: P&L = -7.88 (-0.78%)
2025-12-03 15:00:06,925 - INFO - HedgeFund - Entering long position: 0.029496 BTC at 34363.35
2025-12-03 15:00:06,925 - INFO - HedgeFund - Exiting position: P&L = -14.72 (-1.45%)
2025-12-03 15:00:06,925 - INFO - HedgeFund - Entering long position: 0.029817 BTC at 33944.34
2025-12-03 15:00:06,925 - INFO - HedgeFund - Exiting position: P&L = -3.14 (-0.31%)
2025-12-03 15:00:06,925 - INFO - HedgeFund - Entering long position: 0.029755 BTC at 34004.56
2025-12-03 15:00:06,925 - INFO - HedgeFund - Exiting position: P&L = -14.70 (-1.45%)
2025-12-03 15:00:06,925 - INFO - HedgeFund - Entering long position: 0.029337 BTC at 34439.21
2025-12-03 15:00:06,925 - INFO - HedgeFund - Exiting position: P&L = 15.93 (1.58%)
2025-12-03 15:00:06,925 - INFO - HedgeFund - Entering long position: 0.028756 BTC at 35190.71
2025-12-03 15:00:06,925 - INFO - HedgeFund - Exiting position: P&L = 1.42 (0.14%)
2025-12-03 15:00:06,926 - INFO - HedgeFund - Entering long position: 0.028275 BTC at 35794.24
2025-12-03 15:00:06,926 - INFO - HedgeFund - Exiting position: P&L = 33.29 (3.29%)
2025-12-03 15:00:06,926 - INFO - HedgeFund - Entering long position: 0.027580 BTC at 36817.03
2025-12-03 15:00:06,926 - INFO - HedgeFund - Exiting position: P&L = -8.55 (-0.84%)
2025-12-03 15:00:06,926 - INFO - HedgeFund - Entering long position: 0.027466 BTC at 36938.86
2025-12-03 15:00:06,926 - INFO - HedgeFund - Exiting position: P&L = -3.79 (-0.37%)
2025-12-03 15:00:06,926 - INFO - HedgeFund - Entering long position: 0.027390 BTC at 37026.96
2025-12-03 15:00:06,926 - INFO - HedgeFund - Exiting position: P&L = -1.61 (-0.16%)
2025-12-03 15:00:06,926 - INFO - HedgeFund - Entering long position: 0.027028 BTC at 37516.47
2025-12-03 15:00:06,926 - INFO - HedgeFund - Exiting position: P&L = -3.54 (-0.35%)
2025-12-03 15:00:06,926 - INFO - HedgeFund - Entering long position: 0.026911 BTC at 37667.50
2025-12-03 15:00:06,926 - INFO - HedgeFund - Exiting position: P&L = -13.79 (-1.36%)
2025-12-03 15:00:06,926 - INFO - HedgeFund - Entering long position: 0.029381 BTC at 34453.41
2025-12-03 15:00:06,927 - INFO - HedgeFund - Exiting position: P&L = -11.61 (-1.15%)
2025-12-03 15:00:06,927 - INFO - HedgeFund - Entering long position: 0.029320 BTC at 34485.77
2025-12-03 15:00:06,927 - INFO - HedgeFund - Exiting position: P&L = 9.95 (0.98%)
2025-12-03 15:00:06,927 - INFO - HedgeFund - Entering long position: 0.028796 BTC at 35147.43
2025-12-03 15:00:06,927 - INFO - HedgeFund - Exiting position: P&L = -13.90 (-1.37%)
2025-12-03 15:00:06,927 - INFO - HedgeFund - Entering long position: 0.031325 BTC at 32265.78
2025-12-03 15:00:06,927 - INFO - HedgeFund - Exiting position: P&L = -7.24 (-0.72%)
2025-12-03 15:00:06,927 - INFO - HedgeFund - Entering long position: 0.031216 BTC at 32355.29
2025-12-03 15:00:06,927 - INFO - HedgeFund - Exiting position: P&L = 27.91 (2.76%)
2025-12-03 15:00:06,928 - INFO - HedgeFund - Entering long position: 0.029936 BTC at 33832.20
2025-12-03 15:00:06,928 - INFO - HedgeFund - Exiting position: P&L = -3.91 (-0.39%)
2025-12-03 15:00:06,928 - INFO - HedgeFund - Entering long position: 0.029857 BTC at 33907.65
2025-12-03 15:00:06,928 - INFO - HedgeFund - Exiting position: P&L = -12.64 (-1.25%)
2025-12-03 15:00:06,928 - INFO - HedgeFund - Entering long position: 0.029753 BTC at 33984.65
2025-12-03 15:00:06,928 - INFO - HedgeFund - Exiting position: P&L = 60.13 (5.95%)
2025-12-03 15:00:06,928 - INFO - HedgeFund - Entering long position: 0.029408 BTC at 34586.99
2025-12-03 15:00:06,928 - INFO - HedgeFund - Exiting position: P&L = 4.24 (0.42%)
2025-12-03 15:00:06,928 - INFO - HedgeFund - Entering long position: 0.029444 BTC at 34559.51
2025-12-03 15:00:06,928 - INFO - HedgeFund - Exiting position: P&L = -9.81 (-0.96%)
2025-12-03 15:00:06,928 - INFO - HedgeFund - Entering long position: 0.029647 BTC at 34289.26
2025-12-03 15:00:06,928 - INFO - HedgeFund - Exiting position: P&L = 14.49 (1.43%)
2025-12-03 15:00:06,929 - INFO - HedgeFund - Entering long position: 0.028851 BTC at 35285.84
2025-12-03 15:00:06,929 - INFO - HedgeFund - Exiting position: P&L = -16.28 (-1.60%)
2025-12-03 15:00:06,929 - INFO - HedgeFund - Entering long position: 0.028935 BTC at 35127.38
2025-12-03 15:00:06,929 - INFO - HedgeFund - Exiting position: P&L = -14.47 (-1.42%)
2025-12-03 15:00:06,929 - INFO - HedgeFund - Entering long position: 0.029310 BTC at 34627.92
2025-12-03 15:00:06,929 - INFO - HedgeFund - Exiting position: P&L = 26.08 (2.57%)
2025-12-03 15:00:06,929 - INFO - HedgeFund - Entering long position: 0.028554 BTC at 35636.37
2025-12-03 15:00:06,929 - INFO - HedgeFund - Exiting position: P&L = 3.36 (0.33%)
2025-12-03 15:00:06,929 - INFO - HedgeFund - Entering long position: 0.027960 BTC at 36405.37
2025-12-03 15:00:06,929 - INFO - HedgeFund - Exiting position: P&L = -8.60 (-0.84%)
2025-12-03 15:00:06,929 - INFO - HedgeFund - Entering long position: 0.029477 BTC at 34503.23
2025-12-03 15:00:06,929 - INFO - HedgeFund - Exiting position: P&L = 80.98 (7.96%)
2025-12-03 15:00:06,929 - INFO - HedgeFund - Entering long position: 0.027493 BTC at 37287.04
2025-12-03 15:00:06,929 - INFO - HedgeFund - Exiting position: P&L = -7.63 (-0.74%)
2025-12-03 15:00:06,930 - INFO - HedgeFund - Entering long position: 0.029937 BTC at 34217.49
2025-12-03 15:00:06,930 - INFO - HedgeFund - Exiting position: P&L = -5.04 (-0.49%)
2025-12-03 15:00:06,930 - INFO - HedgeFund - Entering long position: 0.029883 BTC at 34262.53
2025-12-03 15:00:06,930 - INFO - HedgeFund - Exiting position: P&L = -18.05 (-1.76%)
2025-12-03 15:00:06,930 - INFO - HedgeFund - Entering long position: 0.032093 BTC at 31846.83
2025-12-03 15:00:06,930 - INFO - HedgeFund - Exiting position: P&L = -1.27 (-0.12%)
2025-12-03 15:00:06,930 - INFO - HedgeFund - Entering long position: 0.033496 BTC at 30509.48
2025-12-03 15:00:06,930 - INFO - HedgeFund - Exiting position: P&L = -7.66 (-0.75%)
2025-12-03 15:00:06,930 - INFO - HedgeFund - Entering long position: 0.033684 BTC at 30316.39
2025-12-03 15:00:06,930 - INFO - HedgeFund - Exiting position: P&L = -9.60 (-0.94%)
2025-12-03 15:00:06,930 - INFO - HedgeFund - Entering long position: 0.033825 BTC at 30162.03
2025-12-03 15:00:06,930 - INFO - HedgeFund - Exiting position: P&L = 14.44 (1.42%)
2025-12-03 15:00:06,930 - INFO - HedgeFund - Entering long position: 0.033366 BTC at 30619.91
2025-12-03 15:00:06,931 - INFO - HedgeFund - Exiting position: P&L = 8.61 (0.84%)
2025-12-03 15:00:06,931 - INFO - HedgeFund - Entering long position: 0.033194 BTC at 30804.15
2025-12-03 15:00:06,931 - INFO - HedgeFund - Exiting position: P&L = -5.40 (-0.53%)
2025-12-03 15:00:06,931 - INFO - HedgeFund - Entering long position: 0.033223 BTC at 30761.22
2025-12-03 15:00:06,931 - INFO - HedgeFund - Exiting position: P&L = -10.13 (-0.99%)
2025-12-03 15:00:06,931 - INFO - HedgeFund - Entering long position: 0.033007 BTC at 30931.96
2025-12-03 15:00:06,931 - INFO - HedgeFund - Exiting position: P&L = 11.70 (1.15%)
2025-12-03 15:00:06,931 - INFO - HedgeFund - Entering long position: 0.034500 BTC at 29627.68
2025-12-03 15:00:06,931 - INFO - HedgeFund - Exiting position: P&L = 22.32 (2.18%)
2025-12-03 15:00:06,931 - INFO - HedgeFund - Entering long position: 0.034484 BTC at 29705.98
2025-12-03 15:00:06,931 - INFO - HedgeFund - Exiting position: P&L = -8.87 (-0.87%)
2025-12-03 15:00:06,931 - INFO - HedgeFund - Entering long position: 0.033782 BTC at 30296.78
2025-12-03 15:00:06,931 - INFO - HedgeFund - Exiting position: P&L = 13.69 (1.34%)
2025-12-03 15:00:06,931 - INFO - HedgeFund - Entering long position: 0.033971 BTC at 30168.55
2025-12-03 15:00:06,932 - INFO - HedgeFund - Exiting position: P&L = -13.10 (-1.28%)
2025-12-03 15:00:06,932 - INFO - HedgeFund - Entering long position: 0.033958 BTC at 30141.13
2025-12-03 15:00:06,932 - INFO - HedgeFund - Exiting position: P&L = -10.30 (-1.01%)
2025-12-03 15:00:06,932 - INFO - HedgeFund - Entering long position: 0.033758 BTC at 30289.82
2025-12-03 15:00:06,932 - INFO - HedgeFund - Exiting position: P&L = -21.09 (-2.06%)
2025-12-03 15:00:06,932 - INFO - HedgeFund - Entering long position: 0.033925 BTC at 30078.10
2025-12-03 15:00:06,932 - INFO - HedgeFund - Exiting position: P&L = 14.56 (1.43%)
2025-12-03 15:00:06,932 - INFO - HedgeFund - Entering long position: 0.033888 BTC at 30154.22
2025-12-03 15:00:06,932 - INFO - HedgeFund - Exiting position: P&L = -7.36 (-0.72%)
2025-12-03 15:00:06,932 - INFO - HedgeFund - Entering long position: 0.033855 BTC at 30161.96
2025-12-03 15:00:06,932 - INFO - HedgeFund - Exiting position: P&L = -5.24 (-0.51%)
2025-12-03 15:00:06,932 - INFO - HedgeFund - Entering long position: 0.034032 BTC at 29989.36
2025-12-03 15:00:06,932 - INFO - HedgeFund - Exiting position: P&L = -14.40 (-1.41%)
2025-12-03 15:00:06,932 - INFO - HedgeFund - Entering long position: 0.035332 BTC at 28845.25
2025-12-03 15:00:06,933 - INFO - HedgeFund - Exiting position: P&L = 17.63 (1.73%)
2025-12-03 15:00:06,933 - INFO - HedgeFund - Entering long position: 0.036324 BTC at 28106.02
2025-12-03 15:00:06,933 - INFO - HedgeFund - Exiting position: P&L = 20.06 (1.97%)
2025-12-03 15:00:06,933 - INFO - HedgeFund - Entering long position: 0.035448 BTC at 28856.82
2025-12-03 15:00:06,933 - INFO - HedgeFund - Exiting position: P&L = -16.03 (-1.57%)
2025-12-03 15:00:06,933 - INFO - HedgeFund - Entering long position: 0.035517 BTC at 28755.85
2025-12-03 15:00:06,933 - INFO - HedgeFund - Exiting position: P&L = -10.42 (-1.02%)
2025-12-03 15:00:06,933 - INFO - HedgeFund - Entering long position: 0.037166 BTC at 27452.08
2025-12-03 15:00:06,933 - INFO - HedgeFund - Exiting position: P&L = 28.18 (2.76%)
2025-12-03 15:00:06,933 - INFO - HedgeFund - Entering long position: 0.035992 BTC at 28426.23
2025-12-03 15:00:06,933 - INFO - HedgeFund - Exiting position: P&L = -5.47 (-0.53%)
2025-12-03 15:00:06,933 - INFO - HedgeFund - Entering long position: 0.035962 BTC at 28434.58
2025-12-03 15:00:06,933 - INFO - HedgeFund - Exiting position: P&L = -16.31 (-1.60%)
2025-12-03 15:00:06,933 - INFO - HedgeFund - Entering long position: 0.036457 BTC at 28003.90
2025-12-03 15:00:06,934 - INFO - HedgeFund - Exiting position: P&L = 16.26 (1.59%)
2025-12-03 15:00:06,934 - INFO - HedgeFund - Entering long position: 0.034990 BTC at 29223.97
2025-12-03 15:00:06,934 - INFO - HedgeFund - Exiting position: P&L = -26.77 (-2.62%)
2025-12-03 15:00:06,934 - INFO - HedgeFund - Entering long position: 0.034408 BTC at 29640.62
2025-12-03 15:00:06,934 - INFO - HedgeFund - Exiting position: P&L = 52.87 (5.18%)
2025-12-03 15:00:06,934 - INFO - HedgeFund - Entering long position: 0.032821 BTC at 31234.68
2025-12-03 15:00:06,934 - INFO - HedgeFund - Exiting position: P&L = 17.64 (1.72%)
2025-12-03 15:00:06,934 - INFO - HedgeFund - Entering long position: 0.033059 BTC at 31063.45
2025-12-03 15:00:06,934 - INFO - HedgeFund - Exiting position: P&L = -5.72 (-0.56%)
2025-12-03 15:00:06,934 - INFO - HedgeFund - Entering long position: 0.034474 BTC at 29771.63
2025-12-03 15:00:06,934 - INFO - HedgeFund - Exiting position: P&L = -7.52 (-0.73%)
2025-12-03 15:00:06,935 - INFO - HedgeFund - Entering long position: 0.036842 BTC at 27837.98
2025-12-03 15:00:06,935 - INFO - HedgeFund - Exiting position: P&L = -7.16 (-0.70%)
2025-12-03 15:00:06,935 - INFO - HedgeFund - Entering long position: 0.037119 BTC at 27610.94
2025-12-03 15:00:06,935 - INFO - HedgeFund - Exiting position: P&L = -5.12 (-0.50%)
2025-12-03 15:00:06,935 - INFO - HedgeFund - Entering long position: 0.036961 BTC at 27714.84
2025-12-03 15:00:06,935 - INFO - HedgeFund - Exiting position: P&L = -0.41 (-0.04%)
2025-12-03 15:00:06,935 - INFO - HedgeFund - Entering long position: 0.036939 BTC at 27730.48
2025-12-03 15:00:06,935 - INFO - HedgeFund - Exiting position: P&L = -7.51 (-0.73%)
2025-12-03 15:00:06,935 - INFO - HedgeFund - Entering long position: 0.037154 BTC at 27549.89
2025-12-03 15:00:06,935 - INFO - HedgeFund - Exiting position: P&L = 1.80 (0.18%)
2025-12-03 15:00:06,935 - INFO - HedgeFund - Entering long position: 0.036653 BTC at 27931.03
2025-12-03 15:00:06,935 - INFO - HedgeFund - Exiting position: P&L = -3.53 (-0.34%)
2025-12-03 15:00:06,936 - INFO - HedgeFund - Entering long position: 0.036101 BTC at 28348.36
2025-12-03 15:00:06,936 - INFO - HedgeFund - Exiting position: P&L = -5.83 (-0.57%)
2025-12-03 15:00:06,936 - INFO - HedgeFund - Entering long position: 0.036751 BTC at 27830.96
2025-12-03 15:00:06,936 - INFO - HedgeFund - Exiting position: P&L = -6.27 (-0.61%)
2025-12-03 15:00:06,936 - INFO - HedgeFund - Entering long position: 0.037002 BTC at 27625.80
2025-12-03 15:00:06,936 - INFO - HedgeFund - Exiting position: P&L = -5.75 (-0.56%)
2025-12-03 15:00:06,936 - INFO - HedgeFund - Entering long position: 0.037778 BTC at 27042.88
2025-12-03 15:00:06,936 - INFO - HedgeFund - Exiting position: P&L = -13.78 (-1.35%)
2025-12-03 15:00:06,936 - INFO - HedgeFund - Entering long position: 0.038097 BTC at 26780.29
2025-12-03 15:00:06,937 - INFO - HedgeFund - Exiting position: P&L = 49.37 (4.84%)
2025-12-03 15:00:06,937 - INFO - HedgeFund - Entering long position: 0.038080 BTC at 26922.18
2025-12-03 15:00:06,937 - INFO - HedgeFund - Exiting position: P&L = 29.61 (2.89%)
2025-12-03 15:00:06,937 - INFO - HedgeFund - Entering long position: 0.036650 BTC at 28052.87
2025-12-03 15:00:06,937 - INFO - HedgeFund - Exiting position: P&L = -11.13 (-1.08%)
2025-12-03 15:00:06,937 - INFO - HedgeFund - Entering long position: 0.036696 BTC at 27987.64
2025-12-03 15:00:06,937 - INFO - HedgeFund - Exiting position: P&L = 6.60 (0.64%)
2025-12-03 15:00:06,938 - INFO - HedgeFund - Entering long position: 0.038410 BTC at 26755.89
2025-12-03 15:00:06,938 - INFO - HedgeFund - Exiting position: P&L = -4.57 (-0.45%)
2025-12-03 15:00:06,938 - INFO - HedgeFund - Entering long position: 0.037975 BTC at 27050.13
2025-12-03 15:00:06,938 - INFO - HedgeFund - Exiting position: P&L = -10.46 (-1.02%)
2025-12-03 15:00:06,938 - INFO - HedgeFund - Entering long position: 0.038046 BTC at 26972.46
2025-12-03 15:00:06,938 - INFO - HedgeFund - Exiting position: P&L = -13.81 (-1.35%)
2025-12-03 15:00:06,938 - INFO - HedgeFund - Entering long position: 0.039895 BTC at 25687.39
2025-12-03 15:00:06,938 - INFO - HedgeFund - Exiting position: P&L = -2.14 (-0.21%)
2025-12-03 15:00:06,938 - INFO - HedgeFund - Entering long position: 0.039677 BTC at 25823.38
2025-12-03 15:00:06,938 - INFO - HedgeFund - Exiting position: P&L = -2.29 (-0.22%)
2025-12-03 15:00:06,938 - INFO - HedgeFund - Entering long position: 0.041018 BTC at 24973.56
2025-12-03 15:00:06,938 - INFO - HedgeFund - Exiting position: P&L = -2.50 (-0.24%)
2025-12-03 15:00:06,939 - INFO - HedgeFund - Entering long position: 0.041840 BTC at 24477.10
2025-12-03 15:00:06,939 - INFO - HedgeFund - Exiting position: P&L = -0.08 (-0.01%)
2025-12-03 15:00:06,939 - INFO - HedgeFund - Entering long position: 0.041291 BTC at 24801.98
2025-12-03 15:00:06,939 - INFO - HedgeFund - Exiting position: P&L = -6.15 (-0.60%)
2025-12-03 15:00:06,939 - INFO - HedgeFund - Entering long position: 0.041053 BTC at 24931.13
2025-12-03 15:00:06,939 - INFO - HedgeFund - Exiting position: P&L = -13.56 (-1.32%)
2025-12-03 15:00:06,939 - INFO - HedgeFund - Entering long position: 0.041261 BTC at 24772.31
2025-12-03 15:00:06,939 - INFO - HedgeFund - Exiting position: P&L = -5.24 (-0.51%)
2025-12-03 15:00:06,939 - INFO - HedgeFund - Entering long position: 0.040982 BTC at 24928.11
2025-12-03 15:00:06,939 - INFO - HedgeFund - Exiting position: P&L = -14.22 (-1.39%)
2025-12-03 15:00:06,939 - INFO - HedgeFund - Entering long position: 0.041367 BTC at 24662.07
2025-12-03 15:00:06,939 - INFO - HedgeFund - Exiting position: P&L = 3.98 (0.39%)
2025-12-03 15:00:06,939 - INFO - HedgeFund - Entering long position: 0.042966 BTC at 23753.26
2025-12-03 15:00:06,939 - INFO - HedgeFund - Exiting position: P&L = 16.53 (1.62%)
2025-12-03 15:00:06,939 - INFO - HedgeFund - Entering long position: 0.041670 BTC at 24532.02
2025-12-03 15:00:06,940 - INFO - HedgeFund - Exiting position: P&L = -2.90 (-0.28%)
2025-12-03 15:00:06,940 - INFO - HedgeFund - Entering long position: 0.041763 BTC at 24470.27
2025-12-03 15:00:06,940 - INFO - HedgeFund - Exiting position: P&L = -2.20 (-0.22%)
2025-12-03 15:00:06,940 - INFO - HedgeFund - Entering long position: 0.041759 BTC at 24467.39
2025-12-03 15:00:06,940 - INFO - HedgeFund - Exiting position: P&L = -5.26 (-0.51%)
2025-12-03 15:00:06,940 - INFO - HedgeFund - Entering long position: 0.042796 BTC at 23861.95
2025-12-03 15:00:06,940 - INFO - HedgeFund - Exiting position: P&L = -3.91 (-0.38%)
2025-12-03 15:00:06,940 - INFO - HedgeFund - Entering long position: 0.043690 BTC at 23365.15
2025-12-03 15:00:06,940 - INFO - HedgeFund - Exiting position: P&L = -2.50 (-0.24%)
2025-12-03 15:00:06,940 - INFO - HedgeFund - Entering long position: 0.044970 BTC at 22694.59
2025-12-03 15:00:06,940 - INFO - HedgeFund - Exiting position: P&L = 1.89 (0.19%)
2025-12-03 15:00:06,940 - INFO - HedgeFund - Entering long position: 0.044635 BTC at 22868.81
2025-12-03 15:00:06,940 - INFO - HedgeFund - Exiting position: P&L = -7.90 (-0.77%)
2025-12-03 15:00:06,940 - INFO - HedgeFund - Entering long position: 0.044670 BTC at 22833.08
2025-12-03 15:00:06,940 - INFO - HedgeFund - Exiting position: P&L = -4.69 (-0.46%)
2025-12-03 15:00:06,941 - INFO - HedgeFund - Entering long position: 0.044504 BTC at 22907.70
2025-12-03 15:00:06,941 - INFO - HedgeFund - Exiting position: P&L = -8.52 (-0.84%)
2025-12-03 15:00:06,941 - INFO - HedgeFund - Entering long position: 0.044406 BTC at 22939.07
2025-12-03 15:00:06,941 - INFO - HedgeFund - Exiting position: P&L = -3.38 (-0.33%)
2025-12-03 15:00:06,941 - INFO - HedgeFund - Entering long position: 0.043757 BTC at 23272.02
2025-12-03 15:00:06,941 - INFO - HedgeFund - Exiting position: P&L = 29.29 (2.88%)
2025-12-03 15:00:06,941 - INFO - HedgeFund - Entering long position: 0.042291 BTC at 24147.85
2025-12-03 15:00:06,941 - INFO - HedgeFund - Exiting position: P&L = 11.97 (1.17%)
2025-12-03 15:00:06,941 - INFO - HedgeFund - Entering long position: 0.041311 BTC at 24749.69
2025-12-03 15:00:06,942 - INFO - HedgeFund - Exiting position: P&L = -16.24 (-1.59%)
2025-12-03 15:00:06,942 - INFO - HedgeFund - Entering long position: 0.043565 BTC at 23431.58
2025-12-03 15:00:06,942 - INFO - HedgeFund - Exiting position: P&L = -8.77 (-0.86%)
2025-12-03 15:00:06,942 - INFO - HedgeFund - Entering long position: 0.043165 BTC at 23628.63
2025-12-03 15:00:06,942 - INFO - HedgeFund - Exiting position: P&L = 26.11 (2.56%)
2025-12-03 15:00:06,942 - INFO - HedgeFund - Entering long position: 0.040884 BTC at 25010.68
2025-12-03 15:00:06,942 - INFO - HedgeFund - Exiting position: P&L = -2.30 (-0.22%)
2025-12-03 15:00:06,942 - INFO - HedgeFund - Entering long position: 0.040782 BTC at 25067.95
2025-12-03 15:00:06,942 - INFO - HedgeFund - Exiting position: P&L = 33.57 (3.28%)
2025-12-03 15:00:06,943 - INFO - HedgeFund - Entering long position: 0.038838 BTC at 26408.80
2025-12-03 15:00:06,943 - INFO - HedgeFund - Exiting position: P&L = 12.77 (1.25%)
2025-12-03 15:00:06,943 - INFO - HedgeFund - Entering long position: 0.038876 BTC at 26416.17
2025-12-03 15:00:06,943 - INFO - HedgeFund - Exiting position: P&L = -11.83 (-1.15%)
2025-12-03 15:00:06,943 - INFO - HedgeFund - Entering long position: 0.038703 BTC at 26503.66
2025-12-03 15:00:06,943 - INFO - HedgeFund - Exiting position: P&L = 12.63 (1.23%)
2025-12-03 15:00:06,943 - INFO - HedgeFund - Entering long position: 0.037904 BTC at 27095.14
2025-12-03 15:00:06,943 - INFO - HedgeFund - Exiting position: P&L = -10.31 (-1.00%)
2025-12-03 15:00:06,944 - INFO - HedgeFund - Entering long position: 0.037131 BTC at 27631.49
2025-12-03 15:00:06,944 - INFO - HedgeFund - Exiting position: P&L = -2.77 (-0.27%)
2025-12-03 15:00:06,944 - INFO - HedgeFund - Entering long position: 0.036804 BTC at 27869.63
2025-12-03 15:00:06,944 - INFO - HedgeFund - Exiting position: P&L = -8.04 (-0.78%)
2025-12-03 15:00:06,944 - INFO - HedgeFund - Entering long position: 0.037090 BTC at 27633.01
2025-12-03 15:00:06,944 - INFO - HedgeFund - Exiting position: P&L = -9.93 (-0.97%)
2025-12-03 15:00:06,944 - INFO - HedgeFund - Entering long position: 0.037342 BTC at 27420.08
2025-12-03 15:00:06,944 - INFO - HedgeFund - Exiting position: P&L = -6.28 (-0.61%)
2025-12-03 15:00:06,944 - INFO - HedgeFund - Entering long position: 0.037620 BTC at 27200.50
2025-12-03 15:00:06,945 - INFO - HedgeFund - Exiting position: P&L = 19.52 (1.91%)
2025-12-03 15:00:06,945 - INFO - HedgeFund - Entering long position: 0.036385 BTC at 28177.83
2025-12-03 15:00:06,945 - INFO - HedgeFund - Exiting position: P&L = -8.24 (-0.80%)
2025-12-03 15:00:06,945 - INFO - HedgeFund - Entering long position: 0.036348 BTC at 28183.83
2025-12-03 15:00:06,945 - INFO - HedgeFund - Exiting position: P&L = -0.38 (-0.04%)
2025-12-03 15:00:06,945 - INFO - HedgeFund - Entering long position: 0.036204 BTC at 28294.99
2025-12-03 15:00:06,945 - INFO - HedgeFund - Exiting position: P&L = 18.92 (1.85%)
2025-12-03 15:00:06,945 - INFO - HedgeFund - Entering long position: 0.035308 BTC at 29066.53
2025-12-03 15:00:06,946 - INFO - HedgeFund - Exiting position: P&L = -11.33 (-1.10%)
2025-12-03 15:00:06,946 - INFO - HedgeFund - Entering long position: 0.036136 BTC at 28368.71
2025-12-03 15:00:06,946 - INFO - HedgeFund - Exiting position: P&L = -11.30 (-1.10%)
2025-12-03 15:00:06,946 - INFO - HedgeFund - Entering long position: 0.035813 BTC at 28593.37
2025-12-03 15:00:06,946 - INFO - HedgeFund - Exiting position: P&L = -19.75 (-1.93%)
2025-12-03 15:00:06,946 - INFO - HedgeFund - Entering long position: 0.035849 BTC at 28509.35
2025-12-03 15:00:06,946 - INFO - HedgeFund - Exiting position: P&L = -1.01 (-0.10%)
2025-12-03 15:00:06,946 - INFO - HedgeFund - Entering long position: 0.035671 BTC at 28648.51
2025-12-03 15:00:06,946 - INFO - HedgeFund - Exiting position: P&L = -0.46 (-0.04%)
2025-12-03 15:00:06,946 - INFO - HedgeFund - Entering long position: 0.035420 BTC at 28850.55
2025-12-03 15:00:06,947 - INFO - HedgeFund - Exiting position: P&L = -1.90 (-0.19%)
2025-12-03 15:00:06,947 - INFO - HedgeFund - Entering long position: 0.036175 BTC at 28243.46
2025-12-03 15:00:06,947 - INFO - HedgeFund - Exiting position: P&L = -14.86 (-1.45%)
2025-12-03 15:00:06,947 - INFO - HedgeFund - Entering long position: 0.036662 BTC at 27827.26
2025-12-03 15:00:06,947 - INFO - HedgeFund - Exiting position: P&L = -6.06 (-0.59%)
2025-12-03 15:00:06,947 - INFO - HedgeFund - Entering long position: 0.036971 BTC at 27578.21
2025-12-03 15:00:06,947 - INFO - HedgeFund - Exiting position: P&L = -1.05 (-0.10%)
2025-12-03 15:00:06,947 - INFO - HedgeFund - Entering long position: 0.036613 BTC at 27845.25
2025-12-03 15:00:06,947 - INFO - HedgeFund - Exiting position: P&L = -3.22 (-0.32%)
2025-12-03 15:00:06,947 - INFO - HedgeFund - Entering long position: 0.036888 BTC at 27628.76
2025-12-03 15:00:06,948 - INFO - HedgeFund - Exiting position: P&L = -22.41 (-2.20%)
2025-12-03 15:00:06,948 - INFO - HedgeFund - Entering long position: 0.037324 BTC at 27246.26
2025-12-03 15:00:06,948 - INFO - HedgeFund - Exiting position: P&L = -4.75 (-0.47%)
2025-12-03 15:00:06,948 - INFO - HedgeFund - Entering long position: 0.038343 BTC at 26509.92
2025-12-03 15:00:06,948 - INFO - HedgeFund - Exiting position: P&L = -1.17 (-0.11%)
2025-12-03 15:00:06,948 - INFO - HedgeFund - Entering long position: 0.038030 BTC at 26724.97
2025-12-03 15:00:06,948 - INFO - HedgeFund - Exiting position: P&L = -18.99 (-1.87%)
2025-12-03 15:00:06,948 - INFO - HedgeFund - Entering long position: 0.040247 BTC at 25205.39
2025-12-03 15:00:06,948 - INFO - HedgeFund - Exiting position: P&L = -1.68 (-0.17%)
2025-12-03 15:00:06,948 - INFO - HedgeFund - Entering long position: 0.041167 BTC at 24638.00
2025-12-03 15:00:06,949 - INFO - HedgeFund - Exiting position: P&L = -9.00 (-0.89%)
2025-12-03 15:00:06,949 - INFO - HedgeFund - Entering long position: 0.040858 BTC at 24802.23
2025-12-03 15:00:06,949 - INFO - HedgeFund - Exiting position: P&L = 2.28 (0.22%)
2025-12-03 15:00:06,949 - INFO - HedgeFund - Entering long position: 0.040795 BTC at 24846.57
2025-12-03 15:00:06,949 - INFO - HedgeFund - Exiting position: P&L = -4.45 (-0.44%)
2025-12-03 15:00:06,949 - INFO - HedgeFund - Entering long position: 0.041646 BTC at 24327.71
2025-12-03 15:00:06,949 - INFO - HedgeFund - Exiting position: P&L = 28.82 (2.84%)
2025-12-03 15:00:06,949 - INFO - HedgeFund - Entering long position: 0.039865 BTC at 25487.39
2025-12-03 15:00:06,949 - INFO - HedgeFund - Exiting position: P&L = -15.39 (-1.51%)
2025-12-03 15:00:06,949 - INFO - HedgeFund - Entering long position: 0.040381 BTC at 25123.57
2025-12-03 15:00:06,949 - INFO - HedgeFund - Exiting position: P&L = 4.88 (0.48%)
2025-12-03 15:00:06,950 - INFO - HedgeFund - Entering long position: 0.040422 BTC at 25109.93
2025-12-03 15:00:06,950 - INFO - HedgeFund - Exiting position: P&L = 1.36 (0.13%)
2025-12-03 15:00:06,950 - INFO - HedgeFund - Entering long position: 0.040099 BTC at 25315.69
2025-12-03 15:00:06,950 - INFO - HedgeFund - Exiting position: P&L = -24.53 (-2.42%)
2025-12-03 15:00:06,950 - INFO - HedgeFund - Entering long position: 0.039884 BTC at 25390.63
2025-12-03 15:00:06,950 - INFO - HedgeFund - Exiting position: P&L = -9.40 (-0.93%)
2025-12-03 15:00:06,950 - INFO - HedgeFund - Entering long position: 0.039629 BTC at 25530.29
2025-12-03 15:00:06,950 - INFO - HedgeFund - Exiting position: P&L = -5.90 (-0.58%)
2025-12-03 15:00:06,950 - INFO - HedgeFund - Entering long position: 0.040189 BTC at 25159.46
2025-12-03 15:00:06,950 - INFO - HedgeFund - Exiting position: P&L = -5.52 (-0.55%)
2025-12-03 15:00:06,950 - INFO - HedgeFund - Entering long position: 0.039670 BTC at 25475.02
2025-12-03 15:00:06,950 - INFO - HedgeFund - Exiting position: P&L = -16.40 (-1.62%)
2025-12-03 15:00:06,951 - INFO - HedgeFund - Entering long position: 0.040799 BTC at 24729.97
2025-12-03 15:00:06,951 - INFO - HedgeFund - Exiting position: P&L = -11.01 (-1.09%)
2025-12-03 15:00:06,951 - INFO - HedgeFund - Entering long position: 0.040749 BTC at 24733.19
2025-12-03 15:00:06,951 - INFO - HedgeFund - Exiting position: P&L = -3.97 (-0.39%)
2025-12-03 15:00:06,951 - INFO - HedgeFund - Entering long position: 0.040414 BTC at 24928.58
2025-12-03 15:00:06,951 - INFO - HedgeFund - Exiting position: P&L = -9.72 (-0.96%)
2025-12-03 15:00:06,951 - INFO - HedgeFund - Entering long position: 0.041287 BTC at 24377.60
2025-12-03 15:00:06,951 - INFO - HedgeFund - Exiting position: P&L = -17.06 (-1.69%)
2025-12-03 15:00:06,951 - INFO - HedgeFund - Entering long position: 0.041399 BTC at 24270.35
2025-12-03 15:00:06,951 - INFO - HedgeFund - Exiting position: P&L = -11.71 (-1.17%)
2025-12-03 15:00:06,951 - INFO - HedgeFund - Entering long position: 0.041302 BTC at 24298.96
2025-12-03 15:00:06,951 - INFO - HedgeFund - Exiting position: P&L = -13.35 (-1.33%)
2025-12-03 15:00:06,952 - INFO - HedgeFund - Entering long position: 0.041847 BTC at 23950.77
2025-12-03 15:00:06,952 - INFO - HedgeFund - Exiting position: P&L = -14.00 (-1.40%)
2025-12-03 15:00:06,952 - INFO - HedgeFund - Entering long position: 0.041805 BTC at 23941.34
2025-12-03 15:00:06,952 - INFO - HedgeFund - Exiting position: P&L = -18.44 (-1.84%)
2025-12-03 15:00:06,952 - INFO - HedgeFund - Entering long position: 0.042387 BTC at 23569.07
2025-12-03 15:00:06,952 - INFO - HedgeFund - Exiting position: P&L = -10.37 (-1.04%)
2025-12-03 15:00:06,952 - INFO - HedgeFund - Entering long position: 0.042577 BTC at 23439.72
2025-12-03 15:00:06,953 - INFO - HedgeFund - Exiting position: P&L = 10.71 (1.07%)
2025-12-03 15:00:06,953 - INFO - HedgeFund - Entering long position: 0.042072 BTC at 23746.70
2025-12-03 15:00:06,953 - INFO - HedgeFund - Exiting position: P&L = -10.95 (-1.10%)
2025-12-03 15:00:06,953 - INFO - HedgeFund - Entering long position: 0.041967 BTC at 23779.52
2025-12-03 15:00:06,953 - INFO - HedgeFund - Exiting position: P&L = 5.97 (0.60%)
2025-12-03 15:00:06,953 - INFO - HedgeFund - Entering long position: 0.041730 BTC at 23929.15
2025-12-03 15:00:06,953 - INFO - HedgeFund - Exiting position: P&L = -14.32 (-1.43%)
2025-12-03 15:00:06,954 - INFO - HedgeFund - Entering long position: 0.042067 BTC at 23703.58
2025-12-03 15:00:06,954 - INFO - HedgeFund - Exiting position: P&L = -0.08 (-0.01%)
2025-12-03 15:00:06,954 - INFO - HedgeFund - Entering long position: 0.041889 BTC at 23803.90
2025-12-03 15:00:06,954 - INFO - HedgeFund - Exiting position: P&L = -33.66 (-3.38%)
2025-12-03 15:00:06,954 - INFO - HedgeFund - Entering long position: 0.042976 BTC at 23123.66
2025-12-03 15:00:06,954 - INFO - HedgeFund - Exiting position: P&L = -2.36 (-0.24%)
2025-12-03 15:00:06,954 - INFO - HedgeFund - Entering long position: 0.043115 BTC at 23043.46
2025-12-03 15:00:06,954 - INFO - HedgeFund - Exiting position: P&L = -14.31 (-1.44%)
2025-12-03 15:00:06,954 - INFO - HedgeFund - Entering long position: 0.046150 BTC at 21497.07
2025-12-03 15:00:06,955 - INFO - HedgeFund - Exiting position: P&L = 28.39 (2.86%)
2025-12-03 15:00:06,955 - INFO - HedgeFund - Entering long position: 0.044508 BTC at 22353.80
2025-12-03 15:00:06,955 - INFO - HedgeFund - Exiting position: P&L = -12.79 (-1.29%)
2025-12-03 15:00:06,955 - INFO - HedgeFund - Entering long position: 0.044793 BTC at 22183.13
2025-12-03 15:00:06,955 - INFO - HedgeFund - Exiting position: P&L = 30.50 (3.07%)
2025-12-03 15:00:06,955 - INFO - HedgeFund - Entering long position: 0.043526 BTC at 22899.08
2025-12-03 15:00:06,955 - INFO - HedgeFund - Exiting position: P&L = -2.97 (-0.30%)
2025-12-03 15:00:06,955 - INFO - HedgeFund - Entering long position: 0.043199 BTC at 23065.43
2025-12-03 15:00:06,955 - INFO - HedgeFund - Exiting position: P&L = 32.59 (3.27%)
2025-12-03 15:00:06,955 - INFO - HedgeFund - Entering long position: 0.043310 BTC at 23081.69
2025-12-03 15:00:06,955 - INFO - HedgeFund - Exiting position: P&L = -12.93 (-1.29%)
2025-12-03 15:00:06,955 - INFO - HedgeFund - Entering long position: 0.044643 BTC at 22363.40
2025-12-03 15:00:06,956 - INFO - HedgeFund - Exiting position: P&L = 12.37 (1.24%)
2025-12-03 15:00:06,956 - INFO - HedgeFund - Entering long position: 0.044052 BTC at 22691.48
2025-12-03 15:00:06,956 - INFO - HedgeFund - Exiting position: P&L = -5.79 (-0.58%)
2025-12-03 15:00:06,956 - INFO - HedgeFund - Entering long position: 0.045539 BTC at 21937.71
2025-12-03 15:00:06,956 - INFO - HedgeFund - Exiting position: P&L = 13.57 (1.36%)
2025-12-03 15:00:06,956 - INFO - HedgeFund - Entering long position: 0.044319 BTC at 22572.35
2025-12-03 15:00:06,956 - INFO - HedgeFund - Exiting position: P&L = -11.70 (-1.17%)
2025-12-03 15:00:06,956 - INFO - HedgeFund - Entering long position: 0.044108 BTC at 22653.99
2025-12-03 15:00:06,956 - INFO - HedgeFund - Exiting position: P&L = 7.47 (0.75%)
2025-12-03 15:00:06,957 - INFO - HedgeFund - Entering long position: 0.043106 BTC at 23197.70
2025-12-03 15:00:06,957 - INFO - HedgeFund - Exiting position: P&L = -0.75 (-0.07%)
2025-12-03 15:00:06,957 - INFO - HedgeFund - Entering long position: 0.042596 BTC at 23473.76
2025-12-03 15:00:06,957 - INFO - HedgeFund - Exiting position: P&L = -15.41 (-1.54%)
2025-12-03 15:00:06,957 - INFO - HedgeFund - Entering long position: 0.043663 BTC at 22864.73
2025-12-03 15:00:06,957 - INFO - HedgeFund - Exiting position: P&L = -23.15 (-2.32%)
2025-12-03 15:00:06,957 - INFO - HedgeFund - Entering long position: 0.044004 BTC at 22634.86
2025-12-03 15:00:06,957 - INFO - HedgeFund - Exiting position: P&L = 1.18 (0.12%)
2025-12-03 15:00:06,958 - INFO - HedgeFund - Entering long position: 0.043745 BTC at 22771.60
2025-12-03 15:00:06,958 - INFO - HedgeFund - Exiting position: P&L = -2.56 (-0.26%)
2025-12-03 15:00:06,958 - INFO - HedgeFund - Entering long position: 0.045429 BTC at 21921.87
2025-12-03 15:00:06,958 - INFO - HedgeFund - Exiting position: P&L = -1.12 (-0.11%)
2025-12-03 15:00:06,958 - INFO - HedgeFund - Entering long position: 0.045238 BTC at 22011.81
2025-12-03 15:00:06,958 - INFO - HedgeFund - Exiting position: P&L = -4.86 (-0.49%)
2025-12-03 15:00:06,959 - INFO - HedgeFund - Entering long position: 0.044900 BTC at 22166.90
2025-12-03 15:00:06,959 - INFO - HedgeFund - Exiting position: P&L = -4.00 (-0.40%)
2025-12-03 15:00:06,959 - INFO - HedgeFund - Entering long position: 0.045088 BTC at 22065.67
2025-12-03 15:00:06,959 - INFO - HedgeFund - Exiting position: P&L = 15.63 (1.57%)
2025-12-03 15:00:06,959 - INFO - HedgeFund - Entering long position: 0.043993 BTC at 22650.30
2025-12-03 15:00:06,959 - INFO - HedgeFund - Exiting position: P&L = -6.40 (-0.64%)
2025-12-03 15:00:06,959 - INFO - HedgeFund - Entering long position: 0.044101 BTC at 22580.41
2025-12-03 15:00:06,959 - INFO - HedgeFund - Exiting position: P&L = -7.71 (-0.77%)
2025-12-03 15:00:06,960 - INFO - HedgeFund - Entering long position: 0.044360 BTC at 22431.25
2025-12-03 15:00:06,960 - INFO - HedgeFund - Exiting position: P&L = -13.93 (-1.40%)
2025-12-03 15:00:06,960 - INFO - HedgeFund - Entering long position: 0.044761 BTC at 22199.16
2025-12-03 15:00:06,960 - INFO - HedgeFund - Exiting position: P&L = -5.84 (-0.59%)
2025-12-03 15:00:06,960 - INFO - HedgeFund - Entering long position: 0.044600 BTC at 22265.87
2025-12-03 15:00:06,960 - INFO - HedgeFund - Exiting position: P&L = -0.50 (-0.05%)
2025-12-03 15:00:06,961 - INFO - HedgeFund - Entering long position: 0.043898 BTC at 22620.90
2025-12-03 15:00:06,961 - INFO - HedgeFund - Exiting position: P&L = 22.82 (2.30%)
2025-12-03 15:00:06,961 - INFO - HedgeFund - Entering long position: 0.042817 BTC at 23245.52
2025-12-03 15:00:06,961 - INFO - HedgeFund - Exiting position: P&L = -9.87 (-0.99%)
2025-12-03 15:00:06,961 - INFO - HedgeFund - Entering long position: 0.042962 BTC at 23144.16
2025-12-03 15:00:06,961 - INFO - HedgeFund - Exiting position: P&L = -30.55 (-3.07%)
2025-12-03 15:00:06,961 - INFO - HedgeFund - Entering long position: 0.043761 BTC at 22651.44
2025-12-03 15:00:06,962 - INFO - HedgeFund - Exiting position: P&L = -8.69 (-0.88%)
2025-12-03 15:00:06,962 - INFO - HedgeFund - Entering long position: 0.044819 BTC at 22097.71
2025-12-03 15:00:06,962 - INFO - HedgeFund - Exiting position: P&L = -4.04 (-0.41%)
2025-12-03 15:00:06,962 - INFO - HedgeFund - Entering long position: 0.046787 BTC at 21159.24
2025-12-03 15:00:06,962 - INFO - HedgeFund - Exiting position: P&L = -14.54 (-1.47%)
2025-12-03 15:00:06,962 - INFO - HedgeFund - Entering long position: 0.046873 BTC at 21089.65
2025-12-03 15:00:06,962 - INFO - HedgeFund - Exiting position: P&L = -1.38 (-0.14%)
2025-12-03 15:00:06,962 - INFO - HedgeFund - Entering long position: 0.047068 BTC at 20999.14
2025-12-03 15:00:06,962 - INFO - HedgeFund - Exiting position: P&L = -1.51 (-0.15%)
2025-12-03 15:00:06,962 - INFO - HedgeFund - Entering long position: 0.046297 BTC at 21345.55
2025-12-03 15:00:06,962 - INFO - HedgeFund - Exiting position: P&L = 5.07 (0.51%)
2025-12-03 15:00:06,962 - INFO - HedgeFund - Entering long position: 0.045744 BTC at 21615.01
2025-12-03 15:00:06,962 - INFO - HedgeFund - Exiting position: P&L = -16.83 (-1.70%)
2025-12-03 15:00:06,963 - INFO - HedgeFund - Entering long position: 0.046301 BTC at 21318.30
2025-12-03 15:00:06,963 - INFO - HedgeFund - Exiting position: P&L = -9.12 (-0.92%)
2025-12-03 15:00:06,963 - INFO - HedgeFund - Entering long position: 0.046546 BTC at 21186.83
2025-12-03 15:00:06,963 - INFO - HedgeFund - Exiting position: P&L = -28.08 (-2.85%)
2025-12-03 15:00:06,963 - INFO - HedgeFund - Entering long position: 0.046843 BTC at 20992.18
2025-12-03 15:00:06,963 - INFO - HedgeFund - Exiting position: P&L = 15.19 (1.54%)
2025-12-03 15:00:06,963 - INFO - HedgeFund - Entering long position: 0.045997 BTC at 21411.65
2025-12-03 15:00:06,963 - INFO - HedgeFund - Exiting position: P&L = -8.18 (-0.83%)
2025-12-03 15:00:06,963 - INFO - HedgeFund - Entering long position: 0.047145 BTC at 20872.88
2025-12-03 15:00:06,963 - INFO - HedgeFund - Exiting position: P&L = 8.49 (0.86%)
2025-12-03 15:00:06,963 - INFO - HedgeFund - Entering long position: 0.049209 BTC at 20014.36
2025-12-03 15:00:06,963 - INFO - HedgeFund - Exiting position: P&L = -2.40 (-0.24%)
2025-12-03 15:00:06,963 - INFO - HedgeFund - Entering long position: 0.050020 BTC at 19685.13
2025-12-03 15:00:06,964 - INFO - HedgeFund - Exiting position: P&L = -9.11 (-0.93%)
2025-12-03 15:00:06,964 - INFO - HedgeFund - Entering long position: 0.050506 BTC at 19477.69
2025-12-03 15:00:06,964 - INFO - HedgeFund - Exiting position: P&L = -11.63 (-1.18%)
2025-12-03 15:00:06,964 - INFO - HedgeFund - Entering long position: 0.051856 BTC at 18948.25
2025-12-03 15:00:06,964 - INFO - HedgeFund - Exiting position: P&L = 37.91 (3.86%)
2025-12-03 15:00:06,964 - INFO - HedgeFund - Entering long position: 0.050029 BTC at 19716.11
2025-12-03 15:00:06,964 - INFO - HedgeFund - Exiting position: P&L = 9.45 (0.96%)
2025-12-03 15:00:06,964 - INFO - HedgeFund - Entering long position: 0.049053 BTC at 20127.63
2025-12-03 15:00:06,964 - INFO - HedgeFund - Exiting position: P&L = 2.54 (0.26%)
2025-12-03 15:00:06,964 - INFO - HedgeFund - Entering long position: 0.049507 BTC at 19948.04
2025-12-03 15:00:06,964 - INFO - HedgeFund - Exiting position: P&L = -23.20 (-2.35%)
2025-12-03 15:00:06,964 - INFO - HedgeFund - Entering long position: 0.051301 BTC at 19205.20
2025-12-03 15:00:06,964 - INFO - HedgeFund - Exiting position: P&L = -9.97 (-1.01%)
2025-12-03 15:00:06,964 - INFO - HedgeFund - Entering long position: 0.051573 BTC at 19084.82
2025-12-03 15:00:06,965 - INFO - HedgeFund - Exiting position: P&L = -6.84 (-0.69%)
2025-12-03 15:00:06,965 - INFO - HedgeFund - Entering long position: 0.051875 BTC at 18960.51
2025-12-03 15:00:06,965 - INFO - HedgeFund - Exiting position: P&L = 5.57 (0.57%)
2025-12-03 15:00:06,965 - INFO - HedgeFund - Entering long position: 0.050757 BTC at 19388.79
2025-12-03 15:00:06,965 - INFO - HedgeFund - Exiting position: P&L = -3.20 (-0.33%)
2025-12-03 15:00:06,965 - INFO - HedgeFund - Entering long position: 0.051077 BTC at 19261.28
2025-12-03 15:00:06,965 - INFO - HedgeFund - Exiting position: P&L = -6.61 (-0.67%)
2025-12-03 15:00:06,965 - INFO - HedgeFund - Entering long position: 0.051659 BTC at 19031.48
2025-12-03 15:00:06,965 - INFO - HedgeFund - Exiting position: P&L = 14.59 (1.48%)
2025-12-03 15:00:06,965 - INFO - HedgeFund - Entering long position: 0.051500 BTC at 19118.70
2025-12-03 15:00:06,965 - INFO - HedgeFund - Exiting position: P&L = -9.12 (-0.93%)
2025-12-03 15:00:06,965 - INFO - HedgeFund - Entering long position: 0.052312 BTC at 18804.19
2025-12-03 15:00:06,965 - INFO - HedgeFund - Exiting position: P&L = 2.27 (0.23%)
2025-12-03 15:00:06,965 - INFO - HedgeFund - Entering long position: 0.052326 BTC at 18803.66
2025-12-03 15:00:06,965 - INFO - HedgeFund - Exiting position: P&L = -3.63 (-0.37%)
2025-12-03 15:00:06,966 - INFO - HedgeFund - Entering long position: 0.051035 BTC at 19272.14
2025-12-03 15:00:06,966 - INFO - HedgeFund - Exiting position: P&L = 87.18 (8.86%)
2025-12-03 15:00:06,966 - INFO - HedgeFund - Entering long position: 0.047848 BTC at 20737.89
2025-12-03 15:00:06,966 - INFO - HedgeFund - Exiting position: P&L = -14.01 (-1.41%)
2025-12-03 15:00:06,966 - INFO - HedgeFund - Entering long position: 0.047219 BTC at 20984.81
2025-12-03 15:00:06,966 - INFO - HedgeFund - Exiting position: P&L = -13.49 (-1.36%)
2025-12-03 15:00:06,966 - INFO - HedgeFund - Entering long position: 0.047763 BTC at 20717.50
2025-12-03 15:00:06,966 - INFO - HedgeFund - Exiting position: P&L = -11.43 (-1.16%)
2025-12-03 15:00:06,966 - INFO - HedgeFund - Entering long position: 0.047744 BTC at 20701.83
2025-12-03 15:00:06,966 - INFO - HedgeFund - Exiting position: P&L = -20.08 (-2.03%)
2025-12-03 15:00:06,966 - INFO - HedgeFund - Entering long position: 0.047972 BTC at 20561.48
2025-12-03 15:00:06,966 - INFO - HedgeFund - Exiting position: P&L = -0.45 (-0.05%)
2025-12-03 15:00:06,966 - INFO - HedgeFund - Entering long position: 0.047984 BTC at 20555.21
2025-12-03 15:00:06,966 - INFO - HedgeFund - Exiting position: P&L = -7.52 (-0.76%)
2025-12-03 15:00:06,967 - INFO - HedgeFund - Entering long position: 0.048650 BTC at 20258.51
2025-12-03 15:00:06,967 - INFO - HedgeFund - Exiting position: P&L = -25.40 (-2.58%)
2025-12-03 15:00:06,967 - INFO - HedgeFund - Entering long position: 0.049150 BTC at 20000.69
2025-12-03 15:00:06,967 - INFO - HedgeFund - Exiting position: P&L = 5.14 (0.52%)
2025-12-03 15:00:06,967 - INFO - HedgeFund - Entering long position: 0.049074 BTC at 20042.05
2025-12-03 15:00:06,967 - INFO - HedgeFund - Exiting position: P&L = -6.06 (-0.62%)
2025-12-03 15:00:06,967 - INFO - HedgeFund - Entering long position: 0.051909 BTC at 18936.11
2025-12-03 15:00:06,967 - INFO - HedgeFund - Exiting position: P&L = -5.31 (-0.54%)
2025-12-03 15:00:06,967 - INFO - HedgeFund - Entering long position: 0.054000 BTC at 18192.89
2025-12-03 15:00:06,968 - INFO - HedgeFund - Exiting position: P&L = -5.58 (-0.57%)
2025-12-03 15:00:06,968 - INFO - HedgeFund - Entering long position: 0.053322 BTC at 18413.80
2025-12-03 15:00:06,968 - INFO - HedgeFund - Exiting position: P&L = -12.69 (-1.29%)
2025-12-03 15:00:06,968 - INFO - HedgeFund - Entering long position: 0.052999 BTC at 18502.00
2025-12-03 15:00:06,968 - INFO - HedgeFund - Exiting position: P&L = -6.72 (-0.69%)
2025-12-03 15:00:06,968 - INFO - HedgeFund - Entering long position: 0.055511 BTC at 17652.69
2025-12-03 15:00:06,968 - INFO - HedgeFund - Exiting position: P&L = 0.07 (0.01%)
2025-12-03 15:00:06,968 - INFO - HedgeFund - Entering long position: 0.056990 BTC at 17194.75
2025-12-03 15:00:06,968 - INFO - HedgeFund - Exiting position: P&L = -5.27 (-0.54%)
2025-12-03 15:00:06,968 - INFO - HedgeFund - Entering long position: 0.056479 BTC at 17340.88
2025-12-03 15:00:06,968 - INFO - HedgeFund - Exiting position: P&L = -9.81 (-1.00%)
2025-12-03 15:00:06,969 - INFO - HedgeFund - Entering long position: 0.054976 BTC at 17796.99
2025-12-03 15:00:06,969 - INFO - HedgeFund - Exiting position: P&L = -29.70 (-3.04%)
2025-12-03 15:00:06,969 - INFO - HedgeFund - Entering long position: 0.056479 BTC at 17270.98
2025-12-03 15:00:06,969 - INFO - HedgeFund - Exiting position: P&L = 31.48 (3.23%)
2025-12-03 15:00:06,969 - INFO - HedgeFund - Entering long position: 0.053920 BTC at 18149.06
2025-12-03 15:00:06,969 - INFO - HedgeFund - Exiting position: P&L = -15.82 (-1.62%)
2025-12-03 15:00:06,969 - INFO - HedgeFund - Entering long position: 0.053893 BTC at 18128.55
2025-12-03 15:00:06,969 - INFO - HedgeFund - Exiting position: P&L = -9.83 (-1.01%)
2025-12-03 15:00:06,969 - INFO - HedgeFund - Entering long position: 0.054363 BTC at 17953.99
2025-12-03 15:00:06,969 - INFO - HedgeFund - Exiting position: P&L = 0.58 (0.06%)
2025-12-03 15:00:06,969 - INFO - HedgeFund - Entering long position: 0.053737 BTC at 18164.08
2025-12-03 15:00:06,970 - INFO - HedgeFund - Exiting position: P&L = 11.05 (1.13%)
2025-12-03 15:00:06,970 - INFO - HedgeFund - Entering long position: 0.052430 BTC at 18637.88
2025-12-03 15:00:06,970 - INFO - HedgeFund - Exiting position: P&L = -14.54 (-1.49%)
2025-12-03 15:00:06,970 - INFO - HedgeFund - Entering long position: 0.053054 BTC at 18391.24
2025-12-03 15:00:06,970 - INFO - HedgeFund - Exiting position: P&L = -9.23 (-0.95%)
2025-12-03 15:00:06,970 - INFO - HedgeFund - Entering long position: 0.053443 BTC at 18240.25
2025-12-03 15:00:06,970 - INFO - HedgeFund - Exiting position: P&L = 28.30 (2.90%)
2025-12-03 15:00:06,970 - INFO - HedgeFund - Entering long position: 0.054136 BTC at 18059.01
2025-12-03 15:00:06,970 - INFO - HedgeFund - Exiting position: P&L = -11.05 (-1.13%)
2025-12-03 15:00:06,970 - INFO - HedgeFund - Entering long position: 0.054597 BTC at 17886.45
2025-12-03 15:00:06,971 - INFO - HedgeFund - Exiting position: P&L = -6.22 (-0.64%)
2025-12-03 15:00:06,971 - INFO - HedgeFund - Entering long position: 0.054545 BTC at 17892.09
2025-12-03 15:00:06,971 - INFO - HedgeFund - Exiting position: P&L = -9.88 (-1.01%)
2025-12-03 15:00:06,971 - INFO - HedgeFund - Entering long position: 0.054259 BTC at 17967.99
2025-12-03 15:00:06,971 - INFO - HedgeFund - Exiting position: P&L = -6.87 (-0.70%)
2025-12-03 15:00:06,971 - INFO - HedgeFund - Entering long position: 0.053622 BTC at 18168.63
2025-12-03 15:00:06,971 - INFO - HedgeFund - Exiting position: P&L = -9.17 (-0.94%)
2025-12-03 15:00:06,971 - INFO - HedgeFund - Entering long position: 0.053166 BTC at 18307.39
2025-12-03 15:00:06,971 - INFO - HedgeFund - Exiting position: P&L = 33.57 (3.45%)
2025-12-03 15:00:06,971 - INFO - HedgeFund - Entering long position: 0.050599 BTC at 19302.48
2025-12-03 15:00:06,972 - INFO - HedgeFund - Exiting position: P&L = -8.04 (-0.82%)
2025-12-03 15:00:06,972 - INFO - HedgeFund - Entering long position: 0.051225 BTC at 19050.86
2025-12-03 15:00:06,972 - INFO - HedgeFund - Exiting position: P&L = -3.33 (-0.34%)
2025-12-03 15:00:06,972 - INFO - HedgeFund - Entering long position: 0.051294 BTC at 19018.83
2025-12-03 15:00:06,972 - INFO - HedgeFund - Exiting position: P&L = -5.25 (-0.54%)
2025-12-03 15:00:06,972 - INFO - HedgeFund - Entering long position: 0.052643 BTC at 18521.41
2025-12-03 15:00:06,972 - INFO - HedgeFund - Exiting position: P&L = -2.50 (-0.26%)
2025-12-03 15:00:06,972 - INFO - HedgeFund - Entering long position: 0.054446 BTC at 17903.40
2025-12-03 15:00:06,972 - INFO - HedgeFund - Exiting position: P&L = -7.29 (-0.75%)
2025-12-03 15:00:06,972 - INFO - HedgeFund - Entering long position: 0.053903 BTC at 18070.14
2025-12-03 15:00:06,973 - INFO - HedgeFund - Exiting position: P&L = 24.57 (2.52%)
2025-12-03 15:00:06,973 - INFO - HedgeFund - Entering long position: 0.052862 BTC at 18472.69
2025-12-03 15:00:06,973 - INFO - HedgeFund - Exiting position: P&L = -7.26 (-0.74%)
2025-12-03 15:00:06,973 - INFO - HedgeFund - Entering long position: 0.052653 BTC at 18532.07
2025-12-03 15:00:06,973 - INFO - HedgeFund - Exiting position: P&L = -22.54 (-2.31%)
2025-12-03 15:00:06,973 - INFO - HedgeFund - Entering long position: 0.054443 BTC at 17881.41
2025-12-03 15:00:06,973 - INFO - HedgeFund - Exiting position: P&L = -16.30 (-1.67%)
2025-12-03 15:00:06,973 - INFO - HedgeFund - Entering long position: 0.054341 BTC at 17884.88
2025-12-03 15:00:06,973 - INFO - HedgeFund - Exiting position: P&L = -3.28 (-0.34%)
2025-12-03 15:00:06,973 - INFO - HedgeFund - Entering long position: 0.054887 BTC at 17701.23
2025-12-03 15:00:06,973 - INFO - HedgeFund - Exiting position: P&L = 1.27 (0.13%)
2025-12-03 15:00:06,973 - INFO - HedgeFund - Entering long position: 0.054416 BTC at 17856.62
2025-12-03 15:00:06,974 - INFO - HedgeFund - Exiting position: P&L = 71.56 (7.36%)
2025-12-03 15:00:06,974 - INFO - HedgeFund - Entering long position: 0.051341 BTC at 19065.39
2025-12-03 15:00:06,974 - INFO - HedgeFund - Exiting position: P&L = -14.61 (-1.49%)
2025-12-03 15:00:06,974 - INFO - HedgeFund - Entering long position: 0.051981 BTC at 18802.60
2025-12-03 15:00:06,974 - INFO - HedgeFund - Exiting position: P&L = -7.97 (-0.82%)
2025-12-03 15:00:06,974 - INFO - HedgeFund - Entering long position: 0.055554 BTC at 17579.09
2025-12-03 15:00:06,974 - INFO - HedgeFund - Exiting position: P&L = -2.57 (-0.26%)
2025-12-03 15:00:06,974 - INFO - HedgeFund - Entering long position: 0.055078 BTC at 17726.14
2025-12-03 15:00:06,974 - INFO - HedgeFund - Exiting position: P&L = 2.47 (0.25%)
2025-12-03 15:00:06,975 - INFO - HedgeFund - Entering long position: 0.054796 BTC at 17822.08
2025-12-03 15:00:06,975 - INFO - HedgeFund - Exiting position: P&L = 2.89 (0.30%)
2025-12-03 15:00:06,975 - INFO - HedgeFund - Entering long position: 0.055303 BTC at 17663.78
2025-12-03 15:00:06,975 - INFO - HedgeFund - Exiting position: P&L = 8.63 (0.88%)
2025-12-03 15:00:06,975 - INFO - HedgeFund - Entering long position: 0.054080 BTC at 18079.14
2025-12-03 15:00:06,975 - INFO - HedgeFund - Exiting position: P&L = -7.45 (-0.76%)
2025-12-03 15:00:06,975 - INFO - HedgeFund - Entering long position: 0.055621 BTC at 17564.97
2025-12-03 15:00:06,975 - INFO - HedgeFund - Exiting position: P&L = -1.40 (-0.14%)
2025-12-03 15:00:06,976 - INFO - HedgeFund - Entering long position: 0.055154 BTC at 17711.01
2025-12-03 15:00:06,976 - INFO - HedgeFund - Exiting position: P&L = 40.25 (4.12%)
2025-12-03 15:00:06,976 - INFO - HedgeFund - Entering long position: 0.052616 BTC at 18641.89
2025-12-03 15:00:06,976 - INFO - HedgeFund - Exiting position: P&L = 21.71 (2.21%)
2025-12-03 15:00:06,976 - INFO - HedgeFund - Entering long position: 0.052458 BTC at 18739.30
2025-12-03 15:00:06,976 - INFO - HedgeFund - Exiting position: P&L = 3.80 (0.39%)
2025-12-03 15:00:06,976 - INFO - HedgeFund - Entering long position: 0.055265 BTC at 17794.39
2025-12-03 15:00:06,977 - INFO - HedgeFund - Exiting position: P&L = -18.76 (-1.91%)
2025-12-03 15:00:06,977 - INFO - HedgeFund - Entering long position: 0.057607 BTC at 17038.52
2025-12-03 15:00:06,977 - INFO - HedgeFund - Exiting position: P&L = -8.64 (-0.88%)
2025-12-03 15:00:06,977 - INFO - HedgeFund - Entering long position: 0.057700 BTC at 16996.07
2025-12-03 15:00:06,977 - INFO - HedgeFund - Exiting position: P&L = -3.41 (-0.35%)
2025-12-03 15:00:06,977 - INFO - HedgeFund - Entering long position: 0.057958 BTC at 16914.58
2025-12-03 15:00:06,977 - INFO - HedgeFund - Exiting position: P&L = 1.77 (0.18%)
2025-12-03 15:00:06,977 - INFO - HedgeFund - Entering long position: 0.058548 BTC at 16747.12
2025-12-03 15:00:06,977 - INFO - HedgeFund - Exiting position: P&L = -2.00 (-0.20%)
2025-12-03 15:00:06,978 - INFO - HedgeFund - Entering long position: 0.058178 BTC at 16850.17
2025-12-03 15:00:06,978 - INFO - HedgeFund - Exiting position: P&L = -2.12 (-0.22%)
2025-12-03 15:00:06,978 - INFO - HedgeFund - Entering long position: 0.059581 BTC at 16449.94
2025-12-03 15:00:06,978 - INFO - HedgeFund - Exiting position: P&L = -13.23 (-1.35%)
2025-12-03 15:00:06,978 - INFO - HedgeFund - Entering long position: 0.059515 BTC at 16446.02
2025-12-03 15:00:06,978 - INFO - HedgeFund - Exiting position: P&L = -12.91 (-1.32%)
2025-12-03 15:00:06,978 - INFO - HedgeFund - Entering long position: 0.063313 BTC at 15438.98
2025-12-03 15:00:06,979 - INFO - HedgeFund - Exiting position: P&L = -16.76 (-1.71%)
2025-12-03 15:00:06,979 - INFO - HedgeFund - Entering long position: 0.063056 BTC at 15475.33
2025-12-03 15:00:06,979 - INFO - HedgeFund - Exiting position: P&L = -13.47 (-1.38%)
2025-12-03 15:00:06,979 - INFO - HedgeFund - Entering long position: 0.065888 BTC at 14789.60
2025-12-03 15:00:06,979 - INFO - HedgeFund - Exiting position: P&L = -12.07 (-1.24%)
2025-12-03 15:00:06,979 - INFO - HedgeFund - Entering long position: 0.066847 BTC at 14559.38
2025-12-03 15:00:06,979 - INFO - HedgeFund - Exiting position: P&L = 33.11 (3.40%)
2025-12-03 15:00:06,979 - INFO - HedgeFund - Entering long position: 0.070080 BTC at 13934.98
2025-12-03 15:00:06,980 - INFO - HedgeFund - Exiting position: P&L = 1.89 (0.19%)
2025-12-03 15:00:06,980 - INFO - HedgeFund - Entering long position: 0.069331 BTC at 14088.22
2025-12-03 15:00:06,980 - INFO - HedgeFund - Exiting position: P&L = -14.76 (-1.51%)
2025-12-03 15:00:06,980 - INFO - HedgeFund - Entering long position: 0.075786 BTC at 12868.86
2025-12-03 15:00:06,980 - INFO - HedgeFund - Exiting position: P&L = 67.23 (6.89%)
2025-12-03 15:00:06,980 - INFO - HedgeFund - Entering long position: 0.070145 BTC at 13999.57
2025-12-03 15:00:06,980 - INFO - HedgeFund - Exiting position: P&L = -13.71 (-1.40%)
2025-12-03 15:00:06,980 - INFO - HedgeFund - Entering long position: 0.069499 BTC at 14110.01
2025-12-03 15:00:06,980 - INFO - HedgeFund - Exiting position: P&L = -12.71 (-1.30%)
2025-12-03 15:00:06,981 - INFO - HedgeFund - Entering long position: 0.072373 BTC at 13532.11
2025-12-03 15:00:06,981 - INFO - HedgeFund - Exiting position: P&L = -3.72 (-0.38%)
2025-12-03 15:00:06,981 - INFO - HedgeFund - Entering long position: 0.072111 BTC at 13576.12
2025-12-03 15:00:06,981 - INFO - HedgeFund - Exiting position: P&L = 25.62 (2.62%)
2025-12-03 15:00:06,981 - INFO - HedgeFund - Entering long position: 0.069912 BTC at 14039.74
2025-12-03 15:00:06,981 - INFO - HedgeFund - Exiting position: P&L = -6.06 (-0.62%)
2025-12-03 15:00:06,981 - INFO - HedgeFund - Entering long position: 0.069161 BTC at 14183.44
2025-12-03 15:00:06,981 - INFO - HedgeFund - Exiting position: P&L = 20.00 (2.04%)
2025-12-03 15:00:06,981 - INFO - HedgeFund - Entering long position: 0.067407 BTC at 14582.30
2025-12-03 15:00:06,982 - INFO - HedgeFund - Exiting position: P&L = -2.87 (-0.29%)
2025-12-03 15:00:06,982 - INFO - HedgeFund - Entering long position: 0.070298 BTC at 13978.55
2025-12-03 15:00:06,982 - INFO - HedgeFund - Exiting position: P&L = -5.79 (-0.59%)
2025-12-03 15:00:06,982 - INFO - HedgeFund - Entering long position: 0.071480 BTC at 13739.24
2025-12-03 15:00:06,982 - INFO - HedgeFund - Exiting position: P&L = 55.34 (5.64%)
2025-12-03 15:00:06,982 - INFO - HedgeFund - Entering long position: 0.067435 BTC at 14645.35
2025-12-03 15:00:06,982 - INFO - HedgeFund - Exiting position: P&L = -16.42 (-1.66%)
2025-12-03 15:00:06,982 - INFO - HedgeFund - Entering long position: 0.067527 BTC at 14601.08
2025-12-03 15:00:06,983 - INFO - HedgeFund - Exiting position: P&L = 15.73 (1.60%)
2025-12-03 15:00:06,983 - INFO - HedgeFund - Entering long position: 0.065999 BTC at 14962.92
2025-12-03 15:00:06,983 - INFO - HedgeFund - Exiting position: P&L = -17.80 (-1.80%)
2025-12-03 15:00:06,983 - INFO - HedgeFund - Entering long position: 0.066567 BTC at 14808.49
2025-12-03 15:00:06,983 - INFO - HedgeFund - Exiting position: P&L = -15.28 (-1.55%)
2025-12-03 15:00:06,983 - INFO - HedgeFund - Entering long position: 0.066817 BTC at 14730.34
2025-12-03 15:00:06,983 - INFO - HedgeFund - Exiting position: P&L = -4.22 (-0.43%)
2025-12-03 15:00:06,983 - INFO - HedgeFund - Entering long position: 0.066447 BTC at 14806.05
2025-12-03 15:00:06,983 - INFO - HedgeFund - Exiting position: P&L = -2.85 (-0.29%)
2025-12-03 15:00:06,984 - INFO - HedgeFund - Entering long position: 0.071188 BTC at 13816.01
2025-12-03 15:00:06,984 - INFO - HedgeFund - Exiting position: P&L = -27.43 (-2.79%)
2025-12-03 15:00:06,984 - INFO - HedgeFund - Entering long position: 0.072943 BTC at 13445.90
2025-12-03 15:00:06,984 - INFO - HedgeFund - Exiting position: P&L = 1.97 (0.20%)
2025-12-03 15:00:06,984 - INFO - HedgeFund - Entering long position: 0.071718 BTC at 13678.43
2025-12-03 15:00:06,984 - INFO - HedgeFund - Exiting position: P&L = 2.25 (0.23%)
2025-12-03 15:00:06,984 - INFO - HedgeFund - Entering long position: 0.069077 BTC at 14204.52
2025-12-03 15:00:06,984 - INFO - HedgeFund - Exiting position: P&L = -18.72 (-1.91%)
2025-12-03 15:00:06,984 - INFO - HedgeFund - Entering long position: 0.076529 BTC at 12796.96
2025-12-03 15:00:06,984 - INFO - HedgeFund - Exiting position: P&L = -5.43 (-0.55%)
2025-12-03 15:00:06,985 - INFO - HedgeFund - Entering long position: 0.076792 BTC at 12745.97
2025-12-03 15:00:06,985 - INFO - HedgeFund - Exiting position: P&L = 3.30 (0.34%)
2025-12-03 15:00:06,985 - INFO - HedgeFund - Entering long position: 0.076023 BTC at 12879.30
2025-12-03 15:00:06,985 - INFO - HedgeFund - Exiting position: P&L = -14.43 (-1.47%)
2025-12-03 15:00:06,985 - INFO - HedgeFund - Entering long position: 0.075712 BTC at 12913.17
2025-12-03 15:00:06,985 - INFO - HedgeFund - Exiting position: P&L = -6.51 (-0.67%)
2025-12-03 15:00:06,985 - INFO - HedgeFund - Entering long position: 0.075149 BTC at 13001.26
2025-12-03 15:00:06,985 - INFO - HedgeFund - Exiting position: P&L = 14.20 (1.45%)
2025-12-03 15:00:06,985 - INFO - HedgeFund - Entering long position: 0.075024 BTC at 13041.72
2025-12-03 15:00:06,985 - INFO - HedgeFund - Exiting position: P&L = -18.53 (-1.89%)
2025-12-03 15:00:06,985 - INFO - HedgeFund - Entering long position: 0.074910 BTC at 13036.88
2025-12-03 15:00:06,986 - INFO - HedgeFund - Exiting position: P&L = -6.97 (-0.71%)
2025-12-03 15:00:06,986 - INFO - HedgeFund - Entering long position: 0.074506 BTC at 13098.24
2025-12-03 15:00:06,986 - INFO - HedgeFund - Exiting position: P&L = -24.61 (-2.52%)
2025-12-03 15:00:06,986 - INFO - HedgeFund - Entering long position: 0.075378 BTC at 12914.03
2025-12-03 15:00:06,986 - INFO - HedgeFund - Exiting position: P&L = -14.25 (-1.46%)
2025-12-03 15:00:06,986 - INFO - HedgeFund - Entering long position: 0.075696 BTC at 12841.01
2025-12-03 15:00:06,986 - INFO - HedgeFund - Exiting position: P&L = -9.23 (-0.95%)
2025-12-03 15:00:06,986 - INFO - HedgeFund - Entering long position: 0.076287 BTC at 12729.45
2025-12-03 15:00:06,986 - INFO - HedgeFund - Exiting position: P&L = 15.63 (1.61%)
2025-12-03 15:00:06,986 - INFO - HedgeFund - Entering long position: 0.073567 BTC at 13221.24
2025-12-03 15:00:06,986 - INFO - HedgeFund - Exiting position: P&L = -9.79 (-1.01%)
2025-12-03 15:00:06,987 - INFO - HedgeFund - Entering long position: 0.073898 BTC at 13148.82
2025-12-03 15:00:06,987 - INFO - HedgeFund - Exiting position: P&L = 4.20 (0.43%)
2025-12-03 15:00:06,987 - INFO - HedgeFund - Entering long position: 0.073486 BTC at 13228.35
2025-12-03 15:00:06,987 - INFO - HedgeFund - Exiting position: P&L = -2.91 (-0.30%)
2025-12-03 15:00:06,987 - INFO - HedgeFund - Entering long position: 0.073047 BTC at 13303.78
2025-12-03 15:00:06,987 - INFO - HedgeFund - Exiting position: P&L = -15.91 (-1.64%)
2025-12-03 15:00:06,987 - INFO - HedgeFund - Entering long position: 0.073584 BTC at 13185.08
2025-12-03 15:00:06,987 - INFO - HedgeFund - Exiting position: P&L = -6.43 (-0.66%)
2025-12-03 15:00:06,987 - INFO - HedgeFund - Entering long position: 0.073108 BTC at 13262.22
2025-12-03 15:00:06,987 - INFO - HedgeFund - Exiting position: P&L = 67.32 (6.94%)
2025-12-03 15:00:06,987 - INFO - HedgeFund - Entering long position: 0.068496 BTC at 14253.42
2025-12-03 15:00:06,988 - INFO - HedgeFund - Exiting position: P&L = -6.86 (-0.70%)
2025-12-03 15:00:06,988 - INFO - HedgeFund - Entering long position: 0.069592 BTC at 14019.13
2025-12-03 15:00:06,988 - INFO - HedgeFund - Exiting position: P&L = -11.21 (-1.15%)
2025-12-03 15:00:06,988 - INFO - HedgeFund - Entering long position: 0.074564 BTC at 13069.26
2025-12-03 15:00:06,988 - INFO - HedgeFund - Exiting position: P&L = -4.41 (-0.45%)
2025-12-03 15:00:06,988 - INFO - HedgeFund - Entering long position: 0.076366 BTC at 12755.13
2025-12-03 15:00:06,988 - INFO - HedgeFund - Exiting position: P&L = 0.82 (0.08%)
2025-12-03 15:00:06,988 - INFO - HedgeFund - Entering long position: 0.075888 BTC at 12836.46
2025-12-03 15:00:06,988 - INFO - HedgeFund - Exiting position: P&L = -12.25 (-1.26%)
2025-12-03 15:00:06,988 - INFO - HedgeFund - Entering long position: 0.075803 BTC at 12834.67
2025-12-03 15:00:06,989 - INFO - HedgeFund - Exiting position: P&L = -9.51 (-0.98%)
2025-12-03 15:00:06,989 - INFO - HedgeFund - Entering long position: 0.083420 BTC at 11651.45
2025-12-03 15:00:06,989 - INFO - HedgeFund - Exiting position: P&L = 146.49 (15.07%)
2025-12-03 15:00:06,989 - INFO - HedgeFund - Entering long position: 0.073571 BTC at 13410.35
2025-12-03 15:00:06,989 - INFO - HedgeFund - Exiting position: P&L = -0.48 (-0.05%)
2025-12-03 15:00:06,989 - INFO - HedgeFund - Entering long position: 0.072962 BTC at 13521.62
2025-12-03 15:00:06,989 - INFO - HedgeFund - Exiting position: P&L = -11.17 (-1.13%)
2025-12-03 15:00:06,989 - INFO - HedgeFund - Entering long position: 0.072655 BTC at 13563.25
2025-12-03 15:00:06,990 - INFO - HedgeFund - Exiting position: P&L = -6.88 (-0.70%)
2025-12-03 15:00:06,990 - INFO - HedgeFund - Entering long position: 0.074541 BTC at 13210.84
2025-12-03 15:00:06,990 - INFO - HedgeFund - Exiting position: P&L = -17.09 (-1.74%)
2025-12-03 15:00:06,990 - INFO - HedgeFund - Entering long position: 0.074476 BTC at 13199.42
2025-12-03 15:00:06,990 - INFO - HedgeFund - Exiting position: P&L = -5.41 (-0.55%)
2025-12-03 15:00:06,990 - INFO - HedgeFund - Entering long position: 0.075278 BTC at 13051.69
2025-12-03 15:00:06,990 - INFO - HedgeFund - Exiting position: P&L = -8.00 (-0.81%)
2025-12-03 15:00:06,990 - INFO - HedgeFund - Entering long position: 0.075170 BTC at 13059.85
2025-12-03 15:00:06,990 - INFO - HedgeFund - Exiting position: P&L = 3.10 (0.32%)
2025-12-03 15:00:06,990 - INFO - HedgeFund - Entering long position: 0.073555 BTC at 13350.75
2025-12-03 15:00:06,990 - INFO - HedgeFund - Exiting position: P&L = -8.91 (-0.91%)
2025-12-03 15:00:06,991 - INFO - HedgeFund - Entering long position: 0.073889 BTC at 13278.39
2025-12-03 15:00:06,991 - INFO - HedgeFund - Exiting position: P&L = 3.02 (0.31%)
2025-12-03 15:00:06,991 - INFO - HedgeFund - Entering long position: 0.073480 BTC at 13356.36
2025-12-03 15:00:06,991 - INFO - HedgeFund - Exiting position: P&L = -1.47 (-0.15%)
2025-12-03 15:00:06,991 - INFO - HedgeFund - Entering long position: 0.073200 BTC at 13405.49
2025-12-03 15:00:06,991 - INFO - HedgeFund - Exiting position: P&L = -4.83 (-0.49%)
2025-12-03 15:00:06,991 - INFO - HedgeFund - Entering long position: 0.072446 BTC at 13538.36
2025-12-03 15:00:06,991 - INFO - HedgeFund - Exiting position: P&L = 10.06 (1.03%)
2025-12-03 15:00:06,991 - INFO - HedgeFund - Entering long position: 0.071848 BTC at 13664.90
2025-12-03 15:00:06,992 - INFO - HedgeFund - Exiting position: P&L = -27.88 (-2.84%)
2025-12-03 15:00:06,992 - INFO - HedgeFund - Entering long position: 0.073320 BTC at 13352.71
2025-12-03 15:00:06,992 - INFO - HedgeFund - Exiting position: P&L = -6.16 (-0.63%)
2025-12-03 15:00:06,992 - INFO - HedgeFund - Entering long position: 0.073655 BTC at 13283.59
2025-12-03 15:00:06,992 - INFO - HedgeFund - Exiting position: P&L = -4.51 (-0.46%)
2025-12-03 15:00:06,992 - INFO - HedgeFund - Entering long position: 0.074921 BTC at 13053.06
2025-12-03 15:00:06,992 - INFO - HedgeFund - Exiting position: P&L = 78.45 (8.02%)
2025-12-03 15:00:06,993 - INFO - HedgeFund - Entering long position: 0.070881 BTC at 13907.63
2025-12-03 15:00:06,993 - INFO - HedgeFund - Exiting position: P&L = -0.48 (-0.05%)
2025-12-03 15:00:06,993 - INFO - HedgeFund - Entering long position: 0.069761 BTC at 14130.30
2025-12-03 15:00:06,993 - INFO - HedgeFund - Exiting position: P&L = -8.93 (-0.91%)
2025-12-03 15:00:06,993 - INFO - HedgeFund - Entering long position: 0.068544 BTC at 14368.22
2025-12-03 15:00:06,993 - INFO - HedgeFund - Exiting position: P&L = -19.76 (-2.01%)
2025-12-03 15:00:06,993 - INFO - HedgeFund - Entering long position: 0.069212 BTC at 14200.94
2025-12-03 15:00:06,993 - INFO - HedgeFund - Exiting position: P&L = -14.16 (-1.44%)
2025-12-03 15:00:06,994 - INFO - HedgeFund - Entering long position: 0.070252 BTC at 13970.59
2025-12-03 15:00:06,994 - INFO - HedgeFund - Exiting position: P&L = -13.31 (-1.36%)
2025-12-03 15:00:06,994 - INFO - HedgeFund - Entering long position: 0.071113 BTC at 13782.66
2025-12-03 15:00:06,994 - INFO - HedgeFund - Exiting position: P&L = -6.13 (-0.63%)
2025-12-03 15:00:06,994 - INFO - HedgeFund - Entering long position: 0.074716 BTC at 13109.85
2025-12-03 15:00:06,994 - INFO - HedgeFund - Exiting position: P&L = -5.82 (-0.59%)
2025-12-03 15:00:06,994 - INFO - HedgeFund - Entering long position: 0.074305 BTC at 13174.60
2025-12-03 15:00:06,994 - INFO - HedgeFund - Exiting position: P&L = 16.81 (1.72%)
2025-12-03 15:00:06,995 - INFO - HedgeFund - Entering long position: 0.074224 BTC at 13211.48
2025-12-03 15:00:06,995 - INFO - HedgeFund - Exiting position: P&L = -15.29 (-1.56%)
2025-12-03 15:00:06,995 - INFO - HedgeFund - Entering long position: 0.072581 BTC at 13489.53
2025-12-03 15:00:06,995 - INFO - HedgeFund - Exiting position: P&L = -28.18 (-2.88%)
2025-12-03 15:00:06,995 - INFO - HedgeFund - Entering long position: 0.077816 BTC at 12545.82
2025-12-03 15:00:06,995 - INFO - HedgeFund - Exiting position: P&L = -10.88 (-1.11%)
2025-12-03 15:00:06,995 - INFO - HedgeFund - Entering long position: 0.077788 BTC at 12536.42
2025-12-03 15:00:06,996 - INFO - HedgeFund - Exiting position: P&L = 15.50 (1.59%)
2025-12-03 15:00:06,996 - INFO - HedgeFund - Entering long position: 0.075456 BTC at 12944.43
2025-12-03 15:00:06,996 - INFO - HedgeFund - Exiting position: P&L = -9.94 (-1.02%)
2025-12-03 15:00:06,996 - INFO - HedgeFund - Entering long position: 0.076165 BTC at 12810.88
2025-12-03 15:00:06,996 - INFO - HedgeFund - Exiting position: P&L = 3.08 (0.32%)
2025-12-03 15:00:06,996 - INFO - HedgeFund - Entering long position: 0.075017 BTC at 13011.03
2025-12-03 15:00:06,996 - INFO - HedgeFund - Exiting position: P&L = 19.98 (2.05%)
2025-12-03 15:00:06,996 - INFO - HedgeFund - Entering long position: 0.072967 BTC at 13403.98
2025-12-03 15:00:06,997 - INFO - HedgeFund - Exiting position: P&L = -2.08 (-0.21%)
2025-12-03 15:00:06,997 - INFO - HedgeFund - Entering long position: 0.072884 BTC at 13416.28
2025-12-03 15:00:06,997 - INFO - HedgeFund - Exiting position: P&L = -8.90 (-0.91%)
2025-12-03 15:00:06,997 - INFO - HedgeFund - Entering long position: 0.074960 BTC at 13032.78
2025-12-03 15:00:06,997 - INFO - HedgeFund - Exiting position: P&L = -0.22 (-0.02%)
2025-12-03 15:00:06,997 - INFO - HedgeFund - Entering long position: 0.074413 BTC at 13128.37
2025-12-03 15:00:06,997 - INFO - HedgeFund - Exiting position: P&L = 29.05 (2.97%)
2025-12-03 15:00:06,997 - INFO - HedgeFund - Entering long position: 0.071234 BTC at 13755.09
2025-12-03 15:00:06,998 - INFO - HedgeFund - Exiting position: P&L = -2.26 (-0.23%)
2025-12-03 15:00:06,998 - INFO - HedgeFund - Entering long position: 0.071729 BTC at 13656.96
2025-12-03 15:00:06,998 - INFO - HedgeFund - Exiting position: P&L = 22.08 (2.25%)
2025-12-03 15:00:06,998 - INFO - HedgeFund - Entering long position: 0.069503 BTC at 14126.14
2025-12-03 15:00:06,998 - INFO - HedgeFund - Exiting position: P&L = -9.83 (-1.00%)
2025-12-03 15:00:06,998 - INFO - HedgeFund - Entering long position: 0.071223 BTC at 13771.22
2025-12-03 15:00:06,998 - INFO - HedgeFund - Exiting position: P&L = -1.57 (-0.16%)
2025-12-03 15:00:06,999 - INFO - HedgeFund - Entering long position: 0.075785 BTC at 12940.18
2025-12-03 15:00:06,999 - INFO - HedgeFund - Exiting position: P&L = 8.65 (0.88%)
2025-12-03 15:00:06,999 - INFO - HedgeFund - Entering long position: 0.074285 BTC at 13213.02
2025-12-03 15:00:06,999 - INFO - HedgeFund - Exiting position: P&L = -16.11 (-1.64%)
2025-12-03 15:00:06,999 - INFO - HedgeFund - Entering long position: 0.074494 BTC at 13154.43
2025-12-03 15:00:06,999 - INFO - HedgeFund - Exiting position: P&L = -17.24 (-1.76%)
2025-12-03 15:00:06,999 - INFO - HedgeFund - Entering long position: 0.074171 BTC at 13188.38
2025-12-03 15:00:06,999 - INFO - HedgeFund - Exiting position: P&L = -30.02 (-3.07%)
2025-12-03 15:00:07,000 - INFO - HedgeFund - Entering long position: 0.079307 BTC at 12296.52
2025-12-03 15:00:07,000 - INFO - HedgeFund - Exiting position: P&L = -10.26 (-1.05%)
2025-12-03 15:00:07,000 - INFO - HedgeFund - Entering long position: 0.078149 BTC at 12465.59
2025-12-03 15:00:07,000 - INFO - HedgeFund - Exiting position: P&L = 35.71 (3.67%)
2025-12-03 15:00:07,000 - INFO - HedgeFund - Entering long position: 0.074331 BTC at 13153.79
2025-12-03 15:00:07,000 - INFO - HedgeFund - Exiting position: P&L = -10.08 (-1.03%)
2025-12-03 15:00:07,000 - INFO - HedgeFund - Entering long position: 0.074796 BTC at 13058.66
2025-12-03 15:00:07,000 - INFO - HedgeFund - Exiting position: P&L = 12.86 (1.32%)
2025-12-03 15:00:07,001 - INFO - HedgeFund - Entering long position: 0.072610 BTC at 13469.44
2025-12-03 15:00:07,001 - INFO - HedgeFund - Exiting position: P&L = -3.83 (-0.39%)
2025-12-03 15:00:07,001 - INFO - HedgeFund - Entering long position: 0.072353 BTC at 13512.05
2025-12-03 15:00:07,001 - INFO - HedgeFund - Exiting position: P&L = -7.67 (-0.78%)
2025-12-03 15:00:07,001 - INFO - HedgeFund - Entering long position: 0.072641 BTC at 13447.99
2025-12-03 15:00:07,001 - INFO - HedgeFund - Exiting position: P&L = 0.02 (0.00%)
2025-12-03 15:00:07,001 - INFO - HedgeFund - Entering long position: 0.074895 BTC at 13043.30
2025-12-03 15:00:07,002 - INFO - HedgeFund - Exiting position: P&L = 14.40 (1.47%)
2025-12-03 15:00:07,002 - INFO - HedgeFund - Entering long position: 0.074267 BTC at 13172.84
2025-12-03 15:00:07,002 - INFO - HedgeFund - Exiting position: P&L = -16.12 (-1.65%)
2025-12-03 15:00:07,002 - INFO - HedgeFund - Entering long position: 0.073564 BTC at 13276.92
2025-12-03 15:00:07,002 - INFO - HedgeFund - Exiting position: P&L = -16.57 (-1.70%)
2025-12-03 15:00:07,002 - INFO - HedgeFund - Entering long position: 0.074651 BTC at 13061.36
2025-12-03 15:00:07,002 - INFO - HedgeFund - Exiting position: P&L = -1.24 (-0.13%)
2025-12-03 15:00:07,002 - INFO - HedgeFund - Entering long position: 0.074422 BTC at 13099.84
2025-12-03 15:00:07,003 - INFO - HedgeFund - Exiting position: P&L = 22.48 (2.31%)
2025-12-03 15:00:07,003 - INFO - HedgeFund - Entering long position: 0.072379 BTC at 13500.69
2025-12-03 15:00:07,003 - INFO - HedgeFund - Exiting position: P&L = 60.76 (6.22%)
2025-12-03 15:00:07,003 - INFO - HedgeFund - Entering long position: 0.068011 BTC at 14457.06
2025-12-03 15:00:07,003 - INFO - HedgeFund - Exiting position: P&L = 12.41 (1.26%)
2025-12-03 15:00:07,003 - INFO - HedgeFund - Entering long position: 0.068095 BTC at 14457.54
2025-12-03 15:00:07,004 - INFO - HedgeFund - Exiting position: P&L = -9.97 (-1.01%)
2025-12-03 15:00:07,004 - INFO - HedgeFund - Entering long position: 0.069066 BTC at 14239.72
2025-12-03 15:00:07,004 - INFO - HedgeFund - Exiting position: P&L = -8.78 (-0.89%)
2025-12-03 15:00:07,004 - INFO - HedgeFund - Entering long position: 0.069740 BTC at 14089.59
2025-12-03 15:00:07,004 - INFO - HedgeFund - Exiting position: P&L = -12.16 (-1.24%)
2025-12-03 15:00:07,004 - INFO - HedgeFund - Entering long position: 0.074312 BTC at 13206.26
2025-12-03 15:00:07,004 - INFO - HedgeFund - Exiting position: P&L = 38.29 (3.90%)
2025-12-03 15:00:07,005 - INFO - HedgeFund - Entering long position: 0.074064 BTC at 13302.20
2025-12-03 15:00:07,005 - INFO - HedgeFund - Exiting position: P&L = 5.83 (0.59%)
2025-12-03 15:00:07,005 - INFO - HedgeFund - Entering long position: 0.073154 BTC at 13475.63
2025-12-03 15:00:07,005 - INFO - HedgeFund - Exiting position: P&L = -6.77 (-0.69%)
2025-12-03 15:00:07,005 - INFO - HedgeFund - Entering long position: 0.073317 BTC at 13436.51
2025-12-03 15:00:07,005 - INFO - HedgeFund - Exiting position: P&L = 21.16 (2.15%)
2025-12-03 15:00:07,005 - INFO - HedgeFund - Entering long position: 0.072310 BTC at 13652.99
2025-12-03 15:00:07,005 - INFO - HedgeFund - Exiting position: P&L = 0.28 (0.03%)
2025-12-03 15:00:07,006 - INFO - HedgeFund - Entering long position: 0.072102 BTC at 13692.76
2025-12-03 15:00:07,006 - INFO - HedgeFund - Exiting position: P&L = -1.49 (-0.15%)
2025-12-03 15:00:07,006 - INFO - HedgeFund - Entering long position: 0.072193 BTC at 13673.32
2025-12-03 15:00:07,006 - INFO - HedgeFund - Exiting position: P&L = -2.71 (-0.27%)
2025-12-03 15:00:07,006 - INFO - HedgeFund - Entering long position: 0.072124 BTC at 13682.77
2025-12-03 15:00:07,006 - INFO - HedgeFund - Exiting position: P&L = 24.07 (2.44%)
2025-12-03 15:00:07,006 - INFO - HedgeFund - Entering long position: 0.070288 BTC at 14074.26
2025-12-03 15:00:07,006 - INFO - HedgeFund - Exiting position: P&L = 7.13 (0.72%)
2025-12-03 15:00:07,006 - INFO - HedgeFund - Entering long position: 0.070213 BTC at 14099.49
2025-12-03 15:00:07,006 - INFO - HedgeFund - Exiting position: P&L = -8.80 (-0.89%)
2025-12-03 15:00:07,007 - INFO - HedgeFund - Entering long position: 0.073117 BTC at 13527.56
2025-12-03 15:00:07,007 - INFO - HedgeFund - Exiting position: P&L = 0.27 (0.03%)
2025-12-03 15:00:07,007 - INFO - HedgeFund - Entering long position: 0.072582 BTC at 13627.59
2025-12-03 15:00:07,007 - INFO - HedgeFund - Exiting position: P&L = 0.42 (0.04%)
2025-12-03 15:00:07,007 - INFO - HedgeFund - Entering long position: 0.071618 BTC at 13811.53
2025-12-03 15:00:07,007 - INFO - HedgeFund - Exiting position: P&L = -3.91 (-0.40%)
2025-12-03 15:00:07,007 - INFO - HedgeFund - Entering long position: 0.070982 BTC at 13929.76
2025-12-03 15:00:07,007 - INFO - HedgeFund - Exiting position: P&L = -12.45 (-1.26%)
2025-12-03 15:00:07,008 - INFO - HedgeFund - Entering long position: 0.071490 BTC at 13813.36
2025-12-03 15:00:07,008 - INFO - HedgeFund - Exiting position: P&L = -3.63 (-0.37%)
2025-12-03 15:00:07,008 - INFO - HedgeFund - Entering long position: 0.070436 BTC at 14015.03
2025-12-03 15:00:07,008 - INFO - HedgeFund - Exiting position: P&L = -7.36 (-0.75%)
2025-12-03 15:00:07,008 - INFO - HedgeFund - Entering long position: 0.069595 BTC at 14173.75
2025-12-03 15:00:07,008 - INFO - HedgeFund - Exiting position: P&L = -2.05 (-0.21%)
2025-12-03 15:00:07,008 - INFO - HedgeFund - Entering long position: 0.070294 BTC at 14029.93
2025-12-03 15:00:07,008 - INFO - HedgeFund - Exiting position: P&L = -10.19 (-1.03%)
2025-12-03 15:00:07,008 - INFO - HedgeFund - Entering long position: 0.070195 BTC at 14035.17
2025-12-03 15:00:07,009 - INFO - HedgeFund - Exiting position: P&L = -8.89 (-0.90%)
2025-12-03 15:00:07,009 - INFO - HedgeFund - Entering long position: 0.071423 BTC at 13781.35
2025-12-03 15:00:07,009 - INFO - HedgeFund - Exiting position: P&L = -3.94 (-0.40%)
2025-12-03 15:00:07,009 - INFO - HedgeFund - Entering long position: 0.071369 BTC at 13786.38
2025-12-03 15:00:07,009 - INFO - HedgeFund - Exiting position: P&L = -9.51 (-0.97%)
2025-12-03 15:00:07,009 - INFO - HedgeFund - Entering long position: 0.071216 BTC at 13802.54
2025-12-03 15:00:07,009 - INFO - HedgeFund - Exiting position: P&L = -18.16 (-1.85%)
2025-12-03 15:00:07,009 - INFO - HedgeFund - Entering long position: 0.073463 BTC at 13355.73
2025-12-03 15:00:07,009 - INFO - HedgeFund - Exiting position: P&L = 7.36 (0.75%)
2025-12-03 15:00:07,009 - INFO - HedgeFund - Entering long position: 0.072297 BTC at 13581.27
2025-12-03 15:00:07,009 - INFO - HedgeFund - Exiting position: P&L = -16.26 (-1.66%)
2025-12-03 15:00:07,010 - INFO - HedgeFund - Entering long position: 0.072716 BTC at 13480.66
2025-12-03 15:00:07,010 - INFO - HedgeFund - Exiting position: P&L = 4.42 (0.45%)
2025-12-03 15:00:07,010 - INFO - HedgeFund - Entering long position: 0.071956 BTC at 13629.11
2025-12-03 15:00:07,010 - INFO - HedgeFund - Exiting position: P&L = -18.00 (-1.84%)
2025-12-03 15:00:07,010 - INFO - HedgeFund - Entering long position: 0.072407 BTC at 13519.32
2025-12-03 15:00:07,010 - INFO - HedgeFund - Exiting position: P&L = -28.06 (-2.87%)
2025-12-03 15:00:07,010 - INFO - HedgeFund - Entering long position: 0.074941 BTC at 13024.84
2025-12-03 15:00:07,010 - INFO - HedgeFund - Exiting position: P&L = 17.22 (1.76%)
2025-12-03 15:00:07,010 - INFO - HedgeFund - Entering long position: 0.077797 BTC at 12568.84
2025-12-03 15:00:07,010 - INFO - HedgeFund - Exiting position: P&L = 17.23 (1.76%)
2025-12-03 15:00:07,010 - INFO - HedgeFund - Entering long position: 0.075599 BTC at 12957.03
2025-12-03 15:00:07,011 - INFO - HedgeFund - Exiting position: P&L = -4.94 (-0.50%)
2025-12-03 15:00:07,011 - INFO - HedgeFund - Entering long position: 0.075178 BTC at 13023.05
2025-12-03 15:00:07,011 - INFO - HedgeFund - Exiting position: P&L = -8.45 (-0.86%)
2025-12-03 15:00:07,011 - INFO - HedgeFund - Entering long position: 0.075401 BTC at 12973.28
2025-12-03 15:00:07,011 - INFO - HedgeFund - Exiting position: P&L = -7.35 (-0.75%)
2025-12-03 15:00:07,011 - INFO - HedgeFund - Entering long position: 0.074940 BTC at 13043.31
2025-12-03 15:00:07,011 - INFO - HedgeFund - Exiting position: P&L = 53.07 (5.43%)
2025-12-03 15:00:07,011 - INFO - HedgeFund - Entering long position: 0.071563 BTC at 13733.04
2025-12-03 15:00:07,011 - INFO - HedgeFund - Exiting position: P&L = 10.31 (1.05%)
2025-12-03 15:00:07,011 - INFO - HedgeFund - Entering long position: 0.074464 BTC at 13211.88
2025-12-03 15:00:07,011 - INFO - HedgeFund - Exiting position: P&L = 6.79 (0.69%)
2025-12-03 15:00:07,011 - INFO - HedgeFund - Entering long position: 0.073909 BTC at 13320.27
2025-12-03 15:00:07,011 - INFO - HedgeFund - Exiting position: P&L = 1.62 (0.16%)
2025-12-03 15:00:07,012 - INFO - HedgeFund - Entering long position: 0.075300 BTC at 13076.34
2025-12-03 15:00:07,012 - INFO - HedgeFund - Exiting position: P&L = -11.82 (-1.20%)
2025-12-03 15:00:07,012 - INFO - HedgeFund - Entering long position: 0.075431 BTC at 13037.99
2025-12-03 15:00:07,012 - INFO - HedgeFund - Exiting position: P&L = 8.42 (0.86%)
2025-12-03 15:00:07,012 - INFO - HedgeFund - Entering long position: 0.076706 BTC at 12832.14
2025-12-03 15:00:07,012 - INFO - HedgeFund - Exiting position: P&L = -24.88 (-2.53%)
2025-12-03 15:00:07,012 - INFO - HedgeFund - Entering long position: 0.080582 BTC at 12184.09
2025-12-03 15:00:07,012 - INFO - HedgeFund - Exiting position: P&L = 9.61 (0.98%)
2025-12-03 15:00:07,012 - INFO - HedgeFund - Entering long position: 0.080490 BTC at 12210.00
2025-12-03 15:00:07,012 - INFO - HedgeFund - Exiting position: P&L = 7.35 (0.75%)
2025-12-03 15:00:07,012 - INFO - HedgeFund - Entering long position: 0.079648 BTC at 12348.27
2025-12-03 15:00:07,012 - INFO - HedgeFund - Exiting position: P&L = -1.14 (-0.12%)
2025-12-03 15:00:07,012 - INFO - HedgeFund - Entering long position: 0.078559 BTC at 12517.88
2025-12-03 15:00:07,012 - INFO - HedgeFund - Exiting position: P&L = 2.10 (0.21%)
2025-12-03 15:00:07,013 - INFO - HedgeFund - Entering long position: 0.078649 BTC at 12506.29
2025-12-03 15:00:07,013 - INFO - HedgeFund - Exiting position: P&L = 6.85 (0.70%)
2025-12-03 15:00:07,013 - INFO - HedgeFund - Entering long position: 0.078076 BTC at 12606.93
2025-12-03 15:00:07,013 - INFO - HedgeFund - Exiting position: P&L = -7.26 (-0.74%)
2025-12-03 15:00:07,013 - INFO - HedgeFund - Entering long position: 0.077408 BTC at 12706.22
2025-12-03 15:00:07,013 - INFO - HedgeFund - Exiting position: P&L = -11.58 (-1.18%)
2025-12-03 15:00:07,013 - INFO - HedgeFund - Entering long position: 0.078135 BTC at 12573.27
2025-12-03 15:00:07,013 - INFO - HedgeFund - Exiting position: P&L = -9.17 (-0.93%)
2025-12-03 15:00:07,013 - INFO - HedgeFund - Entering long position: 0.077478 BTC at 12668.00
2025-12-03 15:00:07,013 - INFO - HedgeFund - Exiting position: P&L = -3.49 (-0.36%)
2025-12-03 15:00:07,013 - INFO - HedgeFund - Entering long position: 0.078789 BTC at 12452.79
2025-12-03 15:00:07,013 - INFO - HedgeFund - Exiting position: P&L = -3.13 (-0.32%)
2025-12-03 15:00:07,013 - INFO - HedgeFund - Entering long position: 0.079704 BTC at 12305.86
2025-12-03 15:00:07,013 - INFO - HedgeFund - Exiting position: P&L = -22.56 (-2.30%)
2025-12-03 15:00:07,013 - INFO - HedgeFund - Entering long position: 0.079287 BTC at 12342.11
2025-12-03 15:00:07,014 - INFO - HedgeFund - Exiting position: P&L = -12.76 (-1.30%)
2025-12-03 15:00:07,014 - INFO - HedgeFund - Entering long position: 0.080072 BTC at 12205.17
2025-12-03 15:00:07,014 - INFO - HedgeFund - Exiting position: P&L = 9.20 (0.94%)
2025-12-03 15:00:07,014 - INFO - HedgeFund - Entering long position: 0.081727 BTC at 11969.32
2025-12-03 15:00:07,014 - INFO - HedgeFund - Exiting position: P&L = 34.59 (3.54%)
2025-12-03 15:00:07,014 - INFO - HedgeFund - Entering long position: 0.078654 BTC at 12480.97
2025-12-03 15:00:07,014 - INFO - HedgeFund - Exiting position: P&L = 7.48 (0.76%)
2025-12-03 15:00:07,014 - INFO - HedgeFund - Entering long position: 0.078611 BTC at 12497.27
2025-12-03 15:00:07,014 - INFO - HedgeFund - Exiting position: P&L = -11.44 (-1.16%)
2025-12-03 15:00:07,014 - INFO - HedgeFund - Entering long position: 0.078174 BTC at 12552.60
2025-12-03 15:00:07,014 - INFO - HedgeFund - Exiting position: P&L = -5.29 (-0.54%)
2025-12-03 15:00:07,014 - INFO - HedgeFund - Entering long position: 0.077856 BTC at 12597.01
2025-12-03 15:00:07,014 - INFO - HedgeFund - Exiting position: P&L = -19.46 (-1.98%)
2025-12-03 15:00:07,014 - INFO - HedgeFund - Entering long position: 0.080333 BTC at 12184.38
2025-12-03 15:00:07,014 - INFO - HedgeFund - Exiting position: P&L = -4.79 (-0.49%)
2025-12-03 15:00:07,015 - INFO - HedgeFund - Entering long position: 0.080685 BTC at 12125.20
2025-12-03 15:00:07,015 - INFO - HedgeFund - Exiting position: P&L = -17.28 (-1.77%)
2025-12-03 15:00:07,015 - INFO - HedgeFund - Entering long position: 0.082377 BTC at 11855.24
2025-12-03 15:00:07,015 - INFO - HedgeFund - Exiting position: P&L = -16.56 (-1.70%)
2025-12-03 15:00:07,015 - INFO - HedgeFund - Entering long position: 0.084334 BTC at 11560.52
2025-12-03 15:00:07,015 - INFO - HedgeFund - Exiting position: P&L = 1.52 (0.16%)
2025-12-03 15:00:07,015 - INFO - HedgeFund - Entering long position: 0.083082 BTC at 11736.55
2025-12-03 15:00:07,015 - INFO - HedgeFund - Exiting position: P&L = -11.43 (-1.17%)
2025-12-03 15:00:07,015 - INFO - HedgeFund - Entering long position: 0.083405 BTC at 11677.42
2025-12-03 15:00:07,015 - INFO - HedgeFund - Exiting position: P&L = -8.01 (-0.82%)
2025-12-03 15:00:07,015 - INFO - HedgeFund - Entering long position: 0.083414 BTC at 11666.56
2025-12-03 15:00:07,016 - INFO - HedgeFund - Exiting position: P&L = 3.51 (0.36%)
2025-12-03 15:00:07,016 - INFO - HedgeFund - Entering long position: 0.084666 BTC at 11498.10
2025-12-03 15:00:07,016 - INFO - HedgeFund - Exiting position: P&L = -14.16 (-1.45%)
2025-12-03 15:00:07,016 - INFO - HedgeFund - Entering long position: 0.086190 BTC at 11278.35
2025-12-03 15:00:07,016 - INFO - HedgeFund - Exiting position: P&L = 14.36 (1.48%)
2025-12-03 15:00:07,016 - INFO - HedgeFund - Entering long position: 0.084746 BTC at 11487.55
2025-12-03 15:00:07,016 - INFO - HedgeFund - Exiting position: P&L = -4.29 (-0.44%)
2025-12-03 15:00:07,016 - INFO - HedgeFund - Entering long position: 0.085312 BTC at 11406.24
2025-12-03 15:00:07,016 - INFO - HedgeFund - Exiting position: P&L = -14.35 (-1.47%)
2025-12-03 15:00:07,016 - INFO - HedgeFund - Entering long position: 0.088171 BTC at 11020.13
2025-12-03 15:00:07,016 - INFO - HedgeFund - Exiting position: P&L = 78.16 (8.04%)
2025-12-03 15:00:07,017 - INFO - HedgeFund - Entering long position: 0.080878 BTC at 12110.54
2025-12-03 15:00:07,017 - INFO - HedgeFund - Exiting position: P&L = -7.58 (-0.77%)
2025-12-03 15:00:07,017 - INFO - HedgeFund - Entering long position: 0.081580 BTC at 11997.07
2025-12-03 15:00:07,017 - INFO - HedgeFund - Exiting position: P&L = 3.16 (0.32%)
2025-12-03 15:00:07,017 - INFO - HedgeFund - Entering long position: 0.080650 BTC at 12139.34
2025-12-03 15:00:07,017 - INFO - HedgeFund - Exiting position: P&L = -17.07 (-1.74%)
2025-12-03 15:00:07,017 - INFO - HedgeFund - Entering long position: 0.081607 BTC at 11975.94
2025-12-03 15:00:07,017 - INFO - HedgeFund - Exiting position: P&L = -21.47 (-2.20%)
2025-12-03 15:00:07,017 - INFO - HedgeFund - Entering long position: 0.089179 BTC at 10935.03
2025-12-03 15:00:07,017 - INFO - HedgeFund - Exiting position: P&L = 9.66 (0.99%)
2025-12-03 15:00:07,017 - INFO - HedgeFund - Entering long position: 0.087574 BTC at 11146.47
2025-12-03 15:00:07,017 - INFO - HedgeFund - Exiting position: P&L = -9.41 (-0.96%)
2025-12-03 15:00:07,017 - INFO - HedgeFund - Entering long position: 0.088553 BTC at 11012.63
2025-12-03 15:00:07,017 - INFO - HedgeFund - Exiting position: P&L = -5.78 (-0.59%)
2025-12-03 15:00:07,017 - INFO - HedgeFund - Entering long position: 0.088194 BTC at 11050.98
2025-12-03 15:00:07,017 - INFO - HedgeFund - Exiting position: P&L = 35.27 (3.62%)
2025-12-03 15:00:07,018 - INFO - HedgeFund - Entering long position: 0.084356 BTC at 11595.59
2025-12-03 15:00:07,018 - INFO - HedgeFund - Exiting position: P&L = 5.44 (0.56%)
2025-12-03 15:00:07,018 - INFO - HedgeFund - Entering long position: 0.084190 BTC at 11624.83
2025-12-03 15:00:07,018 - INFO - HedgeFund - Exiting position: P&L = 23.47 (2.40%)
2025-12-03 15:00:07,018 - INFO - HedgeFund - Entering long position: 0.082685 BTC at 11864.79
2025-12-03 15:00:07,018 - INFO - HedgeFund - Exiting position: P&L = -13.17 (-1.34%)
2025-12-03 15:00:07,018 - INFO - HedgeFund - Entering long position: 0.082561 BTC at 11866.76
2025-12-03 15:00:07,018 - INFO - HedgeFund - Exiting position: P&L = -8.15 (-0.83%)
2025-12-03 15:00:07,018 - INFO - HedgeFund - Entering long position: 0.084687 BTC at 11559.20
2025-12-03 15:00:07,018 - INFO - HedgeFund - Exiting position: P&L = -23.37 (-2.39%)
2025-12-03 15:00:07,018 - INFO - HedgeFund - Entering long position: 0.085506 BTC at 11421.13
2025-12-03 15:00:07,018 - INFO - HedgeFund - Exiting position: P&L = 6.77 (0.69%)
2025-12-03 15:00:07,018 - INFO - HedgeFund - Entering long position: 0.084603 BTC at 11551.04
2025-12-03 15:00:07,018 - INFO - HedgeFund - Exiting position: P&L = -0.25 (-0.03%)
2025-12-03 15:00:07,019 - INFO - HedgeFund - Entering long position: 0.087216 BTC at 11204.72
2025-12-03 15:00:07,019 - INFO - HedgeFund - Exiting position: P&L = -9.82 (-1.01%)
2025-12-03 15:00:07,019 - INFO - HedgeFund - Entering long position: 0.087118 BTC at 11206.06
2025-12-03 15:00:07,019 - INFO - HedgeFund - Exiting position: P&L = 36.04 (3.69%)
2025-12-03 15:00:07,019 - INFO - HedgeFund - Entering long position: 0.083501 BTC at 11734.56
2025-12-03 15:00:07,019 - INFO - HedgeFund - Exiting position: P&L = -2.06 (-0.21%)
2025-12-03 15:00:07,019 - INFO - HedgeFund - Entering long position: 0.082331 BTC at 11898.90
2025-12-03 15:00:07,019 - INFO - HedgeFund - Exiting position: P&L = 9.84 (1.00%)
2025-12-03 15:00:07,019 - INFO - HedgeFund - Entering long position: 0.082539 BTC at 11880.80
2025-12-03 15:00:07,019 - INFO - HedgeFund - Exiting position: P&L = -3.20 (-0.33%)
2025-12-03 15:00:07,019 - INFO - HedgeFund - Entering long position: 0.081018 BTC at 12099.90
2025-12-03 15:00:07,019 - INFO - HedgeFund - Exiting position: P&L = 4.30 (0.44%)
2025-12-03 15:00:07,020 - INFO - HedgeFund - Entering long position: 0.085131 BTC at 11520.38
2025-12-03 15:00:07,020 - INFO - HedgeFund - Exiting position: P&L = 4.22 (0.43%)
2025-12-03 15:00:07,020 - INFO - HedgeFund - Entering long position: 0.083340 BTC at 11773.04
2025-12-03 15:00:07,020 - INFO - HedgeFund - Exiting position: P&L = 1.74 (0.18%)
2025-12-03 15:00:07,020 - INFO - HedgeFund - Entering long position: 0.082930 BTC at 11833.25
2025-12-03 15:00:07,020 - INFO - HedgeFund - Exiting position: P&L = -14.37 (-1.46%)
2025-12-03 15:00:07,020 - INFO - HedgeFund - Entering long position: 0.083175 BTC at 11781.23
2025-12-03 15:00:07,020 - INFO - HedgeFund - Exiting position: P&L = -11.33 (-1.16%)
2025-12-03 15:00:07,020 - INFO - HedgeFund - Entering long position: 0.083554 BTC at 11714.14
2025-12-03 15:00:07,020 - INFO - HedgeFund - Exiting position: P&L = 31.80 (3.25%)
2025-12-03 15:00:07,020 - INFO - HedgeFund - Entering long position: 0.085295 BTC at 11512.33
2025-12-03 15:00:07,020 - INFO - HedgeFund - Exiting position: P&L = 3.78 (0.38%)
2025-12-03 15:00:07,020 - INFO - HedgeFund - Entering long position: 0.085312 BTC at 11514.42
2025-12-03 15:00:07,020 - INFO - HedgeFund - Exiting position: P&L = 5.82 (0.59%)
2025-12-03 15:00:07,021 - INFO - HedgeFund - Entering long position: 0.087426 BTC at 11242.70
2025-12-03 15:00:07,021 - INFO - HedgeFund - Exiting position: P&L = -12.79 (-1.30%)
2025-12-03 15:00:07,021 - INFO - HedgeFund - Entering long position: 0.088113 BTC at 11140.58
2025-12-03 15:00:07,021 - INFO - HedgeFund - Exiting position: P&L = -15.36 (-1.57%)
2025-12-03 15:00:07,021 - INFO - HedgeFund - Entering long position: 0.089504 BTC at 10950.24
2025-12-03 15:00:07,021 - INFO - HedgeFund - Exiting position: P&L = -16.21 (-1.65%)
2025-12-03 15:00:07,021 - INFO - HedgeFund - Entering long position: 0.090769 BTC at 10779.73
2025-12-03 15:00:07,021 - INFO - HedgeFund - Exiting position: P&L = 4.83 (0.49%)
2025-12-03 15:00:07,021 - INFO - HedgeFund - Entering long position: 0.089731 BTC at 10909.82
2025-12-03 15:00:07,021 - INFO - HedgeFund - Exiting position: P&L = 18.49 (1.89%)
2025-12-03 15:00:07,021 - INFO - HedgeFund - Entering long position: 0.088147 BTC at 11126.89
2025-12-03 15:00:07,021 - INFO - HedgeFund - Exiting position: P&L = 33.06 (3.37%)
2025-12-03 15:00:07,021 - INFO - HedgeFund - Entering long position: 0.085519 BTC at 11507.41
2025-12-03 15:00:07,021 - INFO - HedgeFund - Exiting position: P&L = 34.21 (3.48%)
2025-12-03 15:00:07,022 - INFO - HedgeFund - Entering long position: 0.082260 BTC at 12004.93
2025-12-03 15:00:07,022 - INFO - HedgeFund - Exiting position: P&L = 2.08 (0.21%)
2025-12-03 15:00:07,022 - INFO - HedgeFund - Entering long position: 0.080683 BTC at 12242.24
2025-12-03 15:00:07,022 - INFO - HedgeFund - Exiting position: P&L = -0.04 (-0.00%)
2025-12-03 15:00:07,022 - INFO - HedgeFund - Entering long position: 0.088473 BTC at 11164.17
2025-12-03 15:00:07,022 - INFO - HedgeFund - Exiting position: P&L = -2.78 (-0.28%)
2025-12-03 15:00:07,022 - INFO - HedgeFund - Entering long position: 0.090990 BTC at 10852.29
2025-12-03 15:00:07,022 - INFO - HedgeFund - Exiting position: P&L = -1.45 (-0.15%)
2025-12-03 15:00:07,022 - INFO - HedgeFund - Entering long position: 0.095682 BTC at 10318.59
2025-12-03 15:00:07,022 - INFO - HedgeFund - Exiting position: P&L = -24.61 (-2.49%)
2025-12-03 15:00:07,022 - INFO - HedgeFund - Entering long position: 0.098195 BTC at 10029.50
2025-12-03 15:00:07,022 - INFO - HedgeFund - Exiting position: P&L = -15.28 (-1.55%)
2025-12-03 15:00:07,023 - INFO - HedgeFund - Entering long position: 0.100129 BTC at 9820.52
2025-12-03 15:00:07,023 - INFO - HedgeFund - Exiting position: P&L = -8.49 (-0.86%)
2025-12-03 15:00:07,023 - INFO - HedgeFund - Entering long position: 0.100221 BTC at 9803.05
2025-12-03 15:00:07,023 - INFO - HedgeFund - Exiting position: P&L = -17.17 (-1.75%)
2025-12-03 15:00:07,023 - INFO - HedgeFund - Entering long position: 0.100172 BTC at 9790.65
2025-12-03 15:00:07,023 - INFO - HedgeFund - Exiting position: P&L = -19.65 (-2.00%)
2025-12-03 15:00:07,023 - INFO - HedgeFund - Entering long position: 0.105212 BTC at 9303.03
2025-12-03 15:00:07,023 - INFO - HedgeFund - Exiting position: P&L = -8.01 (-0.82%)
2025-12-03 15:00:07,023 - INFO - HedgeFund - Entering long position: 0.104242 BTC at 9381.93
2025-12-03 15:00:07,023 - INFO - HedgeFund - Exiting position: P&L = 8.05 (0.82%)
2025-12-03 15:00:07,023 - INFO - HedgeFund - Entering long position: 0.102868 BTC at 9515.05
2025-12-03 15:00:07,023 - INFO - HedgeFund - Exiting position: P&L = -6.35 (-0.65%)
2025-12-03 15:00:07,024 - INFO - HedgeFund - Entering long position: 0.104108 BTC at 9395.61
2025-12-03 15:00:07,024 - INFO - HedgeFund - Exiting position: P&L = -8.57 (-0.88%)
2025-12-03 15:00:07,024 - INFO - HedgeFund - Entering long position: 0.103691 BTC at 9425.13
2025-12-03 15:00:07,024 - INFO - HedgeFund - Exiting position: P&L = -9.69 (-0.99%)
2025-12-03 15:00:07,024 - INFO - HedgeFund - Entering long position: 0.103399 BTC at 9442.35
2025-12-03 15:00:07,024 - INFO - HedgeFund - Exiting position: P&L = -0.41 (-0.04%)
2025-12-03 15:00:07,024 - INFO - HedgeFund - Entering long position: 0.101491 BTC at 9619.52
2025-12-03 15:00:07,024 - INFO - HedgeFund - Exiting position: P&L = -11.66 (-1.19%)
2025-12-03 15:00:07,024 - INFO - HedgeFund - Entering long position: 0.102168 BTC at 9544.36
2025-12-03 15:00:07,024 - INFO - HedgeFund - Exiting position: P&L = -14.44 (-1.48%)
2025-12-03 15:00:07,024 - INFO - HedgeFund - Entering long position: 0.108354 BTC at 8986.15
2025-12-03 15:00:07,025 - INFO - HedgeFund - Exiting position: P&L = 19.22 (1.97%)
2025-12-03 15:00:07,025 - INFO - HedgeFund - Entering long position: 0.108787 BTC at 8967.98
2025-12-03 15:00:07,025 - INFO - HedgeFund - Exiting position: P&L = -6.36 (-0.65%)
2025-12-03 15:00:07,025 - INFO - HedgeFund - Entering long position: 0.109183 BTC at 8929.65
2025-12-03 15:00:07,025 - INFO - HedgeFund - Exiting position: P&L = 54.04 (5.54%)
2025-12-03 15:00:07,025 - INFO - HedgeFund - Entering long position: 0.102948 BTC at 9522.94
2025-12-03 15:00:07,025 - INFO - HedgeFund - Exiting position: P&L = -16.94 (-1.73%)
2025-12-03 15:00:07,025 - INFO - HedgeFund - Entering long position: 0.103814 BTC at 9427.23
2025-12-03 15:00:07,025 - INFO - HedgeFund - Exiting position: P&L = -3.10 (-0.32%)
2025-12-03 15:00:07,026 - INFO - HedgeFund - Entering long position: 0.104126 BTC at 9396.01
2025-12-03 15:00:07,026 - INFO - HedgeFund - Exiting position: P&L = 0.06 (0.01%)
2025-12-03 15:00:07,026 - INFO - HedgeFund - Entering long position: 0.104108 BTC at 9397.64
2025-12-03 15:00:07,026 - INFO - HedgeFund - Exiting position: P&L = 15.57 (1.59%)
2025-12-03 15:00:07,026 - INFO - HedgeFund - Entering long position: 0.103890 BTC at 9432.43
2025-12-03 15:00:07,026 - INFO - HedgeFund - Exiting position: P&L = -13.99 (-1.43%)
2025-12-03 15:00:07,026 - INFO - HedgeFund - Entering long position: 0.110042 BTC at 8892.34
2025-12-03 15:00:07,026 - INFO - HedgeFund - Exiting position: P&L = 27.29 (2.79%)
2025-12-03 15:00:07,026 - INFO - HedgeFund - Entering long position: 0.105826 BTC at 9272.39
2025-12-03 15:00:07,026 - INFO - HedgeFund - Exiting position: P&L = 8.28 (0.84%)
2025-12-03 15:00:07,026 - INFO - HedgeFund - Entering long position: 0.105020 BTC at 9351.41
2025-12-03 15:00:07,026 - INFO - HedgeFund - Exiting position: P&L = -5.93 (-0.60%)
2025-12-03 15:00:07,027 - INFO - HedgeFund - Entering long position: 0.105313 BTC at 9319.74
2025-12-03 15:00:07,027 - INFO - HedgeFund - Exiting position: P&L = -14.06 (-1.43%)
2025-12-03 15:00:07,027 - INFO - HedgeFund - Entering long position: 0.104266 BTC at 9399.85
2025-12-03 15:00:07,027 - INFO - HedgeFund - Exiting position: P&L = -13.77 (-1.40%)
2025-12-03 15:00:07,027 - INFO - HedgeFund - Entering long position: 0.104310 BTC at 9382.75
2025-12-03 15:00:07,027 - INFO - HedgeFund - Exiting position: P&L = 46.62 (4.76%)
2025-12-03 15:00:07,027 - INFO - HedgeFund - Entering long position: 0.098569 BTC at 9976.47
2025-12-03 15:00:07,027 - INFO - HedgeFund - Exiting position: P&L = 32.89 (3.34%)
2025-12-03 15:00:07,027 - INFO - HedgeFund - Entering long position: 0.099407 BTC at 9925.49
2025-12-03 15:00:07,027 - INFO - HedgeFund - Exiting position: P&L = 29.02 (2.94%)
2025-12-03 15:00:07,027 - INFO - HedgeFund - Entering long position: 0.096009 BTC at 10307.00
2025-12-03 15:00:07,028 - INFO - HedgeFund - Exiting position: P&L = 6.23 (0.63%)
2025-12-03 15:00:07,028 - INFO - HedgeFund - Entering long position: 0.094445 BTC at 10484.23
2025-12-03 15:00:07,028 - INFO - HedgeFund - Exiting position: P&L = -5.32 (-0.54%)
2025-12-03 15:00:07,028 - INFO - HedgeFund - Entering long position: 0.093653 BTC at 10567.27
2025-12-03 15:00:07,028 - INFO - HedgeFund - Exiting position: P&L = -7.02 (-0.71%)
2025-12-03 15:00:07,028 - INFO - HedgeFund - Entering long position: 0.094348 BTC at 10481.91
2025-12-03 15:00:07,028 - INFO - HedgeFund - Exiting position: P&L = -8.43 (-0.85%)
2025-12-03 15:00:07,028 - INFO - HedgeFund - Entering long position: 0.096189 BTC at 10272.58
2025-12-03 15:00:07,028 - INFO - HedgeFund - Exiting position: P&L = -8.03 (-0.81%)
2025-12-03 15:00:07,028 - INFO - HedgeFund - Entering long position: 0.095522 BTC at 10335.87
2025-12-03 15:00:07,028 - INFO - HedgeFund - Exiting position: P&L = -4.26 (-0.43%)
2025-12-03 15:00:07,028 - INFO - HedgeFund - Entering long position: 0.094084 BTC at 10489.41
2025-12-03 15:00:07,028 - INFO - HedgeFund - Exiting position: P&L = -1.86 (-0.19%)
2025-12-03 15:00:07,028 - INFO - HedgeFund - Entering long position: 0.093017 BTC at 10607.62
2025-12-03 15:00:07,028 - INFO - HedgeFund - Exiting position: P&L = -6.33 (-0.64%)
2025-12-03 15:00:07,028 - INFO - HedgeFund - Entering long position: 0.092276 BTC at 10686.01
2025-12-03 15:00:07,029 - INFO - HedgeFund - Exiting position: P&L = -18.88 (-1.91%)
2025-12-03 15:00:07,029 - INFO - HedgeFund - Entering long position: 0.095503 BTC at 10305.16
2025-12-03 15:00:07,029 - INFO - HedgeFund - Exiting position: P&L = 1.49 (0.15%)
2025-12-03 15:00:07,029 - INFO - HedgeFund - Entering long position: 0.095043 BTC at 10356.62
2025-12-03 15:00:07,029 - INFO - HedgeFund - Exiting position: P&L = -3.05 (-0.31%)
2025-12-03 15:00:07,029 - INFO - HedgeFund - Entering long position: 0.094806 BTC at 10379.27
2025-12-03 15:00:07,029 - INFO - HedgeFund - Exiting position: P&L = 1.48 (0.15%)
2025-12-03 15:00:07,029 - INFO - HedgeFund - Entering long position: 0.093970 BTC at 10473.23
2025-12-03 15:00:07,029 - INFO - HedgeFund - Exiting position: P&L = -14.48 (-1.47%)
2025-12-03 15:00:07,029 - INFO - HedgeFund - Entering long position: 0.095730 BTC at 10265.47
2025-12-03 15:00:07,029 - INFO - HedgeFund - Exiting position: P&L = -8.89 (-0.90%)
2025-12-03 15:00:07,029 - INFO - HedgeFund - Entering long position: 0.099852 BTC at 9832.88
2025-12-03 15:00:07,029 - INFO - HedgeFund - Exiting position: P&L = -3.53 (-0.36%)
2025-12-03 15:00:07,030 - INFO - HedgeFund - Entering long position: 0.100734 BTC at 9743.21
2025-12-03 15:00:07,030 - INFO - HedgeFund - Exiting position: P&L = -9.02 (-0.92%)
2025-12-03 15:00:07,030 - INFO - HedgeFund - Entering long position: 0.101385 BTC at 9671.81
2025-12-03 15:00:07,030 - INFO - HedgeFund - Exiting position: P&L = -0.33 (-0.03%)
2025-12-03 15:00:07,030 - INFO - HedgeFund - Entering long position: 0.100699 BTC at 9737.35
2025-12-03 15:00:07,030 - INFO - HedgeFund - Exiting position: P&L = -9.86 (-1.01%)
2025-12-03 15:00:07,030 - INFO - HedgeFund - Entering long position: 0.100586 BTC at 9738.52
2025-12-03 15:00:07,030 - INFO - HedgeFund - Exiting position: P&L = -5.02 (-0.51%)
2025-12-03 15:00:07,030 - INFO - HedgeFund - Entering long position: 0.099519 BTC at 9837.83
2025-12-03 15:00:07,031 - INFO - HedgeFund - Exiting position: P&L = 18.30 (1.87%)
2025-12-03 15:00:07,031 - INFO - HedgeFund - Entering long position: 0.099854 BTC at 9823.14
2025-12-03 15:00:07,031 - INFO - HedgeFund - Exiting position: P&L = -1.02 (-0.10%)
2025-12-03 15:00:07,031 - INFO - HedgeFund - Entering long position: 0.100324 BTC at 9776.09
2025-12-03 15:00:07,031 - INFO - HedgeFund - Exiting position: P&L = 1.76 (0.18%)
2025-12-03 15:00:07,031 - INFO - HedgeFund - Entering long position: 0.101255 BTC at 9687.99
2025-12-03 15:00:07,031 - INFO - HedgeFund - Exiting position: P&L = -2.84 (-0.29%)
2025-12-03 15:00:07,031 - INFO - HedgeFund - Entering long position: 0.100636 BTC at 9744.73
2025-12-03 15:00:07,031 - INFO - HedgeFund - Exiting position: P&L = -8.06 (-0.82%)
2025-12-03 15:00:07,031 - INFO - HedgeFund - Entering long position: 0.099863 BTC at 9812.07
2025-12-03 15:00:07,032 - INFO - HedgeFund - Exiting position: P&L = -7.45 (-0.76%)
2025-12-03 15:00:07,032 - INFO - HedgeFund - Entering long position: 0.100818 BTC at 9711.75
2025-12-03 15:00:07,032 - INFO - HedgeFund - Exiting position: P&L = -5.11 (-0.52%)
2025-12-03 15:00:07,032 - INFO - HedgeFund - Entering long position: 0.102295 BTC at 9566.53
2025-12-03 15:00:07,032 - INFO - HedgeFund - Exiting position: P&L = -6.28 (-0.64%)
2025-12-03 15:00:07,032 - INFO - HedgeFund - Entering long position: 0.101345 BTC at 9650.01
2025-12-03 15:00:07,032 - INFO - HedgeFund - Exiting position: P&L = 41.86 (4.28%)
2025-12-03 15:00:07,032 - INFO - HedgeFund - Entering long position: 0.097113 BTC at 10113.69
2025-12-03 15:00:07,032 - INFO - HedgeFund - Exiting position: P&L = -3.49 (-0.36%)
2025-12-03 15:00:07,032 - INFO - HedgeFund - Entering long position: 0.096335 BTC at 10191.69
2025-12-03 15:00:07,033 - INFO - HedgeFund - Exiting position: P&L = -9.92 (-1.01%)
2025-12-03 15:00:07,033 - INFO - HedgeFund - Entering long position: 0.097899 BTC at 10018.82
2025-12-03 15:00:07,033 - INFO - HedgeFund - Exiting position: P&L = -7.05 (-0.72%)
2025-12-03 15:00:07,033 - INFO - HedgeFund - Entering long position: 0.097200 BTC at 10083.58
2025-12-03 15:00:07,033 - INFO - HedgeFund - Exiting position: P&L = 8.29 (0.85%)
2025-12-03 15:00:07,033 - INFO - HedgeFund - Entering long position: 0.098737 BTC at 9934.96
2025-12-03 15:00:07,033 - INFO - HedgeFund - Exiting position: P&L = -14.44 (-1.47%)
2025-12-03 15:00:07,033 - INFO - HedgeFund - Entering long position: 0.104958 BTC at 9332.35
2025-12-03 15:00:07,034 - INFO - HedgeFund - Exiting position: P&L = -1.17 (-0.12%)
2025-12-03 15:00:07,034 - INFO - HedgeFund - Entering long position: 0.103618 BTC at 9451.90
2025-12-03 15:00:07,034 - INFO - HedgeFund - Exiting position: P&L = -15.18 (-1.55%)
2025-12-03 15:00:07,034 - INFO - HedgeFund - Entering long position: 0.104547 BTC at 9353.46
2025-12-03 15:00:07,034 - INFO - HedgeFund - Exiting position: P&L = -1.64 (-0.17%)
2025-12-03 15:00:07,034 - INFO - HedgeFund - Entering long position: 0.104003 BTC at 9400.74
2025-12-03 15:00:07,034 - INFO - HedgeFund - Exiting position: P&L = 2.59 (0.26%)
2025-12-03 15:00:07,034 - INFO - HedgeFund - Entering long position: 0.107168 BTC at 9125.57
2025-12-03 15:00:07,034 - INFO - HedgeFund - Exiting position: P&L = -1.63 (-0.17%)
2025-12-03 15:00:07,035 - INFO - HedgeFund - Entering long position: 0.105441 BTC at 9273.49
2025-12-03 15:00:07,035 - INFO - HedgeFund - Exiting position: P&L = -12.50 (-1.28%)
2025-12-03 15:00:07,035 - INFO - HedgeFund - Entering long position: 0.110272 BTC at 8855.87
2025-12-03 15:00:07,035 - INFO - HedgeFund - Exiting position: P&L = 0.36 (0.04%)
2025-12-03 15:00:07,035 - INFO - HedgeFund - Entering long position: 0.109742 BTC at 8898.97
2025-12-03 15:00:07,035 - INFO - HedgeFund - Exiting position: P&L = -7.83 (-0.80%)
2025-12-03 15:00:07,035 - INFO - HedgeFund - Entering long position: 0.109680 BTC at 8896.83
2025-12-03 15:00:07,035 - INFO - HedgeFund - Exiting position: P&L = -16.98 (-1.74%)
2025-12-03 15:00:07,035 - INFO - HedgeFund - Entering long position: 0.109964 BTC at 8858.44
2025-12-03 15:00:07,036 - INFO - HedgeFund - Exiting position: P&L = 33.24 (3.41%)
2025-12-03 15:00:07,036 - INFO - HedgeFund - Entering long position: 0.105063 BTC at 9303.33
2025-12-03 15:00:07,036 - INFO - HedgeFund - Exiting position: P&L = -13.01 (-1.33%)
2025-12-03 15:00:07,036 - INFO - HedgeFund - Entering long position: 0.105644 BTC at 9239.80
2025-12-03 15:00:07,036 - INFO - HedgeFund - Exiting position: P&L = -0.13 (-0.01%)
2025-12-03 15:00:07,036 - INFO - HedgeFund - Entering long position: 0.104554 BTC at 9336.04
2025-12-03 15:00:07,036 - INFO - HedgeFund - Exiting position: P&L = -8.00 (-0.82%)
2025-12-03 15:00:07,036 - INFO - HedgeFund - Entering long position: 0.104618 BTC at 9322.66
2025-12-03 15:00:07,036 - INFO - HedgeFund - Exiting position: P&L = -10.07 (-1.03%)
2025-12-03 15:00:07,037 - INFO - HedgeFund - Entering long position: 0.103821 BTC at 9384.54
2025-12-03 15:00:07,037 - INFO - HedgeFund - Exiting position: P&L = -9.79 (-1.01%)
2025-12-03 15:00:07,037 - INFO - HedgeFund - Entering long position: 0.104521 BTC at 9312.34
2025-12-03 15:00:07,037 - INFO - HedgeFund - Exiting position: P&L = -0.82 (-0.08%)
2025-12-03 15:00:07,037 - INFO - HedgeFund - Entering long position: 0.104050 BTC at 9353.65
2025-12-03 15:00:07,037 - INFO - HedgeFund - Exiting position: P&L = -8.05 (-0.83%)
2025-12-03 15:00:07,037 - INFO - HedgeFund - Entering long position: 0.103990 BTC at 9351.31
2025-12-03 15:00:07,037 - INFO - HedgeFund - Exiting position: P&L = -6.21 (-0.64%)
2025-12-03 15:00:07,037 - INFO - HedgeFund - Entering long position: 0.103903 BTC at 9353.14
2025-12-03 15:00:07,037 - INFO - HedgeFund - Exiting position: P&L = -10.69 (-1.10%)
2025-12-03 15:00:07,038 - INFO - HedgeFund - Entering long position: 0.103840 BTC at 9348.58
2025-12-03 15:00:07,038 - INFO - HedgeFund - Exiting position: P&L = -5.14 (-0.53%)
2025-12-03 15:00:07,038 - INFO - HedgeFund - Entering long position: 0.104723 BTC at 9264.84
2025-12-03 15:00:07,038 - INFO - HedgeFund - Exiting position: P&L = 0.89 (0.09%)
2025-12-03 15:00:07,038 - INFO - HedgeFund - Entering long position: 0.106657 BTC at 9097.68
2025-12-03 15:00:07,038 - INFO - HedgeFund - Exiting position: P&L = 1.79 (0.18%)
2025-12-03 15:00:07,038 - INFO - HedgeFund - Entering long position: 0.105300 BTC at 9216.57
2025-12-03 15:00:07,038 - INFO - HedgeFund - Exiting position: P&L = 40.98 (4.22%)
2025-12-03 15:00:07,038 - INFO - HedgeFund - Entering long position: 0.100364 BTC at 9710.71
2025-12-03 15:00:07,039 - INFO - HedgeFund - Exiting position: P&L = -21.82 (-2.24%)
2025-12-03 15:00:07,039 - INFO - HedgeFund - Entering long position: 0.099733 BTC at 9750.28
2025-12-03 15:00:07,039 - INFO - HedgeFund - Exiting position: P&L = 19.75 (2.03%)
2025-12-03 15:00:07,039 - INFO - HedgeFund - Entering long position: 0.096033 BTC at 10146.48
2025-12-03 15:00:07,039 - INFO - HedgeFund - Exiting position: P&L = -7.00 (-0.72%)
2025-12-03 15:00:07,039 - INFO - HedgeFund - Entering long position: 0.096660 BTC at 10073.40
2025-12-03 15:00:07,039 - INFO - HedgeFund - Exiting position: P&L = 3.52 (0.36%)
2025-12-03 15:00:07,039 - INFO - HedgeFund - Entering long position: 0.096454 BTC at 10098.63
2025-12-03 15:00:07,040 - INFO - HedgeFund - Exiting position: P&L = -12.87 (-1.32%)
2025-12-03 15:00:07,040 - INFO - HedgeFund - Entering long position: 0.095779 BTC at 10156.31
2025-12-03 15:00:07,040 - INFO - HedgeFund - Exiting position: P&L = 14.74 (1.52%)
2025-12-03 15:00:07,040 - INFO - HedgeFund - Entering long position: 0.096972 BTC at 10046.58
2025-12-03 15:00:07,040 - INFO - HedgeFund - Exiting position: P&L = -9.42 (-0.97%)
2025-12-03 15:00:07,040 - INFO - HedgeFund - Entering long position: 0.096278 BTC at 10109.18
2025-12-03 15:00:07,040 - INFO - HedgeFund - Exiting position: P&L = 33.90 (3.48%)
2025-12-03 15:00:07,041 - INFO - HedgeFund - Entering long position: 0.094184 BTC at 10369.98
2025-12-03 15:00:07,041 - INFO - HedgeFund - Exiting position: P&L = -1.89 (-0.19%)
2025-12-03 15:00:07,041 - INFO - HedgeFund - Entering long position: 0.093860 BTC at 10403.72
2025-12-03 15:00:07,041 - INFO - HedgeFund - Exiting position: P&L = -2.63 (-0.27%)
2025-12-03 15:00:07,041 - INFO - HedgeFund - Entering long position: 0.093850 BTC at 10402.03
2025-12-03 15:00:07,041 - INFO - HedgeFund - Exiting position: P&L = -3.50 (-0.36%)
2025-12-03 15:00:07,041 - INFO - HedgeFund - Entering long position: 0.098201 BTC at 9937.62
2025-12-03 15:00:07,041 - INFO - HedgeFund - Exiting position: P&L = -7.05 (-0.72%)
2025-12-03 15:00:07,042 - INFO - HedgeFund - Entering long position: 0.097255 BTC at 10027.06
2025-12-03 15:00:07,042 - INFO - HedgeFund - Exiting position: P&L = -20.35 (-2.09%)
2025-12-03 15:00:07,042 - INFO - HedgeFund - Entering long position: 0.098174 BTC at 9912.49
2025-12-03 15:00:07,042 - INFO - HedgeFund - Exiting position: P&L = -19.31 (-1.98%)
2025-12-03 15:00:07,042 - INFO - HedgeFund - Entering long position: 0.099264 BTC at 9784.15
2025-12-03 15:00:07,042 - INFO - HedgeFund - Exiting position: P&L = 13.74 (1.42%)
2025-12-03 15:00:07,042 - INFO - HedgeFund - Entering long position: 0.096018 BTC at 10129.26
2025-12-03 15:00:07,042 - INFO - HedgeFund - Exiting position: P&L = 20.43 (2.10%)
2025-12-03 15:00:07,043 - INFO - HedgeFund - Entering long position: 0.093392 BTC at 10435.89
2025-12-03 15:00:07,043 - INFO - HedgeFund - Exiting position: P&L = -19.01 (-1.95%)
2025-12-03 15:00:07,043 - INFO - HedgeFund - Entering long position: 0.095904 BTC at 10142.74
2025-12-03 15:00:07,043 - INFO - HedgeFund - Exiting position: P&L = 21.11 (2.17%)
2025-12-03 15:00:07,043 - INFO - HedgeFund - Entering long position: 0.092561 BTC at 10531.83
2025-12-03 15:00:07,043 - INFO - HedgeFund - Exiting position: P&L = 8.47 (0.87%)
2025-12-03 15:00:07,043 - INFO - HedgeFund - Entering long position: 0.093779 BTC at 10404.16
2025-12-03 15:00:07,043 - INFO - HedgeFund - Exiting position: P&L = -14.11 (-1.45%)
2025-12-03 15:00:07,044 - INFO - HedgeFund - Entering long position: 0.092437 BTC at 10539.97
2025-12-03 15:00:07,044 - INFO - HedgeFund - Exiting position: P&L = -13.68 (-1.40%)
2025-12-03 15:00:07,044 - INFO - HedgeFund - Entering long position: 0.093159 BTC at 10443.52
2025-12-03 15:00:07,044 - INFO - HedgeFund - Exiting position: P&L = 12.30 (1.26%)
2025-12-03 15:00:07,044 - INFO - HedgeFund - Entering long position: 0.091258 BTC at 10674.54
2025-12-03 15:00:07,044 - INFO - HedgeFund - Exiting position: P&L = -16.23 (-1.67%)
2025-12-03 15:00:07,044 - INFO - HedgeFund - Entering long position: 0.091983 BTC at 10572.84
2025-12-03 15:00:07,044 - INFO - HedgeFund - Exiting position: P&L = -14.25 (-1.46%)
2025-12-03 15:00:07,044 - INFO - HedgeFund - Entering long position: 0.092440 BTC at 10505.14
2025-12-03 15:00:07,045 - INFO - HedgeFund - Exiting position: P&L = -17.66 (-1.82%)
2025-12-03 15:00:07,045 - INFO - HedgeFund - Entering long position: 0.092263 BTC at 10506.09
2025-12-03 15:00:07,045 - INFO - HedgeFund - Exiting position: P&L = -3.05 (-0.31%)
2025-12-03 15:00:07,045 - INFO - HedgeFund - Entering long position: 0.092857 BTC at 10435.63
2025-12-03 15:00:07,045 - INFO - HedgeFund - Exiting position: P&L = -7.81 (-0.81%)
2025-12-03 15:00:07,045 - INFO - HedgeFund - Entering long position: 0.096022 BTC at 10083.52
2025-12-03 15:00:07,045 - INFO - HedgeFund - Exiting position: P&L = -8.50 (-0.88%)
2025-12-03 15:00:07,045 - INFO - HedgeFund - Entering long position: 0.095027 BTC at 10180.17
2025-12-03 15:00:07,046 - INFO - HedgeFund - Exiting position: P&L = -10.44 (-1.08%)
2025-12-03 15:00:07,046 - INFO - HedgeFund - Entering long position: 0.101651 BTC at 9506.52
2025-12-03 15:00:07,046 - INFO - HedgeFund - Exiting position: P&L = -4.56 (-0.47%)
2025-12-03 15:00:07,046 - INFO - HedgeFund - Entering long position: 0.101838 BTC at 9484.55
2025-12-03 15:00:07,046 - INFO - HedgeFund - Exiting position: P&L = -5.70 (-0.59%)
2025-12-03 15:00:07,046 - INFO - HedgeFund - Entering long position: 0.102568 BTC at 9411.56
2025-12-03 15:00:07,046 - INFO - HedgeFund - Exiting position: P&L = 1.41 (0.15%)
2025-12-03 15:00:07,046 - INFO - HedgeFund - Entering long position: 0.099949 BTC at 9659.60
2025-12-03 15:00:07,047 - INFO - HedgeFund - Exiting position: P&L = -10.46 (-1.08%)
2025-12-03 15:00:07,047 - INFO - HedgeFund - Entering long position: 0.101186 BTC at 9531.16
2025-12-03 15:00:07,047 - INFO - HedgeFund - Exiting position: P&L = -20.89 (-2.17%)
2025-12-03 15:00:07,047 - INFO - HedgeFund - Entering long position: 0.101156 BTC at 9513.28
2025-12-03 15:00:07,047 - INFO - HedgeFund - Exiting position: P&L = -7.97 (-0.83%)
2025-12-03 15:00:07,047 - INFO - HedgeFund - Entering long position: 0.102565 BTC at 9374.81
2025-12-03 15:00:07,047 - INFO - HedgeFund - Exiting position: P&L = 4.81 (0.50%)
2025-12-03 15:00:07,047 - INFO - HedgeFund - Entering long position: 0.102066 BTC at 9425.42
2025-12-03 15:00:07,047 - INFO - HedgeFund - Exiting position: P&L = 23.57 (2.45%)
2025-12-03 15:00:07,048 - INFO - HedgeFund - Entering long position: 0.099000 BTC at 9741.14
2025-12-03 15:00:07,048 - INFO - HedgeFund - Exiting position: P&L = -13.57 (-1.41%)
2025-12-03 15:00:07,048 - INFO - HedgeFund - Entering long position: 0.102953 BTC at 9353.93
2025-12-03 15:00:07,048 - INFO - HedgeFund - Exiting position: P&L = -3.98 (-0.41%)
2025-12-03 15:00:07,048 - INFO - HedgeFund - Entering long position: 0.108006 BTC at 8912.64
2025-12-03 15:00:07,048 - INFO - HedgeFund - Exiting position: P&L = -25.24 (-2.62%)
2025-12-03 15:00:07,048 - INFO - HedgeFund - Entering long position: 0.113118 BTC at 8487.53
2025-12-03 15:00:07,048 - INFO - HedgeFund - Exiting position: P&L = -3.69 (-0.38%)
2025-12-03 15:00:07,049 - INFO - HedgeFund - Entering long position: 0.113648 BTC at 8444.71
2025-12-03 15:00:07,049 - INFO - HedgeFund - Exiting position: P&L = -7.31 (-0.76%)
2025-12-03 15:00:07,049 - INFO - HedgeFund - Entering long position: 0.115512 BTC at 8302.06
2025-12-03 15:00:07,049 - INFO - HedgeFund - Exiting position: P&L = -9.54 (-0.99%)
2025-12-03 15:00:07,049 - INFO - HedgeFund - Entering long position: 0.118102 BTC at 8111.92
2025-12-03 15:00:07,049 - INFO - HedgeFund - Exiting position: P&L = -1.66 (-0.17%)
2025-12-03 15:00:07,049 - INFO - HedgeFund - Entering long position: 0.126361 BTC at 7580.41
2025-12-03 15:00:07,050 - INFO - HedgeFund - Exiting position: P&L = 17.33 (1.81%)
2025-12-03 15:00:07,050 - INFO - HedgeFund - Entering long position: 0.124257 BTC at 7722.72
2025-12-03 15:00:07,050 - INFO - HedgeFund - Exiting position: P&L = -9.68 (-1.01%)
2025-12-03 15:00:07,050 - INFO - HedgeFund - Entering long position: 0.133579 BTC at 7176.53
2025-12-03 15:00:07,050 - INFO - HedgeFund - Exiting position: P&L = -8.72 (-0.91%)
2025-12-03 15:00:07,050 - INFO - HedgeFund - Entering long position: 0.132819 BTC at 7211.03
2025-12-03 15:00:07,050 - INFO - HedgeFund - Exiting position: P&L = 2.39 (0.25%)
2025-12-03 15:00:07,050 - INFO - HedgeFund - Entering long position: 0.132644 BTC at 7222.33
2025-12-03 15:00:07,051 - INFO - HedgeFund - Exiting position: P&L = 19.91 (2.08%)
2025-12-03 15:00:07,051 - INFO - HedgeFund - Entering long position: 0.129180 BTC at 7431.44
2025-12-03 15:00:07,051 - INFO - HedgeFund - Exiting position: P&L = 4.33 (0.45%)
2025-12-03 15:00:07,051 - INFO - HedgeFund - Entering long position: 0.128615 BTC at 7467.45
2025-12-03 15:00:07,051 - INFO - HedgeFund - Exiting position: P&L = -11.11 (-1.16%)
2025-12-03 15:00:07,051 - INFO - HedgeFund - Entering long position: 0.129805 BTC at 7390.42
2025-12-03 15:00:07,051 - INFO - HedgeFund - Exiting position: P&L = -13.38 (-1.39%)
2025-12-03 15:00:07,051 - INFO - HedgeFund - Entering long position: 0.129902 BTC at 7374.59
2025-12-03 15:00:07,051 - INFO - HedgeFund - Exiting position: P&L = -0.69 (-0.07%)
2025-12-03 15:00:07,051 - INFO - HedgeFund - Entering long position: 0.129719 BTC at 7384.47
2025-12-03 15:00:07,052 - INFO - HedgeFund - Exiting position: P&L = 33.81 (3.53%)
2025-12-03 15:00:07,052 - INFO - HedgeFund - Entering long position: 0.124897 BTC at 7696.64
2025-12-03 15:00:07,052 - INFO - HedgeFund - Exiting position: P&L = 54.90 (5.71%)
2025-12-03 15:00:07,052 - INFO - HedgeFund - Entering long position: 0.118060 BTC at 8188.90
2025-12-03 15:00:07,052 - INFO - HedgeFund - Exiting position: P&L = -14.20 (-1.47%)
2025-12-03 15:00:07,052 - INFO - HedgeFund - Entering long position: 0.121050 BTC at 7974.88
2025-12-03 15:00:07,052 - INFO - HedgeFund - Exiting position: P&L = -4.77 (-0.49%)
2025-12-03 15:00:07,052 - INFO - HedgeFund - Entering long position: 0.119412 BTC at 8080.29
2025-12-03 15:00:07,053 - INFO - HedgeFund - Exiting position: P&L = -22.38 (-2.32%)
2025-12-03 15:00:07,053 - INFO - HedgeFund - Entering long position: 0.135668 BTC at 7095.60
2025-12-03 15:00:07,053 - INFO - HedgeFund - Exiting position: P&L = 4.63 (0.48%)
2025-12-03 15:00:07,053 - INFO - HedgeFund - Entering long position: 0.133718 BTC at 7202.51
2025-12-03 15:00:07,053 - INFO - HedgeFund - Exiting position: P&L = -3.53 (-0.37%)
2025-12-03 15:00:07,053 - INFO - HedgeFund - Entering long position: 0.133441 BTC at 7214.83
2025-12-03 15:00:07,054 - INFO - HedgeFund - Exiting position: P&L = 42.04 (4.37%)
2025-12-03 15:00:07,054 - INFO - HedgeFund - Entering long position: 0.132290 BTC at 7309.40
2025-12-03 15:00:07,054 - INFO - HedgeFund - Exiting position: P&L = -11.24 (-1.16%)
2025-12-03 15:00:07,054 - INFO - HedgeFund - Entering long position: 0.130518 BTC at 7399.99
2025-12-03 15:00:07,054 - INFO - HedgeFund - Exiting position: P&L = 3.72 (0.39%)
2025-12-03 15:00:07,054 - INFO - HedgeFund - Entering long position: 0.128579 BTC at 7514.51
2025-12-03 15:00:07,054 - INFO - HedgeFund - Exiting position: P&L = 2.30 (0.24%)
2025-12-03 15:00:07,054 - INFO - HedgeFund - Entering long position: 0.126293 BTC at 7652.32
2025-12-03 15:00:07,055 - INFO - HedgeFund - Exiting position: P&L = -4.66 (-0.48%)
2025-12-03 15:00:07,055 - INFO - HedgeFund - Entering long position: 0.126682 BTC at 7625.13
2025-12-03 15:00:07,055 - INFO - HedgeFund - Exiting position: P&L = 16.17 (1.67%)
2025-12-03 15:00:07,055 - INFO - HedgeFund - Entering long position: 0.123415 BTC at 7840.10
2025-12-03 15:00:07,055 - INFO - HedgeFund - Exiting position: P&L = 1.87 (0.19%)
2025-12-03 15:00:07,055 - INFO - HedgeFund - Entering long position: 0.128221 BTC at 7547.71
2025-12-03 15:00:07,055 - INFO - HedgeFund - Exiting position: P&L = -6.44 (-0.67%)
2025-12-03 15:00:07,055 - INFO - HedgeFund - Entering long position: 0.127378 BTC at 7592.58
2025-12-03 15:00:07,056 - INFO - HedgeFund - Exiting position: P&L = -2.18 (-0.23%)
2025-12-03 15:00:07,056 - INFO - HedgeFund - Entering long position: 0.127424 BTC at 7588.13
2025-12-03 15:00:07,056 - INFO - HedgeFund - Exiting position: P&L = -1.80 (-0.19%)
2025-12-03 15:00:07,056 - INFO - HedgeFund - Entering long position: 0.131860 BTC at 7331.48
2025-12-03 15:00:07,056 - INFO - HedgeFund - Exiting position: P&L = 137.41 (14.21%)
2025-12-03 15:00:07,056 - INFO - HedgeFund - Entering long position: 0.118564 BTC at 8269.56
2025-12-03 15:00:07,056 - INFO - HedgeFund - Exiting position: P&L = -10.74 (-1.10%)
2025-12-03 15:00:07,056 - INFO - HedgeFund - Entering long position: 0.118730 BTC at 8248.93
2025-12-03 15:00:07,056 - INFO - HedgeFund - Exiting position: P&L = -4.91 (-0.50%)
2025-12-03 15:00:07,056 - INFO - HedgeFund - Entering long position: 0.127118 BTC at 7700.80
2025-12-03 15:00:07,057 - INFO - HedgeFund - Exiting position: P&L = -5.80 (-0.59%)
2025-12-03 15:00:07,057 - INFO - HedgeFund - Entering long position: 0.126488 BTC at 7734.55
2025-12-03 15:00:07,057 - INFO - HedgeFund - Exiting position: P&L = -17.72 (-1.81%)
2025-12-03 15:00:07,057 - INFO - HedgeFund - Entering long position: 0.126364 BTC at 7728.14
2025-12-03 15:00:07,057 - INFO - HedgeFund - Exiting position: P&L = 28.14 (2.88%)
2025-12-03 15:00:07,057 - INFO - HedgeFund - Entering long position: 0.122848 BTC at 7972.20
2025-12-03 15:00:07,057 - INFO - HedgeFund - Exiting position: P&L = -1.18 (-0.12%)
2025-12-03 15:00:07,057 - INFO - HedgeFund - Entering long position: 0.122342 BTC at 8004.22
2025-12-03 15:00:07,057 - INFO - HedgeFund - Exiting position: P&L = -14.58 (-1.49%)
2025-12-03 15:00:07,057 - INFO - HedgeFund - Entering long position: 0.123800 BTC at 7898.18
2025-12-03 15:00:07,057 - INFO - HedgeFund - Exiting position: P&L = 0.34 (0.03%)
2025-12-03 15:00:07,057 - INFO - HedgeFund - Entering long position: 0.121822 BTC at 8026.68
2025-12-03 15:00:07,057 - INFO - HedgeFund - Exiting position: P&L = -12.29 (-1.26%)
2025-12-03 15:00:07,057 - INFO - HedgeFund - Entering long position: 0.120762 BTC at 8086.93
2025-12-03 15:00:07,057 - INFO - HedgeFund - Exiting position: P&L = -12.43 (-1.27%)
2025-12-03 15:00:07,058 - INFO - HedgeFund - Entering long position: 0.120576 BTC at 8089.13
2025-12-03 15:00:07,058 - INFO - HedgeFund - Exiting position: P&L = -12.96 (-1.33%)
2025-12-03 15:00:07,058 - INFO - HedgeFund - Entering long position: 0.120335 BTC at 8094.54
2025-12-03 15:00:07,058 - INFO - HedgeFund - Exiting position: P&L = 88.95 (9.13%)
2025-12-03 15:00:07,058 - INFO - HedgeFund - Entering long position: 0.112072 BTC at 8770.76
2025-12-03 15:00:07,058 - INFO - HedgeFund - Exiting position: P&L = 1.42 (0.14%)
2025-12-03 15:00:07,058 - INFO - HedgeFund - Entering long position: 0.112522 BTC at 8736.94
2025-12-03 15:00:07,058 - INFO - HedgeFund - Exiting position: P&L = -7.82 (-0.80%)
2025-12-03 15:00:07,058 - INFO - HedgeFund - Entering long position: 0.115178 BTC at 8528.64
2025-12-03 15:00:07,058 - INFO - HedgeFund - Exiting position: P&L = -14.50 (-1.48%)
2025-12-03 15:00:07,058 - INFO - HedgeFund - Entering long position: 0.116087 BTC at 8449.38
2025-12-03 15:00:07,058 - INFO - HedgeFund - Exiting position: P&L = -11.30 (-1.15%)
2025-12-03 15:00:07,058 - INFO - HedgeFund - Entering long position: 0.119300 BTC at 8212.35
2025-12-03 15:00:07,059 - INFO - HedgeFund - Exiting position: P&L = -5.08 (-0.52%)
2025-12-03 15:00:07,059 - INFO - HedgeFund - Entering long position: 0.120168 BTC at 8148.78
2025-12-03 15:00:07,059 - INFO - HedgeFund - Exiting position: P&L = 7.12 (0.73%)
2025-12-03 15:00:07,059 - INFO - HedgeFund - Entering long position: 0.118982 BTC at 8236.04
2025-12-03 15:00:07,059 - INFO - HedgeFund - Exiting position: P&L = -11.78 (-1.20%)
2025-12-03 15:00:07,059 - INFO - HedgeFund - Entering long position: 0.125479 BTC at 7800.21
2025-12-03 15:00:07,059 - INFO - HedgeFund - Exiting position: P&L = 41.90 (4.28%)
2025-12-03 15:00:07,059 - INFO - HedgeFund - Entering long position: 0.124218 BTC at 7913.12
2025-12-03 15:00:07,059 - INFO - HedgeFund - Exiting position: P&L = -3.14 (-0.32%)
2025-12-03 15:00:07,060 - INFO - HedgeFund - Entering long position: 0.125198 BTC at 7848.67
2025-12-03 15:00:07,060 - INFO - HedgeFund - Exiting position: P&L = -19.05 (-1.94%)
2025-12-03 15:00:07,060 - INFO - HedgeFund - Entering long position: 0.128170 BTC at 7651.78
2025-12-03 15:00:07,060 - INFO - HedgeFund - Exiting position: P&L = 4.77 (0.49%)
2025-12-03 15:00:07,060 - INFO - HedgeFund - Entering long position: 0.125191 BTC at 7837.72
2025-12-03 15:00:07,060 - INFO - HedgeFund - Exiting position: P&L = -12.89 (-1.31%)
2025-12-03 15:00:07,060 - INFO - HedgeFund - Entering long position: 0.126634 BTC at 7738.21
2025-12-03 15:00:07,060 - INFO - HedgeFund - Exiting position: P&L = 15.17 (1.55%)
2025-12-03 15:00:07,060 - INFO - HedgeFund - Entering long position: 0.123467 BTC at 7948.97
2025-12-03 15:00:07,060 - INFO - HedgeFund - Exiting position: P&L = 10.30 (1.05%)
2025-12-03 15:00:07,060 - INFO - HedgeFund - Entering long position: 0.119303 BTC at 8235.02
2025-12-03 15:00:07,060 - INFO - HedgeFund - Exiting position: P&L = -20.55 (-2.09%)
2025-12-03 15:00:07,060 - INFO - HedgeFund - Entering long position: 0.122455 BTC at 8006.28
2025-12-03 15:00:07,060 - INFO - HedgeFund - Exiting position: P&L = -8.37 (-0.85%)
2025-12-03 15:00:07,060 - INFO - HedgeFund - Entering long position: 0.119793 BTC at 8177.20
2025-12-03 15:00:07,061 - INFO - HedgeFund - Exiting position: P&L = -25.20 (-2.57%)
2025-12-03 15:00:07,061 - INFO - HedgeFund - Entering long position: 0.121059 BTC at 8070.92
2025-12-03 15:00:07,061 - INFO - HedgeFund - Exiting position: P&L = 20.97 (2.15%)
2025-12-03 15:00:07,061 - INFO - HedgeFund - Entering long position: 0.116095 BTC at 8434.08
2025-12-03 15:00:07,061 - INFO - HedgeFund - Exiting position: P&L = -21.64 (-2.21%)
2025-12-03 15:00:07,061 - INFO - HedgeFund - Entering long position: 0.115411 BTC at 8465.29
2025-12-03 15:00:07,061 - INFO - HedgeFund - Exiting position: P&L = -18.31 (-1.87%)
2025-12-03 15:00:07,061 - INFO - HedgeFund - Entering long position: 0.115620 BTC at 8434.18
2025-12-03 15:00:07,061 - INFO - HedgeFund - Exiting position: P&L = -8.43 (-0.86%)
2025-12-03 15:00:07,061 - INFO - HedgeFund - Entering long position: 0.115224 BTC at 8455.80
2025-12-03 15:00:07,061 - INFO - HedgeFund - Exiting position: P&L = 12.27 (1.26%)
2025-12-03 15:00:07,061 - INFO - HedgeFund - Entering long position: 0.112569 BTC at 8666.12
2025-12-03 15:00:07,061 - INFO - HedgeFund - Exiting position: P&L = -15.96 (-1.64%)
2025-12-03 15:00:07,061 - INFO - HedgeFund - Entering long position: 0.117590 BTC at 8282.56
2025-12-03 15:00:07,062 - INFO - HedgeFund - Exiting position: P&L = 0.63 (0.06%)
2025-12-03 15:00:07,062 - INFO - HedgeFund - Entering long position: 0.116561 BTC at 8356.20
2025-12-03 15:00:07,062 - INFO - HedgeFund - Exiting position: P&L = -14.79 (-1.52%)
2025-12-03 15:00:07,062 - INFO - HedgeFund - Entering long position: 0.117047 BTC at 8308.85
2025-12-03 15:00:07,062 - INFO - HedgeFund - Exiting position: P&L = -0.74 (-0.08%)
2025-12-03 15:00:07,062 - INFO - HedgeFund - Entering long position: 0.116005 BTC at 8382.90
2025-12-03 15:00:07,062 - INFO - HedgeFund - Exiting position: P&L = -3.49 (-0.36%)
2025-12-03 15:00:07,062 - INFO - HedgeFund - Entering long position: 0.115578 BTC at 8410.83
2025-12-03 15:00:07,062 - INFO - HedgeFund - Exiting position: P&L = 51.98 (5.35%)
2025-12-03 15:00:07,062 - INFO - HedgeFund - Entering long position: 0.110081 BTC at 8878.06
2025-12-03 15:00:07,062 - INFO - HedgeFund - Exiting position: P&L = 4.49 (0.46%)
2025-12-03 15:00:07,062 - INFO - HedgeFund - Entering long position: 0.109141 BTC at 8958.64
2025-12-03 15:00:07,062 - INFO - HedgeFund - Exiting position: P&L = -15.74 (-1.61%)
2025-12-03 15:00:07,062 - INFO - HedgeFund - Entering long position: 0.112968 BTC at 8641.16
2025-12-03 15:00:07,062 - INFO - HedgeFund - Exiting position: P&L = -18.73 (-1.92%)
2025-12-03 15:00:07,062 - INFO - HedgeFund - Entering long position: 0.113170 BTC at 8609.19
2025-12-03 15:00:07,062 - INFO - HedgeFund - Exiting position: P&L = 4.47 (0.46%)
2025-12-03 15:00:07,063 - INFO - HedgeFund - Entering long position: 0.112230 BTC at 8685.31
2025-12-03 15:00:07,063 - INFO - HedgeFund - Exiting position: P&L = -8.28 (-0.85%)
2025-12-03 15:00:07,063 - INFO - HedgeFund - Entering long position: 0.112286 BTC at 8673.64
2025-12-03 15:00:07,063 - INFO - HedgeFund - Exiting position: P&L = -8.89 (-0.91%)
2025-12-03 15:00:07,063 - INFO - HedgeFund - Entering long position: 0.115133 BTC at 8451.39
2025-12-03 15:00:07,063 - INFO - HedgeFund - Exiting position: P&L = -5.96 (-0.61%)
2025-12-03 15:00:07,063 - INFO - HedgeFund - Entering long position: 0.113849 BTC at 8541.52
2025-12-03 15:00:07,063 - INFO - HedgeFund - Exiting position: P&L = 56.21 (5.78%)
2025-12-03 15:00:07,063 - INFO - HedgeFund - Entering long position: 0.109840 BTC at 8904.43
2025-12-03 15:00:07,064 - INFO - HedgeFund - Exiting position: P&L = -0.62 (-0.06%)
2025-12-03 15:00:07,064 - INFO - HedgeFund - Entering long position: 0.112532 BTC at 8690.81
2025-12-03 15:00:07,064 - INFO - HedgeFund - Exiting position: P&L = -3.61 (-0.37%)
2025-12-03 15:00:07,064 - INFO - HedgeFund - Entering long position: 0.113195 BTC at 8636.76
2025-12-03 15:00:07,064 - INFO - HedgeFund - Exiting position: P&L = 23.63 (2.42%)
2025-12-03 15:00:07,064 - INFO - HedgeFund - Entering long position: 0.110848 BTC at 8840.97
2025-12-03 15:00:07,064 - INFO - HedgeFund - Exiting position: P&L = 2.39 (0.24%)
2025-12-03 15:00:07,064 - INFO - HedgeFund - Entering long position: 0.110488 BTC at 8871.95
2025-12-03 15:00:07,064 - INFO - HedgeFund - Exiting position: P&L = -4.13 (-0.42%)
2025-12-03 15:00:07,064 - INFO - HedgeFund - Entering long position: 0.109688 BTC at 8932.86
2025-12-03 15:00:07,064 - INFO - HedgeFund - Exiting position: P&L = 24.01 (2.45%)
2025-12-03 15:00:07,064 - INFO - HedgeFund - Entering long position: 0.108374 BTC at 9063.33
2025-12-03 15:00:07,065 - INFO - HedgeFund - Exiting position: P&L = -5.88 (-0.60%)
2025-12-03 15:00:07,065 - INFO - HedgeFund - Entering long position: 0.106993 BTC at 9174.85
2025-12-03 15:00:07,065 - INFO - HedgeFund - Exiting position: P&L = -28.14 (-2.87%)
2025-12-03 15:00:07,065 - INFO - HedgeFund - Entering long position: 0.108050 BTC at 9059.00
2025-12-03 15:00:07,065 - INFO - HedgeFund - Exiting position: P&L = -5.46 (-0.56%)
2025-12-03 15:00:07,065 - INFO - HedgeFund - Entering long position: 0.108028 BTC at 9055.82
2025-12-03 15:00:07,065 - INFO - HedgeFund - Exiting position: P&L = 31.60 (3.23%)
2025-12-03 15:00:07,065 - INFO - HedgeFund - Entering long position: 0.108340 BTC at 9058.90
2025-12-03 15:00:07,065 - INFO - HedgeFund - Exiting position: P&L = 34.04 (3.47%)
2025-12-03 15:00:07,065 - INFO - HedgeFund - Entering long position: 0.103569 BTC at 9509.11
2025-12-03 15:00:07,065 - INFO - HedgeFund - Exiting position: P&L = 9.91 (1.01%)
2025-12-03 15:00:07,065 - INFO - HedgeFund - Entering long position: 0.102234 BTC at 9642.92
2025-12-03 15:00:07,065 - INFO - HedgeFund - Exiting position: P&L = -3.30 (-0.33%)
2025-12-03 15:00:07,066 - INFO - HedgeFund - Entering long position: 0.100571 BTC at 9799.11
2025-12-03 15:00:07,066 - INFO - HedgeFund - Exiting position: P&L = -16.95 (-1.72%)
2025-12-03 15:00:07,066 - INFO - HedgeFund - Entering long position: 0.102994 BTC at 9552.13
2025-12-03 15:00:07,066 - INFO - HedgeFund - Exiting position: P&L = -12.44 (-1.26%)
2025-12-03 15:00:07,066 - INFO - HedgeFund - Entering long position: 0.103178 BTC at 9523.02
2025-12-03 15:00:07,066 - INFO - HedgeFund - Exiting position: P&L = -4.02 (-0.41%)
2025-12-03 15:00:07,066 - INFO - HedgeFund - Entering long position: 0.103320 BTC at 9506.05
2025-12-03 15:00:07,066 - INFO - HedgeFund - Exiting position: P&L = -11.62 (-1.18%)
2025-12-03 15:00:07,066 - INFO - HedgeFund - Entering long position: 0.104397 BTC at 9396.82
2025-12-03 15:00:07,067 - INFO - HedgeFund - Backtest completed. Total return: -1.73%, Total trades: 4492
2025-12-03 15:00:07,068 - INFO - HedgeFund - Backtest completed for TestStrategy. Total return: -1.73%
2025-12-04 09:32:54,445 - INFO - HedgeFund - Configuration file configs/app_config.json does not exist, using defaults
2025-12-04 09:32:54,447 - INFO - HedgeFund - Configuration saved to configs/app_config.json
2025-12-04 09:35:11,572 - INFO - HedgeFund - Configuration loaded from configs/app_config.json
2025-12-04 09:36:10,920 - INFO - HedgeFund - Selected strategy: Trend_Follow with score -0.2000 | selection_method=performance_based | strategy_name=Trend_Follow | score=-0.2
2025-12-04 12:51:07,679 - INFO - HedgeFund - Updated engine weights for regime: normal | weights={'trend': 0.25, 'volatility': 0.25, 'order_flow': 0.25, 'regime': 0.25} | regime=normal
2025-12-04 12:51:38,234 - INFO - HedgeFund - Configuration loaded from configs/app_config.json
2025-12-04 12:51:38,234 - WARNING - HedgeFund - Configuration key 'test_param' not registered, creating with default validator
2025-12-04 12:51:38,234 - INFO - HedgeFund - Configuration updated: test_param = 0.05 (was: 0.05)
2025-12-04 12:51:38,234 - INFO - HedgeFund - Test message | test_param=value
2025-12-04 13:34:41,952 - INFO - HedgeFund - Configuration loaded from configs/app_config.json
2025-12-04 13:34:41,952 - WARNING - HedgeFund - Configuration key 'test_config' not registered, creating with default validator
2025-12-04 13:34:41,952 - INFO - HedgeFund - Configuration updated: test_config = test_value (was: test_value)
2025-12-04 13:34:41,952 - INFO - HedgeFund - Test log message | test=value
2025-12-04 13:34:41,952 - INFO - HedgeFund - STRATEGY_SIGNAL: test_strategy generated BUY for BTC-USDT with 75.00% confidence | strategy=test_strategy | symbol=BTC-USDT | signal_type=BUY | confidence=0.75
2025-12-04 14:20:02,806 - INFO - HedgeFund - Signal lineage recorded: signal_generated | signal_id=f7a1a33e-a9df-48fe-8a0e-fa5c800fa819 | component=TestWatcher | event_type=signal_generated | node_id=2d596b27-640e-4284-a0aa-2652967df8fb
2025-12-04 14:20:25,226 - INFO - HedgeFund - Signal lineage recorded: signal_generated | signal_id=test123 | component=TestComponent | event_type=signal_generated | node_id=93f85231-1b69-4041-8847-440e4795d1a2
2025-12-04 14:20:42,006 - INFO - HedgeFund - Testing comprehensive logging | component=SystemValidation | test_id=validation1
2025-12-04 14:20:42,073 - INFO - HedgeFund - Configuration loaded from configs/app_config.json
2025-12-04 14:20:42,073 - WARNING - HedgeFund - Configuration key 'validation_test' not registered, creating with default validator
2025-12-04 14:20:42,073 - INFO - HedgeFund - Configuration updated: validation_test = success (was: success)
2025-12-04 19:18:27,095 - INFO - HedgeFund - Core infrastructure validation started
2025-12-04 19:18:27,096 - INFO - HedgeFund - Testing structured logging | test=validation | component=LoggingTest
2025-12-04 19:18:27,096 - INFO - HedgeFund - STRATEGY_SIGNAL: test_strat generated BUY for BTC-USDT with 85.00% confidence | strategy=test_strat | symbol=BTC-USDT | signal_type=BUY | confidence=0.85 | additional=info
2025-12-04 19:18:27,096 - INFO - HedgeFund - PERFORMANCE: validation_test took 0.0012s | duration=0.00123 | throughput=high
2025-12-04 19:18:27,224 - INFO - HedgeFund - Configuration loaded from configs/app_config.json
2025-12-04 19:18:27,224 - WARNING - HedgeFund - Configuration key 'test_validation' not registered, creating with default validator
2025-12-04 19:18:27,224 - INFO - HedgeFund - Configuration updated: test_validation = validation_value (was: validation_value)
2025-12-04 19:18:27,224 - INFO - HedgeFund - Configuration updated: max_portfolio_risk = 0.01 (was: 0.01)
2025-12-04 23:28:22,547 - INFO - HedgeFund - Selected strategy: trend_following with score: 0.1000
2025-12-04 23:28:22,554 - INFO - HedgeFund - Selected strategy: trend_following with score: 0.1000
2025-12-04 23:28:22,554 - INFO - HedgeFund - Generating signal using strategy: trend_following
2025-12-04 23:28:50,601 - INFO - HedgeFund - Selected strategy: trend_following with score: 0.1000
2025-12-04 23:28:50,601 - INFO - HedgeFund - Selected strategy: trend_following with score: 0.1000
2025-12-04 23:28:50,601 - INFO - HedgeFund - Generating signal using strategy: trend_following
2025-12-04 23:44:07,155 - DEBUG - HedgeFund - CMCScreenerWatcher CMC_BTC_Screener generated signal: SignalType.SELL with score -0.200, conf: 0.200
2025-12-05 00:01:11,576 - DEBUG - HedgeFund - CMCScreenerWatcher Test_CMC generated signal: SignalType.SELL with score -0.200, conf: 0.200
2025-12-05 00:01:11,779 - DEBUG - HedgeFund - VolatilityWatcher Test_Volatility generated signal: SignalType.HOLD with score 0.674, vol_ratio: 1.164
2025-12-05 00:01:11,781 - DEBUG - HedgeFund - MarketPulseWatcher Test_MarketPulse generated signal: SignalType.BUY with score 0.365
2025-12-05 00:01:11,782 - DEBUG - HedgeFund - FundingRateWatcher Test_FundingRate generated signal: SignalType.HOLD with funding_rate 0.00043, conf: 0.300
2025-12-05 00:01:11,782 - DEBUG - HedgeFund - LiquidityWatcher Test_Liquidity generated signal: SignalType.HOLD with liquidity score -0.200
2025-12-05 00:01:11,785 - INFO - HedgeFund - AnomalyMLWatcher Test_AnomalyML model fitted with 26 data points
2025-12-05 00:01:11,786 - DEBUG - HedgeFund - AnomalyMLWatcher Test_AnomalyML generated signal: SignalType.HOLD with anomaly score 0.000
2025-12-05 00:03:10,510 - DEBUG - HedgeFund - CMCScreenerWatcher CMC_BTC_Screener generated signal: SignalType.SELL with score -0.200, conf: 0.200
2025-12-05 00:03:21,764 - DEBUG - HedgeFund - VolatilityWatcher Volatility_BTC generated signal: SignalType.HOLD with score 0.413, vol_ratio: 1.088
2025-12-05 00:03:54,398 - INFO - HedgeFund - AnomalyMLWatcher AnomalyML_BTC model fitted with 36 data points
2025-12-05 00:03:54,398 - DEBUG - HedgeFund - AnomalyMLWatcher AnomalyML_BTC generated signal: SignalType.HOLD with anomaly score 0.000
2025-12-05 00:12:49,395 - INFO - HedgeFund - Starting CMC coin screening...
2025-12-05 00:12:49,722 - INFO - HedgeFund - Screening complete for 87 coins (excluding stablecoins)
2025-12-05 00:12:49,722 - DEBUG - HedgeFund - CMCScreenerWatcher Test_CMC_Enhanced generated signal for BTC: SignalType.HOLD with score 0.000, conf: 0.300
2025-12-05 00:13:54,452 - INFO - HedgeFund - Starting CMC coin screening...
2025-12-05 00:13:54,899 - INFO - HedgeFund - Screening complete for 8 coins (excluding stablecoins)
2025-12-05 00:13:54,900 - INFO - HedgeFund - Starting CMC coin screening...
2025-12-05 00:13:55,114 - INFO - HedgeFund - Screening complete for 87 coins (excluding stablecoins)
2025-12-05 00:13:55,114 - DEBUG - HedgeFund - CMCScreenerWatcher Comprehensive_Test generated signal for BTC: SignalType.HOLD with score 0.000, conf: 0.300
2025-12-05 00:14:38,542 - INFO - HedgeFund - Starting CMC coin screening...
2025-12-05 00:14:38,803 - INFO - HedgeFund - Screening complete for 17 coins (excluding stablecoins)
2025-12-05 00:14:39,030 - DEBUG - HedgeFund - CMCScreenerWatcher Test_Signal generated signal for BTC: SignalType.HOLD with score 0.000, conf: 0.300
2025-12-05 00:14:49,924 - DEBUG - HedgeFund - CMCScreenerWatcher CMC_BTC_Screener generated signal for BTC: SignalType.HOLD with score 0.000, conf: 0.300
2025-12-05 00:14:50,124 - DEBUG - HedgeFund - CMCScreenerWatcher CMC_BTC_Screener generated signal for BTC: SignalType.HOLD with score 0.000, conf: 0.300
2025-12-05 00:14:50,327 - DEBUG - HedgeFund - CMCScreenerWatcher CMC_BTC_Screener generated signal for BTC: SignalType.HOLD with score 0.000, conf: 0.300
2025-12-05 00:14:52,341 - DEBUG - HedgeFund - CMCScreenerWatcher CMC_BTC_Screener generated signal for BTC: SignalType.HOLD with score 0.000, conf: 0.300
2025-12-05 00:14:52,546 - DEBUG - HedgeFund - CMCScreenerWatcher CMC_BTC_Screener generated signal for BTC: SignalType.HOLD with score 0.000, conf: 0.300
2025-12-05 00:15:25,366 - DEBUG - HedgeFund - CMCScreenerWatcher CMC_BTC_Screener generated signal for BTC: SignalType.HOLD with score 0.000, conf: 0.300
2025-12-05 00:15:25,790 - DEBUG - HedgeFund - CMCScreenerWatcher CMC_BTC_Screener generated signal for BTC: SignalType.HOLD with score 0.000, conf: 0.300
2025-12-05 00:15:26,330 - DEBUG - HedgeFund - CMCScreenerWatcher CMC_BTC_Screener generated signal for BTC: SignalType.HOLD with score 0.000, conf: 0.300
2025-12-05 00:15:26,535 - DEBUG - HedgeFund - CMCScreenerWatcher CMC_BTC_Screener generated signal for BTC: SignalType.HOLD with score 0.000, conf: 0.300
2025-12-05 00:15:26,739 - DEBUG - HedgeFund - CMCScreenerWatcher CMC_BTC_Screener generated signal for BTC: SignalType.HOLD with score 0.000, conf: 0.300
2025-12-05 00:15:42,985 - INFO - HedgeFund - Starting CMC coin screening...
2025-12-05 00:15:43,198 - INFO - HedgeFund - Screening complete for 4 coins (excluding stablecoins)
2025-12-05 00:15:43,199 - INFO - HedgeFund - Starting CMC coin screening...
2025-12-05 00:15:43,401 - INFO - HedgeFund - Screening complete for 87 coins (excluding stablecoins)
2025-12-05 00:15:43,401 - DEBUG - HedgeFund - CMCScreenerWatcher Final_Test generated signal for BTC: SignalType.HOLD with score 0.000, conf: 0.300
2025-12-05 00:16:22,889 - DEBUG - HedgeFund - CMCScreenerWatcher Test_Config generated signal for BTC: SignalType.HOLD with score 0.000, conf: 0.300
2025-12-05 00:16:37,919 - INFO - HedgeFund - Starting CMC coin screening...
2025-12-05 00:16:38,158 - INFO - HedgeFund - Screening complete for 87 coins (excluding stablecoins)
2025-12-05 00:16:38,159 - DEBUG - HedgeFund - CMCScreenerWatcher Final_Test generated signal for BTC: SignalType.HOLD with score 0.000, conf: 0.300
2025-12-05 00:17:44,115 - INFO - HedgeFund - Starting CMC coin screening...
2025-12-05 00:17:44,388 - INFO - HedgeFund - Screening complete for 77 coins (excluding stablecoins)
2025-12-05 00:17:44,388 - DEBUG - HedgeFund - CMCScreenerWatcher Test_Exclude generated overall market signal: SignalType.HOLD with score 0.000, conf: 0.500
2025-12-05 00:17:57,801 - INFO - HedgeFund - Skipping excluded coin: BTC
2025-12-05 00:17:58,017 - INFO - HedgeFund - Skipping excluded coin: ETH
2025-12-05 00:17:58,225 - INFO - HedgeFund - Skipping stablecoin: USDC
2025-12-05 00:17:58,436 - DEBUG - HedgeFund - CMCScreenerWatcher Test_RAND generated signal for LUNA: SignalType.HOLD with score 0.000, conf: 0.300
2025-12-05 00:18:18,118 - INFO - HedgeFund - Starting CMC coin screening...
2025-12-05 00:18:18,372 - INFO - HedgeFund - Screening complete for 8 coins (excluding stablecoins)
2025-12-05 00:18:18,372 - INFO - HedgeFund - Starting CMC coin screening...
2025-12-05 00:18:18,590 - INFO - HedgeFund - Screening complete for 77 coins (excluding stablecoins)
2025-12-05 00:18:18,591 - DEBUG - HedgeFund - CMCScreenerWatcher Final_Comprehensive_Test generated overall market signal: SignalType.HOLD with score 0.000, conf: 0.500
2025-12-05 00:18:18,591 - INFO - HedgeFund - Starting CMC coin screening...
2025-12-05 00:18:18,903 - INFO - HedgeFund - Screening complete for 77 coins (excluding stablecoins)
2025-12-05 00:18:18,904 - DEBUG - HedgeFund - CMCScreenerWatcher Final_Comprehensive_Test generated overall market signal: SignalType.HOLD with score 0.000, conf: 0.500
2025-12-05 00:18:27,238 - INFO - HedgeFund - Skipping excluded coin: BTC
2025-12-05 00:18:27,446 - INFO - HedgeFund - Skipping excluded coin: BTC
2025-12-05 00:18:27,860 - INFO - HedgeFund - Skipping excluded coin: BTC
2025-12-05 00:18:28,049 - INFO - HedgeFund - Skipping excluded coin: BTC
2025-12-05 00:18:28,267 - INFO - HedgeFund - Skipping excluded coin: BTC
2025-12-05 00:18:40,110 - DEBUG - HedgeFund - CMCScreenerWatcher Test_Non_Excluded generated signal for LUNA: SignalType.HOLD with score 0.000, conf: 0.300
2025-12-05 00:18:40,449 - DEBUG - HedgeFund - CMCScreenerWatcher Test_Non_Excluded generated signal for LUNA: SignalType.HOLD with score 0.000, conf: 0.300
2025-12-05 00:18:40,658 - DEBUG - HedgeFund - CMCScreenerWatcher Test_Non_Excluded generated signal for LUNA: SignalType.HOLD with score 0.000, conf: 0.300
2025-12-05 00:18:40,847 - DEBUG - HedgeFund - CMCScreenerWatcher Test_Non_Excluded generated signal for LUNA: SignalType.HOLD with score 0.000, conf: 0.300
2025-12-05 00:18:41,063 - DEBUG - HedgeFund - CMCScreenerWatcher Test_Non_Excluded generated signal for LUNA: SignalType.HOLD with score 0.000, conf: 0.300
2025-12-05 00:19:29,373 - INFO - HedgeFund - Starting CMC coin screening...
2025-12-05 00:19:29,649 - INFO - HedgeFund - Screening complete for 15 coins (excluding stablecoins)
2025-12-05 00:21:59,326 - INFO - HedgeFund - Starting CMC coin screening...
2025-12-05 00:21:59,591 - INFO - HedgeFund - Screening complete for 15 coins (excluding stablecoins)
2025-12-05 00:22:32,959 - INFO - HedgeFund - Starting CMC coin screening...
2025-12-05 00:22:33,251 - INFO - HedgeFund - Screening complete for 5 coins (excluding stablecoins)
2025-12-05 00:23:40,300 - INFO - HedgeFund - Starting CMC coin screening...
2025-12-05 00:23:40,567 - INFO - HedgeFund - Screening complete for 33 coins (excluding stablecoins)
2025-12-05 00:27:20,737 - INFO - HedgeFund - Starting CMC coin screening...
2025-12-05 00:27:21,007 - INFO - HedgeFund - Screening complete for 8 coins (excluding stablecoins)
2025-12-05 14:02:21,745 - INFO - AdaptiveRetuningManager - Starting retuning for test_strat on BTC/USDT
2025-12-05 14:03:37,860 - INFO - AdaptiveRetuningManager - Starting retuning for test_strat on BTC/USDT
2025-12-05 14:03:37,862 - INFO - ResultsTracker - Saved hyperopt result to file: data/results_storage/hyperopt_test_strat_BTC_USDT_20251205_140337_861177.json
2025-12-05 14:03:37,862 - INFO - ResultsTracker - Saved hyperopt result to file: data/results_storage/hyperopt_test_strat_BTC_USDT_20251205_140337_861177.json
2025-12-05 14:03:37,862 - INFO - AdaptiveRetuningManager - Completed retuning for test_strat on BTC/USDT
2025-12-05 14:26:34,156 - INFO - OptimizationService - Using device: cpu
2025-12-05 14:26:34,169 - INFO - MainContainer - Main container initialized with all services
2025-12-05 14:26:34,170 - INFO - MainHexagonalContainer - Initializing domain layer...
2025-12-05 14:26:34,171 - INFO - MainHexagonalContainer - Initializing application layer...
2025-12-05 14:26:34,174 - INFO - MainHexagonalContainer - Initializing infrastructure layer...
2025-12-05 14:26:34,184 - INFO - MainHexagonalContainer - Initializing shared components...
2025-12-05 14:26:34,185 - INFO - OptimizationService - Using device: cpu
2025-12-05 14:26:34,185 - INFO - OptimizationService - Using device: cpu
2025-12-05 14:26:34,190 - INFO - MainHexagonalContainer - Wiring dependencies in hexagonal architecture...
2025-12-05 14:26:34,194 - INFO - MainHexagonalContainer - Dependencies wired successfully in hexagonal architecture
2025-12-05 14:26:34,205 - INFO - OptimizationService - Using device: cpu
2025-12-05 14:26:34,205 - INFO - OptimizationService - Using device: cpu
2025-12-05 14:26:34,205 - INFO - OptimizationService - Using device: cpu
2025-12-05 14:26:34,217 - INFO - MainContainer - Main container initialized with all services
2025-12-05 14:26:34,217 - INFO - MainContainer - Main container initialized with all services
2025-12-05 14:26:34,218 - INFO - MainHexagonalContainer - Initializing domain layer...
2025-12-05 14:26:34,218 - INFO - MainHexagonalContainer - Initializing domain layer...
2025-12-05 14:26:34,218 - INFO - MainHexagonalContainer - Initializing application layer...
2025-12-05 14:26:34,218 - INFO - MainHexagonalContainer - Initializing application layer...
2025-12-05 14:26:34,221 - INFO - MainHexagonalContainer - Initializing infrastructure layer...
2025-12-05 14:26:34,221 - INFO - MainHexagonalContainer - Initializing infrastructure layer...
2025-12-05 14:26:34,232 - INFO - MainHexagonalContainer - Initializing shared components...
2025-12-05 14:26:34,232 - INFO - MainHexagonalContainer - Initializing shared components...
2025-12-05 14:26:34,234 - INFO - OptimizationService - Using device: cpu
2025-12-05 14:26:34,234 - INFO - OptimizationService - Using device: cpu
2025-12-05 14:26:34,234 - INFO - OptimizationService - Using device: cpu
2025-12-05 14:26:34,234 - INFO - OptimizationService - Using device: cpu
2025-12-05 14:26:34,239 - INFO - MainHexagonalContainer - Wiring dependencies in hexagonal architecture...
2025-12-05 14:26:34,239 - INFO - MainHexagonalContainer - Wiring dependencies in hexagonal architecture...
2025-12-05 14:26:34,242 - INFO - MainHexagonalContainer - Dependencies wired successfully in hexagonal architecture
2025-12-05 14:26:34,242 - INFO - MainHexagonalContainer - Dependencies wired successfully in hexagonal architecture
2025-12-05 14:26:34,242 - INFO - ProductionTradingSystem - Production Trading System initialized
2025-12-05 14:27:00,440 - INFO - TradingSystemRunner - Starting Hedge Fund Trading System - Mode: config-test
2025-12-05 14:27:00,440 - INFO - TradingSystemRunner - Arguments: Namespace(mode='config-test', strategy='miracle_gold_scalper', symbol=None, symbols=None, timeframe='1h', config=None, max_evals=100, use_optimized_params=False, days_back=30, verbose=False, log_dir='logs')
2025-12-05 14:27:00,440 - INFO - TradingSystemRunner - Testing configuration loading...
2025-12-05 14:27:00,440 - INFO - TradingSystemRunner - Configuration loaded successfully with 24 entries
2025-12-05 14:27:00,440 - INFO - TradingSystemRunner - Strategy: miracle_gold_scalper
2025-12-05 14:27:00,440 - INFO - TradingSystemRunner - Timeframe: 1h
2025-12-05 14:27:00,440 - INFO - TradingSystemRunner - Capital: $1,000,000.00
2025-12-05 14:27:00,451 - INFO - OptimizationService - Using device: cpu
2025-12-05 14:27:00,468 - INFO - MainContainer - Main container initialized with all services
2025-12-05 14:27:00,468 - INFO - TradingSystemRunner - MainContainer initialized successfully
2025-12-05 14:27:00,468 - INFO - TradingSystemRunner - Mode config-test completed successfully
2025-12-05 14:39:17,619 - INFO - CoinHistoryService - Saved 100 rows to cache (memory + file) for BTC/USDT 1h
2025-12-05 14:39:17,627 - INFO - HyperoptConfig - Returning parameter space with 9 parameters for miracle_gold_scalper
2025-12-05 14:39:17,627 - INFO - ConfigurableHyperoptOptimizer - Starting optimization for miracle_gold_scalper on BTC/USDT
2025-12-05 14:39:17,627 - INFO - ConfigurableHyperoptOptimizer - Parameter space: ['rsi_length', 'rsi_overbought', 'rsi_oversold', 'ema_fast', 'ema_slow', 'atr_multiplier', 'risk_per_trade', 'tp_ratio', 'sl_ratio']
2025-12-05 14:39:17,627 - INFO - ConfigurableHyperoptOptimizer - Optimization config: {'max_evals': 150, 'algorithm': 'tpe', 'timeout_minutes': 60, 'early_stopping_rounds': 10, 'optimization_objective': 'sharpe_ratio'}
2025-12-05 14:39:17,627 - INFO - ConfigurableHyperoptOptimizer - Running mock optimization for miracle_gold_scalper on BTC/USDT
2025-12-05 14:39:17,627 - INFO - ConfigurableHyperoptOptimizer - Mock optimization completed for miracle_gold_scalper on BTC/USDT
2025-12-05 14:39:17,671 - INFO - OptimizationService - Using device: cpu
2025-12-05 14:39:17,686 - INFO - MainContainer - Main container initialized with all services
2025-12-05 14:39:17,686 - INFO - MainHexagonalContainer - Initializing domain layer...
2025-12-05 14:39:17,687 - INFO - MainHexagonalContainer - Initializing application layer...
2025-12-05 14:39:17,691 - INFO - MainHexagonalContainer - Initializing infrastructure layer...
2025-12-05 14:39:17,702 - INFO - MainHexagonalContainer - Initializing shared components...
2025-12-05 14:39:17,703 - INFO - OptimizationService - Using device: cpu
2025-12-05 14:39:17,703 - INFO - OptimizationService - Using device: cpu
2025-12-05 14:39:17,709 - INFO - MainHexagonalContainer - Wiring dependencies in hexagonal architecture...
2025-12-05 14:39:17,712 - INFO - MainHexagonalContainer - Dependencies wired successfully in hexagonal architecture
2025-12-05 14:39:17,716 - INFO - CoinHistoryService - Saved 100 rows to cache (memory + file) for BTC/USDT 1h
2025-12-05 14:39:17,716 - INFO - CoinHistoryService - Saved 100 rows to cache (memory + file) for BTC/USDT 1h
2025-12-05 14:39:17,716 - INFO - CoinHistoryService - Saved 100 rows to cache (memory + file) for BTC/USDT 1h
2025-12-05 14:39:17,767 - INFO - ResultsTracker - Saved hyperopt result to DB with ID 1
2025-12-05 14:39:17,767 - INFO - ResultsTracker - Saved hyperopt result to DB with ID 1
2025-12-05 14:39:17,767 - INFO - ResultsTracker - Saved hyperopt result to DB with ID 1
2025-12-05 14:39:17,767 - INFO - ResultsTracker - Saved hyperopt result to DB with ID 1
2025-12-05 14:39:17,778 - INFO - MainHexagonalContainer - Initializing domain layer...
2025-12-05 14:39:17,778 - INFO - MainHexagonalContainer - Initializing domain layer...
2025-12-05 14:39:17,778 - INFO - MainHexagonalContainer - Initializing application layer...
2025-12-05 14:39:17,778 - INFO - MainHexagonalContainer - Initializing application layer...
2025-12-05 14:39:17,784 - INFO - MainHexagonalContainer - Initializing infrastructure layer...
2025-12-05 14:39:17,784 - INFO - MainHexagonalContainer - Initializing infrastructure layer...
2025-12-05 14:39:17,829 - INFO - MainHexagonalContainer - Initializing shared components...
2025-12-05 14:39:17,829 - INFO - MainHexagonalContainer - Initializing shared components...
2025-12-05 14:39:17,830 - INFO - OptimizationService - Using device: cpu
2025-12-05 14:39:17,830 - INFO - OptimizationService - Using device: cpu
2025-12-05 14:39:17,830 - INFO - OptimizationService - Using device: cpu
2025-12-05 14:39:17,836 - INFO - MainHexagonalContainer - Wiring dependencies in hexagonal architecture...
2025-12-05 14:39:17,836 - INFO - MainHexagonalContainer - Wiring dependencies in hexagonal architecture...
2025-12-05 14:39:17,839 - INFO - MainHexagonalContainer - Dependencies wired successfully in hexagonal architecture
2025-12-05 14:39:17,839 - INFO - MainHexagonalContainer - Dependencies wired successfully in hexagonal architecture
2025-12-05 14:39:17,844 - INFO - HyperoptConfig - Returning parameter space with 9 parameters for miracle_gold_scalper
2025-12-05 14:39:17,844 - INFO - HyperoptConfig - Returning parameter space with 9 parameters for miracle_gold_scalper
2025-12-05 14:39:17,844 - INFO - HyperoptConfig - Returning parameter space with 9 parameters for miracle_gold_scalper
2025-12-05 14:39:17,844 - INFO - HyperoptConfig - Returning parameter space with 9 parameters for miracle_gold_scalper
2025-12-05 14:39:17,844 - INFO - HyperoptConfig - Returning parameter space with 9 parameters for miracle_gold_scalper
2025-12-05 14:39:17,882 - INFO - OptimizationService - Using device: cpu
2025-12-05 14:39:17,882 - INFO - OptimizationService - Using device: cpu
2025-12-05 14:39:17,882 - INFO - OptimizationService - Using device: cpu
2025-12-05 14:39:17,882 - INFO - OptimizationService - Using device: cpu
2025-12-05 14:39:17,893 - INFO - MainContainer - Main container initialized with all services
2025-12-05 14:39:17,893 - INFO - MainContainer - Main container initialized with all services
2025-12-05 14:39:17,933 - INFO - OptimizationService - Using device: cpu
2025-12-05 14:39:17,933 - INFO - OptimizationService - Using device: cpu
2025-12-05 14:39:17,933 - INFO - OptimizationService - Using device: cpu
2025-12-05 14:39:17,933 - INFO - OptimizationService - Using device: cpu
2025-12-05 14:39:17,933 - INFO - OptimizationService - Using device: cpu
2025-12-05 14:39:17,947 - INFO - MainContainer - Main container initialized with all services
2025-12-05 14:39:17,947 - INFO - MainContainer - Main container initialized with all services
2025-12-05 14:39:17,947 - INFO - MainContainer - Main container initialized with all services
2025-12-05 14:39:17,948 - INFO - MainHexagonalContainer - Initializing domain layer...
2025-12-05 14:39:17,948 - INFO - MainHexagonalContainer - Initializing domain layer...
2025-12-05 14:39:17,948 - INFO - MainHexagonalContainer - Initializing domain layer...
2025-12-05 14:39:17,948 - INFO - MainHexagonalContainer - Initializing application layer...
2025-12-05 14:39:17,948 - INFO - MainHexagonalContainer - Initializing application layer...
2025-12-05 14:39:17,948 - INFO - MainHexagonalContainer - Initializing application layer...
2025-12-05 14:39:17,951 - INFO - MainHexagonalContainer - Initializing infrastructure layer...
2025-12-05 14:39:17,951 - INFO - MainHexagonalContainer - Initializing infrastructure layer...
2025-12-05 14:39:17,951 - INFO - MainHexagonalContainer - Initializing infrastructure layer...
2025-12-05 14:39:17,961 - INFO - MainHexagonalContainer - Initializing shared components...
2025-12-05 14:39:17,961 - INFO - MainHexagonalContainer - Initializing shared components...
2025-12-05 14:39:17,961 - INFO - MainHexagonalContainer - Initializing shared components...
2025-12-05 14:39:17,963 - INFO - OptimizationService - Using device: cpu
2025-12-05 14:39:17,963 - INFO - OptimizationService - Using device: cpu
2025-12-05 14:39:17,963 - INFO - OptimizationService - Using device: cpu
2025-12-05 14:39:17,963 - INFO - OptimizationService - Using device: cpu
2025-12-05 14:39:17,963 - INFO - OptimizationService - Using device: cpu
2025-12-05 14:39:17,963 - INFO - OptimizationService - Using device: cpu
2025-12-05 14:39:17,970 - INFO - MainHexagonalContainer - Wiring dependencies in hexagonal architecture...
2025-12-05 14:39:17,970 - INFO - MainHexagonalContainer - Wiring dependencies in hexagonal architecture...
2025-12-05 14:39:17,970 - INFO - MainHexagonalContainer - Wiring dependencies in hexagonal architecture...
2025-12-05 14:39:17,974 - INFO - MainHexagonalContainer - Dependencies wired successfully in hexagonal architecture
2025-12-05 14:39:17,974 - INFO - MainHexagonalContainer - Dependencies wired successfully in hexagonal architecture
2025-12-05 14:39:17,974 - INFO - MainHexagonalContainer - Dependencies wired successfully in hexagonal architecture
2025-12-05 14:39:17,975 - INFO - ProductionTradingSystem - Production Trading System initialized
2025-12-05 14:39:17,975 - INFO - ProductionTradingSystem - Starting Production Trading System...
2025-12-05 14:39:17,976 - INFO - ProductionTradingSystem - Performance monitoring loop started
2025-12-05 14:39:17,976 - INFO - ProductionTradingSystem - Started performance monitoring thread
2025-12-05 14:39:17,976 - INFO - ProductionTradingSystem - Health monitoring loop started
2025-12-05 14:39:17,977 - INFO - ProductionTradingSystem - Started health monitoring thread
2025-12-05 14:39:17,977 - INFO - ProductionTradingSystem - System health: {'timestamp': '2025-12-05T14:39:17.977164', 'memory_usage_gb': 0.45, 'cpu_usage_pct': 25.0, 'disk_usage_pct': 0.6, 'active_strategies': 0, 'active_symbols': 0}
2025-12-05 14:39:17,983 - INFO - ProductionTradingSystem - Loaded 0 historical optimization results
2025-12-05 14:39:17,988 - INFO - ProductionTradingSystem - Loaded 0 historical backtest results
2025-12-05 14:39:17,988 - INFO - ProductionTradingSystem - Production Trading System started successfully
2025-12-05 14:39:17,988 - INFO - ProductionTradingSystem - Added strategy miracle_gold_scalper for 2 symbols: ['BTC/USDT', 'ETH/USDT']
2025-12-05 14:39:17,997 - INFO - ProductionTradingSystem - Shutting down Production Trading System...
2025-12-05 14:39:17,997 - INFO - MainContainer - Shutting down main container
2025-12-05 14:39:17,997 - INFO - MainContainer - Shutting down main container
2025-12-05 14:39:17,997 - INFO - MainContainer - Shutting down main container
2025-12-05 14:39:17,997 - INFO - MainHexagonalContainer - Shutting down hexagonal container
2025-12-05 14:39:17,997 - INFO - MainHexagonalContainer - Shutting down hexagonal container
2025-12-05 14:39:17,997 - INFO - MainHexagonalContainer - Shutting down hexagonal container
2025-12-05 14:39:17,998 - INFO - ProductionTradingSystem - Production Trading System shut down
2025-12-05 14:39:18,042 - INFO - ResultsTracker - Saved hyperopt result to DB with ID 1
2025-12-05 14:39:18,042 - INFO - ResultsTracker - Saved hyperopt result to DB with ID 1
2025-12-05 14:39:18,042 - INFO - ResultsTracker - Saved hyperopt result to DB with ID 1
2025-12-05 14:39:18,042 - INFO - ResultsTracker - Saved hyperopt result to DB with ID 1
2025-12-05 14:39:18,042 - INFO - ResultsTracker - Saved hyperopt result to DB with ID 1
2025-12-05 14:39:18,042 - INFO - ResultsTracker - Saved hyperopt result to DB with ID 1
2025-12-05 14:39:18,042 - INFO - ResultsTracker - Saved hyperopt result to DB with ID 1
2025-12-05 14:39:18,042 - INFO - ResultsTracker - Saved hyperopt result to DB with ID 1
2025-12-05 14:39:18,042 - INFO - ResultsTracker - Saved hyperopt result to DB with ID 1
2025-12-05 14:39:18,053 - INFO - ResultsTracker - Saved backtest result to DB with ID 1
2025-12-05 14:39:18,053 - INFO - ResultsTracker - Saved backtest result to DB with ID 1
2025-12-05 14:39:18,053 - INFO - ResultsTracker - Saved backtest result to DB with ID 1
2025-12-05 14:39:18,053 - INFO - ResultsTracker - Saved backtest result to DB with ID 1
2025-12-05 14:39:18,053 - INFO - ResultsTracker - Saved backtest result to DB with ID 1
2025-12-05 14:39:18,053 - INFO - ResultsTracker - Saved backtest result to DB with ID 1
2025-12-05 14:39:18,053 - INFO - ResultsTracker - Saved backtest result to DB with ID 1
2025-12-05 14:39:18,053 - INFO - ResultsTracker - Saved backtest result to DB with ID 1
2025-12-05 14:39:18,053 - INFO - ResultsTracker - Saved backtest result to DB with ID 1
2025-12-05 14:42:35,499 - INFO - CoinHistoryService - Saved 100 rows to cache (memory + file) for BTC/USDT 1h
2025-12-05 14:42:35,499 - DEBUG - CoinHistoryService - Loaded 100 rows from memory cache for BTC/USDT 1h
2025-12-05 14:42:35,499 - INFO - CoinHistoryService - Loaded BTC/USDT 1h from cache
2025-12-05 14:42:35,507 - INFO - HyperoptConfig - Returning parameter space with 9 parameters for miracle_gold_scalper
2025-12-05 14:42:35,508 - INFO - ConfigurableHyperoptOptimizer - Starting optimization for miracle_gold_scalper on BTC/USDT
2025-12-05 14:42:35,508 - INFO - ConfigurableHyperoptOptimizer - Parameter space: ['rsi_length', 'rsi_overbought', 'rsi_oversold', 'ema_fast', 'ema_slow', 'atr_multiplier', 'risk_per_trade', 'tp_ratio', 'sl_ratio']
2025-12-05 14:42:35,508 - INFO - ConfigurableHyperoptOptimizer - Optimization config: {'max_evals': 150, 'algorithm': 'tpe', 'timeout_minutes': 60, 'early_stopping_rounds': 10, 'optimization_objective': 'sharpe_ratio'}
2025-12-05 14:42:35,508 - INFO - ConfigurableHyperoptOptimizer - Running mock optimization for miracle_gold_scalper on BTC/USDT
2025-12-05 14:42:35,508 - INFO - ConfigurableHyperoptOptimizer - Mock optimization completed for miracle_gold_scalper on BTC/USDT
2025-12-05 14:42:35,576 - INFO - OptimizationService - Using device: cpu
2025-12-05 14:42:35,615 - INFO - MainContainer - Main container initialized with all services
2025-12-05 14:42:35,623 - INFO - MainHexagonalContainer - Initializing domain layer...
2025-12-05 14:42:35,623 - INFO - MainHexagonalContainer - Initializing application layer...
2025-12-05 14:42:35,640 - INFO - MainHexagonalContainer - Initializing infrastructure layer...
2025-12-05 14:42:35,677 - INFO - MainHexagonalContainer - Initializing shared components...
2025-12-05 14:42:35,681 - INFO - OptimizationService - Using device: cpu
2025-12-05 14:42:35,681 - INFO - OptimizationService - Using device: cpu
2025-12-05 14:42:35,707 - INFO - MainHexagonalContainer - Wiring dependencies in hexagonal architecture...
2025-12-05 14:42:35,718 - INFO - MainHexagonalContainer - Dependencies wired successfully in hexagonal architecture
2025-12-05 14:42:35,724 - INFO - CoinHistoryService - Saved 100 rows to cache (memory + file) for BTC/USDT 1h
2025-12-05 14:42:35,724 - INFO - CoinHistoryService - Saved 100 rows to cache (memory + file) for BTC/USDT 1h
2025-12-05 14:42:35,724 - INFO - CoinHistoryService - Saved 100 rows to cache (memory + file) for BTC/USDT 1h
2025-12-05 14:42:35,724 - DEBUG - CoinHistoryService - Loaded 100 rows from memory cache for BTC/USDT 1h
2025-12-05 14:42:35,724 - DEBUG - CoinHistoryService - Loaded 100 rows from memory cache for BTC/USDT 1h
2025-12-05 14:42:35,724 - DEBUG - CoinHistoryService - Loaded 100 rows from memory cache for BTC/USDT 1h
2025-12-05 14:42:35,725 - INFO - CoinHistoryService - Loaded BTC/USDT 1h from cache
2025-12-05 14:42:35,725 - INFO - CoinHistoryService - Loaded BTC/USDT 1h from cache
2025-12-05 14:42:35,725 - INFO - CoinHistoryService - Loaded BTC/USDT 1h from cache
2025-12-05 14:42:35,725 - INFO - HyperoptConfig - Returning parameter space with 9 parameters for miracle_gold_scalper
2025-12-05 14:42:35,725 - INFO - HyperoptConfig - Returning parameter space with 9 parameters for miracle_gold_scalper
2025-12-05 14:42:35,725 - INFO - HyperoptConfig - Returning parameter space with 9 parameters for miracle_gold_scalper
2025-12-05 14:42:35,725 - INFO - ConfigurableHyperoptOptimizer - Starting optimization for miracle_gold_scalper on BTC/USDT
2025-12-05 14:42:35,725 - INFO - ConfigurableHyperoptOptimizer - Starting optimization for miracle_gold_scalper on BTC/USDT
2025-12-05 14:42:35,725 - INFO - ConfigurableHyperoptOptimizer - Starting optimization for miracle_gold_scalper on BTC/USDT
2025-12-05 14:42:35,726 - INFO - ConfigurableHyperoptOptimizer - Parameter space: ['rsi_length', 'rsi_overbought', 'rsi_oversold', 'ema_fast', 'ema_slow', 'atr_multiplier', 'risk_per_trade', 'tp_ratio', 'sl_ratio']
2025-12-05 14:42:35,726 - INFO - ConfigurableHyperoptOptimizer - Parameter space: ['rsi_length', 'rsi_overbought', 'rsi_oversold', 'ema_fast', 'ema_slow', 'atr_multiplier', 'risk_per_trade', 'tp_ratio', 'sl_ratio']
2025-12-05 14:42:35,726 - INFO - ConfigurableHyperoptOptimizer - Parameter space: ['rsi_length', 'rsi_overbought', 'rsi_oversold', 'ema_fast', 'ema_slow', 'atr_multiplier', 'risk_per_trade', 'tp_ratio', 'sl_ratio']
2025-12-05 14:42:35,726 - INFO - ConfigurableHyperoptOptimizer - Optimization config: {'max_evals': 150, 'algorithm': 'tpe', 'timeout_minutes': 60, 'early_stopping_rounds': 10, 'optimization_objective': 'sharpe_ratio'}
2025-12-05 14:42:35,726 - INFO - ConfigurableHyperoptOptimizer - Optimization config: {'max_evals': 150, 'algorithm': 'tpe', 'timeout_minutes': 60, 'early_stopping_rounds': 10, 'optimization_objective': 'sharpe_ratio'}
2025-12-05 14:42:35,726 - INFO - ConfigurableHyperoptOptimizer - Optimization config: {'max_evals': 150, 'algorithm': 'tpe', 'timeout_minutes': 60, 'early_stopping_rounds': 10, 'optimization_objective': 'sharpe_ratio'}
2025-12-05 14:42:35,726 - INFO - ConfigurableHyperoptOptimizer - Running mock optimization for miracle_gold_scalper on BTC/USDT
2025-12-05 14:42:35,726 - INFO - ConfigurableHyperoptOptimizer - Running mock optimization for miracle_gold_scalper on BTC/USDT
2025-12-05 14:42:35,726 - INFO - ConfigurableHyperoptOptimizer - Running mock optimization for miracle_gold_scalper on BTC/USDT
2025-12-05 14:42:35,726 - INFO - ConfigurableHyperoptOptimizer - Mock optimization completed for miracle_gold_scalper on BTC/USDT
2025-12-05 14:42:35,726 - INFO - ConfigurableHyperoptOptimizer - Mock optimization completed for miracle_gold_scalper on BTC/USDT
2025-12-05 14:42:35,726 - INFO - ConfigurableHyperoptOptimizer - Mock optimization completed for miracle_gold_scalper on BTC/USDT
2025-12-05 14:42:35,758 - INFO - ResultsTracker - Saved hyperopt result to DB with ID 1
2025-12-05 14:42:35,758 - INFO - ResultsTracker - Saved hyperopt result to DB with ID 1
2025-12-05 14:42:35,758 - INFO - ResultsTracker - Saved hyperopt result to DB with ID 1
2025-12-05 14:42:35,864 - INFO - ResultsTracker - Saved hyperopt result to DB with ID 1
2025-12-05 14:42:35,864 - INFO - ResultsTracker - Saved hyperopt result to DB with ID 1
2025-12-05 14:42:35,864 - INFO - ResultsTracker - Saved hyperopt result to DB with ID 1
2025-12-05 14:42:35,864 - INFO - ResultsTracker - Saved hyperopt result to DB with ID 1
2025-12-05 14:42:35,879 - INFO - MainHexagonalContainer - Initializing domain layer...
2025-12-05 14:42:35,879 - INFO - MainHexagonalContainer - Initializing domain layer...
2025-12-05 14:42:35,879 - INFO - MainHexagonalContainer - Initializing application layer...
2025-12-05 14:42:35,879 - INFO - MainHexagonalContainer - Initializing application layer...
2025-12-05 14:42:35,887 - INFO - MainHexagonalContainer - Initializing infrastructure layer...
2025-12-05 14:42:35,887 - INFO - MainHexagonalContainer - Initializing infrastructure layer...
2025-12-05 14:42:35,949 - INFO - MainHexagonalContainer - Initializing shared components...
2025-12-05 14:42:35,949 - INFO - MainHexagonalContainer - Initializing shared components...
2025-12-05 14:42:35,952 - INFO - OptimizationService - Using device: cpu
2025-12-05 14:42:35,952 - INFO - OptimizationService - Using device: cpu
2025-12-05 14:42:35,952 - INFO - OptimizationService - Using device: cpu
2025-12-05 14:42:35,964 - INFO - MainHexagonalContainer - Wiring dependencies in hexagonal architecture...
2025-12-05 14:42:35,964 - INFO - MainHexagonalContainer - Wiring dependencies in hexagonal architecture...
2025-12-05 14:42:35,973 - INFO - MainHexagonalContainer - Dependencies wired successfully in hexagonal architecture
2025-12-05 14:42:35,973 - INFO - MainHexagonalContainer - Dependencies wired successfully in hexagonal architecture
2025-12-05 14:42:35,981 - INFO - HyperoptConfig - Returning parameter space with 9 parameters for miracle_gold_scalper
2025-12-05 14:42:35,981 - INFO - HyperoptConfig - Returning parameter space with 9 parameters for miracle_gold_scalper
2025-12-05 14:42:35,981 - INFO - HyperoptConfig - Returning parameter space with 9 parameters for miracle_gold_scalper
2025-12-05 14:42:35,981 - INFO - HyperoptConfig - Returning parameter space with 9 parameters for miracle_gold_scalper
2025-12-05 14:42:35,981 - INFO - HyperoptConfig - Returning parameter space with 9 parameters for miracle_gold_scalper
2025-12-05 14:42:36,044 - INFO - OptimizationService - Using device: cpu
2025-12-05 14:42:36,044 - INFO - OptimizationService - Using device: cpu
2025-12-05 14:42:36,044 - INFO - OptimizationService - Using device: cpu
2025-12-05 14:42:36,044 - INFO - OptimizationService - Using device: cpu
2025-12-05 14:42:36,083 - INFO - MainContainer - Main container initialized with all services
2025-12-05 14:42:36,083 - INFO - MainContainer - Main container initialized with all services
2025-12-05 14:42:36,241 - INFO - OptimizationService - Using device: cpu
2025-12-05 14:42:36,241 - INFO - OptimizationService - Using device: cpu
2025-12-05 14:42:36,241 - INFO - OptimizationService - Using device: cpu
2025-12-05 14:42:36,241 - INFO - OptimizationService - Using device: cpu
2025-12-05 14:42:36,241 - INFO - OptimizationService - Using device: cpu
2025-12-05 14:42:36,267 - INFO - MainContainer - Main container initialized with all services
2025-12-05 14:42:36,267 - INFO - MainContainer - Main container initialized with all services
2025-12-05 14:42:36,267 - INFO - MainContainer - Main container initialized with all services
2025-12-05 14:42:36,268 - INFO - MainHexagonalContainer - Initializing domain layer...
2025-12-05 14:42:36,268 - INFO - MainHexagonalContainer - Initializing domain layer...
2025-12-05 14:42:36,268 - INFO - MainHexagonalContainer - Initializing domain layer...
2025-12-05 14:42:36,269 - INFO - MainHexagonalContainer - Initializing application layer...
2025-12-05 14:42:36,269 - INFO - MainHexagonalContainer - Initializing application layer...
2025-12-05 14:42:36,269 - INFO - MainHexagonalContainer - Initializing application layer...
2025-12-05 14:42:36,276 - INFO - MainHexagonalContainer - Initializing infrastructure layer...
2025-12-05 14:42:36,276 - INFO - MainHexagonalContainer - Initializing infrastructure layer...
2025-12-05 14:42:36,276 - INFO - MainHexagonalContainer - Initializing infrastructure layer...
2025-12-05 14:42:36,299 - INFO - MainHexagonalContainer - Initializing shared components...
2025-12-05 14:42:36,299 - INFO - MainHexagonalContainer - Initializing shared components...
2025-12-05 14:42:36,299 - INFO - MainHexagonalContainer - Initializing shared components...
2025-12-05 14:42:36,302 - INFO - OptimizationService - Using device: cpu
2025-12-05 14:42:36,302 - INFO - OptimizationService - Using device: cpu
2025-12-05 14:42:36,302 - INFO - OptimizationService - Using device: cpu
2025-12-05 14:42:36,302 - INFO - OptimizationService - Using device: cpu
2025-12-05 14:42:36,302 - INFO - OptimizationService - Using device: cpu
2025-12-05 14:42:36,302 - INFO - OptimizationService - Using device: cpu
2025-12-05 14:42:36,316 - INFO - MainHexagonalContainer - Wiring dependencies in hexagonal architecture...
2025-12-05 14:42:36,316 - INFO - MainHexagonalContainer - Wiring dependencies in hexagonal architecture...
2025-12-05 14:42:36,316 - INFO - MainHexagonalContainer - Wiring dependencies in hexagonal architecture...
2025-12-05 14:42:36,326 - INFO - MainHexagonalContainer - Dependencies wired successfully in hexagonal architecture
2025-12-05 14:42:36,326 - INFO - MainHexagonalContainer - Dependencies wired successfully in hexagonal architecture
2025-12-05 14:42:36,326 - INFO - MainHexagonalContainer - Dependencies wired successfully in hexagonal architecture
2025-12-05 14:42:36,326 - INFO - ProductionTradingSystem - Production Trading System initialized
2025-12-05 14:42:36,326 - INFO - ProductionTradingSystem - Starting Production Trading System...
2025-12-05 14:42:36,327 - INFO - ProductionTradingSystem - Performance monitoring loop started
2025-12-05 14:42:36,328 - INFO - ProductionTradingSystem - Started performance monitoring thread
2025-12-05 14:42:36,329 - INFO - ProductionTradingSystem - Health monitoring loop started
2025-12-05 14:42:36,329 - INFO - ProductionTradingSystem - Started health monitoring thread
2025-12-05 14:42:36,329 - INFO - ProductionTradingSystem - System health: {'timestamp': '2025-12-05T14:42:36.329518', 'memory_usage_gb': 0.45, 'cpu_usage_pct': 25.0, 'disk_usage_pct': 0.6, 'active_strategies': 0, 'active_symbols': 0}
2025-12-05 14:42:36,340 - INFO - ProductionTradingSystem - Loaded 0 historical optimization results
2025-12-05 14:42:36,349 - INFO - ProductionTradingSystem - Loaded 0 historical backtest results
2025-12-05 14:42:36,349 - INFO - ProductionTradingSystem - Production Trading System started successfully
2025-12-05 14:42:36,349 - INFO - ProductionTradingSystem - Added strategy miracle_gold_scalper for 2 symbols: ['BTC/USDT', 'ETH/USDT']
2025-12-05 14:42:36,369 - INFO - ProductionTradingSystem - Shutting down Production Trading System...
2025-12-05 14:42:36,370 - INFO - MainContainer - Shutting down main container
2025-12-05 14:42:36,370 - INFO - MainContainer - Shutting down main container
2025-12-05 14:42:36,370 - INFO - MainContainer - Shutting down main container
2025-12-05 14:42:36,370 - INFO - MainHexagonalContainer - Shutting down hexagonal container
2025-12-05 14:42:36,370 - INFO - MainHexagonalContainer - Shutting down hexagonal container
2025-12-05 14:42:36,370 - INFO - MainHexagonalContainer - Shutting down hexagonal container
2025-12-05 14:42:36,371 - INFO - ProductionTradingSystem - Production Trading System shut down
2025-12-05 14:42:36,435 - INFO - ResultsTracker - Saved hyperopt result to DB with ID 1
2025-12-05 14:42:36,435 - INFO - ResultsTracker - Saved hyperopt result to DB with ID 1
2025-12-05 14:42:36,435 - INFO - ResultsTracker - Saved hyperopt result to DB with ID 1
2025-12-05 14:42:36,435 - INFO - ResultsTracker - Saved hyperopt result to DB with ID 1
2025-12-05 14:42:36,435 - INFO - ResultsTracker - Saved hyperopt result to DB with ID 1
2025-12-05 14:42:36,435 - INFO - ResultsTracker - Saved hyperopt result to DB with ID 1
2025-12-05 14:42:36,435 - INFO - ResultsTracker - Saved hyperopt result to DB with ID 1
2025-12-05 14:42:36,435 - INFO - ResultsTracker - Saved hyperopt result to DB with ID 1
2025-12-05 14:42:36,435 - INFO - ResultsTracker - Saved hyperopt result to DB with ID 1
2025-12-05 14:42:36,452 - INFO - ResultsTracker - Saved backtest result to DB with ID 1
2025-12-05 14:42:36,452 - INFO - ResultsTracker - Saved backtest result to DB with ID 1
2025-12-05 14:42:36,452 - INFO - ResultsTracker - Saved backtest result to DB with ID 1
2025-12-05 14:42:36,452 - INFO - ResultsTracker - Saved backtest result to DB with ID 1
2025-12-05 14:42:36,452 - INFO - ResultsTracker - Saved backtest result to DB with ID 1
2025-12-05 14:42:36,452 - INFO - ResultsTracker - Saved backtest result to DB with ID 1
2025-12-05 14:42:36,452 - INFO - ResultsTracker - Saved backtest result to DB with ID 1
2025-12-05 14:42:36,452 - INFO - ResultsTracker - Saved backtest result to DB with ID 1
2025-12-05 14:42:36,452 - INFO - ResultsTracker - Saved backtest result to DB with ID 1
2025-12-05 14:45:06,256 - INFO - TradingSystemRunner - Starting Hedge Fund Trading System - Mode: config-test
2025-12-05 14:45:06,257 - INFO - TradingSystemRunner - Arguments: Namespace(mode='config-test', strategy='miracle_gold_scalper', symbol=None, symbols=None, timeframe='1h', config=None, max_evals=100, use_optimized_params=False, days_back=30, verbose=False, log_dir='logs')
2025-12-05 14:45:06,257 - INFO - TradingSystemRunner - Testing configuration loading...
2025-12-05 14:45:06,257 - INFO - TradingSystemRunner - Configuration loaded successfully with 24 entries
2025-12-05 14:45:06,257 - INFO - TradingSystemRunner - Strategy: miracle_gold_scalper
2025-12-05 14:45:06,257 - INFO - TradingSystemRunner - Timeframe: 1h
2025-12-05 14:45:06,257 - INFO - TradingSystemRunner - Capital: $1,000,000.00
2025-12-05 14:45:06,282 - INFO - OptimizationService - Using device: cpu
2025-12-05 14:45:06,318 - INFO - MainContainer - Main container initialized with all services
2025-12-05 14:45:06,318 - INFO - TradingSystemRunner - MainContainer initialized successfully
2025-12-05 14:45:06,318 - INFO - TradingSystemRunner - Mode config-test completed successfully
2025-12-05 14:47:15,560 - INFO - OptimizationService - Using device: cpu
2025-12-05 14:47:15,638 - INFO - MainContainer - Main container initialized with all services
2025-12-05 14:47:15,640 - INFO - MainHexagonalContainer - Initializing domain layer...
2025-12-05 14:47:15,640 - INFO - MainHexagonalContainer - Initializing application layer...
2025-12-05 14:47:15,660 - INFO - MainHexagonalContainer - Initializing infrastructure layer...
2025-12-05 14:47:15,714 - INFO - MainHexagonalContainer - Initializing shared components...
2025-12-05 14:47:15,721 - INFO - OptimizationService - Using device: cpu
2025-12-05 14:47:15,721 - INFO - OptimizationService - Using device: cpu
2025-12-05 14:47:15,744 - INFO - MainHexagonalContainer - Wiring dependencies in hexagonal architecture...
2025-12-05 14:47:15,782 - INFO - MainHexagonalContainer - Dependencies wired successfully in hexagonal architecture
2025-12-05 14:52:54,006 - INFO - OptimizationService - Using device: cpu
2025-12-05 14:52:54,038 - INFO - MainContainer - Main container initialized with all services
2025-12-05 14:52:54,039 - INFO - MainHexagonalContainer - Initializing domain layer...
2025-12-05 14:52:54,039 - INFO - MainHexagonalContainer - Initializing application layer...
2025-12-05 14:52:54,045 - INFO - MainHexagonalContainer - Initializing infrastructure layer...
2025-12-05 14:52:54,062 - INFO - MainHexagonalContainer - Initializing shared components...
2025-12-05 14:52:54,064 - INFO - OptimizationService - Using device: cpu
2025-12-05 14:52:54,064 - INFO - OptimizationService - Using device: cpu
2025-12-05 14:52:54,075 - INFO - MainHexagonalContainer - Wiring dependencies in hexagonal architecture...
2025-12-05 14:52:54,084 - INFO - MainHexagonalContainer - Dependencies wired successfully in hexagonal architecture
2025-12-05 14:52:54,086 - INFO - HyperoptConfig - Returning parameter space with 9 parameters for miracle_gold_scalper
2025-12-05 14:52:54,086 - INFO - HyperoptConfig - Returning parameter space with 9 parameters for miracle_gold_scalper
2025-12-05 14:52:54,086 - INFO - HyperoptConfig - Returning parameter space with 9 parameters for miracle_gold_scalper
2025-12-05 14:58:32,866 - INFO - OptimizationService - Using device: cpu
2025-12-05 14:58:32,896 - INFO - MainContainer - Main container initialized with all services
2025-12-05 14:58:32,898 - INFO - MainHexagonalContainer - Initializing domain layer...
2025-12-05 14:58:32,898 - INFO - MainHexagonalContainer - Initializing application layer...
2025-12-05 14:58:32,903 - INFO - MainHexagonalContainer - Initializing infrastructure layer...
2025-12-05 14:58:32,925 - INFO - MainHexagonalContainer - Initializing shared components...
2025-12-05 14:58:32,928 - INFO - OptimizationService - Using device: cpu
2025-12-05 14:58:32,928 - INFO - OptimizationService - Using device: cpu
2025-12-05 14:58:32,939 - INFO - MainHexagonalContainer - Wiring dependencies in hexagonal architecture...
2025-12-05 14:58:32,948 - INFO - MainHexagonalContainer - Dependencies wired successfully in hexagonal architecture
2025-12-05 14:58:32,951 - INFO - HyperoptConfig - Returning parameter space with 9 parameters for miracle_gold_scalper
2025-12-05 14:58:32,951 - INFO - HyperoptConfig - Returning parameter space with 9 parameters for miracle_gold_scalper
2025-12-05 14:58:32,951 - INFO - HyperoptConfig - Returning parameter space with 9 parameters for miracle_gold_scalper
2025-12-05 14:58:33,045 - INFO - ResultsTracker - Saved hyperopt result to DB with ID 1
2025-12-05 14:58:33,045 - INFO - ResultsTracker - Saved hyperopt result to DB with ID 1
2025-12-05 14:58:33,045 - INFO - ResultsTracker - Saved hyperopt result to DB with ID 1
2025-12-05 14:58:33,056 - INFO - Validation - Production readiness test passed
2025-12-05 15:02:14,896 - INFO - OptimizationService - Using device: cpu
2025-12-05 15:02:14,930 - INFO - MainContainer - Main container initialized with all services
2025-12-05 15:02:14,932 - INFO - MainHexagonalContainer - Initializing domain layer...
2025-12-05 15:02:14,932 - INFO - MainHexagonalContainer - Initializing application layer...
2025-12-05 15:02:14,942 - INFO - MainHexagonalContainer - Initializing infrastructure layer...
2025-12-05 15:02:14,969 - INFO - MainHexagonalContainer - Initializing shared components...
2025-12-05 15:02:14,971 - INFO - OptimizationService - Using device: cpu
2025-12-05 15:02:14,971 - INFO - OptimizationService - Using device: cpu
2025-12-05 15:02:14,986 - INFO - MainHexagonalContainer - Wiring dependencies in hexagonal architecture...
2025-12-05 15:02:14,996 - INFO - MainHexagonalContainer - Dependencies wired successfully in hexagonal architecture
2025-12-05 15:02:15,000 - INFO - HyperoptConfig - Returning parameter space with 9 parameters for miracle_gold_scalper
2025-12-05 15:02:15,000 - INFO - HyperoptConfig - Returning parameter space with 9 parameters for miracle_gold_scalper
2025-12-05 15:02:15,000 - INFO - HyperoptConfig - Returning parameter space with 9 parameters for miracle_gold_scalper
2025-12-05 15:02:15,083 - INFO - ResultsTracker - Saved hyperopt result to DB with ID 1
2025-12-05 15:02:15,083 - INFO - ResultsTracker - Saved hyperopt result to DB with ID 1
2025-12-05 15:02:15,083 - INFO - ResultsTracker - Saved hyperopt result to DB with ID 1
2025-12-05 15:02:15,092 - INFO - Validation - Production readiness test passed
2025-12-05 20:01:26,343 - ERROR - HyperoptObjective - Error calculating score for asset: Instance and class checks can only be used with @runtime_checkable protocols
2025-12-05 20:01:26,345 - ERROR - HyperoptObjective - Error calculating score for asset: Instance and class checks can only be used with @runtime_checkable protocols
2025-12-05 20:01:26,378 - INFO - AutoRetuneOptimizer - Starting auto-retune optimization for strategy: miracle_gold_scalper
2025-12-05 20:01:26,378 - INFO - AutoRetuneOptimizer - Starting with fresh trials
2025-12-05 20:04:45,069 - WARNING - HyperoptObjective - Backtest error for {'rsi_period': 14, 'rsi_overbought': 70, 'rsi_oversold': 30}: No trades executed
2025-12-05 20:04:45,090 - WARNING - HyperoptObjective - Backtest error for {'rsi_period': 14, 'rsi_overbought': 70, 'rsi_oversold': 30}: No trades executed
2025-12-05 20:04:45,110 - INFO - AutoRetuneOptimizer - Starting auto-retune optimization for strategy: miracle_gold_scalper
2025-12-05 20:04:45,110 - INFO - AutoRetuneOptimizer - Starting with fresh trials
2025-12-05 20:04:45,110 - INFO - AutoRetuneOptimizer - Starting auto-retune cycle 1/1
2025-12-05 20:04:45,110 - ERROR - AutoRetuneOptimizer - Error in auto-retune cycle 1: 'function' object has no attribute 'suggest'
2025-12-05 20:04:45,110 - INFO - AutoRetuneOptimizer - Auto-retune optimization completed successfully
2025-12-05 20:05:27,928 - WARNING - HyperoptObjective - Backtest error for {'rsi_period': 14, 'rsi_overbought': 70, 'rsi_oversold': 30}: No trades executed
2025-12-05 20:05:27,947 - WARNING - HyperoptObjective - Backtest error for {'rsi_period': 14, 'rsi_overbought': 70, 'rsi_oversold': 30}: No trades executed
2025-12-05 20:05:27,968 - INFO - AutoRetuneOptimizer - Starting auto-retune optimization for strategy: miracle_gold_scalper
2025-12-05 20:05:27,968 - INFO - AutoRetuneOptimizer - Starting with fresh trials
2025-12-05 20:05:27,968 - INFO - AutoRetuneOptimizer - Starting auto-retune cycle 1/1
2025-12-05 20:05:27,969 - ERROR - AutoRetuneOptimizer - Error in auto-retune cycle 1: 'function' object has no attribute 'suggest'
2025-12-05 20:05:27,969 - INFO - AutoRetuneOptimizer - Auto-retune optimization completed successfully
2025-12-05 20:07:19,645 - WARNING - HyperoptObjective - Backtest error for {'rsi_period': 14, 'rsi_overbought': 70, 'rsi_oversold': 30}: No trades executed
2025-12-05 20:07:19,669 - WARNING - HyperoptObjective - Backtest error for {'rsi_period': 14, 'rsi_overbought': 70, 'rsi_oversold': 30}: No trades executed
2025-12-05 20:07:19,689 - INFO - AutoRetuneOptimizer - Starting auto-retune optimization for strategy: miracle_gold_scalper
2025-12-05 20:07:19,689 - INFO - AutoRetuneOptimizer - Starting with fresh trials
2025-12-05 20:07:19,689 - INFO - AutoRetuneOptimizer - Starting auto-retune cycle 1/1
2025-12-05 20:07:19,689 - ERROR - AutoRetuneOptimizer - Error in auto-retune cycle 1: 'function' object has no attribute 'suggest'
2025-12-05 20:07:19,689 - INFO - AutoRetuneOptimizer - Auto-retune optimization completed successfully
2025-12-05 20:10:46,285 - WARNING - HyperoptObjective - Backtest error for {'rsi_period': 14, 'rsi_overbought': 70, 'rsi_oversold': 30}: No trades executed
2025-12-05 20:10:46,306 - WARNING - HyperoptObjective - Backtest error for {'rsi_period': 14, 'rsi_overbought': 70, 'rsi_oversold': 30}: No trades executed
2025-12-05 20:10:46,330 - INFO - AutoRetuneOptimizer - Starting auto-retune optimization for strategy: miracle_gold_scalper
2025-12-05 20:10:46,330 - INFO - AutoRetuneOptimizer - Starting with fresh trials
2025-12-05 20:10:46,330 - INFO - AutoRetuneOptimizer - Starting auto-retune cycle 1/1
2025-12-05 20:10:46,330 - ERROR - AutoRetuneOptimizer - Error in auto-retune cycle 1: 'function' object has no attribute 'suggest'
2025-12-05 20:10:46,330 - INFO - AutoRetuneOptimizer - Auto-retune optimization completed successfully
2025-12-05 20:18:13,722 - WARNING - HyperoptObjective - Backtest error for {'rsi_period': 14, 'rsi_overbought': 70, 'rsi_oversold': 30}: No trades executed
2025-12-05 20:18:13,746 - WARNING - HyperoptObjective - Backtest error for {'rsi_period': 14, 'rsi_overbought': 70, 'rsi_oversold': 30}: No trades executed
2025-12-05 20:18:13,769 - INFO - AutoRetuneOptimizer - Starting auto-retune optimization for strategy: miracle_gold_scalper
2025-12-05 20:18:13,769 - INFO - AutoRetuneOptimizer - Starting with fresh trials
2025-12-05 20:18:13,769 - INFO - AutoRetuneOptimizer - Starting auto-retune cycle 1/1
2025-12-05 20:18:13,770 - ERROR - AutoRetuneOptimizer - Error in auto-retune cycle 1: 'function' object has no attribute 'suggest'
2025-12-05 20:18:13,770 - INFO - AutoRetuneOptimizer - Auto-retune optimization completed successfully
2025-12-05 20:20:30,906 - WARNING - HyperoptObjective - Backtest error for {'rsi_period': 14, 'rsi_overbought': 70, 'rsi_oversold': 30}: No trades executed
2025-12-05 20:20:30,928 - WARNING - HyperoptObjective - Backtest error for {'rsi_period': 14, 'rsi_overbought': 70, 'rsi_oversold': 30}: No trades executed
2025-12-05 20:20:30,948 - INFO - AutoRetuneOptimizer - Starting auto-retune optimization for strategy: miracle_gold_scalper
2025-12-05 20:20:30,948 - INFO - AutoRetuneOptimizer - Starting with fresh trials
2025-12-05 20:20:30,948 - INFO - AutoRetuneOptimizer - Starting auto-retune cycle 1/1
2025-12-05 20:20:30,948 - ERROR - AutoRetuneOptimizer - Error in auto-retune cycle 1: 'function' object has no attribute 'suggest'
2025-12-05 20:20:30,948 - INFO - AutoRetuneOptimizer - Auto-retune optimization completed successfully
2025-12-05 20:21:09,621 - WARNING - HyperoptObjective - Backtest error for {'rsi_period': 14, 'rsi_overbought': 70, 'rsi_oversold': 30}: No trades executed
2025-12-05 20:21:09,640 - WARNING - HyperoptObjective - Backtest error for {'rsi_period': 14, 'rsi_overbought': 70, 'rsi_oversold': 30}: No trades executed
2025-12-05 20:21:09,660 - INFO - AutoRetuneOptimizer - Starting auto-retune optimization for strategy: miracle_gold_scalper
2025-12-05 20:21:09,660 - INFO - AutoRetuneOptimizer - Starting with fresh trials
2025-12-05 20:21:09,660 - INFO - AutoRetuneOptimizer - Starting auto-retune cycle 1/1
2025-12-05 20:21:09,660 - ERROR - AutoRetuneOptimizer - Error in auto-retune cycle 1: 'function' object has no attribute 'suggest'
2025-12-05 20:21:09,660 - INFO - AutoRetuneOptimizer - Auto-retune optimization completed successfully
2025-12-05 20:27:40,857 - WARNING - HyperoptObjective - Backtest error for {'rsi_period': 14, 'rsi_overbought': 70, 'rsi_oversold': 30}: No trades executed
2025-12-05 20:27:40,875 - WARNING - HyperoptObjective - Backtest error for {'rsi_period': 14, 'rsi_overbought': 70, 'rsi_oversold': 30}: No trades executed
2025-12-05 20:27:40,903 - INFO - AutoRetuneOptimizer - Starting auto-retune optimization for strategy: miracle_gold_scalper
2025-12-05 20:27:40,903 - INFO - AutoRetuneOptimizer - Starting with fresh trials
2025-12-05 20:27:40,905 - INFO - AutoRetuneOptimizer - Starting auto-retune cycle 1/1
2025-12-05 20:27:41,016 - WARNING - HyperoptObjective - Backtest error for {'adaptive_trailing': 1, 'atr_multiplier_sl': 4.6907036933782, 'atr_multiplier_tp': 2.637205736091855, 'atr_period': 35.0, 'atr_trailing_speed': 0.3681024196711069, 'cci_period': 21.0, 'cooldown_bars': 5.0, 'dynamic_risk_weight': 1.4624876355007073, 'ema_weight': 0.8077316491716894, 'fast_ma': 9.0, 'htf_confirmation': 1.0, 'htf_trend_period': 34.0, 'htf_trend_weight': 1.8905968189023856, 'm15_weight': 0.939286089133707, 'm1_weight': 2.7144969396881566, 'm5_weight': 1.7122801764902014, 'max_leverage_allowed': 75.51823573763731, 'max_slippage': 3.2665846627377397, 'max_stop_distance': 3.9460381357243413, 'min_atr_filter': 1.2707419124836627, 'min_volume_filter': 724.5781112443357, 'momentum_threshold': 0.941455630565917, 'order_delay': 2.0, 'risk_per_trade': 4.900695397269049, 'rsi_overbought': 64.0, 'rsi_oversold': 26.0, 'rsi_period': 14.0, 'signal_confirmation': 3.0, 'signal_smoothing': 0.7369160667960011, 'slow_ma': 62.0, 'spread_limit': 10.417651879411963, 'stoch_overbought': 76.0, 'stoch_oversold': 17.0, 'stoch_period': 26.0, 'trend_threshold': 1.8550057636569492, 'volatility_position_scale': 1.0762149505755765, 'volatility_window': 71.0}: No trades executed
2025-12-05 20:27:41,016 - WARNING - HyperoptObjective - Backtest error for {'adaptive_trailing': 1, 'atr_multiplier_sl': 4.6907036933782, 'atr_multiplier_tp': 2.637205736091855, 'atr_period': 35.0, 'atr_trailing_speed': 0.3681024196711069, 'cci_period': 21.0, 'cooldown_bars': 5.0, 'dynamic_risk_weight': 1.4624876355007073, 'ema_weight': 0.8077316491716894, 'fast_ma': 9.0, 'htf_confirmation': 1.0, 'htf_trend_period': 34.0, 'htf_trend_weight': 1.8905968189023856, 'm15_weight': 0.939286089133707, 'm1_weight': 2.7144969396881566, 'm5_weight': 1.7122801764902014, 'max_leverage_allowed': 75.51823573763731, 'max_slippage': 3.2665846627377397, 'max_stop_distance': 3.9460381357243413, 'min_atr_filter': 1.2707419124836627, 'min_volume_filter': 724.5781112443357, 'momentum_threshold': 0.941455630565917, 'order_delay': 2.0, 'risk_per_trade': 4.900695397269049, 'rsi_overbought': 64.0, 'rsi_oversold': 26.0, 'rsi_period': 14.0, 'signal_confirmation': 3.0, 'signal_smoothing': 0.7369160667960011, 'slow_ma': 62.0, 'spread_limit': 10.417651879411963, 'stoch_overbought': 76.0, 'stoch_oversold': 17.0, 'stoch_period': 26.0, 'trend_threshold': 1.8550057636569492, 'volatility_position_scale': 1.0762149505755765, 'volatility_window': 71.0}: No trades executed
2025-12-05 20:27:41,037 - WARNING - HyperoptObjective - Backtest error for {'adaptive_trailing': 0, 'atr_multiplier_sl': 2.6147177400093384, 'atr_multiplier_tp': 4.532769201248076, 'atr_period': 10.0, 'atr_trailing_speed': 1.9165136747688514, 'cci_period': 24.0, 'cooldown_bars': 10.0, 'dynamic_risk_weight': 1.5458154989059771, 'ema_weight': 0.8266159454241347, 'fast_ma': 18.0, 'htf_confirmation': 0.0, 'htf_trend_period': 143.0, 'htf_trend_weight': 0.06575640931938431, 'm15_weight': 2.2917145232958744, 'm1_weight': 1.5158657604070216, 'm5_weight': 0.6297239427448187, 'max_leverage_allowed': 33.11589890238916, 'max_slippage': 1.6075257414230448, 'max_stop_distance': 4.2400970364472155, 'min_atr_filter': 2.2670192565378917, 'min_volume_filter': 1220.7371628254919, 'momentum_threshold': 1.3550033398167314, 'order_delay': 4.0, 'risk_per_trade': 1.8110870184519186, 'rsi_overbought': 70.0, 'rsi_oversold': 16.0, 'rsi_period': 6.0, 'signal_confirmation': 3.0, 'signal_smoothing': 0.5213196653736502, 'slow_ma': 77.0, 'spread_limit': 3.460561990507328, 'stoch_overbought': 77.0, 'stoch_oversold': 11.0, 'stoch_period': 27.0, 'trend_threshold': 2.648412725767441, 'volatility_position_scale': 1.9158654201618563, 'volatility_window': 22.0}: No trades executed
2025-12-05 20:27:41,037 - WARNING - HyperoptObjective - Backtest error for {'adaptive_trailing': 0, 'atr_multiplier_sl': 2.6147177400093384, 'atr_multiplier_tp': 4.532769201248076, 'atr_period': 10.0, 'atr_trailing_speed': 1.9165136747688514, 'cci_period': 24.0, 'cooldown_bars': 10.0, 'dynamic_risk_weight': 1.5458154989059771, 'ema_weight': 0.8266159454241347, 'fast_ma': 18.0, 'htf_confirmation': 0.0, 'htf_trend_period': 143.0, 'htf_trend_weight': 0.06575640931938431, 'm15_weight': 2.2917145232958744, 'm1_weight': 1.5158657604070216, 'm5_weight': 0.6297239427448187, 'max_leverage_allowed': 33.11589890238916, 'max_slippage': 1.6075257414230448, 'max_stop_distance': 4.2400970364472155, 'min_atr_filter': 2.2670192565378917, 'min_volume_filter': 1220.7371628254919, 'momentum_threshold': 1.3550033398167314, 'order_delay': 4.0, 'risk_per_trade': 1.8110870184519186, 'rsi_overbought': 70.0, 'rsi_oversold': 16.0, 'rsi_period': 6.0, 'signal_confirmation': 3.0, 'signal_smoothing': 0.5213196653736502, 'slow_ma': 77.0, 'spread_limit': 3.460561990507328, 'stoch_overbought': 77.0, 'stoch_oversold': 11.0, 'stoch_period': 27.0, 'trend_threshold': 2.648412725767441, 'volatility_position_scale': 1.9158654201618563, 'volatility_window': 22.0}: No trades executed
2025-12-05 20:27:41,067 - WARNING - HyperoptObjective - Backtest error for {'adaptive_trailing': 1, 'atr_multiplier_sl': 1.128208812931129, 'atr_multiplier_tp': 5.891815920260285, 'atr_period': 10.0, 'atr_trailing_speed': 1.7671887390329364, 'cci_period': 12.0, 'cooldown_bars': 17.0, 'dynamic_risk_weight': 0.883728448452027, 'ema_weight': 0.13003125460127365, 'fast_ma': 27.0, 'htf_confirmation': 1.0, 'htf_trend_period': 103.0, 'htf_trend_weight': 1.3738022902529978, 'm15_weight': 1.0325153519822003, 'm1_weight': 1.4962797228522915, 'm5_weight': 1.1992750196264015, 'max_leverage_allowed': 152.62177933356554, 'max_slippage': 4.547767022144958, 'max_stop_distance': 4.134632722226796, 'min_atr_filter': 0.23883383481932807, 'min_volume_filter': 584.5105661060134, 'momentum_threshold': 1.7527578657736715, 'order_delay': 2.0, 'risk_per_trade': 0.39499130227444057, 'rsi_overbought': 72.0, 'rsi_oversold': 14.0, 'rsi_period': 11.0, 'signal_confirmation': 5.0, 'signal_smoothing': 0.38953787168575926, 'slow_ma': 96.0, 'spread_limit': 8.363462000847363, 'stoch_overbought': 88.0, 'stoch_oversold': 22.0, 'stoch_period': 16.0, 'trend_threshold': 0.26331118955740257, 'volatility_position_scale': 1.5461837922527562, 'volatility_window': 21.0}: No trades executed
2025-12-05 20:27:41,067 - WARNING - HyperoptObjective - Backtest error for {'adaptive_trailing': 1, 'atr_multiplier_sl': 1.128208812931129, 'atr_multiplier_tp': 5.891815920260285, 'atr_period': 10.0, 'atr_trailing_speed': 1.7671887390329364, 'cci_period': 12.0, 'cooldown_bars': 17.0, 'dynamic_risk_weight': 0.883728448452027, 'ema_weight': 0.13003125460127365, 'fast_ma': 27.0, 'htf_confirmation': 1.0, 'htf_trend_period': 103.0, 'htf_trend_weight': 1.3738022902529978, 'm15_weight': 1.0325153519822003, 'm1_weight': 1.4962797228522915, 'm5_weight': 1.1992750196264015, 'max_leverage_allowed': 152.62177933356554, 'max_slippage': 4.547767022144958, 'max_stop_distance': 4.134632722226796, 'min_atr_filter': 0.23883383481932807, 'min_volume_filter': 584.5105661060134, 'momentum_threshold': 1.7527578657736715, 'order_delay': 2.0, 'risk_per_trade': 0.39499130227444057, 'rsi_overbought': 72.0, 'rsi_oversold': 14.0, 'rsi_period': 11.0, 'signal_confirmation': 5.0, 'signal_smoothing': 0.38953787168575926, 'slow_ma': 96.0, 'spread_limit': 8.363462000847363, 'stoch_overbought': 88.0, 'stoch_oversold': 22.0, 'stoch_period': 16.0, 'trend_threshold': 0.26331118955740257, 'volatility_position_scale': 1.5461837922527562, 'volatility_window': 21.0}: No trades executed
2025-12-05 20:27:41,088 - WARNING - HyperoptObjective - Backtest error for {'adaptive_trailing': 0, 'atr_multiplier_sl': 4.972481627138754, 'atr_multiplier_tp': 6.195538429860186, 'atr_period': 12.0, 'atr_trailing_speed': 1.8800938836080878, 'cci_period': 12.0, 'cooldown_bars': 17.0, 'dynamic_risk_weight': 0.18366251728826796, 'ema_weight': 0.38996699130134804, 'fast_ma': 13.0, 'htf_confirmation': 0.0, 'htf_trend_period': 84.0, 'htf_trend_weight': 0.4825652548787567, 'm15_weight': 2.1778435383116377, 'm1_weight': 1.432452745469363, 'm5_weight': 1.1715902217161398, 'max_leverage_allowed': 191.52434863123273, 'max_slippage': 1.6311348408663942, 'max_stop_distance': 0.9339578699214388, 'min_atr_filter': 1.6491928742942707, 'min_volume_filter': 2275.38583939342, 'momentum_threshold': 1.2507537241829088, 'order_delay': 0.0, 'risk_per_trade': 4.6027724568662975, 'rsi_overbought': 62.0, 'rsi_oversold': 35.0, 'rsi_period': 9.0, 'signal_confirmation': 2.0, 'signal_smoothing': 0.3413857092349324, 'slow_ma': 83.0, 'spread_limit': 31.145586280682977, 'stoch_overbought': 85.0, 'stoch_oversold': 9.0, 'stoch_period': 8.0, 'trend_threshold': 1.5513585130159373, 'volatility_position_scale': 1.278842969828503, 'volatility_window': 29.0}: No trades executed
2025-12-05 20:27:41,088 - WARNING - HyperoptObjective - Backtest error for {'adaptive_trailing': 0, 'atr_multiplier_sl': 4.972481627138754, 'atr_multiplier_tp': 6.195538429860186, 'atr_period': 12.0, 'atr_trailing_speed': 1.8800938836080878, 'cci_period': 12.0, 'cooldown_bars': 17.0, 'dynamic_risk_weight': 0.18366251728826796, 'ema_weight': 0.38996699130134804, 'fast_ma': 13.0, 'htf_confirmation': 0.0, 'htf_trend_period': 84.0, 'htf_trend_weight': 0.4825652548787567, 'm15_weight': 2.1778435383116377, 'm1_weight': 1.432452745469363, 'm5_weight': 1.1715902217161398, 'max_leverage_allowed': 191.52434863123273, 'max_slippage': 1.6311348408663942, 'max_stop_distance': 0.9339578699214388, 'min_atr_filter': 1.6491928742942707, 'min_volume_filter': 2275.38583939342, 'momentum_threshold': 1.2507537241829088, 'order_delay': 0.0, 'risk_per_trade': 4.6027724568662975, 'rsi_overbought': 62.0, 'rsi_oversold': 35.0, 'rsi_period': 9.0, 'signal_confirmation': 2.0, 'signal_smoothing': 0.3413857092349324, 'slow_ma': 83.0, 'spread_limit': 31.145586280682977, 'stoch_overbought': 85.0, 'stoch_oversold': 9.0, 'stoch_period': 8.0, 'trend_threshold': 1.5513585130159373, 'volatility_position_scale': 1.278842969828503, 'volatility_window': 29.0}: No trades executed
2025-12-05 20:27:41,123 - INFO - AutoRetuneOptimizer - Dropping TEST due to poor performance: -100.00%
2025-12-05 20:27:41,123 - INFO - AutoRetuneOptimizer - Cycle 1/1 completed. Assets remaining: 0
2025-12-05 20:27:41,126 - INFO - AutoRetuneOptimizer - Best parameters saved to data/best_params_auto.json
2025-12-05 20:27:41,128 - INFO - AutoRetuneOptimizer - Trials saved to data/hyperopt_auto_trials.pkl
2025-12-05 20:27:41,128 - INFO - AutoRetuneOptimizer - Auto-retune optimization completed successfully
2025-12-05 21:56:49,666 - INFO - ProductionTradingOrchestrator - Initializing Production Trading Orchestrator...
2025-12-05 21:57:56,283 - INFO - ProductionTradingOrchestrator - Initializing Production Trading Orchestrator...
2025-12-05 21:57:56,283 - INFO - ProductionTradingOrchestrator - Auto-retune monitoring started
2025-12-05 21:57:56,284 - INFO - ProductionTradingOrchestrator - Risk monitoring started
2025-12-05 21:57:56,285 - INFO - LiveDashboardAdapter - Starting dashboard server on port 8050
2025-12-05 21:57:56,284 - INFO - ProductionTradingOrchestrator - Performance monitoring started
2025-12-05 21:57:56,285 - INFO - ProductionTradingOrchestrator - Started 4 background services
2025-12-05 21:57:56,285 - INFO - ProductionTradingOrchestrator - Production Trading Orchestrator initialized successfully
2025-12-05 21:57:56,285 - INFO - ProductionTradingOrchestrator - Added strategy miracle_gold_scalper for symbols: []
2025-12-05 21:57:56,285 - INFO - ProductionTradingOrchestrator - Starting production trading for strategy: miracle_gold_scalper
2025-12-05 22:01:29,871 - INFO - HyperoptConfig - Returning parameter space with 9 parameters for miracle_gold_scalper
2025-12-05 22:01:29,910 - INFO - ResultsTracker - Saved hyperopt result to DB with ID 1
2025-12-05 22:01:29,913 - INFO - Validation - Production readiness test passed
2025-12-05 22:04:33,473 - INFO - HyperoptConfig - Returning parameter space with 9 parameters for miracle_gold_scalper
2025-12-05 22:04:33,513 - INFO - ResultsTracker - Saved hyperopt result to DB with ID 1
2025-12-05 22:04:34,287 - INFO - Validation - Production readiness test passed
2025-12-05 22:06:20,265 - INFO - HyperoptConfig - Returning parameter space with 9 parameters for miracle_gold_scalper
2025-12-05 22:06:20,315 - INFO - ResultsTracker - Saved hyperopt result to DB with ID 1
2025-12-05 22:06:21,252 - INFO - Validation - Production readiness test passed
2025-12-05 22:17:35,024 - INFO - HyperoptConfig - Returning parameter space with 9 parameters for miracle_gold_scalper
2025-12-05 22:17:35,067 - INFO - ResultsTracker - Saved hyperopt result to DB with ID 1
2025-12-05 22:17:35,905 - INFO - Validation - Production readiness test passed
2025-12-05 22:24:50,027 - INFO - HyperoptConfig - Returning parameter space with 9 parameters for miracle_gold_scalper
2025-12-05 22:24:50,070 - INFO - ResultsTracker - Saved hyperopt result to DB with ID 1
2025-12-05 22:24:50,873 - INFO - Validation - Production readiness test passed
2025-12-05 22:31:34,364 - INFO - HyperoptConfig - Returning parameter space with 9 parameters for miracle_gold_scalper
2025-12-05 22:31:34,404 - INFO - ResultsTracker - Saved hyperopt result to DB with ID 1
2025-12-05 22:31:35,165 - INFO - Validation - Production readiness test passed
2025-12-05 22:34:33,900 - INFO - HyperoptConfig - Returning parameter space with 9 parameters for miracle_gold_scalper
2025-12-05 22:34:33,946 - INFO - ResultsTracker - Saved hyperopt result to DB with ID 1
2025-12-05 22:34:34,980 - INFO - Validation - Production readiness test passed
2025-12-05 22:36:38,788 - INFO - ProductionTradingOrchestrator - Initializing Production Trading Orchestrator...
2025-12-05 22:36:38,789 - INFO - ProductionTradingOrchestrator - Auto-retune monitoring started
2025-12-05 22:36:38,790 - INFO - ProductionTradingOrchestrator - Risk monitoring started
2025-12-05 22:36:38,791 - INFO - LiveDashboardAdapter - Starting dashboard server on port 8050
2025-12-05 22:36:38,790 - INFO - ProductionTradingOrchestrator - Performance monitoring started
2025-12-05 22:36:38,791 - INFO - ProductionTradingOrchestrator - Started 4 background services
2025-12-05 22:36:38,792 - INFO - ProductionTradingOrchestrator - Production Trading Orchestrator initialized successfully
2025-12-05 22:36:38,792 - INFO - ProductionTradingOrchestrator - Added strategy miracle_gold_scalper for symbols: []
2025-12-05 22:36:38,793 - INFO - ProductionTradingOrchestrator - Starting production trading for strategy: miracle_gold_scalper
2025-12-05 22:39:38,282 - INFO - ProductionTradingOrchestrator - Initializing Production Trading Orchestrator...
2025-12-05 22:39:38,283 - INFO - ProductionTradingOrchestrator - Auto-retune monitoring started
2025-12-05 22:39:38,283 - INFO - ProductionTradingOrchestrator - Risk monitoring started
2025-12-05 22:39:38,284 - INFO - ProductionTradingOrchestrator - Performance monitoring started
2025-12-05 22:39:38,284 - INFO - LiveDashboardAdapter - Starting dashboard server on port 8050
2025-12-05 22:39:38,284 - INFO - ProductionTradingOrchestrator - Started 4 background services
2025-12-05 22:39:38,285 - INFO - ProductionTradingOrchestrator - Production Trading Orchestrator initialized successfully
2025-12-05 22:39:38,285 - INFO - ProductionTradingOrchestrator - Added strategy miracle_gold_scalper for symbols: []
2025-12-05 22:39:38,285 - INFO - ProductionTradingOrchestrator - Starting production trading for strategy: miracle_gold_scalper
2025-12-06 07:20:54,657 - INFO - ProductionTradingOrchestrator - Initializing Production Trading Orchestrator...
2025-12-06 07:20:54,658 - INFO - ProductionTradingOrchestrator - Auto-retune monitoring started
2025-12-06 07:20:54,660 - INFO - LiveDashboardAdapter - Starting dashboard server on port 8050
2025-12-06 07:20:54,659 - INFO - ProductionTradingOrchestrator - Risk monitoring started
2025-12-06 07:20:54,659 - INFO - ProductionTradingOrchestrator - Performance monitoring started
2025-12-06 07:20:54,661 - INFO - ProductionTradingOrchestrator - Started 4 background services
2025-12-06 07:20:54,663 - INFO - ProductionTradingOrchestrator - Production Trading Orchestrator initialized successfully
2025-12-06 07:20:54,663 - INFO - ProductionTradingOrchestrator - Added strategy miracle_gold_scalper for symbols: []
2025-12-06 07:20:54,663 - INFO - ProductionTradingOrchestrator - Starting production trading for strategy: miracle_gold_scalper
2025-12-06 09:49:17,987 - INFO - OptimizationService - Using device: cpu
2025-12-06 09:52:08,584 - INFO - OptimizationService - Using device: cpu
2025-12-06 10:28:56,501 - WARNING - RealisticBacktester - Data is too old: 2023-01-03 01:00:00 vs current time
2025-12-06 10:28:56,501 - WARNING - RealisticBacktester - Data is too old: 2023-01-03 01:00:00 vs current time
2025-12-06 10:28:56,501 - WARNING - RealisticBacktester - Data is too old: 2023-01-03 01:00:00 vs current time
2025-12-06 10:29:56,330 - WARNING - RealisticBacktester - Data is too old: 2023-01-03 01:00:00 vs current time
2025-12-06 10:29:56,330 - WARNING - RealisticBacktester - Data is too old: 2023-01-03 01:00:00 vs current time
2025-12-06 10:29:56,330 - WARNING - RealisticBacktester - Data is too old: 2023-01-03 01:00:00 vs current time
2025-12-06 10:32:54,747 - WARNING - RealisticBacktester - Data is too old: 2023-01-03 01:00:00 vs current time
2025-12-06 10:32:54,747 - WARNING - RealisticBacktester - Data is too old: 2023-01-03 01:00:00 vs current time
2025-12-06 10:32:54,747 - WARNING - RealisticBacktester - Data is too old: 2023-01-03 01:00:00 vs current time
2025-12-06 10:40:43,953 - WARNING - RealisticBacktester - Data is too old: 2023-01-02 05:00:00 vs current time
2025-12-06 10:40:43,953 - WARNING - RealisticBacktester - Data is too old: 2023-01-02 05:00:00 vs current time
2025-12-06 10:40:43,953 - WARNING - RealisticBacktester - Data is too old: 2023-01-02 05:00:00 vs current time
2025-12-06 10:40:43,953 - WARNING - RealisticBacktester - Data is too old: 2023-01-02 05:00:00 vs current time
2025-12-06 10:40:43,953 - WARNING - RealisticBacktester - Data is too old: 2023-01-02 05:00:00 vs current time
2025-12-06 10:44:30,233 - WARNING - RealisticBacktester - Data is too old: 2023-01-03 01:00:00 vs current time
2025-12-06 10:44:30,233 - WARNING - RealisticBacktester - Data is too old: 2023-01-03 01:00:00 vs current time
2025-12-06 11:15:36,420 - INFO - ProductionTradingOrchestrator - Initializing Production Trading Orchestrator...
2025-12-06 11:15:36,422 - INFO - ProductionTradingOrchestrator - Auto-retune monitoring started
2025-12-06 11:15:36,422 - INFO - ProductionTradingOrchestrator - Risk monitoring started
2025-12-06 11:15:36,423 - INFO - LiveDashboardAdapter - Starting dashboard server on port 8050
2025-12-06 11:15:36,423 - INFO - ProductionTradingOrchestrator - Performance monitoring started
2025-12-06 11:15:36,423 - INFO - ProductionTradingOrchestrator - Started 4 background services
2025-12-06 11:15:36,424 - INFO - ProductionTradingOrchestrator - Production Trading Orchestrator initialized successfully
2025-12-06 11:15:36,425 - INFO - ProductionTradingOrchestrator - Added strategy crypto_breakout for symbols: []
2025-12-06 11:15:36,425 - INFO - ProductionTradingOrchestrator - Starting production trading for strategy: crypto_breakout
2025-12-06 11:57:08,892 - INFO - ProductionTradingOrchestrator - Initializing Production Trading Orchestrator...
2025-12-06 11:57:08,893 - INFO - ProductionTradingOrchestrator - Auto-retune monitoring started
2025-12-06 11:57:08,894 - INFO - ProductionTradingOrchestrator - Risk monitoring started
2025-12-06 11:57:08,894 - INFO - LiveDashboardAdapter - Starting dashboard server on port 8050
2025-12-06 11:57:08,894 - INFO - ProductionTradingOrchestrator - Performance monitoring started
2025-12-06 11:57:08,895 - INFO - ProductionTradingOrchestrator - Started 4 background services
2025-12-06 11:57:08,895 - INFO - ProductionTradingOrchestrator - Production Trading Orchestrator initialized successfully
2025-12-06 11:57:08,896 - INFO - ProductionTradingOrchestrator - Added strategy crypto_breakout for symbols: []
2025-12-06 11:57:08,896 - INFO - ProductionTradingOrchestrator - Starting production trading for strategy: crypto_breakout
