timestamp,funding_rate
1638316800,0.00012689
1638345600,0.00029146
1638374400,0.00010000
1638403200,0.00015951
1638432000,0.00010000
1638460800,0.00010000
1638489600,0.00010000
1638518400,0.00011686
1638547200,0.00027198
1638576000,0.00010000
1638604800,0.00006285
1638633600,0.00002893
1638662400,0.00008272
1638691200,0.00009001
1638720000,0.00010000
1638748800,0.00010000
1638777600,0.00010000
1638806400,0.00010000
1638835200,0.00010000
1638864000,0.00003977
1638892800,0.00010000
1638921600,0.00010000
1638950400,0.00010000
1638979200,0.00010000
1639008000,0.00010000
1639036800,0.00010000
1639065600,0.00010000
1639094400,0.00010000
1639123200,0.00010000
1639152000,0.00010000
1639180800,0.00010000
1639209600,0.00010000
1639238400,0.00010000
1639267200,0.00010000
1639296000,0.00010000
1639324800,0.00010000
1639353600,0.00010000
1639382400,0.00010000
1639411200,0.00010000
1639440000,-0.00000493
1639468800,0.00010000
1639497600,0.00008838
1639526400,0.00010000
1639555200,0.00010000
1639584000,0.00010000
1639612800,0.00010000
1639641600,0.00010000
1639670400,0.00010000
1639699200,0.00010000
1639728000,0.00010000
1639756800,0.00004678
1639785600,0.00009119
1639814400,0.00009221
1639843200,0.00008402
1639872000,0.00007080
1639900800,0.00010000
1639929600,0.00010000
1639958400,0.00010000
1639987200,0.00010000
1640016000,0.00010000
1640044800,0.00009184
1640073600,0.00010000
1640102400,0.00010000
1640131200,0.00010000
1640160000,0.00010000
1640188800,0.00010000
1640217600,0.00009720
1640246400,0.00010000
1640275200,0.00004018
1640304000,0.00010000
1640332800,0.00010000
1640361600,0.00010000
1640390400,0.00010000
1640419200,0.00010000
1640448000,0.00010000
1640476800,0.00010000
1640505600,0.00010000
1640534400,0.00010000
1640563200,0.00010000
1640592000,0.00010000
1640620800,0.00010000
1640649600,0.00010000
1640678400,0.00010000
1640707200,0.00010000
1640736000,0.00010000
1640764800,0.00010000
1640793600,0.00010000
1640822400,0.00010000
1640851200,0.00010000
1640880000,0.00010000
1640908800,-0.00003102
1640937600,0.00010000
1640966400,0.00010000
1640995200,0.00010000
1641024000,0.00010000
1641052800,0.00010000
1641081600,0.00010000
1641110400,0.00010000
1641139200,0.00010000
1641168000,0.00010000
1641196800,0.00010000
1641225600,0.00010000
1641254400,0.00010000
1641283200,0.00010000
1641312000,0.00010000
1641340800,0.00010000
1641369600,0.00010000
1641398400,0.00010000
1641427200,0.00010000
1641456000,0.00010000
1641484800,0.00010000
1641513600,0.00010000
1641542400,0.00010000
1641571200,0.00010000
1641600000,0.00010000
1641628800,0.00010000
1641657600,0.00010000
1641686400,0.00010000
1641715200,0.00010000
1641744000,0.00010000
1641772800,0.00010000
1641801600,0.00004522
1641830400,0.00010000
1641859200,0.00010000
1641888000,0.00007394
1641916800,0.00010000
1641945600,-0.00004772
1641974400,0.00009625
1642003200,-0.00005342
1642032000,-0.00007506
1642060800,0.00010000
1642089600,-0.00006081
1642118400,0.00000592
1642147200,-0.00009170
1642176000,-0.00006655
1642204800,0.00002282
1642233600,0.00010000
1642262400,0.00002661
1642291200,0.00009070
1642320000,-0.00002330
1642348800,0.00003620
1642377600,0.00001751
1642406400,0.00006647
1642435200,0.00010000
1642464000,0.00010000
1642492800,0.00009998
1642521600,0.00010000
1642550400,0.00004973
1642579200,0.00010000
1642608000,0.00010000
1642636800,0.00010000
1642665600,0.00010000
1642694400,0.00010000
1642723200,0.00010000
1642752000,0.00004523
1642780800,0.00008226
1642809600,-0.00001051
1642838400,0.00004122
1642867200,0.00010000
1642896000,0.00010000
1642924800,-0.00001256
1642953600,-0.00001573
1642982400,0.00003480
1643011200,0.00005605
1643040000,0.00005009
1643068800,0.00010000
1643097600,0.00008126
1643126400,-0.00010008
1643155200,0.00000676
1643184000,-0.00001905
1643212800,-0.00004130
1643241600,-0.00004869
1643270400,-0.00010186
1643299200,-0.00007554
1643328000,-0.00000493
1643356800,0.00007165
1643385600,0.00002880
1643414400,-0.00001093
1643443200,0.00005239
1643472000,-0.00003029
1643500800,0.00006050
1643529600,0.00009126
1643558400,0.00010000
1643587200,0.00008927
1643616000,-0.00007369
1643644800,-0.00005648
1643673600,-0.00004000
1643702400,0.00006113
1643731200,-0.00006256
1643760000,-0.00002905
1643788800,0.00010000
1643817600,0.00002553
1643846400,-0.00007716
1643875200,0.00001168
1643904000,-0.00001533
1643932800,0.00001462
1643961600,-0.00008571
1643990400,0.00010000
1644019200,0.00007457
1644048000,0.00010000
1644076800,0.00010000
1644105600,0.00010000
1644134400,0.00010000
1644163200,0.00010000
1644192000,0.00001477
1644220800,0.00005264
1644249600,-0.00009617
1644278400,0.00010000
1644307200,0.00010000
1644336000,0.00010000
1644364800,0.00008216
1644393600,0.00005826
1644422400,0.00005120
1644451200,0.00010000
1644480000,-0.00001799
1644508800,0.00010000
1644537600,0.00003895
1644566400,-0.00005238
1644595200,-0.00007643
1644624000,0.00010000
1644652800,0.00010000
1644681600,0.00010000
1644710400,0.00008047
1644739200,0.00007937
1644768000,0.00006814
1644796800,0.00009717
1644825600,0.00002867
1644854400,0.00006445
1644883200,0.00010000
1644912000,-0.00007760
1644940800,0.00005462
1644969600,0.00010000
1644998400,0.00010000
1645027200,0.00010000
1645056000,0.00010000
1645084800,0.00010000
1645113600,0.00010000
1645142400,-0.00000438
1645171200,-0.00002923
1645200000,-0.00000936
1645228800,0.00010000
1645257600,0.00000961
1645286400,0.00007710
1645315200,0.00003023
1645344000,0.00006581
1645372800,-0.00007517
1645401600,0.00006500
1645430400,-0.00004498
1645459200,-0.00003473
1645488000,-0.00005357
1645516800,0.00002477
1645545600,-0.00003085
1645574400,-0.00002623
1645603200,-0.00012603
1645632000,-0.00003332
1645660800,0.00006475
1645689600,-0.00016045
1645718400,-0.00009210
1645747200,0.00010000
1645776000,0.00006220
1645804800,0.00000998
1645833600,0.00009332
1645862400,0.00010000
1645891200,0.00007614
1645920000,0.00005574
1645948800,0.00001803
1645977600,-0.00000628
1646006400,-0.00021167
1646035200,-0.00008986
1646064000,-0.00005386
1646092800,0.00010000
1646121600,0.00010000
1646150400,0.00004369
1646179200,-0.00000507
1646208000,0.00010000
1646236800,0.00010000
1646265600,0.00010000
1646294400,0.00010000
1646323200,0.00010000
1646352000,0.00010000
1646380800,0.00010000
1646409600,0.00010000
1646438400,0.00010000
1646467200,0.00010000
1646496000,0.00001656
1646524800,0.00004115
1646553600,-0.00000960
1646582400,0.00001957
1646611200,0.00000318
1646640000,-0.00008983
1646668800,-0.00003177
1646697600,0.00003378
1646726400,0.00010000
1646755200,0.00010000
1646784000,0.00006776
1646812800,0.00010000
1646841600,0.00010000
1646870400,0.00010000
1646899200,0.00008280
1646928000,-0.00008919
1646956800,-0.00009808
1646985600,-0.00007765
1647014400,0.00004301
1647043200,-0.00000307
1647072000,0.00003168
1647100800,-0.00003565
1647129600,-0.00005855
1647158400,0.00000613
1647187200,-0.00005741
1647216000,-0.00008009
1647244800,-0.00006699
1647273600,0.00002708
1647302400,0.00005726
1647331200,0.00004476
1647360000,0.00009061
1647388800,0.00010000
1647417600,0.00005871
1647446400,0.00010000
1647475200,0.00010000
1647504000,0.00010000
1647532800,0.00010000
1647561600,0.00010000
1647590400,0.00001662
1647619200,0.00010000
1647648000,0.00010000
1647676800,0.00010000
1647705600,0.00010000
1647734400,0.00010000
1647763200,0.00010000
1647792000,0.00010000
1647820800,0.00010000
1647849600,-0.00000954
1647878400,-0.00000093
1647907200,0.00010000
1647936000,0.00010000
1647964800,0.00010000
1647993600,0.00010000
1648022400,0.00010000
1648051200,0.00007014
1648080000,0.00001664
1648108800,0.00000800
1648137600,-0.00000907
1648166400,0.00000670
1648195200,0.00009286
1648224000,0.00005473
1648252800,0.00009739
1648281600,-0.00007111
1648310400,0.00010000
1648339200,-0.00008253
1648368000,0.00001306
1648396800,0.00010000
1648425600,0.00010000
1648454400,0.00010000
1648483200,0.00010000
1648512000,0.00010000
1648540800,0.00010000
1648569600,0.00009594
1648598400,0.00010000
1648627200,0.00010000
1648656000,0.00010000
1648684800,0.00010000
1648713600,0.00010000
1648742400,0.00010000
1648771200,0.00010000
1648800000,0.00007626
1648828800,0.00009193
1648857600,0.00010000
1648886400,0.00010000
1648915200,0.00010000
1648944000,0.00010000
1648972800,0.00010000
1649001600,0.00010000
1649030400,0.00010000
1649059200,0.00010000
1649088000,0.00010000
1649116800,0.00010000
1649145600,0.00010000
1649174400,0.00010000
1649203200,0.00009898
1649232000,0.00010000
1649260800,0.00010000
1649289600,0.00010000
1649318400,0.00010000
1649347200,0.00002421
1649376000,0.00004306
1649404800,0.00010000
1649433600,0.00010000
1649462400,0.00010000
1649491200,0.00009279
1649520000,0.00010000
1649548800,0.00002721
1649577600,0.00006231
1649606400,0.00010000
1649635200,0.00000243
1649664000,0.00010000
1649692800,0.00010000
1649721600,-0.00006795
1649750400,-0.00010012
1649779200,-0.00007001
1649808000,-0.00001692
1649836800,0.00000753
1649865600,-0.00001485
1649894400,0.00005018
1649923200,0.00003533
1649952000,0.00004423
1649980800,-0.00013233
1650009600,-0.00006805
1650038400,0.00007697
1650067200,0.00002197
1650096000,0.00005199
1650124800,0.00006201
1650153600,0.00000720
1650182400,0.00009838
1650211200,0.00010000
1650240000,-0.00003231
1650268800,-0.00017197
1650297600,-0.00005436
1650326400,0.00010000
1650355200,0.00006251
1650384000,-0.00005028
1650412800,0.00009450
1650441600,0.00009543
1650470400,0.00003714
1650499200,0.00000177
1650528000,-0.00005245
1650556800,0.00005359
1650585600,0.00003026
1650614400,-0.00016984
1650643200,-0.00000415
1650672000,-0.00009023
1650700800,-0.00007562
1650729600,-0.00011883
1650758400,-0.00018273
1650787200,-0.00015276
1650816000,-0.00003654
1650844800,-0.00008908
1650873600,-0.00007844
1650902400,0.00007223
1650931200,0.00010000
1650960000,0.00010000
1650988800,0.00010000
1651017600,-0.00012640
1651046400,-0.00011034
1651075200,0.00001968
1651104000,-0.00005716
1651132800,-0.00005544
1651161600,0.00010000
1651190400,0.00010000
1651219200,0.00010000
1651248000,0.00002628
1651276800,-0.00009371
1651305600,0.00004536
1651334400,0.00005926
1651363200,0.00002403
1651392000,0.00000095
1651420800,0.00010000
1651449600,0.00010000
1651478400,0.00009000
1651507200,0.00010000
1651536000,0.00010000
1651564800,0.00010000
1651593600,0.00010000
1651622400,0.00010000
1651651200,0.00002504
1651680000,0.00010000
1651708800,0.00010000
1651737600,0.00010000
1651766400,0.00010000
1651795200,-0.00013460
1651824000,-0.00005734
1651852800,0.00004197
1651881600,-0.00005273
1651910400,0.00005998
1651939200,0.00000713
1651968000,-0.00002659
1651996800,0.00010000
1652025600,0.00010000
1652054400,0.00010000
1652083200,0.00010000
1652112000,0.00010000
1652140800,0.00010000
1652169600,0.00010000
1652198400,0.00010000
1652227200,0.00007580
1652256000,0.00006939
1652284800,-0.00003512
1652313600,-0.00018773
1652342400,-0.00041995
1652371200,-0.00014678
1652400000,-0.00007127
1652428800,-0.00000605
1652457600,0.00006045
1652486400,0.00010000
1652515200,0.00010000
1652544000,0.00010000
1652572800,0.00008290
1652601600,0.00010000
1652630400,0.00009053
1652659200,0.00010000
1652688000,0.00008883
1652716800,0.00004940
1652745600,0.00010000
1652774400,-0.00000710
1652803200,0.00004705
1652832000,-0.00006956
1652860800,-0.00005753
1652889600,0.00002893
1652918400,-0.00000341
1652947200,0.00005624
1652976000,0.00007465
1653004800,0.00010000
1653033600,0.00010000
1653062400,0.00010000
1653091200,-0.00000202
1653120000,-0.00002146
1653148800,0.00002549
1653177600,0.00002410
1653206400,-0.00003063
1653235200,0.00010000
1653264000,0.00010000
1653292800,0.00010000
1653321600,0.00010000
1653350400,-0.00012372
1653379200,-0.00000676
1653408000,0.00002892
1653436800,0.00003679
1653465600,0.00010000
1653494400,0.00010000
1653523200,0.00007516
1653552000,0.00010000
1653580800,0.00000721
1653609600,0.00010000
1653638400,0.00010000
1653667200,0.00010000
1653696000,0.00010000
1653724800,0.00008712
1653753600,0.00010000
1653782400,0.00010000
1653811200,0.00010000
1653840000,0.00010000
1653868800,0.00010000
1653897600,0.00010000
1653926400,0.00010000
1653955200,0.00010000
1653984000,0.00010000
1654012800,0.00010000
1654041600,0.00010000
1654070400,0.00010000
1654099200,0.00010000
1654128000,-0.00001452
1654156800,0.00002265
1654185600,0.00002107
1654214400,-0.00003378
1654243200,-0.00001456
1654272000,0.00006937
1654300800,0.00000270
1654329600,0.00004795
1654358400,0.00005506
1654387200,0.00004358
1654416000,0.00002828
1654444800,0.00004753
1654473600,0.00006036
1654502400,0.00009656
1654531200,0.00010000
1654560000,0.00010000
1654588800,-0.00010234
1654617600,-0.00003705
1654646400,0.00010000
1654675200,0.00010000
1654704000,0.00010000
1654732800,0.00010000
1654761600,0.00009106
1654790400,0.00010000
1654819200,0.00010000
1654848000,0.00009289
1654876800,0.00003503
1654905600,0.00001762
1654934400,0.00000379
1654963200,0.00006606
1654992000,0.00010000
1655020800,0.00000563
1655049600,0.00000439
1655078400,0.00005616
1655107200,-0.00003182
1655136000,-0.00000580
1655164800,0.00004088
1655193600,-0.00010037
1655222400,-0.00005186
1655251200,-0.00002077
1655280000,-0.00007240
1655308800,-0.00000666
1655337600,-0.00004114
1655366400,0.00004475
1655395200,-0.00005277
1655424000,-0.00002222
1655452800,-0.00009486
1655481600,0.00005092
1655510400,0.00007356
1655539200,0.00004575
1655568000,0.00005227
1655596800,0.00004243
1655625600,-0.00004559
1655654400,0.00007239
1655683200,0.00000873
1655712000,-0.00000540
1655740800,0.00006080
1655769600,0.00010000
1655798400,0.00004967
1655827200,0.00002028
1655856000,0.00000178
1655884800,-0.00002982
1655913600,-0.00001640
1655942400,-0.00000872
1655971200,-0.00001577
1656000000,-0.00002656
1656028800,0.00006006
1656057600,0.00010000
1656086400,0.00010000
1656115200,0.00002621
1656144000,0.00010000
1656172800,0.00010000
1656201600,0.00010000
1656230400,0.00010000
1656259200,0.00000669
1656288000,0.00007820
1656316800,0.00003533
1656345600,0.00006102
1656374400,-0.00002586
1656403200,-0.00005613
1656432000,0.00002435
1656460800,0.00004188
1656489600,0.00008335
1656518400,0.00005319
1656547200,0.00000324
1656576000,-0.00005159
1656604800,-0.00015879
1656633600,-0.00008786
1656662400,0.00003106
1656691200,-0.00008061
1656720000,-0.00002913
1656748800,0.00005218
1656777600,0.00002120
1656806400,0.00003570
1656835200,0.00004779
1656864000,0.00007251
1656892800,0.00007792
1656921600,0.00004630
1656950400,0.00002248
1656979200,0.00005291
1657008000,0.00010000
1657036800,0.00000120
1657065600,0.00010000
1657094400,0.00010000
1657123200,0.00008373
1657152000,0.00005274
1657180800,0.00010000
1657209600,0.00010000
1657238400,0.00000212
1657267200,0.00010000
1657296000,0.00010000
1657324800,0.00010000
1657353600,0.00010000
1657382400,0.00006143
1657411200,0.00009962
1657440000,0.00010000
1657468800,0.00010000
1657497600,0.00004543
1657526400,0.00007236
1657555200,0.00008500
1657584000,0.00008003
1657612800,0.00006433
1657641600,0.00002667
1657670400,-0.00001204
1657699200,0.00000617
1657728000,-0.00001218
1657756800,0.00000057
1657785600,0.00010000
1657814400,0.00003451
1657843200,0.00009257
1657872000,0.00001401
1657900800,0.00001601
1657929600,0.00006055
1657958400,0.00007996
1657987200,0.00000800
1658016000,0.00008038
1658044800,0.00010000
1658073600,0.00008709
1658102400,0.00010000
1658131200,0.00010000
1658160000,0.00010000
1658188800,0.00010000
1658217600,0.00010000
1658246400,0.00010000
1658275200,0.00010000
1658304000,0.00010000
1658332800,0.00008118
1658361600,0.00010000
1658390400,0.00010000
1658419200,0.00010000
1658448000,0.00010000
1658476800,0.00010000
1658505600,0.00005172
1658534400,0.00009043
1658563200,0.00001021
1658592000,0.00010000
1658620800,0.00003770
1658649600,0.00010000
1658678400,0.00008293
1658707200,0.00010000
1658736000,0.00001238
1658764800,0.00002319
1658793600,0.00010000
1658822400,0.00003654
1658851200,0.00008659
1658880000,0.00004591
1658908800,0.00005085
1658937600,0.00002951
1658966400,0.00009229
1658995200,0.00010000
1659024000,0.00010000
1659052800,0.00010000
1659081600,0.00010000
1659110400,0.00010000
1659139200,0.00010000
1659168000,0.00010000
1659196800,0.00010000
1659225600,0.00010000
1659254400,0.00010000
1659283200,0.00006281
1659312000,0.00010000
1659340800,0.00010000
1659369600,0.00006449
1659398400,0.00010000
1659427200,0.00009733
1659456000,0.00005885
1659484800,0.00000328
1659513600,-0.00003960
1659542400,0.00004382
1659571200,-0.00000191
1659600000,0.00001778
1659628800,0.00001436
1659657600,0.00001692
1659686400,0.00006774
1659715200,0.00002115
1659744000,0.00006888
1659772800,0.00008589
1659801600,0.00010000
1659830400,0.00010000
1659859200,-0.00000737
1659888000,0.00002401
1659916800,0.00010000
1659945600,0.00002790
1659974400,0.00010000
1660003200,0.00010000
1660032000,0.00007920
1660060800,0.00010000
1660089600,-0.00001314
1660118400,0.00000581
1660147200,0.00009440
1660176000,0.00007206
1660204800,0.00010000
1660233600,0.00004911
1660262400,0.00009024
1660291200,0.00001412
1660320000,-0.00003384
1660348800,-0.00003559
1660377600,0.00008455
1660406400,0.00002154
1660435200,0.00002396
1660464000,-0.00000333
1660492800,0.00001239
1660521600,-0.00003766
1660550400,0.00001077
1660579200,-0.00001339
1660608000,0.00003243
1660636800,0.00000156
1660665600,0.00002870
1660694400,0.00000466
1660723200,0.00000262
1660752000,0.00009364
1660780800,0.00008391
1660809600,0.00010000
1660838400,0.00007171
1660867200,0.00010000
1660896000,0.00002108
1660924800,-0.00006746
1660953600,0.00001070
1660982400,-0.00006722
1661011200,-0.00004567
1661040000,-0.00001957
1661068800,-0.00003589
1661097600,-0.00003234
1661126400,-0.00008092
1661155200,-0.00003215
1661184000,0.00004021
1661212800,-0.00003345
1661241600,-0.00004031
1661270400,0.00000846
1661299200,0.00002509
1661328000,-0.00004353
1661356800,-0.00003538
1661385600,0.00000128
1661414400,0.00001547
1661443200,0.00004481
1661472000,-0.00001707
1661500800,0.00003207
1661529600,0.00002599
1661558400,-0.00002808
1661587200,-0.00006290
1661616000,-0.00004396
1661644800,-0.00001396
1661673600,-0.00008758
1661702400,-0.00002443
1661731200,-0.00013623
1661760000,-0.00010056
1661788800,-0.00006193
1661817600,0.00001123
1661846400,-0.00003356
1661875200,-0.00005903
1661904000,-0.00002089
1661932800,0.00005779
1661961600,0.00004950
1661990400,0.00009390
1662019200,0.00002266
1662048000,0.00003630
1662076800,0.00002498
1662105600,0.00004905
1662134400,0.00004443
1662163200,-0.00000199
1662192000,0.00009442
1662220800,0.00001115
1662249600,0.00000588
1662278400,0.00005463
1662307200,0.00002119
1662336000,0.00008292
1662364800,-0.00000737
1662393600,0.00004712
1662422400,-0.00000245
1662451200,0.00000343
1662480000,0.00003473
1662508800,-0.00008601
1662537600,0.00002729
1662566400,-0.00003480
1662595200,0.00000620
1662624000,0.00003327
1662652800,0.00005667
1662681600,0.00001312
1662710400,0.00010000
1662739200,0.00010000
1662768000,0.00010000
1662796800,0.00009764
1662825600,0.00010000
1662854400,0.00007115
1662883200,0.00010000
1662912000,0.00006712
1662940800,0.00010000
1662969600,0.00008246
1662998400,0.00010000
1663027200,0.00009965
1663056000,0.00010000
1663084800,0.00010000
1663113600,-0.00003953
1663142400,0.00000727
1663171200,0.00001004
1663200000,0.00000324
1663228800,0.00010000
1663257600,0.00000813
1663286400,0.00008055
1663315200,0.00004349
1663344000,0.00002919
1663372800,0.00003024
1663401600,0.00004336
1663430400,0.00001467
1663459200,0.00006428
1663488000,0.00007820
1663516800,0.00003564
1663545600,0.00003581
1663574400,-0.00009289
1663603200,0.00000600
1663632000,0.00007813
1663660800,0.00005855
1663689600,0.00001721
1663718400,0.00005185
1663747200,0.00001478
1663776000,0.00002732
1663804800,-0.00011779
1663833600,-0.00006911
1663862400,0.00007743
1663891200,0.00007261
1663920000,0.00002959
1663948800,-0.00005008
1663977600,0.00002947
1664006400,0.00001676
1664035200,0.00005345
1664064000,0.00000999
1664092800,0.00003653
1664121600,0.00002593
1664150400,-0.00000660
1664179200,0.00003696
1664208000,0.00004497
1664236800,0.00002244
1664265600,0.00010000
1664294400,0.00008538
1664323200,0.00001141
1664352000,-0.00001071
1664380800,0.00005332
1664409600,0.00005681
1664438400,0.00007641
1664467200,0.00006685
1664496000,0.00010000
1664524800,0.00010000
1664553600,0.00010000
1664582400,0.00003198
1664611200,0.00010000
1664640000,0.00007005
1664668800,0.00004262
1664697600,0.00005816
1664726400,0.00005384
1664755200,0.00003996
1664784000,0.00008316
1664812800,0.00010000
1664841600,0.00010000
1664870400,0.00010000
1664899200,0.00010000
1664928000,0.00010000
1664956800,0.00010000
1664985600,0.00010000
1665014400,0.00010000
1665043200,0.00010000
1665072000,0.00010000
1665100800,0.00010000
1665129600,0.00010000
1665158400,0.00007513
1665187200,0.00003850
1665216000,0.00007345
1665244800,0.00004149
1665273600,0.00003246
1665302400,0.00001776
1665331200,0.00001951
1665360000,0.00006241
1665388800,0.00006069
1665417600,0.00010000
1665446400,0.00010000
1665475200,0.00010000
1665504000,0.00010000
1665532800,0.00010000
1665561600,0.00010000
1665590400,0.00010000
1665619200,0.00007466
1665648000,0.00010000
1665676800,0.00003936
1665705600,0.00003235
1665734400,0.00010000
1665763200,0.00008395
1665792000,0.00004317
1665820800,0.00003772
1665849600,0.00004563
1665878400,0.00002735
1665907200,0.00000461
1665936000,0.00003394
1665964800,0.00000331
1665993600,0.00004840
1666022400,0.00006458
1666051200,0.00010000
1666080000,0.00010000
1666108800,0.00010000
1666137600,0.00007598
1666166400,0.00010000
1666195200,0.00010000
1666224000,0.00010000
1666252800,0.00006021
1666281600,0.00002095
1666310400,0.00004708
1666339200,0.00004483
1666368000,-0.00000890
1666396800,0.00003721
1666425600,0.00008360
1666454400,-0.00000319
1666483200,0.00004152
1666512000,0.00001171
1666540800,0.00005174
1666569600,0.00010000
1666598400,0.00010000
1666627200,0.00002328
1666656000,0.00004327
1666684800,0.00009019
1666713600,-0.00000166
1666742400,0.00002243
1666771200,0.00005665
1666800000,0.00006122
1666828800,0.00000013
1666857600,-0.00002276
1666886400,0.00001376
1666915200,-0.00001228
1666944000,0.00003541
1666972800,-0.00002629
1667001600,0.00002484
1667030400,0.00004755
1667059200,0.00004205
1667088000,-0.00002515
1667116800,0.00003212
1667145600,0.00005135
1667174400,0.00001504
1667203200,0.00003842
1667232000,-0.00000434
1667260800,0.00000722
1667289600,-0.00001088
1667318400,0.00001302
1667347200,0.00004787
1667376000,0.00001203
1667404800,0.00006046
1667433600,0.00002680
1667462400,0.00000440
1667491200,0.00006940
1667520000,0.00004429
1667548800,0.00001148
1667577600,0.00006899
1667606400,0.00004409
1667635200,0.00004541
1667664000,0.00010000
1667692800,0.00006491
1667721600,0.00009732
1667750400,0.00006866
1667779200,0.00007813
1667808000,0.00010000
1667836800,0.00010000
1667865600,0.00006515
1667894400,-0.00000788
1667923200,0.00009446
1667952000,-0.00013884
1667980800,0.00007305
1668009600,-0.00032976
1668038400,-0.00119172
1668067200,-0.00111953
1668096000,-0.00023833
1668124800,-0.00019452
1668153600,-0.00007277
1668182400,-0.00005802
1668211200,0.00005300
1668240000,-0.00002406
1668268800,0.00006521
1668297600,0.00000333
1668326400,-0.00007357
1668355200,0.00002816
1668384000,-0.00003809
1668412800,-0.00007645
1668441600,-0.00001132
1668470400,-0.00010925
1668499200,-0.00017664
1668528000,0.00002275
1668556800,-0.00013216
1668585600,0.00001121
1668614400,-0.00006617
1668643200,-0.00004542
1668672000,-0.00005138
1668700800,-0.00002701
1668729600,-0.00002836
1668758400,0.00002398
1668787200,0.00000955
1668816000,0.00005556
1668844800,0.00007897
1668873600,-0.00001169
1668902400,-0.00000779
1668931200,0.00003552
1668960000,-0.00000979
1668988800,0.00007898
1669017600,-0.00001218
1669046400,0.00002302
1669075200,-0.00007485
1669104000,0.00002033
1669132800,0.00007881
1669161600,0.00009406
1669190400,0.00010000
1669219200,-0.00000390
1669248000,0.00005420
1669276800,0.00002012
1669305600,0.00006272
1669334400,0.00002058
1669363200,0.00000461
1669392000,0.00001329
1669420800,0.00003859
1669449600,-0.00002455
1669478400,0.00003523
1669507200,0.00001063
1669536000,-0.00003066
1669564800,0.00003784
1669593600,0.00002303
1669622400,0.00000536
1669651200,0.00000021
1669680000,0.00004760
1669708800,-0.00000385
1669737600,0.00004171
1669766400,0.00003404
1669795200,0.00004038
1669824000,0.00009511
1669852800,0.00001029
1669881600,-0.00005001
1669910400,0.00010000
1669939200,0.00008203
1669968000,0.00002825
1669996800,-0.00003753
1670025600,0.00003302
1670054400,0.00005123
1670083200,0.00010000
1670112000,0.00006174
1670140800,0.00006437
1670169600,0.00004581
1670198400,0.00000054
1670227200,-0.00004218
1670256000,0.00004603
1670284800,0.00002206
1670313600,0.00004118
1670342400,0.00002305
1670371200,0.00007887
1670400000,0.00000658
1670428800,-0.00001492
1670457600,0.00001183
1670486400,0.00002152
1670515200,0.00000167
1670544000,0.00001178
1670572800,0.00004007
1670601600,0.00003198
1670630400,-0.00001669
1670659200,-0.00000687
1670688000,0.00001711
1670716800,0.00000929
1670745600,0.00000873
1670774400,0.00000692
1670803200,0.00002406
1670832000,0.00002638
1670860800,-0.00001670
1670889600,0.00003003
1670918400,0.00001971
1670947200,0.00010000
1670976000,0.00010000
1671004800,0.00010000
1671033600,0.00010000
1671062400,0.00010000
1671091200,0.00010000
1671120000,0.00005180
1671148800,0.00004842
1671177600,0.00005706
1671206400,-0.00001987
1671235200,0.00002013
1671264000,0.00007810
1671292800,0.00009707
1671321600,0.00006274
1671350400,0.00006828
1671379200,-0.00000647
1671408000,0.00006468
1671436800,0.00003493
1671465600,0.00004496
1671494400,0.00005611
1671523200,-0.00000012
1671552000,0.00003401
1671580800,0.00003778
1671609600,0.00007742
1671638400,0.00007582
1671667200,0.00002918
1671696000,0.00008167
1671724800,0.00007198
1671753600,0.00010000
1671782400,0.00010000
1671811200,0.00008903
1671840000,0.00010000
1671868800,0.00004748
1671897600,0.00006222
1671926400,0.00000521
1671955200,0.00001855
1671984000,0.00003060
1672012800,0.00003319
1672041600,-0.00005064
1672070400,0.00002871
1672099200,0.00008655
1672128000,0.00001102
1672156800,0.00001951
1672185600,0.00004252
1672214400,0.00009764
1672243200,0.00002111
1672272000,0.00009985
1672300800,0.00008532
1672329600,0.00010000
1672358400,0.00010000
1672387200,0.00007132
1672416000,0.00010000
1672444800,0.00010000
1672473600,0.00010000
1672502400,0.00010000
1672531200,0.00010000
1672560000,0.00010000
1672588800,0.00000691
1672617600,-0.00001488
1672646400,-0.00004356
1672675200,0.00002670
1672704000,0.00010000
1672732800,0.00008977
1672761600,0.00003322
1672790400,0.00006489
1672819200,0.00003388
1672848000,0.00004931
1672876800,0.00005417
1672905600,0.00004436
1672934400,0.00007264
1672963200,0.00005587
1672992000,0.00006591
1673020800,0.00008658
1673049600,0.00002508
1673078400,0.00000671
1673107200,0.00010000
1673136000,0.00005657
1673164800,0.00010000
1673193600,0.00007452
1673222400,0.00005796
1673251200,-0.00000666
1673280000,0.00000905
1673308800,0.00002417
1673337600,0.00009685
1673366400,0.00003129
1673395200,0.00002761
1673424000,0.00002477
1673452800,-0.00000211
1673481600,0.00007549
1673510400,0.00010000
1673539200,0.00010000
1673568000,0.00010000
1673596800,0.00010000
1673625600,0.00007160
1673654400,0.00008746
1673683200,0.00045847
1673712000,0.00010000
1673740800,0.00013712
1673769600,0.00012434
1673798400,0.00019892
1673827200,0.00010000
1673856000,0.00010000
1673884800,0.00010000
1673913600,0.00010000
1673942400,0.00010000
1673971200,0.00010000
1674000000,0.00010000
1674028800,0.00010000
1674057600,0.00010000
1674086400,0.00010000
1674115200,0.00010000
1674144000,0.00010000
1674172800,0.00010000
1674201600,0.00010000
1674230400,0.00010000
1674259200,0.00010000
1674288000,0.00010000
1674316800,0.00010000
1674345600,0.00010000
1674374400,0.00010000
1674403200,0.00010000
1674432000,0.00010000
1674460800,0.00010000
1674489600,0.00010000
1674518400,0.00010000
1674547200,0.00010000
1674576000,0.00010000
1674604800,0.00010000
1674633600,0.00010000
1674662400,0.00010000
1674691200,0.00010000
1674720000,0.00010000
1674748800,0.00010000
1674777600,0.00010000
1674806400,0.00009541
1674835200,0.00010000
1674864000,0.00010000
1674892800,0.00010000
1674921600,0.00010000
1674950400,0.00010000
1674979200,0.00010000
1675008000,0.00010000
1675036800,0.00010000
1675065600,0.00010000
1675094400,0.00010000
1675123200,0.00010000
1675152000,0.00010000
1675180800,0.00010000
1675209600,0.00010000
1675238400,0.00010000
1675267200,0.00010000
1675296000,0.00010000
1675324800,0.00010000
1675353600,0.00010000
1675382400,0.00010000
1675411200,0.00010000
1675440000,0.00010000
1675468800,0.00010000
1675497600,0.00010000
1675526400,0.00010000
1675555200,0.00010000
1675584000,0.00010000
1675612800,0.00010000
1675641600,0.00010000
1675670400,0.00010000
1675699200,0.00010000
1675728000,0.00010000
1675756800,0.00010000
1675785600,0.00010000
1675814400,0.00010000
1675843200,0.00010000
1675872000,0.00010000
1675900800,0.00010000
1675929600,0.00010000
1675958400,0.00010000
1675987200,0.00010000
1676016000,0.00010000
1676044800,0.00010000
1676073600,0.00007684
1676102400,0.00005572
1676131200,0.00005241
1676160000,0.00005343
1676188800,0.00010000
1676217600,0.00002270
1676246400,0.00002074
1676275200,0.00006323
1676304000,0.00010000
1676332800,0.00010000
1676361600,0.00010000
1676390400,0.00008887
1676419200,0.00002377
1676448000,0.00002630
1676476800,0.00009071
1676505600,0.00010000
1676534400,0.00010000
1676563200,0.00023171
1676592000,0.00010000
1676620800,0.00010000
1676649600,0.00010000
1676678400,0.00010000
1676707200,0.00010000
1676736000,0.00010000
1676764800,0.00010000
1676793600,0.00010000
1676822400,0.00010000
1676851200,0.00010000
1676880000,0.00010000
1676908800,0.00010000
1676937600,0.00010000
1676966400,0.00010000
1676995200,0.00010000
1677024000,0.00010000
1677052800,0.00010000
1677081600,0.00010000
1677110400,0.00010000
1677139200,0.00003506
1677168000,0.00003631
1677196800,0.00004978
1677225600,0.00004949
1677254400,0.00005440
1677283200,0.00001183
1677312000,0.00000610
1677340800,-0.00000048
1677369600,0.00007372
1677398400,0.00002760
1677427200,0.00006581
1677456000,0.00008144
1677484800,0.00001196
1677513600,0.00006826
1677542400,0.00003414
1677571200,0.00001985
1677600000,0.00005950
1677628800,0.00000185
1677657600,0.00010000
1677686400,0.00010000
1677715200,0.00008612
1677744000,0.00008703
1677772800,0.00008395
1677801600,0.00010000
1677830400,-0.00004203
1677859200,-0.00000226
1677888000,0.00000530
1677916800,0.00003812
1677945600,0.00002104
1677974400,0.00001874
1678003200,0.00000544
1678032000,0.00003706
1678060800,0.00004054
1678089600,0.00005460
1678118400,0.00005414
1678147200,0.00001173
1678176000,0.00004375
1678204800,0.00002631
1678233600,0.00002917
1678262400,0.00003816
1678291200,0.00010000
1678320000,0.00010000
1678348800,0.00010000
1678377600,0.00010000
1678406400,-0.00008895
1678435200,0.00000526
1678464000,-0.00001647
1678492800,0.00002364
1678521600,-0.00002296
1678550400,-0.00002341
1678579200,0.00000376
1678608000,0.00009088
1678636800,-0.00004068
1678665600,0.00010000
1678694400,0.00006011
1678723200,0.00010000
1678752000,0.00015042
1678780800,0.00010000
1678809600,0.00029811
1678838400,0.00010000
1678867200,0.00024127
1678896000,0.00022126
1678924800,0.00010000
1678953600,0.00010000
1678982400,0.00010000
1679011200,0.00003311
1679040000,0.00010000
1679068800,0.00010000
1679097600,0.00010000
1679126400,0.00010000
1679155200,0.00010000
1679184000,0.00010000
1679212800,0.00010000
1679241600,0.00010000
1679270400,0.00010000
1679299200,0.00009081
1679328000,0.00010000
1679356800,0.00008118
1679385600,0.00001254
1679414400,0.00000292
1679443200,0.00000268
1679472000,0.00000006
1679500800,0.00005334
1679529600,0.00000248
1679558400,-0.00001090
1679587200,0.00010000
1679616000,0.00010000
1679644800,0.00010000
1679673600,0.00010000
1679702400,-0.00000310
1679731200,0.00000425
1679760000,0.00000292
1679788800,0.00000061
1679817600,-0.00003326
1679846400,0.00003634
1679875200,0.00002905
1679904000,0.00002409
1679932800,-0.00000396
1679961600,-0.00001428
1679990400,0.00001123
1680019200,0.00007531
1680048000,0.00006075
1680076800,0.00007098
1680105600,0.00010000
1680134400,0.00006987
1680163200,0.00005638
1680192000,0.00001123
1680220800,-0.00002712
1680249600,0.00006358
1680278400,0.00010000
1680307200,0.00010000
1680336000,0.00010000
1680364800,0.00008840
1680393600,0.00004527
1680422400,0.00006893
1680451200,0.00004514
1680480000,0.00001759
1680508800,-0.00001240
1680537600,0.00005688
1680566400,-0.00006009
1680595200,-0.00001357
1680624000,-0.00001276
1680652800,0.00002760
1680681600,0.00008517
1680710400,0.00005265
1680739200,0.00001442
1680768000,0.00003598
1680796800,-0.00002975
1680825600,0.00001004
1680854400,-0.00001473
1680883200,0.00001055
1680912000,0.00000268
1680940800,0.00000466
1680969600,0.00003192
1680998400,0.00000950
1681027200,-0.00000904
1681056000,-0.00000853
1681084800,0.00010000
1681113600,0.00010000
1681142400,0.00006167
1681171200,0.00010000
1681200000,0.00010000
1681228800,0.00010000
1681257600,0.00009582
1681286400,0.00008195
1681315200,0.00001747
1681344000,0.00006665
1681372800,0.00004427
1681401600,0.00010000
1681430400,-0.00000113
1681459200,0.00010000
1681488000,0.00003420
1681516800,-0.00004975
1681545600,0.00008455
1681574400,0.00010000
1681603200,0.00007144
1681632000,0.00010000
1681660800,0.00010000
1681689600,0.00010000
1681718400,0.00007376
1681747200,0.00010000
1681776000,0.00004683
1681804800,-0.00000510
1681833600,0.00006772
1681862400,0.00010000
1681891200,0.00006231
1681920000,-0.00000081
1681948800,0.00008579
1681977600,0.00003668
1682006400,0.00005898
1682035200,0.00006297
1682064000,0.00010000
1682092800,0.00010000
1682121600,0.00010000
1682150400,0.00006858
1682179200,0.00002090
1682208000,0.00003768
1682236800,0.00001376
1682265600,0.00002369
1682294400,0.00004679
1682323200,0.00003694
1682352000,0.00002630
1682380800,0.00005066
1682409600,0.00006606
1682438400,0.00008541
1682467200,0.00004346
1682496000,0.00001686
1682524800,0.00010000
1682553600,0.00002518
1682582400,0.00005769
1682611200,0.00003265
1682640000,0.00010000
1682668800,0.00010000
1682697600,0.00004476
1682726400,0.00000037
1682755200,0.00006751
1682784000,0.00007826
1682812800,0.00003132
1682841600,0.00003501
1682870400,0.00006078
1682899200,0.00002435
1682928000,-0.00006370
1682956800,0.00000566
1682985600,0.00000968
1683014400,0.00006135
1683043200,0.00001204
1683072000,0.00008568
1683100800,0.00005435
1683129600,0.00005701
1683158400,0.00010000
1683187200,0.00009992
1683216000,0.00004314
1683244800,0.00003731
1683273600,0.00009909
1683302400,0.00008548
1683331200,0.00010000
1683360000,0.00010000
1683388800,0.00010000
1683417600,0.00004321
1683446400,0.00004047
1683475200,0.00006046
1683504000,0.00000720
1683532800,0.00000407
1683561600,0.00003902
1683590400,0.00005110
1683619200,0.00006841
1683648000,0.00000378
1683676800,0.00003752
1683705600,0.00004785
1683734400,0.00003792
1683763200,0.00001596
1683792000,0.00006926
1683820800,0.00005207
1683849600,0.00003633
1683878400,0.00003964
1683907200,0.00002762
1683936000,-0.00000010
1683964800,0.00005385
1683993600,0.00004494
1684022400,0.00001715
1684051200,0.00003039
1684080000,0.00003537
1684108800,0.00004407
1684137600,-0.00001576
1684166400,-0.00000190
1684195200,0.00008660
1684224000,0.00003165
1684252800,0.00005800
1684281600,0.00008392
1684310400,0.00007029
1684339200,0.00004461
1684368000,0.00010000
1684396800,0.00010000
1684425600,0.00008342
1684454400,0.00002716
1684483200,0.00004474
1684512000,0.00003815
1684540800,0.00005313
1684569600,0.00002455
1684598400,-0.00000849
1684627200,0.00004776
1684656000,0.00007262
1684684800,0.00005071
1684713600,0.00003019
1684742400,0.00000210
1684771200,0.00004770
1684800000,0.00010000
1684828800,0.00010000
1684857600,0.00010000
1684886400,0.00010000
1684915200,0.00002067
1684944000,0.00004362
1684972800,0.00005820
1685001600,0.00010000
1685030400,0.00010000
1685059200,0.00010000
1685088000,0.00009583
1685116800,0.00004953
1685145600,0.00007146
1685174400,0.00008564
1685203200,0.00007362
1685232000,0.00009880
1685260800,0.00010000
1685289600,0.00010000
1685318400,0.00010000
1685347200,0.00010000
1685376000,0.00010000
1685404800,0.00006187
1685433600,0.00009036
1685462400,0.00003861
1685491200,0.00002344
1685520000,0.00002864
1685548800,0.00009865
1685577600,0.00002096
1685606400,0.00009641
1685635200,0.00010000
1685664000,0.00004770
1685692800,0.00009266
1685721600,0.00009946
1685750400,0.00007420
1685779200,0.00010000
1685808000,0.00005566
1685836800,0.00004850
1685865600,0.00010000
1685894400,0.00010000
1685923200,0.00010000
1685952000,0.00009538
1685980800,0.00007856
1686009600,-0.00007157
1686038400,-0.00003047
1686067200,0.00004288
1686096000,0.00010000
1686124800,0.00010000
1686153600,0.00004005
1686182400,0.00005504
1686211200,0.00003090
1686240000,0.00004011
1686268800,0.00006588
1686297600,0.00007916
1686326400,0.00004404
1686355200,0.00008702
1686384000,0.00002417
1686412800,0.00003854
1686441600,0.00004450
1686470400,0.00003197
1686499200,0.00005925
1686528000,0.00008660
1686556800,0.00003065
1686585600,0.00003624
1686614400,0.00010000
1686643200,0.00006180
1686672000,0.00006503
1686700800,0.00002438
1686729600,0.00002716
1686758400,0.00003661
1686787200,-0.00003265
1686816000,0.00006193
1686844800,0.00006687
1686873600,0.00003971
1686902400,0.00000781
1686931200,0.00000236
1686960000,0.00009868
1686988800,0.00010000
1687017600,0.00007543
1687046400,0.00003706
1687075200,0.00008233
1687104000,0.00006705
1687132800,0.00007040
1687161600,0.00006397
1687190400,0.00003690
1687219200,0.00004350
1687248000,-0.00000448
1687276800,-0.00002597
1687305600,0.00006295
1687334400,0.00010000
1687363200,0.00002551
1687392000,0.00010000
1687420800,0.00010000
1687449600,0.00009236
1687478400,0.00010000
1687507200,0.00010000
1687536000,0.00010000
1687564800,0.00010000
1687593600,0.00010000
1687622400,0.00010000
1687651200,0.00010000
1687680000,0.00010000
1687708800,0.00010000
1687737600,0.00010000
1687766400,0.00010000
1687795200,0.00010000
1687824000,0.00010000
1687852800,0.00010000
1687881600,0.00010000
1687910400,0.00010000
1687939200,0.00009302
1687968000,0.00004598
1687996800,0.00006574
1688025600,0.00009300
1688054400,0.00010000
1688083200,0.00010000
1688112000,0.00010000
1688140800,0.00010000
1688169600,0.00010000
1688198400,0.00010000
1688227200,0.00010000
1688256000,0.00010000
1688284800,0.00010000
1688313600,0.00010000
1688342400,0.00010000
1688371200,0.00010000
1688400000,0.00010000
1688428800,0.00010000
1688457600,0.00010000
1688486400,0.00010000
1688515200,0.00010000
1688544000,0.00010000
1688572800,0.00010000
1688601600,0.00010000
1688630400,0.00007720
1688659200,0.00001492
1688688000,0.00000698
1688716800,0.00004221
1688745600,-0.00000658
1688774400,0.00003757
1688803200,0.00002631
1688832000,0.00001686
1688860800,0.00005707
1688889600,0.00006821
1688918400,0.00006153
1688947200,-0.00002182
1688976000,0.00004850
1689004800,0.00002995
1689033600,0.00008010
1689062400,0.00008265
1689091200,0.00003954
1689120000,0.00007041
1689148800,0.00006479
1689177600,0.00004650
1689206400,-0.00001135
1689235200,0.00006120
1689264000,0.00000529
1689292800,0.00010000
1689321600,0.00010000
1689350400,0.00010000
1689379200,-0.00007313
1689408000,0.00003007
1689436800,0.00002984
1689465600,0.00001993
1689494400,0.00007772
1689523200,0.00004583
1689552000,0.00002785
1689580800,0.00006278
1689609600,0.00006261
1689638400,0.00003983
1689667200,0.00006798
1689696000,0.00007477
1689724800,0.00010000
1689753600,0.00005224
1689782400,0.00007690
1689811200,0.00002652
1689840000,0.00009641
1689868800,0.00005563
1689897600,0.00002877
1689926400,0.00000777
1689955200,0.00003717
1689984000,0.00002195
1690012800,0.00000944
1690041600,0.00000177
1690070400,0.00002908
1690099200,0.00010000
1690128000,0.00009372
1690156800,0.00010000
1690185600,0.00004338
1690214400,0.00010000
1690243200,0.00007702
1690272000,0.00006913
1690300800,0.00009465
1690329600,0.00009451
1690358400,0.00010000
1690387200,0.00005768
1690416000,0.00003136
1690444800,0.00003830
1690473600,0.00002876
1690502400,0.00004373
1690531200,0.00006675
1690560000,0.00010000
1690588800,0.00010000
1690617600,0.00004567
1690646400,0.00007530
1690675200,0.00008151
1690704000,0.00005560
1690732800,0.00004357
1690761600,0.00002369
1690790400,0.00007362
1690819200,0.00008239
1690848000,0.00006300
1690876800,0.00006768
1690905600,0.00010000
1690934400,0.00010000
1690963200,0.00010000
1690992000,0.00010000
1691020800,0.00010000
1691049600,0.00010000
1691078400,0.00010000
1691107200,0.00008116
1691136000,0.00010000
1691164800,0.00010000
1691193600,0.00004181
1691222400,0.00010000
1691251200,0.00010000
1691280000,0.00010000
1691308800,0.00010000
1691337600,0.00010000
1691366400,0.00010000
1691395200,0.00007669
1691424000,0.00010000
1691452800,0.00010000
1691481600,0.00009136
1691510400,0.00005944
1691539200,0.00008110
1691568000,0.00009527
1691596800,0.00008877
1691625600,0.00010000
1691654400,0.00010000
1691683200,0.00008277
1691712000,0.00010000
1691740800,0.00010000
1691769600,0.00007123
1691798400,0.00010000
1691827200,0.00010000
1691856000,0.00009305
1691884800,0.00010000
1691913600,0.00004637
1691942400,0.00010000
1691971200,0.00010000
1692000000,0.00010000
1692028800,0.00010000
1692057600,0.00010000
1692086400,0.00010000
1692115200,0.00010000
1692144000,0.00010000
1692172800,0.00010000
1692201600,0.00010000
1692230400,0.00010000
1692259200,0.00010000
1692288000,0.00010000
1692316800,0.00010000
1692345600,-0.00000046
1692374400,0.00005166
1692403200,-0.00000274
1692432000,-0.00000322
1692460800,-0.00005286
1692489600,-0.00003069
1692518400,-0.00004364
1692547200,-0.00000193
1692576000,-0.00002797
1692604800,0.00000816
1692633600,-0.00001619
1692662400,-0.00000308
1692691200,-0.00001928
1692720000,0.00003048
1692748800,0.00000739
1692777600,-0.00001020
1692806400,0.00003247
1692835200,-0.00002822
1692864000,0.00002506
1692892800,0.00004900
1692921600,-0.00000659
1692950400,0.00002802
1692979200,0.00005218
1693008000,0.00003820
1693036800,0.00005334
1693065600,0.00002096
1693094400,0.00000099
1693123200,0.00003976
1693152000,0.00001232
1693180800,-0.00000395
1693209600,0.00004424
1693238400,0.00004524
1693267200,0.00000824
1693296000,0.00003769
1693324800,-0.00010934
1693353600,0.00004868
1693382400,0.00005731
1693411200,0.00003944
1693440000,0.00002909
1693468800,0.00006859
1693497600,0.00008105
1693526400,0.00002583
1693555200,0.00005968
1693584000,0.00006254
1693612800,0.00004998
1693641600,0.00001937
1693670400,-0.00002018
1693699200,0.00004839
1693728000,0.00000235
1693756800,0.00002890
1693785600,0.00002690
1693814400,0.00001469
1693843200,-0.00001059
1693872000,0.00000053
1693900800,0.00001975
1693929600,0.00003366
1693958400,0.00001737
1693987200,-0.00002763
1694016000,0.00002135
1694044800,0.00003830
1694073600,0.00003883
1694102400,0.00006924
1694131200,-0.00001525
1694160000,0.00000512
1694188800,-0.00001691
1694217600,-0.00005057
1694246400,-0.00000377
1694275200,0.00001423
1694304000,-0.00000073
1694332800,0.00003294
1694361600,0.00002609
1694390400,-0.00000300
1694419200,0.00001823
1694448000,0.00001838
1694476800,0.00002730
1694505600,0.00005425
1694534400,-0.00003502
1694563200,0.00002342
1694592000,0.00001260
1694620800,0.00003099
1694649600,0.00000461
1694678400,0.00003428
1694707200,-0.00004748
1694736000,-0.00002641
1694764800,-0.00000761
1694793600,0.00007561
1694822400,-0.00001381
1694851200,-0.00004320
1694880000,-0.00003161
1694908800,0.00000897
1694937600,0.00001142
1694966400,0.00000649
1694995200,-0.00000508
1695024000,0.00000579
1695052800,-0.00006774
1695081600,0.00002468
1695110400,-0.00001972
1695139200,-0.00001756
1695168000,-0.00002614
1695196800,-0.00003777
1695225600,-0.00000991
1695254400,-0.00000029
1695283200,0.00004303
1695312000,0.00007429
1695340800,-0.00000062
1695369600,0.00001034
1695398400,0.00002136
1695427200,0.00006676
1695456000,0.00001556
1695484800,0.00000209
1695513600,-0.00001392
1695542400,0.00004721
1695571200,0.00002887
1695600000,-0.00001260
1695628800,0.00008565
1695657600,0.00004792
1695686400,-0.00003910
1695715200,-0.00001215
1695744000,0.00005626
1695772800,0.00009944
1695801600,0.00003378
1695830400,0.00002074
1695859200,0.00000674
1695888000,-0.00001581
1695916800,-0.00004732
1695945600,-0.00003894
1695974400,-0.00002567
1696003200,0.00000476
1696032000,0.00000643
1696060800,0.00001864
1696089600,0.00001525
1696118400,0.00000295
1696147200,-0.00000619
1696176000,-0.00002263
1696204800,0.00005831
1696233600,0.00000728
1696262400,-0.00001477
1696291200,0.00004172
1696320000,0.00001667
1696348800,0.00002500
1696377600,0.00006031
1696406400,0.00006200
1696435200,-0.00002857
1696464000,-0.00003807
1696492800,-0.00004268
1696521600,-0.00002302
1696550400,-0.00001106
1696579200,0.00001436
1696608000,-0.00003149
1696636800,0.00002124
1696665600,0.00002849
1696694400,0.00002083
1696723200,0.00000314
1696752000,0.00000974
1696780800,0.00005163
1696809600,0.00003992
1696838400,0.00003515
1696867200,0.00007838
1696896000,0.00006349
1696924800,0.00001894
1696953600,0.00004548
1696982400,0.00005918
1697011200,0.00008330
1697040000,0.00006319
1697068800,0.00010000
1697097600,0.00002661
1697126400,0.00007304
1697155200,0.00002294
1697184000,0.00002039
1697212800,0.00002326
1697241600,0.00000105
1697270400,0.00002211
1697299200,0.00002456
1697328000,-0.00001509
1697356800,0.00004292
1697385600,0.00002224
1697414400,0.00000511
1697443200,0.00000028
1697472000,0.00009644
1697500800,0.00000204
1697529600,0.00001493
1697558400,-0.00002311
1697587200,-0.00003343
1697616000,-0.00001216
1697644800,0.00001644
1697673600,-0.00001028
1697702400,-0.00000624
1697731200,-0.00011006
1697760000,-0.00009272
1697788800,0.00001938
1697817600,0.00002687
1697846400,-0.00001585
1697875200,0.00004374
1697904000,0.00005827
1697932800,0.00002567
1697961600,0.00002579
1697990400,0.00003115
1698019200,0.00008250
1698048000,0.00009590
1698076800,0.00000648
1698105600,0.00010000
1698134400,0.00010000
1698163200,0.00010000
1698192000,0.00010000
1698220800,0.00010000
1698249600,0.00010000
1698278400,0.00010000
1698307200,0.00010000
1698336000,0.00010000
1698364800,0.00010000
1698393600,0.00010000
1698422400,0.00010000
1698451200,0.00010000
1698480000,0.00010000
1698508800,0.00010000
1698537600,0.00010000
1698566400,0.00010000
1698595200,0.00010000
1698624000,0.00010000
1698652800,0.00010000
1698681600,0.00010000
1698710400,0.00010000
1698739200,0.00010000
1698768000,0.00010000
1698796800,0.00010000
1698825600,0.00010000
1698854400,0.00010000
1698883200,0.00010000
1698912000,0.00010000
1698940800,0.00010000
1698969600,0.00010000
1698998400,0.00010000
1699027200,0.00010000
1699056000,0.00010000
1699084800,0.00010000
1699113600,0.00010000
1699142400,0.00010000
1699171200,0.00010000
1699200000,0.00010000
1699228800,0.00010000
1699257600,0.00010000
1699286400,0.00010000
1699315200,0.00010000
1699344000,0.00010000
1699372800,0.00010000
1699401600,0.00010000
1699430400,0.00010000
1699459200,0.00010000
1699488000,0.00010000
1699516800,0.00010000
1699545600,0.00020027
1699574400,0.00010000
1699603200,0.00011682
1699632000,0.00010000
1699660800,0.00010000
1699689600,0.00016607
1699718400,0.00014648
1699747200,0.00015430
1699776000,0.00023487
1699804800,0.00027221
1699833600,0.00032467
1699862400,0.00010893
1699891200,0.00020492
1699920000,0.00017382
1699948800,0.00016369
1699977600,0.00014477
1700006400,0.00010000
1700035200,0.00010000
1700064000,0.00010000
1700092800,0.00010000
1700121600,0.00015199
1700150400,0.00012014
1700179200,0.00010000
1700208000,0.00010000
1700236800,0.00010000
1700265600,0.00010000
1700294400,0.00010000
1700323200,0.00010000
1700352000,0.00010000
1700380800,0.00010000
1700409600,0.00010000
1700438400,0.00010000
1700467200,0.00010000
1700496000,0.00010000
1700524800,0.00010000
1700553600,0.00010000
1700582400,0.00010000
1700611200,0.00010000
1700640000,0.00010000
1700668800,0.00010000
1700697600,0.00010000
1700726400,0.00010000
1700755200,0.00010000
1700784000,0.00010000
1700812800,0.00010000
1700841600,0.00010000
1700870400,0.00010000
1700899200,0.00010000
1700928000,0.00010000
1700956800,0.00010000
1700985600,0.00010000
1701014400,0.00010000
1701043200,0.00010000
1701072000,0.00010000
1701100800,0.00010000
1701129600,0.00010000
1701158400,0.00010000
1701187200,0.00010000
1701216000,0.00010000
1701244800,0.00010000
1701273600,0.00010000
1701302400,0.00010000
1701331200,0.00010000
1701360000,0.00010000
1701388800,0.00010000
1701417600,0.00010000
1701446400,0.00010000
1701475200,0.00009950
1701504000,0.00006973
1701532800,0.00008541
1701561600,0.00010000
1701590400,0.00010000
1701619200,0.00010000
1701648000,0.00010000
1701676800,0.00010000
1701705600,0.00010000
1701734400,0.00010000
1701763200,0.00010000
1701792000,0.00010000
1701820800,0.00010000
1701849600,0.00010000
1701878400,0.00010000
1701907200,0.00010000
1701936000,0.00010000
1701964800,0.00010000
1701993600,0.00010000
1702022400,0.00023288
1702051200,0.00020242
1702080000,0.00011504
1702108800,0.00030159
1702137600,0.00017192
1702166400,0.00020724
1702195200,0.00020383
1702224000,0.00023923
1702252800,0.00014730
1702281600,0.00010000
1702310400,0.00010000
1702339200,0.00010000
1702368000,0.00010000
1702396800,0.00010000
1702425600,0.00011909
1702454400,0.00010162
1702483200,0.00012601
1702512000,0.00010000
1702540800,0.00010000
1702569600,0.00010000
1702598400,0.00010000
1702627200,0.00010000
1702656000,0.00010000
1702684800,0.00010000
1702713600,0.00010000
1702742400,0.00010000
1702771200,0.00010000
1702800000,0.00010000
1702828800,0.00010000
1702857600,0.00013355
1702886400,0.00010000
1702915200,0.00015611
1702944000,0.00010000
1702972800,0.00010000
1703001600,0.00010000
1703030400,0.00010506
1703059200,0.00010000
1703088000,0.00023637
1703116800,0.00027143
1703145600,0.00029216
1703174400,0.00028948
1703203200,0.00030806
1703232000,0.00029610
1703260800,0.00018011
1703289600,0.00016285
1703318400,0.00010000
1703347200,0.00015066
1703376000,0.00010000
1703404800,0.00020790
1703433600,0.00019729
1703462400,0.00010000
1703491200,0.00010000
1703520000,0.00037908
1703548800,0.00043391
1703577600,0.00023757
1703606400,0.00029559
1703635200,0.00027621
1703664000,0.00037942
1703692800,0.00032304
1703721600,0.00013021
1703750400,0.00037879
1703779200,0.00050152
1703808000,0.00055170
1703836800,0.00049912
1703865600,0.00047082
1703894400,0.00033033
1703923200,0.00043580
1703952000,0.00037842
1703980800,0.00027855
1704009600,0.00034573
1704038400,0.00033597
1704067200,0.00037409
1704096000,0.00027213
1704124800,0.00033601
1704153600,0.00065846
1704182400,0.00035179
1704211200,0.00053730
1704240000,0.00021159
1704268800,0.00017123
1704297600,0.00010000
1704326400,0.00010000
1704355200,0.00010000
1704384000,0.00010000
1704412800,0.00010000
1704441600,0.00010000
1704470400,0.00010000
1704499200,0.00010000
1704528000,0.00010000
1704556800,0.00010000
1704585600,0.00010000
1704614400,0.00010000
1704643200,0.00010000
1704672000,0.00010000
1704700800,0.00010000
1704729600,0.00010000
1704758400,0.00010000
1704787200,0.00010000
1704816000,0.00010000
1704844800,0.00010000
1704873600,0.00010000
1704902400,0.00010000
1704931200,0.00010000
1704960000,0.00010000
1704988800,0.00010000
1705017600,0.00010000
1705046400,0.00010000
1705075200,0.00010000
1705104000,0.00010000
1705132800,0.00010000
1705161600,0.00010000
1705190400,0.00010000
1705219200,0.00010000
1705248000,0.00010000
1705276800,0.00010000
1705305600,0.00010000
1705334400,0.00010000
1705363200,0.00010000
1705392000,0.00010000
1705420800,0.00010000
1705449600,0.00010000
1705478400,0.00010000
1705507200,0.00010000
1705536000,0.00010000
1705564800,0.00010000
1705593600,0.00010000
1705622400,0.00010000
1705651200,0.00010000
1705680000,0.00010000
1705708800,0.00010000
1705737600,0.00010000
1705766400,0.00010000
1705795200,0.00010000
1705824000,0.00010000
1705852800,0.00010000
1705881600,0.00010000
1705910400,0.00010000
1705939200,0.00010000
1705968000,0.00010000
1705996800,0.00010000
1706025600,0.00010000
1706054400,0.00010000
1706083200,0.00010000
1706112000,0.00010000
1706140800,0.00010000
1706169600,0.00010000
1706198400,0.00010000
1706227200,0.00010000
1706256000,0.00010000
1706284800,0.00010000
1706313600,0.00008966
1706342400,0.00010000
1706371200,0.00008300
1706400000,0.00010000
1706428800,0.00004725
1706457600,0.00010000
1706486400,0.00010000
1706515200,0.00009142
1706544000,0.00010000
1706572800,0.00010000
1706601600,0.00009492
1706630400,0.00005149
1706659200,0.00002154
1706688000,0.00010000
1706716800,0.00010000
1706745600,0.00010000
1706774400,0.00010000
1706803200,0.00010000
1706832000,0.00010000
1706860800,0.00010000
1706889600,0.00010000
1706918400,0.00007627
1706947200,0.00009042
1706976000,0.00008028
1707004800,0.00008307
1707033600,0.00008846
1707062400,0.00010000
1707091200,0.00010000
1707120000,0.00010000
1707148800,0.00010000
1707177600,0.00010000
1707206400,0.00006723
1707235200,0.00010000
1707264000,0.00007527
1707292800,0.00005373
1707321600,0.00008306
1707350400,0.00010000
1707379200,0.00006535
1707408000,0.00002590
1707436800,0.00003160
1707465600,0.00010000
1707494400,0.00009801
1707523200,0.00008041
1707552000,0.00010000
1707580800,0.00010000
1707609600,0.00010000
1707638400,0.00010000
1707667200,0.00010000
1707696000,0.00010000
1707724800,0.00010000
1707753600,0.00010000
1707782400,0.00010000
1707811200,0.00010000
1707840000,0.00010000
1707868800,0.00010000
1707897600,0.00010000
1707926400,0.00012283
1707955200,0.00010000
1707984000,0.00010000
1708012800,0.00010000
1708041600,0.00010000
1708070400,0.00010000
1708099200,0.00010000
1708128000,0.00010000
1708156800,0.00010000
1708185600,0.00016041
1708214400,0.00017240
1708243200,0.00015305
1708272000,0.00017095
1708300800,0.00023064
1708329600,0.00019594
1708358400,0.00013327
1708387200,0.00010461
1708416000,0.00010912
1708444800,0.00020259
1708473600,0.00010000
1708502400,0.00011242
1708531200,0.00010000
1708560000,0.00010000
1708588800,0.00013480
1708617600,0.00012557
1708646400,0.00010000
1708675200,0.00010000
1708704000,0.00012991
1708732800,0.00010000
1708761600,0.00010000
1708790400,0.00010000
1708819200,0.00011438
1708848000,0.00015012
1708876800,0.00015062
1708905600,0.00026761
1708934400,0.00021567
1708963200,0.00027227
1708992000,0.00032262
1709020800,0.00073521
1709049600,0.00022965
1709078400,0.00026729
1709107200,0.00023682
1709136000,0.00053538
1709164800,0.00069091
1709193600,0.00076337
1709222400,0.00057031
1709251200,0.00053322
1709280000,0.00064824
1709308800,0.00046010
1709337600,0.00033426
1709366400,0.00057174
1709395200,0.00056396
1709424000,0.00046267
1709452800,0.00042989
1709481600,0.00044598
1709510400,0.00055071
1709539200,0.00046833
1709568000,0.00063620
1709596800,0.00048960
1709625600,0.00082969
1709654400,0.00088148
1709683200,0.00036280
1709712000,0.00033876
1709740800,0.00049354
1709769600,0.00030311
1709798400,0.00040984
1709827200,0.00054217
1709856000,0.00034819
1709884800,0.00043497
1709913600,0.00062913
1709942400,0.00019134
1709971200,0.00031281
1710000000,0.00026407
1710028800,0.00031010
1710057600,0.00063451
1710086400,0.00054479
1710115200,0.00035489
1710144000,0.00078428
1710172800,0.00066396
1710201600,0.00044470
1710230400,0.00045300
1710259200,0.00047935
1710288000,0.00033224
1710316800,0.00064420
1710345600,0.00045402
1710374400,0.00024393
1710403200,0.00038753
1710432000,0.00038258
1710460800,0.00038515
1710489600,0.00014328
1710518400,0.00015306
1710547200,0.00010000
1710576000,0.00023202
1710604800,0.00020813
1710633600,0.00013089
1710662400,0.00017773
1710691200,0.00024827
1710720000,0.00020181
1710748800,0.00030597
1710777600,0.00027195
1710806400,0.00026923
1710835200,0.00029065
1710864000,0.00024018
1710892800,0.00015847
1710921600,0.00018388
1710950400,0.00010000
1710979200,0.00010403
1711008000,0.00019304
1711036800,0.00019510
1711065600,0.00016271
1711094400,0.00010000
1711123200,0.00011993
1711152000,0.00010000
1711180800,0.00010000
1711209600,0.00010806
1711238400,0.00010351
1711267200,0.00014616
1711296000,0.00015884
1711324800,0.00025549
1711353600,0.00016324
1711382400,0.00028815
1711411200,0.00021963
1711440000,0.00018348
1711468800,0.00026764
1711497600,0.00028757
1711526400,0.00029551
1711555200,0.00043631
1711584000,0.00024195
1711612800,0.00029899
1711641600,0.00029430
1711670400,0.00018250
1711699200,0.00025456
1711728000,0.00030170
1711756800,0.00019624
1711785600,0.00032267
1711814400,0.00034360
1711843200,0.00032351
1711872000,0.00039889
1711900800,0.00040301
1711929600,0.00070161
1711958400,0.00033491
1711987200,0.00027469
1712016000,0.00010926
1712044800,0.00010000
1712073600,0.00016456
1712102400,0.00010000
1712131200,0.00010000
1712160000,0.00010000
1712188800,0.00010000
1712217600,0.00010000
1712246400,0.00010000
1712275200,0.00010000
1712304000,0.00010000
1712332800,0.00010000
1712361600,0.00010000
1712390400,0.00010000
1712419200,0.00010000
1712448000,0.00010000
1712476800,0.00010000
1712505600,0.00010000
1712534400,0.00010000
1712563200,0.00010000
1712592000,0.00035189
1712620800,0.00020915
1712649600,0.00020603
1712678400,0.00019061
1712707200,0.00011929
1712736000,0.00012457
1712764800,0.00010000
1712793600,0.00013979
1712822400,0.00020153
1712851200,0.00019763
1712880000,0.00011258
1712908800,0.00025630
1712937600,0.00012214
1712966400,0.00010000
1712995200,0.00010000
1713024000,0.00010000
1713052800,0.00010000
1713081600,0.00010000
1713110400,0.00010000
1713139200,0.00010000
1713168000,0.00001759
1713196800,0.00010000
1713225600,0.00005953
1713254400,0.00009525
1713283200,0.00003513
1713312000,0.00006375
1713340800,0.00003574
1713369600,0.00006534
1713398400,0.00006937
1713427200,0.00005982
1713456000,-0.00003334
1713484800,-0.00003120
1713513600,0.00006641
1713542400,0.00005880
1713571200,0.00010000
1713600000,-0.00000766
1713628800,0.00004204
1713657600,0.00003186
1713686400,-0.00002093
1713715200,0.00008271
1713744000,0.00004409
1713772800,0.00002497
1713801600,0.00000898
1713830400,-0.00001236
1713859200,0.00005240
1713888000,-0.00001083
1713916800,0.00001413
1713945600,0.00005302
1713974400,0.00007047
1714003200,0.00007020
1714032000,0.00004069
1714060800,0.00001140
1714089600,0.00001709
1714118400,0.00000685
1714147200,0.00005562
1714176000,0.00010000
1714204800,0.00007470
1714233600,0.00002834
1714262400,0.00001006
1714291200,-0.00002081
1714320000,0.00002782
1714348800,0.00002472
1714377600,0.00005544
1714406400,0.00006828
1714435200,0.00009740
1714464000,0.00009154
1714492800,0.00010000
1714521600,0.00010000
1714550400,0.00008946
1714579200,0.00009902
1714608000,0.00006634
1714636800,0.00006169
1714665600,-0.00000123
1714694400,-0.00001549
1714723200,-0.00003764
1714752000,0.00008091
1714780800,0.00002703
1714809600,0.00007455
1714838400,0.00006265
1714867200,0.00006906
1714896000,0.00000647
1714924800,0.00003893
1714953600,0.00000602
1714982400,-0.00001031
1715011200,0.00007746
1715040000,0.00006064
1715068800,0.00001581
1715097600,0.00009028
1715126400,0.00004891
1715155200,0.00005553
1715184000,0.00009292
1715212800,0.00005648
1715241600,0.00003315
1715270400,0.00007253
1715299200,0.00001026
1715328000,0.00005934
1715356800,0.00007653
1715385600,0.00008881
1715414400,0.00003771
1715443200,0.00005067
1715472000,0.00002604
1715500800,0.00002830
1715529600,0.00010000
1715558400,0.00010000
1715587200,0.00008469
1715616000,0.00009151
1715644800,0.00009866
1715673600,0.00010000
1715702400,0.00004392
1715731200,0.00010000
1715760000,-0.00000385
1715788800,0.00002373
1715817600,0.00002103
1715846400,0.00005148
1715875200,0.00003543
1715904000,0.00004647
1715932800,0.00000815
1715961600,-0.00000298
1715990400,0.00000628
1716019200,0.00008012
1716048000,-0.00000792
1716076800,0.00003339
1716105600,0.00005210
1716134400,0.00004779
1716163200,0.00005607
1716192000,0.00002479
1716220800,0.00002552
1716249600,0.00010000
1716278400,0.00010517
1716307200,0.00010000
1716336000,0.00010000
1716364800,0.00015759
1716393600,0.00010000
1716422400,0.00010000
1716451200,0.00010000
1716480000,0.00010000
1716508800,0.00010000
1716537600,0.00010000
1716566400,0.00010000
1716595200,0.00010000
1716624000,0.00010000
1716652800,0.00010000
1716681600,0.00010000
1716710400,0.00010000
1716739200,0.00010000
1716768000,0.00010000
1716796800,0.00010000
1716825600,0.00010000
1716854400,0.00010000
1716883200,0.00010000
1716912000,0.00010000
1716940800,0.00010000
1716969600,0.00010000
1716998400,0.00012558
1717027200,0.00010000
1717056000,0.00010000
1717084800,0.00010000
1717113600,0.00014599
1717142400,0.00012268
1717171200,0.00010000
1717200000,0.00010000
1717228800,0.00010000
1717257600,0.00010250
1717286400,0.00010000
1717315200,0.00010000
1717344000,0.00010000
1717372800,0.00010000
1717401600,0.00014135
1717430400,0.00010000
1717459200,0.00012008
1717488000,0.00010000
1717516800,0.00010000
1717545600,0.00010000
1717574400,0.00016387
1717603200,0.00013226
1717632000,0.00010000
1717660800,0.00010438
1717689600,0.00011770
1717718400,0.00010000
1717747200,0.00010000
1717776000,0.00010166
1717804800,0.00010000
1717833600,0.00010000
1717862400,0.00010000
1717891200,0.00010000
1717920000,0.00010000
1717948800,0.00010000
1717977600,0.00010000
1718006400,0.00010000
1718035200,0.00010000
1718064000,0.00010000
1718092800,0.00010000
1718121600,0.00010000
1718150400,0.00010000
1718179200,0.00010000
1718208000,0.00010000
1718236800,0.00010000
1718265600,0.00010000
1718294400,0.00010000
1718323200,0.00010000
1718352000,0.00010000
1718380800,0.00010000
1718409600,0.00010000
1718438400,0.00010000
1718467200,0.00010000
1718496000,0.00010000
1718524800,0.00010000
1718553600,0.00010000
1718582400,0.00010000
1718611200,0.00010000
1718640000,0.00010000
1718668800,0.00010000
1718697600,0.00008236
1718726400,0.00010000
1718755200,0.00010000
1718784000,0.00004127
1718812800,0.00002967
1718841600,0.00003934
1718870400,0.00005953
1718899200,0.00006879
1718928000,0.00003344
1718956800,0.00007328
1718985600,0.00010000
1719014400,0.00010000
1719043200,0.00004146
1719072000,0.00010000
1719100800,0.00010000
1719129600,0.00002307
1719158400,0.00004676
1719187200,0.00009534
1719216000,0.00010000
1719244800,0.00007488
1719273600,0.00007447
1719302400,0.00005949
1719331200,0.00007752
1719360000,0.00010000
1719388800,0.00010000
1719417600,0.00010000
1719446400,0.00010000
1719475200,0.00010000
1719504000,0.00010000
1719532800,0.00010000
1719561600,0.00010000
1719590400,0.00010000
1719619200,0.00010000
1719648000,0.00010000
1719676800,0.00010000
1719705600,0.00010000
1719734400,0.00010000
1719763200,0.00010000
1719792000,0.00010000
1719820800,0.00010000
1719849600,0.00010000
1719878400,0.00010000
1719907200,0.00010000
1719936000,0.00010000
1719964800,0.00010000
1719993600,0.00010000
1720022400,0.00010000
1720051200,0.00010000
1720080000,0.00010000
1720108800,0.00010000
1720137600,0.00010000
1720166400,0.00010000
1720195200,0.00001762
1720224000,0.00005729
1720252800,0.00007512
1720281600,0.00003250
1720310400,0.00008164
1720339200,0.00010000
1720368000,0.00010000
1720396800,0.00007905
1720425600,0.00008222
1720454400,0.00010000
1720483200,0.00010000
1720512000,0.00000861
1720540800,0.00010000
1720569600,0.00010000
1720598400,0.00009225
1720627200,0.00005485
1720656000,0.00010000
1720684800,0.00010000
1720713600,0.00010000
1720742400,0.00006378
1720771200,0.00003026
1720800000,0.00004037
1720828800,0.00008319
1720857600,0.00006865
1720886400,0.00010000
1720915200,0.00008737
1720944000,0.00003710
1720972800,0.00008342
1721001600,0.00004590
1721030400,0.00003202
1721059200,-0.00000514
1721088000,-0.00005062
1721116800,0.00008814
1721145600,0.00002717
1721174400,-0.00003419
1721203200,0.00001775
1721232000,0.00002143
1721260800,0.00000689
1721289600,0.00001546
1721318400,0.00003127
1721347200,0.00004029
1721376000,0.00004855
1721404800,0.00004606
1721433600,-0.00003077
1721462400,0.00001944
1721491200,0.00001622
1721520000,-0.00005313
1721548800,0.00002194
1721577600,0.00000646
1721606400,0.00009136
1721635200,0.00005953
1721664000,0.00002769
1721692800,0.00004709
1721721600,0.00004310
1721750400,0.00004642
1721779200,0.00010000
1721808000,0.00010000
1721836800,0.00010000
1721865600,0.00010000
1721894400,0.00010000
1721923200,0.00010000
1721952000,0.00010000
1721980800,0.00010000
1722009600,0.00003340
1722038400,0.00006547
1722067200,0.00008022
1722096000,0.00009109
1722124800,0.00008180
1722153600,0.00009177
1722182400,0.00002804
1722211200,0.00008361
1722240000,0.00005623
1722268800,0.00010000
1722297600,0.00003396
1722326400,0.00003562
1722355200,0.00007691
1722384000,0.00003063
1722412800,0.00007178
1722441600,0.00003826
1722470400,0.00008208
1722499200,0.00010000
1722528000,0.00010000
1722556800,0.00010000
1722585600,0.00010000
1722614400,0.00010000
1722643200,0.00010000
1722672000,0.00009788
1722700800,0.00004247
1722729600,0.00010000
1722758400,0.00005343
1722787200,0.00010000
1722816000,0.00010000
1722844800,0.00004429
1722873600,0.00005967
1722902400,0.00003566
1722931200,-0.00002845
1722960000,0.00004485
1722988800,-0.00000730
1723017600,-0.00006859
1723046400,0.00003241
1723075200,0.00002637
1723104000,0.00003086
1723132800,0.00001147
1723161600,0.00004994
1723190400,0.00002184
1723219200,0.00004846
1723248000,-0.00003942
1723276800,-0.00001379
1723305600,-0.00001949
1723334400,0.00004049
1723363200,-0.00001839
1723392000,0.00001185
1723420800,0.00001113
1723449600,0.00008783
1723478400,-0.00002238
1723507200,0.00006140
1723536000,0.00000521
1723564800,-0.00003902
1723593600,0.00001152
1723622400,-0.00001330
1723651200,-0.00007811
1723680000,-0.00008488
1723708800,0.00006339
1723737600,-0.00006181
1723766400,-0.00011235
1723795200,-0.00007387
1723824000,-0.00000557
1723852800,0.00001912
1723881600,0.00004177
1723910400,-0.00000152
1723939200,0.00003966
1723968000,-0.00001323
1723996800,-0.00003149
1724025600,-0.00003616
1724054400,-0.00006750
1724083200,-0.00001957
1724112000,-0.00002656
1724140800,0.00001349
1724169600,0.00001419
1724198400,-0.00006756
1724227200,-0.00000591
1724256000,0.00000396
1724284800,-0.00002229
1724313600,0.00001338
1724342400,-0.00007261
1724371200,-0.00003329
1724400000,0.00002391
1724428800,-0.00004317
1724457600,-0.00000772
1724486400,-0.00000723
1724515200,0.00006395
1724544000,-0.00004806
1724572800,-0.00001531
1724601600,0.00003108
1724630400,0.00002439
1724659200,0.00003448
1724688000,0.00003789
1724716800,0.00002795
1724745600,0.00001751
1724774400,0.00007753
1724803200,-0.00006803
1724832000,0.00002433
1724860800,0.00001143
1724889600,-0.00000976
1724918400,-0.00001644
1724947200,0.00000559
1724976000,0.00000936
1725004800,0.00003578
1725033600,0.00002927
1725062400,-0.00001749
1725091200,0.00003578
1725120000,0.00003800
1725148800,0.00004113
1725177600,-0.00003432
1725206400,-0.00000382
1725235200,-0.00003386
1725264000,0.00000248
1725292800,-0.00000363
1725321600,0.00006245
1725350400,0.00005123
1725379200,0.00004598
1725408000,0.00002209
1725436800,0.00001050
1725465600,-0.00001470
1725494400,0.00009016
1725523200,0.00002025
1725552000,0.00002490
1725580800,0.00002280
1725609600,-0.00000001
1725638400,0.00001428
1725667200,-0.00000557
1725696000,-0.00007634
1725724800,-0.00007236
1725753600,0.00003745
1725782400,-0.00005999
1725811200,-0.00005245
1725840000,-0.00007585
1725868800,-0.00007108
1725897600,-0.00003875
1725926400,-0.00006028
1725955200,-0.00002930
1725984000,-0.00001126
1726012800,-0.00008953
1726041600,-0.00002247
1726070400,-0.00005212
1726099200,-0.00001951
1726128000,-0.00000546
1726156800,-0.00002950
1726185600,-0.00000069
1726214400,-0.00000869
1726243200,-0.00002443
1726272000,-0.00008699
1726300800,0.00000859
1726329600,0.00002326
1726358400,-0.00000491
1726387200,0.00000001
1726416000,0.00000402
1726444800,0.00002402
1726473600,0.00003564
1726502400,0.00006762
1726531200,0.00008529
1726560000,0.00001911
1726588800,0.00005327
1726617600,0.00001344
1726646400,0.00001678
1726675200,0.00004648
1726704000,0.00003512
1726732800,0.00002949
1726761600,0.00004072
1726790400,0.00008065
1726819200,-0.00000503
1726848000,0.00005543
1726876800,0.00004638
1726905600,0.00010000
1726934400,0.00008234
1726963200,0.00006285
1726992000,0.00009254
1727020800,0.00005537
1727049600,0.00006546
1727078400,0.00001364
1727107200,0.00005304
1727136000,0.00002324
1727164800,0.00002895
1727193600,-0.00000182
1727222400,0.00001223
1727251200,0.00001141
1727280000,0.00001336
1727308800,0.00001650
1727337600,0.00006246
1727366400,0.00010000
1727395200,0.00010000
1727424000,0.00006722
1727452800,0.00002275
1727481600,0.00005455
1727510400,0.00008300
1727539200,0.00001414
1727568000,0.00000725
1727596800,0.00003128
1727625600,0.00007253
1727654400,0.00003077
1727683200,0.00007939
1727712000,0.00010000
1727740800,0.00010000
1727769600,0.00010000
1727798400,0.00010000
1727827200,0.00006632
1727856000,0.00008409
1727884800,0.00008191
1727913600,0.00004381
1727942400,0.00003746
1727971200,0.00004990
1728000000,0.00007097
1728028800,0.00002119
1728057600,0.00000243
1728086400,-0.00001596
1728115200,0.00001088
1728144000,0.00000861
1728172800,0.00000572
1728201600,0.00003288
1728230400,0.00004180
1728259200,0.00004573
1728288000,-0.00000952
1728316800,0.00002177
1728345600,-0.00001678
1728374400,0.00007094
1728403200,0.00008100
1728432000,0.00010000
1728460800,0.00005138
1728489600,0.00007939
1728518400,0.00002090
1728547200,0.00001532
1728576000,0.00010000
1728604800,0.00002231
1728633600,-0.00001874
1728662400,0.00000120
1728691200,0.00004558
1728720000,0.00007664
1728748800,-0.00001489
1728777600,0.00000693
1728806400,0.00001638
1728835200,0.00003938
1728864000,0.00005429
1728892800,0.00010000
1728921600,0.00010000
1728950400,0.00010000
1728979200,0.00010000
1729008000,0.00010000
1729036800,0.00008325
1729065600,0.00008500
1729094400,0.00010000
1729123200,0.00010000
1729152000,0.00010000
1729180800,0.00010000
1729209600,0.00010000
1729238400,0.00010000
1729267200,0.00010000
1729296000,0.00010000
1729324800,0.00010000
1729353600,0.00010000
1729382400,0.00010000
1729411200,0.00010000
1729440000,0.00010000
1729468800,0.00010000
1729497600,0.00010000
1729526400,0.00010000
1729555200,0.00010000
1729584000,0.00010000
1729612800,0.00010000
1729641600,0.00010000
1729670400,0.00010000
1729699200,0.00010000
1729728000,0.00010000
1729756800,0.00010000
1729785600,0.00010000
1729814400,0.00010000
1729843200,0.00010000
1729872000,0.00010000
1729900800,0.00004755
1729929600,0.00007569
1729958400,0.00010000
1729987200,0.00010000
1730016000,0.00009724
1730044800,0.00010000
1730073600,0.00009425
1730102400,0.00010000
1730131200,0.00008946
1730160000,0.00010000
1730188800,0.00010000
1730217600,0.00010000
1730246400,0.00010000
1730275200,0.00010000
1730304000,0.00010000
1730332800,0.00010000
1730361600,0.00010000
1730390400,0.00010000
1730419200,0.00010000
1730448000,0.00010000
1730476800,0.00010000
1730505600,0.00010000
1730534400,0.00010000
1730563200,0.00010000
1730592000,0.00010000
1730620800,0.00010000
1730649600,0.00010000
1730678400,0.00010000
1730707200,0.00010000
1730736000,0.00010000
1730764800,0.00010000
1730793600,0.00010000
1730822400,0.00010000
1730851200,0.00010000
1730880000,0.00010000
1730908800,0.00010000
1730937600,0.00010000
1730966400,0.00010000
1730995200,0.00010000
1731024000,0.00010000
1731052800,0.00010000
1731081600,0.00010000
1731110400,0.00010000
1731139200,0.00010000
1731168000,0.00010000
1731196800,0.00010000
1731225600,0.00025603
1731254400,0.00014113
1731283200,0.00036878
1731312000,0.00010000
1731340800,0.00010000
1731369600,0.00049133
1731398400,0.00043737
1731427200,0.00038754
1731456000,0.00010000
1731484800,0.00013101
1731513600,0.00021856
1731542400,0.00010000
1731571200,0.00010000
1731600000,0.00010000
1731628800,0.00010000
1731657600,0.00010000
1731686400,0.00010977
1731715200,0.00010000
1731744000,0.00010000
1731772800,0.00013231
1731801600,0.00015765
1731830400,0.00010000
1731859200,0.00010577
1731888000,0.00010000
1731916800,0.00036450
1731945600,0.00021318
1731974400,0.00021606
1732003200,0.00030216
1732032000,0.00017959
1732060800,0.00010000
1732089600,0.00010000
1732118400,0.00010000
1732147200,0.00010000
1732176000,0.00010000
1732204800,0.00010000
1732233600,0.00010000
1732262400,0.00010000
1732291200,0.00010000
1732320000,0.00010000
1732348800,0.00010000
1732377600,0.00010000
1732406400,0.00010000
1732435200,0.00016148
1732464000,0.00023228
1732492800,0.00021035
1732521600,0.00010000
1732550400,0.00025233
1732579200,0.00021902
1732608000,0.00017936
1732636800,0.00029599
1732665600,0.00031205
1732694400,0.00016795
1732723200,0.00010000
1732752000,0.00010000
1732780800,0.00014326
1732809600,0.00011859
1732838400,0.00020619
1732867200,0.00011747
1732896000,0.00021921
1732924800,0.00010000
1732953600,0.00015909
1732982400,0.00012063
1733011200,0.00015901
1733040000,0.00019581
1733068800,0.00010000
1733097600,0.00025726
1733126400,0.00024556
1733155200,0.00013387
1733184000,0.00012779
1733212800,0.00024926
1733241600,0.00011952
1733270400,0.00026634
1733299200,0.00026254
1733328000,0.00023234
1733356800,0.00027625
1733385600,0.00072446
1733414400,0.00047059
1733443200,0.00010000
1733472000,0.00014634
1733500800,0.00010000
1733529600,0.00031972
1733558400,0.00012374
1733587200,0.00014090
1733616000,0.00016985
1733644800,0.00016572
1733673600,0.00017580
1733702400,0.00030413
1733731200,0.00021032
1733760000,0.00011115
1733788800,0.00010000
1733817600,0.00010000
1733846400,0.00010000
1733875200,0.00010000
1733904000,0.00010000
1733932800,0.00010000
1733961600,0.00010000
1733990400,0.00010000
1734019200,0.00010000
1734048000,0.00010000
1734076800,0.00010000
1734105600,0.00010000
1734134400,0.00006750
1734163200,0.00010000
1734192000,0.00010000
1734220800,0.00010000
1734249600,0.00008194
1734278400,0.00010000
1734307200,0.00010000
1734336000,0.00010000
1734364800,0.00009181
1734393600,0.00007866
1734422400,0.00010000
1734451200,0.00010000
1734480000,0.00010000
1734508800,0.00009159
1734537600,0.00010000
1734566400,0.00010000
1734595200,0.00010000
1734624000,0.00010000
1734652800,0.00010000
1734681600,0.00010000
1734710400,0.00010000
1734739200,0.00010000
1734768000,0.00001206
1734796800,0.00010000
1734825600,0.00010000
1734854400,0.00010000
1734883200,0.00009629
1734912000,0.00010000
1734940800,0.00010000
1734969600,0.00008981
1734998400,0.00010000
1735027200,0.00010000
1735056000,0.00010000
1735084800,0.00010000
1735113600,0.00010000
1735142400,0.00010000
1735171200,0.00009827
1735200000,0.00007453
1735228800,0.00008585
1735257600,0.00010000
1735286400,0.00010000
1735315200,0.00010000
1735344000,0.00010000
1735372800,0.00007639
1735401600,0.00005173
1735430400,0.00008013
1735459200,0.00010000
1735488000,0.00010000
1735516800,-0.00000042
1735545600,0.00008791
1735574400,0.00010000
1735603200,0.00010000
1735632000,0.00010000
1735660800,0.00010000
1735689600,0.00010000
1735718400,0.00010000
1735747200,0.00010000
1735776000,0.00010000
1735804800,0.00010000
1735833600,0.00010000
1735862400,0.00010000
1735891200,0.00010000
1735920000,0.00005242
1735948800,0.00007699
1735977600,0.00010000
1736006400,0.00000798
1736035200,0.00010000
1736064000,0.00010000
1736092800,0.00008320
1736121600,0.00010000
1736150400,0.00010000
1736179200,0.00010000
1736208000,0.00010000
1736236800,0.00008903
1736265600,0.00008279
1736294400,0.00010000
1736323200,0.00010000
1736352000,0.00010000
1736380800,0.00010000
1736409600,0.00009834
1736438400,-0.00000544
1736467200,0.00003966
1736496000,-0.00001060
1736524800,0.00008078
1736553600,0.00005680
1736582400,0.00004055
1736611200,0.00002608
1736640000,0.00005009
1736668800,0.00003210
1736697600,0.00006647
1736726400,0.00005266
1736755200,0.00006989
1736784000,0.00000881
1736812800,0.00010000
1736841600,0.00010000
1736870400,0.00009496
1736899200,0.00004989
1736928000,0.00008795
1736956800,0.00005844
1736985600,0.00000728
1737014400,0.00007568
1737043200,0.00004598
1737072000,0.00004597
1737100800,0.00009386
1737129600,0.00003432
1737158400,0.00006707
1737187200,0.00010000
1737216000,0.00010000
1737244800,0.00010000
1737273600,0.00010000
1737302400,0.00010000
1737331200,0.00010000
1737360000,0.00010000
1737388800,0.00010000
1737417600,0.00010000
1737446400,0.00010000
1737475200,0.00010000
1737504000,0.00010000
1737532800,0.00010000
1737561600,0.00010000
1737590400,0.00008654
1737619200,0.00010000
1737648000,0.00008616
1737676800,0.00000334
1737705600,0.00007537
1737734400,0.00009540
1737763200,0.00005702
1737792000,0.00008495
1737820800,0.00007782
1737849600,0.00008363
1737878400,0.00010000
1737907200,0.00008443
1737936000,0.00009084
1737964800,0.00003712
1737993600,0.00000098
1738022400,0.00010000
1738051200,0.00003714
1738080000,0.00009848
1738108800,0.00010000
1738137600,0.00010000
1738166400,0.00009949
1738195200,0.00007590
1738224000,0.00010000
1738252800,0.00009499
1738281600,0.00001225
1738310400,0.00010000
1738339200,0.00010000
1738368000,0.00008098
1738396800,0.00005369
1738425600,0.00005968
1738454400,0.00005824
1738483200,0.00003380
1738512000,-0.00000861
1738540800,0.00010000
1738569600,0.00010000
1738598400,0.00004845
1738627200,0.00002612
1738656000,0.00006800
1738684800,0.00004138
1738713600,-0.00000461
1738742400,0.00004774
1738771200,0.00001610
1738800000,0.00002186
1738828800,-0.00000238
1738857600,0.00005903
1738886400,0.00007983
1738915200,0.00006989
1738944000,0.00005167
1738972800,-0.00004100
1739001600,0.00001137
1739030400,0.00000324
1739059200,0.00003873
1739088000,0.00009600
1739116800,0.00002839
1739145600,0.00001802
1739174400,0.00009176
1739203200,0.00007457
1739232000,0.00004218
1739260800,0.00007090
1739289600,-0.00002446
1739318400,0.00001298
1739347200,0.00004899
1739376000,0.00004960
1739404800,0.00010000
1739433600,0.00004117
1739462400,0.00000805
1739491200,0.00004100
1739520000,0.00005510
1739548800,0.00007093
1739577600,0.00000055
1739606400,0.00003297
1739635200,0.00003735
1739664000,0.00003390
1739692800,0.00000182
1739721600,0.00003799
1739750400,0.00006239
1739779200,0.00006397
1739808000,0.00002009
1739836800,0.00009488
1739865600,0.00010000
1739894400,0.00010000
1739923200,0.00007007
1739952000,0.00007779
1739980800,0.00008960
1740009600,0.00002420
1740038400,0.00003269
1740067200,0.00007346
1740096000,0.00000123
1740124800,0.00002286
1740153600,-0.00000097
1740182400,0.00010000
1740211200,0.00006466
1740240000,0.00002318
1740268800,0.00004112
1740297600,0.00003140
1740326400,0.00001478
1740355200,-0.00002970
1740384000,0.00006881
1740412800,0.00002050
1740441600,0.00010000
1740470400,0.00005245
1740499200,0.00001385
1740528000,0.00003521
1740556800,0.00006005
1740585600,0.00010000
1740614400,0.00009305
1740643200,-0.00000617
1740672000,0.00009433
1740700800,0.00009444
1740729600,0.00009521
1740758400,-0.00000373
1740787200,-0.00000014
1740816000,-0.00006108
1740844800,-0.00000858
1740873600,-0.00001094
1740902400,-0.00002783
1740931200,-0.00002869
1740960000,-0.00005518
1740988800,0.00000791
1741017600,0.00005272
1741046400,-0.00001526
1741075200,-0.00000270
1741104000,0.00001306
1741132800,0.00004113
1741161600,0.00002722
1741190400,0.00005028
1741219200,0.00003538
1741248000,0.00006413
1741276800,0.00006818
1741305600,-0.00000612
1741334400,-0.00001539
1741363200,0.00002028
1741392000,0.00005328
1741420800,0.00000373
1741449600,0.00001208
1741478400,-0.00002779
1741507200,0.00003218
1741536000,0.00010000
1741564800,0.00003952
1741593600,0.00001344
1741622400,0.00004037
1741651200,0.00004705
1741680000,0.00003260
1741708800,0.00008746
1741737600,0.00000576
1741766400,0.00005815
1741795200,0.00004013
1741824000,0.00000430
1741852800,0.00002069
1741881600,0.00003190
1741910400,0.00005386
1741939200,0.00005331
1741968000,0.00000357
1741996800,-0.00006035
1742025600,-0.00002389
1742054400,-0.00000321
1742083200,0.00000432
1742112000,0.00004236
1742140800,0.00001247
1742169600,0.00001065
1742198400,0.00008474
1742227200,0.00000859
1742256000,0.00000703
1742284800,0.00002059
1742313600,0.00003514
1742342400,0.00000200
1742371200,0.00005961
1742400000,0.00005024
1742428800,0.00001944
1742457600,0.00003790
1742486400,0.00001086
1742515200,0.00001615
1742544000,0.00005324
1742572800,0.00002518
1742601600,0.00002836
1742630400,-0.00001770
1742659200,0.00005092
1742688000,0.00002099
1742716800,-0.00000184
1742745600,0.00004020
1742774400,0.00002039
1742803200,0.00005512
1742832000,-0.00003422
1742860800,-0.00000247
1742889600,0.00001150
1742918400,-0.00003776
1742947200,-0.00002990
1742976000,0.00001659
1743004800,-0.00003082
1743033600,0.00003136
1743062400,0.00005512
1743091200,-0.00003760
1743120000,0.00001584
1743148800,-0.00000457
1743177600,0.00008118
1743206400,0.00005364
1743235200,0.00008214
1743264000,0.00002530
1743292800,0.00000341
1743321600,0.00000427
1743350400,0.00004588
1743379200,0.00002643
1743408000,0.00006020
1743436800,0.00001845
1743465600,0.00003961
1743494400,0.00002889
1743523200,0.00003573
1743552000,-0.00002112
1743580800,0.00003036
1743609600,0.00000733
1743638400,0.00005862
1743667200,0.00005038
1743696000,0.00006484
1743724800,0.00004283
1743753600,0.00004736
1743782400,0.00008038
1743811200,0.00008559
1743840000,0.00007437
1743868800,0.00000408
1743897600,0.00000221
1743926400,0.00005363
1743955200,-0.00000603
1743984000,0.00004946
1744012800,0.00006857
1744041600,0.00004998
1744070400,0.00004074
1744099200,0.00003575
1744128000,0.00003134
1744156800,0.00009568
1744185600,-0.00002252
1744214400,0.00006856
1744243200,0.00007705
1744272000,0.00000114
1744300800,0.00006775
1744329600,0.00002065
1744358400,-0.00004294
1744387200,0.00003290
1744416000,0.00003654
1744444800,0.00005640
1744473600,0.00005388
1744502400,0.00005057
1744531200,0.00008429
1744560000,0.00009642
1744588800,0.00008113
1744617600,0.00007127
1744646400,0.00002428
1744675200,-0.00002073
1744704000,0.00006606
1744732800,0.00001883
1744761600,0.00002428
1744790400,0.00006917
1744819200,0.00001978
1744848000,0.00001404
1744876800,0.00005679
1744905600,0.00003425
1744934400,0.00001788
1744963200,0.00007071
1744992000,0.00002995
1745020800,0.00002930
1745049600,0.00006024
1745078400,-0.00001953
1745107200,-0.00000298
1745136000,-0.00001078
1745164800,-0.00002258
1745193600,0.00005232
1745222400,0.00005403
1745251200,0.00001553
1745280000,0.00007749
1745308800,-0.00000744
1745337600,-0.00007045
1745366400,-0.00001389
1745395200,0.00001374
1745424000,0.00004587
1745452800,-0.00002671
1745481600,0.00005210
1745510400,-0.00002165
1745539200,-0.00001764
1745568000,0.00000170
1745596800,0.00000120
1745625600,-0.00010085
1745654400,-0.00002774
1745683200,0.00002855
1745712000,-0.00001500
1745740800,-0.00000660
1745769600,-0.00000421
1745798400,0.00000373
1745827200,0.00000246
1745856000,-0.00005821
1745884800,-0.00000773
1745913600,0.00000413
1745942400,0.00001305
1745971200,-0.00005181
1746000000,0.00002939
1746028800,-0.00003797
1746057600,0.00003519
1746086400,0.00005755
1746115200,-0.00008028
1746144000,-0.00012232
1746172800,-0.00009382
1746201600,-0.00008689
1746230400,-0.00005953
1746259200,0.00003198
1746288000,-0.00001483
1746316800,0.00000370
1746345600,0.00003229
1746374400,0.00003745
1746403200,-0.00002404
1746432000,0.00003636
1746460800,-0.00002247
1746489600,0.00001978
1746518400,0.00004440
1746547200,0.00000757
1746576000,0.00001218
1746604800,-0.00000025
1746633600,0.00001320
1746662400,0.00002318
1746691200,0.00004608
1746720000,0.00005728
1746748800,0.00010000
1746777600,0.00010000
1746806400,0.00004378
1746835200,0.00009657
1746864000,0.00010000
1746892800,0.00004257
1746921600,0.00010000
1746950400,0.00004150
1746979200,0.00010000
1747008000,0.00004454
1747036800,0.00010000
1747065600,0.00002301
1747094400,0.00006847
1747123200,0.00010000
1747152000,0.00007256
1747180800,0.00009921
1747209600,0.00007542
1747238400,0.00003175
1747267200,0.00002978
1747296000,0.00005336
1747324800,0.00001439
1747353600,0.00004504
1747382400,0.00007535
1747411200,0.00004768
1747440000,0.00002821
1747468800,0.00003340
1747497600,0.00000597
1747526400,0.00006742
1747555200,0.00005903
1747584000,0.00010000
1747612800,0.00005990
1747641600,0.00006040
1747670400,0.00002110
1747699200,0.00008378
1747728000,0.00007107
1747756800,0.00001266
1747785600,0.00008767
1747814400,0.00007147
1747843200,0.00005119
1747872000,0.00010000
1747900800,0.00010000
1747929600,0.00010000
1747958400,0.00009321
1747987200,0.00007261
1748016000,0.00008614
1748044800,0.00003524
1748073600,0.00004590
1748102400,0.00007837
1748131200,0.00009794
1748160000,0.00005113
1748188800,0.00003651
1748217600,0.00007331
1748246400,0.00010000
1748275200,0.00009782
1748304000,0.00007650
1748332800,0.00007266
1748361600,0.00002476
1748390400,0.00003260
1748419200,0.00002164
1748448000,0.00005368
1748476800,0.00003186
1748505600,0.00002812
1748534400,0.00008379
1748563200,0.00002622
1748592000,0.00003849
1748620800,0.00007392
1748649600,0.00008506
1748678400,0.00007552
1748707200,0.00004687
1748736000,-0.00000582
1748764800,0.00002335
1748793600,0.00004117
1748822400,-0.00000642
1748851200,0.00005593
1748880000,0.00004467
1748908800,0.00005005
1748937600,0.00006066
1748966400,0.00004456
1748995200,-0.00000011
1749024000,0.00002611
1749052800,0.00000962
1749081600,0.00000074
1749110400,0.00002871
1749139200,0.00005156
1749168000,-0.00003491
1749196800,-0.00003030
1749225600,-0.00002995
1749254400,-0.00002890
1749283200,-0.00003158
1749312000,0.00000294
1749340800,0.00004808
1749369600,0.00005613
1749398400,-0.00003602
1749427200,-0.00002164
1749456000,0.00004024
1749484800,0.00003057
1749513600,0.00006374
1749542400,0.00010000
1749571200,0.00008165
1749600000,0.00008779
1749628800,0.00008390
1749657600,0.00005039
1749686400,0.00001856
1749715200,0.00007247
1749744000,0.00001198
1749772800,-0.00001801
1749801600,-0.00000270
1749830400,0.00003857
1749859200,0.00001958
1749888000,0.00003858
1749916800,0.00001135
1749945600,-0.00003641
1749974400,0.00001439
1750003200,0.00007369
1750032000,0.00000936
1750060800,0.00005070
1750089600,0.00002793
1750118400,0.00001847
1750147200,0.00005776
1750176000,0.00002211
1750204800,-0.00001752
1750233600,0.00003695
1750262400,0.00006692
1750291200,0.00000845
1750320000,0.00000616
1750348800,0.00002396
1750377600,0.00003565
1750406400,0.00007862
1750435200,0.00002400
1750464000,0.00003977
1750492800,0.00001933
1750521600,0.00007440
1750550400,0.00002883
1750579200,0.00010000
1750608000,0.00004145
1750636800,-0.00001061
1750665600,-0.00002809
1750694400,0.00004889
1750723200,0.00001245
1750752000,0.00001218
1750780800,0.00000447
1750809600,-0.00003174
1750838400,0.00002747
1750867200,0.00000962
1750896000,0.00000141
1750924800,0.00003805
1750953600,0.00000682
1750982400,0.00001113
1751011200,0.00002663
1751040000,0.00002557
1751068800,-0.00001161
1751097600,0.00006053
1751126400,0.00004434
1751155200,0.00001250
1751184000,0.00005360
1751212800,0.00010000
1751241600,0.00001084
1751270400,0.00002959
1751299200,0.00004923
1751328000,0.00001053
1751356800,0.00004334
1751385600,0.00001109
1751414400,0.00001807
1751443200,0.00003403
1751472000,0.00004130
1751500800,0.00004871
1751529600,0.00003562
1751558400,0.00005028
1751587200,0.00005230
1751616000,0.00005009
1751644800,0.00001797
1751673600,0.00001066
1751702400,0.00003055
1751731200,0.00004005
1751760000,0.00001941
1751788800,0.00001665
1751817600,0.00001028
1751846400,0.00002360
1751875200,0.00003438
1751904000,0.00004271
1751932800,0.00001073
1751961600,0.00004563
1751990400,0.00003601
1752019200,0.00003093
1752048000,0.00003396
1752076800,0.00004253
1752105600,0.00010000
1752134400,0.00008523
1752163200,0.00001908
1752192000,0.00010000
1752220800,0.00010000
1752249600,0.00010000
1752278400,0.00010000
1752307200,0.00010000
1752336000,0.00010000
1752364800,0.00010000
1752393600,0.00010000
1752422400,0.00010000
1752451200,0.00008051
1752480000,0.00010000
1752508800,0.00010000
1752537600,0.00010000
1752566400,0.00010000
1752595200,0.00010000
1752624000,0.00010000
1752652800,0.00010000
1752681600,0.00010000
1752710400,0.00010000
1752739200,0.00010000
1752768000,0.00010000
1752796800,0.00010000
1752825600,0.00010000
1752854400,0.00010000
1752883200,0.00010000
1752912000,0.00010000
1752940800,0.00010000
1752969600,0.00010000
1752998400,0.00010000
1753027200,0.00010000
1753056000,0.00010000
1753084800,0.00010000
1753113600,0.00010000
1753142400,0.00010000
1753171200,0.00010000
1753200000,0.00010000
1753228800,0.00010000
1753257600,0.00010000
1753286400,0.00010000
1753315200,0.00010000
1753344000,0.00010000
1753372800,0.00010000
1753401600,0.00010000
1753430400,0.00010000
1753459200,0.00010000
1753488000,0.00010000
1753516800,0.00010000
1753545600,0.00010000
1753574400,0.00010000
1753603200,0.00010000
1753632000,0.00010000
1753660800,0.00010000
1753689600,0.00010000
1753718400,0.00010000
1753747200,0.00010000
1753776000,0.00010000
1753804800,0.00010000
1753833600,0.00010000
1753862400,0.00010000
1753891200,0.00010000
1753920000,0.00005694
1753948800,0.00010000
1753977600,0.00010000
1754006400,-0.00001408
1754035200,0.00001549
1754064000,0.00005681
1754092800,0.00004810
1754121600,0.00000894
1754150400,0.00004437
1754179200,0.00005633
1754208000,0.00004533
1754236800,0.00007504
1754265600,0.00004188
1754294400,0.00005719
1754323200,0.00003912
1754352000,0.00007101
1754380800,0.00008589
1754409600,0.00004784
1754438400,0.00005172
1754467200,0.00009275
1754496000,0.00008288
1754524800,0.00004843
1754553600,0.00007574
1754582400,0.00006275
1754611200,0.00002403
1754640000,0.00001729
1754668800,0.00007973
1754697600,0.00008835
1754726400,0.00009087
1754755200,0.00005151
1754784000,0.00009849
1754812800,0.00010000
1754841600,0.00010000
1754870400,0.00010000
1754899200,0.00010000
1754928000,0.00010000
1754956800,0.00010000
1754985600,0.00007988
1755014400,0.00008543
1755043200,0.00007123
1755072000,0.00010000
1755100800,0.00010000
1755129600,0.00010000
1755158400,0.00010000
1755187200,0.00010000
1755216000,0.00001939
1755244800,0.00007990
1755273600,0.00003722
1755302400,0.00008850
1755331200,0.00008268
1755360000,0.00009023
1755388800,0.00008206
1755417600,0.00004680
1755446400,0.00001862
1755475200,0.00002846
1755504000,-0.00000682
1755532800,0.00005296
1755561600,0.00007137
1755590400,0.00006262
1755619200,0.00003167
1755648000,0.00004543
1755676800,0.00001364
1755705600,0.00004936
1755734400,0.00001143
1755763200,0.00007757
1755792000,0.00007414
1755820800,0.00007296
1755849600,0.00010000
1755878400,0.00005867
1755907200,0.00010000
1755936000,0.00010000
1755964800,0.00009711
1755993600,0.00010000
1756022400,0.00010000
1756051200,0.00010000
1756080000,0.00010000
1756108800,0.00010000
1756137600,0.00008344
1756166400,0.00004522
1756195200,0.00003900
1756224000,0.00010000
1756252800,0.00001802
1756281600,0.00005503
1756310400,0.00003496
1756339200,0.00005297
1756368000,0.00009693
1756396800,0.00007512
1756425600,0.00004261
1756454400,0.00005856
1756483200,0.00000644
1756512000,0.00007523
1756540800,0.00007979
1756569600,0.00008042
1756598400,-0.00001232
1756627200,0.00004749
1756656000,0.00010000
1756684800,0.00004660
1756713600,0.00010000
1756742400,0.00004963
1756771200,0.00006946
1756800000,0.00008805
1756828800,0.00006356
1756857600,0.00000767
1756886400,0.00005127
1756915200,0.00002344
1756944000,0.00001808
1756972800,0.00004385
1757001600,0.00007941
1757030400,0.00007532
1757059200,0.00010000
1757088000,0.00007872
1757116800,0.00001297
1757145600,0.00005660
1757174400,0.00005110
1757203200,0.00001970
1757232000,0.00003611
1757260800,0.00006969
1757289600,0.00009404
1757318400,0.00006682
1757347200,0.00007311
1757376000,0.00003799
1757404800,0.00010000
1757433600,0.00010000
1757462400,0.00005805
1757491200,0.00005026
1757520000,0.00010000
1757548800,0.00005843
1757577600,0.00004283
1757606400,0.00003326
1757635200,0.00006137
1757664000,0.00003768
1757692800,0.00006891
1757721600,-0.00001554
1757750400,0.00002251
1757779200,0.00003137
1757808000,0.00008182
1757836800,0.00004780
1757865600,0.00003115
1757894400,0.00006207
1757923200,0.00008259
1757952000,0.00008189
1757980800,0.00000997
1758009600,0.00006991
1758038400,0.00006472
1758067200,0.00006972
1758096000,0.00008441
1758124800,0.00006303
1758153600,0.00004941
1758182400,0.00008928
1758211200,0.00004208
1758240000,-0.00000231
1758268800,0.00002109
1758297600,0.00005264
1758326400,0.00003757
1758355200,-0.00000027
1758384000,-0.00001006
1758412800,-0.00005322
1758441600,0.00002563
1758470400,0.00003742
1758499200,0.00006665
1758528000,0.00001743
1758556800,0.00004838
1758585600,0.00007062
1758614400,0.00007083
1758643200,0.00007478
1758672000,0.00005794
1758700800,0.00006267
1758729600,0.00004886
1758758400,-0.00000220
1758787200,0.00001730
1758816000,0.00009560
1758844800,0.00003143
1758873600,0.00004360
1758902400,0.00007716
1758931200,-0.00000010
1758960000,0.00003425
1758988800,0.00007821
1759017600,0.00003314
1759046400,0.00004976
1759075200,0.00005261
1759104000,0.00002312
1759132800,0.00001304
1759161600,0.00000032
1759190400,0.00002353
1759219200,0.00005893
1759248000,0.00002584
1759276800,0.00003355
1759305600,0.00003457
1759334400,0.00010000
1759363200,0.00007784
1759392000,0.00010000
1759420800,0.00009543
1759449600,0.00009926
1759478400,0.00010000
1759507200,0.00010000
1759536000,0.00010000
1759564800,0.00010000
1759593600,0.00008312
1759622400,0.00008648
1759651200,0.00010000
1759680000,0.00009566
1759708800,0.00007672
1759737600,0.00009708
1759766400,0.00005831
1759795200,0.00010000
1759824000,0.00008608
1759852800,0.00006194
1759881600,0.00002542
1759910400,0.00010000
1759939200,0.00005396
1759968000,0.00001344
1759996800,0.00005350
1760025600,0.00001455
1760054400,0.00000785
1760083200,0.00003879
1760112000,0.00001013
1760140800,0.00010000
1760169600,0.00010000
1760198400,0.00000467
1760227200,-0.00003055
1760256000,0.00002865
1760284800,-0.00010915
1760313600,-0.00003942
1760342400,0.00002519
1760371200,-0.00002305
1760400000,-0.00004041
1760428800,0.00000712
1760457600,-0.00004498
1760486400,-0.00005425
1760515200,0.00003973
1760544000,0.00000225
1760572800,-0.00002741
1760601600,-0.00002230
1760630400,-0.00003004
1760659200,-0.00000285
1760688000,-0.00000634
1760716800,-0.00000291
1760745600,-0.00004819
1760774400,-0.00006376
1760803200,-0.00003681
1760832000,-0.00001411
1760860800,0.00001512
1760889600,0.00002787
1760918400,-0.00002197
1760947200,-0.00000665
1760976000,-0.00000018
1761004800,-0.00005567
1761033600,0.00002222
1761062400,-0.00002506
1761091200,-0.00004212
1761120000,0.00002445
1761148800,0.00005702
1761177600,0.00008911
1761206400,0.00002673
1761235200,0.00003933
1761264000,0.00003391
1761292800,0.00001783
1761321600,0.00003224
1761350400,0.00005020
1761379200,0.00001484
1761408000,0.00005570
1761436800,0.00001903
1761465600,0.00000535
1761494400,0.00006904
1761523200,0.00010000
1761552000,0.00010000
1761580800,0.00007304
1761609600,0.00006059
1761638400,0.00007806
1761667200,0.00002992
1761696000,-0.00000032
1761724800,0.00003588
1761753600,0.00005003
1761782400,0.00001097
1761811200,0.00003449
1761840000,0.00003562
1761868800,0.00000213
1761897600,0.00010000
1761926400,0.00010000
1761955200,0.00010000
1761984000,0.00010000
1762012800,0.00009782
1762041600,0.00008200
1762070400,0.00008150
1762099200,0.00005635
1762128000,0.00006098
1762156800,0.00006853
1762185600,0.00005329
1762214400,0.00010000
1762243200,0.00005808
1762272000,0.00006339
1762300800,0.00007132
1762329600,0.00002831
1762358400,0.00002816
1762387200,0.00003985
1762416000,0.00007916
1762444800,0.00004494
1762473600,0.00004705
1762502400,0.00004227
1762531200,0.00008631
1762560000,0.00007776
1762588800,0.00003047
1762617600,0.00003740
1762646400,-0.00001640
1762675200,0.00004187
1762704000,0.00008948
1762732800,0.00008870
1762761600,0.00007355
1762790400,0.00004979
1762819200,0.00002818
1762848000,-0.00002775
1762876800,0.00005823
1762905600,0.00002462
1762934400,0.00000687
1762963200,0.00005786
1762992000,0.00001077
1763020800,0.00009352
1763049600,0.00007448
1763078400,0.00008569
1763107200,0.00009126
1763136000,0.00009078
1763164800,0.00008507
1763193600,0.00010000
1763222400,0.00005923
1763251200,0.00007745
1763280000,0.00010000
1763308800,0.00007060
1763337600,0.00010000
1763366400,0.00009568
1763395200,0.00007208
1763424000,0.00010000
1763452800,0.00010000
1763481600,0.00003725
1763510400,0.00007496
1763539200,0.00005012
1763568000,0.00003980
1763596800,0.00004259
1763625600,0.00010000
1763654400,0.00008999
1763683200,0.00004272
1763712000,0.00004524
1763740800,0.00002642
1763769600,0.00001373
1763798400,0.00006735
1763827200,0.00005057
1763856000,0.00003812
1763884800,0.00000153
1763913600,-0.00000893
1763942400,-0.00000006
1763971200,-0.00000134
1764000000,0.00005044
1764028800,-0.00005290
1764057600,0.00001996
1764086400,-0.00003019
1764115200,0.00004038
1764144000,0.00005388
1764172800,-0.00000419
1764201600,-0.00002599
1764230400,0.00002408
1764259200,0.00004624
1764288000,0.00001771
1764316800,0.00006007
1764345600,-0.00001703
1764374400,-0.00001982
1764403200,0.00001778
1764432000,0.00002635
1764460800,0.00006082
1764489600,0.00003556
1764518400,0.00003880
1764547200,0.00003593
1764576000,0.00003153
1764604800,0.00001491
1764633600,-0.00001009
1764662400,0.00002643
1764691200,0.00003999
1764720000,-0.00001732
1764748800,0.00004206
1764777600,-0.00000885
1764806400,-0.00000395
1764835200,0.00007435
1764864000,0.00003928
1764892800,0.00004837
1764921600,0.00004944
1764950400,0.00000391
1764979200,0.00003693
1765008000,0.00001919
1765036800,-0.00001822
1765065600,0.00004192
1765094400,0.00001666
1765123200,0.00005212
1765152000,-0.00000539
1765180800,0.00006545
1765209600,0.00003395
1765238400,0.00000852
1765267200,0.00006379
1765296000,0.00005443
1765324800,0.00002777
1765353600,0.00001996
1765382400,0.00003205
1765411200,0.00002590
1765440000,-0.00001577
1765468800,0.00006100
1765497600,0.00006914
1765526400,0.00004698
1765555200,0.00003383
1765584000,0.00000121
1765612800,0.00006020
1765641600,0.00006041
1765670400,0.00010000
1765699200,0.00002898
1765728000,0.00003773
1765756800,0.00000190
1765785600,-0.00000893
1765814400,0.00003081
1765843200,0.00007467
1765872000,0.00001350
1765900800,0.00004089
1765929600,0.00006221
1765958400,0.00008987
1765987200,0.00005917
1766016000,0.00006230
1766044800,-0.00000867
1766073600,0.00008355
1766102400,0.00005491
1766131200,0.00010000
1766160000,0.00010000
1766188800,0.00010000
1766217600,0.00001234
1766246400,0.00007171
1766275200,0.00009682
1766304000,0.00008873
1766332800,0.00003977
1766361600,0.00004389
1766390400,0.00004524
1766419200,0.00006654
1766448000,0.00002633
1766476800,0.00005231
1766505600,0.00001795
1766534400,0.00010000
1766563200,0.00008455
1766592000,0.00005927
1766620800,0.00005953
1766649600,0.00007953
1766678400,0.00008322
1766707200,0.00004378
1766736000,0.00005427
1766764800,0.00010000
1766793600,0.00001809
1766822400,0.00002788
1766851200,0.00005850
1766880000,-0.00000036
1766908800,0.00007955
1766937600,0.00009464
1766966400,0.00010000
1766995200,0.00010000
1767024000,0.00004826
1767052800,0.00010000
1767081600,0.00004613
1767110400,0.00008345
1767139200,0.00002922
1767168000,0.00001453
1767196800,0.00003750
1767225600,0.00010000
1767254400,0.00010000
1767283200,0.00001711
1767312000,0.00005608
1767340800,0.00004219
1767369600,0.00004813
1767398400,0.00003110
1767427200,0.00001055
1767456000,0.00006938
1767484800,0.00009488
1767513600,0.00005813
1767542400,0.00004436
1767571200,0.00008893
1767600000,0.00005230
1767628800,0.00007723
1767657600,-0.00001376
1767686400,0.00002816
1767715200,0.00002691
1767744000,0.00006582
1767772800,0.00010000
1767801600,0.00002885
1767830400,0.00008693
1767859200,0.00010000
1767888000,0.00006436
1767916800,-0.00002813
1767945600,0.00007258
1767974400,0.00000218
1768003200,0.00005643
1768032000,0.00007657
1768060800,0.00006235
1768089600,0.00008744
1768118400,0.00004670
1768147200,0.00001667
1768176000,0.00001813
1768204800,0.00002902
1768233600,0.00004650
1768262400,0.00002245
1768291200,0.00009838
1768320000,0.00003445
1768348800,0.00000129
1768377600,0.00002497
1768406400,0.00004076
1768435200,-0.00000367
1768464000,0.00001749
1768492800,0.00001526
1768521600,0.00007340
1768550400,0.00007337
1768579200,0.00002495
1768608000,-0.00000178
1768636800,0.00003007
1768665600,0.00002976
1768694400,0.00003503
1768723200,0.00009616
1768752000,0.00006571
1768780800,0.00003473
1768809600,0.00001943
1768838400,0.00002494
1768867200,0.00009819
1768896000,0.00006626
1768924800,0.00005652
1768953600,0.00010000
1768982400,0.00006055
1769011200,0.00002410
1769040000,0.00006355
1769068800,0.00005110
1769097600,0.00009419
1769126400,0.00005090
1769155200,0.00003390
1769184000,0.00006968
1769212800,0.00001531
1769241600,0.00008909
1769270400,0.00003901
1769299200,0.00001336
1769328000,0.00008051
1769356800,0.00004917
1769385600,0.00004067
1769414400,0.00002847
1769443200,0.00005606
1769472000,0.00004267
1769500800,0.00006028
1769529600,0.00007503
1769558400,0.00006237
1769587200,0.00006174
1769616000,0.00003830
1769644800,0.00007210
1769673600,0.00005856
1769702400,0.00004023
1769731200,0.00004478
1769760000,0.00001714
1769788800,0.00000310
1769817600,0.00009693
1769846400,0.00003548
1769875200,0.00006585
1769904000,-0.00003267
1769932800,0.00003421
1769961600,0.00001722
1769990400,0.00000068
1770019200,-0.00003043
1770048000,-0.00005713
1770076800,-0.00002203
1770105600,0.00002245
1770134400,-0.00000465
1770163200,0.00000119
1770192000,0.00003551
1770220800,0.00004618
1770249600,0.00009173
1770278400,0.00000298
1770307200,-0.00004957
1770336000,-0.00001597
1770364800,-0.00013688
1770393600,-0.00013478
1770422400,-0.00015178
1770451200,-0.00008326
1770480000,-0.00002907
1770508800,-0.00003403
1770537600,-0.00003546
1770566400,-0.00004864
1770595200,-0.00003075
1770624000,0.00001846
1770652800,-0.00004284
1770681600,-0.00008798
1770710400,-0.00004829
1770739200,-0.00008816
1770768000,0.00001400
1770796800,-0.00008417
1770825600,-0.00001169
1770854400,-0.00001381
1770883200,0.00003499
1770912000,-0.00001728
1770940800,0.00005834
1770969600,0.00000716
1770998400,-0.00001274
1771027200,0.00001291
1771056000,0.00003174
1771084800,-0.00003094
1771113600,-0.00001068
1771142400,0.00004664
1771171200,-0.00002371
1771200000,0.00002659
1771228800,-0.00003277
1771257600,-0.00004112
1771286400,0.00005883
1771315200,0.00002672
1771344000,0.00005077
1771372800,0.00003215
1771401600,-0.00000141
1771430400,0.00003604
1771459200,-0.00004014
1771488000,0.00002686
1771516800,-0.00003052
1771545600,0.00005365
1771574400,0.00001302
1771603200,-0.00000671
1771632000,0.00004456
1771660800,0.00002485
1771689600,0.00003235
1771718400,0.00000730
1771747200,0.00000042
1771776000,0.00004972
1771804800,0.00006946
1771833600,-0.00009317
1771862400,0.00002251
1771891200,0.00005706
1771920000,-0.00001193
1771948800,-0.00000182
1771977600,0.00002375
1772006400,0.00000033
1772035200,-0.00000968
1772064000,-0.00001998
1772092800,-0.00001128
1772121600,0.00004007
1772150400,-0.00000991
1772179200,-0.00008123
1772208000,-0.00000656
1772236800,0.00004041
1772265600,-0.00003727
1772294400,-0.00004305
1772323200,-0.00000688
1772352000,0.00004563
1772380800,0.00002948
1772409600,-0.00000299
1772438400,-0.00001956
1772467200,-0.00001083
1772496000,-0.00000186
1772524800,0.00001437
1772553600,0.00001481
1772582400,-0.00005390
1772611200,0.00002520
1772640000,0.00004683
1772668800,0.00003567
1772697600,0.00004965
1772726400,0.00000174
1772755200,0.00001689
1772784000,-0.00003061
1772812800,-0.00002176
1772841600,0.00000619
1772870400,0.00003525
1772899200,-0.00004217
1772928000,-0.00004496
1772956800,-0.00001115
1772985600,-0.00002868
1773014400,-0.00005770
1773043200,-0.00004579
1773072000,-0.00003431
1773100800,-0.00002394
1773129600,0.00001230
1773158400,0.00001738
1773187200,-0.00011052
1773216000,-0.00005252
1773244800,-0.00005824
1773273600,-0.00007802
1773302400,-0.00005392
1773331200,-0.00007381
1773360000,-0.00002789
1773388800,0.00004263
1773417600,-0.00000638
1773446400,-0.00000379
1773475200,-0.00003988
1773504000,-0.00004851
1773532800,-0.00001883
1773561600,-0.00006461
1773590400,0.00002659
1773619200,0.00002513
1773648000,0.00007139
1773676800,0.00002015
1773705600,0.00000241
1773734400,-0.00002505
1773763200,-0.00001260
1773792000,-0.00006569
1773820800,-0.00004813
1773849600,0.00002418
1773878400,-0.00000974
1773907200,-0.00003012
1773936000,0.00001205
1773964800,0.00000625
1773993600,0.00000753
1774022400,-0.00000223
1774051200,-0.00001493
1774080000,-0.00000738
1774108800,0.00001093
1774137600,0.00000806
1774166400,-0.00004425
1774195200,-0.00006837
1774224000,-0.00002079
1774252800,-0.00002863
1774281600,0.00000160
1774310400,0.00004229
1774339200,0.00003675
1774368000,0.00003056
1774396800,0.00002310
1774425600,0.00001074
1774454400,0.00004721
1774483200,0.00002448
1774512000,0.00001379
1774540800,-0.00002103
1774569600,0.00002925
1774598400,-0.00006298
1774627200,-0.00005841
1774656000,-0.00008088
1774684800,-0.00007604
1774713600,-0.00000173
1774742400,-0.00003680
1774771200,-0.00000012
1774800000,0.00002677
1774828800,0.00000300
1774857600,0.00000492
1774886400,0.00000758
1774915200,0.00000116
1774944000,-0.00001921
1774972800,-0.00002763
1775001600,-0.00003449
1775030400,-0.00000461
1775059200,0.00000577
1775088000,0.00003521
1775116800,0.00000845
1775145600,-0.00007398
1775174400,-0.00000831
1775203200,-0.00000599
1775232000,0.00000351
1775260800,0.00003761
1775289600,0.00004115
1775318400,0.00001651
1775347200,0.00002407
1775376000,0.00003812
1775404800,0.00001889
1775433600,0.00007073
1775462400,0.00005544
1775491200,0.00000423
1775520000,-0.00000315
1775548800,0.00003703
1775577600,0.00007393
1775606400,0.00006020
1775635200,0.00001563
1775664000,0.00004048
1775692800,-0.00000147
1775721600,0.00005239
1775750400,-0.00001986
1775779200,0.00000411
1775808000,0.00002458
1775836800,-0.00002187
1775865600,-0.00007225
1775894400,-0.00006083
1775923200,-0.00006755
1775952000,-0.00008108
1775980800,-0.00003690
1776009600,-0.00000335
1776038400,-0.00000234
1776067200,-0.00000183
1776096000,-0.00005409
1776124800,-0.00005854
1776153600,0.00002732
1776182400,-0.00005234
1776211200,-0.00009313
1776240000,-0.00005085
1776268800,-0.00007151
1776297600,-0.00003418
1776326400,-0.00002841
1776355200,-0.00002225
1776384000,0.00003297
1776412800,0.00002781
1776441600,-0.00010789
1776470400,-0.00008098
1776499200,-0.00007082
1776528000,-0.00004586
1776556800,-0.00008395
1776585600,-0.00007219
1776614400,-0.00012276
1776643200,-0.00004615
1776672000,-0.00004778
1776700800,-0.00002745
1776729600,-0.00007937
1776758400,-0.00005824
1776787200,-0.00004242
1776816000,-0.00002237
1776844800,0.00003560
1776873600,-0.00000749
1776902400,-0.00007870
1776931200,-0.00003553
1776960000,-0.00006696
1776988800,-0.00003829
1777017600,-0.00007865
1777046400,-0.00003152
1777075200,-0.00001077
1777104000,-0.00006235
1777132800,-0.00005699
1777161600,0.00000241
1777190400,0.00000153
1777219200,0.00000195
1777248000,0.00000249
1777276800,-0.00008659
1777305600,-0.00005678
1777334400,-0.00003951
1777363200,-0.00003204
1777392000,0.00005242
1777420800,0.00001305
1777449600,-0.00002840
1777478400,0.00003571
1777507200,-0.00004220
1777536000,-0.00001837
1777564800,-0.00002904
1777593600,-0.00003746
1777622400,-0.00001810
1777651200,-0.00003143
1777680000,-0.00000822
1777708800,-0.00005103
1777737600,-0.00002540
1777766400,0.00002290
1777795200,-0.00001398
1777824000,0.00000703
1777852800,0.00004304
1777881600,-0.00000158
1777910400,-0.00003160
1777939200,-0.00000383
1777968000,-0.00004626
1777996800,-0.00008240
1778025600,-0.00009153
1778054400,-0.00006150
1778083200,-0.00003756
1778112000,-0.00005856
1778140800,-0.00004568
1778169600,-0.00003014
1778198400,-0.00007406
1778227200,0.00002415
1778256000,-0.00001542
1778284800,0.00001841
1778313600,-0.00003792
1778342400,0.00003645
1778371200,0.00000090
1778400000,0.00004626
1778428800,0.00005764
1778457600,0.00005798
1778486400,0.00002592
1778515200,0.00004555
1778544000,-0.00000115
1778572800,0.00003877
1778601600,0.00005822
1778630400,0.00005367
1778659200,0.00005437
1778688000,0.00001749
1778716800,0.00003928
1778745600,0.00002928
1778774400,0.00004094
1778803200,-0.00004239
1778832000,-0.00001893
1778860800,0.00001548
1778889600,0.00003938
1778918400,-0.00000210
1778947200,0.00004955
1778976000,0.00004037
1779004800,0.00001176
1779033600,0.00000048
1779062400,-0.00001131
1779091200,0.00005778
1779120000,0.00007178
1779148800,0.00005164
1779177600,0.00004809
1779206400,0.00005563
1779235200,0.00003254
1779264000,0.00007983
1779292800,0.00006858
1779321600,0.00001925
1779350400,0.00004003
1779379200,0.00006130
1779408000,0.00003564
1779436800,-0.00000820
1779465600,0.00002891
1779494400,0.00001783
1779523200,0.00001025
1779552000,0.00007441
1779580800,0.00009044
1779609600,0.00006290
1779638400,0.00006265
1779667200,0.00006549
1779696000,0.00003527
1779724800,0.00001426
1779753600,0.00008058
1779782400,0.00003852
1779811200,0.00005776
1779840000,0.00010000
1779868800,0.00008948
1779897600,0.00009914
1779926400,0.00010000
1779955200,0.00005011
1779984000,0.00010000
1780012800,0.00010000
1780041600,0.00005391
1780070400,0.00006702
1780099200,0.00003464
1780128000,0.00004732
1780156800,0.00006214
1780185600,0.00004432
1780214400,0.00005663
1780243200,0.00005988
1780272000,0.00005703
1780300800,0.00004438
1780329600,0.00010000
1780358400,0.00010000
1780387200,0.00005990
1780416000,0.00008345
1780444800,0.00007165
1780473600,0.00005229
1780502400,0.00010000
1780531200,0.00002705
1780560000,0.00001519
1780588800,-0.00001077
1780617600,0.00001315
1780646400,-0.00001431
1780675200,-0.00000863
1780704000,-0.00001234
1780732800,0.00002675
1780761600,-0.00000511
1780790400,-0.00002828
1780819200,0.00000407
1780848000,0.00002742
1780876800,0.00003533
1780905600,0.00003454
1780934400,0.00000122
1780963200,-0.00001565
1780992000,0.00003041
1781020800,0.00000606
1781049600,0.00000365
1781078400,-0.00003385
1781107200,0.00002542
1781136000,-0.00000811
1781164800,0.00002525
1781193600,0.00002736
1781222400,-0.00001303
1781251200,0.00002446
1781280000,0.00000840
1781308800,0.00005357
1781337600,0.00000060
1781366400,0.00000938
1781395200,-0.00004510
1781424000,-0.00004657
1781452800,-0.00003265
1781481600,0.00002808
1781510400,0.00000621
1781539200,-0.00006079
1781568000,-0.00000428
1781596800,-0.00001110
1781625600,0.00000246
1781654400,0.00001957
1781683200,-0.00006685
1781712000,-0.00002582
1781740800,0.00002636
1781769600,0.00001896
1781798400,0.00000872
1781827200,0.00006039
1781856000,0.00001984
1781884800,0.00002823
1781913600,0.00005814
1781942400,0.00002633
1781971200,0.00003985
1782000000,0.00000778
1782028800,0.00003034
1782057600,0.00004189
1782086400,0.00006572
1782115200,0.00001514
1782144000,0.00004813
1782172800,0.00004041
1782201600,0.00001655
1782230400,-0.00001889
1782259200,0.00002154
1782288000,0.00002134
1782316800,0.00000027
1782345600,-0.00001423
1782374400,-0.00001803
1782403200,0.00001580
1782432000,0.00005298
1782460800,0.00005904
1782489600,0.00007308
1782518400,0.00005255
1782547200,0.00004284
1782576000,0.00003742
1782604800,0.00004258
1782633600,0.00001355
1782662400,0.00004430
1782691200,0.00003112
1782720000,0.00007444
1782748800,0.00008658
1782777600,0.00006175
1782806400,0.00008349
1782835200,0.00003327
1782864000,0.00005532
1782892800,0.00001853
1782921600,0.00007073
1782950400,0.00008001
1782979200,0.00005238
1783008000,0.00005261
1783036800,0.00010000
1783065600,0.00010000
1783094400,0.00003740
1783123200,0.00010000
1783152000,0.00010000
1783180800,0.00009480
1783209600,0.00009533
1783238400,0.00008873
1783267200,0.00008608
1783296000,0.00007700
1783324800,0.00006120
1783353600,0.00010000
1783382400,0.00010000
1783411200,0.00005792
1783440000,0.00006825
1783468800,0.00004846
1783497600,0.00000724
1783526400,0.00007171
1783555200,0.00006160
1783584000,0.00006615
1783612800,0.00004912
1783641600,0.00009058
1783670400,0.00007247
1783699200,0.00009508
1783728000,0.00010000
1783756800,0.00000942
1783785600,0.00004156
1783814400,0.00004651
1783843200,0.00006315
1783872000,0.00007578
1783900800,0.00001521
1783929600,0.00004856
1783958400,0.00010000
1783987200,0.00008256
1784016000,0.00003489
1784044800,0.00005590
1784073600,0.00010000
1784102400,0.00010000
1784131200,0.00004457
1784160000,0.00002426
1784188800,0.00007584
1784217600,0.00006102
1784246400,0.00007639
1784275200,0.00001520
1784304000,0.00006045
1784332800,0.00003074
1784361600,0.00006955
1784390400,0.00003326
1784419200,0.00000406
1784448000,0.00006905
1784476800,0.00005235
1784505600,0.00004890
1784534400,0.00005278
1784563200,0.00006518
1784592000,0.00005400
1784620800,0.00008926
1784649600,0.00001894
1784678400,0.00003928
1784707200,0.00005448
1784736000,0.00001443
1784764800,-0.00000343
1784793600,0.00000271
1784822400,0.00008458
1784851200,0.00007598
1784880000,0.00005149
1784908800,0.00005879
1784937600,0.00006074
1784966400,0.00005425
1784995200,0.00000729
1785024000,0.00003878
1785052800,0.00005884
1785081600,0.00005819
1785110400,0.00006147
1785139200,0.00006452
1785168000,0.00005040
1785196800,0.00004208
1785225600,0.00000125
1785254400,0.00006689
1785283200,0.00010000
1785312000,0.00010000
1785340800,0.00003665
1785369600,0.00008462
1785398400,0.00007278
1785427200,0.00009029
1785456000,0.00010000
1785484800,0.00009405
1785513600,0.00005664
1785542400,0.00004123
1785571200,0.00003163
1785600000,0.00003545
1785628800,0.00004530
1785657600,0.00008943
1785686400,0.00007707
1785715200,0.00010000
1785744000,0.00006364
1785772800,0.00002474
1785801600,0.00003081
1785830400,0.00006248
1785859200,0.00007684
1785888000,0.00001674
1785916800,0.00001015
1785945600,0.00002676
1785974400,0.00006595
1786003200,0.00002632
1786032000,0.00005939
1786060800,0.00000799
1786089600,0.00004574
1786118400,0.00006308
1786147200,0.00005557
1786176000,0.00005417
1786204800,0.00005801
1786233600,0.00004423
1786262400,0.00006667
1786291200,0.00007054
1786320000,0.00007497
1786348800,0.00007908
1786377600,0.00005057
1786406400,0.00002301
1786435200,0.00001962
1786464000,0.00008282
1786492800,0.00010000
1786521600,0.00008568
1786550400,0.00006601
1786579200,0.00006576
1786608000,0.00007218
1786636800,0.00007841
1786665600,0.00008545
1786694400,0.00005999
1786723200,0.00000629
1786752000,0.00006801
1786780800,0.00006523
1786809600,0.00005311
1786838400,0.00000966
1786867200,0.00001839
1786896000,0.00005000
1786924800,0.00003818
1786953600,0.00007131
1786982400,0.00009202
1787011200,0.00005164
1787040000,0.00005020
1787068800,0.00003650
1787097600,0.00001617
1787126400,0.00003815
1787155200,0.00010000
1787184000,0.00009655
1787212800,0.00010000
1787241600,0.00009422
1787270400,0.00004964
1787299200,0.00005814
1787328000,0.00010000
1787356800,0.00010000
1787385600,0.00010000
1787414400,0.00010000
1787443200,0.00010000
1787472000,0.00010000
1787500800,0.00010000
1787529600,0.00010000
1787558400,0.00010000
1787587200,0.00010000
1787616000,0.00005818
1787644800,0.00010000
1787673600,0.00010000
1787702400,0.00007734
1787731200,0.00005927
1787760000,0.00007091
1787788800,0.00004595
1787817600,0.00010000
1787846400,0.00006331
1787875200,0.00006578
1787904000,0.00010000
1787932800,0.00005913
1787961600,0.00010000
1787990400,0.00010000
1788019200,0.00010000
