timestamp,open,high,low,close,volume
1704067200,36740.16299620339,36804.819538224016,36713.50169349235,36779.68522684446,63006120.75618573
1704067500,36751.250325794594,36785.35897701855,36732.28882842954,36757.58848001474,31473059.945881996
1704067800,36769.60352942337,36795.019639391016,36742.3359427296,36755.204951593136,35254166.82872807
1704068100,36742.65013771472,36769.482155760415,36710.93388671235,36731.231793488274,48233572.30214422
1704068400,36748.43428870109,36777.41704214321,36717.99043909345,36758.526592633294,26416687.535391897
1704068700,36748.06506519081,36785.71037388676,36713.81385809831,36721.4603540917,9876627.563495427
1704069000,36736.520909601095,36786.074718662014,36709.85853818138,36748.56937087125,27137137.862164117
1704069300,36740.60546123876,36770.54631151737,36716.72022647754,36728.477978342446,16478050.890668452
1704069600,36757.28335211621,36792.1117330661,36702.21325764588,36758.11267807731,32270691.00717776
1704069900,36748.46351773871,36796.21209728743,36725.7719944911,36758.852193937295,14557486.668248013
1704070200,36763.83115879272,36812.69222298484,36744.151208217176,36763.1954211818,11646552.641736127
1704070500,36763.89480649091,36796.22474828483,36728.75773762262,36747.49301719919,36741462.64547581
1704070800,36745.99750613684,36783.63994268722,36713.85749655427,36742.52526243279,20027501.490539927
1704071100,36742.970356172096,36784.568884197884,36710.12364658338,36751.74334401231,28189393.56826943
1704071400,36750.167754661896,36779.21533645027,36705.90675389292,36746.55790682279,16658588.791356763
1704071700,36730.051956397925,36765.09929121619,36695.147148231525,36728.97829546104,35643148.97589078
1704072000,36724.804757505226,36759.53098901323,36696.18631537464,36741.52940440842,29767555.454287976
1704072300,36749.59456207051,36780.62585687936,36695.63372799081,36741.11055211072,17334633.521734945
1704072600,36736.32009554295,36757.36624817389,36712.498140485564,36737.01770534811,21408467.5154401
1704072900,36748.52628861143,36771.79540241587,36721.27284613229,36730.21012626969,49853402.486512735
1704073200,36747.28121788059,36768.95661433891,36696.059266348486,36720.9857611601,18379886.561496027
1704073500,36725.558696026914,36752.160345214885,36694.38551519081,36737.05554629215,29319255.891378667
1704073800,36731.84615961109,36763.30781045221,36687.17837567919,36742.86962757738,18597955.33937311
1704074100,36715.15997578187,36749.94306552283,36701.97907236443,36733.68867494334,33675505.640598536
1704074400,36725.63408318424,36765.83359260145,36694.682595515,36718.47576459983,15179603.110606285
1704074700,36742.19487252598,36769.59357634454,36694.87450847626,36748.77538030272,35464831.29938723
1704075000,36752.00368672094,36788.7890056755,36712.47396337256,36758.38362126991,7882380.7226862535
1704075300,36763.227834924,36784.77029935306,36702.19967660174,36732.010135682525,22796995.04673148
1704075600,36726.9345460297,36746.46598276574,36690.32651765205,36744.45595556034,23914599.347186603
1704075900,36725.91744594765,36758.751959839465,36691.56183537534,36717.962907026136,17854631.519835107
1704076200,36739.99548019447,36779.859544522464,36714.48767447513,36745.048623424016,41601620.30942883
1704076500,36744.8592031366,36782.5193983435,36731.38833670837,36782.5193983435,23246008.308422662
1704076800,36766.47751113909,36809.92789808871,36735.88094255352,36770.614598649154,13633836.469423242
1704077100,36771.73833767828,36828.23517620654,36746.508035783576,36784.04848831572,27713247.67708897
1704077400,36789.89270796038,36817.74019373908,36759.12173111514,36805.42776611241,23832297.07497169
1704077700,36789.22548920852,36817.293747575815,36758.777920879365,36788.98128279945,28092411.12014798
1704078000,36795.22085570166,36813.90967556583,36754.63906182025,36804.6443730631,51294984.5239282
1704078300,36793.4346606898,36833.65254711871,36777.61124616927,36788.61091565541,54813876.3456119
1704078600,36788.94340955833,36821.53859147098,36737.77817258098,36789.5158676473,30275287.53722668
1704078900,36770.49736875237,36804.82496658082,36742.025976282,36776.44253994917,47311621.38981349
1704079200,36797.272248567846,36813.46228182202,36737.54320341987,36770.68859782312,19931013.308872905
1704079500,36757.12966284336,36782.07208459991,36720.64329427918,36773.61188792514,10378526.58300278
1704079800,36760.50175395647,36780.83598693106,36713.50174554664,36731.32425328585,26579889.09926304
1704080100,36743.377828541525,36785.04134139652,36710.3470867058,36743.42823271608,17264083.764477115
1704080400,36736.57521370157,36773.0087301844,36715.29826965628,36741.229902547166,38596919.365548186
1704080700,36738.68519306948,36798.6704615916,36721.86233739749,36774.34677316397,30143062.403227426
1704081000,36763.511163026815,36780.98072721136,36717.51136977783,36754.90938844188,34583871.78719552
1704081300,36747.899405234806,36789.20256250019,36719.67942566225,36771.91865992857,15394249.085291311
1704081600,36771.499973148464,36800.14324095822,36743.20690294443,36747.97512273999,32826623.92910617
1704081900,36754.54992036751,36796.28331713427,36719.73418982161,36722.28764059224,15004034.802381558
1704082200,36745.093582664784,36768.401907644,36707.058232373776,36760.5725076126,17445871.0825641
1704082500,36742.20527799448,36792.55216749397,36734.15612589727,36768.40676192073,19896628.243122987
1704082800,36780.3528599491,36795.73974402752,36724.83019161129,36749.44919970671,47434555.95633759
1704083100,36746.49066758416,36790.71166118184,36710.73444612152,36779.53605490356,45854327.11049816
1704083400,36771.10087868744,36789.15483647568,36731.02387030084,36774.8764575874,39285125.45671572
1704083700,36757.49559998919,36787.78510732161,36729.47583186154,36751.88586957176,36196288.412038416
1704084000,36759.97302171915,36773.97980017588,36720.66103814058,36759.31351165427,22843435.67065216
1704084300,36750.51581157481,36772.59689150406,36713.05996516746,36755.437721890456,13339744.582456935
1704084600,36770.53878088029,36787.51692157762,36737.79914873545,36758.16405853546,11415823.037960507
1704084900,36768.490282276936,36809.10939473906,36744.70173163015,36762.69128835019,20110485.71814481
1704085200,36783.24691124266,36812.8663493106,36752.485715274655,36770.94324943886,21685450.987926655
1704085500,36768.53901304962,36812.31273444743,36751.40928626235,36812.31273444743,21739860.129405074
1704085800,36792.245412256365,36833.45760756517,36783.189594314645,36806.60566367226,16190994.270198721
1704086100,36808.22583612028,36854.24868216071,36790.2472117556,36818.590645347664,35118870.092241734
1704086400,36810.04533946281,36828.90370971402,36762.75424142837,36798.41307264058,14107383.888335824
1704086700,36787.96275122188,36806.69034931145,36733.9317610198,36774.73342248859,22981264.558118828
1704087000,36774.97516222367,36819.64595277004,36754.63416780274,36761.849575849,33494224.305270493
1704087300,36763.25709781921,36797.522316281305,36737.00823989621,36756.42962082615,72214637.79317753
1704087600,36754.43815502945,36780.16006592479,36702.1298597341,36736.97463547132,27625394.091903478
1704087900,36751.34349899569,36775.66417037803,36718.57610353247,36725.06530304952,11476670.40760318
1704088200,36722.053943336745,36766.40410033404,36710.84373711979,36757.366967763846,17323174.490066037
1704088500,36737.025287866985,36779.22992344626,36723.843366101,36762.199420456185,27765206.266089857
1704088800,36759.36983414522,36830.14763272356,36752.87613814695,36790.92723982137,14009495.884194165
1704089100,36782.09942147596,36820.26518056699,36753.94961094026,36786.461329425554,20226376.96945624
1704089400,36776.45984011821,36812.399235680336,36735.41097214652,36761.22644549865,27584649.097414233
1704089700,36786.9528532218,36822.57270783751,36762.59020113849,36799.14897674045,39740815.76433338
1704090000,36773.23601255121,36801.341826403725,36748.17436080746,36766.43803356026,54858736.42985904
1704090300,36783.76822511961,36818.06175238112,36746.48826641354,36767.97940034397,27548956.44550448
1704090600,36776.04720820546,36832.35747072393,36744.04563596176,36795.25439532385,27569449.40395476
1704090900,36802.95023193658,36839.3519747545,36779.514654817765,36801.70559588668,31220126.46981839
1704091200,36807.535093621824,36835.3343326219,36773.35753663207,36793.538029917,29129732.58741617
1704091500,36800.34245652064,36819.259928115935,36748.54926381873,36788.65058743784,21838810.69593198
1704091800,36761.8835398405,36795.31846182989,36753.55031359496,36774.99579592827,22069181.001150403
1704092100,36779.168767345895,36816.92694408044,36769.85959315016,36779.13994004375,34135685.5884477
1704092400,36782.10573620364,36786.30868063536,36735.90499111194,36763.3474875948,19002890.435009815
1704092700,36769.42407661573,36792.34907208375,36739.932801695184,36778.71970488794,35061591.553084664
1704093000,36779.82956084736,36829.22198662919,36734.89849998025,36765.9307020937,7500600.290295396
1704093300,36770.08644415284,36803.506050755495,36740.055409337925,36773.309523536765,19211934.72820625
1704093600,36754.60331827719,36787.1786912112,36720.70563182645,36751.61748522978,13658309.805644028
1704093900,36741.976958391424,36765.30598449732,36713.13839772166,36741.97021386988,35508786.97196929
1704094200,36736.35521262734,36762.701372494506,36700.4165325193,36737.46510679268,29456747.25196042
1704094500,36724.61940113304,36760.67861521099,36694.47499639423,36716.569069475954,10469939.976169879
1704094800,36717.581979089744,36730.9849875254,36668.79536383111,36706.4859799816,24282310.19213238
1704095100,36699.532614053045,36741.29764822106,36689.50060629843,36720.19980684482,13720650.509546284
1704095400,36713.54110684338,36776.13550524855,36689.06147718986,36732.48613447931,52704008.302127354
1704095700,36746.13393943229,36817.63678039734,36721.88724030186,36781.30536569951,19703901.445697065
1704096000,36757.31780169914,36788.887245652026,36715.10994938602,36744.31066052055,50002733.70018608
1704096300,36735.7963409364,36764.1427101122,36713.502532175335,36744.40834576076,23039268.123730663
1704096600,36736.64324467488,36770.627577340834,36719.61245589108,36737.92905538729,30420861.262236282
1704096900,36760.97707575363,36786.9662640785,36739.15729756823,36754.06461061311,22140032.90722675
1704097200,36759.27071618291,36780.71181046584,36732.108673445495,36771.15855527156,32687710.14085615
1704097500,36758.19163815735,36792.52509290119,36723.64140987973,36749.48852947516,62278052.47716757
1704097800,36760.1948180472,36811.27204745575,36711.57149086196,36741.46901686825,44011829.78684501
1704098100,36735.78349045621,36770.86995029223,36714.61797904318,36741.043371630665,30271663.414447643
1704098400,36761.71961324155,36795.61501810491,36729.65497331074,36747.03871069662,16978360.476277918
1704098700,36747.3718805402,36794.114496179136,36723.744664517806,36743.21682293552,15761661.743597487
1704099000,36777.09965180352,36798.25684143471,36748.24288117074,36751.74182670873,16301719.424814671
1704099300,36785.856205363496,36814.80592022022,36757.4163839386,36803.803599619074,22940423.03765888
1704099600,36796.38500852139,36815.90845969617,36761.29378730652,36808.545575691984,30595971.466500543
1704099900,36773.72220371723,36836.219660886745,36771.18908557953,36787.91760680155,21339582.190672733
1704100200,36796.36677387728,36813.47201669668,36754.70044759604,36754.70044759604,36541001.54081641
1704100500,36777.24843118183,36807.26818140465,36735.36557882588,36765.68177208004,15871659.345193818
1704100800,36768.48887634429,36815.48672596908,36733.89765642406,36783.33849170824,44390187.5575981
1704101100,36810.16177632217,36845.67726914124,36770.37191444048,36811.40482754449,24658297.751750123
1704101400,36805.74103561386,36864.71533456057,36787.05196739917,36816.550566760416,17094827.273757838
1704101700,36813.42986862549,36856.88588453475,36781.09105959988,36807.65902233112,20982530.33305539
1704102000,36793.3846295366,36818.5350331015,36784.06659755892,36816.2697615756,27354181.762352552
1704102300,36802.21264745466,36825.23117761102,36757.89087864207,36793.4643652005,36374706.0886316
1704102600,36787.786811229926,36818.056838398814,36742.52489635368,36768.04518862172,27524503.106185626
1704102900,36768.87516149983,36781.97612530818,36716.47866304953,36735.930736400005,46880488.54310486
1704103200,36758.56538951162,36787.8041335256,36699.75578150095,36740.13179080431,17710473.701272793
1704103500,36755.44387086101,36775.0191939912,36742.44913642214,36767.8780158018,60235340.987111576
1704103800,36759.21090724207,36783.75719666164,36721.5756386625,36729.46395261148,23170577.46706761
1704104100,36729.48468691835,36768.34508984196,36705.40616109001,36722.84417791184,25179484.955467794
1704104400,36728.346014720206,36761.35485517394,36711.92531712442,36748.08724376417,26526610.785711154
1704104700,36735.089623138,36754.92520742524,36702.8826324964,36719.9571318139,15523740.973325253
1704105000,36713.52041624635,36743.925746984,36696.75208041143,36721.26523760791,9963928.175531682
1704105300,36720.77481522038,36768.41120272093,36697.17065001752,36747.016948529286,10847103.640519988
1704105600,36738.5598138193,36774.83802682123,36705.65859235895,36742.38031688712,10912846.164131748
1704105900,36758.12645445922,36797.84028721802,36720.06947808312,36746.198354357904,32871753.201729804
1704106200,36744.48926423959,36804.70667919741,36744.35031193049,36804.70667919741,28710669.926357053
1704106500,36783.41339836471,36833.54383326667,36762.71762341758,36790.36165699263,19484460.83534856
1704106800,36788.61190966199,36805.370271552594,36753.687390898885,36791.76369890141,13941848.757362448
1704107100,36792.00094898304,36834.7615937918,36774.58033367178,36823.1010552617,50073764.586683504
1704107400,36811.40173617735,36849.67089355522,36750.02467571312,36780.33190429017,37097325.68297553
1704107700,36785.39154231086,36821.13068031528,36771.06615566468,36804.91986255364,44278192.51569856
1704108000,36796.64173275908,36821.32201327595,36781.75124338822,36781.75124338822,34783193.45445727
1704108300,36804.08072813467,36828.06165747189,36735.86825825776,36796.48846314975,34515327.589255325
1704108600,36783.24616074634,36811.41429380717,36753.29947904367,36776.7704387033,25889601.654206116
1704108900,36768.86869016725,36797.695978146665,36741.94216628112,36762.03196951588,10689171.873592136
1704109200,36772.59236085627,36792.40882228242,36740.318223189024,36741.22123969335,24260349.38784297
1704109500,36753.90263189339,36777.79326633429,36736.30418729336,36763.24002608896,30189326.454952043
1704109800,36766.33991232158,36789.54499983479,36722.16481805281,36758.20173458311,10541756.507918188
1704110100,36774.36051132801,36793.826010877885,36737.53815578208,36756.66221206124,21083538.396156337
1704110400,36775.89820772188,36790.90420592032,36725.76996527025,36790.90420592032,12669270.7682556
1704110700,36773.53930175124,36838.51486385366,36742.46128903431,36743.022865791245,24137866.797280557
1704111000,36770.76851061676,36805.86492997833,36746.18992211264,36769.79290728436,29027428.180551365
1704111300,36768.97105305448,36780.295903656464,36732.7712126071,36772.583623150414,10679513.458988471
1704111600,36767.99288182173,36818.56281536776,36751.97553798951,36790.54510029945,15860787.289689844
1704111900,36806.78997498727,36831.54745074179,36770.63441377853,36798.73063511429,30441143.03430272
1704112200,36796.55779453686,36822.26129902185,36759.19419315436,36777.31415232691,13678021.487275992
1704112500,36789.56375100601,36818.15605256581,36752.96869429345,36769.77012842003,53983637.01103878
1704112800,36771.55464215743,36804.12907147354,36750.520721633766,36792.24750428634,24253507.91096792
1704113100,36776.3769798616,36815.94721047328,36740.69934729415,36772.57401698585,18581738.780890767
1704113400,36773.91528579227,36804.36111553979,36765.49332378712,36793.56598739863,11470604.021864336
1704113700,36794.68210026856,36839.219002470025,36764.391945334326,36789.94180078221,54110926.39573745
1704114000,36783.97024066142,36804.26767944186,36750.74665166111,36784.72331610992,20584777.35427728
1704114300,36786.92920454444,36833.94729992269,36769.88066703687,36794.07275415898,18667843.868090153
1704114600,36796.8156109247,36831.15255743671,36759.78215818568,36791.25053756183,17464493.12063754
1704114900,36794.468266125565,36825.54882636036,36750.66183781409,36785.04847504116,22414102.774121765
1704115200,36795.71681463368,36822.89940442522,36775.57053076031,36788.98451302001,24176067.158342127
1704115500,36793.97438127096,36827.17924819041,36771.61389636268,36781.27610314448,24282393.933305547
1704115800,36800.70188431138,36837.90453555656,36776.64407519732,36805.25055601914,16109145.90403836
1704116100,36801.02751465271,36864.13304046657,36776.26530452712,36808.045883372426,10518066.661563972
1704116400,36799.64938115429,36816.28788356436,36755.28685427296,36770.2575125109,14721752.289726274
1704116700,36784.90746581984,36823.47349374082,36777.67423472739,36798.70518789112,20550678.871883743
1704117000,36803.65790441744,36840.99552231158,36776.17987462632,36822.21681192042,20741046.912982173
1704117300,36806.870110248325,36830.37389944155,36769.99866135309,36769.99866135309,15108465.453052036
1704117600,36787.03555698784,36836.4033526764,36768.79412671159,36823.81099608677,15239789.866198875
1704117900,36830.94761574167,36833.7571839895,36788.07017711036,36823.34925891347,36696379.906218305
1704118200,36832.39161020771,36849.35340684751,36810.07771939653,36837.36760113098,40522019.95689653
1704118500,36834.51649128645,36885.29928552709,36799.07121374507,36810.866315365325,48893739.03440895
1704118800,36833.6638349917,36868.03595630008,36815.51945166909,36846.58106638701,21268157.719079327
1704119100,36852.97708574337,36879.20114740309,36805.75164405793,36845.48320113597,43551571.77061883
1704119400,36844.521750334425,36868.65945975012,36796.56979331231,36796.56979331231,12111524.125102852
1704119700,36839.642379876845,36867.6100422444,36820.19534362108,36843.11445440016,17448955.59710713
1704120000,36830.18599544973,36867.78439035162,36815.46632895277,36839.66808913197,15913326.256229762
1704120300,36854.48772035834,36880.81113566928,36801.31549540931,36832.79827396876,9637774.788856246
1704120600,36833.60860729105,36848.260689120194,36814.84403770961,36829.96431962766,41078829.11313847
1704120900,36847.47272547097,36906.7637041498,36835.821147660594,36856.85470754832,51840300.89779522
1704121200,36856.08304736129,36874.69595956279,36834.60509829006,36851.05572164041,36624847.76630305
1704121500,36846.67089147544,36875.35470660026,36817.985105459054,36857.26338895211,88156571.00858565
1704121800,36827.52903001689,36857.06463857549,36795.8914268849,36834.27908338424,10158585.64280716
1704122100,36857.4378359344,36900.746604404965,36820.70191162195,36862.596726862415,37838647.32343235
1704122400,36863.11906260947,36894.69177925064,36828.27006398581,36857.42102926097,15808775.069739934
1704122700,36878.21795083644,36918.26214450147,36864.285775536446,36918.26214450147,20077815.973534655
1704123000,36925.06544256533,36935.374514382216,36891.42350054091,36903.26240120174,27046282.23152048
1704123300,36915.47483659162,36948.328765096834,36855.4483020028,36907.042967483234,18242073.04427871
1704123600,36903.96742247512,36928.627156993374,36858.50306443231,36918.226672647055,10463920.480204668
1704123900,36890.17049706773,36910.34201799897,36845.321101513095,36884.723462936665,25523801.541580208
1704124200,36862.692809369415,36909.71176252308,36828.440535892485,36868.84918950519,22560197.32945932
1704124500,36881.80142137526,36922.41371186728,36861.25806724147,36909.08274197078,42072760.90638156
1704124800,36891.800939202825,36923.36188318805,36830.55919878696,36905.7943789663,29915138.779143356
1704125100,36895.40298612279,36927.90057853032,36838.136131480576,36877.700841704165,11783010.039904386
1704125400,36879.10172043747,36926.1424839186,36861.44557797697,36885.53916416835,25451457.998379614
1704125700,36869.97078564452,36882.95007412478,36841.28288437809,36849.69737573581,28312419.696896937
1704126000,36869.21548211228,36895.08567449911,36859.646251198246,36876.00152129076,35925082.53983396
1704126300,36887.46849547078,36914.44841750855,36856.77526072342,36875.06483200277,12570666.600566046
1704126600,36868.60646356515,36916.73868295317,36836.39302425763,36846.44121609839,20406190.75112104
1704126900,36869.63523344549,36905.61969285841,36825.940389519135,36841.60307558787,17039967.480220925
1704127200,36858.0128174971,36891.284998072224,36831.96105777741,36850.10440109316,14274270.970573163
1704127500,36848.40964448174,36880.7157822266,36821.11032541348,36868.46824488215,9268483.97870959
1704127800,36869.13694182635,36880.56269798094,36822.58258422576,36831.43271318582,22161493.272237606
1704128100,36827.731111716734,36851.24503205018,36784.21629803669,36802.35237314153,17896140.362720303
1704128400,36814.28558229463,36843.96553305932,36775.260039830886,36803.337572902965,37992395.84660762
1704128700,36811.69401317619,36854.06574138149,36798.51659419842,36839.856472004496,50216111.826983444
1704129000,36834.32157724391,36876.342833825285,36802.46513637584,36818.59342010325,27955990.518048387
1704129300,36819.99610183844,36841.85655819059,36777.41689783492,36823.18483470946,14357935.543921983
1704129600,36841.77536802211,36864.156442955646,36824.17586621286,36840.62227221715,14854995.07731455
1704129900,36841.097005989264,36868.03896476526,36807.69104143797,36860.71140052116,28261793.064816505
1704130200,36831.83956860555,36864.849521627024,36812.00295348539,36838.50568809022,29283669.068090755
1704130500,36834.71069288251,36873.83520848459,36808.65709368447,36853.98210321702,17700752.73244684
1704130800,36846.1575637834,36884.31545080973,36800.78384891301,36851.16863897749,28930858.707274545
1704131100,36862.32681266842,36894.51636895679,36809.36979581323,36828.93070283761,22909940.381029367
1704131400,36842.76955310501,36871.86121028534,36815.79567090368,36827.401192308665,11532537.537536943
1704131700,36823.366653064426,36857.61561389299,36799.22111660294,36845.251715330654,18503773.97187185
1704132000,36841.12484904368,36860.523837245455,36815.91968082865,36849.96531106055,41776162.54051018
1704132300,36847.67536147403,36903.029187821005,36810.282141338925,36897.20969144741,26131191.286651094
1704132600,36870.25497227847,36896.820214892905,36835.22775422099,36862.532066572574,17581619.637775667
1704132900,36868.586083011,36913.22969291079,36821.75694424642,36883.97250490549,56051799.43838054
1704133200,36875.48830694186,36903.55465886457,36833.78537756686,36883.34446292708,29578706.248114333
1704133500,36864.13210440559,36889.37922689198,36827.79662905199,36849.31352635111,15860224.613252949
1704133800,36860.45711692375,36868.89671131307,36834.08763775465,36834.08763775465,34406251.92187112
1704134100,36857.164794284574,36896.01686140345,36844.32042518242,36884.05240833587,20357015.95279681
1704134400,36858.911726627055,36886.95280644809,36830.9949245765,36857.13153666264,18728366.918822102
1704134700,36864.62014358274,36897.58055582299,36824.55852047324,36862.40611069173,9307338.789663166
1704135000,36868.50557318034,36898.87120293112,36832.28667117983,36886.97076360744,10687447.300487159
1704135300,36884.54018813374,36918.65314098116,36864.19704242828,36887.30659249252,12632771.810893103
1704135600,36886.75246769732,36940.56498191343,36855.63133448629,36918.8080388528,30746497.713329285
1704135900,36902.05369533224,36915.08621839256,36857.771489488056,36879.22693578804,6962953.465476039
1704136200,36889.10122707152,36922.35149002559,36848.05833969462,36900.509795033344,24097617.517284825
1704136500,36907.85130521793,36944.77137036025,36885.7522168964,36929.46813296474,18539556.094826806
1704136800,36920.62483222691,36975.36146055921,36896.16152705412,36926.11341353337,27864736.35674856
1704137100,36918.42383251763,36927.840194215765,36882.48539579493,36898.20043657161,31399701.71877405
1704137400,36915.009174561856,36939.72229884532,36889.70192386463,36939.12470895937,38156957.22728493
1704137700,36923.4396368926,36951.1680076833,36886.83622385678,36906.556584169135,32419566.934220817
1704138000,36919.49049565449,36968.32780540201,36900.18911838944,36922.407952129935,29126389.686057426
1704138300,36923.0033172105,36954.45985455867,36912.85981896747,36912.85981896747,26890839.59457275
1704138600,36940.413984379855,36960.1331428637,36898.00445324162,36936.50952546168,30498184.972565234
1704138900,36923.587057050616,36942.8147600161,36881.540606561946,36923.500240480986,34820504.85613586
1704139200,36924.3189264114,36981.81729214735,36912.82045706224,36965.501993291386,12996035.497145873
1704139500,36953.62299863762,36961.719524328,36896.61939826144,36936.4263230105,24241468.960497282
1704139800,36937.284168122125,36966.2622897046,36907.95994724468,36946.39450757704,46954427.07482052
1704140100,36930.39365969277,36956.46472673359,36904.247366847805,36927.548515193135,27221220.238186236
1704140400,36926.83595213877,36970.78982381353,36901.59671550318,36927.54015514824,49241145.13026774
1704140700,36928.6500301674,36938.30818029,36866.97258617277,36887.54727837227,7508622.572076134
1704141000,36909.78494931056,36932.38804766403,36872.440589562175,36909.89449306364,18072823.64648478
1704141300,36918.21687346404,36958.705739314304,36897.656846210375,36940.30041016053,41916414.62197621
1704141600,36917.62921850437,36977.48364680001,36894.705811262495,36920.18236271178,21698562.815516204
1704141900,36934.18988645092,36966.8003013948,36891.02561438953,36963.68966137135,15399304.015744217
1704142200,36934.07574597983,36956.78249757099,36909.40106509757,36951.59945203413,17454170.22029527
1704142500,36930.86355156363,36956.68532903543,36900.55483981091,36954.23762069832,35340125.2817479
1704142800,36952.119225817296,36980.31955305341,36921.57372040766,36937.50054265063,29553282.042341657
1704143100,36951.16170510021,36976.0722598479,36925.82610362896,36953.43853504855,38776652.483876094
1704143400,36945.77217103499,36948.25737209116,36881.34578035602,36916.00980725102,17712696.905721743
1704143700,36918.74574546616,36949.29075515283,36895.595440818215,36910.72732066152,43984908.42105569
1704144000,36923.59173840319,36943.18630401231,36883.30039544928,36925.03915372201,18278755.73687478
1704144300,36932.68798962308,36984.09694258156,36902.13896718132,36946.75708053381,46664260.14680439
1704144600,36935.3621075384,36958.39691717469,36900.34490874384,36935.20194839145,41593728.90355773
1704144900,36936.69209068872,36985.58243103916,36909.88747878108,36951.03315365532,106038536.58433841
1704145200,36954.70286760513,36982.67441316049,36933.69584005865,36963.26470161523,16320550.538262423
1704145500,36948.45390562624,36978.41749368498,36916.44594251311,36962.99815334414,34875913.029905684
1704145800,36946.21747112212,36961.08235658925,36912.86149991983,36934.25221840461,21557009.76686212
1704146100,36936.32582150836,36955.610295306265,36910.34319581324,36941.51314282134,53267805.54237755
1704146400,36916.39037146425,36965.50138600772,36883.27035139248,36924.558110924285,9510574.949740343
1704146700,36954.74756069736,36985.46182508248,36932.80547671226,36946.81957987819,17646353.899639014
1704147000,36949.68548326912,36987.737648038834,36940.76623848962,36971.85390323824,22121281.547543712
1704147300,36952.21577635154,36985.71138640723,36906.58754283302,36971.38806504763,34399896.651452035
1704147600,36956.70536127779,36984.67046761671,36918.48535773377,36957.73384313987,37138073.321215756
1704147900,36943.3151335536,36974.72052063959,36923.72751012761,36956.29071385721,27584716.553127766
1704148200,36942.97865674144,37001.348854488686,36925.42560217983,36933.42599241552,24864664.141399305
1704148500,36957.21356248288,36976.96580437692,36927.48428572122,36933.096352807246,34112496.63088185
1704148800,36948.61567830927,36986.88251573807,36924.04008478009,36960.49214320484,27358638.102104895
1704149100,36965.4509767394,37001.955338586806,36944.59578000272,36962.54104619015,14884260.748167465
1704149400,36963.10343232061,37034.508468103806,36951.14541342079,36993.29257769945,20812830.662796076
1704149700,36989.21364646819,37018.72665599096,36975.70304665051,37010.719992336,25958935.779340718
1704150000,37004.44276339764,37045.27627774808,36953.3999222236,37000.41384053183,60360835.887739375
1704150300,36994.97113098254,37013.13086967015,36953.26595343741,36958.20038862305,27433159.344783455
1704150600,36980.19108004365,37008.99808448195,36948.13380249242,36988.96827357234,73323303.65013888
1704150900,36989.37157311264,37015.61053320645,36958.99312046912,36990.65704120843,23448727.66496624
1704151200,37007.410984729606,37017.94030473836,36943.15969035259,36986.53197087531,16876951.21870809
1704151500,36991.802990165,37028.12927161223,36972.38878134226,36972.71658831418,31179340.558342684
1704151800,36986.87672683138,37000.5738722559,36940.30940677037,36957.09599398464,21981035.409652762
1704152100,36983.55222737447,37011.825500895335,36943.96389635165,36977.62744355194,35339090.518744305
1704152400,36986.26122695351,37025.3301084771,36953.162948166144,36982.56324709605,14050049.6230279
1704152700,36981.92681253292,36999.49616547091,36958.00100417556,36965.06553052662,17386396.752263363
1704153000,36977.43918215021,36991.33235759726,36927.43288597174,36945.17119465841,59960399.61998386
1704153300,36946.77990317472,36963.63757760067,36913.40692508727,36957.92172648392,16515741.480314631
1704153600,36940.97252056814,36985.83546800623,36905.638754326574,36914.97326078152,11604852.851704609
1704153900,36925.24672636295,36939.15613933153,36894.86863602674,36929.14945942533,7467522.352402151
1704154200,36934.486412339866,36963.337831361656,36892.399390104176,36931.74077507907,15559340.98845425
1704154500,36943.89218362269,36969.900503103,36914.44690258403,36953.19047932216,22009665.619791597
1704154800,36926.39272705823,36937.203521736825,36887.984300773234,36925.68029394795,11756838.40126758
1704155100,36904.64418113292,36936.8984626807,36882.97792814998,36908.45364704294,12655709.482720518
1704155400,36908.23534659593,36940.93219225961,36895.19786356463,36905.31606836022,35106807.26566758
1704155700,36910.69998725374,36939.88436218714,36875.94344128012,36905.71788014041,36672979.430066645
1704156000,36894.347428498215,36915.98387592318,36863.1870106895,36906.30606210972,35966056.75219801
1704156300,36887.30581105012,36907.38246345108,36863.48828103364,36905.85581059442,11303705.134491578
1704156600,36893.64573147916,36917.81058647533,36857.50430539946,36897.474811278815,34271259.3527849
1704156900,36895.58086300166,36921.04048321102,36863.0302732448,36895.0989408344,48135966.853901744
1704157200,36888.87658034127,36908.31497392901,36856.72583147007,36889.599424386186,7576191.895376831
1704157500,36883.88324240221,36917.83737507561,36853.10934994236,36874.09298382115,32928846.51529334
1704157800,36875.94693500456,36905.61651970631,36823.64718024976,36850.06393986498,25547757.326272152
1704158100,36867.69475456737,36892.312528237,36836.29676267816,36889.99347881384,26614248.048609685
1704158400,36878.792114697775,36899.1979474304,36848.526671468666,36881.01266205748,15816496.365329716
1704158700,36877.7528633833,36923.75378344363,36844.18015923176,36898.385361697496,20135108.223511748
1704159000,36905.97531301884,36933.39041269782,36880.258419737904,36918.11532208203,18991754.48078484
1704159300,36914.38561642282,36943.49294317817,36889.01621965651,36928.94995871846,9719649.11672404
1704159600,36940.26107082307,36983.39842994418,36924.5245040277,36959.42472360999,33450582.365557622
1704159900,36955.26290233862,36965.95641485646,36908.010519554125,36908.010519554125,19171652.182433356
1704160200,36922.711215929055,36975.8258456063,36880.12326891748,36952.355840224045,42511265.06083252
1704160500,36948.32847077457,36965.28761760129,36920.362089945054,36953.84464204447,43409453.20554594
1704160800,36947.19312440096,36977.045635760776,36909.07235133336,36953.88274351783,19141539.761888742
1704161100,36948.71413229556,36993.253177703664,36899.38056568065,36952.544860316026,43303675.016356796
1704161400,36953.80567406293,36967.53151027096,36926.118450729125,36941.82462461027,25583179.387006186
1704161700,36944.03499056854,36966.03637935624,36901.94290362178,36948.384117718975,28097812.782151483
1704162000,36960.90482413987,37003.72457811772,36939.46794901889,36973.86806065987,34168135.225207746
1704162300,36960.80565664165,36989.94640082209,36899.249525583386,36968.4363835496,14762864.944447972
1704162600,36965.88888250298,36998.91261968358,36936.04839903556,36998.11324587267,21771591.590931714
1704162900,36995.58702585034,37037.572072962415,36983.52814355754,37008.70204867498,14213877.736390121
1704163200,36995.05179359251,37042.671778822034,36981.1122687825,37013.08438932919,20256745.892009422
1704163500,37016.52251630103,37053.05168112063,36958.10937242559,36987.108926912384,31230696.208775118
1704163800,36999.58849782509,37034.36160043253,36958.86444657648,37032.864344468384,26663340.94614911
1704164100,37024.97123933415,37069.2100034418,36990.99824357464,37039.75505428769,21606151.506120656
1704164400,37029.78264686175,37057.8055415377,36996.45228182327,37010.660124235714,22599383.500264376
1704164700,37009.245813507725,37044.995034015206,36976.96671583,37017.43326368235,42421775.77745093
1704165000,37004.74389617772,37030.06873331574,36983.53959360518,37001.94317995061,31551918.455678448
1704165300,37014.96563163634,37045.76765187848,36964.839491885294,36993.75193096689,16252611.338556644
1704165600,36994.81911630055,37025.58361296437,36957.288284503054,37015.17768974048,11098422.857784107
1704165900,37006.44347028714,37037.9604505244,36970.659528908975,37030.53815210386,50297106.76286891
1704166200,37003.003386495366,37037.14267844178,36966.595938868806,37005.93431051437,21851699.715337582
1704166500,37003.32040345966,37038.15166542683,36973.84947480942,37021.97631377265,16800162.31899629
1704166800,37013.59940337434,37072.68707864081,37003.68113074918,37036.11198550742,13328023.4720215
1704167100,37017.46991556034,37032.99015251944,36982.93051299435,37005.39031979801,24938821.780434802
1704167400,37000.06274588339,37045.39745170136,36981.010439581325,36989.50171294827,30164258.17040258
1704167700,36976.68412308557,36997.332488290696,36949.05019389212,36976.520149320415,59605116.503058665
1704168000,36985.2688167091,37050.52422195033,36975.88235649109,37018.92409940588,37900644.18272609
1704168300,37003.66016967332,37038.12986367386,36974.40665201257,37031.78696939451,18767753.949563954
1704168600,36995.284091931455,37031.32175811824,36966.31581500332,36989.95473111507,20138942.37905743
1704168900,36997.644206388366,37041.17528073748,36981.74452272134,37017.77908170802,23778296.365255997
1704169200,37017.94658455237,37050.53158394077,36980.26889004755,37025.74815792481,25758504.651969545
1704169500,37017.55650366735,37028.937405705445,36977.56776381608,37012.80910955319,22358303.61378878
1704169800,37009.141640179456,37021.86503974727,36978.54532061677,37016.07428538655,11627594.144400664
1704170100,37007.47660291752,37018.214713377325,36961.32981558127,36964.5939770195,40883212.337343685
1704170400,36972.36181772795,37027.74963129347,36954.7756567031,36982.04187124734,21508488.510045152
1704170700,36977.264357317625,37005.24921648155,36942.222308124736,36997.515504554525,11449442.593126498
1704171000,36976.81247377064,36995.19283554441,36955.41547389542,36971.1987365493,89648712.80257729
1704171300,36955.817207571854,36979.63886354588,36920.2251791127,36956.20544033504,7384127.710147008
1704171600,36953.88617417419,36995.07856980387,36933.15792264835,36935.802070211714,19858922.37696324
1704171900,36938.78018412463,36967.2187000616,36892.044023703726,36936.20382775099,14802694.766103491
1704172200,36923.889252817135,36950.73171917424,36883.24329670846,36899.430916190366,13292530.646916132
1704172500,36908.60186077816,36932.707932816375,36866.67180218572,36885.84066167247,38983065.14391641
1704172800,36870.87912070709,36916.9665839759,36832.86310159251,36899.15570779834,20461287.51100436
1704173100,36891.06706068511,36925.06496523552,36860.4348163959,36899.837801100686,30137519.11368143
1704173400,36884.20630488858,36908.052017686336,36866.03318095367,36891.96304827615,9060899.182235295
1704173700,36897.91585933956,36929.89884719123,36874.67394615044,36905.78125378327,37789014.871779226
1704174000,36911.83179164964,36953.21870657557,36868.34136891803,36908.642820634064,12583827.084201781
1704174300,36923.94511797255,36954.87131335036,36896.477265422414,36917.82368258983,37244685.760928676
1704174600,36921.71610448499,36950.28989394699,36896.68027827074,36909.697196945606,26857222.460398458
1704174900,36919.00921907621,36952.51484259885,36850.24811831196,36894.81009971909,9791746.169997452
1704175200,36896.85584719943,36927.46349177859,36857.97937469895,36892.68494927234,24748059.571107868
1704175500,36873.866301788345,36915.63784758736,36852.96837368812,36891.08310172927,45210516.72092363
1704175800,36879.30073467469,36899.36368557138,36836.97964748709,36862.990289558256,25019791.52876639
1704176100,36853.350130052575,36890.10248240768,36796.983510998965,36830.43291106939,24109766.342460625
1704176400,36841.04662422996,36854.958174327,36812.81690036073,36839.406618168905,9741723.985741753
1704176700,36841.16305609261,36865.355131206175,36809.602801104,36857.38565743753,15923927.055952838
1704177000,36849.32384368613,36874.51156197105,36813.99102823021,36830.47592012902,24786982.253814526
1704177300,36849.11255728598,36879.234700704015,36816.78884222729,36861.8288681792,45105765.12895079
1704177600,36848.025729135625,36888.81563966304,36819.1479873567,36865.557412976144,25026410.26740904
1704177900,36860.91731705812,36901.82960181672,36817.19207979984,36868.66912212759,23715195.44689177
1704178200,36890.08897717098,36908.13764666222,36842.170899117446,36869.36975143784,17036045.73108861
1704178500,36864.7374013987,36912.18053663368,36852.55599192268,36887.68774572972,16216971.459847722
1704178800,36895.90190697781,36911.98895186021,36854.46457564401,36880.65592348837,15439167.523314161
1704179100,36887.4617659391,36896.78479199258,36851.81041739091,36869.08213322415,14696787.728440436
1704179400,36875.15367688994,36911.44018768927,36842.87207198466,36865.21180101085,18751940.10965842
1704179700,36868.43486544585,36901.58157952076,36841.30061990053,36877.46572346436,24027012.733899817
1704180000,36869.71876288241,36903.12947165428,36827.84831336195,36830.60103365926,21668405.511749506
1704180300,36845.38835017401,36883.57934415387,36823.36672821514,36823.36672821514,24170678.493453585
1704180600,36851.850829121606,36905.13092297969,36832.76682635611,36858.12632418632,11066015.7066575
1704180900,36872.52961574074,36914.34187445939,36847.138997088776,36896.27734823977,9293398.097637936
1704181200,36891.76800805052,36941.47244977748,36859.55627065806,36914.35484721414,13590845.124614287
1704181500,36902.77173207901,36917.98905113261,36873.24089262203,36913.72595308185,46972988.72407612
1704181800,36913.906265410886,36958.09603524584,36884.98817664615,36905.664541974125,21660141.857146095
1704182100,36911.44831627581,36963.52126241304,36880.55603858701,36897.42684049047,21321741.50031407
1704182400,36910.765180729504,36934.00882726725,36879.41354867853,36901.15203401247,10862951.24248716
1704182700,36894.96489450745,36919.25025327584,36853.38135666281,36894.16061899148,12604019.612496773
1704183000,36882.02235619551,36930.83481126795,36865.10877801851,36893.73202546519,8676612.78391464
1704183300,36897.22038308726,36918.28585367401,36860.53614400109,36880.46797155566,49740849.87838101
1704183600,36879.51360381781,36913.50554756974,36852.25877883822,36873.42012887599,82453007.99291018
1704183900,36890.436132590505,36927.7828924262,36863.68519528998,36910.10461346282,88634337.5856693
1704184200,36908.79427205751,36941.8621923348,36861.24318251664,36909.196046311416,18546799.361212544
1704184500,36889.76664303941,36948.704666508616,36859.60793538075,36918.65326475247,17476539.927904002
1704184800,36917.09190348636,36948.62680717843,36902.43469581173,36948.62680717843,30486142.502098713
1704185100,36918.69794415618,36940.38488573886,36900.313384868125,36926.7828653943,32266560.17425461
1704185400,36930.392816414365,36950.33899952197,36905.40225356972,36927.93594771984,41979879.825707145
1704185700,36906.179453750105,36933.700576237134,36877.92222566273,36915.134514810605,24865286.53528584
1704186000,36899.64406151188,36919.98847243297,36856.55883067131,36873.21392876509,30769808.86129509
1704186300,36887.87033190158,36921.104018342565,36861.69025280239,36910.82246403104,36229103.046625406
1704186600,36900.44241681216,36941.278439369904,36869.41885440707,36909.49490291208,22084562.821104273
1704186900,36912.97213952607,36945.02907421448,36876.52264252909,36920.72492277059,17220974.685631137
1704187200,36934.87353963284,36954.04462597759,36892.3658976068,36910.62628585449,17764706.304190706
1704187500,36900.15242675132,36946.0392424452,36850.42405770369,36891.99636045869,20070645.87593427
1704187800,36899.03744984161,36927.34289022286,36868.55443275064,36892.545293446114,20525946.89115774
1704188100,36883.76944674993,36923.0368933943,36860.380156014326,36896.44877959211,21804768.44191349
1704188400,36896.10210388948,36916.436774503694,36861.64150166458,36895.56902002857,10391182.345294978
1704188700,36892.2882267118,36907.89594299738,36870.53343870001,36870.57748563728,16894726.12482597
1704189000,36875.51525821134,36911.93115032244,36821.67176544742,36895.240043696,26394076.115681812
1704189300,36873.90426363645,36920.88865237455,36849.10963613493,36881.342745390335,20682937.865916178
1704189600,36875.06609281877,36926.53214774325,36866.53848091704,36889.50693127345,35112473.30379678
1704189900,36881.14998816478,36937.72247205779,36875.69826987982,36895.27224137855,31524957.565478265
1704190200,36895.45165367003,36942.21304368743,36849.81164343621,36896.61429651137,18517084.536854114
1704190500,36911.01016448456,36943.50428458221,36881.111867994805,36921.66281050066,42944178.952018954
1704190800,36911.51476409738,36959.2936719919,36898.77034998797,36943.21495509728,25870148.20797555
1704191100,36920.57691423502,36943.30266540823,36891.32785848747,36943.30266540823,59389344.24208339
1704191400,36910.210495666695,36965.40132278931,36900.18331286791,36918.1168345181,30510050.18765543
1704191700,36918.44992735165,36927.87331196867,36883.43520807604,36913.46343846094,10722205.937225152
1704192000,36930.96487521984,36956.41157051117,36884.622468372494,36918.07169983563,14845882.893128276
1704192300,36937.57437202901,36969.48997528145,36915.157075796895,36947.90942624568,26302536.682248466
1704192600,36938.30995886159,36954.39170045863,36888.11168942894,36934.94598973747,12179881.762561683
1704192900,36933.976180171776,36960.3357545596,36899.36740688676,36917.67884640588,30366874.25620507
1704193200,36932.71987153954,36977.73385574348,36910.27294154663,36933.00980797399,21030591.68996862
1704193500,36934.52993072735,36965.68372896905,36910.19615775789,36954.033876357935,28360580.0140448
1704193800,36950.684000735295,36992.182066162655,36923.42664760165,36964.77216036362,36768831.57614752
1704194100,36956.44064402723,36995.38092492214,36925.68283414823,36988.678155618814,25523440.99303562
1704194400,36976.86600407603,37000.39398354359,36962.39923853779,36978.8102093518,36134590.29524256
1704194700,36997.23105581232,37043.21833278018,36957.18767521341,36991.91431127768,11638147.111087967
1704195000,36992.95232531762,37024.32114447092,36940.646941576415,36975.492810870826,22664775.210511036
1704195300,36973.88384393531,37008.04671035772,36955.9641066297,36985.3033778329,21649262.49246186
1704195600,36994.29726208812,37013.06372797563,36945.52079385318,36958.06790010556,32074417.98172303
1704195900,36974.786674613766,37016.88476299366,36943.4176226707,36950.55797856048,22416998.59894315
1704196200,36945.34338255576,36978.96605585214,36917.65023788177,36956.83756375689,93214802.23417397
1704196500,36942.27565754717,36978.80968458323,36923.66254601479,36925.79780602668,12198194.400718069
1704196800,36951.58072376951,37005.30147011789,36914.40135415112,36945.85973672731,24392611.84237901
1704197100,36934.31696988501,36963.13182338198,36909.26914832226,36950.79539084473,11749054.844344523
1704197400,36934.71494404063,36966.90249645733,36921.56695627162,36944.06158418581,74217770.82634297
1704197700,36954.01197604759,36991.53402339159,36932.58763559646,36953.62269549006,26279225.467283726
1704198000,36966.03554425347,37002.39987768956,36935.082034695086,36958.95848180955,9067467.318273816
1704198300,36955.00476522135,36990.394127456544,36934.82548649032,36970.52398822982,39675421.8137123
1704198600,36967.18887675618,36992.74387940864,36925.46004205401,36954.51491658908,25984173.491872963
1704198900,36957.79762061334,36991.02913130065,36931.2670091393,36971.22756629995,29518585.867695335
1704199200,36957.76673883464,36962.69587120331,36912.64982115818,36950.97284567502,36070356.37615344
1704199500,36938.85508423993,36956.8161749409,36911.80688804191,36912.20065941959,22751580.330756962
1704199800,36915.83000817857,36943.82736118851,36893.35978458131,36899.771063323584,28699307.818491768
1704200100,36897.4046647661,36934.19782633599,36880.392318890845,36922.26677789136,28056018.908276856
1704200400,36914.67021770638,36945.77283296813,36900.2958605144,36945.77283296813,26645161.992911767
1704200700,36932.84915759008,36977.086796984135,36895.234869473454,36918.93913832077,9344598.04206398
1704201000,36928.12426314271,36949.709283087774,36883.2382685693,36948.80527622171,52208149.13406363
1704201300,36945.97696719118,36979.70907699433,36933.3535972715,36957.36722059717,12870081.292753622
1704201600,36935.80125545003,36961.71742024375,36889.034300883744,36915.2914790708,25697884.233493373
1704201900,36916.59051393501,36942.801141486256,36878.42275269348,36918.67867782157,22766558.482442975
1704202200,36897.87322209335,36913.99461576674,36834.43954712605,36852.85301347923,25673799.700712886
1704202500,36866.37083501282,36884.05113475235,36844.90643020374,36849.748900005776,15694089.45493469
1704202800,36870.49098125835,36896.1752192565,36822.68626679311,36845.81778886649,32232264.954761516
1704203100,36859.62474219372,36892.55015113179,36842.75863475161,36873.174507374446,15969359.662678441
1704203400,36864.53632042167,36880.4407975853,36816.17409207976,36856.58965360736,11587319.550298247
1704203700,36840.82860147499,36868.01287789372,36799.83052979448,36863.12158946827,35306737.92286205
1704204000,36836.09906345309,36860.01272725983,36800.74303729545,36800.74303729545,31954889.90665923
1704204300,36836.45180031322,36870.85616300591,36809.24993874546,36867.383135506665,21561331.8809945
1704204600,36857.16936764855,36889.50230012661,36830.87721578738,36878.5894258803,13754659.579665828
1704204900,36849.56147905794,36871.101499542376,36819.56027635886,36836.07278056305,45005545.37581401
1704205200,36833.33371175274,36864.14277237128,36814.993603063056,36815.83504001353,32635565.11725956
1704205500,36834.12741406432,36866.6561028686,36793.12398956402,36806.99023954613,58588162.37658006
1704205800,36831.62511518726,36858.30178765179,36804.02339243877,36843.96623688567,54425481.77404837
1704206100,36824.91980881081,36889.21387898565,36800.654120405394,36879.04446343629,23167565.20244443
1704206400,36846.15752543539,36867.44077566084,36806.92049714989,36833.04310983077,25722372.7118779
1704206700,36842.92829163441,36868.06598694056,36783.43916043316,36815.51003872079,20082345.2875685
1704207000,36813.25488744867,36846.154419349885,36781.60297466548,36815.352678731535,92266109.08827998
1704207300,36800.52989119073,36820.61713963144,36750.95100065123,36788.22396823322,20460751.313769475
1704207600,36775.383046745024,36839.8100426497,36752.45366679626,36825.36406888597,41710454.897821
1704207900,36809.51517743557,36817.91922271156,36753.518846108665,36754.65571671226,13290803.492436778
1704208200,36773.26684873097,36807.95817447077,36740.0591822338,36768.695578806895,20730367.352054592
1704208500,36775.52959269896,36787.87544910775,36734.50463942933,36779.75351893176,20790469.128299724
1704208800,36764.93438062027,36785.49602230691,36718.71097206616,36748.11938899058,34509606.33448087
1704209100,36753.08482858185,36789.93368029897,36741.2297853497,36743.55212743681,24162549.549683556
1704209400,36757.458491810736,36802.945484479176,36729.0412364123,36766.92886188274,24974222.57799872
1704209700,36771.4113480707,36823.14748856019,36742.8670420233,36766.77430883254,19721197.850460976
1704210000,36775.2297294038,36786.40513883549,36735.69495602713,36746.00643841635,35339126.98850873
1704210300,36764.97192633616,36791.62680579876,36726.39719058908,36751.230340910144,23572708.221291352
1704210600,36767.92311717056,36811.4361757911,36729.48819816108,36772.72385400069,12832344.704535168
1704210900,36769.40440801004,36783.12399222252,36744.05566533496,36755.25373022894,21061241.77406258
1704211200,36761.17655962501,36839.63325175619,36741.14089055673,36787.03850559396,11259741.13758039
1704211500,36806.64175314736,36856.37955956565,36793.70213707238,36849.02810808433,18223722.362739112
1704211800,36830.641882731965,36874.53507916287,36793.00233737908,36840.765558648185,35541812.759445705
1704212100,36860.79315115901,36886.5304637802,36833.12779302995,36864.5067055968,24970954.573692936
1704212400,36861.1845749994,36901.62006600162,36832.77001107438,36880.55754802201,31091749.875091802
1704212700,36855.818834537415,36892.1461706816,36823.19032480355,36842.14786179432,88253787.47067305
1704213000,36855.51022124523,36875.180594978585,36828.13342947236,36838.15534886659,50218557.24072227
1704213300,36860.64840569851,36896.84888064198,36831.80257813838,36889.11894506885,13229072.609408699
1704213600,36883.38870554928,36906.718304587215,36864.28583904888,36884.21790705203,17330170.54250635
1704213900,36873.02001387369,36900.36204720952,36830.13207411693,36858.43292880912,46424833.86457727
1704214200,36866.35067392836,36896.01001062659,36845.66384001975,36870.87167894357,8402722.609858904
1704214500,36879.90763564656,36905.54253995898,36807.560635622,36839.92297942436,32430896.51398871
1704214800,36847.44857223953,36861.46534138326,36797.1277515975,36822.41924738999,16342929.316628342
1704215100,36844.42536594241,36869.32134118341,36797.53052144377,36815.80243679868,23603240.044962734
1704215400,36814.947764189616,36841.35392691758,36766.391189716735,36809.91651931172,24615317.586259037
1704215700,36796.43969477677,36850.27378687325,36782.90773111392,36816.913754239074,42145000.38339607
1704216000,36814.94938435277,36842.15575838239,36778.31440291728,36791.60713026297,9355370.746635603
1704216300,36815.72519664096,36849.32062703879,36791.122345046126,36817.496391912886,10371844.688083678
1704216600,36808.95836243455,36840.21822155082,36798.28351361588,36807.14895223151,9853854.636686707
1704216900,36801.89444647792,36820.610068195616,36755.987353224096,36786.7153594987,9627232.870088367
1704217200,36782.17594130658,36814.71345850963,36763.63912377986,36788.0938790473,11875989.526355354
1704217500,36768.906627307006,36782.30107921959,36714.82447961585,36734.76454873639,43027454.40088734
1704217800,36762.652468655135,36777.65288193782,36733.87109662738,36744.786258291686,18973068.695762675
1704218100,36760.043454439154,36778.98224512007,36724.27070245895,36762.56470973845,12136539.436891079
1704218400,36758.30300064457,36793.33866618674,36727.80706197266,36765.971854154624,34712493.117209285
1704218700,36759.60985468424,36782.09553722537,36728.45572718176,36772.36226195107,69988589.40186968
1704219000,36774.76227595698,36805.15380223015,36740.98252688077,36796.07285352815,35267466.803227596
1704219300,36790.25206985656,36817.76303191605,36747.46646912402,36764.35296555312,17346000.475248516
1704219600,36793.28133195754,36828.34331765317,36779.59632901979,36804.51015106624,20238689.92194143
1704219900,36800.681287615575,36822.20109027263,36783.68831944374,36801.17285872188,20479815.815219447
1704220200,36789.760191768815,36826.22704826865,36750.08829823892,36795.225067863386,29713081.434295796
1704220500,36787.32057667723,36820.06258096197,36750.42685582455,36807.96864794611,28882461.97554644
1704220800,36810.26581451749,36875.01239965479,36774.293371619024,36823.62378531925,12136855.705968209
1704221100,36802.14706704203,36826.20313751447,36754.78194012779,36796.64061998938,11640598.003690476
1704221400,36786.39891416573,36846.9801681464,36751.12147865031,36762.732776198594,28512621.8193629
1704221700,36774.9502132365,36817.70805887952,36758.13585495951,36778.27387472282,8073534.344664389
1704222000,36790.53979386385,36797.858399292105,36741.65625061816,36741.65625061816,13608989.109171737
1704222300,36759.38579499522,36778.64179981353,36724.31137409336,36745.73081728914,28131470.207826994
1704222600,36744.79294232136,36764.2812753107,36718.05738920483,36760.510597896304,11282035.870685436
1704222900,36752.73800255133,36777.51196034885,36729.68764787811,36757.84327932407,24821645.599867046
1704223200,36756.71467716491,36777.71699545004,36706.54075726495,36747.02926602704,56783928.26354131
1704223500,36727.78691387505,36737.2761786266,36662.468530644575,36707.92384403756,12524041.238987517
1704223800,36707.448279232674,36724.63021295272,36672.14084116901,36703.11816331335,16646142.56669829
1704224100,36695.02827409433,36724.24201734195,36670.44761105188,36712.43815741357,41378326.9059868
1704224400,36703.78076826247,36724.80976991271,36669.43287479519,36705.56041579315,32808138.15309826
1704224700,36692.73699779444,36721.96224997941,36656.21011451541,36672.53376059099,33418720.426735584
1704225000,36669.73764177863,36705.791935413865,36652.90743727114,36694.77810898813,16793860.46648263
1704225300,36687.502833562445,36708.318076764335,36644.93235966496,36656.37703563046,36044597.73779091
1704225600,36670.99108248502,36691.89959676463,36627.38059479091,36673.59329224278,37192181.026724815
1704225900,36658.812482589216,36706.974490450615,36640.47611946864,36647.75263026357,14220024.59985008
1704226200,36673.93004577241,36691.43243044518,36651.78787780925,36669.786422638,21830292.42416855
1704226500,36664.84687841473,36698.192653735685,36622.5352512058,36633.85931562055,52664235.163242266
1704226800,36658.750122316254,36684.58481643807,36631.2358810852,36659.70534131956,70393281.43737388
1704227100,36646.89010761194,36656.41647594554,36576.21040438349,36612.03915403661,21871500.375938624
1704227400,36611.9733271484,36634.64015974274,36589.39122311309,36628.52140909013,7934430.132739568
1704227700,36609.526575377226,36624.4112176678,36573.3895880886,36605.04784827047,18298220.400309067
1704228000,36613.71279597939,36652.27832927007,36581.99110432956,36602.82543507341,23500489.688397348
1704228300,36606.49020435068,36642.50379309376,36559.16558942012,36594.60259652705,11040005.867271956
1704228600,36594.41999044802,36628.46933597626,36560.87410681946,36588.63331007306,28788562.388908535
1704228900,36598.28811950609,36647.419198968186,36573.40814672704,36624.19578710646,9974579.096425675
1704229200,36621.443962059,36637.36186968403,36598.96959432818,36631.79443597747,16144502.194590196
1704229500,36622.613385713805,36663.77191882367,36600.89295266465,36647.15553457775,11440885.58868552
1704229800,36633.91169676452,36653.67791524848,36586.00343463238,36599.92176156438,31539634.56111249
1704230100,36625.74412676282,36638.28254476429,36569.71360928093,36624.2870058908,10385570.622823471
1704230400,36629.16298744184,36653.23711296007,36586.08199562603,36624.985871361445,19241831.842508495
1704230700,36644.29615002268,36673.71878833637,36607.05061869414,36634.17970182814,40368892.93476791
1704231000,36648.31106028185,36677.08491081628,36635.88486517522,36670.38364343255,38612922.90092925
1704231300,36674.783238478776,36729.793916599294,36636.76430750939,36674.19015688909,21399988.719287056
1704231600,36689.42960684724,36721.29408489764,36653.12196689016,36679.71326992882,19428042.274264008
1704231900,36688.84281268337,36728.91164153715,36653.49606519331,36677.15461251698,44306300.290612936
1704232200,36675.811765667495,36728.424924880215,36662.92312887799,36688.288562955706,42140861.24732257
1704232500,36693.87344631633,36716.08349471871,36656.9145196952,36677.62898582803,31048543.098412517
1704232800,36673.22209551292,36697.799065937965,36642.69099597052,36658.09806682036,36367672.65878798
1704233100,36662.46811289308,36701.05987851059,36629.2740355192,36664.90760478894,18473178.50201354
1704233400,36665.34380536128,36694.5113528042,36626.65472569553,36676.67733197754,35189776.50418825
1704233700,36665.78963777933,36680.87314742861,36620.384325856685,36637.32093586173,14705660.208766874
1704234000,36640.91290903796,36662.09226300976,36621.78593527759,36631.83816064953,43009658.03368062
1704234300,36624.30534631347,36629.02190335498,36601.798692705466,36610.86739797695,30864922.197200045
1704234600,36633.42695824011,36649.04074961208,36588.095167626016,36611.59683725459,18341981.354084216
1704234900,36597.43867573931,36620.35729423507,36571.62640265976,36598.37543600655,15159556.740852932
1704235200,36582.58473831571,36618.20391064398,36555.39782862603,36582.79879339608,31752817.56569615
1704235500,36598.42335332157,36622.88446366862,36564.12758322366,36582.012844696736,27029219.532415755
1704235800,36605.34213050788,36650.088844057245,36583.807322013134,36634.33825987587,42879789.618814856
1704236100,36607.07951077835,36618.02233876471,36563.87130576747,36571.19115819614,15839705.885909671
1704236400,36581.47050238679,36630.63703929373,36551.94577896676,36608.91270783477,16866437.945895165
1704236700,36597.96248028672,36633.238087239886,36566.69753435288,36593.93140078517,13926552.085656116
1704237000,36605.14677333414,36680.43698202771,36574.83323272934,36646.86636062859,20276008.863530014
1704237300,36636.85159883722,36667.216267426935,36584.39582225762,36657.0927427959,48597003.328276314
1704237600,36661.30487807663,36702.487864117946,36656.04963325767,36672.97621120941,26012527.684021503
1704237900,36680.26159804807,36705.83324017886,36659.14549220775,36686.01933699438,15166481.649746863
1704238200,36679.8729593169,36706.29688866255,36661.08704001326,36667.75341245642,64433894.31736813
1704238500,36665.5263012864,36730.522747749455,36647.57179444878,36683.40369300587,31773482.272208486
1704238800,36673.73361256339,36712.408034247,36661.06495930332,36687.60820978064,26885146.573206503
1704239100,36683.19546185983,36705.09035075429,36635.307434054186,36654.855915855165,22551162.927625902
1704239400,36658.36029490772,36681.68413549915,36608.897835791424,36651.338677103646,29323586.85851033
1704239700,36645.90200564832,36689.60982983311,36618.72323866164,36671.35869686941,7433803.276529336
1704240000,36670.9064703475,36701.30154273479,36620.92471481464,36638.8737505336,19996536.25453549
1704240300,36629.697961487786,36644.236803022366,36607.59617955168,36612.19816655195,15310219.301146612
1704240600,36622.69187701234,36649.963498868136,36587.86861593159,36597.36269188586,21210464.05694752
1704240900,36590.58235748157,36608.73746371506,36557.79701975636,36589.42828130938,14213113.503127033
1704241200,36593.716729030144,36655.09819055351,36562.371683674384,36568.66430624743,23994781.512684546
1704241500,36575.00029057114,36596.84063270006,36543.82234782469,36545.656541248434,12370989.978367556
1704241800,36571.02248300857,36589.467132558224,36511.213721673936,36553.61188690418,21041140.320779085
1704242100,36564.86496210515,36627.43751287819,36537.99393369953,36572.46710022733,59169508.94901587
1704242400,36571.43520069152,36582.73565779138,36533.76700058881,36572.42200636893,21977027.77407138
1704242700,36572.27575341828,36635.115561899474,36543.05743391928,36554.36084061009,29375112.516163122
1704243000,36568.09641821563,36584.72824997934,36548.76816998158,36559.97205401743,13849250.297056757
1704243300,36568.50752266948,36590.305059637074,36527.49012704429,36554.34619652172,29219331.526248805
1704243600,36562.009221857246,36581.88756932145,36525.62533866645,36546.97845422161,175458756.44128948
1704243900,36552.9269025384,36565.20551362177,36518.29672915027,36538.481813416176,18408205.246206768
1704244200,36535.27611329535,36562.42148350461,36486.931594541085,36520.8165793521,18971177.182464115
1704244500,36506.89290192336,36526.6215699165,36478.95710154954,36499.656322082126,9301952.60218778
1704244800,36506.10498247065,36532.45158532436,36482.5722321249,36514.81576806451,18112463.818484906
1704245100,36496.09741210275,36536.386298978,36450.803944185296,36506.45389274467,23171216.157732174
1704245400,36502.85957667863,36526.8395766047,36483.69955451317,36488.52427540122,24404694.864981506
1704245700,36502.09860174788,36528.16699091177,36469.326103950574,36496.38613769591,37260034.405238695
1704246000,36507.796245679805,36529.0090420409,36458.38117909046,36480.63932683103,30119427.474123806
1704246300,36492.5348401214,36526.71956470626,36452.15062678785,36464.01762614601,21215238.164537206
1704246600,36473.018994875885,36535.2347956284,36448.15967384617,36496.84161211341,59297094.58428683
1704246900,36476.53187846895,36507.92543852901,36431.21488402351,36507.92543852901,42609800.29345493
1704247200,36482.59718163201,36499.657431851854,36455.18712535564,36490.382896809286,33176624.61438726
1704247500,36480.17288446839,36522.743941385466,36456.98192949728,36480.96295647903,39159103.425753854
1704247800,36496.01193311876,36511.82994272791,36443.46867002273,36490.133477553136,8631193.067749053
1704248100,36482.79083238565,36509.50000614246,36453.74968822827,36471.69762042925,17224817.24940655
1704248400,36494.28090221287,36521.30017234725,36469.208585784814,36482.791114113,17072128.27092295
1704248700,36484.15497904339,36511.26325641307,36461.41796162889,36490.02612712439,23399688.468225006
1704249000,36475.81643622855,36512.60829863122,36435.36001376272,36495.92154038564,23348345.87424126
1704249300,36478.94143579532,36495.81934095966,36452.798448994894,36477.75007162384,56112247.68296175
1704249600,36482.94203643108,36522.69378460709,36458.303256343206,36511.39226971084,72670691.60252059
1704249900,36511.02995778798,36551.1809338356,36492.422341662495,36516.377778477945,23379627.855778113
1704250200,36521.513058065626,36548.92262953111,36487.9135948467,36515.6241952585,39791562.50657235
1704250500,36521.77098714517,36547.93422195565,36488.351192617294,36502.16426449518,53592761.34013879
1704250800,36515.03562001305,36542.4393922554,36475.21798197952,36523.78688163764,30409333.060022127
1704251100,36514.67451603102,36534.41378519951,36476.07848857834,36507.30513195301,10944463.225323355
1704251400,36492.78191514621,36524.836524250924,36462.96316377116,36498.68753582297,14471529.161395758
1704251700,36514.0921119511,36541.33080510804,36488.3680561189,36525.4430476991,20050154.313215524
1704252000,36497.24388731417,36527.02017077456,36436.85417593269,36481.98484989812,53258612.943079464
1704252300,36473.40421698878,36481.93785349701,36425.62330060646,36445.75529994173,33922159.666803375
1704252600,36457.10242954209,36488.52200429648,36413.4352720615,36431.01108481599,34507971.33693137
1704252900,36443.843047939714,36478.82347034337,36412.66299981966,36427.861096662135,33240195.042762846
1704253200,36429.60770349592,36451.24964547475,36399.72442641136,36420.5220848528,23549304.30095751
1704253500,36417.63286024278,36431.77369348428,36373.19286979212,36397.637493791655,15682132.986070288
1704253800,36392.982358978334,36440.30694046183,36368.74904770618,36397.84869291618,26295233.435593806
1704254100,36398.94736456755,36420.9199347488,36365.47811365224,36408.16134788132,8206890.17416362
1704254400,36388.19174284507,36418.22173664753,36353.41220748839,36357.4114741278,13711402.504711844
1704254700,36376.95084078232,36418.75877149631,36343.31477713578,36359.49069029393,52097634.25165354
1704255000,36362.54635249568,36375.93444230715,36325.847853920975,36343.5771864022,26463301.670506652
1704255300,36355.28029004576,36403.15490560932,36343.70151542325,36372.67496944358,15575623.333205502
1704255600,36369.23264419475,36442.90201912667,36338.09400265593,36403.371499472814,41865349.276531115
1704255900,36393.9566943647,36424.72051644375,36358.35595969592,36395.42360949371,16770682.400479332
1704256200,36377.82085256843,36390.44038296156,36333.56525122866,36367.373501732,23751897.350898456
1704256500,36364.80549838273,36402.09835556555,36333.34845879349,36356.82676172592,15750144.304479664
1704256800,36350.01329919063,36384.42592910851,36341.30948877383,36384.42592910851,44344957.67186107
1704257100,36362.66885273152,36379.31965079204,36336.92767579383,36366.401108682345,61846303.713887975
1704257400,36361.43403161179,36383.99933710539,36328.25750252204,36344.99796330499,18144918.412800837
1704257700,36335.92805373576,36358.35064899248,36308.271297747895,36331.19937663146,48454449.59339521
1704258000,36336.10055571505,36386.284031864205,36311.60961673472,36350.931195833815,34402873.907825954
1704258300,36334.6590737831,36349.463179426166,36290.50840519523,36337.24558229586,40063199.76923809
1704258600,36311.09166086206,36333.47671651037,36272.8090952891,36309.86462191742,31117870.66413404
1704258900,36308.53555581202,36333.47618735756,36282.94262118554,36286.59356094749,26358324.563349612
1704259200,36294.81373896126,36317.00814245991,36254.81922676659,36285.173156422105,25102575.2164231
1704259500,36298.66622176598,36326.51105514014,36282.67754660018,36304.42660492106,31593595.66204566
1704259800,36310.66569677008,36341.5805704677,36286.69696114601,36295.69666363327,16338414.125885054
1704260100,36311.2994199471,36340.20133985067,36276.33242343016,36300.30040344213,133349044.00336474
1704260400,36289.9280267433,36310.36326122577,36269.637356094405,36289.697642655934,39526038.93335608
1704260700,36290.59520399697,36304.507462818736,36262.69984096997,36287.975386869766,17843290.181882698
1704261000,36287.04757401831,36319.19844158618,36258.22429466314,36284.553503847616,26615067.470120933
1704261300,36310.855731391406,36357.069307693535,36285.49255241071,36332.157131158536,17825057.642120797
1704261600,36335.49283459545,36361.90521217233,36303.0318826584,36306.093479982,25910485.970621385
1704261900,36306.95042441353,36310.01234654607,36267.48353543032,36298.98787962367,17623978.236674353
1704262200,36278.783153361386,36306.82237418574,36254.63335853905,36282.54231683951,13102509.843283331
1704262500,36277.82292826266,36292.74976569186,36235.84467503404,36290.26752625967,24863658.306327965
1704262800,36277.13637260785,36315.2271131161,36240.37064493555,36266.75712322207,15915794.373562656
1704263100,36265.16999404669,36287.84088187967,36240.13142865901,36276.53429090988,38786032.93686414
1704263400,36292.96720224149,36307.63973223705,36246.810055467504,36257.84937343732,13474802.67346796
1704263700,36269.58904158626,36306.291323370606,36226.41568990643,36268.21599998688,18842700.169405743
1704264000,36271.94966421314,36321.25513869226,36268.61255707147,36293.42772215049,8986438.689550083
1704264300,36266.22687335123,36302.083623915365,36248.828666475165,36259.8800724896,10788323.682786774
1704264600,36253.34881569391,36314.25243845216,36231.58246559283,36266.186068785166,48820316.77301182
1704264900,36274.65475396973,36305.44666779632,36246.679658098525,36277.55688371946,29397480.44921228
1704265200,36275.4549976506,36293.9722808115,36237.393388839744,36263.1885798856,16164840.357608886
1704265500,36252.47716197507,36286.69975970106,36230.75331149247,36271.55691541667,61829756.77371031
1704265800,36256.94481464799,36283.770022543016,36229.81771040341,36234.47795146129,10748582.36393159
1704266100,36244.73212946274,36287.662834108,36220.34959668817,36272.385142144674,14230312.252694478
1704266400,36258.58453185408,36288.43280772176,36219.07532627104,36271.625618406215,8284441.916131031
1704266700,36266.76026311524,36285.56002222429,36236.61543707833,36279.02419830246,25730136.78724628
1704267000,36276.84988544464,36308.49106542268,36231.61811486682,36286.37763984087,13459248.765067492
1704267300,36257.004711359325,36278.355795259566,36209.547765421055,36239.32542543331,25051417.376007613
1704267600,36241.99576480852,36292.16197569829,36196.45209746457,36261.398668434624,31001279.760337144
1704267900,36254.134692532185,36256.5857577462,36204.07403121982,36238.02539946134,46483301.27657863
1704268200,36221.7922407759,36229.07785604138,36178.00387871086,36179.32882187919,47270297.7145706
1704268500,36202.55368637227,36225.74978458,36179.421886849,36187.52148013319,20700720.092887007
1704268800,36187.94533220732,36221.50049511268,36163.97051305544,36187.26292308015,24500954.85700518
1704269100,36186.18265645398,36242.80295499165,36154.22753942175,36204.594168950025,30394514.74788464
1704269400,36200.39913783319,36216.1346005522,36170.82899815974,36188.76575338659,18634782.57388617
1704269700,36185.89199905497,36236.75686122345,36166.63328111423,36186.42744728617,20927680.454062123
1704270000,36194.03062627583,36211.787024649966,36163.11313745905,36208.31239983038,49019661.6125551
1704270300,36192.230121334105,36217.62961247857,36158.284098136784,36183.76258191574,18384392.57810266
1704270600,36167.539537256285,36215.34072446868,36156.76526686079,36186.23551334119,16227485.363385977
1704270900,36172.169588052086,36200.81000864659,36130.70826951029,36147.13030376274,43496949.69829756
1704271200,36157.25125745808,36177.48017244763,36105.71868021357,36134.57973003624,22216231.31861008
1704271500,36149.94436943956,36177.645447662864,36125.03669732657,36152.13893302395,42178728.94147129
1704271800,36149.20640643343,36163.42822201592,36102.59856361097,36102.59856361097,31297424.002892256
1704272100,36113.75669026549,36152.818742495554,36073.9608711921,36112.06264532665,17060455.883311428
1704272400,36118.11674195416,36162.87007681457,36090.89164879973,36150.0532518595,28370924.80525211
1704272700,36130.737178984375,36184.0981121587,36091.08809350043,36123.449064564,63929866.8698672
1704273000,36126.9197816159,36150.6640281741,36094.59683634134,36123.363269848334,30482984.986327995
1704273300,36134.64457507143,36159.061365500034,36101.52861953633,36118.92871623452,19382734.15280713
1704273600,36134.30200885271,36174.9270908162,36106.70700998975,36128.010087678056,70368500.61990169
1704273900,36126.71398845148,36152.78000492755,36094.530337000695,36145.54051486947,15440343.517592927
1704274200,36142.06645992453,36166.585178804686,36118.258332349054,36124.54759257708,25141254.081526473
1704274500,36143.99821018679,36165.21995274043,36116.00456993322,36155.362730748,19822084.079915103
1704274800,36168.47939347826,36226.80826126592,36153.89844696102,36208.25967520656,17634219.280226488
1704275100,36200.60785583602,36217.889398998406,36175.79343714122,36192.927780804166,25690427.7445053
1704275400,36184.88800628512,36218.55141703894,36133.56640931781,36169.925267041646,17363558.035631917
1704275700,36166.55399825563,36180.32187903632,36134.100445402,36156.11130453709,42616453.25114285
1704276000,36158.63840193661,36184.00587535794,36126.40378167464,36181.00484069932,29345290.126224674
1704276300,36160.790187900784,36197.26975753435,36133.09904735484,36156.22094804144,20656589.549942013
1704276600,36147.72178268343,36188.16167249294,36116.75492263095,36139.87302073964,57230674.70804494
1704276900,36133.10922161894,36174.34900791366,36113.93890444416,36130.63223937417,40714008.73514582
1704277200,36151.01327995534,36176.51086337624,36119.10009670952,36159.11459983695,10009888.507652909
1704277500,36165.72345856778,36180.84814911667,36148.06363490994,36180.22815093234,19536645.635194898
1704277800,36160.62212810684,36189.09424143657,36118.8807662962,36154.589243372895,18259975.758965924
1704278100,36144.935995831656,36165.31671584323,36108.85788354429,36149.538866135976,96291015.49128492
1704278400,36135.136443578966,36159.71136971115,36105.96204334388,36142.58043338602,28690616.668974075
1704278700,36126.61748490135,36150.9117575708,36102.635309636986,36108.61317667946,14889937.485823415
1704279000,36137.67017122235,36160.61071752239,36095.35565564895,36123.60412969245,16575951.336788796
1704279300,36118.44046651689,36159.08659530631,36071.024021404766,36120.44122595045,23512556.75946159
1704279600,36107.14510705542,36136.54470880748,36065.88699669736,36122.11390836519,45906388.68688981
1704279900,36108.465148942014,36144.491064605965,36086.45123316766,36144.491064605965,24510730.77583809
1704280200,36115.48559804984,36148.83964809555,36098.57560699804,36127.97650313848,56507184.39689138
1704280500,36106.42597553656,36150.07812914775,36078.520892459215,36118.44809700152,42372783.77031371
1704280800,36109.82952206431,36125.20549046991,36082.29092775279,36098.895511186856,23509101.95100204
1704281100,36120.97594235752,36151.80047865964,36076.80662137626,36093.81404743788,9579039.549694516
1704281400,36097.8902956543,36117.241560071736,36060.51116889844,36072.22031379819,44831051.636408836
1704281700,36067.602507012125,36092.79832295521,36030.24702997178,36059.34283607247,12374499.062345205
1704282000,36053.03872406234,36104.64629963328,36038.89398484694,36085.3815684188,40984611.16283658
1704282300,36081.26574852476,36103.85073429214,36052.922273035554,36088.58610581052,30534031.53210304
1704282600,36082.547633519775,36158.65049365418,36067.330802395016,36107.81346657994,35147054.40557917
1704282900,36111.721378091526,36136.68407774745,36059.42493253432,36124.634022812126,52413104.36086293
1704283200,36108.60682716648,36137.44332536047,36071.79110926827,36091.37553004468,16961203.55769137
1704283500,36086.96630390824,36120.07078615323,36063.604084674014,36085.02028981617,10986921.32114137
1704283800,36085.91075315064,36097.07004057138,36037.6327655617,36037.6327655617,18588599.522646077
1704284100,36077.952604786784,36092.2538789803,36046.64160376933,36050.02395587614,49803271.8670165
1704284400,36060.473747172,36087.23926272621,36033.14201258246,36073.75474202654,24851958.761519164
1704284700,36073.787390738034,36104.52056995547,36046.07522110834,36104.52056995547,20068585.614622667
1704285000,36084.167078195096,36139.89265720455,36075.73791553672,36103.5222366278,50237195.337047316
1704285300,36097.64453635812,36113.80820652877,36066.32867640087,36101.47249958413,51336368.096242525
1704285600,36080.39620015088,36103.076155642426,36049.43973526372,36088.58138781705,30035708.76903282
1704285900,36094.30673156175,36123.990155555504,36060.66762632634,36088.1806130149,11989409.612061951
1704286200,36095.69284901865,36123.758867620025,36083.07185802382,36093.06689141396,23828327.217118204
1704286500,36096.82160703668,36155.88648585916,36065.46083721117,36095.05888266462,23210802.504815463
1704286800,36098.26925847864,36118.033795699936,36067.92710459272,36104.038594827085,56105805.31067783
1704287100,36082.56608608365,36112.153528995485,36064.94391882437,36097.36882815734,20107720.965012286
1704287400,36100.86948351192,36121.92479791568,36076.27212103909,36090.57330994703,12108387.265738243
1704287700,36096.01853353115,36138.849937870975,36063.85856599908,36095.557780710325,25964929.079948813
1704288000,36096.6516635084,36130.63595254012,36043.86361086573,36070.080981905296,26275108.232969854
1704288300,36071.83210774137,36088.25473710216,36052.73928966794,36052.73928966794,12715012.959091228
1704288600,36045.490236941056,36094.625258216896,36013.4569317058,36070.28448287464,9898404.553878333
1704288900,36065.83567868444,36097.11992610801,36062.65500317589,36074.49614774369,19914386.212734267
1704289200,36078.13851529369,36136.98145623883,36057.6084480202,36095.01312824593,19691927.667070728
1704289500,36085.32196776253,36112.694677608415,36050.78437131328,36072.35570769006,49550897.01785834
1704289800,36079.3018710923,36112.789664833705,36048.97681124332,36089.25966363056,27249775.950627025
1704290100,36094.12813254055,36126.81746872632,36063.41325434133,36109.71080418852,18954545.45626255
1704290400,36105.007746084695,36150.44531520117,36068.18379971405,36092.02903999671,41404975.273391545
1704290700,36109.78645016976,36130.11530405237,36090.27519206284,36090.27519206284,14582751.859142274
1704291000,36132.74883379231,36151.64587523095,36102.36370975214,36140.17414440939,26641865.319966502
1704291300,36126.80280792607,36157.25782366347,36116.86839326992,36127.79604695576,19043467.071076594
1704291600,36128.00678604559,36160.04839032882,36105.98505924804,36138.20108564956,45692356.727102
1704291900,36126.07050152794,36134.15917096511,36085.11452485478,36112.57159083082,23676637.161094896
1704292200,36117.04751170078,36158.69363802397,36084.5591002556,36119.16847512242,16964489.131837435
1704292500,36117.61931527012,36158.58248794134,36093.329287831984,36095.200603525846,57782782.52235376
1704292800,36090.81257653193,36109.46812006785,36064.06126108285,36101.356617138204,9564169.441951355
1704293100,36099.20947990652,36111.47919138488,36060.32473581638,36074.93670584428,21472779.23247135
1704293400,36079.09379157162,36104.106248913326,36055.80927446717,36090.72101088018,15986431.050336037
1704293700,36087.91969984755,36110.77531259818,36047.299678894735,36094.18852784049,21134458.034217034
1704294000,36093.16041682808,36149.94395881951,36068.67818545769,36111.44089916068,23634269.917909663
1704294300,36099.842916870206,36147.41101047036,36049.038723000194,36088.74802808935,13749641.132842919
1704294600,36091.7130082765,36136.11033793995,36056.21756338484,36082.06365323616,20664439.76756343
1704294900,36101.95433294711,36132.89940419773,36092.333474902334,36132.89940419773,24305528.916525044
1704295200,36112.15275834438,36134.46944202041,36073.51206051829,36113.499435858816,15943593.079876909
1704295500,36110.59774715104,36120.59981937134,36054.81999640111,36064.71718653803,67149930.83919173
1704295800,36083.61062977416,36112.73432825563,36064.8087071588,36065.36515395,15766334.15111752
1704296100,36084.57824798717,36126.55675950876,36070.34273335522,36097.67072418392,48759410.18225182
1704296400,36115.25080475164,36150.26178781378,36096.113714717554,36140.25016586,8442006.69828477
1704296700,36112.70637004068,36140.33912919086,36072.66901290693,36085.44143110074,28366634.371439163
1704297000,36073.15911143562,36104.39270196083,36050.66355061237,36104.39270196083,29845444.780651227
1704297300,36083.23259825061,36117.02020576009,36054.40911168638,36100.22959977835,7587864.853963488
1704297600,36095.64544964104,36131.84066319394,36060.34444366869,36092.57019063175,44016443.398281395
1704297900,36111.50376385008,36139.39640117982,36085.54238209613,36100.96924296025,15921972.683157194
1704298200,36123.19575064527,36171.1319378684,36100.40708396387,36132.239086367175,15365091.24486405
1704298500,36119.281169087306,36143.279708303286,36108.2473034985,36109.71013880126,33589571.232879125
1704298800,36125.98920758246,36160.1685710729,36107.89688547611,36150.225192335776,27757335.717113994
1704299100,36139.04541649337,36175.405871929,36106.57509866409,36154.699684697385,38310922.655600525
1704299400,36152.47132347748,36177.45093570817,36134.19079112596,36165.563057989,26955544.7887012
1704299700,36161.417981812185,36193.49084018259,36138.77359700438,36168.28566056884,16370767.490369804
1704300000,36155.3531216666,36171.17907966446,36128.42847020945,36130.092935346176,30803658.437141236
1704300300,36143.25164360816,36183.90847612718,36122.66673154543,36164.62665154378,21128284.14677677
1704300600,36168.81583817508,36261.64983930987,36159.813380855696,36203.086311305065,15770485.015650604
1704300900,36228.19285058116,36256.47407165114,36197.85025099381,36236.531529663,26346203.983835153
1704301200,36238.87486900939,36275.453667966685,36201.324784597215,36248.720253716616,39120622.48293279
1704301500,36238.47251333262,36267.26441645152,36210.7582852969,36212.63797010992,32441694.09113443
1704301800,36219.87695659093,36245.0196596816,36183.99844903943,36211.11130157209,28860475.775623396
1704302100,36207.61391155253,36259.84027980339,36191.78238965176,36242.00335409702,23590907.430003297
1704302400,36238.06053161029,36257.42257974466,36150.82370194461,36202.60954226612,9968466.942372125
1704302700,36218.30136549738,36244.55750045451,36178.75228677124,36207.05475131753,98253535.15004444
1704303000,36208.87487793325,36235.612886208255,36194.20590135165,36214.3105448379,24304798.16356944
1704303300,36210.89121096594,36216.10305389983,36167.73761830687,36187.472229865794,15867138.727013772
1704303600,36196.77317580125,36226.29765488531,36182.92765723017,36215.81218908141,30589976.01868984
1704303900,36209.76990774163,36234.01404152313,36173.1874452251,36222.62004466221,24388870.31756682
1704304200,36208.85722158799,36242.45389396884,36188.15986393506,36218.16433643232,32868329.29267384
1704304500,36208.94292568105,36255.57041336279,36183.05579697226,36247.167438725046,25911037.29896405
1704304800,36234.50152283266,36279.68730493463,36199.26150964605,36276.23652851863,18759159.169741355
1704305100,36253.04653934344,36285.5094197709,36200.73960552215,36261.404545372745,13352870.362035476
1704305400,36257.50547511925,36267.25873103128,36207.84804930781,36249.83439286206,28161337.37520116
1704305700,36253.11306715382,36307.93957112545,36234.00770832602,36256.331921464094,17219960.431987077
1704306000,36253.33725654153,36285.73475728034,36232.46691279165,36264.32025356223,60618840.75059587
1704306300,36254.49928968041,36276.09953064159,36227.32476831277,36232.936047187926,42695458.79310843
1704306600,36238.81124737365,36253.87555053638,36204.77432141038,36208.5828462346,15996685.047352627
1704306900,36216.87396383045,36240.76098926121,36201.19213080591,36230.67430952328,9805427.979389802
1704307200,36215.48660597678,36228.26067379204,36183.57436506508,36224.09200814258,26336891.480810743
1704307500,36219.12454595221,36244.999617164016,36185.11039790251,36215.25220674786,33317572.297229096
1704307800,36214.88556541927,36259.37917405098,36187.017819784814,36221.65304480902,10546489.603881557
1704308100,36203.4399668681,36240.24376839543,36179.98222010377,36211.72030827833,18096150.292942185
1704308400,36215.298681707005,36261.19340786673,36190.0855477212,36210.81482696974,32197418.9378311
1704308700,36212.63757042224,36242.89490044177,36182.53888799393,36229.37894981904,38186644.547077514
1704309000,36226.51290811316,36268.67983046857,36206.23171092304,36232.16983401083,31232866.949097857
1704309300,36251.851847856095,36273.3424654985,36222.07579037926,36240.4901402849,21828316.112809617
1704309600,36249.73822283296,36277.164244178726,36223.14515915245,36253.71663558042,25275439.477023475
1704309900,36257.61438211412,36290.71542770781,36233.13360094297,36274.615857396966,30173813.356610186
1704310200,36257.96984198845,36290.725950268046,36203.32488232703,36260.71981160084,23454276.2638007
1704310500,36262.74157740527,36303.238442088,36229.02556800784,36253.8938177635,22505863.383702867
1704310800,36259.38472411677,36315.61319053865,36228.61794964719,36288.03980871208,24586323.94898698
1704311100,36285.65020279055,36328.76070979093,36265.86550586608,36303.90723106706,34718831.39576982
1704311400,36294.65549530929,36310.55942193076,36263.34382492736,36286.78574255928,20132814.01189172
1704311700,36305.48691621152,36345.08438622445,36292.76967763035,36328.14614291129,15156535.29104722
1704312000,36322.1446558063,36343.31941583997,36305.06500013136,36330.869503704,15201768.807036746
1704312300,36339.30966284063,36362.9833584177,36316.41187736992,36324.89232057283,16663462.933105858
1704312600,36333.24198537565,36357.37512757239,36295.450955090055,36311.79856742463,30947550.231908184
1704312900,36308.20365468168,36340.81263004308,36288.70866513568,36333.12369538356,27287432.779861093
1704313200,36324.168030050685,36346.66450000309,36267.22656275448,36322.27801546684,20496346.648307897
1704313500,36305.411640998194,36327.9594178108,36280.16846985858,36316.05582162624,19950369.724008646
1704313800,36308.34966784835,36360.52819380786,36293.43180252282,36314.10869629661,31327518.51147812
1704314100,36336.2531092139,36390.81834260331,36295.20869410771,36367.16720699416,22381833.418976787
1704314400,36364.38328244279,36425.662415192885,36338.62204504864,36375.60175910516,29777748.76540743
1704314700,36385.8355263008,36422.74459816556,36347.96839517003,36405.17240864758,28031846.9981786
1704315000,36365.18012349362,36395.79825792147,36348.08899433486,36381.43721493975,11146565.107352018
1704315300,36382.051669104425,36411.60209650134,36354.905581087165,36390.30700920692,46366949.49734143
1704315600,36392.04672932397,36413.60526403754,36353.1686903806,36365.52182974933,10518479.453588553
1704315900,36380.07122414011,36417.309348183,36348.72814472808,36359.70223643664,27505404.998720277
1704316200,36362.38665120431,36406.28382867372,36330.1898695654,36386.44627053697,13893482.48540998
1704316500,36373.65865411199,36402.18855697995,36336.736222429,36370.75096501529,41991189.67426906
1704316800,36388.88094946506,36407.54986622082,36365.2675768165,36376.28589230382,10163605.837535013
1704317100,36384.40626398193,36403.00063823394,36365.34323358445,36395.155418546194,60356670.91342905
1704317400,36399.742760213376,36431.83468259892,36371.409489477504,36391.60018709474,28096649.507345285
1704317700,36424.05486357711,36441.01804195386,36402.1301822976,36402.1301822976,31344542.929954924
1704318000,36423.79607926319,36456.97616551398,36380.57023180462,36427.271951586736,56976640.19294759
1704318300,36434.44779337322,36494.11951622535,36414.23124893874,36466.11821942213,7392570.241402627
1704318600,36439.41635945054,36476.00875301603,36409.75005772353,36421.74415442129,15194840.745481234
1704318900,36448.11949773563,36476.21340211337,36419.31221621143,36463.71922469739,90569565.61816879
1704319200,36451.12219360506,36494.69599988795,36410.40414000137,36452.298318402034,40347918.081043005
1704319500,36465.99339659385,36489.10571592054,36436.0245338766,36461.040285120085,29935197.274471696
1704319800,36469.65778028462,36489.4115794882,36431.76905818282,36445.39249747641,22324192.15984225
1704320100,36457.33885995243,36496.81018903008,36390.411484740376,36450.208000186016,47177254.2068242
1704320400,36459.575383514166,36499.432105737,36438.93893741247,36476.12773014065,13514031.340655308
1704320700,36480.56954878937,36502.611004908766,36431.88833688029,36476.63333873097,53310445.70668183
1704321000,36456.96399290687,36493.2791020576,36414.16021968091,36463.00044967205,30610417.853695273
1704321300,36446.39699011382,36467.44903263085,36403.376229925445,36421.49100845225,27176356.94385188
1704321600,36423.0530994573,36448.00013174321,36381.172324912135,36422.73821291418,20756439.464372687
1704321900,36416.97051259572,36449.0938269173,36376.02606678029,36389.78959783762,13707292.887965044
1704322200,36395.48862002447,36426.72113322831,36357.34298171647,36390.88196449727,18242595.96037723
1704322500,36395.53344748805,36430.22558014852,36350.42780753933,36418.2408084741,36611180.82837668
1704322800,36403.82869172689,36414.51727489773,36358.58434355918,36379.77285633237,52906551.873542316
1704323100,36373.25219833586,36402.07523141564,36336.03003868542,36362.16131264632,8962699.811538456
1704323400,36370.38986716248,36401.41343239509,36357.34964475866,36357.34964475866,30938041.89173901
1704323700,36386.93535390249,36434.848811916585,36365.2047784515,36382.07854566794,36746983.74417946
1704324000,36386.170833046046,36422.74573920666,36363.44802641913,36376.13924289149,11194182.078712406
1704324300,36380.29216847327,36411.11519799719,36355.83911866545,36384.64921344245,49580985.73167147
1704324600,36376.09340942584,36423.71567008188,36354.11205646175,36389.44831816956,30427422.01766007
1704324900,36379.37483928508,36429.51443011005,36364.53902932292,36396.586649615485,51413571.06479087
1704325200,36382.04752941928,36402.95939418029,36338.85086665186,36395.095839602414,17528259.117337424
1704325500,36361.13199030877,36385.91149235408,36327.75849244432,36358.80066537167,14722447.647654828
1704325800,36354.65221513467,36378.68998817124,36329.746589643495,36334.94358654318,34767829.90825217
1704326100,36331.85114830471,36375.51834140491,36314.45412638151,36375.51834140491,38989630.36232665
1704326400,36366.71213872927,36388.961906856086,36339.08673593369,36356.23307735166,17162341.1172675
1704326700,36350.409080689205,36352.97698143445,36308.54258128305,36312.48812358653,33871138.26005742
1704327000,36328.00413371604,36356.93325123229,36291.69918682934,36346.8174120205,23326657.24983061
1704327300,36330.24176649287,36361.1422578346,36285.41377031784,36308.68045794845,17547555.4208561
1704327600,36313.63843168913,36357.539465078975,36277.48600184381,36311.13569189577,27619646.81983311
1704327900,36310.48917644694,36334.98460661266,36292.14754990763,36330.87493458759,7500146.494340882
1704328200,36328.41927256103,36351.57445205273,36260.30115021791,36301.80907097745,31126364.057436846
1704328500,36298.60366013102,36328.94729857192,36275.30732109117,36308.90254465617,15602059.157144118
1704328800,36329.79228243324,36351.5148668358,36317.30911999395,36339.51396881572,36609096.32273869
1704329100,36335.775162810736,36362.78091437077,36302.10221899089,36330.780016544886,33192120.286418293
1704329400,36353.32125649151,36388.50474715504,36329.60044261292,36356.93571702234,11034626.237518456
1704329700,36349.53317992522,36384.20412139314,36337.11225485972,36358.42171984271,34160028.97452226
1704330000,36362.41904388078,36382.58028648455,36345.66480348088,36359.81483029971,28549287.87544387
1704330300,36360.77385848804,36390.47449509445,36307.71040401804,36363.37398726591,23669837.051558174
1704330600,36363.54490331777,36386.97386144557,36331.35297212711,36349.38202710645,18702867.584865183
1704330900,36347.28970021748,36399.37272356773,36313.47545613691,36362.51921823544,45406761.019570656
1704331200,36369.50369107678,36404.89928411196,36354.42246101922,36363.87848138162,17258517.32356866
1704331500,36367.48336824866,36395.89877829335,36314.751066382654,36373.84579687216,82333445.51414755
1704331800,36374.83914528279,36441.54191444145,36356.815507370455,36377.41614963434,30491560.297010034
1704332100,36380.75938109912,36411.56979755619,36353.88548805031,36402.00254942084,13041460.891181545
1704332400,36382.3047983427,36409.28631906501,36342.13236050438,36367.59762587229,32277921.101194758
1704332700,36376.22103125202,36419.32632992527,36342.17637099109,36368.29747521209,28697498.48285283
1704333000,36374.9715991172,36398.10264253681,36347.58195889175,36398.10264253681,16339779.508148687
1704333300,36371.27959333516,36410.489205831065,36328.8130551465,36366.84300756671,16974330.70612981
1704333600,36362.09705606396,36387.91586468722,36318.38958287801,36357.587542188296,15882169.840029918
1704333900,36367.535162483015,36386.61220186399,36333.39861937564,36357.36731378826,4223087.479108824
1704334200,36349.42354832809,36391.25652112158,36318.69532843983,36339.0792350912,20762688.488913395
1704334500,36339.22444008708,36371.35293097953,36301.653004179454,36332.08271357087,23055419.940158483
1704334800,36335.57850497742,36380.48161953274,36302.19481937531,36357.08252846448,26335890.261323527
1704335100,36362.67097827439,36398.94341639826,36320.09107322141,36398.94341639826,17431310.718776852
1704335400,36379.03394963613,36424.10017818773,36338.163362422216,36379.31159664032,17411892.47324258
1704335700,36376.92573654282,36393.40301948957,36350.91738922531,36385.04330290889,48384990.174980626
1704336000,36378.49751645744,36387.97807157613,36313.27324103155,36347.470709787776,30112007.17776176
1704336300,36343.986887240855,36377.96117263282,36303.56509193932,36320.40304149444,25333198.812467135
1704336600,36335.477138213806,36362.68168542142,36303.55924185117,36327.02199436876,29448939.21749501
1704336900,36337.45326571651,36357.98647200126,36315.03444966238,36344.23440917369,25546724.0266471
1704337200,36341.08570469495,36361.32655037143,36318.75600902016,36334.00901558194,10303510.296788456
1704337500,36328.892163176286,36337.47087205622,36285.90806889631,36311.88298994812,18154245.170960918
1704337800,36301.03282601195,36315.31500904098,36268.592324689016,36306.83316575309,25632526.573044237
1704338100,36319.7615860319,36364.485994636365,36302.0570607784,36315.20194924987,62928862.939569026
1704338400,36318.132787649054,36331.10712000546,36285.466356335135,36303.736832105336,17573313.09951937
1704338700,36283.52173140574,36301.91326239621,36250.75152600199,36286.95755826908,21031698.582541715
1704339000,36269.255751438,36300.642667043554,36249.070207654026,36259.54533053836,56844950.29631859
1704339300,36269.86774162084,36323.177004622485,36248.114936632286,36293.533103321584,26655797.930951536
1704339600,36289.283251073226,36313.8339565748,36259.911657582,36274.86596071423,13280588.413097123
1704339900,36291.20620452224,36300.81605173723,36266.66699442817,36279.84619962712,41959541.41907205
1704340200,36272.23688050464,36296.31897702729,36253.26681253875,36272.25245982085,30061782.175668903
1704340500,36277.29035544541,36309.184230454026,36245.82761058918,36298.49582350317,21595887.487595633
1704340800,36288.37841997335,36303.86908173055,36258.01192854952,36269.89341027922,27739446.648204885
1704341100,36298.93309024435,36320.16881868716,36225.855636550106,36274.76188503089,25313325.323430933
1704341400,36276.670512854005,36319.23491900088,36256.43479174309,36286.931990036486,26813257.704513982
1704341700,36263.16225227035,36297.8767376734,36196.11798539333,36254.12075025395,14615862.672740318
1704342000,36248.18749418332,36286.65480700753,36212.76904984276,36227.83205526239,11233742.087562965
1704342300,36250.42509025178,36272.595851258586,36206.95979781068,36241.79707346218,40195183.2820147
1704342600,36263.603721536914,36298.80575651223,36251.069695267775,36273.60737746606,37872403.3132897
1704342900,36277.83377916979,36324.08346721231,36255.04726408472,36298.40220206794,21280233.719066963
1704343200,36288.98047680103,36299.350854417935,36264.98644787104,36292.55866750684,27995163.274169955
1704343500,36258.91433262677,36282.96335657347,36227.971116876215,36261.32620347343,8547873.354281405
1704343800,36250.2777748528,36274.48929541025,36213.797862416126,36219.61327385876,25174301.24428857
1704344100,36209.06050057492,36247.68027695811,36175.28861248087,36217.68772895756,26518007.735016793
1704344400,36217.45064867671,36266.50333407055,36199.11443970403,36225.17108451596,46976640.88459071
1704344700,36236.0494457588,36261.11084987789,36202.39461109127,36220.97865588305,28449296.17144321
1704345000,36203.20983933596,36250.50515655862,36160.0763597489,36203.95236355385,18819059.253763516
1704345300,36195.96047547008,36228.96095911336,36154.72466217945,36220.90650142011,8294101.194864819
1704345600,36191.43653135623,36211.6332335271,36143.39930262316,36184.36979683741,39514589.15837999
1704345900,36181.55539673056,36212.7627777168,36147.66112982707,36160.46798363574,31156622.361880276
1704346200,36161.36540578624,36183.0182739836,36117.88716400468,36160.3384354394,19372791.52933847
1704346500,36171.7472985114,36203.361605804406,36146.40437181915,36183.08770462747,19537890.76421563
1704346800,36191.66852190286,36230.994535815305,36170.485638716775,36170.485638716775,28664805.52392114
1704347100,36202.22585311684,36229.12182750632,36178.50685058851,36211.15938197167,23411875.92652963
1704347400,36193.52516229311,36247.01865209129,36172.793109877246,36196.634597394455,24920869.28584828
1704347700,36181.43382956314,36225.20330409365,36154.17379151452,36193.971387282,15525249.799235923
1704348000,36161.47236694177,36171.81325470572,36140.611594596565,36146.524299808334,23090448.762762733
1704348300,36152.71818541777,36177.96630157159,36110.21065373746,36153.46685180087,58111100.78853869
1704348600,36145.00283414262,36170.59344631387,36078.36778060792,36118.32389319669,10905013.80296017
1704348900,36107.9648592411,36137.09315290507,36061.62636328032,36103.17712837463,34171360.16557182
1704349200,36089.396597855775,36118.36247252951,36060.534719234194,36088.90103425049,23710897.819311872
1704349500,36096.90148719244,36118.38624293476,36074.41916308084,36097.513966997016,35012954.67602345
1704349800,36101.39390297468,36132.50855506427,36081.601097911866,36132.50855506427,52178731.706600145
1704350100,36100.99255329408,36137.29710559835,36090.259610020126,36100.96985194294,35503195.28461445
1704350400,36094.65487516493,36118.68060407569,36067.20363682149,36114.489183095146,39115809.25538171
1704350700,36098.18600829322,36157.211726897454,36050.11902985599,36077.90613591294,35463614.75601248
1704351000,36084.381382388296,36125.12881684228,36042.695789136895,36085.33124828558,9286482.894548811
1704351300,36080.45116540439,36125.929430491575,36056.81361359231,36108.92823605344,28248865.63994594
1704351600,36098.71469213661,36124.88971506464,36068.16210840748,36099.54635745935,18850119.837701894
1704351900,36108.246411208165,36138.38752569496,36087.45085936807,36121.985128347405,15436872.412579063
1704352200,36112.98117719224,36139.95714254603,36085.10374058432,36106.68861645921,45670782.123038255
1704352500,36094.26342322937,36128.877402777325,36070.34419332055,36114.60817456397,16637572.626321077
1704352800,36081.43001847303,36127.43412026844,36061.81612384629,36080.27749005453,43466976.11166135
1704353100,36079.014481260616,36099.30682164589,36044.96376092165,36062.053437597104,23823030.792526454
1704353400,36085.27459931862,36120.746305679546,36053.10472182961,36100.01719112096,20385449.69240356
1704353700,36110.30396643051,36135.79259702959,36092.340420315006,36114.6654567856,25108266.094484095
1704354000,36103.25274925986,36135.02375131884,36089.2755350032,36096.2813130199,38924703.71565045
1704354300,36100.50825955686,36134.36256056815,36062.99744246482,36076.48746471517,13290075.390339408
1704354600,36101.782711158405,36117.03696697233,36065.80602320712,36091.33625135868,18162913.29935698
1704354900,36108.88752382534,36146.78953808595,36092.32760752219,36130.17133990858,9838422.190772723
1704355200,36115.25275324996,36152.55746746173,36085.23083519656,36134.73151977336,47868374.1514955
1704355500,36108.68753987124,36152.00005539328,36081.85912312273,36117.39283402616,19781337.802485947
1704355800,36105.4482922012,36124.05789871616,36082.95977719216,36083.63936506995,35154344.014156185
1704356100,36094.41779620119,36127.27967931772,36067.68026771348,36079.38112180476,50818564.23750565
1704356400,36101.13123532293,36123.60064839962,36074.65563060806,36123.60064839962,36924942.037796795
1704356700,36107.15983438015,36155.05908821466,36075.8096477093,36120.304248186025,13181895.24945039
1704357000,36110.61489301001,36150.70962908667,36104.42799903931,36140.04532264923,14350037.157551508
1704357300,36127.29011172918,36181.91356327768,36076.24446171701,36105.5235596634,26282784.9209087
1704357600,36093.21711422356,36116.95107964557,36060.3445648097,36083.658509300985,23336918.78691495
1704357900,36081.84944530236,36105.41401190045,36055.313085390895,36090.779456150776,9447304.266791617
1704358200,36094.32684149694,36128.4121929326,36056.83190728722,36102.33186039935,23539308.959848154
1704358500,36093.64488814956,36128.77608794152,36049.61734582081,36114.05553896343,10570852.01067228
1704358800,36115.73030465415,36127.2209940107,36062.726315521504,36099.8936451117,6641904.663432954
1704359100,36097.4513336744,36118.263763733295,36060.11975308411,36104.90959663362,17379401.83604209
1704359400,36099.47877796533,36155.70553162587,36090.700170648175,36115.04931172622,13965472.944780434
1704359700,36130.199035701335,36147.27578298586,36096.57323032365,36133.39928050116,25206513.19314254
1704360000,36142.77800271511,36182.47103125684,36088.257176453466,36121.59277495028,16556859.755960325
1704360300,36127.939502517664,36139.2063436747,36091.67747113333,36136.36085767693,28483981.261835
1704360600,36119.0109224808,36154.04457135956,36092.046916011415,36094.90157771869,23518627.887986578
1704360900,36117.150674740085,36153.853742731146,36090.55847574398,36133.9911251217,25324874.311577555
1704361200,36125.64166187969,36158.9310787347,36086.58761568764,36122.21015018188,17444149.252948284
1704361500,36131.22443107061,36166.48633003383,36089.6730699508,36137.55382988695,20142698.913353447
1704361800,36119.13410502159,36142.43725903141,36096.15841348862,36107.61668996426,14023520.575673051
1704362100,36121.09215915653,36153.031600520895,36089.95845866539,36127.16274329573,19916334.87813455
1704362400,36118.77111106967,36150.297213688544,36084.49751796275,36122.28843308733,22607486.718780197
1704362700,36109.00311677184,36133.18625949582,36059.34874986654,36088.056306784056,53295315.42120126
1704363000,36084.06361247473,36116.76689873158,36071.08214790533,36097.8990976781,28789864.315435477
1704363300,36107.28609657277,36141.527927127216,36082.18458557802,36126.0242389884,25709303.48854414
1704363600,36116.1660937501,36130.58686898468,36084.83773021265,36107.55992289673,27559677.240675535
1704363900,36109.65759409065,36143.05912812498,36088.32367729388,36103.82217066053,42865104.79212476
1704364200,36091.930570320284,36107.54241632165,36068.17988405994,36078.71160460821,23511406.99863576
1704364500,36087.16202781785,36102.52662756922,36042.78602265415,36056.98297028491,23590092.294536706
1704364800,36066.56625240037,36084.68966581306,36032.138096374685,36060.49354515929,25657035.692598645
1704365100,36057.81760612908,36102.22449847671,36047.40421823591,36090.38628775271,20502282.449833997
1704365400,36067.179631416,36098.38804545036,36057.54174709633,36081.77498723553,44017613.71993825
1704365700,36079.9410965832,36107.91396956874,36053.11374684641,36077.84162233343,28471001.68511683
1704366000,36078.57586603658,36107.74985672587,36024.77940244592,36094.57023209255,38720307.78740865
1704366300,36070.24555260046,36091.31673742825,36047.60355777181,36065.17538895795,11816718.305876223
1704366600,36062.572180804615,36093.92376672616,36017.30512301698,36061.56544809782,18057306.072166536
1704366900,36061.44586978458,36077.90734501551,36026.23364390513,36046.07101909853,36820614.95727709
1704367200,36046.7236288844,36083.61784033728,36016.4372272596,36058.76450209535,32975142.53967092
1704367500,36051.05592970458,36055.25434962008,36015.43650257465,36017.42906667453,18904148.504658565
1704367800,36031.05701029068,36067.636834491976,35993.05224709202,36052.62569878267,47602640.57541535
1704368100,36039.615012679074,36061.56389803688,36009.72716449868,36058.13895237072,23011462.441658873
1704368400,36034.25971718112,36046.67353057044,36001.32131221486,36018.20867392811,7147790.58962276
1704368700,36027.72465033801,36057.94385457786,35990.058411316764,36029.35224914144,30282925.351925593
1704369000,36029.29453221981,36050.50674425592,35990.026693835214,36022.72360636233,61396534.25674128
1704369300,36025.5672363324,36050.169566729805,35993.02796279697,36050.169566729805,4974909.573530054
1704369600,36020.13242403135,36052.99967990293,35999.09004234048,36004.88240395294,17292899.56621083
1704369900,36027.19076158578,36046.63953330744,35981.04127514987,36019.60084974683,11156805.926358845
1704370200,36000.69974146877,36021.14236585519,35955.82637621905,35981.08115996348,23863626.246723842
1704370500,35991.00657733647,36029.4771423767,35970.46297116055,36024.61770132405,67777948.09004241
1704370800,35999.86613235646,36044.03868141709,35979.40139030377,36018.36466848759,16897953.172777485
1704371100,35998.07851832779,36019.89253445446,35967.236425856776,35991.026724379466,28246674.368811034
1704371400,35981.9051247914,36019.39956675003,35955.78522724037,36000.791348003746,17099335.23385934
1704371700,35995.480574878144,36031.05624691538,35988.35631445862,36008.859410695826,19464387.0140407
1704372000,35995.624362723174,36022.75656056514,35952.10538112855,35980.05601406034,29016651.046830654
1704372300,36001.36083221309,36025.17320344141,35987.527368112744,36025.17320344141,63215982.60805762
1704372600,36012.330994477226,36036.9776838636,35972.873459774695,36001.45363591743,19892868.20377669
1704372900,35994.26743944081,36011.986778712184,35947.245750614085,35965.831088276456,9817888.106725268
1704373200,35976.17023626874,36004.19541715893,35940.551682112644,35986.12559255648,26629114.305826876
1704373500,35986.242798704545,36024.76211561394,35947.027456548625,35973.110669898255,21398081.574361004
1704373800,35969.14754711114,35998.04446178473,35953.15283628215,35970.5673203895,19654102.057703458
1704374100,35965.8319703342,35983.66947210672,35925.56890770537,35937.82568365443,10816606.977746734
1704374400,35948.495850888525,35973.82541539708,35915.67802822691,35970.166904684665,12237371.648429293
1704374700,35947.53477091128,35974.34603174041,35917.19853210314,35930.89527504239,32304193.211016048
1704375000,35936.11312321724,35977.58777554399,35895.726361784145,35913.19011962624,16873210.408063173
1704375300,35920.63215800752,35939.60502478332,35892.85985376033,35906.32427418889,11333678.402352154
1704375600,35905.613957696456,35938.057128878594,35885.988257076955,35907.85752435231,51857911.27130561
1704375900,35906.38025697255,35917.57667965022,35853.78788472366,35900.36589284203,11171668.959813243
1704376200,35887.34912040669,35929.07674933516,35868.76709373985,35870.65452151771,19180928.345294643
1704376500,35878.26896229334,35904.371841146,35812.10910728453,35853.730730674775,18842030.44467026
1704376800,35853.126790861235,35887.15996634446,35834.43718581626,35844.40862744599,14544202.963885657
1704377100,35867.355036356894,35896.60504977977,35839.6330929361,35850.3133851828,5160053.832810211
1704377400,35864.11844557114,35886.190447294844,35843.5222048638,35877.88952459156,19741018.79763602
1704377700,35886.36155403771,35899.74483660659,35857.984384360265,35881.170758116634,22088228.48287817
1704378000,35858.712169506536,35887.54185391232,35802.78779587377,35836.85173858688,30850270.817466207
1704378300,35861.55761083509,35871.18535266294,35833.00413016905,35854.386017817575,17101223.40370338
1704378600,35849.4363376265,35875.231204373486,35819.28920274143,35838.0457283404,29576231.95345453
1704378900,35840.62356941848,35868.217923519616,35806.44144461003,35820.93086239588,20172431.35696458
1704379200,35828.61276532355,35849.340729168856,35798.829718126966,35826.7566365668,11473660.02290749
1704379500,35829.64330162399,35853.22253798865,35791.14851195007,35820.393527983615,15687280.836641718
1704379800,35831.39021511931,35879.34988242743,35806.0262495249,35808.671566024546,12895804.179321717
1704380100,35833.0162239197,35865.98425994779,35797.84627940197,35834.98962932189,15648760.245577123
1704380400,35828.195248780474,35843.966929892325,35780.8303201383,35812.41143512593,25767953.40573043
1704380700,35821.85709607556,35856.7190592269,35790.55508098591,35822.6619027243,31868652.978787813
1704381000,35820.76224427504,35861.671693626624,35788.98555942383,35832.546523741694,33034091.34573804
1704381300,35819.01192743764,35875.08548442704,35767.38478421911,35820.05669968731,7249058.636119545
1704381600,35817.11373725258,35845.45310758928,35778.3103807185,35826.61773271331,27613611.533209104
1704381900,35816.241103557215,35840.645666254946,35793.29402328798,35809.849059505934,10267438.93281052
1704382200,35824.77840546831,35879.72368052501,35804.858643265026,35804.858643265026,71378136.7530283
1704382500,35840.41508481746,35876.79182103283,35816.498574945785,35851.77942254956,26641359.32076956
1704382800,35848.14343490686,35862.79832966504,35823.753500129744,35836.97459094277,29204136.305516366
1704383100,35836.474168625464,35869.107343907555,35817.46946131477,35856.47605140788,39466792.9035456
1704383400,35839.9539555816,35872.889655210645,35771.32208092485,35846.529074498925,26298909.46036891
1704383700,35826.5384029986,35873.33514555457,35803.80757398516,35838.88140672459,18084888.69928218
1704384000,35842.049498743334,35876.34485949278,35798.818625789274,35834.70896434685,13803881.564716227
1704384300,35841.59029399228,35876.02244643738,35812.053353992786,35855.92217147492,10731123.17707024
1704384600,35855.268005265774,35879.14504110405,35820.666321191326,35848.12241355664,7826289.753625279
1704384900,35839.03634127338,35886.453027026124,35813.18348284176,35813.18348284176,21784769.44644372
1704385200,35831.606121480254,35872.416392685154,35795.18733046407,35825.75800673922,17809447.60749054
1704385500,35832.222145467524,35860.23780699182,35804.56872563467,35823.69926568199,38812153.941851534
1704385800,35848.83002869092,35884.25880943148,35831.102272166216,35839.47073431556,21333351.55175748
1704386100,35849.02342388555,35875.831910691195,35815.660902475014,35856.99100732764,33787725.353876136
1704386400,35850.94477684921,35894.69890339948,35818.28234595473,35869.60661125386,10250916.047884949
1704386700,35856.98069699477,35873.831228849216,35822.48231905323,35822.48231905323,33238758.661663927
1704387000,35844.1649767517,35868.75955889502,35806.7145094832,35837.62127375593,20496140.548222795
1704387300,35852.3148134143,35890.19172967094,35833.05221820868,35889.76209515172,12007545.705810495
1704387600,35868.4546476478,35889.175285330355,35839.77412701776,35839.77412701776,11814842.538183846
1704387900,35862.38268344107,35903.22312718629,35792.70182539371,35861.97472905232,28480557.588016942
1704388200,35841.316706766775,35873.771395146214,35824.772494177814,35846.33305748105,11480596.736600796
1704388500,35845.76649745694,35876.61024497413,35824.9389724077,35876.61024497413,29742204.461897694
1704388800,35844.98758935883,35867.649803427485,35804.05650128076,35834.38722160312,26160906.67657865
1704389100,35840.77517324853,35874.30852305314,35803.31857950849,35837.46785508196,29505265.951708913
1704389400,35834.60937602614,35876.005197257786,35791.67833709963,35805.02189830343,26333485.09188345
1704389700,35809.375123997226,35822.51829214734,35762.757196737715,35814.77004660802,9728526.166218637
1704390000,35792.43553262786,35840.55887220741,35779.65717011479,35840.55887220741,62942640.70130548
1704390300,35821.25956821551,35847.23559817571,35794.30873293385,35818.83881776201,22374792.821621824
1704390600,35821.53565576162,35847.58907186711,35801.87165618082,35832.89685069051,68174542.84513828
1704390900,35813.36398721484,35831.015981949204,35780.27887959274,35821.27824250647,39814935.34649589
1704391200,35829.90924171501,35885.125226074124,35794.036215536544,35807.2927638003,32377787.94590594
1704391500,35811.65823991204,35830.17503307545,35770.93223651669,35788.77024654567,22523868.657155663
1704391800,35771.22916154381,35797.869309375455,35718.51310068513,35776.336223094804,21145301.208975658
1704392100,35751.583293003525,35776.324051084775,35718.325734292805,35742.55779537951,29119113.32833942
1704392400,35750.714636029086,35768.27209683212,35703.375112025125,35743.06875667563,9374438.082644604
1704392700,35749.906033415755,35797.54667878627,35716.87566774812,35759.915781640055,25938244.29630598
1704393000,35755.79671756372,35780.27465952128,35726.473043519654,35762.079153409606,24180583.35225058
1704393300,35767.91222119453,35786.71278275733,35740.94836887394,35766.68232661839,15366844.636766607
1704393600,35748.539493894794,35766.13050760049,35699.141924148564,35721.636227921095,18315644.06408831
1704393900,35730.23928621145,35788.28262211439,35714.363377531874,35753.495697017584,41862200.894525126
1704394200,35741.69381919567,35762.46390815042,35711.330910235745,35723.2448074609,22996761.09804718
1704394500,35734.235473680696,35757.10159026047,35708.10066590555,35757.10159026047,49037661.341311745
1704394800,35721.68138738388,35771.89557408586,35699.12290042818,35730.84659105095,33825358.94120287
1704395100,35722.38669248557,35742.430236597844,35676.497850387605,35709.419853056344,16112610.564795144
1704395400,35735.22475901741,35756.584141239226,35711.0261041909,35737.689137715686,18710730.238155276
1704395700,35729.17428570105,35763.805750633655,35695.37428814141,35728.38826440118,31801558.97263486
1704396000,35710.35374576064,35736.67002404807,35691.513336134674,35725.96098159392,28595337.761198826
1704396300,35711.236531276685,35745.59384302025,35668.163319951615,35724.71965587403,21159098.258518487
1704396600,35738.66174518467,35775.561591114274,35727.1417809102,35756.36718168184,27107322.672321636
1704396900,35749.94565436362,35787.37221580887,35728.98589309793,35769.884847079265,18499160.236604363
1704397200,35771.261618737866,35810.15694211445,35752.673697444945,35783.943873325035,20319492.447367642
1704397500,35766.66883699009,35786.01939671517,35736.08340735686,35786.01939671517,51760119.4797236
1704397800,35758.70908851768,35769.56707493794,35713.15701002599,35749.367136208544,13112939.474269101
1704398100,35733.99133339847,35754.98394289091,35704.15508095299,35718.60539261209,27455586.163094785
1704398400,35746.869070572044,35786.05721488386,35721.4643847831,35762.69909033555,29129515.98995587
1704398700,35757.4218534834,35791.93547566313,35712.563504447084,35739.42232976845,12528328.294820834
1704399000,35754.61372978078,35780.83384167984,35719.9414877412,35746.51040576882,35569863.67456263
1704399300,35751.79068254674,35777.1166135658,35730.48117418903,35752.58534975299,27217350.12735278
1704399600,35761.11476760507,35795.65790990469,35723.69153756783,35765.97873929871,13395269.320177145
1704399900,35761.24254642985,35791.02447945666,35732.59068284231,35748.735354040946,18745957.363973845
1704400200,35753.34196057111,35782.03244658414,35730.30765114052,35771.04629257808,30828455.89648867
1704400500,35765.23544105476,35789.0066625261,35749.87132234595,35770.28394013829,11454470.804673512
1704400800,35775.91722137584,35810.296276644774,35735.878923814395,35735.878923814395,15755550.671071474
1704401100,35747.241059110325,35764.07657191704,35698.5136737088,35720.88996793223,12241414.534064464
1704401400,35722.28489849168,35741.90248647779,35682.44945571922,35728.44665849374,46056506.604586236
1704401700,35736.27158096658,35784.9520941221,35722.844567922446,35771.95784006094,22973838.298430778
1704402000,35758.572263333255,35777.80081934082,35702.283859772986,35764.83837161786,35746860.98816648
1704402300,35754.27718417584,35784.83112908606,35717.35415096761,35732.39638691635,35574329.60263302
1704402600,35718.66975074354,35746.64822064863,35681.11712217839,35707.336375311424,25120022.595247783
1704402900,35707.03483892785,35754.83967349982,35666.78452488229,35698.34634847656,41482492.16583183
1704403200,35687.49223539579,35712.071661942115,35646.663069824135,35703.382446683296,28988450.094571766
1704403500,35698.85138811701,35712.97673901187,35665.18425999893,35682.20759470055,20539464.276644647
1704403800,35679.83828979287,35692.53958465511,35618.03795501048,35660.07782861958,9506389.324187277
1704404100,35655.00093057592,35676.91298879988,35624.81203413304,35658.31187967433,26404106.374093078
1704404400,35643.3022732932,35672.77840241583,35606.41071392087,35660.84764058031,58607603.89274335
1704404700,35635.67405173617,35667.50238324283,35597.66892091342,35597.66892091342,27097125.919000104
1704405000,35601.01536903596,35643.25725044178,35587.3385108624,35593.16887604878,28208069.269043174
1704405300,35606.6585800926,35634.43811004836,35586.09181126153,35589.52432252277,22157638.28793276
1704405600,35595.82690555699,35634.77108136412,35549.499614017375,35594.67354352712,19762378.27158967
1704405900,35599.93717279049,35631.85799111705,35581.281463181134,35617.73774588832,15356309.874340652
1704406200,35625.08699543186,35653.20217691834,35614.10930771391,35629.77137888013,24037347.64056688
1704406500,35636.95252730613,35674.244126630634,35621.33748999041,35647.78780453875,11342409.204648666
1704406800,35648.90147529556,35721.18784694942,35628.82235485559,35667.72562428014,33160087.21193568
1704407100,35670.67856038736,35727.71474479071,35655.22026207723,35690.33180187165,31871248.260476533
1704407400,35668.275145428546,35679.97305417722,35622.46457279966,35651.39249093137,10610658.85256914
1704407700,35652.285489253365,35701.54730767766,35637.94288695411,35644.69796753145,39550899.841426656
1704408000,35658.05925826341,35669.53962835817,35613.97085435035,35634.82405347065,14680410.364180822
1704408300,35623.0492594904,35681.74236933336,35580.99837735925,35661.688860802664,21076682.86532617
1704408600,35645.435291228394,35667.03408151783,35594.711389163895,35615.63541095499,37933908.8774537
1704408900,35625.529356942854,35656.99334782427,35587.46548798284,35621.25630031651,40192109.4254155
1704409200,35616.1425932406,35647.41820795518,35585.81371434123,35646.7152200599,26038718.8209004
1704409500,35623.15593280388,35644.25672034532,35589.19772064879,35620.99203492739,29591958.056692578
1704409800,35602.372031436375,35637.90253468649,35573.10696577305,35626.594228062095,88274589.71110554
1704410100,35621.16069277831,35650.01565600737,35573.8634399953,35624.32010516791,86936316.47649688
1704410400,35616.64924198241,35639.92783156878,35561.74079808305,35618.581065917235,15327445.368123975
1704410700,35613.32619820302,35643.25870343267,35568.289885867074,35606.91022190503,22068036.581231907
1704411000,35629.1166420588,35671.455798978306,35596.87187608961,35630.157328451,25266029.501105886
1704411300,35631.82840488899,35655.182823772804,35608.96311392486,35613.561336925035,26650173.098144803
1704411600,35614.48171628088,35646.66690456,35583.192342867886,35585.89381952624,12083806.038204517
1704411900,35576.40049585753,35590.41386510171,35553.21536423866,35566.06104620778,10779438.610880813
1704412200,35576.813319593515,35587.368764456434,35527.14526778923,35558.25975786138,44820545.58042235
1704412500,35564.09905862284,35598.943156688,35536.81894411258,35570.81131819425,11690580.066681905
1704412800,35555.391356248074,35591.68039458776,35532.407185132775,35556.17843989977,34792292.424325675
1704413100,35544.52762504242,35573.97328327804,35518.19485496417,35521.74154669323,25523748.247349832
1704413400,35533.20373488925,35561.663942506864,35487.15979250932,35542.51704397214,68752964.04468946
1704413700,35554.79696995127,35580.89041251285,35531.06985740287,35535.62741596227,18682741.065287456
1704414000,35542.47356480636,35568.36061210543,35504.95571968589,35542.69247329997,38109964.85110386
1704414300,35530.198446660455,35587.56542141808,35501.379912389304,35542.216785603785,16475574.379448092
1704414600,35536.96475552249,35563.65148144174,35503.56543269951,35531.42310783701,13328524.21062873
1704414900,35535.82438578173,35554.4975843666,35500.2520760426,35531.10118492009,27292658.321309023
1704415200,35552.86444505728,35577.60552778424,35477.47512856922,35510.23653756379,24641390.106300514
1704415500,35519.859465087706,35563.37212300409,35497.77290991224,35529.14822608686,18508434.362873226
1704415800,35532.044940280466,35552.499163851244,35516.57971061962,35551.37589511477,9158983.985028733
1704416100,35550.26812731062,35587.6622804269,35530.309903802714,35567.273773591674,19658150.616785504
1704416400,35569.21709603784,35594.73312922329,35537.21898907044,35559.43757801531,14938431.000663629
1704416700,35566.402324011106,35603.16061227296,35548.59965759271,35589.46898732067,33647299.6958957
1704417000,35582.8234160582,35609.05928023255,35546.242939583026,35563.98522854405,25304806.050668467
1704417300,35577.80594704002,35610.316243630354,35548.264223279584,35557.561166054096,10808518.479350425
1704417600,35561.01435033098,35580.11790960484,35526.033400053304,35573.128505354616,79941755.85429324
1704417900,35577.62621236358,35602.81375730133,35547.15111989034,35578.94199868189,16082492.175573055
1704418200,35583.05802688046,35608.11357417343,35566.36245220892,35578.7220842794,13075694.718742706
1704418500,35599.38705705232,35612.38574629731,35567.51405023443,35589.098417519446,32791730.471682828
1704418800,35608.368671241864,35635.19819127568,35579.39334728548,35618.81879602902,36306202.18442101
1704419100,35605.98246114561,35627.41818280491,35574.79210469173,35596.98338212076,18943324.490415353
1704419400,35606.058731567515,35643.129474912435,35575.35581601066,35586.862838925736,29633346.50597873
1704419700,35591.17703771153,35647.99970828676,35575.970769142055,35604.526222182314,29617043.05215682
1704420000,35605.70942520215,35636.327140079906,35560.40080700633,35577.81147702755,21916573.58754517
1704420300,35591.34501174748,35607.511229918804,35552.649650474465,35552.649650474465,45915256.59701575
1704420600,35566.62781541532,35602.85568450754,35548.935723290175,35572.36090417455,23127823.879627135
1704420900,35576.38847511462,35587.21983175132,35535.941966165854,35569.53874046513,11077308.6741944
1704421200,35558.67259958205,35582.20617876466,35533.15509992676,35548.96359767982,50069207.91891407
1704421500,35555.27600747383,35580.900241922114,35509.99167223631,35569.494485361545,19957782.836712502
1704421800,35559.309962072606,35588.002353661446,35531.55467487328,35552.06756797723,36895994.32671985
1704422100,35547.64054390098,35582.07080687388,35528.07459001522,35563.74793771875,12347192.345710194
1704422400,35556.50762013954,35586.785416421,35532.08564395367,35546.84645127581,13420272.299531486
1704422700,35549.87733791028,35603.26563835629,35522.174809370874,35533.550176460325,57203680.3093969
1704423000,35552.859681340706,35581.59287777286,35542.24372742488,35562.80590035786,10306906.369389936
1704423300,35568.56734475344,35592.54887812687,35526.0052172618,35551.52514277878,17734608.011766087
1704423600,35555.121991956614,35597.94535143457,35532.38462529622,35568.98629116909,25013001.431003008
1704423900,35570.04830990278,35626.66742670118,35532.05117166427,35572.34033546708,15952586.201845191
1704424200,35562.84618726328,35581.79172650574,35540.96771719759,35545.18054260725,23831526.20100881
1704424500,35545.041282880964,35569.35532949503,35503.09544246136,35519.2138072117,65213608.79184539
1704424800,35541.176583971406,35571.380025202525,35525.13311590806,35532.27809778963,24058415.912412174
1704425100,35530.32282850725,35561.29475425299,35513.03000069418,35534.96977835022,20985279.899213783
1704425400,35541.11322125759,35562.28684669903,35501.570376069474,35549.581689211016,41702986.50238726
1704425700,35538.88226381044,35559.03073425823,35516.76790751767,35523.24050173514,11903004.37565345
1704426000,35509.92405029168,35572.9337834273,35491.619950767745,35518.52595105093,49560304.60718412
1704426300,35517.58626356006,35555.20804837968,35489.95438994753,35520.422695688045,10366812.697310606
1704426600,35522.85161426265,35531.08231894474,35483.76491675423,35504.24418107738,47578522.80011441
1704426900,35501.451726292195,35541.021073751486,35485.42422137125,35527.16602603445,47221794.883070394
1704427200,35527.08978960279,35554.06348571368,35515.496401651035,35554.06348571368,31066767.394150227
1704427500,35525.43946575924,35548.132008648514,35500.9623164856,35545.25987174256,20335002.928228743
1704427800,35546.2838767966,35559.328931361786,35514.8727541087,35556.610718627635,19528915.733320765
1704428100,35541.26392008892,35570.96679355185,35515.12721212483,35542.394833901,43030293.4139245
1704428400,35548.187293322575,35593.278510245735,35528.43352180537,35551.46626843942,15130848.92004114
1704428700,35574.58229562606,35619.135674768324,35560.86777800655,35602.61765007628,48977535.42981599
1704429000,35600.81652536291,35622.72229076499,35565.616732913644,35575.84011357772,10315785.264154248
1704429300,35577.89326901939,35623.30046374435,35542.388197021435,35609.20894262609,35921377.22493092
1704429600,35606.33372835318,35652.53417283779,35585.32725194721,35616.6994002732,36109188.195208624
1704429900,35596.020365716446,35628.37043728403,35553.52414798456,35592.31607596596,51281996.96304198
1704430200,35589.9822072795,35598.11005027656,35546.952204058616,35576.28778554034,29016186.98080957
1704430500,35591.04924113338,35610.57626140894,35562.581892611044,35573.630103798736,56550011.458013445
1704430800,35588.54598290731,35619.18762300474,35570.53926014605,35577.42476882305,14765729.24537162
1704431100,35589.17298327497,35634.55169975986,35570.10616361082,35586.36880574154,17336677.37342965
1704431400,35602.77418131738,35626.86345879699,35557.13433572815,35603.9458060192,49651356.83364182
1704431700,35593.439784858914,35622.606886190064,35542.780943398786,35576.9226916144,24350256.54747069
1704432000,35592.11877189709,35621.786279117136,35582.39119466792,35616.48347374167,36031664.270537384
1704432300,35602.47224117553,35624.30176318673,35557.2556744333,35587.42967337792,32727027.28031192
1704432600,35591.84039951842,35621.91735869359,35562.01065233062,35598.97098526566,12038310.739939395
1704432900,35597.63730478895,35637.54700103047,35568.76721406909,35619.34917094093,16783713.1076072
1704433200,35591.34100279642,35653.653261919375,35566.04102415233,35608.116323560345,31188185.233574905
1704433500,35608.294605605464,35642.98189869511,35584.33092735382,35592.71542739361,38482546.615436815
1704433800,35635.60386823874,35698.67423940072,35612.581382140765,35646.9239198163,29176064.414343942
1704434100,35639.23536287823,35670.97984463509,35600.01556569046,35638.37601691235,10322151.660475679
1704434400,35623.692546057784,35627.64811715714,35594.101404670844,35624.59426797431,28773856.023194067
1704434700,35607.907594899814,35623.57661368015,35573.81657359596,35593.683703844195,25763540.864478234
1704435000,35598.42287856805,35611.513267120084,35566.378258786426,35568.521447176885,20939018.000276495
1704435300,35592.83290949892,35608.55047457407,35548.493502973484,35577.83893531727,13538606.807523346
1704435600,35579.54083968631,35586.296329744975,35515.88837436503,35542.923109169446,52832374.83602232
1704435900,35559.653252254844,35589.7596562556,35518.19686581489,35560.52760849003,71012976.45162445
1704436200,35564.41947519292,35594.47956906936,35545.15742228029,35579.9311749044,27371971.543925654
1704436500,35568.49649348747,35606.46867594204,35540.56778483487,35588.844415836174,15179041.56609902
1704436800,35588.90105215634,35625.70238058208,35565.63628809356,35596.84162888717,30097481.17140649
1704437100,35599.50064768292,35614.58420085463,35552.602942545695,35570.28579425677,22677008.88526503
1704437400,35581.8457439046,35615.4505008544,35555.76637171082,35592.74896096926,21173533.034748815
1704437700,35590.159063131265,35606.80049431553,35551.69988159635,35570.98262500387,24368028.397643384
1704438000,35577.83754805725,35607.84838373175,35552.48493488673,35579.05354337243,63858585.25075438
1704438300,35582.41258109365,35593.96739568911,35550.764008562874,35558.60859637417,27651167.51601998
1704438600,35556.322908819835,35578.82509799319,35519.53252350734,35558.50825009784,11199589.099267593
1704438900,35562.38767418779,35580.358384965446,35543.82711447981,35561.88860025012,52782395.107352406
1704439200,35553.40263768212,35575.32594446872,35515.936852333456,35522.4550288602,24758321.413557723
1704439500,35526.661843631155,35565.471332828216,35493.86427347296,35493.86427347296,16799289.37787561
1704439800,35507.5705243328,35520.38700128823,35457.774553635965,35518.19500593174,103932469.09047118
1704440100,35500.80711740735,35521.846814479264,35458.84384240346,35489.01046400938,15129037.184851173
1704440400,35482.76498301951,35504.95753170901,35444.389062116075,35466.12701190481,20441816.26334672
1704440700,35473.602566341666,35517.0433903671,35454.166738081,35474.18307053034,46545174.640316784
1704441000,35481.98242039016,35508.88722538881,35449.23656800649,35459.450963465046,18466784.831123758
1704441300,35473.832927841344,35488.062422840645,35438.39665561981,35467.8225882545,24425054.774376705
1704441600,35474.75965702808,35494.64111399891,35445.293718680135,35473.884579519035,15639220.165402833
1704441900,35479.37295495038,35510.46949048464,35430.88173240256,35468.506902443296,19510718.788729746
1704442200,35475.95998170639,35496.23017972681,35448.72194488135,35482.869902319886,21077438.777241856
1704442500,35455.59575757553,35463.218778371374,35403.1615291964,35436.58165139888,49854973.516329326
1704442800,35440.65451537258,35481.52739124459,35410.13756502748,35454.50969699168,10753851.442551723
1704443100,35456.290583613765,35482.04646264132,35427.111704097355,35461.59397598853,23281222.483975857
1704443400,35457.14085302464,35492.84475648276,35429.69982709596,35437.97938178742,25821709.93746336
1704443700,35447.05290872862,35457.63444295295,35422.213101857495,35425.55272375289,26604566.610405542
1704444000,35431.764072023645,35447.85394123131,35388.017634001364,35407.23770806462,21718904.48801038
1704444300,35423.65280756373,35447.67338406958,35387.00460794464,35405.730710880576,22514069.705203503
1704444600,35414.33231587771,35441.973736576445,35395.720909345924,35414.19013060029,13035997.339789592
1704444900,35409.67484935639,35430.68628368452,35372.41312070112,35372.41312070112,25863019.00508321
1704445200,35399.99983660279,35423.31071782629,35342.75008296779,35363.99944747615,17886472.698245212
1704445500,35351.41318911791,35370.6823194035,35316.554903925775,35345.64915395165,23586496.723205343
1704445800,35353.81829321649,35411.79505587194,35351.62805777658,35370.40137723194,29464192.55409974
1704446100,35361.7155838697,35396.977660728524,35346.11835400462,35368.760298074456,25801665.204495057
1704446400,35384.37796266859,35415.9382393707,35378.686962729866,35384.32888710828,27196485.748388812
1704446700,35376.794625244904,35434.47532219524,35334.33806073287,35420.49446414792,45703048.78129356
1704447000,35402.03801458694,35437.11492842324,35381.8056501137,35399.50877122106,18094653.207573157
1704447300,35392.11183755632,35410.02794742846,35352.34138372608,35380.028268971044,16516585.59230161
1704447600,35399.14028903909,35446.446994121936,35382.53983728199,35400.1167946167,25195205.734343477
1704447900,35403.253012478475,35427.31839448106,35376.14175150957,35406.13710747639,35780584.204174966
1704448200,35390.46883546631,35438.4936714984,35361.744696620415,35414.81331743127,42508957.117848836
1704448500,35420.07334641842,35432.74660619274,35375.547088282925,35394.87953133163,24217023.780975856
1704448800,35389.8508210033,35436.18887726395,35364.460096267045,35403.70054508172,18292656.750228204
1704449100,35377.973333474045,35409.04095742507,35339.189490326935,35339.189490326935,25599236.26358935
1704449400,35350.7618409739,35362.03651597798,35304.38005926147,35324.54915073975,11778311.09356748
1704449700,35322.37212242272,35351.51060418949,35299.088071104605,35336.20569434072,19325443.91884707
1704450000,35325.18430194805,35345.34336569742,35289.6508861325,35328.31377142711,35939903.29344346
1704450300,35321.66191599325,35356.06887493847,35297.41863694721,35343.69900009991,15774838.370617773
1704450600,35333.20144234738,35346.76992202471,35284.1043831829,35305.821985542345,10391224.341848059
1704450900,35307.44368628782,35337.27216974347,35282.17028273071,35302.78954266804,17528017.221051365
1704451200,35304.93463433335,35328.94283912342,35281.993266264224,35320.24655317015,26223344.940073717
1704451500,35328.23972782534,35357.876775049896,35282.89099723508,35303.930243028146,21400395.780916117
1704451800,35317.33574279572,35354.435229515744,35296.35860173739,35317.1257334554,45333241.94719488
1704452100,35300.23209499405,35346.2941818958,35266.663082773295,35331.35161330876,14495925.780260755
1704452400,35313.640178784626,35346.77242226864,35289.376755240315,35289.376755240315,32621116.226904508
1704452700,35311.75980349424,35339.810339132484,35290.21701963694,35310.434439761215,25526327.960197333
1704453000,35326.09303931898,35364.99447914037,35306.649571507725,35321.23013855802,13176595.30240334
1704453300,35329.32996292225,35344.76211008208,35296.57870768005,35323.53447446452,26172783.361342207
1704453600,35319.5598720444,35335.66957526467,35273.30417434426,35292.27095648078,13944052.358307345
1704453900,35286.05703575579,35299.80373732445,35261.51840333503,35295.5503148297,33074778.95672988
1704454200,35281.51446117682,35327.884077660376,35248.90128435629,35286.982550371584,12385670.996409953
1704454500,35290.83243999737,35336.516327629506,35261.120194322386,35320.603968076015,15153040.083183223
1704454800,35329.39740395526,35360.65291818478,35302.88085366391,35343.70243002862,27248976.762708746
1704455100,35332.89305215922,35355.93773728901,35310.94801217475,35316.515882740605,50500041.22169989
1704455400,35325.13113377255,35337.779604291085,35261.120257123584,35285.534036607,27710632.037013676
1704455700,35285.91943068891,35299.020004022,35264.55174905244,35296.010325953604,11524215.806195064
1704456000,35282.554262098805,35312.80054452527,35240.431090160746,35282.08976521942,15123527.167080447
1704456300,35266.60089517131,35302.161807453165,35246.9946079162,35282.80401496646,20736698.02277875
1704456600,35258.60119379226,35275.64710951791,35222.470511358515,35257.3377945136,16676547.320630793
1704456900,35247.50162109086,35260.48062879593,35208.70691219236,35257.18366390664,19034027.976819273
1704457200,35254.524731489415,35309.95586117213,35235.68282970427,35280.019790821534,67042973.38522925
1704457500,35276.99020047175,35302.2679274841,35247.3691589926,35286.48543212633,23961517.75378355
1704457800,35297.65448890118,35353.10452212992,35254.19128078375,35298.30506199817,22740543.485279255
1704458100,35297.74427152854,35328.63425397718,35282.16390315296,35321.73942762183,26945987.87975063
1704458400,35319.775449519824,35349.36421346654,35306.24029934481,35306.345953242686,22631395.434652142
1704458700,35323.40442622511,35340.70374719471,35277.11614901012,35322.04236388353,13712278.981224254
1704459000,35335.364672695854,35369.87888604322,35303.871626017135,35357.57493554023,33994305.14789375
1704459300,35332.39163521627,35362.03863597958,35320.38845750927,35331.202135935775,26026498.700634304
1704459600,35335.57955851633,35358.50490438921,35305.901723458875,35350.90933914114,10824720.774058044
1704459900,35332.795018474106,35358.90776355013,35314.29958063094,35339.2658080962,22233642.779741675
1704460200,35323.69478154994,35367.356226095966,35288.147488868526,35306.7628359756,36921404.454731725
1704460500,35307.28291573685,35332.620396195045,35277.85031080724,35286.85171870594,28023549.067027867
1704460800,35291.55468732999,35302.97417909876,35246.14394831426,35267.68577353749,79479365.39489831
1704461100,35270.29946124204,35292.109547668464,35245.70096081093,35277.75353122453,35524957.699849114
1704461400,35264.11133274642,35296.704985816934,35246.6626496183,35280.46336104496,31740839.177314788
1704461700,35276.7106758717,35309.29860658754,35245.64474099629,35286.757232452175,25462232.336435128
1704462000,35280.396257490305,35322.82996016804,35250.30403025865,35303.22303978621,33068377.49115047
1704462300,35291.10670441513,35332.175420099826,35288.24287820892,35332.175420099826,17075878.518043846
1704462600,35331.354506473115,35361.88689166255,35285.53633893348,35342.47075807357,21703756.631186325
1704462900,35346.724901615155,35362.859018658215,35320.76207934209,35328.63888204685,23298190.41267722
1704463200,35338.7033861192,35360.69818723924,35298.53042106049,35322.971276460594,18768199.917850208
1704463500,35343.00607801197,35372.35017445179,35334.90659374292,35342.404093597856,30356893.933581375
1704463800,35349.589008636256,35388.33936760671,35317.60374930507,35359.73716109674,19639222.947736546
1704464100,35349.11029097087,35379.15812900845,35308.32344436086,35315.249533095455,62205346.452636965
1704464400,35329.93980062817,35355.73280587198,35292.25712477065,35309.39815135445,12453833.550721787
1704464700,35331.549821820496,35369.822607974675,35313.83133413904,35349.32224992334,19077025.726823643
1704465000,35354.589125665894,35382.43141880433,35328.40463067765,35357.42020717829,10504990.891614202
1704465300,35356.55238003571,35401.10503234695,35330.116853613144,35378.84337244652,15918723.175374798
1704465600,35392.778659876014,35415.36544335701,35365.4777298035,35388.41842988263,21263829.618231747
1704465900,35381.305499400085,35424.547495362895,35358.944510605914,35413.75586779457,40347671.7355239
1704466200,35398.70835799796,35425.73358873135,35371.871331654256,35382.1425938491,24079802.432131078
1704466500,35383.3225868422,35412.8838665563,35359.21012111732,35369.5154023269,15308780.236823592
1704466800,35371.88757543374,35391.66111484012,35318.610940396735,35362.56391192314,14445039.67356062
1704467100,35359.58000780964,35409.16990155529,35325.23506293254,35369.42843245511,38036356.648736745
1704467400,35387.33944885593,35420.56272496956,35358.83654980901,35370.053123275546,22571693.424749628
1704467700,35368.12086355986,35398.64921564201,35349.3265452793,35394.84380888291,8875870.61098291
1704468000,35375.45459029548,35391.725730136044,35348.51861718499,35373.53615690239,48094306.47878989
1704468300,35376.61822937136,35398.14824270726,35333.42646371705,35357.39653047863,22738512.090732023
1704468600,35357.27242382863,35378.46724805145,35300.19937249716,35335.06683640865,12150485.246175654
1704468900,35340.62583040882,35384.46835014637,35329.16311350632,35351.863483065106,15596705.876217239
1704469200,35347.331494991275,35363.864021697,35318.16956413815,35330.99848380236,29645051.7118555
1704469500,35341.69420078529,35383.99343847471,35329.85381989565,35352.87097220527,28539923.573747143
1704469800,35345.06300434205,35369.44805364939,35283.67443399922,35318.51975341792,19504135.47998827
1704470100,35332.010395706544,35349.14839033985,35300.30576279311,35323.51046109953,24206353.908141516
1704470400,35289.78737378333,35308.740625884115,35252.66477643631,35291.59438538929,20216645.510715496
1704470700,35301.87902173801,35321.57159631816,35272.71247964141,35283.49306074898,76261748.9071917
1704471000,35296.048628727694,35320.51791941537,35271.332186704785,35283.44759346113,30254211.08997761
1704471300,35294.270743707115,35315.26214995344,35259.359412982354,35295.090258471646,11081777.586155463
1704471600,35314.12219120275,35335.410611492945,35291.581500485074,35331.50984335685,23821059.804244578
1704471900,35322.25202835056,35344.47820876762,35310.129591104254,35323.05550014349,21879330.29250194
1704472200,35316.477125169644,35352.73351627971,35295.33528220195,35339.44738615913,26915498.936492056
1704472500,35341.03274565665,35376.317627901015,35310.89406915406,35339.15342075356,41522060.37397589
1704472800,35345.377310010226,35371.25732480514,35317.90326007664,35356.1364522199,22834059.212165307
1704473100,35346.63355890825,35371.510963264336,35310.22639954745,35310.22639954745,21447852.730643816
1704473400,35332.57545913476,35357.367340154924,35292.74515665317,35348.03549744353,43380509.39434893
1704473700,35340.238482187575,35382.10772211877,35316.188573315114,35352.555380407844,24610902.309385438
1704474000,35359.64117365438,35386.86120763675,35311.73509878256,35338.63864558389,41495359.62395415
1704474300,35336.59417505793,35375.239927940806,35299.42720718107,35337.62252331623,20939302.38948956
1704474600,35327.53648798103,35366.53277697384,35283.611275358926,35298.25416343006,24907864.75673979
1704474900,35300.827003511906,35351.67796194517,35278.30681204549,35300.06567588658,36224129.60998293
1704475200,35316.77850931163,35351.054691355785,35271.08780164376,35341.83486455757,52399836.670876205
1704475500,35338.56402502511,35358.073617054026,35314.86810272863,35348.96750914389,26861935.81777292
1704475800,35350.74476364452,35382.60791641522,35339.2398571844,35369.38408039394,50587695.75092308
1704476100,35360.18858355375,35398.21844600834,35329.64238226157,35377.262908780314,16390997.962692875
1704476400,35376.54819206466,35392.65874855616,35348.52055176575,35392.65874855616,35214223.476361535
1704476700,35375.00699772275,35426.180815780695,35353.95055470326,35371.85195734031,13690716.541900355
1704477000,35367.04909779715,35383.36521101003,35292.7292728225,35345.52347280284,55129449.151673645
1704477300,35349.90323432206,35377.55796718106,35328.56401075115,35353.113383682205,22390521.46165234
1704477600,35343.670002941726,35390.5695194441,35323.93710577599,35376.51746862216,37741623.020269014
1704477900,35361.90228888505,35383.285738862,35318.58644775764,35362.773786066304,31450173.62740791
1704478200,35373.32170742645,35407.58975428213,35352.647052043925,35368.90254254354,16181505.886149053
1704478500,35387.8437198346,35410.542480749275,35368.50319789074,35405.872613956955,65104794.671458855
1704478800,35394.86255395148,35428.09720505753,35353.23252345379,35383.609076601795,29568012.530167524
1704479100,35384.74943969157,35420.9225268376,35355.146466513426,35383.4656996509,14841783.646755714
1704479400,35384.97895360851,35400.61892410326,35328.23307987971,35376.51361724639,15144540.907257766
1704479700,35368.890805535564,35400.86607820652,35346.40196766861,35376.38257324135,34809616.12264666
1704480000,35366.89156763308,35400.173458065634,35343.3603826972,35356.16835664665,31479932.717736736
1704480300,35364.66008259873,35381.563095166515,35341.61770450086,35361.86858424326,22025484.17020987
1704480600,35350.82531549335,35360.939888798515,35308.015426962294,35337.390424461184,27946078.218134288
1704480900,35335.328437265365,35341.52676864994,35282.211905226344,35290.646111375354,37623029.746064514
1704481200,35331.87778177351,35354.77957110535,35307.68968613576,35326.10161973412,21455302.587698393
1704481500,35309.23894364328,35321.43902797299,35273.080304938994,35305.05880085047,15401867.99040808
1704481800,35291.63113818761,35307.5619168609,35263.16320259697,35281.20154651718,19793659.92290633
1704482100,35274.71220069871,35299.58784087416,35246.67682251316,35261.40765570902,42051239.47534215
1704482400,35287.57262590784,35326.88705199429,35267.24834403505,35312.79187214664,14918236.46729015
1704482700,35315.41634044094,35339.79830339131,35279.910709298565,35309.01066883767,28500653.245889463
1704483000,35295.81765083048,35349.7352671704,35248.485172387795,35335.61126526103,6187540.32389699
1704483300,35324.49695735617,35339.90364980723,35278.261645867526,35287.8970601029,11166687.30031188
1704483600,35315.012517501425,35339.16131295984,35268.594470740776,35299.86045413358,17785994.155109007
1704483900,35294.09980876485,35338.175760041406,35249.982212435105,35297.20885307736,12892492.07080894
1704484200,35305.57693238639,35325.52044824849,35287.97642512095,35307.91163521148,13723397.536041891
1704484500,35311.66846102475,35349.83932553183,35268.08576848627,35316.005529990616,20616680.895113893
1704484800,35311.492752858125,35350.1891732286,35280.47378088508,35306.15647579366,28649552.329517983
1704485100,35311.14250513943,35330.63262212257,35286.71355379216,35286.71355379216,40464575.147480994
1704485400,35296.667129648195,35346.96182293381,35282.30852933872,35337.81058844576,27860010.84137839
1704485700,35325.142762495365,35364.28797109542,35304.66549536911,35348.46863793359,36196184.53530116
1704486000,35331.20247586302,35372.68644217749,35304.35043574104,35352.50089445913,34702889.847329706
1704486300,35347.023153242924,35363.60237657918,35302.30859589061,35323.48403744609,35752460.046369925
1704486600,35334.12282929682,35342.91263041329,35316.21840281745,35327.73749134508,55482617.09250955
1704486900,35326.3736291703,35328.88775038776,35272.46976157519,35309.40443053215,19932490.33398013
1704487200,35313.527811873966,35331.34279081443,35268.57286799661,35302.7056806848,15843546.618714314
1704487500,35293.94699020205,35355.288896378675,35262.19083636224,35296.336299256,23812999.9469868
1704487800,35311.43277650127,35341.984607040606,35279.40439370247,35281.00443089003,22846529.52476086
1704488100,35297.86510832263,35331.43819913899,35270.98464263378,35314.04470806416,17774410.658252887
1704488400,35318.49076873426,35368.711853515546,35281.872858947805,35318.01971617787,12767682.920932874
1704488700,35321.93565537361,35363.092925554825,35303.41625110023,35318.81698625282,51735793.88091397
1704489000,35321.06609286752,35367.9846677257,35304.37793835622,35327.63340465269,20989598.813085742
1704489300,35306.399836995806,35340.049717360176,35267.81776128167,35340.049717360176,18187175.209310703
1704489600,35314.664636354566,35342.440313337014,35290.057792894986,35342.440313337014,14208573.195532354
1704489900,35322.3352040619,35339.301060685524,35294.93728545799,35310.13170868267,9103944.043277126
1704490200,35301.79244549578,35348.76907566351,35271.81044957908,35294.3046393105,32116860.72098311
1704490500,35312.79753475792,35335.29014994896,35276.692904744035,35308.60050868694,16651254.218776494
1704490800,35301.19382487633,35340.62443258163,35286.94540348318,35314.253351289924,23951879.131982073
1704491100,35294.50289536563,35332.35898843332,35278.40583297258,35292.52725523288,22449754.09812434
1704491400,35286.98187712408,35304.12092660877,35248.57036916207,35262.81439096013,43008024.93388071
1704491700,35265.34608493189,35286.67685545059,35208.783493546485,35237.2956882173,7975838.800720679
1704492000,35242.23725349558,35246.85646153358,35209.366384053814,35230.49270305247,24055905.341915064
1704492300,35222.7833075344,35252.6607854459,35214.504599407795,35239.33992866172,38035400.15526953
1704492600,35242.12311213857,35278.02317436266,35222.557652060874,35228.6757874729,24693269.888453186
1704492900,35239.42089857191,35262.951410749025,35216.116581761824,35253.12312549918,14649692.536248866
1704493200,35247.213390427765,35266.75225373396,35220.37762594594,35242.3460467946,33668974.54661991
1704493500,35240.65777674915,35274.604819901426,35220.751753402066,35235.55456655474,35968147.88826944
1704493800,35230.55357453938,35251.01334039418,35214.95583111042,35235.783530975445,20851130.479981866
1704494100,35230.90964100108,35272.4929059664,35220.52791755194,35264.16480996332,4400918.429182749
1704494400,35259.53596655271,35281.34753026573,35248.45076283597,35258.977811721335,20310194.1487806
1704494700,35264.23353071393,35303.060577937686,35260.53570363384,35281.96578918862,18461025.909471158
1704495000,35283.49396473282,35320.714599296094,35248.32476871225,35284.786678857665,52417990.16093869
1704495300,35293.44621818544,35304.92790149554,35261.13912134676,35281.670650974374,32035461.119354166
1704495600,35272.150929524374,35294.29525597044,35235.30312486909,35248.34267966776,12986502.458208809
1704495900,35255.51628915104,35303.923600845665,35232.478103353205,35234.027369470896,9292727.935176468
1704496200,35253.88480189055,35309.35805190288,35223.574554120976,35245.999093512146,9346379.26237063
1704496500,35268.41439544646,35310.85047847037,35243.32363415048,35265.9874069029,30947632.71828615
1704496800,35270.31359098642,35275.06291653353,35245.06117879817,35245.69036592522,60431018.30788503
1704497100,35260.42933536409,35287.17805038211,35231.295409167906,35278.08128007706,24863400.006406676
1704497400,35260.49372699031,35294.8369240016,35231.87604871538,35294.8369240016,13940927.215341236
1704497700,35283.323348295125,35308.11169971956,35262.204838137164,35275.67779222152,48641242.69889688
1704498000,35291.89488646537,35336.246470773745,35258.066976559014,35299.373478294474,36704912.905853376
1704498300,35310.45527164732,35358.461408956224,35294.8374598704,35317.06633467903,27311339.154198974
1704498600,35310.914439978216,35346.771237479115,35293.860150185275,35324.71470957549,38399697.30290284
1704498900,35325.234141255416,35346.78514385914,35261.409083560684,35308.48775966382,38632289.68432997
1704499200,35295.62765557801,35328.32135994776,35283.481620705046,35314.26830187324,40447448.5503557
1704499500,35312.08423726717,35355.57681911359,35287.796265704754,35326.91596003519,13532594.555454938
1704499800,35307.48513179927,35339.48594742964,35275.70073290252,35316.26747225106,36294355.18933376
1704500100,35307.38699674176,35342.19451999448,35284.33920223678,35328.64933779319,12110208.4822513
1704500400,35316.96610176689,35329.22776753008,35285.61426674388,35301.89184641476,20858669.84031609
1704500700,35296.825638656046,35336.83168270125,35261.2751068947,35277.99281658679,31904504.97173519
1704501000,35266.22629019398,35309.0401046119,35257.57769731154,35279.812618898264,22848944.63480592
1704501300,35287.83006616121,35321.70495080818,35233.72676954816,35245.55112369961,36807983.0380906
1704501600,35267.29892282008,35289.96841242948,35202.36894055049,35246.984284326296,14534469.507198649
1704501900,35264.464171309606,35278.016160675485,35228.41751099504,35258.52403341694,36432256.81897811
1704502200,35255.195747618214,35293.74469706078,35230.082106346985,35258.79387629265,21007104.649934806
1704502500,35260.48250152366,35295.42844338546,35254.72736495198,35290.58077971883,14387398.12481558
1704502800,35281.877388607005,35343.77199517458,35251.212571619595,35315.48289282273,41539959.31729028
1704503100,35320.663477057635,35344.68684545959,35299.90462392957,35313.28919358321,34970594.55048251
1704503400,35329.26202229565,35371.17811187257,35299.71648854658,35321.85879193742,14997459.800619839
1704503700,35321.357516577315,35371.389786245745,35293.6988477649,35319.083310494745,39913116.566483214
1704504000,35321.521009063144,35346.86894229085,35281.35769554628,35335.53756854223,17217718.644099344
1704504300,35341.98136394769,35364.19274508794,35321.49011583246,35356.47116804582,28139214.591059342
1704504600,35330.525670288145,35362.488385827055,35308.36977926088,35329.284989747335,32286514.675752807
1704504900,35359.18250186723,35413.92274577607,35350.82487000896,35372.63541129741,29071497.69490853
1704505200,35384.718343568224,35431.50594481217,35364.14478661987,35390.11081419276,13895976.814562567
1704505500,35393.15778959613,35438.178721311815,35358.641486342625,35403.28275572226,34759131.029875815
1704505800,35387.88048058911,35422.31259173946,35329.603518970434,35384.794592834034,8821284.06359648
1704506100,35362.9535003255,35399.0810697317,35336.829815614066,35357.272834995136,77969455.98027253
1704506400,35362.61813128425,35390.17720775744,35329.89607479376,35329.89607479376,16233455.912158042
1704506700,35347.5123885849,35368.17152436947,35315.37876644583,35344.56459185725,15937404.00303559
1704507000,35346.20228251591,35362.436086600326,35315.85385133943,35341.12293093876,20371075.948264483
1704507300,35344.59812598664,35382.866691269104,35324.71997968494,35358.832060782195,29634396.034113277
1704507600,35359.45835277747,35404.68497303237,35313.89799393882,35332.75950261567,17226764.593199816
1704507900,35340.237899624255,35360.49753611367,35295.02177978189,35315.8230456072,23040726.902976394
1704508200,35323.671186760366,35338.764209068075,35280.531747997215,35311.051617130215,52243641.66407962
1704508500,35306.598516282,35342.783077911416,35284.51005752727,35304.7519390929,43985304.51297799
1704508800,35301.21151920901,35342.673248104096,35290.48609097125,35342.673248104096,44400008.230794266
1704509100,35339.379010328536,35366.39584007449,35296.928790938546,35314.17661694062,19221374.89502561
1704509400,35329.477518027445,35357.05274667421,35293.919040468514,35355.50070137294,42637088.88129282
1704509700,35345.38702067369,35381.08365956559,35326.55156792453,35348.748838458734,40135517.92262533
1704510000,35343.48956882826,35362.354054536976,35326.56384167947,35362.354054536976,14412879.489609074
1704510300,35350.8003170912,35373.998779816415,35307.18778419778,35340.66533686808,11499448.743842006
1704510600,35357.16755076593,35378.90531541837,35329.56438191436,35377.002509961494,13439160.823627675
1704510900,35362.98567473861,35389.534741425254,35315.56230004504,35315.56230004504,23345956.14269517
1704511200,35331.712593148884,35361.558711837264,35307.82047384131,35342.69268148597,7839338.335353437
1704511500,35357.49640389845,35381.7706810364,35335.245811099514,35355.794600352,51749612.88836574
1704511800,35371.874207536974,35389.06817000891,35323.23214013485,35339.83974745557,29982073.295678273
1704512100,35339.90004235245,35358.727972357825,35283.42137234026,35341.06124482585,28009812.21604404
1704512400,35338.68761865269,35381.85683094778,35326.91573587623,35381.85683094778,27559897.54148663
1704512700,35362.28264138351,35385.120125093075,35344.79519027393,35372.61133955891,20248843.19755133
1704513000,35371.48081710582,35407.16328988734,35336.15800332623,35391.73939006783,24079081.508194234
1704513300,35348.942353552324,35384.67220265239,35330.890003117485,35361.89064735858,29697773.063731026
1704513600,35368.58994747222,35411.68991638958,35345.269307693336,35386.082783845166,56171669.20138272
1704513900,35396.06737886004,35405.041267491746,35353.92405070051,35364.29855327719,14395697.05054507
1704514200,35362.96879947544,35376.37155967099,35315.78366631117,35332.43152016755,13775875.115464672
1704514500,35355.040902991575,35396.559525256416,35325.77691748807,35367.31742101807,21660200.602352705
1704514800,35372.086845243466,35411.2381722314,35349.55795279573,35366.02620736396,55167720.25302607
1704515100,35359.041832761475,35386.687502420435,35317.872450642455,35353.3087278177,14651837.524094768
1704515400,35350.58135949046,35388.10299120477,35329.60359321585,35366.94996263125,28610639.808022447
1704515700,35357.18088135836,35409.77172721852,35341.74393068375,35381.90415533436,30356734.8511774
1704516000,35395.95966396003,35445.519999348464,35364.07457356806,35388.66757879311,48559575.5573353
1704516300,35381.37397143061,35437.81475394667,35346.43899820642,35383.73257023698,15411172.677305032
1704516600,35390.74326593367,35422.63102064107,35374.45004735575,35417.64541463695,17866713.963965043
1704516900,35410.76659629297,35450.57558442118,35395.296499880395,35399.076272819126,17133016.669862237
1704517200,35420.81795356025,35441.327803773485,35388.15044329301,35410.00230067396,17725842.756456632
1704517500,35397.01535800157,35418.44166499168,35337.193172140454,35369.67086978016,20675561.954318956
1704517800,35372.778836713245,35400.49565889953,35337.046815186855,35382.147760796885,19364963.845409013
1704518100,35394.72913006312,35414.352970038155,35366.893615439,35404.490759979555,19238006.802030757
1704518400,35398.48634366833,35436.95460340922,35373.32274583749,35386.81112733128,16357366.211969767
1704518700,35373.91460004403,35402.57122551142,35356.2275363487,35371.071447101254,19870440.717711896
1704519000,35362.64922981922,35378.410753673255,35316.16228407581,35347.11276720439,17001057.410432387
1704519300,35328.11324728961,35336.07047247709,35291.85788354405,35320.82254245192,26259771.661199458
1704519600,35330.55700563625,35373.02348696595,35311.212292919976,35335.40494803761,12643512.506488593
1704519900,35329.77751251305,35353.62509870553,35318.10709967738,35336.77155137159,59652022.18445244
1704520200,35339.26679822322,35384.26168881981,35323.98513655505,35377.570303570574,35489294.496322975
1704520500,35369.748568389485,35415.03870868258,35349.04786640544,35371.70241591427,8640321.719171714
1704520800,35379.62585732833,35404.29546360832,35368.75826333559,35384.1367342712,61219667.17068479
1704521100,35383.343393072886,35408.88480232358,35371.370994754856,35400.988688052064,22987461.435846347
1704521400,35378.21927620539,35410.97703904901,35358.58813345534,35385.46076908606,23543436.246483307
1704521700,35384.72770918124,35412.42606668212,35364.650351214295,35401.17784042601,41088507.46958139
1704522000,35392.39975608005,35421.338791114686,35362.16928214318,35367.58998432594,18443365.549737502
1704522300,35380.646215190725,35395.35907809477,35320.86785796843,35358.49516151577,40679502.462261155
1704522600,35368.146567914184,35403.207451898685,35336.47364115095,35383.489326787894,16405733.183756955
1704522900,35367.58243060202,35408.753684390234,35346.07402374912,35386.82931521281,14920220.939790025
1704523200,35370.585924860614,35403.66385881278,35351.62431019729,35371.9457535694,42132747.54998571
1704523500,35371.005078652495,35412.14451083529,35337.39276531097,35357.14250786635,40564131.00139282
1704523800,35358.35482802152,35387.38936969648,35337.32508750089,35370.9985640007,12842828.477769706
1704524100,35368.82423204592,35407.2812603833,35351.02943537266,35372.37729025375,11826128.254516784
1704524400,35370.28371923077,35398.97336732233,35342.32629578958,35392.16997637692,29286981.310832307
1704524700,35390.77258343157,35419.03129495174,35367.831010892536,35414.71441236017,30109745.989720717
1704525000,35395.99498630918,35424.01020335723,35369.862133849245,35394.311754441085,16234749.265279459
1704525300,35391.56193932607,35414.32530636524,35359.43842595893,35398.54489706076,19425919.1851116
1704525600,35392.03546513502,35430.69852842692,35373.47309444362,35429.339323946624,20041681.64163624
1704525900,35423.985541346825,35450.511995231034,35416.356492276354,35416.356492276354,32023090.262707554
1704526200,35449.687881412145,35516.35559595487,35438.243175807955,35496.61334763514,26558715.836054724
1704526500,35471.94636223582,35493.111450393684,35422.99060536566,35454.08874569385,34038030.98829563
1704526800,35458.21500874508,35493.49775408779,35436.7090078578,35458.63696580402,10584541.825988665
1704527100,35463.36279840395,35477.3757960085,35421.375084294625,35458.61850995951,45068146.888249084
1704527400,35456.890065251726,35475.11575045976,35426.89260038433,35444.34241956746,12452537.13984509
1704527700,35454.95544687548,35467.51793872298,35414.0375433661,35453.38668561914,17608713.138734642
1704528000,35437.989822950985,35460.70955103005,35396.41003924773,35431.09422110327,14698362.028567921
1704528300,35411.358756197376,35436.31963333692,35358.12543927824,35420.9760793019,26863666.699069627
1704528600,35422.70712602403,35460.25815551814,35409.535203816595,35460.25815551814,19521416.378565878
1704528900,35451.10205836449,35457.87012975608,35417.90884115643,35443.69777055008,48728560.30728904
1704529200,35440.64124771349,35473.30618943244,35405.43418976321,35450.89143018447,19783533.57596808
1704529500,35424.284999809795,35446.81221537224,35387.48008629512,35405.181176350205,12074875.654049056
1704529800,35421.735532810715,35446.87724827838,35394.74880399129,35425.266150610005,11858890.199851662
1704530100,35422.899482955414,35452.35047960952,35394.67377026032,35394.67377026032,19678773.877499245
1704530400,35410.7551303803,35438.18474181114,35389.68926349167,35410.78824523595,14067250.88658556
1704530700,35422.214769959195,35446.4796296593,35395.20336702807,35434.86374041999,12817375.00529362
1704531000,35429.52289290444,35467.41867262675,35421.072831719044,35428.311449272725,17091783.22898566
1704531300,35432.33361849678,35481.81594283421,35412.901636037146,35439.16039709914,17028574.872301128
1704531600,35457.8584218981,35481.02487362903,35425.318505709845,35475.352348257824,31367509.91406393
1704531900,35460.695748067745,35485.0742558308,35411.4092069582,35469.32371563757,15168767.227541909
1704532200,35476.84929093086,35516.808534017364,35468.5791326691,35494.67995536592,23956884.7671684
1704532500,35504.75406998493,35535.840335483255,35489.91500059707,35535.840335483255,14896830.090303
1704532800,35527.063358885185,35552.74366695605,35489.49375250436,35503.89608175028,18090652.088318534
1704533100,35504.6543297029,35545.7708184894,35499.52330004074,35545.7708184894,38180927.93378047
1704533400,35528.22358784537,35553.768104218165,35495.22434584644,35517.58652324489,36575904.351454556
1704533700,35538.924558178034,35563.57439268002,35513.60868196314,35513.60868196314,22764531.03218517
1704534000,35528.89254152325,35553.08216314635,35514.3130634288,35537.11124385786,64371434.67210642
1704534300,35538.49737806368,35585.22944348257,35519.999141804794,35534.72029226223,28935093.02608028
1704534600,35540.58179057164,35559.01426276748,35521.170932289184,35543.54456894022,14919477.577625904
1704534900,35549.207285660814,35571.615475565784,35518.63508964892,35548.12987428576,36086798.08463073
1704535200,35554.31438535482,35588.05799858573,35501.48382884867,35541.83115405088,24515798.556389138
1704535500,35540.85225867898,35573.92655297068,35527.563975835765,35539.894010286225,23034115.794329926
1704535800,35550.197349582944,35607.12602772782,35537.279403186825,35607.12602772782,18075115.75218984
1704536100,35569.382488826035,35580.49211975317,35532.545599090336,35564.12677301968,9834138.658494223
1704536400,35564.397381910014,35596.70542225448,35537.45790577147,35560.556872797395,20599313.47513544
1704536700,35575.29090914817,35602.37001792684,35550.043413858824,35578.68989898746,14545929.85256743
1704537000,35561.47095780953,35582.24544127534,35492.292604136994,35545.053268463256,21815534.192932453
1704537300,35547.136334966104,35563.10134392867,35528.822495864646,35547.027169114175,65279867.924095646
1704537600,35569.89309557145,35579.577481253684,35538.69102552818,35556.384882287966,16883757.091659427
1704537900,35545.02504921787,35598.300554382964,35525.93843509761,35541.52486765123,49680108.31038972
1704538200,35540.09625689287,35562.57815495154,35493.38641138819,35520.98137038735,23916694.14482179
1704538500,35490.46687963907,35521.48900554909,35444.665395446355,35495.3930872798,17396863.473649636
1704538800,35507.89038455229,35535.09253399329,35463.88084382051,35505.71990229771,16446843.428006083
1704539100,35499.12426592779,35539.409723493605,35455.50413046399,35469.50210539619,30069339.224192746
1704539400,35495.272908104824,35537.08022762059,35442.51973905405,35471.61349545805,22197863.23227463
1704539700,35468.11291990172,35504.66033456471,35426.542553605395,35470.864644463654,23411112.343817346
1704540000,35451.683734248414,35498.217863429854,35423.4914962137,35467.93538685558,20986617.372517668
1704540300,35453.334110643256,35468.46672037741,35431.61767194084,35468.46672037741,29673100.686895464
1704540600,35462.742206535586,35494.76173962694,35446.27522624937,35478.47176521358,17345503.774128728
1704540900,35464.43577484306,35481.0381698419,35447.515804999755,35466.76451207305,41143711.37565588
1704541200,35453.986418175235,35463.075972921346,35415.632696942404,35430.26261578484,42356196.008454636
1704541500,35434.54759581606,35461.176647840075,35398.10652843015,35430.09700005046,34490541.29353901
1704541800,35443.612447756,35462.037620922914,35400.526887578555,35432.210713282584,11767607.42488053
1704542100,35421.71570789151,35441.78678424572,35389.399510805975,35421.718836909844,12826762.68069085
1704542400,35402.268599643074,35437.30372681603,35363.53139604902,35387.7414713371,26455085.10642981
1704542700,35383.88854382388,35430.946382785805,35374.333633439295,35397.8290964532,22626357.171160746
1704543000,35404.49604207663,35432.002162341065,35373.17267908809,35373.17267908809,5017447.815032698
1704543300,35393.38319603153,35409.717295691626,35366.97388277493,35389.4949911082,34078463.15029133
1704543600,35384.93773336648,35414.68061453894,35350.05823380133,35386.94138911001,33020391.95547428
1704543900,35385.94871229925,35427.1625164369,35371.44278110428,35402.043205180526,69161556.7026879
1704544200,35405.02180587024,35449.198084314434,35392.81220979833,35395.17049352332,25324454.334412508
1704544500,35396.37584351211,35415.67319270246,35366.75283728589,35395.2254122534,52497847.26206329
1704544800,35387.28124163758,35431.7131017323,35345.36566051413,35390.893191522075,28041608.65605574
1704545100,35387.4487303324,35432.42815714367,35356.076916178885,35406.44879445775,148543711.5840417
1704545400,35382.80518247238,35397.531449154085,35340.72950774238,35344.94605011041,25762211.439890426
1704545700,35364.65415775036,35421.39576460554,35338.92290412631,35386.246505583025,53627763.32054565
1704546000,35376.763313904485,35427.177815429044,35364.90475080928,35399.32026991302,44066850.42764518
1704546300,35391.53710382329,35424.02230774915,35363.80986290793,35403.34308947292,21594678.813932054
1704546600,35406.30777967445,35431.560943111675,35386.72417081432,35415.87180762358,18452544.55021243
1704546900,35416.7424184837,35437.78645069412,35366.904698978,35399.260485561375,31304481.258617457
1704547200,35389.062070781154,35401.52994591076,35348.66997773605,35362.04073936972,25611307.368492845
1704547500,35360.876317218695,35388.91674760979,35335.888046976346,35342.12363000176,37117268.80491558
1704547800,35353.39196620632,35366.71117439224,35330.46326026424,35340.544437396624,19936148.15686753
1704548100,35342.19567962207,35383.25769788211,35334.17139593565,35383.25769788211,40539073.98920132
1704548400,35355.69179808213,35377.064297829165,35311.70599948319,35349.992935383714,19428033.797371205
1704548700,35353.2119966006,35379.70092983998,35329.980085904164,35346.57092779837,18898492.87311057
1704549000,35342.55171429651,35353.253949808815,35299.20487903722,35345.95258220714,16272644.071326954
1704549300,35316.086697717474,35346.291692197614,35283.251548039545,35303.823198590384,19458685.29656109
1704549600,35309.56207174353,35329.14886895701,35272.78448910409,35329.14886895701,22551427.042575266
1704549900,35300.469250070295,35333.281521342746,35283.47437314732,35312.780975368776,13607770.300302869
1704550200,35313.895767264265,35341.97671998996,35276.00554410604,35306.696973344595,14104798.995115759
1704550500,35311.16773115322,35348.6735229487,35277.57467673795,35300.100023015395,26912237.675120823
1704550800,35292.5850671639,35320.908098772634,35275.12546053551,35291.01513083947,35268286.948625006
1704551100,35295.02613461017,35328.98265497181,35274.20496453269,35291.62702465715,37161521.88065636
1704551400,35281.34052379671,35306.27572641692,35244.69485348627,35260.51559190919,11530044.010126548
1704551700,35257.201818246715,35300.477399714226,35230.51444941649,35237.64015145107,33485019.906218696
1704552000,35246.67248403771,35250.590041460346,35208.008545814046,35217.85647681506,16645665.94928188
1704552300,35224.14509347376,35256.67001011011,35163.4505099468,35223.470077916216,44912657.86664296
1704552600,35203.03917703863,35244.06518787315,35160.96400452977,35216.530544442634,22568758.78380666
1704552900,35216.75029422978,35229.69140979705,35166.89962074523,35213.260127098205,63266252.27711663
1704553200,35204.09015599298,35222.1104206359,35176.61744586692,35200.469070389045,20830386.495366924
1704553500,35196.64946097832,35220.47343708631,35160.899527518995,35218.514264534446,60298587.75886079
1704553800,35213.221631845605,35233.626752324315,35177.68614308614,35178.00284268015,16390566.43132912
1704554100,35173.81011288685,35194.30476676596,35120.56683857276,35120.56683857276,17435769.69582358
1704554400,35154.872449860544,35182.509648831045,35144.01057138705,35149.38381113326,30791052.291699067
1704554700,35157.094584286104,35174.05812861088,35097.98242129215,35165.91867358481,52453502.54823403
1704555000,35145.63166807733,35170.19289317255,35122.435794083525,35141.925300991825,33535404.418177
1704555300,35144.11473205827,35181.86144323424,35121.05463237977,35145.402342886344,9343915.598230869
1704555600,35155.015091637164,35166.25845693679,35116.19816946929,35125.78783843423,105404635.67391163
1704555900,35138.67792608857,35179.26669403776,35122.3243162089,35167.28236294078,16831203.186843075
1704556200,35169.07248947496,35212.03725992852,35136.473106519115,35168.107113237675,15396119.079259066
1704556500,35176.83697896781,35188.79937387988,35146.34941243551,35170.33062274266,35491211.39112344
1704556800,35172.48382960996,35213.243627935,35132.06123382468,35151.44271074263,25884739.866191775
1704557100,35176.156265465725,35206.197463581826,35151.11363776027,35175.44397460052,37975932.698193096
1704557400,35161.19236712726,35189.60517796096,35110.678052326955,35156.534754542576,30378961.897449818
1704557700,35168.23799482573,35194.38065484126,35138.70490853801,35150.35101128015,20546909.081595656
1704558000,35161.55082941774,35177.70918572523,35124.99477319403,35153.65730339505,40573273.65025764
1704558300,35143.31596253002,35179.30868201397,35096.68902159959,35158.5830219896,32649001.802940246
1704558600,35147.37843386251,35169.52269261639,35123.18306983753,35134.46521735648,27142814.878698114
1704558900,35147.95156394034,35171.40538855651,35109.82537011619,35138.24674967018,12732078.6063429
1704559200,35147.59407921064,35167.14080926104,35123.46141779428,35154.95540746352,51720308.887624204
1704559500,35155.13258123326,35197.41141266575,35105.29432059054,35137.64862431191,19137500.19303494
1704559800,35135.284174324486,35168.76280967591,35108.406525170314,35117.94498829123,25736972.384448178
1704560100,35137.55262352655,35163.47178993292,35107.95460948192,35127.75020438693,20718875.452957124
1704560400,35144.07804846311,35171.91337115854,35127.37732894551,35127.37732894551,9274241.258202838
1704560700,35144.136441213406,35148.79389612381,35092.9075702326,35139.16501423125,45330940.27806256
1704561000,35137.737742319645,35178.1786818994,35107.36880467311,35126.33634681161,25334146.474101704
1704561300,35120.904140423896,35145.97994987522,35082.03893736363,35137.61172992251,19911163.620783716
1704561600,35135.23868523723,35157.501541320795,35107.94238803045,35157.501541320795,17737617.470639747
1704561900,35125.33503375637,35179.228002332,35103.420296805416,35153.29618552683,12539316.85966884
1704562200,35127.43316267866,35154.26731896449,35109.60441998631,35138.97468155967,12095751.729240526
1704562500,35137.43079434819,35154.46608101407,35104.319741964,35104.319741964,11252916.262622245
1704562800,35123.7591202351,35145.452356794754,35088.287662443814,35118.097557488334,20327834.165571284
1704563100,35097.239319057764,35130.811352662255,35072.73384070612,35089.09214038928,22368722.381645318
1704563400,35110.407577731494,35145.61401731506,35073.938235313704,35128.403415297515,26845524.549021356
1704563700,35140.469476458486,35160.48986127127,35124.251631241634,35137.05710879938,31073352.272415787
1704564000,35136.151047043764,35159.102486753305,35105.95898668251,35141.85393479702,24303503.867682207
1704564300,35144.01932945016,35179.38540142588,35131.04948341289,35157.16591375892,40783793.14105169
1704564600,35151.8070503829,35190.883851805,35118.02080738028,35161.20498452954,38987843.972270586
1704564900,35155.35223188517,35186.55607262247,35124.598667938044,35182.88482066504,28866247.726354755
1704565200,35172.12091714695,35188.080024382725,35137.628992116246,35170.83873116404,16121589.136260137
1704565500,35180.12637217126,35223.83386232246,35161.34073510008,35223.83386232246,35176010.999947794
1704565800,35207.64638849149,35232.59031810729,35171.73628142906,35205.368549065955,31193807.45853364
1704566100,35197.225191960555,35212.40326389497,35159.242595987525,35186.23176672506,47164635.304356605
1704566400,35179.90862559576,35211.14670757987,35154.965270747474,35190.528871326474,18220165.158566967
1704566700,35199.94417004348,35236.87359803796,35188.704397426096,35209.153360036085,30145876.473146245
1704567000,35222.50261370071,35245.383868682315,35191.785565554455,35229.98250547585,42475318.74325644
1704567300,35235.16418372676,35262.11719705605,35222.581074926784,35246.50839866687,26791580.22191181
1704567600,35247.48584473124,35261.250623571614,35213.49492945203,35220.163934444645,18445491.376549855
1704567900,35244.72680633108,35275.874785434724,35213.429372873456,35250.73272499413,27391479.222935393
1704568200,35264.39475127064,35291.50335211125,35230.01496657023,35230.087593067765,14893398.989091676
1704568500,35243.50849898706,35258.02970542408,35183.30800356177,35222.16305942512,29705192.42419952
1704568800,35204.39781379784,35233.00608507906,35176.087109934175,35189.14320193982,26487618.38588873
1704569100,35190.49860602195,35233.47901238006,35176.76035011864,35201.45389924154,22214770.694132164
1704569400,35201.44495452471,35234.07258018048,35179.8875197971,35213.255236812096,36356031.39825632
1704569700,35210.819612304964,35227.27154222628,35171.27513046004,35194.93914361352,41498068.42982937
1704570000,35205.787326269594,35246.37991329387,35173.6887607459,35205.295344857586,38115893.68753509
1704570300,35218.9494080688,35241.1182943725,35165.809129977366,35224.3512497724,29394841.69822239
1704570600,35226.60971431889,35263.18808825513,35202.49906908121,35232.16057553455,39909831.15023669
1704570900,35227.53599099802,35261.76796431865,35209.83577955853,35252.22650844185,26707997.54461374
1704571200,35249.95185044855,35275.811382521366,35220.01660767802,35248.24489901503,38250096.95859107
1704571500,35249.96630920575,35284.38089799354,35223.80500016369,35227.92075828356,29547033.545721885
1704571800,35235.36104162291,35252.14622247354,35200.46398520368,35214.814003530664,16917738.955760263
1704572100,35225.305443639685,35242.39587529259,35182.80972899378,35226.444897381625,10602597.605090262
1704572400,35212.00839604691,35254.05490296241,35179.47732538409,35253.67395118417,38672203.54021408
1704572700,35224.29282456437,35235.97528376021,35189.342573973845,35214.92829408915,50614631.02983497
1704573000,35213.47750133544,35250.76832259779,35189.76974782474,35250.76832259779,31453342.896308392
1704573300,35246.71493930893,35273.94144492231,35227.639361674606,35244.53534163202,19939719.352247298
1704573600,35259.94143063311,35288.6510384051,35240.60285229973,35274.43909655876,33572528.65008032
1704573900,35256.583090849344,35277.36102026879,35227.95676492364,35242.70153846613,10577767.796004139
1704574200,35265.22412570534,35292.429209810485,35249.235900948195,35263.917338545005,35440976.710806355
1704574500,35263.38647480048,35281.11638483731,35222.85098183153,35237.61022411432,25091162.59690214
1704574800,35250.18397905707,35275.2806130823,35233.42503277672,35245.44548265911,8870240.291904321
1704575100,35254.34539545396,35308.85418962314,35233.51769370831,35283.50739559053,31131463.475652717
1704575400,35281.310582335755,35306.84308645462,35221.942224419945,35280.68726451434,10830363.567188941
1704575700,35276.70895011255,35304.71956890926,35242.569444142166,35279.02997660396,22667060.044920612
1704576000,35262.7083923858,35285.4390911844,35225.339868554925,35231.548030958336,29646983.075617287
1704576300,35232.08228255305,35254.7792797802,35206.19490815152,35241.79350234091,18418648.480914593
1704576600,35229.787035407804,35250.30687549456,35190.33185556917,35212.1889829725,79922898.19385006
1704576900,35205.95313478468,35238.033791426526,35184.36910026585,35212.20030889276,29251967.746652953
1704577200,35225.41234981932,35253.8264548202,35187.427786919594,35217.345854393665,32185871.07929931
1704577500,35226.879523193405,35256.492756746826,35182.14202329067,35233.18032112818,36088549.9334379
1704577800,35209.352720670264,35238.07885764348,35187.45916494573,35199.968621752625,28335679.03200056
1704578100,35194.74680205741,35236.238381905416,35174.6575642808,35193.42487946086,24622725.549911547
1704578400,35205.61946421439,35233.85886621704,35170.564921341844,35203.702487575465,10982553.079390775
1704578700,35211.809985490414,35239.68500551124,35146.993735870754,35217.63496800193,20768810.669030186
1704579000,35187.15704688968,35209.27013505494,35155.71788425183,35169.143636394554,35919338.30611368
1704579300,35183.84663233408,35208.18420769762,35157.99952395144,35175.378774294855,29642097.63390601
1704579600,35178.12389141001,35204.13612953602,35138.73162150016,35191.70239381025,22801593.53663367
1704579900,35180.6253482502,35216.55130446018,35159.12046326908,35183.56750319617,21231939.977713153
1704580200,35205.15918168873,35249.651195553386,35182.88694602558,35193.941863087886,27623958.459793568
1704580500,35193.56395342147,35232.425358036984,35184.7541403871,35214.22607243615,34938406.07438557
1704580800,35200.40466851712,35231.10997928397,35177.4801010651,35198.3090778578,30270561.11456764
1704581100,35209.91699605143,35220.603908935984,35165.83063129081,35199.98324228905,24268381.73614953
1704581400,35208.277902893315,35232.02305688813,35167.173882096235,35224.43478475461,58289563.71023788
1704581700,35228.387208404856,35298.69831763462,35201.8324114557,35260.12041063598,25962263.79238972
1704582000,35243.95390822363,35262.21268080563,35216.748257710366,35218.36069532745,11257059.17868796
1704582300,35238.27809958652,35273.70401642821,35217.23343077155,35255.26530466889,14295653.661104966
1704582600,35249.09322330682,35276.887795811286,35232.9700351363,35276.887795811286,21567406.7917223
1704582900,35273.113770957505,35289.27612064853,35248.45258198412,35254.97633300646,14489740.697520997
1704583200,35268.56874125988,35300.653361138066,35224.44419137835,35278.46170225847,22456621.520049818
1704583500,35251.556908064194,35280.28436882569,35200.565195976844,35242.588977722844,35906077.32330023
1704583800,35238.1268029279,35275.78109286896,35220.70282356576,35256.635384083944,46404852.90858234
1704584100,35256.78837088942,35289.45981014037,35228.01418436745,35251.176761994655,30481021.441819295
1704584400,35255.488368564605,35281.4596485316,35232.90064396428,35251.32937357013,15472652.150432773
1704584700,35255.80587648954,35286.93622798485,35211.83834318631,35274.835232021855,35971996.402650766
1704585000,35262.54955442714,35274.23309125021,35207.5667235191,35252.44419594304,37131605.297782585
1704585300,35253.15875626094,35305.2308215985,35236.928966694024,35262.49878997629,18125533.75247509
1704585600,35257.47555622235,35283.86756524179,35230.97974557032,35281.338244287945,32973937.10034959
1704585900,35245.53157018445,35257.44716625574,35209.99505654938,35233.74360960544,30793734.439571302
1704586200,35245.485122386366,35291.090982489906,35228.78021828023,35238.51788164035,28128946.872955576
1704586500,35260.50606590997,35300.13942381293,35233.44752049357,35276.56937486074,19872949.287280764
1704586800,35279.45818851995,35305.88296448807,35257.95487657954,35269.288468934305,42781316.383317426
1704587100,35273.1529001358,35316.59079095028,35253.82706528749,35295.40987413129,19368036.4210715
1704587400,35293.776666874444,35323.65155299928,35242.008764672,35264.08957767865,23737957.756256863
1704587700,35272.68586043937,35303.286919531216,35246.87112246861,35302.70760626116,60515822.04284482
1704588000,35282.548295158085,35314.51330925115,35224.24150644899,35278.22860618431,30754954.96303723
1704588300,35265.43190651634,35307.27212826908,35233.81854178859,35269.615654439,16352995.110774599
1704588600,35264.73700284512,35291.761661471595,35207.58445361162,35258.70874743442,29566727.272961028
1704588900,35262.02872001289,35286.95597359135,35237.31363283179,35240.631471910056,21008021.5697783
1704589200,35250.94435845907,35282.4441706679,35233.67364463367,35266.21791373303,9546839.896299802
1704589500,35262.111880450924,35290.55095949173,35238.25178494227,35268.4149888603,28454282.633872475
1704589800,35270.57056845241,35324.3595116882,35251.736910824606,35300.49226997706,19372059.018872153
1704590100,35296.72657650841,35334.68768494028,35275.543272032395,35314.3502292204,25178115.356618095
1704590400,35297.13702286015,35319.552983632704,35266.618509811924,35307.446031424246,38575087.6794502
1704590700,35309.94264105027,35338.00094859257,35272.58541604746,35285.1877509227,30814984.004574344
1704591000,35272.901492973644,35300.71436844989,35248.58877858168,35280.09517125747,28587864.33521614
1704591300,35278.7467526632,35307.13723192767,35254.06009244053,35278.08204218791,49066360.78301005
1704591600,35266.878817577715,35306.88902260816,35241.14499471613,35243.96485374444,25670714.955735676
1704591900,35256.92393887079,35303.23769382316,35221.1475673809,35278.184317550535,16943996.05478074
1704592200,35267.98911346243,35313.15650086156,35249.80243812462,35310.52208695012,13436884.990927557
1704592500,35304.75975929617,35358.020677205,35285.49874609386,35319.709350628495,31969749.249282513
1704592800,35323.31360411886,35363.5674658601,35287.5459401302,35320.93553639017,28778427.099260904
1704593100,35324.7774510925,35355.58803147411,35294.907514197555,35305.58001722047,18687589.84905062
1704593400,35321.1711907334,35341.46567467863,35302.57403671436,35325.83845237074,61311302.474074304
1704593700,35321.271830534366,35355.74792793689,35307.1355270387,35329.508356961305,7506769.691474655
1704594000,35338.9094221096,35377.114528814665,35310.8929992254,35356.74243474026,22976957.601779807
1704594300,35362.77258622783,35379.222339628315,35335.48630494879,35339.37890102919,21279007.599479504
1704594600,35350.850774671766,35374.02687528036,35311.98607690896,35335.90077311365,11425580.3098582
1704594900,35342.71201675215,35368.78449572451,35314.127761758326,35338.592828522014,36779047.85860453
1704595200,35364.07823533564,35402.35963253148,35325.21910290329,35380.65124734806,9675278.253139818
1704595500,35361.809956448174,35382.19395477962,35334.95197129716,35364.5560076408,29702721.794149
1704595800,35365.56711080934,35386.39603999516,35330.12816263434,35362.01996679677,27482498.220461562
1704596100,35368.66580425405,35387.14358010766,35324.38078477132,35347.4905292934,23646732.073980004
1704596400,35368.05819228865,35388.02094279966,35346.732519339654,35373.10691148978,11440274.57018816
1704596700,35364.97040211358,35405.29027155556,35307.272522631574,35349.73473225709,32333301.049051464
1704597000,35354.5978794129,35383.017923500964,35329.80747940199,35351.765621345265,54309443.804175355
1704597300,35354.56936852303,35366.79597460269,35313.15398666515,35315.05930906422,31918552.590083394
1704597600,35334.17844269439,35370.09267416877,35308.06076501763,35364.712809646306,53369776.4706899
1704597900,35337.107737627535,35383.30260473873,35292.250550727826,35343.26510344532,20480094.1987785
1704598200,35324.864270681035,35348.07622555348,35286.51902102269,35297.811468554784,48703431.54363022
1704598500,35297.74432704143,35332.30794047166,35272.87999478632,35311.954323,11245275.07252254
1704598800,35309.510464295025,35337.85822871619,35295.783160654566,35316.77511223195,8279996.521223712
1704599100,35317.32308600457,35348.617506147566,35287.16324845426,35336.27286130521,33491862.50281994
1704599400,35353.510252029366,35396.60264658469,35324.969113974425,35350.61322350467,18970431.44507518
1704599700,35358.5925747599,35393.83213646317,35324.18581649144,35373.44848667234,13556516.598507024
1704600000,35345.66444761369,35377.39933531452,35319.94724134586,35325.32426087294,26405478.33178337
1704600300,35321.60131566493,35340.60841170892,35298.967053535256,35332.53096666771,21765321.537616383
1704600600,35324.690202164624,35363.26095761704,35289.93778498993,35321.73537944582,33701242.03109464
1704600900,35341.27968497977,35361.570662521735,35320.461985146285,35361.570662521735,27782844.430069987
1704601200,35347.07575847628,35371.72270880924,35321.978725548084,35338.32442563353,17254292.558176655
1704601500,35332.918183175185,35370.00534387714,35312.3171603204,35332.28193708869,41900618.05666295
1704601800,35347.65964927171,35364.41284611537,35324.389815809634,35343.088417966785,33732484.78932223
1704602100,35344.67678168093,35365.50298744644,35323.923529246735,35331.74286499786,18984561.90535724
1704602400,35343.201428096865,35388.09250686368,35312.55393766464,35336.39493589378,25419517.779609904
1704602700,35345.19782657978,35379.28474643257,35319.03537685833,35347.32162926697,14235804.392815825
1704603000,35348.32500256335,35370.624610104656,35312.16782509534,35337.5215489477,30315748.86798903
1704603300,35345.97778322243,35363.70175620036,35298.75064129816,35349.227398290954,33305781.746670444
1704603600,35340.17244694706,35371.00973487328,35312.5292546089,35339.30456941423,26641592.499953967
1704603900,35350.95057681961,35368.08972988192,35310.46949626678,35352.524014128314,34093114.53555204
1704604200,35354.74087375457,35398.898059070765,35295.60060012056,35324.91125938809,14369955.208507879
1704604500,35323.110814277694,35349.8521845388,35302.20773426173,35333.31680799151,36730778.01680596
1704604800,35326.24381521191,35344.97894807011,35286.688331010155,35330.20637119306,35830471.4265724
1704605100,35325.401613002374,35360.170117013906,35300.60226144242,35349.2134837786,46791439.76129637
1704605400,35334.6599741221,35349.88528964947,35278.63115619921,35317.58944487325,13975010.571346281
1704605700,35316.08094957613,35360.27858825788,35294.09197803542,35335.1798212938,20099312.139402315
1704606000,35316.63250485041,35348.17293749041,35285.32167340377,35346.94727550375,16805218.713257268
1704606300,35332.83519015899,35370.96471292826,35318.043702094685,35337.637741023485,21988197.531896207
1704606600,35349.12201230832,35383.018360335554,35333.002125356536,35361.251166958,30614160.714225408
1704606900,35345.55263643433,35378.53008783654,35326.29407072,35363.935499591586,18326269.613242827
1704607200,35350.645435845094,35364.26476296634,35325.04723240133,35348.55774555568,34664874.56629267
1704607500,35345.945189170416,35372.95148649843,35318.89807412127,35352.73303534977,12319514.686575564
1704607800,35323.83840293103,35349.83947323122,35263.99312060736,35303.02461698824,16008030.895071143
1704608100,35300.07902216568,35320.77248883099,35268.14203095851,35320.77248883099,14377310.731908135
1704608400,35305.37834344518,35325.992140177834,35272.36643256651,35285.60464183375,30657461.04795662
1704608700,35285.9759680145,35318.23749685412,35278.883153123155,35278.883153123155,68138153.32080947
1704609000,35289.89773177591,35301.45699772343,35262.460309778086,35298.91330500817,19332655.14428074
1704609300,35312.25436081773,35330.784362880055,35281.44890695383,35297.78030056426,21616548.9751736
1704609600,35290.946613078406,35322.63206011863,35282.50624410706,35290.85388473277,36781896.4971532
1704609900,35289.43440888607,35317.486395167034,35259.78272812177,35261.36225363867,15396607.809204634
1704610200,35280.66684264691,35289.26986776125,35229.52480239264,35289.26986776125,8128126.394357945
1704610500,35287.24730912036,35321.57557244634,35240.41054143197,35282.953904623144,54862185.76827719
1704610800,35277.61384911411,35323.475624384126,35261.67338501831,35275.591350597206,8481637.521109119
1704611100,35282.440838911454,35298.3743825334,35240.932468909894,35262.70746996119,33259062.57813727
1704611400,35275.82776064061,35312.86109752083,35253.555662667204,35287.647691964405,33715056.39372317
1704611700,35286.9508421291,35310.587127988416,35256.78416275418,35300.84843510536,9929596.61216949
1704612000,35292.87247279589,35312.92717118975,35264.634121907686,35302.113416136825,16905905.70351187
1704612300,35286.684747318985,35318.388506162795,35255.90798516708,35285.19354494595,24487755.035395056
1704612600,35299.11763352788,35334.9456492955,35270.934263098825,35303.65899619978,27138587.639269914
1704612900,35303.3551021681,35329.68374680447,35275.26240944894,35302.67659317909,21639472.55517445
1704613200,35301.03289894607,35310.426737416274,35262.05968860745,35286.32122216581,12824476.167697033
1704613500,35287.648457642936,35300.26428424159,35258.31506433355,35278.666619085576,17854081.640608195
1704613800,35275.26437727716,35294.788122888946,35211.274500804895,35275.48362400073,16598783.886304632
1704614100,35282.63729912179,35312.64633698226,35268.724486309424,35279.63473888583,21210940.30002919
1704614400,35291.79578209252,35330.057349465416,35267.11120561861,35269.39100361391,10466970.302579759
1704614700,35275.50971070823,35286.89792259857,35235.76619293741,35255.9087591235,21901243.115801327
1704615000,35270.466804906326,35301.731276139464,35231.49914308115,35272.69094549545,44822430.73201727
1704615300,35296.98669667182,35324.0784981906,35258.1690387294,35283.21712146698,22794502.955936417
1704615600,35285.652472797934,35301.61869781248,35251.49584751808,35293.594451648096,45892454.76809343
1704615900,35283.8495660474,35324.86240443722,35270.73940438453,35295.51033602636,64403632.56410364
1704616200,35290.87693341944,35307.651681715004,35252.40971178603,35265.7166639418,23646944.26440814
1704616500,35265.26667466026,35304.62677186735,35228.84232477124,35280.67068865884,43943980.74553035
1704616800,35271.234449876385,35302.90724704208,35230.95487733073,35281.422058206,35319782.9374852
1704617100,35275.235456724884,35306.57435197357,35230.9168133108,35260.38710841863,24909085.612035654
1704617400,35266.887058593566,35281.53448719598,35213.99246963773,35230.11463213635,16825055.766103692
1704617700,35247.140843991525,35280.39330878349,35225.68106992888,35266.18093148377,23480944.00365683
1704618000,35258.88663927594,35280.38235544466,35215.353823759324,35254.60829270666,4509057.067649016
1704618300,35257.809295463354,35281.90319644478,35227.96545194672,35228.60270995519,19766565.491157867
1704618600,35231.257182169225,35257.934703960454,35207.88893433475,35232.110871696015,26871227.87940044
1704618900,35248.78749156263,35271.36985321529,35214.760391116826,35233.29152925671,15638741.712520212
1704619200,35250.885519190364,35277.61902455654,35196.786949378016,35270.14693035061,19889754.99242517
1704619500,35248.36384846672,35276.25007552172,35210.63145367711,35261.8249776283,36493568.504310384
1704619800,35245.628339786614,35269.346744702525,35217.75502923962,35237.028750772435,25174301.756202918
1704620100,35263.154266449485,35286.88220877492,35245.61314302756,35282.83465021753,18565809.132827796
1704620400,35284.53360827302,35312.86119433031,35264.19267569789,35283.19884378724,14865679.868739806
1704620700,35292.75824038681,35344.99736082281,35266.71636123978,35318.37220731495,34828588.85827917
1704621000,35302.10930405498,35326.149797047205,35291.5244819402,35309.612623086294,29921112.480522055
1704621300,35318.932264124785,35336.19421785437,35270.2016934983,35297.79520696502,26749795.952320866
1704621600,35309.90550258107,35344.76085393306,35279.17150585522,35314.020252412265,14612667.988102484
1704621900,35308.915470349304,35322.47907286026,35270.3571171528,35270.3571171528,17845707.47746955
1704622200,35291.1384117372,35316.74775420337,35247.241966513706,35300.60064791992,34188878.27316746
1704622500,35309.448635575005,35346.73163086406,35279.77153770426,35290.616506220955,13171430.642466767
1704622800,35287.8096934747,35313.78855186455,35256.86349713599,35291.59621575411,7989935.571418
1704623100,35281.238856303906,35303.08645100596,35263.874226841865,35286.24697217129,32387176.208179113
1704623400,35285.818274628786,35311.91604296279,35235.89276889853,35297.7649664342,20108562.869100958
1704623700,35285.07298380241,35305.22446647371,35253.97498502951,35273.4821402375,32303243.072282992
1704624000,35271.80818469714,35305.52533728527,35251.99760418967,35251.99760418967,29287158.213405326
1704624300,35284.19450298741,35297.01791683114,35230.16643315493,35268.244925049374,31860793.1055256
1704624600,35272.08294443944,35308.80550944545,35256.40291323965,35283.054665262185,11567241.694887392
1704624900,35277.043175373394,35325.31999290864,35258.38201484182,35295.556912865824,43976744.476035334
1704625200,35295.60369471793,35339.34715928172,35271.64400274651,35302.61408673543,26348845.135724656
1704625500,35290.36828073893,35328.010784137645,35247.50305070946,35276.62554516304,14367929.098474588
1704625800,35294.952318203745,35313.42980371962,35273.25356742045,35302.50590780138,56878426.09603684
1704626100,35290.65617821764,35333.835938128046,35279.17680405926,35294.90378874052,54356389.70567645
1704626400,35280.25931057047,35306.301711405955,35243.56467847583,35271.187572789706,14345831.556087013
1704626700,35281.95903901629,35307.80238332811,35254.3960051328,35280.363964181786,16647682.818453284
1704627000,35277.50242230058,35304.68457003724,35247.152517267496,35301.01173242032,19731835.39315454
1704627300,35291.91242030755,35322.632179079585,35265.91996015026,35288.989631313336,26172456.485478643
1704627600,35300.33816982714,35310.033416539896,35257.71248672155,35281.55959465628,20414869.783621177
1704627900,35282.84644284894,35311.65180773425,35264.04655089091,35289.92505000395,30848895.51107126
1704628200,35273.414114597304,35295.966100243444,35247.776531224175,35267.496972450135,30359497.43886856
1704628500,35278.2193450641,35302.43417211889,35242.16545320315,35252.97163081618,27134031.048434142
1704628800,35247.8241256972,35278.2424215098,35222.47641162193,35245.69347820095,14790450.413980817
1704629100,35252.269831855185,35277.005554512696,35222.48967308771,35245.314148411344,34550508.869559765
1704629400,35267.99620203824,35284.90366299172,35211.73301095843,35223.44898076643,43771574.68661559
1704629700,35246.88109292621,35275.7530572037,35215.72503275586,35260.41465454349,23725160.210795186
1704630000,35268.848350892185,35303.95053638693,35234.09716066402,35244.2556191871,58901527.860002674
1704630300,35254.30437056604,35257.4777411291,35213.106807717195,35215.47014348617,25200245.42525719
1704630600,35221.02425535429,35244.77920391707,35202.34516533223,35215.13987007082,28599315.66020129
1704630900,35220.528160412294,35251.81483016636,35193.284573038465,35246.87670599981,34633902.70902403
1704631200,35228.53253620251,35258.24961837553,35190.98757002713,35225.64692982459,39991098.16618998
1704631500,35234.02071467276,35277.90193931354,35205.929550921894,35248.43700695596,23324053.148746077
1704631800,35241.93136453522,35274.50538360602,35219.76855599948,35241.96745465779,37965223.42676759
1704632100,35238.21776058744,35257.087825231894,35214.4980199622,35233.1406864433,25213066.506436232
1704632400,35240.84323614309,35279.61396393836,35209.209590324244,35247.52357444347,27982498.95466724
1704632700,35227.2344970264,35247.2882157709,35193.848859699174,35220.494805623945,21516096.651185986
1704633000,35224.06226145683,35237.23734500124,35161.50739967807,35193.50391014825,15472195.926924463
1704633300,35215.61316219365,35259.50405583758,35198.83080799223,35214.01206697487,14972313.719950385
1704633600,35200.3294813875,35228.44477459787,35156.9472920838,35175.07275272061,25236806.33002603
1704633900,35178.46164212747,35214.41366058595,35141.812044566526,35202.11519834972,12708251.016068734
1704634200,35197.9498138021,35218.195372298804,35175.187828971866,35184.757704816955,20428713.660302956
1704634500,35185.30604360929,35231.19713196719,35167.14224773473,35231.19713196719,38649053.57090493
1704634800,35207.55164939782,35270.247252633024,35186.77555045806,35234.37618506707,37442337.99176985
1704635100,35210.72130151376,35267.25371729384,35176.78352939365,35206.48665682688,18398443.361195274
1704635400,35216.88108614441,35244.826802856616,35198.82512810404,35222.418351626286,20941696.44172298
1704635700,35228.55504521298,35259.86313553105,35201.7909302145,35218.07129436625,50507666.57409586
1704636000,35216.095808671256,35239.914772238015,35179.771926809946,35215.94410961001,9037708.468642311
1704636300,35210.97210583947,35236.09284238531,35180.24617546107,35208.39436794476,13569748.375693673
1704636600,35192.207208085274,35223.49252790466,35161.82840583196,35189.176215621665,18286902.092986465
1704636900,35195.437983228185,35220.32196184788,35179.322006571885,35184.26938074172,66648065.54973401
1704637200,35210.04618085924,35235.79816149814,35191.370390239135,35225.13395973809,28895978.847656026
1704637500,35226.00538402475,35263.58016464285,35193.16314609204,35226.29517377544,21041743.32865367
1704637800,35222.07900209897,35257.14866862391,35188.05248212727,35212.49269412494,20687111.154880278
1704638100,35205.93213642943,35230.47158032311,35162.950962716255,35199.85203661316,21135722.873162113
1704638400,35183.24776636746,35224.99859982677,35178.59589140679,35188.29728537113,17422571.51961196
1704638700,35214.97932108664,35244.08747497514,35182.30600774587,35205.26779435796,64504757.67784203
1704639000,35231.08468594363,35241.33466917573,35185.55413704575,35213.5896888538,14766526.800696222
1704639300,35212.564872112285,35243.92096341523,35190.820023306194,35208.60409633631,36494586.25140429
1704639600,35193.78553854007,35247.52328930771,35153.890858335464,35230.889111769684,44765655.46844733
1704639900,35225.60979559287,35254.41708599368,35197.869125877936,35234.16560178345,45054878.49985228
1704640200,35241.30793614279,35259.84128880368,35204.98264464447,35222.0485566103,43691916.384972535
1704640500,35227.59895257244,35259.29656882556,35206.44476126362,35245.41004781592,22633445.810985047
1704640800,35233.742316334654,35278.36362023697,35222.93542774934,35270.03478883337,31863676.036572553
1704641100,35248.953260122275,35267.06903358446,35215.83272220372,35237.186263118194,11272275.720915854
1704641400,35224.40338212584,35254.09433381654,35186.068561083324,35217.78072821804,24279292.491317652
1704641700,35230.431717149615,35262.51665525016,35208.075039883544,35260.22574856365,19508737.08502894
1704642000,35239.87006405417,35289.1976164193,35231.5508597462,35250.63036348911,26076611.96538644
1704642300,35276.5639245158,35278.61981986952,35235.38200100343,35252.69185025838,33000180.056143936
1704642600,35263.81555958763,35295.396333700344,35231.58315952034,35273.161801080874,20473980.050961275
1704642900,35264.06023177128,35271.3893739763,35216.46039730638,35261.092842070015,25840720.577607706
1704643200,35258.86652378107,35274.20535995593,35230.94052222863,35266.99781342808,12976233.720063066
1704643500,35245.51337423872,35296.98868031405,35219.97291161376,35225.85156490084,12449124.635747474
1704643800,35260.24045143954,35296.38810780611,35232.634012211936,35255.06209662665,11001367.391847119
1704644100,35259.72816842114,35309.343593836136,35216.98543714943,35283.54605652883,10642625.483620437
1704644400,35284.87685284916,35320.03771274731,35264.7745929344,35281.91674628708,10799036.560405808
1704644700,35285.73016339625,35318.53311572987,35271.359438876134,35307.85051584114,25691399.47073317
1704645000,35290.96980031934,35332.82251527031,35271.217581078985,35295.30807932863,36973826.90223087
1704645300,35282.52467366854,35328.685528950904,35265.17259886538,35323.98912390629,32745147.010200135
1704645600,35304.41367718555,35321.22595203915,35289.48521677156,35301.84162129801,8106266.28486602
1704645900,35306.77183147416,35332.81263535296,35254.229565653404,35294.64800001347,13391290.135994421
1704646200,35298.7127939853,35318.36420659749,35271.621807565505,35288.903734447784,19819846.43933498
1704646500,35304.557019915075,35322.10853363818,35269.379146548126,35304.577203641406,22784378.027024016
1704646800,35296.99683892421,35336.54578950209,35270.18612863931,35289.47744775973,21690618.290769547
1704647100,35298.45966853469,35322.313617200445,35265.88356772106,35310.25147689561,30158394.964721266
1704647400,35309.24000325438,35338.78140076624,35258.50317016342,35301.8954971585,23662309.048469644
1704647700,35295.19745914088,35323.69784399569,35260.5868459837,35282.764503314706,52831113.64590094
1704648000,35290.75654165893,35321.391315411085,35238.20299848034,35279.21325794236,18697683.54501603
1704648300,35279.13726034386,35308.24316528276,35255.80489877422,35279.67943664437,49864971.18823888
1704648600,35280.75919048911,35297.87720644484,35223.14913447214,35278.80812057114,33671126.32094505
1704648900,35269.97918798661,35318.57830668646,35258.508209474305,35281.22248295556,13529264.150910506
1704649200,35286.10565937473,35330.81453169083,35254.29586615945,35307.0074626378,29236641.159829285
1704649500,35301.5596250613,35340.095081351305,35281.21283777242,35313.404194106144,22887284.072905693
1704649800,35321.38568422323,35340.05423037866,35295.48224488971,35340.05423037866,22218233.650846954
1704650100,35340.92643530312,35370.61926214649,35313.48915609038,35340.58101852536,27847699.04295697
1704650400,35340.95972794832,35379.40403673508,35308.72215137587,35350.02890299171,23753876.504523024
1704650700,35366.1634198561,35416.54461958064,35304.61280622369,35324.340486443405,16460584.735560097
1704651000,35311.1136622012,35347.10621917444,35284.02498342035,35319.28442163216,12263266.532463437
1704651300,35315.78663136633,35339.33978712499,35292.857423668866,35310.572233834166,25648969.049467113
1704651600,35305.040889019794,35361.89547552249,35282.55146997447,35316.64872624296,27847676.13603286
1704651900,35327.36671748616,35349.40320235823,35298.34509355215,35306.33132828628,27548765.036084786
1704652200,35303.48594549874,35321.02937609047,35249.97306268708,35302.21152401709,16894322.233509682
1704652500,35285.71729656378,35342.28286746751,35227.654539467934,35323.15013604016,10608198.376841392
1704652800,35290.582208788066,35312.14736328244,35242.92797302031,35296.2027334285,27747957.03865441
1704653100,35298.04651280529,35320.23782831039,35268.76449355135,35300.204848544374,12927943.253007622
1704653400,35291.4166003824,35327.081982779135,35236.01933735459,35276.37103541658,11622553.80174652
1704653700,35271.89594433302,35302.345378221646,35242.85835013735,35277.9689772922,17339694.124314874
1704654000,35268.33446337808,35299.9835783016,35246.581867168294,35289.91349904535,52648417.78743107
1704654300,35278.39952063244,35333.84822816271,35259.61386912972,35308.541634923284,51482402.87118684
1704654600,35304.61871499175,35334.520112196595,35276.48769965008,35287.40837412336,24367243.680735666
1704654900,35289.802689637545,35310.03377551178,35265.70695620002,35291.1852071178,27387486.88179145
1704655200,35296.202301654885,35310.93618765344,35264.29826150652,35276.857349608355,14530418.140760738
1704655500,35282.6436683539,35295.80855331728,35232.935505008754,35271.74205476001,31554050.132369787
1704655800,35258.3149423923,35282.86263285712,35247.695974542534,35254.59915749349,50849739.7774526
1704656100,35267.28062766213,35298.932617122795,35246.01116154958,35298.932617122795,42664920.42218371
1704656400,35266.783943896495,35298.93881474384,35229.2526653651,35234.62467995611,52512704.53384845
1704656700,35227.58845652784,35255.13780739445,35207.78202536179,35224.035803148414,48094140.12454054
1704657000,35222.87736386684,35240.94091669077,35173.123122049714,35183.96044234815,11336586.914469521
1704657300,35189.848680402494,35212.62377366222,35162.11557941826,35203.838053760635,41392820.02889744
1704657600,35198.70651117492,35232.70962265891,35159.56527872631,35208.66886432668,29984946.433317125
1704657900,35202.941424942575,35253.24605503852,35159.91306090697,35224.7224907436,10101435.577695662
1704658200,35213.63440811145,35258.83195573315,35189.07220208072,35254.09014067006,39738026.31211039
1704658500,35229.73969603187,35248.60853440789,35215.448335556954,35216.229566874696,34652991.984611854
1704658800,35225.2170918274,35248.33816520012,35196.08958839232,35203.26860650164,12120239.498840192
1704659100,35214.465639106034,35229.34156375616,35194.64396993134,35197.58060073373,134380723.03706238
1704659400,35218.843562509035,35252.820906334855,35190.45958822443,35204.90278410046,31620607.482549723
1704659700,35228.50244407153,35256.97814927491,35189.56914778676,35209.51085394585,27885706.30436042
1704660000,35233.99592266172,35271.491886086544,35208.00237680988,35215.681184273264,11788194.867538719
1704660300,35225.586544373065,35243.58345873692,35188.52567731088,35224.3489961953,37150715.27557165
1704660600,35220.50215962802,35253.39692321045,35199.79462026804,35231.059047708775,23138382.56746778
1704660900,35232.73239615173,35251.70533491655,35193.46871253719,35218.01872874743,10259211.375787621
1704661200,35208.32157326213,35244.545398228016,35167.25287937512,35201.01089012552,14607663.143787084
1704661500,35202.51886788084,35235.35168151474,35169.148013245656,35190.99511472578,43748028.204631254
1704661800,35188.28381007929,35219.10604651392,35171.45621950999,35189.59817340184,59591017.693476476
1704662100,35187.8019836024,35205.67459122354,35163.51097418469,35167.620702769134,17447106.030720714
1704662400,35182.17934458242,35201.821566429695,35132.99788975785,35164.56771764903,22101581.644010883
1704662700,35176.74640320924,35219.2829741139,35144.60074738225,35179.49894838979,40682142.11608766
1704663000,35175.21029638964,35203.89205952098,35150.56934299511,35184.94107038936,48320391.39762566
1704663300,35175.581344442704,35197.07326546965,35141.99445029748,35172.03004254422,14036930.378759664
1704663600,35166.85357134162,35182.16678571796,35126.82293121823,35164.74550627888,33052570.452632383
1704663900,35146.85268997807,35164.2990825742,35118.014724272405,35150.77351567696,18069437.443853103
1704664200,35128.9105366082,35148.01799573809,35092.06903009575,35113.8440889906,22191702.323264703
1704664500,35117.143266590865,35151.0483804893,35064.79645227129,35080.39022878484,25436507.793341875
1704664800,35097.25795143271,35118.22079370428,35063.01213533448,35110.42912754764,11675470.255077524
1704665100,35099.14566805917,35135.79177460704,35085.10030913172,35135.79177460704,36993650.35081249
1704665400,35121.03216733394,35133.75212772494,35075.24296107737,35103.075115087755,19317915.979150906
1704665700,35089.40613359654,35118.82884559133,35061.599433060575,35067.10596912375,10532352.119625652
1704666000,35098.70306760478,35130.81749815801,35064.64789478801,35093.44394511211,26419227.383925255
1704666300,35087.840621427,35114.8394592829,35050.767487012294,35070.55214728563,37082084.8012721
1704666600,35048.270871687906,35084.9706730692,35034.81549590542,35042.81930398516,29646414.27914079
1704666900,35053.32811864267,35080.581349301094,35013.64841333116,35062.394632331234,14228621.153890086
1704667200,35048.94853631005,35068.22461180295,35021.31522416636,35041.612295629544,16275657.716671823
1704667500,35065.8898143162,35077.8773359683,35024.141722882545,35049.69494029076,24147086.354437664
1704667800,35057.483065611035,35111.217052355285,35037.29748665584,35058.36463716922,65419659.30629303
1704668100,35076.22104783381,35093.40856222679,35061.539556222466,35079.91536609673,21583284.76588729
1704668400,35086.29527948521,35127.65864521589,35061.16658837891,35080.84306507914,43068038.137443036
1704668700,35103.03191511593,35128.38504945095,35042.988874555784,35083.577767270006,23143427.182003718
1704669000,35083.27283763821,35128.35833520661,35025.291717018874,35066.6249638703,40681088.4212427
1704669300,35075.50482290579,35118.62836086916,35065.465150312855,35067.97663650893,13813624.99788756
1704669600,35088.264097069194,35094.901975812565,35059.37587550538,35075.7383667085,27026389.967763823
1704669900,35071.00173619984,35106.97283843563,35059.891525605475,35099.65018483331,54519586.60152715
1704670200,35100.487287070646,35144.05242664335,35091.81806121771,35119.472774865404,22215732.736155793
1704670500,35119.23799357906,35153.62325765283,35107.25242625914,35124.83821124931,36219617.92848725
1704670800,35127.34540606356,35145.90832822244,35098.0683468305,35125.05327519284,14280654.808242159
1704671100,35119.6410884646,35145.04160718992,35090.74631888847,35121.89635867654,47044098.557166606
1704671400,35107.58918157719,35147.10252417514,35094.83838322308,35102.08889444957,25025763.139024153
1704671700,35103.38483963513,35151.71327956538,35081.000006986345,35108.3755760901,12802241.185716003
1704672000,35110.50731618684,35155.13089365152,35066.171438794096,35092.749975023515,13171250.940636938
1704672300,35112.7938951366,35146.519845842915,35096.44260738511,35109.06171870016,33909624.78717953
1704672600,35118.25770487686,35141.28478825705,35075.50262590664,35119.439406438265,24559613.667786546
1704672900,35122.5288139458,35138.908145052046,35063.66579606842,35109.19897357283,52446592.55857145
1704673200,35100.194153865974,35117.72598539038,35082.683427200864,35085.11571126686,17196055.602726113
1704673500,35094.458838576895,35137.65551172599,35075.26832112968,35107.17826026131,25535192.844141304
1704673800,35117.323715226914,35140.44737060273,35088.541515767494,35126.56716306702,30275695.722174563
1704674100,35111.165127111715,35123.27390775129,35059.708714049564,35075.432320489555,28968848.670172162
1704674400,35086.64308597121,35112.8097780376,35033.77147357898,35050.19893878731,19009404.402059387
1704674700,35053.53837581753,35084.312160214125,35012.72883822268,35061.78323179646,13341945.510840174
1704675000,35048.34649181742,35065.25149953438,35015.81095271585,35042.211973335616,30778650.965294015
1704675300,35042.97840780489,35077.12001943395,35018.588925198754,35046.27302653542,13695297.732429452
1704675600,35055.75405880053,35086.79610400873,35014.54239263782,35063.00143076446,22925884.933896545
1704675900,35055.62843387079,35076.303765998826,35039.25728152404,35063.968849387245,12813998.507818513
1704676200,35069.356122183606,35107.45816517233,35037.204095482164,35107.45816517233,24985600.90381524
1704676500,35093.16523474942,35114.68295401475,35068.52441995002,35093.30270474852,36120599.85856512
1704676800,35112.781728243026,35126.9428784588,35083.68966084942,35103.59751514863,31469472.01734014
1704677100,35110.87162703805,35160.271461509095,35084.50849994637,35114.7720782349,26579864.341772106
1704677400,35113.37199839684,35151.09929230531,35067.71673903847,35119.91171051666,18876707.306048468
1704677700,35123.756555395375,35168.553878612795,35105.32622816316,35121.46156275039,23661809.152354397
1704678000,35124.60717010731,35153.03294656841,35112.0640495385,35115.13883524969,12418235.185911544
1704678300,35149.32806600815,35171.55316140081,35114.0941079115,35115.97205466267,26789039.99969171
1704678600,35118.37414054615,35151.742962409095,35062.94988908702,35102.153774041726,22151270.00068066
1704678900,35088.59911387839,35134.27836440495,35082.56889563926,35103.646586598494,35331843.97197284
1704679200,35105.907346969965,35119.309776936185,35082.00500164013,35105.40704844755,14482361.626921425
1704679500,35099.47573719474,35124.52925620899,35074.72129984586,35091.431641987765,29982297.319230154
1704679800,35094.323991959725,35139.0098712778,35035.43327934962,35082.449444062826,38193815.8323553
1704680100,35098.14498417155,35129.06516622874,35091.31548234462,35121.90552231374,17711002.40845831
1704680400,35126.951146881074,35145.30721221643,35099.22170953648,35139.67444499721,18293536.629860315
1704680700,35134.92152294312,35165.67902526811,35120.48202352432,35136.78645159718,26745984.246420376
1704681000,35127.185914143534,35163.77930885875,35103.74829617487,35134.520962454684,20302084.411142338
1704681300,35141.57214966649,35182.44138341671,35128.34523148886,35152.655144574084,21221377.716895796
1704681600,35148.510467291584,35173.28710093749,35115.66394169736,35144.13346941128,7959024.249000617
1704681900,35148.25287568023,35189.25811631809,35091.92587762585,35110.269995037415,16066124.039869372
1704682200,35136.11732580574,35151.9090814157,35106.37142226418,35131.15172551415,17372363.18859692
1704682500,35130.113361169984,35172.936836932604,35110.20894959204,35152.53657416494,14893632.801250061
1704682800,35136.91619221818,35164.29748999421,35107.133252972126,35138.48770376545,28056152.789607566
1704683100,35147.97612161586,35189.42579991853,35101.352659096454,35152.746915200194,13311181.820470408
1704683400,35138.44651266577,35167.024413991894,35106.21912219153,35136.61842959306,14575129.838665213
1704683700,35137.60149862063,35170.67142200309,35117.0889683948,35149.08627093122,23026499.66136045
1704684000,35151.173355160405,35180.55465645873,35128.48612972352,35158.03303662158,43907762.463213146
1704684300,35144.88192726928,35174.05163986411,35115.80058289072,35157.37962939798,8324555.79689575
1704684600,35153.93303064357,35206.09320453781,35136.27852921918,35188.76999280946,21063960.07411141
1704684900,35160.68454484091,35186.00769845383,35104.84078661563,35170.485125676736,20533504.328512512
1704685200,35176.181238523015,35220.75311552394,35140.245645986965,35177.28001132656,13637841.499400469
1704685500,35178.82413624561,35211.87882557327,35146.555454648034,35161.57420108313,18478597.243796043
1704685800,35180.9487419868,35203.391936096974,35174.210723655,35190.55820308352,38059717.32122516
1704686100,35199.49187168938,35216.52203628569,35156.793234413555,35199.04731433046,37598073.37241848
1704686400,35200.15692712878,35214.25733424475,35151.80004229164,35168.07248241827,14732417.54960642
1704686700,35181.513400444965,35212.632081527736,35144.632718615496,35169.93379155774,19191665.453448102
1704687000,35189.43706585776,35223.62638501765,35181.59377246838,35223.62638501765,30047019.65081176
1704687300,35219.24571062135,35254.580300146285,35179.20530427044,35226.32337070053,28586724.668653067
1704687600,35231.19303760517,35279.955641529,35223.714918034,35257.44362447851,40768316.99685284
1704687900,35265.49347475008,35283.85781897263,35221.82788736025,35238.327039830445,16469510.184566595
1704688200,35244.07778032291,35269.276741616464,35215.60363961323,35245.10918720978,20980314.10165502
1704688500,35242.69664251126,35279.5545732177,35207.63662608653,35261.111536819335,26265946.601040415
1704688800,35253.20933439978,35289.76594955654,35231.56808274931,35276.87407942228,41973626.10357518
1704689100,35272.34992647336,35286.44483704082,35244.123583189525,35278.656028332094,18159025.54307242
1704689400,35259.2359737876,35293.39085949315,35255.26703211327,35292.831419091934,26038604.711384445
1704689700,35270.22983135304,35291.201200103904,35242.16222751654,35264.3059138932,16698175.9432908
1704690000,35277.77234495189,35309.409376294694,35245.19423291391,35268.94883346395,34591265.37533128
1704690300,35281.57373329196,35321.39569648098,35263.24886758711,35296.047218247164,15234096.798677932
1704690600,35309.93899829017,35330.43378261251,35292.78199034456,35311.48661549241,16272669.39107536
1704690900,35321.67057216969,35355.40690931636,35295.23331168528,35330.90368103505,19979697.51650281
1704691200,35334.84311598699,35384.24171987439,35311.388651572,35367.06592856944,30500131.76839602
1704691500,35358.763577494254,35410.8129318572,35314.77251414627,35374.25072845705,16889825.04699254
1704691800,35368.41207107048,35414.906429896306,35340.23303029707,35382.9002158756,22694898.313080844
1704692100,35380.09756813178,35397.64342407296,35358.35190160183,35365.76830352533,24626142.722197495
1704692400,35365.84555077844,35392.03847982539,35337.7591448874,35351.68581906936,11698608.100657992
1704692700,35375.26708703276,35406.89099220143,35343.85142187151,35358.532077706666,28921093.33429824
1704693000,35362.84672378893,35380.01485693843,35338.83621237408,35352.71605077755,30378675.271858
1704693300,35369.86781592067,35397.837137396695,35344.82816937718,35364.581492656616,32163630.566854093
1704693600,35376.81979213201,35401.49319795139,35343.065698964114,35392.88539749257,39972295.121303275
1704693900,35369.56309095529,35431.61366708986,35352.44191637548,35365.91444116708,23315011.17868132
1704694200,35378.36540764013,35415.596602199446,35362.72747008405,35405.00713876136,24175511.46786366
1704694500,35386.32021591228,35424.528109100815,35353.75198978443,35393.63984118966,21017881.584753167
1704694800,35393.41998932292,35417.281308289545,35377.66618272803,35398.111690482336,14441412.368231606
1704695100,35394.96334144186,35419.74735933427,35376.53578055232,35376.53578055232,51693664.07105969
1704695400,35400.114201706085,35421.49126812132,35370.680611444404,35383.95179010715,59584579.94486468
1704695700,35380.48571349749,35405.84669947473,35354.12550854539,35387.76184641497,74344634.81154807
1704696000,35367.08534490045,35394.18330542435,35331.26431749152,35331.26431749152,17201648.64584749
1704696300,35361.40434494328,35386.34709199361,35338.85231823105,35371.60052065845,12923512.101668041
1704696600,35380.45767637924,35426.078416754186,35358.083464986885,35411.7721598656,43827666.08571755
1704696900,35392.24359825692,35408.003188059,35355.46216426086,35383.86092537301,52698759.71302919
1704697200,35368.63217791928,35397.2126605785,35342.31330438807,35386.851577354515,49322953.84000781
1704697500,35373.20447665928,35419.35565943436,35344.08418831563,35373.11011134964,25786043.173693955
1704697800,35365.7115152041,35415.17082320348,35323.811637902945,35373.88713098963,14772723.061649445
1704698100,35381.30244633591,35406.23061534252,35350.23473271451,35357.780886531786,18566875.31784833
1704698400,35375.24728859606,35428.25020549745,35330.02277293832,35381.262706592446,24335889.940953143
1704698700,35374.496610938004,35436.32157926078,35365.97862599388,35395.319613920496,10297402.292325705
1704699000,35398.94870017184,35419.76122348034,35373.357635910674,35391.59107792005,19807244.265083067
1704699300,35396.2114431445,35427.824668286084,35376.38729217188,35398.83347531936,11425311.678670537
1704699600,35404.770664930846,35427.4590314799,35384.05351006564,35409.800916938904,25799168.7135728
1704699900,35429.28887596124,35462.99494846059,35391.4692687152,35425.48230210446,10635216.53483238
1704700200,35432.47613845955,35470.01197529333,35412.417335928294,35434.59368441316,22189034.412539132
1704700500,35430.96457093886,35458.10023216664,35404.37598458317,35428.853877363115,8430836.96085855
1704700800,35436.56628254171,35466.18502337727,35409.447147354455,35446.15994314024,22494657.87849874
1704701100,35434.275111716895,35466.40012429575,35394.35098568381,35426.1693749136,44486755.869167924
1704701400,35437.16019904119,35463.91678247885,35386.54042928957,35430.39961657823,14543791.891307736
1704701700,35415.84248715359,35425.793726057425,35361.94069337269,35380.43176568884,36355290.04733367
1704702000,35398.96040614417,35421.19214391101,35363.06935487533,35417.90759100329,17541917.907876216
1704702300,35404.27662603568,35443.217151338096,35372.24369868737,35417.45697136714,38456843.310005456
1704702600,35405.01424761015,35431.81762795608,35383.919672256445,35409.25132273766,33682954.42395212
1704702900,35411.64266476015,35447.78104526958,35374.82964406114,35433.63521559149,18913806.329670753
1704703200,35419.40344219384,35445.14541657696,35392.78263773263,35422.325291980706,43474321.48496987
1704703500,35420.57699024499,35447.22264628483,35402.73383579116,35430.08540784655,12432300.701877467
1704703800,35423.51486572126,35439.41366925832,35386.81972461072,35394.11062579243,87249881.37297216
1704704100,35414.319523953985,35444.555298058614,35397.06107079177,35397.4136793221,17782753.89754205
1704704400,35412.150376573845,35432.06202201318,35351.3586001237,35369.43716299824,47670083.82523903
1704704700,35385.903442196766,35428.73231761109,35368.3146910997,35410.47544212065,33185220.326643955
1704705000,35416.19093084209,35465.32432801768,35395.88796316545,35451.401344188256,26622696.330393877
1704705300,35456.55055865632,35508.01417257203,35429.79983460202,35482.41316195029,17793282.283275787
1704705600,35462.470161369354,35487.87743430272,35436.40939154387,35456.29164282324,60233955.64684629
1704705900,35461.91650253634,35480.33429626998,35414.49316741001,35457.19847685166,21617150.22308959
1704706200,35474.716300197404,35513.82734599863,35459.40636292974,35483.98247769183,33481344.076223485
1704706500,35483.18580051279,35499.96226536624,35464.11581642947,35481.363123463416,30084531.951966975
1704706800,35477.0984902226,35496.574174795904,35428.99840149193,35477.2764733288,14759622.537024703
1704707100,35472.12875990222,35490.90658453463,35456.528356088726,35456.528356088726,8484238.268937102
1704707400,35491.36987210229,35529.80471290776,35467.713192769625,35494.49834355127,49798612.35816412
1704707700,35518.079526621485,35539.07524429489,35477.912431309174,35477.912431309174,41137375.833112344
1704708000,35509.0877318329,35531.366606221374,35488.3687460445,35523.72577543462,14667252.402910635
1704708300,35513.38595146317,35556.573407047654,35504.0545265567,35539.82416399752,15477197.37642558
1704708600,35555.70655150519,35578.810206243885,35516.15671745003,35564.125882313165,26017642.463651933
1704708900,35557.224766699735,35578.114337200146,35535.760352320656,35578.114337200146,17362328.313912425
1704709200,35571.75235403205,35626.547795801416,35541.44539674007,35607.49171146954,29370700.362769477
1704709500,35599.85393020417,35608.77359863868,35564.935122453906,35575.347836369554,11954429.844382692
1704709800,35584.25478567914,35598.51477790439,35541.921037494,35589.03616385829,11002485.179018954
1704710100,35570.59775966411,35587.71407558923,35533.69813823163,35533.69813823163,63831169.77516056
1704710400,35564.126000213146,35587.35118285772,35515.268140365784,35560.26206246124,29769711.230407145
1704710700,35558.549752213934,35588.10160397429,35528.30095683942,35546.06772565539,27243599.288002845
1704711000,35539.887934373735,35582.18961354784,35508.410499103375,35555.53635432648,15378142.662652647
1704711300,35556.53853267106,35577.0349260095,35532.562417309106,35548.80700186175,21212935.50253842
1704711600,35541.19347709338,35567.49681414364,35506.15806072655,35546.89959736813,52507281.571385294
1704711900,35550.90891205488,35584.48364212909,35526.59916081307,35526.59916081307,26863527.22980333
1704712200,35537.042709925954,35548.65742653451,35502.29712211626,35515.38319222383,10924598.668875627
1704712500,35517.86183672971,35529.168900532786,35486.54473315683,35503.47273082311,93946432.82827166
1704712800,35499.0912019109,35543.45506473111,35477.798864216806,35537.678310609204,10512823.785428848
1704713100,35516.480432155746,35560.19519795647,35460.71845886186,35503.63595794194,23667012.075620145
1704713400,35488.18635070597,35525.18357108229,35435.13298570604,35496.11890220558,15662397.628312811
1704713700,35471.03913572095,35492.85623861024,35414.68339644049,35456.480570011234,31190881.53847389
1704714000,35461.330501674434,35513.199835391424,35431.83006885801,35493.624589961,54103433.84339943
1704714300,35489.45672577858,35520.585073661576,35439.890448024795,35483.99714503092,15497399.662412744
1704714600,35486.06934729217,35520.09733350962,35438.39804710206,35499.430489474296,17687310.022458464
1704714900,35478.31956370348,35517.84819644944,35451.65347895817,35467.87900525664,19252061.330456115
1704715200,35479.44350779047,35521.18635875756,35456.06590035886,35514.016527583735,15727094.31212101
1704715500,35502.65695293964,35508.11732366399,35456.38734237233,35458.44653270428,25954225.762550455
1704715800,35461.98451588579,35494.96268255563,35433.598315766314,35445.89257136415,20167553.16407512
1704716100,35430.84646837568,35447.21181507699,35395.85583671271,35420.35147286137,33463311.33306945
1704716400,35412.08157779633,35437.10362735981,35386.61147063968,35414.74299749675,24761123.482525542
1704716700,35409.01840929963,35443.05124582425,35373.1453026656,35395.205009415746,25595476.2779712
1704717000,35404.043386981044,35430.337560273525,35386.948011228254,35410.412453536155,8911260.76653055
1704717300,35403.66900506719,35467.43467988236,35381.07077965374,35413.6862298236,14488527.197413951
1704717600,35407.73625307335,35432.340979248285,35378.67253959311,35432.340979248285,15293207.720681988
1704717900,35409.935771071694,35436.75097251942,35347.53210464339,35384.07560350464,13161517.624149928
1704718200,35379.63606462451,35407.7917268173,35343.082177265,35380.35857173603,21446906.92670815
1704718500,35367.32406072919,35379.734529376765,35340.63725105695,35365.07327146707,19364302.502344612
1704718800,35363.832859199145,35389.24974613893,35340.88109000318,35368.95332838099,21756393.88789402
1704719100,35340.44107963378,35374.267993232585,35301.34519293014,35316.67295171481,10039586.386608228
1704719400,35338.76748384316,35368.61173134187,35317.78632756815,35343.01965974078,19935476.41742914
1704719700,35342.28140529002,35367.71537469152,35312.20443681836,35336.896056068195,33579656.446193896
1704720000,35336.57172658597,35360.387098149,35302.70375906387,35329.35860170998,24128809.580283705
1704720300,35339.72539388207,35374.97592331125,35319.244167744546,35348.40402181846,17061644.490230307
1704720600,35343.85097725691,35385.73217177845,35322.06933943952,35355.59488264755,18535174.40241149
1704720900,35363.32083209661,35380.26198541225,35334.20305091355,35344.57466363821,17636933.944664728
1704721200,35332.580188946595,35357.816392388195,35313.07155583916,35341.06570305153,18448604.918366283
1704721500,35337.562311210015,35372.12592297819,35305.60195755703,35330.62813576263,27724549.74492223
1704721800,35323.40611054064,35341.71150593504,35291.41292342926,35312.820534122446,16919418.79850133
1704722100,35303.31310651734,35322.437598159646,35270.07913872434,35316.36615462616,39209562.5943029
1704722400,35300.98503231096,35314.766716734426,35255.30628459055,35274.382075020054,14639866.600562405
1704722700,35275.16980283221,35298.257978746406,35245.46744149106,35266.485517602414,36941549.15455836
1704723000,35268.3809680403,35293.06494167512,35215.77804640784,35245.7831127887,48961473.262890145
1704723300,35251.190008356214,35287.34201459667,35217.788278188265,35235.70561201964,21860038.14954982
1704723600,35228.413380235004,35255.906520677505,35184.367010943584,35216.133125482935,108568942.07320885
1704723900,35212.56331679895,35239.41314022304,35198.80950525127,35209.59162188437,7790920.910568289
1704724200,35209.63895989086,35262.98615059448,35184.30473637981,35247.28509917951,60902629.66735862
1704724500,35242.785876408976,35275.15184436975,35221.27786412649,35254.21815128673,15442970.582465239
1704724800,35238.2937924731,35248.09903188722,35193.85107005565,35234.61129094404,32957765.50595085
1704725100,35218.42625217195,35249.96793604542,35165.163078034755,35216.44558794501,30019882.47334791
1704725400,35214.14164747002,35236.08313360839,35185.62334038736,35233.468565987925,24108572.892099913
1704725700,35218.434736272495,35265.761825017566,35207.56390504709,35232.80041071696,52381073.65795533
1704726000,35241.744312095885,35268.422835588855,35204.78972082286,35229.96010212957,31007922.844462387
1704726300,35232.65359034264,35266.56668106462,35197.78456698855,35252.45770023843,32300009.044401478
1704726600,35256.60263016012,35272.011817345585,35225.77849036171,35241.615187271906,79950809.99048865
1704726900,35254.99839730932,35279.21102604768,35215.88835627089,35275.34924818665,24875131.29598112
1704727200,35254.85068082395,35292.37547923809,35224.819954051374,35290.3979108596,47829504.96780827
1704727500,35285.141821682286,35327.177984589245,35260.06109968668,35285.259339575074,50024364.70323068
1704727800,35285.0840071682,35320.33182221301,35262.7051236078,35280.342618214105,13356589.658461245
1704728100,35279.18519404303,35314.77547074874,35255.717620056435,35314.77547074874,22192463.240679115
1704728400,35291.010080673266,35337.34180170667,35260.83319032094,35281.32820875012,15331889.437693052
1704728700,35276.585855723126,35297.0359712806,35232.789204969544,35293.31416981707,16820814.932310358
1704729000,35275.933068211576,35304.04714706312,35237.29442485467,35265.84622954485,18296864.699782357
1704729300,35263.146825550044,35291.25859333141,35221.68763091525,35290.77287480495,27132032.38891199
1704729600,35289.42557611718,35336.00572730026,35240.48662858437,35254.24643290406,8111870.837130165
1704729900,35259.31649018404,35286.37929617463,35240.329107953425,35276.051623431194,27687039.22328999
1704730200,35261.08157094019,35307.45666258067,35242.642012869816,35258.59850981303,35656364.33809627
1704730500,35256.23478229551,35295.62638079573,35240.07640824429,35265.818698773975,11654755.085264916
1704730800,35256.70709157751,35296.88903567097,35243.91571094186,35290.00727015061,5819261.965536657
1704731100,35280.990300969184,35321.85696224826,35260.53134121848,35311.88349826384,18380443.341948844
1704731400,35289.94850833731,35314.21366515495,35268.21771365713,35284.489371871015,27547062.880112115
1704731700,35284.74353905712,35325.235286813855,35266.34551105707,35293.69829081543,10933736.711613579
1704732000,35309.68609520526,35334.33131894145,35274.312748919445,35319.73936511857,81493892.45137972
1704732300,35316.57030417011,35355.16410567729,35292.67231165448,35307.68906312045,35914918.57550092
1704732600,35292.039921387266,35329.04465347572,35253.334464994674,35324.45572891205,15681715.302110823
1704732900,35314.39923767267,35347.867324768966,35300.39606497426,35333.44968288707,7000712.645172326
1704733200,35328.43459612332,35345.898902864035,35284.02801232978,35288.78219755492,43567759.83573548
1704733500,35324.27468566252,35342.001873048794,35292.25979832703,35297.62511181687,19943597.654009745
1704733800,35304.9200200638,35329.88818010292,35268.509222625195,35277.7343818392,47819792.45863322
1704734100,35288.93942962403,35311.602038065204,35251.74566622715,35251.74566622715,21313063.707054123
1704734400,35287.23461412634,35320.04236066479,35231.23712532949,35248.41496502476,34998224.96658166
1704734700,35270.4522833454,35296.66274381447,35242.178979504104,35279.844612345,31827682.6450776
1704735000,35268.26380347224,35280.810104740136,35229.36793446673,35233.103538400064,45157492.52170711
1704735300,35258.035763311214,35283.352725184726,35222.01788369328,35252.95123618868,27436285.11429905
1704735600,35259.325099222435,35274.61700829807,35229.80006978846,35244.63417616821,63618130.37665802
1704735900,35260.523849088284,35293.95921409721,35204.68634974715,35269.69551251359,26889173.255546972
1704736200,35243.82037601117,35283.466051325246,35223.90868411174,35283.466051325246,25077146.91093073
1704736500,35263.889430076946,35295.628474891906,35219.83040477036,35255.56587402542,69135111.1930665
1704736800,35256.55432084554,35283.48778426285,35242.575213545104,35242.575213545104,45825478.09572273
1704737100,35269.6673452107,35311.767296552025,35233.01245336322,35259.01956647473,23337657.21388345
1704737400,35273.38946000966,35293.08718874302,35251.10896560647,35271.142393706774,18899380.30125714
1704737700,35271.53360605743,35290.67497827884,35235.91791521699,35261.426811042664,29271363.70605904
1704738000,35267.60066132164,35317.95438934881,35251.33985485567,35270.44472671079,26510663.040016077
1704738300,35281.97278932137,35301.2391354936,35240.415201502066,35265.75022549146,9844710.252826657
1704738600,35254.698965878575,35276.9817515539,35230.04181677451,35230.04181677451,19019724.014177665
1704738900,35247.95352014895,35278.64518296232,35200.489682990425,35223.61994979818,17987174.260419507
1704739200,35233.57869876487,35281.61178081968,35195.78027764377,35215.38028052269,15321351.35427164
1704739500,35221.53023120083,35250.60658533887,35191.01450562161,35242.155988696926,76014672.41445181
1704739800,35222.79013152822,35233.794665186935,35173.336236411735,35223.25458197009,34198543.87624463
1704740100,35209.605459652754,35209.85098564475,35173.16498639111,35173.16498639111,17988743.030012667
1704740400,35184.67925971341,35201.56732945248,35139.67555759854,35156.714465011195,24526763.765515823
1704740700,35189.25924073181,35222.43272207687,35180.15790537257,35207.68698387082,18060654.533327244
1704741000,35198.76219148197,35200.60525697155,35164.32848152806,35180.94063831687,25936727.12816918
1704741300,35182.225278677695,35227.26328126209,35171.97730833083,35171.97730833083,47241048.79799156
1704741600,35197.326981756094,35226.81354734632,35187.62362723211,35206.5684762411,52048542.44000967
1704741900,35200.02327808368,35205.0013669504,35152.89185424857,35154.431440742126,17942389.33680865
1704742200,35172.570379964185,35221.22610248834,35156.730203285806,35173.218053956094,7254596.044236351
1704742500,35182.20421868095,35211.78489581417,35151.83839888073,35173.639549700674,16307851.628744062
1704742800,35163.03003285511,35203.26501042808,35133.45026228318,35174.34904416672,14912191.612415548
1704743100,35161.03537490319,35178.93452008175,35123.47763043136,35157.67200826877,18783508.834101617
1704743400,35128.01055974105,35152.547024658496,35088.06339400513,35113.883712810275,21827633.57398254
1704743700,35100.98470865603,35151.66254416426,35078.942916546664,35118.286779590184,38173957.565740146
1704744000,35120.72360297549,35156.05534052162,35078.78858716852,35153.62511627294,41059058.18109544
1704744300,35137.47725384638,35168.67776551504,35100.49807343878,35162.92824891031,17673066.678878054
1704744600,35144.68340711688,35162.650633380406,35078.95669830652,35125.728296347304,61845011.021030135
1704744900,35132.42955400967,35162.469635124806,35093.046863284835,35120.19163909451,35552068.3551624
1704745200,35116.9400710507,35144.792077834856,35084.83588143545,35114.900061389475,38354824.08163522
1704745500,35111.96671781387,35137.62926057694,35096.9737206004,35112.561054832746,44356547.07202157
1704745800,35103.46066073228,35131.46447222048,35058.14689833022,35115.30938179845,19600646.131228577
1704746100,35110.001644964475,35161.46794517127,35091.05421266187,35121.39891723801,20430861.105345536
1704746400,35123.25686380001,35163.93274352138,35109.35945986996,35127.229185863966,36345173.97236277
1704746700,35140.1080984069,35161.57935094804,35107.39973574827,35122.19088878921,29801903.24530623
1704747000,35121.88923312389,35155.628117593005,35100.163415747535,35122.553551984776,51226458.35464058
1704747300,35125.43173287908,35144.53918161962,35107.28431519128,35134.18858462585,23982790.22136259
1704747600,35126.390087210915,35151.31898458759,35096.34790763931,35141.16775902436,29622748.88182861
1704747900,35142.18086031107,35165.602171023864,35111.91459471332,35135.45744584465,47724822.44435014
1704748200,35146.5516178082,35178.08436285965,35119.901532332246,35149.50954548882,64875965.85495751
1704748500,35174.42700341911,35216.932177206465,35156.690397754246,35192.1449743446,43026690.59386237
1704748800,35183.34318626553,35216.563346115974,35128.74686799121,35181.973333340145,27529296.14133891
1704749100,35177.806437989355,35199.03049026906,35147.736747955816,35194.329279210564,5766243.492042832
1704749400,35160.97736420594,35189.29965697761,35143.32276000015,35148.23142042991,24578185.584802434
1704749700,35157.187737076485,35163.66853865032,35099.98471536938,35115.965431198725,31246648.393199332
1704750000,35107.4459858088,35133.22669543663,35059.700139878914,35083.33505138122,13583390.959442878
1704750300,35097.080254987246,35117.389129121315,35028.55831925562,35111.07576572747,45278742.28022738
1704750600,35107.380604193146,35159.74547282912,35072.606005915,35111.299978251984,21291623.420782678
1704750900,35092.93920314966,35125.22958178655,35043.41405122998,35084.02056359797,18458914.807162352
1704751200,35093.61409593821,35135.81662154682,35066.03251036509,35103.39079514512,16140181.254935687
1704751500,35132.0359145288,35157.4819259447,35114.72041393378,35155.92374721909,18374659.363029264
1704751800,35137.318066739776,35162.57833304406,35111.529880545386,35126.785994022764,37553957.78012944
1704752100,35119.97597497671,35158.34247615667,35100.02885058227,35112.08301677727,32737616.581948344
1704752400,35133.34959937146,35182.90093961979,35117.52977771101,35143.54764505278,11969364.38748395
1704752700,35115.38716786645,35153.33172612123,35087.66583325612,35120.98043047639,15020471.252091974
1704753000,35128.03244851126,35153.3674909763,35088.40144897511,35101.7248943351,27469548.043601632
1704753300,35112.45061594711,35124.540590282566,35078.92216391259,35100.51090308196,37778497.11724453
1704753600,35106.46303844694,35136.61467631544,35057.465705176415,35110.84725700734,66566078.20969583
1704753900,35094.26905580343,35139.76408308435,35066.72145645683,35113.423001400486,15587945.461480489
1704754200,35105.210819434615,35119.96833463975,35069.46949467344,35087.36054164264,27872266.468013603
1704754500,35096.65194820109,35128.89685894585,35063.784033000426,35067.21214656498,19094768.97887923
1704754800,35083.7302691469,35126.8858173214,35069.05124819485,35104.17322023454,40672924.199838
1704755100,35106.640368981,35129.09816371824,35068.90336954997,35071.532591657226,42064555.76343059
1704755400,35078.91180295715,35116.41743717527,35043.28843577375,35088.621653066766,24173143.838627115
1704755700,35080.51965388032,35116.91555638112,35067.21196863522,35105.53514547589,38325441.53901185
1704756000,35106.77916635122,35114.25992432514,35066.55585804758,35091.51221037344,42073516.01468514
1704756300,35088.37259416908,35103.28880698834,35036.44702725114,35036.44702725114,21510368.610218093
1704756600,35054.22385473207,35063.05822761383,35011.088247116604,35037.16018576985,16584736.032433314
1704756900,35026.98046405258,35035.27059532514,34986.16835660132,35014.22884398372,15749075.341362897
1704757200,35011.87420884374,35052.20100284721,34997.66598134072,35020.204394418695,51032206.92981391
1704757500,35033.901484339985,35071.70439287421,34995.785797320976,35055.41840188488,26993997.324672375
1704757800,35029.4023161948,35077.69134010216,35001.001574967566,35025.15713666311,21348386.905210417
1704758100,35022.587372259804,35060.38468623914,35010.083781157395,35041.33595485269,29095459.571600612
1704758400,35030.13331938554,35050.84518717818,34991.95369616708,35030.22918165062,17982720.087712053
1704758700,35024.816055833,35044.00665276622,34993.48316029001,35029.87181748833,25951337.256377082
1704759000,35016.67257649558,35051.827455854815,34998.57377388293,35024.79633905628,11241577.088753466
1704759300,35035.11753980917,35070.96862425011,35002.938560727656,35025.586674481085,27790739.171400264
1704759600,35029.575551164184,35065.30512647644,35008.71403189306,35042.31728383235,24750518.745050967
1704759900,35044.77537124619,35063.42085671855,35004.30684389042,35058.65356765764,50465142.25184828
1704760200,35040.470533370804,35079.55051819339,35005.71459897863,35059.02832434796,156344815.85511273
1704760500,35041.5536594853,35085.947928562906,35014.004901032546,35065.05516780073,24468879.33279096
1704760800,35063.780778496446,35116.71932776164,35060.34108808907,35076.689382901845,33063355.692698337
1704761100,35082.87272988182,35107.253452634664,35040.57133156545,35065.93720405316,37648397.43938208
1704761400,35058.15251830375,35081.46340365376,35042.61669190032,35081.46340365376,19044402.0304116
1704761700,35051.79847227157,35084.19789303583,35021.324850207195,35065.16944660637,19764947.091526203
1704762000,35057.832504128535,35080.33214347096,35020.29591353902,35032.976583300966,31236963.58849681
1704762300,35049.798933432976,35085.11365756131,35033.19419357645,35041.732179259256,18764866.22145132
1704762600,35074.57478721468,35092.96555065351,35038.21309667155,35054.9822127648,40041549.97328363
1704762900,35055.570494268635,35084.7694475673,35004.693050361195,35071.99773697336,7695463.843296641
1704763200,35059.90846519282,35084.471559628655,35010.6802186722,35036.472795629335,12152712.535555162
1704763500,35054.86392448508,35071.48319195489,35004.88184106724,35039.77288356783,42486916.50759817
1704763800,35019.22133344595,35054.85475315518,34996.88979667421,34997.71812025374,17951610.032809425
1704764100,35010.162772200325,35053.58687881131,34979.69951881133,35029.11878028332,12230766.167492649
1704764400,35013.87339897963,35036.2284085059,34984.86762542778,35015.84186104139,17580510.00763823
1704764700,34989.98210580916,35032.8909339009,34959.94920996393,34988.53528978322,12652936.925497733
1704765000,34980.3642032752,35015.765408052444,34958.454504309055,34983.132527486814,13805344.12668326
1704765300,34997.30369292309,35021.183396550594,34975.53995927449,35016.82061403584,13088253.28966203
1704765600,35004.2724466673,35038.274985061646,34970.58533309756,35024.65635654007,24796979.597471926
1704765900,35018.517857658575,35072.239674760545,34985.069708312265,35028.37388470967,17465795.052894216
1704766200,35014.15225989984,35020.23669487189,34980.33412573854,34991.64255156274,9584692.125057124
1704766500,35003.8832387259,35032.380937377064,34980.91724198683,35018.520468349714,21474670.693815827
1704766800,35016.68239656434,35037.70116656268,34964.70533225211,34987.124353642575,43463586.18315348
1704767100,35000.76751177969,35016.03368242625,34965.69458817075,35005.7755177654,7834475.064380342
1704767400,35012.2170234828,35056.32549316906,34975.016748878974,34987.381041052904,34255586.63881066
1704767700,34993.76015236994,35022.10945342464,34978.55196492694,34980.09158930315,10781556.903760426
1704768000,34990.935740732915,35011.7058967713,34964.45569041029,34987.00294012638,11571608.318720782
1704768300,34982.15785333982,35015.4623498804,34971.642624769855,35015.4623498804,27208878.010521308
1704768600,34988.45093124502,35038.08693783562,34968.52344008486,35002.683711301725,17551860.965610337
1704768900,34986.615560220154,35015.11505337827,34969.536817454355,34996.108285346854,7843998.912811993
1704769200,34990.85991109024,35019.48806061386,34961.87826531665,35015.584391484925,23307699.40563758
1704769500,35022.372291363354,35045.81001576101,34999.736812315,35028.925446755034,34246023.13710137
1704769800,35024.31768939616,35051.26110232769,35018.6838971111,35028.115339489734,48781708.72880202
1704770100,35024.45801209966,35054.241995676086,35001.427013328794,35032.89262806416,27010109.450759567
1704770400,35020.654932986705,35036.96088371318,34990.91832279569,35006.41702522178,15776258.803460333
1704770700,35022.712687258456,35074.71522665653,34991.45559181572,35001.673718051075,25982401.021573998
1704771000,35027.068246995324,35043.98834692479,34995.04859589817,34995.04859589817,22078017.12635956
1704771300,35010.82400962546,35022.25835641681,34971.805171784086,34998.368926604264,43932486.56609158
1704771600,34984.403498784864,35024.08102669689,34968.624936619926,35017.008305444004,21398700.40688099
1704771900,34988.646729387765,35026.42595985463,34935.77705884295,34989.12383732507,23968286.994837783
1704772200,35009.35044095415,35025.9754649602,34981.85169791919,35004.100131296655,26150665.048278466
1704772500,35002.13052599738,35033.322981826444,34972.42630598472,34993.120540805874,25979300.38345755
1704772800,35012.359644821256,35042.97149524151,34990.3155220468,35042.15918270122,33452780.366669677
1704773100,35026.19711865101,35048.607638965084,34972.16644078681,35027.76279264753,15841031.515228778
1704773400,35009.2759907417,35056.06311251335,34991.00788936915,35041.92259052829,40056475.88460321
1704773700,35040.7010299512,35072.750131208624,34994.700863203834,35032.528080230506,13571409.084891554
1704774000,35029.28145945201,35078.72680335792,35018.160153412355,35061.32794683627,37115286.06934648
1704774300,35067.62568066483,35092.63878557894,35025.0763003914,35050.92359458351,33334117.66849707
1704774600,35058.275644247304,35090.24869932664,35046.86882051177,35084.46254343934,16782033.295279235
1704774900,35082.735715381656,35110.422530268545,35058.097159352634,35104.4130395814,72423515.40861635
1704775200,35090.21413602422,35120.43904000074,35075.83732291129,35105.473246484515,12247338.333831217
1704775500,35103.56998556798,35108.05382183599,35068.17573911786,35090.7888702015,18052948.83411901
1704775800,35092.784825568895,35099.04189106049,35063.52814007214,35067.25596922108,32681416.525632385
1704776100,35087.99383164754,35134.50113477752,35066.60713478359,35104.720831980376,27893600.19096054
1704776400,35105.81019725593,35147.87732183385,35080.42975853764,35102.02862529589,17918914.003490273
1704776700,35116.74810066607,35137.94884286783,35067.02134929712,35123.156582760785,22389327.06266017
1704777000,35114.774603112295,35156.83800873231,35096.42989585694,35153.69090215003,7187333.638169381
1704777300,35153.2858163513,35177.58250745854,35131.19820203324,35144.60328953477,20959724.291733235
1704777600,35152.62559999216,35203.83642851294,35147.334684792986,35178.914648349695,33141675.280522894
1704777900,35167.47355543568,35189.76408655916,35107.12580825412,35143.87623741445,17958058.8687326
1704778200,35138.199471657514,35212.589907478054,35128.47328665074,35158.52845995354,20962346.81963435
1704778500,35162.243552155924,35178.19007880098,35138.196998830754,35171.77964803355,25037134.529983573
1704778800,35156.45818952601,35224.49682729158,35135.79863142022,35185.468736169125,66949983.27399556
1704779100,35187.41529679788,35232.15673337925,35170.25774932388,35195.54746710013,27316291.50512442
1704779400,35195.63107536837,35244.53546795376,35176.386387781655,35222.571417532934,13710526.607283665
1704779700,35227.80370971981,35282.62959361158,35189.2009983048,35219.62602001863,34796836.0409329
1704780000,35217.65168983701,35253.866369933734,35168.235542339506,35223.81823303061,41983697.44266708
1704780300,35219.92761755311,35237.31338637162,35199.925216952994,35207.13656438658,18644590.338935826
1704780600,35226.46873228777,35263.60147138568,35199.24956889244,35213.00878534985,47687194.5050283
1704780900,35224.19711536764,35289.043183628186,35202.58916044147,35241.99395995897,10243271.355695734
1704781200,35231.37755289861,35267.15424488508,35194.73464950393,35227.96501362113,28615317.331791706
1704781500,35222.66517110507,35227.20156257805,35178.16033264741,35221.100357683245,49190930.60957575
1704781800,35214.835316002085,35248.86186365365,35194.1675582046,35217.19083536042,23622868.45598031
1704782100,35211.02600931005,35265.2509750276,35200.07319630557,35225.78629078161,14171236.64501793
1704782400,35225.13393953634,35256.3837034296,35201.8200801629,35226.08563997026,23652015.050396096
1704782700,35227.68310206035,35268.4698108388,35183.804047711696,35241.50626631644,23893503.854235552
1704783000,35206.628926952035,35257.291750972145,35184.36068028174,35229.65873961932,12187299.304210808
1704783300,35223.52526858477,35239.004703846,35197.92889427498,35209.952293488706,49999172.16843947
1704783600,35218.2157900933,35248.16838345313,35204.04314992467,35217.55532129594,12459305.310918434
1704783900,35247.7030902198,35261.03916477331,35223.53699854603,35248.19540241969,27851603.735937767
1704784200,35236.60940819533,35276.02932268749,35203.39573407596,35270.40053192244,18947178.355392653
1704784500,35268.86245907121,35284.28889434376,35247.774478337495,35266.96021684885,21463521.639531747
1704784800,35274.16213279303,35286.37571880844,35227.60198896798,35261.93223848567,21994505.196400486
1704785100,35252.067582468895,35303.23773653909,35236.05496398039,35259.30730657569,22499886.229072314
1704785400,35260.67741948581,35305.395682620576,35242.52169023317,35292.50046430433,13009418.100073358
1704785700,35281.56735781078,35308.68428634197,35245.67020962953,35256.06820749778,12861837.061784564
1704786000,35266.64248069009,35314.179528945235,35254.947955456046,35254.947955456046,19420797.889692035
1704786300,35274.468774899426,35300.178647293,35255.306022762874,35265.834722275526,19019008.62356787
1704786600,35279.04743051743,35309.37748754199,35226.844918020484,35231.25764488733,21848976.338889226
1704786900,35256.11713270042,35300.933689838195,35200.77828361413,35247.89681483703,19765130.371532824
1704787200,35247.05125304618,35272.49616892567,35221.74091111669,35251.94915602225,28490263.98183954
1704787500,35247.22328578717,35264.06057626574,35210.934001426154,35244.56809620644,11402175.270396726
1704787800,35227.508393544034,35263.66109277374,35219.379106574066,35252.31962566019,20403080.128653657
1704788100,35270.084527806546,35304.67560855631,35243.48899009163,35249.32884838587,10946823.663514167
1704788400,35254.57139198848,35285.03770435117,35215.50655256404,35261.09414602879,55575954.06273307
1704788700,35245.85031203829,35278.28861292179,35200.96455074711,35254.52591688262,27986335.004277274
1704789000,35245.42686177436,35296.759592091934,35210.16447776626,35233.98294689198,20132567.929809265
1704789300,35231.87119644027,35278.53646306725,35216.78366692127,35243.541105211814,7280738.382424952
1704789600,35258.5293290739,35297.58238926084,35245.64262739202,35261.57785828745,22076797.16692662
1704789900,35260.374019187555,35286.8528066006,35239.78763014175,35259.32595295955,21035060.914018136
1704790200,35245.289782368505,35254.53605010272,35198.86798133328,35226.632952229906,13040765.342021525
1704790500,35219.56336872829,35262.397192894125,35199.83953210434,35243.963929813646,18912983.013056416
1704790800,35233.28205211708,35265.17210377654,35219.11943108281,35247.889823598736,23560282.517477848
1704791100,35250.84400809405,35285.35155313237,35228.66961999136,35259.085333545416,34080654.89085865
1704791400,35246.12405031561,35264.93435295852,35183.492429449594,35234.49354601578,32849538.87567354
1704791700,35229.149040891745,35254.35895503774,35211.2029029054,35240.11246038715,14469922.08006718
1704792000,35220.32790472281,35266.83991467002,35185.44590793461,35205.42835471204,28876410.896309417
1704792300,35223.1546465964,35260.23352214825,35200.69241381118,35234.03181691627,16695070.313610202
1704792600,35229.01781812892,35266.07012113524,35213.37055306502,35237.730718236424,21834127.109478325
1704792900,35232.85945085686,35249.19305349598,35184.40866819447,35212.89060142853,7990948.055314998
1704793200,35212.676176937784,35241.3491744648,35189.352128856284,35225.381771668246,10088474.57390116
1704793500,35231.08283032482,35253.284071545546,35210.644432633955,35217.50430959147,50448226.34129648
1704793800,35213.857411088415,35245.16883320506,35191.5072275061,35233.32145818685,16636917.477874842
1704794100,35219.892691672256,35251.279348326185,35183.491264869444,35234.03322673699,9504411.888841921
1704794400,35227.545609725814,35267.606863523295,35204.16619785778,35241.50509855845,28300166.3471722
1704794700,35239.77944561244,35276.473641258526,35200.24387081887,35211.30817176653,34741456.1113151
1704795000,35234.6343488307,35270.27832470281,35223.92656683117,35231.310862039936,19562341.105557054
1704795300,35248.22021800219,35290.982775116536,35228.276613278795,35262.06689764659,17177515.98638198
1704795600,35251.81156676179,35292.19571358163,35219.48564364796,35255.59079954197,16092452.27200777
1704795900,35258.90940540323,35304.45209750075,35230.03000731839,35284.78976293545,38041463.19614041
1704796200,35266.82997880649,35303.20588638416,35212.17716434888,35269.53506640598,11125301.126271449
1704796500,35257.332775087285,35287.97859248019,35221.83362781769,35287.97859248019,33416456.305394724
1704796800,35272.27401917191,35310.09246213493,35245.593895800695,35257.69851102641,36587385.69364284
1704797100,35257.349966797374,35292.26277816282,35239.060236105914,35267.50798895539,20353661.872944318
1704797400,35254.266415678205,35285.570109970824,35241.37873289873,35245.687085092344,58553423.392749116
1704797700,35253.69134630183,35284.81893853378,35207.47181286489,35251.141143534536,20714633.338025074
1704798000,35277.4748063645,35302.65520278522,35257.33631734074,35291.58240871435,88271659.56137499
1704798300,35293.34911495483,35328.84128545536,35273.460835543614,35299.492275092016,23426936.622767065
1704798600,35299.05862839553,35332.94906892252,35269.24465612918,35299.337606022375,26495880.168111168
1704798900,35285.84974209978,35316.34297602003,35259.186418420926,35281.40988973535,16871065.520972405
1704799200,35275.40887983824,35302.212490879894,35247.690782948186,35266.02770703544,15527624.994727852
1704799500,35267.65440505157,35308.61218234121,35241.86852853703,35264.44667867484,52754403.29877401
1704799800,35264.267005811154,35289.29240680458,35250.63508436271,35270.63794966204,9838621.89298868
1704800100,35257.18715105049,35288.56116580215,35238.078505558675,35257.58881683242,10160042.82110937
1704800400,35257.111560351615,35289.7514368102,35238.32941500902,35246.53445406815,26340648.896388594
1704800700,35239.39843336363,35258.8047950482,35203.991238578805,35222.271695900985,16869258.228532575
1704801000,35235.94391926167,35271.15865656048,35203.12536825289,35221.74323326444,19196040.52800007
1704801300,35216.87387883494,35235.19324273511,35178.83368883939,35212.01606261961,39449060.445008315
1704801600,35206.39175224046,35237.367167441604,35168.96434191787,35193.881307821975,28040105.917079054
1704801900,35173.442516701776,35203.892756473724,35138.92269230674,35170.81255724986,23540877.40229642
1704802200,35172.121512828366,35223.74773066455,35144.88164422811,35170.79757972217,15270656.594575463
1704802500,35188.89053018245,35210.22543470876,35159.5123851013,35173.896539067384,9973546.01398917
1704802800,35160.11810609418,35183.815900966074,35126.052468693946,35183.815900966074,10129668.966433963
1704803100,35164.309888970405,35176.263579287624,35121.02689325144,35145.52407289351,9197176.824557543
1704803400,35149.56565313543,35180.59534197143,35120.34379510896,35153.65808941731,18838662.28703156
1704803700,35149.99271480755,35177.77633509436,35108.70839884646,35153.281461220184,23040979.60864356
1704804000,35147.85065269228,35185.532932186085,35115.26138876469,35147.776086601094,40562076.27977545
1704804300,35130.481014989855,35164.76451178159,35110.787245996115,35110.787245996115,21956794.676720537
1704804600,35148.74136114264,35197.02106124476,35112.36322093973,35187.95936984513,32683597.098495424
1704804900,35172.24936532609,35190.45540214303,35144.30792475203,35145.085652630405,31632956.43868572
1704805200,35154.95435319124,35171.467035616246,35129.01161360926,35140.65231083994,7665155.3678058
1704805500,35123.788966749664,35138.375274999744,35060.30779322916,35106.6124538909,41053981.66091031
1704805800,35113.45327909886,35139.11630679988,35097.983845380295,35127.3797499795,69900996.59805879
1704806100,35113.39739731668,35135.103540702454,35091.14389892373,35099.5028028977,25659712.3857766
1704806400,35106.171990633535,35147.576536255234,35078.90681976112,35088.074500244846,28028776.241369255
1704806700,35103.743597153305,35163.32237018304,35069.2231980189,35101.50210345293,10401360.169258282
1704807000,35114.15419568435,35128.24021393274,35091.2318773527,35126.285399168795,5703586.374771861
1704807300,35120.08969545373,35221.68238596093,35110.30136725964,35160.45577129617,20911394.743466433
1704807600,35166.063045975694,35200.08154157776,35132.36474354066,35168.37667206032,9847106.077814374
1704807900,35172.13271712335,35226.830098362385,35141.72846819745,35190.05064830623,30092089.0216503
1704808200,35199.113676503606,35212.36010754057,35150.722653780496,35201.46488313498,26540439.445560127
1704808500,35196.43830395661,35229.289047239734,35164.81846151747,35164.81846151747,14948070.513641044
1704808800,35184.90971967469,35236.67102776845,35163.38933805448,35211.44284686479,14404270.901331052
1704809100,35202.476338483604,35230.07139415203,35176.994604383835,35209.07400006464,27662971.069289662
1704809400,35207.25857017747,35255.271717906384,35170.30768188439,35217.81717925068,18560388.642141804
1704809700,35196.55629188076,35226.00401323424,35178.61641669992,35211.16209338274,29947719.899052948
1704810000,35197.46927778569,35212.2788016612,35156.88057821514,35189.096857642406,13754336.955156935
1704810300,35186.953298738415,35206.82955954004,35168.56825535766,35168.56825535766,9039888.779761996
1704810600,35177.55702681433,35223.070115248214,35134.22208255241,35170.05469817728,25245567.147291318
1704810900,35174.9920361465,35229.71445040112,35153.63637972988,35180.838699889246,32890776.64793609
1704811200,35207.205174307404,35225.8702841526,35174.312616086274,35189.72557527862,29224945.769556023
1704811500,35199.64924446752,35222.24422930614,35174.136582772335,35203.52284783396,29926554.004710477
1704811800,35185.291582684,35192.34244620546,35159.05776798588,35173.19004516705,22173960.669568487
1704812100,35178.61365761169,35197.571200173385,35156.84978289325,35161.5743715446,16176978.257080134
1704812400,35156.47535537164,35191.65756924411,35138.31155620892,35166.68524781992,21014333.34815298
1704812700,35167.83008038632,35197.71368664864,35151.10304956728,35175.95939154621,45031902.96052001
1704813000,35174.87296745062,35226.34188819441,35155.26038448879,35178.64663056871,15029089.669870619
1704813300,35176.07302735395,35192.29721362388,35162.68189824521,35170.7778748185,27102410.99260788
1704813600,35165.33083379945,35185.33615574056,35124.111766390306,35154.4937872985,27932129.606764242
1704813900,35166.71914485357,35192.54205601731,35143.98390460095,35174.788958641795,14562858.23942006
1704814200,35171.46563211406,35210.815510968176,35127.12275033345,35191.326135590534,23535563.014644876
1704814500,35196.166257088495,35211.42326508185,35182.20913257697,35188.187015339056,17240556.53929474
1704814800,35194.06986223934,35221.85416700022,35148.33835340901,35173.03921902086,14165626.173475182
1704815100,35150.636949614214,35163.59234120028,35115.89294455055,35135.74940335448,18456581.416408036
1704815400,35131.59442676414,35147.509028497414,35103.97611842631,35129.6940906673,21100885.109620046
1704815700,35137.17553696688,35153.28969669032,35094.87291359217,35109.54413174352,7111189.85802261
1704816000,35124.14781988727,35157.10360700524,35100.70490522269,35119.74614483536,21506194.980270702
1704816300,35141.45295998154,35151.97519378733,35098.20182876055,35122.51183168693,21466793.905200936
1704816600,35111.40430698235,35171.79582678367,35100.22366207749,35135.42619946025,33370129.80911036
1704816900,35106.07567539112,35125.25965424035,35092.2630554182,35106.219660414965,36600592.678232394
1704817200,35092.87870972905,35108.090445504065,35048.482359530375,35083.67679882517,32750600.220530838
1704817500,35077.61013628314,35113.519582448105,35019.15143926761,35060.72611652088,27927945.396989096
1704817800,35068.27197084644,35099.331656440554,35049.03049771121,35058.54575705415,20425849.659959987
1704818100,35062.794386315945,35102.50501306249,35043.51898417544,35070.16631347017,13870041.604511485
1704818400,35074.42408522192,35105.27913657994,35056.97777200803,35056.97777200803,13172312.430992771
1704818700,35061.93553695737,35090.12775414346,35031.123224620256,35062.37789506472,46960475.505273014
1704819000,35057.59423330755,35102.43401190093,35025.740718658235,35073.40393291125,27772254.9172643
1704819300,35074.8482772104,35108.95390691829,35033.92438428943,35055.61086840283,47771190.07580135
1704819600,35054.11565346609,35090.44763553492,35041.001341337564,35049.73131026354,38306549.34756723
1704819900,35060.719777124534,35097.0836423844,35048.02407361193,35059.93617011511,26191920.61830249
1704820200,35055.525816442256,35095.2204423846,35043.68633204534,35060.01128325309,34249529.740090325
1704820500,35070.34637050953,35102.35100950307,35050.25789344463,35065.778304228086,28400240.737469427
1704820800,35075.31579336432,35125.098765620874,35055.38541631143,35111.05762566372,30638772.887353286
1704821100,35111.22814758326,35140.86916764197,35061.20531586766,35131.08061115495,21436065.239947595
1704821400,35129.76008270536,35156.70222138358,35106.806885946615,35136.0049500277,30501869.943804644
1704821700,35134.19055218748,35177.16847096825,35117.46364741403,35135.84945729176,33305560.506984152
1704822000,35144.738327681654,35185.39616470416,35115.65910497064,35162.32048426779,33383584.573066078
1704822300,35144.18874271554,35177.14055834651,35134.19077594538,35158.30372741923,20258915.711689845
1704822600,35150.77345806314,35210.04792178318,35127.26681145888,35166.19705792252,15391245.306655016
1704822900,35176.20381180004,35189.88430304379,35143.004431720925,35161.06411706146,27506314.17168529
1704823200,35174.36700439583,35211.07921721858,35144.97536430967,35182.82789572497,67872041.00904691
1704823500,35171.11310566539,35182.012331805,35116.24140038637,35130.41478157515,17253748.421436764
1704823800,35143.10128338945,35167.205552835694,35099.95337935446,35121.11201795702,33858522.74254686
1704824100,35127.94195212933,35164.3439168312,35102.44779132869,35150.57443242615,20192937.676828247
1704824400,35151.15177578689,35179.67541411859,35107.572412223904,35127.922886229455,27327248.15422115
1704824700,35136.7662460746,35171.90440366177,35090.36683305928,35126.20627799579,21553478.115050785
1704825000,35123.93451842105,35130.99464459188,35083.323629447405,35128.54265707957,16825319.290379964
1704825300,35129.09657956504,35149.26598464325,35075.22958247534,35109.58877172378,51760461.607236706
1704825600,35110.061723183666,35139.58375259428,35084.93482730965,35084.93482730965,17976747.423268322
1704825900,35109.37523108674,35126.69839190599,35085.773782432414,35092.43452555725,17319658.58237353
1704826200,35092.81188811532,35123.01545824035,35037.308280928664,35102.31956354416,66106282.57374773
1704826500,35101.89445421905,35135.9665452284,35091.21872991702,35109.29551163096,29968259.564119544
1704826800,35106.78391699757,35120.210681954966,35057.43125195079,35075.19207035659,24592909.032052293
1704827100,35073.40054894616,35104.55951287254,35048.818201755705,35063.20181954865,14605345.911486018
1704827400,35070.65579021401,35133.78288842124,35062.54631027767,35094.590526141605,20831869.047774114
1704827700,35092.253892240136,35131.43419726167,35055.2138245824,35089.23935507994,12662997.233152356
1704828000,35108.96777656172,35136.03397257446,35081.85842974621,35136.03397257446,14968528.424550006
1704828300,35129.63799243804,35155.40037689895,35095.83959462938,35130.748220131805,13275644.894171765
1704828600,35136.727230507604,35149.54571680662,35090.60156400828,35126.73717428752,21340458.90141089
1704828900,35145.82457450707,35208.32714243816,35114.485832440456,35171.7202702436,14860207.418626148
1704829200,35152.676933963485,35201.71882600371,35133.040124439634,35161.59967279244,13979328.02907175
1704829500,35147.301847731986,35171.72625472219,35131.51535636369,35153.07440088273,19003288.407432456
1704829800,35153.701910697666,35191.96554292414,35144.62543982477,35172.15001283052,25140965.17669586
1704830100,35150.24909704343,35179.372258171206,35118.861362270545,35141.35191472046,18552089.979858305
1704830400,35152.3506177662,35169.94673001089,35121.69054866339,35163.505661447074,38532028.11155163
1704830700,35167.271860082314,35190.9076038272,35139.4248602418,35162.862280483394,24824359.15365273
1704831000,35157.75966597822,35204.9373693018,35132.65952879411,35141.68439041886,18173693.26820613
1704831300,35154.00009682105,35172.03941720078,35111.87846964274,35145.74691110267,55933727.44860934
1704831600,35153.26764324578,35179.81227505056,35103.59482191728,35165.944063967465,32696595.661003903
1704831900,35156.01541000093,35169.261691760046,35139.42222803331,35159.10689007125,49086575.94263409
1704832200,35145.47488055205,35169.29272700842,35097.73874063915,35125.53779067538,11257343.567913875
1704832500,35143.53608945198,35164.92386937472,35109.72547535198,35143.06758197251,136072912.3487667
1704832800,35144.41233226209,35166.05590789398,35125.37362038324,35139.501024621146,26843013.686930105
1704833100,35162.48594366618,35196.74341938435,35121.32862277931,35137.7048836151,42213891.485727295
1704833400,35144.723146420285,35194.57905936525,35118.0949102865,35172.22853484304,32902291.778449804
1704833700,35144.83259472767,35182.4509731757,35107.954935185655,35136.77337638696,17956517.868907105
1704834000,35145.04121364127,35177.75863899323,35119.610006061834,35144.96740846897,13714780.932661187
1704834300,35150.74878045264,35181.52616919214,35140.12249088615,35159.086316392786,16136295.464962974
1704834600,35146.90787558286,35167.884371115884,35122.694637105225,35155.39444813231,24281422.077431686
1704834900,35154.02622977247,35184.97953426122,35126.46010346878,35152.32372783,13481194.107341683
1704835200,35161.810365413905,35182.295213851154,35120.932409411536,35133.95278606638,17228491.04558339
1704835500,35160.620637426044,35213.009252060845,35128.65734816341,35192.836185198925,23259342.919247795
1704835800,35202.83010138633,35235.28329924888,35176.0278614095,35198.69314158122,13309688.093267137
1704836100,35188.76057222168,35229.306374991495,35151.23669672295,35180.53471748274,18523296.156874627
1704836400,35167.25286355046,35217.25365664924,35132.1685266586,35165.13679302141,43081795.71816852
1704836700,35164.230927040495,35187.74104974621,35130.417392824085,35134.91903842883,32987632.070097648
1704837000,35149.624178336526,35219.54230475886,35127.78460537135,35183.385168467736,12304125.053414682
1704837300,35187.19995773436,35217.91748520579,35161.06337469139,35199.92570871468,10108877.206259182
1704837600,35209.860349929964,35247.5094160357,35194.09720502537,35208.19525092884,19349823.856940866
1704837900,35200.00355996279,35226.97734170446,35167.35237823084,35203.34603923802,27592573.42391471
1704838200,35216.78898689237,35235.98393172304,35176.25589375376,35203.74821377921,16364473.397106944
1704838500,35198.36055581181,35233.17984451431,35168.52637378563,35208.78642549687,35394786.35611779
1704838800,35209.145183975874,35228.09119873578,35186.31893260366,35222.38389510219,29179856.614097647
1704839100,35214.269677535405,35230.49648405006,35159.17032104797,35214.86079783612,76554067.86559974
1704839400,35206.311394946315,35222.02072923283,35182.5140332211,35198.04971269031,33159742.738388278
1704839700,35193.62813355879,35245.66740611617,35186.20745123791,35226.06087032105,68309102.520003
1704840000,35222.13893977183,35256.63705711627,35190.30203683703,35225.26076459055,20648860.164990112
1704840300,35238.477079617885,35271.488377873386,35185.68710601357,35236.578453432834,24640756.14642678
1704840600,35236.35868749579,35254.44429229123,35186.962722010234,35210.47044440839,15158855.457206646
1704840900,35218.6945896921,35250.92768720696,35189.991064619775,35240.27887234336,30395676.501060106
1704841200,35242.87050198424,35262.332603443465,35210.94212098578,35219.55293739523,29360931.33227516
1704841500,35221.20493863669,35249.29460884162,35190.43916935183,35249.29460884162,21669599.774172522
1704841800,35229.83253034818,35265.471916369344,35200.97169506095,35216.3058431116,36978435.708113335
1704842100,35219.35969605454,35226.87735372893,35164.591926105124,35184.76214940555,34637659.22338352
1704842400,35183.31023860313,35190.3595470167,35144.78262029355,35156.56432048371,37110951.56536616
1704842700,35164.99178654577,35177.948628219005,35141.62657716594,35173.24826021001,8476603.01698053
1704843000,35156.15590044407,35173.63412838666,35126.618342541355,35158.0704277201,18587061.31043438
1704843300,35157.73972419836,35181.76777521891,35133.37562910482,35163.08456526381,11195294.356809309
1704843600,35162.98577093379,35202.214816337015,35134.31155620971,35162.47460025564,10554272.365941584
1704843900,35181.94702686255,35219.85069322302,35170.91229484015,35196.61750567708,21176388.78064096
1704844200,35209.59132028114,35234.63725226697,35181.23815880256,35221.18780673723,22291477.238105133
1704844500,35205.7192043949,35243.469752432655,35168.31828574856,35191.549678330404,22624488.594098836
1704844800,35205.79125724811,35238.77374017689,35181.395966276395,35225.817315086366,6888205.2702514455
1704845100,35231.04407339608,35277.1963548876,35185.03431652111,35210.2555924144,19969964.307838894
1704845400,35236.486267831584,35247.514129112096,35207.156660628614,35217.92597118977,18198100.209026977
1704845700,35222.446774094155,35245.125281647815,35189.028264327484,35222.23376346332,19548261.01208584
1704846000,35225.47096151792,35255.21885381774,35187.85280058482,35221.92494196143,16835355.445201624
1704846300,35229.085708280654,35264.946268801075,35202.65659765325,35220.309573832186,18593217.08062934
1704846600,35238.677533082984,35276.4683717272,35214.44788786508,35222.05508441675,7097415.053427401
1704846900,35227.41684050781,35261.80226744711,35208.3845228428,35234.489871345606,21204199.410877384
1704847200,35261.766318013564,35300.787989781194,35226.45545651498,35246.056412888865,24650271.52922137
1704847500,35257.814986638994,35280.79588154432,35221.34848016791,35247.125747141086,18516467.076962944
1704847800,35259.27686676396,35273.71071033517,35227.39936544846,35245.98617140254,21197008.067510173
1704848100,35263.32726170031,35308.66430231886,35246.88607786018,35268.95073779339,11768036.43646855
1704848400,35263.44401878941,35282.85989976811,35237.697894034565,35282.85989976811,16272025.577808402
1704848700,35275.57169169542,35307.78566802428,35254.73479461674,35291.890521990026,23418511.55715382
1704849000,35276.764416614125,35322.14457653106,35244.117861869,35312.780198484186,37386269.08639522
1704849300,35320.759565428445,35341.5621451833,35293.22285226585,35302.84523380059,27542519.515446126
1704849600,35323.247217299926,35343.13020793472,35300.348135068925,35304.35772417246,22024251.14865364
1704849900,35305.93787267507,35326.754424029255,35273.952388057434,35291.2756504383,16701514.423482846
1704850200,35291.85815631839,35327.70155020738,35273.965289099586,35302.77872860634,26122816.499449898
1704850500,35325.16197688543,35349.62591172216,35295.33549081133,35344.577758519925,21077951.441580422
1704850800,35318.87752645039,35349.015796844884,35297.91937797935,35323.930713590635,16124858.707204655
1704851100,35335.26450629443,35350.08329465507,35294.415864453025,35316.340480178085,12597875.74400062
1704851400,35331.964687640975,35380.97180190731,35294.273836716384,35352.21557142656,15019766.61203592
1704851700,35346.744471861624,35376.09145305417,35313.09305649095,35353.64253986396,33176974.282100018
1704852000,35340.815156958764,35364.53405577034,35313.25955420493,35333.93428773669,24855506.49841267
1704852300,35349.71517280985,35369.01283850073,35318.305690826506,35348.362480786855,23497848.384055175
1704852600,35344.91969082202,35397.31956664047,35326.960464282034,35351.349228984494,22296560.113756474
1704852900,35341.3675110082,35351.853818832125,35290.67481876718,35326.562127065576,24095846.91301229
1704853200,35329.6318856176,35369.34507325327,35310.18520145646,35369.34507325327,9849889.277818672
1704853500,35352.507456686486,35383.1397448249,35332.241443783874,35339.68829303321,24522620.318237033
1704853800,35342.87666978683,35356.27022218457,35306.98116896786,35306.98116896786,13347013.46446622
1704854100,35332.49533832156,35348.40785428634,35283.88889160492,35283.88889160492,30420507.650943324
1704854400,35305.23150691704,35318.66701215838,35248.6265417231,35298.25948792047,33916580.14465016
1704854700,35311.153071339424,35352.97726766532,35284.265043413056,35305.1534893791,17285574.883576423
1704855000,35310.87001113916,35353.6794001129,35297.260079446576,35324.253134119586,84013149.59219724
1704855300,35311.492409858285,35343.7709345,35286.50132621918,35312.668759385895,30655556.134446267
1704855600,35296.627504171745,35311.25417304996,35252.28470242982,35294.46220887246,7980300.919975384
1704855900,35299.44814881175,35311.06910693207,35282.264262261626,35305.27956532668,23568078.28257184
1704856200,35299.96343196395,35322.587089808105,35283.996358429584,35319.895983266986,14307601.548684381
1704856500,35310.020607632454,35369.14982921625,35281.25827261271,35327.2517694672,25686889.224684387
1704856800,35328.416945239915,35371.014382121655,35310.738929042825,35350.494830925185,43223899.49134711
1704857100,35355.606208513986,35394.58197934175,35316.04051904672,35378.909166098194,25642853.876054548
1704857400,35354.61000469034,35384.28569980944,35326.881046678165,35359.5500885223,12105875.744349796
1704857700,35343.51745639199,35377.10000623943,35310.536498396395,35316.34375497461,43970267.22098842
1704858000,35347.96460322171,35380.09208160287,35337.008992308045,35369.182542803734,29596295.04022713
1704858300,35379.70079377118,35411.87937611816,35366.16664913073,35379.74780938027,17695561.082529858
1704858600,35378.2179985057,35431.13641038983,35375.66474681341,35392.847708871646,14642096.566664208
1704858900,35391.96571693234,35414.649822815794,35357.95717764266,35380.945421235134,22160647.80392964
1704859200,35397.42590800215,35418.92202648428,35352.07334464444,35374.15731154454,18812133.475348264
1704859500,35390.012503250975,35420.184050119045,35354.68117752675,35420.184050119045,31449620.096880954
1704859800,35392.444409007854,35414.93199970653,35352.7732294085,35402.86957599199,15459985.978696091
1704860100,35399.16903040259,35434.63137195715,35363.804191005875,35409.08469756056,37640913.72216863
1704860400,35399.01180079627,35454.23841705612,35348.297174843785,35410.38464245765,30928361.382189352
1704860700,35410.03239052868,35438.25158643414,35382.44567765795,35430.76225511867,35587911.989930384
1704861000,35402.67735046943,35424.13339242544,35367.716148952924,35404.94623982754,14178134.213295063
1704861300,35392.82945357717,35415.69804913122,35373.84064938317,35373.84064938317,15577379.453964757
1704861600,35387.584247425766,35411.03089399978,35355.66097946787,35366.76581191064,13066242.8497272
1704861900,35373.63504007398,35402.15227559815,35349.60315692868,35382.85237296153,22598002.239060644
1704862200,35389.566750856284,35422.19161618578,35369.21181914718,35390.078799509065,13647836.756011605
1704862500,35399.69842503825,35432.787491238865,35382.51970042044,35403.48371846048,20068539.971920285
1704862800,35407.374593631,35441.0662743975,35382.813462504615,35409.45849490276,35844925.633835435
1704863100,35428.47685184045,35454.15151188131,35373.06273864419,35422.5867771979,20334400.056925025
1704863400,35429.61950589714,35476.744370171655,35419.35531935245,35458.29284640732,26582982.650480855
1704863700,35453.001925837576,35486.38280088664,35401.09580516929,35441.09589798671,29777233.648039386
1704864000,35447.684328127885,35459.90791193733,35409.094675633474,35438.683981442744,12797214.976173745
1704864300,35440.5389199459,35461.20002145424,35401.82045833577,35411.20994287824,38940017.66180024
1704864600,35424.94662286957,35433.49477002079,35387.80600400486,35397.92146117662,68179655.39399569
1704864900,35403.46594940978,35429.51983854108,35367.850074095164,35384.509835948185,33631135.21668938
1704865200,35393.46294446744,35407.119387699226,35362.07568572836,35382.484183140274,11416254.076566845
1704865500,35379.56001333174,35394.86349052104,35350.85747468367,35378.386890453025,21292255.48157537
1704865800,35375.15652614864,35394.2288042615,35348.34639284445,35386.90120486827,19789590.269755613
1704866100,35381.66696188829,35419.06243391378,35366.047660767894,35382.70581796958,33110504.819430936
1704866400,35393.378311997985,35439.79354457348,35362.799886119275,35391.20093639662,16539062.375161884
1704866700,35411.03326300054,35435.85775570203,35375.15942592718,35384.966917356964,22300904.215338506
1704867000,35388.089655273594,35407.36713356113,35359.50339855104,35371.525686764864,9879267.700579498
1704867300,35378.47123868041,35397.8150613497,35341.729965991355,35359.683481077634,41512773.58692496
1704867600,35363.5647865461,35395.259747449425,35333.13750050932,35345.70277746067,17696590.73592196
1704867900,35355.81242004517,35374.31632772647,35311.39333754899,35311.39333754899,21721692.28700862
1704868200,35342.7907613496,35368.63943947,35307.918513658784,35322.77634116227,66454829.052836545
1704868500,35304.73083146845,35324.336859321505,35289.3691765123,35324.336859321505,11279598.210691106
1704868800,35316.84455208405,35322.617766043724,35267.077861181984,35294.06081657398,26115494.806722082
1704869100,35297.61993287345,35329.14354477657,35275.68669798677,35304.03331038242,9716564.40753117
1704869400,35291.10916960173,35323.81332872869,35245.71094957834,35290.03771028058,35738972.33875448
1704869700,35290.54918209492,35300.99078184262,35240.95245046876,35256.54960029895,32591038.320510797
1704870000,35267.15818900227,35290.13599241772,35204.13046856257,35274.34639956698,32594727.533087693
1704870300,35262.77954020866,35301.47452261882,35227.208048952154,35277.05708032786,18650313.46022733
1704870600,35264.12549343263,35283.39688698189,35229.70220956147,35247.520660523674,6730245.6415850995
1704870900,35270.71004623755,35288.44451669632,35228.19863296447,35260.46391377756,25380353.29198267
1704871200,35254.5142480434,35288.328217947026,35227.5941751816,35286.277144355234,58764541.513454504
1704871500,35270.695842128414,35302.666296842704,35251.7319457982,35273.531961901295,20013330.74749665
1704871800,35277.98011154594,35300.07353432505,35254.413395373726,35295.20433139104,13041120.799260894
1704872100,35300.06062226118,35327.351595194275,35267.0214456127,35310.30382299331,15175412.734634392
1704872400,35298.51265700455,35328.894702043224,35259.98190968287,35313.15886984403,20596137.758129157
1704872700,35321.20266091878,35332.84636361002,35289.98204406848,35295.684511891115,30254364.326656684
1704873000,35329.7936302988,35381.754651167306,35309.92227787463,35334.5114150487,18825589.902455796
1704873300,35344.061563615935,35377.38515834748,35314.76505166513,35341.9881547884,12934541.029890683
1704873600,35352.20180727688,35389.16585390268,35332.85410450072,35345.14461225398,26081144.22620447
1704873900,35354.39019648122,35400.42040639685,35320.43345145419,35330.5584467527,25484920.21779344
1704874200,35346.621506919335,35372.634314349685,35314.686546885234,35342.76909511346,16222555.36249533
1704874500,35358.6115832377,35422.21328666756,35306.08180537659,35322.89828589638,28776267.86052499
1704874800,35333.29665323139,35375.74934676191,35313.08504267387,35358.997525275154,17788977.53493213
1704875100,35351.380331673885,35383.891002437056,35320.457599018104,35337.71919835921,55367830.08568274
1704875400,35342.982334034314,35374.028881971615,35334.07656628152,35357.50556478356,29633219.041911654
1704875700,35347.686856861925,35366.89635510244,35300.908017673966,35354.91481925843,57783878.871402726
1704876000,35344.37115752798,35381.26490595951,35302.18446723467,35360.50677311221,30501518.297950327
1704876300,35360.937197917774,35387.647696712535,35319.63616293041,35350.503895071895,56785907.57228263
1704876600,35343.59552147336,35378.713344495714,35324.67203249104,35367.82535654891,21789238.422784157
1704876900,35370.831757261,35394.240354097485,35345.849595014566,35354.7153740148,49937566.74240566
1704877200,35364.16874514835,35409.1186601649,35310.96712708492,35344.007350892345,17763129.501521457
1704877500,35349.34731696559,35376.20078831685,35337.16866199679,35345.62168392237,26034709.391189694
1704877800,35333.32527806798,35373.99709121439,35310.54174379858,35352.37822701146,24763647.397005275
1704878100,35350.716565418574,35380.819988478754,35336.4256618908,35363.60384511544,8194203.9602990765
1704878400,35356.475746584045,35395.43471981703,35321.32335874763,35384.39279850323,37166113.527049564
1704878700,35373.04243025331,35389.18841429184,35340.87119076743,35354.894718561285,18470792.651982795
1704879000,35369.75027465465,35393.97286901105,35322.79050096783,35367.02303961757,12977323.995301308
1704879300,35355.70099650388,35402.380769660915,35333.62213426231,35378.126308418585,22656603.32188396
1704879600,35349.46942475021,35359.24041165408,35307.566522800655,35336.69636476893,64598603.00430457
1704879900,35346.9738712815,35376.55611675263,35288.110365854445,35354.112721822385,20131267.43367567
1704880200,35347.345772781715,35359.79158854486,35310.15745465353,35342.87026360638,42586925.78499253
1704880500,35335.45494717613,35394.410664941955,35323.84525325527,35357.885127867026,31880596.240192454
1704880800,35364.29607392091,35400.217711875186,35347.770904252095,35362.55120412502,29948381.188766316
1704881100,35361.41922147468,35378.97228014983,35321.477492143706,35378.97228014983,31308411.255337153
1704881400,35363.79378941024,35386.17858490692,35327.28814051823,35343.63160753348,19049619.336059973
1704881700,35345.70789852435,35375.2853291529,35329.96806016163,35344.93270180832,25854421.206552826
1704882000,35342.882709574784,35386.32268946344,35324.20613377567,35365.449148142034,24764097.89820187
1704882300,35359.12506065501,35397.08557418135,35340.27830625783,35368.54760549571,16742137.076952318
1704882600,35356.06069944759,35395.75779198702,35333.62514579819,35368.35146669505,28107661.152325034
1704882900,35368.7232123194,35380.113620419594,35335.19570713904,35350.58613069174,26308463.354808938
1704883200,35372.89615830348,35403.13930957198,35352.201542829964,35403.13930957198,35107536.372400105
1704883500,35374.99369220217,35397.84422567699,35335.912618063194,35397.84422567699,34081762.86484741
1704883800,35400.559987039764,35431.88482449296,35387.30267591942,35401.60462603153,29184644.86237947
1704884100,35404.10392521106,35414.20771744847,35362.879614601654,35362.879614601654,14136310.164717998
1704884400,35392.777035947,35418.376131662175,35379.62034883354,35412.067877587804,29674989.034603745
1704884700,35406.96650857436,35442.07316037822,35384.468656850426,35407.11136458615,15610081.883840153
1704885000,35406.2750638276,35443.58801296822,35392.324129027154,35405.80759077335,14250098.006726673
1704885300,35392.61574311704,35426.08238750558,35345.56498036018,35401.228678711406,10689464.360838048
1704885600,35405.71740726179,35441.272668449375,35395.53511436899,35412.91531585928,19194109.610092416
1704885900,35407.11131964798,35442.36279323862,35371.12561740953,35397.93049267992,24480138.83671789
1704886200,35386.17180294867,35416.63552347702,35364.370971747565,35406.52910760988,20920920.40943152
1704886500,35395.77711521906,35418.521664684726,35383.558726212425,35398.506018254666,54736271.35009038
1704886800,35382.231265061164,35429.891188030604,35365.64965565873,35395.29246823984,54615243.25285574
1704887100,35398.65679658246,35444.789639179,35373.42655729293,35397.22420949092,15793527.16310639
1704887400,35407.60795248565,35443.65207448782,35365.86711765716,35400.26014613357,22767497.292989943
1704887700,35388.19581071608,35460.13597063877,35366.43574747275,35437.613979597,23296384.59620943
1704888000,35430.628692904465,35474.087808893935,35409.419076922364,35424.18101892971,21053199.165354777
1704888300,35435.812444430725,35456.61489552906,35394.02621004489,35412.32294570185,19914444.20562277
1704888600,35437.14603934482,35465.11027210782,35409.21066137013,35416.69695057778,21824806.818352297
1704888900,35430.75614085718,35452.49969808085,35382.86535784746,35432.54930964927,33835773.87616221
1704889200,35416.27883581158,35504.804724681686,35389.812797704915,35459.40726503205,22106601.483281843
1704889500,35450.451993882845,35481.0331542754,35431.48659035487,35462.084265296784,21362968.227749422
1704889800,35460.07928197351,35468.033652417056,35433.037159297324,35466.47771399565,34516673.29154673
1704890100,35462.317719162915,35503.11238446066,35439.837458781585,35464.739759081844,36736017.596522875
1704890400,35466.76162283685,35502.35086709341,35425.46707977767,35460.315015351705,8789397.718673997
1704890700,35461.19562511448,35483.78107172708,35410.850131216874,35466.707729743255,10917723.649198655
1704891000,35458.53705787264,35501.48128279856,35433.84878076493,35464.6313411481,30632072.043051317
1704891300,35464.261017937315,35491.116835105844,35448.20298704925,35491.116835105844,18088603.388180792
1704891600,35487.33717845288,35519.825866991465,35474.80620329531,35499.44706376685,50520352.16714176
1704891900,35495.737303295886,35518.12950198424,35452.549930214605,35496.55160000211,7407554.741339457
1704892200,35491.53663094401,35508.9261001624,35475.56326821783,35502.814137715504,40154633.12645055
1704892500,35487.6990288925,35519.745659061184,35466.33348776432,35518.92269335773,36368457.51741685
1704892800,35510.504709425106,35531.88191564502,35495.51975982825,35531.88191564502,23335125.31171545
1704893100,35509.44654344576,35540.499980400484,35486.15274606793,35513.10697328026,15522901.205097876
1704893400,35527.9623447938,35556.683374950495,35508.42480844146,35534.66820155297,18607939.5824463
1704893700,35514.65095512816,35559.10592351013,35491.067799254604,35535.77078419365,24462080.615979746
1704894000,35527.678627794085,35553.64185650774,35513.12119393945,35545.44077430149,20285330.485793862
1704894300,35531.593683195584,35556.8100922547,35505.558946134035,35540.519651594564,51096066.992949344
1704894600,35545.87395094729,35597.21049193521,35513.89426542407,35522.90462206377,8063954.128375367
1704894900,35515.270574954986,35562.801893739226,35496.121270294265,35524.51617936024,19753293.01617621
1704895200,35530.321217334764,35547.97481868476,35480.17271092976,35507.37554321249,42375669.774984844
1704895500,35506.056975520136,35522.112179022595,35470.03359181637,35487.13058364983,29354240.65987798
1704895800,35501.04808185172,35526.74955322959,35457.656061001166,35481.68888229268,15809981.113494413
1704896100,35486.7089000922,35513.69084512624,35434.28759164721,35458.95637561667,24948928.676144496
1704896400,35469.049398785515,35482.20779371212,35428.74306297382,35436.79759616866,31663103.122697588
1704896700,35459.2435318182,35483.75342365043,35428.92104864291,35446.48534113502,28965310.891292486
1704897000,35451.12796353801,35499.47699147719,35435.282342794904,35460.46926698079,7015828.581190306
1704897300,35485.14402497761,35520.95800877736,35457.60123186792,35499.73727604407,11803013.922090933
1704897600,35490.62490825844,35500.94208797609,35461.65308725476,35479.90589107351,17529888.72813335
1704897900,35479.27998097871,35508.17240322046,35440.98060110371,35478.98898909571,28145079.22712281
1704898200,35475.89836689877,35498.903788568845,35436.83563762703,35483.33749106548,17237863.76755738
1704898500,35474.918048972766,35511.01094663989,35455.24283703953,35492.07367104743,23805459.860668935
1704898800,35493.552451832074,35508.745212831185,35453.05975332339,35476.96966669561,16620951.34378818
1704899100,35474.01941838511,35504.621938053766,35448.36311515415,35482.621028652466,23208411.41485937
1704899400,35451.37874430936,35489.08828177585,35423.0050514888,35470.92127579301,26037119.56512258
1704899700,35463.9081567,35483.50028459268,35423.9427929035,35454.01064478635,32442061.91834238
1704900000,35457.39150009513,35469.97902322404,35431.35585826045,35447.750411452296,11960321.442973278
1704900300,35446.84987212276,35477.35846562131,35422.025572377366,35432.40938841242,11380248.4683557
1704900600,35455.17883143433,35489.599508488245,35412.22365130268,35429.61951971327,42014048.38061037
1704900900,35442.77662341058,35480.03301220796,35425.05498247621,35463.41814149341,25447974.887175515
1704901200,35461.656019201044,35511.01642319925,35436.36293547937,35492.65363931365,59797653.63681936
1704901500,35497.19634698245,35522.97487398322,35479.25846792048,35509.142482113806,16046873.380122527
1704901800,35498.33440407517,35515.491206525025,35471.472740463694,35503.04393839265,9899421.466650119
1704902100,35487.11040191845,35496.52610885769,35448.52099018679,35454.73601882761,45634968.55607059
1704902400,35477.114897944906,35496.30748320776,35430.68667811453,35461.190544346704,21956687.926058646
1704902700,35467.53997651697,35482.74266530324,35423.34108476307,35449.150250429004,36942919.30336424
1704903000,35465.77313866933,35511.3068909586,35445.97369604575,35511.3068909586,38427492.9154282
1704903300,35491.95856396809,35506.753560018675,35460.63762947163,35477.470833182546,28549198.750061564
1704903600,35477.058213871576,35511.851824681624,35450.58811225827,35506.89528887019,16934015.579339333
1704903900,35490.828017674445,35527.192013830245,35458.485242119685,35502.83078870606,15814540.508341106
1704904200,35494.0709012214,35505.72397570896,35448.11248516702,35483.466034517616,85090649.34713441
1704904500,35483.86792679483,35519.2782589354,35448.866968029506,35515.96062465878,41173756.01865113
1704904800,35503.49569246036,35515.46456688028,35455.07013541788,35502.56106211384,22597431.203348324
1704905100,35507.38547380363,35554.182763535944,35474.06646397522,35518.08158377497,50508709.94051335
1704905400,35530.151334135146,35547.028091918095,35489.81601233668,35544.85995830645,38275154.26719299
1704905700,35534.37011705402,35559.292042011526,35502.27571987974,35528.990145997035,103599165.24346313
1704906000,35522.359657093446,35567.0022885773,35472.52853202033,35549.35777904911,11093948.995706663
1704906300,35545.966874365775,35561.15342100576,35505.89805538723,35537.38455918148,28283651.60038234
1704906600,35538.10964884756,35566.41621328696,35480.2577500962,35504.413206851605,25645791.685098678
1704906900,35517.11005228939,35558.996991945656,35500.41886017141,35522.88348372023,16068542.686390786
1704907200,35539.65370420586,35555.10539845152,35516.3278159859,35517.72781837572,11473228.321178863
1704907500,35531.17777531221,35577.64500339161,35508.404907099044,35549.26352477662,20351261.451071218
1704907800,35542.8713899399,35565.07496991911,35510.99048367045,35536.230670924015,20213956.481996756
1704908100,35533.158290532934,35571.08354252491,35515.725287803274,35526.137598737216,26391223.316325154
1704908400,35546.503677868954,35589.46106345576,35522.69795933531,35546.60815335495,20682965.17632826
1704908700,35550.372139279054,35595.142164905184,35520.95019929925,35534.23592767703,19185034.9825346
1704909000,35545.30536070504,35571.66435045049,35520.45565938494,35529.9060473935,29187819.862323858
1704909300,35537.70484079648,35552.39992072227,35505.73298469922,35514.84355555387,19009411.591260303
1704909600,35526.24010290768,35552.25298995941,35503.22422929237,35532.90572750448,11601626.267876582
1704909900,35525.18928028139,35551.94942352507,35493.00503396999,35518.05119510441,19483406.596896466
1704910200,35527.959862083786,35552.67112309002,35485.60985160324,35519.37592459955,15520328.183002025
1704910500,35509.788542637325,35549.09253325331,35480.052259340846,35507.811454635616,17480080.60503784
1704910800,35504.54630803267,35532.13932022253,35457.37617810112,35494.89964851796,29845264.414636903
1704911100,35478.43063642105,35528.71853090311,35477.36934045426,35510.71432273269,30703488.71387136
1704911400,35498.002630980714,35507.016884908095,35450.45914657075,35467.953973428324,52881345.69178018
1704911700,35486.98755955025,35511.73372656841,35438.0068954032,35494.47852368327,19101505.486619767
1704912000,35478.50156287895,35522.30349029224,35470.76680769099,35473.23591585299,14822705.622697322
1704912300,35488.92661691199,35498.39986975287,35455.17094656105,35470.81955388668,18567208.356059685
1704912600,35462.58858358193,35495.45013377657,35454.933842982646,35475.90683659011,23120092.839615602
1704912900,35473.54445808862,35493.57596048144,35416.20406178276,35416.20406178276,13315691.987547869
1704913200,35444.36068326993,35472.61284779357,35395.16704213214,35441.551507412645,69738294.84422448
1704913500,35424.57897141201,35449.357432489414,35415.25005951591,35429.293424023854,16256100.060640212
1704913800,35413.19170658217,35440.572144350605,35362.01396158132,35440.572144350605,12538267.371200556
1704914100,35408.109136652856,35431.13037742306,35381.06877460037,35416.93623611756,36344267.47465276
1704914400,35427.475820030195,35442.09767563315,35389.57249632649,35424.181786833324,63909645.53885621
1704914700,35431.876991848694,35466.868090535136,35402.863782255794,35418.25894024759,9654444.287202805
1704915000,35444.08205201362,35475.743846189915,35418.949552864266,35456.98486759598,27156727.50963153
1704915300,35452.05984300075,35509.157430439955,35402.20697737631,35462.24456245233,35058594.1255967
1704915600,35439.747945633404,35481.54824175546,35413.00084825836,35432.27820795947,31767891.80334953
1704915900,35444.68357263961,35473.268498208825,35420.24626569756,35437.68301352771,21768023.552654866
1704916200,35458.48691658849,35463.20494453224,35416.60043536976,35463.20494453224,9960306.004861044
1704916500,35446.282366071544,35471.647256062286,35408.399772950135,35425.403479591696,17142941.196056686
1704916800,35419.99906139754,35468.06465413944,35413.881214419074,35468.06465413944,111823665.92656016
1704917100,35447.41298716384,35491.151298075085,35433.55337794448,35470.13662549165,29967211.175930772
1704917400,35452.2853111802,35491.70860764826,35435.495231855246,35485.534757195,12629910.435352927
1704917700,35465.393722309585,35483.963899194154,35436.41623276477,35475.86010075231,20855174.33445766
1704918000,35457.11068863772,35502.424407686405,35438.16065729365,35484.011793054546,22429674.616423372
1704918300,35486.88280547492,35515.10993472466,35467.00258497839,35473.4797378694,17346440.748352893
1704918600,35478.23808633875,35517.61765540015,35450.936460138255,35463.69814591311,21875320.426734254
1704918900,35478.67191623262,35520.25104220528,35435.689267934395,35471.915031474324,21272920.094227083
1704919200,35485.95002831368,35518.50311455995,35458.46150685613,35493.94420009795,13765297.398223598
1704919500,35493.01558953942,35524.32602046116,35456.49819342959,35459.43042419581,38379389.81541187
1704919800,35472.237519598355,35502.75015216278,35441.40329787152,35480.25174825964,41198203.7254375
1704920100,35475.71012259153,35508.357510980815,35435.18625700083,35466.033736656645,30398453.507940985
1704920400,35474.21123048574,35514.996699857424,35450.092172093326,35493.73127667455,11954402.730918052
1704920700,35504.65152470113,35541.38006884595,35476.756601923305,35502.36587873031,32213139.962800078
1704921000,35500.382071107684,35530.54951915506,35475.655991418105,35526.156988514354,43815197.6218525
1704921300,35505.993628625416,35530.09632691487,35455.27163859016,35492.1991884307,38590816.59041251
1704921600,35499.02733244605,35509.94632604452,35458.353223729406,35495.67905255145,16970265.73423521
1704921900,35471.46159973446,35496.29123160704,35420.792756392926,35459.50341672291,30237511.1026709
1704922200,35448.40264274783,35478.252764704535,35420.26707564678,35443.520204535984,31115386.458817594
1704922500,35445.16889928544,35464.314269399205,35406.80123448883,35409.6544438065,20963033.79614761
1704922800,35412.74744139277,35447.31888902123,35379.59990129701,35431.83695732025,24503691.56172592
1704923100,35419.80534290204,35450.02697417947,35376.99142529407,35436.37254548223,53490563.64609338
1704923400,35417.655984436744,35464.997658238695,35385.506272601706,35433.00630870965,56371177.00309788
1704923700,35436.70493044884,35479.14675758827,35379.67238306385,35450.699908260794,23585572.228735715
1704924000,35461.799532503064,35487.93475349991,35441.373687274565,35469.27850076498,24600534.231786374
1704924300,35468.55780888176,35482.48144799282,35434.682408406545,35455.857171889234,12958285.010390222
1704924600,35468.66299138282,35491.797324879735,35440.11432085364,35469.10570116885,27359148.448907826
1704924900,35460.67665278465,35489.179818156284,35424.241376888065,35483.10894720868,41436625.08564867
1704925200,35479.839412685986,35523.43146538077,35463.745148792565,35515.95374197648,16605915.1855407
1704925500,35514.76499371267,35557.23975864189,35489.07802104129,35531.80338168366,25077257.3091544
1704925800,35534.6954871307,35562.98369245345,35515.365111739375,35540.656249558015,19927970.851822935
1704926100,35527.05228166503,35569.50440053119,35484.58530099052,35522.39848150608,15807721.795138083
1704926400,35509.1419338859,35538.46432172252,35486.463518595374,35508.035767420035,17997424.260648042
1704926700,35508.86261240726,35541.56311995182,35482.5084616298,35502.246626646,32963627.6482978
1704927000,35501.47269195233,35529.17698352241,35483.04714625704,35498.21412961304,98616202.38267703
1704927300,35504.537089922174,35516.80744724518,35466.383417606325,35499.719244345055,64106819.25564089
1704927600,35480.55712228293,35498.27579780416,35439.4126076038,35457.40035508058,54261413.22051211
1704927900,35458.31932721267,35510.50275254501,35446.001552248366,35490.062430096856,27281529.119344458
1704928200,35468.7208295388,35489.72916721934,35432.54764920614,35452.800107864045,23099963.95579572
1704928500,35463.85001075587,35487.83944628527,35437.70847538584,35470.77118615624,24183309.134382688
1704928800,35477.093045093134,35485.26837165848,35434.40850035107,35461.70896926112,16793875.69969798
1704929100,35462.44018713557,35494.57960394504,35420.44601961699,35482.47525516582,18435901.254403915
1704929400,35469.20149266937,35488.098277498364,35411.0435842919,35436.196971299294,14447956.091738965
1704929700,35454.81925378148,35466.94867073591,35392.58806381158,35427.002800655784,32732626.698916953
1704930000,35432.82146168114,35494.28292001021,35407.84644034628,35457.25513959501,57855449.74053226
1704930300,35465.51034626886,35491.42604654609,35436.09159919286,35491.42604654609,48764596.38756798
1704930600,35486.42599929833,35514.35616063984,35452.81017245197,35485.53728762848,19244653.842306837
1704930900,35473.12708816336,35503.99985910123,35417.47732202798,35443.78253094596,37336046.25023715
