timestamp,open,high,low,close,volume
1704067200,36069.75491563757,36104.40991097304,36052.53691647379,36081.31177197082,38105365.73563735
1704067500,36076.29161959662,36093.97792956976,36043.05806258235,36049.075917306734,27391914.815746464
1704067800,36061.55691043046,36095.11473506793,36034.54426251429,36071.67422882845,41353630.36226859
1704068100,36056.463817852695,36081.28782069414,36030.28130295487,36047.65639759102,13875108.51221267
1704068400,36062.05801196454,36096.42767198497,36037.251957928696,36045.66971756411,32635706.910715386
1704068700,36078.93973800977,36125.69602771405,36054.08530027593,36067.35850638853,36022621.903582826
1704069000,36095.76338450717,36135.87148073043,36056.92268814769,36088.486495750025,64466196.43620232
1704069300,36091.99991982156,36134.72372568496,36056.44957577536,36076.24397699849,9943862.173942562
1704069600,36086.70266666195,36100.79718330589,36047.94745476266,36100.79718330589,18815234.55547916
1704069900,36088.29294124171,36102.82902968847,36038.56378511654,36074.23215632456,14469774.396243626
1704070200,36070.31909618641,36106.76381381609,36012.50350674636,36074.594692905295,41792859.15034647
1704070500,36066.814880900914,36097.34073507001,36035.91550830214,36067.8528628636,20669433.37028902
1704070800,36068.291150080186,36099.6676933328,36030.43371330889,36054.69141398421,34666375.027566545
1704071100,36074.40241781754,36084.60726095552,36023.225558214166,36060.401331310895,18968160.37738481
1704071400,36046.84416866045,36082.652823016,36008.046709481605,36023.0680930487,40956215.073535874
1704071700,36043.5220169182,36061.03268132491,36019.32710046211,36019.32710046211,39943714.38529117
1704072000,36030.289662613206,36075.0210244989,35998.88626429835,36065.42447607759,38392195.02640896
1704072300,36045.351982164735,36072.57310813648,35994.8837112885,36034.39567261541,76156929.40392858
1704072600,36042.67648735525,36053.07888773686,35995.56846516323,36037.93599570168,26063728.522783257
1704072900,36041.23262881699,36097.22916356918,36023.066818645755,36062.38030775195,32768784.337125614
1704073200,36089.52963430423,36119.65910210848,36072.13298498329,36089.97184313653,20033244.079381123
1704073500,36087.241774214,36128.41442289131,36069.46371631593,36083.07196739168,27338804.557300985
1704073800,36110.55297758662,36139.75400761492,36077.906498335295,36098.04651275722,22275167.73121137
1704074100,36093.23055745674,36131.65639087579,36057.655141280426,36103.31337994477,28989556.46554147
1704074400,36085.2525085151,36101.01378297409,36062.46642870504,36093.91798343104,23434373.73576679
1704074700,36065.91846771215,36131.78497536785,36045.57327512945,36089.93349553392,7160951.800998385
1704075000,36110.49048272475,36166.580335182334,36083.79964526155,36149.974433207135,28431268.863465328
1704075300,36148.1164983143,36171.21437443174,36116.72961669904,36148.23663825893,22295698.110103697
1704075600,36141.16000782683,36170.44967450614,36117.00481154971,36151.52586521967,25300548.588701826
1704075900,36162.39690417771,36207.13373998634,36150.83990875328,36165.343580351386,10081241.188741948
1704076200,36165.162148720905,36237.65332727566,36151.01127239714,36200.65714088557,30249038.556718398
1704076500,36201.90076220587,36244.53274587359,36181.3982171051,36224.598264994354,23127473.21555543
1704076800,36214.99080415601,36249.87167288656,36166.90570428362,36217.142018258965,31456681.11587666
1704077100,36219.01312101864,36247.29607488123,36202.90195568966,36227.76702309984,31462211.878312126
1704077400,36223.90279705169,36250.29209470614,36207.74192348781,36250.29209470614,57389070.22026646
1704077700,36231.07285593408,36254.56299949983,36189.81208259765,36224.45859124539,33724508.73669073
1704078000,36205.75778504613,36249.034994911046,36182.67916010251,36224.29810355804,27802391.897501364
1704078300,36224.93366229487,36259.16850266579,36207.71435946491,36243.63973143635,14527681.971666105
1704078600,36244.0379727562,36277.76945901633,36217.68002534804,36244.0328526486,20639328.627745293
1704078900,36259.82806775536,36312.84593420184,36233.73929972517,36273.26360738883,26423967.949477643
1704079200,36264.18099150685,36285.70871245645,36230.62364317119,36250.38178595681,13822758.559230097
1704079500,36249.12737342841,36276.21166304202,36202.58731502341,36240.54991791275,14821953.192708597
1704079800,36245.68194545144,36260.43466022302,36212.56051880919,36233.27751112888,33564031.015653804
1704080100,36238.891955290346,36242.50790160454,36207.662317956776,36238.225609379726,35843670.78896408
1704080400,36243.038317721854,36269.35392990607,36196.83772290829,36248.54259208553,23093778.378553562
1704080700,36251.44720949078,36300.310413849686,36226.53813933049,36248.67970454346,41720535.205586925
1704081000,36249.08409650087,36299.300069984645,36227.56817685327,36233.08986684753,45252351.23426513
1704081300,36244.508070329415,36273.91343276767,36231.19849357254,36248.96607260013,24542913.39093003
1704081600,36264.48888071383,36312.00256748383,36244.6136615997,36276.880872541056,21733980.572763823
1704081900,36253.8670069484,36313.44647213879,36215.38408038972,36232.049571184754,18097322.859444715
1704082200,36229.10437011407,36275.06177818418,36188.96524136234,36256.775053492056,14662728.953426762
1704082500,36250.838257915566,36304.00050505393,36219.65983061178,36266.13294820847,25622336.05818938
1704082800,36263.03960360824,36301.58964010017,36235.924823335285,36261.883394807424,8516564.567495596
1704083100,36244.30440407273,36279.611543840925,36210.30649928901,36214.1577138865,16675750.190327939
1704083400,36233.6699550879,36259.72671856488,36206.86489096199,36252.4231151515,31834269.45166415
1704083700,36256.92182926762,36292.89929790961,36224.08811564786,36254.62992488175,16383355.671810897
1704084000,36224.80342029293,36276.36030479066,36202.37725810516,36256.15570331694,7870041.301327992
1704084300,36251.19945066249,36258.48373520228,36215.4899738777,36240.05382531311,30075103.938856967
1704084600,36256.5464799291,36288.770185136505,36236.69627585001,36265.90962587085,19012096.400018144
1704084900,36283.27165080749,36316.98331578901,36246.543193346064,36269.09072574973,20027492.5264568
1704085200,36288.52820456236,36322.91217363739,36252.12615393385,36304.73817331326,10261430.289250772
1704085500,36289.27518969925,36305.37507805941,36249.45311721169,36274.22366757139,19176187.555559993
1704085800,36282.67565134775,36318.91296852911,36249.00785084108,36314.473699905815,16126807.05061585
1704086100,36309.07649888384,36353.26295705014,36305.380819391394,36335.05482214829,22701811.349884257
1704086400,36327.60588457029,36344.0026749474,36295.90957316325,36314.87706339581,19408680.37047072
1704086700,36321.637980761545,36363.499429949305,36296.81311909186,36323.61576704694,39517146.73411298
1704087000,36329.170515130674,36385.231841026056,36322.96244973807,36346.30282382359,11620929.711477283
1704087300,36345.99878176126,36378.2019408748,36313.39024987618,36321.7902260272,33392935.66350709
1704087600,36330.99193960929,36362.05278385351,36307.66500760159,36362.05278385351,24705065.595736243
1704087900,36355.24274083246,36390.21178943327,36325.79409751379,36343.81989184713,33451254.149525173
1704088200,36339.266911214414,36391.55210211322,36313.32264866685,36348.65268466216,31203613.602497306
1704088500,36349.34393063562,36368.99458560398,36300.31909255536,36332.93519966048,30955109.950332094
1704088800,36340.56172583584,36378.19068090178,36321.61297072522,36330.74949105938,20756937.879633594
1704089100,36328.01771612765,36362.60144275439,36286.91396627431,36321.88106541449,21058835.50880184
1704089400,36319.81440839623,36373.06657960068,36289.70266987287,36339.4983322703,28885355.82021905
1704089700,36349.358620735096,36401.20876883504,36342.11744121917,36375.634211446086,39358216.57066984
1704090000,36381.77610684381,36416.29054727524,36341.39082312834,36391.736647018144,39298049.549287364
1704090300,36403.61681904278,36424.01297670344,36383.61727088927,36414.91484841909,24483121.460420173
1704090600,36427.87246542021,36444.79153629725,36390.57383664227,36408.50014858655,20632976.916616675
1704090900,36420.60845694123,36454.07229301121,36402.803511922975,36419.51598426685,25440220.563079417
1704091200,36424.99637931431,36471.95108116188,36405.78165441404,36462.17455483544,14336751.050022306
1704091500,36448.38028330263,36497.73464518126,36433.35573698563,36453.28081688411,46490663.11825922
1704091800,36458.375255294886,36487.063796721806,36441.147216408695,36466.48891010977,17405439.8973629
1704092100,36472.32109938343,36497.94933810127,36443.63416741966,36446.20876669203,23186988.490799185
1704092400,36449.27286506546,36487.16530171396,36407.19120344638,36421.04076090837,23601050.356689937
1704092700,36417.3985678032,36465.87137037468,36391.43466703424,36418.56442428246,27402736.45577206
1704093000,36425.94007919615,36461.19641826141,36402.99426367576,36432.77059395312,25133012.021802094
1704093300,36431.69175854277,36460.135495114446,36391.1599015979,36441.82721369936,13377426.217135765
1704093600,36437.29856002214,36459.92589515702,36405.05903845604,36428.80266870237,19051664.80441518
1704093900,36434.184067756105,36477.49193514557,36415.31241892239,36449.01937237199,64392119.39247437
1704094200,36445.49897210926,36463.40689081194,36406.60463608919,36440.12897540203,15149570.030357666
1704094500,36438.21860580256,36477.40075352357,36400.747692018056,36437.24503613264,72648548.8098728
1704094800,36428.34237249873,36442.13426342092,36387.0636094441,36402.24123408533,28226225.36733038
1704095100,36412.27749765188,36427.83016794561,36388.62671669853,36391.45905850175,13564395.170835365
1704095400,36406.5566658027,36438.61891131132,36389.29814150863,36436.26236609886,17711913.678792927
1704095700,36402.14171685301,36453.09662493643,36367.09268661075,36386.30966635988,18061929.214418765
1704096000,36396.68629932475,36432.2868088501,36361.724510789805,36361.724510789805,34773863.45167335
1704096300,36381.21351727935,36392.82180035347,36339.36672566302,36342.89728055437,45212313.571161576
1704096600,36359.70644868419,36383.4011905293,36312.6215656095,36333.24779682381,15380320.958217464
1704096900,36333.03174938296,36370.93268627152,36317.3092427231,36341.49573492637,16910506.02469086
1704097200,36340.32884555488,36393.98372730006,36324.4135003362,36360.92122871357,7058703.540085266
1704097500,36362.86418055738,36390.08063882965,36332.80332920718,36351.49704020331,13116986.292625902
1704097800,36375.156019774025,36424.85522205313,36366.26278327241,36405.61532612293,24299592.326544534
1704098100,36400.27672083977,36442.42943419927,36360.41163537245,36442.42943419927,19808035.37120799
1704098400,36420.80249652771,36465.037139446016,36402.3035877856,36465.037139446016,36433461.80526506
1704098700,36422.10581881786,36442.359283837846,36389.92207852427,36394.26772830059,41341487.35232307
1704099000,36390.77984019358,36434.72113525868,36360.74559943748,36412.551266117065,42074502.81448867
1704099300,36402.92807538944,36430.335626772416,36385.990876970434,36410.886625504085,35439036.93025532
1704099600,36415.88023361407,36448.95410241152,36379.174179509406,36425.26826911479,30092929.40417993
1704099900,36426.0443485248,36447.057251771,36393.93706929818,36412.53661217598,74326932.85321058
1704100200,36376.073416328734,36400.1834573389,36345.75791223667,36386.32035506306,10084627.941264374
1704100500,36367.5270857148,36386.145255953,36337.19133351142,36358.153358412725,25622569.148921657
1704100800,36366.95383102572,36385.60697141306,36346.972965737565,36357.48402571204,25797496.408069417
1704101100,36367.29904267044,36395.43513678177,36343.80335930922,36395.43513678177,25188410.795176975
1704101400,36375.56642147085,36427.22452976172,36357.066536961895,36378.96906872455,21795387.282401484
1704101700,36377.5686152753,36403.30282561574,36346.87945821915,36354.732928263,7987455.626607832
1704102000,36369.438484238,36412.13683581525,36318.25052472501,36355.13624961607,40547917.95392678
1704102300,36369.4426005756,36403.80312820655,36337.73948807983,36352.729975497285,37462810.81587577
1704102600,36337.19031758763,36382.45633284698,36303.41664377311,36335.54802774255,37795792.52708516
1704102900,36352.09525064642,36417.0750927874,36328.38400456512,36396.750428641535,12270306.853107817
1704103200,36392.6181213016,36414.4249406636,36360.87200985168,36391.3861336365,13739584.251287138
1704103500,36394.9340638717,36427.69181973212,36372.775676577534,36415.15730060464,14611293.33678538
1704103800,36412.76178738942,36448.90845725988,36368.203901033805,36425.98658726662,8474991.351825695
1704104100,36427.89437813663,36446.91140759404,36403.79867042207,36416.2523773021,23797984.874030337
1704104400,36424.00339658847,36447.80498564168,36378.771291817226,36423.79626669511,28426611.235309605
1704104700,36441.43009547429,36466.56395017662,36412.25213172056,36466.56395017662,34264401.39815021
1704105000,36449.91053239618,36470.00673526469,36428.7092040348,36446.796985225534,10586365.168946268
1704105300,36450.19122765063,36492.55981962183,36414.230312166845,36477.73170458049,17728122.087980345
1704105600,36485.00306145376,36512.2832710503,36453.73837346989,36491.75887494443,15779333.95991638
1704105900,36483.22574212926,36524.62367223009,36474.01064767626,36493.788735299655,24061276.4927184
1704106200,36491.58208791212,36522.58600683491,36469.64867090622,36485.78421085957,11100997.080502288
1704106500,36500.71252013702,36514.67977655098,36443.231099492885,36512.24774256156,8998529.38624527
1704106800,36499.13680134583,36516.26111534329,36455.08338844805,36477.4906800033,35856185.77958421
1704107100,36481.61851640319,36509.297690873565,36451.975810767486,36478.29589558725,20586004.915019877
1704107400,36472.11476746502,36527.88707452162,36459.20246836847,36503.5207271323,41725024.87741416
1704107700,36501.23685390135,36513.8060327374,36449.71448912596,36487.47178434833,23677519.968302764
1704108000,36489.17029111426,36504.00310586466,36436.81850582848,36468.39892396127,16423487.210135441
1704108300,36460.70938439127,36523.90663409839,36440.82982073462,36465.82457147692,32386318.571726907
1704108600,36459.89277378306,36478.45740743035,36432.01648768183,36445.380907584185,11189450.758965513
1704108900,36445.287575500806,36462.19555797926,36418.39979588364,36433.511670778986,16052443.016142592
1704109200,36424.78667663431,36453.37680168344,36407.48304756336,36442.15646383255,14931192.82499301
1704109500,36438.45146939791,36466.09944974305,36385.87878397934,36446.738155685125,22359671.658021756
1704109800,36427.257302834994,36461.58261956477,36373.84996212596,36380.02500291893,12700941.583117425
1704110100,36408.93805229489,36425.69122393534,36351.98257166581,36380.790469526015,31257365.477881655
1704110400,36373.37837850371,36415.403293225056,36361.78976418528,36379.68221713815,69654070.69511802
1704110700,36397.5164664793,36434.1322330628,36370.35631925816,36405.10193574633,11925577.755278872
1704111000,36412.88461874994,36439.12401687339,36387.0206003934,36422.93913349813,23659202.963655043
1704111300,36409.08931169003,36419.267113686976,36373.61642465506,36386.95746271481,16800425.06782011
1704111600,36389.84164527095,36404.185276544114,36338.36009807487,36338.36009807487,31385941.61231065
1704111900,36363.526205439,36411.91031857789,36339.07262425146,36386.29643839872,44814905.86144645
1704112200,36378.192679538064,36389.76885490857,36337.67621741483,36375.50168787085,32607777.545680575
1704112500,36358.61303895944,36395.12674189274,36345.10366329018,36366.02564409208,19163185.761605687
1704112800,36354.79838182321,36400.865978831935,36339.76759690551,36393.47222766151,49182988.95006584
1704113100,36397.22457021503,36424.73360562466,36359.7714479433,36391.946885844045,41051383.33075013
1704113400,36385.51724629523,36416.3549234492,36353.38219867078,36414.096879594,22649142.553559545
1704113700,36401.65029724278,36430.014670893775,36347.59563700638,36386.854145600686,18848344.87184312
1704114000,36373.968283456,36415.3650872314,36358.07835368391,36384.27669350389,16504328.158841442
1704114300,36390.492900092,36416.38073450558,36345.05676886511,36357.377838648405,11939449.036904082
1704114600,36382.06800481867,36413.87031506538,36351.87461824157,36391.91680225336,16199113.79170432
1704114900,36381.24847368162,36411.75498321637,36357.35968451016,36387.2139468895,24483563.507535927
1704115200,36388.29120050106,36431.703873342856,36358.86852196457,36388.16328521549,12279379.212515745
1704115500,36390.397789946,36425.93041487753,36370.638657476,36379.64979846809,26810371.660875224
1704115800,36385.12251959055,36420.445130455686,36371.98840712958,36393.640532237165,11987976.214284327
1704116100,36412.628142727735,36437.93161206905,36369.28446995585,36389.47110752887,29626381.60606712
1704116400,36392.25031648608,36430.8010228423,36360.10535243343,36413.60634052789,24157012.356096037
1704116700,36420.94706227728,36428.81888279571,36398.809487805855,36417.39190694574,31857556.25430814
1704117000,36403.20541795907,36434.84407210046,36374.080571082624,36375.782516119085,25224928.82814023
1704117300,36401.03656731991,36420.14752849144,36341.22204692108,36357.14273379585,21196502.31478273
1704117600,36360.68013212142,36397.04289529841,36303.41249645557,36345.12298554132,14387564.235882163
1704117900,36352.3139779265,36374.96362141817,36327.28352733699,36374.96362141817,7016272.639789959
1704118200,36365.00725103758,36386.78926892603,36343.39877942751,36375.31157539929,7465281.136187386
1704118500,36365.54590684876,36399.528074365386,36352.50003356333,36381.35852043696,16856101.691377215
1704118800,36366.98208185288,36385.144716726005,36340.35519984686,36362.69925882673,31076468.39379096
1704119100,36372.72425771372,36423.48368876402,36356.327615037575,36387.6959722898,10834104.476339517
1704119400,36394.450495493096,36432.37381904848,36374.91373453866,36398.75998999359,26067476.30632232
1704119700,36414.86942760769,36453.722168302,36399.66604428906,36426.466397868215,13657844.862868905
1704120000,36415.41958114197,36450.59631684616,36383.60061105962,36449.44794064616,15334206.539059265
1704120300,36435.60129195965,36449.21966817482,36379.75910328463,36422.386613233,28306675.98694716
1704120600,36438.43972861922,36461.330504236845,36398.13862222838,36414.28229553454,19597480.162453193
1704120900,36430.69623424074,36452.68547137785,36393.98210981272,36428.60457443801,15164929.49180141
1704121200,36424.96916015155,36463.22939213579,36406.90056822725,36432.155657405536,31368217.56172268
1704121500,36433.37252267244,36459.50070283895,36406.02006571253,36421.96895659955,24336935.78408114
1704121800,36430.62635763809,36466.02931326877,36381.85443883564,36446.551086653024,31077927.91890306
1704122100,36435.850985084704,36494.8407412913,36411.6397306542,36447.84545852704,10135666.526895236
1704122400,36427.00775622062,36480.9845294169,36395.83679977341,36428.56891978932,24391722.146581564
1704122700,36416.81464817344,36419.5082089994,36369.78355831499,36391.98133402832,32054284.721633602
1704123000,36395.05589570278,36431.8825356133,36378.70047722987,36424.412997713545,43705187.68692919
1704123300,36421.07008855936,36458.24550777854,36408.23292773248,36436.009486740215,21556684.069298893
1704123600,36433.817205522144,36452.52044598303,36414.64073629948,36434.39157382756,24840841.559288643
1704123900,36436.42690634896,36471.78614387084,36410.48710957874,36456.83434933383,11123862.499662379
1704124200,36436.66969717566,36465.32886894805,36371.36523245859,36440.14855624236,35950933.02176061
1704124500,36445.5989605109,36460.323659710295,36407.29347879187,36417.9513253112,23963299.995236117
1704124800,36415.993938143816,36464.23527178956,36377.20965890862,36422.79375466736,29639044.883349508
1704125100,36396.022076295085,36421.00007450906,36373.035733772165,36389.73594906212,20505042.7947994
1704125400,36372.92440145787,36400.89855432361,36342.37125716057,36371.39473157378,15917090.900391962
1704125700,36371.5529026789,36430.01919203551,36346.196057152825,36393.76699813352,25183186.97284908
1704126000,36371.69327231749,36404.87746471646,36335.59705324177,36361.96685415663,13893736.123923868
1704126300,36379.75038734735,36409.58212830495,36360.15355795069,36393.596023783386,24030764.223836318
1704126600,36370.26758253359,36425.63986632433,36319.13506584702,36389.74505829237,41258727.80478799
1704126900,36383.86076552775,36413.939283496,36351.49303296968,36369.07626621736,24594938.109598022
1704127200,36372.365522240136,36416.448738126135,36348.518860237535,36409.33237405704,53532777.521296285
1704127500,36390.34408625047,36422.01116131407,36370.39446053582,36420.14482654501,9147134.03569733
1704127800,36391.52912793812,36406.02704862411,36353.59809169266,36389.018873022695,23139825.098113135
1704128100,36376.3390315006,36408.43203432498,36363.47375935649,36400.68632615534,19341846.316100955
1704128400,36403.03868113614,36428.772191446886,36379.25557144533,36425.71689211999,20691122.588644207
1704128700,36417.785050763065,36455.71021722556,36375.13845315118,36417.74593695251,19244376.668754894
1704129000,36424.626253654205,36452.77125472135,36398.38488951333,36407.74413850641,31725081.395646565
1704129300,36425.06596724451,36447.41078901534,36381.63472836122,36407.51909836563,7416172.795573679
1704129600,36397.72363270112,36413.747987599134,36376.04018335805,36387.058742337686,15628735.275864307
1704129900,36375.20585974149,36411.19148509359,36347.998587734815,36363.36542910816,47691239.76614893
1704130200,36347.360180104704,36390.66677066277,36328.23113479211,36349.9968782684,12375276.578485077
1704130500,36344.34930837747,36365.0030981044,36313.18902434548,36338.750458400056,56777959.739619866
1704130800,36335.60760270813,36386.17345245122,36320.26369963544,36337.67037823799,39133654.958135545
1704131100,36346.437415997934,36365.23006896649,36309.51225701183,36322.962783927935,37020617.06273219
1704131400,36341.60457690954,36379.97975055438,36325.02292251051,36353.86283114955,25465919.515985124
1704131700,36353.57418574182,36382.12113285505,36294.707881942384,36340.500739120886,31498463.59575108
1704132000,36326.09954922043,36362.66662924695,36290.25012256996,36328.820434205976,17946061.408681277
1704132300,36314.58698283139,36352.77030647128,36285.77618388568,36325.87420905294,15556019.701576134
1704132600,36334.80321192268,36359.49063278916,36307.46940037083,36332.95981943476,20124366.04781225
1704132900,36337.82668247997,36381.33036542677,36315.48821291079,36315.48821291079,44790294.48429835
1704133200,36349.925906351054,36390.25441553464,36337.9217684965,36353.40434811873,12533938.652475394
1704133500,36375.7289516753,36391.483640788094,36342.08425780928,36372.28025989249,37688691.61802636
1704133800,36378.91141987206,36405.53613115352,36342.97486814385,36372.06922012124,29673713.079644963
1704134100,36378.08976724909,36392.92869420727,36342.47529495729,36361.96344557322,6345187.844116813
1704134400,36348.7407967999,36374.46674130784,36318.48547437802,36348.20391818022,24770878.093153268
1704134700,36373.28240406171,36395.81892630937,36342.578576797605,36395.81892630937,16609964.618080162
1704135000,36376.55563327158,36417.015770523925,36348.51280962552,36378.7293272063,14793960.344449084
1704135300,36386.531796883806,36432.04582847641,36347.33765388875,36368.52409689801,20440224.27965442
1704135600,36372.77604916554,36395.59343241678,36326.77847986789,36375.74463507436,32572196.074332274
1704135900,36372.072712732144,36419.56237370706,36329.49329337892,36382.93009313579,30363061.857385144
1704136200,36369.13725838444,36413.775410768205,36342.45482346941,36342.45482346941,10742864.40568884
1704136500,36361.863802641055,36386.97825167864,36338.38396447842,36366.07835897788,21216560.3057667
1704136800,36364.55279493355,36401.23765937315,36329.80020752517,36353.34002947581,16554664.090999149
1704137100,36358.23419379484,36380.43611478349,36313.60985480648,36374.12226009244,18994639.575876854
1704137400,36372.908635352615,36402.65251280635,36327.74738610503,36343.63421380741,45168940.64407787
1704137700,36350.00293485133,36380.525032082085,36323.57144058352,36356.706047184896,11799592.756765021
1704138000,36363.21392149302,36383.19605167471,36305.09910447777,36322.02378437056,17141136.51611943
1704138300,36326.820592087366,36363.54551149872,36321.49746463341,36344.1256765874,16633649.27233183
1704138600,36339.35129538932,36370.23906699875,36304.58476005817,36353.45504363543,22318168.55816866
1704138900,36340.74771563503,36387.58782178326,36329.41165773508,36337.052514193856,16189691.399015687
1704139200,36337.53094523699,36346.66624841842,36304.81479994948,36304.81479994948,15127366.894399699
1704139500,36325.19525018085,36336.3201754273,36271.21235102438,36301.77329816153,30743592.528360553
1704139800,36311.31078301288,36333.498143878336,36276.9600339797,36305.17660568463,48873734.45044466
1704140100,36324.4089219796,36374.08940375728,36293.894870792064,36355.67430830724,16619679.522448547
1704140400,36338.693817813495,36359.38101337358,36314.311480954864,36340.91319346322,20883373.877122413
1704140700,36320.93191794379,36341.84405839297,36304.40181518743,36313.03865156,25350137.051384058
1704141000,36331.38929490252,36383.77069633581,36302.97087201127,36361.11682978965,16563496.355156718
1704141300,36369.66323835266,36407.61706983693,36363.40154877431,36378.64876616573,24158677.41563654
1704141600,36380.27879344123,36417.818477631794,36359.94656369543,36387.258131980845,25139160.259902216
1704141900,36389.19475351583,36430.08724481589,36346.45024394419,36380.39468306695,32486703.82425697
1704142200,36377.27750555149,36399.3896333548,36344.25589351392,36376.35841875969,33362015.47405911
1704142500,36352.383249930375,36403.30796609927,36334.92483026759,36388.93164365679,60392373.05488171
1704142800,36382.61497277592,36413.8619844736,36351.60486080767,36398.27836411828,12010782.490736356
1704143100,36375.01605003286,36404.94976424336,36357.2027510237,36391.514919426176,35395331.421822935
1704143400,36396.14671211062,36430.7709839201,36358.68872279379,36398.81450584611,43551667.322568044
1704143700,36400.39643577268,36418.78524392062,36341.68809338689,36381.81303706761,15337346.190653184
1704144000,36384.88024695834,36412.89127126395,36366.41009741132,36387.24152859205,10837961.834060023
1704144300,36374.83304225423,36400.56937745081,36339.64299632416,36364.04399289977,65054078.44805926
1704144600,36381.22712146368,36419.42643865117,36361.469310008695,36385.53689620496,14171956.6920893
1704144900,36402.71706649764,36435.586767906105,36375.16933416835,36415.943328963534,23159274.97699806
1704145200,36407.31231461949,36457.506432170405,36394.40980673356,36404.009198303385,16411380.855757773
1704145500,36398.68855147036,36416.99406015451,36373.245932755606,36397.17769880687,24804915.834927354
1704145800,36401.21434683977,36448.00686706464,36366.525418884834,36431.54055560565,11132948.251212591
1704146100,36437.88314157615,36462.71197577711,36393.86635141174,36407.94126940733,14522070.768424317
1704146400,36423.38864781703,36474.67473672752,36391.813124368986,36440.99108439497,23447470.209789522
1704146700,36440.36258240277,36467.758921681925,36412.86667397869,36450.25493205197,20818674.13469471
1704147000,36453.105983728216,36477.12031731798,36438.21833199128,36459.96875886871,13539827.234581763
1704147300,36468.180077641366,36501.74857433181,36450.74612574174,36495.23135143931,14113083.221266946
1704147600,36481.838174810735,36513.06234609909,36431.46192392371,36460.15081959125,22464772.741382055
1704147900,36457.38535199744,36498.49454771477,36436.90659861612,36476.597002800685,22522404.044705313
1704148200,36485.56311800568,36500.775459897886,36451.2780772277,36473.546800600685,28584444.327063862
1704148500,36470.24050458387,36488.53985581919,36447.25445517866,36486.08997808245,15537112.07313967
1704148800,36465.82886459423,36492.1588959716,36452.91364854757,36479.58702258237,24394375.99817104
1704149100,36485.124492087954,36518.0080633621,36451.89453694049,36459.50199576182,29622506.725866854
1704149400,36481.44630680853,36508.58756441107,36422.16376210677,36466.16559456331,25247245.417117137
1704149700,36459.64294106403,36490.55971430292,36433.89506019173,36451.81826756628,15243423.228285022
1704150000,36450.91749967296,36479.437514016325,36411.502468897546,36423.31882754101,14408664.649606973
1704150300,36438.39909777011,36463.37485384622,36415.24437109834,36447.56648514971,33482866.310255542
1704150600,36452.94189787884,36472.582787875166,36410.95499726473,36461.40282527362,19178501.960374255
1704150900,36433.88350283615,36456.17247512225,36397.2765569764,36431.19291919016,17945235.83354875
1704151200,36440.84450375144,36468.43747176289,36404.07011638525,36418.02807278748,46860921.90194008
1704151500,36435.49772612327,36490.27596185221,36419.31654195935,36465.57425830569,16044445.96896297
1704151800,36458.09680399653,36492.38565318904,36437.93588508355,36478.31528258666,19189405.50946614
1704152100,36475.33776824306,36509.09789955655,36460.32230291543,36491.32881017797,11394877.794991622
1704152400,36494.13250175429,36540.18553099348,36455.17801568965,36532.88398629142,22576967.423988365
1704152700,36523.54522898123,36575.60847100025,36513.1559838877,36567.59455716756,6666401.50675859
1704153000,36541.5844865492,36578.59713397834,36515.86674235806,36531.49909524854,15022815.63422593
1704153300,36530.39689880683,36562.00429624883,36506.52642929728,36532.30115025249,46522691.41196992
1704153600,36537.988599058335,36564.17346708573,36496.698638694,36503.27855842733,23166754.92765365
1704153900,36500.358926842186,36524.232276448776,36471.79692353102,36491.90074599951,12299822.313246744
1704154200,36499.42729341248,36504.3503557824,36458.85347045551,36491.76993054273,17961688.015105665
1704154500,36496.25354445688,36547.49337293794,36477.91901262754,36511.75716532233,15474804.418867
1704154800,36514.03990964608,36554.93029437755,36493.98728012917,36516.78273796206,10058219.90259542
1704155100,36525.93692023959,36556.42832333626,36467.10120537688,36508.61162082519,14592461.981561068
1704155400,36509.494981132295,36552.61931388072,36479.783149330266,36527.56971764116,36184324.27549979
1704155700,36529.89980856756,36562.4817509727,36495.35741402039,36520.60177010217,41353308.82766299
1704156000,36524.7465363549,36553.785748991664,36502.03225897588,36527.37122856167,26500168.80878151
1704156300,36519.18160943735,36561.7206423654,36504.28747471355,36533.5661131353,21155284.925637607
1704156600,36538.96264580263,36567.09189050263,36505.65130513351,36532.28190393075,36301559.570404656
1704156900,36533.883250858365,36543.47091812464,36485.29422397309,36518.261362502,17950174.178560756
1704157200,36519.18270984551,36560.59365039957,36482.539885768005,36532.33186296866,33501339.52695252
1704157500,36518.03419602566,36553.03226681427,36476.53929043351,36490.08381110276,19771034.35007717
1704157800,36514.47019405278,36523.77639700577,36464.90848680783,36514.96043642454,23389342.014168106
1704158100,36492.48727822857,36531.13172066278,36468.87796159321,36495.77233118733,18205910.253006186
1704158400,36499.22295366301,36515.78420948099,36446.62766305794,36507.4836136773,20279335.838144593
1704158700,36497.6990524183,36525.20189554231,36453.585844518064,36500.50255897018,49217058.35393643
1704159000,36497.09079174194,36529.39633245662,36483.15318759325,36506.513481285365,23164633.49233137
1704159300,36509.606808924094,36560.01354261152,36493.12864745715,36539.963725022986,21360787.411476593
1704159600,36518.63829854319,36550.04285700711,36499.70638253955,36530.74764316588,28384652.867461815
1704159900,36520.92230977223,36525.67942276571,36458.41664864861,36508.02826429016,38932588.63146399
1704160200,36492.2709580459,36510.54511816739,36429.22812774325,36468.33575355792,15267783.097381845
1704160500,36476.36596874872,36498.20787202965,36420.6515192658,36420.6515192658,32247349.52794139
1704160800,36435.25097295631,36450.5832757972,36404.05044149031,36406.67666360349,12928547.280167304
1704161100,36427.73721576826,36473.21122006441,36401.95071435776,36416.16961521076,15063613.729368048
1704161400,36422.94668863507,36443.62222169341,36404.63600317756,36410.05425951452,25561926.634863697
1704161700,36414.26134853682,36459.50434303781,36393.32964377457,36442.9387757473,47615989.68038448
1704162000,36436.13918790904,36474.82122708824,36408.7485232318,36424.89979535458,13002311.666352905
1704162300,36438.13045788622,36470.32484183802,36411.09423882268,36429.22069713507,14571422.555853043
1704162600,36425.65802003806,36456.969077533024,36405.67741502659,36456.969077533024,9856125.809689702
1704162900,36424.79964656735,36457.53710551564,36400.99461600869,36403.10516983088,30010512.09243171
1704163200,36408.94185913628,36439.49953841602,36393.62003335452,36439.49953841602,14126989.728094354
1704163500,36421.37409115492,36457.45406489741,36385.872080658046,36394.17913991689,23004396.976137996
1704163800,36419.748222399096,36462.91476077606,36390.29244574696,36413.24146528528,22487235.807343904
1704164100,36414.73660678455,36436.09271414212,36384.91574999916,36405.659585229165,36591558.07329759
1704164400,36411.03643001169,36444.07201853896,36386.96106118964,36416.08749207039,30994668.91367486
1704164700,36411.55037583142,36438.383777804265,36376.46585264165,36408.2803966683,27711617.94349704
1704165000,36408.72450844928,36438.18723848938,36374.164655418834,36397.528455753534,24885193.01251745
1704165300,36405.16948527827,36431.99166610221,36381.59466132045,36396.613200824206,16599048.797146756
1704165600,36400.29036398271,36424.28410330246,36384.27442068619,36418.62440790866,16600144.175116124
1704165900,36401.48236035489,36440.86351603318,36391.9314670684,36410.27901929496,12519809.331847165
1704166200,36404.31378505332,36465.55543705644,36375.36328890741,36435.74228901111,14983702.389644923
1704166500,36430.36437268863,36455.16466261896,36397.491858174944,36436.65620044064,18991283.245122753
1704166800,36435.96637713094,36509.75248135137,36417.75564052446,36470.3931207481,16575969.546169797
1704167100,36459.16044065605,36485.99178961461,36426.00398437904,36452.95928719539,49571237.604984485
1704167400,36455.65075909586,36494.04306569217,36436.6562862244,36494.04306569217,20946579.469374184
1704167700,36470.25953822529,36498.11464308277,36415.85452527304,36454.61388583046,10539766.267755225
1704168000,36471.07781963228,36506.93601664807,36450.31250111495,36489.93880982992,36041832.332957685
1704168300,36486.141932700906,36534.51907652841,36471.06753197043,36511.20943438165,15452932.024412025
1704168600,36517.253201782056,36531.93862863136,36481.46752541565,36513.91142586415,19273146.834819496
1704168900,36501.9786626241,36528.10882316566,36470.84657608501,36505.60100721503,12806884.635512825
1704169200,36501.73489422714,36535.88334497109,36474.62047051055,36501.258309733406,9839157.285131445
1704169500,36512.18621082589,36532.42173898513,36465.529800133285,36496.689677294766,57382674.243139096
1704169800,36487.9649533277,36526.22442017267,36474.791756880935,36506.38605386996,16840321.039797727
1704170100,36500.024763224224,36558.74941840392,36476.3832288501,36521.50068587717,13837598.807471916
1704170400,36514.40638924932,36533.56554192021,36474.720956800775,36507.48528676773,44349924.08003459
1704170700,36513.4697166433,36548.40119453338,36489.76293345199,36527.76031661813,18128423.67588926
1704171000,36527.583554093246,36549.882001521175,36503.22223656432,36523.74604102912,35578625.27843858
1704171300,36526.11464045502,36562.464256185965,36500.459435372846,36510.09007830036,16839249.576144014
1704171600,36507.560970358885,36536.96667611424,36457.609044385536,36514.92639904164,35546420.45461832
1704171900,36502.28277705996,36544.60201545247,36453.07416558985,36475.21278321599,44233676.14302666
1704172200,36481.62775637525,36511.37189221613,36455.03151556241,36464.42859426352,27562590.3402787
1704172500,36451.21477108032,36484.278355712566,36432.23083791729,36460.02354454833,15200107.394494882
1704172800,36459.9089786272,36490.53753487542,36411.43706344638,36481.20176411526,30278375.026940852
1704173100,36477.501539294986,36490.214006709706,36435.76462076749,36455.74814568208,29150693.76511284
1704173400,36459.573606932725,36501.98843598451,36444.94978646709,36480.78527845218,21399217.1141062
1704173700,36488.22415998166,36512.62217978939,36432.45363189171,36478.3741909757,9955196.065738479
1704174000,36478.82629420918,36522.804959372064,36451.553123950696,36468.15831636689,29505270.218115825
1704174300,36474.28675366962,36504.45171706699,36448.95126185333,36479.02288404413,24095146.998029225
1704174600,36501.25515375679,36522.85659261927,36473.95038633584,36475.848953652014,45363454.57957665
1704174900,36499.938348770185,36551.73896049363,36480.48164824832,36522.03062809624,21789834.61526217
1704175200,36513.62992752655,36524.88314201643,36471.33766248353,36518.15212709398,20573658.131589822
1704175500,36510.10193446383,36544.30916636951,36480.48902036101,36505.32006451221,22751060.531162146
1704175800,36513.11599986372,36553.855498901416,36478.38163579149,36499.969926724654,18091372.984346747
1704176100,36527.6171705876,36542.72753344396,36505.08253846704,36508.62670797562,7266849.425529187
1704176400,36514.116756410425,36525.8950010484,36484.322801488655,36507.4613845999,11642211.060252305
1704176700,36508.83192756182,36557.543821894775,36487.43484199745,36537.690347541466,20254442.19775189
1704177000,36530.65164467114,36556.14502728717,36513.565905028605,36545.51620508513,33773376.867296115
1704177300,36517.93925567049,36525.93122285238,36449.52385691375,36485.138513452046,47613123.27906513
1704177600,36484.85522794493,36529.45588561751,36450.53518189626,36495.85836300152,18410224.52080454
1704177900,36480.2773484688,36513.77733005191,36428.99581564168,36489.15478805411,60720061.12340979
1704178200,36484.12219699205,36508.74517138182,36474.5287010191,36485.17154640175,57090877.61477263
1704178500,36495.72977247751,36520.7692365808,36484.329589278575,36491.924962374425,9383796.68733222
1704178800,36485.07602588222,36511.55692207646,36460.44059706197,36475.34980683194,24915249.082953535
1704179100,36484.50041166559,36515.1449177343,36449.17345609462,36470.48837940744,16880500.540744625
1704179400,36492.77491692711,36537.75535292144,36480.81292919204,36537.75535292144,38336115.10484039
1704179700,36504.270430485616,36526.62897744101,36449.87968379297,36500.01892308174,17348459.128017448
1704180000,36479.84223041049,36515.84967442006,36454.15083498295,36488.867406639016,45556344.435898334
1704180300,36497.13504531111,36543.06236239556,36467.00366215208,36519.638175745946,13695492.142083334
1704180600,36529.58236990895,36570.10259879958,36508.89645672441,36537.99240430157,17333318.668576613
1704180900,36551.48048183836,36569.0018165795,36525.2237731295,36525.25121158375,13811591.321999494
1704181200,36533.89736780951,36570.05696339352,36502.05620741734,36542.37479726635,13706164.008231627
1704181500,36525.80293981144,36561.98763660506,36507.76834723301,36525.580390110816,13294559.628923677
1704181800,36555.910595059584,36596.76264273367,36494.99191027533,36562.69292775953,12030762.633895455
1704182100,36550.55359682367,36559.58748928089,36503.256936488535,36534.89189780367,11394985.999071356
1704182400,36529.0399587179,36573.40652768698,36501.781374104205,36532.72346412796,12884743.98786528
1704182700,36536.43454397244,36562.28625333821,36489.78639468123,36533.48129334274,54679345.99854308
1704183000,36534.284520229885,36562.05133770808,36512.39680432729,36532.04063052794,25463369.681644514
1704183300,36520.48512196132,36565.22838617128,36489.95369725293,36523.23587278934,20290389.59839617
1704183600,36517.48663537692,36530.67865597883,36479.96520170583,36499.4272451253,17580013.25913575
1704183900,36492.71852501304,36520.71454056822,36461.48556773471,36478.00325586188,20868481.68363864
1704184200,36481.352686716345,36514.31034058978,36439.53618666957,36470.97138252306,43250092.27813231
1704184500,36493.38483071066,36536.3440231074,36471.35561679813,36507.34121930831,16608632.23708071
1704184800,36517.07712762476,36549.07792669252,36469.23668952927,36524.30063281336,55722553.768702164
1704185100,36500.40449498181,36550.66746511489,36485.7327783141,36502.23800075325,32441981.009890344
1704185400,36519.85744953394,36539.00010875164,36467.69633270727,36516.74973139649,19276863.54855991
1704185700,36497.21124689484,36532.02297610438,36472.95997717271,36511.02521304607,26220585.878107935
1704186000,36498.74794349756,36531.295477547326,36426.32462373928,36469.83128830693,21704496.243399005
1704186300,36475.17334380014,36516.590643776486,36450.63462481717,36483.6489935432,83112998.7928802
1704186600,36479.02074630597,36507.15556577066,36453.18061073628,36474.80509198408,44944439.53777972
1704186900,36494.753000491335,36534.51866441192,36462.86752255444,36496.75001464328,10539312.036635144
1704187200,36500.46150930397,36521.26529701812,36466.663293458085,36521.26529701812,20298192.7972047
1704187500,36505.86227803542,36522.92577887572,36478.40741857868,36512.53827367739,25041132.723737925
1704187800,36513.083678328505,36528.91851976849,36481.07741391918,36498.87175240414,22393724.389883593
1704188100,36513.5712735917,36547.34543203141,36478.359907604914,36494.73573315369,36315580.05122345
1704188400,36492.19866890639,36537.29817169539,36475.50670741711,36531.758340191904,34077029.22792549
1704188700,36514.96022031675,36546.82392264992,36465.81923954439,36486.69790492205,17376756.215407066
1704189000,36495.08088034854,36530.16435939402,36479.429529255765,36497.18482612622,34204665.63082201
1704189300,36488.27800717308,36503.48982305426,36444.56285098821,36473.79055977362,13717214.84963926
1704189600,36473.45040906803,36495.24255629726,36420.82000331069,36466.5118080348,18783734.06959286
1704189900,36462.01612591201,36475.76778036575,36424.56290519621,36442.80979073848,41773665.95215238
1704190200,36453.86943401301,36501.97268615138,36423.99564929754,36487.886029548696,17622399.380711034
1704190500,36484.71002080584,36531.261937363786,36447.21757624547,36487.71333814664,27053873.15314099
1704190800,36495.818870608855,36530.18197191464,36471.280809867785,36511.34368027165,21171266.035311587
1704191100,36525.27829973216,36568.84311825066,36502.72984439665,36525.558395616914,35200270.33653122
1704191400,36520.16289100775,36554.66449980579,36502.297034956704,36546.741778636046,23934559.1820022
1704191700,36524.152560764254,36540.65024208954,36488.93928012634,36514.03585911988,42271430.13227045
1704192000,36496.10704148322,36532.91815848221,36458.55715505846,36504.69244181821,21945731.79745748
1704192300,36498.13677477631,36522.29860658616,36476.673603799936,36494.92046147009,19738703.17290123
1704192600,36487.57282602307,36526.70519929237,36450.28346254383,36505.42132716622,10819583.946182325
1704192900,36492.4677974764,36525.869884647625,36466.8495159563,36510.49590516149,18308637.378079887
1704193200,36493.92302961103,36534.85281201318,36487.50766044702,36503.00628380214,35181434.410486974
1704193500,36515.38278166192,36559.064171525264,36493.5501439301,36524.293880708574,20632452.23457443
1704193800,36544.370277180016,36582.69673122694,36518.72086324364,36533.58212921802,9441332.360144401
1704194100,36556.8986317324,36603.67158167338,36525.34301274433,36547.183386799545,29079811.282942515
1704194400,36554.98348944045,36614.45668599735,36540.35143215237,36562.42912155472,16376442.920397561
1704194700,36572.805118714416,36656.88817434478,36560.91752064034,36601.10029170983,19451871.93133556
1704195000,36597.8076665952,36629.68143313143,36550.29158775196,36589.20214644817,23213203.684698813
1704195300,36604.21797257424,36643.78432422115,36595.67219905112,36601.51779136834,30552133.19832517
1704195600,36614.8183049217,36695.110795727145,36593.71699500245,36630.79581304244,25198721.95052074
1704195900,36638.408864587465,36697.169796719856,36627.52600109228,36663.698725178496,28597367.884827208
1704196200,36639.26841482535,36648.554818280674,36613.41319165751,36622.61091929711,7550568.727609862
1704196500,36633.05911983895,36701.22659904451,36579.345954948,36629.19097895846,27405484.562096424
1704196800,36611.44334598929,36627.01677745536,36569.99140885857,36608.442388926655,56035022.55661791
1704197100,36598.85778981959,36621.7178260998,36568.709644657705,36602.79292513696,20454911.932494402
1704197400,36577.11974761673,36614.69075326867,36555.84379289377,36585.5272993182,34052673.34596343
1704197700,36577.69704475983,36596.57434607219,36543.89084690078,36581.8815145648,15167433.865311615
1704198000,36602.9073089641,36634.781338948094,36576.23107434415,36618.41607056624,78265360.46815203
1704198300,36615.65753153793,36656.395378860565,36583.682245446704,36612.80404143357,30592307.350782424
1704198600,36620.118884774536,36648.6062093099,36582.96042003264,36611.57697427643,37472996.41301639
1704198900,36608.96881040719,36676.40595072791,36575.006806098994,36605.4846539394,35570203.81509786
1704199200,36613.95574197671,36641.63995918354,36572.158430846895,36619.8828427815,9697386.700719912
1704199500,36598.39059032973,36631.93529533303,36560.86587525862,36578.28315758136,11194928.30431371
1704199800,36578.44639622138,36611.75668468793,36558.72473049021,36583.00005276927,15999155.591713428
1704200100,36589.9847160984,36621.58121603249,36553.24545284168,36608.142738269984,23095991.6372848
1704200400,36619.66504715883,36654.045508570925,36602.81858928007,36645.19661130279,8663337.175097944
1704200700,36626.79583842451,36650.8223028076,36618.90382092867,36638.703094210905,15671135.990297738
1704201000,36633.84167222896,36666.675068798526,36595.52230412744,36645.48904822369,29522736.75083634
1704201300,36634.95889940601,36674.18951544787,36602.82502580392,36674.18951544787,16575359.648945916
1704201600,36649.39143536255,36682.60348142755,36614.28774394895,36631.91740975409,40273554.846170805
1704201900,36653.518734232974,36677.25615420734,36608.63703845959,36637.94284655605,53715163.460479654
1704202200,36642.6272564245,36695.74235628518,36620.13051099511,36647.38158856906,12983003.428109793
1704202500,36673.132314874194,36709.00522748534,36637.81867571215,36698.082936486935,24667031.514286608
1704202800,36684.26045905247,36701.177252448586,36645.22597119891,36662.25156430244,42030718.459266126
1704203100,36669.13528922648,36690.89416713648,36638.22928621165,36654.88830170316,38671599.13443558
1704203400,36659.89720244578,36711.771914644,36642.52608621679,36649.02425112908,8683032.264657907
1704203700,36662.66741539076,36686.80307054215,36614.75126614629,36642.36352419761,17685675.550448723
1704204000,36626.7563951122,36676.8788803573,36601.14016640106,36664.49105758184,14736223.289618375
1704204300,36652.13175723024,36674.18492541237,36608.871219814246,36639.033661557,20902706.440712605
1704204600,36650.10283369712,36669.99434174538,36631.49404083884,36644.23540421667,11067223.969259113
1704204900,36639.10255724915,36698.64744627972,36622.90049875705,36667.097517646034,55642289.02791077
1704205200,36663.53679705887,36710.28423751256,36621.51535284704,36658.35284168257,40388863.43451035
1704205500,36676.875442757424,36702.449659409314,36645.60831413604,36671.20925994322,13932598.795031048
1704205800,36684.362294845865,36713.647724256574,36656.26327253168,36679.5109968326,86549272.55533722
1704206100,36687.73893516237,36724.380521532126,36666.87047020892,36696.940850221865,26017704.854641616
1704206400,36699.37191113008,36715.40074754635,36656.58157768152,36683.58601013922,18810726.580673516
1704206700,36688.234598265226,36732.70056603139,36678.32386654977,36710.79258870557,23667355.30064017
1704207000,36710.60098714232,36749.28948518022,36690.38996257465,36749.28948518022,37247757.88474063
1704207300,36731.67303599384,36786.77676627012,36715.76920925866,36735.92338571586,38691057.022580914
1704207600,36718.87425452003,36768.58235338107,36701.89749801275,36756.90015044677,27022634.998866335
1704207900,36757.7077988068,36792.15047630952,36739.88887574303,36780.16566563702,25104728.054975703
1704208200,36761.94189576387,36808.546440630285,36729.87130291524,36797.5416870967,13210739.274861
1704208500,36780.26045107105,36800.58256236429,36726.60856727917,36754.326564868185,24461871.516360026
1704208800,36775.62617607657,36803.846278111625,36746.86280863642,36774.79185598981,19554948.77564135
1704209100,36781.78707666682,36794.80079240508,36736.356381630416,36792.40274356536,58741640.81638585
1704209400,36775.09127657837,36796.146880300126,36758.11183630398,36796.146880300126,30912902.00799146
1704209700,36765.65525219271,36793.19675338688,36724.67702563632,36765.68367500344,49007491.471085206
1704210000,36774.40605904622,36791.65595891522,36739.149483575646,36768.56426566535,24884580.652494874
1704210300,36769.44368469916,36805.35727384867,36759.820196940615,36785.74278528259,42711985.30625142
1704210600,36798.0731472092,36853.03875882978,36763.52402575641,36769.38934224444,13822108.125010634
1704210900,36790.78128055415,36822.4885749991,36780.8019093832,36817.74910774896,15031656.153267346
1704211200,36812.21791985036,36864.120339104695,36800.34132171001,36835.154280974006,17004262.7279415
1704211500,36830.58440854608,36843.99868000736,36794.8037445322,36831.14085031581,13160344.795179788
1704211800,36819.31843226343,36851.9779640092,36794.19622803777,36840.70849966372,40039214.207600564
1704212100,36830.44818913921,36871.23807133813,36792.289121591806,36841.24280658635,8819783.426112324
1704212400,36845.53699191436,36889.42388530143,36802.37806499305,36836.85230254064,40642541.731955126
1704212700,36828.641314140456,36868.42628722803,36813.02824265016,36832.59241378304,27419853.0327857
1704213000,36837.19289589793,36873.66779694688,36814.7665740871,36827.25397273641,20112420.96296439
1704213300,36838.24350404876,36857.665094788965,36799.87173926259,36814.65293962436,28502318.30599484
1704213600,36813.29514799585,36839.82109122966,36765.87316869446,36796.94293766824,19664278.144917518
1704213900,36796.29925484471,36809.378532789786,36735.407835476944,36740.76986183945,20241067.717513952
1704214200,36768.01945309874,36791.05535975903,36731.95325142054,36777.49905930333,29891436.607012935
1704214500,36785.768260797806,36834.006131228445,36748.36264880606,36821.82267389555,11067093.432074815
1704214800,36822.041354107176,36846.12826550023,36800.69618130535,36807.31729302168,42189269.74618593
1704215100,36815.776768756186,36845.14136687526,36789.57201387025,36811.36659278101,28980761.96229285
1704215400,36813.499728949726,36851.86512391256,36797.48611268246,36831.03927969416,12243401.525519732
1704215700,36822.51208536269,36855.08255351469,36790.90949782103,36798.945417632014,37204381.47808783
1704216000,36807.135021923634,36855.86192540573,36790.9693017012,36838.399258854064,32223838.259871393
1704216300,36855.37120680221,36879.10272017895,36815.83158265901,36859.78482591658,29408971.719309263
1704216600,36869.99728918831,36890.39293678298,36846.57546495457,36871.92147643091,16560035.421026736
1704216900,36861.63437103066,36920.200080423136,36845.4075296419,36891.618156481454,44828789.426734425
1704217200,36903.15699074085,36918.96432364989,36867.60177026601,36906.29130794402,19869401.076109838
1704217500,36907.02828931435,36945.16028729724,36875.86820446492,36924.646178299314,63768544.03569964
1704217800,36902.35619960931,36925.03360046109,36863.79852407449,36900.30898571665,14215585.567291774
1704218100,36886.01182081069,36913.07498321696,36859.1570074906,36878.64794775093,19005752.75669855
1704218400,36879.69879672406,36928.4196420697,36859.86715421844,36887.18341246938,26377415.692381945
1704218700,36892.06068846971,36923.8191437897,36872.75176305296,36908.76155176431,9844631.431637079
1704219000,36901.82500211259,36954.05779186232,36864.99021312792,36915.546046094416,39739005.10250301
1704219300,36915.97688477672,36950.498425984166,36881.67126854885,36921.748074349336,27844984.877488453
1704219600,36921.349752875685,36965.83912100944,36893.40759953304,36940.546871274615,17692387.611124072
1704219900,36936.39024192777,36943.91211906855,36890.44052236197,36904.85814012036,45721020.77000465
1704220200,36894.02755354754,36922.862236263856,36855.49011541994,36858.42666623376,26885130.410654828
1704220500,36870.586602881776,36928.0251885393,36854.55719110401,36882.107234802825,21759204.783377275
1704220800,36886.20997078931,36897.61343160381,36840.02516891496,36853.25784647463,18424903.749871623
1704221100,36869.80612949996,36897.52267513536,36829.35150123899,36834.07911406392,52840383.61477034
1704221400,36848.43604080295,36868.51177169752,36804.84266832227,36830.860239125526,12066395.131406931
1704221700,36840.33725474776,36867.59159337377,36821.16157369513,36855.0467607156,36767917.50331411
1704222000,36857.25040111835,36890.10548384423,36824.22217256868,36850.70020232715,25594887.163294464
1704222300,36852.418746425,36899.89847126433,36830.52475551318,36852.588947461474,22123581.860668622
1704222600,36869.7890103242,36892.04088810291,36826.99387230797,36870.40563266727,25126890.142843924
1704222900,36862.788901095904,36870.04851028,36823.68423832134,36838.44773392256,33554159.75439624
1704223200,36849.18735674957,36903.75442777562,36828.23419689554,36851.88674670376,43464360.78375126
1704223500,36845.47762291274,36863.31934070417,36806.89835323615,36811.62150640483,18178403.376248885
1704223800,36811.30183616171,36826.91570757355,36777.85113306642,36819.49978370646,37813003.39160977
1704224100,36805.544522955046,36856.61361290466,36797.356000815584,36856.61361290466,30788198.298709415
1704224400,36827.97642892681,36899.85586105928,36805.58774878654,36855.44432437743,18629889.153545972
1704224700,36858.05234174233,36865.1760778369,36823.3549929799,36825.006933780656,32122755.99726703
1704225000,36841.94798948511,36864.39133107757,36798.37046964727,36809.146654837605,26835424.925183676
1704225300,36822.219692161525,36870.97410709968,36783.08036998349,36822.627351945615,20150366.02721416
1704225600,36818.722224007455,36853.37400038654,36798.2474167091,36831.17207194895,44376472.09047756
1704225900,36823.500386737374,36847.42488175322,36771.22749493205,36805.21611751154,29625266.010462444
1704226200,36805.83309491188,36828.91182303047,36768.05931895169,36768.05931895169,15747934.957581062
1704226500,36782.04635058167,36819.24380021407,36754.58947343018,36781.80252293016,22948543.94600913
1704226800,36778.01760624724,36832.70089262191,36761.006936343525,36791.55241286576,12617154.110596769
1704227100,36790.114638090425,36816.94160803641,36759.17212557247,36801.729224491566,11232149.415597755
1704227400,36792.7079320674,36828.33346313081,36769.233809870624,36813.2520626288,19624834.08894378
1704227700,36806.72141851285,36842.63781002338,36772.794091457166,36817.51781778451,23038921.242235396
1704228000,36829.11056107863,36854.54501219501,36798.71451331922,36816.91256960239,20374958.95337445
1704228300,36816.3256738989,36850.73171897867,36787.91122154658,36820.44139714167,18124087.429530304
1704228600,36826.14627797272,36877.12684516222,36797.0680198269,36839.80280997336,25669342.97942085
1704228900,36840.86255081585,36895.01468654003,36824.01526702197,36871.76572821093,29437407.79515961
1704229200,36871.84308200255,36912.939402371485,36850.84044134207,36886.18793687705,23955298.436069936
1704229500,36884.18318019321,36906.78894880143,36837.477471391256,36864.462113955735,16893306.544436924
1704229800,36858.52924699986,36889.194043527474,36824.59957045235,36861.45257662237,22801517.74128669
1704230100,36859.206693105625,36867.163503565935,36828.94262458849,36852.61486554267,17988848.7555759
1704230400,36844.519215477005,36875.01417476173,36808.51020060561,36824.44965782364,33722487.27377565
1704230700,36832.56440476707,36876.23855560136,36807.90901224312,36834.83275700759,29241912.00168459
1704231000,36831.55980119194,36881.86598611038,36812.14034333304,36843.04128781927,13400044.447585667
1704231300,36841.24814485124,36859.93122322868,36808.088467530855,36834.11640126954,30101917.980027
1704231600,36838.54800448864,36865.695436571776,36813.110148966734,36856.86414413856,23519175.38543125
1704231900,36845.57129960252,36885.211071322665,36824.31168330697,36824.60646705147,36460342.45273835
1704232200,36825.74031314491,36858.40904222135,36790.15488222103,36820.62037724565,32045570.528129064
1704232500,36821.20406543694,36854.56195248135,36789.21842917601,36812.90772300117,26806849.87226691
1704232800,36823.20085597021,36840.30397907206,36797.07092711216,36807.28931746588,37719331.17343333
1704233100,36800.53410267283,36833.74516112297,36774.06330188249,36822.90439447208,15056728.379498823
1704233400,36805.08284134026,36852.78249031968,36785.35347053872,36815.10515249001,33183797.676762715
1704233700,36815.704746324525,36858.35393513407,36795.5788825514,36802.36428016151,14883808.255127795
1704234000,36801.23257711802,36839.01364858466,36754.29781134088,36810.99441637287,13327672.647194888
1704234300,36821.1720483272,36846.07069437532,36764.71021115362,36795.91238637423,27258624.585204713
1704234600,36796.63878623778,36812.97927045567,36748.4718578715,36764.731680056815,49305504.33133725
1704234900,36783.48387555534,36816.01385649549,36720.13434272156,36757.20624366822,23415180.461689033
1704235200,36758.24701693115,36768.69894780811,36722.38556279348,36747.31907883278,16769546.412272967
1704235500,36735.469583294565,36782.73861258063,36713.31283142952,36727.33442882922,22353208.9026718
1704235800,36722.72423348832,36765.22313596798,36695.64423081364,36707.68511290177,21471942.96501652
1704236100,36705.05341463463,36751.840810794536,36670.53021208374,36720.505760012944,6591502.781819763
1704236400,36717.8915868129,36732.5920764195,36696.87980033291,36727.744938048825,28951744.647514332
1704236700,36728.15762255248,36770.22430916393,36694.53333259869,36729.36643556963,30067247.816570085
1704237000,36737.91171411723,36777.735490104016,36715.48205275372,36739.85535581623,20602745.505335394
1704237300,36747.91768921944,36765.49856606617,36718.82818833501,36741.02810030331,40457215.07441123
1704237600,36750.75295319903,36791.83409720513,36719.7122682694,36744.04385272467,38600813.92615328
1704237900,36727.290805094926,36751.35692151693,36695.6387646806,36730.27378773594,21373627.315368015
1704238200,36721.045894691975,36751.41780671275,36692.254698370496,36729.1117488203,42260048.55123874
1704238500,36719.05246997438,36736.98349352209,36678.96335040819,36687.74110771999,13568931.782223754
1704238800,36698.08821207098,36711.23546767501,36646.99705587821,36681.41407329249,51086952.15058714
1704239100,36690.94283482146,36737.74742755792,36656.49469282695,36687.88300337421,27766811.941098347
1704239400,36695.87709083928,36730.94710444766,36679.15869476303,36709.06278982094,12147543.899618179
1704239700,36715.88582255345,36737.33842496194,36683.68376595478,36719.74479632883,16973973.27940844
1704240000,36708.28192312401,36781.29571191495,36700.16193946126,36746.47517727372,22872097.344393402
1704240300,36734.22157950778,36777.64402062361,36709.02386126907,36743.22153289658,12708739.442038368
1704240600,36740.35426145885,36746.81318143272,36683.956532162585,36721.52410336584,8764909.505867884
1704240900,36718.04770916488,36744.04015355274,36654.02478737059,36719.365905340506,23829930.90473737
1704241200,36703.95765626072,36723.90450762741,36665.21721739442,36678.92536979866,29313335.64369654
1704241500,36680.31544730915,36721.88880019834,36660.39758795322,36691.54435787227,14677796.437855696
1704241800,36689.01507267472,36741.450913075285,36654.5684491768,36707.65763613977,48819335.684744805
1704242100,36705.63703134056,36728.17789123725,36674.42954394345,36709.60046056568,14919060.29904519
1704242400,36687.37342950878,36715.39614909027,36653.582662000765,36665.36729342826,20164513.006202545
1704242700,36685.0302169543,36717.353852028486,36647.725432230094,36693.61252522391,26316738.04970501
1704243000,36680.29597752259,36720.04184160368,36666.8658230618,36692.78437066005,18451165.53523258
1704243300,36697.00130594656,36741.56949561846,36667.18650364356,36707.234800351616,16430328.57023734
1704243600,36693.94777493811,36734.43371533176,36668.83044389778,36685.25567850263,38051138.91434815
1704243900,36678.306722988185,36699.7236363211,36649.22024910124,36691.30857473394,28446297.13421129
1704244200,36674.92308994166,36704.59829033168,36651.40602535415,36704.59829033168,36088152.535349
1704244500,36682.26135624682,36700.15497368033,36658.427180022,36678.75156500247,29445160.035975624
1704244800,36679.31183870713,36698.16675513634,36618.86914643239,36645.81700421852,13345640.889485069
1704245100,36650.7115916876,36685.44514492125,36638.62952267536,36673.56883941627,28827803.34679888
1704245400,36660.382660165655,36708.36546785321,36641.05544343666,36677.74548519256,23515665.61218913
1704245700,36690.51832500485,36719.84971675916,36643.265236234605,36664.54574035936,27649067.612785913
1704246000,36661.54700153632,36696.30861396968,36648.20248597994,36681.424502835725,28359884.066348024
1704246300,36684.02952587807,36719.23059829276,36658.21180381007,36693.287067488825,30306842.335203055
1704246600,36709.52537352939,36736.01031943454,36676.04218564261,36713.75059545457,23725937.301678672
1704246900,36696.79488817698,36748.71901865601,36644.74472200035,36706.04399212655,22155500.18671733
1704247200,36697.14786715101,36721.08280670011,36668.532762761184,36695.338290626496,14513302.794786787
1704247500,36695.73333415743,36710.758673961886,36657.52383592184,36691.95141097279,26552495.03608745
1704247800,36693.67192934883,36730.03100623663,36653.38620437177,36702.70530537288,20015707.407137685
1704248100,36690.8925339926,36713.33723171805,36666.04987620464,36672.77697506275,31503811.01851895
1704248400,36686.85321345832,36717.97363585514,36664.87727384766,36711.248700283766,11585045.695221787
1704248700,36700.91108625,36764.9111042631,36694.43071437554,36736.09175888424,42218043.79647223
1704249000,36715.10110115294,36738.97179032165,36695.38830753518,36723.728543416575,23553157.466273494
1704249300,36720.38393076658,36760.46778800361,36684.48557077176,36733.16222233296,30132362.189125184
1704249600,36712.58840659034,36735.6053614785,36688.19048227837,36700.039687917626,17293093.16045618
1704249900,36713.05719043605,36721.9868836224,36682.08395575982,36704.37903148651,15367313.143620664
1704250200,36716.969465605456,36737.359371885286,36669.372230009525,36691.43567984348,10034213.158249963
1704250500,36708.80193304357,36728.05340691797,36675.32880326789,36689.11731537069,37226273.32290863
1704250800,36708.90286576975,36736.451227937,36665.10158838918,36704.73864816276,14375851.854855862
1704251100,36718.10855810612,36754.16297275711,36700.17920704385,36738.5770703538,13764858.38130211
1704251400,36730.14170726335,36763.12052888121,36704.09226068183,36736.6507592299,30514399.078243114
1704251700,36718.061928229945,36764.35475540469,36677.35224720072,36719.99283494077,34008411.96995582
1704252000,36707.82278107357,36741.03236547362,36677.56064216094,36686.28692699476,32164539.770147067
1704252300,36708.08120716204,36755.42297438058,36687.50882850653,36720.93923997625,24922836.30727824
1704252600,36716.4540374134,36739.54038694024,36675.51591743234,36675.51591743234,22221031.48985911
1704252900,36694.382221680506,36751.29170166869,36678.10139136126,36714.07679752668,37494337.476061225
1704253200,36721.88591156895,36752.84111583426,36682.496576379264,36730.65018591123,21061461.45460648
1704253500,36726.84403704549,36757.54455398535,36699.44210243883,36742.06542458679,28388266.83733129
1704253800,36725.87232848909,36754.662479414765,36688.05263574207,36705.5885833162,31431183.66970777
1704254100,36716.41328390656,36767.25516316679,36707.741584260366,36737.55365887306,24942629.56277535
1704254400,36747.4522323814,36774.672337092044,36679.90025852244,36742.16479383605,22200124.021108672
1704254700,36727.1598874596,36756.36590515779,36711.03768829865,36733.7962856241,20491867.01347932
1704255000,36729.55809684893,36746.52720238389,36700.19423862247,36714.23902971786,23576069.34646867
1704255300,36711.71108705231,36744.17545054173,36662.06377067798,36721.32803680612,10268293.218974216
1704255600,36686.44997993352,36708.417660600055,36654.58337297982,36685.629084251406,23572356.99873753
1704255900,36657.93805224747,36687.502505596414,36631.08651727219,36640.25544823037,34623798.281312
1704256200,36665.70955887029,36707.04778971755,36641.34359591998,36663.32901007866,35838338.56449978
1704256500,36686.43021034691,36714.29950680505,36659.02476125001,36691.370323063406,25115341.248332202
1704256800,36695.905153402266,36721.18159180971,36675.17463409335,36701.94588332197,27728254.62254777
1704257100,36690.57917427436,36706.287619479175,36651.25512327712,36652.80475381617,16079068.00594218
1704257400,36648.22956721189,36674.42659799572,36617.10892828325,36642.26310114833,11489062.614187717
1704257700,36653.73668559039,36695.24799287896,36632.43059256634,36639.66048786872,20419277.49749636
1704258000,36657.53091428916,36684.842795786855,36606.06425866969,36620.26498378445,24031198.8797762
1704258300,36625.86158055446,36663.46858617283,36598.48168647429,36622.52139916088,36864519.24023726
1704258600,36642.72308273561,36672.596508390416,36611.02184653768,36670.34085892,58560397.79784275
1704258900,36651.3419629299,36715.89093234401,36605.62341779711,36650.39527000702,25650318.39812568
1704259200,36662.08806741627,36730.49432485787,36651.074625075344,36707.7616261302,28658697.67548281
1704259500,36704.74302823872,36725.92005186154,36649.182185548896,36707.74621678587,19333022.07476348
1704259800,36705.951022810565,36715.017675512834,36668.200526409,36675.52805224036,25818077.177060295
1704260100,36700.61264619245,36768.81941535403,36683.389489582674,36719.4734334637,15845349.845149832
1704260400,36718.27975531748,36766.241473959104,36699.28379604931,36714.819256396535,25152673.184986703
1704260700,36731.46060163571,36752.04209712843,36702.42155167856,36705.78501591236,27262967.839408517
1704261000,36718.2040669717,36749.69719649479,36700.87919097783,36736.447550099416,27697279.09668949
1704261300,36754.719866635176,36788.64444392419,36701.834621129885,36746.71266293373,5299078.893001683
1704261600,36755.9449730683,36794.77951767024,36747.30909941346,36772.78157601178,47249419.7057613
1704261900,36768.28043302328,36793.59474109008,36738.51759889304,36793.59474109008,14569487.574359197
1704262200,36780.73376266717,36839.965805472464,36768.52555042366,36829.05351737596,15361720.575292159
1704262500,36800.906212784925,36828.130622802186,36774.04595926808,36789.39791364289,27254222.311039276
1704262800,36801.75615121724,36827.27970264838,36764.32020173318,36789.74266838277,81558587.7661243
1704263100,36785.522793338,36827.54410254768,36747.9386515345,36780.07217907087,14836842.034325734
1704263400,36773.22971551438,36795.90688553934,36740.12387273145,36742.62295462048,20810423.91797289
1704263700,36742.28032351085,36763.09056839792,36717.138580075785,36729.29274095409,59716582.89465807
1704264000,36735.093175909766,36763.09856073175,36696.43147123531,36761.5440505722,10119987.800205935
1704264300,36751.43016408394,36781.49991935591,36689.75238746664,36732.82136740144,45457918.63647639
1704264600,36731.39202180212,36753.265327213885,36694.60943806596,36707.45183984122,54526700.55386321
1704264900,36717.88393289868,36750.28477166287,36697.151357768096,36697.151357768096,20215232.559305385
1704265200,36741.28404633837,36762.86011746504,36706.57474194596,36741.11382319475,22265639.10657807
1704265500,36729.80154840474,36751.15509660568,36703.46505742427,36721.34778964404,8804381.289069224
1704265800,36725.287840631056,36771.32254174932,36702.621096891264,36749.78000476529,13503827.060234856
1704266100,36757.04488559944,36797.54650926622,36695.45942711196,36780.50075900419,24587061.367470954
1704266400,36764.98197922817,36810.506747749605,36734.9794963616,36794.73562155805,9262011.695376437
1704266700,36796.1411939292,36824.633419261154,36780.25828030089,36785.2281210384,35059834.51182993
1704267000,36796.38888492343,36823.56388120029,36768.70128794219,36793.790198913644,13118818.852267684
1704267300,36795.43828522163,36833.74552837392,36751.12900122875,36810.91953557088,25502814.897672776
1704267600,36797.25434962214,36831.43819090486,36779.72587777252,36812.4859630548,19874173.655937526
1704267900,36808.28486067351,36854.28083886775,36799.07460044087,36802.92780851597,16689590.102116076
1704268200,36813.69281135133,36835.444419494605,36768.74456280431,36769.706001685154,39771396.81586608
1704268500,36775.90357886184,36812.38063986236,36732.53858990445,36750.89481263216,26315459.33662583
1704268800,36757.62915085952,36788.71647839375,36730.10927995311,36755.466631260606,23831750.75704705
1704269100,36764.87074496506,36788.63626295478,36740.5496267508,36758.72219602279,18650598.184490487
1704269400,36770.55860439925,36793.16141321399,36737.82993770768,36773.71259488669,33339568.03027408
1704269700,36781.428885047935,36816.611276225536,36742.120931852536,36758.32238033931,52427031.66129209
1704270000,36766.07056354175,36787.460316843964,36726.30910469917,36787.460316843964,23364310.241434798
1704270300,36776.338070156,36799.42448573651,36753.75662841808,36774.794899782726,15591076.531640682
1704270600,36777.02864756906,36801.73773962975,36758.23559487327,36767.294244889104,23005119.0578332
1704270900,36766.874642406125,36777.689333780334,36736.36497422845,36773.16248473652,47876537.02538809
1704271200,36771.86699046966,36794.314120382754,36744.32307232838,36758.81230269276,11084054.279231796
1704271500,36763.04636786124,36801.06189957647,36746.69682763716,36761.83321143221,34819628.585701995
1704271800,36758.220207455146,36800.44238044157,36737.2768730728,36794.96075438074,20450459.643341295
1704272100,36789.27831660386,36818.05415524785,36763.22259080599,36775.73763516111,19722530.381334677
1704272400,36775.89602479901,36820.7082885181,36734.628569389504,36786.63520045291,37384524.09349282
1704272700,36794.299609139205,36819.05453137094,36757.43123421363,36798.11684664289,40771417.05637678
1704273000,36790.93556806198,36840.09301968176,36762.50053030029,36776.65552493865,16147746.405304596
1704273300,36784.02817746419,36828.573365379365,36750.55954715131,36787.111325687736,18476294.19391621
1704273600,36801.307972836585,36825.766364412266,36753.540005258605,36785.56157286965,18951353.379198298
1704273900,36776.967946624434,36821.33718517524,36763.59170499281,36790.196850503,25790780.808965795
1704274200,36777.096398245885,36806.746102890975,36732.6764323301,36779.99599684448,30911624.743278988
1704274500,36767.516890824016,36789.50873010153,36729.35263092852,36751.39461367802,24933704.77103965
1704274800,36747.1640963394,36780.28422299755,36724.24865650663,36724.24865650663,47907875.73226483
1704275100,36733.59185369036,36759.05658602442,36700.8571247394,36729.89435299075,33161280.077352013
1704275400,36724.00122639411,36768.09978813557,36693.8598515934,36693.8598515934,36690729.93721172
1704275700,36720.49930906835,36748.64790218465,36701.33834857019,36722.11405764634,14191081.519464562
1704276000,36736.09922138715,36760.741988908616,36691.770660747294,36715.16320677515,15353227.525802184
1704276300,36744.95867624992,36782.53351230631,36733.7368103761,36781.89309270894,23660951.4548316
1704276600,36756.84344553148,36806.31459208857,36728.057868430944,36771.6239101814,19455954.80494952
1704276900,36769.911279297616,36792.2238932112,36731.89422045463,36779.75305020188,20706739.336000856
1704277200,36780.22696123811,36791.77698396844,36705.790912327386,36760.22152806773,24964923.21099933
1704277500,36756.26368676528,36793.02682913613,36723.7484874027,36750.32500352016,9932621.23551426
1704277800,36751.31645766744,36771.77950310731,36721.29793242872,36749.1068998526,25208457.788473
1704278100,36738.31090773885,36782.55325719759,36724.55867671312,36732.25899796737,32650260.685571864
1704278400,36739.15827658957,36766.62005424382,36716.302051473736,36727.54177511576,13691027.725260727
1704278700,36748.22082511674,36763.94640704103,36701.27062130385,36735.94919919887,17447651.857011147
1704279000,36743.08883113116,36780.0992677209,36694.91129571176,36730.69475774803,21709530.009504337
1704279300,36711.93543268192,36772.73029304501,36687.25913800877,36725.476672394616,29640583.686999165
1704279600,36744.13189425904,36782.14249207959,36713.078711817805,36754.1058235202,38114285.858583435
1704279900,36753.47880011219,36785.89766482187,36729.29752413866,36768.1446563935,31068801.002984304
1704280200,36763.65035796126,36786.226476414784,36736.28074987838,36785.076401228245,17487676.78929774
1704280500,36758.10595748026,36799.72568037616,36723.32730405957,36799.72568037616,21197405.02608445
1704280800,36774.233492242725,36803.97240071172,36744.52791379943,36795.304590548425,10578896.250987675
1704281100,36787.53715895124,36821.05562060751,36746.88858696589,36757.6749846364,14254932.42783248
1704281400,36780.0344940396,36810.46213236268,36744.79756377403,36783.68511362268,37488860.573665
1704281700,36802.79224283115,36836.26931101295,36768.09866978468,36813.326504868855,14329822.64910503
1704282000,36803.57554336333,36838.51041774342,36771.10775304896,36794.21292075169,28172647.112864595
1704282300,36803.163601106295,36849.51186080975,36773.98066371449,36813.17371614465,10715525.293414922
1704282600,36812.66270441297,36827.14832007732,36784.55192949634,36807.11963290753,58388248.1667887
1704282900,36793.81222935936,36804.27339758047,36771.87962656587,36804.19566045812,24378450.513750546
1704283200,36784.23737126658,36811.2541453188,36746.97435534751,36776.4249771999,19051705.610222623
1704283500,36768.48856836144,36821.957834074856,36732.74855644383,36757.2222178157,41021876.74791082
1704283800,36759.455193303,36793.45735230249,36740.28231868274,36772.03483368443,28038983.063358705
1704284100,36773.195083750266,36790.482955938256,36756.64752022742,36768.15980689714,11803238.93822347
1704284400,36777.81110647786,36800.22971418083,36732.58575880393,36753.84084734509,23899227.017071858
1704284700,36751.82333917252,36772.97133286254,36717.42583519381,36721.62717719047,50968213.22153886
1704285000,36728.14706015866,36759.23160263155,36695.84086973016,36727.80648958413,30152693.04627866
1704285300,36733.45080712035,36766.83636512236,36705.23573888678,36714.91872160824,7908242.667864062
1704285600,36725.78407620551,36749.46044746252,36678.31005611204,36707.743944463815,17349179.514433343
1704285900,36732.25292236983,36790.83100055947,36699.90379479951,36790.83100055947,57036167.370864175
1704286200,36755.25853461952,36778.39073080936,36731.43788840602,36762.8644031461,19475290.26251569
1704286500,36769.66153800271,36804.67144746313,36750.97889471355,36765.590506542416,25196988.871223792
1704286800,36762.401237166014,36790.3760548976,36747.49818788328,36777.20552117937,25333808.339308955
1704287100,36773.9022648558,36827.25037088831,36760.72296685947,36774.23031751376,23207766.58994116
1704287400,36785.67056675936,36797.29999457091,36759.41222949337,36789.52124180491,21883924.156004686
1704287700,36762.41907315351,36811.09436892352,36738.91248002806,36783.722941170265,55268267.29720521
1704288000,36784.92084828087,36816.09034766665,36737.683878841584,36781.69373585753,23188876.54648029
1704288300,36810.793860310085,36835.32112009953,36794.78635097915,36835.32112009953,26137153.539046064
1704288600,36814.48779519671,36833.57354716314,36787.541094275104,36808.55880992079,19620648.922064744
1704288900,36822.67202935032,36852.79739335496,36768.022523963766,36790.12345111683,15959288.895634538
1704289200,36800.97607334168,36830.77261151505,36759.32602720164,36802.76341805516,61029676.1352651
1704289500,36799.59989765541,36844.12107780299,36762.02467295584,36796.05754785064,34132097.1072626
1704289800,36785.34060173412,36807.41561573659,36738.24194487796,36776.43672091836,31437366.838169403
1704290100,36790.044098295046,36820.69436827976,36751.07779848285,36794.61890679355,31943614.228857975
1704290400,36784.85459974309,36818.83440647512,36756.07327719757,36792.88147040517,13165954.322243255
1704290700,36811.62070592705,36830.9573193352,36752.76448450507,36794.03268855824,19627058.22275268
1704291000,36786.98723141109,36823.30852369426,36759.238123768446,36798.32232214975,29758444.298018944
1704291300,36771.47844748502,36780.502934191296,36720.399620737175,36774.54907240806,43624203.38570681
1704291600,36746.25895175017,36782.63114785792,36723.26155483905,36782.63114785792,28063265.05532058
1704291900,36748.59281701953,36779.28028132992,36698.41290476253,36722.45847704811,30992215.775612634
1704292200,36732.82330194178,36796.97992932578,36704.93166408,36757.54037070187,12004904.590148665
1704292500,36753.9975960791,36769.55381927221,36729.9037374992,36755.9532190884,24702122.83273211
1704292800,36753.24130511448,36763.96776498625,36674.99265503802,36723.78883728249,14957638.828754801
1704293100,36728.92432825931,36747.05451227244,36674.60542039253,36739.4576782283,26276030.273104254
1704293400,36727.0980210897,36747.43600436045,36696.79047114224,36703.95041911353,19790328.79386413
1704293700,36716.31253479371,36747.8914393928,36672.479266710994,36727.71410599983,10321407.043347144
1704294000,36729.41160189106,36742.58616509797,36687.221386623336,36688.82427608044,38071381.6368946
1704294300,36706.93423970419,36753.87686006392,36677.70494949455,36735.99468240014,25320459.390464954
1704294600,36738.28852169092,36769.74639901092,36715.77019321804,36724.5344395444,11125224.272206841
1704294900,36740.92129985041,36786.39899933544,36726.85528907907,36772.56126194966,37801859.33973732
1704295200,36755.29463073313,36793.36335665867,36735.8917534976,36752.32387153173,25833595.56651524
1704295500,36772.14840573502,36786.52240620457,36716.72767583043,36749.75499314853,48203527.57829547
1704295800,36735.9167224123,36785.3594671143,36682.67245699819,36728.84373931367,32635687.58785844
1704296100,36742.82034348983,36786.719663220494,36712.538985880696,36724.26375694724,29512790.263726253
1704296400,36745.50131549118,36772.14815820816,36720.57748566908,36747.72036930685,15327876.006109297
1704296700,36725.32250985022,36738.253334350695,36677.366380610336,36723.26766679113,63637571.80030485
1704297000,36741.04957092338,36758.03582129142,36691.43109447271,36733.65043436438,17298081.460239522
1704297300,36721.914008569765,36752.35548663259,36697.63012990678,36719.83283692743,19942234.541784234
1704297600,36731.88973427159,36793.991526175065,36712.141055238615,36776.1381275336,26933891.20647007
1704297900,36751.90231820615,36774.96474379968,36702.89212309345,36718.14605372983,17094518.479088966
1704298200,36752.66746393093,36800.32197004348,36741.254816909066,36778.04412039609,14082584.782559257
1704298500,36781.28699008816,36832.0527947565,36748.8820304508,36787.87103013607,27698857.285591763
1704298800,36797.921258552415,36823.65931337032,36761.47650198847,36766.10245172518,40616205.81658543
1704299100,36780.80423866016,36809.60074351152,36751.32085530453,36778.9725692087,24860846.525982834
1704299400,36800.07180039074,36818.432401194295,36780.15310329174,36789.96237283746,33658922.17202728
1704299700,36786.49856063245,36821.6981342041,36772.07947417508,36821.6981342041,14527798.213876525
1704300000,36809.07048352656,36832.44102800122,36786.03809092025,36819.55945716045,28573322.89680957
1704300300,36804.83366332529,36836.81196448748,36779.546559506845,36807.785451805394,53529051.6648913
1704300600,36797.89021789264,36821.97403267645,36755.00300630504,36818.04578076438,19180659.171869595
1704300900,36800.79555992689,36830.08779981662,36776.17162348081,36805.55108228127,33987713.96819795
1704301200,36798.94058945373,36830.95020603749,36752.53832655607,36761.21619835122,15670257.61283125
1704301500,36775.54703323208,36804.47140834703,36730.85164545343,36754.551338401805,31698546.837904587
1704301800,36766.7362020786,36777.07896110551,36741.66819547843,36741.66819547843,24214727.071044125
1704302100,36744.50566288728,36757.94400777846,36696.425527367326,36711.49036942526,15800971.387759943
1704302400,36723.87712520568,36752.97818042994,36679.68135768023,36731.43860951181,16389217.748000192
1704302700,36732.283078389744,36769.69251608816,36729.71829813304,36740.3026960768,15632443.555163413
1704303000,36753.0193094221,36783.32158872834,36731.58222676142,36763.94401614925,34594490.1160224
1704303300,36765.78982713864,36791.89424941168,36730.841558490974,36750.0924534348,18637378.301708914
1704303600,36766.66212777581,36824.1967209127,36743.766967915246,36758.76234816422,42562870.80146105
1704303900,36760.88957356202,36789.98004633938,36733.13772397955,36773.804241839134,15679414.221100993
1704304200,36755.68974580261,36786.31246734835,36732.81246907997,36742.55669506492,19544424.811035246
1704304500,36760.447303244975,36778.3123318392,36690.45161384253,36729.99449592583,29732498.451795865
1704304800,36758.91094470723,36766.23447257998,36715.75491014512,36744.36005758493,18600845.281152267
1704305100,36724.720120185935,36760.47459365148,36680.13305267452,36704.73802512487,32964780.900744516
1704305400,36711.9139064577,36734.28054947761,36678.365010502326,36711.98977058549,37815397.053897426
1704305700,36718.27743557195,36753.345802706775,36696.16405027351,36732.24916602589,45161932.065735534
1704306000,36722.02688907609,36760.32631029349,36697.5150118578,36745.96222986525,13413443.820106551
1704306300,36738.46969131802,36763.260973621975,36719.40074217835,36721.60322498419,23654015.074868385
1704306600,36738.97765937314,36754.98338710125,36697.42126150045,36709.49561442984,19670085.69437331
1704306900,36721.46271045502,36757.80289522709,36691.02731825732,36757.80289522709,16958775.705171928
1704307200,36740.317301370014,36762.29762746158,36712.49922724469,36724.49153966458,22498872.22408662
1704307500,36749.63982393143,36793.59968141799,36712.31092262502,36749.24216565225,7299485.655058923
1704307800,36749.76580499652,36765.97159609217,36700.154244943886,36733.454285602136,26001655.42077255
1704308100,36737.36196973404,36771.36586765297,36715.21763267325,36731.29313942452,19019910.22435621
1704308400,36744.96504625484,36777.180309732816,36706.218224054406,36716.90051814749,16665084.935875721
1704308700,36708.66881833975,36723.86904298386,36691.86157198053,36691.93531605923,33842435.80776015
1704309000,36717.10073034638,36764.97668095802,36700.232471574025,36733.3153367523,24066227.03893032
1704309300,36728.433321945166,36741.66307117214,36680.559109335816,36731.85981476789,20780943.342943836
1704309600,36716.82605512145,36738.91653859229,36685.31411193077,36726.990532250864,19001364.57828758
1704309900,36730.801801752656,36754.77330049611,36699.126918386966,36744.818105907565,45993642.99955058
1704310200,36738.628817376695,36783.43343495402,36700.0568988939,36751.90237600841,12166968.666784149
1704310500,36733.37951080522,36752.99239160591,36709.65976522921,36748.92467013558,21615977.78124984
1704310800,36738.495783122045,36801.50363760875,36728.20238900981,36790.97235866017,44038651.0179942
1704311100,36785.52819186956,36815.08152476181,36757.87577847377,36787.10104873687,24327295.605120294
1704311400,36788.18397878698,36796.31441969638,36747.4349808044,36756.927060777896,10348482.316760177
1704311700,36751.77800663216,36792.15132892586,36709.73966673255,36764.24533152197,34447913.1787691
1704312000,36756.79347303749,36787.55338403663,36723.19978929308,36764.01871705021,12765870.084716849
1704312300,36763.73862214619,36816.66443005907,36739.70074550927,36785.40402184028,13526591.087694868
1704312600,36793.535528696586,36836.72786104497,36767.53569900924,36825.64489520751,38849618.828185014
1704312900,36814.00469933513,36826.5584379927,36779.06163623245,36819.81487400352,18736097.077069756
1704313200,36823.38271258996,36864.902537719376,36802.90251035941,36840.46146935018,18770019.188168496
1704313500,36835.86622614867,36880.60028464094,36802.162793658325,36841.04023972624,21634584.11441984
1704313800,36826.10184967676,36835.66697605893,36776.81411989629,36815.50012230335,38218387.167265676
1704314100,36804.30089822826,36831.04061349755,36790.67727310712,36823.24153241424,16122850.504295852
1704314400,36803.47591426376,36835.35573023566,36754.61815852537,36784.95267483212,16690341.244453223
1704314700,36806.159581307686,36847.60905747913,36774.431565173945,36805.13109904433,30720049.45903592
1704315000,36797.32850750012,36829.89212927644,36783.57533670784,36822.57331296832,13882253.606481252
1704315300,36808.76705157782,36847.38993607049,36786.78313839767,36810.2329484248,19304816.306378078
1704315600,36811.46049620585,36845.27135684171,36791.97518208274,36810.035613787295,44787855.38928741
1704315900,36816.80061608982,36836.18786587171,36781.1125786718,36809.065868970654,20514391.3851246
1704316200,36810.83081621708,36857.49783044626,36786.13599506938,36824.12816206928,25879135.652428307
1704316500,36830.12141459365,36879.50995528129,36802.80949024573,36845.285774025535,57872638.28991185
1704316800,36852.931103862415,36907.62473222191,36837.20318377684,36874.01962372902,30774196.45550849
1704317100,36882.19435567138,36924.65645319597,36859.21955668655,36904.38512979612,20891404.77528056
1704317400,36892.14071866464,36919.28144720821,36851.26744087341,36912.19613801658,21439317.81364145
1704317700,36905.47361994679,36931.28926708119,36886.09658163699,36923.1730628325,43567083.335093305
1704318000,36939.060209662224,36983.40855137446,36889.28381000662,36933.80445747772,50465666.465849504
1704318300,36932.27735306136,36948.803374115865,36913.421909421406,36948.803374115865,16039370.136448052
1704318600,36945.19529142185,36992.24773531809,36907.60832021808,36943.3948566012,12475829.435531884
1704318900,36942.02658162997,36972.04773403068,36922.4429531354,36957.88754522286,13707203.919403113
1704319200,36954.40425254632,36965.83489731232,36920.61601171528,36943.12781682157,25177645.925405383
1704319500,36942.58048052548,37001.99062070568,36925.75608876113,36945.47428921327,16213033.105179746
1704319800,36972.257255001314,36998.4592883995,36940.99100397796,36968.15881952636,46979042.96839495
1704320100,36972.164883564896,37030.34268507964,36963.26459204352,36970.95896718001,24308111.079488333
1704320400,36978.84478607489,36994.01659650701,36947.80294203284,36981.69199341383,29487156.916585203
1704320700,36991.518818299926,37026.90993658416,36975.15929691848,37009.968329394535,15143962.445572268
1704321000,36994.24558637696,37026.82695006464,36960.020215793134,36989.21086976608,11952200.64230063
1704321300,36977.27659734605,37009.73906412027,36954.59869134495,36962.04323767594,21631043.6610013
1704321600,36982.390271664415,37008.7270597324,36931.89713735636,36950.06550313803,20104188.298214365
1704321900,36960.575027566105,36992.92111867313,36917.06487563992,36946.988304061946,17170569.74313789
1704322200,36950.87351407915,36971.55816506137,36925.85486882069,36942.29535993563,14903469.439057292
1704322500,36928.20612517195,36960.94597392502,36908.691600538645,36920.858381789294,29899138.06866979
1704322800,36909.544693624215,36939.06254010336,36880.29096750668,36910.9727599953,15158628.103628177
1704323100,36908.54598950979,36923.203642316286,36869.46276794121,36916.27695706802,20193263.28627619
1704323400,36923.08788532816,36951.96464962234,36892.62223262359,36940.70638534419,19879144.193966236
1704323700,36928.14877697893,36964.96222952842,36910.628389116886,36935.986089765785,16512925.429557454
1704324000,36933.510628755306,36950.82155430678,36918.66468035821,36930.363362233365,20557998.01492788
1704324300,36932.43030715079,36969.34069604561,36905.77404335372,36938.25212987104,22934433.524130285
1704324600,36939.585888828944,36960.14416020779,36922.54168658767,36929.91393564626,16591982.154342063
1704324900,36940.2476851939,36967.540535567976,36912.692267618455,36931.634028879846,15778050.685198255
1704325200,36935.38551469914,36979.142028922535,36911.81099475599,36957.83031829218,28959248.901294384
1704325500,36939.53130600766,36951.24437410228,36902.32931204473,36920.25505047084,12820622.973452874
1704325800,36912.48183067856,36940.00662787983,36892.44920677601,36933.93160504324,18044369.211931642
1704326100,36918.7906139909,36959.41575916365,36884.67689576496,36920.594110182,10740816.448029412
1704326400,36921.67460394763,36960.20559684531,36913.17466463397,36932.86762346793,15207125.17426337
1704326700,36943.28052809204,36971.56127891099,36912.51472857949,36922.7597025881,9783681.166233564
1704327000,36929.94647941447,36978.96098505696,36888.08071202018,36924.63115982128,18005039.740348406
1704327300,36928.15166728322,36973.05322143998,36875.15044452086,36920.9453925715,19876252.451765582
1704327600,36920.83501597697,36941.47357195496,36893.12838685311,36900.4991271391,34514212.20324272
1704327900,36902.87259701342,36947.12510918402,36861.05153518495,36901.93469179465,29742707.663671903
1704328200,36903.31802181557,36923.093454850605,36862.49962171473,36891.990537128615,33025360.680909816
1704328500,36891.29733997726,36928.79368732644,36863.40131007968,36871.87795377992,39966550.43594089
1704328800,36895.2402819825,36970.64412157434,36872.74528923184,36910.55878782538,11712663.523452397
1704329100,36928.74965207416,36981.27181713207,36905.0093142017,36946.38498437637,20129658.237057675
1704329400,36935.02125078682,36963.966531226746,36897.11192258095,36919.53350589593,28469769.24679463
1704329700,36899.983024908695,36914.11251365791,36859.18912410217,36866.35735262158,29466166.755030975
1704330000,36873.51170965085,36887.1876667587,36838.42365033354,36872.47400303174,18753315.166990038
1704330300,36858.25603692292,36918.19384749945,36840.1200471265,36874.3072053905,19128988.357656997
1704330600,36890.06349745284,36927.44856078374,36852.5045421301,36905.25061077071,12836227.325161695
1704330900,36898.034329440736,36920.20307588595,36839.27880148944,36861.60518427979,20044916.405361626
1704331200,36866.460357243,36892.99022483471,36835.51233780027,36871.08904502662,30931312.569996364
1704331500,36877.70998875744,36922.182563219554,36844.204521028194,36867.21458496263,31544620.26523776
1704331800,36872.71357654616,36898.606804910014,36828.22462401171,36860.46857946268,13552714.70095633
1704332100,36861.36303559871,36899.80605916152,36851.94997564326,36854.038037633465,24229533.695177995
1704332400,36853.012802598845,36874.89862852782,36820.37257155936,36841.460942510814,15027996.919701073
1704332700,36838.99774915889,36847.17570970044,36812.4591352703,36823.47809625574,40348560.39263386
1704333000,36843.21869258937,36864.30418012564,36805.76079713533,36864.30418012564,27847568.36903878
1704333300,36830.225955545895,36852.76932998673,36795.55293480679,36796.42063581571,14847793.497230016
1704333600,36827.01414441014,36868.390768805264,36798.98764433438,36838.12173867226,28962117.168796252
1704333900,36821.98521489892,36852.59127462214,36786.42811006824,36799.80050979058,15329617.808806678
1704334200,36815.76642473378,36838.93096271288,36797.55911394944,36833.95553775063,34155075.33817273
1704334500,36821.0525018947,36852.2169544917,36779.423375653605,36823.93608277275,33315575.740803394
1704334800,36815.5437194507,36835.168151535,36779.22365544143,36835.168151535,14413138.21651169
1704335100,36819.16723438688,36858.70645490923,36809.48847348514,36828.21773869472,30887775.44740054
1704335400,36822.08419901878,36842.90629585422,36779.10912360066,36842.90629585422,37683113.80412484
1704335700,36826.84654023026,36879.73038289797,36758.63600580148,36807.946399028726,24856578.36423059
1704336000,36808.4318512522,36823.61229196854,36780.60739168828,36822.3027574773,14536376.638147011
1704336300,36811.080968074886,36850.77343385774,36786.34367234117,36813.86670875233,14197223.729506068
1704336600,36813.9302106778,36832.40284368629,36745.30674281405,36786.35245723563,48067155.05594186
1704336900,36774.36029370919,36791.64811888165,36704.65165002381,36728.28440626901,20481651.38042231
1704337200,36751.79593905672,36763.9209549701,36686.116633318765,36734.395951650586,43254045.76522502
1704337500,36719.21834670957,36747.54806626023,36689.06017576981,36721.95478534707,24319738.379085377
1704337800,36724.91217163143,36762.12566154793,36709.50629073709,36756.361602836114,20986542.342982415
1704338100,36751.51872673756,36801.50678747205,36738.31179211883,36782.416495445184,20335949.832180683
1704338400,36797.6585767856,36834.72789524227,36772.28847829475,36783.84865640917,15370623.844070386
1704338700,36772.87749853977,36782.61692789452,36726.401029270215,36737.03522749254,28501175.624967054
1704339000,36734.41690503008,36762.94140364801,36703.05255170616,36718.27456206377,34537243.462366395
1704339300,36739.19429536762,36760.44822209556,36702.84724331164,36710.377822007846,48877738.388272695
1704339600,36724.13822645375,36771.50643754718,36701.94009867799,36771.50643754718,21425914.89294499
1704339900,36744.792443530685,36756.54056705784,36712.83539347508,36739.156250421824,8845549.523762167
1704340200,36720.93778758135,36780.10693949685,36689.691401788026,36747.311730704896,21985791.860528775
1704340500,36744.68624507045,36767.92727030106,36723.419243411496,36755.26091072072,21717926.712950412
1704340800,36725.34674796679,36757.5517654462,36695.4022527477,36722.666271364826,15236458.996037817
1704341100,36714.7907278448,36746.7521720826,36695.7490842419,36721.13023834159,26135714.26448652
1704341400,36725.10612489039,36785.28796719488,36681.74991366913,36746.1370986332,16495134.233676381
1704341700,36751.02223622181,36794.62263196157,36708.31518012076,36794.62263196157,37196107.17444786
1704342000,36778.78270349981,36806.21663040702,36746.80150938576,36774.09775312208,11769325.417407922
1704342300,36779.9553164732,36798.4264347931,36756.15654316016,36775.64106697724,24802771.021891784
1704342600,36779.40066521085,36789.44782552897,36740.9879578793,36772.15286874462,19702707.23870652
1704342900,36770.89081225917,36799.27337509935,36735.96980516378,36779.706696722,16719719.845691098
1704343200,36778.6443158869,36804.93378459296,36745.67568447516,36773.19139325032,8724344.341654722
1704343500,36784.91022222269,36825.09846314298,36753.23614332546,36794.2329346276,15752875.778501907
1704343800,36787.577110275575,36812.49372417429,36760.26549959512,36767.36998316908,38807345.108831815
1704344100,36781.40973124231,36812.43452023472,36746.55876216753,36781.27187542333,13631438.70454484
1704344400,36777.97534652485,36798.42628431584,36766.597206306375,36798.42628431584,15517601.425854806
1704344700,36780.90350749387,36820.90775664974,36763.40736524492,36800.49319743532,24293732.9670851
1704345000,36783.67876763728,36831.26777508513,36734.630610043736,36756.96181531169,27763622.235373363
1704345300,36741.38006287071,36776.917578141416,36700.31494699072,36742.00113664978,14567062.42176987
1704345600,36755.42985721339,36809.2430655504,36722.527654459926,36741.46217574275,8424359.061712181
1704345900,36755.60098535688,36797.02952909064,36748.99838381404,36784.64145539178,30341666.68293541
1704346200,36784.92673201788,36812.76220365401,36775.08045006071,36804.40094977075,18551919.282546476
1704346500,36796.81304306215,36805.09843608135,36753.88896948301,36787.70648642288,67029569.19497411
1704346800,36775.14134584215,36804.72960444466,36745.27067747357,36772.60156461621,25309521.74859201
1704347100,36770.225646191975,36788.15341980116,36722.00105082269,36782.26457401413,29650819.01439657
1704347400,36776.64873824046,36809.54199785071,36752.36323453507,36791.16806958377,21397118.55579416
1704347700,36801.18329821364,36836.10534759452,36782.1810394388,36815.241782829886,26067757.272131983
1704348000,36822.02676803639,36860.13669280306,36775.30763782965,36821.73216467287,16168946.165085625
1704348300,36829.87686819652,36857.44634307095,36797.81304941596,36849.143308344006,29831207.541336242
1704348600,36850.22154375127,36876.80528794596,36822.05394736519,36853.04389578449,13423548.80709771
1704348900,36850.13947614809,36892.639272172135,36816.281515190654,36874.34462710329,14386322.871159535
1704349200,36870.8870596077,36907.30438773195,36852.5907662525,36899.2741848894,17074867.228241302
1704349500,36883.31715290256,36928.34378323666,36864.51200494333,36910.67383366677,19443621.476478584
1704349800,36887.62414566403,36898.71566864127,36836.89939470555,36864.65549549693,18112874.18948502
1704350100,36886.235680605925,36907.653002865096,36852.43145041907,36905.753398825735,30932760.205333788
1704350400,36892.33940493484,36905.97666843072,36863.01970116624,36893.11686030689,15913091.571457276
1704350700,36888.82999166483,36906.3293106721,36857.66488968713,36895.448125395626,23959828.400530137
1704351000,36894.636710488376,36925.7781359285,36882.27066854018,36886.82402678435,17777142.77315871
1704351300,36891.30803979419,36937.29658308631,36867.63296678612,36898.83418614253,22897265.088571
1704351600,36904.34408699193,36922.13884560996,36877.65679031853,36877.65679031853,23245680.352465637
1704351900,36884.99284191159,36929.595113143536,36867.39405868379,36890.098751015794,24554591.137996
1704352200,36878.79397593042,36918.90147021831,36846.95280423045,36895.3436390102,22208697.082712207
1704352500,36883.29473408633,36906.49906651492,36847.860059671446,36859.60609205333,13400946.168696716
1704352800,36854.83410371062,36900.98822344156,36838.32558975519,36855.49572174388,26325534.22893829
1704353100,36861.89796628778,36890.858338181206,36842.71197099202,36842.71197099202,41461950.79371368
1704353400,36842.59321193219,36847.46207017876,36804.6689862643,36845.60639521974,47888711.11121413
1704353700,36837.33656445913,36876.90705319887,36829.935630024265,36874.4069149727,25806368.42184191
1704354000,36870.45670657116,36894.89037204253,36817.152563292926,36856.33688646085,19511966.32721489
1704354300,36832.18250945889,36868.59300062533,36812.37610444004,36835.53089463529,57828519.024235085
1704354600,36852.11342550589,36888.98296922933,36833.30393105158,36858.96532441868,37945551.584063485
1704354900,36875.53681773409,36920.58809750881,36832.4006619905,36864.85046509991,63075692.90906259
1704355200,36866.146886074814,36884.76278629516,36808.20598840719,36849.98655898753,20297919.823209975
1704355500,36839.99113052923,36859.37879484494,36805.12999353665,36845.45630219718,10747616.879343435
1704355800,36829.780722104864,36880.655541378255,36775.830245926605,36806.62080613293,33689371.73788525
1704356100,36790.98761163127,36797.2856073919,36753.85604032248,36761.80865997051,32815941.264950603
1704356400,36785.89738922407,36833.81299230126,36747.76490283624,36799.905876748846,25004424.928499974
1704356700,36791.675956475694,36820.75464387807,36754.36793300312,36785.45765827293,15178241.806637052
1704357000,36788.79768748298,36829.3620827569,36761.213868227,36787.69752516377,20548720.36015054
1704357300,36793.015821704015,36844.627232709005,36761.35901146714,36813.753987985394,16336179.917719139
1704357600,36831.81636108542,36850.83970929538,36801.092751485485,36821.3080752494,46797737.61057476
1704357900,36833.349806802886,36870.5575573831,36784.553773177366,36838.444361657406,27659171.862300605
1704358200,36820.87357101576,36867.33266371538,36806.030291163486,36833.0200599694,20520249.804476574
1704358500,36835.33310118429,36867.93766473264,36810.25859136026,36820.55170291067,19334694.779636785
1704358800,36822.46504956421,36884.07543701976,36817.4957674059,36870.87227795237,19684027.4472677
1704359100,36866.11333964708,36937.54096435955,36854.64337459774,36888.83362491506,16677086.439980624
1704359400,36878.74074148094,36923.11250576906,36846.36930258764,36873.68876438414,14851313.680526901
1704359700,36848.52500823377,36875.73358334895,36821.07007947198,36851.63236483861,10622068.99972823
1704360000,36832.12349479896,36855.834405015885,36787.0181549967,36847.25911039138,9742326.062534139
1704360300,36843.46165590392,36876.25163994198,36815.884351526,36868.89421805406,49346804.47114092
1704360600,36866.89758034142,36916.79444597666,36849.19517622644,36893.48250635835,24801683.211037695
1704360900,36888.10403358495,36916.73245334122,36862.35841766169,36893.76309202028,32507832.09411705
1704361200,36886.958333943934,36905.84849191572,36822.42525637361,36861.88237341353,6617828.524857459
1704361500,36866.654564502816,36875.20855342576,36819.61188619636,36875.20855342576,22664217.306507993
1704361800,36859.44175324921,36874.04796534399,36812.91736312888,36870.97995560137,11443814.226324383
1704362100,36864.48393353421,36893.40654678859,36827.12952313552,36846.79457138007,44801042.38034308
1704362400,36867.88548316482,36876.92716348445,36806.11495474413,36855.45059045408,28879283.104271263
1704362700,36843.73272980911,36864.23060048968,36821.895930713246,36829.585529597935,46662189.152147464
1704363000,36838.21204293275,36842.992784840666,36794.01967334273,36818.85018543332,58344016.922968626
1704363300,36826.89857798844,36892.22627469107,36797.091315113954,36845.82720816507,19710389.885561507
1704363600,36846.05590113237,36871.40538002486,36812.55786613204,36860.72776511542,24803999.416166563
1704363900,36861.42062789884,36898.12287476621,36808.60879956621,36874.67261083777,22312405.802630834
1704364200,36867.88068491211,36887.50454799805,36826.38675845826,36883.83201115036,33579983.57853283
1704364500,36879.74750208132,36899.16429608337,36843.996756499946,36858.54999267742,17971811.017237138
1704364800,36862.35377295951,36892.09727070796,36832.83468811284,36839.09953093188,14006773.658593815
1704365100,36853.2935731989,36892.68698684351,36823.67651378653,36842.74269531858,30452879.12681218
1704365400,36834.74135674143,36854.77386996408,36797.18383569666,36826.56762894738,16391114.361508392
1704365700,36821.99058279169,36862.659443998906,36791.55738989311,36808.29862663036,15583019.072777793
1704366000,36808.17395786913,36833.1182253433,36757.28481791938,36804.256234103486,20890881.560145803
1704366300,36787.98818997771,36812.43550995817,36771.434316939776,36781.02962716531,23895035.02991179
1704366600,36804.040841763584,36832.73274366403,36748.53936062624,36800.3175224976,11966909.451429855
1704366900,36818.68166558901,36853.30853029675,36782.33585381938,36801.20153300268,16003179.968312863
1704367200,36806.42896762227,36865.72667117099,36779.1878498274,36779.1878498274,16803171.96248138
1704367500,36800.60773129288,36837.12003995631,36771.28316980589,36798.48458059092,17558317.477621876
1704367800,36792.10631066323,36820.27325023326,36753.74112805136,36801.55410565096,24878539.09216666
1704368100,36789.10232272469,36817.35730383795,36733.36470580327,36766.18096906988,27621992.645328235
1704368400,36766.69470583505,36785.71315251236,36727.16890527354,36776.892548636446,44495807.53805187
1704368700,36767.75670167707,36788.421854324486,36753.99169606646,36774.754494764486,12304060.57012369
1704369000,36765.13470909768,36815.34577220689,36750.7379255837,36784.85970157568,25371356.03851172
1704369300,36793.59168655326,36849.524195378726,36782.15541909084,36830.30310795997,15706323.859660655
1704369600,36818.80754862652,36825.64049026467,36758.319878139446,36779.57598558218,61418644.04616398
1704369900,36803.34505731843,36836.344242375126,36767.21899898556,36830.34473630996,45413495.246845864
1704370200,36810.15782021694,36832.21826447856,36762.601077341365,36773.9355003872,46820794.79553885
1704370500,36798.5728961028,36820.679700778455,36749.50410779663,36767.08846678057,20122915.76884114
1704370800,36777.09389968168,36797.25792025509,36736.97448298304,36793.956900227095,11216148.736193154
1704371100,36788.5219754897,36820.3221657265,36762.45320555953,36777.8076785884,36778164.671693414
1704371400,36779.60184647562,36818.63858166399,36748.105943245406,36815.40740665977,21112864.367808986
1704371700,36801.679164927285,36859.51860707184,36770.65851789165,36783.19311079112,19507543.34150543
1704372000,36809.44090857023,36829.36917400808,36788.420132815954,36806.61890495908,51546103.81160193
1704372300,36784.12090757778,36851.48113109873,36769.65042497914,36813.66686623737,16233879.310952272
1704372600,36816.54011360488,36846.686428143694,36779.924382526704,36843.68393556651,35296393.307879366
1704372900,36817.23295214549,36854.21115165361,36762.15629521909,36809.538769436505,41089096.87972539
1704373200,36789.71147268762,36809.28607391422,36745.82469034533,36785.08873060264,57406963.156358704
1704373500,36763.12681956142,36772.61590133422,36709.32093904893,36724.13751542055,24630900.465361588
1704373800,36719.13803125606,36773.00945299705,36681.59003968842,36744.095089912014,29206276.982402474
1704374100,36761.28550053129,36803.97213622482,36741.604981927405,36754.29689080265,26716423.82217224
1704374400,36773.36349566496,36815.43775424571,36750.8806678004,36805.98967813078,13068626.037025472
1704374700,36784.95523161261,36811.021705837215,36760.1249376599,36770.81126682637,32206732.29576836
1704375000,36774.87166119261,36813.98953020981,36747.40724378076,36795.580931627424,19626070.704333484
1704375300,36796.17855706536,36834.29273045976,36774.86747428214,36801.03137687781,57201923.10512308
1704375600,36819.38959940495,36852.35302131195,36796.38234914154,36817.88161680615,14838129.08772743
1704375900,36829.05645761394,36861.28053773813,36790.02301853796,36794.39538505052,16375158.469951322
1704376200,36801.49087349522,36812.04278142339,36761.82013260139,36778.49046563456,30544173.958049048
1704376500,36779.85183963463,36798.43156380853,36746.27590572242,36774.46403693272,26555261.679595433
1704376800,36786.44669175133,36798.44371043613,36776.95958859982,36784.8481775866,12496770.735263273
1704377100,36781.178793073,36800.86899340537,36736.42717227241,36768.1733223221,22326892.064160854
1704377400,36783.75112203193,36831.13032595633,36747.88448724001,36787.72580316952,33029456.630278535
1704377700,36782.83784052889,36816.73241382904,36766.81948568352,36810.37856945572,31846161.697122376
1704378000,36804.29974785968,36839.03739930456,36759.83873242435,36780.45811389061,52898203.695577376
1704378300,36768.22053483595,36787.08547685608,36731.90355144816,36747.74044763949,16207394.030718312
1704378600,36749.0581089599,36781.82940870479,36732.7684473512,36739.38465489554,22764009.763401918
1704378900,36739.0854801385,36771.762264771874,36721.73588216787,36721.73588216787,35768512.6338898
1704379200,36739.76049483712,36742.87398586179,36705.70081309414,36741.84238776295,14595657.604602184
1704379500,36744.899541442814,36762.80695701671,36723.86366321061,36734.03392377008,10925663.71416126
1704379800,36732.56100437175,36764.77004266344,36692.2880500808,36716.29667421144,28407034.38735236
1704380100,36740.29146651129,36769.07410564552,36692.62987816328,36714.82483200792,20770693.582395855
1704380400,36749.00542127517,36759.16176457603,36697.91379792614,36719.519426637686,17017601.923032057
1704380700,36733.82920382127,36800.03785483147,36716.42225741282,36738.66876906331,24545108.41876082
1704381000,36769.83053406598,36785.25022173025,36731.37702647759,36741.72936559425,17295630.3099992
1704381300,36748.74831603428,36801.47531080029,36709.0508544428,36748.73815049586,21315444.379634228
1704381600,36739.442443319655,36787.98258516997,36724.16583774156,36738.83264523262,23595021.198246416
1704381900,36741.13590976831,36768.458089723565,36679.9164407963,36728.0174272404,20382655.462604597
1704382200,36742.235618694576,36776.947486684,36723.71136485964,36728.65213416714,38672070.28576086
1704382500,36725.94618634521,36739.03360807802,36696.585052432725,36701.42880378994,18493380.15258942
1704382800,36698.28209373243,36719.3686701561,36656.04636277924,36707.17801655834,21910037.38106221
1704383100,36698.50192618631,36740.46525260843,36690.65841209831,36713.24343569158,19954200.55241549
1704383400,36725.38990063884,36743.15198132606,36690.65514266104,36730.1716338254,31261403.399415374
1704383700,36733.95847996286,36757.88670106804,36712.46602243951,36739.93375532667,28829166.526738323
1704384000,36736.45198393983,36772.75868476362,36710.384993058906,36733.192355962194,27373147.520990513
1704384300,36732.4104484378,36756.535303089855,36709.90461307345,36750.52015153594,49331011.37436913
1704384600,36752.18135381343,36790.913795466506,36727.36375617003,36733.94418872813,11361983.801461495
1704384900,36732.44729277873,36784.884808882685,36705.39914682576,36744.53195100478,32454866.395338003
1704385200,36758.94926162353,36790.14774255263,36715.91967877492,36734.53898953678,14537926.324486049
1704385500,36762.44764733887,36778.08706025815,36724.04240578669,36770.92170020599,22919468.612187088
1704385800,36745.83852923175,36776.96808743919,36723.53435178703,36761.39977450574,46534409.754318096
1704386100,36756.40938927673,36793.68662153359,36724.253156376704,36783.35556371056,19503873.118753746
1704386400,36762.69877122069,36783.57106512508,36742.63690266358,36751.9341468173,34079663.62875206
1704386700,36762.65299950255,36785.93743913982,36734.93423118851,36754.05141765476,22116123.152349614
1704387000,36771.99397187771,36794.65645449104,36745.72331700609,36760.346547469286,15861668.918615011
1704387300,36741.32023884224,36783.298722707696,36709.3885771196,36751.26479556161,37534206.52429556
1704387600,36749.87837513125,36786.53019127209,36715.46811112641,36738.76139524038,22489300.317095824
1704387900,36744.98796743341,36788.449083251966,36728.682598866304,36765.116988632384,24468503.59725804
1704388200,36740.038151848166,36772.854912333845,36712.601129341245,36736.21733950135,23568720.137733288
1704388500,36738.29704309128,36786.72143731528,36715.930520433074,36774.67976079394,18186536.36175642
1704388800,36776.67910396081,36802.39169349778,36739.48617992355,36748.49927376457,27876167.637014154
1704389100,36759.746030281385,36808.30885665941,36756.86991453358,36780.76494782998,17998643.92257006
1704389400,36770.05317275575,36806.20557676921,36743.67890398518,36753.60178978486,18531382.73787406
1704389700,36759.47892601189,36794.85382085399,36738.73013125799,36763.8074307349,18188780.578132868
1704390000,36768.87561211638,36780.88780665935,36713.26480146547,36756.74345150807,40414604.16643201
1704390300,36738.38867670136,36772.91703309395,36678.40583011395,36726.33124764304,46771597.12026439
1704390600,36733.98821800182,36754.421893701816,36710.72982095379,36753.61632686108,16345100.202431591
1704390900,36757.73922696032,36811.83428393565,36740.14631536878,36791.946040169874,14275951.23987561
1704391200,36798.059767664425,36821.86968950288,36756.87584446956,36789.79904928853,60292163.076303005
1704391500,36802.88558900066,36819.89053856324,36755.42708321079,36764.94746959028,27862994.535803623
1704391800,36783.33789554891,36794.71684283687,36720.90615972841,36772.21222484803,31222008.84188833
1704392100,36763.60632496196,36785.076827014906,36727.031531072666,36749.75473898973,55061741.750433944
1704392400,36757.73943325588,36780.55029334337,36710.5646276861,36765.8966389425,27614815.020111553
1704392700,36761.55569800423,36787.03270782036,36737.2718903239,36777.54756272573,32718233.138347127
1704393000,36776.24678973696,36812.32596478943,36756.87208300299,36811.000388686814,20297531.975422762
1704393300,36789.80555577496,36824.8713684303,36773.84872756342,36787.57227750724,19362573.434746142
1704393600,36791.122396504325,36856.88333663131,36781.55987769596,36829.761625397485,20881134.340003014
1704393900,36835.65493406971,36870.63133977733,36823.31898286035,36849.34032627659,24912714.22207755
1704394200,36863.374289520136,36899.36404596762,36855.20931012557,36860.79653932762,34269551.60004769
1704394500,36872.7074766583,36893.21117973352,36848.622831959095,36876.30395427189,42527994.19586198
1704394800,36870.7311423288,36883.31651973871,36846.65235148316,36849.27469996277,60598610.06391832
1704395100,36860.12319990588,36889.91554118228,36841.1397847462,36843.79802213596,16172426.770600853
1704395400,36863.61755301862,36887.45708365937,36846.98072083608,36857.36986722221,20739414.59931603
1704395700,36864.066094170725,36899.71166522332,36852.75532648202,36895.57158498266,23287488.398414206
1704396000,36879.18689665651,36895.233192703294,36834.95228082418,36869.9642192627,20667873.90933334
1704396300,36869.61667188203,36894.7055677202,36818.76082381724,36822.18591320739,17722547.41605883
1704396600,36833.30345109828,36874.17808780672,36800.80475153602,36828.64047334421,23796395.02273696
1704396900,36820.72605266597,36838.6676825436,36779.7078704955,36821.47236285435,39445513.13133982
1704397200,36819.23468410005,36844.04470685793,36776.15433217112,36829.66785078487,18895780.432030547
1704397500,36815.041541403785,36848.791833840456,36774.579528003895,36795.51662329452,15484896.571552176
1704397800,36799.11073226278,36827.54023818532,36776.15943829253,36820.10537549874,39420846.64960665
1704398100,36818.01645663802,36857.3715250578,36769.66864949409,36839.17487019986,20888743.65648929
1704398400,36817.55218761394,36874.52533166275,36779.110106812106,36818.79307234452,25802910.893210843
1704398700,36819.39058589477,36868.1764630936,36804.6674716832,36815.90782346376,23659463.21433838
1704399000,36837.61330344243,36857.1827387552,36803.98634433026,36843.64611038098,29728933.85256457
1704399300,36826.47249320684,36846.425398965504,36800.22507696496,36826.804804890366,14351908.954064965
1704399600,36812.89209571343,36839.811044213246,36782.67048866362,36813.93382278272,42663637.29946399
1704399900,36824.38087583307,36857.47056992092,36794.73834436733,36804.33588515807,11004808.811916705
1704400200,36827.46149032604,36847.08729230776,36795.32250991512,36811.48862728628,15904502.368052304
1704400500,36829.05010078969,36845.19293633418,36786.48128283403,36797.04742790747,32697630.00622738
1704400800,36819.23226765675,36833.73481312007,36776.26645151599,36802.94890337164,8509439.401692102
1704401100,36791.44040044101,36813.1684689995,36763.344799977865,36779.67748190292,32700417.343904436
1704401400,36792.653366877465,36825.5503954905,36776.78707801356,36789.72368936961,16375287.58141952
1704401700,36790.02280075144,36809.9787313381,36753.24744838584,36761.52821121336,16389692.371123545
1704402000,36788.83604664715,36825.80882530131,36756.04903840896,36808.86399582292,12951873.990078663
1704402300,36799.95600794096,36822.2364334387,36767.63672996956,36790.46078051088,79882794.31335747
1704402600,36777.971262104686,36809.91891400955,36757.55335821257,36791.626842803,5796537.209462507
1704402900,36777.22163387292,36817.36252635513,36754.53627173331,36769.5615460792,85720082.49751331
1704403200,36772.06970905266,36801.98150272041,36746.31732359275,36794.21687059347,71055368.1435752
1704403500,36793.12024099334,36808.03718610109,36735.95570796957,36748.35463750472,17388071.16886905
1704403800,36755.30465508536,36768.37381479657,36705.03907793746,36759.02293556333,22119228.977237325
1704404100,36765.536446589496,36807.087192015046,36748.68908510912,36759.55586235724,49101826.52632826
1704404400,36760.32926158019,36775.43132961167,36722.91973780331,36733.65991763875,13710059.565670379
1704404700,36747.38526444386,36770.2140549343,36706.024113722255,36706.024113722255,42809170.3282553
1704405000,36721.91109485528,36755.39025538723,36664.56516797264,36697.35173535115,30573564.14560354
1704405300,36700.35378617835,36713.87200886088,36669.22392606166,36674.64642360585,21224487.499939576
1704405600,36681.22861626292,36731.56118313336,36643.11061567888,36684.67244676161,57200040.686770864
1704405900,36690.44486493532,36711.30365701628,36664.29143453218,36703.01384903157,11010206.884261997
1704406200,36690.27010684016,36729.19034032381,36657.28575124671,36699.13432488136,27573353.423526026
1704406500,36684.05794312717,36708.322578348976,36646.07645847384,36678.41358265289,13450085.120764086
1704406800,36700.508169127366,36713.48486789795,36662.25061280109,36693.77389540464,21048593.46165063
1704407100,36693.13794625825,36720.43861887467,36658.81847223745,36664.598291253504,44363007.87093643
1704407400,36689.61605515448,36718.0965738156,36680.45881912598,36710.00640851742,12083652.50621412
1704407700,36706.12507636631,36746.14290481989,36667.21434739293,36679.58164835505,19601911.267186426
1704408000,36682.3384035206,36701.88146039734,36645.29895614526,36692.68834615895,20322755.575786423
1704408300,36680.402829857696,36716.5988819912,36644.50626725965,36696.62102871368,22562682.331843443
1704408600,36694.84885826535,36733.351714115866,36674.35342007134,36698.225754048304,28987720.616872944
1704408900,36697.830997911085,36718.43831770596,36660.84761387099,36704.64524748221,17570573.38605287
1704409200,36698.212637643104,36725.77742089009,36652.73095423021,36669.79992449125,25054784.865118943
1704409500,36681.465566899366,36719.95894390359,36657.73278034807,36689.42830512933,7154292.762723879
1704409800,36681.58948341647,36725.52114983302,36650.0114982091,36699.85844860137,44154311.68321943
1704410100,36683.34480387641,36707.02431519257,36633.70845261864,36674.78534643781,23341540.88578353
1704410400,36686.988033680704,36723.59741475394,36643.88894617104,36679.44454068297,24445166.132254466
1704410700,36685.32908246863,36699.76419173699,36637.80400261215,36682.58110948388,20222629.154233247
1704411000,36680.68983045324,36703.78836311844,36653.48712471204,36659.9733039104,20506283.282283206
1704411300,36665.65627455752,36691.4291720266,36651.61533596943,36667.219843553736,23226648.238523163
1704411600,36672.08139302019,36703.97816656832,36649.59627900949,36670.23772235404,22150332.84612889
1704411900,36674.93708574293,36704.78515759336,36622.622315704015,36645.58672296395,18301556.98968341
1704412200,36626.52893697239,36672.37916097671,36599.34350740026,36632.49311034289,12381721.11001576
1704412500,36619.46511123229,36635.63942392698,36568.1214714648,36599.05920891106,16310735.726905193
1704412800,36613.28564334628,36660.72030791685,36597.33666842054,36647.716745417565,15986159.361742742
1704413100,36651.89245204066,36697.75412490157,36629.88021310098,36655.42206174818,33934139.01793108
1704413400,36658.854230382334,36683.06645530651,36630.4752465256,36683.06645530651,29915836.13557326
1704413700,36664.88401834248,36686.637318369685,36644.67396515109,36678.00199130957,12974839.401783027
1704414000,36666.02182858258,36712.799747229816,36638.01943052635,36699.221293003815,17068429.456720307
1704414300,36690.56880792719,36714.49255757129,36670.15430900053,36711.08409850966,21928809.175991666
1704414600,36702.20526123104,36715.07103449932,36656.32212617045,36673.66849908938,40934146.385586426
1704414900,36676.74865598402,36698.87519965901,36646.24782152,36665.912555832365,59847612.01444542
1704415200,36680.10333962704,36712.71116297308,36632.228440568266,36672.41863210582,10803579.444277633
1704415500,36674.9977672207,36710.35232950459,36642.55516599188,36683.19114222637,17466029.13972874
1704415800,36656.806519869366,36675.05317892013,36580.53874761603,36612.187633400834,75546603.16239256
1704416100,36624.1507371865,36672.82144807165,36594.62919628844,36617.88060909818,64208120.548785225
1704416400,36622.35433688812,36640.39869130531,36590.79532706849,36620.05493654148,35621280.40921698
1704416700,36609.82377023197,36619.4068520859,36565.92367920568,36608.76910409617,9520660.000489065
1704417000,36610.444737187456,36622.95784015328,36569.28332102627,36607.92650608975,23650705.43170659
1704417300,36603.85769783587,36635.30568964209,36581.92794181223,36586.13952509951,17164910.650652282
1704417600,36590.685797773214,36622.53691566216,36565.19299468314,36583.33888101698,18101317.06632868
1704417900,36557.49931867311,36586.59206862042,36521.901088561724,36548.05203765422,26160664.28834054
1704418200,36545.376475470286,36584.07729576903,36536.438492410125,36554.21027420472,19652051.06276736
1704418500,36555.09517221313,36578.74918090242,36470.50855724081,36508.06885161431,25646498.79817691
1704418800,36525.3934467661,36546.47499166802,36487.48900415252,36506.79324795416,33598738.069780625
1704419100,36506.01153581479,36541.071407118405,36484.73491918931,36512.80701371816,15007021.137207927
1704419400,36524.71720310128,36571.25949978449,36504.417899369095,36568.34959032942,108850873.29632561
1704419700,36549.25559361751,36570.51865479692,36520.732885570585,36552.71545783724,16537500.980508607
1704420000,36562.35854689236,36592.729445462726,36536.68092292838,36592.729445462726,24904242.388003834
1704420300,36565.33700281492,36606.85258717126,36548.10161164141,36550.83752533209,25457950.012721866
1704420600,36561.12557036508,36594.18046658974,36540.52187401179,36550.89298535748,30984210.88904085
1704420900,36542.56272957695,36568.561755153554,36526.05598261436,36552.985633984616,50087318.584137775
1704421200,36538.65551899048,36547.09018120108,36498.887501906414,36523.17565214522,13503668.489601074
1704421500,36529.19807362445,36535.992742100905,36489.68538028858,36511.96072639559,12250734.33448099
1704421800,36510.25830840278,36537.20230717678,36471.11509156744,36479.423905427495,7366286.679086718
1704422100,36484.75156029898,36536.37784029247,36457.60312094268,36478.80830156734,28109606.00924632
1704422400,36503.89290484611,36569.053678032666,36475.45193634634,36535.94883656397,18096870.026646085
1704422700,36521.46725988973,36552.0066018143,36496.8320402102,36530.11656143135,44179487.264930844
1704423000,36535.61389257673,36565.01773081104,36518.87411987536,36533.58433209547,19564296.359696925
1704423300,36562.41660582459,36580.24656146488,36542.39154854175,36553.36885996438,12001367.067288144
1704423600,36559.8927898731,36608.17568618876,36540.97324935417,36579.35782951217,28176306.89637094
1704423900,36574.28456737011,36603.43680509216,36541.90136707664,36548.66163320962,36779299.010926045
1704424200,36568.678873932135,36617.52118213476,36528.90928216911,36569.46093996489,16303305.216065861
1704424500,36563.89947077196,36582.19052147535,36537.40656829083,36562.37193546391,15620564.166785553
1704424800,36543.10981927308,36574.036288882606,36533.9646455293,36548.02091897646,33866942.03799195
1704425100,36547.31261777735,36576.49328653939,36522.26547739354,36533.60628872752,25635951.673981145
1704425400,36547.59313328885,36580.89545001447,36525.29023708429,36570.4278391,24255193.71383556
1704425700,36565.01593709381,36593.13605316418,36511.526322456855,36564.35786249056,34221678.780879766
1704426000,36559.47471670063,36581.77634381517,36521.61441454884,36568.82307834416,12069220.407533929
1704426300,36554.39807311856,36583.06966942973,36529.83586603711,36551.9615212098,34242693.33408543
1704426600,36554.16401290795,36582.41725172303,36523.87165408236,36542.25644334708,17580057.504784286
1704426900,36533.691683549085,36552.933889562,36489.47783774184,36511.14711406344,37605184.31842594
1704427200,36528.24536450357,36556.7873130338,36487.24936506312,36550.36410355929,20677104.095690403
1704427500,36545.76923627979,36600.68936740164,36500.43667527803,36531.91289326067,34472154.21649881
1704427800,36536.28590441635,36576.54348721563,36517.49104123506,36566.23144172695,23103536.38756807
1704428100,36532.80867838142,36564.30120408663,36523.94772520313,36556.19800768864,13172853.605634127
1704428400,36531.44525348191,36572.35535553338,36518.0025197411,36540.478237559786,37959760.17435518
1704428700,36543.32559089333,36563.59989246113,36491.14334299488,36497.941022810286,18463652.568917863
1704429000,36510.36151482067,36543.30773432028,36469.80180104253,36486.38876835809,52601308.66730118
1704429300,36493.30349939296,36514.64417059861,36471.94060792447,36479.75420127347,31075262.406973545
1704429600,36492.55938043268,36509.74146007757,36450.12789020963,36476.10808157594,13815654.52176148
1704429900,36492.98721664678,36525.35686645823,36461.86535160051,36522.16286909379,14376037.957924047
1704430200,36497.53411795966,36539.40569729129,36465.21682936908,36502.4293364141,9639569.74079717
1704430500,36528.83568732749,36565.70552225778,36509.39383033633,36518.151746372845,33423321.97375661
1704430800,36531.06939585292,36570.6209903434,36491.31480951436,36516.93033690964,15893994.135255657
1704431100,36504.36671454032,36524.30388877997,36473.66744702805,36511.88043842958,27202887.677075632
1704431400,36518.553620676685,36539.8772689549,36485.12695423975,36497.46397982796,23539223.679263607
1704431700,36488.43770202385,36504.59555386808,36443.05875408873,36454.73725196983,16171481.591881588
1704432000,36464.54484900325,36505.65402547526,36455.39462299502,36463.19184107131,21249617.597413436
1704432300,36465.11657628448,36500.5385960126,36440.43328048804,36476.33496823614,46257360.48218679
1704432600,36464.96593454445,36501.58777184673,36450.69408530643,36501.58777184673,66472111.70606298
1704432900,36468.41626696704,36496.78919061635,36423.46137089829,36460.38342078136,35120903.70816846
1704433200,36453.02098682437,36499.10453787664,36415.32513476772,36469.550426486574,20842435.72441704
1704433500,36453.59882546503,36468.11785663726,36413.76224593141,36462.65864408285,36682567.834652066
1704433800,36465.9206054569,36485.54071875408,36433.93667922199,36465.10092981766,29671527.66002619
1704434100,36483.93022677009,36521.07520054256,36473.70916233129,36519.03925127921,60784015.46278549
1704434400,36524.94313307523,36566.6405092448,36500.3236759177,36556.31472102536,24558946.149463225
1704434700,36555.56955804977,36577.90037180513,36519.970154082206,36560.07800512216,27024662.664128788
1704435000,36570.78166664533,36600.95858392599,36528.65941062981,36570.50573424718,19136177.59700771
1704435300,36584.654689192,36604.272036579474,36561.31056063683,36592.828058028615,12244676.878655815
1704435600,36579.20809078139,36603.03528801175,36546.89237587724,36547.485179228745,36468572.87206485
1704435900,36564.717569379696,36596.63121102838,36549.87380344167,36579.6845981007,32238045.57191551
1704436200,36572.68520694562,36594.7419903469,36530.66395803166,36544.64245043224,48942541.74159361
1704436500,36552.023789650346,36577.05162708376,36513.4008146509,36542.772484296685,22130590.507957462
1704436800,36546.50486391232,36597.93274710944,36517.076464546844,36597.93274710944,28727159.405930363
1704437100,36576.506240697134,36595.45640545859,36531.76507926568,36548.85628730234,47342755.367501006
1704437400,36571.91668816208,36605.60580236695,36559.26877540996,36585.25397598624,20838062.27137965
1704437700,36566.77200954694,36592.959662042005,36547.13001080105,36592.959662042005,38716855.79985665
1704438000,36579.92949026685,36595.53081092207,36540.0666027823,36574.57795735951,22526387.732192803
1704438300,36567.406377772335,36591.2735085957,36547.948899350944,36559.70482182057,18565322.809390374
1704438600,36550.97352516311,36576.409992763285,36493.91058805415,36539.666044241545,15538305.791318592
1704438900,36553.46333705479,36576.976192775626,36519.62730626402,36541.729400382166,21280285.55708539
1704439200,36552.47979647189,36590.14016476781,36515.032946517145,36533.38896271306,12952468.531108731
1704439500,36528.98208567475,36555.371967765306,36517.32688353328,36535.41456995212,13062454.322484402
1704439800,36539.81743133419,36584.03332810961,36500.78174466522,36546.85981524257,11024618.371779282
1704440100,36564.42287425984,36583.379761811935,36520.95227414278,36565.41588561763,29265586.515885275
1704440400,36562.48451814317,36574.48199710871,36510.35544749361,36533.46573080043,23405645.337689444
1704440700,36531.10616753152,36568.6052427504,36493.0948044147,36526.58410855696,12589880.91696419
1704441000,36520.15246766405,36552.807359095714,36497.25231082793,36507.85880250059,16960201.789915487
1704441300,36534.35570036077,36540.09258274681,36482.02217528812,36522.74125632178,18156777.20341669
1704441600,36515.45324852263,36518.50043521246,36472.29155845353,36493.47025769284,27004822.460486915
1704441900,36510.00300286802,36535.541122196686,36480.061206915336,36480.061206915336,28468076.517889302
1704442200,36489.71294748312,36538.24627258092,36465.45322743482,36494.428061307735,16325150.123194573
1704442500,36513.12709898267,36553.0199433828,36486.80564949464,36525.53615361698,13840449.479928609
1704442800,36525.90157837632,36545.512351532816,36503.46240482952,36528.17709569886,58562312.56006653
1704443100,36508.718221969146,36528.59945946519,36481.91184565921,36510.18250865045,26824913.228935294
1704443400,36512.15671757895,36551.23859689372,36478.47473690851,36543.8315444729,14183477.512654524
1704443700,36529.660536668496,36545.62501367518,36495.90807152216,36530.31848868673,21747104.868197933
1704444000,36530.62140900228,36555.36273888895,36499.12273687518,36516.61783361471,9600592.793991905
1704444300,36521.47060823972,36559.65673018967,36492.541169813005,36540.04881023568,6817738.982308452
1704444600,36529.614841701965,36560.43104568981,36492.69867549679,36523.01715716025,31000742.88897704
1704444900,36522.42733670068,36564.08937849771,36495.60794236351,36551.14400500772,40908639.50689344
1704445200,36543.89953194173,36583.64741887136,36532.03777699342,36567.85492158098,38841693.88226062
1704445500,36556.84973572045,36571.49345450421,36510.81168546263,36557.08811426943,24798824.64200645
1704445800,36533.93058445102,36556.02641649121,36524.83317056159,36539.557129655645,17714146.89776339
1704446100,36557.156169880094,36566.67706664347,36526.02934998725,36559.779517147945,58983909.96032906
1704446400,36556.10346742879,36570.08033412691,36533.18032238357,36541.65966508962,64014134.79045243
1704446700,36547.80142032947,36579.58367326023,36516.364436593256,36552.91202676371,32794672.745337225
1704447000,36562.98213592799,36568.13145416701,36505.611914685614,36531.36937508934,34411038.80210454
1704447300,36539.92546889805,36578.91635531792,36502.54807363591,36560.69851949963,9947473.944959078
1704447600,36556.50662649958,36583.587164396784,36523.49929542815,36542.74471004825,21531093.123300944
1704447900,36547.48071979435,36601.42043661964,36544.53207721686,36559.23917447707,46249182.17353186
1704448200,36576.86670500743,36589.42831351849,36531.16951451433,36559.4797333836,19691245.991582856
1704448500,36553.04878277397,36580.22019745831,36479.99912878507,36531.326796556605,18583511.440729305
1704448800,36531.82207468221,36577.58066591452,36504.58321954032,36548.61355879729,6091030.358290336
1704449100,36547.80741980867,36566.82830061886,36523.34665466683,36543.64746834396,26184075.365919597
1704449400,36554.60906691914,36592.465467948416,36536.33352712511,36536.33352712511,34522470.5672885
1704449700,36555.21056297786,36575.8242875708,36533.28694526203,36541.89078642333,37228082.91857069
1704450000,36551.19279233458,36594.20646068494,36529.43733557816,36557.85857747917,37768042.86934821
1704450300,36558.63140051006,36595.57335859064,36529.119309224014,36570.03953797445,18284859.72808616
1704450600,36552.32990005412,36588.68810741406,36527.68563379,36564.95141106622,16564163.736771643
1704450900,36568.068982794735,36603.13804927251,36531.16844983947,36587.50392288634,24613797.88793919
1704451200,36575.986459532505,36592.51243733745,36559.43831507033,36573.82324590486,15395035.485655323
1704451500,36581.81398575171,36607.9768722133,36553.55445428659,36560.66862044303,41314679.509751454
1704451800,36570.45459788078,36592.11371722525,36500.00000658564,36556.33208677724,24183214.673083548
1704452100,36565.76389843668,36606.61714913532,36540.46522337976,36551.39892972245,41278361.94574314
1704452400,36544.7249506498,36568.18359551569,36515.61728458686,36521.92038470759,24168082.627402864
1704452700,36534.74932167067,36563.08065411183,36501.85898955028,36522.63060281491,19902228.160749573
1704453000,36521.52253864983,36547.82219921039,36502.68871993665,36532.07935239448,71921233.76939246
1704453300,36535.38599800652,36581.69576509976,36516.4818150996,36568.811186557,32286384.699568864
1704453600,36545.51703545296,36564.1220988236,36509.36689814008,36537.70896197335,18212887.849290445
1704453900,36540.78966454422,36555.33757642154,36498.93202588225,36525.8286108394,21312501.257375963
1704454200,36541.4193467889,36554.93266436656,36510.04980362956,36522.91002652754,14533087.084998434
1704454500,36536.90141180226,36566.24478806743,36507.14899322207,36529.719109835554,8610795.402873967
1704454800,36548.58122248336,36576.67193918548,36514.30365492658,36542.75860627514,39180580.81241456
1704455100,36555.6064862819,36578.59947350287,36496.16498350133,36545.443481769405,50317507.42618142
1704455400,36543.31043415388,36608.420047905965,36517.99947960598,36550.78847505193,15921130.430202724
1704455700,36559.79187547856,36604.07136761082,36544.108831170495,36578.676142083896,15063561.870142799
1704456000,36578.15022493276,36611.13211486367,36540.25416814433,36595.762310405225,14450716.730954945
1704456300,36574.23513395349,36576.37734586355,36539.4260585728,36551.84521162753,39059328.2176265
1704456600,36540.046881101465,36571.222057652616,36501.2232339353,36571.222057652616,30213821.461411607
1704456900,36533.43772469185,36593.64586876952,36522.75257737334,36551.77732344742,31969823.973554187
1704457200,36556.033430398405,36600.92489298064,36553.26026054007,36600.92489298064,28428219.715625793
1704457500,36573.91780866856,36615.17902777411,36559.016465304245,36587.48385536632,15269884.227161948
1704457800,36586.69012705928,36631.56762604118,36571.458981151016,36614.72484287564,34701214.878097944
1704458100,36611.65801790931,36632.99623324943,36570.380732752594,36584.44928077114,9931276.035117775
1704458400,36595.381457230666,36654.126107948905,36531.91884206667,36605.3841760216,16334978.984905947
1704458700,36584.55188007528,36625.45887781311,36536.02871130275,36577.65165901687,16768488.190295631
1704459000,36567.100314016505,36605.12029950224,36550.38042920143,36577.35292171737,18714738.66360966
1704459300,36572.90931001458,36601.09472865463,36530.81201657924,36562.273279123496,18170265.65017962
1704459600,36568.40939598909,36604.608950539005,36524.01608320388,36567.722525466896,30008106.222882275
1704459900,36555.26124735967,36579.29023979564,36525.18693424144,36548.85699295435,135840903.637855
1704460200,36543.175624069954,36562.988564223946,36498.38662665847,36517.15999461939,26225121.686529472
1704460500,36522.17607074157,36551.6623045346,36497.77330522024,36524.12656925353,36040654.96662325
1704460800,36535.529803473626,36591.46328486609,36504.10815617664,36565.499672039405,13778418.423928387
1704461100,36567.83070619259,36638.43032595677,36560.967034150526,36597.63809173675,38622069.79478784
1704461400,36585.84918202239,36612.66614152328,36525.705538866365,36555.99537717078,11829577.609192306
1704461700,36569.11607757494,36602.87156623171,36543.45038695328,36576.0134491999,20264660.079039495
1704462000,36553.983737993934,36596.8503448007,36538.43243905795,36590.60387167871,85420767.812788
1704462300,36588.04610103311,36621.28901275266,36561.389894091546,36573.52605486131,22521820.935255412
1704462600,36597.54771237719,36622.57439368094,36579.49467043396,36600.37746950045,8093997.037067493
1704462900,36595.506312659,36654.89608988559,36584.61414530249,36601.54901332808,24063654.278276376
1704463200,36605.72540351561,36644.82393709746,36568.98038468849,36594.89078629585,20476516.061660916
1704463500,36589.32768325058,36622.833905905405,36560.62684247182,36602.98231934232,20960098.907387763
1704463800,36605.9569808925,36643.051615167686,36588.865728150886,36629.55286019254,17351018.447217483
1704464100,36615.74727010683,36667.82678818316,36587.06559477882,36622.77457206509,34390732.45252439
1704464400,36638.40918177475,36700.12589100884,36579.26718899082,36658.40890100105,30594155.113269307
1704464700,36671.74887704248,36702.25282252654,36631.21801755721,36662.66029449878,44885033.86414631
1704465000,36656.11438082789,36683.16046450647,36625.796921346766,36683.16046450647,17931480.67419939
1704465300,36667.61968717662,36699.11239969521,36647.479677374096,36662.20047875553,23101954.64387255
1704465600,36673.62525301168,36699.77163344377,36640.07621422776,36695.54728002959,6222288.52296829
1704465900,36682.845294537045,36718.636374875256,36653.63803287021,36682.14540257272,8193684.357092033
1704466200,36697.35342744453,36723.78205939691,36658.80389771972,36710.04548116392,26110125.571878895
1704466500,36681.46463535922,36725.40607115151,36663.715426363466,36700.51446755581,19012072.204467777
1704466800,36682.068733039945,36723.0914681074,36664.860901698645,36722.1119662118,14341303.312410269
1704467100,36719.30086937596,36741.7192691757,36684.06119071777,36709.158767402594,76497201.51544982
1704467400,36702.76362439992,36731.52336415229,36673.61761204035,36721.70927629956,44292868.07175617
1704467700,36698.17783395029,36744.260977361664,36689.99686434475,36713.43767601539,37043938.99206059
1704468000,36703.34631333549,36719.405820756125,36669.72680260068,36706.18834479804,60168841.12584238
1704468300,36689.48670062637,36725.98033049551,36667.89078846417,36710.45895983552,10985471.25954226
1704468600,36709.46519098417,36728.81937881031,36682.07474539246,36700.65379649816,22711186.832465656
1704468900,36701.76673631437,36748.49371010966,36663.19958274925,36731.49483049467,7510369.072080627
1704469200,36714.51740881225,36744.46817229143,36675.21657163445,36675.21657163445,64096805.06919733
1704469500,36724.61922845885,36810.08621025429,36710.94344820775,36742.90134434184,29075499.477549717
1704469800,36773.0621809578,36809.31367482131,36750.26339224896,36764.42115544687,27579016.339919124
1704470100,36764.70819355169,36785.27681450257,36716.56651560203,36750.02290024079,10633010.540248174
1704470400,36748.34033662478,36792.80269344605,36711.34908442997,36748.64040205113,47427638.40424494
1704470700,36771.76796547323,36820.50134926526,36725.89799208212,36759.39994508468,35950535.64522791
1704471000,36768.82262077285,36782.27829380858,36729.49428109967,36760.77279267776,24463911.35264168
1704471300,36765.658730297146,36825.9283309411,36737.876766472335,36799.67594023274,19479132.691095557
1704471600,36804.20396569195,36846.68568930013,36786.63459608646,36818.90472578019,55762330.22838384
1704471900,36830.99793407386,36840.03911381197,36785.94397864794,36826.34023531624,37354885.99954129
1704472200,36821.8772005617,36849.98341854909,36792.15024488485,36844.88537716014,38802063.113019496
1704472500,36841.14049996506,36878.82163348062,36807.9950665503,36861.09917498714,23583249.730608348
1704472800,36849.16244633588,36899.41594005154,36804.77749470685,36832.77520253065,40632375.40520083
1704473100,36834.42289896754,36859.42246447507,36813.70576172593,36832.58438029599,24048894.597209476
1704473400,36828.93770724272,36843.47231602316,36795.88591041232,36816.17658174571,31928302.814158052
1704473700,36822.03965981936,36838.51147286701,36764.995991793,36816.23217670525,48232311.48028845
1704474000,36808.95244437786,36823.98153454132,36751.54237053783,36756.07991807783,20504618.316913
1704474300,36762.55948586941,36786.68772565005,36719.53170921239,36760.9817933649,14119015.401255261
1704474600,36751.24371866915,36802.54820463033,36719.12887951593,36766.19732041225,15658616.923517495
1704474900,36754.52524617545,36779.71879114616,36723.27238742319,36757.7690834098,68947897.87420103
1704475200,36751.97853832888,36768.11695983016,36725.7061801645,36759.85829419965,30750253.785632297
1704475500,36758.10922545104,36774.40606459753,36736.05573099464,36758.15981066159,24177344.405737896
1704475800,36759.49051834506,36776.97428158275,36722.2388561128,36744.17737420163,15697617.890489819
1704476100,36747.28644578684,36790.99600922116,36724.87461007125,36757.44401401335,24925433.351770367
1704476400,36757.270064166325,36804.54250268625,36721.102318835125,36771.613986718905,25759263.458380893
1704476700,36751.339960246216,36779.97348156915,36713.54266633128,36746.091510475526,21998236.242808487
1704477000,36737.52451051916,36767.66323998468,36716.18098881911,36762.16023280402,8691436.56899601
1704477300,36739.3188760418,36768.15793252583,36707.49930668795,36748.11338641199,24293324.09479958
1704477600,36739.06658402931,36781.96191886378,36720.71365708191,36774.540186007085,18032693.448199097
1704477900,36769.74861471032,36783.25894554385,36718.34138297485,36741.99917338642,14505754.835969588
1704478200,36750.59504870363,36784.92597592744,36732.02394481632,36763.50028095135,28010043.636191774
1704478500,36761.53107957792,36805.98484927475,36740.72328040048,36788.55293773255,9992505.93025041
1704478800,36784.827237349775,36825.20508299943,36758.454408971535,36790.95495443852,25442554.42721411
1704479100,36788.82442980177,36821.40805328089,36729.337763365016,36764.85637822078,15490075.291807186
1704479400,36750.9926570098,36765.746512046375,36714.55466969573,36753.69759503442,97764185.77864015
1704479700,36744.96593394026,36801.97371533631,36742.260857460606,36765.716170913816,26375856.539363053
1704480000,36758.7889670532,36782.99147139511,36719.089926810615,36731.29434213752,11208462.972756175
1704480300,36739.62842774729,36803.957807679166,36722.21305365677,36755.03266634917,30033248.77435828
1704480600,36770.90992663548,36804.5699110903,36732.36506807219,36739.84115794814,15207324.544415615
1704480900,36753.7421771615,36786.83591617127,36712.7507232081,36746.03155730988,25111801.09896548
1704481200,36731.011944885526,36789.08943086741,36710.265103864345,36734.78511774521,32408923.336080227
1704481500,36759.58040992287,36783.60178534371,36735.07290675823,36756.25221031463,15880871.928146187
1704481800,36753.34643766237,36764.14704074187,36712.42688299139,36737.88696029485,54833019.38176788
1704482100,36729.65561771674,36747.17246063441,36709.051348585774,36714.40739353998,32065499.29860373
1704482400,36718.89422096801,36742.42715567534,36685.0457257224,36695.84960442785,19618670.08538992
1704482700,36690.706752341175,36702.542944994704,36648.66542247767,36681.23050265084,9978356.658747114
1704483000,36694.75021584688,36734.41319524271,36675.27987516936,36710.41057088505,19497496.19491893
1704483300,36719.975859236205,36743.948846758816,36682.61675344593,36731.3263721326,47054940.25580453
1704483600,36720.94688706322,36738.94379208105,36682.35813530382,36691.86114512051,49279371.805984706
1704483900,36700.92271677649,36718.98171114141,36669.75629620878,36684.70742990146,29071190.87151896
1704484200,36690.97600725257,36723.52854692878,36673.839952806426,36686.22642875447,34991496.29169536
1704484500,36716.25664601257,36740.40396149217,36691.848130588616,36708.77638726884,85142541.31776106
1704484800,36713.19216685648,36724.86033043608,36686.8222861338,36709.29943776663,31400033.03499378
1704485100,36700.69913953611,36729.17222980301,36678.083702822485,36716.20746420012,14107821.406168938
1704485400,36705.54860979939,36742.0532591044,36677.56141768056,36693.38541168335,19380050.02647325
1704485700,36710.5762283556,36721.34883691147,36661.64030001668,36667.61663454326,23833996.981069207
1704486000,36693.20323622461,36731.140658217184,36665.820083131526,36692.5452471418,89084052.2794775
1704486300,36699.62323503969,36732.78794596853,36673.911957756114,36692.89303172632,20377054.055778872
1704486600,36687.205836312176,36719.14330558496,36653.30421354645,36704.8960469052,22899111.045266114
1704486900,36699.64638907943,36728.22148220593,36645.63010264305,36705.69515301399,5686586.958095133
1704487200,36699.59041958517,36746.38768361128,36672.00835106916,36733.75581454248,18442332.21440147
1704487500,36732.45725551974,36778.4985780103,36710.345786263344,36745.09266469334,28013084.07639058
1704487800,36744.2449109857,36757.83716491517,36727.1345078659,36730.007676131056,19200922.172569454
1704488100,36738.24074500113,36752.86139074588,36709.76870050794,36731.57531347589,20180759.722882815
1704488400,36723.51748466531,36763.72654492625,36700.67419110175,36736.016551700704,55589848.784596294
1704488700,36741.91473516175,36752.9473267713,36685.68124393916,36735.54210674005,37149012.94270552
1704489000,36733.78794436798,36780.02544919099,36711.32553013628,36766.00502251123,6154756.311309563
1704489300,36770.98615512459,36793.152408209295,36737.71571136101,36784.05319026878,12406188.10465719
1704489600,36763.99061064211,36804.69535710818,36745.06099105832,36758.02946235742,27400621.213183712
1704489900,36768.40025415009,36798.98263852068,36746.86562473312,36792.6893795362,24925041.988622446
1704490200,36780.66297353902,36803.77602275063,36721.498951342015,36762.94082178242,28491464.570991073
1704490500,36761.192178341465,36779.24425374478,36733.83871331079,36733.83871331079,19946894.405878514
1704490800,36772.2247563752,36805.74089457494,36753.30251688534,36794.39441861302,33716024.25549081
1704491100,36796.13184097063,36840.559384880224,36764.41248909918,36792.13959882714,4843123.1815132
1704491400,36815.266317723246,36853.108313413664,36798.22102547823,36803.20522203665,31442212.058477707
1704491700,36825.58552151982,36846.451414043615,36784.50021555533,36819.82696723463,11376761.6666474
1704492000,36809.45430988883,36845.06953101994,36779.25648912391,36814.41249753688,9207400.361763697
1704492300,36812.93810157739,36832.57505815497,36788.30760955424,36824.98972681391,16712169.449425433
1704492600,36812.50682990995,36845.62625774709,36791.96284580001,36815.52414348775,9539433.702773895
1704492900,36825.49135727709,36859.849579658265,36782.94697294561,36812.04857835682,27105294.131147366
1704493200,36805.267183725846,36855.61470618592,36790.84201858686,36802.99882158474,26420289.807214208
1704493500,36810.45437767317,36838.48361004372,36789.11603351645,36823.19786379946,22196331.09851858
1704493800,36832.48870853824,36868.270528607405,36803.95312137367,36821.79767722662,34195349.85510256
1704494100,36829.24655682083,36866.97962081088,36803.27838815225,36838.17150858016,40774841.23358193
1704494400,36826.82218177829,36856.1363935834,36803.7936438085,36845.85944813887,24660010.715929948
1704494700,36834.41977699152,36865.28306974595,36811.05306880896,36848.24528630323,27204555.70167436
1704495000,36844.5190266263,36893.20873561824,36833.77066982337,36857.44583932483,45698409.00386965
1704495300,36866.71543477189,36905.54420956362,36841.4834138044,36904.13281054699,38694979.86545951
1704495600,36885.64632694372,36932.40497054422,36859.8357147569,36902.16971462961,13290576.958379108
1704495900,36896.84906418606,36912.31681733546,36845.13989798914,36852.51270976578,32637904.209012233
1704496200,36875.53319421714,36908.20740972333,36852.23244702699,36873.6768233167,16713461.642058568
1704496500,36881.49239373088,36911.42376623597,36846.87645182298,36867.42259764486,15120432.294543803
1704496800,36887.01234574192,36944.68090194558,36863.32107845299,36893.62694249608,43630685.04859742
1704497100,36896.90251337244,36939.16590642828,36886.55419940778,36913.408870108535,44015883.30178201
1704497400,36896.68671697284,36917.83712409366,36862.02790355795,36910.70557244506,21242776.09685172
1704497700,36901.98177789283,36929.7595116531,36879.88106499696,36928.63833792408,18825292.800485056
1704498000,36908.29783890841,36940.84749031304,36890.09376591095,36911.63633427043,14757837.746503154
1704498300,36918.298927644304,36941.15063400939,36875.252499670016,36883.64757219471,17909022.358731765
1704498600,36897.460668562686,36929.01743495441,36866.50799120648,36909.45374481502,28294292.985419348
1704498900,36902.70827621562,36918.36898798653,36856.711898120775,36890.37316621921,12480691.468008969
1704499200,36875.91347121335,36890.42279948597,36836.68537400626,36883.960723335695,27555190.424825218
1704499500,36886.07181106004,36915.82102395553,36854.25606534892,36897.84398615206,19077132.29722683
1704499800,36883.59468454714,36908.21275514723,36853.334979911066,36907.41609006991,18128763.0777795
1704500100,36886.11073107779,36916.60098666293,36840.34228336752,36899.191402857,47559203.31641121
1704500400,36902.74896710791,36945.45404667948,36887.80692865276,36901.1699766707,42893261.37894977
1704500700,36906.92757988898,36948.943664977975,36875.51093262937,36901.98930221582,51145787.924881235
1704501000,36899.77314353875,36931.58166062017,36877.34672883229,36897.99942463043,9000846.630526016
1704501300,36902.25893485623,36947.966141851975,36861.81223104498,36917.68980247087,26163054.573424246
1704501600,36914.51266373938,36940.551584093046,36869.04837889317,36889.24929220819,11741673.794641962
1704501900,36889.38573500991,36957.70928662797,36865.55335378911,36918.130594112576,38269284.98354422
1704502200,36919.49580742906,36951.7113005853,36883.23175103633,36904.40397833434,20895546.77138748
1704502500,36892.78484950817,36944.676316295176,36872.58659588202,36886.15840128555,16932432.91501786
1704502800,36895.731436237365,36952.68767769549,36868.10867972136,36899.34676117922,29884420.408904098
1704503100,36909.58359720579,36920.462074714,36875.71393076952,36900.06361350261,29732097.8798517
1704503400,36894.56440562031,36920.76749325202,36868.040490858926,36912.45481347872,24152699.14285038
1704503700,36893.2168246673,36929.61621040727,36868.999953170765,36905.53008440408,50358789.15527342
1704504000,36903.0182997757,36944.268025863326,36895.12647341029,36926.4619487215,22379983.462175913
1704504300,36930.04333812247,36959.00437176239,36904.60457356399,36959.00437176239,40589895.90311268
1704504600,36952.2769478394,36996.0260993088,36912.96889296761,36959.91884993654,6489159.73267982
1704504900,36966.5236225869,37003.49633590871,36929.31640203333,36974.52410286066,21403407.30859548
1704505200,36968.08509634531,36985.01736684824,36926.02520546656,36948.50587867675,47429243.58521333
1704505500,36935.81567720205,36959.40674452274,36916.5533560213,36942.61950933288,45983697.80591801
1704505800,36932.06553045221,36948.49333617739,36902.20240372927,36927.01532947201,16719039.885483282
1704506100,36945.99454114639,36985.399396050685,36917.974523558834,36921.00705524878,56876986.42491071
1704506400,36942.77403177768,36954.812944254365,36905.16627663375,36905.16627663375,28667478.481345445
1704506700,36922.090915141205,36944.21067443642,36866.82137887437,36905.00842898534,14759722.818269659
1704507000,36898.48805312911,36930.24502829613,36884.05414731269,36914.54635322267,35210026.85814933
1704507300,36914.087863079294,36931.65111218427,36885.63847144966,36915.6636210576,15659834.777799588
1704507600,36908.659086372354,36941.02085466226,36871.513587897,36892.59359125502,40021456.538585715
1704507900,36909.59065417326,36946.30844306765,36874.37311492614,36935.23834670129,23608285.9455828
1704508200,36915.61731263514,36949.012206761785,36849.90779501137,36933.53994723792,27185812.921232045
1704508500,36930.60014785437,36953.13828694461,36897.75596400017,36916.18853424576,30053199.76614396
1704508800,36912.31505035171,36965.47695752528,36852.97652830142,36917.7143819406,17696991.017127234
1704509100,36918.51711597552,36965.59259870795,36903.01614767449,36947.32099767002,14185132.269370407
1704509400,36951.190091300654,36988.80265693543,36930.62471038274,36959.15691483038,63241949.78650613
1704509700,36952.97973150851,36973.9005100685,36908.42931400828,36919.62650119303,18690637.165338397
1704510000,36928.83393008751,36979.214729636,36904.846833908494,36907.06323458323,16195564.007652326
1704510300,36911.135125657645,36930.97966082182,36876.73044097311,36907.0200431194,15191043.3508529
1704510600,36898.07845876824,36917.65218956098,36870.01780926333,36874.76544089116,18527862.34978331
1704510900,36868.87777290346,36901.05271525979,36842.83250390603,36842.83250390603,30187313.869118296
1704511200,36865.67770022126,36891.90659079104,36836.03184199836,36836.7677706747,28586481.293906543
1704511500,36857.09261464353,36902.60409188553,36826.49900268613,36849.617633688336,17226803.346364047
1704511800,36843.41405981453,36883.7126931104,36797.75406714475,36863.69108445598,28287118.62764879
1704512100,36862.576090909046,36880.1944259832,36837.03857539199,36855.302067607336,23764485.86340536
1704512400,36861.57687172495,36885.80219208504,36821.21674778427,36837.81529034277,35141455.389859505
1704512700,36834.8291031052,36868.01918102799,36804.93741984837,36847.603479318364,25365787.28544672
1704513000,36861.128961751616,36892.85225774779,36840.10769248796,36869.39197050848,18399876.068486262
1704513300,36887.18239753711,36909.75307244355,36856.33355177987,36876.59826465619,24834445.999594703
1704513600,36861.95347577295,36886.51563882731,36843.27852858624,36866.75808498361,19363056.73675788
1704513900,36858.532898658064,36908.410559064025,36836.82202973956,36879.4845633388,21048724.70133004
1704514200,36854.60091081685,36886.36683923935,36834.65697077612,36858.936943961846,10260560.436523376
1704514500,36859.54642087907,36892.72776871681,36812.23753915103,36845.1885821945,29908194.971199237
1704514800,36840.98306261925,36867.19451908158,36789.49131615105,36847.811056571314,16043282.587339833
1704515100,36841.345610478646,36875.61567129156,36793.969553449984,36845.25135318691,21402604.702024054
1704515400,36849.43218920819,36869.1553905469,36811.81938560262,36847.41646428796,17862700.11747797
1704515700,36837.04842789018,36882.15588412687,36813.26172733952,36882.15588412687,16255529.895121612
1704516000,36856.35707797851,36897.339801662565,36849.44145942185,36865.499465194815,34981427.03910563
1704516300,36888.31935216301,36907.31545196179,36848.322340575694,36880.87521416914,14556724.555941163
1704516600,36874.926721183605,36897.99000082421,36856.122734686745,36873.68799418512,41476331.86919009
1704516900,36873.05923367473,36918.1499270856,36844.49647190196,36893.90726385754,9024807.176005233
1704517200,36883.18293322629,36912.541321320256,36852.04948138483,36864.829182059584,17215844.61013128
1704517500,36871.66805189767,36900.90987942811,36839.01544056759,36885.91314258634,7724378.148726342
1704517800,36869.834701335385,36893.90273846087,36821.574808838166,36830.92357787718,51529600.89153296
1704518100,36842.60969492712,36869.61892332954,36813.554866702354,36843.10433752125,28182961.955429554
1704518400,36855.532046272194,36873.39269522273,36811.72977469519,36836.38327150582,19709957.499610573
1704518700,36854.76482205468,36905.0265034972,36839.21482025111,36881.62851467455,29706073.524915494
1704519000,36878.282718678885,36905.83297421868,36848.64342987896,36885.54997969988,9079067.659467505
1704519300,36888.54273254536,36903.59684521594,36860.02469404918,36898.54026282566,44576425.23360534
1704519600,36902.724909673925,36923.04566270222,36865.10514411744,36910.999535414834,35947678.78272947
1704519900,36901.885256989335,36939.56151445118,36880.75671938221,36890.92632181555,31496381.4337209
1704520200,36909.7435027609,36944.53612924019,36867.44807858912,36895.29797247902,31620990.952049833
1704520500,36892.04124300612,36927.93721354987,36862.69920164756,36922.61643918914,8219602.00118344
1704520800,36910.684009818135,36950.89742762781,36879.61077951094,36903.572894676,93720893.85209352
1704521100,36908.63573815969,36945.0066011938,36888.90629900147,36900.01491131386,18580062.401348457
1704521400,36922.4282053172,36930.3322928712,36889.53269756623,36904.955617762986,42219840.792410515
1704521700,36905.99656690938,36948.0786634818,36894.76193319984,36912.02090024112,62177922.165549934
1704522000,36893.97136192798,36943.273400826816,36864.46934404416,36906.79447268095,16116526.883578356
1704522300,36918.10293506044,36939.31319174113,36874.05321172946,36894.28790690874,12280638.506938383
1704522600,36903.53910931776,36930.79373140803,36870.710102516816,36929.94019992003,58603738.24999126
1704522900,36908.45127094004,36963.5591188744,36889.71741669859,36929.33267175662,30611430.227691166
1704523200,36934.59758880041,36964.573887769664,36899.263621489474,36934.17624129395,26174805.72861754
1704523500,36946.08255364653,36966.16299771504,36908.80526374339,36946.68541085462,16850723.46430046
1704523800,36932.47976356014,36966.39259754684,36908.265970162574,36940.53637015044,22566496.83108285
1704524100,36917.60505057505,36935.78561974793,36868.86965557304,36883.338351491504,38011602.63338295
1704524400,36906.44760101579,36953.400677866855,36895.27113020578,36916.275099619306,18325196.16720718
1704524700,36906.95750594541,36923.45765857279,36865.33632828048,36914.826830989565,55439673.38202779
1704525000,36891.88685018603,36919.67123733701,36858.54362030988,36898.91219282681,19140285.300250717
1704525300,36896.0126462629,36929.44468403296,36856.54728899258,36887.21308221512,15537771.428536056
1704525600,36891.71198347898,36919.79122929673,36866.08016713136,36903.0592804199,25770669.432392813
1704525900,36910.61834120665,36941.13561126449,36880.308458374006,36891.69179751812,31163652.313788466
1704526200,36894.26074891481,36919.35650968667,36870.819328975216,36895.7062216211,9724962.225600027
1704526500,36901.27073173465,36907.21202777763,36846.49878174994,36902.37522266731,24194729.102730926
1704526800,36885.67645522695,36909.32729160163,36854.52267612961,36869.69755442946,26992504.93109943
1704527100,36871.40900504259,36909.78905926123,36841.27553803293,36880.50976915203,40588109.05718419
1704527400,36884.39762932202,36943.70491063751,36850.23132880807,36881.452561697246,24220747.4064596
1704527700,36902.59080789829,36968.22164248501,36891.94880805524,36940.65964108431,18497046.675694916
1704528000,36935.368225272825,36975.17175580374,36905.82262163201,36949.75416514046,9672070.906838529
1704528300,36974.326829719175,36991.38773830842,36947.68221506231,36947.68221506231,15928689.02834682
1704528600,36978.22262334945,37025.85140800024,36963.865141852446,37024.62390387175,14846660.224529877
1704528900,36991.88611451736,37019.41051430304,36947.1111000618,36952.7433203267,22063201.812629014
1704529200,36971.04720948152,37014.89836981228,36965.23041280089,36965.23041280089,9743938.967952343
1704529500,36986.056881547534,37025.43157532011,36949.4409230574,36969.20531855703,12767410.780842021
1704529800,36986.65906278523,37046.05556124965,36962.22763993783,37010.47369938185,41481470.259897836
1704530100,37009.9661969982,37046.80487452499,36985.621257150015,37024.18166010844,29245298.433890108
1704530400,37005.03836964641,37021.780174391286,36944.46970062143,36983.74558471182,17592735.040803418
1704530700,36972.40356978259,36991.784714479,36953.81846233878,36967.906409706855,34674338.33171253
1704531000,36966.39263669745,36982.75171196129,36930.299295289646,36941.53786628904,11953607.031274192
1704531300,36947.07052265459,36975.23041042396,36904.08633268996,36932.30145513897,25294522.683713965
1704531600,36951.39261978095,36980.5050975363,36927.5519703089,36939.06503439076,24447130.104263037
1704531900,36952.044766517945,36972.68485155752,36919.57702233911,36957.96644930488,48023569.614236236
1704532200,36960.61886669968,37020.49642203123,36936.72099257327,37002.62208440257,27082083.39630291
1704532500,36989.76171486498,37033.74047878855,36962.892707476894,36985.83962782109,104723343.64633948
1704532800,36997.26342267535,37029.29630067133,36984.995915094194,37001.83629604885,21290468.264705293
1704533100,37018.38818496753,37049.52737925476,37003.80806629327,37024.56103397282,25423194.51096325
1704533400,37031.26774500819,37071.1135033086,36996.56920328774,37050.623611407296,15642135.317725766
1704533700,37042.88603835063,37083.83051147553,37023.19407062048,37060.945134866335,22644534.525445774
1704534000,37057.15983607135,37081.09122706396,37026.40070800672,37038.09075883925,19202021.700191967
1704534300,37046.68611419224,37093.60777953512,37042.71240305535,37044.4810834973,17899073.369112726
1704534600,37055.20507420167,37071.8713636784,37002.02928008948,37013.908919967,11920762.305835249
1704534900,37039.6880072116,37078.73976093822,37012.94713048621,37057.53452892472,15187325.439565588
1704535200,37057.93813314772,37093.82304565964,37027.94290467707,37064.659944136525,19589244.92448782
1704535500,37059.97526394485,37134.69542392626,37036.87410920025,37106.103651645695,9841086.491892042
1704535800,37116.4327517576,37147.61919254704,37105.60422079588,37116.12690710285,20109774.489714358
1704536100,37131.62136523257,37171.54554922807,37100.25639645905,37142.26400364005,44235027.96341753
1704536400,37155.29781122726,37187.591597389175,37137.87290905617,37160.54919301811,16075881.892295673
1704536700,37180.20638671707,37222.2025866291,37148.18862131641,37159.80385516885,23679202.58663082
1704537000,37163.852596693214,37183.35027718979,37127.15820497126,37146.18098154307,30989482.006271064
1704537300,37142.10870601042,37167.98142979126,37088.7633819175,37153.66048733062,14132793.838556552
1704537600,37142.90996429712,37156.50671875603,37105.10405573886,37125.73174401735,24882182.649527583
1704537900,37126.74732064196,37142.88846848245,37075.27108551808,37136.30338572601,42845572.159048565
1704538200,37115.26106992455,37148.773830172126,37090.07330567587,37110.97292513133,34369400.973458566
1704538500,37112.74437260055,37139.94984418687,37090.98161820301,37121.45887218261,7894474.2002126835
1704538800,37128.32863754233,37159.42480364817,37091.10661684874,37124.74307882481,19397670.04666426
1704539100,37121.84830296248,37144.97557077908,37092.00552515257,37109.14454708039,32105071.641991608
1704539400,37133.58469221828,37175.07921468179,37106.37453290163,37134.52095906606,16512847.341752678
1704539700,37149.14253373165,37175.250764669865,37090.469106905184,37114.27812536384,22487932.21261593
1704540000,37115.45842817164,37135.11224607019,37060.86335810152,37093.992005225984,31388428.577216633
1704540300,37085.86379043751,37100.78164335243,37045.962567888,37090.24404665055,17876872.82796246
1704540600,37088.87061981355,37136.72258369112,37064.40172534218,37120.83432629559,24601832.497596163
1704540900,37101.333168515965,37143.14684427351,37085.0418687599,37100.39614450512,10674678.995185455
1704541200,37099.86178970842,37137.743568094265,37063.45472735703,37137.743568094265,15578582.811181363
1704541500,37115.64062190443,37148.058877822165,37071.25929338854,37127.91166979956,17254774.812055606
1704541800,37120.03107253605,37146.7255724663,37077.08522260746,37092.91695680368,21143468.148327842
1704542100,37108.252743541714,37128.06510944906,37056.12101021965,37123.21602828556,20180221.31112319
1704542400,37099.46690232058,37132.36427392057,37079.89362316718,37119.94342922257,18858326.86952908
1704542700,37110.29449090408,37130.40486745096,37086.00075455067,37110.92144887361,33655333.777118675
1704543000,37110.44593110185,37157.203345992166,37106.575541182014,37147.93024566679,77752082.3826454
1704543300,37157.87847823133,37183.85698499455,37132.80228194004,37162.222517836046,33032354.301408656
1704543600,37164.15056869291,37191.795652803805,37146.9752561452,37152.81982557562,50035735.044029415
1704543900,37179.57334236735,37201.84579325895,37147.16953149146,37172.44772395429,55776963.62321504
1704544200,37172.51285381781,37207.23269921629,37117.18625605385,37167.11769091404,32346592.916345567
1704544500,37180.64225492488,37222.67522838256,37160.49653927972,37202.71693461535,37068117.442201
1704544800,37203.292727414766,37226.97805718022,37154.17597042087,37181.24829515159,12619450.29884718
1704545100,37181.34650583996,37215.13658595434,37158.1528498067,37193.71464042695,33343728.0457447
1704545400,37188.5663827775,37205.35908764373,37151.94983927066,37176.39470292301,12961961.115916314
1704545700,37195.25797126559,37233.638018821024,37169.515110215216,37202.82887682421,34079679.55882686
1704546000,37200.070164131605,37213.47106494188,37175.17803847709,37180.81863562614,10094130.02596963
1704546300,37185.44508077277,37219.487772797554,37123.63945150333,37175.59732802474,20323084.055735365
1704546600,37169.213597711416,37233.45148823473,37119.687038883305,37144.89315735988,48515489.252455845
1704546900,37156.49097941518,37188.30478933097,37123.8600171252,37136.373676520016,28196944.08036471
1704547200,37144.73916386714,37170.348767272415,37125.15378086782,37129.61162106094,21188917.051696718
1704547500,37146.50710964231,37163.10838020416,37101.07990061063,37125.5768223568,15165733.107110048
1704547800,37115.06740829624,37128.90413948348,37092.20397205296,37119.8943870463,42879862.48438525
1704548100,37103.86519403799,37129.09481912509,37076.60206572778,37099.444922863455,28863701.397021443
1704548400,37107.6795869834,37128.68000401117,37063.07369216091,37092.722296379696,34155851.3385746
1704548700,37109.53249901865,37152.73066425453,37102.21704015572,37137.179482063286,38107251.35504768
1704549000,37138.18934730329,37233.125932661045,37113.8771556064,37178.03602085576,21206626.688356686
1704549300,37168.48696684244,37205.35501261365,37133.77718610277,37179.72058876044,28744809.007590115
1704549600,37160.65382575837,37187.420021368285,37136.982516190445,37169.638050105255,29468659.252471812
1704549900,37180.4395996166,37208.17693838204,37150.10992922048,37198.7421007039,16725806.485855628
1704550200,37188.94061521648,37248.88485056917,37146.46092719006,37175.33555877385,15047618.6915682
1704550500,37195.81080623821,37226.52765643735,37179.04893024255,37186.77631370008,27176537.215319857
1704550800,37195.42323066643,37221.74231201398,37181.57100676437,37193.6271047284,34969714.705570914
1704551100,37194.76587736462,37232.847184639424,37161.34379737381,37196.98214545444,14556004.398610944
1704551400,37212.77132412856,37220.69584886845,37176.92931485929,37200.11353887049,15815426.4862309
1704551700,37215.81852265234,37227.05139569061,37179.4228626748,37204.544427548506,22510737.580426488
1704552000,37187.44437215084,37202.79794861961,37139.74072457699,37157.85169592648,31216462.14652659
1704552300,37165.70528536488,37203.135630385164,37128.79005267696,37179.10942956722,8903879.406547721
1704552600,37182.83932617052,37196.90976215823,37128.01107384354,37183.78862844064,16652387.57782764
1704552900,37151.600891381015,37178.31792966954,37118.460694344205,37140.68950271809,48539955.63715986
1704553200,37155.32761854873,37186.37312549336,37143.65844797708,37165.37011998672,10647557.521983493
1704553500,37152.83227636028,37186.73896676059,37127.74302436421,37175.513362418926,15338481.77441305
1704553800,37180.33857178296,37207.382919855736,37166.597534241904,37204.12237055085,38674619.993872344
1704554100,37201.3628462575,37257.44166115903,37160.49256719634,37189.837382156096,51833442.155384146
1704554400,37190.27912354792,37199.1329126588,37143.3462410371,37173.77083840641,7199130.896774721
1704554700,37166.24112277605,37191.91405929489,37126.45380048161,37157.80804341213,52946444.441584274
1704555000,37150.38643747655,37174.51961039257,37122.00548740242,37136.12404868922,27899315.921027042
1704555300,37136.64307944584,37174.16958824072,37111.81005158051,37163.09169938896,33420628.291583084
1704555600,37155.49215774408,37156.94879942112,37115.06434594633,37135.39750860485,93618926.89488564
1704555900,37147.23755494181,37180.54696544894,37104.43703470138,37168.65743321553,17088198.767488625
1704556200,37160.84219702512,37193.69384300792,37135.09630587218,37149.09158783992,14904906.763678301
1704556500,37159.18100792973,37177.20491096549,37114.86066174887,37141.673536511786,16526720.733158583
1704556800,37135.005348450686,37164.5591276678,37093.19570742532,37154.4283177754,52153191.904242255
1704557100,37127.83558242703,37157.90971333155,37093.53014539105,37139.72726121635,62596531.91383486
1704557400,37121.25011217852,37165.69813966417,37097.60203040662,37138.97107610192,37719371.458157256
1704557700,37114.31080093786,37132.3614868701,37087.75666917591,37098.257101221134,22915814.339422397
1704558000,37114.28591587718,37135.26652907801,37072.29931766638,37100.8788131337,38104438.79727534
1704558300,37100.94085417563,37124.50481905989,37078.03540516473,37091.00812363377,27691951.276900705
1704558600,37104.151596876894,37132.86949620064,37073.64206049236,37084.26323519776,28441133.90544388
1704558900,37113.67263484585,37129.00796671072,37077.12329337893,37099.64010635256,24557701.227221303
1704559200,37094.20307385612,37134.54295486357,37066.40331297992,37110.59641582013,15838363.751856219
1704559500,37131.59203741628,37160.91110235815,37094.059481525066,37124.35472578568,25486112.63840057
1704559800,37124.54989501688,37165.40115234902,37091.99016919464,37125.2963318492,22827951.95658089
1704560100,37102.87682080151,37132.48749075587,37083.94795542956,37101.08992641744,40353646.64816618
1704560400,37107.89577598329,37125.85759902904,37065.93120355594,37107.56594577817,16258527.591817148
1704560700,37120.04062034951,37166.19412280199,37095.63729910614,37133.75438685888,10928623.18618285
1704561000,37122.487489748,37128.37574174075,37079.86224113171,37101.906648666736,37863872.41078596
1704561300,37096.79398942543,37134.42879212372,37065.3613625043,37102.81668793095,6610640.777775845
1704561600,37091.83083637236,37122.99639613193,37069.43477627479,37086.537502742765,29325252.913593844
1704561900,37087.25240874668,37140.87668672117,37073.87864570796,37112.73974438854,24976245.000242088
1704562200,37100.226768359855,37139.99878557011,37074.99901491683,37097.29023390506,13962997.788724499
1704562500,37098.76404080166,37126.344337648334,37078.080078922096,37124.065829045285,14031887.109972276
1704562800,37115.450036492,37158.09005208474,37079.65893127548,37139.18824284123,28639948.129162326
1704563100,37108.50697961376,37147.60540087429,37092.8362109634,37103.9590582298,22254426.826729037
1704563400,37118.00647146389,37152.62810302356,37078.52023496222,37102.84319250732,28359784.56742602
1704563700,37096.89162361351,37118.43492405974,37084.58454652256,37092.27859162104,28830141.61740845
1704564000,37095.03707264369,37127.4566987749,37074.44828758014,37126.17556733777,46784409.947845735
1704564300,37103.59767453773,37135.40691577295,37082.2227597381,37096.55046039773,50163750.63727507
1704564600,37114.2502194924,37170.205165541774,37100.71036047571,37125.10244079168,14434394.029997721
1704564900,37137.303636813296,37189.6463458592,37108.32227058093,37137.481551330064,19971210.745038144
1704565200,37129.08981908706,37161.15725797509,37110.81327444928,37139.35060432612,53076793.72861041
1704565500,37134.54051723,37146.18685386852,37111.57116449634,37116.18980384223,30527025.41054918
1704565800,37119.161494412176,37159.45962547048,37077.8854082867,37114.75918927454,25486346.660084218
1704566100,37098.08143008996,37116.96564519226,37081.15839684138,37110.83145124293,22592485.678599875
1704566400,37101.345818468944,37123.73659703991,37066.629185860926,37101.69715965421,15582760.295517959
1704566700,37093.488205526926,37120.149187643496,37065.25733089247,37083.08117658297,24485966.845097624
1704567000,37089.35388355792,37133.02746113898,37071.49613982887,37112.27383053688,24701996.861579835
1704567300,37118.28342285755,37149.34643785327,37076.60165081231,37094.83797845047,21425187.027906913
1704567600,37121.33375337706,37159.24566415202,37095.466314354126,37119.85621528252,35619647.25986253
1704567900,37119.48274540355,37147.51818913665,37089.57841366374,37117.27201977081,13253166.191850336
1704568200,37130.41252863546,37151.50751576439,37090.33856348012,37111.6706134233,40071929.83223249
1704568500,37108.22514479834,37143.17445539011,37084.99177093476,37084.99177093476,71090089.77011436
1704568800,37092.43584318673,37116.58857946039,37040.666332612986,37097.84035590071,32377272.300757263
1704569100,37091.83943571157,37116.22392381337,37064.10927818109,37086.60944477726,26697234.680077776
1704569400,37085.65544276395,37092.977378246,37044.45497807592,37067.00175807336,21397553.739048965
1704569700,37078.18592901112,37140.0092809304,37066.46308180767,37071.80323679172,26241233.85337223
1704570000,37083.76053540298,37136.9972069559,37070.93048484875,37100.018375138985,22361897.636695653
1704570300,37094.62588594086,37152.28232702732,37045.46059401732,37089.90398863865,55852326.23294589
1704570600,37111.66544592674,37157.85481355087,37104.6955848003,37134.03937183476,18036635.583051644
1704570900,37138.920804425215,37168.01581153188,37123.72335192253,37163.47233087239,26384945.349064603
1704571200,37142.76400428964,37178.58492130916,37108.85949749479,37145.38289384141,13668633.584730469
1704571500,37156.414716715335,37188.71050967658,37114.56445600693,37135.45067755404,34386877.091339156
1704571800,37138.28827703352,37170.56029707813,37114.38131395983,37118.20105544028,15023198.450946797
1704572100,37127.64523504271,37156.52160975616,37060.170981712494,37107.5631964439,31255310.38222635
1704572400,37093.84989960344,37121.66011681534,37073.465722864974,37088.82746845848,16843144.417992413
1704572700,37109.37316605704,37151.828204734375,37085.56943537644,37110.9402707702,23101939.02574261
1704573000,37112.55864919027,37125.58160461431,37081.04331944836,37089.56149613315,40973667.34872962
1704573300,37096.25595961798,37118.51332867485,37063.04989440341,37073.27263478631,15294879.723189922
1704573600,37090.234353898726,37105.728329338526,37061.01206481643,37088.86275815706,18220126.99181436
1704573900,37102.5745683396,37157.57501835702,37084.899094192784,37113.1236408582,13255448.040557032
1704574200,37094.33897585239,37145.87591585787,37067.482885919846,37118.56793585633,12154282.773460435
1704574500,37115.67731650099,37147.95442454184,37068.98400714495,37075.38709944971,27424401.199728206
1704574800,37073.73462188067,37133.44310365881,37067.666875547286,37113.63773226317,67897297.56065388
1704575100,37099.17838381606,37142.92929967496,37080.52359352007,37080.52359352007,26125177.4706266
1704575400,37101.99015902901,37139.01784478373,37091.125091055925,37130.31850199279,22945745.24341934
1704575700,37120.4653798724,37148.77001753426,37089.7484194618,37101.61096948394,25026768.83915675
1704576000,37104.11615185888,37146.49724892338,37088.53842842775,37125.60679430516,12611644.027239837
1704576300,37123.78466861332,37150.54503681684,37100.82751695519,37111.41467039008,15122763.644991865
1704576600,37133.63015319109,37174.85317450621,37105.075590624096,37124.902722250576,91003954.2181185
1704576900,37146.53308066344,37170.83199286739,37075.90179409726,37129.62601834118,19892281.745607734
1704577200,37135.75345321124,37170.62873330552,37112.96112602661,37137.64507485841,24727524.391361162
1704577500,37125.20035990532,37141.97899912905,37072.12471716507,37101.33354047584,23286576.098633997
1704577800,37107.98649734318,37123.861654443725,37058.37358007689,37094.540453115726,27353156.888376474
1704578100,37079.58044681465,37112.97860153622,37041.067998854334,37066.1119304388,48087193.079120316
1704578400,37071.7213742712,37116.63272403788,37049.151044137725,37095.9648216565,24390752.81087874
1704578700,37080.55031903711,37125.97606613969,37060.39397931542,37095.31591968376,44858032.87298421
1704579000,37098.86071635532,37134.14340046804,37075.3380493703,37134.14340046804,15680226.206058335
1704579300,37109.43902586043,37138.67076154402,37084.37239542561,37118.23786815212,31257949.369718585
1704579600,37111.94875867621,37136.07086693699,37075.75245832007,37136.07086693699,24047346.24664914
1704579900,37098.74420174377,37159.366235605165,37064.62444779679,37091.54297923025,66344643.85531212
1704580200,37085.05134025678,37115.10007036582,37061.61591963893,37063.97290453383,43614073.40965672
1704580500,37081.673903889045,37118.2832183789,37046.19762268051,37089.54013722477,18282213.27693996
1704580800,37087.14421393022,37094.78993930047,37029.34663074441,37068.948803596206,13236618.815460801
1704581100,37068.08337043157,37088.91704878672,37032.55952169529,37041.03630332095,18895538.41391781
1704581400,37047.7968387158,37076.11047671687,37015.0841406271,37036.25976405325,42491994.89203111
1704581700,37010.80690513694,37038.74301475327,36939.31514821603,37007.18921302958,15796617.346492382
1704582000,36998.73035335128,37040.41942763812,36954.77650281431,36954.77650281431,16796896.775338672
1704582300,36958.82417976709,36985.20887087886,36933.93312875045,36935.5879184254,24379787.008312657
1704582600,36947.92117314734,36998.915627686096,36909.40386535119,36929.498157711925,26531214.32952271
1704582900,36943.81706559509,36981.09334262817,36907.30077937281,36934.04048409144,30066541.18432711
1704583200,36930.37778890326,36964.4425325422,36905.69643316956,36944.0739204451,39631467.914898254
1704583500,36946.54539183502,36966.05717136857,36905.68593521949,36940.650174258,19185098.998466086
1704583800,36942.53084767421,36965.167305151466,36902.736841343045,36956.86816661088,25703207.47054097
1704584100,36950.37600151996,36980.5215851916,36931.4463131356,36958.378817116914,24565562.35741752
1704584400,36949.304696646825,36982.37511289226,36922.302043593896,36929.406856119065,44739882.79816299
1704584700,36948.15126174416,36974.55618981123,36902.02185230752,36943.05616396184,67811007.67576486
1704585000,36948.76040241502,36987.42989084405,36921.86070245278,36955.77125825962,19366145.617461234
1704585300,36969.04117679843,37012.77359252554,36914.91095282901,36922.631577024295,20764143.975097273
1704585600,36931.87723890856,36978.97954748367,36912.48252999885,36939.992975199886,52430779.63554035
1704585900,36933.14621326971,36954.61760891516,36912.7322834922,36940.44848957476,14159740.76945726
1704586200,36918.64672074912,36958.11961092682,36885.720135466094,36938.495938041735,29169633.541627638
1704586500,36941.40713753613,36980.10819612843,36909.92234877959,36944.33064837961,20069793.284942463
1704586800,36937.11318116173,36974.017397652846,36911.188823624645,36920.52432470759,23925644.990058273
1704587100,36915.42165664207,36942.15965702467,36889.66921085184,36937.4443908166,17427723.37182902
1704587400,36910.30622916515,36919.98111568369,36883.52087852778,36909.28487479655,17423020.470760588
1704587700,36903.67835574736,36937.48527641271,36870.022836483615,36931.16375597703,42948636.69670388
1704588000,36909.37758103551,36924.82127938063,36892.433867067215,36892.433867067215,27471709.851928234
1704588300,36902.794668294,36926.56479592689,36879.50500596432,36923.59854256285,20655150.730163783
1704588600,36925.52074058198,36972.800510884495,36870.13904151096,36906.65931816798,16521739.292608619
1704588900,36893.859619450704,36919.97240988197,36870.16990702446,36900.71037029887,13380109.151250297
1704589200,36903.17469128336,36931.17810807467,36868.30567549276,36911.72979112775,16936029.74113676
1704589500,36897.29080059956,36939.30485703656,36863.39371766934,36884.14264923178,19333324.249176916
1704589800,36891.89716986301,36958.21867130281,36871.60790632815,36917.8580296588,24628917.555006996
1704590100,36913.23989588556,36954.96280159507,36894.9445131261,36950.82359050522,14194577.309173584
1704590400,36963.2817799892,37004.33974229985,36939.15148671229,36967.99430283143,21219425.331954353
1704590700,36955.08393105041,36965.83429435471,36923.2493491814,36934.642670120935,33702557.05397808
1704591000,36944.95938791618,36958.8900068109,36915.0992835601,36946.14581263298,25625210.326095812
1704591300,36943.83013156091,36979.52381553802,36910.1193049057,36928.83789146253,16505477.450323492
1704591600,36926.88772737005,36954.75516441038,36878.40334102668,36909.56491725558,27437756.338245653
1704591900,36926.05852408467,36954.68488001571,36879.3552660563,36898.51762694999,31298502.14234993
1704592200,36898.19867604851,36924.710694680114,36873.22893909428,36901.79227407553,16766515.610278564
1704592500,36893.23951173962,36916.414349221,36863.82341388705,36879.14786869696,46659542.09823796
1704592800,36893.32784922347,36900.52567554494,36857.81618309044,36880.34903525595,27615528.49718366
1704593100,36872.91418898274,36882.50639107993,36832.4255949986,36833.68204446342,22685650.259177763
1704593400,36842.12191209437,36900.07076986386,36816.273794328896,36819.1879648122,10706685.753675986
1704593700,36820.504601687055,36845.15065438527,36799.99982091395,36834.41924847049,16497329.221288355
1704594000,36837.24260015125,36886.43229220914,36802.30486433854,36849.67426695853,20907551.305962715
1704594300,36861.06512740795,36891.70140194226,36818.816434565626,36854.85806074361,10296604.500056192
1704594600,36855.73810379239,36881.351614639454,36823.00404671369,36823.00404671369,13283424.144953927
1704594900,36829.63792984039,36863.4680155136,36805.841290324,36805.841290324,30213968.370126538
1704595200,36830.41950999335,36867.6137373117,36780.051931943846,36867.6137373117,11630332.478630712
1704595500,36870.3045398178,36881.15594263494,36833.89449484522,36861.39432654371,24381657.379569218
1704595800,36852.69285408831,36866.66269506254,36797.10301981513,36825.69962110048,14527233.94007849
1704596100,36833.25902075147,36868.59326080609,36814.68233215588,36833.9562921288,27575373.959410615
1704596400,36834.02144246749,36859.20702305127,36801.09255489247,36816.809729984576,30716017.35358607
1704596700,36801.13637427995,36818.401774973885,36762.90918846097,36781.43181570082,20900907.71248002
1704597000,36779.71685379579,36789.22006686895,36755.86610692492,36757.87734155779,23831967.21139314
1704597300,36775.15871094368,36787.976569586834,36723.954673980246,36777.06021677711,13143607.365757747
1704597600,36770.70704336275,36807.414529442656,36720.897009606975,36786.57770543509,18301100.70646004
1704597900,36758.20409652304,36787.92383877386,36729.16163322917,36758.11538356557,30102613.958546113
1704598200,36754.29937420197,36795.034399240125,36724.99481428056,36750.51684802129,31187648.780838896
1704598500,36767.00443035144,36795.6656309061,36738.68307336797,36795.6656309061,22724697.504338015
1704598800,36774.581497460415,36816.68503325925,36732.00430083433,36779.45563659718,15245328.565525183
1704599100,36767.77560976897,36792.160139335225,36738.24399106387,36759.259573295625,25478714.226469185
1704599400,36772.528155502885,36796.49576598408,36744.03846182998,36796.3205506092,25576654.04428958
1704599700,36774.977765100026,36804.49626460817,36735.8520829821,36746.11834544416,54677476.92652744
1704600000,36766.18146974073,36806.53169617981,36720.019046779584,36763.27650678349,27345398.7926181
1704600300,36767.4405517404,36783.595486303006,36715.7743958864,36763.70592643846,16573124.771292532
1704600600,36775.23194338071,36787.36283620502,36730.33621910087,36779.12236099418,49792802.08005829
1704600900,36755.18859537773,36773.714514749794,36715.5424581635,36754.1649100652,50565387.08957572
1704601200,36737.43495358017,36751.04106335697,36704.4031272615,36743.123856762766,13002945.960750848
1704601500,36725.40712769853,36765.41956235224,36688.65606343643,36708.63620206092,49124833.75782155
1704601800,36709.76347997176,36765.60191454816,36684.74431988903,36735.80801386145,27633085.754212078
1704602100,36730.66210911495,36767.5741687922,36721.683219176106,36734.72648390822,19357267.448029526
1704602400,36735.6481453695,36790.49753448015,36698.28337171034,36758.49395426587,53663369.16564859
1704602700,36730.41098785347,36762.81407032151,36715.821093870894,36757.17162360466,40390533.66836734
1704603000,36746.03087143808,36786.83456519584,36715.77893623171,36725.39596033795,18770487.173837353
1704603300,36741.85871045674,36776.010345790186,36710.81955205837,36737.23391056005,15355941.51124395
1704603600,36731.43455765875,36760.051456352,36703.594149500525,36723.51763023897,10131296.139136905
1704603900,36734.62059646348,36763.05470342267,36719.06029701929,36741.81973913037,26705204.35347524
1704604200,36755.63660954483,36774.61019877416,36719.77872033,36725.539952100014,18453291.10002601
1704604500,36755.04530632572,36797.954103724616,36733.00491647326,36789.96750355596,43770481.105329536
1704604800,36759.35074789733,36789.23932329457,36729.28961260284,36754.5969771574,80604399.51305209
1704605100,36755.96070550178,36806.34960598312,36737.40380376444,36774.96640218319,17097216.153263826
1704605400,36760.42188887752,36778.91814422084,36738.62616361002,36760.86772293327,36259716.2714683
1704605700,36760.86865683599,36789.17548216876,36713.64182324566,36748.95183385471,37214842.05990568
1704606000,36739.64343077364,36766.17519290757,36710.89058536094,36742.86178196243,20088291.769673906
1704606300,36737.322981606805,36762.83658372378,36691.7617366749,36730.81362468581,62099512.42266318
1704606600,36719.62128839959,36744.08302979997,36669.93561271788,36726.92820150175,29316020.795063123
1704606900,36723.26770415271,36731.971342361954,36703.371621801314,36727.6006254685,45474247.00854957
1704607200,36718.514356615226,36745.360108524124,36660.41299562488,36726.14555351479,11570297.945339112
1704607500,36723.272516465775,36750.67350604966,36681.58081497042,36740.10761123542,25441532.38763886
1704607800,36712.32809455446,36752.67004244016,36695.56801786839,36723.64871123275,10620533.171826385
1704608100,36712.26795789646,36741.86414184066,36670.08591986326,36670.08591986326,84154868.93778811
1704608400,36698.08870853236,36735.45699289316,36653.27442363241,36716.63954846749,9131047.753518755
1704608700,36689.24144340904,36726.20965331098,36647.56038529024,36699.09890615801,10719643.593694493
1704609000,36696.9661923894,36736.51745960889,36661.92717035177,36708.05146553896,12262688.336047696
1704609300,36696.65183612812,36733.73629801959,36643.38132915447,36698.90714338091,48485978.54555276
1704609600,36711.42108817258,36744.897061612624,36681.42501256328,36724.28133944676,15066132.117000531
1704609900,36720.02234383678,36767.82140184727,36698.80477361193,36716.828695396325,33715205.87769207
1704610200,36717.023581516674,36749.54775854541,36684.17338926663,36697.08420878337,20472245.389810424
1704610500,36702.69422420863,36711.18930816735,36668.53109108484,36682.89928220001,26155506.186956402
1704610800,36690.16378550418,36699.8843467159,36649.434149989866,36668.66265660219,29035384.921497382
1704611100,36671.11907395839,36711.33996305531,36634.0721432806,36668.48501277447,29954957.011478156
1704611400,36672.31256924492,36696.85838430368,36611.80511032204,36611.80511032204,11861455.869639054
1704611700,36646.18567490221,36675.46766685565,36623.26317713803,36653.85340236576,23072310.963404585
1704612000,36678.65848285859,36720.81494646872,36661.55199967472,36720.81494646872,35446821.65240023
1704612300,36690.29715937242,36717.08811512411,36661.04838372121,36693.79027788652,20535935.854115147
1704612600,36686.82747215653,36704.46283753116,36633.97255369317,36686.35251145309,25619681.21866063
1704612900,36685.02785415385,36696.04315230792,36647.24691293651,36652.12321191257,19010382.604045022
1704613200,36664.26451967316,36697.08864848205,36641.759536327016,36697.08864848205,24095154.665826652
1704613500,36671.593097864665,36697.071362841016,36631.14852756103,36680.727440224975,31931353.914208345
1704613800,36660.17357427357,36668.59598995352,36617.21234394377,36630.74807223894,56516917.880512685
1704614100,36648.23625662253,36666.95882808511,36633.14698232634,36649.33714609896,57371410.69923057
1704614400,36642.4844419096,36675.01436807398,36626.90735785461,36658.77519394064,32564808.0418723
1704614700,36643.47747593755,36652.34147119837,36604.59007870167,36648.19027885286,31193179.30394293
1704615000,36650.49728010749,36719.65778177658,36624.18632283304,36628.88529281655,19144329.861836717
1704615300,36647.757172836646,36660.832027147226,36614.44782716578,36644.07293989691,12738740.776994044
1704615600,36630.32465849681,36685.7264738548,36593.81334464463,36614.83973144704,32579053.80620264
1704615900,36603.01591580319,36652.498869049006,36582.654793922346,36640.08344516948,32627469.790888634
1704616200,36634.85351401952,36646.1848036472,36585.20020280555,36624.82324610992,20682770.26079782
1704616500,36605.74408953693,36652.8256678143,36552.31800917396,36597.67812092271,16280375.986129746
1704616800,36561.40004310321,36607.75058524007,36552.2596435386,36552.2596435386,25815770.132280264
1704617100,36558.53063178521,36592.362276199136,36536.597605935225,36576.8775298705,34389974.33136663
1704617400,36561.03361599386,36619.7224176251,36507.70018262593,36568.21664550446,43693323.99849407
1704617700,36569.63712311708,36597.19963885825,36522.001746664944,36541.87834024056,20315821.78880136
1704618000,36539.22106773317,36585.91899102311,36519.59131050177,36534.93579047556,33044108.054883383
1704618300,36542.89880212438,36574.114776532086,36528.49580654947,36546.52200142687,28295560.67200037
1704618600,36551.34384589236,36584.07294122446,36529.56410782444,36550.16925334035,19398698.123674523
1704618900,36577.39545954292,36607.026491957775,36533.74140023288,36568.71293432555,24781881.021302734
1704619200,36575.23337571153,36597.17004806411,36550.955969308125,36583.92204721548,19774670.486974277
1704619500,36558.34307280522,36598.91089751739,36541.752561517525,36593.00133905496,21774964.012095556
1704619800,36588.42420198138,36628.83622814239,36552.547909958754,36584.68446637559,26041729.80868151
1704620100,36587.27420824637,36618.29522588936,36555.15999010048,36618.29522588936,30960820.860986724
1704620400,36597.49698412907,36645.27669445173,36585.720702421095,36617.89366244664,10938480.559469493
1704620700,36600.99259492952,36624.66146388642,36570.97129049174,36597.68858771203,18309405.89125523
1704621000,36609.43831074384,36638.19147496288,36592.29899731622,36619.8234450672,23121406.053146586
1704621300,36621.31805311634,36658.7490873704,36596.05080471111,36615.97443158165,23114910.497023404
1704621600,36624.90023181587,36658.63089732292,36585.65386256433,36637.1699147847,34995327.44375169
1704621900,36620.05333979755,36642.00521523832,36588.49263446041,36628.98367057358,7998753.025848719
1704622200,36632.67605375046,36659.85537585543,36594.23240707851,36594.23240707851,28370336.557171833
1704622500,36616.44900611858,36651.46881845746,36581.009447623095,36635.65494232644,28854572.680458613
1704622800,36624.88786536279,36652.41496587157,36605.75963372447,36618.94912574541,22214361.051762
1704623100,36594.59432669942,36604.21627397904,36559.296887647135,36567.68970614178,23342276.734633334
1704623400,36577.71160782994,36607.76003622343,36554.03220713656,36572.74357970632,36283378.57293767
1704623700,36590.772881469085,36624.89336536934,36576.45205981361,36612.4380877402,25083510.413235612
1704624000,36597.13228490828,36634.10037218079,36570.74993371395,36625.32628700944,26825405.778605588
1704624300,36626.98537778047,36649.94214561242,36589.81504001081,36606.395330422114,21586873.392315008
1704624600,36612.69190406814,36650.59529180417,36582.60731373071,36600.85929836001,35679004.560635656
1704624900,36597.41194365039,36626.647372993146,36560.125392465285,36560.125392465285,14291490.002975598
1704625200,36575.88867931497,36605.32161594996,36559.99396543342,36595.62330861741,13030808.482965127
1704625500,36587.30279528515,36612.979208192985,36576.30726369137,36600.05818990264,13780509.332235891
1704625800,36579.62707420695,36620.11510899242,36558.45009528632,36605.82584856128,5290476.365462383
1704626100,36602.67176009463,36618.4124009132,36576.06829620184,36583.17895442575,41334204.91821225
1704626400,36586.846397273184,36626.52335232087,36538.14002526151,36572.495640388806,27262902.202170543
1704626700,36569.672937798445,36589.14064070964,36502.35557572371,36555.2300066149,13158970.599891258
1704627000,36541.14525349039,36565.27443561979,36514.6924218296,36528.85869030003,14362311.830868432
1704627300,36519.864058960135,36562.91165863352,36473.08703407347,36545.448261363694,45936626.930784106
1704627600,36535.93540957838,36550.10654243112,36483.59862008648,36511.117912245885,27197791.05838872
1704627900,36510.32483793093,36533.54466215257,36454.7242431616,36512.74007736312,38942447.06265968
1704628200,36520.36096222207,36562.2729063636,36504.93165782792,36543.92571012581,35010890.07776363
1704628500,36520.76326164007,36560.47656946029,36503.28416137765,36513.94317813464,33223976.14487847
1704628800,36514.468354648445,36526.2414654117,36488.81324221002,36514.25297022686,16978854.092798643
1704629100,36508.94596979977,36531.20158137965,36483.9296086965,36488.211010176245,27635407.549098372
1704629400,36496.43380706659,36521.79682256876,36408.11123652502,36423.91170162608,15820425.617195632
1704629700,36452.67392017314,36473.85110149821,36406.13615937461,36449.52548381114,11941216.143154368
1704630000,36431.89172021439,36471.73250626359,36398.12009512945,36427.27129655234,23724546.546262965
1704630300,36440.57558722015,36449.37034645587,36412.988297615135,36444.73156530352,39310919.37860513
1704630600,36431.225260693085,36438.99505944505,36366.93363493357,36421.95874664973,21053779.001932435
1704630900,36391.616723537976,36434.22919995112,36369.810162938535,36394.150912459045,14911877.94332685
1704631200,36412.40605266479,36444.23076778565,36375.606724992685,36402.15940722393,23911827.006945856
1704631500,36415.28886838566,36463.17046582724,36388.926930620575,36391.493117079954,24959227.7853413
1704631800,36417.00535620368,36446.11543917439,36379.772737885374,36405.87914319274,32677174.811739337
1704632100,36404.96660585599,36452.696991375575,36372.55560670695,36394.80273819988,42042689.0476817
1704632400,36396.641786937485,36426.593884106114,36358.37558534006,36392.31355033869,21475969.837692972
1704632700,36397.00013415128,36430.74218519608,36363.70651926709,36377.05095970886,48086359.728601925
1704633000,36379.20061889594,36415.15314130412,36369.04152378361,36411.104637991,80971569.65645906
1704633300,36396.07203856788,36433.53024059624,36356.26131333136,36415.29849534565,18323048.29074926
1704633600,36387.55413253177,36414.774680411465,36343.28784908518,36398.23692722356,43135077.97417539
1704633900,36403.79580613795,36435.62019716775,36366.783162436855,36373.79533081205,18975903.402468808
1704634200,36381.84725541757,36416.12221267639,36358.07409182668,36390.841997755786,51845449.59218397
1704634500,36394.00976939043,36448.72629754094,36354.21875929507,36444.57186006476,10136620.304128865
1704634800,36429.00653418261,36451.19279282042,36394.762472127855,36446.64516172755,17384775.61100583
1704635100,36412.23466499949,36470.04270175188,36411.8294688073,36457.55435338504,27394479.007866144
1704635400,36443.21571966796,36490.28764705044,36430.82210099056,36484.98267226683,21439256.933306336
1704635700,36457.56509194229,36484.798817696494,36436.26257781636,36446.17608588359,18765070.353250124
1704636000,36457.54734960229,36483.336875484296,36435.218452615365,36466.48686039887,23659921.86675826
1704636300,36466.24276791166,36502.33930017161,36430.22515158822,36474.57028400789,4226145.558843501
1704636600,36468.32517192725,36504.76118487383,36423.35683135576,36482.06574719275,60737526.144310854
1704636900,36440.68045242139,36464.49996975149,36377.46925537496,36429.91066358029,14078947.192270422
1704637200,36407.901188168034,36437.02474448887,36366.294334229766,36437.01632867919,27693334.067640055
1704637500,36425.1799215287,36458.47687471714,36412.91411884033,36436.37892258544,64662832.95531106
1704637800,36426.69059599895,36472.38860696701,36411.63751791672,36449.26072542756,21287237.836162698
1704638100,36444.2351432211,36483.9155251324,36427.40139220298,36427.40139220298,32263207.715353984
1704638400,36450.183522977546,36469.840471330645,36417.21083475723,36428.22426682938,24706386.656830423
1704638700,36438.83506658806,36461.67207147938,36411.499829347,36447.78023723519,24545216.97623184
1704639000,36442.38521396864,36466.62310663419,36409.82788128603,36431.29939297754,50256745.71320909
1704639300,36441.67295193077,36466.50212544779,36401.12891652177,36425.12447303042,35754290.557844885
1704639600,36448.42776049882,36493.88300738919,36418.96256508792,36460.898962323074,15193051.25952085
1704639900,36459.442257662886,36478.736775805664,36399.51684249854,36439.388999839895,25423530.6557588
1704640200,36423.68338829791,36442.41645269152,36363.02437069614,36405.3188788113,45078585.139220014
1704640500,36428.21403128055,36443.79368838335,36384.1564028191,36407.9107895193,68213480.36583048
1704640800,36391.64749963622,36422.17831857325,36334.495969067546,36348.98022430136,31649469.11793137
1704641100,36371.482712396886,36409.99809346365,36351.66255527296,36378.02170263449,17827789.411936656
1704641400,36381.08542329672,36428.43459704252,36342.080541627445,36397.48334717658,11995205.49382379
1704641700,36388.229048697336,36423.73409493206,36363.91951401835,36404.95848273391,17707064.686606716
1704642000,36408.65465885248,36428.1680111402,36383.88686130395,36383.88686130395,23175894.944322333
1704642300,36399.3340388839,36437.74912501618,36370.07942726121,36370.07942726121,20312314.07899435
1704642600,36377.93092139698,36412.98967816759,36350.37497532372,36363.63731244767,6232313.486336202
1704642900,36352.98417287114,36391.22333658875,36348.0631645245,36384.736315345726,26294294.001725312
1704643200,36369.17537963612,36403.19373616756,36335.70904301977,36371.41327404657,43181223.59263529
1704643500,36346.88841301555,36405.08755115336,36309.45641251875,36355.44691278962,15419639.508711115
1704643800,36357.895323442615,36393.26941977484,36328.4289257513,36338.24626398059,40554194.78207188
1704644100,36347.43435749128,36371.19287061003,36305.80354514584,36333.51299966613,28581511.68356231
1704644400,36337.09942743632,36361.8676084059,36311.35529075428,36335.33961669501,5316464.619998241
1704644700,36342.80933228145,36371.02844974912,36301.96233596513,36341.42561364799,55654790.82165022
1704645000,36357.44325999467,36382.057247213736,36325.02818895605,36344.151933842695,31788104.45595006
1704645300,36358.40671515292,36382.23469281347,36305.21685620208,36356.01363457328,11408051.043826317
1704645600,36334.35982211923,36355.0195774005,36304.77543314136,36334.83510927045,58968111.91158735
1704645900,36325.43399983794,36350.80157096152,36290.1650399553,36334.03875670004,27942793.6658156
1704646200,36316.98615724165,36359.679238441226,36311.78490090373,36342.04606974016,18584580.479264572
1704646500,36343.80659988954,36373.0676718683,36300.3320551396,36318.1280124595,19997136.400898892
1704646800,36309.07286532461,36327.33958871497,36251.05868700803,36317.27833947944,23284273.77394031
1704647100,36297.08156252626,36343.76402068374,36285.66197599619,36306.088180121296,21274579.15404603
1704647400,36307.57683391367,36332.80060081341,36281.394788395424,36298.8882134059,29065513.026447494
1704647700,36304.79330771323,36334.507703291136,36265.7770415234,36301.72597777742,43553968.172407046
1704648000,36261.702074771485,36289.84146105607,36241.25370179429,36285.06522372956,41768748.630594954
1704648300,36289.74783408928,36308.78979307186,36258.671196206255,36295.09493995599,13903888.30388073
1704648600,36297.94867582465,36321.97541268809,36272.16665408744,36303.17626665274,22002540.657889184
1704648900,36300.88890925018,36311.30009873764,36248.02639968811,36268.11191576556,33757193.71543515
1704649200,36253.35836859544,36299.16620658172,36232.81664612004,36295.39065826406,40023421.90782839
1704649500,36295.30703056955,36325.316544286965,36254.70647018679,36293.55631953316,11226069.564972945
1704649800,36305.183703903625,36352.15996326009,36292.34557561849,36317.07163458489,26794423.59752381
1704650100,36328.234389754616,36345.13625942299,36293.90813265233,36306.12074050891,12533443.301688392
1704650400,36308.07629658772,36352.30691674061,36293.15741353119,36330.61754452476,32029801.997532353
1704650700,36319.84661944951,36368.40124761451,36305.85038215576,36336.40077279897,36554527.12943016
1704651000,36338.85387935034,36382.8598921259,36310.81985713708,36362.98186683435,24105968.637663726
1704651300,36350.8768309617,36377.34363841433,36331.10188981578,36350.31608960817,8138330.465009524
1704651600,36347.846176225416,36361.13948048527,36317.329143104784,36344.8287109821,11143427.071039902
1704651900,36339.51270451835,36356.8124740869,36311.95743107815,36322.58934908048,55411421.17642291
1704652200,36313.47823814262,36339.10900694325,36265.915518104215,36283.21935582965,25963797.06014447
1704652500,36284.5437903373,36313.04934428981,36234.89908371654,36276.11938060393,20125994.6680004
1704652800,36275.31610781047,36308.9734008906,36246.465953033214,36246.465953033214,16603226.155763164
1704653100,36282.03803282228,36311.98716510377,36241.79534024141,36294.95244234737,17381989.057367016
1704653400,36286.00981307522,36325.42462463073,36264.11451036223,36271.32880320833,18377918.086756617
1704653700,36271.33514064335,36303.01187927617,36249.16218586263,36277.10137540791,31740179.61466804
1704654000,36287.3058800261,36322.997822701946,36247.09499698939,36270.938026198215,18127756.424516767
1704654300,36263.30713816869,36294.34974996271,36236.008550327766,36268.35624980581,71734058.08553918
1704654600,36279.89293035762,36303.99627499068,36250.277381344815,36303.99627499068,33665674.335975304
1704654900,36277.84725200594,36302.60104382848,36237.673272964006,36273.66892429112,25576972.329026137
1704655200,36271.54086511807,36288.302865114965,36243.82139017125,36256.648819137066,30366495.30692343
1704655500,36263.85919100719,36280.105071863945,36223.58493588876,36265.01446492189,43383787.63239547
1704655800,36262.79765029403,36284.90736668362,36241.24311593647,36266.106922255305,40187740.69484905
1704656100,36274.2844572049,36307.94753610421,36267.98674522754,36277.663685017615,15597484.081866631
1704656400,36274.36274428985,36293.57553147411,36234.25089078695,36273.58766987146,31874570.02919195
1704656700,36256.98185287124,36310.3472753118,36244.43142850161,36251.34664999775,14478488.690885117
1704657000,36265.61495282168,36275.742125943,36215.17431371001,36263.349768771055,22924376.045915633
1704657300,36264.00248719877,36282.80990552352,36234.13363979334,36242.87937080067,15345319.762663607
1704657600,36257.80718688601,36281.59586746156,36228.307494534434,36280.56824352093,16215813.62880023
1704657900,36272.06168786072,36302.51136696887,36249.926181054085,36267.40855641846,32958865.535271294
1704658200,36274.13870582162,36308.53777982128,36244.249095735526,36264.76898057949,21224714.961721525
1704658500,36263.504918672224,36311.15953280177,36234.56074106904,36253.69291642908,10828468.064721687
1704658800,36282.96770630048,36319.86958372061,36245.68106719981,36265.280995943824,16180886.089053327
1704659100,36279.96385859774,36314.56809648326,36236.33017401428,36284.77762395742,32121460.5215657
1704659400,36264.07411840299,36311.70352590365,36257.137979742605,36270.642268382006,22893290.280564457
1704659700,36269.84771058844,36302.26116388189,36232.77485944333,36286.12685661194,20992862.19109197
1704660000,36281.17259076064,36312.3119720709,36259.78121344082,36312.3119720709,38621262.95590394
1704660300,36305.23580756642,36332.37528464484,36252.445904842665,36287.5762183168,38222678.54582174
1704660600,36268.0303033788,36296.32663310551,36236.9154185622,36267.073097520144,18701075.923010908
1704660900,36261.83901366925,36310.99191612312,36251.51256951706,36297.60487276151,27702298.735078327
1704661200,36272.63238886426,36289.17114999548,36237.098876199634,36280.45580265773,21446731.850556705
1704661500,36274.18219936481,36293.414960924325,36233.07611405472,36251.28549546361,35288164.61250698
1704661800,36256.68866800737,36280.172870350114,36203.92998229851,36252.46209188564,26140411.544077497
1704662100,36265.48614107643,36318.96453152053,36249.40330261917,36280.488826340064,30194520.292414825
1704662400,36275.03034927094,36310.792018514025,36247.62978526754,36288.80901640344,30001001.161299087
1704662700,36287.34093570092,36306.37501707821,36270.19416318049,36270.34767271852,17776409.34934987
1704663000,36289.73054247221,36317.599566759694,36253.01260254621,36282.3743529531,17063840.91774544
1704663300,36270.69063440883,36312.89371554517,36251.52367092035,36273.09760029421,15726328.18201067
1704663600,36276.45941294221,36298.75742532467,36236.335768823534,36253.22943817242,27393578.793072525
1704663900,36246.56452025792,36272.16649543176,36222.41950933378,36235.13406430675,73580551.08572726
1704664200,36240.254629764815,36264.74480303953,36182.55220300813,36228.35758726532,22385079.573253106
1704664500,36225.263854686906,36247.44201841553,36187.80601442371,36230.01836189871,57849170.55599306
1704664800,36198.80796790439,36219.72567363489,36172.064898821285,36207.75016459297,29462389.290769428
1704665100,36212.31914333519,36235.31062507892,36190.33237625458,36202.791065939535,43663107.58917221
1704665400,36212.78912621455,36228.727217037405,36174.912433607686,36188.16511782944,21310680.71349687
1704665700,36182.313989092174,36216.88779029265,36156.16564083498,36184.31043813255,16012305.63667
1704666000,36177.35361763274,36199.12881352416,36151.02002670145,36153.66132130882,31807904.907392126
1704666300,36163.19376174777,36211.03628607651,36141.70912350484,36151.28521633455,26489041.820689652
1704666600,36161.507062663375,36175.73575777003,36127.96265272514,36160.17912943592,13535257.546140589
1704666900,36181.25048603176,36237.3121182722,36154.58573700517,36208.33203580791,25689547.97631744
1704667200,36209.2690228014,36234.277077646446,36166.5189445937,36179.88953949378,7240032.896065965
1704667500,36192.852579150494,36202.89237494529,36157.041957423695,36193.47331203055,29718256.84112676
1704667800,36171.96429082233,36188.18107403415,36134.76933946579,36147.58998893686,26075867.489871204
1704668100,36171.0929775069,36187.269241796814,36127.66969678274,36166.41471926319,34024300.68652181
1704668400,36151.53862757127,36178.11067396368,36127.38241166118,36139.64183613636,34970572.40628133
1704668700,36154.756353893616,36187.86525612708,36142.94210053477,36170.09796349055,19194325.644056436
1704669000,36169.176922979255,36189.57815002426,36142.65784908583,36163.92339623307,75535672.3394709
1704669300,36164.14042817537,36188.58455739481,36140.55884466317,36156.17382716406,33951423.77367167
1704669600,36147.95094120318,36209.94267037203,36121.79141180944,36153.847071038246,24789514.681536235
1704669900,36150.03840501493,36175.31770605024,36114.88402325978,36121.45168726768,19340696.935832188
1704670200,36143.83955095563,36197.44242951878,36121.33203841054,36174.11254964224,42298237.5416033
1704670500,36171.65700686711,36186.72440599476,36130.97872093484,36166.15554844967,14359317.903282605
1704670800,36154.12602491702,36164.06273882486,36124.76489461281,36124.76489461281,38487532.786005124
1704671100,36142.8784083459,36187.75184763099,36117.4153793524,36129.812439129455,38940977.552348636
1704671400,36145.19581631056,36175.18386121326,36112.692234483,36145.10848631499,41117032.90208071
1704671700,36148.62171240529,36163.011244347465,36093.85951179819,36109.70507963567,78009747.26811913
1704672000,36127.54925567552,36136.74074287667,36090.67623440271,36132.82481298003,16823777.290177386
1704672300,36122.91922279926,36149.02132944207,36069.116991904,36118.946529493085,17151689.175072335
1704672600,36110.06571502047,36156.68421363229,36055.99565089178,36105.07466983299,19801043.258378915
1704672900,36124.79662307328,36153.64130816664,36109.03691735873,36135.45730591208,32805840.17421541
1704673200,36133.366387086746,36169.3703956616,36118.95046398857,36146.38948967003,37652165.36901361
1704673500,36165.01769537978,36196.378709798206,36123.7866957296,36161.54565333244,29117606.53660813
1704673800,36152.04317421738,36163.20650902035,36108.28066947871,36135.43062387187,38999893.053317346
1704674100,36128.28549957864,36138.998153220455,36085.19780140858,36104.58108067451,20188037.903131388
1704674400,36111.54325937859,36133.39873770337,36081.77673779274,36095.20793235535,19492981.329379503
1704674700,36090.78502842858,36123.3412558547,36046.56870997568,36083.22870307922,21009357.4347882
1704675000,36103.09784196177,36147.396511554005,36080.64069119674,36099.70978893922,41227818.90286263
1704675300,36101.68565245999,36132.38817472085,36070.04795910091,36085.741629607706,51766301.04705733
1704675600,36097.625341015664,36146.3511061332,36090.90117394733,36100.31085053861,16299026.640310388
1704675900,36101.06318406454,36137.58646392544,36073.53251613861,36087.950038291696,18308385.302414015
1704676200,36101.70396649755,36150.93668187267,36076.8633501628,36078.84075995665,27968799.040863693
1704676500,36085.90968149735,36129.41118060378,36071.445977510666,36105.39112823442,26024724.408909284
1704676800,36110.26802802785,36152.33387985927,36082.5425168795,36141.26743692563,20867246.352010965
1704677100,36143.41354870026,36174.8911692742,36125.83993733795,36129.86283800394,14202245.68934499
1704677400,36139.40151478659,36178.347397899466,36104.17587898569,36142.74771963859,18311436.911183424
1704677700,36133.788136189854,36164.5163788347,36076.73578802774,36098.62146183093,16433000.96067926
1704678000,36111.83702105468,36118.48106392208,36074.68491641791,36097.04600698657,21875612.76629155
1704678300,36093.69794906056,36138.784747873695,36053.999367420176,36097.324430205575,21043952.158888314
1704678600,36108.411618898695,36129.30054339051,36079.32035805036,36129.30054339051,14660880.23711231
1704678900,36132.650095064266,36147.25474347088,36102.10416020977,36137.89155158312,28012596.547859803
1704679200,36125.72865170887,36153.65615872864,36091.55501695977,36132.320383572536,15908482.751906734
1704679500,36131.294284016265,36170.99384648439,36102.55877464379,36135.35200240368,25158154.68801373
1704679800,36139.969040347234,36164.668912174326,36094.15911663616,36117.40700616863,11173555.78070669
1704680100,36143.54682149794,36156.99213081074,36111.38774162359,36129.46239456984,15548102.019343238
1704680400,36145.876702071335,36190.88632522729,36122.02579490961,36150.66898271957,13841231.895931426
1704680700,36155.991565789984,36167.75208384468,36127.14117891437,36150.12315857454,46294500.777292885
1704681000,36140.59212591101,36159.292909330165,36086.17936460108,36116.83875931139,30294179.12543314
1704681300,36114.256640847045,36137.23206803412,36072.56145721484,36079.32386638281,26234657.353300378
1704681600,36093.67291618084,36131.84564213214,36053.53983348615,36120.51227601135,22659475.78946455
1704681900,36110.24237890207,36125.651952926215,36067.77750544164,36096.41363010478,14711579.349786341
1704682200,36105.86854416109,36129.567953944505,36089.272105495205,36094.03559978539,18385800.87627649
1704682500,36094.9990901449,36123.36765534898,36060.6136380075,36098.89714891794,25869012.513703827
1704682800,36090.4721387893,36126.17135602634,36061.03107661392,36117.426744809534,11165789.2448591
1704683100,36093.93305795712,36121.883102112224,36072.42416946215,36098.60876760018,34527139.25923293
1704683400,36089.82667761529,36138.43408008721,36072.66010222578,36090.56445259373,16056822.155447796
1704683700,36087.59871282219,36135.1832949833,36054.9303675841,36091.85769674402,71692429.62095872
1704684000,36096.004765316735,36136.10020955719,36058.78523852736,36108.55548260052,28104457.506219175
1704684300,36100.40222153518,36142.67659148161,36055.35026664301,36086.84426054923,32578858.222192697
1704684600,36101.24985378311,36130.1646687776,36081.74366090173,36100.37205663828,73544978.87393321
1704684900,36116.81331414266,36155.9272038938,36079.92732792814,36091.33822700563,19454103.69133839
1704685200,36091.56877634765,36111.75909916385,36068.90379236803,36071.58138775405,22871485.10901254
1704685500,36077.87171188452,36113.61166373254,36062.92401221969,36074.52623631265,18670773.12250787
1704685800,36098.55563868455,36130.695176427485,36079.657132599015,36109.36777892808,29324440.43725819
1704686100,36100.37151850676,36142.46973962835,36071.798286075056,36102.590713445694,9091084.242348278
1704686400,36104.399010402485,36130.61894069713,36079.550032966144,36103.91681889135,157117559.83446726
1704686700,36118.08653212097,36152.84023245842,36099.57285723538,36139.23622034975,25926507.041868787
1704687000,36142.17299716882,36194.71118503348,36123.82769211362,36150.19163337666,20512940.915677804
1704687300,36141.565261936594,36179.062106319085,36131.12964049301,36177.70107801115,28072696.23062485
1704687600,36166.44430138322,36187.72209315853,36145.105629438425,36163.66371025946,57868987.039064586
1704687900,36144.947616867816,36168.20379894504,36118.72990707668,36147.10688001782,64833742.23048734
1704688200,36148.18865751244,36169.86414375949,36117.16379806994,36150.8804787458,13604998.71179147
1704688500,36150.00638667474,36194.8769135944,36133.67162146316,36165.22349625496,32895434.26693971
1704688800,36171.04061348378,36181.09255433669,36139.780947864776,36174.65610746591,43233952.468946435
1704689100,36177.69960479863,36192.56346764834,36149.325491597294,36184.87821264835,34716546.64379962
1704689400,36170.568551185184,36191.73020554119,36145.4825391908,36147.163307125855,43440249.91226238
1704689700,36162.509836571495,36206.24769070833,36140.2486599817,36140.2486599817,34878925.127305254
1704690000,36162.14289447492,36180.51009269047,36087.84710011593,36134.44533510365,13754917.46934288
1704690300,36134.11283139066,36159.6996481347,36109.4015254104,36126.51726869419,21005135.698042203
1704690600,36132.69558937517,36162.57700873922,36113.89391835834,36137.03022842096,11644732.930140339
1704690900,36142.51788407912,36178.88044229244,36104.24397691114,36133.65666248613,13381398.695983121
1704691200,36141.71349878977,36189.84937004586,36084.053338915095,36126.768052905056,35997689.51832895
1704691500,36126.74436857636,36160.38944670715,36093.98872627329,36136.41279868239,21710480.6270803
1704691800,36135.9609614916,36173.68835533925,36093.29799747414,36106.596852892086,16714649.470815402
1704692100,36099.99240176784,36134.3601721011,36074.896839844856,36130.0930371134,10138104.269602302
1704692400,36105.66334307855,36131.6779550498,36069.976477330914,36075.79370752795,21348373.57600344
1704692700,36099.83102033965,36133.99808275163,36085.79350979442,36121.11798248012,14329799.888045188
1704693000,36118.32821706717,36146.537241078346,36082.10807112789,36118.64885090887,19951511.581885166
1704693300,36114.92212222464,36132.30798036322,36079.75729599006,36094.81484846841,19168469.28740418
1704693600,36101.82644132999,36135.900976856254,36075.28223045001,36114.522665083874,12900088.341347244
1704693900,36098.96681592336,36135.77353076128,36069.25502930443,36109.652509955245,14524624.521343585
1704694200,36136.805945286585,36151.80905162635,36111.84407715358,36140.52433670265,22878478.721933924
1704694500,36127.95766722625,36151.28775164104,36108.75386732192,36131.82680824428,19160392.387578793
1704694800,36125.47562453675,36170.50174326403,36112.96995347878,36155.39967517995,48094891.02597627
1704695100,36163.75696090397,36210.48130943573,36144.86570949955,36175.17446709163,20289735.734800626
1704695400,36197.53129880019,36231.25159816106,36183.24876222463,36231.25159816106,18128170.829062037
1704695700,36210.94172337376,36248.9819470318,36183.371782881455,36233.43160643261,11005916.971209787
1704696000,36229.83338859218,36286.29859370938,36209.1169157925,36251.71070858755,48529316.66126909
1704696300,36251.06776922738,36273.84867318355,36208.03228937321,36223.80126653637,20610454.045001954
1704696600,36239.57307623512,36271.476312901694,36219.56970167504,36254.1928959434,37781696.84939542
1704696900,36251.73135024642,36276.72552108837,36224.53218551891,36275.84286381044,37016238.36598517
1704697200,36270.022920341005,36318.81741449189,36226.97184860217,36270.69820959451,21428813.109087624
1704697500,36284.59181615374,36325.22829541814,36267.32267316542,36289.68024474769,37255941.50623843
1704697800,36290.32080773074,36347.16847333784,36241.44989398137,36271.31967469891,77639008.64399143
1704698100,36259.88644692639,36287.57984117476,36215.45567011493,36271.67523158828,21877245.59967181
1704698400,36283.03476128406,36291.64097377173,36255.31682832851,36275.88291998261,6436014.636733901
1704698700,36271.21704369111,36311.35586453592,36252.8945276174,36311.35586453592,25564072.11682536
1704699000,36290.17740321581,36306.22962086128,36229.90713433309,36254.865180045934,10787801.091570493
1704699300,36257.88169277639,36292.5805468574,36242.94331416036,36280.31386713809,21093609.563293405
1704699600,36282.086160534025,36317.41058570659,36260.0380619879,36261.795393771965,13450698.531315334
1704699900,36257.72294902942,36279.51314385297,36230.96220576433,36242.559476646005,18046231.68532919
1704700200,36258.33030272732,36297.52362715952,36221.45703886276,36265.79375692586,27805843.322797216
1704700500,36266.639433570366,36292.1711696665,36242.17439701165,36284.16269384815,43145496.644852564
1704700800,36279.54098269022,36332.330883125775,36276.903799131855,36307.75096986471,24905907.326690447
1704701100,36318.75162078151,36337.971762991365,36280.54547767404,36296.89861004644,72570598.88922212
1704701400,36297.6411880916,36321.49575856669,36267.952600899385,36302.15841972221,27634110.261877608
1704701700,36271.6347408926,36321.004400801015,36231.623839044594,36315.07661354049,18259466.968243983
1704702000,36303.89877439299,36329.64785222513,36276.32047639662,36316.38049538059,15375944.945835298
1704702300,36311.96926656759,36360.04561277943,36262.65009282451,36325.03273518721,19790862.8942681
1704702600,36303.61841255854,36341.13904949858,36277.15331616745,36312.351405189445,9248706.583627606
1704702900,36318.87411649968,36349.2158658241,36292.6097539961,36323.145761287255,9605929.702519005
1704703200,36321.10987176431,36342.04964521336,36295.56163442864,36322.74672974221,81586434.06132573
1704703500,36313.53306396445,36350.20054271745,36294.494442187926,36336.22191230842,25648875.060617596
1704703800,36328.66303411309,36375.63000860943,36309.76351228038,36349.01812161179,24972013.011352725
1704704100,36346.915804281605,36381.23624288217,36306.96396994335,36319.77360804413,17896404.37732403
1704704400,36317.25842920299,36340.9391652506,36293.18900086754,36322.52220302931,12666836.507733608
1704704700,36325.15853010435,36362.3675656514,36309.48159763057,36350.08882189426,21877320.7236976
1704705000,36340.04784363856,36355.03266929552,36307.25339239268,36331.240387170285,38923195.92553449
1704705300,36314.97048382906,36323.95587373332,36271.72956969839,36313.12316866617,24200080.744027764
1704705600,36291.85142027296,36321.07065247287,36230.536675210016,36302.2538909135,12809861.328263085
1704705900,36278.576061913314,36312.090432948375,36254.09242460888,36264.44892022365,20380532.796427783
1704706200,36280.85106015959,36337.57995751612,36244.44828837145,36287.33662345019,22885246.79201128
1704706500,36285.15313453253,36315.41070158781,36271.498961180514,36301.48212159326,25656292.61834876
1704706800,36306.29388256421,36349.46655140213,36273.98856178147,36282.505883165046,50771093.50711619
1704707100,36299.05882858295,36324.793304874496,36268.659319471575,36308.64719335402,34511822.04580988
1704707400,36298.54216266686,36328.68927274596,36279.404569560014,36315.735555667074,27872689.146916058
1704707700,36300.30016665577,36315.468834012405,36267.09238867091,36291.501148824645,25310716.850236807
1704708000,36291.585481253685,36313.997881756855,36258.46391153808,36264.3534622495,10160556.242913764
1704708300,36275.63357624626,36307.23048173955,36258.480931221486,36268.798564801975,17725278.038638428
1704708600,36287.03280850624,36316.68069456206,36259.43364165074,36300.09715789404,20787728.50444617
1704708900,36301.81667616141,36331.28190453001,36280.88916292112,36312.546034463805,35676367.46806894
1704709200,36304.62128300061,36354.21573180941,36274.29237128631,36311.45360921376,30927241.302255508
1704709500,36315.54988084325,36344.39063534245,36301.11419625544,36344.39063534245,28815406.491239868
1704709800,36333.7429054585,36353.708711157626,36290.83663936106,36310.76496247282,20104524.99052115
1704710100,36326.197178875096,36365.51395919151,36316.55921101315,36365.51395919151,56791050.34185127
1704710400,36353.32981003638,36392.94240910574,36338.83897577841,36373.942932521706,28786044.98684875
1704710700,36364.218063706,36390.06423635576,36330.85531889706,36367.38496787295,34435637.28217396
1704711000,36342.04894273288,36357.53159660887,36297.29795873598,36339.88237709389,28094827.476208817
1704711300,36327.95097782352,36347.50967996504,36288.18262256998,36313.870195874784,19285718.337657157
1704711600,36335.8312980318,36366.117239200685,36316.28075931196,36349.48533382982,24704809.190277655
1704711900,36326.22173622754,36354.72394538009,36287.4660790724,36310.28614375015,38739368.69220735
1704712200,36302.01397140608,36338.761703694334,36287.39030550777,36328.58686994848,84603785.01939401
1704712500,36313.76471417195,36359.5125393576,36280.2385442953,36319.93775464844,26707975.058713365
1704712800,36328.561789192856,36374.89859182745,36300.58811511345,36372.498193128944,42154167.67530159
1704713100,36321.90907706706,36350.59809982127,36304.39993690408,36334.47277774457,42065660.67237279
1704713400,36330.82114934224,36365.25908734854,36291.88227080378,36326.02209259573,14506208.275254915
1704713700,36317.18658542448,36332.94115369649,36270.99834845599,36296.65893381466,15586752.746607
1704714000,36283.92605354544,36313.72370433202,36258.392327809175,36281.77178639605,41606940.227665655
1704714300,36281.51360255826,36335.13226602979,36249.92739753258,36314.85635793032,28156642.1896517
1704714600,36298.28120900395,36366.74879127352,36281.78793009408,36330.72785561156,25790336.859003622
1704714900,36337.43022049386,36365.327524924855,36321.507326571045,36323.97186165317,16905005.029908735
1704715200,36333.34120870331,36356.76986973741,36309.74692679868,36326.039165328606,20903105.218939073
1704715500,36315.59588708278,36333.80302993227,36273.37236013513,36275.67768088652,25565526.813503478
1704715800,36283.64998308923,36333.79037575079,36254.40325659414,36276.47855927618,26495104.84755017
1704716100,36278.40606483889,36298.6451475342,36238.33240374609,36253.61359561674,12150967.986049246
1704716400,36253.62092058111,36290.527543334414,36245.92191130669,36266.26641200717,12986523.557227869
1704716700,36265.73689480711,36291.12892075809,36237.27771102352,36253.63157672339,22192292.368577942
1704717000,36260.03259336785,36287.91676975327,36236.46300071327,36255.35391219011,23162026.005674
1704717300,36259.94928996129,36321.500496576125,36211.58484813626,36298.49926329919,14593037.711525964
1704717600,36306.20166295832,36345.66155254986,36282.85082407557,36312.06044720175,11498694.573442612
1704717900,36321.31098960441,36351.43977655826,36297.2795054491,36319.844521443374,26754428.76229331
1704718200,36338.591336314894,36387.9480390349,36325.66272198367,36331.04175478449,28584018.384139348
1704718500,36359.29452866876,36373.10504865944,36300.813460819074,36335.906786234,9365226.34502669
1704718800,36346.56728409051,36383.61286684494,36325.661045156885,36364.45408562022,16783253.569458615
1704719100,36352.69084230458,36402.22905332487,36326.94883352492,36358.48705832976,18453133.361202415
1704719400,36344.33800612912,36377.77802708945,36313.5396034592,36353.698439241285,12685721.969779905
1704719700,36353.90963390801,36398.18136992712,36327.96670847011,36337.000356872086,9037540.730431048
1704720000,36343.83604589423,36364.57832669671,36323.32648552965,36344.52826926475,15850753.359384377
1704720300,36339.22976929702,36363.46838259496,36298.20029490567,36336.691079116834,15938307.212076044
1704720600,36320.87203987051,36373.060441861104,36302.46260616424,36348.29972533217,39090674.42449527
1704720900,36341.87232991325,36381.54939571411,36331.40545412288,36351.29048997719,57384833.95879129
1704721200,36357.63293933746,36387.041286956446,36331.3564643004,36381.71926232676,80056240.05589336
1704721500,36371.2506776979,36387.22754160332,36337.55795479896,36357.71081730702,42766024.986337654
1704721800,36363.16941120414,36389.97450136735,36322.67535783155,36355.4643019013,23753054.34513636
1704722100,36357.26845840562,36383.08907665472,36332.47005818083,36374.30589544452,29827074.97554619
1704722400,36362.34599976196,36382.92482928116,36336.33099630798,36367.31947554837,48380863.723996036
1704722700,36356.99907436035,36387.94283965619,36318.317206655614,36362.84980840136,33616865.91174342
1704723000,36374.23412881278,36388.67155018212,36351.42432971639,36353.47316557772,21198369.126849514
1704723300,36370.57815964272,36398.43745516831,36313.545006140936,36378.34467603732,19382390.190374225
1704723600,36369.60308884393,36389.80344093895,36323.29754266379,36375.258573753,7320224.591226859
1704723900,36372.24637226631,36428.482356007305,36338.35000639157,36380.59249750456,12033941.17662818
1704724200,36378.87313939701,36405.32437055359,36348.42962627625,36367.12691672801,36378520.010908626
1704724500,36385.41969808753,36420.33168852025,36370.39918165383,36393.876532775175,30174956.264256414
1704724800,36386.91819459052,36407.2139835272,36337.98919799303,36382.54804507495,30105235.37952938
1704725100,36388.24923094305,36431.24888424624,36354.82980190903,36392.7622710809,10914921.997644454
1704725400,36397.669335080536,36416.45072261772,36372.88535294843,36404.92765647914,12133448.701901495
1704725700,36403.50619001599,36443.155952722846,36365.51330831328,36403.0141123802,17581290.9292284
1704726000,36399.4968512482,36417.34793670655,36354.635967631366,36386.99171862412,8676082.451108791
1704726300,36366.67000303889,36391.83670204495,36338.04793992475,36365.53071928652,14073736.545242285
1704726600,36389.31415583766,36409.42354832617,36347.30739089026,36373.58992660838,56866678.70111437
1704726900,36387.50637411547,36417.91455923733,36364.6010425503,36380.81974982138,25158918.582410544
1704727200,36383.20803811093,36411.16500720268,36365.587826741845,36386.25217208921,37212235.97162831
1704727500,36405.19868625244,36434.84178045208,36385.81316308986,36421.52606522692,14748084.28040963
1704727800,36411.26664013971,36444.674566810514,36377.738071822496,36387.59954979426,31010743.94471051
1704728100,36405.35129484215,36456.23733924116,36376.42008438081,36429.15040170845,18858491.91632081
1704728400,36435.87499123279,36473.838881543306,36425.976820338736,36456.64091152514,30637103.76416689
1704728700,36451.71482165147,36489.91470902612,36391.0958460092,36450.01394596636,27701566.678698555
1704729000,36447.672691987806,36480.17953606584,36408.37209558727,36458.95293009053,20926122.026746698
1704729300,36436.11766510496,36482.217707595264,36410.81446728115,36443.46627500123,39230684.339559466
1704729600,36450.34060212223,36498.34285988357,36407.97622546446,36448.651706900826,20773933.77735514
1704729900,36449.199836917614,36502.759608113214,36415.746747924895,36467.17321323175,13276154.324760702
1704730200,36452.37625615994,36493.870814816175,36426.80825182192,36456.04222277803,51894381.40037616
1704730500,36458.89885991669,36498.446722939545,36438.3362996032,36486.29019981692,11471916.160492267
1704730800,36493.58623815584,36516.89552658186,36467.900962544976,36471.30190931246,10731437.571500842
1704731100,36490.0258835254,36507.89948248037,36430.467577645,36479.61422038945,12009910.740048815
1704731400,36483.35553374509,36497.13948648917,36436.79243077076,36473.66391698423,18788748.323797837
1704731700,36463.10827615458,36490.62033676983,36408.48596758311,36428.90821959693,27577073.937781285
1704732000,36438.2491850957,36456.80118438956,36412.16921280071,36436.27381061537,28251157.74514456
1704732300,36417.806083395895,36429.20777926008,36384.32577805729,36409.71433185526,47730364.5531838
1704732600,36404.43227531035,36437.59892641613,36376.8847206526,36389.65919623458,32376250.088465672
1704732900,36391.700752135446,36434.35308514982,36374.4730591468,36406.29679695546,30875276.960470203
1704733200,36403.24703947127,36431.94159237862,36377.23470596516,36407.06695267811,16993145.87525207
1704733500,36391.53729306771,36426.13219491105,36378.24283098115,36401.12839606468,51108164.8156311
1704733800,36386.85111245664,36400.308773501136,36357.53919480119,36373.88517278779,39094091.99221569
1704734100,36374.80713060225,36391.77288016186,36318.98774717376,36346.43244513548,14877355.585710023
1704734400,36368.49847037389,36379.82743372744,36342.14616314206,36355.154304792624,35746723.94175179
1704734700,36347.10340563784,36398.45570071823,36326.381528701386,36376.1423768982,21907664.3107405
1704735000,36378.65522865846,36401.55757405344,36351.51851209299,36358.7301998572,18259035.880032275
1704735300,36377.60825930332,36405.51049509975,36336.74083856229,36393.342858803575,18552265.303660255
1704735600,36378.92452782918,36403.6353781165,36343.855918222136,36393.13741318823,13068189.201499444
1704735900,36389.978322193216,36437.36506407959,36340.54171385164,36375.23606754839,17057816.814442284
1704736200,36361.41520195474,36386.23634820315,36336.60098216869,36360.3837670068,27908900.13495193
1704736500,36358.95019945425,36400.94718621521,36325.73174371269,36352.12825984981,17943584.56321901
1704736800,36336.49973737531,36342.25218323667,36275.60192511823,36310.62513403993,11882831.587991573
1704737100,36316.17346977388,36350.7906370768,36300.52125104049,36328.22431389187,31808486.106698558
1704737400,36339.492582668245,36362.76618676119,36318.69978541685,36341.58987564678,11297539.214629924
1704737700,36348.74773762803,36379.07783113996,36329.327316355535,36351.32020166636,26986937.81762932
1704738000,36358.98236395147,36394.93603160024,36339.64594986342,36355.89921254839,24200804.570681844
1704738300,36368.854383326296,36381.62033937455,36328.697557045554,36350.083939461074,59902696.58600004
1704738600,36347.67571006088,36399.66362647984,36333.10535443272,36390.48151222325,35866564.48369943
1704738900,36370.8450126262,36409.17802453327,36329.78434699269,36341.741849933234,29184968.405871395
1704739200,36350.29691851493,36377.24979936032,36303.42513448202,36355.18168547813,31027501.211985607
1704739500,36355.24559258923,36375.87533704196,36325.66590584901,36335.64562301813,55990258.57662083
1704739800,36339.04891000612,36376.23747761711,36312.0185714338,36329.68122520978,16319239.530073382
1704740100,36345.092220682,36363.77962515793,36309.61144854225,36335.711205961416,19536170.102789357
1704740400,36357.79244958851,36393.38731859416,36320.547311889175,36354.19955584239,40431164.81166961
1704740700,36362.108267610725,36385.5130703793,36325.52937996583,36356.55823469925,15268817.339381285
1704741000,36366.34983539988,36389.38763318242,36339.642736102265,36351.00436174409,34676481.21755978
1704741300,36366.87167797478,36403.44831799036,36340.85803925344,36372.08259822718,27956038.34096989
1704741600,36343.62519319662,36376.29299677699,36336.655817906045,36375.161554538325,24904343.671566233
1704741900,36367.48915343034,36397.72800209101,36337.41093478774,36372.55705114156,18064247.58377017
1704742200,36351.35275703688,36375.02291646277,36313.10761360511,36362.05542083695,36665521.57046043
1704742500,36344.393269879954,36361.53727263695,36295.59954043912,36295.59954043912,15900278.797873212
1704742800,36320.42550132919,36353.35127527622,36282.078221436015,36349.38732803882,12567227.002810802
1704743100,36319.96867156567,36335.10748785476,36266.77878114989,36318.47613291804,22290366.239045072
1704743400,36320.3030221904,36358.18652888458,36307.3268825285,36332.9340388678,15663057.577405535
1704743700,36335.22101950013,36371.38060226946,36326.60071850903,36344.998590941046,22214132.1353946
1704744000,36344.87631523772,36390.97101710935,36302.50978822103,36343.33421332669,45968427.124480896
1704744300,36344.6709303528,36366.21182369382,36326.7982908224,36347.576355281584,20459442.107186783
1704744600,36343.6537485379,36347.87149084036,36285.43840090479,36303.470968712274,30311991.9786887
1704744900,36312.87228970003,36343.76174077852,36281.0083052339,36327.750942450686,39417474.43437833
1704745200,36330.96315645465,36342.39033520062,36311.49184390404,36333.5096067165,20277859.71543415
1704745500,36343.92249800141,36364.62629927707,36303.751634133885,36303.751634133885,21836356.790613003
1704745800,36324.32774214404,36341.509572237104,36271.13643449806,36321.46868530212,19136060.797975745
1704746100,36322.90036400865,36342.73023816376,36290.7163078822,36291.07693755789,23348746.915171843
1704746400,36293.1254824545,36317.55935602538,36266.83422126967,36292.49125433795,19712857.02765217
1704746700,36297.80299302871,36314.765528973694,36268.45175677107,36279.632381338655,15454766.759977173
1704747000,36260.83993171088,36299.85113770378,36245.202008614106,36278.85822889899,26421735.58818317
1704747300,36278.100896652846,36322.36045877081,36271.03519993385,36282.16511676916,28120686.945559442
1704747600,36291.0293353053,36348.74827077418,36252.55387756588,36301.808712912105,9431477.504553743
1704747900,36319.11162695306,36355.35581180619,36300.15451302716,36325.26904002791,25304788.68601069
1704748200,36319.09484509158,36354.8163366532,36270.66759456388,36324.347356820406,31641589.281828288
1704748500,36332.3859476038,36344.76822441192,36309.604530599245,36324.20283742775,15090730.64492638
1704748800,36330.43791178305,36360.32616769374,36307.74322104346,36321.033206566666,24296779.71682686
1704749100,36333.32737745163,36352.01247592944,36283.6230251102,36344.843927793794,28562654.23591791
1704749400,36330.91358499292,36361.35170995627,36288.787522737526,36343.57566719715,33506913.204523213
1704749700,36338.96144905297,36364.18120357045,36308.32191023052,36325.13481011862,27674823.23763775
1704750000,36332.6219819711,36359.16511759695,36313.26958793426,36338.24227027452,18094474.440701142
1704750300,36316.37011088547,36332.99170470642,36294.64198227548,36329.19185600732,25058046.046974186
1704750600,36321.9514278884,36347.97847772046,36293.46227988315,36335.24865931799,29290090.29466727
1704750900,36343.22918412717,36375.76976729158,36312.26976713772,36342.97778954879,46287272.85749215
1704751200,36360.45039345063,36393.93451666285,36349.19824427385,36384.07395072794,36832078.68816541
1704751500,36377.31065733944,36433.14211423792,36337.32457900496,36419.83383056837,38572488.238677286
1704751800,36426.77185278616,36456.60060015269,36401.18557841466,36422.264187565605,14772010.31524896
1704752100,36435.19168487539,36469.08920533582,36401.08554731241,36447.49353983121,19066647.03126472
1704752400,36475.81159076389,36497.351921942034,36442.869604587504,36475.77619359253,42949535.471797965
1704752700,36469.48695698036,36508.0699277515,36444.06668728831,36475.66361268575,12808191.222050115
1704753000,36468.99122898672,36485.98374976368,36426.070911579925,36456.080532290965,20270235.602313362
1704753300,36453.16626535786,36478.35620781322,36436.89282365038,36458.833771080506,13338539.13305943
1704753600,36471.30186827485,36480.584297204725,36441.25478993741,36456.81449352903,10098641.612175606
1704753900,36460.861869427375,36487.08979891627,36433.2689253318,36445.98757619292,9755144.1993942
1704754200,36434.49126090226,36474.05894174692,36415.95166859354,36435.75797345619,14058495.7320818
1704754500,36433.42964896272,36492.420977316935,36395.71777870552,36447.83379458556,31912399.994508136
1704754800,36422.31520321674,36459.970154668255,36411.61234986109,36449.09891376828,24936558.493523672
1704755100,36449.88371147659,36475.5050876434,36414.93914186466,36467.52637896843,18920029.11083634
1704755400,36450.77936631762,36497.53386105232,36396.04629831613,36432.48765474192,47997135.052810974
1704755700,36429.78566977562,36472.6154296891,36423.91402048138,36472.6154296891,41603692.42041912
1704756000,36455.401380337375,36516.94760123732,36418.45857619106,36441.28000695734,38119162.74593695
1704756300,36440.70932142662,36450.73479206323,36388.30210870248,36432.95535356786,8095289.09939844
1704756600,36425.3050188498,36442.58728553628,36377.268119975946,36416.10755671683,16980199.966946494
1704756900,36414.61020581634,36466.9006165437,36380.6029462278,36436.20400386852,26001430.43187797
1704757200,36431.06867904503,36453.27776497841,36414.11846974791,36449.62849369383,23718481.3096697
1704757500,36444.79615108775,36481.65454187233,36434.63082599731,36439.413492588494,19387217.595711347
1704757800,36454.37170577786,36485.02920115183,36440.2026122141,36467.81386590852,23133379.132728733
1704758100,36470.1014563638,36508.344454536025,36448.49778370252,36468.63042562554,23796532.834732343
1704758400,36464.4871736409,36497.45850620725,36447.002245375,36489.27143983751,20618637.85406657
1704758700,36487.35825105437,36519.36891227804,36444.82936187121,36503.53068311253,13699713.482983727
1704759000,36486.289821755134,36511.06853472867,36449.473798192,36479.26126963015,19961276.402269434
1704759300,36483.51370199173,36511.61719636238,36431.72437927894,36458.051367466906,39695328.099546
1704759600,36455.10815054053,36505.41179258826,36443.11450299218,36470.91857318863,19346739.24045916
1704759900,36467.68524153924,36494.94663349339,36443.70565030337,36494.94663349339,20337036.012046434
1704760200,36494.73982158183,36511.53640214908,36454.64205831623,36464.63780671046,9567977.444481991
1704760500,36456.32591770177,36476.55907453223,36437.405654643706,36445.05593747733,20516623.778900325
1704760800,36443.89422991676,36485.6668595605,36427.94539926023,36439.52031870282,8136611.363287255
1704761100,36442.10877184151,36465.68781724183,36401.0672421561,36459.21980220421,29257235.174486425
1704761400,36445.06586114885,36480.157498467546,36417.3926165152,36462.79415119298,15260041.821829356
1704761700,36438.84557359524,36482.90165932181,36429.07549018876,36447.03152526382,18225442.903435078
1704762000,36436.53717747208,36462.27455845929,36399.3720178696,36410.83229328461,21084785.274308644
1704762300,36411.95155254018,36470.06695537257,36401.22386011915,36451.774728437296,17810473.61779949
1704762600,36434.54252763128,36462.38074851206,36417.95676966733,36459.59277727827,27241866.46416635
1704762900,36453.15315928847,36487.1985533924,36421.12394745916,36461.41415950675,11590948.821714055
1704763200,36454.68245081532,36486.059945992114,36433.94734727592,36440.660048074205,40122134.39472496
1704763500,36438.85183315522,36488.305915313904,36417.98700359227,36445.26940880933,14634365.968073886
1704763800,36446.19386849962,36475.26610785369,36404.85430086999,36404.85430086999,67817423.30273864
1704764100,36429.67123845489,36476.40041714581,36408.84087138489,36449.64022897254,20777167.57252925
1704764400,36429.98075774048,36455.970751370885,36406.34805853476,36443.97950179266,19850710.81360938
1704764700,36434.49821209605,36476.45721885382,36399.00986127932,36426.60579907496,17750024.207490213
1704765000,36433.29468314007,36454.89568440746,36420.5794502563,36445.56470103916,34655227.912644684
1704765300,36439.43167137369,36491.87974049054,36424.78549199132,36439.96252659003,21784683.12465885
1704765600,36459.80486514513,36494.372827921805,36432.552386030125,36468.583719653776,38182596.07986928
1704765900,36479.71808013303,36528.62304298542,36460.643293759385,36492.18204194586,28143508.062250517
1704766200,36485.04361991627,36511.47244146274,36447.76214390361,36496.53764519808,16172084.508606667
1704766500,36482.304425617214,36505.67427255362,36439.49177732416,36452.912688427816,32093054.54771159
1704766800,36460.75526209909,36518.91870482147,36430.21266534691,36487.335017967845,35868605.89120517
1704767100,36477.92842987012,36486.49732005069,36439.41739838119,36482.24153316168,43727538.42003904
1704767400,36474.52816731971,36505.03546032323,36426.762486647,36469.81234190278,25871876.941298883
1704767700,36465.43612322218,36505.46552266972,36438.48763306174,36438.48763306174,15978128.511884239
1704768000,36451.755431656005,36494.569608621765,36438.22704350134,36481.4592775561,10930627.155611357
1704768300,36465.39952484584,36517.931660523,36438.78486664953,36448.9254261292,11455017.906209042
1704768600,36463.49581179944,36501.63817172787,36435.229392650544,36463.402974739714,19234406.02264133
1704768900,36462.12362520109,36490.79858456337,36418.018687460186,36458.6551970566,22204122.933380224
1704769200,36439.509472506834,36495.47948277412,36421.499704251466,36456.18250655614,57065291.69949566
1704769500,36450.85247425085,36489.69973427657,36433.1800754098,36475.77154667239,10903407.475108549
1704769800,36474.07798490124,36515.83079498323,36429.78585944989,36461.34762140018,18645372.767020784
1704770100,36476.33668369725,36491.02067732008,36424.8847522728,36449.22365093407,41767572.9598908
1704770400,36461.07223235539,36513.72376113736,36454.50193190972,36463.79727542987,79898300.68648207
1704770700,36468.8359080037,36523.60228322812,36460.70536704717,36481.954532514384,21238541.057700567
1704771000,36501.52453758018,36541.76667159706,36458.027078320345,36490.79060264236,20626042.90435911
1704771300,36497.54956550592,36510.49472129282,36461.21792337374,36488.9763717195,22231608.057030436
1704771600,36481.33110640485,36500.22608965356,36448.42431685568,36466.57519813111,18210611.66461161
1704771900,36487.54658142504,36515.719567320106,36469.26434975475,36515.08489939358,41533964.63219852
1704772200,36512.51558166112,36549.25654156034,36475.89420947475,36532.20873977827,36192641.48044015
1704772500,36540.93205900066,36568.333761935086,36503.44987587421,36549.86308729884,12999157.507774906
1704772800,36534.81785331014,36573.2959702708,36511.6834100869,36525.08114072222,23749571.256583475
1704773100,36548.38175720524,36590.58223644492,36531.26078905489,36550.092617998176,8933157.849470403
1704773400,36543.49042168418,36564.0135281286,36512.6311678951,36546.39026194613,31781961.989397686
1704773700,36526.059525264034,36554.957828308005,36491.48762956076,36516.3945141974,13781909.249330811
1704774000,36512.60141454458,36539.524490730815,36472.00098389311,36502.75971471272,30705235.208889794
1704774300,36508.76049966079,36554.08087793985,36481.67308049497,36505.66962316598,18392468.985558487
1704774600,36508.10121660661,36541.26800181042,36490.06297267747,36504.86347605693,26789236.050696265
1704774900,36514.123928023,36543.187136651984,36465.12160931858,36525.44017335053,7461869.089701697
1704775200,36518.007585623374,36541.14348488051,36493.81697421493,36497.5702180802,38050748.64117125
1704775500,36503.049461397575,36525.93604002141,36466.03921223676,36492.59964576089,8347185.1554954685
1704775800,36491.642949946414,36510.466303583686,36470.37550907642,36470.37550907642,33516618.75575222
1704776100,36482.44914341977,36502.03248734247,36436.222035713625,36483.46817003713,21140096.708795197
1704776400,36481.26609590925,36542.45140992998,36461.805837978245,36470.58316408008,29261082.306838706
1704776700,36482.93547992472,36505.65253284861,36457.54723947846,36485.70039161995,54797386.1607351
1704777000,36496.64649354683,36532.76097935016,36471.08232900357,36525.91576039373,17735058.409927383
1704777300,36527.293074622045,36554.13461652581,36496.08051442522,36510.92225106256,32179196.954472695
1704777600,36515.25690622319,36524.798674449885,36461.13519915355,36480.6359812882,6969102.585191368
1704777900,36491.20074478599,36516.46252029333,36469.58096754839,36493.97733034213,33558219.88371343
1704778200,36486.94411021399,36556.35401005507,36466.61249891268,36492.14618577988,27814209.75109144
1704778500,36495.848469845325,36526.327046201724,36465.93088458665,36499.87648910098,22324130.121366255
1704778800,36518.39743041771,36558.569508347246,36494.61214354053,36521.94000143514,17359698.980477825
1704779100,36519.47736721229,36555.91486779429,36511.85823527641,36530.99885054606,28062047.350268826
1704779400,36526.80066817933,36544.80063518784,36513.46936504777,36544.80063518784,16214508.920691127
1704779700,36533.82290589748,36553.301328461566,36519.38939494057,36535.813599562745,22561432.115834646
1704780000,36540.561887097145,36571.02640935642,36520.08844239975,36545.49373204011,41874975.41312881
1704780300,36537.06725609968,36560.040699511,36499.99861804743,36502.86133780273,25566961.948526755
1704780600,36497.94682801192,36514.23853499302,36466.54847052255,36477.611447357565,11977064.770725265
1704780900,36476.81473285674,36506.31474424596,36449.71342451349,36449.71342451349,12154115.725242527
1704781200,36470.18465033317,36511.267677431664,36419.57615561445,36446.29384716974,35132438.09483914
1704781500,36448.83449263275,36480.8278884316,36432.66985217743,36471.34265903691,17220324.088412948
1704781800,36458.16520515086,36495.17810184452,36412.3606404484,36449.66416848025,26917283.833713148
1704782100,36447.74970596365,36467.40326551921,36395.61245768987,36421.5826241949,25980178.406758692
1704782400,36408.66272405744,36431.23340705557,36387.62803454177,36402.80958705275,40900028.38106781
1704782700,36414.599817184695,36437.64071069768,36393.921539526586,36418.13945883535,22470773.985674746
1704783000,36397.89013514279,36412.536956885786,36360.94725726611,36384.68387750413,9917709.456099644
1704783300,36390.9238465478,36417.69801593506,36353.13229677659,36396.71542993463,35765407.464967415
1704783600,36399.47590101935,36431.64859899265,36351.16331078487,36403.55499187598,52427293.96377537
1704783900,36407.67091539249,36431.36971385444,36389.68376310624,36407.26964146985,12128006.181493528
1704784200,36400.4381954949,36449.816682818266,36391.33333775311,36445.45746197824,10877982.71193856
1704784500,36426.93376869385,36463.62128695059,36385.757685444834,36437.72467710391,29610261.334023245
1704784800,36439.07417109845,36468.189618886354,36414.36825820909,36417.29185093315,37885568.09332003
1704785100,36425.95062308808,36442.96036276927,36407.67239248535,36411.283914314656,29727555.651836246
1704785400,36409.10813449576,36440.115989616286,36391.27789241481,36411.74762745534,41461828.8094755
1704785700,36425.93696673749,36459.688507439394,36403.58634158865,36421.523652224925,37013616.53668719
1704786000,36430.274715248925,36462.41504879868,36412.31290908084,36430.67227074421,13213901.03274919
1704786300,36446.534885305584,36476.12871910483,36412.21098755701,36474.143207978006,25096201.936099548
1704786600,36454.12701360808,36478.091185080346,36427.72785056532,36442.19473156854,61434960.15575249
1704786900,36432.23127443205,36457.987359727005,36396.64041937079,36432.66986518434,16448182.233597338
1704787200,36440.928375921445,36478.403823076,36417.56955927266,36434.11624966259,29132114.37455499
1704787500,36437.89884555085,36456.50830423944,36412.1065900192,36434.93701424862,12277482.235526988
1704787800,36443.67768343669,36468.99875930012,36415.547857180245,36416.63230436784,20102335.813363496
1704788100,36439.774872172,36457.98796361044,36391.25175312465,36416.18011733116,25333873.410517868
1704788400,36406.999520157326,36442.82077592733,36373.2529366628,36414.93770712622,69109396.69163555
1704788700,36410.12692275108,36438.21832353655,36367.13201828839,36381.91263647759,44252863.98059778
1704789000,36393.34641945917,36424.78469475814,36365.77316675316,36410.19526611685,19519226.715733655
1704789300,36402.54454655259,36425.53847671167,36371.13188436812,36415.951444389975,21089215.056541793
1704789600,36403.63963022298,36431.49467538016,36381.07063853127,36382.708109517145,12585288.722082129
1704789900,36402.57628428451,36446.47238087319,36372.83374525708,36391.89218355359,30359757.509492144
1704790200,36396.5469789444,36434.92506467094,36361.86321195616,36391.8495770421,19467760.477940813
1704790500,36413.31793130671,36441.80601607519,36392.2668977712,36413.93453371256,41503819.466334864
1704790800,36415.1743604254,36449.87912291214,36400.70042449902,36433.53029673393,13814536.97618287
1704791100,36422.61852188863,36450.5291258734,36381.41281363049,36403.76138378016,35814881.501251705
1704791400,36423.46367479052,36452.36617107887,36388.23465178981,36419.2510204613,36771288.16367299
1704791700,36406.27437287595,36424.22205152707,36362.81992203421,36381.23037634899,24640734.995982964
1704792000,36392.71701147794,36419.79228615585,36373.94827106486,36392.16612370923,24889025.292237792
1704792300,36400.23619086223,36438.85425092891,36369.33267346243,36412.76819724808,19331698.88188073
1704792600,36407.46639900406,36423.79906319093,36385.344554972624,36407.33287406745,20414475.310661376
1704792900,36413.97728753235,36450.34319804268,36388.034615850986,36405.54964698746,57913306.51426021
1704793200,36412.86860448699,36439.30352435386,36358.18840440841,36433.60977614656,19706488.154165976
1704793500,36403.10239593704,36431.645341633775,36390.0926331105,36431.36050950293,44738074.949640974
1704793800,36433.15288011181,36513.93755634698,36412.38675216008,36476.432004489936,18122192.22636852
1704794100,36460.41599959206,36500.24075004304,36435.43741749603,36457.7130908078,31201600.638420183
1704794400,36478.65981478949,36514.783987676055,36448.62361183704,36475.09769150912,29655746.661709536
1704794700,36496.67700700881,36538.07696021244,36470.90581417666,36478.13082743644,27674199.387015775
1704795000,36491.27876521611,36524.48068353361,36441.47136695068,36491.05292532976,13462217.625547409
1704795300,36516.73478561366,36553.72746323519,36495.00037944938,36532.70336594091,40622042.129553854
1704795600,36551.14357583849,36606.86578496802,36537.7587585774,36564.9484963499,14920216.480271917
1704795900,36559.868696687234,36589.68378395507,36547.29464915385,36575.86921828052,18137065.227504283
1704796200,36582.05573165244,36627.541325882536,36549.085070910354,36575.15491901599,27530631.874420475
1704796500,36570.25001760536,36608.03616555355,36539.72491920158,36580.703094223056,54133606.370932505
1704796800,36568.17983718321,36584.76348206534,36543.622837240655,36556.40593337192,14800398.113485543
1704797100,36548.52961569552,36566.14563117928,36492.2059241634,36521.89756781313,21312721.157276344
1704797400,36523.05338257165,36536.7680781874,36477.20057138229,36517.39418691439,10184861.856454544
1704797700,36503.862373689815,36563.85360578769,36479.63612434879,36500.34843969115,17396054.6979754
1704798000,36485.45373941913,36509.76637958319,36436.31088164768,36462.64641402569,43513146.307245396
1704798300,36477.486728008094,36526.9775257756,36430.39045142566,36498.18600980202,25449532.060472306
1704798600,36488.53037049148,36526.07252297375,36425.15624209055,36485.72163871978,32172611.968341097
1704798900,36494.89411618394,36530.68551975992,36460.3767816423,36469.45112515312,30069784.55003245
1704799200,36492.73493676829,36533.30128583337,36466.98719987543,36482.747472349365,33203568.39450913
1704799500,36499.60533329543,36527.55562020417,36473.33946543714,36513.23579906492,14027739.170802334
1704799800,36504.67494294444,36543.526681320654,36471.83030493012,36506.09278836159,23694650.888874456
1704800100,36512.45558828609,36541.678296179474,36491.29021270101,36541.138333969866,20115833.275841653
1704800400,36523.53255004824,36599.9660349292,36499.59911920888,36522.83696756791,19467204.62883789
1704800700,36521.53026825754,36557.51294504725,36496.673910441496,36546.10323033262,29707845.167139515
1704801000,36537.8780765705,36568.5392915252,36512.88858203832,36568.5392915252,44865147.61032479
1704801300,36534.90584305632,36581.55717606969,36518.61517068956,36532.77051482407,18228191.53829415
1704801600,36519.90450448262,36536.45837758713,36497.34603661179,36502.30139530903,15175375.986281352
1704801900,36510.3978898826,36564.42679378881,36496.73643003491,36525.53325901784,16900355.653556447
1704802200,36525.48445692045,36572.009875456526,36489.529206480176,36518.47986720796,74839244.68058133
1704802500,36531.30803899039,36572.78626201743,36510.54511796583,36551.24999981399,18618293.246239983
1704802800,36572.012069788136,36606.24332110034,36553.685991625935,36558.6670625282,19596490.657719295
1704803100,36570.18017051595,36607.61116930216,36541.603423051776,36552.94968482082,12637450.603748318
1704803400,36543.57185365449,36558.58757696571,36503.76317549952,36514.86567761597,17943980.83527354
1704803700,36526.08855515327,36556.31362517037,36511.65938713716,36544.71805732508,20053347.92529872
1704804000,36528.25047837426,36571.09824516488,36509.55333652217,36557.787605422905,17135398.58000226
1704804300,36559.11813381314,36589.28102511496,36532.47545247968,36580.408492820345,11994673.166881341
1704804600,36568.7761424424,36602.43475982231,36550.85472818746,36580.39218617059,12253904.618911406
1704804900,36586.09844559143,36643.48268310688,36554.21912115466,36584.62937377726,26665505.457151435
1704805200,36592.52642990952,36630.942649260745,36560.33026765315,36584.90814881436,21256161.26163441
1704805500,36601.54387382748,36628.42787716498,36536.19517951908,36581.361531876544,13502033.080393318
1704805800,36597.74494318267,36624.09473876301,36548.85642362242,36573.01260155846,28941495.219999205
1704806100,36571.6130816904,36615.93156310787,36549.5884236611,36596.86225085284,24522507.620391753
1704806400,36604.15631762239,36624.25770994291,36563.50080907154,36594.03918120359,18434984.97181676
1704806700,36597.0389765131,36607.02593151676,36552.54370544449,36582.95458776199,15979638.31004911
1704807000,36587.40652746615,36623.05336926876,36565.87177344813,36588.32190945246,11589073.058542017
1704807300,36610.62915747528,36639.09606700547,36584.62120310718,36611.75188844431,27749287.783550754
1704807600,36600.16346925563,36636.70013923562,36568.25444828743,36617.072591072734,7622728.474767292
1704807900,36599.71000979796,36630.23505450282,36549.68517804117,36619.419118201535,48125876.00117329
1704808200,36591.13410678332,36606.53701284392,36569.04090292364,36600.03075659693,12532527.441932429
1704808500,36579.58765503938,36604.99605974859,36532.175609773854,36567.00886486012,29066979.919673327
1704808800,36568.0912308273,36615.63896276381,36546.71911928418,36554.07582490301,29583738.16041096
1704809100,36569.74995581686,36624.505498395614,36545.638487395234,36585.75674201913,15793988.795839546
1704809400,36586.79114537117,36603.21076883937,36561.36954081307,36603.21076883937,39467593.67821236
1704809700,36574.64192429416,36595.44894253143,36513.525515173926,36554.87329677443,21162458.49932129
1704810000,36538.54655697476,36561.13729630671,36516.07426861512,36524.114194577145,10366870.988931758
1704810300,36523.52578296566,36554.48669439754,36504.0754054248,36509.77269098144,34807668.385360785
1704810600,36524.02542331904,36546.393975832056,36506.130214069046,36524.560403891766,45369244.58933407
1704810900,36504.26869296652,36520.36552842147,36455.82419793839,36497.71437117921,22264818.874773555
1704811200,36490.1319574017,36515.72628604381,36453.123429719824,36503.40424720552,36932871.0732593
1704811500,36498.414506190886,36535.917939348736,36464.972323264265,36482.540361552674,11178088.338873278
1704811800,36495.08220811648,36521.238395826185,36449.61114497863,36489.55600297032,20714016.942575254
1704812100,36488.862840183145,36530.70002789536,36475.37775756215,36489.73683982297,60415434.82255279
1704812400,36494.59253795168,36526.97110290975,36456.82445144727,36465.685505272224,22636586.14918515
1704812700,36475.44013396842,36524.58213732067,36464.068122067074,36488.79112416258,28377339.58896743
1704813000,36477.53950082845,36511.75282739162,36439.7177087936,36475.3248511075,18469249.885981113
1704813300,36481.87151334654,36506.67892868826,36442.37088459353,36485.04883563439,27488165.438022073
1704813600,36478.75847590278,36494.04645073142,36440.95061754109,36475.80881217387,27446670.774163425
1704813900,36472.18197637944,36494.61391772003,36438.80822058218,36480.87310290567,51475573.89908716
1704814200,36471.65795362174,36493.41618454071,36444.83318761453,36453.61383572247,16449294.680471664
1704814500,36449.112064481385,36497.99431254413,36421.18270369068,36439.405501141664,8896920.803174261
1704814800,36450.8378891344,36472.54953439589,36385.13491066683,36434.06191584629,23282987.533385016
1704815100,36439.455975396726,36495.184649792805,36398.93461868931,36453.42612797415,32872439.12396637
1704815400,36452.580091561205,36467.66484375091,36423.49258394985,36427.15027164763,36934790.76664531
1704815700,36453.72297953964,36484.265814789054,36424.434617958206,36454.33625791149,28872642.80278605
1704816000,36480.99064792395,36510.63947646428,36431.672860202125,36439.506173268295,152301827.1010594
1704816300,36450.28389782145,36492.20698686781,36370.374092433376,36472.31882108,22354072.06675883
1704816600,36458.78766384066,36487.5781695555,36426.73588154977,36474.56420722938,11415044.21654546
1704816900,36456.341390475216,36493.22053507311,36436.39352224981,36459.91463900045,13929070.953758843
1704817200,36460.77889329064,36483.14214279904,36443.260496008246,36444.82913892024,31513841.68683528
1704817500,36469.11318772026,36518.93942391182,36435.5252422327,36472.03983961688,36637500.4027275
1704817800,36464.2052876247,36482.72318541936,36432.94076742314,36467.25455398521,20878038.603694826
1704818100,36451.32410849313,36478.85510883672,36416.32992835105,36462.68386732853,51121862.84845533
1704818400,36453.486349211074,36500.10922021406,36406.84936612414,36454.89681297669,42021830.931812964
1704818700,36450.5074577251,36476.67170231567,36398.44742348979,36428.31023305067,28159876.421667907
1704819000,36420.95930736773,36443.90904881209,36374.22041553185,36402.008817010326,35579195.54791082
1704819300,36409.11075390982,36423.801734736415,36370.57642495519,36394.75820237538,20660666.154486213
1704819600,36403.0162021974,36432.27257876377,36363.08008567688,36422.86091530071,29870120.056351207
1704819900,36425.87572433109,36464.59275788029,36370.09220147206,36413.71103503325,19852756.983152542
1704820200,36416.61385040684,36426.11454643256,36367.58184373856,36410.714705376224,41874051.36768236
1704820500,36415.718187685605,36437.11810654692,36384.46497405317,36402.85797461348,32975340.432919297
1704820800,36393.38029592971,36448.78445752387,36358.24708712949,36399.467227548994,10530347.236111116
1704821100,36415.61236990404,36453.69100514127,36383.49870700599,36389.68304838931,16773558.174601974
1704821400,36416.35933628862,36448.34917498216,36389.2420248265,36402.79925442957,49487686.8566972
1704821700,36431.275527673046,36451.28388961945,36389.49682978999,36406.55216866885,36506392.29748746
1704822000,36415.99837213357,36431.41171145166,36355.15283211722,36403.21868593693,25466684.45708455
1704822300,36408.23357927796,36430.80351728429,36370.04070652323,36409.6545617206,8082124.1342959395
1704822600,36393.110215892935,36458.28986995629,36371.42430819121,36426.61483382538,20672358.32500013
1704822900,36392.15448254271,36425.41783095687,36371.21501013622,36415.79634535782,84437955.70874313
1704823200,36417.236607113686,36430.07374936184,36389.083054295705,36407.66418378475,13086324.402053844
1704823500,36413.17046235386,36444.8738838724,36380.106386221545,36396.823703476686,29771720.17608202
1704823800,36411.45938185032,36422.15279054309,36370.61600689414,36405.1553872296,23643385.988908872
1704824100,36418.070862307424,36453.37534296147,36381.00921970027,36433.26596317243,86732327.43594626
1704824400,36432.90323870078,36466.482241814825,36389.58142403126,36430.98834165158,70722796.14457513
1704824700,36430.77264036093,36445.55767401036,36382.757329193424,36417.66896802435,18596977.34962702
1704825000,36396.54005782109,36429.078502512704,36348.64084656092,36388.99200801339,34447140.27587172
1704825300,36388.22069942907,36418.40787780018,36370.74137137099,36414.428883715,35714513.590158455
1704825600,36401.01694840132,36441.42496016797,36362.84063475311,36406.4800161136,27829967.629866313
1704825900,36406.05029400152,36434.30015268364,36387.81687112439,36404.56149965654,24515592.43840037
1704826200,36427.67382283146,36477.77225171446,36409.75909234604,36440.19322397705,34069611.75721775
1704826500,36432.721477647225,36458.66196361709,36401.13452821168,36429.86389291247,22798603.39205097
1704826800,36425.90156292735,36450.96731277187,36394.91132753966,36440.05554409612,35069235.652658395
1704827100,36437.92109711641,36466.08607752658,36428.50336437057,36463.20990291283,16619555.737917438
1704827400,36454.02705242249,36500.01247832667,36414.63784287968,36448.81382490566,12963434.843739169
1704827700,36455.0910854828,36475.61237560399,36440.69289999488,36457.94792000376,33450899.54153531
1704828000,36436.06595484584,36450.03283860419,36408.47735497992,36435.740546787005,18988680.991625737
1704828300,36429.052914568114,36436.55692371864,36371.34037223009,36371.34037223009,48207886.48770437
1704828600,36369.22901216714,36385.0185398945,36322.81246877528,36345.22846992289,27439933.112717208
1704828900,36358.54959064803,36386.89710263184,36322.541473186095,36386.89710263184,23207798.050869115
1704829200,36378.34377055297,36409.583721878014,36342.49155873439,36368.33506255125,38037672.02454033
1704829500,36367.37308631836,36403.55080083128,36342.02464843284,36370.28330373077,29074977.436257135
1704829800,36372.01120269557,36402.32313975925,36333.6732078618,36341.40425031647,8586789.596566025
1704830100,36353.01586263241,36402.115355203074,36347.81788102874,36382.602016590914,26850443.509830445
1704830400,36378.31755569082,36425.652592930965,36353.48563893657,36368.95261558657,30320032.697328173
1704830700,36385.80579537988,36402.00970221448,36355.6997823548,36368.20459561275,32569431.8912021
1704831000,36366.68883048304,36407.58414546042,36360.39455439312,36385.02381275391,25755156.425282635
1704831300,36355.6614569633,36395.74689200712,36331.47217523906,36365.16572045251,10121327.640159566
1704831600,36374.39258863415,36405.816761017086,36360.59470905187,36387.55383694325,68332358.63969
1704831900,36383.42038023352,36409.80325928599,36344.56216278851,36395.62706771668,26811589.03823098
1704832200,36385.24294684509,36420.74456966014,36370.65193375775,36411.59721651604,25995598.42695816
1704832500,36410.94916736455,36424.85748835402,36387.143105291136,36417.57537139725,41962755.65685839
1704832800,36392.786194406566,36413.11215884943,36367.25298147993,36405.839866065966,23146807.50473462
1704833100,36408.30944033371,36459.44088207591,36390.88237702084,36406.0699616304,25947957.382411942
1704833400,36415.83490693927,36443.77701308427,36378.316478555054,36437.76461840234,32246997.915789586
1704833700,36421.138406236285,36454.2922216425,36386.41423975522,36414.08127987045,28135412.097135246
1704834000,36418.7093324668,36437.87721372723,36392.34382555144,36430.69564683103,26764294.64700279
1704834300,36421.92262361738,36464.20742483049,36406.83417079412,36419.73052450023,21642910.02244263
1704834600,36425.59077821288,36459.293294619805,36391.20576959588,36437.08679891261,68485728.37472409
1704834900,36440.10424810889,36477.87432737818,36427.22221863854,36463.29763000184,15075049.05649652
1704835200,36470.68729512463,36495.70176102848,36449.70572534174,36468.97256508057,25178217.75416453
1704835500,36451.45233349153,36472.26840726162,36413.89553734599,36454.77972337304,55421562.54726344
1704835800,36450.42047729888,36489.702826985565,36438.09805441264,36438.09805441264,12369727.44202234
1704836100,36462.695744895,36467.12527170105,36436.45338342597,36456.21073894509,11996328.694053356
1704836400,36467.87417462807,36518.16350418452,36443.24625192842,36504.30462904269,21737207.410827145
1704836700,36493.62857099403,36523.15440112229,36469.54491111044,36518.6581734621,17634953.74966778
1704837000,36502.32804198811,36547.83966200612,36494.7941780625,36522.10552280682,22975091.709514916
1704837300,36536.3272567212,36562.58215270315,36492.47085422614,36525.78900212067,14496042.20849489
1704837600,36521.43479811712,36537.31661918829,36480.844291675545,36498.99703040551,37023277.659817606
1704837900,36516.94843263784,36543.524942977296,36496.80231785284,36539.3539615143,8905335.03894402
1704838200,36518.0440461202,36521.95330203618,36470.18194025145,36490.26904647461,8631556.508007761
1704838500,36505.125158637085,36533.44584526566,36492.21282560336,36520.0316619057,16687376.583154
1704838800,36509.12541017173,36529.121240617525,36481.08202449906,36504.777661038,23750435.595411457
1704839100,36491.78896623955,36524.57467169932,36465.93673515481,36465.93673515481,22091605.699602164
1704839400,36492.75723107221,36511.16330428633,36465.45576845858,36508.71913938424,14494092.469033642
1704839700,36495.47745076829,36520.14817321681,36487.99466529912,36513.40031864517,18163363.42110862
1704840000,36499.07844254305,36534.7235731397,36473.73195054569,36520.98883216528,28756890.743654646
1704840300,36515.41270256429,36553.77553817226,36464.19451480136,36518.02041681072,14845942.614787385
1704840600,36499.97242887559,36543.64661511053,36473.33982216855,36523.51370052979,52411151.115140885
1704840900,36523.02661974599,36575.02210752987,36497.75494919431,36526.93805853815,45455763.351922035
1704841200,36537.03495713069,36567.896016950384,36495.743022065566,36521.62073258197,25388562.285134904
1704841500,36529.24497396123,36579.18782583128,36503.75179704382,36550.355238165015,11557027.259147665
1704841800,36551.19938422504,36572.93011613688,36508.03611396971,36556.82645733421,29469281.794131417
1704842100,36541.46978776596,36560.61881076904,36520.3174272681,36545.99183965495,26064507.221934643
1704842400,36521.03497427204,36557.00438403907,36492.29079655524,36523.43272768605,26219102.661774684
1704842700,36517.67875891521,36554.83345500373,36503.08501112352,36521.47042657503,20276713.76317307
1704843000,36528.273478497824,36571.07596527522,36503.62120015329,36530.96322839084,28229450.455269087
1704843300,36546.19306308595,36559.37891147852,36509.91234554484,36547.47938812462,9438895.976038352
1704843600,36557.76529655312,36584.44946538474,36520.00890819082,36562.40987335511,39703887.4138636
1704843900,36545.14678514299,36565.2761105878,36503.68460658339,36539.12146794855,37837340.30537866
1704844200,36543.65582822729,36573.27054429324,36528.08886016348,36565.22708093969,36191557.40672264
1704844500,36543.11429230888,36568.85370213057,36502.33817679411,36541.48880479808,28225337.374097608
1704844800,36548.2006004306,36579.61253383273,36521.055473435685,36525.017088696186,16452617.923716655
1704845100,36541.34491716408,36573.78077787242,36525.29201392213,36554.75793109564,27102087.120276526
1704845400,36551.227816215214,36560.92829037246,36500.10301940545,36532.01977281693,24734353.95448263
1704845700,36534.95558933187,36567.91873412357,36516.20927730374,36524.14392798108,8857981.356814375
1704846000,36522.4769573363,36546.18074511543,36500.4530034956,36513.678951860005,23004772.578578245
1704846300,36524.842159192725,36562.92526853623,36486.33731996921,36545.587994941096,18609165.960999444
1704846600,36524.87560101431,36553.87235332896,36497.58385885354,36525.77363670338,32140335.96251853
1704846900,36515.277345739545,36530.34246679562,36488.780376097646,36516.98272272616,34058391.596360564
1704847200,36501.04088701495,36543.30425267069,36474.6159277581,36506.2248996855,27012047.278555818
1704847500,36500.30542178667,36538.64676538656,36460.84747616029,36516.30977162592,31891860.323126223
1704847800,36508.25003433577,36561.67436377447,36504.36873794412,36535.78362356961,31389877.257960916
1704848100,36524.97003297639,36549.69184190636,36501.65551852644,36533.65740891521,33904419.08282672
1704848400,36532.18927415161,36561.50087133729,36520.277648078976,36561.50087133729,30768381.889348537
1704848700,36544.03383405061,36568.71906019969,36534.55209998728,36552.47056301963,16360937.921260286
1704849000,36552.30509350261,36580.40434243134,36529.61168547785,36560.53506608859,39357853.405785054
1704849300,36572.64502557957,36580.343320157466,36524.65375107198,36558.61583622199,9902775.273478359
1704849600,36560.70636514229,36575.80612893492,36527.66566058066,36541.17091746191,14454918.910605147
1704849900,36547.91181462131,36591.08853662496,36516.89836308955,36557.05606032952,23023633.785292752
1704850200,36574.51021445384,36601.35952812867,36539.16753600965,36570.4452063555,31655363.96138727
1704850500,36575.71726355511,36598.24651885025,36539.69220091889,36559.09766866531,39560945.92861473
1704850800,36569.67904711409,36602.41109774561,36512.31279878639,36558.243752792536,32225715.37855491
1704851100,36559.5104245654,36594.36109500036,36517.61488523548,36559.12648980545,39558703.14516389
1704851400,36549.55190716089,36555.11697481384,36484.70568399137,36548.76367513836,25792144.435690645
1704851700,36530.216982306105,36553.23730673824,36485.64764089869,36511.002804297,25389281.80198034
1704852000,36514.736714497136,36529.38045915675,36480.00342209984,36527.151855608514,65936915.71184276
1704852300,36500.92585245287,36517.968262570335,36466.53814508276,36488.34042120411,40022545.87609078
1704852600,36501.07882732638,36544.178955554205,36483.4268745278,36505.751010429885,27492542.78254269
1704852900,36498.25027048201,36512.971163278286,36466.87118270306,36471.635511472494,34428944.83291148
1704853200,36476.11886409472,36496.33493357728,36417.60295128616,36485.26717006252,31834038.64491328
1704853500,36482.82966318502,36515.089317263366,36454.67668777335,36491.7041479111,16008481.199432315
1704853800,36506.77387175772,36526.14494115733,36458.415687912086,36491.656459048274,19817534.67577155
1704854100,36490.62222955899,36532.12048986919,36454.76219911332,36503.41402299614,19952389.97525414
1704854400,36507.898166029234,36522.62008845178,36486.72875406962,36505.59859478764,23049456.59752529
1704854700,36503.24025896425,36539.892511359314,36475.73591831548,36502.0286988068,15155542.151404044
1704855000,36505.425134221805,36530.23458746679,36465.31071087772,36488.055002512,22971441.019172147
1704855300,36492.29390773783,36520.8597753291,36460.32221086881,36483.9847513844,33153869.270492025
1704855600,36488.69537234171,36515.134934729154,36455.99943218664,36455.99943218664,9032523.819090284
1704855900,36470.13009261089,36505.0578814517,36461.55292084829,36492.92942756533,31324976.09729187
1704856200,36483.8437298152,36523.27726212869,36461.03292838854,36492.00265302733,10986901.771187535
1704856500,36511.12548961311,36555.76746705994,36459.61261611655,36481.10359188133,9320440.678550636
1704856800,36497.50832199759,36524.09527495996,36443.69762400637,36474.02101804703,22783028.174895413
1704857100,36476.97426186698,36513.85591669259,36459.35445381401,36509.930741710734,60557380.1145391
1704857400,36515.8911318736,36555.83103050423,36468.40580502143,36488.58550818362,16776186.193074755
1704857700,36491.07668098296,36509.2631586033,36437.13416739649,36496.36172574109,20056163.40168082
1704858000,36476.79342064088,36521.61797038184,36453.7993866376,36479.9214976777,26674289.00012409
1704858300,36493.36246706224,36542.7092715953,36452.54599259761,36506.04874629404,11105949.204634877
1704858600,36518.34716339609,36559.66596188174,36502.30971762585,36520.47673229889,23135009.20686143
1704858900,36502.98530077673,36534.34076685602,36484.55495220408,36499.51406234061,18173757.33819317
1704859200,36511.52718718222,36535.99564483498,36482.71918279263,36523.37499548522,11008727.572683627
1704859500,36519.86380216158,36543.07807645829,36486.03319092419,36495.421444975815,37211726.79646161
1704859800,36510.914265703694,36545.14409546112,36494.30399376465,36515.86692454066,31777962.112550996
1704860100,36514.092394684696,36571.96767265522,36463.06295478231,36483.34803284928,17133779.931603067
1704860400,36478.847651186574,36521.98448532169,36427.47827438352,36453.14158901256,21693295.028663076
1704860700,36475.64509947431,36521.75484843766,36439.24732740912,36498.53137683556,24659638.988682285
1704861000,36492.1874376403,36518.22077399749,36469.23628803023,36504.56238326944,24160437.90527767
1704861300,36501.064096773705,36512.72983919331,36473.82573887821,36473.82573887821,20698409.6123391
1704861600,36476.3541370931,36502.39299964339,36409.30791781194,36421.81678610971,47042556.69691438
1704861900,36428.51520294109,36447.67595769984,36405.09313136361,36405.09313136361,10352196.357093329
1704862200,36432.93887431911,36467.73351742502,36420.027072625526,36428.17810226566,12882185.23872251
1704862500,36448.08078888016,36496.83917409259,36437.34281201512,36462.04284363211,20124956.73778802
1704862800,36453.51656215951,36500.13426487523,36434.87058468458,36466.95503567632,22962254.9198835
1704863100,36474.09622190216,36487.80998142635,36430.65033045875,36465.77592123514,15597227.811287263
1704863400,36457.37277445162,36479.42594132356,36438.98950127538,36470.78344432465,32407962.51997049
1704863700,36451.17325685772,36488.15292357235,36424.39084693111,36428.011442461815,29500330.71327456
1704864000,36441.83666492532,36469.52462804892,36414.039177546125,36430.507343779296,12908360.031510562
1704864300,36426.9329262157,36455.698613412416,36397.08205853558,36436.462471695486,22321926.37544924
1704864600,36436.94792156146,36475.45708677431,36411.21501723784,36453.60331593708,45610623.50485409
1704864900,36444.42685512349,36497.267919130056,36398.89895433794,36436.21855925828,20798133.469050203
1704865200,36435.26422063113,36492.21453402736,36413.66872192315,36479.19487807836,11191651.918148495
1704865500,36467.89184617488,36502.7939127736,36433.20342939512,36477.7161595478,14647651.410914408
1704865800,36463.45476065857,36512.03921614742,36419.94277808352,36459.43054190144,21413065.04842686
1704866100,36454.67831529499,36492.65464503184,36420.10964526526,36445.11484342966,23415521.662241384
1704866400,36451.03129707591,36491.03058455348,36430.04519691775,36483.68883301641,12322761.893123735
1704866700,36489.56787918791,36528.37437397828,36452.66914449857,36489.135793215006,24787017.952982932
1704867000,36497.84397870028,36541.03857279546,36471.036800819136,36482.64735369445,11163016.611483507
1704867300,36501.38654806266,36523.76719593044,36472.537921783296,36518.26023597008,41520888.23414288
1704867600,36494.71465871894,36514.485092658775,36474.99634923368,36492.636484027615,30220993.42295827
1704867900,36492.43354296473,36548.55354224753,36474.87214449112,36502.0221002304,33699382.96663323
1704868200,36507.78388086652,36533.39943411406,36479.04683208139,36506.77015983864,26308762.687273357
1704868500,36523.60566829455,36561.33911211167,36513.20443853106,36551.54088164134,23226381.85469453
1704868800,36542.62126698072,36565.36898042942,36489.5304696038,36515.65507641954,26584534.789818652
1704869100,36528.91522877644,36566.97367889115,36515.457320442365,36539.20479521898,28424227.372314706
1704869400,36550.825177032966,36595.40038887011,36530.66542605293,36557.480042009,38374923.699364886
1704869700,36564.10831800214,36596.14063225531,36522.74090505594,36538.40180578573,42742687.66224586
1704870000,36530.76357642074,36556.68527791253,36492.35968399566,36515.329551109695,113844869.8478435
1704870300,36523.2212427985,36535.20072243607,36484.35205300974,36493.80349054769,17780536.50838787
1704870600,36508.266147103575,36567.38511137214,36479.46428639664,36511.52900417574,34862473.1945488
1704870900,36523.72601391264,36548.354542474844,36498.13684553751,36519.64530885465,11949505.248627499
1704871200,36528.99196682862,36551.10566966766,36483.75813193272,36493.60555189401,28961967.274503555
1704871500,36498.7909881762,36538.315632979575,36470.63911775736,36513.73592958588,91291777.11919558
1704871800,36517.5051564337,36536.83025453265,36483.4499023571,36502.07688775696,51579602.04642759
1704872100,36515.18581984256,36550.26738514639,36481.59119319769,36528.72112278075,27737611.408991463
1704872400,36517.33596735861,36572.6017644804,36506.26965792592,36550.16499378188,25635891.71941881
1704872700,36540.45736162964,36558.395996828505,36499.95149773333,36522.82836245484,26420854.661425013
1704873000,36514.808311981775,36538.841769061255,36475.53982229464,36517.0870371814,9808802.68635763
1704873300,36510.1924007215,36542.46682726244,36508.64813178188,36529.65949770167,26662008.803075813
1704873600,36520.15181932481,36531.97918261502,36487.183016254094,36529.475519809945,36453659.91737319
1704873900,36506.64472638627,36552.19554740086,36471.30726009524,36516.864997572935,32414662.079942167
1704874200,36505.117322522376,36541.64628726516,36460.21557313678,36523.44146453253,29604230.946207043
1704874500,36528.06038035296,36574.830500230695,36514.16696048622,36525.88247735357,21767597.650714677
1704874800,36542.69297900229,36555.30812050962,36502.18613551769,36529.23050106966,22808362.45905327
1704875100,36550.94552416503,36571.38022716039,36513.09189603036,36541.11527401173,36413262.738910064
1704875400,36547.15301924911,36558.49473831142,36514.54468588066,36514.54468588066,8614404.678869883
1704875700,36519.6724494129,36536.24082849192,36477.873939679856,36494.52924549247,12009806.717334919
1704876000,36497.90816536029,36516.80964484776,36464.34662764374,36481.48222283318,76881295.29290971
1704876300,36476.47434025093,36505.97712820406,36435.49000576226,36471.41713569351,19440879.901891522
1704876600,36478.90264581581,36501.25697910949,36430.24666669566,36473.85552967853,25184613.267611906
1704876900,36475.06983853904,36509.454825475936,36450.68247686346,36479.26078947531,50244286.13540957
1704877200,36461.80503902017,36510.086251191664,36433.6490742639,36446.617076395865,36375896.76435997
1704877500,36463.91111372389,36490.58032565656,36415.17228916556,36474.75817459679,18688201.498030543
1704877800,36474.53522629334,36512.90715727591,36451.153596136406,36492.07696273016,15196145.927311232
1704878100,36496.266600758914,36526.324314228106,36460.40296059329,36509.54926002501,21343914.64355801
1704878400,36497.73880470486,36529.3485596342,36477.10734312588,36478.89643298111,43926348.88405363
1704878700,36488.13699431494,36515.1519065008,36439.591550055215,36479.88835084472,66935951.80703248
1704879000,36478.51452954313,36511.42370168122,36446.87066202381,36456.82228576957,13668852.387188397
1704879300,36461.49511104441,36492.02721923909,36448.1933174095,36457.32746081041,33246747.95947675
1704879600,36487.86392326884,36536.350439480746,36470.138183980205,36505.15736183711,27039993.445872676
1704879900,36516.28567166681,36550.91773507943,36490.3016639936,36535.88138210464,31041734.752963953
1704880200,36520.28874285756,36549.54046090038,36505.69291922502,36549.54046090038,119149291.70527884
1704880500,36545.84478572865,36574.39702812099,36499.080112830845,36550.58095229987,50300707.926377945
1704880800,36538.03824712017,36573.13389616684,36509.45550348619,36548.33195443587,28420359.846398078
1704881100,36539.29684330261,36568.45481940282,36518.92037987624,36542.83177717767,29590475.42229072
1704881400,36548.06788621204,36583.59773114373,36517.68361675098,36554.7508755707,15860795.59155458
1704881700,36565.02766512624,36604.28497841905,36551.4236282414,36587.90094955673,13611702.790515099
1704882000,36571.435852514944,36582.04905338165,36535.59637195416,36560.56251061127,40029660.80203805
1704882300,36573.531873628126,36620.72090380302,36557.99629827628,36589.31123297741,13891596.862515032
1704882600,36584.8141288413,36620.48186928438,36532.00275627848,36551.32953614044,22302878.46004938
1704882900,36564.312653845736,36580.58537056372,36525.86610840275,36541.32466619576,52834753.35581863
1704883200,36552.17476321455,36575.30420955825,36530.27052813004,36555.54484259467,23410229.79074928
1704883500,36555.77226383647,36590.50485291128,36539.72508898799,36544.97484475117,14979631.770756932
1704883800,36538.97163553748,36561.65448957188,36526.56649603343,36539.245194434174,44124921.943400234
1704884100,36542.88636015058,36574.344679728616,36514.72889467886,36548.79603709764,19053798.919836998
1704884400,36564.36256765399,36595.690710428855,36546.67442458562,36582.66115827601,24636856.255148403
1704884700,36561.20401152717,36608.37463054072,36545.1229301931,36594.42629919798,37524071.62800034
1704885000,36592.647031338776,36615.28808861465,36573.45260610257,36611.77164025729,12429262.926546764
1704885300,36602.92082159053,36634.66738141769,36573.13831270541,36606.72314787543,8247300.593139277
1704885600,36590.09576023712,36605.94047547982,36571.21677987743,36603.55700729437,16965901.21405024
1704885900,36590.07318420973,36609.62785610405,36549.43966388065,36608.16926697464,32314045.891241357
1704886200,36609.54953558969,36646.85902757842,36595.162859479045,36611.44348555685,17175286.296356015
1704886500,36628.46590874603,36673.95146764712,36590.18033795689,36615.3762053189,11539431.638640437
1704886800,36619.11988716488,36657.42021300671,36594.25269815395,36609.85564506752,52236088.05354203
1704887100,36613.97010747648,36656.43379613116,36597.89952721218,36614.76072583318,12097537.79535233
1704887400,36611.43795884623,36656.37019878359,36579.396446371866,36611.7419903837,9947415.84564897
1704887700,36629.026300389705,36673.08741564103,36611.898615364575,36636.03095106643,28214030.611419648
1704888000,36634.76262753065,36652.33474288394,36572.73232944676,36625.29326498868,18744053.562690828
1704888300,36606.59317000225,36657.46893932906,36569.39303270239,36610.73210951295,74641857.84595367
1704888600,36605.55914636667,36656.82093795727,36572.09748908158,36629.86046134798,9585545.368002227
1704888900,36610.90776985848,36647.38990062787,36573.60129276577,36627.95652290856,13376154.360134715
1704889200,36616.45069576373,36635.7735530523,36578.27314634595,36578.27314634595,31597287.192699984
1704889500,36582.90508031366,36620.24437847129,36525.8483718047,36601.43741757368,35063428.2037431
1704889800,36580.45966701945,36608.13659490433,36558.44163840016,36591.08456580384,37748225.352931194
1704890100,36594.2163624749,36658.594797868,36548.75660100011,36612.87481877629,14637919.880970921
1704890400,36594.03350800094,36625.49043885199,36552.93942613079,36571.19041801003,32434973.075160574
1704890700,36569.34414579127,36599.47432922778,36550.99738629683,36571.84956290173,78023791.84346788
1704891000,36568.31929725791,36601.26290211765,36529.74352662073,36601.26290211765,21571079.37396912
1704891300,36599.22322916297,36636.53727784993,36566.42382270192,36608.259693058266,14271337.174871737
1704891600,36585.959159996666,36616.13260428693,36554.10639064656,36566.53149886556,26906469.64000734
1704891900,36571.81008155132,36587.44630527698,36527.48217819807,36553.56412721628,26875310.09910634
1704892200,36561.54312187269,36594.29190832198,36542.96553642836,36564.23926867413,20150894.544844147
1704892500,36571.60442329411,36600.57142110281,36530.66994976363,36574.32137764676,14439526.371319043
1704892800,36596.23527724794,36611.99881291582,36542.23577251936,36584.25426506465,16304470.325692864
1704893100,36588.59567156506,36636.91444185368,36549.92530481852,36582.44605824278,31937434.642553855
1704893400,36592.05106494779,36649.50993421183,36570.383427667926,36596.60935593186,24373707.997527137
1704893700,36600.43352914517,36635.07331882809,36564.90826375314,36584.75694893644,37212976.32840272
1704894000,36619.16213797474,36661.49333801969,36594.91690225239,36628.83773108218,8970192.664102182
1704894300,36612.75645777394,36650.48416100832,36609.95603465514,36618.31344471041,61962916.10542107
1704894600,36629.16253934443,36662.247185563145,36606.00594674872,36619.01609490279,37398535.16391593
1704894900,36629.51381117936,36669.60735092178,36615.37298289183,36662.06675110297,47531725.59677882
1704895200,36645.280251749646,36667.44614026901,36611.40280397012,36634.51240698415,14569187.99651683
1704895500,36639.84746661248,36668.20537990263,36592.25325650621,36613.8953345319,39186836.389727846
1704895800,36632.41212042193,36655.29247516804,36597.04335507919,36610.20586755513,17581090.03931742
1704896100,36619.0529846965,36655.00908664032,36590.75934566072,36638.747233218346,15068064.782837017
1704896400,36633.75696730649,36654.70536516472,36610.66335322173,36633.97924164466,13893535.173395421
1704896700,36625.40571875408,36641.98383722208,36592.1690322367,36616.17227551407,55402504.66444468
1704897000,36606.05208741001,36634.00846122554,36588.62320067321,36619.984618103685,9293695.73410154
1704897300,36618.77432620934,36655.773595884006,36589.30723605615,36623.73281288116,10840426.70532746
1704897600,36654.29299226702,36692.41142517421,36604.29887207406,36628.38192035204,19365256.285641454
1704897900,36633.00442284908,36650.61165080663,36603.61281676984,36628.774005338906,19991264.49774935
1704898200,36630.47898661463,36677.91522076836,36587.51696166393,36632.92351995191,17729781.99292448
1704898500,36624.5035925609,36681.65542163277,36596.9746339763,36648.57233751528,10243168.009874312
1704898800,36641.62394651712,36668.09922687419,36604.84017003462,36641.035528367,45712971.91870972
1704899100,36647.20569665213,36676.53540571147,36619.2983247449,36655.617493550046,47228356.51133481
1704899400,36635.22257081484,36655.666573562085,36600.22015873786,36637.23053309731,24574988.424886726
1704899700,36640.35912991681,36676.27135851151,36597.99146765686,36676.27135851151,32880563.100624725
1704900000,36666.2892887417,36682.38548168807,36645.04417952979,36662.46699347469,19216604.739827648
1704900300,36663.95426598247,36693.62924289965,36640.1328223329,36684.639387333256,69652406.04291596
1704900600,36697.78310451767,36733.591317645856,36682.680425540326,36699.9210462262,20940740.303907096
1704900900,36677.38940174829,36722.22357097272,36637.67280706001,36670.03519193971,22960773.333257537
1704901200,36669.491744912426,36734.38238392178,36663.20777399567,36693.78248510142,22249612.11947511
1704901500,36694.49642171997,36715.89824878719,36642.95300445952,36696.906164284585,76894677.21206324
1704901800,36706.705702307634,36724.35476604625,36667.7217794086,36679.99091366128,8253581.868777137
1704902100,36695.04957194736,36721.68150528464,36675.29469290229,36710.3791846307,10644083.925852314
1704902400,36705.14136945963,36739.82208692115,36679.99778688442,36693.35136123137,26101675.308299217
1704902700,36704.80618568981,36726.27229033816,36666.559363036446,36722.728804341146,16375181.766670326
1704903000,36706.04384085283,36750.1207729964,36687.445777637375,36718.75828407527,10773131.894605793
1704903300,36722.37134956376,36765.73753992587,36698.22886585991,36749.33238048528,11449121.73232308
1704903600,36742.28881366776,36765.25057147521,36684.8046994745,36711.51703699444,20225857.22001818
1704903900,36732.21485889062,36747.76469376394,36709.757382739575,36719.98400668101,15799617.462186296
1704904200,36732.03963558457,36769.37143255756,36681.48054003835,36723.78881897987,13863222.976422358
1704904500,36725.07009378165,36752.47122334324,36672.43049661018,36705.425114270685,13754086.526680797
1704904800,36701.85230423608,36769.12606567637,36671.80460428676,36724.73611826204,26288841.583076987
1704905100,36716.8854086157,36753.81437037086,36700.24069398826,36711.95302389813,21422505.302390203
1704905400,36721.24466027176,36742.1240385724,36694.94608338827,36708.39117911742,14997807.84149307
1704905700,36718.99050369388,36739.25602649796,36681.2089174259,36718.05897612672,11269309.10696726
1704906000,36712.51750188056,36747.30002672391,36673.14352406661,36738.384744036295,38657372.80414806
1704906300,36735.59591533068,36765.19291060585,36705.98222149189,36737.97599823247,13124167.343268415
1704906600,36747.7558795926,36767.952330807566,36717.3465296166,36754.91737710351,18546560.213406403
1704906900,36761.64524831516,36783.8325226854,36689.60446333927,36689.60446333927,22108750.53873149
1704907200,36721.05614236596,36748.7242884015,36694.55887951189,36701.014386872695,50551890.76797938
1704907500,36720.70001116872,36734.23886424462,36687.40531441743,36690.71756934716,21033377.35113719
1704907800,36700.49017051787,36737.38061815393,36671.19276555042,36699.35060499903,24613092.39284567
1704908100,36710.00451413204,36744.1949746738,36672.27320265739,36714.59886961368,14677342.546263471
1704908400,36718.61131454244,36743.2547494048,36692.59638116395,36743.2547494048,22480162.84253952
1704908700,36730.79982286575,36739.72498276993,36689.70518603169,36713.89577051751,20238915.929074246
1704909000,36709.31202938964,36730.56595226666,36696.34099020227,36713.91515284495,17756628.846117474
1704909300,36716.39357924715,36751.6229531658,36674.8111426169,36706.961763672814,18622168.28757942
1704909600,36711.82479841321,36747.59982061189,36693.11961628179,36721.70683222256,14456575.799338369
1704909900,36704.55717942649,36724.59817543766,36658.88919592693,36676.04289137882,24837454.861946035
1704910200,36687.63619185796,36740.178602479726,36657.90370625999,36689.27464381341,21975721.562222123
1704910500,36666.06448295986,36691.00108538037,36591.659831588775,36663.13809131376,21515642.021434356
1704910800,36666.83402437624,36683.715166940085,36621.80350715445,36675.98063297501,28071118.038206816
1704911100,36673.693674984526,36722.69743389959,36643.86339558517,36697.115772867226,16303475.897206511
1704911400,36706.34193256865,36743.98787163149,36684.46612836736,36734.98417019119,39991927.647599906
1704911700,36729.52484052722,36753.56980959119,36689.87565339859,36715.531912685765,21926468.23472343
1704912000,36712.53690411709,36748.8706383902,36689.91872046334,36701.044974419565,19308007.751924638
1704912300,36730.74597714186,36750.88035603629,36699.61919371537,36699.61919371537,28752259.406289026
1704912600,36720.28284773949,36729.3792837859,36687.79029006477,36715.84946086523,38627417.16458824
1704912900,36702.71720930299,36739.72237160911,36674.792257429006,36700.97476705844,21672815.306453876
1704913200,36716.19443830646,36771.25062525446,36699.60434253854,36699.60434253854,23439177.79239135
1704913500,36734.395462365705,36767.8899753565,36712.43540374787,36737.214695399154,19839376.01278486
1704913800,36736.35129208696,36758.444774628806,36687.88194641871,36711.154130013965,30758604.10647925
1704914100,36716.69776119063,36730.89611872504,36684.387917194814,36710.79515976196,21189522.39355471
1704914400,36698.4598655931,36727.85061514126,36660.73826580469,36713.03517276956,72354340.39167155
1704914700,36708.55483741903,36720.19536934166,36667.73424445612,36667.73424445612,28195927.31680252
1704915000,36692.88593642641,36710.35223539631,36663.86753411834,36663.86753411834,8985736.948619962
1704915300,36679.530226431634,36701.61796677997,36657.8274250086,36679.36648057259,49120052.33959822
1704915600,36679.655819373256,36731.48844108625,36664.05897042922,36677.95593398563,14973364.305687642
1704915900,36675.03474173314,36685.973457582695,36641.28649770453,36651.440607624594,12999456.963676209
1704916200,36670.402895562,36707.96171644773,36643.140905333246,36659.6131890682,26822839.5362216
1704916500,36657.500542092646,36675.20989172399,36623.00185777426,36640.99870133576,27996453.75042768
1704916800,36665.88506195747,36704.60564675509,36659.65411356145,36697.89395413085,31612772.742840223
1704917100,36689.87585655136,36709.81089011215,36647.16073124704,36656.45718681534,86359945.56127726
1704917400,36660.35119457172,36699.37203374584,36647.11473666934,36669.907711682696,19661969.438958257
1704917700,36683.792756748895,36721.63295293481,36639.697204257085,36675.114504368605,24912374.993838653
1704918000,36677.40533177631,36709.43931506094,36643.19299853504,36680.21903712179,37255438.91156547
1704918300,36685.12554742476,36722.29523301924,36670.14390888445,36711.90389833192,12097693.500799077
1704918600,36711.493151120485,36719.17983822356,36680.53243068148,36703.815517349554,10782483.21092238
1704918900,36705.19968943224,36741.97788875961,36660.89420807271,36708.21725031377,18671530.00399865
1704919200,36706.78362143962,36724.29570674845,36678.00744451479,36686.130520669576,20608247.47816796
1704919500,36682.29543978806,36725.18333776764,36655.27673757748,36676.122831301815,14342702.415434863
1704919800,36695.35573501168,36709.198309550746,36666.74897743821,36686.48950944421,32384700.271444786
1704920100,36684.698237392135,36704.23520360585,36656.38852677494,36674.12890957685,11182892.511030938
1704920400,36675.87186293308,36718.07195458095,36647.98950550719,36680.41011562978,35303164.78613003
1704920700,36663.232685200914,36671.590293205576,36619.324095100026,36642.84754306322,16110228.995260088
1704921000,36634.69239106534,36648.69143146643,36595.75008472274,36625.57870937966,14266421.437786419
1704921300,36620.565607956174,36672.46337812616,36599.85488333069,36602.52891142236,18066679.188460305
1704921600,36618.28850294876,36666.13188164962,36589.242811845885,36589.55116084019,16384964.792701222
1704921900,36597.87455598276,36603.07987587789,36544.89196949113,36574.61105811605,37302364.878413334
1704922200,36560.37630636998,36572.61115006874,36524.15019214781,36554.04873654743,45824582.513762094
1704922500,36537.06178811128,36554.3621250548,36506.33206569812,36536.30606133828,56461343.05933556
1704922800,36525.84776409108,36574.80649573161,36480.87492891535,36563.62847190007,40870587.42838355
1704923100,36540.9234559406,36581.86665415778,36498.064456096574,36532.57569455372,14659112.279217413
1704923400,36523.41283543089,36545.939826419526,36490.20392055879,36505.17699284826,20764337.326571587
1704923700,36530.96707838637,36555.01304554782,36481.37585874859,36536.80575094252,11613544.886266071
1704924000,36523.89481560297,36570.134800097534,36494.87085767338,36526.265713689005,16137727.661555517
1704924300,36529.025962453554,36564.045800479325,36504.14269504228,36523.98466227728,7974239.085331714
1704924600,36537.03699851129,36550.65152025731,36499.58564994126,36511.23708231566,27545485.71097206
1704924900,36501.20633826514,36538.34435460784,36482.18892080317,36508.467008774096,27788535.661466382
1704925200,36516.219411272265,36566.56194407064,36484.6846026082,36512.33373510616,33232272.59185023
1704925500,36515.35811979772,36532.56325585328,36481.33776769513,36504.46818020338,21462727.043371007
1704925800,36518.33830623423,36552.003152537065,36472.140855679,36514.71907548576,52323430.705100365
1704926100,36526.487524004304,36564.99293835477,36506.93062323216,36533.27321012645,19319982.551724836
1704926400,36523.41552764799,36551.93450383952,36499.84362299178,36525.22094923235,21635288.796374068
1704926700,36529.856971209214,36552.940663566005,36504.38126256183,36523.80169018885,39931872.97148045
1704927000,36536.34713125883,36575.53124055592,36518.45058289844,36548.81828668214,15644434.25943742
1704927300,36560.08717639563,36592.36338251297,36524.715351682506,36570.9849939075,12703177.632682048
1704927600,36566.05396347744,36591.78181171532,36537.36395107173,36564.07536647282,36509708.82659465
1704927900,36558.64068673783,36584.27763424263,36526.22551036079,36568.02291861723,26124320.493676063
1704928200,36554.38173854526,36581.38101168625,36514.31965208436,36537.62945278993,35968642.74825357
1704928500,36533.78749464661,36591.82604293027,36517.91034895533,36572.55605465016,9796645.826652829
1704928800,36570.94941847107,36613.31498130116,36536.53759221231,36602.36914891215,18771808.258764025
1704929100,36606.227637436496,36649.90907855709,36548.259073958776,36611.26250150112,47479773.922668785
1704929400,36617.741745512976,36652.85700085455,36589.483496783134,36625.12463482701,14444668.993059978
1704929700,36608.504628394265,36644.44422355236,36575.1550137308,36595.724977132086,30355716.496196486
1704930000,36595.56529789452,36643.51820144885,36561.24190382485,36589.22304255556,27581775.079812378
1704930300,36588.46409113121,36630.00710309007,36548.5052136984,36583.24053696314,61298604.28104437
1704930600,36587.37152207209,36648.5901702989,36587.007439339366,36608.09319294169,14857779.965885533
1704930900,36606.1727082304,36640.28828587749,36571.12867421778,36597.07298800747,8598047.790718906
