2026-06-12 15:30:44,770 - WARNING - RealisticBacktester - Data is too old: 2025-09-15 00:00:00 vs current time
2026-06-12 15:30:44,778 - WARNING - RealisticBacktester - Could not detect missing candles: Invalid frequency: 1H. Failed to parse with error message: ValueError("Invalid frequency: H. Failed to parse with error message: KeyError('H'). Did you mean h?")
2026-06-12 15:30:48,910 - ERROR - RealisticBacktester - Signal-trade correspondence validation FAILED
2026-06-12 15:30:48,916 - ERROR - RealisticBacktester -   - Only 17/29 (58.6%) signals had corresponding trade attempts
2026-06-12 15:30:48,918 - WARNING - RealisticBacktester - Minimal execution confirmation showed low correspondence. 12 out of 29 non-zero signals had no corresponding trade attempts.
2026-06-12 15:30:52,796 - WARNING - RealisticBacktester - Data is too old: 2025-09-15 00:00:00 vs current time
2026-06-12 15:30:52,807 - WARNING - RealisticBacktester - Could not detect missing candles: Invalid frequency: 1H. Failed to parse with error message: ValueError("Invalid frequency: H. Failed to parse with error message: KeyError('H'). Did you mean h?")
2026-06-12 15:30:54,575 - WARNING - RealisticBacktester - Trade count validation issues for BTCUSDT
2026-06-12 15:30:54,578 - WARNING - RealisticBacktester -   - Low trade count: 0 < 3 expected for 3.1 months of BTCUSDT data (some strategies may legitimately have few trades)
2026-06-12 15:30:54,581 - WARNING - RealisticBacktester - Trade density validation issues:
2026-06-12 15:30:54,583 - WARNING - RealisticBacktester -   - Zero trades executed: 0 trades for 2209 data points. This may indicate a strategy that never generates signals or has overly restrictive conditions.
2026-06-12 15:30:54,585 - WARNING - RealisticBacktester - Zero trade strategy detected - this may be normal for some strategies
2026-06-12 15:30:54,588 - ERROR - RealisticBacktester - FAIL-FAST TRIGGERED: Zero trades executed over 1+ month period - rejecting from optimization
2026-06-12 15:30:54,711 - WARNING - RealisticBacktester - Data is too old: 2025-09-15 00:00:00 vs current time
2026-06-12 15:30:54,715 - WARNING - RealisticBacktester - Could not detect missing candles: Invalid frequency: 1H. Failed to parse with error message: ValueError("Invalid frequency: H. Failed to parse with error message: KeyError('H'). Did you mean h?")
2026-06-12 15:30:55,291 - ERROR - RealisticBacktester - Signal-trade correspondence validation FAILED
2026-06-12 15:30:55,294 - ERROR - RealisticBacktester -   - Only 22/36 (61.1%) signals had corresponding trade attempts
2026-06-12 15:30:55,297 - WARNING - RealisticBacktester - Minimal execution confirmation showed low correspondence. 14 out of 36 non-zero signals had no corresponding trade attempts.
2026-06-12 15:30:56,607 - WARNING - RealisticBacktester - Data is too old: 2025-09-15 00:00:00 vs current time
2026-06-12 15:30:56,609 - WARNING - RealisticBacktester - Could not detect missing candles: Invalid frequency: 1H. Failed to parse with error message: ValueError("Invalid frequency: H. Failed to parse with error message: KeyError('H'). Did you mean h?")
2026-06-12 15:30:59,517 - ERROR - RealisticBacktester - Signal-trade correspondence validation FAILED
2026-06-12 15:30:59,521 - ERROR - RealisticBacktester -   - Only 54/92 (58.7%) signals had corresponding trade attempts
2026-06-12 15:30:59,524 - WARNING - RealisticBacktester - Minimal execution confirmation showed low correspondence. 38 out of 92 non-zero signals had no corresponding trade attempts.
2026-06-12 15:31:02,762 - WARNING - RealisticBacktester - Data is too old: 2025-09-15 00:00:00 vs current time
2026-06-12 15:31:02,766 - WARNING - RealisticBacktester - Could not detect missing candles: Invalid frequency: 1H. Failed to parse with error message: ValueError("Invalid frequency: H. Failed to parse with error message: KeyError('H'). Did you mean h?")
2026-06-12 15:31:03,439 - WARNING - RealisticBacktester - Trade count validation issues for BTCUSDT
2026-06-12 15:31:03,443 - WARNING - RealisticBacktester -   - Low trade count: 0 < 3 expected for 3.1 months of BTCUSDT data (some strategies may legitimately have few trades)
2026-06-12 15:31:03,446 - WARNING - RealisticBacktester - Trade density validation issues:
2026-06-12 15:31:03,448 - WARNING - RealisticBacktester -   - Zero trades executed: 0 trades for 2209 data points. This may indicate a strategy that never generates signals or has overly restrictive conditions.
2026-06-12 15:31:03,451 - WARNING - RealisticBacktester - Zero trade strategy detected - this may be normal for some strategies
2026-06-12 15:31:03,454 - ERROR - RealisticBacktester - FAIL-FAST TRIGGERED: Zero trades executed over 1+ month period - rejecting from optimization
2026-06-12 15:31:03,547 - WARNING - RealisticBacktester - Data is too old: 2025-09-15 00:00:00 vs current time
2026-06-12 15:31:03,551 - WARNING - RealisticBacktester - Could not detect missing candles: Invalid frequency: 1H. Failed to parse with error message: ValueError("Invalid frequency: H. Failed to parse with error message: KeyError('H'). Did you mean h?")
2026-06-12 15:31:06,435 - ERROR - RealisticBacktester - Signal-trade correspondence validation FAILED
2026-06-12 15:31:06,438 - ERROR - RealisticBacktester -   - Only 7/11 (63.6%) signals had corresponding trade attempts
2026-06-12 15:31:06,441 - WARNING - RealisticBacktester - Minimal execution confirmation showed low correspondence. 4 out of 11 non-zero signals had no corresponding trade attempts.
2026-06-12 15:31:10,396 - WARNING - RealisticBacktester - Data is too old: 2025-09-15 00:00:00 vs current time
2026-06-12 15:31:10,399 - WARNING - RealisticBacktester - Could not detect missing candles: Invalid frequency: 1H. Failed to parse with error message: ValueError("Invalid frequency: H. Failed to parse with error message: KeyError('H'). Did you mean h?")
2026-06-12 15:31:12,464 - ERROR - RealisticBacktester - Signal-trade correspondence validation FAILED
2026-06-12 15:31:12,467 - ERROR - RealisticBacktester -   - Only 44/86 (51.2%) signals had corresponding trade attempts
2026-06-12 15:31:12,469 - WARNING - RealisticBacktester - Minimal execution confirmation showed low correspondence. 42 out of 86 non-zero signals had no corresponding trade attempts.
2026-06-12 15:31:14,080 - WARNING - RealisticBacktester - Data is too old: 2025-09-15 00:00:00 vs current time
2026-06-12 15:31:14,083 - WARNING - RealisticBacktester - Could not detect missing candles: Invalid frequency: 1H. Failed to parse with error message: ValueError("Invalid frequency: H. Failed to parse with error message: KeyError('H'). Did you mean h?")
2026-06-12 15:31:15,938 - ERROR - RealisticBacktester - Signal-trade correspondence validation FAILED
2026-06-12 15:31:15,940 - ERROR - RealisticBacktester -   - Only 24/46 (52.2%) signals had corresponding trade attempts
2026-06-12 15:31:15,942 - WARNING - RealisticBacktester - Minimal execution confirmation showed low correspondence. 22 out of 46 non-zero signals had no corresponding trade attempts.
2026-06-12 15:31:18,224 - WARNING - RealisticBacktester - Data is too old: 2025-09-15 00:00:00 vs current time
2026-06-12 15:31:18,227 - WARNING - RealisticBacktester - Could not detect missing candles: Invalid frequency: 1H. Failed to parse with error message: ValueError("Invalid frequency: H. Failed to parse with error message: KeyError('H'). Did you mean h?")
2026-06-12 15:31:19,851 - ERROR - RealisticBacktester - Signal-trade correspondence validation FAILED
2026-06-12 15:31:19,854 - ERROR - RealisticBacktester -   - Only 10/225 (4.4%) signals had corresponding trade attempts
2026-06-12 15:31:19,857 - WARNING - RealisticBacktester - Minimal execution confirmation showed low correspondence. 215 out of 225 non-zero signals had no corresponding trade attempts.
📈 Starting backtest process for strategy: trend_following
   Symbols: ['BTCUSDT']
   Date Range: 2025-06-15 to 2025-09-15
   Initial Capital: $10,000.00
   Fee Rate: 0.100%
   Slippage Factor: 0.050%
   Timestamp: 2026-06-12 15:30:44

🔍 Backtesting trend_following on BTCUSDT...
   Date range filter applied: 2025-06-15 to 2025-09-15, data range: 2025-06-15 to 2025-09-15, rows: 2209
   ✅ BTCUSDT backtest completed
      Return: 0.30%
      Sharpe: 0.16
      Max DD: -0.75%
      Trades: 33
      Signal Audit - Generated: 2209, Filtered: 0, Entries: 2209

📊 BACKTEST SUMMARY
   Strategy: trend_following
   Symbols processed: 1
   Successful: 1
   Failed: 0
   Average Return: 0.30%
   Average Sharpe: 0.16
   Average Max DD: -0.75%
   Average Win Rate: 30.30%
   Total Trades: 33
   Duration: 8.37s

✅ Backtest completed with validation
[1/144] S1 BTCUSDT trend_following: INSUFFICIENT_DATA pnl=64.31571491386993 tr=16
📈 Starting backtest process for strategy: mean_reversion
   Symbols: ['BTCUSDT']
   Date Range: 2025-06-15 to 2025-09-15
   Initial Capital: $10,000.00
   Fee Rate: 0.100%
   Slippage Factor: 0.050%
   Timestamp: 2026-06-12 15:30:52

🔍 Backtesting mean_reversion on BTCUSDT...
   Date range filter applied: 2025-06-15 to 2025-09-15, data range: 2025-06-15 to 2025-09-15, rows: 2209
   ❌ Error during backtest for BTCUSDT: Zero trade strategy detected during backtest.
  Duration: 92 days (3.1 months)
  Trades: 0
  Data points: 2209
  Symbol: BTCUSDT
  This may be normal for some strategies in certain market conditions.

📊 BACKTEST SUMMARY
   Strategy: mean_reversion
   Symbols processed: 1
   Successful: 0
   Failed: 1
   Duration: 2.07s

✅ Backtest completed with validation
[2/144] S1 BTCUSDT mean_reversion: error pnl=None tr=None
📈 Starting backtest process for strategy: momentum
   Symbols: ['BTCUSDT']
   Date Range: 2025-06-15 to 2025-09-15
   Initial Capital: $10,000.00
   Fee Rate: 0.100%
   Slippage Factor: 0.050%
   Timestamp: 2026-06-12 15:30:54

🔍 Backtesting momentum on BTCUSDT...
   Date range filter applied: 2025-06-15 to 2025-09-15, data range: 2025-06-15 to 2025-09-15, rows: 2209
   ✅ BTCUSDT backtest completed
      Return: 0.10%
      Sharpe: 0.04
      Max DD: -1.25%
      Trades: 42
      Signal Audit - Generated: 2209, Filtered: 0, Entries: 2209

📊 BACKTEST SUMMARY
   Strategy: momentum
   Symbols processed: 1
   Successful: 1
   Failed: 0
   Average Return: 0.10%
   Average Sharpe: 0.04
   Average Max DD: -1.25%
   Average Win Rate: 23.81%
   Total Trades: 42
   Duration: 1.81s

✅ Backtest completed with validation
[3/144] S1 BTCUSDT momentum: INSUFFICIENT_DATA pnl=54.09729598286608 tr=20
📈 Starting backtest process for strategy: scalping
   Symbols: ['BTCUSDT']
   Date Range: 2025-06-15 to 2025-09-15
   Initial Capital: $10,000.00
   Fee Rate: 0.100%
   Slippage Factor: 0.050%
   Timestamp: 2026-06-12 15:30:56

🔍 Backtesting scalping on BTCUSDT...
   Date range filter applied: 2025-06-15 to 2025-09-15, data range: 2025-06-15 to 2025-09-15, rows: 2209
   ✅ BTCUSDT backtest completed
      Return: -3.54%
      Sharpe: -0.49
      Max DD: -2.04%
      Trades: 101
      Signal Audit - Generated: 2209, Filtered: 0, Entries: 2209

📊 BACKTEST SUMMARY
   Strategy: scalping
   Symbols processed: 1
   Successful: 1
   Failed: 0
   Average Return: -3.54%
   Average Sharpe: -0.49
   Average Max DD: -2.04%
   Average Win Rate: 22.77%
   Total Trades: 101
   Duration: 6.15s

✅ Backtest completed with validation
[4/144] S1 BTCUSDT scalping: INSUFFICIENT_DATA pnl=-40.23830627533599 tr=50
📈 Starting backtest process for strategy: breakout
   Symbols: ['BTCUSDT']
   Date Range: 2025-06-15 to 2025-09-15
   Initial Capital: $10,000.00
   Fee Rate: 0.100%
   Slippage Factor: 0.050%
   Timestamp: 2026-06-12 15:31:02

🔍 Backtesting breakout on BTCUSDT...
   Date range filter applied: 2025-06-15 to 2025-09-15, data range: 2025-06-15 to 2025-09-15, rows: 2209
   ❌ Error during backtest for BTCUSDT: Zero trade strategy detected during backtest.
  Duration: 92 days (3.1 months)
  Trades: 0
  Data points: 2209
  Symbol: BTCUSDT
  This may be normal for some strategies in certain market conditions.

📊 BACKTEST SUMMARY
   Strategy: breakout
   Symbols processed: 1
   Successful: 0
   Failed: 1
   Duration: 0.85s

✅ Backtest completed with validation
[5/144] S1 BTCUSDT breakout: error pnl=None tr=None
📈 Starting backtest process for strategy: liquidity
   Symbols: ['BTCUSDT']
   Date Range: 2025-06-15 to 2025-09-15
   Initial Capital: $10,000.00
   Fee Rate: 0.100%
   Slippage Factor: 0.050%
   Timestamp: 2026-06-12 15:31:03

🔍 Backtesting liquidity on BTCUSDT...
   Date range filter applied: 2025-06-15 to 2025-09-15, data range: 2025-06-15 to 2025-09-15, rows: 2209
   ✅ BTCUSDT backtest completed
      Return: -1.04%
      Sharpe: -0.89
      Max DD: -1.04%
      Trades: 13
      Signal Audit - Generated: 2209, Filtered: 0, Entries: 2209

📊 BACKTEST SUMMARY
   Strategy: liquidity
   Symbols processed: 1
   Successful: 1
   Failed: 0
   Average Return: -1.04%
   Average Sharpe: -0.89
   Average Max DD: -1.04%
   Average Win Rate: 7.69%
   Total Trades: 13
   Duration: 6.83s

✅ Backtest completed with validation
[6/144] S1 BTCUSDT liquidity: INSUFFICIENT_DATA pnl=-90.37078707533334 tr=6
📈 Starting backtest process for strategy: mtf_trend
   Symbols: ['BTCUSDT']
   Date Range: 2025-06-15 to 2025-09-15
   Initial Capital: $10,000.00
   Fee Rate: 0.100%
   Slippage Factor: 0.050%
   Timestamp: 2026-06-12 15:31:10

🔍 Backtesting mtf_trend on BTCUSDT...
   Date range filter applied: 2025-06-15 to 2025-09-15, data range: 2025-06-15 to 2025-09-15, rows: 2209
   ✅ BTCUSDT backtest completed
      Return: -3.03%
      Sharpe: -1.01
      Max DD: -3.84%
      Trades: 87
      Signal Audit - Generated: 2209, Filtered: 0, Entries: 2209

📊 BACKTEST SUMMARY
   Strategy: mtf_trend
   Symbols processed: 1
   Successful: 1
   Failed: 0
   Average Return: -3.03%
   Average Sharpe: -1.01
   Average Max DD: -3.84%
   Average Win Rate: 17.24%
   Total Trades: 87
   Duration: 3.68s

✅ Backtest completed with validation
[7/144] S1 BTCUSDT mtf_trend: NO_GO pnl=-215.64110790358558 tr=43
📈 Starting backtest process for strategy: oi_footprint
   Symbols: ['BTCUSDT']
   Date Range: 2025-06-15 to 2025-09-15
   Initial Capital: $10,000.00
   Fee Rate: 0.100%
   Slippage Factor: 0.050%
   Timestamp: 2026-06-12 15:31:14

🔍 Backtesting oi_footprint on BTCUSDT...
   Date range filter applied: 2025-06-15 to 2025-09-15, data range: 2025-06-15 to 2025-09-15, rows: 2209
   ✅ BTCUSDT backtest completed
      Return: -2.34%
      Sharpe: -1.27
      Max DD: -2.69%
      Trades: 47
      Signal Audit - Generated: 2209, Filtered: 0, Entries: 2209

📊 BACKTEST SUMMARY
   Strategy: oi_footprint
   Symbols processed: 1
   Successful: 1
   Failed: 0
   Average Return: -2.34%
   Average Sharpe: -1.27
   Average Max DD: -2.69%
   Average Win Rate: 12.77%
   Total Trades: 47
   Duration: 4.10s

✅ Backtest completed with validation
[8/144] S1 BTCUSDT oi_footprint: DIRECTIONAL_NO_GO pnl=-186.4199873427617 tr=23
📈 Starting backtest process for strategy: sweep_scalper
   Symbols: ['BTCUSDT']
   Date Range: 2025-06-15 to 2025-09-15
   Initial Capital: $10,000.00
   Fee Rate: 0.100%
   Slippage Factor: 0.050%
   Timestamp: 2026-06-12 15:31:18

🔍 Backtesting sweep_scalper on BTCUSDT...
   Date range filter applied: 2025-06-15 to 2025-09-15, data range: 2025-06-15 to 2025-09-15, rows: 2209
   ✅ BTCUSDT backtest completed
      Return: -0.42%
      Sharpe: -0.35
      Max DD: -0.76%
      Trades: 16
      Signal Audit - Generated: 2209, Filtered: 0, Entries: 2209

📊 BACKTEST SUMMARY
   Strategy: sweep_scalper
   Symbols processed: 1
   Successful: 1
   Failed: 0
   Average Return: -0.42%
   Average Sharpe: -0.35
   Average Max DD: -0.76%
   Average Win Rate: 18.75%
   Total Trades: 16
   Duration: 3.16s

✅ Backtest completed with validation
[9/144] S1 BTCUSDT sweep_scalper: INSUFFICIENT_DATA pnl=-24.488333814470344 tr=7
📈 Starting backtest process for strategy: vwap_reversal
   Symbols: ['BTCUSDT']2026-06-12 15:31:21,438 - WARNING - RealisticBacktester - Data is too old: 2025-09-15 00:00:00 vs current time
2026-06-12 15:31:21,441 - WARNING - RealisticBacktester - Could not detect missing candles: Invalid frequency: 1H. Failed to parse with error message: ValueError("Invalid frequency: H. Failed to parse with error message: KeyError('H'). Did you mean h?")
2026-06-12 15:31:23,276 - WARNING - RealisticBacktester - Trade count validation issues for BTCUSDT
2026-06-12 15:31:23,278 - WARNING - RealisticBacktester -   - Low trade count: 0 < 3 expected for 3.1 months of BTCUSDT data (some strategies may legitimately have few trades)
2026-06-12 15:31:23,281 - WARNING - RealisticBacktester - Trade density validation issues:
2026-06-12 15:31:23,283 - WARNING - RealisticBacktester -   - Zero trades executed: 0 trades for 2209 data points. This may indicate a strategy that never generates signals or has overly restrictive conditions.
2026-06-12 15:31:23,285 - WARNING - RealisticBacktester - Zero trade strategy detected - this may be normal for some strategies
2026-06-12 15:31:23,287 - ERROR - RealisticBacktester - FAIL-FAST TRIGGERED: Zero trades executed over 1+ month period - rejecting from optimization
2026-06-12 15:31:23,426 - WARNING - RealisticBacktester - Data is too old: 2025-09-15 00:00:00 vs current time
2026-06-12 15:31:23,431 - WARNING - RealisticBacktester - Could not detect missing candles: Invalid frequency: 1H. Failed to parse with error message: ValueError("Invalid frequency: H. Failed to parse with error message: KeyError('H'). Did you mean h?")
2026-06-12 15:31:29,116 - WARNING - RealisticBacktester - Data is too old: 2025-09-15 00:00:00 vs current time
2026-06-12 15:31:29,119 - WARNING - RealisticBacktester - Could not detect missing candles: Invalid frequency: 1H. Failed to parse with error message: ValueError("Invalid frequency: H. Failed to parse with error message: KeyError('H'). Did you mean h?")
2026-06-12 15:31:30,168 - WARNING - RealisticBacktester - Trade count validation issues for BTCUSDT
2026-06-12 15:31:30,171 - WARNING - RealisticBacktester -   - Low trade count: 0 < 3 expected for 3.1 months of BTCUSDT data (some strategies may legitimately have few trades)
2026-06-12 15:31:30,174 - WARNING - RealisticBacktester - Trade density validation issues:
2026-06-12 15:31:30,176 - WARNING - RealisticBacktester -   - Zero trades executed: 0 trades for 2209 data points. This may indicate a strategy that never generates signals or has overly restrictive conditions.
2026-06-12 15:31:30,179 - WARNING - RealisticBacktester - Zero trade strategy detected - this may be normal for some strategies
2026-06-12 15:31:30,181 - ERROR - RealisticBacktester - FAIL-FAST TRIGGERED: Zero trades executed over 1+ month period - rejecting from optimization
2026-06-12 15:31:30,287 - WARNING - RealisticBacktester - Data is too old: 2025-09-15 00:00:00 vs current time
2026-06-12 15:31:30,289 - WARNING - RealisticBacktester - Could not detect missing candles: Invalid frequency: 1H. Failed to parse with error message: ValueError("Invalid frequency: H. Failed to parse with error message: KeyError('H'). Did you mean h?")
2026-06-12 15:31:31,388 - ERROR - RealisticBacktester - Signal-trade correspondence validation FAILED
2026-06-12 15:31:31,391 - ERROR - RealisticBacktester -   - Only 27/44 (61.4%) signals had corresponding trade attempts
2026-06-12 15:31:31,394 - WARNING - RealisticBacktester - Minimal execution confirmation showed low correspondence. 17 out of 44 non-zero signals had no corresponding trade attempts.
2026-06-12 15:31:32,477 - WARNING - RealisticBacktester - Data is too old: 2025-09-15 00:00:00 vs current time
2026-06-12 15:31:32,480 - WARNING - RealisticBacktester - Could not detect missing candles: Invalid frequency: 1H. Failed to parse with error message: ValueError("Invalid frequency: H. Failed to parse with error message: KeyError('H'). Did you mean h?")
2026-06-12 15:31:34,074 - WARNING - RealisticBacktester - Trade count validation issues for ETHUSDT
2026-06-12 15:31:34,077 - WARNING - RealisticBacktester -   - Low trade count: 0 < 3 expected for 3.1 months of ETHUSDT data (some strategies may legitimately have few trades)
2026-06-12 15:31:34,080 - WARNING - RealisticBacktester - Trade density validation issues:
2026-06-12 15:31:34,082 - WARNING - RealisticBacktester -   - Zero trades executed: 0 trades for 2209 data points. This may indicate a strategy that never generates signals or has overly restrictive conditions.
2026-06-12 15:31:34,085 - WARNING - RealisticBacktester - Zero trade strategy detected - this may be normal for some strategies
2026-06-12 15:31:34,087 - ERROR - RealisticBacktester - FAIL-FAST TRIGGERED: Zero trades executed over 1+ month period - rejecting from optimization
2026-06-12 15:31:34,198 - WARNING - RealisticBacktester - Data is too old: 2025-09-15 00:00:00 vs current time
2026-06-12 15:31:34,202 - WARNING - RealisticBacktester - Could not detect missing candles: Invalid frequency: 1H. Failed to parse with error message: ValueError("Invalid frequency: H. Failed to parse with error message: KeyError('H'). Did you mean h?")
2026-06-12 15:31:35,276 - ERROR - RealisticBacktester - Signal-trade correspondence validation FAILED
2026-06-12 15:31:35,279 - ERROR - RealisticBacktester -   - Only 22/97 (22.7%) signals had corresponding trade attempts
2026-06-12 15:31:35,281 - WARNING - RealisticBacktester - Minimal execution confirmation showed low correspondence. 75 out of 97 non-zero signals had no corresponding trade attempts.
2026-06-12 15:31:36,311 - WARNING - RealisticBacktester - Data is too old: 2025-09-15 00:00:00 vs current time
2026-06-12 15:31:36,314 - WARNING - RealisticBacktester - Could not detect missing candles: Invalid frequency: 1H. Failed to parse with error message: ValueError("Invalid frequency: H. Failed to parse with error message: KeyError('H'). Did you mean h?")
2026-06-12 15:31:40,525 - ERROR - RealisticBacktester - Signal-trade correspondence validation FAILED
2026-06-12 15:31:40,547 - ERROR - RealisticBacktester -   - Only 51/89 (57.3%) signals had corresponding trade attempts
2026-06-12 15:31:40,549 - WARNING - RealisticBacktester - Minimal execution confirmation showed low correspondence. 38 out of 89 non-zero signals had no corresponding trade attempts.
2026-06-12 15:31:46,781 - WARNING - RealisticBacktester - Data is too old: 2025-09-15 00:00:00 vs current time
2026-06-12 15:31:46,784 - WARNING - RealisticBacktester - Could not detect missing candles: Invalid frequency: 1H. Failed to parse with error message: ValueError("Invalid frequency: H. Failed to parse with error message: KeyError('H'). Did you mean h?")
2026-06-12 15:31:48,125 - WARNING - RealisticBacktester - Trade count validation issues for ETHUSDT
2026-06-12 15:31:48,128 - WARNING - RealisticBacktester -   - Low trade count: 0 < 3 expected for 3.1 months of ETHUSDT data (some strategies may legitimately have few trades)
2026-06-12 15:31:48,130 - WARNING - RealisticBacktester - Trade density validation issues:
2026-06-12 15:31:48,133 - WARNING - RealisticBacktester -   - Zero trades executed: 0 trades for 2209 data points. This may indicate a strategy that never generates signals or has overly restrictive conditions.
2026-06-12 15:31:48,135 - WARNING - RealisticBacktester - Zero trade strategy detected - this may be normal for some strategies
2026-06-12 15:31:48,138 - ERROR - RealisticBacktester - FAIL-FAST TRIGGERED: Zero trades executed over 1+ month period - rejecting from optimization
2026-06-12 15:31:48,321 - WARNING - RealisticBacktester - Data is too old: 2025-09-15 00:00:00 vs current time
2026-06-12 15:31:48,334 - WARNING - RealisticBacktester - Could not detect missing candles: Invalid frequency: 1H. Failed to parse with error message: ValueError("Invalid frequency: H. Failed to parse with error message: KeyError('H'). Did you mean h?")
2026-06-12 15:31:54,963 - ERROR - RealisticBacktester - Signal-trade correspondence validation FAILED
2026-06-12 15:31:54,966 - ERROR - RealisticBacktester -   - Only 10/19 (52.6%) signals had corresponding trade attempts
2026-06-12 15:31:54,969 - WARNING - RealisticBacktester - Minimal execution confirmation showed low correspondence. 9 out of 19 non-zero signals had no corresponding trade attempts.

   Date Range: 2025-06-15 to 2025-09-15
   Initial Capital: $10,000.00
   Fee Rate: 0.100%
   Slippage Factor: 0.050%
   Timestamp: 2026-06-12 15:31:21

🔍 Backtesting vwap_reversal on BTCUSDT...
   Date range filter applied: 2025-06-15 to 2025-09-15, data range: 2025-06-15 to 2025-09-15, rows: 2209
   ❌ Error during backtest for BTCUSDT: Zero trade strategy detected during backtest.
  Duration: 92 days (3.1 months)
  Trades: 0
  Data points: 2209
  Symbol: BTCUSDT
  This may be normal for some strategies in certain market conditions.

📊 BACKTEST SUMMARY
   Strategy: vwap_reversal
   Symbols processed: 1
   Successful: 0
   Failed: 1
   Duration: 1.99s

✅ Backtest completed with validation
[10/144] S1 BTCUSDT vwap_reversal: error pnl=None tr=None
📈 Starting backtest process for strategy: volatility_breakout
   Symbols: ['BTCUSDT']
   Date Range: 2025-06-15 to 2025-09-15
   Initial Capital: $10,000.00
   Fee Rate: 0.100%
   Slippage Factor: 0.050%
   Timestamp: 2026-06-12 15:31:23

🔍 Backtesting volatility_breakout on BTCUSDT...
   Date range filter applied: 2025-06-15 to 2025-09-15, data range: 2025-06-15 to 2025-09-15, rows: 2209
   ✅ BTCUSDT backtest completed
      Return: -0.26%
      Sharpe: -0.47
      Max DD: -0.26%
      Trades: 7
      Signal Audit - Generated: 2209, Filtered: 0, Entries: 2209

📊 BACKTEST SUMMARY
   Strategy: volatility_breakout
   Symbols processed: 1
   Successful: 1
   Failed: 0
   Average Return: -0.26%
   Average Sharpe: -0.47
   Average Max DD: -0.26%
   Average Win Rate: 14.29%
   Total Trades: 7
   Duration: 5.71s

✅ Backtest completed with validation
[11/144] S1 BTCUSDT volatility_breakout: INSUFFICIENT_DATA pnl=-18.354367266786916 tr=3
📈 Starting backtest process for strategy: crypto_breakout
   Symbols: ['BTCUSDT']
   Date Range: 2025-06-15 to 2025-09-15
   Initial Capital: $10,000.00
   Fee Rate: 0.100%
   Slippage Factor: 0.050%
   Timestamp: 2026-06-12 15:31:29

🔍 Backtesting crypto_breakout on BTCUSDT...
   Date range filter applied: 2025-06-15 to 2025-09-15, data range: 2025-06-15 to 2025-09-15, rows: 2209
   ❌ Error during backtest for BTCUSDT: Zero trade strategy detected during backtest.
  Duration: 92 days (3.1 months)
  Trades: 0
  Data points: 2209
  Symbol: BTCUSDT
  This may be normal for some strategies in certain market conditions.

📊 BACKTEST SUMMARY
   Strategy: crypto_breakout
   Symbols processed: 1
   Successful: 0
   Failed: 1
   Duration: 1.16s

✅ Backtest completed with validation
[12/144] S1 BTCUSDT crypto_breakout: error pnl=None tr=None
📈 Starting backtest process for strategy: trend_following
   Symbols: ['ETHUSDT']
   Date Range: 2025-06-15 to 2025-09-15
   Initial Capital: $10,000.00
   Fee Rate: 0.100%
   Slippage Factor: 0.050%
   Timestamp: 2026-06-12 15:31:30

🔍 Backtesting trend_following on ETHUSDT...
   Date range filter applied: 2025-06-15 to 2025-09-15, data range: 2025-06-15 to 2025-09-15, rows: 2209
   ✅ ETHUSDT backtest completed
      Return: 1.91%
      Sharpe: 0.37
      Max DD: -0.95%
      Trades: 53
      Signal Audit - Generated: 2209, Filtered: 0, Entries: 2209

📊 BACKTEST SUMMARY
   Strategy: trend_following
   Symbols processed: 1
   Successful: 1
   Failed: 0
   Average Return: 1.91%
   Average Sharpe: 0.37
   Average Max DD: -0.95%
   Average Win Rate: 26.42%
   Total Trades: 53
   Duration: 2.16s

✅ Backtest completed with validation
[13/144] S1 ETHUSDT trend_following: INSUFFICIENT_DATA pnl=245.28852052283702 tr=26
📈 Starting backtest process for strategy: mean_reversion
   Symbols: ['ETHUSDT']
   Date Range: 2025-06-15 to 2025-09-15
   Initial Capital: $10,000.00
   Fee Rate: 0.100%
   Slippage Factor: 0.050%
   Timestamp: 2026-06-12 15:31:32

🔍 Backtesting mean_reversion on ETHUSDT...
   Date range filter applied: 2025-06-15 to 2025-09-15, data range: 2025-06-15 to 2025-09-15, rows: 2209
   ❌ Error during backtest for ETHUSDT: Zero trade strategy detected during backtest.
  Duration: 92 days (3.1 months)
  Trades: 0
  Data points: 2209
  Symbol: ETHUSDT
  This may be normal for some strategies in certain market conditions.

📊 BACKTEST SUMMARY
   Strategy: mean_reversion
   Symbols processed: 1
   Successful: 0
   Failed: 1
   Duration: 1.73s

✅ Backtest completed with validation
[14/144] S1 ETHUSDT mean_reversion: error pnl=None tr=None
📈 Starting backtest process for strategy: momentum
   Symbols: ['ETHUSDT']
   Date Range: 2025-06-15 to 2025-09-15
   Initial Capital: $10,000.00
   Fee Rate: 0.100%
   Slippage Factor: 0.050%
   Timestamp: 2026-06-12 15:31:34

🔍 Backtesting momentum on ETHUSDT...
   Date range filter applied: 2025-06-15 to 2025-09-15, data range: 2025-06-15 to 2025-09-15, rows: 2209
   ✅ ETHUSDT backtest completed
      Return: -0.17%
      Sharpe: -0.04
      Max DD: -1.84%
      Trades: 42
      Signal Audit - Generated: 2209, Filtered: 0, Entries: 2209

📊 BACKTEST SUMMARY
   Strategy: momentum
   Symbols processed: 1
   Successful: 1
   Failed: 0
   Average Return: -0.17%
   Average Sharpe: -0.04
   Average Max DD: -1.84%
   Average Win Rate: 21.43%
   Total Trades: 42
   Duration: 2.10s

✅ Backtest completed with validation
[15/144] S1 ETHUSDT momentum: INSUFFICIENT_DATA pnl=26.64644586776312 tr=20
📈 Starting backtest process for strategy: scalping
   Symbols: ['ETHUSDT']
   Date Range: 2025-06-15 to 2025-09-15
   Initial Capital: $10,000.00
   Fee Rate: 0.100%
   Slippage Factor: 0.050%
   Timestamp: 2026-06-12 15:31:36

🔍 Backtesting scalping on ETHUSDT...
   Date range filter applied: 2025-06-15 to 2025-09-15, data range: 2025-06-15 to 2025-09-15, rows: 2209
   ✅ ETHUSDT backtest completed
      Return: -3.45%
      Sharpe: -0.32
      Max DD: -3.27%
      Trades: 97
      Signal Audit - Generated: 2209, Filtered: 0, Entries: 2209

📊 BACKTEST SUMMARY
   Strategy: scalping
   Symbols processed: 1
   Successful: 1
   Failed: 0
   Average Return: -3.45%
   Average Sharpe: -0.32
   Average Max DD: -3.27%
   Average Win Rate: 20.62%
   Total Trades: 97
   Duration: 10.45s

✅ Backtest completed with validation
[16/144] S1 ETHUSDT scalping: INSUFFICIENT_DATA pnl=41.41613935702355 tr=48
📈 Starting backtest process for strategy: breakout
   Symbols: ['ETHUSDT']
   Date Range: 2025-06-15 to 2025-09-15
   Initial Capital: $10,000.00
   Fee Rate: 0.100%
   Slippage Factor: 0.050%
   Timestamp: 2026-06-12 15:31:46

🔍 Backtesting breakout on ETHUSDT...
   Date range filter applied: 2025-06-15 to 2025-09-15, data range: 2025-06-15 to 2025-09-15, rows: 2209
   ❌ Error during backtest for ETHUSDT: Zero trade strategy detected during backtest.
  Duration: 92 days (3.1 months)
  Trades: 0
  Data points: 2209
  Symbol: ETHUSDT
  This may be normal for some strategies in certain market conditions.

📊 BACKTEST SUMMARY
   Strategy: breakout
   Symbols processed: 1
   Successful: 0
   Failed: 1
   Duration: 1.49s

✅ Backtest completed with validation
[17/144] S1 ETHUSDT breakout: error pnl=None tr=None
📈 Starting backtest process for strategy: liquidity
   Symbols: ['ETHUSDT']
   Date Range: 2025-06-15 to 2025-09-15
   Initial Capital: $10,000.00
   Fee Rate: 0.100%
   Slippage Factor: 0.050%
   Timestamp: 2026-06-12 15:31:48

🔍 Backtesting liquidity on ETHUSDT...
   Date range filter applied: 2025-06-15 to 2025-09-15, data range: 2025-06-15 to 2025-09-15, rows: 2209
   ✅ ETHUSDT backtest completed
      Return: -1.01%
      Sharpe: -0.28
      Max DD: -1.38%
      Trades: 19
      Signal Audit - Generated: 2209, Filtered: 0, Entries: 2209

📊 BACKTEST SUMMARY
   Strategy: liquidity
   Symbols processed: 1
   Successful: 1
   Failed: 0
   Average Return: -1.01%
   Average Sharpe: -0.28
   Average Max DD: -1.38%
   Average Win Rate: 15.79%
   Total Trades: 19
   Duration: 15.91s

✅ Backtest completed with validation
[18/144] S1 ETHUSDT liquidity: INSUFFICIENT_DATA pnl=-80.62684830872077 tr=9
📈 Starting backtest process for strategy: mtf_trend
   Symbols: ['ETHUSDT']
   Date Range: 2025-06-15 to 2025-09-15
   Initial Capital: $10,000.00
   Fee Rate: 0.100%
   Slippage Factor: 0.050%
   Timestamp: 2026-06-12 15:32:04

🔍 Backtesting mtf_trend on ETHUSDT...2026-06-12 15:32:04,202 - WARNING - RealisticBacktester - Data is too old: 2025-09-15 00:00:00 vs current time
2026-06-12 15:32:04,205 - WARNING - RealisticBacktester - Could not detect missing candles: Invalid frequency: 1H. Failed to parse with error message: ValueError("Invalid frequency: H. Failed to parse with error message: KeyError('H'). Did you mean h?")
2026-06-12 15:32:06,559 - ERROR - RealisticBacktester - Signal-trade correspondence validation FAILED
2026-06-12 15:32:06,561 - ERROR - RealisticBacktester -   - Only 76/145 (52.4%) signals had corresponding trade attempts
2026-06-12 15:32:06,564 - WARNING - RealisticBacktester - Minimal execution confirmation showed low correspondence. 69 out of 145 non-zero signals had no corresponding trade attempts.
2026-06-12 15:32:09,145 - WARNING - RealisticBacktester - Data is too old: 2025-09-15 00:00:00 vs current time
2026-06-12 15:32:09,148 - WARNING - RealisticBacktester - Could not detect missing candles: Invalid frequency: 1H. Failed to parse with error message: ValueError("Invalid frequency: H. Failed to parse with error message: KeyError('H'). Did you mean h?")
2026-06-12 15:32:12,287 - ERROR - RealisticBacktester - Signal-trade correspondence validation FAILED
2026-06-12 15:32:12,290 - ERROR - RealisticBacktester -   - Only 23/44 (52.3%) signals had corresponding trade attempts
2026-06-12 15:32:12,293 - WARNING - RealisticBacktester - Minimal execution confirmation showed low correspondence. 21 out of 44 non-zero signals had no corresponding trade attempts.
2026-06-12 15:32:15,004 - WARNING - RealisticBacktester - Data is too old: 2025-09-15 00:00:00 vs current time
2026-06-12 15:32:15,008 - WARNING - RealisticBacktester - Could not detect missing candles: Invalid frequency: 1H. Failed to parse with error message: ValueError("Invalid frequency: H. Failed to parse with error message: KeyError('H'). Did you mean h?")
2026-06-12 15:32:16,879 - ERROR - RealisticBacktester - Signal-trade correspondence validation FAILED
2026-06-12 15:32:16,882 - ERROR - RealisticBacktester -   - Only 11/229 (4.8%) signals had corresponding trade attempts
2026-06-12 15:32:16,884 - WARNING - RealisticBacktester - Minimal execution confirmation showed low correspondence. 218 out of 229 non-zero signals had no corresponding trade attempts.
2026-06-12 15:32:18,917 - WARNING - RealisticBacktester - Data is too old: 2025-09-15 00:00:00 vs current time
2026-06-12 15:32:18,920 - WARNING - RealisticBacktester - Could not detect missing candles: Invalid frequency: 1H. Failed to parse with error message: ValueError("Invalid frequency: H. Failed to parse with error message: KeyError('H'). Did you mean h?")
2026-06-12 15:32:20,554 - WARNING - RealisticBacktester - Trade count validation issues for ETHUSDT
2026-06-12 15:32:20,557 - WARNING - RealisticBacktester -   - Low trade count: 0 < 3 expected for 3.1 months of ETHUSDT data (some strategies may legitimately have few trades)
2026-06-12 15:32:20,559 - WARNING - RealisticBacktester - Trade density validation issues:
2026-06-12 15:32:20,562 - WARNING - RealisticBacktester -   - Zero trades executed: 0 trades for 2209 data points. This may indicate a strategy that never generates signals or has overly restrictive conditions.
2026-06-12 15:32:20,565 - WARNING - RealisticBacktester - Zero trade strategy detected - this may be normal for some strategies
2026-06-12 15:32:20,567 - ERROR - RealisticBacktester - FAIL-FAST TRIGGERED: Zero trades executed over 1+ month period - rejecting from optimization
2026-06-12 15:32:20,669 - WARNING - RealisticBacktester - Data is too old: 2025-09-15 00:00:00 vs current time
2026-06-12 15:32:20,672 - WARNING - RealisticBacktester - Could not detect missing candles: Invalid frequency: 1H. Failed to parse with error message: ValueError("Invalid frequency: H. Failed to parse with error message: KeyError('H'). Did you mean h?")
2026-06-12 15:32:24,106 - WARNING - RealisticBacktester - Data is too old: 2025-09-15 00:00:00 vs current time
2026-06-12 15:32:24,109 - WARNING - RealisticBacktester - Could not detect missing candles: Invalid frequency: 1H. Failed to parse with error message: ValueError("Invalid frequency: H. Failed to parse with error message: KeyError('H'). Did you mean h?")
2026-06-12 15:32:25,196 - WARNING - RealisticBacktester - Trade count validation issues for ETHUSDT
2026-06-12 15:32:25,199 - WARNING - RealisticBacktester -   - Low trade count: 0 < 3 expected for 3.1 months of ETHUSDT data (some strategies may legitimately have few trades)
2026-06-12 15:32:25,202 - WARNING - RealisticBacktester - Trade density validation issues:
2026-06-12 15:32:25,204 - WARNING - RealisticBacktester -   - Zero trades executed: 0 trades for 2209 data points. This may indicate a strategy that never generates signals or has overly restrictive conditions.
2026-06-12 15:32:25,207 - WARNING - RealisticBacktester - Zero trade strategy detected - this may be normal for some strategies
2026-06-12 15:32:25,210 - ERROR - RealisticBacktester - FAIL-FAST TRIGGERED: Zero trades executed over 1+ month period - rejecting from optimization
2026-06-12 15:32:25,347 - WARNING - RealisticBacktester - Data is too old: 2025-09-15 00:00:00 vs current time
2026-06-12 15:32:25,350 - WARNING - RealisticBacktester - Could not detect missing candles: Invalid frequency: 1H. Failed to parse with error message: ValueError("Invalid frequency: H. Failed to parse with error message: KeyError('H'). Did you mean h?")
2026-06-12 15:32:26,998 - ERROR - RealisticBacktester - Signal-trade correspondence validation FAILED
2026-06-12 15:32:27,002 - ERROR - RealisticBacktester -   - Only 33/50 (66.0%) signals had corresponding trade attempts
2026-06-12 15:32:27,007 - WARNING - RealisticBacktester - Minimal execution confirmation showed low correspondence. 17 out of 50 non-zero signals had no corresponding trade attempts.
2026-06-12 15:32:28,544 - WARNING - RealisticBacktester - Data is too old: 2025-09-15 00:00:00 vs current time
2026-06-12 15:32:28,548 - WARNING - RealisticBacktester - Could not detect missing candles: Invalid frequency: 1H. Failed to parse with error message: ValueError("Invalid frequency: H. Failed to parse with error message: KeyError('H'). Did you mean h?")
2026-06-12 15:32:30,335 - WARNING - RealisticBacktester - Trade count validation issues for SOLUSDT
2026-06-12 15:32:30,394 - WARNING - RealisticBacktester -   - Low trade count: 0 < 3 expected for 3.1 months of SOLUSDT data (some strategies may legitimately have few trades)
2026-06-12 15:32:30,396 - WARNING - RealisticBacktester - Trade density validation issues:
2026-06-12 15:32:30,398 - WARNING - RealisticBacktester -   - Zero trades executed: 0 trades for 2209 data points. This may indicate a strategy that never generates signals or has overly restrictive conditions.
2026-06-12 15:32:30,405 - WARNING - RealisticBacktester - Zero trade strategy detected - this may be normal for some strategies
2026-06-12 15:32:30,408 - ERROR - RealisticBacktester - FAIL-FAST TRIGGERED: Zero trades executed over 1+ month period - rejecting from optimization
2026-06-12 15:32:30,550 - WARNING - RealisticBacktester - Data is too old: 2025-09-15 00:00:00 vs current time
2026-06-12 15:32:30,553 - WARNING - RealisticBacktester - Could not detect missing candles: Invalid frequency: 1H. Failed to parse with error message: ValueError("Invalid frequency: H. Failed to parse with error message: KeyError('H'). Did you mean h?")
2026-06-12 15:32:31,537 - ERROR - RealisticBacktester - Signal-trade correspondence validation FAILED
2026-06-12 15:32:31,540 - ERROR - RealisticBacktester -   - Only 66/108 (61.1%) signals had corresponding trade attempts
2026-06-12 15:32:31,542 - WARNING - RealisticBacktester - Minimal execution confirmation showed low correspondence. 42 out of 108 non-zero signals had no corresponding trade attempts.

   Date range filter applied: 2025-06-15 to 2025-09-15, data range: 2025-06-15 to 2025-09-15, rows: 2209
   ✅ ETHUSDT backtest completed
      Return: 1.11%
      Sharpe: 0.15
      Max DD: -2.92%
      Trades: 151
      Signal Audit - Generated: 2209, Filtered: 0, Entries: 2209

📊 BACKTEST SUMMARY
   Strategy: mtf_trend
   Symbols processed: 1
   Successful: 1
   Failed: 0
   Average Return: 1.11%
   Average Sharpe: 0.15
   Average Max DD: -2.92%
   Average Win Rate: 25.17%
   Total Trades: 151
   Duration: 4.93s

✅ Backtest completed with validation
[19/144] S1 ETHUSDT mtf_trend: GO pnl=263.5767874004743 tr=75
📈 Starting backtest process for strategy: oi_footprint
   Symbols: ['ETHUSDT']
   Date Range: 2025-06-15 to 2025-09-15
   Initial Capital: $10,000.00
   Fee Rate: 0.100%
   Slippage Factor: 0.050%
   Timestamp: 2026-06-12 15:32:09

🔍 Backtesting oi_footprint on ETHUSDT...
   Date range filter applied: 2025-06-15 to 2025-09-15, data range: 2025-06-15 to 2025-09-15, rows: 2209
   ✅ ETHUSDT backtest completed
      Return: 2.07%
      Sharpe: 0.48
      Max DD: -1.06%
      Trades: 45
      Signal Audit - Generated: 2209, Filtered: 0, Entries: 2209

📊 BACKTEST SUMMARY
   Strategy: oi_footprint
   Symbols processed: 1
   Successful: 1
   Failed: 0
   Average Return: 2.07%
   Average Sharpe: 0.48
   Average Max DD: -1.06%
   Average Win Rate: 31.11%
   Total Trades: 45
   Duration: 5.86s

✅ Backtest completed with validation
[20/144] S1 ETHUSDT oi_footprint: INSUFFICIENT_DATA pnl=253.15120647324522 tr=22
📈 Starting backtest process for strategy: sweep_scalper
   Symbols: ['ETHUSDT']
   Date Range: 2025-06-15 to 2025-09-15
   Initial Capital: $10,000.00
   Fee Rate: 0.100%
   Slippage Factor: 0.050%
   Timestamp: 2026-06-12 15:32:14

🔍 Backtesting sweep_scalper on ETHUSDT...
   Date range filter applied: 2025-06-15 to 2025-09-15, data range: 2025-06-15 to 2025-09-15, rows: 2209
   ✅ ETHUSDT backtest completed
      Return: -1.87%
      Sharpe: -0.92
      Max DD: -1.87%
      Trades: 16
      Signal Audit - Generated: 2209, Filtered: 0, Entries: 2209

📊 BACKTEST SUMMARY
   Strategy: sweep_scalper
   Symbols processed: 1
   Successful: 1
   Failed: 0
   Average Return: -1.87%
   Average Sharpe: -0.92
   Average Max DD: -1.87%
   Average Win Rate: 6.25%
   Total Trades: 16
   Duration: 3.90s

✅ Backtest completed with validation
[21/144] S1 ETHUSDT sweep_scalper: INSUFFICIENT_DATA pnl=-168.86079328143384 tr=7
📈 Starting backtest process for strategy: vwap_reversal
   Symbols: ['ETHUSDT']
   Date Range: 2025-06-15 to 2025-09-15
   Initial Capital: $10,000.00
   Fee Rate: 0.100%
   Slippage Factor: 0.050%
   Timestamp: 2026-06-12 15:32:18

🔍 Backtesting vwap_reversal on ETHUSDT...
   Date range filter applied: 2025-06-15 to 2025-09-15, data range: 2025-06-15 to 2025-09-15, rows: 2209
   ❌ Error during backtest for ETHUSDT: Zero trade strategy detected during backtest.
  Duration: 92 days (3.1 months)
  Trades: 0
  Data points: 2209
  Symbol: ETHUSDT
  This may be normal for some strategies in certain market conditions.

📊 BACKTEST SUMMARY
   Strategy: vwap_reversal
   Symbols processed: 1
   Successful: 0
   Failed: 1
   Duration: 1.78s

✅ Backtest completed with validation
[22/144] S1 ETHUSDT vwap_reversal: error pnl=None tr=None
📈 Starting backtest process for strategy: volatility_breakout
   Symbols: ['ETHUSDT']
   Date Range: 2025-06-15 to 2025-09-15
   Initial Capital: $10,000.00
   Fee Rate: 0.100%
   Slippage Factor: 0.050%
   Timestamp: 2026-06-12 15:32:20

🔍 Backtesting volatility_breakout on ETHUSDT...
   Date range filter applied: 2025-06-15 to 2025-09-15, data range: 2025-06-15 to 2025-09-15, rows: 2209
   ✅ ETHUSDT backtest completed
      Return: 0.48%
      Sharpe: 0.38
      Max DD: -0.19%
      Trades: 7
      Signal Audit - Generated: 2209, Filtered: 0, Entries: 2209

📊 BACKTEST SUMMARY
   Strategy: volatility_breakout
   Symbols processed: 1
   Successful: 1
   Failed: 0
   Average Return: 0.48%
   Average Sharpe: 0.38
   Average Max DD: -0.19%
   Average Win Rate: 28.57%
   Total Trades: 7
   Duration: 3.41s

✅ Backtest completed with validation
[23/144] S1 ETHUSDT volatility_breakout: INSUFFICIENT_DATA pnl=56.33643375625023 tr=3
📈 Starting backtest process for strategy: crypto_breakout
   Symbols: ['ETHUSDT']
   Date Range: 2025-06-15 to 2025-09-15
   Initial Capital: $10,000.00
   Fee Rate: 0.100%
   Slippage Factor: 0.050%
   Timestamp: 2026-06-12 15:32:23

🔍 Backtesting crypto_breakout on ETHUSDT...
   Date range filter applied: 2025-06-15 to 2025-09-15, data range: 2025-06-15 to 2025-09-15, rows: 2209
   ❌ Error during backtest for ETHUSDT: Zero trade strategy detected during backtest.
  Duration: 92 days (3.1 months)
  Trades: 0
  Data points: 2209
  Symbol: ETHUSDT
  This may be normal for some strategies in certain market conditions.

📊 BACKTEST SUMMARY
   Strategy: crypto_breakout
   Symbols processed: 1
   Successful: 0
   Failed: 1
   Duration: 1.22s

✅ Backtest completed with validation
[24/144] S1 ETHUSDT crypto_breakout: error pnl=None tr=None
📈 Starting backtest process for strategy: trend_following
   Symbols: ['SOLUSDT']
   Date Range: 2025-06-15 to 2025-09-15
   Initial Capital: $10,000.00
   Fee Rate: 0.100%
   Slippage Factor: 0.050%
   Timestamp: 2026-06-12 15:32:25

🔍 Backtesting trend_following on SOLUSDT...
   Date range filter applied: 2025-06-15 to 2025-09-15, data range: 2025-06-15 to 2025-09-15, rows: 2209
   ✅ SOLUSDT backtest completed
      Return: -2.37%
      Sharpe: -0.41
      Max DD: -4.20%
      Trades: 65
      Signal Audit - Generated: 2209, Filtered: 0, Entries: 2209

📊 BACKTEST SUMMARY
   Strategy: trend_following
   Symbols processed: 1
   Successful: 1
   Failed: 0
   Average Return: -2.37%
   Average Sharpe: -0.41
   Average Max DD: -4.20%
   Average Win Rate: 20.00%
   Total Trades: 65
   Duration: 3.16s

✅ Backtest completed with validation
[25/144] S1 SOLUSDT trend_following: INSUFFICIENT_DATA pnl=-171.7001083063651 tr=32
📈 Starting backtest process for strategy: mean_reversion
   Symbols: ['SOLUSDT']
   Date Range: 2025-06-15 to 2025-09-15
   Initial Capital: $10,000.00
   Fee Rate: 0.100%
   Slippage Factor: 0.050%
   Timestamp: 2026-06-12 15:32:28

🔍 Backtesting mean_reversion on SOLUSDT...
   Date range filter applied: 2025-06-15 to 2025-09-15, data range: 2025-06-15 to 2025-09-15, rows: 2209
   ❌ Error during backtest for SOLUSDT: Zero trade strategy detected during backtest.
  Duration: 92 days (3.1 months)
  Trades: 0
  Data points: 2209
  Symbol: SOLUSDT
  This may be normal for some strategies in certain market conditions.

📊 BACKTEST SUMMARY
   Strategy: mean_reversion
   Symbols processed: 1
   Successful: 0
   Failed: 1
   Duration: 2.02s

✅ Backtest completed with validation
[26/144] S1 SOLUSDT mean_reversion: error pnl=None tr=None
📈 Starting backtest process for strategy: momentum
   Symbols: ['SOLUSDT']
   Date Range: 2025-06-15 to 2025-09-15
   Initial Capital: $10,000.00
   Fee Rate: 0.100%
   Slippage Factor: 0.050%
   Timestamp: 2026-06-12 15:32:30

🔍 Backtesting momentum on SOLUSDT...
   Date range filter applied: 2025-06-15 to 2025-09-15, data range: 2025-06-15 to 2025-09-15, rows: 2209
   ✅ SOLUSDT backtest completed
      Return: -7.83%
      Sharpe: -0.92
      Max DD: -7.93%
      Trades: 129
      Signal Audit - Generated: 2209, Filtered: 0, Entries: 2209

📊 BACKTEST SUMMARY
   Strategy: momentum
   Symbols processed: 1
   Successful: 1
   Failed: 0
   Average Return: -7.83%
   Average Sharpe: -0.92
   Average Max DD: -7.93%
   Average Win Rate: 17.05%
   Total Trades: 129
   Duration: 2.14s

✅ Backtest completed with validation
[27/144] S1 SOLUSDT momentum: NO_GO pnl=-659.3081791728162 tr=64
📈 Starting backtest process for strategy: scalping
   Symbols: ['SOLUSDT']
   Date Range: 2025-06-15 to 2025-09-15
   Initial Capital: $10,000.00
   Fee Rate: 0.100%
   Slippage Factor: 0.050%
   Timestamp: 2026-06-12 15:32:32

🔍 Backtesting scalping on SOLUSDT...
   Date range filter applied: 2025-06-15 to 2025-09-15, data range: 2025-06-15 to 2025-09-15, rows: 22092026-06-12 15:32:32,706 - WARNING - RealisticBacktester - Data is too old: 2025-09-15 00:00:00 vs current time
2026-06-12 15:32:32,709 - WARNING - RealisticBacktester - Could not detect missing candles: Invalid frequency: 1H. Failed to parse with error message: ValueError("Invalid frequency: H. Failed to parse with error message: KeyError('H'). Did you mean h?")
2026-06-12 15:32:38,735 - ERROR - RealisticBacktester - Signal-trade correspondence validation FAILED
2026-06-12 15:32:38,738 - ERROR - RealisticBacktester -   - Only 64/111 (57.7%) signals had corresponding trade attempts
2026-06-12 15:32:38,741 - WARNING - RealisticBacktester - Minimal execution confirmation showed low correspondence. 47 out of 111 non-zero signals had no corresponding trade attempts.
2026-06-12 15:32:48,131 - WARNING - RealisticBacktester - Data is too old: 2025-09-15 00:00:00 vs current time
2026-06-12 15:32:48,135 - WARNING - RealisticBacktester - Could not detect missing candles: Invalid frequency: 1H. Failed to parse with error message: ValueError("Invalid frequency: H. Failed to parse with error message: KeyError('H'). Did you mean h?")
2026-06-12 15:32:49,260 - WARNING - RealisticBacktester - Trade count validation issues for SOLUSDT
2026-06-12 15:32:49,264 - WARNING - RealisticBacktester -   - Low trade count: 0 < 3 expected for 3.1 months of SOLUSDT data (some strategies may legitimately have few trades)
2026-06-12 15:32:49,268 - WARNING - RealisticBacktester - Trade density validation issues:
2026-06-12 15:32:49,270 - WARNING - RealisticBacktester -   - Zero trades executed: 0 trades for 2209 data points. This may indicate a strategy that never generates signals or has overly restrictive conditions.
2026-06-12 15:32:49,272 - WARNING - RealisticBacktester - Zero trade strategy detected - this may be normal for some strategies
2026-06-12 15:32:49,275 - ERROR - RealisticBacktester - FAIL-FAST TRIGGERED: Zero trades executed over 1+ month period - rejecting from optimization
2026-06-12 15:32:49,426 - WARNING - RealisticBacktester - Data is too old: 2025-09-15 00:00:00 vs current time
2026-06-12 15:32:49,429 - WARNING - RealisticBacktester - Could not detect missing candles: Invalid frequency: 1H. Failed to parse with error message: ValueError("Invalid frequency: H. Failed to parse with error message: KeyError('H'). Did you mean h?")
2026-06-12 15:32:54,076 - ERROR - RealisticBacktester - Signal-trade correspondence validation FAILED
2026-06-12 15:32:54,081 - ERROR - RealisticBacktester -   - Only 10/18 (55.6%) signals had corresponding trade attempts
2026-06-12 15:32:54,085 - WARNING - RealisticBacktester - Minimal execution confirmation showed low correspondence. 8 out of 18 non-zero signals had no corresponding trade attempts.
2026-06-12 15:33:00,925 - WARNING - RealisticBacktester - Data is too old: 2025-09-15 00:00:00 vs current time
2026-06-12 15:33:00,930 - WARNING - RealisticBacktester - Could not detect missing candles: Invalid frequency: 1H. Failed to parse with error message: ValueError("Invalid frequency: H. Failed to parse with error message: KeyError('H'). Did you mean h?")
2026-06-12 15:33:02,541 - ERROR - RealisticBacktester - Signal-trade correspondence validation FAILED
2026-06-12 15:33:02,546 - ERROR - RealisticBacktester -   - Only 96/152 (63.2%) signals had corresponding trade attempts
2026-06-12 15:33:02,549 - WARNING - RealisticBacktester - Minimal execution confirmation showed low correspondence. 56 out of 152 non-zero signals had no corresponding trade attempts.
2026-06-12 15:33:05,610 - WARNING - RealisticBacktester - Data is too old: 2025-09-15 00:00:00 vs current time
2026-06-12 15:33:05,615 - WARNING - RealisticBacktester - Could not detect missing candles: Invalid frequency: 1H. Failed to parse with error message: ValueError("Invalid frequency: H. Failed to parse with error message: KeyError('H'). Did you mean h?")
2026-06-12 15:33:09,777 - ERROR - RealisticBacktester - Signal-trade correspondence validation FAILED
2026-06-12 15:33:09,781 - ERROR - RealisticBacktester -   - Only 24/46 (52.2%) signals had corresponding trade attempts
2026-06-12 15:33:09,783 - WARNING - RealisticBacktester - Minimal execution confirmation showed low correspondence. 22 out of 46 non-zero signals had no corresponding trade attempts.
2026-06-12 15:33:11,908 - WARNING - RealisticBacktester - Data is too old: 2025-09-15 00:00:00 vs current time
2026-06-12 15:33:11,911 - WARNING - RealisticBacktester - Could not detect missing candles: Invalid frequency: 1H. Failed to parse with error message: ValueError("Invalid frequency: H. Failed to parse with error message: KeyError('H'). Did you mean h?")
2026-06-12 15:33:13,340 - ERROR - RealisticBacktester - Signal-trade correspondence validation FAILED
2026-06-12 15:33:13,343 - ERROR - RealisticBacktester -   - Only 3/217 (1.4%) signals had corresponding trade attempts
2026-06-12 15:33:13,346 - WARNING - RealisticBacktester - Minimal execution confirmation showed low correspondence. 214 out of 217 non-zero signals had no corresponding trade attempts.
2026-06-12 15:33:14,590 - WARNING - RealisticBacktester - Data is too old: 2025-09-15 00:00:00 vs current time
2026-06-12 15:33:14,594 - WARNING - RealisticBacktester - Could not detect missing candles: Invalid frequency: 1H. Failed to parse with error message: ValueError("Invalid frequency: H. Failed to parse with error message: KeyError('H'). Did you mean h?")
2026-06-12 15:33:15,947 - WARNING - RealisticBacktester - Trade count validation issues for SOLUSDT
2026-06-12 15:33:15,950 - WARNING - RealisticBacktester -   - Low trade count: 0 < 3 expected for 3.1 months of SOLUSDT data (some strategies may legitimately have few trades)
2026-06-12 15:33:15,953 - WARNING - RealisticBacktester - Trade density validation issues:
2026-06-12 15:33:15,956 - WARNING - RealisticBacktester -   - Zero trades executed: 0 trades for 2209 data points. This may indicate a strategy that never generates signals or has overly restrictive conditions.
2026-06-12 15:33:15,959 - WARNING - RealisticBacktester - Zero trade strategy detected - this may be normal for some strategies
2026-06-12 15:33:15,963 - ERROR - RealisticBacktester - FAIL-FAST TRIGGERED: Zero trades executed over 1+ month period - rejecting from optimization
2026-06-12 15:33:16,069 - WARNING - RealisticBacktester - Data is too old: 2025-09-15 00:00:00 vs current time
2026-06-12 15:33:16,072 - WARNING - RealisticBacktester - Could not detect missing candles: Invalid frequency: 1H. Failed to parse with error message: ValueError("Invalid frequency: H. Failed to parse with error message: KeyError('H'). Did you mean h?")
2026-06-12 15:33:18,750 - WARNING - RealisticBacktester - Data is too old: 2025-09-15 00:00:00 vs current time
2026-06-12 15:33:18,754 - WARNING - RealisticBacktester - Could not detect missing candles: Invalid frequency: 1H. Failed to parse with error message: ValueError("Invalid frequency: H. Failed to parse with error message: KeyError('H'). Did you mean h?")
2026-06-12 15:33:19,533 - WARNING - RealisticBacktester - Trade count validation issues for SOLUSDT
2026-06-12 15:33:19,538 - WARNING - RealisticBacktester -   - Low trade count: 0 < 3 expected for 3.1 months of SOLUSDT data (some strategies may legitimately have few trades)
2026-06-12 15:33:19,543 - WARNING - RealisticBacktester - Trade density validation issues:
2026-06-12 15:33:19,547 - WARNING - RealisticBacktester -   - Zero trades executed: 0 trades for 2209 data points. This may indicate a strategy that never generates signals or has overly restrictive conditions.
2026-06-12 15:33:19,550 - WARNING - RealisticBacktester - Zero trade strategy detected - this may be normal for some strategies
2026-06-12 15:33:19,554 - ERROR - RealisticBacktester - FAIL-FAST TRIGGERED: Zero trades executed over 1+ month period - rejecting from optimization
2026-06-12 15:33:19,669 - WARNING - RealisticBacktester - Data is too old: 2025-12-15 00:00:00 vs current time
2026-06-12 15:33:19,673 - WARNING - RealisticBacktester - Could not detect missing candles: Invalid frequency: 1H. Failed to parse with error message: ValueError("Invalid frequency: H. Failed to parse with error message: KeyError('H'). Did you mean h?")
2026-06-12 15:33:20,747 - ERROR - RealisticBacktester - Signal-trade correspondence validation FAILED
2026-06-12 15:33:20,750 - ERROR - RealisticBacktester -   - Only 16/35 (45.7%) signals had corresponding trade attempts
2026-06-12 15:33:20,753 - WARNING - RealisticBacktester - Minimal execution confirmation showed low correspondence. 19 out of 35 non-zero signals had no corresponding trade attempts.

   ✅ SOLUSDT backtest completed
      Return: -1.30%
      Sharpe: -0.16
      Max DD: -2.37%
      Trades: 123
      Signal Audit - Generated: 2209, Filtered: 0, Entries: 2209

📊 BACKTEST SUMMARY
   Strategy: scalping
   Symbols processed: 1
   Successful: 1
   Failed: 0
   Average Return: -1.30%
   Average Sharpe: -0.16
   Average Max DD: -2.37%
   Average Win Rate: 21.95%
   Total Trades: 123
   Duration: 15.41s

✅ Backtest completed with validation
[28/144] S1 SOLUSDT scalping: GO pnl=-6.500975657880417 tr=61
📈 Starting backtest process for strategy: breakout
   Symbols: ['SOLUSDT']
   Date Range: 2025-06-15 to 2025-09-15
   Initial Capital: $10,000.00
   Fee Rate: 0.100%
   Slippage Factor: 0.050%
   Timestamp: 2026-06-12 15:32:48

🔍 Backtesting breakout on SOLUSDT...
   Date range filter applied: 2025-06-15 to 2025-09-15, data range: 2025-06-15 to 2025-09-15, rows: 2209
   ❌ Error during backtest for SOLUSDT: Zero trade strategy detected during backtest.
  Duration: 92 days (3.1 months)
  Trades: 0
  Data points: 2209
  Symbol: SOLUSDT
  This may be normal for some strategies in certain market conditions.

📊 BACKTEST SUMMARY
   Strategy: breakout
   Symbols processed: 1
   Successful: 0
   Failed: 1
   Duration: 1.27s

✅ Backtest completed with validation
[29/144] S1 SOLUSDT breakout: error pnl=None tr=None
📈 Starting backtest process for strategy: liquidity
   Symbols: ['SOLUSDT']
   Date Range: 2025-06-15 to 2025-09-15
   Initial Capital: $10,000.00
   Fee Rate: 0.100%
   Slippage Factor: 0.050%
   Timestamp: 2026-06-12 15:32:49

🔍 Backtesting liquidity on SOLUSDT...
   Date range filter applied: 2025-06-15 to 2025-09-15, data range: 2025-06-15 to 2025-09-15, rows: 2209
   ✅ SOLUSDT backtest completed
      Return: -0.26%
      Sharpe: -0.07
      Max DD: -1.75%
      Trades: 19
      Signal Audit - Generated: 2209, Filtered: 0, Entries: 2209

📊 BACKTEST SUMMARY
   Strategy: liquidity
   Symbols processed: 1
   Successful: 1
   Failed: 0
   Average Return: -0.26%
   Average Sharpe: -0.07
   Average Max DD: -1.75%
   Average Win Rate: 21.05%
   Total Trades: 19
   Duration: 11.53s

✅ Backtest completed with validation
[30/144] S1 SOLUSDT liquidity: INSUFFICIENT_DATA pnl=-6.034172011385493 tr=9
📈 Starting backtest process for strategy: mtf_trend
   Symbols: ['SOLUSDT']
   Date Range: 2025-06-15 to 2025-09-15
   Initial Capital: $10,000.00
   Fee Rate: 0.100%
   Slippage Factor: 0.050%
   Timestamp: 2026-06-12 15:33:00

🔍 Backtesting mtf_trend on SOLUSDT...
   Date range filter applied: 2025-06-15 to 2025-09-15, data range: 2025-06-15 to 2025-09-15, rows: 2209
   ✅ SOLUSDT backtest completed
      Return: -4.43%
      Sharpe: -0.44
      Max DD: -4.43%
      Trades: 191
      Signal Audit - Generated: 2209, Filtered: 0, Entries: 2209

📊 BACKTEST SUMMARY
   Strategy: mtf_trend
   Symbols processed: 1
   Successful: 1
   Failed: 0
   Average Return: -4.43%
   Average Sharpe: -0.44
   Average Max DD: -4.43%
   Average Win Rate: 21.47%
   Total Trades: 191
   Duration: 4.52s

✅ Backtest completed with validation
[31/144] S1 SOLUSDT mtf_trend: NO_GO pnl=-255.29353052164245 tr=95
📈 Starting backtest process for strategy: oi_footprint
   Symbols: ['SOLUSDT']
   Date Range: 2025-06-15 to 2025-09-15
   Initial Capital: $10,000.00
   Fee Rate: 0.100%
   Slippage Factor: 0.050%
   Timestamp: 2026-06-12 15:33:05

🔍 Backtesting oi_footprint on SOLUSDT...
   Date range filter applied: 2025-06-15 to 2025-09-15, data range: 2025-06-15 to 2025-09-15, rows: 2209
   ✅ SOLUSDT backtest completed
      Return: -1.72%
      Sharpe: -0.39
      Max DD: -2.44%
      Trades: 47
      Signal Audit - Generated: 2209, Filtered: 0, Entries: 2209

📊 BACKTEST SUMMARY
   Strategy: oi_footprint
   Symbols processed: 1
   Successful: 1
   Failed: 0
   Average Return: -1.72%
   Average Sharpe: -0.39
   Average Max DD: -2.44%
   Average Win Rate: 19.15%
   Total Trades: 47
   Duration: 6.42s

✅ Backtest completed with validation
[32/144] S1 SOLUSDT oi_footprint: INSUFFICIENT_DATA pnl=-124.53594660952993 tr=23
📈 Starting backtest process for strategy: sweep_scalper
   Symbols: ['SOLUSDT']
   Date Range: 2025-06-15 to 2025-09-15
   Initial Capital: $10,000.00
   Fee Rate: 0.100%
   Slippage Factor: 0.050%
   Timestamp: 2026-06-12 15:33:11

🔍 Backtesting sweep_scalper on SOLUSDT...
   Date range filter applied: 2025-06-15 to 2025-09-15, data range: 2025-06-15 to 2025-09-15, rows: 2209
   ✅ SOLUSDT backtest completed
      Return: -0.50%
      Sharpe: -0.49
      Max DD: -0.50%
      Trades: 4
      Signal Audit - Generated: 2209, Filtered: 0, Entries: 2209

📊 BACKTEST SUMMARY
   Strategy: sweep_scalper
   Symbols processed: 1
   Successful: 1
   Failed: 0
   Average Return: -0.50%
   Average Sharpe: -0.49
   Average Max DD: -0.50%
   Average Win Rate: 50.00%
   Total Trades: 4
   Duration: 2.68s

✅ Backtest completed with validation
[33/144] S1 SOLUSDT sweep_scalper: INSUFFICIENT_DATA pnl=-43.712934242178754 tr=1
📈 Starting backtest process for strategy: vwap_reversal
   Symbols: ['SOLUSDT']
   Date Range: 2025-06-15 to 2025-09-15
   Initial Capital: $10,000.00
   Fee Rate: 0.100%
   Slippage Factor: 0.050%
   Timestamp: 2026-06-12 15:33:14

🔍 Backtesting vwap_reversal on SOLUSDT...
   Date range filter applied: 2025-06-15 to 2025-09-15, data range: 2025-06-15 to 2025-09-15, rows: 2209
   ❌ Error during backtest for SOLUSDT: Zero trade strategy detected during backtest.
  Duration: 92 days (3.1 months)
  Trades: 0
  Data points: 2209
  Symbol: SOLUSDT
  This may be normal for some strategies in certain market conditions.

📊 BACKTEST SUMMARY
   Strategy: vwap_reversal
   Symbols processed: 1
   Successful: 0
   Failed: 1
   Duration: 1.47s

✅ Backtest completed with validation
[34/144] S1 SOLUSDT vwap_reversal: error pnl=None tr=None
📈 Starting backtest process for strategy: volatility_breakout
   Symbols: ['SOLUSDT']
   Date Range: 2025-06-15 to 2025-09-15
   Initial Capital: $10,000.00
   Fee Rate: 0.100%
   Slippage Factor: 0.050%
   Timestamp: 2026-06-12 15:33:15

🔍 Backtesting volatility_breakout on SOLUSDT...
   Date range filter applied: 2025-06-15 to 2025-09-15, data range: 2025-06-15 to 2025-09-15, rows: 2209
   ✅ SOLUSDT backtest completed
      Return: 0.53%
      Sharpe: 0.48
      Max DD: -0.04%
      Trades: 5
      Signal Audit - Generated: 2209, Filtered: 0, Entries: 2209

📊 BACKTEST SUMMARY
   Strategy: volatility_breakout
   Symbols processed: 1
   Successful: 1
   Failed: 0
   Average Return: 0.53%
   Average Sharpe: 0.48
   Average Max DD: -0.04%
   Average Win Rate: 40.00%
   Total Trades: 5
   Duration: 2.68s

✅ Backtest completed with validation
[35/144] S1 SOLUSDT volatility_breakout: INSUFFICIENT_DATA pnl=59.11041060155483 tr=2
📈 Starting backtest process for strategy: crypto_breakout
   Symbols: ['SOLUSDT']
   Date Range: 2025-06-15 to 2025-09-15
   Initial Capital: $10,000.00
   Fee Rate: 0.100%
   Slippage Factor: 0.050%
   Timestamp: 2026-06-12 15:33:18

🔍 Backtesting crypto_breakout on SOLUSDT...
   Date range filter applied: 2025-06-15 to 2025-09-15, data range: 2025-06-15 to 2025-09-15, rows: 2209
   ❌ Error during backtest for SOLUSDT: Zero trade strategy detected during backtest.
  Duration: 92 days (3.1 months)
  Trades: 0
  Data points: 2209
  Symbol: SOLUSDT
  This may be normal for some strategies in certain market conditions.

📊 BACKTEST SUMMARY
   Strategy: crypto_breakout
   Symbols processed: 1
   Successful: 0
   Failed: 1
   Duration: 0.89s

✅ Backtest completed with validation
[36/144] S1 SOLUSDT crypto_breakout: error pnl=None tr=None
📈 Starting backtest process for strategy: trend_following
   Symbols: ['BTCUSDT']
   Date Range: 2025-09-15 to 2025-12-15
   Initial Capital: $10,000.00
   Fee Rate: 0.100%
   Slippage Factor: 0.050%
   Timestamp: 2026-06-12 15:33:19

🔍 Backtesting trend_following on BTCUSDT...
   Date range filter applied: 2025-09-15 to 2025-12-15, data range: 2025-09-15 to 2025-12-15, rows: 2185
   ✅ BTCUSDT backtest completed
      Return: -0.98%
      Sharpe: -0.44
      Max DD: -0.98%
      Trades: 312026-06-12 15:33:21,613 - WARNING - RealisticBacktester - Data is too old: 2025-12-15 00:00:00 vs current time
2026-06-12 15:33:21,617 - WARNING - RealisticBacktester - Could not detect missing candles: Invalid frequency: 1H. Failed to parse with error message: ValueError("Invalid frequency: H. Failed to parse with error message: KeyError('H'). Did you mean h?")
2026-06-12 15:33:22,645 - WARNING - RealisticBacktester - Trade count validation issues for BTCUSDT
2026-06-12 15:33:22,649 - WARNING - RealisticBacktester -   - Low trade count: 0 < 3 expected for 3.0 months of BTCUSDT data (some strategies may legitimately have few trades)
2026-06-12 15:33:22,653 - WARNING - RealisticBacktester - Trade density validation issues:
2026-06-12 15:33:22,657 - WARNING - RealisticBacktester -   - Zero trades executed: 0 trades for 2185 data points. This may indicate a strategy that never generates signals or has overly restrictive conditions.
2026-06-12 15:33:22,660 - WARNING - RealisticBacktester - Zero trade strategy detected - this may be normal for some strategies
2026-06-12 15:33:22,663 - ERROR - RealisticBacktester - FAIL-FAST TRIGGERED: Zero trades executed over 1+ month period - rejecting from optimization
2026-06-12 15:33:22,772 - WARNING - RealisticBacktester - Data is too old: 2025-12-15 00:00:00 vs current time
2026-06-12 15:33:22,778 - WARNING - RealisticBacktester - Could not detect missing candles: Invalid frequency: 1H. Failed to parse with error message: ValueError("Invalid frequency: H. Failed to parse with error message: KeyError('H'). Did you mean h?")
2026-06-12 15:33:23,660 - ERROR - RealisticBacktester - Signal-trade correspondence validation FAILED
2026-06-12 15:33:23,663 - ERROR - RealisticBacktester -   - Only 28/55 (50.9%) signals had corresponding trade attempts
2026-06-12 15:33:23,667 - WARNING - RealisticBacktester - Minimal execution confirmation showed low correspondence. 27 out of 55 non-zero signals had no corresponding trade attempts.
2026-06-12 15:33:24,413 - WARNING - RealisticBacktester - Data is too old: 2025-12-15 00:00:00 vs current time
2026-06-12 15:33:24,417 - WARNING - RealisticBacktester - Could not detect missing candles: Invalid frequency: 1H. Failed to parse with error message: ValueError("Invalid frequency: H. Failed to parse with error message: KeyError('H'). Did you mean h?")
2026-06-12 15:33:26,841 - ERROR - RealisticBacktester - Signal-trade correspondence validation FAILED
2026-06-12 15:33:26,844 - ERROR - RealisticBacktester -   - Only 34/72 (47.2%) signals had corresponding trade attempts
2026-06-12 15:33:26,847 - WARNING - RealisticBacktester - Minimal execution confirmation showed low correspondence. 38 out of 72 non-zero signals had no corresponding trade attempts.
2026-06-12 15:33:29,432 - WARNING - RealisticBacktester - Data is too old: 2025-12-15 00:00:00 vs current time
2026-06-12 15:33:29,436 - WARNING - RealisticBacktester - Could not detect missing candles: Invalid frequency: 1H. Failed to parse with error message: ValueError("Invalid frequency: H. Failed to parse with error message: KeyError('H'). Did you mean h?")
2026-06-12 15:33:30,144 - WARNING - RealisticBacktester - Trade count validation issues for BTCUSDT
2026-06-12 15:33:30,148 - WARNING - RealisticBacktester -   - Low trade count: 0 < 3 expected for 3.0 months of BTCUSDT data (some strategies may legitimately have few trades)
2026-06-12 15:33:30,151 - WARNING - RealisticBacktester - Trade density validation issues:
2026-06-12 15:33:30,155 - WARNING - RealisticBacktester -   - Zero trades executed: 0 trades for 2185 data points. This may indicate a strategy that never generates signals or has overly restrictive conditions.
2026-06-12 15:33:30,159 - WARNING - RealisticBacktester - Zero trade strategy detected - this may be normal for some strategies
2026-06-12 15:33:30,163 - ERROR - RealisticBacktester - FAIL-FAST TRIGGERED: Zero trades executed over 1+ month period - rejecting from optimization
2026-06-12 15:33:30,257 - WARNING - RealisticBacktester - Data is too old: 2025-12-15 00:00:00 vs current time
2026-06-12 15:33:30,261 - WARNING - RealisticBacktester - Could not detect missing candles: Invalid frequency: 1H. Failed to parse with error message: ValueError("Invalid frequency: H. Failed to parse with error message: KeyError('H'). Did you mean h?")
2026-06-12 15:33:33,247 - ERROR - RealisticBacktester - Signal-trade correspondence validation FAILED
2026-06-12 15:33:33,250 - ERROR - RealisticBacktester -   - Only 7/16 (43.8%) signals had corresponding trade attempts
2026-06-12 15:33:33,254 - WARNING - RealisticBacktester - Minimal execution confirmation showed low correspondence. 9 out of 16 non-zero signals had no corresponding trade attempts.
2026-06-12 15:33:39,338 - WARNING - RealisticBacktester - Data is too old: 2025-12-15 00:00:00 vs current time
2026-06-12 15:33:39,342 - WARNING - RealisticBacktester - Could not detect missing candles: Invalid frequency: 1H. Failed to parse with error message: ValueError("Invalid frequency: H. Failed to parse with error message: KeyError('H'). Did you mean h?")
2026-06-12 15:33:41,009 - ERROR - RealisticBacktester - Signal-trade correspondence validation FAILED
2026-06-12 15:33:41,013 - ERROR - RealisticBacktester -   - Only 43/126 (34.1%) signals had corresponding trade attempts
2026-06-12 15:33:41,016 - WARNING - RealisticBacktester - Minimal execution confirmation showed low correspondence. 83 out of 126 non-zero signals had no corresponding trade attempts.
2026-06-12 15:33:42,759 - WARNING - RealisticBacktester - Data is too old: 2025-12-15 00:00:00 vs current time
2026-06-12 15:33:42,763 - WARNING - RealisticBacktester - Could not detect missing candles: Invalid frequency: 1H. Failed to parse with error message: ValueError("Invalid frequency: H. Failed to parse with error message: KeyError('H'). Did you mean h?")
2026-06-12 15:33:44,079 - ERROR - RealisticBacktester - Signal-trade correspondence validation FAILED
2026-06-12 15:33:44,083 - ERROR - RealisticBacktester -   - Only 22/42 (52.4%) signals had corresponding trade attempts
2026-06-12 15:33:44,086 - WARNING - RealisticBacktester - Minimal execution confirmation showed low correspondence. 20 out of 42 non-zero signals had no corresponding trade attempts.
2026-06-12 15:33:45,580 - WARNING - RealisticBacktester - Data is too old: 2025-12-15 00:00:00 vs current time
2026-06-12 15:33:45,585 - WARNING - RealisticBacktester - Could not detect missing candles: Invalid frequency: 1H. Failed to parse with error message: ValueError("Invalid frequency: H. Failed to parse with error message: KeyError('H'). Did you mean h?")
2026-06-12 15:33:46,685 - ERROR - RealisticBacktester - Signal-trade correspondence validation FAILED
2026-06-12 15:33:46,689 - ERROR - RealisticBacktester -   - Only 7/207 (3.4%) signals had corresponding trade attempts
2026-06-12 15:33:46,693 - WARNING - RealisticBacktester - Minimal execution confirmation showed low correspondence. 200 out of 207 non-zero signals had no corresponding trade attempts.
2026-06-12 15:33:47,592 - WARNING - RealisticBacktester - Data is too old: 2025-12-15 00:00:00 vs current time
2026-06-12 15:33:47,597 - WARNING - RealisticBacktester - Could not detect missing candles: Invalid frequency: 1H. Failed to parse with error message: ValueError("Invalid frequency: H. Failed to parse with error message: KeyError('H'). Did you mean h?")
2026-06-12 15:33:48,595 - WARNING - RealisticBacktester - Trade count validation issues for BTCUSDT
2026-06-12 15:33:48,598 - WARNING - RealisticBacktester -   - Low trade count: 1 < 3 expected for 3.0 months of BTCUSDT data (some strategies may legitimately have few trades)
2026-06-12 15:33:48,602 - WARNING - RealisticBacktester - Trade density validation issues:
2026-06-12 15:33:48,606 - WARNING - RealisticBacktester -   - Only 1 trade executed: 1 trades for 2185 data points. This may indicate a strategy that rarely generates signals.
2026-06-12 15:33:48,610 - WARNING - RealisticBacktester - Zero trade strategy detected - this may be normal for some strategies

      Signal Audit - Generated: 2185, Filtered: 0, Entries: 2185

📊 BACKTEST SUMMARY
   Strategy: trend_following
   Symbols processed: 1
   Successful: 1
   Failed: 0
   Average Return: -0.98%
   Average Sharpe: -0.44
   Average Max DD: -0.98%
   Average Win Rate: 19.35%
   Total Trades: 31
   Duration: 1.94s

✅ Backtest completed with validation
[37/144] S2 BTCUSDT trend_following: DIRECTIONAL_NO_GO pnl=-65.83580052496728 tr=15
📈 Starting backtest process for strategy: mean_reversion
   Symbols: ['BTCUSDT']
   Date Range: 2025-09-15 to 2025-12-15
   Initial Capital: $10,000.00
   Fee Rate: 0.100%
   Slippage Factor: 0.050%
   Timestamp: 2026-06-12 15:33:21

🔍 Backtesting mean_reversion on BTCUSDT...
   Date range filter applied: 2025-09-15 to 2025-12-15, data range: 2025-09-15 to 2025-12-15, rows: 2185
   ❌ Error during backtest for BTCUSDT: Zero trade strategy detected during backtest.
  Duration: 91 days (3.0 months)
  Trades: 0
  Data points: 2185
  Symbol: BTCUSDT
  This may be normal for some strategies in certain market conditions.

📊 BACKTEST SUMMARY
   Strategy: mean_reversion
   Symbols processed: 1
   Successful: 0
   Failed: 1
   Duration: 1.15s

✅ Backtest completed with validation
[38/144] S2 BTCUSDT mean_reversion: error pnl=None tr=None
📈 Starting backtest process for strategy: momentum
   Symbols: ['BTCUSDT']
   Date Range: 2025-09-15 to 2025-12-15
   Initial Capital: $10,000.00
   Fee Rate: 0.100%
   Slippage Factor: 0.050%
   Timestamp: 2026-06-12 15:33:22

🔍 Backtesting momentum on BTCUSDT...
   Date range filter applied: 2025-09-15 to 2025-12-15, data range: 2025-09-15 to 2025-12-15, rows: 2185
   ✅ BTCUSDT backtest completed
      Return: -3.67%
      Sharpe: -0.95
      Max DD: -3.89%
      Trades: 55
      Signal Audit - Generated: 2185, Filtered: 0, Entries: 2185

📊 BACKTEST SUMMARY
   Strategy: momentum
   Symbols processed: 1
   Successful: 1
   Failed: 0
   Average Return: -3.67%
   Average Sharpe: -0.95
   Average Max DD: -3.89%
   Average Win Rate: 14.55%
   Total Trades: 55
   Duration: 1.63s

✅ Backtest completed with validation
[39/144] S2 BTCUSDT momentum: INSUFFICIENT_DATA pnl=-312.316031251824 tr=27
📈 Starting backtest process for strategy: scalping
   Symbols: ['BTCUSDT']
   Date Range: 2025-09-15 to 2025-12-15
   Initial Capital: $10,000.00
   Fee Rate: 0.100%
   Slippage Factor: 0.050%
   Timestamp: 2026-06-12 15:33:24

🔍 Backtesting scalping on BTCUSDT...
   Date range filter applied: 2025-09-15 to 2025-12-15, data range: 2025-09-15 to 2025-12-15, rows: 2185
   ✅ BTCUSDT backtest completed
      Return: -4.59%
      Sharpe: -1.14
      Max DD: -4.59%
      Trades: 65
      Signal Audit - Generated: 2185, Filtered: 0, Entries: 2185

📊 BACKTEST SUMMARY
   Strategy: scalping
   Symbols processed: 1
   Successful: 1
   Failed: 0
   Average Return: -4.59%
   Average Sharpe: -1.14
   Average Max DD: -4.59%
   Average Win Rate: 9.23%
   Total Trades: 65
   Duration: 5.02s

✅ Backtest completed with validation
[40/144] S2 BTCUSDT scalping: INSUFFICIENT_DATA pnl=-393.7493524225677 tr=32
📈 Starting backtest process for strategy: breakout
   Symbols: ['BTCUSDT']
   Date Range: 2025-09-15 to 2025-12-15
   Initial Capital: $10,000.00
   Fee Rate: 0.100%
   Slippage Factor: 0.050%
   Timestamp: 2026-06-12 15:33:29

🔍 Backtesting breakout on BTCUSDT...
   Date range filter applied: 2025-09-15 to 2025-12-15, data range: 2025-09-15 to 2025-12-15, rows: 2185
   ❌ Error during backtest for BTCUSDT: Zero trade strategy detected during backtest.
  Duration: 91 days (3.0 months)
  Trades: 0
  Data points: 2185
  Symbol: BTCUSDT
  This may be normal for some strategies in certain market conditions.

📊 BACKTEST SUMMARY
   Strategy: breakout
   Symbols processed: 1
   Successful: 0
   Failed: 1
   Duration: 0.81s

✅ Backtest completed with validation
[41/144] S2 BTCUSDT breakout: error pnl=None tr=None
📈 Starting backtest process for strategy: liquidity
   Symbols: ['BTCUSDT']
   Date Range: 2025-09-15 to 2025-12-15
   Initial Capital: $10,000.00
   Fee Rate: 0.100%
   Slippage Factor: 0.050%
   Timestamp: 2026-06-12 15:33:30

🔍 Backtesting liquidity on BTCUSDT...
   Date range filter applied: 2025-09-15 to 2025-12-15, data range: 2025-09-15 to 2025-12-15, rows: 2185
   ✅ BTCUSDT backtest completed
      Return: -1.57%
      Sharpe: -1.07
      Max DD: -1.57%
      Trades: 13
      Signal Audit - Generated: 2185, Filtered: 0, Entries: 2185

📊 BACKTEST SUMMARY
   Strategy: liquidity
   Symbols processed: 1
   Successful: 1
   Failed: 0
   Average Return: -1.57%
   Average Sharpe: -1.07
   Average Max DD: -1.57%
   Average Win Rate: 0.00%
   Total Trades: 13
   Duration: 9.06s

✅ Backtest completed with validation
[42/144] S2 BTCUSDT liquidity: INSUFFICIENT_DATA pnl=-143.31814981124714 tr=6
📈 Starting backtest process for strategy: mtf_trend
   Symbols: ['BTCUSDT']
   Date Range: 2025-09-15 to 2025-12-15
   Initial Capital: $10,000.00
   Fee Rate: 0.100%
   Slippage Factor: 0.050%
   Timestamp: 2026-06-12 15:33:39

🔍 Backtesting mtf_trend on BTCUSDT...
   Date range filter applied: 2025-09-15 to 2025-12-15, data range: 2025-09-15 to 2025-12-15, rows: 2185
   ✅ BTCUSDT backtest completed
      Return: -2.78%
      Sharpe: -0.76
      Max DD: -3.85%
      Trades: 85
      Signal Audit - Generated: 2185, Filtered: 0, Entries: 2185

📊 BACKTEST SUMMARY
   Strategy: mtf_trend
   Symbols processed: 1
   Successful: 1
   Failed: 0
   Average Return: -2.78%
   Average Sharpe: -0.76
   Average Max DD: -3.85%
   Average Win Rate: 21.18%
   Total Trades: 85
   Duration: 3.40s

✅ Backtest completed with validation
[43/144] S2 BTCUSDT mtf_trend: NO_GO pnl=-192.4885023111654 tr=42
📈 Starting backtest process for strategy: oi_footprint
   Symbols: ['BTCUSDT']
   Date Range: 2025-09-15 to 2025-12-15
   Initial Capital: $10,000.00
   Fee Rate: 0.100%
   Slippage Factor: 0.050%
   Timestamp: 2026-06-12 15:33:42

🔍 Backtesting oi_footprint on BTCUSDT...
   Date range filter applied: 2025-09-15 to 2025-12-15, data range: 2025-09-15 to 2025-12-15, rows: 2185
   ✅ BTCUSDT backtest completed
      Return: -1.96%
      Sharpe: -0.73
      Max DD: -2.42%
      Trades: 43
      Signal Audit - Generated: 2185, Filtered: 0, Entries: 2185

📊 BACKTEST SUMMARY
   Strategy: oi_footprint
   Symbols processed: 1
   Successful: 1
   Failed: 0
   Average Return: -1.96%
   Average Sharpe: -0.73
   Average Max DD: -2.42%
   Average Win Rate: 18.60%
   Total Trades: 43
   Duration: 2.82s

✅ Backtest completed with validation
[44/144] S2 BTCUSDT oi_footprint: DIRECTIONAL_NO_GO pnl=-152.1767374418844 tr=21
📈 Starting backtest process for strategy: sweep_scalper
   Symbols: ['BTCUSDT']
   Date Range: 2025-09-15 to 2025-12-15
   Initial Capital: $10,000.00
   Fee Rate: 0.100%
   Slippage Factor: 0.050%
   Timestamp: 2026-06-12 15:33:45

🔍 Backtesting sweep_scalper on BTCUSDT...
   Date range filter applied: 2025-09-15 to 2025-12-15, data range: 2025-09-15 to 2025-12-15, rows: 2185
   ✅ BTCUSDT backtest completed
      Return: -0.07%
      Sharpe: -0.10
      Max DD: -0.38%
      Trades: 12
      Signal Audit - Generated: 2185, Filtered: 0, Entries: 2185

📊 BACKTEST SUMMARY
   Strategy: sweep_scalper
   Symbols processed: 1
   Successful: 1
   Failed: 0
   Average Return: -0.07%
   Average Sharpe: -0.10
   Average Max DD: -0.38%
   Average Win Rate: 16.67%
   Total Trades: 12
   Duration: 1.95s

✅ Backtest completed with validation
[45/144] S2 BTCUSDT sweep_scalper: INSUFFICIENT_DATA pnl=6.879481289512148 tr=5
📈 Starting backtest process for strategy: vwap_reversal
   Symbols: ['BTCUSDT']
   Date Range: 2025-09-15 to 2025-12-15
   Initial Capital: $10,000.00
   Fee Rate: 0.100%
   Slippage Factor: 0.050%
   Timestamp: 2026-06-12 15:33:47

🔍 Backtesting vwap_reversal on BTCUSDT...
   Date range filter applied: 2025-09-15 to 2025-12-15, data range: 2025-09-15 to 2025-12-15, rows: 2185
   ✅ BTCUSDT backtest completed
      Return: -0.02%
      Sharpe: -0.41
      Max DD: -0.02%
      Trades: 1
      Signal Audit - Generated: 2185, Filtered: 0, Entries: 21852026-06-12 15:33:49,579 - WARNING - RealisticBacktester - Data is too old: 2025-12-15 00:00:00 vs current time
2026-06-12 15:33:49,583 - WARNING - RealisticBacktester - Could not detect missing candles: Invalid frequency: 1H. Failed to parse with error message: ValueError("Invalid frequency: H. Failed to parse with error message: KeyError('H'). Did you mean h?")
2026-06-12 15:33:52,106 - WARNING - RealisticBacktester - Data is too old: 2025-12-15 00:00:00 vs current time
2026-06-12 15:33:52,110 - WARNING - RealisticBacktester - Could not detect missing candles: Invalid frequency: 1H. Failed to parse with error message: ValueError("Invalid frequency: H. Failed to parse with error message: KeyError('H'). Did you mean h?")
2026-06-12 15:33:52,812 - WARNING - RealisticBacktester - Trade count validation issues for BTCUSDT
2026-06-12 15:33:52,816 - WARNING - RealisticBacktester -   - Low trade count: 0 < 3 expected for 3.0 months of BTCUSDT data (some strategies may legitimately have few trades)
2026-06-12 15:33:52,819 - WARNING - RealisticBacktester - Trade density validation issues:
2026-06-12 15:33:52,823 - WARNING - RealisticBacktester -   - Zero trades executed: 0 trades for 2185 data points. This may indicate a strategy that never generates signals or has overly restrictive conditions.
2026-06-12 15:33:52,826 - WARNING - RealisticBacktester - Zero trade strategy detected - this may be normal for some strategies
2026-06-12 15:33:52,829 - ERROR - RealisticBacktester - FAIL-FAST TRIGGERED: Zero trades executed over 1+ month period - rejecting from optimization
2026-06-12 15:33:52,926 - WARNING - RealisticBacktester - Data is too old: 2025-12-15 00:00:00 vs current time
2026-06-12 15:33:52,929 - WARNING - RealisticBacktester - Could not detect missing candles: Invalid frequency: 1H. Failed to parse with error message: ValueError("Invalid frequency: H. Failed to parse with error message: KeyError('H'). Did you mean h?")
2026-06-12 15:33:53,770 - ERROR - RealisticBacktester - Signal-trade correspondence validation FAILED
2026-06-12 15:33:53,774 - ERROR - RealisticBacktester -   - Only 16/36 (44.4%) signals had corresponding trade attempts
2026-06-12 15:33:53,778 - WARNING - RealisticBacktester - Minimal execution confirmation showed low correspondence. 20 out of 36 non-zero signals had no corresponding trade attempts.
2026-06-12 15:33:54,576 - WARNING - RealisticBacktester - Data is too old: 2025-12-15 00:00:00 vs current time
2026-06-12 15:33:54,579 - WARNING - RealisticBacktester - Could not detect missing candles: Invalid frequency: 1H. Failed to parse with error message: ValueError("Invalid frequency: H. Failed to parse with error message: KeyError('H'). Did you mean h?")
2026-06-12 15:33:55,602 - WARNING - RealisticBacktester - Trade count validation issues for ETHUSDT
2026-06-12 15:33:55,606 - WARNING - RealisticBacktester -   - Low trade count: 0 < 3 expected for 3.0 months of ETHUSDT data (some strategies may legitimately have few trades)
2026-06-12 15:33:55,610 - WARNING - RealisticBacktester - Trade density validation issues:
2026-06-12 15:33:55,613 - WARNING - RealisticBacktester -   - Zero trades executed: 0 trades for 2185 data points. This may indicate a strategy that never generates signals or has overly restrictive conditions.
2026-06-12 15:33:55,617 - WARNING - RealisticBacktester - Zero trade strategy detected - this may be normal for some strategies
2026-06-12 15:33:55,620 - ERROR - RealisticBacktester - FAIL-FAST TRIGGERED: Zero trades executed over 1+ month period - rejecting from optimization
2026-06-12 15:33:55,712 - WARNING - RealisticBacktester - Data is too old: 2025-12-15 00:00:00 vs current time
2026-06-12 15:33:55,716 - WARNING - RealisticBacktester - Could not detect missing candles: Invalid frequency: 1H. Failed to parse with error message: ValueError("Invalid frequency: H. Failed to parse with error message: KeyError('H'). Did you mean h?")
2026-06-12 15:33:56,730 - ERROR - RealisticBacktester - Signal-trade correspondence validation FAILED
2026-06-12 15:33:56,732 - ERROR - RealisticBacktester -   - Only 52/95 (54.7%) signals had corresponding trade attempts
2026-06-12 15:33:56,734 - WARNING - RealisticBacktester - Minimal execution confirmation showed low correspondence. 43 out of 95 non-zero signals had no corresponding trade attempts.
2026-06-12 15:33:58,167 - WARNING - RealisticBacktester - Data is too old: 2025-12-15 00:00:00 vs current time
2026-06-12 15:33:58,170 - WARNING - RealisticBacktester - Could not detect missing candles: Invalid frequency: 1H. Failed to parse with error message: ValueError("Invalid frequency: H. Failed to parse with error message: KeyError('H'). Did you mean h?")
2026-06-12 15:34:01,852 - ERROR - RealisticBacktester - Signal-trade correspondence validation FAILED
2026-06-12 15:34:01,855 - ERROR - RealisticBacktester -   - Only 43/87 (49.4%) signals had corresponding trade attempts
2026-06-12 15:34:01,858 - WARNING - RealisticBacktester - Minimal execution confirmation showed low correspondence. 44 out of 87 non-zero signals had no corresponding trade attempts.
2026-06-12 15:34:07,172 - WARNING - RealisticBacktester - Data is too old: 2025-12-15 00:00:00 vs current time
2026-06-12 15:34:07,176 - WARNING - RealisticBacktester - Could not detect missing candles: Invalid frequency: 1H. Failed to parse with error message: ValueError("Invalid frequency: H. Failed to parse with error message: KeyError('H'). Did you mean h?")
2026-06-12 15:34:08,035 - WARNING - RealisticBacktester - Trade count validation issues for ETHUSDT
2026-06-12 15:34:08,039 - WARNING - RealisticBacktester -   - Low trade count: 0 < 3 expected for 3.0 months of ETHUSDT data (some strategies may legitimately have few trades)
2026-06-12 15:34:08,043 - WARNING - RealisticBacktester - Trade density validation issues:
2026-06-12 15:34:08,046 - WARNING - RealisticBacktester -   - Zero trades executed: 0 trades for 2185 data points. This may indicate a strategy that never generates signals or has overly restrictive conditions.
2026-06-12 15:34:08,049 - WARNING - RealisticBacktester - Zero trade strategy detected - this may be normal for some strategies
2026-06-12 15:34:08,053 - ERROR - RealisticBacktester - FAIL-FAST TRIGGERED: Zero trades executed over 1+ month period - rejecting from optimization
2026-06-12 15:34:08,196 - WARNING - RealisticBacktester - Data is too old: 2025-12-15 00:00:00 vs current time
2026-06-12 15:34:08,200 - WARNING - RealisticBacktester - Could not detect missing candles: Invalid frequency: 1H. Failed to parse with error message: ValueError("Invalid frequency: H. Failed to parse with error message: KeyError('H'). Did you mean h?")
2026-06-12 15:34:12,764 - ERROR - RealisticBacktester - Signal-trade correspondence validation FAILED
2026-06-12 15:34:12,768 - ERROR - RealisticBacktester -   - Only 10/18 (55.6%) signals had corresponding trade attempts
2026-06-12 15:34:12,770 - WARNING - RealisticBacktester - Minimal execution confirmation showed low correspondence. 8 out of 18 non-zero signals had no corresponding trade attempts.
2026-06-12 15:34:18,773 - WARNING - RealisticBacktester - Data is too old: 2025-12-15 00:00:00 vs current time
2026-06-12 15:34:18,777 - WARNING - RealisticBacktester - Could not detect missing candles: Invalid frequency: 1H. Failed to parse with error message: ValueError("Invalid frequency: H. Failed to parse with error message: KeyError('H'). Did you mean h?")
2026-06-12 15:34:20,172 - ERROR - RealisticBacktester - Signal-trade correspondence validation FAILED
2026-06-12 15:34:20,176 - ERROR - RealisticBacktester -   - Only 47/139 (33.8%) signals had corresponding trade attempts
2026-06-12 15:34:20,179 - WARNING - RealisticBacktester - Minimal execution confirmation showed low correspondence. 92 out of 139 non-zero signals had no corresponding trade attempts.


📊 BACKTEST SUMMARY
   Strategy: vwap_reversal
   Symbols processed: 1
   Successful: 1
   Failed: 0
   Average Return: -0.02%
   Average Sharpe: -0.41
   Average Max DD: -0.02%
   Average Win Rate: 50.00%
   Total Trades: 1
   Duration: 1.99s

✅ Backtest completed with validation
[46/144] S2 BTCUSDT vwap_reversal: INSUFFICIENT_DATA pnl=0.0 tr=0
📈 Starting backtest process for strategy: volatility_breakout
   Symbols: ['BTCUSDT']
   Date Range: 2025-09-15 to 2025-12-15
   Initial Capital: $10,000.00
   Fee Rate: 0.100%
   Slippage Factor: 0.050%
   Timestamp: 2026-06-12 15:33:49

🔍 Backtesting volatility_breakout on BTCUSDT...
   Date range filter applied: 2025-09-15 to 2025-12-15, data range: 2025-09-15 to 2025-12-15, rows: 2185
   ✅ BTCUSDT backtest completed
      Return: 0.16%
      Sharpe: 0.16
      Max DD: -0.25%
      Trades: 7
      Signal Audit - Generated: 2185, Filtered: 0, Entries: 2185

📊 BACKTEST SUMMARY
   Strategy: volatility_breakout
   Symbols processed: 1
   Successful: 1
   Failed: 0
   Average Return: 0.16%
   Average Sharpe: 0.16
   Average Max DD: -0.25%
   Average Win Rate: 28.57%
   Total Trades: 7
   Duration: 2.55s

✅ Backtest completed with validation
[47/144] S2 BTCUSDT volatility_breakout: INSUFFICIENT_DATA pnl=23.86734528866734 tr=3
📈 Starting backtest process for strategy: crypto_breakout
   Symbols: ['BTCUSDT']
   Date Range: 2025-09-15 to 2025-12-15
   Initial Capital: $10,000.00
   Fee Rate: 0.100%
   Slippage Factor: 0.050%
   Timestamp: 2026-06-12 15:33:52

🔍 Backtesting crypto_breakout on BTCUSDT...
   Date range filter applied: 2025-09-15 to 2025-12-15, data range: 2025-09-15 to 2025-12-15, rows: 2185
   ❌ Error during backtest for BTCUSDT: Zero trade strategy detected during backtest.
  Duration: 91 days (3.0 months)
  Trades: 0
  Data points: 2185
  Symbol: BTCUSDT
  This may be normal for some strategies in certain market conditions.

📊 BACKTEST SUMMARY
   Strategy: crypto_breakout
   Symbols processed: 1
   Successful: 0
   Failed: 1
   Duration: 0.81s

✅ Backtest completed with validation
[48/144] S2 BTCUSDT crypto_breakout: error pnl=None tr=None
📈 Starting backtest process for strategy: trend_following
   Symbols: ['ETHUSDT']
   Date Range: 2025-09-15 to 2025-12-15
   Initial Capital: $10,000.00
   Fee Rate: 0.100%
   Slippage Factor: 0.050%
   Timestamp: 2026-06-12 15:33:52

🔍 Backtesting trend_following on ETHUSDT...
   Date range filter applied: 2025-09-15 to 2025-12-15, data range: 2025-09-15 to 2025-12-15, rows: 2185
   ✅ ETHUSDT backtest completed
      Return: -0.34%
      Sharpe: -0.10
      Max DD: -1.81%
      Trades: 31
      Signal Audit - Generated: 2185, Filtered: 0, Entries: 2185

📊 BACKTEST SUMMARY
   Strategy: trend_following
   Symbols processed: 1
   Successful: 1
   Failed: 0
   Average Return: -0.34%
   Average Sharpe: -0.10
   Average Max DD: -1.81%
   Average Win Rate: 22.58%
   Total Trades: 31
   Duration: 1.64s

✅ Backtest completed with validation
[49/144] S2 ETHUSDT trend_following: INSUFFICIENT_DATA pnl=-2.4506387824781655 tr=15
📈 Starting backtest process for strategy: mean_reversion
   Symbols: ['ETHUSDT']
   Date Range: 2025-09-15 to 2025-12-15
   Initial Capital: $10,000.00
   Fee Rate: 0.100%
   Slippage Factor: 0.050%
   Timestamp: 2026-06-12 15:33:54

🔍 Backtesting mean_reversion on ETHUSDT...
   Date range filter applied: 2025-09-15 to 2025-12-15, data range: 2025-09-15 to 2025-12-15, rows: 2185
   ❌ Error during backtest for ETHUSDT: Zero trade strategy detected during backtest.
  Duration: 91 days (3.0 months)
  Trades: 0
  Data points: 2185
  Symbol: ETHUSDT
  This may be normal for some strategies in certain market conditions.

📊 BACKTEST SUMMARY
   Strategy: mean_reversion
   Symbols processed: 1
   Successful: 0
   Failed: 1
   Duration: 1.13s

✅ Backtest completed with validation
[50/144] S2 ETHUSDT mean_reversion: error pnl=None tr=None
📈 Starting backtest process for strategy: momentum
   Symbols: ['ETHUSDT']
   Date Range: 2025-09-15 to 2025-12-15
   Initial Capital: $10,000.00
   Fee Rate: 0.100%
   Slippage Factor: 0.050%
   Timestamp: 2026-06-12 15:33:55

🔍 Backtesting momentum on ETHUSDT...
   Date range filter applied: 2025-09-15 to 2025-12-15, data range: 2025-09-15 to 2025-12-15, rows: 2185
   ✅ ETHUSDT backtest completed
      Return: 2.40%
      Sharpe: 0.27
      Max DD: -4.69%
      Trades: 100
      Signal Audit - Generated: 2185, Filtered: 0, Entries: 2185

📊 BACKTEST SUMMARY
   Strategy: momentum
   Symbols processed: 1
   Successful: 1
   Failed: 0
   Average Return: 2.40%
   Average Sharpe: 0.27
   Average Max DD: -4.69%
   Average Win Rate: 24.00%
   Total Trades: 100
   Duration: 2.38s

✅ Backtest completed with validation
[51/144] S2 ETHUSDT momentum: INSUFFICIENT_DATA pnl=343.3741387892543 tr=49
📈 Starting backtest process for strategy: scalping
   Symbols: ['ETHUSDT']
   Date Range: 2025-09-15 to 2025-12-15
   Initial Capital: $10,000.00
   Fee Rate: 0.100%
   Slippage Factor: 0.050%
   Timestamp: 2026-06-12 15:33:58

🔍 Backtesting scalping on ETHUSDT...
   Date range filter applied: 2025-09-15 to 2025-12-15, data range: 2025-09-15 to 2025-12-15, rows: 2185
   ✅ ETHUSDT backtest completed
      Return: -7.86%
      Sharpe: -1.23
      Max DD: -8.06%
      Trades: 81
      Signal Audit - Generated: 2185, Filtered: 0, Entries: 2185

📊 BACKTEST SUMMARY
   Strategy: scalping
   Symbols processed: 1
   Successful: 1
   Failed: 0
   Average Return: -7.86%
   Average Sharpe: -1.23
   Average Max DD: -8.06%
   Average Win Rate: 9.88%
   Total Trades: 81
   Duration: 9.04s

✅ Backtest completed with validation
[52/144] S2 ETHUSDT scalping: DIRECTIONAL_NO_GO pnl=-706.4588547990204 tr=40
📈 Starting backtest process for strategy: breakout
   Symbols: ['ETHUSDT']
   Date Range: 2025-09-15 to 2025-12-15
   Initial Capital: $10,000.00
   Fee Rate: 0.100%
   Slippage Factor: 0.050%
   Timestamp: 2026-06-12 15:34:07

🔍 Backtesting breakout on ETHUSDT...
   Date range filter applied: 2025-09-15 to 2025-12-15, data range: 2025-09-15 to 2025-12-15, rows: 2185
   ❌ Error during backtest for ETHUSDT: Zero trade strategy detected during backtest.
  Duration: 91 days (3.0 months)
  Trades: 0
  Data points: 2185
  Symbol: ETHUSDT
  This may be normal for some strategies in certain market conditions.

📊 BACKTEST SUMMARY
   Strategy: breakout
   Symbols processed: 1
   Successful: 0
   Failed: 1
   Duration: 0.99s

✅ Backtest completed with validation
[53/144] S2 ETHUSDT breakout: error pnl=None tr=None
📈 Starting backtest process for strategy: liquidity
   Symbols: ['ETHUSDT']
   Date Range: 2025-09-15 to 2025-12-15
   Initial Capital: $10,000.00
   Fee Rate: 0.100%
   Slippage Factor: 0.050%
   Timestamp: 2026-06-12 15:34:08

🔍 Backtesting liquidity on ETHUSDT...
   Date range filter applied: 2025-09-15 to 2025-12-15, data range: 2025-09-15 to 2025-12-15, rows: 2185
   ✅ ETHUSDT backtest completed
      Return: -2.39%
      Sharpe: -0.85
      Max DD: -2.86%
      Trades: 19
      Signal Audit - Generated: 2185, Filtered: 0, Entries: 2185

📊 BACKTEST SUMMARY
   Strategy: liquidity
   Symbols processed: 1
   Successful: 1
   Failed: 0
   Average Return: -2.39%
   Average Sharpe: -0.85
   Average Max DD: -2.86%
   Average Win Rate: 10.53%
   Total Trades: 19
   Duration: 10.62s

✅ Backtest completed with validation
[54/144] S2 ETHUSDT liquidity: INSUFFICIENT_DATA pnl=-218.97216751410548 tr=9
📈 Starting backtest process for strategy: mtf_trend
   Symbols: ['ETHUSDT']
   Date Range: 2025-09-15 to 2025-12-15
   Initial Capital: $10,000.00
   Fee Rate: 0.100%
   Slippage Factor: 0.050%
   Timestamp: 2026-06-12 15:34:18

🔍 Backtesting mtf_trend on ETHUSDT...
   Date range filter applied: 2025-09-15 to 2025-12-15, data range: 2025-09-15 to 2025-12-15, rows: 2185
   ✅ ETHUSDT backtest completed
      Return: -5.03%
      Sharpe: -0.91
      Max DD: -6.83%
      Trades: 93
      Signal Audit - Generated: 2185, Filtered: 0, Entries: 2185

📊 BACKTEST SUMMARY
   Strategy: mtf_trend
   Symbols processed: 1
   Successful: 1
   Failed: 0
   Average Return: -5.03%2026-06-12 15:34:21,511 - WARNING - RealisticBacktester - Data is too old: 2025-12-15 00:00:00 vs current time
2026-06-12 15:34:21,515 - WARNING - RealisticBacktester - Could not detect missing candles: Invalid frequency: 1H. Failed to parse with error message: ValueError("Invalid frequency: H. Failed to parse with error message: KeyError('H'). Did you mean h?")
2026-06-12 15:34:23,898 - ERROR - RealisticBacktester - Signal-trade correspondence validation FAILED
2026-06-12 15:34:23,901 - ERROR - RealisticBacktester -   - Only 25/50 (50.0%) signals had corresponding trade attempts
2026-06-12 15:34:23,903 - WARNING - RealisticBacktester - Minimal execution confirmation showed low correspondence. 25 out of 50 non-zero signals had no corresponding trade attempts.
2026-06-12 15:34:25,694 - WARNING - RealisticBacktester - Data is too old: 2025-12-15 00:00:00 vs current time
2026-06-12 15:34:25,697 - WARNING - RealisticBacktester - Could not detect missing candles: Invalid frequency: 1H. Failed to parse with error message: ValueError("Invalid frequency: H. Failed to parse with error message: KeyError('H'). Did you mean h?")
2026-06-12 15:34:27,068 - ERROR - RealisticBacktester - Signal-trade correspondence validation FAILED
2026-06-12 15:34:27,072 - ERROR - RealisticBacktester -   - Only 58/221 (26.2%) signals had corresponding trade attempts
2026-06-12 15:34:27,075 - WARNING - RealisticBacktester - Minimal execution confirmation showed low correspondence. 163 out of 221 non-zero signals had no corresponding trade attempts.
2026-06-12 15:34:28,193 - WARNING - RealisticBacktester - Data is too old: 2025-12-15 00:00:00 vs current time
2026-06-12 15:34:28,199 - WARNING - RealisticBacktester - Could not detect missing candles: Invalid frequency: 1H. Failed to parse with error message: ValueError("Invalid frequency: H. Failed to parse with error message: KeyError('H'). Did you mean h?")
2026-06-12 15:34:29,267 - WARNING - RealisticBacktester - Trade count validation issues for ETHUSDT
2026-06-12 15:34:29,271 - WARNING - RealisticBacktester -   - Low trade count: 0 < 3 expected for 3.0 months of ETHUSDT data (some strategies may legitimately have few trades)
2026-06-12 15:34:29,274 - WARNING - RealisticBacktester - Trade density validation issues:
2026-06-12 15:34:29,278 - WARNING - RealisticBacktester -   - Zero trades executed: 0 trades for 2185 data points. This may indicate a strategy that never generates signals or has overly restrictive conditions.
2026-06-12 15:34:29,281 - WARNING - RealisticBacktester - Zero trade strategy detected - this may be normal for some strategies
2026-06-12 15:34:29,284 - ERROR - RealisticBacktester - FAIL-FAST TRIGGERED: Zero trades executed over 1+ month period - rejecting from optimization
2026-06-12 15:34:29,391 - WARNING - RealisticBacktester - Data is too old: 2025-12-15 00:00:00 vs current time
2026-06-12 15:34:29,395 - WARNING - RealisticBacktester - Could not detect missing candles: Invalid frequency: 1H. Failed to parse with error message: ValueError("Invalid frequency: H. Failed to parse with error message: KeyError('H'). Did you mean h?")
2026-06-12 15:34:30,563 - ERROR - RealisticBacktester - Signal-trade correspondence validation FAILED
2026-06-12 15:34:30,572 - ERROR - RealisticBacktester -   - Only 2/4 (50.0%) signals had corresponding trade attempts
2026-06-12 15:34:30,575 - WARNING - RealisticBacktester - Minimal execution confirmation showed low correspondence. 2 out of 4 non-zero signals had no corresponding trade attempts.
2026-06-12 15:34:31,866 - WARNING - RealisticBacktester - Data is too old: 2025-12-15 00:00:00 vs current time
2026-06-12 15:34:31,869 - WARNING - RealisticBacktester - Could not detect missing candles: Invalid frequency: 1H. Failed to parse with error message: ValueError("Invalid frequency: H. Failed to parse with error message: KeyError('H'). Did you mean h?")
2026-06-12 15:34:32,786 - WARNING - RealisticBacktester - Trade count validation issues for ETHUSDT
2026-06-12 15:34:32,789 - WARNING - RealisticBacktester -   - Low trade count: 0 < 3 expected for 3.0 months of ETHUSDT data (some strategies may legitimately have few trades)
2026-06-12 15:34:32,793 - WARNING - RealisticBacktester - Trade density validation issues:
2026-06-12 15:34:32,796 - WARNING - RealisticBacktester -   - Zero trades executed: 0 trades for 2185 data points. This may indicate a strategy that never generates signals or has overly restrictive conditions.
2026-06-12 15:34:32,799 - WARNING - RealisticBacktester - Zero trade strategy detected - this may be normal for some strategies
2026-06-12 15:34:32,801 - ERROR - RealisticBacktester - FAIL-FAST TRIGGERED: Zero trades executed over 1+ month period - rejecting from optimization
2026-06-12 15:34:32,897 - WARNING - RealisticBacktester - Data is too old: 2025-12-15 00:00:00 vs current time
2026-06-12 15:34:32,901 - WARNING - RealisticBacktester - Could not detect missing candles: Invalid frequency: 1H. Failed to parse with error message: ValueError("Invalid frequency: H. Failed to parse with error message: KeyError('H'). Did you mean h?")
2026-06-12 15:34:34,415 - ERROR - RealisticBacktester - Signal-trade correspondence validation FAILED
2026-06-12 15:34:34,419 - ERROR - RealisticBacktester -   - Only 16/44 (36.4%) signals had corresponding trade attempts
2026-06-12 15:34:34,423 - WARNING - RealisticBacktester - Minimal execution confirmation showed low correspondence. 28 out of 44 non-zero signals had no corresponding trade attempts.
2026-06-12 15:34:35,158 - WARNING - RealisticBacktester - Data is too old: 2025-12-15 00:00:00 vs current time
2026-06-12 15:34:35,162 - WARNING - RealisticBacktester - Could not detect missing candles: Invalid frequency: 1H. Failed to parse with error message: ValueError("Invalid frequency: H. Failed to parse with error message: KeyError('H'). Did you mean h?")
2026-06-12 15:34:36,198 - WARNING - RealisticBacktester - Trade count validation issues for SOLUSDT
2026-06-12 15:34:36,201 - WARNING - RealisticBacktester -   - Low trade count: 0 < 3 expected for 3.0 months of SOLUSDT data (some strategies may legitimately have few trades)
2026-06-12 15:34:36,205 - WARNING - RealisticBacktester - Trade density validation issues:
2026-06-12 15:34:36,208 - WARNING - RealisticBacktester -   - Zero trades executed: 0 trades for 2185 data points. This may indicate a strategy that never generates signals or has overly restrictive conditions.
2026-06-12 15:34:36,211 - WARNING - RealisticBacktester - Zero trade strategy detected - this may be normal for some strategies
2026-06-12 15:34:36,214 - ERROR - RealisticBacktester - FAIL-FAST TRIGGERED: Zero trades executed over 1+ month period - rejecting from optimization
2026-06-12 15:34:36,312 - WARNING - RealisticBacktester - Data is too old: 2025-12-15 00:00:00 vs current time
2026-06-12 15:34:36,316 - WARNING - RealisticBacktester - Could not detect missing candles: Invalid frequency: 1H. Failed to parse with error message: ValueError("Invalid frequency: H. Failed to parse with error message: KeyError('H'). Did you mean h?")
2026-06-12 15:34:36,596 - ERROR - RealisticBacktester - Signal-trade correspondence validation FAILED
2026-06-12 15:34:36,600 - ERROR - RealisticBacktester -   - Only 59/112 (52.7%) signals had corresponding trade attempts
2026-06-12 15:34:36,602 - WARNING - RealisticBacktester - Minimal execution confirmation showed low correspondence. 53 out of 112 non-zero signals had no corresponding trade attempts.
2026-06-12 15:34:37,212 - WARNING - RealisticBacktester - Data is too old: 2025-12-15 00:00:00 vs current time
2026-06-12 15:34:37,216 - WARNING - RealisticBacktester - Could not detect missing candles: Invalid frequency: 1H. Failed to parse with error message: ValueError("Invalid frequency: H. Failed to parse with error message: KeyError('H'). Did you mean h?")
2026-06-12 15:34:39,640 - ERROR - RealisticBacktester - Signal-trade correspondence validation FAILED
2026-06-12 15:34:39,643 - ERROR - RealisticBacktester -   - Only 38/85 (44.7%) signals had corresponding trade attempts
2026-06-12 15:34:39,645 - WARNING - RealisticBacktester - Minimal execution confirmation showed low correspondence. 47 out of 85 non-zero signals had no corresponding trade attempts.

   Average Sharpe: -0.91
   Average Max DD: -6.83%
   Average Win Rate: 17.20%
   Total Trades: 93
   Duration: 2.69s

✅ Backtest completed with validation
[55/144] S2 ETHUSDT mtf_trend: NO_GO pnl=-411.0157776358668 tr=46
📈 Starting backtest process for strategy: oi_footprint
   Symbols: ['ETHUSDT']
   Date Range: 2025-09-15 to 2025-12-15
   Initial Capital: $10,000.00
   Fee Rate: 0.100%
   Slippage Factor: 0.050%
   Timestamp: 2026-06-12 15:34:21

🔍 Backtesting oi_footprint on ETHUSDT...
   Date range filter applied: 2025-09-15 to 2025-12-15, data range: 2025-09-15 to 2025-12-15, rows: 2185
   ✅ ETHUSDT backtest completed
      Return: -0.86%
      Sharpe: -0.17
      Max DD: -3.09%
      Trades: 49
      Signal Audit - Generated: 2185, Filtered: 0, Entries: 2185

📊 BACKTEST SUMMARY
   Strategy: oi_footprint
   Symbols processed: 1
   Successful: 1
   Failed: 0
   Average Return: -0.86%
   Average Sharpe: -0.17
   Average Max DD: -3.09%
   Average Win Rate: 18.37%
   Total Trades: 49
   Duration: 4.18s

✅ Backtest completed with validation
[56/144] S2 ETHUSDT oi_footprint: INSUFFICIENT_DATA pnl=-36.504007011793476 tr=24
📈 Starting backtest process for strategy: sweep_scalper
   Symbols: ['ETHUSDT']
   Date Range: 2025-09-15 to 2025-12-15
   Initial Capital: $10,000.00
   Fee Rate: 0.100%
   Slippage Factor: 0.050%
   Timestamp: 2026-06-12 15:34:25

🔍 Backtesting sweep_scalper on ETHUSDT...
   Date range filter applied: 2025-09-15 to 2025-12-15, data range: 2025-09-15 to 2025-12-15, rows: 2185
   ✅ ETHUSDT backtest completed
      Return: -2.30%
      Sharpe: -0.41
      Max DD: -3.35%
      Trades: 102
      Signal Audit - Generated: 2185, Filtered: 0, Entries: 2185

📊 BACKTEST SUMMARY
   Strategy: sweep_scalper
   Symbols processed: 1
   Successful: 1
   Failed: 0
   Average Return: -2.30%
   Average Sharpe: -0.41
   Average Max DD: -3.35%
   Average Win Rate: 18.63%
   Total Trades: 102
   Duration: 2.46s

✅ Backtest completed with validation
[57/144] S2 ETHUSDT sweep_scalper: INSUFFICIENT_DATA pnl=-128.0135305759091 tr=50
📈 Starting backtest process for strategy: vwap_reversal
   Symbols: ['ETHUSDT']
   Date Range: 2025-09-15 to 2025-12-15
   Initial Capital: $10,000.00
   Fee Rate: 0.100%
   Slippage Factor: 0.050%
   Timestamp: 2026-06-12 15:34:28

🔍 Backtesting vwap_reversal on ETHUSDT...
   Date range filter applied: 2025-09-15 to 2025-12-15, data range: 2025-09-15 to 2025-12-15, rows: 2185
   ❌ Error during backtest for ETHUSDT: Zero trade strategy detected during backtest.
  Duration: 91 days (3.0 months)
  Trades: 0
  Data points: 2185
  Symbol: ETHUSDT
  This may be normal for some strategies in certain market conditions.

📊 BACKTEST SUMMARY
   Strategy: vwap_reversal
   Symbols processed: 1
   Successful: 0
   Failed: 1
   Duration: 1.21s

✅ Backtest completed with validation
[58/144] S2 ETHUSDT vwap_reversal: error pnl=None tr=None
📈 Starting backtest process for strategy: volatility_breakout
   Symbols: ['ETHUSDT']
   Date Range: 2025-09-15 to 2025-12-15
   Initial Capital: $10,000.00
   Fee Rate: 0.100%
   Slippage Factor: 0.050%
   Timestamp: 2026-06-12 15:34:29

🔍 Backtesting volatility_breakout on ETHUSDT...
   Date range filter applied: 2025-09-15 to 2025-12-15, data range: 2025-09-15 to 2025-12-15, rows: 2185
   ✅ ETHUSDT backtest completed
      Return: 0.26%
      Sharpe: 0.35
      Max DD: -0.04%
      Trades: 3
      Signal Audit - Generated: 2185, Filtered: 0, Entries: 2185

📊 BACKTEST SUMMARY
   Strategy: volatility_breakout
   Symbols processed: 1
   Successful: 1
   Failed: 0
   Average Return: 0.26%
   Average Sharpe: 0.35
   Average Max DD: -0.04%
   Average Win Rate: 50.00%
   Total Trades: 3
   Duration: 2.45s

✅ Backtest completed with validation
[59/144] S2 ETHUSDT volatility_breakout: INSUFFICIENT_DATA pnl=29.81496670733987 tr=1
📈 Starting backtest process for strategy: crypto_breakout
   Symbols: ['ETHUSDT']
   Date Range: 2025-09-15 to 2025-12-15
   Initial Capital: $10,000.00
   Fee Rate: 0.100%
   Slippage Factor: 0.050%
   Timestamp: 2026-06-12 15:34:31

🔍 Backtesting crypto_breakout on ETHUSDT...
   Date range filter applied: 2025-09-15 to 2025-12-15, data range: 2025-09-15 to 2025-12-15, rows: 2185
   ❌ Error during backtest for ETHUSDT: Zero trade strategy detected during backtest.
  Duration: 91 days (3.0 months)
  Trades: 0
  Data points: 2185
  Symbol: ETHUSDT
  This may be normal for some strategies in certain market conditions.

📊 BACKTEST SUMMARY
   Strategy: crypto_breakout
   Symbols processed: 1
   Successful: 0
   Failed: 1
   Duration: 1.04s

✅ Backtest completed with validation
[60/144] S2 ETHUSDT crypto_breakout: error pnl=None tr=None
📈 Starting backtest process for strategy: trend_following
   Symbols: ['SOLUSDT']
   Date Range: 2025-09-15 to 2025-12-15
   Initial Capital: $10,000.00
   Fee Rate: 0.100%
   Slippage Factor: 0.050%
   Timestamp: 2026-06-12 15:34:32

🔍 Backtesting trend_following on SOLUSDT...
   Date range filter applied: 2025-09-15 to 2025-12-15, data range: 2025-09-15 to 2025-12-15, rows: 2185
   ✅ SOLUSDT backtest completed
      Return: -2.75%
      Sharpe: -0.78
      Max DD: -2.95%
      Trades: 31
      Signal Audit - Generated: 2185, Filtered: 0, Entries: 2185

📊 BACKTEST SUMMARY
   Strategy: trend_following
   Symbols processed: 1
   Successful: 1
   Failed: 0
   Average Return: -2.75%
   Average Sharpe: -0.78
   Average Max DD: -2.95%
   Average Win Rate: 12.90%
   Total Trades: 31
   Duration: 2.26s

✅ Backtest completed with validation
[61/144] S2 SOLUSDT trend_following: INSUFFICIENT_DATA pnl=-243.23855817801766 tr=15
📈 Starting backtest process for strategy: mean_reversion
   Symbols: ['SOLUSDT']
   Date Range: 2025-09-15 to 2025-12-15
   Initial Capital: $10,000.00
   Fee Rate: 0.100%
   Slippage Factor: 0.050%
   Timestamp: 2026-06-12 15:34:35

🔍 Backtesting mean_reversion on SOLUSDT...
   Date range filter applied: 2025-09-15 to 2025-12-15, data range: 2025-09-15 to 2025-12-15, rows: 2185
   ❌ Error during backtest for SOLUSDT: Zero trade strategy detected during backtest.
  Duration: 91 days (3.0 months)
  Trades: 0
  Data points: 2185
  Symbol: SOLUSDT
  This may be normal for some strategies in certain market conditions.

📊 BACKTEST SUMMARY
   Strategy: mean_reversion
   Symbols processed: 1
   Successful: 0
   Failed: 1
   Duration: 1.13s

✅ Backtest completed with validation
[62/144] S2 SOLUSDT mean_reversion: error pnl=None tr=None
📈 Starting backtest process for strategy: momentum
   Symbols: ['SOLUSDT']
   Date Range: 2025-09-15 to 2025-12-15
   Initial Capital: $10,000.00
   Fee Rate: 0.100%
   Slippage Factor: 0.050%
   Timestamp: 2026-06-12 15:34:36

🔍 Backtesting momentum on SOLUSDT...
   Date range filter applied: 2025-09-15 to 2025-12-15, data range: 2025-09-15 to 2025-12-15, rows: 2185
   ✅ SOLUSDT backtest completed
      Return: -4.36%
      Sharpe: -0.47
      Max DD: -6.94%
      Trades: 113
      Signal Audit - Generated: 2185, Filtered: 0, Entries: 2185

📊 BACKTEST SUMMARY
   Strategy: momentum
   Symbols processed: 1
   Successful: 1
   Failed: 0
   Average Return: -4.36%
   Average Sharpe: -0.47
   Average Max DD: -6.94%
   Average Win Rate: 19.47%
   Total Trades: 113
   Duration: 0.86s

✅ Backtest completed with validation
[63/144] S2 SOLUSDT momentum: INSUFFICIENT_DATA pnl=-324.27212442600114 tr=56
📈 Starting backtest process for strategy: scalping
   Symbols: ['SOLUSDT']
   Date Range: 2025-09-15 to 2025-12-15
   Initial Capital: $10,000.00
   Fee Rate: 0.100%
   Slippage Factor: 0.050%
   Timestamp: 2026-06-12 15:34:37

🔍 Backtesting scalping on SOLUSDT...
   Date range filter applied: 2025-09-15 to 2025-12-15, data range: 2025-09-15 to 2025-12-15, rows: 2185
   ✅ SOLUSDT backtest completed
      Return: -2.17%
      Sharpe: -0.32
      Max DD: -3.63%
      Trades: 72
      Signal Audit - Generated: 2185, Filtered: 0, Entries: 2185

📊 BACKTEST SUMMARY
   Strategy: scalping
   Symbols processed: 1
   Successful: 1
   Failed: 0
   Average Return: -2.17%
   Average Sharpe: -0.32
   Average Max DD: -3.63%
   Average Win Rate: 19.44%2026-06-12 15:34:43,904 - WARNING - RealisticBacktester - Data is too old: 2025-12-15 00:00:00 vs current time
2026-06-12 15:34:43,909 - WARNING - RealisticBacktester - Could not detect missing candles: Invalid frequency: 1H. Failed to parse with error message: ValueError("Invalid frequency: H. Failed to parse with error message: KeyError('H'). Did you mean h?")
2026-06-12 15:34:44,487 - WARNING - RealisticBacktester - Trade count validation issues for SOLUSDT
2026-06-12 15:34:44,491 - WARNING - RealisticBacktester -   - Low trade count: 0 < 3 expected for 3.0 months of SOLUSDT data (some strategies may legitimately have few trades)
2026-06-12 15:34:44,496 - WARNING - RealisticBacktester - Trade density validation issues:
2026-06-12 15:34:44,499 - WARNING - RealisticBacktester -   - Zero trades executed: 0 trades for 2185 data points. This may indicate a strategy that never generates signals or has overly restrictive conditions.
2026-06-12 15:34:44,503 - WARNING - RealisticBacktester - Zero trade strategy detected - this may be normal for some strategies
2026-06-12 15:34:44,506 - ERROR - RealisticBacktester - FAIL-FAST TRIGGERED: Zero trades executed over 1+ month period - rejecting from optimization
2026-06-12 15:34:44,597 - WARNING - RealisticBacktester - Data is too old: 2025-12-15 00:00:00 vs current time
2026-06-12 15:34:44,600 - WARNING - RealisticBacktester - Could not detect missing candles: Invalid frequency: 1H. Failed to parse with error message: ValueError("Invalid frequency: H. Failed to parse with error message: KeyError('H'). Did you mean h?")
2026-06-12 15:34:47,497 - ERROR - RealisticBacktester - Signal-trade correspondence validation FAILED
2026-06-12 15:34:47,501 - ERROR - RealisticBacktester -   - Only 11/20 (55.0%) signals had corresponding trade attempts
2026-06-12 15:34:47,505 - WARNING - RealisticBacktester - Minimal execution confirmation showed low correspondence. 9 out of 20 non-zero signals had no corresponding trade attempts.
2026-06-12 15:34:52,607 - WARNING - RealisticBacktester - Data is too old: 2025-12-15 00:00:00 vs current time
2026-06-12 15:34:52,610 - WARNING - RealisticBacktester - Could not detect missing candles: Invalid frequency: 1H. Failed to parse with error message: ValueError("Invalid frequency: H. Failed to parse with error message: KeyError('H'). Did you mean h?")
2026-06-12 15:34:54,431 - ERROR - RealisticBacktester - Signal-trade correspondence validation FAILED
2026-06-12 15:34:54,435 - ERROR - RealisticBacktester -   - Only 38/153 (24.8%) signals had corresponding trade attempts
2026-06-12 15:34:54,438 - WARNING - RealisticBacktester - Minimal execution confirmation showed low correspondence. 115 out of 153 non-zero signals had no corresponding trade attempts.
2026-06-12 15:34:55,759 - WARNING - RealisticBacktester - Data is too old: 2025-12-15 00:00:00 vs current time
2026-06-12 15:34:55,764 - WARNING - RealisticBacktester - Could not detect missing candles: Invalid frequency: 1H. Failed to parse with error message: ValueError("Invalid frequency: H. Failed to parse with error message: KeyError('H'). Did you mean h?")
2026-06-12 15:34:57,876 - ERROR - RealisticBacktester - Signal-trade correspondence validation FAILED
2026-06-12 15:34:57,879 - ERROR - RealisticBacktester -   - Only 23/43 (53.5%) signals had corresponding trade attempts
2026-06-12 15:34:57,881 - WARNING - RealisticBacktester - Minimal execution confirmation showed low correspondence. 20 out of 43 non-zero signals had no corresponding trade attempts.
2026-06-12 15:34:59,885 - WARNING - RealisticBacktester - Data is too old: 2025-12-15 00:00:00 vs current time
2026-06-12 15:34:59,889 - WARNING - RealisticBacktester - Could not detect missing candles: Invalid frequency: 1H. Failed to parse with error message: ValueError("Invalid frequency: H. Failed to parse with error message: KeyError('H'). Did you mean h?")
2026-06-12 15:35:01,282 - ERROR - RealisticBacktester - Signal-trade correspondence validation FAILED
2026-06-12 15:35:01,287 - ERROR - RealisticBacktester -   - Only 3/216 (1.4%) signals had corresponding trade attempts
2026-06-12 15:35:01,290 - WARNING - RealisticBacktester - Minimal execution confirmation showed low correspondence. 213 out of 216 non-zero signals had no corresponding trade attempts.
2026-06-12 15:35:02,232 - WARNING - RealisticBacktester - Data is too old: 2025-12-15 00:00:00 vs current time
2026-06-12 15:35:02,236 - WARNING - RealisticBacktester - Could not detect missing candles: Invalid frequency: 1H. Failed to parse with error message: ValueError("Invalid frequency: H. Failed to parse with error message: KeyError('H'). Did you mean h?")
2026-06-12 15:35:03,235 - WARNING - RealisticBacktester - Trade count validation issues for SOLUSDT
2026-06-12 15:35:03,238 - WARNING - RealisticBacktester -   - Low trade count: 0 < 3 expected for 3.0 months of SOLUSDT data (some strategies may legitimately have few trades)
2026-06-12 15:35:03,240 - WARNING - RealisticBacktester - Trade density validation issues:
2026-06-12 15:35:03,243 - WARNING - RealisticBacktester -   - Zero trades executed: 0 trades for 2185 data points. This may indicate a strategy that never generates signals or has overly restrictive conditions.
2026-06-12 15:35:03,246 - WARNING - RealisticBacktester - Zero trade strategy detected - this may be normal for some strategies
2026-06-12 15:35:03,249 - ERROR - RealisticBacktester - FAIL-FAST TRIGGERED: Zero trades executed over 1+ month period - rejecting from optimization
2026-06-12 15:35:03,337 - WARNING - RealisticBacktester - Data is too old: 2025-12-15 00:00:00 vs current time
2026-06-12 15:35:03,340 - WARNING - RealisticBacktester - Could not detect missing candles: Invalid frequency: 1H. Failed to parse with error message: ValueError("Invalid frequency: H. Failed to parse with error message: KeyError('H'). Did you mean h?")
2026-06-12 15:35:06,919 - WARNING - RealisticBacktester - Data is too old: 2025-12-15 00:00:00 vs current time
2026-06-12 15:35:06,923 - WARNING - RealisticBacktester - Could not detect missing candles: Invalid frequency: 1H. Failed to parse with error message: ValueError("Invalid frequency: H. Failed to parse with error message: KeyError('H'). Did you mean h?")
2026-06-12 15:35:07,971 - WARNING - RealisticBacktester - Trade count validation issues for SOLUSDT
2026-06-12 15:35:07,974 - WARNING - RealisticBacktester -   - Low trade count: 0 < 3 expected for 3.0 months of SOLUSDT data (some strategies may legitimately have few trades)
2026-06-12 15:35:07,977 - WARNING - RealisticBacktester - Trade density validation issues:
2026-06-12 15:35:07,979 - WARNING - RealisticBacktester -   - Zero trades executed: 0 trades for 2185 data points. This may indicate a strategy that never generates signals or has overly restrictive conditions.
2026-06-12 15:35:07,982 - WARNING - RealisticBacktester - Zero trade strategy detected - this may be normal for some strategies
2026-06-12 15:35:07,985 - ERROR - RealisticBacktester - FAIL-FAST TRIGGERED: Zero trades executed over 1+ month period - rejecting from optimization
2026-06-12 15:35:08,094 - WARNING - RealisticBacktester - Data is too old: 2026-03-15 00:00:00 vs current time
2026-06-12 15:35:08,097 - WARNING - RealisticBacktester - Could not detect missing candles: Invalid frequency: 1H. Failed to parse with error message: ValueError("Invalid frequency: H. Failed to parse with error message: KeyError('H'). Did you mean h?")
2026-06-12 15:35:08,771 - ERROR - RealisticBacktester - Signal-trade correspondence validation FAILED
2026-06-12 15:35:08,775 - ERROR - RealisticBacktester -   - Only 11/28 (39.3%) signals had corresponding trade attempts
2026-06-12 15:35:08,779 - WARNING - RealisticBacktester - Minimal execution confirmation showed low correspondence. 17 out of 28 non-zero signals had no corresponding trade attempts.

   Total Trades: 72
   Duration: 6.70s

✅ Backtest completed with validation
[64/144] S2 SOLUSDT scalping: DIRECTIONAL_NO_GO pnl=-146.20759768648702 tr=35
📈 Starting backtest process for strategy: breakout
   Symbols: ['SOLUSDT']
   Date Range: 2025-09-15 to 2025-12-15
   Initial Capital: $10,000.00
   Fee Rate: 0.100%
   Slippage Factor: 0.050%
   Timestamp: 2026-06-12 15:34:43

🔍 Backtesting breakout on SOLUSDT...
   Date range filter applied: 2025-09-15 to 2025-12-15, data range: 2025-09-15 to 2025-12-15, rows: 2185
   ❌ Error during backtest for SOLUSDT: Zero trade strategy detected during backtest.
  Duration: 91 days (3.0 months)
  Trades: 0
  Data points: 2185
  Symbol: SOLUSDT
  This may be normal for some strategies in certain market conditions.

📊 BACKTEST SUMMARY
   Strategy: breakout
   Symbols processed: 1
   Successful: 0
   Failed: 1
   Duration: 0.69s

✅ Backtest completed with validation
[65/144] S2 SOLUSDT breakout: error pnl=None tr=None
📈 Starting backtest process for strategy: liquidity
   Symbols: ['SOLUSDT']
   Date Range: 2025-09-15 to 2025-12-15
   Initial Capital: $10,000.00
   Fee Rate: 0.100%
   Slippage Factor: 0.050%
   Timestamp: 2026-06-12 15:34:44

🔍 Backtesting liquidity on SOLUSDT...
   Date range filter applied: 2025-09-15 to 2025-12-15, data range: 2025-09-15 to 2025-12-15, rows: 2185
   ✅ SOLUSDT backtest completed
      Return: -1.12%
      Sharpe: -0.27
      Max DD: -2.39%
      Trades: 21
      Signal Audit - Generated: 2185, Filtered: 0, Entries: 2185

📊 BACKTEST SUMMARY
   Strategy: liquidity
   Symbols processed: 1
   Successful: 1
   Failed: 0
   Average Return: -1.12%
   Average Sharpe: -0.27
   Average Max DD: -2.39%
   Average Win Rate: 14.29%
   Total Trades: 21
   Duration: 8.01s

✅ Backtest completed with validation
[66/144] S2 SOLUSDT liquidity: INSUFFICIENT_DATA pnl=-89.5089260802088 tr=10
📈 Starting backtest process for strategy: mtf_trend
   Symbols: ['SOLUSDT']
   Date Range: 2025-09-15 to 2025-12-15
   Initial Capital: $10,000.00
   Fee Rate: 0.100%
   Slippage Factor: 0.050%
   Timestamp: 2026-06-12 15:34:52

🔍 Backtesting mtf_trend on SOLUSDT...
   Date range filter applied: 2025-09-15 to 2025-12-15, data range: 2025-09-15 to 2025-12-15, rows: 2185
   ✅ SOLUSDT backtest completed
      Return: -6.10%
      Sharpe: -1.06
      Max DD: -6.98%
      Trades: 75
      Signal Audit - Generated: 2185, Filtered: 0, Entries: 2185

📊 BACKTEST SUMMARY
   Strategy: mtf_trend
   Symbols processed: 1
   Successful: 1
   Failed: 0
   Average Return: -6.10%
   Average Sharpe: -1.06
   Average Max DD: -6.98%
   Average Win Rate: 13.33%
   Total Trades: 75
   Duration: 3.13s

✅ Backtest completed with validation
[67/144] S2 SOLUSDT mtf_trend: DIRECTIONAL_NO_GO pnl=-535.0284812897476 tr=37
📈 Starting backtest process for strategy: oi_footprint
   Symbols: ['SOLUSDT']
   Date Range: 2025-09-15 to 2025-12-15
   Initial Capital: $10,000.00
   Fee Rate: 0.100%
   Slippage Factor: 0.050%
   Timestamp: 2026-06-12 15:34:55

🔍 Backtesting oi_footprint on SOLUSDT...
   Date range filter applied: 2025-09-15 to 2025-12-15, data range: 2025-09-15 to 2025-12-15, rows: 2185
   ✅ SOLUSDT backtest completed
      Return: 0.45%
      Sharpe: 0.09
      Max DD: -2.01%
      Trades: 45
      Signal Audit - Generated: 2185, Filtered: 0, Entries: 2185

📊 BACKTEST SUMMARY
   Strategy: oi_footprint
   Symbols processed: 1
   Successful: 1
   Failed: 0
   Average Return: 0.45%
   Average Sharpe: 0.09
   Average Max DD: -2.01%
   Average Win Rate: 22.22%
   Total Trades: 45
   Duration: 4.06s

✅ Backtest completed with validation
[68/144] S2 SOLUSDT oi_footprint: INSUFFICIENT_DATA pnl=91.5230074285595 tr=22
📈 Starting backtest process for strategy: sweep_scalper
   Symbols: ['SOLUSDT']
   Date Range: 2025-09-15 to 2025-12-15
   Initial Capital: $10,000.00
   Fee Rate: 0.100%
   Slippage Factor: 0.050%
   Timestamp: 2026-06-12 15:34:59

🔍 Backtesting sweep_scalper on SOLUSDT...
   Date range filter applied: 2025-09-15 to 2025-12-15, data range: 2025-09-15 to 2025-12-15, rows: 2185
   ✅ SOLUSDT backtest completed
      Return: -0.34%
      Sharpe: -0.52
      Max DD: -0.34%
      Trades: 4
      Signal Audit - Generated: 2185, Filtered: 0, Entries: 2185

📊 BACKTEST SUMMARY
   Strategy: sweep_scalper
   Symbols processed: 1
   Successful: 1
   Failed: 0
   Average Return: -0.34%
   Average Sharpe: -0.52
   Average Max DD: -0.34%
   Average Win Rate: 50.00%
   Total Trades: 4
   Duration: 2.39s

✅ Backtest completed with validation
[69/144] S2 SOLUSDT sweep_scalper: INSUFFICIENT_DATA pnl=-28.31303198439658 tr=1
📈 Starting backtest process for strategy: vwap_reversal
   Symbols: ['SOLUSDT']
   Date Range: 2025-09-15 to 2025-12-15
   Initial Capital: $10,000.00
   Fee Rate: 0.100%
   Slippage Factor: 0.050%
   Timestamp: 2026-06-12 15:35:02

🔍 Backtesting vwap_reversal on SOLUSDT...
   Date range filter applied: 2025-09-15 to 2025-12-15, data range: 2025-09-15 to 2025-12-15, rows: 2185
   ❌ Error during backtest for SOLUSDT: Zero trade strategy detected during backtest.
  Duration: 91 days (3.0 months)
  Trades: 0
  Data points: 2185
  Symbol: SOLUSDT
  This may be normal for some strategies in certain market conditions.

📊 BACKTEST SUMMARY
   Strategy: vwap_reversal
   Symbols processed: 1
   Successful: 0
   Failed: 1
   Duration: 1.09s

✅ Backtest completed with validation
[70/144] S2 SOLUSDT vwap_reversal: error pnl=None tr=None
📈 Starting backtest process for strategy: volatility_breakout
   Symbols: ['SOLUSDT']
   Date Range: 2025-09-15 to 2025-12-15
   Initial Capital: $10,000.00
   Fee Rate: 0.100%
   Slippage Factor: 0.050%
   Timestamp: 2026-06-12 15:35:03

🔍 Backtesting volatility_breakout on SOLUSDT...
   Date range filter applied: 2025-09-15 to 2025-12-15, data range: 2025-09-15 to 2025-12-15, rows: 2185
   ✅ SOLUSDT backtest completed
      Return: -0.77%
      Sharpe: -0.62
      Max DD: -0.77%
      Trades: 5
      Signal Audit - Generated: 2185, Filtered: 0, Entries: 2185

📊 BACKTEST SUMMARY
   Strategy: volatility_breakout
   Symbols processed: 1
   Successful: 1
   Failed: 0
   Average Return: -0.77%
   Average Sharpe: -0.62
   Average Max DD: -0.77%
   Average Win Rate: 0.00%
   Total Trades: 5
   Duration: 3.54s

✅ Backtest completed with validation
[71/144] S2 SOLUSDT volatility_breakout: INSUFFICIENT_DATA pnl=-70.69665290935275 tr=2
📈 Starting backtest process for strategy: crypto_breakout
   Symbols: ['SOLUSDT']
   Date Range: 2025-09-15 to 2025-12-15
   Initial Capital: $10,000.00
   Fee Rate: 0.100%
   Slippage Factor: 0.050%
   Timestamp: 2026-06-12 15:35:06

🔍 Backtesting crypto_breakout on SOLUSDT...
   Date range filter applied: 2025-09-15 to 2025-12-15, data range: 2025-09-15 to 2025-12-15, rows: 2185
   ❌ Error during backtest for SOLUSDT: Zero trade strategy detected during backtest.
  Duration: 91 days (3.0 months)
  Trades: 0
  Data points: 2185
  Symbol: SOLUSDT
  This may be normal for some strategies in certain market conditions.

📊 BACKTEST SUMMARY
   Strategy: crypto_breakout
   Symbols processed: 1
   Successful: 0
   Failed: 1
   Duration: 1.18s

✅ Backtest completed with validation
[72/144] S2 SOLUSDT crypto_breakout: error pnl=None tr=None
📈 Starting backtest process for strategy: trend_following
   Symbols: ['BTCUSDT']
   Date Range: 2025-12-15 to 2026-03-15
   Initial Capital: $10,000.00
   Fee Rate: 0.100%
   Slippage Factor: 0.050%
   Timestamp: 2026-06-12 15:35:07

🔍 Backtesting trend_following on BTCUSDT...
   Date range filter applied: 2025-12-15 to 2026-03-15, data range: 2025-12-15 to 2026-03-15, rows: 2161
   ✅ BTCUSDT backtest completed
      Return: -0.18%
      Sharpe: -0.08
      Max DD: -1.05%
      Trades: 21
      Signal Audit - Generated: 2161, Filtered: 0, Entries: 2161

📊 BACKTEST SUMMARY
   Strategy: trend_following
   Symbols processed: 1
   Successful: 1
   Failed: 0
   Average Return: -0.18%
   Average Sharpe: -0.08
   Average Max DD: -1.05%
   Average Win Rate: 23.81%
   Total Trades: 21
   Duration: 1.81s

✅ Backtest completed with validation2026-06-12 15:35:09,895 - WARNING - RealisticBacktester - Data is too old: 2026-03-15 00:00:00 vs current time
2026-06-12 15:35:09,899 - WARNING - RealisticBacktester - Could not detect missing candles: Invalid frequency: 1H. Failed to parse with error message: ValueError("Invalid frequency: H. Failed to parse with error message: KeyError('H'). Did you mean h?")
2026-06-12 15:35:11,073 - WARNING - RealisticBacktester - Trade count validation issues for BTCUSDT
2026-06-12 15:35:11,076 - WARNING - RealisticBacktester -   - Low trade count: 0 < 3 expected for 3.0 months of BTCUSDT data (some strategies may legitimately have few trades)
2026-06-12 15:35:11,079 - WARNING - RealisticBacktester - Trade density validation issues:
2026-06-12 15:35:11,082 - WARNING - RealisticBacktester -   - Zero trades executed: 0 trades for 2161 data points. This may indicate a strategy that never generates signals or has overly restrictive conditions.
2026-06-12 15:35:11,085 - WARNING - RealisticBacktester - Zero trade strategy detected - this may be normal for some strategies
2026-06-12 15:35:11,088 - ERROR - RealisticBacktester - FAIL-FAST TRIGGERED: Zero trades executed over 1+ month period - rejecting from optimization
2026-06-12 15:35:11,243 - WARNING - RealisticBacktester - Data is too old: 2026-03-15 00:00:00 vs current time
2026-06-12 15:35:11,246 - WARNING - RealisticBacktester - Could not detect missing candles: Invalid frequency: 1H. Failed to parse with error message: ValueError("Invalid frequency: H. Failed to parse with error message: KeyError('H'). Did you mean h?")
2026-06-12 15:35:12,293 - ERROR - RealisticBacktester - Signal-trade correspondence validation FAILED
2026-06-12 15:35:12,297 - ERROR - RealisticBacktester -   - Only 34/68 (50.0%) signals had corresponding trade attempts
2026-06-12 15:35:12,301 - WARNING - RealisticBacktester - Minimal execution confirmation showed low correspondence. 34 out of 68 non-zero signals had no corresponding trade attempts.
2026-06-12 15:35:13,119 - WARNING - RealisticBacktester - Data is too old: 2026-03-15 00:00:00 vs current time
2026-06-12 15:35:13,123 - WARNING - RealisticBacktester - Could not detect missing candles: Invalid frequency: 1H. Failed to parse with error message: ValueError("Invalid frequency: H. Failed to parse with error message: KeyError('H'). Did you mean h?")
2026-06-12 15:35:16,848 - ERROR - RealisticBacktester - Signal-trade correspondence validation FAILED
2026-06-12 15:35:16,852 - ERROR - RealisticBacktester -   - Only 34/80 (42.5%) signals had corresponding trade attempts
2026-06-12 15:35:16,854 - WARNING - RealisticBacktester - Minimal execution confirmation showed low correspondence. 46 out of 80 non-zero signals had no corresponding trade attempts.
2026-06-12 15:35:20,656 - WARNING - RealisticBacktester - Data is too old: 2026-03-15 00:00:00 vs current time
2026-06-12 15:35:20,661 - WARNING - RealisticBacktester - Could not detect missing candles: Invalid frequency: 1H. Failed to parse with error message: ValueError("Invalid frequency: H. Failed to parse with error message: KeyError('H'). Did you mean h?")
2026-06-12 15:35:21,500 - WARNING - RealisticBacktester - Trade count validation issues for BTCUSDT
2026-06-12 15:35:21,505 - WARNING - RealisticBacktester -   - Low trade count: 0 < 3 expected for 3.0 months of BTCUSDT data (some strategies may legitimately have few trades)
2026-06-12 15:35:21,508 - WARNING - RealisticBacktester - Trade density validation issues:
2026-06-12 15:35:21,511 - WARNING - RealisticBacktester -   - Zero trades executed: 0 trades for 2161 data points. This may indicate a strategy that never generates signals or has overly restrictive conditions.
2026-06-12 15:35:21,515 - WARNING - RealisticBacktester - Zero trade strategy detected - this may be normal for some strategies
2026-06-12 15:35:21,519 - ERROR - RealisticBacktester - FAIL-FAST TRIGGERED: Zero trades executed over 1+ month period - rejecting from optimization
2026-06-12 15:35:21,637 - WARNING - RealisticBacktester - Data is too old: 2026-03-15 00:00:00 vs current time
2026-06-12 15:35:21,641 - WARNING - RealisticBacktester - Could not detect missing candles: Invalid frequency: 1H. Failed to parse with error message: ValueError("Invalid frequency: H. Failed to parse with error message: KeyError('H'). Did you mean h?")
2026-06-12 15:35:25,778 - ERROR - RealisticBacktester - Signal-trade correspondence validation FAILED
2026-06-12 15:35:25,782 - ERROR - RealisticBacktester -   - Only 6/14 (42.9%) signals had corresponding trade attempts
2026-06-12 15:35:25,785 - WARNING - RealisticBacktester - Minimal execution confirmation showed low correspondence. 8 out of 14 non-zero signals had no corresponding trade attempts.
2026-06-12 15:35:32,395 - WARNING - RealisticBacktester - Data is too old: 2026-03-15 00:00:00 vs current time
2026-06-12 15:35:32,398 - WARNING - RealisticBacktester - Could not detect missing candles: Invalid frequency: 1H. Failed to parse with error message: ValueError("Invalid frequency: H. Failed to parse with error message: KeyError('H'). Did you mean h?")
2026-06-12 15:35:34,031 - ERROR - RealisticBacktester - Signal-trade correspondence validation FAILED
2026-06-12 15:35:34,034 - ERROR - RealisticBacktester -   - Only 43/112 (38.4%) signals had corresponding trade attempts
2026-06-12 15:35:34,038 - WARNING - RealisticBacktester - Minimal execution confirmation showed low correspondence. 69 out of 112 non-zero signals had no corresponding trade attempts.
2026-06-12 15:35:35,537 - WARNING - RealisticBacktester - Data is too old: 2026-03-15 00:00:00 vs current time
2026-06-12 15:35:35,540 - WARNING - RealisticBacktester - Could not detect missing candles: Invalid frequency: 1H. Failed to parse with error message: ValueError("Invalid frequency: H. Failed to parse with error message: KeyError('H'). Did you mean h?")
2026-06-12 15:35:36,877 - ERROR - RealisticBacktester - Signal-trade correspondence validation FAILED
2026-06-12 15:35:36,880 - ERROR - RealisticBacktester -   - Only 24/46 (52.2%) signals had corresponding trade attempts
2026-06-12 15:35:36,883 - WARNING - RealisticBacktester - Minimal execution confirmation showed low correspondence. 22 out of 46 non-zero signals had no corresponding trade attempts.
2026-06-12 15:35:38,287 - WARNING - RealisticBacktester - Data is too old: 2026-03-15 00:00:00 vs current time
2026-06-12 15:35:38,291 - WARNING - RealisticBacktester - Could not detect missing candles: Invalid frequency: 1H. Failed to parse with error message: ValueError("Invalid frequency: H. Failed to parse with error message: KeyError('H'). Did you mean h?")
2026-06-12 15:35:39,259 - ERROR - RealisticBacktester - Signal-trade correspondence validation FAILED
2026-06-12 15:35:39,263 - ERROR - RealisticBacktester -   - Only 11/217 (5.1%) signals had corresponding trade attempts
2026-06-12 15:35:39,266 - WARNING - RealisticBacktester - Minimal execution confirmation showed low correspondence. 206 out of 217 non-zero signals had no corresponding trade attempts.
2026-06-12 15:35:39,723 - WARNING - RealisticBacktester - Data is too old: 2026-03-15 00:00:00 vs current time
2026-06-12 15:35:39,727 - WARNING - RealisticBacktester - Could not detect missing candles: Invalid frequency: 1H. Failed to parse with error message: ValueError("Invalid frequency: H. Failed to parse with error message: KeyError('H'). Did you mean h?")
2026-06-12 15:35:40,905 - WARNING - RealisticBacktester - Trade count validation issues for BTCUSDT
2026-06-12 15:35:40,908 - WARNING - RealisticBacktester -   - Low trade count: 0 < 3 expected for 3.0 months of BTCUSDT data (some strategies may legitimately have few trades)
2026-06-12 15:35:40,912 - WARNING - RealisticBacktester - Trade density validation issues:
2026-06-12 15:35:40,915 - WARNING - RealisticBacktester -   - Zero trades executed: 0 trades for 2161 data points. This may indicate a strategy that never generates signals or has overly restrictive conditions.
2026-06-12 15:35:40,919 - WARNING - RealisticBacktester - Zero trade strategy detected - this may be normal for some strategies
2026-06-12 15:35:40,922 - ERROR - RealisticBacktester - FAIL-FAST TRIGGERED: Zero trades executed over 1+ month period - rejecting from optimization

[73/144] S3 BTCUSDT trend_following: INSUFFICIENT_DATA pnl=3.949279689675599 tr=10
📈 Starting backtest process for strategy: mean_reversion
   Symbols: ['BTCUSDT']
   Date Range: 2025-12-15 to 2026-03-15
   Initial Capital: $10,000.00
   Fee Rate: 0.100%
   Slippage Factor: 0.050%
   Timestamp: 2026-06-12 15:35:09

🔍 Backtesting mean_reversion on BTCUSDT...
   Date range filter applied: 2025-12-15 to 2026-03-15, data range: 2025-12-15 to 2026-03-15, rows: 2161
   ❌ Error during backtest for BTCUSDT: Zero trade strategy detected during backtest.
  Duration: 90 days (3.0 months)
  Trades: 0
  Data points: 2161
  Symbol: BTCUSDT
  This may be normal for some strategies in certain market conditions.

📊 BACKTEST SUMMARY
   Strategy: mean_reversion
   Symbols processed: 1
   Successful: 0
   Failed: 1
   Duration: 1.27s

✅ Backtest completed with validation
[74/144] S3 BTCUSDT mean_reversion: error pnl=None tr=None
📈 Starting backtest process for strategy: momentum
   Symbols: ['BTCUSDT']
   Date Range: 2025-12-15 to 2026-03-15
   Initial Capital: $10,000.00
   Fee Rate: 0.100%
   Slippage Factor: 0.050%
   Timestamp: 2026-06-12 15:35:11

🔍 Backtesting momentum on BTCUSDT...
   Date range filter applied: 2025-12-15 to 2026-03-15, data range: 2025-12-15 to 2026-03-15, rows: 2161
   ✅ BTCUSDT backtest completed
      Return: 1.57%
      Sharpe: 0.28
      Max DD: -2.33%
      Trades: 65
      Signal Audit - Generated: 2161, Filtered: 0, Entries: 2161

📊 BACKTEST SUMMARY
   Strategy: momentum
   Symbols processed: 1
   Successful: 1
   Failed: 0
   Average Return: 1.57%
   Average Sharpe: 0.28
   Average Max DD: -2.33%
   Average Win Rate: 23.08%
   Total Trades: 65
   Duration: 1.89s

✅ Backtest completed with validation
[75/144] S3 BTCUSDT momentum: INSUFFICIENT_DATA pnl=223.10236720328479 tr=32
📈 Starting backtest process for strategy: scalping
   Symbols: ['BTCUSDT']
   Date Range: 2025-12-15 to 2026-03-15
   Initial Capital: $10,000.00
   Fee Rate: 0.100%
   Slippage Factor: 0.050%
   Timestamp: 2026-06-12 15:35:13

🔍 Backtesting scalping on BTCUSDT...
   Date range filter applied: 2025-12-15 to 2026-03-15, data range: 2025-12-15 to 2026-03-15, rows: 2161
   ✅ BTCUSDT backtest completed
      Return: -1.42%
      Sharpe: -0.29
      Max DD: -2.46%
      Trades: 65
      Signal Audit - Generated: 2161, Filtered: 0, Entries: 2161

📊 BACKTEST SUMMARY
   Strategy: scalping
   Symbols processed: 1
   Successful: 1
   Failed: 0
   Average Return: -1.42%
   Average Sharpe: -0.29
   Average Max DD: -2.46%
   Average Win Rate: 20.00%
   Total Trades: 65
   Duration: 7.50s

✅ Backtest completed with validation
[76/144] S3 BTCUSDT scalping: INSUFFICIENT_DATA pnl=-76.52766804181982 tr=32
📈 Starting backtest process for strategy: breakout
   Symbols: ['BTCUSDT']
   Date Range: 2025-12-15 to 2026-03-15
   Initial Capital: $10,000.00
   Fee Rate: 0.100%
   Slippage Factor: 0.050%
   Timestamp: 2026-06-12 15:35:20

🔍 Backtesting breakout on BTCUSDT...
   Date range filter applied: 2025-12-15 to 2026-03-15, data range: 2025-12-15 to 2026-03-15, rows: 2161
   ❌ Error during backtest for BTCUSDT: Zero trade strategy detected during backtest.
  Duration: 90 days (3.0 months)
  Trades: 0
  Data points: 2161
  Symbol: BTCUSDT
  This may be normal for some strategies in certain market conditions.

📊 BACKTEST SUMMARY
   Strategy: breakout
   Symbols processed: 1
   Successful: 0
   Failed: 1
   Duration: 0.99s

✅ Backtest completed with validation
[77/144] S3 BTCUSDT breakout: error pnl=None tr=None
📈 Starting backtest process for strategy: liquidity
   Symbols: ['BTCUSDT']
   Date Range: 2025-12-15 to 2026-03-15
   Initial Capital: $10,000.00
   Fee Rate: 0.100%
   Slippage Factor: 0.050%
   Timestamp: 2026-06-12 15:35:21

🔍 Backtesting liquidity on BTCUSDT...
   Date range filter applied: 2025-12-15 to 2026-03-15, data range: 2025-12-15 to 2026-03-15, rows: 2161
   ✅ BTCUSDT backtest completed
      Return: -1.38%
      Sharpe: -0.94
      Max DD: -1.38%
      Trades: 11
      Signal Audit - Generated: 2161, Filtered: 0, Entries: 2161

📊 BACKTEST SUMMARY
   Strategy: liquidity
   Symbols processed: 1
   Successful: 1
   Failed: 0
   Average Return: -1.38%
   Average Sharpe: -0.94
   Average Max DD: -1.38%
   Average Win Rate: 0.00%
   Total Trades: 11
   Duration: 10.75s

✅ Backtest completed with validation
[78/144] S3 BTCUSDT liquidity: INSUFFICIENT_DATA pnl=-125.99867388442391 tr=5
📈 Starting backtest process for strategy: mtf_trend
   Symbols: ['BTCUSDT']
   Date Range: 2025-12-15 to 2026-03-15
   Initial Capital: $10,000.00
   Fee Rate: 0.100%
   Slippage Factor: 0.050%
   Timestamp: 2026-06-12 15:35:32

🔍 Backtesting mtf_trend on BTCUSDT...
   Date range filter applied: 2025-12-15 to 2026-03-15, data range: 2025-12-15 to 2026-03-15, rows: 2161
   ✅ BTCUSDT backtest completed
      Return: -1.64%
      Sharpe: -0.34
      Max DD: -3.77%
      Trades: 85
      Signal Audit - Generated: 2161, Filtered: 0, Entries: 2161

📊 BACKTEST SUMMARY
   Strategy: mtf_trend
   Symbols processed: 1
   Successful: 1
   Failed: 0
   Average Return: -1.64%
   Average Sharpe: -0.34
   Average Max DD: -3.77%
   Average Win Rate: 18.82%
   Total Trades: 85
   Duration: 3.14s

✅ Backtest completed with validation
[79/144] S3 BTCUSDT mtf_trend: NO_GO pnl=-79.13813033629435 tr=42
📈 Starting backtest process for strategy: oi_footprint
   Symbols: ['BTCUSDT']
   Date Range: 2025-12-15 to 2026-03-15
   Initial Capital: $10,000.00
   Fee Rate: 0.100%
   Slippage Factor: 0.050%
   Timestamp: 2026-06-12 15:35:35

🔍 Backtesting oi_footprint on BTCUSDT...
   Date range filter applied: 2025-12-15 to 2026-03-15, data range: 2025-12-15 to 2026-03-15, rows: 2161
   ✅ BTCUSDT backtest completed
      Return: -0.54%
      Sharpe: -0.16
      Max DD: -1.85%
      Trades: 47
      Signal Audit - Generated: 2161, Filtered: 0, Entries: 2161

📊 BACKTEST SUMMARY
   Strategy: oi_footprint
   Symbols processed: 1
   Successful: 1
   Failed: 0
   Average Return: -0.54%
   Average Sharpe: -0.16
   Average Max DD: -1.85%
   Average Win Rate: 23.40%
   Total Trades: 47
   Duration: 2.71s

✅ Backtest completed with validation
[80/144] S3 BTCUSDT oi_footprint: INSUFFICIENT_DATA pnl=-6.286633375016365 tr=23
📈 Starting backtest process for strategy: sweep_scalper
   Symbols: ['BTCUSDT']
   Date Range: 2025-12-15 to 2026-03-15
   Initial Capital: $10,000.00
   Fee Rate: 0.100%
   Slippage Factor: 0.050%
   Timestamp: 2026-06-12 15:35:38

🔍 Backtesting sweep_scalper on BTCUSDT...
   Date range filter applied: 2025-12-15 to 2026-03-15, data range: 2025-12-15 to 2026-03-15, rows: 2161
   ✅ BTCUSDT backtest completed
      Return: 0.91%
      Sharpe: 0.43
      Max DD: -0.50%
      Trades: 19
      Signal Audit - Generated: 2161, Filtered: 0, Entries: 2161

📊 BACKTEST SUMMARY
   Strategy: sweep_scalper
   Symbols processed: 1
   Successful: 1
   Failed: 0
   Average Return: 0.91%
   Average Sharpe: 0.43
   Average Max DD: -0.50%
   Average Win Rate: 26.32%
   Total Trades: 19
   Duration: 2.00s

✅ Backtest completed with validation
[81/144] S3 BTCUSDT sweep_scalper: INSUFFICIENT_DATA pnl=113.29600341951411 tr=8
📈 Starting backtest process for strategy: vwap_reversal
   Symbols: ['BTCUSDT']
   Date Range: 2025-12-15 to 2026-03-15
   Initial Capital: $10,000.00
   Fee Rate: 0.100%
   Slippage Factor: 0.050%
   Timestamp: 2026-06-12 15:35:40

🔍 Backtesting vwap_reversal on BTCUSDT...
   Date range filter applied: 2025-12-15 to 2026-03-15, data range: 2025-12-15 to 2026-03-15, rows: 2161
   ❌ Error during backtest for BTCUSDT: Zero trade strategy detected during backtest.
  Duration: 90 days (3.0 months)
  Trades: 0
  Data points: 2161
  Symbol: BTCUSDT
  This may be normal for some strategies in certain market conditions.

📊 BACKTEST SUMMARY
   Strategy: vwap_reversal
   Symbols processed: 1
   Successful: 0
   Failed: 1
   Duration: 0.73s

✅ Backtest completed with validation
[82/144] S3 BTCUSDT vwap_reversal: error pnl=None tr=None
📈 Starting backtest process for strategy: volatility_breakout
   Symbols: ['BTCUSDT']2026-06-12 15:35:41,053 - WARNING - RealisticBacktester - Data is too old: 2026-03-15 00:00:00 vs current time
2026-06-12 15:35:41,057 - WARNING - RealisticBacktester - Could not detect missing candles: Invalid frequency: 1H. Failed to parse with error message: ValueError("Invalid frequency: H. Failed to parse with error message: KeyError('H'). Did you mean h?")
2026-06-12 15:35:42,481 - ERROR - RealisticBacktester - Signal-trade correspondence validation FAILED
2026-06-12 15:35:42,485 - ERROR - RealisticBacktester -   - Only 3/4 (75.0%) signals had corresponding trade attempts
2026-06-12 15:35:42,489 - WARNING - RealisticBacktester - Minimal execution confirmation showed low correspondence. 1 out of 4 non-zero signals had no corresponding trade attempts.
2026-06-12 15:35:43,718 - WARNING - RealisticBacktester - Data is too old: 2026-03-15 00:00:00 vs current time
2026-06-12 15:35:43,722 - WARNING - RealisticBacktester - Could not detect missing candles: Invalid frequency: 1H. Failed to parse with error message: ValueError("Invalid frequency: H. Failed to parse with error message: KeyError('H'). Did you mean h?")
2026-06-12 15:35:44,352 - WARNING - RealisticBacktester - Trade count validation issues for BTCUSDT
2026-06-12 15:35:44,356 - WARNING - RealisticBacktester -   - Low trade count: 0 < 3 expected for 3.0 months of BTCUSDT data (some strategies may legitimately have few trades)
2026-06-12 15:35:44,360 - WARNING - RealisticBacktester - Trade density validation issues:
2026-06-12 15:35:44,363 - WARNING - RealisticBacktester -   - Zero trades executed: 0 trades for 2161 data points. This may indicate a strategy that never generates signals or has overly restrictive conditions.
2026-06-12 15:35:44,367 - WARNING - RealisticBacktester - Zero trade strategy detected - this may be normal for some strategies
2026-06-12 15:35:44,370 - ERROR - RealisticBacktester - FAIL-FAST TRIGGERED: Zero trades executed over 1+ month period - rejecting from optimization
2026-06-12 15:35:44,492 - WARNING - RealisticBacktester - Data is too old: 2026-03-15 00:00:00 vs current time
2026-06-12 15:35:44,496 - WARNING - RealisticBacktester - Could not detect missing candles: Invalid frequency: 1H. Failed to parse with error message: ValueError("Invalid frequency: H. Failed to parse with error message: KeyError('H'). Did you mean h?")
2026-06-12 15:35:45,405 - ERROR - RealisticBacktester - Signal-trade correspondence validation FAILED
2026-06-12 15:35:45,408 - ERROR - RealisticBacktester -   - Only 14/32 (43.8%) signals had corresponding trade attempts
2026-06-12 15:35:45,411 - WARNING - RealisticBacktester - Minimal execution confirmation showed low correspondence. 18 out of 32 non-zero signals had no corresponding trade attempts.
2026-06-12 15:35:46,171 - WARNING - RealisticBacktester - Data is too old: 2026-03-15 00:00:00 vs current time
2026-06-12 15:35:46,175 - WARNING - RealisticBacktester - Could not detect missing candles: Invalid frequency: 1H. Failed to parse with error message: ValueError("Invalid frequency: H. Failed to parse with error message: KeyError('H'). Did you mean h?")
2026-06-12 15:35:47,142 - WARNING - RealisticBacktester - Trade count validation issues for ETHUSDT
2026-06-12 15:35:47,145 - WARNING - RealisticBacktester -   - Low trade count: 0 < 3 expected for 3.0 months of ETHUSDT data (some strategies may legitimately have few trades)
2026-06-12 15:35:47,149 - WARNING - RealisticBacktester - Trade density validation issues:
2026-06-12 15:35:47,152 - WARNING - RealisticBacktester -   - Zero trades executed: 0 trades for 2161 data points. This may indicate a strategy that never generates signals or has overly restrictive conditions.
2026-06-12 15:35:47,154 - WARNING - RealisticBacktester - Zero trade strategy detected - this may be normal for some strategies
2026-06-12 15:35:47,157 - ERROR - RealisticBacktester - FAIL-FAST TRIGGERED: Zero trades executed over 1+ month period - rejecting from optimization
2026-06-12 15:35:47,243 - WARNING - RealisticBacktester - Data is too old: 2026-03-15 00:00:00 vs current time
2026-06-12 15:35:47,247 - WARNING - RealisticBacktester - Could not detect missing candles: Invalid frequency: 1H. Failed to parse with error message: ValueError("Invalid frequency: H. Failed to parse with error message: KeyError('H'). Did you mean h?")
2026-06-12 15:35:47,975 - ERROR - RealisticBacktester - Signal-trade correspondence validation FAILED
2026-06-12 15:35:47,979 - ERROR - RealisticBacktester -   - Only 48/95 (50.5%) signals had corresponding trade attempts
2026-06-12 15:35:47,982 - WARNING - RealisticBacktester - Minimal execution confirmation showed low correspondence. 47 out of 95 non-zero signals had no corresponding trade attempts.
2026-06-12 15:35:48,578 - WARNING - RealisticBacktester - Data is too old: 2026-03-15 00:00:00 vs current time
2026-06-12 15:35:48,582 - WARNING - RealisticBacktester - Could not detect missing candles: Invalid frequency: 1H. Failed to parse with error message: ValueError("Invalid frequency: H. Failed to parse with error message: KeyError('H'). Did you mean h?")
2026-06-12 15:35:50,683 - ERROR - RealisticBacktester - Signal-trade correspondence validation FAILED
2026-06-12 15:35:50,688 - ERROR - RealisticBacktester -   - Only 38/81 (46.9%) signals had corresponding trade attempts
2026-06-12 15:35:50,691 - WARNING - RealisticBacktester - Minimal execution confirmation showed low correspondence. 43 out of 81 non-zero signals had no corresponding trade attempts.
2026-06-12 15:35:52,979 - WARNING - RealisticBacktester - Data is too old: 2026-03-15 00:00:00 vs current time
2026-06-12 15:35:52,983 - WARNING - RealisticBacktester - Could not detect missing candles: Invalid frequency: 1H. Failed to parse with error message: ValueError("Invalid frequency: H. Failed to parse with error message: KeyError('H'). Did you mean h?")
2026-06-12 15:35:53,566 - WARNING - RealisticBacktester - Trade count validation issues for ETHUSDT
2026-06-12 15:35:53,569 - WARNING - RealisticBacktester -   - Low trade count: 0 < 3 expected for 3.0 months of ETHUSDT data (some strategies may legitimately have few trades)
2026-06-12 15:35:53,573 - WARNING - RealisticBacktester - Trade density validation issues:
2026-06-12 15:35:53,576 - WARNING - RealisticBacktester -   - Zero trades executed: 0 trades for 2161 data points. This may indicate a strategy that never generates signals or has overly restrictive conditions.
2026-06-12 15:35:53,579 - WARNING - RealisticBacktester - Zero trade strategy detected - this may be normal for some strategies
2026-06-12 15:35:53,583 - ERROR - RealisticBacktester - FAIL-FAST TRIGGERED: Zero trades executed over 1+ month period - rejecting from optimization
2026-06-12 15:35:53,682 - WARNING - RealisticBacktester - Data is too old: 2026-03-15 00:00:00 vs current time
2026-06-12 15:35:53,687 - WARNING - RealisticBacktester - Could not detect missing candles: Invalid frequency: 1H. Failed to parse with error message: ValueError("Invalid frequency: H. Failed to parse with error message: KeyError('H'). Did you mean h?")
2026-06-12 15:35:56,525 - ERROR - RealisticBacktester - Signal-trade correspondence validation FAILED
2026-06-12 15:35:56,529 - ERROR - RealisticBacktester -   - Only 11/18 (61.1%) signals had corresponding trade attempts
2026-06-12 15:35:56,533 - WARNING - RealisticBacktester - Minimal execution confirmation showed low correspondence. 7 out of 18 non-zero signals had no corresponding trade attempts.
2026-06-12 15:36:01,266 - WARNING - RealisticBacktester - Data is too old: 2026-03-15 00:00:00 vs current time
2026-06-12 15:36:01,271 - WARNING - RealisticBacktester - Could not detect missing candles: Invalid frequency: 1H. Failed to parse with error message: ValueError("Invalid frequency: H. Failed to parse with error message: KeyError('H'). Did you mean h?")
2026-06-12 15:36:02,467 - ERROR - RealisticBacktester - Signal-trade correspondence validation FAILED
2026-06-12 15:36:02,471 - ERROR - RealisticBacktester -   - Only 49/125 (39.2%) signals had corresponding trade attempts
2026-06-12 15:36:02,474 - WARNING - RealisticBacktester - Minimal execution confirmation showed low correspondence. 76 out of 125 non-zero signals had no corresponding trade attempts.

   Date Range: 2025-12-15 to 2026-03-15
   Initial Capital: $10,000.00
   Fee Rate: 0.100%
   Slippage Factor: 0.050%
   Timestamp: 2026-06-12 15:35:40

🔍 Backtesting volatility_breakout on BTCUSDT...
   Date range filter applied: 2025-12-15 to 2026-03-15, data range: 2025-12-15 to 2026-03-15, rows: 2161
   ✅ BTCUSDT backtest completed
      Return: -0.18%
      Sharpe: -0.30
      Max DD: -0.25%
      Trades: 5
      Signal Audit - Generated: 2161, Filtered: 0, Entries: 2161

📊 BACKTEST SUMMARY
   Strategy: volatility_breakout
   Symbols processed: 1
   Successful: 1
   Failed: 0
   Average Return: -0.18%
   Average Sharpe: -0.30
   Average Max DD: -0.25%
   Average Win Rate: 20.00%
   Total Trades: 5
   Duration: 2.67s

✅ Backtest completed with validation
[83/144] S3 BTCUSDT volatility_breakout: INSUFFICIENT_DATA pnl=-11.657668854237773 tr=2
📈 Starting backtest process for strategy: crypto_breakout
   Symbols: ['BTCUSDT']
   Date Range: 2025-12-15 to 2026-03-15
   Initial Capital: $10,000.00
   Fee Rate: 0.100%
   Slippage Factor: 0.050%
   Timestamp: 2026-06-12 15:35:43

🔍 Backtesting crypto_breakout on BTCUSDT...
   Date range filter applied: 2025-12-15 to 2026-03-15, data range: 2025-12-15 to 2026-03-15, rows: 2161
   ❌ Error during backtest for BTCUSDT: Zero trade strategy detected during backtest.
  Duration: 90 days (3.0 months)
  Trades: 0
  Data points: 2161
  Symbol: BTCUSDT
  This may be normal for some strategies in certain market conditions.

📊 BACKTEST SUMMARY
   Strategy: crypto_breakout
   Symbols processed: 1
   Successful: 0
   Failed: 1
   Duration: 0.75s

✅ Backtest completed with validation
[84/144] S3 BTCUSDT crypto_breakout: error pnl=None tr=None
📈 Starting backtest process for strategy: trend_following
   Symbols: ['ETHUSDT']
   Date Range: 2025-12-15 to 2026-03-15
   Initial Capital: $10,000.00
   Fee Rate: 0.100%
   Slippage Factor: 0.050%
   Timestamp: 2026-06-12 15:35:44

🔍 Backtesting trend_following on ETHUSDT...
   Date range filter applied: 2025-12-15 to 2026-03-15, data range: 2025-12-15 to 2026-03-15, rows: 2161
   ✅ ETHUSDT backtest completed
      Return: -0.22%
      Sharpe: -0.07
      Max DD: -0.93%
      Trades: 27
      Signal Audit - Generated: 2161, Filtered: 0, Entries: 2161

📊 BACKTEST SUMMARY
   Strategy: trend_following
   Symbols processed: 1
   Successful: 1
   Failed: 0
   Average Return: -0.22%
   Average Sharpe: -0.07
   Average Max DD: -0.93%
   Average Win Rate: 22.22%
   Total Trades: 27
   Duration: 1.69s

✅ Backtest completed with validation
[85/144] S3 ETHUSDT trend_following: INSUFFICIENT_DATA pnl=5.719685939932177 tr=13
📈 Starting backtest process for strategy: mean_reversion
   Symbols: ['ETHUSDT']
   Date Range: 2025-12-15 to 2026-03-15
   Initial Capital: $10,000.00
   Fee Rate: 0.100%
   Slippage Factor: 0.050%
   Timestamp: 2026-06-12 15:35:46

🔍 Backtesting mean_reversion on ETHUSDT...
   Date range filter applied: 2025-12-15 to 2026-03-15, data range: 2025-12-15 to 2026-03-15, rows: 2161
   ❌ Error during backtest for ETHUSDT: Zero trade strategy detected during backtest.
  Duration: 90 days (3.0 months)
  Trades: 0
  Data points: 2161
  Symbol: ETHUSDT
  This may be normal for some strategies in certain market conditions.

📊 BACKTEST SUMMARY
   Strategy: mean_reversion
   Symbols processed: 1
   Successful: 0
   Failed: 1
   Duration: 1.07s

✅ Backtest completed with validation
[86/144] S3 ETHUSDT mean_reversion: error pnl=None tr=None
📈 Starting backtest process for strategy: momentum
   Symbols: ['ETHUSDT']
   Date Range: 2025-12-15 to 2026-03-15
   Initial Capital: $10,000.00
   Fee Rate: 0.100%
   Slippage Factor: 0.050%
   Timestamp: 2026-06-12 15:35:47

🔍 Backtesting momentum on ETHUSDT...
   Date range filter applied: 2025-12-15 to 2026-03-15, data range: 2025-12-15 to 2026-03-15, rows: 2161
   ✅ ETHUSDT backtest completed
      Return: -1.79%
      Sharpe: -0.18
      Max DD: -6.35%
      Trades: 95
      Signal Audit - Generated: 2161, Filtered: 0, Entries: 2161

📊 BACKTEST SUMMARY
   Strategy: momentum
   Symbols processed: 1
   Successful: 1
   Failed: 0
   Average Return: -1.79%
   Average Sharpe: -0.18
   Average Max DD: -6.35%
   Average Win Rate: 17.89%
   Total Trades: 95
   Duration: 1.32s

✅ Backtest completed with validation
[87/144] S3 ETHUSDT momentum: INSUFFICIENT_DATA pnl=-84.6159923688374 tr=47
📈 Starting backtest process for strategy: scalping
   Symbols: ['ETHUSDT']
   Date Range: 2025-12-15 to 2026-03-15
   Initial Capital: $10,000.00
   Fee Rate: 0.100%
   Slippage Factor: 0.050%
   Timestamp: 2026-06-12 15:35:48

🔍 Backtesting scalping on ETHUSDT...
   Date range filter applied: 2025-12-15 to 2026-03-15, data range: 2025-12-15 to 2026-03-15, rows: 2161
   ✅ ETHUSDT backtest completed
      Return: -4.79%
      Sharpe: -0.67
      Max DD: -5.81%
      Trades: 73
      Signal Audit - Generated: 2161, Filtered: 0, Entries: 2161

📊 BACKTEST SUMMARY
   Strategy: scalping
   Symbols processed: 1
   Successful: 1
   Failed: 0
   Average Return: -4.79%
   Average Sharpe: -0.67
   Average Max DD: -5.81%
   Average Win Rate: 16.44%
   Total Trades: 73
   Duration: 4.38s

✅ Backtest completed with validation
[88/144] S3 ETHUSDT scalping: INSUFFICIENT_DATA pnl=-406.46425843854263 tr=36
📈 Starting backtest process for strategy: breakout
   Symbols: ['ETHUSDT']
   Date Range: 2025-12-15 to 2026-03-15
   Initial Capital: $10,000.00
   Fee Rate: 0.100%
   Slippage Factor: 0.050%
   Timestamp: 2026-06-12 15:35:52

🔍 Backtesting breakout on ETHUSDT...
   Date range filter applied: 2025-12-15 to 2026-03-15, data range: 2025-12-15 to 2026-03-15, rows: 2161
   ❌ Error during backtest for ETHUSDT: Zero trade strategy detected during backtest.
  Duration: 90 days (3.0 months)
  Trades: 0
  Data points: 2161
  Symbol: ETHUSDT
  This may be normal for some strategies in certain market conditions.

📊 BACKTEST SUMMARY
   Strategy: breakout
   Symbols processed: 1
   Successful: 0
   Failed: 1
   Duration: 0.69s

✅ Backtest completed with validation
[89/144] S3 ETHUSDT breakout: error pnl=None tr=None
📈 Starting backtest process for strategy: liquidity
   Symbols: ['ETHUSDT']
   Date Range: 2025-12-15 to 2026-03-15
   Initial Capital: $10,000.00
   Fee Rate: 0.100%
   Slippage Factor: 0.050%
   Timestamp: 2026-06-12 15:35:53

🔍 Backtesting liquidity on ETHUSDT...
   Date range filter applied: 2025-12-15 to 2026-03-15, data range: 2025-12-15 to 2026-03-15, rows: 2161
   ✅ ETHUSDT backtest completed
      Return: 0.27%
      Sharpe: 0.10
      Max DD: -0.70%
      Trades: 21
      Signal Audit - Generated: 2161, Filtered: 0, Entries: 2161

📊 BACKTEST SUMMARY
   Strategy: liquidity
   Symbols processed: 1
   Successful: 1
   Failed: 0
   Average Return: 0.27%
   Average Sharpe: 0.10
   Average Max DD: -0.70%
   Average Win Rate: 23.81%
   Total Trades: 21
   Duration: 7.58s

✅ Backtest completed with validation
[90/144] S3 ETHUSDT liquidity: INSUFFICIENT_DATA pnl=48.83135319456659 tr=10
📈 Starting backtest process for strategy: mtf_trend
   Symbols: ['ETHUSDT']
   Date Range: 2025-12-15 to 2026-03-15
   Initial Capital: $10,000.00
   Fee Rate: 0.100%
   Slippage Factor: 0.050%
   Timestamp: 2026-06-12 15:36:01

🔍 Backtesting mtf_trend on ETHUSDT...
   Date range filter applied: 2025-12-15 to 2026-03-15, data range: 2025-12-15 to 2026-03-15, rows: 2161
   ✅ ETHUSDT backtest completed
      Return: -4.51%
      Sharpe: -0.72
      Max DD: -5.98%
      Trades: 97
      Signal Audit - Generated: 2161, Filtered: 0, Entries: 2161

📊 BACKTEST SUMMARY
   Strategy: mtf_trend
   Symbols processed: 1
   Successful: 1
   Failed: 0
   Average Return: -4.51%
   Average Sharpe: -0.72
   Average Max DD: -5.98%
   Average Win Rate: 17.53%
   Total Trades: 97
   Duration: 2.29s

✅ Backtest completed with validation
[91/144] S3 ETHUSDT mtf_trend: NO_GO pnl=-355.14778214240545 tr=48
📈 Starting backtest process for strategy: oi_footprint
   Symbols: ['ETHUSDT']
   Date Range: 2025-12-15 to 2026-03-15
   Initial Capital: $10,000.00
   Fee Rate: 0.100%
   Slippage Factor: 0.050%2026-06-12 15:36:03,578 - WARNING - RealisticBacktester - Data is too old: 2026-03-15 00:00:00 vs current time
2026-06-12 15:36:03,582 - WARNING - RealisticBacktester - Could not detect missing candles: Invalid frequency: 1H. Failed to parse with error message: ValueError("Invalid frequency: H. Failed to parse with error message: KeyError('H'). Did you mean h?")
2026-06-12 15:36:04,715 - ERROR - RealisticBacktester - Signal-trade correspondence validation FAILED
2026-06-12 15:36:04,718 - ERROR - RealisticBacktester -   - Only 22/39 (56.4%) signals had corresponding trade attempts
2026-06-12 15:36:04,720 - WARNING - RealisticBacktester - Minimal execution confirmation showed low correspondence. 17 out of 39 non-zero signals had no corresponding trade attempts.
2026-06-12 15:36:05,867 - WARNING - RealisticBacktester - Data is too old: 2026-03-15 00:00:00 vs current time
2026-06-12 15:36:05,871 - WARNING - RealisticBacktester - Could not detect missing candles: Invalid frequency: 1H. Failed to parse with error message: ValueError("Invalid frequency: H. Failed to parse with error message: KeyError('H'). Did you mean h?")
2026-06-12 15:36:06,757 - ERROR - RealisticBacktester - Signal-trade correspondence validation FAILED
2026-06-12 15:36:06,761 - ERROR - RealisticBacktester -   - Only 4/220 (1.8%) signals had corresponding trade attempts
2026-06-12 15:36:06,764 - WARNING - RealisticBacktester - Minimal execution confirmation showed low correspondence. 216 out of 220 non-zero signals had no corresponding trade attempts.
2026-06-12 15:36:07,411 - WARNING - RealisticBacktester - Data is too old: 2026-03-15 00:00:00 vs current time
2026-06-12 15:36:07,416 - WARNING - RealisticBacktester - Could not detect missing candles: Invalid frequency: 1H. Failed to parse with error message: ValueError("Invalid frequency: H. Failed to parse with error message: KeyError('H'). Did you mean h?")
2026-06-12 15:36:08,303 - WARNING - RealisticBacktester - Trade count validation issues for ETHUSDT
2026-06-12 15:36:08,307 - WARNING - RealisticBacktester -   - Low trade count: 0 < 3 expected for 3.0 months of ETHUSDT data (some strategies may legitimately have few trades)
2026-06-12 15:36:08,311 - WARNING - RealisticBacktester - Trade density validation issues:
2026-06-12 15:36:08,314 - WARNING - RealisticBacktester -   - Zero trades executed: 0 trades for 2161 data points. This may indicate a strategy that never generates signals or has overly restrictive conditions.
2026-06-12 15:36:08,317 - WARNING - RealisticBacktester - Zero trade strategy detected - this may be normal for some strategies
2026-06-12 15:36:08,325 - ERROR - RealisticBacktester - FAIL-FAST TRIGGERED: Zero trades executed over 1+ month period - rejecting from optimization
2026-06-12 15:36:08,423 - WARNING - RealisticBacktester - Data is too old: 2026-03-15 00:00:00 vs current time
2026-06-12 15:36:08,427 - WARNING - RealisticBacktester - Could not detect missing candles: Invalid frequency: 1H. Failed to parse with error message: ValueError("Invalid frequency: H. Failed to parse with error message: KeyError('H'). Did you mean h?")
2026-06-12 15:36:09,363 - ERROR - RealisticBacktester - Signal-trade correspondence validation FAILED
2026-06-12 15:36:09,369 - ERROR - RealisticBacktester -   - Only 2/5 (40.0%) signals had corresponding trade attempts
2026-06-12 15:36:09,374 - WARNING - RealisticBacktester - Minimal execution confirmation showed low correspondence. 3 out of 5 non-zero signals had no corresponding trade attempts.
2026-06-12 15:36:10,438 - WARNING - RealisticBacktester - Data is too old: 2026-03-15 00:00:00 vs current time
2026-06-12 15:36:10,442 - WARNING - RealisticBacktester - Could not detect missing candles: Invalid frequency: 1H. Failed to parse with error message: ValueError("Invalid frequency: H. Failed to parse with error message: KeyError('H'). Did you mean h?")
2026-06-12 15:36:11,010 - WARNING - RealisticBacktester - Trade count validation issues for ETHUSDT
2026-06-12 15:36:11,014 - WARNING - RealisticBacktester -   - Low trade count: 0 < 3 expected for 3.0 months of ETHUSDT data (some strategies may legitimately have few trades)
2026-06-12 15:36:11,018 - WARNING - RealisticBacktester - Trade density validation issues:
2026-06-12 15:36:11,021 - WARNING - RealisticBacktester -   - Zero trades executed: 0 trades for 2161 data points. This may indicate a strategy that never generates signals or has overly restrictive conditions.
2026-06-12 15:36:11,023 - WARNING - RealisticBacktester - Zero trade strategy detected - this may be normal for some strategies
2026-06-12 15:36:11,024 - ERROR - RealisticBacktester - FAIL-FAST TRIGGERED: Zero trades executed over 1+ month period - rejecting from optimization
2026-06-12 15:36:11,115 - WARNING - RealisticBacktester - Data is too old: 2026-03-15 00:00:00 vs current time
2026-06-12 15:36:11,119 - WARNING - RealisticBacktester - Could not detect missing candles: Invalid frequency: 1H. Failed to parse with error message: ValueError("Invalid frequency: H. Failed to parse with error message: KeyError('H'). Did you mean h?")
2026-06-12 15:36:11,444 - ERROR - RealisticBacktester - Signal-trade correspondence validation FAILED
2026-06-12 15:36:11,448 - ERROR - RealisticBacktester -   - Only 14/35 (40.0%) signals had corresponding trade attempts
2026-06-12 15:36:11,450 - WARNING - RealisticBacktester - Minimal execution confirmation showed low correspondence. 21 out of 35 non-zero signals had no corresponding trade attempts.
2026-06-12 15:36:12,357 - WARNING - RealisticBacktester - Data is too old: 2026-03-15 00:00:00 vs current time
2026-06-12 15:36:12,361 - WARNING - RealisticBacktester - Could not detect missing candles: Invalid frequency: 1H. Failed to parse with error message: ValueError("Invalid frequency: H. Failed to parse with error message: KeyError('H'). Did you mean h?")
2026-06-12 15:36:13,505 - WARNING - RealisticBacktester - Trade count validation issues for SOLUSDT
2026-06-12 15:36:13,509 - WARNING - RealisticBacktester -   - Low trade count: 0 < 3 expected for 3.0 months of SOLUSDT data (some strategies may legitimately have few trades)
2026-06-12 15:36:13,512 - WARNING - RealisticBacktester - Trade density validation issues:
2026-06-12 15:36:13,515 - WARNING - RealisticBacktester -   - Zero trades executed: 0 trades for 2161 data points. This may indicate a strategy that never generates signals or has overly restrictive conditions.
2026-06-12 15:36:13,518 - WARNING - RealisticBacktester - Zero trade strategy detected - this may be normal for some strategies
2026-06-12 15:36:13,521 - ERROR - RealisticBacktester - FAIL-FAST TRIGGERED: Zero trades executed over 1+ month period - rejecting from optimization
2026-06-12 15:36:13,609 - WARNING - RealisticBacktester - Data is too old: 2026-03-15 00:00:00 vs current time
2026-06-12 15:36:13,614 - WARNING - RealisticBacktester - Could not detect missing candles: Invalid frequency: 1H. Failed to parse with error message: ValueError("Invalid frequency: H. Failed to parse with error message: KeyError('H'). Did you mean h?")
2026-06-12 15:36:14,441 - ERROR - RealisticBacktester - Signal-trade correspondence validation FAILED
2026-06-12 15:36:14,445 - ERROR - RealisticBacktester -   - Only 52/101 (51.5%) signals had corresponding trade attempts
2026-06-12 15:36:14,448 - WARNING - RealisticBacktester - Minimal execution confirmation showed low correspondence. 49 out of 101 non-zero signals had no corresponding trade attempts.
2026-06-12 15:36:15,051 - WARNING - RealisticBacktester - Data is too old: 2026-03-15 00:00:00 vs current time
2026-06-12 15:36:15,055 - WARNING - RealisticBacktester - Could not detect missing candles: Invalid frequency: 1H. Failed to parse with error message: ValueError("Invalid frequency: H. Failed to parse with error message: KeyError('H'). Did you mean h?")
2026-06-12 15:36:17,263 - ERROR - RealisticBacktester - Signal-trade correspondence validation FAILED
2026-06-12 15:36:17,267 - ERROR - RealisticBacktester -   - Only 41/84 (48.8%) signals had corresponding trade attempts
2026-06-12 15:36:17,272 - WARNING - RealisticBacktester - Minimal execution confirmation showed low correspondence. 43 out of 84 non-zero signals had no corresponding trade attempts.

   Timestamp: 2026-06-12 15:36:03

🔍 Backtesting oi_footprint on ETHUSDT...
   Date range filter applied: 2025-12-15 to 2026-03-15, data range: 2025-12-15 to 2026-03-15, rows: 2161
   ✅ ETHUSDT backtest completed
      Return: -2.19%
      Sharpe: -0.57
      Max DD: -2.19%
      Trades: 39
      Signal Audit - Generated: 2161, Filtered: 0, Entries: 2161

📊 BACKTEST SUMMARY
   Strategy: oi_footprint
   Symbols processed: 1
   Successful: 1
   Failed: 0
   Average Return: -2.19%
   Average Sharpe: -0.57
   Average Max DD: -2.19%
   Average Win Rate: 15.38%
   Total Trades: 39
   Duration: 2.26s

✅ Backtest completed with validation
[92/144] S3 ETHUSDT oi_footprint: DIRECTIONAL_NO_GO pnl=-178.99351047098608 tr=19
📈 Starting backtest process for strategy: sweep_scalper
   Symbols: ['ETHUSDT']
   Date Range: 2025-12-15 to 2026-03-15
   Initial Capital: $10,000.00
   Fee Rate: 0.100%
   Slippage Factor: 0.050%
   Timestamp: 2026-06-12 15:36:05

🔍 Backtesting sweep_scalper on ETHUSDT...
   Date range filter applied: 2025-12-15 to 2026-03-15, data range: 2025-12-15 to 2026-03-15, rows: 2161
   ✅ ETHUSDT backtest completed
      Return: -0.75%
      Sharpe: -0.68
      Max DD: -0.75%
      Trades: 6
      Signal Audit - Generated: 2161, Filtered: 0, Entries: 2161

📊 BACKTEST SUMMARY
   Strategy: sweep_scalper
   Symbols processed: 1
   Successful: 1
   Failed: 0
   Average Return: -0.75%
   Average Sharpe: -0.68
   Average Max DD: -0.75%
   Average Win Rate: 0.00%
   Total Trades: 6
   Duration: 1.54s

✅ Backtest completed with validation
[93/144] S3 ETHUSDT sweep_scalper: INSUFFICIENT_DATA pnl=-67.43544470569674 tr=2
📈 Starting backtest process for strategy: vwap_reversal
   Symbols: ['ETHUSDT']
   Date Range: 2025-12-15 to 2026-03-15
   Initial Capital: $10,000.00
   Fee Rate: 0.100%
   Slippage Factor: 0.050%
   Timestamp: 2026-06-12 15:36:07

🔍 Backtesting vwap_reversal on ETHUSDT...
   Date range filter applied: 2025-12-15 to 2026-03-15, data range: 2025-12-15 to 2026-03-15, rows: 2161
   ❌ Error during backtest for ETHUSDT: Zero trade strategy detected during backtest.
  Duration: 90 days (3.0 months)
  Trades: 0
  Data points: 2161
  Symbol: ETHUSDT
  This may be normal for some strategies in certain market conditions.

📊 BACKTEST SUMMARY
   Strategy: vwap_reversal
   Symbols processed: 1
   Successful: 0
   Failed: 1
   Duration: 1.00s

✅ Backtest completed with validation
[94/144] S3 ETHUSDT vwap_reversal: error pnl=None tr=None
📈 Starting backtest process for strategy: volatility_breakout
   Symbols: ['ETHUSDT']
   Date Range: 2025-12-15 to 2026-03-15
   Initial Capital: $10,000.00
   Fee Rate: 0.100%
   Slippage Factor: 0.050%
   Timestamp: 2026-06-12 15:36:08

🔍 Backtesting volatility_breakout on ETHUSDT...
   Date range filter applied: 2025-12-15 to 2026-03-15, data range: 2025-12-15 to 2026-03-15, rows: 2161
   ✅ ETHUSDT backtest completed
      Return: -0.23%
      Sharpe: -0.49
      Max DD: -0.23%
      Trades: 3
      Signal Audit - Generated: 2161, Filtered: 0, Entries: 2161

📊 BACKTEST SUMMARY
   Strategy: volatility_breakout
   Symbols processed: 1
   Successful: 1
   Failed: 0
   Average Return: -0.23%
   Average Sharpe: -0.49
   Average Max DD: -0.23%
   Average Win Rate: 50.00%
   Total Trades: 3
   Duration: 2.00s

✅ Backtest completed with validation
[95/144] S3 ETHUSDT volatility_breakout: INSUFFICIENT_DATA pnl=-19.057534189919817 tr=1
📈 Starting backtest process for strategy: crypto_breakout
   Symbols: ['ETHUSDT']
   Date Range: 2025-12-15 to 2026-03-15
   Initial Capital: $10,000.00
   Fee Rate: 0.100%
   Slippage Factor: 0.050%
   Timestamp: 2026-06-12 15:36:10

🔍 Backtesting crypto_breakout on ETHUSDT...
   Date range filter applied: 2025-12-15 to 2026-03-15, data range: 2025-12-15 to 2026-03-15, rows: 2161
   ❌ Error during backtest for ETHUSDT: Zero trade strategy detected during backtest.
  Duration: 90 days (3.0 months)
  Trades: 0
  Data points: 2161
  Symbol: ETHUSDT
  This may be normal for some strategies in certain market conditions.

📊 BACKTEST SUMMARY
   Strategy: crypto_breakout
   Symbols processed: 1
   Successful: 0
   Failed: 1
   Duration: 0.67s

✅ Backtest completed with validation
[96/144] S3 ETHUSDT crypto_breakout: error pnl=None tr=None
📈 Starting backtest process for strategy: trend_following
   Symbols: ['SOLUSDT']
   Date Range: 2025-12-15 to 2026-03-15
   Initial Capital: $10,000.00
   Fee Rate: 0.100%
   Slippage Factor: 0.050%
   Timestamp: 2026-06-12 15:36:11

🔍 Backtesting trend_following on SOLUSDT...
   Date range filter applied: 2025-12-15 to 2026-03-15, data range: 2025-12-15 to 2026-03-15, rows: 2161
   ✅ SOLUSDT backtest completed
      Return: 1.18%
      Sharpe: 0.31
      Max DD: -0.76%
      Trades: 27
      Signal Audit - Generated: 2161, Filtered: 0, Entries: 2161

📊 BACKTEST SUMMARY
   Strategy: trend_following
   Symbols processed: 1
   Successful: 1
   Failed: 0
   Average Return: 1.18%
   Average Sharpe: 0.31
   Average Max DD: -0.76%
   Average Win Rate: 29.63%
   Total Trades: 27
   Duration: 1.23s

✅ Backtest completed with validation
[97/144] S3 SOLUSDT trend_following: INSUFFICIENT_DATA pnl=145.77954696243955 tr=13
📈 Starting backtest process for strategy: mean_reversion
   Symbols: ['SOLUSDT']
   Date Range: 2025-12-15 to 2026-03-15
   Initial Capital: $10,000.00
   Fee Rate: 0.100%
   Slippage Factor: 0.050%
   Timestamp: 2026-06-12 15:36:12

🔍 Backtesting mean_reversion on SOLUSDT...
   Date range filter applied: 2025-12-15 to 2026-03-15, data range: 2025-12-15 to 2026-03-15, rows: 2161
   ❌ Error during backtest for SOLUSDT: Zero trade strategy detected during backtest.
  Duration: 90 days (3.0 months)
  Trades: 0
  Data points: 2161
  Symbol: SOLUSDT
  This may be normal for some strategies in certain market conditions.

📊 BACKTEST SUMMARY
   Strategy: mean_reversion
   Symbols processed: 1
   Successful: 0
   Failed: 1
   Duration: 1.24s

✅ Backtest completed with validation
[98/144] S3 SOLUSDT mean_reversion: error pnl=None tr=None
📈 Starting backtest process for strategy: momentum
   Symbols: ['SOLUSDT']
   Date Range: 2025-12-15 to 2026-03-15
   Initial Capital: $10,000.00
   Fee Rate: 0.100%
   Slippage Factor: 0.050%
   Timestamp: 2026-06-12 15:36:13

🔍 Backtesting momentum on SOLUSDT...
   Date range filter applied: 2025-12-15 to 2026-03-15, data range: 2025-12-15 to 2026-03-15, rows: 2161
   ✅ SOLUSDT backtest completed
      Return: 1.46%
      Sharpe: -0.49
      Max DD: -5.77%
      Trades: 101
      Signal Audit - Generated: 2161, Filtered: 0, Entries: 2161

📊 BACKTEST SUMMARY
   Strategy: momentum
   Symbols processed: 1
   Successful: 1
   Failed: 0
   Average Return: 1.46%
   Average Sharpe: -0.49
   Average Max DD: -5.77%
   Average Win Rate: 16.83%
   Total Trades: 101
   Duration: 1.41s

✅ Backtest completed with validation
[99/144] S3 SOLUSDT momentum: DIRECTIONAL_NO_GO pnl=-357.41395173129865 tr=50
📈 Starting backtest process for strategy: scalping
   Symbols: ['SOLUSDT']
   Date Range: 2025-12-15 to 2026-03-15
   Initial Capital: $10,000.00
   Fee Rate: 0.100%
   Slippage Factor: 0.050%
   Timestamp: 2026-06-12 15:36:14

🔍 Backtesting scalping on SOLUSDT...
   Date range filter applied: 2025-12-15 to 2026-03-15, data range: 2025-12-15 to 2026-03-15, rows: 2161
   ✅ SOLUSDT backtest completed
      Return: -2.77%
      Sharpe: -0.44
      Max DD: -3.77%
      Trades: 81
      Signal Audit - Generated: 2161, Filtered: 0, Entries: 2161

📊 BACKTEST SUMMARY
   Strategy: scalping
   Symbols processed: 1
   Successful: 1
   Failed: 0
   Average Return: -2.77%
   Average Sharpe: -0.44
   Average Max DD: -3.77%
   Average Win Rate: 19.75%
   Total Trades: 81
   Duration: 4.79s

✅ Backtest completed with validation
[100/144] S3 SOLUSDT scalping: INSUFFICIENT_DATA pnl=-196.10729860144977 tr=40
📈 Starting backtest process for strategy: breakout
   Symbols: ['SOLUSDT']
   Date Range: 2025-12-15 to 2026-03-15
   Initial Capital: $10,000.00
   Fee Rate: 0.100%
   Slippage Factor: 0.050%
   Timestamp: 2026-06-12 15:36:19

🔍 Backtesting breakout on SOLUSDT...2026-06-12 15:36:19,855 - WARNING - RealisticBacktester - Data is too old: 2026-03-15 00:00:00 vs current time
2026-06-12 15:36:19,859 - WARNING - RealisticBacktester - Could not detect missing candles: Invalid frequency: 1H. Failed to parse with error message: ValueError("Invalid frequency: H. Failed to parse with error message: KeyError('H'). Did you mean h?")
2026-06-12 15:36:20,476 - WARNING - RealisticBacktester - Trade count validation issues for SOLUSDT
2026-06-12 15:36:20,480 - WARNING - RealisticBacktester -   - Low trade count: 0 < 3 expected for 3.0 months of SOLUSDT data (some strategies may legitimately have few trades)
2026-06-12 15:36:20,483 - WARNING - RealisticBacktester - Trade density validation issues:
2026-06-12 15:36:20,486 - WARNING - RealisticBacktester -   - Zero trades executed: 0 trades for 2161 data points. This may indicate a strategy that never generates signals or has overly restrictive conditions.
2026-06-12 15:36:20,488 - WARNING - RealisticBacktester - Zero trade strategy detected - this may be normal for some strategies
2026-06-12 15:36:20,489 - ERROR - RealisticBacktester - FAIL-FAST TRIGGERED: Zero trades executed over 1+ month period - rejecting from optimization
2026-06-12 15:36:20,566 - WARNING - RealisticBacktester - Data is too old: 2026-03-15 00:00:00 vs current time
2026-06-12 15:36:20,570 - WARNING - RealisticBacktester - Could not detect missing candles: Invalid frequency: 1H. Failed to parse with error message: ValueError("Invalid frequency: H. Failed to parse with error message: KeyError('H'). Did you mean h?")
2026-06-12 15:36:23,692 - ERROR - RealisticBacktester - Signal-trade correspondence validation FAILED
2026-06-12 15:36:23,696 - ERROR - RealisticBacktester -   - Only 11/18 (61.1%) signals had corresponding trade attempts
2026-06-12 15:36:23,700 - WARNING - RealisticBacktester - Minimal execution confirmation showed low correspondence. 7 out of 18 non-zero signals had no corresponding trade attempts.
2026-06-12 15:36:28,902 - WARNING - RealisticBacktester - Data is too old: 2026-03-15 00:00:00 vs current time
2026-06-12 15:36:28,907 - WARNING - RealisticBacktester - Could not detect missing candles: Invalid frequency: 1H. Failed to parse with error message: ValueError("Invalid frequency: H. Failed to parse with error message: KeyError('H'). Did you mean h?")
2026-06-12 15:36:29,989 - ERROR - RealisticBacktester - Signal-trade correspondence validation FAILED
2026-06-12 15:36:29,993 - ERROR - RealisticBacktester -   - Only 58/140 (41.4%) signals had corresponding trade attempts
2026-06-12 15:36:29,996 - WARNING - RealisticBacktester - Minimal execution confirmation showed low correspondence. 82 out of 140 non-zero signals had no corresponding trade attempts.
2026-06-12 15:36:31,082 - WARNING - RealisticBacktester - Data is too old: 2026-03-15 00:00:00 vs current time
2026-06-12 15:36:31,086 - WARNING - RealisticBacktester - Could not detect missing candles: Invalid frequency: 1H. Failed to parse with error message: ValueError("Invalid frequency: H. Failed to parse with error message: KeyError('H'). Did you mean h?")
2026-06-12 15:36:32,303 - ERROR - RealisticBacktester - Signal-trade correspondence validation FAILED
2026-06-12 15:36:32,307 - ERROR - RealisticBacktester -   - Only 24/45 (53.3%) signals had corresponding trade attempts
2026-06-12 15:36:32,311 - WARNING - RealisticBacktester - Minimal execution confirmation showed low correspondence. 21 out of 45 non-zero signals had no corresponding trade attempts.
2026-06-12 15:36:33,358 - WARNING - RealisticBacktester - Data is too old: 2026-03-15 00:00:00 vs current time
2026-06-12 15:36:33,361 - WARNING - RealisticBacktester - Could not detect missing candles: Invalid frequency: 1H. Failed to parse with error message: ValueError("Invalid frequency: H. Failed to parse with error message: KeyError('H'). Did you mean h?")
2026-06-12 15:36:34,175 - ERROR - RealisticBacktester - Signal-trade correspondence validation FAILED
2026-06-12 15:36:34,178 - ERROR - RealisticBacktester -   - Only 8/212 (3.8%) signals had corresponding trade attempts
2026-06-12 15:36:34,181 - WARNING - RealisticBacktester - Minimal execution confirmation showed low correspondence. 204 out of 212 non-zero signals had no corresponding trade attempts.
2026-06-12 15:36:34,849 - WARNING - RealisticBacktester - Data is too old: 2026-03-15 00:00:00 vs current time
2026-06-12 15:36:34,853 - WARNING - RealisticBacktester - Could not detect missing candles: Invalid frequency: 1H. Failed to parse with error message: ValueError("Invalid frequency: H. Failed to parse with error message: KeyError('H'). Did you mean h?")
2026-06-12 15:36:35,730 - WARNING - RealisticBacktester - Trade count validation issues for SOLUSDT
2026-06-12 15:36:35,734 - WARNING - RealisticBacktester -   - Low trade count: 0 < 3 expected for 3.0 months of SOLUSDT data (some strategies may legitimately have few trades)
2026-06-12 15:36:35,737 - WARNING - RealisticBacktester - Trade density validation issues:
2026-06-12 15:36:35,740 - WARNING - RealisticBacktester -   - Zero trades executed: 0 trades for 2161 data points. This may indicate a strategy that never generates signals or has overly restrictive conditions.
2026-06-12 15:36:35,745 - WARNING - RealisticBacktester - Zero trade strategy detected - this may be normal for some strategies
2026-06-12 15:36:35,747 - ERROR - RealisticBacktester - FAIL-FAST TRIGGERED: Zero trades executed over 1+ month period - rejecting from optimization
2026-06-12 15:36:35,842 - WARNING - RealisticBacktester - Data is too old: 2026-03-15 00:00:00 vs current time
2026-06-12 15:36:35,846 - WARNING - RealisticBacktester - Could not detect missing candles: Invalid frequency: 1H. Failed to parse with error message: ValueError("Invalid frequency: H. Failed to parse with error message: KeyError('H'). Did you mean h?")
2026-06-12 15:36:36,802 - ERROR - RealisticBacktester - Signal-trade correspondence validation FAILED
2026-06-12 15:36:36,806 - ERROR - RealisticBacktester -   - Only 3/4 (75.0%) signals had corresponding trade attempts
2026-06-12 15:36:36,810 - WARNING - RealisticBacktester - Minimal execution confirmation showed low correspondence. 1 out of 4 non-zero signals had no corresponding trade attempts.
2026-06-12 15:36:37,790 - WARNING - RealisticBacktester - Data is too old: 2026-03-15 00:00:00 vs current time
2026-06-12 15:36:37,794 - WARNING - RealisticBacktester - Could not detect missing candles: Invalid frequency: 1H. Failed to parse with error message: ValueError("Invalid frequency: H. Failed to parse with error message: KeyError('H'). Did you mean h?")
2026-06-12 15:36:38,384 - WARNING - RealisticBacktester - Trade count validation issues for SOLUSDT
2026-06-12 15:36:38,386 - WARNING - RealisticBacktester -   - Low trade count: 0 < 3 expected for 3.0 months of SOLUSDT data (some strategies may legitimately have few trades)
2026-06-12 15:36:38,389 - WARNING - RealisticBacktester - Trade density validation issues:
2026-06-12 15:36:38,392 - WARNING - RealisticBacktester -   - Zero trades executed: 0 trades for 2161 data points. This may indicate a strategy that never generates signals or has overly restrictive conditions.
2026-06-12 15:36:38,394 - WARNING - RealisticBacktester - Zero trade strategy detected - this may be normal for some strategies
2026-06-12 15:36:38,396 - ERROR - RealisticBacktester - FAIL-FAST TRIGGERED: Zero trades executed over 1+ month period - rejecting from optimization
2026-06-12 15:36:38,488 - WARNING - RealisticBacktester - Data is too old: 2026-06-11 00:00:00 vs current time
2026-06-12 15:36:38,492 - WARNING - RealisticBacktester - Could not detect missing candles: Invalid frequency: 1H. Failed to parse with error message: ValueError("Invalid frequency: H. Failed to parse with error message: KeyError('H'). Did you mean h?")
2026-06-12 15:36:39,175 - ERROR - RealisticBacktester - Signal-trade correspondence validation FAILED
2026-06-12 15:36:39,179 - ERROR - RealisticBacktester -   - Only 17/33 (51.5%) signals had corresponding trade attempts
2026-06-12 15:36:39,182 - WARNING - RealisticBacktester - Minimal execution confirmation showed low correspondence. 16 out of 33 non-zero signals had no corresponding trade attempts.

   Date range filter applied: 2025-12-15 to 2026-03-15, data range: 2025-12-15 to 2026-03-15, rows: 2161
   ❌ Error during backtest for SOLUSDT: Zero trade strategy detected during backtest.
  Duration: 90 days (3.0 months)
  Trades: 0
  Data points: 2161
  Symbol: SOLUSDT
  This may be normal for some strategies in certain market conditions.

📊 BACKTEST SUMMARY
   Strategy: breakout
   Symbols processed: 1
   Successful: 0
   Failed: 1
   Duration: 0.72s

✅ Backtest completed with validation
[101/144] S3 SOLUSDT breakout: error pnl=None tr=None
📈 Starting backtest process for strategy: liquidity
   Symbols: ['SOLUSDT']
   Date Range: 2025-12-15 to 2026-03-15
   Initial Capital: $10,000.00
   Fee Rate: 0.100%
   Slippage Factor: 0.050%
   Timestamp: 2026-06-12 15:36:20

🔍 Backtesting liquidity on SOLUSDT...
   Date range filter applied: 2025-12-15 to 2026-03-15, data range: 2025-12-15 to 2026-03-15, rows: 2161
   ✅ SOLUSDT backtest completed
      Return: -1.87%
      Sharpe: -0.65
      Max DD: -2.07%
      Trades: 21
      Signal Audit - Generated: 2161, Filtered: 0, Entries: 2161

📊 BACKTEST SUMMARY
   Strategy: liquidity
   Symbols processed: 1
   Successful: 1
   Failed: 0
   Average Return: -1.87%
   Average Sharpe: -0.65
   Average Max DD: -2.07%
   Average Win Rate: 9.52%
   Total Trades: 21
   Duration: 8.32s

✅ Backtest completed with validation
[102/144] S3 SOLUSDT liquidity: INSUFFICIENT_DATA pnl=-165.59003621568255 tr=10
📈 Starting backtest process for strategy: mtf_trend
   Symbols: ['SOLUSDT']
   Date Range: 2025-12-15 to 2026-03-15
   Initial Capital: $10,000.00
   Fee Rate: 0.100%
   Slippage Factor: 0.050%
   Timestamp: 2026-06-12 15:36:28

🔍 Backtesting mtf_trend on SOLUSDT...
   Date range filter applied: 2025-12-15 to 2026-03-15, data range: 2025-12-15 to 2026-03-15, rows: 2161
   ✅ SOLUSDT backtest completed
      Return: -7.03%
      Sharpe: -0.96
      Max DD: -8.57%
      Trades: 115
      Signal Audit - Generated: 2161, Filtered: 0, Entries: 2161

📊 BACKTEST SUMMARY
   Strategy: mtf_trend
   Symbols processed: 1
   Successful: 1
   Failed: 0
   Average Return: -7.03%
   Average Sharpe: -0.96
   Average Max DD: -8.57%
   Average Win Rate: 14.78%
   Total Trades: 115
   Duration: 2.16s

✅ Backtest completed with validation
[103/144] S3 SOLUSDT mtf_trend: NO_GO pnl=-591.2504265857361 tr=57
📈 Starting backtest process for strategy: oi_footprint
   Symbols: ['SOLUSDT']
   Date Range: 2025-12-15 to 2026-03-15
   Initial Capital: $10,000.00
   Fee Rate: 0.100%
   Slippage Factor: 0.050%
   Timestamp: 2026-06-12 15:36:31

🔍 Backtesting oi_footprint on SOLUSDT...
   Date range filter applied: 2025-12-15 to 2026-03-15, data range: 2025-12-15 to 2026-03-15, rows: 2161
   ✅ SOLUSDT backtest completed
      Return: -3.03%
      Sharpe: -0.71
      Max DD: -3.47%
      Trades: 47
      Signal Audit - Generated: 2161, Filtered: 0, Entries: 2161

📊 BACKTEST SUMMARY
   Strategy: oi_footprint
   Symbols processed: 1
   Successful: 1
   Failed: 0
   Average Return: -3.03%
   Average Sharpe: -0.71
   Average Max DD: -3.47%
   Average Win Rate: 14.89%
   Total Trades: 47
   Duration: 2.27s

✅ Backtest completed with validation
[104/144] S3 SOLUSDT oi_footprint: DIRECTIONAL_NO_GO pnl=-255.21842263644464 tr=23
📈 Starting backtest process for strategy: sweep_scalper
   Symbols: ['SOLUSDT']
   Date Range: 2025-12-15 to 2026-03-15
   Initial Capital: $10,000.00
   Fee Rate: 0.100%
   Slippage Factor: 0.050%
   Timestamp: 2026-06-12 15:36:33

🔍 Backtesting sweep_scalper on SOLUSDT...
   Date range filter applied: 2025-12-15 to 2026-03-15, data range: 2025-12-15 to 2026-03-15, rows: 2161
   ✅ SOLUSDT backtest completed
      Return: 0.58%
      Sharpe: 0.22
      Max DD: -0.48%
      Trades: 13
      Signal Audit - Generated: 2161, Filtered: 0, Entries: 2161

📊 BACKTEST SUMMARY
   Strategy: sweep_scalper
   Symbols processed: 1
   Successful: 1
   Failed: 0
   Average Return: 0.58%
   Average Sharpe: 0.22
   Average Max DD: -0.48%
   Average Win Rate: 23.08%
   Total Trades: 13
   Duration: 1.47s

✅ Backtest completed with validation
[105/144] S3 SOLUSDT sweep_scalper: INSUFFICIENT_DATA pnl=74.02701873502181 tr=5
📈 Starting backtest process for strategy: vwap_reversal
   Symbols: ['SOLUSDT']
   Date Range: 2025-12-15 to 2026-03-15
   Initial Capital: $10,000.00
   Fee Rate: 0.100%
   Slippage Factor: 0.050%
   Timestamp: 2026-06-12 15:36:34

🔍 Backtesting vwap_reversal on SOLUSDT...
   Date range filter applied: 2025-12-15 to 2026-03-15, data range: 2025-12-15 to 2026-03-15, rows: 2161
   ❌ Error during backtest for SOLUSDT: Zero trade strategy detected during backtest.
  Duration: 90 days (3.0 months)
  Trades: 0
  Data points: 2161
  Symbol: SOLUSDT
  This may be normal for some strategies in certain market conditions.

📊 BACKTEST SUMMARY
   Strategy: vwap_reversal
   Symbols processed: 1
   Successful: 0
   Failed: 1
   Duration: 0.97s

✅ Backtest completed with validation
[106/144] S3 SOLUSDT vwap_reversal: error pnl=None tr=None
📈 Starting backtest process for strategy: volatility_breakout
   Symbols: ['SOLUSDT']
   Date Range: 2025-12-15 to 2026-03-15
   Initial Capital: $10,000.00
   Fee Rate: 0.100%
   Slippage Factor: 0.050%
   Timestamp: 2026-06-12 15:36:35

🔍 Backtesting volatility_breakout on SOLUSDT...
   Date range filter applied: 2025-12-15 to 2026-03-15, data range: 2025-12-15 to 2026-03-15, rows: 2161
   ✅ SOLUSDT backtest completed
      Return: -0.77%
      Sharpe: -0.61
      Max DD: -0.77%
      Trades: 5
      Signal Audit - Generated: 2161, Filtered: 0, Entries: 2161

📊 BACKTEST SUMMARY
   Strategy: volatility_breakout
   Symbols processed: 1
   Successful: 1
   Failed: 0
   Average Return: -0.77%
   Average Sharpe: -0.61
   Average Max DD: -0.77%
   Average Win Rate: 0.00%
   Total Trades: 5
   Duration: 1.92s

✅ Backtest completed with validation
[107/144] S3 SOLUSDT volatility_breakout: INSUFFICIENT_DATA pnl=-70.87919374992563 tr=2
📈 Starting backtest process for strategy: crypto_breakout
   Symbols: ['SOLUSDT']
   Date Range: 2025-12-15 to 2026-03-15
   Initial Capital: $10,000.00
   Fee Rate: 0.100%
   Slippage Factor: 0.050%
   Timestamp: 2026-06-12 15:36:37

🔍 Backtesting crypto_breakout on SOLUSDT...
   Date range filter applied: 2025-12-15 to 2026-03-15, data range: 2025-12-15 to 2026-03-15, rows: 2161
   ❌ Error during backtest for SOLUSDT: Zero trade strategy detected during backtest.
  Duration: 90 days (3.0 months)
  Trades: 0
  Data points: 2161
  Symbol: SOLUSDT
  This may be normal for some strategies in certain market conditions.

📊 BACKTEST SUMMARY
   Strategy: crypto_breakout
   Symbols processed: 1
   Successful: 0
   Failed: 1
   Duration: 0.70s

✅ Backtest completed with validation
[108/144] S3 SOLUSDT crypto_breakout: error pnl=None tr=None
📈 Starting backtest process for strategy: trend_following
   Symbols: ['BTCUSDT']
   Date Range: 2026-03-15 to 2026-06-11
   Initial Capital: $10,000.00
   Fee Rate: 0.100%
   Slippage Factor: 0.050%
   Timestamp: 2026-06-12 15:36:38

🔍 Backtesting trend_following on BTCUSDT...
   Date range filter applied: 2026-03-15 to 2026-06-11, data range: 2026-03-15 to 2026-06-11, rows: 2113
   ✅ BTCUSDT backtest completed
      Return: -0.97%
      Sharpe: -0.36
      Max DD: -1.34%
      Trades: 33
      Signal Audit - Generated: 2113, Filtered: 0, Entries: 2113

📊 BACKTEST SUMMARY
   Strategy: trend_following
   Symbols processed: 1
   Successful: 1
   Failed: 0
   Average Return: -0.97%
   Average Sharpe: -0.36
   Average Max DD: -1.34%
   Average Win Rate: 18.18%
   Total Trades: 33
   Duration: 1.39s

✅ Backtest completed with validation
[109/144] S4 BTCUSDT trend_following: INSUFFICIENT_DATA pnl=-62.72663063287146 tr=16
📈 Starting backtest process for strategy: mean_reversion
   Symbols: ['BTCUSDT']
   Date Range: 2026-03-15 to 2026-06-11
   Initial Capital: $10,000.00
   Fee Rate: 0.100%
   Slippage Factor: 0.050%
   Timestamp: 2026-06-12 15:36:39

🔍 Backtesting mean_reversion on BTCUSDT...
   Date range filter applied: 2026-03-15 to 2026-06-11, data range: 2026-03-15 to 2026-06-11, rows: 21132026-06-12 15:36:39,905 - WARNING - RealisticBacktester - Data is too old: 2026-06-11 00:00:00 vs current time
2026-06-12 15:36:39,909 - WARNING - RealisticBacktester - Could not detect missing candles: Invalid frequency: 1H. Failed to parse with error message: ValueError("Invalid frequency: H. Failed to parse with error message: KeyError('H'). Did you mean h?")
2026-06-12 15:36:40,924 - WARNING - RealisticBacktester - Trade count validation issues for BTCUSDT
2026-06-12 15:36:40,928 - WARNING - RealisticBacktester -   - Low trade count: 0 < 1 expected for 2.9 months of BTCUSDT data (should have at least some trades after 2 weeks)
2026-06-12 15:36:40,932 - WARNING - RealisticBacktester - Trade density validation issues:
2026-06-12 15:36:40,935 - WARNING - RealisticBacktester -   - Zero trades executed: 0 trades for 2113 data points. This may indicate a strategy that never generates signals or has overly restrictive conditions.
2026-06-12 15:36:40,937 - WARNING - RealisticBacktester - Zero trade strategy detected - this may be normal for some strategies
2026-06-12 15:36:40,939 - ERROR - RealisticBacktester - FAIL-FAST TRIGGERED: Zero trades executed over 1+ month period - rejecting from optimization
2026-06-12 15:36:41,018 - WARNING - RealisticBacktester - Data is too old: 2026-06-11 00:00:00 vs current time
2026-06-12 15:36:41,022 - WARNING - RealisticBacktester - Could not detect missing candles: Invalid frequency: 1H. Failed to parse with error message: ValueError("Invalid frequency: H. Failed to parse with error message: KeyError('H'). Did you mean h?")
2026-06-12 15:36:41,684 - ERROR - RealisticBacktester - Signal-trade correspondence validation FAILED
2026-06-12 15:36:41,688 - ERROR - RealisticBacktester -   - Only 27/53 (50.9%) signals had corresponding trade attempts
2026-06-12 15:36:41,692 - WARNING - RealisticBacktester - Minimal execution confirmation showed low correspondence. 26 out of 53 non-zero signals had no corresponding trade attempts.
2026-06-12 15:36:42,466 - WARNING - RealisticBacktester - Data is too old: 2026-06-11 00:00:00 vs current time
2026-06-12 15:36:42,470 - WARNING - RealisticBacktester - Could not detect missing candles: Invalid frequency: 1H. Failed to parse with error message: ValueError("Invalid frequency: H. Failed to parse with error message: KeyError('H'). Did you mean h?")
2026-06-12 15:36:44,521 - ERROR - RealisticBacktester - Signal-trade correspondence validation FAILED
2026-06-12 15:36:44,525 - ERROR - RealisticBacktester -   - Only 47/95 (49.5%) signals had corresponding trade attempts
2026-06-12 15:36:44,529 - WARNING - RealisticBacktester - Minimal execution confirmation showed low correspondence. 48 out of 95 non-zero signals had no corresponding trade attempts.
2026-06-12 15:36:46,831 - WARNING - RealisticBacktester - Data is too old: 2026-06-11 00:00:00 vs current time
2026-06-12 15:36:46,835 - WARNING - RealisticBacktester - Could not detect missing candles: Invalid frequency: 1H. Failed to parse with error message: ValueError("Invalid frequency: H. Failed to parse with error message: KeyError('H'). Did you mean h?")
2026-06-12 15:36:47,431 - WARNING - RealisticBacktester - Trade count validation issues for BTCUSDT
2026-06-12 15:36:47,435 - WARNING - RealisticBacktester -   - Low trade count: 0 < 1 expected for 2.9 months of BTCUSDT data (should have at least some trades after 2 weeks)
2026-06-12 15:36:47,439 - WARNING - RealisticBacktester - Trade density validation issues:
2026-06-12 15:36:47,442 - WARNING - RealisticBacktester -   - Zero trades executed: 0 trades for 2113 data points. This may indicate a strategy that never generates signals or has overly restrictive conditions.
2026-06-12 15:36:47,446 - WARNING - RealisticBacktester - Zero trade strategy detected - this may be normal for some strategies
2026-06-12 15:36:47,449 - ERROR - RealisticBacktester - FAIL-FAST TRIGGERED: Zero trades executed over 1+ month period - rejecting from optimization
2026-06-12 15:36:47,546 - WARNING - RealisticBacktester - Data is too old: 2026-06-11 00:00:00 vs current time
2026-06-12 15:36:47,550 - WARNING - RealisticBacktester - Could not detect missing candles: Invalid frequency: 1H. Failed to parse with error message: ValueError("Invalid frequency: H. Failed to parse with error message: KeyError('H'). Did you mean h?")
2026-06-12 15:36:49,851 - ERROR - RealisticBacktester - Signal-trade correspondence validation FAILED
2026-06-12 15:36:49,855 - ERROR - RealisticBacktester -   - Only 7/14 (50.0%) signals had corresponding trade attempts
2026-06-12 15:36:49,858 - WARNING - RealisticBacktester - Minimal execution confirmation showed low correspondence. 7 out of 14 non-zero signals had no corresponding trade attempts.
2026-06-12 15:36:53,581 - WARNING - RealisticBacktester - Data is too old: 2026-06-11 00:00:00 vs current time
2026-06-12 15:36:53,584 - WARNING - RealisticBacktester - Could not detect missing candles: Invalid frequency: 1H. Failed to parse with error message: ValueError("Invalid frequency: H. Failed to parse with error message: KeyError('H'). Did you mean h?")
2026-06-12 15:36:54,946 - ERROR - RealisticBacktester - Signal-trade correspondence validation FAILED
2026-06-12 15:36:54,951 - ERROR - RealisticBacktester -   - Only 31/98 (31.6%) signals had corresponding trade attempts
2026-06-12 15:36:54,954 - WARNING - RealisticBacktester - Minimal execution confirmation showed low correspondence. 67 out of 98 non-zero signals had no corresponding trade attempts.
2026-06-12 15:36:56,434 - WARNING - RealisticBacktester - Data is too old: 2026-06-11 00:00:00 vs current time
2026-06-12 15:36:56,438 - WARNING - RealisticBacktester - Could not detect missing candles: Invalid frequency: 1H. Failed to parse with error message: ValueError("Invalid frequency: H. Failed to parse with error message: KeyError('H'). Did you mean h?")
2026-06-12 15:36:57,963 - ERROR - RealisticBacktester - Signal-trade correspondence validation FAILED
2026-06-12 15:36:57,968 - ERROR - RealisticBacktester -   - Only 23/43 (53.5%) signals had corresponding trade attempts
2026-06-12 15:36:57,971 - WARNING - RealisticBacktester - Minimal execution confirmation showed low correspondence. 20 out of 43 non-zero signals had no corresponding trade attempts.
2026-06-12 15:36:59,114 - WARNING - RealisticBacktester - Data is too old: 2026-06-11 00:00:00 vs current time
2026-06-12 15:36:59,118 - WARNING - RealisticBacktester - Could not detect missing candles: Invalid frequency: 1H. Failed to parse with error message: ValueError("Invalid frequency: H. Failed to parse with error message: KeyError('H'). Did you mean h?")
2026-06-12 15:36:59,904 - ERROR - RealisticBacktester - Signal-trade correspondence validation FAILED
2026-06-12 15:36:59,908 - ERROR - RealisticBacktester -   - Only 29/219 (13.2%) signals had corresponding trade attempts
2026-06-12 15:36:59,912 - WARNING - RealisticBacktester - Minimal execution confirmation showed low correspondence. 190 out of 219 non-zero signals had no corresponding trade attempts.
2026-06-12 15:37:00,785 - WARNING - RealisticBacktester - Data is too old: 2026-06-11 00:00:00 vs current time
2026-06-12 15:37:00,789 - WARNING - RealisticBacktester - Could not detect missing candles: Invalid frequency: 1H. Failed to parse with error message: ValueError("Invalid frequency: H. Failed to parse with error message: KeyError('H'). Did you mean h?")
2026-06-12 15:37:01,785 - WARNING - RealisticBacktester - Trade count validation issues for BTCUSDT
2026-06-12 15:37:01,789 - WARNING - RealisticBacktester -   - Low trade count: 0 < 1 expected for 2.9 months of BTCUSDT data (should have at least some trades after 2 weeks)
2026-06-12 15:37:01,793 - WARNING - RealisticBacktester - Trade density validation issues:
2026-06-12 15:37:01,795 - WARNING - RealisticBacktester -   - Zero trades executed: 0 trades for 2113 data points. This may indicate a strategy that never generates signals or has overly restrictive conditions.
2026-06-12 15:37:01,798 - WARNING - RealisticBacktester - Zero trade strategy detected - this may be normal for some strategies
2026-06-12 15:37:01,800 - ERROR - RealisticBacktester - FAIL-FAST TRIGGERED: Zero trades executed over 1+ month period - rejecting from optimization
2026-06-12 15:37:01,898 - WARNING - RealisticBacktester - Data is too old: 2026-06-11 00:00:00 vs current time
2026-06-12 15:37:01,902 - WARNING - RealisticBacktester - Could not detect missing candles: Invalid frequency: 1H. Failed to parse with error message: ValueError("Invalid frequency: H. Failed to parse with error message: KeyError('H'). Did you mean h?")
2026-06-12 15:37:03,106 - ERROR - RealisticBacktester - Signal-trade correspondence validation FAILED
2026-06-12 15:37:03,110 - ERROR - RealisticBacktester -   - Only 2/3 (66.7%) signals had corresponding trade attempts
2026-06-12 15:37:03,113 - WARNING - RealisticBacktester - Minimal execution confirmation showed low correspondence. 1 out of 3 non-zero signals had no corresponding trade attempts.

   ❌ Error during backtest for BTCUSDT: Zero trade strategy detected during backtest.
  Duration: 88 days (2.9 months)
  Trades: 0
  Data points: 2113
  Symbol: BTCUSDT
  This may be normal for some strategies in certain market conditions.

📊 BACKTEST SUMMARY
   Strategy: mean_reversion
   Symbols processed: 1
   Successful: 0
   Failed: 1
   Duration: 1.12s

✅ Backtest completed with validation
[110/144] S4 BTCUSDT mean_reversion: error pnl=None tr=None
📈 Starting backtest process for strategy: momentum
   Symbols: ['BTCUSDT']
   Date Range: 2026-03-15 to 2026-06-11
   Initial Capital: $10,000.00
   Fee Rate: 0.100%
   Slippage Factor: 0.050%
   Timestamp: 2026-06-12 15:36:40

🔍 Backtesting momentum on BTCUSDT...
   Date range filter applied: 2026-03-15 to 2026-06-11, data range: 2026-03-15 to 2026-06-11, rows: 2113
   ✅ BTCUSDT backtest completed
      Return: -1.03%
      Sharpe: -0.30
      Max DD: -1.79%
      Trades: 51
      Signal Audit - Generated: 2113, Filtered: 0, Entries: 2113

📊 BACKTEST SUMMARY
   Strategy: momentum
   Symbols processed: 1
   Successful: 1
   Failed: 0
   Average Return: -1.03%
   Average Sharpe: -0.30
   Average Max DD: -1.79%
   Average Win Rate: 19.61%
   Total Trades: 51
   Duration: 1.41s

✅ Backtest completed with validation
[111/144] S4 BTCUSDT momentum: INSUFFICIENT_DATA pnl=-50.47416535135288 tr=25
📈 Starting backtest process for strategy: scalping
   Symbols: ['BTCUSDT']
   Date Range: 2026-03-15 to 2026-06-11
   Initial Capital: $10,000.00
   Fee Rate: 0.100%
   Slippage Factor: 0.050%
   Timestamp: 2026-06-12 15:36:42

🔍 Backtesting scalping on BTCUSDT...
   Date range filter applied: 2026-03-15 to 2026-06-11, data range: 2026-03-15 to 2026-06-11, rows: 2113
   ✅ BTCUSDT backtest completed
      Return: -3.01%
      Sharpe: -0.73
      Max DD: -3.38%
      Trades: 90
      Signal Audit - Generated: 2113, Filtered: 0, Entries: 2113

📊 BACKTEST SUMMARY
   Strategy: scalping
   Symbols processed: 1
   Successful: 1
   Failed: 0
   Average Return: -3.01%
   Average Sharpe: -0.73
   Average Max DD: -3.38%
   Average Win Rate: 17.78%
   Total Trades: 90
   Duration: 4.36s

✅ Backtest completed with validation
[112/144] S4 BTCUSDT scalping: INSUFFICIENT_DATA pnl=-209.51066536489674 tr=44
📈 Starting backtest process for strategy: breakout
   Symbols: ['BTCUSDT']
   Date Range: 2026-03-15 to 2026-06-11
   Initial Capital: $10,000.00
   Fee Rate: 0.100%
   Slippage Factor: 0.050%
   Timestamp: 2026-06-12 15:36:46

🔍 Backtesting breakout on BTCUSDT...
   Date range filter applied: 2026-03-15 to 2026-06-11, data range: 2026-03-15 to 2026-06-11, rows: 2113
   ❌ Error during backtest for BTCUSDT: Zero trade strategy detected during backtest.
  Duration: 88 days (2.9 months)
  Trades: 0
  Data points: 2113
  Symbol: BTCUSDT
  This may be normal for some strategies in certain market conditions.

📊 BACKTEST SUMMARY
   Strategy: breakout
   Symbols processed: 1
   Successful: 0
   Failed: 1
   Duration: 0.69s

✅ Backtest completed with validation
[113/144] S4 BTCUSDT breakout: error pnl=None tr=None
📈 Starting backtest process for strategy: liquidity
   Symbols: ['BTCUSDT']
   Date Range: 2026-03-15 to 2026-06-11
   Initial Capital: $10,000.00
   Fee Rate: 0.100%
   Slippage Factor: 0.050%
   Timestamp: 2026-06-12 15:36:47

🔍 Backtesting liquidity on BTCUSDT...
   Date range filter applied: 2026-03-15 to 2026-06-11, data range: 2026-03-15 to 2026-06-11, rows: 2113
   ✅ BTCUSDT backtest completed
      Return: -0.54%
      Sharpe: -0.36
      Max DD: -0.85%
      Trades: 13
      Signal Audit - Generated: 2113, Filtered: 0, Entries: 2113

📊 BACKTEST SUMMARY
   Strategy: liquidity
   Symbols processed: 1
   Successful: 1
   Failed: 0
   Average Return: -0.54%
   Average Sharpe: -0.36
   Average Max DD: -0.85%
   Average Win Rate: 15.38%
   Total Trades: 13
   Duration: 6.01s

✅ Backtest completed with validation
[114/144] S4 BTCUSDT liquidity: INSUFFICIENT_DATA pnl=-40.180904634169956 tr=6
📈 Starting backtest process for strategy: mtf_trend
   Symbols: ['BTCUSDT']
   Date Range: 2026-03-15 to 2026-06-11
   Initial Capital: $10,000.00
   Fee Rate: 0.100%
   Slippage Factor: 0.050%
   Timestamp: 2026-06-12 15:36:53

🔍 Backtesting mtf_trend on BTCUSDT...
   Date range filter applied: 2026-03-15 to 2026-06-11, data range: 2026-03-15 to 2026-06-11, rows: 2113
   ✅ BTCUSDT backtest completed
      Return: 0.69%
      Sharpe: 0.21
      Max DD: -0.74%
      Trades: 61
      Signal Audit - Generated: 2113, Filtered: 0, Entries: 2113

📊 BACKTEST SUMMARY
   Strategy: mtf_trend
   Symbols processed: 1
   Successful: 1
   Failed: 0
   Average Return: 0.69%
   Average Sharpe: 0.21
   Average Max DD: -0.74%
   Average Win Rate: 26.23%
   Total Trades: 61
   Duration: 2.85s

✅ Backtest completed with validation
[115/144] S4 BTCUSDT mtf_trend: INSUFFICIENT_DATA pnl=131.4672624663994 tr=30
📈 Starting backtest process for strategy: oi_footprint
   Symbols: ['BTCUSDT']
   Date Range: 2026-03-15 to 2026-06-11
   Initial Capital: $10,000.00
   Fee Rate: 0.100%
   Slippage Factor: 0.050%
   Timestamp: 2026-06-12 15:36:56

🔍 Backtesting oi_footprint on BTCUSDT...
   Date range filter applied: 2026-03-15 to 2026-06-11, data range: 2026-03-15 to 2026-06-11, rows: 2113
   ✅ BTCUSDT backtest completed
      Return: -1.10%
      Sharpe: -0.41
      Max DD: -1.43%
      Trades: 45
      Signal Audit - Generated: 2113, Filtered: 0, Entries: 2113

📊 BACKTEST SUMMARY
   Strategy: oi_footprint
   Symbols processed: 1
   Successful: 1
   Failed: 0
   Average Return: -1.10%
   Average Sharpe: -0.41
   Average Max DD: -1.43%
   Average Win Rate: 22.22%
   Total Trades: 45
   Duration: 2.68s

✅ Backtest completed with validation
[116/144] S4 BTCUSDT oi_footprint: INSUFFICIENT_DATA pnl=-64.38798278171201 tr=22
📈 Starting backtest process for strategy: sweep_scalper
   Symbols: ['BTCUSDT']
   Date Range: 2026-03-15 to 2026-06-11
   Initial Capital: $10,000.00
   Fee Rate: 0.100%
   Slippage Factor: 0.050%
   Timestamp: 2026-06-12 15:36:59

🔍 Backtesting sweep_scalper on BTCUSDT...
   Date range filter applied: 2026-03-15 to 2026-06-11, data range: 2026-03-15 to 2026-06-11, rows: 2113
   ✅ BTCUSDT backtest completed
      Return: -1.00%
      Sharpe: -0.34
      Max DD: -1.98%
      Trades: 54
      Signal Audit - Generated: 2113, Filtered: 0, Entries: 2113

📊 BACKTEST SUMMARY
   Strategy: sweep_scalper
   Symbols processed: 1
   Successful: 1
   Failed: 0
   Average Return: -1.00%
   Average Sharpe: -0.34
   Average Max DD: -1.98%
   Average Win Rate: 20.37%
   Total Trades: 54
   Duration: 1.65s

✅ Backtest completed with validation
[117/144] S4 BTCUSDT sweep_scalper: INSUFFICIENT_DATA pnl=-42.08937818739723 tr=25
📈 Starting backtest process for strategy: vwap_reversal
   Symbols: ['BTCUSDT']
   Date Range: 2026-03-15 to 2026-06-11
   Initial Capital: $10,000.00
   Fee Rate: 0.100%
   Slippage Factor: 0.050%
   Timestamp: 2026-06-12 15:37:00

🔍 Backtesting vwap_reversal on BTCUSDT...
   Date range filter applied: 2026-03-15 to 2026-06-11, data range: 2026-03-15 to 2026-06-11, rows: 2113
   ❌ Error during backtest for BTCUSDT: Zero trade strategy detected during backtest.
  Duration: 88 days (2.9 months)
  Trades: 0
  Data points: 2113
  Symbol: BTCUSDT
  This may be normal for some strategies in certain market conditions.

📊 BACKTEST SUMMARY
   Strategy: vwap_reversal
   Symbols processed: 1
   Successful: 0
   Failed: 1
   Duration: 1.09s

✅ Backtest completed with validation
[118/144] S4 BTCUSDT vwap_reversal: error pnl=None tr=None
📈 Starting backtest process for strategy: volatility_breakout
   Symbols: ['BTCUSDT']
   Date Range: 2026-03-15 to 2026-06-11
   Initial Capital: $10,000.00
   Fee Rate: 0.100%
   Slippage Factor: 0.050%
   Timestamp: 2026-06-12 15:37:01

🔍 Backtesting volatility_breakout on BTCUSDT...
   Date range filter applied: 2026-03-15 to 2026-06-11, data range: 2026-03-15 to 2026-06-11, rows: 2113
   ✅ BTCUSDT backtest completed
      Return: -0.21%
      Sharpe: -0.50
      Max DD: -0.21%
      Trades: 3
      Signal Audit - Generated: 2113, Filtered: 0, Entries: 21132026-06-12 15:37:04,336 - WARNING - RealisticBacktester - Data is too old: 2026-06-11 00:00:00 vs current time
2026-06-12 15:37:04,340 - WARNING - RealisticBacktester - Could not detect missing candles: Invalid frequency: 1H. Failed to parse with error message: ValueError("Invalid frequency: H. Failed to parse with error message: KeyError('H'). Did you mean h?")
2026-06-12 15:37:04,915 - WARNING - RealisticBacktester - Trade count validation issues for BTCUSDT
2026-06-12 15:37:04,919 - WARNING - RealisticBacktester -   - Low trade count: 0 < 1 expected for 2.9 months of BTCUSDT data (should have at least some trades after 2 weeks)
2026-06-12 15:37:04,923 - WARNING - RealisticBacktester - Trade density validation issues:
2026-06-12 15:37:04,926 - WARNING - RealisticBacktester -   - Zero trades executed: 0 trades for 2113 data points. This may indicate a strategy that never generates signals or has overly restrictive conditions.
2026-06-12 15:37:04,929 - WARNING - RealisticBacktester - Zero trade strategy detected - this may be normal for some strategies
2026-06-12 15:37:04,931 - ERROR - RealisticBacktester - FAIL-FAST TRIGGERED: Zero trades executed over 1+ month period - rejecting from optimization
2026-06-12 15:37:05,020 - WARNING - RealisticBacktester - Data is too old: 2026-06-11 00:00:00 vs current time
2026-06-12 15:37:05,024 - WARNING - RealisticBacktester - Could not detect missing candles: Invalid frequency: 1H. Failed to parse with error message: ValueError("Invalid frequency: H. Failed to parse with error message: KeyError('H'). Did you mean h?")
2026-06-12 15:37:05,832 - ERROR - RealisticBacktester - Signal-trade correspondence validation FAILED
2026-06-12 15:37:05,836 - ERROR - RealisticBacktester -   - Only 16/32 (50.0%) signals had corresponding trade attempts
2026-06-12 15:37:05,839 - WARNING - RealisticBacktester - Minimal execution confirmation showed low correspondence. 16 out of 32 non-zero signals had no corresponding trade attempts.
2026-06-12 15:37:06,516 - WARNING - RealisticBacktester - Data is too old: 2026-06-11 00:00:00 vs current time
2026-06-12 15:37:06,519 - WARNING - RealisticBacktester - Could not detect missing candles: Invalid frequency: 1H. Failed to parse with error message: ValueError("Invalid frequency: H. Failed to parse with error message: KeyError('H'). Did you mean h?")
2026-06-12 15:37:07,456 - WARNING - RealisticBacktester - Trade count validation issues for ETHUSDT
2026-06-12 15:37:07,459 - WARNING - RealisticBacktester -   - Low trade count: 0 < 1 expected for 2.9 months of ETHUSDT data (should have at least some trades after 2 weeks)
2026-06-12 15:37:07,462 - WARNING - RealisticBacktester - Trade density validation issues:
2026-06-12 15:37:07,465 - WARNING - RealisticBacktester -   - Zero trades executed: 0 trades for 2113 data points. This may indicate a strategy that never generates signals or has overly restrictive conditions.
2026-06-12 15:37:07,468 - WARNING - RealisticBacktester - Zero trade strategy detected - this may be normal for some strategies
2026-06-12 15:37:07,472 - ERROR - RealisticBacktester - FAIL-FAST TRIGGERED: Zero trades executed over 1+ month period - rejecting from optimization
2026-06-12 15:37:07,562 - WARNING - RealisticBacktester - Data is too old: 2026-06-11 00:00:00 vs current time
2026-06-12 15:37:07,566 - WARNING - RealisticBacktester - Could not detect missing candles: Invalid frequency: 1H. Failed to parse with error message: ValueError("Invalid frequency: H. Failed to parse with error message: KeyError('H'). Did you mean h?")
2026-06-12 15:37:08,328 - ERROR - RealisticBacktester - Signal-trade correspondence validation FAILED
2026-06-12 15:37:08,332 - ERROR - RealisticBacktester -   - Only 40/76 (52.6%) signals had corresponding trade attempts
2026-06-12 15:37:08,335 - WARNING - RealisticBacktester - Minimal execution confirmation showed low correspondence. 36 out of 76 non-zero signals had no corresponding trade attempts.
2026-06-12 15:37:09,113 - WARNING - RealisticBacktester - Data is too old: 2026-06-11 00:00:00 vs current time
2026-06-12 15:37:09,116 - WARNING - RealisticBacktester - Could not detect missing candles: Invalid frequency: 1H. Failed to parse with error message: ValueError("Invalid frequency: H. Failed to parse with error message: KeyError('H'). Did you mean h?")
2026-06-12 15:37:12,712 - ERROR - RealisticBacktester - Signal-trade correspondence validation FAILED
2026-06-12 15:37:12,716 - ERROR - RealisticBacktester -   - Only 36/82 (43.9%) signals had corresponding trade attempts
2026-06-12 15:37:12,718 - WARNING - RealisticBacktester - Minimal execution confirmation showed low correspondence. 46 out of 82 non-zero signals had no corresponding trade attempts.
2026-06-12 15:37:15,090 - WARNING - RealisticBacktester - Data is too old: 2026-06-11 00:00:00 vs current time
2026-06-12 15:37:15,094 - WARNING - RealisticBacktester - Could not detect missing candles: Invalid frequency: 1H. Failed to parse with error message: ValueError("Invalid frequency: H. Failed to parse with error message: KeyError('H'). Did you mean h?")
2026-06-12 15:37:15,785 - WARNING - RealisticBacktester - Trade count validation issues for ETHUSDT
2026-06-12 15:37:15,790 - WARNING - RealisticBacktester -   - Low trade count: 0 < 1 expected for 2.9 months of ETHUSDT data (should have at least some trades after 2 weeks)
2026-06-12 15:37:15,794 - WARNING - RealisticBacktester - Trade density validation issues:
2026-06-12 15:37:15,797 - WARNING - RealisticBacktester -   - Zero trades executed: 0 trades for 2113 data points. This may indicate a strategy that never generates signals or has overly restrictive conditions.
2026-06-12 15:37:15,802 - WARNING - RealisticBacktester - Zero trade strategy detected - this may be normal for some strategies
2026-06-12 15:37:15,806 - ERROR - RealisticBacktester - FAIL-FAST TRIGGERED: Zero trades executed over 1+ month period - rejecting from optimization
2026-06-12 15:37:15,890 - WARNING - RealisticBacktester - Data is too old: 2026-06-11 00:00:00 vs current time
2026-06-12 15:37:15,894 - WARNING - RealisticBacktester - Could not detect missing candles: Invalid frequency: 1H. Failed to parse with error message: ValueError("Invalid frequency: H. Failed to parse with error message: KeyError('H'). Did you mean h?")
2026-06-12 15:37:18,558 - ERROR - RealisticBacktester - Signal-trade correspondence validation FAILED
2026-06-12 15:37:18,562 - ERROR - RealisticBacktester -   - Only 9/16 (56.2%) signals had corresponding trade attempts
2026-06-12 15:37:18,565 - WARNING - RealisticBacktester - Minimal execution confirmation showed low correspondence. 7 out of 16 non-zero signals had no corresponding trade attempts.
2026-06-12 15:37:22,128 - WARNING - RealisticBacktester - Data is too old: 2026-06-11 00:00:00 vs current time
2026-06-12 15:37:22,133 - WARNING - RealisticBacktester - Could not detect missing candles: Invalid frequency: 1H. Failed to parse with error message: ValueError("Invalid frequency: H. Failed to parse with error message: KeyError('H'). Did you mean h?")
2026-06-12 15:37:23,147 - ERROR - RealisticBacktester - Signal-trade correspondence validation FAILED
2026-06-12 15:37:23,151 - ERROR - RealisticBacktester -   - Only 30/118 (25.4%) signals had corresponding trade attempts
2026-06-12 15:37:23,156 - WARNING - RealisticBacktester - Minimal execution confirmation showed low correspondence. 88 out of 118 non-zero signals had no corresponding trade attempts.
2026-06-12 15:37:24,291 - WARNING - RealisticBacktester - Data is too old: 2026-06-11 00:00:00 vs current time
2026-06-12 15:37:24,295 - WARNING - RealisticBacktester - Could not detect missing candles: Invalid frequency: 1H. Failed to parse with error message: ValueError("Invalid frequency: H. Failed to parse with error message: KeyError('H'). Did you mean h?")
2026-06-12 15:37:25,394 - ERROR - RealisticBacktester - Signal-trade correspondence validation FAILED
2026-06-12 15:37:25,398 - ERROR - RealisticBacktester -   - Only 24/43 (55.8%) signals had corresponding trade attempts
2026-06-12 15:37:25,401 - WARNING - RealisticBacktester - Minimal execution confirmation showed low correspondence. 19 out of 43 non-zero signals had no corresponding trade attempts.


📊 BACKTEST SUMMARY
   Strategy: volatility_breakout
   Symbols processed: 1
   Successful: 1
   Failed: 0
   Average Return: -0.21%
   Average Sharpe: -0.50
   Average Max DD: -0.21%
   Average Win Rate: 50.00%
   Total Trades: 3
   Duration: 2.43s

✅ Backtest completed with validation
[119/144] S4 BTCUSDT volatility_breakout: INSUFFICIENT_DATA pnl=-17.419399844902554 tr=1
📈 Starting backtest process for strategy: crypto_breakout
   Symbols: ['BTCUSDT']
   Date Range: 2026-03-15 to 2026-06-11
   Initial Capital: $10,000.00
   Fee Rate: 0.100%
   Slippage Factor: 0.050%
   Timestamp: 2026-06-12 15:37:04

🔍 Backtesting crypto_breakout on BTCUSDT...
   Date range filter applied: 2026-03-15 to 2026-06-11, data range: 2026-03-15 to 2026-06-11, rows: 2113
   ❌ Error during backtest for BTCUSDT: Zero trade strategy detected during backtest.
  Duration: 88 days (2.9 months)
  Trades: 0
  Data points: 2113
  Symbol: BTCUSDT
  This may be normal for some strategies in certain market conditions.

📊 BACKTEST SUMMARY
   Strategy: crypto_breakout
   Symbols processed: 1
   Successful: 0
   Failed: 1
   Duration: 0.67s

✅ Backtest completed with validation
[120/144] S4 BTCUSDT crypto_breakout: error pnl=None tr=None
📈 Starting backtest process for strategy: trend_following
   Symbols: ['ETHUSDT']
   Date Range: 2026-03-15 to 2026-06-11
   Initial Capital: $10,000.00
   Fee Rate: 0.100%
   Slippage Factor: 0.050%
   Timestamp: 2026-06-12 15:37:04

🔍 Backtesting trend_following on ETHUSDT...
   Date range filter applied: 2026-03-15 to 2026-06-11, data range: 2026-03-15 to 2026-06-11, rows: 2113
   ✅ ETHUSDT backtest completed
      Return: -2.13%
      Sharpe: -0.66
      Max DD: -2.71%
      Trades: 31
      Signal Audit - Generated: 2113, Filtered: 0, Entries: 2113

📊 BACKTEST SUMMARY
   Strategy: trend_following
   Symbols processed: 1
   Successful: 1
   Failed: 0
   Average Return: -2.13%
   Average Sharpe: -0.66
   Average Max DD: -2.71%
   Average Win Rate: 9.68%
   Total Trades: 31
   Duration: 1.48s

✅ Backtest completed with validation
[121/144] S4 ETHUSDT trend_following: DIRECTIONAL_NO_GO pnl=-180.7812332034999 tr=15
📈 Starting backtest process for strategy: mean_reversion
   Symbols: ['ETHUSDT']
   Date Range: 2026-03-15 to 2026-06-11
   Initial Capital: $10,000.00
   Fee Rate: 0.100%
   Slippage Factor: 0.050%
   Timestamp: 2026-06-12 15:37:06

🔍 Backtesting mean_reversion on ETHUSDT...
   Date range filter applied: 2026-03-15 to 2026-06-11, data range: 2026-03-15 to 2026-06-11, rows: 2113
   ❌ Error during backtest for ETHUSDT: Zero trade strategy detected during backtest.
  Duration: 88 days (2.9 months)
  Trades: 0
  Data points: 2113
  Symbol: ETHUSDT
  This may be normal for some strategies in certain market conditions.

📊 BACKTEST SUMMARY
   Strategy: mean_reversion
   Symbols processed: 1
   Successful: 0
   Failed: 1
   Duration: 1.03s

✅ Backtest completed with validation
[122/144] S4 ETHUSDT mean_reversion: error pnl=None tr=None
📈 Starting backtest process for strategy: momentum
   Symbols: ['ETHUSDT']
   Date Range: 2026-03-15 to 2026-06-11
   Initial Capital: $10,000.00
   Fee Rate: 0.100%
   Slippage Factor: 0.050%
   Timestamp: 2026-06-12 15:37:07

🔍 Backtesting momentum on ETHUSDT...
   Date range filter applied: 2026-03-15 to 2026-06-11, data range: 2026-03-15 to 2026-06-11, rows: 2113
   ✅ ETHUSDT backtest completed
      Return: -4.62%
      Sharpe: -0.90
      Max DD: -5.40%
      Trades: 79
      Signal Audit - Generated: 2113, Filtered: 0, Entries: 2113

📊 BACKTEST SUMMARY
   Strategy: momentum
   Symbols processed: 1
   Successful: 1
   Failed: 0
   Average Return: -4.62%
   Average Sharpe: -0.90
   Average Max DD: -5.40%
   Average Win Rate: 15.19%
   Total Trades: 79
   Duration: 1.52s

✅ Backtest completed with validation
[123/144] S4 ETHUSDT momentum: DIRECTIONAL_NO_GO pnl=-383.1437778258382 tr=39
📈 Starting backtest process for strategy: scalping
   Symbols: ['ETHUSDT']
   Date Range: 2026-03-15 to 2026-06-11
   Initial Capital: $10,000.00
   Fee Rate: 0.100%
   Slippage Factor: 0.050%
   Timestamp: 2026-06-12 15:37:09

🔍 Backtesting scalping on ETHUSDT...
   Date range filter applied: 2026-03-15 to 2026-06-11, data range: 2026-03-15 to 2026-06-11, rows: 2113
   ✅ ETHUSDT backtest completed
      Return: -0.09%
      Sharpe: -0.02
      Max DD: -1.58%
      Trades: 69
      Signal Audit - Generated: 2113, Filtered: 0, Entries: 2113

📊 BACKTEST SUMMARY
   Strategy: scalping
   Symbols processed: 1
   Successful: 1
   Failed: 0
   Average Return: -0.09%
   Average Sharpe: -0.02
   Average Max DD: -1.58%
   Average Win Rate: 24.64%
   Total Trades: 69
   Duration: 5.98s

✅ Backtest completed with validation
[124/144] S4 ETHUSDT scalping: INSUFFICIENT_DATA pnl=61.24357345390939 tr=33
📈 Starting backtest process for strategy: breakout
   Symbols: ['ETHUSDT']
   Date Range: 2026-03-15 to 2026-06-11
   Initial Capital: $10,000.00
   Fee Rate: 0.100%
   Slippage Factor: 0.050%
   Timestamp: 2026-06-12 15:37:15

🔍 Backtesting breakout on ETHUSDT...
   Date range filter applied: 2026-03-15 to 2026-06-11, data range: 2026-03-15 to 2026-06-11, rows: 2113
   ❌ Error during backtest for ETHUSDT: Zero trade strategy detected during backtest.
  Duration: 88 days (2.9 months)
  Trades: 0
  Data points: 2113
  Symbol: ETHUSDT
  This may be normal for some strategies in certain market conditions.

📊 BACKTEST SUMMARY
   Strategy: breakout
   Symbols processed: 1
   Successful: 0
   Failed: 1
   Duration: 0.80s

✅ Backtest completed with validation
[125/144] S4 ETHUSDT breakout: error pnl=None tr=None
📈 Starting backtest process for strategy: liquidity
   Symbols: ['ETHUSDT']
   Date Range: 2026-03-15 to 2026-06-11
   Initial Capital: $10,000.00
   Fee Rate: 0.100%
   Slippage Factor: 0.050%
   Timestamp: 2026-06-12 15:37:15

🔍 Backtesting liquidity on ETHUSDT...
   Date range filter applied: 2026-03-15 to 2026-06-11, data range: 2026-03-15 to 2026-06-11, rows: 2113
   ✅ ETHUSDT backtest completed
      Return: -0.26%
      Sharpe: -0.09
      Max DD: -1.15%
      Trades: 17
      Signal Audit - Generated: 2113, Filtered: 0, Entries: 2113

📊 BACKTEST SUMMARY
   Strategy: liquidity
   Symbols processed: 1
   Successful: 1
   Failed: 0
   Average Return: -0.26%
   Average Sharpe: -0.09
   Average Max DD: -1.15%
   Average Win Rate: 17.65%
   Total Trades: 17
   Duration: 6.22s

✅ Backtest completed with validation
[126/144] S4 ETHUSDT liquidity: INSUFFICIENT_DATA pnl=-7.663588633719314 tr=8
📈 Starting backtest process for strategy: mtf_trend
   Symbols: ['ETHUSDT']
   Date Range: 2026-03-15 to 2026-06-11
   Initial Capital: $10,000.00
   Fee Rate: 0.100%
   Slippage Factor: 0.050%
   Timestamp: 2026-06-12 15:37:22

🔍 Backtesting mtf_trend on ETHUSDT...
   Date range filter applied: 2026-03-15 to 2026-06-11, data range: 2026-03-15 to 2026-06-11, rows: 2113
   ✅ ETHUSDT backtest completed
      Return: -2.07%
      Sharpe: -0.52
      Max DD: -2.81%
      Trades: 59
      Signal Audit - Generated: 2113, Filtered: 0, Entries: 2113

📊 BACKTEST SUMMARY
   Strategy: mtf_trend
   Symbols processed: 1
   Successful: 1
   Failed: 0
   Average Return: -2.07%
   Average Sharpe: -0.52
   Average Max DD: -2.81%
   Average Win Rate: 18.64%
   Total Trades: 59
   Duration: 2.15s

✅ Backtest completed with validation
[127/144] S4 ETHUSDT mtf_trend: DIRECTIONAL_NO_GO pnl=-146.92005918136107 tr=29
📈 Starting backtest process for strategy: oi_footprint
   Symbols: ['ETHUSDT']
   Date Range: 2026-03-15 to 2026-06-11
   Initial Capital: $10,000.00
   Fee Rate: 0.100%
   Slippage Factor: 0.050%
   Timestamp: 2026-06-12 15:37:24

🔍 Backtesting oi_footprint on ETHUSDT...
   Date range filter applied: 2026-03-15 to 2026-06-11, data range: 2026-03-15 to 2026-06-11, rows: 2113
   ✅ ETHUSDT backtest completed
      Return: 1.65%
      Sharpe: 0.45
      Max DD: -0.74%
      Trades: 45
      Signal Audit - Generated: 2113, Filtered: 0, Entries: 2113

📊 BACKTEST SUMMARY
   Strategy: oi_footprint
   Symbols processed: 1
   Successful: 1
   Failed: 02026-06-12 15:37:26,618 - WARNING - RealisticBacktester - Data is too old: 2026-06-11 00:00:00 vs current time
2026-06-12 15:37:26,628 - WARNING - RealisticBacktester - Could not detect missing candles: Invalid frequency: 1H. Failed to parse with error message: ValueError("Invalid frequency: H. Failed to parse with error message: KeyError('H'). Did you mean h?")
2026-06-12 15:37:27,589 - ERROR - RealisticBacktester - Signal-trade correspondence validation FAILED
2026-06-12 15:37:27,594 - ERROR - RealisticBacktester -   - Only 6/231 (2.6%) signals had corresponding trade attempts
2026-06-12 15:37:27,597 - WARNING - RealisticBacktester - Minimal execution confirmation showed low correspondence. 225 out of 231 non-zero signals had no corresponding trade attempts.
2026-06-12 15:37:28,308 - WARNING - RealisticBacktester - Data is too old: 2026-06-11 00:00:00 vs current time
2026-06-12 15:37:28,312 - WARNING - RealisticBacktester - Could not detect missing candles: Invalid frequency: 1H. Failed to parse with error message: ValueError("Invalid frequency: H. Failed to parse with error message: KeyError('H'). Did you mean h?")
2026-06-12 15:37:29,162 - WARNING - RealisticBacktester - Trade count validation issues for ETHUSDT
2026-06-12 15:37:29,166 - WARNING - RealisticBacktester -   - Low trade count: 0 < 1 expected for 2.9 months of ETHUSDT data (should have at least some trades after 2 weeks)
2026-06-12 15:37:29,168 - WARNING - RealisticBacktester - Trade density validation issues:
2026-06-12 15:37:29,171 - WARNING - RealisticBacktester -   - Zero trades executed: 0 trades for 2113 data points. This may indicate a strategy that never generates signals or has overly restrictive conditions.
2026-06-12 15:37:29,173 - WARNING - RealisticBacktester - Zero trade strategy detected - this may be normal for some strategies
2026-06-12 15:37:29,174 - ERROR - RealisticBacktester - FAIL-FAST TRIGGERED: Zero trades executed over 1+ month period - rejecting from optimization
2026-06-12 15:37:29,267 - WARNING - RealisticBacktester - Data is too old: 2026-06-11 00:00:00 vs current time
2026-06-12 15:37:29,269 - WARNING - RealisticBacktester - Could not detect missing candles: Invalid frequency: 1H. Failed to parse with error message: ValueError("Invalid frequency: H. Failed to parse with error message: KeyError('H'). Did you mean h?")
2026-06-12 15:37:31,347 - WARNING - RealisticBacktester - Data is too old: 2026-06-11 00:00:00 vs current time
2026-06-12 15:37:31,351 - WARNING - RealisticBacktester - Could not detect missing candles: Invalid frequency: 1H. Failed to parse with error message: ValueError("Invalid frequency: H. Failed to parse with error message: KeyError('H'). Did you mean h?")
2026-06-12 15:37:32,107 - WARNING - RealisticBacktester - Trade count validation issues for ETHUSDT
2026-06-12 15:37:32,110 - WARNING - RealisticBacktester -   - Low trade count: 0 < 1 expected for 2.9 months of ETHUSDT data (should have at least some trades after 2 weeks)
2026-06-12 15:37:32,112 - WARNING - RealisticBacktester - Trade density validation issues:
2026-06-12 15:37:32,114 - WARNING - RealisticBacktester -   - Zero trades executed: 0 trades for 2113 data points. This may indicate a strategy that never generates signals or has overly restrictive conditions.
2026-06-12 15:37:32,116 - WARNING - RealisticBacktester - Zero trade strategy detected - this may be normal for some strategies
2026-06-12 15:37:32,118 - ERROR - RealisticBacktester - FAIL-FAST TRIGGERED: Zero trades executed over 1+ month period - rejecting from optimization
2026-06-12 15:37:32,195 - WARNING - RealisticBacktester - Data is too old: 2026-06-11 00:00:00 vs current time
2026-06-12 15:37:32,197 - WARNING - RealisticBacktester - Could not detect missing candles: Invalid frequency: 1H. Failed to parse with error message: ValueError("Invalid frequency: H. Failed to parse with error message: KeyError('H'). Did you mean h?")
2026-06-12 15:37:33,122 - ERROR - RealisticBacktester - Signal-trade correspondence validation FAILED
2026-06-12 15:37:33,124 - ERROR - RealisticBacktester -   - Only 17/33 (51.5%) signals had corresponding trade attempts
2026-06-12 15:37:33,127 - WARNING - RealisticBacktester - Minimal execution confirmation showed low correspondence. 16 out of 33 non-zero signals had no corresponding trade attempts.
2026-06-12 15:37:34,479 - WARNING - RealisticBacktester - Data is too old: 2026-06-11 00:00:00 vs current time
2026-06-12 15:37:34,482 - WARNING - RealisticBacktester - Could not detect missing candles: Invalid frequency: 1H. Failed to parse with error message: ValueError("Invalid frequency: H. Failed to parse with error message: KeyError('H'). Did you mean h?")
2026-06-12 15:37:35,586 - WARNING - RealisticBacktester - Trade count validation issues for SOLUSDT
2026-06-12 15:37:35,590 - WARNING - RealisticBacktester -   - Low trade count: 0 < 1 expected for 2.9 months of SOLUSDT data (should have at least some trades after 2 weeks)
2026-06-12 15:37:35,593 - WARNING - RealisticBacktester - Trade density validation issues:
2026-06-12 15:37:35,597 - WARNING - RealisticBacktester -   - Zero trades executed: 0 trades for 2113 data points. This may indicate a strategy that never generates signals or has overly restrictive conditions.
2026-06-12 15:37:35,600 - WARNING - RealisticBacktester - Zero trade strategy detected - this may be normal for some strategies
2026-06-12 15:37:35,604 - ERROR - RealisticBacktester - FAIL-FAST TRIGGERED: Zero trades executed over 1+ month period - rejecting from optimization
2026-06-12 15:37:35,702 - WARNING - RealisticBacktester - Data is too old: 2026-06-11 00:00:00 vs current time
2026-06-12 15:37:35,706 - WARNING - RealisticBacktester - Could not detect missing candles: Invalid frequency: 1H. Failed to parse with error message: ValueError("Invalid frequency: H. Failed to parse with error message: KeyError('H'). Did you mean h?")
2026-06-12 15:37:36,390 - ERROR - RealisticBacktester - Signal-trade correspondence validation FAILED
2026-06-12 15:37:36,394 - ERROR - RealisticBacktester -   - Only 38/74 (51.4%) signals had corresponding trade attempts
2026-06-12 15:37:36,398 - WARNING - RealisticBacktester - Minimal execution confirmation showed low correspondence. 36 out of 74 non-zero signals had no corresponding trade attempts.
2026-06-12 15:37:37,037 - WARNING - RealisticBacktester - Data is too old: 2026-06-11 00:00:00 vs current time
2026-06-12 15:37:37,041 - WARNING - RealisticBacktester - Could not detect missing candles: Invalid frequency: 1H. Failed to parse with error message: ValueError("Invalid frequency: H. Failed to parse with error message: KeyError('H'). Did you mean h?")
2026-06-12 15:37:39,325 - ERROR - RealisticBacktester - Signal-trade correspondence validation FAILED
2026-06-12 15:37:39,329 - ERROR - RealisticBacktester -   - Only 44/88 (50.0%) signals had corresponding trade attempts
2026-06-12 15:37:39,333 - WARNING - RealisticBacktester - Minimal execution confirmation showed low correspondence. 44 out of 88 non-zero signals had no corresponding trade attempts.
2026-06-12 15:37:42,358 - WARNING - RealisticBacktester - Data is too old: 2026-06-11 00:00:00 vs current time
2026-06-12 15:37:42,361 - WARNING - RealisticBacktester - Could not detect missing candles: Invalid frequency: 1H. Failed to parse with error message: ValueError("Invalid frequency: H. Failed to parse with error message: KeyError('H'). Did you mean h?")
2026-06-12 15:37:43,289 - WARNING - RealisticBacktester - Trade count validation issues for SOLUSDT
2026-06-12 15:37:43,292 - WARNING - RealisticBacktester -   - Low trade count: 0 < 1 expected for 2.9 months of SOLUSDT data (should have at least some trades after 2 weeks)
2026-06-12 15:37:43,295 - WARNING - RealisticBacktester - Trade density validation issues:
2026-06-12 15:37:43,298 - WARNING - RealisticBacktester -   - Zero trades executed: 0 trades for 2113 data points. This may indicate a strategy that never generates signals or has overly restrictive conditions.
2026-06-12 15:37:43,301 - WARNING - RealisticBacktester - Zero trade strategy detected - this may be normal for some strategies
2026-06-12 15:37:43,304 - ERROR - RealisticBacktester - FAIL-FAST TRIGGERED: Zero trades executed over 1+ month period - rejecting from optimization

   Average Return: 1.65%
   Average Sharpe: 0.45
   Average Max DD: -0.74%
   Average Win Rate: 28.89%
   Total Trades: 45
   Duration: 2.30s

✅ Backtest completed with validation
[128/144] S4 ETHUSDT oi_footprint: INSUFFICIENT_DATA pnl=211.91109594418845 tr=22
📈 Starting backtest process for strategy: sweep_scalper
   Symbols: ['ETHUSDT']
   Date Range: 2026-03-15 to 2026-06-11
   Initial Capital: $10,000.00
   Fee Rate: 0.100%
   Slippage Factor: 0.050%
   Timestamp: 2026-06-12 15:37:26

🔍 Backtesting sweep_scalper on ETHUSDT...
   Date range filter applied: 2026-03-15 to 2026-06-11, data range: 2026-03-15 to 2026-06-11, rows: 2113
   ✅ ETHUSDT backtest completed
      Return: -0.64%
      Sharpe: -0.48
      Max DD: -0.85%
      Trades: 9
      Signal Audit - Generated: 2113, Filtered: 0, Entries: 2113

📊 BACKTEST SUMMARY
   Strategy: sweep_scalper
   Symbols processed: 1
   Successful: 1
   Failed: 0
   Average Return: -0.64%
   Average Sharpe: -0.48
   Average Max DD: -0.85%
   Average Win Rate: 11.11%
   Total Trades: 9
   Duration: 1.67s

✅ Backtest completed with validation
[129/144] S4 ETHUSDT sweep_scalper: INSUFFICIENT_DATA pnl=-51.90372094038014 tr=3
📈 Starting backtest process for strategy: vwap_reversal
   Symbols: ['ETHUSDT']
   Date Range: 2026-03-15 to 2026-06-11
   Initial Capital: $10,000.00
   Fee Rate: 0.100%
   Slippage Factor: 0.050%
   Timestamp: 2026-06-12 15:37:28

🔍 Backtesting vwap_reversal on ETHUSDT...
   Date range filter applied: 2026-03-15 to 2026-06-11, data range: 2026-03-15 to 2026-06-11, rows: 2113
   ❌ Error during backtest for ETHUSDT: Zero trade strategy detected during backtest.
  Duration: 88 days (2.9 months)
  Trades: 0
  Data points: 2113
  Symbol: ETHUSDT
  This may be normal for some strategies in certain market conditions.

📊 BACKTEST SUMMARY
   Strategy: vwap_reversal
   Symbols processed: 1
   Successful: 0
   Failed: 1
   Duration: 0.95s

✅ Backtest completed with validation
[130/144] S4 ETHUSDT vwap_reversal: error pnl=None tr=None
📈 Starting backtest process for strategy: volatility_breakout
   Symbols: ['ETHUSDT']
   Date Range: 2026-03-15 to 2026-06-11
   Initial Capital: $10,000.00
   Fee Rate: 0.100%
   Slippage Factor: 0.050%
   Timestamp: 2026-06-12 15:37:29

🔍 Backtesting volatility_breakout on ETHUSDT...
   Date range filter applied: 2026-03-15 to 2026-06-11, data range: 2026-03-15 to 2026-06-11, rows: 2113
   ✅ ETHUSDT backtest completed
      Return: -0.26%
      Sharpe: -0.25
      Max DD: -0.52%
      Trades: 7
      Signal Audit - Generated: 2113, Filtered: 0, Entries: 2113

📊 BACKTEST SUMMARY
   Strategy: volatility_breakout
   Symbols processed: 1
   Successful: 1
   Failed: 0
   Average Return: -0.26%
   Average Sharpe: -0.25
   Average Max DD: -0.52%
   Average Win Rate: 14.29%
   Total Trades: 7
   Duration: 2.08s

✅ Backtest completed with validation
[131/144] S4 ETHUSDT volatility_breakout: INSUFFICIENT_DATA pnl=-18.376444278083106 tr=3
📈 Starting backtest process for strategy: crypto_breakout
   Symbols: ['ETHUSDT']
   Date Range: 2026-03-15 to 2026-06-11
   Initial Capital: $10,000.00
   Fee Rate: 0.100%
   Slippage Factor: 0.050%
   Timestamp: 2026-06-12 15:37:31

🔍 Backtesting crypto_breakout on ETHUSDT...
   Date range filter applied: 2026-03-15 to 2026-06-11, data range: 2026-03-15 to 2026-06-11, rows: 2113
   ❌ Error during backtest for ETHUSDT: Zero trade strategy detected during backtest.
  Duration: 88 days (2.9 months)
  Trades: 0
  Data points: 2113
  Symbol: ETHUSDT
  This may be normal for some strategies in certain market conditions.

📊 BACKTEST SUMMARY
   Strategy: crypto_breakout
   Symbols processed: 1
   Successful: 0
   Failed: 1
   Duration: 0.84s

✅ Backtest completed with validation
[132/144] S4 ETHUSDT crypto_breakout: error pnl=None tr=None
📈 Starting backtest process for strategy: trend_following
   Symbols: ['SOLUSDT']
   Date Range: 2026-03-15 to 2026-06-11
   Initial Capital: $10,000.00
   Fee Rate: 0.100%
   Slippage Factor: 0.050%
   Timestamp: 2026-06-12 15:37:32

🔍 Backtesting trend_following on SOLUSDT...
   Date range filter applied: 2026-03-15 to 2026-06-11, data range: 2026-03-15 to 2026-06-11, rows: 2113
   ✅ SOLUSDT backtest completed
      Return: -0.74%
      Sharpe: -0.19
      Max DD: -2.17%
      Trades: 33
      Signal Audit - Generated: 2113, Filtered: 0, Entries: 2113

📊 BACKTEST SUMMARY
   Strategy: trend_following
   Symbols processed: 1
   Successful: 1
   Failed: 0
   Average Return: -0.74%
   Average Sharpe: -0.19
   Average Max DD: -2.17%
   Average Win Rate: 18.18%
   Total Trades: 33
   Duration: 2.23s

✅ Backtest completed with validation
[133/144] S4 SOLUSDT trend_following: INSUFFICIENT_DATA pnl=-39.99328211241646 tr=16
📈 Starting backtest process for strategy: mean_reversion
   Symbols: ['SOLUSDT']
   Date Range: 2026-03-15 to 2026-06-11
   Initial Capital: $10,000.00
   Fee Rate: 0.100%
   Slippage Factor: 0.050%
   Timestamp: 2026-06-12 15:37:34

🔍 Backtesting mean_reversion on SOLUSDT...
   Date range filter applied: 2026-03-15 to 2026-06-11, data range: 2026-03-15 to 2026-06-11, rows: 2113
   ❌ Error during backtest for SOLUSDT: Zero trade strategy detected during backtest.
  Duration: 88 days (2.9 months)
  Trades: 0
  Data points: 2113
  Symbol: SOLUSDT
  This may be normal for some strategies in certain market conditions.

📊 BACKTEST SUMMARY
   Strategy: mean_reversion
   Symbols processed: 1
   Successful: 0
   Failed: 1
   Duration: 1.23s

✅ Backtest completed with validation
[134/144] S4 SOLUSDT mean_reversion: error pnl=None tr=None
📈 Starting backtest process for strategy: momentum
   Symbols: ['SOLUSDT']
   Date Range: 2026-03-15 to 2026-06-11
   Initial Capital: $10,000.00
   Fee Rate: 0.100%
   Slippage Factor: 0.050%
   Timestamp: 2026-06-12 15:37:35

🔍 Backtesting momentum on SOLUSDT...
   Date range filter applied: 2026-03-15 to 2026-06-11, data range: 2026-03-15 to 2026-06-11, rows: 2113
   ✅ SOLUSDT backtest completed
      Return: -6.21%
      Sharpe: -1.12
      Max DD: -7.00%
      Trades: 75
      Signal Audit - Generated: 2113, Filtered: 0, Entries: 2113

📊 BACKTEST SUMMARY
   Strategy: momentum
   Symbols processed: 1
   Successful: 1
   Failed: 0
   Average Return: -6.21%
   Average Sharpe: -1.12
   Average Max DD: -7.00%
   Average Win Rate: 13.33%
   Total Trades: 75
   Duration: 1.32s

✅ Backtest completed with validation
[135/144] S4 SOLUSDT momentum: DIRECTIONAL_NO_GO pnl=-545.8060071509215 tr=37
📈 Starting backtest process for strategy: scalping
   Symbols: ['SOLUSDT']
   Date Range: 2026-03-15 to 2026-06-11
   Initial Capital: $10,000.00
   Fee Rate: 0.100%
   Slippage Factor: 0.050%
   Timestamp: 2026-06-12 15:37:36

🔍 Backtesting scalping on SOLUSDT...
   Date range filter applied: 2026-03-15 to 2026-06-11, data range: 2026-03-15 to 2026-06-11, rows: 2113
   ✅ SOLUSDT backtest completed
      Return: -4.06%
      Sharpe: -0.82
      Max DD: -5.09%
      Trades: 83
      Signal Audit - Generated: 2113, Filtered: 0, Entries: 2113

📊 BACKTEST SUMMARY
   Strategy: scalping
   Symbols processed: 1
   Successful: 1
   Failed: 0
   Average Return: -4.06%
   Average Sharpe: -0.82
   Average Max DD: -5.09%
   Average Win Rate: 15.66%
   Total Trades: 83
   Duration: 5.27s

✅ Backtest completed with validation
[136/144] S4 SOLUSDT scalping: INSUFFICIENT_DATA pnl=-322.467935338176 tr=40
📈 Starting backtest process for strategy: breakout
   Symbols: ['SOLUSDT']
   Date Range: 2026-03-15 to 2026-06-11
   Initial Capital: $10,000.00
   Fee Rate: 0.100%
   Slippage Factor: 0.050%
   Timestamp: 2026-06-12 15:37:42

🔍 Backtesting breakout on SOLUSDT...
   Date range filter applied: 2026-03-15 to 2026-06-11, data range: 2026-03-15 to 2026-06-11, rows: 2113
   ❌ Error during backtest for SOLUSDT: Zero trade strategy detected during backtest.
  Duration: 88 days (2.9 months)
  Trades: 0
  Data points: 2113
  Symbol: SOLUSDT
  This may be normal for some strategies in certain market conditions.

📊 BACKTEST SUMMARY
   Strategy: breakout
   Symbols processed: 1
   Successful: 0
2026-06-12 15:37:43,421 - WARNING - RealisticBacktester - Data is too old: 2026-06-11 00:00:00 vs current time
2026-06-12 15:37:43,424 - WARNING - RealisticBacktester - Could not detect missing candles: Invalid frequency: 1H. Failed to parse with error message: ValueError("Invalid frequency: H. Failed to parse with error message: KeyError('H'). Did you mean h?")
2026-06-12 15:37:46,618 - ERROR - RealisticBacktester - Signal-trade correspondence validation FAILED
2026-06-12 15:37:46,621 - ERROR - RealisticBacktester -   - Only 10/17 (58.8%) signals had corresponding trade attempts
2026-06-12 15:37:46,625 - WARNING - RealisticBacktester - Minimal execution confirmation showed low correspondence. 7 out of 17 non-zero signals had no corresponding trade attempts.
2026-06-12 15:37:55,051 - WARNING - RealisticBacktester - Data is too old: 2026-06-11 00:00:00 vs current time
2026-06-12 15:37:55,055 - WARNING - RealisticBacktester - Could not detect missing candles: Invalid frequency: 1H. Failed to parse with error message: ValueError("Invalid frequency: H. Failed to parse with error message: KeyError('H'). Did you mean h?")
2026-06-12 15:37:59,687 - ERROR - RealisticBacktester - Signal-trade correspondence validation FAILED
2026-06-12 15:37:59,691 - ERROR - RealisticBacktester -   - Only 45/128 (35.2%) signals had corresponding trade attempts
2026-06-12 15:37:59,695 - WARNING - RealisticBacktester - Minimal execution confirmation showed low correspondence. 83 out of 128 non-zero signals had no corresponding trade attempts.
2026-06-12 15:38:03,210 - WARNING - RealisticBacktester - Data is too old: 2026-06-11 00:00:00 vs current time
2026-06-12 15:38:03,220 - WARNING - RealisticBacktester - Could not detect missing candles: Invalid frequency: 1H. Failed to parse with error message: ValueError("Invalid frequency: H. Failed to parse with error message: KeyError('H'). Did you mean h?")
2026-06-12 15:38:08,153 - ERROR - RealisticBacktester - Signal-trade correspondence validation FAILED
2026-06-12 15:38:08,156 - ERROR - RealisticBacktester -   - Only 22/39 (56.4%) signals had corresponding trade attempts
2026-06-12 15:38:08,159 - WARNING - RealisticBacktester - Minimal execution confirmation showed low correspondence. 17 out of 39 non-zero signals had no corresponding trade attempts.
2026-06-12 15:38:10,290 - WARNING - RealisticBacktester - Data is too old: 2026-06-11 00:00:00 vs current time
2026-06-12 15:38:10,295 - WARNING - RealisticBacktester - Could not detect missing candles: Invalid frequency: 1H. Failed to parse with error message: ValueError("Invalid frequency: H. Failed to parse with error message: KeyError('H'). Did you mean h?")
2026-06-12 15:38:11,634 - ERROR - RealisticBacktester - Signal-trade correspondence validation FAILED
2026-06-12 15:38:11,637 - ERROR - RealisticBacktester -   - Only 7/233 (3.0%) signals had corresponding trade attempts
2026-06-12 15:38:11,640 - WARNING - RealisticBacktester - Minimal execution confirmation showed low correspondence. 226 out of 233 non-zero signals had no corresponding trade attempts.
2026-06-12 15:38:14,223 - WARNING - RealisticBacktester - Data is too old: 2026-06-11 00:00:00 vs current time
2026-06-12 15:38:14,247 - WARNING - RealisticBacktester - Could not detect missing candles: Invalid frequency: 1H. Failed to parse with error message: ValueError("Invalid frequency: H. Failed to parse with error message: KeyError('H'). Did you mean h?")
2026-06-12 15:38:18,487 - WARNING - RealisticBacktester - Trade count validation issues for SOLUSDT
2026-06-12 15:38:18,511 - WARNING - RealisticBacktester -   - Low trade count: 0 < 1 expected for 2.9 months of SOLUSDT data (should have at least some trades after 2 weeks)
2026-06-12 15:38:18,526 - WARNING - RealisticBacktester - Trade density validation issues:
2026-06-12 15:38:18,542 - WARNING - RealisticBacktester -   - Zero trades executed: 0 trades for 2113 data points. This may indicate a strategy that never generates signals or has overly restrictive conditions.
2026-06-12 15:38:18,556 - WARNING - RealisticBacktester - Zero trade strategy detected - this may be normal for some strategies
2026-06-12 15:38:18,568 - ERROR - RealisticBacktester - FAIL-FAST TRIGGERED: Zero trades executed over 1+ month period - rejecting from optimization
2026-06-12 15:38:18,978 - WARNING - RealisticBacktester - Data is too old: 2026-06-11 00:00:00 vs current time
2026-06-12 15:38:19,001 - WARNING - RealisticBacktester - Could not detect missing candles: Invalid frequency: 1H. Failed to parse with error message: ValueError("Invalid frequency: H. Failed to parse with error message: KeyError('H'). Did you mean h?")
2026-06-12 15:38:24,891 - WARNING - RealisticBacktester - Data is too old: 2026-06-11 00:00:00 vs current time
2026-06-12 15:38:24,894 - WARNING - RealisticBacktester - Could not detect missing candles: Invalid frequency: 1H. Failed to parse with error message: ValueError("Invalid frequency: H. Failed to parse with error message: KeyError('H'). Did you mean h?")
2026-06-12 15:38:26,037 - WARNING - RealisticBacktester - Trade count validation issues for SOLUSDT
2026-06-12 15:38:26,040 - WARNING - RealisticBacktester -   - Low trade count: 0 < 1 expected for 2.9 months of SOLUSDT data (should have at least some trades after 2 weeks)
2026-06-12 15:38:26,043 - WARNING - RealisticBacktester - Trade density validation issues:
2026-06-12 15:38:26,046 - WARNING - RealisticBacktester -   - Zero trades executed: 0 trades for 2113 data points. This may indicate a strategy that never generates signals or has overly restrictive conditions.
2026-06-12 15:38:26,048 - WARNING - RealisticBacktester - Zero trade strategy detected - this may be normal for some strategies
2026-06-12 15:38:26,050 - ERROR - RealisticBacktester - FAIL-FAST TRIGGERED: Zero trades executed over 1+ month period - rejecting from optimization
   Failed: 1
   Duration: 1.06s

✅ Backtest completed with validation
[137/144] S4 SOLUSDT breakout: error pnl=None tr=None
📈 Starting backtest process for strategy: liquidity
   Symbols: ['SOLUSDT']
   Date Range: 2026-03-15 to 2026-06-11
   Initial Capital: $10,000.00
   Fee Rate: 0.100%
   Slippage Factor: 0.050%
   Timestamp: 2026-06-12 15:37:43

🔍 Backtesting liquidity on SOLUSDT...
   Date range filter applied: 2026-03-15 to 2026-06-11, data range: 2026-03-15 to 2026-06-11, rows: 2113
   ✅ SOLUSDT backtest completed
      Return: -1.04%
      Sharpe: -0.46
      Max DD: -1.45%
      Trades: 19
      Signal Audit - Generated: 2113, Filtered: 0, Entries: 2113

📊 BACKTEST SUMMARY
   Strategy: liquidity
   Symbols processed: 1
   Successful: 1
   Failed: 0
   Average Return: -1.04%
   Average Sharpe: -0.46
   Average Max DD: -1.45%
   Average Win Rate: 15.79%
   Total Trades: 19
   Duration: 11.60s

✅ Backtest completed with validation
[138/144] S4 SOLUSDT liquidity: INSUFFICIENT_DATA pnl=-83.84017706422506 tr=9
📈 Starting backtest process for strategy: mtf_trend
   Symbols: ['SOLUSDT']
   Date Range: 2026-03-15 to 2026-06-11
   Initial Capital: $10,000.00
   Fee Rate: 0.100%
   Slippage Factor: 0.050%
   Timestamp: 2026-06-12 15:37:54

🔍 Backtesting mtf_trend on SOLUSDT...
   Date range filter applied: 2026-03-15 to 2026-06-11, data range: 2026-03-15 to 2026-06-11, rows: 2113
   ✅ SOLUSDT backtest completed
      Return: -5.22%
      Sharpe: -1.07
      Max DD: -6.36%
      Trades: 89
      Signal Audit - Generated: 2113, Filtered: 0, Entries: 2113

📊 BACKTEST SUMMARY
   Strategy: mtf_trend
   Symbols processed: 1
   Successful: 1
   Failed: 0
   Average Return: -5.22%
   Average Sharpe: -1.07
   Average Max DD: -6.36%
   Average Win Rate: 14.61%
   Total Trades: 89
   Duration: 8.05s

✅ Backtest completed with validation
[139/144] S4 SOLUSDT mtf_trend: NO_GO pnl=-435.8908944077453 tr=44
📈 Starting backtest process for strategy: oi_footprint
   Symbols: ['SOLUSDT']
   Date Range: 2026-03-15 to 2026-06-11
   Initial Capital: $10,000.00
   Fee Rate: 0.100%
   Slippage Factor: 0.050%
   Timestamp: 2026-06-12 15:38:03

🔍 Backtesting oi_footprint on SOLUSDT...
   Date range filter applied: 2026-03-15 to 2026-06-11, data range: 2026-03-15 to 2026-06-11, rows: 2113
   ✅ SOLUSDT backtest completed
      Return: -1.68%
      Sharpe: -0.47
      Max DD: -2.57%
      Trades: 41
      Signal Audit - Generated: 2113, Filtered: 0, Entries: 2113

📊 BACKTEST SUMMARY
   Strategy: oi_footprint
   Symbols processed: 1
   Successful: 1
   Failed: 0
   Average Return: -1.68%
   Average Sharpe: -0.47
   Average Max DD: -2.57%
   Average Win Rate: 14.63%
   Total Trades: 41
   Duration: 7.16s

✅ Backtest completed with validation
[140/144] S4 SOLUSDT oi_footprint: INSUFFICIENT_DATA pnl=-126.08524269359229 tr=20
📈 Starting backtest process for strategy: sweep_scalper
   Symbols: ['SOLUSDT']
   Date Range: 2026-03-15 to 2026-06-11
   Initial Capital: $10,000.00
   Fee Rate: 0.100%
   Slippage Factor: 0.050%
   Timestamp: 2026-06-12 15:38:10

🔍 Backtesting sweep_scalper on SOLUSDT...
   Date range filter applied: 2026-03-15 to 2026-06-11, data range: 2026-03-15 to 2026-06-11, rows: 2113
   ✅ SOLUSDT backtest completed
      Return: -0.15%
      Sharpe: -0.09
      Max DD: -0.83%
      Trades: 11
      Signal Audit - Generated: 2113, Filtered: 0, Entries: 2113

📊 BACKTEST SUMMARY
   Strategy: sweep_scalper
   Symbols processed: 1
   Successful: 1
   Failed: 0
   Average Return: -0.15%
   Average Sharpe: -0.09
   Average Max DD: -0.83%
   Average Win Rate: 18.18%
   Total Trades: 11
   Duration: 3.67s

✅ Backtest completed with validation
[141/144] S4 SOLUSDT sweep_scalper: INSUFFICIENT_DATA pnl=-0.8045290483324941 tr=4
📈 Starting backtest process for strategy: vwap_reversal
   Symbols: ['SOLUSDT']
   Date Range: 2026-03-15 to 2026-06-11
   Initial Capital: $10,000.00
   Fee Rate: 0.100%
   Slippage Factor: 0.050%
   Timestamp: 2026-06-12 15:38:13

🔍 Backtesting vwap_reversal on SOLUSDT...
   Date range filter applied: 2026-03-15 to 2026-06-11, data range: 2026-03-15 to 2026-06-11, rows: 2113
   ❌ Error during backtest for SOLUSDT: Zero trade strategy detected during backtest.
  Duration: 88 days (2.9 months)
  Trades: 0
  Data points: 2113
  Symbol: SOLUSDT
  This may be normal for some strategies in certain market conditions.

📊 BACKTEST SUMMARY
   Strategy: vwap_reversal
   Symbols processed: 1
   Successful: 0
   Failed: 1
   Duration: 4.70s

✅ Backtest completed with validation
[142/144] S4 SOLUSDT vwap_reversal: error pnl=None tr=None
📈 Starting backtest process for strategy: volatility_breakout
   Symbols: ['SOLUSDT']
   Date Range: 2026-03-15 to 2026-06-11
   Initial Capital: $10,000.00
   Fee Rate: 0.100%
   Slippage Factor: 0.050%
   Timestamp: 2026-06-12 15:38:18

🔍 Backtesting volatility_breakout on SOLUSDT...
   Date range filter applied: 2026-03-15 to 2026-06-11, data range: 2026-03-15 to 2026-06-11, rows: 2113
   ✅ SOLUSDT backtest completed
      Return: -0.35%
      Sharpe: -0.31
      Max DD: -0.59%
      Trades: 7
      Signal Audit - Generated: 2113, Filtered: 0, Entries: 2113

📊 BACKTEST SUMMARY
   Strategy: volatility_breakout
   Symbols processed: 1
   Successful: 1
   Failed: 0
   Average Return: -0.35%
   Average Sharpe: -0.31
   Average Max DD: -0.59%
   Average Win Rate: 14.29%
   Total Trades: 7
   Duration: 6.11s

✅ Backtest completed with validation
[143/144] S4 SOLUSDT volatility_breakout: INSUFFICIENT_DATA pnl=-26.943564871544417 tr=3
📈 Starting backtest process for strategy: crypto_breakout
   Symbols: ['SOLUSDT']
   Date Range: 2026-03-15 to 2026-06-11
   Initial Capital: $10,000.00
   Fee Rate: 0.100%
   Slippage Factor: 0.050%
   Timestamp: 2026-06-12 15:38:24

🔍 Backtesting crypto_breakout on SOLUSDT...
   Date range filter applied: 2026-03-15 to 2026-06-11, data range: 2026-03-15 to 2026-06-11, rows: 2113
   ❌ Error during backtest for SOLUSDT: Zero trade strategy detected during backtest.
  Duration: 88 days (2.9 months)
  Trades: 0
  Data points: 2113
  Symbol: SOLUSDT
  This may be normal for some strategies in certain market conditions.

📊 BACKTEST SUMMARY
   Strategy: crypto_breakout
   Symbols processed: 1
   Successful: 0
   Failed: 1
   Duration: 1.29s

✅ Backtest completed with validation
[144/144] S4 SOLUSDT crypto_breakout: error pnl=None tr=None
DONE -> data/results_storage/wfo_1h.json
