timestamp,open,high,low,close,volume
1750178700,0.339,0.339,0.339,0.339,69.81
1750179600,0.339,0.341,0.338,0.339,66733.72
1750180500,0.339,0.342,0.339,0.342,82873.08
1750181400,0.342,0.344,0.342,0.342,42083.88
1750182300,0.342,0.343,0.341,0.342,104730.56999999999
1750183200,0.342,0.343,0.341,0.343,51696.18000000001
1750184100,0.342,0.342,0.341,0.341,18093.51
1750185000,0.341,0.343,0.341,0.343,44115.57
1750185900,0.343,0.346,0.343,0.346,74167.19
1750186800,0.347,0.347,0.345,0.347,38840.45
1750187700,0.346,0.349,0.346,0.348,148440.97
1750188600,0.348,0.348,0.348,0.348,57.54
1750189500,0.348,0.349,0.347,0.347,53840.59
1750190400,0.347,0.349,0.347,0.348,12471.349999999999
1750191300,0.348,0.348,0.347,0.348,33518.68
1750192200,0.348,0.348,0.347,0.347,1715.83
1750193100,0.347,0.347,0.345,0.345,50144.06
1750194000,0.345,0.345,0.343,0.344,87494.68
1750194900,0.344,0.345,0.344,0.345,39541.05
1750195800,0.345,0.346,0.345,0.346,13569.55
1750196700,0.346,0.346,0.345,0.345,12323.320000000002
1750197600,0.345,0.345,0.344,0.345,675.74
1750198500,0.345,0.345,0.344,0.345,16802.25
1750199400,0.344,0.345,0.343,0.344,42836.09
1750200300,0.344,0.345,0.343,0.343,23899.56
1750201200,0.343,0.345,0.343,0.345,29751.36
1750202100,0.345,0.345,0.344,0.345,41909.04
1750203000,0.345,0.346,0.345,0.346,37.69
1750203900,0.346,0.346,0.345,0.345,48399.93000000001
1750204800,0.345,0.346,0.345,0.346,30605.22
1750205700,0.346,0.346,0.344,0.344,32483.64
1750206600,0.344,0.346,0.344,0.346,54368.91
1750207500,0.346,0.346,0.345,0.346,23854.519999999997
1750208400,0.346,0.348,0.345,0.347,23433.22
1750209300,0.347,0.347,0.346,0.346,67827.62
1750210200,0.346,0.346,0.345,0.345,10452.0
1750211100,0.346,0.346,0.344,0.344,16109.86
1750212000,0.344,0.345,0.344,0.344,10197.33
1750212900,0.344,0.345,0.344,0.345,43307.36
1750213800,0.345,0.345,0.344,0.344,23759.86
1750214700,0.344,0.345,0.344,0.345,6731.97
1750215600,0.344,0.345,0.344,0.345,558.09
1750216500,0.345,0.346,0.345,0.346,8186.16
1750217400,0.346,0.347,0.345,0.347,27511.300000000003
1750218300,0.347,0.347,0.346,0.346,115.5
1750219200,0.346,0.347,0.346,0.347,31814.520000000004
1750220100,0.347,0.347,0.347,0.347,35034.65
1750221000,0.347,0.348,0.347,0.348,8680.380000000001
1750221900,0.348,0.349,0.348,0.348,26482.87
1750222800,0.348,0.348,0.348,0.348,51906.08
1750223700,0.348,0.349,0.348,0.349,14525.01
1750224600,0.349,0.349,0.347,0.348,19840.72
1750225500,0.348,0.348,0.347,0.347,22596.1
1750226400,0.347,0.348,0.347,0.347,17567.640000000003
1750227300,0.347,0.347,0.346,0.346,12723.42
1750228200,0.346,0.347,0.346,0.347,18160.95
1750229100,0.346,0.346,0.345,0.345,13649.18
1750230000,0.345,0.346,0.345,0.345,418.98
1750230900,0.345,0.346,0.345,0.346,178.37
1750231800,0.346,0.346,0.346,0.346,26970.65
1750232700,0.346,0.347,0.346,0.346,18160.87
1750233600,0.346,0.347,0.345,0.347,10229.17
1750234500,0.347,0.347,0.345,0.346,17260.64
1750235400,0.345,0.345,0.344,0.344,26893.559999999998
1750236300,0.344,0.345,0.343,0.345,54446.26
1750237200,0.345,0.345,0.344,0.345,81132.09
1750238100,0.345,0.345,0.344,0.344,34634.600000000006
1750239000,0.344,0.344,0.342,0.342,37824.61
1750239900,0.342,0.343,0.342,0.343,110.49000000000001
1750240800,0.342,0.343,0.34,0.341,222088.93
1750241700,0.342,0.342,0.339,0.341,67017.47
1750242600,0.341,0.341,0.339,0.34,92046.26999999999
1750243500,0.34,0.34,0.338,0.339,110309.69
1750244400,0.339,0.34,0.337,0.34,122694.14
1750245300,0.341,0.342,0.34,0.341,51938.13
1750246200,0.341,0.341,0.34,0.341,13303.960000000001
1750247100,0.342,0.342,0.341,0.342,33254.11
1750248000,0.342,0.342,0.341,0.342,19011.52
1750248900,0.342,0.342,0.34,0.341,77108.62
1750249800,0.341,0.342,0.341,0.341,62565.62
1750250700,0.341,0.341,0.339,0.34,15551.08
1750251600,0.339,0.34,0.338,0.338,59072.53
1750252500,0.338,0.338,0.336,0.336,138540.63999999998
1750253400,0.337,0.34,0.337,0.338,136039.86000000002
1750254300,0.338,0.342,0.338,0.341,135685.9
1750255200,0.341,0.345,0.341,0.344,122058.37000000001
1750256100,0.344,0.345,0.344,0.344,64785.490000000005
1750257000,0.344,0.344,0.343,0.344,31601.61
1750257900,0.344,0.344,0.341,0.342,92888.95
1750258800,0.342,0.343,0.341,0.341,109970.3
1750259700,0.341,0.344,0.34,0.344,88172.64
1750260600,0.344,0.345,0.343,0.343,120343.0
1750261500,0.343,0.345,0.342,0.343,76195.85
1750262400,0.343,0.343,0.342,0.342,58083.88
1750263300,0.342,0.342,0.341,0.342,36352.81
1750264200,0.341,0.343,0.341,0.342,42664.619999999995
1750265100,0.342,0.342,0.342,0.342,28301.19
1750266000,0.342,0.342,0.341,0.342,22336.91
1750266900,0.342,0.343,0.342,0.343,39957.520000000004
1750267800,0.343,0.344,0.341,0.344,138167.99
1750268700,0.344,0.345,0.343,0.343,86741.84
1750269600,0.344,0.345,0.342,0.342,190376.56
1750270500,0.342,0.343,0.341,0.342,76713.88
1750271400,0.343,0.345,0.343,0.344,129174.04
1750272300,0.344,0.344,0.341,0.341,81700.55
1750273200,0.34,0.344,0.34,0.344,208841.62
1750274100,0.343,0.344,0.342,0.342,69226.51
1750275000,0.342,0.343,0.342,0.343,94868.11
1750275900,0.343,0.343,0.341,0.341,80144.35
1750276800,0.341,0.343,0.34,0.343,51507.18
1750277700,0.342,0.343,0.342,0.343,28529.75
1750278600,0.343,0.347,0.343,0.346,160585.85
1750279500,0.347,0.349,0.346,0.348,127879.84999999999
1750280400,0.348,0.348,0.346,0.346,34731.08
1750281300,0.347,0.347,0.346,0.347,49721.19
1750282200,0.347,0.347,0.346,0.346,20954.63
1750283100,0.347,0.348,0.347,0.348,26463.54
1750284000,0.348,0.348,0.346,0.346,35785.520000000004
1750284900,0.346,0.347,0.346,0.347,24289.92
1750285800,0.347,0.347,0.346,0.346,13845.13
1750286700,0.347,0.348,0.347,0.347,15447.69
1750287600,0.346,0.347,0.346,0.347,46175.53
1750288500,0.347,0.347,0.346,0.346,28214.4
1750289400,0.346,0.346,0.345,0.345,12699.23
1750290300,0.345,0.346,0.345,0.346,20687.329999999998
1750291200,0.346,0.347,0.345,0.345,16240.98
1750292100,0.345,0.348,0.345,0.348,59746.17
1750293000,0.348,0.348,0.348,0.348,18876.6
1750293900,0.348,0.348,0.346,0.346,49982.3
1750294800,0.346,0.347,0.345,0.345,76983.03
1750295700,0.345,0.346,0.345,0.345,7698.67
1750296600,0.345,0.346,0.345,0.346,9620.909999999998
1750297500,0.346,0.346,0.344,0.345,18181.940000000002
1750298400,0.345,0.346,0.345,0.345,62251.87
1750299300,0.345,0.345,0.344,0.345,8862.23
1750300200,0.345,0.347,0.345,0.347,4949.610000000001
1750301100,0.347,0.347,0.345,0.345,9554.39
1750302000,0.345,0.346,0.345,0.346,27370.28
1750302900,0.346,0.347,0.346,0.347,19567.149999999998
1750303800,0.348,0.348,0.347,0.347,3414.95
1750304700,0.347,0.347,0.347,0.347,46007.82
1750305600,0.347,0.348,0.346,0.347,48518.04
1750306500,0.348,0.348,0.346,0.346,76815.33
1750307400,0.346,0.347,0.346,0.347,22780.18
1750308300,0.347,0.347,0.347,0.347,8428.46
1750309200,0.347,0.348,0.347,0.347,6939.370000000001
1750310100,0.347,0.348,0.347,0.348,17582.66
1750311000,0.348,0.348,0.347,0.347,22057.3
1750311900,0.347,0.347,0.346,0.346,13146.57
1750312800,0.346,0.346,0.345,0.345,50913.090000000004
1750313700,0.345,0.346,0.344,0.344,12382.44
1750314600,0.344,0.345,0.344,0.344,592.98
1750315500,0.344,0.345,0.344,0.344,3148.8
1750316400,0.344,0.346,0.344,0.345,45175.71
1750317300,0.345,0.345,0.343,0.344,61696.53
1750318200,0.344,0.345,0.344,0.345,22967.96
1750319100,0.345,0.345,0.344,0.344,800.61
1750320000,0.344,0.346,0.344,0.345,13462.060000000001
1750320900,0.345,0.346,0.345,0.345,1535.73
1750321800,0.345,0.346,0.345,0.345,8142.709999999999
1750322700,0.345,0.346,0.344,0.344,14466.77
1750323600,0.344,0.345,0.344,0.344,10364.550000000001
1750324500,0.345,0.346,0.345,0.345,9198.32
1750325400,0.345,0.346,0.345,0.346,2502.6499999999996
1750326300,0.346,0.347,0.346,0.346,23807.14
1750327200,0.346,0.346,0.345,0.346,18298.05
1750328100,0.346,0.346,0.345,0.346,105.42000000000002
1750329000,0.345,0.346,0.345,0.346,5430.1
1750329900,0.346,0.346,0.344,0.346,18645.91
1750330800,0.346,0.346,0.344,0.344,7427.179999999999
1750331700,0.344,0.345,0.344,0.344,790.2
1750332600,0.344,0.344,0.343,0.344,16452.17
1750333500,0.344,0.344,0.343,0.343,1733.01
1750334400,0.343,0.344,0.343,0.344,45977.619999999995
1750335300,0.344,0.345,0.344,0.344,18613.94
1750336200,0.344,0.344,0.343,0.343,9692.07
1750337100,0.343,0.343,0.342,0.343,22038.16
1750338000,0.343,0.344,0.343,0.344,170.45
1750338900,0.343,0.344,0.342,0.343,43390.98
1750339800,0.343,0.343,0.342,0.343,11224.91
1750340700,0.343,0.343,0.341,0.341,16221.09
1750341600,0.342,0.342,0.342,0.342,52346.81
1750342500,0.342,0.342,0.341,0.342,18638.18
1750343400,0.342,0.342,0.341,0.342,19455.56
1750344300,0.341,0.341,0.339,0.34,86611.86
1750345200,0.34,0.341,0.34,0.341,18920.56
1750346100,0.341,0.341,0.34,0.34,19923.64
1750347000,0.34,0.341,0.339,0.341,88025.76
1750347900,0.341,0.341,0.34,0.34,28050.870000000003
1750348800,0.34,0.341,0.34,0.34,1675.14
1750349700,0.34,0.341,0.34,0.34,45534.25
1750350600,0.34,0.341,0.34,0.34,43227.83
1750351500,0.34,0.34,0.339,0.339,29498.039999999997
1750352400,0.339,0.34,0.339,0.34,22247.85
1750353300,0.34,0.341,0.339,0.34,135154.46
1750354200,0.34,0.343,0.34,0.343,79861.12999999999
1750355100,0.343,0.344,0.342,0.342,28143.8
1750356000,0.342,0.344,0.342,0.344,15687.45
1750356900,0.344,0.344,0.343,0.343,10194.46
1750357800,0.343,0.343,0.342,0.342,17403.8
1750358700,0.342,0.342,0.342,0.342,15409.89
1750359600,0.342,0.343,0.342,0.342,23110.96
1750360500,0.343,0.343,0.342,0.343,11809.970000000001
1750361400,0.343,0.343,0.341,0.341,12255.12
1750362300,0.341,0.342,0.341,0.342,775.06
1750363200,0.341,0.342,0.341,0.342,15371.83
1750364100,0.342,0.343,0.341,0.342,47898.869999999995
1750365000,0.342,0.343,0.341,0.341,15669.750000000002
1750365900,0.341,0.342,0.34,0.342,15452.73
1750366800,0.342,0.342,0.341,0.341,29684.67
1750367700,0.341,0.342,0.341,0.342,17225.45
1750368600,0.342,0.342,0.34,0.341,33170.74
1750369500,0.341,0.342,0.341,0.341,27738.31
1750370400,0.342,0.343,0.342,0.343,73244.42
1750371300,0.343,0.344,0.342,0.342,19307.13
1750372200,0.342,0.344,0.341,0.343,109678.76999999999
1750373100,0.343,0.343,0.342,0.342,15938.6
1750374000,0.342,0.343,0.341,0.343,92715.49
1750374900,0.343,0.344,0.342,0.342,26362.07
1750375800,0.342,0.343,0.342,0.343,21325.34
1750376700,0.343,0.343,0.343,0.343,44080.08
1750377600,0.343,0.345,0.343,0.344,100450.07
1750378500,0.344,0.344,0.342,0.343,79001.47
1750379400,0.343,0.345,0.343,0.344,45734.96
1750380300,0.344,0.344,0.344,0.344,32748.85
1750381200,0.344,0.344,0.343,0.343,21144.36
1750382100,0.343,0.343,0.343,0.343,18607.98
1750383000,0.343,0.343,0.342,0.342,34777.38
1750383900,0.343,0.344,0.343,0.344,18924.260000000002
1750384800,0.344,0.344,0.344,0.344,26821.12
1750385700,0.344,0.344,0.343,0.344,11661.84
1750386600,0.343,0.343,0.342,0.342,65731.73
1750387500,0.342,0.343,0.342,0.343,13489.83
1750388400,0.343,0.343,0.343,0.343,12951.369999999999
1750389300,0.343,0.344,0.343,0.344,31628.25
1750390200,0.344,0.344,0.343,0.343,76.78999999999999
1750391100,0.343,0.344,0.343,0.344,11253.769999999999
1750392000,0.344,0.345,0.344,0.345,41645.020000000004
1750392900,0.345,0.345,0.343,0.343,21529.7
1750393800,0.343,0.343,0.342,0.342,20681.83
1750394700,0.342,0.342,0.34,0.34,56891.24
1750395600,0.34,0.341,0.34,0.341,26021.93
1750396500,0.341,0.341,0.341,0.341,47743.76
1750397400,0.341,0.343,0.341,0.343,16811.09
1750398300,0.343,0.343,0.342,0.343,32582.62
1750399200,0.343,0.344,0.343,0.343,37.61
1750400100,0.343,0.344,0.343,0.344,13392.310000000001
1750401000,0.344,0.346,0.344,0.345,18403.56
1750401900,0.345,0.345,0.344,0.345,21165.14
1750402800,0.345,0.345,0.343,0.344,47642.37
1750403700,0.344,0.348,0.344,0.347,183605.91
1750404600,0.347,0.348,0.346,0.347,101027.99
1750405500,0.347,0.348,0.346,0.347,74583.04000000001
1750406400,0.347,0.349,0.347,0.349,68822.73
1750407300,0.349,0.349,0.349,0.349,83648.91
1750408200,0.348,0.349,0.346,0.346,63467.85
1750409100,0.347,0.347,0.347,0.347,47120.92
1750410000,0.347,0.348,0.346,0.347,57334.41
1750410900,0.347,0.347,0.347,0.347,54248.9
1750411800,0.347,0.347,0.346,0.347,32370.449999999997
1750412700,0.347,0.347,0.346,0.347,17782.359999999997
1750413600,0.347,0.347,0.346,0.347,19849.49
1750414500,0.347,0.348,0.347,0.348,11538.39
1750415400,0.348,0.349,0.348,0.348,20466.79
1750416300,0.348,0.348,0.348,0.348,8766.330000000002
1750417200,0.348,0.349,0.348,0.349,1940.8400000000001
1750418100,0.349,0.349,0.348,0.349,30631.08
1750419000,0.348,0.349,0.348,0.349,22955.399999999998
1750419900,0.349,0.35,0.348,0.349,109381.87
1750420800,0.349,0.349,0.348,0.349,62430.68
1750421700,0.349,0.349,0.349,0.349,18243.26
1750422600,0.349,0.35,0.348,0.349,51190.770000000004
1750423500,0.35,0.351,0.35,0.35,101989.98
1750424400,0.35,0.351,0.35,0.351,5849.43
1750425300,0.35,0.351,0.35,0.35,54613.420000000006
1750426200,0.35,0.35,0.349,0.35,37968.28
1750427100,0.349,0.349,0.347,0.348,61585.119999999995
1750428000,0.348,0.349,0.347,0.347,53483.83
1750428900,0.347,0.348,0.345,0.346,163553.89
1750429800,0.346,0.347,0.345,0.345,83557.59
1750430700,0.344,0.345,0.342,0.342,97522.2
1750431600,0.342,0.343,0.342,0.343,55685.89
1750432500,0.343,0.343,0.342,0.342,35620.71
1750433400,0.342,0.343,0.341,0.343,37543.49
1750434300,0.343,0.343,0.341,0.342,53619.25
1750435200,0.342,0.342,0.339,0.34,78256.3
1750436100,0.34,0.34,0.337,0.338,131173.87
1750437000,0.338,0.339,0.337,0.337,45752.47
1750437900,0.337,0.338,0.337,0.337,95320.86
1750438800,0.337,0.338,0.337,0.337,50337.78
1750439700,0.337,0.337,0.33,0.332,444091.2
1750440600,0.332,0.332,0.328,0.332,120860.21999999999
1750441500,0.332,0.335,0.332,0.335,94058.69
1750442400,0.335,0.335,0.333,0.335,66857.27
1750443300,0.335,0.337,0.335,0.335,43279.38
1750444200,0.335,0.336,0.335,0.335,11293.1
1750445100,0.335,0.336,0.335,0.336,36365.590000000004
1750446000,0.336,0.336,0.334,0.334,32098.940000000002
1750446900,0.334,0.335,0.333,0.334,26865.19
1750447800,0.335,0.336,0.335,0.336,39864.19
1750448700,0.336,0.336,0.335,0.336,27291.65
1750449600,0.336,0.338,0.336,0.338,156752.05
1750450500,0.337,0.338,0.337,0.338,48009.34
1750451400,0.338,0.339,0.338,0.339,76.07
1750452300,0.339,0.339,0.337,0.337,19448.05
1750453200,0.337,0.337,0.337,0.337,70416.55
1750454100,0.338,0.338,0.336,0.336,22457.97
1750455000,0.336,0.337,0.336,0.336,13873.71
1750455900,0.336,0.337,0.334,0.335,31637.989999999998
1750456800,0.335,0.335,0.333,0.333,27099.68
1750457700,0.333,0.333,0.332,0.332,48321.7
1750458600,0.332,0.333,0.331,0.332,23538.58
1750459500,0.332,0.333,0.332,0.333,22063.55
1750460400,0.333,0.334,0.332,0.333,16494.28
1750461300,0.333,0.334,0.332,0.334,10970.929999999998
1750462200,0.334,0.335,0.334,0.335,7375.950000000001
1750463100,0.334,0.335,0.334,0.335,10875.71
1750464000,0.335,0.335,0.334,0.334,6706.799999999999
1750464900,0.334,0.336,0.333,0.336,53183.380000000005
1750465800,0.336,0.336,0.335,0.336,74803.58
1750466700,0.336,0.336,0.335,0.336,18076.71
1750467600,0.336,0.337,0.335,0.337,13816.970000000001
1750468500,0.337,0.337,0.335,0.336,31066.86
1750469400,0.336,0.338,0.336,0.337,31513.88
1750470300,0.337,0.337,0.336,0.337,8708.87
1750471200,0.337,0.337,0.336,0.336,21595.37
1750472100,0.336,0.337,0.336,0.336,272.82
1750473000,0.337,0.337,0.337,0.337,103.71000000000001
1750473900,0.337,0.337,0.336,0.336,351.0
1750474800,0.336,0.338,0.336,0.337,21795.239999999998
1750475700,0.337,0.337,0.336,0.337,30276.71
1750476600,0.337,0.338,0.337,0.337,124.91
1750477500,0.337,0.337,0.337,0.337,17262.23
1750478400,0.337,0.337,0.336,0.337,4940.69
1750479300,0.337,0.337,0.336,0.337,103.74000000000001
1750480200,0.336,0.337,0.336,0.337,1123.6200000000001
1750481100,0.337,0.337,0.335,0.335,11576.939999999999
1750482000,0.336,0.336,0.336,0.336,25055.879999999997
1750482900,0.336,0.337,0.336,0.337,27684.090000000004
1750483800,0.337,0.338,0.337,0.337,34668.03
1750484700,0.337,0.337,0.336,0.337,22662.82
1750485600,0.337,0.337,0.337,0.337,75.01
1750486500,0.337,0.338,0.337,0.337,128.49
1750487400,0.337,0.338,0.337,0.337,2257.21
1750488300,0.337,0.338,0.337,0.338,63.99
1750489200,0.338,0.338,0.337,0.337,20952.33
1750490100,0.337,0.338,0.337,0.338,195.65
1750491000,0.337,0.338,0.337,0.337,100.63
1750491900,0.338,0.339,0.337,0.337,53942.36
1750492800,0.337,0.339,0.337,0.337,17098.01
1750493700,0.338,0.338,0.337,0.337,1181.66
1750494600,0.337,0.338,0.337,0.337,7513.5
1750495500,0.337,0.339,0.337,0.339,33546.15
1750496400,0.338,0.338,0.338,0.338,11330.900000000001
1750497300,0.338,0.338,0.338,0.338,13386.42
1750498200,0.338,0.338,0.337,0.337,27317.03
1750499100,0.338,0.339,0.337,0.338,169685.76
1750500000,0.338,0.338,0.338,0.338,0.0
1750500900,0.338,0.339,0.338,0.339,296.3
1750501800,0.338,0.339,0.338,0.338,32505.920000000002
1750502700,0.338,0.338,0.337,0.337,16853.52
1750503600,0.337,0.338,0.337,0.338,1082.79
1750504500,0.338,0.338,0.338,0.338,1278.7
1750505400,0.338,0.338,0.337,0.337,657.81
1750506300,0.337,0.337,0.336,0.336,23591.05
1750507200,0.336,0.337,0.336,0.337,213.07
1750508100,0.337,0.337,0.335,0.336,5607.29
1750509000,0.335,0.336,0.335,0.335,7026.74
1750509900,0.335,0.335,0.333,0.334,21961.75
1750510800,0.334,0.334,0.333,0.333,72151.86
1750511700,0.333,0.334,0.332,0.333,30625.149999999998
1750512600,0.333,0.333,0.331,0.331,78039.2
1750513500,0.331,0.331,0.329,0.33,50845.71000000001
1750514400,0.33,0.33,0.329,0.33,48082.81
1750515300,0.33,0.33,0.329,0.329,62868.72
1750516200,0.328,0.331,0.328,0.331,44717.670000000006
1750517100,0.33,0.33,0.329,0.33,17144.28
1750518000,0.329,0.331,0.329,0.33,47755.72
1750518900,0.33,0.33,0.328,0.328,47515.82
1750519800,0.329,0.33,0.328,0.329,62265.770000000004
1750520700,0.329,0.33,0.327,0.329,302011.86
1750521600,0.33,0.33,0.329,0.33,59264.07
1750522500,0.33,0.331,0.33,0.331,27705.85
1750523400,0.33,0.33,0.329,0.329,45345.44
1750524300,0.329,0.329,0.329,0.329,9473.88
1750525200,0.329,0.33,0.329,0.33,12971.470000000001
1750526100,0.33,0.33,0.329,0.329,57182.04
1750527000,0.329,0.329,0.325,0.327,144982.26
1750527900,0.327,0.327,0.326,0.326,18493.9
1750528800,0.326,0.327,0.326,0.326,65168.76
1750529700,0.326,0.326,0.325,0.326,18234.18
1750530600,0.326,0.327,0.325,0.326,50999.93
1750531500,0.326,0.326,0.324,0.325,78912.61
1750532400,0.325,0.325,0.323,0.324,117543.29
1750533300,0.324,0.326,0.323,0.324,88045.69
1750534200,0.324,0.325,0.323,0.325,67840.23999999999
1750535100,0.324,0.325,0.323,0.324,42328.9
1750536000,0.324,0.324,0.323,0.324,80715.67
1750536900,0.324,0.324,0.323,0.324,76465.77
1750537800,0.324,0.325,0.324,0.324,54620.43
1750538700,0.324,0.325,0.324,0.325,14374.65
1750539600,0.325,0.325,0.323,0.324,20902.760000000002
1750540500,0.323,0.324,0.317,0.32,304319.44
1750541400,0.319,0.32,0.314,0.318,328926.45
1750542300,0.318,0.32,0.318,0.318,44077.66
1750543200,0.318,0.32,0.317,0.32,96501.5
1750544100,0.32,0.321,0.319,0.321,85052.07
1750545000,0.321,0.321,0.318,0.319,34249.33
1750545900,0.319,0.321,0.319,0.32,31937.21
1750546800,0.32,0.321,0.32,0.32,110264.84
1750547700,0.32,0.32,0.318,0.319,92727.96
1750548600,0.319,0.319,0.316,0.317,62569.09
1750549500,0.317,0.321,0.315,0.321,172466.51
1750550400,0.321,0.323,0.319,0.32,104085.91
1750551300,0.321,0.323,0.321,0.322,36837.58
1750552200,0.322,0.324,0.322,0.323,86427.83
1750553100,0.323,0.324,0.322,0.323,67706.14
1750554000,0.323,0.323,0.322,0.323,69691.8
1750554900,0.323,0.323,0.321,0.321,47597.65
1750555800,0.321,0.321,0.319,0.321,64462.619999999995
1750556700,0.321,0.321,0.32,0.32,76691.4
1750557600,0.32,0.321,0.318,0.319,88720.47
1750558500,0.32,0.32,0.316,0.317,123817.42
1750559400,0.317,0.317,0.315,0.317,82902.19
1750560300,0.317,0.318,0.317,0.318,64208.49
1750561200,0.318,0.319,0.318,0.319,34148.99
1750562100,0.319,0.319,0.316,0.316,12482.63
1750563000,0.316,0.317,0.316,0.317,23040.0
1750563900,0.317,0.317,0.316,0.317,77319.41
1750564800,0.317,0.321,0.317,0.32,109274.62999999999
1750565700,0.32,0.32,0.319,0.32,36260.67
1750566600,0.319,0.321,0.318,0.318,20792.54
1750567500,0.318,0.32,0.318,0.319,16344.18
1750568400,0.319,0.321,0.319,0.32,25408.37
1750569300,0.32,0.321,0.319,0.319,23827.63
1750570200,0.319,0.32,0.318,0.318,7773.6900000000005
1750571100,0.318,0.321,0.318,0.32,44072.74
1750572000,0.32,0.321,0.32,0.32,40764.86
1750572900,0.32,0.322,0.32,0.32,26938.33
1750573800,0.32,0.321,0.32,0.32,7885.02
1750574700,0.32,0.32,0.32,0.32,3184.51
1750575600,0.32,0.321,0.319,0.32,27595.53
1750576500,0.32,0.32,0.319,0.319,62362.36
1750577400,0.319,0.319,0.316,0.316,122611.3
1750578300,0.316,0.317,0.316,0.316,88285.18
1750579200,0.316,0.317,0.313,0.315,531342.77
1750580100,0.315,0.316,0.314,0.314,267308.11
1750581000,0.315,0.315,0.313,0.314,116601.6
1750581900,0.314,0.314,0.312,0.313,138815.64
1750582800,0.313,0.315,0.311,0.313,211753.76
1750583700,0.313,0.313,0.309,0.309,282426.87
1750584600,0.309,0.31,0.308,0.309,290633.92
1750585500,0.309,0.309,0.305,0.306,240259.21
1750586400,0.305,0.309,0.305,0.308,145055.0
1750587300,0.309,0.309,0.307,0.308,70227.59
1750588200,0.308,0.31,0.308,0.309,91507.64
1750589100,0.31,0.311,0.308,0.309,123424.72
1750590000,0.309,0.311,0.309,0.311,18493.63
1750590900,0.31,0.312,0.31,0.311,80856.76
1750591800,0.311,0.311,0.309,0.309,28753.079999999998
1750592700,0.309,0.31,0.309,0.31,103751.86
1750593600,0.31,0.313,0.309,0.311,165313.74
1750594500,0.311,0.312,0.309,0.31,172535.11000000002
1750595400,0.31,0.31,0.307,0.308,104167.5
1750596300,0.307,0.311,0.307,0.311,46660.6
1750597200,0.311,0.311,0.308,0.308,64585.05
1750598100,0.308,0.308,0.299,0.302,437857.79
1750599000,0.301,0.304,0.3,0.3,196424.83000000002
1750599900,0.301,0.304,0.301,0.303,114555.51
1750600800,0.303,0.304,0.302,0.302,79111.45
1750601700,0.302,0.302,0.298,0.3,200084.13
1750602600,0.3,0.302,0.299,0.301,136976.62
1750603500,0.301,0.306,0.3,0.306,133157.08
1750604400,0.305,0.307,0.302,0.304,449851.7
1750605300,0.303,0.305,0.302,0.302,111255.21
1750606200,0.302,0.302,0.299,0.3,189468.19
1750607100,0.3,0.3,0.299,0.299,140999.22999999998
1750608000,0.299,0.3,0.298,0.298,105793.72
1750608900,0.298,0.299,0.296,0.297,144663.86000000002
1750609800,0.297,0.298,0.296,0.296,238606.75
1750610700,0.296,0.297,0.295,0.297,78593.73
1750611600,0.296,0.301,0.296,0.299,110441.09
1750612500,0.299,0.299,0.295,0.295,88639.71
1750613400,0.295,0.299,0.295,0.297,124376.46
1750614300,0.298,0.3,0.298,0.299,67687.2
1750615200,0.3,0.301,0.299,0.299,45970.97
1750616100,0.298,0.299,0.297,0.299,77139.97
1750617000,0.299,0.301,0.298,0.3,62098.01
1750617900,0.3,0.3,0.297,0.297,30315.52
1750618800,0.298,0.299,0.298,0.298,66512.75
1750619700,0.298,0.298,0.297,0.298,43683.89
1750620600,0.298,0.299,0.297,0.297,25223.88
1750621500,0.297,0.298,0.296,0.297,70808.29000000001
1750622400,0.297,0.297,0.291,0.293,279501.19
1750623300,0.292,0.293,0.289,0.292,164563.81
1750624200,0.292,0.298,0.292,0.297,180724.85
1750625100,0.297,0.301,0.297,0.3,191994.23
1750626000,0.3,0.301,0.299,0.301,131950.22999999998
1750626900,0.301,0.301,0.298,0.298,179858.88
1750627800,0.298,0.299,0.297,0.298,45527.38
1750628700,0.298,0.299,0.298,0.298,18935.97
1750629600,0.298,0.303,0.298,0.302,156220.15000000002
1750630500,0.302,0.302,0.3,0.301,96289.97
1750631400,0.301,0.303,0.301,0.303,47484.56
1750632300,0.303,0.304,0.303,0.303,46073.27
1750633200,0.303,0.304,0.302,0.303,59633.31
1750634100,0.303,0.305,0.303,0.303,31147.579999999998
1750635000,0.304,0.304,0.303,0.303,51669.07
1750635900,0.303,0.304,0.303,0.303,53913.49
1750636800,0.304,0.304,0.303,0.303,96386.94
1750637700,0.304,0.305,0.304,0.304,139917.32
1750638600,0.304,0.306,0.304,0.305,83550.7
1750639500,0.305,0.306,0.303,0.303,98016.59
1750640400,0.304,0.304,0.302,0.302,50816.46
1750641300,0.302,0.303,0.302,0.303,2519.6
1750642200,0.303,0.303,0.301,0.302,27363.82
1750643100,0.303,0.305,0.303,0.305,37663.07
1750644000,0.305,0.306,0.304,0.306,65142.33
1750644900,0.306,0.306,0.304,0.306,106847.16
1750645800,0.306,0.306,0.305,0.305,53035.94
1750646700,0.305,0.306,0.305,0.305,35601.53
1750647600,0.305,0.305,0.305,0.305,76441.9
1750648500,0.305,0.305,0.304,0.305,12454.990000000002
1750649400,0.305,0.305,0.304,0.305,176.93
1750650300,0.305,0.305,0.304,0.305,5124.74
1750651200,0.304,0.306,0.304,0.306,44254.07
1750652100,0.306,0.306,0.305,0.305,57309.66
1750653000,0.305,0.306,0.305,0.306,38605.07
1750653900,0.306,0.306,0.305,0.306,17902.27
1750654800,0.306,0.307,0.305,0.307,88538.34
1750655700,0.307,0.308,0.307,0.308,38493.58
1750656600,0.308,0.308,0.307,0.307,135.8
1750657500,0.307,0.308,0.307,0.308,47371.36
1750658400,0.308,0.31,0.308,0.31,96819.32999999999
1750659300,0.309,0.31,0.308,0.308,62835.43
1750660200,0.308,0.309,0.308,0.308,19129.29
1750661100,0.308,0.309,0.307,0.308,65645.13
1750662000,0.308,0.31,0.308,0.31,48847.75
1750662900,0.309,0.31,0.308,0.309,61062.78999999999
1750663800,0.308,0.31,0.308,0.309,91232.57
1750664700,0.309,0.309,0.308,0.308,2648.13
1750665600,0.308,0.31,0.308,0.308,46467.979999999996
1750666500,0.308,0.31,0.308,0.309,93425.55
1750667400,0.309,0.309,0.308,0.309,36874.3
1750668300,0.309,0.309,0.308,0.309,7053.88
1750669200,0.309,0.309,0.307,0.307,49446.83
1750670100,0.307,0.308,0.306,0.306,7756.389999999999
1750671000,0.307,0.308,0.306,0.307,93594.8
1750671900,0.307,0.308,0.307,0.308,2138.18
1750672800,0.308,0.308,0.307,0.308,42407.54
1750673700,0.307,0.308,0.307,0.308,127183.28000000001
1750674600,0.307,0.308,0.306,0.306,35323.670000000006
1750675500,0.306,0.308,0.306,0.307,31732.85
1750676400,0.307,0.308,0.306,0.307,127109.78
1750677300,0.307,0.307,0.306,0.307,41506.729999999996
1750678200,0.307,0.307,0.306,0.306,2221.79
1750679100,0.306,0.308,0.306,0.307,13269.95
1750680000,0.307,0.307,0.307,0.307,40840.09
1750680900,0.307,0.308,0.307,0.307,15745.009999999998
1750681800,0.307,0.31,0.307,0.31,90657.57
1750682700,0.31,0.311,0.31,0.311,43759.270000000004
1750683600,0.31,0.311,0.309,0.309,48946.53
1750684500,0.309,0.309,0.308,0.309,15805.990000000002
1750685400,0.308,0.314,0.306,0.312,221914.36
1750686300,0.313,0.314,0.312,0.314,76114.43
1750687200,0.314,0.315,0.312,0.313,112432.18000000001
1750688100,0.312,0.313,0.31,0.31,133639.74
1750689000,0.31,0.311,0.31,0.31,83070.87
1750689900,0.311,0.311,0.309,0.309,91515.29999999999
1750690800,0.309,0.311,0.309,0.311,113487.56
1750691700,0.311,0.311,0.309,0.309,71900.85
1750692600,0.308,0.31,0.308,0.309,62742.03999999999
1750693500,0.309,0.309,0.307,0.307,32515.079999999998
1750694400,0.307,0.308,0.306,0.306,41361.0
1750695300,0.306,0.307,0.304,0.305,115985.62999999999
1750696200,0.305,0.306,0.302,0.305,199206.17
1750697100,0.305,0.306,0.303,0.304,102143.89
1750698000,0.303,0.309,0.303,0.306,123236.67
1750698900,0.306,0.312,0.306,0.312,171662.16
1750699800,0.312,0.314,0.312,0.312,110801.73999999999
1750700700,0.313,0.314,0.312,0.313,87744.51000000001
1750701600,0.313,0.316,0.313,0.316,115681.23
1750702500,0.316,0.317,0.315,0.315,76525.40000000001
1750703400,0.315,0.318,0.315,0.318,89236.82
1750704300,0.318,0.318,0.316,0.317,15550.26
1750705200,0.316,0.317,0.316,0.317,33291.08
1750706100,0.317,0.317,0.316,0.317,52927.23
1750707000,0.317,0.319,0.315,0.316,87923.28
1750707900,0.316,0.317,0.316,0.317,3319.75
1750708800,0.318,0.321,0.317,0.321,133033.45
1750709700,0.321,0.323,0.319,0.322,100867.86
1750710600,0.323,0.323,0.321,0.322,78843.40000000001
1750711500,0.322,0.322,0.321,0.321,22703.010000000002
1750712400,0.321,0.323,0.321,0.321,29002.57
1750713300,0.322,0.323,0.322,0.322,2619.48
1750714200,0.321,0.322,0.321,0.321,7484.1900000000005
1750715100,0.322,0.322,0.321,0.321,4414.52
1750716000,0.321,0.328,0.321,0.328,258201.46
1750716900,0.328,0.33,0.327,0.329,83875.44
1750717800,0.33,0.33,0.327,0.327,173895.85
1750718700,0.328,0.33,0.327,0.329,66325.91
1750719600,0.33,0.33,0.329,0.329,48824.7
1750720500,0.329,0.331,0.329,0.329,48061.89
1750721400,0.329,0.331,0.329,0.33,61187.47
1750722300,0.33,0.331,0.33,0.33,31824.350000000002
1750723200,0.331,0.332,0.33,0.332,186321.22
1750724100,0.332,0.332,0.331,0.331,29143.52
1750725000,0.331,0.332,0.33,0.331,42685.09
1750725900,0.331,0.332,0.331,0.331,77605.59
1750726800,0.331,0.331,0.331,0.331,8252.11
1750727700,0.331,0.332,0.331,0.332,34571.520000000004
1750728600,0.332,0.332,0.33,0.332,25987.35
1750729500,0.332,0.332,0.33,0.331,43183.81
1750730400,0.331,0.332,0.33,0.331,17126.65
1750731300,0.331,0.331,0.329,0.33,63582.49
1750732200,0.33,0.331,0.33,0.331,1042.55
1750733100,0.331,0.331,0.33,0.33,142.69
1750734000,0.33,0.331,0.33,0.331,32118.29
1750734900,0.331,0.332,0.331,0.331,30001.480000000003
1750735800,0.331,0.331,0.33,0.33,11630.11
1750736700,0.33,0.331,0.33,0.331,4867.110000000001
1750737600,0.331,0.331,0.33,0.33,5305.16
1750738500,0.33,0.33,0.329,0.33,94.78
1750739400,0.33,0.33,0.329,0.329,4376.29
1750740300,0.329,0.331,0.329,0.33,22014.08
1750741200,0.33,0.331,0.329,0.331,22744.05
1750742100,0.331,0.332,0.33,0.332,44450.409999999996
1750743000,0.333,0.333,0.332,0.332,68046.19
1750743900,0.332,0.334,0.332,0.334,67030.45
1750744800,0.333,0.334,0.332,0.333,74058.03
1750745700,0.333,0.334,0.333,0.334,7493.38
1750746600,0.334,0.335,0.333,0.334,53700.93
1750747500,0.335,0.335,0.333,0.335,16803.85
1750748400,0.333,0.335,0.333,0.334,29359.93
1750749300,0.333,0.335,0.333,0.334,32730.350000000002
1750750200,0.333,0.333,0.331,0.332,54957.07
1750751100,0.332,0.332,0.33,0.331,53871.84
1750752000,0.331,0.332,0.33,0.33,180512.93
1750752900,0.331,0.331,0.328,0.33,44414.03
1750753800,0.331,0.332,0.33,0.33,68547.0
1750754700,0.33,0.33,0.33,0.33,1257.55
1750755600,0.33,0.331,0.329,0.33,12628.03
1750756500,0.33,0.334,0.329,0.332,71551.73
1750757400,0.332,0.333,0.33,0.331,13777.17
1750758300,0.331,0.331,0.329,0.331,76674.26000000001
1750759200,0.33,0.331,0.33,0.33,2773.49
1750760100,0.33,0.331,0.33,0.33,47889.729999999996
1750761000,0.33,0.331,0.329,0.329,77553.44
1750761900,0.33,0.331,0.329,0.331,29646.39
1750762800,0.331,0.331,0.329,0.33,6416.6
1750763700,0.33,0.33,0.328,0.33,42160.74
1750764600,0.33,0.331,0.33,0.33,33180.11
1750765500,0.331,0.331,0.329,0.33,67914.46
1750766400,0.33,0.331,0.33,0.33,25903.989999999998
1750767300,0.33,0.33,0.328,0.329,37414.770000000004
1750768200,0.329,0.33,0.328,0.329,21488.89
1750769100,0.329,0.329,0.328,0.329,19261.54
1750770000,0.329,0.33,0.328,0.329,4646.87
1750770900,0.33,0.33,0.329,0.329,40939.1
1750771800,0.329,0.33,0.327,0.329,119612.44999999998
1750772700,0.329,0.33,0.327,0.329,69462.13
1750773600,0.329,0.331,0.328,0.33,39619.1
1750774500,0.33,0.331,0.329,0.331,60950.72
1750775400,0.33,0.332,0.329,0.331,41884.16
1750776300,0.331,0.332,0.329,0.33,107287.33
1750777200,0.331,0.332,0.329,0.33,19609.34
1750778100,0.33,0.33,0.328,0.33,16404.71
1750779000,0.33,0.33,0.328,0.329,64174.770000000004
1750779900,0.329,0.331,0.328,0.329,48175.15
1750780800,0.33,0.331,0.328,0.33,144054.22999999998
1750781700,0.33,0.332,0.33,0.331,30655.87
1750782600,0.331,0.333,0.33,0.333,103181.18
1750783500,0.334,0.335,0.332,0.335,143794.45
1750784400,0.334,0.335,0.332,0.333,275522.2
1750785300,0.333,0.333,0.33,0.331,41569.630000000005
1750786200,0.33,0.331,0.329,0.33,55646.89
1750787100,0.33,0.332,0.33,0.331,13213.529999999999
1750788000,0.331,0.331,0.329,0.33,68977.81
1750788900,0.329,0.33,0.328,0.329,129154.44
1750789800,0.329,0.329,0.328,0.329,28613.53
1750790700,0.329,0.329,0.329,0.329,15197.84
1750791600,0.329,0.329,0.328,0.328,39318.53
1750792500,0.328,0.329,0.327,0.328,37838.28
1750793400,0.328,0.329,0.327,0.328,30981.810000000005
1750794300,0.328,0.328,0.326,0.328,81419.0
1750795200,0.328,0.328,0.327,0.328,23181.94
1750796100,0.328,0.328,0.327,0.328,7532.38
1750797000,0.328,0.329,0.328,0.328,713.91
1750797900,0.329,0.33,0.328,0.329,13725.220000000001
1750798800,0.329,0.33,0.327,0.327,65749.41
1750799700,0.328,0.33,0.327,0.33,58499.12
1750800600,0.329,0.33,0.329,0.33,4351.0199999999995
1750801500,0.329,0.331,0.329,0.331,11013.57
1750802400,0.33,0.33,0.329,0.329,13502.5
1750803300,0.33,0.33,0.328,0.328,21155.98
1750804200,0.328,0.33,0.328,0.329,4079.6900000000005
1750805100,0.329,0.331,0.329,0.331,13620.4
1750806000,0.33,0.33,0.328,0.328,5056.35
1750806900,0.328,0.329,0.328,0.328,12566.66
1750807800,0.329,0.33,0.328,0.329,13024.140000000001
1750808700,0.329,0.33,0.329,0.33,17212.13
1750809600,0.33,0.331,0.33,0.331,46330.26
1750810500,0.331,0.331,0.331,0.331,73.52000000000001
1750811400,0.331,0.331,0.329,0.329,21808.579999999998
1750812300,0.33,0.331,0.329,0.33,16328.92
1750813200,0.33,0.331,0.329,0.329,31372.43
1750814100,0.329,0.33,0.327,0.328,39288.96
1750815000,0.329,0.33,0.328,0.329,34244.66
1750815900,0.329,0.33,0.328,0.328,24747.36
1750816800,0.328,0.331,0.328,0.329,47011.44
1750817700,0.329,0.33,0.328,0.328,42065.09
1750818600,0.329,0.331,0.328,0.328,104031.96
1750819500,0.328,0.329,0.328,0.328,23409.949999999997
1750820400,0.328,0.33,0.328,0.33,16023.099999999999
1750821300,0.33,0.33,0.329,0.33,828.41
1750822200,0.33,0.33,0.329,0.329,17633.54
1750823100,0.329,0.33,0.328,0.328,28062.070000000003
1750824000,0.329,0.33,0.328,0.329,3583.12
1750824900,0.328,0.33,0.328,0.329,13419.25
1750825800,0.329,0.329,0.327,0.329,28088.57
1750826700,0.328,0.329,0.328,0.329,8537.6
1750827600,0.329,0.33,0.328,0.329,35566.329999999994
1750828500,0.329,0.329,0.328,0.328,18889.12
1750829400,0.328,0.329,0.327,0.329,57694.65
1750830300,0.328,0.329,0.328,0.328,4645.9800000000005
1750831200,0.328,0.329,0.327,0.328,26088.87
1750832100,0.328,0.329,0.328,0.328,14504.51
1750833000,0.328,0.33,0.328,0.33,8935.83
1750833900,0.33,0.33,0.328,0.33,12328.48
1750834800,0.33,0.33,0.328,0.328,6528.12
1750835700,0.329,0.33,0.329,0.33,39158.33
1750836600,0.33,0.331,0.33,0.331,6237.0
1750837500,0.331,0.331,0.33,0.33,17277.02
1750838400,0.33,0.33,0.33,0.33,22617.74
1750839300,0.33,0.33,0.328,0.329,11390.439999999999
1750840200,0.328,0.329,0.327,0.327,39183.58
1750841100,0.327,0.328,0.327,0.328,41500.55
1750842000,0.328,0.33,0.328,0.329,41581.44
1750842900,0.329,0.33,0.328,0.329,15792.589999999998
1750843800,0.33,0.33,0.326,0.326,39502.799999999996
1750844700,0.327,0.327,0.326,0.326,16490.32
1750845600,0.327,0.327,0.326,0.326,7459.410000000001
1750846500,0.326,0.329,0.326,0.329,21244.42
1750847400,0.329,0.329,0.327,0.328,4378.97
1750848300,0.328,0.328,0.327,0.327,7722.07
1750849200,0.328,0.329,0.327,0.328,40289.96
1750850100,0.327,0.329,0.327,0.328,6599.700000000001
1750851000,0.329,0.33,0.328,0.328,22309.93
1750851900,0.328,0.33,0.328,0.33,74891.67
1750852800,0.33,0.33,0.328,0.328,36375.73
1750853700,0.328,0.329,0.327,0.328,40393.09
1750854600,0.328,0.329,0.328,0.329,5679.7
1750855500,0.329,0.329,0.328,0.329,1357.39
1750856400,0.329,0.33,0.328,0.329,6636.3
1750857300,0.33,0.331,0.329,0.331,24783.93
1750858200,0.33,0.331,0.328,0.331,36838.7
1750859100,0.33,0.331,0.329,0.33,82227.97
1750860000,0.33,0.331,0.329,0.329,81329.72
1750860900,0.328,0.328,0.326,0.327,82124.92000000001
1750861800,0.327,0.328,0.326,0.328,20911.5
1750862700,0.327,0.329,0.327,0.328,9624.54
1750863600,0.327,0.327,0.326,0.326,12894.51
1750864500,0.326,0.326,0.325,0.326,99405.31
1750865400,0.326,0.326,0.324,0.324,36722.97
1750866300,0.325,0.326,0.324,0.324,34822.54
1750867200,0.324,0.325,0.324,0.325,24623.66
1750868100,0.325,0.327,0.325,0.325,14835.83
1750869000,0.325,0.326,0.324,0.324,22099.52
1750869900,0.324,0.325,0.323,0.323,26928.030000000002
1750870800,0.323,0.324,0.323,0.323,36272.51
1750871700,0.325,0.327,0.325,0.326,29058.52
1750872600,0.326,0.326,0.325,0.325,26948.9
1750873500,0.325,0.325,0.324,0.325,13763.16
1750874400,0.325,0.325,0.325,0.325,137.62
1750875300,0.325,0.325,0.324,0.324,9950.34
1750876200,0.324,0.326,0.324,0.324,28395.23
1750877100,0.324,0.325,0.323,0.325,10790.21
1750878000,0.324,0.326,0.324,0.326,20424.02
1750878900,0.326,0.327,0.325,0.326,19236.98
1750879800,0.326,0.326,0.325,0.325,1626.8500000000001
1750880700,0.326,0.326,0.325,0.325,7757.400000000001
1750881600,0.325,0.326,0.325,0.325,2417.9900000000002
1750882500,0.326,0.327,0.325,0.326,39990.020000000004
1750883400,0.326,0.326,0.326,0.326,8434.54
1750884300,0.326,0.327,0.326,0.327,11569.210000000001
1750885200,0.327,0.328,0.325,0.325,57133.81
1750886100,0.326,0.327,0.326,0.326,29569.489999999998
1750887000,0.326,0.326,0.325,0.326,3153.18
1750887900,0.326,0.326,0.325,0.325,8637.55
1750888800,0.325,0.325,0.324,0.325,18412.62
1750889700,0.325,0.325,0.324,0.324,6221.26
1750890600,0.325,0.325,0.323,0.323,1701.08
1750891500,0.323,0.324,0.323,0.324,992.7199999999999
1750892400,0.324,0.324,0.323,0.324,25390.2
1750893300,0.324,0.325,0.324,0.324,4989.2
1750894200,0.324,0.325,0.324,0.325,1729.87
1750895100,0.325,0.326,0.325,0.326,23401.010000000002
1750896000,0.325,0.326,0.325,0.326,11181.470000000001
1750896900,0.327,0.327,0.326,0.327,38156.85
1750897800,0.327,0.327,0.325,0.326,89655.3
1750898700,0.327,0.327,0.326,0.326,39077.07
1750899600,0.326,0.327,0.325,0.325,92679.17
1750900500,0.325,0.326,0.324,0.326,86308.03
1750901400,0.327,0.33,0.327,0.329,88896.4
1750902300,0.329,0.329,0.329,0.329,61.730000000000004
1750903200,0.329,0.33,0.329,0.33,2512.3199999999997
1750904100,0.33,0.33,0.329,0.33,669.64
1750905000,0.33,0.33,0.328,0.328,20226.32
1750905900,0.328,0.331,0.327,0.331,180454.57
1750906800,0.331,0.333,0.33,0.33,169816.34
1750907700,0.33,0.331,0.329,0.329,25267.92
1750908600,0.329,0.329,0.329,0.329,27256.38
1750909500,0.329,0.33,0.329,0.329,4040.09
1750910400,0.329,0.329,0.328,0.328,10663.7
1750911300,0.328,0.328,0.327,0.327,31721.59
1750912200,0.327,0.328,0.326,0.326,22777.78
1750913100,0.326,0.326,0.326,0.326,15779.330000000002
1750914000,0.326,0.327,0.326,0.326,25735.93
1750914900,0.326,0.326,0.325,0.325,522.6
1750915800,0.325,0.326,0.325,0.325,25925.08
1750916700,0.325,0.326,0.325,0.326,16031.02
1750917600,0.326,0.326,0.326,0.326,852.74
1750918500,0.326,0.327,0.326,0.327,13253.58
1750919400,0.327,0.328,0.326,0.327,186.0
1750920300,0.327,0.328,0.327,0.328,12694.810000000001
1750921200,0.328,0.329,0.328,0.329,20568.100000000002
1750922100,0.329,0.33,0.329,0.33,32516.489999999998
1750923000,0.33,0.33,0.329,0.33,20892.91
1750923900,0.33,0.33,0.329,0.33,3799.9900000000002
1750924800,0.33,0.331,0.33,0.331,4914.299999999999
1750925700,0.33,0.33,0.329,0.33,50772.91
1750926600,0.329,0.33,0.329,0.33,58474.87
1750927500,0.33,0.33,0.328,0.328,13821.79
1750928400,0.329,0.329,0.326,0.327,19191.41
1750929300,0.327,0.328,0.326,0.326,21309.14
1750930200,0.326,0.327,0.325,0.326,38424.65
1750931100,0.326,0.326,0.325,0.325,14475.58
1750932000,0.325,0.327,0.325,0.326,21663.399999999998
1750932900,0.326,0.327,0.326,0.326,2714.04
1750933800,0.326,0.327,0.326,0.326,1881.2999999999997
1750934700,0.326,0.327,0.326,0.327,7465.88
1750935600,0.326,0.327,0.326,0.327,5364.5
1750936500,0.326,0.327,0.326,0.326,51378.65
1750937400,0.326,0.327,0.325,0.325,2979.24
1750938300,0.326,0.327,0.326,0.327,400.33
1750939200,0.327,0.327,0.325,0.325,78611.56
1750940100,0.325,0.325,0.323,0.324,54570.84
1750941000,0.324,0.324,0.324,0.324,34544.28
1750941900,0.324,0.324,0.322,0.322,202093.42
1750942800,0.322,0.323,0.32,0.321,61538.61
1750943700,0.321,0.322,0.32,0.321,22674.129999999997
1750944600,0.32,0.322,0.32,0.321,116750.74
1750945500,0.322,0.322,0.319,0.319,133523.08
1750946400,0.319,0.321,0.319,0.32,47315.42
1750947300,0.32,0.322,0.32,0.322,46697.37
1750948200,0.322,0.324,0.322,0.323,40909.52
1750949100,0.323,0.324,0.321,0.321,12616.46
1750950000,0.321,0.322,0.321,0.321,6837.23
1750950900,0.321,0.322,0.319,0.32,81208.23
1750951800,0.319,0.321,0.319,0.321,52512.09
1750952700,0.321,0.322,0.321,0.321,8946.6
1750953600,0.322,0.322,0.319,0.319,8021.4
1750954500,0.319,0.32,0.319,0.32,6017.86
1750955400,0.319,0.32,0.319,0.319,16931.929999999997
1750956300,0.319,0.319,0.319,0.319,11062.12
1750957200,0.319,0.32,0.319,0.319,15881.179999999998
1750958100,0.319,0.319,0.318,0.319,18457.3
1750959000,0.319,0.319,0.318,0.319,12814.02
1750959900,0.319,0.319,0.317,0.318,21341.32
1750960800,0.318,0.319,0.318,0.319,7737.139999999999
1750961700,0.319,0.32,0.317,0.317,79034.74
1750962600,0.317,0.318,0.317,0.318,56294.18000000001
1750963500,0.318,0.319,0.318,0.318,18311.42
1750964400,0.318,0.319,0.318,0.319,3502.31
1750965300,0.319,0.321,0.319,0.321,32973.729999999996
1750966200,0.321,0.321,0.32,0.321,16902.77
1750967100,0.321,0.322,0.321,0.321,22217.08
1750968000,0.321,0.321,0.32,0.321,19023.4
1750968900,0.321,0.321,0.321,0.321,10872.59
1750969800,0.321,0.324,0.32,0.323,76929.7
1750970700,0.323,0.323,0.321,0.322,14383.76
1750971600,0.322,0.322,0.319,0.319,93913.76000000001
1750972500,0.319,0.319,0.318,0.319,22995.03
1750973400,0.319,0.32,0.317,0.318,36878.880000000005
1750974300,0.318,0.319,0.318,0.318,15503.9
1750975200,0.318,0.32,0.318,0.318,56538.26
1750976100,0.318,0.319,0.318,0.319,1776.2900000000002
1750977000,0.319,0.319,0.317,0.318,3495.33
1750977900,0.318,0.318,0.318,0.318,10611.99
1750978800,0.318,0.318,0.317,0.318,2132.39
1750979700,0.318,0.319,0.317,0.318,32640.210000000003
1750980600,0.318,0.319,0.317,0.317,32491.759999999995
1750981500,0.318,0.319,0.317,0.317,40540.45
1750982400,0.317,0.318,0.317,0.317,28104.94
1750983300,0.317,0.318,0.317,0.318,17751.84
1750984200,0.318,0.319,0.317,0.317,55125.090000000004
1750985100,0.317,0.317,0.315,0.315,39570.85
1750986000,0.315,0.319,0.315,0.319,168931.34
1750986900,0.319,0.319,0.318,0.319,27837.84
1750987800,0.319,0.319,0.319,0.319,14836.7
1750988700,0.319,0.32,0.319,0.319,9710.029999999999
1750989600,0.319,0.321,0.319,0.32,10261.68
1750990500,0.321,0.321,0.32,0.32,63772.57
1750991400,0.32,0.322,0.32,0.321,15963.54
1750992300,0.321,0.322,0.321,0.321,10224.380000000001
1750993200,0.321,0.321,0.32,0.32,24067.64
1750994100,0.32,0.321,0.32,0.321,1125.18
1750995000,0.321,0.321,0.319,0.32,225088.09999999998
1750995900,0.321,0.321,0.32,0.321,338.28
1750996800,0.321,0.321,0.32,0.32,46858.99
1750997700,0.32,0.321,0.319,0.32,16280.210000000001
1750998600,0.32,0.32,0.319,0.319,13262.400000000001
1750999500,0.319,0.321,0.319,0.32,15935.070000000002
1751000400,0.32,0.322,0.32,0.322,58296.17999999999
1751001300,0.322,0.322,0.321,0.321,28041.94
1751002200,0.321,0.321,0.319,0.319,33523.909999999996
1751003100,0.319,0.32,0.319,0.32,1729.19
1751004000,0.32,0.32,0.319,0.32,3167.61
1751004900,0.32,0.322,0.32,0.32,12799.38
1751005800,0.32,0.321,0.32,0.321,15979.8
1751006700,0.321,0.321,0.32,0.32,75.63
1751007600,0.32,0.32,0.32,0.32,6906.4
1751008500,0.321,0.322,0.318,0.319,36082.07
1751009400,0.319,0.319,0.317,0.318,7062.17
1751010300,0.318,0.318,0.318,0.318,209.67000000000002
1751011200,0.318,0.318,0.317,0.318,41950.57
1751012100,0.318,0.318,0.318,0.318,20726.44
1751013000,0.318,0.319,0.318,0.319,21730.93
1751013900,0.32,0.321,0.319,0.32,16815.72
1751014800,0.32,0.32,0.32,0.32,19990.22
1751015700,0.32,0.32,0.319,0.319,37156.37
1751016600,0.319,0.32,0.318,0.319,15518.39
1751017500,0.319,0.321,0.319,0.319,20147.65
1751018400,0.319,0.32,0.318,0.318,46299.63
1751019300,0.318,0.318,0.318,0.318,0.0
1751020200,0.319,0.319,0.319,0.319,4298.85
1751021100,0.318,0.318,0.318,0.318,42.95
1751022000,0.318,0.319,0.318,0.319,2786.47
1751022900,0.319,0.319,0.318,0.318,30637.36
1751023800,0.318,0.319,0.318,0.319,997.0600000000001
1751024700,0.319,0.319,0.318,0.319,843.4
1751025600,0.318,0.32,0.318,0.32,20870.01
1751026500,0.32,0.321,0.32,0.321,8606.78
1751027400,0.32,0.32,0.318,0.318,98362.69
1751028300,0.318,0.318,0.316,0.317,63325.75
1751029200,0.316,0.318,0.316,0.317,46137.02999999999
1751030100,0.317,0.319,0.317,0.317,34901.57
1751031000,0.317,0.319,0.317,0.318,59100.38
1751031900,0.318,0.318,0.316,0.318,35621.29
1751032800,0.318,0.321,0.318,0.319,67317.61
1751033700,0.318,0.319,0.318,0.318,43349.43000000001
1751034600,0.318,0.319,0.318,0.318,15333.32
1751035500,0.319,0.319,0.318,0.318,3242.3500000000004
1751036400,0.318,0.319,0.318,0.319,10098.039999999999
1751037300,0.319,0.32,0.318,0.32,12600.32
1751038200,0.319,0.321,0.319,0.321,13917.509999999998
1751039100,0.321,0.322,0.32,0.322,11846.83
1751040000,0.321,0.322,0.321,0.321,14600.67
1751040900,0.32,0.322,0.32,0.321,21502.49
1751041800,0.322,0.325,0.322,0.323,115440.37000000001
1751042700,0.323,0.323,0.322,0.322,1083.56
1751043600,0.322,0.322,0.32,0.32,36115.28
1751044500,0.32,0.322,0.32,0.32,15757.369999999999
1751045400,0.32,0.321,0.319,0.319,49247.2
1751046300,0.319,0.319,0.318,0.319,12225.81
1751047200,0.32,0.32,0.319,0.319,10974.0
1751048100,0.319,0.319,0.317,0.318,37725.43
1751049000,0.317,0.317,0.316,0.317,31652.36
1751049900,0.317,0.317,0.317,0.317,6578.47
1751050800,0.317,0.319,0.317,0.318,12395.76
1751051700,0.318,0.319,0.318,0.318,8219.24
1751052600,0.318,0.318,0.318,0.318,61.68
1751053500,0.318,0.319,0.317,0.319,20426.47
1751054400,0.318,0.32,0.318,0.32,6770.6
1751055300,0.32,0.32,0.319,0.32,854.21
1751056200,0.319,0.321,0.319,0.321,4955.05
1751057100,0.32,0.321,0.319,0.321,5315.74
1751058000,0.321,0.321,0.32,0.32,32075.550000000003
1751058900,0.32,0.32,0.319,0.32,9062.36
1751059800,0.321,0.321,0.32,0.32,3946.41
1751060700,0.32,0.321,0.32,0.32,1167.59
1751061600,0.32,0.321,0.32,0.321,592.5
1751062500,0.321,0.322,0.321,0.322,2270.98
1751063400,0.322,0.323,0.321,0.322,22087.92
1751064300,0.322,0.322,0.322,0.322,0.0
1751065200,0.322,0.322,0.322,0.322,0.0
1751066100,0.322,0.322,0.322,0.322,22.31
1751067000,0.322,0.322,0.321,0.321,191.63
1751067900,0.321,0.322,0.321,0.322,6419.55
1751068800,0.322,0.323,0.322,0.322,46085.15
1751069700,0.322,0.322,0.322,0.322,31864.239999999998
1751070600,0.322,0.322,0.322,0.322,627.47
1751071500,0.322,0.322,0.321,0.321,37451.96
1751072400,0.321,0.321,0.32,0.32,4526.81
1751073300,0.32,0.321,0.32,0.32,33894.240000000005
1751074200,0.32,0.32,0.32,0.32,6660.429999999999
1751075100,0.32,0.321,0.32,0.321,4441.71
1751076000,0.32,0.321,0.32,0.321,6269.5
1751076900,0.321,0.322,0.32,0.321,29585.61
1751077800,0.321,0.321,0.321,0.321,1600.04
1751078700,0.321,0.321,0.321,0.321,8278.37
1751079600,0.321,0.321,0.32,0.32,79.44
1751080500,0.32,0.321,0.32,0.321,4020.54
1751081400,0.321,0.321,0.32,0.32,1785.77
1751082300,0.32,0.32,0.32,0.32,0.0
1751083200,0.32,0.32,0.319,0.319,41302.45
1751084100,0.319,0.32,0.319,0.319,1188.33
1751085000,0.319,0.32,0.319,0.32,13302.8
1751085900,0.32,0.32,0.319,0.319,5279.65
1751086800,0.319,0.321,0.319,0.321,10346.740000000002
1751087700,0.321,0.321,0.319,0.32,10892.86
1751088600,0.32,0.32,0.319,0.32,7579.340000000001
1751089500,0.319,0.32,0.319,0.319,6588.94
1751090400,0.319,0.32,0.319,0.32,856.61
1751091300,0.32,0.32,0.319,0.32,55.7
1751092200,0.32,0.32,0.319,0.319,288.44
1751093100,0.319,0.32,0.319,0.32,306.61
1751094000,0.319,0.32,0.319,0.32,3203.42
1751094900,0.32,0.321,0.32,0.32,18254.75
1751095800,0.32,0.321,0.32,0.321,1511.33
1751096700,0.321,0.322,0.32,0.322,9905.02
1751097600,0.322,0.322,0.32,0.321,14118.83
1751098500,0.321,0.321,0.32,0.32,50.0
1751099400,0.32,0.321,0.32,0.321,69.18
1751100300,0.321,0.321,0.32,0.32,1912.46
1751101200,0.32,0.321,0.32,0.32,162.51
1751102100,0.32,0.321,0.32,0.32,797.59
1751103000,0.32,0.322,0.32,0.322,7685.860000000001
1751103900,0.322,0.322,0.322,0.322,63.0
1751104800,0.322,0.322,0.321,0.321,2997.64
1751105700,0.321,0.323,0.321,0.322,40014.65
1751106600,0.322,0.323,0.322,0.323,6649.53
1751107500,0.323,0.323,0.321,0.322,27889.41
1751108400,0.323,0.323,0.322,0.323,749.07
1751109300,0.323,0.323,0.322,0.322,8659.91
1751110200,0.322,0.323,0.322,0.322,1056.5900000000001
1751111100,0.322,0.323,0.322,0.323,1010.5899999999999
1751112000,0.322,0.323,0.322,0.323,593.47
1751112900,0.323,0.323,0.323,0.323,69.55
1751113800,0.322,0.323,0.322,0.323,843.46
1751114700,0.322,0.323,0.322,0.323,18815.43
1751115600,0.323,0.323,0.322,0.322,1003.6299999999999
1751116500,0.323,0.323,0.321,0.321,22748.56
1751117400,0.322,0.322,0.321,0.322,867.88
1751118300,0.322,0.322,0.321,0.321,795.6600000000001
1751119200,0.321,0.321,0.321,0.321,163.82
1751120100,0.321,0.323,0.321,0.322,19439.59
1751121000,0.323,0.323,0.321,0.322,18383.15
1751121900,0.322,0.322,0.321,0.321,7194.989999999999
1751122800,0.321,0.322,0.321,0.321,395.01
1751123700,0.321,0.322,0.321,0.321,16700.86
1751124600,0.321,0.322,0.321,0.322,20073.78
1751125500,0.322,0.324,0.322,0.323,15589.830000000002
1751126400,0.323,0.325,0.323,0.325,32322.78
1751127300,0.325,0.325,0.323,0.324,48665.47
1751128200,0.324,0.325,0.323,0.323,25146.29
1751129100,0.323,0.323,0.322,0.322,21271.32
1751130000,0.323,0.323,0.322,0.323,614.69
1751130900,0.323,0.323,0.322,0.323,16591.5
1751131800,0.323,0.323,0.322,0.323,30802.18
1751132700,0.323,0.325,0.323,0.325,22012.41
1751133600,0.324,0.325,0.324,0.325,521.5
1751134500,0.325,0.325,0.324,0.325,2117.7999999999997
1751135400,0.325,0.325,0.324,0.324,11258.38
1751136300,0.324,0.326,0.324,0.326,10923.9
1751137200,0.326,0.326,0.324,0.326,6541.76
1751138100,0.326,0.326,0.325,0.326,106.88
1751139000,0.325,0.325,0.324,0.325,16479.06
1751139900,0.325,0.326,0.325,0.325,11047.73
1751140800,0.325,0.326,0.324,0.325,14545.93
1751141700,0.325,0.325,0.325,0.325,20816.54
1751142600,0.325,0.325,0.325,0.325,8959.390000000001
1751143500,0.325,0.325,0.325,0.325,3161.41
1751144400,0.325,0.325,0.324,0.324,22099.07
1751145300,0.324,0.326,0.324,0.326,18161.71
1751146200,0.326,0.326,0.324,0.326,34844.350000000006
1751147100,0.326,0.327,0.325,0.327,37213.32
1751148000,0.327,0.327,0.326,0.327,38632.57
1751148900,0.328,0.329,0.327,0.328,70657.01
1751149800,0.328,0.328,0.328,0.328,41478.93
1751150700,0.328,0.329,0.327,0.328,30274.459999999995
1751151600,0.327,0.328,0.327,0.327,24973.11
1751152500,0.327,0.328,0.327,0.327,450.1
1751153400,0.327,0.328,0.327,0.327,36279.8
1751154300,0.327,0.327,0.327,0.327,202.54
1751155200,0.328,0.328,0.326,0.326,19272.33
1751156100,0.326,0.327,0.326,0.327,8254.25
1751157000,0.327,0.327,0.326,0.326,26965.98
1751157900,0.326,0.327,0.326,0.326,45958.23
1751158800,0.327,0.327,0.326,0.326,39.019999999999996
1751159700,0.326,0.326,0.326,0.326,0.0
1751160600,0.326,0.326,0.325,0.325,10399.480000000001
1751161500,0.325,0.325,0.324,0.325,10394.68
1751162400,0.325,0.325,0.324,0.324,2530.29
1751163300,0.325,0.325,0.325,0.325,57611.5
1751164200,0.325,0.326,0.324,0.326,21982.29
1751165100,0.326,0.326,0.325,0.326,420.6
1751166000,0.326,0.326,0.326,0.326,3323.3100000000004
1751166900,0.326,0.327,0.325,0.326,50610.479999999996
1751167800,0.326,0.326,0.326,0.326,0.0
1751168700,0.326,0.326,0.325,0.325,34802.83
1751169600,0.324,0.325,0.324,0.325,49627.46
1751170500,0.325,0.325,0.325,0.325,24375.59
1751171400,0.325,0.325,0.324,0.324,13505.81
1751172300,0.324,0.325,0.324,0.325,713.11
1751173200,0.324,0.325,0.324,0.325,215.63
1751174100,0.325,0.325,0.324,0.324,260.0
1751175000,0.324,0.325,0.324,0.324,27233.32
1751175900,0.324,0.325,0.324,0.325,123.63
1751176800,0.325,0.325,0.324,0.325,20995.59
1751177700,0.325,0.326,0.324,0.326,42301.75
1751178600,0.325,0.326,0.325,0.325,1760.13
1751179500,0.325,0.327,0.325,0.326,29576.61
1751180400,0.326,0.326,0.325,0.326,28386.12
1751181300,0.326,0.326,0.325,0.325,5806.420000000001
1751182200,0.325,0.326,0.325,0.325,352.18
1751183100,0.325,0.327,0.324,0.327,75716.1
1751184000,0.327,0.328,0.326,0.326,61831.79
1751184900,0.326,0.327,0.326,0.327,153.7
1751185800,0.327,0.328,0.326,0.328,31354.059999999998
1751186700,0.328,0.328,0.327,0.327,759.75
1751187600,0.327,0.328,0.327,0.328,23220.11
1751188500,0.327,0.329,0.327,0.328,40333.78
1751189400,0.329,0.329,0.328,0.329,3279.62
1751190300,0.328,0.329,0.328,0.329,87161.73
1751191200,0.329,0.329,0.328,0.328,5881.62
1751192100,0.328,0.329,0.328,0.328,43566.13
1751193000,0.328,0.329,0.327,0.327,38156.23
1751193900,0.327,0.329,0.327,0.329,15784.44
1751194800,0.328,0.329,0.327,0.327,25842.809999999998
1751195700,0.327,0.328,0.327,0.328,14628.67
1751196600,0.327,0.329,0.327,0.328,19773.54
1751197500,0.328,0.329,0.328,0.328,27377.75
1751198400,0.328,0.328,0.327,0.328,14129.740000000002
1751199300,0.328,0.328,0.326,0.327,133352.04
1751200200,0.327,0.328,0.327,0.327,64151.44
1751201100,0.327,0.327,0.327,0.327,17905.26
1751202000,0.327,0.328,0.327,0.327,21803.43
1751202900,0.327,0.328,0.327,0.328,280.07
1751203800,0.328,0.328,0.327,0.327,13691.05
1751204700,0.327,0.328,0.327,0.327,390.40000000000003
1751205600,0.327,0.327,0.327,0.327,20978.25
1751206500,0.327,0.328,0.327,0.327,430.04999999999995
1751207400,0.327,0.327,0.326,0.327,15489.85
1751208300,0.326,0.327,0.326,0.326,1586.17
1751209200,0.326,0.327,0.325,0.326,22326.29
1751210100,0.325,0.326,0.324,0.325,24459.56
1751211000,0.325,0.326,0.324,0.325,13212.779999999999
1751211900,0.325,0.325,0.325,0.325,48180.6
1751212800,0.325,0.326,0.325,0.325,1132.4
1751213700,0.326,0.326,0.325,0.325,7023.7300000000005
1751214600,0.325,0.326,0.325,0.326,6191.3
1751215500,0.326,0.326,0.325,0.326,48741.82
1751216400,0.326,0.327,0.326,0.327,220.27
1751217300,0.326,0.327,0.326,0.326,11100.01
1751218200,0.326,0.326,0.325,0.325,8395.83
1751219100,0.325,0.326,0.325,0.326,8256.24
1751220000,0.326,0.326,0.326,0.326,300.0
1751220900,0.326,0.326,0.326,0.326,1072.53
1751221800,0.326,0.326,0.326,0.326,0.0
1751222700,0.327,0.328,0.326,0.328,70062.86
1751223600,0.328,0.328,0.327,0.327,3188.2400000000002
1751224500,0.327,0.328,0.327,0.328,313.11
1751225400,0.327,0.327,0.327,0.327,594.12
1751226300,0.327,0.328,0.327,0.328,959.0400000000001
1751227200,0.328,0.328,0.327,0.327,9752.67
1751228100,0.327,0.328,0.327,0.328,725.42
1751229000,0.328,0.328,0.327,0.327,30.71
1751229900,0.327,0.328,0.327,0.327,23768.760000000002
1751230800,0.327,0.327,0.325,0.327,39182.729999999996
1751231700,0.327,0.328,0.327,0.328,18727.63
1751232600,0.329,0.33,0.329,0.329,39238.0
1751233500,0.329,0.33,0.329,0.329,22462.02
1751234400,0.329,0.334,0.329,0.334,172175.06
1751235300,0.334,0.338,0.333,0.338,361383.9
1751236200,0.338,0.339,0.337,0.338,67742.8
1751237100,0.338,0.34,0.338,0.339,82086.39
1751238000,0.34,0.34,0.338,0.339,76904.20999999999
1751238900,0.339,0.34,0.339,0.34,88101.48
1751239800,0.34,0.34,0.338,0.338,30675.010000000002
1751240700,0.338,0.338,0.337,0.338,12864.58
1751241600,0.338,0.34,0.337,0.338,96995.43000000001
1751242500,0.338,0.34,0.338,0.339,24847.24
1751243400,0.339,0.339,0.337,0.338,31992.940000000002
1751244300,0.337,0.339,0.337,0.337,41371.84
1751245200,0.337,0.337,0.336,0.336,70799.49
1751246100,0.336,0.336,0.335,0.335,34196.21
1751247000,0.334,0.336,0.334,0.336,34592.51
1751247900,0.336,0.336,0.334,0.334,18044.89
1751248800,0.334,0.335,0.334,0.334,1477.19
1751249700,0.334,0.335,0.334,0.334,51802.939999999995
1751250600,0.334,0.334,0.333,0.333,27828.6
1751251500,0.333,0.334,0.333,0.333,23897.97
1751252400,0.333,0.334,0.333,0.334,30.0
1751253300,0.334,0.334,0.333,0.333,46770.090000000004
1751254200,0.333,0.334,0.333,0.334,8635.89
1751255100,0.334,0.334,0.334,0.334,5851.44
1751256000,0.334,0.335,0.333,0.334,86346.0
1751256900,0.334,0.334,0.333,0.333,21885.64
1751257800,0.334,0.334,0.333,0.333,81136.29999999999
1751258700,0.333,0.334,0.332,0.334,28236.32
1751259600,0.333,0.334,0.333,0.333,23234.66
1751260500,0.333,0.334,0.332,0.333,36518.07
1751261400,0.333,0.333,0.333,0.333,11217.94
1751262300,0.333,0.335,0.333,0.334,30199.75
1751263200,0.334,0.334,0.334,0.334,536.25
1751264100,0.334,0.334,0.334,0.334,7873.9
1751265000,0.334,0.334,0.333,0.333,62987.06
1751265900,0.333,0.333,0.331,0.332,120351.53
1751266800,0.332,0.333,0.331,0.332,24222.75
1751267700,0.332,0.333,0.332,0.333,7586.53
1751268600,0.333,0.333,0.333,0.333,17722.48
1751269500,0.333,0.334,0.333,0.334,104.27000000000001
1751270400,0.333,0.334,0.333,0.333,20484.76
1751271300,0.333,0.333,0.331,0.332,22362.73
1751272200,0.332,0.332,0.331,0.331,3384.32
1751273100,0.331,0.332,0.331,0.331,83.36000000000001
1751274000,0.331,0.332,0.331,0.332,37230.53
1751274900,0.332,0.332,0.331,0.332,4870.35
1751275800,0.332,0.332,0.33,0.33,6247.21
1751276700,0.33,0.33,0.33,0.33,6512.849999999999
1751277600,0.33,0.331,0.33,0.33,12157.82
1751278500,0.33,0.331,0.33,0.33,735.51
1751279400,0.33,0.331,0.33,0.331,70997.81
1751280300,0.331,0.331,0.33,0.33,178.48
1751281200,0.33,0.331,0.33,0.33,26608.89
1751282100,0.33,0.332,0.33,0.331,12627.83
1751283000,0.331,0.331,0.33,0.331,36696.36
1751283900,0.331,0.331,0.33,0.33,10082.02
1751284800,0.33,0.331,0.33,0.331,2794.4700000000003
1751285700,0.33,0.33,0.33,0.33,9733.52
1751286600,0.33,0.33,0.329,0.329,12086.67
1751287500,0.329,0.329,0.327,0.328,142613.32
1751288400,0.329,0.329,0.328,0.328,31804.03
1751289300,0.329,0.331,0.328,0.331,4239.43
1751290200,0.331,0.331,0.328,0.329,20131.43
1751291100,0.329,0.329,0.328,0.329,58255.69
1751292000,0.328,0.329,0.327,0.328,62005.6
1751292900,0.329,0.329,0.327,0.328,34404.57
1751293800,0.328,0.329,0.328,0.328,25050.84
1751294700,0.328,0.329,0.326,0.327,62892.3
1751295600,0.327,0.328,0.326,0.327,28381.079999999998
1751296500,0.327,0.329,0.326,0.329,119089.79000000001
1751297400,0.33,0.33,0.328,0.33,29018.920000000002
1751298300,0.33,0.331,0.329,0.329,88912.89
1751299200,0.329,0.33,0.328,0.329,74503.51999999999
1751300100,0.33,0.33,0.329,0.329,7202.92
1751301000,0.329,0.33,0.329,0.33,31533.21
1751301900,0.33,0.331,0.328,0.33,18749.309999999998
1751302800,0.33,0.331,0.329,0.33,23582.129999999997
1751303700,0.33,0.331,0.329,0.33,12700.61
1751304600,0.33,0.33,0.328,0.329,47785.329999999994
1751305500,0.329,0.33,0.329,0.329,35149.5
1751306400,0.329,0.329,0.328,0.328,38785.6
1751307300,0.327,0.329,0.327,0.328,32226.23
1751308200,0.328,0.328,0.326,0.327,70119.56
1751309100,0.327,0.328,0.327,0.328,14004.710000000001
1751310000,0.328,0.329,0.327,0.329,6474.13
1751310900,0.329,0.33,0.329,0.33,23078.54
1751311800,0.33,0.331,0.33,0.331,8081.6
1751312700,0.33,0.331,0.33,0.331,2448.06
1751313600,0.331,0.332,0.33,0.33,41491.909999999996
1751314500,0.331,0.331,0.331,0.331,10581.699999999999
1751315400,0.331,0.331,0.329,0.329,19516.899999999998
1751316300,0.329,0.331,0.329,0.33,13727.800000000001
1751317200,0.33,0.33,0.328,0.328,19660.64
1751318100,0.329,0.331,0.329,0.33,81790.38
1751319000,0.329,0.33,0.329,0.33,5233.98
1751319900,0.329,0.329,0.327,0.328,48302.44
1751320800,0.328,0.329,0.327,0.327,17541.99
1751321700,0.328,0.329,0.327,0.328,5542.2300000000005
1751322600,0.328,0.329,0.328,0.328,9680.699999999999
1751323500,0.328,0.328,0.328,0.328,280.0
1751324400,0.328,0.329,0.327,0.329,21061.18
1751325300,0.329,0.329,0.328,0.328,6631.15
1751326200,0.328,0.328,0.327,0.328,1281.04
1751327100,0.328,0.328,0.328,0.328,2251.81
1751328000,0.328,0.329,0.328,0.329,2427.69
1751328900,0.329,0.33,0.328,0.328,13944.36
1751329800,0.327,0.328,0.326,0.328,175277.25
1751330700,0.328,0.328,0.327,0.328,5960.21
1751331600,0.328,0.328,0.328,0.328,14999.8
1751332500,0.327,0.328,0.327,0.327,476.42
1751333400,0.327,0.328,0.327,0.328,20951.14
1751334300,0.328,0.328,0.327,0.327,23181.420000000002
1751335200,0.326,0.327,0.326,0.326,82732.52
1751336100,0.326,0.326,0.326,0.326,39661.79
1751337000,0.326,0.326,0.326,0.326,27861.59
1751337900,0.326,0.326,0.325,0.325,62962.840000000004
1751338800,0.325,0.325,0.324,0.324,157232.16
1751339700,0.324,0.325,0.324,0.325,12649.050000000001
1751340600,0.325,0.325,0.324,0.325,50.36
1751341500,0.324,0.325,0.323,0.324,96608.65
1751342400,0.323,0.324,0.323,0.324,3269.06
1751343300,0.323,0.324,0.322,0.322,113906.39
1751344200,0.322,0.322,0.322,0.322,1575.45
1751345100,0.322,0.322,0.321,0.321,111868.45999999999
1751346000,0.321,0.321,0.32,0.32,9205.83
1751346900,0.32,0.32,0.319,0.319,34790.24
1751347800,0.32,0.32,0.319,0.32,20695.63
1751348700,0.319,0.321,0.319,0.321,7786.11
1751349600,0.321,0.321,0.32,0.32,8036.12
1751350500,0.32,0.321,0.32,0.32,33370.71
1751351400,0.32,0.321,0.32,0.321,2947.9399999999996
1751352300,0.321,0.321,0.32,0.321,1639.37
1751353200,0.321,0.321,0.32,0.321,3393.9399999999996
1751354100,0.321,0.321,0.319,0.32,77877.79000000001
1751355000,0.321,0.322,0.321,0.321,24242.83
1751355900,0.321,0.323,0.321,0.322,37644.8
1751356800,0.322,0.322,0.321,0.321,3097.7
1751357700,0.321,0.321,0.321,0.321,40050.630000000005
1751358600,0.321,0.321,0.32,0.32,4802.740000000001
1751359500,0.32,0.321,0.32,0.321,3473.73
1751360400,0.32,0.322,0.32,0.321,10597.54
1751361300,0.321,0.321,0.32,0.321,85084.53
1751362200,0.321,0.321,0.319,0.32,81091.95
1751363100,0.32,0.321,0.32,0.321,45175.36
1751364000,0.321,0.321,0.32,0.321,7768.56
1751364900,0.321,0.321,0.32,0.321,4947.61
1751365800,0.321,0.321,0.321,0.321,1157.2
1751366700,0.321,0.321,0.32,0.321,7837.37
1751367600,0.321,0.321,0.32,0.32,23549.09
1751368500,0.32,0.32,0.318,0.319,43502.05
1751369400,0.319,0.319,0.318,0.318,33196.189999999995
1751370300,0.318,0.319,0.318,0.318,33200.909999999996
1751371200,0.318,0.318,0.317,0.318,57148.950000000004
1751372100,0.318,0.318,0.317,0.317,57788.74
1751373000,0.317,0.317,0.317,0.317,47542.87
1751373900,0.316,0.318,0.316,0.317,28318.14
1751374800,0.317,0.318,0.317,0.317,16475.7
1751375700,0.317,0.318,0.317,0.317,26145.949999999997
1751376600,0.317,0.319,0.317,0.317,19258.97
1751377500,0.318,0.319,0.318,0.319,27074.379999999997
1751378400,0.319,0.321,0.319,0.321,48428.66
1751379300,0.321,0.321,0.317,0.317,21997.68
1751380200,0.318,0.319,0.317,0.317,42022.04
1751381100,0.317,0.318,0.317,0.318,53673.14
1751382000,0.318,0.318,0.317,0.317,22422.1
1751382900,0.317,0.318,0.317,0.318,42908.65
1751383800,0.318,0.318,0.317,0.318,9787.27
1751384700,0.317,0.318,0.316,0.317,22785.9
1751385600,0.317,0.318,0.316,0.318,5506.69
1751386500,0.318,0.318,0.317,0.317,25109.63
1751387400,0.317,0.318,0.317,0.317,5637.219999999999
1751388300,0.317,0.317,0.315,0.317,64110.4
1751389200,0.317,0.317,0.316,0.317,18153.14
1751390100,0.317,0.317,0.316,0.317,13416.32
1751391000,0.317,0.317,0.316,0.316,12053.4
1751391900,0.316,0.318,0.316,0.317,20393.73
1751392800,0.317,0.318,0.316,0.317,21630.48
1751393700,0.317,0.317,0.315,0.315,55517.87
1751394600,0.315,0.316,0.314,0.315,27388.45
1751395500,0.315,0.316,0.315,0.315,11912.83
1751396400,0.315,0.317,0.314,0.317,20079.65
1751397300,0.316,0.316,0.315,0.316,13366.41
1751398200,0.315,0.317,0.315,0.316,25505.87
1751399100,0.316,0.316,0.315,0.316,1060.59
1751400000,0.316,0.316,0.314,0.315,27206.84
1751400900,0.315,0.316,0.309,0.315,383172.13
1751401800,0.315,0.317,0.315,0.317,77919.06999999999
1751402700,0.317,0.317,0.316,0.316,6027.52
1751403600,0.316,0.316,0.316,0.316,16157.56
1751404500,0.316,0.318,0.316,0.318,22847.289999999997
1751405400,0.318,0.318,0.316,0.316,43899.36
1751406300,0.316,0.317,0.316,0.317,43.08
1751407200,0.317,0.317,0.316,0.316,20329.96
1751408100,0.316,0.317,0.316,0.317,4416.91
1751409000,0.317,0.317,0.317,0.317,9303.7
1751409900,0.317,0.317,0.316,0.316,17757.870000000003
1751410800,0.315,0.315,0.314,0.315,21182.85
1751411700,0.315,0.315,0.315,0.315,49939.85
1751412600,0.315,0.315,0.315,0.315,5925.01
1751413500,0.315,0.317,0.315,0.316,14263.960000000001
1751414400,0.316,0.316,0.315,0.315,824.39
1751415300,0.315,0.316,0.315,0.316,31659.97
1751416200,0.316,0.317,0.316,0.316,22888.54
1751417100,0.316,0.316,0.315,0.315,1617.1399999999999
1751418000,0.315,0.315,0.315,0.315,16280.3
1751418900,0.315,0.316,0.312,0.316,77463.43
1751419800,0.316,0.316,0.315,0.316,14825.78
1751420700,0.316,0.316,0.316,0.316,6846.59
1751421600,0.316,0.316,0.315,0.316,4226.04
1751422500,0.316,0.316,0.315,0.316,16824.079999999998
1751423400,0.316,0.317,0.315,0.316,29296.43
1751424300,0.316,0.317,0.316,0.317,1265.8
1751425200,0.317,0.319,0.317,0.318,15640.32
1751426100,0.318,0.318,0.317,0.318,33432.03
1751427000,0.318,0.318,0.317,0.317,2082.7
1751427900,0.317,0.317,0.317,0.317,18555.38
1751428800,0.317,0.318,0.317,0.317,30344.25
1751429700,0.317,0.319,0.317,0.319,9124.75
1751430600,0.319,0.32,0.318,0.319,50880.84
1751431500,0.319,0.321,0.319,0.32,41948.72
1751432400,0.32,0.321,0.319,0.319,14041.13
1751433300,0.32,0.321,0.32,0.32,7440.11
1751434200,0.321,0.321,0.32,0.321,1887.3300000000002
1751435100,0.32,0.321,0.32,0.32,47785.409999999996
1751436000,0.32,0.321,0.32,0.321,321.03000000000003
1751436900,0.32,0.321,0.32,0.32,22839.710000000003
1751437800,0.32,0.321,0.32,0.32,1026.22
1751438700,0.32,0.322,0.32,0.322,80342.22
1751439600,0.321,0.322,0.32,0.321,11441.279999999999
1751440500,0.32,0.321,0.32,0.32,1882.53
1751441400,0.32,0.321,0.32,0.321,21048.03
1751442300,0.321,0.321,0.321,0.321,12475.0
1751443200,0.321,0.322,0.321,0.321,44571.05
1751444100,0.321,0.321,0.321,0.321,53869.03
1751445000,0.32,0.322,0.32,0.321,1782.6100000000001
1751445900,0.321,0.322,0.321,0.322,27835.77
1751446800,0.322,0.322,0.321,0.321,1519.83
1751447700,0.322,0.322,0.321,0.321,3381.94
1751448600,0.321,0.322,0.321,0.321,5770.61
1751449500,0.322,0.322,0.321,0.321,18060.309999999998
1751450400,0.321,0.322,0.32,0.321,15037.48
1751451300,0.321,0.323,0.321,0.322,48521.14
1751452200,0.321,0.323,0.321,0.322,15793.970000000001
1751453100,0.322,0.323,0.322,0.322,164.56
1751454000,0.322,0.323,0.322,0.323,55354.899999999994
1751454900,0.323,0.323,0.323,0.323,848.69
1751455800,0.323,0.323,0.321,0.321,52380.65
1751456700,0.321,0.321,0.321,0.321,28338.77
1751457600,0.321,0.322,0.321,0.321,388.59
1751458500,0.321,0.321,0.32,0.321,39244.32
1751459400,0.32,0.321,0.32,0.321,14163.64
1751460300,0.321,0.321,0.32,0.321,5406.44
1751461200,0.321,0.323,0.321,0.323,129128.59999999999
1751462100,0.323,0.323,0.322,0.322,14888.11
1751463000,0.323,0.323,0.322,0.323,34337.83
1751463900,0.323,0.324,0.323,0.323,87971.27
1751464800,0.323,0.324,0.323,0.324,7862.610000000001
1751465700,0.324,0.325,0.324,0.324,86860.64
1751466600,0.324,0.325,0.324,0.325,22074.050000000003
1751467500,0.324,0.325,0.324,0.325,10907.749999999998
1751468400,0.325,0.329,0.325,0.328,191343.15
1751469300,0.328,0.329,0.328,0.328,108738.58
1751470200,0.328,0.328,0.327,0.328,14255.25
1751471100,0.329,0.33,0.329,0.329,89264.08
1751472000,0.33,0.334,0.33,0.334,424748.99
1751472900,0.334,0.34,0.334,0.338,520560.32
1751473800,0.338,0.339,0.338,0.338,134091.41
1751474700,0.339,0.341,0.338,0.341,165043.75
1751475600,0.341,0.342,0.339,0.34,62916.12
1751476500,0.34,0.342,0.34,0.34,22756.42
1751477400,0.34,0.341,0.338,0.338,73702.69
1751478300,0.338,0.338,0.337,0.338,79815.9
1751479200,0.339,0.341,0.339,0.34,33381.63
1751480100,0.341,0.341,0.34,0.34,13791.01
1751481000,0.341,0.341,0.34,0.34,8534.44
1751481900,0.341,0.341,0.34,0.341,5249.61
1751482800,0.341,0.342,0.341,0.341,47373.3
1751483700,0.341,0.342,0.341,0.341,56453.659999999996
1751484600,0.341,0.342,0.34,0.34,6119.0
1751485500,0.34,0.343,0.34,0.342,173515.78
1751486400,0.343,0.344,0.343,0.344,117369.08
1751487300,0.344,0.345,0.342,0.344,87583.94
1751488200,0.343,0.344,0.342,0.342,79506.34
1751489100,0.343,0.343,0.342,0.342,17495.17
1751490000,0.342,0.342,0.342,0.342,6282.97
1751490900,0.342,0.342,0.342,0.342,35050.62
1751491800,0.341,0.343,0.341,0.342,4876.71
1751492700,0.342,0.343,0.342,0.342,14872.550000000001
1751493600,0.343,0.345,0.343,0.343,65713.14
1751494500,0.343,0.344,0.343,0.344,1715.6
1751495400,0.344,0.344,0.343,0.343,60491.76
1751496300,0.343,0.343,0.342,0.342,38414.19
1751497200,0.342,0.343,0.342,0.342,29082.760000000002
1751498100,0.342,0.342,0.339,0.34,25145.02
1751499000,0.34,0.341,0.34,0.34,21022.53
1751499900,0.34,0.34,0.34,0.34,67361.33
1751500800,0.34,0.341,0.34,0.341,113701.94
1751501700,0.341,0.341,0.339,0.34,70829.06999999999
1751502600,0.34,0.341,0.339,0.341,27781.98
1751503500,0.341,0.342,0.341,0.341,26075.22
1751504400,0.341,0.341,0.341,0.341,9779.23
1751505300,0.341,0.343,0.341,0.343,40421.67
1751506200,0.343,0.343,0.342,0.343,14298.95
1751507100,0.343,0.344,0.343,0.344,17294.04
1751508000,0.344,0.344,0.341,0.341,160325.23
1751508900,0.341,0.342,0.341,0.341,83864.68
1751509800,0.341,0.341,0.34,0.34,29263.03
1751510700,0.34,0.341,0.34,0.341,29385.96
1751511600,0.341,0.342,0.341,0.342,27507.3
1751512500,0.342,0.343,0.341,0.342,39752.67
1751513400,0.342,0.343,0.342,0.342,120593.9
1751514300,0.342,0.342,0.342,0.342,13451.21
1751515200,0.342,0.342,0.341,0.342,9858.72
1751516100,0.342,0.343,0.342,0.342,66055.78
1751517000,0.343,0.343,0.342,0.342,5196.5
1751517900,0.342,0.344,0.342,0.343,25389.91
1751518800,0.344,0.345,0.343,0.345,161408.63
1751519700,0.345,0.345,0.344,0.345,48821.21000000001
1751520600,0.345,0.346,0.345,0.346,5726.45
1751521500,0.346,0.346,0.343,0.346,909912.23
1751522400,0.346,0.346,0.343,0.343,145159.19
1751523300,0.343,0.345,0.343,0.345,55982.71
1751524200,0.345,0.345,0.344,0.344,9434.13
1751525100,0.344,0.345,0.344,0.345,62778.299999999996
1751526000,0.345,0.345,0.344,0.344,32763.66
1751526900,0.345,0.345,0.344,0.345,4024.8600000000006
1751527800,0.345,0.345,0.344,0.345,7209.91
1751528700,0.345,0.345,0.344,0.345,7736.799999999999
1751529600,0.345,0.345,0.344,0.344,13292.96
1751530500,0.344,0.345,0.344,0.344,1548.1799999999998
1751531400,0.344,0.345,0.344,0.344,21230.22
1751532300,0.344,0.344,0.343,0.343,14055.14
1751533200,0.343,0.344,0.342,0.344,19830.55
1751534100,0.344,0.345,0.343,0.344,16606.27
1751535000,0.345,0.346,0.344,0.346,39159.72
1751535900,0.345,0.346,0.343,0.344,36272.49
1751536800,0.343,0.344,0.342,0.344,64579.77
1751537700,0.343,0.344,0.341,0.343,39187.56
1751538600,0.343,0.343,0.341,0.341,4197.83
1751539500,0.341,0.343,0.341,0.342,11063.63
1751540400,0.342,0.343,0.341,0.341,6074.33
1751541300,0.341,0.342,0.341,0.341,10136.46
1751542200,0.341,0.341,0.34,0.341,20541.31
1751543100,0.341,0.341,0.34,0.34,3448.9900000000002
1751544000,0.34,0.342,0.34,0.341,9308.59
1751544900,0.342,0.343,0.341,0.343,9039.050000000001
1751545800,0.343,0.344,0.338,0.339,158046.58
1751546700,0.34,0.341,0.338,0.34,20354.629999999997
1751547600,0.341,0.342,0.341,0.341,31821.079999999998
1751548500,0.341,0.341,0.34,0.341,64379.520000000004
1751549400,0.341,0.344,0.341,0.343,79438.63
1751550300,0.343,0.344,0.343,0.344,70425.77
1751551200,0.344,0.344,0.342,0.343,50161.37
1751552100,0.343,0.343,0.342,0.342,24243.68
1751553000,0.341,0.341,0.34,0.341,58733.27
1751553900,0.341,0.342,0.34,0.341,27609.7
1751554800,0.341,0.341,0.338,0.339,76620.93000000001
1751555700,0.339,0.341,0.338,0.339,13350.34
1751556600,0.339,0.339,0.335,0.337,154373.46
1751557500,0.337,0.337,0.334,0.336,205637.09
1751558400,0.336,0.338,0.336,0.337,121691.68999999999
1751559300,0.337,0.337,0.336,0.336,15232.460000000001
1751560200,0.336,0.338,0.336,0.338,14692.300000000001
1751561100,0.338,0.339,0.337,0.337,56431.5
1751562000,0.337,0.338,0.337,0.338,19291.879999999997
1751562900,0.338,0.338,0.338,0.338,458.77
1751563800,0.338,0.338,0.338,0.338,295.51
1751564700,0.338,0.338,0.337,0.338,7939.01
1751565600,0.338,0.339,0.338,0.338,12120.07
1751566500,0.338,0.338,0.337,0.338,18051.96
1751567400,0.338,0.339,0.338,0.338,16576.2
1751568300,0.338,0.338,0.338,0.338,5000.0
1751569200,0.338,0.338,0.337,0.338,28098.090000000004
1751570100,0.338,0.339,0.338,0.339,3266.69
1751571000,0.339,0.339,0.338,0.339,6008.82
1751571900,0.339,0.339,0.338,0.338,825.6700000000001
1751572800,0.339,0.34,0.339,0.34,17089.0
1751573700,0.34,0.341,0.339,0.341,6420.63
1751574600,0.341,0.341,0.34,0.34,101.33999999999999
1751575500,0.34,0.341,0.34,0.341,440.33
1751576400,0.341,0.341,0.339,0.34,73526.59
1751577300,0.34,0.34,0.339,0.34,11484.5
1751578200,0.341,0.341,0.339,0.341,15753.640000000001
1751579100,0.341,0.341,0.341,0.341,223.82999999999998
1751580000,0.341,0.342,0.34,0.341,7688.55
1751580900,0.341,0.342,0.341,0.342,572.2
1751581800,0.341,0.342,0.341,0.341,2129.5299999999997
1751582700,0.341,0.342,0.341,0.341,10503.09
1751583600,0.342,0.342,0.34,0.341,29436.07
1751584500,0.341,0.341,0.34,0.34,514.2
1751585400,0.34,0.34,0.34,0.34,11565.029999999999
1751586300,0.34,0.34,0.339,0.34,822.6600000000001
1751587200,0.34,0.341,0.34,0.34,31863.73
1751588100,0.339,0.34,0.339,0.339,31956.3
1751589000,0.339,0.34,0.339,0.34,41401.6
1751589900,0.34,0.34,0.339,0.339,26932.77
1751590800,0.339,0.34,0.339,0.34,47874.95
1751591700,0.341,0.341,0.34,0.34,1430.04
1751592600,0.34,0.34,0.34,0.34,7986.77
1751593500,0.34,0.34,0.339,0.339,1274.95
1751594400,0.339,0.339,0.337,0.338,95625.81
1751595300,0.338,0.338,0.336,0.337,63154.020000000004
1751596200,0.337,0.337,0.336,0.336,86573.12
1751597100,0.336,0.336,0.335,0.336,32914.57
1751598000,0.336,0.336,0.336,0.336,31953.02
1751598900,0.337,0.337,0.337,0.337,138.67000000000002
1751599800,0.337,0.337,0.336,0.336,21571.239999999998
1751600700,0.336,0.336,0.336,0.336,11322.71
1751601600,0.336,0.337,0.335,0.337,21264.71
1751602500,0.337,0.337,0.335,0.335,9555.130000000001
1751603400,0.335,0.335,0.335,0.335,3816.16
1751604300,0.335,0.335,0.334,0.334,33358.19
1751605200,0.334,0.336,0.334,0.335,6132.360000000001
1751606100,0.335,0.335,0.334,0.335,10878.98
1751607000,0.335,0.336,0.335,0.335,667.35
1751607900,0.335,0.335,0.334,0.334,22038.12
1751608800,0.334,0.334,0.332,0.332,49405.590000000004
1751609700,0.332,0.332,0.331,0.331,33884.15
1751610600,0.331,0.332,0.331,0.331,50700.96
1751611500,0.332,0.332,0.331,0.332,5263.93
1751612400,0.331,0.332,0.33,0.331,104197.97
1751613300,0.33,0.331,0.329,0.33,126752.3
1751614200,0.33,0.331,0.329,0.329,49305.0
1751615100,0.33,0.33,0.328,0.329,239935.68
1751616000,0.329,0.329,0.327,0.327,99214.68
1751616900,0.327,0.329,0.327,0.329,36929.45999999999
1751617800,0.329,0.33,0.329,0.33,12257.140000000001
1751618700,0.33,0.33,0.329,0.33,9915.55
1751619600,0.33,0.331,0.33,0.33,1133.51
1751620500,0.33,0.332,0.33,0.332,14871.849999999999
1751621400,0.331,0.331,0.331,0.331,3169.84
1751622300,0.331,0.331,0.33,0.33,26937.789999999997
1751623200,0.331,0.331,0.329,0.329,4072.93
1751624100,0.329,0.33,0.329,0.329,8346.99
1751625000,0.329,0.329,0.329,0.329,10252.17
1751625900,0.328,0.329,0.328,0.328,936.76
1751626800,0.328,0.329,0.328,0.329,15121.25
1751627700,0.329,0.329,0.328,0.329,3924.23
1751628600,0.329,0.33,0.329,0.329,60378.37
1751629500,0.33,0.33,0.329,0.329,2804.84
1751630400,0.329,0.329,0.328,0.328,117288.12000000001
1751631300,0.329,0.329,0.329,0.329,8328.91
1751632200,0.329,0.329,0.328,0.329,15428.63
1751633100,0.329,0.329,0.328,0.328,21636.210000000003
1751634000,0.328,0.329,0.328,0.328,39362.85
1751634900,0.328,0.329,0.327,0.327,30918.55
1751635800,0.327,0.328,0.327,0.327,44331.780000000006
1751636700,0.327,0.328,0.326,0.327,20974.47
1751637600,0.327,0.327,0.326,0.326,79754.78
1751638500,0.325,0.327,0.325,0.327,139127.6
1751639400,0.327,0.327,0.326,0.327,25210.920000000002
1751640300,0.327,0.327,0.326,0.326,26212.239999999998
1751641200,0.326,0.326,0.325,0.326,42403.91
1751642100,0.325,0.325,0.324,0.324,47818.32000000001
1751643000,0.324,0.325,0.323,0.324,145234.34
1751643900,0.324,0.325,0.324,0.325,2785.64
1751644800,0.325,0.325,0.323,0.323,119251.47
1751645700,0.323,0.323,0.321,0.322,93458.70999999999
1751646600,0.322,0.323,0.321,0.322,72990.58
1751647500,0.322,0.323,0.322,0.323,23134.809999999998
1751648400,0.323,0.323,0.322,0.322,25107.399999999998
1751649300,0.323,0.324,0.323,0.323,11212.61
1751650200,0.323,0.323,0.322,0.323,37068.55
1751651100,0.323,0.324,0.323,0.324,26499.269999999997
1751652000,0.324,0.324,0.323,0.323,12254.35
1751652900,0.323,0.323,0.321,0.321,25414.08
1751653800,0.321,0.323,0.321,0.322,49886.42
1751654700,0.322,0.323,0.322,0.322,12902.5
1751655600,0.322,0.323,0.321,0.322,2128.76
1751656500,0.323,0.323,0.321,0.321,25202.4
1751657400,0.321,0.323,0.321,0.323,4573.69
1751658300,0.323,0.323,0.321,0.321,12173.43
1751659200,0.321,0.323,0.321,0.323,22782.23
1751660100,0.323,0.323,0.322,0.322,145.87
1751661000,0.322,0.323,0.322,0.322,2460.34
1751661900,0.322,0.322,0.322,0.322,1224.38
1751662800,0.322,0.323,0.321,0.322,80579.78
1751663700,0.322,0.322,0.322,0.322,54311.2
1751664600,0.322,0.322,0.321,0.322,5804.1
1751665500,0.322,0.324,0.322,0.324,2180.89
1751666400,0.324,0.324,0.322,0.324,6867.49
1751667300,0.323,0.325,0.323,0.324,37190.98
1751668200,0.324,0.325,0.324,0.325,4789.76
1751669100,0.325,0.325,0.324,0.325,58.309999999999995
1751670000,0.325,0.325,0.324,0.324,21270.34
1751670900,0.324,0.324,0.323,0.323,1762.75
1751671800,0.323,0.324,0.323,0.324,64479.35
1751672700,0.323,0.324,0.322,0.324,11580.27
1751673600,0.323,0.324,0.322,0.323,60121.27
1751674500,0.323,0.325,0.323,0.325,27188.59
1751675400,0.325,0.325,0.324,0.324,773.0
1751676300,0.324,0.326,0.324,0.325,23424.62
1751677200,0.325,0.326,0.324,0.324,34653.51
1751678100,0.324,0.324,0.324,0.324,1604.0300000000002
1751679000,0.324,0.324,0.323,0.323,124.34
1751679900,0.323,0.323,0.323,0.323,18728.14
1751680800,0.323,0.324,0.323,0.323,14224.310000000001
1751681700,0.323,0.324,0.323,0.323,2182.6
1751682600,0.323,0.323,0.322,0.323,42915.88
1751683500,0.323,0.324,0.323,0.324,46.69
1751684400,0.324,0.325,0.323,0.324,90018.58
1751685300,0.324,0.324,0.324,0.324,9939.92
1751686200,0.323,0.325,0.323,0.324,13971.74
1751687100,0.324,0.324,0.323,0.324,10119.64
1751688000,0.324,0.324,0.323,0.323,33428.1
1751688900,0.323,0.324,0.322,0.323,40091.030000000006
1751689800,0.323,0.324,0.323,0.324,4318.3099999999995
1751690700,0.324,0.324,0.322,0.322,76508.02999999998
1751691600,0.322,0.322,0.322,0.322,15361.939999999999
1751692500,0.322,0.322,0.322,0.322,56268.1
1751693400,0.323,0.323,0.322,0.323,1574.77
1751694300,0.323,0.324,0.323,0.324,39102.23
1751695200,0.324,0.324,0.323,0.323,10772.449999999999
1751696100,0.323,0.326,0.323,0.325,66920.34
1751697000,0.325,0.326,0.324,0.324,106925.12
1751697900,0.324,0.326,0.324,0.324,131726.75
1751698800,0.325,0.326,0.324,0.324,71259.92
1751699700,0.324,0.325,0.323,0.325,37171.95
1751700600,0.324,0.325,0.323,0.323,51504.14
1751701500,0.323,0.324,0.323,0.324,309.8
1751702400,0.324,0.325,0.323,0.324,57376.22
1751703300,0.324,0.324,0.324,0.324,98420.73
1751704200,0.324,0.324,0.322,0.322,110048.10999999999
1751705100,0.322,0.323,0.322,0.323,105865.99
1751706000,0.323,0.323,0.321,0.321,140920.06
1751706900,0.321,0.321,0.321,0.321,57992.15
1751707800,0.321,0.321,0.321,0.321,3029.49
1751708700,0.321,0.324,0.321,0.323,22085.710000000003
1751709600,0.322,0.323,0.322,0.323,5984.110000000001
1751710500,0.323,0.323,0.322,0.322,56.32
1751711400,0.322,0.323,0.322,0.322,9018.640000000001
1751712300,0.322,0.322,0.321,0.321,70692.81
1751713200,0.321,0.322,0.321,0.322,42859.91
1751714100,0.322,0.323,0.322,0.322,32664.469999999998
1751715000,0.322,0.323,0.322,0.322,1024.37
1751715900,0.323,0.323,0.321,0.322,34312.35
1751716800,0.322,0.322,0.32,0.321,65836.9
1751717700,0.321,0.321,0.319,0.32,218717.94
1751718600,0.32,0.32,0.319,0.32,115013.71
1751719500,0.32,0.321,0.32,0.321,2968.16
1751720400,0.321,0.321,0.32,0.32,9447.44
1751721300,0.32,0.322,0.32,0.322,39358.76
1751722200,0.322,0.322,0.321,0.321,1249.67
1751723100,0.321,0.321,0.32,0.32,7603.889999999999
1751724000,0.32,0.321,0.319,0.321,45353.02
1751724900,0.32,0.321,0.32,0.321,2880.7799999999997
1751725800,0.321,0.321,0.32,0.321,45559.04
1751726700,0.321,0.321,0.32,0.32,74012.67
1751727600,0.32,0.321,0.32,0.321,2298.88
1751728500,0.321,0.321,0.319,0.319,85717.04
1751729400,0.32,0.321,0.32,0.32,6534.1900000000005
1751730300,0.32,0.32,0.319,0.32,7695.95
1751731200,0.32,0.32,0.32,0.32,18458.01
1751732100,0.32,0.321,0.32,0.32,24705.219999999998
1751733000,0.32,0.32,0.319,0.319,5624.54
1751733900,0.319,0.321,0.319,0.321,13949.69
1751734800,0.321,0.322,0.319,0.319,13763.94
1751735700,0.319,0.32,0.318,0.319,61551.2
1751736600,0.319,0.32,0.319,0.32,9206.58
1751737500,0.32,0.32,0.319,0.32,58131.729999999996
1751738400,0.319,0.319,0.319,0.319,6448.45
1751739300,0.319,0.319,0.317,0.318,95790.15
1751740200,0.317,0.318,0.317,0.318,4953.4
1751741100,0.317,0.318,0.317,0.317,28328.17
1751742000,0.317,0.317,0.317,0.317,21331.66
1751742900,0.317,0.318,0.317,0.318,1771.34
1751743800,0.318,0.32,0.318,0.32,25065.8
1751744700,0.32,0.321,0.32,0.321,2905.8600000000006
1751745600,0.32,0.321,0.32,0.321,7000.14
1751746500,0.32,0.32,0.32,0.32,861.05
1751747400,0.32,0.321,0.32,0.321,2898.51
1751748300,0.321,0.322,0.321,0.322,12030.91
1751749200,0.322,0.322,0.321,0.322,6379.96
1751750100,0.322,0.323,0.322,0.323,2885.08
1751751000,0.323,0.323,0.322,0.323,3221.46
1751751900,0.323,0.323,0.322,0.322,467.18
1751752800,0.323,0.323,0.322,0.322,1917.04
1751753700,0.322,0.322,0.322,0.322,278.29
1751754600,0.322,0.322,0.322,0.322,660.65
1751755500,0.322,0.323,0.322,0.323,31.38
1751756400,0.323,0.323,0.323,0.323,23920.219999999998
1751757300,0.323,0.323,0.323,0.323,0.0
1751758200,0.323,0.323,0.322,0.323,1270.93
1751759100,0.323,0.323,0.322,0.323,39914.88
1751760000,0.323,0.323,0.322,0.322,53397.21
1751760900,0.322,0.322,0.322,0.322,690.16
1751761800,0.322,0.322,0.322,0.322,8501.08
1751762700,0.322,0.322,0.322,0.322,17193.77
1751763600,0.322,0.322,0.321,0.321,14791.62
1751764500,0.321,0.321,0.321,0.321,49269.57
1751765400,0.321,0.321,0.32,0.321,61097.729999999996
1751766300,0.321,0.321,0.321,0.321,21981.260000000002
1751767200,0.321,0.321,0.321,0.321,13141.23
1751768100,0.321,0.322,0.321,0.321,72.86
1751769000,0.321,0.321,0.321,0.321,23520.12
1751769900,0.321,0.321,0.32,0.32,8383.77
1751770800,0.32,0.321,0.32,0.32,184.98000000000002
1751771700,0.32,0.321,0.32,0.32,591.15
1751772600,0.32,0.32,0.32,0.32,0.0
1751773500,0.32,0.321,0.32,0.321,906.41
1751774400,0.321,0.322,0.321,0.322,7020.33
1751775300,0.322,0.322,0.321,0.321,8087.740000000001
1751776200,0.32,0.322,0.32,0.321,1902.3799999999999
1751777100,0.321,0.322,0.321,0.321,10839.919999999998
1751778000,0.322,0.322,0.32,0.32,5938.05
1751778900,0.321,0.321,0.32,0.321,5073.3
1751779800,0.321,0.321,0.32,0.32,2447.7699999999995
1751780700,0.32,0.322,0.32,0.322,9264.74
1751781600,0.322,0.323,0.321,0.323,11183.15
1751782500,0.323,0.324,0.322,0.323,19823.32
1751783400,0.323,0.323,0.321,0.323,36729.82000000001
1751784300,0.323,0.323,0.321,0.322,5247.669999999999
1751785200,0.322,0.323,0.322,0.322,1835.93
1751786100,0.323,0.324,0.322,0.323,23132.480000000003
1751787000,0.323,0.324,0.322,0.322,39457.47
1751787900,0.323,0.323,0.321,0.321,14110.43
1751788800,0.322,0.323,0.321,0.323,5768.98
1751789700,0.323,0.323,0.321,0.321,9084.27
1751790600,0.321,0.323,0.321,0.322,18786.56
1751791500,0.323,0.323,0.322,0.322,37325.549999999996
1751792400,0.323,0.323,0.322,0.323,429.32
1751793300,0.322,0.323,0.322,0.322,358.41
1751794200,0.322,0.323,0.322,0.323,129085.01000000001
1751795100,0.323,0.324,0.322,0.322,27476.829999999998
1751796000,0.322,0.323,0.321,0.323,39827.39
1751796900,0.322,0.324,0.321,0.324,66390.95000000001
1751797800,0.323,0.324,0.322,0.323,10432.17
1751798700,0.324,0.324,0.322,0.323,722.24
1751799600,0.323,0.323,0.322,0.322,5537.6900000000005
1751800500,0.323,0.323,0.323,0.323,816.22
1751801400,0.323,0.323,0.323,0.323,292.08000000000004
1751802300,0.324,0.325,0.323,0.324,48338.52
1751803200,0.324,0.325,0.324,0.324,646.48
1751804100,0.324,0.325,0.324,0.324,8212.49
1751805000,0.324,0.325,0.324,0.325,58252.37
1751805900,0.325,0.326,0.325,0.325,4859.94
1751806800,0.326,0.326,0.325,0.325,3551.7200000000003
1751807700,0.325,0.327,0.325,0.327,49249.81999999999
1751808600,0.327,0.329,0.327,0.328,83415.18000000001
1751809500,0.328,0.331,0.328,0.329,153436.33
1751810400,0.33,0.33,0.328,0.329,16108.210000000001
1751811300,0.328,0.329,0.328,0.328,67474.86
1751812200,0.329,0.329,0.328,0.328,19710.69
1751813100,0.328,0.328,0.327,0.328,12586.130000000001
1751814000,0.328,0.329,0.328,0.329,115520.67
1751814900,0.329,0.329,0.328,0.328,125647.25
1751815800,0.328,0.329,0.327,0.327,14736.23
1751816700,0.328,0.328,0.327,0.328,12011.79
1751817600,0.328,0.329,0.327,0.328,5370.58
1751818500,0.327,0.329,0.327,0.329,7399.21
1751819400,0.328,0.329,0.327,0.328,51029.619999999995
1751820300,0.328,0.328,0.327,0.328,1958.64
1751821200,0.328,0.328,0.327,0.327,1707.65
1751822100,0.327,0.328,0.326,0.327,17431.15
1751823000,0.327,0.328,0.327,0.328,3751.42
1751823900,0.328,0.328,0.327,0.328,3830.17
1751824800,0.328,0.328,0.327,0.328,844.4300000000001
1751825700,0.327,0.328,0.326,0.327,38525.04
1751826600,0.327,0.327,0.324,0.325,44540.47
1751827500,0.325,0.325,0.324,0.325,42764.16
1751828400,0.326,0.326,0.325,0.325,7028.85
1751829300,0.325,0.326,0.325,0.325,394.78
1751830200,0.326,0.326,0.325,0.325,103796.49999999999
1751831100,0.325,0.326,0.325,0.325,15572.25
1751832000,0.325,0.327,0.325,0.326,61499.0
1751832900,0.326,0.327,0.326,0.327,4603.7300000000005
1751833800,0.327,0.328,0.326,0.327,36336.64
1751834700,0.327,0.328,0.327,0.327,15314.980000000001
1751835600,0.327,0.329,0.327,0.328,37346.0
1751836500,0.328,0.33,0.327,0.329,21167.79
1751837400,0.33,0.332,0.33,0.33,41313.38
1751838300,0.33,0.33,0.328,0.329,36737.85
1751839200,0.33,0.332,0.33,0.33,66822.31
1751840100,0.331,0.332,0.33,0.331,116923.97
1751841000,0.33,0.331,0.329,0.331,69094.36
1751841900,0.331,0.331,0.329,0.33,48344.66
1751842800,0.33,0.33,0.328,0.328,186841.29
1751843700,0.328,0.328,0.327,0.327,32790.07
1751844600,0.326,0.327,0.326,0.326,12812.650000000001
1751845500,0.326,0.327,0.325,0.327,9211.1
1751846400,0.326,0.328,0.326,0.328,16619.59
1751847300,0.327,0.327,0.326,0.326,11053.33
1751848200,0.326,0.327,0.326,0.326,12394.399999999998
1751849100,0.326,0.328,0.326,0.327,22435.68
1751850000,0.327,0.328,0.325,0.326,15791.95
1751850900,0.326,0.328,0.325,0.327,80480.19
1751851800,0.327,0.328,0.327,0.327,1939.34
1751852700,0.327,0.328,0.327,0.328,884.79
1751853600,0.327,0.329,0.327,0.328,24074.72
1751854500,0.328,0.33,0.328,0.33,5116.7
1751855400,0.33,0.33,0.329,0.33,6564.91
1751856300,0.33,0.331,0.329,0.329,11862.62
1751857200,0.329,0.33,0.329,0.329,1938.67
1751858100,0.329,0.33,0.329,0.33,2623.69
1751859000,0.33,0.33,0.329,0.329,20937.739999999998
1751859900,0.329,0.329,0.329,0.329,14227.99
1751860800,0.329,0.329,0.329,0.329,19297.62
1751861700,0.329,0.33,0.329,0.329,144.16000000000003
1751862600,0.329,0.33,0.329,0.33,296.31
1751863500,0.33,0.33,0.329,0.329,230.75
1751864400,0.329,0.33,0.329,0.329,189.76
1751865300,0.329,0.33,0.328,0.33,20815.489999999998
1751866200,0.329,0.33,0.328,0.329,9783.97
1751867100,0.33,0.33,0.328,0.329,50575.94
1751868000,0.329,0.329,0.328,0.329,1022.17
1751868900,0.328,0.33,0.328,0.329,3294.3
1751869800,0.329,0.33,0.328,0.328,33921.200000000004
1751870700,0.327,0.328,0.327,0.327,2265.87
1751871600,0.327,0.329,0.326,0.328,134044.21
1751872500,0.328,0.329,0.328,0.329,4355.2
1751873400,0.329,0.33,0.327,0.33,11310.38
1751874300,0.329,0.331,0.329,0.33,2030.0099999999998
1751875200,0.33,0.331,0.33,0.33,222.61
1751876100,0.33,0.331,0.33,0.33,1578.8500000000001
1751877000,0.33,0.331,0.33,0.331,24461.269999999997
1751877900,0.331,0.331,0.329,0.33,8751.48
1751878800,0.331,0.331,0.328,0.329,12502.04
1751879700,0.328,0.329,0.328,0.329,2836.7
1751880600,0.329,0.329,0.328,0.329,543.44
1751881500,0.329,0.329,0.328,0.328,8544.4
1751882400,0.328,0.329,0.327,0.329,16096.74
1751883300,0.328,0.329,0.327,0.328,3709.02
1751884200,0.327,0.328,0.327,0.327,25620.29
1751885100,0.327,0.328,0.327,0.327,96.84
1751886000,0.327,0.328,0.327,0.328,282.63
1751886900,0.327,0.328,0.326,0.328,25396.93
1751887800,0.328,0.328,0.327,0.328,15128.46
1751888700,0.328,0.328,0.327,0.327,21776.93
1751889600,0.327,0.328,0.326,0.327,19728.309999999998
1751890500,0.327,0.327,0.325,0.325,28060.039999999997
1751891400,0.326,0.328,0.325,0.327,18584.120000000003
1751892300,0.327,0.328,0.326,0.327,19285.79
1751893200,0.326,0.328,0.326,0.328,18586.27
1751894100,0.328,0.329,0.326,0.329,34077.05
1751895000,0.329,0.329,0.328,0.328,275854.67
1751895900,0.328,0.33,0.327,0.329,293550.35000000003
1751896800,0.329,0.33,0.327,0.327,315794.68
1751897700,0.328,0.328,0.327,0.327,74867.04
1751898600,0.327,0.328,0.325,0.326,344904.39
1751899500,0.326,0.327,0.326,0.326,44242.229999999996
1751900400,0.326,0.328,0.326,0.327,25534.350000000002
1751901300,0.327,0.328,0.326,0.327,21035.15
1751902200,0.327,0.328,0.326,0.327,20077.5
1751903100,0.327,0.328,0.326,0.327,6934.14
1751904000,0.327,0.329,0.327,0.327,79131.43
1751904900,0.327,0.329,0.325,0.327,71837.32
1751905800,0.326,0.328,0.326,0.327,33932.439999999995
1751906700,0.328,0.328,0.326,0.326,27897.11
1751907600,0.326,0.327,0.325,0.326,31712.52
1751908500,0.327,0.327,0.325,0.326,45674.12
1751909400,0.327,0.328,0.327,0.327,81537.93000000001
1751910300,0.327,0.328,0.326,0.328,33877.049999999996
1751911200,0.327,0.328,0.327,0.328,37237.1
1751912100,0.328,0.328,0.324,0.325,120880.88
1751913000,0.325,0.326,0.324,0.325,25085.899999999998
1751913900,0.325,0.326,0.325,0.326,39420.83
1751914800,0.327,0.328,0.327,0.327,43250.46
1751915700,0.327,0.33,0.327,0.329,23812.18
1751916600,0.33,0.33,0.327,0.327,126302.17
1751917500,0.327,0.328,0.326,0.327,73751.97
1751918400,0.327,0.328,0.325,0.327,35568.880000000005
1751919300,0.326,0.327,0.324,0.325,54323.630000000005
1751920200,0.325,0.327,0.325,0.327,5513.1900000000005
1751921100,0.327,0.327,0.325,0.325,23044.82
1751922000,0.326,0.326,0.324,0.325,46675.22
1751922900,0.325,0.325,0.323,0.324,22214.05
1751923800,0.323,0.326,0.323,0.325,35526.02
1751924700,0.324,0.326,0.324,0.325,3900.11
1751925600,0.325,0.326,0.324,0.324,7137.01
1751926500,0.326,0.326,0.324,0.324,1259.46
1751927400,0.324,0.325,0.323,0.324,51942.73
1751928300,0.324,0.324,0.323,0.324,43948.57
1751929200,0.324,0.325,0.323,0.325,63478.22
1751930100,0.325,0.326,0.324,0.325,6798.38
1751931000,0.326,0.327,0.325,0.326,20406.510000000002
1751931900,0.325,0.327,0.325,0.326,7758.360000000001
1751932800,0.326,0.327,0.325,0.326,22723.55
1751933700,0.327,0.327,0.325,0.326,31242.479999999996
1751934600,0.327,0.328,0.326,0.327,24664.11
1751935500,0.328,0.328,0.324,0.325,87264.15
1751936400,0.326,0.326,0.323,0.324,24706.6
1751937300,0.324,0.325,0.323,0.324,81560.76
1751938200,0.324,0.325,0.323,0.323,72315.12999999999
1751939100,0.323,0.325,0.323,0.324,20628.559999999998
1751940000,0.323,0.324,0.323,0.323,25815.29
1751940900,0.324,0.325,0.323,0.324,9033.42
1751941800,0.324,0.325,0.323,0.324,56102.380000000005
1751942700,0.324,0.325,0.323,0.323,40964.82
1751943600,0.323,0.325,0.323,0.323,12401.619999999999
1751944500,0.324,0.325,0.324,0.325,7587.809999999999
1751945400,0.325,0.325,0.324,0.324,3780.95
1751946300,0.324,0.325,0.324,0.324,5158.24
1751947200,0.325,0.325,0.323,0.323,7790.73
1751948100,0.323,0.324,0.322,0.324,40280.3
1751949000,0.324,0.325,0.323,0.323,25436.31
1751949900,0.324,0.324,0.323,0.323,1161.63
1751950800,0.323,0.324,0.323,0.323,2010.95
1751951700,0.324,0.324,0.323,0.323,3144.99
1751952600,0.324,0.324,0.323,0.324,32261.5
1751953500,0.324,0.324,0.323,0.324,8665.76
1751954400,0.324,0.325,0.323,0.324,50363.63
1751955300,0.325,0.325,0.323,0.323,5881.54
1751956200,0.323,0.325,0.323,0.325,6395.64
1751957100,0.325,0.325,0.324,0.325,10546.68
1751958000,0.324,0.324,0.323,0.324,7032.200000000001
1751958900,0.323,0.324,0.323,0.323,528.26
1751959800,0.323,0.325,0.323,0.323,12927.800000000001
1751960700,0.324,0.325,0.323,0.324,605.45
1751961600,0.324,0.325,0.323,0.324,6978.96
1751962500,0.325,0.325,0.323,0.323,7006.96
1751963400,0.324,0.324,0.323,0.323,407.67
1751964300,0.323,0.324,0.323,0.324,12725.300000000001
1751965200,0.324,0.324,0.323,0.323,9392.769999999999
1751966100,0.324,0.324,0.323,0.323,6550.64
1751967000,0.323,0.325,0.323,0.324,42085.79
1751967900,0.324,0.325,0.324,0.324,7935.72
1751968800,0.324,0.326,0.324,0.325,13366.3
1751969700,0.325,0.327,0.325,0.327,20933.34
1751970600,0.326,0.327,0.326,0.327,18890.86
1751971500,0.327,0.328,0.326,0.328,3468.89
1751972400,0.327,0.328,0.327,0.328,7002.37
1751973300,0.328,0.329,0.328,0.328,5586.65
1751974200,0.328,0.329,0.328,0.329,2662.67
1751975100,0.328,0.329,0.328,0.329,2830.24
1751976000,0.329,0.33,0.328,0.329,25424.99
1751976900,0.329,0.329,0.328,0.328,766.41
1751977800,0.329,0.329,0.328,0.328,7010.35
1751978700,0.328,0.329,0.328,0.329,7149.87
1751979600,0.329,0.33,0.329,0.329,1523.8600000000001
1751980500,0.329,0.33,0.328,0.33,6650.41
1751981400,0.329,0.329,0.328,0.329,20157.8
1751982300,0.329,0.331,0.329,0.329,37897.65
1751983200,0.329,0.33,0.327,0.327,469351.43
1751984100,0.329,0.329,0.326,0.326,468556.41
1751985000,0.328,0.328,0.326,0.327,22949.49
1751985900,0.327,0.328,0.325,0.326,38367.19
1751986800,0.326,0.327,0.325,0.326,10204.09
1751987700,0.326,0.327,0.324,0.325,59247.649999999994
1751988600,0.325,0.326,0.324,0.325,33117.96
1751989500,0.326,0.326,0.325,0.325,11301.28
1751990400,0.325,0.326,0.325,0.326,8202.76
1751991300,0.325,0.329,0.325,0.329,32154.21
1751992200,0.329,0.329,0.327,0.329,11894.77
1751993100,0.329,0.329,0.327,0.328,18662.79
1751994000,0.328,0.332,0.328,0.331,86936.63
1751994900,0.331,0.333,0.331,0.332,47859.810000000005
1751995800,0.333,0.334,0.332,0.333,38228.37
1751996700,0.333,0.334,0.333,0.333,23495.180000000004
1751997600,0.334,0.334,0.333,0.334,10466.36
1751998500,0.334,0.335,0.333,0.334,16086.509999999998
1751999400,0.334,0.335,0.334,0.334,7637.03
1752000300,0.335,0.335,0.334,0.335,40721.420000000006
1752001200,0.335,0.336,0.334,0.334,6046.419999999999
1752002100,0.334,0.335,0.334,0.334,27352.280000000002
1752003000,0.335,0.335,0.333,0.334,25441.2
1752003900,0.334,0.335,0.334,0.334,8432.51
1752004800,0.335,0.335,0.334,0.334,22928.86
1752005700,0.334,0.335,0.334,0.334,359.56
1752006600,0.334,0.335,0.334,0.335,4957.66
1752007500,0.335,0.335,0.333,0.333,2967.3
1752008400,0.333,0.334,0.333,0.333,46695.119999999995
1752009300,0.333,0.333,0.332,0.333,11602.71
1752010200,0.333,0.334,0.332,0.332,13289.46
1752011100,0.332,0.333,0.332,0.333,11546.400000000001
1752012000,0.333,0.333,0.331,0.333,1289.57
1752012900,0.333,0.333,0.332,0.333,282.99
1752013800,0.332,0.333,0.332,0.333,6607.46
1752014700,0.333,0.333,0.333,0.333,18006.12
1752015600,0.333,0.333,0.332,0.333,445.58
1752016500,0.333,0.333,0.332,0.332,4634.610000000001
1752017400,0.332,0.332,0.332,0.332,0.0
1752018300,0.332,0.333,0.332,0.333,79.46000000000001
1752019200,0.333,0.333,0.333,0.333,15541.0
1752020100,0.333,0.333,0.332,0.332,559.14
1752021000,0.332,0.332,0.331,0.332,31475.1
1752021900,0.332,0.334,0.332,0.333,2632.99
1752022800,0.333,0.334,0.333,0.333,12269.31
1752023700,0.333,0.333,0.331,0.332,17046.989999999998
1752024600,0.331,0.331,0.33,0.331,11680.79
1752025500,0.331,0.332,0.33,0.331,17005.15
1752026400,0.331,0.332,0.331,0.331,5453.27
1752027300,0.332,0.332,0.331,0.331,5645.18
1752028200,0.332,0.332,0.331,0.331,4445.41
1752029100,0.333,0.333,0.332,0.332,6067.2
1752030000,0.333,0.333,0.332,0.332,21520.54
1752030900,0.332,0.333,0.331,0.333,5221.72
1752031800,0.333,0.333,0.332,0.332,18.06
1752032700,0.333,0.333,0.332,0.332,3487.18
1752033600,0.332,0.333,0.332,0.333,6529.64
1752034500,0.333,0.334,0.332,0.333,29168.55
1752035400,0.333,0.334,0.332,0.333,11630.77
1752036300,0.333,0.335,0.333,0.334,24242.760000000002
1752037200,0.334,0.335,0.333,0.333,1697.1499999999999
1752038100,0.333,0.334,0.333,0.334,206.54999999999998
1752039000,0.334,0.336,0.334,0.336,74451.20999999999
1752039900,0.337,0.337,0.334,0.335,77797.45999999999
1752040800,0.336,0.336,0.334,0.335,19460.91
1752041700,0.335,0.336,0.335,0.336,6358.74
1752042600,0.335,0.336,0.335,0.336,17540.38
1752043500,0.337,0.338,0.336,0.338,44130.950000000004
1752044400,0.338,0.338,0.337,0.337,16965.43
1752045300,0.338,0.338,0.337,0.338,3076.36
1752046200,0.338,0.34,0.337,0.34,205225.78
1752047100,0.34,0.343,0.34,0.343,277146.47000000003
1752048000,0.343,0.343,0.34,0.341,58720.21
1752048900,0.34,0.341,0.339,0.34,10413.9
1752049800,0.339,0.341,0.339,0.341,39752.32
1752050700,0.342,0.346,0.341,0.344,286375.06
1752051600,0.344,0.345,0.342,0.342,85450.11
1752052500,0.342,0.343,0.341,0.343,135924.15
1752053400,0.344,0.344,0.341,0.342,55837.6
1752054300,0.342,0.344,0.341,0.343,33661.58
1752055200,0.343,0.344,0.342,0.343,41858.1
1752056100,0.343,0.344,0.342,0.343,15887.25
1752057000,0.343,0.344,0.342,0.342,51743.77
1752057900,0.343,0.343,0.341,0.342,39719.22
1752058800,0.342,0.344,0.342,0.344,15950.47
1752059700,0.344,0.344,0.342,0.343,16138.829999999998
1752060600,0.343,0.343,0.342,0.343,22517.69
1752061500,0.343,0.344,0.342,0.343,39118.35
1752062400,0.344,0.344,0.342,0.344,42417.340000000004
1752063300,0.344,0.345,0.343,0.344,92873.28
1752064200,0.344,0.345,0.344,0.344,18123.58
1752065100,0.344,0.344,0.343,0.344,6846.76
1752066000,0.344,0.345,0.343,0.345,13668.34
1752066900,0.344,0.345,0.343,0.344,37488.06
1752067800,0.344,0.344,0.343,0.343,27673.09
1752068700,0.343,0.344,0.341,0.343,32701.99
1752069600,0.343,0.343,0.341,0.342,4257.28
1752070500,0.343,0.344,0.343,0.343,16554.4
1752071400,0.342,0.342,0.34,0.342,27565.58
1752072300,0.341,0.343,0.34,0.342,51701.62
1752073200,0.342,0.344,0.342,0.343,32739.41
1752074100,0.343,0.344,0.343,0.344,12456.89
1752075000,0.343,0.344,0.342,0.342,19378.699999999997
1752075900,0.343,0.344,0.343,0.343,11600.51
1752076800,0.344,0.344,0.344,0.344,16356.429999999998
1752077700,0.344,0.344,0.343,0.343,6924.69
1752078600,0.343,0.344,0.343,0.343,24817.84
1752079500,0.343,0.344,0.343,0.344,1577.75
1752080400,0.344,0.344,0.343,0.343,8328.51
1752081300,0.343,0.343,0.342,0.343,19764.59
1752082200,0.343,0.344,0.342,0.343,35515.33
1752083100,0.343,0.343,0.342,0.343,5255.67
1752084000,0.343,0.347,0.343,0.346,120811.83
1752084900,0.346,0.348,0.346,0.347,63034.14
1752085800,0.347,0.347,0.346,0.346,17346.829999999998
1752086700,0.346,0.347,0.346,0.347,12465.27
1752087600,0.347,0.348,0.347,0.347,4878.049999999999
1752088500,0.347,0.349,0.347,0.349,132220.67
1752089400,0.349,0.352,0.349,0.351,105971.06000000001
1752090300,0.351,0.352,0.35,0.352,127043.94
1752091200,0.353,0.353,0.351,0.351,97470.57
1752092100,0.351,0.352,0.35,0.351,38050.18
1752093000,0.35,0.352,0.35,0.351,57611.26
1752093900,0.351,0.351,0.35,0.351,22706.81
1752094800,0.351,0.353,0.351,0.353,39459.56
1752095700,0.353,0.353,0.352,0.353,16197.019999999999
1752096600,0.353,0.353,0.351,0.351,5111.06
1752097500,0.351,0.353,0.351,0.352,87971.12
1752098400,0.351,0.353,0.351,0.353,4034.7799999999997
1752099300,0.352,0.353,0.352,0.352,40791.28
1752100200,0.352,0.353,0.351,0.352,38307.969999999994
1752101100,0.353,0.353,0.351,0.352,54371.149999999994
1752102000,0.352,0.352,0.351,0.351,41517.25
1752102900,0.352,0.353,0.351,0.351,38297.020000000004
1752103800,0.351,0.352,0.351,0.351,89745.52
1752104700,0.351,0.352,0.35,0.351,37744.89
1752105600,0.351,0.352,0.351,0.351,105493.93
1752106500,0.351,0.352,0.35,0.351,92171.36
1752107400,0.35,0.351,0.349,0.35,81806.46
1752108300,0.349,0.35,0.348,0.349,32011.499999999996
1752109200,0.349,0.35,0.349,0.35,59498.5
1752110100,0.35,0.351,0.349,0.35,22099.45
1752111000,0.35,0.351,0.35,0.351,12014.08
1752111900,0.35,0.352,0.35,0.35,16822.24
1752112800,0.35,0.352,0.35,0.352,69789.52
1752113700,0.352,0.353,0.351,0.352,42512.96
1752114600,0.352,0.353,0.352,0.352,25602.489999999998
1752115500,0.352,0.354,0.352,0.352,17742.41
1752116400,0.352,0.353,0.352,0.352,33793.119999999995
1752117300,0.352,0.353,0.351,0.351,7298.639999999999
1752118200,0.351,0.352,0.351,0.351,129583.09999999999
1752119100,0.351,0.352,0.351,0.352,411.24
1752120000,0.352,0.352,0.35,0.35,26212.32
1752120900,0.351,0.351,0.35,0.35,103149.68999999999
1752121800,0.35,0.351,0.35,0.351,41909.049999999996
1752122700,0.351,0.351,0.35,0.35,4884.46
1752123600,0.35,0.351,0.35,0.35,436.21
1752124500,0.351,0.351,0.35,0.351,1201.63
1752125400,0.351,0.351,0.35,0.35,16178.330000000002
1752126300,0.35,0.351,0.35,0.351,44819.11
1752127200,0.351,0.351,0.35,0.35,111831.91
1752128100,0.349,0.351,0.349,0.351,156188.25999999998
1752129000,0.351,0.352,0.351,0.351,6471.81
1752129900,0.352,0.353,0.352,0.353,1768.43
1752130800,0.353,0.353,0.352,0.352,37555.81
1752131700,0.353,0.354,0.352,0.352,80862.98
1752132600,0.353,0.354,0.352,0.353,103045.97
1752133500,0.353,0.353,0.353,0.353,105464.2
1752134400,0.353,0.353,0.35,0.35,76306.54999999999
1752135300,0.351,0.352,0.351,0.351,49346.71
1752136200,0.351,0.353,0.351,0.353,30802.280000000002
1752137100,0.353,0.353,0.352,0.352,7724.24
1752138000,0.353,0.354,0.353,0.353,133155.6
1752138900,0.354,0.355,0.354,0.354,206899.85
1752139800,0.354,0.354,0.352,0.353,65517.619999999995
1752140700,0.353,0.354,0.352,0.354,7626.469999999999
1752141600,0.353,0.353,0.352,0.352,87242.6
1752142500,0.352,0.353,0.352,0.353,247.59
1752143400,0.353,0.354,0.353,0.353,46179.61
1752144300,0.354,0.354,0.353,0.354,1182.4299999999998
1752145200,0.354,0.354,0.352,0.353,50296.89
1752146100,0.353,0.354,0.352,0.353,64876.82
1752147000,0.353,0.355,0.352,0.353,218407.67
1752147900,0.353,0.353,0.353,0.353,102491.72
1752148800,0.353,0.353,0.352,0.352,13502.85
1752149700,0.352,0.353,0.351,0.352,6354.71
1752150600,0.352,0.352,0.352,0.352,12589.62
1752151500,0.352,0.352,0.352,0.352,41631.7
1752152400,0.352,0.353,0.352,0.353,722.82
1752153300,0.353,0.354,0.353,0.354,16793.8
1752154200,0.354,0.354,0.352,0.353,196713.21
1752155100,0.353,0.355,0.352,0.353,74839.2
1752156000,0.354,0.354,0.352,0.353,35919.08
1752156900,0.353,0.354,0.351,0.351,50708.31
1752157800,0.351,0.353,0.351,0.352,24392.73
1752158700,0.352,0.353,0.352,0.352,19276.95
1752159600,0.352,0.353,0.351,0.351,5679.59
1752160500,0.351,0.352,0.351,0.352,73502.69
1752161400,0.352,0.352,0.35,0.35,47426.3
1752162300,0.35,0.351,0.35,0.351,9621.470000000001
1752163200,0.351,0.352,0.351,0.352,33955.57
1752164100,0.352,0.356,0.352,0.356,67906.94
1752165000,0.356,0.356,0.355,0.356,40917.31
1752165900,0.356,0.356,0.355,0.356,77970.73
1752166800,0.356,0.358,0.356,0.357,71188.59
1752167700,0.357,0.358,0.357,0.358,33308.25
1752168600,0.358,0.359,0.357,0.359,118058.49
1752169500,0.359,0.36,0.358,0.36,118080.79
1752170400,0.36,0.36,0.358,0.359,252587.11
1752171300,0.359,0.36,0.358,0.358,103023.25
1752172200,0.358,0.359,0.357,0.357,99107.13
1752173100,0.358,0.36,0.358,0.359,25459.309999999998
1752174000,0.359,0.36,0.359,0.36,14060.21
1752174900,0.359,0.36,0.358,0.358,86849.85
1752175800,0.358,0.359,0.357,0.358,95085.1
1752176700,0.358,0.359,0.357,0.359,75904.12
1752177600,0.358,0.36,0.358,0.359,85753.02
1752178500,0.359,0.36,0.359,0.36,7887.05
1752179400,0.36,0.362,0.36,0.361,120651.98
1752180300,0.362,0.362,0.361,0.362,8138.61
1752181200,0.361,0.363,0.361,0.362,168838.85
1752182100,0.362,0.369,0.362,0.367,513346.24
1752183000,0.368,0.37,0.367,0.369,140691.59
1752183900,0.369,0.371,0.368,0.37,182591.28
1752184800,0.37,0.372,0.369,0.372,236852.24
1752185700,0.371,0.373,0.37,0.371,150347.82
1752186600,0.371,0.372,0.371,0.372,23085.260000000002
1752187500,0.372,0.374,0.372,0.374,116063.32
1752188400,0.373,0.374,0.372,0.374,105299.66
1752189300,0.373,0.374,0.372,0.373,31916.2
1752190200,0.372,0.372,0.37,0.371,224656.13999999998
1752191100,0.371,0.372,0.371,0.371,88724.75
1752192000,0.372,0.373,0.371,0.371,181822.72
1752192900,0.371,0.371,0.367,0.367,243109.4
1752193800,0.367,0.369,0.366,0.368,302300.39999999997
1752194700,0.368,0.37,0.368,0.37,46488.6
1752195600,0.37,0.371,0.369,0.371,54570.73
1752196500,0.371,0.373,0.37,0.373,189404.49
1752197400,0.372,0.373,0.371,0.373,48375.57
1752198300,0.373,0.375,0.372,0.375,98215.67
1752199200,0.374,0.375,0.373,0.374,54506.07
1752200100,0.374,0.375,0.374,0.374,31698.88
1752201000,0.374,0.377,0.374,0.377,100225.31999999999
1752201900,0.377,0.377,0.376,0.377,1932.62
1752202800,0.377,0.377,0.375,0.376,124186.66
1752203700,0.376,0.377,0.376,0.376,6607.210000000001
1752204600,0.376,0.377,0.375,0.377,90883.25
1752205500,0.377,0.378,0.377,0.377,19756.14
1752206400,0.377,0.377,0.376,0.376,91292.8
1752207300,0.376,0.377,0.376,0.377,20952.69
1752208200,0.377,0.378,0.376,0.378,161831.73
1752209100,0.378,0.38,0.378,0.38,58816.12
1752210000,0.379,0.382,0.379,0.381,105344.39
1752210900,0.382,0.382,0.381,0.382,52112.47
1752211800,0.381,0.383,0.381,0.383,133475.34
1752212700,0.382,0.385,0.382,0.382,191154.41
1752213600,0.383,0.385,0.382,0.384,130721.84
1752214500,0.385,0.385,0.383,0.385,74721.64
1752215400,0.384,0.384,0.379,0.38,89223.32
1752216300,0.38,0.381,0.377,0.378,154938.7
1752217200,0.378,0.378,0.375,0.376,128698.2
1752218100,0.376,0.38,0.376,0.379,51575.6
1752219000,0.379,0.38,0.378,0.379,68519.70999999999
1752219900,0.379,0.379,0.377,0.377,141253.35
1752220800,0.377,0.378,0.377,0.378,45361.939999999995
1752221700,0.378,0.379,0.377,0.378,38960.94
1752222600,0.378,0.379,0.377,0.379,85783.37
1752223500,0.379,0.379,0.378,0.379,70823.76
1752224400,0.379,0.38,0.378,0.379,67579.99
1752225300,0.38,0.382,0.38,0.382,27615.780000000002
1752226200,0.382,0.382,0.38,0.382,92776.74
1752227100,0.381,0.382,0.38,0.382,96051.24
1752228000,0.382,0.384,0.381,0.382,141334.65
1752228900,0.382,0.383,0.381,0.383,103101.96
1752229800,0.383,0.383,0.381,0.382,29124.07
1752230700,0.382,0.382,0.381,0.382,91517.57
1752231600,0.382,0.382,0.378,0.379,69587.69
1752232500,0.378,0.38,0.378,0.379,56599.21
1752233400,0.379,0.38,0.379,0.38,2622.9500000000003
1752234300,0.379,0.38,0.378,0.379,24498.29
1752235200,0.379,0.382,0.379,0.382,109810.47
1752236100,0.382,0.382,0.379,0.379,66810.88
1752237000,0.38,0.381,0.379,0.381,70488.17
1752237900,0.381,0.384,0.381,0.384,41813.83
1752238800,0.384,0.385,0.383,0.383,86502.31
1752239700,0.383,0.384,0.381,0.382,67533.86
1752240600,0.383,0.384,0.38,0.382,67263.12999999999
1752241500,0.381,0.385,0.38,0.384,103648.57
1752242400,0.384,0.385,0.383,0.385,54430.96
1752243300,0.385,0.387,0.384,0.386,74976.83
1752244200,0.386,0.388,0.386,0.388,65562.14
1752245100,0.387,0.388,0.384,0.386,104045.35
1752246000,0.386,0.386,0.383,0.384,138937.06
1752246900,0.386,0.387,0.385,0.387,71873.06
1752247800,0.387,0.389,0.386,0.387,176866.93
1752248700,0.387,0.387,0.378,0.378,267022.28
1752249600,0.378,0.383,0.378,0.381,142310.77
1752250500,0.382,0.384,0.38,0.384,82423.09
1752251400,0.384,0.385,0.382,0.383,42443.51
1752252300,0.383,0.385,0.382,0.385,109555.98
1752253200,0.385,0.386,0.383,0.384,271615.43
1752254100,0.384,0.387,0.384,0.386,49224.71
1752255000,0.385,0.387,0.385,0.386,68730.95999999999
1752255900,0.386,0.388,0.386,0.388,52512.72
1752256800,0.387,0.389,0.386,0.388,208481.02000000002
1752257700,0.388,0.389,0.387,0.387,50372.85
1752258600,0.387,0.388,0.387,0.387,19364.61
1752259500,0.387,0.387,0.386,0.387,60183.770000000004
1752260400,0.387,0.387,0.385,0.387,104190.37
1752261300,0.388,0.389,0.386,0.386,74021.88
1752262200,0.386,0.388,0.386,0.388,29084.94
1752263100,0.388,0.388,0.387,0.388,22165.1
1752264000,0.388,0.388,0.387,0.387,21001.0
1752264900,0.387,0.387,0.386,0.386,20528.45
1752265800,0.385,0.386,0.384,0.385,59376.99
1752266700,0.384,0.384,0.381,0.381,40875.37
1752267600,0.381,0.382,0.378,0.379,140845.03999999998
1752268500,0.38,0.383,0.38,0.382,73581.92
1752269400,0.382,0.382,0.377,0.377,150101.19
1752270300,0.377,0.38,0.377,0.378,88557.45000000001
1752271200,0.379,0.38,0.377,0.377,158492.56
1752272100,0.377,0.377,0.37,0.371,412020.89
1752273000,0.371,0.375,0.371,0.372,200875.0
1752273900,0.373,0.374,0.372,0.374,43973.58
1752274800,0.374,0.377,0.373,0.377,97477.93000000001
1752275700,0.377,0.377,0.375,0.376,141921.86000000002
1752276600,0.376,0.376,0.374,0.375,49222.8
1752277500,0.375,0.376,0.375,0.375,41452.07
1752278400,0.375,0.377,0.374,0.374,178811.54
1752279300,0.375,0.375,0.373,0.374,37412.33
1752280200,0.373,0.373,0.369,0.37,239064.09
1752281100,0.37,0.373,0.37,0.373,35866.88
1752282000,0.373,0.377,0.373,0.377,113997.51000000001
1752282900,0.377,0.378,0.376,0.378,64539.42
1752283800,0.378,0.379,0.378,0.379,54168.78
1752284700,0.379,0.379,0.378,0.378,38250.81
1752285600,0.379,0.38,0.378,0.38,44071.19
1752286500,0.38,0.381,0.38,0.381,108104.02
1752287400,0.381,0.382,0.38,0.38,25485.2
1752288300,0.381,0.381,0.378,0.378,15371.41
1752289200,0.378,0.38,0.378,0.379,17478.1
1752290100,0.38,0.38,0.379,0.38,118446.93
1752291000,0.38,0.381,0.379,0.381,71290.67
1752291900,0.38,0.381,0.379,0.38,99208.99
1752292800,0.38,0.381,0.377,0.378,25401.74
1752293700,0.378,0.379,0.375,0.376,67977.02
1752294600,0.376,0.376,0.374,0.375,82615.91
1752295500,0.374,0.375,0.373,0.373,125715.74
1752296400,0.373,0.375,0.372,0.374,123077.47
1752297300,0.374,0.378,0.374,0.378,41425.15
1752298200,0.377,0.378,0.377,0.377,24516.67
1752299100,0.377,0.38,0.377,0.378,69773.42
1752300000,0.378,0.38,0.377,0.38,208512.53
1752300900,0.38,0.385,0.38,0.385,336571.35
1752301800,0.385,0.387,0.383,0.386,219290.9
1752302700,0.386,0.387,0.386,0.387,56252.46
1752303600,0.387,0.387,0.386,0.387,47067.729999999996
1752304500,0.386,0.387,0.383,0.386,173992.89
1752305400,0.385,0.387,0.385,0.386,183533.75
1752306300,0.386,0.387,0.386,0.387,55428.04
1752307200,0.386,0.388,0.386,0.388,112025.97
1752308100,0.388,0.388,0.385,0.385,93629.78
1752309000,0.385,0.386,0.384,0.384,57880.810000000005
1752309900,0.384,0.385,0.382,0.383,85500.54000000001
1752310800,0.382,0.385,0.382,0.384,31508.489999999998
1752311700,0.384,0.386,0.384,0.385,39606.670000000006
1752312600,0.384,0.386,0.384,0.386,26005.46
1752313500,0.386,0.386,0.385,0.385,6535.8099999999995
1752314400,0.385,0.385,0.383,0.383,53981.32
1752315300,0.383,0.384,0.383,0.383,21511.6
1752316200,0.383,0.385,0.382,0.385,28417.94
1752317100,0.385,0.385,0.384,0.384,18553.23
1752318000,0.384,0.384,0.383,0.384,26089.06
1752318900,0.383,0.384,0.382,0.383,42350.79
1752319800,0.383,0.383,0.381,0.382,84422.25
1752320700,0.382,0.383,0.381,0.383,6223.72
1752321600,0.382,0.385,0.382,0.383,113628.41
1752322500,0.383,0.383,0.379,0.38,106387.81
1752323400,0.38,0.381,0.377,0.377,78989.5
1752324300,0.376,0.377,0.373,0.377,234017.69
1752325200,0.377,0.377,0.375,0.376,74218.68
1752326100,0.376,0.376,0.373,0.373,122873.7
1752327000,0.374,0.376,0.371,0.372,129576.37
1752327900,0.372,0.375,0.372,0.375,30105.579999999998
1752328800,0.376,0.378,0.375,0.378,132314.92
1752329700,0.378,0.378,0.377,0.377,14661.76
1752330600,0.377,0.377,0.374,0.375,27118.57
1752331500,0.375,0.375,0.373,0.373,18865.489999999998
1752332400,0.373,0.374,0.372,0.372,75193.53
1752333300,0.372,0.373,0.37,0.371,76674.95
1752334200,0.371,0.372,0.369,0.369,130447.16
1752335100,0.37,0.371,0.368,0.37,53421.630000000005
1752336000,0.371,0.374,0.368,0.374,55409.72
1752336900,0.374,0.375,0.373,0.373,102665.51000000001
1752337800,0.373,0.373,0.373,0.373,32549.15
1752338700,0.373,0.373,0.371,0.371,46348.65
1752339600,0.371,0.374,0.37,0.373,40769.88
1752340500,0.373,0.375,0.373,0.374,31027.12
1752341400,0.374,0.376,0.373,0.375,20505.72
1752342300,0.375,0.376,0.374,0.375,25864.04
1752343200,0.375,0.376,0.374,0.376,13707.86
1752344100,0.375,0.375,0.373,0.375,61523.11
1752345000,0.375,0.376,0.375,0.375,28316.91
1752345900,0.376,0.377,0.375,0.376,58469.6
1752346800,0.376,0.377,0.375,0.376,22687.07
1752347700,0.376,0.376,0.375,0.375,19983.3
1752348600,0.375,0.377,0.375,0.376,33301.23
1752349500,0.376,0.376,0.376,0.376,1039.3
1752350400,0.375,0.376,0.374,0.374,33684.99
1752351300,0.374,0.376,0.374,0.375,66617.64
1752352200,0.375,0.375,0.373,0.373,25385.71
1752353100,0.373,0.373,0.372,0.372,41303.020000000004
1752354000,0.371,0.373,0.371,0.372,24401.95
1752354900,0.372,0.374,0.372,0.374,66042.04000000001
1752355800,0.375,0.376,0.375,0.376,51538.159999999996
1752356700,0.376,0.377,0.376,0.376,52129.29
1752357600,0.376,0.377,0.376,0.377,32980.33
1752358500,0.376,0.376,0.375,0.376,12665.9
1752359400,0.377,0.377,0.376,0.377,10676.99
1752360300,0.376,0.378,0.375,0.378,14138.759999999998
1752361200,0.377,0.377,0.375,0.375,32970.55
1752362100,0.375,0.377,0.375,0.377,46888.01
1752363000,0.376,0.377,0.376,0.376,11735.45
1752363900,0.376,0.378,0.376,0.378,90159.19
1752364800,0.378,0.378,0.376,0.378,44394.49
1752365700,0.378,0.378,0.377,0.378,55687.759999999995
1752366600,0.378,0.379,0.376,0.379,68385.08
1752367500,0.378,0.379,0.378,0.378,4908.72
1752368400,0.378,0.378,0.377,0.378,61760.61
1752369300,0.377,0.378,0.377,0.378,13727.77
1752370200,0.378,0.379,0.377,0.377,16570.1
1752371100,0.377,0.379,0.377,0.379,10685.3
1752372000,0.378,0.379,0.378,0.378,52791.91
1752372900,0.378,0.378,0.376,0.376,31324.37
1752373800,0.377,0.378,0.375,0.378,33020.38
1752374700,0.378,0.379,0.377,0.378,79521.75
1752375600,0.379,0.379,0.377,0.378,28352.149999999998
1752376500,0.378,0.38,0.378,0.379,18786.21
1752377400,0.379,0.38,0.378,0.379,42257.69
1752378300,0.379,0.38,0.378,0.379,16781.25
1752379200,0.379,0.379,0.377,0.379,22310.48
1752380100,0.379,0.38,0.377,0.377,54858.35
1752381000,0.377,0.38,0.377,0.38,43264.7
1752381900,0.38,0.383,0.38,0.383,97402.73999999999
1752382800,0.383,0.384,0.382,0.382,76470.22
1752383700,0.383,0.383,0.382,0.383,80704.48
1752384600,0.383,0.384,0.383,0.383,29509.9
1752385500,0.383,0.383,0.381,0.381,32602.34
1752386400,0.381,0.384,0.381,0.383,67997.65
1752387300,0.384,0.385,0.384,0.384,71024.69
1752388200,0.384,0.385,0.383,0.384,78489.59
1752389100,0.384,0.385,0.383,0.383,10961.23
1752390000,0.383,0.384,0.383,0.384,18319.68
1752390900,0.385,0.386,0.385,0.385,19099.52
1752391800,0.385,0.387,0.385,0.386,51535.75
1752392700,0.386,0.386,0.385,0.385,8733.87
1752393600,0.385,0.385,0.384,0.385,48879.79
1752394500,0.385,0.385,0.384,0.385,56319.34
1752395400,0.385,0.385,0.384,0.384,19103.66
1752396300,0.385,0.385,0.382,0.384,29356.489999999998
1752397200,0.385,0.386,0.384,0.385,18486.260000000002
1752398100,0.384,0.384,0.383,0.383,21255.64
1752399000,0.383,0.383,0.381,0.382,19927.6
1752399900,0.382,0.382,0.382,0.382,7416.0
1752400800,0.383,0.385,0.383,0.385,23378.86
1752401700,0.385,0.386,0.384,0.384,22356.07
1752402600,0.384,0.384,0.382,0.383,38481.51
1752403500,0.383,0.383,0.381,0.383,10964.79
1752404400,0.383,0.386,0.382,0.385,12742.89
1752405300,0.385,0.385,0.384,0.385,27828.23
1752406200,0.385,0.385,0.384,0.384,7520.27
1752407100,0.384,0.385,0.383,0.385,15661.51
1752408000,0.384,0.385,0.383,0.383,11617.09
1752408900,0.383,0.385,0.383,0.384,17325.92
1752409800,0.385,0.386,0.384,0.386,47053.62
1752410700,0.385,0.388,0.385,0.387,89465.52
1752411600,0.387,0.388,0.385,0.385,35198.74
1752412500,0.385,0.387,0.385,0.387,14382.220000000001
1752413400,0.388,0.39,0.388,0.39,125942.9
1752414300,0.39,0.391,0.389,0.39,84133.67
1752415200,0.389,0.389,0.387,0.388,47319.49
1752416100,0.388,0.392,0.388,0.392,97631.58
1752417000,0.391,0.391,0.389,0.389,87524.97
1752417900,0.39,0.391,0.387,0.39,98259.44
1752418800,0.39,0.393,0.389,0.393,139937.12
1752419700,0.393,0.395,0.393,0.395,126769.56
1752420600,0.395,0.395,0.393,0.393,83145.21
1752421500,0.393,0.394,0.392,0.393,26021.26
1752422400,0.393,0.396,0.393,0.394,82448.7
1752423300,0.394,0.395,0.392,0.393,30682.27
1752424200,0.393,0.394,0.392,0.393,27203.329999999998
1752425100,0.392,0.392,0.39,0.39,14589.949999999999
1752426000,0.39,0.391,0.389,0.39,124049.05
1752426900,0.39,0.392,0.39,0.392,39909.66
1752427800,0.392,0.393,0.392,0.393,5904.96
1752428700,0.393,0.393,0.392,0.393,11543.94
1752429600,0.392,0.394,0.392,0.393,42468.25
1752430500,0.393,0.395,0.393,0.395,42560.56999999999
1752431400,0.395,0.395,0.394,0.394,19594.379999999997
1752432300,0.394,0.395,0.393,0.394,6485.0599999999995
1752433200,0.394,0.395,0.393,0.393,20604.129999999997
1752434100,0.393,0.395,0.393,0.395,31889.14
1752435000,0.394,0.395,0.392,0.392,18246.15
1752435900,0.392,0.393,0.392,0.393,25944.16
1752436800,0.391,0.391,0.39,0.39,11651.82
1752437700,0.391,0.394,0.391,0.394,16242.98
1752438600,0.394,0.394,0.393,0.393,9925.26
1752439500,0.393,0.394,0.393,0.394,13689.86
1752440400,0.393,0.393,0.392,0.392,30749.5
1752441300,0.392,0.392,0.391,0.391,77755.98
1752442200,0.391,0.391,0.385,0.387,147633.21000000002
1752443100,0.388,0.39,0.388,0.388,17863.38
1752444000,0.388,0.389,0.387,0.388,21479.47
1752444900,0.388,0.389,0.386,0.386,28360.25
1752445800,0.386,0.388,0.386,0.388,19637.19
1752446700,0.388,0.388,0.385,0.386,11563.59
1752447600,0.385,0.387,0.385,0.386,34297.19
1752448500,0.387,0.387,0.385,0.386,23158.31
1752449400,0.386,0.388,0.386,0.386,8690.67
1752450300,0.386,0.39,0.386,0.389,41320.2
1752451200,0.388,0.389,0.386,0.388,72852.89
1752452100,0.389,0.39,0.388,0.39,26513.329999999998
1752453000,0.389,0.391,0.388,0.391,29616.23
1752453900,0.391,0.391,0.388,0.388,19354.62
1752454800,0.389,0.389,0.388,0.389,38647.48
1752455700,0.389,0.39,0.389,0.389,32684.68
1752456600,0.389,0.391,0.388,0.391,16994.66
1752457500,0.391,0.393,0.39,0.393,39633.75
1752458400,0.393,0.393,0.391,0.393,27696.87
1752459300,0.393,0.396,0.392,0.395,122480.04000000001
1752460200,0.395,0.396,0.394,0.395,39009.399999999994
1752461100,0.395,0.397,0.394,0.394,49117.99
1752462000,0.395,0.397,0.395,0.396,29987.89
1752462900,0.396,0.397,0.395,0.396,14076.98
1752463800,0.396,0.4,0.396,0.4,141343.18
1752464700,0.399,0.4,0.398,0.399,97169.15
1752465600,0.399,0.399,0.397,0.399,24814.6
1752466500,0.399,0.401,0.399,0.4,125292.58
1752467400,0.4,0.403,0.399,0.403,135393.52
1752468300,0.403,0.404,0.402,0.404,44420.700000000004
1752469200,0.404,0.405,0.402,0.404,99937.09
1752470100,0.403,0.405,0.402,0.404,59475.270000000004
1752471000,0.404,0.404,0.399,0.399,103994.28
1752471900,0.4,0.4,0.393,0.397,129180.68000000001
1752472800,0.397,0.398,0.394,0.396,57430.23
1752473700,0.396,0.398,0.396,0.397,69379.35
1752474600,0.397,0.397,0.395,0.396,18868.72
1752475500,0.396,0.396,0.395,0.396,21787.73
1752476400,0.396,0.399,0.396,0.399,65266.43
1752477300,0.399,0.399,0.397,0.398,44308.29
1752478200,0.398,0.4,0.398,0.399,17882.47
1752479100,0.399,0.4,0.398,0.399,48964.979999999996
1752480000,0.399,0.399,0.396,0.396,26836.16
1752480900,0.395,0.395,0.393,0.394,25714.43
1752481800,0.394,0.397,0.394,0.396,12596.87
1752482700,0.396,0.397,0.396,0.396,9451.37
1752483600,0.397,0.398,0.396,0.397,27691.43
1752484500,0.397,0.398,0.396,0.397,24138.73
1752485400,0.396,0.399,0.396,0.399,17600.67
1752486300,0.398,0.398,0.397,0.397,45749.69
1752487200,0.396,0.396,0.393,0.395,23183.33
1752488100,0.395,0.397,0.395,0.397,31068.17
1752489000,0.397,0.399,0.396,0.399,11182.3
1752489900,0.398,0.399,0.397,0.398,14807.84
1752490800,0.397,0.398,0.396,0.398,31362.27
1752491700,0.398,0.398,0.395,0.395,32509.0
1752492600,0.396,0.397,0.395,0.396,117225.74
1752493500,0.397,0.397,0.396,0.396,19126.920000000002
1752494400,0.396,0.397,0.395,0.397,48337.32
1752495300,0.397,0.397,0.395,0.395,33027.64
1752496200,0.396,0.397,0.395,0.397,34720.92
1752497100,0.397,0.397,0.395,0.397,40168.3
1752498000,0.397,0.399,0.396,0.397,16627.89
1752498900,0.397,0.397,0.394,0.394,10769.92
1752499800,0.395,0.396,0.394,0.395,40964.55
1752500700,0.395,0.398,0.395,0.396,32539.27
1752501600,0.397,0.399,0.397,0.397,41982.19
1752502500,0.397,0.398,0.393,0.394,65974.63
1752503400,0.393,0.393,0.39,0.391,70091.94
1752504300,0.391,0.394,0.391,0.393,45719.22
1752505200,0.393,0.394,0.391,0.392,29617.18
1752506100,0.392,0.394,0.392,0.393,34970.18
1752507000,0.393,0.393,0.391,0.393,12767.81
1752507900,0.392,0.392,0.388,0.39,133223.57
1752508800,0.39,0.39,0.388,0.39,51884.77
1752509700,0.389,0.394,0.389,0.392,28813.07
1752510600,0.392,0.394,0.392,0.393,23983.66
1752511500,0.392,0.394,0.392,0.394,43062.24
1752512400,0.394,0.394,0.392,0.392,38329.09
1752513300,0.392,0.392,0.39,0.391,69138.35
1752514200,0.391,0.392,0.39,0.39,40814.05
1752515100,0.39,0.391,0.389,0.391,11441.59
1752516000,0.391,0.391,0.388,0.388,28548.059999999998
1752516900,0.388,0.389,0.387,0.388,54748.65
1752517800,0.389,0.389,0.385,0.387,116134.12
1752518700,0.387,0.388,0.385,0.386,33423.14
1752519600,0.386,0.387,0.384,0.385,83085.87
1752520500,0.385,0.386,0.384,0.386,63602.19
1752521400,0.386,0.387,0.386,0.386,65174.15
1752522300,0.386,0.387,0.384,0.385,99518.96
1752523200,0.385,0.386,0.383,0.383,190076.11000000002
1752524100,0.383,0.385,0.382,0.384,106128.44
1752525000,0.384,0.387,0.384,0.387,45971.34
1752525900,0.387,0.388,0.386,0.387,29172.44
1752526800,0.386,0.388,0.386,0.386,35023.159999999996
1752527700,0.386,0.387,0.386,0.387,36946.39
1752528600,0.387,0.388,0.386,0.387,42059.99
1752529500,0.388,0.388,0.388,0.388,23469.41
1752530400,0.388,0.388,0.387,0.387,57424.420000000006
1752531300,0.387,0.387,0.386,0.387,5505.18
1752532200,0.387,0.389,0.387,0.389,56144.35
1752533100,0.389,0.389,0.388,0.388,24696.3
1752534000,0.388,0.389,0.387,0.388,19838.370000000003
1752534900,0.387,0.387,0.386,0.386,18693.59
1752535800,0.386,0.388,0.385,0.388,4396.37
1752536700,0.388,0.389,0.387,0.389,13902.410000000002
1752537600,0.388,0.388,0.386,0.386,42810.12
1752538500,0.387,0.391,0.386,0.39,54624.34
1752539400,0.39,0.39,0.385,0.385,24453.22
1752540300,0.385,0.386,0.384,0.384,34202.54
1752541200,0.384,0.384,0.382,0.383,42617.34
1752542100,0.383,0.384,0.381,0.382,79733.58
1752543000,0.382,0.385,0.382,0.385,14803.5
1752543900,0.385,0.387,0.383,0.383,39443.01
1752544800,0.383,0.386,0.383,0.385,30621.94
1752545700,0.385,0.385,0.38,0.381,59201.62
1752546600,0.381,0.383,0.381,0.383,42842.98
1752547500,0.383,0.384,0.382,0.382,32771.97
1752548400,0.382,0.382,0.378,0.379,154230.06
1752549300,0.378,0.38,0.377,0.38,65968.25
1752550200,0.379,0.38,0.377,0.38,25359.18
1752551100,0.379,0.38,0.378,0.378,7885.48
1752552000,0.378,0.379,0.376,0.379,44320.01
1752552900,0.379,0.382,0.378,0.381,9579.539999999999
1752553800,0.381,0.382,0.38,0.381,21262.42
1752554700,0.381,0.382,0.381,0.382,66325.09
1752555600,0.382,0.383,0.382,0.383,1880.5
1752556500,0.382,0.382,0.381,0.382,50698.51
1752557400,0.382,0.382,0.38,0.382,20058.61
1752558300,0.381,0.382,0.38,0.382,22321.27
1752559200,0.381,0.383,0.38,0.382,32811.29
1752560100,0.382,0.382,0.381,0.382,8939.8
1752561000,0.381,0.382,0.38,0.382,27320.449999999997
1752561900,0.381,0.381,0.38,0.381,19649.95
1752562800,0.382,0.384,0.381,0.382,30214.03
1752563700,0.383,0.383,0.381,0.382,15069.04
1752564600,0.382,0.383,0.381,0.382,61862.9
1752565500,0.382,0.382,0.38,0.381,30631.64
1752566400,0.381,0.382,0.379,0.381,43172.08
1752567300,0.381,0.381,0.377,0.381,127186.40999999999
1752568200,0.38,0.382,0.379,0.382,26088.300000000003
1752569100,0.382,0.382,0.38,0.38,68777.95
1752570000,0.381,0.383,0.38,0.383,23853.53
1752570900,0.383,0.384,0.382,0.383,46474.479999999996
1752571800,0.383,0.384,0.382,0.383,10147.09
1752572700,0.383,0.383,0.382,0.382,34127.119999999995
1752573600,0.382,0.383,0.382,0.383,4861.08
1752574500,0.382,0.383,0.381,0.382,5913.19
1752575400,0.382,0.382,0.381,0.382,3275.8999999999996
1752576300,0.382,0.383,0.382,0.382,15191.79
1752577200,0.382,0.383,0.381,0.381,2206.3500000000004
1752578100,0.381,0.381,0.378,0.379,15123.6
1752579000,0.379,0.38,0.379,0.379,1085.43
1752579900,0.38,0.382,0.379,0.382,15805.279999999999
1752580800,0.382,0.383,0.38,0.38,51861.1
1752581700,0.381,0.381,0.379,0.38,26574.92
1752582600,0.38,0.385,0.377,0.378,217142.75
1752583500,0.379,0.383,0.379,0.382,71781.44
1752584400,0.382,0.387,0.382,0.387,98659.66
1752585300,0.386,0.387,0.384,0.386,13901.46
1752586200,0.386,0.386,0.383,0.385,52973.29
1752587100,0.385,0.388,0.385,0.386,52097.479999999996
1752588000,0.386,0.387,0.384,0.386,39852.16
1752588900,0.386,0.386,0.383,0.384,77912.38
1752589800,0.384,0.384,0.38,0.38,62864.509999999995
1752590700,0.38,0.381,0.376,0.377,115531.55
1752591600,0.378,0.38,0.376,0.378,25081.9
1752592500,0.379,0.38,0.377,0.378,16900.25
1752593400,0.379,0.383,0.379,0.383,12110.87
1752594300,0.383,0.385,0.383,0.385,41521.47000000001
1752595200,0.384,0.388,0.384,0.387,109327.59
1752596100,0.387,0.388,0.386,0.388,65427.020000000004
1752597000,0.387,0.389,0.387,0.389,98889.1
1752597900,0.389,0.389,0.387,0.387,18426.16
1752598800,0.388,0.389,0.386,0.388,57011.659999999996
1752599700,0.388,0.391,0.387,0.39,91320.43
1752600600,0.39,0.393,0.389,0.392,753231.66
1752601500,0.392,0.394,0.391,0.393,205655.46000000002
1752602400,0.393,0.395,0.393,0.394,52640.74
1752603300,0.394,0.396,0.393,0.393,149559.16999999998
1752604200,0.393,0.393,0.388,0.39,123046.97
1752605100,0.389,0.393,0.389,0.391,36311.75
1752606000,0.391,0.394,0.391,0.393,74200.94
1752606900,0.393,0.393,0.391,0.392,51215.39
1752607800,0.392,0.392,0.388,0.388,45042.42
1752608700,0.388,0.388,0.386,0.387,99339.84
1752609600,0.387,0.39,0.386,0.389,58061.19
1752610500,0.39,0.39,0.388,0.389,45061.25
1752611400,0.389,0.391,0.388,0.39,31441.879999999997
1752612300,0.39,0.39,0.389,0.389,23955.17
1752613200,0.389,0.392,0.389,0.392,80127.31
1752614100,0.392,0.392,0.391,0.392,29057.309999999998
1752615000,0.391,0.394,0.391,0.393,60485.18
1752615900,0.395,0.395,0.394,0.394,28270.440000000002
1752616800,0.394,0.396,0.393,0.395,97844.59
1752617700,0.395,0.396,0.395,0.395,72413.3
1752618600,0.395,0.395,0.394,0.395,37125.96
1752619500,0.395,0.395,0.394,0.395,23671.67
1752620400,0.396,0.4,0.396,0.398,163892.47
1752621300,0.398,0.4,0.397,0.399,75066.43
1752622200,0.399,0.401,0.398,0.401,220625.82
1752623100,0.401,0.402,0.4,0.402,70257.78
1752624000,0.402,0.403,0.4,0.4,392937.03
1752624900,0.401,0.402,0.4,0.401,77601.65
1752625800,0.401,0.404,0.401,0.402,131179.65
1752626700,0.402,0.404,0.402,0.404,48720.68
1752627600,0.404,0.404,0.401,0.402,67790.27
1752628500,0.403,0.403,0.401,0.402,32718.84
1752629400,0.402,0.403,0.402,0.403,68668.14
1752630300,0.402,0.403,0.401,0.402,83847.41
1752631200,0.402,0.402,0.399,0.399,198677.53
1752632100,0.399,0.399,0.396,0.396,142328.94
1752633000,0.396,0.396,0.394,0.394,94853.46
1752633900,0.394,0.395,0.394,0.394,119188.06
1752634800,0.395,0.395,0.393,0.394,114144.37
1752635700,0.394,0.396,0.394,0.395,111070.9
1752636600,0.395,0.397,0.395,0.396,46769.869999999995
1752637500,0.396,0.396,0.395,0.396,48544.32
1752638400,0.395,0.397,0.394,0.394,86462.03
1752639300,0.394,0.396,0.394,0.396,48618.76
1752640200,0.396,0.398,0.396,0.396,114037.41
1752641100,0.396,0.397,0.396,0.397,32331.25
1752642000,0.398,0.399,0.397,0.399,53084.0
1752642900,0.399,0.399,0.398,0.398,30580.61
1752643800,0.398,0.399,0.398,0.398,24329.77
1752644700,0.398,0.399,0.396,0.397,31301.67
1752645600,0.397,0.397,0.396,0.396,24733.77
1752646500,0.396,0.399,0.396,0.398,68217.42
1752647400,0.398,0.4,0.398,0.4,58740.479999999996
1752648300,0.4,0.401,0.4,0.401,37726.01
1752649200,0.4,0.4,0.399,0.399,68248.98
1752650100,0.399,0.401,0.399,0.401,23015.190000000002
1752651000,0.401,0.402,0.401,0.402,79802.6
1752651900,0.402,0.404,0.402,0.402,129243.29
1752652800,0.401,0.401,0.399,0.399,63774.06
1752653700,0.399,0.401,0.399,0.4,20161.11
1752654600,0.399,0.401,0.399,0.4,64112.56
1752655500,0.4,0.401,0.399,0.4,10446.279999999999
1752656400,0.4,0.402,0.399,0.402,24812.11
1752657300,0.402,0.402,0.4,0.401,56810.23
1752658200,0.4,0.401,0.398,0.398,46449.88
1752659100,0.398,0.4,0.398,0.399,18775.25
1752660000,0.399,0.399,0.398,0.398,15426.24
1752660900,0.398,0.398,0.398,0.398,18012.85
1752661800,0.398,0.399,0.397,0.398,30314.31
1752662700,0.398,0.398,0.396,0.397,24581.35
1752663600,0.397,0.398,0.396,0.398,2055.54
1752664500,0.398,0.398,0.396,0.398,19811.54
1752665400,0.398,0.399,0.397,0.398,25256.44
1752666300,0.398,0.398,0.398,0.398,23185.93
1752667200,0.398,0.399,0.397,0.398,60746.21
1752668100,0.398,0.399,0.396,0.399,72427.70000000001
1752669000,0.399,0.4,0.398,0.4,82144.09
1752669900,0.4,0.4,0.398,0.398,112042.08
1752670800,0.398,0.4,0.397,0.399,70843.9
1752671700,0.399,0.399,0.398,0.398,20911.93
1752672600,0.398,0.399,0.396,0.396,70221.76
1752673500,0.397,0.399,0.396,0.398,129765.56
1752674400,0.398,0.399,0.397,0.397,44084.54
1752675300,0.396,0.398,0.396,0.398,135670.11
1752676200,0.398,0.402,0.398,0.401,137885.96000000002
1752677100,0.401,0.403,0.401,0.403,83863.78
1752678000,0.403,0.404,0.402,0.402,42898.51
1752678900,0.401,0.402,0.4,0.402,154396.0
1752679800,0.403,0.403,0.397,0.398,74835.29
1752680700,0.399,0.4,0.399,0.4,72222.44
1752681600,0.4,0.401,0.398,0.401,47377.57
1752682500,0.4,0.405,0.4,0.404,70111.16
1752683400,0.404,0.405,0.402,0.403,63480.25
1752684300,0.403,0.404,0.402,0.404,55444.86
1752685200,0.404,0.406,0.404,0.404,59872.05
1752686100,0.404,0.405,0.403,0.404,50108.93
1752687000,0.404,0.406,0.404,0.406,30134.83
1752687900,0.405,0.407,0.405,0.406,45619.08
1752688800,0.406,0.408,0.405,0.406,77788.7
1752689700,0.405,0.407,0.405,0.406,22231.239999999998
1752690600,0.406,0.408,0.406,0.408,43159.83
1752691500,0.407,0.407,0.404,0.405,154912.01
1752692400,0.405,0.406,0.403,0.404,72668.48
1752693300,0.404,0.406,0.404,0.405,22666.78
1752694200,0.404,0.405,0.403,0.404,56504.100000000006
1752695100,0.404,0.405,0.403,0.405,48201.47
1752696000,0.405,0.408,0.405,0.407,137397.65999999997
1752696900,0.408,0.41,0.407,0.41,112447.87
1752697800,0.41,0.41,0.409,0.41,86717.81999999999
1752698700,0.41,0.41,0.407,0.409,38322.67
1752699600,0.409,0.411,0.408,0.41,33278.36
1752700500,0.409,0.413,0.409,0.413,91207.67
1752701400,0.412,0.413,0.408,0.411,118131.61
1752702300,0.41,0.411,0.41,0.41,6936.25
1752703200,0.411,0.413,0.41,0.411,77623.39
1752704100,0.411,0.411,0.408,0.409,131098.91999999998
1752705000,0.409,0.41,0.407,0.408,104768.56
1752705900,0.409,0.409,0.405,0.405,82767.73
1752706800,0.406,0.407,0.404,0.405,36846.05
1752707700,0.404,0.406,0.403,0.405,41091.63
1752708600,0.405,0.405,0.404,0.405,48198.11
1752709500,0.405,0.405,0.404,0.405,35846.880000000005
1752710400,0.406,0.406,0.404,0.405,25705.809999999998
1752711300,0.406,0.409,0.405,0.408,70449.39
1752712200,0.408,0.409,0.407,0.409,39849.03
1752713100,0.408,0.409,0.405,0.405,30328.1
1752714000,0.406,0.407,0.405,0.406,109811.51999999999
1752714900,0.407,0.407,0.403,0.403,96792.14
1752715800,0.403,0.403,0.399,0.401,122002.0
1752716700,0.401,0.401,0.397,0.4,125871.2
1752717600,0.4,0.401,0.4,0.401,32860.32
1752718500,0.401,0.402,0.401,0.401,28941.850000000002
1752719400,0.401,0.402,0.4,0.401,50208.1
1752720300,0.4,0.402,0.399,0.4,9652.9
1752721200,0.4,0.401,0.399,0.399,13923.97
1752722100,0.399,0.399,0.396,0.396,62274.39
1752723000,0.396,0.397,0.394,0.396,67167.87
1752723900,0.396,0.397,0.396,0.397,13924.13
1752724800,0.397,0.398,0.397,0.398,14393.060000000001
1752725700,0.398,0.399,0.398,0.398,12588.07
1752726600,0.398,0.399,0.398,0.398,60962.97
1752727500,0.398,0.399,0.398,0.399,17088.21
1752728400,0.4,0.4,0.397,0.398,17966.38
1752729300,0.398,0.4,0.398,0.4,24634.550000000003
1752730200,0.4,0.402,0.399,0.401,36260.91
1752731100,0.401,0.403,0.401,0.402,54599.83
1752732000,0.402,0.402,0.4,0.401,76959.46
1752732900,0.401,0.405,0.399,0.404,92576.08
1752733800,0.404,0.405,0.402,0.403,74938.31999999999
1752734700,0.403,0.404,0.403,0.403,94435.24
1752735600,0.403,0.403,0.401,0.402,18331.18
1752736500,0.402,0.402,0.401,0.401,31927.539999999997
1752737400,0.402,0.405,0.402,0.404,45138.549999999996
1752738300,0.404,0.405,0.404,0.404,41073.99
1752739200,0.404,0.405,0.404,0.404,58442.03
1752740100,0.404,0.405,0.404,0.404,8216.560000000001
1752741000,0.404,0.404,0.403,0.404,21636.23
1752741900,0.404,0.405,0.403,0.405,38060.75
1752742800,0.405,0.408,0.405,0.406,169898.86000000002
1752743700,0.407,0.409,0.407,0.408,70074.44
1752744600,0.408,0.409,0.407,0.409,66696.73000000001
1752745500,0.409,0.41,0.408,0.409,57314.73
1752746400,0.409,0.409,0.406,0.408,49009.69
1752747300,0.407,0.408,0.406,0.406,10510.949999999999
1752748200,0.406,0.407,0.405,0.405,66022.59
1752749100,0.405,0.407,0.405,0.407,21084.85
1752750000,0.406,0.407,0.404,0.406,45890.56
1752750900,0.407,0.407,0.405,0.405,45002.200000000004
1752751800,0.405,0.405,0.404,0.405,42229.97
1752752700,0.405,0.406,0.403,0.403,38095.91
1752753600,0.404,0.405,0.401,0.403,107395.91
1752754500,0.404,0.404,0.402,0.402,36274.43
1752755400,0.402,0.405,0.401,0.405,58613.25
1752756300,0.405,0.407,0.404,0.405,90349.82
1752757200,0.405,0.406,0.405,0.405,120692.93000000001
1752758100,0.405,0.406,0.404,0.405,41756.82
1752759000,0.405,0.406,0.401,0.401,59000.78
1752759900,0.4,0.403,0.399,0.403,81856.91
1752760800,0.404,0.405,0.402,0.403,34844.24
1752761700,0.403,0.404,0.402,0.404,23176.67
1752762600,0.405,0.406,0.404,0.405,84487.35
1752763500,0.405,0.406,0.404,0.404,67367.54000000001
1752764400,0.404,0.405,0.402,0.402,80444.23
1752765300,0.401,0.404,0.401,0.403,72583.55
1752766200,0.403,0.404,0.403,0.403,9652.77
1752767100,0.403,0.403,0.403,0.403,39403.39
1752768000,0.403,0.404,0.4,0.4,117117.4
1752768900,0.4,0.4,0.396,0.397,130043.98999999999
1752769800,0.396,0.399,0.394,0.398,201409.18
1752770700,0.398,0.398,0.396,0.398,32492.96
1752771600,0.398,0.4,0.397,0.4,24240.35
1752772500,0.4,0.401,0.399,0.4,42555.47
1752773400,0.4,0.401,0.399,0.4,16063.789999999999
1752774300,0.4,0.403,0.4,0.403,151251.14
1752775200,0.403,0.404,0.402,0.403,41749.73
1752776100,0.402,0.404,0.402,0.403,18720.91
1752777000,0.403,0.404,0.403,0.403,10568.16
1752777900,0.403,0.404,0.402,0.403,6395.38
1752778800,0.404,0.404,0.403,0.404,31829.9
1752779700,0.404,0.405,0.404,0.404,11543.01
1752780600,0.404,0.405,0.404,0.404,28263.36
1752781500,0.404,0.404,0.398,0.399,63989.32
1752782400,0.398,0.399,0.395,0.397,106650.31999999999
1752783300,0.397,0.4,0.395,0.398,26750.320000000003
1752784200,0.399,0.4,0.399,0.4,18909.84
1752785100,0.4,0.4,0.4,0.4,27920.1
1752786000,0.401,0.406,0.401,0.405,186326.43
1752786900,0.406,0.409,0.406,0.408,160801.91
1752787800,0.408,0.408,0.403,0.405,60082.2
1752788700,0.406,0.408,0.406,0.407,56988.13
1752789600,0.408,0.411,0.406,0.41,78125.89
1752790500,0.41,0.411,0.408,0.409,45461.67
1752791400,0.409,0.412,0.409,0.412,120569.59000000001
1752792300,0.412,0.414,0.41,0.412,84253.47
1752793200,0.412,0.413,0.41,0.412,85938.90000000001
1752794100,0.412,0.415,0.412,0.413,113498.79000000001
1752795000,0.413,0.413,0.411,0.413,101013.0
1752795900,0.413,0.413,0.41,0.411,55683.72
1752796800,0.412,0.413,0.409,0.41,95532.82
1752797700,0.41,0.411,0.409,0.411,33703.47
1752798600,0.411,0.415,0.411,0.415,136567.96
1752799500,0.415,0.417,0.415,0.416,88786.37
1752800400,0.415,0.419,0.415,0.417,210141.65
1752801300,0.417,0.418,0.415,0.417,35241.31
1752802200,0.417,0.419,0.416,0.417,47240.33
1752803100,0.417,0.42,0.417,0.419,145567.18
1752804000,0.419,0.42,0.416,0.42,130278.67000000001
1752804900,0.419,0.419,0.418,0.419,89308.69
1752805800,0.419,0.419,0.417,0.417,21310.75
1752806700,0.417,0.418,0.416,0.418,45316.17
1752807600,0.419,0.419,0.418,0.418,22261.94
1752808500,0.418,0.42,0.418,0.419,62032.55
1752809400,0.419,0.419,0.418,0.419,22877.8
1752810300,0.419,0.42,0.418,0.419,75038.21
1752811200,0.419,0.42,0.418,0.419,125937.69
1752812100,0.42,0.421,0.419,0.421,61193.11
1752813000,0.421,0.424,0.421,0.423,133119.86
1752813900,0.423,0.426,0.422,0.425,112350.0
1752814800,0.426,0.428,0.425,0.428,199610.78
1752815700,0.427,0.429,0.427,0.428,58923.56
1752816600,0.428,0.43,0.427,0.429,106738.03
1752817500,0.429,0.434,0.429,0.434,216441.88999999998
1752818400,0.433,0.433,0.429,0.431,126481.39
1752819300,0.43,0.431,0.427,0.428,78134.45
1752820200,0.429,0.432,0.428,0.431,90599.82
1752821100,0.431,0.433,0.43,0.431,72629.01
1752822000,0.431,0.433,0.43,0.43,74781.01000000001
1752822900,0.43,0.431,0.429,0.43,52392.450000000004
1752823800,0.43,0.43,0.427,0.429,49039.240000000005
1752824700,0.429,0.429,0.426,0.426,57752.18
1752825600,0.427,0.43,0.427,0.427,69294.11
1752826500,0.427,0.43,0.427,0.429,44719.82
1752827400,0.429,0.429,0.422,0.423,165311.61
1752828300,0.422,0.426,0.421,0.424,60736.04
1752829200,0.424,0.425,0.422,0.424,55197.899999999994
1752830100,0.425,0.425,0.422,0.423,13755.9
1752831000,0.423,0.425,0.422,0.425,56904.67
1752831900,0.425,0.427,0.425,0.427,44229.01
1752832800,0.427,0.427,0.424,0.424,167484.48
1752833700,0.424,0.425,0.422,0.425,69365.21
1752834600,0.425,0.426,0.423,0.424,22611.98
1752835500,0.424,0.427,0.424,0.426,85616.3
1752836400,0.426,0.428,0.424,0.424,41947.75
1752837300,0.424,0.424,0.421,0.421,31971.18
1752838200,0.422,0.424,0.422,0.424,19513.46
1752839100,0.424,0.424,0.423,0.423,13846.400000000001
1752840000,0.424,0.427,0.424,0.426,77160.89
1752840900,0.426,0.427,0.426,0.426,51556.34
1752841800,0.427,0.43,0.427,0.429,130684.56
1752842700,0.429,0.431,0.429,0.431,28838.61
1752843600,0.431,0.431,0.428,0.429,45061.44
1752844500,0.429,0.429,0.427,0.429,20629.9
1752845400,0.428,0.431,0.428,0.43,65589.91
1752846300,0.429,0.431,0.428,0.429,32580.710000000003
1752847200,0.429,0.431,0.428,0.431,68698.48
1752848100,0.43,0.431,0.421,0.422,126136.45
1752849000,0.422,0.424,0.419,0.421,127751.73
1752849900,0.422,0.425,0.421,0.424,100600.78
1752850800,0.423,0.424,0.42,0.421,66927.93
1752851700,0.42,0.422,0.416,0.418,140300.13
1752852600,0.418,0.42,0.416,0.418,82826.68000000001
1752853500,0.417,0.42,0.417,0.419,33946.66
1752854400,0.42,0.423,0.42,0.421,144904.61
1752855300,0.42,0.423,0.42,0.423,47622.490000000005
1752856200,0.423,0.425,0.422,0.425,75175.38
1752857100,0.425,0.425,0.422,0.422,54809.54
1752858000,0.422,0.423,0.42,0.421,25782.31
1752858900,0.421,0.424,0.421,0.424,38677.72
1752859800,0.424,0.424,0.422,0.422,11393.01
1752860700,0.422,0.423,0.421,0.423,39620.79
1752861600,0.423,0.423,0.42,0.42,34221.09
1752862500,0.419,0.422,0.419,0.422,16860.88
1752863400,0.422,0.422,0.42,0.421,17080.29
1752864300,0.421,0.422,0.419,0.419,21385.51
1752865200,0.419,0.419,0.416,0.417,49688.560000000005
1752866100,0.417,0.422,0.417,0.421,47133.939999999995
1752867000,0.421,0.421,0.419,0.419,11597.369999999999
1752867900,0.419,0.419,0.416,0.419,120589.86
1752868800,0.418,0.419,0.416,0.418,83412.19
1752869700,0.418,0.418,0.41,0.411,201437.07
1752870600,0.412,0.412,0.409,0.412,101222.36
1752871500,0.412,0.416,0.412,0.414,35834.39
1752872400,0.413,0.416,0.413,0.416,50726.46
1752873300,0.416,0.417,0.415,0.417,57031.36
1752874200,0.417,0.418,0.417,0.418,14763.61
1752875100,0.418,0.419,0.416,0.416,27951.39
1752876000,0.416,0.417,0.413,0.415,44931.630000000005
1752876900,0.415,0.419,0.415,0.419,77638.18
1752877800,0.419,0.419,0.417,0.417,19534.18
1752878700,0.416,0.417,0.413,0.414,67559.62
1752879600,0.414,0.414,0.411,0.412,70439.63
1752880500,0.412,0.414,0.412,0.413,9969.55
1752881400,0.413,0.415,0.413,0.414,22362.64
1752882300,0.414,0.416,0.414,0.416,67142.13
1752883200,0.416,0.417,0.415,0.416,26758.19
1752884100,0.416,0.417,0.416,0.416,27473.33
1752885000,0.417,0.418,0.413,0.413,100494.41
1752885900,0.413,0.413,0.41,0.41,74014.77
1752886800,0.409,0.409,0.407,0.409,86772.72
1752887700,0.41,0.412,0.41,0.412,27068.28
1752888600,0.412,0.413,0.412,0.413,30889.059999999998
1752889500,0.413,0.413,0.412,0.413,22242.3
1752890400,0.413,0.413,0.411,0.412,44353.100000000006
1752891300,0.412,0.414,0.412,0.412,38917.47
1752892200,0.413,0.414,0.413,0.413,67206.65999999999
1752893100,0.414,0.414,0.414,0.414,8547.08
1752894000,0.414,0.415,0.413,0.414,8531.45
1752894900,0.414,0.415,0.414,0.414,36907.47
1752895800,0.414,0.417,0.414,0.417,40177.73
1752896700,0.417,0.419,0.416,0.419,71834.22
1752897600,0.419,0.423,0.419,0.42,130788.91
1752898500,0.42,0.421,0.419,0.42,73729.71
1752899400,0.419,0.422,0.419,0.422,40212.13
1752900300,0.421,0.423,0.421,0.422,31775.74
1752901200,0.423,0.423,0.42,0.421,57114.219999999994
1752902100,0.421,0.421,0.42,0.421,19811.59
1752903000,0.421,0.424,0.421,0.424,129469.97
1752903900,0.424,0.424,0.423,0.423,45839.979999999996
1752904800,0.423,0.423,0.421,0.422,92897.69
1752905700,0.422,0.424,0.421,0.421,51730.03
1752906600,0.421,0.424,0.421,0.421,51409.68
1752907500,0.421,0.424,0.421,0.423,31639.2
1752908400,0.423,0.424,0.422,0.424,66952.37000000001
1752909300,0.424,0.424,0.423,0.423,46126.29
1752910200,0.423,0.423,0.421,0.422,56268.75
1752911100,0.422,0.423,0.421,0.421,61848.61000000001
1752912000,0.421,0.421,0.419,0.419,45491.52
1752912900,0.419,0.419,0.417,0.418,94906.34999999999
1752913800,0.418,0.418,0.416,0.418,105558.32
1752914700,0.417,0.419,0.417,0.418,35244.270000000004
1752915600,0.418,0.419,0.417,0.418,67870.89
1752916500,0.417,0.419,0.416,0.418,53415.99
1752917400,0.418,0.418,0.417,0.417,36628.56
1752918300,0.416,0.418,0.415,0.415,37158.55
1752919200,0.416,0.416,0.414,0.415,50792.25
1752920100,0.415,0.416,0.415,0.416,2726.4500000000003
1752921000,0.416,0.419,0.415,0.418,51422.44
1752921900,0.418,0.418,0.415,0.415,24031.829999999998
1752922800,0.415,0.416,0.413,0.413,29006.4
1752923700,0.413,0.416,0.412,0.416,66179.92
1752924600,0.417,0.417,0.414,0.414,54302.18
1752925500,0.414,0.414,0.411,0.412,87145.45
1752926400,0.412,0.413,0.41,0.411,101246.98999999999
1752927300,0.411,0.413,0.41,0.412,70757.33
1752928200,0.412,0.413,0.412,0.413,25989.690000000002
1752929100,0.413,0.414,0.412,0.414,44105.81
1752930000,0.414,0.414,0.411,0.413,66827.20999999999
1752930900,0.413,0.414,0.413,0.413,19737.02
1752931800,0.413,0.414,0.412,0.413,41695.200000000004
1752932700,0.413,0.413,0.411,0.412,73420.13
1752933600,0.412,0.413,0.41,0.41,47698.3
1752934500,0.41,0.412,0.409,0.409,29091.68
1752935400,0.41,0.41,0.408,0.409,71404.72
1752936300,0.41,0.41,0.407,0.407,108104.04000000001
1752937200,0.408,0.411,0.408,0.41,31125.68
1752938100,0.411,0.413,0.411,0.413,39210.75
1752939000,0.413,0.414,0.412,0.414,31574.35
1752939900,0.414,0.414,0.412,0.413,3072.3900000000003
1752940800,0.413,0.413,0.411,0.412,19612.86
1752941700,0.412,0.416,0.412,0.416,82969.5
1752942600,0.416,0.416,0.415,0.415,11727.88
1752943500,0.415,0.416,0.414,0.415,8871.74
1752944400,0.414,0.415,0.414,0.414,13194.81
1752945300,0.414,0.415,0.414,0.414,13034.410000000002
1752946200,0.414,0.415,0.413,0.414,43677.6
1752947100,0.415,0.416,0.415,0.416,96955.07
1752948000,0.416,0.422,0.416,0.421,164036.15
1752948900,0.422,0.422,0.42,0.421,234650.00999999998
1752949800,0.421,0.422,0.42,0.421,65653.65
1752950700,0.421,0.422,0.421,0.422,41905.299999999996
1752951600,0.422,0.423,0.421,0.423,99351.97
1752952500,0.423,0.425,0.423,0.425,74584.67
1752953400,0.425,0.429,0.425,0.428,148226.55000000002
1752954300,0.428,0.429,0.427,0.428,107181.6
1752955200,0.429,0.431,0.428,0.429,85311.82
1752956100,0.429,0.43,0.428,0.43,51612.02
1752957000,0.43,0.431,0.429,0.43,15038.710000000001
1752957900,0.43,0.432,0.428,0.429,123654.44
1752958800,0.43,0.43,0.427,0.427,115543.76
1752959700,0.428,0.428,0.423,0.428,114895.53
1752960600,0.426,0.427,0.424,0.425,24044.98
1752961500,0.425,0.43,0.425,0.43,45393.95
1752962400,0.43,0.43,0.428,0.43,38595.89
1752963300,0.43,0.43,0.43,0.43,25239.4
1752964200,0.43,0.43,0.429,0.43,51792.380000000005
1752965100,0.43,0.432,0.43,0.432,72866.64
1752966000,0.431,0.434,0.431,0.434,143790.97
1752966900,0.434,0.438,0.433,0.438,337798.16000000003
1752967800,0.437,0.44,0.435,0.435,126176.99
1752968700,0.435,0.437,0.434,0.435,236820.54
1752969600,0.436,0.436,0.43,0.431,142722.71
1752970500,0.431,0.436,0.43,0.433,212195.04
1752971400,0.433,0.434,0.432,0.432,154120.74
1752972300,0.432,0.434,0.431,0.433,80644.84
1752973200,0.433,0.435,0.432,0.433,84886.46
1752974100,0.433,0.434,0.433,0.433,55218.11
1752975000,0.433,0.433,0.431,0.432,52102.74
1752975900,0.432,0.433,0.431,0.431,34442.26
1752976800,0.431,0.432,0.43,0.431,126765.29000000001
1752977700,0.431,0.432,0.431,0.431,48807.98
1752978600,0.431,0.433,0.431,0.431,25775.64
1752979500,0.431,0.433,0.431,0.432,10803.560000000001
1752980400,0.432,0.432,0.431,0.431,25981.3
1752981300,0.431,0.434,0.431,0.433,28710.32
1752982200,0.434,0.437,0.433,0.434,67075.18
1752983100,0.434,0.435,0.433,0.434,9781.18
1752984000,0.433,0.435,0.432,0.435,64785.26
1752984900,0.435,0.437,0.434,0.436,40582.909999999996
1752985800,0.436,0.437,0.434,0.435,36607.41
1752986700,0.434,0.435,0.433,0.435,68045.9
1752987600,0.435,0.436,0.434,0.435,62146.78
1752988500,0.435,0.436,0.434,0.434,16856.17
1752989400,0.435,0.437,0.434,0.437,8131.389999999999
1752990300,0.437,0.438,0.436,0.438,73122.36
1752991200,0.438,0.439,0.436,0.436,45454.72
1752992100,0.436,0.439,0.436,0.439,67870.09
1752993000,0.439,0.44,0.438,0.438,99754.04999999999
1752993900,0.439,0.439,0.437,0.437,57722.55
1752994800,0.437,0.439,0.437,0.438,44011.159999999996
1752995700,0.438,0.44,0.438,0.439,68718.72
1752996600,0.439,0.44,0.438,0.439,33240.69
1752997500,0.439,0.44,0.437,0.438,56954.69
1752998400,0.438,0.44,0.437,0.44,34411.14
1752999300,0.439,0.44,0.439,0.44,7315.08
1753000200,0.439,0.441,0.439,0.441,14998.67
1753001100,0.44,0.441,0.44,0.44,18105.95
1753002000,0.44,0.441,0.438,0.438,22944.72
1753002900,0.438,0.44,0.438,0.438,26628.02
1753003800,0.438,0.441,0.438,0.439,22930.3
1753004700,0.44,0.442,0.44,0.441,48352.6
1753005600,0.44,0.44,0.439,0.439,13766.01
1753006500,0.439,0.442,0.439,0.441,90821.78
1753007400,0.441,0.441,0.44,0.441,18433.37
1753008300,0.441,0.441,0.439,0.439,34092.990000000005
1753009200,0.439,0.442,0.439,0.442,24115.38
1753010100,0.441,0.443,0.441,0.441,56680.8
1753011000,0.441,0.442,0.44,0.442,24306.55
1753011900,0.442,0.444,0.441,0.442,104832.48
1753012800,0.442,0.444,0.441,0.443,122146.24
1753013700,0.442,0.443,0.441,0.441,43939.08
1753014600,0.441,0.442,0.44,0.441,48965.3
1753015500,0.441,0.443,0.44,0.443,15476.77
1753016400,0.443,0.444,0.442,0.443,118858.71
1753017300,0.443,0.444,0.443,0.443,65199.92
1753018200,0.443,0.445,0.443,0.443,28745.97
1753019100,0.444,0.446,0.444,0.445,65667.83
1753020000,0.445,0.445,0.439,0.44,132505.61
1753020900,0.441,0.443,0.441,0.442,37399.67
1753021800,0.441,0.444,0.441,0.443,57942.16
1753022700,0.443,0.444,0.442,0.444,68594.39
1753023600,0.444,0.444,0.442,0.444,20782.98
1753024500,0.445,0.447,0.443,0.446,135735.34
1753025400,0.447,0.447,0.446,0.447,38648.31
1753026300,0.447,0.449,0.446,0.448,92610.59999999999
1753027200,0.447,0.449,0.447,0.449,214566.82
1753028100,0.449,0.45,0.447,0.45,82596.11
1753029000,0.45,0.452,0.45,0.452,183451.33
1753029900,0.452,0.453,0.451,0.452,59064.04
1753030800,0.451,0.451,0.446,0.451,152129.36
1753031700,0.45,0.453,0.449,0.452,64997.11
1753032600,0.452,0.453,0.449,0.451,37350.74
1753033500,0.45,0.45,0.447,0.447,71874.8
1753034400,0.447,0.45,0.447,0.447,33278.009999999995
1753035300,0.447,0.448,0.447,0.448,44129.29000000001
1753036200,0.447,0.449,0.447,0.448,15451.98
1753037100,0.448,0.451,0.448,0.45,13449.279999999999
1753038000,0.45,0.452,0.45,0.451,20055.02
1753038900,0.451,0.451,0.45,0.45,4344.67
1753039800,0.45,0.451,0.449,0.449,23625.79
1753040700,0.45,0.451,0.449,0.449,3382.26
1753041600,0.449,0.449,0.445,0.446,30252.95
1753042500,0.447,0.448,0.446,0.447,34708.74
1753043400,0.447,0.45,0.446,0.45,29264.37
1753044300,0.45,0.451,0.448,0.449,37717.35
1753045200,0.448,0.448,0.444,0.445,58136.340000000004
1753046100,0.445,0.449,0.445,0.449,75103.69
1753047000,0.449,0.45,0.448,0.449,28554.489999999998
1753047900,0.449,0.451,0.448,0.451,54830.47
1753048800,0.451,0.452,0.444,0.444,185631.91999999998
1753049700,0.443,0.446,0.439,0.445,247541.41
1753050600,0.445,0.448,0.444,0.447,56366.02
1753051500,0.447,0.448,0.447,0.448,41701.270000000004
1753052400,0.447,0.448,0.445,0.446,26165.1
1753053300,0.446,0.449,0.446,0.446,16959.1
1753054200,0.447,0.45,0.446,0.449,57365.54
1753055100,0.45,0.45,0.448,0.448,47021.81
1753056000,0.449,0.449,0.442,0.442,124155.95
1753056900,0.443,0.445,0.44,0.444,79234.1
1753057800,0.443,0.444,0.441,0.443,84966.2
1753058700,0.442,0.446,0.442,0.446,37727.08
1753059600,0.447,0.448,0.445,0.445,60607.35
1753060500,0.445,0.446,0.442,0.444,16591.850000000002
1753061400,0.443,0.444,0.44,0.443,75624.29000000001
1753062300,0.443,0.446,0.442,0.446,36355.33
1753063200,0.446,0.448,0.446,0.447,78602.68
1753064100,0.447,0.449,0.447,0.449,88114.0
1753065000,0.449,0.45,0.448,0.449,56319.33
1753065900,0.449,0.451,0.449,0.451,154350.69
1753066800,0.451,0.453,0.451,0.452,87685.87999999999
1753067700,0.453,0.455,0.453,0.454,103745.85
1753068600,0.454,0.455,0.453,0.454,23385.690000000002
1753069500,0.453,0.455,0.452,0.454,33406.13
1753070400,0.454,0.454,0.453,0.453,33271.38
1753071300,0.453,0.454,0.452,0.453,124922.03
1753072200,0.452,0.454,0.452,0.454,42958.299999999996
1753073100,0.454,0.454,0.451,0.451,79796.17
1753074000,0.451,0.451,0.447,0.448,66632.3
1753074900,0.448,0.449,0.448,0.448,49307.020000000004
1753075800,0.448,0.451,0.448,0.45,7242.579999999999
1753076700,0.45,0.451,0.449,0.45,53367.61
1753077600,0.45,0.452,0.45,0.451,20879.76
1753078500,0.451,0.454,0.451,0.453,15649.08
1753079400,0.453,0.453,0.452,0.452,52741.32000000001
1753080300,0.451,0.453,0.451,0.452,54923.56
1753081200,0.451,0.453,0.45,0.452,77073.14
1753082100,0.453,0.454,0.451,0.454,39769.729999999996
1753083000,0.453,0.453,0.451,0.451,20675.95
1753083900,0.451,0.452,0.451,0.451,21922.059999999998
1753084800,0.451,0.453,0.451,0.452,38359.73
1753085700,0.452,0.453,0.451,0.453,26929.88
1753086600,0.453,0.454,0.451,0.452,27493.8
1753087500,0.451,0.451,0.45,0.451,17107.05
1753088400,0.452,0.452,0.45,0.451,6445.27
1753089300,0.451,0.451,0.449,0.45,27073.73
1753090200,0.449,0.45,0.447,0.448,38208.59
1753091100,0.448,0.449,0.447,0.449,52422.79000000001
1753092000,0.449,0.45,0.449,0.45,93151.70999999999
1753092900,0.45,0.451,0.447,0.448,28380.379999999997
1753093800,0.448,0.45,0.448,0.45,17273.420000000002
1753094700,0.45,0.453,0.45,0.453,51734.920000000006
1753095600,0.452,0.453,0.451,0.452,39585.28
1753096500,0.452,0.454,0.451,0.454,57031.15
1753097400,0.454,0.455,0.452,0.453,34620.73
1753098300,0.452,0.454,0.451,0.451,40135.35
1753099200,0.452,0.453,0.449,0.451,63007.21
1753100100,0.45,0.452,0.45,0.451,27231.56
1753101000,0.453,0.453,0.45,0.451,42688.97
1753101900,0.451,0.452,0.45,0.451,51027.42
1753102800,0.452,0.452,0.448,0.448,51655.97
1753103700,0.449,0.45,0.448,0.45,34888.71
1753104600,0.449,0.452,0.449,0.451,43663.58
1753105500,0.452,0.454,0.452,0.453,35061.729999999996
1753106400,0.453,0.454,0.451,0.453,18606.92
1753107300,0.453,0.456,0.453,0.455,67575.18
1753108200,0.456,0.456,0.455,0.456,85120.65
1753109100,0.457,0.457,0.455,0.456,110838.64000000001
1753110000,0.456,0.457,0.455,0.457,35752.79
1753110900,0.457,0.458,0.455,0.456,83911.44
1753111800,0.456,0.457,0.451,0.452,80139.71
1753112700,0.452,0.454,0.451,0.452,28297.99
1753113600,0.451,0.452,0.448,0.449,77226.06999999999
1753114500,0.449,0.449,0.444,0.447,254946.3
1753115400,0.447,0.449,0.446,0.447,49861.33
1753116300,0.446,0.446,0.444,0.446,67847.37
1753117200,0.446,0.449,0.446,0.449,32214.16
1753118100,0.448,0.45,0.447,0.447,59043.29
1753119000,0.447,0.449,0.445,0.445,31200.04
1753119900,0.445,0.45,0.445,0.449,42445.770000000004
1753120800,0.45,0.451,0.448,0.451,11893.23
1753121700,0.451,0.453,0.45,0.451,45597.57
1753122600,0.451,0.451,0.448,0.448,51510.88
1753123500,0.448,0.448,0.445,0.445,82452.42
1753124400,0.446,0.448,0.445,0.448,22265.39
1753125300,0.448,0.449,0.443,0.444,93258.44
1753126200,0.444,0.444,0.442,0.443,100252.67
1753127100,0.444,0.444,0.442,0.443,26727.4
1753128000,0.443,0.445,0.441,0.444,29131.99
1753128900,0.445,0.445,0.444,0.445,77015.01
1753129800,0.445,0.446,0.444,0.445,64285.93
1753130700,0.445,0.446,0.443,0.443,68705.05
1753131600,0.442,0.445,0.441,0.444,171737.95
1753132500,0.444,0.446,0.443,0.445,77936.38
1753133400,0.445,0.446,0.444,0.446,38945.83
1753134300,0.446,0.446,0.444,0.444,28773.27
1753135200,0.444,0.445,0.444,0.445,42254.46
1753136100,0.445,0.445,0.444,0.445,43923.969999999994
1753137000,0.445,0.447,0.445,0.447,12283.48
1753137900,0.447,0.447,0.447,0.447,13007.67
1753138800,0.447,0.447,0.445,0.446,46692.06
1753139700,0.446,0.448,0.446,0.448,24338.91
1753140600,0.448,0.451,0.448,0.449,195288.28
1753141500,0.449,0.45,0.448,0.448,42524.2
1753142400,0.448,0.448,0.444,0.445,125592.23000000001
1753143300,0.445,0.449,0.445,0.449,99844.15000000001
1753144200,0.448,0.448,0.444,0.444,69826.81
1753145100,0.444,0.446,0.443,0.443,72109.74
1753146000,0.442,0.442,0.437,0.438,285030.3
1753146900,0.438,0.441,0.435,0.441,176638.68
1753147800,0.441,0.446,0.44,0.445,165512.24
1753148700,0.445,0.448,0.445,0.446,128077.48000000001
1753149600,0.446,0.447,0.444,0.445,33022.61
1753150500,0.445,0.447,0.444,0.446,18967.780000000002
1753151400,0.446,0.448,0.443,0.444,116337.01000000001
1753152300,0.443,0.444,0.438,0.439,117606.24
1753153200,0.439,0.441,0.438,0.44,42573.6
1753154100,0.439,0.44,0.437,0.439,132138.43000000002
1753155000,0.438,0.439,0.434,0.435,132012.08000000002
1753155900,0.435,0.437,0.434,0.435,158100.28
1753156800,0.436,0.437,0.434,0.434,44488.38
1753157700,0.435,0.435,0.431,0.432,90857.12000000001
1753158600,0.432,0.436,0.432,0.432,93345.33
1753159500,0.433,0.433,0.427,0.427,172048.72999999998
1753160400,0.427,0.432,0.427,0.432,158126.82
1753161300,0.431,0.433,0.431,0.431,57267.67
1753162200,0.431,0.432,0.428,0.429,61700.7
1753163100,0.429,0.431,0.427,0.429,98402.69
1753164000,0.43,0.433,0.429,0.432,38782.61
1753164900,0.432,0.434,0.432,0.434,71914.85
1753165800,0.433,0.434,0.432,0.432,33270.66
1753166700,0.432,0.433,0.431,0.431,38799.81
1753167600,0.432,0.434,0.431,0.434,44911.22
1753168500,0.434,0.436,0.433,0.436,76998.68
1753169400,0.436,0.436,0.434,0.435,28708.23
1753170300,0.435,0.435,0.43,0.431,46515.33
1753171200,0.431,0.431,0.427,0.427,128030.59000000001
1753172100,0.427,0.428,0.423,0.425,104623.59
1753173000,0.424,0.428,0.424,0.427,39371.02
1753173900,0.427,0.429,0.427,0.428,31449.7
1753174800,0.428,0.428,0.425,0.426,22527.14
1753175700,0.426,0.428,0.423,0.427,71359.94
1753176600,0.427,0.431,0.426,0.431,47885.15
1753177500,0.431,0.431,0.43,0.431,37736.89
1753178400,0.431,0.432,0.43,0.432,16549.89
1753179300,0.431,0.432,0.43,0.431,11402.57
1753180200,0.432,0.434,0.432,0.433,62253.24
1753181100,0.433,0.435,0.433,0.434,52929.97
1753182000,0.434,0.435,0.433,0.433,42927.76
1753182900,0.433,0.434,0.432,0.433,10405.05
1753183800,0.432,0.434,0.431,0.434,23089.16
1753184700,0.434,0.436,0.433,0.434,54041.92
1753185600,0.434,0.436,0.433,0.436,19963.28
1753186500,0.435,0.435,0.434,0.435,11422.8
1753187400,0.434,0.436,0.433,0.435,19705.4
1753188300,0.435,0.435,0.433,0.434,27814.84
1753189200,0.435,0.436,0.433,0.435,19447.82
1753190100,0.435,0.436,0.433,0.434,31741.37
1753191000,0.434,0.436,0.431,0.435,68512.73
1753191900,0.435,0.435,0.428,0.429,108024.8
1753192800,0.428,0.429,0.425,0.429,111240.39
1753193700,0.43,0.431,0.428,0.429,55684.96
1753194600,0.429,0.432,0.429,0.432,54813.38
1753195500,0.432,0.436,0.431,0.436,153590.4
1753196400,0.436,0.439,0.435,0.439,86461.81999999999
1753197300,0.438,0.439,0.436,0.437,54054.74
1753198200,0.438,0.439,0.435,0.436,32924.92
1753199100,0.435,0.438,0.435,0.437,32471.079999999998
1753200000,0.437,0.44,0.436,0.439,46611.18
1753200900,0.44,0.441,0.438,0.44,72494.28
1753201800,0.44,0.44,0.435,0.437,112610.18
1753202700,0.437,0.437,0.436,0.436,10174.779999999999
1753203600,0.436,0.437,0.431,0.434,93586.26
1753204500,0.432,0.433,0.431,0.433,53491.020000000004
1753205400,0.433,0.437,0.431,0.435,28093.32
1753206300,0.434,0.435,0.433,0.434,34631.27
1753207200,0.434,0.435,0.431,0.434,55382.67
1753208100,0.433,0.436,0.432,0.435,39002.97
1753209000,0.435,0.437,0.434,0.434,25333.280000000002
1753209900,0.434,0.441,0.434,0.438,159968.63
1753210800,0.438,0.439,0.437,0.438,17599.41
1753211700,0.439,0.439,0.436,0.438,24549.3
1753212600,0.437,0.437,0.435,0.435,32276.11
1753213500,0.436,0.436,0.431,0.433,87502.7
1753214400,0.433,0.437,0.432,0.437,85590.3
1753215300,0.436,0.439,0.435,0.437,7789.67
1753216200,0.438,0.439,0.437,0.438,16067.37
1753217100,0.439,0.44,0.438,0.439,26957.0
1753218000,0.439,0.44,0.437,0.439,10679.64
1753218900,0.44,0.44,0.439,0.44,1659.89
1753219800,0.44,0.441,0.439,0.44,25885.680000000004
1753220700,0.439,0.442,0.439,0.44,16484.39
1753221600,0.44,0.442,0.44,0.441,5381.04
1753222500,0.44,0.442,0.44,0.441,9569.59
1753223400,0.441,0.442,0.44,0.441,8626.82
1753224300,0.441,0.442,0.44,0.44,49786.93
1753225200,0.441,0.443,0.44,0.442,25051.14
1753226100,0.443,0.445,0.443,0.444,67725.58
1753227000,0.443,0.443,0.442,0.443,25849.989999999998
1753227900,0.442,0.444,0.442,0.444,13090.980000000001
1753228800,0.443,0.443,0.441,0.441,53967.479999999996
1753229700,0.441,0.443,0.44,0.44,70030.47
1753230600,0.44,0.441,0.44,0.44,25896.17
1753231500,0.44,0.441,0.438,0.438,17042.66
1753232400,0.437,0.438,0.436,0.436,34090.8
1753233300,0.437,0.439,0.437,0.437,16879.68
1753234200,0.437,0.44,0.437,0.439,21695.05
1753235100,0.439,0.439,0.437,0.438,24302.44
1753236000,0.439,0.44,0.438,0.439,46243.12
1753236900,0.439,0.44,0.438,0.44,22826.94
1753237800,0.44,0.441,0.438,0.438,26830.12
1753238700,0.438,0.441,0.438,0.44,38141.79
1753239600,0.44,0.441,0.439,0.44,52577.909999999996
1753240500,0.44,0.441,0.439,0.441,14113.130000000001
1753241400,0.441,0.444,0.441,0.442,50329.06
1753242300,0.442,0.442,0.44,0.442,29419.48
1753243200,0.441,0.443,0.44,0.442,47773.11
1753244100,0.442,0.445,0.442,0.444,33148.12
1753245000,0.444,0.446,0.444,0.445,44735.75
1753245900,0.445,0.447,0.445,0.446,38103.76
1753246800,0.446,0.447,0.445,0.446,25294.760000000002
1753247700,0.446,0.447,0.445,0.445,18726.78
1753248600,0.445,0.446,0.444,0.445,9339.08
1753249500,0.445,0.447,0.445,0.445,14529.970000000001
1753250400,0.446,0.447,0.445,0.445,13351.4
1753251300,0.446,0.446,0.441,0.443,23063.489999999998
1753252200,0.443,0.443,0.44,0.441,23279.65
1753253100,0.441,0.443,0.441,0.443,2566.6400000000003
1753254000,0.443,0.444,0.442,0.443,22880.27
1753254900,0.444,0.445,0.444,0.445,15079.6
1753255800,0.445,0.445,0.44,0.44,29191.96
1753256700,0.441,0.442,0.44,0.441,25343.28
1753257600,0.441,0.444,0.441,0.444,29721.969999999998
1753258500,0.443,0.444,0.443,0.443,22557.5
1753259400,0.444,0.444,0.442,0.443,15106.92
1753260300,0.443,0.445,0.442,0.445,35011.87
1753261200,0.445,0.445,0.442,0.442,38796.76
1753262100,0.443,0.443,0.439,0.439,69604.29
1753263000,0.438,0.439,0.437,0.438,35626.46
1753263900,0.438,0.439,0.436,0.437,20700.0
1753264800,0.436,0.436,0.432,0.433,124429.0
1753265700,0.433,0.437,0.433,0.436,109721.86
1753266600,0.436,0.437,0.435,0.436,75455.81
1753267500,0.436,0.437,0.435,0.436,22330.17
1753268400,0.436,0.436,0.434,0.435,12517.060000000001
1753269300,0.434,0.437,0.434,0.436,22844.92
1753270200,0.436,0.436,0.435,0.436,25118.38
1753271100,0.436,0.436,0.434,0.436,46905.85
1753272000,0.436,0.438,0.434,0.438,60179.149999999994
1753272900,0.437,0.438,0.436,0.436,8327.99
1753273800,0.436,0.438,0.431,0.431,110024.31999999999
1753274700,0.431,0.433,0.427,0.428,136930.13
1753275600,0.428,0.43,0.426,0.429,100497.32
1753276500,0.429,0.43,0.425,0.43,98574.81
1753277400,0.431,0.431,0.417,0.42,268916.54000000004
1753278300,0.42,0.422,0.416,0.421,282769.14
1753279200,0.42,0.425,0.42,0.421,109420.56999999999
1753280100,0.421,0.427,0.421,0.427,54625.71
1753281000,0.425,0.425,0.423,0.424,53263.9
1753281900,0.424,0.424,0.423,0.424,36473.41
1753282800,0.424,0.424,0.42,0.421,72287.23
1753283700,0.421,0.425,0.421,0.423,59834.52
1753284600,0.423,0.426,0.422,0.426,63015.61
1753285500,0.426,0.427,0.423,0.426,85034.6
1753286400,0.425,0.426,0.421,0.421,41095.45
1753287300,0.422,0.423,0.42,0.422,73635.92
1753288200,0.421,0.421,0.418,0.419,53981.77
1753289100,0.419,0.419,0.416,0.417,145475.11000000002
1753290000,0.417,0.418,0.414,0.414,168869.39
1753290900,0.414,0.416,0.411,0.413,146280.64
1753291800,0.413,0.416,0.411,0.415,59153.83
1753292700,0.414,0.416,0.414,0.414,37054.75
1753293600,0.415,0.418,0.414,0.415,44837.21
1753294500,0.416,0.418,0.415,0.416,19551.91
1753295400,0.415,0.418,0.415,0.416,43104.88
1753296300,0.416,0.418,0.416,0.418,52726.14
1753297200,0.418,0.419,0.417,0.417,69875.86
1753298100,0.416,0.418,0.415,0.416,32691.75
1753299000,0.415,0.416,0.414,0.415,38037.68
1753299900,0.415,0.418,0.414,0.414,21410.13
1753300800,0.415,0.416,0.413,0.414,55312.4
1753301700,0.414,0.415,0.41,0.411,99350.14
1753302600,0.411,0.411,0.405,0.409,229958.61000000002
1753303500,0.409,0.411,0.407,0.41,53596.619999999995
1753304400,0.41,0.411,0.409,0.41,38233.85
1753305300,0.41,0.41,0.402,0.405,197894.78
1753306200,0.406,0.411,0.402,0.41,134270.4
1753307100,0.41,0.413,0.409,0.411,42120.64
1753308000,0.411,0.413,0.409,0.413,31426.31
1753308900,0.413,0.414,0.412,0.414,85260.52
1753309800,0.414,0.415,0.413,0.414,42726.74
1753310700,0.414,0.415,0.412,0.412,18919.69
1753311600,0.412,0.415,0.412,0.413,58268.770000000004
1753312500,0.413,0.414,0.412,0.414,14330.48
1753313400,0.413,0.413,0.412,0.412,21222.04
1753314300,0.413,0.413,0.411,0.412,55589.02
1753315200,0.412,0.412,0.411,0.412,34915.33
1753316100,0.411,0.416,0.41,0.414,75242.69
1753317000,0.414,0.416,0.414,0.415,36461.880000000005
1753317900,0.415,0.416,0.414,0.416,6320.249999999999
1753318800,0.416,0.416,0.414,0.415,20555.72
1753319700,0.414,0.416,0.414,0.414,15237.07
1753320600,0.415,0.415,0.413,0.414,62584.75
1753321500,0.414,0.417,0.414,0.416,35414.780000000006
1753322400,0.416,0.417,0.414,0.415,34301.94
1753323300,0.415,0.415,0.413,0.413,56778.82
1753324200,0.413,0.416,0.413,0.415,92081.38
1753325100,0.416,0.417,0.415,0.416,93251.58
1753326000,0.415,0.417,0.415,0.417,66711.16
1753326900,0.417,0.42,0.416,0.42,171028.41
1753327800,0.419,0.419,0.417,0.418,96144.88
1753328700,0.418,0.418,0.414,0.414,59705.78
1753329600,0.414,0.416,0.413,0.416,117467.93000000001
1753330500,0.415,0.415,0.413,0.413,26156.62
1753331400,0.412,0.413,0.409,0.41,157397.91999999998
1753332300,0.41,0.41,0.407,0.407,85455.70999999999
1753333200,0.408,0.409,0.403,0.404,207062.16999999998
1753334100,0.404,0.406,0.403,0.404,68464.23
1753335000,0.404,0.405,0.403,0.405,32958.490000000005
1753335900,0.404,0.404,0.396,0.398,292065.84
1753336800,0.398,0.401,0.397,0.4,84984.57
1753337700,0.4,0.402,0.398,0.401,47731.17
1753338600,0.401,0.402,0.391,0.391,284168.91
1753339500,0.393,0.394,0.39,0.394,141489.06
1753340400,0.393,0.398,0.391,0.398,93231.86
1753341300,0.398,0.399,0.397,0.399,130351.48999999999
1753342200,0.399,0.399,0.395,0.397,56169.55
1753343100,0.398,0.4,0.395,0.399,44857.49
1753344000,0.399,0.403,0.398,0.403,135862.12
1753344900,0.403,0.403,0.4,0.401,65588.27
1753345800,0.402,0.404,0.402,0.402,57376.0
1753346700,0.403,0.404,0.402,0.403,43134.490000000005
1753347600,0.403,0.404,0.403,0.403,30887.89
1753348500,0.403,0.404,0.402,0.403,92757.26
1753349400,0.403,0.404,0.402,0.404,30682.8
1753350300,0.403,0.403,0.401,0.402,92079.27
1753351200,0.402,0.405,0.401,0.402,97284.82
1753352100,0.402,0.402,0.399,0.399,39759.98
1753353000,0.399,0.399,0.397,0.398,50854.75
1753353900,0.398,0.401,0.397,0.401,33523.07
1753354800,0.401,0.403,0.401,0.403,26097.85
1753355700,0.403,0.405,0.403,0.405,45883.44
1753356600,0.405,0.407,0.405,0.406,69393.46
1753357500,0.407,0.407,0.405,0.407,27947.670000000002
1753358400,0.407,0.408,0.404,0.405,36460.99
1753359300,0.405,0.408,0.403,0.407,54496.26
1753360200,0.406,0.406,0.403,0.404,35243.1
1753361100,0.405,0.405,0.404,0.405,8759.23
1753362000,0.405,0.406,0.403,0.406,56315.83
1753362900,0.406,0.407,0.405,0.406,17490.12
1753363800,0.406,0.407,0.404,0.405,49853.59
1753364700,0.405,0.406,0.403,0.403,34337.39
1753365600,0.403,0.404,0.4,0.4,69545.93
1753366500,0.4,0.404,0.4,0.404,30192.54
1753367400,0.405,0.411,0.405,0.41,155991.85
1753368300,0.411,0.415,0.41,0.415,211534.76
1753369200,0.415,0.417,0.414,0.417,163464.69999999998
1753370100,0.416,0.417,0.414,0.414,68792.56
1753371000,0.414,0.415,0.411,0.413,49040.369999999995
1753371900,0.413,0.413,0.41,0.413,35425.19
1753372800,0.412,0.412,0.409,0.411,106585.98
1753373700,0.41,0.411,0.407,0.407,70489.48
1753374600,0.407,0.407,0.405,0.405,98884.78
1753375500,0.404,0.406,0.403,0.405,86216.48
1753376400,0.405,0.41,0.405,0.41,67575.91
1753377300,0.41,0.413,0.408,0.413,92281.02
1753378200,0.412,0.413,0.412,0.413,28713.53
1753379100,0.413,0.414,0.412,0.412,15257.77
1753380000,0.412,0.414,0.41,0.413,158268.15
1753380900,0.414,0.414,0.413,0.413,157036.32
1753381800,0.414,0.414,0.412,0.412,43838.72
1753382700,0.413,0.414,0.413,0.413,52355.07
1753383600,0.414,0.415,0.413,0.413,34329.5
1753384500,0.413,0.415,0.411,0.412,40952.91
1753385400,0.412,0.412,0.41,0.411,10880.62
1753386300,0.411,0.413,0.41,0.41,47579.23
1753387200,0.41,0.412,0.409,0.412,15583.06
1753388100,0.412,0.412,0.41,0.412,9851.18
1753389000,0.412,0.414,0.411,0.413,13640.07
1753389900,0.413,0.414,0.412,0.414,15074.699999999999
1753390800,0.414,0.414,0.41,0.411,52231.01
1753391700,0.411,0.412,0.408,0.409,14480.47
1753392600,0.409,0.411,0.408,0.41,60715.649999999994
1753393500,0.41,0.412,0.41,0.411,1180.97
1753394400,0.41,0.41,0.407,0.407,40760.130000000005
1753395300,0.406,0.409,0.406,0.409,51839.92
1753396200,0.409,0.412,0.409,0.412,20073.36
1753397100,0.412,0.412,0.409,0.411,16963.0
1753398000,0.411,0.411,0.406,0.406,50121.93
1753398900,0.406,0.407,0.405,0.405,44605.15
1753399800,0.405,0.407,0.405,0.406,72061.62
1753400700,0.405,0.407,0.404,0.405,21101.99
1753401600,0.405,0.405,0.402,0.403,125259.03
1753402500,0.402,0.404,0.402,0.404,76832.26999999999
1753403400,0.404,0.404,0.399,0.403,267449.12
1753404300,0.404,0.405,0.401,0.401,38721.29
1753405200,0.402,0.403,0.401,0.402,56327.82
1753406100,0.402,0.404,0.4,0.403,84308.33
1753407000,0.403,0.405,0.402,0.404,77662.28
1753407900,0.404,0.406,0.403,0.406,50017.76
1753408800,0.406,0.406,0.405,0.406,41482.9
1753409700,0.405,0.405,0.404,0.405,41130.46
1753410600,0.405,0.405,0.398,0.4,93553.72
1753411500,0.4,0.401,0.398,0.398,41615.64
1753412400,0.398,0.401,0.397,0.399,59345.49
1753413300,0.399,0.4,0.398,0.398,15973.07
1753414200,0.397,0.397,0.392,0.394,169066.95
1753415100,0.394,0.396,0.393,0.396,34233.23
1753416000,0.396,0.396,0.393,0.393,23503.75
1753416900,0.393,0.394,0.392,0.394,18922.05
1753417800,0.394,0.399,0.394,0.397,21360.73
1753418700,0.397,0.4,0.397,0.4,39454.06
1753419600,0.4,0.401,0.397,0.397,32801.45
1753420500,0.397,0.4,0.397,0.399,29079.83
1753421400,0.398,0.398,0.396,0.397,22943.95
1753422300,0.397,0.397,0.395,0.397,24194.25
1753423200,0.395,0.396,0.393,0.395,60423.75
1753424100,0.395,0.396,0.393,0.393,31216.03
1753425000,0.394,0.398,0.393,0.397,46707.67
1753425900,0.397,0.399,0.396,0.396,32691.45
1753426800,0.397,0.398,0.395,0.398,41015.74
1753427700,0.399,0.4,0.398,0.398,49498.27
1753428600,0.398,0.398,0.395,0.395,32583.71
1753429500,0.395,0.397,0.393,0.397,74490.0
1753430400,0.397,0.399,0.397,0.398,13481.26
1753431300,0.399,0.402,0.398,0.401,49185.42
1753432200,0.401,0.401,0.397,0.397,14386.64
1753433100,0.397,0.4,0.397,0.399,10890.880000000001
1753434000,0.399,0.399,0.398,0.399,54777.93
1753434900,0.399,0.403,0.398,0.403,45701.5
1753435800,0.404,0.406,0.404,0.404,173902.65
1753436700,0.403,0.406,0.402,0.405,21805.31
1753437600,0.406,0.408,0.405,0.406,80613.33
1753438500,0.406,0.407,0.405,0.405,36037.66
1753439400,0.405,0.408,0.405,0.408,70711.68
1753440300,0.407,0.408,0.406,0.407,24268.57
1753441200,0.407,0.408,0.407,0.407,11460.08
1753442100,0.407,0.409,0.407,0.409,30941.17
1753443000,0.408,0.409,0.406,0.407,35689.8
1753443900,0.406,0.408,0.406,0.407,38483.01
1753444800,0.407,0.409,0.407,0.408,69156.2
1753445700,0.409,0.409,0.406,0.407,30058.0
1753446600,0.407,0.409,0.405,0.408,44504.28
1753447500,0.409,0.409,0.405,0.406,58720.42
1753448400,0.406,0.407,0.405,0.406,21611.87
1753449300,0.406,0.407,0.406,0.406,36517.97
1753450200,0.405,0.406,0.403,0.403,72186.69
1753451100,0.404,0.406,0.403,0.405,34327.51
1753452000,0.405,0.407,0.403,0.403,76385.27
1753452900,0.403,0.403,0.4,0.402,56744.46
1753453800,0.401,0.401,0.396,0.396,265306.3
1753454700,0.396,0.398,0.396,0.396,26585.98
1753455600,0.395,0.397,0.394,0.396,35775.96
1753456500,0.396,0.399,0.396,0.397,19029.65
1753457400,0.397,0.398,0.392,0.393,71666.93000000001
1753458300,0.394,0.398,0.394,0.396,38602.01
1753459200,0.397,0.399,0.396,0.398,14196.35
1753460100,0.398,0.399,0.395,0.397,17000.59
1753461000,0.397,0.399,0.396,0.398,16598.4
1753461900,0.398,0.401,0.398,0.401,62163.16
1753462800,0.401,0.403,0.401,0.402,51436.68
1753463700,0.402,0.402,0.4,0.401,17697.309999999998
1753464600,0.401,0.401,0.399,0.401,9792.460000000001
1753465500,0.401,0.402,0.399,0.399,7771.549999999999
1753466400,0.399,0.402,0.399,0.4,14281.73
1753467300,0.4,0.402,0.4,0.4,7618.99
1753468200,0.401,0.401,0.399,0.401,35226.020000000004
1753469100,0.401,0.401,0.4,0.4,8050.53
1753470000,0.4,0.401,0.399,0.401,5991.25
1753470900,0.401,0.401,0.4,0.4,735.96
1753471800,0.4,0.403,0.4,0.403,8350.95
1753472700,0.403,0.403,0.401,0.401,29841.089999999997
1753473600,0.401,0.403,0.401,0.402,1927.36
1753474500,0.402,0.405,0.402,0.405,111037.55
1753475400,0.405,0.408,0.404,0.408,99744.56
1753476300,0.408,0.409,0.408,0.408,32579.14
1753477200,0.409,0.411,0.408,0.411,89026.22
1753478100,0.41,0.412,0.41,0.412,65112.36000000001
1753479000,0.411,0.411,0.409,0.409,40519.68
1753479900,0.411,0.411,0.41,0.41,8270.130000000001
1753480800,0.411,0.412,0.41,0.411,40954.51
1753481700,0.41,0.412,0.41,0.412,18984.61
1753482600,0.411,0.412,0.411,0.412,27520.95
1753483500,0.412,0.413,0.411,0.413,26762.920000000002
1753484400,0.412,0.413,0.412,0.412,41692.689999999995
1753485300,0.412,0.413,0.412,0.412,32966.6
1753486200,0.412,0.413,0.412,0.413,4469.9800000000005
1753487100,0.413,0.413,0.412,0.413,3844.5
1753488000,0.413,0.413,0.411,0.412,18403.99
1753488900,0.412,0.413,0.411,0.413,12463.37
1753489800,0.412,0.413,0.412,0.413,44560.2
1753490700,0.411,0.412,0.411,0.412,19428.9
1753491600,0.412,0.412,0.411,0.411,34002.57
1753492500,0.412,0.412,0.411,0.411,3090.0
1753493400,0.412,0.413,0.411,0.411,137280.46000000002
1753494300,0.411,0.411,0.409,0.409,49081.83
1753495200,0.409,0.412,0.409,0.412,24397.120000000003
1753496100,0.411,0.415,0.411,0.415,51040.73
1753497000,0.414,0.416,0.413,0.413,60287.81
1753497900,0.414,0.414,0.412,0.412,10101.07
1753498800,0.413,0.414,0.411,0.413,61259.47
1753499700,0.413,0.413,0.412,0.412,2516.15
1753500600,0.412,0.414,0.412,0.413,6832.67
1753501500,0.413,0.415,0.413,0.414,26542.41
1753502400,0.413,0.415,0.413,0.415,6221.84
1753503300,0.414,0.414,0.412,0.413,33124.15
1753504200,0.413,0.414,0.412,0.414,15364.66
1753505100,0.414,0.414,0.412,0.413,9390.51
1753506000,0.413,0.413,0.412,0.413,5079.68
1753506900,0.413,0.413,0.412,0.413,22476.37
1753507800,0.413,0.415,0.412,0.414,39233.850000000006
1753508700,0.413,0.414,0.413,0.414,6668.5
1753509600,0.414,0.414,0.412,0.412,40761.1
1753510500,0.413,0.413,0.411,0.412,45916.22
1753511400,0.412,0.412,0.411,0.412,54312.31
1753512300,0.412,0.412,0.411,0.412,916.6300000000001
1753513200,0.412,0.412,0.411,0.412,10351.619999999999
1753514100,0.412,0.412,0.411,0.412,1165.22
1753515000,0.411,0.413,0.411,0.412,42116.78
1753515900,0.413,0.414,0.412,0.412,16551.87
1753516800,0.412,0.413,0.412,0.413,1628.8999999999999
1753517700,0.413,0.414,0.413,0.414,54839.07
1753518600,0.414,0.414,0.413,0.413,7407.88
1753519500,0.413,0.415,0.413,0.414,13779.45
1753520400,0.414,0.414,0.413,0.413,41997.020000000004
1753521300,0.413,0.414,0.412,0.412,34949.28
1753522200,0.412,0.414,0.412,0.413,1337.85
1753523100,0.413,0.415,0.413,0.414,4390.0199999999995
1753524000,0.414,0.415,0.414,0.414,14634.279999999999
1753524900,0.414,0.415,0.414,0.415,1343.7
1753525800,0.414,0.416,0.414,0.416,76902.65000000001
1753526700,0.416,0.416,0.414,0.414,9603.37
1753527600,0.414,0.418,0.414,0.418,32808.49
1753528500,0.418,0.418,0.416,0.416,49963.64
1753529400,0.416,0.416,0.414,0.415,32408.6
1753530300,0.415,0.415,0.414,0.414,4110.04
1753531200,0.414,0.415,0.413,0.413,7487.619999999999
1753532100,0.413,0.416,0.413,0.415,10834.859999999999
1753533000,0.415,0.416,0.414,0.416,9479.41
1753533900,0.416,0.416,0.415,0.415,14655.199999999999
1753534800,0.415,0.417,0.415,0.416,14484.260000000002
1753535700,0.416,0.417,0.416,0.416,8015.009999999999
1753536600,0.417,0.417,0.416,0.417,31336.61
1753537500,0.417,0.418,0.416,0.416,40286.36
1753538400,0.416,0.417,0.416,0.417,45767.229999999996
1753539300,0.417,0.418,0.416,0.416,21850.22
1753540200,0.416,0.416,0.415,0.416,21855.510000000002
1753541100,0.416,0.418,0.416,0.416,67748.66
1753542000,0.415,0.417,0.415,0.415,71800.71
1753542900,0.414,0.415,0.414,0.415,59071.44
1753543800,0.415,0.416,0.414,0.415,44882.549999999996
1753544700,0.415,0.417,0.415,0.417,27517.7
1753545600,0.417,0.419,0.415,0.416,91066.27
1753546500,0.415,0.418,0.415,0.418,28126.230000000003
1753547400,0.418,0.418,0.416,0.418,7365.110000000001
1753548300,0.417,0.417,0.416,0.416,9654.8
1753549200,0.416,0.417,0.416,0.416,45692.86
1753550100,0.416,0.418,0.416,0.418,38650.42
1753551000,0.418,0.418,0.415,0.416,23552.34
1753551900,0.415,0.416,0.414,0.416,50150.27
1753552800,0.416,0.417,0.415,0.417,840.09
1753553700,0.416,0.417,0.414,0.417,64643.44
1753554600,0.417,0.419,0.416,0.418,45041.95
1753555500,0.418,0.419,0.418,0.419,29408.42
1753556400,0.419,0.42,0.418,0.419,14609.68
1753557300,0.42,0.42,0.418,0.419,84840.11
1753558200,0.42,0.421,0.419,0.421,49902.55
1753559100,0.42,0.421,0.42,0.421,1340.26
1753560000,0.42,0.42,0.419,0.419,27627.84
1753560900,0.418,0.42,0.418,0.418,129111.62000000001
1753561800,0.418,0.419,0.418,0.419,93319.17
1753562700,0.419,0.419,0.417,0.418,11514.029999999999
1753563600,0.417,0.417,0.416,0.416,12494.71
1753564500,0.416,0.417,0.416,0.417,8694.73
1753565400,0.417,0.417,0.416,0.417,4965.91
1753566300,0.416,0.418,0.416,0.417,40398.87
1753567200,0.419,0.419,0.417,0.418,30541.64
1753568100,0.418,0.42,0.417,0.417,65224.15
1753569000,0.417,0.417,0.416,0.416,67667.97
1753569900,0.416,0.417,0.415,0.415,9391.96
1753570800,0.415,0.416,0.415,0.415,527.63
1753571700,0.416,0.416,0.414,0.415,35565.09
1753572600,0.415,0.415,0.414,0.414,107370.63
1753573500,0.414,0.414,0.413,0.413,42468.46000000001
1753574400,0.413,0.414,0.413,0.413,13453.75
1753575300,0.413,0.415,0.413,0.414,41949.84
1753576200,0.413,0.414,0.413,0.414,92393.18
1753577100,0.414,0.414,0.412,0.414,38360.53
1753578000,0.415,0.416,0.414,0.416,51270.4
1753578900,0.416,0.416,0.415,0.416,74253.13
1753579800,0.417,0.417,0.415,0.416,106712.38
1753580700,0.416,0.416,0.415,0.416,4704.63
1753581600,0.416,0.417,0.415,0.417,19589.52
1753582500,0.417,0.418,0.416,0.416,27582.059999999998
1753583400,0.416,0.418,0.416,0.418,12492.400000000001
1753584300,0.418,0.421,0.418,0.42,148009.41
1753585200,0.42,0.42,0.418,0.418,69753.0
1753586100,0.418,0.418,0.417,0.418,14485.81
1753587000,0.418,0.418,0.418,0.418,37985.46
1753587900,0.418,0.418,0.418,0.418,4510.14
1753588800,0.418,0.418,0.418,0.418,6188.39
1753589700,0.418,0.419,0.418,0.418,4642.05
1753590600,0.418,0.419,0.418,0.418,15484.710000000001
1753591500,0.418,0.418,0.417,0.418,48969.16
1753592400,0.418,0.419,0.418,0.419,1380.2900000000002
1753593300,0.419,0.42,0.418,0.42,11675.119999999999
1753594200,0.42,0.42,0.419,0.42,43971.91
1753595100,0.419,0.42,0.419,0.419,60858.2
1753596000,0.419,0.42,0.419,0.419,14266.74
1753596900,0.419,0.42,0.418,0.418,36786.56
1753597800,0.419,0.42,0.418,0.42,22389.809999999998
1753598700,0.42,0.42,0.418,0.42,43125.82
1753599600,0.42,0.421,0.42,0.421,49023.97
1753600500,0.421,0.423,0.42,0.423,62904.53
1753601400,0.423,0.423,0.42,0.421,82863.48999999999
1753602300,0.421,0.421,0.42,0.42,53366.850000000006
1753603200,0.421,0.422,0.42,0.42,15387.359999999999
1753604100,0.419,0.419,0.418,0.418,115752.7
1753605000,0.418,0.418,0.417,0.417,49953.44
1753605900,0.417,0.419,0.417,0.417,25474.62
1753606800,0.417,0.418,0.417,0.418,340.65
1753607700,0.417,0.417,0.416,0.417,6051.8
1753608600,0.417,0.417,0.415,0.415,17412.33
1753609500,0.415,0.416,0.414,0.415,32576.82
1753610400,0.415,0.417,0.415,0.417,31153.68
1753611300,0.417,0.418,0.417,0.418,39370.22
1753612200,0.418,0.42,0.418,0.42,33481.84
1753613100,0.42,0.421,0.419,0.42,23931.739999999998
1753614000,0.419,0.421,0.419,0.42,45522.64
1753614900,0.42,0.421,0.419,0.42,51894.1
1753615800,0.42,0.42,0.418,0.418,11463.689999999999
1753616700,0.418,0.418,0.417,0.417,27708.86
1753617600,0.417,0.419,0.417,0.419,26615.620000000003
1753618500,0.419,0.419,0.417,0.417,65881.29
1753619400,0.417,0.418,0.415,0.415,72353.71
1753620300,0.415,0.42,0.415,0.419,21964.3
1753621200,0.419,0.421,0.419,0.419,56710.96
1753622100,0.419,0.419,0.417,0.417,12974.35
1753623000,0.417,0.418,0.416,0.417,39018.26
1753623900,0.417,0.418,0.416,0.416,23178.6
1753624800,0.416,0.418,0.416,0.418,60282.88
1753625700,0.417,0.419,0.416,0.417,52555.97
1753626600,0.416,0.418,0.415,0.415,36303.0
1753627500,0.415,0.417,0.415,0.416,55676.54
1753628400,0.416,0.416,0.414,0.415,51311.42
1753629300,0.416,0.417,0.414,0.415,65533.83
1753630200,0.415,0.416,0.415,0.416,16103.16
1753631100,0.416,0.417,0.415,0.417,9236.060000000001
1753632000,0.417,0.42,0.417,0.42,73802.68
1753632900,0.42,0.421,0.419,0.421,31033.35
1753633800,0.421,0.422,0.42,0.42,123086.4
1753634700,0.42,0.421,0.418,0.418,37023.68
1753635600,0.418,0.419,0.417,0.418,106019.15
1753636500,0.417,0.419,0.417,0.419,27184.66
1753637400,0.419,0.419,0.417,0.418,56494.88
1753638300,0.419,0.421,0.419,0.42,21760.25
1753639200,0.42,0.422,0.42,0.421,22834.21
1753640100,0.421,0.422,0.42,0.422,65330.799999999996
1753641000,0.421,0.422,0.42,0.421,28624.89
1753641900,0.422,0.422,0.42,0.42,33181.76
1753642800,0.421,0.421,0.419,0.42,44747.36
1753643700,0.419,0.42,0.418,0.419,22157.56
1753644600,0.42,0.42,0.418,0.418,27092.34
1753645500,0.418,0.42,0.418,0.419,5378.9
1753646400,0.42,0.422,0.419,0.421,79103.94
1753647300,0.421,0.422,0.42,0.421,4751.150000000001
1753648200,0.421,0.421,0.419,0.421,49839.21000000001
1753649100,0.421,0.421,0.419,0.42,23002.57
1753650000,0.419,0.42,0.418,0.418,9667.82
1753650900,0.418,0.42,0.418,0.42,3434.0699999999997
1753651800,0.42,0.42,0.418,0.42,17851.74
1753652700,0.42,0.422,0.418,0.421,33232.57
1753653600,0.422,0.426,0.422,0.425,106798.55
1753654500,0.425,0.426,0.425,0.426,30748.84
1753655400,0.425,0.427,0.425,0.426,52283.549999999996
1753656300,0.426,0.427,0.424,0.426,74251.84999999999
1753657200,0.425,0.426,0.422,0.424,94481.08
1753658100,0.424,0.424,0.423,0.423,822.07
1753659000,0.424,0.424,0.422,0.422,57178.47
1753659900,0.422,0.425,0.422,0.425,51175.880000000005
1753660800,0.424,0.425,0.423,0.425,17405.84
1753661700,0.426,0.428,0.425,0.427,41748.18
1753662600,0.426,0.428,0.425,0.425,55682.83
1753663500,0.426,0.426,0.423,0.424,115851.96
1753664400,0.423,0.424,0.421,0.421,65901.96
1753665300,0.422,0.423,0.421,0.421,39643.409999999996
1753666200,0.421,0.421,0.42,0.421,15902.08
1753667100,0.42,0.421,0.419,0.421,57659.72
1753668000,0.42,0.421,0.419,0.42,48870.74
1753668900,0.421,0.423,0.421,0.423,41623.89
1753669800,0.423,0.427,0.423,0.425,54544.200000000004
1753670700,0.425,0.426,0.424,0.426,65116.689999999995
1753671600,0.426,0.427,0.424,0.424,51353.159999999996
1753672500,0.425,0.425,0.423,0.424,45756.88
1753673400,0.424,0.425,0.424,0.424,61886.37
1753674300,0.425,0.425,0.424,0.424,52406.14
1753675200,0.424,0.426,0.424,0.425,61668.99
1753676100,0.425,0.427,0.423,0.427,71315.94
1753677000,0.426,0.428,0.425,0.428,41338.47
1753677900,0.428,0.428,0.427,0.427,43190.52
1753678800,0.428,0.429,0.427,0.428,50321.26
1753679700,0.428,0.43,0.428,0.429,57436.87
1753680600,0.429,0.43,0.429,0.43,66691.08
1753681500,0.429,0.43,0.429,0.429,37460.54
1753682400,0.429,0.43,0.428,0.43,42287.05
1753683300,0.429,0.43,0.427,0.428,85662.94
1753684200,0.428,0.429,0.427,0.427,26699.3
1753685100,0.428,0.429,0.427,0.428,8607.560000000001
1753686000,0.429,0.429,0.424,0.425,80335.45
1753686900,0.425,0.426,0.423,0.425,80883.84
1753687800,0.425,0.426,0.424,0.426,37430.52
1753688700,0.425,0.426,0.425,0.425,57201.71
1753689600,0.425,0.426,0.425,0.425,37783.0
1753690500,0.425,0.426,0.424,0.426,108258.84
1753691400,0.426,0.426,0.424,0.425,38445.68
1753692300,0.425,0.426,0.424,0.425,28010.859999999997
1753693200,0.426,0.427,0.423,0.426,106470.84
1753694100,0.426,0.426,0.425,0.425,27430.38
1753695000,0.425,0.426,0.423,0.423,51481.88
1753695900,0.423,0.428,0.423,0.426,26871.83
1753696800,0.426,0.427,0.425,0.425,35008.72
1753697700,0.425,0.426,0.424,0.426,25107.6
1753698600,0.425,0.425,0.424,0.424,45599.130000000005
1753699500,0.424,0.425,0.424,0.425,8042.45
1753700400,0.425,0.425,0.423,0.424,17646.73
1753701300,0.423,0.424,0.422,0.423,26892.36
1753702200,0.423,0.423,0.421,0.423,17718.97
1753703100,0.423,0.424,0.422,0.422,40948.659999999996
1753704000,0.422,0.423,0.421,0.423,23900.87
1753704900,0.422,0.424,0.422,0.422,32050.9
1753705800,0.422,0.424,0.422,0.422,53005.92
1753706700,0.422,0.422,0.42,0.422,91768.77
1753707600,0.422,0.422,0.417,0.418,150954.4
1753708500,0.418,0.419,0.415,0.416,79309.21
1753709400,0.417,0.417,0.413,0.415,114637.79
1753710300,0.416,0.416,0.413,0.414,59171.149999999994
1753711200,0.413,0.415,0.409,0.409,779595.6699999999
1753712100,0.41,0.41,0.404,0.405,461220.63
1753713000,0.404,0.407,0.404,0.406,29336.77
1753713900,0.406,0.407,0.404,0.404,41113.98
1753714800,0.405,0.406,0.404,0.406,52179.77
1753715700,0.406,0.407,0.405,0.405,41173.72
1753716600,0.406,0.407,0.403,0.404,57173.5
1753717500,0.405,0.405,0.401,0.403,186975.09
1753718400,0.403,0.403,0.401,0.402,49116.93
1753719300,0.402,0.403,0.401,0.403,52558.29
1753720200,0.403,0.404,0.402,0.404,47737.62
1753721100,0.404,0.406,0.402,0.403,45302.88
1753722000,0.403,0.404,0.403,0.403,8544.02
1753722900,0.402,0.404,0.401,0.404,57048.39
1753723800,0.405,0.405,0.402,0.402,39069.01
1753724700,0.402,0.402,0.401,0.402,21953.27
1753725600,0.402,0.402,0.398,0.401,130677.88
1753726500,0.4,0.401,0.397,0.398,109746.97
1753727400,0.398,0.4,0.397,0.4,40406.46000000001
1753728300,0.399,0.399,0.397,0.398,39267.54
1753729200,0.398,0.401,0.398,0.399,65966.94
1753730100,0.399,0.4,0.398,0.399,29051.87
1753731000,0.399,0.399,0.396,0.397,111102.95
1753731900,0.397,0.399,0.395,0.398,55782.9
1753732800,0.399,0.399,0.396,0.396,33123.200000000004
1753733700,0.396,0.397,0.393,0.393,91133.32
1753734600,0.394,0.396,0.394,0.396,70698.84999999999
1753735500,0.395,0.396,0.394,0.395,88225.44
1753736400,0.395,0.396,0.394,0.395,71944.73
1753737300,0.395,0.396,0.392,0.394,117350.67
1753738200,0.393,0.397,0.393,0.397,116118.6
1753739100,0.397,0.397,0.393,0.394,96772.26
1753740000,0.394,0.397,0.393,0.396,81223.17
1753740900,0.395,0.396,0.394,0.394,9817.85
1753741800,0.394,0.394,0.392,0.393,17283.97
1753742700,0.393,0.395,0.392,0.394,12113.93
1753743600,0.394,0.395,0.394,0.394,2281.86
1753744500,0.394,0.396,0.393,0.393,72086.15
1753745400,0.393,0.396,0.393,0.394,22116.98
1753746300,0.394,0.395,0.393,0.395,29858.27
1753747200,0.395,0.396,0.393,0.396,26869.73
1753748100,0.396,0.397,0.395,0.396,35892.66
1753749000,0.395,0.395,0.388,0.388,389020.66
1753749900,0.389,0.393,0.389,0.393,63768.45
1753750800,0.393,0.393,0.39,0.391,204641.25
1753751700,0.391,0.394,0.391,0.393,24823.38
1753752600,0.392,0.394,0.392,0.392,32930.29
1753753500,0.392,0.392,0.391,0.391,15613.85
1753754400,0.391,0.392,0.39,0.391,76477.41
1753755300,0.391,0.391,0.388,0.391,89994.56
1753756200,0.391,0.392,0.389,0.391,11821.65
1753757100,0.39,0.391,0.388,0.39,89930.88
1753758000,0.39,0.394,0.39,0.394,19320.78
1753758900,0.393,0.393,0.392,0.392,30510.91
1753759800,0.392,0.394,0.391,0.394,96735.0
1753760700,0.394,0.395,0.393,0.394,19324.53
1753761600,0.394,0.396,0.394,0.396,3307.02
1753762500,0.395,0.395,0.394,0.394,7057.1900000000005
1753763400,0.394,0.395,0.393,0.393,26826.079999999998
1753764300,0.394,0.395,0.393,0.393,25152.64
1753765200,0.393,0.395,0.393,0.394,14895.76
1753766100,0.394,0.395,0.393,0.395,17239.4
1753767000,0.395,0.399,0.395,0.398,149968.49
1753767900,0.398,0.4,0.398,0.4,36569.96000000001
1753768800,0.4,0.401,0.4,0.4,56172.06
1753769700,0.4,0.402,0.4,0.401,27713.89
1753770600,0.401,0.403,0.401,0.403,63368.57
1753771500,0.402,0.404,0.402,0.404,36018.02
1753772400,0.403,0.404,0.403,0.404,40089.759999999995
1753773300,0.405,0.405,0.404,0.404,18468.47
1753774200,0.404,0.408,0.404,0.407,269123.12
1753775100,0.408,0.409,0.407,0.408,117069.1
1753776000,0.407,0.409,0.406,0.407,11996.85
1753776900,0.407,0.408,0.405,0.405,150536.03
1753777800,0.405,0.407,0.405,0.407,35872.04
1753778700,0.406,0.408,0.406,0.407,37941.49
1753779600,0.407,0.408,0.406,0.406,33584.44
1753780500,0.406,0.408,0.405,0.407,25936.07
1753781400,0.407,0.407,0.406,0.406,29976.75
1753782300,0.405,0.406,0.404,0.405,17535.12
1753783200,0.405,0.406,0.401,0.401,74140.15
1753784100,0.401,0.402,0.399,0.4,145230.47
1753785000,0.401,0.402,0.398,0.398,47661.67
1753785900,0.397,0.398,0.396,0.396,40885.35
1753786800,0.397,0.4,0.397,0.4,26865.82
1753787700,0.4,0.401,0.399,0.4,17711.12
1753788600,0.401,0.401,0.398,0.4,18023.05
1753789500,0.399,0.4,0.398,0.399,13051.99
1753790400,0.4,0.401,0.399,0.399,19395.01
1753791300,0.399,0.404,0.399,0.403,43624.9
1753792200,0.403,0.404,0.401,0.403,7309.779999999999
1753793100,0.403,0.403,0.401,0.402,7893.95
1753794000,0.402,0.402,0.4,0.401,7819.75
1753794900,0.401,0.403,0.401,0.403,2550.8399999999997
1753795800,0.403,0.403,0.401,0.401,18175.46
1753796700,0.401,0.402,0.398,0.398,20878.48
1753797600,0.398,0.398,0.394,0.395,88294.72
1753798500,0.395,0.398,0.395,0.397,29003.670000000002
1753799400,0.398,0.398,0.395,0.396,23038.75
1753800300,0.396,0.397,0.391,0.393,109598.42
1753801200,0.392,0.394,0.391,0.393,35977.19
1753802100,0.393,0.394,0.392,0.393,22472.35
1753803000,0.393,0.393,0.391,0.393,57955.630000000005
1753803900,0.393,0.394,0.393,0.393,15361.55
1753804800,0.393,0.393,0.391,0.391,12972.82
1753805700,0.391,0.391,0.39,0.39,37144.4
1753806600,0.39,0.39,0.386,0.39,123967.70999999999
1753807500,0.39,0.393,0.39,0.391,52323.770000000004
1753808400,0.391,0.394,0.39,0.392,26213.050000000003
1753809300,0.393,0.394,0.392,0.393,20403.82
1753810200,0.393,0.394,0.391,0.391,27630.83
1753811100,0.391,0.393,0.391,0.392,19528.88
1753812000,0.392,0.392,0.39,0.391,7988.34
1753812900,0.391,0.392,0.391,0.391,9971.16
1753813800,0.391,0.392,0.391,0.391,8134.17
1753814700,0.391,0.391,0.39,0.39,13918.490000000002
1753815600,0.39,0.391,0.39,0.39,16606.91
1753816500,0.391,0.392,0.386,0.387,269497.27999999997
1753817400,0.388,0.39,0.388,0.39,32181.24
1753818300,0.389,0.39,0.388,0.388,2590.33
1753819200,0.388,0.388,0.385,0.386,83669.95
1753820100,0.386,0.391,0.384,0.389,163859.87
1753821000,0.388,0.389,0.385,0.387,27014.05
1753821900,0.387,0.388,0.386,0.387,13648.81
1753822800,0.387,0.389,0.386,0.388,19072.0
1753823700,0.389,0.389,0.387,0.388,15607.42
1753824600,0.388,0.39,0.388,0.389,8738.49
1753825500,0.389,0.394,0.389,0.393,148372.30999999997
1753826400,0.393,0.393,0.39,0.391,31797.12
1753827300,0.391,0.392,0.391,0.391,30466.93
1753828200,0.391,0.392,0.39,0.391,21454.8
1753829100,0.392,0.393,0.391,0.392,5876.349999999999
1753830000,0.393,0.393,0.392,0.393,6289.4800000000005
1753830900,0.392,0.394,0.392,0.394,19746.14
1753831800,0.394,0.395,0.393,0.393,38143.060000000005
1753832700,0.393,0.394,0.393,0.394,12466.880000000001
1753833600,0.394,0.395,0.393,0.394,28052.510000000002
1753834500,0.394,0.394,0.391,0.392,45216.27
1753835400,0.391,0.392,0.39,0.39,33461.9
1753836300,0.39,0.391,0.389,0.391,17970.7
1753837200,0.391,0.393,0.391,0.392,37235.44
1753838100,0.392,0.392,0.388,0.39,47461.840000000004
1753839000,0.39,0.394,0.389,0.394,25273.239999999998
1753839900,0.394,0.396,0.394,0.395,13901.77
1753840800,0.395,0.395,0.392,0.395,4757.79
1753841700,0.396,0.396,0.394,0.394,29484.719999999998
1753842600,0.394,0.396,0.394,0.396,11900.99
1753843500,0.395,0.396,0.394,0.395,24524.08
1753844400,0.395,0.395,0.394,0.395,17117.06
1753845300,0.395,0.395,0.394,0.395,2962.17
1753846200,0.395,0.395,0.395,0.395,15683.2
1753847100,0.395,0.395,0.393,0.393,46511.04
1753848000,0.393,0.395,0.393,0.395,5064.84
1753848900,0.395,0.395,0.394,0.394,12956.16
1753849800,0.393,0.393,0.39,0.391,73464.24
1753850700,0.391,0.392,0.391,0.391,25306.050000000003
1753851600,0.391,0.392,0.39,0.39,28645.81
1753852500,0.39,0.394,0.39,0.394,37896.229999999996
1753853400,0.393,0.394,0.392,0.393,25494.570000000003
1753854300,0.394,0.395,0.392,0.393,21808.23
1753855200,0.394,0.394,0.393,0.394,21196.260000000002
1753856100,0.394,0.394,0.392,0.393,22182.08
1753857000,0.394,0.394,0.393,0.394,24321.4
1753857900,0.394,0.395,0.394,0.395,51474.340000000004
1753858800,0.395,0.396,0.393,0.393,69603.89
1753859700,0.393,0.394,0.392,0.393,6718.360000000001
1753860600,0.394,0.394,0.391,0.392,71120.93000000001
1753861500,0.392,0.393,0.391,0.392,28543.7
1753862400,0.392,0.393,0.39,0.391,61460.729999999996
1753863300,0.39,0.392,0.39,0.391,9428.07
1753864200,0.392,0.394,0.39,0.393,23549.03
1753865100,0.394,0.394,0.393,0.393,31265.85
1753866000,0.393,0.393,0.392,0.392,11225.24
1753866900,0.392,0.392,0.39,0.391,55083.7
1753867800,0.391,0.392,0.386,0.387,641519.52
1753868700,0.387,0.389,0.386,0.388,135841.82
1753869600,0.388,0.39,0.387,0.388,29965.38
1753870500,0.388,0.389,0.387,0.388,12183.9
1753871400,0.388,0.39,0.387,0.387,23593.71
1753872300,0.388,0.389,0.384,0.385,77288.97
1753873200,0.385,0.386,0.384,0.386,20112.14
1753874100,0.386,0.386,0.381,0.381,97346.84
1753875000,0.382,0.383,0.38,0.381,77615.09
1753875900,0.38,0.382,0.379,0.382,90802.91
1753876800,0.381,0.382,0.379,0.38,36670.35
1753877700,0.38,0.384,0.379,0.384,113079.65000000001
1753878600,0.383,0.384,0.381,0.382,55164.54
1753879500,0.381,0.384,0.381,0.383,13157.429999999998
1753880400,0.383,0.384,0.381,0.382,44426.11
1753881300,0.382,0.383,0.38,0.381,21011.899999999998
1753882200,0.381,0.384,0.381,0.382,27372.23
1753883100,0.382,0.384,0.381,0.384,61951.689999999995
1753884000,0.382,0.383,0.381,0.383,15042.86
1753884900,0.383,0.386,0.382,0.383,31422.82
1753885800,0.383,0.386,0.383,0.386,5701.14
1753886700,0.385,0.39,0.385,0.39,112441.65
1753887600,0.389,0.389,0.386,0.388,26795.4
1753888500,0.387,0.389,0.386,0.386,8130.930000000001
1753889400,0.386,0.388,0.385,0.387,13398.74
1753890300,0.387,0.388,0.386,0.387,7029.09
1753891200,0.387,0.388,0.386,0.387,8207.41
1753892100,0.388,0.39,0.387,0.388,17232.72
1753893000,0.388,0.389,0.387,0.388,8843.33
1753893900,0.388,0.389,0.387,0.388,14778.72
1753894800,0.388,0.389,0.387,0.388,5051.43
1753895700,0.388,0.389,0.387,0.389,15000.85
1753896600,0.388,0.389,0.387,0.388,3010.24
1753897500,0.388,0.389,0.387,0.389,1907.31
1753898400,0.389,0.391,0.386,0.389,88620.02
1753899300,0.389,0.39,0.387,0.389,8643.210000000001
1753900200,0.389,0.39,0.386,0.387,22184.73
1753901100,0.387,0.387,0.38,0.382,157104.88
1753902000,0.381,0.381,0.371,0.377,432384.86
1753902900,0.377,0.381,0.377,0.381,81186.17
1753903800,0.381,0.384,0.381,0.384,94959.62
1753904700,0.384,0.387,0.384,0.387,76579.98999999999
1753905600,0.387,0.39,0.386,0.39,69212.59000000001
1753906500,0.39,0.39,0.387,0.388,47695.6
1753907400,0.388,0.389,0.387,0.387,7148.62
1753908300,0.389,0.389,0.386,0.387,8495.08
1753909200,0.387,0.389,0.386,0.387,59455.689999999995
1753910100,0.387,0.387,0.384,0.385,20531.12
1753911000,0.384,0.386,0.382,0.383,25059.309999999998
1753911900,0.382,0.387,0.382,0.385,28266.04
1753912800,0.385,0.387,0.384,0.385,11763.52
1753913700,0.386,0.387,0.383,0.384,113258.48
1753914600,0.384,0.385,0.383,0.384,70104.81
1753915500,0.384,0.386,0.384,0.386,30976.440000000002
1753916400,0.385,0.387,0.385,0.387,14405.08
1753917300,0.386,0.389,0.386,0.389,41832.22
1753918200,0.388,0.39,0.388,0.388,43706.86
1753919100,0.389,0.39,0.388,0.388,20409.649999999998
1753920000,0.389,0.389,0.388,0.389,100442.15000000001
1753920900,0.389,0.391,0.389,0.391,151119.80000000002
1753921800,0.39,0.392,0.389,0.392,131303.7
1753922700,0.391,0.393,0.391,0.392,13186.76
1753923600,0.392,0.392,0.391,0.391,22834.510000000002
1753924500,0.391,0.392,0.39,0.392,53602.15
1753925400,0.392,0.393,0.391,0.392,4269.55
1753926300,0.392,0.392,0.391,0.391,27830.3
1753927200,0.391,0.392,0.39,0.392,11341.25
1753928100,0.391,0.392,0.39,0.392,13026.21
1753929000,0.392,0.393,0.391,0.392,2086.5
1753929900,0.392,0.393,0.391,0.392,28581.45
1753930800,0.392,0.393,0.391,0.393,23180.45
1753931700,0.393,0.393,0.392,0.393,15499.94
1753932600,0.393,0.394,0.392,0.393,41168.98
1753933500,0.394,0.394,0.392,0.392,16866.72
1753934400,0.393,0.393,0.392,0.393,15437.61
1753935300,0.392,0.393,0.392,0.392,1092.77
1753936200,0.392,0.394,0.392,0.393,22990.94
1753937100,0.393,0.394,0.393,0.394,709.34
1753938000,0.393,0.394,0.392,0.392,47613.64
1753938900,0.393,0.394,0.393,0.393,19145.26
1753939800,0.393,0.394,0.393,0.393,17511.47
1753940700,0.393,0.393,0.392,0.392,5495.63
1753941600,0.393,0.393,0.392,0.392,25134.31
1753942500,0.392,0.393,0.392,0.393,41825.89
1753943400,0.393,0.393,0.392,0.393,7303.87
1753944300,0.393,0.395,0.393,0.395,35178.119999999995
1753945200,0.394,0.395,0.393,0.394,32043.92
1753946100,0.394,0.395,0.393,0.394,34594.31
1753947000,0.394,0.394,0.393,0.393,14393.380000000001
1753947900,0.393,0.394,0.393,0.393,647.2
1753948800,0.393,0.394,0.393,0.393,1785.69
1753949700,0.394,0.395,0.393,0.394,32779.509999999995
1753950600,0.393,0.395,0.393,0.394,9254.800000000001
1753951500,0.394,0.395,0.393,0.393,18330.08
1753952400,0.394,0.394,0.393,0.393,288.76
1753953300,0.394,0.394,0.393,0.394,1172.51
1753954200,0.393,0.395,0.393,0.395,43259.23
1753955100,0.395,0.395,0.394,0.394,27475.14
1753956000,0.395,0.395,0.392,0.393,33056.93
1753956900,0.393,0.394,0.392,0.392,26992.73
1753957800,0.392,0.394,0.392,0.393,40565.96
1753958700,0.393,0.394,0.392,0.393,21495.61
1753959600,0.393,0.393,0.391,0.392,19515.45
1753960500,0.393,0.393,0.391,0.391,6854.16
1753961400,0.392,0.392,0.39,0.39,10400.04
1753962300,0.39,0.391,0.389,0.39,18871.510000000002
1753963200,0.39,0.39,0.389,0.39,11014.22
1753964100,0.39,0.39,0.387,0.389,64491.22
1753965000,0.389,0.39,0.386,0.387,65662.92
1753965900,0.386,0.388,0.386,0.386,28869.88
1753966800,0.386,0.387,0.383,0.384,85570.8
1753967700,0.382,0.384,0.381,0.382,84883.76
1753968600,0.382,0.383,0.38,0.381,98218.36
1753969500,0.381,0.383,0.38,0.382,96595.23999999999
1753970400,0.381,0.383,0.379,0.381,40518.54
1753971300,0.38,0.38,0.377,0.378,117803.84
1753972200,0.377,0.38,0.377,0.378,137040.28
1753973100,0.378,0.379,0.377,0.378,38979.98
1753974000,0.378,0.379,0.377,0.379,25710.36
1753974900,0.379,0.381,0.379,0.381,60154.920000000006
1753975800,0.381,0.383,0.381,0.381,45019.64
1753976700,0.382,0.383,0.38,0.382,34427.54
1753977600,0.381,0.383,0.38,0.381,38031.88
1753978500,0.383,0.385,0.382,0.384,50887.700000000004
1753979400,0.384,0.389,0.384,0.387,113014.91
1753980300,0.388,0.388,0.385,0.386,12966.86
1753981200,0.386,0.387,0.384,0.385,15777.710000000001
1753982100,0.384,0.386,0.382,0.382,32572.0
1753983000,0.383,0.385,0.382,0.382,7367.68
1753983900,0.382,0.383,0.38,0.38,18998.81
1753984800,0.381,0.381,0.376,0.378,75633.75
1753985700,0.377,0.38,0.376,0.38,23926.2
1753986600,0.38,0.382,0.38,0.38,6019.29
1753987500,0.38,0.381,0.379,0.379,16760.7
1753988400,0.379,0.38,0.377,0.378,17775.46
1753989300,0.378,0.378,0.377,0.378,14067.169999999998
1753990200,0.378,0.378,0.377,0.377,10728.74
1753991100,0.378,0.379,0.377,0.377,29167.96
1753992000,0.377,0.377,0.374,0.376,66010.42
1753992900,0.376,0.377,0.375,0.375,9294.099999999999
1753993800,0.376,0.376,0.375,0.375,12672.1
1753994700,0.375,0.376,0.374,0.375,29113.27
1753995600,0.374,0.376,0.373,0.374,101330.71
1753996500,0.374,0.375,0.373,0.374,30408.06
1753997400,0.374,0.377,0.374,0.374,20532.440000000002
1753998300,0.374,0.374,0.371,0.374,117384.28
1753999200,0.373,0.374,0.371,0.373,9804.6
1754000100,0.372,0.374,0.371,0.371,7557.789999999999
1754001000,0.371,0.372,0.37,0.371,73362.09
1754001900,0.371,0.372,0.37,0.371,8477.04
1754002800,0.371,0.374,0.371,0.373,11231.76
1754003700,0.373,0.373,0.371,0.372,20383.53
1754004600,0.372,0.372,0.367,0.369,130879.68
1754005500,0.369,0.371,0.368,0.369,17305.91
1754006400,0.369,0.37,0.364,0.366,114136.01
1754007300,0.365,0.369,0.365,0.366,52630.59
1754008200,0.367,0.367,0.364,0.365,48586.28
1754009100,0.364,0.369,0.36,0.368,213784.58
1754010000,0.367,0.369,0.364,0.364,105216.12999999999
1754010900,0.365,0.367,0.364,0.366,73206.71
1754011800,0.366,0.369,0.365,0.368,17069.91
1754012700,0.368,0.369,0.365,0.367,13729.31
1754013600,0.366,0.37,0.366,0.37,22248.96
1754014500,0.369,0.37,0.369,0.369,21148.81
1754015400,0.369,0.37,0.369,0.37,13347.27
1754016300,0.369,0.369,0.369,0.369,2957.74
1754017200,0.369,0.37,0.368,0.368,18321.59
1754018100,0.369,0.371,0.368,0.371,36645.83
1754019000,0.371,0.371,0.37,0.37,23391.129999999997
1754019900,0.37,0.37,0.368,0.369,16834.08
1754020800,0.369,0.369,0.368,0.368,18704.8
1754021700,0.368,0.368,0.367,0.368,11939.45
1754022600,0.368,0.369,0.367,0.368,10796.88
1754023500,0.368,0.368,0.367,0.368,17416.77
1754024400,0.367,0.369,0.367,0.368,15017.86
1754025300,0.368,0.368,0.366,0.367,12477.47
1754026200,0.366,0.368,0.365,0.366,13032.730000000001
1754027100,0.366,0.366,0.365,0.366,28480.93
1754028000,0.366,0.367,0.364,0.364,25347.72
1754028900,0.365,0.366,0.364,0.364,11907.470000000001
1754029800,0.364,0.365,0.364,0.364,28601.59
1754030700,0.364,0.366,0.364,0.366,25046.55
1754031600,0.366,0.368,0.365,0.365,19985.81
1754032500,0.366,0.367,0.365,0.365,29782.33
1754033400,0.365,0.366,0.364,0.365,10974.109999999999
1754034300,0.365,0.365,0.364,0.364,12918.3
1754035200,0.364,0.364,0.357,0.36,212949.59
1754036100,0.361,0.362,0.359,0.361,38301.1
1754037000,0.361,0.364,0.358,0.364,68596.58
1754037900,0.364,0.365,0.361,0.361,57625.729999999996
1754038800,0.361,0.365,0.361,0.362,115548.31
1754039700,0.362,0.363,0.361,0.361,8083.53
1754040600,0.362,0.363,0.361,0.362,2934.15
1754041500,0.362,0.362,0.36,0.361,17371.15
1754042400,0.361,0.362,0.36,0.362,35407.03
1754043300,0.362,0.363,0.361,0.361,8429.81
1754044200,0.361,0.363,0.361,0.363,31759.75
1754045100,0.362,0.364,0.361,0.362,63256.22
1754046000,0.362,0.363,0.361,0.363,25242.02
1754046900,0.363,0.363,0.362,0.363,53963.74
1754047800,0.362,0.364,0.362,0.364,2403.28
1754048700,0.364,0.365,0.364,0.365,20115.26
1754049600,0.365,0.367,0.364,0.366,100320.85
1754050500,0.366,0.366,0.363,0.364,24958.95
1754051400,0.364,0.368,0.364,0.367,91518.89
1754052300,0.367,0.367,0.365,0.367,24252.14
1754053200,0.367,0.368,0.366,0.367,165551.93
1754054100,0.367,0.368,0.365,0.366,115755.04
1754055000,0.365,0.367,0.363,0.363,116357.22
1754055900,0.362,0.362,0.358,0.359,160383.16
1754056800,0.36,0.365,0.357,0.365,128595.99
1754057700,0.365,0.369,0.364,0.368,111007.27
1754058600,0.368,0.37,0.367,0.368,52409.08
1754059500,0.368,0.369,0.367,0.367,18859.760000000002
1754060400,0.368,0.368,0.365,0.365,52733.65
1754061300,0.365,0.366,0.363,0.364,39400.54
1754062200,0.364,0.367,0.364,0.366,19348.57
1754063100,0.367,0.367,0.365,0.367,23226.0
1754064000,0.367,0.368,0.365,0.368,24427.510000000002
1754064900,0.368,0.369,0.367,0.368,31667.879999999997
1754065800,0.367,0.368,0.364,0.367,37027.619999999995
1754066700,0.366,0.366,0.362,0.362,42104.03
1754067600,0.363,0.363,0.359,0.361,39577.29
1754068500,0.361,0.363,0.361,0.362,19670.66
1754069400,0.363,0.365,0.36,0.361,78835.31999999999
1754070300,0.361,0.362,0.36,0.361,23179.36
1754071200,0.361,0.362,0.359,0.36,66094.05
1754072100,0.36,0.364,0.358,0.363,45298.87
1754073000,0.362,0.364,0.362,0.362,30096.23
1754073900,0.362,0.363,0.36,0.361,13994.02
1754074800,0.361,0.362,0.361,0.362,8986.36
1754075700,0.362,0.364,0.361,0.364,26839.16
1754076600,0.364,0.366,0.363,0.363,25294.010000000002
1754077500,0.364,0.366,0.364,0.364,34088.2
1754078400,0.365,0.365,0.36,0.36,49821.409999999996
1754079300,0.36,0.362,0.359,0.362,41439.09
1754080200,0.361,0.362,0.357,0.359,88044.45999999999
1754081100,0.36,0.364,0.359,0.363,46944.96
1754082000,0.364,0.365,0.362,0.364,67932.24
1754082900,0.364,0.365,0.362,0.363,29702.190000000002
1754083800,0.364,0.366,0.363,0.364,46343.65
1754084700,0.364,0.365,0.363,0.363,44396.72
1754085600,0.363,0.364,0.358,0.359,37371.909999999996
1754086500,0.359,0.36,0.35,0.354,486462.65
1754087400,0.354,0.354,0.349,0.354,284973.11
1754088300,0.354,0.355,0.353,0.355,98723.7
1754089200,0.354,0.358,0.354,0.357,101551.95
1754090100,0.357,0.359,0.357,0.358,50109.15
1754091000,0.358,0.359,0.357,0.359,42917.93
1754091900,0.359,0.36,0.358,0.359,24721.37
1754092800,0.358,0.359,0.357,0.358,49227.28999999999
1754093700,0.358,0.36,0.358,0.36,3979.97
1754094600,0.359,0.36,0.358,0.359,15403.869999999999
1754095500,0.36,0.361,0.359,0.361,48146.65
1754096400,0.361,0.362,0.36,0.362,37441.21
1754097300,0.361,0.362,0.359,0.36,34761.3
1754098200,0.361,0.362,0.359,0.361,49270.35
1754099100,0.362,0.362,0.361,0.361,1052.33
1754100000,0.362,0.362,0.361,0.362,4336.84
1754100900,0.362,0.362,0.361,0.362,5789.21
1754101800,0.362,0.363,0.361,0.363,68419.8
1754102700,0.363,0.363,0.361,0.363,43860.45
1754103600,0.363,0.363,0.362,0.363,2132.33
1754104500,0.363,0.363,0.361,0.363,38857.44
1754105400,0.363,0.363,0.362,0.362,4463.01
1754106300,0.362,0.363,0.362,0.362,19473.22
1754107200,0.363,0.363,0.362,0.362,24684.57
1754108100,0.362,0.364,0.362,0.363,32390.23
1754109000,0.363,0.365,0.363,0.364,43657.94
1754109900,0.365,0.365,0.363,0.364,35025.84
1754110800,0.364,0.364,0.364,0.364,176.4
1754111700,0.364,0.364,0.363,0.364,7674.79
1754112600,0.364,0.364,0.363,0.364,37445.04
1754113500,0.364,0.364,0.363,0.364,19978.920000000002
1754114400,0.363,0.364,0.362,0.363,41335.44
1754115300,0.363,0.363,0.359,0.36,60312.18
1754116200,0.359,0.359,0.355,0.356,102729.38
1754117100,0.356,0.359,0.356,0.357,57705.44
1754118000,0.358,0.359,0.356,0.357,41569.090000000004
1754118900,0.357,0.361,0.357,0.361,25176.41
1754119800,0.36,0.361,0.359,0.361,27648.670000000002
1754120700,0.361,0.364,0.361,0.364,63330.28
1754121600,0.364,0.364,0.362,0.363,49702.07
1754122500,0.363,0.363,0.361,0.361,75968.65
1754123400,0.361,0.361,0.359,0.359,42377.08
1754124300,0.359,0.359,0.357,0.358,23211.170000000002
1754125200,0.357,0.359,0.357,0.358,17936.47
1754126100,0.358,0.359,0.357,0.357,26603.93
1754127000,0.357,0.358,0.356,0.357,52118.369999999995
1754127900,0.357,0.358,0.356,0.358,17254.4
1754128800,0.358,0.358,0.356,0.356,23194.420000000002
1754129700,0.356,0.357,0.355,0.356,50376.65
1754130600,0.356,0.357,0.354,0.354,48945.79
1754131500,0.354,0.357,0.354,0.356,6324.97
1754132400,0.357,0.357,0.354,0.354,51998.91
1754133300,0.355,0.359,0.355,0.359,28596.280000000002
1754134200,0.36,0.36,0.359,0.359,55809.8
1754135100,0.359,0.36,0.357,0.358,11876.64
1754136000,0.359,0.359,0.356,0.358,23067.55
1754136900,0.358,0.358,0.356,0.357,31723.55
1754137800,0.357,0.358,0.357,0.357,11672.11
1754138700,0.356,0.359,0.356,0.358,32081.87
1754139600,0.357,0.358,0.355,0.356,24596.66
1754140500,0.356,0.358,0.356,0.357,17151.91
1754141400,0.356,0.359,0.356,0.358,30837.26
1754142300,0.358,0.36,0.358,0.359,14182.93
1754143200,0.359,0.36,0.357,0.358,26958.19
1754144100,0.357,0.358,0.355,0.357,41414.96
1754145000,0.357,0.357,0.353,0.355,55344.18
1754145900,0.354,0.356,0.353,0.356,48504.939999999995
1754146800,0.355,0.357,0.355,0.357,39175.32
1754147700,0.356,0.358,0.356,0.356,23048.48
1754148600,0.356,0.356,0.354,0.354,40523.77
1754149500,0.354,0.355,0.352,0.354,74873.44
1754150400,0.353,0.355,0.352,0.354,58128.009999999995
1754151300,0.354,0.354,0.352,0.352,68433.66
1754152200,0.352,0.354,0.349,0.354,170353.55
1754153100,0.354,0.355,0.352,0.353,45178.42
1754154000,0.353,0.355,0.352,0.354,9921.59
1754154900,0.355,0.356,0.353,0.355,13265.91
1754155800,0.355,0.355,0.351,0.351,21645.3
1754156700,0.351,0.351,0.346,0.347,184080.43
1754157600,0.347,0.349,0.346,0.347,62862.83
1754158500,0.347,0.349,0.345,0.346,53175.49999999999
1754159400,0.346,0.349,0.345,0.348,29747.44
1754160300,0.347,0.348,0.345,0.347,36462.8
1754161200,0.347,0.349,0.346,0.348,29402.590000000004
1754162100,0.348,0.352,0.348,0.352,33730.51
1754163000,0.353,0.353,0.35,0.351,5160.05
1754163900,0.351,0.352,0.348,0.349,9933.960000000001
1754164800,0.349,0.351,0.348,0.351,11462.79
1754165700,0.351,0.352,0.349,0.351,8158.83
1754166600,0.351,0.352,0.349,0.349,15843.21
1754167500,0.35,0.352,0.349,0.352,18004.350000000002
1754168400,0.352,0.353,0.35,0.351,49092.05
1754169300,0.35,0.352,0.35,0.352,5935.0
1754170200,0.35,0.353,0.35,0.35,11154.09
1754171100,0.35,0.353,0.35,0.353,1330.8400000000001
1754172000,0.351,0.353,0.351,0.352,867.76
1754172900,0.352,0.353,0.349,0.351,12591.28
1754173800,0.349,0.354,0.349,0.353,18448.620000000003
1754174700,0.352,0.354,0.352,0.353,3466.94
1754175600,0.352,0.354,0.35,0.35,8570.46
1754176500,0.352,0.352,0.349,0.35,12538.64
1754177400,0.349,0.354,0.349,0.354,16340.14
1754178300,0.353,0.354,0.352,0.353,19177.78
1754179200,0.352,0.354,0.351,0.353,6551.17
1754180100,0.353,0.354,0.349,0.351,9587.51
1754181000,0.35,0.353,0.348,0.353,39309.14
1754181900,0.352,0.355,0.352,0.354,17821.12
1754182800,0.354,0.355,0.353,0.355,30802.3
1754183700,0.355,0.356,0.354,0.355,59150.21
1754184600,0.355,0.356,0.355,0.355,10746.83
1754185500,0.355,0.356,0.354,0.356,11824.810000000001
1754186400,0.355,0.357,0.355,0.356,42208.69
1754187300,0.357,0.357,0.355,0.355,4728.74
1754188200,0.356,0.357,0.355,0.357,37332.6
1754189100,0.357,0.357,0.356,0.357,35556.1
1754190000,0.357,0.358,0.356,0.356,89294.12999999999
1754190900,0.357,0.357,0.357,0.357,19683.45
1754191800,0.357,0.358,0.356,0.358,28196.53
1754192700,0.358,0.358,0.357,0.358,1227.69
1754193600,0.358,0.358,0.356,0.356,15390.710000000001
1754194500,0.356,0.359,0.356,0.358,15325.79
1754195400,0.357,0.358,0.356,0.356,1507.4
1754196300,0.357,0.358,0.356,0.358,1710.23
1754197200,0.357,0.359,0.357,0.358,22924.92
1754198100,0.358,0.359,0.357,0.358,12168.72
1754199000,0.358,0.359,0.357,0.357,19209.18
1754199900,0.357,0.359,0.357,0.359,8208.949999999999
1754200800,0.359,0.359,0.357,0.358,15677.91
1754201700,0.358,0.359,0.357,0.357,4518.13
1754202600,0.358,0.359,0.357,0.358,2409.24
1754203500,0.358,0.358,0.357,0.358,2926.27
1754204400,0.358,0.359,0.358,0.358,4966.52
1754205300,0.359,0.359,0.358,0.358,2363.47
1754206200,0.358,0.359,0.358,0.359,40732.909999999996
1754207100,0.359,0.359,0.358,0.359,6181.76
1754208000,0.359,0.359,0.358,0.359,7061.8
1754208900,0.359,0.36,0.358,0.358,4156.92
1754209800,0.358,0.359,0.358,0.359,10383.07
1754210700,0.359,0.36,0.358,0.359,2742.87
1754211600,0.359,0.36,0.358,0.358,14847.19
1754212500,0.358,0.358,0.358,0.358,0.0
1754213400,0.358,0.36,0.358,0.36,3492.59
1754214300,0.36,0.36,0.359,0.36,20390.86
1754215200,0.36,0.361,0.36,0.361,26227.350000000002
1754216100,0.361,0.361,0.36,0.36,25563.78
1754217000,0.361,0.362,0.36,0.362,43103.07
1754217900,0.362,0.362,0.361,0.361,310.26
1754218800,0.361,0.364,0.361,0.364,78231.83
1754219700,0.364,0.364,0.363,0.363,46884.5
1754220600,0.362,0.363,0.361,0.363,10212.1
1754221500,0.363,0.364,0.362,0.363,16384.45
1754222400,0.363,0.363,0.361,0.362,21073.920000000002
1754223300,0.362,0.363,0.362,0.363,15553.75
1754224200,0.363,0.364,0.362,0.363,14620.02
1754225100,0.363,0.364,0.362,0.363,8080.76
1754226000,0.363,0.363,0.362,0.362,4134.32
1754226900,0.362,0.362,0.361,0.361,14090.86
1754227800,0.361,0.362,0.361,0.361,16817.89
1754228700,0.361,0.361,0.36,0.36,461.67
1754229600,0.361,0.361,0.36,0.36,14601.69
1754230500,0.36,0.36,0.358,0.358,34198.8
1754231400,0.359,0.359,0.358,0.359,22651.22
1754232300,0.358,0.359,0.357,0.359,48461.89
1754233200,0.358,0.359,0.357,0.358,29064.29
1754234100,0.358,0.359,0.358,0.358,41073.810000000005
1754235000,0.358,0.359,0.357,0.359,14671.740000000002
1754235900,0.359,0.359,0.358,0.359,8024.170000000001
1754236800,0.358,0.359,0.358,0.358,11750.48
1754237700,0.358,0.359,0.357,0.358,21746.06
1754238600,0.359,0.359,0.358,0.358,20450.05
1754239500,0.358,0.359,0.358,0.358,32924.67
1754240400,0.358,0.358,0.358,0.358,21193.43
1754241300,0.358,0.358,0.357,0.357,14892.89
1754242200,0.357,0.357,0.356,0.356,16798.239999999998
1754243100,0.356,0.357,0.356,0.357,13592.83
1754244000,0.357,0.357,0.356,0.357,16260.66
1754244900,0.356,0.357,0.356,0.357,30638.010000000002
1754245800,0.357,0.358,0.357,0.357,26055.47
1754246700,0.357,0.358,0.357,0.358,51671.9
1754247600,0.358,0.359,0.357,0.357,16415.85
1754248500,0.358,0.359,0.357,0.359,54723.19
1754249400,0.359,0.36,0.358,0.358,29675.96
1754250300,0.358,0.359,0.358,0.359,9158.34
1754251200,0.359,0.359,0.356,0.358,25082.870000000003
1754252100,0.357,0.358,0.357,0.358,7862.75
1754253000,0.358,0.359,0.358,0.359,12077.12
1754253900,0.359,0.359,0.358,0.359,2242.2000000000003
1754254800,0.359,0.359,0.358,0.358,29256.94
1754255700,0.358,0.36,0.358,0.359,3427.75
1754256600,0.359,0.36,0.358,0.36,9991.05
1754257500,0.36,0.36,0.359,0.359,9257.82
1754258400,0.359,0.36,0.358,0.358,22376.75
1754259300,0.358,0.358,0.357,0.357,5384.3
1754260200,0.357,0.358,0.357,0.358,3948.66
1754261100,0.359,0.359,0.358,0.359,6358.59
1754262000,0.359,0.361,0.358,0.359,29322.88
1754262900,0.359,0.36,0.359,0.36,3680.36
1754263800,0.36,0.36,0.359,0.359,5281.86
1754264700,0.358,0.358,0.357,0.357,20015.25
1754265600,0.358,0.359,0.358,0.359,16229.61
1754266500,0.358,0.36,0.358,0.36,16006.289999999999
1754267400,0.36,0.362,0.359,0.362,26852.73
1754268300,0.362,0.364,0.362,0.363,30650.38
1754269200,0.363,0.364,0.362,0.362,41176.36
1754270100,0.362,0.362,0.361,0.362,17399.5
1754271000,0.362,0.362,0.361,0.361,57499.38
1754271900,0.361,0.361,0.36,0.36,12595.02
1754272800,0.361,0.361,0.36,0.36,23392.350000000002
1754273700,0.36,0.361,0.359,0.361,54023.520000000004
1754274600,0.361,0.361,0.36,0.36,3271.6400000000003
1754275500,0.36,0.361,0.36,0.361,31006.92
1754276400,0.361,0.362,0.361,0.361,11968.85
1754277300,0.361,0.361,0.36,0.36,12035.550000000001
1754278200,0.36,0.36,0.358,0.359,7599.14
1754279100,0.359,0.36,0.359,0.359,4506.79
1754280000,0.359,0.361,0.359,0.36,49291.149999999994
1754280900,0.36,0.36,0.359,0.359,18897.23
1754281800,0.359,0.36,0.357,0.357,19788.7
1754282700,0.357,0.359,0.357,0.358,36825.49
1754283600,0.358,0.358,0.357,0.358,17653.21
1754284500,0.357,0.358,0.357,0.358,21262.98
1754285400,0.358,0.358,0.357,0.357,44315.08
1754286300,0.357,0.359,0.356,0.358,34825.03
1754287200,0.358,0.358,0.356,0.356,22525.02
1754288100,0.356,0.358,0.356,0.357,21963.91
1754289000,0.357,0.357,0.356,0.357,16509.89
1754289900,0.357,0.358,0.356,0.358,25447.81
1754290800,0.357,0.358,0.357,0.358,18824.02
1754291700,0.359,0.359,0.358,0.358,12861.41
1754292600,0.358,0.36,0.358,0.36,6427.14
1754293500,0.36,0.36,0.359,0.36,4455.4400000000005
1754294400,0.36,0.36,0.359,0.36,14727.060000000001
1754295300,0.36,0.361,0.359,0.359,20493.5
1754296200,0.359,0.36,0.358,0.359,29253.809999999998
1754297100,0.359,0.36,0.358,0.359,43289.93
1754298000,0.359,0.36,0.358,0.358,22970.45
1754298900,0.358,0.36,0.358,0.359,6999.92
1754299800,0.359,0.36,0.359,0.359,2060.34
1754300700,0.359,0.359,0.357,0.357,4980.62
1754301600,0.358,0.359,0.357,0.358,19363.42
1754302500,0.358,0.36,0.358,0.359,10795.84
1754303400,0.359,0.359,0.358,0.358,6337.87
1754304300,0.359,0.36,0.358,0.358,9286.59
1754305200,0.358,0.359,0.357,0.359,16700.56
1754306100,0.358,0.358,0.357,0.358,18781.82
1754307000,0.358,0.359,0.357,0.358,17408.48
1754307900,0.358,0.359,0.357,0.357,17263.32
1754308800,0.357,0.359,0.357,0.359,3925.16
1754309700,0.359,0.359,0.358,0.358,20895.359999999997
1754310600,0.358,0.36,0.358,0.358,12608.77
1754311500,0.358,0.359,0.358,0.358,3998.29
1754312400,0.359,0.359,0.358,0.358,5894.33
1754313300,0.358,0.359,0.357,0.358,11283.33
1754314200,0.358,0.361,0.358,0.361,64849.11
1754315100,0.362,0.364,0.361,0.364,104324.93
1754316000,0.364,0.366,0.363,0.365,69762.04
1754316900,0.367,0.367,0.365,0.367,31366.14
1754317800,0.367,0.367,0.365,0.365,24437.27
1754318700,0.365,0.366,0.363,0.365,31410.67
1754319600,0.365,0.365,0.364,0.365,24767.71
1754320500,0.365,0.366,0.365,0.366,2968.37
1754321400,0.366,0.366,0.364,0.364,16641.07
1754322300,0.364,0.364,0.363,0.364,16229.919999999998
1754323200,0.365,0.366,0.365,0.366,14663.67
1754324100,0.366,0.366,0.365,0.366,15983.04
1754325000,0.366,0.368,0.366,0.367,40786.47
1754325900,0.368,0.368,0.366,0.368,3263.6000000000004
1754326800,0.368,0.37,0.367,0.37,128494.75000000001
1754327700,0.37,0.37,0.368,0.369,21871.660000000003
1754328600,0.368,0.368,0.367,0.367,13230.619999999999
1754329500,0.368,0.368,0.367,0.367,21006.379999999997
1754330400,0.368,0.368,0.367,0.367,16186.18
1754331300,0.367,0.368,0.366,0.366,24664.97
1754332200,0.366,0.367,0.365,0.366,11899.92
1754333100,0.366,0.366,0.365,0.365,341.62
1754334000,0.365,0.366,0.365,0.365,21028.1
1754334900,0.365,0.365,0.363,0.363,13925.39
1754335800,0.363,0.364,0.362,0.362,28425.5
1754336700,0.362,0.363,0.362,0.362,16759.3
1754337600,0.362,0.364,0.362,0.363,17149.71
1754338500,0.362,0.363,0.362,0.362,1239.67
1754339400,0.363,0.365,0.363,0.365,22924.21
1754340300,0.365,0.365,0.364,0.365,10531.26
1754341200,0.365,0.366,0.364,0.366,13229.11
1754342100,0.365,0.367,0.365,0.366,52372.740000000005
1754343000,0.366,0.368,0.366,0.366,10988.25
1754343900,0.366,0.368,0.366,0.367,37285.91
1754344800,0.368,0.368,0.367,0.368,6742.719999999999
1754345700,0.368,0.37,0.368,0.369,49776.51
1754346600,0.369,0.369,0.368,0.368,9967.17
1754347500,0.368,0.369,0.368,0.369,15131.13
1754348400,0.369,0.369,0.368,0.369,7824.58
1754349300,0.369,0.369,0.368,0.368,3079.29
1754350200,0.368,0.368,0.367,0.368,30786.21
1754351100,0.368,0.368,0.367,0.367,1251.5
1754352000,0.367,0.367,0.366,0.367,29935.97
1754352900,0.367,0.368,0.367,0.367,30301.81
1754353800,0.366,0.369,0.366,0.368,32132.579999999998
1754354700,0.368,0.368,0.366,0.367,32112.96
1754355600,0.367,0.369,0.367,0.368,14354.34
1754356500,0.367,0.368,0.366,0.368,19331.98
1754357400,0.368,0.368,0.366,0.366,3401.67
1754358300,0.366,0.367,0.365,0.366,5780.58
1754359200,0.365,0.366,0.365,0.366,20059.289999999997
1754360100,0.366,0.366,0.365,0.365,1255.76
1754361000,0.366,0.366,0.365,0.366,1414.1100000000001
1754361900,0.366,0.366,0.365,0.365,9249.32
1754362800,0.365,0.365,0.363,0.364,17363.22
1754363700,0.363,0.364,0.362,0.363,30748.12
1754364600,0.363,0.363,0.362,0.362,19794.850000000002
1754365500,0.362,0.362,0.361,0.362,379.41999999999996
1754366400,0.362,0.363,0.361,0.363,30481.61
1754367300,0.363,0.363,0.361,0.363,55241.39
1754368200,0.362,0.362,0.361,0.362,9031.8
1754369100,0.362,0.362,0.361,0.361,638.92
1754370000,0.361,0.364,0.361,0.362,65947.98
1754370900,0.362,0.363,0.362,0.362,42458.95
1754371800,0.362,0.363,0.361,0.361,55854.34
1754372700,0.362,0.363,0.361,0.362,54254.68
1754373600,0.362,0.363,0.362,0.362,114625.12000000001
1754374500,0.362,0.364,0.362,0.362,50387.78
1754375400,0.362,0.363,0.362,0.362,63033.420000000006
1754376300,0.362,0.362,0.36,0.36,60837.770000000004
1754377200,0.36,0.361,0.359,0.361,38788.91
1754378100,0.36,0.361,0.359,0.359,72529.31
1754379000,0.359,0.359,0.355,0.356,163985.09
1754379900,0.356,0.357,0.356,0.357,25051.39
1754380800,0.356,0.356,0.356,0.356,85180.26000000001
1754381700,0.356,0.358,0.356,0.357,38654.92
1754382600,0.357,0.358,0.357,0.358,27594.219999999998
1754383500,0.358,0.359,0.357,0.358,20974.57
1754384400,0.358,0.359,0.358,0.359,1800.76
1754385300,0.359,0.36,0.358,0.359,11179.78
1754386200,0.359,0.361,0.359,0.361,40569.3
1754387100,0.361,0.363,0.361,0.362,23678.579999999998
1754388000,0.362,0.362,0.361,0.361,30448.749999999996
1754388900,0.361,0.364,0.36,0.363,88937.93000000001
1754389800,0.363,0.365,0.363,0.364,74951.81
1754390700,0.364,0.365,0.364,0.364,13674.61
1754391600,0.364,0.366,0.364,0.365,81555.03
1754392500,0.365,0.366,0.364,0.366,46282.51
1754393400,0.366,0.366,0.365,0.366,20797.85
1754394300,0.366,0.366,0.365,0.366,16577.72
1754395200,0.365,0.366,0.365,0.366,92409.02
1754396100,0.366,0.366,0.362,0.363,91265.12
1754397000,0.363,0.363,0.36,0.362,115816.59
1754397900,0.362,0.362,0.361,0.362,7728.37
1754398800,0.362,0.362,0.361,0.361,36895.84
1754399700,0.361,0.363,0.361,0.362,11043.6
1754400600,0.362,0.363,0.361,0.362,32274.75
1754401500,0.362,0.363,0.362,0.362,12803.48
1754402400,0.362,0.362,0.358,0.358,56528.31
1754403300,0.358,0.358,0.355,0.356,141086.24
1754404200,0.355,0.356,0.354,0.354,21651.88
1754405100,0.355,0.357,0.355,0.356,17723.56
1754406000,0.355,0.357,0.355,0.356,18469.25
1754406900,0.357,0.358,0.354,0.354,15634.48
1754407800,0.355,0.355,0.352,0.352,133393.32
1754408700,0.353,0.353,0.352,0.353,39887.48
1754409600,0.353,0.354,0.353,0.354,24293.98
1754410500,0.354,0.356,0.354,0.354,9689.12
1754411400,0.354,0.354,0.351,0.352,38448.88
1754412300,0.352,0.352,0.352,0.352,9517.66
1754413200,0.352,0.353,0.351,0.352,27573.010000000002
1754414100,0.352,0.354,0.352,0.354,14391.46
1754415000,0.354,0.354,0.352,0.352,18977.38
1754415900,0.352,0.354,0.351,0.354,23240.34
1754416800,0.354,0.354,0.353,0.353,6206.06
1754417700,0.352,0.354,0.351,0.351,15503.189999999999
1754418600,0.352,0.352,0.351,0.351,35492.24
1754419500,0.351,0.351,0.35,0.351,42581.99
1754420400,0.352,0.353,0.351,0.351,17129.690000000002
1754421300,0.351,0.352,0.351,0.351,7088.12
1754422200,0.351,0.352,0.351,0.351,6707.08
1754423100,0.351,0.351,0.35,0.351,8427.51
1754424000,0.351,0.351,0.351,0.351,2230.81
1754424900,0.351,0.354,0.351,0.354,19743.519999999997
1754425800,0.354,0.355,0.353,0.353,16781.809999999998
1754426700,0.353,0.353,0.352,0.352,14675.76
1754427600,0.352,0.354,0.352,0.353,30566.89
1754428500,0.353,0.353,0.352,0.353,6689.34
1754429400,0.352,0.354,0.352,0.352,9296.98
1754430300,0.352,0.352,0.351,0.352,38843.13
1754431200,0.35,0.352,0.348,0.352,58398.83
1754432100,0.352,0.352,0.352,0.352,14026.410000000002
1754433000,0.352,0.354,0.352,0.354,21793.66
1754433900,0.354,0.355,0.354,0.354,3246.16
1754434800,0.355,0.356,0.355,0.355,49313.100000000006
1754435700,0.355,0.357,0.355,0.356,73410.06
1754436600,0.356,0.357,0.356,0.356,32694.34
1754437500,0.357,0.357,0.356,0.357,13334.76
1754438400,0.357,0.357,0.355,0.355,22013.86
1754439300,0.355,0.356,0.355,0.355,12034.310000000001
1754440200,0.355,0.355,0.354,0.355,7361.29
1754441100,0.354,0.354,0.353,0.353,28610.58
1754442000,0.352,0.353,0.352,0.352,8663.119999999999
1754442900,0.352,0.352,0.351,0.351,33294.66
1754443800,0.351,0.353,0.35,0.353,46190.7
1754444700,0.353,0.354,0.352,0.353,28697.2
1754445600,0.354,0.354,0.351,0.351,16800.94
1754446500,0.352,0.353,0.352,0.353,22052.39
1754447400,0.353,0.353,0.352,0.353,29271.3
1754448300,0.353,0.354,0.353,0.353,38696.05
1754449200,0.353,0.353,0.351,0.352,21404.54
1754450100,0.351,0.352,0.349,0.351,32156.29
1754451000,0.35,0.352,0.349,0.351,75645.36
1754451900,0.352,0.352,0.35,0.35,22264.15
1754452800,0.35,0.35,0.349,0.349,5978.85
1754453700,0.349,0.351,0.348,0.349,57477.5
1754454600,0.349,0.35,0.349,0.35,14469.72
1754455500,0.35,0.351,0.35,0.351,14016.44
1754456400,0.351,0.355,0.35,0.355,48963.16
1754457300,0.355,0.358,0.355,0.357,100685.02
1754458200,0.356,0.36,0.356,0.359,83389.9
1754459100,0.359,0.36,0.357,0.357,60799.04
1754460000,0.357,0.357,0.355,0.355,131699.09
1754460900,0.355,0.355,0.355,0.355,35897.04
1754461800,0.355,0.357,0.355,0.357,26045.11
1754462700,0.357,0.358,0.357,0.357,40800.76
1754463600,0.357,0.359,0.357,0.359,44664.619999999995
1754464500,0.359,0.36,0.358,0.359,36240.92
1754465400,0.359,0.36,0.359,0.36,7134.2699999999995
1754466300,0.36,0.361,0.359,0.361,40852.44
1754467200,0.36,0.36,0.358,0.358,13168.07
1754468100,0.358,0.36,0.358,0.359,16626.06
1754469000,0.358,0.358,0.357,0.358,17842.36
1754469900,0.357,0.357,0.356,0.357,17122.09
1754470800,0.357,0.358,0.357,0.358,24352.75
1754471700,0.359,0.36,0.358,0.358,37639.54
1754472600,0.358,0.358,0.357,0.357,27019.170000000002
1754473500,0.357,0.358,0.357,0.357,26261.379999999997
1754474400,0.357,0.358,0.356,0.358,25999.77
1754475300,0.358,0.358,0.356,0.356,46659.2
1754476200,0.356,0.358,0.356,0.357,9096.03
1754477100,0.357,0.357,0.355,0.355,6101.3
1754478000,0.355,0.356,0.355,0.356,5060.99
1754478900,0.356,0.358,0.356,0.357,5483.07
1754479800,0.357,0.358,0.356,0.357,6448.57
1754480700,0.357,0.357,0.355,0.355,3160.96
1754481600,0.355,0.356,0.354,0.354,121405.47
1754482500,0.353,0.355,0.352,0.355,35067.75
1754483400,0.354,0.355,0.354,0.354,13246.369999999999
1754484300,0.354,0.354,0.352,0.352,14338.159999999998
1754485200,0.353,0.354,0.352,0.354,52487.350000000006
1754486100,0.354,0.354,0.353,0.354,37024.81
1754487000,0.354,0.355,0.351,0.354,47906.53
1754487900,0.354,0.355,0.354,0.354,20910.02
1754488800,0.355,0.357,0.355,0.356,42841.05
1754489700,0.356,0.356,0.353,0.354,37440.63
1754490600,0.355,0.358,0.355,0.357,39351.07
1754491500,0.358,0.361,0.357,0.36,77854.08
1754492400,0.36,0.36,0.359,0.359,6369.9800000000005
1754493300,0.36,0.361,0.36,0.36,13325.029999999999
1754494200,0.359,0.361,0.359,0.36,3492.1899999999996
1754495100,0.359,0.364,0.359,0.364,90568.21
1754496000,0.363,0.364,0.361,0.362,66621.15
1754496900,0.362,0.363,0.361,0.362,26751.2
1754497800,0.361,0.362,0.36,0.36,11229.21
1754498700,0.36,0.361,0.359,0.359,9299.99
1754499600,0.36,0.36,0.359,0.359,1348.72
1754500500,0.359,0.361,0.359,0.361,2352.4
1754501400,0.361,0.362,0.361,0.362,196.54
1754502300,0.362,0.363,0.362,0.363,13634.24
1754503200,0.363,0.364,0.363,0.363,16067.95
1754504100,0.363,0.363,0.361,0.361,131873.56
1754505000,0.361,0.362,0.36,0.36,1851.75
1754505900,0.36,0.361,0.36,0.36,34988.65
1754506800,0.36,0.361,0.36,0.361,5466.65
1754507700,0.361,0.361,0.36,0.361,5235.81
1754508600,0.36,0.36,0.359,0.36,41213.61
1754509500,0.36,0.361,0.359,0.36,15112.259999999998
1754510400,0.36,0.36,0.359,0.359,4031.3199999999997
1754511300,0.359,0.36,0.359,0.359,5991.04
1754512200,0.359,0.359,0.358,0.358,27459.8
1754513100,0.358,0.359,0.358,0.359,12405.2
1754514000,0.359,0.36,0.359,0.359,27430.440000000002
1754514900,0.359,0.36,0.358,0.358,10266.84
1754515800,0.359,0.36,0.357,0.358,37605.44
1754516700,0.358,0.359,0.357,0.358,13333.44
1754517600,0.359,0.36,0.359,0.359,22611.86
1754518500,0.359,0.359,0.359,0.359,13224.17
1754519400,0.359,0.36,0.359,0.359,3018.53
1754520300,0.359,0.359,0.358,0.359,18324.56
1754521200,0.359,0.359,0.358,0.359,9140.44
1754522100,0.359,0.359,0.358,0.358,3338.67
1754523000,0.358,0.359,0.358,0.359,67.32
1754523900,0.359,0.359,0.358,0.359,12562.38
1754524800,0.359,0.359,0.358,0.358,305.79
1754525700,0.358,0.359,0.358,0.358,23143.22
1754526600,0.358,0.36,0.358,0.36,3780.13
1754527500,0.359,0.359,0.359,0.359,10686.56
1754528400,0.359,0.36,0.359,0.359,28271.72
1754529300,0.359,0.361,0.359,0.361,25841.47
1754530200,0.361,0.361,0.361,0.361,18316.8
1754531100,0.361,0.361,0.359,0.359,89861.3
1754532000,0.358,0.36,0.358,0.359,18832.940000000002
1754532900,0.359,0.36,0.359,0.359,8899.47
1754533800,0.359,0.359,0.358,0.359,12400.58
1754534700,0.358,0.358,0.357,0.358,43906.86
1754535600,0.358,0.358,0.358,0.358,5332.52
1754536500,0.358,0.358,0.356,0.358,27125.879999999997
1754537400,0.358,0.359,0.357,0.359,2175.7400000000002
1754538300,0.359,0.359,0.358,0.358,3783.84
1754539200,0.358,0.358,0.358,0.358,47765.37
1754540100,0.358,0.359,0.358,0.359,34145.83
1754541000,0.359,0.359,0.359,0.359,19214.739999999998
1754541900,0.359,0.359,0.358,0.358,26112.05
1754542800,0.358,0.358,0.358,0.358,3102.6
1754543700,0.358,0.359,0.358,0.358,28861.36
1754544600,0.359,0.359,0.358,0.358,8696.52
1754545500,0.358,0.36,0.358,0.36,18226.739999999998
1754546400,0.36,0.361,0.36,0.361,64397.810000000005
1754547300,0.361,0.362,0.361,0.361,32554.96
1754548200,0.361,0.361,0.36,0.36,5943.139999999999
1754549100,0.36,0.362,0.36,0.36,139010.32
1754550000,0.36,0.361,0.36,0.361,35965.12
1754550900,0.361,0.362,0.36,0.362,3118.91
1754551800,0.361,0.362,0.36,0.36,3049.17
1754552700,0.36,0.362,0.36,0.361,48422.3
1754553600,0.361,0.363,0.361,0.362,16318.25
1754554500,0.362,0.363,0.361,0.362,26154.030000000002
1754555400,0.362,0.362,0.36,0.36,3454.77
1754556300,0.361,0.361,0.361,0.361,4286.129999999999
1754557200,0.361,0.361,0.36,0.36,3713.6400000000003
1754558100,0.36,0.361,0.36,0.36,14746.31
1754559000,0.36,0.36,0.36,0.36,27844.03
1754559900,0.36,0.361,0.36,0.36,4214.9400000000005
1754560800,0.36,0.365,0.36,0.365,80549.45999999999
1754561700,0.364,0.366,0.364,0.365,67496.44
1754562600,0.366,0.368,0.366,0.367,99655.42
1754563500,0.367,0.368,0.367,0.368,8554.26
1754564400,0.368,0.369,0.367,0.368,38464.01
1754565300,0.368,0.37,0.368,0.37,80824.7
1754566200,0.37,0.37,0.368,0.37,14415.869999999999
1754567100,0.37,0.37,0.369,0.369,45557.18
1754568000,0.37,0.37,0.368,0.368,8207.880000000001
1754568900,0.368,0.37,0.368,0.368,14255.27
1754569800,0.368,0.368,0.367,0.367,7421.65
1754570700,0.367,0.368,0.367,0.368,10613.54
1754571600,0.368,0.369,0.368,0.368,18846.920000000002
1754572500,0.368,0.369,0.368,0.369,1698.8799999999999
1754573400,0.368,0.369,0.368,0.368,11523.37
1754574300,0.368,0.369,0.367,0.368,27251.86
1754575200,0.369,0.369,0.367,0.367,14491.15
1754576100,0.368,0.368,0.366,0.366,53567.34
1754577000,0.366,0.366,0.365,0.366,15825.71
1754577900,0.366,0.367,0.366,0.367,7851.3
1754578800,0.366,0.367,0.365,0.365,19412.77
1754579700,0.365,0.367,0.365,0.367,4689.41
1754580600,0.366,0.367,0.366,0.366,153.07
1754581500,0.366,0.367,0.366,0.366,8027.46
1754582400,0.366,0.367,0.365,0.366,18949.87
1754583300,0.366,0.366,0.365,0.365,3962.2599999999998
1754584200,0.366,0.366,0.362,0.363,35174.57
1754585100,0.363,0.363,0.359,0.363,112413.56
1754586000,0.362,0.363,0.361,0.362,9491.45
1754586900,0.362,0.363,0.361,0.362,7678.280000000001
1754587800,0.362,0.363,0.361,0.362,17218.08
1754588700,0.362,0.363,0.361,0.362,24455.11
1754589600,0.362,0.362,0.361,0.361,30340.5
1754590500,0.36,0.362,0.36,0.361,7805.210000000001
1754591400,0.361,0.362,0.36,0.361,10126.22
1754592300,0.36,0.362,0.36,0.361,2164.4199999999996
1754593200,0.361,0.362,0.36,0.36,9559.7
1754594100,0.361,0.362,0.36,0.362,7402.410000000001
1754595000,0.361,0.362,0.36,0.362,14516.73
1754595900,0.363,0.365,0.363,0.364,30548.829999999998
1754596800,0.365,0.366,0.364,0.366,35718.68
1754597700,0.365,0.366,0.365,0.366,5119.259999999999
1754598600,0.365,0.367,0.365,0.367,20277.34
1754599500,0.366,0.367,0.365,0.366,9680.25
1754600400,0.366,0.367,0.365,0.366,24711.59
1754601300,0.366,0.368,0.366,0.368,27510.17
1754602200,0.367,0.368,0.367,0.368,4618.07
1754603100,0.368,0.369,0.367,0.368,23232.52
1754604000,0.368,0.369,0.368,0.369,20173.32
1754604900,0.369,0.37,0.368,0.369,42714.62
1754605800,0.37,0.37,0.369,0.369,3458.83
1754606700,0.369,0.373,0.369,0.372,105729.35
1754607600,0.371,0.372,0.37,0.371,24979.9
1754608500,0.371,0.372,0.37,0.371,16806.969999999998
1754609400,0.37,0.372,0.37,0.371,5652.150000000001
1754610300,0.371,0.372,0.371,0.372,18850.9
1754611200,0.372,0.372,0.371,0.372,23633.57
1754612100,0.372,0.372,0.368,0.371,68793.65
1754613000,0.371,0.375,0.37,0.373,95071.53
1754613900,0.373,0.373,0.372,0.372,20817.239999999998
1754614800,0.372,0.374,0.368,0.374,154782.4
1754615700,0.372,0.372,0.37,0.371,62111.41
1754616600,0.371,0.371,0.37,0.37,9639.470000000001
1754617500,0.37,0.371,0.37,0.371,16844.72
1754618400,0.371,0.372,0.37,0.371,14141.999999999998
1754619300,0.371,0.371,0.369,0.369,13701.09
1754620200,0.369,0.371,0.369,0.371,7964.31
1754621100,0.371,0.372,0.37,0.371,19126.32
1754622000,0.37,0.372,0.37,0.372,6100.869999999999
1754622900,0.372,0.374,0.371,0.374,23318.23
1754623800,0.374,0.374,0.372,0.372,12461.26
1754624700,0.371,0.372,0.371,0.372,3269.38
1754625600,0.373,0.373,0.37,0.372,21701.46
1754626500,0.372,0.372,0.37,0.371,2287.14
1754627400,0.371,0.373,0.371,0.371,10078.42
1754628300,0.371,0.371,0.37,0.371,833.96
1754629200,0.371,0.371,0.37,0.371,12368.41
1754630100,0.371,0.371,0.369,0.37,11213.130000000001
1754631000,0.37,0.371,0.369,0.37,7281.85
1754631900,0.37,0.37,0.369,0.369,1690.51
1754632800,0.369,0.371,0.369,0.371,13358.71
1754633700,0.371,0.371,0.37,0.371,10224.85
1754634600,0.371,0.372,0.371,0.372,1217.31
1754635500,0.372,0.374,0.371,0.374,14397.36
1754636400,0.373,0.373,0.371,0.372,48326.92
1754637300,0.373,0.374,0.372,0.373,29946.239999999998
1754638200,0.373,0.373,0.373,0.373,21381.83
1754639100,0.373,0.374,0.373,0.374,15157.769999999999
1754640000,0.374,0.376,0.373,0.376,48098.04
1754640900,0.375,0.376,0.373,0.374,24456.800000000003
1754641800,0.373,0.373,0.372,0.373,13097.539999999999
1754642700,0.373,0.373,0.372,0.372,21102.68
1754643600,0.372,0.373,0.372,0.372,17352.77
1754644500,0.372,0.373,0.372,0.372,21075.57
1754645400,0.372,0.373,0.371,0.372,10205.41
1754646300,0.372,0.374,0.372,0.374,2521.85
1754647200,0.374,0.374,0.372,0.374,3449.22
1754648100,0.374,0.375,0.373,0.373,1343.99
1754649000,0.373,0.374,0.372,0.372,13853.630000000001
1754649900,0.372,0.373,0.372,0.372,12294.36
1754650800,0.373,0.375,0.372,0.374,10389.449999999999
1754651700,0.373,0.375,0.373,0.374,1762.05
1754652600,0.374,0.375,0.373,0.374,8610.56
1754653500,0.375,0.375,0.374,0.375,4085.92
1754654400,0.375,0.375,0.372,0.373,14772.789999999999
1754655300,0.372,0.374,0.372,0.372,20252.52
1754656200,0.373,0.373,0.371,0.372,10955.939999999999
1754657100,0.372,0.372,0.37,0.37,14563.28
1754658000,0.371,0.372,0.37,0.37,10510.93
1754658900,0.371,0.372,0.37,0.371,18005.829999999998
1754659800,0.371,0.374,0.371,0.373,34725.880000000005
1754660700,0.373,0.377,0.373,0.376,80170.52
1754661600,0.376,0.379,0.375,0.375,168745.61
1754662500,0.375,0.376,0.374,0.375,64617.46
1754663400,0.375,0.376,0.372,0.374,110954.56
1754664300,0.373,0.375,0.373,0.374,16789.15
1754665200,0.374,0.374,0.37,0.371,25351.45
1754666100,0.371,0.372,0.37,0.371,8217.98
1754667000,0.371,0.371,0.368,0.368,32096.21
1754667900,0.368,0.372,0.368,0.372,21738.16
1754668800,0.371,0.373,0.371,0.371,30580.559999999998
1754669700,0.371,0.372,0.371,0.371,3507.62
1754670600,0.371,0.372,0.371,0.371,2639.44
1754671500,0.371,0.373,0.371,0.373,4509.13
1754672400,0.373,0.375,0.372,0.374,18403.87
1754673300,0.375,0.376,0.374,0.375,21984.96
1754674200,0.376,0.379,0.376,0.378,116999.61
1754675100,0.378,0.379,0.377,0.377,420799.52
1754676000,0.378,0.38,0.378,0.379,253689.63
1754676900,0.379,0.38,0.378,0.378,46540.22
1754677800,0.378,0.379,0.376,0.378,49013.21
1754678700,0.376,0.38,0.376,0.378,146056.05
1754679600,0.378,0.379,0.376,0.377,35799.75
1754680500,0.378,0.378,0.377,0.378,867.1500000000001
1754681400,0.378,0.379,0.376,0.378,21482.21
1754682300,0.378,0.379,0.378,0.378,6944.61
1754683200,0.378,0.38,0.377,0.378,26404.21
1754684100,0.378,0.378,0.377,0.378,6513.46
1754685000,0.378,0.378,0.378,0.378,24300.62
1754685900,0.379,0.379,0.378,0.378,11631.54
1754686800,0.379,0.379,0.378,0.379,14603.07
1754687700,0.379,0.379,0.377,0.377,48795.29
1754688600,0.377,0.38,0.377,0.379,14281.4
1754689500,0.379,0.38,0.378,0.378,269.43
1754690400,0.378,0.379,0.378,0.378,2601.71
1754691300,0.378,0.38,0.378,0.379,10616.68
1754692200,0.38,0.38,0.378,0.378,40401.44
1754693100,0.378,0.379,0.378,0.379,39142.759999999995
1754694000,0.379,0.379,0.378,0.379,1508.73
1754694900,0.378,0.379,0.378,0.378,2117.87
1754695800,0.379,0.379,0.377,0.378,6595.34
1754696700,0.377,0.378,0.377,0.377,1134.9499999999998
1754697600,0.378,0.379,0.378,0.379,52461.61
1754698500,0.379,0.38,0.378,0.378,7950.5599999999995
1754699400,0.378,0.378,0.377,0.377,48726.18
1754700300,0.377,0.378,0.377,0.378,17951.449999999997
1754701200,0.378,0.379,0.378,0.378,62634.34
1754702100,0.378,0.379,0.377,0.378,7293.67
1754703000,0.377,0.379,0.377,0.379,31017.55
1754703900,0.379,0.38,0.378,0.379,21657.14
1754704800,0.38,0.38,0.378,0.379,54589.79
1754705700,0.379,0.38,0.379,0.379,19341.13
1754706600,0.379,0.38,0.379,0.38,25980.940000000002
1754707500,0.379,0.38,0.379,0.379,6722.06
1754708400,0.379,0.38,0.378,0.379,36894.159999999996
1754709300,0.379,0.38,0.379,0.379,332.67
1754710200,0.38,0.381,0.379,0.379,51068.0
1754711100,0.379,0.38,0.379,0.379,414.48
1754712000,0.379,0.38,0.379,0.38,46392.84
1754712900,0.38,0.381,0.38,0.38,552.23
1754713800,0.38,0.382,0.38,0.382,173400.93000000002
1754714700,0.382,0.383,0.381,0.381,55811.04
1754715600,0.381,0.385,0.381,0.385,142837.9
1754716500,0.385,0.388,0.384,0.387,102574.67
1754717400,0.388,0.389,0.387,0.388,88907.96
1754718300,0.388,0.389,0.387,0.388,35541.01
1754719200,0.387,0.388,0.386,0.387,42250.68
1754720100,0.386,0.388,0.386,0.386,25002.8
1754721000,0.386,0.387,0.385,0.385,66789.95
1754721900,0.385,0.386,0.385,0.386,23439.59
1754722800,0.386,0.388,0.386,0.388,25059.49
1754723700,0.387,0.388,0.386,0.387,21759.480000000003
1754724600,0.387,0.388,0.387,0.387,1047.44
1754725500,0.387,0.389,0.387,0.388,30850.85
1754726400,0.389,0.389,0.387,0.388,41593.61
1754727300,0.388,0.389,0.387,0.388,20025.59
1754728200,0.388,0.389,0.388,0.389,56334.09
1754729100,0.389,0.389,0.387,0.389,101097.48000000001
1754730000,0.389,0.39,0.388,0.389,24859.68
1754730900,0.389,0.39,0.388,0.39,17350.75
1754731800,0.389,0.39,0.389,0.39,24882.91
1754732700,0.39,0.391,0.389,0.389,59887.06
1754733600,0.39,0.391,0.389,0.39,5264.54
1754734500,0.391,0.391,0.39,0.391,29274.33
1754735400,0.391,0.391,0.39,0.39,11852.490000000002
1754736300,0.39,0.392,0.39,0.39,51841.53
1754737200,0.39,0.39,0.388,0.389,34037.15
1754738100,0.388,0.39,0.388,0.389,11381.94
1754739000,0.389,0.39,0.388,0.389,20530.5
1754739900,0.388,0.389,0.388,0.388,12851.13
1754740800,0.389,0.39,0.388,0.39,6801.65
1754741700,0.389,0.391,0.389,0.39,18700.36
1754742600,0.39,0.392,0.389,0.39,25346.83
1754743500,0.389,0.391,0.389,0.39,26760.56
1754744400,0.39,0.391,0.387,0.387,43487.93
1754745300,0.388,0.389,0.387,0.388,18654.24
1754746200,0.388,0.388,0.386,0.386,36071.990000000005
1754747100,0.387,0.387,0.385,0.385,22236.76
1754748000,0.386,0.386,0.383,0.386,143671.36
1754748900,0.386,0.387,0.384,0.385,32176.79
1754749800,0.385,0.386,0.384,0.385,27843.940000000002
1754750700,0.385,0.386,0.384,0.386,944.7199999999999
1754751600,0.386,0.387,0.384,0.384,22553.41
1754752500,0.384,0.386,0.383,0.384,29951.29
1754753400,0.384,0.385,0.384,0.385,1266.31
1754754300,0.385,0.386,0.384,0.386,13119.5
1754755200,0.386,0.387,0.385,0.387,35320.46
1754756100,0.386,0.388,0.386,0.387,49117.11
1754757000,0.387,0.387,0.386,0.386,26457.51
1754757900,0.387,0.387,0.386,0.387,35843.01
1754758800,0.386,0.388,0.385,0.387,98285.29000000001
1754759700,0.387,0.389,0.387,0.388,26394.22
1754760600,0.388,0.389,0.387,0.389,41954.5
1754761500,0.387,0.389,0.387,0.389,6009.19
1754762400,0.389,0.389,0.387,0.387,35967.98
1754763300,0.387,0.389,0.387,0.388,27426.95
1754764200,0.388,0.389,0.386,0.388,66377.69
1754765100,0.387,0.389,0.387,0.388,24906.23
1754766000,0.388,0.391,0.388,0.39,33115.53
1754766900,0.39,0.391,0.389,0.39,42793.54
1754767800,0.39,0.391,0.389,0.39,52373.810000000005
1754768700,0.39,0.391,0.389,0.389,3508.33
1754769600,0.389,0.391,0.389,0.39,67971.09
1754770500,0.39,0.391,0.388,0.39,86790.29
1754771400,0.391,0.392,0.39,0.392,89234.36
1754772300,0.392,0.392,0.39,0.391,36604.04
1754773200,0.391,0.391,0.39,0.39,19965.28
1754774100,0.39,0.39,0.387,0.387,21588.710000000003
1754775000,0.387,0.388,0.386,0.387,34868.130000000005
1754775900,0.387,0.388,0.386,0.387,20906.69
1754776800,0.386,0.388,0.386,0.387,9795.45
1754777700,0.387,0.39,0.387,0.39,58426.84
1754778600,0.39,0.39,0.387,0.387,19905.45
1754779500,0.387,0.388,0.386,0.387,46272.369999999995
1754780400,0.387,0.387,0.385,0.387,29252.04
1754781300,0.387,0.387,0.386,0.386,839.05
1754782200,0.386,0.388,0.386,0.387,50876.229999999996
1754783100,0.387,0.388,0.387,0.387,72263.27
1754784000,0.387,0.389,0.387,0.388,24194.449999999997
1754784900,0.388,0.389,0.387,0.387,31112.36
1754785800,0.388,0.389,0.387,0.389,35715.35999999999
1754786700,0.388,0.394,0.388,0.392,920988.1599999999
1754787600,0.392,0.393,0.39,0.39,79005.69
1754788500,0.39,0.392,0.39,0.391,27305.28
1754789400,0.391,0.394,0.391,0.393,36394.86
1754790300,0.393,0.393,0.392,0.392,2631.8
1754791200,0.393,0.393,0.391,0.392,24260.41
1754792100,0.392,0.393,0.39,0.391,23205.289999999997
1754793000,0.391,0.392,0.389,0.389,288272.39999999997
1754793900,0.389,0.39,0.389,0.389,6631.19
1754794800,0.389,0.391,0.388,0.39,38908.01
1754795700,0.39,0.393,0.39,0.392,41782.63
1754796600,0.392,0.394,0.391,0.394,27652.55
1754797500,0.393,0.394,0.392,0.393,22098.399999999998
1754798400,0.393,0.394,0.392,0.393,33394.1
1754799300,0.393,0.395,0.393,0.395,31073.83
1754800200,0.394,0.395,0.394,0.395,6008.93
1754801100,0.395,0.395,0.393,0.393,14637.74
1754802000,0.393,0.394,0.392,0.392,25207.01
1754802900,0.392,0.393,0.39,0.39,30595.8
1754803800,0.39,0.391,0.39,0.39,41201.78999999999
1754804700,0.391,0.391,0.388,0.389,14528.779999999999
1754805600,0.389,0.389,0.388,0.389,2833.78
1754806500,0.388,0.388,0.385,0.386,72892.9
1754807400,0.386,0.388,0.386,0.388,51238.770000000004
1754808300,0.387,0.388,0.386,0.388,10818.23
1754809200,0.388,0.39,0.387,0.39,32876.48
1754810100,0.39,0.391,0.388,0.388,27453.0
1754811000,0.387,0.388,0.38,0.382,146273.02
1754811900,0.381,0.384,0.381,0.381,28451.35
1754812800,0.382,0.382,0.377,0.381,107486.27
1754813700,0.381,0.383,0.381,0.383,26497.06
1754814600,0.383,0.385,0.382,0.384,36636.6
1754815500,0.384,0.385,0.383,0.384,7884.72
1754816400,0.384,0.385,0.383,0.383,8939.3
1754817300,0.383,0.385,0.383,0.384,24918.079999999998
1754818200,0.383,0.385,0.383,0.384,16861.35
1754819100,0.384,0.386,0.383,0.383,7938.94
1754820000,0.383,0.385,0.383,0.383,17650.97
1754820900,0.384,0.384,0.382,0.382,12158.89
1754821800,0.382,0.383,0.38,0.383,22377.09
1754822700,0.382,0.383,0.381,0.382,30972.78
1754823600,0.381,0.382,0.38,0.381,29077.09
1754824500,0.381,0.383,0.381,0.382,6687.52
1754825400,0.382,0.384,0.381,0.382,40635.2
1754826300,0.382,0.384,0.38,0.381,29324.4
1754827200,0.381,0.382,0.38,0.38,23854.129999999997
1754828100,0.38,0.383,0.38,0.383,21650.210000000003
1754829000,0.382,0.384,0.382,0.383,12305.25
1754829900,0.384,0.384,0.382,0.384,3920.7799999999997
1754830800,0.384,0.384,0.383,0.383,21563.28
1754831700,0.383,0.384,0.382,0.383,17864.51
1754832600,0.383,0.383,0.38,0.38,11047.18
1754833500,0.38,0.382,0.38,0.38,21652.97
1754834400,0.379,0.382,0.379,0.382,16050.93
1754835300,0.381,0.384,0.381,0.384,13751.71
1754836200,0.384,0.387,0.384,0.386,55940.340000000004
1754837100,0.386,0.387,0.385,0.387,15906.65
1754838000,0.386,0.387,0.385,0.387,39579.67
1754838900,0.388,0.389,0.386,0.389,18057.38
1754839800,0.388,0.389,0.387,0.388,24930.53
1754840700,0.387,0.389,0.387,0.387,10471.97
1754841600,0.387,0.389,0.387,0.388,21888.23
1754842500,0.388,0.388,0.387,0.388,18574.47
1754843400,0.387,0.389,0.387,0.389,9117.18
1754844300,0.388,0.388,0.387,0.388,6926.4400000000005
1754845200,0.387,0.389,0.387,0.388,17765.75
1754846100,0.388,0.388,0.386,0.387,9868.5
1754847000,0.387,0.389,0.386,0.388,7842.9800000000005
1754847900,0.388,0.389,0.387,0.389,27594.739999999998
1754848800,0.389,0.391,0.388,0.39,49361.39
1754849700,0.39,0.391,0.389,0.389,9211.179999999998
1754850600,0.389,0.392,0.389,0.391,78116.13
1754851500,0.392,0.392,0.39,0.392,28540.14
1754852400,0.391,0.392,0.39,0.391,66347.12
1754853300,0.391,0.391,0.39,0.39,6280.780000000001
1754854200,0.391,0.392,0.39,0.392,2283.6699999999996
1754855100,0.39,0.391,0.39,0.39,9650.7
1754856000,0.391,0.391,0.387,0.388,56412.39000000001
1754856900,0.389,0.389,0.387,0.388,35208.119999999995
1754857800,0.388,0.39,0.388,0.389,26921.78
1754858700,0.389,0.39,0.389,0.389,3564.3700000000003
1754859600,0.389,0.389,0.386,0.387,67494.64
1754860500,0.387,0.388,0.387,0.387,23210.22
1754861400,0.387,0.387,0.384,0.386,12405.220000000001
1754862300,0.386,0.388,0.386,0.388,6944.6
1754863200,0.388,0.389,0.386,0.387,41101.16
1754864100,0.388,0.389,0.387,0.389,15284.45
1754865000,0.388,0.39,0.388,0.39,23068.48
1754865900,0.39,0.39,0.388,0.39,1359.63
1754866800,0.389,0.391,0.389,0.389,42064.59
1754867700,0.389,0.39,0.388,0.39,21055.45
1754868600,0.389,0.39,0.389,0.389,515.98
1754869500,0.39,0.392,0.39,0.391,22938.579999999998
1754870400,0.39,0.391,0.389,0.39,34527.43
1754871300,0.39,0.392,0.39,0.391,64648.22
1754872200,0.392,0.392,0.39,0.39,48286.06
1754873100,0.39,0.391,0.389,0.389,27073.85
1754874000,0.389,0.391,0.389,0.391,20447.81
1754874900,0.39,0.393,0.39,0.392,9892.71
1754875800,0.393,0.396,0.393,0.395,96123.66
1754876700,0.395,0.395,0.393,0.394,14587.67
1754877600,0.394,0.396,0.394,0.395,56443.96
1754878500,0.394,0.397,0.394,0.397,81229.19
1754879400,0.397,0.399,0.397,0.398,84187.03
1754880300,0.398,0.399,0.397,0.398,23544.6
1754881200,0.398,0.398,0.395,0.397,78678.41
1754882100,0.397,0.398,0.395,0.396,33148.04
1754883000,0.396,0.397,0.395,0.395,25872.53
1754883900,0.396,0.396,0.395,0.396,15282.78
1754884800,0.396,0.398,0.396,0.398,28805.670000000002
1754885700,0.399,0.399,0.397,0.397,23263.74
1754886600,0.398,0.399,0.396,0.399,36546.72
1754887500,0.398,0.398,0.396,0.396,20176.07
1754888400,0.395,0.398,0.395,0.397,4875.97
1754889300,0.397,0.397,0.395,0.396,17191.21
1754890200,0.396,0.397,0.395,0.395,17154.6
1754891100,0.395,0.397,0.394,0.396,35577.96
1754892000,0.395,0.396,0.394,0.396,22614.27
1754892900,0.395,0.396,0.393,0.396,15069.32
1754893800,0.396,0.396,0.393,0.394,26505.690000000002
1754894700,0.394,0.394,0.393,0.393,8122.11
1754895600,0.393,0.394,0.392,0.392,65964.73
1754896500,0.392,0.392,0.389,0.389,51410.89
1754897400,0.391,0.391,0.388,0.389,90326.23000000001
1754898300,0.388,0.389,0.387,0.388,20008.91
1754899200,0.388,0.389,0.386,0.389,36027.25
1754900100,0.39,0.39,0.388,0.389,77438.31999999999
1754901000,0.389,0.392,0.389,0.39,25713.38
1754901900,0.39,0.391,0.389,0.39,9842.769999999999
1754902800,0.39,0.391,0.39,0.39,13196.61
1754903700,0.39,0.391,0.39,0.39,11686.42
1754904600,0.39,0.391,0.389,0.39,17686.760000000002
1754905500,0.389,0.389,0.387,0.389,6093.06
1754906400,0.388,0.388,0.386,0.388,26102.59
1754907300,0.387,0.388,0.385,0.387,39800.71
1754908200,0.387,0.387,0.386,0.387,22358.460000000003
1754909100,0.386,0.387,0.385,0.385,14420.51
1754910000,0.385,0.385,0.383,0.383,74992.08
1754910900,0.383,0.383,0.38,0.38,87090.49
1754911800,0.38,0.381,0.379,0.381,27651.61
1754912700,0.381,0.381,0.376,0.378,129397.96
1754913600,0.378,0.379,0.376,0.378,18195.8
1754914500,0.378,0.379,0.377,0.378,6908.34
1754915400,0.377,0.379,0.376,0.377,59300.41
1754916300,0.377,0.378,0.376,0.377,34077.64
1754917200,0.377,0.377,0.375,0.375,74924.55
1754918100,0.375,0.377,0.374,0.375,12749.01
1754919000,0.375,0.38,0.374,0.38,33117.37
1754919900,0.38,0.382,0.378,0.379,57554.08
1754920800,0.38,0.382,0.379,0.379,10921.54
1754921700,0.38,0.382,0.379,0.381,33656.27
1754922600,0.381,0.383,0.38,0.38,54898.90000000001
1754923500,0.38,0.381,0.378,0.379,27201.84
1754924400,0.38,0.38,0.378,0.379,15504.45
1754925300,0.379,0.381,0.378,0.379,33217.62
1754926200,0.379,0.382,0.379,0.382,6130.39
1754927100,0.382,0.382,0.38,0.381,17767.32
1754928000,0.383,0.386,0.382,0.385,93316.7
1754928900,0.385,0.386,0.382,0.385,15909.21
1754929800,0.383,0.385,0.382,0.382,37155.75
1754930700,0.382,0.385,0.382,0.383,21888.91
1754931600,0.383,0.385,0.383,0.383,11429.76
1754932500,0.384,0.384,0.381,0.383,8086.14
1754933400,0.382,0.383,0.38,0.38,14348.599999999999
1754934300,0.381,0.382,0.38,0.38,51649.88
1754935200,0.381,0.381,0.378,0.379,60779.740000000005
1754936100,0.379,0.381,0.379,0.38,11927.61
1754937000,0.381,0.383,0.379,0.379,23687.33
1754937900,0.379,0.382,0.379,0.381,13778.76
1754938800,0.381,0.381,0.379,0.379,4573.160000000001
1754939700,0.379,0.381,0.379,0.379,7134.610000000001
1754940600,0.379,0.38,0.378,0.378,5934.0199999999995
1754941500,0.378,0.379,0.375,0.377,62920.119999999995
1754942400,0.377,0.377,0.375,0.376,34643.57
1754943300,0.376,0.377,0.375,0.377,36593.4
1754944200,0.376,0.376,0.375,0.376,5106.24
1754945100,0.376,0.377,0.376,0.377,3631.17
1754946000,0.376,0.377,0.375,0.377,52327.07
1754946900,0.378,0.378,0.374,0.374,6561.56
1754947800,0.374,0.374,0.371,0.371,138643.4
1754948700,0.371,0.372,0.369,0.372,34423.45
1754949600,0.371,0.372,0.369,0.371,20363.34
1754950500,0.37,0.37,0.367,0.368,96794.66
1754951400,0.368,0.371,0.368,0.369,9857.95
1754952300,0.369,0.37,0.368,0.37,15795.68
1754953200,0.369,0.371,0.368,0.37,3413.77
1754954100,0.371,0.371,0.37,0.37,13933.94
1754955000,0.37,0.372,0.37,0.371,1264.95
1754955900,0.372,0.372,0.37,0.37,18265.649999999998
1754956800,0.369,0.371,0.368,0.37,20186.71
1754957700,0.371,0.372,0.369,0.37,15276.6
1754958600,0.371,0.371,0.369,0.371,27649.36
1754959500,0.371,0.374,0.37,0.373,44974.78
1754960400,0.373,0.374,0.371,0.372,41385.03
1754961300,0.372,0.373,0.371,0.372,12619.66
1754962200,0.373,0.373,0.372,0.373,11567.699999999999
1754963100,0.373,0.373,0.373,0.373,6928.389999999999
1754964000,0.372,0.373,0.371,0.372,17615.25
1754964900,0.372,0.373,0.371,0.373,9935.490000000002
1754965800,0.373,0.375,0.373,0.374,25804.370000000003
1754966700,0.373,0.374,0.372,0.372,16703.05
1754967600,0.372,0.372,0.37,0.371,229720.0
1754968500,0.371,0.371,0.369,0.37,7009.37
1754969400,0.37,0.371,0.37,0.37,26432.18
1754970300,0.37,0.371,0.369,0.37,17783.46
1754971200,0.37,0.371,0.369,0.371,35764.53
1754972100,0.371,0.371,0.37,0.37,531.96
1754973000,0.37,0.372,0.37,0.371,9007.5
1754973900,0.37,0.371,0.37,0.37,2403.29
1754974800,0.37,0.37,0.368,0.369,23614.34
1754975700,0.368,0.369,0.367,0.367,41731.82
1754976600,0.367,0.368,0.366,0.367,7722.87
1754977500,0.367,0.368,0.366,0.368,1817.3000000000002
1754978400,0.367,0.369,0.367,0.367,3835.54
1754979300,0.367,0.37,0.365,0.368,55017.89
1754980200,0.368,0.37,0.368,0.369,13851.060000000001
1754981100,0.369,0.369,0.368,0.368,6948.83
1754982000,0.368,0.371,0.367,0.37,20981.82
1754982900,0.369,0.37,0.369,0.37,1225.0900000000001
1754983800,0.369,0.371,0.369,0.371,7032.9
1754984700,0.37,0.371,0.37,0.371,8140.94
1754985600,0.37,0.371,0.369,0.369,37779.270000000004
1754986500,0.369,0.37,0.368,0.368,18098.05
1754987400,0.368,0.37,0.368,0.37,12139.78
1754988300,0.371,0.371,0.368,0.368,25237.71
1754989200,0.368,0.368,0.366,0.367,26084.01
1754990100,0.367,0.368,0.366,0.368,12082.58
1754991000,0.369,0.369,0.367,0.368,11545.800000000001
1754991900,0.368,0.368,0.366,0.367,3207.76
1754992800,0.366,0.367,0.366,0.366,29845.13
1754993700,0.366,0.368,0.366,0.366,10606.44
1754994600,0.366,0.368,0.365,0.366,12569.529999999999
1754995500,0.366,0.367,0.366,0.366,8111.27
1754996400,0.366,0.366,0.364,0.364,105947.66
1754997300,0.364,0.365,0.364,0.365,21859.73
1754998200,0.365,0.366,0.365,0.365,4037.67
1754999100,0.366,0.368,0.366,0.368,10217.259999999998
1755000000,0.367,0.368,0.366,0.367,14199.93
1755000900,0.367,0.37,0.366,0.369,18259.61
1755001800,0.37,0.377,0.37,0.375,343781.45
1755002700,0.375,0.377,0.374,0.375,45781.13
1755003600,0.375,0.375,0.373,0.375,29257.56
1755004500,0.374,0.377,0.374,0.377,39915.6
1755005400,0.378,0.378,0.375,0.375,69883.54000000001
1755006300,0.374,0.375,0.373,0.374,22926.96
1755007200,0.374,0.377,0.374,0.376,18642.58
1755008100,0.377,0.379,0.376,0.378,38574.49
1755009000,0.378,0.379,0.377,0.379,15676.11
1755009900,0.379,0.38,0.378,0.38,32274.48
1755010800,0.38,0.381,0.379,0.38,96735.14
1755011700,0.38,0.382,0.379,0.381,58122.42
1755012600,0.381,0.383,0.381,0.383,43482.200000000004
1755013500,0.382,0.384,0.381,0.383,42329.0
1755014400,0.384,0.385,0.383,0.384,98396.23999999999
1755015300,0.384,0.386,0.384,0.385,30570.46
1755016200,0.385,0.385,0.384,0.384,18960.32
1755017100,0.384,0.386,0.384,0.386,32577.53
1755018000,0.386,0.388,0.386,0.387,77064.51
1755018900,0.387,0.39,0.387,0.388,124024.37
1755019800,0.388,0.389,0.387,0.387,16964.37
1755020700,0.387,0.388,0.386,0.387,14630.65
1755021600,0.387,0.389,0.387,0.388,26103.83
1755022500,0.389,0.391,0.389,0.39,66250.81
1755023400,0.39,0.39,0.388,0.389,27153.45
1755024300,0.389,0.39,0.387,0.387,19773.18
1755025200,0.388,0.389,0.387,0.387,11901.429999999998
1755026100,0.388,0.39,0.388,0.389,23465.54
1755027000,0.389,0.39,0.388,0.388,12027.640000000001
1755027900,0.389,0.39,0.389,0.39,16610.31
1755028800,0.39,0.391,0.389,0.39,64934.95
1755029700,0.39,0.394,0.39,0.393,137556.09
1755030600,0.393,0.394,0.392,0.392,27918.02
1755031500,0.392,0.394,0.391,0.393,26716.71
1755032400,0.393,0.393,0.391,0.393,26325.9
1755033300,0.393,0.393,0.392,0.393,21221.23
1755034200,0.393,0.394,0.392,0.394,5042.29
1755035100,0.394,0.394,0.391,0.391,16865.57
1755036000,0.392,0.393,0.391,0.392,26884.9
1755036900,0.393,0.393,0.392,0.393,10914.060000000001
1755037800,0.394,0.394,0.392,0.392,5753.400000000001
1755038700,0.392,0.393,0.392,0.392,17498.56
1755039600,0.393,0.393,0.392,0.393,12227.529999999999
1755040500,0.392,0.393,0.392,0.393,33382.27
1755041400,0.392,0.393,0.392,0.392,5956.09
1755042300,0.392,0.393,0.392,0.392,56199.0
1755043200,0.392,0.396,0.392,0.395,100852.26
1755044100,0.395,0.395,0.394,0.394,34668.6
1755045000,0.394,0.395,0.394,0.395,14962.91
1755045900,0.395,0.396,0.394,0.394,63148.9
1755046800,0.394,0.394,0.39,0.39,63701.19
1755047700,0.391,0.392,0.391,0.392,46519.0
1755048600,0.392,0.392,0.39,0.39,28364.98
1755049500,0.39,0.391,0.39,0.391,34713.24
1755050400,0.391,0.391,0.389,0.389,26437.350000000002
1755051300,0.389,0.391,0.389,0.391,52495.99
1755052200,0.391,0.393,0.39,0.393,36245.9
1755053100,0.393,0.394,0.393,0.394,33870.16
1755054000,0.394,0.396,0.393,0.394,48842.67
1755054900,0.394,0.396,0.394,0.395,28358.6
1755055800,0.395,0.398,0.395,0.398,88052.90000000001
1755056700,0.398,0.398,0.396,0.398,55006.49
1755057600,0.397,0.399,0.397,0.397,53020.56999999999
1755058500,0.397,0.399,0.397,0.398,10556.220000000001
1755059400,0.398,0.398,0.396,0.396,89465.4
1755060300,0.396,0.398,0.395,0.397,21689.12
1755061200,0.397,0.398,0.396,0.398,14161.380000000001
1755062100,0.398,0.398,0.396,0.397,38891.85
1755063000,0.397,0.397,0.395,0.395,18262.33
1755063900,0.395,0.396,0.394,0.395,31318.64
1755064800,0.395,0.396,0.394,0.396,20063.91
1755065700,0.396,0.396,0.394,0.394,63895.19
1755066600,0.394,0.396,0.394,0.395,25822.29
1755067500,0.395,0.398,0.395,0.397,43232.74
1755068400,0.397,0.397,0.396,0.397,31369.26
1755069300,0.397,0.398,0.396,0.398,16518.949999999997
1755070200,0.398,0.398,0.397,0.398,73523.42
1755071100,0.398,0.4,0.397,0.399,81418.5
1755072000,0.4,0.403,0.399,0.402,148571.08000000002
1755072900,0.402,0.402,0.4,0.402,57244.2
1755073800,0.402,0.403,0.401,0.402,43980.829999999994
1755074700,0.402,0.404,0.401,0.403,80383.77
1755075600,0.404,0.405,0.403,0.405,49554.88
1755076500,0.404,0.405,0.403,0.404,55707.75
1755077400,0.405,0.406,0.404,0.405,49215.39
1755078300,0.405,0.407,0.405,0.406,55104.46
1755079200,0.406,0.407,0.406,0.406,65358.72
1755080100,0.406,0.409,0.406,0.408,38491.97
1755081000,0.408,0.409,0.407,0.409,32737.3
1755081900,0.409,0.409,0.408,0.409,13233.970000000001
1755082800,0.409,0.409,0.407,0.407,16962.26
1755083700,0.408,0.408,0.406,0.406,30837.120000000003
1755084600,0.406,0.408,0.406,0.407,31623.109999999997
1755085500,0.408,0.408,0.407,0.407,4261.8
1755086400,0.408,0.409,0.406,0.407,53232.659999999996
1755087300,0.407,0.409,0.407,0.408,3283.09
1755088200,0.408,0.409,0.407,0.408,104763.18000000001
1755089100,0.408,0.408,0.405,0.406,86180.95
1755090000,0.406,0.409,0.406,0.409,59314.42
1755090900,0.409,0.412,0.409,0.412,179278.36
1755091800,0.411,0.413,0.407,0.407,217927.33
1755092700,0.408,0.413,0.408,0.409,136724.43
1755093600,0.41,0.411,0.408,0.408,86523.33
1755094500,0.408,0.409,0.404,0.409,185582.52
1755095400,0.408,0.412,0.407,0.412,102508.03
1755096300,0.411,0.411,0.407,0.407,84625.79
1755097200,0.407,0.409,0.404,0.409,103740.90000000001
1755098100,0.408,0.41,0.406,0.409,70981.04
1755099000,0.409,0.411,0.407,0.41,31354.079999999998
1755099900,0.41,0.411,0.408,0.41,72211.36
1755100800,0.41,0.411,0.409,0.41,50905.54
1755101700,0.411,0.413,0.41,0.412,71399.31
1755102600,0.412,0.412,0.408,0.409,80547.27
1755103500,0.408,0.41,0.408,0.41,36894.850000000006
1755104400,0.41,0.411,0.409,0.41,49726.32
1755105300,0.411,0.412,0.41,0.411,51798.65
1755106200,0.411,0.412,0.411,0.411,32785.78
1755107100,0.412,0.413,0.411,0.413,105921.56
1755108000,0.413,0.414,0.412,0.413,48847.64
1755108900,0.413,0.413,0.41,0.41,72319.35
1755109800,0.41,0.412,0.409,0.41,67711.49
1755110700,0.41,0.41,0.409,0.41,20685.39
1755111600,0.41,0.411,0.409,0.41,74746.23
1755112500,0.41,0.412,0.409,0.412,31033.34
1755113400,0.412,0.412,0.411,0.412,17140.52
1755114300,0.412,0.414,0.411,0.413,51058.08
1755115200,0.413,0.413,0.412,0.412,78922.95999999999
1755116100,0.412,0.413,0.411,0.412,61883.03999999999
1755117000,0.413,0.415,0.412,0.415,35230.13
1755117900,0.415,0.415,0.413,0.413,81979.21
1755118800,0.413,0.416,0.413,0.415,85054.5
1755119700,0.415,0.416,0.414,0.415,37688.77
1755120600,0.415,0.415,0.414,0.414,18824.04
1755121500,0.414,0.414,0.411,0.413,83684.13
1755122400,0.413,0.414,0.412,0.413,34569.25
1755123300,0.413,0.415,0.413,0.413,37730.69
1755124200,0.413,0.417,0.413,0.417,124073.38
1755125100,0.416,0.419,0.415,0.416,91755.92
1755126000,0.417,0.418,0.416,0.418,77087.54000000001
1755126900,0.417,0.418,0.416,0.416,28502.7
1755127800,0.416,0.418,0.416,0.417,40301.88
1755128700,0.417,0.417,0.415,0.415,78288.58
1755129600,0.417,0.418,0.416,0.416,72144.58
1755130500,0.416,0.417,0.415,0.417,29917.559999999998
1755131400,0.417,0.418,0.414,0.414,60433.72
1755132300,0.414,0.415,0.413,0.414,41149.03
1755133200,0.413,0.413,0.411,0.412,60346.619999999995
1755134100,0.412,0.415,0.412,0.415,38538.84
1755135000,0.414,0.418,0.413,0.418,64777.28
1755135900,0.418,0.419,0.416,0.417,22849.2
1755136800,0.417,0.418,0.417,0.417,38786.18
1755137700,0.417,0.418,0.416,0.418,18810.95
1755138600,0.418,0.421,0.418,0.421,65310.66
1755139500,0.42,0.422,0.419,0.421,62126.369999999995
1755140400,0.422,0.422,0.42,0.42,20215.73
1755141300,0.42,0.422,0.42,0.42,35980.32
1755142200,0.421,0.421,0.42,0.421,15431.25
1755143100,0.421,0.423,0.42,0.421,41203.16
1755144000,0.421,0.421,0.42,0.42,16832.09
1755144900,0.42,0.421,0.42,0.421,17283.12
1755145800,0.42,0.42,0.418,0.418,31597.61
1755146700,0.418,0.419,0.417,0.417,42357.78
1755147600,0.417,0.419,0.416,0.416,73603.87
1755148500,0.417,0.418,0.416,0.417,44317.52
1755149400,0.417,0.417,0.413,0.414,55500.09
1755150300,0.414,0.415,0.414,0.415,21153.100000000002
1755151200,0.415,0.415,0.411,0.411,139056.77
1755152100,0.41,0.412,0.409,0.412,88192.77
1755153000,0.413,0.414,0.412,0.414,55947.01
1755153900,0.414,0.415,0.413,0.414,19194.83
1755154800,0.414,0.414,0.41,0.41,30814.98
1755155700,0.41,0.412,0.41,0.412,29020.550000000003
1755156600,0.412,0.412,0.41,0.411,20284.17
1755157500,0.411,0.412,0.41,0.411,37939.63
1755158400,0.412,0.412,0.408,0.409,94245.97
1755159300,0.409,0.409,0.408,0.408,29766.16
1755160200,0.408,0.409,0.405,0.406,155703.47999999998
1755161100,0.406,0.407,0.406,0.407,30525.350000000002
1755162000,0.407,0.407,0.405,0.407,51409.89
1755162900,0.407,0.409,0.406,0.408,38273.06
1755163800,0.408,0.409,0.407,0.408,44507.19
1755164700,0.408,0.409,0.408,0.409,27163.97
1755165600,0.408,0.409,0.407,0.407,27809.47
1755166500,0.407,0.409,0.407,0.408,32407.809999999998
1755167400,0.408,0.408,0.403,0.404,123975.6
1755168300,0.404,0.407,0.404,0.407,58631.68
1755169200,0.406,0.407,0.405,0.406,27207.59
1755170100,0.406,0.406,0.405,0.405,22358.66
1755171000,0.405,0.406,0.405,0.405,19498.260000000002
1755171900,0.405,0.405,0.404,0.405,43440.08
1755172800,0.405,0.406,0.404,0.405,32091.25
1755173700,0.405,0.407,0.403,0.406,64749.84
1755174600,0.406,0.406,0.383,0.395,1000308.01
1755175500,0.395,0.395,0.389,0.391,163493.53
1755176400,0.39,0.395,0.383,0.395,314043.45
1755177300,0.395,0.395,0.391,0.392,108402.82
1755178200,0.391,0.394,0.39,0.391,27518.739999999998
1755179100,0.394,0.397,0.393,0.395,65506.6
1755180000,0.394,0.395,0.393,0.393,31612.45
1755180900,0.393,0.397,0.393,0.397,32161.980000000003
1755181800,0.397,0.398,0.395,0.395,44453.11
1755182700,0.395,0.397,0.394,0.395,40389.469999999994
1755183600,0.395,0.396,0.395,0.395,14906.21
1755184500,0.395,0.395,0.393,0.393,31171.54
1755185400,0.393,0.394,0.391,0.393,63865.88
1755186300,0.393,0.393,0.391,0.392,32829.23
1755187200,0.392,0.392,0.389,0.389,83700.91
1755188100,0.389,0.39,0.387,0.388,49814.2
1755189000,0.388,0.389,0.387,0.388,32448.050000000003
1755189900,0.388,0.39,0.387,0.389,84228.97
1755190800,0.388,0.389,0.386,0.387,36432.93
1755191700,0.387,0.39,0.387,0.389,24941.61
1755192600,0.389,0.39,0.387,0.387,23625.28
1755193500,0.388,0.388,0.387,0.388,27430.69
1755194400,0.388,0.388,0.386,0.386,4304.25
1755195300,0.386,0.387,0.384,0.387,66128.59999999999
1755196200,0.387,0.389,0.387,0.388,10936.26
1755197100,0.388,0.389,0.388,0.388,22755.409999999996
1755198000,0.388,0.389,0.388,0.388,8582.22
1755198900,0.388,0.389,0.388,0.389,17196.04
1755199800,0.389,0.389,0.388,0.389,5349.110000000001
1755200700,0.389,0.389,0.386,0.387,56560.42
1755201600,0.387,0.387,0.384,0.385,58977.259999999995
1755202500,0.386,0.386,0.384,0.385,28547.93
1755203400,0.386,0.387,0.384,0.385,13517.24
1755204300,0.386,0.386,0.383,0.385,22174.67
1755205200,0.385,0.385,0.383,0.385,39025.14
1755206100,0.385,0.385,0.38,0.382,85763.51
1755207000,0.382,0.383,0.379,0.38,57212.89
1755207900,0.38,0.383,0.38,0.383,61380.02
1755208800,0.381,0.383,0.38,0.383,14663.92
1755209700,0.383,0.385,0.382,0.384,12133.77
1755210600,0.384,0.386,0.384,0.385,37186.03
1755211500,0.385,0.387,0.385,0.386,8457.81
1755212400,0.386,0.387,0.386,0.386,297.95000000000005
1755213300,0.386,0.387,0.386,0.387,11498.88
1755214200,0.388,0.388,0.387,0.387,1264.95
1755215100,0.387,0.389,0.386,0.387,27570.74
1755216000,0.387,0.388,0.386,0.388,41250.23
1755216900,0.389,0.389,0.385,0.385,12738.2
1755217800,0.385,0.388,0.385,0.387,38314.76
1755218700,0.388,0.388,0.386,0.386,29589.16
1755219600,0.386,0.387,0.385,0.387,22008.57
1755220500,0.387,0.39,0.387,0.389,53337.25
1755221400,0.389,0.389,0.387,0.389,41728.82
1755222300,0.389,0.39,0.389,0.389,7141.94
1755223200,0.389,0.391,0.389,0.39,24781.64
1755224100,0.39,0.391,0.389,0.39,44233.97
1755225000,0.391,0.391,0.389,0.39,4017.94
1755225900,0.39,0.391,0.39,0.39,8029.379999999999
1755226800,0.39,0.391,0.389,0.39,15103.56
1755227700,0.39,0.392,0.39,0.391,25122.23
1755228600,0.391,0.394,0.391,0.393,82870.53
1755229500,0.393,0.394,0.392,0.393,23578.309999999998
1755230400,0.393,0.394,0.391,0.394,46371.81
1755231300,0.394,0.394,0.391,0.392,57269.79
1755232200,0.392,0.393,0.391,0.392,9062.19
1755233100,0.392,0.393,0.391,0.392,783.75
1755234000,0.392,0.392,0.392,0.392,12226.25
1755234900,0.392,0.392,0.391,0.392,33313.47
1755235800,0.392,0.392,0.39,0.392,21419.26
1755236700,0.392,0.393,0.391,0.393,17856.559999999998
1755237600,0.394,0.396,0.394,0.395,61407.84
1755238500,0.394,0.396,0.393,0.396,26762.43
1755239400,0.396,0.397,0.396,0.396,18544.91
1755240300,0.396,0.396,0.395,0.395,37493.25
1755241200,0.395,0.395,0.394,0.394,9017.26
1755242100,0.394,0.395,0.393,0.394,8255.45
1755243000,0.394,0.395,0.393,0.394,11303.710000000001
1755243900,0.394,0.395,0.393,0.395,5385.16
1755244800,0.395,0.395,0.393,0.393,30046.16
1755245700,0.393,0.396,0.393,0.396,18872.41
1755246600,0.395,0.396,0.394,0.394,12974.68
1755247500,0.394,0.395,0.393,0.394,6219.55
1755248400,0.394,0.395,0.393,0.393,27550.62
1755249300,0.394,0.394,0.391,0.391,35088.04
1755250200,0.391,0.392,0.39,0.391,28127.329999999998
1755251100,0.391,0.392,0.39,0.391,22525.710000000003
1755252000,0.39,0.392,0.389,0.391,18660.51
1755252900,0.39,0.393,0.39,0.391,7567.049999999999
1755253800,0.391,0.392,0.391,0.392,11607.779999999999
1755254700,0.391,0.391,0.39,0.39,10057.55
1755255600,0.39,0.391,0.39,0.39,23246.31
1755256500,0.39,0.39,0.388,0.388,16457.79
1755257400,0.389,0.39,0.388,0.389,25782.68
1755258300,0.39,0.391,0.389,0.39,4859.4
1755259200,0.389,0.39,0.388,0.389,10063.210000000001
1755260100,0.39,0.39,0.386,0.388,88472.52
1755261000,0.387,0.393,0.387,0.39,114922.18000000001
1755261900,0.39,0.392,0.389,0.39,31789.83
1755262800,0.389,0.391,0.389,0.389,43480.810000000005
1755263700,0.389,0.39,0.388,0.389,15673.26
1755264600,0.389,0.391,0.386,0.387,45221.16
1755265500,0.387,0.387,0.385,0.387,66570.01
1755266400,0.386,0.388,0.384,0.386,41408.28
1755267300,0.387,0.388,0.384,0.385,25526.36
1755268200,0.384,0.386,0.383,0.383,69261.7
1755269100,0.384,0.385,0.38,0.382,73570.52
1755270000,0.381,0.382,0.379,0.381,70553.53
1755270900,0.381,0.382,0.376,0.377,125812.23000000001
1755271800,0.377,0.379,0.374,0.375,83573.97
1755272700,0.374,0.377,0.374,0.377,27698.08
1755273600,0.376,0.376,0.373,0.374,91034.8
1755274500,0.374,0.376,0.374,0.376,35724.87
1755275400,0.376,0.378,0.376,0.377,21165.05
1755276300,0.378,0.38,0.378,0.379,24122.34
1755277200,0.379,0.379,0.377,0.378,16249.5
1755278100,0.378,0.382,0.376,0.38,97787.09
1755279000,0.38,0.382,0.379,0.382,22160.899999999998
1755279900,0.381,0.382,0.379,0.38,8800.12
1755280800,0.379,0.381,0.378,0.378,16001.84
1755281700,0.379,0.38,0.378,0.379,3495.44
1755282600,0.378,0.38,0.378,0.378,97605.77
1755283500,0.378,0.38,0.377,0.378,46203.78999999999
1755284400,0.377,0.378,0.376,0.378,12512.019999999999
1755285300,0.378,0.379,0.377,0.377,6692.52
1755286200,0.377,0.378,0.376,0.377,2902.34
1755287100,0.378,0.378,0.376,0.376,18371.95
1755288000,0.376,0.379,0.376,0.378,29935.79
1755288900,0.378,0.38,0.378,0.38,8353.29
1755289800,0.379,0.381,0.379,0.38,13368.179999999998
1755290700,0.379,0.381,0.378,0.381,18836.46
1755291600,0.38,0.382,0.379,0.379,30286.760000000002
1755292500,0.38,0.382,0.379,0.381,16495.63
1755293400,0.382,0.382,0.38,0.382,8623.36
1755294300,0.381,0.382,0.381,0.381,10891.0
1755295200,0.382,0.383,0.381,0.381,17999.62
1755296100,0.381,0.383,0.381,0.382,10444.5
1755297000,0.382,0.384,0.382,0.384,26396.94
1755297900,0.384,0.385,0.383,0.384,44218.939999999995
1755298800,0.384,0.386,0.382,0.382,25012.15
1755299700,0.383,0.383,0.381,0.382,19775.15
1755300600,0.382,0.383,0.381,0.382,3417.49
1755301500,0.382,0.383,0.381,0.383,27722.01
1755302400,0.383,0.385,0.382,0.384,22068.56
1755303300,0.384,0.385,0.383,0.384,10116.72
1755304200,0.384,0.386,0.384,0.386,21555.48
1755305100,0.386,0.387,0.385,0.386,96203.92
1755306000,0.387,0.387,0.385,0.387,95457.29000000001
1755306900,0.387,0.387,0.385,0.385,31565.55
1755307800,0.385,0.388,0.385,0.388,11328.96
1755308700,0.387,0.388,0.387,0.388,12706.91
1755309600,0.388,0.388,0.386,0.388,31437.079999999998
1755310500,0.388,0.388,0.386,0.387,16229.050000000001
1755311400,0.387,0.388,0.385,0.385,415826.42
1755312300,0.386,0.386,0.384,0.386,36084.71
1755313200,0.385,0.387,0.385,0.386,25998.07
1755314100,0.386,0.387,0.386,0.387,9417.359999999999
1755315000,0.386,0.386,0.385,0.386,29651.17
1755315900,0.386,0.387,0.385,0.386,15931.6
1755316800,0.385,0.386,0.384,0.385,688.95
1755317700,0.385,0.387,0.384,0.386,5646.84
1755318600,0.387,0.387,0.386,0.386,2401.64
1755319500,0.387,0.388,0.387,0.388,11217.63
1755320400,0.388,0.388,0.387,0.387,14170.390000000001
1755321300,0.387,0.387,0.385,0.386,5552.43
1755322200,0.385,0.386,0.384,0.384,325.81
1755323100,0.384,0.386,0.384,0.385,35811.62
1755324000,0.385,0.385,0.384,0.385,9599.17
1755324900,0.385,0.386,0.384,0.386,8885.8
1755325800,0.386,0.386,0.384,0.386,36899.619999999995
1755326700,0.385,0.386,0.385,0.386,14492.25
1755327600,0.385,0.387,0.385,0.386,38006.509999999995
1755328500,0.386,0.388,0.386,0.387,25287.7
1755329400,0.387,0.389,0.387,0.388,48424.85
1755330300,0.388,0.389,0.388,0.389,10731.859999999999
1755331200,0.388,0.389,0.387,0.387,25411.489999999998
1755332100,0.387,0.389,0.387,0.388,18396.11
1755333000,0.388,0.389,0.387,0.388,15348.26
1755333900,0.389,0.389,0.387,0.387,10296.09
1755334800,0.387,0.389,0.386,0.389,19096.239999999998
1755335700,0.389,0.39,0.388,0.39,37961.4
1755336600,0.389,0.39,0.389,0.389,1806.2099999999998
1755337500,0.389,0.39,0.386,0.386,47574.01
1755338400,0.386,0.388,0.384,0.388,47988.58
1755339300,0.387,0.388,0.386,0.388,25664.6
1755340200,0.388,0.388,0.386,0.387,15791.6
1755341100,0.387,0.388,0.387,0.387,26956.29
1755342000,0.388,0.39,0.387,0.389,13533.24
1755342900,0.39,0.392,0.389,0.391,114274.09
1755343800,0.39,0.391,0.389,0.389,11710.32
1755344700,0.389,0.389,0.388,0.388,5972.869999999999
1755345600,0.388,0.388,0.387,0.388,7320.780000000001
1755346500,0.388,0.39,0.388,0.389,23986.25
1755347400,0.39,0.391,0.389,0.389,7412.29
1755348300,0.39,0.391,0.389,0.39,8886.54
1755349200,0.39,0.392,0.39,0.39,13882.04
1755350100,0.391,0.393,0.39,0.391,53124.64
1755351000,0.391,0.392,0.39,0.39,5216.5
1755351900,0.389,0.389,0.387,0.388,16601.77
1755352800,0.388,0.389,0.387,0.389,8908.81
1755353700,0.389,0.392,0.388,0.392,36128.33
1755354600,0.391,0.391,0.389,0.39,24012.760000000002
1755355500,0.39,0.393,0.39,0.393,49628.15
1755356400,0.393,0.395,0.392,0.394,77223.34
1755357300,0.395,0.397,0.394,0.397,76309.38
1755358200,0.397,0.398,0.395,0.396,91673.72
1755359100,0.397,0.397,0.395,0.396,9303.43
1755360000,0.396,0.398,0.396,0.398,41022.719999999994
1755360900,0.398,0.398,0.396,0.396,15507.49
1755361800,0.396,0.397,0.395,0.396,4854.29
1755362700,0.396,0.397,0.395,0.396,22822.41
1755363600,0.396,0.397,0.395,0.396,14801.13
1755364500,0.395,0.396,0.394,0.396,48611.24
1755365400,0.396,0.396,0.393,0.394,8291.54
1755366300,0.395,0.395,0.393,0.394,26851.73
1755367200,0.394,0.395,0.393,0.395,30310.61
1755368100,0.395,0.396,0.394,0.395,7609.94
1755369000,0.395,0.395,0.394,0.394,4259.57
1755369900,0.394,0.394,0.393,0.394,3648.37
1755370800,0.394,0.395,0.391,0.394,306635.86000000004
1755371700,0.394,0.394,0.393,0.393,1094.77
1755372600,0.393,0.394,0.393,0.393,30318.09
1755373500,0.393,0.393,0.391,0.392,21645.38
1755374400,0.392,0.393,0.391,0.392,6050.17
1755375300,0.393,0.394,0.392,0.393,15061.9
1755376200,0.393,0.393,0.392,0.392,1588.39
1755377100,0.392,0.394,0.392,0.392,8734.97
1755378000,0.393,0.393,0.392,0.392,18189.010000000002
1755378900,0.392,0.393,0.392,0.393,3018.2400000000002
1755379800,0.392,0.393,0.392,0.392,1716.5299999999997
1755380700,0.392,0.393,0.392,0.392,287.78000000000003
1755381600,0.393,0.393,0.392,0.393,13636.71
1755382500,0.393,0.394,0.393,0.394,18783.86
1755383400,0.394,0.396,0.394,0.395,8949.95
1755384300,0.395,0.396,0.394,0.395,34140.21
1755385200,0.395,0.396,0.394,0.395,13024.38
1755386100,0.394,0.395,0.394,0.395,46064.02
1755387000,0.394,0.395,0.394,0.395,6855.6900000000005
1755387900,0.395,0.395,0.394,0.395,19714.800000000003
1755388800,0.395,0.398,0.395,0.395,296781.02
1755389700,0.395,0.396,0.395,0.395,21563.649999999998
1755390600,0.396,0.396,0.395,0.396,73759.73
1755391500,0.396,0.396,0.394,0.395,8822.42
1755392400,0.395,0.395,0.393,0.394,29418.559999999998
1755393300,0.394,0.394,0.393,0.394,21688.4
1755394200,0.393,0.395,0.393,0.394,30625.969999999998
1755395100,0.394,0.395,0.394,0.395,8187.05
1755396000,0.395,0.396,0.394,0.394,12826.98
1755396900,0.394,0.396,0.394,0.396,37529.880000000005
1755397800,0.396,0.397,0.395,0.397,25064.13
1755398700,0.397,0.398,0.395,0.398,97161.15
1755399600,0.399,0.399,0.398,0.398,60855.020000000004
1755400500,0.398,0.398,0.397,0.398,3172.4
1755401400,0.397,0.4,0.397,0.399,287532.77
1755402300,0.4,0.4,0.398,0.398,24961.579999999998
1755403200,0.398,0.4,0.398,0.398,4888.07
1755404100,0.398,0.4,0.398,0.399,19077.81
1755405000,0.399,0.4,0.398,0.399,17117.850000000002
1755405900,0.399,0.401,0.399,0.401,37587.049999999996
1755406800,0.401,0.401,0.4,0.4,69317.47
1755407700,0.4,0.401,0.4,0.401,20770.76
1755408600,0.401,0.401,0.4,0.4,9899.86
1755409500,0.4,0.401,0.4,0.401,3215.59
1755410400,0.401,0.402,0.401,0.401,8100.41
1755411300,0.401,0.402,0.4,0.401,11975.06
1755412200,0.401,0.401,0.399,0.4,35672.12
1755413100,0.399,0.399,0.398,0.398,8138.42
1755414000,0.398,0.401,0.398,0.4,23601.059999999998
1755414900,0.399,0.401,0.399,0.399,14833.77
1755415800,0.4,0.4,0.399,0.4,13993.439999999999
1755416700,0.399,0.4,0.399,0.399,2618.1200000000003
1755417600,0.399,0.4,0.399,0.399,805.0900000000001
1755418500,0.399,0.401,0.399,0.401,8327.85
1755419400,0.401,0.401,0.4,0.4,4885.56
1755420300,0.4,0.403,0.4,0.403,45120.45
1755421200,0.402,0.403,0.401,0.402,34113.82
1755422100,0.402,0.402,0.4,0.401,15111.81
1755423000,0.401,0.401,0.4,0.4,659.64
1755423900,0.4,0.402,0.4,0.401,24016.35
1755424800,0.401,0.401,0.4,0.4,6292.219999999999
1755425700,0.4,0.401,0.4,0.401,5007.25
1755426600,0.4,0.402,0.4,0.401,32830.27
1755427500,0.401,0.403,0.401,0.403,9316.43
1755428400,0.403,0.403,0.401,0.401,1473.69
1755429300,0.401,0.402,0.4,0.401,14279.980000000001
1755430200,0.401,0.402,0.401,0.402,1822.79
1755431100,0.401,0.403,0.401,0.402,38599.95
1755432000,0.402,0.403,0.402,0.402,29968.77
1755432900,0.402,0.403,0.402,0.402,33715.42
1755433800,0.402,0.403,0.401,0.401,10463.16
1755434700,0.402,0.402,0.4,0.401,13172.74
1755435600,0.401,0.401,0.399,0.399,40470.439999999995
1755436500,0.399,0.4,0.399,0.399,457.22
1755437400,0.399,0.401,0.399,0.401,23744.89
1755438300,0.401,0.402,0.401,0.402,5382.97
1755439200,0.401,0.402,0.401,0.401,30410.489999999998
1755440100,0.401,0.402,0.4,0.401,7103.35
1755441000,0.401,0.404,0.401,0.403,47517.24
1755441900,0.403,0.404,0.403,0.404,1601.27
1755442800,0.404,0.404,0.404,0.404,35287.51
1755443700,0.404,0.405,0.403,0.404,18910.78
1755444600,0.404,0.407,0.404,0.406,59863.46
1755445500,0.406,0.407,0.406,0.406,2446.77
1755446400,0.407,0.409,0.406,0.406,116318.43000000001
1755447300,0.407,0.407,0.405,0.407,38895.99
1755448200,0.406,0.406,0.404,0.405,34156.340000000004
1755449100,0.405,0.405,0.402,0.404,30027.589999999997
1755450000,0.404,0.405,0.404,0.404,10424.41
1755450900,0.403,0.405,0.403,0.404,19295.53
1755451800,0.404,0.405,0.404,0.404,3926.51
1755452700,0.405,0.405,0.404,0.404,1961.93
1755453600,0.404,0.406,0.404,0.405,14173.999999999998
1755454500,0.405,0.405,0.404,0.405,9977.52
1755455400,0.405,0.405,0.404,0.404,21162.600000000002
1755456300,0.404,0.405,0.399,0.402,819287.7999999999
1755457200,0.402,0.403,0.402,0.403,49655.35
1755458100,0.404,0.404,0.402,0.404,7226.34
1755459000,0.404,0.404,0.401,0.402,3019.76
1755459900,0.401,0.402,0.4,0.4,15463.250000000002
1755460800,0.401,0.401,0.4,0.4,48883.82
1755461700,0.401,0.401,0.401,0.401,2240.83
1755462600,0.401,0.401,0.4,0.401,13855.8
1755463500,0.401,0.401,0.4,0.4,17441.14
1755464400,0.4,0.4,0.399,0.399,26130.24
1755465300,0.399,0.4,0.399,0.399,16160.070000000002
1755466200,0.399,0.4,0.399,0.399,1726.56
1755467100,0.399,0.4,0.399,0.4,5687.32
1755468000,0.4,0.401,0.398,0.399,37890.2
1755468900,0.4,0.401,0.399,0.401,26816.79
1755469800,0.401,0.403,0.401,0.403,21938.8
1755470700,0.403,0.403,0.401,0.402,1276.5900000000001
1755471600,0.402,0.402,0.401,0.401,5368.879999999999
1755472500,0.401,0.401,0.4,0.4,15572.41
1755473400,0.4,0.4,0.398,0.4,32769.08
1755474300,0.4,0.4,0.398,0.399,41818.15
1755475200,0.398,0.4,0.397,0.399,79860.0
1755476100,0.398,0.398,0.397,0.397,61355.45
1755477000,0.397,0.398,0.396,0.398,45555.97
1755477900,0.398,0.398,0.396,0.396,9797.460000000001
1755478800,0.396,0.397,0.396,0.396,3809.59
1755479700,0.396,0.397,0.394,0.394,74532.13
1755480600,0.393,0.395,0.392,0.392,121894.02
1755481500,0.392,0.394,0.39,0.39,72924.78
1755482400,0.391,0.392,0.388,0.389,104344.06
1755483300,0.39,0.39,0.388,0.388,34817.67
1755484200,0.387,0.388,0.386,0.388,60058.46
1755485100,0.388,0.388,0.384,0.385,122554.90000000001
1755486000,0.384,0.386,0.384,0.384,22252.84
1755486900,0.384,0.385,0.384,0.384,23302.36
1755487800,0.384,0.384,0.381,0.383,140904.48
1755488700,0.383,0.386,0.383,0.385,42024.28
1755489600,0.384,0.384,0.382,0.384,21916.03
1755490500,0.383,0.384,0.383,0.384,30849.22
1755491400,0.384,0.386,0.384,0.385,40890.96
1755492300,0.385,0.385,0.385,0.385,9232.58
1755493200,0.385,0.387,0.385,0.386,20380.329999999998
1755494100,0.387,0.387,0.384,0.385,38381.770000000004
1755495000,0.385,0.385,0.383,0.383,31816.64
1755495900,0.383,0.384,0.382,0.384,45144.47
1755496800,0.385,0.385,0.383,0.383,48376.56
1755497700,0.382,0.382,0.379,0.379,97922.54
1755498600,0.379,0.381,0.378,0.379,82262.89000000001
1755499500,0.378,0.38,0.378,0.38,77583.95999999999
1755500400,0.38,0.381,0.379,0.38,42537.47
1755501300,0.38,0.381,0.379,0.38,29417.2
1755502200,0.38,0.382,0.379,0.381,30553.17
1755503100,0.381,0.381,0.379,0.38,34357.68
1755504000,0.379,0.38,0.379,0.379,19094.95
1755504900,0.379,0.38,0.378,0.38,21625.92
1755505800,0.38,0.38,0.378,0.378,29766.440000000002
1755506700,0.378,0.379,0.376,0.376,49734.95
1755507600,0.377,0.377,0.376,0.377,62910.39
1755508500,0.377,0.377,0.376,0.376,17399.37
1755509400,0.376,0.381,0.376,0.38,52859.54
1755510300,0.38,0.382,0.38,0.381,37984.55
1755511200,0.381,0.381,0.379,0.38,16241.340000000002
1755512100,0.38,0.381,0.379,0.38,26610.05
1755513000,0.379,0.381,0.379,0.381,24049.78
1755513900,0.382,0.382,0.379,0.38,29718.989999999998
1755514800,0.38,0.38,0.379,0.38,7118.049999999999
1755515700,0.38,0.38,0.379,0.379,11408.62
1755516600,0.379,0.379,0.377,0.379,123162.15000000001
1755517500,0.379,0.38,0.379,0.379,27825.99
1755518400,0.379,0.381,0.378,0.381,30193.09
1755519300,0.381,0.382,0.38,0.381,14747.84
1755520200,0.38,0.383,0.38,0.383,58905.38999999999
1755521100,0.383,0.384,0.382,0.384,32640.13
1755522000,0.384,0.384,0.383,0.383,18753.65
1755522900,0.383,0.385,0.383,0.384,48440.02
1755523800,0.384,0.385,0.381,0.381,68086.19
1755524700,0.382,0.382,0.38,0.38,54849.56
1755525600,0.38,0.382,0.379,0.382,66629.66
1755526500,0.381,0.381,0.38,0.381,11132.39
1755527400,0.38,0.381,0.379,0.38,32272.1
1755528300,0.38,0.382,0.378,0.382,16654.78
1755529200,0.382,0.383,0.38,0.38,10339.27
1755530100,0.381,0.381,0.379,0.38,28601.24
1755531000,0.379,0.382,0.379,0.381,19084.47
1755531900,0.381,0.383,0.381,0.383,9195.73
1755532800,0.383,0.384,0.382,0.383,52541.409999999996
1755533700,0.382,0.383,0.381,0.382,57872.62
1755534600,0.381,0.382,0.38,0.38,90357.73999999999
1755535500,0.38,0.382,0.38,0.38,48426.62
1755536400,0.38,0.38,0.379,0.38,33754.34
1755537300,0.381,0.383,0.381,0.383,78149.82
1755538200,0.383,0.386,0.383,0.385,82928.06
1755539100,0.385,0.385,0.383,0.383,38142.07
1755540000,0.383,0.383,0.381,0.383,43824.57
1755540900,0.382,0.384,0.382,0.384,9500.970000000001
1755541800,0.384,0.384,0.383,0.383,39917.74
1755542700,0.383,0.385,0.383,0.385,6447.12
1755543600,0.385,0.386,0.383,0.383,33787.36
1755544500,0.383,0.385,0.383,0.384,32888.76
1755545400,0.384,0.384,0.382,0.382,39116.75
1755546300,0.382,0.383,0.382,0.383,26368.96
1755547200,0.383,0.384,0.382,0.383,35948.99
1755548100,0.383,0.384,0.382,0.382,42355.020000000004
1755549000,0.382,0.383,0.379,0.381,70784.39
1755549900,0.381,0.382,0.381,0.381,11327.43
1755550800,0.382,0.382,0.381,0.382,30822.22
1755551700,0.382,0.383,0.381,0.383,17785.86
1755552600,0.383,0.383,0.381,0.381,78021.9
1755553500,0.382,0.383,0.381,0.383,14299.16
1755554400,0.384,0.387,0.384,0.387,118066.99
1755555300,0.387,0.387,0.386,0.387,253.92000000000002
1755556200,0.387,0.387,0.385,0.385,10202.01
1755557100,0.386,0.386,0.384,0.384,25896.09
1755558000,0.384,0.384,0.384,0.384,21146.77
1755558900,0.384,0.384,0.383,0.383,16277.66
1755559800,0.383,0.383,0.381,0.382,8015.8
1755560700,0.382,0.382,0.381,0.381,30367.64
1755561600,0.381,0.382,0.38,0.381,19547.05
1755562500,0.381,0.382,0.379,0.38,105580.76
1755563400,0.38,0.381,0.378,0.381,95505.38
1755564300,0.382,0.386,0.382,0.386,43856.17
1755565200,0.386,0.387,0.385,0.385,78918.49
1755566100,0.385,0.386,0.385,0.385,18044.059999999998
1755567000,0.384,0.384,0.383,0.383,31831.75
1755567900,0.383,0.383,0.382,0.383,11378.17
1755568800,0.383,0.383,0.381,0.382,39381.619999999995
1755569700,0.382,0.383,0.381,0.382,17832.94
1755570600,0.383,0.384,0.381,0.382,20549.44
1755571500,0.382,0.383,0.381,0.382,27023.38
1755572400,0.382,0.382,0.381,0.381,10443.8
1755573300,0.382,0.383,0.381,0.381,6684.34
1755574200,0.381,0.381,0.376,0.377,76239.57
1755575100,0.377,0.378,0.377,0.377,12469.88
1755576000,0.377,0.377,0.374,0.375,68644.38
1755576900,0.375,0.377,0.375,0.375,22967.010000000002
1755577800,0.375,0.378,0.375,0.377,53917.78
1755578700,0.377,0.379,0.376,0.378,19763.84
1755579600,0.378,0.38,0.377,0.378,33640.9
1755580500,0.379,0.38,0.378,0.38,11582.19
1755581400,0.38,0.38,0.379,0.38,26229.91
1755582300,0.38,0.38,0.378,0.379,16592.27
1755583200,0.379,0.379,0.377,0.377,18375.86
1755584100,0.378,0.379,0.377,0.378,19086.54
1755585000,0.378,0.38,0.377,0.379,366652.13999999996
1755585900,0.378,0.378,0.377,0.378,4211.14
1755586800,0.378,0.378,0.375,0.375,280131.72
1755587700,0.375,0.376,0.374,0.375,27536.420000000002
1755588600,0.375,0.378,0.375,0.377,28040.010000000002
1755589500,0.377,0.379,0.377,0.378,28128.690000000002
1755590400,0.378,0.379,0.376,0.378,12747.970000000001
1755591300,0.377,0.378,0.376,0.376,41498.08
1755592200,0.376,0.378,0.375,0.377,62131.89
1755593100,0.377,0.381,0.377,0.379,114073.19
1755594000,0.379,0.382,0.378,0.381,23710.13
1755594900,0.381,0.382,0.38,0.382,21969.05
1755595800,0.382,0.384,0.382,0.382,124389.65
1755596700,0.382,0.383,0.381,0.383,10318.35
1755597600,0.383,0.383,0.381,0.383,58230.219999999994
1755598500,0.382,0.384,0.382,0.383,15856.41
1755599400,0.383,0.384,0.383,0.384,28967.88
1755600300,0.384,0.384,0.382,0.383,6938.58
1755601200,0.383,0.383,0.382,0.382,1137.4299999999998
1755602100,0.383,0.384,0.383,0.384,32405.26
1755603000,0.384,0.384,0.382,0.383,5209.43
1755603900,0.383,0.384,0.382,0.384,6848.71
1755604800,0.384,0.385,0.383,0.384,5353.43
1755605700,0.384,0.384,0.382,0.383,102988.51
1755606600,0.383,0.383,0.382,0.382,6830.910000000001
1755607500,0.382,0.382,0.381,0.382,15966.58
1755608400,0.382,0.382,0.381,0.381,23472.41
1755609300,0.381,0.383,0.381,0.381,28994.54
1755610200,0.382,0.384,0.378,0.378,93093.88
1755611100,0.378,0.382,0.378,0.381,35309.28
1755612000,0.38,0.381,0.379,0.379,13777.12
1755612900,0.378,0.379,0.373,0.373,118379.74
1755613800,0.374,0.376,0.371,0.373,86667.69
1755614700,0.372,0.375,0.372,0.373,28167.31
1755615600,0.373,0.374,0.371,0.373,24115.29
1755616500,0.374,0.377,0.373,0.376,32432.11
1755617400,0.376,0.377,0.375,0.375,21915.05
1755618300,0.375,0.375,0.372,0.373,23282.489999999998
1755619200,0.373,0.373,0.371,0.371,34923.71
1755620100,0.371,0.373,0.371,0.371,17213.56
1755621000,0.371,0.372,0.369,0.371,80521.0
1755621900,0.371,0.371,0.37,0.371,16338.75
1755622800,0.371,0.371,0.368,0.37,52286.72
1755623700,0.371,0.371,0.37,0.371,9996.58
1755624600,0.371,0.372,0.37,0.371,18325.85
1755625500,0.371,0.371,0.37,0.371,10763.99
1755626400,0.371,0.371,0.37,0.37,3104.68
1755627300,0.37,0.372,0.37,0.37,22222.61
1755628200,0.37,0.371,0.368,0.368,13567.54
1755629100,0.368,0.369,0.366,0.367,77217.48
1755630000,0.367,0.367,0.365,0.366,56139.47
1755630900,0.366,0.372,0.365,0.372,43383.01
1755631800,0.372,0.372,0.37,0.37,5389.68
1755632700,0.37,0.37,0.368,0.368,10973.54
1755633600,0.368,0.369,0.367,0.367,45109.31
1755634500,0.367,0.369,0.367,0.368,15691.49
1755635400,0.368,0.37,0.368,0.369,1186.32
1755636300,0.369,0.371,0.369,0.371,9452.82
1755637200,0.37,0.37,0.368,0.37,13228.259999999998
1755638100,0.37,0.37,0.369,0.37,4024.97
1755639000,0.37,0.37,0.369,0.369,260.91
1755639900,0.369,0.37,0.369,0.37,5643.88
1755640800,0.37,0.37,0.368,0.369,18843.08
1755641700,0.369,0.369,0.367,0.369,16823.05
1755642600,0.369,0.37,0.369,0.369,11969.36
1755643500,0.368,0.369,0.368,0.369,1448.51
1755644400,0.368,0.369,0.367,0.367,3445.0299999999997
1755645300,0.367,0.369,0.367,0.367,26881.43
1755646200,0.367,0.367,0.366,0.366,18310.17
1755647100,0.366,0.366,0.365,0.366,20908.850000000002
1755648000,0.365,0.368,0.364,0.367,74914.17
1755648900,0.367,0.368,0.365,0.365,4707.59
1755649800,0.365,0.368,0.365,0.367,16576.61
1755650700,0.367,0.368,0.367,0.367,3074.4900000000002
1755651600,0.367,0.368,0.366,0.366,43119.14
1755652500,0.366,0.367,0.366,0.366,15873.970000000001
1755653400,0.366,0.366,0.364,0.364,50469.64
1755654300,0.364,0.369,0.364,0.368,39243.68
1755655200,0.368,0.369,0.367,0.369,12728.91
1755656100,0.369,0.37,0.369,0.37,18840.61
1755657000,0.369,0.369,0.368,0.369,7203.7
1755657900,0.369,0.369,0.368,0.368,12988.230000000001
1755658800,0.368,0.368,0.367,0.367,30892.78
1755659700,0.367,0.37,0.367,0.37,24022.170000000002
1755660600,0.37,0.37,0.368,0.368,45101.17
1755661500,0.368,0.369,0.368,0.368,6460.56
1755662400,0.368,0.37,0.368,0.37,20022.3
1755663300,0.369,0.37,0.369,0.37,23120.16
1755664200,0.369,0.37,0.369,0.37,20039.86
1755665100,0.37,0.371,0.369,0.37,26389.16
1755666000,0.37,0.37,0.369,0.369,6594.57
1755666900,0.369,0.37,0.368,0.37,25528.559999999998
1755667800,0.369,0.371,0.369,0.371,17635.72
1755668700,0.37,0.371,0.369,0.37,5870.83
1755669600,0.37,0.37,0.369,0.369,26203.07
1755670500,0.369,0.37,0.368,0.369,8572.93
1755671400,0.369,0.371,0.368,0.37,23632.079999999998
1755672300,0.37,0.37,0.369,0.369,5522.24
1755673200,0.369,0.371,0.369,0.37,16402.52
1755674100,0.37,0.371,0.37,0.37,8050.99
1755675000,0.37,0.37,0.368,0.369,1858.88
1755675900,0.369,0.37,0.369,0.369,1800.73
1755676800,0.368,0.37,0.368,0.37,12505.310000000001
1755677700,0.37,0.372,0.37,0.372,19253.72
1755678600,0.371,0.373,0.371,0.372,21949.440000000002
1755679500,0.372,0.374,0.372,0.373,37041.8
1755680400,0.373,0.374,0.373,0.374,8990.800000000001
1755681300,0.374,0.374,0.373,0.373,8344.88
1755682200,0.373,0.373,0.371,0.372,16675.75
1755683100,0.372,0.372,0.371,0.372,5142.82
1755684000,0.372,0.372,0.371,0.372,10234.68
1755684900,0.372,0.373,0.371,0.372,4530.72
1755685800,0.372,0.373,0.372,0.373,1222.8500000000001
1755686700,0.373,0.374,0.373,0.373,5967.0
1755687600,0.373,0.373,0.372,0.372,10213.349999999999
1755688500,0.372,0.373,0.371,0.372,5033.080000000001
1755689400,0.372,0.372,0.368,0.369,32945.46
1755690300,0.369,0.373,0.368,0.373,111433.01
1755691200,0.373,0.375,0.373,0.373,40069.79
1755692100,0.373,0.374,0.372,0.372,34213.07
1755693000,0.372,0.374,0.372,0.374,4764.0599999999995
1755693900,0.373,0.373,0.372,0.373,20013.78
1755694800,0.372,0.372,0.369,0.37,11432.63
1755695700,0.37,0.371,0.37,0.371,15937.11
1755696600,0.37,0.373,0.369,0.37,38645.29
1755697500,0.369,0.369,0.366,0.367,126859.03
1755698400,0.367,0.368,0.365,0.365,85512.11
1755699300,0.365,0.369,0.364,0.369,56061.86
1755700200,0.37,0.373,0.369,0.372,36743.56
1755701100,0.372,0.374,0.372,0.372,35126.27
1755702000,0.371,0.376,0.371,0.376,81251.47
1755702900,0.376,0.378,0.376,0.377,105083.09
1755703800,0.377,0.378,0.376,0.377,21157.95
1755704700,0.377,0.377,0.374,0.374,36806.35
1755705600,0.375,0.377,0.375,0.377,16687.8
1755706500,0.377,0.379,0.376,0.378,39219.16
1755707400,0.378,0.378,0.375,0.376,12597.92
1755708300,0.376,0.378,0.375,0.375,52437.829999999994
1755709200,0.376,0.378,0.376,0.376,58201.77
1755710100,0.376,0.377,0.375,0.375,23249.420000000002
1755711000,0.375,0.378,0.375,0.378,27510.55
1755711900,0.378,0.378,0.376,0.376,59606.12
1755712800,0.377,0.378,0.374,0.375,25756.25
1755713700,0.374,0.375,0.373,0.373,24616.75
1755714600,0.373,0.375,0.373,0.375,23957.36
1755715500,0.375,0.376,0.374,0.375,19424.23
1755716400,0.375,0.378,0.375,0.377,7637.329999999999
1755717300,0.377,0.38,0.377,0.379,53049.590000000004
1755718200,0.379,0.38,0.379,0.379,15408.18
1755719100,0.379,0.381,0.379,0.381,26028.08
1755720000,0.381,0.382,0.38,0.381,50780.21
1755720900,0.381,0.381,0.38,0.38,4856.68
1755721800,0.381,0.382,0.381,0.381,18176.15
1755722700,0.381,0.382,0.38,0.381,3083.73
1755723600,0.381,0.382,0.38,0.382,28779.36
1755724500,0.381,0.381,0.378,0.379,5576.16
1755725400,0.379,0.381,0.378,0.381,20292.94
1755726300,0.381,0.381,0.381,0.381,10166.75
1755727200,0.381,0.382,0.38,0.38,31226.14
1755728100,0.38,0.382,0.38,0.382,14143.0
1755729000,0.382,0.382,0.381,0.381,25554.649999999998
1755729900,0.381,0.383,0.381,0.382,43031.61
1755730800,0.382,0.382,0.381,0.381,7588.860000000001
1755731700,0.38,0.381,0.38,0.381,19440.460000000003
1755732600,0.38,0.381,0.379,0.38,35575.08
1755733500,0.38,0.381,0.379,0.38,10962.91
1755734400,0.38,0.381,0.38,0.38,26428.170000000002
1755735300,0.38,0.38,0.378,0.379,34712.2
1755736200,0.38,0.381,0.38,0.38,48214.880000000005
1755737100,0.38,0.381,0.38,0.381,15851.730000000001
1755738000,0.381,0.381,0.38,0.381,27556.52
1755738900,0.381,0.381,0.379,0.38,23243.05
1755739800,0.38,0.381,0.38,0.381,15282.189999999999
1755740700,0.381,0.383,0.38,0.382,23266.47
1755741600,0.383,0.383,0.38,0.381,122159.83
1755742500,0.38,0.38,0.379,0.379,23793.41
1755743400,0.379,0.38,0.379,0.38,34820.170000000006
1755744300,0.38,0.38,0.379,0.379,196.42000000000002
1755745200,0.38,0.384,0.38,0.383,37023.49
1755746100,0.383,0.383,0.381,0.383,13855.68
1755747000,0.383,0.383,0.381,0.382,16269.32
1755747900,0.382,0.382,0.381,0.381,3596.39
1755748800,0.381,0.382,0.38,0.38,28564.28
1755749700,0.38,0.381,0.379,0.38,14134.23
1755750600,0.38,0.382,0.38,0.381,9114.859999999999
1755751500,0.381,0.382,0.38,0.38,12634.16
1755752400,0.38,0.38,0.38,0.38,5794.08
1755753300,0.38,0.38,0.379,0.38,5406.1
1755754200,0.38,0.381,0.38,0.38,10005.43
1755755100,0.38,0.382,0.38,0.381,11162.4
1755756000,0.381,0.381,0.379,0.38,11344.53
1755756900,0.38,0.38,0.379,0.379,1242.6
1755757800,0.379,0.38,0.378,0.379,16583.14
1755758700,0.379,0.379,0.378,0.378,987.65
1755759600,0.378,0.379,0.377,0.377,38233.79
1755760500,0.377,0.378,0.375,0.377,45620.59
1755761400,0.377,0.378,0.377,0.378,2395.42
1755762300,0.378,0.379,0.378,0.379,4284.110000000001
1755763200,0.378,0.379,0.378,0.379,272.69
1755764100,0.378,0.378,0.376,0.376,17707.88
1755765000,0.376,0.377,0.375,0.376,36866.97
1755765900,0.376,0.376,0.375,0.375,44445.92
1755766800,0.375,0.375,0.374,0.375,15253.880000000001
1755767700,0.374,0.375,0.373,0.374,7326.199999999999
1755768600,0.374,0.376,0.374,0.375,4768.87
1755769500,0.376,0.377,0.375,0.375,22087.58
1755770400,0.375,0.376,0.374,0.375,6635.22
1755771300,0.375,0.375,0.375,0.375,12456.87
1755772200,0.375,0.376,0.374,0.376,10787.75
1755773100,0.376,0.376,0.375,0.375,14589.169999999998
1755774000,0.376,0.377,0.375,0.376,18757.79
1755774900,0.376,0.376,0.375,0.376,111.08
1755775800,0.376,0.377,0.375,0.375,30907.99
1755776700,0.375,0.375,0.374,0.375,16179.749999999998
1755777600,0.375,0.375,0.374,0.374,34022.590000000004
1755778500,0.374,0.374,0.373,0.374,34073.78
1755779400,0.374,0.375,0.374,0.374,4215.0
1755780300,0.374,0.374,0.372,0.372,27658.61
1755781200,0.372,0.374,0.372,0.374,15652.380000000001
1755782100,0.374,0.376,0.373,0.375,30405.579999999998
1755783000,0.374,0.378,0.374,0.376,64440.27
1755783900,0.376,0.376,0.374,0.374,19671.31
1755784800,0.374,0.378,0.373,0.377,70493.24
1755785700,0.377,0.378,0.376,0.378,37350.31
1755786600,0.378,0.378,0.373,0.374,46263.829999999994
1755787500,0.374,0.375,0.373,0.374,33038.869999999995
1755788400,0.374,0.375,0.372,0.372,119607.42
1755789300,0.371,0.374,0.371,0.374,37937.83
1755790200,0.374,0.375,0.373,0.374,18345.44
1755791100,0.373,0.373,0.372,0.372,347.96999999999997
1755792000,0.371,0.373,0.371,0.373,23297.57
1755792900,0.373,0.373,0.372,0.372,3398.1000000000004
1755793800,0.372,0.373,0.371,0.373,6122.68
1755794700,0.373,0.373,0.37,0.37,17644.02
1755795600,0.37,0.371,0.37,0.37,2827.92
1755796500,0.37,0.371,0.37,0.37,2756.4
1755797400,0.37,0.372,0.37,0.372,20020.94
1755798300,0.372,0.372,0.372,0.372,144.34
1755799200,0.372,0.372,0.372,0.372,321.7
1755800100,0.372,0.373,0.372,0.373,945.8399999999999
1755801000,0.373,0.373,0.373,0.373,19366.9
1755801900,0.373,0.374,0.372,0.374,7306.2300000000005
1755802800,0.374,0.375,0.374,0.375,10855.74
1755803700,0.375,0.375,0.373,0.373,2584.8100000000004
1755804600,0.373,0.373,0.372,0.372,10092.65
1755805500,0.371,0.372,0.37,0.372,21237.260000000002
1755806400,0.372,0.372,0.371,0.372,7757.51
1755807300,0.372,0.373,0.371,0.372,5958.030000000001
1755808200,0.372,0.372,0.37,0.371,44303.28
1755809100,0.371,0.374,0.371,0.373,14042.22
1755810000,0.373,0.374,0.372,0.374,17880.010000000002
1755810900,0.374,0.374,0.373,0.374,112.87
1755811800,0.374,0.375,0.374,0.374,8940.41
1755812700,0.374,0.375,0.374,0.375,1483.42
1755813600,0.375,0.376,0.375,0.376,30.99
1755814500,0.376,0.376,0.375,0.375,339.15999999999997
1755815400,0.375,0.375,0.375,0.375,3956.55
1755816300,0.375,0.375,0.375,0.375,3683.45
1755817200,0.375,0.375,0.373,0.374,5317.66
1755818100,0.374,0.374,0.372,0.374,2537.04
1755819000,0.374,0.374,0.372,0.372,2986.27
1755819900,0.373,0.374,0.372,0.374,14688.0
1755820800,0.374,0.375,0.373,0.374,5161.88
1755821700,0.374,0.374,0.373,0.374,6965.9400000000005
1755822600,0.374,0.374,0.373,0.373,11430.970000000001
1755823500,0.373,0.373,0.371,0.372,9612.61
1755824400,0.372,0.372,0.37,0.37,18075.85
1755825300,0.37,0.373,0.37,0.371,11936.74
1755826200,0.372,0.372,0.371,0.372,15267.240000000002
1755827100,0.372,0.373,0.372,0.373,3774.6899999999996
1755828000,0.372,0.375,0.372,0.375,16622.9
1755828900,0.375,0.376,0.374,0.376,40742.770000000004
1755829800,0.375,0.376,0.375,0.375,15566.47
1755830700,0.375,0.376,0.374,0.374,3384.75
1755831600,0.374,0.375,0.373,0.375,7510.57
1755832500,0.375,0.375,0.373,0.373,958.9
1755833400,0.373,0.373,0.37,0.37,50228.83
1755834300,0.37,0.371,0.369,0.37,25956.23
1755835200,0.37,0.372,0.37,0.372,17668.030000000002
1755836100,0.372,0.373,0.372,0.372,4810.1
1755837000,0.372,0.373,0.371,0.372,12094.93
1755837900,0.371,0.372,0.37,0.371,59889.53
1755838800,0.371,0.371,0.37,0.371,15120.5
1755839700,0.371,0.371,0.37,0.37,5383.16
1755840600,0.37,0.371,0.37,0.371,12162.43
1755841500,0.371,0.372,0.371,0.372,6536.19
1755842400,0.372,0.373,0.372,0.372,2075.65
1755843300,0.373,0.373,0.371,0.372,19338.48
1755844200,0.372,0.372,0.37,0.37,11336.07
1755845100,0.37,0.371,0.369,0.37,6658.84
1755846000,0.37,0.373,0.37,0.371,18286.71
1755846900,0.371,0.372,0.371,0.372,16391.87
1755847800,0.372,0.373,0.372,0.373,1533.46
1755848700,0.373,0.374,0.373,0.373,20336.1
1755849600,0.372,0.375,0.372,0.373,14099.62
1755850500,0.374,0.375,0.373,0.374,9005.08
1755851400,0.374,0.374,0.373,0.373,12698.7
1755852300,0.373,0.373,0.372,0.372,15074.66
1755853200,0.372,0.372,0.371,0.371,27728.699999999997
1755854100,0.371,0.372,0.37,0.372,13079.71
1755855000,0.371,0.372,0.371,0.372,2629.45
1755855900,0.372,0.373,0.371,0.372,30058.4
1755856800,0.372,0.372,0.37,0.371,29601.4
1755857700,0.37,0.37,0.369,0.37,25434.67
1755858600,0.37,0.37,0.369,0.369,14962.289999999999
1755859500,0.369,0.369,0.369,0.369,10922.380000000001
1755860400,0.369,0.369,0.367,0.367,30469.999999999996
1755861300,0.367,0.367,0.366,0.367,34005.45
1755862200,0.367,0.367,0.366,0.367,3922.83
1755863100,0.367,0.368,0.366,0.366,60350.49
1755864000,0.365,0.366,0.362,0.364,92270.0
1755864900,0.363,0.364,0.362,0.362,35503.54
1755865800,0.362,0.363,0.36,0.362,100549.64
1755866700,0.364,0.366,0.363,0.363,18042.36
1755867600,0.363,0.364,0.362,0.363,18421.39
1755868500,0.363,0.364,0.361,0.364,24245.15
1755869400,0.362,0.369,0.362,0.367,88280.35
1755870300,0.367,0.369,0.365,0.365,18490.05
1755871200,0.366,0.383,0.366,0.383,473576.41000000003
1755872100,0.383,0.386,0.377,0.384,422805.04
1755873000,0.384,0.387,0.384,0.385,166233.62
1755873900,0.387,0.389,0.386,0.388,89327.85
1755874800,0.388,0.391,0.388,0.39,124706.99999999999
1755875700,0.39,0.392,0.39,0.391,50225.380000000005
1755876600,0.392,0.393,0.391,0.393,25232.260000000002
1755877500,0.393,0.393,0.392,0.392,137580.31
1755878400,0.392,0.401,0.392,0.401,170007.68
1755879300,0.4,0.402,0.399,0.401,87964.84
1755880200,0.402,0.403,0.4,0.402,168654.82
1755881100,0.402,0.403,0.401,0.403,76169.20999999999
1755882000,0.403,0.405,0.402,0.405,152784.61
1755882900,0.406,0.409,0.405,0.409,193595.26
1755883800,0.409,0.409,0.405,0.407,71572.2
1755884700,0.407,0.407,0.405,0.406,32486.730000000003
1755885600,0.407,0.408,0.406,0.406,58907.0
1755886500,0.406,0.407,0.404,0.406,55380.81
1755887400,0.406,0.408,0.406,0.408,71036.54000000001
1755888300,0.408,0.409,0.406,0.406,50124.79
1755889200,0.407,0.409,0.407,0.408,35035.74
1755890100,0.408,0.409,0.408,0.409,19584.41
1755891000,0.408,0.41,0.408,0.41,66535.72
1755891900,0.41,0.411,0.409,0.411,30819.949999999997
1755892800,0.411,0.412,0.409,0.41,89673.2
1755893700,0.41,0.412,0.41,0.41,50272.159999999996
1755894600,0.411,0.411,0.41,0.411,21119.15
1755895500,0.411,0.412,0.41,0.412,17193.11
1755896400,0.412,0.415,0.411,0.413,97136.01000000001
1755897300,0.413,0.415,0.411,0.413,94944.51
1755898200,0.415,0.415,0.413,0.414,10008.29
1755899100,0.414,0.414,0.412,0.412,13538.34
1755900000,0.413,0.415,0.412,0.412,76059.07
1755900900,0.412,0.414,0.412,0.412,4413.83
1755901800,0.413,0.414,0.41,0.412,52255.15
1755902700,0.411,0.412,0.41,0.411,31142.64
1755903600,0.412,0.412,0.411,0.411,27329.79
1755904500,0.411,0.413,0.41,0.413,16201.840000000002
1755905400,0.413,0.413,0.412,0.413,15524.09
1755906300,0.413,0.413,0.412,0.412,20233.79
1755907200,0.413,0.414,0.412,0.413,33360.9
1755908100,0.412,0.414,0.412,0.414,13038.58
1755909000,0.414,0.415,0.411,0.411,25904.15
1755909900,0.411,0.412,0.411,0.411,5533.36
1755910800,0.412,0.413,0.41,0.412,15870.949999999999
1755911700,0.41,0.411,0.407,0.409,45907.22
1755912600,0.407,0.408,0.405,0.406,104793.43
1755913500,0.405,0.408,0.405,0.408,43241.23
1755914400,0.408,0.408,0.407,0.408,47300.48
1755915300,0.406,0.408,0.404,0.404,112676.26
1755916200,0.404,0.405,0.4,0.402,114642.3
1755917100,0.402,0.405,0.402,0.404,38744.19
1755918000,0.404,0.405,0.403,0.405,36403.340000000004
1755918900,0.405,0.405,0.403,0.404,6027.19
1755919800,0.404,0.404,0.402,0.402,27053.34
1755920700,0.401,0.404,0.401,0.404,49681.74
1755921600,0.404,0.405,0.403,0.404,10861.13
1755922500,0.404,0.404,0.403,0.403,3711.82
1755923400,0.404,0.407,0.403,0.406,50591.3
1755924300,0.406,0.408,0.405,0.407,40132.65
1755925200,0.407,0.408,0.407,0.407,16542.77
1755926100,0.408,0.41,0.407,0.409,56451.87
1755927000,0.41,0.411,0.409,0.411,43945.41
1755927900,0.411,0.412,0.41,0.411,43272.99
1755928800,0.411,0.412,0.41,0.41,41603.11
1755929700,0.411,0.412,0.41,0.412,90581.40999999999
1755930600,0.411,0.411,0.409,0.409,16684.45
1755931500,0.41,0.411,0.409,0.411,9721.31
1755932400,0.41,0.411,0.409,0.411,43550.79
1755933300,0.411,0.411,0.408,0.409,5033.12
1755934200,0.409,0.409,0.407,0.408,32324.62
1755935100,0.407,0.407,0.405,0.405,22138.55
1755936000,0.406,0.408,0.406,0.407,22937.47
1755936900,0.408,0.409,0.405,0.406,48603.95
1755937800,0.406,0.407,0.406,0.407,1721.23
1755938700,0.407,0.408,0.406,0.407,14605.56
1755939600,0.407,0.407,0.406,0.407,9681.01
1755940500,0.407,0.407,0.407,0.407,332.16
1755941400,0.406,0.408,0.406,0.408,3039.69
1755942300,0.408,0.409,0.406,0.408,12152.22
1755943200,0.408,0.409,0.407,0.407,20479.52
1755944100,0.407,0.407,0.405,0.406,52366.29
1755945000,0.406,0.406,0.405,0.406,20197.34
1755945900,0.406,0.406,0.404,0.405,19751.69
1755946800,0.405,0.407,0.405,0.407,17263.78
1755947700,0.407,0.407,0.405,0.405,9969.26
1755948600,0.405,0.406,0.405,0.406,17037.03
1755949500,0.405,0.407,0.405,0.405,15847.42
1755950400,0.405,0.406,0.404,0.406,49146.6
1755951300,0.407,0.407,0.406,0.406,25231.46
1755952200,0.406,0.407,0.406,0.406,19576.96
1755953100,0.407,0.407,0.405,0.406,48795.009999999995
1755954000,0.405,0.406,0.405,0.405,34825.09
1755954900,0.405,0.406,0.405,0.405,15146.86
1755955800,0.405,0.405,0.403,0.403,38956.45
1755956700,0.404,0.405,0.404,0.405,17870.95
1755957600,0.404,0.405,0.403,0.405,33004.78
1755958500,0.404,0.405,0.404,0.405,18535.0
1755959400,0.405,0.406,0.403,0.404,24948.09
1755960300,0.404,0.405,0.403,0.404,7354.9400000000005
1755961200,0.404,0.405,0.403,0.404,30276.0
1755962100,0.404,0.405,0.403,0.404,29839.79
1755963000,0.405,0.406,0.405,0.405,12029.800000000001
1755963900,0.405,0.405,0.404,0.404,2996.31
1755964800,0.404,0.406,0.404,0.404,20407.15
1755965700,0.405,0.407,0.405,0.406,27433.62
1755966600,0.406,0.406,0.404,0.404,12743.74
1755967500,0.404,0.404,0.404,0.404,12588.61
1755968400,0.405,0.406,0.405,0.405,7369.0
1755969300,0.405,0.406,0.405,0.405,12181.830000000002
1755970200,0.405,0.405,0.404,0.405,5641.05
1755971100,0.405,0.405,0.404,0.404,1302.62
1755972000,0.404,0.405,0.404,0.405,12118.28
1755972900,0.405,0.406,0.404,0.405,19219.83
1755973800,0.405,0.406,0.405,0.406,230.92
1755974700,0.406,0.406,0.405,0.405,67.1
1755975600,0.406,0.407,0.406,0.406,9928.31
1755976500,0.406,0.406,0.406,0.406,50.419999999999995
1755977400,0.406,0.408,0.406,0.408,37217.759999999995
1755978300,0.408,0.41,0.408,0.409,19251.58
1755979200,0.409,0.409,0.407,0.408,29917.920000000002
1755980100,0.408,0.409,0.408,0.409,5690.87
1755981000,0.408,0.408,0.406,0.407,33926.299999999996
1755981900,0.407,0.409,0.407,0.409,13794.619999999999
1755982800,0.408,0.409,0.406,0.407,76241.99
1755983700,0.407,0.407,0.406,0.406,23914.9
1755984600,0.406,0.407,0.405,0.406,5895.8
1755985500,0.406,0.407,0.406,0.407,677.87
1755986400,0.407,0.408,0.407,0.407,5201.23
1755987300,0.407,0.407,0.406,0.406,4522.3
1755988200,0.406,0.407,0.406,0.407,6763.18
1755989100,0.407,0.409,0.407,0.408,51164.159999999996
1755990000,0.408,0.408,0.408,0.408,4381.43
1755990900,0.408,0.409,0.408,0.409,21910.28
1755991800,0.409,0.41,0.408,0.409,17860.510000000002
1755992700,0.409,0.409,0.408,0.408,10377.23
1755993600,0.408,0.41,0.408,0.409,10244.93
1755994500,0.409,0.411,0.408,0.41,43429.67
1755995400,0.41,0.411,0.409,0.411,26713.19
1755996300,0.411,0.411,0.41,0.41,22237.41
1755997200,0.41,0.41,0.408,0.409,58329.2
1755998100,0.409,0.41,0.408,0.408,37517.2
1755999000,0.408,0.409,0.408,0.409,19767.74
1755999900,0.409,0.41,0.409,0.409,10920.58
1756000800,0.408,0.408,0.407,0.408,36378.85
1756001700,0.407,0.408,0.407,0.408,18868.44
1756002600,0.408,0.409,0.407,0.407,22970.66
1756003500,0.407,0.407,0.407,0.407,23974.45
1756004400,0.407,0.407,0.406,0.406,21272.02
1756005300,0.405,0.405,0.404,0.405,53496.14000000001
1756006200,0.405,0.405,0.404,0.405,35913.37
1756007100,0.405,0.407,0.405,0.407,10087.92
1756008000,0.407,0.407,0.406,0.406,20359.96
1756008900,0.406,0.406,0.405,0.405,2279.45
1756009800,0.405,0.406,0.405,0.406,13056.59
1756010700,0.406,0.407,0.406,0.407,11173.23
1756011600,0.407,0.407,0.406,0.406,19606.12
1756012500,0.405,0.406,0.405,0.406,18496.370000000003
1756013400,0.406,0.406,0.404,0.405,38393.71
1756014300,0.405,0.405,0.404,0.404,11488.98
1756015200,0.405,0.405,0.403,0.404,9112.26
1756016100,0.403,0.403,0.401,0.402,88322.03
1756017000,0.402,0.402,0.4,0.4,35931.28
1756017900,0.4,0.4,0.398,0.398,61015.69
1756018800,0.398,0.4,0.397,0.4,54583.19
1756019700,0.4,0.4,0.398,0.4,21959.45
1756020600,0.4,0.4,0.399,0.399,3927.22
1756021500,0.399,0.4,0.397,0.397,3233.32
1756022400,0.397,0.399,0.397,0.399,30370.31
1756023300,0.4,0.4,0.398,0.398,9070.39
1756024200,0.398,0.399,0.398,0.399,4048.97
1756025100,0.399,0.399,0.398,0.399,12743.37
1756026000,0.399,0.399,0.397,0.398,7622.14
1756026900,0.398,0.399,0.396,0.397,25642.13
1756027800,0.397,0.398,0.397,0.398,34409.72
1756028700,0.398,0.399,0.398,0.399,9104.939999999999
1756029600,0.398,0.399,0.396,0.397,20514.11
1756030500,0.397,0.397,0.394,0.395,48253.89
1756031400,0.394,0.394,0.393,0.393,44537.630000000005
1756032300,0.394,0.395,0.393,0.393,16745.77
1756033200,0.393,0.395,0.393,0.394,11934.779999999999
1756034100,0.394,0.394,0.392,0.394,24975.35
1756035000,0.395,0.396,0.394,0.394,5975.32
1756035900,0.394,0.395,0.394,0.395,4103.18
1756036800,0.395,0.395,0.393,0.395,5761.12
1756037700,0.395,0.396,0.395,0.395,11179.1
1756038600,0.395,0.395,0.394,0.395,4035.3199999999997
1756039500,0.395,0.397,0.395,0.396,20058.98
1756040400,0.396,0.397,0.396,0.396,8704.98
1756041300,0.398,0.399,0.397,0.399,1868.2300000000002
1756042200,0.399,0.399,0.397,0.397,9558.38
1756043100,0.397,0.398,0.396,0.396,1215.89
1756044000,0.396,0.396,0.394,0.395,7375.34
1756044900,0.395,0.398,0.395,0.396,11539.66
1756045800,0.396,0.396,0.395,0.396,11512.21
1756046700,0.396,0.399,0.396,0.398,22375.52
1756047600,0.398,0.401,0.397,0.4,55771.25
1756048500,0.4,0.402,0.4,0.401,3898.32
1756049400,0.401,0.401,0.399,0.399,10594.619999999999
1756050300,0.399,0.4,0.397,0.397,7715.02
1756051200,0.397,0.399,0.397,0.398,12531.53
1756052100,0.398,0.398,0.397,0.397,14308.89
1756053000,0.397,0.4,0.396,0.399,26155.559999999998
1756053900,0.398,0.399,0.397,0.399,6510.35
1756054800,0.399,0.401,0.398,0.401,23677.079999999998
1756055700,0.402,0.402,0.401,0.401,29168.519999999997
1756056600,0.401,0.406,0.401,0.406,118758.47
1756057500,0.406,0.408,0.405,0.406,77837.03
1756058400,0.406,0.41,0.405,0.409,94115.43
1756059300,0.409,0.414,0.408,0.414,193430.45
1756060200,0.413,0.417,0.413,0.416,146702.46
1756061100,0.416,0.419,0.416,0.417,95786.48
1756062000,0.416,0.42,0.416,0.419,88689.29000000001
1756062900,0.418,0.42,0.417,0.418,90715.04
1756063800,0.417,0.417,0.4,0.411,640267.26
1756064700,0.412,0.412,0.405,0.408,93116.59
1756065600,0.408,0.408,0.399,0.403,173554.07
1756066500,0.403,0.408,0.403,0.407,34722.54
1756067400,0.407,0.408,0.406,0.408,34662.619999999995
1756068300,0.408,0.408,0.405,0.406,41032.810000000005
1756069200,0.406,0.407,0.404,0.407,33650.36
1756070100,0.407,0.408,0.405,0.405,17620.0
1756071000,0.405,0.41,0.405,0.408,51613.299999999996
1756071900,0.408,0.409,0.407,0.407,9493.18
1756072800,0.407,0.407,0.405,0.405,12168.26
1756073700,0.405,0.405,0.402,0.402,34121.21
1756074600,0.402,0.404,0.402,0.404,18180.74
1756075500,0.404,0.405,0.404,0.405,11290.59
1756076400,0.405,0.407,0.405,0.406,34489.23
1756077300,0.406,0.408,0.406,0.407,5062.11
1756078200,0.406,0.407,0.406,0.407,16674.89
1756079100,0.407,0.408,0.405,0.406,19450.13
1756080000,0.406,0.408,0.405,0.407,103126.55
1756080900,0.407,0.407,0.406,0.406,29443.95
1756081800,0.405,0.405,0.398,0.399,139940.62
1756082700,0.4,0.403,0.4,0.403,50579.94
1756083600,0.401,0.403,0.401,0.402,23765.35
1756084500,0.402,0.406,0.401,0.404,64635.94
1756085400,0.404,0.405,0.403,0.405,16641.1
1756086300,0.403,0.406,0.403,0.405,5288.13
1756087200,0.405,0.408,0.405,0.408,46104.84
1756088100,0.408,0.411,0.407,0.41,78241.98999999999
1756089000,0.41,0.411,0.408,0.411,56622.87
1756089900,0.41,0.413,0.41,0.412,60151.79
1756090800,0.412,0.413,0.41,0.41,22418.69
1756091700,0.412,0.412,0.409,0.409,9822.550000000001
1756092600,0.409,0.411,0.409,0.411,10829.68
1756093500,0.411,0.412,0.409,0.409,25697.14
1756094400,0.41,0.411,0.409,0.409,17594.99
1756095300,0.409,0.41,0.408,0.408,30522.329999999998
1756096200,0.408,0.409,0.406,0.407,23259.579999999998
1756097100,0.408,0.408,0.404,0.404,97943.33
1756098000,0.405,0.405,0.401,0.402,111130.37
1756098900,0.402,0.403,0.401,0.402,26436.84
1756099800,0.402,0.402,0.401,0.402,15455.73
1756100700,0.402,0.403,0.401,0.401,11927.51
1756101600,0.4,0.4,0.398,0.399,60893.67
1756102500,0.399,0.4,0.397,0.398,35852.68
1756103400,0.399,0.399,0.396,0.397,47183.61
1756104300,0.396,0.396,0.394,0.394,52083.91
1756105200,0.395,0.396,0.393,0.395,43228.21
1756106100,0.396,0.396,0.393,0.394,23810.16
1756107000,0.394,0.394,0.392,0.394,40186.33
1756107900,0.393,0.393,0.389,0.391,135565.63999999998
1756108800,0.39,0.39,0.388,0.39,55708.64
1756109700,0.391,0.392,0.39,0.39,18302.86
1756110600,0.39,0.392,0.389,0.39,8886.65
1756111500,0.39,0.392,0.39,0.391,20827.54
1756112400,0.391,0.392,0.389,0.389,13365.72
1756113300,0.391,0.391,0.39,0.39,9698.7
1756114200,0.389,0.391,0.389,0.391,9868.050000000001
1756115100,0.391,0.391,0.39,0.391,8875.17
1756116000,0.391,0.391,0.388,0.39,9283.06
1756116900,0.39,0.39,0.386,0.387,62835.87
1756117800,0.387,0.388,0.386,0.388,13610.26
1756118700,0.388,0.39,0.387,0.388,18542.010000000002
1756119600,0.388,0.389,0.387,0.387,21978.5
1756120500,0.387,0.389,0.387,0.388,15183.3
1756121400,0.389,0.39,0.388,0.389,13560.73
1756122300,0.388,0.391,0.388,0.389,14704.72
1756123200,0.389,0.39,0.389,0.39,17384.54
1756124100,0.39,0.391,0.389,0.39,10452.98
1756125000,0.39,0.391,0.389,0.391,11295.06
1756125900,0.39,0.39,0.389,0.39,7253.01
1756126800,0.39,0.391,0.389,0.39,8245.95
1756127700,0.389,0.391,0.388,0.391,33196.77
1756128600,0.39,0.39,0.388,0.389,11903.75
1756129500,0.389,0.391,0.388,0.391,30533.53
1756130400,0.391,0.394,0.389,0.393,54196.299999999996
1756131300,0.393,0.395,0.392,0.393,30717.0
1756132200,0.392,0.393,0.391,0.392,20868.06
1756133100,0.391,0.392,0.391,0.392,2773.89
1756134000,0.392,0.392,0.389,0.391,9246.52
1756134900,0.389,0.391,0.389,0.39,5122.04
1756135800,0.39,0.391,0.389,0.39,5719.6900000000005
1756136700,0.39,0.39,0.388,0.389,15006.02
1756137600,0.389,0.391,0.388,0.39,24392.760000000002
1756138500,0.39,0.391,0.389,0.389,12416.61
1756139400,0.388,0.391,0.388,0.389,11516.07
1756140300,0.389,0.389,0.387,0.387,29522.35
1756141200,0.387,0.387,0.385,0.386,64918.549999999996
1756142100,0.386,0.387,0.385,0.386,6547.98
1756143000,0.386,0.386,0.385,0.385,15746.22
1756143900,0.385,0.387,0.385,0.386,7315.36
1756144800,0.386,0.388,0.385,0.388,9177.16
1756145700,0.388,0.388,0.386,0.386,6033.64
1756146600,0.386,0.387,0.385,0.386,15184.759999999998
1756147500,0.386,0.387,0.385,0.385,14422.3
1756148400,0.385,0.386,0.385,0.385,14705.17
1756149300,0.385,0.385,0.382,0.384,134808.99
1756150200,0.383,0.383,0.381,0.381,28046.769999999997
1756151100,0.382,0.382,0.375,0.377,385765.14
1756152000,0.377,0.378,0.371,0.374,255233.16999999998
1756152900,0.374,0.377,0.374,0.374,48268.84
1756153800,0.374,0.374,0.369,0.372,152992.24000000002
1756154700,0.372,0.372,0.369,0.369,23709.08
1756155600,0.369,0.371,0.368,0.368,74414.88
1756156500,0.369,0.37,0.367,0.367,54313.2
1756157400,0.367,0.368,0.366,0.366,89768.23999999999
1756158300,0.366,0.369,0.366,0.366,15659.21
1756159200,0.367,0.369,0.366,0.368,6394.35
1756160100,0.368,0.37,0.367,0.37,21680.16
1756161000,0.371,0.372,0.37,0.372,20047.22
1756161900,0.372,0.373,0.371,0.371,10646.539999999999
1756162800,0.37,0.372,0.37,0.372,13702.36
1756163700,0.372,0.373,0.371,0.371,24814.21
1756164600,0.371,0.373,0.371,0.373,19952.91
1756165500,0.373,0.374,0.372,0.373,31985.17
1756166400,0.372,0.373,0.37,0.37,111045.12
1756167300,0.371,0.372,0.369,0.371,29323.89
1756168200,0.371,0.372,0.369,0.369,48524.56
1756169100,0.369,0.371,0.368,0.371,61913.31
1756170000,0.37,0.372,0.369,0.37,31991.21
1756170900,0.37,0.373,0.37,0.373,8476.16
1756171800,0.373,0.375,0.373,0.374,32000.34
1756172700,0.374,0.375,0.373,0.374,19223.05
1756173600,0.374,0.377,0.374,0.376,78705.53
1756174500,0.376,0.376,0.374,0.375,5676.97
1756175400,0.375,0.375,0.372,0.373,19325.54
1756176300,0.373,0.374,0.372,0.372,22891.27
1756177200,0.372,0.373,0.372,0.372,14151.49
1756178100,0.372,0.374,0.371,0.373,38845.46
1756179000,0.373,0.374,0.373,0.374,1311.54
1756179900,0.374,0.374,0.373,0.374,12099.31
1756180800,0.374,0.375,0.374,0.375,1583.87
1756181700,0.375,0.376,0.373,0.374,8314.98
1756182600,0.374,0.376,0.374,0.375,18197.739999999998
1756183500,0.375,0.376,0.374,0.375,13509.130000000001
1756184400,0.375,0.376,0.374,0.374,13663.22
1756185300,0.374,0.375,0.374,0.375,10006.01
1756186200,0.374,0.377,0.374,0.377,7906.51
1756187100,0.377,0.377,0.375,0.375,5627.469999999999
1756188000,0.375,0.376,0.374,0.376,11999.449999999999
1756188900,0.376,0.376,0.373,0.374,5440.67
1756189800,0.375,0.375,0.374,0.374,3840.1800000000003
1756190700,0.374,0.374,0.373,0.373,4848.92
1756191600,0.373,0.374,0.373,0.373,29510.62
1756192500,0.373,0.374,0.372,0.373,21758.76
1756193400,0.373,0.378,0.373,0.376,33618.69
1756194300,0.376,0.377,0.375,0.375,11795.210000000001
1756195200,0.375,0.376,0.375,0.376,8722.27
1756196100,0.376,0.376,0.374,0.374,12359.55
1756197000,0.374,0.375,0.374,0.375,1669.1200000000001
1756197900,0.375,0.376,0.374,0.374,4294.85
1756198800,0.374,0.375,0.374,0.374,3383.96
1756199700,0.375,0.376,0.375,0.375,3348.12
1756200600,0.375,0.375,0.373,0.373,4831.13
1756201500,0.373,0.374,0.373,0.373,3368.75
1756202400,0.373,0.375,0.373,0.375,29649.86
1756203300,0.375,0.375,0.374,0.375,8324.490000000002
1756204200,0.374,0.376,0.374,0.376,5578.4400000000005
1756205100,0.376,0.377,0.375,0.376,13525.87
1756206000,0.376,0.377,0.376,0.376,25110.13
1756206900,0.376,0.376,0.375,0.375,15479.029999999999
1756207800,0.375,0.375,0.372,0.374,70157.37
1756208700,0.374,0.375,0.374,0.375,14667.36
1756209600,0.376,0.376,0.373,0.373,8001.93
1756210500,0.373,0.375,0.373,0.375,6007.23
1756211400,0.375,0.384,0.375,0.383,208252.08000000002
1756212300,0.383,0.384,0.378,0.381,63013.66
1756213200,0.381,0.381,0.379,0.379,23125.73
1756214100,0.38,0.38,0.378,0.379,13100.689999999999
1756215000,0.379,0.382,0.379,0.379,56498.36
1756215900,0.379,0.379,0.376,0.379,47464.17
1756216800,0.379,0.38,0.378,0.378,28258.14
1756217700,0.378,0.381,0.378,0.381,19367.53
1756218600,0.381,0.383,0.381,0.381,50380.380000000005
1756219500,0.381,0.385,0.381,0.384,48876.39
1756220400,0.384,0.385,0.382,0.382,7690.9
1756221300,0.383,0.384,0.382,0.382,19966.42
1756222200,0.382,0.382,0.38,0.38,6949.92
1756223100,0.38,0.381,0.38,0.38,14811.16
1756224000,0.38,0.382,0.38,0.38,18277.02
1756224900,0.38,0.382,0.38,0.382,19050.05
1756225800,0.382,0.383,0.381,0.383,4187.55
1756226700,0.383,0.384,0.382,0.384,14715.779999999999
1756227600,0.384,0.384,0.382,0.383,1208.49
1756228500,0.383,0.384,0.383,0.383,2121.5
1756229400,0.383,0.383,0.38,0.38,3898.34
1756230300,0.38,0.382,0.38,0.381,9807.24
1756231200,0.382,0.383,0.382,0.382,12049.44
1756232100,0.382,0.384,0.382,0.384,10981.82
1756233000,0.384,0.386,0.383,0.385,44688.409999999996
1756233900,0.385,0.385,0.384,0.384,7595.2
1756234800,0.384,0.385,0.383,0.384,22331.23
1756235700,0.384,0.387,0.384,0.387,36241.72
1756236600,0.387,0.387,0.386,0.386,5695.38
1756237500,0.386,0.389,0.386,0.389,45753.77
1756238400,0.389,0.39,0.387,0.389,51189.51
1756239300,0.389,0.39,0.389,0.39,7502.570000000001
1756240200,0.39,0.39,0.387,0.388,76251.88
1756241100,0.388,0.389,0.387,0.388,26142.329999999998
1756242000,0.387,0.388,0.386,0.386,4082.71
1756242900,0.386,0.387,0.386,0.387,1138.5900000000001
1756243800,0.387,0.388,0.386,0.386,3172.63
1756244700,0.386,0.388,0.386,0.388,9163.060000000001
1756245600,0.389,0.39,0.387,0.388,64705.020000000004
1756246500,0.388,0.39,0.387,0.388,13018.34
1756247400,0.388,0.388,0.388,0.388,4487.92
1756248300,0.388,0.388,0.387,0.387,2163.79
1756249200,0.388,0.39,0.388,0.389,42550.78
1756250100,0.389,0.389,0.387,0.387,25415.03
1756251000,0.387,0.387,0.386,0.387,18052.5
1756251900,0.387,0.387,0.386,0.387,3625.13
1756252800,0.387,0.388,0.387,0.387,76319.81999999999
1756253700,0.387,0.388,0.386,0.387,16897.920000000002
1756254600,0.387,0.387,0.386,0.386,54474.47
1756255500,0.386,0.386,0.385,0.385,18391.829999999998
1756256400,0.385,0.385,0.384,0.385,32696.01
1756257300,0.385,0.385,0.383,0.383,50322.97
1756258200,0.383,0.384,0.382,0.383,30635.070000000003
1756259100,0.383,0.384,0.383,0.384,8268.02
1756260000,0.384,0.385,0.383,0.383,14136.27
1756260900,0.383,0.386,0.383,0.385,21101.34
1756261800,0.385,0.386,0.385,0.386,12075.69
1756262700,0.386,0.386,0.385,0.385,19285.649999999998
1756263600,0.385,0.386,0.384,0.384,10252.960000000001
1756264500,0.384,0.384,0.383,0.384,4354.75
1756265400,0.384,0.385,0.384,0.385,14044.130000000001
1756266300,0.385,0.389,0.384,0.389,78064.06
1756267200,0.389,0.392,0.389,0.39,76767.12
1756268100,0.391,0.392,0.389,0.39,29398.62
1756269000,0.389,0.391,0.389,0.391,14934.71
1756269900,0.391,0.391,0.39,0.391,5397.06
1756270800,0.391,0.392,0.39,0.392,11113.55
1756271700,0.392,0.392,0.389,0.39,25983.88
1756272600,0.39,0.39,0.389,0.389,26498.559999999998
1756273500,0.389,0.389,0.388,0.388,11141.529999999999
1756274400,0.389,0.389,0.387,0.388,30887.72
1756275300,0.388,0.388,0.386,0.387,28657.579999999998
1756276200,0.387,0.388,0.387,0.387,34451.89
1756277100,0.386,0.386,0.385,0.385,98102.97
1756278000,0.385,0.385,0.384,0.384,50503.58
1756278900,0.384,0.384,0.384,0.384,2241.09
1756279800,0.384,0.384,0.384,0.384,9467.529999999999
1756280700,0.384,0.385,0.384,0.385,1135.8999999999999
1756281600,0.385,0.385,0.384,0.384,6652.47
1756282500,0.384,0.384,0.383,0.384,28845.120000000003
1756283400,0.384,0.385,0.383,0.384,45729.84
1756284300,0.384,0.386,0.384,0.386,14050.519999999999
1756285200,0.386,0.387,0.386,0.386,21064.55
1756286100,0.386,0.388,0.386,0.388,238555.4
1756287000,0.388,0.388,0.386,0.386,23122.11
1756287900,0.386,0.386,0.386,0.386,15743.77
1756288800,0.386,0.386,0.386,0.386,7743.2
1756289700,0.387,0.388,0.385,0.386,18447.73
1756290600,0.386,0.386,0.385,0.385,19683.05
1756291500,0.385,0.386,0.385,0.386,7605.860000000001
1756292400,0.386,0.387,0.385,0.386,27986.5
1756293300,0.385,0.386,0.385,0.385,2368.8199999999997
1756294200,0.385,0.386,0.385,0.385,3819.1200000000003
1756295100,0.385,0.387,0.385,0.386,6046.5
1756296000,0.386,0.387,0.385,0.385,9425.02
1756296900,0.386,0.386,0.385,0.386,9403.78
1756297800,0.386,0.386,0.384,0.385,7655.68
1756298700,0.385,0.386,0.384,0.386,4231.38
1756299600,0.387,0.387,0.384,0.385,27850.3
1756300500,0.385,0.386,0.385,0.385,23698.27
1756301400,0.385,0.388,0.384,0.388,82075.1
1756302300,0.387,0.388,0.385,0.385,4157.879999999999
1756303200,0.385,0.387,0.385,0.386,25338.18
1756304100,0.386,0.389,0.386,0.388,9683.85
1756305000,0.39,0.392,0.389,0.391,62498.68
1756305900,0.39,0.391,0.389,0.389,5859.9400000000005
1756306800,0.39,0.391,0.388,0.391,9480.089999999998
1756307700,0.391,0.391,0.389,0.389,18172.73
1756308600,0.389,0.39,0.389,0.39,26524.95
1756309500,0.39,0.391,0.39,0.391,6154.16
1756310400,0.39,0.391,0.39,0.39,14195.91
1756311300,0.39,0.394,0.389,0.39,67175.38
1756312200,0.391,0.391,0.389,0.39,4084.47
1756313100,0.39,0.392,0.39,0.391,5077.54
1756314000,0.391,0.391,0.389,0.389,6878.23
1756314900,0.389,0.391,0.389,0.39,2832.21
1756315800,0.391,0.393,0.391,0.393,17732.44
1756316700,0.393,0.394,0.393,0.393,21658.479999999996
1756317600,0.393,0.396,0.393,0.395,95634.17
1756318500,0.396,0.396,0.394,0.394,14674.060000000001
1756319400,0.394,0.395,0.393,0.393,48424.2
1756320300,0.393,0.395,0.392,0.392,81789.61
1756321200,0.392,0.392,0.389,0.39,56675.9
1756322100,0.39,0.391,0.39,0.39,77500.29
1756323000,0.39,0.391,0.39,0.391,2100.13
1756323900,0.39,0.39,0.389,0.389,7250.45
1756324800,0.389,0.389,0.385,0.388,118519.66
1756325700,0.388,0.392,0.385,0.391,354970.04000000004
1756326600,0.392,0.393,0.391,0.393,74193.89
1756327500,0.393,0.394,0.392,0.394,8400.19
1756328400,0.394,0.394,0.393,0.393,31141.12
1756329300,0.392,0.394,0.391,0.393,11045.050000000001
1756330200,0.393,0.393,0.391,0.392,3466.0099999999998
1756331100,0.392,0.392,0.39,0.39,2807.98
1756332000,0.39,0.39,0.387,0.388,50782.61
1756332900,0.388,0.389,0.388,0.389,8182.3099999999995
1756333800,0.389,0.392,0.389,0.391,9679.63
1756334700,0.391,0.392,0.39,0.39,17268.09
1756335600,0.391,0.392,0.39,0.39,32211.42
1756336500,0.39,0.391,0.389,0.39,1402.41
1756337400,0.39,0.39,0.388,0.388,50989.58
1756338300,0.388,0.389,0.388,0.389,11627.06
1756339200,0.388,0.391,0.388,0.39,30373.809999999998
1756340100,0.39,0.391,0.386,0.388,33638.19
1756341000,0.388,0.388,0.386,0.388,20985.36
1756341900,0.388,0.39,0.387,0.388,3132.1499999999996
1756342800,0.388,0.39,0.388,0.39,19920.35
1756343700,0.39,0.391,0.389,0.389,30172.66
1756344600,0.389,0.392,0.389,0.39,22995.11
1756345500,0.391,0.393,0.391,0.391,53731.36
1756346400,0.391,0.392,0.391,0.392,32376.87
1756347300,0.392,0.393,0.391,0.393,43141.39
1756348200,0.393,0.394,0.392,0.393,23669.29
1756349100,0.392,0.392,0.391,0.392,10165.94
1756350000,0.392,0.393,0.392,0.393,8110.44
1756350900,0.393,0.393,0.392,0.393,12542.07
1756351800,0.393,0.395,0.393,0.394,25022.4
1756352700,0.394,0.394,0.393,0.394,7167.38
1756353600,0.394,0.396,0.393,0.394,49938.52
1756354500,0.395,0.396,0.394,0.395,11185.69
1756355400,0.395,0.396,0.394,0.396,27202.02
1756356300,0.396,0.398,0.396,0.397,35344.54
1756357200,0.398,0.399,0.398,0.398,78525.4
1756358100,0.398,0.399,0.397,0.398,41442.96
1756359000,0.398,0.399,0.397,0.398,18530.62
1756359900,0.398,0.398,0.397,0.398,10242.97
1756360800,0.398,0.399,0.397,0.398,39592.47
1756361700,0.398,0.399,0.397,0.398,934.53
1756362600,0.398,0.399,0.397,0.398,27279.03
1756363500,0.399,0.4,0.398,0.399,27663.11
1756364400,0.399,0.4,0.398,0.398,8629.83
1756365300,0.399,0.399,0.396,0.397,24786.4
1756366200,0.397,0.397,0.396,0.396,13895.32
1756367100,0.396,0.399,0.396,0.399,64599.31
1756368000,0.399,0.402,0.399,0.401,96958.76
1756368900,0.401,0.402,0.399,0.401,54857.759999999995
1756369800,0.401,0.401,0.399,0.399,27384.61
1756370700,0.399,0.4,0.399,0.4,186.25
1756371600,0.4,0.4,0.399,0.399,30540.160000000003
1756372500,0.399,0.399,0.397,0.398,15946.28
1756373400,0.398,0.398,0.397,0.398,60365.579999999994
1756374300,0.398,0.398,0.396,0.397,10886.949999999999
1756375200,0.398,0.398,0.396,0.397,4676.85
1756376100,0.397,0.398,0.396,0.398,39357.23
1756377000,0.398,0.4,0.398,0.398,19407.62
1756377900,0.398,0.399,0.397,0.398,56467.41
1756378800,0.398,0.399,0.397,0.397,28193.51
1756379700,0.397,0.398,0.397,0.398,9850.539999999999
1756380600,0.398,0.398,0.398,0.398,16196.45
1756381500,0.398,0.399,0.396,0.398,34264.97
1756382400,0.398,0.4,0.398,0.399,19643.15
1756383300,0.4,0.4,0.399,0.399,15276.08
1756384200,0.4,0.402,0.399,0.402,77930.15
1756385100,0.402,0.402,0.401,0.401,47796.81
1756386000,0.401,0.402,0.401,0.401,3168.25
1756386900,0.401,0.402,0.401,0.402,57524.39
1756387800,0.403,0.404,0.402,0.403,194620.51
1756388700,0.403,0.404,0.402,0.402,47783.3
1756389600,0.404,0.409,0.403,0.408,297305.59
1756390500,0.409,0.418,0.408,0.411,2885527.58
1756391400,0.412,0.414,0.409,0.412,352528.44
1756392300,0.413,0.416,0.41,0.415,179253.24
1756393200,0.415,0.422,0.413,0.421,483045.96
1756394100,0.42,0.423,0.417,0.418,939219.18
1756395000,0.418,0.42,0.415,0.416,259148.5
1756395900,0.415,0.416,0.412,0.414,134319.72
1756396800,0.413,0.416,0.413,0.415,130305.76999999999
1756397700,0.415,0.417,0.414,0.416,98059.17
1756398600,0.416,0.416,0.412,0.412,39409.33
1756399500,0.412,0.413,0.408,0.409,167536.46
1756400400,0.408,0.411,0.408,0.409,60080.92
1756401300,0.409,0.413,0.409,0.413,36796.78
1756402200,0.412,0.413,0.411,0.412,39774.59
1756403100,0.412,0.412,0.41,0.411,22376.46
1756404000,0.411,0.411,0.409,0.41,35296.88
1756404900,0.41,0.412,0.41,0.412,14438.23
1756405800,0.412,0.414,0.411,0.413,41628.75
1756406700,0.413,0.414,0.412,0.413,36621.66
1756407600,0.413,0.416,0.413,0.415,86589.91
1756408500,0.414,0.414,0.412,0.414,39312.42
1756409400,0.414,0.415,0.411,0.411,28848.489999999998
1756410300,0.412,0.412,0.408,0.409,316551.65
1756411200,0.408,0.41,0.407,0.409,125829.9
1756412100,0.409,0.413,0.409,0.411,161002.94
1756413000,0.411,0.412,0.41,0.411,73620.63
1756413900,0.412,0.412,0.411,0.411,9349.03
1756414800,0.411,0.413,0.411,0.413,41858.42
1756415700,0.413,0.418,0.413,0.418,152988.61
1756416600,0.418,0.42,0.417,0.418,175617.34
1756417500,0.418,0.42,0.417,0.42,91229.88
1756418400,0.42,0.422,0.42,0.422,127295.52
1756419300,0.422,0.428,0.421,0.427,364266.07
1756420200,0.428,0.43,0.426,0.428,155177.45
1756421100,0.428,0.428,0.425,0.427,122886.26999999999
1756422000,0.428,0.429,0.426,0.427,101138.97
1756422900,0.427,0.43,0.427,0.429,61167.36
1756423800,0.43,0.44,0.429,0.44,534047.68
1756424700,0.44,0.44,0.436,0.439,341539.08
1756425600,0.439,0.441,0.429,0.43,565890.01
1756426500,0.43,0.434,0.429,0.433,298449.83
1756427400,0.432,0.433,0.425,0.426,375624.87
1756428300,0.425,0.427,0.425,0.425,117494.53
1756429200,0.426,0.426,0.423,0.423,209181.78
1756430100,0.423,0.423,0.419,0.419,217344.08000000002
1756431000,0.42,0.422,0.419,0.42,258839.81
1756431900,0.42,0.421,0.42,0.421,74895.75
1756432800,0.421,0.424,0.42,0.424,131371.47
1756433700,0.423,0.426,0.421,0.424,74095.78
1756434600,0.423,0.423,0.421,0.421,99033.67
1756435500,0.421,0.424,0.421,0.423,91591.27
1756436400,0.423,0.424,0.422,0.424,159139.12
1756437300,0.424,0.426,0.422,0.422,219204.28
1756438200,0.422,0.424,0.421,0.424,56784.62
1756439100,0.424,0.425,0.424,0.424,112434.81
1756440000,0.424,0.425,0.422,0.422,87218.84
1756440900,0.422,0.428,0.422,0.428,127749.92
1756441800,0.427,0.429,0.426,0.429,113927.83
1756442700,0.428,0.429,0.426,0.427,116085.54
1756443600,0.427,0.428,0.425,0.427,73631.12
1756444500,0.426,0.427,0.425,0.426,83368.93000000001
1756445400,0.424,0.427,0.424,0.426,41727.49
1756446300,0.425,0.427,0.424,0.424,73298.01
1756447200,0.424,0.425,0.421,0.422,143444.65
1756448100,0.421,0.421,0.418,0.419,160594.38
1756449000,0.419,0.419,0.415,0.416,261749.22
1756449900,0.416,0.417,0.415,0.416,105530.16
1756450800,0.416,0.416,0.411,0.411,306380.35
1756451700,0.41,0.412,0.409,0.411,148230.65
1756452600,0.41,0.413,0.41,0.411,130037.5
1756453500,0.411,0.411,0.408,0.409,92436.73000000001
1756454400,0.41,0.411,0.404,0.404,390215.21
1756455300,0.405,0.406,0.404,0.405,206084.88
1756456200,0.404,0.406,0.403,0.404,159452.3
1756457100,0.404,0.404,0.4,0.401,253185.88
1756458000,0.401,0.402,0.399,0.401,403914.45999999996
1756458900,0.402,0.404,0.401,0.404,158466.9
1756459800,0.403,0.404,0.402,0.404,182937.05
1756460700,0.404,0.405,0.403,0.403,147309.82
1756461600,0.404,0.405,0.402,0.403,137441.28999999998
1756462500,0.404,0.406,0.403,0.406,156575.59
1756463400,0.405,0.405,0.403,0.405,89373.06
1756464300,0.404,0.405,0.403,0.405,94703.71
1756465200,0.405,0.407,0.403,0.407,119040.65000000001
1756466100,0.406,0.406,0.404,0.406,106205.85
1756467000,0.406,0.406,0.404,0.404,47722.759999999995
1756467900,0.404,0.406,0.403,0.404,83380.66
1756468800,0.404,0.407,0.403,0.406,117695.61
1756469700,0.407,0.408,0.405,0.407,171122.34
1756470600,0.407,0.415,0.407,0.409,593008.57
1756471500,0.41,0.412,0.41,0.411,141228.11000000002
1756472400,0.411,0.411,0.408,0.409,165753.89
1756473300,0.41,0.41,0.408,0.41,44218.59
1756474200,0.409,0.409,0.405,0.407,363747.12
1756475100,0.406,0.407,0.403,0.406,229325.78
1756476000,0.406,0.408,0.4,0.403,372783.74
1756476900,0.403,0.406,0.401,0.405,172785.49
1756477800,0.404,0.405,0.403,0.404,84884.25
1756478700,0.404,0.406,0.402,0.403,97145.37
1756479600,0.403,0.404,0.402,0.403,91640.82
1756480500,0.403,0.405,0.403,0.403,74022.63
1756481400,0.403,0.403,0.4,0.402,76907.81
1756482300,0.402,0.403,0.398,0.399,85847.22
1756483200,0.4,0.4,0.397,0.4,143293.76
1756484100,0.4,0.4,0.398,0.399,45131.75
1756485000,0.399,0.4,0.398,0.398,21218.809999999998
1756485900,0.398,0.399,0.397,0.397,46543.08
1756486800,0.398,0.398,0.394,0.394,142115.12
1756487700,0.394,0.397,0.393,0.395,51564.909999999996
1756488600,0.396,0.397,0.395,0.395,29161.89
1756489500,0.396,0.396,0.393,0.393,39166.72
1756490400,0.394,0.395,0.393,0.393,13106.28
1756491300,0.394,0.394,0.391,0.392,217268.7
1756492200,0.392,0.393,0.391,0.392,52002.16
1756493100,0.393,0.393,0.391,0.392,48969.98
1756494000,0.392,0.395,0.391,0.393,38465.11
1756494900,0.394,0.397,0.393,0.396,17848.120000000003
1756495800,0.396,0.397,0.395,0.397,26123.77
1756496700,0.397,0.398,0.395,0.396,24769.37
1756497600,0.396,0.396,0.393,0.394,48276.700000000004
1756498500,0.394,0.396,0.394,0.395,141993.37
1756499400,0.395,0.395,0.394,0.395,26625.8
1756500300,0.394,0.395,0.394,0.394,21497.81
1756501200,0.394,0.395,0.393,0.395,127626.73999999999
1756502100,0.395,0.396,0.394,0.396,18184.26
1756503000,0.396,0.4,0.396,0.4,50396.409999999996
1756503900,0.4,0.4,0.399,0.4,21436.32
1756504800,0.4,0.4,0.398,0.398,27915.510000000002
1756505700,0.398,0.399,0.397,0.399,87103.84999999999
1756506600,0.399,0.4,0.398,0.399,14399.5
1756507500,0.399,0.4,0.398,0.4,4355.36
1756508400,0.4,0.4,0.399,0.399,29780.54
1756509300,0.399,0.401,0.399,0.4,50999.020000000004
1756510200,0.4,0.401,0.399,0.401,23715.22
1756511100,0.4,0.4,0.399,0.4,40731.32
1756512000,0.399,0.4,0.398,0.4,48687.19
1756512900,0.399,0.4,0.398,0.399,91305.63
1756513800,0.399,0.399,0.396,0.396,62661.91
1756514700,0.396,0.397,0.395,0.395,54311.64
1756515600,0.395,0.397,0.395,0.396,21145.88
1756516500,0.395,0.396,0.393,0.393,52186.469999999994
1756517400,0.393,0.394,0.392,0.392,141262.55
1756518300,0.392,0.392,0.387,0.387,228675.85
1756519200,0.387,0.393,0.387,0.393,59017.280000000006
1756520100,0.393,0.393,0.392,0.393,22605.43
1756521000,0.393,0.395,0.393,0.394,48595.42999999999
1756521900,0.394,0.395,0.393,0.394,25849.18
1756522800,0.393,0.396,0.393,0.396,34649.619999999995
1756523700,0.396,0.401,0.396,0.4,141580.82
1756524600,0.4,0.4,0.398,0.398,68862.94
1756525500,0.398,0.399,0.397,0.397,6492.02
1756526400,0.398,0.398,0.397,0.398,14630.51
1756527300,0.398,0.398,0.397,0.398,63145.939999999995
1756528200,0.397,0.398,0.396,0.397,24908.25
1756529100,0.397,0.398,0.396,0.396,24785.920000000002
1756530000,0.396,0.397,0.395,0.397,15498.69
1756530900,0.397,0.397,0.396,0.397,1315.86
1756531800,0.397,0.398,0.396,0.398,37984.47
1756532700,0.398,0.398,0.396,0.396,11437.58
1756533600,0.396,0.397,0.395,0.396,33555.82
1756534500,0.396,0.397,0.395,0.397,10959.34
1756535400,0.397,0.399,0.397,0.399,24890.49
1756536300,0.399,0.399,0.397,0.398,29937.57
1756537200,0.397,0.398,0.396,0.397,9036.0
1756538100,0.397,0.398,0.397,0.397,1755.71
1756539000,0.398,0.398,0.397,0.398,4887.09
1756539900,0.399,0.4,0.398,0.4,24619.57
1756540800,0.399,0.401,0.398,0.4,81079.95999999999
1756541700,0.401,0.401,0.399,0.4,28382.93
1756542600,0.4,0.4,0.399,0.399,1970.89
1756543500,0.399,0.399,0.397,0.397,24429.78
1756544400,0.398,0.398,0.396,0.397,16403.300000000003
1756545300,0.397,0.398,0.397,0.397,9672.81
1756546200,0.397,0.398,0.396,0.396,6896.4
1756547100,0.396,0.398,0.396,0.396,21358.61
1756548000,0.396,0.398,0.396,0.397,14998.66
1756548900,0.398,0.398,0.397,0.398,6674.96
1756549800,0.398,0.398,0.397,0.397,1314.63
1756550700,0.397,0.398,0.397,0.398,7516.53
1756551600,0.399,0.399,0.397,0.398,16693.77
1756552500,0.398,0.399,0.398,0.398,7089.360000000001
1756553400,0.398,0.399,0.397,0.398,8028.2699999999995
1756554300,0.398,0.399,0.398,0.398,16227.52
1756555200,0.398,0.398,0.397,0.398,3592.59
1756556100,0.398,0.398,0.396,0.396,30880.31
1756557000,0.396,0.396,0.393,0.394,29101.58
1756557900,0.394,0.395,0.394,0.394,35341.1
1756558800,0.394,0.394,0.39,0.39,93555.23000000001
1756559700,0.39,0.391,0.389,0.391,53218.36
1756560600,0.391,0.393,0.391,0.392,24061.93
1756561500,0.391,0.393,0.391,0.393,7527.61
1756562400,0.392,0.393,0.391,0.392,16337.47
1756563300,0.392,0.393,0.39,0.392,23985.41
1756564200,0.393,0.394,0.393,0.393,18186.7
1756565100,0.394,0.395,0.394,0.395,3115.3300000000004
1756566000,0.395,0.395,0.393,0.395,29261.68
1756566900,0.395,0.398,0.395,0.398,65015.64
1756567800,0.398,0.399,0.397,0.398,49940.66
1756568700,0.398,0.399,0.397,0.398,7514.59
1756569600,0.397,0.397,0.395,0.396,19123.43
1756570500,0.396,0.396,0.395,0.395,24002.170000000002
1756571400,0.394,0.395,0.393,0.394,26702.399999999998
1756572300,0.393,0.394,0.392,0.392,12663.49
1756573200,0.393,0.395,0.392,0.395,19763.59
1756574100,0.395,0.395,0.394,0.394,4712.969999999999
1756575000,0.394,0.394,0.392,0.393,15858.59
1756575900,0.393,0.394,0.393,0.394,9515.66
1756576800,0.394,0.395,0.393,0.393,12199.18
1756577700,0.393,0.393,0.392,0.393,18160.010000000002
1756578600,0.393,0.394,0.393,0.393,9667.66
1756579500,0.393,0.395,0.393,0.394,1607.5200000000002
1756580400,0.394,0.394,0.392,0.393,5163.71
1756581300,0.393,0.394,0.393,0.394,4830.889999999999
1756582200,0.394,0.395,0.393,0.395,3041.54
1756583100,0.394,0.395,0.393,0.395,5090.59
1756584000,0.395,0.395,0.394,0.394,14451.0
1756584900,0.394,0.394,0.394,0.394,2867.79
1756585800,0.394,0.395,0.393,0.395,11687.97
1756586700,0.395,0.395,0.395,0.395,18238.45
1756587600,0.395,0.396,0.395,0.395,22105.5
1756588500,0.395,0.395,0.395,0.395,263.75
1756589400,0.395,0.395,0.393,0.394,7114.24
1756590300,0.394,0.395,0.394,0.395,168.29000000000002
1756591200,0.395,0.395,0.393,0.394,974.1700000000001
1756592100,0.394,0.396,0.394,0.395,23298.129999999997
1756593000,0.395,0.397,0.395,0.397,5018.64
1756593900,0.397,0.397,0.397,0.397,9545.07
1756594800,0.397,0.399,0.397,0.397,20698.88
1756595700,0.397,0.398,0.397,0.398,19504.17
1756596600,0.398,0.398,0.397,0.398,3470.7700000000004
1756597500,0.397,0.398,0.397,0.398,459.26
1756598400,0.398,0.407,0.397,0.405,790165.98
1756599300,0.405,0.41,0.403,0.407,574106.4400000001
1756600200,0.406,0.412,0.405,0.411,267451.39
1756601100,0.412,0.413,0.407,0.408,215411.18
1756602000,0.407,0.409,0.405,0.406,240323.84
1756602900,0.406,0.412,0.406,0.412,119205.05
1756603800,0.412,0.412,0.409,0.409,29057.43
1756604700,0.409,0.409,0.408,0.409,3012.73
1756605600,0.409,0.411,0.408,0.41,22720.910000000003
1756606500,0.41,0.411,0.409,0.411,14178.62
1756607400,0.411,0.417,0.41,0.416,160900.18
1756608300,0.417,0.422,0.417,0.419,445895.02
1756609200,0.42,0.427,0.42,0.427,411715.12
1756610100,0.427,0.433,0.426,0.426,864383.82
1756611000,0.426,0.426,0.422,0.425,155732.49
1756611900,0.424,0.433,0.423,0.432,536259.01
1756612800,0.431,0.434,0.428,0.431,1064272.3900000001
1756613700,0.431,0.441,0.431,0.439,1221560.93
1756614600,0.44,0.448,0.438,0.445,1161732.48
1756615500,0.445,0.445,0.436,0.439,508255.71
1756616400,0.44,0.44,0.43,0.431,460064.39
1756617300,0.43,0.433,0.425,0.425,285050.67
1756618200,0.426,0.427,0.419,0.42,433128.44
1756619100,0.42,0.422,0.418,0.421,165691.97
1756620000,0.422,0.423,0.417,0.42,173579.68
1756620900,0.42,0.422,0.419,0.421,53963.740000000005
1756621800,0.422,0.424,0.421,0.422,188517.59
1756622700,0.422,0.427,0.421,0.426,126214.56
1756623600,0.426,0.428,0.422,0.423,232757.32
1756624500,0.423,0.425,0.421,0.423,102661.96
1756625400,0.423,0.423,0.42,0.421,33790.38
1756626300,0.422,0.425,0.421,0.425,57066.11
1756627200,0.426,0.433,0.425,0.433,242228.48
1756628100,0.434,0.44,0.429,0.433,952740.79
1756629000,0.433,0.436,0.431,0.433,361058.86
1756629900,0.434,0.434,0.43,0.431,165194.51
1756630800,0.43,0.433,0.429,0.431,189305.15
1756631700,0.43,0.432,0.429,0.429,99129.18
1756632600,0.43,0.436,0.429,0.431,204582.02000000002
1756633500,0.43,0.43,0.421,0.421,456096.07
1756634400,0.421,0.423,0.421,0.421,95905.73
1756635300,0.421,0.421,0.416,0.416,208738.07
1756636200,0.417,0.42,0.417,0.42,95539.31
1756637100,0.42,0.421,0.419,0.421,62973.990000000005
1756638000,0.421,0.421,0.419,0.42,38227.549999999996
1756638900,0.42,0.42,0.419,0.42,41488.06
1756639800,0.421,0.421,0.418,0.42,56774.88
1756640700,0.419,0.423,0.418,0.423,98598.67
1756641600,0.423,0.425,0.422,0.422,72138.81999999999
1756642500,0.422,0.426,0.422,0.425,132524.96
1756643400,0.425,0.45,0.425,0.445,3565897.34
1756644300,0.446,0.452,0.428,0.432,3579451.63
1756645200,0.432,0.436,0.43,0.433,518549.22
1756646100,0.432,0.434,0.431,0.432,150893.95
1756647000,0.431,0.442,0.429,0.441,366815.02
1756647900,0.442,0.446,0.438,0.442,742026.77
1756648800,0.442,0.443,0.43,0.433,685271.46
1756649700,0.433,0.434,0.429,0.431,164387.5
1756650600,0.43,0.433,0.43,0.433,117764.21
1756651500,0.432,0.435,0.429,0.432,233134.37
1756652400,0.431,0.443,0.431,0.443,637362.72
1756653300,0.442,0.446,0.438,0.444,828536.17
1756654200,0.443,0.448,0.439,0.446,1269401.64
1756655100,0.446,0.45,0.445,0.447,404085.28
1756656000,0.447,0.451,0.445,0.448,439230.42
1756656900,0.448,0.451,0.443,0.444,439887.39
1756657800,0.444,0.454,0.443,0.449,722910.62
1756658700,0.449,0.452,0.446,0.449,245024.27
1756659600,0.449,0.449,0.445,0.445,420387.67
1756660500,0.446,0.448,0.441,0.445,349030.7
1756661400,0.446,0.45,0.442,0.447,330289.12
1756662300,0.448,0.448,0.443,0.444,185372.87
1756663200,0.444,0.446,0.443,0.443,140879.82
1756664100,0.443,0.445,0.442,0.444,143223.53
1756665000,0.443,0.444,0.44,0.441,243438.71
1756665900,0.441,0.441,0.438,0.439,211967.47
1756666800,0.44,0.44,0.435,0.435,203191.39
1756667700,0.436,0.439,0.434,0.435,178869.54
1756668600,0.435,0.438,0.435,0.436,62975.65000000001
1756669500,0.436,0.438,0.436,0.437,146575.57
1756670400,0.437,0.438,0.435,0.437,58793.92
1756671300,0.437,0.437,0.432,0.433,248738.46
1756672200,0.433,0.436,0.433,0.434,146793.52
1756673100,0.435,0.436,0.434,0.436,295188.38
1756674000,0.435,0.436,0.434,0.435,85773.79999999999
1756674900,0.435,0.437,0.435,0.436,57165.229999999996
1756675800,0.435,0.436,0.433,0.433,145830.96
1756676700,0.433,0.436,0.433,0.434,41898.71
1756677600,0.434,0.435,0.433,0.435,33578.520000000004
1756678500,0.434,0.435,0.433,0.434,81961.15
1756679400,0.434,0.434,0.43,0.43,113305.97
1756680300,0.43,0.431,0.428,0.428,182852.82
1756681200,0.429,0.43,0.427,0.428,127415.38
1756682100,0.428,0.429,0.425,0.425,199307.69
1756683000,0.425,0.426,0.423,0.424,126412.76
1756683900,0.423,0.425,0.423,0.423,79813.29
1756684800,0.424,0.428,0.42,0.424,529119.23
1756685700,0.424,0.432,0.424,0.431,963052.11
1756686600,0.431,0.432,0.424,0.432,927525.12
1756687500,0.432,0.441,0.43,0.431,1644080.11
1756688400,0.431,0.432,0.426,0.429,504233.48
1756689300,0.43,0.44,0.429,0.439,836769.59
1756690200,0.44,0.44,0.434,0.437,608731.09
1756691100,0.437,0.438,0.435,0.435,290066.32
1756692000,0.435,0.436,0.433,0.434,237874.38999999998
1756692900,0.434,0.437,0.431,0.433,305682.56
1756693800,0.431,0.432,0.428,0.429,274173.82
1756694700,0.43,0.431,0.427,0.431,130012.38999999998
1756695600,0.43,0.434,0.429,0.432,222639.16
1756696500,0.432,0.434,0.429,0.429,103427.18000000001
1756697400,0.429,0.432,0.429,0.431,153020.56
1756698300,0.431,0.432,0.429,0.429,76915.35
1756699200,0.429,0.429,0.418,0.418,654841.8
1756700100,0.418,0.42,0.412,0.415,541916.13
1756701000,0.415,0.416,0.41,0.411,116072.18000000001
1756701900,0.411,0.411,0.408,0.41,266494.33999999997
1756702800,0.409,0.412,0.408,0.411,167685.9
1756703700,0.411,0.412,0.409,0.412,84974.99
1756704600,0.412,0.414,0.41,0.413,140293.66
1756705500,0.412,0.413,0.409,0.411,52390.77
1756706400,0.411,0.411,0.409,0.41,53967.99
1756707300,0.409,0.412,0.408,0.411,43232.22
1756708200,0.411,0.411,0.41,0.411,86004.14
1756709100,0.411,0.412,0.407,0.409,202213.1
1756710000,0.408,0.41,0.406,0.406,181529.73
1756710900,0.406,0.414,0.406,0.413,177317.68
1756711800,0.413,0.416,0.412,0.415,180495.85
1756712700,0.415,0.419,0.414,0.418,154755.78
1756713600,0.418,0.421,0.418,0.418,260892.42
1756714500,0.418,0.419,0.416,0.419,119526.08
1756715400,0.419,0.42,0.417,0.418,99330.41
1756716300,0.418,0.421,0.417,0.421,29216.22
1756717200,0.421,0.422,0.419,0.421,94612.09
1756718100,0.421,0.421,0.418,0.419,99036.26
1756719000,0.42,0.42,0.418,0.418,22274.16
1756719900,0.418,0.419,0.417,0.417,24457.399999999998
1756720800,0.417,0.418,0.416,0.418,27601.589999999997
1756721700,0.418,0.418,0.415,0.416,51672.44
1756722600,0.416,0.416,0.413,0.414,35023.670000000006
1756723500,0.414,0.415,0.413,0.414,39633.32
1756724400,0.415,0.416,0.414,0.415,21095.06
1756725300,0.414,0.415,0.412,0.412,128997.86
1756726200,0.412,0.413,0.409,0.409,472172.57
1756727100,0.41,0.41,0.407,0.408,271572.12
1756728000,0.408,0.409,0.406,0.409,24708.760000000002
1756728900,0.409,0.41,0.407,0.41,84874.4
1756729800,0.41,0.413,0.409,0.411,88658.75
1756730700,0.41,0.412,0.408,0.409,98899.15
1756731600,0.409,0.41,0.406,0.407,134095.41
1756732500,0.407,0.41,0.406,0.409,94140.04
1756733400,0.409,0.41,0.407,0.407,85185.86
1756734300,0.407,0.408,0.406,0.407,47007.83
1756735200,0.406,0.409,0.406,0.406,64241.46
1756736100,0.408,0.408,0.406,0.407,31565.34
1756737000,0.407,0.407,0.404,0.406,99951.7
1756737900,0.406,0.407,0.405,0.405,144746.78
1756738800,0.405,0.407,0.404,0.405,141408.53
1756739700,0.406,0.407,0.404,0.406,21744.739999999998
1756740600,0.406,0.408,0.404,0.404,49403.94
1756741500,0.404,0.405,0.403,0.403,124229.43
1756742400,0.403,0.404,0.401,0.403,151282.41999999998
1756743300,0.402,0.404,0.402,0.403,51345.14
1756744200,0.403,0.403,0.401,0.403,47231.61
1756745100,0.403,0.404,0.402,0.402,60893.2
1756746000,0.402,0.403,0.401,0.403,222238.25
1756746900,0.402,0.403,0.399,0.4,59284.700000000004
1756747800,0.399,0.401,0.398,0.399,68234.47
1756748700,0.4,0.401,0.399,0.399,20007.98
1756749600,0.4,0.402,0.399,0.402,12557.61
1756750500,0.402,0.402,0.401,0.402,23545.55
1756751400,0.402,0.403,0.4,0.402,41908.81
1756752300,0.402,0.403,0.4,0.4,20143.73
1756753200,0.4,0.402,0.4,0.401,16519.76
1756754100,0.402,0.402,0.4,0.4,34638.979999999996
1756755000,0.4,0.401,0.399,0.399,11459.21
1756755900,0.4,0.401,0.399,0.4,12817.259999999998
1756756800,0.4,0.401,0.399,0.4,21955.06
1756757700,0.4,0.4,0.398,0.399,34607.13
1756758600,0.398,0.399,0.392,0.392,286353.74
1756759500,0.393,0.395,0.392,0.395,72740.18
1756760400,0.395,0.396,0.393,0.395,36653.75
1756761300,0.396,0.396,0.393,0.395,25422.55
1756762200,0.395,0.395,0.391,0.392,137317.72999999998
1756763100,0.392,0.395,0.392,0.394,11132.289999999999
1756764000,0.394,0.394,0.393,0.394,23750.49
1756764900,0.394,0.396,0.393,0.394,134096.04
1756765800,0.394,0.394,0.392,0.393,14974.24
1756766700,0.393,0.396,0.392,0.396,37021.18
1756767600,0.396,0.397,0.396,0.396,12745.8
1756768500,0.396,0.398,0.396,0.396,18356.51
1756769400,0.396,0.396,0.393,0.396,40559.4
1756770300,0.396,0.398,0.395,0.396,45779.42
1756771200,0.396,0.398,0.395,0.396,61838.83
1756772100,0.396,0.398,0.396,0.398,40656.5
1756773000,0.397,0.398,0.396,0.396,261524.0
1756773900,0.396,0.397,0.395,0.396,46248.39
1756774800,0.396,0.398,0.396,0.398,46581.770000000004
1756775700,0.398,0.399,0.397,0.399,37781.159999999996
1756776600,0.399,0.403,0.398,0.403,101347.25
1756777500,0.402,0.406,0.402,0.404,114510.70999999999
1756778400,0.403,0.41,0.402,0.409,220410.80000000002
1756779300,0.407,0.409,0.405,0.407,72487.45
1756780200,0.407,0.409,0.406,0.408,95447.40999999999
1756781100,0.409,0.415,0.409,0.415,160591.77
1756782000,0.415,0.415,0.411,0.412,80140.61
1756782900,0.411,0.411,0.409,0.409,70847.27
1756783800,0.408,0.409,0.407,0.409,50004.020000000004
1756784700,0.409,0.411,0.408,0.41,126859.61
1756785600,0.41,0.411,0.409,0.409,47050.53
1756786500,0.409,0.41,0.408,0.409,50377.7
1756787400,0.409,0.409,0.407,0.407,26265.769999999997
1756788300,0.407,0.408,0.407,0.407,701.9599999999999
1756789200,0.408,0.408,0.406,0.406,77773.93000000001
1756790100,0.406,0.406,0.403,0.404,66161.63
1756791000,0.404,0.405,0.404,0.404,34832.93
1756791900,0.404,0.405,0.404,0.405,3948.94
1756792800,0.404,0.405,0.404,0.405,16752.39
1756793700,0.404,0.406,0.403,0.406,45229.8
1756794600,0.405,0.406,0.405,0.406,22287.670000000002
1756795500,0.406,0.406,0.405,0.405,21328.82
1756796400,0.405,0.407,0.404,0.406,107814.28
1756797300,0.406,0.408,0.406,0.406,62878.65
1756798200,0.406,0.407,0.406,0.406,12990.6
1756799100,0.406,0.407,0.404,0.405,47667.96
1756800000,0.405,0.407,0.404,0.404,31543.489999999998
1756800900,0.404,0.406,0.404,0.405,51684.15
1756801800,0.405,0.408,0.404,0.408,99407.23999999999
1756802700,0.408,0.408,0.406,0.406,44455.68
1756803600,0.405,0.408,0.405,0.408,37665.52
1756804500,0.407,0.409,0.407,0.408,44762.45
1756805400,0.408,0.411,0.408,0.409,61107.33
1756806300,0.409,0.41,0.409,0.41,31456.79
1756807200,0.41,0.411,0.408,0.408,53309.18
1756808100,0.409,0.409,0.407,0.408,8737.41
1756809000,0.408,0.409,0.408,0.408,72963.99
1756809900,0.408,0.409,0.408,0.409,29255.14
1756810800,0.409,0.409,0.407,0.407,49250.340000000004
1756811700,0.406,0.406,0.405,0.406,62039.75
1756812600,0.406,0.406,0.405,0.405,3717.69
1756813500,0.405,0.405,0.404,0.404,49946.51
1756814400,0.404,0.404,0.398,0.399,167986.03
1756815300,0.399,0.401,0.399,0.399,68784.66
1756816200,0.4,0.4,0.396,0.397,84382.55
1756817100,0.397,0.397,0.394,0.395,101042.92
1756818000,0.395,0.398,0.395,0.398,10533.039999999999
1756818900,0.397,0.4,0.397,0.4,28348.010000000002
1756819800,0.399,0.404,0.397,0.403,106119.81
1756820700,0.404,0.408,0.404,0.406,147871.97
1756821600,0.406,0.408,0.403,0.404,61915.25
1756822500,0.404,0.407,0.404,0.406,39418.729999999996
1756823400,0.406,0.406,0.405,0.405,12569.939999999999
1756824300,0.404,0.405,0.403,0.403,53003.2
1756825200,0.404,0.404,0.402,0.402,44191.42
1756826100,0.403,0.403,0.401,0.401,43756.89
1756827000,0.401,0.401,0.397,0.398,140412.31
1756827900,0.398,0.399,0.396,0.397,74551.72
1756828800,0.397,0.401,0.397,0.401,18145.81
1756829700,0.401,0.401,0.398,0.399,47936.73
1756830600,0.399,0.401,0.399,0.401,63990.04
1756831500,0.401,0.402,0.401,0.401,23194.83
1756832400,0.401,0.403,0.401,0.402,22927.82
1756833300,0.402,0.403,0.402,0.403,21449.46
1756834200,0.403,0.403,0.401,0.401,87553.37
1756835100,0.401,0.401,0.4,0.4,23811.13
1756836000,0.4,0.4,0.398,0.398,19413.839999999997
1756836900,0.399,0.399,0.397,0.398,24176.57
1756837800,0.398,0.398,0.396,0.397,10208.53
1756838700,0.396,0.4,0.396,0.398,33058.87
1756839600,0.398,0.4,0.398,0.398,37307.94
1756840500,0.398,0.398,0.397,0.398,9539.23
1756841400,0.398,0.398,0.396,0.398,29564.39
1756842300,0.397,0.398,0.397,0.397,37753.17
1756843200,0.397,0.401,0.397,0.401,62832.05
1756844100,0.401,0.404,0.4,0.402,81455.84
1756845000,0.402,0.404,0.402,0.403,43705.17
1756845900,0.402,0.403,0.402,0.403,24347.8
1756846800,0.402,0.403,0.402,0.403,1643.95
1756847700,0.402,0.402,0.401,0.402,21251.36
1756848600,0.402,0.404,0.402,0.404,12083.62
1756849500,0.404,0.404,0.403,0.404,8620.17
1756850400,0.404,0.405,0.403,0.405,1532.58
1756851300,0.405,0.405,0.402,0.403,17816.36
1756852200,0.404,0.405,0.403,0.404,10903.63
1756853100,0.404,0.404,0.403,0.404,11509.48
1756854000,0.404,0.405,0.403,0.404,6154.01
1756854900,0.404,0.404,0.403,0.403,35652.03
1756855800,0.403,0.404,0.403,0.403,792.81
1756856700,0.403,0.404,0.403,0.403,7103.51
1756857600,0.403,0.405,0.403,0.405,71146.06
1756858500,0.405,0.406,0.404,0.406,67102.47
1756859400,0.405,0.407,0.404,0.406,83503.23
1756860300,0.406,0.407,0.406,0.406,27615.600000000002
1756861200,0.406,0.406,0.403,0.403,47714.23
1756862100,0.403,0.404,0.403,0.403,58460.590000000004
1756863000,0.403,0.403,0.402,0.403,9952.970000000001
1756863900,0.403,0.406,0.402,0.406,31169.9
1756864800,0.407,0.408,0.406,0.406,51280.049999999996
1756865700,0.406,0.41,0.406,0.408,100833.65000000001
1756866600,0.408,0.409,0.406,0.406,68956.20000000001
1756867500,0.406,0.41,0.406,0.409,547079.8200000001
1756868400,0.408,0.409,0.407,0.408,97694.11
1756869300,0.408,0.408,0.406,0.407,73729.48
1756870200,0.407,0.407,0.405,0.405,66624.19
1756871100,0.405,0.406,0.405,0.406,23640.76
1756872000,0.406,0.407,0.405,0.405,28955.120000000003
1756872900,0.405,0.406,0.404,0.405,30404.16
1756873800,0.405,0.405,0.403,0.404,122136.42
1756874700,0.404,0.405,0.404,0.405,13013.34
1756875600,0.405,0.405,0.404,0.404,3954.74
1756876500,0.404,0.404,0.404,0.404,2475.24
1756877400,0.404,0.404,0.403,0.403,24058.18
1756878300,0.403,0.404,0.402,0.402,20140.870000000003
1756879200,0.402,0.402,0.4,0.402,74070.57
1756880100,0.402,0.403,0.402,0.403,12449.36
1756881000,0.404,0.404,0.402,0.404,25784.66
1756881900,0.403,0.404,0.402,0.403,9989.98
1756882800,0.403,0.404,0.401,0.402,60457.26
1756883700,0.402,0.402,0.401,0.401,19855.15
1756884600,0.402,0.404,0.402,0.404,30851.35
1756885500,0.404,0.406,0.403,0.405,51151.28
1756886400,0.405,0.407,0.405,0.407,37553.07
1756887300,0.408,0.408,0.406,0.407,46636.479999999996
1756888200,0.407,0.407,0.405,0.405,15621.130000000001
1756889100,0.405,0.405,0.403,0.404,22394.54
1756890000,0.404,0.405,0.403,0.403,16859.8
1756890900,0.403,0.404,0.402,0.404,44269.66
1756891800,0.404,0.404,0.403,0.404,3759.0299999999997
1756892700,0.404,0.407,0.404,0.407,13785.41
1756893600,0.407,0.408,0.407,0.407,33058.24
1756894500,0.408,0.409,0.408,0.408,72930.31
1756895400,0.408,0.409,0.407,0.407,24553.41
1756896300,0.407,0.408,0.407,0.408,21866.690000000002
1756897200,0.407,0.408,0.407,0.407,771.03
1756898100,0.408,0.408,0.406,0.406,4799.320000000001
1756899000,0.406,0.407,0.405,0.407,36022.270000000004
1756899900,0.408,0.408,0.407,0.407,5080.9400000000005
1756900800,0.407,0.408,0.407,0.407,17125.55
1756901700,0.407,0.41,0.407,0.409,29308.76
1756902600,0.408,0.41,0.407,0.408,29254.5
1756903500,0.408,0.408,0.405,0.406,16837.02
1756904400,0.406,0.408,0.406,0.408,41091.659999999996
1756905300,0.408,0.409,0.406,0.407,12734.73
1756906200,0.407,0.41,0.406,0.409,49066.85
1756907100,0.409,0.41,0.408,0.41,62747.29
1756908000,0.41,0.412,0.41,0.41,81009.37
1756908900,0.41,0.41,0.408,0.41,89289.9
1756909800,0.41,0.413,0.41,0.413,55178.84
1756910700,0.413,0.414,0.412,0.413,119835.41
1756911600,0.413,0.416,0.413,0.415,105408.19
1756912500,0.415,0.416,0.412,0.413,71932.07
1756913400,0.413,0.416,0.413,0.414,50065.53
1756914300,0.414,0.415,0.412,0.414,60306.14000000001
1756915200,0.414,0.415,0.414,0.415,44054.76
1756916100,0.415,0.415,0.414,0.414,37688.92
1756917000,0.414,0.415,0.412,0.413,3362.73
1756917900,0.412,0.413,0.412,0.412,22274.710000000003
1756918800,0.413,0.416,0.413,0.416,16820.59
1756919700,0.416,0.416,0.415,0.416,14343.79
1756920600,0.416,0.417,0.415,0.415,33792.15
1756921500,0.415,0.417,0.415,0.416,72173.08
1756922400,0.416,0.419,0.416,0.418,88400.69
1756923300,0.418,0.418,0.417,0.417,39535.68
1756924200,0.417,0.417,0.416,0.416,15574.76
1756925100,0.416,0.416,0.415,0.416,20337.61
1756926000,0.416,0.416,0.415,0.416,37316.26
1756926900,0.416,0.416,0.414,0.415,38816.07
1756927800,0.415,0.417,0.415,0.417,36377.380000000005
1756928700,0.417,0.417,0.416,0.417,16224.25
1756929600,0.417,0.417,0.416,0.416,9895.92
1756930500,0.416,0.416,0.415,0.415,11667.549999999997
1756931400,0.415,0.415,0.415,0.415,15693.83
1756932300,0.415,0.415,0.414,0.415,4021.08
1756933200,0.415,0.415,0.413,0.413,12539.9
1756934100,0.414,0.415,0.413,0.413,42098.19
1756935000,0.413,0.414,0.413,0.414,27383.190000000002
1756935900,0.414,0.415,0.414,0.415,8174.99
1756936800,0.416,0.418,0.416,0.417,51292.58
1756937700,0.417,0.417,0.415,0.416,8120.86
1756938600,0.415,0.416,0.415,0.415,43863.85
1756939500,0.415,0.415,0.415,0.415,13.24
1756940400,0.415,0.415,0.414,0.414,35410.53
1756941300,0.414,0.415,0.414,0.415,42959.41
1756942200,0.415,0.415,0.414,0.414,20735.65
1756943100,0.414,0.415,0.413,0.415,53692.54
1756944000,0.414,0.415,0.412,0.415,186879.56
1756944900,0.414,0.415,0.414,0.415,73511.21
1756945800,0.415,0.416,0.415,0.415,66742.3
1756946700,0.414,0.415,0.414,0.414,70387.74
1756947600,0.414,0.414,0.411,0.412,35850.4
1756948500,0.412,0.413,0.412,0.412,36377.16
1756949400,0.412,0.413,0.411,0.412,38075.11
1756950300,0.412,0.412,0.411,0.412,41101.88
1756951200,0.412,0.412,0.411,0.411,30498.51
1756952100,0.411,0.411,0.411,0.411,18681.25
1756953000,0.41,0.411,0.409,0.409,75828.23
1756953900,0.409,0.41,0.409,0.41,15587.83
1756954800,0.41,0.41,0.408,0.409,27713.13
1756955700,0.408,0.409,0.407,0.407,55961.979999999996
1756956600,0.407,0.407,0.405,0.406,69928.59999999999
1756957500,0.405,0.406,0.404,0.405,37160.990000000005
1756958400,0.405,0.405,0.403,0.405,44741.56
1756959300,0.405,0.405,0.404,0.405,22237.91
1756960200,0.404,0.406,0.404,0.406,17204.94
1756961100,0.406,0.406,0.405,0.405,3047.23
1756962000,0.404,0.404,0.403,0.403,50981.03999999999
1756962900,0.403,0.403,0.4,0.401,128128.51999999999
1756963800,0.401,0.402,0.4,0.4,14903.17
1756964700,0.402,0.402,0.401,0.401,2875.16
1756965600,0.401,0.401,0.4,0.401,14206.029999999999
1756966500,0.401,0.402,0.4,0.4,4554.0
1756967400,0.4,0.401,0.4,0.401,14734.1
1756968300,0.4,0.401,0.399,0.399,43728.85
1756969200,0.399,0.401,0.398,0.401,43565.340000000004
1756970100,0.401,0.401,0.399,0.4,17414.39
1756971000,0.4,0.4,0.4,0.4,156.6
1756971900,0.4,0.401,0.399,0.401,24411.34
1756972800,0.4,0.402,0.4,0.4,36182.66
1756973700,0.4,0.402,0.4,0.401,36321.28
1756974600,0.401,0.402,0.401,0.401,9143.650000000001
1756975500,0.401,0.401,0.399,0.4,11414.500000000002
1756976400,0.399,0.4,0.399,0.4,17371.98
1756977300,0.401,0.401,0.399,0.4,1768.61
1756978200,0.399,0.4,0.399,0.4,32750.41
1756979100,0.4,0.401,0.4,0.401,19259.7
1756980000,0.401,0.402,0.4,0.402,33340.26
1756980900,0.402,0.403,0.402,0.402,9307.45
1756981800,0.402,0.403,0.402,0.403,9581.43
1756982700,0.404,0.404,0.402,0.402,24496.57
1756983600,0.402,0.404,0.402,0.404,31839.18
1756984500,0.404,0.405,0.404,0.404,27847.39
1756985400,0.403,0.403,0.403,0.403,14703.41
1756986300,0.403,0.403,0.401,0.401,19104.299999999996
1756987200,0.401,0.402,0.401,0.402,59625.33
1756988100,0.403,0.403,0.402,0.403,49279.219999999994
1756989000,0.403,0.403,0.4,0.401,32745.559999999998
1756989900,0.401,0.404,0.401,0.404,52029.090000000004
1756990800,0.404,0.404,0.404,0.404,27621.74
1756991700,0.403,0.404,0.403,0.403,4137.93
1756992600,0.403,0.406,0.403,0.404,53321.4
1756993500,0.404,0.404,0.402,0.404,33468.03
1756994400,0.403,0.403,0.398,0.399,97573.02
1756995300,0.398,0.401,0.398,0.401,53398.57
1756996200,0.4,0.402,0.4,0.401,8579.72
1756997100,0.401,0.401,0.399,0.399,19283.510000000002
1756998000,0.399,0.399,0.397,0.397,56710.979999999996
1756998900,0.397,0.398,0.396,0.398,65265.97
1756999800,0.397,0.398,0.396,0.397,28328.11
1757000700,0.397,0.398,0.397,0.397,30808.7
1757001600,0.397,0.397,0.397,0.397,5418.67
1757002500,0.397,0.398,0.396,0.397,15522.869999999999
1757003400,0.397,0.398,0.396,0.397,18912.27
1757004300,0.398,0.398,0.397,0.398,29662.34
1757005200,0.398,0.4,0.398,0.399,40237.53
1757006100,0.399,0.4,0.399,0.4,6739.39
1757007000,0.4,0.4,0.399,0.399,17225.82
1757007900,0.399,0.399,0.398,0.398,11518.07
1757008800,0.398,0.398,0.396,0.396,24790.08
1757009700,0.396,0.398,0.394,0.394,76301.75
1757010600,0.394,0.395,0.393,0.395,80938.02
1757011500,0.395,0.395,0.393,0.394,10826.890000000001
1757012400,0.394,0.395,0.393,0.395,13547.93
1757013300,0.396,0.396,0.395,0.395,463.75
1757014200,0.395,0.395,0.394,0.394,24226.01
1757015100,0.394,0.394,0.394,0.394,14207.099999999999
1757016000,0.394,0.396,0.394,0.395,38398.68
1757016900,0.395,0.397,0.395,0.397,22034.76
1757017800,0.397,0.397,0.396,0.396,15761.2
1757018700,0.396,0.396,0.395,0.395,802.84
1757019600,0.395,0.396,0.395,0.395,38724.97
1757020500,0.395,0.396,0.395,0.396,4430.63
1757021400,0.396,0.398,0.396,0.398,21182.899999999998
1757022300,0.398,0.398,0.397,0.397,2573.67
1757023200,0.397,0.398,0.397,0.397,6215.889999999999
1757024100,0.397,0.398,0.397,0.398,26465.09
1757025000,0.398,0.398,0.397,0.397,13746.53
1757025900,0.397,0.401,0.396,0.4,145348.53
1757026800,0.4,0.401,0.399,0.399,46368.880000000005
1757027700,0.399,0.399,0.399,0.399,5078.63
1757028600,0.399,0.399,0.397,0.397,27022.03
1757029500,0.397,0.397,0.397,0.397,433.07
1757030400,0.396,0.399,0.395,0.399,66094.64
1757031300,0.4,0.401,0.399,0.4,45327.63
1757032200,0.4,0.401,0.399,0.4,36632.89
1757033100,0.4,0.4,0.399,0.399,15609.439999999999
1757034000,0.399,0.399,0.398,0.398,7332.79
1757034900,0.398,0.398,0.398,0.398,3525.3
1757035800,0.398,0.4,0.398,0.4,23280.64
1757036700,0.4,0.4,0.4,0.4,5257.37
1757037600,0.4,0.401,0.4,0.401,7721.86
1757038500,0.401,0.401,0.399,0.399,23551.94
1757039400,0.399,0.4,0.399,0.399,29659.25
1757040300,0.399,0.4,0.398,0.4,1913.33
1757041200,0.4,0.4,0.399,0.399,1769.93
1757042100,0.399,0.399,0.397,0.397,12829.97
1757043000,0.397,0.398,0.397,0.398,20363.850000000002
1757043900,0.398,0.399,0.398,0.399,10942.31
1757044800,0.398,0.398,0.398,0.398,26951.86
1757045700,0.398,0.398,0.397,0.397,24070.870000000003
1757046600,0.397,0.398,0.397,0.398,9587.59
1757047500,0.398,0.399,0.398,0.398,5997.12
1757048400,0.398,0.399,0.397,0.399,22432.059999999998
1757049300,0.398,0.399,0.397,0.398,38165.37
1757050200,0.398,0.399,0.398,0.399,12674.08
1757051100,0.399,0.4,0.398,0.399,10702.14
1757052000,0.4,0.4,0.399,0.399,21863.22
1757052900,0.399,0.4,0.399,0.399,28671.78
1757053800,0.399,0.401,0.399,0.401,13494.21
1757054700,0.401,0.401,0.4,0.401,63473.0
1757055600,0.401,0.405,0.401,0.404,87579.01999999999
1757056500,0.404,0.406,0.404,0.406,83233.63
1757057400,0.406,0.408,0.405,0.406,100648.15
1757058300,0.406,0.41,0.406,0.408,107636.05
1757059200,0.409,0.409,0.406,0.407,74510.46
1757060100,0.407,0.407,0.404,0.405,48108.14
1757061000,0.404,0.405,0.404,0.405,19775.01
1757061900,0.405,0.405,0.404,0.405,31621.85
1757062800,0.405,0.406,0.405,0.406,55802.91
1757063700,0.406,0.406,0.404,0.404,40296.25
1757064600,0.404,0.405,0.404,0.405,21768.65
1757065500,0.405,0.405,0.405,0.405,40671.3
1757066400,0.406,0.406,0.405,0.405,38746.450000000004
1757067300,0.405,0.406,0.405,0.405,11350.23
1757068200,0.405,0.406,0.405,0.405,12908.34
1757069100,0.405,0.405,0.405,0.405,20650.35
1757070000,0.405,0.405,0.404,0.404,20299.25
1757070900,0.404,0.404,0.404,0.404,8678.93
1757071800,0.404,0.405,0.404,0.405,1634.71
1757072700,0.405,0.405,0.403,0.404,11023.34
1757073600,0.404,0.404,0.403,0.404,19882.67
1757074500,0.404,0.407,0.404,0.407,61224.6
1757075400,0.407,0.409,0.404,0.407,221645.18
1757076300,0.407,0.41,0.406,0.41,59492.51
1757077200,0.41,0.411,0.409,0.409,57832.509999999995
1757078100,0.408,0.41,0.408,0.41,16371.23
1757079000,0.409,0.409,0.408,0.409,43580.35
1757079900,0.409,0.41,0.408,0.408,46243.990000000005
1757080800,0.409,0.409,0.406,0.407,57063.65
1757081700,0.406,0.406,0.4,0.4,236450.56
1757082600,0.401,0.401,0.396,0.399,106653.31999999999
1757083500,0.398,0.4,0.397,0.398,49593.490000000005
1757084400,0.397,0.399,0.397,0.399,87866.09
1757085300,0.399,0.4,0.399,0.4,28047.89
1757086200,0.4,0.4,0.399,0.4,24175.62
1757087100,0.4,0.4,0.397,0.397,48568.51
1757088000,0.397,0.397,0.396,0.397,66389.76
1757088900,0.397,0.397,0.396,0.397,29551.52
1757089800,0.396,0.398,0.396,0.397,14483.58
1757090700,0.397,0.399,0.397,0.399,21371.09
1757091600,0.399,0.399,0.397,0.398,8178.25
1757092500,0.398,0.398,0.397,0.397,14832.880000000001
1757093400,0.397,0.397,0.395,0.396,35302.81
1757094300,0.396,0.397,0.396,0.396,2764.27
1757095200,0.396,0.396,0.395,0.396,17421.43
1757096100,0.396,0.397,0.395,0.397,31032.87
1757097000,0.398,0.399,0.398,0.399,2520.47
1757097900,0.399,0.401,0.399,0.401,61395.91
1757098800,0.4,0.4,0.399,0.4,2546.6
1757099700,0.399,0.402,0.399,0.401,31852.07
1757100600,0.401,0.401,0.398,0.398,16019.05
1757101500,0.398,0.401,0.398,0.4,29997.75
1757102400,0.401,0.402,0.4,0.4,23408.18
1757103300,0.4,0.401,0.4,0.4,263.57
1757104200,0.401,0.402,0.401,0.402,19179.02
1757105100,0.401,0.402,0.401,0.402,18528.25
1757106000,0.402,0.402,0.402,0.402,45440.47
1757106900,0.403,0.403,0.399,0.4,97616.51000000001
1757107800,0.4,0.402,0.4,0.401,24477.94
1757108700,0.401,0.401,0.399,0.399,26481.489999999998
1757109600,0.399,0.399,0.398,0.399,2405.62
1757110500,0.399,0.399,0.399,0.399,2972.72
1757111400,0.399,0.401,0.399,0.401,11324.46
1757112300,0.401,0.403,0.401,0.402,31468.05
1757113200,0.402,0.403,0.402,0.402,1430.25
1757114100,0.402,0.402,0.402,0.402,660.7
1757115000,0.402,0.402,0.401,0.401,7678.1
1757115900,0.402,0.402,0.402,0.402,7714.58
1757116800,0.402,0.403,0.402,0.402,39609.75
1757117700,0.402,0.403,0.402,0.402,12721.28
1757118600,0.402,0.403,0.402,0.403,14159.6
1757119500,0.403,0.403,0.402,0.402,4975.75
1757120400,0.401,0.402,0.4,0.401,37486.24
1757121300,0.401,0.401,0.4,0.4,12021.099999999999
1757122200,0.4,0.401,0.4,0.4,3328.2799999999997
1757123100,0.401,0.402,0.4,0.4,12199.880000000001
1757124000,0.4,0.401,0.399,0.4,8070.3
1757124900,0.4,0.4,0.398,0.398,15590.79
1757125800,0.399,0.4,0.398,0.399,16168.189999999999
1757126700,0.399,0.4,0.399,0.4,23019.32
1757127600,0.4,0.401,0.4,0.401,23250.56
1757128500,0.401,0.401,0.4,0.401,44985.880000000005
1757129400,0.401,0.401,0.4,0.401,4720.88
1757130300,0.401,0.401,0.399,0.4,6530.2
1757131200,0.4,0.401,0.399,0.399,25118.34
1757132100,0.399,0.399,0.399,0.399,12556.970000000001
1757133000,0.399,0.4,0.399,0.4,1040.29
1757133900,0.4,0.4,0.399,0.4,28457.4
1757134800,0.4,0.4,0.4,0.4,314.78
1757135700,0.399,0.399,0.399,0.399,25168.49
1757136600,0.399,0.401,0.399,0.401,10706.630000000001
1757137500,0.4,0.4,0.399,0.399,8772.97
1757138400,0.399,0.399,0.399,0.399,3297.07
1757139300,0.399,0.401,0.399,0.399,7677.56
1757140200,0.399,0.401,0.399,0.4,22752.760000000002
1757141100,0.4,0.4,0.399,0.4,6306.610000000001
1757142000,0.4,0.4,0.399,0.399,947.44
1757142900,0.399,0.4,0.398,0.399,9478.49
1757143800,0.399,0.4,0.398,0.399,7102.16
1757144700,0.4,0.4,0.399,0.4,145.65
1757145600,0.4,0.4,0.399,0.4,5434.82
1757146500,0.4,0.4,0.399,0.399,14695.88
1757147400,0.399,0.401,0.399,0.401,290.78999999999996
1757148300,0.401,0.401,0.4,0.4,2973.5800000000004
1757149200,0.4,0.4,0.398,0.398,4603.44
1757150100,0.398,0.399,0.397,0.397,5384.25
1757151000,0.397,0.399,0.397,0.399,34814.58
1757151900,0.399,0.399,0.398,0.399,2115.37
1757152800,0.398,0.4,0.397,0.398,92852.90999999999
1757153700,0.398,0.398,0.398,0.398,13052.949999999999
1757154600,0.399,0.401,0.398,0.401,19467.38
1757155500,0.401,0.401,0.4,0.4,1348.3
1757156400,0.4,0.4,0.399,0.4,15356.69
1757157300,0.4,0.4,0.399,0.399,79.22
1757158200,0.399,0.4,0.398,0.399,10526.300000000001
1757159100,0.399,0.4,0.398,0.4,12967.750000000002
1757160000,0.399,0.4,0.399,0.399,19389.48
1757160900,0.399,0.4,0.398,0.398,10047.92
1757161800,0.398,0.398,0.397,0.398,24070.07
1757162700,0.398,0.398,0.397,0.397,7213.85
1757163600,0.397,0.398,0.397,0.398,10319.87
1757164500,0.398,0.398,0.397,0.397,4431.43
1757165400,0.397,0.397,0.397,0.397,10517.74
1757166300,0.398,0.398,0.398,0.398,6699.81
1757167200,0.398,0.401,0.398,0.4,8144.23
1757168100,0.401,0.402,0.4,0.402,30043.839999999997
1757169000,0.403,0.404,0.402,0.404,14022.83
1757169900,0.403,0.404,0.402,0.402,46272.7
1757170800,0.402,0.403,0.4,0.4,29310.53
1757171700,0.401,0.401,0.4,0.401,11250.94
1757172600,0.401,0.401,0.399,0.4,20432.38
1757173500,0.399,0.399,0.397,0.398,43674.87
1757174400,0.397,0.401,0.397,0.4,7915.990000000001
1757175300,0.401,0.401,0.397,0.4,36172.85
1757176200,0.4,0.4,0.399,0.399,7381.47
1757177100,0.4,0.403,0.4,0.402,60176.25
1757178000,0.402,0.402,0.401,0.401,3040.2
1757178900,0.401,0.402,0.4,0.401,19931.46
1757179800,0.401,0.401,0.399,0.399,5313.089999999999
1757180700,0.4,0.4,0.399,0.399,691.23
1757181600,0.4,0.4,0.399,0.4,41087.79
1757182500,0.401,0.401,0.4,0.4,78.00999999999999
1757183400,0.4,0.4,0.399,0.399,4704.7
1757184300,0.399,0.4,0.398,0.4,25774.94
1757185200,0.4,0.4,0.399,0.399,7522.860000000001
1757186100,0.399,0.399,0.397,0.398,2660.29
1757187000,0.398,0.398,0.396,0.396,10282.22
1757187900,0.396,0.397,0.395,0.396,62696.68
1757188800,0.396,0.397,0.396,0.397,125.4
1757189700,0.397,0.398,0.396,0.397,9736.26
1757190600,0.397,0.398,0.397,0.398,5110.24
1757191500,0.398,0.399,0.398,0.399,141.51
1757192400,0.399,0.399,0.398,0.399,37793.6
1757193300,0.398,0.399,0.398,0.399,795.12
1757194200,0.399,0.399,0.398,0.398,1408.19
1757195100,0.398,0.399,0.398,0.399,5043.599999999999
1757196000,0.399,0.4,0.399,0.4,439.89
1757196900,0.4,0.401,0.4,0.4,21986.11
1757197800,0.4,0.4,0.398,0.399,118.35
1757198700,0.399,0.399,0.398,0.399,16189.829999999998
1757199600,0.399,0.399,0.398,0.398,13.26
1757200500,0.398,0.4,0.398,0.399,11851.91
1757201400,0.399,0.4,0.399,0.399,768.4
1757202300,0.399,0.4,0.398,0.399,12753.239999999998
1757203200,0.399,0.399,0.398,0.398,13371.05
1757204100,0.399,0.399,0.398,0.399,2871.92
1757205000,0.399,0.399,0.398,0.398,53245.04
1757205900,0.399,0.4,0.399,0.4,36473.82
1757206800,0.4,0.4,0.399,0.4,30495.670000000002
1757207700,0.4,0.401,0.399,0.401,4272.849999999999
1757208600,0.401,0.401,0.401,0.401,31330.91
1757209500,0.402,0.403,0.402,0.403,40635.49
1757210400,0.403,0.403,0.401,0.402,19808.36
1757211300,0.402,0.403,0.402,0.402,502.91
1757212200,0.402,0.404,0.402,0.403,74343.32
1757213100,0.403,0.405,0.403,0.404,27280.99
1757214000,0.404,0.405,0.404,0.405,30072.52
1757214900,0.405,0.405,0.404,0.404,28990.75
1757215800,0.404,0.405,0.403,0.404,76356.13
1757216700,0.404,0.404,0.402,0.404,11007.64
1757217600,0.404,0.404,0.403,0.403,1798.11
1757218500,0.403,0.404,0.403,0.404,12293.529999999999
1757219400,0.403,0.404,0.403,0.404,644.57
1757220300,0.404,0.405,0.404,0.405,3032.2400000000002
1757221200,0.405,0.405,0.403,0.403,9811.98
1757222100,0.403,0.403,0.403,0.403,141.28
1757223000,0.403,0.404,0.403,0.403,119.97
1757223900,0.403,0.406,0.403,0.404,57030.71
1757224800,0.404,0.405,0.404,0.405,21887.280000000002
1757225700,0.405,0.405,0.404,0.404,7053.879999999999
1757226600,0.404,0.404,0.403,0.404,280.4
1757227500,0.404,0.404,0.403,0.403,15833.400000000001
1757228400,0.403,0.403,0.402,0.403,7248.7
1757229300,0.403,0.404,0.402,0.404,23760.59
1757230200,0.403,0.405,0.403,0.404,38087.090000000004
1757231100,0.404,0.404,0.402,0.403,20215.920000000002
1757232000,0.403,0.405,0.403,0.405,7038.449999999999
1757232900,0.405,0.405,0.404,0.405,14788.880000000001
1757233800,0.405,0.405,0.404,0.404,8983.76
1757234700,0.404,0.406,0.404,0.406,35814.27
1757235600,0.406,0.407,0.405,0.405,33986.65
1757236500,0.406,0.407,0.405,0.406,9989.21
1757237400,0.406,0.406,0.404,0.404,8955.4
1757238300,0.404,0.406,0.403,0.405,95351.65999999999
1757239200,0.405,0.405,0.405,0.405,32767.0
1757240100,0.405,0.405,0.405,0.405,3867.82
1757241000,0.405,0.405,0.404,0.405,21702.769999999997
1757241900,0.405,0.406,0.404,0.405,19239.33
1757242800,0.404,0.404,0.404,0.404,737.93
1757243700,0.404,0.404,0.404,0.404,5208.62
1757244600,0.404,0.404,0.404,0.404,0.0
1757245500,0.404,0.404,0.404,0.404,45.2
1757246400,0.404,0.405,0.404,0.404,52335.54
1757247300,0.404,0.405,0.404,0.404,4586.79
1757248200,0.404,0.405,0.403,0.404,3479.74
1757249100,0.404,0.404,0.402,0.403,21893.239999999998
1757250000,0.403,0.404,0.403,0.404,36666.15
1757250900,0.404,0.404,0.403,0.403,2699.21
1757251800,0.403,0.405,0.403,0.405,34705.52
1757252700,0.405,0.405,0.404,0.404,104.26
1757253600,0.404,0.404,0.403,0.403,49330.07
1757254500,0.403,0.403,0.402,0.403,1573.51
1757255400,0.402,0.403,0.402,0.403,58876.78
1757256300,0.403,0.403,0.403,0.403,394.12
1757257200,0.403,0.403,0.401,0.401,8439.27
1757258100,0.402,0.402,0.402,0.402,3194.12
1757259000,0.402,0.403,0.402,0.402,1409.07
1757259900,0.402,0.402,0.401,0.401,2329.4799999999996
1757260800,0.401,0.402,0.401,0.401,346.71000000000004
1757261700,0.401,0.402,0.401,0.401,8091.87
1757262600,0.401,0.402,0.4,0.4,4467.4800000000005
1757263500,0.4,0.401,0.4,0.4,2671.52
1757264400,0.4,0.401,0.4,0.4,17878.21
1757265300,0.4,0.4,0.399,0.399,13528.48
1757266200,0.398,0.4,0.398,0.399,34157.45
1757267100,0.399,0.4,0.398,0.398,329.93
1757268000,0.398,0.399,0.398,0.399,14308.3
1757268900,0.399,0.399,0.397,0.398,10444.61
1757269800,0.398,0.398,0.397,0.397,12723.73
1757270700,0.396,0.398,0.396,0.397,7695.610000000001
1757271600,0.398,0.398,0.396,0.396,15219.5
1757272500,0.396,0.397,0.396,0.396,2761.96
1757273400,0.396,0.398,0.396,0.398,5638.360000000001
1757274300,0.397,0.397,0.395,0.396,59390.45
1757275200,0.396,0.396,0.394,0.394,41647.729999999996
1757276100,0.393,0.394,0.393,0.394,1053.26
1757277000,0.394,0.395,0.393,0.394,33330.82
1757277900,0.394,0.395,0.393,0.395,8448.74
1757278800,0.395,0.395,0.395,0.395,21064.95
1757279700,0.395,0.396,0.395,0.395,5234.45
1757280600,0.395,0.397,0.395,0.397,11388.26
1757281500,0.397,0.398,0.396,0.397,12604.88
1757282400,0.396,0.398,0.396,0.398,22820.08
1757283300,0.398,0.398,0.397,0.397,205.02
1757284200,0.397,0.398,0.397,0.398,3287.54
1757285100,0.398,0.4,0.398,0.399,29485.55
1757286000,0.399,0.401,0.399,0.4,22279.66
1757286900,0.4,0.401,0.399,0.4,10754.98
1757287800,0.401,0.401,0.399,0.4,50725.770000000004
1757288700,0.4,0.4,0.398,0.398,3602.23
1757289600,0.399,0.399,0.397,0.397,16902.29
1757290500,0.397,0.398,0.396,0.398,42137.6
1757291400,0.398,0.399,0.398,0.399,15824.17
1757292300,0.398,0.399,0.397,0.397,7268.91
1757293200,0.397,0.397,0.395,0.395,4124.01
1757294100,0.396,0.396,0.395,0.396,5216.79
1757295000,0.396,0.396,0.395,0.396,37313.28
1757295900,0.396,0.396,0.395,0.396,9960.72
1757296800,0.396,0.397,0.396,0.396,6560.16
1757297700,0.396,0.397,0.396,0.396,26968.7
1757298600,0.396,0.398,0.396,0.398,101484.81
1757299500,0.398,0.399,0.397,0.399,38059.36
1757300400,0.399,0.402,0.399,0.401,41003.59
1757301300,0.401,0.401,0.4,0.401,3394.11
1757302200,0.4,0.402,0.4,0.401,91347.53
1757303100,0.401,0.402,0.4,0.4,34485.91
1757304000,0.4,0.4,0.396,0.396,45108.75
1757304900,0.396,0.398,0.396,0.398,32095.29
1757305800,0.397,0.399,0.397,0.399,34655.13
1757306700,0.399,0.399,0.397,0.397,36794.15
1757307600,0.397,0.398,0.397,0.398,33913.65
1757308500,0.397,0.397,0.396,0.397,9731.220000000001
1757309400,0.396,0.397,0.396,0.396,28497.93
1757310300,0.396,0.397,0.396,0.396,17062.5
1757311200,0.396,0.396,0.394,0.395,24308.68
1757312100,0.395,0.397,0.395,0.397,6269.96
1757313000,0.397,0.399,0.397,0.399,9652.25
1757313900,0.399,0.399,0.397,0.398,2785.9199999999996
1757314800,0.398,0.399,0.398,0.399,19184.92
1757315700,0.399,0.4,0.399,0.4,17319.4
1757316600,0.4,0.4,0.398,0.398,21677.01
1757317500,0.398,0.399,0.397,0.398,34696.71
1757318400,0.398,0.399,0.397,0.398,50197.78
1757319300,0.397,0.399,0.397,0.398,14960.17
1757320200,0.398,0.401,0.398,0.4,35698.34
1757321100,0.4,0.4,0.398,0.399,6327.49
1757322000,0.399,0.401,0.399,0.4,13080.230000000001
1757322900,0.4,0.403,0.4,0.402,52246.53999999999
1757323800,0.402,0.402,0.401,0.401,11398.05
1757324700,0.401,0.402,0.4,0.4,17998.370000000003
1757325600,0.4,0.402,0.399,0.401,8461.92
1757326500,0.401,0.403,0.401,0.401,33957.98
1757327400,0.402,0.403,0.401,0.403,6179.05
1757328300,0.403,0.403,0.4,0.401,8194.4
1757329200,0.401,0.402,0.399,0.4,31776.59
1757330100,0.4,0.4,0.4,0.4,1655.19
1757331000,0.4,0.4,0.399,0.4,3183.79
1757331900,0.4,0.401,0.399,0.4,11510.16
1757332800,0.4,0.402,0.4,0.4,23538.550000000003
1757333700,0.4,0.4,0.4,0.4,8972.84
1757334600,0.4,0.402,0.4,0.402,29261.809999999998
1757335500,0.401,0.401,0.4,0.401,57853.63
1757336400,0.401,0.403,0.401,0.403,55976.29
1757337300,0.403,0.404,0.402,0.403,32676.86
1757338200,0.402,0.402,0.4,0.401,10345.71
1757339100,0.402,0.402,0.4,0.4,16218.45
1757340000,0.4,0.403,0.4,0.403,7524.49
1757340900,0.403,0.404,0.401,0.404,8089.97
1757341800,0.404,0.405,0.401,0.403,114260.5
1757342700,0.403,0.404,0.402,0.404,20726.18
1757343600,0.404,0.405,0.403,0.405,32267.36
1757344500,0.405,0.406,0.404,0.404,7276.94
1757345400,0.404,0.405,0.403,0.404,19170.440000000002
1757346300,0.404,0.404,0.403,0.404,18532.38
1757347200,0.404,0.405,0.404,0.404,8516.89
1757348100,0.404,0.408,0.404,0.407,191883.73
1757349000,0.407,0.408,0.405,0.406,68120.08
1757349900,0.406,0.406,0.404,0.405,4724.04
1757350800,0.404,0.405,0.402,0.402,32641.89
1757351700,0.402,0.406,0.402,0.405,41374.11
1757352600,0.405,0.406,0.405,0.405,31260.53
1757353500,0.405,0.405,0.403,0.404,20035.95
1757354400,0.404,0.405,0.403,0.404,24851.47
1757355300,0.404,0.405,0.404,0.404,5825.11
1757356200,0.404,0.405,0.403,0.404,4191.16
1757357100,0.404,0.406,0.404,0.406,12676.429999999998
1757358000,0.406,0.406,0.404,0.404,4966.39
1757358900,0.404,0.404,0.402,0.402,9787.380000000001
1757359800,0.403,0.404,0.401,0.401,16957.96
1757360700,0.402,0.402,0.401,0.402,3113.82
1757361600,0.402,0.404,0.402,0.402,34898.01
1757362500,0.402,0.403,0.4,0.401,17916.2
1757363400,0.401,0.403,0.4,0.401,15225.68
1757364300,0.401,0.401,0.4,0.401,4280.95
1757365200,0.402,0.402,0.401,0.401,21530.25
1757366100,0.402,0.404,0.401,0.404,9723.43
1757367000,0.404,0.404,0.403,0.403,9955.43
1757367900,0.403,0.404,0.403,0.404,8004.12
1757368800,0.404,0.406,0.404,0.405,21377.93
1757369700,0.405,0.406,0.405,0.405,22795.33
1757370600,0.405,0.407,0.405,0.405,6108.4
1757371500,0.405,0.406,0.405,0.406,1466.29
1757372400,0.405,0.407,0.405,0.406,20268.510000000002
1757373300,0.406,0.406,0.405,0.405,7953.61
1757374200,0.405,0.405,0.403,0.405,5487.6
1757375100,0.405,0.405,0.403,0.405,17814.13
1757376000,0.405,0.407,0.405,0.407,16545.64
1757376900,0.406,0.407,0.405,0.406,61170.95
1757377800,0.405,0.406,0.404,0.405,15151.25
1757378700,0.405,0.407,0.405,0.407,23743.3
1757379600,0.407,0.409,0.407,0.407,26292.259999999995
1757380500,0.407,0.407,0.405,0.406,24317.54
1757381400,0.406,0.406,0.405,0.406,62878.06
1757382300,0.406,0.407,0.405,0.405,11361.09
1757383200,0.405,0.405,0.403,0.404,36353.689999999995
1757384100,0.404,0.404,0.404,0.404,8670.81
1757385000,0.404,0.407,0.404,0.406,20865.51
1757385900,0.406,0.406,0.402,0.403,20883.19
1757386800,0.403,0.404,0.402,0.404,21576.69
1757387700,0.403,0.403,0.402,0.402,40599.35
1757388600,0.403,0.404,0.402,0.404,23457.49
1757389500,0.404,0.405,0.403,0.405,7711.65
1757390400,0.405,0.406,0.405,0.406,24586.83
1757391300,0.405,0.407,0.405,0.407,15193.37
1757392200,0.406,0.408,0.406,0.407,41703.01
1757393100,0.408,0.408,0.406,0.407,24793.88
1757394000,0.407,0.408,0.406,0.407,7185.23
1757394900,0.406,0.406,0.405,0.406,11116.38
1757395800,0.406,0.407,0.406,0.407,27000.059999999998
1757396700,0.407,0.408,0.407,0.408,5224.26
1757397600,0.409,0.413,0.408,0.412,145502.98
1757398500,0.412,0.413,0.411,0.413,79781.36
1757399400,0.413,0.414,0.412,0.413,37212.25
1757400300,0.413,0.414,0.413,0.413,25206.72
1757401200,0.413,0.416,0.413,0.416,101281.18999999999
1757402100,0.415,0.416,0.413,0.414,32589.28
1757403000,0.414,0.414,0.412,0.412,48354.09
1757403900,0.412,0.412,0.411,0.412,23788.3
1757404800,0.413,0.415,0.413,0.414,25738.22
1757405700,0.414,0.415,0.413,0.414,36410.96000000001
1757406600,0.414,0.415,0.413,0.413,26550.25
1757407500,0.413,0.413,0.412,0.413,14879.6
1757408400,0.413,0.414,0.413,0.413,57123.130000000005
1757409300,0.414,0.415,0.414,0.414,24332.64
1757410200,0.414,0.415,0.413,0.413,37035.97
1757411100,0.413,0.413,0.412,0.412,41704.03
1757412000,0.413,0.415,0.413,0.414,45559.490000000005
1757412900,0.414,0.415,0.413,0.413,54528.49
1757413800,0.412,0.413,0.412,0.413,44322.200000000004
1757414700,0.413,0.414,0.411,0.412,81890.67
1757415600,0.412,0.414,0.412,0.414,31344.120000000003
1757416500,0.414,0.416,0.413,0.415,43720.61
1757417400,0.415,0.416,0.412,0.414,67772.1
1757418300,0.413,0.414,0.411,0.412,55164.69
1757419200,0.412,0.413,0.411,0.413,60375.240000000005
1757420100,0.414,0.415,0.413,0.415,29031.97
1757421000,0.414,0.414,0.409,0.41,127629.73
1757421900,0.409,0.411,0.409,0.41,117725.09
1757422800,0.41,0.411,0.41,0.411,69692.20999999999
1757423700,0.411,0.412,0.41,0.411,74550.03
1757424600,0.411,0.411,0.41,0.411,32944.21
1757425500,0.412,0.412,0.411,0.411,26130.54
1757426400,0.412,0.412,0.408,0.411,90977.95
1757427300,0.412,0.412,0.41,0.411,43400.43
1757428200,0.41,0.41,0.404,0.406,208457.77000000002
1757429100,0.405,0.408,0.405,0.407,71894.94
1757430000,0.406,0.408,0.405,0.405,89354.27
1757430900,0.405,0.406,0.403,0.405,39258.81
1757431800,0.404,0.404,0.403,0.404,9697.62
1757432700,0.403,0.405,0.403,0.405,17975.14
1757433600,0.404,0.405,0.402,0.403,23473.78
1757434500,0.403,0.405,0.401,0.401,25444.489999999998
1757435400,0.403,0.403,0.401,0.402,7335.17
1757436300,0.403,0.403,0.403,0.403,1876.2
1757437200,0.403,0.404,0.403,0.404,6834.5599999999995
1757438100,0.404,0.405,0.403,0.403,14315.34
1757439000,0.403,0.403,0.402,0.403,5482.83
1757439900,0.403,0.403,0.403,0.403,1708.91
1757440800,0.402,0.404,0.402,0.403,50519.700000000004
1757441700,0.403,0.404,0.403,0.404,4011.53
1757442600,0.403,0.404,0.403,0.403,4089.3
1757443500,0.403,0.403,0.403,0.403,2810.58
1757444400,0.403,0.404,0.403,0.403,4389.49
1757445300,0.403,0.404,0.402,0.404,6483.88
1757446200,0.405,0.405,0.404,0.404,1483.17
1757447100,0.404,0.406,0.404,0.405,12699.949999999999
1757448000,0.405,0.405,0.404,0.404,1643.1200000000001
1757448900,0.404,0.405,0.404,0.404,17258.35
1757449800,0.404,0.404,0.403,0.404,3984.6400000000003
1757450700,0.404,0.405,0.403,0.404,1516.45
1757451600,0.404,0.405,0.404,0.405,53832.79
1757452500,0.405,0.405,0.404,0.404,17433.690000000002
1757453400,0.404,0.404,0.403,0.403,7014.26
1757454300,0.403,0.403,0.402,0.403,43473.87
1757455200,0.403,0.403,0.402,0.402,9487.44
1757456100,0.402,0.402,0.402,0.402,386.2
1757457000,0.402,0.404,0.402,0.404,1516.31
1757457900,0.404,0.404,0.403,0.403,980.09
1757458800,0.404,0.405,0.404,0.405,6733.28
1757459700,0.405,0.405,0.403,0.403,13286.33
1757460600,0.403,0.404,0.403,0.403,2438.84
1757461500,0.403,0.404,0.403,0.404,149.12
1757462400,0.404,0.404,0.403,0.403,1961.16
1757463300,0.403,0.404,0.401,0.402,18076.7
1757464200,0.402,0.404,0.401,0.404,24876.8
1757465100,0.404,0.404,0.402,0.402,8053.61
1757466000,0.402,0.402,0.401,0.401,12657.58
1757466900,0.401,0.404,0.401,0.403,179257.74
1757467800,0.403,0.406,0.403,0.406,19346.92
1757468700,0.406,0.406,0.404,0.404,46475.770000000004
1757469600,0.404,0.407,0.404,0.406,58736.03
1757470500,0.406,0.408,0.406,0.408,18698.5
1757471400,0.408,0.409,0.408,0.408,150291.86
1757472300,0.408,0.408,0.407,0.407,20369.1
1757473200,0.407,0.407,0.406,0.407,25460.8
1757474100,0.407,0.409,0.407,0.407,58291.14
1757475000,0.407,0.407,0.407,0.407,5935.47
1757475900,0.408,0.408,0.408,0.408,13434.27
1757476800,0.408,0.408,0.408,0.408,31652.76
1757477700,0.408,0.408,0.408,0.408,10884.23
1757478600,0.407,0.408,0.407,0.407,96653.41
1757479500,0.407,0.408,0.407,0.408,26733.75
1757480400,0.408,0.409,0.408,0.408,27670.43
1757481300,0.408,0.409,0.407,0.409,38531.13
1757482200,0.409,0.411,0.409,0.41,18175.519999999997
1757483100,0.411,0.412,0.409,0.41,70138.76
1757484000,0.41,0.41,0.409,0.409,27189.85
1757484900,0.409,0.409,0.409,0.409,7235.84
1757485800,0.409,0.41,0.409,0.41,22002.75
1757486700,0.41,0.411,0.41,0.411,711.53
1757487600,0.411,0.411,0.41,0.411,32131.309999999998
1757488500,0.411,0.411,0.409,0.411,36199.51
1757489400,0.411,0.412,0.41,0.411,50086.04
1757490300,0.411,0.411,0.408,0.41,24684.54
1757491200,0.41,0.411,0.41,0.41,28727.55
1757492100,0.41,0.411,0.409,0.41,23143.489999999998
1757493000,0.41,0.41,0.409,0.409,1863.31
1757493900,0.409,0.41,0.409,0.409,3342.8100000000004
1757494800,0.409,0.41,0.408,0.408,15714.26
1757495700,0.408,0.411,0.408,0.411,18228.34
1757496600,0.41,0.41,0.41,0.41,7110.02
1757497500,0.411,0.412,0.41,0.411,38637.48
1757498400,0.411,0.412,0.41,0.411,16078.94
1757499300,0.412,0.412,0.41,0.411,16816.489999999998
1757500200,0.411,0.412,0.41,0.411,23136.29
1757501100,0.411,0.411,0.408,0.408,55973.4
1757502000,0.408,0.41,0.408,0.41,17342.87
1757502900,0.41,0.41,0.409,0.409,8806.67
1757503800,0.409,0.41,0.408,0.409,9249.67
1757504700,0.409,0.409,0.408,0.409,8603.04
1757505600,0.409,0.409,0.408,0.408,3148.02
1757506500,0.408,0.409,0.408,0.409,2914.4100000000003
1757507400,0.409,0.414,0.409,0.412,142868.91
1757508300,0.414,0.414,0.413,0.414,17203.43
1757509200,0.414,0.418,0.413,0.417,160797.25
1757510100,0.417,0.418,0.415,0.416,34099.479999999996
1757511000,0.416,0.416,0.412,0.414,107484.23999999999
1757511900,0.414,0.418,0.414,0.414,67085.71
1757512800,0.415,0.418,0.415,0.416,176721.02
1757513700,0.416,0.418,0.415,0.417,43304.19
1757514600,0.417,0.417,0.416,0.417,45210.62
1757515500,0.417,0.417,0.416,0.417,31771.100000000002
1757516400,0.417,0.418,0.417,0.417,22615.4
1757517300,0.418,0.418,0.417,0.417,21787.11
1757518200,0.417,0.417,0.415,0.416,154523.48
1757519100,0.417,0.418,0.417,0.418,43080.89
1757520000,0.417,0.419,0.413,0.413,102959.34
1757520900,0.413,0.415,0.413,0.414,15443.55
1757521800,0.414,0.414,0.413,0.414,4015.3599999999997
1757522700,0.414,0.417,0.414,0.417,44492.28999999999
1757523600,0.416,0.418,0.416,0.418,20043.07
1757524500,0.418,0.418,0.414,0.414,21764.71
1757525400,0.414,0.416,0.414,0.415,3590.2599999999998
1757526300,0.415,0.416,0.415,0.416,8580.84
1757527200,0.416,0.417,0.415,0.416,9548.800000000001
1757528100,0.416,0.416,0.414,0.415,9713.54
1757529000,0.415,0.416,0.414,0.415,16080.970000000001
1757529900,0.415,0.416,0.414,0.416,9412.560000000001
1757530800,0.416,0.416,0.414,0.414,10840.88
1757531700,0.414,0.414,0.411,0.412,11557.36
1757532600,0.412,0.412,0.41,0.411,25074.05
1757533500,0.411,0.412,0.411,0.412,3093.22
1757534400,0.412,0.414,0.412,0.413,7764.62
1757535300,0.413,0.414,0.413,0.414,13613.640000000001
1757536200,0.413,0.413,0.413,0.413,66.97
1757537100,0.413,0.414,0.413,0.413,4507.790000000001
1757538000,0.413,0.416,0.413,0.414,67060.71
1757538900,0.414,0.415,0.414,0.414,10953.26
1757539800,0.414,0.415,0.414,0.414,32874.19
1757540700,0.414,0.415,0.413,0.414,21865.36
1757541600,0.414,0.415,0.414,0.414,13466.1
1757542500,0.414,0.416,0.414,0.415,16403.51
1757543400,0.415,0.415,0.414,0.415,1040.05
1757544300,0.415,0.416,0.414,0.415,20788.22
1757545200,0.415,0.415,0.415,0.415,3924.52
1757546100,0.415,0.415,0.414,0.414,1778.35
1757547000,0.415,0.415,0.414,0.414,1997.07
1757547900,0.414,0.415,0.413,0.413,7781.209999999999
1757548800,0.413,0.414,0.412,0.412,71936.33
1757549700,0.412,0.414,0.412,0.413,9957.07
1757550600,0.413,0.414,0.413,0.413,8446.86
1757551500,0.413,0.415,0.413,0.414,21332.45
1757552400,0.413,0.415,0.413,0.415,9518.21
1757553300,0.415,0.415,0.414,0.414,2525.19
1757554200,0.415,0.415,0.415,0.415,11470.58
1757555100,0.415,0.415,0.415,0.415,91.1
1757556000,0.415,0.416,0.414,0.416,18028.3
1757556900,0.415,0.415,0.414,0.415,24844.190000000002
1757557800,0.415,0.416,0.415,0.415,11342.25
1757558700,0.415,0.415,0.415,0.415,6641.740000000001
1757559600,0.415,0.416,0.414,0.415,35394.61
1757560500,0.416,0.417,0.415,0.417,26744.170000000002
1757561400,0.417,0.417,0.415,0.417,29770.95
1757562300,0.417,0.418,0.416,0.417,13640.390000000001
1757563200,0.416,0.418,0.416,0.417,13930.710000000001
1757564100,0.417,0.417,0.415,0.416,21785.829999999998
1757565000,0.415,0.416,0.415,0.416,37430.990000000005
1757565900,0.416,0.416,0.414,0.415,76951.45999999999
1757566800,0.415,0.415,0.413,0.414,85209.16
1757567700,0.414,0.414,0.412,0.413,23309.55
1757568600,0.413,0.414,0.412,0.413,15959.11
1757569500,0.413,0.414,0.413,0.413,147.76
1757570400,0.413,0.414,0.413,0.414,44010.43
1757571300,0.414,0.415,0.414,0.415,11593.220000000001
1757572200,0.415,0.416,0.414,0.415,8670.09
1757573100,0.415,0.416,0.415,0.416,2575.81
1757574000,0.417,0.417,0.415,0.416,30731.5
1757574900,0.416,0.418,0.416,0.418,54984.32
1757575800,0.419,0.419,0.417,0.417,22072.260000000002
1757576700,0.417,0.417,0.416,0.416,12963.68
1757577600,0.416,0.416,0.416,0.416,12217.980000000001
1757578500,0.416,0.417,0.416,0.417,1286.1999999999998
1757579400,0.416,0.417,0.416,0.416,6351.41
1757580300,0.416,0.417,0.415,0.416,30294.719999999998
1757581200,0.416,0.416,0.415,0.415,18402.07
1757582100,0.415,0.415,0.414,0.415,9365.98
1757583000,0.414,0.415,0.414,0.414,7702.71
1757583900,0.414,0.415,0.413,0.415,9663.76
1757584800,0.415,0.415,0.413,0.413,8089.74
1757585700,0.413,0.414,0.413,0.413,1513.35
1757586600,0.413,0.414,0.412,0.414,5735.97
1757587500,0.413,0.415,0.412,0.414,49644.49
1757588400,0.414,0.416,0.413,0.416,17030.11
1757589300,0.416,0.416,0.414,0.414,23831.79
1757590200,0.415,0.415,0.412,0.413,10845.279999999999
1757591100,0.413,0.413,0.411,0.411,30518.010000000002
1757592000,0.411,0.413,0.409,0.413,51323.94
1757592900,0.413,0.415,0.413,0.415,29909.510000000002
1757593800,0.416,0.417,0.407,0.411,239833.11
1757594700,0.412,0.413,0.411,0.413,82151.26000000001
1757595600,0.412,0.412,0.408,0.409,190971.58
1757596500,0.409,0.411,0.409,0.41,22509.68
1757597400,0.41,0.412,0.41,0.411,12582.46
1757598300,0.411,0.414,0.41,0.414,36183.62
1757599200,0.413,0.413,0.41,0.411,22614.91
1757600100,0.41,0.41,0.408,0.409,38491.75
1757601000,0.409,0.411,0.409,0.411,20889.84
1757601900,0.411,0.412,0.41,0.41,12639.53
1757602800,0.41,0.41,0.409,0.41,5145.6
1757603700,0.41,0.411,0.41,0.41,8297.17
1757604600,0.41,0.41,0.41,0.41,3512.5
1757605500,0.41,0.41,0.409,0.409,2310.8
1757606400,0.409,0.411,0.409,0.411,20542.16
1757607300,0.412,0.412,0.41,0.41,28732.75
1757608200,0.409,0.41,0.408,0.41,26539.46
1757609100,0.41,0.41,0.409,0.41,3064.2
1757610000,0.409,0.411,0.408,0.41,44531.990000000005
1757610900,0.41,0.41,0.409,0.409,62016.05
1757611800,0.409,0.409,0.408,0.409,82485.44
1757612700,0.409,0.41,0.408,0.41,22182.31
1757613600,0.41,0.41,0.409,0.41,6695.01
1757614500,0.409,0.41,0.408,0.409,32804.59
1757615400,0.409,0.409,0.408,0.408,465.32
1757616300,0.409,0.41,0.409,0.41,31388.8
1757617200,0.409,0.409,0.409,0.409,29449.94
1757618100,0.41,0.41,0.409,0.41,23680.29
1757619000,0.41,0.411,0.41,0.41,2858.04
1757619900,0.41,0.411,0.41,0.41,14952.83
1757620800,0.41,0.411,0.41,0.411,10039.279999999999
1757621700,0.411,0.411,0.41,0.411,7291.79
1757622600,0.411,0.412,0.41,0.41,37574.79
1757623500,0.41,0.411,0.41,0.41,11899.98
1757624400,0.41,0.412,0.41,0.411,27685.03
1757625300,0.411,0.412,0.41,0.41,4133.07
1757626200,0.411,0.412,0.411,0.411,8282.19
1757627100,0.412,0.412,0.411,0.412,14642.689999999999
1757628000,0.412,0.412,0.41,0.412,15042.71
1757628900,0.412,0.413,0.411,0.413,24593.97
1757629800,0.413,0.414,0.413,0.413,13496.730000000001
1757630700,0.413,0.414,0.413,0.413,14217.359999999999
1757631600,0.413,0.414,0.413,0.414,18561.23
1757632500,0.414,0.415,0.413,0.414,18954.15
1757633400,0.414,0.415,0.413,0.414,32859.92
1757634300,0.414,0.414,0.413,0.414,16778.519999999997
1757635200,0.414,0.414,0.414,0.414,541.22
1757636100,0.415,0.416,0.415,0.415,34787.71
1757637000,0.415,0.419,0.415,0.418,76266.59
1757637900,0.418,0.419,0.418,0.418,70492.33
1757638800,0.418,0.419,0.417,0.417,17629.22
1757639700,0.417,0.418,0.417,0.418,7429.510000000001
1757640600,0.418,0.418,0.414,0.415,42973.95
1757641500,0.415,0.415,0.415,0.415,19803.38
1757642400,0.415,0.416,0.415,0.416,14778.82
1757643300,0.416,0.416,0.414,0.416,15401.859999999999
1757644200,0.416,0.417,0.416,0.416,7640.9
1757645100,0.416,0.417,0.415,0.416,744.55
1757646000,0.416,0.416,0.414,0.415,26230.6
1757646900,0.415,0.416,0.415,0.415,13140.05
1757647800,0.415,0.415,0.414,0.414,42867.96
1757648700,0.414,0.415,0.414,0.414,2184.94
1757649600,0.415,0.415,0.415,0.415,27481.46
1757650500,0.416,0.416,0.415,0.416,21846.71
1757651400,0.416,0.417,0.416,0.417,10768.85
1757652300,0.417,0.417,0.416,0.417,14855.16
1757653200,0.417,0.417,0.416,0.417,12126.699999999999
1757654100,0.417,0.418,0.416,0.416,9235.41
1757655000,0.416,0.418,0.416,0.418,18400.03
1757655900,0.418,0.419,0.418,0.418,47470.06
1757656800,0.419,0.419,0.417,0.418,13786.54
1757657700,0.418,0.42,0.418,0.419,111686.49
1757658600,0.419,0.419,0.416,0.417,37078.21
1757659500,0.417,0.417,0.416,0.417,41947.26
1757660400,0.417,0.419,0.417,0.418,43637.82
1757661300,0.418,0.419,0.418,0.418,21134.35
1757662200,0.417,0.417,0.417,0.417,15742.89
1757663100,0.416,0.417,0.416,0.416,16524.34
1757664000,0.417,0.417,0.415,0.415,7582.25
1757664900,0.415,0.416,0.414,0.416,42756.5
1757665800,0.416,0.416,0.415,0.416,26217.64
1757666700,0.416,0.416,0.415,0.415,16745.06
1757667600,0.415,0.416,0.414,0.415,47225.84
1757668500,0.415,0.415,0.414,0.414,16127.85
1757669400,0.414,0.414,0.413,0.413,24485.510000000002
1757670300,0.413,0.414,0.412,0.413,22477.170000000002
1757671200,0.413,0.413,0.411,0.412,44948.34
1757672100,0.412,0.413,0.411,0.411,13663.91
1757673000,0.411,0.412,0.411,0.412,544.3
1757673900,0.412,0.412,0.412,0.412,8702.38
1757674800,0.412,0.413,0.412,0.412,1986.8799999999999
1757675700,0.413,0.413,0.412,0.413,23100.440000000002
1757676600,0.413,0.413,0.413,0.413,9510.24
1757677500,0.412,0.412,0.41,0.411,68487.84999999999
1757678400,0.41,0.411,0.407,0.408,118602.36
1757679300,0.408,0.41,0.407,0.409,27348.75
1757680200,0.409,0.409,0.409,0.409,9109.01
1757681100,0.41,0.411,0.409,0.411,58397.600000000006
1757682000,0.41,0.41,0.41,0.41,494.16
1757682900,0.41,0.411,0.41,0.411,2229.12
1757683800,0.411,0.411,0.41,0.41,37393.43
1757684700,0.41,0.412,0.41,0.412,26929.34
1757685600,0.411,0.413,0.411,0.412,27564.92
1757686500,0.413,0.414,0.412,0.413,162927.42
1757687400,0.413,0.413,0.409,0.41,29390.23
1757688300,0.41,0.412,0.41,0.412,63674.86
1757689200,0.412,0.412,0.411,0.411,38588.659999999996
1757690100,0.41,0.411,0.41,0.411,32207.48
1757691000,0.411,0.411,0.409,0.41,26676.78
1757691900,0.41,0.412,0.41,0.412,14620.87
1757692800,0.412,0.413,0.411,0.412,40953.46
1757693700,0.413,0.414,0.413,0.414,55041.159999999996
1757694600,0.414,0.415,0.414,0.414,4599.08
1757695500,0.414,0.414,0.413,0.414,19965.17
1757696400,0.414,0.415,0.414,0.415,19624.28
1757697300,0.415,0.417,0.415,0.417,34175.36
1757698200,0.417,0.418,0.417,0.418,15239.39
1757699100,0.418,0.418,0.417,0.418,7850.36
1757700000,0.418,0.418,0.417,0.418,13409.990000000002
1757700900,0.418,0.421,0.418,0.42,143941.66
1757701800,0.421,0.421,0.42,0.421,61116.13
1757702700,0.421,0.422,0.421,0.421,13983.449999999999
1757703600,0.421,0.422,0.421,0.421,14489.180000000002
1757704500,0.421,0.421,0.421,0.421,72117.59
1757705400,0.421,0.421,0.421,0.421,5896.09
1757706300,0.421,0.422,0.421,0.422,5386.85
1757707200,0.422,0.422,0.421,0.421,5513.05
1757708100,0.42,0.421,0.42,0.421,23823.82
1757709000,0.421,0.422,0.421,0.422,7340.33
1757709900,0.422,0.422,0.42,0.421,31463.21
1757710800,0.421,0.421,0.42,0.421,38961.55
1757711700,0.421,0.422,0.42,0.422,2626.71
1757712600,0.42,0.421,0.42,0.42,7857.789999999999
1757713500,0.42,0.421,0.42,0.421,2563.04
1757714400,0.421,0.426,0.421,0.425,152217.97
1757715300,0.424,0.425,0.423,0.424,37217.810000000005
1757716200,0.424,0.425,0.423,0.424,49228.97
1757717100,0.423,0.424,0.423,0.423,11584.59
1757718000,0.424,0.424,0.422,0.422,13505.869999999999
1757718900,0.422,0.424,0.422,0.423,15602.2
1757719800,0.423,0.423,0.422,0.423,3214.67
1757720700,0.423,0.423,0.422,0.422,1449.26
1757721600,0.422,0.423,0.421,0.422,31595.07
1757722500,0.422,0.422,0.42,0.421,27353.719999999998
1757723400,0.421,0.422,0.421,0.421,7053.179999999999
1757724300,0.421,0.423,0.421,0.422,60992.97
1757725200,0.422,0.424,0.422,0.423,3169.14
1757726100,0.423,0.424,0.423,0.423,12221.28
1757727000,0.423,0.423,0.422,0.422,20240.760000000002
1757727900,0.422,0.423,0.421,0.421,853.68
1757728800,0.421,0.421,0.42,0.421,41688.44
1757729700,0.421,0.422,0.421,0.421,11018.41
1757730600,0.421,0.422,0.421,0.422,27897.739999999998
1757731500,0.422,0.423,0.421,0.421,15010.310000000001
1757732400,0.421,0.421,0.42,0.421,60707.44
1757733300,0.421,0.422,0.421,0.422,50900.0
1757734200,0.421,0.423,0.421,0.423,15672.98
1757735100,0.423,0.424,0.422,0.424,21457.7
1757736000,0.424,0.424,0.423,0.423,8040.74
1757736900,0.423,0.423,0.422,0.423,5752.13
1757737800,0.423,0.423,0.422,0.422,3068.77
1757738700,0.422,0.423,0.42,0.42,18628.98
1757739600,0.42,0.422,0.42,0.421,23571.15
1757740500,0.421,0.422,0.42,0.421,11995.310000000001
1757741400,0.421,0.422,0.421,0.422,12924.62
1757742300,0.422,0.422,0.421,0.422,10756.85
1757743200,0.422,0.423,0.422,0.423,26830.56
1757744100,0.423,0.423,0.422,0.423,10302.7
1757745000,0.422,0.423,0.422,0.423,3573.99
1757745900,0.423,0.423,0.422,0.422,703.74
1757746800,0.422,0.423,0.422,0.422,1126.9099999999999
1757747700,0.422,0.422,0.422,0.422,258.79
1757748600,0.423,0.423,0.422,0.423,2375.07
1757749500,0.423,0.423,0.422,0.422,8553.57
1757750400,0.422,0.424,0.422,0.423,26649.390000000003
1757751300,0.423,0.424,0.423,0.423,4540.22
1757752200,0.423,0.424,0.423,0.424,6833.43
1757753100,0.424,0.424,0.423,0.424,5956.62
1757754000,0.424,0.425,0.423,0.425,122618.15000000001
1757754900,0.425,0.427,0.424,0.426,141556.36000000002
1757755800,0.426,0.427,0.425,0.425,45827.96
1757756700,0.426,0.427,0.425,0.427,28162.85
1757757600,0.426,0.427,0.425,0.426,85468.54000000001
1757758500,0.426,0.427,0.426,0.427,15157.529999999999
1757759400,0.427,0.428,0.425,0.427,91365.72
1757760300,0.427,0.427,0.426,0.427,20141.829999999998
1757761200,0.426,0.427,0.425,0.426,39365.6
1757762100,0.426,0.427,0.425,0.427,18094.41
1757763000,0.427,0.427,0.426,0.427,15621.599999999999
1757763900,0.428,0.429,0.428,0.429,56845.93
1757764800,0.428,0.429,0.428,0.429,43927.380000000005
1757765700,0.429,0.43,0.429,0.429,13781.78
1757766600,0.429,0.43,0.429,0.43,17996.9
1757767500,0.43,0.431,0.429,0.431,70459.43000000001
1757768400,0.431,0.431,0.43,0.431,31786.88
1757769300,0.431,0.432,0.429,0.432,67719.41
1757770200,0.432,0.432,0.43,0.43,26435.56
1757771100,0.431,0.431,0.422,0.427,322300.95
1757772000,0.426,0.427,0.424,0.427,71862.06
1757772900,0.426,0.429,0.426,0.429,22809.84
1757773800,0.428,0.429,0.426,0.427,48276.94
1757774700,0.427,0.428,0.427,0.427,33529.0
1757775600,0.427,0.428,0.427,0.427,2142.6
1757776500,0.427,0.429,0.427,0.427,26327.36
1757777400,0.427,0.427,0.424,0.424,28327.19
1757778300,0.425,0.425,0.423,0.424,28027.92
1757779200,0.424,0.426,0.424,0.425,21293.859999999997
1757780100,0.425,0.426,0.424,0.425,61274.159999999996
1757781000,0.425,0.426,0.423,0.423,43561.85
1757781900,0.424,0.425,0.422,0.424,58134.14
1757782800,0.424,0.424,0.422,0.422,82461.62
1757783700,0.422,0.424,0.422,0.424,27023.850000000002
1757784600,0.424,0.427,0.424,0.425,38879.75
1757785500,0.425,0.427,0.425,0.427,12157.5
1757786400,0.427,0.427,0.425,0.427,29328.93
1757787300,0.428,0.428,0.426,0.428,24666.78
1757788200,0.428,0.428,0.426,0.427,95233.46
1757789100,0.428,0.428,0.427,0.427,15367.61
1757790000,0.427,0.427,0.426,0.427,35816.340000000004
1757790900,0.427,0.427,0.425,0.426,5358.66
1757791800,0.426,0.427,0.426,0.427,17042.960000000003
1757792700,0.427,0.427,0.426,0.426,1316.02
1757793600,0.426,0.429,0.426,0.429,188095.79
1757794500,0.428,0.428,0.427,0.428,5159.33
1757795400,0.428,0.429,0.427,0.427,6754.0599999999995
1757796300,0.427,0.429,0.427,0.428,3303.6
1757797200,0.428,0.431,0.428,0.43,93277.05
1757798100,0.43,0.431,0.43,0.431,22459.11
1757799000,0.43,0.431,0.43,0.431,12017.26
1757799900,0.431,0.431,0.429,0.43,27367.05
1757800800,0.43,0.433,0.43,0.432,71416.17
1757801700,0.432,0.435,0.431,0.433,440636.07999999996
1757802600,0.433,0.434,0.432,0.432,34093.22
1757803500,0.432,0.433,0.432,0.433,18589.44
1757804400,0.433,0.435,0.433,0.434,37711.63
1757805300,0.434,0.435,0.433,0.433,22723.21
1757806200,0.432,0.433,0.432,0.432,9450.55
1757807100,0.432,0.434,0.432,0.434,17447.280000000002
1757808000,0.434,0.434,0.432,0.433,34024.57
1757808900,0.433,0.433,0.432,0.432,32313.29
1757809800,0.432,0.434,0.432,0.432,44286.98
1757810700,0.432,0.432,0.429,0.43,65798.88
1757811600,0.43,0.43,0.427,0.428,64278.01
1757812500,0.428,0.429,0.427,0.428,13782.33
1757813400,0.428,0.429,0.427,0.429,58105.34
1757814300,0.429,0.431,0.429,0.431,39122.18
1757815200,0.431,0.435,0.431,0.434,72888.78
1757816100,0.434,0.434,0.433,0.434,26175.65
1757817000,0.433,0.434,0.431,0.431,16351.32
1757817900,0.431,0.431,0.43,0.43,26470.54
1757818800,0.43,0.431,0.43,0.43,21811.28
1757819700,0.43,0.43,0.429,0.429,27562.86
1757820600,0.429,0.429,0.429,0.429,4899.71
1757821500,0.429,0.429,0.426,0.426,58272.87
1757822400,0.426,0.426,0.425,0.426,69185.65999999999
1757823300,0.426,0.426,0.423,0.426,64932.51
1757824200,0.426,0.428,0.426,0.428,24753.9
1757825100,0.428,0.428,0.426,0.427,20458.55
1757826000,0.427,0.429,0.427,0.429,9808.99
1757826900,0.428,0.43,0.428,0.429,8881.15
1757827800,0.43,0.431,0.43,0.43,20021.690000000002
1757828700,0.43,0.432,0.43,0.431,23964.870000000003
1757829600,0.432,0.432,0.43,0.43,33685.76
1757830500,0.43,0.431,0.429,0.43,22101.39
1757831400,0.429,0.429,0.429,0.429,20559.48
1757832300,0.428,0.429,0.427,0.429,20999.77
1757833200,0.429,0.429,0.427,0.428,5288.39
1757834100,0.428,0.428,0.427,0.428,13958.6
1757835000,0.429,0.429,0.427,0.428,18673.43
1757835900,0.428,0.428,0.426,0.427,42548.59
1757836800,0.427,0.427,0.426,0.427,16597.03
1757837700,0.427,0.427,0.426,0.426,294.89
1757838600,0.426,0.429,0.426,0.429,14252.5
1757839500,0.429,0.429,0.428,0.428,12792.35
1757840400,0.427,0.427,0.426,0.427,11886.15
1757841300,0.427,0.428,0.426,0.427,10654.11
1757842200,0.427,0.43,0.427,0.429,16149.09
1757843100,0.429,0.429,0.428,0.429,22004.899999999998
1757844000,0.429,0.429,0.427,0.428,22852.83
1757844900,0.427,0.428,0.427,0.427,12319.109999999999
1757845800,0.427,0.428,0.427,0.427,10933.869999999999
1757846700,0.427,0.428,0.427,0.427,12385.35
1757847600,0.427,0.428,0.425,0.426,8042.5
1757848500,0.426,0.426,0.422,0.423,67769.04
1757849400,0.423,0.423,0.421,0.422,67521.84999999999
1757850300,0.422,0.422,0.421,0.421,13439.53
1757851200,0.421,0.423,0.421,0.422,41603.33
1757852100,0.422,0.422,0.421,0.421,24831.719999999998
1757853000,0.421,0.422,0.418,0.418,130756.67
1757853900,0.418,0.42,0.417,0.418,73146.87000000001
1757854800,0.419,0.42,0.418,0.419,26569.59
1757855700,0.419,0.419,0.417,0.417,11169.73
1757856600,0.417,0.418,0.417,0.418,51591.01
1757857500,0.418,0.418,0.415,0.416,73419.33
1757858400,0.416,0.419,0.416,0.418,37169.94
1757859300,0.418,0.418,0.415,0.416,29280.16
1757860200,0.416,0.417,0.414,0.415,79594.37
1757861100,0.415,0.416,0.413,0.414,84284.0
1757862000,0.414,0.415,0.413,0.414,18619.15
1757862900,0.414,0.415,0.414,0.415,20375.19
1757863800,0.415,0.416,0.413,0.415,26282.27
1757864700,0.415,0.416,0.413,0.413,1287.26
1757865600,0.414,0.417,0.414,0.416,16714.64
1757866500,0.416,0.417,0.415,0.417,24243.37
1757867400,0.417,0.417,0.416,0.417,6833.240000000001
1757868300,0.417,0.417,0.415,0.415,9525.47
1757869200,0.417,0.418,0.417,0.418,8528.15
1757870100,0.418,0.419,0.417,0.419,39788.82
1757871000,0.419,0.42,0.419,0.419,34267.94
1757871900,0.419,0.419,0.418,0.419,33126.94
1757872800,0.419,0.419,0.418,0.418,32403.12
1757873700,0.418,0.418,0.416,0.416,20218.64
1757874600,0.416,0.418,0.416,0.417,14703.66
1757875500,0.417,0.418,0.417,0.417,3155.82
1757876400,0.417,0.418,0.416,0.417,10046.55
1757877300,0.417,0.419,0.417,0.419,14181.7
1757878200,0.418,0.419,0.418,0.418,20080.79
1757879100,0.417,0.418,0.416,0.417,2238.74
1757880000,0.417,0.418,0.417,0.418,18583.32
1757880900,0.418,0.42,0.418,0.418,42528.79
1757881800,0.418,0.418,0.417,0.418,18254.21
1757882700,0.418,0.418,0.417,0.417,3417.65
1757883600,0.417,0.417,0.415,0.417,90425.36
1757884500,0.417,0.419,0.417,0.417,61321.31
1757885400,0.419,0.419,0.418,0.419,28183.8
1757886300,0.42,0.421,0.419,0.419,15239.130000000001
1757887200,0.42,0.42,0.419,0.419,15460.990000000002
1757888100,0.419,0.419,0.418,0.418,6184.710000000001
1757889000,0.418,0.42,0.418,0.42,3219.92
1757889900,0.42,0.421,0.419,0.42,15233.04
1757890800,0.42,0.421,0.418,0.418,22308.66
1757891700,0.417,0.417,0.416,0.416,42027.26
1757892600,0.416,0.417,0.415,0.416,29562.550000000003
1757893500,0.415,0.417,0.415,0.417,9085.74
1757894400,0.417,0.418,0.415,0.417,35193.44
1757895300,0.417,0.42,0.417,0.419,14387.56
1757896200,0.42,0.42,0.418,0.418,21333.58
1757897100,0.418,0.418,0.417,0.417,27253.21
1757898000,0.417,0.417,0.414,0.414,23266.22
1757898900,0.414,0.415,0.413,0.415,48953.5
1757899800,0.416,0.418,0.415,0.418,40342.65
1757900700,0.419,0.419,0.418,0.419,39551.32
1757901600,0.419,0.421,0.419,0.42,9081.72
1757902500,0.42,0.42,0.419,0.419,7077.049999999999
1757903400,0.418,0.419,0.417,0.417,1113.06
1757904300,0.417,0.418,0.416,0.418,30300.35
1757905200,0.418,0.419,0.418,0.419,22160.61
1757906100,0.419,0.42,0.418,0.418,8816.52
1757907000,0.419,0.419,0.417,0.417,64.09
1757907900,0.417,0.419,0.417,0.419,7453.150000000001
1757908800,0.419,0.419,0.418,0.418,4804.29
1757909700,0.418,0.42,0.418,0.419,16079.400000000001
1757910600,0.419,0.419,0.418,0.419,3140.84
1757911500,0.419,0.42,0.418,0.418,9692.52
1757912400,0.418,0.42,0.418,0.42,11190.900000000001
1757913300,0.42,0.421,0.419,0.419,18599.309999999998
1757914200,0.42,0.421,0.42,0.42,13477.94
1757915100,0.42,0.421,0.419,0.42,21048.91
1757916000,0.42,0.42,0.419,0.419,7929.820000000001
1757916900,0.419,0.419,0.417,0.417,15206.24
1757917800,0.416,0.417,0.413,0.414,59938.229999999996
1757918700,0.413,0.414,0.413,0.414,48257.44
1757919600,0.413,0.415,0.413,0.414,24361.87
1757920500,0.414,0.415,0.414,0.414,3592.19
1757921400,0.413,0.413,0.409,0.41,141698.39
1757922300,0.411,0.412,0.409,0.41,36685.840000000004
1757923200,0.41,0.41,0.403,0.406,321523.57
1757924100,0.405,0.406,0.404,0.405,16316.88
1757925000,0.405,0.406,0.403,0.404,76916.16
1757925900,0.404,0.404,0.399,0.401,147288.72
1757926800,0.399,0.402,0.398,0.402,380185.03
1757927700,0.402,0.404,0.401,0.403,20211.18
1757928600,0.403,0.404,0.403,0.404,12683.27
1757929500,0.404,0.404,0.403,0.404,30145.06
1757930400,0.403,0.404,0.401,0.401,32672.489999999998
1757931300,0.401,0.402,0.4,0.401,30918.12
1757932200,0.402,0.403,0.4,0.403,11379.320000000002
1757933100,0.403,0.403,0.402,0.403,16707.92
1757934000,0.403,0.403,0.401,0.403,4588.84
1757934900,0.403,0.403,0.402,0.402,22330.210000000003
1757935800,0.402,0.403,0.401,0.402,15084.26
1757936700,0.401,0.402,0.4,0.401,9965.39
1757937600,0.4,0.401,0.398,0.401,378388.48
1757938500,0.401,0.401,0.399,0.399,13439.43
1757939400,0.399,0.401,0.399,0.401,4956.84
1757940300,0.401,0.401,0.398,0.399,4496.03
1757941200,0.398,0.401,0.398,0.401,5908.79
1757942100,0.4,0.4,0.398,0.4,37229.67
1757943000,0.4,0.401,0.398,0.398,9952.7
1757943900,0.398,0.401,0.398,0.4,21271.579999999998
1757944800,0.4,0.4,0.397,0.398,72987.3
1757945700,0.399,0.4,0.398,0.4,18777.27
1757946600,0.4,0.401,0.398,0.401,23983.19
1757947500,0.401,0.401,0.398,0.398,30634.32
1757948400,0.398,0.4,0.397,0.397,57060.4
1757949300,0.398,0.398,0.397,0.398,20811.079999999998
1757950200,0.398,0.398,0.395,0.396,44943.92
1757951100,0.395,0.398,0.394,0.397,65706.75
1757952000,0.396,0.397,0.393,0.395,136407.21
1757952900,0.396,0.396,0.394,0.394,18640.27
1757953800,0.394,0.396,0.394,0.396,15682.51
1757954700,0.397,0.397,0.393,0.393,35438.28
1757955600,0.394,0.395,0.393,0.395,20781.18
1757956500,0.395,0.395,0.393,0.394,29299.52
1757957400,0.394,0.396,0.394,0.396,21459.39
1757958300,0.395,0.396,0.394,0.396,6260.71
1757959200,0.396,0.396,0.395,0.396,20230.59
1757960100,0.396,0.396,0.395,0.395,9476.550000000001
1757961000,0.395,0.396,0.395,0.396,33906.71
1757961900,0.396,0.398,0.396,0.397,10903.76
1757962800,0.397,0.398,0.397,0.397,18549.12
1757963700,0.397,0.397,0.395,0.396,10146.57
1757964600,0.396,0.398,0.395,0.398,5787.07
1757965500,0.398,0.398,0.397,0.398,9938.0
1757966400,0.397,0.398,0.397,0.398,15051.62
1757967300,0.398,0.399,0.398,0.398,7634.49
1757968200,0.398,0.399,0.398,0.398,4697.45
1757969100,0.398,0.399,0.398,0.398,1178.28
1757970000,0.398,0.399,0.397,0.398,14118.91
1757970900,0.398,0.399,0.398,0.399,74915.79999999999
1757971800,0.399,0.4,0.398,0.399,24079.28
1757972700,0.399,0.399,0.399,0.399,26.02
1757973600,0.399,0.4,0.399,0.399,6847.67
1757974500,0.399,0.4,0.399,0.399,20908.84
1757975400,0.399,0.399,0.399,0.399,4260.89
1757976300,0.399,0.4,0.399,0.399,4753.02
1757977200,0.399,0.4,0.398,0.398,9407.86
1757978100,0.4,0.4,0.399,0.4,11058.75
1757979000,0.4,0.4,0.399,0.399,5233.99
1757979900,0.399,0.4,0.398,0.4,35029.840000000004
1757980800,0.4,0.4,0.399,0.399,21082.31
1757981700,0.399,0.399,0.398,0.399,20707.36
1757982600,0.399,0.4,0.399,0.399,5695.42
1757983500,0.399,0.4,0.398,0.399,92367.85
1757984400,0.399,0.4,0.399,0.4,4952.81
1757985300,0.4,0.401,0.4,0.401,6998.67
1757986200,0.401,0.401,0.399,0.399,25333.510000000002
1757987100,0.398,0.399,0.398,0.398,25867.48
1757988000,0.398,0.399,0.397,0.398,7146.139999999999
1757988900,0.398,0.399,0.397,0.398,21739.88
1757989800,0.398,0.399,0.397,0.397,2538.06
1757990700,0.397,0.397,0.397,0.397,21770.29
1757991600,0.397,0.398,0.397,0.398,28252.26
1757992500,0.398,0.398,0.398,0.398,15.07
1757993400,0.398,0.399,0.398,0.398,25856.41
1757994300,0.398,0.398,0.397,0.397,12743.42
1757995200,0.397,0.398,0.395,0.395,63253.19
1757996100,0.395,0.397,0.393,0.396,124070.20999999999
1757997000,0.396,0.397,0.395,0.397,29939.57
1757997900,0.397,0.397,0.397,0.397,5815.299999999999
1757998800,0.397,0.399,0.397,0.399,15962.0
1757999700,0.399,0.399,0.398,0.399,35150.33
1758000600,0.399,0.399,0.399,0.399,14272.44
1758001500,0.399,0.4,0.399,0.399,28077.34
1758002400,0.399,0.4,0.399,0.4,10886.220000000001
1758003300,0.4,0.401,0.399,0.399,4979.3099999999995
1758004200,0.399,0.399,0.397,0.397,88090.08
1758005100,0.397,0.398,0.397,0.398,2893.13
1758006000,0.398,0.4,0.398,0.4,17514.440000000002
1758006900,0.4,0.401,0.399,0.401,34677.68
1758007800,0.401,0.401,0.4,0.401,1013.54
1758008700,0.401,0.401,0.4,0.401,15534.92
1758009600,0.401,0.403,0.401,0.402,13378.080000000002
1758010500,0.403,0.404,0.402,0.402,49256.46
1758011400,0.402,0.403,0.402,0.402,3161.44
1758012300,0.402,0.403,0.402,0.403,4764.42
1758013200,0.403,0.403,0.402,0.403,3711.08
1758014100,0.403,0.404,0.402,0.402,8836.57
1758015000,0.403,0.403,0.401,0.403,585.0
1758015900,0.403,0.403,0.402,0.402,36745.03
1758016800,0.402,0.403,0.4,0.401,4336.54
1758017700,0.401,0.402,0.4,0.402,18566.43
1758018600,0.402,0.403,0.402,0.403,11067.34
1758019500,0.403,0.403,0.402,0.402,9449.37
1758020400,0.402,0.402,0.402,0.402,2946.89
1758021300,0.402,0.402,0.401,0.402,24583.82
1758022200,0.402,0.403,0.401,0.403,15451.04
1758023100,0.403,0.403,0.401,0.402,4184.77
1758024000,0.402,0.403,0.401,0.402,16685.36
1758024900,0.402,0.403,0.402,0.402,1835.58
1758025800,0.402,0.403,0.402,0.402,7974.87
1758026700,0.402,0.403,0.402,0.403,7448.050000000001
1758027600,0.403,0.404,0.402,0.402,42826.840000000004
1758028500,0.402,0.404,0.401,0.404,17418.8
1758029400,0.404,0.404,0.4,0.401,51622.4
1758030300,0.4,0.4,0.398,0.4,25087.93
1758031200,0.4,0.401,0.397,0.397,41614.64
1758032100,0.398,0.399,0.396,0.398,62251.5
1758033000,0.398,0.399,0.398,0.398,5350.95
1758033900,0.398,0.399,0.398,0.399,11032.18
1758034800,0.399,0.4,0.398,0.4,3667.1
1758035700,0.4,0.401,0.399,0.401,22579.59
1758036600,0.401,0.402,0.4,0.402,39872.72
1758037500,0.402,0.403,0.401,0.403,36599.14
1758038400,0.403,0.403,0.402,0.403,13291.53
1758039300,0.403,0.403,0.401,0.402,10147.16
1758040200,0.402,0.403,0.402,0.403,5354.700000000001
1758041100,0.402,0.403,0.401,0.403,916.66
1758042000,0.403,0.405,0.403,0.405,67093.86
1758042900,0.405,0.405,0.404,0.404,30329.13
1758043800,0.405,0.406,0.404,0.404,37335.3
1758044700,0.404,0.405,0.403,0.403,16457.5
1758045600,0.404,0.406,0.403,0.405,27756.999999999996
1758046500,0.405,0.405,0.404,0.404,10224.21
1758047400,0.404,0.404,0.402,0.402,8625.769999999999
1758048300,0.402,0.404,0.402,0.404,6582.91
1758049200,0.404,0.404,0.402,0.403,43467.48
1758050100,0.403,0.405,0.403,0.404,92025.09
1758051000,0.404,0.404,0.403,0.404,7832.22
1758051900,0.404,0.405,0.404,0.405,22733.08
1758052800,0.405,0.405,0.404,0.404,673.2
1758053700,0.404,0.404,0.403,0.404,7164.51
1758054600,0.404,0.405,0.404,0.404,1267.46
1758055500,0.404,0.405,0.403,0.404,11968.77
1758056400,0.404,0.405,0.404,0.404,25680.86
1758057300,0.403,0.405,0.403,0.404,21125.44
1758058200,0.404,0.405,0.403,0.403,10711.92
1758059100,0.403,0.405,0.403,0.405,4313.12
1758060000,0.405,0.405,0.405,0.405,32725.539999999997
1758060900,0.405,0.406,0.404,0.405,8064.58
1758061800,0.404,0.405,0.404,0.405,6901.5
1758062700,0.405,0.405,0.405,0.405,1581.1100000000001
1758063600,0.405,0.405,0.404,0.404,7035.34
1758064500,0.404,0.405,0.404,0.405,2106.23
1758065400,0.405,0.405,0.403,0.404,1871.98
1758066300,0.404,0.404,0.403,0.403,2438.78
1758067200,0.404,0.404,0.402,0.402,5785.16
1758068100,0.403,0.404,0.403,0.403,30494.82
1758069000,0.403,0.405,0.403,0.404,4310.46
1758069900,0.404,0.404,0.403,0.403,457.08
1758070800,0.403,0.404,0.403,0.404,233.32
1758071700,0.404,0.405,0.403,0.403,4965.25
1758072600,0.403,0.403,0.402,0.403,6739.52
1758073500,0.403,0.403,0.403,0.403,2858.03
1758074400,0.403,0.403,0.402,0.402,74.35
1758075300,0.402,0.404,0.402,0.403,14454.26
1758076200,0.404,0.406,0.404,0.405,16042.34
1758077100,0.405,0.406,0.405,0.405,1808.3400000000001
1758078000,0.405,0.405,0.405,0.405,0.0
1758078900,0.405,0.405,0.404,0.404,148.35
1758079800,0.404,0.404,0.401,0.401,10349.04
1758080700,0.401,0.402,0.401,0.401,6562.0599999999995
1758081600,0.401,0.402,0.401,0.401,7010.26
1758082500,0.401,0.401,0.399,0.399,36272.590000000004
1758083400,0.4,0.4,0.399,0.4,7128.15
1758084300,0.4,0.4,0.397,0.399,49861.83
1758085200,0.398,0.4,0.398,0.4,8192.02
1758086100,0.399,0.4,0.397,0.398,15672.29
1758087000,0.398,0.399,0.398,0.398,14587.06
1758087900,0.4,0.402,0.399,0.402,20528.85
1758088800,0.401,0.401,0.401,0.401,3394.26
1758089700,0.401,0.401,0.401,0.401,19022.54
1758090600,0.4,0.401,0.4,0.401,32547.61
1758091500,0.401,0.402,0.401,0.402,5162.76
1758092400,0.403,0.403,0.402,0.402,1738.56
1758093300,0.402,0.403,0.402,0.403,5130.5
1758094200,0.403,0.404,0.402,0.402,3626.92
1758095100,0.403,0.404,0.402,0.402,10435.16
1758096000,0.403,0.403,0.401,0.402,88930.31999999999
1758096900,0.402,0.402,0.399,0.4,112069.98999999999
1758097800,0.4,0.4,0.398,0.399,38859.88
1758098700,0.398,0.399,0.398,0.399,1260.55
1758099600,0.399,0.4,0.399,0.399,2666.8799999999997
1758100500,0.399,0.399,0.397,0.398,13841.54
1758101400,0.398,0.399,0.398,0.399,3641.5400000000004
1758102300,0.399,0.399,0.397,0.397,4847.95
1758103200,0.397,0.399,0.397,0.398,7311.139999999999
1758104100,0.398,0.398,0.396,0.396,52651.89
1758105000,0.396,0.396,0.395,0.396,8455.24
1758105900,0.396,0.396,0.396,0.396,21276.739999999998
1758106800,0.396,0.397,0.395,0.397,9454.62
1758107700,0.397,0.398,0.397,0.397,3952.3999999999996
1758108600,0.397,0.398,0.397,0.397,12288.489999999998
1758109500,0.397,0.399,0.397,0.398,30941.73
1758110400,0.398,0.399,0.397,0.397,21216.2
1758111300,0.397,0.398,0.397,0.398,11968.59
1758112200,0.398,0.399,0.397,0.397,1721.77
1758113100,0.397,0.398,0.397,0.398,3052.4300000000003
1758114000,0.398,0.398,0.397,0.397,5701.31
1758114900,0.397,0.399,0.397,0.398,15742.630000000001
1758115800,0.398,0.398,0.395,0.395,11561.13
1758116700,0.395,0.398,0.395,0.396,5019.85
1758117600,0.396,0.397,0.396,0.396,4128.64
1758118500,0.396,0.397,0.395,0.396,40615.77
1758119400,0.395,0.397,0.395,0.396,18162.75
1758120300,0.396,0.396,0.395,0.396,7445.41
1758121200,0.396,0.396,0.396,0.396,28.689999999999998
1758122100,0.396,0.397,0.395,0.395,9098.27
1758123000,0.395,0.397,0.395,0.396,8395.62
1758123900,0.396,0.396,0.395,0.395,8131.43
1758124800,0.395,0.395,0.393,0.394,48412.45
1758125700,0.394,0.395,0.393,0.395,41378.67
1758126600,0.396,0.397,0.395,0.396,60218.159999999996
1758127500,0.396,0.398,0.395,0.397,90850.67
1758128400,0.397,0.397,0.396,0.396,9155.39
1758129300,0.396,0.396,0.396,0.396,2799.6600000000003
1758130200,0.396,0.401,0.395,0.399,53387.7
1758131100,0.398,0.401,0.394,0.396,93401.98000000001
1758132000,0.395,0.401,0.394,0.396,201568.88
1758132900,0.396,0.401,0.396,0.401,46977.61
1758133800,0.4,0.4,0.397,0.397,30022.19
1758134700,0.396,0.398,0.396,0.396,25251.01
1758135600,0.397,0.401,0.397,0.399,32981.01
1758136500,0.4,0.403,0.4,0.403,63083.19
1758137400,0.402,0.404,0.402,0.404,44154.51
1758138300,0.403,0.404,0.402,0.404,54737.33
1758139200,0.404,0.407,0.404,0.407,69250.46
1758140100,0.407,0.408,0.406,0.406,62239.520000000004
1758141000,0.406,0.406,0.403,0.403,13120.3
1758141900,0.404,0.405,0.402,0.402,30724.64
1758142800,0.402,0.403,0.4,0.403,68772.48
1758143700,0.403,0.405,0.403,0.405,42968.020000000004
1758144600,0.405,0.406,0.404,0.405,35100.47
1758145500,0.405,0.407,0.405,0.406,43962.439999999995
1758146400,0.406,0.409,0.406,0.409,80589.8
1758147300,0.409,0.411,0.408,0.41,57696.83
1758148200,0.41,0.411,0.409,0.411,58895.549999999996
1758149100,0.411,0.412,0.41,0.411,54242.86
1758150000,0.411,0.413,0.411,0.412,110223.05
1758150900,0.412,0.412,0.41,0.411,27626.56
1758151800,0.411,0.412,0.41,0.41,44263.020000000004
1758152700,0.41,0.41,0.41,0.41,7287.62
1758153600,0.41,0.412,0.41,0.412,29914.51
1758154500,0.412,0.412,0.409,0.41,31377.59
1758155400,0.41,0.41,0.408,0.409,42158.51
1758156300,0.409,0.41,0.408,0.408,8504.63
1758157200,0.408,0.411,0.408,0.41,21035.510000000002
1758158100,0.41,0.411,0.41,0.41,3470.6499999999996
1758159000,0.41,0.411,0.41,0.411,8747.449999999999
1758159900,0.411,0.411,0.41,0.411,7557.699999999999
1758160800,0.41,0.412,0.41,0.411,12794.689999999999
1758161700,0.411,0.411,0.409,0.41,11653.32
1758162600,0.41,0.41,0.41,0.41,1121.95
1758163500,0.41,0.412,0.41,0.412,38346.729999999996
1758164400,0.412,0.415,0.411,0.414,47405.119999999995
1758165300,0.415,0.415,0.413,0.415,18597.34
1758166200,0.415,0.415,0.413,0.414,42838.18
1758167100,0.414,0.414,0.413,0.413,3098.6800000000003
1758168000,0.413,0.415,0.413,0.414,18241.69
1758168900,0.413,0.413,0.412,0.412,77963.75
1758169800,0.412,0.412,0.412,0.412,13529.85
1758170700,0.412,0.413,0.412,0.413,13283.04
1758171600,0.413,0.416,0.413,0.415,150856.84
1758172500,0.415,0.416,0.414,0.414,42456.01
1758173400,0.414,0.414,0.412,0.413,42957.25
1758174300,0.413,0.413,0.412,0.413,5352.25
1758175200,0.412,0.413,0.411,0.411,30324.06
1758176100,0.411,0.411,0.409,0.41,35544.71
1758177000,0.409,0.41,0.409,0.41,7036.049999999999
1758177900,0.41,0.411,0.41,0.41,6247.57
1758178800,0.41,0.412,0.41,0.411,10837.05
1758179700,0.411,0.412,0.41,0.41,29864.37
1758180600,0.41,0.411,0.41,0.411,7992.88
1758181500,0.411,0.412,0.411,0.411,5565.1
1758182400,0.411,0.412,0.411,0.412,24302.809999999998
1758183300,0.412,0.413,0.412,0.413,19164.51
1758184200,0.413,0.414,0.412,0.412,27197.940000000002
1758185100,0.413,0.413,0.412,0.412,2796.5
1758186000,0.413,0.414,0.412,0.413,15185.09
1758186900,0.412,0.414,0.412,0.414,13835.66
1758187800,0.413,0.413,0.412,0.412,12831.33
1758188700,0.412,0.414,0.412,0.413,11658.39
1758189600,0.413,0.413,0.411,0.412,7030.43
1758190500,0.412,0.412,0.411,0.411,49425.11
1758191400,0.411,0.412,0.411,0.412,39123.32
1758192300,0.411,0.412,0.411,0.411,12942.09
1758193200,0.412,0.413,0.411,0.411,7916.46
1758194100,0.411,0.413,0.411,0.411,5909.55
1758195000,0.411,0.413,0.411,0.412,22103.93
1758195900,0.412,0.413,0.411,0.411,14770.019999999999
1758196800,0.411,0.413,0.411,0.412,7732.63
1758197700,0.412,0.414,0.412,0.414,28608.120000000003
1758198600,0.414,0.414,0.412,0.414,44375.59
1758199500,0.414,0.414,0.412,0.413,28170.06
1758200400,0.413,0.415,0.413,0.415,33685.590000000004
1758201300,0.415,0.415,0.414,0.414,7194.98
1758202200,0.414,0.415,0.413,0.413,32493.26
1758203100,0.413,0.414,0.413,0.414,22976.36
1758204000,0.415,0.416,0.415,0.415,47545.950000000004
1758204900,0.415,0.416,0.415,0.415,14442.85
1758205800,0.416,0.416,0.414,0.415,31509.63
1758206700,0.415,0.415,0.415,0.415,5976.45
1758207600,0.415,0.416,0.415,0.415,17580.97
1758208500,0.415,0.416,0.414,0.414,11238.27
1758209400,0.415,0.417,0.415,0.416,19458.3
1758210300,0.416,0.416,0.415,0.415,11775.97
1758211200,0.415,0.417,0.415,0.416,27817.2
1758212100,0.416,0.417,0.416,0.417,18184.56
1758213000,0.417,0.417,0.416,0.417,3920.14
1758213900,0.417,0.418,0.417,0.417,15635.949999999999
1758214800,0.418,0.418,0.417,0.418,32600.95
1758215700,0.418,0.42,0.418,0.418,19604.34
1758216600,0.418,0.418,0.418,0.418,33328.880000000005
1758217500,0.418,0.419,0.418,0.418,2804.21
1758218400,0.418,0.42,0.418,0.419,6638.24
1758219300,0.419,0.421,0.419,0.421,44519.159999999996
1758220200,0.421,0.421,0.42,0.42,10002.63
1758221100,0.42,0.422,0.42,0.421,28512.28
1758222000,0.421,0.422,0.421,0.422,3777.15
1758222900,0.422,0.422,0.42,0.421,27802.1
1758223800,0.42,0.42,0.418,0.419,49704.14
1758224700,0.419,0.42,0.418,0.419,72893.25
1758225600,0.42,0.423,0.42,0.422,139261.3
1758226500,0.422,0.422,0.421,0.421,27056.33
1758227400,0.421,0.422,0.421,0.421,4618.94
1758228300,0.421,0.422,0.421,0.421,10330.49
1758229200,0.421,0.421,0.42,0.421,22093.030000000002
1758230100,0.421,0.422,0.421,0.421,6502.4
1758231000,0.421,0.422,0.421,0.422,2693.73
1758231900,0.421,0.421,0.421,0.421,686.2900000000001
1758232800,0.421,0.422,0.42,0.42,6299.08
1758233700,0.42,0.421,0.419,0.421,14361.75
1758234600,0.421,0.422,0.421,0.421,19013.86
1758235500,0.421,0.421,0.419,0.419,14234.11
1758236400,0.419,0.419,0.416,0.417,54136.44
1758237300,0.417,0.418,0.417,0.417,4941.32
1758238200,0.417,0.419,0.417,0.418,6233.14
1758239100,0.418,0.42,0.418,0.418,6264.160000000001
1758240000,0.419,0.42,0.419,0.419,14109.03
1758240900,0.419,0.42,0.419,0.42,6402.83
1758241800,0.42,0.421,0.419,0.42,17132.5
1758242700,0.42,0.42,0.419,0.42,13429.86
1758243600,0.421,0.422,0.42,0.422,30712.44
1758244500,0.421,0.424,0.421,0.423,72136.15000000001
1758245400,0.424,0.425,0.422,0.423,60931.64
1758246300,0.422,0.422,0.421,0.422,45972.31
1758247200,0.422,0.425,0.422,0.423,5698.33
1758248100,0.423,0.424,0.422,0.422,39694.57
1758249000,0.422,0.423,0.421,0.422,10197.1
1758249900,0.422,0.423,0.422,0.422,16973.35
1758250800,0.422,0.423,0.422,0.422,18683.5
1758251700,0.423,0.423,0.42,0.421,22965.34
1758252600,0.42,0.42,0.416,0.418,80926.9
1758253500,0.418,0.418,0.416,0.416,26497.44
1758254400,0.416,0.416,0.412,0.413,158721.66
1758255300,0.413,0.414,0.413,0.414,62636.12
1758256200,0.414,0.417,0.414,0.416,35581.590000000004
1758257100,0.416,0.418,0.416,0.418,16346.44
1758258000,0.418,0.418,0.417,0.418,7879.740000000001
1758258900,0.418,0.418,0.415,0.415,63375.97
1758259800,0.414,0.416,0.414,0.415,19368.77
1758260700,0.415,0.416,0.415,0.416,16318.789999999999
1758261600,0.415,0.415,0.414,0.414,15973.170000000002
1758262500,0.414,0.415,0.414,0.415,14723.630000000001
1758263400,0.415,0.415,0.414,0.414,23368.05
1758264300,0.414,0.414,0.411,0.412,38590.450000000004
1758265200,0.411,0.412,0.411,0.412,65542.44
1758266100,0.412,0.413,0.412,0.413,1532.35
1758267000,0.413,0.413,0.412,0.413,926.9200000000001
1758267900,0.413,0.414,0.412,0.412,10970.69
1758268800,0.412,0.414,0.412,0.414,25967.4
1758269700,0.414,0.415,0.413,0.413,17947.97
1758270600,0.413,0.414,0.413,0.413,31654.199999999997
1758271500,0.413,0.414,0.412,0.413,26461.7
1758272400,0.413,0.415,0.412,0.415,37765.36
1758273300,0.415,0.415,0.412,0.413,12408.380000000001
1758274200,0.412,0.413,0.41,0.41,59089.41
1758275100,0.41,0.41,0.409,0.41,106382.42
1758276000,0.41,0.41,0.409,0.41,22280.46
1758276900,0.41,0.411,0.41,0.41,24974.37
1758277800,0.409,0.41,0.408,0.41,115895.98
1758278700,0.41,0.411,0.41,0.41,10710.32
1758279600,0.41,0.41,0.408,0.408,48836.79
1758280500,0.408,0.409,0.407,0.407,17801.300000000003
1758281400,0.406,0.407,0.406,0.406,42811.880000000005
1758282300,0.406,0.407,0.406,0.406,37146.45
1758283200,0.407,0.409,0.407,0.408,21449.050000000003
1758284100,0.408,0.409,0.406,0.406,20145.629999999997
1758285000,0.406,0.407,0.406,0.407,14917.42
1758285900,0.407,0.408,0.407,0.407,7303.68
1758286800,0.407,0.408,0.407,0.408,22631.87
1758287700,0.408,0.409,0.407,0.409,29482.55
1758288600,0.409,0.41,0.408,0.409,22203.98
1758289500,0.409,0.411,0.409,0.41,29766.27
1758290400,0.41,0.41,0.408,0.409,75584.25
1758291300,0.409,0.409,0.408,0.408,22450.6
1758292200,0.408,0.409,0.407,0.407,35499.24
1758293100,0.407,0.408,0.404,0.406,43910.35
1758294000,0.406,0.406,0.402,0.403,63213.41
1758294900,0.403,0.405,0.401,0.404,73380.54000000001
1758295800,0.404,0.405,0.402,0.404,33160.6
1758296700,0.404,0.405,0.403,0.403,58089.61
1758297600,0.403,0.404,0.402,0.404,29714.18
1758298500,0.404,0.405,0.403,0.404,32180.7
1758299400,0.404,0.405,0.403,0.404,98377.56
1758300300,0.404,0.404,0.403,0.403,11269.380000000001
1758301200,0.403,0.404,0.402,0.402,35015.549999999996
1758302100,0.402,0.403,0.402,0.402,15573.09
1758303000,0.402,0.403,0.402,0.402,163031.51
1758303900,0.403,0.403,0.402,0.402,43363.950000000004
1758304800,0.402,0.403,0.399,0.401,151715.57
1758305700,0.401,0.401,0.4,0.401,72658.38
1758306600,0.401,0.402,0.401,0.402,12717.869999999999
1758307500,0.402,0.402,0.401,0.401,4125.46
1758308400,0.401,0.402,0.401,0.401,533.88
1758309300,0.401,0.402,0.401,0.402,1853.3
1758310200,0.402,0.402,0.401,0.401,8337.61
1758311100,0.401,0.401,0.399,0.399,12244.03
1758312000,0.399,0.4,0.399,0.4,7897.289999999999
1758312900,0.4,0.401,0.399,0.401,11208.23
1758313800,0.401,0.402,0.4,0.402,3856.77
1758314700,0.402,0.402,0.4,0.4,5653.4800000000005
1758315600,0.4,0.4,0.397,0.399,60744.8
1758316500,0.399,0.4,0.399,0.4,3166.8
1758317400,0.4,0.402,0.399,0.402,8846.82
1758318300,0.4,0.402,0.4,0.4,1083.0
1758319200,0.4,0.402,0.4,0.401,141.21
1758320100,0.402,0.403,0.4,0.401,12908.34
1758321000,0.401,0.401,0.401,0.401,137.61
1758321900,0.401,0.401,0.4,0.4,654.9200000000001
1758322800,0.4,0.4,0.399,0.399,11765.119999999999
1758323700,0.398,0.399,0.396,0.396,63439.450000000004
1758324600,0.395,0.397,0.395,0.397,11881.4
1758325500,0.397,0.4,0.397,0.399,163224.82
1758326400,0.399,0.399,0.398,0.399,12628.84
1758327300,0.399,0.399,0.397,0.397,13927.07
1758328200,0.397,0.399,0.397,0.399,6954.65
1758329100,0.399,0.401,0.399,0.4,16869.08
1758330000,0.4,0.4,0.398,0.398,9521.539999999999
1758330900,0.398,0.399,0.398,0.399,1842.03
1758331800,0.399,0.399,0.398,0.398,7829.420000000001
1758332700,0.398,0.399,0.398,0.398,6070.82
1758333600,0.398,0.399,0.395,0.396,50122.3
1758334500,0.396,0.397,0.396,0.397,11991.34
1758335400,0.397,0.397,0.396,0.397,14937.7
1758336300,0.397,0.398,0.397,0.398,1860.9099999999999
1758337200,0.398,0.398,0.396,0.398,5191.08
1758338100,0.398,0.398,0.397,0.397,5265.37
1758339000,0.397,0.399,0.397,0.399,13231.9
1758339900,0.399,0.399,0.398,0.399,8172.34
1758340800,0.399,0.399,0.398,0.398,1071.02
1758341700,0.398,0.399,0.397,0.399,11489.56
1758342600,0.398,0.4,0.398,0.4,4584.28
1758343500,0.4,0.401,0.4,0.401,14479.69
1758344400,0.401,0.401,0.4,0.401,3554.62
1758345300,0.401,0.401,0.4,0.4,164.72
1758346200,0.4,0.402,0.4,0.401,11895.24
1758347100,0.401,0.402,0.4,0.401,6911.9
1758348000,0.401,0.401,0.4,0.4,1521.57
1758348900,0.4,0.401,0.399,0.4,2192.1099999999997
1758349800,0.4,0.401,0.4,0.4,7648.259999999999
1758350700,0.4,0.4,0.4,0.4,623.71
1758351600,0.4,0.4,0.399,0.4,3742.54
1758352500,0.4,0.4,0.399,0.399,4335.54
1758353400,0.399,0.4,0.399,0.4,3387.11
1758354300,0.4,0.4,0.399,0.4,3271.04
1758355200,0.4,0.4,0.399,0.399,1318.25
1758356100,0.399,0.4,0.399,0.399,7536.01
1758357000,0.399,0.4,0.398,0.4,4711.81
1758357900,0.4,0.4,0.397,0.398,14117.109999999999
1758358800,0.397,0.398,0.397,0.398,10551.17
1758359700,0.398,0.399,0.398,0.398,532.42
1758360600,0.397,0.398,0.395,0.396,41546.68
1758361500,0.397,0.397,0.396,0.397,8517.6
1758362400,0.397,0.398,0.396,0.398,6781.99
1758363300,0.398,0.398,0.397,0.398,1415.79
1758364200,0.398,0.398,0.396,0.397,23712.21
1758365100,0.397,0.397,0.395,0.396,428.38
1758366000,0.395,0.397,0.395,0.397,10665.470000000001
1758366900,0.396,0.397,0.394,0.395,17041.79
1758367800,0.395,0.396,0.395,0.396,9815.67
1758368700,0.396,0.397,0.396,0.396,1068.87
1758369600,0.396,0.397,0.396,0.397,1138.03
1758370500,0.397,0.397,0.396,0.396,491.20000000000005
1758371400,0.396,0.397,0.395,0.395,4285.36
1758372300,0.396,0.396,0.395,0.396,15785.0
1758373200,0.396,0.397,0.395,0.396,30385.54
1758374100,0.396,0.397,0.396,0.396,1785.21
1758375000,0.396,0.398,0.396,0.396,6677.73
1758375900,0.396,0.396,0.396,0.396,10008.78
1758376800,0.396,0.396,0.395,0.396,11895.16
1758377700,0.396,0.397,0.395,0.397,9587.34
1758378600,0.397,0.398,0.396,0.397,22516.0
1758379500,0.398,0.4,0.398,0.4,14101.7
1758380400,0.4,0.402,0.4,0.402,30146.23
1758381300,0.402,0.403,0.401,0.401,21943.18
1758382200,0.401,0.401,0.4,0.4,12464.82
1758383100,0.4,0.402,0.4,0.401,5453.6900000000005
1758384000,0.401,0.402,0.4,0.4,3808.9
1758384900,0.4,0.401,0.4,0.4,13135.630000000001
1758385800,0.4,0.401,0.4,0.401,2112.46
1758386700,0.401,0.401,0.4,0.401,1421.94
1758387600,0.401,0.401,0.4,0.4,2709.79
1758388500,0.399,0.4,0.399,0.4,9843.59
1758389400,0.399,0.4,0.399,0.4,4887.84
1758390300,0.4,0.4,0.398,0.399,7424.17
1758391200,0.399,0.399,0.397,0.398,6592.98
1758392100,0.398,0.399,0.398,0.398,549.38
1758393000,0.399,0.399,0.397,0.397,7682.17
1758393900,0.397,0.397,0.396,0.397,3654.48
1758394800,0.396,0.397,0.396,0.397,2515.62
1758395700,0.397,0.398,0.397,0.398,3744.5600000000004
1758396600,0.398,0.398,0.396,0.397,13053.43
1758397500,0.397,0.397,0.395,0.397,42750.92
1758398400,0.397,0.397,0.396,0.397,2379.54
1758399300,0.397,0.398,0.397,0.397,9672.43
1758400200,0.398,0.399,0.397,0.398,15006.67
1758401100,0.398,0.399,0.398,0.399,17221.98
1758402000,0.399,0.399,0.397,0.399,11613.060000000001
1758402900,0.399,0.399,0.398,0.399,5905.01
1758403800,0.399,0.401,0.399,0.4,13940.15
1758404700,0.399,0.399,0.399,0.399,5884.79
1758405600,0.4,0.4,0.398,0.4,3550.58
1758406500,0.4,0.4,0.4,0.4,147.0
1758407400,0.4,0.4,0.398,0.398,139.88
1758408300,0.398,0.398,0.398,0.398,0.0
1758409200,0.398,0.398,0.397,0.397,1387.77
1758410100,0.397,0.398,0.397,0.398,141.9
1758411000,0.397,0.397,0.397,0.397,4568.98
1758411900,0.397,0.397,0.396,0.396,788.81
1758412800,0.396,0.398,0.396,0.397,10934.4
1758413700,0.397,0.397,0.395,0.395,22331.010000000002
1758414600,0.395,0.397,0.395,0.397,11711.86
1758415500,0.397,0.398,0.397,0.398,178.68
1758416400,0.398,0.398,0.396,0.397,5062.29
1758417300,0.397,0.397,0.396,0.396,2511.19
1758418200,0.396,0.397,0.395,0.396,5079.24
1758419100,0.396,0.396,0.396,0.396,1248.98
1758420000,0.396,0.398,0.396,0.398,1920.85
1758420900,0.398,0.398,0.395,0.396,15118.42
1758421800,0.396,0.398,0.396,0.397,8482.77
1758422700,0.397,0.398,0.397,0.397,1213.66
1758423600,0.397,0.398,0.397,0.398,5349.139999999999
1758424500,0.398,0.398,0.398,0.398,1990.6000000000001
1758425400,0.398,0.399,0.398,0.398,7262.249999999999
1758426300,0.398,0.398,0.397,0.398,1449.92
1758427200,0.398,0.398,0.396,0.397,3388.2299999999996
1758428100,0.397,0.397,0.397,0.397,500.11
1758429000,0.396,0.397,0.396,0.397,173.69
1758429900,0.397,0.397,0.397,0.397,3083.3
1758430800,0.397,0.398,0.397,0.398,1302.6299999999999
1758431700,0.398,0.398,0.397,0.397,1870.84
1758432600,0.397,0.398,0.397,0.398,220.95
1758433500,0.397,0.399,0.397,0.399,19463.170000000002
1758434400,0.399,0.4,0.399,0.4,427.65
1758435300,0.399,0.4,0.399,0.4,29357.27
1758436200,0.4,0.4,0.398,0.398,8525.84
1758437100,0.398,0.4,0.398,0.399,12788.34
1758438000,0.399,0.4,0.398,0.399,9960.1
1758438900,0.4,0.401,0.399,0.4,24941.93
1758439800,0.399,0.4,0.399,0.4,748.83
1758440700,0.4,0.4,0.399,0.399,12845.94
1758441600,0.398,0.399,0.397,0.398,7676.77
1758442500,0.397,0.397,0.396,0.397,11355.83
1758443400,0.396,0.397,0.396,0.396,18250.94
1758444300,0.396,0.397,0.395,0.397,21212.53
1758445200,0.396,0.397,0.395,0.395,12106.48
1758446100,0.395,0.395,0.391,0.392,200914.90000000002
1758447000,0.392,0.392,0.39,0.391,112821.86
1758447900,0.391,0.393,0.391,0.393,20732.34
1758448800,0.393,0.394,0.393,0.394,11118.81
1758449700,0.393,0.393,0.392,0.393,32689.69
1758450600,0.393,0.393,0.392,0.392,10635.1
1758451500,0.391,0.392,0.391,0.391,2451.63
1758452400,0.391,0.393,0.39,0.393,36688.5
1758453300,0.393,0.393,0.391,0.391,15382.47
1758454200,0.391,0.392,0.391,0.392,542.9200000000001
1758455100,0.392,0.392,0.39,0.391,11391.31
1758456000,0.391,0.393,0.391,0.393,9735.47
1758456900,0.393,0.394,0.392,0.394,44340.16
1758457800,0.394,0.395,0.393,0.393,36382.68
1758458700,0.393,0.393,0.393,0.393,2801.48
1758459600,0.393,0.394,0.393,0.394,6164.16
1758460500,0.394,0.394,0.393,0.394,9085.42
1758461400,0.394,0.395,0.393,0.393,6698.42
1758462300,0.394,0.394,0.393,0.393,25841.68
1758463200,0.394,0.394,0.394,0.394,6063.77
1758464100,0.394,0.394,0.394,0.394,311.42
1758465000,0.394,0.394,0.393,0.394,3891.22
1758465900,0.395,0.395,0.394,0.394,13479.51
1758466800,0.393,0.394,0.393,0.393,4797.59
1758467700,0.393,0.394,0.393,0.394,2770.02
1758468600,0.394,0.394,0.392,0.394,9341.65
1758469500,0.394,0.394,0.393,0.393,6678.23
1758470400,0.393,0.394,0.392,0.394,12099.14
1758471300,0.393,0.393,0.391,0.392,23756.489999999998
1758472200,0.392,0.392,0.39,0.392,11910.22
1758473100,0.39,0.391,0.39,0.391,3542.81
1758474000,0.392,0.392,0.39,0.39,14863.16
1758474900,0.39,0.391,0.39,0.39,25385.08
1758475800,0.391,0.391,0.39,0.391,13711.37
1758476700,0.391,0.394,0.391,0.393,12627.43
1758477600,0.393,0.394,0.392,0.392,1024.95
1758478500,0.392,0.393,0.392,0.392,5223.72
1758479400,0.392,0.394,0.392,0.392,7844.040000000001
1758480300,0.393,0.394,0.393,0.393,3522.1
1758481200,0.393,0.393,0.39,0.391,5898.4800000000005
1758482100,0.391,0.391,0.39,0.391,13528.96
1758483000,0.391,0.391,0.391,0.391,645.54
1758483900,0.391,0.392,0.391,0.392,2274.29
1758484800,0.392,0.392,0.39,0.39,8916.779999999999
1758485700,0.39,0.392,0.39,0.392,7236.66
1758486600,0.392,0.392,0.391,0.391,693.7099999999999
1758487500,0.391,0.393,0.391,0.392,5166.13
1758488400,0.392,0.392,0.391,0.391,6831.38
1758489300,0.391,0.391,0.391,0.391,6685.490000000001
1758490200,0.391,0.393,0.391,0.393,19660.16
1758491100,0.393,0.393,0.392,0.392,35070.03
1758492000,0.392,0.393,0.391,0.391,28844.33
1758492900,0.391,0.391,0.39,0.39,2338.0499999999997
1758493800,0.391,0.392,0.391,0.392,925.53
1758494700,0.392,0.393,0.392,0.393,1185.9
1758495600,0.393,0.393,0.39,0.391,29978.09
1758496500,0.391,0.391,0.39,0.391,8888.390000000001
1758497400,0.39,0.391,0.389,0.39,32461.04
1758498300,0.39,0.391,0.389,0.39,8582.720000000001
1758499200,0.389,0.39,0.388,0.388,21964.23
1758500100,0.388,0.389,0.386,0.387,49045.840000000004
1758501000,0.386,0.386,0.381,0.383,256520.13
1758501900,0.383,0.383,0.378,0.379,183732.41
1758502800,0.379,0.38,0.377,0.379,87971.45
1758503700,0.378,0.379,0.377,0.379,20443.19
1758504600,0.379,0.382,0.379,0.381,22471.76
1758505500,0.381,0.382,0.38,0.38,4197.34
1758506400,0.38,0.38,0.378,0.378,41361.47
1758507300,0.378,0.379,0.376,0.377,30288.239999999998
1758508200,0.378,0.378,0.373,0.376,132526.54
1758509100,0.375,0.376,0.374,0.374,11274.58
1758510000,0.374,0.376,0.374,0.376,11700.71
1758510900,0.376,0.377,0.376,0.377,2890.43
1758511800,0.376,0.376,0.376,0.376,1573.18
1758512700,0.376,0.378,0.376,0.377,34734.76
1758513600,0.377,0.377,0.376,0.376,2096.11
1758514500,0.375,0.376,0.374,0.376,6149.54
1758515400,0.376,0.377,0.376,0.377,3991.08
1758516300,0.377,0.378,0.376,0.376,10796.830000000002
1758517200,0.376,0.376,0.375,0.376,48023.68
1758518100,0.376,0.376,0.375,0.375,13189.720000000001
1758519000,0.375,0.375,0.373,0.374,43168.06
1758519900,0.373,0.375,0.37,0.371,153092.82
1758520800,0.37,0.37,0.348,0.361,1602383.46
1758521700,0.361,0.364,0.36,0.362,200307.77
1758522600,0.362,0.364,0.361,0.364,80895.01000000001
1758523500,0.363,0.365,0.362,0.365,88789.98
1758524400,0.364,0.365,0.362,0.362,54047.93
1758525300,0.362,0.363,0.362,0.363,30497.53
1758526200,0.363,0.364,0.361,0.361,22430.89
1758527100,0.361,0.362,0.359,0.36,35275.87
1758528000,0.36,0.361,0.358,0.361,24755.960000000003
1758528900,0.36,0.361,0.359,0.36,41637.5
1758529800,0.36,0.361,0.359,0.361,4945.139999999999
1758530700,0.361,0.361,0.36,0.36,15296.710000000001
1758531600,0.36,0.36,0.359,0.359,39560.47
1758532500,0.359,0.36,0.358,0.359,17963.65
1758533400,0.358,0.359,0.357,0.358,33706.4
1758534300,0.357,0.358,0.356,0.356,47369.12
1758535200,0.356,0.358,0.356,0.358,46609.43
1758536100,0.358,0.358,0.357,0.358,24340.94
1758537000,0.357,0.357,0.356,0.357,2415.85
1758537900,0.357,0.36,0.357,0.36,41286.49
1758538800,0.36,0.36,0.359,0.359,19564.85
1758539700,0.359,0.359,0.358,0.358,28739.64
1758540600,0.358,0.358,0.357,0.358,25680.79
1758541500,0.358,0.358,0.356,0.358,33392.26
1758542400,0.357,0.358,0.356,0.358,21202.16
1758543300,0.359,0.359,0.359,0.359,1562.35
1758544200,0.36,0.36,0.358,0.359,6586.530000000001
1758545100,0.359,0.36,0.359,0.36,8319.4
1758546000,0.359,0.361,0.359,0.36,9947.33
1758546900,0.361,0.362,0.359,0.36,68350.25
1758547800,0.36,0.361,0.359,0.359,21130.01
1758548700,0.359,0.361,0.359,0.361,10850.65
1758549600,0.362,0.363,0.361,0.361,44237.41
1758550500,0.361,0.362,0.361,0.362,13341.37
1758551400,0.362,0.363,0.361,0.361,19137.67
1758552300,0.361,0.361,0.359,0.359,8723.18
1758553200,0.359,0.359,0.359,0.359,13407.64
1758554100,0.358,0.359,0.357,0.359,19124.96
1758555000,0.358,0.359,0.358,0.358,9125.54
1758555900,0.358,0.36,0.358,0.359,13933.769999999999
1758556800,0.359,0.361,0.358,0.359,26160.14
1758557700,0.359,0.36,0.358,0.359,13881.34
1758558600,0.358,0.358,0.356,0.356,46222.87
1758559500,0.356,0.357,0.356,0.357,6493.8
1758560400,0.357,0.357,0.355,0.357,38333.12
1758561300,0.356,0.358,0.355,0.358,18466.36
1758562200,0.357,0.358,0.356,0.358,5941.52
1758563100,0.358,0.358,0.358,0.358,3422.85
1758564000,0.357,0.358,0.357,0.357,3243.01
1758564900,0.357,0.358,0.357,0.358,9837.38
1758565800,0.358,0.359,0.357,0.357,4592.6
1758566700,0.357,0.357,0.356,0.356,8180.26
1758567600,0.357,0.357,0.355,0.356,4502.58
1758568500,0.356,0.357,0.355,0.356,9827.82
1758569400,0.355,0.356,0.354,0.355,40933.33
1758570300,0.355,0.355,0.353,0.353,12643.51
1758571200,0.353,0.356,0.353,0.355,11656.82
1758572100,0.355,0.356,0.354,0.356,18362.53
1758573000,0.356,0.358,0.356,0.358,13551.01
1758573900,0.358,0.358,0.357,0.358,12966.970000000001
1758574800,0.358,0.359,0.357,0.358,8485.56
1758575700,0.358,0.36,0.358,0.359,10297.58
1758576600,0.359,0.36,0.359,0.359,2605.4300000000003
1758577500,0.359,0.36,0.359,0.36,81.99000000000001
1758578400,0.36,0.361,0.359,0.361,24386.28
1758579300,0.361,0.361,0.359,0.36,26004.64
1758580200,0.36,0.361,0.359,0.36,5606.76
1758581100,0.36,0.36,0.359,0.36,293.92
1758582000,0.36,0.361,0.36,0.361,4267.99
1758582900,0.361,0.362,0.36,0.362,46542.91
1758583800,0.362,0.362,0.361,0.361,4202.87
1758584700,0.361,0.362,0.361,0.362,1037.02
1758585600,0.362,0.362,0.36,0.361,17003.079999999998
1758586500,0.361,0.362,0.361,0.361,7996.02
1758587400,0.362,0.362,0.36,0.36,18420.059999999998
1758588300,0.36,0.36,0.359,0.359,13202.65
1758589200,0.359,0.359,0.357,0.357,15506.03
1758590100,0.357,0.36,0.356,0.359,34584.51
1758591000,0.359,0.36,0.358,0.359,12471.1
1758591900,0.359,0.359,0.356,0.356,3218.06
1758592800,0.357,0.358,0.357,0.357,8296.779999999999
1758593700,0.357,0.357,0.356,0.356,43144.44
1758594600,0.356,0.357,0.355,0.356,10048.58
1758595500,0.356,0.356,0.354,0.355,12705.179999999998
1758596400,0.354,0.354,0.352,0.354,84988.26
1758597300,0.355,0.358,0.354,0.358,24285.84
1758598200,0.358,0.36,0.358,0.36,33123.11
1758599100,0.36,0.36,0.359,0.359,1458.03
1758600000,0.359,0.359,0.358,0.358,12504.48
1758600900,0.358,0.358,0.358,0.358,2366.51
1758601800,0.357,0.358,0.356,0.358,5779.03
1758602700,0.358,0.359,0.356,0.357,56391.130000000005
1758603600,0.357,0.358,0.356,0.358,16826.05
1758604500,0.358,0.358,0.357,0.358,5816.06
1758605400,0.358,0.36,0.358,0.36,7682.96
1758606300,0.36,0.36,0.358,0.358,8953.9
1758607200,0.358,0.36,0.358,0.359,5198.63
1758608100,0.359,0.361,0.359,0.361,49232.35999999999
1758609000,0.361,0.362,0.36,0.362,47056.840000000004
1758609900,0.362,0.363,0.361,0.363,5021.1
1758610800,0.362,0.363,0.361,0.362,10272.8
1758611700,0.362,0.362,0.361,0.361,11796.24
1758612600,0.361,0.362,0.361,0.362,570.79
1758613500,0.361,0.361,0.361,0.361,6496.58
1758614400,0.361,0.362,0.361,0.361,18266.84
1758615300,0.361,0.362,0.361,0.362,5193.48
1758616200,0.362,0.362,0.361,0.362,1838.73
1758617100,0.362,0.362,0.361,0.362,20850.45
1758618000,0.362,0.362,0.362,0.362,11814.68
1758618900,0.362,0.363,0.361,0.361,6897.07
1758619800,0.361,0.361,0.36,0.36,12021.3
1758620700,0.36,0.36,0.359,0.36,42023.16
1758621600,0.36,0.36,0.36,0.36,7511.42
1758622500,0.36,0.361,0.359,0.361,24040.010000000002
1758623400,0.36,0.361,0.36,0.361,4940.820000000001
1758624300,0.361,0.361,0.36,0.36,4476.72
1758625200,0.36,0.36,0.359,0.359,9695.26
1758626100,0.36,0.36,0.359,0.359,2931.83
1758627000,0.359,0.36,0.359,0.36,5589.5
1758627900,0.36,0.36,0.36,0.36,3803.1
1758628800,0.36,0.361,0.359,0.36,35941.88
1758629700,0.36,0.361,0.359,0.36,13806.880000000001
1758630600,0.359,0.361,0.359,0.361,30783.47
1758631500,0.361,0.362,0.361,0.361,6681.47
1758632400,0.361,0.361,0.36,0.361,3290.42
1758633300,0.361,0.361,0.36,0.36,23525.13
1758634200,0.361,0.362,0.36,0.36,8591.949999999999
1758635100,0.359,0.36,0.358,0.36,30170.469999999998
1758636000,0.36,0.362,0.36,0.36,8135.76
1758636900,0.36,0.361,0.359,0.359,1493.0400000000002
1758637800,0.359,0.361,0.358,0.36,10281.6
1758638700,0.36,0.36,0.358,0.358,2956.62
1758639600,0.358,0.36,0.357,0.36,7186.070000000001
1758640500,0.36,0.361,0.359,0.361,7866.11
1758641400,0.36,0.361,0.36,0.36,3307.96
1758642300,0.36,0.36,0.359,0.36,48583.99999999999
1758643200,0.36,0.36,0.357,0.359,22049.46
1758644100,0.359,0.361,0.359,0.36,14615.43
1758645000,0.361,0.361,0.359,0.36,5810.49
1758645900,0.36,0.363,0.36,0.361,15761.439999999999
1758646800,0.361,0.361,0.359,0.359,22106.79
1758647700,0.359,0.36,0.359,0.359,9908.970000000001
1758648600,0.359,0.359,0.357,0.357,18562.39
1758649500,0.357,0.358,0.356,0.357,1883.28
1758650400,0.357,0.357,0.357,0.357,1435.4099999999999
1758651300,0.357,0.358,0.357,0.357,7354.139999999999
1758652200,0.356,0.358,0.356,0.356,12719.289999999999
1758653100,0.356,0.356,0.355,0.355,26008.45
1758654000,0.357,0.359,0.356,0.357,17367.89
1758654900,0.357,0.358,0.357,0.358,11510.42
1758655800,0.358,0.358,0.357,0.357,937.22
1758656700,0.357,0.357,0.355,0.357,11177.5
1758657600,0.357,0.357,0.356,0.357,8046.03
1758658500,0.357,0.357,0.356,0.356,5170.29
1758659400,0.356,0.358,0.355,0.358,9894.68
1758660300,0.358,0.358,0.357,0.358,3506.42
1758661200,0.358,0.359,0.357,0.358,8586.48
1758662100,0.358,0.358,0.357,0.358,4592.58
1758663000,0.358,0.36,0.358,0.359,4695.14
1758663900,0.359,0.36,0.359,0.36,362.03999999999996
1758664800,0.36,0.36,0.358,0.359,14277.56
1758665700,0.359,0.36,0.357,0.357,4738.28
1758666600,0.357,0.36,0.357,0.359,12237.99
1758667500,0.359,0.359,0.358,0.358,361.93
1758668400,0.358,0.359,0.357,0.357,5924.28
1758669300,0.357,0.358,0.356,0.356,13636.939999999999
1758670200,0.355,0.358,0.355,0.358,2777.1400000000003
1758671100,0.358,0.358,0.357,0.358,201.49
1758672000,0.358,0.358,0.357,0.357,15461.2
1758672900,0.357,0.36,0.357,0.36,25966.28
1758673800,0.359,0.36,0.359,0.36,19558.17
1758674700,0.359,0.359,0.358,0.358,969.56
1758675600,0.358,0.359,0.358,0.359,11306.77
1758676500,0.359,0.36,0.358,0.359,64953.8
1758677400,0.36,0.361,0.359,0.36,15070.650000000001
1758678300,0.36,0.36,0.36,0.36,100.06
1758679200,0.361,0.361,0.359,0.359,12625.0
1758680100,0.359,0.359,0.358,0.359,9181.06
1758681000,0.359,0.36,0.359,0.36,1525.03
1758681900,0.36,0.36,0.359,0.359,3093.7299999999996
1758682800,0.358,0.359,0.358,0.358,7636.24
1758683700,0.358,0.358,0.354,0.354,47299.37
1758684600,0.355,0.355,0.355,0.355,11930.76
1758685500,0.355,0.356,0.354,0.354,4770.1900000000005
1758686400,0.354,0.354,0.351,0.352,162602.05000000002
1758687300,0.352,0.354,0.35,0.354,35241.9
1758688200,0.355,0.359,0.354,0.358,63218.09
1758689100,0.358,0.358,0.356,0.356,22282.91
1758690000,0.356,0.357,0.356,0.356,3712.59
1758690900,0.356,0.358,0.356,0.358,26125.949999999997
1758691800,0.358,0.361,0.358,0.361,115554.37
1758692700,0.36,0.361,0.36,0.361,65003.35
1758693600,0.361,0.361,0.36,0.361,102.65
1758694500,0.361,0.361,0.358,0.358,1510.15
1758695400,0.358,0.36,0.358,0.36,22994.36
1758696300,0.36,0.36,0.359,0.359,4346.5
1758697200,0.36,0.361,0.359,0.359,11603.849999999999
1758698100,0.359,0.36,0.358,0.358,61501.44
1758699000,0.358,0.359,0.358,0.359,16169.570000000002
1758699900,0.359,0.36,0.359,0.36,2494.13
1758700800,0.36,0.361,0.359,0.359,9141.55
1758701700,0.359,0.36,0.359,0.36,101.17
1758702600,0.36,0.361,0.359,0.361,9866.0
1758703500,0.361,0.361,0.359,0.36,60937.26
1758704400,0.36,0.36,0.36,0.36,1628.1299999999999
1758705300,0.36,0.361,0.359,0.36,11719.51
1758706200,0.36,0.361,0.36,0.361,14404.89
1758707100,0.361,0.361,0.36,0.36,156.68
1758708000,0.36,0.361,0.36,0.36,6700.73
1758708900,0.36,0.36,0.359,0.359,1179.44
1758709800,0.359,0.36,0.358,0.36,4409.42
1758710700,0.36,0.361,0.359,0.36,6669.48
1758711600,0.36,0.362,0.36,0.362,5596.1
1758712500,0.362,0.362,0.36,0.361,4970.71
1758713400,0.361,0.361,0.36,0.361,19927.09
1758714300,0.361,0.362,0.36,0.361,4352.82
1758715200,0.361,0.362,0.361,0.362,24968.93
1758716100,0.362,0.362,0.36,0.361,2924.49
1758717000,0.361,0.362,0.361,0.362,7274.53
1758717900,0.362,0.363,0.361,0.361,7079.84
1758718800,0.361,0.363,0.361,0.362,62311.65
1758719700,0.361,0.362,0.361,0.362,9930.93
1758720600,0.362,0.363,0.361,0.363,6783.09
1758721500,0.362,0.362,0.359,0.36,39310.270000000004
1758722400,0.36,0.361,0.36,0.36,14895.7
1758723300,0.36,0.362,0.36,0.362,199.74
1758724200,0.362,0.362,0.361,0.362,9570.060000000001
1758725100,0.362,0.365,0.362,0.364,66736.52
1758726000,0.364,0.364,0.362,0.362,14066.92
1758726900,0.362,0.363,0.362,0.362,6204.7
1758727800,0.362,0.363,0.362,0.362,7213.36
1758728700,0.362,0.362,0.361,0.361,30758.13
1758729600,0.361,0.361,0.36,0.36,11422.38
1758730500,0.36,0.362,0.36,0.362,6637.24
1758731400,0.362,0.362,0.361,0.362,15855.869999999999
1758732300,0.361,0.361,0.36,0.361,31517.89
1758733200,0.361,0.362,0.361,0.362,5286.0599999999995
1758734100,0.361,0.362,0.36,0.361,22180.44
1758735000,0.361,0.363,0.361,0.363,8214.050000000001
1758735900,0.362,0.362,0.361,0.361,19939.100000000002
1758736800,0.361,0.361,0.36,0.36,23913.420000000002
1758737700,0.36,0.361,0.36,0.361,10334.51
1758738600,0.361,0.361,0.36,0.361,10871.49
1758739500,0.361,0.361,0.359,0.36,16011.22
1758740400,0.36,0.36,0.359,0.359,7799.23
1758741300,0.36,0.36,0.359,0.36,10542.91
1758742200,0.36,0.36,0.358,0.358,13241.48
1758743100,0.358,0.36,0.358,0.36,6577.35
1758744000,0.359,0.359,0.359,0.359,16721.46
1758744900,0.359,0.36,0.359,0.359,4577.16
1758745800,0.359,0.359,0.357,0.358,32369.280000000002
1758746700,0.358,0.36,0.358,0.36,1642.65
1758747600,0.36,0.36,0.358,0.359,48941.33
1758748500,0.359,0.359,0.358,0.359,5951.21
1758749400,0.358,0.358,0.358,0.358,2771.45
1758750300,0.358,0.358,0.357,0.357,17935.13
1758751200,0.357,0.358,0.357,0.357,24047.73
1758752100,0.357,0.358,0.357,0.358,906.0699999999999
1758753000,0.358,0.358,0.357,0.357,346.34000000000003
1758753900,0.357,0.358,0.357,0.358,943.45
1758754800,0.358,0.359,0.358,0.358,20743.9
1758755700,0.358,0.359,0.358,0.359,5836.7300000000005
1758756600,0.359,0.359,0.357,0.357,4039.18
1758757500,0.357,0.359,0.357,0.359,71125.11
1758758400,0.359,0.359,0.358,0.358,27685.12
1758759300,0.358,0.358,0.355,0.355,31789.39
1758760200,0.356,0.356,0.356,0.356,13112.81
1758761100,0.356,0.356,0.354,0.354,86351.12
1758762000,0.354,0.355,0.353,0.354,44046.88
1758762900,0.355,0.355,0.354,0.355,4151.06
1758763800,0.354,0.354,0.352,0.353,58844.23
1758764700,0.353,0.353,0.352,0.353,29514.84
1758765600,0.353,0.354,0.353,0.353,21940.97
1758766500,0.352,0.353,0.351,0.352,61103.64
1758767400,0.352,0.357,0.352,0.354,106764.84000000001
1758768300,0.354,0.355,0.354,0.355,868.6800000000001
1758769200,0.355,0.355,0.353,0.353,10587.38
1758770100,0.353,0.354,0.35,0.35,76094.06
1758771000,0.35,0.351,0.35,0.35,58418.520000000004
1758771900,0.35,0.351,0.349,0.351,23869.1
1758772800,0.351,0.352,0.35,0.351,59620.0
1758773700,0.351,0.351,0.347,0.349,110091.13
1758774600,0.349,0.349,0.346,0.348,40352.28
1758775500,0.348,0.349,0.346,0.347,80102.12000000001
1758776400,0.347,0.349,0.347,0.349,25220.84
1758777300,0.349,0.351,0.348,0.351,25969.67
1758778200,0.35,0.35,0.35,0.35,1016.8
1758779100,0.35,0.35,0.35,0.35,4555.77
1758780000,0.35,0.35,0.347,0.347,5820.62
1758780900,0.347,0.348,0.346,0.347,30022.07
1758781800,0.347,0.348,0.346,0.346,28489.02
1758782700,0.346,0.347,0.346,0.347,35957.85
1758783600,0.346,0.348,0.345,0.347,67083.62
1758784500,0.347,0.349,0.347,0.348,37959.12
1758785400,0.347,0.348,0.347,0.348,22739.62
1758786300,0.348,0.348,0.345,0.346,9434.07
1758787200,0.346,0.348,0.346,0.348,17441.45
1758788100,0.348,0.349,0.347,0.349,13573.009999999998
1758789000,0.349,0.349,0.345,0.345,8781.04
1758789900,0.345,0.346,0.345,0.346,21210.42
1758790800,0.346,0.348,0.346,0.348,9092.45
1758791700,0.348,0.349,0.347,0.349,21380.53
1758792600,0.348,0.35,0.348,0.349,21754.489999999998
1758793500,0.348,0.348,0.346,0.347,13417.72
1758794400,0.346,0.348,0.346,0.347,5223.16
1758795300,0.348,0.349,0.348,0.349,5336.85
1758796200,0.349,0.349,0.347,0.348,5270.05
1758797100,0.348,0.348,0.347,0.347,23027.27
1758798000,0.347,0.348,0.346,0.347,23920.17
1758798900,0.347,0.347,0.347,0.347,21367.38
1758799800,0.347,0.348,0.347,0.348,3142.4
1758800700,0.348,0.348,0.346,0.347,14680.789999999999
1758801600,0.347,0.348,0.347,0.348,18923.35
1758802500,0.347,0.347,0.341,0.342,148782.71
1758803400,0.342,0.349,0.34,0.348,214318.06
1758804300,0.348,0.349,0.347,0.347,56685.32
1758805200,0.347,0.347,0.344,0.345,69930.69
1758806100,0.347,0.35,0.346,0.349,66027.85
1758807000,0.347,0.349,0.345,0.345,76740.23
1758807900,0.346,0.347,0.345,0.346,24576.809999999998
1758808800,0.347,0.35,0.347,0.349,16876.04
1758809700,0.351,0.352,0.351,0.351,43790.15
1758810600,0.351,0.351,0.35,0.351,29139.55
1758811500,0.351,0.351,0.349,0.35,12093.55
1758812400,0.35,0.35,0.349,0.349,7903.92
1758813300,0.349,0.349,0.348,0.349,23123.19
1758814200,0.349,0.35,0.348,0.349,8010.92
1758815100,0.349,0.35,0.349,0.35,33057.28
1758816000,0.351,0.351,0.35,0.35,19717.86
1758816900,0.349,0.349,0.346,0.346,54112.85
1758817800,0.347,0.347,0.345,0.346,28308.71
1758818700,0.346,0.346,0.344,0.344,29829.530000000002
1758819600,0.344,0.346,0.342,0.342,79501.3
1758820500,0.341,0.344,0.341,0.343,160081.7
1758821400,0.342,0.343,0.338,0.341,98432.67
1758822300,0.341,0.341,0.336,0.337,132131.74
1758823200,0.338,0.339,0.337,0.339,65170.29
1758824100,0.339,0.343,0.338,0.343,49508.09
1758825000,0.343,0.344,0.342,0.344,28361.479999999996
1758825900,0.343,0.346,0.342,0.346,84935.16
1758826800,0.346,0.346,0.345,0.345,14214.949999999999
1758827700,0.345,0.347,0.345,0.347,28764.45
1758828600,0.347,0.347,0.345,0.345,30355.87
1758829500,0.345,0.345,0.342,0.344,24376.64
1758830400,0.344,0.344,0.342,0.342,26187.36
1758831300,0.342,0.343,0.342,0.343,4080.02
1758832200,0.342,0.342,0.341,0.341,70564.66
1758833100,0.341,0.341,0.34,0.34,4987.54
1758834000,0.34,0.343,0.34,0.343,21842.84
1758834900,0.343,0.343,0.341,0.341,31832.800000000003
1758835800,0.341,0.341,0.339,0.34,19198.7
1758836700,0.34,0.342,0.34,0.342,57360.47
1758837600,0.342,0.344,0.341,0.344,11484.89
1758838500,0.344,0.344,0.342,0.342,23033.12
1758839400,0.342,0.342,0.341,0.342,315.33
1758840300,0.342,0.342,0.341,0.341,65.98
1758841200,0.341,0.342,0.341,0.341,23538.81
1758842100,0.341,0.341,0.341,0.341,7339.950000000001
1758843000,0.34,0.34,0.338,0.339,68792.56
1758843900,0.339,0.339,0.338,0.338,21932.59
1758844800,0.339,0.341,0.339,0.341,19934.39
1758845700,0.341,0.342,0.34,0.342,74790.95
1758846600,0.342,0.342,0.339,0.339,32567.57
1758847500,0.338,0.344,0.338,0.343,56660.21
1758848400,0.343,0.344,0.342,0.343,39131.22
1758849300,0.343,0.344,0.342,0.343,50061.56
1758850200,0.343,0.343,0.341,0.342,25852.29
1758851100,0.342,0.344,0.342,0.343,19620.31
1758852000,0.342,0.343,0.342,0.342,16713.53
1758852900,0.342,0.344,0.342,0.342,14867.64
1758853800,0.341,0.343,0.341,0.343,21630.62
1758854700,0.343,0.344,0.342,0.342,28632.65
1758855600,0.342,0.343,0.341,0.343,27447.67
1758856500,0.343,0.344,0.343,0.343,45192.03999999999
1758857400,0.343,0.343,0.342,0.343,34143.45
1758858300,0.343,0.344,0.343,0.343,88838.59999999999
1758859200,0.343,0.344,0.342,0.342,23234.4
1758860100,0.342,0.344,0.342,0.342,42243.31
1758861000,0.342,0.342,0.341,0.341,28214.760000000002
1758861900,0.341,0.341,0.341,0.341,29978.72
1758862800,0.341,0.342,0.34,0.342,22427.05
1758863700,0.342,0.343,0.342,0.342,9167.67
1758864600,0.342,0.342,0.34,0.341,27512.3
1758865500,0.341,0.341,0.34,0.34,23474.98
1758866400,0.34,0.34,0.338,0.34,33618.23
1758867300,0.34,0.341,0.34,0.341,23368.29
1758868200,0.341,0.341,0.34,0.341,21795.66
1758869100,0.341,0.341,0.339,0.34,15882.42
1758870000,0.34,0.341,0.34,0.34,3659.7
1758870900,0.34,0.342,0.34,0.34,18447.98
1758871800,0.34,0.34,0.338,0.338,15283.07
1758872700,0.338,0.34,0.338,0.34,10529.48
1758873600,0.34,0.342,0.34,0.342,16456.2
1758874500,0.342,0.342,0.341,0.341,11294.32
1758875400,0.341,0.342,0.341,0.342,50596.299999999996
1758876300,0.342,0.342,0.341,0.342,16106.32
1758877200,0.342,0.343,0.341,0.342,10294.529999999999
1758878100,0.342,0.342,0.341,0.341,18854.14
1758879000,0.342,0.342,0.339,0.339,43542.29
1758879900,0.339,0.34,0.339,0.34,2716.19
1758880800,0.34,0.34,0.337,0.337,91999.37
1758881700,0.338,0.339,0.337,0.338,22822.32
1758882600,0.338,0.339,0.337,0.338,25941.649999999998
1758883500,0.338,0.339,0.338,0.339,21291.09
1758884400,0.338,0.338,0.337,0.337,12449.21
1758885300,0.338,0.339,0.338,0.339,22076.85
1758886200,0.339,0.341,0.339,0.34,25609.1
1758887100,0.34,0.341,0.34,0.341,5459.22
1758888000,0.34,0.341,0.337,0.337,31537.3
1758888900,0.337,0.339,0.336,0.339,37271.63
1758889800,0.339,0.344,0.339,0.343,111082.11
1758890700,0.343,0.343,0.341,0.342,8788.5
1758891600,0.342,0.343,0.341,0.341,16800.22
1758892500,0.341,0.343,0.341,0.342,27430.6
1758893400,0.341,0.343,0.341,0.343,25858.48
1758894300,0.343,0.346,0.342,0.345,69909.34
1758895200,0.345,0.345,0.343,0.344,42968.65
1758896100,0.343,0.345,0.342,0.343,12678.38
1758897000,0.342,0.343,0.342,0.342,24110.51
1758897900,0.342,0.343,0.342,0.342,12880.27
1758898800,0.342,0.344,0.342,0.343,10648.029999999999
1758899700,0.343,0.345,0.342,0.344,15576.29
1758900600,0.344,0.345,0.343,0.344,31109.46
1758901500,0.343,0.345,0.343,0.344,33435.450000000004
1758902400,0.344,0.346,0.343,0.346,25088.98
1758903300,0.346,0.349,0.346,0.347,79089.05
1758904200,0.347,0.348,0.346,0.346,38907.97
1758905100,0.347,0.349,0.347,0.349,7381.21
1758906000,0.348,0.35,0.348,0.349,36298.04
1758906900,0.349,0.352,0.349,0.351,66798.29000000001
1758907800,0.351,0.352,0.35,0.351,11799.94
1758908700,0.351,0.351,0.35,0.351,12249.289999999999
1758909600,0.35,0.352,0.35,0.352,53523.82
1758910500,0.352,0.353,0.352,0.353,60293.630000000005
1758911400,0.353,0.353,0.352,0.352,7611.83
1758912300,0.352,0.352,0.351,0.351,2384.46
1758913200,0.352,0.352,0.351,0.351,80685.18999999999
1758914100,0.351,0.351,0.351,0.351,2884.25
1758915000,0.351,0.351,0.349,0.349,12587.929999999998
1758915900,0.349,0.351,0.349,0.351,15138.259999999998
1758916800,0.351,0.352,0.351,0.352,39370.01
1758917700,0.352,0.352,0.351,0.351,1804.9099999999999
1758918600,0.351,0.352,0.35,0.351,10767.79
1758919500,0.351,0.352,0.351,0.352,28.4
1758920400,0.352,0.352,0.35,0.351,9552.279999999999
1758921300,0.351,0.353,0.351,0.353,6553.13
1758922200,0.353,0.353,0.352,0.352,27388.68
1758923100,0.352,0.352,0.352,0.352,7129.69
1758924000,0.352,0.353,0.352,0.353,66.68
1758924900,0.353,0.354,0.352,0.353,9658.12
1758925800,0.353,0.353,0.352,0.353,393.03999999999996
1758926700,0.353,0.353,0.353,0.353,424.91999999999996
1758927600,0.353,0.353,0.352,0.352,26293.97
1758928500,0.352,0.353,0.352,0.353,10882.93
1758929400,0.353,0.354,0.353,0.354,30241.97
1758930300,0.354,0.354,0.354,0.354,50.7
1758931200,0.354,0.355,0.353,0.353,14512.05
1758932100,0.353,0.354,0.353,0.354,8195.98
1758933000,0.354,0.355,0.353,0.354,29144.13
1758933900,0.354,0.354,0.353,0.354,25281.54
1758934800,0.354,0.354,0.353,0.353,3285.0699999999997
1758935700,0.353,0.353,0.351,0.351,12523.54
1758936600,0.351,0.352,0.351,0.351,361.48
1758937500,0.351,0.352,0.351,0.352,93.54
1758938400,0.351,0.353,0.351,0.352,34453.64
1758939300,0.352,0.352,0.35,0.351,22744.7
1758940200,0.351,0.352,0.351,0.352,119.6
1758941100,0.352,0.353,0.352,0.352,6095.19
1758942000,0.352,0.352,0.35,0.351,35284.57
1758942900,0.351,0.352,0.351,0.352,7547.3
1758943800,0.352,0.352,0.351,0.351,40791.92
1758944700,0.351,0.351,0.35,0.35,28647.13
1758945600,0.35,0.351,0.35,0.351,586.28
1758946500,0.351,0.351,0.35,0.351,67.31
1758947400,0.35,0.351,0.35,0.351,3268.23
1758948300,0.351,0.351,0.35,0.35,8368.96
1758949200,0.35,0.351,0.35,0.35,100260.55
1758950100,0.35,0.35,0.349,0.35,51310.909999999996
1758951000,0.35,0.352,0.35,0.352,18814.059999999998
1758951900,0.352,0.352,0.35,0.351,5927.93
1758952800,0.351,0.351,0.35,0.35,456.0
1758953700,0.35,0.35,0.35,0.35,4700.219999999999
1758954600,0.349,0.35,0.349,0.35,856.86
1758955500,0.35,0.35,0.349,0.349,362.0
1758956400,0.35,0.351,0.35,0.35,21612.670000000002
1758957300,0.35,0.35,0.348,0.349,34754.56999999999
1758958200,0.349,0.349,0.348,0.349,300.72
1758959100,0.349,0.349,0.348,0.348,2860.11
1758960000,0.348,0.348,0.347,0.348,43627.61
1758960900,0.348,0.348,0.347,0.348,41060.01
1758961800,0.348,0.348,0.348,0.348,89.81
1758962700,0.348,0.348,0.347,0.347,17890.68
1758963600,0.347,0.348,0.346,0.346,42160.68
1758964500,0.346,0.348,0.346,0.347,15929.01
1758965400,0.347,0.349,0.347,0.349,10609.72
1758966300,0.348,0.35,0.348,0.349,3242.6499999999996
1758967200,0.349,0.35,0.349,0.349,753.95
1758968100,0.349,0.35,0.349,0.35,1593.1
1758969000,0.35,0.352,0.349,0.351,46281.75
1758969900,0.351,0.351,0.351,0.351,158.04
1758970800,0.351,0.352,0.351,0.351,3733.01
1758971700,0.351,0.352,0.351,0.351,5695.179999999999
1758972600,0.352,0.352,0.352,0.352,1424.95
1758973500,0.351,0.351,0.35,0.35,12854.11
1758974400,0.351,0.351,0.35,0.351,12113.16
1758975300,0.351,0.351,0.35,0.35,2155.01
1758976200,0.35,0.352,0.35,0.351,8375.92
1758977100,0.351,0.353,0.351,0.353,55802.42
1758978000,0.353,0.353,0.352,0.353,3047.8
1758978900,0.352,0.352,0.352,0.352,7849.849999999999
1758979800,0.352,0.353,0.352,0.353,11987.42
1758980700,0.353,0.353,0.352,0.352,7538.12
1758981600,0.352,0.353,0.351,0.352,14385.5
1758982500,0.352,0.352,0.351,0.351,168.42
1758983400,0.351,0.352,0.351,0.352,9600.220000000001
1758984300,0.352,0.352,0.351,0.351,7275.63
1758985200,0.351,0.352,0.349,0.349,48457.43
1758986100,0.35,0.351,0.35,0.35,15230.7
1758987000,0.35,0.351,0.35,0.35,52568.39
1758987900,0.35,0.353,0.35,0.353,24888.6
1758988800,0.352,0.353,0.351,0.352,65183.22
1758989700,0.352,0.352,0.35,0.351,31541.109999999997
1758990600,0.351,0.351,0.35,0.35,8466.56
1758991500,0.35,0.35,0.349,0.349,13052.810000000001
1758992400,0.348,0.348,0.348,0.348,2964.07
1758993300,0.348,0.348,0.347,0.347,35596.48
1758994200,0.347,0.348,0.347,0.348,10096.6
1758995100,0.348,0.348,0.348,0.348,9826.43
1758996000,0.348,0.348,0.347,0.347,2974.25
1758996900,0.347,0.348,0.347,0.347,18806.0
1758997800,0.347,0.348,0.346,0.347,10470.04
1758998700,0.347,0.348,0.346,0.348,168188.66
1758999600,0.347,0.348,0.347,0.348,21586.489999999998
1759000500,0.348,0.349,0.348,0.349,15258.19
1759001400,0.348,0.348,0.348,0.348,2385.34
1759002300,0.348,0.349,0.348,0.348,3541.39
1759003200,0.349,0.349,0.348,0.348,8323.07
1759004100,0.348,0.349,0.348,0.348,3007.42
1759005000,0.348,0.348,0.348,0.348,939.14
1759005900,0.348,0.349,0.348,0.349,14.36
1759006800,0.348,0.349,0.347,0.349,29089.61
1759007700,0.349,0.349,0.348,0.348,6190.59
1759008600,0.348,0.349,0.348,0.349,347.81
1759009500,0.349,0.349,0.349,0.349,6685.2
1759010400,0.349,0.35,0.349,0.349,6601.69
1759011300,0.349,0.352,0.349,0.351,21489.38
1759012200,0.351,0.351,0.35,0.35,44855.81
1759013100,0.349,0.349,0.349,0.349,34771.32
1759014000,0.349,0.349,0.349,0.349,18548.63
1759014900,0.349,0.349,0.349,0.349,2895.04
1759015800,0.349,0.349,0.349,0.349,81.83
1759016700,0.349,0.349,0.348,0.348,1323.1999999999998
1759017600,0.348,0.348,0.347,0.347,24891.260000000002
1759018500,0.347,0.349,0.347,0.349,1616.8000000000002
1759019400,0.349,0.349,0.347,0.348,21294.04
1759020300,0.348,0.348,0.347,0.347,28695.68
1759021200,0.347,0.347,0.345,0.346,35042.29
1759022100,0.346,0.347,0.346,0.346,46250.29
1759023000,0.346,0.346,0.344,0.344,54014.86000000001
1759023900,0.344,0.345,0.344,0.345,11900.67
1759024800,0.345,0.345,0.345,0.345,25552.83
1759025700,0.345,0.346,0.345,0.346,5208.6
1759026600,0.346,0.347,0.346,0.346,11341.87
1759027500,0.346,0.346,0.345,0.346,4221.349999999999
1759028400,0.346,0.347,0.346,0.346,2641.11
1759029300,0.346,0.347,0.345,0.347,14624.26
1759030200,0.347,0.348,0.346,0.348,100046.71
1759031100,0.348,0.35,0.348,0.35,127792.52
1759032000,0.35,0.35,0.348,0.349,114226.97
1759032900,0.349,0.351,0.348,0.351,149629.28
1759033800,0.351,0.353,0.349,0.351,185060.37
1759034700,0.351,0.351,0.347,0.347,58547.69
1759035600,0.347,0.349,0.346,0.346,76728.40000000001
1759036500,0.346,0.347,0.346,0.346,23870.63
1759037400,0.346,0.348,0.346,0.346,38488.549999999996
1759038300,0.346,0.347,0.345,0.345,47208.600000000006
1759039200,0.345,0.346,0.345,0.345,9024.289999999999
1759040100,0.345,0.346,0.343,0.343,81861.73000000001
1759041000,0.343,0.344,0.343,0.343,21092.86
1759041900,0.343,0.344,0.343,0.343,6691.16
1759042800,0.343,0.344,0.343,0.343,8273.33
1759043700,0.343,0.345,0.343,0.344,36121.1
1759044600,0.344,0.345,0.343,0.343,12883.29
1759045500,0.344,0.345,0.343,0.344,27205.18
1759046400,0.344,0.344,0.343,0.343,8409.74
1759047300,0.343,0.344,0.343,0.343,47742.520000000004
1759048200,0.343,0.343,0.343,0.343,11773.539999999999
1759049100,0.343,0.345,0.343,0.343,37651.78
1759050000,0.343,0.344,0.342,0.342,41326.74
1759050900,0.342,0.343,0.342,0.342,4134.56
1759051800,0.342,0.344,0.342,0.343,21574.94
1759052700,0.343,0.343,0.342,0.343,9341.59
1759053600,0.343,0.343,0.342,0.342,31058.370000000003
1759054500,0.342,0.344,0.342,0.343,13496.76
1759055400,0.343,0.343,0.343,0.343,8972.96
1759056300,0.343,0.344,0.343,0.343,3821.33
1759057200,0.343,0.344,0.343,0.343,1700.72
1759058100,0.343,0.343,0.342,0.342,18121.87
1759059000,0.342,0.344,0.342,0.342,16922.8
1759059900,0.342,0.344,0.342,0.343,8900.92
1759060800,0.343,0.343,0.341,0.342,18038.289999999997
1759061700,0.343,0.343,0.34,0.341,220020.66
1759062600,0.341,0.342,0.34,0.341,36070.64
1759063500,0.341,0.343,0.341,0.342,26031.4
1759064400,0.342,0.344,0.341,0.342,21927.12
1759065300,0.342,0.345,0.342,0.344,24588.92
1759066200,0.344,0.345,0.344,0.344,6435.35
1759067100,0.344,0.347,0.344,0.345,61641.36
1759068000,0.345,0.346,0.345,0.345,11442.369999999999
1759068900,0.345,0.346,0.344,0.345,38157.02
1759069800,0.345,0.347,0.345,0.346,6460.03
1759070700,0.347,0.347,0.345,0.345,57919.37
1759071600,0.345,0.346,0.345,0.345,39835.61
1759072500,0.345,0.347,0.345,0.346,3930.75
1759073400,0.346,0.346,0.345,0.345,1430.93
1759074300,0.345,0.346,0.345,0.345,4319.49
1759075200,0.346,0.349,0.346,0.347,51501.09
1759076100,0.347,0.347,0.346,0.346,26361.71
1759077000,0.346,0.347,0.345,0.345,2734.61
1759077900,0.345,0.347,0.345,0.347,16970.46
1759078800,0.347,0.349,0.347,0.348,10361.78
1759079700,0.349,0.349,0.347,0.348,20408.7
1759080600,0.348,0.349,0.347,0.348,1018.66
1759081500,0.348,0.349,0.347,0.348,9833.13
1759082400,0.348,0.348,0.348,0.348,571.08
1759083300,0.348,0.348,0.348,0.348,972.39
1759084200,0.349,0.349,0.348,0.349,10295.75
1759085100,0.348,0.35,0.348,0.349,56182.98
1759086000,0.349,0.35,0.348,0.348,806.53
1759086900,0.348,0.349,0.347,0.348,28085.010000000002
1759087800,0.348,0.349,0.348,0.348,33.480000000000004
1759088700,0.349,0.349,0.348,0.349,5651.25
1759089600,0.349,0.349,0.348,0.348,120.03
1759090500,0.348,0.35,0.348,0.35,4398.86
1759091400,0.35,0.351,0.349,0.35,1113.53
1759092300,0.35,0.35,0.349,0.35,13878.39
1759093200,0.35,0.351,0.349,0.35,26463.48
1759094100,0.35,0.35,0.349,0.35,7080.7699999999995
1759095000,0.349,0.35,0.349,0.349,11445.220000000001
1759095900,0.35,0.35,0.349,0.35,1084.82
1759096800,0.35,0.354,0.35,0.352,79947.22
1759097700,0.353,0.354,0.353,0.354,38618.159999999996
1759098600,0.354,0.355,0.354,0.354,244.2
1759099500,0.354,0.356,0.354,0.356,32613.31
1759100400,0.356,0.356,0.354,0.354,751.54
1759101300,0.354,0.355,0.354,0.355,15306.76
1759102200,0.355,0.355,0.354,0.355,8477.529999999999
1759103100,0.355,0.356,0.354,0.355,31689.8
1759104000,0.355,0.356,0.354,0.354,33972.200000000004
1759104900,0.354,0.355,0.354,0.355,21606.920000000002
1759105800,0.355,0.355,0.354,0.355,8157.43
1759106700,0.355,0.355,0.355,0.355,197.18
1759107600,0.354,0.355,0.353,0.354,31626.1
1759108500,0.354,0.355,0.354,0.355,3520.02
1759109400,0.355,0.356,0.355,0.355,17002.1
1759110300,0.355,0.355,0.354,0.354,8911.42
1759111200,0.354,0.354,0.353,0.353,21918.22
1759112100,0.353,0.355,0.353,0.355,52833.58
1759113000,0.355,0.355,0.353,0.353,3784.55
1759113900,0.353,0.354,0.353,0.354,10530.0
1759114800,0.354,0.354,0.353,0.353,12235.640000000001
1759115700,0.353,0.355,0.353,0.355,157216.34
1759116600,0.355,0.355,0.354,0.355,6134.95
1759117500,0.355,0.356,0.355,0.356,162257.03
1759118400,0.356,0.356,0.354,0.354,32135.010000000002
1759119300,0.354,0.355,0.354,0.354,9267.57
1759120200,0.354,0.355,0.354,0.355,13353.15
1759121100,0.355,0.355,0.354,0.354,13725.070000000002
1759122000,0.354,0.354,0.352,0.352,18350.77
1759122900,0.352,0.353,0.352,0.352,526.56
1759123800,0.352,0.353,0.352,0.353,9485.460000000001
1759124700,0.353,0.353,0.353,0.353,2756.38
1759125600,0.353,0.353,0.351,0.351,22467.949999999997
1759126500,0.351,0.352,0.351,0.352,11857.21
1759127400,0.352,0.352,0.351,0.351,5478.4
1759128300,0.351,0.352,0.351,0.351,65315.829999999994
1759129200,0.351,0.351,0.351,0.351,231.78
1759130100,0.351,0.352,0.351,0.351,44426.04
1759131000,0.351,0.354,0.351,0.352,22941.11
1759131900,0.353,0.354,0.353,0.354,24234.01
1759132800,0.353,0.354,0.353,0.354,897.9999999999999
1759133700,0.354,0.354,0.353,0.354,1082.89
1759134600,0.354,0.355,0.354,0.354,6585.04
1759135500,0.354,0.355,0.354,0.355,17557.8
1759136400,0.355,0.355,0.355,0.355,5824.56
1759137300,0.354,0.354,0.353,0.353,31258.93
1759138200,0.353,0.354,0.353,0.353,18325.3
1759139100,0.353,0.354,0.353,0.354,6757.58
1759140000,0.354,0.354,0.353,0.354,1641.42
1759140900,0.354,0.354,0.353,0.353,4438.01
1759141800,0.353,0.353,0.352,0.352,18606.83
1759142700,0.352,0.352,0.351,0.351,8574.36
1759143600,0.351,0.351,0.348,0.35,80873.96
1759144500,0.349,0.35,0.349,0.35,35261.81
1759145400,0.351,0.352,0.35,0.35,5837.45
1759146300,0.35,0.351,0.35,0.35,4136.1
1759147200,0.35,0.35,0.348,0.35,29106.399999999998
1759148100,0.35,0.35,0.349,0.35,348.96
1759149000,0.35,0.351,0.347,0.347,54237.58
1759149900,0.347,0.349,0.346,0.346,32952.42
1759150800,0.346,0.347,0.346,0.347,49815.979999999996
1759151700,0.347,0.348,0.347,0.347,7930.54
1759152600,0.347,0.351,0.347,0.351,29476.670000000002
1759153500,0.351,0.353,0.35,0.353,59284.09
1759154400,0.353,0.354,0.353,0.354,34521.56
1759155300,0.354,0.357,0.354,0.355,65772.08
1759156200,0.355,0.357,0.355,0.356,35215.5
1759157100,0.356,0.357,0.356,0.357,40127.72
1759158000,0.356,0.357,0.354,0.355,8686.0
1759158900,0.356,0.356,0.354,0.354,37393.03
1759159800,0.353,0.354,0.353,0.354,6966.12
1759160700,0.354,0.354,0.351,0.351,16180.789999999999
1759161600,0.352,0.353,0.352,0.353,11605.06
1759162500,0.353,0.354,0.352,0.352,23819.68
1759163400,0.352,0.352,0.35,0.35,14202.33
1759164300,0.35,0.35,0.349,0.349,45498.39
1759165200,0.349,0.351,0.348,0.35,145966.53
1759166100,0.35,0.351,0.349,0.35,37572.380000000005
1759167000,0.349,0.351,0.349,0.351,34551.490000000005
1759167900,0.351,0.354,0.351,0.353,24352.55
1759168800,0.353,0.353,0.351,0.351,17341.14
1759169700,0.351,0.352,0.351,0.351,6654.71
1759170600,0.352,0.352,0.351,0.351,2072.26
1759171500,0.351,0.353,0.351,0.352,3729.0800000000004
1759172400,0.352,0.352,0.352,0.352,5471.7699999999995
1759173300,0.352,0.354,0.352,0.353,7048.860000000001
1759174200,0.353,0.354,0.352,0.354,28658.05
1759175100,0.354,0.355,0.354,0.355,346.16
1759176000,0.355,0.356,0.355,0.355,12838.92
1759176900,0.355,0.356,0.355,0.355,1966.42
1759177800,0.355,0.357,0.355,0.356,94564.97
1759178700,0.356,0.357,0.356,0.356,3440.9
1759179600,0.357,0.357,0.356,0.356,5234.5599999999995
1759180500,0.356,0.357,0.356,0.357,2219.7
1759181400,0.357,0.357,0.356,0.356,3574.24
1759182300,0.356,0.356,0.355,0.356,12815.33
1759183200,0.356,0.356,0.355,0.356,9821.85
1759184100,0.355,0.355,0.355,0.355,5498.21
1759185000,0.355,0.356,0.354,0.355,1111.23
1759185900,0.355,0.355,0.354,0.355,14055.26
1759186800,0.355,0.355,0.354,0.354,7078.099999999999
1759187700,0.354,0.354,0.353,0.353,15513.76
1759188600,0.353,0.355,0.353,0.353,3422.04
1759189500,0.353,0.354,0.353,0.354,1070.0
1759190400,0.353,0.354,0.352,0.353,48761.65
1759191300,0.353,0.353,0.351,0.351,21143.93
1759192200,0.351,0.353,0.351,0.352,14569.12
1759193100,0.352,0.354,0.351,0.351,55285.07
1759194000,0.351,0.351,0.35,0.351,319.13
1759194900,0.352,0.352,0.351,0.352,8658.57
1759195800,0.352,0.352,0.35,0.35,24096.55
1759196700,0.349,0.35,0.348,0.35,42677.06
1759197600,0.35,0.351,0.35,0.351,14598.18
1759198500,0.351,0.352,0.35,0.352,3072.46
1759199400,0.352,0.353,0.351,0.351,87267.67
1759200300,0.351,0.352,0.351,0.351,5342.860000000001
1759201200,0.351,0.352,0.351,0.351,35682.1
1759202100,0.351,0.353,0.351,0.353,6333.36
1759203000,0.353,0.353,0.352,0.352,21900.77
1759203900,0.352,0.352,0.351,0.352,1239.53
1759204800,0.352,0.352,0.351,0.351,3185.99
1759205700,0.351,0.351,0.351,0.351,9250.78
1759206600,0.351,0.352,0.35,0.351,11069.68
1759207500,0.351,0.351,0.351,0.351,4374.48
1759208400,0.351,0.352,0.35,0.35,14627.33
1759209300,0.35,0.351,0.349,0.351,45287.41
1759210200,0.351,0.351,0.35,0.35,3321.29
1759211100,0.35,0.351,0.35,0.351,5417.5
1759212000,0.351,0.351,0.35,0.351,11136.53
1759212900,0.351,0.351,0.349,0.35,20344.79
1759213800,0.35,0.352,0.35,0.351,5976.76
1759214700,0.351,0.351,0.35,0.35,4422.7
1759215600,0.35,0.35,0.349,0.35,49620.8
1759216500,0.35,0.35,0.349,0.349,10633.47
1759217400,0.349,0.35,0.348,0.348,30854.24
1759218300,0.348,0.349,0.348,0.349,24768.66
1759219200,0.349,0.349,0.348,0.349,13083.759999999998
1759220100,0.349,0.349,0.348,0.349,5793.4800000000005
1759221000,0.349,0.349,0.348,0.349,24913.9
1759221900,0.349,0.349,0.348,0.349,9628.88
1759222800,0.349,0.349,0.347,0.348,2716.2200000000003
1759223700,0.347,0.349,0.347,0.349,27165.08
1759224600,0.348,0.349,0.347,0.347,27913.9
1759225500,0.347,0.347,0.346,0.346,9381.88
1759226400,0.346,0.347,0.346,0.346,8467.45
1759227300,0.346,0.347,0.346,0.346,8073.76
1759228200,0.346,0.347,0.346,0.347,3954.9700000000003
1759229100,0.347,0.348,0.347,0.347,2381.73
1759230000,0.347,0.347,0.346,0.346,9609.460000000001
1759230900,0.346,0.346,0.345,0.346,5764.93
1759231800,0.346,0.347,0.346,0.347,5727.0599999999995
1759232700,0.347,0.348,0.346,0.348,1427.61
1759233600,0.348,0.348,0.346,0.346,11721.86
1759234500,0.346,0.347,0.346,0.347,1454.25
1759235400,0.347,0.348,0.346,0.347,5435.59
1759236300,0.347,0.347,0.345,0.345,18274.769999999997
1759237200,0.345,0.346,0.344,0.345,25491.13
1759238100,0.345,0.347,0.345,0.346,6434.959999999999
1759239000,0.346,0.348,0.345,0.347,31085.09
1759239900,0.348,0.348,0.346,0.346,19775.100000000002
1759240800,0.346,0.346,0.345,0.346,23423.010000000002
1759241700,0.346,0.346,0.345,0.345,29660.61
1759242600,0.345,0.345,0.344,0.345,14687.410000000002
1759243500,0.344,0.345,0.344,0.345,13641.98
1759244400,0.345,0.345,0.342,0.343,111483.07999999999
1759245300,0.343,0.343,0.34,0.341,50108.15
1759246200,0.341,0.342,0.34,0.341,25641.27
1759247100,0.341,0.342,0.34,0.342,10640.99
1759248000,0.342,0.342,0.341,0.341,11387.43
1759248900,0.341,0.342,0.341,0.342,6965.44
1759249800,0.342,0.343,0.34,0.341,15566.99
1759250700,0.341,0.342,0.341,0.342,6541.55
1759251600,0.342,0.342,0.342,0.342,6584.030000000001
1759252500,0.342,0.343,0.341,0.342,19628.98
1759253400,0.342,0.345,0.342,0.343,32631.309999999998
1759254300,0.343,0.343,0.342,0.343,11831.130000000001
1759255200,0.343,0.344,0.342,0.344,5493.889999999999
1759256100,0.344,0.345,0.344,0.344,7737.11
1759257000,0.344,0.345,0.344,0.345,6497.139999999999
1759257900,0.345,0.346,0.345,0.346,6461.96
1759258800,0.346,0.346,0.345,0.346,22470.5
1759259700,0.346,0.347,0.345,0.346,8126.05
1759260600,0.346,0.347,0.346,0.347,19070.350000000002
1759261500,0.347,0.35,0.347,0.35,36421.48
1759262400,0.35,0.351,0.349,0.35,32070.29
1759263300,0.35,0.351,0.35,0.35,2052.69
1759264200,0.35,0.351,0.35,0.351,548.1899999999999
1759265100,0.351,0.352,0.351,0.352,29031.8
1759266000,0.352,0.352,0.351,0.351,39791.39
1759266900,0.351,0.353,0.351,0.352,29493.89
1759267800,0.352,0.352,0.35,0.351,11845.57
1759268700,0.352,0.353,0.35,0.351,11644.1
1759269600,0.351,0.352,0.35,0.351,19311.37
1759270500,0.351,0.352,0.351,0.352,7495.18
1759271400,0.352,0.352,0.349,0.35,529.65
1759272300,0.35,0.351,0.349,0.349,17075.5
1759273200,0.349,0.349,0.348,0.348,13654.330000000002
1759274100,0.348,0.349,0.348,0.349,1450.6699999999998
1759275000,0.349,0.35,0.349,0.35,7801.18
1759275900,0.35,0.35,0.349,0.35,205.35
1759276800,0.35,0.35,0.349,0.349,38230.38
1759277700,0.349,0.35,0.349,0.349,9372.63
1759278600,0.348,0.349,0.347,0.348,15343.11
1759279500,0.348,0.348,0.347,0.348,13870.9
1759280400,0.348,0.35,0.348,0.348,9592.77
1759281300,0.348,0.349,0.348,0.349,20321.64
1759282200,0.349,0.35,0.349,0.35,5045.58
1759283100,0.35,0.351,0.35,0.351,19561.98
1759284000,0.351,0.352,0.351,0.352,46599.2
1759284900,0.353,0.353,0.352,0.352,16419.02
1759285800,0.352,0.352,0.351,0.351,29534.57
1759286700,0.351,0.352,0.351,0.351,6881.6
1759287600,0.351,0.352,0.35,0.352,5183.47
1759288500,0.352,0.352,0.352,0.352,0.0
1759289400,0.352,0.352,0.349,0.35,44880.66
1759290300,0.35,0.35,0.348,0.348,30489.18
1759291200,0.348,0.35,0.348,0.35,10472.91
1759292100,0.351,0.352,0.351,0.351,2473.68
1759293000,0.352,0.352,0.351,0.351,32671.769999999997
1759293900,0.351,0.352,0.35,0.35,5984.21
1759294800,0.35,0.351,0.35,0.351,13049.34
1759295700,0.351,0.353,0.351,0.351,56430.85
1759296600,0.35,0.351,0.35,0.351,112189.83000000002
1759297500,0.351,0.352,0.351,0.351,28373.070000000003
1759298400,0.351,0.351,0.35,0.35,877.09
1759299300,0.35,0.351,0.349,0.349,3185.9
1759300200,0.349,0.35,0.349,0.35,17827.05
1759301100,0.35,0.35,0.348,0.348,1084.45
1759302000,0.349,0.349,0.348,0.349,2453.51
1759302900,0.349,0.351,0.349,0.35,7925.9
1759303800,0.35,0.351,0.35,0.351,38689.06
1759304700,0.351,0.351,0.35,0.351,9578.55
1759305600,0.35,0.351,0.35,0.35,30337.67
1759306500,0.351,0.352,0.35,0.352,28500.370000000003
1759307400,0.353,0.361,0.353,0.361,254232.86000000002
1759308300,0.361,0.364,0.361,0.363,124519.64
1759309200,0.364,0.366,0.363,0.365,82201.01999999999
1759310100,0.366,0.368,0.364,0.368,187244.17
1759311000,0.367,0.368,0.366,0.367,41117.75
1759311900,0.368,0.368,0.366,0.366,13588.48
1759312800,0.366,0.366,0.362,0.362,61404.08
1759313700,0.362,0.364,0.362,0.363,25881.17
1759314600,0.363,0.364,0.363,0.363,23335.44
1759315500,0.363,0.363,0.362,0.362,3466.3199999999997
1759316400,0.362,0.364,0.362,0.362,3761.62
1759317300,0.362,0.364,0.362,0.362,5911.55
1759318200,0.362,0.363,0.362,0.362,17317.46
1759319100,0.362,0.363,0.362,0.363,8990.83
1759320000,0.363,0.364,0.363,0.363,39774.21
1759320900,0.363,0.364,0.362,0.362,28884.32
1759321800,0.362,0.363,0.362,0.362,34223.55
1759322700,0.362,0.363,0.361,0.361,3503.79
1759323600,0.361,0.362,0.361,0.362,8094.53
1759324500,0.362,0.364,0.362,0.363,1404.02
1759325400,0.363,0.363,0.361,0.361,24570.83
1759326300,0.361,0.363,0.36,0.361,37364.62
1759327200,0.361,0.364,0.361,0.362,24518.57
1759328100,0.362,0.364,0.362,0.363,44159.66
1759329000,0.363,0.364,0.362,0.364,14440.25
1759329900,0.364,0.364,0.362,0.362,9121.75
1759330800,0.362,0.363,0.362,0.362,8167.53
1759331700,0.362,0.365,0.362,0.365,5385.63
1759332600,0.365,0.366,0.364,0.366,13683.99
1759333500,0.365,0.366,0.364,0.366,21183.06
1759334400,0.365,0.366,0.365,0.366,14943.75
1759335300,0.367,0.367,0.366,0.366,48295.79
1759336200,0.366,0.367,0.365,0.366,9591.4
1759337100,0.366,0.366,0.364,0.364,28257.79
1759338000,0.365,0.366,0.364,0.365,28328.93
1759338900,0.365,0.367,0.365,0.365,14374.79
1759339800,0.366,0.367,0.366,0.366,5916.1900000000005
1759340700,0.366,0.367,0.365,0.365,9513.47
1759341600,0.366,0.368,0.366,0.368,16434.440000000002
1759342500,0.368,0.369,0.367,0.369,12938.07
1759343400,0.369,0.37,0.368,0.37,54458.92
1759344300,0.37,0.37,0.369,0.369,38884.33
1759345200,0.369,0.371,0.369,0.371,5591.24
1759346100,0.371,0.372,0.37,0.372,20958.3
1759347000,0.372,0.372,0.371,0.372,44552.05
1759347900,0.372,0.372,0.37,0.37,991.16
1759348800,0.37,0.372,0.369,0.371,8680.439999999999
1759349700,0.371,0.371,0.369,0.37,1998.1
1759350600,0.37,0.37,0.369,0.37,329.40999999999997
1759351500,0.369,0.37,0.369,0.37,1130.52
1759352400,0.37,0.37,0.368,0.368,13578.39
1759353300,0.368,0.369,0.368,0.368,732.31
1759354200,0.368,0.369,0.368,0.368,9361.369999999999
1759355100,0.368,0.369,0.368,0.369,21211.09
1759356000,0.369,0.371,0.369,0.371,30251.010000000002
1759356900,0.371,0.371,0.369,0.369,112.7
1759357800,0.369,0.369,0.369,0.369,5561.3099999999995
1759358700,0.369,0.37,0.369,0.369,7161.82
1759359600,0.369,0.37,0.368,0.37,353.92
1759360500,0.37,0.371,0.37,0.371,1773.6299999999999
1759361400,0.371,0.371,0.37,0.371,7097.099999999999
1759362300,0.371,0.372,0.371,0.372,40214.590000000004
1759363200,0.372,0.374,0.372,0.374,84825.45999999999
1759364100,0.374,0.374,0.373,0.373,11511.09
1759365000,0.373,0.373,0.372,0.372,20074.01
1759365900,0.372,0.372,0.371,0.371,4471.03
1759366800,0.372,0.373,0.371,0.372,6297.05
1759367700,0.372,0.374,0.372,0.372,1947.03
1759368600,0.373,0.375,0.373,0.375,46402.48
1759369500,0.375,0.377,0.375,0.377,78507.29000000001
1759370400,0.377,0.377,0.375,0.377,5239.29
1759371300,0.376,0.376,0.374,0.375,21593.090000000004
1759372200,0.375,0.377,0.374,0.376,4261.38
1759373100,0.376,0.377,0.375,0.376,16652.2
1759374000,0.376,0.377,0.375,0.377,10766.460000000001
1759374900,0.377,0.377,0.375,0.376,19954.0
1759375800,0.376,0.376,0.376,0.376,14006.529999999999
1759376700,0.375,0.376,0.374,0.376,39018.14
1759377600,0.376,0.377,0.375,0.377,54284.47
1759378500,0.377,0.377,0.376,0.376,3751.1099999999997
1759379400,0.375,0.375,0.375,0.375,31599.54
1759380300,0.375,0.378,0.375,0.378,6232.3099999999995
1759381200,0.376,0.378,0.375,0.377,124984.02999999998
1759382100,0.377,0.378,0.376,0.378,25548.53
1759383000,0.378,0.378,0.376,0.377,28629.469999999998
1759383900,0.377,0.378,0.376,0.378,11175.39
1759384800,0.376,0.377,0.376,0.377,11747.21
1759385700,0.377,0.378,0.377,0.378,18882.980000000003
1759386600,0.379,0.38,0.377,0.378,72390.04000000001
1759387500,0.379,0.379,0.377,0.378,1268.1100000000001
1759388400,0.377,0.378,0.376,0.378,83929.34
1759389300,0.378,0.378,0.376,0.376,18963.24
1759390200,0.376,0.378,0.376,0.377,18480.93
1759391100,0.377,0.377,0.375,0.375,17219.23
1759392000,0.375,0.377,0.375,0.376,10177.3
1759392900,0.376,0.377,0.375,0.377,18097.39
1759393800,0.376,0.377,0.376,0.376,1276.99
1759394700,0.376,0.376,0.376,0.376,667.27
1759395600,0.376,0.377,0.375,0.376,60475.63
1759396500,0.376,0.377,0.376,0.376,8170.3
1759397400,0.376,0.377,0.375,0.376,31295.71
1759398300,0.377,0.377,0.376,0.376,1515.4299999999998
1759399200,0.376,0.377,0.376,0.376,18980.68
1759400100,0.376,0.376,0.375,0.375,14227.23
1759401000,0.375,0.378,0.375,0.377,35784.01
1759401900,0.377,0.377,0.377,0.377,2252.52
1759402800,0.377,0.379,0.377,0.378,31274.24
1759403700,0.378,0.379,0.378,0.378,2090.4300000000003
1759404600,0.378,0.378,0.378,0.378,317.04
1759405500,0.378,0.38,0.377,0.377,69595.76
1759406400,0.377,0.378,0.377,0.378,20780.68
1759407300,0.378,0.379,0.377,0.377,15320.73
1759408200,0.377,0.379,0.377,0.378,21647.6
1759409100,0.378,0.378,0.376,0.378,7006.9
1759410000,0.377,0.378,0.375,0.375,56241.39
1759410900,0.375,0.376,0.373,0.376,47582.39
1759411800,0.375,0.376,0.373,0.374,34521.58
1759412700,0.374,0.376,0.374,0.375,44812.84
1759413600,0.376,0.376,0.374,0.375,32447.43
1759414500,0.374,0.375,0.374,0.375,15775.73
1759415400,0.375,0.376,0.371,0.371,62046.69
1759416300,0.371,0.373,0.37,0.372,128947.53
1759417200,0.372,0.374,0.37,0.374,83101.62
1759418100,0.374,0.374,0.372,0.373,52468.99
1759419000,0.373,0.374,0.372,0.374,22197.280000000002
1759419900,0.374,0.375,0.374,0.375,28932.730000000003
1759420800,0.375,0.378,0.374,0.378,85823.52
1759421700,0.378,0.379,0.377,0.377,58668.38
1759422600,0.376,0.377,0.374,0.374,34500.28
1759423500,0.374,0.376,0.374,0.375,29271.04
1759424400,0.375,0.376,0.374,0.376,18036.43
1759425300,0.376,0.376,0.374,0.376,13172.330000000002
1759426200,0.377,0.377,0.376,0.377,3578.94
1759427100,0.377,0.378,0.376,0.377,73345.37000000001
1759428000,0.377,0.379,0.377,0.379,17028.37
1759428900,0.379,0.379,0.378,0.378,5180.32
1759429800,0.378,0.38,0.378,0.378,77336.21
1759430700,0.378,0.378,0.378,0.378,24.3
1759431600,0.378,0.382,0.377,0.381,118988.73
1759432500,0.381,0.382,0.38,0.382,126255.06
1759433400,0.382,0.382,0.38,0.381,34510.71
1759434300,0.381,0.382,0.381,0.382,20858.67
1759435200,0.382,0.383,0.381,0.381,66254.36
1759436100,0.381,0.381,0.38,0.38,17360.05
1759437000,0.38,0.38,0.378,0.379,12561.720000000001
1759437900,0.379,0.379,0.378,0.379,11289.81
1759438800,0.379,0.381,0.379,0.381,41175.350000000006
1759439700,0.381,0.381,0.379,0.379,3128.6800000000003
1759440600,0.379,0.38,0.378,0.379,7070.360000000001
1759441500,0.379,0.38,0.378,0.379,16392.730000000003
1759442400,0.379,0.38,0.379,0.38,12631.14
1759443300,0.38,0.38,0.377,0.378,12995.69
1759444200,0.378,0.378,0.378,0.378,1147.31
1759445100,0.378,0.378,0.378,0.378,7016.360000000001
1759446000,0.378,0.379,0.378,0.379,4441.65
1759446900,0.378,0.378,0.378,0.378,9120.099999999999
1759447800,0.378,0.379,0.378,0.379,20150.449999999997
1759448700,0.379,0.38,0.379,0.38,4337.23
1759449600,0.38,0.38,0.376,0.376,14793.28
1759450500,0.377,0.378,0.377,0.378,65647.62
1759451400,0.378,0.378,0.376,0.376,64397.76
1759452300,0.376,0.377,0.375,0.376,73075.71
1759453200,0.376,0.377,0.375,0.376,58110.45
1759454100,0.376,0.376,0.374,0.375,46019.33
1759455000,0.374,0.375,0.374,0.375,19294.39
1759455900,0.375,0.375,0.374,0.374,34030.74
1759456800,0.374,0.377,0.374,0.377,17784.16
1759457700,0.377,0.377,0.375,0.376,10790.16
1759458600,0.375,0.377,0.375,0.377,16664.12
1759459500,0.377,0.378,0.376,0.378,11026.789999999999
1759460400,0.378,0.38,0.378,0.379,52113.15
1759461300,0.379,0.38,0.379,0.38,36219.770000000004
1759462200,0.379,0.379,0.378,0.379,18028.440000000002
1759463100,0.379,0.379,0.376,0.376,6978.66
1759464000,0.376,0.379,0.376,0.379,9094.65
1759464900,0.379,0.38,0.379,0.38,24296.16
1759465800,0.379,0.38,0.378,0.379,23799.170000000002
1759466700,0.379,0.379,0.379,0.379,11995.44
1759467600,0.379,0.38,0.378,0.378,30260.420000000002
1759468500,0.379,0.379,0.378,0.378,6312.099999999999
1759469400,0.378,0.379,0.378,0.378,9133.08
1759470300,0.377,0.378,0.377,0.378,24822.32
1759471200,0.377,0.378,0.377,0.377,6685.5
1759472100,0.377,0.378,0.377,0.377,1434.4499999999998
1759473000,0.378,0.378,0.377,0.378,12951.72
1759473900,0.378,0.378,0.375,0.375,25683.100000000002
1759474800,0.375,0.376,0.375,0.376,34470.72
1759475700,0.376,0.377,0.375,0.375,9100.21
1759476600,0.375,0.376,0.375,0.376,10671.95
1759477500,0.376,0.377,0.376,0.377,4702.76
1759478400,0.377,0.377,0.375,0.376,3376.81
1759479300,0.376,0.376,0.374,0.376,24246.21
1759480200,0.376,0.377,0.376,0.376,19315.14
1759481100,0.376,0.376,0.376,0.376,521.62
1759482000,0.377,0.378,0.376,0.376,18650.28
1759482900,0.376,0.378,0.376,0.377,11996.25
1759483800,0.377,0.377,0.375,0.375,51135.670000000006
1759484700,0.375,0.377,0.375,0.377,5828.25
1759485600,0.377,0.378,0.376,0.377,106247.03
1759486500,0.377,0.378,0.377,0.378,31682.66
1759487400,0.378,0.378,0.377,0.378,19469.82
1759488300,0.378,0.378,0.376,0.376,7280.48
1759489200,0.376,0.376,0.374,0.375,96716.19
1759490100,0.374,0.375,0.373,0.374,32186.45
1759491000,0.374,0.375,0.374,0.375,19909.25
1759491900,0.375,0.375,0.374,0.375,56955.14
1759492800,0.375,0.376,0.374,0.376,34375.52
1759493700,0.375,0.375,0.374,0.374,6474.66
1759494600,0.374,0.375,0.374,0.375,45659.85
1759495500,0.375,0.375,0.374,0.374,37873.83
1759496400,0.375,0.375,0.372,0.373,67631.99
1759497300,0.372,0.376,0.372,0.376,62279.26
1759498200,0.376,0.377,0.375,0.376,77903.05
1759499100,0.375,0.377,0.375,0.376,12550.9
1759500000,0.375,0.376,0.374,0.374,23062.59
1759500900,0.373,0.375,0.372,0.375,15854.199999999999
1759501800,0.375,0.375,0.374,0.375,57050.46
1759502700,0.375,0.378,0.375,0.376,13625.36
1759503600,0.376,0.376,0.375,0.376,25682.59
1759504500,0.376,0.378,0.376,0.378,23040.61
1759505400,0.378,0.38,0.378,0.38,79425.67
1759506300,0.38,0.382,0.379,0.382,117773.81999999999
1759507200,0.382,0.385,0.382,0.383,144590.77000000002
1759508100,0.384,0.385,0.382,0.383,140791.3
1759509000,0.383,0.387,0.383,0.387,97425.38
1759509900,0.387,0.387,0.384,0.384,111367.29
1759510800,0.383,0.385,0.377,0.383,271527.52
1759511700,0.383,0.383,0.381,0.381,30695.66
1759512600,0.381,0.383,0.38,0.382,21232.1
1759513500,0.382,0.382,0.377,0.378,66957.92
1759514400,0.378,0.379,0.377,0.379,32041.33
1759515300,0.379,0.381,0.379,0.381,18242.3
1759516200,0.381,0.383,0.381,0.383,28150.32
1759517100,0.383,0.384,0.382,0.384,45596.71
1759518000,0.384,0.384,0.383,0.383,28980.02
1759518900,0.384,0.386,0.384,0.386,116773.62999999999
1759519800,0.386,0.387,0.385,0.386,68146.37999999999
1759520700,0.386,0.386,0.385,0.385,19458.510000000002
1759521600,0.385,0.386,0.384,0.385,31556.45
1759522500,0.385,0.385,0.384,0.384,14891.460000000001
1759523400,0.384,0.386,0.384,0.385,11502.16
1759524300,0.385,0.385,0.384,0.385,24018.9
1759525200,0.385,0.387,0.385,0.386,8337.99
1759526100,0.386,0.387,0.385,0.387,28212.64
1759527000,0.386,0.387,0.386,0.387,7438.55
1759527900,0.387,0.387,0.385,0.385,27900.129999999997
1759528800,0.385,0.386,0.385,0.385,21931.96
1759529700,0.386,0.386,0.385,0.386,7502.4
1759530600,0.386,0.386,0.385,0.385,111.68
1759531500,0.385,0.385,0.385,0.385,26618.649999999998
1759532400,0.384,0.385,0.383,0.383,14161.19
1759533300,0.383,0.384,0.383,0.384,14568.880000000001
1759534200,0.383,0.385,0.383,0.384,26433.139999999996
1759535100,0.384,0.384,0.383,0.383,204.36
1759536000,0.383,0.385,0.383,0.384,25618.86
1759536900,0.384,0.384,0.382,0.382,36412.08
1759537800,0.382,0.382,0.381,0.381,17259.64
1759538700,0.381,0.382,0.381,0.382,15792.580000000002
1759539600,0.383,0.383,0.38,0.381,16868.31
1759540500,0.381,0.381,0.38,0.38,43370.979999999996
1759541400,0.38,0.38,0.38,0.38,18335.08
1759542300,0.38,0.38,0.378,0.379,41277.68
1759543200,0.379,0.381,0.379,0.379,22807.54
1759544100,0.378,0.379,0.378,0.378,38716.72
1759545000,0.379,0.38,0.378,0.379,48482.55
1759545900,0.379,0.38,0.378,0.378,15750.039999999999
1759546800,0.378,0.378,0.376,0.377,47735.37
1759547700,0.377,0.377,0.376,0.377,30200.99
1759548600,0.377,0.378,0.377,0.378,182.96
1759549500,0.378,0.378,0.377,0.378,749.67
1759550400,0.378,0.378,0.377,0.378,4446.48
1759551300,0.378,0.378,0.376,0.376,28030.850000000002
1759552200,0.376,0.378,0.376,0.378,13055.789999999999
1759553100,0.377,0.379,0.377,0.377,45352.96
1759554000,0.377,0.379,0.377,0.379,12783.73
1759554900,0.379,0.379,0.379,0.379,27690.67
1759555800,0.379,0.38,0.378,0.378,72456.12
1759556700,0.379,0.379,0.378,0.379,1120.7
1759557600,0.379,0.38,0.379,0.379,6743.639999999999
1759558500,0.379,0.38,0.379,0.38,18642.079999999998
1759559400,0.38,0.38,0.379,0.379,22039.0
1759560300,0.38,0.38,0.379,0.38,2183.41
1759561200,0.38,0.38,0.378,0.379,20663.75
1759562100,0.378,0.378,0.377,0.377,6598.99
1759563000,0.377,0.38,0.377,0.378,141142.93
1759563900,0.378,0.378,0.377,0.377,3857.3
1759564800,0.377,0.378,0.377,0.377,1770.33
1759565700,0.377,0.377,0.376,0.376,10179.9
1759566600,0.376,0.376,0.374,0.374,49570.92
1759567500,0.374,0.375,0.374,0.374,24667.36
1759568400,0.374,0.376,0.374,0.376,39622.85
1759569300,0.376,0.376,0.375,0.375,5862.13
1759570200,0.375,0.375,0.375,0.375,11584.15
1759571100,0.375,0.376,0.372,0.373,43017.35
1759572000,0.373,0.374,0.373,0.373,13271.34
1759572900,0.373,0.374,0.373,0.374,13022.68
1759573800,0.374,0.374,0.371,0.372,52938.939999999995
1759574700,0.372,0.372,0.37,0.371,55624.310000000005
1759575600,0.371,0.373,0.371,0.371,189594.89
1759576500,0.371,0.372,0.371,0.371,23327.62
1759577400,0.371,0.372,0.371,0.372,10982.46
1759578300,0.372,0.373,0.372,0.373,100.67999999999999
1759579200,0.372,0.374,0.372,0.373,23975.57
1759580100,0.373,0.373,0.372,0.373,10107.74
1759581000,0.372,0.374,0.372,0.373,5292.139999999999
1759581900,0.373,0.373,0.371,0.372,11202.25
1759582800,0.372,0.376,0.372,0.375,13752.68
1759583700,0.375,0.375,0.374,0.374,15368.2
1759584600,0.373,0.375,0.373,0.375,20449.2
1759585500,0.375,0.375,0.374,0.374,12408.18
1759586400,0.374,0.375,0.373,0.375,3469.12
1759587300,0.375,0.375,0.374,0.374,5934.19
1759588200,0.374,0.374,0.373,0.373,3107.3900000000003
1759589100,0.373,0.373,0.37,0.371,21919.300000000003
1759590000,0.37,0.371,0.369,0.37,40113.54
1759590900,0.37,0.371,0.368,0.368,71203.37
1759591800,0.368,0.368,0.367,0.368,71438.03
1759592700,0.368,0.369,0.367,0.367,13283.44
1759593600,0.368,0.369,0.368,0.368,8678.35
1759594500,0.368,0.368,0.367,0.368,7732.6900000000005
1759595400,0.368,0.37,0.368,0.37,18091.73
1759596300,0.369,0.37,0.369,0.37,1262.1100000000001
1759597200,0.37,0.372,0.37,0.371,9312.52
1759598100,0.37,0.372,0.37,0.371,1199.44
1759599000,0.371,0.372,0.371,0.371,25938.609999999997
1759599900,0.371,0.371,0.37,0.371,2894.9700000000003
1759600800,0.371,0.372,0.371,0.372,153.0
1759601700,0.372,0.372,0.37,0.371,6256.08
1759602600,0.371,0.371,0.371,0.371,1110.51
1759603500,0.371,0.371,0.37,0.37,1072.38
1759604400,0.371,0.372,0.37,0.372,5118.179999999999
1759605300,0.372,0.372,0.371,0.371,153.91
1759606200,0.371,0.371,0.371,0.371,190.56
1759607100,0.371,0.372,0.371,0.371,107488.19
1759608000,0.372,0.373,0.372,0.372,8373.67
1759608900,0.372,0.374,0.372,0.374,22675.2
1759609800,0.374,0.374,0.372,0.372,7586.16
1759610700,0.372,0.373,0.371,0.372,4426.32
1759611600,0.372,0.373,0.371,0.372,8809.09
1759612500,0.372,0.373,0.372,0.373,10211.56
1759613400,0.373,0.373,0.372,0.373,2545.58
1759614300,0.373,0.373,0.372,0.372,528.8
1759615200,0.372,0.372,0.371,0.371,6941.2
1759616100,0.371,0.371,0.371,0.371,0.0
1759617000,0.372,0.373,0.372,0.373,13079.49
1759617900,0.373,0.373,0.372,0.372,2633.42
1759618800,0.372,0.373,0.371,0.371,6184.36
1759619700,0.371,0.373,0.371,0.373,8603.47
1759620600,0.373,0.373,0.373,0.373,0.0
1759621500,0.373,0.373,0.372,0.372,26.86
1759622400,0.372,0.372,0.37,0.371,17738.95
1759623300,0.371,0.373,0.371,0.373,15707.920000000002
1759624200,0.373,0.373,0.37,0.37,4216.719999999999
1759625100,0.37,0.37,0.369,0.369,19146.469999999998
1759626000,0.369,0.371,0.369,0.369,3040.6000000000004
1759626900,0.369,0.371,0.369,0.37,2741.12
1759627800,0.37,0.371,0.37,0.371,1202.68
1759628700,0.371,0.372,0.37,0.37,823.1
1759629600,0.37,0.371,0.37,0.37,7345.06
1759630500,0.37,0.371,0.37,0.371,3244.17
1759631400,0.371,0.377,0.371,0.375,217040.78
1759632300,0.376,0.378,0.376,0.377,75859.66
1759633200,0.379,0.38,0.378,0.379,54920.76
1759634100,0.379,0.379,0.378,0.378,35880.32
1759635000,0.378,0.379,0.378,0.378,17191.34
1759635900,0.379,0.379,0.376,0.376,26397.649999999998
1759636800,0.376,0.378,0.376,0.376,7196.49
1759637700,0.377,0.378,0.377,0.378,11908.66
1759638600,0.377,0.378,0.376,0.378,20858.77
1759639500,0.377,0.382,0.377,0.38,79423.95
1759640400,0.38,0.381,0.379,0.379,9862.449999999999
1759641300,0.379,0.381,0.379,0.381,14238.24
1759642200,0.381,0.382,0.381,0.381,46236.33
1759643100,0.381,0.381,0.38,0.38,258.77
1759644000,0.381,0.381,0.38,0.38,11801.199999999999
1759644900,0.38,0.381,0.38,0.381,14662.890000000001
1759645800,0.381,0.381,0.379,0.38,11571.060000000001
1759646700,0.38,0.38,0.379,0.38,39052.13
1759647600,0.38,0.381,0.379,0.381,21703.94
1759648500,0.381,0.382,0.381,0.382,42528.96
1759649400,0.382,0.382,0.38,0.381,15600.1
1759650300,0.382,0.384,0.381,0.383,30262.66
1759651200,0.383,0.385,0.383,0.383,58599.43
1759652100,0.383,0.384,0.383,0.384,13472.56
1759653000,0.383,0.384,0.382,0.383,23451.3
1759653900,0.383,0.383,0.382,0.383,17684.16
1759654800,0.383,0.383,0.382,0.382,9885.630000000001
1759655700,0.382,0.383,0.382,0.382,40754.8
1759656600,0.381,0.383,0.379,0.379,86082.41
1759657500,0.379,0.38,0.379,0.379,69797.38
1759658400,0.378,0.379,0.376,0.377,69375.47
1759659300,0.377,0.379,0.377,0.378,51864.67
1759660200,0.378,0.378,0.376,0.378,20264.87
1759661100,0.378,0.379,0.378,0.378,16835.82
1759662000,0.378,0.378,0.375,0.375,26140.260000000002
1759662900,0.375,0.377,0.375,0.377,19858.27
1759663800,0.377,0.377,0.376,0.377,10007.92
1759664700,0.377,0.378,0.377,0.378,10099.29
1759665600,0.377,0.377,0.376,0.376,8594.21
1759666500,0.376,0.38,0.376,0.378,71024.07
1759667400,0.378,0.378,0.377,0.378,3914.36
1759668300,0.378,0.378,0.377,0.377,7173.28
1759669200,0.376,0.378,0.376,0.377,7122.139999999999
1759670100,0.377,0.378,0.377,0.378,11420.1
1759671000,0.378,0.379,0.378,0.379,4470.99
1759671900,0.379,0.38,0.378,0.379,9543.619999999999
1759672800,0.379,0.381,0.379,0.381,18652.81
1759673700,0.381,0.381,0.379,0.38,14600.779999999999
1759674600,0.38,0.38,0.377,0.377,27866.71
1759675500,0.377,0.377,0.377,0.377,469.13
1759676400,0.378,0.379,0.377,0.379,18535.97
1759677300,0.378,0.381,0.378,0.379,8554.84
1759678200,0.379,0.38,0.378,0.379,7518.920000000001
1759679100,0.379,0.379,0.378,0.379,6506.22
1759680000,0.378,0.379,0.377,0.378,6470.589999999999
1759680900,0.378,0.378,0.377,0.378,17635.579999999998
1759681800,0.378,0.378,0.377,0.377,479.90999999999997
1759682700,0.377,0.378,0.375,0.377,66602.94
1759683600,0.378,0.379,0.377,0.378,18145.149999999998
1759684500,0.378,0.379,0.377,0.377,5286.5
1759685400,0.377,0.377,0.375,0.375,431.41999999999996
1759686300,0.375,0.376,0.374,0.374,29336.95
1759687200,0.374,0.374,0.372,0.373,94570.69
1759688100,0.373,0.374,0.372,0.373,23650.35
1759689000,0.373,0.376,0.373,0.376,6452.44
1759689900,0.376,0.376,0.373,0.373,28956.24
1759690800,0.373,0.374,0.371,0.371,25818.49
1759691700,0.371,0.373,0.371,0.372,13963.910000000002
1759692600,0.372,0.372,0.371,0.372,5952.0
1759693500,0.371,0.371,0.37,0.371,8424.76
1759694400,0.37,0.371,0.369,0.371,42051.42
1759695300,0.371,0.371,0.371,0.371,15510.650000000001
1759696200,0.371,0.373,0.37,0.372,5112.17
1759697100,0.372,0.373,0.372,0.372,2317.95
1759698000,0.372,0.372,0.37,0.372,17927.690000000002
1759698900,0.371,0.373,0.371,0.372,97445.84
1759699800,0.371,0.372,0.371,0.372,13408.439999999999
1759700700,0.372,0.372,0.37,0.371,4087.61
1759701600,0.372,0.373,0.37,0.37,51515.32
1759702500,0.37,0.371,0.37,0.371,23049.829999999998
1759703400,0.37,0.371,0.37,0.371,1170.16
1759704300,0.371,0.371,0.371,0.371,15236.109999999999
1759705200,0.371,0.372,0.37,0.372,4675.32
1759706100,0.372,0.372,0.372,0.372,12326.01
1759707000,0.371,0.373,0.371,0.371,14424.14
1759707900,0.371,0.372,0.371,0.371,5487.99
1759708800,0.371,0.371,0.369,0.371,39119.700000000004
1759709700,0.371,0.375,0.371,0.372,56529.17
1759710600,0.372,0.373,0.371,0.372,22686.9
1759711500,0.372,0.373,0.369,0.371,18964.56
1759712400,0.371,0.372,0.369,0.372,20717.56
1759713300,0.372,0.374,0.37,0.374,24361.66
1759714200,0.374,0.375,0.372,0.373,35144.44
1759715100,0.372,0.374,0.372,0.373,4329.400000000001
1759716000,0.373,0.374,0.372,0.374,16194.47
1759716900,0.374,0.375,0.373,0.373,19408.89
1759717800,0.373,0.374,0.372,0.373,21706.13
1759718700,0.374,0.377,0.374,0.375,59729.86
1759719600,0.375,0.375,0.374,0.375,9620.35
1759720500,0.375,0.376,0.374,0.375,40930.78999999999
1759721400,0.376,0.376,0.374,0.375,7419.849999999999
1759722300,0.375,0.375,0.374,0.375,14883.62
1759723200,0.375,0.375,0.373,0.373,35791.28
1759724100,0.374,0.375,0.374,0.375,6973.98
1759725000,0.374,0.374,0.372,0.372,7878.85
1759725900,0.372,0.374,0.372,0.372,20150.02
1759726800,0.372,0.372,0.371,0.372,41486.85
1759727700,0.372,0.373,0.371,0.373,27516.6
1759728600,0.373,0.373,0.372,0.372,7759.01
1759729500,0.372,0.374,0.372,0.373,9744.89
1759730400,0.373,0.375,0.373,0.375,76428.44
1759731300,0.375,0.375,0.373,0.375,13075.17
1759732200,0.375,0.376,0.374,0.376,8246.01
1759733100,0.376,0.376,0.375,0.375,4846.28
1759734000,0.375,0.376,0.374,0.375,15468.36
1759734900,0.375,0.376,0.374,0.374,3550.26
1759735800,0.374,0.376,0.372,0.372,16150.269999999999
1759736700,0.372,0.373,0.371,0.372,27146.46
1759737600,0.373,0.373,0.372,0.373,69113.79
1759738500,0.373,0.373,0.372,0.373,6158.94
1759739400,0.373,0.375,0.373,0.373,23571.27
1759740300,0.373,0.374,0.373,0.374,6534.21
1759741200,0.374,0.375,0.373,0.374,86694.92000000001
1759742100,0.373,0.374,0.373,0.373,28061.33
1759743000,0.373,0.373,0.373,0.373,1917.32
1759743900,0.373,0.374,0.373,0.374,13038.9
1759744800,0.374,0.374,0.373,0.374,25233.82
1759745700,0.373,0.374,0.372,0.374,5759.860000000001
1759746600,0.374,0.374,0.373,0.374,45103.04
1759747500,0.374,0.374,0.374,0.374,3116.3599999999997
1759748400,0.374,0.375,0.373,0.374,24441.62
1759749300,0.374,0.376,0.373,0.376,65417.63
1759750200,0.376,0.377,0.375,0.375,23923.52
1759751100,0.375,0.375,0.374,0.375,633.1
1759752000,0.375,0.377,0.375,0.376,11549.699999999999
1759752900,0.376,0.377,0.376,0.376,4047.94
1759753800,0.376,0.377,0.376,0.377,12438.16
1759754700,0.377,0.377,0.376,0.377,24840.030000000002
1759755600,0.377,0.378,0.376,0.376,46024.42
1759756500,0.376,0.378,0.376,0.378,45454.27
1759757400,0.377,0.379,0.377,0.377,92182.20999999999
1759758300,0.378,0.379,0.377,0.379,48734.38
1759759200,0.379,0.382,0.379,0.38,91252.37
1759760100,0.381,0.381,0.379,0.38,24201.46
1759761000,0.38,0.381,0.379,0.38,2173.84
1759761900,0.38,0.381,0.379,0.379,14212.220000000001
1759762800,0.379,0.382,0.379,0.381,13108.05
1759763700,0.382,0.383,0.381,0.382,38887.73
1759764600,0.383,0.383,0.382,0.382,29984.53
1759765500,0.382,0.383,0.381,0.383,56373.7
1759766400,0.383,0.383,0.38,0.381,108777.37
1759767300,0.382,0.382,0.379,0.38,43066.06
1759768200,0.38,0.382,0.38,0.381,16424.44
1759769100,0.381,0.382,0.381,0.381,4641.35
1759770000,0.381,0.382,0.381,0.382,5863.37
1759770900,0.382,0.384,0.381,0.383,33981.36
1759771800,0.383,0.384,0.381,0.383,59198.5
1759772700,0.382,0.384,0.382,0.383,12445.59
1759773600,0.383,0.384,0.383,0.384,5303.28
1759774500,0.384,0.384,0.383,0.383,33583.28
1759775400,0.383,0.383,0.382,0.383,16950.93
1759776300,0.383,0.383,0.382,0.383,13964.130000000001
1759777200,0.383,0.384,0.382,0.384,16270.810000000001
1759778100,0.384,0.384,0.383,0.383,29837.21
1759779000,0.383,0.383,0.383,0.383,8678.86
1759779900,0.383,0.384,0.382,0.383,9891.74
1759780800,0.383,0.385,0.383,0.384,40676.99
1759781700,0.383,0.383,0.382,0.382,51558.53
1759782600,0.381,0.382,0.381,0.381,16616.69
1759783500,0.381,0.382,0.381,0.382,5480.929999999999
1759784400,0.381,0.383,0.381,0.382,16139.34
1759785300,0.382,0.382,0.38,0.381,13476.84
1759786200,0.381,0.383,0.381,0.382,28044.66
1759787100,0.382,0.382,0.382,0.382,2643.97
1759788000,0.382,0.383,0.382,0.383,16238.98
1759788900,0.382,0.383,0.381,0.381,10197.92
1759789800,0.381,0.381,0.38,0.381,22093.32
1759790700,0.381,0.382,0.381,0.382,22328.21
1759791600,0.382,0.382,0.38,0.38,40200.11
1759792500,0.38,0.38,0.379,0.38,13793.74
1759793400,0.38,0.38,0.38,0.38,531.15
1759794300,0.38,0.38,0.379,0.38,6354.49
1759795200,0.379,0.38,0.379,0.38,29833.440000000002
1759796100,0.38,0.38,0.379,0.379,6727.0
1759797000,0.378,0.379,0.378,0.379,52391.759999999995
1759797900,0.379,0.379,0.378,0.378,35636.880000000005
1759798800,0.378,0.38,0.378,0.38,21723.260000000002
1759799700,0.379,0.379,0.377,0.378,42347.09
1759800600,0.378,0.379,0.377,0.378,2521.21
1759801500,0.378,0.378,0.377,0.378,3495.6099999999997
1759802400,0.378,0.379,0.378,0.379,8729.91
1759803300,0.379,0.379,0.377,0.379,3553.5
1759804200,0.379,0.38,0.378,0.378,986.14
1759805100,0.379,0.379,0.377,0.378,3279.94
1759806000,0.378,0.38,0.378,0.378,1604.48
1759806900,0.378,0.379,0.378,0.379,451.49
1759807800,0.378,0.378,0.377,0.378,5097.32
1759808700,0.378,0.379,0.378,0.379,422.88
1759809600,0.379,0.379,0.377,0.377,2320.27
1759810500,0.376,0.378,0.376,0.378,11613.58
1759811400,0.379,0.38,0.378,0.38,11145.460000000001
1759812300,0.38,0.381,0.38,0.38,114321.83
1759813200,0.38,0.38,0.378,0.38,22883.370000000003
1759814100,0.38,0.38,0.379,0.38,22654.64
1759815000,0.38,0.38,0.378,0.38,22872.98
1759815900,0.38,0.38,0.378,0.378,190.93
1759816800,0.378,0.38,0.377,0.378,14240.48
1759817700,0.378,0.378,0.375,0.375,29165.52
1759818600,0.375,0.376,0.374,0.374,58316.71
1759819500,0.374,0.375,0.373,0.373,28716.56
1759820400,0.373,0.375,0.373,0.375,2242.25
1759821300,0.375,0.375,0.374,0.375,7415.7300000000005
1759822200,0.375,0.376,0.372,0.374,31132.72
1759823100,0.373,0.375,0.373,0.374,4291.76
1759824000,0.373,0.374,0.371,0.372,50497.11
1759824900,0.372,0.372,0.371,0.371,20995.28
1759825800,0.371,0.372,0.37,0.372,3421.9
1759826700,0.372,0.373,0.372,0.373,5479.63
1759827600,0.373,0.375,0.372,0.375,8111.79
1759828500,0.374,0.375,0.373,0.374,16500.350000000002
1759829400,0.374,0.374,0.372,0.374,7039.599999999999
1759830300,0.374,0.374,0.373,0.373,1459.71
1759831200,0.373,0.374,0.373,0.374,10421.98
1759832100,0.374,0.374,0.373,0.373,6175.5
1759833000,0.373,0.374,0.373,0.373,593.5
1759833900,0.373,0.374,0.373,0.373,4614.7
1759834800,0.373,0.375,0.373,0.375,11812.599999999999
1759835700,0.375,0.376,0.373,0.374,14952.31
1759836600,0.374,0.376,0.374,0.375,7988.66
1759837500,0.375,0.376,0.374,0.376,58901.270000000004
1759838400,0.375,0.377,0.374,0.376,22760.33
1759839300,0.376,0.376,0.375,0.375,102.65
1759840200,0.375,0.376,0.374,0.375,21676.989999999998
1759841100,0.375,0.377,0.375,0.377,14110.27
1759842000,0.378,0.379,0.377,0.379,73934.3
1759842900,0.378,0.379,0.378,0.378,37259.86
1759843800,0.378,0.378,0.372,0.373,90565.01
1759844700,0.372,0.375,0.372,0.374,39047.93
1759845600,0.374,0.374,0.368,0.37,115171.33
1759846500,0.369,0.371,0.368,0.368,57711.340000000004
1759847400,0.367,0.369,0.366,0.366,63405.24
1759848300,0.367,0.368,0.364,0.365,59277.119999999995
1759849200,0.365,0.366,0.361,0.363,196105.46
1759850100,0.363,0.365,0.363,0.363,30347.72
1759851000,0.363,0.363,0.359,0.36,90814.87
1759851900,0.361,0.362,0.36,0.362,33325.979999999996
1759852800,0.361,0.362,0.358,0.36,42043.08
1759853700,0.36,0.36,0.359,0.36,15887.09
1759854600,0.36,0.363,0.359,0.363,9920.23
1759855500,0.362,0.365,0.362,0.363,22444.84
1759856400,0.364,0.364,0.363,0.363,13488.15
1759857300,0.363,0.364,0.363,0.364,5197.95
1759858200,0.363,0.363,0.362,0.362,4004.54
1759859100,0.362,0.364,0.361,0.361,8051.25
1759860000,0.361,0.362,0.36,0.362,7740.99
1759860900,0.362,0.362,0.361,0.361,2358.02
1759861800,0.36,0.361,0.36,0.36,3272.75
1759862700,0.36,0.361,0.359,0.359,20677.46
1759863600,0.358,0.36,0.358,0.359,33323.45
1759864500,0.359,0.36,0.358,0.36,10081.230000000001
1759865400,0.36,0.361,0.359,0.359,55297.51
1759866300,0.358,0.361,0.358,0.359,30027.39
1759867200,0.359,0.362,0.359,0.361,17967.81
1759868100,0.361,0.362,0.361,0.362,39153.9
1759869000,0.362,0.364,0.362,0.362,37034.27
1759869900,0.362,0.363,0.362,0.362,9173.69
1759870800,0.361,0.362,0.361,0.361,16549.18
1759871700,0.361,0.362,0.361,0.361,7055.68
1759872600,0.361,0.362,0.359,0.359,11434.16
1759873500,0.361,0.361,0.358,0.359,14612.66
1759874400,0.359,0.36,0.358,0.359,2638.63
1759875300,0.36,0.361,0.36,0.36,1716.59
1759876200,0.36,0.361,0.36,0.36,1295.58
1759877100,0.36,0.36,0.36,0.36,1647.74
1759878000,0.36,0.36,0.358,0.358,19895.45
1759878900,0.359,0.359,0.358,0.359,9412.380000000001
1759879800,0.359,0.359,0.357,0.358,27417.670000000002
1759880700,0.358,0.359,0.357,0.358,31065.1
1759881600,0.358,0.358,0.358,0.358,12426.81
1759882500,0.358,0.359,0.358,0.359,21959.36
1759883400,0.359,0.361,0.358,0.36,27113.46
1759884300,0.36,0.36,0.36,0.36,5277.370000000001
1759885200,0.36,0.36,0.359,0.36,12012.49
1759886100,0.36,0.361,0.36,0.361,5619.54
1759887000,0.361,0.361,0.36,0.36,5049.360000000001
1759887900,0.36,0.362,0.36,0.361,3180.91
1759888800,0.36,0.361,0.36,0.36,4564.18
1759889700,0.36,0.361,0.36,0.361,4267.29
1759890600,0.361,0.361,0.36,0.36,13072.6
1759891500,0.359,0.361,0.359,0.36,23264.769999999997
1759892400,0.36,0.36,0.357,0.357,13949.75
1759893300,0.358,0.359,0.354,0.355,88411.54
1759894200,0.356,0.357,0.355,0.356,14920.09
1759895100,0.357,0.357,0.356,0.357,21280.45
1759896000,0.357,0.357,0.355,0.357,22291.07
1759896900,0.358,0.358,0.356,0.357,7891.0
1759897800,0.357,0.358,0.357,0.358,4587.45
1759898700,0.358,0.358,0.356,0.358,95558.69
1759899600,0.358,0.358,0.356,0.356,53636.689999999995
1759900500,0.356,0.357,0.355,0.355,10488.5
1759901400,0.355,0.356,0.355,0.356,24708.969999999998
1759902300,0.356,0.356,0.355,0.355,5109.299999999999
1759903200,0.356,0.357,0.354,0.357,20467.2
1759904100,0.356,0.356,0.355,0.355,3280.0
1759905000,0.355,0.356,0.355,0.356,6032.04
1759905900,0.356,0.356,0.356,0.356,5038.469999999999
1759906800,0.356,0.357,0.356,0.356,22681.550000000003
1759907700,0.356,0.357,0.356,0.356,5402.04
1759908600,0.356,0.357,0.355,0.357,12159.529999999999
1759909500,0.357,0.359,0.357,0.359,22584.079999999998
1759910400,0.359,0.36,0.358,0.358,42758.89
1759911300,0.358,0.36,0.358,0.358,14504.65
1759912200,0.359,0.361,0.359,0.361,62787.100000000006
1759913100,0.361,0.361,0.359,0.36,92448.29000000001
1759914000,0.36,0.361,0.359,0.36,34979.24
1759914900,0.36,0.36,0.358,0.359,86638.85
1759915800,0.359,0.36,0.358,0.359,109648.47
1759916700,0.359,0.36,0.359,0.36,35440.31
1759917600,0.36,0.362,0.36,0.36,146720.26
1759918500,0.36,0.361,0.36,0.36,64950.63
1759919400,0.36,0.362,0.36,0.361,50275.29
1759920300,0.361,0.362,0.36,0.361,32554.44
1759921200,0.361,0.362,0.36,0.361,38990.490000000005
1759922100,0.362,0.362,0.36,0.361,20776.16
1759923000,0.36,0.36,0.358,0.358,62180.57
1759923900,0.358,0.359,0.357,0.359,80398.11
1759924800,0.359,0.359,0.357,0.358,138161.26
1759925700,0.358,0.358,0.357,0.358,75982.74
1759926600,0.358,0.359,0.357,0.358,50704.990000000005
1759927500,0.358,0.359,0.357,0.359,125877.05
1759928400,0.359,0.359,0.357,0.358,111885.12
1759929300,0.358,0.359,0.356,0.357,153208.68
1759930200,0.357,0.359,0.356,0.357,183574.85
1759931100,0.356,0.359,0.355,0.359,114010.28
1759932000,0.359,0.363,0.359,0.362,95664.47
1759932900,0.361,0.362,0.36,0.361,65716.64
1759933800,0.36,0.361,0.359,0.36,45513.01
1759934700,0.359,0.359,0.357,0.358,64168.93
1759935600,0.358,0.361,0.358,0.36,53835.4
1759936500,0.36,0.361,0.36,0.361,29756.04
1759937400,0.361,0.362,0.361,0.361,41962.49
1759938300,0.361,0.361,0.36,0.361,17790.79
1759939200,0.361,0.362,0.36,0.362,24189.51
1759940100,0.362,0.363,0.362,0.363,4156.07
1759941000,0.363,0.363,0.361,0.362,42262.34
1759941900,0.362,0.365,0.362,0.364,55694.44
1759942800,0.365,0.367,0.365,0.366,54825.020000000004
1759943700,0.366,0.37,0.366,0.369,130180.76
1759944600,0.37,0.371,0.369,0.369,94114.29
1759945500,0.369,0.372,0.369,0.372,58465.16
1759946400,0.371,0.372,0.37,0.372,62850.520000000004
1759947300,0.372,0.372,0.371,0.371,44886.15
1759948200,0.371,0.372,0.37,0.371,44839.19
1759949100,0.371,0.372,0.37,0.372,12166.28
1759950000,0.372,0.373,0.37,0.371,35132.61
1759950900,0.37,0.372,0.37,0.371,48485.42
1759951800,0.371,0.372,0.371,0.371,54170.91
1759952700,0.371,0.372,0.37,0.372,18758.41
1759953600,0.372,0.373,0.371,0.373,38791.15
1759954500,0.373,0.373,0.372,0.372,4292.42
1759955400,0.372,0.372,0.371,0.371,10014.609999999999
1759956300,0.371,0.371,0.37,0.37,19776.37
1759957200,0.37,0.37,0.37,0.37,23230.13
1759958100,0.37,0.373,0.37,0.372,47732.58
1759959000,0.372,0.373,0.372,0.373,5738.37
1759959900,0.372,0.373,0.372,0.372,39008.97
1759960800,0.372,0.373,0.372,0.372,25351.04
1759961700,0.373,0.373,0.373,0.373,32082.25
1759962600,0.373,0.373,0.372,0.372,47025.05
1759963500,0.372,0.373,0.371,0.372,39587.8
1759964400,0.372,0.372,0.37,0.371,33688.31
1759965300,0.371,0.371,0.37,0.371,19292.829999999998
1759966200,0.371,0.372,0.371,0.371,50361.78
1759967100,0.371,0.371,0.37,0.371,9790.880000000001
1759968000,0.371,0.371,0.37,0.37,39965.29
1759968900,0.37,0.371,0.37,0.37,18970.48
1759969800,0.369,0.37,0.368,0.369,29761.98
1759970700,0.369,0.369,0.368,0.368,55355.299999999996
1759971600,0.368,0.368,0.367,0.368,36954.64
1759972500,0.367,0.368,0.366,0.367,74969.7
1759973400,0.367,0.367,0.366,0.366,38465.95
1759974300,0.366,0.368,0.366,0.368,13628.669999999998
1759975200,0.368,0.368,0.364,0.366,47877.62
1759976100,0.366,0.366,0.364,0.364,68560.69
1759977000,0.364,0.365,0.36,0.361,159730.25999999998
1759977900,0.36,0.361,0.359,0.359,36915.840000000004
1759978800,0.36,0.364,0.36,0.362,79159.09
1759979700,0.363,0.364,0.363,0.363,37406.15
1759980600,0.364,0.367,0.363,0.365,125031.37
1759981500,0.365,0.369,0.365,0.367,158063.5
1759982400,0.367,0.369,0.367,0.367,44870.409999999996
1759983300,0.367,0.37,0.367,0.369,37263.69
1759984200,0.369,0.369,0.367,0.368,112701.06
1759985100,0.368,0.371,0.368,0.37,68439.76000000001
1759986000,0.37,0.37,0.369,0.369,16729.6
1759986900,0.369,0.37,0.368,0.37,6782.12
1759987800,0.37,0.371,0.369,0.37,12644.88
1759988700,0.37,0.37,0.369,0.37,737.01
1759989600,0.37,0.37,0.368,0.368,12556.29
1759990500,0.368,0.369,0.367,0.369,22447.98
1759991400,0.369,0.37,0.369,0.369,11593.48
1759992300,0.369,0.369,0.368,0.368,6716.74
1759993200,0.367,0.368,0.366,0.367,19417.8
1759994100,0.367,0.368,0.366,0.366,28369.9
1759995000,0.366,0.366,0.364,0.364,22402.73
1759995900,0.364,0.366,0.364,0.364,13243.04
1759996800,0.364,0.364,0.362,0.362,24575.690000000002
1759997700,0.362,0.362,0.359,0.359,147767.83
1759998600,0.358,0.36,0.356,0.358,111208.26
1759999500,0.358,0.359,0.355,0.356,100924.21
1760000400,0.356,0.358,0.355,0.357,46965.77
1760001300,0.357,0.358,0.356,0.358,31133.43
1760002200,0.358,0.358,0.357,0.357,23773.289999999997
1760003100,0.357,0.358,0.356,0.358,2608.4700000000003
1760004000,0.357,0.358,0.356,0.357,18350.34
1760004900,0.357,0.357,0.355,0.357,17116.46
1760005800,0.356,0.359,0.356,0.357,23418.89
1760006700,0.357,0.358,0.357,0.357,9933.27
1760007600,0.357,0.358,0.357,0.357,25484.84
1760008500,0.357,0.359,0.357,0.359,51578.9
1760009400,0.359,0.359,0.358,0.359,12844.130000000001
1760010300,0.359,0.359,0.358,0.358,2308.6
1760011200,0.358,0.36,0.358,0.36,24882.68
1760012100,0.36,0.36,0.359,0.36,17970.22
1760013000,0.359,0.363,0.358,0.361,86697.17
1760013900,0.361,0.362,0.36,0.361,10956.029999999999
1760014800,0.361,0.361,0.36,0.36,12766.060000000001
1760015700,0.359,0.361,0.359,0.36,30164.4
1760016600,0.359,0.36,0.358,0.358,37508.880000000005
1760017500,0.358,0.359,0.357,0.357,19290.32
1760018400,0.356,0.358,0.355,0.358,47123.21
1760019300,0.358,0.359,0.356,0.356,7866.86
1760020200,0.355,0.355,0.352,0.353,117793.32
1760021100,0.353,0.357,0.352,0.355,47289.89
1760022000,0.356,0.357,0.355,0.356,17402.82
1760022900,0.356,0.357,0.355,0.355,18469.18
1760023800,0.354,0.355,0.353,0.353,20817.100000000002
1760024700,0.353,0.354,0.353,0.354,25933.3
1760025600,0.354,0.355,0.354,0.354,13847.87
1760026500,0.354,0.356,0.353,0.354,9220.95
1760027400,0.355,0.356,0.353,0.356,18880.73
1760028300,0.356,0.356,0.351,0.352,69561.13
1760029200,0.352,0.355,0.351,0.355,32255.530000000002
1760030100,0.354,0.356,0.354,0.354,19784.78
1760031000,0.355,0.356,0.354,0.356,28872.469999999998
1760031900,0.356,0.358,0.355,0.358,16629.559999999998
1760032800,0.358,0.358,0.357,0.357,27270.37
1760033700,0.358,0.359,0.358,0.358,43349.729999999996
1760034600,0.358,0.359,0.357,0.357,51803.46
1760035500,0.357,0.358,0.357,0.357,1718.03
1760036400,0.357,0.357,0.356,0.356,14557.649999999998
1760037300,0.356,0.356,0.356,0.356,4358.09
1760038200,0.356,0.357,0.355,0.356,4969.86
1760039100,0.356,0.356,0.354,0.355,26378.9
1760040000,0.355,0.357,0.355,0.355,4979.4400000000005
1760040900,0.355,0.356,0.354,0.354,3710.9
1760041800,0.354,0.355,0.354,0.355,5967.030000000001
1760042700,0.355,0.356,0.354,0.354,5103.57
1760043600,0.355,0.356,0.354,0.356,12904.619999999999
1760044500,0.356,0.356,0.355,0.355,1364.6100000000001
1760045400,0.355,0.355,0.354,0.354,1001.3700000000001
1760046300,0.354,0.355,0.354,0.355,4280.15
1760047200,0.355,0.356,0.355,0.356,10224.36
1760048100,0.356,0.357,0.356,0.357,7448.820000000001
1760049000,0.357,0.359,0.357,0.358,32957.56
1760049900,0.358,0.359,0.358,0.358,1940.3
1760050800,0.358,0.358,0.357,0.358,7530.38
1760051700,0.358,0.358,0.357,0.358,7705.56
1760052600,0.358,0.358,0.358,0.358,969.11
1760053500,0.358,0.359,0.357,0.359,5514.749999999999
1760054400,0.359,0.359,0.358,0.358,2347.63
1760055300,0.358,0.359,0.358,0.359,34844.46
1760056200,0.359,0.359,0.357,0.357,11780.26
1760057100,0.357,0.359,0.357,0.358,6243.530000000001
1760058000,0.358,0.359,0.358,0.359,22768.83
1760058900,0.359,0.36,0.359,0.359,1680.58
1760059800,0.36,0.36,0.358,0.358,24262.71
1760060700,0.358,0.359,0.358,0.358,30718.2
1760061600,0.358,0.358,0.356,0.357,22206.129999999997
1760062500,0.357,0.359,0.357,0.357,20882.96
1760063400,0.357,0.358,0.357,0.357,17148.08
1760064300,0.357,0.358,0.356,0.356,16550.51
1760065200,0.356,0.356,0.355,0.356,22623.47
1760066100,0.356,0.36,0.356,0.36,42272.0
1760067000,0.36,0.362,0.36,0.362,18116.73
1760067900,0.362,0.363,0.359,0.36,39354.770000000004
1760068800,0.36,0.361,0.359,0.361,81976.63
1760069700,0.361,0.361,0.359,0.359,17359.53
1760070600,0.359,0.36,0.358,0.358,8635.869999999999
1760071500,0.358,0.358,0.358,0.358,6096.18
1760072400,0.358,0.359,0.357,0.358,18332.55
1760073300,0.358,0.36,0.357,0.359,12227.8
1760074200,0.359,0.361,0.358,0.361,13017.42
1760075100,0.361,0.362,0.361,0.362,12386.42
1760076000,0.362,0.363,0.361,0.362,61277.47
1760076900,0.362,0.362,0.36,0.36,9228.82
1760077800,0.36,0.361,0.359,0.359,18552.86
1760078700,0.359,0.359,0.357,0.357,34551.979999999996
1760079600,0.357,0.358,0.356,0.358,39114.47
1760080500,0.358,0.358,0.356,0.357,13846.82
1760081400,0.357,0.358,0.356,0.357,12896.17
1760082300,0.357,0.357,0.355,0.355,35919.45
1760083200,0.356,0.357,0.355,0.356,27801.36
1760084100,0.355,0.357,0.355,0.356,3706.04
1760085000,0.356,0.357,0.354,0.356,17287.07
1760085900,0.355,0.358,0.355,0.358,15263.18
1760086800,0.357,0.359,0.356,0.358,18449.12
1760087700,0.358,0.36,0.356,0.36,23318.22
1760088600,0.359,0.36,0.358,0.359,10573.66
1760089500,0.359,0.36,0.358,0.358,19982.78
1760090400,0.358,0.36,0.358,0.36,35272.51
1760091300,0.36,0.36,0.36,0.36,32227.37
1760092200,0.36,0.361,0.36,0.361,63288.38
1760093100,0.361,0.363,0.361,0.363,71391.31999999999
1760094000,0.363,0.363,0.362,0.362,77538.58
1760094900,0.363,0.363,0.361,0.362,24693.73
1760095800,0.362,0.363,0.361,0.363,55451.64
1760096700,0.362,0.364,0.362,0.362,45830.44
1760097600,0.362,0.364,0.362,0.363,40411.53
1760098500,0.363,0.363,0.362,0.363,40128.75
1760099400,0.363,0.363,0.362,0.362,18018.96
1760100300,0.363,0.364,0.362,0.363,17139.05
1760101200,0.364,0.365,0.363,0.363,52129.14
1760102100,0.364,0.365,0.363,0.365,78227.05
1760103000,0.365,0.366,0.364,0.365,111102.98
1760103900,0.365,0.365,0.363,0.364,70239.48
1760104800,0.365,0.366,0.364,0.364,67332.67
1760105700,0.364,0.365,0.361,0.362,34329.46
1760106600,0.362,0.363,0.362,0.362,18152.87
1760107500,0.362,0.363,0.357,0.358,196987.97
1760108400,0.357,0.358,0.353,0.357,227535.93
1760109300,0.357,0.357,0.349,0.35,146344.05000000002
1760110200,0.349,0.35,0.343,0.35,262476.35
1760111100,0.35,0.35,0.346,0.346,46578.12
1760112000,0.345,0.347,0.344,0.346,36144.59
1760112900,0.346,0.348,0.344,0.347,25946.29
1760113800,0.347,0.348,0.345,0.347,195699.87
1760114700,0.347,0.347,0.344,0.345,25573.35
1760115600,0.345,0.346,0.344,0.344,38609.89
1760116500,0.344,0.346,0.344,0.346,32542.97
1760117400,0.346,0.346,0.342,0.343,59710.3
1760118300,0.343,0.343,0.341,0.342,47934.94
1760119200,0.342,0.343,0.341,0.343,9885.89
1760120100,0.343,0.343,0.341,0.343,14688.02
1760121000,0.343,0.343,0.342,0.342,10152.26
1760121900,0.343,0.343,0.341,0.342,10817.11
1760122800,0.342,0.342,0.34,0.34,40385.25
1760123700,0.34,0.341,0.333,0.333,259113.65999999997
1760124600,0.333,0.337,0.333,0.337,102273.46
1760125500,0.338,0.338,0.335,0.335,55374.27
1760126400,0.335,0.337,0.335,0.335,18475.72
1760127300,0.335,0.338,0.335,0.337,74272.60999999999
1760128200,0.337,0.337,0.335,0.336,11920.32
1760129100,0.336,0.336,0.31,0.315,1114745.3599999999
1760130000,0.315,0.32,0.283,0.289,1705650.86
1760130900,0.291,0.294,0.115,0.162,3580450.38
1760131800,0.163,0.226,0.163,0.22,1171701.19
1760132700,0.218,0.251,0.216,0.247,2038749.47
1760133600,0.247,0.25,0.22,0.247,2843826.21
1760134500,0.248,0.264,0.243,0.244,1228678.83
1760135400,0.244,0.251,0.242,0.25,522018.29
1760136300,0.251,0.261,0.25,0.26,1457545.21
1760137200,0.259,0.268,0.253,0.258,1341093.52
1760138100,0.258,0.269,0.255,0.26,1273726.93
1760139000,0.262,0.273,0.26,0.266,1851898.97
1760139900,0.266,0.267,0.252,0.255,1268991.43
1760140800,0.254,0.26,0.25,0.259,1030445.7500000001
1760141700,0.259,0.259,0.25,0.257,406465.8
1760142600,0.257,0.259,0.255,0.257,217315.29
1760143500,0.257,0.26,0.256,0.258,279988.21
1760144400,0.258,0.258,0.254,0.255,244500.91
1760145300,0.255,0.258,0.251,0.254,657487.35
1760146200,0.254,0.258,0.252,0.253,240621.51
1760147100,0.253,0.255,0.252,0.253,214421.98
1760148000,0.253,0.261,0.253,0.261,303108.52
1760148900,0.261,0.267,0.26,0.267,364119.29
1760149800,0.267,0.268,0.266,0.267,116078.89
1760150700,0.268,0.27,0.267,0.269,358016.97000000003
1760151600,0.268,0.269,0.262,0.262,190842.69
1760152500,0.263,0.265,0.262,0.263,108955.5
1760153400,0.263,0.263,0.261,0.263,264803.47000000003
1760154300,0.263,0.266,0.262,0.265,314987.6
1760155200,0.265,0.266,0.264,0.266,142718.84
1760156100,0.266,0.268,0.266,0.268,193426.98
1760157000,0.268,0.269,0.266,0.268,196203.43
1760157900,0.269,0.271,0.267,0.27,188357.8
1760158800,0.271,0.271,0.269,0.271,148264.36000000002
1760159700,0.272,0.272,0.267,0.267,120807.31
1760160600,0.266,0.269,0.265,0.267,94292.66
1760161500,0.268,0.27,0.267,0.27,394730.05
1760162400,0.27,0.272,0.269,0.272,519436.45
1760163300,0.272,0.273,0.271,0.273,312126.0
1760164200,0.273,0.274,0.272,0.274,108457.68
1760165100,0.273,0.274,0.269,0.27,251343.04
1760166000,0.271,0.272,0.269,0.271,215518.31
1760166900,0.271,0.273,0.269,0.271,143235.99
1760167800,0.271,0.272,0.27,0.271,173352.45
1760168700,0.271,0.271,0.269,0.271,67102.82
1760169600,0.27,0.273,0.27,0.272,112128.37
1760170500,0.273,0.278,0.273,0.277,410205.81
1760171400,0.278,0.279,0.275,0.277,194450.5
1760172300,0.278,0.284,0.277,0.282,814287.36
1760173200,0.282,0.283,0.28,0.281,258208.11000000002
1760174100,0.281,0.282,0.28,0.281,203643.41
1760175000,0.281,0.282,0.279,0.281,104225.13
1760175900,0.28,0.28,0.277,0.278,144744.13999999998
1760176800,0.278,0.281,0.278,0.281,137014.28
1760177700,0.28,0.281,0.279,0.28,243192.53999999998
1760178600,0.281,0.281,0.279,0.279,205621.08
1760179500,0.279,0.28,0.278,0.28,87669.2
1760180400,0.28,0.281,0.278,0.278,188086.2
1760181300,0.278,0.279,0.276,0.279,112043.95
1760182200,0.279,0.279,0.278,0.279,29727.460000000003
1760183100,0.279,0.28,0.279,0.279,29081.39
1760184000,0.279,0.28,0.278,0.28,121091.07
1760184900,0.28,0.28,0.278,0.278,68513.7
1760185800,0.278,0.278,0.275,0.277,226339.7
1760186700,0.277,0.277,0.274,0.276,97904.19
1760187600,0.276,0.277,0.274,0.276,130702.04
1760188500,0.276,0.277,0.274,0.275,51423.15
1760189400,0.275,0.276,0.272,0.275,164175.79
1760190300,0.276,0.278,0.275,0.277,106687.75
1760191200,0.277,0.278,0.276,0.277,87188.42
1760192100,0.276,0.277,0.274,0.274,81287.39
1760193000,0.275,0.277,0.274,0.275,146109.98
1760193900,0.275,0.277,0.275,0.277,62426.36
1760194800,0.278,0.279,0.277,0.279,127607.25
1760195700,0.279,0.28,0.277,0.278,68730.62
1760196600,0.278,0.278,0.277,0.277,51185.54
1760197500,0.277,0.278,0.277,0.278,49312.4
1760198400,0.278,0.28,0.276,0.28,76419.35
1760199300,0.28,0.28,0.277,0.279,27164.01
1760200200,0.278,0.278,0.276,0.276,40387.05
1760201100,0.276,0.278,0.276,0.278,48600.03
1760202000,0.278,0.279,0.277,0.278,40735.32
1760202900,0.279,0.28,0.277,0.279,106937.5
1760203800,0.279,0.28,0.277,0.278,41642.950000000004
1760204700,0.278,0.279,0.277,0.278,19305.2
1760205600,0.278,0.279,0.276,0.277,44221.68
1760206500,0.277,0.278,0.276,0.277,45704.97
1760207400,0.277,0.278,0.276,0.277,65856.87
1760208300,0.277,0.278,0.277,0.277,15253.31
1760209200,0.276,0.277,0.274,0.274,171443.0
1760210100,0.274,0.275,0.271,0.273,282010.84
1760211000,0.272,0.273,0.27,0.27,128227.12
1760211900,0.27,0.271,0.268,0.27,225241.62
1760212800,0.27,0.27,0.268,0.268,94885.58
1760213700,0.268,0.269,0.266,0.268,175796.57
1760214600,0.267,0.268,0.264,0.264,369776.88
1760215500,0.264,0.267,0.263,0.265,155790.8
1760216400,0.264,0.264,0.261,0.263,212810.74000000002
1760217300,0.263,0.27,0.263,0.268,216126.13
1760218200,0.268,0.268,0.266,0.267,59549.89
1760219100,0.267,0.269,0.267,0.269,24024.94
1760220000,0.269,0.269,0.268,0.268,13961.63
1760220900,0.268,0.27,0.268,0.27,40566.56
1760221800,0.27,0.271,0.269,0.27,27711.25
1760222700,0.271,0.271,0.27,0.27,8675.91
1760223600,0.27,0.271,0.27,0.27,7421.349999999999
1760224500,0.27,0.271,0.27,0.27,6808.61
1760225400,0.27,0.271,0.27,0.27,16750.82
1760226300,0.27,0.271,0.269,0.27,28524.47
1760227200,0.27,0.273,0.269,0.27,111006.78
1760228100,0.27,0.271,0.269,0.269,80019.45999999999
1760229000,0.269,0.271,0.269,0.269,37875.86
1760229900,0.269,0.269,0.267,0.267,74664.63
1760230800,0.267,0.27,0.267,0.27,55142.35
1760231700,0.27,0.27,0.268,0.269,32190.1
1760232600,0.269,0.269,0.268,0.269,74265.44
1760233500,0.269,0.271,0.268,0.268,71811.38
1760234400,0.267,0.268,0.266,0.268,86481.57
1760235300,0.268,0.271,0.268,0.27,85901.61
1760236200,0.271,0.271,0.269,0.269,60830.26
1760237100,0.269,0.27,0.267,0.27,15166.720000000001
1760238000,0.269,0.272,0.269,0.272,105906.94
1760238900,0.272,0.273,0.27,0.272,24008.96
1760239800,0.272,0.274,0.272,0.272,28394.78
1760240700,0.272,0.273,0.271,0.271,4373.14
1760241600,0.271,0.273,0.271,0.273,12249.859999999999
1760242500,0.273,0.276,0.273,0.275,89968.15
1760243400,0.275,0.275,0.273,0.274,14955.66
1760244300,0.274,0.274,0.274,0.274,16735.17
1760245200,0.274,0.274,0.273,0.274,23824.87
1760246100,0.274,0.275,0.273,0.274,36028.97
1760247000,0.274,0.275,0.274,0.274,37979.65
1760247900,0.274,0.275,0.274,0.274,13602.32
1760248800,0.274,0.275,0.273,0.274,24213.33
1760249700,0.275,0.277,0.274,0.276,59613.3
1760250600,0.275,0.276,0.275,0.275,44853.68
1760251500,0.276,0.276,0.274,0.275,12082.0
1760252400,0.275,0.276,0.274,0.275,10480.02
1760253300,0.275,0.276,0.275,0.276,20763.16
1760254200,0.275,0.276,0.274,0.276,3214.83
1760255100,0.276,0.277,0.276,0.277,2751.1
1760256000,0.277,0.277,0.277,0.277,2092.53
1760256900,0.277,0.277,0.276,0.277,973.5400000000001
1760257800,0.276,0.276,0.275,0.275,37889.64
1760258700,0.275,0.275,0.274,0.274,1776.9
1760259600,0.274,0.274,0.272,0.273,62506.37
1760260500,0.273,0.274,0.273,0.273,12088.85
1760261400,0.273,0.274,0.273,0.274,874.56
1760262300,0.274,0.276,0.274,0.276,19342.0
1760263200,0.276,0.277,0.274,0.274,44325.17
1760264100,0.274,0.275,0.273,0.275,51552.270000000004
1760265000,0.275,0.275,0.274,0.274,9144.89
1760265900,0.274,0.274,0.274,0.274,32381.780000000002
1760266800,0.274,0.276,0.274,0.276,24163.699999999997
1760267700,0.276,0.276,0.274,0.275,4748.54
1760268600,0.274,0.275,0.274,0.275,8047.21
1760269500,0.275,0.275,0.274,0.275,17073.7
1760270400,0.274,0.277,0.274,0.277,22789.98
1760271300,0.277,0.278,0.276,0.277,61360.16
1760272200,0.277,0.277,0.275,0.277,24054.82
1760273100,0.277,0.277,0.276,0.276,12243.46
1760274000,0.277,0.278,0.276,0.278,41059.18
1760274900,0.278,0.278,0.274,0.276,50966.48
1760275800,0.275,0.275,0.273,0.275,65466.62
1760276700,0.275,0.275,0.273,0.274,24547.98
1760277600,0.274,0.276,0.273,0.276,60312.28
1760278500,0.276,0.277,0.275,0.276,85365.38
1760279400,0.277,0.277,0.274,0.276,26692.54
1760280300,0.276,0.285,0.276,0.281,602542.4299999999
1760281200,0.282,0.287,0.282,0.287,164581.66
1760282100,0.286,0.289,0.284,0.288,182420.97
1760283000,0.287,0.287,0.284,0.286,54228.0
1760283900,0.286,0.289,0.286,0.289,61705.39
1760284800,0.288,0.293,0.288,0.292,222693.71
1760285700,0.292,0.293,0.29,0.292,131636.59
1760286600,0.292,0.294,0.291,0.294,104770.13
1760287500,0.295,0.296,0.292,0.293,80939.82
1760288400,0.293,0.294,0.293,0.294,126892.38
1760289300,0.294,0.296,0.293,0.295,26739.72
1760290200,0.295,0.295,0.294,0.295,31090.31
1760291100,0.295,0.296,0.293,0.294,14886.1
1760292000,0.294,0.296,0.294,0.295,31218.54
1760292900,0.295,0.295,0.294,0.295,6899.57
1760293800,0.295,0.295,0.291,0.291,33527.340000000004
1760294700,0.291,0.294,0.291,0.294,3777.15
1760295600,0.294,0.295,0.294,0.295,12585.47
1760296500,0.296,0.297,0.295,0.296,63542.62
1760297400,0.296,0.297,0.295,0.296,24756.45
1760298300,0.296,0.296,0.296,0.296,16239.550000000001
1760299200,0.297,0.297,0.296,0.297,72129.54
1760300100,0.297,0.298,0.296,0.298,8610.18
1760301000,0.297,0.297,0.297,0.297,26349.57
1760301900,0.298,0.299,0.295,0.296,53694.57
1760302800,0.296,0.298,0.296,0.298,43206.14
1760303700,0.297,0.297,0.294,0.294,37303.73
1760304600,0.295,0.295,0.292,0.293,62430.67
1760305500,0.294,0.295,0.293,0.295,15420.71
1760306400,0.295,0.297,0.293,0.295,54149.24
1760307300,0.295,0.295,0.293,0.293,30936.75
1760308200,0.293,0.295,0.293,0.293,37216.479999999996
1760309100,0.294,0.294,0.292,0.294,12721.56
1760310000,0.294,0.294,0.292,0.292,3005.94
1760310900,0.292,0.293,0.291,0.292,58527.159999999996
1760311800,0.293,0.294,0.292,0.292,7920.610000000001
1760312700,0.293,0.294,0.293,0.293,11664.98
1760313600,0.293,0.293,0.291,0.292,119530.95
1760314500,0.292,0.295,0.292,0.292,90770.33
1760315400,0.292,0.292,0.29,0.291,108990.33
1760316300,0.291,0.292,0.29,0.291,13091.5
1760317200,0.291,0.291,0.289,0.29,50909.61
1760318100,0.29,0.292,0.29,0.291,55525.32
1760319000,0.291,0.293,0.291,0.292,52927.73
1760319900,0.292,0.295,0.292,0.294,39966.49
1760320800,0.294,0.295,0.292,0.292,63089.72
1760321700,0.292,0.293,0.291,0.292,48287.6
1760322600,0.292,0.293,0.291,0.292,46376.54
1760323500,0.292,0.294,0.292,0.294,9072.47
1760324400,0.294,0.295,0.292,0.293,40105.86
1760325300,0.294,0.294,0.293,0.294,12753.679999999998
1760326200,0.294,0.294,0.291,0.292,51602.34
1760327100,0.292,0.293,0.292,0.292,68632.98
1760328000,0.292,0.293,0.292,0.292,24346.24
1760328900,0.291,0.292,0.291,0.291,25996.01
1760329800,0.292,0.293,0.291,0.292,38637.16
1760330700,0.292,0.294,0.292,0.293,29803.899999999998
1760331600,0.293,0.293,0.292,0.293,16757.53
1760332500,0.293,0.293,0.292,0.292,28461.03
1760333400,0.292,0.293,0.292,0.292,2911.2
1760334300,0.292,0.293,0.292,0.292,2413.25
1760335200,0.292,0.294,0.29,0.293,62268.450000000004
1760336100,0.293,0.295,0.293,0.295,30885.35
1760337000,0.294,0.296,0.294,0.295,93348.13
1760337900,0.295,0.295,0.295,0.295,9201.93
1760338800,0.296,0.298,0.295,0.297,54833.659999999996
1760339700,0.297,0.298,0.297,0.297,539.33
1760340600,0.297,0.299,0.297,0.299,40722.74
1760341500,0.298,0.298,0.295,0.296,65855.73
1760342400,0.297,0.298,0.296,0.298,25862.67
1760343300,0.298,0.299,0.298,0.298,14530.11
1760344200,0.299,0.301,0.299,0.3,112202.57
1760345100,0.3,0.3,0.298,0.3,36201.5
1760346000,0.3,0.3,0.297,0.298,32521.01
1760346900,0.298,0.299,0.298,0.298,32458.96
1760347800,0.298,0.301,0.298,0.3,36627.45
1760348700,0.3,0.301,0.3,0.3,7699.459999999999
1760349600,0.301,0.302,0.3,0.301,78294.95999999999
1760350500,0.3,0.301,0.299,0.3,19043.87
1760351400,0.3,0.3,0.298,0.3,7906.93
1760352300,0.3,0.3,0.299,0.3,8123.1
1760353200,0.3,0.3,0.295,0.298,117836.77
1760354100,0.298,0.298,0.291,0.291,191939.06
1760355000,0.291,0.296,0.291,0.295,125003.84
1760355900,0.295,0.295,0.294,0.294,13975.59
1760356800,0.295,0.297,0.292,0.297,82715.51
1760357700,0.297,0.297,0.294,0.295,55090.9
1760358600,0.294,0.298,0.294,0.296,43520.16
1760359500,0.296,0.298,0.294,0.294,55985.380000000005
1760360400,0.295,0.296,0.294,0.294,129784.78
1760361300,0.294,0.296,0.294,0.294,21441.84
1760362200,0.294,0.302,0.294,0.299,398903.71
1760363100,0.298,0.301,0.296,0.301,99275.55
1760364000,0.301,0.301,0.297,0.298,50809.45
1760364900,0.297,0.299,0.294,0.294,79382.20000000001
1760365800,0.294,0.298,0.292,0.297,142990.74
1760366700,0.297,0.297,0.292,0.294,56781.22
1760367600,0.294,0.298,0.294,0.297,81415.78
1760368500,0.297,0.299,0.296,0.298,92554.2
1760369400,0.298,0.299,0.297,0.297,19972.2
1760370300,0.297,0.3,0.297,0.298,30992.949999999997
1760371200,0.298,0.3,0.298,0.299,29804.26
1760372100,0.299,0.299,0.296,0.299,48359.03
1760373000,0.299,0.299,0.297,0.297,10960.84
1760373900,0.298,0.3,0.298,0.3,48066.950000000004
1760374800,0.3,0.303,0.3,0.3,138798.32
1760375700,0.301,0.302,0.299,0.301,17468.43
1760376600,0.3,0.302,0.3,0.3,43658.38
1760377500,0.3,0.305,0.3,0.305,121616.48999999999
1760378400,0.306,0.306,0.304,0.304,31954.53
1760379300,0.304,0.306,0.304,0.305,9112.5
1760380200,0.306,0.306,0.304,0.305,64463.659999999996
1760381100,0.305,0.305,0.303,0.304,13606.519999999999
1760382000,0.304,0.306,0.304,0.305,5523.69
1760382900,0.305,0.307,0.305,0.305,32869.01
1760383800,0.305,0.306,0.305,0.306,8643.41
1760384700,0.307,0.307,0.305,0.305,23390.18
1760385600,0.306,0.307,0.305,0.305,17526.64
1760386500,0.305,0.305,0.304,0.305,6696.8
1760387400,0.305,0.307,0.305,0.305,24490.210000000003
1760388300,0.305,0.307,0.305,0.307,7240.52
1760389200,0.307,0.308,0.306,0.306,19884.4
1760390100,0.307,0.307,0.307,0.307,6053.4
1760391000,0.306,0.307,0.306,0.307,3829.84
1760391900,0.307,0.307,0.306,0.306,139.38
1760392800,0.306,0.306,0.305,0.306,10802.5
1760393700,0.306,0.307,0.306,0.306,10264.04
1760394600,0.306,0.306,0.305,0.306,3780.36
1760395500,0.306,0.307,0.306,0.307,3786.13
1760396400,0.307,0.307,0.305,0.307,38652.79
1760397300,0.307,0.307,0.307,0.307,6312.56
1760398200,0.307,0.307,0.306,0.306,33989.96
1760399100,0.306,0.307,0.305,0.306,12947.53
1760400000,0.306,0.307,0.306,0.306,14312.5
1760400900,0.306,0.307,0.306,0.307,12261.170000000002
1760401800,0.307,0.307,0.306,0.306,24139.4
1760402700,0.306,0.306,0.304,0.305,25213.12
1760403600,0.305,0.305,0.304,0.304,104321.78
1760404500,0.304,0.305,0.303,0.304,13670.990000000002
1760405400,0.304,0.304,0.304,0.304,14152.949999999999
1760406300,0.304,0.305,0.304,0.304,29187.33
1760407200,0.303,0.303,0.302,0.302,23521.43
1760408100,0.302,0.303,0.301,0.302,119938.43000000001
1760409000,0.302,0.303,0.301,0.302,44993.36
1760409900,0.302,0.302,0.3,0.3,28349.670000000002
1760410800,0.3,0.301,0.298,0.299,95335.0
1760411700,0.3,0.3,0.297,0.297,89785.59
1760412600,0.298,0.3,0.298,0.299,24999.91
1760413500,0.299,0.3,0.298,0.299,10402.26
1760414400,0.299,0.3,0.296,0.298,65336.66
1760415300,0.297,0.298,0.297,0.298,58428.060000000005
1760416200,0.298,0.298,0.295,0.295,61363.450000000004
1760417100,0.295,0.297,0.293,0.295,108352.33
1760418000,0.294,0.296,0.294,0.296,17805.89
1760418900,0.296,0.296,0.294,0.294,19561.910000000003
1760419800,0.294,0.294,0.29,0.29,109571.79999999999
1760420700,0.291,0.293,0.29,0.291,75272.26
1760421600,0.291,0.293,0.291,0.291,35982.49
1760422500,0.291,0.291,0.288,0.289,114961.47
1760423400,0.289,0.29,0.284,0.285,184798.83
1760424300,0.285,0.288,0.279,0.286,356232.42
1760425200,0.286,0.287,0.285,0.286,67208.45
1760426100,0.286,0.288,0.286,0.287,35381.659999999996
1760427000,0.287,0.287,0.283,0.286,56104.61
1760427900,0.284,0.286,0.284,0.285,14757.61
1760428800,0.285,0.286,0.282,0.286,77134.84
1760429700,0.286,0.286,0.284,0.285,31550.25
1760430600,0.285,0.288,0.285,0.288,35469.51
1760431500,0.288,0.288,0.286,0.287,10633.65
1760432400,0.286,0.287,0.286,0.287,14023.43
1760433300,0.286,0.288,0.286,0.288,13718.880000000001
1760434200,0.288,0.289,0.288,0.288,23991.920000000002
1760435100,0.288,0.288,0.286,0.287,37778.55
1760436000,0.287,0.287,0.285,0.285,62956.69
1760436900,0.284,0.285,0.282,0.284,79127.42
1760437800,0.284,0.286,0.281,0.284,159158.72
1760438700,0.284,0.285,0.282,0.285,23405.640000000003
1760439600,0.285,0.288,0.285,0.288,82166.06
1760440500,0.288,0.289,0.287,0.288,36054.630000000005
1760441400,0.288,0.289,0.287,0.288,46705.67
1760442300,0.288,0.289,0.287,0.288,36689.91
1760443200,0.287,0.288,0.286,0.288,17874.670000000002
1760444100,0.288,0.288,0.285,0.286,29828.35
1760445000,0.286,0.286,0.284,0.284,24627.690000000002
1760445900,0.284,0.285,0.282,0.283,122929.31
1760446800,0.283,0.285,0.283,0.284,53835.07
1760447700,0.283,0.286,0.283,0.286,28631.28
1760448600,0.285,0.287,0.281,0.284,89817.21
1760449500,0.285,0.289,0.285,0.287,105387.55
1760450400,0.286,0.288,0.286,0.288,36856.78
1760451300,0.289,0.292,0.289,0.29,111765.89
1760452200,0.289,0.291,0.288,0.291,43775.47
1760453100,0.291,0.293,0.288,0.288,80348.94
1760454000,0.288,0.29,0.288,0.288,15429.8
1760454900,0.288,0.29,0.287,0.289,19360.39
1760455800,0.289,0.292,0.289,0.292,48103.909999999996
1760456700,0.293,0.296,0.293,0.296,133847.44
1760457600,0.296,0.296,0.294,0.296,41766.67
1760458500,0.296,0.301,0.296,0.298,180002.25
1760459400,0.298,0.298,0.295,0.297,36095.979999999996
1760460300,0.297,0.298,0.295,0.295,29919.04
1760461200,0.295,0.3,0.292,0.3,151556.53
1760462100,0.298,0.299,0.298,0.298,55741.34
1760463000,0.298,0.299,0.296,0.297,33627.91
1760463900,0.298,0.299,0.297,0.297,29050.559999999998
1760464800,0.297,0.3,0.297,0.3,5286.04
1760465700,0.3,0.3,0.298,0.299,14773.419999999998
1760466600,0.299,0.299,0.296,0.296,16573.71
1760467500,0.296,0.298,0.296,0.297,18841.260000000002
1760468400,0.297,0.298,0.297,0.298,5886.92
1760469300,0.297,0.299,0.297,0.298,14793.25
1760470200,0.298,0.299,0.293,0.294,123634.62
1760471100,0.293,0.297,0.293,0.297,31766.02
1760472000,0.297,0.297,0.294,0.295,23302.600000000002
1760472900,0.295,0.297,0.295,0.296,6129.93
1760473800,0.296,0.297,0.295,0.297,14669.169999999998
1760474700,0.297,0.297,0.296,0.296,8238.52
1760475600,0.297,0.297,0.295,0.295,25772.1
1760476500,0.295,0.296,0.295,0.296,33205.44
1760477400,0.296,0.296,0.295,0.295,20786.08
1760478300,0.296,0.298,0.296,0.297,82927.11
1760479200,0.298,0.3,0.298,0.299,176511.18
1760480100,0.299,0.3,0.298,0.299,147211.05000000002
1760481000,0.299,0.299,0.298,0.299,37059.0
1760481900,0.298,0.298,0.298,0.298,14592.789999999999
1760482800,0.299,0.299,0.298,0.299,563.0799999999999
1760483700,0.299,0.299,0.299,0.299,0.0
1760484600,0.299,0.3,0.299,0.3,19461.649999999998
1760485500,0.3,0.3,0.299,0.299,19084.89
1760486400,0.299,0.299,0.298,0.298,1728.0900000000001
1760487300,0.298,0.299,0.297,0.298,14661.42
1760488200,0.298,0.299,0.298,0.298,11675.380000000001
1760489100,0.299,0.3,0.298,0.299,10152.43
1760490000,0.299,0.299,0.296,0.298,18246.37
1760490900,0.298,0.299,0.297,0.297,14572.86
1760491800,0.298,0.299,0.298,0.298,77617.44
1760492700,0.298,0.301,0.298,0.299,24951.16
1760493600,0.299,0.301,0.299,0.301,103617.96
1760494500,0.302,0.303,0.301,0.303,76275.16
1760495400,0.303,0.304,0.301,0.301,44709.83
1760496300,0.302,0.302,0.301,0.301,44290.200000000004
1760497200,0.3,0.302,0.299,0.3,38788.7
1760498100,0.299,0.3,0.298,0.299,24896.94
1760499000,0.3,0.3,0.297,0.298,68049.92
1760499900,0.298,0.299,0.297,0.299,24664.25
1760500800,0.299,0.299,0.298,0.299,31299.96
1760501700,0.299,0.3,0.299,0.3,30404.08
1760502600,0.3,0.3,0.298,0.299,37404.85
1760503500,0.299,0.301,0.299,0.301,15620.28
1760504400,0.301,0.302,0.3,0.302,48086.270000000004
1760505300,0.302,0.302,0.3,0.3,227.22
1760506200,0.3,0.301,0.299,0.301,35017.18
1760507100,0.301,0.302,0.301,0.301,30113.940000000002
1760508000,0.301,0.302,0.299,0.299,158748.05
1760508900,0.3,0.3,0.297,0.297,87487.89
1760509800,0.298,0.3,0.297,0.3,51168.32
1760510700,0.3,0.3,0.299,0.3,33182.13
1760511600,0.3,0.301,0.298,0.299,55626.630000000005
1760512500,0.3,0.3,0.298,0.298,21556.18
1760513400,0.299,0.3,0.298,0.299,35795.16
1760514300,0.299,0.3,0.298,0.3,18299.05
1760515200,0.299,0.301,0.299,0.301,43119.92
1760516100,0.301,0.302,0.301,0.302,41059.97
1760517000,0.303,0.305,0.303,0.303,99620.63
1760517900,0.303,0.303,0.301,0.301,12288.15
1760518800,0.301,0.301,0.3,0.3,17141.16
1760519700,0.3,0.3,0.298,0.299,52602.23
1760520600,0.298,0.3,0.298,0.298,35607.49
1760521500,0.298,0.299,0.297,0.297,24395.95
1760522400,0.297,0.299,0.297,0.298,6458.83
1760523300,0.298,0.299,0.297,0.297,52658.84
1760524200,0.297,0.298,0.296,0.297,3653.68
1760525100,0.297,0.298,0.297,0.297,1225.67
1760526000,0.297,0.298,0.297,0.297,7242.98
1760526900,0.297,0.297,0.295,0.296,57907.96
1760527800,0.296,0.297,0.295,0.297,6564.36
1760528700,0.297,0.297,0.295,0.295,2840.12
1760529600,0.295,0.296,0.295,0.295,11317.6
1760530500,0.295,0.295,0.292,0.292,108105.56
1760531400,0.292,0.293,0.292,0.293,17361.29
1760532300,0.293,0.294,0.293,0.293,12669.1
1760533200,0.293,0.293,0.291,0.292,35329.77
1760534100,0.291,0.291,0.29,0.291,30952.37
1760535000,0.29,0.293,0.29,0.291,123695.57
1760535900,0.292,0.292,0.288,0.292,150977.24
1760536800,0.292,0.295,0.291,0.294,102240.40999999999
1760537700,0.294,0.294,0.293,0.294,14959.82
1760538600,0.294,0.294,0.29,0.291,47057.82
1760539500,0.291,0.291,0.289,0.29,77315.7
1760540400,0.29,0.292,0.288,0.289,66250.24
1760541300,0.29,0.291,0.288,0.289,42617.35
1760542200,0.289,0.289,0.287,0.288,61357.09
1760543100,0.288,0.288,0.286,0.287,32105.83
1760544000,0.287,0.287,0.286,0.287,48692.740000000005
1760544900,0.287,0.288,0.285,0.286,72780.33
1760545800,0.286,0.288,0.286,0.287,21455.86
1760546700,0.286,0.289,0.286,0.286,18806.78
1760547600,0.286,0.286,0.284,0.285,56360.08
1760548500,0.285,0.286,0.284,0.285,35334.53
1760549400,0.285,0.286,0.284,0.285,12160.710000000001
1760550300,0.286,0.287,0.286,0.287,25043.91
1760551200,0.287,0.287,0.285,0.285,8582.21
1760552100,0.286,0.287,0.285,0.287,36768.64
1760553000,0.287,0.287,0.286,0.286,26212.37
1760553900,0.285,0.288,0.285,0.288,12361.11
1760554800,0.288,0.288,0.285,0.285,20144.06
1760555700,0.285,0.287,0.285,0.287,1967.53
1760556600,0.286,0.287,0.285,0.285,9330.3
1760557500,0.285,0.286,0.283,0.284,62888.56
1760558400,0.284,0.285,0.284,0.285,17623.64
1760559300,0.285,0.286,0.284,0.284,11438.730000000001
1760560200,0.283,0.284,0.28,0.284,236401.55
1760561100,0.284,0.284,0.283,0.283,48787.229999999996
1760562000,0.283,0.283,0.28,0.282,49463.310000000005
1760562900,0.282,0.284,0.28,0.284,39398.79
1760563800,0.284,0.285,0.283,0.284,45960.96
1760564700,0.284,0.284,0.282,0.282,27400.04
1760565600,0.282,0.285,0.282,0.285,7267.7
1760566500,0.284,0.285,0.283,0.284,17104.15
1760567400,0.284,0.285,0.284,0.285,12692.99
1760568300,0.285,0.285,0.282,0.283,25218.27
1760569200,0.283,0.284,0.283,0.284,12690.2
1760570100,0.284,0.285,0.284,0.284,18021.190000000002
1760571000,0.284,0.286,0.284,0.285,16710.46
1760571900,0.284,0.285,0.284,0.284,11506.42
1760572800,0.284,0.284,0.283,0.284,38090.67
1760573700,0.283,0.286,0.283,0.285,20118.33
1760574600,0.285,0.285,0.284,0.284,24404.96
1760575500,0.284,0.285,0.284,0.284,9446.96
1760576400,0.284,0.287,0.284,0.286,56280.76
1760577300,0.286,0.286,0.285,0.286,27192.9
1760578200,0.286,0.286,0.286,0.286,12283.61
1760579100,0.286,0.288,0.286,0.287,43342.72
1760580000,0.286,0.288,0.286,0.286,16308.4
1760580900,0.286,0.287,0.286,0.287,2198.8599999999997
1760581800,0.287,0.287,0.285,0.285,14250.12
1760582700,0.285,0.286,0.285,0.286,600.0
1760583600,0.286,0.287,0.286,0.287,62.1
1760584500,0.286,0.287,0.286,0.287,12885.75
1760585400,0.286,0.286,0.285,0.286,11955.09
1760586300,0.286,0.286,0.286,0.286,1061.37
1760587200,0.286,0.288,0.286,0.288,13633.1
1760588100,0.288,0.288,0.287,0.287,15451.73
1760589000,0.286,0.287,0.286,0.286,12581.07
1760589900,0.286,0.286,0.284,0.285,8083.150000000001
1760590800,0.285,0.286,0.285,0.286,1059.31
1760591700,0.286,0.286,0.284,0.284,966.5899999999999
1760592600,0.284,0.286,0.284,0.286,270.53999999999996
1760593500,0.286,0.287,0.284,0.285,38273.24
1760594400,0.285,0.286,0.285,0.286,10325.22
1760595300,0.286,0.287,0.285,0.287,15160.62
1760596200,0.287,0.288,0.287,0.287,21008.48
1760597100,0.287,0.288,0.287,0.288,63588.45
1760598000,0.288,0.289,0.286,0.288,42198.35
1760598900,0.288,0.288,0.285,0.286,14847.32
1760599800,0.286,0.287,0.285,0.286,12979.08
1760600700,0.286,0.287,0.286,0.286,11974.06
1760601600,0.286,0.287,0.286,0.287,34358.96
1760602500,0.287,0.287,0.285,0.285,14848.03
1760603400,0.285,0.285,0.284,0.285,33264.520000000004
1760604300,0.284,0.285,0.284,0.285,9917.41
1760605200,0.285,0.285,0.284,0.285,38796.55
1760606100,0.285,0.286,0.285,0.285,7637.81
1760607000,0.284,0.285,0.277,0.284,516343.76
1760607900,0.285,0.289,0.284,0.287,303862.67
1760608800,0.287,0.289,0.287,0.289,20658.8
1760609700,0.289,0.29,0.288,0.289,59557.130000000005
1760610600,0.289,0.289,0.287,0.287,26929.9
1760611500,0.287,0.289,0.287,0.288,2866.3399999999997
1760612400,0.288,0.289,0.288,0.289,6453.02
1760613300,0.289,0.289,0.288,0.288,28347.48
1760614200,0.288,0.289,0.287,0.288,21151.47
1760615100,0.288,0.289,0.288,0.289,5025.1
1760616000,0.289,0.29,0.289,0.289,26371.489999999998
1760616900,0.289,0.29,0.288,0.288,20846.449999999997
1760617800,0.289,0.291,0.289,0.29,41863.99
1760618700,0.29,0.291,0.289,0.29,23948.81
1760619600,0.29,0.29,0.288,0.289,18718.66
1760620500,0.289,0.289,0.288,0.289,108479.47
1760621400,0.289,0.291,0.288,0.289,44868.14
1760622300,0.289,0.289,0.286,0.287,27337.18
1760623200,0.287,0.287,0.284,0.285,62078.29
1760624100,0.285,0.285,0.282,0.283,103691.77
1760625000,0.283,0.288,0.283,0.288,106994.08
1760625900,0.288,0.288,0.284,0.284,49384.81
1760626800,0.284,0.285,0.282,0.285,49636.73
1760627700,0.285,0.285,0.281,0.282,31920.2
1760628600,0.282,0.283,0.279,0.28,100838.83
1760629500,0.279,0.279,0.275,0.276,191675.64
1760630400,0.276,0.278,0.273,0.277,250443.12
1760631300,0.277,0.277,0.275,0.276,57562.9
1760632200,0.276,0.28,0.274,0.278,94635.92
1760633100,0.278,0.283,0.277,0.283,131611.19
1760634000,0.283,0.283,0.28,0.281,53442.23
1760634900,0.281,0.282,0.28,0.28,10903.55
1760635800,0.282,0.282,0.28,0.28,15841.949999999999
1760636700,0.28,0.28,0.279,0.279,18722.37
1760637600,0.279,0.279,0.276,0.277,83543.36
1760638500,0.277,0.277,0.277,0.277,14499.050000000001
1760639400,0.277,0.279,0.276,0.278,33502.64
1760640300,0.278,0.279,0.277,0.278,42732.76
1760641200,0.278,0.278,0.276,0.277,44153.97
1760642100,0.276,0.277,0.274,0.275,119724.49
1760643000,0.274,0.274,0.272,0.273,131515.91
1760643900,0.273,0.276,0.272,0.274,30243.1
1760644800,0.275,0.275,0.273,0.275,26608.9
1760645700,0.275,0.275,0.273,0.274,8002.650000000001
1760646600,0.273,0.273,0.27,0.272,133673.41999999998
1760647500,0.272,0.274,0.271,0.272,22576.260000000002
1760648400,0.272,0.274,0.272,0.274,8690.93
1760649300,0.273,0.274,0.272,0.274,9024.28
1760650200,0.274,0.275,0.274,0.274,13243.759999999998
1760651100,0.275,0.275,0.273,0.275,983.38
1760652000,0.275,0.275,0.274,0.274,9681.64
1760652900,0.274,0.274,0.273,0.274,573.5
1760653800,0.274,0.274,0.272,0.274,7457.09
1760654700,0.274,0.274,0.272,0.273,12573.460000000001
1760655600,0.272,0.274,0.271,0.274,21023.9
1760656500,0.274,0.275,0.273,0.274,20872.91
1760657400,0.274,0.274,0.274,0.274,1578.3400000000001
1760658300,0.274,0.275,0.274,0.274,23261.05
1760659200,0.274,0.277,0.274,0.275,127953.48
1760660100,0.275,0.276,0.274,0.275,21733.420000000002
1760661000,0.275,0.277,0.274,0.274,29739.43
1760661900,0.274,0.275,0.273,0.274,37368.200000000004
1760662800,0.274,0.277,0.274,0.276,89535.66
1760663700,0.276,0.276,0.274,0.275,54814.51
1760664600,0.275,0.276,0.273,0.274,15452.14
1760665500,0.274,0.275,0.273,0.273,11352.09
1760666400,0.273,0.274,0.273,0.273,59579.81
1760667300,0.273,0.273,0.272,0.272,73699.4
1760668200,0.272,0.274,0.272,0.274,34416.91
1760669100,0.274,0.276,0.274,0.274,32578.309999999998
1760670000,0.276,0.276,0.274,0.275,14523.7
1760670900,0.275,0.276,0.275,0.275,1068.8500000000001
1760671800,0.275,0.276,0.275,0.276,8309.75
1760672700,0.276,0.276,0.276,0.276,622.3499999999999
1760673600,0.276,0.276,0.275,0.276,704.25
1760674500,0.276,0.276,0.275,0.275,1880.56
1760675400,0.275,0.276,0.275,0.275,8604.03
1760676300,0.275,0.276,0.275,0.275,5337.5
1760677200,0.275,0.275,0.275,0.275,1117.43
1760678100,0.275,0.276,0.274,0.276,9812.83
1760679000,0.276,0.276,0.273,0.273,48416.79
1760679900,0.273,0.274,0.273,0.273,29775.64
1760680800,0.273,0.275,0.273,0.273,6719.93
1760681700,0.273,0.274,0.27,0.271,52878.24
1760682600,0.271,0.271,0.266,0.267,314695.52
1760683500,0.269,0.269,0.265,0.267,120156.52
1760684400,0.266,0.267,0.263,0.264,334678.63
1760685300,0.264,0.265,0.262,0.263,168148.91
1760686200,0.263,0.263,0.261,0.262,198882.72999999998
1760687100,0.262,0.264,0.26,0.261,97975.48
1760688000,0.261,0.262,0.26,0.26,99555.29
1760688900,0.26,0.262,0.258,0.26,235283.97
1760689800,0.26,0.263,0.26,0.26,43445.71
1760690700,0.26,0.261,0.259,0.26,68769.16
1760691600,0.26,0.262,0.259,0.261,39377.29
1760692500,0.261,0.263,0.261,0.262,31643.44
1760693400,0.262,0.267,0.262,0.265,155843.0
1760694300,0.265,0.265,0.263,0.263,48179.49
1760695200,0.264,0.265,0.262,0.263,27205.33
1760696100,0.263,0.263,0.26,0.261,63843.700000000004
1760697000,0.261,0.264,0.261,0.261,41093.68
1760697900,0.262,0.264,0.262,0.264,15929.48
1760698800,0.264,0.269,0.263,0.269,121942.97
1760699700,0.268,0.27,0.268,0.27,136395.12
1760700600,0.269,0.27,0.267,0.268,77138.31
1760701500,0.268,0.269,0.267,0.269,33751.82
1760702400,0.268,0.271,0.267,0.268,55166.48
1760703300,0.268,0.269,0.268,0.268,34414.3
1760704200,0.268,0.268,0.267,0.268,4717.37
1760705100,0.267,0.268,0.266,0.267,42420.950000000004
1760706000,0.267,0.267,0.266,0.266,35370.770000000004
1760706900,0.266,0.267,0.265,0.265,7123.2699999999995
1760707800,0.265,0.268,0.264,0.264,24530.280000000002
1760708700,0.265,0.268,0.263,0.267,81799.02
1760709600,0.267,0.267,0.265,0.266,21119.71
1760710500,0.266,0.266,0.264,0.264,8289.83
1760711400,0.264,0.265,0.262,0.264,55927.24
1760712300,0.265,0.266,0.264,0.264,26183.35
1760713200,0.265,0.265,0.264,0.264,25773.2
1760714100,0.264,0.266,0.264,0.265,12112.400000000001
1760715000,0.265,0.266,0.264,0.265,21267.129999999997
1760715900,0.265,0.268,0.265,0.268,21432.510000000002
1760716800,0.268,0.271,0.267,0.269,109846.13
1760717700,0.269,0.27,0.268,0.268,3487.93
1760718600,0.269,0.269,0.267,0.267,16704.14
1760719500,0.267,0.268,0.266,0.267,7742.87
1760720400,0.267,0.268,0.267,0.268,743.54
1760721300,0.268,0.268,0.266,0.267,11952.0
1760722200,0.267,0.267,0.266,0.267,2263.77
1760723100,0.267,0.268,0.267,0.268,9393.82
1760724000,0.268,0.268,0.267,0.267,625.46
1760724900,0.267,0.27,0.267,0.27,13038.880000000001
1760725800,0.27,0.27,0.269,0.269,282.68
1760726700,0.269,0.269,0.268,0.268,12640.39
1760727600,0.268,0.27,0.268,0.269,126.44
1760728500,0.269,0.269,0.268,0.269,6654.77
1760729400,0.268,0.268,0.266,0.267,11763.58
1760730300,0.267,0.269,0.267,0.269,4468.97
1760731200,0.269,0.269,0.268,0.268,2518.4
1760732100,0.268,0.27,0.268,0.27,43136.65
1760733000,0.27,0.27,0.27,0.27,10691.75
1760733900,0.27,0.27,0.269,0.27,2586.72
1760734800,0.269,0.272,0.269,0.271,55259.18
1760735700,0.271,0.271,0.27,0.271,14795.07
1760736600,0.271,0.271,0.27,0.271,3039.91
1760737500,0.271,0.271,0.27,0.271,4974.37
1760738400,0.271,0.272,0.27,0.271,38828.78999999999
1760739300,0.271,0.271,0.271,0.271,5199.299999999999
1760740200,0.271,0.271,0.27,0.27,7927.53
1760741100,0.27,0.27,0.27,0.27,2322.07
1760742000,0.27,0.27,0.268,0.268,78495.26
1760742900,0.268,0.269,0.268,0.269,27.98
1760743800,0.269,0.269,0.268,0.268,20650.579999999998
1760744700,0.268,0.269,0.268,0.269,894.59
1760745600,0.268,0.269,0.267,0.268,64658.35
1760746500,0.269,0.27,0.269,0.27,84445.04
1760747400,0.27,0.271,0.27,0.27,19054.260000000002
1760748300,0.27,0.27,0.27,0.27,0.0
1760749200,0.27,0.271,0.27,0.27,1313.46
1760750100,0.27,0.273,0.27,0.272,128264.17
1760751000,0.272,0.272,0.271,0.272,6773.54
1760751900,0.272,0.273,0.271,0.273,40609.24
1760752800,0.273,0.273,0.271,0.271,64574.219999999994
1760753700,0.272,0.273,0.271,0.272,38499.29
1760754600,0.272,0.273,0.271,0.271,20844.97
1760755500,0.271,0.271,0.27,0.27,1292.87
1760756400,0.27,0.271,0.27,0.271,32490.58
1760757300,0.271,0.272,0.271,0.271,13257.35
1760758200,0.271,0.272,0.271,0.272,276.47
1760759100,0.272,0.272,0.271,0.271,3768.0699999999997
1760760000,0.271,0.271,0.269,0.269,49820.67
1760760900,0.269,0.269,0.269,0.269,3457.5
1760761800,0.269,0.27,0.269,0.269,329.29
1760762700,0.269,0.269,0.269,0.269,0.0
1760763600,0.269,0.27,0.269,0.269,3590.32
1760764500,0.269,0.27,0.269,0.27,382.38
1760765400,0.27,0.27,0.269,0.27,6112.97
1760766300,0.27,0.27,0.27,0.27,15775.109999999999
1760767200,0.27,0.272,0.27,0.271,86706.64
1760768100,0.271,0.271,0.271,0.271,11853.58
1760769000,0.271,0.271,0.27,0.27,836.47
1760769900,0.27,0.271,0.27,0.271,8682.18
1760770800,0.271,0.275,0.271,0.273,142310.49000000002
1760771700,0.274,0.274,0.272,0.272,9803.9
1760772600,0.273,0.274,0.271,0.273,32900.3
1760773500,0.273,0.274,0.271,0.271,11764.42
1760774400,0.271,0.272,0.271,0.271,9757.140000000001
1760775300,0.271,0.272,0.271,0.272,3584.94
1760776200,0.271,0.272,0.27,0.27,1792.6599999999999
1760777100,0.27,0.271,0.27,0.27,23534.02
1760778000,0.27,0.27,0.27,0.27,14567.24
1760778900,0.27,0.272,0.27,0.271,9102.42
1760779800,0.271,0.272,0.271,0.271,7367.43
1760780700,0.271,0.272,0.271,0.271,18328.48
1760781600,0.271,0.272,0.271,0.271,9617.72
1760782500,0.271,0.272,0.27,0.271,2977.35
1760783400,0.271,0.272,0.271,0.272,232.73999999999998
1760784300,0.272,0.273,0.271,0.271,77581.53
1760785200,0.271,0.272,0.271,0.272,11945.71
1760786100,0.272,0.272,0.271,0.271,8065.71
1760787000,0.271,0.271,0.271,0.271,856.41
1760787900,0.271,0.272,0.271,0.272,942.4100000000001
1760788800,0.271,0.272,0.271,0.272,2228.42
1760789700,0.272,0.272,0.271,0.272,21561.75
1760790600,0.271,0.272,0.271,0.271,4413.5599999999995
1760791500,0.271,0.272,0.27,0.272,18596.84
1760792400,0.271,0.271,0.27,0.27,12761.380000000001
1760793300,0.27,0.27,0.269,0.27,44184.33
1760794200,0.27,0.27,0.268,0.268,38024.93
1760795100,0.268,0.27,0.268,0.269,29535.38
1760796000,0.268,0.269,0.266,0.267,70381.79
1760796900,0.267,0.268,0.267,0.268,6756.759999999999
1760797800,0.267,0.27,0.267,0.268,13023.2
1760798700,0.268,0.269,0.268,0.269,37073.600000000006
1760799600,0.269,0.27,0.268,0.268,3867.58
1760800500,0.268,0.269,0.268,0.268,389.39
1760801400,0.268,0.268,0.267,0.267,14543.97
1760802300,0.267,0.267,0.267,0.267,10067.470000000001
1760803200,0.267,0.268,0.266,0.266,8676.130000000001
1760804100,0.266,0.266,0.266,0.266,40613.37
1760805000,0.266,0.266,0.265,0.265,773.85
1760805900,0.265,0.267,0.265,0.266,17903.929999999997
1760806800,0.267,0.267,0.267,0.267,4800.13
1760807700,0.268,0.269,0.267,0.269,3344.69
1760808600,0.269,0.27,0.269,0.269,73008.19
1760809500,0.269,0.269,0.268,0.269,7986.71
1760810400,0.269,0.27,0.269,0.269,22565.03
1760811300,0.269,0.269,0.268,0.269,4937.97
1760812200,0.269,0.27,0.269,0.269,2922.9700000000003
1760813100,0.269,0.269,0.269,0.269,7102.11
1760814000,0.269,0.269,0.268,0.268,12100.74
1760814900,0.268,0.27,0.268,0.269,6818.14
1760815800,0.269,0.269,0.269,0.269,6887.610000000001
1760816700,0.269,0.27,0.269,0.27,2996.38
1760817600,0.27,0.271,0.27,0.27,6590.839999999999
1760818500,0.27,0.27,0.27,0.27,3011.34
1760819400,0.271,0.271,0.269,0.269,3553.08
1760820300,0.27,0.27,0.27,0.27,4995.11
1760821200,0.27,0.27,0.269,0.269,1583.02
1760822100,0.269,0.269,0.268,0.269,2597.02
1760823000,0.269,0.27,0.269,0.269,9307.67
1760823900,0.269,0.27,0.269,0.27,9194.09
1760824800,0.27,0.271,0.27,0.271,412.81
1760825700,0.271,0.271,0.27,0.271,6763.93
1760826600,0.271,0.271,0.27,0.27,104.11
1760827500,0.27,0.271,0.269,0.269,18322.079999999998
1760828400,0.27,0.27,0.27,0.27,3732.97
1760829300,0.27,0.27,0.269,0.27,395.70000000000005
1760830200,0.27,0.27,0.269,0.269,6618.12
1760831100,0.269,0.27,0.269,0.269,5000.77
1760832000,0.269,0.27,0.269,0.269,32079.11
1760832900,0.269,0.269,0.269,0.269,276.57
1760833800,0.268,0.268,0.267,0.267,41687.67
1760834700,0.267,0.268,0.267,0.267,6134.61
1760835600,0.267,0.268,0.267,0.268,19870.660000000003
1760836500,0.268,0.268,0.267,0.268,5033.639999999999
1760837400,0.268,0.268,0.267,0.268,6608.15
1760838300,0.268,0.268,0.268,0.268,2129.53
1760839200,0.268,0.269,0.268,0.269,74.34
1760840100,0.269,0.269,0.268,0.269,31142.21
1760841000,0.269,0.269,0.268,0.268,7365.66
1760841900,0.268,0.268,0.268,0.268,285.07
1760842800,0.268,0.268,0.268,0.268,282.08
1760843700,0.268,0.269,0.268,0.269,5147.27
1760844600,0.269,0.27,0.269,0.27,10673.69
1760845500,0.27,0.27,0.27,0.27,9181.529999999999
1760846400,0.27,0.271,0.269,0.27,6193.639999999999
1760847300,0.27,0.27,0.269,0.269,13155.21
1760848200,0.268,0.27,0.268,0.269,136915.3
1760849100,0.269,0.269,0.268,0.268,3056.17
1760850000,0.268,0.269,0.268,0.269,10463.46
1760850900,0.269,0.27,0.269,0.269,1639.2199999999998
1760851800,0.269,0.269,0.269,0.269,7162.65
1760852700,0.269,0.269,0.269,0.269,751.99
1760853600,0.269,0.269,0.268,0.269,2312.89
1760854500,0.269,0.269,0.267,0.268,3019.15
1760855400,0.268,0.268,0.266,0.267,9043.55
1760856300,0.267,0.268,0.267,0.267,3544.19
1760857200,0.267,0.268,0.267,0.267,167.43
1760858100,0.267,0.268,0.267,0.268,18.96
1760859000,0.268,0.268,0.267,0.267,2082.31
1760859900,0.267,0.268,0.267,0.268,4705.7
1760860800,0.268,0.269,0.267,0.268,976.02
1760861700,0.268,0.271,0.267,0.269,65578.2
1760862600,0.269,0.269,0.267,0.267,9735.05
1760863500,0.267,0.268,0.267,0.268,12094.92
1760864400,0.268,0.268,0.266,0.266,11629.08
1760865300,0.266,0.268,0.266,0.266,13516.32
1760866200,0.266,0.27,0.265,0.269,10017.2
1760867100,0.269,0.273,0.269,0.271,76178.20999999999
1760868000,0.271,0.272,0.27,0.27,14636.18
1760868900,0.27,0.276,0.27,0.274,214202.08000000002
1760869800,0.274,0.274,0.274,0.274,19787.67
1760870700,0.274,0.275,0.274,0.274,16521.34
1760871600,0.274,0.277,0.274,0.276,139114.1
1760872500,0.277,0.277,0.275,0.275,3765.49
1760873400,0.275,0.276,0.275,0.275,11222.57
1760874300,0.275,0.276,0.275,0.276,14521.51
1760875200,0.276,0.276,0.273,0.273,34182.71
1760876100,0.273,0.274,0.273,0.274,5769.16
1760877000,0.274,0.275,0.273,0.273,53634.83
1760877900,0.273,0.274,0.273,0.274,22654.11
1760878800,0.274,0.274,0.274,0.274,10904.45
1760879700,0.274,0.276,0.274,0.275,19502.0
1760880600,0.275,0.277,0.275,0.276,15894.11
1760881500,0.276,0.279,0.276,0.278,151872.95
1760882400,0.278,0.279,0.276,0.278,87914.59
1760883300,0.278,0.28,0.278,0.279,53057.829999999994
1760884200,0.279,0.279,0.277,0.277,33675.85
1760885100,0.277,0.279,0.277,0.278,6007.639999999999
1760886000,0.278,0.279,0.277,0.278,19003.52
1760886900,0.278,0.279,0.278,0.278,1522.99
1760887800,0.279,0.279,0.278,0.278,3700.7
1760888700,0.277,0.279,0.277,0.278,2197.21
1760889600,0.278,0.278,0.277,0.278,1970.0
1760890500,0.278,0.278,0.276,0.277,7147.11
1760891400,0.277,0.279,0.276,0.279,12091.42
1760892300,0.279,0.279,0.278,0.279,8374.640000000001
1760893200,0.279,0.281,0.278,0.28,75912.99
1760894100,0.28,0.28,0.279,0.279,12753.25
1760895000,0.279,0.279,0.277,0.278,11483.23
1760895900,0.278,0.278,0.277,0.277,17593.440000000002
1760896800,0.277,0.278,0.277,0.278,777.02
1760897700,0.278,0.278,0.277,0.277,6255.879999999999
1760898600,0.277,0.279,0.277,0.278,1180.27
1760899500,0.278,0.279,0.278,0.279,2200.63
1760900400,0.279,0.28,0.277,0.278,22425.6
1760901300,0.279,0.279,0.278,0.278,1851.86
1760902200,0.278,0.279,0.278,0.278,616.64
1760903100,0.278,0.279,0.278,0.278,477.53999999999996
1760904000,0.278,0.279,0.278,0.279,2497.24
1760904900,0.279,0.279,0.278,0.278,4015.2200000000003
1760905800,0.279,0.279,0.277,0.278,4187.55
1760906700,0.278,0.278,0.278,0.278,293.82
1760907600,0.278,0.278,0.277,0.278,11696.68
1760908500,0.278,0.278,0.277,0.277,16776.25
1760909400,0.277,0.277,0.277,0.277,1775.37
1760910300,0.277,0.278,0.277,0.278,6737.45
1760911200,0.278,0.279,0.278,0.279,26514.04
1760912100,0.279,0.279,0.278,0.278,2705.5099999999998
1760913000,0.278,0.278,0.278,0.278,0.0
1760913900,0.278,0.279,0.277,0.277,9055.88
1760914800,0.277,0.278,0.276,0.277,19123.399999999998
1760915700,0.277,0.277,0.276,0.276,24417.42
1760916600,0.276,0.276,0.276,0.276,2971.64
1760917500,0.276,0.276,0.275,0.276,456.29
1760918400,0.276,0.276,0.275,0.276,2290.99
1760919300,0.275,0.275,0.272,0.273,110216.92
1760920200,0.272,0.274,0.272,0.273,66920.4
1760921100,0.273,0.274,0.273,0.274,18329.52
1760922000,0.275,0.275,0.274,0.275,73121.84
1760922900,0.274,0.274,0.274,0.274,7748.0199999999995
1760923800,0.274,0.274,0.274,0.274,3060.6
1760924700,0.274,0.274,0.273,0.273,38999.369999999995
1760925600,0.273,0.273,0.272,0.272,4145.719999999999
1760926500,0.272,0.274,0.272,0.274,5929.36
1760927400,0.274,0.274,0.273,0.274,10357.91
1760928300,0.275,0.276,0.275,0.275,32445.829999999998
1760929200,0.275,0.275,0.274,0.275,25134.170000000002
1760930100,0.275,0.275,0.275,0.275,18583.61
1760931000,0.275,0.277,0.275,0.277,28729.64
1760931900,0.277,0.282,0.277,0.281,310385.68
1760932800,0.282,0.282,0.28,0.281,87401.21
1760933700,0.282,0.282,0.28,0.281,24622.12
1760934600,0.28,0.281,0.28,0.281,8236.630000000001
1760935500,0.281,0.281,0.28,0.281,2144.74
1760936400,0.281,0.281,0.279,0.28,18648.65
1760937300,0.28,0.281,0.279,0.28,19284.87
1760938200,0.28,0.281,0.279,0.28,4165.09
1760939100,0.28,0.281,0.28,0.281,15359.54
1760940000,0.28,0.281,0.279,0.281,19485.190000000002
1760940900,0.281,0.282,0.281,0.281,22322.879999999997
1760941800,0.282,0.282,0.281,0.282,43207.16
1760942700,0.282,0.283,0.281,0.282,34345.15
1760943600,0.281,0.282,0.28,0.282,14638.109999999999
1760944500,0.282,0.283,0.281,0.282,34690.07
1760945400,0.282,0.282,0.281,0.282,1568.0500000000002
1760946300,0.282,0.282,0.28,0.282,72480.23999999999
1760947200,0.282,0.282,0.281,0.281,2073.2999999999997
1760948100,0.281,0.282,0.281,0.281,9897.810000000001
1760949000,0.281,0.283,0.281,0.281,21695.3
1760949900,0.281,0.282,0.28,0.28,4688.31
1760950800,0.28,0.282,0.279,0.281,32110.239999999998
1760951700,0.281,0.281,0.279,0.279,12236.22
1760952600,0.279,0.28,0.279,0.28,14744.6
1760953500,0.28,0.281,0.28,0.281,10894.41
1760954400,0.281,0.281,0.28,0.281,437.90000000000003
1760955300,0.281,0.283,0.281,0.282,20212.77
1760956200,0.282,0.282,0.28,0.28,26560.84
1760957100,0.28,0.28,0.278,0.279,4309.98
1760958000,0.279,0.28,0.279,0.279,13469.92
1760958900,0.279,0.28,0.279,0.28,4584.92
1760959800,0.28,0.28,0.279,0.279,5536.08
1760960700,0.28,0.28,0.279,0.28,632.22
1760961600,0.28,0.28,0.279,0.28,20629.85
1760962500,0.279,0.28,0.279,0.28,13671.919999999998
1760963400,0.281,0.281,0.28,0.28,18147.95
1760964300,0.279,0.28,0.279,0.279,20312.34
1760965200,0.28,0.281,0.28,0.28,30200.45
1760966100,0.28,0.28,0.279,0.28,2540.5699999999997
1760967000,0.28,0.282,0.28,0.281,47086.76
1760967900,0.282,0.282,0.282,0.282,5155.200000000001
1760968800,0.282,0.282,0.28,0.281,18658.86
1760969700,0.281,0.281,0.279,0.281,12123.19
1760970600,0.281,0.281,0.28,0.28,1983.3000000000002
1760971500,0.28,0.281,0.28,0.281,6915.6
1760972400,0.281,0.282,0.28,0.28,25627.77
1760973300,0.28,0.28,0.279,0.279,18881.140000000003
1760974200,0.279,0.28,0.279,0.28,1778.02
1760975100,0.28,0.28,0.278,0.278,7490.36
1760976000,0.278,0.278,0.274,0.278,163810.85
1760976900,0.278,0.279,0.278,0.278,20989.02
1760977800,0.277,0.277,0.276,0.277,15640.29
1760978700,0.276,0.276,0.275,0.276,8325.97
1760979600,0.276,0.277,0.275,0.276,15033.889999999998
1760980500,0.275,0.276,0.275,0.275,20512.78
1760981400,0.275,0.276,0.275,0.276,7651.45
1760982300,0.276,0.277,0.275,0.276,2958.9100000000003
1760983200,0.276,0.277,0.276,0.277,1391.51
1760984100,0.276,0.276,0.275,0.276,7498.08
1760985000,0.276,0.276,0.276,0.276,151.98
1760985900,0.276,0.276,0.276,0.276,18020.87
1760986800,0.276,0.276,0.275,0.276,4776.23
1760987700,0.276,0.276,0.275,0.276,4365.9
1760988600,0.276,0.277,0.276,0.277,7723.4400000000005
1760989500,0.277,0.278,0.277,0.278,34074.29
1760990400,0.278,0.278,0.277,0.278,13861.410000000002
1760991300,0.278,0.279,0.277,0.279,20345.29
1760992200,0.278,0.278,0.278,0.278,16294.92
1760993100,0.278,0.279,0.278,0.279,12343.96
1760994000,0.279,0.279,0.279,0.279,4978.73
1760994900,0.279,0.279,0.278,0.279,2256.1099999999997
1760995800,0.279,0.279,0.277,0.279,15810.9
1760996700,0.279,0.279,0.278,0.278,5754.55
1760997600,0.278,0.278,0.278,0.278,6715.77
1760998500,0.278,0.278,0.277,0.277,237.85000000000002
1760999400,0.277,0.279,0.277,0.279,18315.2
1761000300,0.279,0.28,0.278,0.278,5490.380000000001
1761001200,0.278,0.278,0.277,0.278,10308.94
1761002100,0.278,0.278,0.278,0.278,59.74
1761003000,0.278,0.278,0.277,0.278,11364.12
1761003900,0.278,0.278,0.276,0.277,1058.0
1761004800,0.277,0.277,0.276,0.277,468.89
1761005700,0.277,0.277,0.276,0.277,7167.0
1761006600,0.277,0.277,0.276,0.276,787.14
1761007500,0.276,0.277,0.276,0.277,5153.75
1761008400,0.277,0.277,0.274,0.275,55124.35
1761009300,0.275,0.276,0.274,0.276,15377.289999999999
1761010200,0.276,0.276,0.274,0.274,189.72
1761011100,0.274,0.274,0.273,0.273,39142.84
1761012000,0.273,0.274,0.272,0.273,40129.95
1761012900,0.273,0.273,0.272,0.273,73844.08
1761013800,0.273,0.273,0.272,0.273,44540.62
1761014700,0.272,0.272,0.271,0.272,18314.2
1761015600,0.272,0.272,0.272,0.272,1328.81
1761016500,0.272,0.272,0.272,0.272,113.18
1761017400,0.271,0.272,0.271,0.272,22829.899999999998
1761018300,0.272,0.272,0.27,0.27,212518.25
1761019200,0.27,0.271,0.268,0.269,214309.94
1761020100,0.269,0.269,0.268,0.269,8799.029999999999
1761021000,0.269,0.269,0.268,0.268,46926.579999999994
1761021900,0.268,0.268,0.267,0.267,148950.45
1761022800,0.267,0.267,0.266,0.266,7655.45
1761023700,0.266,0.268,0.266,0.267,35053.97
1761024600,0.268,0.268,0.267,0.268,28537.71
1761025500,0.267,0.268,0.267,0.268,1617.8400000000001
1761026400,0.268,0.268,0.267,0.267,1663.1100000000001
1761027300,0.268,0.27,0.267,0.269,78759.72
1761028200,0.269,0.27,0.268,0.27,314.69
1761029100,0.27,0.27,0.269,0.27,373.99
1761030000,0.269,0.27,0.268,0.268,2980.4700000000003
1761030900,0.268,0.27,0.268,0.269,6733.51
1761031800,0.27,0.271,0.27,0.27,12170.970000000001
1761032700,0.27,0.271,0.27,0.27,1089.0
1761033600,0.27,0.27,0.269,0.269,1004.3000000000001
1761034500,0.269,0.269,0.268,0.268,517.29
1761035400,0.268,0.268,0.267,0.267,9695.900000000001
1761036300,0.267,0.269,0.267,0.269,11811.41
1761037200,0.269,0.269,0.267,0.269,2780.3
1761038100,0.269,0.269,0.267,0.269,2954.58
1761039000,0.269,0.269,0.269,0.269,0.0
1761039900,0.269,0.269,0.268,0.268,4979.33
1761040800,0.268,0.27,0.268,0.269,3989.74
1761041700,0.269,0.27,0.269,0.269,265.06
1761042600,0.269,0.27,0.269,0.27,1619.5700000000002
1761043500,0.27,0.272,0.27,0.271,16909.57
1761044400,0.271,0.271,0.27,0.27,3932.61
1761045300,0.271,0.271,0.27,0.27,581.66
1761046200,0.27,0.271,0.27,0.27,4438.259999999999
1761047100,0.27,0.272,0.27,0.272,9351.710000000001
1761048000,0.272,0.272,0.271,0.271,20617.52
1761048900,0.271,0.274,0.271,0.272,50910.35
1761049800,0.272,0.274,0.272,0.274,14278.89
1761050700,0.274,0.274,0.272,0.272,12476.0
1761051600,0.272,0.272,0.271,0.272,13495.670000000002
1761052500,0.272,0.273,0.272,0.272,10735.52
1761053400,0.272,0.274,0.272,0.272,40648.37
1761054300,0.272,0.272,0.27,0.271,13802.24
1761055200,0.272,0.276,0.272,0.276,208302.09
1761056100,0.276,0.279,0.275,0.276,120410.99
1761057000,0.276,0.277,0.276,0.277,8469.939999999999
1761057900,0.276,0.283,0.276,0.282,450060.22000000003
1761058800,0.282,0.285,0.281,0.284,175658.22
1761059700,0.284,0.287,0.283,0.286,111959.23
1761060600,0.286,0.286,0.282,0.286,137164.12
1761061500,0.286,0.287,0.284,0.285,43270.38
1761062400,0.285,0.286,0.284,0.286,67650.33
1761063300,0.286,0.287,0.285,0.286,25403.809999999998
1761064200,0.286,0.286,0.284,0.286,38185.11
1761065100,0.285,0.287,0.282,0.282,34528.9
1761066000,0.283,0.285,0.282,0.284,29639.15
1761066900,0.284,0.284,0.281,0.283,74481.67
1761067800,0.283,0.284,0.282,0.283,107071.75000000001
1761068700,0.285,0.285,0.282,0.282,7830.2
1761069600,0.283,0.284,0.281,0.282,9610.05
1761070500,0.282,0.282,0.281,0.282,16038.51
1761071400,0.282,0.282,0.28,0.281,18998.26
1761072300,0.281,0.282,0.281,0.281,4888.410000000001
1761073200,0.281,0.282,0.28,0.281,14138.66
1761074100,0.281,0.281,0.28,0.28,10031.44
1761075000,0.28,0.282,0.28,0.281,8355.79
1761075900,0.281,0.281,0.281,0.281,8791.2
1761076800,0.281,0.281,0.279,0.28,14710.15
1761077700,0.28,0.28,0.277,0.278,71361.23
1761078600,0.278,0.279,0.277,0.277,25604.34
1761079500,0.277,0.278,0.276,0.277,28881.97
1761080400,0.277,0.278,0.277,0.278,17481.0
1761081300,0.278,0.278,0.274,0.275,136074.36
1761082200,0.275,0.276,0.274,0.276,15206.68
1761083100,0.276,0.277,0.276,0.277,8536.14
1761084000,0.277,0.277,0.275,0.275,14629.18
1761084900,0.275,0.276,0.274,0.274,70716.71
1761085800,0.274,0.274,0.272,0.273,232103.69
1761086700,0.273,0.273,0.271,0.272,35347.14
1761087600,0.271,0.272,0.271,0.272,6471.99
1761088500,0.272,0.272,0.271,0.272,15429.17
1761089400,0.271,0.271,0.268,0.27,295220.18
1761090300,0.27,0.271,0.27,0.27,22947.72
1761091200,0.269,0.271,0.269,0.271,39109.08
1761092100,0.271,0.271,0.269,0.269,8086.56
1761093000,0.27,0.27,0.268,0.269,116010.93
1761093900,0.269,0.269,0.268,0.268,11272.83
1761094800,0.268,0.271,0.268,0.269,13568.46
1761095700,0.269,0.269,0.268,0.268,14243.759999999998
1761096600,0.268,0.268,0.267,0.268,33789.96
1761097500,0.268,0.27,0.268,0.269,11210.04
1761098400,0.269,0.27,0.268,0.27,22259.15
1761099300,0.27,0.27,0.269,0.269,19380.23
1761100200,0.269,0.269,0.269,0.269,3192.46
1761101100,0.269,0.27,0.269,0.27,813.68
1761102000,0.269,0.269,0.268,0.268,9327.08
1761102900,0.268,0.269,0.268,0.269,4044.45
1761103800,0.269,0.269,0.268,0.268,16428.9
1761104700,0.268,0.27,0.268,0.269,7192.169999999999
1761105600,0.269,0.271,0.269,0.27,3309.37
1761106500,0.27,0.27,0.27,0.27,6231.15
1761107400,0.27,0.272,0.27,0.27,10117.669999999998
1761108300,0.271,0.271,0.271,0.271,13412.11
1761109200,0.271,0.271,0.27,0.27,2409.66
1761110100,0.27,0.27,0.267,0.269,65278.909999999996
1761111000,0.268,0.269,0.267,0.269,28440.129999999997
1761111900,0.269,0.269,0.268,0.269,3114.2
1761112800,0.269,0.27,0.268,0.269,28080.14
1761113700,0.269,0.269,0.268,0.268,10505.87
1761114600,0.268,0.269,0.268,0.269,758.58
1761115500,0.269,0.269,0.268,0.269,12986.369999999999
1761116400,0.268,0.268,0.266,0.266,47094.13
1761117300,0.267,0.268,0.267,0.268,8339.7
1761118200,0.268,0.269,0.267,0.268,14552.14
1761119100,0.268,0.27,0.268,0.269,21734.489999999998
1761120000,0.268,0.268,0.267,0.267,18931.76
1761120900,0.267,0.269,0.267,0.268,13716.03
1761121800,0.268,0.268,0.268,0.268,11940.39
1761122700,0.269,0.269,0.269,0.269,14515.25
1761123600,0.268,0.268,0.267,0.267,23462.21
1761124500,0.267,0.268,0.266,0.268,50935.97
1761125400,0.267,0.269,0.266,0.266,33960.96
1761126300,0.266,0.267,0.266,0.267,21031.03
1761127200,0.267,0.268,0.266,0.268,23609.03
1761128100,0.268,0.268,0.266,0.268,38123.13
1761129000,0.268,0.268,0.267,0.267,20213.59
1761129900,0.267,0.268,0.267,0.267,6847.68
1761130800,0.267,0.27,0.264,0.269,105186.33
1761131700,0.269,0.271,0.269,0.271,27693.12
1761132600,0.271,0.273,0.271,0.271,169190.23
1761133500,0.271,0.272,0.27,0.271,60332.07
1761134400,0.271,0.271,0.27,0.27,17896.91
1761135300,0.271,0.272,0.271,0.272,33498.07
1761136200,0.272,0.272,0.272,0.272,15984.359999999999
1761137100,0.272,0.272,0.271,0.272,5392.59
1761138000,0.272,0.273,0.271,0.272,7289.55
1761138900,0.272,0.272,0.271,0.272,2519.53
1761139800,0.271,0.272,0.27,0.272,51895.01
1761140700,0.272,0.275,0.271,0.275,19783.7
1761141600,0.274,0.274,0.272,0.272,19560.02
1761142500,0.273,0.273,0.27,0.271,13589.3
1761143400,0.271,0.272,0.27,0.27,25900.420000000002
1761144300,0.271,0.274,0.27,0.274,35423.82
1761145200,0.275,0.275,0.272,0.272,16526.96
1761146100,0.273,0.273,0.271,0.272,28941.29
1761147000,0.272,0.274,0.271,0.274,2233.06
1761147900,0.274,0.275,0.274,0.274,5448.37
1761148800,0.274,0.274,0.272,0.272,10137.86
1761149700,0.272,0.273,0.271,0.273,39106.75
1761150600,0.273,0.273,0.27,0.272,22933.16
1761151500,0.272,0.274,0.272,0.272,11680.45
1761152400,0.272,0.272,0.271,0.271,5487.7699999999995
1761153300,0.271,0.272,0.27,0.27,14670.269999999999
1761154200,0.27,0.271,0.269,0.269,2994.79
1761155100,0.269,0.269,0.268,0.269,27472.43
1761156000,0.269,0.27,0.268,0.268,2548.6
1761156900,0.268,0.27,0.268,0.268,25479.9
1761157800,0.269,0.269,0.267,0.268,10828.529999999999
1761158700,0.268,0.268,0.267,0.268,5574.52
1761159600,0.268,0.27,0.268,0.269,20846.37
1761160500,0.269,0.271,0.269,0.27,10239.289999999999
1761161400,0.27,0.271,0.269,0.269,14856.81
1761162300,0.269,0.27,0.267,0.269,20251.51
1761163200,0.269,0.27,0.269,0.269,10182.02
1761164100,0.269,0.269,0.267,0.267,16837.149999999998
1761165000,0.267,0.269,0.267,0.268,52004.65
1761165900,0.268,0.269,0.266,0.266,11441.82
1761166800,0.266,0.266,0.26,0.263,253333.27
1761167700,0.262,0.264,0.262,0.263,15805.47
1761168600,0.263,0.265,0.263,0.264,16529.42
1761169500,0.264,0.264,0.264,0.264,244.37
1761170400,0.264,0.266,0.264,0.265,7264.54
1761171300,0.264,0.265,0.263,0.264,31267.19
1761172200,0.264,0.265,0.264,0.265,8029.41
1761173100,0.264,0.265,0.264,0.264,13929.3
1761174000,0.264,0.266,0.264,0.265,17546.99
1761174900,0.266,0.269,0.266,0.269,93936.75
1761175800,0.269,0.269,0.269,0.269,40770.83
1761176700,0.269,0.27,0.269,0.27,2524.8
1761177600,0.27,0.27,0.269,0.269,2511.97
1761178500,0.269,0.269,0.268,0.268,504.33
1761179400,0.268,0.269,0.268,0.269,16494.66
1761180300,0.269,0.269,0.268,0.269,165.67
1761181200,0.269,0.27,0.268,0.269,363.38
1761182100,0.269,0.269,0.269,0.269,100.0
1761183000,0.268,0.269,0.267,0.268,65129.46
1761183900,0.268,0.269,0.267,0.267,26052.98
1761184800,0.267,0.268,0.267,0.267,4872.86
1761185700,0.268,0.269,0.268,0.269,26370.11
1761186600,0.269,0.269,0.268,0.269,22067.03
1761187500,0.268,0.269,0.268,0.269,21210.9
1761188400,0.268,0.269,0.268,0.269,81.42
1761189300,0.269,0.269,0.269,0.269,1261.0
1761190200,0.269,0.269,0.268,0.268,7330.97
1761191100,0.268,0.268,0.268,0.268,1348.0
1761192000,0.268,0.268,0.267,0.268,11277.44
1761192900,0.268,0.269,0.268,0.269,25157.61
1761193800,0.269,0.269,0.268,0.269,8410.61
1761194700,0.27,0.27,0.27,0.27,318.76
1761195600,0.27,0.27,0.269,0.27,43503.159999999996
1761196500,0.27,0.27,0.27,0.27,10943.51
1761197400,0.27,0.27,0.269,0.269,113.56
1761198300,0.269,0.271,0.269,0.271,34716.4
1761199200,0.271,0.271,0.27,0.271,3629.93
1761200100,0.271,0.274,0.271,0.274,189226.03
1761201000,0.273,0.273,0.272,0.272,10706.93
1761201900,0.272,0.273,0.272,0.273,10021.2
1761202800,0.273,0.273,0.272,0.272,6886.25
1761203700,0.272,0.273,0.271,0.271,1107.3700000000001
1761204600,0.271,0.272,0.271,0.272,11155.55
1761205500,0.272,0.273,0.272,0.273,1496.8400000000001
1761206400,0.273,0.273,0.272,0.273,10470.57
1761207300,0.273,0.274,0.272,0.272,13825.439999999999
1761208200,0.272,0.273,0.272,0.273,5367.92
1761209100,0.273,0.273,0.272,0.272,15645.769999999999
1761210000,0.272,0.272,0.272,0.272,1301.84
1761210900,0.272,0.273,0.271,0.273,17392.420000000002
1761211800,0.273,0.273,0.271,0.271,1633.56
1761212700,0.271,0.272,0.271,0.272,281.91
1761213600,0.272,0.273,0.272,0.273,1900.3700000000001
1761214500,0.273,0.273,0.272,0.272,10448.07
1761215400,0.273,0.273,0.272,0.272,13730.960000000001
1761216300,0.272,0.273,0.271,0.272,57478.479999999996
1761217200,0.271,0.271,0.271,0.271,2439.59
1761218100,0.271,0.272,0.271,0.272,13076.76
1761219000,0.272,0.272,0.27,0.271,9152.73
1761219900,0.271,0.271,0.27,0.27,96678.84999999999
1761220800,0.271,0.271,0.268,0.269,60269.49
1761221700,0.269,0.27,0.268,0.27,32492.129999999997
1761222600,0.27,0.27,0.269,0.269,1103.71
1761223500,0.27,0.27,0.269,0.27,19645.059999999998
1761224400,0.27,0.27,0.269,0.269,34611.05
1761225300,0.27,0.27,0.269,0.27,61614.25
1761226200,0.27,0.272,0.27,0.271,213425.99
1761227100,0.271,0.271,0.27,0.27,14979.61
1761228000,0.271,0.271,0.27,0.27,18329.66
1761228900,0.269,0.27,0.268,0.269,71813.25
1761229800,0.27,0.271,0.27,0.27,12207.5
1761230700,0.27,0.271,0.27,0.271,115.44
1761231600,0.271,0.273,0.27,0.273,57943.29
1761232500,0.273,0.274,0.271,0.272,23008.620000000003
1761233400,0.272,0.274,0.272,0.272,6372.33
1761234300,0.272,0.273,0.272,0.272,13110.71
1761235200,0.272,0.274,0.272,0.273,19100.84
1761236100,0.273,0.273,0.272,0.272,1849.15
1761237000,0.272,0.273,0.272,0.273,222.57999999999998
1761237900,0.273,0.275,0.273,0.275,76510.8
1761238800,0.274,0.275,0.273,0.273,14783.76
1761239700,0.273,0.274,0.273,0.274,25385.54
1761240600,0.274,0.278,0.274,0.277,65057.770000000004
1761241500,0.277,0.278,0.276,0.278,11409.11
1761242400,0.276,0.278,0.275,0.275,14691.73
1761243300,0.276,0.276,0.275,0.275,3834.0
1761244200,0.275,0.275,0.274,0.275,1019.39
1761245100,0.275,0.275,0.273,0.275,4666.14
1761246000,0.275,0.275,0.273,0.275,23931.84
1761246900,0.274,0.274,0.273,0.274,11179.59
1761247800,0.274,0.274,0.273,0.274,9059.35
1761248700,0.275,0.275,0.273,0.273,1698.1299999999999
1761249600,0.273,0.274,0.273,0.274,1858.71
1761250500,0.274,0.274,0.273,0.274,939.1400000000001
1761251400,0.274,0.274,0.273,0.273,2446.61
1761252300,0.273,0.273,0.272,0.273,18198.04
1761253200,0.272,0.273,0.272,0.273,653.39
1761254100,0.273,0.273,0.272,0.272,1139.54
1761255000,0.272,0.272,0.271,0.271,11557.689999999999
1761255900,0.272,0.272,0.271,0.271,109.73
1761256800,0.271,0.272,0.271,0.271,9914.009999999998
1761257700,0.271,0.272,0.271,0.271,750.1
1761258600,0.271,0.273,0.271,0.273,868.6899999999999
1761259500,0.273,0.273,0.272,0.272,340.4
1761260400,0.272,0.273,0.272,0.273,5624.88
1761261300,0.272,0.273,0.272,0.273,8465.9
1761262200,0.272,0.272,0.271,0.272,363.26
1761263100,0.272,0.274,0.272,0.274,5401.719999999999
1761264000,0.274,0.274,0.273,0.274,7110.389999999999
1761264900,0.274,0.275,0.274,0.274,17294.690000000002
1761265800,0.274,0.275,0.273,0.275,4799.4400000000005
1761266700,0.275,0.275,0.274,0.274,9874.71
1761267600,0.274,0.275,0.274,0.274,5738.53
1761268500,0.274,0.274,0.273,0.273,2340.17
1761269400,0.273,0.274,0.273,0.274,9201.76
1761270300,0.274,0.274,0.274,0.274,10984.869999999999
1761271200,0.274,0.274,0.274,0.274,12782.67
1761272100,0.274,0.274,0.273,0.273,75.05
1761273000,0.273,0.273,0.273,0.273,8007.240000000001
1761273900,0.273,0.274,0.273,0.274,655.28
1761274800,0.274,0.274,0.273,0.274,38386.799999999996
1761275700,0.274,0.274,0.273,0.273,2671.42
1761276600,0.273,0.274,0.273,0.274,12710.67
1761277500,0.274,0.274,0.273,0.273,16026.46
1761278400,0.273,0.274,0.273,0.274,727.62
1761279300,0.274,0.275,0.274,0.275,17829.46
1761280200,0.275,0.277,0.275,0.277,19946.309999999998
1761281100,0.277,0.278,0.277,0.277,24293.49
1761282000,0.278,0.28,0.277,0.279,128217.27
1761282900,0.279,0.279,0.278,0.279,2229.18
1761283800,0.279,0.279,0.277,0.278,9801.73
1761284700,0.278,0.279,0.277,0.278,84061.64000000001
1761285600,0.278,0.278,0.276,0.278,19007.59
1761286500,0.277,0.278,0.277,0.278,4503.43
1761287400,0.278,0.279,0.277,0.278,12951.12
1761288300,0.278,0.278,0.277,0.278,7426.610000000001
1761289200,0.278,0.278,0.277,0.277,9346.69
1761290100,0.277,0.277,0.277,0.277,0.0
1761291000,0.277,0.277,0.276,0.276,6257.63
1761291900,0.275,0.276,0.275,0.276,8081.129999999999
1761292800,0.277,0.277,0.276,0.277,9425.58
1761293700,0.276,0.276,0.275,0.276,7946.080000000001
1761294600,0.276,0.277,0.275,0.277,4179.23
1761295500,0.277,0.277,0.276,0.277,5388.65
1761296400,0.277,0.277,0.277,0.277,84.94
1761297300,0.276,0.277,0.276,0.276,8169.55
1761298200,0.276,0.277,0.275,0.276,11021.94
1761299100,0.276,0.277,0.276,0.277,10733.46
1761300000,0.276,0.277,0.276,0.277,13682.07
1761300900,0.277,0.277,0.275,0.276,7722.23
1761301800,0.276,0.276,0.276,0.276,336.64
1761302700,0.275,0.275,0.275,0.275,8962.54
1761303600,0.274,0.275,0.274,0.275,10688.039999999999
1761304500,0.275,0.275,0.274,0.274,37189.939999999995
1761305400,0.274,0.275,0.273,0.274,27550.54
1761306300,0.274,0.275,0.273,0.274,7502.85
1761307200,0.274,0.275,0.274,0.275,1715.0200000000002
1761308100,0.275,0.275,0.273,0.274,18463.170000000002
1761309000,0.275,0.28,0.275,0.277,135147.28
1761309900,0.277,0.277,0.276,0.276,24997.22
1761310800,0.276,0.276,0.275,0.276,1102.49
1761311700,0.276,0.276,0.275,0.275,10682.380000000001
1761312600,0.275,0.276,0.273,0.274,39787.47
1761313500,0.274,0.274,0.273,0.274,21988.91
1761314400,0.274,0.274,0.273,0.273,6034.3
1761315300,0.273,0.273,0.271,0.271,88405.92
1761316200,0.271,0.271,0.27,0.271,9663.42
1761317100,0.271,0.271,0.27,0.27,2581.5499999999997
1761318000,0.271,0.272,0.27,0.272,38402.35
1761318900,0.272,0.273,0.271,0.272,20381.440000000002
1761319800,0.272,0.272,0.27,0.27,25059.47
1761320700,0.27,0.271,0.269,0.27,99203.4
1761321600,0.27,0.27,0.269,0.27,903.01
1761322500,0.27,0.271,0.27,0.27,15928.24
1761323400,0.27,0.27,0.269,0.269,18818.739999999998
1761324300,0.269,0.271,0.269,0.27,25730.25
1761325200,0.27,0.271,0.27,0.271,4577.15
1761326100,0.27,0.272,0.27,0.271,3745.58
1761327000,0.271,0.272,0.271,0.272,7226.0599999999995
1761327900,0.272,0.272,0.271,0.271,59478.47
1761328800,0.271,0.272,0.271,0.272,12297.24
1761329700,0.272,0.273,0.272,0.272,3592.25
1761330600,0.272,0.273,0.272,0.272,4558.92
1761331500,0.273,0.273,0.272,0.273,6467.13
1761332400,0.273,0.274,0.273,0.273,19930.53
1761333300,0.273,0.274,0.273,0.274,2379.34
1761334200,0.274,0.274,0.274,0.274,395.25
1761335100,0.274,0.275,0.274,0.274,14698.49
1761336000,0.274,0.275,0.274,0.274,2486.41
1761336900,0.274,0.275,0.274,0.275,14799.039999999999
1761337800,0.275,0.276,0.275,0.275,5980.93
1761338700,0.275,0.275,0.275,0.275,8562.54
1761339600,0.275,0.275,0.275,0.275,13164.75
1761340500,0.275,0.276,0.274,0.275,6559.12
1761341400,0.275,0.275,0.274,0.275,1982.86
1761342300,0.275,0.275,0.275,0.275,7448.38
1761343200,0.275,0.276,0.275,0.276,1531.8200000000002
1761344100,0.276,0.276,0.276,0.276,57.86
1761345000,0.276,0.276,0.276,0.276,446.23
1761345900,0.276,0.276,0.275,0.275,681.49
1761346800,0.275,0.276,0.275,0.276,213.04999999999998
1761347700,0.276,0.276,0.275,0.275,3977.13
1761348600,0.275,0.276,0.275,0.275,436.90999999999997
1761349500,0.275,0.276,0.275,0.275,4397.92
1761350400,0.275,0.276,0.275,0.276,12047.93
1761351300,0.276,0.276,0.275,0.275,563.59
1761352200,0.275,0.276,0.275,0.275,16180.080000000002
1761353100,0.275,0.276,0.275,0.275,4367.219999999999
1761354000,0.275,0.277,0.275,0.277,403.48
1761354900,0.277,0.277,0.275,0.276,6057.380000000001
1761355800,0.276,0.277,0.275,0.276,9417.27
1761356700,0.276,0.276,0.275,0.276,2971.7
1761357600,0.276,0.277,0.275,0.275,17713.5
1761358500,0.275,0.275,0.275,0.275,919.08
1761359400,0.275,0.277,0.275,0.277,3672.41
1761360300,0.277,0.277,0.276,0.277,4253.54
1761361200,0.277,0.277,0.275,0.276,725.13
1761362100,0.276,0.277,0.276,0.276,3148.1
1761363000,0.276,0.276,0.276,0.276,0.0
1761363900,0.276,0.276,0.274,0.276,1624.34
1761364800,0.276,0.276,0.274,0.274,5058.65
1761365700,0.274,0.276,0.274,0.276,445.27
1761366600,0.274,0.276,0.274,0.274,571.9200000000001
1761367500,0.274,0.274,0.274,0.274,0.0
1761368400,0.274,0.275,0.274,0.274,11666.63
1761369300,0.273,0.274,0.273,0.274,1671.69
1761370200,0.274,0.274,0.273,0.273,166.2
1761371100,0.273,0.273,0.273,0.273,0.0
1761372000,0.273,0.274,0.273,0.273,12356.67
1761372900,0.273,0.274,0.272,0.274,1612.95
1761373800,0.274,0.274,0.272,0.272,2609.4300000000003
1761374700,0.272,0.272,0.272,0.272,193.82
1761375600,0.272,0.272,0.272,0.272,0.0
1761376500,0.274,0.274,0.273,0.274,3734.9
1761377400,0.274,0.275,0.273,0.275,5799.39
1761378300,0.275,0.275,0.273,0.273,525.9
1761379200,0.273,0.274,0.273,0.274,2020.24
1761380100,0.274,0.275,0.273,0.274,13507.140000000001
1761381000,0.274,0.275,0.274,0.275,43.86
1761381900,0.275,0.275,0.273,0.274,2046.1399999999999
1761382800,0.274,0.275,0.273,0.275,1698.6299999999999
1761383700,0.275,0.275,0.274,0.274,2720.23
1761384600,0.274,0.274,0.273,0.274,838.27
1761385500,0.274,0.274,0.273,0.273,6887.88
1761386400,0.273,0.273,0.271,0.271,25320.17
1761387300,0.271,0.273,0.271,0.273,134.32
1761388200,0.273,0.273,0.273,0.273,0.0
1761389100,0.273,0.274,0.271,0.272,14086.66
1761390000,0.272,0.272,0.272,0.272,269.53
1761390900,0.272,0.272,0.271,0.271,798.9100000000001
1761391800,0.271,0.273,0.271,0.273,1163.54
1761392700,0.273,0.273,0.271,0.271,29506.65
1761393600,0.271,0.273,0.271,0.273,183.3
1761394500,0.273,0.273,0.273,0.273,498.68
1761395400,0.273,0.274,0.272,0.273,4753.98
1761396300,0.273,0.273,0.272,0.272,3128.6
1761397200,0.272,0.272,0.271,0.271,2395.57
1761398100,0.271,0.273,0.271,0.272,8332.14
1761399000,0.272,0.273,0.271,0.271,11479.23
1761399900,0.271,0.273,0.271,0.271,5193.32
1761400800,0.271,0.273,0.271,0.273,1000.0
1761401700,0.273,0.273,0.272,0.272,6961.080000000001
1761402600,0.272,0.273,0.271,0.273,37063.270000000004
1761403500,0.273,0.273,0.273,0.273,600.0
1761404400,0.273,0.273,0.272,0.273,364.78
1761405300,0.273,0.273,0.273,0.273,280.0
1761406200,0.273,0.273,0.272,0.273,4815.639999999999
1761407100,0.273,0.273,0.271,0.271,6512.9400000000005
1761408000,0.271,0.273,0.271,0.273,1084.9
1761408900,0.272,0.273,0.271,0.271,2114.95
1761409800,0.271,0.273,0.271,0.273,10840.720000000001
1761410700,0.273,0.273,0.271,0.272,2432.4700000000003
1761411600,0.272,0.272,0.271,0.272,1587.6999999999998
1761412500,0.272,0.272,0.272,0.272,39.87
1761413400,0.272,0.272,0.272,0.272,53.24
1761414300,0.272,0.272,0.272,0.272,0.0
1761415200,0.272,0.272,0.272,0.272,4087.18
1761416100,0.272,0.273,0.271,0.271,17845.29
1761417000,0.271,0.274,0.271,0.273,856.27
1761417900,0.274,0.274,0.273,0.274,22165.15
1761418800,0.275,0.275,0.274,0.275,3985.8899999999994
1761419700,0.275,0.275,0.275,0.275,1782.33
1761420600,0.275,0.275,0.275,0.275,96.78
1761421500,0.275,0.275,0.273,0.275,11289.06
1761422400,0.273,0.275,0.273,0.275,195.68
1761423300,0.274,0.275,0.274,0.275,6428.81
1761424200,0.275,0.275,0.273,0.274,8152.37
1761425100,0.274,0.275,0.274,0.275,1773.08
1761426000,0.274,0.274,0.274,0.274,1064.71
1761426900,0.274,0.274,0.273,0.273,522.6800000000001
1761427800,0.273,0.273,0.272,0.272,13651.24
1761428700,0.272,0.273,0.272,0.273,293.33
1761429600,0.273,0.273,0.271,0.272,7689.0
1761430500,0.271,0.272,0.271,0.272,68.55
1761431400,0.272,0.272,0.271,0.272,2917.47
1761432300,0.272,0.272,0.272,0.272,2359.14
1761433200,0.272,0.272,0.271,0.272,5300.0
1761434100,0.272,0.272,0.27,0.271,37553.939999999995
1761435000,0.271,0.271,0.271,0.271,0.0
1761435900,0.271,0.272,0.27,0.272,49881.380000000005
1761436800,0.272,0.272,0.27,0.271,23308.969999999998
1761437700,0.271,0.272,0.271,0.272,140.10999999999999
1761438600,0.272,0.272,0.272,0.272,73.52
1761439500,0.272,0.272,0.272,0.272,876.56
1761440400,0.272,0.272,0.27,0.271,8249.57
1761441300,0.271,0.271,0.27,0.27,3114.46
1761442200,0.27,0.27,0.27,0.27,4334.15
1761443100,0.27,0.271,0.269,0.27,12722.42
1761444000,0.269,0.27,0.269,0.27,1321.32
1761444900,0.27,0.27,0.269,0.27,224.48999999999998
1761445800,0.27,0.271,0.27,0.271,9981.5
1761446700,0.271,0.271,0.269,0.269,7010.1900000000005
1761447600,0.269,0.27,0.269,0.27,119.78999999999999
1761448500,0.27,0.27,0.269,0.27,4094.3500000000004
1761449400,0.27,0.27,0.269,0.269,4292.900000000001
1761450300,0.269,0.27,0.269,0.27,1428.5800000000002
1761451200,0.27,0.27,0.27,0.27,8574.650000000001
1761452100,0.27,0.271,0.27,0.271,1846.3300000000002
1761453000,0.27,0.27,0.269,0.269,2627.11
1761453900,0.269,0.269,0.269,0.269,0.0
1761454800,0.269,0.27,0.269,0.27,633.93
1761455700,0.27,0.27,0.269,0.269,1494.16
1761456600,0.269,0.27,0.269,0.27,25.03
1761457500,0.27,0.271,0.27,0.271,47.21
1761458400,0.271,0.271,0.27,0.271,8547.380000000001
1761459300,0.271,0.271,0.271,0.271,4297.46
1761460200,0.271,0.271,0.27,0.271,4124.99
1761461100,0.271,0.272,0.271,0.272,1171.94
1761462000,0.272,0.272,0.271,0.272,1768.5500000000002
1761462900,0.272,0.272,0.271,0.272,13542.74
1761463800,0.272,0.273,0.272,0.272,1552.78
1761464700,0.273,0.273,0.272,0.273,7243.379999999999
1761465600,0.273,0.274,0.273,0.274,9196.33
1761466500,0.274,0.274,0.273,0.274,22369.620000000003
1761467400,0.274,0.275,0.273,0.274,10565.7
1761468300,0.274,0.275,0.273,0.275,76046.61
1761469200,0.275,0.275,0.274,0.274,29589.66
1761470100,0.274,0.277,0.273,0.276,59570.57
1761471000,0.276,0.277,0.275,0.276,32457.71
1761471900,0.276,0.276,0.275,0.276,7561.11
1761472800,0.276,0.276,0.276,0.276,5350.74
1761473700,0.276,0.276,0.275,0.276,438.69
1761474600,0.276,0.276,0.275,0.275,242.32
1761475500,0.275,0.276,0.275,0.276,250.53
1761476400,0.276,0.276,0.275,0.276,9191.19
1761477300,0.275,0.277,0.275,0.276,17094.300000000003
1761478200,0.276,0.278,0.276,0.278,31564.85
1761479100,0.278,0.279,0.277,0.279,23453.170000000002
1761480000,0.279,0.279,0.278,0.279,54342.79
1761480900,0.279,0.28,0.278,0.279,55012.71
1761481800,0.279,0.279,0.278,0.278,15045.470000000001
1761482700,0.278,0.28,0.278,0.279,28437.940000000002
1761483600,0.279,0.28,0.279,0.279,4587.68
1761484500,0.279,0.28,0.279,0.28,52571.14
1761485400,0.281,0.282,0.28,0.281,91847.34999999999
1761486300,0.281,0.281,0.28,0.281,48385.27
1761487200,0.281,0.281,0.28,0.28,4318.54
1761488100,0.28,0.281,0.279,0.279,9485.29
1761489000,0.279,0.28,0.279,0.279,4562.7699999999995
1761489900,0.279,0.28,0.279,0.279,18463.45
1761490800,0.28,0.28,0.278,0.279,30551.079999999998
1761491700,0.279,0.28,0.279,0.279,21553.84
1761492600,0.279,0.281,0.279,0.28,12823.92
1761493500,0.28,0.28,0.279,0.28,14826.560000000001
1761494400,0.28,0.28,0.279,0.279,4083.3700000000003
1761495300,0.279,0.28,0.279,0.28,18741.44
1761496200,0.28,0.281,0.28,0.28,2084.24
1761497100,0.28,0.28,0.279,0.279,1274.22
1761498000,0.279,0.279,0.278,0.278,2943.16
1761498900,0.278,0.279,0.278,0.278,258.01
1761499800,0.278,0.279,0.278,0.279,50.0
1761500700,0.279,0.279,0.279,0.279,53.32
1761501600,0.279,0.279,0.279,0.279,947.74
1761502500,0.279,0.28,0.279,0.279,1086.6599999999999
1761503400,0.279,0.28,0.279,0.279,1160.6399999999999
1761504300,0.279,0.28,0.279,0.28,3534.74
1761505200,0.28,0.28,0.278,0.278,5901.41
1761506100,0.278,0.279,0.278,0.279,268.06
1761507000,0.279,0.279,0.278,0.278,9336.02
1761507900,0.278,0.279,0.278,0.279,1239.8899999999999
1761508800,0.279,0.279,0.278,0.278,176.76999999999998
1761509700,0.278,0.279,0.277,0.278,35371.53
1761510600,0.278,0.278,0.277,0.278,48.73
1761511500,0.278,0.278,0.278,0.278,5852.66
1761512400,0.278,0.278,0.277,0.278,2915.8900000000003
1761513300,0.278,0.278,0.277,0.277,1946.26
1761514200,0.277,0.279,0.277,0.279,20222.05
1761515100,0.278,0.28,0.278,0.28,11787.31
1761516000,0.28,0.286,0.28,0.283,146551.77
1761516900,0.283,0.283,0.281,0.282,35792.14
1761517800,0.282,0.282,0.281,0.282,32439.17
1761518700,0.282,0.283,0.282,0.282,34563.61
1761519600,0.282,0.283,0.282,0.282,7752.55
1761520500,0.282,0.284,0.282,0.283,6993.4
1761521400,0.283,0.284,0.282,0.282,17652.74
1761522300,0.282,0.283,0.281,0.282,5189.75
1761523200,0.282,0.284,0.282,0.284,15825.779999999999
1761524100,0.284,0.284,0.283,0.283,2815.27
1761525000,0.283,0.284,0.283,0.283,21084.170000000002
1761525900,0.283,0.284,0.282,0.283,15189.46
1761526800,0.283,0.283,0.282,0.282,20182.4
1761527700,0.282,0.283,0.281,0.282,53956.39
1761528600,0.282,0.283,0.282,0.283,14837.63
1761529500,0.283,0.283,0.282,0.283,5532.71
1761530400,0.283,0.284,0.282,0.284,6705.19
1761531300,0.284,0.284,0.282,0.282,7630.99
1761532200,0.282,0.283,0.282,0.283,4634.349999999999
1761533100,0.283,0.283,0.282,0.282,6602.039999999999
1761534000,0.283,0.283,0.282,0.282,643.36
1761534900,0.282,0.283,0.281,0.282,10684.45
1761535800,0.282,0.283,0.282,0.282,3292.46
1761536700,0.282,0.282,0.281,0.282,347.42999999999995
1761537600,0.282,0.282,0.281,0.281,698.8199999999999
1761538500,0.281,0.282,0.28,0.282,5236.599999999999
1761539400,0.281,0.282,0.28,0.281,16982.25
1761540300,0.281,0.282,0.28,0.281,576.63
1761541200,0.281,0.284,0.281,0.283,37170.78
1761542100,0.284,0.284,0.283,0.284,11625.220000000001
1761543000,0.284,0.284,0.282,0.283,26082.039999999997
1761543900,0.283,0.283,0.283,0.283,10422.58
1761544800,0.283,0.283,0.281,0.281,19449.0
1761545700,0.281,0.282,0.281,0.282,1426.31
1761546600,0.282,0.282,0.281,0.282,9796.93
1761547500,0.283,0.284,0.283,0.284,12251.740000000002
1761548400,0.284,0.284,0.281,0.282,10366.65
1761549300,0.282,0.282,0.282,0.282,9491.32
1761550200,0.282,0.282,0.28,0.28,20805.91
1761551100,0.281,0.282,0.28,0.282,6803.7300000000005
1761552000,0.282,0.282,0.28,0.28,7884.9800000000005
1761552900,0.28,0.282,0.279,0.279,81466.02
1761553800,0.28,0.281,0.28,0.28,11034.18
1761554700,0.28,0.28,0.278,0.279,9241.880000000001
1761555600,0.279,0.279,0.277,0.278,35925.78
1761556500,0.278,0.278,0.277,0.278,2300.61
1761557400,0.277,0.278,0.277,0.278,946.6
1761558300,0.277,0.278,0.276,0.277,25959.52
1761559200,0.277,0.277,0.276,0.276,13890.88
1761560100,0.277,0.278,0.277,0.277,13814.960000000001
1761561000,0.277,0.278,0.276,0.278,12147.67
1761561900,0.278,0.278,0.276,0.276,6126.65
1761562800,0.277,0.279,0.277,0.277,9506.88
1761563700,0.277,0.277,0.276,0.276,13749.960000000001
1761564600,0.276,0.279,0.276,0.278,26776.78
1761565500,0.278,0.278,0.278,0.278,495.04999999999995
1761566400,0.279,0.279,0.278,0.278,1062.55
1761567300,0.278,0.278,0.278,0.278,197.23000000000002
1761568200,0.278,0.278,0.276,0.276,879.49
1761569100,0.276,0.277,0.276,0.277,5075.82
1761570000,0.277,0.278,0.277,0.277,4933.0599999999995
1761570900,0.277,0.278,0.277,0.277,2637.48
1761571800,0.277,0.277,0.274,0.276,56025.700000000004
1761572700,0.276,0.278,0.276,0.278,32139.69
1761573600,0.278,0.278,0.275,0.275,34324.35
1761574500,0.275,0.276,0.274,0.274,10043.52
1761575400,0.274,0.276,0.274,0.275,3301.62
1761576300,0.275,0.276,0.275,0.276,3224.83
1761577200,0.276,0.277,0.275,0.277,12766.29
1761578100,0.278,0.278,0.277,0.277,10078.66
1761579000,0.277,0.277,0.277,0.277,32.9
1761579900,0.277,0.278,0.277,0.278,1917.6
1761580800,0.278,0.279,0.278,0.278,18542.989999999998
1761581700,0.278,0.279,0.278,0.278,9384.42
1761582600,0.278,0.279,0.278,0.279,2875.42
1761583500,0.28,0.281,0.279,0.28,19010.339999999997
1761584400,0.28,0.281,0.279,0.281,1192.47
1761585300,0.281,0.281,0.279,0.281,477.42
1761586200,0.281,0.282,0.28,0.281,13246.32
1761587100,0.281,0.281,0.28,0.281,5092.959999999999
1761588000,0.281,0.282,0.281,0.282,3879.0800000000004
1761588900,0.282,0.282,0.28,0.28,4057.05
1761589800,0.28,0.281,0.28,0.28,192.10999999999999
1761590700,0.28,0.281,0.28,0.281,2624.69
1761591600,0.281,0.281,0.279,0.28,17396.34
1761592500,0.28,0.281,0.28,0.28,21241.16
1761593400,0.28,0.28,0.278,0.279,9840.61
1761594300,0.279,0.279,0.278,0.278,2767.54
1761595200,0.278,0.278,0.277,0.277,18015.55
1761596100,0.277,0.277,0.276,0.277,2928.95
1761597000,0.276,0.277,0.275,0.276,15832.42
1761597900,0.276,0.277,0.275,0.275,3703.95
1761598800,0.275,0.276,0.275,0.275,17240.449999999997
1761599700,0.275,0.275,0.274,0.275,3620.99
1761600600,0.275,0.276,0.275,0.276,7110.29
1761601500,0.276,0.277,0.275,0.275,27277.73
1761602400,0.274,0.277,0.274,0.277,15101.550000000001
1761603300,0.277,0.277,0.275,0.275,1954.74
1761604200,0.275,0.275,0.274,0.274,12329.32
1761605100,0.274,0.274,0.274,0.274,255.39
1761606000,0.274,0.274,0.273,0.273,30102.82
1761606900,0.273,0.274,0.272,0.273,47940.520000000004
1761607800,0.273,0.274,0.273,0.274,7240.62
1761608700,0.274,0.274,0.273,0.273,5517.53
1761609600,0.273,0.275,0.273,0.274,5651.45
1761610500,0.274,0.275,0.274,0.275,4582.74
1761611400,0.275,0.275,0.274,0.274,8195.35
1761612300,0.274,0.275,0.273,0.274,4664.139999999999
1761613200,0.274,0.277,0.274,0.276,12640.84
1761614100,0.276,0.276,0.276,0.276,2864.46
1761615000,0.276,0.278,0.276,0.278,25007.370000000003
1761615900,0.278,0.278,0.277,0.277,2681.25
1761616800,0.277,0.277,0.276,0.276,1314.03
1761617700,0.276,0.276,0.274,0.274,2033.46
1761618600,0.275,0.276,0.275,0.276,6187.259999999999
1761619500,0.276,0.276,0.274,0.274,25325.97
1761620400,0.274,0.275,0.274,0.274,4981.71
1761621300,0.274,0.275,0.274,0.275,6815.21
1761622200,0.275,0.275,0.274,0.274,6575.12
1761623100,0.274,0.275,0.273,0.274,27216.31
1761624000,0.274,0.275,0.273,0.275,16727.63
1761624900,0.275,0.275,0.274,0.274,2905.42
1761625800,0.274,0.275,0.274,0.274,4187.679999999999
1761626700,0.274,0.276,0.274,0.276,9131.76
1761627600,0.276,0.277,0.276,0.276,14656.26
1761628500,0.276,0.278,0.276,0.277,24638.539999999997
1761629400,0.276,0.277,0.275,0.275,13208.7
1761630300,0.274,0.275,0.274,0.274,16362.38
1761631200,0.274,0.275,0.274,0.275,17324.79
1761632100,0.275,0.275,0.273,0.273,4860.8099999999995
1761633000,0.273,0.276,0.273,0.276,15763.98
1761633900,0.276,0.278,0.276,0.278,51771.47
1761634800,0.278,0.279,0.277,0.278,35510.51
1761635700,0.278,0.278,0.276,0.276,13938.91
1761636600,0.276,0.277,0.276,0.276,16502.27
1761637500,0.276,0.276,0.274,0.274,15255.6
1761638400,0.274,0.275,0.274,0.275,451.68
1761639300,0.275,0.276,0.274,0.275,6352.3099999999995
1761640200,0.275,0.276,0.275,0.276,3764.79
1761641100,0.276,0.277,0.276,0.276,15017.32
1761642000,0.276,0.277,0.276,0.276,9653.449999999999
1761642900,0.276,0.276,0.275,0.275,8491.58
1761643800,0.275,0.276,0.275,0.276,9969.38
1761644700,0.276,0.277,0.276,0.276,4184.09
1761645600,0.276,0.277,0.275,0.276,1615.07
1761646500,0.276,0.277,0.275,0.276,6038.68
1761647400,0.276,0.277,0.276,0.276,3502.27
1761648300,0.276,0.276,0.276,0.276,11686.64
1761649200,0.276,0.277,0.276,0.277,7140.92
1761650100,0.277,0.279,0.277,0.278,21119.61
1761651000,0.278,0.278,0.278,0.278,4578.7300000000005
1761651900,0.278,0.278,0.276,0.276,12791.35
1761652800,0.276,0.277,0.276,0.277,3764.75
1761653700,0.277,0.277,0.276,0.276,11487.470000000001
1761654600,0.276,0.277,0.276,0.276,10753.529999999999
1761655500,0.277,0.278,0.277,0.277,6957.78
1761656400,0.277,0.279,0.277,0.279,22208.01
1761657300,0.279,0.28,0.278,0.279,13397.52
1761658200,0.279,0.279,0.278,0.279,17737.17
1761659100,0.279,0.28,0.279,0.279,27715.09
1761660000,0.279,0.279,0.279,0.279,11560.24
1761660900,0.279,0.28,0.277,0.278,12028.92
1761661800,0.279,0.279,0.274,0.274,82397.11
1761662700,0.274,0.276,0.272,0.275,134230.83000000002
1761663600,0.275,0.277,0.275,0.277,38552.11
1761664500,0.276,0.277,0.273,0.273,29000.38
1761665400,0.273,0.274,0.272,0.273,35649.39
1761666300,0.273,0.274,0.273,0.273,24248.39
1761667200,0.273,0.275,0.273,0.275,8210.43
1761668100,0.275,0.275,0.273,0.274,14501.490000000002
1761669000,0.274,0.276,0.274,0.275,38645.2
1761669900,0.275,0.276,0.274,0.275,16487.09
1761670800,0.275,0.277,0.275,0.276,6422.8
1761671700,0.276,0.276,0.276,0.276,1758.55
1761672600,0.276,0.276,0.275,0.276,2051.66
1761673500,0.276,0.276,0.275,0.275,25.61
1761674400,0.275,0.277,0.275,0.277,7810.9
1761675300,0.277,0.277,0.276,0.276,1663.75
1761676200,0.276,0.276,0.275,0.275,7966.55
1761677100,0.275,0.275,0.274,0.275,3530.21
1761678000,0.275,0.275,0.274,0.275,20606.09
1761678900,0.274,0.274,0.271,0.272,67702.43
1761679800,0.271,0.273,0.27,0.272,40383.68
1761680700,0.272,0.272,0.269,0.269,82070.74
1761681600,0.269,0.27,0.267,0.268,105204.12
1761682500,0.267,0.268,0.264,0.264,95804.75
1761683400,0.265,0.267,0.263,0.266,156019.32
1761684300,0.266,0.266,0.264,0.265,41716.979999999996
1761685200,0.264,0.265,0.261,0.265,192318.26
1761686100,0.265,0.265,0.264,0.265,74191.44
1761687000,0.264,0.267,0.264,0.267,52281.71
1761687900,0.267,0.268,0.265,0.266,48408.67
1761688800,0.266,0.267,0.266,0.267,47209.37
1761689700,0.266,0.268,0.266,0.267,4711.06
1761690600,0.267,0.269,0.267,0.269,78196.11
1761691500,0.269,0.27,0.269,0.269,6184.77
1761692400,0.27,0.27,0.269,0.27,2616.96
1761693300,0.27,0.27,0.268,0.269,10985.97
1761694200,0.269,0.27,0.268,0.268,3634.8200000000006
1761695100,0.268,0.269,0.268,0.269,819.8
1761696000,0.269,0.27,0.269,0.27,5149.78
1761696900,0.27,0.27,0.269,0.269,2980.5299999999997
1761697800,0.27,0.271,0.269,0.269,49570.479999999996
1761698700,0.269,0.27,0.268,0.269,15609.0
1761699600,0.268,0.269,0.268,0.269,5304.65
1761700500,0.269,0.269,0.268,0.268,774.78
1761701400,0.268,0.269,0.268,0.269,14832.0
1761702300,0.269,0.269,0.268,0.268,31407.46
1761703200,0.269,0.269,0.267,0.268,47761.09
1761704100,0.268,0.268,0.267,0.268,465.99
1761705000,0.267,0.268,0.267,0.268,3254.25
1761705900,0.268,0.269,0.268,0.269,373.13
1761706800,0.268,0.268,0.267,0.268,16294.95
1761707700,0.268,0.269,0.268,0.268,2719.51
1761708600,0.268,0.269,0.268,0.269,7902.45
1761709500,0.269,0.269,0.267,0.269,1447.44
1761710400,0.269,0.269,0.267,0.267,3169.71
1761711300,0.267,0.269,0.267,0.269,16892.989999999998
1761712200,0.268,0.27,0.268,0.268,5256.04
1761713100,0.268,0.269,0.268,0.268,1534.76
1761714000,0.268,0.269,0.268,0.269,3728.0099999999998
1761714900,0.269,0.27,0.268,0.27,12560.81
1761715800,0.27,0.27,0.269,0.27,5448.82
1761716700,0.271,0.271,0.27,0.27,341.87
1761717600,0.269,0.27,0.269,0.269,2879.72
1761718500,0.269,0.27,0.269,0.27,6220.01
1761719400,0.269,0.27,0.268,0.268,1604.6799999999998
1761720300,0.268,0.27,0.268,0.27,742.98
1761721200,0.27,0.27,0.269,0.269,1131.64
1761722100,0.269,0.27,0.269,0.27,5067.790000000001
1761723000,0.27,0.271,0.269,0.269,14234.64
1761723900,0.269,0.27,0.268,0.269,6987.11
1761724800,0.27,0.27,0.269,0.269,7336.719999999999
1761725700,0.269,0.27,0.269,0.269,3837.36
1761726600,0.269,0.269,0.268,0.269,463.68
1761727500,0.269,0.269,0.269,0.269,417.03
1761728400,0.269,0.269,0.269,0.269,265.96
1761729300,0.268,0.27,0.268,0.269,18915.489999999998
1761730200,0.269,0.269,0.268,0.269,195.11
1761731100,0.269,0.27,0.269,0.27,9448.310000000001
1761732000,0.27,0.27,0.27,0.27,1633.27
1761732900,0.27,0.271,0.269,0.271,38756.02
1761733800,0.272,0.273,0.271,0.272,46412.26
1761734700,0.272,0.273,0.271,0.271,4253.469999999999
1761735600,0.271,0.272,0.271,0.271,1210.32
1761736500,0.271,0.273,0.271,0.273,2512.23
1761737400,0.273,0.273,0.271,0.272,75.8
1761738300,0.272,0.273,0.272,0.272,8498.64
1761739200,0.272,0.274,0.272,0.274,8919.25
1761740100,0.273,0.274,0.272,0.273,2407.76
1761741000,0.272,0.274,0.272,0.272,134.24
1761741900,0.272,0.273,0.272,0.272,2303.5
1761742800,0.272,0.274,0.272,0.274,4118.64
1761743700,0.274,0.275,0.273,0.274,74763.90000000001
1761744600,0.274,0.275,0.272,0.273,10038.05
1761745500,0.273,0.273,0.272,0.273,3951.0099999999998
1761746400,0.273,0.274,0.272,0.272,12410.24
1761747300,0.272,0.274,0.272,0.272,2725.07
1761748200,0.271,0.273,0.271,0.272,14066.45
1761749100,0.272,0.272,0.272,0.272,365.95
1761750000,0.272,0.274,0.272,0.272,1582.64
1761750900,0.272,0.274,0.272,0.272,24053.57
1761751800,0.272,0.272,0.27,0.27,46376.21
1761752700,0.27,0.27,0.269,0.27,36386.88
1761753600,0.269,0.27,0.268,0.268,29574.89
1761754500,0.268,0.271,0.268,0.271,40584.34
1761755400,0.27,0.271,0.27,0.27,7578.900000000001
1761756300,0.27,0.271,0.27,0.271,10899.41
1761757200,0.269,0.27,0.269,0.269,1105.23
1761758100,0.269,0.271,0.269,0.271,1851.2900000000002
1761759000,0.27,0.275,0.27,0.274,57703.99999999999
1761759900,0.275,0.276,0.274,0.276,35890.95
1761760800,0.276,0.277,0.275,0.275,58738.9
1761761700,0.275,0.277,0.275,0.277,2354.92
1761762600,0.276,0.277,0.265,0.271,282539.75
1761763500,0.269,0.275,0.269,0.274,74013.24
1761764400,0.273,0.277,0.273,0.276,45428.82
1761765300,0.276,0.278,0.274,0.276,125219.21999999999
1761766200,0.276,0.277,0.273,0.274,31153.030000000002
1761767100,0.274,0.275,0.274,0.275,4274.38
1761768000,0.275,0.277,0.273,0.274,26584.98
1761768900,0.274,0.278,0.274,0.278,27712.48
1761769800,0.278,0.279,0.277,0.278,34759.28
1761770700,0.277,0.279,0.277,0.278,6816.04
1761771600,0.278,0.278,0.274,0.275,42535.509999999995
1761772500,0.275,0.276,0.274,0.276,20009.3
1761773400,0.276,0.277,0.275,0.276,20931.92
1761774300,0.276,0.276,0.276,0.276,1428.25
1761775200,0.276,0.276,0.274,0.276,10298.26
1761776100,0.276,0.276,0.275,0.276,1337.29
1761777000,0.276,0.276,0.274,0.275,9789.38
1761777900,0.275,0.275,0.274,0.275,864.87
1761778800,0.275,0.275,0.273,0.273,31759.28
1761779700,0.273,0.273,0.272,0.272,36957.94
1761780600,0.272,0.272,0.268,0.269,64575.69
1761781500,0.269,0.27,0.269,0.269,7297.88
1761782400,0.269,0.27,0.268,0.27,32249.58
1761783300,0.27,0.271,0.27,0.27,5869.48
1761784200,0.27,0.27,0.27,0.27,3337.69
1761785100,0.27,0.271,0.27,0.271,8965.22
1761786000,0.271,0.271,0.27,0.271,6132.63
1761786900,0.271,0.271,0.27,0.27,2627.67
1761787800,0.27,0.271,0.27,0.27,8375.890000000001
1761788700,0.27,0.271,0.27,0.271,9220.06
1761789600,0.271,0.271,0.27,0.27,4018.55
1761790500,0.271,0.272,0.271,0.272,25453.219999999998
1761791400,0.272,0.272,0.272,0.272,5266.490000000001
1761792300,0.272,0.273,0.271,0.272,13492.57
1761793200,0.272,0.273,0.271,0.273,1354.37
1761794100,0.272,0.273,0.271,0.271,40088.579999999994
1761795000,0.271,0.272,0.27,0.27,32745.480000000003
1761795900,0.27,0.27,0.268,0.269,22854.2
1761796800,0.269,0.269,0.265,0.266,100394.28
1761797700,0.265,0.266,0.261,0.261,269219.45
1761798600,0.263,0.266,0.261,0.264,152429.84
1761799500,0.264,0.267,0.264,0.265,25340.82
1761800400,0.264,0.265,0.263,0.265,38033.33
1761801300,0.265,0.265,0.264,0.264,3140.19
1761802200,0.264,0.268,0.263,0.268,27659.37
1761803100,0.268,0.268,0.267,0.268,20984.14
1761804000,0.268,0.268,0.267,0.267,10965.91
1761804900,0.267,0.267,0.266,0.267,4440.3
1761805800,0.267,0.269,0.267,0.268,14755.71
1761806700,0.268,0.268,0.268,0.268,7526.57
1761807600,0.268,0.269,0.268,0.269,28663.45
1761808500,0.269,0.27,0.269,0.27,20691.589999999997
1761809400,0.27,0.27,0.269,0.27,3058.11
1761810300,0.27,0.271,0.269,0.269,14443.44
1761811200,0.269,0.27,0.268,0.268,5506.72
1761812100,0.268,0.268,0.267,0.268,42900.020000000004
1761813000,0.268,0.268,0.267,0.268,6377.29
1761813900,0.268,0.268,0.267,0.267,11685.49
1761814800,0.267,0.268,0.266,0.266,7422.4800000000005
1761815700,0.266,0.267,0.265,0.266,53510.02
1761816600,0.267,0.267,0.267,0.267,7587.79
1761817500,0.267,0.267,0.266,0.267,4789.73
1761818400,0.267,0.268,0.266,0.267,14906.689999999999
1761819300,0.266,0.268,0.266,0.267,8799.84
1761820200,0.267,0.267,0.265,0.265,3851.47
1761821100,0.266,0.268,0.266,0.267,6756.0
1761822000,0.267,0.268,0.266,0.267,3190.29
1761822900,0.267,0.267,0.267,0.267,6891.51
1761823800,0.267,0.268,0.266,0.267,8045.42
1761824700,0.267,0.268,0.266,0.267,3797.69
1761825600,0.267,0.267,0.266,0.266,9165.050000000001
1761826500,0.266,0.267,0.264,0.265,33813.19
1761827400,0.265,0.266,0.262,0.262,49373.81
1761828300,0.263,0.264,0.262,0.264,69057.1
1761829200,0.263,0.264,0.262,0.263,17796.16
1761830100,0.263,0.263,0.261,0.262,43184.21000000001
1761831000,0.262,0.262,0.259,0.26,181490.38
1761831900,0.261,0.263,0.26,0.261,36428.240000000005
1761832800,0.261,0.262,0.26,0.261,13859.43
1761833700,0.261,0.262,0.261,0.261,15432.41
1761834600,0.261,0.262,0.26,0.262,32824.35
1761835500,0.262,0.262,0.261,0.261,9391.029999999999
1761836400,0.261,0.261,0.258,0.259,111521.51
1761837300,0.259,0.26,0.257,0.259,147045.1
1761838200,0.259,0.26,0.257,0.259,68085.92
1761839100,0.258,0.259,0.258,0.258,7975.63
1761840000,0.258,0.259,0.257,0.259,36310.93
1761840900,0.259,0.26,0.258,0.259,59337.3
1761841800,0.259,0.259,0.257,0.257,83119.81
1761842700,0.257,0.258,0.257,0.258,8342.33
1761843600,0.258,0.258,0.255,0.256,89286.1
1761844500,0.256,0.256,0.254,0.255,42333.22
1761845400,0.254,0.255,0.252,0.255,136094.07
1761846300,0.255,0.257,0.255,0.255,47511.32
1761847200,0.256,0.256,0.254,0.254,3075.4300000000003
1761848100,0.254,0.256,0.253,0.254,20328.11
1761849000,0.254,0.254,0.252,0.253,58729.11
1761849900,0.253,0.254,0.252,0.254,31241.82
1761850800,0.254,0.254,0.251,0.252,68990.61
1761851700,0.253,0.254,0.252,0.252,33019.15
1761852600,0.253,0.253,0.251,0.252,17660.82
1761853500,0.252,0.253,0.251,0.251,56203.69
1761854400,0.253,0.254,0.252,0.253,22682.62
1761855300,0.254,0.254,0.254,0.254,16549.48
1761856200,0.253,0.255,0.253,0.255,24278.85
1761857100,0.254,0.256,0.254,0.255,1114.59
1761858000,0.255,0.257,0.255,0.255,54580.55
1761858900,0.255,0.256,0.255,0.255,6905.18
1761859800,0.256,0.257,0.255,0.255,12133.01
1761860700,0.255,0.257,0.255,0.257,6910.74
1761861600,0.256,0.257,0.256,0.256,71737.70999999999
1761862500,0.256,0.258,0.256,0.257,22817.9
1761863400,0.257,0.257,0.256,0.256,10342.92
1761864300,0.257,0.258,0.257,0.258,24315.05
1761865200,0.258,0.258,0.256,0.256,57702.75
1761866100,0.258,0.259,0.257,0.259,44577.92
1761867000,0.259,0.26,0.258,0.258,51386.68
1761867900,0.258,0.26,0.258,0.258,7117.71
1761868800,0.258,0.26,0.258,0.259,2264.58
1761869700,0.259,0.259,0.258,0.258,914.48
1761870600,0.258,0.259,0.257,0.257,12936.73
1761871500,0.259,0.26,0.258,0.26,11747.88
1761872400,0.26,0.261,0.26,0.26,20386.98
1761873300,0.26,0.261,0.26,0.261,9671.49
1761874200,0.261,0.261,0.26,0.261,584.73
1761875100,0.261,0.262,0.26,0.26,6145.71
1761876000,0.262,0.262,0.259,0.259,17704.02
1761876900,0.259,0.261,0.259,0.26,2159.87
1761877800,0.26,0.261,0.259,0.26,1586.56
1761878700,0.26,0.261,0.26,0.261,1213.95
1761879600,0.261,0.261,0.26,0.26,191.32
1761880500,0.26,0.261,0.26,0.261,1411.22
1761881400,0.261,0.261,0.26,0.261,11684.150000000001
1761882300,0.261,0.262,0.261,0.262,95.8
1761883200,0.262,0.264,0.262,0.264,60962.85
1761884100,0.263,0.264,0.263,0.264,4410.99
1761885000,0.263,0.264,0.263,0.264,681.59
1761885900,0.264,0.264,0.264,0.264,4234.9
1761886800,0.264,0.264,0.263,0.263,989.4
1761887700,0.263,0.264,0.263,0.264,39.45
1761888600,0.264,0.265,0.263,0.263,578.89
1761889500,0.263,0.265,0.263,0.263,12588.73
1761890400,0.263,0.264,0.262,0.262,1344.07
1761891300,0.262,0.264,0.262,0.262,58650.25
1761892200,0.262,0.263,0.262,0.262,1602.44
1761893100,0.262,0.263,0.261,0.262,2574.49
1761894000,0.262,0.262,0.262,0.262,1253.92
1761894900,0.262,0.262,0.261,0.262,4775.0599999999995
1761895800,0.262,0.262,0.261,0.261,114.82
1761896700,0.261,0.261,0.26,0.261,12858.61
1761897600,0.261,0.262,0.26,0.26,2562.86
1761898500,0.26,0.261,0.26,0.26,161.23
1761899400,0.26,0.262,0.26,0.261,3653.3999999999996
1761900300,0.261,0.262,0.261,0.262,26389.11
1761901200,0.262,0.262,0.261,0.261,529.46
1761902100,0.261,0.262,0.261,0.262,533.2
1761903000,0.261,0.262,0.261,0.261,173.8
1761903900,0.261,0.262,0.26,0.261,24933.59
1761904800,0.261,0.261,0.261,0.261,709.08
1761905700,0.261,0.262,0.261,0.261,3403.95
1761906600,0.26,0.262,0.26,0.262,348.16999999999996
1761907500,0.261,0.262,0.26,0.26,1444.42
1761908400,0.26,0.261,0.26,0.261,24.4
1761909300,0.261,0.261,0.259,0.261,16941.210000000003
1761910200,0.261,0.261,0.26,0.261,1147.97
1761911100,0.261,0.264,0.261,0.264,25646.69
1761912000,0.264,0.264,0.263,0.264,18732.16
1761912900,0.264,0.265,0.264,0.265,2012.1899999999998
1761913800,0.265,0.265,0.263,0.263,13695.09
1761914700,0.263,0.264,0.262,0.263,2552.24
1761915600,0.263,0.263,0.262,0.263,28050.91
1761916500,0.263,0.264,0.262,0.263,9532.310000000001
1761917400,0.263,0.263,0.262,0.262,13731.28
1761918300,0.262,0.264,0.262,0.263,3948.74
1761919200,0.263,0.265,0.263,0.264,2576.4
1761920100,0.264,0.264,0.263,0.263,1953.1
1761921000,0.263,0.264,0.262,0.262,1494.9
1761921900,0.262,0.265,0.262,0.265,19009.990000000005
1761922800,0.265,0.266,0.264,0.266,8486.18
1761923700,0.266,0.266,0.265,0.265,9584.35
1761924600,0.265,0.266,0.264,0.264,1283.17
1761925500,0.265,0.265,0.263,0.265,4103.78
1761926400,0.264,0.264,0.263,0.264,1437.82
1761927300,0.264,0.264,0.261,0.263,38625.02
1761928200,0.263,0.263,0.261,0.261,6190.83
1761929100,0.261,0.262,0.259,0.259,102453.93
1761930000,0.259,0.26,0.258,0.26,8127.38
1761930900,0.258,0.259,0.257,0.257,64209.82
1761931800,0.257,0.259,0.257,0.259,11358.25
1761932700,0.259,0.26,0.259,0.259,8567.36
1761933600,0.259,0.261,0.259,0.259,6837.5199999999995
1761934500,0.259,0.259,0.259,0.259,105.15
1761935400,0.259,0.262,0.258,0.262,12825.57
1761936300,0.262,0.262,0.259,0.259,768.0400000000001
1761937200,0.259,0.26,0.258,0.26,417.78000000000003
1761938100,0.26,0.262,0.26,0.262,32572.16
1761939000,0.262,0.263,0.261,0.263,33848.11
1761939900,0.263,0.265,0.262,0.264,47662.0
1761940800,0.264,0.264,0.263,0.263,4084.41
1761941700,0.263,0.264,0.262,0.263,1618.4
1761942600,0.263,0.263,0.262,0.262,1774.57
1761943500,0.261,0.262,0.26,0.26,23805.38
1761944400,0.26,0.26,0.259,0.26,10421.46
1761945300,0.26,0.26,0.26,0.26,1139.44
1761946200,0.26,0.261,0.26,0.26,9898.87
1761947100,0.26,0.261,0.259,0.259,3261.33
1761948000,0.259,0.261,0.259,0.26,597.11
1761948900,0.26,0.261,0.26,0.26,3330.7
1761949800,0.26,0.26,0.26,0.26,1858.81
1761950700,0.259,0.262,0.258,0.26,119116.59
1761951600,0.26,0.261,0.26,0.26,2975.37
1761952500,0.26,0.261,0.26,0.26,2665.62
1761953400,0.26,0.261,0.26,0.261,135.71
1761954300,0.261,0.261,0.26,0.26,2468.9
1761955200,0.26,0.26,0.259,0.26,9711.09
1761956100,0.26,0.26,0.26,0.26,8468.15
1761957000,0.26,0.26,0.26,0.26,277.59
1761957900,0.26,0.261,0.26,0.261,7006.419999999999
1761958800,0.261,0.261,0.26,0.261,4621.379999999999
1761959700,0.261,0.261,0.261,0.261,1579.38
1761960600,0.261,0.261,0.26,0.261,3573.55
1761961500,0.261,0.261,0.259,0.259,10209.939999999999
1761962400,0.259,0.259,0.258,0.258,7879.05
1761963300,0.258,0.259,0.258,0.259,3358.4
1761964200,0.259,0.259,0.259,0.259,3790.7599999999998
1761965100,0.259,0.26,0.259,0.26,2589.7
1761966000,0.26,0.262,0.26,0.262,6516.24
1761966900,0.262,0.262,0.261,0.261,1749.1200000000001
1761967800,0.261,0.262,0.261,0.262,2051.2999999999997
1761968700,0.262,0.262,0.26,0.262,3727.59
1761969600,0.262,0.262,0.26,0.261,5451.15
1761970500,0.261,0.261,0.26,0.261,3373.92
1761971400,0.26,0.261,0.26,0.26,2009.84
1761972300,0.26,0.26,0.26,0.26,19.09
1761973200,0.26,0.26,0.258,0.259,29090.21
1761974100,0.258,0.259,0.258,0.259,1161.73
1761975000,0.259,0.26,0.258,0.259,8329.27
1761975900,0.259,0.259,0.258,0.259,4223.25
1761976800,0.259,0.26,0.258,0.259,12926.59
1761977700,0.259,0.259,0.258,0.259,112.94999999999999
1761978600,0.259,0.259,0.259,0.259,9728.970000000001
1761979500,0.259,0.259,0.259,0.259,1567.48
1761980400,0.259,0.26,0.259,0.26,315.79
1761981300,0.26,0.262,0.26,0.262,49394.92
1761982200,0.262,0.262,0.261,0.262,198.26
1761983100,0.261,0.262,0.261,0.262,43483.18
1761984000,0.262,0.263,0.262,0.263,49931.26
1761984900,0.263,0.263,0.262,0.263,5812.19
1761985800,0.262,0.263,0.261,0.261,22362.39
1761986700,0.261,0.263,0.261,0.263,5379.42
1761987600,0.264,0.265,0.263,0.264,62419.57
1761988500,0.264,0.264,0.264,0.264,133.3
1761989400,0.263,0.263,0.262,0.262,16774.309999999998
1761990300,0.262,0.263,0.261,0.262,50151.69
1761991200,0.262,0.262,0.261,0.262,3590.29
1761992100,0.262,0.264,0.262,0.263,76953.02
1761993000,0.263,0.264,0.263,0.264,99730.71
1761993900,0.264,0.265,0.264,0.264,7558.620000000001
1761994800,0.264,0.265,0.264,0.265,223.36
1761995700,0.265,0.265,0.264,0.264,13910.119999999999
1761996600,0.264,0.264,0.263,0.264,371.26
1761997500,0.264,0.264,0.263,0.264,1112.0
1761998400,0.264,0.265,0.264,0.265,14186.91
1761999300,0.264,0.264,0.264,0.264,1883.8
1762000200,0.264,0.264,0.264,0.264,11149.1
1762001100,0.264,0.264,0.263,0.264,55471.990000000005
1762002000,0.264,0.265,0.263,0.265,6032.42
1762002900,0.265,0.265,0.263,0.263,2012.22
1762003800,0.264,0.265,0.262,0.263,13300.289999999999
1762004700,0.263,0.264,0.262,0.264,14419.51
1762005600,0.264,0.264,0.261,0.262,19369.29
1762006500,0.262,0.263,0.261,0.263,7568.5599999999995
1762007400,0.262,0.263,0.262,0.263,4423.79
1762008300,0.263,0.263,0.261,0.262,12556.34
1762009200,0.262,0.264,0.262,0.264,9952.49
1762010100,0.264,0.264,0.263,0.263,21515.440000000002
1762011000,0.263,0.264,0.262,0.263,13485.58
1762011900,0.263,0.264,0.263,0.264,1738.74
1762012800,0.264,0.264,0.263,0.264,6587.34
1762013700,0.264,0.266,0.264,0.265,43437.58
1762014600,0.265,0.266,0.265,0.265,5229.4
1762015500,0.265,0.266,0.265,0.266,49419.97
1762016400,0.265,0.266,0.265,0.265,20947.809999999998
1762017300,0.265,0.266,0.264,0.266,5945.65
1762018200,0.266,0.266,0.265,0.265,965.42
1762019100,0.265,0.265,0.265,0.265,0.0
1762020000,0.265,0.266,0.265,0.266,3356.85
1762020900,0.266,0.266,0.265,0.266,1626.04
1762021800,0.265,0.266,0.265,0.266,570.6700000000001
1762022700,0.266,0.267,0.266,0.266,9655.03
1762023600,0.266,0.267,0.266,0.267,8327.99
1762024500,0.267,0.267,0.266,0.266,19797.32
1762025400,0.266,0.267,0.266,0.267,1119.69
1762026300,0.267,0.267,0.266,0.267,22223.13
1762027200,0.267,0.268,0.267,0.267,9624.66
1762028100,0.267,0.269,0.267,0.269,8088.25
1762029000,0.269,0.269,0.269,0.269,464.91999999999996
1762029900,0.269,0.269,0.267,0.268,9856.880000000001
1762030800,0.268,0.268,0.267,0.267,15999.21
1762031700,0.267,0.268,0.266,0.267,8266.49
1762032600,0.267,0.268,0.266,0.268,2617.93
1762033500,0.268,0.268,0.265,0.266,48630.450000000004
1762034400,0.266,0.266,0.265,0.266,6797.16
1762035300,0.266,0.266,0.265,0.265,14875.269999999999
1762036200,0.264,0.265,0.264,0.265,799.11
1762037100,0.265,0.266,0.265,0.266,569.0699999999999
1762038000,0.266,0.266,0.266,0.266,1254.32
1762038900,0.266,0.266,0.266,0.266,8802.96
1762039800,0.266,0.266,0.266,0.266,1628.97
1762040700,0.266,0.267,0.266,0.267,2702.05
1762041600,0.267,0.267,0.267,0.267,173.49
1762042500,0.267,0.267,0.266,0.266,1441.99
1762043400,0.266,0.267,0.266,0.267,2776.94
1762044300,0.267,0.267,0.267,0.267,183.36
1762045200,0.267,0.267,0.265,0.266,4642.5599999999995
1762046100,0.266,0.267,0.266,0.267,201.22
1762047000,0.267,0.267,0.266,0.266,2110.1499999999996
1762047900,0.266,0.266,0.265,0.266,5773.17
1762048800,0.266,0.267,0.266,0.267,5564.84
1762049700,0.267,0.267,0.266,0.266,1998.1200000000001
1762050600,0.266,0.267,0.266,0.266,13918.87
1762051500,0.266,0.266,0.265,0.266,9124.86
1762052400,0.265,0.266,0.265,0.266,1141.41
1762053300,0.266,0.266,0.266,0.266,945.62
1762054200,0.266,0.266,0.265,0.265,34626.6
1762055100,0.265,0.266,0.264,0.266,13166.880000000001
1762056000,0.266,0.266,0.265,0.265,5456.44
1762056900,0.265,0.267,0.265,0.267,1527.9299999999998
1762057800,0.266,0.268,0.266,0.268,18831.840000000004
1762058700,0.268,0.271,0.268,0.27,25232.899999999998
1762059600,0.271,0.271,0.27,0.271,11789.72
1762060500,0.271,0.271,0.269,0.27,18768.149999999998
1762061400,0.27,0.27,0.268,0.269,5828.360000000001
1762062300,0.269,0.27,0.269,0.27,5291.46
1762063200,0.27,0.271,0.27,0.271,7219.450000000001
1762064100,0.271,0.271,0.27,0.27,8802.4
1762065000,0.27,0.27,0.269,0.269,6582.49
1762065900,0.269,0.272,0.269,0.272,17468.87
1762066800,0.27,0.272,0.27,0.271,10071.58
1762067700,0.271,0.271,0.27,0.27,494.63
1762068600,0.27,0.271,0.27,0.27,1166.15
1762069500,0.27,0.272,0.27,0.272,14190.27
1762070400,0.272,0.272,0.27,0.272,3521.15
1762071300,0.272,0.272,0.27,0.272,330.25
1762072200,0.271,0.271,0.27,0.271,688.0
1762073100,0.271,0.271,0.268,0.269,13643.630000000001
1762074000,0.269,0.27,0.269,0.27,627.85
1762074900,0.27,0.271,0.269,0.27,3568.14
1762075800,0.27,0.27,0.267,0.269,22793.969999999998
1762076700,0.269,0.269,0.267,0.268,2871.84
1762077600,0.267,0.268,0.267,0.268,3108.1
1762078500,0.268,0.268,0.267,0.267,3732.24
1762079400,0.267,0.268,0.266,0.268,19453.7
1762080300,0.267,0.267,0.266,0.266,12425.49
1762081200,0.267,0.267,0.267,0.267,494.91
1762082100,0.267,0.269,0.267,0.269,4987.55
1762083000,0.269,0.271,0.269,0.27,23067.85
1762083900,0.27,0.272,0.269,0.271,34008.71
1762084800,0.271,0.272,0.27,0.271,20992.25
1762085700,0.271,0.272,0.27,0.271,8398.29
1762086600,0.27,0.272,0.27,0.27,2709.4100000000003
1762087500,0.27,0.271,0.269,0.271,44251.68
1762088400,0.271,0.271,0.27,0.27,1263.47
1762089300,0.27,0.27,0.268,0.269,24173.99
1762090200,0.269,0.269,0.267,0.267,10266.029999999999
1762091100,0.267,0.268,0.267,0.267,1273.3200000000002
1762092000,0.267,0.269,0.266,0.267,12645.23
1762092900,0.267,0.267,0.264,0.264,48019.590000000004
1762093800,0.264,0.265,0.263,0.263,56246.59
1762094700,0.264,0.264,0.262,0.264,23436.16
1762095600,0.263,0.263,0.262,0.262,7476.31
1762096500,0.263,0.264,0.262,0.264,6522.17
1762097400,0.265,0.266,0.264,0.264,11534.29
1762098300,0.264,0.264,0.263,0.263,1475.79
1762099200,0.263,0.263,0.262,0.262,23551.22
1762100100,0.261,0.263,0.261,0.263,13609.44
1762101000,0.263,0.263,0.261,0.262,6282.32
1762101900,0.263,0.264,0.263,0.264,3249.71
1762102800,0.264,0.264,0.263,0.263,1972.8
1762103700,0.263,0.264,0.263,0.264,2724.5499999999997
1762104600,0.264,0.264,0.262,0.263,12149.61
1762105500,0.263,0.263,0.262,0.262,1789.32
1762106400,0.262,0.262,0.261,0.261,2105.69
1762107300,0.262,0.262,0.261,0.262,3275.95
1762108200,0.262,0.263,0.262,0.263,9581.300000000001
1762109100,0.263,0.263,0.261,0.262,6725.949999999999
1762110000,0.262,0.262,0.261,0.262,7824.01
1762110900,0.262,0.263,0.261,0.261,33982.84
1762111800,0.261,0.261,0.26,0.26,3661.42
1762112700,0.26,0.261,0.26,0.26,2227.49
1762113600,0.26,0.262,0.26,0.262,608.71
1762114500,0.262,0.262,0.261,0.261,344.29
1762115400,0.261,0.263,0.261,0.263,3587.58
1762116300,0.263,0.264,0.263,0.263,7275.54
1762117200,0.263,0.264,0.262,0.262,8316.65
1762118100,0.263,0.264,0.262,0.263,2119.74
1762119000,0.262,0.264,0.262,0.264,421.04
1762119900,0.264,0.264,0.263,0.263,941.27
1762120800,0.262,0.264,0.262,0.263,2329.73
1762121700,0.263,0.264,0.263,0.264,68.1
1762122600,0.264,0.264,0.262,0.263,30588.72
1762123500,0.263,0.264,0.263,0.263,1786.52
1762124400,0.264,0.267,0.264,0.267,72922.78
1762125300,0.267,0.267,0.266,0.267,14887.31
1762126200,0.267,0.269,0.267,0.268,30467.5
1762127100,0.268,0.269,0.268,0.268,18801.7
1762128000,0.268,0.269,0.267,0.268,25304.000000000004
1762128900,0.268,0.269,0.266,0.266,7376.25
1762129800,0.266,0.267,0.266,0.266,14609.77
1762130700,0.266,0.266,0.263,0.263,18142.95
1762131600,0.263,0.264,0.262,0.263,40081.41
1762132500,0.263,0.263,0.261,0.262,36832.65
1762133400,0.262,0.262,0.26,0.261,57968.22
1762134300,0.261,0.261,0.259,0.26,41888.05
1762135200,0.26,0.261,0.258,0.26,38869.42
1762136100,0.26,0.26,0.259,0.259,15613.66
1762137000,0.259,0.259,0.257,0.258,22829.07
1762137900,0.258,0.259,0.257,0.258,29598.05
1762138800,0.258,0.258,0.255,0.255,85670.43
1762139700,0.255,0.256,0.255,0.256,27508.280000000002
1762140600,0.255,0.255,0.253,0.254,176558.64
1762141500,0.253,0.254,0.251,0.252,151474.17
1762142400,0.251,0.252,0.249,0.251,230641.74
1762143300,0.251,0.252,0.25,0.251,39838.91
1762144200,0.251,0.252,0.25,0.251,35407.78
1762145100,0.251,0.254,0.251,0.253,125643.33
1762146000,0.253,0.255,0.253,0.254,61005.32
1762146900,0.254,0.254,0.253,0.254,10691.23
1762147800,0.254,0.254,0.251,0.251,17758.0
1762148700,0.251,0.252,0.251,0.251,70060.68
1762149600,0.251,0.252,0.25,0.25,58819.82
1762150500,0.25,0.251,0.25,0.251,7125.009999999999
1762151400,0.251,0.251,0.249,0.25,54538.43
1762152300,0.25,0.251,0.248,0.251,84306.39
1762153200,0.251,0.251,0.25,0.251,10499.86
1762154100,0.252,0.252,0.251,0.251,30198.23
1762155000,0.251,0.253,0.251,0.252,37054.840000000004
1762155900,0.251,0.253,0.251,0.252,1972.8300000000002
1762156800,0.252,0.252,0.251,0.251,396.46000000000004
1762157700,0.251,0.251,0.25,0.25,21118.94
1762158600,0.25,0.25,0.249,0.249,19989.95
1762159500,0.249,0.252,0.248,0.251,43134.39
1762160400,0.25,0.254,0.25,0.253,137958.12000000002
1762161300,0.253,0.254,0.251,0.251,36897.82
1762162200,0.251,0.251,0.251,0.251,15777.39
1762163100,0.251,0.251,0.249,0.25,57132.58
1762164000,0.25,0.251,0.249,0.25,23511.48
1762164900,0.25,0.251,0.25,0.251,7870.49
1762165800,0.251,0.251,0.249,0.249,27097.54
1762166700,0.249,0.25,0.248,0.249,63222.850000000006
1762167600,0.249,0.252,0.249,0.251,37585.46
1762168500,0.251,0.252,0.25,0.251,24774.090000000004
1762169400,0.251,0.252,0.251,0.252,6899.46
1762170300,0.252,0.252,0.251,0.251,13598.87
1762171200,0.251,0.253,0.251,0.252,8856.05
1762172100,0.252,0.253,0.252,0.253,903.8199999999999
1762173000,0.253,0.253,0.251,0.251,20614.34
1762173900,0.251,0.252,0.251,0.251,1209.26
1762174800,0.251,0.252,0.25,0.25,3766.7999999999997
1762175700,0.25,0.251,0.249,0.25,13370.74
1762176600,0.251,0.253,0.251,0.251,10163.519999999999
1762177500,0.251,0.253,0.251,0.251,71208.49
1762178400,0.252,0.254,0.252,0.253,72033.61
1762179300,0.253,0.253,0.251,0.253,6025.48
1762180200,0.252,0.253,0.251,0.252,7084.09
1762181100,0.252,0.253,0.252,0.253,9481.13
1762182000,0.254,0.254,0.252,0.252,40053.73
1762182900,0.252,0.252,0.243,0.244,348459.53
1762183800,0.244,0.248,0.233,0.245,708416.98
1762184700,0.245,0.246,0.243,0.244,499716.22000000003
1762185600,0.244,0.249,0.244,0.247,192035.68
1762186500,0.248,0.25,0.247,0.247,125205.29
1762187400,0.248,0.249,0.247,0.247,18013.309999999998
1762188300,0.247,0.248,0.246,0.247,16201.93
1762189200,0.246,0.247,0.245,0.246,37577.44
1762190100,0.247,0.25,0.246,0.246,45411.67
1762191000,0.246,0.248,0.246,0.248,18798.46
1762191900,0.248,0.248,0.247,0.248,10085.31
1762192800,0.248,0.248,0.247,0.247,35946.53
1762193700,0.246,0.247,0.246,0.246,10105.61
1762194600,0.246,0.247,0.245,0.245,4838.45
1762195500,0.245,0.246,0.245,0.245,53198.29
1762196400,0.245,0.245,0.244,0.245,22838.5
1762197300,0.245,0.245,0.244,0.244,40145.17
1762198200,0.244,0.245,0.244,0.244,14428.05
1762199100,0.245,0.245,0.243,0.244,49795.87
1762200000,0.243,0.244,0.242,0.242,30801.640000000003
1762200900,0.242,0.243,0.242,0.242,12127.35
1762201800,0.243,0.244,0.243,0.243,18100.61
1762202700,0.243,0.243,0.24,0.241,10691.279999999999
1762203600,0.241,0.245,0.241,0.242,44588.020000000004
1762204500,0.242,0.243,0.24,0.243,27245.76
1762205400,0.243,0.243,0.242,0.243,43118.82
1762206300,0.243,0.244,0.243,0.244,97.52
1762207200,0.244,0.244,0.242,0.243,7669.92
1762208100,0.243,0.243,0.242,0.242,12740.32
1762209000,0.242,0.242,0.24,0.241,17928.5
1762209900,0.242,0.244,0.242,0.243,11593.97
1762210800,0.243,0.243,0.241,0.241,54077.81
1762211700,0.241,0.243,0.24,0.243,24338.01
1762212600,0.243,0.244,0.243,0.244,38834.88
1762213500,0.244,0.244,0.243,0.243,16166.86
1762214400,0.243,0.244,0.243,0.243,3674.9300000000003
1762215300,0.243,0.243,0.242,0.242,14587.6
1762216200,0.242,0.246,0.242,0.245,60846.18
1762217100,0.245,0.245,0.243,0.245,20234.35
1762218000,0.245,0.245,0.243,0.245,14564.28
1762218900,0.245,0.246,0.244,0.244,12096.43
1762219800,0.244,0.246,0.244,0.245,17228.05
1762220700,0.245,0.245,0.244,0.244,12399.68
1762221600,0.244,0.246,0.244,0.245,11278.68
1762222500,0.245,0.246,0.245,0.245,12324.369999999999
1762223400,0.245,0.245,0.244,0.244,21329.87
1762224300,0.244,0.244,0.244,0.244,11765.650000000001
1762225200,0.244,0.246,0.244,0.246,13267.78
1762226100,0.246,0.246,0.244,0.246,7950.4
1762227000,0.245,0.246,0.244,0.245,10541.99
1762227900,0.245,0.245,0.245,0.245,490.83
1762228800,0.245,0.247,0.245,0.246,24250.390000000003
1762229700,0.246,0.247,0.245,0.247,8205.15
1762230600,0.246,0.247,0.246,0.247,27022.08
1762231500,0.247,0.247,0.245,0.246,16542.98
1762232400,0.246,0.247,0.246,0.247,15342.67
1762233300,0.247,0.247,0.242,0.243,30625.170000000002
1762234200,0.242,0.242,0.24,0.24,56029.1
1762235100,0.24,0.24,0.236,0.237,59524.82
1762236000,0.237,0.242,0.237,0.242,71578.32
1762236900,0.242,0.245,0.242,0.242,64242.82
1762237800,0.242,0.242,0.241,0.241,17884.48
1762238700,0.241,0.242,0.24,0.241,29654.75
1762239600,0.241,0.241,0.239,0.239,33687.5
1762240500,0.239,0.241,0.238,0.238,75231.75
1762241400,0.238,0.238,0.237,0.237,35043.69
1762242300,0.237,0.238,0.237,0.238,19951.54
1762243200,0.237,0.238,0.237,0.237,57132.61
1762244100,0.237,0.24,0.236,0.24,48234.67
1762245000,0.24,0.242,0.24,0.24,35281.229999999996
1762245900,0.24,0.24,0.238,0.239,23873.18
1762246800,0.239,0.239,0.238,0.239,8505.36
1762247700,0.239,0.241,0.239,0.24,10278.66
1762248600,0.24,0.241,0.239,0.241,14725.97
1762249500,0.241,0.241,0.239,0.24,7853.28
1762250400,0.24,0.241,0.24,0.241,20713.190000000002
1762251300,0.241,0.241,0.24,0.241,10271.2
1762252200,0.241,0.241,0.24,0.241,17414.29
1762253100,0.241,0.242,0.24,0.241,7429.639999999999
1762254000,0.241,0.243,0.24,0.242,26648.59
1762254900,0.242,0.243,0.24,0.24,19977.91
1762255800,0.24,0.241,0.24,0.24,29180.89
1762256700,0.24,0.241,0.239,0.24,121586.9
1762257600,0.24,0.241,0.239,0.239,41495.54
1762258500,0.239,0.24,0.239,0.239,13780.679999999998
1762259400,0.239,0.239,0.238,0.238,15489.51
1762260300,0.238,0.238,0.237,0.237,42989.850000000006
1762261200,0.237,0.239,0.237,0.237,42019.99
1762262100,0.237,0.238,0.236,0.237,31755.86
1762263000,0.237,0.239,0.237,0.239,29982.09
1762263900,0.238,0.239,0.238,0.238,3817.59
1762264800,0.238,0.238,0.235,0.237,101560.73
1762265700,0.238,0.238,0.237,0.238,39571.090000000004
1762266600,0.238,0.242,0.238,0.242,132753.99
1762267500,0.243,0.246,0.242,0.244,57157.729999999996
1762268400,0.244,0.245,0.243,0.244,44805.26
1762269300,0.244,0.246,0.243,0.244,42664.02
1762270200,0.244,0.245,0.244,0.244,15261.39
1762271100,0.244,0.244,0.241,0.241,24771.73
1762272000,0.241,0.243,0.241,0.242,14567.599999999999
1762272900,0.242,0.242,0.239,0.241,85164.59999999999
1762273800,0.241,0.241,0.238,0.238,43568.95
1762274700,0.238,0.239,0.236,0.237,21416.27
1762275600,0.237,0.237,0.232,0.233,161169.97
1762276500,0.233,0.238,0.232,0.235,189597.99000000002
1762277400,0.236,0.239,0.236,0.236,43968.33
1762278300,0.237,0.237,0.236,0.236,79291.6
1762279200,0.236,0.236,0.234,0.235,78409.6
1762280100,0.235,0.235,0.232,0.232,64209.83
1762281000,0.232,0.234,0.228,0.234,119685.06
1762281900,0.234,0.235,0.231,0.234,63545.42
1762282800,0.234,0.235,0.233,0.235,62696.1
1762283700,0.235,0.236,0.234,0.234,53534.22
1762284600,0.235,0.235,0.233,0.234,31908.6
1762285500,0.233,0.234,0.232,0.232,38116.880000000005
1762286400,0.232,0.232,0.229,0.229,59106.5
1762287300,0.229,0.23,0.223,0.229,266203.62
1762288200,0.23,0.233,0.226,0.233,115552.09
1762289100,0.232,0.233,0.229,0.231,71585.68
1762290000,0.231,0.231,0.229,0.229,59649.7
1762290900,0.229,0.229,0.227,0.228,49669.14
1762291800,0.227,0.227,0.222,0.224,165653.84
1762292700,0.225,0.231,0.224,0.23,166014.77
1762293600,0.23,0.233,0.23,0.233,92047.65
1762294500,0.234,0.235,0.233,0.234,82341.76999999999
1762295400,0.234,0.237,0.234,0.235,74027.65
1762296300,0.235,0.236,0.234,0.235,23648.15
1762297200,0.235,0.237,0.235,0.236,44726.27
1762298100,0.236,0.237,0.234,0.236,7671.58
1762299000,0.236,0.236,0.234,0.235,10171.83
1762299900,0.235,0.235,0.234,0.235,5449.21
1762300800,0.234,0.235,0.233,0.233,32248.0
1762301700,0.233,0.235,0.233,0.233,25511.48
1762302600,0.233,0.233,0.23,0.231,32379.71
1762303500,0.231,0.232,0.231,0.232,8070.17
1762304400,0.232,0.232,0.23,0.23,55427.81
1762305300,0.23,0.23,0.224,0.225,89919.3
1762306200,0.225,0.227,0.223,0.225,109227.06
1762307100,0.225,0.232,0.225,0.231,82396.71
1762308000,0.231,0.235,0.231,0.233,77736.53
1762308900,0.233,0.235,0.233,0.234,19741.57
1762309800,0.234,0.236,0.234,0.236,13712.32
1762310700,0.237,0.237,0.235,0.237,26866.8
1762311600,0.238,0.239,0.236,0.236,12834.550000000001
1762312500,0.236,0.237,0.236,0.237,1810.0900000000001
1762313400,0.237,0.238,0.237,0.238,1744.4
1762314300,0.238,0.238,0.237,0.237,13073.78
1762315200,0.237,0.238,0.237,0.237,15377.92
1762316100,0.237,0.237,0.236,0.236,13958.71
1762317000,0.236,0.238,0.236,0.238,25115.85
1762317900,0.238,0.238,0.237,0.237,3886.99
1762318800,0.237,0.239,0.237,0.239,9814.55
1762319700,0.239,0.239,0.238,0.238,3583.0
1762320600,0.238,0.239,0.238,0.238,792.2
1762321500,0.238,0.239,0.238,0.238,3035.7799999999997
1762322400,0.238,0.239,0.238,0.238,15368.1
1762323300,0.238,0.238,0.236,0.237,24954.370000000003
1762324200,0.237,0.237,0.237,0.237,1447.42
1762325100,0.237,0.237,0.237,0.237,1631.85
1762326000,0.238,0.238,0.238,0.238,100.0
1762326900,0.238,0.238,0.237,0.237,10570.800000000001
1762327800,0.237,0.238,0.237,0.237,58947.350000000006
1762328700,0.237,0.239,0.237,0.238,21671.790000000005
1762329600,0.238,0.238,0.236,0.236,19366.16
1762330500,0.236,0.236,0.234,0.234,27224.72
1762331400,0.234,0.237,0.234,0.235,49086.07
1762332300,0.235,0.236,0.234,0.235,63128.68
1762333200,0.235,0.236,0.235,0.236,13587.66
1762334100,0.236,0.237,0.235,0.237,23383.920000000002
1762335000,0.236,0.236,0.235,0.235,21090.51
1762335900,0.235,0.236,0.235,0.235,9634.140000000001
1762336800,0.235,0.236,0.235,0.235,1866.49
1762337700,0.235,0.236,0.234,0.235,10238.25
1762338600,0.235,0.236,0.233,0.234,28871.12
1762339500,0.234,0.234,0.233,0.233,5880.05
1762340400,0.233,0.234,0.233,0.234,12642.91
1762341300,0.234,0.236,0.234,0.236,29608.61
1762342200,0.236,0.236,0.235,0.235,5308.97
1762343100,0.236,0.237,0.236,0.237,11856.65
1762344000,0.237,0.237,0.235,0.236,3117.93
1762344900,0.236,0.238,0.236,0.237,35812.58
1762345800,0.237,0.237,0.236,0.237,10350.67
1762346700,0.237,0.238,0.236,0.238,4986.13
1762347600,0.237,0.238,0.236,0.236,9649.79
1762348500,0.236,0.236,0.235,0.236,10049.039999999999
1762349400,0.236,0.238,0.236,0.237,7393.3
1762350300,0.237,0.238,0.237,0.238,8229.84
1762351200,0.238,0.239,0.238,0.238,14521.97
1762352100,0.238,0.239,0.237,0.237,20433.0
1762353000,0.237,0.238,0.235,0.237,13997.2
1762353900,0.237,0.238,0.236,0.237,17477.48
1762354800,0.237,0.238,0.236,0.237,7427.86
1762355700,0.237,0.238,0.237,0.238,6422.79
1762356600,0.238,0.238,0.237,0.238,6324.9800000000005
1762357500,0.238,0.24,0.237,0.239,22169.02
1762358400,0.239,0.24,0.238,0.238,10843.97
1762359300,0.238,0.239,0.237,0.238,7967.7300000000005
1762360200,0.238,0.24,0.238,0.239,52624.88
1762361100,0.239,0.241,0.239,0.241,37744.64
1762362000,0.24,0.24,0.239,0.239,51910.46
1762362900,0.239,0.241,0.239,0.24,14384.380000000001
1762363800,0.24,0.24,0.239,0.239,16683.11
1762364700,0.239,0.24,0.239,0.239,42197.12
1762365600,0.24,0.24,0.239,0.24,5553.93
1762366500,0.24,0.24,0.239,0.24,22174.09
1762367400,0.24,0.241,0.239,0.241,58372.5
1762368300,0.241,0.241,0.241,0.241,8643.779999999999
1762369200,0.241,0.241,0.24,0.24,842.55
1762370100,0.24,0.242,0.24,0.241,11548.88
1762371000,0.241,0.241,0.24,0.24,3694.3100000000004
1762371900,0.24,0.241,0.239,0.24,10486.3
1762372800,0.24,0.242,0.239,0.242,11467.29
1762373700,0.242,0.242,0.239,0.239,39992.82
1762374600,0.239,0.24,0.239,0.24,1371.92
1762375500,0.24,0.24,0.239,0.239,437.35
1762376400,0.239,0.24,0.239,0.239,29400.77
1762377300,0.239,0.24,0.239,0.239,509.59000000000003
1762378200,0.239,0.241,0.239,0.24,4415.43
1762379100,0.24,0.241,0.239,0.24,30518.43
1762380000,0.24,0.24,0.24,0.24,905.65
1762380900,0.24,0.24,0.24,0.24,52.41
1762381800,0.24,0.242,0.239,0.241,10650.29
1762382700,0.241,0.242,0.241,0.241,612.95
1762383600,0.241,0.242,0.241,0.242,10160.009999999998
1762384500,0.242,0.242,0.241,0.242,28569.38
1762385400,0.242,0.242,0.241,0.241,1041.59
1762386300,0.241,0.243,0.241,0.243,41913.77
1762387200,0.242,0.242,0.241,0.241,27695.089999999997
1762388100,0.241,0.241,0.24,0.24,3634.24
1762389000,0.24,0.241,0.24,0.24,920.38
1762389900,0.24,0.242,0.24,0.242,8402.75
1762390800,0.241,0.241,0.24,0.24,20917.0
1762391700,0.24,0.24,0.238,0.238,31074.5
1762392600,0.238,0.24,0.238,0.239,13915.51
1762393500,0.239,0.24,0.238,0.239,13041.79
1762394400,0.239,0.24,0.238,0.238,6777.12
1762395300,0.239,0.239,0.239,0.239,8791.29
1762396200,0.239,0.241,0.238,0.24,13834.570000000002
1762397100,0.241,0.242,0.24,0.241,42215.28
1762398000,0.241,0.241,0.241,0.241,726.27
1762398900,0.241,0.242,0.241,0.242,11928.92
1762399800,0.242,0.242,0.241,0.242,54257.84
1762400700,0.242,0.242,0.242,0.242,6768.52
1762401600,0.242,0.242,0.241,0.241,18992.64
1762402500,0.242,0.242,0.241,0.241,5713.05
1762403400,0.241,0.241,0.24,0.241,30245.91
1762404300,0.241,0.242,0.24,0.24,47188.07
1762405200,0.24,0.24,0.238,0.239,22927.78
1762406100,0.239,0.239,0.238,0.239,13549.93
1762407000,0.239,0.239,0.237,0.238,2842.14
1762407900,0.237,0.237,0.237,0.237,34464.2
1762408800,0.236,0.238,0.236,0.237,7675.33
1762409700,0.237,0.238,0.237,0.238,10109.8
1762410600,0.238,0.238,0.238,0.238,14056.34
1762411500,0.238,0.238,0.237,0.238,27448.3
1762412400,0.238,0.238,0.237,0.237,6216.370000000001
1762413300,0.237,0.239,0.236,0.238,72313.32
1762414200,0.238,0.238,0.236,0.236,20620.75
1762415100,0.236,0.237,0.236,0.236,28713.58
1762416000,0.236,0.237,0.236,0.237,34919.95
1762416900,0.237,0.238,0.237,0.237,7451.18
1762417800,0.237,0.237,0.236,0.237,7516.01
1762418700,0.236,0.237,0.236,0.237,67565.86
1762419600,0.236,0.237,0.235,0.237,25518.07
1762420500,0.237,0.238,0.236,0.237,12849.11
1762421400,0.237,0.237,0.236,0.237,70038.76000000001
1762422300,0.237,0.237,0.237,0.237,7147.94
1762423200,0.237,0.237,0.234,0.236,42709.41
1762424100,0.236,0.237,0.236,0.237,14588.930000000002
1762425000,0.237,0.238,0.237,0.237,43609.75
1762425900,0.237,0.237,0.237,0.237,7729.68
1762426800,0.237,0.237,0.235,0.236,9451.21
1762427700,0.236,0.238,0.236,0.237,12874.48
1762428600,0.237,0.238,0.237,0.238,3247.92
1762429500,0.238,0.238,0.237,0.238,7826.83
1762430400,0.238,0.238,0.236,0.238,40175.03
1762431300,0.238,0.238,0.236,0.236,6439.74
1762432200,0.236,0.237,0.235,0.235,30618.16
1762433100,0.235,0.236,0.235,0.236,212.76
1762434000,0.236,0.237,0.235,0.237,19310.510000000002
1762434900,0.237,0.239,0.237,0.239,77353.65
1762435800,0.24,0.24,0.239,0.239,8873.460000000001
1762436700,0.24,0.242,0.24,0.241,31250.06
1762437600,0.241,0.241,0.238,0.238,53726.61
1762438500,0.238,0.239,0.238,0.238,9394.92
1762439400,0.238,0.238,0.236,0.237,50379.19
1762440300,0.237,0.238,0.235,0.236,103361.62
1762441200,0.236,0.237,0.235,0.237,26521.31
1762442100,0.236,0.239,0.236,0.236,46285.75
1762443000,0.236,0.236,0.234,0.234,142866.87999999998
1762443900,0.234,0.234,0.232,0.234,71754.06999999999
1762444800,0.234,0.234,0.233,0.234,23360.21
1762445700,0.234,0.234,0.233,0.233,13046.58
1762446600,0.233,0.234,0.231,0.232,86594.37999999999
1762447500,0.232,0.235,0.232,0.233,72114.64
1762448400,0.234,0.235,0.233,0.235,28509.710000000003
1762449300,0.235,0.236,0.233,0.236,33953.92
1762450200,0.235,0.235,0.234,0.235,8283.19
1762451100,0.235,0.237,0.235,0.236,28164.68
1762452000,0.236,0.237,0.235,0.235,9233.369999999999
1762452900,0.235,0.235,0.233,0.234,39436.409999999996
1762453800,0.234,0.238,0.234,0.237,17079.2
1762454700,0.238,0.238,0.237,0.238,12755.470000000001
1762455600,0.237,0.238,0.237,0.238,9649.810000000001
1762456500,0.238,0.239,0.237,0.238,9369.99
1762457400,0.238,0.239,0.237,0.237,15502.53
1762458300,0.237,0.239,0.237,0.239,6867.5199999999995
1762459200,0.239,0.24,0.239,0.239,45299.94
1762460100,0.239,0.24,0.238,0.238,15515.400000000001
1762461000,0.239,0.239,0.237,0.237,52008.68
1762461900,0.237,0.237,0.236,0.237,16082.64
1762462800,0.237,0.238,0.237,0.237,10178.46
1762463700,0.237,0.239,0.237,0.238,5679.4
1762464600,0.238,0.239,0.238,0.239,12357.33
1762465500,0.239,0.239,0.237,0.239,21471.12
1762466400,0.239,0.239,0.238,0.238,9821.65
1762467300,0.238,0.239,0.238,0.238,6294.0
1762468200,0.238,0.238,0.236,0.236,10800.91
1762469100,0.236,0.237,0.236,0.237,30377.379999999997
1762470000,0.237,0.238,0.236,0.238,23887.8
1762470900,0.237,0.238,0.235,0.237,102033.15
1762471800,0.237,0.237,0.236,0.237,3449.9900000000002
1762472700,0.237,0.238,0.237,0.238,10047.119999999999
1762473600,0.238,0.241,0.238,0.24,52150.24
1762474500,0.241,0.242,0.238,0.24,177626.05
1762475400,0.24,0.242,0.239,0.242,32974.21
1762476300,0.242,0.244,0.242,0.242,271840.45999999996
1762477200,0.243,0.243,0.24,0.242,32873.64
1762478100,0.242,0.245,0.241,0.243,51110.63
1762479000,0.244,0.244,0.24,0.241,116293.59999999999
1762479900,0.241,0.243,0.241,0.243,18833.78
1762480800,0.243,0.244,0.243,0.243,22729.670000000002
1762481700,0.243,0.244,0.242,0.243,16180.23
1762482600,0.242,0.244,0.242,0.243,38840.07
1762483500,0.243,0.244,0.243,0.244,12602.75
1762484400,0.244,0.251,0.244,0.246,287795.94
1762485300,0.246,0.247,0.245,0.247,44380.74
1762486200,0.247,0.247,0.247,0.247,5928.33
1762487100,0.247,0.247,0.246,0.247,11381.65
1762488000,0.247,0.248,0.245,0.246,92853.21
1762488900,0.246,0.247,0.245,0.246,15473.130000000001
1762489800,0.246,0.246,0.245,0.246,4697.780000000001
1762490700,0.246,0.247,0.246,0.247,4886.469999999999
1762491600,0.246,0.25,0.246,0.249,88610.25
1762492500,0.249,0.249,0.248,0.248,12789.359999999999
1762493400,0.248,0.25,0.248,0.249,12686.85
1762494300,0.249,0.251,0.249,0.25,84929.22
1762495200,0.25,0.252,0.25,0.25,52281.18
1762496100,0.25,0.252,0.25,0.252,77810.78
1762497000,0.251,0.252,0.25,0.251,25084.07
1762497900,0.25,0.251,0.249,0.25,18634.43
1762498800,0.25,0.251,0.249,0.25,16300.630000000001
1762499700,0.25,0.253,0.249,0.25,121065.19
1762500600,0.25,0.251,0.249,0.25,43702.7
1762501500,0.25,0.253,0.25,0.253,61702.99
1762502400,0.253,0.253,0.252,0.253,74990.81999999999
1762503300,0.253,0.254,0.252,0.253,75864.31
1762504200,0.253,0.254,0.251,0.251,95602.2
1762505100,0.251,0.252,0.251,0.251,39803.59
1762506000,0.251,0.253,0.25,0.251,68946.09
1762506900,0.251,0.252,0.249,0.249,52895.81
1762507800,0.249,0.25,0.248,0.248,172318.23
1762508700,0.248,0.251,0.248,0.25,22818.92
1762509600,0.251,0.253,0.25,0.25,106567.87
1762510500,0.25,0.251,0.249,0.249,71165.41
1762511400,0.249,0.251,0.249,0.251,15402.820000000002
1762512300,0.251,0.251,0.248,0.249,75726.23
1762513200,0.249,0.25,0.247,0.247,90388.76
1762514100,0.246,0.247,0.244,0.246,367843.38999999996
1762515000,0.246,0.247,0.245,0.246,27636.59
1762515900,0.246,0.248,0.245,0.246,39148.74
1762516800,0.246,0.248,0.245,0.245,24968.59
1762517700,0.245,0.245,0.244,0.244,32041.010000000002
1762518600,0.244,0.244,0.242,0.243,93256.31999999999
1762519500,0.243,0.243,0.241,0.242,72894.14000000001
1762520400,0.243,0.245,0.241,0.244,40355.14
1762521300,0.244,0.246,0.243,0.244,51803.63
1762522200,0.244,0.244,0.244,0.244,13657.33
1762523100,0.244,0.253,0.244,0.246,256989.96000000002
1762524000,0.246,0.248,0.245,0.247,26392.79
1762524900,0.247,0.247,0.244,0.246,136439.7
1762525800,0.246,0.249,0.242,0.249,215475.74
1762526700,0.249,0.253,0.248,0.252,243210.38
1762527600,0.252,0.254,0.249,0.254,148285.93
1762528500,0.253,0.255,0.252,0.254,120835.2
1762529400,0.254,0.255,0.253,0.254,105957.27
1762530300,0.254,0.257,0.254,0.256,124430.19
1762531200,0.256,0.258,0.255,0.257,118228.73
1762532100,0.257,0.263,0.256,0.262,273056.3
1762533000,0.263,0.266,0.262,0.265,321779.81
1762533900,0.266,0.268,0.265,0.267,244543.24000000002
1762534800,0.267,0.27,0.266,0.27,183848.09
1762535700,0.269,0.272,0.269,0.271,260569.47
1762536600,0.272,0.272,0.27,0.272,96099.52
1762537500,0.272,0.274,0.269,0.273,417729.56
1762538400,0.273,0.275,0.273,0.275,282426.29
1762539300,0.275,0.277,0.274,0.276,254714.78999999998
1762540200,0.277,0.278,0.276,0.278,100816.25
1762541100,0.277,0.279,0.276,0.276,159309.38999999998
1762542000,0.276,0.278,0.276,0.278,54603.96
1762542900,0.278,0.279,0.276,0.278,82839.58
1762543800,0.278,0.279,0.277,0.279,99728.83
1762544700,0.278,0.28,0.278,0.279,61703.729999999996
1762545600,0.278,0.281,0.278,0.28,134634.76
1762546500,0.28,0.28,0.278,0.279,105609.54000000001
1762547400,0.28,0.282,0.279,0.28,182472.35
1762548300,0.281,0.281,0.28,0.281,21665.25
1762549200,0.281,0.283,0.28,0.282,229706.9
1762550100,0.282,0.284,0.282,0.282,111990.95
1762551000,0.282,0.284,0.282,0.283,74744.5
1762551900,0.283,0.284,0.282,0.283,43238.32
1762552800,0.283,0.283,0.281,0.281,97321.08
1762553700,0.281,0.282,0.28,0.282,20967.41
1762554600,0.283,0.284,0.282,0.282,87774.98000000001
1762555500,0.284,0.284,0.282,0.283,28969.189999999995
1762556400,0.283,0.283,0.279,0.28,84725.93
1762557300,0.28,0.281,0.278,0.278,151262.16999999998
1762558200,0.278,0.28,0.278,0.279,14292.32
1762559100,0.279,0.28,0.278,0.278,76401.84
1762560000,0.278,0.283,0.278,0.283,200785.38
1762560900,0.283,0.284,0.281,0.281,102036.79
1762561800,0.281,0.282,0.279,0.281,161182.96
1762562700,0.281,0.281,0.276,0.276,149781.13999999998
1762563600,0.276,0.279,0.276,0.278,61135.67
1762564500,0.278,0.281,0.278,0.281,54717.350000000006
1762565400,0.28,0.283,0.28,0.283,189120.08000000002
1762566300,0.282,0.283,0.281,0.282,134099.93
1762567200,0.282,0.284,0.282,0.283,146399.6
1762568100,0.283,0.284,0.283,0.283,47000.21
1762569000,0.284,0.286,0.283,0.285,127213.87
1762569900,0.285,0.285,0.283,0.283,97056.36
1762570800,0.283,0.284,0.283,0.283,25247.989999999998
1762571700,0.283,0.285,0.283,0.285,27438.23
1762572600,0.284,0.285,0.281,0.281,220752.36000000002
1762573500,0.281,0.283,0.278,0.278,173937.08000000002
1762574400,0.279,0.282,0.278,0.281,111744.18
1762575300,0.281,0.281,0.279,0.279,65875.84
1762576200,0.28,0.282,0.28,0.282,54186.9
1762577100,0.282,0.283,0.28,0.28,104842.45999999999
1762578000,0.281,0.282,0.28,0.28,61183.15
1762578900,0.28,0.28,0.279,0.28,89163.58
1762579800,0.28,0.28,0.277,0.277,179911.93
1762580700,0.277,0.277,0.276,0.276,57841.079999999994
1762581600,0.276,0.277,0.275,0.276,82030.26000000001
1762582500,0.276,0.277,0.274,0.276,114127.81
1762583400,0.276,0.278,0.275,0.278,45621.64
1762584300,0.278,0.279,0.277,0.277,4486.55
1762585200,0.277,0.278,0.277,0.278,15556.89
1762586100,0.278,0.279,0.277,0.278,25802.99
1762587000,0.278,0.28,0.278,0.28,122425.17
1762587900,0.28,0.282,0.279,0.281,117980.15
1762588800,0.281,0.282,0.279,0.279,42221.909999999996
1762589700,0.279,0.281,0.278,0.281,34891.85
1762590600,0.281,0.283,0.28,0.283,211524.55
1762591500,0.284,0.284,0.283,0.283,12514.23
1762592400,0.283,0.283,0.28,0.281,62723.33
1762593300,0.281,0.284,0.281,0.283,36868.93
1762594200,0.283,0.284,0.282,0.282,102066.98
1762595100,0.282,0.282,0.279,0.28,86031.3
1762596000,0.281,0.282,0.281,0.282,25558.8
1762596900,0.282,0.283,0.281,0.282,68201.56
1762597800,0.282,0.283,0.282,0.282,65700.97
1762598700,0.283,0.286,0.283,0.285,182099.91
1762599600,0.285,0.286,0.284,0.285,85594.6
1762600500,0.285,0.286,0.285,0.286,76657.01
1762601400,0.286,0.286,0.283,0.284,20709.21
1762602300,0.283,0.285,0.283,0.285,42356.62
1762603200,0.285,0.286,0.283,0.283,85021.43000000001
1762604100,0.283,0.285,0.282,0.285,73230.84
1762605000,0.285,0.285,0.284,0.285,6240.11
1762605900,0.284,0.285,0.284,0.285,28165.82
1762606800,0.285,0.285,0.282,0.284,47874.909999999996
1762607700,0.284,0.284,0.282,0.284,32130.79
1762608600,0.283,0.283,0.28,0.281,225198.63
1762609500,0.281,0.282,0.28,0.28,19676.54
1762610400,0.28,0.281,0.277,0.278,251055.25
1762611300,0.278,0.279,0.276,0.278,137261.76
1762612200,0.278,0.281,0.278,0.28,92922.1
1762613100,0.28,0.281,0.28,0.28,16785.35
1762614000,0.28,0.281,0.278,0.278,55864.869999999995
1762614900,0.279,0.279,0.275,0.278,160042.77999999997
1762615800,0.278,0.278,0.275,0.276,77702.39
1762616700,0.276,0.278,0.276,0.277,29977.21
1762617600,0.277,0.279,0.275,0.278,68707.25
1762618500,0.278,0.279,0.276,0.278,44996.24
1762619400,0.279,0.28,0.277,0.278,112985.76
1762620300,0.278,0.279,0.277,0.278,34331.97
1762621200,0.278,0.279,0.276,0.277,34827.5
1762622100,0.277,0.28,0.277,0.279,66469.6
1762623000,0.279,0.281,0.278,0.28,71583.56
1762623900,0.28,0.28,0.278,0.278,15297.31
1762624800,0.278,0.28,0.278,0.28,21757.449999999997
1762625700,0.28,0.28,0.277,0.278,19947.81
1762626600,0.279,0.28,0.278,0.279,11280.66
1762627500,0.28,0.281,0.28,0.281,11396.59
1762628400,0.28,0.281,0.28,0.281,4517.81
1762629300,0.281,0.281,0.277,0.278,51544.549999999996
1762630200,0.278,0.285,0.278,0.282,524559.27
1762631100,0.281,0.29,0.281,0.287,1222528.06
1762632000,0.287,0.289,0.285,0.286,154796.87
1762632900,0.286,0.288,0.286,0.288,60108.77
1762633800,0.288,0.298,0.288,0.295,864318.33
1762634700,0.295,0.297,0.293,0.296,239143.53
1762635600,0.296,0.297,0.291,0.291,1087692.1099999999
1762636500,0.291,0.302,0.291,0.3,1346273.12
1762637400,0.3,0.3,0.294,0.295,381561.88
1762638300,0.295,0.295,0.29,0.29,306001.38
1762639200,0.29,0.291,0.288,0.289,147212.3
1762640100,0.289,0.29,0.288,0.288,81119.85
1762641000,0.288,0.289,0.286,0.287,72337.73
1762641900,0.287,0.288,0.286,0.286,55137.57000000001
1762642800,0.286,0.287,0.285,0.285,106473.76
1762643700,0.285,0.286,0.285,0.285,62096.0
1762644600,0.285,0.287,0.285,0.285,74031.81
1762645500,0.285,0.286,0.285,0.285,23728.04
1762646400,0.285,0.285,0.282,0.283,215498.15
1762647300,0.283,0.283,0.28,0.281,150187.69
1762648200,0.281,0.282,0.281,0.282,104605.29000000001
1762649100,0.281,0.282,0.278,0.279,228355.45
1762650000,0.279,0.281,0.279,0.28,87062.65000000001
1762650900,0.28,0.28,0.278,0.279,39060.54
1762651800,0.279,0.279,0.277,0.277,126463.61
1762652700,0.279,0.279,0.278,0.278,42576.42
1762653600,0.279,0.28,0.278,0.278,22123.67
1762654500,0.278,0.28,0.277,0.277,68214.97
1762655400,0.277,0.277,0.273,0.273,485891.14
1762656300,0.273,0.275,0.271,0.272,196273.71
1762657200,0.272,0.273,0.271,0.272,112292.65
1762658100,0.271,0.273,0.269,0.27,172578.93
1762659000,0.27,0.271,0.269,0.269,66652.71
1762659900,0.269,0.271,0.269,0.269,38742.22
1762660800,0.27,0.271,0.269,0.27,40518.8
1762661700,0.27,0.273,0.27,0.271,76935.38
1762662600,0.271,0.272,0.27,0.27,33796.74
1762663500,0.27,0.272,0.27,0.272,21311.15
1762664400,0.271,0.272,0.27,0.271,21445.31
1762665300,0.271,0.273,0.271,0.272,91172.18000000001
1762666200,0.272,0.273,0.271,0.272,34859.18
1762667100,0.272,0.274,0.272,0.273,73820.15000000001
1762668000,0.273,0.273,0.272,0.273,26756.23
1762668900,0.273,0.274,0.273,0.274,88026.88
1762669800,0.274,0.274,0.273,0.273,51277.83
1762670700,0.273,0.273,0.271,0.273,58885.74
1762671600,0.272,0.273,0.272,0.273,77397.72
1762672500,0.274,0.275,0.273,0.273,131350.51
1762673400,0.274,0.276,0.274,0.274,34785.450000000004
1762674300,0.275,0.275,0.274,0.274,16065.45
1762675200,0.274,0.274,0.273,0.273,29100.72
1762676100,0.273,0.274,0.271,0.271,267494.06
1762677000,0.272,0.273,0.271,0.271,24572.3
1762677900,0.271,0.272,0.27,0.271,92768.03
1762678800,0.272,0.273,0.271,0.273,32392.039999999997
1762679700,0.273,0.275,0.273,0.274,26700.33
1762680600,0.274,0.274,0.272,0.274,23328.95
1762681500,0.272,0.272,0.271,0.271,43152.130000000005
1762682400,0.271,0.271,0.269,0.269,166818.43
1762683300,0.269,0.271,0.269,0.271,21478.22
1762684200,0.27,0.271,0.27,0.271,10318.46
1762685100,0.272,0.275,0.272,0.275,152821.21000000002
1762686000,0.274,0.275,0.274,0.275,99899.37999999999
1762686900,0.276,0.276,0.274,0.275,1990.72
1762687800,0.275,0.277,0.275,0.276,158133.05000000002
1762688700,0.276,0.277,0.275,0.276,11927.560000000001
1762689600,0.276,0.276,0.274,0.275,25151.81
1762690500,0.276,0.277,0.275,0.276,14634.8
1762691400,0.276,0.276,0.275,0.276,27715.359999999997
1762692300,0.276,0.276,0.275,0.275,4519.04
1762693200,0.275,0.276,0.274,0.275,19958.93
1762694100,0.275,0.276,0.274,0.275,17010.85
1762695000,0.275,0.277,0.275,0.276,9231.74
1762695900,0.276,0.277,0.276,0.276,9342.77
1762696800,0.276,0.277,0.275,0.277,26820.79
1762697700,0.277,0.281,0.275,0.281,280000.69
1762698600,0.281,0.282,0.278,0.28,128351.04000000001
1762699500,0.28,0.28,0.278,0.278,27512.23
1762700400,0.278,0.281,0.277,0.281,14552.89
1762701300,0.281,0.282,0.28,0.281,76063.40999999999
1762702200,0.281,0.283,0.281,0.281,101620.2
1762703100,0.281,0.282,0.28,0.281,44492.93000000001
1762704000,0.281,0.282,0.28,0.28,13856.51
1762704900,0.28,0.281,0.28,0.281,36381.810000000005
1762705800,0.281,0.282,0.28,0.282,1602.43
1762706700,0.281,0.283,0.281,0.283,58659.73
1762707600,0.283,0.283,0.282,0.282,2190.09
1762708500,0.282,0.282,0.28,0.28,56192.45
1762709400,0.28,0.282,0.28,0.28,44604.399999999994
1762710300,0.28,0.282,0.28,0.28,74840.36
1762711200,0.28,0.28,0.279,0.279,61583.54
1762712100,0.279,0.279,0.278,0.278,30883.89
1762713000,0.278,0.279,0.278,0.279,58707.75
1762713900,0.279,0.282,0.279,0.282,88695.75
1762714800,0.281,0.282,0.281,0.281,34574.61
1762715700,0.281,0.282,0.281,0.282,14104.27
1762716600,0.282,0.282,0.281,0.281,1854.6100000000001
1762717500,0.281,0.283,0.281,0.283,41391.57
1762718400,0.283,0.284,0.281,0.283,53393.74
1762719300,0.283,0.284,0.282,0.283,23169.260000000002
1762720200,0.283,0.284,0.281,0.282,20319.67
1762721100,0.281,0.282,0.28,0.282,17700.36
1762722000,0.282,0.282,0.281,0.281,1797.25
1762722900,0.281,0.282,0.28,0.282,18060.54
1762723800,0.282,0.282,0.281,0.281,6360.42
1762724700,0.281,0.282,0.28,0.28,5501.08
1762725600,0.28,0.28,0.28,0.28,26290.89
1762726500,0.281,0.282,0.281,0.281,28378.149999999998
1762727400,0.281,0.281,0.279,0.281,16423.510000000002
1762728300,0.281,0.281,0.281,0.281,3956.8
1762729200,0.282,0.284,0.282,0.282,119880.35
1762730100,0.282,0.283,0.28,0.28,63072.49
1762731000,0.28,0.281,0.28,0.28,7983.69
1762731900,0.28,0.281,0.28,0.281,8746.87
1762732800,0.281,0.281,0.279,0.281,40358.48
1762733700,0.281,0.283,0.281,0.283,44314.21
1762734600,0.283,0.285,0.283,0.284,73242.63
1762735500,0.284,0.286,0.284,0.285,255645.15000000002
1762736400,0.285,0.286,0.282,0.284,64215.95
1762737300,0.284,0.284,0.283,0.283,24207.63
1762738200,0.283,0.283,0.281,0.281,40850.39000000001
1762739100,0.281,0.282,0.281,0.281,18382.11
1762740000,0.281,0.282,0.28,0.282,55359.63
1762740900,0.282,0.282,0.281,0.282,140.66
1762741800,0.282,0.282,0.281,0.281,8928.91
1762742700,0.281,0.282,0.281,0.282,14245.4
1762743600,0.282,0.285,0.282,0.284,91928.5
1762744500,0.284,0.284,0.283,0.284,6310.59
1762745400,0.284,0.286,0.284,0.285,89352.58
1762746300,0.284,0.284,0.283,0.284,44340.340000000004
1762747200,0.284,0.285,0.284,0.284,5515.75
1762748100,0.283,0.284,0.282,0.282,30411.559999999998
1762749000,0.283,0.283,0.282,0.282,2237.31
1762749900,0.283,0.284,0.283,0.284,10595.34
1762750800,0.283,0.284,0.283,0.284,5947.44
1762751700,0.284,0.284,0.283,0.283,16343.94
1762752600,0.283,0.283,0.282,0.282,38357.84
1762753500,0.282,0.284,0.282,0.284,22355.57
1762754400,0.284,0.285,0.284,0.284,44713.93
1762755300,0.284,0.284,0.282,0.282,14756.49
1762756200,0.283,0.283,0.283,0.283,11619.93
1762757100,0.283,0.283,0.282,0.283,18473.89
1762758000,0.283,0.285,0.283,0.284,10637.24
1762758900,0.284,0.284,0.283,0.284,11801.15
1762759800,0.284,0.284,0.283,0.284,5578.36
1762760700,0.283,0.284,0.283,0.283,2064.33
1762761600,0.283,0.284,0.283,0.283,19132.91
1762762500,0.283,0.284,0.282,0.283,13127.490000000002
1762763400,0.283,0.283,0.281,0.281,85310.82
1762764300,0.281,0.282,0.281,0.282,14061.86
1762765200,0.282,0.282,0.281,0.282,104240.95999999999
1762766100,0.282,0.284,0.282,0.284,51693.14
1762767000,0.284,0.286,0.284,0.285,117201.44
1762767900,0.286,0.288,0.286,0.287,197813.2
1762768800,0.287,0.287,0.284,0.285,20250.73
1762769700,0.284,0.286,0.284,0.285,25394.480000000003
1762770600,0.284,0.285,0.283,0.284,82493.17
1762771500,0.284,0.285,0.283,0.284,31113.050000000003
1762772400,0.284,0.286,0.283,0.286,49223.6
1762773300,0.286,0.286,0.285,0.285,1063.2
1762774200,0.285,0.287,0.285,0.287,34866.97
1762775100,0.287,0.287,0.285,0.286,8146.09
1762776000,0.285,0.286,0.284,0.286,44153.659999999996
1762776900,0.286,0.286,0.285,0.286,5748.9
1762777800,0.286,0.286,0.285,0.286,7376.33
1762778700,0.285,0.287,0.284,0.284,388172.61
1762779600,0.284,0.287,0.284,0.286,123910.73999999999
1762780500,0.286,0.286,0.284,0.285,49356.32
1762781400,0.285,0.286,0.285,0.286,15873.39
1762782300,0.286,0.286,0.285,0.285,10987.93
1762783200,0.285,0.285,0.283,0.284,44165.68
1762784100,0.284,0.285,0.283,0.284,111002.57
1762785000,0.284,0.284,0.283,0.283,9461.99
1762785900,0.283,0.283,0.279,0.281,266087.85
1762786800,0.281,0.283,0.281,0.282,44322.490000000005
1762787700,0.282,0.284,0.282,0.283,42503.76
1762788600,0.283,0.286,0.283,0.285,116557.51999999999
1762789500,0.284,0.284,0.28,0.282,110569.68000000001
1762790400,0.282,0.283,0.282,0.283,45423.56
1762791300,0.283,0.283,0.282,0.282,28150.149999999998
1762792200,0.282,0.282,0.279,0.279,175473.56
1762793100,0.279,0.28,0.278,0.28,53251.22
1762794000,0.28,0.28,0.279,0.28,15837.95
1762794900,0.28,0.282,0.28,0.281,9098.800000000001
1762795800,0.281,0.283,0.281,0.283,148128.67
1762796700,0.283,0.284,0.283,0.283,25327.32
1762797600,0.283,0.283,0.282,0.282,10897.630000000001
1762798500,0.282,0.282,0.281,0.281,98.82
1762799400,0.281,0.283,0.281,0.283,10519.269999999999
1762800300,0.283,0.283,0.282,0.282,33414.39
1762801200,0.282,0.282,0.281,0.282,29350.43
1762802100,0.282,0.284,0.282,0.283,15493.82
1762803000,0.283,0.285,0.282,0.284,89288.56
1762803900,0.284,0.285,0.284,0.284,101084.28
1762804800,0.284,0.285,0.283,0.285,16940.36
1762805700,0.285,0.285,0.284,0.284,7462.51
1762806600,0.284,0.285,0.283,0.285,27482.43
1762807500,0.285,0.285,0.284,0.284,5090.089999999999
1762808400,0.284,0.284,0.281,0.281,48992.189999999995
1762809300,0.281,0.281,0.281,0.281,17177.48
1762810200,0.281,0.282,0.281,0.281,61955.509999999995
1762811100,0.281,0.281,0.28,0.281,19726.010000000002
1762812000,0.281,0.283,0.28,0.28,83458.9
1762812900,0.28,0.282,0.28,0.282,32546.12
1762813800,0.282,0.287,0.282,0.286,152356.28
1762814700,0.286,0.288,0.286,0.288,165348.15
1762815600,0.287,0.288,0.286,0.288,25185.94
1762816500,0.288,0.288,0.286,0.287,33557.68
1762817400,0.287,0.287,0.284,0.284,11387.91
1762818300,0.284,0.285,0.284,0.284,7160.25
1762819200,0.284,0.286,0.283,0.285,43268.35
1762820100,0.285,0.285,0.282,0.283,101142.05
1762821000,0.283,0.284,0.281,0.281,131518.69
1762821900,0.282,0.285,0.282,0.284,45794.07
1762822800,0.284,0.286,0.284,0.285,122742.18000000001
1762823700,0.286,0.291,0.286,0.287,396817.47
1762824600,0.287,0.287,0.285,0.285,82006.42
1762825500,0.285,0.287,0.285,0.285,31826.58
1762826400,0.285,0.288,0.284,0.288,50470.37
1762827300,0.287,0.287,0.284,0.286,81387.73000000001
1762828200,0.286,0.289,0.286,0.288,121596.16
1762829100,0.289,0.289,0.287,0.289,12332.199999999999
1762830000,0.289,0.29,0.288,0.289,16586.66
1762830900,0.289,0.29,0.288,0.289,16493.09
1762831800,0.289,0.289,0.287,0.287,19473.120000000003
1762832700,0.287,0.288,0.286,0.288,17520.43
1762833600,0.287,0.287,0.286,0.286,11201.34
1762834500,0.286,0.286,0.285,0.286,48465.84
1762835400,0.285,0.285,0.285,0.285,90978.55
1762836300,0.285,0.285,0.284,0.284,2756.56
1762837200,0.284,0.284,0.282,0.282,272346.74
1762838100,0.282,0.282,0.282,0.282,32446.489999999998
1762839000,0.282,0.282,0.281,0.281,8890.57
1762839900,0.281,0.282,0.281,0.282,17663.61
1762840800,0.282,0.282,0.281,0.282,116871.45
1762841700,0.283,0.283,0.282,0.282,10226.72
1762842600,0.283,0.284,0.283,0.283,9244.619999999999
1762843500,0.282,0.282,0.28,0.282,29448.54
1762844400,0.282,0.282,0.281,0.281,12243.76
1762845300,0.281,0.282,0.279,0.281,97871.24
1762846200,0.281,0.282,0.28,0.28,22835.690000000002
1762847100,0.28,0.281,0.279,0.279,23873.54
1762848000,0.279,0.28,0.279,0.28,143292.12
1762848900,0.28,0.281,0.28,0.28,17527.23
1762849800,0.28,0.281,0.279,0.279,28925.399999999998
1762850700,0.28,0.281,0.28,0.281,40898.23
1762851600,0.281,0.283,0.281,0.283,66791.49
1762852500,0.282,0.283,0.28,0.281,137251.5
1762853400,0.281,0.283,0.281,0.282,77089.3
1762854300,0.281,0.282,0.28,0.28,18524.54
1762855200,0.28,0.282,0.28,0.282,41772.44
1762856100,0.282,0.283,0.281,0.281,136845.63000000003
1762857000,0.282,0.282,0.281,0.282,13964.160000000002
1762857900,0.282,0.283,0.282,0.282,12940.97
1762858800,0.283,0.285,0.282,0.284,85822.76
1762859700,0.285,0.285,0.284,0.284,108609.09999999999
1762860600,0.284,0.285,0.283,0.284,19930.41
1762861500,0.284,0.284,0.283,0.284,2412.81
1762862400,0.284,0.286,0.283,0.284,96354.27
1762863300,0.284,0.284,0.282,0.282,50365.03999999999
1762864200,0.282,0.283,0.281,0.281,30427.87
1762865100,0.281,0.284,0.281,0.283,79477.52
1762866000,0.283,0.285,0.283,0.285,12648.99
1762866900,0.285,0.286,0.284,0.284,83052.27
1762867800,0.284,0.286,0.284,0.285,13789.06
1762868700,0.286,0.287,0.284,0.284,105558.97
1762869600,0.284,0.284,0.282,0.283,68677.08
1762870500,0.283,0.285,0.283,0.284,18597.93
1762871400,0.284,0.285,0.284,0.285,5176.71
1762872300,0.285,0.287,0.283,0.287,173093.16999999998
1762873200,0.287,0.287,0.284,0.285,51766.74
1762874100,0.285,0.286,0.285,0.285,19486.21
1762875000,0.284,0.285,0.283,0.284,46505.62
1762875900,0.284,0.285,0.283,0.285,3468.49
1762876800,0.285,0.285,0.284,0.285,9536.48
1762877700,0.285,0.287,0.285,0.285,43990.46
1762878600,0.285,0.286,0.284,0.285,32353.100000000002
1762879500,0.286,0.287,0.285,0.285,23092.28
1762880400,0.285,0.288,0.285,0.287,50861.34
1762881300,0.287,0.287,0.285,0.286,16630.84
1762882200,0.286,0.286,0.283,0.284,90623.08
1762883100,0.284,0.284,0.284,0.284,5861.93
1762884000,0.284,0.286,0.283,0.283,80470.21
1762884900,0.283,0.284,0.282,0.282,135237.85
1762885800,0.282,0.284,0.282,0.282,21524.31
1762886700,0.282,0.283,0.282,0.282,14766.02
1762887600,0.282,0.282,0.28,0.281,82100.0
1762888500,0.281,0.282,0.281,0.282,10654.81
1762889400,0.282,0.282,0.28,0.281,6331.34
1762890300,0.281,0.281,0.279,0.279,82083.66
1762891200,0.279,0.279,0.278,0.278,125223.82
1762892100,0.279,0.28,0.278,0.279,39933.979999999996
1762893000,0.278,0.278,0.276,0.277,201930.61000000002
1762893900,0.277,0.277,0.276,0.276,5903.95
1762894800,0.277,0.278,0.277,0.278,35512.41
1762895700,0.278,0.28,0.277,0.279,29371.39
1762896600,0.278,0.278,0.276,0.277,71491.56
1762897500,0.277,0.277,0.276,0.277,4794.73
1762898400,0.277,0.277,0.276,0.277,33893.58
1762899300,0.277,0.278,0.276,0.278,27822.86
1762900200,0.278,0.279,0.278,0.278,27054.36
1762901100,0.278,0.279,0.278,0.279,1505.43
1762902000,0.279,0.279,0.277,0.277,2789.34
1762902900,0.277,0.279,0.277,0.278,4662.23
1762903800,0.278,0.278,0.276,0.276,3081.42
1762904700,0.276,0.276,0.275,0.275,111039.05
1762905600,0.275,0.278,0.274,0.275,190203.1
1762906500,0.275,0.277,0.275,0.275,47618.810000000005
1762907400,0.275,0.276,0.275,0.276,27629.09
1762908300,0.276,0.276,0.274,0.274,62916.619999999995
1762909200,0.274,0.277,0.274,0.277,40274.08
1762910100,0.277,0.279,0.277,0.277,54385.03
1762911000,0.277,0.278,0.277,0.277,16490.329999999998
1762911900,0.277,0.278,0.277,0.277,1410.12
1762912800,0.277,0.278,0.276,0.278,24707.59
1762913700,0.278,0.279,0.275,0.277,35706.92
1762914600,0.277,0.277,0.275,0.276,32848.51
1762915500,0.276,0.278,0.276,0.277,22307.59
1762916400,0.277,0.277,0.275,0.276,41845.82000000001
1762917300,0.276,0.277,0.276,0.276,2602.51
1762918200,0.276,0.277,0.276,0.277,162.70999999999998
1762919100,0.277,0.278,0.277,0.278,11753.95
1762920000,0.278,0.278,0.277,0.278,4663.07
1762920900,0.278,0.278,0.277,0.277,763.3399999999999
1762921800,0.277,0.277,0.277,0.277,35523.96
1762922700,0.277,0.279,0.277,0.279,24427.95
1762923600,0.279,0.279,0.277,0.278,16772.63
1762924500,0.278,0.28,0.278,0.279,57621.38
1762925400,0.279,0.28,0.279,0.279,9638.74
1762926300,0.279,0.28,0.279,0.28,37539.369999999995
1762927200,0.28,0.28,0.279,0.28,46884.409999999996
1762928100,0.28,0.282,0.28,0.281,73425.94
1762929000,0.28,0.281,0.28,0.28,590.9300000000001
1762929900,0.28,0.281,0.28,0.28,4527.6900000000005
1762930800,0.28,0.28,0.279,0.279,7524.950000000001
1762931700,0.279,0.279,0.278,0.279,494.29
1762932600,0.279,0.279,0.278,0.278,800.12
1762933500,0.278,0.278,0.277,0.278,41604.43
1762934400,0.278,0.278,0.278,0.278,6633.08
1762935300,0.278,0.28,0.278,0.28,18447.92
1762936200,0.28,0.282,0.28,0.282,54651.48
1762937100,0.282,0.283,0.281,0.281,111701.97
1762938000,0.282,0.282,0.282,0.282,25038.08
1762938900,0.282,0.282,0.28,0.282,35669.57
1762939800,0.281,0.281,0.28,0.281,24150.43
1762940700,0.281,0.281,0.281,0.281,1286.88
1762941600,0.281,0.281,0.28,0.281,19008.53
1762942500,0.281,0.282,0.281,0.282,254.26999999999998
1762943400,0.282,0.282,0.281,0.282,16267.23
1762944300,0.282,0.282,0.281,0.281,1520.31
1762945200,0.281,0.282,0.281,0.282,6672.61
1762946100,0.282,0.282,0.281,0.282,20070.789999999997
1762947000,0.282,0.282,0.281,0.281,9882.68
1762947900,0.281,0.282,0.281,0.282,7617.27
1762948800,0.282,0.283,0.282,0.282,39153.95
1762949700,0.282,0.283,0.282,0.283,13525.91
1762950600,0.282,0.282,0.282,0.282,13388.05
1762951500,0.282,0.282,0.282,0.282,3278.25
1762952400,0.282,0.282,0.282,0.282,7067.28
1762953300,0.282,0.282,0.281,0.282,8034.62
1762954200,0.283,0.284,0.283,0.283,57747.3
1762955100,0.283,0.285,0.283,0.283,104184.43
1762956000,0.283,0.284,0.283,0.284,16032.48
1762956900,0.284,0.284,0.283,0.283,4634.6
1762957800,0.283,0.283,0.281,0.281,78167.63
1762958700,0.281,0.281,0.276,0.279,412510.26
1762959600,0.279,0.281,0.279,0.279,61935.98
1762960500,0.279,0.279,0.278,0.278,33590.03
1762961400,0.279,0.28,0.276,0.277,80681.27
1762962300,0.277,0.277,0.273,0.274,289409.45
1762963200,0.274,0.275,0.268,0.27,485419.97000000003
1762964100,0.27,0.271,0.269,0.269,66129.32
1762965000,0.269,0.271,0.268,0.269,100764.89
1762965900,0.27,0.27,0.268,0.269,105171.9
1762966800,0.269,0.27,0.267,0.268,185558.34
1762967700,0.268,0.269,0.266,0.269,154607.36
1762968600,0.269,0.272,0.268,0.27,132867.69
1762969500,0.27,0.271,0.27,0.271,18211.41
1762970400,0.271,0.271,0.271,0.271,0.0
1762971300,0.271,0.271,0.27,0.271,8891.58
1762972200,0.271,0.272,0.27,0.271,10616.42
1762973100,0.271,0.271,0.269,0.269,4624.3099999999995
1762974000,0.269,0.269,0.268,0.268,7614.4
1762974900,0.268,0.269,0.268,0.268,44054.84
1762975800,0.268,0.27,0.267,0.269,33401.28
1762976700,0.269,0.269,0.268,0.269,9081.59
1762977600,0.269,0.269,0.269,0.269,10416.31
1762978500,0.269,0.27,0.269,0.27,52783.52
1762979400,0.27,0.272,0.27,0.271,47681.67
1762980300,0.271,0.272,0.27,0.27,29295.01
1762981200,0.27,0.272,0.27,0.272,7894.56
1762982100,0.272,0.272,0.271,0.271,40992.1
1762983000,0.271,0.271,0.271,0.271,18231.39
1762983900,0.271,0.271,0.271,0.271,16293.529999999999
1762984800,0.271,0.271,0.269,0.269,9094.96
1762985700,0.27,0.27,0.27,0.27,13569.689999999999
1762986600,0.27,0.27,0.269,0.27,13209.59
1762987500,0.27,0.27,0.27,0.27,3140.37
1762988400,0.27,0.27,0.268,0.269,4609.35
1762989300,0.268,0.269,0.268,0.269,5356.65
1762990200,0.269,0.269,0.268,0.268,37869.740000000005
1762991100,0.268,0.268,0.267,0.268,16708.09
1762992000,0.268,0.27,0.268,0.269,14637.33
1762992900,0.269,0.27,0.268,0.268,20946.79
1762993800,0.268,0.27,0.268,0.269,12758.710000000001
1762994700,0.269,0.27,0.269,0.27,15076.2
1762995600,0.27,0.273,0.27,0.272,104084.28
1762996500,0.271,0.272,0.27,0.27,20597.88
1762997400,0.27,0.272,0.27,0.272,21254.649999999998
1762998300,0.272,0.272,0.27,0.27,8521.0
1762999200,0.27,0.27,0.27,0.27,311.54
1763000100,0.27,0.271,0.27,0.27,3876.48
1763001000,0.269,0.271,0.269,0.27,9993.140000000001
1763001900,0.27,0.27,0.27,0.27,1091.9
1763002800,0.27,0.27,0.268,0.268,54837.31
1763003700,0.268,0.271,0.267,0.271,92477.91
1763004600,0.272,0.274,0.272,0.274,183271.33000000002
1763005500,0.274,0.274,0.272,0.273,37767.47
1763006400,0.272,0.272,0.271,0.272,69882.76
1763007300,0.273,0.273,0.272,0.273,35060.75
1763008200,0.274,0.274,0.272,0.273,17244.54
1763009100,0.273,0.274,0.272,0.274,54352.25
1763010000,0.274,0.274,0.273,0.273,14726.55
1763010900,0.273,0.274,0.273,0.273,9559.69
1763011800,0.273,0.275,0.273,0.275,39462.45
1763012700,0.275,0.278,0.275,0.277,121568.2
1763013600,0.277,0.277,0.276,0.276,14111.24
1763014500,0.276,0.279,0.276,0.278,215855.99
1763015400,0.278,0.278,0.277,0.278,467.26000000000005
1763016300,0.278,0.278,0.278,0.278,16677.52
1763017200,0.278,0.278,0.277,0.277,517.06
1763018100,0.277,0.278,0.277,0.278,1511.16
1763019000,0.278,0.278,0.276,0.276,15626.630000000001
1763019900,0.276,0.277,0.275,0.276,76516.37000000001
1763020800,0.276,0.276,0.275,0.276,12852.949999999999
1763021700,0.276,0.276,0.276,0.276,4340.69
1763022600,0.276,0.276,0.276,0.276,95.29
1763023500,0.276,0.277,0.276,0.277,102.0
1763024400,0.277,0.277,0.273,0.274,153263.74000000002
1763025300,0.274,0.276,0.274,0.276,16368.96
1763026200,0.276,0.276,0.274,0.274,21378.18
1763027100,0.274,0.275,0.274,0.274,41093.44
1763028000,0.274,0.276,0.274,0.275,5050.74
1763028900,0.275,0.277,0.275,0.277,17336.27
1763029800,0.276,0.276,0.275,0.276,31048.68
1763030700,0.276,0.276,0.275,0.275,105.22
1763031600,0.275,0.275,0.275,0.275,5734.129999999999
1763032500,0.276,0.277,0.275,0.275,20480.53
1763033400,0.275,0.276,0.275,0.276,3866.54
1763034300,0.277,0.277,0.276,0.277,5188.17
1763035200,0.276,0.277,0.275,0.276,12814.05
1763036100,0.276,0.276,0.276,0.276,381.86
1763037000,0.276,0.278,0.276,0.278,55466.06
1763037900,0.278,0.278,0.277,0.277,21323.36
1763038800,0.277,0.278,0.276,0.277,57088.32
1763039700,0.277,0.277,0.274,0.275,37316.37
1763040600,0.275,0.276,0.273,0.274,78692.35
1763041500,0.274,0.276,0.274,0.274,7586.45
1763042400,0.274,0.275,0.274,0.274,19214.14
1763043300,0.274,0.275,0.273,0.275,4161.26
1763044200,0.275,0.276,0.273,0.274,121624.54
1763045100,0.273,0.279,0.273,0.278,246744.84
1763046000,0.277,0.278,0.275,0.278,59209.55
1763046900,0.278,0.278,0.276,0.276,26047.53
1763047800,0.276,0.276,0.274,0.275,60269.030000000006
1763048700,0.274,0.274,0.273,0.274,75197.96
1763049600,0.274,0.275,0.273,0.274,31912.99
1763050500,0.274,0.274,0.271,0.272,104608.92
1763051400,0.272,0.273,0.271,0.271,39325.29
1763052300,0.271,0.271,0.269,0.27,112972.42
1763053200,0.269,0.27,0.267,0.267,184885.91
1763054100,0.268,0.268,0.266,0.267,85870.65
1763055000,0.267,0.267,0.264,0.264,196563.07
1763055900,0.264,0.265,0.262,0.263,189434.22
1763056800,0.262,0.263,0.261,0.261,97502.46
1763057700,0.261,0.263,0.26,0.261,88895.31
1763058600,0.261,0.262,0.258,0.26,178842.80000000002
1763059500,0.261,0.261,0.259,0.26,48926.49
1763060400,0.259,0.261,0.259,0.26,32142.359999999997
1763061300,0.26,0.262,0.258,0.262,74864.83
1763062200,0.262,0.262,0.259,0.26,61642.43
1763063100,0.26,0.26,0.258,0.258,79967.4
1763064000,0.258,0.26,0.257,0.259,46668.03
1763064900,0.259,0.259,0.257,0.258,29257.71
1763065800,0.259,0.26,0.259,0.26,57016.89
1763066700,0.259,0.259,0.259,0.259,12850.380000000001
1763067600,0.259,0.26,0.258,0.259,20924.39
1763068500,0.259,0.259,0.257,0.257,14744.22
1763069400,0.258,0.259,0.257,0.258,19280.690000000002
1763070300,0.259,0.259,0.257,0.259,10333.349999999999
1763071200,0.259,0.262,0.259,0.261,51281.26
1763072100,0.261,0.262,0.26,0.261,45428.840000000004
1763073000,0.261,0.263,0.261,0.263,67653.93000000001
1763073900,0.263,0.264,0.263,0.264,5964.4
1763074800,0.263,0.264,0.262,0.264,54102.98
1763075700,0.264,0.266,0.264,0.266,54568.61000000001
1763076600,0.266,0.267,0.266,0.267,42507.34
1763077500,0.267,0.267,0.264,0.264,146039.99
1763078400,0.264,0.265,0.262,0.263,97482.44
1763079300,0.263,0.263,0.262,0.263,53878.29
1763080200,0.263,0.266,0.263,0.264,38406.97
1763081100,0.264,0.264,0.262,0.263,19229.829999999998
1763082000,0.262,0.263,0.261,0.263,17933.69
1763082900,0.262,0.264,0.262,0.262,20715.86
1763083800,0.263,0.264,0.262,0.262,14647.66
1763084700,0.262,0.263,0.262,0.262,10201.17
1763085600,0.262,0.263,0.261,0.262,187118.27
1763086500,0.262,0.263,0.262,0.263,18683.06
1763087400,0.263,0.264,0.262,0.263,13518.1
1763088300,0.263,0.264,0.261,0.262,109337.47000000002
1763089200,0.262,0.262,0.262,0.262,6396.95
1763090100,0.262,0.262,0.261,0.261,55499.25
1763091000,0.261,0.261,0.259,0.26,40704.97
1763091900,0.26,0.261,0.26,0.261,18070.79
1763092800,0.261,0.261,0.259,0.26,6549.43
1763093700,0.26,0.26,0.259,0.26,10677.13
1763094600,0.26,0.26,0.251,0.254,520935.82
1763095500,0.255,0.257,0.255,0.256,110298.01000000001
1763096400,0.256,0.258,0.256,0.256,67932.09
1763097300,0.256,0.258,0.256,0.258,64286.1
1763098200,0.258,0.26,0.257,0.259,70874.28
1763099100,0.259,0.261,0.259,0.259,60355.48
1763100000,0.259,0.26,0.258,0.258,5627.83
1763100900,0.258,0.258,0.258,0.258,1427.57
1763101800,0.257,0.258,0.256,0.256,39017.77
1763102700,0.256,0.262,0.255,0.262,184761.49
1763103600,0.262,0.263,0.26,0.261,48783.57
1763104500,0.261,0.262,0.261,0.261,37084.25
1763105400,0.261,0.261,0.26,0.26,7227.35
1763106300,0.261,0.262,0.261,0.261,11289.44
1763107200,0.261,0.261,0.26,0.26,3287.6899999999996
1763108100,0.26,0.26,0.259,0.259,3118.87
1763109000,0.259,0.26,0.259,0.26,36353.82
1763109900,0.26,0.26,0.259,0.26,6180.44
1763110800,0.26,0.26,0.259,0.26,9328.11
1763111700,0.259,0.26,0.258,0.259,20050.81
1763112600,0.259,0.259,0.256,0.257,96769.36
1763113500,0.257,0.257,0.256,0.257,41215.3
1763114400,0.257,0.257,0.257,0.257,43502.08
1763115300,0.257,0.258,0.257,0.258,29320.8
1763116200,0.258,0.259,0.258,0.259,18104.48
1763117100,0.259,0.259,0.257,0.258,13193.52
1763118000,0.258,0.258,0.256,0.256,61283.28999999999
1763118900,0.256,0.257,0.256,0.257,12178.14
1763119800,0.257,0.257,0.255,0.256,44889.62
1763120700,0.256,0.256,0.255,0.256,14844.82
1763121600,0.256,0.257,0.254,0.254,42795.47
1763122500,0.254,0.256,0.254,0.256,63790.38999999999
1763123400,0.256,0.256,0.252,0.253,84553.87
1763124300,0.253,0.258,0.253,0.257,101989.97
1763125200,0.257,0.258,0.256,0.256,249733.59
1763126100,0.256,0.256,0.255,0.256,55108.740000000005
1763127000,0.256,0.256,0.254,0.254,44884.38
1763127900,0.254,0.256,0.254,0.256,30738.96
1763128800,0.256,0.258,0.255,0.256,26752.15
1763129700,0.256,0.258,0.256,0.257,30446.010000000002
1763130600,0.257,0.261,0.255,0.261,245377.22
1763131500,0.261,0.262,0.26,0.26,27913.54
1763132400,0.26,0.261,0.259,0.259,30138.8
1763133300,0.259,0.262,0.259,0.262,60132.25
1763134200,0.262,0.263,0.261,0.262,95183.15
1763135100,0.262,0.264,0.262,0.263,86381.2
1763136000,0.263,0.263,0.262,0.263,89046.2
1763136900,0.263,0.266,0.263,0.266,217745.88999999998
1763137800,0.265,0.266,0.264,0.265,32855.380000000005
1763138700,0.265,0.267,0.265,0.267,13866.32
1763139600,0.267,0.267,0.266,0.267,15991.830000000002
1763140500,0.266,0.266,0.265,0.265,15577.380000000001
1763141400,0.265,0.265,0.264,0.264,2077.57
1763142300,0.264,0.264,0.262,0.262,86829.85
1763143200,0.262,0.265,0.261,0.265,13168.55
1763144100,0.265,0.265,0.263,0.263,2782.81
1763145000,0.264,0.264,0.261,0.261,34205.93
1763145900,0.261,0.262,0.261,0.261,213.93
1763146800,0.261,0.263,0.261,0.263,23973.319999999996
1763147700,0.263,0.266,0.263,0.265,49075.659999999996
1763148600,0.264,0.264,0.263,0.263,17975.99
1763149500,0.263,0.264,0.263,0.264,23183.05
1763150400,0.264,0.265,0.264,0.264,7086.6900000000005
1763151300,0.264,0.264,0.262,0.262,26990.28
1763152200,0.262,0.262,0.258,0.259,135469.07
1763153100,0.259,0.259,0.258,0.259,38095.84
1763154000,0.259,0.262,0.259,0.262,53102.69
1763154900,0.262,0.262,0.261,0.261,37590.81
1763155800,0.261,0.261,0.26,0.261,6098.18
1763156700,0.261,0.262,0.261,0.262,4266.03
1763157600,0.262,0.262,0.26,0.26,10087.83
1763158500,0.259,0.26,0.259,0.26,5042.35
1763159400,0.261,0.261,0.26,0.26,8249.720000000001
1763160300,0.262,0.262,0.258,0.258,38747.53
1763161200,0.258,0.258,0.254,0.257,170060.43000000002
1763162100,0.257,0.258,0.255,0.256,15706.939999999999
1763163000,0.256,0.258,0.256,0.257,13358.49
1763163900,0.258,0.259,0.256,0.256,56813.55
1763164800,0.257,0.258,0.257,0.258,13169.6
1763165700,0.258,0.259,0.258,0.259,13111.41
1763166600,0.259,0.259,0.257,0.257,6397.530000000001
1763167500,0.257,0.258,0.257,0.258,601.45
1763168400,0.259,0.261,0.259,0.26,84161.14
1763169300,0.26,0.261,0.26,0.26,48703.049999999996
1763170200,0.26,0.262,0.26,0.261,5516.58
1763171100,0.261,0.262,0.261,0.262,6160.57
1763172000,0.262,0.262,0.261,0.261,5311.3
1763172900,0.261,0.262,0.261,0.262,456.31
1763173800,0.262,0.263,0.262,0.263,18826.09
1763174700,0.263,0.264,0.263,0.263,52389.689999999995
1763175600,0.264,0.265,0.263,0.264,41258.0
1763176500,0.265,0.265,0.264,0.265,50965.75
1763177400,0.265,0.265,0.264,0.265,33131.23
1763178300,0.265,0.265,0.264,0.265,7840.610000000001
1763179200,0.265,0.265,0.265,0.265,2512.97
1763180100,0.265,0.265,0.264,0.264,5313.63
1763181000,0.264,0.264,0.264,0.264,1269.04
1763181900,0.264,0.265,0.263,0.264,12871.99
1763182800,0.264,0.264,0.262,0.264,1611.6
1763183700,0.264,0.264,0.263,0.264,1602.31
1763184600,0.264,0.264,0.262,0.263,6709.18
1763185500,0.263,0.264,0.263,0.264,7364.19
1763186400,0.264,0.264,0.264,0.264,9276.06
1763187300,0.264,0.265,0.264,0.265,115.65
1763188200,0.265,0.266,0.265,0.266,60563.04
1763189100,0.265,0.265,0.265,0.265,10878.57
1763190000,0.265,0.265,0.264,0.264,394.59000000000003
1763190900,0.265,0.265,0.264,0.265,10581.460000000001
1763191800,0.265,0.265,0.262,0.263,62419.880000000005
1763192700,0.263,0.263,0.262,0.262,6787.06
1763193600,0.262,0.263,0.261,0.262,52049.38
1763194500,0.262,0.262,0.26,0.261,86513.32
1763195400,0.26,0.261,0.26,0.261,43690.97
1763196300,0.26,0.26,0.259,0.259,97331.56
1763197200,0.259,0.261,0.259,0.261,6186.009999999999
1763198100,0.261,0.262,0.26,0.261,22799.43
1763199000,0.261,0.261,0.261,0.261,4412.0199999999995
1763199900,0.261,0.261,0.26,0.26,5436.37
1763200800,0.26,0.261,0.259,0.261,34685.06
1763201700,0.261,0.261,0.26,0.26,4010.2599999999998
1763202600,0.26,0.261,0.259,0.261,7925.12
1763203500,0.26,0.261,0.26,0.261,3570.87
1763204400,0.261,0.261,0.261,0.261,14327.39
1763205300,0.261,0.262,0.261,0.262,797.55
1763206200,0.261,0.261,0.261,0.261,7252.2
1763207100,0.261,0.261,0.259,0.261,12420.03
1763208000,0.261,0.261,0.26,0.261,8084.49
1763208900,0.261,0.262,0.261,0.262,14047.539999999999
1763209800,0.262,0.262,0.262,0.262,357.74
1763210700,0.263,0.264,0.262,0.264,24066.03
1763211600,0.264,0.264,0.263,0.264,89338.56999999999
1763212500,0.264,0.266,0.264,0.265,123629.98
1763213400,0.265,0.266,0.264,0.265,10995.65
1763214300,0.265,0.266,0.264,0.265,4878.4
1763215200,0.265,0.266,0.264,0.265,16812.77
1763216100,0.265,0.265,0.263,0.263,14142.61
1763217000,0.263,0.264,0.263,0.264,466.12
1763217900,0.264,0.264,0.263,0.264,1180.06
1763218800,0.264,0.264,0.263,0.263,161.72
1763219700,0.263,0.264,0.263,0.264,3516.54
1763220600,0.265,0.265,0.263,0.263,4083.5499999999997
1763221500,0.263,0.264,0.263,0.263,1062.9
1763222400,0.263,0.264,0.263,0.264,6901.4
1763223300,0.264,0.264,0.262,0.262,32805.47
1763224200,0.262,0.263,0.261,0.262,5450.6
1763225100,0.262,0.263,0.262,0.263,3537.07
1763226000,0.263,0.265,0.263,0.264,4516.5
1763226900,0.264,0.265,0.263,0.263,32379.26
1763227800,0.263,0.263,0.263,0.263,119.03
1763228700,0.264,0.266,0.264,0.265,6221.26
1763229600,0.265,0.266,0.265,0.266,3356.7200000000003
1763230500,0.266,0.266,0.264,0.264,13373.470000000001
1763231400,0.264,0.264,0.264,0.264,0.0
1763232300,0.264,0.264,0.264,0.264,600.0
1763233200,0.264,0.266,0.264,0.265,7640.89
1763234100,0.265,0.265,0.265,0.265,5713.62
1763235000,0.265,0.265,0.265,0.265,0.0
1763235900,0.265,0.265,0.264,0.265,3254.74
1763236800,0.265,0.265,0.265,0.265,187.54
1763237700,0.265,0.265,0.263,0.263,13216.439999999999
1763238600,0.263,0.263,0.263,0.263,6326.22
1763239500,0.263,0.263,0.263,0.263,4360.89
1763240400,0.263,0.265,0.263,0.265,37555.34
1763241300,0.265,0.265,0.263,0.263,10673.810000000001
1763242200,0.263,0.264,0.261,0.261,39764.11
1763243100,0.262,0.262,0.261,0.262,3144.8
1763244000,0.262,0.262,0.261,0.261,601.4300000000001
1763244900,0.262,0.263,0.261,0.261,6763.51
1763245800,0.262,0.263,0.262,0.262,5035.54
1763246700,0.262,0.265,0.262,0.264,5439.81
1763247600,0.264,0.264,0.264,0.264,118.74
1763248500,0.264,0.265,0.264,0.265,2900.4700000000003
1763249400,0.264,0.265,0.263,0.265,7689.7300000000005
1763250300,0.264,0.265,0.263,0.264,6341.76
1763251200,0.264,0.265,0.263,0.263,33593.53
1763252100,0.263,0.263,0.261,0.262,7774.2699999999995
1763253000,0.262,0.263,0.261,0.263,8800.18
1763253900,0.263,0.264,0.263,0.264,4386.36
1763254800,0.262,0.264,0.261,0.264,18160.66
1763255700,0.264,0.264,0.262,0.263,14451.88
1763256600,0.263,0.263,0.26,0.262,82726.47
1763257500,0.262,0.264,0.26,0.263,28963.71
1763258400,0.262,0.265,0.262,0.264,59119.01
1763259300,0.264,0.266,0.264,0.265,52362.78
1763260200,0.265,0.266,0.262,0.266,125742.4
1763261100,0.266,0.266,0.265,0.266,44783.63
1763262000,0.266,0.266,0.264,0.264,1298.98
1763262900,0.264,0.267,0.264,0.266,24142.38
1763263800,0.266,0.266,0.265,0.266,116.37
1763264700,0.266,0.266,0.266,0.266,1132.43
1763265600,0.266,0.266,0.265,0.265,81.03999999999999
1763266500,0.265,0.266,0.264,0.264,6312.13
1763267400,0.264,0.264,0.263,0.263,2178.3199999999997
1763268300,0.263,0.265,0.263,0.265,1182.82
1763269200,0.265,0.266,0.264,0.266,1051.07
1763270100,0.266,0.266,0.265,0.265,1812.17
1763271000,0.265,0.266,0.265,0.265,1953.76
1763271900,0.265,0.266,0.265,0.265,561.48
1763272800,0.265,0.267,0.265,0.267,4972.59
1763273700,0.267,0.267,0.265,0.266,1639.56
1763274600,0.266,0.266,0.266,0.266,0.0
1763275500,0.266,0.266,0.264,0.264,2013.0700000000002
1763276400,0.265,0.266,0.265,0.265,2813.7799999999997
1763277300,0.265,0.265,0.264,0.264,3261.8
1763278200,0.265,0.266,0.265,0.265,6398.43
1763279100,0.266,0.266,0.265,0.266,1545.5500000000002
1763280000,0.266,0.266,0.265,0.265,377.46
1763280900,0.265,0.265,0.264,0.264,8643.9
1763281800,0.264,0.265,0.263,0.265,750.0
1763282700,0.265,0.265,0.263,0.265,12728.189999999999
1763283600,0.265,0.265,0.263,0.265,52227.04
1763284500,0.265,0.265,0.263,0.265,15765.17
1763285400,0.265,0.265,0.265,0.265,1180.9
1763286300,0.265,0.266,0.263,0.265,70893.31
1763287200,0.265,0.266,0.264,0.265,5169.32
1763288100,0.265,0.266,0.264,0.266,9462.210000000001
1763289000,0.266,0.266,0.265,0.265,279.63
1763289900,0.265,0.266,0.265,0.265,1075.26
1763290800,0.265,0.265,0.263,0.263,28155.28
1763291700,0.263,0.263,0.261,0.261,80770.90000000001
1763292600,0.261,0.261,0.26,0.26,93975.14
1763293500,0.26,0.261,0.26,0.261,9345.98
1763294400,0.261,0.262,0.26,0.26,11941.12
1763295300,0.26,0.261,0.26,0.261,1992.31
1763296200,0.261,0.261,0.259,0.261,78439.14
1763297100,0.261,0.261,0.261,0.261,4359.46
1763298000,0.261,0.261,0.26,0.261,6890.48
1763298900,0.261,0.261,0.259,0.259,7827.15
1763299800,0.26,0.26,0.259,0.259,47403.119999999995
1763300700,0.259,0.259,0.258,0.259,19532.57
1763301600,0.259,0.26,0.258,0.259,10462.34
1763302500,0.259,0.26,0.258,0.259,18028.01
1763303400,0.259,0.26,0.259,0.26,4498.88
1763304300,0.26,0.261,0.26,0.261,2181.55
1763305200,0.261,0.261,0.261,0.261,181.4
1763306100,0.26,0.26,0.259,0.259,13161.67
1763307000,0.259,0.259,0.259,0.259,83.88
1763307900,0.259,0.259,0.255,0.256,332345.47
1763308800,0.255,0.257,0.255,0.256,121787.69
1763309700,0.256,0.256,0.255,0.256,57291.48
1763310600,0.255,0.256,0.254,0.256,89810.51
1763311500,0.256,0.256,0.253,0.254,231405.54
1763312400,0.254,0.254,0.253,0.254,19414.989999999998
1763313300,0.254,0.255,0.253,0.253,95593.8
1763314200,0.254,0.255,0.252,0.252,108248.69
1763315100,0.253,0.255,0.25,0.255,238019.03999999998
1763316000,0.254,0.258,0.254,0.257,307401.95999999996
1763316900,0.256,0.258,0.255,0.255,24376.43
1763317800,0.255,0.255,0.253,0.254,105573.68000000001
1763318700,0.254,0.254,0.253,0.253,66014.18
1763319600,0.253,0.256,0.253,0.256,60466.439999999995
1763320500,0.256,0.256,0.254,0.254,14115.130000000001
1763321400,0.254,0.255,0.254,0.255,13379.12
1763322300,0.255,0.255,0.254,0.255,853.95
1763323200,0.254,0.256,0.253,0.256,13067.57
1763324100,0.255,0.256,0.254,0.256,20066.059999999998
1763325000,0.256,0.256,0.255,0.255,5690.71
1763325900,0.255,0.255,0.255,0.255,0.0
1763326800,0.254,0.254,0.253,0.253,37856.71
1763327700,0.253,0.254,0.252,0.252,74929.28
1763328600,0.253,0.253,0.252,0.253,23429.57
1763329500,0.253,0.254,0.253,0.254,8384.35
1763330400,0.254,0.254,0.25,0.254,262543.55
1763331300,0.254,0.255,0.254,0.255,71527.87
1763332200,0.255,0.255,0.254,0.254,15405.650000000001
1763333100,0.254,0.257,0.254,0.256,131942.09
1763334000,0.256,0.257,0.252,0.256,215604.18
1763334900,0.256,0.258,0.256,0.257,147073.52
1763335800,0.257,0.259,0.256,0.257,44137.05
1763336700,0.257,0.257,0.257,0.257,24411.92
1763337600,0.257,0.257,0.257,0.257,388.82000000000005
1763338500,0.257,0.257,0.255,0.257,31426.59
1763339400,0.258,0.259,0.257,0.258,158943.7
1763340300,0.258,0.258,0.258,0.258,14257.800000000001
1763341200,0.258,0.258,0.257,0.257,10340.62
1763342100,0.257,0.258,0.257,0.258,15138.04
1763343000,0.258,0.258,0.258,0.258,57.28
1763343900,0.258,0.258,0.256,0.256,5481.2
1763344800,0.257,0.259,0.257,0.258,24815.899999999998
1763345700,0.258,0.258,0.258,0.258,2525.5
1763346600,0.258,0.258,0.257,0.257,8705.22
1763347500,0.257,0.257,0.256,0.256,25119.1
1763348400,0.256,0.258,0.256,0.258,16082.18
1763349300,0.258,0.259,0.257,0.257,3280.09
1763350200,0.257,0.258,0.257,0.257,1858.94
1763351100,0.257,0.258,0.257,0.258,839.4
1763352000,0.258,0.258,0.257,0.257,2644.5600000000004
1763352900,0.257,0.258,0.257,0.258,4306.99
1763353800,0.258,0.258,0.257,0.258,5815.0
1763354700,0.258,0.258,0.257,0.257,15328.720000000001
1763355600,0.257,0.258,0.256,0.256,6806.51
1763356500,0.256,0.257,0.256,0.257,5194.67
1763357400,0.257,0.257,0.256,0.256,6838.93
1763358300,0.257,0.257,0.257,0.257,478.38
1763359200,0.257,0.257,0.257,0.257,6659.51
1763360100,0.257,0.258,0.256,0.258,12760.529999999999
1763361000,0.257,0.257,0.257,0.257,3295.0699999999997
1763361900,0.257,0.257,0.257,0.257,1823.71
1763362800,0.258,0.258,0.258,0.258,18144.14
1763363700,0.258,0.258,0.258,0.258,2490.17
1763364600,0.258,0.258,0.258,0.258,589.8
1763365500,0.258,0.259,0.258,0.258,5090.65
1763366400,0.258,0.259,0.258,0.258,367.85
1763367300,0.258,0.258,0.258,0.258,9731.01
1763368200,0.258,0.259,0.258,0.259,8865.410000000002
1763369100,0.259,0.259,0.258,0.258,206.57
1763370000,0.258,0.258,0.258,0.258,5925.389999999999
1763370900,0.259,0.26,0.258,0.259,81348.14
1763371800,0.259,0.259,0.258,0.258,29571.829999999998
1763372700,0.258,0.259,0.258,0.259,91.48
1763373600,0.259,0.259,0.258,0.259,8329.44
1763374500,0.259,0.259,0.259,0.259,28560.21
1763375400,0.259,0.259,0.258,0.259,10801.930000000002
1763376300,0.259,0.259,0.258,0.259,2354.89
1763377200,0.259,0.259,0.258,0.258,27.98
1763378100,0.258,0.26,0.258,0.259,1168.3799999999999
1763379000,0.259,0.259,0.259,0.259,13545.59
1763379900,0.259,0.26,0.258,0.259,22493.91
1763380800,0.258,0.259,0.258,0.259,167.05
1763381700,0.259,0.259,0.258,0.258,1927.33
1763382600,0.258,0.258,0.258,0.258,16217.16
1763383500,0.258,0.258,0.258,0.258,0.0
1763384400,0.258,0.258,0.255,0.256,68795.49
1763385300,0.256,0.256,0.255,0.255,82689.54000000001
1763386200,0.255,0.256,0.253,0.254,179607.71
1763387100,0.254,0.254,0.251,0.253,369092.2
1763388000,0.252,0.254,0.252,0.253,59985.64
1763388900,0.253,0.255,0.253,0.254,57636.340000000004
1763389800,0.254,0.262,0.253,0.258,788500.07
1763390700,0.258,0.259,0.257,0.257,86308.38
1763391600,0.258,0.258,0.256,0.257,121342.82999999999
1763392500,0.257,0.259,0.255,0.258,207950.71
1763393400,0.258,0.259,0.256,0.256,32280.67
1763394300,0.257,0.257,0.255,0.257,14734.66
1763395200,0.257,0.257,0.254,0.254,88198.76
1763396100,0.254,0.257,0.253,0.257,157196.93
1763397000,0.257,0.258,0.256,0.257,41634.33
1763397900,0.257,0.259,0.257,0.259,204401.09
1763398800,0.259,0.259,0.257,0.257,17962.06
1763399700,0.257,0.257,0.255,0.255,81769.41
1763400600,0.256,0.256,0.254,0.254,205968.63000000003
1763401500,0.254,0.26,0.251,0.254,1218465.91
1763402400,0.253,0.255,0.253,0.253,145500.13
1763403300,0.253,0.253,0.251,0.252,207055.13
1763404200,0.252,0.252,0.25,0.252,163886.52000000002
1763405100,0.253,0.254,0.252,0.252,89089.13
1763406000,0.252,0.252,0.252,0.252,13988.78
1763406900,0.252,0.252,0.251,0.251,20488.74
1763407800,0.251,0.253,0.251,0.251,110929.29000000001
1763408700,0.251,0.251,0.25,0.25,76571.5
1763409600,0.25,0.251,0.249,0.251,117540.45
1763410500,0.251,0.252,0.251,0.251,41795.21
1763411400,0.251,0.251,0.25,0.25,101525.76000000001
1763412300,0.25,0.253,0.25,0.252,24609.32
1763413200,0.252,0.253,0.252,0.252,40653.36
1763414100,0.252,0.252,0.251,0.251,12174.46
1763415000,0.251,0.252,0.251,0.252,21594.1
1763415900,0.252,0.252,0.251,0.251,5899.58
1763416800,0.251,0.252,0.251,0.252,4298.34
1763417700,0.252,0.253,0.252,0.252,35151.369999999995
1763418600,0.252,0.253,0.252,0.253,509.87
1763419500,0.253,0.253,0.252,0.253,3080.7300000000005
1763420400,0.252,0.252,0.252,0.252,6273.89
1763421300,0.252,0.252,0.251,0.252,236.39
1763422200,0.252,0.254,0.252,0.252,63885.509999999995
1763423100,0.252,0.253,0.252,0.253,365.1
1763424000,0.253,0.254,0.252,0.253,9035.6
1763424900,0.253,0.254,0.252,0.252,26612.51
1763425800,0.252,0.252,0.25,0.25,37639.58
1763426700,0.251,0.254,0.25,0.253,148656.59
1763427600,0.254,0.255,0.253,0.254,139056.35
1763428500,0.254,0.254,0.253,0.253,17745.77
1763429400,0.253,0.254,0.252,0.253,21462.34
1763430300,0.253,0.253,0.252,0.252,5463.77
1763431200,0.252,0.254,0.252,0.252,18828.010000000002
1763432100,0.253,0.255,0.252,0.254,37224.44
1763433000,0.254,0.255,0.253,0.254,112608.62
1763433900,0.254,0.254,0.251,0.252,99587.49
1763434800,0.252,0.252,0.25,0.251,177634.68000000002
1763435700,0.252,0.253,0.251,0.252,29527.34
1763436600,0.252,0.256,0.251,0.255,258149.65
1763437500,0.255,0.256,0.254,0.255,29436.08
1763438400,0.255,0.256,0.254,0.254,15271.27
1763439300,0.254,0.256,0.254,0.254,14595.53
1763440200,0.253,0.254,0.253,0.254,23360.56
1763441100,0.254,0.256,0.253,0.256,158764.07
1763442000,0.256,0.257,0.255,0.257,77855.65
1763442900,0.257,0.258,0.256,0.257,165589.68000000002
1763443800,0.257,0.258,0.256,0.256,27562.93
1763444700,0.256,0.256,0.255,0.255,6593.77
1763445600,0.255,0.256,0.255,0.256,28561.050000000003
1763446500,0.256,0.257,0.255,0.255,3770.24
1763447400,0.255,0.256,0.254,0.254,17703.1
1763448300,0.254,0.255,0.254,0.255,5236.13
1763449200,0.254,0.254,0.253,0.254,63365.94
1763450100,0.254,0.256,0.254,0.255,15620.17
1763451000,0.255,0.256,0.255,0.256,20537.0
1763451900,0.256,0.256,0.255,0.256,628.9300000000001
1763452800,0.256,0.257,0.255,0.255,26874.54
1763453700,0.256,0.257,0.255,0.256,9451.960000000001
1763454600,0.256,0.258,0.256,0.257,89517.29
1763455500,0.257,0.257,0.257,0.257,58170.36
1763456400,0.257,0.258,0.257,0.257,30271.95
1763457300,0.257,0.259,0.256,0.257,135889.66
1763458200,0.257,0.258,0.256,0.258,12513.82
1763459100,0.258,0.259,0.258,0.258,24374.54
1763460000,0.258,0.258,0.258,0.258,25137.96
1763460900,0.258,0.259,0.257,0.258,41338.59
1763461800,0.258,0.26,0.258,0.259,100255.46
1763462700,0.259,0.259,0.258,0.259,17395.47
1763463600,0.259,0.259,0.258,0.259,17038.61
1763464500,0.259,0.259,0.257,0.258,24588.059999999998
1763465400,0.258,0.259,0.257,0.259,20279.440000000002
1763466300,0.259,0.259,0.258,0.258,5147.55
1763467200,0.258,0.258,0.257,0.257,11682.97
1763468100,0.257,0.259,0.257,0.258,51565.43
1763469000,0.258,0.259,0.257,0.259,10153.81
1763469900,0.259,0.26,0.258,0.258,62516.549999999996
1763470800,0.258,0.259,0.258,0.258,5454.57
1763471700,0.258,0.258,0.257,0.257,550.54
1763472600,0.257,0.259,0.257,0.258,36819.93
1763473500,0.258,0.258,0.258,0.258,589.63
1763474400,0.258,0.26,0.258,0.259,20246.3
1763475300,0.259,0.261,0.258,0.26,133175.03
1763476200,0.26,0.262,0.258,0.26,322446.75
1763477100,0.26,0.261,0.258,0.258,46975.72
1763478000,0.258,0.261,0.258,0.26,99428.04
1763478900,0.26,0.263,0.26,0.261,272965.63
1763479800,0.261,0.263,0.261,0.262,72411.49
1763480700,0.261,0.262,0.261,0.262,21210.58
1763481600,0.262,0.263,0.262,0.262,88390.18000000001
1763482500,0.262,0.265,0.262,0.265,109051.81999999999
1763483400,0.265,0.266,0.264,0.265,93155.31
1763484300,0.265,0.265,0.264,0.264,22125.11
1763485200,0.264,0.265,0.264,0.264,17041.36
1763486100,0.264,0.265,0.263,0.263,15819.95
1763487000,0.263,0.265,0.263,0.264,38804.5
1763487900,0.263,0.264,0.263,0.263,15685.04
1763488800,0.263,0.265,0.263,0.264,11529.619999999999
1763489700,0.264,0.264,0.264,0.264,52.33
1763490600,0.264,0.265,0.264,0.265,731.3399999999999
1763491500,0.265,0.266,0.264,0.265,39014.29
1763492400,0.265,0.265,0.264,0.265,2944.37
1763493300,0.264,0.265,0.264,0.265,28228.66
1763494200,0.265,0.266,0.265,0.265,20235.24
1763495100,0.265,0.265,0.264,0.265,18003.3
1763496000,0.265,0.265,0.264,0.264,5606.41
1763496900,0.264,0.265,0.264,0.264,11842.630000000001
1763497800,0.265,0.265,0.264,0.264,21054.97
1763498700,0.264,0.264,0.263,0.263,5875.93
1763499600,0.263,0.264,0.263,0.263,16297.84
1763500500,0.263,0.264,0.263,0.264,4077.48
1763501400,0.264,0.264,0.262,0.262,3549.49
1763502300,0.262,0.262,0.262,0.262,20869.07
1763503200,0.262,0.263,0.261,0.263,24127.67
1763504100,0.262,0.263,0.262,0.263,6440.71
1763505000,0.263,0.264,0.262,0.262,13133.220000000001
1763505900,0.262,0.264,0.262,0.263,11562.929999999998
1763506800,0.264,0.264,0.263,0.263,4166.91
1763507700,0.263,0.263,0.262,0.263,318.36
1763508600,0.263,0.263,0.262,0.263,370.41
1763509500,0.262,0.263,0.262,0.263,1261.18
1763510400,0.263,0.264,0.261,0.262,34158.39
1763511300,0.262,0.262,0.261,0.261,65392.6
1763512200,0.261,0.264,0.261,0.263,30650.309999999998
1763513100,0.263,0.264,0.263,0.264,4933.92
1763514000,0.264,0.264,0.262,0.263,8972.32
1763514900,0.262,0.265,0.262,0.264,46795.71
1763515800,0.264,0.264,0.263,0.263,19019.29
1763516700,0.263,0.263,0.263,0.263,1794.23
1763517600,0.263,0.264,0.262,0.264,24557.84
1763518500,0.264,0.264,0.262,0.263,13916.47
1763519400,0.263,0.263,0.262,0.263,10215.79
1763520300,0.263,0.264,0.262,0.263,7870.64
1763521200,0.263,0.263,0.262,0.262,15026.529999999999
1763522100,0.262,0.262,0.261,0.261,11098.04
1763523000,0.262,0.262,0.26,0.26,66492.89
1763523900,0.26,0.261,0.259,0.26,88792.61
1763524800,0.26,0.261,0.26,0.26,8282.61
1763525700,0.26,0.26,0.26,0.26,17872.83
1763526600,0.26,0.26,0.259,0.259,1543.3899999999999
1763527500,0.259,0.26,0.258,0.259,51840.229999999996
1763528400,0.259,0.259,0.258,0.258,52110.75
1763529300,0.258,0.258,0.257,0.257,138034.66
1763530200,0.256,0.257,0.255,0.255,162093.85
1763531100,0.255,0.257,0.254,0.256,168719.35
1763532000,0.256,0.257,0.255,0.257,54640.12
1763532900,0.257,0.258,0.257,0.257,77004.25
1763533800,0.257,0.259,0.257,0.259,42780.9
1763534700,0.259,0.259,0.258,0.258,136.63
1763535600,0.258,0.259,0.258,0.258,460.93
1763536500,0.259,0.26,0.258,0.26,100003.23999999999
1763537400,0.259,0.261,0.259,0.26,102075.02
1763538300,0.259,0.261,0.259,0.26,40391.38
1763539200,0.26,0.261,0.26,0.26,10714.48
1763540100,0.26,0.261,0.26,0.26,10825.22
1763541000,0.26,0.261,0.26,0.26,30285.469999999998
1763541900,0.26,0.261,0.26,0.26,946.0
1763542800,0.261,0.261,0.259,0.26,34151.1
1763543700,0.26,0.261,0.259,0.26,47726.04
1763544600,0.26,0.261,0.26,0.26,22279.79
1763545500,0.26,0.261,0.26,0.26,23320.02
1763546400,0.26,0.262,0.26,0.261,81049.34
1763547300,0.261,0.261,0.261,0.261,34293.5
1763548200,0.261,0.261,0.261,0.261,99.99000000000001
1763549100,0.261,0.261,0.259,0.259,9901.46
1763550000,0.259,0.261,0.259,0.26,23937.0
1763550900,0.26,0.261,0.26,0.26,296.14
1763551800,0.26,0.261,0.26,0.261,1787.48
1763552700,0.261,0.261,0.26,0.26,37561.270000000004
1763553600,0.26,0.262,0.26,0.26,54398.83
1763554500,0.26,0.26,0.26,0.26,3936.5
1763555400,0.26,0.26,0.26,0.26,9647.1
1763556300,0.26,0.262,0.26,0.261,22774.68
1763557200,0.261,0.262,0.26,0.261,23397.71
1763558100,0.261,0.262,0.261,0.261,26867.100000000002
1763559000,0.261,0.262,0.26,0.26,28308.14
1763559900,0.26,0.262,0.26,0.26,16606.46
1763560800,0.26,0.261,0.259,0.261,36990.630000000005
1763561700,0.261,0.262,0.258,0.259,41148.02
1763562600,0.259,0.263,0.259,0.262,145291.4
1763563500,0.263,0.263,0.262,0.263,80706.23000000001
1763564400,0.263,0.265,0.263,0.264,118017.25
1763565300,0.264,0.264,0.261,0.263,50277.65
1763566200,0.262,0.262,0.261,0.262,68464.64
1763567100,0.261,0.261,0.259,0.259,67023.39
1763568000,0.259,0.26,0.259,0.259,89388.22
1763568900,0.259,0.259,0.256,0.258,163641.21000000002
1763569800,0.258,0.258,0.257,0.257,42844.44
1763570700,0.257,0.257,0.255,0.256,269449.19
1763571600,0.256,0.257,0.253,0.254,200123.28
1763572500,0.254,0.255,0.253,0.254,122321.92
1763573400,0.254,0.255,0.252,0.255,296696.55
1763574300,0.254,0.255,0.253,0.255,33749.89
1763575200,0.255,0.255,0.254,0.255,23742.69
1763576100,0.255,0.255,0.252,0.253,99280.14
1763577000,0.253,0.253,0.251,0.252,96389.07999999999
1763577900,0.252,0.253,0.251,0.252,52743.02
1763578800,0.253,0.254,0.252,0.253,18736.83
1763579700,0.253,0.253,0.251,0.252,38046.22
1763580600,0.252,0.252,0.251,0.252,7241.759999999999
1763581500,0.252,0.254,0.252,0.252,13400.52
1763582400,0.253,0.253,0.252,0.253,17337.31
1763583300,0.253,0.254,0.252,0.253,39741.05
1763584200,0.254,0.256,0.253,0.254,106620.34
1763585100,0.254,0.256,0.254,0.256,120401.6
1763586000,0.256,0.257,0.256,0.257,120673.19
1763586900,0.257,0.261,0.257,0.259,540300.52
1763587800,0.258,0.26,0.258,0.259,68198.44
1763588700,0.259,0.259,0.259,0.259,13225.08
1763589600,0.259,0.26,0.258,0.258,24374.219999999998
1763590500,0.258,0.259,0.257,0.259,14168.0
1763591400,0.259,0.259,0.257,0.257,4092.38
1763592300,0.257,0.257,0.257,0.257,6147.469999999999
1763593200,0.257,0.26,0.257,0.26,45978.66
1763594100,0.26,0.26,0.26,0.26,384.61
1763595000,0.259,0.26,0.259,0.26,23821.03
1763595900,0.26,0.26,0.26,0.26,1947.3
1763596800,0.26,0.26,0.259,0.259,4489.74
1763597700,0.259,0.261,0.259,0.26,31744.21
1763598600,0.26,0.262,0.26,0.26,126577.24
1763599500,0.26,0.26,0.26,0.26,24445.44
1763600400,0.26,0.261,0.26,0.26,5628.9
1763601300,0.26,0.261,0.26,0.26,616.9000000000001
1763602200,0.26,0.26,0.26,0.26,0.0
1763603100,0.26,0.261,0.26,0.261,530.24
1763604000,0.261,0.262,0.261,0.261,28629.809999999998
1763604900,0.261,0.261,0.26,0.26,10118.18
1763605800,0.26,0.262,0.26,0.26,28092.59
1763606700,0.26,0.262,0.26,0.261,43553.47
1763607600,0.261,0.262,0.261,0.262,839.6
1763608500,0.262,0.262,0.261,0.261,18056.86
1763609400,0.261,0.261,0.261,0.261,1055.0
1763610300,0.261,0.262,0.261,0.262,8895.81
1763611200,0.262,0.262,0.262,0.262,0.0
1763612100,0.262,0.262,0.261,0.261,21049.77
1763613000,0.261,0.263,0.261,0.263,93966.89
1763613900,0.263,0.264,0.262,0.263,113845.75
1763614800,0.264,0.265,0.263,0.264,90495.43
1763615700,0.263,0.264,0.263,0.263,6114.900000000001
1763616600,0.263,0.264,0.263,0.264,4569.47
1763617500,0.264,0.265,0.264,0.264,30540.83
1763618400,0.264,0.265,0.264,0.264,20311.84
1763619300,0.264,0.265,0.264,0.264,15415.74
1763620200,0.265,0.266,0.264,0.264,138908.15
1763621100,0.264,0.266,0.264,0.266,27680.730000000003
1763622000,0.266,0.267,0.265,0.267,86347.58
1763622900,0.268,0.27,0.267,0.269,304868.38
1763623800,0.27,0.27,0.269,0.269,53681.310000000005
1763624700,0.269,0.271,0.269,0.27,106642.70999999999
1763625600,0.27,0.27,0.268,0.268,17714.34
1763626500,0.268,0.27,0.267,0.27,65923.6
1763627400,0.27,0.27,0.268,0.27,34247.880000000005
1763628300,0.27,0.271,0.269,0.27,65349.85999999999
1763629200,0.269,0.271,0.269,0.27,24784.31
1763630100,0.271,0.272,0.27,0.27,144652.51
1763631000,0.27,0.272,0.27,0.271,25608.58
1763631900,0.27,0.27,0.268,0.269,95700.05
1763632800,0.269,0.27,0.268,0.269,92361.86
1763633700,0.269,0.271,0.269,0.27,32082.120000000003
1763634600,0.27,0.271,0.27,0.271,7915.73
1763635500,0.271,0.271,0.27,0.271,19816.69
1763636400,0.271,0.271,0.27,0.27,685.38
1763637300,0.27,0.272,0.269,0.271,102314.26000000001
1763638200,0.271,0.273,0.271,0.272,119436.09000000001
1763639100,0.272,0.273,0.272,0.273,22452.549999999996
1763640000,0.273,0.274,0.272,0.273,120292.93
1763640900,0.273,0.276,0.273,0.276,251141.26
1763641800,0.276,0.276,0.275,0.275,14470.23
1763642700,0.276,0.279,0.275,0.279,350873.87
1763643600,0.279,0.279,0.276,0.278,64023.83
1763644500,0.277,0.278,0.276,0.277,73039.90000000001
1763645400,0.278,0.279,0.276,0.277,181332.52000000002
1763646300,0.276,0.278,0.276,0.276,31053.85
1763647200,0.276,0.278,0.273,0.275,139516.08000000002
1763648100,0.275,0.278,0.275,0.275,178279.41
1763649000,0.275,0.276,0.272,0.273,158592.65
1763649900,0.272,0.273,0.271,0.272,149454.36000000002
1763650800,0.272,0.272,0.269,0.27,293145.33999999997
1763651700,0.27,0.271,0.268,0.27,142624.77
1763652600,0.27,0.271,0.269,0.27,26539.43
1763653500,0.27,0.27,0.268,0.268,54465.67
1763654400,0.268,0.268,0.261,0.263,801880.86
1763655300,0.263,0.263,0.259,0.261,279600.65
1763656200,0.26,0.262,0.258,0.259,427103.84
1763657100,0.259,0.26,0.257,0.258,171660.98
1763658000,0.259,0.259,0.255,0.256,281318.52
1763658900,0.256,0.257,0.255,0.255,136900.32
1763659800,0.256,0.258,0.254,0.255,224422.43
1763660700,0.256,0.256,0.255,0.256,44300.07
1763661600,0.255,0.257,0.254,0.257,120363.47
1763662500,0.257,0.257,0.253,0.254,136820.85
1763663400,0.253,0.254,0.252,0.253,199717.8
1763664300,0.253,0.253,0.251,0.251,216153.65
1763665200,0.251,0.253,0.25,0.252,155486.04
1763666100,0.253,0.254,0.252,0.254,40487.73
1763667000,0.255,0.255,0.253,0.254,22958.3
1763667900,0.254,0.256,0.254,0.256,64967.28
1763668800,0.256,0.256,0.253,0.253,31833.03
1763669700,0.253,0.255,0.253,0.255,19083.31
1763670600,0.255,0.255,0.255,0.255,11918.17
1763671500,0.255,0.256,0.255,0.255,17587.02
1763672400,0.255,0.255,0.254,0.254,5623.969999999999
1763673300,0.254,0.257,0.254,0.255,117813.57
1763674200,0.255,0.257,0.255,0.256,7321.03
1763675100,0.256,0.257,0.256,0.256,697.07
1763676000,0.256,0.26,0.256,0.259,336208.62
1763676900,0.26,0.262,0.259,0.261,242678.43
1763677800,0.261,0.262,0.26,0.261,37155.83
1763678700,0.261,0.262,0.261,0.261,32749.95
1763679600,0.261,0.261,0.259,0.26,40674.17
1763680500,0.26,0.26,0.259,0.259,23247.31
1763681400,0.259,0.259,0.256,0.258,70355.23
1763682300,0.258,0.258,0.256,0.256,42757.24
1763683200,0.256,0.258,0.256,0.256,53416.49
1763684100,0.257,0.258,0.256,0.256,23840.45
1763685000,0.256,0.257,0.256,0.257,33296.450000000004
1763685900,0.256,0.258,0.256,0.258,12146.89
1763686800,0.258,0.259,0.257,0.258,15533.47
1763687700,0.258,0.259,0.257,0.259,23899.170000000002
1763688600,0.259,0.259,0.258,0.258,7987.700000000001
1763689500,0.258,0.259,0.257,0.257,10430.5
1763690400,0.258,0.258,0.255,0.255,94303.39
1763691300,0.255,0.257,0.254,0.256,95343.53
1763692200,0.255,0.256,0.254,0.254,103497.55
1763693100,0.254,0.255,0.251,0.252,290279.64
1763694000,0.252,0.256,0.252,0.253,86384.02
1763694900,0.253,0.254,0.252,0.253,33008.979999999996
1763695800,0.253,0.255,0.253,0.255,9897.800000000001
1763696700,0.255,0.256,0.255,0.256,1358.7
1763697600,0.256,0.256,0.255,0.255,7129.11
1763698500,0.255,0.256,0.253,0.254,22924.73
1763699400,0.254,0.255,0.253,0.255,24975.23
1763700300,0.255,0.256,0.254,0.255,12751.990000000002
1763701200,0.255,0.257,0.255,0.256,69367.24
1763702100,0.256,0.256,0.253,0.253,18680.8
1763703000,0.253,0.254,0.252,0.252,69388.7
1763703900,0.252,0.252,0.252,0.252,78777.54
1763704800,0.252,0.254,0.252,0.253,12721.11
1763705700,0.253,0.253,0.252,0.252,18984.79
1763706600,0.252,0.253,0.252,0.252,23162.2
1763707500,0.252,0.254,0.252,0.252,39901.8
1763708400,0.252,0.252,0.251,0.251,14385.1
1763709300,0.252,0.252,0.25,0.251,128385.53
1763710200,0.251,0.251,0.232,0.246,1572839.0
1763711100,0.247,0.247,0.244,0.245,207432.12
1763712000,0.244,0.247,0.244,0.247,86284.28
1763712900,0.247,0.248,0.246,0.247,34371.45
1763713800,0.247,0.247,0.245,0.245,23151.79
1763714700,0.245,0.246,0.244,0.244,45026.01
1763715600,0.245,0.246,0.244,0.244,34943.49
1763716500,0.244,0.245,0.242,0.243,232629.5
1763717400,0.243,0.243,0.242,0.242,68235.66
1763718300,0.242,0.243,0.241,0.242,134003.36000000002
1763719200,0.242,0.243,0.24,0.242,169597.16
1763720100,0.242,0.243,0.24,0.241,114529.01
1763721000,0.241,0.244,0.241,0.243,36247.39
1763721900,0.243,0.243,0.241,0.241,22239.23
1763722800,0.241,0.243,0.241,0.242,30109.53
1763723700,0.242,0.242,0.241,0.241,10040.47
1763724600,0.241,0.241,0.239,0.239,212302.14
1763725500,0.24,0.24,0.236,0.238,510043.64
1763726400,0.237,0.238,0.236,0.238,275225.01
1763727300,0.238,0.238,0.234,0.235,368374.19
1763728200,0.236,0.241,0.236,0.24,241860.72
1763729100,0.241,0.242,0.24,0.241,142986.03
1763730000,0.241,0.242,0.239,0.241,42776.89
1763730900,0.241,0.242,0.24,0.24,105006.82999999999
1763731800,0.24,0.242,0.24,0.242,40393.9
1763732700,0.242,0.242,0.241,0.241,57241.87
1763733600,0.24,0.241,0.24,0.24,12120.67
1763734500,0.24,0.24,0.239,0.239,22392.21
1763735400,0.24,0.244,0.24,0.243,251511.64
1763736300,0.243,0.245,0.241,0.244,288177.81
1763737200,0.243,0.244,0.242,0.242,29635.63
1763738100,0.242,0.243,0.241,0.241,87245.26000000001
1763739000,0.241,0.241,0.238,0.24,139141.08
1763739900,0.239,0.24,0.238,0.238,89285.09
1763740800,0.239,0.24,0.236,0.239,236690.42
1763741700,0.238,0.239,0.237,0.239,36934.07
1763742600,0.239,0.24,0.239,0.239,104158.51
1763743500,0.238,0.244,0.238,0.243,343261.11
1763744400,0.243,0.246,0.243,0.244,412715.67
1763745300,0.245,0.245,0.243,0.244,102627.22
1763746200,0.244,0.245,0.244,0.244,65939.29000000001
1763747100,0.244,0.245,0.242,0.242,63084.02
1763748000,0.242,0.242,0.239,0.24,376951.75
1763748900,0.24,0.24,0.238,0.24,182254.88999999998
1763749800,0.24,0.242,0.24,0.242,41799.03
1763750700,0.242,0.243,0.242,0.242,248317.81
1763751600,0.242,0.242,0.24,0.24,18546.440000000002
1763752500,0.241,0.242,0.241,0.242,5154.299999999999
1763753400,0.242,0.242,0.239,0.241,86296.93000000001
1763754300,0.24,0.24,0.24,0.24,22527.08
1763755200,0.239,0.239,0.238,0.238,259427.84
1763756100,0.238,0.238,0.235,0.236,353784.29
1763757000,0.236,0.237,0.235,0.236,175357.42
1763757900,0.237,0.237,0.235,0.236,68432.29
1763758800,0.236,0.236,0.234,0.235,305464.66000000003
1763759700,0.235,0.238,0.235,0.238,135917.31
1763760600,0.238,0.24,0.238,0.239,134599.69
1763761500,0.239,0.24,0.239,0.239,12752.130000000001
1763762400,0.239,0.24,0.238,0.238,20561.14
1763763300,0.239,0.239,0.237,0.238,39152.33
1763764200,0.238,0.238,0.235,0.237,54156.149999999994
1763765100,0.237,0.238,0.234,0.234,241507.79
1763766000,0.234,0.235,0.232,0.234,388035.86
1763766900,0.235,0.238,0.235,0.237,270228.16000000003
1763767800,0.237,0.238,0.237,0.238,155796.40000000002
1763768700,0.238,0.239,0.238,0.239,12878.07
1763769600,0.239,0.24,0.238,0.239,207165.09
1763770500,0.239,0.239,0.237,0.237,54456.979999999996
1763771400,0.237,0.238,0.237,0.238,15958.529999999999
1763772300,0.238,0.238,0.238,0.238,569.89
1763773200,0.238,0.238,0.237,0.237,30391.739999999998
1763774100,0.237,0.238,0.237,0.237,20399.65
1763775000,0.238,0.239,0.238,0.238,13402.43
1763775900,0.238,0.239,0.238,0.238,10627.15
1763776800,0.239,0.239,0.238,0.238,8296.02
1763777700,0.238,0.238,0.237,0.237,927.9499999999999
1763778600,0.237,0.237,0.237,0.237,15233.67
1763779500,0.237,0.237,0.236,0.237,12330.08
1763780400,0.237,0.237,0.237,0.237,7444.889999999999
1763781300,0.237,0.237,0.237,0.237,416.32
1763782200,0.237,0.237,0.236,0.236,42.19
1763783100,0.236,0.236,0.236,0.236,82032.81000000001
1763784000,0.236,0.236,0.234,0.234,212265.45
1763784900,0.234,0.235,0.233,0.235,92795.64
1763785800,0.233,0.234,0.232,0.233,191817.11
1763786700,0.233,0.236,0.233,0.235,71058.48999999999
1763787600,0.235,0.236,0.234,0.235,13663.68
1763788500,0.234,0.234,0.233,0.233,38352.82
1763789400,0.233,0.233,0.232,0.233,71868.29
1763790300,0.233,0.235,0.233,0.234,31491.47
1763791200,0.234,0.234,0.232,0.233,57781.26
1763792100,0.233,0.235,0.233,0.235,65318.34
1763793000,0.235,0.237,0.235,0.235,107680.27
1763793900,0.235,0.237,0.235,0.236,36733.2
1763794800,0.236,0.236,0.236,0.236,4237.2
1763795700,0.236,0.237,0.236,0.236,89649.48
1763796600,0.236,0.238,0.236,0.237,14055.119999999999
1763797500,0.238,0.238,0.237,0.237,12835.51
1763798400,0.237,0.237,0.236,0.236,1461.38
1763799300,0.236,0.236,0.234,0.235,76987.47
1763800200,0.234,0.234,0.233,0.234,126750.42
1763801100,0.234,0.234,0.233,0.233,111.67999999999999
1763802000,0.233,0.235,0.233,0.235,27177.77
1763802900,0.234,0.234,0.234,0.234,5685.2
1763803800,0.234,0.236,0.234,0.236,41253.26
1763804700,0.236,0.236,0.235,0.235,22155.54
1763805600,0.235,0.236,0.235,0.236,13200.15
1763806500,0.236,0.236,0.233,0.233,34073.85
1763807400,0.234,0.234,0.233,0.233,12748.76
1763808300,0.233,0.234,0.233,0.234,2298.14
1763809200,0.233,0.236,0.233,0.235,54999.659999999996
1763810100,0.236,0.237,0.235,0.237,83544.24
1763811000,0.237,0.237,0.237,0.237,34396.42
1763811900,0.237,0.237,0.236,0.237,1249.54
1763812800,0.236,0.236,0.235,0.235,79338.25
1763813700,0.235,0.236,0.235,0.235,52763.94
1763814600,0.235,0.236,0.234,0.235,17525.3
1763815500,0.234,0.234,0.234,0.234,43194.270000000004
1763816400,0.234,0.235,0.233,0.235,50392.04
1763817300,0.235,0.235,0.233,0.233,10958.9
1763818200,0.233,0.233,0.232,0.233,143741.3
1763819100,0.234,0.235,0.234,0.234,14654.34
1763820000,0.234,0.237,0.234,0.236,143193.09
1763820900,0.237,0.238,0.236,0.237,151520.85
1763821800,0.237,0.237,0.237,0.237,29698.24
1763822700,0.237,0.238,0.236,0.237,51887.340000000004
1763823600,0.237,0.237,0.236,0.237,29505.31
1763824500,0.237,0.237,0.237,0.237,13905.92
1763825400,0.237,0.237,0.235,0.236,17550.2
1763826300,0.236,0.236,0.235,0.236,12409.24
1763827200,0.236,0.238,0.236,0.237,26122.440000000002
1763828100,0.237,0.238,0.237,0.238,404.98
1763829000,0.238,0.238,0.237,0.238,827.11
1763829900,0.238,0.238,0.238,0.238,3020.49
1763830800,0.238,0.238,0.238,0.238,63.02
1763831700,0.238,0.238,0.238,0.238,893.28
1763832600,0.238,0.238,0.236,0.236,24182.05
1763833500,0.236,0.237,0.236,0.237,7537.719999999999
1763834400,0.237,0.237,0.235,0.236,32181.739999999998
1763835300,0.236,0.236,0.235,0.236,6210.57
1763836200,0.235,0.236,0.235,0.235,81015.14
1763837100,0.235,0.236,0.235,0.236,11686.79
1763838000,0.236,0.237,0.236,0.237,446.07
1763838900,0.237,0.237,0.236,0.236,2011.97
1763839800,0.236,0.237,0.235,0.236,66924.82999999999
1763840700,0.236,0.237,0.236,0.237,8310.789999999999
1763841600,0.236,0.237,0.236,0.237,3151.8399999999997
1763842500,0.237,0.237,0.236,0.236,5033.049999999999
1763843400,0.236,0.236,0.235,0.235,31627.64
1763844300,0.235,0.236,0.235,0.236,24153.489999999998
1763845200,0.236,0.236,0.235,0.236,567.13
1763846100,0.236,0.236,0.235,0.236,2854.5
1763847000,0.236,0.236,0.236,0.236,718.99
1763847900,0.236,0.236,0.236,0.236,325.81
1763848800,0.236,0.237,0.235,0.237,25960.47
1763849700,0.237,0.237,0.236,0.236,12576.46
1763850600,0.236,0.236,0.236,0.236,21879.089999999997
1763851500,0.236,0.239,0.236,0.238,205665.44
1763852400,0.238,0.238,0.238,0.238,4377.28
1763853300,0.238,0.238,0.237,0.237,27416.56
1763854200,0.237,0.238,0.237,0.238,5313.1900000000005
1763855100,0.238,0.238,0.237,0.237,14090.03
1763856000,0.237,0.238,0.237,0.237,1709.46
1763856900,0.237,0.239,0.237,0.238,153477.83000000002
1763857800,0.238,0.238,0.237,0.237,260.42
1763858700,0.237,0.238,0.237,0.237,74969.4
1763859600,0.237,0.237,0.236,0.236,45284.21
1763860500,0.237,0.238,0.237,0.238,30130.75
1763861400,0.237,0.238,0.237,0.238,17641.36
1763862300,0.238,0.239,0.238,0.238,51004.58
1763863200,0.238,0.238,0.237,0.237,129118.01999999999
1763864100,0.237,0.238,0.237,0.237,43898.229999999996
1763865000,0.237,0.238,0.236,0.238,50566.530000000006
1763865900,0.238,0.238,0.236,0.236,6062.24
1763866800,0.236,0.236,0.236,0.236,3502.77
1763867700,0.236,0.236,0.235,0.236,44820.590000000004
1763868600,0.236,0.236,0.235,0.236,9278.99
1763869500,0.235,0.236,0.235,0.236,6929.25
1763870400,0.236,0.237,0.236,0.236,93753.13
1763871300,0.236,0.238,0.236,0.237,49591.32
1763872200,0.236,0.237,0.236,0.237,4941.63
1763873100,0.237,0.237,0.236,0.237,25004.87
1763874000,0.238,0.238,0.237,0.237,1582.26
1763874900,0.237,0.238,0.237,0.237,8447.29
1763875800,0.238,0.238,0.237,0.238,3358.15
1763876700,0.238,0.238,0.237,0.238,2042.23
1763877600,0.238,0.238,0.236,0.236,18253.44
1763878500,0.236,0.237,0.236,0.236,24027.46
1763879400,0.236,0.236,0.236,0.236,1783.47
1763880300,0.236,0.236,0.236,0.236,0.0
1763881200,0.235,0.236,0.235,0.236,91132.87
1763882100,0.236,0.236,0.234,0.235,12366.57
1763883000,0.235,0.236,0.235,0.236,14598.73
1763883900,0.236,0.236,0.235,0.236,8656.03
1763884800,0.236,0.237,0.236,0.236,32096.01
1763885700,0.236,0.236,0.235,0.235,2995.0
1763886600,0.235,0.236,0.235,0.236,236.01999999999998
1763887500,0.236,0.237,0.236,0.237,10315.48
1763888400,0.236,0.237,0.236,0.237,566.54
1763889300,0.237,0.237,0.236,0.236,9290.81
1763890200,0.236,0.238,0.236,0.238,44872.130000000005
1763891100,0.238,0.238,0.237,0.238,3909.8100000000004
1763892000,0.238,0.238,0.236,0.237,43066.299999999996
1763892900,0.237,0.237,0.236,0.237,2708.75
1763893800,0.237,0.237,0.236,0.237,62463.38
1763894700,0.237,0.237,0.236,0.237,10200.71
1763895600,0.237,0.237,0.235,0.236,19753.0
1763896500,0.236,0.236,0.235,0.235,1486.45
1763897400,0.235,0.236,0.235,0.235,139.94
1763898300,0.235,0.237,0.235,0.236,24278.969999999998
1763899200,0.236,0.238,0.236,0.238,20777.48
1763900100,0.238,0.238,0.238,0.238,185.39
1763901000,0.238,0.238,0.237,0.238,43913.63
1763901900,0.238,0.238,0.237,0.238,24742.26
1763902800,0.238,0.238,0.237,0.237,29811.91
1763903700,0.237,0.238,0.237,0.237,294.46000000000004
1763904600,0.237,0.238,0.237,0.238,1330.4
1763905500,0.238,0.238,0.238,0.238,2987.86
1763906400,0.238,0.239,0.238,0.238,53499.79
1763907300,0.238,0.238,0.238,0.238,86895.04000000001
1763908200,0.238,0.238,0.236,0.236,25582.45
1763909100,0.236,0.237,0.236,0.236,23673.3
1763910000,0.236,0.237,0.236,0.237,18875.289999999997
1763910900,0.237,0.237,0.237,0.237,652.6600000000001
1763911800,0.237,0.238,0.237,0.237,32670.73
1763912700,0.237,0.237,0.237,0.237,3018.05
1763913600,0.237,0.237,0.236,0.236,33459.630000000005
1763914500,0.236,0.237,0.236,0.237,3173.2900000000004
1763915400,0.237,0.238,0.237,0.237,19478.88
1763916300,0.237,0.237,0.236,0.236,13822.800000000001
1763917200,0.236,0.236,0.235,0.236,88016.53
1763918100,0.235,0.237,0.235,0.236,45467.68
1763919000,0.237,0.237,0.235,0.237,18400.86
1763919900,0.236,0.236,0.235,0.235,43417.15
1763920800,0.235,0.236,0.235,0.235,1124.8000000000002
1763921700,0.235,0.237,0.235,0.235,22052.760000000002
1763922600,0.235,0.237,0.235,0.236,10079.2
1763923500,0.236,0.236,0.235,0.236,44159.71
1763924400,0.235,0.237,0.235,0.236,14970.65
1763925300,0.236,0.237,0.236,0.236,735.4200000000001
1763926200,0.236,0.237,0.236,0.237,600.07
1763927100,0.237,0.237,0.235,0.236,46814.34
1763928000,0.236,0.237,0.236,0.237,12378.44
1763928900,0.237,0.237,0.236,0.237,10589.64
1763929800,0.237,0.237,0.236,0.236,1094.02
1763930700,0.237,0.237,0.236,0.237,6601.68
1763931600,0.237,0.237,0.236,0.236,439.73
1763932500,0.236,0.236,0.236,0.236,14586.73
1763933400,0.236,0.237,0.236,0.236,120.62
1763934300,0.237,0.238,0.236,0.238,14696.199999999999
1763935200,0.238,0.238,0.236,0.237,32077.64
1763936100,0.237,0.237,0.236,0.236,43.0
1763937000,0.236,0.238,0.236,0.236,77192.54000000001
1763937900,0.236,0.237,0.236,0.237,49.91
1763938800,0.237,0.237,0.235,0.235,61574.670000000006
1763939700,0.235,0.235,0.234,0.234,132568.45
1763940600,0.235,0.235,0.234,0.234,25894.17
1763941500,0.234,0.235,0.233,0.234,56789.35
1763942400,0.234,0.234,0.232,0.233,304072.91000000003
1763943300,0.233,0.233,0.231,0.233,196370.25
1763944200,0.233,0.233,0.231,0.233,81034.04
1763945100,0.233,0.234,0.232,0.233,71454.73
1763946000,0.233,0.233,0.232,0.232,32804.94
1763946900,0.232,0.233,0.232,0.232,48843.95
1763947800,0.232,0.232,0.232,0.232,37508.1
1763948700,0.231,0.233,0.231,0.233,50074.15000000001
1763949600,0.233,0.236,0.233,0.236,314898.91
1763950500,0.236,0.237,0.236,0.236,103364.08
1763951400,0.236,0.236,0.234,0.235,35107.64
1763952300,0.235,0.235,0.235,0.235,467.65
1763953200,0.235,0.235,0.233,0.234,68538.35
1763954100,0.234,0.236,0.234,0.235,15214.91
1763955000,0.235,0.235,0.235,0.235,25942.17
1763955900,0.235,0.235,0.234,0.234,11983.550000000001
1763956800,0.234,0.234,0.234,0.234,102.0
1763957700,0.234,0.234,0.232,0.232,327561.71
1763958600,0.232,0.233,0.232,0.233,34261.68
1763959500,0.233,0.233,0.232,0.232,6107.04
1763960400,0.232,0.235,0.232,0.235,125698.16
1763961300,0.235,0.236,0.234,0.235,205957.72
1763962200,0.235,0.235,0.233,0.234,34917.689999999995
1763963100,0.234,0.234,0.233,0.233,31015.98
1763964000,0.233,0.233,0.232,0.232,228175.62
1763964900,0.232,0.232,0.232,0.232,7824.93
1763965800,0.232,0.233,0.232,0.232,144.49
1763966700,0.232,0.232,0.231,0.232,54029.87
1763967600,0.232,0.233,0.232,0.232,30851.21
1763968500,0.232,0.233,0.232,0.232,244.57999999999998
1763969400,0.232,0.233,0.232,0.233,41363.11
1763970300,0.233,0.233,0.232,0.232,21813.84
1763971200,0.232,0.232,0.232,0.232,29547.61
1763972100,0.232,0.232,0.231,0.231,50871.65
1763973000,0.231,0.232,0.231,0.232,810.69
1763973900,0.232,0.233,0.231,0.233,17178.19
1763974800,0.233,0.233,0.231,0.231,144537.56999999998
1763975700,0.231,0.231,0.228,0.229,469383.03
1763976600,0.229,0.23,0.229,0.23,83661.4
1763977500,0.23,0.23,0.229,0.229,33961.81
1763978400,0.229,0.23,0.229,0.229,50056.36
1763979300,0.229,0.23,0.228,0.229,31788.04
1763980200,0.229,0.23,0.229,0.23,84855.58
1763981100,0.23,0.23,0.229,0.23,893.53
1763982000,0.23,0.23,0.229,0.23,753.79
1763982900,0.23,0.23,0.229,0.229,924.4300000000001
1763983800,0.23,0.231,0.229,0.231,48541.11
1763984700,0.231,0.231,0.23,0.231,3641.2999999999997
1763985600,0.231,0.231,0.229,0.229,32192.68
1763986500,0.229,0.231,0.229,0.23,50426.22
1763987400,0.23,0.231,0.229,0.229,21119.23
1763988300,0.229,0.231,0.229,0.23,78577.56
1763989200,0.229,0.23,0.229,0.23,28288.15
1763990100,0.23,0.231,0.23,0.231,1757.5
1763991000,0.231,0.231,0.23,0.231,23877.1
1763991900,0.231,0.231,0.229,0.229,18335.52
1763992800,0.229,0.229,0.229,0.229,1087.5
1763993700,0.229,0.23,0.229,0.229,57586.86
1763994600,0.228,0.232,0.228,0.229,231361.45
1763995500,0.229,0.229,0.227,0.229,218368.36000000002
1763996400,0.23,0.231,0.229,0.23,88862.19
1763997300,0.229,0.229,0.227,0.228,107594.16
1763998200,0.228,0.23,0.228,0.23,53968.840000000004
1763999100,0.23,0.231,0.229,0.229,74379.91
1764000000,0.23,0.231,0.23,0.23,146020.29
1764000900,0.23,0.232,0.23,0.231,96035.21999999999
1764001800,0.231,0.231,0.23,0.231,10458.87
1764002700,0.231,0.231,0.231,0.231,26124.25
1764003600,0.231,0.231,0.231,0.231,10905.03
1764004500,0.231,0.234,0.23,0.232,239960.36000000002
1764005400,0.232,0.233,0.232,0.233,179873.72999999998
1764006300,0.233,0.235,0.233,0.235,241268.89
1764007200,0.235,0.236,0.234,0.235,339324.36
1764008100,0.235,0.236,0.234,0.235,106535.48000000001
1764009000,0.234,0.235,0.234,0.235,5059.35
1764009900,0.235,0.235,0.235,0.235,21.49
1764010800,0.235,0.236,0.235,0.235,102489.51
1764011700,0.235,0.235,0.234,0.235,2210.15
1764012600,0.235,0.236,0.234,0.234,28873.89
1764013500,0.234,0.234,0.234,0.234,88423.75
1764014400,0.234,0.235,0.233,0.235,31623.23
1764015300,0.235,0.235,0.234,0.235,5168.5199999999995
1764016200,0.235,0.235,0.234,0.235,1882.78
1764017100,0.234,0.235,0.234,0.235,7207.51
1764018000,0.235,0.235,0.234,0.235,14810.67
1764018900,0.234,0.235,0.234,0.234,3979.62
1764019800,0.234,0.235,0.234,0.235,8436.74
1764020700,0.235,0.235,0.234,0.235,28743.31
1764021600,0.235,0.237,0.235,0.236,277695.87
1764022500,0.236,0.236,0.235,0.235,53490.9
1764023400,0.235,0.235,0.234,0.234,13273.73
1764024300,0.234,0.234,0.234,0.234,22763.79
1764025200,0.234,0.235,0.234,0.235,1968.55
1764026100,0.235,0.235,0.235,0.235,41.6
1764027000,0.235,0.235,0.234,0.234,425.1
1764027900,0.234,0.234,0.233,0.234,73938.55
1764028800,0.234,0.234,0.233,0.234,1227.6100000000001
1764029700,0.234,0.234,0.233,0.233,161927.4
1764030600,0.233,0.233,0.231,0.232,136316.67
1764031500,0.233,0.233,0.231,0.233,148379.75999999998
1764032400,0.232,0.232,0.231,0.232,21441.7
1764033300,0.232,0.232,0.231,0.231,151498.84
1764034200,0.231,0.232,0.23,0.23,129572.98
1764035100,0.23,0.23,0.23,0.23,52178.4
1764036000,0.23,0.23,0.229,0.23,182475.50999999998
1764036900,0.23,0.23,0.228,0.228,301690.65
1764037800,0.229,0.23,0.228,0.23,111322.37
1764038700,0.229,0.231,0.229,0.23,47698.740000000005
1764039600,0.23,0.23,0.229,0.23,212.8
1764040500,0.23,0.23,0.23,0.23,605.65
1764041400,0.23,0.23,0.228,0.229,47719.75
1764042300,0.229,0.229,0.228,0.228,37324.5
1764043200,0.228,0.229,0.228,0.229,5082.16
1764044100,0.229,0.229,0.228,0.228,144737.1
1764045000,0.228,0.229,0.228,0.229,24311.28
1764045900,0.229,0.229,0.229,0.229,43.68
1764046800,0.229,0.229,0.229,0.229,1651.03
1764047700,0.229,0.229,0.228,0.228,16316.36
1764048600,0.228,0.229,0.228,0.228,491.27
1764049500,0.228,0.229,0.228,0.229,117.3
1764050400,0.229,0.229,0.228,0.228,87278.39
1764051300,0.228,0.228,0.227,0.227,187947.19
1764052200,0.227,0.227,0.226,0.227,23768.820000000003
1764053100,0.227,0.228,0.227,0.228,51119.33
1764054000,0.228,0.228,0.227,0.228,4303.2300000000005
1764054900,0.228,0.228,0.227,0.227,2728.98
1764055800,0.227,0.228,0.227,0.228,43524.57
1764056700,0.228,0.228,0.226,0.227,47991.850000000006
1764057600,0.227,0.227,0.226,0.226,770.92
1764058500,0.226,0.228,0.226,0.227,15088.300000000001
1764059400,0.227,0.227,0.227,0.227,15624.869999999999
1764060300,0.227,0.227,0.226,0.226,111235.13
1764061200,0.226,0.227,0.226,0.227,37868.11
1764062100,0.227,0.227,0.224,0.225,271605.98
1764063000,0.225,0.226,0.224,0.226,77212.7
1764063900,0.226,0.226,0.226,0.226,6400.830000000001
1764064800,0.226,0.227,0.226,0.227,1600.1299999999999
1764065700,0.227,0.227,0.227,0.227,21602.48
1764066600,0.227,0.227,0.227,0.227,2390.81
1764067500,0.226,0.227,0.226,0.227,536.85
1764068400,0.227,0.228,0.227,0.227,40180.98
1764069300,0.227,0.228,0.226,0.227,20661.63
1764070200,0.227,0.227,0.226,0.226,70.04
1764071100,0.227,0.227,0.226,0.227,817.79
1764072000,0.227,0.227,0.226,0.227,44575.18
1764072900,0.227,0.228,0.227,0.227,9985.7
1764073800,0.227,0.229,0.227,0.228,108912.89
1764074700,0.227,0.229,0.227,0.227,37223.91
1764075600,0.227,0.228,0.227,0.228,356.88
1764076500,0.228,0.229,0.227,0.227,28966.29
1764077400,0.228,0.228,0.227,0.227,49589.950000000004
1764078300,0.226,0.226,0.225,0.226,66233.07999999999
1764079200,0.226,0.226,0.225,0.225,22230.45
1764080100,0.225,0.226,0.225,0.226,743.52
1764081000,0.225,0.225,0.224,0.225,152695.99
1764081900,0.225,0.226,0.223,0.226,267533.73
1764082800,0.225,0.225,0.223,0.225,54973.97
1764083700,0.225,0.226,0.224,0.226,55100.590000000004
1764084600,0.226,0.227,0.226,0.226,31305.25
1764085500,0.227,0.227,0.226,0.226,114399.65
1764086400,0.226,0.227,0.225,0.225,22838.57
1764087300,0.225,0.227,0.225,0.227,84133.52
1764088200,0.227,0.228,0.227,0.228,92.37
1764089100,0.228,0.228,0.227,0.228,12999.07
1764090000,0.228,0.229,0.227,0.228,157761.49
1764090900,0.228,0.229,0.228,0.229,79230.53
1764091800,0.229,0.231,0.229,0.23,186258.76
1764092700,0.23,0.231,0.23,0.231,24179.81
1764093600,0.23,0.231,0.23,0.231,69818.20999999999
1764094500,0.231,0.231,0.23,0.23,141.89
1764095400,0.23,0.23,0.23,0.23,23934.67
1764096300,0.229,0.229,0.229,0.229,83181.20999999999
1764097200,0.229,0.229,0.228,0.228,35157.31
1764098100,0.228,0.228,0.227,0.227,200465.16999999998
1764099000,0.227,0.229,0.227,0.229,79477.28
1764099900,0.229,0.229,0.229,0.229,2184.06
1764100800,0.229,0.231,0.229,0.23,76963.99
1764101700,0.23,0.232,0.23,0.231,152192.29
1764102600,0.231,0.233,0.231,0.232,199130.55000000002
1764103500,0.232,0.233,0.231,0.232,63730.47
1764104400,0.232,0.232,0.231,0.232,2277.08
1764105300,0.232,0.232,0.232,0.232,23711.88
1764106200,0.232,0.233,0.231,0.232,32011.81
1764107100,0.232,0.232,0.231,0.232,2130.76
1764108000,0.231,0.231,0.23,0.23,117002.27999999998
1764108900,0.23,0.231,0.23,0.231,33826.33
1764109800,0.231,0.233,0.231,0.232,149086.87999999998
1764110700,0.232,0.234,0.232,0.233,165796.59
1764111600,0.234,0.235,0.233,0.234,309717.23
1764112500,0.234,0.235,0.233,0.235,87660.09999999999
1764113400,0.235,0.235,0.234,0.234,849.1899999999999
1764114300,0.234,0.234,0.233,0.233,37634.25
1764115200,0.234,0.234,0.233,0.233,106870.34
1764116100,0.233,0.234,0.233,0.234,28092.04
1764117000,0.234,0.234,0.233,0.233,18959.6
1764117900,0.233,0.233,0.233,0.233,30344.84
1764118800,0.233,0.233,0.233,0.233,53.35
1764119700,0.233,0.233,0.233,0.233,51885.5
1764120600,0.233,0.235,0.233,0.235,26188.140000000003
1764121500,0.234,0.234,0.233,0.233,48302.97
1764122400,0.233,0.235,0.233,0.235,102419.34999999999
1764123300,0.235,0.235,0.234,0.234,957.7199999999999
1764124200,0.234,0.234,0.234,0.234,0.0
1764125100,0.234,0.234,0.234,0.234,361.03
1764126000,0.234,0.235,0.234,0.235,691.11
1764126900,0.235,0.236,0.234,0.236,359689.02
1764127800,0.236,0.236,0.235,0.235,28511.63
1764128700,0.235,0.236,0.234,0.234,95897.21
1764129600,0.235,0.235,0.233,0.234,203217.38
1764130500,0.234,0.234,0.234,0.234,12629.13
1764131400,0.234,0.236,0.234,0.236,81687.68
1764132300,0.236,0.236,0.235,0.235,35584.32
1764133200,0.235,0.236,0.235,0.235,30925.29
1764134100,0.235,0.236,0.235,0.236,86827.6
1764135000,0.236,0.237,0.235,0.236,90438.32
1764135900,0.236,0.237,0.236,0.237,155306.22000000003
1764136800,0.237,0.237,0.236,0.237,4254.76
1764137700,0.237,0.237,0.236,0.236,32028.07
1764138600,0.236,0.237,0.235,0.236,3585.15
1764139500,0.236,0.238,0.236,0.237,97418.79
1764140400,0.237,0.237,0.236,0.237,2719.65
1764141300,0.237,0.238,0.236,0.237,16259.089999999998
1764142200,0.237,0.238,0.237,0.237,21713.71
1764143100,0.237,0.237,0.236,0.237,10258.79
1764144000,0.237,0.238,0.237,0.238,2260.06
1764144900,0.238,0.238,0.237,0.237,77746.85
1764145800,0.237,0.239,0.237,0.238,94061.24
1764146700,0.238,0.239,0.238,0.238,128654.71
1764147600,0.239,0.243,0.238,0.239,1063586.65
1764148500,0.239,0.239,0.236,0.237,438083.05000000005
1764149400,0.237,0.239,0.237,0.238,71063.88
1764150300,0.237,0.239,0.236,0.237,143464.76
1764151200,0.237,0.238,0.235,0.235,265957.08
1764152100,0.235,0.236,0.234,0.235,294307.29
1764153000,0.235,0.235,0.234,0.234,44783.82
1764153900,0.235,0.235,0.235,0.235,1441.76
1764154800,0.234,0.235,0.233,0.234,255456.79
1764155700,0.234,0.234,0.233,0.233,33383.51
1764156600,0.233,0.234,0.233,0.233,886.1999999999999
1764157500,0.233,0.234,0.233,0.234,6238.95
1764158400,0.233,0.233,0.232,0.232,384288.49
1764159300,0.232,0.233,0.231,0.232,252956.83000000002
1764160200,0.232,0.232,0.231,0.231,48298.96
1764161100,0.231,0.231,0.231,0.231,0.0
1764162000,0.231,0.232,0.231,0.231,219473.78
1764162900,0.231,0.232,0.23,0.231,70832.53
1764163800,0.231,0.232,0.23,0.231,82602.89
1764164700,0.232,0.232,0.231,0.232,7059.17
1764165600,0.232,0.232,0.232,0.232,1186.99
1764166500,0.232,0.232,0.232,0.232,3229.03
1764167400,0.231,0.233,0.231,0.231,113122.32999999999
1764168300,0.231,0.232,0.23,0.23,261180.96
1764169200,0.231,0.231,0.229,0.229,172972.67
1764170100,0.229,0.23,0.229,0.23,111011.51999999999
1764171000,0.23,0.23,0.229,0.229,36465.090000000004
1764171900,0.229,0.23,0.228,0.229,115916.62
1764172800,0.229,0.231,0.229,0.231,30181.2
1764173700,0.231,0.231,0.231,0.231,87907.79
1764174600,0.231,0.233,0.231,0.232,148915.69999999998
1764175500,0.232,0.232,0.231,0.232,1444.79
1764176400,0.232,0.233,0.232,0.232,24080.54
1764177300,0.232,0.236,0.232,0.235,609407.14
1764178200,0.235,0.237,0.234,0.236,303818.5
1764179100,0.236,0.237,0.235,0.236,140953.92
1764180000,0.236,0.237,0.236,0.237,307891.35
1764180900,0.238,0.238,0.237,0.238,227077.45
1764181800,0.238,0.239,0.237,0.238,43574.25
1764182700,0.238,0.239,0.237,0.239,91021.39
1764183600,0.238,0.238,0.238,0.238,43395.55
1764184500,0.238,0.238,0.237,0.238,578.1199999999999
1764185400,0.238,0.238,0.237,0.238,49274.22
1764186300,0.238,0.238,0.237,0.237,27211.600000000002
1764187200,0.237,0.237,0.235,0.236,106447.11000000002
1764188100,0.236,0.237,0.236,0.236,30104.709999999995
1764189000,0.236,0.236,0.235,0.235,21600.21
1764189900,0.235,0.235,0.235,0.235,2362.84
1764190800,0.235,0.236,0.235,0.235,1878.8200000000002
1764191700,0.235,0.236,0.235,0.236,55936.7
1764192600,0.236,0.237,0.236,0.236,6275.13
1764193500,0.236,0.236,0.236,0.236,471.7
1764194400,0.236,0.237,0.235,0.236,57327.28999999999
1764195300,0.236,0.236,0.235,0.236,19075.16
1764196200,0.236,0.236,0.235,0.236,2483.4
1764197100,0.236,0.236,0.235,0.236,1031.79
1764198000,0.236,0.236,0.235,0.235,3652.37
1764198900,0.235,0.235,0.235,0.235,47.13
1764199800,0.235,0.235,0.235,0.235,0.0
1764200700,0.235,0.236,0.235,0.236,6594.89
1764201600,0.236,0.236,0.236,0.236,340.95
1764202500,0.236,0.236,0.235,0.235,14406.820000000002
1764203400,0.235,0.235,0.235,0.235,44515.86
1764204300,0.235,0.236,0.234,0.235,30678.34
1764205200,0.235,0.236,0.235,0.235,52931.42
1764206100,0.235,0.235,0.235,0.235,4496.12
1764207000,0.235,0.235,0.235,0.235,0.0
1764207900,0.235,0.236,0.234,0.236,22846.38
1764208800,0.236,0.236,0.234,0.236,25124.63
1764209700,0.236,0.237,0.235,0.236,16630.260000000002
1764210600,0.237,0.237,0.235,0.236,112393.3
1764211500,0.236,0.236,0.234,0.234,4464.58
1764212400,0.234,0.235,0.234,0.235,270.06
1764213300,0.234,0.235,0.234,0.234,4608.23
1764214200,0.234,0.235,0.232,0.233,363344.08
1764215100,0.233,0.233,0.232,0.232,308.05
1764216000,0.232,0.234,0.232,0.233,34871.89
1764216900,0.234,0.234,0.234,0.234,13195.919999999998
1764217800,0.233,0.234,0.233,0.233,1284.5900000000001
1764218700,0.233,0.234,0.233,0.233,27039.14
1764219600,0.233,0.233,0.233,0.233,6164.0
1764220500,0.233,0.234,0.233,0.233,19121.56
1764221400,0.233,0.234,0.232,0.233,16112.97
1764222300,0.233,0.233,0.232,0.232,4121.9800000000005
1764223200,0.232,0.232,0.232,0.232,0.0
1764224100,0.232,0.233,0.232,0.233,9153.900000000001
1764225000,0.233,0.233,0.232,0.232,998.6700000000001
1764225900,0.232,0.233,0.232,0.233,5296.96
1764226800,0.233,0.233,0.232,0.233,4840.59
1764227700,0.233,0.234,0.232,0.234,1908.45
1764228600,0.234,0.234,0.233,0.233,634.55
1764229500,0.233,0.235,0.233,0.234,38567.94
1764230400,0.234,0.235,0.233,0.234,64243.04
1764231300,0.234,0.235,0.234,0.234,21448.65
1764232200,0.234,0.236,0.234,0.235,69228.81999999999
1764233100,0.235,0.236,0.235,0.236,4588.3
1764234000,0.236,0.236,0.234,0.234,14230.140000000001
1764234900,0.234,0.236,0.234,0.235,31712.37
1764235800,0.235,0.236,0.235,0.236,30758.84
1764236700,0.236,0.236,0.235,0.235,4209.28
1764237600,0.235,0.236,0.235,0.235,13758.16
1764238500,0.235,0.236,0.235,0.235,36371.07
1764239400,0.235,0.235,0.235,0.235,10891.550000000001
1764240300,0.235,0.235,0.234,0.235,975.03
1764241200,0.235,0.235,0.235,0.235,0.0
1764242100,0.235,0.235,0.234,0.234,2029.71
1764243000,0.234,0.235,0.234,0.235,1021.54
1764243900,0.235,0.235,0.234,0.234,2777.9
1764244800,0.235,0.235,0.234,0.234,2640.43
1764245700,0.234,0.234,0.234,0.234,1588.77
1764246600,0.234,0.235,0.234,0.235,19669.179999999997
1764247500,0.235,0.235,0.233,0.233,23504.66
1764248400,0.233,0.235,0.233,0.234,27387.149999999998
1764249300,0.234,0.234,0.234,0.234,42.73
1764250200,0.234,0.235,0.234,0.234,4926.22
1764251100,0.234,0.235,0.234,0.235,5555.349999999999
1764252000,0.234,0.234,0.234,0.234,13298.470000000001
1764252900,0.234,0.235,0.234,0.234,2212.87
1764253800,0.234,0.235,0.234,0.235,85.8
1764254700,0.235,0.235,0.235,0.235,64.61
1764255600,0.235,0.236,0.235,0.235,69802.34
1764256500,0.235,0.235,0.234,0.234,1285.23
1764257400,0.234,0.235,0.234,0.235,4993.08
1764258300,0.235,0.236,0.235,0.235,4163.17
1764259200,0.235,0.237,0.235,0.237,86107.84
1764260100,0.237,0.237,0.236,0.236,2692.9100000000003
1764261000,0.236,0.237,0.236,0.237,279.56
1764261900,0.237,0.237,0.236,0.236,168.32
1764262800,0.237,0.237,0.236,0.236,9742.07
1764263700,0.237,0.237,0.236,0.236,3242.75
1764264600,0.236,0.237,0.236,0.237,2672.44
1764265500,0.237,0.237,0.236,0.236,4684.04
1764266400,0.236,0.236,0.236,0.236,0.0
1764267300,0.236,0.237,0.236,0.237,225.16
1764268200,0.237,0.238,0.236,0.237,115922.42
1764269100,0.237,0.238,0.237,0.238,1352.88
1764270000,0.238,0.238,0.237,0.237,1398.4299999999998
1764270900,0.237,0.238,0.237,0.237,4264.450000000001
1764271800,0.237,0.238,0.237,0.238,1389.75
1764272700,0.238,0.238,0.238,0.238,0.0
1764273600,0.238,0.238,0.238,0.238,250.06
1764274500,0.238,0.238,0.237,0.237,6069.45
1764275400,0.237,0.238,0.236,0.238,47270.07
1764276300,0.238,0.238,0.236,0.238,40340.74
1764277200,0.238,0.238,0.236,0.237,20697.98
1764278100,0.237,0.238,0.237,0.238,31772.289999999997
1764279000,0.237,0.238,0.237,0.238,136.65
1764279900,0.238,0.238,0.236,0.237,61779.61
1764280800,0.236,0.237,0.236,0.237,72.35
1764281700,0.237,0.238,0.237,0.237,35531.46
1764282600,0.237,0.237,0.235,0.235,49293.04
1764283500,0.235,0.235,0.235,0.235,78883.56
1764284400,0.235,0.235,0.235,0.235,0.0
1764285300,0.236,0.236,0.236,0.236,852.33
1764286200,0.236,0.236,0.235,0.235,256.03
1764287100,0.235,0.236,0.235,0.236,194.79
1764288000,0.236,0.236,0.236,0.236,96.54
1764288900,0.236,0.236,0.235,0.236,823.49
1764289800,0.236,0.236,0.236,0.236,34832.46
1764290700,0.236,0.236,0.235,0.235,3944.86
1764291600,0.236,0.236,0.235,0.235,39911.649999999994
1764292500,0.235,0.236,0.235,0.235,19084.45
1764293400,0.235,0.235,0.235,0.235,23423.96
1764294300,0.235,0.236,0.234,0.235,16507.87
1764295200,0.235,0.235,0.234,0.234,1162.41
1764296100,0.234,0.235,0.234,0.235,8378.37
1764297000,0.234,0.235,0.234,0.235,14750.04
1764297900,0.235,0.235,0.235,0.235,27451.65
1764298800,0.235,0.235,0.235,0.235,3192.33
1764299700,0.235,0.235,0.235,0.235,0.0
1764300600,0.235,0.235,0.234,0.234,609.39
1764301500,0.234,0.236,0.234,0.235,89024.81
1764302400,0.235,0.235,0.234,0.235,11496.83
1764303300,0.235,0.236,0.235,0.235,1491.31
1764304200,0.235,0.235,0.234,0.235,15550.59
1764305100,0.235,0.235,0.234,0.234,3300.0
1764306000,0.234,0.235,0.234,0.235,16743.75
1764306900,0.235,0.236,0.234,0.236,17073.329999999998
1764307800,0.236,0.236,0.234,0.235,24148.66
1764308700,0.235,0.235,0.234,0.235,25616.019999999997
1764309600,0.235,0.235,0.234,0.234,29153.78
1764310500,0.234,0.234,0.234,0.234,0.0
1764311400,0.234,0.234,0.234,0.234,3130.93
1764312300,0.234,0.235,0.234,0.235,216.13
1764313200,0.235,0.235,0.234,0.234,3068.11
1764314100,0.234,0.235,0.234,0.235,6889.89
1764315000,0.235,0.235,0.234,0.235,56854.65
1764315900,0.235,0.236,0.235,0.235,34626.87
1764316800,0.235,0.237,0.235,0.237,49322.97
1764317700,0.237,0.238,0.237,0.237,84033.91
1764318600,0.237,0.238,0.237,0.237,73750.32
1764319500,0.237,0.24,0.237,0.239,314401.61
1764320400,0.239,0.239,0.238,0.239,73104.81
1764321300,0.239,0.239,0.238,0.238,19654.79
1764322200,0.238,0.238,0.238,0.238,38062.06
1764323100,0.238,0.238,0.238,0.238,3963.59
1764324000,0.238,0.239,0.238,0.238,24171.16
1764324900,0.238,0.238,0.237,0.237,27435.98
1764325800,0.237,0.238,0.237,0.237,101156.69
1764326700,0.237,0.238,0.237,0.237,1131.64
1764327600,0.237,0.237,0.236,0.237,9215.53
1764328500,0.236,0.236,0.236,0.236,98908.17
1764329400,0.236,0.237,0.236,0.237,32845.89
1764330300,0.237,0.237,0.237,0.237,25039.23
1764331200,0.237,0.238,0.237,0.237,53894.689999999995
1764332100,0.237,0.237,0.237,0.237,6840.78
1764333000,0.238,0.238,0.237,0.237,8199.46
1764333900,0.237,0.238,0.236,0.237,165265.64
1764334800,0.237,0.237,0.236,0.237,1456.73
1764335700,0.237,0.238,0.236,0.238,44794.6
1764336600,0.238,0.238,0.237,0.237,74121.5
1764337500,0.237,0.24,0.237,0.238,164731.32
1764338400,0.238,0.238,0.238,0.238,4709.13
1764339300,0.238,0.24,0.238,0.239,96527.9
1764340200,0.239,0.24,0.237,0.237,37948.82
1764341100,0.237,0.237,0.237,0.237,74.92
1764342000,0.237,0.239,0.237,0.238,47233.130000000005
1764342900,0.238,0.239,0.238,0.239,17005.61
1764343800,0.239,0.239,0.237,0.238,4113.63
1764344700,0.238,0.238,0.237,0.238,4753.18
1764345600,0.238,0.238,0.236,0.236,72307.01
1764346500,0.236,0.237,0.235,0.235,229456.66
1764347400,0.235,0.236,0.235,0.236,5283.12
1764348300,0.236,0.236,0.235,0.236,1935.79
1764349200,0.235,0.235,0.234,0.235,26348.92
1764350100,0.235,0.235,0.233,0.234,216735.91999999998
1764351000,0.234,0.234,0.233,0.233,402.56
1764351900,0.234,0.234,0.233,0.234,24101.74
1764352800,0.234,0.234,0.233,0.234,170373.17
1764353700,0.235,0.235,0.234,0.234,27338.63
1764354600,0.234,0.234,0.233,0.233,1401.5
1764355500,0.233,0.234,0.233,0.234,26603.559999999998
1764356400,0.234,0.235,0.234,0.234,9628.130000000001
1764357300,0.234,0.235,0.234,0.235,6083.35
1764358200,0.235,0.235,0.235,0.235,46210.21
1764359100,0.235,0.236,0.235,0.235,6602.27
1764360000,0.235,0.235,0.234,0.235,43965.66
1764360900,0.235,0.235,0.235,0.235,15011.87
1764361800,0.235,0.235,0.235,0.235,999.0
1764362700,0.235,0.236,0.235,0.236,32329.66
1764363600,0.236,0.236,0.235,0.235,1332.31
1764364500,0.235,0.236,0.235,0.236,45.38
1764365400,0.236,0.236,0.235,0.235,2703.57
1764366300,0.235,0.235,0.234,0.234,16604.39
1764367200,0.234,0.235,0.234,0.235,21259.47
1764368100,0.235,0.235,0.235,0.235,0.0
1764369000,0.235,0.235,0.234,0.234,13975.150000000001
1764369900,0.234,0.234,0.234,0.234,305.07
1764370800,0.234,0.235,0.234,0.235,6540.57
1764371700,0.235,0.235,0.235,0.235,116.91
1764372600,0.235,0.235,0.234,0.234,16979.300000000003
1764373500,0.234,0.235,0.234,0.234,1197.5
1764374400,0.234,0.234,0.234,0.234,6458.45
1764375300,0.234,0.234,0.234,0.234,0.0
1764376200,0.234,0.235,0.233,0.234,31654.23
1764377100,0.234,0.235,0.234,0.234,11459.26
1764378000,0.234,0.235,0.234,0.234,42459.71
1764378900,0.234,0.235,0.234,0.234,56962.880000000005
1764379800,0.234,0.234,0.234,0.234,600.0
1764380700,0.234,0.234,0.233,0.234,880.48
1764381600,0.234,0.235,0.234,0.235,87396.3
1764382500,0.235,0.235,0.235,0.235,21.27
1764383400,0.235,0.235,0.234,0.234,21616.3
1764384300,0.234,0.235,0.234,0.235,575.53
1764385200,0.235,0.235,0.235,0.235,26970.510000000002
1764386100,0.235,0.235,0.235,0.235,11394.130000000001
1764387000,0.235,0.235,0.235,0.235,105.32
1764387900,0.235,0.236,0.235,0.236,35.22
1764388800,0.236,0.236,0.235,0.235,5628.57
1764389700,0.234,0.235,0.234,0.234,16715.77
1764390600,0.234,0.235,0.234,0.235,1883.78
1764391500,0.235,0.235,0.235,0.235,0.0
1764392400,0.235,0.236,0.235,0.236,28485.1
1764393300,0.236,0.236,0.235,0.235,4116.54
1764394200,0.235,0.236,0.235,0.235,1333.79
1764395100,0.235,0.235,0.235,0.235,3266.77
1764396000,0.235,0.236,0.235,0.236,28887.14
1764396900,0.236,0.236,0.235,0.235,25491.22
1764397800,0.235,0.235,0.234,0.234,529.6899999999999
1764398700,0.234,0.235,0.234,0.235,2960.22
1764399600,0.235,0.235,0.234,0.234,242.07999999999998
1764400500,0.234,0.235,0.234,0.234,21138.47
1764401400,0.234,0.234,0.234,0.234,29716.2
1764402300,0.234,0.234,0.234,0.234,7665.03
1764403200,0.234,0.234,0.233,0.233,19250.09
1764404100,0.234,0.234,0.233,0.233,71.45
1764405000,0.233,0.233,0.233,0.233,5106.3
1764405900,0.233,0.233,0.233,0.233,0.0
1764406800,0.233,0.234,0.233,0.234,25.64
1764407700,0.233,0.234,0.233,0.233,7432.82
1764408600,0.233,0.233,0.233,0.233,512.56
1764409500,0.233,0.233,0.233,0.233,0.0
1764410400,0.233,0.233,0.233,0.233,54984.909999999996
1764411300,0.233,0.233,0.232,0.233,95217.94
1764412200,0.233,0.234,0.233,0.234,1388.83
1764413100,0.234,0.234,0.233,0.233,89.41
1764414000,0.233,0.234,0.233,0.233,1991.37
1764414900,0.233,0.234,0.233,0.234,1548.12
1764415800,0.234,0.234,0.233,0.233,1235.23
1764416700,0.234,0.234,0.233,0.234,4293.07
1764417600,0.234,0.234,0.234,0.234,0.0
1764418500,0.234,0.234,0.234,0.234,0.0
1764419400,0.234,0.234,0.234,0.234,0.0
1764420300,0.234,0.234,0.234,0.234,0.0
1764421200,0.234,0.234,0.232,0.232,4355.24
1764422100,0.232,0.233,0.232,0.233,3055.16
1764423000,0.233,0.233,0.232,0.232,11407.06
1764423900,0.232,0.233,0.232,0.232,772.64
1764424800,0.232,0.233,0.232,0.232,10375.46
1764425700,0.232,0.233,0.232,0.233,2718.33
1764426600,0.233,0.233,0.232,0.232,93533.53
1764427500,0.232,0.233,0.232,0.232,7982.56
1764428400,0.232,0.232,0.232,0.232,147.43
1764429300,0.232,0.233,0.232,0.232,41054.0
1764430200,0.232,0.233,0.232,0.232,117.09
1764431100,0.232,0.232,0.232,0.232,1612.01
1764432000,0.232,0.233,0.232,0.232,12082.970000000001
1764432900,0.232,0.232,0.232,0.232,665.26
1764433800,0.232,0.232,0.232,0.232,8300.57
1764434700,0.232,0.233,0.232,0.233,4988.12
1764435600,0.233,0.233,0.231,0.232,139233.83000000002
1764436500,0.232,0.233,0.232,0.232,7852.75
1764437400,0.232,0.232,0.23,0.231,254022.81999999998
1764438300,0.231,0.231,0.23,0.23,11568.72
1764439200,0.231,0.231,0.229,0.23,168053.22999999998
1764440100,0.23,0.231,0.23,0.23,1374.6
1764441000,0.23,0.231,0.23,0.231,34438.26
1764441900,0.231,0.232,0.231,0.231,3984.64
1764442800,0.231,0.232,0.231,0.231,145.69
1764443700,0.231,0.231,0.231,0.231,460.0
1764444600,0.231,0.232,0.231,0.232,1044.52
1764445500,0.232,0.232,0.232,0.232,0.0
1764446400,0.232,0.232,0.231,0.231,2942.41
1764447300,0.231,0.231,0.23,0.231,1729.78
1764448200,0.231,0.231,0.231,0.231,50.33
1764449100,0.231,0.232,0.231,0.231,24915.41
1764450000,0.231,0.232,0.231,0.232,3258.98
1764450900,0.232,0.232,0.231,0.232,90.85
1764451800,0.232,0.232,0.231,0.231,2458.23
1764452700,0.231,0.232,0.231,0.232,192.23000000000002
1764453600,0.232,0.232,0.232,0.232,197.51999999999998
1764454500,0.232,0.232,0.232,0.232,0.0
1764455400,0.232,0.232,0.232,0.232,3104.13
1764456300,0.232,0.232,0.23,0.23,10369.570000000002
1764457200,0.23,0.23,0.23,0.23,2315.68
1764458100,0.23,0.23,0.23,0.23,0.0
1764459000,0.23,0.23,0.23,0.23,43.06
1764459900,0.23,0.23,0.23,0.23,0.0
1764460800,0.23,0.23,0.23,0.23,63.49
1764461700,0.23,0.231,0.23,0.23,258.05
1764462600,0.23,0.231,0.23,0.231,2528.63
1764463500,0.231,0.231,0.23,0.23,1127.53
1764464400,0.23,0.232,0.23,0.231,19870.95
1764465300,0.231,0.232,0.231,0.231,1349.23
1764466200,0.232,0.232,0.232,0.232,6917.9800000000005
1764467100,0.232,0.232,0.231,0.232,92.15
1764468000,0.232,0.232,0.231,0.231,4253.26
1764468900,0.231,0.231,0.231,0.231,3815.89
1764469800,0.231,0.231,0.231,0.231,0.0
1764470700,0.231,0.232,0.231,0.231,15379.97
1764471600,0.231,0.232,0.23,0.231,14290.13
1764472500,0.231,0.231,0.23,0.23,120439.08
1764473400,0.23,0.232,0.23,0.232,28180.559999999998
1764474300,0.232,0.232,0.231,0.231,1844.68
1764475200,0.231,0.231,0.231,0.231,43.29
1764476100,0.232,0.232,0.232,0.232,281.20000000000005
1764477000,0.231,0.232,0.231,0.232,970.8
1764477900,0.232,0.232,0.231,0.231,1146.17
1764478800,0.231,0.231,0.231,0.231,1129.91
1764479700,0.231,0.231,0.23,0.23,19124.95
1764480600,0.23,0.231,0.23,0.23,257.63
1764481500,0.23,0.231,0.23,0.231,93.39
1764482400,0.231,0.231,0.23,0.231,3484.55
1764483300,0.231,0.232,0.23,0.232,15677.630000000001
1764484200,0.232,0.233,0.232,0.233,70441.78
1764485100,0.233,0.234,0.233,0.234,119524.35
1764486000,0.234,0.234,0.233,0.234,18203.03
1764486900,0.234,0.234,0.233,0.234,15677.02
1764487800,0.234,0.234,0.233,0.234,14084.12
1764488700,0.234,0.234,0.233,0.234,12786.72
1764489600,0.234,0.234,0.233,0.234,13815.91
1764490500,0.234,0.235,0.234,0.234,123988.12
1764491400,0.234,0.234,0.233,0.233,4805.21
1764492300,0.233,0.233,0.233,0.233,11494.48
1764493200,0.233,0.234,0.232,0.233,36341.75
1764494100,0.233,0.233,0.233,0.233,0.0
1764495000,0.233,0.233,0.233,0.233,566.25
1764495900,0.233,0.233,0.233,0.233,49.03
1764496800,0.233,0.233,0.233,0.233,0.0
1764497700,0.233,0.233,0.232,0.233,1288.06
1764498600,0.233,0.233,0.233,0.233,16671.710000000003
1764499500,0.233,0.233,0.233,0.233,2036.8600000000001
1764500400,0.233,0.233,0.232,0.232,15281.85
1764501300,0.232,0.233,0.232,0.232,115.38
1764502200,0.232,0.233,0.232,0.232,149.32999999999998
1764503100,0.233,0.233,0.232,0.232,120296.69
1764504000,0.232,0.233,0.231,0.233,38364.34
1764504900,0.233,0.233,0.233,0.233,295.54999999999995
1764505800,0.233,0.234,0.232,0.234,23894.629999999997
1764506700,0.234,0.234,0.233,0.233,124.78
1764507600,0.233,0.234,0.233,0.234,397.70000000000005
1764508500,0.233,0.235,0.233,0.234,80172.99
1764509400,0.234,0.235,0.234,0.235,104.45
1764510300,0.235,0.235,0.234,0.234,715.01
1764511200,0.234,0.234,0.233,0.233,14373.3
1764512100,0.233,0.234,0.233,0.234,298.65
1764513000,0.234,0.234,0.233,0.233,17027.489999999998
1764513900,0.233,0.233,0.232,0.233,8542.9
1764514800,0.233,0.233,0.231,0.232,81126.31999999999
1764515700,0.232,0.232,0.232,0.232,1753.05
1764516600,0.232,0.232,0.232,0.232,5277.139999999999
1764517500,0.232,0.233,0.232,0.233,2185.23
1764518400,0.233,0.233,0.233,0.233,27437.93
1764519300,0.232,0.234,0.232,0.233,14458.87
1764520200,0.233,0.234,0.233,0.234,33.82
1764521100,0.234,0.234,0.234,0.234,0.0
1764522000,0.234,0.234,0.232,0.233,8156.2300000000005
1764522900,0.233,0.234,0.232,0.232,48281.020000000004
1764523800,0.232,0.233,0.232,0.233,1737.98
1764524700,0.233,0.233,0.233,0.233,0.0
1764525600,0.233,0.233,0.232,0.232,1337.53
1764526500,0.232,0.233,0.232,0.233,134.1
1764527400,0.233,0.233,0.233,0.233,0.0
1764528300,0.233,0.233,0.232,0.233,1431.28
1764529200,0.232,0.232,0.232,0.232,120.73
1764530100,0.232,0.232,0.232,0.232,12241.24
1764531000,0.232,0.232,0.231,0.231,16785.629999999997
1764531900,0.231,0.231,0.231,0.231,1096.31
1764532800,0.231,0.232,0.231,0.232,13622.42
1764533700,0.232,0.232,0.231,0.231,17174.57
1764534600,0.231,0.232,0.231,0.232,10761.96
1764535500,0.232,0.232,0.231,0.231,335.69
1764536400,0.231,0.232,0.23,0.231,87151.87
1764537300,0.231,0.232,0.231,0.231,17026.579999999998
1764538200,0.231,0.231,0.231,0.231,22154.88
1764539100,0.231,0.231,0.231,0.231,113.99
1764540000,0.231,0.231,0.231,0.231,12222.8
1764540900,0.231,0.231,0.231,0.231,4682.81
1764541800,0.231,0.231,0.231,0.231,12698.15
1764542700,0.231,0.231,0.231,0.231,12548.48
1764543600,0.231,0.231,0.23,0.23,197.52
1764544500,0.23,0.23,0.227,0.229,369844.86
1764545400,0.229,0.229,0.228,0.229,98730.20999999999
1764546300,0.229,0.229,0.227,0.228,153400.11
1764547200,0.228,0.228,0.222,0.224,1261344.3699999999
1764548100,0.224,0.224,0.22,0.222,705351.2
1764549000,0.221,0.222,0.219,0.22,311723.8
1764549900,0.219,0.22,0.217,0.217,332429.93
1764550800,0.217,0.219,0.216,0.218,204885.44
1764551700,0.217,0.219,0.217,0.218,16143.04
1764552600,0.218,0.219,0.217,0.218,43517.59
1764553500,0.218,0.218,0.218,0.218,28966.77
1764554400,0.217,0.218,0.217,0.218,70829.25
1764555300,0.219,0.219,0.219,0.219,228.31
1764556200,0.218,0.219,0.217,0.218,39008.44
1764557100,0.218,0.218,0.217,0.217,21971.58
1764558000,0.217,0.217,0.216,0.216,22706.99
1764558900,0.216,0.217,0.216,0.216,19059.43
1764559800,0.216,0.217,0.215,0.216,123014.58
1764560700,0.216,0.216,0.215,0.215,12396.43
1764561600,0.215,0.216,0.214,0.214,186244.21
1764562500,0.214,0.215,0.214,0.214,11495.2
1764563400,0.214,0.215,0.214,0.214,12235.63
1764564300,0.214,0.215,0.214,0.214,33265.46
1764565200,0.214,0.216,0.214,0.215,33609.42
1764566100,0.215,0.216,0.214,0.215,39105.68
1764567000,0.215,0.216,0.214,0.214,11149.33
1764567900,0.215,0.216,0.215,0.215,15611.490000000002
1764568800,0.215,0.216,0.215,0.215,12539.650000000001
1764569700,0.215,0.216,0.215,0.215,1191.48
1764570600,0.216,0.216,0.215,0.215,1628.8300000000002
1764571500,0.215,0.216,0.215,0.215,230.97
1764572400,0.215,0.216,0.215,0.216,741.3
1764573300,0.216,0.216,0.215,0.215,17899.059999999998
1764574200,0.215,0.216,0.215,0.215,3392.13
1764575100,0.215,0.215,0.215,0.215,417.32
1764576000,0.215,0.216,0.215,0.216,32546.29
1764576900,0.216,0.216,0.215,0.216,13876.58
1764577800,0.216,0.217,0.215,0.217,15874.289999999999
1764578700,0.217,0.217,0.216,0.217,1068.73
1764579600,0.217,0.218,0.217,0.218,90209.04
1764580500,0.218,0.218,0.217,0.217,4088.0199999999995
1764581400,0.217,0.218,0.217,0.218,539.71
1764582300,0.218,0.218,0.217,0.217,9770.3
1764583200,0.217,0.217,0.217,0.217,12416.93
1764584100,0.217,0.217,0.217,0.217,5614.81
1764585000,0.217,0.218,0.217,0.218,3694.45
1764585900,0.218,0.218,0.218,0.218,1354.84
1764586800,0.218,0.218,0.216,0.216,43315.69
1764587700,0.216,0.216,0.216,0.216,0.0
1764588600,0.216,0.216,0.216,0.216,8285.68
1764589500,0.217,0.217,0.216,0.216,87.05
1764590400,0.216,0.217,0.216,0.217,40899.09
1764591300,0.217,0.217,0.216,0.216,33110.219999999994
1764592200,0.216,0.216,0.214,0.214,217272.5
1764593100,0.214,0.216,0.213,0.215,69554.18
1764594000,0.215,0.216,0.215,0.216,69106.49
1764594900,0.216,0.217,0.216,0.217,16772.2
1764595800,0.217,0.217,0.216,0.216,11858.3
1764596700,0.216,0.216,0.215,0.216,22417.329999999998
1764597600,0.216,0.217,0.216,0.216,94956.53
1764598500,0.216,0.216,0.215,0.216,30341.31
1764599400,0.216,0.219,0.216,0.217,290419.49
1764600300,0.217,0.217,0.217,0.217,33257.72
1764601200,0.217,0.218,0.216,0.216,15175.14
1764602100,0.216,0.217,0.214,0.214,157337.01
1764603000,0.214,0.215,0.212,0.212,256048.02
1764603900,0.213,0.215,0.213,0.215,96222.01
1764604800,0.215,0.216,0.214,0.214,60499.43
1764605700,0.214,0.215,0.214,0.214,43930.05
1764606600,0.214,0.215,0.214,0.214,54216.54
1764607500,0.214,0.215,0.212,0.213,68527.59
1764608400,0.213,0.214,0.213,0.213,24478.1
1764609300,0.213,0.214,0.213,0.213,11136.11
1764610200,0.213,0.214,0.212,0.213,88037.09
1764611100,0.213,0.214,0.212,0.213,25797.92
1764612000,0.213,0.214,0.213,0.214,53728.45
1764612900,0.214,0.215,0.213,0.215,17977.44
1764613800,0.215,0.215,0.214,0.214,26349.48
1764614700,0.214,0.215,0.214,0.215,6893.38
1764615600,0.214,0.214,0.214,0.214,25715.309999999998
1764616500,0.214,0.214,0.212,0.212,49595.01
1764617400,0.212,0.213,0.212,0.213,28936.52
1764618300,0.213,0.214,0.213,0.214,7876.46
1764619200,0.214,0.216,0.214,0.215,70581.51
1764620100,0.215,0.215,0.213,0.214,20988.449999999997
1764621000,0.215,0.215,0.215,0.215,150.41
1764621900,0.215,0.215,0.214,0.214,81.5
1764622800,0.214,0.216,0.214,0.215,33494.83
1764623700,0.215,0.216,0.215,0.216,13170.97
1764624600,0.216,0.216,0.216,0.216,5430.84
1764625500,0.216,0.216,0.216,0.216,694.13
1764626400,0.216,0.217,0.215,0.216,126756.52
1764627300,0.216,0.217,0.215,0.217,62334.44
1764628200,0.217,0.217,0.216,0.217,20610.82
1764629100,0.217,0.217,0.217,0.217,0.0
1764630000,0.217,0.217,0.216,0.216,4940.03
1764630900,0.216,0.217,0.216,0.217,28463.609999999997
1764631800,0.217,0.218,0.216,0.217,129485.06999999999
1764632700,0.217,0.217,0.216,0.216,549.81
1764633600,0.216,0.217,0.216,0.217,199.56
1764634500,0.217,0.217,0.216,0.217,1445.53
1764635400,0.217,0.217,0.216,0.216,41.98
1764636300,0.216,0.216,0.216,0.216,0.0
1764637200,0.216,0.219,0.216,0.217,116646.74
1764638100,0.217,0.217,0.217,0.217,27.64
1764639000,0.217,0.217,0.215,0.216,52968.89
1764639900,0.216,0.216,0.216,0.216,2905.4500000000003
1764640800,0.215,0.216,0.215,0.215,5022.73
1764641700,0.215,0.217,0.215,0.217,26083.82
1764642600,0.215,0.216,0.215,0.215,5658.92
1764643500,0.215,0.216,0.215,0.216,74.78
1764644400,0.216,0.216,0.215,0.215,18000.19
1764645300,0.215,0.215,0.214,0.215,74633.91
1764646200,0.215,0.216,0.214,0.216,10562.84
1764647100,0.216,0.216,0.215,0.215,9277.07
1764648000,0.215,0.215,0.215,0.215,0.0
1764648900,0.215,0.215,0.215,0.215,0.0
1764649800,0.215,0.215,0.215,0.215,57.86
1764650700,0.215,0.215,0.215,0.215,0.0
1764651600,0.215,0.215,0.215,0.215,0.0
1764652500,0.215,0.215,0.215,0.215,0.0
1764653400,0.215,0.216,0.215,0.215,25448.08
1764654300,0.215,0.215,0.215,0.215,2402.32
1764655200,0.215,0.215,0.214,0.215,6884.849999999999
1764656100,0.215,0.215,0.215,0.215,992.14
1764657000,0.215,0.215,0.214,0.215,665.0999999999999
1764657900,0.215,0.215,0.214,0.214,284.72
1764658800,0.214,0.214,0.214,0.214,0.0
1764659700,0.214,0.215,0.214,0.214,16358.650000000001
1764660600,0.214,0.215,0.213,0.214,122878.67000000001
1764661500,0.213,0.214,0.213,0.214,3490.9700000000003
1764662400,0.214,0.214,0.214,0.214,1007.34
1764663300,0.213,0.214,0.213,0.214,785.28
1764664200,0.213,0.214,0.212,0.213,122501.43000000001
1764665100,0.213,0.214,0.212,0.212,12859.87
1764666000,0.212,0.213,0.212,0.213,12488.61
1764666900,0.213,0.214,0.213,0.213,954.19
1764667800,0.213,0.214,0.213,0.213,3839.07
1764668700,0.214,0.214,0.212,0.213,20324.47
1764669600,0.213,0.213,0.212,0.213,50819.93
1764670500,0.213,0.213,0.212,0.212,2455.34
1764671400,0.212,0.213,0.212,0.213,15805.760000000002
1764672300,0.214,0.215,0.213,0.214,89816.23000000001
1764673200,0.214,0.214,0.214,0.214,514.85
1764674100,0.214,0.215,0.214,0.215,8243.93
1764675000,0.216,0.216,0.215,0.215,3774.04
1764675900,0.215,0.216,0.215,0.216,326.68
1764676800,0.216,0.216,0.215,0.216,1092.59
1764677700,0.216,0.216,0.215,0.216,310.42
1764678600,0.216,0.216,0.214,0.214,23179.319999999996
1764679500,0.214,0.215,0.214,0.214,371.0
1764680400,0.214,0.216,0.214,0.216,10352.34
1764681300,0.216,0.217,0.216,0.216,45726.07
1764682200,0.216,0.216,0.216,0.216,7458.83
1764683100,0.216,0.217,0.215,0.216,41089.17
1764684000,0.216,0.218,0.216,0.217,76009.3
1764684900,0.217,0.219,0.217,0.218,107610.45
1764685800,0.218,0.22,0.217,0.219,190854.16999999998
1764686700,0.22,0.221,0.219,0.221,227995.34
1764687600,0.22,0.224,0.22,0.224,709585.5800000001
1764688500,0.224,0.225,0.223,0.224,322832.67
1764689400,0.224,0.227,0.224,0.226,549929.14
1764690300,0.226,0.227,0.226,0.226,129319.0
1764691200,0.226,0.228,0.226,0.227,321429.03
1764692100,0.227,0.227,0.225,0.225,100239.94
1764693000,0.226,0.227,0.225,0.226,50402.03999999999
1764693900,0.226,0.226,0.226,0.226,30658.15
1764694800,0.226,0.227,0.226,0.226,508.69
1764695700,0.226,0.227,0.226,0.227,13842.45
1764696600,0.227,0.228,0.227,0.227,1080.07
1764697500,0.227,0.228,0.227,0.228,157.45999999999998
1764698400,0.228,0.228,0.226,0.227,72681.31999999999
1764699300,0.227,0.228,0.226,0.226,46338.08
1764700200,0.226,0.228,0.226,0.227,35468.1
1764701100,0.227,0.227,0.226,0.226,54490.59
1764702000,0.226,0.229,0.226,0.228,218248.77
1764702900,0.228,0.228,0.227,0.227,30358.690000000002
1764703800,0.227,0.228,0.227,0.228,185.2
1764704700,0.228,0.228,0.227,0.227,33192.92
1764705600,0.227,0.227,0.226,0.226,500.76
1764706500,0.226,0.226,0.225,0.225,67999.93
1764707400,0.225,0.226,0.225,0.225,11898.26
1764708300,0.225,0.225,0.224,0.225,127105.35
1764709200,0.225,0.227,0.225,0.226,137613.40000000002
1764710100,0.226,0.226,0.226,0.226,132.77
1764711000,0.226,0.226,0.225,0.225,40926.53
1764711900,0.226,0.226,0.224,0.226,67032.91
1764712800,0.226,0.227,0.226,0.226,334731.3
1764713700,0.226,0.226,0.226,0.226,0.0
1764714600,0.226,0.227,0.226,0.227,139832.16
1764715500,0.227,0.227,0.226,0.227,13109.79
1764716400,0.228,0.228,0.227,0.227,720.04
1764717300,0.227,0.227,0.227,0.227,13905.52
1764718200,0.227,0.227,0.226,0.226,2792.59
1764719100,0.226,0.227,0.226,0.227,526.4200000000001
1764720000,0.227,0.227,0.227,0.227,31123.66
1764720900,0.226,0.227,0.226,0.226,31541.25
1764721800,0.226,0.227,0.225,0.227,52288.17
1764722700,0.227,0.228,0.227,0.228,16924.89
1764723600,0.228,0.228,0.227,0.228,161894.76
1764724500,0.228,0.228,0.227,0.228,10244.880000000001
1764725400,0.228,0.229,0.228,0.229,105087.3
1764726300,0.229,0.23,0.229,0.229,290032.79000000004
1764727200,0.229,0.232,0.229,0.231,325214.20999999996
1764728100,0.231,0.231,0.23,0.231,34300.76
1764729000,0.231,0.231,0.23,0.231,4212.2300000000005
1764729900,0.231,0.231,0.23,0.231,27239.83
1764730800,0.231,0.231,0.231,0.231,161995.49
1764731700,0.231,0.232,0.23,0.231,108872.70999999999
1764732600,0.23,0.23,0.23,0.23,132.77
1764733500,0.23,0.23,0.23,0.23,26171.45
1764734400,0.23,0.232,0.23,0.231,53054.75
1764735300,0.231,0.232,0.231,0.232,24082.800000000003
1764736200,0.231,0.232,0.231,0.232,5924.58
1764737100,0.232,0.233,0.232,0.232,204918.97
1764738000,0.232,0.234,0.232,0.233,274386.1
1764738900,0.233,0.233,0.233,0.233,47070.67
1764739800,0.233,0.234,0.233,0.233,145099.66
1764740700,0.233,0.233,0.233,0.233,268.26
1764741600,0.233,0.235,0.233,0.234,248154.39
1764742500,0.234,0.234,0.234,0.234,0.0
1764743400,0.235,0.235,0.234,0.234,57805.52
1764744300,0.233,0.234,0.232,0.234,32161.4
1764745200,0.234,0.234,0.233,0.234,5064.11
1764746100,0.234,0.234,0.233,0.233,5371.4400000000005
1764747000,0.233,0.234,0.233,0.233,6126.549999999999
1764747900,0.233,0.234,0.233,0.234,1961.54
1764748800,0.233,0.235,0.233,0.234,19491.44
1764749700,0.234,0.234,0.233,0.234,14317.48
1764750600,0.234,0.235,0.234,0.234,51034.600000000006
1764751500,0.234,0.235,0.234,0.234,99605.18
1764752400,0.234,0.234,0.234,0.234,24389.86
1764753300,0.234,0.234,0.233,0.234,11747.94
1764754200,0.233,0.234,0.233,0.234,7091.19
1764755100,0.234,0.235,0.234,0.235,70454.59999999999
1764756000,0.235,0.235,0.234,0.235,9412.9
1764756900,0.235,0.236,0.234,0.235,268526.99
1764757800,0.236,0.236,0.234,0.235,42132.63
1764758700,0.235,0.235,0.234,0.235,908.6700000000001
1764759600,0.234,0.234,0.234,0.234,31707.550000000003
1764760500,0.233,0.234,0.232,0.234,106594.15
1764761400,0.234,0.234,0.233,0.234,8709.09
1764762300,0.234,0.234,0.233,0.233,1492.13
1764763200,0.233,0.235,0.233,0.234,56265.84
1764764100,0.234,0.234,0.234,0.234,31017.04
1764765000,0.234,0.234,0.233,0.233,5735.76
1764765900,0.233,0.234,0.233,0.234,1168.07
1764766800,0.234,0.234,0.233,0.234,1206.35
1764767700,0.234,0.235,0.234,0.234,99781.95999999999
1764768600,0.234,0.234,0.233,0.234,5404.54
1764769500,0.234,0.234,0.233,0.233,2199.83
1764770400,0.233,0.233,0.229,0.231,718932.79
1764771300,0.232,0.233,0.232,0.232,79921.46
1764772200,0.232,0.236,0.231,0.235,541346.03
1764773100,0.235,0.235,0.233,0.233,161919.32
1764774000,0.232,0.234,0.232,0.233,78313.69
1764774900,0.233,0.233,0.232,0.233,185003.25
1764775800,0.233,0.234,0.233,0.233,132028.25
1764776700,0.233,0.234,0.233,0.233,32002.129999999997
1764777600,0.233,0.234,0.232,0.232,66801.58
1764778500,0.232,0.232,0.232,0.232,2296.41
1764779400,0.232,0.234,0.232,0.234,38402.97
1764780300,0.234,0.234,0.232,0.233,16963.07
1764781200,0.233,0.234,0.233,0.234,22763.030000000002
1764782100,0.234,0.234,0.233,0.233,1639.71
1764783000,0.233,0.235,0.233,0.235,31813.1
1764783900,0.235,0.235,0.234,0.235,10094.94
1764784800,0.235,0.236,0.235,0.236,52967.75
1764785700,0.236,0.236,0.235,0.236,59117.5
1764786600,0.236,0.236,0.235,0.236,6270.530000000001
1764787500,0.236,0.236,0.235,0.235,11221.070000000002
1764788400,0.235,0.235,0.235,0.235,33322.87
1764789300,0.234,0.236,0.234,0.236,26731.469999999998
1764790200,0.236,0.236,0.234,0.234,43999.729999999996
1764791100,0.234,0.235,0.234,0.234,70188.52
1764792000,0.235,0.235,0.234,0.235,71483.75
1764792900,0.235,0.235,0.234,0.235,1807.31
1764793800,0.235,0.235,0.234,0.234,77.32
1764794700,0.234,0.235,0.234,0.234,114555.22
1764795600,0.234,0.235,0.234,0.234,194378.31
1764796500,0.234,0.235,0.234,0.234,39087.630000000005
1764797400,0.234,0.235,0.234,0.235,1218.7
1764798300,0.235,0.236,0.235,0.236,54411.649999999994
1764799200,0.236,0.236,0.234,0.235,83970.29000000001
1764800100,0.235,0.235,0.235,0.235,2815.83
1764801000,0.235,0.236,0.235,0.235,6488.499999999999
1764801900,0.235,0.236,0.235,0.236,27250.88
1764802800,0.236,0.237,0.236,0.236,68933.35
1764803700,0.236,0.236,0.235,0.236,12137.939999999999
1764804600,0.236,0.236,0.235,0.235,676.37
1764805500,0.235,0.235,0.234,0.234,7965.280000000001
1764806400,0.235,0.235,0.234,0.234,19352.059999999998
1764807300,0.233,0.235,0.233,0.234,37891.6
1764808200,0.234,0.234,0.233,0.234,42495.98
1764809100,0.234,0.234,0.233,0.234,29956.06
1764810000,0.234,0.235,0.234,0.235,66092.78
1764810900,0.236,0.236,0.233,0.235,45219.73
1764811800,0.235,0.235,0.234,0.234,33351.07
1764812700,0.234,0.234,0.233,0.234,449.47
1764813600,0.234,0.234,0.234,0.234,0.0
1764814500,0.234,0.234,0.233,0.234,66027.33
1764815400,0.234,0.234,0.233,0.234,575.02
1764816300,0.234,0.234,0.233,0.233,200.79
1764817200,0.233,0.233,0.233,0.233,339.24
1764818100,0.233,0.234,0.233,0.233,22404.52
1764819000,0.233,0.233,0.233,0.233,182.07
1764819900,0.233,0.233,0.233,0.233,2199.35
1764820800,0.233,0.234,0.233,0.233,529.39
1764821700,0.233,0.233,0.233,0.233,1458.27
1764822600,0.233,0.234,0.233,0.233,3576.02
1764823500,0.233,0.234,0.233,0.233,78357.42
1764824400,0.233,0.233,0.233,0.233,5098.42
1764825300,0.233,0.233,0.232,0.233,157.09
1764826200,0.233,0.233,0.232,0.232,229.82
1764827100,0.232,0.232,0.232,0.232,139.73000000000002
1764828000,0.232,0.232,0.232,0.232,83643.86
1764828900,0.232,0.233,0.232,0.232,1668.26
1764829800,0.232,0.233,0.232,0.232,28553.23
1764830700,0.232,0.232,0.232,0.232,435.59
1764831600,0.232,0.232,0.231,0.232,53738.44
1764832500,0.232,0.232,0.231,0.231,73319.92
1764833400,0.231,0.232,0.231,0.232,33999.420000000006
1764834300,0.232,0.233,0.232,0.232,103.38
1764835200,0.232,0.233,0.231,0.232,2393.36
1764836100,0.232,0.232,0.231,0.232,11968.869999999999
1764837000,0.232,0.232,0.231,0.231,129.31
1764837900,0.231,0.232,0.231,0.231,567.9
1764838800,0.231,0.233,0.231,0.233,48215.8
1764839700,0.232,0.232,0.232,0.232,4520.400000000001
1764840600,0.232,0.233,0.232,0.232,22527.54
1764841500,0.232,0.233,0.232,0.232,4180.0
1764842400,0.232,0.233,0.232,0.233,258.64
1764843300,0.233,0.233,0.232,0.232,5025.9400000000005
1764844200,0.232,0.232,0.232,0.232,45.88
1764845100,0.232,0.232,0.232,0.232,59895.35
1764846000,0.232,0.232,0.231,0.231,13619.41
1764846900,0.231,0.231,0.231,0.231,15515.68
1764847800,0.231,0.231,0.231,0.231,29967.989999999998
1764848700,0.23,0.231,0.23,0.23,25383.49
1764849600,0.23,0.232,0.23,0.231,82951.94
1764850500,0.232,0.232,0.231,0.231,18034.539999999997
1764851400,0.231,0.232,0.23,0.231,90890.17
1764852300,0.231,0.231,0.231,0.231,29.6
1764853200,0.231,0.232,0.23,0.231,86939.59
1764854100,0.231,0.231,0.23,0.231,98831.82
1764855000,0.231,0.232,0.23,0.23,30629.46
1764855900,0.23,0.231,0.229,0.23,122140.33
1764856800,0.231,0.231,0.23,0.23,6797.43
1764857700,0.23,0.231,0.23,0.231,21997.83
1764858600,0.231,0.231,0.23,0.231,84242.81
1764859500,0.231,0.231,0.229,0.229,121975.00000000001
1764860400,0.229,0.231,0.229,0.231,30257.56
1764861300,0.231,0.231,0.23,0.23,36040.670000000006
1764862200,0.23,0.232,0.23,0.232,117894.26
1764863100,0.232,0.232,0.232,0.232,0.0
1764864000,0.232,0.232,0.231,0.231,34996.26
1764864900,0.231,0.232,0.231,0.232,72179.38
1764865800,0.232,0.232,0.231,0.231,44962.66
1764866700,0.231,0.231,0.23,0.23,52102.39
1764867600,0.23,0.23,0.229,0.229,38203.340000000004
1764868500,0.23,0.23,0.229,0.229,107384.69
1764869400,0.229,0.23,0.228,0.228,101497.36
1764870300,0.228,0.229,0.228,0.229,31900.82
1764871200,0.229,0.23,0.229,0.229,76414.08
1764872100,0.229,0.229,0.229,0.229,56209.43
1764873000,0.229,0.23,0.228,0.228,50093.89
1764873900,0.228,0.228,0.227,0.227,11000.75
1764874800,0.227,0.228,0.226,0.226,258274.69
1764875700,0.226,0.227,0.223,0.225,250268.69999999998
1764876600,0.225,0.227,0.224,0.227,68820.59
1764877500,0.227,0.228,0.226,0.227,75105.61
1764878400,0.227,0.227,0.226,0.227,50714.020000000004
1764879300,0.227,0.227,0.227,0.227,8610.119999999999
1764880200,0.227,0.227,0.227,0.227,37869.799999999996
1764881100,0.227,0.228,0.227,0.228,79251.99
1764882000,0.228,0.228,0.227,0.227,1632.8
1764882900,0.227,0.227,0.227,0.227,650.95
1764883800,0.227,0.228,0.227,0.228,53.94
1764884700,0.228,0.228,0.226,0.226,29095.66
1764885600,0.226,0.226,0.226,0.226,1791.48
1764886500,0.226,0.227,0.226,0.226,1631.89
1764887400,0.227,0.228,0.226,0.228,29343.59
1764888300,0.228,0.228,0.228,0.228,220.0
1764889200,0.227,0.228,0.227,0.228,5007.71
1764890100,0.228,0.228,0.227,0.227,3421.85
1764891000,0.227,0.228,0.227,0.228,3832.37
1764891900,0.228,0.228,0.227,0.228,2812.15
1764892800,0.228,0.229,0.228,0.228,70458.79999999999
1764893700,0.228,0.229,0.227,0.229,141952.11
1764894600,0.228,0.229,0.228,0.229,75241.24
1764895500,0.229,0.229,0.228,0.228,10064.33
1764896400,0.228,0.228,0.228,0.228,85784.72
1764897300,0.228,0.228,0.228,0.228,2747.29
1764898200,0.228,0.229,0.228,0.228,74491.29999999999
1764899100,0.228,0.229,0.228,0.228,50089.97
1764900000,0.227,0.227,0.227,0.227,57066.94
1764900900,0.227,0.227,0.227,0.227,32499.94
1764901800,0.227,0.228,0.227,0.228,10180.25
1764902700,0.228,0.228,0.228,0.228,21.92
1764903600,0.228,0.228,0.227,0.228,3248.5
1764904500,0.227,0.227,0.226,0.226,11223.48
1764905400,0.226,0.226,0.225,0.225,706.3
1764906300,0.225,0.226,0.225,0.225,7779.66
1764907200,0.226,0.227,0.226,0.226,18133.43
1764908100,0.226,0.226,0.226,0.226,495.37
1764909000,0.225,0.226,0.224,0.225,66212.23999999999
1764909900,0.225,0.226,0.225,0.226,30933.2
1764910800,0.226,0.226,0.225,0.226,3785.12
1764911700,0.226,0.226,0.224,0.225,17166.87
1764912600,0.225,0.225,0.225,0.225,0.0
1764913500,0.225,0.225,0.225,0.225,30.06
1764914400,0.225,0.227,0.225,0.226,36614.21
1764915300,0.226,0.227,0.226,0.227,459.28
1764916200,0.227,0.227,0.226,0.226,73726.35
1764917100,0.226,0.227,0.226,0.227,73.02
1764918000,0.227,0.227,0.227,0.227,43917.96
1764918900,0.227,0.228,0.227,0.228,240.21
1764919800,0.227,0.227,0.227,0.227,48955.23
1764920700,0.227,0.228,0.227,0.228,42321.48
1764921600,0.227,0.228,0.227,0.227,1055.3
1764922500,0.227,0.228,0.227,0.227,11190.72
1764923400,0.227,0.227,0.226,0.227,48593.82
1764924300,0.226,0.227,0.226,0.227,186.16
1764925200,0.227,0.227,0.226,0.226,39242.94
1764926100,0.226,0.226,0.225,0.225,238513.94999999998
1764927000,0.224,0.225,0.223,0.224,110444.01
1764927900,0.225,0.225,0.224,0.224,139541.04
1764928800,0.224,0.224,0.224,0.224,46596.26
1764929700,0.224,0.226,0.224,0.226,51273.689999999995
1764930600,0.226,0.226,0.225,0.225,484.94
1764931500,0.225,0.226,0.225,0.225,15089.25
1764932400,0.225,0.225,0.224,0.225,1126.45
1764933300,0.225,0.225,0.224,0.224,3490.44
1764934200,0.224,0.225,0.223,0.223,24042.72
1764935100,0.223,0.225,0.223,0.224,45151.659999999996
1764936000,0.224,0.224,0.223,0.223,12432.8
1764936900,0.223,0.224,0.223,0.223,10486.0
1764937800,0.223,0.224,0.223,0.224,2077.38
1764938700,0.224,0.224,0.223,0.223,18614.29
1764939600,0.223,0.224,0.223,0.224,90768.95
1764940500,0.224,0.224,0.223,0.223,61621.19
1764941400,0.223,0.224,0.222,0.222,297468.78
1764942300,0.222,0.223,0.221,0.222,99030.55
1764943200,0.222,0.223,0.222,0.222,24002.72
1764944100,0.222,0.222,0.221,0.221,12898.19
1764945000,0.222,0.222,0.221,0.221,39116.47
1764945900,0.222,0.222,0.221,0.221,15984.39
1764946800,0.222,0.225,0.222,0.223,142228.07
1764947700,0.223,0.224,0.223,0.224,27726.58
1764948600,0.224,0.225,0.224,0.224,24890.73
1764949500,0.224,0.224,0.222,0.223,57247.850000000006
1764950400,0.223,0.223,0.22,0.22,355850.97
1764951300,0.221,0.221,0.22,0.221,85416.24
1764952200,0.221,0.221,0.217,0.218,715769.09
1764953100,0.218,0.218,0.217,0.218,325200.01
1764954000,0.218,0.218,0.217,0.218,23444.76
1764954900,0.218,0.218,0.216,0.217,229868.71
1764955800,0.217,0.217,0.216,0.217,38080.3
1764956700,0.217,0.218,0.217,0.218,33478.7
1764957600,0.218,0.218,0.217,0.218,3989.25
1764958500,0.218,0.219,0.217,0.218,13530.03
1764959400,0.218,0.218,0.217,0.217,35176.76
1764960300,0.217,0.217,0.216,0.216,76593.34999999999
1764961200,0.216,0.216,0.215,0.216,106858.7
1764962100,0.217,0.218,0.216,0.217,35986.52
1764963000,0.217,0.218,0.217,0.217,339.15
1764963900,0.217,0.218,0.217,0.218,62881.19
1764964800,0.218,0.218,0.217,0.217,27507.739999999998
1764965700,0.217,0.218,0.217,0.218,6528.8
1764966600,0.218,0.218,0.218,0.218,199.5
1764967500,0.218,0.218,0.216,0.217,24594.46
1764968400,0.217,0.217,0.217,0.217,0.0
1764969300,0.217,0.218,0.217,0.218,473.81
1764970200,0.218,0.218,0.217,0.218,786.29
1764971100,0.218,0.218,0.218,0.218,53.87
1764972000,0.217,0.218,0.217,0.218,1183.95
1764972900,0.218,0.219,0.218,0.218,76170.16
1764973800,0.218,0.219,0.218,0.218,67392.26
1764974700,0.218,0.22,0.218,0.22,155359.03999999998
1764975600,0.22,0.22,0.218,0.218,10391.29
1764976500,0.218,0.219,0.218,0.219,26390.15
1764977400,0.219,0.22,0.219,0.22,11705.630000000001
1764978300,0.22,0.22,0.219,0.219,3178.8900000000003
1764979200,0.219,0.219,0.218,0.218,86.96
1764980100,0.218,0.218,0.218,0.218,1000.0
1764981000,0.218,0.218,0.218,0.218,0.0
1764981900,0.218,0.218,0.218,0.218,0.0
1764982800,0.218,0.218,0.218,0.218,0.0
1764983700,0.218,0.219,0.218,0.218,32248.8
1764984600,0.218,0.218,0.218,0.218,0.0
1764985500,0.218,0.219,0.218,0.219,232.54
1764986400,0.219,0.219,0.217,0.217,28418.440000000002
1764987300,0.217,0.217,0.217,0.217,0.0
1764988200,0.217,0.218,0.217,0.218,32214.88
1764989100,0.218,0.218,0.217,0.218,3238.8799999999997
1764990000,0.218,0.219,0.218,0.219,33482.3
1764990900,0.219,0.219,0.218,0.218,79.06
1764991800,0.218,0.219,0.218,0.219,86.75999999999999
1764992700,0.219,0.219,0.219,0.219,10010.0
1764993600,0.219,0.219,0.218,0.218,14050.34
1764994500,0.218,0.218,0.218,0.218,2115.72
1764995400,0.217,0.218,0.217,0.218,14126.4
1764996300,0.218,0.218,0.217,0.218,6062.52
1764997200,0.218,0.218,0.217,0.217,92.16
1764998100,0.217,0.217,0.217,0.217,0.0
1764999000,0.217,0.218,0.217,0.218,802.73
1764999900,0.218,0.218,0.218,0.218,1695.6399999999999
1765000800,0.218,0.218,0.218,0.218,0.0
1765001700,0.217,0.217,0.217,0.217,2661.7599999999998
1765002600,0.217,0.218,0.217,0.218,3573.72
1765003500,0.218,0.218,0.218,0.218,1765.67
1765004400,0.218,0.218,0.217,0.218,1174.97
1765005300,0.218,0.218,0.218,0.218,1907.88
1765006200,0.217,0.217,0.217,0.217,71448.43
1765007100,0.217,0.217,0.217,0.217,0.0
1765008000,0.217,0.217,0.216,0.217,13050.300000000001
1765008900,0.217,0.217,0.216,0.217,29175.569999999996
1765009800,0.217,0.217,0.216,0.216,21572.88
1765010700,0.216,0.216,0.216,0.216,100412.65
1765011600,0.216,0.216,0.216,0.216,19437.86
1765012500,0.216,0.217,0.216,0.217,2013.41
1765013400,0.217,0.217,0.216,0.217,52442.25
1765014300,0.217,0.217,0.216,0.216,248.4
1765015200,0.217,0.217,0.216,0.216,4043.95
1765016100,0.216,0.217,0.216,0.217,334.08
1765017000,0.217,0.217,0.216,0.216,6970.599999999999
1765017900,0.216,0.216,0.216,0.216,101.15
1765018800,0.216,0.217,0.216,0.217,2727.95
1765019700,0.217,0.217,0.216,0.217,7291.85
1765020600,0.217,0.217,0.216,0.216,2632.19
1765021500,0.216,0.217,0.216,0.217,1807.83
1765022400,0.217,0.218,0.216,0.217,34055.41
1765023300,0.216,0.218,0.216,0.218,7647.47
1765024200,0.217,0.217,0.217,0.217,2443.21
1765025100,0.217,0.217,0.216,0.217,25697.71
1765026000,0.217,0.218,0.217,0.218,9823.06
1765026900,0.218,0.218,0.217,0.217,866.48
1765027800,0.217,0.218,0.217,0.217,67043.85
1765028700,0.217,0.218,0.217,0.218,897.53
1765029600,0.218,0.218,0.218,0.218,79.51
1765030500,0.218,0.22,0.218,0.219,126592.55
1765031400,0.219,0.22,0.219,0.219,10187.02
1765032300,0.219,0.22,0.219,0.22,4545.45
1765033200,0.22,0.22,0.218,0.219,73664.46
1765034100,0.219,0.219,0.219,0.219,1277.59
1765035000,0.219,0.22,0.219,0.219,38487.57
1765035900,0.219,0.22,0.219,0.22,1717.18
1765036800,0.22,0.22,0.219,0.22,66745.67
1765037700,0.22,0.22,0.218,0.219,163418.96000000002
1765038600,0.219,0.22,0.219,0.219,4322.13
1765039500,0.219,0.22,0.219,0.219,694.01
1765040400,0.219,0.22,0.219,0.22,45718.22
1765041300,0.219,0.22,0.219,0.219,854.67
1765042200,0.22,0.22,0.219,0.22,113077.04
1765043100,0.22,0.22,0.219,0.22,27765.37
1765044000,0.22,0.221,0.22,0.22,124978.04
1765044900,0.221,0.221,0.22,0.221,10109.72
1765045800,0.221,0.221,0.22,0.22,6654.179999999999
1765046700,0.22,0.221,0.22,0.22,14718.64
1765047600,0.221,0.221,0.22,0.22,29173.99
1765048500,0.22,0.22,0.22,0.22,2248.58
1765049400,0.219,0.219,0.219,0.219,28833.420000000002
1765050300,0.219,0.219,0.219,0.219,0.0
1765051200,0.219,0.22,0.219,0.219,35011.17
1765052100,0.219,0.219,0.218,0.218,161.63
1765053000,0.219,0.219,0.218,0.218,2214.14
1765053900,0.218,0.218,0.218,0.218,0.0
1765054800,0.218,0.221,0.218,0.219,119254.32
1765055700,0.219,0.22,0.219,0.22,47.11
1765056600,0.22,0.22,0.219,0.219,7037.12
1765057500,0.219,0.219,0.219,0.219,2617.77
1765058400,0.219,0.219,0.219,0.219,27568.48
1765059300,0.219,0.22,0.219,0.219,1493.0
1765060200,0.219,0.22,0.219,0.22,1409.8700000000001
1765061100,0.22,0.22,0.218,0.219,29029.9
1765062000,0.218,0.218,0.218,0.218,4780.96
1765062900,0.218,0.218,0.218,0.218,111407.84
1765063800,0.218,0.218,0.217,0.218,13233.06
1765064700,0.218,0.219,0.218,0.219,47.73
1765065600,0.219,0.219,0.219,0.219,85.84
1765066500,0.219,0.219,0.219,0.219,52838.689999999995
1765067400,0.219,0.22,0.219,0.22,691.36
1765068300,0.22,0.22,0.22,0.22,0.0
1765069200,0.22,0.22,0.218,0.218,19564.24
1765070100,0.219,0.219,0.219,0.219,31176.47
1765071000,0.219,0.219,0.218,0.219,20795.5
1765071900,0.219,0.219,0.219,0.219,12785.66
1765072800,0.219,0.219,0.218,0.219,9330.9
1765073700,0.219,0.22,0.218,0.218,18980.71
1765074600,0.218,0.218,0.218,0.218,222.72
1765075500,0.218,0.219,0.218,0.219,5444.97
1765076400,0.219,0.219,0.219,0.219,4216.95
1765077300,0.219,0.219,0.218,0.219,50075.72
1765078200,0.219,0.219,0.219,0.219,0.0
1765079100,0.219,0.219,0.218,0.218,4173.6
1765080000,0.218,0.218,0.218,0.218,0.0
1765080900,0.218,0.218,0.218,0.218,0.0
1765081800,0.218,0.218,0.218,0.218,30063.960000000003
1765082700,0.218,0.218,0.218,0.218,522.33
1765083600,0.218,0.218,0.217,0.218,1300.29
1765084500,0.218,0.218,0.217,0.217,62.75
1765085400,0.217,0.219,0.217,0.218,11530.39
1765086300,0.218,0.218,0.218,0.218,527.9000000000001
1765087200,0.218,0.219,0.218,0.218,7983.77
1765088100,0.218,0.218,0.218,0.218,0.0
1765089000,0.218,0.218,0.218,0.218,317.46000000000004
1765089900,0.218,0.219,0.218,0.218,18220.41
1765090800,0.218,0.218,0.218,0.218,6923.86
1765091700,0.218,0.218,0.217,0.217,3256.2400000000002
1765092600,0.217,0.218,0.217,0.217,4432.52
1765093500,0.217,0.218,0.217,0.217,136357.7
1765094400,0.217,0.217,0.216,0.216,25563.010000000002
1765095300,0.216,0.217,0.216,0.217,10246.73
1765096200,0.217,0.217,0.216,0.217,5186.2699999999995
1765097100,0.218,0.218,0.218,0.218,141.86
1765098000,0.217,0.218,0.217,0.218,5874.87
1765098900,0.218,0.218,0.216,0.217,237136.08
1765099800,0.217,0.217,0.217,0.217,419.35
1765100700,0.217,0.218,0.217,0.218,227990.61
1765101600,0.218,0.218,0.217,0.218,83568.45999999999
1765102500,0.218,0.219,0.218,0.219,25.11
1765103400,0.219,0.219,0.218,0.218,63957.240000000005
1765104300,0.218,0.218,0.218,0.218,448.08
1765105200,0.218,0.219,0.218,0.219,2845.76
1765106100,0.219,0.219,0.218,0.219,853.68
1765107000,0.219,0.219,0.218,0.218,41.02
1765107900,0.218,0.219,0.218,0.219,172033.50999999998
1765108800,0.219,0.22,0.218,0.219,48637.549999999996
1765109700,0.219,0.22,0.219,0.22,103943.39
1765110600,0.22,0.222,0.22,0.222,55502.08
1765111500,0.222,0.222,0.222,0.222,383.62
1765112400,0.222,0.222,0.22,0.22,11888.119999999999
1765113300,0.22,0.221,0.219,0.221,82012.02
1765114200,0.221,0.221,0.22,0.221,5953.97
1765115100,0.221,0.221,0.22,0.22,1655.75
1765116000,0.22,0.221,0.219,0.221,64871.6
1765116900,0.221,0.221,0.216,0.219,690567.2699999999
1765117800,0.218,0.219,0.217,0.218,218431.17
1765118700,0.219,0.219,0.218,0.219,143255.64
1765119600,0.219,0.222,0.219,0.221,165859.93
1765120500,0.222,0.222,0.22,0.22,32471.660000000003
1765121400,0.22,0.222,0.22,0.22,25121.190000000002
1765122300,0.22,0.223,0.22,0.223,151896.12
1765123200,0.223,0.223,0.221,0.222,13485.49
1765124100,0.222,0.223,0.222,0.222,43835.939999999995
1765125000,0.222,0.222,0.22,0.221,144664.29
1765125900,0.221,0.222,0.221,0.222,55320.81
1765126800,0.223,0.223,0.221,0.222,56816.409999999996
1765127700,0.222,0.224,0.222,0.224,151048.66
1765128600,0.224,0.225,0.223,0.223,312339.46
1765129500,0.223,0.224,0.223,0.224,189582.73
1765130400,0.223,0.224,0.223,0.223,406180.29
1765131300,0.223,0.224,0.222,0.223,592347.84
1765132200,0.223,0.223,0.221,0.221,282656.73
1765133100,0.221,0.221,0.219,0.22,309395.34
1765134000,0.22,0.22,0.218,0.219,267929.18
1765134900,0.219,0.22,0.218,0.219,188474.33000000002
1765135800,0.219,0.22,0.219,0.22,147136.1
1765136700,0.22,0.221,0.22,0.22,29918.739999999998
1765137600,0.219,0.22,0.219,0.22,284.96000000000004
1765138500,0.22,0.22,0.22,0.22,4107.18
1765139400,0.22,0.22,0.22,0.22,40961.04
1765140300,0.22,0.22,0.219,0.22,10401.97
1765141200,0.22,0.221,0.219,0.22,109250.87
1765142100,0.22,0.22,0.219,0.219,1688.5
1765143000,0.219,0.22,0.219,0.219,119797.12000000001
1765143900,0.219,0.219,0.216,0.217,363969.29
1765144800,0.218,0.218,0.213,0.214,800861.75
1765145700,0.214,0.214,0.213,0.214,38385.91
1765146600,0.214,0.216,0.214,0.215,58120.87
1765147500,0.215,0.216,0.213,0.214,39418.659999999996
1765148400,0.214,0.215,0.213,0.213,15858.37
1765149300,0.213,0.214,0.213,0.214,18337.93
1765150200,0.214,0.214,0.213,0.213,26255.47
1765151100,0.213,0.214,0.213,0.214,6146.91
1765152000,0.214,0.214,0.213,0.213,126152.65
1765152900,0.213,0.213,0.213,0.213,36252.560000000005
1765153800,0.213,0.214,0.213,0.214,25282.23
1765154700,0.213,0.213,0.212,0.213,52856.35
1765155600,0.213,0.214,0.213,0.213,88467.31999999999
1765156500,0.213,0.215,0.213,0.215,82361.6
1765157400,0.215,0.216,0.214,0.214,79746.39
1765158300,0.214,0.215,0.213,0.213,39547.090000000004
1765159200,0.213,0.214,0.213,0.213,314.05
1765160100,0.213,0.214,0.213,0.214,7078.74
1765161000,0.214,0.215,0.214,0.215,38773.39
1765161900,0.215,0.215,0.215,0.215,44652.49999999999
1765162800,0.215,0.216,0.214,0.215,21639.539999999997
1765163700,0.215,0.216,0.215,0.216,41056.47
1765164600,0.216,0.216,0.215,0.216,37062.96000000001
1765165500,0.216,0.216,0.216,0.216,1074.64
1765166400,0.215,0.216,0.215,0.216,2680.46
1765167300,0.216,0.217,0.215,0.215,103722.28
1765168200,0.215,0.217,0.215,0.217,25660.27
1765169100,0.217,0.217,0.217,0.217,253.45
1765170000,0.217,0.217,0.216,0.216,931.06
1765170900,0.216,0.216,0.216,0.216,0.0
1765171800,0.216,0.217,0.216,0.216,148672.31
1765172700,0.216,0.216,0.216,0.216,2500.0
1765173600,0.216,0.216,0.216,0.216,50.0
1765174500,0.216,0.216,0.216,0.216,2836.4
1765175400,0.216,0.218,0.216,0.216,92965.33
1765176300,0.217,0.218,0.216,0.216,181450.22
1765177200,0.216,0.217,0.216,0.216,31330.88
1765178100,0.216,0.217,0.216,0.216,4344.77
1765179000,0.216,0.217,0.216,0.216,549.47
1765179900,0.217,0.217,0.216,0.217,1505.91
1765180800,0.217,0.217,0.215,0.217,37775.85
1765181700,0.217,0.217,0.216,0.217,5382.77
1765182600,0.217,0.217,0.216,0.217,544.87
1765183500,0.217,0.217,0.216,0.216,1210.35
1765184400,0.217,0.218,0.217,0.218,287877.79000000004
1765185300,0.218,0.218,0.218,0.218,19140.88
1765186200,0.217,0.218,0.217,0.217,2896.76
1765187100,0.217,0.218,0.216,0.217,28265.81
1765188000,0.217,0.217,0.217,0.217,3447.0
1765188900,0.217,0.217,0.216,0.217,14721.47
1765189800,0.217,0.217,0.216,0.216,90.86
1765190700,0.216,0.217,0.216,0.216,877.75
1765191600,0.216,0.217,0.215,0.216,68886.65
1765192500,0.216,0.217,0.215,0.215,29413.839999999997
1765193400,0.215,0.216,0.214,0.215,158754.92
1765194300,0.215,0.216,0.215,0.216,7707.98
1765195200,0.215,0.216,0.214,0.214,126965.64
1765196100,0.214,0.215,0.214,0.214,7725.16
1765197000,0.215,0.215,0.214,0.214,21018.66
1765197900,0.215,0.216,0.214,0.216,26983.59
1765198800,0.216,0.216,0.215,0.216,8252.3
1765199700,0.216,0.216,0.215,0.216,27898.43
1765200600,0.216,0.216,0.214,0.216,64184.42
1765201500,0.216,0.216,0.215,0.216,8883.91
1765202400,0.215,0.216,0.215,0.216,3729.33
1765203300,0.216,0.216,0.214,0.214,13919.84
1765204200,0.215,0.216,0.214,0.216,134690.98
1765205100,0.216,0.216,0.213,0.213,187492.25
1765206000,0.214,0.215,0.212,0.213,192949.35
1765206900,0.212,0.214,0.211,0.213,213090.86000000002
1765207800,0.213,0.213,0.211,0.211,137969.37
1765208700,0.212,0.213,0.211,0.212,52269.11
1765209600,0.212,0.213,0.211,0.211,116061.93000000001
1765210500,0.211,0.213,0.211,0.212,29289.600000000002
1765211400,0.213,0.214,0.212,0.212,105257.34
1765212300,0.212,0.212,0.21,0.212,140313.46
1765213200,0.211,0.212,0.211,0.212,77816.34
1765214100,0.212,0.212,0.21,0.212,35478.18
1765215000,0.212,0.212,0.21,0.21,14749.289999999999
1765215900,0.21,0.211,0.21,0.211,32399.449999999997
1765216800,0.211,0.212,0.211,0.212,5987.63
1765217700,0.212,0.212,0.211,0.211,21722.280000000002
1765218600,0.21,0.211,0.21,0.211,148672.9
1765219500,0.211,0.212,0.209,0.209,159118.73
1765220400,0.21,0.211,0.209,0.209,86087.6
1765221300,0.209,0.21,0.209,0.21,66990.41
1765222200,0.21,0.211,0.21,0.21,15889.97
1765223100,0.21,0.211,0.21,0.21,28747.58
1765224000,0.21,0.211,0.21,0.21,11447.75
1765224900,0.21,0.211,0.21,0.211,70.74
1765225800,0.211,0.211,0.211,0.211,345.23
1765226700,0.211,0.212,0.211,0.211,62015.36
1765227600,0.211,0.212,0.21,0.21,19371.4
1765228500,0.21,0.212,0.21,0.212,31400.46
1765229400,0.212,0.213,0.212,0.212,60380.61
1765230300,0.212,0.213,0.212,0.212,8895.84
1765231200,0.212,0.213,0.211,0.211,47381.88
1765232100,0.211,0.212,0.211,0.212,783.4000000000001
1765233000,0.212,0.212,0.211,0.212,3142.74
1765233900,0.212,0.212,0.211,0.212,924.9100000000001
1765234800,0.212,0.212,0.211,0.211,7960.65
1765235700,0.211,0.211,0.211,0.211,42924.25
1765236600,0.212,0.212,0.212,0.212,5781.76
1765237500,0.212,0.212,0.211,0.212,3146.9100000000003
1765238400,0.212,0.213,0.211,0.211,53175.29
1765239300,0.211,0.213,0.211,0.212,73528.17
1765240200,0.212,0.212,0.211,0.211,5344.47
1765241100,0.211,0.212,0.211,0.212,1022.83
1765242000,0.212,0.212,0.211,0.211,601.37
1765242900,0.211,0.212,0.211,0.211,47202.19
1765243800,0.211,0.211,0.21,0.21,56.01
1765244700,0.21,0.21,0.21,0.21,2816.29
1765245600,0.21,0.211,0.21,0.211,5416.75
1765246500,0.211,0.211,0.21,0.211,1914.3100000000002
1765247400,0.211,0.211,0.21,0.211,18412.32
1765248300,0.211,0.211,0.209,0.21,80302.83
1765249200,0.21,0.21,0.21,0.21,238.09
1765250100,0.21,0.21,0.209,0.209,1125.94
1765251000,0.209,0.21,0.209,0.21,7880.63
1765251900,0.21,0.21,0.21,0.21,192.75
1765252800,0.211,0.211,0.21,0.21,2690.84
1765253700,0.21,0.211,0.21,0.211,184.85999999999999
1765254600,0.21,0.21,0.209,0.209,31198.0
1765255500,0.209,0.209,0.209,0.209,55942.54
1765256400,0.209,0.21,0.209,0.209,53365.49
1765257300,0.209,0.209,0.208,0.209,17654.72
1765258200,0.209,0.21,0.209,0.209,19517.57
1765259100,0.209,0.21,0.209,0.21,455.55
1765260000,0.21,0.21,0.209,0.209,15679.779999999999
1765260900,0.209,0.21,0.209,0.209,8054.54
1765261800,0.209,0.21,0.209,0.21,3477.73
1765262700,0.21,0.21,0.209,0.209,510.92999999999995
1765263600,0.209,0.209,0.209,0.209,294.06
1765264500,0.209,0.211,0.209,0.21,25901.089999999997
1765265400,0.21,0.21,0.21,0.21,443.09000000000003
1765266300,0.21,0.211,0.21,0.21,32585.600000000002
1765267200,0.211,0.212,0.211,0.211,39251.21
1765268100,0.211,0.212,0.211,0.212,2625.4700000000003
1765269000,0.211,0.212,0.211,0.211,15790.46
1765269900,0.211,0.211,0.211,0.211,1615.0500000000002
1765270800,0.211,0.212,0.211,0.211,2026.77
1765271700,0.211,0.212,0.211,0.212,15085.380000000001
1765272600,0.212,0.212,0.211,0.211,12163.16
1765273500,0.211,0.213,0.211,0.213,130943.20999999999
1765274400,0.213,0.215,0.213,0.215,470325.55
1765275300,0.216,0.216,0.215,0.216,27793.19
1765276200,0.216,0.217,0.214,0.214,173581.5
1765277100,0.214,0.215,0.214,0.215,993.4200000000001
1765278000,0.215,0.216,0.215,0.215,24173.77
1765278900,0.215,0.216,0.214,0.214,19340.71
1765279800,0.214,0.214,0.213,0.213,136235.47
1765280700,0.214,0.214,0.214,0.214,1098.45
1765281600,0.214,0.215,0.213,0.214,44965.91
1765282500,0.214,0.215,0.214,0.214,30151.93
1765283400,0.215,0.215,0.214,0.214,5050.68
1765284300,0.214,0.215,0.214,0.215,2656.09
1765285200,0.214,0.215,0.214,0.214,45179.159999999996
1765286100,0.214,0.216,0.214,0.216,25652.69
1765287000,0.215,0.216,0.214,0.215,30267.379999999997
1765287900,0.215,0.215,0.214,0.214,2743.2400000000002
1765288800,0.215,0.215,0.214,0.215,60007.86
1765289700,0.215,0.216,0.214,0.214,56241.78
1765290600,0.214,0.215,0.214,0.214,44307.4
1765291500,0.214,0.214,0.214,0.214,61632.33999999999
1765292400,0.214,0.219,0.214,0.216,422819.47000000003
1765293300,0.216,0.218,0.216,0.217,145323.91
1765294200,0.217,0.219,0.217,0.218,283496.89
1765295100,0.219,0.221,0.218,0.22,523017.49
1765296000,0.22,0.223,0.22,0.222,611745.8
1765296900,0.223,0.224,0.221,0.222,187148.94
1765297800,0.222,0.225,0.222,0.224,347126.31
1765298700,0.224,0.225,0.224,0.225,184934.49
1765299600,0.225,0.226,0.224,0.225,246035.64
1765300500,0.225,0.226,0.223,0.224,157591.2
1765301400,0.224,0.224,0.223,0.224,42507.57
1765302300,0.224,0.224,0.222,0.223,49092.03999999999
1765303200,0.223,0.224,0.222,0.223,76810.89
1765304100,0.223,0.223,0.222,0.222,21003.42
1765305000,0.223,0.223,0.222,0.222,188.33
1765305900,0.222,0.223,0.222,0.223,17076.39
1765306800,0.223,0.223,0.222,0.223,46370.82
1765307700,0.222,0.224,0.222,0.224,10624.18
1765308600,0.224,0.224,0.223,0.223,44837.84
1765309500,0.223,0.224,0.223,0.223,13819.909999999998
1765310400,0.223,0.223,0.223,0.223,2141.5
1765311300,0.223,0.223,0.221,0.221,250593.02
1765312200,0.221,0.222,0.221,0.222,32793.26
1765313100,0.222,0.222,0.222,0.222,23780.1
1765314000,0.222,0.222,0.222,0.222,32663.03
1765314900,0.222,0.222,0.221,0.222,73831.92
1765315800,0.222,0.222,0.221,0.221,18208.629999999997
1765316700,0.221,0.221,0.22,0.22,227923.06999999998
1765317600,0.221,0.222,0.22,0.222,90219.6
1765318500,0.222,0.222,0.221,0.221,31654.13
1765319400,0.221,0.222,0.221,0.221,62136.869999999995
1765320300,0.221,0.223,0.221,0.223,326.04
1765321200,0.223,0.223,0.223,0.223,48.67
1765322100,0.223,0.223,0.222,0.222,1517.75
1765323000,0.222,0.223,0.222,0.223,174.95
1765323900,0.222,0.223,0.221,0.222,29884.96
1765324800,0.222,0.223,0.222,0.222,3652.7299999999996
1765325700,0.222,0.222,0.221,0.221,6161.4
1765326600,0.221,0.223,0.221,0.221,56295.79
1765327500,0.222,0.222,0.221,0.221,11983.43
1765328400,0.221,0.221,0.221,0.221,1551.55
1765329300,0.221,0.222,0.221,0.222,1559.3
1765330200,0.222,0.222,0.22,0.22,36583.25
1765331100,0.22,0.222,0.22,0.22,28223.84
1765332000,0.22,0.221,0.22,0.221,11124.99
1765332900,0.221,0.222,0.221,0.222,8301.31
1765333800,0.222,0.222,0.221,0.222,20422.29
1765334700,0.222,0.223,0.222,0.222,63714.31
1765335600,0.222,0.224,0.222,0.223,140799.07
1765336500,0.222,0.223,0.222,0.222,891.1
1765337400,0.222,0.224,0.222,0.223,59506.7
1765338300,0.223,0.224,0.223,0.224,29092.079999999998
1765339200,0.224,0.224,0.223,0.223,30808.72
1765340100,0.223,0.224,0.222,0.222,41644.770000000004
1765341000,0.222,0.224,0.222,0.224,50568.189999999995
1765341900,0.224,0.224,0.222,0.222,18192.01
1765342800,0.222,0.222,0.222,0.222,0.0
1765343700,0.223,0.224,0.222,0.222,26654.0
1765344600,0.223,0.224,0.222,0.223,16380.210000000001
1765345500,0.223,0.223,0.223,0.223,1932.1399999999999
1765346400,0.224,0.224,0.222,0.223,16859.07
1765347300,0.223,0.223,0.222,0.222,51.61
1765348200,0.222,0.222,0.222,0.222,591.7
1765349100,0.222,0.223,0.222,0.223,224.19
1765350000,0.223,0.223,0.223,0.223,0.0
1765350900,0.222,0.222,0.221,0.222,23255.1
1765351800,0.222,0.222,0.221,0.222,2899.23
1765352700,0.222,0.223,0.221,0.222,8904.04
1765353600,0.222,0.223,0.222,0.223,1628.5
1765354500,0.223,0.223,0.221,0.221,12983.52
1765355400,0.221,0.222,0.221,0.222,2365.98
1765356300,0.222,0.222,0.221,0.221,878.66
1765357200,0.221,0.222,0.221,0.222,89173.74
1765358100,0.222,0.222,0.222,0.222,300.1
1765359000,0.222,0.222,0.221,0.221,16085.34
1765359900,0.221,0.223,0.221,0.222,12938.27
1765360800,0.222,0.224,0.222,0.223,254864.31
1765361700,0.223,0.223,0.22,0.221,148248.94
1765362600,0.22,0.221,0.22,0.221,286.13
1765363500,0.22,0.221,0.22,0.22,59639.22
1765364400,0.22,0.22,0.22,0.22,2807.15
1765365300,0.22,0.22,0.22,0.22,48.23
1765366200,0.22,0.221,0.219,0.22,201932.47
1765367100,0.219,0.22,0.219,0.22,264.22
1765368000,0.22,0.22,0.218,0.218,249508.38999999998
1765368900,0.219,0.219,0.218,0.218,792.1899999999999
1765369800,0.218,0.219,0.218,0.218,650.77
1765370700,0.218,0.22,0.218,0.219,28417.33
1765371600,0.218,0.219,0.218,0.219,32380.06
1765372500,0.219,0.219,0.218,0.219,23205.07
1765373400,0.219,0.219,0.218,0.218,1453.52
1765374300,0.219,0.219,0.219,0.219,647.48
1765375200,0.219,0.219,0.218,0.219,4142.4400000000005
1765376100,0.219,0.219,0.218,0.219,22002.04
1765377000,0.219,0.219,0.218,0.218,14330.73
1765377900,0.218,0.219,0.218,0.218,205.35999999999999
1765378800,0.218,0.22,0.218,0.22,18214.16
1765379700,0.22,0.221,0.219,0.219,27226.820000000003
1765380600,0.219,0.221,0.218,0.219,51972.630000000005
1765381500,0.219,0.219,0.219,0.219,0.0
1765382400,0.219,0.221,0.219,0.221,69594.66
1765383300,0.22,0.222,0.22,0.221,88034.09
1765384200,0.221,0.222,0.22,0.221,102722.48999999999
1765385100,0.221,0.222,0.22,0.221,106984.17000000001
1765386000,0.221,0.221,0.219,0.221,144905.52
1765386900,0.221,0.222,0.22,0.221,61246.9
1765387800,0.22,0.221,0.22,0.221,65.97
1765388700,0.221,0.221,0.221,0.221,1547.7399999999998
1765389600,0.221,0.221,0.221,0.221,1957.46
1765390500,0.221,0.221,0.22,0.22,11133.67
1765391400,0.22,0.224,0.22,0.221,298506.13
1765392300,0.222,0.223,0.221,0.222,109484.72
1765393200,0.222,0.224,0.22,0.223,479351.18
1765394100,0.223,0.224,0.222,0.222,308036.7
1765395000,0.222,0.223,0.221,0.223,246993.45
1765395900,0.223,0.224,0.222,0.223,280106.92
1765396800,0.223,0.226,0.222,0.225,604796.05
1765397700,0.226,0.227,0.223,0.224,411490.32
1765398600,0.224,0.224,0.223,0.224,222972.33
1765399500,0.223,0.223,0.22,0.221,461910.0
1765400400,0.221,0.221,0.219,0.221,339855.08
1765401300,0.221,0.221,0.22,0.22,19493.16
1765402200,0.22,0.22,0.218,0.219,278664.89
1765403100,0.219,0.219,0.218,0.218,214324.67
1765404000,0.218,0.218,0.216,0.217,289593.86
1765404900,0.217,0.217,0.215,0.216,273084.11
1765405800,0.216,0.218,0.216,0.218,107410.73999999999
1765406700,0.218,0.218,0.218,0.218,33245.55
1765407600,0.218,0.218,0.218,0.218,8998.25
1765408500,0.218,0.219,0.217,0.217,30741.79
1765409400,0.217,0.217,0.217,0.217,163.0
1765410300,0.217,0.217,0.217,0.217,15130.220000000001
1765411200,0.216,0.216,0.216,0.216,119672.01999999999
1765412100,0.216,0.216,0.215,0.215,50731.8
1765413000,0.216,0.216,0.214,0.214,356712.34
1765413900,0.215,0.215,0.213,0.214,11076.84
1765414800,0.213,0.213,0.212,0.212,275608.18
1765415700,0.212,0.213,0.211,0.212,323065.06
1765416600,0.212,0.212,0.211,0.211,43153.46
1765417500,0.211,0.211,0.21,0.211,315951.61
1765418400,0.211,0.211,0.209,0.21,277144.89
1765419300,0.21,0.21,0.209,0.21,133603.59
1765420200,0.209,0.21,0.209,0.209,72198.98999999999
1765421100,0.209,0.209,0.209,0.209,0.0
1765422000,0.209,0.209,0.208,0.208,163904.08000000002
1765422900,0.208,0.209,0.208,0.208,2519.8199999999997
1765423800,0.208,0.209,0.208,0.209,28794.57
1765424700,0.209,0.209,0.208,0.208,22953.5
1765425600,0.208,0.208,0.207,0.208,24295.55
1765426500,0.208,0.209,0.207,0.209,20434.5
1765427400,0.208,0.209,0.208,0.209,638.79
1765428300,0.208,0.21,0.208,0.21,40708.73
1765429200,0.21,0.21,0.209,0.209,1222.68
1765430100,0.209,0.21,0.209,0.21,23.8
1765431000,0.21,0.21,0.209,0.209,635.22
1765431900,0.209,0.21,0.209,0.209,696.5
1765432800,0.209,0.21,0.208,0.208,25197.920000000002
1765433700,0.208,0.209,0.208,0.208,2866.55
1765434600,0.208,0.21,0.208,0.209,63684.83
1765435500,0.209,0.209,0.209,0.209,396.15999999999997
1765436400,0.209,0.209,0.207,0.208,36031.8
1765437300,0.208,0.208,0.207,0.208,3238.8099999999995
1765438200,0.208,0.208,0.208,0.208,290.38
1765439100,0.208,0.208,0.207,0.207,448.12
1765440000,0.207,0.207,0.207,0.207,7595.53
1765440900,0.207,0.207,0.207,0.207,2675.58
1765441800,0.207,0.208,0.206,0.208,92544.01
1765442700,0.208,0.208,0.207,0.208,11471.140000000001
1765443600,0.208,0.208,0.207,0.207,1817.0
1765444500,0.208,0.208,0.207,0.207,5537.200000000001
1765445400,0.207,0.208,0.207,0.208,1376.19
1765446300,0.208,0.208,0.207,0.208,5126.0
1765447200,0.208,0.208,0.207,0.207,39849.82
1765448100,0.207,0.207,0.206,0.206,51832.07
1765449000,0.206,0.207,0.206,0.206,4928.37
1765449900,0.206,0.207,0.206,0.207,21724.02
1765450800,0.207,0.207,0.207,0.207,396.14
1765451700,0.207,0.208,0.207,0.207,3460.71
1765452600,0.208,0.208,0.208,0.208,2084.22
1765453500,0.208,0.208,0.207,0.207,9253.53
1765454400,0.207,0.207,0.207,0.207,284.9
1765455300,0.208,0.208,0.207,0.208,3335.68
1765456200,0.208,0.208,0.207,0.207,64.31
1765457100,0.207,0.208,0.207,0.208,926.91
1765458000,0.207,0.208,0.207,0.208,440.67999999999995
1765458900,0.208,0.209,0.208,0.209,37472.45
1765459800,0.209,0.209,0.207,0.208,33396.17
1765460700,0.208,0.208,0.207,0.208,4442.83
1765461600,0.208,0.208,0.207,0.208,1288.5700000000002
1765462500,0.207,0.208,0.207,0.208,38120.23
1765463400,0.208,0.209,0.207,0.208,98391.42
1765464300,0.208,0.208,0.206,0.207,99832.86
1765465200,0.207,0.208,0.206,0.207,88099.61
1765466100,0.207,0.208,0.207,0.208,66656.34
1765467000,0.207,0.208,0.206,0.206,55681.48
1765467900,0.207,0.208,0.206,0.207,122775.16
1765468800,0.207,0.208,0.205,0.206,182550.44999999998
1765469700,0.206,0.206,0.206,0.206,121275.22
1765470600,0.206,0.206,0.205,0.206,38626.399999999994
1765471500,0.206,0.206,0.205,0.206,23747.55
1765472400,0.206,0.206,0.206,0.206,272.85
1765473300,0.206,0.206,0.205,0.206,89923.39
1765474200,0.206,0.207,0.205,0.206,75871.64
1765475100,0.206,0.206,0.206,0.206,0.0
1765476000,0.206,0.206,0.205,0.206,1587.3
1765476900,0.206,0.206,0.205,0.206,7025.74
1765477800,0.206,0.208,0.206,0.208,91967.32
1765478700,0.208,0.208,0.206,0.207,108940.39
1765479600,0.207,0.207,0.206,0.206,47183.229999999996
1765480500,0.206,0.207,0.206,0.207,1135.95
1765481400,0.207,0.208,0.206,0.207,25382.59
1765482300,0.207,0.208,0.205,0.206,61218.16
1765483200,0.206,0.207,0.205,0.206,111420.62999999999
1765484100,0.206,0.207,0.206,0.206,21584.79
1765485000,0.206,0.207,0.205,0.206,29280.420000000002
1765485900,0.207,0.207,0.207,0.207,21665.77
1765486800,0.207,0.209,0.207,0.208,164133.94
1765487700,0.208,0.21,0.208,0.21,210994.23
1765488600,0.209,0.21,0.209,0.209,66889.81999999999
1765489500,0.209,0.21,0.209,0.209,4318.4
1765490400,0.21,0.21,0.21,0.21,706.0799999999999
1765491300,0.21,0.21,0.208,0.208,74620.85
1765492200,0.208,0.208,0.207,0.208,42573.090000000004
1765493100,0.208,0.209,0.207,0.209,59270.0
1765494000,0.209,0.209,0.208,0.208,66014.45
1765494900,0.208,0.208,0.208,0.208,22045.260000000002
1765495800,0.208,0.209,0.208,0.209,27568.21
1765496700,0.208,0.208,0.208,0.208,30256.230000000003
1765497600,0.208,0.209,0.208,0.209,1821.23
1765498500,0.209,0.209,0.208,0.208,101777.95
1765499400,0.208,0.209,0.208,0.208,2563.88
1765500300,0.208,0.208,0.207,0.207,100334.85999999999
1765501200,0.207,0.208,0.207,0.207,100789.97
1765502100,0.207,0.208,0.207,0.208,49804.409999999996
1765503000,0.208,0.209,0.207,0.208,67592.68000000001
1765503900,0.207,0.208,0.207,0.208,1706.82
1765504800,0.208,0.21,0.208,0.21,98840.98999999999
1765505700,0.21,0.21,0.209,0.21,2808.48
1765506600,0.21,0.21,0.21,0.21,877.13
1765507500,0.21,0.21,0.209,0.209,1491.56
1765508400,0.209,0.21,0.209,0.21,283.32
1765509300,0.209,0.209,0.208,0.209,39614.17
1765510200,0.209,0.209,0.208,0.208,3593.1000000000004
1765511100,0.208,0.209,0.208,0.209,1859.28
1765512000,0.209,0.209,0.208,0.208,220.09
1765512900,0.208,0.208,0.208,0.208,185.72
1765513800,0.208,0.208,0.208,0.208,301.82
1765514700,0.208,0.209,0.208,0.209,2016.08
1765515600,0.209,0.209,0.208,0.208,255.07
1765516500,0.208,0.209,0.207,0.208,44479.18000000001
1765517400,0.208,0.209,0.208,0.209,30670.66
1765518300,0.209,0.209,0.209,0.209,75311.77
1765519200,0.209,0.211,0.209,0.21,176329.32
1765520100,0.21,0.21,0.209,0.21,30607.71
1765521000,0.209,0.209,0.209,0.209,24.35
1765521900,0.209,0.209,0.208,0.208,39213.43
1765522800,0.208,0.209,0.208,0.208,1804.78
1765523700,0.208,0.208,0.208,0.208,56.82
1765524600,0.208,0.209,0.208,0.209,714.3399999999999
1765525500,0.209,0.209,0.208,0.208,2839.45
1765526400,0.208,0.209,0.208,0.209,295.89
1765527300,0.209,0.209,0.208,0.208,2405.53
1765528200,0.208,0.208,0.207,0.207,98441.36
1765529100,0.208,0.208,0.207,0.208,377.45000000000005
1765530000,0.208,0.208,0.207,0.208,2260.1
1765530900,0.208,0.208,0.208,0.208,0.0
1765531800,0.208,0.208,0.208,0.208,1678.66
1765532700,0.208,0.208,0.208,0.208,27355.95
1765533600,0.209,0.21,0.209,0.21,44616.43
1765534500,0.21,0.21,0.209,0.21,1091.06
1765535400,0.209,0.21,0.209,0.209,505.36
1765536300,0.209,0.209,0.209,0.209,0.0
1765537200,0.209,0.209,0.209,0.209,22587.77
1765538100,0.208,0.208,0.208,0.208,42537.08
1765539000,0.208,0.208,0.208,0.208,481.23
1765539900,0.208,0.208,0.208,0.208,21349.18
1765540800,0.208,0.208,0.207,0.208,3068.79
1765541700,0.208,0.208,0.207,0.208,1178.84
1765542600,0.208,0.208,0.207,0.208,6481.2300000000005
1765543500,0.208,0.208,0.206,0.208,212516.31999999998
1765544400,0.208,0.208,0.207,0.208,467.51
1765545300,0.208,0.208,0.207,0.207,6173.3099999999995
1765546200,0.208,0.208,0.207,0.208,31304.750000000004
1765547100,0.208,0.208,0.207,0.207,22497.39
1765548000,0.207,0.207,0.206,0.206,51705.28999999999
1765548900,0.206,0.207,0.206,0.207,34414.16
1765549800,0.206,0.207,0.206,0.207,53543.26
1765550700,0.207,0.207,0.206,0.207,28497.22
1765551600,0.206,0.207,0.204,0.204,549315.87
1765552500,0.204,0.204,0.201,0.202,348938.06
1765553400,0.202,0.202,0.2,0.201,340060.33999999997
1765554300,0.201,0.202,0.198,0.199,482677.13
1765555200,0.199,0.2,0.197,0.198,636301.81
1765556100,0.197,0.198,0.195,0.197,775773.02
1765557000,0.196,0.197,0.194,0.195,201958.66
1765557900,0.195,0.196,0.195,0.196,62257.47
1765558800,0.195,0.197,0.195,0.197,52396.91
1765559700,0.197,0.197,0.195,0.196,69939.37
1765560600,0.196,0.196,0.195,0.195,441.95
1765561500,0.195,0.196,0.195,0.195,1556.05
1765562400,0.195,0.197,0.195,0.196,80474.34999999999
1765563300,0.196,0.196,0.195,0.196,22114.200000000004
1765564200,0.196,0.197,0.195,0.197,63450.8
1765565100,0.197,0.197,0.196,0.196,70906.34
1765566000,0.196,0.196,0.195,0.195,131034.63
1765566900,0.195,0.196,0.195,0.195,64326.41
1765567800,0.195,0.196,0.195,0.196,60445.649999999994
1765568700,0.196,0.196,0.195,0.195,31127.23
1765569600,0.195,0.196,0.195,0.196,32199.7
1765570500,0.196,0.196,0.195,0.195,85961.95
1765571400,0.195,0.196,0.195,0.196,28381.35
1765572300,0.196,0.197,0.195,0.196,38918.659999999996
1765573200,0.196,0.197,0.195,0.197,2672.74
1765574100,0.197,0.197,0.196,0.197,1917.58
1765575000,0.197,0.197,0.197,0.197,3439.38
1765575900,0.197,0.197,0.197,0.197,77105.65000000001
1765576800,0.197,0.197,0.196,0.197,4422.610000000001
1765577700,0.197,0.198,0.196,0.196,46101.82
1765578600,0.196,0.198,0.196,0.197,37125.91
1765579500,0.197,0.198,0.197,0.197,55135.41
1765580400,0.197,0.198,0.196,0.198,39593.31
1765581300,0.198,0.198,0.196,0.196,16100.48
1765582200,0.196,0.197,0.196,0.196,7707.51
1765583100,0.196,0.197,0.196,0.197,92.98
1765584000,0.197,0.198,0.197,0.197,61000.979999999996
1765584900,0.197,0.197,0.197,0.197,53.29
1765585800,0.197,0.197,0.196,0.196,239.6
1765586700,0.196,0.197,0.196,0.197,228.42
1765587600,0.197,0.197,0.197,0.197,25.88
1765588500,0.197,0.197,0.196,0.197,104.63
1765589400,0.197,0.197,0.196,0.197,6591.42
1765590300,0.197,0.197,0.196,0.196,1534.6
1765591200,0.197,0.197,0.197,0.197,2221.7400000000002
1765592100,0.197,0.197,0.196,0.197,7418.29
1765593000,0.197,0.197,0.197,0.197,1158.41
1765593900,0.197,0.197,0.196,0.197,9255.26
1765594800,0.197,0.197,0.197,0.197,1992.01
1765595700,0.197,0.197,0.196,0.197,15542.42
1765596600,0.197,0.198,0.197,0.198,36919.719999999994
1765597500,0.198,0.198,0.197,0.198,9148.890000000001
1765598400,0.197,0.198,0.196,0.197,96008.95000000001
1765599300,0.197,0.197,0.196,0.197,26924.530000000002
1765600200,0.197,0.197,0.196,0.196,34601.99
1765601100,0.197,0.197,0.196,0.197,34601.08
1765602000,0.197,0.197,0.197,0.197,37149.090000000004
1765602900,0.197,0.197,0.197,0.197,4000.0
1765603800,0.197,0.197,0.196,0.196,32961.06
1765604700,0.196,0.196,0.195,0.196,646.72
1765605600,0.196,0.196,0.196,0.196,51.02
1765606500,0.196,0.196,0.195,0.195,28260.84
1765607400,0.195,0.196,0.195,0.196,8119.26
1765608300,0.196,0.196,0.196,0.196,100.0
1765609200,0.196,0.196,0.196,0.196,41335.450000000004
1765610100,0.196,0.197,0.196,0.196,1056.51
1765611000,0.196,0.197,0.196,0.197,237.99
1765611900,0.197,0.197,0.196,0.197,2090.94
1765612800,0.197,0.198,0.197,0.197,102847.41
1765613700,0.197,0.198,0.197,0.197,172174.53999999998
1765614600,0.197,0.197,0.196,0.196,77797.68000000001
1765615500,0.196,0.196,0.196,0.196,1219.07
1765616400,0.196,0.197,0.196,0.196,3025.07
1765617300,0.196,0.196,0.196,0.196,724.2
1765618200,0.197,0.197,0.196,0.196,346.46
1765619100,0.196,0.197,0.196,0.197,9628.81
1765620000,0.197,0.197,0.196,0.197,25027.83
1765620900,0.197,0.197,0.196,0.197,5626.62
1765621800,0.197,0.198,0.196,0.197,57273.48
1765622700,0.197,0.198,0.197,0.197,5583.700000000001
1765623600,0.197,0.197,0.196,0.196,1066.44
1765624500,0.196,0.197,0.196,0.197,474.54
1765625400,0.196,0.197,0.195,0.196,31801.489999999998
1765626300,0.196,0.196,0.195,0.195,4882.06
1765627200,0.195,0.197,0.195,0.197,45457.03
1765628100,0.197,0.197,0.196,0.196,4985.85
1765629000,0.196,0.197,0.196,0.196,14113.189999999999
1765629900,0.196,0.197,0.196,0.197,5386.33
1765630800,0.197,0.197,0.197,0.197,0.0
1765631700,0.197,0.197,0.196,0.196,13838.970000000001
1765632600,0.196,0.197,0.196,0.197,277.18
1765633500,0.196,0.197,0.196,0.197,285.69
1765634400,0.197,0.197,0.196,0.196,1880.68
1765635300,0.196,0.196,0.196,0.196,52470.729999999996
1765636200,0.196,0.196,0.195,0.195,20691.37
1765637100,0.195,0.196,0.195,0.196,4076.53
1765638000,0.196,0.197,0.196,0.197,88324.39
1765638900,0.197,0.197,0.196,0.196,799.9
1765639800,0.196,0.197,0.196,0.196,1178.98
1765640700,0.196,0.197,0.196,0.197,114.94
1765641600,0.197,0.197,0.196,0.196,6483.360000000001
1765642500,0.196,0.197,0.196,0.196,214.99
1765643400,0.196,0.197,0.196,0.197,149.74
1765644300,0.196,0.197,0.196,0.197,62542.8
1765645200,0.197,0.197,0.195,0.195,4128.08
1765646100,0.195,0.196,0.195,0.195,9427.51
1765647000,0.196,0.196,0.195,0.195,539.79
1765647900,0.195,0.196,0.195,0.196,629.6800000000001
1765648800,0.196,0.196,0.195,0.195,11562.470000000001
1765649700,0.195,0.196,0.195,0.196,22928.24
1765650600,0.196,0.196,0.196,0.196,130.0
1765651500,0.196,0.197,0.196,0.196,5567.13
1765652400,0.197,0.197,0.196,0.197,6017.44
1765653300,0.197,0.198,0.197,0.197,72298.11
1765654200,0.196,0.197,0.196,0.197,64163.01
1765655100,0.197,0.198,0.197,0.197,8573.76
1765656000,0.197,0.197,0.197,0.197,0.0
1765656900,0.197,0.197,0.197,0.197,416.25
1765657800,0.197,0.198,0.197,0.198,325.6
1765658700,0.198,0.198,0.197,0.197,25607.079999999998
1765659600,0.197,0.197,0.196,0.196,2042.9
1765660500,0.196,0.196,0.196,0.196,26403.83
1765661400,0.196,0.196,0.196,0.196,51826.24
1765662300,0.196,0.197,0.196,0.197,30.08
1765663200,0.197,0.197,0.196,0.197,1822.3
1765664100,0.197,0.197,0.196,0.196,1944.1000000000001
1765665000,0.196,0.197,0.196,0.197,3132.39
1765665900,0.197,0.197,0.196,0.196,272.71000000000004
1765666800,0.196,0.197,0.196,0.197,63.62
1765667700,0.197,0.197,0.197,0.197,990.97
1765668600,0.197,0.198,0.197,0.198,45083.37
1765669500,0.198,0.198,0.198,0.198,2100.0
1765670400,0.198,0.198,0.196,0.196,89399.75
1765671300,0.196,0.198,0.196,0.197,100917.73000000001
1765672200,0.197,0.197,0.197,0.197,46064.91
1765673100,0.197,0.197,0.197,0.197,60892.600000000006
1765674000,0.197,0.197,0.197,0.197,0.0
1765674900,0.197,0.197,0.196,0.196,4053.22
1765675800,0.196,0.196,0.196,0.196,0.0
1765676700,0.196,0.196,0.196,0.196,90.0
1765677600,0.196,0.197,0.196,0.197,664.59
1765678500,0.197,0.197,0.197,0.197,19583.92
1765679400,0.197,0.197,0.197,0.197,280.0
1765680300,0.197,0.198,0.197,0.197,2051.3599999999997
1765681200,0.197,0.198,0.197,0.197,1310.8
1765682100,0.197,0.197,0.197,0.197,2349.68
1765683000,0.197,0.197,0.196,0.197,27848.28
1765683900,0.196,0.197,0.196,0.197,6073.59
1765684800,0.197,0.197,0.197,0.197,398.90999999999997
1765685700,0.197,0.197,0.197,0.197,43.33
1765686600,0.196,0.196,0.196,0.196,58902.41
1765687500,0.196,0.196,0.196,0.196,33268.45
1765688400,0.196,0.196,0.196,0.196,25155.1
1765689300,0.196,0.196,0.195,0.195,5643.16
1765690200,0.195,0.196,0.195,0.195,123341.39000000001
1765691100,0.195,0.195,0.195,0.195,5683.570000000001
1765692000,0.195,0.196,0.194,0.195,177701.88999999998
1765692900,0.195,0.195,0.195,0.195,1042.5900000000001
1765693800,0.195,0.196,0.194,0.196,52916.98
1765694700,0.196,0.196,0.195,0.195,3018.13
1765695600,0.196,0.196,0.195,0.195,8947.3
1765696500,0.195,0.196,0.195,0.196,391.79
1765697400,0.196,0.196,0.194,0.195,29587.48
1765698300,0.195,0.196,0.195,0.195,31188.839999999997
1765699200,0.195,0.195,0.195,0.195,1839.74
1765700100,0.195,0.195,0.195,0.195,24656.08
1765701000,0.195,0.195,0.195,0.195,34497.91
1765701900,0.194,0.194,0.194,0.194,5267.5
1765702800,0.194,0.195,0.194,0.194,780.82
1765703700,0.194,0.195,0.194,0.194,14740.48
1765704600,0.195,0.195,0.195,0.195,28275.93
1765705500,0.195,0.195,0.194,0.194,1696.58
1765706400,0.194,0.195,0.193,0.194,200810.28
1765707300,0.193,0.194,0.193,0.194,65293.65
1765708200,0.194,0.194,0.193,0.193,29258.79
1765709100,0.193,0.194,0.193,0.194,5671.16
1765710000,0.194,0.194,0.194,0.194,477.26
1765710900,0.194,0.194,0.193,0.193,24130.42
1765711800,0.193,0.193,0.193,0.193,149967.04
1765712700,0.192,0.193,0.192,0.193,157290.68
1765713600,0.193,0.194,0.192,0.193,308408.65
1765714500,0.193,0.194,0.192,0.192,128986.04000000001
1765715400,0.192,0.193,0.192,0.193,42137.03
1765716300,0.193,0.194,0.192,0.193,30453.94
1765717200,0.193,0.193,0.192,0.192,33105.77
1765718100,0.192,0.193,0.192,0.192,328.18
1765719000,0.193,0.193,0.192,0.192,130.73000000000002
1765719900,0.192,0.193,0.192,0.192,367.36
1765720800,0.193,0.193,0.193,0.193,35479.3
1765721700,0.193,0.193,0.192,0.193,1031.97
1765722600,0.193,0.193,0.19,0.191,305381.51
1765723500,0.191,0.191,0.19,0.19,10225.11
1765724400,0.19,0.191,0.19,0.191,60798.85
1765725300,0.19,0.191,0.19,0.19,2083.11
1765726200,0.19,0.191,0.19,0.19,186967.18000000002
1765727100,0.19,0.191,0.19,0.19,23555.93
1765728000,0.19,0.191,0.19,0.19,15332.07
1765728900,0.19,0.192,0.19,0.19,74468.04000000001
1765729800,0.191,0.192,0.189,0.189,83874.20999999999
1765730700,0.19,0.191,0.189,0.19,47539.86
1765731600,0.19,0.191,0.189,0.19,51190.67
1765732500,0.189,0.19,0.188,0.189,176297.90999999997
1765733400,0.189,0.189,0.188,0.188,22731.83
1765734300,0.188,0.189,0.188,0.188,63362.8
1765735200,0.188,0.189,0.188,0.189,16446.82
1765736100,0.189,0.19,0.189,0.189,55122.35
1765737000,0.189,0.19,0.189,0.189,19468.89
1765737900,0.189,0.19,0.189,0.19,14668.86
1765738800,0.19,0.191,0.19,0.19,6624.39
1765739700,0.19,0.191,0.19,0.19,2719.7599999999998
1765740600,0.19,0.191,0.189,0.189,18678.0
1765741500,0.189,0.191,0.189,0.19,20430.28
1765742400,0.19,0.19,0.189,0.19,43519.810000000005
1765743300,0.19,0.19,0.19,0.19,3600.48
1765744200,0.19,0.191,0.19,0.19,1273.38
1765745100,0.19,0.191,0.19,0.19,2388.34
1765746000,0.19,0.191,0.189,0.19,48887.69
1765746900,0.19,0.191,0.19,0.19,36993.8
1765747800,0.19,0.19,0.189,0.189,23542.91
1765748700,0.189,0.189,0.189,0.189,2563.41
1765749600,0.189,0.191,0.189,0.189,59821.64
1765750500,0.189,0.19,0.189,0.189,8108.38
1765751400,0.189,0.19,0.188,0.189,70182.97
1765752300,0.189,0.189,0.188,0.189,24001.97
1765753200,0.19,0.191,0.188,0.19,74441.47
1765754100,0.19,0.19,0.19,0.19,90.57
1765755000,0.19,0.19,0.187,0.189,192857.38999999998
1765755900,0.189,0.19,0.189,0.19,16569.850000000002
1765756800,0.19,0.191,0.189,0.189,41611.93
1765757700,0.189,0.191,0.189,0.191,55518.1
1765758600,0.19,0.19,0.189,0.189,34135.64
1765759500,0.189,0.191,0.189,0.191,31962.67
1765760400,0.191,0.191,0.19,0.19,17347.23
1765761300,0.19,0.191,0.19,0.19,994.41
1765762200,0.19,0.192,0.19,0.192,163566.54
1765763100,0.192,0.192,0.192,0.192,294.36
1765764000,0.192,0.193,0.192,0.192,30859.609999999997
1765764900,0.192,0.193,0.192,0.193,129864.43000000001
1765765800,0.193,0.193,0.191,0.192,91453.21
1765766700,0.193,0.193,0.191,0.191,18447.769999999997
1765767600,0.191,0.192,0.191,0.192,100.03
1765768500,0.192,0.192,0.191,0.191,1784.22
1765769400,0.191,0.192,0.191,0.192,238.08999999999997
1765770300,0.191,0.191,0.191,0.191,211.18
1765771200,0.191,0.193,0.191,0.193,38198.32
1765772100,0.192,0.192,0.192,0.192,26236.829999999998
1765773000,0.192,0.192,0.192,0.192,0.0
1765773900,0.192,0.193,0.192,0.193,38756.85
1765774800,0.192,0.193,0.192,0.193,2220.92
1765775700,0.193,0.193,0.193,0.193,3828.44
1765776600,0.194,0.194,0.193,0.194,10665.99
1765777500,0.194,0.194,0.193,0.193,2306.48
1765778400,0.193,0.194,0.193,0.193,711.36
1765779300,0.193,0.194,0.193,0.194,130032.64
1765780200,0.195,0.195,0.194,0.194,33922.520000000004
1765781100,0.194,0.195,0.194,0.195,239.04000000000002
1765782000,0.195,0.195,0.193,0.193,63971.22
1765782900,0.193,0.193,0.192,0.193,1676.27
1765783800,0.193,0.193,0.192,0.192,808.6800000000001
1765784700,0.192,0.193,0.192,0.192,52.980000000000004
1765785600,0.192,0.194,0.192,0.193,78221.82
1765786500,0.193,0.194,0.193,0.193,1539.42
1765787400,0.193,0.193,0.192,0.192,55430.37
1765788300,0.192,0.193,0.192,0.193,1850.42
1765789200,0.193,0.193,0.193,0.193,109105.85
1765790100,0.193,0.193,0.193,0.193,2254.93
1765791000,0.193,0.193,0.192,0.192,16997.870000000003
1765791900,0.192,0.194,0.192,0.193,76397.59
1765792800,0.193,0.193,0.192,0.192,74074.06
1765793700,0.192,0.193,0.192,0.193,4391.219999999999
1765794600,0.193,0.193,0.192,0.192,65104.299999999996
1765795500,0.192,0.193,0.192,0.193,450.77
1765796400,0.193,0.193,0.192,0.193,5880.05
1765797300,0.193,0.193,0.192,0.193,25964.260000000002
1765798200,0.193,0.193,0.192,0.193,1722.69
1765799100,0.193,0.193,0.193,0.193,0.0
1765800000,0.192,0.193,0.192,0.193,7851.3
1765800900,0.193,0.193,0.192,0.193,2110.9
1765801800,0.193,0.193,0.193,0.193,43846.07
1765802700,0.193,0.194,0.193,0.194,4179.51
1765803600,0.194,0.194,0.192,0.193,55492.03999999999
1765804500,0.193,0.193,0.192,0.192,28840.08
1765805400,0.192,0.192,0.191,0.192,125700.29
1765806300,0.192,0.193,0.192,0.192,3543.52
1765807200,0.192,0.192,0.191,0.192,105659.59000000001
1765808100,0.192,0.192,0.192,0.192,56318.44
1765809000,0.192,0.193,0.192,0.193,56905.8
1765809900,0.193,0.193,0.189,0.19,306968.12
1765810800,0.19,0.191,0.189,0.189,141423.48
1765811700,0.189,0.19,0.186,0.186,372969.76
1765812600,0.186,0.187,0.186,0.187,200700.48
1765813500,0.187,0.188,0.186,0.187,140820.38
1765814400,0.187,0.187,0.186,0.186,661.03
1765815300,0.187,0.187,0.186,0.186,5407.429999999999
1765816200,0.187,0.187,0.183,0.184,274251.61
1765817100,0.183,0.185,0.183,0.185,65572.91
1765818000,0.184,0.185,0.184,0.185,4414.33
1765818900,0.185,0.185,0.184,0.184,20397.15
1765819800,0.184,0.184,0.183,0.184,77135.57
1765820700,0.184,0.184,0.183,0.183,22632.22
1765821600,0.183,0.183,0.182,0.183,241324.55
1765822500,0.183,0.183,0.182,0.183,39330.09
1765823400,0.183,0.183,0.181,0.183,155759.43
1765824300,0.182,0.183,0.182,0.183,59925.06
1765825200,0.183,0.185,0.183,0.184,105507.19
1765826100,0.184,0.185,0.184,0.185,120149.54000000001
1765827000,0.185,0.185,0.185,0.185,4006.97
1765827900,0.184,0.184,0.184,0.184,2547.3
1765828800,0.184,0.184,0.183,0.183,30456.120000000003
1765829700,0.183,0.184,0.183,0.184,5266.37
1765830600,0.184,0.185,0.183,0.185,113664.9
1765831500,0.185,0.185,0.184,0.184,2333.9300000000003
1765832400,0.184,0.185,0.184,0.185,4731.02
1765833300,0.185,0.185,0.184,0.185,45063.16
1765834200,0.185,0.186,0.185,0.185,803.43
1765835100,0.185,0.185,0.185,0.185,28.61
1765836000,0.185,0.186,0.185,0.186,1288.05
1765836900,0.186,0.186,0.185,0.185,2076.25
1765837800,0.185,0.186,0.185,0.186,13496.08
1765838700,0.186,0.187,0.185,0.186,163818.21
1765839600,0.187,0.187,0.186,0.187,159360.63999999998
1765840500,0.187,0.187,0.187,0.187,2068.03
1765841400,0.187,0.188,0.187,0.187,6121.639999999999
1765842300,0.187,0.187,0.187,0.187,4020.7000000000003
1765843200,0.187,0.188,0.187,0.187,1570.8999999999999
1765844100,0.187,0.187,0.187,0.187,1500.3400000000001
1765845000,0.187,0.188,0.187,0.188,2788.85
1765845900,0.188,0.188,0.186,0.186,73536.17
1765846800,0.186,0.188,0.186,0.187,24123.58
1765847700,0.187,0.187,0.186,0.186,21389.890000000003
1765848600,0.186,0.186,0.186,0.186,74016.31999999999
1765849500,0.185,0.186,0.185,0.186,48209.72
1765850400,0.186,0.186,0.185,0.185,38046.78
1765851300,0.186,0.187,0.186,0.187,59705.53
1765852200,0.187,0.187,0.187,0.187,1197.8500000000001
1765853100,0.187,0.187,0.186,0.186,49.01
1765854000,0.186,0.187,0.186,0.186,28493.75
1765854900,0.186,0.187,0.186,0.186,27285.21
1765855800,0.186,0.187,0.185,0.187,55221.009999999995
1765856700,0.187,0.187,0.186,0.187,175.45000000000002
1765857600,0.187,0.187,0.186,0.186,1272.86
1765858500,0.186,0.186,0.185,0.185,53493.96
1765859400,0.185,0.186,0.185,0.186,3394.38
1765860300,0.186,0.186,0.185,0.185,148684.86
1765861200,0.185,0.186,0.185,0.186,1270.35
1765862100,0.186,0.186,0.185,0.185,987.51
1765863000,0.185,0.186,0.185,0.186,27640.29
1765863900,0.186,0.187,0.185,0.185,62185.25
1765864800,0.185,0.187,0.185,0.186,113875.90999999999
1765865700,0.186,0.187,0.186,0.186,2016.73
1765866600,0.186,0.187,0.186,0.186,1272.56
1765867500,0.186,0.186,0.186,0.186,0.0
1765868400,0.186,0.187,0.186,0.186,5767.51
1765869300,0.186,0.187,0.186,0.186,14045.05
1765870200,0.186,0.186,0.185,0.185,41663.47
1765871100,0.185,0.185,0.185,0.185,1000.0
1765872000,0.185,0.186,0.185,0.186,19230.94
1765872900,0.186,0.187,0.185,0.187,19869.82
1765873800,0.186,0.186,0.185,0.185,70551.2
1765874700,0.186,0.187,0.186,0.186,18019.45
1765875600,0.186,0.186,0.186,0.186,0.0
1765876500,0.186,0.187,0.186,0.186,1378.14
1765877400,0.186,0.187,0.186,0.186,3037.46
1765878300,0.186,0.186,0.186,0.186,13851.6
1765879200,0.187,0.187,0.186,0.187,37619.98
1765880100,0.187,0.188,0.186,0.186,79093.88
1765881000,0.186,0.189,0.186,0.188,177760.88
1765881900,0.188,0.189,0.187,0.188,277763.14
1765882800,0.188,0.189,0.187,0.188,21197.800000000003
1765883700,0.189,0.189,0.188,0.188,6197.25
1765884600,0.188,0.189,0.188,0.188,5543.37
1765885500,0.188,0.188,0.188,0.188,362.33
1765886400,0.188,0.189,0.188,0.189,7577.3099999999995
1765887300,0.189,0.189,0.188,0.189,1083.63
1765888200,0.189,0.189,0.188,0.188,81370.06
1765889100,0.188,0.189,0.188,0.189,372.0
1765890000,0.188,0.189,0.188,0.189,243.87
1765890900,0.189,0.189,0.188,0.189,85169.31
1765891800,0.189,0.19,0.187,0.188,260178.4
1765892700,0.188,0.188,0.187,0.187,45375.92
1765893600,0.187,0.187,0.186,0.187,113246.38
1765894500,0.187,0.188,0.187,0.187,70000.05
1765895400,0.188,0.189,0.187,0.187,114957.41
1765896300,0.188,0.189,0.187,0.189,280177.46
1765897200,0.189,0.189,0.188,0.188,114130.75
1765898100,0.188,0.188,0.188,0.188,103190.3
1765899000,0.188,0.189,0.188,0.189,1486.61
1765899900,0.189,0.191,0.189,0.19,289476.99
1765900800,0.19,0.19,0.189,0.189,5787.16
1765901700,0.189,0.19,0.189,0.19,106723.3
1765902600,0.19,0.19,0.188,0.188,29325.800000000003
1765903500,0.188,0.189,0.188,0.189,23285.0
1765904400,0.189,0.19,0.189,0.189,16852.06
1765905300,0.19,0.19,0.188,0.188,40489.649999999994
1765906200,0.188,0.188,0.188,0.188,127.09
1765907100,0.188,0.188,0.188,0.188,1408.13
1765908000,0.188,0.188,0.187,0.188,160155.72
1765908900,0.187,0.188,0.187,0.187,218.16
1765909800,0.187,0.189,0.187,0.188,217001.9
1765910700,0.188,0.189,0.188,0.189,199933.27000000002
1765911600,0.189,0.189,0.188,0.188,55748.44
1765912500,0.188,0.188,0.187,0.187,63.86
1765913400,0.187,0.188,0.187,0.188,65904.13
1765914300,0.188,0.189,0.188,0.189,34795.61
1765915200,0.188,0.188,0.188,0.188,4259.639999999999
1765916100,0.188,0.188,0.188,0.188,893.57
1765917000,0.188,0.189,0.188,0.189,3436.2
1765917900,0.188,0.188,0.188,0.188,148.53
1765918800,0.188,0.188,0.188,0.188,2000.0
1765919700,0.188,0.189,0.188,0.189,1234.58
1765920600,0.189,0.189,0.188,0.188,243.64
1765921500,0.188,0.189,0.188,0.189,52.91
1765922400,0.189,0.189,0.188,0.188,81527.79
1765923300,0.188,0.188,0.188,0.188,19072.559999999998
1765924200,0.188,0.189,0.188,0.188,3057.81
1765925100,0.188,0.188,0.188,0.188,302.21
1765926000,0.189,0.189,0.189,0.189,297.21
1765926900,0.189,0.189,0.188,0.189,122.72
1765927800,0.189,0.189,0.187,0.188,15392.45
1765928700,0.188,0.188,0.188,0.188,24292.32
1765929600,0.188,0.188,0.188,0.188,13003.93
1765930500,0.188,0.188,0.187,0.188,838.14
1765931400,0.188,0.188,0.187,0.188,3286.04
1765932300,0.188,0.188,0.188,0.188,0.0
1765933200,0.188,0.188,0.188,0.188,27850.68
1765934100,0.188,0.189,0.188,0.189,121778.77
1765935000,0.189,0.189,0.188,0.188,3268.44
1765935900,0.188,0.189,0.188,0.188,32944.12
1765936800,0.188,0.188,0.187,0.187,13414.73
1765937700,0.187,0.187,0.186,0.187,96194.66
1765938600,0.186,0.187,0.186,0.187,88.41
1765939500,0.187,0.187,0.187,0.187,27581.66
1765940400,0.187,0.187,0.187,0.187,534.75
1765941300,0.188,0.188,0.187,0.187,47854.91
1765942200,0.187,0.187,0.187,0.187,23641.44
1765943100,0.187,0.187,0.187,0.187,107.86
1765944000,0.187,0.187,0.187,0.187,54.85
1765944900,0.187,0.187,0.185,0.185,230036.12
1765945800,0.186,0.186,0.185,0.185,2886.69
1765946700,0.185,0.186,0.185,0.185,807.5799999999999
1765947600,0.185,0.185,0.184,0.185,93402.29000000001
1765948500,0.185,0.186,0.184,0.184,18762.48
1765949400,0.184,0.185,0.184,0.184,3731.17
1765950300,0.184,0.185,0.184,0.185,38299.270000000004
1765951200,0.185,0.186,0.185,0.186,7699.4800000000005
1765952100,0.185,0.186,0.185,0.185,22545.469999999998
1765953000,0.185,0.186,0.185,0.186,2515.6000000000004
1765953900,0.186,0.186,0.185,0.185,332.21
1765954800,0.185,0.186,0.185,0.186,232.44
1765955700,0.186,0.186,0.185,0.185,74.59
1765956600,0.185,0.186,0.185,0.186,29046.91
1765957500,0.186,0.186,0.185,0.186,76299.95999999999
1765958400,0.186,0.186,0.185,0.185,3263.88
1765959300,0.185,0.185,0.184,0.184,17123.6
1765960200,0.184,0.184,0.184,0.184,879.64
1765961100,0.184,0.184,0.184,0.184,9191.48
1765962000,0.184,0.185,0.184,0.184,849.5
1765962900,0.184,0.185,0.184,0.184,78254.85999999999
1765963800,0.184,0.184,0.184,0.184,879.69
1765964700,0.184,0.184,0.183,0.183,411.98
1765965600,0.183,0.184,0.183,0.183,127627.56
1765966500,0.183,0.184,0.183,0.184,225.34
1765967400,0.184,0.184,0.183,0.184,1278.65
1765968300,0.183,0.183,0.183,0.183,1193.84
1765969200,0.183,0.183,0.183,0.183,1175.7
1765970100,0.183,0.184,0.183,0.183,114.80000000000001
1765971000,0.183,0.184,0.183,0.184,15598.14
1765971900,0.184,0.185,0.184,0.185,10442.17
1765972800,0.185,0.185,0.185,0.185,0.0
1765973700,0.185,0.185,0.184,0.184,5489.18
1765974600,0.184,0.185,0.183,0.183,36882.95
1765975500,0.183,0.183,0.183,0.183,13533.49
1765976400,0.183,0.185,0.183,0.184,38125.32
1765977300,0.183,0.184,0.183,0.184,86.17
1765978200,0.184,0.185,0.183,0.185,25714.78
1765979100,0.185,0.186,0.184,0.186,120850.84999999999
1765980000,0.185,0.186,0.185,0.186,1537.63
1765980900,0.186,0.186,0.186,0.186,1637.35
1765981800,0.186,0.186,0.184,0.184,55546.57
1765982700,0.184,0.188,0.183,0.188,470483.54
1765983600,0.188,0.189,0.187,0.188,570820.3
1765984500,0.189,0.189,0.187,0.188,130384.85
1765985400,0.188,0.188,0.185,0.185,229619.11
1765986300,0.185,0.186,0.182,0.183,514082.15
1765987200,0.183,0.184,0.182,0.182,38060.81
1765988100,0.182,0.183,0.179,0.18,734834.27
1765989000,0.18,0.181,0.178,0.179,148814.17
1765989900,0.18,0.181,0.179,0.18,144984.04
1765990800,0.18,0.18,0.179,0.18,103553.55
1765991700,0.179,0.181,0.179,0.18,96092.36
1765992600,0.18,0.18,0.178,0.178,18296.5
1765993500,0.178,0.178,0.177,0.178,98629.7
1765994400,0.178,0.179,0.177,0.178,52760.06
1765995300,0.178,0.179,0.177,0.178,46361.65
1765996200,0.178,0.178,0.175,0.176,51112.34
1765997100,0.177,0.177,0.175,0.176,71739.97
1765998000,0.176,0.176,0.174,0.175,75218.2
1765998900,0.175,0.176,0.175,0.175,29063.92
1765999800,0.176,0.176,0.175,0.176,49605.27
1766000700,0.176,0.177,0.176,0.177,65465.42
1766001600,0.177,0.177,0.176,0.176,730.89
1766002500,0.176,0.178,0.176,0.177,18543.429999999997
1766003400,0.177,0.178,0.177,0.177,11170.36
1766004300,0.177,0.178,0.177,0.177,48371.06
1766005200,0.177,0.177,0.177,0.177,17274.15
1766006100,0.177,0.177,0.177,0.177,24106.52
1766007000,0.176,0.177,0.175,0.176,5775.3099999999995
1766007900,0.176,0.176,0.175,0.175,2070.04
1766008800,0.175,0.176,0.175,0.176,26204.42
1766009700,0.176,0.177,0.176,0.177,17818.649999999998
1766010600,0.176,0.178,0.176,0.177,43866.24
1766011500,0.177,0.178,0.177,0.178,2816.9
1766012400,0.178,0.178,0.177,0.177,11493.46
1766013300,0.177,0.177,0.177,0.177,120.13
1766014200,0.177,0.177,0.176,0.176,140.31
1766015100,0.176,0.177,0.176,0.177,18787.66
1766016000,0.177,0.177,0.176,0.176,9754.25
1766016900,0.176,0.177,0.175,0.177,71582.77
1766017800,0.177,0.177,0.176,0.176,6423.46
1766018700,0.176,0.177,0.176,0.176,269.8
1766019600,0.176,0.176,0.175,0.176,22181.61
1766020500,0.176,0.176,0.175,0.176,17465.8
1766021400,0.176,0.176,0.175,0.176,15602.66
1766022300,0.176,0.176,0.175,0.175,573.12
1766023200,0.175,0.176,0.175,0.176,25020.1
1766024100,0.176,0.177,0.175,0.176,13750.15
1766025000,0.176,0.177,0.175,0.176,20875.44
1766025900,0.176,0.177,0.176,0.177,391.87
1766026800,0.177,0.177,0.176,0.176,1308.08
1766027700,0.176,0.177,0.176,0.176,31028.3
1766028600,0.176,0.176,0.176,0.176,9230.57
1766029500,0.176,0.176,0.175,0.175,3830.54
1766030400,0.175,0.177,0.175,0.175,42393.93
1766031300,0.175,0.176,0.175,0.176,1063.9
1766032200,0.176,0.176,0.175,0.175,62470.59
1766033100,0.175,0.175,0.175,0.175,695.35
1766034000,0.175,0.175,0.175,0.175,73087.34
1766034900,0.175,0.175,0.174,0.174,5901.18
1766035800,0.174,0.175,0.173,0.174,114664.15
1766036700,0.174,0.174,0.173,0.174,8440.16
1766037600,0.173,0.174,0.173,0.173,13233.81
1766038500,0.174,0.174,0.174,0.174,1674.71
1766039400,0.174,0.174,0.173,0.174,9190.57
1766040300,0.174,0.174,0.173,0.173,5159.82
1766041200,0.174,0.175,0.174,0.174,29078.949999999997
1766042100,0.174,0.174,0.173,0.173,16355.220000000001
1766043000,0.173,0.174,0.173,0.174,891.65
1766043900,0.174,0.174,0.173,0.173,548.16
1766044800,0.174,0.176,0.174,0.175,28690.46
1766045700,0.176,0.176,0.174,0.176,24410.38
1766046600,0.176,0.176,0.174,0.174,22167.48
1766047500,0.174,0.175,0.174,0.174,4436.08
1766048400,0.175,0.175,0.175,0.175,1386.54
1766049300,0.175,0.175,0.175,0.175,38.51
1766050200,0.175,0.175,0.174,0.175,24860.06
1766051100,0.175,0.176,0.175,0.176,1014.4100000000001
1766052000,0.176,0.176,0.175,0.175,35421.55
1766052900,0.175,0.176,0.175,0.176,5193.28
1766053800,0.175,0.176,0.175,0.175,19921.8
1766054700,0.175,0.176,0.175,0.175,2151.0
1766055600,0.175,0.176,0.175,0.175,2494.8900000000003
1766056500,0.175,0.176,0.175,0.176,42.85
1766057400,0.176,0.176,0.175,0.176,588.51
1766058300,0.175,0.176,0.175,0.176,8574.599999999999
1766059200,0.176,0.176,0.176,0.176,13181.41
1766060100,0.176,0.176,0.176,0.176,732.75
1766061000,0.176,0.177,0.175,0.177,19408.86
1766061900,0.177,0.177,0.175,0.175,18995.35
1766062800,0.176,0.178,0.176,0.177,107531.56999999999
1766063700,0.177,0.178,0.176,0.177,73294.44
1766064600,0.177,0.179,0.177,0.179,172376.06
1766065500,0.179,0.18,0.178,0.18,15140.650000000001
1766066400,0.18,0.181,0.178,0.178,183967.93
1766067300,0.178,0.18,0.178,0.18,28629.030000000002
1766068200,0.18,0.181,0.178,0.178,102703.56999999999
1766069100,0.179,0.179,0.178,0.179,123343.87
1766070000,0.179,0.18,0.178,0.178,30979.760000000002
1766070900,0.178,0.18,0.178,0.179,8926.84
1766071800,0.18,0.181,0.18,0.18,91127.78
1766072700,0.18,0.18,0.179,0.179,8954.37
1766073600,0.179,0.179,0.179,0.179,536.31
1766074500,0.179,0.179,0.179,0.179,55134.13
1766075400,0.179,0.179,0.179,0.179,7328.47
1766076300,0.179,0.18,0.179,0.179,50039.94
1766077200,0.179,0.179,0.175,0.175,215893.26
1766078100,0.175,0.176,0.171,0.173,334326.13
1766079000,0.173,0.175,0.173,0.174,43752.17999999999
1766079900,0.174,0.175,0.174,0.174,9626.39
1766080800,0.174,0.175,0.174,0.175,74962.09
1766081700,0.175,0.176,0.173,0.173,589458.17
1766082600,0.173,0.173,0.173,0.173,39511.96
1766083500,0.173,0.173,0.171,0.172,70866.18000000001
1766084400,0.171,0.172,0.17,0.172,81092.62000000001
1766085300,0.172,0.172,0.17,0.171,99732.05
1766086200,0.171,0.171,0.169,0.169,123056.68
1766087100,0.17,0.17,0.168,0.168,73274.12000000001
1766088000,0.169,0.17,0.168,0.17,25984.1
1766088900,0.17,0.171,0.17,0.17,47102.19
1766089800,0.17,0.171,0.17,0.17,1742.96
1766090700,0.17,0.171,0.17,0.17,3417.53
1766091600,0.171,0.172,0.17,0.171,99516.23
1766092500,0.171,0.171,0.171,0.171,845.92
1766093400,0.172,0.172,0.171,0.171,16311.029999999999
1766094300,0.171,0.172,0.171,0.172,2014.17
1766095200,0.172,0.173,0.172,0.172,124205.62
1766096100,0.172,0.172,0.172,0.172,701.56
1766097000,0.172,0.173,0.171,0.171,92910.84
1766097900,0.171,0.171,0.171,0.171,684.84
1766098800,0.171,0.171,0.171,0.171,89.4
1766099700,0.171,0.172,0.171,0.171,542.75
1766100600,0.171,0.171,0.171,0.171,21199.33
1766101500,0.171,0.172,0.171,0.172,1189.13
1766102400,0.172,0.172,0.171,0.171,4678.36
1766103300,0.171,0.171,0.17,0.17,24645.54
1766104200,0.17,0.171,0.17,0.171,316.97
1766105100,0.171,0.171,0.17,0.17,19584.31
1766106000,0.17,0.171,0.169,0.17,125171.03
1766106900,0.17,0.17,0.17,0.17,0.0
1766107800,0.17,0.17,0.17,0.17,35145.56
1766108700,0.17,0.17,0.17,0.17,0.0
1766109600,0.169,0.169,0.169,0.169,334.01
1766110500,0.169,0.171,0.169,0.171,46322.43
1766111400,0.171,0.171,0.171,0.171,2451.33
1766112300,0.171,0.171,0.17,0.171,3201.9300000000003
1766113200,0.171,0.173,0.171,0.173,204624.46
1766114100,0.173,0.176,0.172,0.175,333864.8
1766115000,0.175,0.175,0.174,0.174,85330.47
1766115900,0.174,0.176,0.174,0.174,47730.3
1766116800,0.174,0.175,0.174,0.175,25591.6
1766117700,0.175,0.175,0.175,0.175,308.57
1766118600,0.175,0.175,0.174,0.174,1149.12
1766119500,0.174,0.174,0.174,0.174,690.0
1766120400,0.174,0.174,0.174,0.174,8524.87
1766121300,0.174,0.174,0.174,0.174,34144.44
1766122200,0.174,0.175,0.174,0.174,12429.31
1766123100,0.174,0.174,0.174,0.174,635.81
1766124000,0.174,0.174,0.174,0.174,0.0
1766124900,0.174,0.175,0.174,0.175,542.5
1766125800,0.175,0.175,0.174,0.174,3753.52
1766126700,0.174,0.176,0.174,0.176,11255.25
1766127600,0.176,0.178,0.176,0.177,270395.95
1766128500,0.177,0.177,0.176,0.177,137.08
1766129400,0.176,0.176,0.176,0.176,55846.45
1766130300,0.176,0.176,0.176,0.176,41.23
1766131200,0.176,0.176,0.176,0.176,44590.67
1766132100,0.176,0.176,0.175,0.175,6340.629999999999
1766133000,0.175,0.176,0.175,0.176,60.32
1766133900,0.176,0.177,0.175,0.176,32140.05
1766134800,0.176,0.176,0.176,0.176,286.93
1766135700,0.176,0.176,0.176,0.176,1819.8999999999999
1766136600,0.176,0.176,0.175,0.176,3921.87
1766137500,0.176,0.176,0.175,0.175,3153.37
1766138400,0.175,0.176,0.175,0.175,51339.08
1766139300,0.175,0.175,0.175,0.175,1583.6699999999998
1766140200,0.175,0.175,0.174,0.174,610.1899999999999
1766141100,0.174,0.175,0.174,0.174,3875.0499999999997
1766142000,0.174,0.175,0.173,0.175,215309.81
1766142900,0.175,0.175,0.174,0.174,1742.84
1766143800,0.174,0.175,0.174,0.175,1624.16
1766144700,0.175,0.175,0.174,0.174,1248.92
1766145600,0.174,0.175,0.174,0.174,161492.19
1766146500,0.174,0.176,0.174,0.175,144471.42
1766147400,0.175,0.175,0.175,0.175,8030.41
1766148300,0.175,0.175,0.175,0.175,29.14
1766149200,0.175,0.175,0.175,0.175,0.0
1766150100,0.175,0.175,0.174,0.175,69062.63
1766151000,0.175,0.175,0.174,0.175,32765.030000000002
1766151900,0.175,0.175,0.174,0.175,803.94
1766152800,0.175,0.175,0.174,0.175,24068.7
1766153700,0.175,0.175,0.174,0.174,59068.25
1766154600,0.174,0.177,0.174,0.176,97599.29
1766155500,0.176,0.177,0.175,0.175,37568.030000000006
1766156400,0.176,0.177,0.175,0.177,17697.9
1766157300,0.177,0.179,0.175,0.176,598892.33
1766158200,0.176,0.176,0.175,0.176,48273.67
1766159100,0.176,0.177,0.176,0.177,148882.44
1766160000,0.177,0.179,0.177,0.178,190878.6
1766160900,0.178,0.178,0.178,0.178,3134.57
1766161800,0.178,0.179,0.178,0.178,67453.58
1766162700,0.178,0.178,0.177,0.177,67844.09999999999
1766163600,0.177,0.178,0.177,0.178,42011.31
1766164500,0.178,0.178,0.178,0.178,84946.58
1766165400,0.178,0.178,0.177,0.177,135790.82
1766166300,0.176,0.177,0.175,0.175,413084.01
1766167200,0.175,0.175,0.174,0.175,3769.07
1766168100,0.175,0.177,0.175,0.176,107986.59
1766169000,0.176,0.176,0.175,0.175,104717.31
1766169900,0.175,0.176,0.175,0.175,35038.05
1766170800,0.175,0.176,0.175,0.176,4652.76
1766171700,0.176,0.177,0.176,0.177,40277.75
1766172600,0.177,0.178,0.176,0.177,103707.47
1766173500,0.177,0.179,0.177,0.177,149396.56
1766174400,0.178,0.178,0.177,0.177,33344.44
1766175300,0.178,0.178,0.177,0.178,135519.06
1766176200,0.178,0.179,0.178,0.178,71548.97
1766177100,0.178,0.178,0.177,0.177,70110.22
1766178000,0.178,0.178,0.178,0.178,900.19
1766178900,0.178,0.178,0.177,0.177,82822.7
1766179800,0.177,0.177,0.177,0.177,114.56
1766180700,0.177,0.177,0.176,0.177,4301.16
1766181600,0.177,0.177,0.176,0.177,847.58
1766182500,0.177,0.177,0.176,0.176,21584.659999999996
1766183400,0.176,0.177,0.176,0.177,11872.47
1766184300,0.177,0.178,0.177,0.177,10638.26
1766185200,0.177,0.177,0.177,0.177,0.0
1766186100,0.177,0.177,0.177,0.177,31.73
1766187000,0.177,0.177,0.177,0.177,0.0
1766187900,0.177,0.177,0.176,0.177,397.02
1766188800,0.177,0.177,0.177,0.177,593.47
1766189700,0.177,0.177,0.177,0.177,1201.57
1766190600,0.177,0.177,0.177,0.177,94.0
1766191500,0.177,0.177,0.177,0.177,33.89
1766192400,0.177,0.177,0.176,0.176,173.53
1766193300,0.176,0.176,0.176,0.176,528.1800000000001
1766194200,0.176,0.176,0.176,0.176,0.0
1766195100,0.176,0.177,0.175,0.176,95507.92
1766196000,0.176,0.176,0.176,0.176,35.25
1766196900,0.176,0.176,0.176,0.176,1300.0
1766197800,0.176,0.176,0.176,0.176,61374.25000000001
1766198700,0.176,0.176,0.176,0.176,9319.3
1766199600,0.176,0.176,0.175,0.176,48446.16
1766200500,0.175,0.176,0.175,0.176,41081.45
1766201400,0.176,0.177,0.176,0.176,7506.51
1766202300,0.176,0.177,0.176,0.177,1606.28
1766203200,0.177,0.177,0.175,0.175,37720.07
1766204100,0.175,0.176,0.175,0.176,243.7
1766205000,0.175,0.175,0.175,0.175,60.26
1766205900,0.175,0.175,0.175,0.175,0.0
1766206800,0.175,0.176,0.175,0.175,447.84000000000003
1766207700,0.175,0.175,0.175,0.175,0.0
1766208600,0.176,0.177,0.176,0.177,41398.17
1766209500,0.176,0.176,0.176,0.176,125463.37999999999
1766210400,0.176,0.176,0.175,0.176,30887.620000000003
1766211300,0.176,0.176,0.176,0.176,138.23000000000002
1766212200,0.176,0.176,0.176,0.176,3557.35
1766213100,0.176,0.176,0.175,0.175,4503.06
1766214000,0.175,0.175,0.175,0.175,1025.72
1766214900,0.175,0.176,0.175,0.176,25638.889999999996
1766215800,0.176,0.177,0.176,0.177,16276.31
1766216700,0.177,0.177,0.176,0.177,24808.570000000003
1766217600,0.177,0.177,0.177,0.177,0.0
1766218500,0.177,0.178,0.177,0.178,12483.88
1766219400,0.178,0.178,0.177,0.177,1994.47
1766220300,0.177,0.177,0.177,0.177,14707.15
1766221200,0.177,0.177,0.177,0.177,0.0
1766222100,0.177,0.177,0.176,0.176,2541.44
1766223000,0.176,0.177,0.176,0.177,13739.03
1766223900,0.177,0.177,0.177,0.177,18965.08
1766224800,0.177,0.177,0.177,0.177,0.0
1766225700,0.177,0.177,0.175,0.175,21607.06
1766226600,0.175,0.176,0.175,0.176,30.32
1766227500,0.176,0.176,0.175,0.175,0.0
1766228400,0.175,0.176,0.175,0.176,2014.69
1766229300,0.176,0.176,0.175,0.176,15716.74
1766230200,0.176,0.176,0.176,0.176,29796.589999999997
1766231100,0.176,0.176,0.176,0.176,0.0
1766232000,0.177,0.177,0.176,0.176,2961.14
1766232900,0.176,0.177,0.176,0.177,28.24
1766233800,0.177,0.177,0.177,0.177,0.0
1766234700,0.177,0.177,0.177,0.177,52.15
1766235600,0.177,0.177,0.175,0.176,42777.07
1766236500,0.175,0.176,0.175,0.175,60569.16
1766237400,0.175,0.175,0.174,0.175,99268.88
1766238300,0.174,0.176,0.174,0.176,30100.83
1766239200,0.176,0.176,0.174,0.175,54329.82
1766240100,0.175,0.176,0.175,0.176,21494.08
1766241000,0.176,0.176,0.176,0.176,4525.33
1766241900,0.176,0.176,0.176,0.176,3018.12
1766242800,0.176,0.176,0.176,0.176,624.07
1766243700,0.176,0.176,0.175,0.175,96765.18000000001
1766244600,0.175,0.175,0.175,0.175,63588.659999999996
1766245500,0.175,0.175,0.175,0.175,2754.15
1766246400,0.175,0.175,0.175,0.175,64.48
1766247300,0.175,0.176,0.175,0.176,1136.36
1766248200,0.176,0.176,0.174,0.174,63385.95
1766249100,0.174,0.174,0.174,0.174,0.0
1766250000,0.175,0.175,0.175,0.175,68652.04
1766250900,0.175,0.176,0.175,0.176,91554.09
1766251800,0.176,0.176,0.175,0.175,24907.57
1766252700,0.175,0.175,0.174,0.174,561.0500000000001
1766253600,0.174,0.175,0.174,0.175,60.19
1766254500,0.175,0.175,0.174,0.175,7652.96
1766255400,0.175,0.175,0.174,0.174,82.77
1766256300,0.174,0.175,0.174,0.174,3347.42
1766257200,0.175,0.175,0.174,0.174,1292.22
1766258100,0.174,0.174,0.174,0.174,0.0
1766259000,0.174,0.174,0.174,0.174,0.0
1766259900,0.174,0.175,0.174,0.175,309.3
1766260800,0.175,0.175,0.174,0.174,170.59
1766261700,0.174,0.174,0.174,0.174,0.0
1766262600,0.174,0.175,0.174,0.175,4115.98
1766263500,0.175,0.175,0.175,0.175,0.0
1766264400,0.175,0.175,0.175,0.175,13601.839999999998
1766265300,0.175,0.175,0.175,0.175,30077.95
1766266200,0.175,0.176,0.175,0.176,4558.85
1766267100,0.176,0.176,0.176,0.176,0.0
1766268000,0.176,0.176,0.175,0.175,6874.15
1766268900,0.176,0.176,0.175,0.175,977.3299999999999
1766269800,0.175,0.177,0.175,0.177,75549.84999999999
1766270700,0.177,0.177,0.177,0.177,2574.29
1766271600,0.177,0.177,0.177,0.177,3898.48
1766272500,0.177,0.177,0.176,0.176,75640.74
1766273400,0.176,0.176,0.176,0.176,56.87
1766274300,0.176,0.177,0.176,0.177,150.0
1766275200,0.177,0.177,0.176,0.176,2970.55
1766276100,0.176,0.177,0.176,0.177,412.97
1766277000,0.177,0.177,0.176,0.176,6871.87
1766277900,0.176,0.176,0.175,0.175,26217.26
1766278800,0.175,0.175,0.175,0.175,4615.13
1766279700,0.175,0.176,0.175,0.176,137.39999999999998
1766280600,0.176,0.176,0.175,0.175,59562.490000000005
1766281500,0.175,0.175,0.175,0.175,1170.35
1766282400,0.175,0.175,0.174,0.174,590.96
1766283300,0.174,0.174,0.174,0.174,108359.40999999999
1766284200,0.174,0.174,0.174,0.174,81422.66
1766285100,0.174,0.175,0.174,0.175,563.6
1766286000,0.175,0.175,0.175,0.175,68.41
1766286900,0.175,0.175,0.175,0.175,8181.8
1766287800,0.175,0.176,0.175,0.176,30.11
1766288700,0.176,0.176,0.176,0.176,3615.12
1766289600,0.176,0.176,0.176,0.176,0.0
1766290500,0.176,0.176,0.175,0.175,480.0
1766291400,0.175,0.175,0.175,0.175,904.62
1766292300,0.175,0.175,0.175,0.175,0.0
1766293200,0.175,0.176,0.175,0.176,6738.860000000001
1766294100,0.176,0.176,0.175,0.176,9617.52
1766295000,0.175,0.176,0.175,0.176,4272.58
1766295900,0.176,0.176,0.176,0.176,858.58
1766296800,0.176,0.176,0.176,0.176,975.9
1766297700,0.176,0.176,0.175,0.175,50.0
1766298600,0.175,0.176,0.175,0.176,1270.24
1766299500,0.176,0.177,0.176,0.176,164373.94
1766300400,0.176,0.176,0.176,0.176,1098.97
1766301300,0.176,0.176,0.176,0.176,11313.32
1766302200,0.176,0.176,0.176,0.176,18900.54
1766303100,0.176,0.176,0.175,0.175,510.85
1766304000,0.175,0.176,0.175,0.176,4966.8099999999995
1766304900,0.176,0.176,0.175,0.175,170.85000000000002
1766305800,0.175,0.176,0.175,0.176,78605.58
1766306700,0.176,0.176,0.175,0.176,30101.21
1766307600,0.176,0.176,0.175,0.176,17441.899999999998
1766308500,0.176,0.177,0.176,0.176,9675.34
1766309400,0.175,0.176,0.175,0.175,10334.859999999999
1766310300,0.175,0.176,0.175,0.176,10633.23
1766311200,0.176,0.176,0.176,0.176,551.74
1766312100,0.176,0.176,0.176,0.176,0.0
1766313000,0.176,0.176,0.174,0.175,41599.01
1766313900,0.174,0.174,0.174,0.174,1693.16
1766314800,0.174,0.174,0.174,0.174,0.0
1766315700,0.174,0.175,0.174,0.175,360.25
1766316600,0.175,0.175,0.174,0.175,266.23
1766317500,0.175,0.175,0.175,0.175,1115.68
1766318400,0.175,0.175,0.175,0.175,57.75
1766319300,0.174,0.176,0.174,0.174,51107.14
1766320200,0.174,0.174,0.173,0.174,103498.8
1766321100,0.174,0.174,0.173,0.174,815.13
1766322000,0.174,0.174,0.172,0.173,219962.55000000002
1766322900,0.172,0.173,0.172,0.172,12791.66
1766323800,0.172,0.172,0.171,0.171,88506.63
1766324700,0.171,0.171,0.169,0.17,217297.19
1766325600,0.169,0.172,0.169,0.17,57086.86
1766326500,0.17,0.171,0.17,0.171,3507.91
1766327400,0.171,0.171,0.17,0.17,23893.59
1766328300,0.17,0.17,0.17,0.17,92.57
1766329200,0.17,0.17,0.17,0.17,2285.66
1766330100,0.17,0.17,0.17,0.17,0.0
1766331000,0.17,0.171,0.17,0.17,1695.69
1766331900,0.17,0.172,0.17,0.17,29683.37
1766332800,0.17,0.171,0.17,0.171,555.52
1766333700,0.171,0.172,0.17,0.17,11023.76
1766334600,0.17,0.17,0.17,0.17,1452.3
1766335500,0.17,0.171,0.17,0.171,3458.62
1766336400,0.171,0.172,0.171,0.172,30603.75
1766337300,0.172,0.172,0.172,0.172,0.0
1766338200,0.172,0.172,0.171,0.171,13563.759999999998
1766339100,0.171,0.171,0.171,0.171,500.0
1766340000,0.171,0.171,0.17,0.17,30856.93
1766340900,0.169,0.171,0.169,0.171,8142.24
1766341800,0.17,0.171,0.17,0.17,209.91000000000003
1766342700,0.171,0.171,0.171,0.171,2476.71
1766343600,0.171,0.172,0.171,0.171,20121.6
1766344500,0.171,0.172,0.171,0.172,29.06
1766345400,0.172,0.172,0.17,0.171,16078.869999999999
1766346300,0.171,0.172,0.171,0.171,171.39
1766347200,0.172,0.172,0.171,0.171,63789.72
1766348100,0.171,0.171,0.171,0.171,363.56
1766349000,0.171,0.172,0.171,0.171,1078.4
1766349900,0.171,0.171,0.171,0.171,753.67
1766350800,0.171,0.171,0.171,0.171,7746.59
1766351700,0.171,0.171,0.171,0.171,0.0
1766352600,0.171,0.171,0.17,0.17,13326.800000000001
1766353500,0.17,0.17,0.17,0.17,53.71
1766354400,0.17,0.172,0.17,0.172,9093.57
1766355300,0.172,0.172,0.17,0.172,4010.41
1766356200,0.172,0.172,0.171,0.171,72.32
1766357100,0.171,0.173,0.171,0.172,3763.93
1766358000,0.172,0.173,0.172,0.173,33514.79
1766358900,0.173,0.173,0.173,0.173,546.79
1766359800,0.172,0.173,0.172,0.173,59525.53
1766360700,0.173,0.173,0.173,0.173,160.0
1766361600,0.173,0.175,0.173,0.175,291748.77
1766362500,0.175,0.176,0.174,0.174,134780.2
1766363400,0.174,0.174,0.174,0.174,24781.41
1766364300,0.174,0.174,0.173,0.173,121595.04
1766365200,0.173,0.174,0.173,0.173,37415.380000000005
1766366100,0.173,0.173,0.173,0.173,170.45
1766367000,0.173,0.175,0.173,0.174,42356.520000000004
1766367900,0.174,0.174,0.172,0.172,779.5
1766368800,0.172,0.173,0.171,0.171,200533.15
1766369700,0.171,0.172,0.171,0.172,25063.930000000004
1766370600,0.172,0.173,0.171,0.171,31623.98
1766371500,0.172,0.173,0.171,0.172,27953.739999999998
1766372400,0.172,0.173,0.172,0.173,89184.68999999999
1766373300,0.173,0.173,0.173,0.173,12015.71
1766374200,0.173,0.173,0.173,0.173,13073.52
1766375100,0.173,0.173,0.173,0.173,11866.93
1766376000,0.173,0.173,0.173,0.173,2353.2400000000002
1766376900,0.173,0.173,0.173,0.173,10562.44
1766377800,0.173,0.173,0.173,0.173,56613.0
1766378700,0.173,0.173,0.173,0.173,41007.89
1766379600,0.173,0.173,0.173,0.173,593.82
1766380500,0.173,0.173,0.173,0.173,138.72
1766381400,0.172,0.173,0.171,0.173,79751.92
1766382300,0.173,0.173,0.171,0.172,10920.699999999999
1766383200,0.172,0.173,0.171,0.171,38628.93
1766384100,0.171,0.173,0.171,0.171,39808.159999999996
1766385000,0.171,0.173,0.171,0.172,6639.37
1766385900,0.172,0.172,0.171,0.171,14300.039999999999
1766386800,0.171,0.173,0.171,0.172,47131.04
1766387700,0.172,0.173,0.172,0.173,40408.96
1766388600,0.173,0.173,0.173,0.173,5139.67
1766389500,0.173,0.173,0.173,0.173,0.0
1766390400,0.172,0.172,0.172,0.172,108.95
1766391300,0.172,0.174,0.172,0.173,44932.22
1766392200,0.173,0.173,0.173,0.173,35143.66
1766393100,0.173,0.173,0.171,0.171,129215.86
1766394000,0.172,0.172,0.171,0.171,6260.8099999999995
1766394900,0.171,0.172,0.171,0.172,3330.66
1766395800,0.172,0.172,0.171,0.171,13145.4
1766396700,0.171,0.172,0.171,0.171,92713.87
1766397600,0.171,0.172,0.171,0.172,49304.92
1766398500,0.172,0.173,0.171,0.173,43597.04
1766399400,0.172,0.172,0.172,0.172,41.48
1766400300,0.172,0.173,0.172,0.172,1324.3
1766401200,0.172,0.173,0.171,0.172,34075.81
1766402100,0.172,0.173,0.171,0.172,26563.48
1766403000,0.172,0.173,0.172,0.173,109.93
1766403900,0.173,0.173,0.172,0.173,138455.73
1766404800,0.173,0.173,0.173,0.173,444.03
1766405700,0.173,0.173,0.173,0.173,320.0
1766406600,0.173,0.174,0.173,0.173,30281.980000000003
1766407500,0.173,0.173,0.173,0.173,11967.8
1766408400,0.173,0.174,0.173,0.173,10853.95
1766409300,0.173,0.173,0.172,0.173,25275.42
1766410200,0.173,0.173,0.171,0.172,91406.01
1766411100,0.173,0.173,0.171,0.172,5484.92
1766412000,0.172,0.173,0.172,0.173,2890.17
1766412900,0.173,0.173,0.173,0.173,18845.2
1766413800,0.172,0.174,0.172,0.172,86351.47
1766414700,0.173,0.174,0.172,0.173,50565.62
1766415600,0.173,0.174,0.173,0.173,23405.28
1766416500,0.172,0.173,0.171,0.173,42201.24
1766417400,0.172,0.172,0.171,0.172,43909.92
1766418300,0.173,0.173,0.171,0.173,34379.79
1766419200,0.173,0.173,0.172,0.173,2709.2200000000003
1766420100,0.173,0.173,0.172,0.173,43243.67
1766421000,0.173,0.173,0.171,0.171,36889.479999999996
1766421900,0.171,0.172,0.171,0.171,1349.8400000000001
1766422800,0.171,0.172,0.171,0.172,797.5300000000001
1766423700,0.172,0.172,0.172,0.172,0.0
1766424600,0.172,0.172,0.171,0.171,2335.0
1766425500,0.171,0.172,0.171,0.172,1553.92
1766426400,0.172,0.172,0.171,0.171,12590.84
1766427300,0.171,0.172,0.171,0.171,6970.5199999999995
1766428200,0.171,0.172,0.171,0.171,272.88
1766429100,0.171,0.172,0.17,0.171,62907.63
1766430000,0.171,0.171,0.169,0.169,183414.1
1766430900,0.169,0.17,0.169,0.169,6150.36
1766431800,0.169,0.169,0.169,0.169,14300.35
1766432700,0.169,0.169,0.168,0.169,36491.049999999996
1766433600,0.169,0.169,0.168,0.168,47582.44
1766434500,0.168,0.169,0.168,0.168,71565.83
1766435400,0.168,0.169,0.168,0.168,681.44
1766436300,0.168,0.169,0.168,0.169,811.52
1766437200,0.169,0.169,0.169,0.169,968.6500000000001
1766438100,0.169,0.169,0.168,0.169,987.1899999999999
1766439000,0.169,0.17,0.169,0.169,22949.61
1766439900,0.169,0.169,0.169,0.169,6356.05
1766440800,0.168,0.169,0.168,0.168,6615.610000000001
1766441700,0.168,0.17,0.168,0.17,46412.02
1766442600,0.17,0.17,0.17,0.17,5990.61
1766443500,0.17,0.17,0.169,0.17,2067.25
1766444400,0.17,0.171,0.17,0.17,147934.68000000002
1766445300,0.171,0.171,0.17,0.17,36627.96
1766446200,0.17,0.171,0.17,0.171,14486.14
1766447100,0.171,0.171,0.17,0.17,6864.79
1766448000,0.17,0.172,0.17,0.171,153005.36
1766448900,0.171,0.172,0.171,0.172,6343.5
1766449800,0.172,0.172,0.172,0.172,1052.26
1766450700,0.172,0.172,0.171,0.171,4000.0
1766451600,0.171,0.171,0.171,0.171,535.09
1766452500,0.171,0.172,0.171,0.171,66688.62
1766453400,0.171,0.172,0.17,0.171,25233.05
1766454300,0.171,0.172,0.171,0.171,17946.02
1766455200,0.171,0.171,0.171,0.171,29569.449999999997
1766456100,0.171,0.172,0.171,0.171,16319.150000000001
1766457000,0.171,0.172,0.169,0.17,29572.94
1766457900,0.17,0.17,0.169,0.169,980.9
1766458800,0.169,0.17,0.168,0.169,58347.72
1766459700,0.169,0.17,0.169,0.17,178.32
1766460600,0.17,0.17,0.169,0.17,903.1300000000001
1766461500,0.17,0.17,0.169,0.169,10492.0
1766462400,0.169,0.17,0.169,0.17,24036.08
1766463300,0.17,0.17,0.169,0.169,165659.31
1766464200,0.169,0.169,0.169,0.169,10611.13
1766465100,0.169,0.169,0.169,0.169,207.1
1766466000,0.169,0.169,0.168,0.169,1055.0300000000002
1766466900,0.169,0.169,0.169,0.169,123.89
1766467800,0.169,0.169,0.168,0.168,57520.83
1766468700,0.168,0.168,0.167,0.168,41742.32
1766469600,0.168,0.168,0.168,0.168,20793.96
1766470500,0.168,0.168,0.167,0.167,21822.280000000002
1766471400,0.167,0.168,0.167,0.167,16337.859999999999
1766472300,0.167,0.167,0.167,0.167,641.62
1766473200,0.167,0.168,0.167,0.167,302.26
1766474100,0.167,0.168,0.166,0.167,53976.81
1766475000,0.167,0.168,0.167,0.167,10639.73
1766475900,0.167,0.168,0.167,0.168,159.94
1766476800,0.167,0.168,0.167,0.167,18341.61
1766477700,0.167,0.167,0.167,0.167,0.0
1766478600,0.167,0.168,0.167,0.167,336.43
1766479500,0.167,0.168,0.166,0.167,15408.67
1766480400,0.167,0.168,0.167,0.168,13794.35
1766481300,0.168,0.168,0.167,0.168,41975.86
1766482200,0.168,0.168,0.167,0.167,489.19
1766483100,0.167,0.168,0.167,0.167,2350.45
1766484000,0.167,0.167,0.167,0.167,1985.88
1766484900,0.167,0.168,0.167,0.168,146.49
1766485800,0.168,0.168,0.168,0.168,167.6
1766486700,0.168,0.169,0.168,0.168,10030.32
1766487600,0.168,0.168,0.168,0.168,4994.46
1766488500,0.168,0.169,0.168,0.169,250.25
1766489400,0.168,0.168,0.168,0.168,1113.78
1766490300,0.168,0.168,0.168,0.168,279.34000000000003
1766491200,0.168,0.169,0.168,0.169,60192.57
1766492100,0.168,0.168,0.167,0.168,24920.57
1766493000,0.168,0.168,0.167,0.168,1914.89
1766493900,0.168,0.168,0.167,0.167,1561.23
1766494800,0.167,0.168,0.167,0.168,1026.1
1766495700,0.168,0.168,0.168,0.168,0.0
1766496600,0.168,0.168,0.166,0.167,52217.340000000004
1766497500,0.167,0.167,0.167,0.167,25711.210000000003
1766498400,0.167,0.167,0.167,0.167,9412.720000000001
1766499300,0.167,0.167,0.167,0.167,3994.46
1766500200,0.167,0.167,0.167,0.167,32859.85
1766501100,0.167,0.167,0.165,0.166,83308.7
1766502000,0.166,0.167,0.166,0.166,5175.75
1766502900,0.166,0.168,0.166,0.167,27402.63
1766503800,0.167,0.167,0.167,0.167,1159.21
1766504700,0.167,0.168,0.167,0.167,5637.59
1766505600,0.167,0.169,0.167,0.169,61231.35
1766506500,0.169,0.17,0.169,0.169,111101.51000000001
1766507400,0.169,0.17,0.169,0.169,45710.95
1766508300,0.169,0.171,0.169,0.171,103083.16
1766509200,0.171,0.171,0.17,0.17,134179.16
1766510100,0.17,0.171,0.169,0.17,27483.91
1766511000,0.169,0.17,0.169,0.169,492.53000000000003
1766511900,0.169,0.169,0.168,0.169,70703.09
1766512800,0.169,0.17,0.168,0.17,43671.26
1766513700,0.169,0.173,0.169,0.17,461753.74
1766514600,0.17,0.172,0.17,0.17,269685.88
1766515500,0.17,0.17,0.17,0.17,0.0
1766516400,0.17,0.171,0.169,0.17,21668.52
1766517300,0.17,0.17,0.17,0.17,1519.69
1766518200,0.17,0.17,0.17,0.17,64.62
1766519100,0.17,0.17,0.17,0.17,1196.74
1766520000,0.17,0.17,0.169,0.17,658.82
1766520900,0.169,0.17,0.169,0.17,467.0
1766521800,0.17,0.171,0.17,0.171,50847.62
1766522700,0.171,0.171,0.169,0.169,68423.52
1766523600,0.169,0.17,0.169,0.17,3502.09
1766524500,0.17,0.17,0.17,0.17,454.07
1766525400,0.17,0.17,0.17,0.17,77.55
1766526300,0.17,0.17,0.169,0.169,136.72
1766527200,0.169,0.169,0.169,0.169,3895.41
1766528100,0.169,0.169,0.168,0.168,92414.02
1766529000,0.168,0.169,0.168,0.169,32614.2
1766529900,0.169,0.169,0.169,0.169,0.0
1766530800,0.169,0.169,0.168,0.169,5699.37
1766531700,0.169,0.169,0.169,0.169,18266.57
1766532600,0.17,0.17,0.168,0.169,17153.6
1766533500,0.169,0.169,0.169,0.169,102.56
1766534400,0.169,0.17,0.168,0.168,36003.17
1766535300,0.168,0.169,0.168,0.169,637.02
1766536200,0.169,0.169,0.169,0.169,1204.56
1766537100,0.169,0.17,0.168,0.168,15433.05
1766538000,0.169,0.17,0.169,0.17,22890.93
1766538900,0.17,0.17,0.169,0.169,10066.16
1766539800,0.169,0.169,0.168,0.169,22709.59
1766540700,0.169,0.169,0.169,0.169,92.24
1766541600,0.169,0.169,0.169,0.169,29.58
1766542500,0.169,0.169,0.168,0.168,50419.75
1766543400,0.168,0.169,0.167,0.168,134650.4
1766544300,0.168,0.168,0.167,0.168,1564.6699999999998
1766545200,0.168,0.168,0.167,0.167,5587.65
1766546100,0.167,0.169,0.167,0.168,25096.920000000002
1766547000,0.168,0.168,0.168,0.168,14228.76
1766547900,0.168,0.168,0.168,0.168,310.0
1766548800,0.168,0.169,0.168,0.169,12786.75
1766549700,0.169,0.169,0.169,0.169,0.0
1766550600,0.168,0.168,0.167,0.168,20946.11
1766551500,0.168,0.168,0.168,0.168,0.0
1766552400,0.168,0.168,0.167,0.167,302.71
1766553300,0.167,0.167,0.167,0.167,0.0
1766554200,0.167,0.168,0.167,0.168,16171.51
1766555100,0.168,0.168,0.167,0.167,36115.18
1766556000,0.167,0.167,0.167,0.167,0.0
1766556900,0.167,0.168,0.167,0.168,3013.48
1766557800,0.168,0.168,0.167,0.168,162.28
1766558700,0.168,0.168,0.168,0.168,2165.03
1766559600,0.168,0.168,0.168,0.168,1429.48
1766560500,0.168,0.168,0.167,0.167,774.43
1766561400,0.167,0.169,0.167,0.168,10480.95
1766562300,0.168,0.168,0.167,0.167,572.95
1766563200,0.167,0.167,0.167,0.167,0.0
1766564100,0.167,0.168,0.167,0.167,122.37
1766565000,0.167,0.168,0.167,0.168,2877.27
1766565900,0.168,0.168,0.167,0.167,836.0899999999999
1766566800,0.167,0.167,0.167,0.167,0.0
1766567700,0.167,0.167,0.167,0.167,2760.07
1766568600,0.167,0.168,0.167,0.168,205.87
1766569500,0.168,0.169,0.167,0.168,35878.2
1766570400,0.168,0.169,0.167,0.169,8297.4
1766571300,0.169,0.169,0.168,0.168,2595.76
1766572200,0.168,0.169,0.168,0.169,3594.27
1766573100,0.169,0.169,0.168,0.168,1656.52
1766574000,0.168,0.168,0.168,0.168,700.75
1766574900,0.168,0.168,0.168,0.168,708.24
1766575800,0.168,0.169,0.168,0.168,281.52
1766576700,0.168,0.168,0.168,0.168,7238.08
1766577600,0.168,0.169,0.168,0.168,3343.1899999999996
1766578500,0.168,0.169,0.168,0.169,3233.8
1766579400,0.168,0.169,0.168,0.169,41247.17
1766580300,0.169,0.17,0.169,0.169,43128.950000000004
1766581200,0.169,0.169,0.169,0.169,0.0
1766582100,0.169,0.169,0.169,0.169,104.59
1766583000,0.169,0.17,0.169,0.17,73123.11
1766583900,0.17,0.17,0.169,0.169,3952.0299999999997
1766584800,0.169,0.17,0.169,0.169,8720.47
1766585700,0.169,0.17,0.169,0.169,5481.91
1766586600,0.169,0.17,0.168,0.168,153186.05
1766587500,0.169,0.169,0.169,0.169,47040.97
1766588400,0.169,0.169,0.169,0.169,19309.97
1766589300,0.169,0.169,0.168,0.168,12228.33
1766590200,0.169,0.17,0.169,0.17,21703.61
1766591100,0.17,0.17,0.169,0.169,23556.28
1766592000,0.169,0.17,0.169,0.17,257.71
1766592900,0.17,0.17,0.169,0.169,19735.18
1766593800,0.169,0.171,0.169,0.171,160096.74
1766594700,0.171,0.171,0.171,0.171,0.0
1766595600,0.171,0.171,0.17,0.17,1844.7800000000002
1766596500,0.17,0.171,0.17,0.171,3057.37
1766597400,0.171,0.171,0.17,0.171,1161.53
1766598300,0.171,0.171,0.17,0.17,8120.3
1766599200,0.169,0.171,0.169,0.169,56979.4
1766600100,0.169,0.171,0.169,0.171,14527.58
1766601000,0.171,0.171,0.17,0.171,7644.58
1766601900,0.171,0.171,0.17,0.17,35943.43
1766602800,0.17,0.171,0.17,0.171,97.97999999999999
1766603700,0.171,0.171,0.17,0.17,260.05
1766604600,0.17,0.171,0.17,0.171,258.98
1766605500,0.171,0.172,0.171,0.172,100067.97
1766606400,0.172,0.172,0.171,0.171,39.84
1766607300,0.171,0.172,0.171,0.171,1676.8
1766608200,0.171,0.172,0.171,0.172,1305.74
1766609100,0.172,0.172,0.171,0.171,5195.65
1766610000,0.171,0.172,0.171,0.172,1038.6399999999999
1766610900,0.172,0.172,0.171,0.171,245.24
1766611800,0.171,0.172,0.171,0.172,407.70000000000005
1766612700,0.172,0.172,0.171,0.172,1999.98
1766613600,0.172,0.172,0.172,0.172,0.0
1766614500,0.172,0.172,0.172,0.172,0.0
1766615400,0.172,0.173,0.171,0.173,58317.35
1766616300,0.172,0.173,0.172,0.172,3508.8999999999996
1766617200,0.172,0.172,0.172,0.172,17288.08
1766618100,0.172,0.172,0.172,0.172,0.0
1766619000,0.172,0.172,0.172,0.172,59.83
1766619900,0.172,0.172,0.172,0.172,730.31
1766620800,0.172,0.172,0.172,0.172,7643.41
1766621700,0.172,0.172,0.171,0.172,3879.92
1766622600,0.172,0.172,0.172,0.172,0.0
1766623500,0.172,0.172,0.171,0.171,383.59
1766624400,0.171,0.171,0.171,0.171,31.15
1766625300,0.171,0.172,0.171,0.172,71.84
1766626200,0.172,0.172,0.172,0.172,3892.77
1766627100,0.172,0.173,0.171,0.172,18457.72
1766628000,0.172,0.173,0.172,0.173,9566.87
1766628900,0.173,0.173,0.172,0.172,525.44
1766629800,0.172,0.173,0.172,0.173,1775.48
1766630700,0.173,0.173,0.173,0.173,2596.44
1766631600,0.172,0.172,0.172,0.172,65.76
1766632500,0.172,0.172,0.172,0.172,0.0
1766633400,0.172,0.173,0.172,0.172,139.87
1766634300,0.172,0.173,0.172,0.173,280.0
1766635200,0.173,0.173,0.172,0.173,1340.56
1766636100,0.173,0.173,0.172,0.173,638.64
1766637000,0.173,0.173,0.172,0.173,1369.95
1766637900,0.173,0.173,0.173,0.173,2890.17
1766638800,0.173,0.173,0.172,0.172,35467.5
1766639700,0.172,0.173,0.172,0.173,29.57
1766640600,0.173,0.173,0.172,0.173,175.79000000000002
1766641500,0.173,0.173,0.172,0.172,76.22
1766642400,0.172,0.172,0.172,0.172,76.66
1766643300,0.172,0.172,0.172,0.172,2979.1099999999997
1766644200,0.172,0.173,0.172,0.173,6082.96
1766645100,0.172,0.173,0.172,0.172,1205.21
1766646000,0.172,0.173,0.172,0.173,728.92
1766646900,0.173,0.173,0.172,0.172,1323.1200000000001
1766647800,0.172,0.173,0.172,0.173,125.13
1766648700,0.173,0.173,0.172,0.172,118.39999999999999
1766649600,0.172,0.173,0.172,0.173,7629.0
1766650500,0.173,0.173,0.171,0.172,68506.81999999999
1766651400,0.172,0.172,0.172,0.172,38503.5
1766652300,0.172,0.173,0.172,0.173,22394.280000000002
1766653200,0.173,0.173,0.172,0.172,29015.88
1766654100,0.173,0.173,0.172,0.172,783.89
1766655000,0.172,0.173,0.172,0.173,5731.87
1766655900,0.173,0.173,0.173,0.173,2275.73
1766656800,0.173,0.173,0.172,0.172,2210.02
1766657700,0.172,0.173,0.172,0.173,147022.11000000002
1766658600,0.173,0.173,0.171,0.172,120392.58
1766659500,0.172,0.172,0.171,0.171,22049.81
1766660400,0.171,0.172,0.171,0.172,9190.7
1766661300,0.172,0.172,0.171,0.172,32129.800000000003
1766662200,0.172,0.172,0.172,0.172,8092.91
1766663100,0.172,0.172,0.171,0.172,14522.36
1766664000,0.172,0.172,0.171,0.172,12434.4
1766664900,0.172,0.173,0.172,0.172,7752.68
1766665800,0.172,0.173,0.172,0.173,296.48
1766666700,0.173,0.173,0.172,0.172,431.02
1766667600,0.172,0.172,0.172,0.172,0.0
1766668500,0.172,0.172,0.172,0.172,64461.35
1766669400,0.172,0.173,0.172,0.173,1854.61
1766670300,0.173,0.173,0.172,0.172,2035.2
1766671200,0.172,0.172,0.172,0.172,2725.93
1766672100,0.172,0.172,0.172,0.172,25569.65
1766673000,0.172,0.173,0.172,0.173,16222.91
1766673900,0.172,0.173,0.172,0.172,11643.779999999999
1766674800,0.172,0.172,0.172,0.172,18635.789999999997
1766675700,0.172,0.173,0.171,0.173,73374.85
1766676600,0.173,0.174,0.173,0.173,45154.29
1766677500,0.172,0.173,0.172,0.172,18006.5
1766678400,0.172,0.173,0.172,0.173,12668.380000000001
1766679300,0.173,0.174,0.173,0.173,33304.01
1766680200,0.173,0.174,0.172,0.173,31003.04
1766681100,0.172,0.173,0.171,0.172,95124.23999999999
1766682000,0.172,0.172,0.172,0.172,718.99
1766682900,0.172,0.173,0.172,0.173,6495.8
1766683800,0.172,0.173,0.172,0.173,16434.49
1766684700,0.173,0.173,0.173,0.173,8100.0
1766685600,0.172,0.173,0.172,0.173,150374.2
1766686500,0.173,0.174,0.173,0.173,39256.14
1766687400,0.173,0.174,0.173,0.173,37260.770000000004
1766688300,0.173,0.173,0.173,0.173,22997.78
1766689200,0.173,0.174,0.173,0.173,5249.0199999999995
1766690100,0.173,0.173,0.173,0.173,57334.8
1766691000,0.173,0.173,0.173,0.173,14893.829999999998
1766691900,0.173,0.174,0.173,0.173,900.13
1766692800,0.173,0.173,0.173,0.173,8495.949999999999
1766693700,0.173,0.173,0.172,0.173,64104.149999999994
1766694600,0.173,0.173,0.172,0.173,35119.24
1766695500,0.173,0.174,0.172,0.173,20553.52
1766696400,0.173,0.173,0.173,0.173,0.0
1766697300,0.173,0.174,0.173,0.174,265.09
1766698200,0.174,0.174,0.174,0.174,0.0
1766699100,0.174,0.174,0.174,0.174,16000.0
1766700000,0.174,0.174,0.173,0.174,21086.18
1766700900,0.174,0.174,0.173,0.174,12038.15
1766701800,0.174,0.174,0.173,0.173,16273.22
1766702700,0.173,0.173,0.172,0.172,123454.26000000001
1766703600,0.173,0.174,0.172,0.173,73102.31
1766704500,0.173,0.173,0.172,0.173,24490.16
1766705400,0.172,0.173,0.171,0.171,268333.14
1766706300,0.171,0.172,0.17,0.171,281057.14
1766707200,0.171,0.172,0.17,0.171,114649.37
1766708100,0.172,0.172,0.17,0.17,40720.54
1766709000,0.17,0.172,0.17,0.171,26234.42
1766709900,0.171,0.171,0.17,0.171,25978.19
1766710800,0.171,0.172,0.17,0.172,50831.97
1766711700,0.172,0.172,0.17,0.171,40793.97
1766712600,0.171,0.172,0.171,0.172,1436.43
1766713500,0.172,0.172,0.172,0.172,0.0
1766714400,0.172,0.173,0.172,0.173,85317.40000000001
1766715300,0.174,0.175,0.173,0.174,325507.79000000004
1766716200,0.174,0.175,0.174,0.175,333126.59
1766717100,0.175,0.175,0.175,0.175,19225.13
1766718000,0.175,0.175,0.174,0.174,3963.14
1766718900,0.174,0.174,0.174,0.174,138049.1
1766719800,0.173,0.174,0.173,0.174,78.69
1766720700,0.174,0.174,0.174,0.174,743.99
1766721600,0.174,0.174,0.173,0.173,35754.88
1766722500,0.173,0.174,0.173,0.174,2840.2599999999998
1766723400,0.173,0.174,0.173,0.174,16159.25
1766724300,0.174,0.174,0.174,0.174,20744.85
1766725200,0.174,0.174,0.173,0.173,20685.72
1766726100,0.173,0.175,0.173,0.174,23551.97
1766727000,0.174,0.174,0.174,0.174,8220.220000000001
1766727900,0.174,0.174,0.174,0.174,0.0
1766728800,0.174,0.174,0.174,0.174,0.0
1766729700,0.174,0.174,0.174,0.174,0.0
1766730600,0.174,0.175,0.174,0.175,2740.41
1766731500,0.175,0.175,0.175,0.175,34.28
1766732400,0.175,0.175,0.174,0.175,7890.78
1766733300,0.175,0.175,0.175,0.175,80263.08
1766734200,0.175,0.175,0.174,0.174,58626.61
1766735100,0.174,0.175,0.172,0.173,233302.4
1766736000,0.173,0.174,0.173,0.174,9330.210000000001
1766736900,0.174,0.174,0.173,0.173,3203.92
1766737800,0.173,0.174,0.173,0.174,833.67
1766738700,0.174,0.174,0.173,0.173,3204.76
1766739600,0.173,0.174,0.173,0.173,317.29
1766740500,0.173,0.174,0.173,0.174,701.71
1766741400,0.174,0.174,0.173,0.174,21172.09
1766742300,0.174,0.175,0.173,0.175,14504.69
1766743200,0.175,0.175,0.174,0.175,1273.31
1766744100,0.174,0.175,0.174,0.174,3014.83
1766745000,0.174,0.175,0.174,0.174,842.55
1766745900,0.174,0.175,0.174,0.175,3439.65
1766746800,0.175,0.175,0.174,0.174,5332.28
1766747700,0.174,0.175,0.174,0.175,1068.21
1766748600,0.175,0.175,0.174,0.174,2565.59
1766749500,0.174,0.175,0.174,0.175,284.09
1766750400,0.175,0.175,0.174,0.175,643.37
1766751300,0.175,0.175,0.174,0.174,810.98
1766752200,0.174,0.176,0.174,0.175,21512.43
1766753100,0.176,0.176,0.175,0.175,62658.130000000005
1766754000,0.175,0.175,0.175,0.175,1995.94
1766754900,0.175,0.176,0.175,0.176,1025.29
1766755800,0.176,0.176,0.175,0.175,81.61
1766756700,0.175,0.177,0.175,0.176,86075.85
1766757600,0.176,0.176,0.175,0.175,128.09
1766758500,0.175,0.175,0.175,0.175,0.0
1766759400,0.175,0.175,0.174,0.175,49052.909999999996
1766760300,0.175,0.175,0.173,0.173,155856.52
1766761200,0.173,0.173,0.172,0.173,92498.69
1766762100,0.173,0.173,0.172,0.173,3451.19
1766763000,0.173,0.173,0.172,0.173,18278.56
1766763900,0.173,0.173,0.173,0.173,26744.8
1766764800,0.173,0.173,0.172,0.172,14696.72
1766765700,0.173,0.173,0.173,0.173,6379.26
1766766600,0.173,0.173,0.172,0.172,3250.69
1766767500,0.172,0.173,0.172,0.172,100960.37
1766768400,0.172,0.173,0.172,0.173,2029.3
1766769300,0.173,0.173,0.172,0.173,10952.71
1766770200,0.173,0.173,0.173,0.173,25999.09
1766771100,0.173,0.174,0.173,0.173,175.67
1766772000,0.173,0.173,0.173,0.173,361.73
1766772900,0.173,0.174,0.173,0.174,39.84
1766773800,0.174,0.174,0.173,0.173,704.89
1766774700,0.173,0.173,0.173,0.173,11848.01
1766775600,0.173,0.174,0.173,0.173,395.53999999999996
1766776500,0.173,0.174,0.173,0.174,491.78000000000003
1766777400,0.174,0.174,0.173,0.174,244.22000000000003
1766778300,0.174,0.174,0.174,0.174,91.89
1766779200,0.173,0.173,0.173,0.173,91.04
1766780100,0.173,0.174,0.173,0.174,11640.22
1766781000,0.174,0.174,0.174,0.174,11915.55
1766781900,0.174,0.174,0.174,0.174,446.92
1766782800,0.174,0.174,0.173,0.173,144.3
1766783700,0.173,0.174,0.173,0.174,600.0
1766784600,0.174,0.174,0.173,0.173,1141.72
1766785500,0.173,0.174,0.173,0.173,83.3
1766786400,0.173,0.173,0.173,0.173,6083.78
1766787300,0.173,0.173,0.173,0.173,0.0
1766788200,0.173,0.173,0.172,0.173,2943.02
1766789100,0.173,0.173,0.173,0.173,311.09
1766790000,0.173,0.173,0.172,0.172,1471.01
1766790900,0.172,0.173,0.172,0.173,43.28
1766791800,0.173,0.173,0.172,0.173,872.0000000000001
1766792700,0.173,0.173,0.173,0.173,370.58
1766793600,0.173,0.173,0.173,0.173,340.17
1766794500,0.173,0.173,0.173,0.173,1156.06
1766795400,0.173,0.174,0.173,0.173,38033.18
1766796300,0.173,0.173,0.173,0.173,0.0
1766797200,0.173,0.173,0.173,0.173,0.0
1766798100,0.173,0.173,0.172,0.172,12512.19
1766799000,0.172,0.172,0.172,0.172,1442.76
1766799900,0.172,0.174,0.172,0.174,12563.550000000001
1766800800,0.174,0.174,0.174,0.174,836.47
1766801700,0.174,0.174,0.173,0.173,822.27
1766802600,0.173,0.174,0.173,0.173,806.74
1766803500,0.173,0.173,0.173,0.173,5363.43
1766804400,0.173,0.173,0.173,0.173,2469.17
1766805300,0.173,0.173,0.173,0.173,0.0
1766806200,0.173,0.174,0.173,0.173,60.03
1766807100,0.173,0.173,0.173,0.173,1148.31
1766808000,0.173,0.173,0.173,0.173,0.0
1766808900,0.173,0.173,0.173,0.173,0.0
1766809800,0.173,0.174,0.173,0.173,17848.88
1766810700,0.173,0.173,0.173,0.173,2209.41
1766811600,0.173,0.173,0.173,0.173,0.0
1766812500,0.173,0.173,0.173,0.173,0.0
1766813400,0.173,0.174,0.173,0.173,676.79
1766814300,0.173,0.173,0.173,0.173,0.0
1766815200,0.173,0.173,0.173,0.173,0.0
1766816100,0.173,0.173,0.173,0.173,14111.98
1766817000,0.173,0.173,0.173,0.173,3103.24
1766817900,0.173,0.173,0.173,0.173,3000.0
1766818800,0.173,0.173,0.173,0.173,471.3
1766819700,0.173,0.174,0.173,0.174,167.46
1766820600,0.174,0.174,0.173,0.174,271.62
1766821500,0.174,0.174,0.174,0.174,36.38
1766822400,0.174,0.174,0.172,0.172,193564.19
1766823300,0.172,0.173,0.172,0.172,445.17999999999995
1766824200,0.172,0.173,0.172,0.172,22392.62
1766825100,0.172,0.172,0.172,0.172,11064.83
1766826000,0.172,0.172,0.167,0.167,2186721.5
1766826900,0.167,0.168,0.164,0.165,1927170.61
1766827800,0.164,0.165,0.152,0.154,7323751.4399999995
1766828700,0.154,0.155,0.139,0.148,14992115.139999999
1766829600,0.148,0.154,0.148,0.149,1742407.58
1766830500,0.148,0.149,0.131,0.133,23775151.55
1766831400,0.133,0.134,0.104,0.125,87269286.81
1766832300,0.126,0.13,0.12,0.124,17402531.4
1766833200,0.124,0.127,0.079,0.094,92752662.99000001
1766834100,0.094,0.104,0.083,0.097,68499474.12
1766835000,0.096,0.104,0.095,0.102,22572247.3
1766835900,0.101,0.106,0.095,0.096,17263104.32
1766836800,0.096,0.104,0.093,0.102,16264554.67
1766837700,0.102,0.107,0.101,0.106,8238995.07
1766838600,0.106,0.108,0.102,0.103,7279929.37
1766839500,0.103,0.107,0.095,0.097,10632469.94
1766840400,0.096,0.1,0.094,0.097,20263042.16
1766841300,0.097,0.103,0.097,0.101,12027885.68
1766842200,0.101,0.102,0.098,0.101,5790357.6
1766843100,0.101,0.104,0.1,0.104,4906121.35
1766844000,0.104,0.104,0.102,0.103,5714371.25
1766844900,0.103,0.105,0.098,0.099,7421091.8100000005
1766845800,0.099,0.102,0.098,0.101,6423029.31
1766846700,0.1,0.102,0.098,0.101,4991103.58
1766847600,0.101,0.104,0.1,0.102,5808442.28
1766848500,0.101,0.103,0.1,0.103,4308079.88
1766849400,0.102,0.105,0.101,0.102,6889628.83
1766850300,0.101,0.105,0.101,0.105,6787516.35
1766851200,0.104,0.107,0.098,0.101,13981089.370000001
1766852100,0.101,0.108,0.1,0.105,10129685.16
1766853000,0.104,0.106,0.103,0.105,5882758.05
1766853900,0.104,0.106,0.102,0.102,4109768.14
1766854800,0.102,0.104,0.1,0.1,8098194.720000001
1766855700,0.1,0.103,0.1,0.1,5706278.64
1766856600,0.101,0.103,0.1,0.102,2555309.59
1766857500,0.102,0.103,0.098,0.102,7311789.96
1766858400,0.102,0.105,0.101,0.103,6350651.87
1766859300,0.102,0.104,0.102,0.103,2368072.66
1766860200,0.102,0.103,0.101,0.102,2012680.67
1766861100,0.103,0.105,0.101,0.104,3334041.95
1766862000,0.104,0.104,0.102,0.104,2267315.02
1766862900,0.104,0.106,0.103,0.105,3488436.51
1766863800,0.105,0.107,0.104,0.105,3953864.6100000003
1766864700,0.106,0.106,0.104,0.105,3461846.79
1766865600,0.105,0.105,0.104,0.104,330436.13
1766866500,0.104,0.105,0.103,0.104,1116111.89
1766867400,0.104,0.104,0.102,0.104,1297211.18
1766868300,0.104,0.111,0.102,0.111,9377666.6
1766869200,0.111,0.117,0.109,0.117,12932929.24
1766870100,0.117,0.117,0.112,0.114,5974917.65
1766871000,0.114,0.114,0.109,0.11,3013374.44
1766871900,0.111,0.112,0.11,0.11,973171.72
1766872800,0.111,0.112,0.109,0.11,5613737.0
1766873700,0.11,0.115,0.109,0.114,4328416.11
1766874600,0.114,0.115,0.111,0.113,5494184.17
1766875500,0.113,0.115,0.113,0.115,1674882.69
1766876400,0.115,0.116,0.113,0.115,2048901.79
1766877300,0.114,0.117,0.111,0.112,4385963.57
1766878200,0.112,0.113,0.111,0.113,4217348.12
1766879100,0.113,0.113,0.11,0.111,10079191.57
1766880000,0.111,0.113,0.109,0.109,8517829.12
1766880900,0.109,0.11,0.106,0.107,7526723.38
1766881800,0.106,0.109,0.1,0.104,11453399.42
1766882700,0.104,0.111,0.103,0.111,9265845.74
1766883600,0.111,0.114,0.109,0.112,3820134.23
1766884500,0.112,0.115,0.11,0.115,4449636.44
1766885400,0.114,0.118,0.114,0.115,5024236.2
1766886300,0.115,0.118,0.113,0.117,3521229.87
1766887200,0.117,0.117,0.113,0.115,6612131.8100000005
1766888100,0.114,0.116,0.109,0.112,7174167.09
1766889000,0.112,0.115,0.11,0.114,925468.2200000001
1766889900,0.115,0.115,0.111,0.112,3290452.47
1766890800,0.111,0.112,0.109,0.111,2226093.85
1766891700,0.111,0.113,0.111,0.112,2536996.79
1766892600,0.112,0.114,0.11,0.111,2921641.33
1766893500,0.112,0.113,0.109,0.112,3406255.94
1766894400,0.111,0.112,0.11,0.112,2115037.35
1766895300,0.111,0.112,0.11,0.111,1069858.01
1766896200,0.111,0.111,0.109,0.109,1785641.36
1766897100,0.109,0.111,0.106,0.108,3434107.7800000003
1766898000,0.108,0.111,0.107,0.111,5171028.82
1766898900,0.111,0.112,0.11,0.112,2025846.8599999999
1766899800,0.111,0.114,0.111,0.114,3308818.21
1766900700,0.114,0.116,0.111,0.115,4711879.64
1766901600,0.114,0.116,0.113,0.113,1981693.63
1766902500,0.113,0.115,0.11,0.111,4476765.86
1766903400,0.112,0.114,0.111,0.113,1127811.73
1766904300,0.113,0.116,0.111,0.116,4951080.27
1766905200,0.115,0.116,0.114,0.116,2519626.18
1766906100,0.116,0.116,0.114,0.115,1781783.62
1766907000,0.115,0.117,0.115,0.117,3096053.0
1766907900,0.117,0.117,0.115,0.116,2521582.7600000002
1766908800,0.115,0.116,0.113,0.116,2387463.97
1766909700,0.116,0.116,0.113,0.113,1045916.83
1766910600,0.113,0.114,0.112,0.114,3386426.62
1766911500,0.114,0.115,0.113,0.114,1784188.91
1766912400,0.114,0.114,0.113,0.114,637898.86
1766913300,0.114,0.115,0.113,0.114,923674.18
1766914200,0.113,0.115,0.113,0.114,1145451.45
1766915100,0.113,0.114,0.112,0.113,1329677.73
1766916000,0.112,0.114,0.111,0.114,2454699.14
1766916900,0.114,0.115,0.113,0.115,1503047.86
1766917800,0.114,0.116,0.113,0.115,2878694.7800000003
1766918700,0.115,0.116,0.114,0.114,1409274.59
1766919600,0.114,0.117,0.112,0.116,9824967.8
1766920500,0.117,0.117,0.112,0.115,8274153.1
1766921400,0.115,0.116,0.112,0.113,4674497.19
1766922300,0.114,0.115,0.113,0.115,1007539.44
1766923200,0.114,0.116,0.113,0.113,2675341.37
1766924100,0.114,0.115,0.113,0.113,1337554.89
1766925000,0.113,0.116,0.113,0.115,4053936.06
1766925900,0.114,0.116,0.114,0.115,1625362.53
1766926800,0.115,0.117,0.115,0.116,2214987.08
1766927700,0.116,0.116,0.113,0.114,1393617.01
1766928600,0.113,0.114,0.112,0.113,3713644.4000000004
1766929500,0.114,0.114,0.112,0.113,3462395.1799999997
1766930400,0.113,0.114,0.112,0.113,1497153.49
1766931300,0.113,0.114,0.112,0.113,4077088.93
1766932200,0.113,0.114,0.111,0.112,3674715.42
1766933100,0.113,0.113,0.112,0.113,388059.22000000003
1766934000,0.113,0.113,0.11,0.11,1928866.34
1766934900,0.11,0.111,0.109,0.11,2196889.36
1766935800,0.109,0.112,0.108,0.109,4283758.15
1766936700,0.109,0.111,0.109,0.11,2036523.21
1766937600,0.11,0.11,0.107,0.108,2238768.42
1766938500,0.109,0.109,0.107,0.108,1422389.67
1766939400,0.108,0.109,0.106,0.109,3008336.17
1766940300,0.108,0.11,0.107,0.108,1486433.24
1766941200,0.108,0.109,0.106,0.108,2723690.77
1766942100,0.108,0.108,0.106,0.107,1210531.52
1766943000,0.107,0.108,0.106,0.108,789265.36
1766943900,0.108,0.108,0.106,0.107,1968647.2
1766944800,0.106,0.107,0.105,0.107,1813259.0399999998
1766945700,0.107,0.107,0.106,0.106,775992.37
1766946600,0.106,0.107,0.106,0.107,512022.82
1766947500,0.106,0.107,0.105,0.106,596903.95
1766948400,0.105,0.106,0.105,0.106,519531.91000000003
1766949300,0.106,0.108,0.105,0.106,1026208.8099999999
1766950200,0.106,0.107,0.105,0.107,1388842.1
1766951100,0.107,0.108,0.106,0.106,3287358.25
1766952000,0.106,0.107,0.104,0.105,1592784.21
1766952900,0.105,0.106,0.104,0.106,575106.39
1766953800,0.105,0.106,0.104,0.105,651483.26
1766954700,0.106,0.106,0.104,0.105,512339.02
1766955600,0.105,0.106,0.104,0.104,587813.21
1766956500,0.105,0.105,0.104,0.104,376323.68
1766957400,0.104,0.105,0.099,0.102,5740341.75
1766958300,0.102,0.104,0.102,0.103,1353182.02
1766959200,0.102,0.103,0.102,0.103,417970.03
1766960100,0.103,0.103,0.101,0.101,300684.75
1766961000,0.101,0.102,0.1,0.101,460994.24
1766961900,0.101,0.103,0.1,0.103,589542.93
1766962800,0.102,0.103,0.101,0.102,939744.14
1766963700,0.102,0.103,0.101,0.101,2561060.96
1766964600,0.101,0.101,0.099,0.099,1944286.69
1766965500,0.1,0.1,0.098,0.099,2586118.74
1766966400,0.099,0.099,0.097,0.097,665400.79
1766967300,0.097,0.098,0.095,0.095,2546457.0100000002
1766968200,0.096,0.101,0.095,0.099,4986978.29
1766969100,0.099,0.1,0.097,0.098,983556.2000000001
1766970000,0.098,0.1,0.096,0.099,2578224.37
1766970900,0.1,0.101,0.099,0.1,2382251.63
1766971800,0.1,0.104,0.1,0.102,2320825.87
1766972700,0.102,0.104,0.101,0.102,1557418.73
1766973600,0.102,0.106,0.102,0.104,4872954.4
1766974500,0.103,0.108,0.102,0.106,17179558.56
1766975400,0.106,0.109,0.105,0.106,8317061.33
1766976300,0.105,0.108,0.103,0.103,7369664.1
1766977200,0.103,0.105,0.102,0.104,1992806.07
1766978100,0.104,0.105,0.103,0.103,2187602.84
1766979000,0.104,0.107,0.1,0.103,6016943.31
1766979900,0.104,0.106,0.101,0.103,2672589.83
1766980800,0.103,0.104,0.102,0.102,2355986.84
1766981700,0.102,0.103,0.101,0.102,1714433.04
1766982600,0.101,0.103,0.101,0.102,703599.92
1766983500,0.101,0.103,0.101,0.101,1034214.8899999999
1766984400,0.101,0.102,0.097,0.098,4903572.97
1766985300,0.099,0.099,0.096,0.097,2284348.0300000003
1766986200,0.097,0.099,0.096,0.097,2055900.25
1766987100,0.097,0.1,0.097,0.099,1715860.93
1766988000,0.098,0.1,0.098,0.099,1325230.22
1766988900,0.098,0.1,0.098,0.099,2670353.5
1766989800,0.099,0.101,0.099,0.1,1576328.46
1766990700,0.101,0.101,0.099,0.101,893691.9
1766991600,0.101,0.101,0.099,0.099,866895.32
1766992500,0.099,0.101,0.099,0.099,825369.4199999999
1766993400,0.1,0.101,0.099,0.101,679842.8200000001
1766994300,0.1,0.102,0.1,0.101,776730.51
1766995200,0.101,0.101,0.099,0.099,861728.58
1766996100,0.099,0.1,0.099,0.099,657215.96
1766997000,0.099,0.1,0.098,0.099,1174625.26
1766997900,0.099,0.101,0.098,0.1,1386116.78
1766998800,0.1,0.102,0.099,0.101,1545890.31
1766999700,0.101,0.102,0.1,0.1,2280995.41
1767000600,0.1,0.101,0.099,0.099,999283.4
1767001500,0.099,0.101,0.098,0.099,1252926.18
1767002400,0.098,0.099,0.097,0.099,2935442.93
1767003300,0.099,0.099,0.098,0.099,553363.5
1767004200,0.098,0.099,0.098,0.098,536733.76
1767005100,0.098,0.099,0.095,0.096,2305531.39
1767006000,0.096,0.097,0.095,0.097,1115541.7
1767006900,0.096,0.098,0.096,0.098,1650647.8699999999
1767007800,0.098,0.098,0.097,0.098,299223.52999999997
1767008700,0.098,0.098,0.097,0.098,792607.86
1767009600,0.098,0.098,0.097,0.097,1330631.3299999998
1767010500,0.098,0.099,0.097,0.097,1686330.79
1767011400,0.098,0.099,0.096,0.097,1193792.02
1767012300,0.097,0.098,0.096,0.098,638595.9299999999
1767013200,0.098,0.099,0.097,0.099,484599.36
1767014100,0.098,0.099,0.098,0.099,510172.08
1767015000,0.099,0.1,0.098,0.099,2075974.12
1767015900,0.098,0.1,0.098,0.098,344447.43000000005
1767016800,0.099,0.1,0.097,0.099,2524427.9699999997
1767017700,0.098,0.099,0.097,0.099,999185.62
1767018600,0.098,0.099,0.098,0.099,679379.0700000001
1767019500,0.098,0.099,0.098,0.098,495726.97000000003
1767020400,0.098,0.1,0.098,0.099,1241092.21
1767021300,0.099,0.101,0.099,0.101,1839992.6700000002
1767022200,0.1,0.102,0.1,0.101,1009722.28
1767023100,0.101,0.102,0.101,0.102,400691.83
1767024000,0.102,0.102,0.1,0.1,1716054.56
1767024900,0.1,0.101,0.099,0.1,1153559.3599999999
1767025800,0.099,0.1,0.099,0.1,170204.21
1767026700,0.1,0.1,0.098,0.098,1235342.12
1767027600,0.098,0.099,0.094,0.094,3604586.79
1767028500,0.094,0.097,0.094,0.096,4369843.8
1767029400,0.097,0.097,0.096,0.096,224526.71
1767030300,0.097,0.097,0.096,0.097,216845.75999999998
1767031200,0.097,0.097,0.096,0.097,74691.67
1767032100,0.097,0.098,0.096,0.096,830280.57
1767033000,0.096,0.097,0.096,0.096,300756.53
1767033900,0.097,0.097,0.096,0.096,419968.38
1767034800,0.097,0.097,0.096,0.096,368691.29
1767035700,0.096,0.097,0.096,0.096,88474.48
1767036600,0.097,0.097,0.096,0.097,272582.63
1767037500,0.097,0.097,0.096,0.097,159795.16999999998
1767038400,0.097,0.097,0.096,0.096,130125.14
1767039300,0.096,0.097,0.096,0.097,866973.7
1767040200,0.096,0.098,0.096,0.098,1496818.03
1767041100,0.098,0.099,0.098,0.099,301615.31
1767042000,0.099,0.099,0.098,0.099,65753.73
1767042900,0.099,0.099,0.098,0.098,209274.95
1767043800,0.099,0.099,0.098,0.098,63569.5
1767044700,0.098,0.099,0.098,0.099,184519.69
1767045600,0.098,0.099,0.097,0.097,213834.97
1767046500,0.097,0.098,0.097,0.098,134564.87
1767047400,0.097,0.098,0.097,0.097,542458.5
1767048300,0.097,0.098,0.096,0.098,377560.59
1767049200,0.098,0.098,0.097,0.097,246624.14
1767050100,0.098,0.098,0.096,0.096,378457.99
1767051000,0.097,0.097,0.096,0.096,40830.54
1767051900,0.096,0.097,0.095,0.096,554508.02
1767052800,0.095,0.098,0.093,0.096,6223490.19
1767053700,0.095,0.096,0.095,0.095,139171.58
1767054600,0.095,0.096,0.094,0.095,485589.02999999997
1767055500,0.094,0.095,0.093,0.093,299732.89
1767056400,0.094,0.094,0.093,0.093,252406.86
1767057300,0.094,0.094,0.092,0.093,683357.97
1767058200,0.093,0.094,0.09,0.091,1524685.24
1767059100,0.091,0.091,0.088,0.09,2394786.26
1767060000,0.089,0.091,0.089,0.09,1247177.5699999998
1767060900,0.091,0.092,0.09,0.092,435357.73
1767061800,0.091,0.092,0.09,0.091,1720275.88
1767062700,0.091,0.092,0.089,0.09,1204770.23
1767063600,0.089,0.09,0.088,0.088,1183136.52
1767064500,0.089,0.089,0.086,0.087,4113850.91
1767065400,0.088,0.089,0.086,0.086,1793277.99
1767066300,0.087,0.09,0.086,0.089,1834855.1
1767067200,0.089,0.094,0.089,0.092,2988097.7600000002
1767068100,0.091,0.092,0.089,0.09,1590500.4
1767069000,0.09,0.091,0.089,0.09,1542964.81
1767069900,0.09,0.09,0.089,0.09,324847.63999999996
1767070800,0.09,0.092,0.089,0.091,831056.8300000001
1767071700,0.091,0.092,0.089,0.092,1136006.41
1767072600,0.091,0.092,0.09,0.091,967746.75
1767073500,0.091,0.093,0.091,0.092,306279.93
1767074400,0.093,0.093,0.092,0.092,254190.42
1767075300,0.093,0.096,0.091,0.095,2206817.02
1767076200,0.095,0.097,0.094,0.097,1093911.0
1767077100,0.097,0.099,0.094,0.095,4141089.67
1767078000,0.094,0.098,0.093,0.097,3104704.79
1767078900,0.096,0.097,0.094,0.094,2417036.9899999998
1767079800,0.094,0.097,0.093,0.096,2778661.51
1767080700,0.096,0.096,0.094,0.094,417212.31
1767081600,0.094,0.096,0.094,0.095,739602.93
1767082500,0.095,0.095,0.092,0.094,2176757.32
1767083400,0.094,0.095,0.092,0.094,3946173.9
1767084300,0.094,0.094,0.09,0.091,2276585.43
1767085200,0.091,0.092,0.089,0.091,3322462.36
1767086100,0.091,0.094,0.091,0.092,2498615.9299999997
1767087000,0.091,0.092,0.091,0.091,825211.7899999999
1767087900,0.091,0.092,0.09,0.092,876780.07
1767088800,0.092,0.092,0.09,0.091,1091756.4
1767089700,0.091,0.093,0.091,0.091,1916430.25
1767090600,0.092,0.093,0.091,0.092,392134.0
1767091500,0.093,0.093,0.092,0.093,1127025.7999999998
1767092400,0.093,0.093,0.092,0.093,208125.81
1767093300,0.092,0.093,0.092,0.093,45477.28
1767094200,0.093,0.093,0.092,0.093,150636.1
1767095100,0.093,0.093,0.091,0.092,644596.2000000001
1767096000,0.091,0.092,0.09,0.091,770118.5000000001
1767096900,0.091,0.091,0.09,0.09,840029.69
1767097800,0.091,0.092,0.09,0.09,471018.79000000004
1767098700,0.091,0.092,0.09,0.092,504733.6
1767099600,0.091,0.091,0.09,0.091,1434753.42
1767100500,0.091,0.091,0.09,0.091,403719.93
1767101400,0.09,0.091,0.09,0.09,76388.17
1767102300,0.091,0.091,0.09,0.091,115987.59
1767103200,0.091,0.091,0.09,0.09,581898.36
1767104100,0.09,0.091,0.09,0.091,213062.16
1767105000,0.091,0.091,0.089,0.09,197248.0
1767105900,0.09,0.091,0.089,0.09,692013.76
1767106800,0.09,0.091,0.089,0.091,1941431.8699999999
1767107700,0.091,0.092,0.09,0.092,2042093.44
1767108600,0.092,0.092,0.091,0.091,344307.14999999997
1767109500,0.091,0.092,0.091,0.091,944561.53
1767110400,0.091,0.092,0.091,0.091,374572.44
1767111300,0.091,0.092,0.091,0.091,142422.66999999998
1767112200,0.092,0.092,0.091,0.092,60625.63
1767113100,0.091,0.092,0.091,0.091,85590.81
1767114000,0.092,0.092,0.091,0.092,160416.74
1767114900,0.091,0.092,0.091,0.091,143071.75
1767115800,0.092,0.092,0.091,0.091,65097.04
1767116700,0.091,0.091,0.09,0.09,467657.09
1767117600,0.091,0.091,0.09,0.09,89377.14
1767118500,0.09,0.091,0.09,0.09,59114.76
1767119400,0.09,0.091,0.09,0.09,30104.510000000002
1767120300,0.091,0.091,0.09,0.091,350620.27
1767121200,0.091,0.091,0.09,0.091,185361.0
1767122100,0.091,0.091,0.09,0.09,144480.14
1767123000,0.091,0.092,0.09,0.091,297374.07
1767123900,0.092,0.092,0.091,0.091,71727.35
1767124800,0.091,0.092,0.091,0.091,278931.88
1767125700,0.092,0.092,0.09,0.091,306933.83999999997
1767126600,0.09,0.091,0.09,0.091,22500.99
1767127500,0.091,0.091,0.09,0.091,36870.57
1767128400,0.09,0.091,0.09,0.09,139989.76
1767129300,0.09,0.091,0.09,0.09,70987.99
1767130200,0.09,0.091,0.09,0.09,68809.21
1767131100,0.091,0.091,0.09,0.091,55212.130000000005
1767132000,0.091,0.091,0.09,0.09,62703.2
1767132900,0.091,0.092,0.09,0.091,447328.02
1767133800,0.092,0.092,0.091,0.092,300544.31
1767134700,0.092,0.092,0.091,0.092,45922.17
1767135600,0.092,0.092,0.09,0.091,1250233.85
1767136500,0.091,0.091,0.089,0.09,999048.78
1767137400,0.09,0.09,0.089,0.09,163467.27000000002
1767138300,0.089,0.09,0.088,0.088,682009.0099999999
1767139200,0.088,0.089,0.088,0.089,492307.11
1767140100,0.089,0.089,0.088,0.088,227131.46000000002
1767141000,0.089,0.089,0.088,0.089,170356.92
1767141900,0.088,0.089,0.088,0.089,171705.87
1767142800,0.088,0.088,0.087,0.087,510734.66
1767143700,0.088,0.09,0.087,0.09,1123817.13
1767144600,0.089,0.09,0.089,0.09,205405.0
1767145500,0.09,0.09,0.089,0.09,624095.8500000001
1767146400,0.09,0.09,0.089,0.09,637061.72
1767147300,0.089,0.09,0.088,0.089,952061.75
1767148200,0.089,0.089,0.088,0.089,68683.02
1767149100,0.089,0.09,0.088,0.09,746729.91
1767150000,0.089,0.09,0.089,0.089,37211.94
1767150900,0.09,0.09,0.089,0.09,126448.62999999999
1767151800,0.089,0.09,0.089,0.089,149744.44
1767152700,0.089,0.09,0.088,0.089,459934.89999999997
1767153600,0.089,0.09,0.088,0.089,614823.99
1767154500,0.089,0.09,0.088,0.088,1030933.7300000001
1767155400,0.089,0.089,0.088,0.089,211497.90000000002
1767156300,0.088,0.09,0.088,0.09,1217257.17
1767157200,0.09,0.09,0.089,0.09,227167.25
1767158100,0.089,0.09,0.088,0.09,924165.03
1767159000,0.089,0.09,0.089,0.09,159924.96
1767159900,0.089,0.09,0.089,0.09,795165.9
1767160800,0.09,0.09,0.089,0.09,320274.61
1767161700,0.09,0.09,0.089,0.09,625347.96
1767162600,0.09,0.09,0.089,0.09,236229.33
1767163500,0.09,0.09,0.089,0.09,834792.27
1767164400,0.09,0.091,0.09,0.091,338121.09
1767165300,0.09,0.091,0.09,0.09,251542.48
1767166200,0.091,0.091,0.09,0.091,198180.57
1767167100,0.091,0.091,0.09,0.091,95972.35
1767168000,0.09,0.091,0.09,0.09,200539.96
1767168900,0.09,0.091,0.09,0.09,139335.51
1767169800,0.09,0.09,0.088,0.089,1788122.91
1767170700,0.089,0.089,0.086,0.089,3330818.21
1767171600,0.088,0.089,0.088,0.089,190485.63999999998
1767172500,0.088,0.089,0.086,0.087,2624222.7399999998
1767173400,0.088,0.088,0.084,0.086,3248490.62
1767174300,0.086,0.087,0.085,0.086,3194144.56
1767175200,0.086,0.087,0.084,0.085,1756157.63
1767176100,0.085,0.086,0.084,0.086,2084517.24
1767177000,0.085,0.086,0.084,0.085,737168.87
1767177900,0.085,0.086,0.084,0.085,1213316.52
1767178800,0.086,0.086,0.085,0.085,512155.5
1767179700,0.086,0.086,0.084,0.086,1060632.05
1767180600,0.086,0.086,0.085,0.085,594412.31
1767181500,0.086,0.086,0.084,0.085,408989.34
1767182400,0.084,0.086,0.084,0.085,597479.84
1767183300,0.085,0.086,0.084,0.085,1253339.25
1767184200,0.086,0.086,0.085,0.086,264132.24
1767185100,0.086,0.087,0.085,0.086,934575.2599999999
1767186000,0.086,0.087,0.085,0.085,372225.88
1767186900,0.086,0.086,0.084,0.084,955576.5700000001
1767187800,0.085,0.085,0.083,0.084,2309443.79
1767188700,0.084,0.086,0.083,0.085,1733031.99
1767189600,0.086,0.086,0.084,0.084,878686.02
1767190500,0.085,0.086,0.084,0.086,1255340.9
1767191400,0.086,0.086,0.084,0.085,1728236.09
1767192300,0.085,0.086,0.084,0.085,693955.21
1767193200,0.085,0.086,0.084,0.085,953974.34
1767194100,0.085,0.086,0.084,0.085,681557.5900000001
1767195000,0.085,0.086,0.085,0.086,122730.78
1767195900,0.086,0.086,0.085,0.086,97659.24
1767196800,0.086,0.086,0.085,0.086,150141.28
1767197700,0.086,0.086,0.085,0.086,246544.13
1767198600,0.086,0.089,0.085,0.088,4878251.59
1767199500,0.088,0.089,0.087,0.088,1183210.02
1767200400,0.089,0.089,0.088,0.088,691806.2
1767201300,0.088,0.089,0.087,0.088,644499.0
1767202200,0.088,0.088,0.086,0.086,967678.78
1767203100,0.086,0.087,0.086,0.087,665432.4
1767204000,0.087,0.087,0.086,0.086,135689.2
1767204900,0.087,0.087,0.086,0.086,100123.31999999999
1767205800,0.087,0.087,0.086,0.086,229761.76
1767206700,0.087,0.087,0.086,0.087,49753.869999999995
1767207600,0.087,0.087,0.086,0.086,137609.12
1767208500,0.086,0.088,0.086,0.086,729504.7
1767209400,0.086,0.087,0.086,0.086,257194.12
1767210300,0.086,0.087,0.086,0.086,142934.88
1767211200,0.086,0.087,0.086,0.086,169576.09
1767212100,0.086,0.087,0.085,0.086,1367783.7
1767213000,0.086,0.086,0.082,0.082,2863866.46
1767213900,0.082,0.085,0.082,0.084,1857203.87
1767214800,0.085,0.085,0.084,0.084,304581.7
1767215700,0.084,0.085,0.084,0.085,221071.81
1767216600,0.085,0.085,0.084,0.084,392983.57
1767217500,0.084,0.084,0.083,0.083,162263.13999999998
1767218400,0.083,0.084,0.083,0.083,82204.23
1767219300,0.083,0.084,0.082,0.082,1583556.1500000001
1767220200,0.082,0.084,0.082,0.084,1115271.63
1767221100,0.084,0.085,0.083,0.084,575964.09
1767222000,0.084,0.085,0.084,0.084,80347.6
1767222900,0.084,0.085,0.084,0.084,44868.909999999996
1767223800,0.084,0.085,0.084,0.084,513952.43999999994
1767224700,0.084,0.086,0.084,0.085,1365858.19
1767225600,0.086,0.086,0.085,0.086,179647.86
1767226500,0.086,0.087,0.085,0.087,270712.0
1767227400,0.087,0.087,0.086,0.087,462034.06
1767228300,0.087,0.087,0.086,0.087,106332.79000000001
1767229200,0.087,0.087,0.086,0.086,87152.76000000001
1767230100,0.086,0.087,0.086,0.087,45760.0
1767231000,0.086,0.087,0.085,0.086,776424.21
1767231900,0.086,0.086,0.084,0.085,575971.6000000001
1767232800,0.086,0.086,0.085,0.085,149120.33000000002
1767233700,0.086,0.086,0.084,0.084,865502.2000000001
1767234600,0.085,0.085,0.084,0.085,44856.53
1767235500,0.085,0.085,0.084,0.084,85604.37
1767236400,0.085,0.086,0.084,0.085,211194.94
1767237300,0.085,0.086,0.084,0.084,575326.79
1767238200,0.085,0.085,0.084,0.084,171104.12999999998
1767239100,0.085,0.086,0.084,0.085,2380614.61
1767240000,0.085,0.086,0.084,0.085,1740511.96
1767240900,0.086,0.086,0.084,0.084,178287.7
1767241800,0.085,0.085,0.084,0.084,159243.1
1767242700,0.084,0.085,0.084,0.084,23872.48
1767243600,0.085,0.085,0.084,0.084,127472.79999999999
1767244500,0.084,0.085,0.084,0.084,37313.62
1767245400,0.084,0.085,0.084,0.084,24176.27
1767246300,0.084,0.085,0.084,0.085,95382.25
1767247200,0.085,0.085,0.084,0.085,38766.49
1767248100,0.085,0.085,0.084,0.084,358537.76
1767249000,0.084,0.085,0.084,0.085,73672.35
1767249900,0.084,0.086,0.084,0.086,1203169.0499999998
1767250800,0.086,0.088,0.085,0.086,5410890.96
1767251700,0.086,0.087,0.084,0.086,2088269.9100000001
1767252600,0.085,0.087,0.084,0.086,1280658.26
1767253500,0.086,0.088,0.085,0.086,852250.81
1767254400,0.086,0.086,0.085,0.085,165536.2
1767255300,0.085,0.086,0.084,0.085,812118.44
1767256200,0.085,0.086,0.085,0.086,65290.75
1767257100,0.085,0.086,0.085,0.086,107456.44
1767258000,0.086,0.086,0.085,0.085,130431.56
1767258900,0.085,0.086,0.085,0.085,168179.02
1767259800,0.085,0.086,0.085,0.086,45577.84
1767260700,0.086,0.086,0.085,0.086,86176.13
1767261600,0.085,0.086,0.085,0.086,331679.04000000004
1767262500,0.086,0.086,0.085,0.085,219072.84
1767263400,0.086,0.086,0.085,0.086,276314.83
1767264300,0.085,0.086,0.085,0.085,29752.510000000002
1767265200,0.086,0.086,0.085,0.086,118341.22
1767266100,0.085,0.086,0.084,0.084,433589.25999999995
1767267000,0.084,0.085,0.084,0.085,215143.8
1767267900,0.085,0.086,0.084,0.085,850792.7300000001
1767268800,0.086,0.086,0.085,0.085,82749.88
1767269700,0.085,0.086,0.085,0.085,181819.11
1767270600,0.086,0.086,0.085,0.085,194525.44
1767271500,0.085,0.086,0.085,0.085,236263.31000000003
1767272400,0.086,0.086,0.085,0.086,51955.3
1767273300,0.085,0.086,0.085,0.086,75013.33
1767274200,0.086,0.086,0.085,0.086,57546.81
1767275100,0.085,0.086,0.085,0.085,289258.39
1767276000,0.085,0.086,0.085,0.085,159613.69
1767276900,0.085,0.086,0.085,0.085,276847.65
1767277800,0.086,0.086,0.085,0.085,176942.8
1767278700,0.085,0.086,0.085,0.085,134514.77000000002
1767279600,0.085,0.086,0.085,0.085,106455.29999999999
1767280500,0.086,0.086,0.085,0.086,39871.77
1767281400,0.085,0.086,0.085,0.085,91045.55
1767282300,0.085,0.086,0.085,0.085,133421.16999999998
1767283200,0.085,0.085,0.084,0.085,819868.49
1767284100,0.084,0.085,0.084,0.085,141495.93
1767285000,0.084,0.085,0.084,0.085,156969.36000000002
1767285900,0.085,0.085,0.084,0.085,98626.18
1767286800,0.085,0.085,0.084,0.084,102740.92
1767287700,0.084,0.086,0.084,0.085,429338.29
1767288600,0.086,0.086,0.085,0.085,88593.2
1767289500,0.085,0.086,0.085,0.085,68492.83
1767290400,0.085,0.086,0.085,0.086,209851.27
1767291300,0.086,0.086,0.085,0.085,126823.77
1767292200,0.086,0.086,0.085,0.085,57729.189999999995
1767293100,0.086,0.086,0.085,0.086,24497.5
1767294000,0.086,0.086,0.085,0.086,200888.1
1767294900,0.085,0.086,0.085,0.085,22388.86
1767295800,0.086,0.086,0.085,0.086,52607.619999999995
1767296700,0.085,0.086,0.085,0.086,41004.15
1767297600,0.086,0.086,0.085,0.086,263746.41000000003
1767298500,0.086,0.086,0.085,0.086,116112.28
1767299400,0.086,0.086,0.085,0.086,209429.74
1767300300,0.086,0.086,0.085,0.086,67060.41
1767301200,0.086,0.086,0.084,0.085,167343.97
1767302100,0.085,0.085,0.084,0.084,110175.49
1767303000,0.084,0.085,0.084,0.085,144917.95
1767303900,0.085,0.085,0.084,0.085,180503.07
1767304800,0.084,0.085,0.084,0.085,87215.27
1767305700,0.085,0.085,0.084,0.085,77294.15
1767306600,0.085,0.085,0.084,0.085,222789.91999999998
1767307500,0.084,0.085,0.084,0.085,194641.79
1767308400,0.084,0.085,0.083,0.084,1066099.56
1767309300,0.083,0.085,0.083,0.085,416721.24
1767310200,0.084,0.085,0.084,0.084,36056.38
1767311100,0.084,0.085,0.084,0.084,214751.23
1767312000,0.084,0.085,0.084,0.084,187101.78
1767312900,0.084,0.085,0.084,0.084,324655.29
1767313800,0.084,0.085,0.084,0.085,89010.89
1767314700,0.085,0.085,0.084,0.085,161067.28
1767315600,0.084,0.085,0.084,0.085,438315.12
1767316500,0.085,0.085,0.084,0.084,122761.32
1767317400,0.085,0.085,0.084,0.084,38688.92
1767318300,0.084,0.085,0.084,0.084,75541.59
1767319200,0.084,0.085,0.083,0.083,760595.75
1767320100,0.084,0.084,0.083,0.084,65049.98
1767321000,0.083,0.084,0.083,0.084,91052.84
1767321900,0.084,0.084,0.083,0.083,122936.02
1767322800,0.083,0.084,0.083,0.084,444220.33999999997
1767323700,0.083,0.084,0.083,0.083,141683.2
1767324600,0.083,0.084,0.083,0.083,461769.28
1767325500,0.083,0.084,0.083,0.084,77819.79999999999
1767326400,0.084,0.084,0.083,0.084,69719.43000000001
1767327300,0.083,0.084,0.083,0.083,116865.58
1767328200,0.083,0.084,0.083,0.084,88444.93000000001
1767329100,0.084,0.084,0.083,0.084,83512.43000000001
1767330000,0.083,0.084,0.083,0.083,112638.44
1767330900,0.083,0.084,0.083,0.083,172341.80000000002
1767331800,0.084,0.084,0.082,0.083,1383790.45
1767332700,0.083,0.083,0.082,0.082,632767.04
1767333600,0.082,0.083,0.082,0.083,238866.58000000002
1767334500,0.083,0.083,0.082,0.082,187118.19
1767335400,0.082,0.083,0.082,0.083,99435.23
1767336300,0.083,0.083,0.082,0.082,549882.53
1767337200,0.082,0.083,0.082,0.082,161765.05000000002
1767338100,0.082,0.083,0.082,0.082,269339.64999999997
1767339000,0.082,0.083,0.082,0.083,131816.66
1767339900,0.082,0.083,0.082,0.083,344799.45
1767340800,0.082,0.082,0.081,0.081,933343.64
1767341700,0.081,0.082,0.08,0.081,867150.49
1767342600,0.08,0.081,0.08,0.081,217350.28999999998
1767343500,0.08,0.081,0.08,0.08,441628.67
1767344400,0.08,0.081,0.08,0.08,152039.63
1767345300,0.081,0.081,0.08,0.081,461886.96
1767346200,0.08,0.081,0.08,0.081,163251.18
1767347100,0.08,0.082,0.08,0.082,273680.42
1767348000,0.082,0.082,0.081,0.082,82405.14
1767348900,0.081,0.082,0.08,0.08,944588.6900000001
1767349800,0.081,0.081,0.08,0.081,356532.54
1767350700,0.081,0.082,0.08,0.082,494312.19
1767351600,0.081,0.081,0.077,0.078,4506933.92
1767352500,0.077,0.078,0.074,0.075,1864410.1099999999
1767353400,0.074,0.075,0.074,0.075,1626077.92
1767354300,0.075,0.077,0.074,0.075,3115419.2
1767355200,0.075,0.076,0.074,0.075,1043725.67
1767356100,0.076,0.077,0.075,0.076,619095.86
1767357000,0.077,0.078,0.075,0.078,2506809.66
1767357900,0.078,0.078,0.077,0.078,507774.77
1767358800,0.078,0.078,0.075,0.076,2065614.32
1767359700,0.076,0.076,0.075,0.075,627027.4500000001
1767360600,0.076,0.076,0.075,0.075,712101.02
1767361500,0.076,0.076,0.074,0.074,2091474.29
1767362400,0.074,0.076,0.074,0.075,1177097.93
1767363300,0.076,0.078,0.076,0.077,2679614.6
1767364200,0.077,0.078,0.077,0.077,952091.0700000001
1767365100,0.077,0.078,0.077,0.077,1597217.4
1767366000,0.078,0.078,0.075,0.076,2230862.22
1767366900,0.076,0.076,0.075,0.076,729898.39
1767367800,0.076,0.076,0.075,0.076,196048.3
1767368700,0.075,0.076,0.075,0.075,454738.67
1767369600,0.076,0.076,0.075,0.076,418790.43999999994
1767370500,0.076,0.077,0.075,0.076,670954.18
1767371400,0.077,0.077,0.076,0.077,1156710.21
1767372300,0.076,0.078,0.076,0.077,828572.96
1767373200,0.078,0.078,0.077,0.078,523654.95999999996
1767374100,0.078,0.078,0.077,0.077,380285.4
1767375000,0.078,0.079,0.078,0.078,344938.63
1767375900,0.078,0.079,0.077,0.077,958700.96
1767376800,0.077,0.079,0.077,0.079,599800.2799999999
1767377700,0.078,0.079,0.078,0.078,203145.91
1767378600,0.079,0.079,0.077,0.077,881863.57
1767379500,0.078,0.079,0.078,0.078,375813.36
1767380400,0.079,0.079,0.078,0.078,276362.79000000004
1767381300,0.078,0.079,0.078,0.078,233659.38
1767382200,0.079,0.081,0.078,0.081,2069664.6099999999
1767383100,0.081,0.084,0.08,0.082,6879544.28
1767384000,0.083,0.083,0.082,0.082,675356.08
1767384900,0.083,0.083,0.082,0.082,656636.3099999999
1767385800,0.083,0.084,0.082,0.084,1013910.36
1767386700,0.083,0.084,0.081,0.081,1604576.8
1767387600,0.082,0.082,0.08,0.081,1513627.03
1767388500,0.082,0.082,0.081,0.082,342855.91
1767389400,0.081,0.082,0.081,0.082,105806.54000000001
1767390300,0.082,0.083,0.081,0.082,1329183.91
1767391200,0.082,0.083,0.082,0.082,271218.29
1767392100,0.082,0.083,0.082,0.082,125092.48
1767393000,0.082,0.083,0.081,0.082,229585.16
1767393900,0.081,0.082,0.081,0.081,78965.70999999999
1767394800,0.081,0.082,0.081,0.081,34624.36
1767395700,0.081,0.082,0.081,0.081,130636.58
1767396600,0.081,0.082,0.081,0.082,91568.0
1767397500,0.081,0.084,0.081,0.083,1299733.74
1767398400,0.083,0.084,0.082,0.083,912148.06
1767399300,0.083,0.083,0.08,0.081,1513759.48
1767400200,0.08,0.081,0.08,0.081,165991.72
1767401100,0.08,0.081,0.08,0.081,274091.79
1767402000,0.08,0.081,0.08,0.081,228429.00999999998
1767402900,0.081,0.081,0.08,0.081,58571.09
1767403800,0.081,0.081,0.08,0.081,115225.78
1767404700,0.08,0.081,0.08,0.08,58219.03
1767405600,0.08,0.081,0.08,0.081,93004.68
1767406500,0.081,0.081,0.08,0.081,49075.1
1767407400,0.08,0.081,0.08,0.08,33221.0
1767408300,0.08,0.081,0.08,0.081,75083.18
1767409200,0.08,0.081,0.08,0.08,134364.0
1767410100,0.081,0.081,0.08,0.081,286009.26
1767411000,0.081,0.081,0.08,0.081,172434.48
1767411900,0.081,0.081,0.08,0.08,152019.35
1767412800,0.08,0.082,0.08,0.081,1196403.38
1767413700,0.082,0.087,0.081,0.086,2687900.7
1767414600,0.087,0.088,0.086,0.087,1135003.8
1767415500,0.088,0.088,0.087,0.087,694708.48
1767416400,0.088,0.088,0.085,0.085,2705900.17
1767417300,0.085,0.086,0.08,0.081,12512445.99
1767418200,0.081,0.084,0.081,0.084,1725036.97
1767419100,0.083,0.084,0.082,0.084,914195.01
1767420000,0.084,0.085,0.083,0.083,839390.38
1767420900,0.083,0.084,0.082,0.084,1291280.02
1767421800,0.083,0.084,0.082,0.084,530186.51
1767422700,0.083,0.085,0.082,0.084,1316489.29
1767423600,0.084,0.086,0.084,0.086,354416.49
1767424500,0.086,0.086,0.084,0.086,1007839.19
1767425400,0.086,0.086,0.085,0.085,408229.54
1767426300,0.086,0.086,0.083,0.084,379746.22000000003
1767427200,0.084,0.084,0.083,0.083,112258.53
1767428100,0.084,0.084,0.083,0.084,134801.44
1767429000,0.084,0.084,0.083,0.084,137238.1
1767429900,0.084,0.084,0.083,0.084,97394.13
1767430800,0.083,0.084,0.083,0.084,131482.78
1767431700,0.083,0.086,0.083,0.086,518551.87
1767432600,0.085,0.086,0.085,0.085,103609.89
1767433500,0.085,0.086,0.084,0.084,241628.53999999998
1767434400,0.085,0.086,0.084,0.085,461863.7
1767435300,0.085,0.087,0.085,0.085,1816681.22
1767436200,0.086,0.088,0.085,0.087,2097688.0
1767437100,0.087,0.087,0.085,0.086,210691.68
1767438000,0.085,0.086,0.085,0.085,520631.39
1767438900,0.085,0.086,0.084,0.084,1149843.91
1767439800,0.085,0.086,0.084,0.086,629300.86
1767440700,0.086,0.087,0.085,0.087,1223406.23
1767441600,0.087,0.088,0.086,0.088,1657818.92
1767442500,0.088,0.088,0.087,0.088,389946.35
1767443400,0.087,0.088,0.086,0.088,1053777.25
1767444300,0.088,0.088,0.086,0.086,683304.28
1767445200,0.086,0.087,0.086,0.086,160696.92
1767446100,0.086,0.087,0.086,0.086,121324.08
1767447000,0.086,0.091,0.086,0.091,1910908.86
1767447900,0.091,0.098,0.089,0.098,8489562.66
1767448800,0.098,0.098,0.092,0.092,5588695.23
1767449700,0.092,0.094,0.092,0.092,2143912.95
1767450600,0.092,0.093,0.09,0.092,2349234.83
1767451500,0.091,0.092,0.091,0.092,846593.28
1767452400,0.091,0.092,0.09,0.091,1375179.46
1767453300,0.09,0.091,0.089,0.091,1103939.6199999999
1767454200,0.091,0.095,0.091,0.092,2510084.4
1767455100,0.093,0.093,0.091,0.092,1893880.21
1767456000,0.092,0.093,0.091,0.093,1460363.69
1767456900,0.092,0.093,0.09,0.091,1574561.47
1767457800,0.091,0.092,0.091,0.092,1092549.71
1767458700,0.091,0.093,0.091,0.092,2490722.8899999997
1767459600,0.092,0.092,0.09,0.091,753963.6
1767460500,0.09,0.091,0.088,0.09,2252663.63
1767461400,0.09,0.09,0.089,0.09,898886.2999999999
1767462300,0.09,0.09,0.089,0.089,452918.05
1767463200,0.09,0.09,0.089,0.089,243983.13999999998
1767464100,0.089,0.09,0.089,0.09,438295.82999999996
1767465000,0.09,0.09,0.089,0.089,126970.79
1767465900,0.089,0.091,0.089,0.09,1005504.96
1767466800,0.09,0.091,0.089,0.091,765539.26
1767467700,0.091,0.091,0.09,0.09,145519.94
1767468600,0.091,0.091,0.09,0.09,97798.91
1767469500,0.09,0.091,0.09,0.09,62334.61
1767470400,0.09,0.091,0.09,0.09,183817.0
1767471300,0.09,0.091,0.09,0.09,199889.26
1767472200,0.09,0.091,0.09,0.09,79525.37000000001
1767473100,0.09,0.091,0.09,0.09,112546.29
1767474000,0.09,0.091,0.09,0.091,87774.61
1767474900,0.09,0.091,0.089,0.089,380386.98
1767475800,0.089,0.09,0.089,0.09,685329.23
1767476700,0.09,0.09,0.089,0.089,221922.0
1767477600,0.089,0.09,0.089,0.09,105149.32
1767478500,0.09,0.09,0.088,0.089,411067.28
1767479400,0.088,0.089,0.087,0.088,476238.05
1767480300,0.088,0.089,0.088,0.089,89035.62999999999
1767481200,0.088,0.089,0.088,0.088,160645.39
1767482100,0.088,0.089,0.088,0.088,41085.0
1767483000,0.088,0.089,0.088,0.088,71352.45
1767483900,0.089,0.09,0.088,0.089,539975.96
1767484800,0.089,0.091,0.089,0.09,945973.15
1767485700,0.09,0.092,0.09,0.091,1141395.11
1767486600,0.09,0.092,0.09,0.091,653338.09
1767487500,0.091,0.091,0.09,0.091,385049.98
1767488400,0.091,0.091,0.09,0.09,124535.70999999999
1767489300,0.091,0.091,0.089,0.09,888943.01
1767490200,0.09,0.091,0.09,0.09,51962.34
1767491100,0.09,0.091,0.09,0.091,431459.53
1767492000,0.091,0.091,0.089,0.089,182171.67
1767492900,0.089,0.09,0.088,0.089,344986.63
1767493800,0.089,0.09,0.089,0.09,163983.02
1767494700,0.089,0.09,0.088,0.089,304344.12
1767495600,0.089,0.09,0.088,0.089,686874.7
1767496500,0.089,0.089,0.088,0.089,566672.65
1767497400,0.088,0.089,0.088,0.089,337667.63
1767498300,0.089,0.089,0.088,0.089,377061.8
1767499200,0.089,0.089,0.088,0.089,185264.0
1767500100,0.088,0.089,0.088,0.088,192363.78
1767501000,0.089,0.089,0.088,0.088,604619.34
1767501900,0.088,0.089,0.087,0.088,561842.76
1767502800,0.087,0.088,0.087,0.088,194405.69999999998
1767503700,0.087,0.088,0.087,0.088,213233.18
1767504600,0.087,0.088,0.087,0.087,115127.13
1767505500,0.088,0.088,0.086,0.086,265175.92
1767506400,0.087,0.087,0.086,0.086,304641.35
1767507300,0.086,0.087,0.086,0.086,121231.65000000001
1767508200,0.086,0.087,0.086,0.086,190695.94999999998
1767509100,0.086,0.087,0.086,0.086,77906.57
1767510000,0.086,0.087,0.086,0.087,435415.83999999997
1767510900,0.086,0.087,0.086,0.086,60722.799999999996
1767511800,0.086,0.087,0.086,0.086,265335.97000000003
1767512700,0.086,0.087,0.085,0.085,610544.2799999999
1767513600,0.085,0.086,0.085,0.085,140694.03
1767514500,0.086,0.086,0.085,0.086,493574.16000000003
1767515400,0.085,0.087,0.085,0.086,564859.4299999999
1767516300,0.086,0.089,0.086,0.088,1552443.1700000002
1767517200,0.088,0.088,0.086,0.086,548479.87
1767518100,0.087,0.087,0.086,0.087,144290.78
1767519000,0.086,0.088,0.086,0.088,198427.94
1767519900,0.087,0.088,0.086,0.087,3292396.12
1767520800,0.088,0.088,0.087,0.087,557832.24
1767521700,0.087,0.088,0.087,0.087,264155.39
1767522600,0.087,0.088,0.087,0.088,95369.17
1767523500,0.087,0.088,0.087,0.088,215721.45
1767524400,0.088,0.088,0.087,0.087,57158.1
1767525300,0.087,0.088,0.087,0.087,51048.51
1767526200,0.087,0.088,0.087,0.087,138617.28
1767527100,0.087,0.088,0.087,0.087,119932.24
1767528000,0.087,0.088,0.086,0.087,466042.39999999997
1767528900,0.086,0.088,0.086,0.087,816019.98
1767529800,0.087,0.089,0.087,0.088,639676.6499999999
1767530700,0.088,0.091,0.088,0.09,2406240.65
1767531600,0.09,0.092,0.09,0.09,1398058.05
1767532500,0.091,0.091,0.089,0.089,297968.14
1767533400,0.089,0.09,0.089,0.089,350019.58999999997
1767534300,0.089,0.089,0.088,0.088,231077.15
1767535200,0.088,0.09,0.088,0.088,1012372.67
1767536100,0.089,0.089,0.088,0.088,431593.87
1767537000,0.088,0.089,0.088,0.089,77823.22
1767537900,0.089,0.089,0.088,0.088,366761.36
1767538800,0.088,0.089,0.088,0.088,237619.95
1767539700,0.088,0.089,0.088,0.088,223829.45
1767540600,0.088,0.089,0.088,0.088,342902.41000000003
1767541500,0.089,0.089,0.087,0.088,305390.73
1767542400,0.088,0.088,0.087,0.087,673414.4199999999
1767543300,0.088,0.088,0.087,0.087,238883.89
1767544200,0.088,0.088,0.087,0.088,323798.67
1767545100,0.087,0.088,0.087,0.087,346208.32999999996
1767546000,0.087,0.088,0.087,0.087,235616.63
1767546900,0.087,0.088,0.087,0.088,81293.92
1767547800,0.087,0.088,0.087,0.088,94194.20999999999
1767548700,0.088,0.089,0.087,0.088,297180.65
1767549600,0.088,0.089,0.087,0.087,485842.45
1767550500,0.088,0.088,0.087,0.088,140260.53
1767551400,0.087,0.088,0.087,0.087,21224.48
1767552300,0.087,0.088,0.086,0.087,324771.52
1767553200,0.088,0.088,0.086,0.087,250790.18999999997
1767554100,0.087,0.088,0.086,0.087,1085691.78
1767555000,0.087,0.088,0.086,0.087,386724.43
1767555900,0.087,0.087,0.086,0.086,41151.28
1767556800,0.087,0.088,0.087,0.088,142544.38
1767557700,0.088,0.088,0.087,0.087,149379.42
1767558600,0.087,0.088,0.087,0.088,30001.129999999997
1767559500,0.088,0.088,0.086,0.087,91042.63
1767560400,0.087,0.087,0.086,0.087,344307.47000000003
1767561300,0.087,0.087,0.086,0.087,158372.50000000003
1767562200,0.087,0.087,0.086,0.086,44262.65
1767563100,0.087,0.087,0.086,0.087,76278.91
1767564000,0.087,0.087,0.086,0.086,98371.55
1767564900,0.087,0.087,0.085,0.085,558988.9
1767565800,0.086,0.086,0.085,0.086,61320.9
1767566700,0.086,0.086,0.085,0.086,88622.54000000001
1767567600,0.086,0.087,0.084,0.085,1092323.8399999999
1767568500,0.085,0.086,0.084,0.086,118356.62999999999
1767569400,0.085,0.087,0.085,0.086,184109.74
1767570300,0.086,0.087,0.086,0.087,27077.89
1767571200,0.087,0.087,0.086,0.086,137728.46
1767572100,0.086,0.088,0.086,0.087,991175.72
1767573000,0.087,0.089,0.087,0.088,489674.7
1767573900,0.089,0.089,0.088,0.089,266544.32
1767574800,0.089,0.09,0.088,0.089,446141.17
1767575700,0.09,0.09,0.089,0.089,244633.25
1767576600,0.09,0.09,0.089,0.09,395368.77
1767577500,0.089,0.09,0.088,0.089,407502.04
1767578400,0.089,0.089,0.087,0.088,213880.42
1767579300,0.087,0.089,0.087,0.088,122844.46
1767580200,0.088,0.089,0.088,0.088,84099.03
1767581100,0.088,0.089,0.088,0.088,39395.32
1767582000,0.088,0.09,0.088,0.089,371516.88
1767582900,0.089,0.09,0.088,0.09,484575.79000000004
1767583800,0.09,0.091,0.088,0.089,681713.86
1767584700,0.088,0.089,0.087,0.088,702118.4
1767585600,0.088,0.089,0.087,0.088,250565.69999999998
1767586500,0.087,0.089,0.087,0.088,118542.05
1767587400,0.089,0.089,0.087,0.087,160078.89
1767588300,0.087,0.088,0.087,0.087,99649.79000000001
1767589200,0.088,0.088,0.086,0.087,101934.23000000001
1767590100,0.086,0.087,0.086,0.086,99295.18
1767591000,0.087,0.087,0.086,0.087,74859.25
1767591900,0.087,0.088,0.086,0.087,229161.3
1767592800,0.087,0.088,0.086,0.086,328543.35
1767593700,0.086,0.088,0.086,0.086,568116.71
1767594600,0.086,0.087,0.086,0.086,30053.94
1767595500,0.086,0.087,0.086,0.087,91217.08
1767596400,0.087,0.089,0.087,0.088,986673.14
1767597300,0.088,0.089,0.087,0.088,786011.4099999999
1767598200,0.088,0.089,0.087,0.087,923264.45
1767599100,0.087,0.089,0.087,0.089,190055.02
1767600000,0.089,0.089,0.087,0.087,269184.98
1767600900,0.088,0.088,0.086,0.087,330256.73
1767601800,0.086,0.087,0.086,0.086,226045.51
1767602700,0.087,0.088,0.086,0.087,2670481.85
1767603600,0.087,0.087,0.085,0.086,723190.72
1767604500,0.086,0.087,0.085,0.086,91788.24
1767605400,0.086,0.087,0.085,0.086,688058.45
1767606300,0.086,0.088,0.086,0.086,1116731.15
1767607200,0.086,0.087,0.086,0.086,122288.78
1767608100,0.086,0.087,0.086,0.086,84558.28
1767609000,0.086,0.087,0.085,0.086,477164.82999999996
1767609900,0.085,0.087,0.085,0.087,128715.12
1767610800,0.087,0.087,0.086,0.087,86664.3
1767611700,0.086,0.088,0.086,0.087,817528.43
1767612600,0.086,0.088,0.086,0.086,622405.59
1767613500,0.086,0.087,0.084,0.085,1138451.5
1767614400,0.085,0.086,0.084,0.084,209331.39
1767615300,0.085,0.085,0.083,0.084,371034.92
1767616200,0.083,0.084,0.083,0.083,411653.41000000003
1767617100,0.084,0.085,0.083,0.085,216433.85
1767618000,0.084,0.085,0.083,0.084,857696.53
1767618900,0.084,0.085,0.082,0.084,1540048.24
1767619800,0.084,0.085,0.083,0.084,201691.87
1767620700,0.084,0.085,0.083,0.084,226798.79
1767621600,0.084,0.085,0.083,0.083,623950.53
1767622500,0.083,0.084,0.082,0.083,605045.36
1767623400,0.083,0.084,0.083,0.084,535037.86
1767624300,0.084,0.085,0.083,0.084,1435333.94
1767625200,0.084,0.086,0.084,0.086,487489.14
1767626100,0.085,0.086,0.085,0.085,88647.82
1767627000,0.085,0.086,0.085,0.086,296004.26
1767627900,0.086,0.088,0.085,0.087,1598658.2
1767628800,0.087,0.088,0.086,0.086,240387.89
1767629700,0.087,0.088,0.086,0.086,428009.48000000004
1767630600,0.087,0.087,0.086,0.086,378062.3
1767631500,0.086,0.087,0.085,0.086,301231.31
1767632400,0.086,0.087,0.085,0.085,559617.35
1767633300,0.085,0.088,0.085,0.087,951014.9400000001
1767634200,0.087,0.087,0.085,0.086,183229.31
1767635100,0.085,0.086,0.085,0.085,72598.35
1767636000,0.085,0.086,0.085,0.085,128363.63
1767636900,0.085,0.087,0.085,0.086,91497.1
1767637800,0.086,0.087,0.085,0.086,153995.73
1767638700,0.086,0.087,0.085,0.086,93367.69
1767639600,0.086,0.088,0.086,0.088,384062.3
1767640500,0.088,0.088,0.086,0.087,69055.94
1767641400,0.087,0.087,0.086,0.086,373047.89
1767642300,0.087,0.087,0.085,0.086,187360.16
1767643200,0.086,0.087,0.086,0.086,95685.83
1767644100,0.086,0.087,0.086,0.087,26049.77
1767645000,0.087,0.087,0.086,0.087,13537.88
1767645900,0.087,0.087,0.086,0.086,23802.64
1767646800,0.086,0.088,0.086,0.087,401238.99
1767647700,0.087,0.089,0.087,0.087,1158360.59
1767648600,0.087,0.088,0.087,0.087,53845.62
1767649500,0.087,0.088,0.087,0.088,162188.12000000002
1767650400,0.087,0.088,0.087,0.088,46770.65
1767651300,0.088,0.088,0.087,0.088,32710.97
1767652200,0.088,0.089,0.087,0.089,121052.73000000001
1767653100,0.088,0.09,0.088,0.089,761542.71
1767654000,0.09,0.09,0.089,0.089,313411.39
1767654900,0.09,0.09,0.089,0.09,156286.86000000002
1767655800,0.09,0.09,0.089,0.089,48902.45
1767656700,0.09,0.09,0.089,0.089,146783.33
1767657600,0.089,0.09,0.088,0.089,195889.55
1767658500,0.088,0.09,0.088,0.088,335076.79
1767659400,0.089,0.09,0.088,0.089,141019.08000000002
1767660300,0.09,0.09,0.089,0.089,106653.45
1767661200,0.089,0.09,0.089,0.09,382688.67
1767662100,0.09,0.09,0.089,0.089,96135.26000000001
1767663000,0.089,0.089,0.087,0.089,555038.0599999999
1767663900,0.089,0.089,0.087,0.088,322347.15
1767664800,0.088,0.089,0.088,0.088,41047.060000000005
1767665700,0.088,0.089,0.088,0.089,31982.25
1767666600,0.089,0.089,0.087,0.088,381975.12
1767667500,0.088,0.088,0.087,0.087,18930.95
1767668400,0.088,0.089,0.087,0.088,258181.41
1767669300,0.088,0.088,0.087,0.087,99182.33
1767670200,0.087,0.089,0.087,0.089,142628.82
1767671100,0.089,0.089,0.088,0.089,9694.09
1767672000,0.088,0.089,0.088,0.088,64785.770000000004
1767672900,0.088,0.089,0.088,0.089,58048.700000000004
1767673800,0.089,0.089,0.088,0.089,11770.39
1767674700,0.088,0.089,0.088,0.088,93930.77
1767675600,0.088,0.089,0.087,0.087,292519.83999999997
1767676500,0.087,0.089,0.087,0.087,273892.12
1767677400,0.087,0.089,0.087,0.087,234258.36
1767678300,0.087,0.089,0.087,0.089,67092.3
1767679200,0.089,0.089,0.087,0.089,205593.59999999998
1767680100,0.088,0.089,0.087,0.088,701370.3700000001
1767681000,0.088,0.089,0.087,0.088,442380.35
1767681900,0.089,0.089,0.087,0.088,238367.8
1767682800,0.088,0.089,0.087,0.089,191490.1
1767683700,0.089,0.09,0.088,0.089,452407.61
1767684600,0.089,0.091,0.088,0.09,471274.13999999996
1767685500,0.09,0.091,0.09,0.09,670127.18
1767686400,0.09,0.092,0.09,0.09,467651.25999999995
1767687300,0.091,0.093,0.09,0.093,724412.1900000001
1767688200,0.092,0.095,0.092,0.094,587182.14
1767689100,0.094,0.095,0.091,0.092,529039.36
1767690000,0.092,0.092,0.091,0.092,449498.44999999995
1767690900,0.092,0.092,0.09,0.09,540685.17
1767691800,0.091,0.092,0.09,0.092,488039.39
1767692700,0.092,0.092,0.09,0.09,115545.76999999999
1767693600,0.091,0.091,0.09,0.091,54786.68
1767694500,0.09,0.091,0.09,0.09,86966.1
1767695400,0.091,0.092,0.09,0.091,953262.79
1767696300,0.09,0.091,0.088,0.089,1703061.83
1767697200,0.089,0.09,0.089,0.09,58032.44
1767698100,0.09,0.09,0.089,0.09,42794.229999999996
1767699000,0.089,0.09,0.089,0.09,134985.01
1767699900,0.09,0.09,0.089,0.089,46767.68
1767700800,0.089,0.09,0.089,0.09,300361.23
1767701700,0.089,0.09,0.089,0.09,62940.02
1767702600,0.09,0.091,0.089,0.091,467531.72000000003
1767703500,0.091,0.091,0.09,0.091,83366.37
1767704400,0.091,0.091,0.09,0.09,116983.17
1767705300,0.09,0.091,0.089,0.091,354851.80000000005
1767706200,0.091,0.092,0.09,0.091,238712.04000000004
1767707100,0.091,0.092,0.091,0.091,75994.61
1767708000,0.091,0.092,0.091,0.091,87739.18000000001
1767708900,0.091,0.092,0.091,0.092,460455.51
1767709800,0.092,0.092,0.09,0.091,554897.81
1767710700,0.091,0.092,0.09,0.091,643382.12
1767711600,0.091,0.092,0.09,0.091,229516.05
1767712500,0.091,0.092,0.09,0.09,102037.96
1767713400,0.091,0.091,0.089,0.09,568570.18
1767714300,0.091,0.091,0.09,0.091,77477.68
1767715200,0.091,0.091,0.089,0.089,142750.66
1767716100,0.089,0.09,0.089,0.09,131704.88999999998
1767717000,0.09,0.09,0.089,0.089,135787.99
1767717900,0.089,0.09,0.089,0.09,29009.04
1767718800,0.09,0.09,0.088,0.088,114056.66
1767719700,0.089,0.089,0.088,0.088,29480.530000000002
1767720600,0.089,0.089,0.088,0.089,176989.9
1767721500,0.089,0.089,0.087,0.088,254158.29
1767722400,0.088,0.089,0.087,0.089,204001.97
1767723300,0.089,0.09,0.088,0.089,528706.21
1767724200,0.089,0.09,0.088,0.088,96940.56
1767725100,0.088,0.089,0.088,0.089,40593.729999999996
1767726000,0.089,0.09,0.088,0.09,219222.27
1767726900,0.089,0.091,0.089,0.091,278949.14
1767727800,0.09,0.091,0.09,0.09,44268.99
1767728700,0.09,0.091,0.09,0.09,72331.69
1767729600,0.09,0.092,0.09,0.091,1133590.5
1767730500,0.091,0.093,0.091,0.092,722994.67
1767731400,0.093,0.094,0.092,0.093,687227.51
1767732300,0.093,0.094,0.092,0.093,385775.25
1767733200,0.093,0.094,0.092,0.093,290826.43
1767734100,0.092,0.093,0.092,0.092,203487.01
1767735000,0.092,0.094,0.092,0.093,693028.0700000001
1767735900,0.093,0.093,0.092,0.093,11001.939999999999
1767736800,0.093,0.093,0.092,0.093,74957.89
1767737700,0.092,0.093,0.092,0.092,88689.74
1767738600,0.092,0.093,0.091,0.091,151699.24000000002
1767739500,0.092,0.092,0.091,0.092,79630.21
1767740400,0.092,0.092,0.091,0.091,66738.33
1767741300,0.091,0.092,0.091,0.091,213519.75
1767742200,0.091,0.092,0.091,0.091,24148.920000000002
1767743100,0.091,0.092,0.091,0.091,42787.42
1767744000,0.091,0.093,0.091,0.092,344863.05
1767744900,0.092,0.093,0.092,0.093,405700.68
1767745800,0.093,0.094,0.092,0.092,367917.18
1767746700,0.092,0.093,0.091,0.092,232257.32
1767747600,0.092,0.092,0.091,0.092,176551.0
1767748500,0.092,0.092,0.09,0.09,365957.62
1767749400,0.091,0.092,0.09,0.091,814317.8899999999
1767750300,0.091,0.091,0.09,0.091,67950.72
1767751200,0.09,0.091,0.089,0.09,701403.41
1767752100,0.089,0.09,0.089,0.089,116255.13
1767753000,0.09,0.091,0.089,0.09,899765.92
1767753900,0.09,0.091,0.089,0.09,353781.11000000004
1767754800,0.091,0.092,0.091,0.092,360258.56
1767755700,0.092,0.093,0.091,0.092,125070.26
1767756600,0.092,0.092,0.09,0.09,423892.97000000003
1767757500,0.09,0.092,0.09,0.092,230942.05000000002
1767758400,0.092,0.092,0.09,0.092,411632.33
1767759300,0.091,0.093,0.09,0.092,940065.74
1767760200,0.092,0.093,0.091,0.092,387375.26
1767761100,0.093,0.093,0.092,0.092,175116.0
1767762000,0.092,0.093,0.092,0.092,214469.65
1767762900,0.092,0.092,0.091,0.092,194657.29
1767763800,0.091,0.093,0.091,0.093,274677.07
1767764700,0.092,0.093,0.091,0.092,240534.56
1767765600,0.092,0.093,0.091,0.092,92128.17
1767766500,0.091,0.092,0.091,0.091,31760.01
1767767400,0.091,0.092,0.091,0.092,15403.32
1767768300,0.092,0.092,0.091,0.091,51610.21
1767769200,0.091,0.093,0.091,0.093,448691.36
1767770100,0.093,0.094,0.092,0.093,300726.2
1767771000,0.093,0.094,0.093,0.093,15155.79
1767771900,0.093,0.094,0.093,0.093,45674.799999999996
1767772800,0.094,0.094,0.093,0.093,161217.72999999998
1767773700,0.093,0.094,0.093,0.093,253244.97
1767774600,0.093,0.094,0.093,0.094,361428.44
1767775500,0.094,0.094,0.092,0.094,345499.33
1767776400,0.093,0.093,0.092,0.093,284820.39
1767777300,0.093,0.093,0.092,0.092,270112.26
1767778200,0.092,0.093,0.092,0.092,188955.62
1767779100,0.092,0.094,0.092,0.093,231133.0
1767780000,0.093,0.095,0.093,0.094,997734.7299999999
1767780900,0.094,0.095,0.093,0.094,1812570.12
1767781800,0.095,0.098,0.094,0.098,1907509.2200000002
1767782700,0.098,0.101,0.097,0.098,4446809.7
1767783600,0.098,0.1,0.098,0.099,1050299.45
1767784500,0.1,0.1,0.098,0.099,726340.61
1767785400,0.1,0.1,0.098,0.099,1164142.1199999999
1767786300,0.098,0.1,0.097,0.099,1115385.1
1767787200,0.099,0.099,0.097,0.098,1290532.98
1767788100,0.097,0.098,0.097,0.097,217641.74
1767789000,0.098,0.1,0.096,0.099,1222772.26
1767789900,0.099,0.104,0.099,0.101,2710999.78
1767790800,0.1,0.102,0.099,0.1,2257551.73
1767791700,0.099,0.1,0.098,0.099,710872.29
1767792600,0.099,0.1,0.099,0.099,167574.63
1767793500,0.099,0.1,0.098,0.099,410514.01999999996
1767794400,0.099,0.099,0.097,0.097,409613.14
1767795300,0.097,0.097,0.096,0.096,882270.29
1767796200,0.096,0.097,0.095,0.097,803311.46
1767797100,0.097,0.097,0.096,0.097,446485.44
1767798000,0.096,0.096,0.095,0.095,228305.74
1767798900,0.095,0.096,0.095,0.096,133964.91
1767799800,0.095,0.096,0.095,0.095,100901.79000000001
1767800700,0.095,0.096,0.095,0.096,97476.25
1767801600,0.096,0.096,0.095,0.095,55667.35
1767802500,0.095,0.096,0.095,0.095,79967.54
1767803400,0.096,0.096,0.094,0.094,340487.1
1767804300,0.094,0.095,0.094,0.095,58407.14
1767805200,0.094,0.095,0.094,0.094,56522.96
1767806100,0.094,0.095,0.094,0.094,80043.69
1767807000,0.094,0.095,0.094,0.094,34820.32
1767807900,0.094,0.095,0.094,0.095,32111.07
1767808800,0.094,0.095,0.094,0.095,22068.3
1767809700,0.095,0.095,0.093,0.094,349097.93999999994
1767810600,0.094,0.095,0.094,0.094,144718.8
1767811500,0.094,0.095,0.094,0.095,29575.96
1767812400,0.095,0.095,0.093,0.094,731506.82
1767813300,0.094,0.094,0.093,0.093,52742.79
1767814200,0.093,0.094,0.093,0.094,129258.4
1767815100,0.093,0.094,0.091,0.092,709058.2000000001
1767816000,0.092,0.093,0.091,0.091,172735.19
1767816900,0.092,0.092,0.091,0.092,77982.89
1767817800,0.092,0.092,0.091,0.092,18891.17
1767818700,0.092,0.092,0.091,0.091,26613.42
1767819600,0.091,0.092,0.091,0.092,33020.29
1767820500,0.092,0.093,0.091,0.092,149117.26
1767821400,0.092,0.093,0.092,0.093,15981.59
1767822300,0.093,0.093,0.092,0.092,24647.04
1767823200,0.092,0.093,0.091,0.092,212596.95
1767824100,0.092,0.093,0.091,0.093,584598.49
1767825000,0.092,0.093,0.091,0.092,79952.37
1767825900,0.091,0.092,0.09,0.09,259345.46
1767826800,0.091,0.092,0.09,0.092,357397.77
1767827700,0.092,0.092,0.091,0.092,199937.15
1767828600,0.092,0.092,0.091,0.091,146893.58000000002
1767829500,0.091,0.092,0.09,0.09,138499.87
1767830400,0.09,0.091,0.09,0.09,74155.70999999999
1767831300,0.09,0.091,0.09,0.091,4474.99
1767832200,0.09,0.091,0.09,0.091,234446.44
1767833100,0.091,0.091,0.09,0.09,29468.49
1767834000,0.09,0.092,0.09,0.092,254578.72
1767834900,0.092,0.092,0.09,0.092,436749.73
1767835800,0.092,0.093,0.091,0.092,289448.11
1767836700,0.092,0.092,0.09,0.091,1093838.36
1767837600,0.091,0.091,0.09,0.09,43007.22
1767838500,0.09,0.091,0.089,0.089,128433.76000000001
1767839400,0.09,0.09,0.088,0.089,671169.63
1767840300,0.089,0.09,0.088,0.089,620476.93
1767841200,0.088,0.09,0.088,0.089,627234.53
1767842100,0.089,0.09,0.088,0.088,399882.74
1767843000,0.088,0.089,0.088,0.088,44492.93
1767843900,0.088,0.088,0.087,0.087,352960.09
1767844800,0.087,0.089,0.087,0.088,554066.77
1767845700,0.088,0.091,0.088,0.09,1016715.0800000001
1767846600,0.09,0.091,0.09,0.09,134486.4
1767847500,0.09,0.091,0.09,0.091,187536.16
1767848400,0.09,0.092,0.09,0.092,190686.64
1767849300,0.092,0.092,0.09,0.09,562174.1
1767850200,0.09,0.092,0.09,0.092,862592.49
1767851100,0.092,0.092,0.091,0.092,42705.63
1767852000,0.091,0.092,0.09,0.09,148886.14
1767852900,0.09,0.091,0.09,0.091,130849.91
1767853800,0.091,0.092,0.09,0.091,553330.53
1767854700,0.091,0.092,0.09,0.09,334317.94
1767855600,0.09,0.092,0.09,0.092,442933.73
1767856500,0.091,0.092,0.09,0.091,414457.86
1767857400,0.091,0.094,0.091,0.091,4561856.34
1767858300,0.091,0.092,0.089,0.091,3655589.33
1767859200,0.092,0.093,0.091,0.091,599083.92
1767860100,0.091,0.092,0.091,0.091,448602.01999999996
1767861000,0.091,0.092,0.09,0.09,153868.5
1767861900,0.09,0.091,0.09,0.091,24175.28
1767862800,0.091,0.091,0.09,0.09,43032.16
1767863700,0.09,0.091,0.09,0.09,20888.64
1767864600,0.09,0.091,0.089,0.089,170546.68
1767865500,0.089,0.091,0.089,0.09,53394.469999999994
1767866400,0.091,0.091,0.09,0.091,47917.6
1767867300,0.09,0.092,0.09,0.092,191807.34
1767868200,0.092,0.092,0.091,0.091,73751.81
1767869100,0.092,0.092,0.09,0.091,983951.66
1767870000,0.091,0.092,0.09,0.091,368331.21
1767870900,0.091,0.091,0.09,0.091,101658.69
1767871800,0.09,0.092,0.09,0.092,593497.92
1767872700,0.091,0.091,0.091,0.091,9899.75
1767873600,0.091,0.091,0.09,0.091,163235.44
1767874500,0.091,0.091,0.09,0.091,23690.75
1767875400,0.091,0.091,0.089,0.09,567588.68
1767876300,0.089,0.09,0.089,0.089,59456.72
1767877200,0.09,0.092,0.089,0.092,574887.6599999999
1767878100,0.092,0.093,0.091,0.093,341258.76
1767879000,0.093,0.093,0.092,0.092,55564.51
1767879900,0.093,0.093,0.091,0.092,152130.32
1767880800,0.092,0.093,0.091,0.092,802169.03
1767881700,0.091,0.092,0.091,0.092,138299.99
1767882600,0.092,0.092,0.091,0.092,15908.97
1767883500,0.091,0.092,0.09,0.092,1062306.77
1767884400,0.092,0.092,0.091,0.092,99095.1
1767885300,0.091,0.092,0.091,0.092,105490.77
1767886200,0.091,0.092,0.091,0.092,13297.17
1767887100,0.091,0.092,0.091,0.091,322600.67
1767888000,0.092,0.092,0.091,0.092,71077.73999999999
1767888900,0.091,0.092,0.091,0.092,55677.11
1767889800,0.092,0.092,0.091,0.091,39645.72
1767890700,0.091,0.092,0.091,0.092,44548.630000000005
1767891600,0.092,0.092,0.091,0.091,158302.19
1767892500,0.091,0.092,0.091,0.092,54837.61
1767893400,0.091,0.092,0.091,0.091,29455.579999999998
1767894300,0.091,0.092,0.091,0.091,56732.439999999995
1767895200,0.092,0.092,0.091,0.091,66630.28
1767896100,0.092,0.092,0.091,0.092,142088.25
1767897000,0.092,0.092,0.091,0.091,91294.47
1767897900,0.091,0.092,0.091,0.091,50232.63
1767898800,0.091,0.091,0.091,0.091,10916.289999999999
1767899700,0.091,0.091,0.09,0.09,63558.090000000004
1767900600,0.09,0.092,0.09,0.091,276080.87
1767901500,0.092,0.092,0.091,0.091,35703.63
1767902400,0.091,0.092,0.091,0.091,41376.18
1767903300,0.091,0.092,0.09,0.09,49885.04
1767904200,0.09,0.092,0.09,0.091,72443.59
1767905100,0.091,0.092,0.091,0.091,573.97
1767906000,0.091,0.092,0.091,0.091,4047.8599999999997
1767906900,0.091,0.092,0.091,0.091,86670.19
1767907800,0.091,0.093,0.091,0.092,345803.23
1767908700,0.093,0.093,0.091,0.092,180093.97
1767909600,0.092,0.092,0.091,0.092,190648.57
1767910500,0.092,0.094,0.092,0.093,548698.22
1767911400,0.094,0.095,0.094,0.094,833137.69
1767912300,0.094,0.095,0.094,0.094,227194.69999999998
1767913200,0.095,0.096,0.094,0.095,364003.51
1767914100,0.096,0.096,0.095,0.095,37498.39
1767915000,0.095,0.096,0.095,0.095,182494.96
1767915900,0.095,0.096,0.093,0.094,985081.18
1767916800,0.094,0.096,0.094,0.094,381011.52
1767917700,0.094,0.095,0.094,0.094,28048.04
1767918600,0.094,0.094,0.093,0.094,482599.57
1767919500,0.093,0.094,0.093,0.094,73863.15000000001
1767920400,0.095,0.095,0.093,0.093,239502.24999999997
1767921300,0.094,0.094,0.092,0.093,1043138.79
1767922200,0.094,0.094,0.093,0.093,552784.74
1767923100,0.093,0.094,0.093,0.094,545497.97
1767924000,0.094,0.095,0.093,0.094,208769.05
1767924900,0.095,0.095,0.094,0.095,83054.04
1767925800,0.094,0.095,0.094,0.094,57894.98
1767926700,0.095,0.095,0.094,0.094,37939.770000000004
1767927600,0.095,0.095,0.094,0.094,279550.44
1767928500,0.095,0.095,0.094,0.095,14424.49
1767929400,0.095,0.095,0.094,0.094,46782.36
1767930300,0.094,0.095,0.094,0.095,14926.94
1767931200,0.094,0.095,0.092,0.093,582253.1499999999
1767932100,0.093,0.093,0.092,0.093,6461.47
1767933000,0.093,0.093,0.092,0.092,25600.34
1767933900,0.092,0.093,0.092,0.092,5593.02
1767934800,0.093,0.093,0.092,0.093,19512.33
1767935700,0.093,0.093,0.092,0.093,25054.23
1767936600,0.093,0.093,0.092,0.092,49909.74
1767937500,0.093,0.093,0.092,0.092,103545.77
1767938400,0.092,0.095,0.092,0.094,853277.26
1767939300,0.094,0.094,0.093,0.094,124375.48999999999
1767940200,0.094,0.094,0.093,0.093,12483.150000000001
1767941100,0.093,0.095,0.093,0.094,191746.99999999997
1767942000,0.094,0.095,0.094,0.094,14157.07
1767942900,0.094,0.095,0.094,0.094,144935.31
1767943800,0.094,0.095,0.094,0.094,57667.090000000004
1767944700,0.094,0.095,0.094,0.094,14225.460000000001
1767945600,0.095,0.095,0.094,0.094,75868.73
1767946500,0.095,0.095,0.094,0.095,23326.16
1767947400,0.095,0.095,0.093,0.094,47840.58
1767948300,0.093,0.094,0.093,0.093,54868.85
1767949200,0.094,0.094,0.093,0.094,91359.66
1767950100,0.093,0.094,0.093,0.093,71776.72
1767951000,0.093,0.094,0.093,0.093,112824.07
1767951900,0.093,0.094,0.093,0.093,69734.78
1767952800,0.093,0.094,0.093,0.093,82191.84
1767953700,0.093,0.094,0.093,0.093,111302.01000000001
1767954600,0.093,0.094,0.093,0.093,94484.59
1767955500,0.093,0.094,0.093,0.094,44372.44
1767956400,0.094,0.094,0.093,0.093,310287.3
1767957300,0.093,0.094,0.093,0.094,62658.15
1767958200,0.093,0.093,0.092,0.092,235996.7
1767959100,0.093,0.093,0.092,0.093,48384.06
1767960000,0.093,0.094,0.093,0.093,90701.76999999999
1767960900,0.093,0.094,0.093,0.093,82436.0
1767961800,0.093,0.094,0.092,0.092,81370.31
1767962700,0.092,0.093,0.092,0.093,346199.26999999996
1767963600,0.092,0.093,0.092,0.092,63757.41
1767964500,0.092,0.093,0.092,0.092,37051.98
1767965400,0.093,0.093,0.092,0.093,44010.4
1767966300,0.092,0.093,0.092,0.093,43449.17
1767967200,0.093,0.093,0.092,0.093,174664.56
1767968100,0.093,0.093,0.092,0.093,73988.88
1767969000,0.093,0.093,0.092,0.092,11458.25
1767969900,0.092,0.093,0.092,0.092,185092.86
1767970800,0.092,0.093,0.092,0.093,220309.59
1767971700,0.093,0.093,0.092,0.093,131343.74000000002
1767972600,0.093,0.094,0.092,0.094,822292.79
1767973500,0.093,0.094,0.092,0.093,591545.71
1767974400,0.093,0.095,0.093,0.094,484436.11000000004
1767975300,0.094,0.095,0.092,0.092,1018943.55
1767976200,0.093,0.093,0.091,0.092,1719235.64
1767977100,0.092,0.092,0.091,0.092,1323217.84
1767978000,0.092,0.093,0.092,0.092,606298.72
1767978900,0.093,0.093,0.092,0.092,41006.71
1767979800,0.092,0.092,0.092,0.092,11247.76
1767980700,0.093,0.093,0.092,0.093,9947.6
1767981600,0.093,0.093,0.092,0.092,21731.97
1767982500,0.092,0.093,0.092,0.092,59256.79
1767983400,0.092,0.093,0.091,0.092,393850.32
1767984300,0.093,0.093,0.092,0.093,18394.32
1767985200,0.093,0.093,0.091,0.092,169257.5
1767986100,0.091,0.092,0.091,0.092,12650.68
1767987000,0.092,0.092,0.091,0.092,56264.94
1767987900,0.092,0.092,0.091,0.092,29857.739999999998
1767988800,0.092,0.093,0.091,0.093,121896.88
1767989700,0.093,0.093,0.092,0.092,14886.92
1767990600,0.092,0.093,0.092,0.093,3529.37
1767991500,0.093,0.093,0.092,0.092,13914.449999999999
1767992400,0.092,0.092,0.092,0.092,1106.36
1767993300,0.092,0.092,0.092,0.092,6468.71
1767994200,0.092,0.093,0.092,0.093,222626.94
1767995100,0.093,0.093,0.092,0.092,12225.85
1767996000,0.092,0.093,0.092,0.093,912.43
1767996900,0.092,0.093,0.092,0.092,4486.91
1767997800,0.092,0.093,0.092,0.093,33350.67
1767998700,0.093,0.093,0.092,0.092,145.0
1767999600,0.092,0.093,0.092,0.093,14553.61
1768000500,0.093,0.093,0.092,0.093,39050.939999999995
1768001400,0.093,0.093,0.092,0.092,4886.75
1768002300,0.092,0.093,0.092,0.092,4843.21
1768003200,0.092,0.092,0.091,0.092,272467.27999999997
1768004100,0.092,0.092,0.091,0.092,40968.57
1768005000,0.091,0.092,0.091,0.091,8611.65
1768005900,0.091,0.092,0.091,0.092,10256.99
1768006800,0.092,0.092,0.091,0.091,6750.53
1768007700,0.091,0.092,0.091,0.091,164450.82
1768008600,0.091,0.092,0.091,0.092,4571.85
1768009500,0.091,0.092,0.091,0.092,29265.420000000002
1768010400,0.092,0.092,0.091,0.092,146024.48
1768011300,0.092,0.092,0.092,0.092,128068.24
1768012200,0.092,0.092,0.092,0.092,2029.86
1768013100,0.092,0.092,0.091,0.092,38282.67
1768014000,0.092,0.092,0.091,0.092,1867.11
1768014900,0.091,0.092,0.091,0.091,23246.14
1768015800,0.091,0.092,0.091,0.092,24592.12
1768016700,0.091,0.092,0.091,0.091,3014.31
1768017600,0.091,0.092,0.091,0.091,17465.13
1768018500,0.091,0.091,0.091,0.091,19165.49
1768019400,0.091,0.093,0.091,0.092,419719.23
1768020300,0.092,0.093,0.091,0.092,1313827.43
1768021200,0.092,0.092,0.091,0.092,207118.32
1768022100,0.091,0.092,0.091,0.092,5436.24
1768023000,0.092,0.092,0.091,0.091,76600.66
1768023900,0.091,0.092,0.091,0.092,6108.4400000000005
1768024800,0.092,0.092,0.091,0.091,18957.5
1768025700,0.091,0.092,0.091,0.091,5331.139999999999
1768026600,0.092,0.093,0.091,0.091,1154525.9400000002
1768027500,0.091,0.093,0.091,0.092,216678.15000000002
1768028400,0.092,0.093,0.092,0.093,7691.07
1768029300,0.093,0.094,0.092,0.093,384072.03
1768030200,0.093,0.094,0.093,0.093,30911.760000000002
1768031100,0.093,0.094,0.092,0.093,161094.83000000002
1768032000,0.093,0.093,0.091,0.093,1103152.85
1768032900,0.092,0.093,0.092,0.092,675102.46
1768033800,0.092,0.093,0.091,0.092,1692724.3800000001
1768034700,0.092,0.093,0.091,0.092,143996.47
1768035600,0.093,0.093,0.092,0.092,137638.44
1768036500,0.092,0.093,0.091,0.093,283916.02
1768037400,0.092,0.092,0.09,0.09,1534382.8800000001
1768038300,0.091,0.092,0.09,0.092,600750.19
1768039200,0.092,0.092,0.091,0.091,23026.370000000003
1768040100,0.092,0.092,0.091,0.091,49913.87
1768041000,0.091,0.092,0.091,0.092,11072.73
1768041900,0.091,0.092,0.091,0.092,96535.85
1768042800,0.091,0.093,0.091,0.092,242481.22999999998
1768043700,0.092,0.093,0.091,0.091,532831.78
1768044600,0.091,0.093,0.091,0.092,103121.24
1768045500,0.092,0.092,0.091,0.091,95490.78
1768046400,0.092,0.093,0.091,0.093,166597.08000000002
1768047300,0.093,0.093,0.091,0.092,73541.66
1768048200,0.092,0.093,0.091,0.091,396005.02
1768049100,0.091,0.093,0.091,0.093,545733.9299999999
1768050000,0.092,0.094,0.092,0.092,634867.95
1768050900,0.093,0.093,0.092,0.092,30055.59
1768051800,0.092,0.093,0.092,0.092,14271.62
1768052700,0.092,0.093,0.092,0.093,274714.77
1768053600,0.092,0.093,0.092,0.092,5220.74
1768054500,0.092,0.093,0.092,0.092,106117.3
1768055400,0.093,0.093,0.092,0.093,131825.82
1768056300,0.092,0.093,0.092,0.093,46605.32
1768057200,0.093,0.093,0.092,0.092,36382.86
1768058100,0.092,0.093,0.092,0.093,3873.0
1768059000,0.093,0.093,0.092,0.093,11871.650000000001
1768059900,0.093,0.093,0.092,0.092,71265.35
1768060800,0.093,0.093,0.092,0.093,17158.54
1768061700,0.093,0.093,0.092,0.092,22668.41
1768062600,0.092,0.093,0.092,0.092,97199.76
1768063500,0.092,0.093,0.092,0.093,7214.2
1768064400,0.093,0.093,0.092,0.092,7319.62
1768065300,0.092,0.093,0.092,0.092,24936.22
1768066200,0.092,0.093,0.092,0.092,58453.229999999996
1768067100,0.092,0.093,0.092,0.092,129647.83
1768068000,0.092,0.093,0.092,0.093,14656.449999999999
1768068900,0.092,0.093,0.092,0.092,25953.460000000003
1768069800,0.092,0.093,0.092,0.092,6501.93
1768070700,0.093,0.093,0.092,0.092,4732.37
1768071600,0.092,0.093,0.092,0.093,20646.53
1768072500,0.093,0.093,0.092,0.093,7993.6
1768073400,0.093,0.093,0.092,0.092,7210.34
1768074300,0.093,0.093,0.092,0.093,6607.01
1768075200,0.093,0.093,0.092,0.093,6128.96
1768076100,0.093,0.093,0.092,0.093,4168.63
1768077000,0.093,0.093,0.092,0.092,69106.04000000001
1768077900,0.093,0.093,0.092,0.093,129296.0
1768078800,0.093,0.093,0.092,0.093,14511.36
1768079700,0.093,0.093,0.092,0.093,18051.73
1768080600,0.093,0.093,0.092,0.092,24738.97
1768081500,0.092,0.093,0.092,0.092,25884.65
1768082400,0.092,0.092,0.092,0.092,27602.71
1768083300,0.092,0.093,0.092,0.092,18823.109999999997
1768084200,0.092,0.093,0.092,0.092,9331.08
1768085100,0.092,0.093,0.092,0.092,74550.95999999999
1768086000,0.092,0.092,0.092,0.092,301.15
1768086900,0.092,0.093,0.092,0.092,71424.92
1768087800,0.092,0.093,0.091,0.091,246598.75
1768088700,0.091,0.092,0.091,0.091,14161.41
1768089600,0.091,0.093,0.091,0.091,259162.52999999997
1768090500,0.091,0.092,0.091,0.091,11067.98
1768091400,0.091,0.092,0.091,0.091,194354.43
1768092300,0.091,0.092,0.091,0.091,1297.8799999999999
1768093200,0.091,0.092,0.091,0.091,84440.24
1768094100,0.091,0.092,0.091,0.092,8097.46
1768095000,0.092,0.092,0.091,0.091,18391.75
1768095900,0.091,0.091,0.091,0.091,1522.02
1768096800,0.091,0.091,0.091,0.091,37513.049999999996
1768097700,0.091,0.092,0.091,0.091,78507.5
1768098600,0.091,0.092,0.091,0.091,66978.29
1768099500,0.091,0.092,0.09,0.091,119866.34
1768100400,0.091,0.091,0.09,0.09,34771.57
1768101300,0.091,0.091,0.09,0.091,145596.41
1768102200,0.091,0.091,0.09,0.091,8713.47
1768103100,0.09,0.092,0.09,0.09,119986.9
1768104000,0.09,0.091,0.09,0.09,14740.6
1768104900,0.09,0.091,0.09,0.09,2127.15
1768105800,0.09,0.091,0.09,0.09,5326.59
1768106700,0.09,0.091,0.09,0.091,5458.15
1768107600,0.091,0.091,0.091,0.091,3068.93
1768108500,0.091,0.091,0.09,0.091,6583.75
1768109400,0.091,0.091,0.09,0.09,48715.64
1768110300,0.09,0.09,0.09,0.09,25364.81
1768111200,0.09,0.091,0.09,0.091,4020.52
1768112100,0.091,0.091,0.09,0.091,38601.1
1768113000,0.091,0.091,0.09,0.091,7848.27
1768113900,0.091,0.091,0.09,0.09,7256.16
1768114800,0.091,0.091,0.09,0.091,7531.84
1768115700,0.091,0.091,0.09,0.091,218153.08999999997
1768116600,0.091,0.091,0.09,0.09,9819.619999999999
1768117500,0.09,0.091,0.09,0.091,14204.47
1768118400,0.091,0.091,0.09,0.09,48173.37
1768119300,0.091,0.091,0.089,0.091,336675.09
1768120200,0.09,0.091,0.089,0.089,332030.10000000003
1768121100,0.089,0.09,0.089,0.09,346003.88
1768122000,0.09,0.09,0.089,0.089,32133.079999999998
1768122900,0.09,0.09,0.089,0.09,198443.45
1768123800,0.09,0.09,0.089,0.089,1527.76
1768124700,0.09,0.09,0.089,0.089,88008.20999999999
1768125600,0.09,0.09,0.089,0.089,22464.1
1768126500,0.089,0.09,0.089,0.089,3297.98
1768127400,0.09,0.09,0.089,0.09,27684.79
1768128300,0.09,0.09,0.089,0.09,48536.79
1768129200,0.089,0.09,0.088,0.089,79437.63
1768130100,0.089,0.089,0.088,0.089,30882.059999999998
1768131000,0.089,0.089,0.088,0.089,38037.630000000005
1768131900,0.089,0.089,0.088,0.089,27180.02
1768132800,0.089,0.089,0.088,0.088,22397.719999999998
1768133700,0.088,0.089,0.088,0.088,45645.32
1768134600,0.088,0.089,0.088,0.089,10747.41
1768135500,0.089,0.089,0.088,0.088,23344.99
1768136400,0.088,0.089,0.088,0.089,62783.93
1768137300,0.089,0.089,0.088,0.088,130715.92
1768138200,0.088,0.089,0.088,0.089,46771.17
1768139100,0.089,0.089,0.088,0.088,13135.54
1768140000,0.089,0.089,0.088,0.088,24780.85
1768140900,0.088,0.089,0.088,0.088,54383.05
1768141800,0.088,0.089,0.088,0.089,8713.71
1768142700,0.089,0.09,0.088,0.089,377522.44
1768143600,0.089,0.089,0.088,0.089,114542.37
1768144500,0.089,0.09,0.088,0.09,43020.91
1768145400,0.09,0.09,0.089,0.089,16154.57
1768146300,0.09,0.09,0.089,0.09,16818.52
1768147200,0.09,0.09,0.089,0.089,5035.889999999999
1768148100,0.089,0.09,0.089,0.089,27823.07
1768149000,0.09,0.09,0.089,0.09,18842.739999999998
1768149900,0.09,0.09,0.089,0.089,91307.98999999999
1768150800,0.09,0.09,0.089,0.09,4892.82
1768151700,0.09,0.09,0.089,0.09,41349.92
1768152600,0.09,0.09,0.088,0.09,134047.19
1768153500,0.089,0.09,0.089,0.09,3950.47
1768154400,0.089,0.09,0.087,0.088,625982.22
1768155300,0.088,0.089,0.088,0.089,5938.47
1768156200,0.089,0.089,0.088,0.088,6437.54
1768157100,0.089,0.089,0.088,0.088,10030.84
1768158000,0.088,0.089,0.088,0.089,9892.65
1768158900,0.089,0.089,0.088,0.089,72822.08
1768159800,0.089,0.089,0.088,0.089,11670.939999999999
1768160700,0.089,0.089,0.087,0.088,83261.13
1768161600,0.088,0.089,0.088,0.088,24863.2
1768162500,0.088,0.089,0.088,0.088,22768.9
1768163400,0.089,0.089,0.088,0.089,30111.190000000002
1768164300,0.088,0.088,0.088,0.088,22969.23
1768165200,0.089,0.09,0.088,0.089,311017.81
1768166100,0.089,0.09,0.088,0.09,102021.65
1768167000,0.089,0.089,0.087,0.088,295380.19
1768167900,0.088,0.088,0.087,0.088,24123.14
1768168800,0.088,0.088,0.087,0.087,39888.95
1768169700,0.088,0.089,0.087,0.089,56197.229999999996
1768170600,0.089,0.089,0.088,0.089,15695.6
1768171500,0.089,0.089,0.088,0.089,1800.57
1768172400,0.088,0.088,0.087,0.088,143227.27
1768173300,0.088,0.088,0.087,0.087,376519.08
1768174200,0.087,0.088,0.087,0.088,32171.85
1768175100,0.088,0.088,0.087,0.087,18093.74
1768176000,0.087,0.088,0.087,0.087,183951.74
1768176900,0.087,0.087,0.086,0.087,86643.47
1768177800,0.087,0.088,0.086,0.088,355864.57
1768178700,0.087,0.088,0.086,0.088,144516.31
1768179600,0.088,0.088,0.087,0.087,31676.219999999998
1768180500,0.088,0.088,0.087,0.088,23393.559999999998
1768181400,0.088,0.088,0.087,0.087,101736.95
1768182300,0.087,0.088,0.087,0.088,73982.97
1768183200,0.088,0.088,0.087,0.087,586526.01
1768184100,0.088,0.088,0.086,0.087,670398.71
1768185000,0.087,0.088,0.087,0.088,158872.95
1768185900,0.088,0.089,0.087,0.089,1026759.95
1768186800,0.089,0.089,0.088,0.088,475828.42
1768187700,0.089,0.09,0.088,0.089,596659.0
1768188600,0.089,0.09,0.088,0.089,567386.81
1768189500,0.09,0.09,0.089,0.089,114410.6
1768190400,0.089,0.089,0.089,0.089,3945.79
1768191300,0.09,0.09,0.089,0.09,213880.87
1768192200,0.09,0.09,0.09,0.09,11296.27
1768193100,0.09,0.09,0.089,0.089,66811.62999999999
1768194000,0.089,0.091,0.089,0.091,585215.27
1768194900,0.09,0.091,0.09,0.091,18305.33
1768195800,0.091,0.091,0.089,0.09,73962.08
1768196700,0.09,0.09,0.089,0.09,23615.86
1768197600,0.09,0.09,0.089,0.089,6241.66
1768198500,0.089,0.09,0.089,0.09,455304.72000000003
1768199400,0.089,0.09,0.089,0.089,3967.2899999999995
1768200300,0.089,0.09,0.089,0.089,44620.19
1768201200,0.089,0.089,0.088,0.088,44218.48
1768202100,0.088,0.089,0.088,0.089,2742.8399999999997
1768203000,0.089,0.089,0.087,0.087,271181.29
1768203900,0.088,0.088,0.087,0.087,57185.64
1768204800,0.087,0.088,0.087,0.088,5488.59
1768205700,0.088,0.088,0.087,0.088,10113.34
1768206600,0.088,0.088,0.086,0.086,334912.48
1768207500,0.086,0.088,0.086,0.088,324770.32
1768208400,0.087,0.088,0.086,0.086,481061.13
1768209300,0.086,0.087,0.086,0.087,219504.88
1768210200,0.086,0.087,0.086,0.087,91465.91
1768211100,0.087,0.087,0.086,0.086,14076.58
1768212000,0.086,0.086,0.085,0.086,107650.98000000001
1768212900,0.085,0.086,0.084,0.085,458684.49
1768213800,0.084,0.085,0.084,0.084,189389.33000000002
1768214700,0.084,0.086,0.084,0.085,189028.38999999998
1768215600,0.085,0.086,0.085,0.085,78569.56
1768216500,0.085,0.086,0.085,0.085,41136.159999999996
1768217400,0.086,0.086,0.085,0.085,25313.43
1768218300,0.085,0.086,0.085,0.086,120062.45
1768219200,0.086,0.087,0.085,0.086,287169.02
1768220100,0.086,0.086,0.085,0.085,8180.639999999999
1768221000,0.085,0.087,0.085,0.086,116419.89
1768221900,0.086,0.086,0.084,0.084,1010396.77
1768222800,0.084,0.086,0.084,0.084,221796.88
1768223700,0.085,0.085,0.084,0.084,80753.42
1768224600,0.084,0.085,0.084,0.084,29991.6
1768225500,0.084,0.085,0.084,0.084,97425.67
1768226400,0.084,0.085,0.084,0.084,75104.59
1768227300,0.084,0.085,0.083,0.083,202966.63
1768228200,0.083,0.085,0.083,0.084,118168.96
1768229100,0.084,0.085,0.084,0.085,84155.37
1768230000,0.085,0.086,0.084,0.084,470092.55
1768230900,0.085,0.086,0.085,0.086,165025.91
1768231800,0.086,0.086,0.085,0.086,48435.42
1768232700,0.085,0.086,0.085,0.086,51108.270000000004
1768233600,0.086,0.087,0.085,0.085,288487.53
1768234500,0.086,0.088,0.085,0.087,801717.73
1768235400,0.087,0.088,0.086,0.086,137353.74
1768236300,0.086,0.087,0.086,0.086,302210.27
1768237200,0.086,0.086,0.086,0.086,3990.36
1768238100,0.086,0.087,0.086,0.086,149685.52
1768239000,0.086,0.087,0.085,0.086,632793.83
1768239900,0.086,0.087,0.086,0.086,105833.07
1768240800,0.086,0.087,0.086,0.086,60591.21
1768241700,0.086,0.087,0.086,0.086,22459.94
1768242600,0.086,0.087,0.085,0.085,38798.72
1768243500,0.085,0.086,0.085,0.086,32737.38
1768244400,0.086,0.086,0.085,0.086,90575.72
1768245300,0.086,0.086,0.085,0.085,5754.76
1768246200,0.085,0.086,0.085,0.085,5213.92
1768247100,0.085,0.086,0.085,0.085,8658.04
1768248000,0.085,0.086,0.085,0.086,160077.07
1768248900,0.086,0.086,0.085,0.085,2913.27
1768249800,0.085,0.086,0.085,0.085,2275.99
1768250700,0.085,0.087,0.085,0.086,217074.23
1768251600,0.086,0.087,0.085,0.086,137364.87
1768252500,0.086,0.087,0.086,0.086,234193.72
1768253400,0.087,0.087,0.086,0.086,21050.17
1768254300,0.087,0.087,0.085,0.085,169831.73999999996
1768255200,0.086,0.086,0.085,0.085,4302.9
1768256100,0.085,0.086,0.085,0.085,6656.010000000001
1768257000,0.085,0.086,0.085,0.086,17093.57
1768257900,0.086,0.086,0.085,0.085,96.98
1768258800,0.085,0.086,0.085,0.086,18828.38
1768259700,0.086,0.086,0.085,0.085,80675.41
1768260600,0.085,0.085,0.085,0.085,10995.49
1768261500,0.085,0.087,0.085,0.086,260878.29
1768262400,0.087,0.087,0.086,0.086,16189.47
1768263300,0.086,0.087,0.086,0.087,20938.79
1768264200,0.087,0.087,0.086,0.086,13467.539999999999
1768265100,0.086,0.087,0.086,0.087,68743.84
1768266000,0.087,0.087,0.087,0.087,73178.04000000001
1768266900,0.086,0.087,0.086,0.086,29044.809999999998
1768267800,0.086,0.087,0.086,0.087,24698.489999999998
1768268700,0.086,0.087,0.086,0.086,123618.76000000001
1768269600,0.086,0.088,0.086,0.087,331116.64
1768270500,0.087,0.087,0.086,0.086,154536.51
1768271400,0.086,0.087,0.086,0.087,20199.78
1768272300,0.087,0.087,0.085,0.086,147804.16
1768273200,0.086,0.09,0.085,0.086,5134027.09
1768274100,0.085,0.086,0.085,0.085,92621.5
1768275000,0.085,0.086,0.085,0.085,306249.23000000004
1768275900,0.085,0.086,0.085,0.086,10678.789999999999
1768276800,0.086,0.086,0.083,0.085,2409807.83
1768277700,0.085,0.086,0.084,0.084,582125.2000000001
1768278600,0.084,0.085,0.084,0.084,5135.57
1768279500,0.085,0.085,0.084,0.085,11525.539999999999
1768280400,0.085,0.086,0.085,0.085,105589.54
1768281300,0.086,0.087,0.085,0.086,841676.07
1768282200,0.086,0.087,0.085,0.085,511490.22
1768283100,0.085,0.086,0.085,0.086,67701.23
1768284000,0.086,0.086,0.084,0.085,476602.62
1768284900,0.084,0.086,0.084,0.085,271996.36
1768285800,0.085,0.086,0.085,0.085,111335.31
1768286700,0.086,0.086,0.085,0.086,58583.62
1768287600,0.086,0.086,0.085,0.085,13033.82
1768288500,0.085,0.086,0.085,0.085,50582.94
1768289400,0.085,0.086,0.084,0.085,449846.83
1768290300,0.085,0.086,0.084,0.084,608956.34
1768291200,0.085,0.085,0.083,0.084,1473314.8
1768292100,0.083,0.084,0.083,0.084,47320.270000000004
1768293000,0.084,0.084,0.083,0.084,76468.88
1768293900,0.083,0.085,0.083,0.085,360717.33
1768294800,0.085,0.085,0.084,0.084,10724.89
1768295700,0.085,0.085,0.084,0.085,27922.77
1768296600,0.085,0.085,0.084,0.085,24411.51
1768297500,0.085,0.085,0.084,0.084,805031.23
1768298400,0.084,0.085,0.084,0.084,4117.91
1768299300,0.084,0.085,0.083,0.085,306017.8
1768300200,0.084,0.085,0.081,0.082,2260311.49
1768301100,0.083,0.083,0.082,0.082,196222.5
1768302000,0.083,0.083,0.079,0.081,10356704.9
1768302900,0.081,0.082,0.079,0.082,5951612.59
1768303800,0.082,0.083,0.082,0.083,306582.58999999997
1768304700,0.082,0.084,0.082,0.083,646589.1699999999
1768305600,0.083,0.084,0.082,0.083,471167.01999999996
1768306500,0.083,0.084,0.083,0.083,257139.06
1768307400,0.083,0.083,0.082,0.083,77443.64
1768308300,0.083,0.084,0.082,0.084,1089005.1199999999
1768309200,0.084,0.088,0.083,0.087,2918953.55
1768310100,0.087,0.087,0.084,0.085,2071962.93
1768311000,0.086,0.086,0.085,0.085,157453.94
1768311900,0.085,0.086,0.084,0.085,301593.35000000003
1768312800,0.085,0.087,0.085,0.085,583040.48
1768313700,0.085,0.086,0.085,0.086,65854.7
1768314600,0.086,0.087,0.085,0.087,1341415.11
1768315500,0.087,0.087,0.085,0.086,269084.57
1768316400,0.086,0.086,0.085,0.086,244254.78
1768317300,0.086,0.086,0.085,0.086,63792.94
1768318200,0.086,0.087,0.085,0.086,581091.8099999999
1768319100,0.086,0.086,0.085,0.085,56823.149999999994
1768320000,0.086,0.086,0.085,0.085,89343.71
1768320900,0.086,0.086,0.085,0.086,37965.79
1768321800,0.086,0.086,0.085,0.085,51578.46
1768322700,0.086,0.086,0.085,0.086,6691.77
1768323600,0.086,0.086,0.085,0.085,30854.37
1768324500,0.085,0.086,0.085,0.086,80938.3
1768325400,0.086,0.086,0.085,0.086,16715.96
1768326300,0.085,0.086,0.085,0.086,157676.69999999998
1768327200,0.086,0.086,0.085,0.086,16396.94
1768328100,0.086,0.086,0.085,0.085,46625.5
1768329000,0.086,0.086,0.085,0.086,76062.00000000001
1768329900,0.086,0.086,0.085,0.086,31446.379999999997
1768330800,0.086,0.086,0.085,0.086,88147.09999999999
1768331700,0.086,0.086,0.085,0.085,78364.0
1768332600,0.086,0.087,0.086,0.087,104350.88
1768333500,0.087,0.088,0.086,0.087,346259.09
1768334400,0.087,0.088,0.087,0.088,25383.91
1768335300,0.087,0.088,0.087,0.087,9927.62
1768336200,0.087,0.088,0.087,0.087,68119.38
1768337100,0.087,0.088,0.087,0.087,196075.08000000002
1768338000,0.086,0.087,0.086,0.087,96545.97
1768338900,0.086,0.086,0.085,0.085,235982.99
1768339800,0.085,0.086,0.085,0.086,12042.59
1768340700,0.085,0.086,0.085,0.086,6346.64
1768341600,0.086,0.088,0.085,0.087,1025329.83
1768342500,0.087,0.087,0.086,0.087,99264.6
1768343400,0.087,0.087,0.086,0.087,268478.21
1768344300,0.087,0.088,0.086,0.088,130200.67
1768345200,0.088,0.09,0.087,0.089,1294483.02
1768346100,0.09,0.09,0.088,0.088,505843.77999999997
1768347000,0.088,0.089,0.088,0.088,50061.85
1768347900,0.088,0.089,0.088,0.088,58927.380000000005
1768348800,0.089,0.09,0.088,0.089,556969.51
1768349700,0.089,0.09,0.088,0.089,713557.44
1768350600,0.089,0.089,0.088,0.089,827872.3099999999
1768351500,0.089,0.09,0.088,0.09,194774.35
1768352400,0.09,0.091,0.089,0.09,695398.81
1768353300,0.091,0.092,0.09,0.09,788832.92
1768354200,0.09,0.091,0.089,0.09,1061183.92
1768355100,0.09,0.091,0.087,0.087,1174696.67
1768356000,0.087,0.088,0.086,0.087,1627399.2
1768356900,0.087,0.088,0.087,0.087,532381.7100000001
1768357800,0.087,0.089,0.087,0.088,594196.87
1768358700,0.088,0.089,0.087,0.088,274550.63
1768359600,0.088,0.088,0.087,0.088,72897.79
1768360500,0.088,0.088,0.087,0.088,17474.52
1768361400,0.088,0.089,0.087,0.088,1128749.99
1768362300,0.088,0.089,0.087,0.087,347075.72
1768363200,0.087,0.09,0.087,0.088,509088.46
1768364100,0.087,0.088,0.086,0.087,870643.5699999998
1768365000,0.088,0.088,0.087,0.087,37066.22
1768365900,0.088,0.088,0.087,0.088,5174.57
1768366800,0.088,0.088,0.087,0.087,6378.7699999999995
1768367700,0.088,0.088,0.087,0.087,70869.84
1768368600,0.087,0.088,0.087,0.088,52543.25
1768369500,0.088,0.088,0.087,0.088,105916.95
1768370400,0.088,0.088,0.087,0.087,123309.81
1768371300,0.087,0.088,0.087,0.087,16194.41
1768372200,0.088,0.088,0.087,0.088,4593.92
1768373100,0.088,0.088,0.086,0.087,209214.1
1768374000,0.087,0.088,0.086,0.088,319843.36
1768374900,0.087,0.088,0.087,0.088,24039.989999999998
1768375800,0.088,0.088,0.087,0.088,321963.14
1768376700,0.088,0.088,0.087,0.088,36058.2
1768377600,0.087,0.088,0.087,0.087,710528.01
1768378500,0.087,0.088,0.087,0.088,12847.98
1768379400,0.088,0.088,0.086,0.086,412368.98
1768380300,0.086,0.087,0.085,0.086,1550957.19
1768381200,0.086,0.086,0.085,0.086,666718.7300000001
1768382100,0.086,0.087,0.085,0.086,785276.37
1768383000,0.086,0.088,0.086,0.088,805450.0
1768383900,0.087,0.088,0.085,0.087,386083.01
1768384800,0.087,0.087,0.085,0.087,261273.72999999998
1768385700,0.086,0.087,0.086,0.087,134014.22
1768386600,0.087,0.087,0.085,0.087,545317.63
1768387500,0.087,0.087,0.086,0.086,37969.76
1768388400,0.086,0.086,0.085,0.086,23724.64
1768389300,0.085,0.086,0.085,0.086,207930.23
1768390200,0.086,0.087,0.086,0.086,7122.2699999999995
1768391100,0.086,0.087,0.086,0.086,99603.16
1768392000,0.086,0.087,0.086,0.086,44237.369999999995
1768392900,0.086,0.087,0.086,0.086,69502.14
1768393800,0.086,0.087,0.086,0.086,20325.6
1768394700,0.086,0.087,0.086,0.086,26814.649999999998
1768395600,0.086,0.087,0.086,0.087,6394.55
1768396500,0.087,0.087,0.086,0.087,246871.21
1768397400,0.087,0.088,0.086,0.087,739000.89
1768398300,0.087,0.088,0.086,0.087,246862.31
1768399200,0.087,0.088,0.086,0.087,156194.16
1768400100,0.087,0.088,0.087,0.088,605767.96
1768401000,0.088,0.09,0.087,0.089,553205.15
1768401900,0.089,0.09,0.088,0.089,948789.6
1768402800,0.088,0.09,0.088,0.089,1201641.14
1768403700,0.089,0.09,0.088,0.089,313047.12
1768404600,0.09,0.09,0.088,0.089,725098.8099999999
1768405500,0.089,0.09,0.088,0.089,112981.39
1768406400,0.09,0.09,0.089,0.09,111376.64
1768407300,0.09,0.09,0.089,0.09,16981.579999999998
1768408200,0.09,0.09,0.088,0.089,297724.94
1768409100,0.088,0.089,0.088,0.089,31356.530000000002
1768410000,0.088,0.089,0.088,0.089,37932.09
1768410900,0.089,0.089,0.088,0.088,144862.34
1768411800,0.088,0.089,0.087,0.088,335463.62999999995
1768412700,0.088,0.089,0.088,0.089,8119.34
1768413600,0.089,0.089,0.088,0.088,16596.9
1768414500,0.088,0.089,0.088,0.089,4855.74
1768415400,0.089,0.089,0.088,0.088,50353.880000000005
1768416300,0.088,0.089,0.087,0.087,288486.77
1768417200,0.087,0.088,0.087,0.087,23898.86
1768418100,0.087,0.088,0.087,0.088,27414.72
1768419000,0.088,0.089,0.088,0.089,195405.59
1768419900,0.089,0.089,0.088,0.088,8682.95
1768420800,0.089,0.089,0.088,0.089,217040.97
1768421700,0.09,0.09,0.089,0.09,31851.660000000003
1768422600,0.09,0.09,0.089,0.089,15350.76
1768423500,0.089,0.089,0.088,0.088,166624.44999999998
1768424400,0.088,0.09,0.088,0.09,189758.69999999998
1768425300,0.09,0.09,0.089,0.089,3485.03
1768426200,0.089,0.09,0.089,0.089,216384.31
1768427100,0.09,0.092,0.089,0.091,984634.46
1768428000,0.091,0.091,0.088,0.088,1452702.09
1768428900,0.089,0.089,0.087,0.088,391037.19
1768429800,0.088,0.088,0.087,0.087,196198.88999999998
1768430700,0.087,0.088,0.087,0.087,31428.35
1768431600,0.088,0.089,0.088,0.089,260881.17
1768432500,0.089,0.089,0.088,0.089,41702.26
1768433400,0.088,0.09,0.088,0.088,1075436.0999999999
1768434300,0.088,0.089,0.088,0.088,15068.16
1768435200,0.089,0.089,0.088,0.088,27667.8
1768436100,0.088,0.089,0.088,0.088,93661.65
1768437000,0.088,0.09,0.088,0.089,966014.8200000001
1768437900,0.089,0.09,0.088,0.088,210527.81999999998
1768438800,0.088,0.089,0.088,0.088,8697.88
1768439700,0.088,0.089,0.088,0.089,73079.84999999999
1768440600,0.089,0.089,0.088,0.089,1649.22
1768441500,0.088,0.089,0.088,0.089,13054.85
1768442400,0.088,0.089,0.088,0.088,17315.239999999998
1768443300,0.088,0.088,0.087,0.088,750539.04
1768444200,0.089,0.089,0.088,0.088,8731.4
1768445100,0.089,0.089,0.088,0.089,3692.2
1768446000,0.088,0.088,0.087,0.088,485035.81
1768446900,0.088,0.089,0.087,0.088,261820.50000000003
1768447800,0.088,0.088,0.087,0.087,73409.54999999999
1768448700,0.087,0.088,0.087,0.088,378615.03
1768449600,0.088,0.088,0.086,0.087,373404.35000000003
1768450500,0.087,0.088,0.087,0.087,283838.84
1768451400,0.087,0.088,0.087,0.087,56134.840000000004
1768452300,0.087,0.088,0.087,0.088,8756.07
1768453200,0.088,0.089,0.087,0.088,386545.62
1768454100,0.088,0.089,0.087,0.088,213303.81999999998
1768455000,0.088,0.088,0.086,0.087,923777.71
1768455900,0.087,0.088,0.086,0.086,681694.58
1768456800,0.086,0.088,0.086,0.088,230171.81
1768457700,0.088,0.088,0.087,0.087,16581.0
1768458600,0.087,0.088,0.087,0.087,4006.23
1768459500,0.087,0.088,0.087,0.088,29366.85
1768460400,0.087,0.088,0.087,0.087,4894.79
1768461300,0.088,0.088,0.087,0.088,362206.94
1768462200,0.088,0.088,0.087,0.088,738854.83
1768463100,0.088,0.089,0.088,0.088,35034.49
1768464000,0.089,0.089,0.087,0.088,1102446.6
1768464900,0.088,0.089,0.088,0.088,86307.34
1768465800,0.087,0.088,0.087,0.087,9774.54
1768466700,0.087,0.088,0.087,0.088,24361.629999999997
1768467600,0.088,0.088,0.087,0.087,32362.73
1768468500,0.087,0.088,0.087,0.088,167243.83
1768469400,0.088,0.089,0.088,0.088,2781.34
1768470300,0.088,0.089,0.088,0.089,91319.34
1768471200,0.089,0.089,0.088,0.089,74313.83
1768472100,0.088,0.089,0.088,0.089,94982.43
1768473000,0.088,0.089,0.088,0.088,4025.08
1768473900,0.089,0.089,0.088,0.088,364789.73
1768474800,0.089,0.09,0.088,0.089,132488.38999999998
1768475700,0.09,0.09,0.089,0.09,69410.7
1768476600,0.09,0.09,0.089,0.089,3361.5800000000004
1768477500,0.089,0.09,0.089,0.09,341898.55
1768478400,0.09,0.09,0.089,0.09,340753.1
1768479300,0.09,0.09,0.089,0.089,152321.0
1768480200,0.09,0.09,0.089,0.089,703543.97
1768481100,0.09,0.091,0.09,0.091,106798.0
1768482000,0.091,0.091,0.089,0.09,1294260.96
1768482900,0.09,0.091,0.089,0.09,509756.97
1768483800,0.09,0.091,0.09,0.09,311935.14
1768484700,0.091,0.091,0.09,0.091,86817.17
1768485600,0.091,0.091,0.09,0.09,88619.48
1768486500,0.09,0.091,0.09,0.09,691528.04
1768487400,0.091,0.091,0.09,0.09,244470.26
1768488300,0.09,0.091,0.09,0.09,472961.1
1768489200,0.09,0.091,0.09,0.09,140051.96
1768490100,0.09,0.091,0.089,0.09,226561.84
1768491000,0.089,0.09,0.088,0.088,150502.56
1768491900,0.089,0.089,0.087,0.087,481981.24
1768492800,0.088,0.088,0.086,0.088,1025714.14
1768493700,0.088,0.089,0.088,0.089,483312.13
1768494600,0.088,0.089,0.087,0.088,503418.32
1768495500,0.088,0.089,0.087,0.088,208666.1
1768496400,0.087,0.089,0.087,0.089,169805.98
1768497300,0.089,0.089,0.088,0.088,36741.37
1768498200,0.088,0.089,0.088,0.089,78432.58
1768499100,0.089,0.089,0.088,0.089,196725.7
1768500000,0.088,0.089,0.087,0.087,202158.59
1768500900,0.088,0.088,0.087,0.088,448885.44
1768501800,0.087,0.088,0.087,0.087,88358.47
1768502700,0.088,0.088,0.087,0.087,40838.369999999995
1768503600,0.087,0.088,0.087,0.088,95048.69
1768504500,0.087,0.088,0.087,0.087,8788.67
1768505400,0.088,0.088,0.087,0.087,87084.23
1768506300,0.088,0.088,0.087,0.087,24309.66
1768507200,0.087,0.088,0.087,0.088,65948.61
1768508100,0.088,0.088,0.087,0.087,43873.25
1768509000,0.087,0.088,0.087,0.087,47778.82
1768509900,0.088,0.088,0.087,0.088,1461.92
1768510800,0.088,0.088,0.087,0.088,133467.87000000002
1768511700,0.088,0.088,0.087,0.088,9238.02
1768512600,0.088,0.088,0.087,0.087,280.8
1768513500,0.087,0.088,0.087,0.088,4473.76
1768514400,0.088,0.088,0.087,0.087,1317.05
1768515300,0.087,0.088,0.087,0.087,8594.04
1768516200,0.088,0.089,0.088,0.088,256562.15
1768517100,0.089,0.089,0.088,0.089,30628.7
1768518000,0.089,0.09,0.088,0.088,879978.3300000001
1768518900,0.088,0.089,0.088,0.089,14423.4
1768519800,0.089,0.089,0.087,0.087,975353.25
1768520700,0.088,0.088,0.087,0.087,63897.729999999996
1768521600,0.087,0.088,0.087,0.087,154905.47
1768522500,0.087,0.088,0.087,0.087,534.55
1768523400,0.087,0.088,0.086,0.087,71302.22
1768524300,0.086,0.087,0.086,0.086,24787.920000000002
1768525200,0.086,0.087,0.086,0.087,532798.02
1768526100,0.087,0.087,0.086,0.087,212788.56
1768527000,0.087,0.087,0.086,0.086,18596.06
1768527900,0.087,0.087,0.086,0.086,5648.92
1768528800,0.086,0.087,0.086,0.086,14380.54
1768529700,0.087,0.087,0.086,0.087,148108.51
1768530600,0.087,0.088,0.087,0.087,46187.81
1768531500,0.087,0.089,0.087,0.088,968782.55
1768532400,0.088,0.09,0.088,0.09,1621575.3499999999
1768533300,0.09,0.09,0.089,0.089,7718.7699999999995
1768534200,0.089,0.091,0.089,0.09,149756.97
1768535100,0.09,0.091,0.09,0.09,15708.24
1768536000,0.09,0.092,0.09,0.092,241407.41999999998
1768536900,0.091,0.092,0.091,0.092,72320.63
1768537800,0.092,0.092,0.091,0.091,58088.5
1768538700,0.091,0.092,0.09,0.09,166119.56
1768539600,0.09,0.091,0.09,0.091,35882.12
1768540500,0.091,0.091,0.09,0.09,11702.119999999999
1768541400,0.09,0.092,0.09,0.091,187669.94
1768542300,0.091,0.091,0.09,0.091,44951.09
1768543200,0.09,0.092,0.09,0.09,885776.02
1768544100,0.091,0.091,0.09,0.091,127827.43000000001
1768545000,0.091,0.092,0.09,0.091,242445.16
1768545900,0.091,0.093,0.091,0.091,818511.34
1768546800,0.091,0.093,0.091,0.092,197762.6
1768547700,0.092,0.093,0.091,0.091,130130.3
1768548600,0.092,0.092,0.091,0.091,95614.06
1768549500,0.091,0.092,0.09,0.09,1226103.6
1768550400,0.09,0.091,0.09,0.091,207360.53
1768551300,0.09,0.091,0.09,0.09,13018.53
1768552200,0.091,0.091,0.09,0.091,4030.13
1768553100,0.091,0.091,0.09,0.091,26625.28
1768554000,0.09,0.091,0.09,0.091,22828.93
1768554900,0.091,0.091,0.09,0.09,126562.37000000001
1768555800,0.09,0.093,0.09,0.091,2403452.95
1768556700,0.092,0.092,0.089,0.089,1174798.62
1768557600,0.089,0.09,0.089,0.09,38265.16
1768558500,0.09,0.09,0.089,0.089,306121.66000000003
1768559400,0.09,0.091,0.089,0.09,1044896.5499999999
1768560300,0.091,0.091,0.09,0.09,82950.93
1768561200,0.09,0.091,0.09,0.091,16809.11
1768562100,0.09,0.091,0.09,0.091,41922.73
1768563000,0.091,0.091,0.09,0.09,2601.37
1768563900,0.09,0.091,0.09,0.09,118744.67
1768564800,0.09,0.091,0.09,0.09,64923.93
1768565700,0.09,0.091,0.089,0.09,579280.88
1768566600,0.09,0.09,0.089,0.09,7361.64
1768567500,0.09,0.09,0.089,0.09,1721.73
1768568400,0.09,0.09,0.089,0.089,50742.33
1768569300,0.089,0.09,0.089,0.09,2854.28
1768570200,0.09,0.09,0.089,0.089,176617.02000000002
1768571100,0.089,0.09,0.089,0.09,391901.02999999997
1768572000,0.089,0.09,0.089,0.089,43093.03
1768572900,0.089,0.09,0.089,0.089,81533.1
1768573800,0.089,0.09,0.088,0.089,871565.5199999999
1768574700,0.089,0.09,0.089,0.09,15459.539999999999
1768575600,0.089,0.09,0.089,0.089,2656.88
1768576500,0.09,0.09,0.088,0.088,451702.45
1768577400,0.088,0.089,0.088,0.088,49081.19
1768578300,0.088,0.089,0.088,0.088,25551.52
1768579200,0.088,0.089,0.087,0.088,453900.44
1768580100,0.088,0.089,0.088,0.089,21883.87
1768581000,0.089,0.089,0.088,0.088,29532.43
1768581900,0.088,0.089,0.087,0.088,295583.23
1768582800,0.088,0.088,0.087,0.088,440309.24999999994
1768583700,0.088,0.088,0.086,0.087,402497.77999999997
1768584600,0.087,0.087,0.086,0.087,1221688.97
1768585500,0.087,0.087,0.086,0.087,1045370.3699999999
1768586400,0.087,0.088,0.086,0.088,99075.61
1768587300,0.088,0.088,0.087,0.087,3561.22
1768588200,0.087,0.088,0.087,0.087,23832.43
1768589100,0.087,0.087,0.087,0.087,11349.279999999999
1768590000,0.087,0.088,0.086,0.086,168942.46
1768590900,0.087,0.088,0.087,0.087,265051.85
1768591800,0.087,0.088,0.087,0.087,26997.68
1768592700,0.087,0.088,0.087,0.088,20199.22
1768593600,0.087,0.088,0.086,0.087,216827.42
1768594500,0.087,0.088,0.087,0.087,9355.96
1768595400,0.087,0.088,0.087,0.088,10175.16
1768596300,0.087,0.088,0.087,0.087,62072.86
1768597200,0.087,0.088,0.087,0.087,42381.299999999996
1768598100,0.087,0.088,0.087,0.087,2321.46
1768599000,0.087,0.088,0.087,0.087,3023.0
1768599900,0.088,0.088,0.087,0.088,9146.02
1768600800,0.088,0.088,0.087,0.088,10702.68
1768601700,0.088,0.088,0.088,0.088,0.0
1768603500,0.087,0.088,0.087,0.088,139018.28
1768604400,0.088,0.088,0.087,0.087,67359.33
1768605300,0.088,0.088,0.087,0.087,2994.3
1768606200,0.087,0.088,0.087,0.088,15602.04
1768607100,0.088,0.088,0.087,0.088,7832.2699999999995
1768608000,0.088,0.089,0.087,0.087,1047997.87
1768608900,0.087,0.087,0.086,0.087,953738.11
1768609800,0.087,0.088,0.086,0.088,685742.28
1768610700,0.088,0.088,0.086,0.087,293760.01
1768611600,0.086,0.087,0.086,0.087,161868.19
1768612500,0.087,0.088,0.086,0.088,357717.73
1768613400,0.088,0.088,0.087,0.088,18227.0
1768614300,0.088,0.088,0.087,0.088,355247.37
1768615200,0.088,0.088,0.087,0.088,26503.54
1768616100,0.088,0.088,0.087,0.088,15902.53
1768617000,0.088,0.09,0.087,0.088,609299.89
1768617900,0.088,0.089,0.087,0.087,850815.88
1768618800,0.087,0.088,0.087,0.088,13310.81
1768619700,0.088,0.088,0.087,0.087,113766.02
1768620600,0.087,0.088,0.086,0.088,957259.19
1768621500,0.088,0.088,0.087,0.087,61305.73
1768622400,0.088,0.088,0.086,0.086,385732.81
1768623300,0.086,0.087,0.086,0.087,275266.66000000003
1768624200,0.087,0.088,0.087,0.087,16298.88
1768625100,0.088,0.088,0.087,0.087,30952.84
1768626000,0.088,0.088,0.087,0.088,21420.29
1768626900,0.087,0.088,0.087,0.088,19078.84
1768627800,0.088,0.088,0.087,0.087,18681.06
1768628700,0.087,0.089,0.087,0.089,148412.53999999998
1768629600,0.089,0.089,0.088,0.088,95105.34000000001
1768630500,0.088,0.089,0.088,0.088,115040.47
1768631400,0.088,0.089,0.088,0.089,119148.09
1768632300,0.088,0.09,0.088,0.089,527249.25
1768633200,0.089,0.09,0.088,0.089,71478.3
1768634100,0.089,0.089,0.088,0.089,119045.1
1768635000,0.089,0.09,0.088,0.09,213483.39
1768635900,0.089,0.09,0.089,0.089,29724.61
1768636800,0.089,0.09,0.089,0.089,233364.52
1768637700,0.088,0.089,0.088,0.088,2952.13
1768638600,0.088,0.089,0.088,0.089,64045.95999999999
1768639500,0.089,0.089,0.088,0.088,11012.02
1768640400,0.088,0.089,0.088,0.089,3289.88
1768641300,0.089,0.089,0.088,0.088,59024.42999999999
1768642200,0.088,0.089,0.088,0.089,132854.99000000002
1768643100,0.089,0.089,0.088,0.089,695.5
1768644000,0.089,0.089,0.088,0.088,142710.77
1768644900,0.088,0.089,0.088,0.089,5125.32
1768645800,0.088,0.088,0.087,0.088,141027.07
1768646700,0.088,0.088,0.087,0.087,24329.96
1768647600,0.087,0.088,0.087,0.088,88783.17
1768648500,0.088,0.089,0.087,0.088,292056.09
1768649400,0.088,0.089,0.088,0.088,18700.15
1768650300,0.089,0.089,0.088,0.089,305450.58
1768651200,0.088,0.09,0.088,0.09,144106.01
1768652100,0.09,0.09,0.089,0.089,12598.25
1768653000,0.089,0.09,0.089,0.089,40668.01
1768653900,0.089,0.09,0.089,0.089,356966.5
1768654800,0.089,0.089,0.088,0.088,6206.37
1768655700,0.088,0.089,0.088,0.088,70802.82
1768656600,0.088,0.089,0.088,0.089,20237.12
1768657500,0.089,0.089,0.088,0.088,46778.38
1768658400,0.088,0.089,0.088,0.088,202977.28
1768659300,0.088,0.089,0.088,0.089,2803.7000000000003
1768660200,0.089,0.089,0.088,0.089,31435.28
1768661100,0.088,0.089,0.088,0.089,138960.07
1768662000,0.089,0.089,0.088,0.088,30370.06
1768662900,0.089,0.089,0.088,0.088,16973.879999999997
1768663800,0.088,0.089,0.088,0.088,42536.42
1768664700,0.088,0.089,0.088,0.088,72973.15
1768665600,0.088,0.089,0.088,0.089,475327.09
1768666500,0.089,0.089,0.088,0.088,118155.42
1768667400,0.089,0.089,0.088,0.088,55764.26
1768668300,0.089,0.089,0.088,0.088,39556.71
1768669200,0.088,0.089,0.088,0.089,114215.56999999999
1768670100,0.089,0.089,0.088,0.088,11827.76
1768671000,0.088,0.089,0.088,0.088,28532.59
1768671900,0.088,0.089,0.088,0.089,57654.630000000005
1768672800,0.088,0.089,0.087,0.088,513484.4
1768673700,0.088,0.088,0.087,0.087,38172.96
1768674600,0.087,0.088,0.087,0.088,7392.139999999999
1768675500,0.088,0.088,0.087,0.088,11246.43
1768676400,0.087,0.088,0.087,0.087,211312.82
1768677300,0.087,0.088,0.087,0.087,895.0500000000001
1768678200,0.088,0.088,0.087,0.088,117380.58
1768679100,0.088,0.088,0.087,0.088,35449.83
1768680000,0.088,0.089,0.088,0.089,547622.88
1768680900,0.089,0.089,0.088,0.088,45096.64
1768681800,0.088,0.089,0.088,0.088,71760.14
1768682700,0.088,0.089,0.088,0.089,30745.32
1768683600,0.089,0.089,0.088,0.089,3955.82
1768684500,0.088,0.089,0.088,0.088,5097.09
1768685400,0.089,0.089,0.088,0.088,103608.16
1768686300,0.088,0.089,0.088,0.089,60622.04
1768687200,0.089,0.089,0.088,0.088,33634.67
1768688100,0.088,0.088,0.087,0.088,19344.67
1768689000,0.088,0.088,0.087,0.087,14270.52
1768689900,0.088,0.088,0.087,0.088,30230.260000000002
1768690800,0.088,0.088,0.087,0.087,1565.92
1768691700,0.087,0.088,0.087,0.087,2485.75
1768692600,0.087,0.088,0.087,0.088,7193.0199999999995
1768693500,0.087,0.088,0.087,0.087,93614.18
1768694400,0.088,0.088,0.088,0.088,878.72
1768695300,0.088,0.088,0.087,0.087,33694.75
1768696200,0.087,0.088,0.087,0.088,51546.34
1768697100,0.087,0.088,0.087,0.088,882.9300000000001
1768698000,0.088,0.088,0.087,0.087,4925.19
1768698900,0.087,0.088,0.087,0.087,21087.11
1768699800,0.087,0.088,0.087,0.087,1735.25
1768700700,0.087,0.088,0.087,0.088,4723.56
1768701600,0.088,0.088,0.087,0.088,7908.599999999999
1768702500,0.088,0.088,0.087,0.088,8596.8
1768703400,0.088,0.088,0.086,0.087,532706.99
1768704300,0.086,0.087,0.086,0.087,137334.98
1768705200,0.087,0.087,0.086,0.087,168990.44
1768706100,0.087,0.087,0.086,0.086,15537.42
1768707000,0.086,0.087,0.086,0.087,12875.140000000001
1768707900,0.087,0.087,0.086,0.087,10931.529999999999
1768708800,0.086,0.087,0.086,0.087,120055.68000000001
1768709700,0.087,0.087,0.086,0.086,15484.42
1768710600,0.086,0.087,0.085,0.086,248280.07000000004
1768711500,0.085,0.086,0.085,0.086,326433.1
1768712400,0.086,0.087,0.086,0.086,32687.110000000004
1768713300,0.086,0.087,0.086,0.086,1811.13
1768714200,0.086,0.087,0.086,0.086,37391.840000000004
1768715100,0.086,0.087,0.086,0.087,6497.0
1768716000,0.086,0.087,0.086,0.087,5998.17
1768716900,0.086,0.087,0.086,0.087,30934.460000000003
1768717800,0.086,0.087,0.086,0.086,644.5999999999999
1768718700,0.087,0.087,0.086,0.086,129171.47
1768719600,0.087,0.087,0.086,0.086,30209.97
1768720500,0.086,0.087,0.086,0.086,5863.71
1768721400,0.086,0.087,0.086,0.086,7765.5
1768722300,0.087,0.087,0.086,0.086,9665.359999999999
1768723200,0.086,0.087,0.086,0.086,9271.42
1768724100,0.086,0.087,0.086,0.086,19121.78
1768725000,0.086,0.087,0.086,0.087,12653.109999999999
1768725900,0.086,0.087,0.086,0.086,208445.59000000003
1768726800,0.086,0.086,0.085,0.085,93125.88
1768727700,0.085,0.086,0.085,0.085,71796.70999999999
1768728600,0.085,0.086,0.085,0.085,20853.56
1768729500,0.085,0.086,0.085,0.085,111058.94
1768730400,0.085,0.086,0.084,0.085,207139.25
1768731300,0.086,0.086,0.085,0.086,405409.93000000005
1768732200,0.086,0.086,0.086,0.086,160324.0
1768733100,0.086,0.086,0.085,0.085,24630.16
1768734000,0.085,0.086,0.085,0.086,5041.17
1768734900,0.086,0.086,0.085,0.086,93724.78
1768735800,0.086,0.086,0.085,0.086,47472.86
1768736700,0.086,0.086,0.085,0.086,23750.81
1768737600,0.086,0.086,0.085,0.086,34465.81
1768738500,0.086,0.086,0.085,0.086,13023.359999999999
1768739400,0.086,0.086,0.085,0.086,12602.22
1768740300,0.086,0.087,0.085,0.086,487409.56
1768741200,0.085,0.086,0.085,0.085,29184.66
1768742100,0.085,0.086,0.085,0.085,78225.85
1768743000,0.085,0.086,0.085,0.085,37669.1
1768743900,0.086,0.086,0.085,0.085,53756.96
1768744800,0.085,0.086,0.085,0.085,25432.11
1768745700,0.085,0.086,0.085,0.085,50937.96
1768746600,0.086,0.086,0.086,0.086,272.59
